1 25 -12.5 50
2 25 -7.5 50
3 25 -7.5 0
4 25 -12.5 0
5 0 -7.5 50
6 0 -7.5 0
7 200 -7.5 50
8 175 -7.5 50
9 175 -7.5 0
10 200 -7.5 0
11 175 -12.5 50
12 175 -12.5 0
13 200 -12.5 50
14 200 -12.5 0
15 200 -110 50
16 200 -110 0
17 0 -110 50
18 0 -110 0
19 0 -12.5 50
20 0 -12.5 0
21 0 90 50
22 0 90 0
23 200 90 0
24 200 90 50
25 25 -7.5 46.1538467407
26 25 -7.5 42.3076934814
27 25 -7.5 38.4615402222
28 25 -7.5 34.6153831482
29 25 -7.5 30.7692298889
30 25 -7.5 26.9230766296
31 25 -7.5 23.0769233704
32 25 -7.5 19.2307701111
33 25 -7.5 15.3846149445
34 25 -7.5 11.5384616852
35 25 -7.5 7.69230747223
36 25 -7.5 3.84615373611
37 25 -12.5 3.84615373611
38 25 -12.5 7.69230747223
39 25 -12.5 11.5384616852
40 25 -12.5 15.3846149445
41 25 -12.5 19.2307701111
42 25 -12.5 23.0769233704
43 25 -12.5 26.9230766296
44 25 -12.5 30.7692298889
45 25 -12.5 34.6153831482
46 25 -12.5 38.4615402222
47 25 -12.5 42.3076934814
48 25 -12.5 46.1538467407
49 20.8333339691 -7.5 50
50 16.6666660309 -7.5 50
51 12.5 -7.5 50
52 8.33333301544 -7.5 50
53 4.16666650772 -7.5 50
54 0 -7.5 46.1538467407
55 0 -7.5 42.3076934814
56 0 -7.5 38.4615402222
57 0 -7.5 34.6153831482
58 0 -7.5 30.7692298889
59 0 -7.5 26.9230766296
60 0 -7.5 23.0769233704
61 0 -7.5 19.2307701111
62 0 -7.5 15.3846149445
63 0 -7.5 11.5384616852
64 0 -7.5 7.69230747223
65 0 -7.5 3.84615373611
66 4.16666650772 -7.5 0
67 8.33333301544 -7.5 0
68 12.5 -7.5 0
69 16.6666660309 -7.5 0
70 20.8333339691 -7.5 0
71 195.833328247 -7.5 50
72 191.666671753 -7.5 50
73 187.5 -7.5 50
74 183.333328247 -7.5 50
75 179.166671753 -7.5 50
76 175 -7.5 46.1538467407
77 175 -7.5 42.3076934814
78 175 -7.5 38.4615402222
79 175 -7.5 34.6153831482
80 175 -7.5 30.7692298889
81 175 -7.5 26.9230766296
82 175 -7.5 23.0769233704
83 175 -7.5 19.2307701111
84 175 -7.5 15.3846149445
85 175 -7.5 11.5384616852
86 175 -7.5 7.69230747223
87 175 -7.5 3.84615373611
88 179.166671753 -7.5 0
89 183.333328247 -7.5 0
90 187.5 -7.5 0
91 191.666671753 -7.5 0
92 195.833328247 -7.5 0
93 200 -7.5 3.84615373611
94 200 -7.5 7.69230747223
95 200 -7.5 11.5384616852
96 200 -7.5 15.3846149445
97 200 -7.5 19.2307701111
98 200 -7.5 23.0769233704
99 200 -7.5 26.9230766296
100 200 -7.5 30.7692298889
101 200 -7.5 34.6153831482
102 200 -7.5 38.4615402222
103 200 -7.5 42.3076934814
104 200 -7.5 46.1538467407
105 175 -12.5 46.1538467407
106 175 -12.5 42.3076934814
107 175 -12.5 38.4615402222
108 175 -12.5 34.6153831482
109 175 -12.5 30.7692298889
110 175 -12.5 26.9230766296
111 175 -12.5 23.0769233704
112 175 -12.5 19.2307701111
113 175 -12.5 15.3846149445
114 175 -12.5 11.5384616852
115 175 -12.5 7.69230747223
116 175 -12.5 3.84615373611
117 179.166671753 -12.5 50
118 183.333328247 -12.5 50
119 187.5 -12.5 50
120 191.666671753 -12.5 50
121 195.833328247 -12.5 50
122 200 -12.5 46.1538467407
123 200 -12.5 42.3076934814
124 200 -12.5 38.4615402222
125 200 -12.5 34.6153831482
126 200 -12.5 30.7692298889
127 200 -12.5 26.9230766296
128 200 -12.5 23.0769233704
129 200 -12.5 19.2307701111
130 200 -12.5 15.3846149445
131 200 -12.5 11.5384616852
132 200 -12.5 7.69230747223
133 200 -12.5 3.84615373611
134 195.833328247 -12.5 0
135 191.666671753 -12.5 0
136 187.5 -12.5 0
137 183.333328247 -12.5 0
138 179.166671753 -12.5 0
139 200 -24.6875 50
140 200 -36.875 50
141 200 -49.0625 50
142 200 -61.25 50
143 200 -73.4375 50
144 200 -85.625 50
145 200 -97.8125 50
146 200 -110 46.1538467407
147 200 -110 42.3076934814
148 200 -110 38.4615402222
149 200 -110 34.6153831482
150 200 -110 30.7692298889
151 200 -110 26.9230766296
152 200 -110 23.0769233704
153 200 -110 19.2307701111
154 200 -110 15.3846149445
155 200 -110 11.5384616852
156 200 -110 7.69230747223
157 200 -110 3.84615373611
158 200 -97.8125 0
159 200 -85.625 0
160 200 -73.4375 0
161 200 -61.25 0
162 200 -49.0625 0
163 200 -36.875 0
164 200 -24.6875 0
165 188.235290527 -110 50
166 176.470581055 -110 50
167 164.705886841 -110 50
168 152.941177368 -110 50
169 141.176467896 -110 50
170 129.411758423 -110 50
171 117.64705658 -110 50
172 105.882354736 -110 50
173 94.1176452637 -110 50
174 82.3529434204 -110 50
175 70.5882339478 -110 50
176 58.8235282898 -110 50
177 47.0588226318 -110 50
178 35.2941169739 -110 50
179 23.5294113159 -110 50
180 11.764705658 -110 50
181 0 -110 46.1538467407
182 0 -110 42.3076934814
183 0 -110 38.4615402222
184 0 -110 34.6153831482
185 0 -110 30.7692298889
186 0 -110 26.9230766296
187 0 -110 23.0769233704
188 0 -110 19.2307701111
189 0 -110 15.3846149445
190 0 -110 11.5384616852
191 0 -110 7.69230747223
192 0 -110 3.84615373611
193 11.764705658 -110 0
194 23.5294113159 -110 0
195 35.2941169739 -110 0
196 47.0588226318 -110 0
197 58.8235282898 -110 0
198 70.5882339478 -110 0
199 82.3529434204 -110 0
200 94.1176452637 -110 0
201 105.882354736 -110 0
202 117.64705658 -110 0
203 129.411758423 -110 0
204 141.176467896 -110 0
205 152.941177368 -110 0
206 164.705886841 -110 0
207 176.470581055 -110 0
208 188.235290527 -110 0
209 0 -97.8125 50
210 0 -85.625 50
211 0 -73.4375 50
212 0 -61.25 50
213 0 -49.0625 50
214 0 -36.875 50
215 0 -24.6875 50
216 0 -12.5 46.1538467407
217 0 -12.5 42.3076934814
218 0 -12.5 38.4615402222
219 0 -12.5 34.6153831482
220 0 -12.5 30.7692298889
221 0 -12.5 26.9230766296
222 0 -12.5 23.0769233704
223 0 -12.5 19.2307701111
224 0 -12.5 15.3846149445
225 0 -12.5 11.5384616852
226 0 -12.5 7.69230747223
227 0 -12.5 3.84615373611
228 0 -24.6875 0
229 0 -36.875 0
230 0 -49.0625 0
231 0 -61.25 0
232 0 -73.4375 0
233 0 -85.625 0
234 0 -97.8125 0
235 4.16666650772 -12.5 50
236 8.33333301544 -12.5 50
237 12.5 -12.5 50
238 16.6666660309 -12.5 50
239 20.8333339691 -12.5 50
240 20.8333339691 -12.5 0
241 16.6666660309 -12.5 0
242 12.5 -12.5 0
243 8.33333301544 -12.5 0
244 4.16666650772 -12.5 0
245 0 4.6875 50
246 0 16.875 50
247 0 29.0625 50
248 0 41.25 50
249 0 53.4375 50
250 0 65.625 50
251 0 77.8125 50
252 0 90 46.1538467407
253 0 90 42.3076934814
254 0 90 38.4615402222
255 0 90 34.6153831482
256 0 90 30.7692298889
257 0 90 26.9230766296
258 0 90 23.0769233704
259 0 90 19.2307701111
260 0 90 15.3846149445
261 0 90 11.5384616852
262 0 90 7.69230747223
263 0 90 3.84615373611
264 0 77.8125 0
265 0 65.625 0
266 0 53.4375 0
267 0 41.25 0
268 0 29.0625 0
269 0 16.875 0
270 0 4.6875 0
271 11.764705658 90 0
272 23.5294113159 90 0
273 35.2941169739 90 0
274 47.0588226318 90 0
275 58.8235282898 90 0
276 70.5882339478 90 0
277 82.3529434204 90 0
278 94.1176452637 90 0
279 105.882354736 90 0
280 117.64705658 90 0
281 129.411758423 90 0
282 141.176467896 90 0
283 152.941177368 90 0
284 164.705886841 90 0
285 176.470581055 90 0
286 188.235290527 90 0
287 200 77.8125 0
288 200 65.625 0
289 200 53.4375 0
290 200 41.25 0
291 200 29.0625 0
292 200 16.875 0
293 200 4.6875 0
294 200 77.8125 50
295 200 65.625 50
296 200 53.4375 50
297 200 41.25 50
298 200 29.0625 50
299 200 16.875 50
300 200 4.6875 50
301 200 90 3.84615373611
302 200 90 7.69230747223
303 200 90 11.5384616852
304 200 90 15.3846149445
305 200 90 19.2307701111
306 200 90 23.0769233704
307 200 90 26.9230766296
308 200 90 30.7692298889
309 200 90 34.6153831482
310 200 90 38.4615402222
311 200 90 42.3076934814
312 200 90 46.1538467407
313 188.235290527 90 50
314 176.470581055 90 50
315 164.705886841 90 50
316 152.941177368 90 50
317 141.176467896 90 50
318 129.411758423 90 50
319 117.64705658 90 50
320 105.882354736 90 50
321 94.1176452637 90 50
322 82.3529434204 90 50
323 70.5882339478 90 50
324 58.8235282898 90 50
325 47.0588226318 90 50
326 35.2941169739 90 50
327 23.5294113159 90 50
328 11.764705658 90 50
329 20.8333339691 -7.5 46.1538467407
330 16.6666660309 -7.5 46.1538467407
331 12.5 -7.5 46.1538467407
332 8.33333301544 -7.5 46.1538467407
333 4.16666650772 -7.5 46.1538467407
334 20.8333339691 -7.5 42.3076934814
335 16.6666660309 -7.5 42.3076934814
336 12.5 -7.5 42.3076934814
337 8.33333301544 -7.5 42.3076934814
338 4.16666650772 -7.5 42.3076934814
339 20.8333339691 -7.5 38.4615402222
340 16.6666660309 -7.5 38.4615402222
341 12.5 -7.5 38.4615402222
342 8.33333301544 -7.5 38.4615402222
343 4.16666650772 -7.5 38.4615402222
344 20.8333339691 -7.5 34.6153831482
345 16.6666660309 -7.5 34.6153831482
346 12.5 -7.5 34.6153831482
347 8.33333301544 -7.5 34.6153831482
348 4.16666650772 -7.5 34.6153831482
349 20.8333339691 -7.5 30.7692298889
350 16.6666660309 -7.5 30.7692298889
351 12.5 -7.5 30.7692298889
352 8.33333301544 -7.5 30.7692298889
353 4.16666650772 -7.5 30.7692298889
354 20.8333339691 -7.5 26.9230766296
355 16.6666660309 -7.5 26.9230766296
356 12.5 -7.5 26.9230766296
357 8.33333301544 -7.5 26.9230766296
358 4.16666650772 -7.5 26.9230766296
359 20.8333339691 -7.5 23.0769233704
360 16.6666660309 -7.5 23.0769233704
361 12.5 -7.5 23.0769233704
362 8.33333301544 -7.5 23.0769233704
363 4.16666650772 -7.5 23.0769233704
364 20.8333339691 -7.5 19.2307701111
365 16.6666660309 -7.5 19.2307701111
366 12.5 -7.5 19.2307701111
367 8.33333301544 -7.5 19.2307701111
368 4.16666650772 -7.5 19.2307701111
369 20.8333339691 -7.5 15.3846149445
370 16.6666660309 -7.5 15.3846149445
371 12.5 -7.5 15.3846149445
372 8.33333301544 -7.5 15.3846149445
373 4.16666650772 -7.5 15.3846149445
374 20.8333339691 -7.5 11.5384616852
375 16.6666660309 -7.5 11.5384616852
376 12.5 -7.5 11.5384616852
377 8.33333301544 -7.5 11.5384616852
378 4.16666650772 -7.5 11.5384616852
379 20.8333339691 -7.5 7.69230747223
380 16.6666660309 -7.5 7.69230747223
381 12.5 -7.5 7.69230747223
382 8.33333301544 -7.5 7.69230747223
383 4.16666650772 -7.5 7.69230747223
384 20.8333339691 -7.5 3.84615373611
385 16.6666660309 -7.5 3.84615373611
386 12.5 -7.5 3.84615373611
387 8.33333301544 -7.5 3.84615373611
388 4.16666650772 -7.5 3.84615373611
389 195.833328247 -7.5 46.1538467407
390 191.666671753 -7.5 46.1538467407
391 187.5 -7.5 46.1538467407
392 183.333328247 -7.5 46.1538467407
393 179.166671753 -7.5 46.1538467407
394 195.833328247 -7.5 42.3076934814
395 191.666671753 -7.5 42.3076934814
396 187.5 -7.5 42.3076934814
397 183.333328247 -7.5 42.3076934814
398 179.166671753 -7.5 42.3076934814
399 195.833328247 -7.5 38.4615402222
400 191.666671753 -7.5 38.4615402222
401 187.5 -7.5 38.4615402222
402 183.333328247 -7.5 38.4615402222
403 179.166671753 -7.5 38.4615402222
404 195.833328247 -7.5 34.6153831482
405 191.666671753 -7.5 34.6153831482
406 187.5 -7.5 34.6153831482
407 183.333328247 -7.5 34.6153831482
408 179.166671753 -7.5 34.6153831482
409 195.833328247 -7.5 30.7692298889
410 191.666671753 -7.5 30.7692298889
411 187.5 -7.5 30.7692298889
412 183.333328247 -7.5 30.7692298889
413 179.166671753 -7.5 30.7692298889
414 195.833328247 -7.5 26.9230766296
415 191.666671753 -7.5 26.9230766296
416 187.5 -7.5 26.9230766296
417 183.333328247 -7.5 26.9230766296
418 179.166671753 -7.5 26.9230766296
419 195.833328247 -7.5 23.0769233704
420 191.666671753 -7.5 23.0769233704
421 187.5 -7.5 23.0769233704
422 183.333328247 -7.5 23.0769233704
423 179.166671753 -7.5 23.0769233704
424 195.833328247 -7.5 19.2307701111
425 191.666671753 -7.5 19.2307701111
426 187.5 -7.5 19.2307701111
427 183.333328247 -7.5 19.2307701111
428 179.166671753 -7.5 19.2307701111
429 195.833328247 -7.5 15.3846149445
430 191.666671753 -7.5 15.3846149445
431 187.5 -7.5 15.3846149445
432 183.333328247 -7.5 15.3846149445
433 179.166671753 -7.5 15.3846149445
434 195.833328247 -7.5 11.5384616852
435 191.666671753 -7.5 11.5384616852
436 187.5 -7.5 11.5384616852
437 183.333328247 -7.5 11.5384616852
438 179.166671753 -7.5 11.5384616852
439 195.833328247 -7.5 7.69230747223
440 191.666671753 -7.5 7.69230747223
441 187.5 -7.5 7.69230747223
442 183.333328247 -7.5 7.69230747223
443 179.166671753 -7.5 7.69230747223
444 195.833328247 -7.5 3.84615373611
445 191.666671753 -7.5 3.84615373611
446 187.5 -7.5 3.84615373611
447 183.333328247 -7.5 3.84615373611
448 179.166671753 -7.5 3.84615373611
449 179.166671753 -12.5 46.1538467407
450 183.333328247 -12.5 46.1538467407
451 187.5 -12.5 46.1538467407
452 191.666671753 -12.5 46.1538467407
453 195.833328247 -12.5 46.1538467407
454 179.166671753 -12.5 42.3076934814
455 183.333328247 -12.5 42.3076934814
456 187.5 -12.5 42.3076934814
457 191.666671753 -12.5 42.3076934814
458 195.833328247 -12.5 42.3076934814
459 179.166671753 -12.5 38.4615402222
460 183.333328247 -12.5 38.4615402222
461 187.5 -12.5 38.4615402222
462 191.666671753 -12.5 38.4615402222
463 195.833328247 -12.5 38.4615402222
464 179.166671753 -12.5 34.6153831482
465 183.333328247 -12.5 34.6153831482
466 187.5 -12.5 34.6153831482
467 191.666671753 -12.5 34.6153831482
468 195.833328247 -12.5 34.6153831482
469 179.166671753 -12.5 30.7692298889
470 183.333328247 -12.5 30.7692298889
471 187.5 -12.5 30.7692298889
472 191.666671753 -12.5 30.7692298889
473 195.833328247 -12.5 30.7692298889
474 179.166671753 -12.5 26.9230766296
475 183.333328247 -12.5 26.9230766296
476 187.5 -12.5 26.9230766296
477 191.666671753 -12.5 26.9230766296
478 195.833328247 -12.5 26.9230766296
479 179.166671753 -12.5 23.0769233704
480 183.333328247 -12.5 23.0769233704
481 187.5 -12.5 23.0769233704
482 191.666671753 -12.5 23.0769233704
483 195.833328247 -12.5 23.0769233704
484 179.166671753 -12.5 19.2307701111
485 183.333328247 -12.5 19.2307701111
486 187.5 -12.5 19.2307701111
487 191.666671753 -12.5 19.2307701111
488 195.833328247 -12.5 19.2307701111
489 179.166671753 -12.5 15.3846149445
490 183.333328247 -12.5 15.3846149445
491 187.5 -12.5 15.3846149445
492 191.666671753 -12.5 15.3846149445
493 195.833328247 -12.5 15.3846149445
494 179.166671753 -12.5 11.5384616852
495 183.333328247 -12.5 11.5384616852
496 187.5 -12.5 11.5384616852
497 191.666671753 -12.5 11.5384616852
498 195.833328247 -12.5 11.5384616852
499 179.166671753 -12.5 7.69230747223
500 183.333328247 -12.5 7.69230747223
501 187.5 -12.5 7.69230747223
502 191.666671753 -12.5 7.69230747223
503 195.833328247 -12.5 7.69230747223
504 179.166671753 -12.5 3.84615373611
505 183.333328247 -12.5 3.84615373611
506 187.5 -12.5 3.84615373611
507 191.666671753 -12.5 3.84615373611
508 195.833328247 -12.5 3.84615373611
509 200 -24.6875 46.1538467407
510 200 -36.875 46.1538467407
511 200 -49.0625 46.1538467407
512 200 -61.25 46.1538467407
513 200 -73.4375 46.1538467407
514 200 -85.625 46.1538467407
515 200 -97.8125 46.1538467407
516 200 -24.6875 42.3076934814
517 200 -36.875 42.3076934814
518 200 -49.0625 42.3076934814
519 200 -61.25 42.3076934814
520 200 -73.4375 42.3076934814
521 200 -85.625 42.3076934814
522 200 -97.8125 42.3076934814
523 200 -24.6875 38.4615402222
524 200 -36.875 38.4615402222
525 200 -49.0625 38.4615402222
526 200 -61.25 38.4615402222
527 200 -73.4375 38.4615402222
528 200 -85.625 38.4615402222
529 200 -97.8125 38.4615402222
530 200 -24.6875 34.6153831482
531 200 -36.875 34.6153831482
532 200 -49.0625 34.6153831482
533 200 -61.25 34.6153831482
534 200 -73.4375 34.6153831482
535 200 -85.625 34.6153831482
536 200 -97.8125 34.6153831482
537 200 -24.6875 30.7692298889
538 200 -36.875 30.7692298889
539 200 -49.0625 30.7692298889
540 200 -61.25 30.7692298889
541 200 -73.4375 30.7692298889
542 200 -85.625 30.7692298889
543 200 -97.8125 30.7692298889
544 200 -24.6875 26.9230766296
545 200 -36.875 26.9230766296
546 200 -49.0625 26.9230766296
547 200 -61.25 26.9230766296
548 200 -73.4375 26.9230766296
549 200 -85.625 26.9230766296
550 200 -97.8125 26.9230766296
551 200 -24.6875 23.0769233704
552 200 -36.875 23.0769233704
553 200 -49.0625 23.0769233704
554 200 -61.25 23.0769233704
555 200 -73.4375 23.0769233704
556 200 -85.625 23.0769233704
557 200 -97.8125 23.0769233704
558 200 -24.6875 19.2307701111
559 200 -36.875 19.2307701111
560 200 -49.0625 19.2307701111
561 200 -61.25 19.2307701111
562 200 -73.4375 19.2307701111
563 200 -85.625 19.2307701111
564 200 -97.8125 19.2307701111
565 200 -24.6875 15.3846149445
566 200 -36.875 15.3846149445
567 200 -49.0625 15.3846149445
568 200 -61.25 15.3846149445
569 200 -73.4375 15.3846149445
570 200 -85.625 15.3846149445
571 200 -97.8125 15.3846149445
572 200 -24.6875 11.5384616852
573 200 -36.875 11.5384616852
574 200 -49.0625 11.5384616852
575 200 -61.25 11.5384616852
576 200 -73.4375 11.5384616852
577 200 -85.625 11.5384616852
578 200 -97.8125 11.5384616852
579 200 -24.6875 7.69230747223
580 200 -36.875 7.69230747223
581 200 -49.0625 7.69230747223
582 200 -61.25 7.69230747223
583 200 -73.4375 7.69230747223
584 200 -85.625 7.69230747223
585 200 -97.8125 7.69230747223
586 200 -24.6875 3.84615373611
587 200 -36.875 3.84615373611
588 200 -49.0625 3.84615373611
589 200 -61.25 3.84615373611
590 200 -73.4375 3.84615373611
591 200 -85.625 3.84615373611
592 200 -97.8125 3.84615373611
593 188.235290527 -110 46.1538467407
594 176.470581055 -110 46.1538467407
595 164.705886841 -110 46.1538467407
596 152.941177368 -110 46.1538467407
597 141.176467896 -110 46.1538467407
598 129.411758423 -110 46.1538467407
599 117.64705658 -110 46.1538467407
600 105.882354736 -110 46.1538467407
601 94.1176452637 -110 46.1538467407
602 82.3529434204 -110 46.1538467407
603 70.5882339478 -110 46.1538467407
604 58.8235282898 -110 46.1538467407
605 47.0588226318 -110 46.1538467407
606 35.2941169739 -110 46.1538467407
607 23.5294113159 -110 46.1538467407
608 11.764705658 -110 46.1538467407
609 188.235290527 -110 42.3076934814
610 176.470581055 -110 42.3076934814
611 164.705886841 -110 42.3076934814
612 152.941177368 -110 42.3076934814
613 141.176467896 -110 42.3076934814
614 129.411758423 -110 42.3076934814
615 117.64705658 -110 42.3076934814
616 105.882354736 -110 42.3076934814
617 94.1176452637 -110 42.3076934814
618 82.3529434204 -110 42.3076934814
619 70.5882339478 -110 42.3076934814
620 58.8235282898 -110 42.3076934814
621 47.0588226318 -110 42.3076934814
622 35.2941169739 -110 42.3076934814
623 23.5294113159 -110 42.3076934814
624 11.764705658 -110 42.3076934814
625 188.235290527 -110 38.4615402222
626 176.470581055 -110 38.4615402222
627 164.705886841 -110 38.4615402222
628 152.941177368 -110 38.4615402222
629 141.176467896 -110 38.4615402222
630 129.411758423 -110 38.4615402222
631 117.64705658 -110 38.4615402222
632 105.882354736 -110 38.4615402222
633 94.1176452637 -110 38.4615402222
634 82.3529434204 -110 38.4615402222
635 70.5882339478 -110 38.4615402222
636 58.8235282898 -110 38.4615402222
637 47.0588226318 -110 38.4615402222
638 35.2941169739 -110 38.4615402222
639 23.5294113159 -110 38.4615402222
640 11.764705658 -110 38.4615402222
641 188.235290527 -110 34.6153831482
642 176.470581055 -110 34.6153831482
643 164.705886841 -110 34.6153831482
644 152.941177368 -110 34.6153831482
645 141.176467896 -110 34.6153831482
646 129.411758423 -110 34.6153831482
647 117.64705658 -110 34.6153831482
648 105.882354736 -110 34.6153831482
649 94.1176452637 -110 34.6153831482
650 82.3529434204 -110 34.6153831482
651 70.5882339478 -110 34.6153831482
652 58.8235282898 -110 34.6153831482
653 47.0588226318 -110 34.6153831482
654 35.2941169739 -110 34.6153831482
655 23.5294113159 -110 34.6153831482
656 11.764705658 -110 34.6153831482
657 188.235290527 -110 30.7692298889
658 176.470581055 -110 30.7692298889
659 164.705886841 -110 30.7692298889
660 152.941177368 -110 30.7692298889
661 141.176467896 -110 30.7692298889
662 129.411758423 -110 30.7692298889
663 117.64705658 -110 30.7692298889
664 105.882354736 -110 30.7692298889
665 94.1176452637 -110 30.7692298889
666 82.3529434204 -110 30.7692298889
667 70.5882339478 -110 30.7692298889
668 58.8235282898 -110 30.7692298889
669 47.0588226318 -110 30.7692298889
670 35.2941169739 -110 30.7692298889
671 23.5294113159 -110 30.7692298889
672 11.764705658 -110 30.7692298889
673 188.235290527 -110 26.9230766296
674 176.470581055 -110 26.9230766296
675 164.705886841 -110 26.9230766296
676 152.941177368 -110 26.9230766296
677 141.176467896 -110 26.9230766296
678 129.411758423 -110 26.9230766296
679 117.64705658 -110 26.9230766296
680 105.882354736 -110 26.9230766296
681 94.1176452637 -110 26.9230766296
682 82.3529434204 -110 26.9230766296
683 70.5882339478 -110 26.9230766296
684 58.8235282898 -110 26.9230766296
685 47.0588226318 -110 26.9230766296
686 35.2941169739 -110 26.9230766296
687 23.5294113159 -110 26.9230766296
688 11.764705658 -110 26.9230766296
689 188.235290527 -110 23.0769233704
690 176.470581055 -110 23.0769233704
691 164.705886841 -110 23.0769233704
692 152.941177368 -110 23.0769233704
693 141.176467896 -110 23.0769233704
694 129.411758423 -110 23.0769233704
695 117.64705658 -110 23.0769233704
696 105.882354736 -110 23.0769233704
697 94.1176452637 -110 23.0769233704
698 82.3529434204 -110 23.0769233704
699 70.5882339478 -110 23.0769233704
700 58.8235282898 -110 23.0769233704
701 47.0588226318 -110 23.0769233704
702 35.2941169739 -110 23.0769233704
703 23.5294113159 -110 23.0769233704
704 11.764705658 -110 23.0769233704
705 188.235290527 -110 19.2307701111
706 176.470581055 -110 19.2307701111
707 164.705886841 -110 19.2307701111
708 152.941177368 -110 19.2307701111
709 141.176467896 -110 19.2307701111
710 129.411758423 -110 19.2307701111
711 117.64705658 -110 19.2307701111
712 105.882354736 -110 19.2307701111
713 94.1176452637 -110 19.2307701111
714 82.3529434204 -110 19.2307701111
715 70.5882339478 -110 19.2307701111
716 58.8235282898 -110 19.2307701111
717 47.0588226318 -110 19.2307701111
718 35.2941169739 -110 19.2307701111
719 23.5294113159 -110 19.2307701111
720 11.764705658 -110 19.2307701111
721 188.235290527 -110 15.3846149445
722 176.470581055 -110 15.3846149445
723 164.705886841 -110 15.3846149445
724 152.941177368 -110 15.3846149445
725 141.176467896 -110 15.3846149445
726 129.411758423 -110 15.3846149445
727 117.64705658 -110 15.3846149445
728 105.882354736 -110 15.3846149445
729 94.1176452637 -110 15.3846149445
730 82.3529434204 -110 15.3846149445
731 70.5882339478 -110 15.3846149445
732 58.8235282898 -110 15.3846149445
733 47.0588226318 -110 15.3846149445
734 35.2941169739 -110 15.3846149445
735 23.5294113159 -110 15.3846149445
736 11.764705658 -110 15.3846149445
737 188.235290527 -110 11.5384616852
738 176.470581055 -110 11.5384616852
739 164.705886841 -110 11.5384616852
740 152.941177368 -110 11.5384616852
741 141.176467896 -110 11.5384616852
742 129.411758423 -110 11.5384616852
743 117.64705658 -110 11.5384616852
744 105.882354736 -110 11.5384616852
745 94.1176452637 -110 11.5384616852
746 82.3529434204 -110 11.5384616852
747 70.5882339478 -110 11.5384616852
748 58.8235282898 -110 11.5384616852
749 47.0588226318 -110 11.5384616852
750 35.2941169739 -110 11.5384616852
751 23.5294113159 -110 11.5384616852
752 11.764705658 -110 11.5384616852
753 188.235290527 -110 7.69230747223
754 176.470581055 -110 7.69230747223
755 164.705886841 -110 7.69230747223
756 152.941177368 -110 7.69230747223
757 141.176467896 -110 7.69230747223
758 129.411758423 -110 7.69230747223
759 117.64705658 -110 7.69230747223
760 105.882354736 -110 7.69230747223
761 94.1176452637 -110 7.69230747223
762 82.3529434204 -110 7.69230747223
763 70.5882339478 -110 7.69230747223
764 58.8235282898 -110 7.69230747223
765 47.0588226318 -110 7.69230747223
766 35.2941169739 -110 7.69230747223
767 23.5294113159 -110 7.69230747223
768 11.764705658 -110 7.69230747223
769 188.235290527 -110 3.84615373611
770 176.470581055 -110 3.84615373611
771 164.705886841 -110 3.84615373611
772 152.941177368 -110 3.84615373611
773 141.176467896 -110 3.84615373611
774 129.411758423 -110 3.84615373611
775 117.64705658 -110 3.84615373611
776 105.882354736 -110 3.84615373611
777 94.1176452637 -110 3.84615373611
778 82.3529434204 -110 3.84615373611
779 70.5882339478 -110 3.84615373611
780 58.8235282898 -110 3.84615373611
781 47.0588226318 -110 3.84615373611
782 35.2941169739 -110 3.84615373611
783 23.5294113159 -110 3.84615373611
784 11.764705658 -110 3.84615373611
785 0 -97.8125 46.1538467407
786 0 -85.625 46.1538467407
787 0 -73.4375 46.1538467407
788 0 -61.25 46.1538467407
789 0 -49.0625 46.1538467407
790 0 -36.875 46.1538467407
791 0 -24.6875 46.1538467407
792 0 -97.8125 42.3076934814
793 0 -85.625 42.3076934814
794 0 -73.4375 42.3076934814
795 0 -61.25 42.3076934814
796 0 -49.0625 42.3076934814
797 0 -36.875 42.3076934814
798 0 -24.6875 42.3076934814
799 0 -97.8125 38.4615402222
800 0 -85.625 38.4615402222
801 0 -73.4375 38.4615402222
802 0 -61.25 38.4615402222
803 0 -49.0625 38.4615402222
804 0 -36.875 38.4615402222
805 0 -24.6875 38.4615402222
806 0 -97.8125 34.6153831482
807 0 -85.625 34.6153831482
808 0 -73.4375 34.6153831482
809 0 -61.25 34.6153831482
810 0 -49.0625 34.6153831482
811 0 -36.875 34.6153831482
812 0 -24.6875 34.6153831482
813 0 -97.8125 30.7692298889
814 0 -85.625 30.7692298889
815 0 -73.4375 30.7692298889
816 0 -61.25 30.7692298889
817 0 -49.0625 30.7692298889
818 0 -36.875 30.7692298889
819 0 -24.6875 30.7692298889
820 0 -97.8125 26.9230766296
821 0 -85.625 26.9230766296
822 0 -73.4375 26.9230766296
823 0 -61.25 26.9230766296
824 0 -49.0625 26.9230766296
825 0 -36.875 26.9230766296
826 0 -24.6875 26.9230766296
827 0 -97.8125 23.0769233704
828 0 -85.625 23.0769233704
829 0 -73.4375 23.0769233704
830 0 -61.25 23.0769233704
831 0 -49.0625 23.0769233704
832 0 -36.875 23.0769233704
833 0 -24.6875 23.0769233704
834 0 -97.8125 19.2307701111
835 0 -85.625 19.2307701111
836 0 -73.4375 19.2307701111
837 0 -61.25 19.2307701111
838 0 -49.0625 19.2307701111
839 0 -36.875 19.2307701111
840 0 -24.6875 19.2307701111
841 0 -97.8125 15.3846149445
842 0 -85.625 15.3846149445
843 0 -73.4375 15.3846149445
844 0 -61.25 15.3846149445
845 0 -49.0625 15.3846149445
846 0 -36.875 15.3846149445
847 0 -24.6875 15.3846149445
848 0 -97.8125 11.5384616852
849 0 -85.625 11.5384616852
850 0 -73.4375 11.5384616852
851 0 -61.25 11.5384616852
852 0 -49.0625 11.5384616852
853 0 -36.875 11.5384616852
854 0 -24.6875 11.5384616852
855 0 -97.8125 7.69230747223
856 0 -85.625 7.69230747223
857 0 -73.4375 7.69230747223
858 0 -61.25 7.69230747223
859 0 -49.0625 7.69230747223
860 0 -36.875 7.69230747223
861 0 -24.6875 7.69230747223
862 0 -97.8125 3.84615373611
863 0 -85.625 3.84615373611
864 0 -73.4375 3.84615373611
865 0 -61.25 3.84615373611
866 0 -49.0625 3.84615373611
867 0 -36.875 3.84615373611
868 0 -24.6875 3.84615373611
869 4.16666650772 -12.5 46.1538467407
870 8.33333301544 -12.5 46.1538467407
871 12.5 -12.5 46.1538467407
872 16.6666660309 -12.5 46.1538467407
873 20.8333339691 -12.5 46.1538467407
874 4.16666650772 -12.5 42.3076934814
875 8.33333301544 -12.5 42.3076934814
876 12.5 -12.5 42.3076934814
877 16.6666660309 -12.5 42.3076934814
878 20.8333339691 -12.5 42.3076934814
879 4.16666650772 -12.5 38.4615402222
880 8.33333301544 -12.5 38.4615402222
881 12.5 -12.5 38.4615402222
882 16.6666660309 -12.5 38.4615402222
883 20.8333339691 -12.5 38.4615402222
884 4.16666650772 -12.5 34.6153831482
885 8.33333301544 -12.5 34.6153831482
886 12.5 -12.5 34.6153831482
887 16.6666660309 -12.5 34.6153831482
888 20.8333339691 -12.5 34.6153831482
889 4.16666650772 -12.5 30.7692298889
890 8.33333301544 -12.5 30.7692298889
891 12.5 -12.5 30.7692298889
892 16.6666660309 -12.5 30.7692298889
893 20.8333339691 -12.5 30.7692298889
894 4.16666650772 -12.5 26.9230766296
895 8.33333301544 -12.5 26.9230766296
896 12.5 -12.5 26.9230766296
897 16.6666660309 -12.5 26.9230766296
898 20.8333339691 -12.5 26.9230766296
899 4.16666650772 -12.5 23.0769233704
900 8.33333301544 -12.5 23.0769233704
901 12.5 -12.5 23.0769233704
902 16.6666660309 -12.5 23.0769233704
903 20.8333339691 -12.5 23.0769233704
904 4.16666650772 -12.5 19.2307701111
905 8.33333301544 -12.5 19.2307701111
906 12.5 -12.5 19.2307701111
907 16.6666660309 -12.5 19.2307701111
908 20.8333339691 -12.5 19.2307701111
909 4.16666650772 -12.5 15.3846149445
910 8.33333301544 -12.5 15.3846149445
911 12.5 -12.5 15.3846149445
912 16.6666660309 -12.5 15.3846149445
913 20.8333339691 -12.5 15.3846149445
914 4.16666650772 -12.5 11.5384616852
915 8.33333301544 -12.5 11.5384616852
916 12.5 -12.5 11.5384616852
917 16.6666660309 -12.5 11.5384616852
918 20.8333339691 -12.5 11.5384616852
919 4.16666650772 -12.5 7.69230747223
920 8.33333301544 -12.5 7.69230747223
921 12.5 -12.5 7.69230747223
922 16.6666660309 -12.5 7.69230747223
923 20.8333339691 -12.5 7.69230747223
924 4.16666650772 -12.5 3.84615373611
925 8.33333301544 -12.5 3.84615373611
926 12.5 -12.5 3.84615373611
927 16.6666660309 -12.5 3.84615373611
928 20.8333339691 -12.5 3.84615373611
929 0 4.6875 46.1538467407
930 0 16.875 46.1538467407
931 0 29.0625 46.1538467407
932 0 41.25 46.1538467407
933 0 53.4375 46.1538467407
934 0 65.625 46.1538467407
935 0 77.8125 46.1538467407
936 0 4.6875 42.3076934814
937 0 16.875 42.3076934814
938 0 29.0625 42.3076934814
939 0 41.25 42.3076934814
940 0 53.4375 42.3076934814
941 0 65.625 42.3076934814
942 0 77.8125 42.3076934814
943 0 4.6875 38.4615402222
944 0 16.875 38.4615402222
945 0 29.0625 38.4615402222
946 0 41.25 38.4615402222
947 0 53.4375 38.4615402222
948 0 65.625 38.4615402222
949 0 77.8125 38.4615402222
950 0 4.6875 34.6153831482
951 0 16.875 34.6153831482
952 0 29.0625 34.6153831482
953 0 41.25 34.6153831482
954 0 53.4375 34.6153831482
955 0 65.625 34.6153831482
956 0 77.8125 34.6153831482
957 0 4.6875 30.7692298889
958 0 16.875 30.7692298889
959 0 29.0625 30.7692298889
960 0 41.25 30.7692298889
961 0 53.4375 30.7692298889
962 0 65.625 30.7692298889
963 0 77.8125 30.7692298889
964 0 4.6875 26.9230766296
965 0 16.875 26.9230766296
966 0 29.0625 26.9230766296
967 0 41.25 26.9230766296
968 0 53.4375 26.9230766296
969 0 65.625 26.9230766296
970 0 77.8125 26.9230766296
971 0 4.6875 23.0769233704
972 0 16.875 23.0769233704
973 0 29.0625 23.0769233704
974 0 41.25 23.0769233704
975 0 53.4375 23.0769233704
976 0 65.625 23.0769233704
977 0 77.8125 23.0769233704
978 0 4.6875 19.2307701111
979 0 16.875 19.2307701111
980 0 29.0625 19.2307701111
981 0 41.25 19.2307701111
982 0 53.4375 19.2307701111
983 0 65.625 19.2307701111
984 0 77.8125 19.2307701111
985 0 4.6875 15.3846149445
986 0 16.875 15.3846149445
987 0 29.0625 15.3846149445
988 0 41.25 15.3846149445
989 0 53.4375 15.3846149445
990 0 65.625 15.3846149445
991 0 77.8125 15.3846149445
992 0 4.6875 11.5384616852
993 0 16.875 11.5384616852
994 0 29.0625 11.5384616852
995 0 41.25 11.5384616852
996 0 53.4375 11.5384616852
997 0 65.625 11.5384616852
998 0 77.8125 11.5384616852
999 0 4.6875 7.69230747223
1000 0 16.875 7.69230747223
1001 0 29.0625 7.69230747223
1002 0 41.25 7.69230747223
1003 0 53.4375 7.69230747223
1004 0 65.625 7.69230747223
1005 0 77.8125 7.69230747223
1006 0 4.6875 3.84615373611
1007 0 16.875 3.84615373611
1008 0 29.0625 3.84615373611
1009 0 41.25 3.84615373611
1010 0 53.4375 3.84615373611
1011 0 65.625 3.84615373611
1012 0 77.8125 3.84615373611
1013 194.591156006 -16.8447551727 0
1014 189.907897949 -16.2932548523 0
1015 5.50116014481 -2.91717028618 0
1016 171.185348511 -10.0687227249 0
1017 28.7399463654 -9.96727371216 0
1018 185.629852295 -17.0214042664 0
1019 10.9257879257 -3.0945789814 0
1020 14.6764583588 -4.26103305817 0
1021 18.5056304932 -3.56408810616 0
1022 181.250930786 -16.2629489899 0
1023 171.186599731 -14.9474868774 0
1024 172.12461853 -5.38836717606 0
1025 28.1843204498 -14.6828174591 0
1026 28.3121147156 -5.03545331955 0
1027 189.828292847 -22.309720993 0
1028 181.425308228 -21.7796344757 0
1029 15.2314338684 -0.0391699820757 0
1030 178.558197021 -4.11790657043 0
1031 186.441116333 -3.34554862976 0
1032 23.4181575775 -3.60110759735 0
1033 23.1272468567 -16.0752010345 0
1034 16.9736042023 -16.1573200226 0
1035 10.806684494 -16.856754303 0
1036 193.912948608 -2.95505189896 0
1037 176.383666992 -17.225605011 0
1038 167.222366333 -7.5752325058 0
1039 166.867263794 -12.4280376434 0
1040 32.859161377 -7.46218776703 0
1041 32.7644424438 -12.4455099106 0
1042 9.94402599335 2.93968105316 0
1043 5.18588542938 -16.7628955841 0
1044 20.6152877808 -21.0021152496 0
1045 20.8560810089 1.04004132748 0
1046 37.2307052612 -9.98672580719 0
1047 162.698577881 -9.92177677155 0
1048 32.7405929565 -2.273229599 0
1049 32.2041091919 -17.580827713 0
1050 167.72114563 -2.53709149361 0
1051 166.595321655 -17.3623600006 0
1052 171.13243103 -19.9896392822 0
1053 17.0340442657 5.9496049881 0
1054 27.365020752 0.797652006149 0
1055 173.396331787 -0.093536876142 0
1056 26.7494945526 -19.6443157196 0
1057 184.299133301 -29.0962753296 0
1058 189.613525391 3.51150655746 0
1059 13.8006267548 -21.7193489075 0
1060 180.604248047 2.92519402504 0
1061 162.496322632 -14.7432308197 0
1062 37.313243866 -4.95216035843 0
1063 162.882720947 -4.96314191818 0
1064 37.0695762634 -15.1354789734 0
1065 166.276794434 -22.3674926758 0
1066 175.345397949 -22.4258804321 0
1067 17.3977031708 -27.1070365906 0
1068 33.1824150085 3.04830241203 0
1069 168.028945923 3.00474119186 0
1070 31.1636562347 -23.2091827393 0
1071 24.7580413818 -25.4485588074 0
1072 23.9734477997 6.25645637512 0
1073 11.0781316757 12.510591507 0
1074 192.344360352 -29.9883785248 0
1075 158.389709473 -7.47943162918 0
1076 41.7018241882 -7.46875095367 0
1077 158.473693848 -12.4309597015 0
1078 41.674621582 -12.552280426 0
1079 37.5534896851 0.0496572889388 0
1080 161.989685059 -19.5870456696 0
1081 170.957305908 -25.2701778412 0
1082 29.2842445374 5.95730257034 0
1083 162.95161438 0.278306245804 0
1084 173.573867798 5.99943351746 0
1085 36.676612854 -20.6408901215 0
1086 8.73276805878 -27.7566776276 0
1087 22.3522319794 -32.39453125 0
1088 176.731292725 -27.6121463776 0
1089 29.7210521698 -29.6572875977 0
1090 187.5756073 -36.8968353271 0
1091 33.698059082 8.49775981903 0
1092 154.126190186 -10.1941204071 0
1093 46.1589317322 -9.93363285065 0
1094 161.939361572 -24.0680675507 0
1095 158.750015259 -16.862241745 0
1096 41.75025177 -2.51797699928 0
1097 28.2022628784 10.9699745178 0
1098 158.280426025 -2.38674378395 0
1099 165.635467529 -27.5416259766 0
1100 41.6509819031 -17.8983268738 0
1101 162.763061523 5.88317680359 0
1102 167.937332153 9.04605293274 0
1103 177.657913208 -35.5804901123 0
1104 36.0258522034 -26.7221736908 0
1105 13.1340827942 -34.8670310974 0
1106 154.63861084 -15.5386676788 0
1107 46.1240997314 -4.85165643692 0
1108 153.864700317 -5.07163524628 0
1109 159.942428589 -28.461566925 0
1110 46.3059692383 -15.1207475662 0
1111 41.6837348938 1.88486039639 0
1112 162.288299561 11.9293012619 0
1113 157.945800781 2.90241909027 0
1114 170.775909424 -31.2601261139 0
1115 173.391525269 12.265838623 0
1116 21.1713047028 12.341843605 0
1117 41.544052124 -23.6928787231 0
1118 35.2505340576 -33.4803886414 0
1119 33.7000579834 14.602478981 0
1120 180.855957031 -43.661945343 0
1121 19.9895954132 -40.9392166138 0
1122 156.517623901 -22.0199298859 0
1123 28.2295036316 -37.1263809204 0
1124 184.651245117 9.57563877106 0
1125 149.938232422 -13.0700302124 0
1126 149.713821411 -7.78470420837 0
1127 50.6410675049 -7.27277374268 0
1128 45.9065093994 0.37505081296 0
1129 50.7961158752 -12.3751420975 0
1130 38.3569297791 5.15192461014 0
1131 153.526229858 -0.0488526374102 0
1132 164.34777832 -33.3251037598 0
1133 157.231185913 8.5092716217 0
1134 46.5542297363 -20.6504077911 0
1135 167.642593384 15.5243034363 0
1136 41.3355293274 -30.0426502228 0
1137 39.2762031555 10.9918231964 0
1138 27.2185115814 17.6228466034 0
1139 34.6082839966 -40.9455223083 0
1140 150.585952759 -18.7946662903 0
1141 178.351013184 9.14064025879 0
1142 192.383102417 10.2655792236 0
1143 9.97515773773 -44.4658088684 0
1144 190.137283325 -45.89635849 0
1145 153.984970093 -28.7632904053 0
1146 145.554138184 -10.3309679031 0
1147 55.2356948853 -9.70809841156 0
1148 149.239318848 -2.75478315353 0
1149 44.5793037415 6.4612994194 0
1150 50.6398200989 -2.05288434029 0
1151 51.2144546509 -17.6419525146 0
1152 152.640228271 5.07067775726 0
1153 156.283798218 14.5713005066 0
1154 157.873764038 -34.41173172 0
1155 169.487823486 -37.8671607971 0
1156 151.016983032 -24.0413360596 0
1157 161.555221558 18.4533367157 0
1158 39.8089179993 17.6759395599 0
1159 173.618637085 19.068983078 0
1160 179.711746216 14.8586349487 0
1161 46.8087921143 -26.6598625183 0
1162 145.713790894 -16.0949630737 0
1163 41.0979537964 -36.9659729004 0
1164 33.7515945435 21.5993309021 0
1165 19.234539032 20.3176040649 0
1166 187.847183228 16.5530357361 0
1167 145.88482666 -5.52764177322 0
1168 50.5406112671 3.54599642754 0
1169 55.4856987 -14.7304353714 0
1170 55.2514533997 -4.59012413025 0
1171 147.944320679 -28.3788871765 0
1172 149.121780396 1.75724685192 0
1173 146.384475708 -22.1471290588 0
1174 155.231964111 21.0992927551 0
1175 141.098236084 -13.0130176544 0
1176 151.164932251 10.8703365326 0
1177 51.7885246277 -23.28008461 0
1178 162.528747559 -39.7185668945 0
1179 47.0160331726 -33.1925849915 0
1180 167.204025269 22.5388431549 0
1181 41.026260376 -44.2807693481 0
1182 40.4850845337 24.804693222 0
1183 26.8081417084 25.4835605621 0
1184 45.3793449402 13.6162014008 0
1185 18.4300785065 -51.6708183289 0
1186 141.599197388 -6.9143280983 0
1187 59.6133651733 -7.1433801651 0
1188 55.3388748169 0.613773047924 0
1189 59.6395950317 -12.1788635254 0
1190 141.286499023 -19.3675765991 0
1191 56.2898292542 -19.872428894 0
1192 146.780715942 6.42842626572 0
1193 151.127532959 -34.7021865845 0
1194 50.8075866699 9.70165634155 0
1195 150.057846069 17.212594986 0
1196 155.430282593 -40.811882019 0
1197 167.719436646 -44.6097412109 0
1198 46.2193717957 20.4982719421 0
1199 52.385597229 -29.4221382141 0
1200 160.614532471 25.4814147949 0
1201 47.2288513184 -40.1935081482 0
1202 34.7027702332 -48.6761360168 0
1203 34.2236785889 29.3267459869 0
1204 173.550994873 26.7066116333 0
1205 143.437133789 -0.0516447164118 0
1206 142.053710938 -26.1399803162 0
1207 18.7956581116 29.7602920532 0
1208 181.607147217 -52.3457450867 0
1209 27.4095020294 -45.6108894348 0
1210 63.8548316956 -9.60253334045 0
1211 59.5221061707 -16.6683044434 0
1212 55.8135604858 5.9968419075 0
1213 59.845085144 -2.05271840096 0
1214 136.565536499 -9.5937833786 0
1215 136.343887329 -16.0277481079 0
1216 148.92880249 23.5746097565 0
1217 180.871612549 22.2632656097 0
1218 143.484924316 -34.0677070618 0
1219 57.2366409302 -25.5744190216 0
1220 153.907333374 28.0777339935 0
1221 47.3866119385 27.5730705261 0
1222 160.36680603 -46.5433540344 0
1223 53.0112953186 -36.0914916992 0
1224 51.6913566589 16.2438278198 0
1225 47.509979248 -47.5398521423 0
1226 41.2572784424 -51.7348556519 0
1227 41.5908699036 32.4048156738 0
1228 166.424621582 30.148399353 0
1229 28.5539245605 -54.3726043701 0
1230 27.2102603912 34.1727828979 0
1231 137.114929199 -3.2456278801 0
1232 136.48197937 -22.7549972534 0
1233 9.83821105957 23.9121665955 0
1234 140.32421875 7.06500339508 0
1235 148.106781006 -41.2061271667 0
1236 63.723815918 -15.1251811981 0
1237 59.6307296753 2.56045055389 0
1238 131.522033691 -12.5153284073 0
1239 63.363117218 -4.80003499985 0
1240 56.8712387085 11.9046802521 0
1241 147.083938599 30.3230438232 0
1242 136.887374878 -29.9019393921 0
1243 52.9363632202 22.9618167877 0
1244 144.877044678 19.8850154877 0
1245 137.359954834 2.27025198936 0
1246 48.9980583191 34.9915275574 0
1247 58.2546424866 -31.8475589752 0
1248 53.6388511658 -43.2444114685 0
1249 47.8601608276 -55.227684021 0
1250 166.103057861 -51.8955497742 0
1251 152.692977905 -47.6279296875 0
1252 181.159561157 30.8758525848 0
1253 159.325775146 33.0320396423 0
1254 140.957565308 -41.5415725708 0
1255 35.299659729 37.6138381958 0
1256 131.296600342 -19.062204361 0
1257 172.973052979 35.0630569458 0
1258 131.781784058 -6.16770601273 0
1259 189.964599609 25.1968021393 0
1260 62.2615394592 -21.3911018372 0
1261 9.75489902496 34.92918396 0
1262 19.2506828308 39.6241073608 0
1263 173.866699219 -48.643573761 0
1264 190.523529053 -56.3737716675 0
1265 68.4312133789 -12.2243480682 0
1266 67.7775497437 -6.11991643906 0
1267 61.4829101562 7.22081804276 0
1268 131.867401123 0.586429536343 0
1269 134.088775635 6.63508749008 0
1270 131.10383606 -26.0638198853 0
1271 126.382987976 -15.3661241531 0
1272 126.706352234 -9.17645835876 0
1273 62.2418518066 -27.7167510986 0
1274 144.054199219 13.4684915543 0
1275 54.5632743835 29.9159832001 0
1276 58.2427177429 18.3302974701 0
1277 145.045501709 -48.0593414307 0
1278 142.53918457 25.3131904602 0
1279 152.238128662 35.5318069458 0
1280 180.616516113 40.4566917419 0
1281 59.376411438 -38.7111663818 0
1282 43.1956825256 40.4410438538 0
1283 41.0616455078 -59.3902626038 0
1284 54.2819061279 -50.7924156189 0
1285 65.4853057861 0.824626624584 0
1286 157.844284058 -53.8134918213 0
1287 165.125579834 38.3479919434 0
1288 68.3751449585 -18.6196842194 0
1289 28.3475818634 43.3127098083 0
1290 137.275878906 -36.2263259888 0
1291 172.969467163 -56.9308357239 0
1292 73.0691680908 -8.7105178833 0
1293 68.2931213379 -26.2365016937 0
1294 125.887153625 -21.8785552979 0
1295 134.105026245 -41.5013771057 0
1296 126.90851593 -3.12433004379 0
1297 63.2034072876 13.4998598099 0
1298 121.615486145 -11.8669290543 0
1299 59.9085578918 24.9994506836 0
1300 138.969406128 19.5565567017 0
1301 139.992218018 32.0836334229 0
1302 56.5940246582 37.1886444092 0
1303 145.020614624 37.7001113892 0
1304 73.5288696289 -15.0924091339 0
1305 60.3367080688 -46.0933303833 0
1306 137.599655151 -48.0713386536 0
1307 65.0325393677 -33.6048240662 0
1308 55.0013999939 -58.7139854431 0
1309 149.528045654 -54.7195243835 0
1310 130.803237915 -34.1917228699 0
1311 51.0636100769 42.8641395569 0
1312 36.9470405579 46.2843284607 0
1313 35.647190094 -55.4395828247 0
1314 48.1870384216 -63.3324661255 0
1315 157.645217896 40.8175888062 0
1316 163.917907715 -59.9215545654 0
1317 67.8050079346 8.25603294373 0
1318 72.2839050293 -2.24401903152 0
1319 190.192443848 35.5886688232 0
1320 171.560653687 44.1194381714 0
1321 129.225524902 5.44420003891 0
1322 130.36730957 -47.7555580139 0
1323 121.043647766 -17.9538211823 0
1324 121.968276978 -5.9024310112 0
1325 78.4270019531 -11.4791927338 0
1326 74.0116958618 -21.7177085876 0
1327 61.9151229858 31.8761615753 0
1328 71.6806411743 3.61287140846 0
1329 125.109924316 -28.8145999908 0
1330 126.837089539 1.95323944092 0
1331 129.614212036 10.9753007889 0
1332 65.0132980347 20.06889534 0
1333 141.39855957 -54.8931999207 0
1334 137.459106445 39.5141563416 0
1335 135.448654175 26.2034187317 0
1336 59.0317649841 44.9401130676 0
1337 150.487731934 43.101474762 0
1338 65.8375396729 -41.144695282 0
1339 61.4535293579 -53.7936248779 0
1340 77.9720306396 -5.08749675751 0
1341 55.7893981934 -67.0822906494 0
1342 45.1431236267 48.8818702698 0
1343 162.871963501 46.7480125427 0
1344 32.6840362549 -63.0232086182 0
1345 40.8291091919 -67.6434326172 0
1346 179.125076294 50.702709198 0
1347 154.683364868 -61.4738731384 0
1348 69.9644546509 14.9354343414 0
1349 30.1457462311 52.6105957031 0
1350 70.9509963989 -32.2326431274 0
1351 189.67036438 46.7458076477 0
1352 122.390663147 0.103775314987 0
1353 123.847412109 6.73410558701 0
1354 75.1858901978 9.19842720032 0
1355 116.889389038 -8.54155731201 0
1356 116.362136841 -14.3425416946 0
1357 120.16859436 -24.3398571014 0
1358 77.7443618774 1.91102576256 0
1359 136.284240723 12.8320999146 0
1360 79.0493545532 -17.825958252 0
1361 133.576431274 -54.5670089722 0
1362 130.703125 19.1158790588 0
1363 64.3427810669 39.0034561157 0
1364 75.1007537842 -28.4481582642 0
1365 70.1329269409 -37.0825119019 0
1366 142.965270996 45.4680633545 0
1367 67.5765075684 -48.4486579895 0
1368 123.557373047 -35.6997184753 0
1369 83.3064422607 -8.03797912598 0
1370 132.575866699 33.4358596802 0
1371 53.2704391479 51.2793884277 0
1372 145.655273438 -61.9649734497 0
1373 155.715759277 47.5679397583 0
1374 38.824848175 54.9621620178 0
1375 62.6060676575 -61.9450912476 0
1376 48.4626922607 -71.94581604 0
1377 160.815261841 -68.6196365356 0
1378 71.9095916748 21.7179336548 0
1379 20.3916473389 49.7064170837 0
1380 169.056152344 53.5639266968 0
1381 117.199668884 -2.62856554985 0
1382 111.644325256 -11.0597276688 0
1383 80.0020828247 -24.2559604645 0
1384 76.2587051392 -35.7627258301 0
1385 115.523132324 -20.2997970581 0
1386 83.9345626831 -14.1519613266 0
1387 83.0229187012 -2.00050973892 0
1388 76.820930481 16.6319465637 0
1389 127.315910339 -41.281288147 0
1390 118.881782532 -30.9377403259 0
1391 126.08139801 -53.8839492798 0
1392 137.043167114 -61.6627197266 0
1393 117.582687378 3.65944480896 0
1394 128.0884552 27.3232555389 0
1395 69.127571106 33.3903846741 0
1396 129.586608887 40.854763031 0
1397 67.2214279175 46.5344810486 0
1398 72.6628189087 -42.590133667 0
1399 134.834091187 47.3646812439 0
1400 69.1836700439 -56.4884910583 0
1401 61.6698379517 53.2902679443 0
1402 63.8073234558 -70.5501861572 0
1403 46.8485069275 57.7850227356 0
1404 80.8141708374 6.78790330887 0
1405 56.5897026062 -75.9798812866 0
1406 171.221511841 -66.2351837158 0
1407 40.3254890442 -76.54712677 0
1408 176.477890015 60.6894950867 0
1409 32.5117912292 61.6638908386 0
1410 123.673202515 14.5238466263 0
1411 22.5510540009 59.7348747253 0
1412 150.555130005 -69.3346557617 0
1413 10.1400737762 45.9922790527 0
1414 181.095825195 -62.0048217773 0
1415 22.4828033447 -61.8224067688 0
1416 112.056442261 -5.38944578171 0
1417 110.922950745 -16.7190666199 0
1418 84.8449401855 -20.365644455 0
1419 114.255447388 -26.4479351044 0
1420 121.547302246 -41.3712615967 0
1421 88.1532058716 -4.83279657364 0
1422 83.1697692871 3.07227897644 0
1423 88.7494888306 -10.5655460358 0
1424 112.256996155 0.58012098074 0
1425 81.5922164917 12.0848226547 0
1426 123.023330688 22.0555953979 0
1427 117.251708984 -37.6038551331 0
1428 129.128540039 -60.7292060852 0
1429 78.6897506714 23.4400310516 0
1430 72.139503479 39.9397735596 0
1431 76.1464309692 -50.5119285583 0
1432 126.401252747 48.7013626099 0
1433 125.014564514 34.2515602112 0
1434 123.335105896 -47.0620918274 0
1435 70.5193634033 54.9860305786 0
1436 140.838989258 53.8318939209 0
1437 140.856399536 -69.1792297363 0
1438 40.4551048279 62.6924324036 0
1439 70.5491485596 -64.9521484375 0
1440 65.1110305786 -79.7581787109 0
1441 55.4343910217 60.5533981323 0
1442 81.2859191895 -30.624578476 0
1443 117.692382812 10.5048027039 0
1444 80.1348800659 -42.8397521973 0
1445 48.6634254456 -81.3555831909 0
1446 26.0971908569 -70.6521911621 0
1447 25.9950141907 69.6866531372 0
1448 86.4133224487 7.69416904449 0
1449 106.879005432 -7.9501247406 0
1450 115.986152649 -45.1638641357 0
1451 106.19443512 -13.480547905 0
1452 83.4008407593 18.4428405762 0
1453 109.919418335 -22.3845977783 0
1454 92.5766677856 -7.25755929947 0
1455 107.268173218 -2.32057785988 0
1456 87.8260726929 1.16916131973 0
1457 89.7391433716 -16.5309867859 0
1458 86.0104598999 -26.5675964355 0
1459 112.475074768 -32.8494300842 0
1460 112.19115448 6.91446733475 0
1461 73.7584152222 28.3341274261 0
1462 121.678466797 -59.8960494995 0
1463 117.251235962 17.6895523071 0
1464 131.833389282 -68.0222244263 0
1465 121.868637085 28.4654521942 0
1466 83.7531967163 -36.6710205078 0
1467 75.2696304321 34.2264289856 0
1468 75.8572387695 47.5015335083 0
1469 118.692420959 -52.8409309387 0
1470 76.8692474365 -59.3863830566 0
1471 121.404685974 41.5582466125 0
1472 131.995803833 55.6563682556 0
1473 64.8299636841 62.6190299988 0
1474 72.1926956177 -73.7806243896 0
1475 57.4496307373 -85.7610321045 0
1476 36.418548584 70.3708648682 0
1477 39.647819519 -86.7933959961 0
1478 16.7011413574 -69.7459945679 0
1479 33.9873352051 -71.6205215454 0
1480 102.407302856 -4.80486536026 0
1481 101.409408569 -10.1880331039 0
1482 105.541130066 -19.0177288055 0
1483 93.5862197876 -1.68272256851 0
1484 107.993621826 -28.0373954773 0
1485 90.7459640503 -22.6786556244 0
1486 95.1136932373 -12.2907590866 0
1487 107.248260498 3.5673224926 0
1488 86.8390808105 -31.9174537659 0
1489 85.3842697144 25.2097587585 0
1490 116.610748291 25.0141506195 0
1491 110.556304932 -39.6611099243 0
1492 87.6226501465 -42.6104202271 0
1493 92.5433883667 5.16965436935 0
1494 111.735862732 13.485616684 0
1495 111.313339233 -51.815990448 0
1496 29.9637107849 -80.1309890747 0
1497 116.634208679 33.5481376648 0
1498 80.8441848755 39.0581665039 0
1499 82.1640472412 -55.2181282043 0
1500 114.12462616 -59.1513214111 0
1501 134.93788147 -76.246887207 0
1502 86.8602294922 13.9548196793 0
1503 117.900917053 49.5986289978 0
1504 79.9351196289 56.6892738342 0
1505 78.6716003418 -67.721496582 0
1506 123.172302246 56.9084472656 0
1507 138.381881714 62.7303276062 0
1508 74.59740448 65.0228881836 0
1509 58.8121032715 70.7578353882 0
1510 74.0669403076 -83.3154296875 0
1511 49.2010231018 -91.7752532959 0
1512 97.3168411255 -6.38438034058 0
1513 104.9529953 -23.8738975525 0
1514 100.69178772 -15.9412403107 0
1515 90.7293548584 19.6763763428 0
1516 95.4600753784 -18.8987388611 0
1517 102.654296875 0.55209249258 0
1518 110.945220947 20.361574173 0
1519 92.104133606 11.9953918457 0
1520 105.439437866 -34.3955841064 0
1521 106.893043518 9.54150295258 0
1522 80.2383728027 30.4507160187 0
1523 84.4813842773 -49.2104110718 0
1524 90.6020507812 -36.3553733826 0
1525 97.9063491821 2.86698031425 0
1526 109.008705139 -45.7729301453 0
1527 118.002746582 -66.4693527222 0
1528 84.8294372559 48.4233131409 0
1529 106.255897522 -57.7845726013 0
1530 84.3431243896 -61.7937202454 0
1531 113.208488464 42.1747093201 0
1532 145.280059814 -77.0526351929 0
1533 124.265411377 -73.8059234619 0
1534 114.51927948 57.745803833 0
1535 85.7441940308 68.13256073 0
1536 100.76574707 -28.1552848816 0
1537 88.8222808838 -55.54845047 0
1538 87.2958374023 32.5989227295 0
1539 97.6032104492 9.00355052948 0
1540 96.0284805298 -24.1641960144 0
1541 92.6965560913 -29.3257389069 0
1542 104.239807129 -50.0839385986 0
1543 94.8900299072 -42.145198822 0
1544 105.775108337 15.6111888885 0
1545 91.3027191162 27.1131420135 0
1546 98.7742004395 -1.89057910442 0
1547 102.905456543 -42.1656036377 0
1548 100.573371887 -21.6751804352 0
1549 109.624549866 -65.7835617065 0
1550 108.421485901 35.5060501099 0
1551 87.0183639526 -69.9994659424 0
1552 90.0293579102 40.7993354797 0
1553 89.2050170898 57.5819015503 0
1554 128.369857788 -83.536491394 0
1555 124.981712341 -65.7845535278 0
1556 98.5807113647 16.420545578 0
1557 120.245513916 65.077835083 0
1558 109.704429626 50.0723266602 0
1559 129.211288452 64.1408462524 0
1560 148.064804077 60.4082260132 0
1561 80.952293396 -76.7616577148 0
1562 66.4876785278 -89.8182373047 0
1563 68.8180160522 72.769859314 0
1564 139.117355347 -84.6923294067 0
1565 78.6101226807 76.28956604 0
1566 95.6061935425 33.4542541504 0
1567 97.8832092285 -35.4237976074 0
1568 104.290893555 22.5071983337 0
1569 109.993156433 27.8308391571 0
1570 91.951675415 -48.7483062744 0
1571 97.5648880005 -55.3407020569 0
1572 105.514022827 42.7702064514 0
1573 101.031051636 -64.4437713623 0
1574 92.4066543579 -63.1346092224 0
1575 93.5167694092 49.4485206604 0
1576 113.936912537 -73.747795105 0
1577 90.1172409058 -79.1237335205 0
1578 102.411911011 6.15625 0
1579 106.13192749 58.1506271362 0
1580 94.3665924072 65.4254608154 0
1581 118.304725647 -82.011428833 0
1582 83.6005249023 -86.7311172485 0
1583 111.900894165 66.348526001 0
1584 145.486358643 70.2114334106 0
1585 135.836425781 71.777633667 0
1586 150.000167847 -85.1808166504 0
1587 98.3103713989 -47.6967506409 0
1588 102.252799988 11.3466072083 0
1589 95.7847213745 -71.7109298706 0
1590 102.967308044 30.1358680725 0
1591 101.728492737 50.0490036011 0
1592 98.0907821655 42.20860672 0
1593 97.8910446167 57.929901123 0
1594 97.2461929321 24.884563446 0
1595 102.11995697 36.8149986267 0
1596 102.954719543 67.0362091064 0
1597 110.784751892 77.6154174805 0
1598 97.3299407959 76.8970718384 0
1599 132.358596802 -92.4463119507 0
1600 47.4963417053 68.8315811157 0
1601 58.4318962097 -96.5059280396 0
1602 121.544250488 -90.9511108398 0
1603 75.8819580078 -93.5593109131 0
1604 143.305999756 80.0936126709 0
1605 156.034820557 -77.143196106 0
1606 168.336685181 -77.0393371582 0
1607 118.255371094 72.4514007568 0
1608 188.317108154 59.1446990967 0
1609 166.573867798 63.5124969482 0
1610 63.7700653076 80.8589096069 0
1611 156.503204346 68.5330810547 0
1612 143.523345947 -93.1092910767 0
1613 30.3529911041 79.7806625366 0
1614 93.9596710205 -88.998374939 0
1615 12.2962646484 -61.1436538696 0
1616 20.6147060394 -77.0436859131 0
1617 126.453773499 72.4898452759 0
1618 40.0945167542 -99.1365509033 0
1619 11.3068780899 57.0425376892 0
1620 72.82787323 81.9836654663 0
1621 14.712553978 67.8244247437 0
1622 99.6506271362 -80.6057357788 0
1623 190.208251953 -67.417175293 0
1624 7.70519304276 -21.556634903 0
1625 66.9387588501 26.7311592102 0
1626 173.917572021 -42.0725822449 0
1627 19.2520465851 78.8834609985 0
1628 171.05708313 -101.243423462 0
1629 183.375717163 -100.163337708 0
1630 159.54977417 -101.597244263 0
1631 52.9294891357 80.0377197266 0
1632 41.5917205811 79.836807251 0
1633 160.271224976 79.7316741943 0
1634 29.1865901947 -101.895820618 0
1635 17.5882530212 -98.1665344238 0
1636 87.6309661865 80.2638397217 0
1637 99.5559234619 -99.2915496826 0
1638 112.433898926 -98.4284896851 0
1639 86.5913772583 -98.724281311 0
1640 170.624847412 79.9683456421 0
1641 183.164169312 77.8136901855 0
1642 125.0076828 -100.531616211 0
1643 9.57994842529 -89.2586593628 0
1644 190.764709473 69.5496444702 0
1645 189.552963257 -78.6138534546 0
1646 10.6431713104 -78.5703964233 0
1647 104.823959351 -72.9288864136 0
1648 149.383514404 51.0562820435 0
1649 29.354511261 -92.0186920166 0
1650 179.896591187 -72.3778991699 0
1651 8.14030075073 -53.5185585022 0
1652 158.309890747 55.912853241 0
1653 136.617141724 -101.277282715 0
1654 50.7219581604 -101.483543396 0
1655 113.134216309 -88.4443969727 0
1656 67.8140411377 -100.395515442 0
1657 160.830825806 -85.3968734741 0
1658 151.701599121 77.7139587402 0
1659 174.105407715 70.2716140747 0
1660 133.086776733 80.8289260864 0
1661 76.6457138062 -102.535820007 0
1662 165.615707397 72.4034423828 0
1663 178.753540039 -82.7015838623 0
1664 188.004821777 -89.5317153931 0
1665 7.92811536789 -68.8295059204 0
1666 104.60836792 -89.5083465576 0
1667 182.565856934 67.4938278198 0
1668 19.6240501404 -85.8648223877 0
1669 9.14586162567 76.0290756226 0
1670 109.076469421 -81.2077636719 0
1671 169.96975708 -86.1558761597 0
1672 122.606582642 80.5642623901 0
1673 148.099411011 -101.563301086 0
1674 176.123657227 -92.1939163208 0
1675 154.597427368 -93.369178772 0
1676 165.354751587 -93.3260879517 0
1677 200 77.8125 46.1538467407
1678 200 65.625 46.1538467407
1679 200 53.4375 46.1538467407
1680 200 41.25 46.1538467407
1681 200 29.0625 46.1538467407
1682 200 16.875 46.1538467407
1683 200 4.6875 46.1538467407
1684 200 77.8125 42.3076934814
1685 200 65.625 42.3076934814
1686 200 53.4375 42.3076934814
1687 200 41.25 42.3076934814
1688 200 29.0625 42.3076934814
1689 200 16.875 42.3076934814
1690 200 4.6875 42.3076934814
1691 200 77.8125 38.4615402222
1692 200 65.625 38.4615402222
1693 200 53.4375 38.4615402222
1694 200 41.25 38.4615402222
1695 200 29.0625 38.4615402222
1696 200 16.875 38.4615402222
1697 200 4.6875 38.4615402222
1698 200 77.8125 34.6153831482
1699 200 65.625 34.6153831482
1700 200 53.4375 34.6153831482
1701 200 41.25 34.6153831482
1702 200 29.0625 34.6153831482
1703 200 16.875 34.6153831482
1704 200 4.6875 34.6153831482
1705 200 77.8125 30.7692298889
1706 200 65.625 30.7692298889
1707 200 53.4375 30.7692298889
1708 200 41.25 30.7692298889
1709 200 29.0625 30.7692298889
1710 200 16.875 30.7692298889
1711 200 4.6875 30.7692298889
1712 200 77.8125 26.9230766296
1713 200 65.625 26.9230766296
1714 200 53.4375 26.9230766296
1715 200 41.25 26.9230766296
1716 200 29.0625 26.9230766296
1717 200 16.875 26.9230766296
1718 200 4.6875 26.9230766296
1719 200 77.8125 23.0769233704
1720 200 65.625 23.0769233704
1721 200 53.4375 23.0769233704
1722 200 41.25 23.0769233704
1723 200 29.0625 23.0769233704
1724 200 16.875 23.0769233704
1725 200 4.6875 23.0769233704
1726 200 77.8125 19.2307701111
1727 200 65.625 19.2307701111
1728 200 53.4375 19.2307701111
1729 200 41.25 19.2307701111
1730 200 29.0625 19.2307701111
1731 200 16.875 19.2307701111
1732 200 4.6875 19.2307701111
1733 200 77.8125 15.3846149445
1734 200 65.625 15.3846149445
1735 200 53.4375 15.3846149445
1736 200 41.25 15.3846149445
1737 200 29.0625 15.3846149445
1738 200 16.875 15.3846149445
1739 200 4.6875 15.3846149445
1740 200 77.8125 11.5384616852
1741 200 65.625 11.5384616852
1742 200 53.4375 11.5384616852
1743 200 41.25 11.5384616852
1744 200 29.0625 11.5384616852
1745 200 16.875 11.5384616852
1746 200 4.6875 11.5384616852
1747 200 77.8125 7.69230747223
1748 200 65.625 7.69230747223
1749 200 53.4375 7.69230747223
1750 200 41.25 7.69230747223
1751 200 29.0625 7.69230747223
1752 200 16.875 7.69230747223
1753 200 4.6875 7.69230747223
1754 200 77.8125 3.84615373611
1755 200 65.625 3.84615373611
1756 200 53.4375 3.84615373611
1757 200 41.25 3.84615373611
1758 200 29.0625 3.84615373611
1759 200 16.875 3.84615373611
1760 200 4.6875 3.84615373611
1761 194.591598511 -3.1180305481 50
1762 189.886642456 -3.62718749046 50
1763 5.40887308121 -16.8446159363 50
1764 10.0921611786 -16.2930183411 50
1765 28.9369316101 -10.0308485031 50
1766 171.032348633 -9.93416976929 50
1767 14.3707609177 -17.0202503204 50
1768 18.7501964569 -16.2606487274 50
1769 185.503845215 -2.69641184807 50
1770 171.986984253 -14.5928201675 50
1771 170.594146729 -5.12193346024 50
1772 28.5708198547 -5.24988985062 50
1773 28.8420124054 -14.9381313324 50
1774 10.133934021 -22.2752094269 50
1775 190.132598877 2.57462263107 50
1776 18.4842815399 -21.7283935547 50
1777 179.452514648 -3.21317958832 50
1778 178.430892944 -15.7648925781 50
1779 186.390457153 -16.8859806061 50
1780 193.945037842 -17.4561004639 50
1781 23.8881187439 -3.80787014961 50
1782 18.8974285126 -3.40547394753 50
1783 12.9242534637 -3.53317666054 50
1784 166.797927856 -7.74018764496 50
1785 167.124786377 -12.4551048279 50
1786 23.609210968 -17.2114448547 50
1787 33.2113418579 -12.4230384827 50
1788 33.0314254761 -7.50984287262 50
1789 6.09458446503 -3.0103187561 50
1790 16.9265460968 0.91622287035 50
1791 37.428943634 -9.91925239563 50
1792 162.714141846 -10.1156244278 50
1793 174.231628418 -2.62450671196 50
1794 33.424079895 -17.352891922 50
1795 166.761917114 -3.66859292984 50
1796 167.625274658 -17.480463028 50
1797 32.7442817688 -2.44742488861 50
1798 28.8591308594 -19.9877300262 50
1799 173.331512451 -19.7535133362 50
1800 27.7748279572 -0.369630873203 50
1801 182.571670532 2.85735297203 50
1802 15.3052082062 -28.8642959595 50
1803 176.122573853 2.17505216599 50
1804 162.878509521 -5.38813972473 50
1805 37.5533294678 -14.7586450577 50
1806 162.82208252 -15.0618848801 50
1807 37.367767334 -4.90741157532 50
1808 33.6840820312 -22.3848514557 50
1809 24.5374984741 -22.4074554443 50
1810 180.463226318 -22.1827507019 50
1811 168.082733154 -23.0581741333 50
1812 32.3836212158 2.92872691154 50
1813 169.869171143 0.339316248894 50
1814 7.51065063477 -29.8634338379 50
1815 22.273607254 0.964093923569 50
1816 185.575134277 9.43713283539 50
1817 190.002197266 -25.9203777313 50
1818 11.1310129166 3.25604629517 50
1819 158.488449097 -7.60560798645 50
1820 41.6187362671 -12.4777240753 50
1821 158.345687866 -12.5531692505 50
1822 41.7890357971 -7.50662612915 50
1823 163.923431396 -0.530129909515 50
1824 38.0152244568 -19.5953884125 50
1825 28.8576831818 -25.4615688324 50
1826 26.7201709747 5.21039628983 50
1827 174.166671753 -26.0034618378 50
1828 162.911499023 -20.3437480927 50
1829 37.3560638428 0.352713286877 50
1830 19.3260231018 7.12502813339 50
1831 178.528366089 8.43769550323 50
1832 171.968338013 6.93939828873 50
1833 22.8113136292 -27.6539974213 50
1834 192.86541748 10.1009178162 50
1835 12.1606912613 -36.6938705444 50
1836 153.958374023 -9.99137020111 50
1837 46.0703773499 -10.2826032639 50
1838 38.0151176453 -24.0915679932 50
1839 158.920898438 -2.51613521576 50
1840 41.2900619507 -16.902973175 50
1841 158.208984375 -17.6619625092 50
1842 34.2796401978 -27.7874660492 50
1843 41.9850921631 -2.34343767166 50
1844 32.15625 8.86499595642 50
1845 162.788955688 -26.0404281616 50
1846 37.4638938904 5.97949695587 50
1847 20.8679962158 -34.9324913025 50
1848 168.212905884 -29.2838191986 50
1849 181.342132568 -29.6421203613 50
1850 174.125778198 13.5452537537 50
1851 180.842788696 15.1628217697 50
1852 165.678237915 5.1723241806 50
1853 188.702758789 16.6966571808 50
1854 159.846450806 3.11201906204 50
1855 154.183029175 -4.88599014282 50
1856 45.4478607178 -15.6350212097 50
1857 40.0778808594 -28.5076541901 50
1858 153.714187622 -15.0316877365 50
1859 46.4325637817 -5.06818723679 50
1860 37.7723312378 12.0729589462 50
1861 157.914993286 -23.0067596436 50
1862 42.2963294983 3.02245330811 50
1863 162.364990234 -32.2094764709 50
1864 28.8809127808 -32.6116142273 50
1865 176.112045288 19.4555130005 50
1866 174.405761719 -32.9958000183 50
1867 167.559249878 11.7520723343 50
1868 182.133163452 22.6314811707 50
1869 19.3353290558 -43.3634185791 50
1870 43.4929466248 -22.0743656158 50
1871 50.3200187683 -13.2665395737 50
1872 149.51171875 -7.34041547775 50
1873 154.562225342 0.622593343258 50
1874 149.265167236 -12.4268388748 50
1875 50.8215904236 -7.8397860527 50
1876 35.9957199097 -33.6307907104 50
1877 153.457382202 -20.0704517365 50
1878 46.7115707397 0.0947556868196 50
1879 173.650497437 26.6592884064 50
1880 32.2316436768 15.4332695007 50
1881 42.8293190002 8.70566654205 50
1882 157.303634644 -28.6473655701 50
1883 167.907165527 -36.088760376 50
1884 169.776748657 18.6796474457 50
1885 181.486724854 -37.4644317627 50
1886 49.5072250366 -18.9567050934 50
1887 10.0445966721 -46.3333015442 50
1888 190.804763794 25.5835494995 50
1889 46.0292892456 -28.7811393738 50
1890 161.142868042 9.45665550232 50
1891 55.2374610901 -10.7358531952 50
1892 144.744918823 -9.7881269455 50
1893 155.207794189 6.74603176117 50
1894 149.648635864 -2.01731133461 50
1895 149.020339966 -17.5169582367 50
1896 51.114025116 -2.5049932003 50
1897 47.3288574219 5.25972414017 50
1898 152.776245117 -25.1065921783 50
1899 43.6123390198 14.8467721939 50
1900 156.362426758 -34.6935119629 50
1901 42.2640838623 -34.4497299194 50
1902 32.543384552 -38.2423019409 50
1903 49.0174484253 -24.1429023743 50
1904 26.1981754303 11.6624031067 50
1905 38.319858551 18.6945075989 50
1906 161.535583496 -38.8329086304 50
1907 54.6198158264 -16.4681377411 50
1908 188.557876587 -34.4554824829 50
1909 174.180541992 -40.5676307678 50
1910 162.683578491 16.4105205536 50
1911 182.540466309 31.7231330872 50
1912 149.803375244 3.77849674225 50
1913 144.510147095 -14.9044780731 50
1914 55.5909004211 -5.23806190491 50
1915 144.870788574 -4.58295154572 50
1916 52.1094741821 -28.5085945129 50
1917 149.302215576 -21.9295749664 50
1918 50.7975463867 2.0734269619 50
1919 53.7617988586 -22.3970108032 50
1920 155.109466553 -41.2073898315 50
1921 59.6660766602 -13.8400402069 50
1922 151.551849365 -30.566608429 50
1923 48.4345664978 10.8707456589 50
1924 44.6191940308 21.5100822449 50
1925 38.0376930237 -39.7700691223 50
1926 26.1118717194 18.7461242676 50
1927 26.9073638916 -40.3815956116 50
1928 32.515499115 22.6078701019 50
1929 164.522125244 23.9998664856 50
1930 156.087188721 13.4999322891 50
1931 167.151351929 -43.3656997681 50
1932 181.524719238 -45.9289932251 50
1933 190.248199463 -42.6901855469 50
1934 140.16229248 -7.06829977036 50
1935 144.92805481 0.818338513374 50
1936 140.01071167 -12.1978645325 50
1937 60.0778961182 -8.13160991669 50
1938 59.0753059387 -19.9008140564 50
1939 52.6390304565 6.49624156952 50
1940 147.393112183 -26.1501483917 50
1941 48.8613433838 -34.7648658752 50
1942 150.042495728 10.1932277679 50
1943 44.6158485413 -40.8242454529 50
1944 25.9604549408 26.5396060944 50
1945 150.123260498 -36.6676483154 50
1946 33.0846939087 -44.3124351501 50
1947 49.7210998535 17.1340255737 50
1948 160.320053101 -45.8180236816 50
1949 39.1024093628 25.8683605194 50
1950 157.111282349 20.8161792755 50
1951 58.1720504761 -26.4626235962 50
1952 173.46031189 -48.5996856689 50
1953 144.176132202 -20.7229537964 50
1954 55.9315872192 0.93042498827 50
1955 190.193252563 -52.6547012329 50
1956 174.307220459 36.9537239075 50
1957 19.0243988037 -53.0357017517 50
1958 191.257965088 36.1955032349 50
1959 135.769760132 -9.51425552368 50
1960 144.598419189 6.63740825653 50
1961 140.201629639 -1.74408447742 50
1962 64.5086364746 -11.1280145645 50
1963 64.2189559937 -17.0234889984 50
1964 148.502578735 -43.209690094 50
1965 54.4255714417 12.4739084244 50
1966 56.5142860413 -34.3781776428 50
1967 51.190776825 23.8947162628 50
1968 140.256622314 -16.8231563568 50
1969 59.885471344 -3.13531017303 50
1970 153.557632446 -48.0104370117 50
1971 39.9002189636 -46.4836654663 50
1972 45.8750572205 28.6713008881 50
1973 150.44694519 17.2564678192 50
1974 33.0368003845 30.3880233765 50
1975 18.7248821259 21.3938293457 50
1976 63.9019813538 -23.3264808655 50
1977 165.829925537 -50.8956794739 50
1978 62.4353866577 1.59657824039 50
1979 137.868728638 -21.1467971802 50
1980 140.589538574 3.22955060005 50
1981 68.9254608154 -14.0693349838 50
1982 135.674957275 -4.45542192459 50
1983 58.7197647095 7.27607965469 50
1984 51.6165351868 -41.1973762512 50
1985 144.257904053 13.3558101654 50
1986 146.688903809 -50.0673751831 50
1987 63.4615058899 -30.2368755341 50
1988 143.578262329 -38.2144203186 50
1989 56.1843795776 19.0324554443 50
1990 52.884147644 31.1059398651 50
1991 47.2031135559 -47.5218009949 50
1992 40.1345710754 33.5666313171 50
1993 34.4322662354 -51.8582611084 50
1994 158.682373047 -52.8308486938 50
1995 69.0822677612 -20.0065174103 50
1996 26.2296638489 35.1099853516 50
1997 171.818237305 -56.7571754456 50
1998 135.198455811 -15.1363515854 50
1999 20.3620796204 14.4430027008 50
2000 18.1676082611 30.5229549408 50
2001 65.1085281372 -4.82610082626 50
2002 150.927597046 24.8540534973 50
2003 132.282318115 -7.24625778198 50
2004 138.163925171 8.75039958954 50
2005 131.96711731 -10.9820823669 50
2006 69.1948852539 -26.4215259552 50
2007 68.5911483765 -9.1361618042 50
2008 73.7706451416 -16.5486068726 50
2009 60.9354820251 13.8884067535 50
2010 131.824142456 -20.6589565277 50
2011 11.336648941 13.1839818954 50
2012 68.7307891846 1.00100719929 50
2013 145.479660034 -31.8521537781 50
2014 57.8778877258 -41.4688072205 50
2015 151.896270752 -54.9046974182 50
2016 141.608932495 -44.9264945984 50
2017 42.2411079407 -53.7579498291 50
2018 158.048995972 28.7079849243 50
2019 58.0671043396 25.9492492676 50
2020 47.3780326843 36.331489563 50
2021 26.8091697693 -48.4009819031 50
2022 144.326141357 20.8156452179 50
2023 135.208984375 1.8024674654 50
2024 163.548736572 -58.4612960815 50
2025 180.732727051 -54.9415016174 50
2026 33.8733139038 38.6882247925 50
2027 66.019859314 8.14745903015 50
2028 18.3619823456 40.2476959229 50
2029 9.62798500061 24.3926830292 50
2030 182.76008606 41.9770812988 50
2031 141.450469971 -26.6081008911 50
2032 54.7599563599 -47.6212463379 50
2033 9.2665681839 -58.8265724182 50
2034 127.670791626 -8.36954212189 50
2035 72.9276428223 -10.6845884323 50
2036 130.790908813 -2.92757725716 50
2037 138.89440918 -32.8200874329 50
2038 74.2976074219 -22.7062225342 50
2039 129.275146484 -14.7289228439 50
2040 71.1671981812 -5.05477428436 50
2041 134.932250977 -26.879989624 50
2042 138.103530884 16.6288566589 50
2043 136.607757568 -39.5604400635 50
2044 62.9086952209 20.7078838348 50
2045 139.465896606 -51.9304542542 50
2046 60.1783485413 33.2053794861 50
2047 144.795349121 -57.2452926636 50
2048 54.8414382935 38.7629585266 50
2049 69.4006881714 -33.2750511169 50
2050 72.66431427 6.03489303589 50
2051 36.5944900513 -59.9923286438 50
2052 50.2809371948 -54.5164718628 50
2053 169.164154053 -65.1409683228 50
2054 41.46641922 41.7463302612 50
2055 151.252212524 32.8712387085 50
2056 144.373703003 28.6087322235 50
2057 63.260055542 -46.2144584656 50
2058 165.909591675 32.5314483643 50
2059 178.675384521 -63.5262641907 50
2060 128.960266113 2.7143304348 50
2061 78.0481719971 -12.7595586777 50
2062 125.724388123 -19.8164558411 50
2063 131.191696167 -33.6112823486 50
2064 78.9817657471 -18.9478187561 50
2065 128.306610107 -26.2626266479 50
2066 74.7745056152 -0.280297100544 50
2067 71.2310409546 11.4435434341 50
2068 74.8351516724 -29.1399841309 50
2069 63.3981742859 -37.676197052 50
2070 76.6397171021 -6.54949092865 50
2071 125.154853821 -2.18272709846 50
2072 137.097488403 -59.2631530762 50
2073 134.450408936 -46.454372406 50
2074 62.5597572327 40.8682136536 50
2075 58.6069602966 -54.385383606 50
2076 65.1700897217 27.6363430023 50
2077 150.793151855 -62.1908912659 50
2078 132.316207886 12.6811828613 50
2079 158.567687988 37.1741943359 50
2080 49.1531105042 44.4595184326 50
2081 144.238311768 36.7282829285 50
2082 35.0899124146 47.4462585449 50
2083 27.9227409363 -57.2581329346 50
2084 137.882492065 24.2720317841 50
2085 123.493560791 -13.5193567276 50
2086 176.177398682 -72.1106567383 50
2087 45.1483650208 -61.4185218811 50
2088 158.931625366 -66.5673828125 50
2089 26.8746547699 44.1793403625 50
2090 9.3120508194 35.2888870239 50
2091 189.171310425 -62.6271896362 50
2092 123.173286438 3.81133794785 50
2093 83.4251098633 -14.9734363556 50
2094 132.394241333 6.92473983765 50
2095 121.921524048 -25.0609264374 50
2096 79.8589324951 -25.1741714478 50
2097 78.6240921021 4.58723735809 50
2098 76.4374465942 10.7747411728 50
2099 121.360900879 -7.29337930679 50
2100 67.4001617432 15.4733762741 50
2101 131.807907104 19.7853088379 50
2102 75.5574111938 -35.8095207214 50
2103 129.726760864 -41.0591545105 50
2104 69.6851119995 21.9752635956 50
2105 82.1655883789 -8.50473499298 50
2106 80.5407333374 -1.96116244793 50
2107 28.0101547241 53.7030601501 50
2108 131.942199707 -53.4419288635 50
2109 151.241165161 41.263469696 50
2110 67.0538864136 -54.1419487 50
2111 57.0532569885 46.8738746643 50
2112 166.338546753 41.7896575928 50
2113 67.7266159058 34.8831710815 50
2114 142.822998047 -64.9655761719 50
2115 53.8492431641 -61.8835754395 50
2116 137.520004272 32.1784820557 50
2117 30.0379753113 -66.5494384766 50
2118 119.62020874 -18.6906299591 50
2119 43.0637130737 50.3865089417 50
2120 39.3614768982 -68.4402236938 50
2121 18.9276409149 50.355632782 50
2122 185.675613403 -70.0925979614 50
2123 166.256240845 -74.2341003418 50
2124 124.193183899 -31.4105110168 50
2125 174.392364502 46.9092750549 50
2126 127.404037476 8.56001853943 50
2127 82.4983291626 9.59764194489 50
2128 84.5556564331 -21.177614212 50
2129 80.8859558105 -31.5473365784 50
2130 73.5470199585 16.4165592194 50
2131 119.20640564 -1.20320820808 50
2132 117.388778687 -12.3761959076 50
2133 69.9624023438 -40.4920654297 50
2134 87.8172225952 -10.7097358704 50
2135 125.695022583 -36.8855323792 50
2136 117.942260742 -30.1663990021 50
2137 127.266677856 -47.6214981079 50
2138 84.5891571045 2.84393000603 50
2139 115.66885376 -23.8556537628 50
2140 72.4238510132 28.7351779938 50
2141 129.086013794 -60.7973022461 50
2142 126.293548584 15.050904274 50
2143 62.6396865845 -61.6926383972 50
2144 71.6543807983 -47.5467453003 50
2145 70.5517883301 42.5278320312 50
2146 143.856201172 45.0793151855 50
2147 136.964675903 40.3874588013 50
2148 158.486633301 46.0029067993 50
2149 131.10484314 27.4142360687 50
2150 65.2204208374 48.9550743103 50
2151 134.450317383 -67.0834121704 50
2152 86.349899292 -3.94921469688 50
2153 149.427566528 -70.5833206177 50
2154 51.171710968 53.0499038696 50
2155 19.9549427032 60.7536506653 50
2156 19.9185314178 -63.6218147278 50
2157 33.0666122437 -75.9437179565 50
2158 156.549499512 -76.8781967163 50
2159 36.5581054688 56.8230781555 50
2160 173.64276123 -81.5144729614 50
2161 48.5777320862 -69.407989502 50
2162 184.738433838 -78.8491973877 50
2163 121.435470581 10.041138649 50
2164 120.253166199 -36.2620315552 50
2165 117.124252319 4.93839263916 50
2166 86.0435333252 -27.3088150024 50
2167 89.0208816528 -17.1257839203 50
2168 113.274963379 -17.4531421661 50
2169 76.6650238037 -42.4454879761 50
2170 79.8558120728 16.0985889435 50
2171 88.810874939 7.88017892838 50
2172 115.240692139 -6.16576194763 50
2173 82.0321731567 -38.0709648132 50
2174 125.109588623 22.2762985229 50
2175 76.4923095703 22.4343166351 50
2176 111.557769775 -28.9567718506 50
2177 75.2610626221 -53.9161491394 50
2178 136.248764038 48.8375930786 50
2179 92.4049606323 -6.25693893433 50
2180 124.290313721 -54.4682312012 50
2181 75.4703369141 35.925075531 50
2182 73.6748809814 50.6058578491 50
2183 125.898139954 -68.611114502 50
2184 150.754043579 49.624370575 50
2185 71.3384094238 -61.1625671387 50
2186 59.5255622864 55.4704818726 50
2187 130.248046875 35.4610824585 50
2188 140.469726562 -73.3616790771 50
2189 57.911113739 -69.5114440918 50
2190 90.7052764893 0.794631659985 50
2191 45.007068634 59.6443252563 50
2192 165.987991333 51.2415275574 50
2193 156.770431519 -58.9910240173 50
2194 22.4875812531 -74.2443618774 50
2195 42.8978424072 -77.1730270386 50
2196 90.4008102417 -22.9918689728 50
2197 93.7246856689 -13.1365242004 50
2198 113.828536987 -35.3356132507 50
2199 86.4938049316 14.9771080017 50
2200 119.710227966 16.8419075012 50
2201 87.5647888184 -33.7073554993 50
2202 113.131126404 -0.0327628664672 50
2203 83.2166137695 -44.6654777527 50
2204 111.116638184 -11.0664587021 50
2205 109.205192566 -22.6255817413 50
2206 120.075744629 -48.1156272888 50
2207 79.9085235596 -60.4047164917 50
2208 79.8052215576 29.0839996338 50
2209 95.3098068237 5.70389270782 50
2210 123.67137146 30.149936676 50
2211 83.4889068604 22.0615158081 50
2212 67.1853866577 -68.9902496338 50
2213 129.25630188 43.8343086243 50
2214 143.31199646 53.3489303589 50
2215 157.356628418 54.9286575317 50
2216 120.943664551 -61.7686424255 50
2217 114.899589539 11.3803682327 50
2218 68.2322235107 57.6233253479 50
2219 78.7856063843 43.5810623169 50
2220 53.5441589355 62.2630348206 50
2221 131.482711792 -75.423324585 50
2222 38.6757202148 67.0573501587 50
2223 147.165542603 -79.8703765869 50
2224 96.9976577759 -1.50472187996 50
2225 78.1341247559 -48.1846313477 50
2226 52.7490501404 -77.6811523438 50
2227 37.1589927673 -85.3423461914 50
2228 26.5128707886 -84.448348999 50
2229 10.215968132 -72.185508728 50
2230 181.318267822 -89.1503677368 50
2231 9.46610736847 46.321231842 50
2232 182.599685669 52.5849609375 50
2233 163.801605225 -83.9992370605 50
2234 9.90065002441 57.4742088318 50
2235 29.4766979218 64.1048355103 50
2236 173.811965942 57.044380188 50
2237 110.910461426 6.08406496048 50
2238 93.2990722656 -28.8688259125 50
2239 94.3797683716 -19.1703872681 50
2240 109.174934387 -4.8368473053 50
2241 123.268859863 -41.9515991211 50
2242 93.4969177246 13.2107524872 50
2243 106.31350708 -15.9281616211 50
2244 106.97000885 -34.0493240356 50
2245 116.573097229 -41.7338829041 50
2246 117.771339417 24.2875919342 50
2247 105.046257019 -27.5821876526 50
2248 88.7880630493 -40.2590141296 50
2249 99.1122283936 -8.98152256012 50
2250 90.8748245239 21.0066337585 50
2251 31.6578521729 75.4638900757 50
2252 76.1810150146 -68.1389389038 50
2253 116.525856018 -54.8499183655 50
2254 83.4203948975 36.3026542664 50
2255 128.140090942 52.5103607178 50
2256 117.228057861 -69.5813903809 50
2257 135.57762146 57.5529785156 50
2258 149.810653687 56.9124908447 50
2259 82.4292144775 51.7208824158 50
2260 62.6487197876 -77.366355896 50
2261 122.303123474 38.5046539307 50
2262 62.4590072632 64.9493255615 50
2263 77.289680481 59.3376121521 50
2264 101.475494385 3.21974039078 50
2265 122.361740112 -76.9028930664 50
2266 87.4725189209 28.764831543 50
2267 164.621063232 61.0879478455 50
2268 137.80758667 -82.3584213257 50
2269 154.390869141 -86.8052749634 50
2270 47.1328430176 -86.2193069458 50
2271 31.997215271 -95.6414718628 50
2272 21.4506607056 71.4919891357 50
2273 171.254333496 -91.5053710938 50
2274 47.4805488586 69.5108337402 50
2275 112.702606201 18.3069019318 50
2276 191.277236938 47.3767242432 50
2277 14.7131481171 -83.4380722046 50
2278 192.337417603 -86.9266662598 50
2279 10.8068723679 68.5160903931 50
2280 181.87046814 63.5274925232 50
2281 99.6446075439 -16.1762371063 50
2282 95.1218948364 -23.7142467499 50
2283 105.242965698 -9.49147224426 50
2284 107.229499817 1.27956235409 50
2285 100.092987061 -32.009563446 50
2286 102.956565857 -21.6420536041 50
2287 103.205459595 -3.385876894 50
2288 94.4342193604 -36.1013870239 50
2289 107.698867798 12.572728157 50
2290 109.293159485 -40.8970375061 50
2291 90.1913146973 -46.8501472473 50
2292 100.803359985 10.8326873779 50
2293 99.0068359375 19.2040348053 50
2294 112.552886963 -47.8638687134 50
2295 115.011894226 32.6580848694 50
2296 84.615737915 -67.1055755615 50
2297 72.372756958 -76.3575134277 50
2298 120.987205505 47.092502594 50
2299 22.8719539642 82.4825057983 50
2300 127.123558044 61.6959457397 50
2301 112.654891968 -62.1513900757 50
2302 153.93661499 64.9687652588 50
2303 87.4188461304 44.0933456421 50
2304 191.032104492 58.8384284973 50
2305 112.981384277 -77.8995895386 50
2306 86.5967330933 60.5283813477 50
2307 71.933052063 67.4387435913 50
2308 143.703720093 61.9371757507 50
2309 95.6268920898 27.8596992493 50
2310 110.398834229 25.4779853821 50
2311 91.9873046875 36.1096496582 50
2312 178.981964111 -99.7432022095 50
2313 56.2129974365 72.1932678223 50
2314 128.229110718 -84.2532653809 50
2315 144.989318848 -89.5941467285 50
2316 57.4837265015 -86.6009063721 50
2317 41.6927223206 78.381362915 50
2318 172.634307861 67.5248947144 50
2319 41.7128410339 -93.1775970459 50
2320 161.799942017 -93.7869873047 50
2321 19.628742218 -92.8042678833 50
2322 188.174591064 -96.7265472412 50
2323 13.3788385391 78.0606155396 50
2324 105.623535156 6.79775667191 50
2325 99.1364822388 -25.8864345551 50
2326 95.2871704102 -42.4468002319 50
2327 101.417526245 -39.5114898682 50
2328 83.9537658691 -52.5189628601 50
2329 102.578323364 -12.6443481445 50
2330 98.2478637695 -21.3178710938 50
2331 106.050613403 19.5908641815 50
2332 108.469177246 -54.6818084717 50
2333 88.1393661499 -60.1347770691 50
2334 81.6382598877 -74.8652954102 50
2335 119.596229553 56.0071487427 50
2336 114.251266479 41.5111122131 50
2337 103.373085022 26.5103664398 50
2338 68.1229629517 -85.3866882324 50
2339 104.150672913 -47.0421905518 50
2340 163.438537598 71.6943969727 50
2341 108.219978333 -69.9426803589 50
2342 65.9413986206 75.9263839722 50
2343 135.368469238 67.2721176147 50
2344 81.7668380737 69.1248321533 50
2345 50.0971984863 78.5368270874 50
2346 91.8405761719 52.5168037415 50
2347 152.874633789 -97.0630645752 50
2348 118.212135315 -85.9320907593 50
2349 135.139022827 -91.8222198486 50
2350 168.881256104 -101.227798462 50
2351 96.8252792358 44.1802482605 50
2352 50.9781837463 -97.5512466431 50
2353 97.0843658447 -48.0725898743 50
2354 92.6513748169 -53.8118934631 50
2355 103.389915466 15.550078392 50
2356 107.819007874 31.4061946869 50
2357 104.073051453 -61.9750137329 50
2358 89.9798355103 -72.8193359375 50
2359 91.4563674927 -66.162940979 50
2360 78.3216323853 -83.526260376 50
2361 112.332336426 50.1367340088 50
2362 101.504852295 35.2480278015 50
2363 118.453071594 65.5238342285 50
2364 103.260215759 -78.2438812256 50
2365 96.1071243286 61.4113998413 50
2366 171.365310669 77.3635406494 50
2367 160.240570068 -102.41557312 50
2368 144.646835327 71.9374008179 50
2369 126.43409729 71.7912597656 50
2370 100.403450012 -54.4265289307 50
2371 143.227249146 -99.9764175415 50
2372 76.6195831299 78.6441268921 50
2373 58.1203651428 82.7760772705 50
2374 107.627754211 -87.1940307617 50
2375 91.7006759644 70.0075683594 50
2376 124.588279724 -93.8354187012 50
2377 41.4082374573 -101.27406311 50
2378 154.070266724 77.1151351929 50
2379 102.543991089 53.3703308105 50
2380 22.4787006378 -102.898399353 50
2381 9.39998054504 -91.724899292 50
2382 180.340744019 75.1860961914 50
2383 190.416976929 70.5352172852 50
2384 189.243927002 82.2556381226 50
2385 98.3366088867 -69.7097930908 50
2386 106.062675476 43.575378418 50
2387 99.4849319458 -44.2682685852 50
2388 95.8433685303 -61.0368232727 50
2389 111.087600708 59.3487510681 50
2390 87.8310699463 -81.1080169678 50
2391 74.3127593994 -93.1523284912 50
2392 108.92993927 36.8797607422 50
2393 87.397026062 79.5709075928 50
2394 117.599311829 76.043182373 50
2395 96.0948638916 -87.1792755127 50
2396 101.237503052 70.1904983521 50
2397 135.393341064 79.1224365234 50
2398 113.070983887 -96.391960144 50
2399 132.338180542 -101.522163391 50
2400 163.831954956 82.6955108643 50
2401 12.654425621 -99.0480117798 50
2402 95.1005172729 -77.8120574951 50
2403 84.9230422974 -90.6987075806 50
2404 110.07358551 68.7638626099 50
2405 98.0879974365 79.7982711792 50
2406 101.421058655 -98.0360412598 50
2407 63.2353019714 -95.7920532227 50
2408 125.297119141 81.3913726807 50
2409 145.645614624 81.6349945068 50
2410 104.209960938 62.6169700623 50
2411 120.489768982 -103.624923706 50
2412 108.421302795 79.1326370239 50
2413 81.1025772095 -101.9090271 50
2414 91.5318374634 -97.5646057129 50
2415 69.6124801636 -102.170684814 50
2416 4.87063407898 -66.4248962402 50
2417 11.764705658 90 46.1538467407
2418 23.5294113159 90 46.1538467407
2419 35.2941169739 90 46.1538467407
2420 47.0588226318 90 46.1538467407
2421 58.8235282898 90 46.1538467407
2422 70.5882339478 90 46.1538467407
2423 82.3529434204 90 46.1538467407
2424 94.1176452637 90 46.1538467407
2425 105.882354736 90 46.1538467407
2426 117.64705658 90 46.1538467407
2427 129.411758423 90 46.1538467407
2428 141.176467896 90 46.1538467407
2429 152.941177368 90 46.1538467407
2430 164.705886841 90 46.1538467407
2431 176.470581055 90 46.1538467407
2432 188.235290527 90 46.1538467407
2433 11.764705658 90 42.3076934814
2434 23.5294113159 90 42.3076934814
2435 35.2941169739 90 42.3076934814
2436 47.0588226318 90 42.3076934814
2437 58.8235282898 90 42.3076934814
2438 70.5882339478 90 42.3076934814
2439 82.3529434204 90 42.3076934814
2440 94.1176452637 90 42.3076934814
2441 105.882354736 90 42.3076934814
2442 117.64705658 90 42.3076934814
2443 129.411758423 90 42.3076934814
2444 141.176467896 90 42.3076934814
2445 152.941177368 90 42.3076934814
2446 164.705886841 90 42.3076934814
2447 176.470581055 90 42.3076934814
2448 188.235290527 90 42.3076934814
2449 11.764705658 90 38.4615402222
2450 23.5294113159 90 38.4615402222
2451 35.2941169739 90 38.4615402222
2452 47.0588226318 90 38.4615402222
2453 58.8235282898 90 38.4615402222
2454 70.5882339478 90 38.4615402222
2455 82.3529434204 90 38.4615402222
2456 94.1176452637 90 38.4615402222
2457 105.882354736 90 38.4615402222
2458 117.64705658 90 38.4615402222
2459 129.411758423 90 38.4615402222
2460 141.176467896 90 38.4615402222
2461 152.941177368 90 38.4615402222
2462 164.705886841 90 38.4615402222
2463 176.470581055 90 38.4615402222
2464 188.235290527 90 38.4615402222
2465 11.764705658 90 34.6153831482
2466 23.5294113159 90 34.6153831482
2467 35.2941169739 90 34.6153831482
2468 47.0588226318 90 34.6153831482
2469 58.8235282898 90 34.6153831482
2470 70.5882339478 90 34.6153831482
2471 82.3529434204 90 34.6153831482
2472 94.1176452637 90 34.6153831482
2473 105.882354736 90 34.6153831482
2474 117.64705658 90 34.6153831482
2475 129.411758423 90 34.6153831482
2476 141.176467896 90 34.6153831482
2477 152.941177368 90 34.6153831482
2478 164.705886841 90 34.6153831482
2479 176.470581055 90 34.6153831482
2480 188.235290527 90 34.6153831482
2481 11.764705658 90 30.7692298889
2482 23.5294113159 90 30.7692298889
2483 35.2941169739 90 30.7692298889
2484 47.0588226318 90 30.7692298889
2485 58.8235282898 90 30.7692298889
2486 70.5882339478 90 30.7692298889
2487 82.3529434204 90 30.7692298889
2488 94.1176452637 90 30.7692298889
2489 105.882354736 90 30.7692298889
2490 117.64705658 90 30.7692298889
2491 129.411758423 90 30.7692298889
2492 141.176467896 90 30.7692298889
2493 152.941177368 90 30.7692298889
2494 164.705886841 90 30.7692298889
2495 176.470581055 90 30.7692298889
2496 188.235290527 90 30.7692298889
2497 11.764705658 90 26.9230766296
2498 23.5294113159 90 26.9230766296
2499 35.2941169739 90 26.9230766296
2500 47.0588226318 90 26.9230766296
2501 58.8235282898 90 26.9230766296
2502 70.5882339478 90 26.9230766296
2503 82.3529434204 90 26.9230766296
2504 94.1176452637 90 26.9230766296
2505 105.882354736 90 26.9230766296
2506 117.64705658 90 26.9230766296
2507 129.411758423 90 26.9230766296
2508 141.176467896 90 26.9230766296
2509 152.941177368 90 26.9230766296
2510 164.705886841 90 26.9230766296
2511 176.470581055 90 26.9230766296
2512 188.235290527 90 26.9230766296
2513 11.764705658 90 23.0769233704
2514 23.5294113159 90 23.0769233704
2515 35.2941169739 90 23.0769233704
2516 47.0588226318 90 23.0769233704
2517 58.8235282898 90 23.0769233704
2518 70.5882339478 90 23.0769233704
2519 82.3529434204 90 23.0769233704
2520 94.1176452637 90 23.0769233704
2521 105.882354736 90 23.0769233704
2522 117.64705658 90 23.0769233704
2523 129.411758423 90 23.0769233704
2524 141.176467896 90 23.0769233704
2525 152.941177368 90 23.0769233704
2526 164.705886841 90 23.0769233704
2527 176.470581055 90 23.0769233704
2528 188.235290527 90 23.0769233704
2529 11.764705658 90 19.2307701111
2530 23.5294113159 90 19.2307701111
2531 35.2941169739 90 19.2307701111
2532 47.0588226318 90 19.2307701111
2533 58.8235282898 90 19.2307701111
2534 70.5882339478 90 19.2307701111
2535 82.3529434204 90 19.2307701111
2536 94.1176452637 90 19.2307701111
2537 105.882354736 90 19.2307701111
2538 117.64705658 90 19.2307701111
2539 129.411758423 90 19.2307701111
2540 141.176467896 90 19.2307701111
2541 152.941177368 90 19.2307701111
2542 164.705886841 90 19.2307701111
2543 176.470581055 90 19.2307701111
2544 188.235290527 90 19.2307701111
2545 11.764705658 90 15.3846149445
2546 23.5294113159 90 15.3846149445
2547 35.2941169739 90 15.3846149445
2548 47.0588226318 90 15.3846149445
2549 58.8235282898 90 15.3846149445
2550 70.5882339478 90 15.3846149445
2551 82.3529434204 90 15.3846149445
2552 94.1176452637 90 15.3846149445
2553 105.882354736 90 15.3846149445
2554 117.64705658 90 15.3846149445
2555 129.411758423 90 15.3846149445
2556 141.176467896 90 15.3846149445
2557 152.941177368 90 15.3846149445
2558 164.705886841 90 15.3846149445
2559 176.470581055 90 15.3846149445
2560 188.235290527 90 15.3846149445
2561 11.764705658 90 11.5384616852
2562 23.5294113159 90 11.5384616852
2563 35.2941169739 90 11.5384616852
2564 47.0588226318 90 11.5384616852
2565 58.8235282898 90 11.5384616852
2566 70.5882339478 90 11.5384616852
2567 82.3529434204 90 11.5384616852
2568 94.1176452637 90 11.5384616852
2569 105.882354736 90 11.5384616852
2570 117.64705658 90 11.5384616852
2571 129.411758423 90 11.5384616852
2572 141.176467896 90 11.5384616852
2573 152.941177368 90 11.5384616852
2574 164.705886841 90 11.5384616852
2575 176.470581055 90 11.5384616852
2576 188.235290527 90 11.5384616852
2577 11.764705658 90 7.69230747223
2578 23.5294113159 90 7.69230747223
2579 35.2941169739 90 7.69230747223
2580 47.0588226318 90 7.69230747223
2581 58.8235282898 90 7.69230747223
2582 70.5882339478 90 7.69230747223
2583 82.3529434204 90 7.69230747223
2584 94.1176452637 90 7.69230747223
2585 105.882354736 90 7.69230747223
2586 117.64705658 90 7.69230747223
2587 129.411758423 90 7.69230747223
2588 141.176467896 90 7.69230747223
2589 152.941177368 90 7.69230747223
2590 164.705886841 90 7.69230747223
2591 176.470581055 90 7.69230747223
2592 188.235290527 90 7.69230747223
2593 11.764705658 90 3.84615373611
2594 23.5294113159 90 3.84615373611
2595 35.2941169739 90 3.84615373611
2596 47.0588226318 90 3.84615373611
2597 58.8235282898 90 3.84615373611
2598 70.5882339478 90 3.84615373611
2599 82.3529434204 90 3.84615373611
2600 94.1176452637 90 3.84615373611
2601 105.882354736 90 3.84615373611
2602 117.64705658 90 3.84615373611
2603 129.411758423 90 3.84615373611
2604 141.176467896 90 3.84615373611
2605 152.941177368 90 3.84615373611
2606 164.705886841 90 3.84615373611
2607 176.470581055 90 3.84615373611
2608 188.235290527 90 3.84615373611
2609 154.408843994 -11.4158906937 23.8832073212
2610 154.688796997 -13.9225006104 30.8895721436
2611 157.077224731 -9.13657093048 27.0428943634
2612 150.068206787 -12.4343729019 28.8769569397
2613 195.868148804 8.62151145935 25.139875412
2614 192.800765991 14.3242444992 22.2309436798
2615 195.565765381 6.69306755066 23.0860366821
2616 190.941757202 5.41590070724 28.0540676117
2617 153.210220337 -7.39078474045 22.1473293304
2618 151.88949585 -5.18030786514 26.0558185577
2619 159.65486145 -14.3347053528 27.5067253113
2620 160.027603149 -11.7220954895 21.9569034576
2621 150.387588501 -16.8551750183 22.7118244171
2622 148.21534729 -10.4298019409 24.8030261993
2623 155.232620239 -15.944934845 25.2269744873
2624 154.731155396 -13.4151659012 18.1333332062
2625 110.243080139 7.94193220139 28.3248252869
2626 105.640228271 10.6930885315 29.8510608673
2627 105.715606689 7.99802970886 23.9805679321
2628 102.487747192 2.2978053093 30.8341331482
2629 107.77633667 16.0794811249 25.3704109192
2630 112.783096313 10.8788890839 24.1871566772
2631 108.177558899 7.99805498123 34.093132019
2632 107.467063904 1.96154999733 31.6750640869
2633 112.435493469 1.4903973341 31.3885955811
2634 110.65587616 12.8129329681 31.401391983
2635 109.502990723 3.24872517586 25.3076877594
2636 115.12097168 3.75681996346 24.8716526031
2637 161.330337524 -1.1881159544 28.5823059082
2638 157.254638672 -2.14329266548 34.7859611511
2639 161.159606934 -7.27694320679 30.4109458923
2640 163.834350586 -3.66975617409 31.5649452209
2641 159.630050659 2.38271141052 35.3828926086
2642 166.167739868 0.0707571581006 33.0047035217
2643 168.473815918 -2.06555700302 36.5882759094
2644 162.767303467 -1.71909070015 38.4192466736
2645 169.073379517 -4.00834274292 29.9351043701
2646 167.685058594 -7.52915382385 27.9778270721
2647 164.804626465 -4.92371368408 27.0031394958
2648 166.404312134 -0.58252209425 26.0949134827
2649 127.880683899 -6.14204692841 45.0674285889
2650 130.80291748 -11.5336589813 46.3279457092
2651 128.195220947 -7.56140851974 38.7857551575
2652 135.687576294 -9.5007982254 39.8745613098
2653 163.5806427 -6.9232301712 35.3900871277
2654 146.694122314 -15.7582731247 28.8865585327
2655 149.809020996 -18.8805618286 28.3598670959
2656 143.074264526 -19.1138954163 28.1731796265
2657 142.284576416 -18.0410881042 22.7830734253
2658 146.807098389 -15.0143861771 22.6598072052
2659 149.670227051 -13.5059375763 34.3081703186
2660 144.464035034 -10.5840826035 28.5328464508
2661 149.389968872 -18.0487537384 34.3248443604
2662 143.933242798 -19.6170883179 33.7304992676
2663 22.7164039612 4.45953273773 39.1001434326
2664 24.8950824738 1.77166998386 45.5730133057
2665 20.7971820831 3.90605854988 39.72605896
2666 22.2557277679 -0.271148383617 40.5352401733
2667 140.701675415 -12.9894313812 28.5850162506
2668 144.56880188 -14.9363594055 33.9508857727
2669 106.549087524 -14.542473793 27.662322998
2670 101.176704407 -13.1109876633 30.834487915
2671 104.304985046 -18.9095611572 31.5778675079
2672 105.272956848 -9.62111377716 33.0493736267
2673 190.274459839 4.08785581589 18.7227497101
2674 193.192520142 -0.0280341338366 14.5023422241
2675 192.904785156 79.1381988525 5.45604753494
2676 74.4761505127 -43.3486213684 21.5936126709
2677 64.6775054932 -46.2507286072 22.5941314697
2678 72.7046813965 -37.188293457 24.980096817
2679 65.96509552 -38.2334823608 19.0866737366
2680 108.275054932 -8.46183013916 26.4138126373
2681 112.530479431 -12.90721035 24.7633724213
2682 105.484375 -12.5954189301 21.816318512
2683 193.037658691 27.4211730957 17.5249900818
2684 193.255935669 39.5465545654 17.1127853394
2685 188.164016724 30.4668521881 14.0078668594
2686 100.774421692 -9.64968204498 25.827703476
2687 102.778800964 -17.8227424622 24.5766086578
2688 109.992973328 -11.6452083588 30.7330627441
2689 112.510185242 -20.7396945953 30.7598190308
2690 65.3414611816 -6.13363456726 22.4438171387
2691 65.5905456543 1.29294145107 18.8211860657
2692 64.688331604 -4.27681970596 17.0954303741
2693 58.5492362976 0.29063680768 20.0579910278
2694 68.7143554688 -2.46062088013 25.1433734894
2695 62.100151062 -2.12119841576 30.1795120239
2696 65.3960418701 4.0704741478 25.0489768982
2697 61.8845405579 -10.029302597 24.0616607666
2698 65.986038208 -7.93949604034 27.2164821625
2699 73.0992889404 -7.04406547546 21.9045944214
2700 69.4831314087 -3.51489281654 19.3645896912
2701 153.542770386 -22.3112850189 23.5191688538
2702 146.89163208 -22.3266906738 22.7839221954
2703 151.279159546 -19.6418685913 17.1471061707
2704 154.772109985 -28.2718143463 18.881526947
2705 158.900772095 -21.3960914612 22.5376281738
2706 156.454391479 -27.223028183 24.1513671875
2707 148.342407227 -26.9397029877 19.2513561249
2708 149.05670166 -23.8456020355 27.1614494324
2709 39.5641174316 -49.033782959 43.98254776
2710 38.9777450562 -47.3932113647 35.8093223572
2711 45.968120575 -47.0738334656 43.2968597412
2712 41.9859352112 -52.7981910706 35.8151245117
2713 153.24079895 -23.030632019 29.5435123444
2714 145.852584839 -5.75118923187 18.2233467102
2715 145.404037476 -3.41392254829 23.6656723022
2716 143.664489746 -1.18160426617 17.8320064545
2717 142.333694458 -8.07548332214 22.6894397736
2718 149.744842529 -3.82958579063 20.2862949371
2719 146.519470215 -9.72255325317 20.3858718872
2720 141.541046143 -7.40190839767 16.748456955
2721 141.984848022 -7.66473484039 11.3381071091
2722 145.946594238 -10.5561599731 15.8087234497
2723 184.065582275 82.8148880005 9.81391143799
2724 149.530136108 -7.86751174927 14.7092876434
2725 150.099060059 -2.6604077816 15.4430007935
2726 154.096099854 -6.52413797379 32.1818389893
2727 159.396286011 -14.7972812653 31.7226982117
2728 157.773773193 -10.0832595825 33.5696563721
2729 7.33162975311 22.3123283386 11.6657094955
2730 11.8601169586 29.3388729095 7.69577693939
2731 164.189254761 -10.3540678024 28.6995162964
2732 162.173141479 -8.23090362549 24.3296947479
2733 156.223144531 -1.54048597813 30.0167675018
2734 169.901870728 83.1324157715 9.12830162048
2735 147.943267822 -3.1498541832 28.5512676239
2736 147.998840332 -8.13925743103 30.0493774414
2737 141.39881897 -12.6784124374 22.6176071167
2738 149.714752197 -12.9318256378 19.8826160431
2739 45.7526626587 -12.789390564 20.9507598877
2740 43.5433006287 -17.0312328339 20.036655426
2741 39.4379882812 -14.3853683472 23.189781189
2742 41.0756835938 -13.5455274582 15.7252111435
2743 194.04460144 -2.44273233414 18.3129653931
2744 48.0563049316 -18.9470214844 22.2564067841
2745 47.6299133301 -19.7814273834 16.6970596313
2746 157.237121582 82.3162689209 5.38657188416
2747 165.148834229 78.691619873 6.09877347946
2748 51.3449745178 -13.5734119415 19.1680831909
2749 51.1534729004 -11.1723957062 25.4607143402
2750 48.0971107483 -8.13568496704 21.9437408447
2751 47.4965362549 -8.59016513824 28.0272598267
2752 44.0900230408 -16.9550437927 28.4226531982
2753 41.6580924988 -10.0967769623 24.1857128143
2754 37.2983818054 -15.4064979553 27.822303772
2755 37.3085021973 -21.7610282898 27.8523807526
2756 38.7706336975 -20.0013198853 33.1983604431
2757 38.736541748 -20.3108444214 23.5877456665
2758 33.2341651917 -19.0977039337 26.3848018646
2759 30.7581119537 -15.8922958374 23.2688846588
2760 31.90442276 -13.3714075089 29.5917797089
2761 34.8768539429 -16.9238147736 20.0269889832
2762 35.4859313965 -12.1914615631 31.9742488861
2763 35.792678833 -11.5229921341 26.7615203857
2764 35.2511138916 -16.6029262543 31.3496780396
2765 69.2719573975 -15.7398529053 23.8135032654
2766 69.8569869995 -18.0853919983 30.9435405731
2767 64.1219100952 -12.0784807205 27.7062320709
2768 63.2904968262 -17.1301269531 26.8126010895
2769 72.2159194946 -14.0597667694 17.3556213379
2770 66.6285095215 -11.6390895844 22.4081668854
2771 73.8014831543 -13.7762136459 22.0713920593
2772 75.3915405273 -13.4918498993 26.8005905151
2773 70.5319442749 -11.8458814621 28.1275978088
2774 72.0206069946 -20.0038146973 25.2747612
2775 63.3018722534 -15.8192481995 21.5845165253
2776 68.5286026001 -18.3420619965 18.7599201202
2777 66.7303314209 -21.0553760529 25.0605182648
2778 192.439865112 -44.8398284912 10.3965873718
2779 192.21144104 -36.5708389282 10.2886743546
2780 28.4760818481 -39.1113395691 28.5580062866
2781 25.6492042542 -31.8650798798 28.3380012512
2782 22.6119613647 -36.9651679993 33.7114448547
2783 31.5423488617 -30.6942024231 29.4903793335
2784 30.0374221802 -31.6164035797 23.8810405731
2785 32.9943695068 -24.5655841827 25.9466876984
2786 22.7993450165 -26.4865531921 24.1817722321
2787 22.7564868927 -33.3490142822 21.3226909637
2788 26.1105632782 -23.5950527191 31.4299468994
2789 19.6086463928 -32.9527206421 27.0789756775
2790 16.4840507507 -32.5593414307 32.7927284241
2791 19.4654750824 -25.2815990448 32.5565567017
2792 26.9731311798 -29.1342430115 34.586681366
2793 160.888504028 -3.26359462738 23.3678150177
2794 157.109222412 -5.05156755447 21.1055221558
2795 153.899978638 -0.54628932476 20.5723304749
2796 6.50029039383 0.0348791182041 17.7289962769
2797 6.58105421066 9.24674224854 16.5425128937
2798 6.83211183548 10.1470375061 25.9729385376
2799 10.5196313858 9.45618343353 18.7355461121
2800 18.1001205444 9.13302707672 39.6255187988
2801 21.4716300964 9.23212242126 44.4559059143
2802 18.5209026337 2.801415205 45.0928649902
2803 32.9189910889 15.636554718 24.7011432648
2804 38.8998794556 21.9161739349 22.2556724548
2805 38.9694442749 13.7213115692 25.1494293213
2806 39.3966369629 16.7633934021 18.9769496918
2807 32.7185592651 22.6708545685 28.5510387421
2808 38.0516929626 19.5706214905 30.0628566742
2809 38.3050689697 11.7696828842 31.2272472382
2810 33.2629890442 10.430185318 28.2433643341
2811 28.7586345673 17.3537082672 28.7516365051
2812 55.2915687561 -13.3076581955 23.420124054
2813 57.9422492981 -17.0228214264 21.9173526764
2814 52.556098938 -18.1143264771 22.108789444
2815 57.4073219299 -13.2676124573 16.0932388306
2816 59.0481491089 -13.1670732498 27.3826217651
2817 56.0110816956 -5.81529331207 22.7820358276
2818 55.0709190369 -8.47477817535 27.7381839752
2819 59.9329872131 -8.32249927521 20.1492061615
2820 170.476974487 2.81461620331 26.4108486176
2821 170.317306519 10.5467386246 22.9516830444
2822 166.792541504 7.5137014389 19.044713974
2823 167.857711792 6.36714982986 29.3866481781
2824 162.964706421 8.65333557129 28.2993106842
2825 175.529556274 9.48861503601 13.8420066833
2826 175.373947144 6.20962619781 18.1423168182
2827 174.653915405 14.0964593887 17.6367683411
2828 147.669921875 -102.413536072 41.3482971191
2829 142.410644531 -103.394706726 36.9941329956
2830 173.048156738 4.54210805893 22.5330944061
2831 174.96723938 11.7128000259 25.9187660217
2832 166.747055054 13.5153675079 28.132106781
2833 162.55696106 13.8476190567 24.0559844971
2834 164.189071655 14.2465343475 17.6731529236
2835 167.500473022 16.3611087799 22.9958724976
2836 168.001449585 -25.0373573303 25.0275917053
2837 166.889129639 -29.2362155914 29.1010932922
2838 166.242355347 -23.9067687988 31.1334209442
2839 159.146820068 -24.9358673096 28.427822113
2840 169.044998169 -21.0980949402 21.2059364319
2841 167.188232422 -27.1726703644 19.8223133087
2842 164.004516602 -21.3642539978 23.7262916565
2843 167.202957153 -20.0227546692 27.1836948395
2844 173.875961304 -20.1834087372 23.2454357147
2845 171.278381348 -31.9002094269 24.1300849915
2846 164.987869263 -34.0457611084 24.7232379913
2847 171.96244812 -25.6831989288 20.4980545044
2848 173.211776733 -20.9007911682 30.4593906403
2849 194.508956909 -41.0017662048 5.18278169632
2850 173.289855957 -25.982093811 26.8695850372
2851 165.750427246 -8.71959018707 20.70454216
2852 161.193786621 -6.1151638031 17.5325546265
2853 133.585891724 -103.015846252 40.5858154297
2854 9.11815834045 -25.4358921051 27.5312767029
2855 6.03953886032 -30.4327449799 31.9042663574
2856 169.273544312 -6.1547665596 23.2908782959
2857 164.749893188 -4.66808271408 20.1029777527
2858 149.417282104 9.82274246216 24.0170021057
2859 146.732818604 4.65166807175 24.5502319336
2860 144.220977783 14.0847787857 21.3847427368
2861 146.333236694 9.04738616943 15.9945116043
2862 150.212966919 15.6458539963 17.5101184845
2863 152.104049683 14.9766874313 23.379940033
2864 152.445663452 10.764084816 18.6684131622
2865 148.705596924 4.06545734406 17.8464870453
2866 154.503677368 12.0098075867 30.9371051788
2867 156.636703491 11.288977623 24.4279022217
2868 153.809204102 5.26734638214 26.3439559937
2869 54.9034233093 2.90813732147 23.9356441498
2870 50.5357933044 11.612944603 24.805305481
2871 49.9316177368 3.70890665054 26.4709243774
2872 56.6679573059 6.72015333176 31.6537532806
2873 52.1188201904 0.252149015665 32.954914093
2874 52.0044746399 -2.56924295425 27.2512702942
2875 135.741821289 83.1502532959 5.98040914536
2876 149.101119995 82.7641372681 7.00549221039
2877 58.9244003296 1.79536068439 27.7950153351
2878 59.6792945862 6.83683300018 24.8634433746
2879 56.1117210388 5.74356651306 17.8170833588
2880 51.6949501038 -1.20734727383 21.2615013123
2881 58.1922683716 -3.05202555656 26.5931777954
2882 22.6962604523 -102.058433533 35.0229187012
2883 192.361877441 81.8871459961 17.2379417419
2884 99.5874633789 9.3598241806 30.0582199097
2885 101.820960999 -0.852139472961 26.8856487274
2886 96.0324478149 4.78661584854 30.2861328125
2887 46.7430839539 -1.50605213642 33.9354286194
2888 46.5844688416 -5.02658462524 30.8456878662
2889 38.9896392822 -4.75374937057 27.7451515198
2890 42.5129470825 -2.28186392784 24.3692588806
2891 52.6975975037 -8.52517414093 33.6300849915
2892 46.9993743896 -7.9623503685 34.4222679138
2893 42.8092422485 -9.40732860565 31.3893814087
2894 42.3799362183 -1.47364532948 31.2144756317
2895 39.5878219604 -4.84790372849 35.7407073975
2896 42.9355125427 -1.50407576561 36.2614707947
2897 164.896331787 10.67552948 33.1618461609
2898 170.901107788 18.53266716 28.462053299
2899 139.845291138 4.75428533554 31.202922821
2900 142.127685547 -0.683289706707 30.2821025848
2901 138.420379639 0.776941299438 24.410774231
2902 145.546401978 5.56493616104 31.1580486298
2903 139.647659302 6.64829587936 25.4931964874
2904 135.41494751 0.560304880142 31.9972057343
2905 145.121673584 0.463667273521 39.690864563
2906 144.299926758 5.87296533585 37.4162597656
2907 139.44418335 -2.0315284729 34.4143600464
2908 159.410095215 83.077255249 11.5707445145
2909 157.826965332 -16.9961528778 17.7981815338
2910 156.690338135 -9.43053722382 19.8707199097
2911 91.9651565552 -22.9269504547 28.2617340088
2912 93.327911377 -28.3233509064 25.030380249
2913 86.737487793 -27.1664505005 31.1334457397
2914 86.2400512695 -26.8477916718 24.8234729767
2915 98.8472518921 -22.7574157715 26.3246746063
2916 96.2835693359 -23.4367809296 34.5805778503
2917 94.0658187866 -28.2471103668 31.1390972137
2918 90.5332183838 -17.2386722565 24.8524971008
2919 85.5643005371 -21.4608917236 30.6711883545
2920 88.7711715698 -16.8538455963 31.279466629
2921 93.1824417114 -19.0919780731 34.0557823181
2922 190.060440063 -4.48210477829 27.4458389282
2923 189.489654541 -1.15522778034 23.3088417053
2924 192.433105469 -4.18350124359 22.5088329315
2925 94.436164856 -23.0087146759 22.1192550659
2926 97.4058456421 -15.9295167923 25.4598522186
2927 85.5931167603 -21.4358081818 24.7587604523
2928 68.2730560303 -47.4820327759 28.7485198975
2929 137.021316528 63.0501670837 16.5537128448
2930 129.173126221 63.1967430115 15.9378566742
2931 135.613433838 57.008392334 12.8834095001
2932 132.070098877 53.93516922 17.274389267
2933 153.343704224 -7.13254404068 17.7786712646
2934 158.813659668 -10.1347961426 15.2375507355
2935 140.730926514 53.7049751282 8.36634922028
2936 138.079391479 61.6935157776 8.34861278534
2937 131.98765564 54.0722198486 8.9454908371
2938 157.050918579 -1.38871371746 17.2183933258
2939 157.364242554 0.576242208481 24.4695568085
2940 127.589805603 83.7195129395 6.66542387009
2941 151.93321228 -0.311409801245 27.3991165161
2942 163.550613403 4.50004768372 32.5626373291
2943 157.932052612 2.91776561737 29.991809845
2944 159.31060791 8.75263404846 32.5690231323
2945 169.067520142 5.20519304276 34.3483810425
2946 97.10496521 19.2432613373 20.8680343628
2947 94.3462219238 21.0387840271 10.6186971664
2948 99.208404541 25.2822227478 14.3475799561
2949 100.695976257 15.6736240387 14.9451675415
2950 141.715942383 53.9841957092 16.8846092224
2951 96.6346130371 18.6069316864 28.4567317963
2952 96.6757202148 12.6542434692 20.6733894348
2953 90.4225311279 19.1564292908 21.3388824463
2954 90.2359924316 20.4724636078 28.156709671
2955 97.5447006226 25.9932460785 21.067440033
2956 90.5955581665 17.8675556183 14.7112760544
2957 127.77015686 4.89650535583 23.896282196
2958 127.9637146 10.586848259 25.7037525177
2959 134.026397705 9.66215229034 23.9866733551
2960 129.657684326 11.3081083298 18.1803474426
2961 123.361595154 8.82981204987 18.5331096649
2962 130.816314697 5.923640728 18.3689231873
2963 130.413330078 0.303381621838 23.2887744904
2964 132.321166992 5.81403017044 27.8696861267
2965 123.284721375 -0.15672378242 24.9302959442
2966 124.608581543 3.48137497902 19.4334697723
2967 129.880706787 62.4516677856 7.09827852249
2968 134.191818237 76.442276001 5.90734815598
2969 161.397323608 -21.5875415802 30.891752243
2970 64.7521820068 -9.49109458923 4.47788953781
2971 59.6779403687 -7.11234998703 4.69507074356
2972 64.586479187 -9.37469387054 9.91061210632
2973 62.8540077209 -5.54428243637 4.33226203918
2974 22.8974399567 -15.8308773041 7.28628349304
2975 24.1061191559 -20.3652553558 8.23820400238
2976 19.2501945496 -15.4592132568 10.6107025146
2977 18.5884647369 -16.4868183136 7.79219913483
2978 161.939025879 -28.3735961914 19.9236755371
2979 157.962661743 -24.4459648132 16.3287277222
2980 161.224884033 -15.8602819443 21.0045261383
2981 163.561843872 -22.7545032501 18.7928581238
2982 157.063232422 -1.53055357933 11.7915363312
2983 160.949645996 -1.73054325581 14.509563446
2984 164.646820068 -1.96813392639 12.0461034775
2985 159.302368164 2.513630867 13.2949295044
2986 163.220397949 0.903173208237 17.5418777466
2987 162.416946411 -5.558116436 10.5613069534
2988 164.819015503 -5.48881816864 15.0310621262
2989 157.60774231 -5.92125511169 11.5076541901
2990 46.2165565491 -13.1889514923 32.4708900452
2991 48.9054832458 -17.2229881287 33.4896659851
2992 51.5969696045 -17.5197811127 27.7866287231
2993 37.4302864075 -15.128988266 34.8185462952
2994 127.032424927 62.4693260193 33.0792999268
2995 119.22467041 62.7531089783 24.5552120209
2996 127.090454102 69.4327850342 34.2799453735
2997 126.366279602 70.4673690796 22.1164684296
2998 46.2977485657 -9.09972953796 39.5491027832
2999 50.2513771057 -11.7888469696 39.2992744446
3000 52.2811470032 -12.6642484665 30.2287921906
3001 43.504901886 -15.8199062347 36.6602592468
3002 124.576202393 76.6149749756 6.03413772583
3003 41.6844940186 -8.7286605835 37.3106498718
3004 63.9189949036 -0.132146313787 34.9912986755
3005 58.3732681274 -7.72853517532 35.1540908813
3006 65.1357574463 -5.86492967606 32.4587554932
3007 65.5076980591 7.25596761703 30.9324436188
3008 57.1675262451 -0.330641061068 32.4415779114
3009 61.4037704468 -12.5951023102 3.41545891762
3010 60.1706542969 -12.3224563599 9.72524261475
3011 57.4111480713 -8.86507797241 7.90120172501
3012 53.4022483826 -6.55677270889 8.41250133514
3013 56.0626831055 -6.08683633804 11.6764659882
3014 54.8015174866 -4.52560949326 4.92428731918
3015 55.5882606506 -10.5278577805 11.3723506927
3016 60.3501586914 -5.97063779831 10.0090236664
3017 54.2558326721 -8.35749053955 3.98246359825
3018 163.980651855 2.88601756096 23.5304946899
3019 36.0195655823 -2.21309781075 30.1098079681
3020 37.8503456116 3.55718517303 25.9867725372
3021 32.8619194031 3.563570261 30.0969619751
3022 37.8766479492 -0.306747704744 34.3336868286
3023 31.6972770691 -4.60349750519 35.6894264221
3024 33.1824264526 0.346810281277 33.22448349
3025 30.4091625214 -2.72922468185 29.4588336945
3026 35.0860786438 -6.66177177429 29.7113494873
3027 34.8705177307 -1.90443515778 25.2158126831
3028 31.3207092285 -5.78582572937 26.5087013245
3029 70.886138916 -7.60752296448 16.9448986053
3030 64.5856552124 -9.59984302521 15.7638130188
3031 169.780273438 -25.6628398895 45.4855728149
3032 169.087493896 -23.9847946167 37.6184768677
3033 169.475967407 -30.4513168335 38.9759635925
3034 164.200637817 -27.0130805969 40.9096031189
3035 58.6833000183 -7.6462893486 30.3189945221
3036 143.768875122 -5.80840158463 28.8066692352
3037 151.433853149 -0.693450093269 33.8782424927
3038 144.522537231 -3.33785915375 34.5616989136
3039 105.576400757 20.4119567871 29.2183303833
3040 113.153503418 17.4665374756 28.789440155
3041 111.49949646 18.4205741882 35.9804763794
3042 106.138771057 19.6961708069 36.7706565857
3043 36.9854850769 17.6496772766 37.7897834778
3044 29.6387233734 12.4657068253 38.7240066528
3045 32.0230026245 23.1077251434 36.1206970215
3046 33.7063713074 13.1172628403 34.8364105225
3047 116.071159363 9.064868927 30.0470218658
3048 119.051872253 14.6756267548 35.3593025208
3049 62.8017997742 -14.757235527 16.2026977539
3050 60.9401321411 -20.2097587585 17.2576408386
3051 114.937522888 83.4078063965 5.85297346115
3052 54.647983551 -18.5192470551 16.5212554932
3053 54.1265487671 -1.06489920616 14.8588933945
3054 54.1695976257 -8.32470321655 18.7057743073
3055 59.5214271545 -2.46409201622 14.190829277
3056 100.737503052 83.5312271118 7.04620981216
3057 191.961685181 23.3397407532 41.4135169983
3058 193.108703613 23.0808162689 34.656665802
3059 141.245986938 -23.3765277863 24.0803966522
3060 132.493972778 -19.7377071381 24.572719574
3061 134.828353882 -25.7809524536 30.8555698395
3062 137.31288147 -17.9583625793 24.8500652313
3063 144.833312988 -21.9438762665 18.4016075134
3064 137.004364014 -22.5222454071 18.9467716217
3065 141.533721924 -29.0615253448 24.4459056854
3066 142.194747925 -27.0798072815 18.7497844696
3067 153.262054443 21.9703712463 12.5927867889
3068 148.210144043 21.0256080627 16.6983261108
3069 152.81262207 20.3482837677 20.6567821503
3070 156.044326782 15.2202835083 19.2023906708
3071 155.914367676 14.1469326019 12.171713829
3072 151.455978394 10.221124649 12.6152610779
3073 163.685928345 -33.2375411987 18.6671466827
3074 162.304672241 -28.3095302582 14.7532863617
3075 167.859054565 -22.66929245 15.9066534042
3076 171.577819824 -25.5055580139 12.3168230057
3077 166.462081909 -28.297039032 10.0038928986
3078 19.3718147278 25.1999511719 21.082529068
3079 14.8977022171 31.945022583 19.4558296204
3080 13.556139946 26.9781951904 28.3307800293
3081 18.778345108 31.2994213104 29.6906471252
3082 26.5524654388 24.9441432953 16.088640213
3083 23.7292861938 18.6307239532 22.6668262482
3084 20.442024231 20.4950141907 14.6497058868
3085 90.0060119629 82.7264328003 6.61075782776
3086 53.2410888672 -14.2341909409 14.5759735107
3087 51.9677352905 -6.10530757904 14.0205984116
3088 51.7366294861 -11.4560632706 9.43264389038
3089 81.045539856 83.0279006958 8.12749195099
3090 50.5507392883 -17.1614189148 10.6213321686
3091 56.0038223267 -19.2727108002 10.964302063
3092 142.52015686 -26.314409256 31.4324817657
3093 135.090118408 -28.3494243622 25.527097702
3094 77.1497802734 82.6733779907 11.4202766418
3095 52.892250061 -61.3526306152 22.0973377228
3096 53.9545059204 -58.7591781616 15.5609340668
3097 52.378074646 -50.503528595 20.9835090637
3098 58.8065414429 -57.030544281 24.0763435364
3099 47.8132553101 -61.4787635803 16.5840415955
3100 46.156047821 -60.6900024414 24.6092433929
3101 46.6217269897 -54.9591598511 20.3701248169
3102 62.2158279419 -62.493850708 16.443353653
3103 58.010345459 -66.5512008667 24.6223945618
3104 57.3688240051 -66.6860198975 16.4698200226
3105 159.934921265 -17.6171398163 42.700920105
3106 160.177078247 -17.8967399597 38.148311615
3107 160.126342773 -25.2898712158 39.6684913635
3108 156.39781189 -23.0869312286 42.130443573
3109 160.857818604 -21.2840995789 46.5532989502
3110 160.657241821 -27.3504257202 46.1277542114
3111 155.987197876 -19.0987567902 41.4678649902
3112 156.605941772 -18.9639987946 46.6271858215
3113 156.272872925 -22.9095554352 37.8315925598
3114 155.992950439 -27.9378662109 38.1304512024
3115 152.701004028 -25.2184581757 39.7549171448
3116 152.532440186 -21.4131298065 46.1344947815
3117 195.269714355 59.2732429504 16.3227100372
3118 189.71144104 66.1476593018 8.76919174194
3119 192.6590271 58.6371917725 22.4797077179
3120 192.481414795 71.8666610718 18.3385944366
3121 152.926589966 -20.8705501556 40.2292633057
3122 153.159286499 -26.3594970703 45.6925048828
3123 73.7794036865 -28.3765983582 31.3724555969
3124 73.4679870605 -30.9605007172 25.1678237915
3125 68.0261306763 -28.3507289886 21.8717956543
3126 74.3779220581 -25.0528259277 25.1612739563
3127 63.3295669556 83.4634246826 9.94503307343
3128 66.3542709351 78.0313262939 5.91160488129
3129 76.3771286011 -34.8175315857 20.6509666443
3130 80.0346298218 -29.2484531403 24.7940559387
3131 75.0180282593 -29.0810718536 18.5788574219
3132 75.2961883545 -33.8338088989 30.5594997406
3133 81.9225082397 -34.1499977112 24.6746273041
3134 94.1194000244 -8.03418254852 17.4783706665
3135 91.5609436035 -11.0878067017 24.8389034271
3136 97.196937561 -13.6869754791 19.0871925354
3137 97.3029251099 -4.38607549667 23.5998573303
3138 91.4433822632 -4.56095552444 24.5913677216
3139 7.16412305832 -79.3923034668 7.30323457718
3140 15.5103149414 -79.1684951782 6.66639900208
3141 12.025305748 -68.0547714233 5.86187982559
3142 91.9851989746 -2.95728826523 11.7828960419
3143 88.1799240112 -9.38161087036 12.2808942795
3144 94.5679092407 -7.25875091553 12.0000648499
3145 90.7750091553 -3.31660079956 18.5321350098
3146 64.150428772 -39.5195655823 5.34537315369
3147 65.9354248047 -34.6753349304 5.18178081512
3148 55.122428894 -36.18567276 5.67125225067
3149 59.1265792847 -39.2007064819 7.79212331772
3150 49.9183273315 -24.3215065002 21.478263855
3151 54.4688568115 -24.2007465363 23.4245090485
3152 51.006652832 -28.939283371 18.8631839752
3153 51.4952888489 -23.1628437042 16.9168243408
3154 52.5131263733 -22.6015148163 27.7819919586
3155 46.6283035278 -24.3843822479 25.8767814636
3156 51.2612190247 -28.1478881836 25.0582008362
3157 45.7400932312 -31.3104133606 24.9082393646
3158 42.9234542847 -23.1946926117 18.6951446533
3159 145.428741455 -15.4561595917 16.8242416382
3160 174.423339844 5.91337871552 30.7420063019
3161 169.228439331 1.36697793007 20.3447227478
3162 176.031082153 0.600034236908 24.690196991
3163 176.686676025 0.53879326582 19.9297561646
3164 179.334365845 5.02197694778 24.1013126373
3165 132.080810547 -11.6116361618 28.1937789917
3166 136.148010254 -13.9962711334 33.4958496094
3167 133.18762207 -20.8019504547 31.1322307587
3168 135.772125244 -14.7213439941 27.8441200256
3169 138.582061768 -6.48494052887 28.4716053009
3170 136.080917358 -11.1126117706 22.9604759216
3171 130.457611084 -11.2936992645 23.4987983704
3172 8.29245662689 70.8348388672 8.46104812622
3173 12.5786533356 78.7788085938 14.4659957886
3174 188.380279541 -93.2073898315 43.1012306213
3175 138.078887939 -19.6607704163 31.4555130005
3176 156.945632935 -14.3922977448 42.1310043335
3177 153.839324951 -11.180973053 41.8688583374
3178 154.070053101 -12.4803476334 36.7264175415
3179 152.601074219 -16.6192436218 41.5211257935
3180 151.752822876 -15.8856706619 46.7866325378
3181 153.06111145 -11.7001142502 46.5960960388
3182 162.568588257 -11.9233264923 39.6669197083
3183 160.001220703 -10.970746994 43.0751075745
3184 158.753250122 -12.1121044159 38.5503692627
3185 161.18522644 -12.5440969467 46.7211875916
3186 20.2134037018 3.76609349251 35.5393257141
3187 22.5515060425 -4.23247909546 33.8827018738
3188 16.0713653564 1.23253667355 33.4685096741
3189 21.6126842499 -4.14544439316 29.9070053101
3190 157.047592163 -10.3596801758 46.61195755
3191 94.142326355 0.360644608736 24.4088230133
3192 96.0895233154 -1.5844720602 30.3419761658
3193 97.6573257446 6.62285709381 24.0744552612
3194 90.63646698 5.81380224228 24.7620677948
3195 71.1645736694 10.4859285355 25.9916114807
3196 64.3424606323 12.53166008 25.3103103638
3197 68.4981689453 -0.374804466963 31.1501178741
3198 142.305633545 9.45205307007 33.3414154053
3199 149.55480957 12.5037384033 32.7882194519
3200 144.259963989 13.9921703339 28.7512817383
3201 174.722747803 -26.4415912628 32.4659500122
3202 165.107208252 -28.2265110016 35.1527748108
3203 160.36416626 -32.5534744263 31.3759269714
3204 159.264053345 -32.3937339783 25.2982616425
3205 83.2085189819 -5.34870147705 24.3856010437
3206 74.7399368286 -7.07778978348 26.898191452
3207 80.076133728 -9.76177597046 24.9218845367
3208 76.8844833374 -7.13908147812 32.0045776367
3209 80.3371658325 -15.4903154373 24.9072265625
3210 84.6260223389 -14.0144758224 18.3805789948
3211 86.475769043 -13.0192661285 24.8408031464
3212 79.728263855 -0.0734897851944 25.1355190277
3213 73.6298675537 0.643994927406 25.0808906555
3214 74.1506576538 -0.261013329029 31.3469657898
3215 78.4098968506 3.54608726501 31.5968704224
3216 85.2048339844 6.56136274338 25.3034172058
3217 85.3870315552 4.43368864059 31.1439361572
3218 79.6621322632 7.425096035 25.0527153015
3219 79.7219543457 -5.38316059113 18.6167373657
3220 84.5185623169 -3.23384809494 17.5220775604
3221 171.626846313 -62.5004501343 42.6070709229
3222 169.890625 -63.5966072083 33.8897972107
3223 163.810791016 -60.4370079041 43.1871757507
3224 164.655975342 -56.2507667542 36.0229949951
3225 87.0449905396 2.07268071175 18.3307514191
3226 86.6890487671 -0.933726549149 24.3357753754
3227 48.1427192688 8.68064975739 31.9159221649
3228 50.783821106 21.7353401184 25.5407295227
3229 51.4792251587 15.9574298859 19.3550109863
3230 45.698097229 18.2298316956 24.0601520538
3231 176.80418396 -2.93060779572 45.3570365906
3232 44.188747406 8.29184436798 20.4609336853
3233 44.4999694824 10.5308513641 25.9404296875
3234 45.9153022766 14.0308103561 19.0759429932
3235 49.9256134033 14.755490303 31.2136650085
3236 58.620677948 12.5982980728 24.5031166077
3237 54.4993782043 19.1588096619 29.1774101257
3238 54.603679657 12.4692287445 31.7136268616
3239 196.072647095 10.9663038254 20.0119781494
3240 191.848815918 12.372262001 16.3029212952
3241 52.723033905 82.8036117554 10.460108757
3242 41.5671310425 83.2471160889 10.785405159
3243 171.809112549 -103.588111877 39.7174186707
3244 57.2107162476 11.8427820206 18.458820343
3245 69.4739990234 -39.3100128174 29.6909275055
3246 60.5097579956 -42.2861404419 28.0209255219
3247 61.6928367615 -44.9252052307 35.0251235962
3248 74.3217163086 -44.835521698 29.3602714539
3249 61.0398330688 -50.3898773193 28.4778385162
3250 69.4810562134 -52.4150619507 33.0891304016
3251 65.9281539917 -53.9317932129 24.7077560425
3252 87.0460662842 -32.97889328 23.6251564026
3253 88.5403594971 -40.3762702942 21.4875507355
3254 82.8045272827 -37.0140457153 18.4608860016
3255 90.8619995117 -38.3238220215 28.4631938934
3256 87.2494888306 -34.2602043152 30.0886001587
3257 92.5895614624 -28.3996429443 18.9179382324
3258 92.6282196045 -37.5765419006 18.2961540222
3259 95.3192596436 -33.7332725525 28.2952308655
3260 47.7091026306 -21.974029541 32.0079231262
3261 41.8422966003 -24.2945842743 29.2492675781
3262 47.1994514465 -26.6931438446 17.9021663666
3263 55.7257804871 75.8106842041 6.05981731415
3264 39.299785614 -10.5874652863 28.8636035919
3265 36.8412132263 -8.12304115295 35.137802124
3266 4.21666383743 -17.5906620026 27.2831459045
3267 43.2428855896 -97.9194869995 23.7926502228
3268 44.7624168396 -103.581665039 29.174495697
3269 50.590839386 -97.3080749512 24.749753952
3270 35.2187843323 -5.99688768387 23.9159049988
3271 166.537918091 2.32653808594 13.4927406311
3272 168.484985352 -2.51408314705 14.1926031113
3273 168.645095825 -2.23846077919 21.3277206421
3274 100.151847839 -27.4011268616 20.6607589722
3275 106.444236755 -22.0941791534 23.9147014618
3276 105.247337341 -27.0266628265 25.2194366455
3277 77.2903518677 -99.3945236206 42.1986808777
3278 87.3256759644 -95.7423248291 43.9697761536
3279 105.271362305 -20.368473053 17.1657161713
3280 97.3841705322 -18.6727180481 17.7219905853
3281 121.629768372 8.36529827118 31.5141448975
3282 126.868469238 9.87891578674 32.3588981628
3283 133.23324585 11.9557619095 31.4244480133
3284 129.839355469 2.92967414856 31.5116615295
3285 138.209014893 6.20749759674 36.7268714905
3286 55.4527931213 24.5732517242 28.5001869202
3287 45.390247345 22.7105331421 29.3750686646
3288 49.4957580566 22.9312992096 35.2508811951
3289 156.08102417 -19.0454711914 31.2458686829
3290 159.38218689 -24.9784088135 34.184928894
3291 6.73228168488 -0.186064720154 25.1459960938
3292 137.592132568 38.5214958191 20.7590942383
3293 128.42779541 35.6643791199 27.7327861786
3294 139.287261963 32.5558853149 21.218706131
3295 137.893768311 33.2075691223 28.5064945221
3296 141.390426636 -17.0423316956 17.567899704
3297 137.054885864 -15.5011978149 17.8836326599
3298 136.00994873 -9.38523387909 17.4401473999
3299 141.312591553 -12.6351222992 16.937412262
3300 53.1877250671 -22.0728702545 38.8345298767
3301 59.5846443176 -21.3027477264 45.031879425
3302 55.0698280334 -17.1066761017 38.8155021667
3303 53.3473167419 -20.4108257294 45.4228134155
3304 30.2685527802 82.6701049805 7.19342136383
3305 53.0537033081 -4.35868549347 34.29296875
3306 49.6999282837 -18.808298111 44.3562507629
3307 51.011631012 -14.121172905 45.2851791382
3308 55.9344482422 -17.1324577332 45.4568405151
3309 172.43649292 -0.679185032845 23.2901687622
3310 172.863250732 -1.84547460079 16.0030250549
3311 170.952163696 -6.96402406693 19.7058868408
3312 173.982559204 -4.00355386734 19.8215026855
3313 55.6017913818 -36.4612693787 31.868719101
3314 50.3748474121 -35.1986961365 25.1783504486
3315 48.5616378784 -33.7042732239 30.7105617523
3316 57.1712265015 -32.3506622314 27.6025009155
3317 53.5781135559 -40.4184684753 28.1667442322
3318 51.710773468 -39.6496124268 35.3477745056
3319 57.451385498 -40.541305542 36.5580482483
3320 49.0393028259 -33.8212547302 37.2194595337
3321 51.9535560608 -27.2861194611 31.4711456299
3322 57.0576515198 -32.4623756409 35.8343544006
3323 123.066970825 -5.26452970505 26.4387454987
3324 128.157592773 -0.599853038788 27.7301769257
3325 124.919548035 -4.26468276978 21.2496051788
3326 117.668136597 -2.1481320858 18.2003517151
3327 118.271697998 -2.03246617317 24.6607551575
3328 121.671142578 -5.80518341064 17.4392108917
3329 122.079437256 -0.726135611534 17.4563884735
3330 131.511657715 -6.7141699791 22.1259555817
3331 127.015655518 -8.79420948029 16.5681171417
3332 126.899734497 -3.47716522217 16.3953018188
3333 59.142162323 -14.9135169983 38.9890136719
3334 59.4767837524 -19.8866424561 38.1542396545
3335 63.6457672119 -17.5127620697 38.4668045044
3336 64.2055664062 -11.0581102371 33.1317977905
3337 71.3243408203 -5.62987279892 31.6721248627
3338 55.3933639526 -44.7362747192 21.3699207306
3339 55.4710350037 -46.8481483459 28.4760894775
3340 47.6387786865 -44.3212966919 27.7847290039
3341 59.5977058411 -40.1244277954 21.0450286865
3342 56.0556259155 -43.4532928467 14.0161514282
3343 52.2081756592 -36.5729675293 19.3924102783
3344 117.06955719 -30.473526001 24.9655780792
3345 114.462799072 -34.3576011658 31.2175674438
3346 118.308494568 -36.4672622681 25.3582992554
3347 119.663978577 -35.542881012 31.8727474213
3348 123.827705383 -34.8005523682 25.2165355682
3349 124.382980347 -32.6753387451 31.6513462067
3350 111.303352356 -30.5531749725 24.772277832
3351 111.360412598 -32.1434898376 18.4153156281
3352 110.446540833 -37.479927063 21.8192825317
3353 114.86643219 -27.6311416626 18.5540771484
3354 113.862174988 -24.3945159912 24.7049808502
3355 119.960426331 -24.5618839264 18.7003383636
3356 124.204116821 -28.0561027527 19.0078735352
3357 126.451972961 -24.9244651794 24.5418071747
3358 119.19683075 -22.0942420959 24.8391189575
3359 123.138847351 -25.1666030884 31.2920093536
3360 124.983200073 -18.3993244171 30.8517932892
3361 137.527999878 -4.56115818024 23.2187538147
3362 129.801803589 -6.99404907227 27.6526184082
3363 128.589706421 -7.11356639862 33.1640510559
3364 125.687332153 -11.2864656448 30.0791740417
3365 134.926055908 -5.76872253418 33.9176673889
3366 133.145477295 -10.998301506 36.577255249
3367 130.225067139 -12.6018924713 33.3083229065
3368 181.628585815 -4.24494504929 6.05600404739
3369 181.718215942 -4.75379991531 9.19768810272
3370 185.293060303 -4.44746828079 8.08967494965
3371 30.1277770996 12.5744304657 18.9138717651
3372 24.5008029938 15.0018730164 13.6753740311
3373 31.8657588959 20.5146503448 21.6078662872
3374 14.0071487427 19.3698730469 28.157951355
3375 13.9696369171 18.3857860565 20.6264400482
3376 26.5188026428 24.7166366577 25.4064788818
3377 100.27192688 1.23648929596 22.4184036255
3378 92.2607803345 3.51466870308 18.3027153015
3379 91.2984771729 10.6418561935 19.3752555847
3380 102.425971985 14.6993427277 21.9684200287
3381 98.9050369263 8.31614303589 18.2004146576
3382 92.1787490845 12.5364236832 27.8135623932
3383 183.354690552 0.234894111753 8.41571998596
3384 177.383956909 -4.33671760559 11.3004808426
3385 183.579055786 -4.15053701401 12.7283811569
3386 19.503824234 -51.6709480286 29.5092315674
3387 14.2270917892 -45.5412483215 27.0668392181
3388 12.7178707123 -52.3205375671 23.7210464478
3389 14.5470046997 -49.6663742065 35.4427642822
3390 22.8240756989 -48.6172218323 36.622303009
3391 29.0191688538 -47.6466026306 28.9479007721
3392 22.9913024902 -44.8435516357 27.2357635498
3393 24.4031391144 -57.619556427 26.0480899811
3394 23.8770046234 -55.3241348267 34.7529716492
3395 170.873596191 13.1881580353 32.1463928223
3396 161.006088257 6.53371906281 21.0228843689
3397 160.920852661 13.4477157593 30.4543228149
3398 19.5136680603 83.177947998 9.0512752533
3399 178.293609619 -3.84661269188 34.2471580505
3400 149.337875366 -32.4912452698 25.1701793671
3401 149.729598999 -12.7402734756 15.0694103241
3402 125.439323425 -21.959903717 18.6975898743
3403 130.220611572 -34.2192726135 21.2615642548
3404 132.512084961 -25.9741001129 18.8151569366
3405 176.208145142 0.391277760267 29.4038009644
3406 173.968399048 3.35195064545 36.6742477417
3407 177.028045654 0.520296812057 37.2046394348
3408 179.385040283 5.84370040894 30.1279239655
3409 185.88130188 2.10992693901 35.0704269409
3410 184.881958008 5.84129333496 28.6355648041
3411 181.42616272 0.541326999664 33.0471687317
3412 179.819992065 8.1333322525 37.1587524414
3413 182.012573242 14.7424669266 35.4415740967
3414 186.737380981 10.5525913239 36.1556625366
3415 176.560379028 15.6248998642 33.5969963074
3416 185.426437378 13.4533662796 24.3975982666
3417 182.624526978 8.66656208038 21.1693725586
3418 123.273086548 -36.923324585 18.7891464233
3419 117.851730347 -32.2696075439 18.7862453461
3420 122.238121033 -40.5759544373 30.6954860687
3421 108.460350037 -41.9237518311 27.9854030609
3422 139.603546143 -7.54972791672 33.7675170898
3423 84.3450393677 -17.7569274902 34.62134552
3424 88.2792739868 -11.942317009 31.6101474762
3425 88.7614974976 -16.8045883179 38.0835494995
3426 83.7642745972 -18.387556076 40.805973053
3427 85.8295288086 -22.0056495667 37.3725013733
3428 76.2994384766 -22.3015937805 31.3354377747
3429 81.9628601074 -13.9817657471 31.4757823944
3430 78.4146881104 -16.2966976166 34.9167556763
3431 80.4290618896 -25.0989532471 37.185836792
3432 83.1367645264 -14.7724628448 38.0797729492
3433 79.6636505127 -19.8348636627 38.2925605774
3434 42.7831077576 -4.78810691833 39.7316093445
3435 39.3900871277 -5.51177406311 43.229385376
3436 133.976608276 -1.65209805965 26.7436828613
3437 190.758056641 -80.9868774414 41.7767829895
3438 148.683380127 -7.33306598663 34.7994689941
3439 175.590759277 -36.4960708618 23.4492893219
3440 182.209579468 -34.7865562439 25.7573413849
3441 183.061553955 -41.020160675 27.8079891205
3442 182.69229126 -39.106880188 20.6056880951
3443 38.1273231506 -17.6507129669 14.0716915131
3444 36.3950424194 -21.5766582489 18.1662979126
3445 42.8324279785 -19.4301204681 14.0448846817
3446 47.4356880188 -10.8977613449 14.4746360779
3447 58.0901565552 -15.6073999405 33.3449363708
3448 63.3149223328 -18.229259491 32.318611145
3449 185.042953491 -85.9173202515 23.3448982239
3450 181.272827148 -79.9116973877 27.2813205719
3451 188.676544189 -77.992980957 23.241394043
3452 183.158798218 -80.0447845459 16.7547397614
3453 64.9273300171 7.85545492172 36.6994819641
3454 56.7981185913 4.88074493408 38.0791931152
3455 66.1283569336 3.81727552414 40.1445617676
3456 69.0582733154 -0.380353420973 37.1978988647
3457 107.551315308 -95.4902191162 41.7133140564
3458 106.142570496 -103.057922363 34.6383476257
3459 99.4199981689 -102.612945557 41.8948059082
3460 99.5533599854 -98.4221801758 35.2893180847
3461 6.27211284637 83.5798492432 4.11576461792
3462 6.20641231537 84.8474884033 11.2882556915
3463 94.5020828247 -21.4515419006 15.0327472687
3464 97.612739563 -18.1502933502 31.7706871033
3465 90.1777801514 -23.2513217926 18.0593986511
3466 182.654632568 83.7103652954 35.9697113037
3467 86.652381897 -31.7188930511 17.9025344849
3468 89.9903335571 -35.7766952515 12.5480537415
3469 94.205078125 -42.0564689636 24.5512466431
3470 97.4831314087 -45.4463996887 20.1609249115
3471 98.8311920166 -36.1018409729 21.3155326843
3472 124.845436096 -94.5774154663 27.1732063293
3473 126.961105347 -83.519241333 33.7346534729
3474 125.182579041 -87.3615112305 23.3724269867
3475 118.114730835 -85.3341751099 33.1503944397
3476 129.853485107 -96.8620452881 35.5248336792
3477 119.991592407 -95.8887634277 34.2805519104
3478 124.119438171 -95.8135910034 14.3867397308
3479 118.729225159 -91.1547622681 20.7444114685
3480 118.701530457 -99.9621276855 26.2609767914
3481 114.158447266 -92.2112884521 31.0429668427
3482 186.813858032 -77.7420425415 33.1048622131
3483 192.131759644 -73.0972442627 36.6346435547
3484 182.498840332 -72.4693908691 42.6525497437
3485 110.840896606 5.91109848022 37.9156112671
3486 107.224586487 1.29099047184 38.7614326477
3487 105.500083923 6.83277893066 38.7746582031
3488 169.857498169 -31.6479225159 17.8046417236
3489 171.90486145 -31.7577877045 10.4684705734
3490 118.176757812 14.9759788513 28.3909053802
3491 115.161689758 10.5968561172 36.0717430115
3492 110.68927002 11.848279953 39.6586341858
3493 100.499252319 10.5138254166 36.5007095337
3494 104.955802917 13.4010944366 36.5503730774
3495 61.6371421814 -12.876742363 36.2348937988
3496 67.7117080688 -11.542514801 36.0673866272
3497 72.0492858887 -12.1333999634 34.496963501
3498 71.2817230225 -4.92351102829 38.4615859985
3499 69.0580444336 -14.8983402252 40.1387329102
3500 68.4242477417 -19.1796836853 37.5196876526
3501 64.6868667603 -11.5068016052 39.9865036011
3502 71.6369552612 -10.5333690643 39.3267402649
3503 65.6358108521 -4.83690738678 38.716129303
3504 131.105392456 -1.86944401264 33.9592475891
3505 194.213577271 84.293838501 9.05986499786
3506 73.3729324341 -28.8733177185 37.5635452271
3507 69.2214355469 -32.7245826721 37.4948806763
3508 70.0919418335 -28.1264286041 44.6956481934
3509 69.1642684937 -23.3635559082 40.6403160095
3510 68.9308013916 -26.498790741 34.6658630371
3511 69.8369369507 -32.093372345 30.7714729309
3512 7.53830862045 -53.5195274353 28.0792274475
3513 103.442771912 10.7257490158 16.2127323151
3514 105.936904907 5.73034000397 17.5664806366
3515 98.7762680054 6.8525929451 12.5114154816
3516 102.540756226 5.73028945923 10.6518383026
3517 109.424369812 12.8041667938 18.1876316071
3518 105.728782654 15.0773286819 12.1571826935
3519 173.712081909 -35.8743247986 17.3231887817
3520 175.847885132 -30.4277915955 14.8093328476
3521 175.12562561 -35.9976539612 11.6171379089
3522 124.828056335 -0.390108376741 32.3684768677
3523 174.187164307 -19.9372272491 17.3127250671
3524 174.463195801 -16.6474838257 12.0050811768
3525 178.653625488 -20.3482036591 15.2299489975
3526 175.2578125 -20.7150802612 10.028673172
3527 124.61831665 -11.010602951 23.9118003845
3528 142.706344604 -97.9917831421 26.5317344666
3529 149.105880737 -98.8304367065 32.3235549927
3530 146.65536499 -103.518104553 26.827753067
3531 153.400375366 -97.2286682129 23.3937358856
3532 148.222763062 -92.1775665283 26.5612773895
3533 142.784332275 -86.9711074829 29.9681968689
3534 143.47454834 -94.0944290161 33.7622489929
3535 137.888046265 -98.6079101562 32.7254829407
3536 133.155517578 -96.8241500854 24.7932701111
3537 135.163864136 -103.127578735 26.547088623
3538 14.2476663589 -25.3497943878 30.1206264496
3539 16.1027832031 -29.9389648438 38.4372634888
3540 11.357178688 -31.2491855621 29.7981052399
3541 6.19674634933 -25.8892192841 36.29322052
3542 12.5863180161 -22.9512863159 37.1254844666
3543 6.50068330765 -20.796705246 31.9753646851
3544 19.2572002411 -20.2225933075 30.3624229431
3545 11.7931623459 -20.3094120026 28.9886188507
3546 10.571269989 -30.3270988464 36.0678405762
3547 36.9603500366 -9.78394603729 21.1526756287
3548 43.3241653442 -7.97785711288 19.8155612946
3549 33.6854171753 -15.9511804581 14.7771539688
3550 38.1553878784 -10.004776001 10.2009305954
3551 43.3266639709 -15.0258646011 10.7233161926
3552 169.142807007 -17.5332984924 17.653465271
3553 178.382614136 -16.1448478699 24.0149497986
3554 182.04473877 -15.8371362686 22.2581291199
3555 178.510391235 -19.0520343781 26.7017993927
3556 177.387893677 -20.5919647217 21.0391120911
3557 44.7608222961 2.48155355453 27.8029460907
3558 46.3678970337 3.02486753464 33.8027610779
3559 146.091323853 -30.6830043793 30.5031223297
3560 140.454788208 -31.1411075592 30.8021831512
3561 144.326293945 -38.0206451416 28.9158248901
3562 146.375030518 -33.9073028564 20.6771774292
3563 140.067001343 -35.1123847961 21.354845047
3564 135.435714722 -30.5132045746 20.4057617188
3565 137.556732178 -36.5538253784 29.134513855
3566 181.948394775 -20.6352272034 19.2421569824
3567 177.433013916 -15.4579210281 18.8131160736
3568 119.637168884 7.20757246017 24.7791576385
3569 172.705657959 -15.1294698715 20.2739181519
3570 126.092330933 14.8668746948 29.3116226196
3571 153.297683716 -16.514131546 35.6421699524
3572 149.380340576 -12.0831813812 39.9517669678
3573 152.869476318 -20.6565113068 34.5447998047
3574 157.12902832 -18.9893608093 36.5463180542
3575 148.944656372 -17.6238670349 39.6211624146
3576 65.3745651245 -0.864985644817 13.1273088455
3577 70.9027709961 -2.98774409294 12.8938484192
3578 164.507461548 -18.5154209137 33.9885139465
3579 163.140335083 -12.9867200851 35.6323661804
3580 168.242736816 -14.3302459717 36.6475143433
3581 164.301696777 -15.9346227646 38.2552108765
3582 169.526901245 -18.2366447449 35.7548484802
3583 169.900848389 -17.8146591187 29.7637214661
3584 164.162948608 -15.4301509857 30.4555644989
3585 167.714111328 -13.8747014999 32.5655517578
3586 190.244232178 -15.4652814865 44.8976135254
3587 185.120849609 -16.0971641541 44.3695030212
3588 187.325805664 -20.6128559113 43.8654632568
3589 24.9755783081 30.8951339722 34.0882415771
3590 20.3000450134 22.4697246552 31.4423885345
3591 19.7706165314 32.5701789856 38.8128662109
3592 32.6583824158 37.2774467468 33.5702133179
3593 22.9723758698 38.1688728333 33.5340080261
3594 26.252872467 34.8251724243 42.9350662231
3595 26.1873493195 26.6922092438 41.6493606567
3596 31.9993629456 31.0307159424 34.6252975464
3597 20.5516605377 24.2289390564 42.5437507629
3598 163.389846802 -11.1430168152 17.9474067688
3599 164.592559814 -17.5115585327 14.4022846222
3600 164.568481445 -14.7425642014 24.159614563
3601 139.977706909 6.80936717987 12.2072248459
3602 143.075485229 11.5572013855 5.38092136383
3603 147.103179932 5.38237905502 12.4649591446
3604 139.607711792 6.35739469528 18.2294769287
3605 144.18170166 14.1780719757 13.9617643356
3606 194.836502075 -79.7464828491 20.3642959595
3607 192.345199585 -86.0647201538 16.9947757721
3608 192.252487183 -90.4968109131 27.3415737152
3609 184.713699341 -94.7595977783 25.8232936859
3610 171.95715332 -90.7253417969 20.9485569
3611 180.833374023 -97.0632629395 19.5582065582
3612 177.561676025 -90.7577972412 31.0491733551
3613 189.024658203 -91.842666626 19.5074043274
3614 186.616165161 -86.9820632935 12.1754131317
3615 179.213790894 -89.9696121216 14.7260856628
3616 60.0400886536 -81.7601928711 18.0950489044
3617 67.1060256958 -82.5225601196 29.1119117737
3618 67.8395233154 -78.3679428101 16.7256412506
3619 63.6157035828 -75.1413040161 24.869436264
3620 67.1741943359 -87.6700363159 19.9531173706
3621 72.2341766357 -74.1706695557 25.0030651093
3622 65.7140731812 -67.8391036987 24.8741989136
3623 67.1189727783 -66.9349365234 33.0913848877
3624 57.5698127747 -84.220664978 28.9314823151
3625 55.6072387695 -75.700302124 25.2538318634
3626 70.8467102051 -76.7358627319 33.3304710388
3627 61.3220558167 -75.8658447266 33.0449142456
3628 168.394302368 -7.48803091049 16.341053009
3629 167.378265381 -12.1621713638 17.2430477142
3630 168.149169922 -11.9567213058 20.7649345398
3631 105.200164795 63.0129699707 33.8511810303
3632 102.16494751 75.5702362061 36.0958900452
3633 98.2928390503 67.0826416016 43.6861228943
3634 104.534721375 67.9345169067 44.7717628479
3635 154.340637207 -34.9616127014 25.6759319305
3636 156.700820923 -29.3362102509 31.9836750031
3637 150.903945923 -30.1168479919 31.5674285889
3638 158.168029785 -32.234577179 19.2431964874
3639 77.7945632935 -19.9135627747 25.4243278503
3640 30.3342399597 -16.2620735168 3.99315619469
3641 84.256980896 -8.55256462097 18.2887172699
3642 77.1394424438 -13.1338300705 31.2883853912
3643 96.1480407715 76.6110992432 30.7093467712
3644 92.1020431519 82.9549255371 32.8649406433
3645 99.1235733032 83.3530273438 32.5618553162
3646 99.8924407959 82.814781189 19.4044075012
3647 109.785636902 77.7312545776 19.3868865967
3648 103.722496033 71.9013748169 16.8251914978
3649 104.698677063 82.3817901611 14.1666440964
3650 114.341560364 77.8406829834 13.5281620026
3651 166.952880859 -16.2074966431 20.8486633301
3652 54.6140670776 -14.3743333817 3.3388633728
3653 110.253211975 -24.2021408081 18.1604194641
3654 111.752105713 -19.4308300018 24.0010147095
3655 110.480033875 -17.7015266418 18.0124740601
3656 107.834663391 -23.717508316 31.2672538757
3657 104.931381226 -28.9497470856 18.0654678345
3658 106.389785767 -0.273884832859 24.8687381744
3659 106.480422974 -5.54038047791 22.103811264
3660 113.058898926 -5.37578725815 26.5191917419
3661 103.166107178 -3.29179525375 31.2930984497
3662 105.717552185 82.2779312134 32.6422996521
3663 105.077323914 78.0226364136 24.8007831573
3664 122.202018738 -11.1717500687 18.200428009
3665 119.745613098 -16.0902957916 24.5663337708
3666 125.475074768 -17.5928039551 24.4710655212
3667 118.184463501 -10.8267526627 24.6156673431
3668 118.627342224 -14.2759723663 31.3366546631
3669 120.648925781 -6.62949132919 30.4663829803
3670 167.166427612 -8.91035652161 32.930973053
3671 157.929824829 -7.08962249756 36.8855133057
3672 112.50113678 70.8746414185 15.1918420792
3673 111.840995789 68.6092834473 25.6246986389
3674 111.160934448 60.5679168701 24.9970092773
3675 116.854011536 62.2249946594 32.9227867126
3676 127.486808777 -27.9540691376 30.5142459869
3677 116.294662476 -28.6941547394 31.0874328613
3678 111.38243103 84.0302505493 29.1818695068
3679 112.741493225 83.1921386719 19.752407074
3680 116.774169922 -42.4453239441 29.1199951172
3681 139.756744385 26.8541164398 17.6443557739
3682 146.650085449 24.4059734344 20.6865901947
3683 144.123443604 24.3621635437 13.1741456985
3684 147.878738403 29.9193077087 13.6457414627
3685 137.014282227 20.0380001068 21.9083957672
3686 137.671707153 24.8826236725 28.2837276459
3687 144.095199585 27.1814785004 27.9229202271
3688 139.239074707 19.8090991974 14.3403968811
3689 101.047706604 69.3096694946 29.703874588
3690 112.512893677 73.7401504517 34.7333602905
3691 132.027450562 31.5468425751 14.2118091583
3692 134.010574341 25.5624313354 14.393289566
3693 140.647232056 31.5022983551 13.9221744537
3694 134.869781494 28.3873462677 21.4106884003
3695 149.217971802 83.7792816162 13.7111253738
3696 184.906265259 -21.2887611389 14.4012327194
3697 183.502944946 -30.2078990936 10.083820343
3698 188.067687988 -22.0238037109 9.37334156036
3699 190.850082397 -27.9526252747 14.1734981537
3700 171.696777344 66.0595092773 30.3120517731
3701 173.293762207 73.8472747803 32.4878692627
3702 166.057418823 69.2911987305 23.4694576263
3703 164.593490601 68.986869812 33.4370155334
3704 181.155288696 -25.8769435883 15.4476881027
3705 183.900817871 -26.2742614746 19.9615039825
3706 165.108322144 76.4423522949 26.8205814362
3707 161.536102295 77.2269058228 35.377620697
3708 176.859085083 -25.5022754669 18.2433624268
3709 178.354110718 -24.9302539825 10.6486082077
3710 42.5224990845 -23.4751930237 35.2379341125
3711 52.7648544312 -22.3452110291 33.358215332
3712 46.3253173828 -27.3588752747 36.7531242371
3713 46.5800628662 -26.9483184814 30.5047702789
3714 129.173431396 9.91920185089 12.6767301559
3715 124.48828125 5.48190498352 12.9148654938
3716 123.278762817 14.1764755249 13.8962926865
3717 117.475135803 15.2751398087 21.3311405182
3718 117.954452515 5.99876642227 18.3598651886
3719 124.661109924 14.5149860382 21.6681690216
3720 41.4541130066 -36.1262664795 19.657491684
3721 47.569519043 -33.8427810669 18.497423172
3722 39.5533103943 -25.6443824768 21.5269241333
3723 40.0848693848 -28.7837238312 26.4956531525
3724 43.0817985535 -29.0142192841 18.8823890686
3725 166.092834473 76.6477661133 17.0660514832
3726 164.80632019 83.0501708984 20.5083408356
3727 172.699386597 82.1406478882 25.5323181152
3728 152.988998413 -23.8663291931 17.9961299896
3729 129.42906189 77.2727127075 13.5939264297
3730 134.730880737 83.6895370483 16.9098186493
3731 7.13854455948 -31.309337616 19.5319061279
3732 152.730407715 -25.5072307587 34.1945571899
3733 133.839874268 -102.438911438 18.7259922028
3734 136.509674072 -91.1847915649 21.6504211426
3735 137.298187256 -3.07371449471 18.2126274109
3736 193.095977783 -82.8777313232 7.08598995209
3737 41.8997879028 -34.3160476685 31.8527050018
3738 36.5404434204 -37.7502937317 31.233833313
3739 38.5775756836 -37.0182380676 25.4751815796
3740 40.7358055115 -29.2797698975 32.0175247192
3741 138.878570557 -101.127441406 13.5464305878
3742 143.030059814 -90.5928421021 13.5784578323
3743 139.647994995 -91.2142333984 6.93819570541
3744 131.348175049 -96.4344482422 15.5254621506
3745 42.427192688 -40.973285675 28.5699920654
3746 41.2192077637 -42.9259147644 20.9722213745
3747 34.4600639343 -43.4015388489 28.5149078369
3748 35.4444923401 -41.1593513489 21.4174671173
3749 35.0652770996 -35.1602478027 18.8908653259
3750 35.8515777588 -29.4695110321 21.6238536835
3751 47.5166778564 4.64115285873 14.4916753769
3752 42.1367454529 5.04726362228 14.7517280579
3753 45.0279426575 12.538602829 13.0893535614
3754 136.982650757 -84.2684860229 17.8519096375
3755 148.540481567 -82.4941482544 20.1628627777
3756 50.8998794556 4.01609945297 20.093006134
3757 42.9250869751 2.89496159554 21.7329444885
3758 35.8062744141 6.9748468399 17.4626598358
3759 39.5604057312 10.9601211548 18.9627094269
3760 146.572280884 -103.78062439 9.11311149597
3761 144.852966309 -97.2857666016 17.6922569275
3762 146.341430664 -98.9482269287 6.11308956146
3763 50.097782135 9.28568649292 18.9141998291
3764 155.265304565 -85.3283691406 20.6290245056
3765 147.661437988 -80.8949127197 30.1248588562
3766 31.8011856079 -68.3946075439 32.581489563
3767 31.2276191711 -68.6621322632 43.0997619629
3768 33.2310256958 -75.1716918945 41.0711555481
3769 37.6280097961 -65.8731231689 42.6830596924
3770 47.6544876099 -42.0304450989 20.9734764099
3771 155.82409668 -94.8461837769 34.5769538879
3772 50.7211112976 -51.252571106 28.2854251862
3773 59.0958595276 -51.536693573 35.2194366455
3774 55.6820487976 -46.6664543152 35.5939788818
3775 157.368423462 -1.17169725895 7.19703197479
3776 157.089431763 -9.78423786163 7.13119220734
3777 153.371673584 -9.13895225525 7.76449251175
3778 159.579025269 -5.90896654129 6.73401260376
3779 149.29725647 -86.7447814941 35.0216789246
3780 173.025924683 8.85439014435 35.6712341309
3781 172.321334839 0.601529121399 33.1369400024
3782 151.325653076 -97.8546600342 12.2506790161
3783 154.495697021 -103.668861389 16.8902206421
3784 73.1088638306 1.54940867424 18.8121032715
3785 75.6181259155 -2.30834174156 15.6679353714
3786 79.0526733398 -10.691411972 18.6618881226
3787 123.08807373 83.5720748901 11.4875736237
3788 131.143280029 -13.9280500412 18.1749134064
3789 131.962646484 -19.0937271118 18.299079895
3790 134.26512146 -52.8139381409 6.4974861145
3791 116.580818176 20.9746799469 17.3714332581
3792 111.23740387 19.3656406403 21.0296115875
3793 115.117324829 21.4826984406 24.8546390533
3794 117.038116455 25.5138339996 21.1674976349
3795 116.060333252 25.5898208618 13.8690166473
3796 121.538505554 21.8196125031 21.1628875732
3797 122.682800293 20.0097980499 14.3928842545
3798 109.829238892 27.6362133026 14.6596508026
3799 110.613868713 19.8057804108 13.7244272232
3800 111.237098694 28.4130134583 21.286863327
3801 116.821678162 15.464132309 15.0394992828
3802 169.143585205 -38.1612548828 21.201084137
3803 167.775054932 -37.7183685303 14.4859619141
3804 172.772598267 -41.6601867676 13.5505104065
3805 177.576782227 -40.6174430847 17.3339080811
3806 181.187026978 -34.3263969421 16.2726173401
3807 53.8941879272 -14.751534462 34.5398597717
3808 57.9994888306 -20.3571357727 31.837223053
3809 155.8800354 5.32833385468 16.8604736328
3810 153.199981689 -3.77042245865 12.5172052383
3811 153.142242432 0.260028988123 15.7719202042
3812 143.034408569 -25.1136360168 13.129032135
3813 136.558029175 -23.2898731232 12.4400138855
3814 148.237915039 -25.5897293091 32.3178520203
3815 137.216705322 15.8175668716 28.8611965179
3816 131.187255859 19.2490634918 29.2420463562
3817 103.983909607 -78.2401885986 32.9091567993
3818 107.062042236 -67.71824646 43.7011985779
3819 108.977592468 -68.3518371582 32.614528656
3820 98.0392913818 -67.4039230347 33.2826843262
3821 135.31729126 13.1496953964 19.9153404236
3822 163.456939697 -88.4599838257 21.9544849396
3823 157.259643555 -85.5393066406 30.0724849701
3824 162.283538818 -90.5660476685 12.5048780441
3825 161.915206909 -80.1478347778 19.6976146698
3826 152.677825928 -90.9134750366 16.6311321259
3827 149.426055908 -84.1052474976 10.1268939972
3828 79.3655548096 25.1789722443 32.2364692688
3829 76.2701873779 21.710559845 36.1716995239
3830 76.2413635254 19.8143959045 28.3919696808
3831 78.4377670288 14.9515781403 31.4226493835
3832 83.8508453369 23.3786087036 28.2431106567
3833 81.6678543091 28.7745552063 28.2010002136
3834 87.3567047119 27.9301548004 34.8912391663
3835 80.5443649292 30.2590084076 35.7625732422
3836 73.73828125 28.7323932648 28.1198692322
3837 73.0656433105 29.0810127258 35.7397956848
3838 112.636390686 83.5576095581 12.5413389206
3839 119.846153259 70.3692855835 12.2306489944
3840 118.219932556 78.3306121826 6.14849853516
3841 120.954216003 68.8290100098 5.27664470673
3842 110.382507324 72.3153686523 6.79220056534
3843 96.9315795898 -86.677192688 29.6305217743
3844 108.34853363 -87.3217010498 38.9885063171
3845 94.8500671387 -85.5017700195 39.5878677368
3846 133.509735107 0.596765637398 18.0362529755
3847 109.059738159 -75.2050018311 24.4598026276
3848 98.7577972412 -73.5831756592 25.4441165924
3849 105.674377441 -73.5394744873 16.5108413696
3850 99.9184265137 -79.7722930908 17.6932582855
3851 155.44593811 12.5127334595 37.3507843018
3852 162.020004272 14.8560552597 36.8802146912
3853 153.603439331 6.77277946472 32.4551048279
3854 154.610549927 5.7798242569 38.2786216736
3855 159.849853516 8.94018268585 39.6791610718
3856 162.825759888 5.12223768234 38.5758590698
3857 187.592193604 5.17630815506 23.668712616
3858 185.190567017 1.29773032665 20.3279628754
3859 186.386566162 0.582804620266 27.3627815247
3860 185.646697998 7.68685865402 15.5435018539
3861 181.123657227 0.684585750103 26.9719753265
3862 117.203369141 -7.90300989151 17.8460693359
3863 16.2659454346 -4.4983716011 33.1807250977
3864 118.701499939 -2.11625742912 31.1621799469
3865 109.423126221 -82.8579025269 18.168844223
3866 103.188278198 -88.766166687 9.71025562286
3867 110.728042603 -80.2485275269 7.46666193008
3868 181.437698364 16.0563488007 18.4575786591
3869 164.573699951 22.6369781494 27.987783432
3870 94.0185546875 -77.0240478516 33.7428131104
3871 158.793762207 10.7222776413 18.0189857483
3872 158.700439453 20.1364860535 28.6225662231
3873 119.821907043 3.02823734283 31.0077476501
3874 116.679840088 5.25619745255 37.5329627991
3875 122.745178223 3.60084176064 37.7628250122
3876 112.480033875 -0.448410212994 37.2356758118
3877 118.807617188 -1.60892283916 38.2220458984
3878 46.7235870361 -0.0382198467851 22.0336513519
3879 62.7717590332 6.34508085251 18.5578517914
3880 112.940391541 -61.6389350891 40.907043457
3881 104.687072754 -60.2588729858 32.8398323059
3882 104.379150391 -59.1462211609 43.3037261963
3883 68.749382019 13.6666078568 20.1032810211
3884 76.6573562622 12.2069587708 25.4065799713
3885 69.5391693115 18.7893886566 28.8986968994
3886 117.814308167 -68.5567550659 32.7984046936
3887 117.132141113 -68.8340606689 41.0325660706
3888 112.328285217 -76.0372619629 33.1054954529
3889 67.8557891846 14.6280679703 31.9231433868
3890 74.8757095337 9.46038913727 19.3862781525
3891 98.4909286499 -6.31287288666 16.8491611481
3892 158.656463623 -99.5903091431 42.3963394165
3893 158.811752319 -104.103668213 39.0107803345
3894 102.026756287 -9.96813774109 17.0914516449
3895 101.58291626 -16.4856395721 17.4623699188
3896 105.565551758 -13.6264810562 17.3339576721
3897 105.316383362 -2.29126429558 17.9795856476
3898 105.451660156 -6.76309680939 15.900724411
3899 105.675392151 -12.7617855072 10.9233055115
3900 100.406898499 -16.5337677002 11.0093898773
3901 96.1256256104 -12.1219987869 12.5874662399
3902 101.691131592 -9.45557117462 10.756685257
3903 57.0715370178 -27.1952972412 17.4012546539
3904 59.1983604431 -22.6948451996 24.4873695374
3905 89.1482620239 8.20496177673 31.1860218048
3906 85.4662246704 7.64474773407 18.7906665802
3907 23.5267620087 -86.9403610229 23.7915992737
3908 29.3722858429 -81.7470397949 19.8599128723
3909 22.6214885712 -77.2200088501 18.4263381958
3910 27.3122253418 -82.303314209 29.5602855682
3911 23.4425792694 -85.8945999146 8.76178073883
3912 23.0185546875 -94.2062683105 14.4057178497
3913 112.434806824 -103.620391846 43.0783996582
3914 114.159812927 -62.5948219299 32.9235496521
3915 42.7188148499 4.53612852097 36.3720207214
3916 36.2261695862 -25.128370285 33.8053474426
3917 30.4358444214 -21.7153186798 31.0585746765
3918 75.8542556763 -16.2170982361 14.7355871201
3919 77.9381332397 -11.6427249908 12.3276548386
3920 92.9135437012 77.3397598267 11.2844419479
3921 79.2550048828 -16.9292125702 18.699590683
3922 187.664810181 66.9505081177 23.1622772217
3923 184.764022827 56.907951355 14.3757429123
3924 79.4966125488 -18.3767986298 12.1126651764
3925 83.7017059326 -15.4639005661 11.4985952377
3926 72.3029251099 -14.852897644 11.7295856476
3927 175.047912598 58.9513778687 19.6234130859
3928 175.764587402 49.7480049133 8.42883205414
3929 183.253799438 50.4464607239 18.3845443726
3930 79.3164138794 -23.4692630768 18.9307327271
3931 74.3248291016 -21.666557312 19.2147045135
3932 74.1531524658 -21.3529415131 12.9304742813
3933 84.4764175415 74.1258850098 8.06286811829
3934 73.563117981 71.8182907104 6.20697784424
3935 72.5875701904 2.45532894135 12.539806366
3936 77.5788497925 1.46110713482 12.550485611
3937 193.78855896 34.8817520142 30.4426422119
3938 78.3696899414 1.15447151661 19.0408248901
3939 188.13470459 47.4515571594 12.6884241104
3940 184.565093994 48.2393264771 6.01384210587
3941 72.2753601074 -8.2445602417 11.6061286926
3942 77.2789916992 -5.13951396942 12.5810050964
3943 88.5072479248 37.5691070557 28.9172439575
3944 88.9729156494 27.3391284943 27.7065372467
3945 92.8525695801 34.3930892944 33.804889679
3946 93.7583618164 33.6040763855 25.0253124237
3947 89.6511917114 38.6885490417 16.9686527252
3948 91.0887832642 45.5699615479 24.8208885193
3949 88.5582275391 43.7445373535 33.2838745117
3950 98.755821228 44.7336425781 32.4104614258
3951 83.8990707397 41.940120697 25.2464962006
3952 82.2569961548 36.5013313293 34.2007904053
3953 159.084869385 -15.7106380463 11.3204088211
3954 153.491821289 -13.0310230255 13.5765695572
3955 162.636642456 -11.0522575378 14.0034704208
3956 182.036239624 63.9197006226 13.0090074539
3957 182.522659302 58.8258552551 6.91874885559
3958 192.456314087 59.6654930115 8.47071456909
3959 177.436309814 -30.315076828 27.6667060852
3960 172.653381348 -32.2792358398 30.8052997589
3961 177.064559937 -36.9405403137 30.4262752533
3962 166.30821228 -34.8653793335 30.8648166656
3963 176.416213989 -30.049741745 20.8654613495
3964 57.5710525513 -31.7161960602 20.1183452606
3965 62.7854042053 -30.1841201782 24.8321380615
3966 57.3476028442 -25.4539585114 30.0737781525
3967 66.4412918091 -25.76496315 27.2125034332
3968 63.9474754333 -23.6688346863 31.7881698608
3969 64.4973144531 -24.2145938873 19.3435592651
3970 67.6419525146 -12.1881418228 16.5308456421
3971 137.918777466 -60.9894180298 22.4780101776
3972 138.075469971 -68.9527816772 25.4889640808
3973 135.702316284 -68.0730743408 16.4902153015
3974 144.852890015 -66.0984039307 24.771074295
3975 141.498016357 -73.585105896 33.5053482056
3976 145.07522583 -75.9347839355 23.0719985962
3977 148.728866577 -69.9339675903 33.7617416382
3978 137.812362671 -59.5527763367 29.0625801086
3979 152.074264526 -64.2355957031 25.7786750793
3980 153.890274048 -61.0955314636 16.8030338287
3981 145.825271606 -59.5791130066 23.0511455536
3982 152.328567505 -67.3126678467 16.7205352783
3983 142.577911377 -71.1097717285 16.4028644562
3984 141.91796875 -62.3201370239 34.602771759
3985 93.8308410645 -12.1991262436 31.2425003052
3986 98.328163147 -7.61922883987 30.1644096375
3987 131.590332031 68.945892334 27.359790802
3988 128.118759155 62.6598892212 24.8044567108
3989 193.804122925 -103.516342163 45.8452644348
3990 136.260757446 59.6496582031 25.0137462616
3991 132.668518066 73.5826721191 19.4945068359
3992 131.082687378 78.0408782959 27.131652832
3993 133.207733154 73.7850723267 36.0139732361
3994 137.027420044 67.2465820312 33.142616272
3995 140.746887207 -83.7160110474 10.1236886978
3996 69.498260498 -33.7823867798 43.3375778198
3997 63.5015449524 -30.220123291 43.3741645813
3998 65.4828109741 -38.3516159058 44.6753044128
3999 125.964042664 -16.7910842896 18.1282405853
4000 121.282875061 -18.0587749481 18.3975296021
4001 37.0309295654 39.2383499146 25.1869907379
4002 30.1912593842 29.0102710724 28.4720611572
4003 39.7310676575 32.9069900513 28.1034240723
4004 36.6739082336 46.8445930481 25.2824897766
4005 38.7349853516 44.6841087341 17.2209148407
4006 31.4326629639 43.9466552734 16.40325737
4007 44.2792549133 41.1386680603 25.2182197571
4008 47.3914070129 33.6932907104 21.4880828857
4009 43.6546707153 40.3905754089 15.7817773819
4010 35.8954238892 27.6311702728 21.9690284729
4011 28.7090358734 38.6570549011 25.3971786499
4012 42.1566123962 29.3700637817 21.8722000122
4013 35.4623680115 35.0924606323 16.8035907745
4014 141.850418091 -64.4097900391 41.5863189697
4015 147.687988281 -70.9594955444 42.8307266235
4016 146.715942383 -79.2020339966 39.1350326538
4017 38.2313499451 -26.7291984558 16.2818279266
4018 32.4807662964 -24.825876236 15.1320323944
4019 38.5323219299 -22.1876239777 9.46014785767
4020 114.298614502 -7.90230035782 30.9831695557
4021 112.535575867 -9.56485176086 18.1322441101
4022 138.665863037 -79.7422943115 43.848815918
4023 137.91708374 -79.8987808228 33.7640457153
4024 140.279159546 -72.4461898804 41.4886932373
4025 162.333099365 -0.504913032055 7.85558128357
4026 167.00692749 -16.5476284027 6.71101856232
4027 169.592514038 -21.3734397888 8.25976657867
4028 168.507217407 -19.8445053101 3.93365073204
4029 171.89956665 -18.0062885284 6.41131305695
4030 128.145843506 -82.8150482178 17.2256393433
4031 132.143630981 -83.5981292725 25.7135314941
4032 117.890975952 -83.2679290771 24.8015556335
4033 42.896736145 -89.9052124023 27.2953586578
4034 50.3035469055 -90.0220489502 22.404176712
4035 53.0383872986 -91.7721557617 32.4103088379
4036 41.8283996582 -91.4455795288 17.0571708679
4037 39.4708633423 -84.3614273071 20.4012393951
4038 38.6353683472 -102.994491577 33.1856651306
4039 35.2703323364 -96.5492782593 24.876871109
4040 42.9328422546 -88.2374038696 35.8717803955
4041 35.7119789124 -82.7685012817 30.0368099213
4042 36.5298919678 -90.0919036865 32.2611465454
4043 48.6363067627 -84.2428283691 29.8996315002
4044 46.9083366394 -95.2094116211 34.6890220642
4045 165.53604126 43.7632637024 21.4995479584
4046 171.824737549 39.3219642639 24.6662902832
4047 176.55015564 49.117805481 20.4205722809
4048 174.898696899 47.4185676575 31.2258281708
4049 164.59954834 40.733215332 32.6979408264
4050 160.655639648 36.3722114563 25.7693500519
4051 170.877334595 42.4593925476 16.2664470673
4052 159.620422363 45.8491287231 17.0234584808
4053 167.567871094 51.8359222412 21.0960330963
4054 167.698104858 53.2104377747 11.4188203812
4055 165.443237305 -22.7791557312 8.0322227478
4056 161.602539062 -29.9920864105 9.37761116028
4057 162.677719116 -25.5620479584 4.19206905365
4058 155.364776611 41.388217926 20.6742649078
4059 159.31300354 45.9190864563 25.4289150238
4060 164.095474243 37.1279792786 16.2849693298
4061 152.960922241 -8.07918167114 37.2268104553
4062 63.91746521 -30.4634418488 30.8197669983
4063 164.624221802 -18.1519527435 3.89413666725
4064 65.4612731934 -32.5500297546 18.6301670074
4065 63.9736480713 -36.4757614136 27.850276947
4066 62.642578125 -27.680562973 12.463932991
4067 130.666809082 -34.7851219177 28.7692718506
4068 71.9172744751 2.85687923431 5.93448495865
4069 76.7289352417 2.45066690445 6.55311489105
4070 74.4690170288 9.63960170746 7.18058776855
4071 79.2331542969 6.80032157898 9.21688175201
4072 80.5232315063 0.0287220813334 8.68510913849
4073 82.3328781128 4.34799671173 12.3652305603
4074 82.9209671021 3.25574374199 3.90661549568
4075 87.3491439819 5.96159648895 5.27069044113
4076 79.9553375244 7.66618299484 4.1888256073
4077 75.7604217529 10.9462108612 12.8195962906
4078 80.9415435791 11.9194536209 6.31135606766
4079 65.7871017456 33.2887763977 28.2236003876
4080 62.0656280518 38.6735992432 28.5705490112
4081 68.1148300171 35.5868721008 35.8571853638
4082 68.7780380249 40.1910438538 28.6633090973
4083 60.8323822021 34.0288619995 21.2011852264
4084 61.8824234009 26.1654911041 20.899515152
4085 59.1913948059 31.7751598358 28.4300270081
4086 68.5435638428 27.3365707397 20.8545417786
4087 70.3494720459 33.2530250549 20.6084499359
4088 162.616088867 -6.43322658539 39.6733055115
4089 157.186676025 -1.25166273117 40.4410858154
4090 160.72026062 -5.91464185715 43.2805709839
4091 167.955490112 -8.56069755554 37.0160255432
4092 168.170654297 -7.75002145767 41.6808547974
4093 163.817550659 -11.3697500229 43.4735641479
4094 165.402740479 -5.05065536499 42.050579071
4095 26.6186218262 -35.0720329285 39.0605659485
4096 28.1793403625 -39.6278076172 35.6664428711
4097 28.5478000641 -38.5697364807 21.9352149963
4098 33.0166053772 -29.9746417999 35.2519454956
4099 95.0070114136 -57.4683532715 24.7839717865
4100 94.6447067261 -64.0100479126 26.2744312286
4101 99.4358825684 -65.0295715332 16.8496303558
4102 104.928642273 -59.263053894 24.2416591644
4103 99.4526977539 -53.5988082886 34.0336647034
4104 95.4840011597 -58.7565917969 34.2458648682
4105 87.3741455078 -61.7080039978 29.3851776123
4106 90.5542221069 -53.5476875305 28.4962081909
4107 100.618057251 -50.1228065491 27.3744621277
4108 47.3425941467 76.2706680298 8.10978031158
4109 39.1750106812 75.4559631348 5.97829341888
4110 158.071670532 -20.4583969116 13.2539463043
4111 89.3280944824 -10.6386594772 18.8866710663
4112 81.638961792 -8.33777809143 31.6020145416
4113 192.879547119 -89.4626541138 42.905216217
4114 21.1126480103 -3.90559864044 37.0697669983
4115 25.3563022614 -3.1896340847 38.1307296753
4116 57.0917701721 -25.3030471802 11.7108364105
4117 168.821853638 -11.9378194809 7.99250555038
4118 165.124160767 -12.9305973053 9.8987159729
4119 165.749847412 -10.4744338989 4.14367389679
4120 165.048858643 -14.2501792908 3.29326844215
4121 68.1131515503 -26.0529136658 14.3413848877
4122 43.1296386719 7.14217615128 32.5866355896
4123 38.6659126282 0.232816427946 19.509519577
4124 35.4199142456 -3.50830507278 37.7854003906
4125 104.75112915 -42.2298927307 21.360912323
4126 101.457313538 -43.9037322998 27.9434185028
4127 102.499504089 -37.3238754272 28.0446662903
4128 92.6637496948 -48.1220245361 29.6231479645
4129 95.3448410034 -41.1013565063 32.5867614746
4130 84.6153411865 -45.9830741882 28.6954116821
4131 91.4099884033 -46.8141860962 21.218870163
4132 95.1843338013 -51.092716217 23.0976524353
4133 96.2731018066 -0.147576913238 15.0169992447
4134 99.5837936401 3.20207858086 17.5726509094
4135 98.7406616211 2.85173583031 11.4423589706
4136 92.4046401978 3.79510521889 11.6814441681
4137 102.878044128 -0.0255003739148 10.318687439
4138 169.438095093 -15.7177200317 3.90273880959
4139 98.4820480347 -5.74520921707 10.369641304
4140 102.82232666 -4.87308931351 10.9067726135
4141 161.84992981 -22.8173656464 11.9390268326
4142 157.921722412 -25.5209369659 8.99465847015
4143 25.9367733002 9.38579559326 33.7892570496
4144 37.8654098511 6.72813463211 34.0596847534
4145 28.6443862915 8.51777935028 24.8931884766
4146 34.5787200928 9.43373394012 21.8966140747
4147 23.2568035126 14.3720569611 27.2490158081
4148 33.5467681885 -18.2020339966 35.3657875061
4149 38.774055481 -21.3996372223 37.6397857666
4150 110.509628296 -0.521610498428 17.5859146118
4151 111.853813171 -2.49350905418 21.7136878967
4152 112.787147522 4.63008022308 19.1832866669
4153 164.820266724 -21.6921348572 38.0125541687
4154 44.22813797 -0.479955494404 16.8736248016
4155 40.1295280457 -2.46730995178 14.8897037506
4156 28.440990448 75.0297546387 6.07000303268
4157 143.699630737 62.5796203613 33.5068969727
4158 135.187362671 56.5694160461 33.3848686218
4159 142.767944336 52.4521598816 33.5753822327
4160 179.415420532 -33.0051078796 38.6479682922
4161 125.222869873 59.072467804 42.9715499878
4162 134.397262573 66.2530899048 41.4974594116
4163 136.507095337 56.940788269 41.6419372559
4164 181.360992432 -23.9624481201 32.8452301025
4165 181.731582642 -23.6517829895 27.7437076569
4166 184.941177368 -28.2385349274 31.4566783905
4167 128.377548218 50.5010643005 33.6958618164
4168 131.15411377 52.4176483154 43.7793655396
4169 181.18157959 3.70036792755 17.5870418549
4170 15.6780490875 -39.0129928589 30.384973526
4171 7.2038269043 -46.3116531372 32.8393249512
4172 7.49377775192 -40.9986228943 26.2810688019
4173 17.9945640564 -61.7316055298 21.6319999695
4174 21.4618625641 -53.5019302368 20.2828865051
4175 18.0730609894 -46.4196777344 20.3825912476
4176 15.4605646133 -59.0464401245 32.0700492859
4177 15.150229454 -39.4384994507 21.3799915314
4178 7.42844486237 -48.1676673889 24.6361141205
4179 115.353340149 -20.6127529144 18.3135471344
4180 118.323013306 -19.7282943726 30.7825965881
4181 114.988456726 -13.6077823639 18.1761665344
4182 165.566574097 30.6190814972 15.2580490112
4183 178.817153931 32.3177146912 11.5060071945
4184 172.485626221 28.6221752167 6.28230667114
4185 170.899185181 34.8822822571 7.77542591095
4186 172.181915283 28.4241352081 18.2273235321
4187 172.323074341 24.8666610718 26.2552757263
4188 165.868530273 21.7954654694 21.0581665039
4189 172.334701538 21.7832527161 20.1046504974
4190 182.542694092 25.3071041107 20.4148826599
4191 167.354507446 20.908700943 14.0411729813
4192 175.478210449 25.3704490662 12.9265594482
4193 180.039459229 32.0180969238 20.0151062012
4194 172.024398804 35.2702789307 16.2919750214
4195 10.4352445602 82.3915176392 8.10287666321
4196 136.156219482 49.648349762 33.8006591797
4197 78.662902832 -48.7690200806 26.0792808533
4198 80.8189163208 -41.2992668152 22.4067974091
4199 83.4281005859 -48.697681427 20.7515697479
4200 84.1968154907 -52.3223876953 28.1666412354
4201 80.8925094604 -60.0944824219 26.8833179474
4202 73.5040206909 -50.806224823 22.6580715179
4203 7.12733268738 35.2416992188 17.2853851318
4204 6.55088996887 34.3670425415 7.11064338684
4205 80.2695999146 -48.3783493042 35.7896614075
4206 76.0927200317 -53.0151672363 29.6327514648
4207 134.939941406 39.7193336487 34.0471191406
4208 126.916664124 42.7697257996 33.2773361206
4209 126.236495972 42.2205314636 44.0698852539
4210 159.755828857 19.3235301971 21.2884216309
4211 128.443710327 2.73865413666 12.3957996368
4212 134.469436646 6.97930622101 12.1203041077
4213 92.2019119263 -17.2881832123 18.5038967133
4214 80.6454696655 -1.54332375526 31.2861557007
4215 47.0829124451 -26.1763954163 11.4417257309
4216 43.63230896 -24.1692905426 10.2945785522
4217 165.170349121 -41.3996047974 28.1236190796
4218 156.257064819 -35.671913147 32.0956687927
4219 156.025939941 -40.6817245483 28.3875350952
4220 161.66027832 6.77237415314 14.8780736923
4221 169.878585815 6.58948755264 12.4472227097
4222 171.407928467 2.26734948158 14.2692365646
4223 143.170730591 48.1513786316 6.56278133392
4224 143.684036255 -8.18881797791 34.6721954346
4225 60.1265792847 -8.08290672302 15.4752931595
4226 54.9611930847 -14.8275213242 10.0968818665
4227 80.6748123169 -26.6622314453 30.9521045685
4228 42.8732070923 9.89981937408 38.4398231506
4229 138.996337891 51.5527496338 25.2415313721
4230 156.86026001 -37.7824211121 19.8485240936
4231 163.265319824 -40.2887153625 20.1600131989
4232 152.484375 -33.8511924744 19.3540744781
4233 146.255355835 -40.7111549377 22.4836597443
4234 150.00718689 -42.3640670776 18.8229732513
4235 149.568466187 -36.8939971924 30.372051239
4236 170.540756226 -38.6134185791 28.0566005707
4237 178.485488892 22.0872020721 31.6409835815
4238 183.484313965 20.0573825836 26.8225841522
4239 188.778091431 20.1660804749 33.4503173828
4240 170.180587769 18.372964859 35.5456848145
4241 175.085998535 17.9914302826 39.4016609192
4242 171.365997314 26.3653793335 41.7761497498
4243 186.673171997 30.4185600281 33.039264679
4244 180.171325684 28.4405040741 28.2162284851
4245 176.442138672 31.0783500671 37.6575469971
4246 183.617111206 23.7127876282 38.7731895447
4247 134.520263672 47.9727249146 16.1064395905
4248 127.252006531 45.8403396606 24.910823822
4249 132.18409729 40.4250335693 16.8596630096
4250 142.13873291 -45.6271438599 28.7965087891
4251 139.98260498 -51.9525871277 35.786441803
4252 140.390716553 -44.6227874756 36.1124610901
4253 135.405990601 -46.343170166 35.6350517273
4254 96.4691772461 -41.9210891724 13.6335926056
4255 101.024627686 -38.1658172607 35.7220077515
4256 98.9464111328 -44.0761299133 36.6625175476
4257 157.651947021 9.24352455139 11.9757661819
4258 151.965835571 4.73500347137 10.8529939651
4259 114.812942505 -8.35437393188 44.9735527039
4260 112.499977112 -0.165895998478 43.9195823669
4261 86.0676574707 -4.60658836365 30.5749797821
4262 91.8891296387 2.26795744896 30.8141422272
4263 137.36920166 -47.4665412903 14.1372280121
4264 141.970611572 -52.3859596252 6.17895460129
4265 144.579681396 -46.4771461487 14.670545578
4266 142.610748291 -54.7293968201 14.5492420197
4267 124.282791138 -44.1117401123 24.7439880371
4268 121.90663147 -47.7241325378 28.7230815887
4269 129.470596313 -47.9142913818 21.6248168945
4270 124.969215393 -53.3334236145 28.6161556244
4271 120.337982178 -52.7707099915 21.0593204498
4272 132.046585083 -52.4771499634 28.3326797485
4273 131.848770142 -44.7875556946 28.7209014893
4274 128.693832397 -40.3167877197 28.9348526001
4275 150.752059937 -54.0739517212 6.83783340454
4276 150.03012085 -56.0228805542 14.5937986374
4277 127.937713623 -41.1880340576 21.3080329895
4278 99.7364273071 -29.1840190887 28.1287879944
4279 93.009765625 -36.2406272888 35.3231468201
4280 99.3460998535 -30.8664608002 35.6343421936
4281 104.397850037 -26.871887207 31.8598499298
4282 146.819259644 -61.2290458679 16.4533367157
4283 139.086761475 -61.8568000793 15.8009195328
4284 151.66229248 -24.4784984589 10.5430898666
4285 154.402557373 -21.9437122345 8.45964241028
4286 154.374710083 -18.1501922607 14.5405769348
4287 154.847183228 -17.6017723083 8.39684295654
4288 162.952575684 -17.8476486206 8.36196613312
4289 158.64024353 -20.0056781769 8.43792819977
4290 7.75842905045 82.0148773193 21.5537834167
4291 17.7987308502 83.6569519043 22.9216842651
4292 80.8744354248 -31.647518158 31.1190795898
4293 79.6934738159 -31.5798664093 18.2680168152
4294 134.466537476 -54.0533905029 14.5309104919
4295 130.539047241 -47.7352180481 14.1199598312
4296 139.330566406 -46.7746315002 6.13822412491
4297 171.923736572 18.4885807037 14.0162277222
4298 168.275146484 11.1209392548 10.5369577408
4299 140.034591675 -41.7290802002 14.6267499924
4300 141.12588501 -41.1893539429 7.04871845245
4301 112.423629761 -55.0732803345 28.6139259338
4302 118.153022766 -58.1814422607 29.3383026123
4303 116.887535095 -64.2373275757 25.2404289246
4304 115.479141235 -58.0338630676 22.0709114075
4305 183.042221069 71.241104126 8.74528598785
4306 175.651596069 75.8461303711 6.90960216522
4307 107.053863525 -51.533744812 27.9070835114
4308 111.581558228 -50.3503112793 21.0792732239
4309 113.774658203 -48.958694458 28.1317520142
4310 151.934020996 -47.2882385254 14.67628479
4311 147.860839844 -38.6171684265 15.0904788971
4312 148.458557129 -40.4596290588 7.70635557175
4313 35.811126709 -8.04327869415 42.618522644
4314 97.8266143799 4.36395931244 3.94590139389
4315 103.134513855 0.628462970257 5.24821615219
4316 31.4906864166 -20.4759693146 19.2672920227
4317 29.4898014069 -26.8208446503 20.3862895966
4318 29.415561676 -21.8506469727 23.8602523804
4319 132.180038452 -6.31439304352 17.0370903015
4320 81.3027420044 -40.1469650269 29.6229972839
4321 142.28817749 -33.1130828857 14.1923112869
4322 151.300170898 -33.4894485474 13.1229887009
4323 6.31284284592 -2.62232542038 30.1606349945
4324 31.9754314423 4.05555009842 8.60960292816
4325 36.3516387939 6.55201292038 10.0008144379
4326 36.6274032593 7.5608549118 4.28168773651
4327 32.0672683716 10.4543828964 4.33096981049
4328 140.623336792 -13.3906269073 34.5352973938
4329 40.1469230652 16.5102462769 12.8296175003
4330 45.4005088806 18.8416080475 12.8603143692
4331 39.0464706421 22.873758316 6.18615055084
4332 39.8023948669 24.1765403748 14.4538965225
4333 180.790649414 -27.393321991 40.9948158264
4334 172.744094849 -25.8135986328 41.0757408142
4335 175.71395874 -28.4410953522 44.5189170837
4336 174.967437744 -22.2339916229 34.9623641968
4337 171.322021484 -18.4729690552 39.7212181091
4338 175.599075317 -21.8402709961 45.7868118286
4339 181.395584106 -24.8403320312 45.0299263
4340 68.3260879517 7.23455715179 12.9580793381
4341 65.404258728 0.0401746742427 7.2022895813
4342 167.814758301 -20.0501823425 41.6780433655
4343 174.179260254 -35.0525093079 44.2651138306
4344 170.763122559 -30.5012454987 45.7254714966
4345 63.4914131165 -23.3874607086 37.3642654419
4346 59.339138031 -25.6573810577 37.1473503113
4347 100.360137939 -18.3077545166 38.2783966064
4348 183.931045532 79.0836486816 33.5472831726
4349 193.176528931 74.5074996948 28.5835723877
4350 192.318572998 81.8973312378 26.0773792267
4351 193.083816528 82.8060150146 36.4453964233
4352 86.2240753174 -26.1994533539 18.2539024353
4353 59.9253730774 12.318318367 30.9243354797
4354 67.4440994263 7.36595773697 18.8923091888
4355 62.9018707275 15.1238489151 18.5149173737
4356 60.9237518311 -8.00892066956 39.6762695312
4357 78.550201416 6.92665481567 15.8914632797
4358 151.653045654 19.0811004639 28.2495727539
4359 73.5349655151 7.36420965195 31.7707386017
4360 83.2719802856 13.1099147797 24.6216087341
4361 76.2127609253 17.9322166443 20.6696281433
4362 169.700332642 82.7733306885 19.9359264374
4363 160.979888916 4.5366101265 8.94701099396
4364 152.973205566 0.339943766594 9.99412536621
4365 111.247001648 -28.98254776 31.0505428314
4366 150.920715332 30.7504558563 27.9628257751
4367 145.241775513 36.6397743225 35.3684997559
4368 152.201156616 30.909450531 35.1963806152
4369 151.600692749 36.2519569397 31.8154087067
4370 144.742797852 36.9596138 28.1760921478
4371 153.059509277 35.7439155579 24.2227954865
4372 150.627334595 41.8511886597 28.5105247498
4373 151.682357788 32.0021858215 42.1257324219
4374 157.756347656 36.0408973694 35.0422515869
4375 72.3794708252 -2.43122911453 7.09336328506
4376 11.0720920563 22.8436813354 15.5815973282
4377 7.24301147461 16.687330246 17.0509109497
4378 6.11999845505 22.144821167 19.8103160858
4379 17.1957969666 10.1607961655 26.2438983917
4380 6.94483852386 17.0802402496 24.4454097748
4381 75.9092407227 -39.3088989258 16.425567627
4382 83.2024688721 -36.3365058899 12.5049543381
4383 80.3281936646 -42.4680023193 15.0877552032
4384 77.0332183838 -34.3367614746 12.8132619858
4385 79.8290405273 -43.656791687 7.64312553406
4386 70.6282119751 -36.8133201599 11.5946884155
4387 74.3349304199 -45.0259094238 5.51923942566
4388 73.0691604614 -44.0249977112 13.7944984436
4389 71.5921936035 -36.0917701721 17.7409057617
4390 70.5116271973 18.1964378357 16.9045372009
4391 64.8473052979 20.2426757812 21.28099823
4392 69.393371582 12.8067760468 13.4429264069
4393 66.1666030884 19.8633728027 13.9717473984
4394 72.5075531006 22.8279724121 13.327539444
4395 70.5346298218 14.7231092453 7.78120279312
4396 71.4050140381 22.317243576 21.267911911
4397 156.898834229 -28.6615066528 43.9012145996
4398 128.744308472 -13.4278850555 38.8261947632
4399 132.291275024 -19.8229427338 37.2575187683
4400 134.003112793 -19.5092639923 44.433380127
4401 125.305747986 -19.5443820953 43.320526123
4402 33.2504081726 -29.4057865143 16.6316375732
4403 28.3687896729 -32.2152938843 17.6432533264
4404 46.5763473511 24.2533149719 21.8664493561
4405 54.2454833984 29.9415283203 21.4028339386
4406 46.2525978088 28.1412410736 28.2565155029
4407 123.855926514 -12.4639043808 44.6390457153
4408 124.392578125 -12.3733596802 37.3138694763
4409 52.9613342285 30.0912742615 28.8343639374
4410 179.607452393 -55.1223564148 28.393819809
4411 179.367080688 -58.4975280762 16.6839084625
4412 182.894943237 -48.383102417 21.0889892578
4413 187.969406128 -59.1653137207 25.5052814484
4414 175.381256104 -60.9661712646 24.2799682617
4415 178.659866333 -65.7376937866 32.1111984253
4416 135.938766479 -13.398443222 45.4978637695
4417 136.174453735 -15.1717205048 39.0359649658
4418 148.197753906 -24.7629890442 38.8803672791
4419 178.252838135 -44.4964523315 30.4715270996
4420 173.463226318 -46.8542175293 24.3672065735
4421 179.115478516 -52.548614502 38.6081886292
4422 188.148330688 -55.9072418213 36.4056434631
4423 178.650894165 -58.9410133362 35.1467208862
4424 173.598754883 -47.8526344299 33.6937866211
4425 170.199737549 -56.290725708 32.8291130066
4426 172.658905029 -55.4239273071 17.3804645538
4427 65.9637374878 -33.8421974182 11.9791612625
4428 58.5145874023 -38.0328826904 14.1561164856
4429 35.3093528748 -33.927192688 12.9381008148
4430 26.2356929779 -31.3359928131 11.7322711945
4431 28.8068637848 -37.6527824402 8.34391307831
4432 28.729763031 -37.9369544983 14.9300413132
4433 48.769367218 -1.56546878815 15.4139385223
4434 86.2085952759 -42.4376716614 14.4814510345
4435 108.425209045 -39.8974761963 35.522857666
4436 41.1677589417 -37.2780647278 13.7567329407
4437 32.2041282654 -40.9016685486 5.93530797958
4438 40.1325035095 -35.7730484009 5.88781309128
4439 90.4150695801 -45.2741546631 35.8945846558
4440 91.8992385864 -40.2980651855 39.3594245911
4441 41.7449378967 -30.0333862305 13.0816249847
4442 41.2567825317 -30.0003967285 6.51102924347
4443 144.472824097 19.5223026276 11.252491951
4444 148.970962524 16.891374588 11.534942627
4445 31.0059909821 -47.3035545349 22.3318881989
4446 39.3055229187 -48.6375808716 28.4317493439
4447 35.8873672485 -54.5091247559 20.7026920319
4448 40.4964027405 -48.8964538574 21.4533443451
4449 37.6203689575 -26.2331905365 10.3697042465
4450 47.0870666504 -3.24416065216 10.3212461472
4451 53.2523880005 -2.16822481155 9.34508991241
4452 48.3193855286 -7.91197919846 8.53443908691
4453 50.6563224792 -1.62100887299 5.23312759399
4454 51.060508728 -6.25804233551 4.50196027756
4455 167.707000732 -13.4871883392 26.7176361084
4456 40.8503303528 -13.7330007553 7.32259225845
4457 39.6862220764 -17.6091461182 8.2713842392
4458 96.5633621216 -15.2193164825 37.8856124878
4459 94.0461578369 -19.6443252563 39.298992157
4460 95.2055435181 -17.6512699127 45.4867897034
4461 93.5857467651 -12.4250230789 43.9486961365
4462 31.6578636169 -13.4184474945 12.1527109146
4463 35.2523956299 -10.1299562454 13.9454603195
4464 39.0367431641 -7.3518409729 17.1769542694
4465 32.8958091736 -10.4873437881 17.6911678314
4466 47.5404434204 -5.68196678162 16.159154892
4467 46.1714401245 -45.2825279236 5.78603172302
4468 46.3794746399 -38.5430450439 4.61445951462
4469 96.6963577271 -9.11439990997 44.8683509827
4470 92.7422332764 -12.1110782623 37.4902954102
4471 91.3335952759 -4.88606214523 44.4983177185
4472 98.1046829224 -7.77345848083 37.2643089294
4473 26.043762207 -24.2633571625 17.1684913635
4474 87.8477096558 -10.1490488052 37.6786308289
4475 29.0932941437 -26.3009433746 10.6160488129
4476 41.1688499451 -13.1692771912 39.9508018494
4477 36.935874939 -18.6508255005 41.5672645569
4478 37.2744750977 -14.3654270172 43.4464302063
4479 35.8486022949 -12.4345502853 39.8336181641
4480 42.8657608032 -9.73771762848 41.9533615112
4481 39.2290306091 -10.6676073074 42.932888031
4482 43.2943458557 -13.700176239 46.6192016602
4483 98.8415756226 21.1511306763 44.1620903015
4484 85.424369812 -1.19878315926 34.2705192566
4485 111.494552612 -11.2568845749 37.6226348877
4486 104.924636841 -15.8763332367 37.8770751953
4487 112.396240234 -18.3628768921 36.5764427185
4488 104.94480896 -33.8542709351 22.0588111877
4489 109.235069275 -3.68321037292 37.6523284912
4490 115.309181213 -7.10928440094 37.4612312317
4491 57.3396072388 1.73847770691 10.6258926392
4492 61.7584342957 5.57476711273 12.4102554321
4493 42.6924743652 15.5544099808 31.5780963898
4494 114.969429016 1.2046905756 15.2194719315
4495 112.770858765 6.40827274323 12.4059858322
4496 191.109237671 -15.6762676239 33.5945129395
4497 193.607620239 -20.9479579926 33.4352645874
4498 194.252243042 -18.5067806244 36.1953392029
4499 110.985397339 0.734171450138 11.0451917648
4500 111.871192932 -4.76013422012 10.6869821548
4501 117.211654663 -2.24798774719 11.7869882584
4502 18.2965259552 37.0394020081 24.0483570099
4503 9.59176826477 35.168598175 24.7784729004
4504 13.6325454712 39.4606590271 33.5743942261
4505 21.6854038239 43.1013183594 20.7506694794
4506 20.1397342682 43.4594154358 28.9963474274
4507 22.9402732849 35.5964736938 13.9063005447
4508 24.1730365753 31.9876918793 23.5774459839
4509 14.0755224228 37.4556465149 14.3693323135
4510 12.5143842697 42.4082069397 24.4479312897
4511 81.1460800171 10.1002397537 31.4861965179
4512 80.8630447388 11.7204265594 18.6933841705
4513 111.80116272 -10.564040184 11.5884933472
4514 111.929244995 -9.45349311829 4.17947626114
4515 115.87638855 -8.3519411087 11.7788925171
4516 143.580917358 -0.749623537064 12.4682273865
4517 105.753486633 -15.151804924 4.2203836441
4518 104.973564148 -19.6638736725 10.7932729721
4519 110.677215576 -14.9390325546 4.19464063644
4520 20.9633712769 11.9708890915 19.7927436829
4521 21.0965080261 5.10774469376 25.0945606232
4522 137.343353271 78.3325653076 15.9593553543
4523 21.114408493 6.35818052292 30.4093227386
4524 19.8562698364 12.7366924286 33.0115966797
4525 26.4658470154 18.1309661865 36.5210800171
4526 167.750549316 -0.119984269142 8.41074085236
4527 111.245132446 -16.4373970032 11.3903408051
4528 116.60848999 -15.0723838806 12.3929243088
4529 116.666893005 -19.6435012817 4.51625061035
4530 115.732063293 -13.9490413666 6.00581026077
4531 160.834274292 -10.3888683319 6.60029363632
4532 157.997634888 -10.0400209427 11.0364379883
4533 165.468215942 -8.59672832489 11.6924791336
4534 164.234786987 -7.26113271713 7.361764431
4535 56.0935440063 -31.5094528198 5.23436880112
4536 110.736907959 -21.8787727356 11.0540475845
4537 105.710388184 -8.44242191315 38.7022438049
4538 109.117378235 -11.0303030014 44.8442268372
4539 150.765869141 18.1564807892 35.7632598877
4540 150.423034668 9.83432102203 37.7625999451
4541 141.336975098 10.3764448166 40.2904052734
4542 117.400947571 -13.0606040955 37.7499809265
4543 156.506408691 -40.1214981079 14.2890634537
4544 146.035202026 -47.5463523865 21.7713069916
4545 90.2609786987 32.6474304199 11.9941740036
4546 91.9384918213 26.3297309875 13.5960674286
4547 95.5858459473 32.2835083008 7.79754543304
4548 95.3416976929 33.0421409607 16.5266017914
4549 152.520309448 -47.1676063538 21.8740749359
4550 150.249145508 -44.5027389526 29.4759368896
4551 47.0043373108 -67.9325180054 33.78099823
4552 55.0343666077 -58.8080024719 33.2003593445
4553 58.7410926819 -67.4051513672 33.027507782
4554 51.9302215576 -64.3915252686 29.1283550262
4555 83.7934036255 25.9686183929 13.9838848114
4556 90.4716796875 26.948551178 20.4915924072
4557 84.7716598511 31.6398563385 14.3605661392
4558 44.4982337952 -59.9009666443 32.6373329163
4559 48.0122795105 -69.48387146 24.5369682312
4560 49.6468467712 -70.7483825684 16.5326824188
4561 85.710105896 31.1651058197 5.18266773224
4562 85.464881897 23.8533096313 6.36692142487
4563 116.184341431 21.4786186218 31.8447742462
4564 124.395645142 22.7686576843 35.3767852783
4565 121.875442505 19.3024482727 39.1025276184
4566 113.096343994 30.0318832397 28.1701393127
4567 120.383033752 23.6471118927 27.9990348816
4568 119.137489319 25.6336040497 35.0761528015
4569 110.317092896 25.4556331635 35.7817802429
4570 114.575576782 31.0063667297 35.5269622803
4571 114.936485291 21.6620121002 39.152923584
4572 134.286361694 -35.139125824 15.9777889252
4573 137.082580566 -28.954460144 12.6606035233
4574 131.30078125 -30.0218582153 9.86867904663
4575 131.453155518 -25.778837204 12.9602327347
4576 128.81741333 -33.6298675537 13.9067697525
4577 137.68460083 -36.5591239929 11.4653272629
4578 105.417991638 22.1532840729 14.230342865
4579 105.497802734 21.276096344 21.7805042267
4580 127.133827209 -41.8706169128 13.7287092209
4581 132.856170654 -41.3850097656 12.6335802078
4582 138.251785278 -40.7026557922 21.5351467133
4583 63.4183006287 20.3883934021 28.7864513397
4584 86.6407546997 7.45874404907 12.4165639877
4585 81.2659988403 12.151140213 12.4577121735
4586 107.628036499 -27.9809265137 6.20210027695
4587 103.243263245 -24.3185539246 4.27644300461
4588 107.194786072 -27.839302063 12.5087165833
4589 32.7218513489 -0.398849874735 39.7882881165
4590 37.1309242249 2.32940125465 38.253616333
4591 39.1727027893 -2.4042699337 39.8983535767
4592 32.0009727478 4.07402133942 21.8046875
4593 108.580276489 -3.27717542648 31.0400772095
4594 110.997329712 -23.0110836029 4.17785453796
4595 104.952209473 -19.5686302185 5.11448431015
4596 114.155204773 -27.101776123 12.3126802444
4597 110.417022705 23.5530090332 28.3538360596
4598 85.4745101929 -21.1499099731 18.4302406311
4599 91.9096832275 -5.9468460083 30.9232959747
4600 90.4431381226 82.975730896 14.6247739792
4601 168.00213623 -11.6378860474 13.2757873535
4602 168.305419922 -6.01872873306 9.58187007904
4603 171.659301758 -8.91821098328 14.8821783066
4604 171.761184692 -5.52444314957 12.4628810883
4605 155.002624512 27.3510627747 21.1783676147
4606 152.381759644 35.9350852966 13.7957782745
4607 149.650588989 30.404800415 20.8491954803
4608 108.457054138 -21.8140087128 37.8347091675
4609 147.377258301 39.8679389954 20.9768333435
4610 192.908981323 -39.8801460266 44.5635375977
4611 88.26512146 -102.6847229 32.7301445007
4612 168.212844849 1.72669577599 45.8168869019
4613 193.495422363 23.7980232239 25.4608650208
4614 193.188186646 17.3387851715 28.9809169769
4615 193.657745361 27.1562175751 28.741476059
4616 41.4399604797 4.45061397552 9.25918292999
4617 39.7356147766 10.6962299347 6.46487665176
4618 40.4500465393 10.0720129013 12.7450656891
4619 36.0092391968 2.9281539917 4.05613279343
4620 37.8965492249 -0.651567041874 11.161529541
4621 42.0344696045 -1.0481004715 4.78028106689
4622 38.9196548462 0.330011457205 3.18605232239
4623 47.2919197083 1.6605899334 4.19222068787
4624 49.6699066162 1.48315083981 10.1553611755
4625 43.5702590942 -1.32329201698 10.706035614
4626 45.7312278748 6.02810764313 6.6295838356
4627 42.6427268982 4.24413824081 3.73538398743
4628 102.436592102 48.9913482666 8.16899490356
4629 122.448829651 -24.2629642487 37.6959342957
4630 117.011665344 -29.2278156281 37.3794174194
4631 124.532066345 -31.6893749237 38.3189849854
4632 123.675094604 -43.8542861938 17.9334449768
4633 116.92906189 -37.4079704285 18.728805542
4634 118.245780945 -44.8927345276 14.5411338806
4635 119.497917175 -44.1610870361 22.0873298645
4636 127.2161026 -52.7187461853 14.5482797623
4637 123.724937439 -47.1863327026 13.0980443954
4638 35.9694480896 -54.3732528687 4.68065357208
4639 31.9975147247 -11.2259845734 23.3724517822
4640 88.2546844482 7.01064872742 37.0228652954
4641 91.7809295654 1.67156112194 37.0381965637
4642 84.8243865967 2.99605870247 37.7952079773
4643 86.868347168 -5.06416034698 37.0204086304
4644 80.6409835815 -0.925998568535 37.8631629944
4645 82.4910202026 -7.73233556747 37.674118042
4646 79.0139694214 -12.8996219635 38.1348342896
4647 74.8319396973 -22.592962265 37.7776489258
4648 91.6725997925 -28.4590339661 12.753326416
4649 100.318824768 -25.7204208374 13.1163635254
4650 99.9434356689 -21.1375465393 10.7427120209
4651 95.8572158813 -18.7039203644 10.8785972595
4652 92.2412261963 -23.820848465 11.1247014999
4653 58.6037025452 18.4886054993 18.4381828308
4654 74.9974136353 -26.8881282806 12.8204450607
4655 81.1996841431 -30.2124729156 12.4333248138
4656 127.375427246 -3.75772833824 11.0097703934
4657 131.23449707 -6.50229692459 11.2245445251
4658 126.403572083 -9.1101436615 10.8887195587
4659 6.58870601654 23.5187263489 30.2850933075
4660 6.96975803375 17.0091171265 33.5998573303
4661 7.13204574585 24.6166801453 40.2427940369
4662 135.65423584 -5.61244058609 39.5599708557
4663 132.433319092 -7.00349998474 46.1454925537
4664 115.654808044 -21.0494098663 12.6011991501
4665 112.86138916 -31.7622718811 12.6008825302
4666 30.469745636 -63.1460151672 22.6766319275
4667 36.3019676208 -58.7418327332 27.355966568
4668 35.2412071228 -63.9646453857 16.0982570648
4669 31.68475914 -53.4372177124 26.357208252
4670 28.2264442444 -61.6611785889 33.4990921021
4671 22.2088394165 -65.856552124 28.8289928436
4672 24.5360107422 -67.8049240112 17.6585197449
4673 36.9892883301 -68.5122146606 24.4004364014
4674 33.7471618652 -70.7521438599 16.1352996826
4675 24.9421463013 -59.9794998169 16.8807449341
4676 135.821411133 -5.3636507988 44.8554763794
4677 140.163970947 -6.87437963486 44.3853149414
4678 106.876396179 -31.898891449 30.0981521606
4679 110.880195618 63.6437759399 16.6459789276
4680 113.675331116 56.7593994141 16.9016475677
4681 105.324287415 57.4345169067 16.4104290009
4682 85.7434310913 14.5354585648 30.7036952972
4683 83.6946258545 19.3304462433 19.7044048309
4684 54.3144645691 23.0611038208 21.1256923676
4685 140.342803955 -11.724565506 39.9182701111
4686 140.61289978 -7.14179229736 39.0846366882
4687 186.928649902 -63.950050354 35.2259483337
4688 185.583633423 -56.5297851562 44.1899337769
4689 12.3222494125 2.25323629379 39.4026756287
4690 11.8728237152 -3.89571690559 35.4331626892
4691 17.3054065704 -0.660485863686 38.9094543457
4692 46.3965148926 -4.03900098801 41.9784698486
4693 42.7034606934 -1.23729622364 41.9208030701
4694 43.2315979004 -5.54278755188 46.4759178162
4695 46.1052207947 -0.0982699543238 39.6842002869
4696 12.7353410721 55.1745834351 23.6309089661
4697 24.7668609619 52.587387085 16.9547176361
4698 20.8602218628 54.6674995422 28.3240890503
4699 17.0259723663 49.1034927368 22.0736083984
4700 13.6774435043 50.5279693604 33.9872207642
4701 23.7412834167 45.2414588928 13.8928337097
4702 14.7443590164 46.506313324 14.1270799637
4703 15.4323635101 55.8164100647 13.8778848648
4704 6.96542549133 47.0349807739 19.2500247955
4705 7.21421527863 53.2845001221 17.2269573212
4706 180.720840454 62.014591217 26.4555435181
4707 180.138458252 70.318031311 27.6783618927
4708 173.672637939 69.102355957 19.741891861
4709 179.908111572 65.9650039673 36.2985916138
4710 181.029907227 53.0961380005 25.2752037048
4711 186.45463562 63.5369262695 33.0573043823
4712 186.700714111 53.9569587708 35.0604438782
4713 192.570907593 59.0275192261 31.421585083
4714 189.391418457 51.2142906189 25.5359401703
4715 178.962158203 56.8059425354 33.0568504333
4716 154.35748291 -28.3852386475 12.3440608978
4717 148.395980835 -27.631483078 12.555565834
4718 67.4147720337 15.1025648117 37.7566184998
4719 69.6958770752 9.97828960419 46.0587615967
4720 65.5807113647 8.29645633698 43.374370575
4721 71.4295272827 10.8327236176 38.4338684082
4722 170.371551514 -17.3319282532 23.882270813
4723 92.1633605957 12.0396299362 13.3673067093
4724 34.3585739136 -9.33516693115 46.1884651184
4725 35.3776626587 -18.1574897766 46.102848053
4726 32.9955482483 -16.5533027649 43.2853317261
4727 9.65727901459 0.419503837824 44.5920677185
4728 13.2244958878 -4.43829631805 42.1979179382
4729 15.7377958298 -1.34396755695 44.8355636597
4730 38.8396148682 -11.6453094482 46.784072876
4731 38.614276886 -16.1797504425 46.8411598206
4732 41.1073036194 -16.6527404785 42.8418998718
4733 30.4013462067 4.88639545441 35.753452301
4734 31.8115100861 -5.95262289047 40.7264633179
4735 28.7962226868 -5.56513500214 37.443447113
4736 28.0065002441 -5.51101398468 41.0169334412
4737 36.8139762878 -0.522852063179 42.7594490051
4738 34.0562820435 -1.72294199467 45.9048080444
4739 29.2877845764 -2.69864225388 43.5257873535
4740 153.341186523 -0.702115535736 38.8200645447
4741 111.240592957 -44.0614814758 21.7070503235
4742 108.360092163 -45.6158294678 13.1956195831
4743 111.980400085 -39.5037574768 14.6746635437
4744 59.6998176575 -16.8997688293 11.0183343887
4745 60.9487953186 11.7334756851 37.0995903015
4746 59.0781097412 6.53660774231 43.5980758667
4747 38.8562736511 -8.32594490051 3.27641892433
4748 42.948348999 -8.06646251678 6.77321004868
4749 38.2390899658 -12.5415124893 3.96219348907
4750 43.7274894714 -19.7195529938 9.22137928009
4751 46.8148384094 -15.0042390823 7.32812833786
4752 34.8267860413 -15.1637763977 8.16986846924
4753 38.1560592651 -16.765253067 4.03641986847
4754 42.9971466064 -14.7690677643 3.42930579185
4755 182.062423706 -28.3941707611 24.6891956329
4756 154.219360352 -3.8872795105 41.6905326843
4757 67.3983154297 22.4956951141 44.034488678
4758 62.447971344 20.8832874298 36.326133728
4759 70.0242767334 21.4402580261 36.0362472534
4760 121.813110352 -14.8284339905 40.4179763794
4761 120.408828735 -6.73932981491 37.9715843201
4762 118.043533325 -17.400642395 44.7835693359
4763 119.146125793 -19.1250572205 37.4209709167
4764 25.1062450409 -1.41169500351 31.0101795197
4765 116.725219727 -12.5205717087 44.363193512
4766 28.5539455414 -13.1531629562 37.6719894409
4767 25.9762496948 -16.671415329 38.0011787415
4768 73.5600662231 15.8308439255 38.0055084229
4769 40.2205505371 -99.1901016235 16.2259712219
4770 42.6398620605 -92.6654510498 6.82488584518
4771 47.8983650208 -95.807723999 15.5957355499
4772 33.0959625244 -95.8906860352 15.5428056717
4773 47.2224082947 -103.409713745 17.809431076
4774 38.9870300293 -104.33681488 25.228925705
4775 7.77417612076 -38.0581436157 6.13731241226
4776 14.9657974243 -42.9288024902 5.57300567627
4777 6.79533433914 -45.5090713501 10.6487598419
4778 61.0067558289 13.0203466415 43.4903640747
4779 158.927368164 -33.734588623 12.6495056152
4780 6.72764492035 44.7635917664 10.9627056122
4781 164.642105103 -33.5982208252 12.3230428696
4782 63.0281028748 -37.6773452759 36.1604499817
4783 66.3841934204 14.0256156921 44.8514480591
4784 76.9131164551 -42.1179618835 36.9732818604
4785 68.8889694214 -40.7605895996 35.7478790283
4786 75.0146331787 -35.7275161743 36.1279678345
4787 171.291915894 13.4074802399 39.0491638184
4788 165.047943115 10.0260763168 39.7250976562
4789 71.7687072754 -90.1534729004 26.2530708313
4790 71.0537185669 -90.3372116089 36.4579658508
4791 62.7880134583 -89.2718353271 27.1412296295
4792 66.9919662476 -96.6281433105 29.0596656799
4793 76.0470046997 -82.1829376221 24.9959964752
4794 75.0280380249 -82.1978759766 16.763874054
4795 77.125038147 -89.7967224121 15.5418548584
4796 75.3093261719 -11.7637624741 41.4789657593
4797 76.3278579712 -7.5576581955 38.2965126038
4798 74.969329834 -7.24917316437 45.518283844
4799 82.1071624756 -6.83252191544 44.7795677185
4800 82.1242752075 -85.2039413452 20.7291698456
4801 69.1616973877 -96.3299560547 15.2381715775
4802 137.334899902 2.15041637421 11.043012619
4803 137.102783203 -2.72020435333 12.547457695
4804 136.329605103 13.8211669922 13.6234445572
4805 132.44519043 0.462096333504 12.2704296112
4806 127.824050903 -57.6569137573 34.8471260071
4807 127.107910156 -62.3166503906 43.5506439209
4808 132.977432251 -66.3767471313 33.9886627197
4809 137.066894531 -58.5530433655 36.2193870544
4810 49.3915061951 -16.0647315979 38.7742538452
4811 123.392127991 -54.0491828918 35.5504493713
4812 119.611274719 -63.8017120361 43.6391220093
4813 124.050880432 -52.6312904358 43.3795394897
4814 130.584609985 -53.2753219604 43.2579421997
4815 131.420272827 -51.4270210266 35.5217399597
4816 125.292015076 -59.6737518311 27.635591507
4817 123.611801147 -64.0402526855 34.295375824
4818 134.319595337 -58.6559753418 44.0112800598
4819 39.0914077759 -5.65782022476 7.4837141037
4820 43.4944725037 -4.29726696014 3.58036851883
4821 38.933807373 -3.35567140579 3.23352217674
4822 43.045249939 -10.3112850189 3.39593625069
4823 46.8599014282 -7.30625867844 3.40304350853
4824 33.0082702637 2.69791126251 15.283323288
4825 195.604629517 -80.375038147 37.7289733887
4826 35.585849762 -3.19721007347 18.5338840485
4827 122.304733276 77.9808502197 20.613111496
4828 119.750709534 71.4778823853 33.6208648682
4829 125.123443604 76.8048553467 35.4515304565
4830 30.9542007446 -4.40510416031 2.75238656998
4831 30.7854766846 -8.78929328918 2.84047269821
4832 29.3046855927 -6.87610244751 5.48085308075
4833 140.102371216 67.9407501221 24.5697669983
4834 81.2087783813 9.11990261078 38.1078987122
4835 47.4571609497 35.6086120605 28.4779911041
4836 43.1435852051 40.0026817322 34.6334571838
4837 36.9125518799 27.5595912933 29.1924343109
4838 39.3121490479 34.2612342834 34.4858894348
4839 149.786636353 42.625377655 13.3232069016
4840 156.929122925 40.1128005981 13.78951931
4841 149.555877686 53.9228286743 7.75010108948
4842 154.538116455 46.6012763977 13.2577085495
4843 149.714004517 45.6420974731 5.78871774673
4844 145.269790649 39.603515625 6.35492420197
4845 145.132492065 37.8090057373 13.91020298
4846 150.209747314 50.9627380371 17.4858818054
4847 43.3758544922 -39.5232925415 35.5743675232
4848 67.4078216553 -6.30980730057 11.2370986938
4849 68.5651245117 -6.46621608734 4.94203662872
4850 47.0900039673 -46.2102241516 35.8508529663
4851 72.3811340332 -9.00040626526 6.11716890335
4852 69.4440078735 -11.0797872543 4.23112678528
4853 78.0158462524 23.1961021423 20.9683570862
4854 78.8278274536 23.9400138855 12.9691133499
4855 51.326171875 -29.8475608826 12.3875780106
4856 58.4290733337 -31.179227829 12.3279209137
4857 146.395401001 -45.9566612244 4.84899663925
4858 61.9440841675 -21.8120193481 12.055478096
4859 68.315612793 -12.2477617264 10.9797706604
4860 87.1829376221 -96.0768051147 15.0275783539
4861 84.327255249 -97.3314361572 26.0076255798
4862 78.274772644 -96.8664779663 13.6721811295
4863 66.8132247925 -88.9360427856 9.95363521576
4864 76.3619842529 -95.8698272705 23.9332237244
4865 164.975479126 -70.8787689209 41.9324836731
4866 158.97946167 -62.7163772583 33.0232276917
4867 167.221511841 -70.2584686279 29.5987491608
4868 156.104690552 -70.5384063721 35.8346366882
4869 64.1958999634 -14.3767910004 10.7307653427
4870 154.746444702 -75.3464736938 30.5881824493
4871 154.847335815 -75.1174087524 43.114276886
4872 155.210342407 -66.1097259521 42.9032669067
4873 151.69128418 -61.1196899414 34.3246917725
4874 163.36831665 -76.7961502075 30.838136673
4875 118.687461853 -31.2212257385 12.3622913361
4876 187.134780884 43.9019355774 35.5738334656
4877 180.89453125 35.5519294739 43.0856742859
4878 180.772964478 48.5379066467 42.9487991333
4879 179.770889282 40.2102241516 34.1646347046
4880 181.752487183 43.2646446228 27.1990756989
4881 172.46395874 36.547039032 32.7663536072
4882 171.988845825 34.623840332 42.6762924194
4883 175.570678711 -82.2857055664 20.9034309387
4884 187.394485474 -100.123207092 18.7609596252
4885 181.801467896 -103.681404114 23.5181694031
4886 188.265335083 -92.3925323486 33.0555305481
4887 192.273239136 -101.317726135 25.6874084473
4888 174.620559692 -97.8523864746 25.0262489319
4889 181.356796265 -101.200637817 30.4821186066
4890 58.9324035645 54.0328445435 33.9593734741
4891 50.3896179199 51.845905304 41.3421936035
4892 56.6446228027 45.6586914062 32.9749336243
4893 54.2535018921 47.164226532 43.2786178589
4894 25.9171619415 -19.5575180054 23.0234775543
4895 30.6895370483 -15.5138664246 17.5242176056
4896 26.784658432 -16.3950824738 16.0082187653
4897 28.2115325928 -17.988817215 26.6644020081
4898 61.058177948 64.0726928711 40.0291481018
4899 56.2615203857 55.6073722839 42.6928634644
4900 51.1106147766 63.2390823364 31.8131523132
4901 21.3498573303 -16.1193084717 23.8521556854
4902 22.2665977478 -20.9475765228 27.0427684784
4903 60.7494773865 53.7399177551 25.0386009216
4904 66.338218689 57.9977226257 33.4900474548
4905 62.0117835999 63.1749038696 29.5457172394
4906 78.7031402588 60.6654663086 32.0595092773
4907 73.1848907471 65.9014053345 30.003238678
4908 81.7386627197 60.3523712158 19.1709976196
4909 72.6519546509 56.1773948669 27.481918335
4910 159.081069946 46.3368034363 33.8876953125
4911 162.469314575 28.8383293152 26.8840522766
4912 164.20602417 31.0980892181 33.8935470581
4913 159.785217285 33.3700332642 20.2816200256
4914 62.3880996704 49.3554496765 43.2251319885
4915 53.3084983826 -75.9646453857 33.1973190308
4916 44.181438446 -77.167755127 30.9441490173
4917 58.3033370972 -75.2182769775 16.528793335
4918 48.069229126 -82.3725357056 19.9294528961
4919 85.607673645 -88.5836029053 29.1388702393
4920 96.8660964966 -95.8636169434 22.2077579498
4921 91.4316635132 -85.9815979004 20.5747127533
4922 87.4752044678 -80.0852584839 33.7123565674
4923 86.9842758179 -87.5257644653 36.9700889587
4924 84.7866134644 -77.3857040405 25.6592597961
4925 82.0939178467 -96.1075820923 35.5876960754
4926 79.3079376221 -89.9540405273 33.8269348145
4927 187.136367798 -71.4484481812 26.9294834137
4928 178.644607544 -68.7076416016 21.1974220276
4929 193.584213257 -84.8869934082 32.534286499
4930 7.28988599777 36.9015388489 39.3525085449
4931 176.02835083 -74.7250518799 30.3145599365
4932 180.909179688 -85.081161499 35.7353858948
4933 46.3390235901 3.9807536602 39.3067474365
4934 46.6447486877 8.26675987244 38.3283348083
4935 43.4481811523 2.84841656685 41.5446128845
4936 93.9735641479 -3.63985776901 4.66608476639
4937 92.7667999268 -8.6210269928 4.47451972961
4938 51.044506073 50.4302444458 25.0080318451
4939 49.3153572083 53.648979187 33.9977111816
4940 92.2505493164 -11.2590885162 8.98913478851
4941 95.9588088989 -12.7323303223 6.65827846527
4942 64.7310028076 60.2426834106 17.0143756866
4943 71.1660690308 61.2238311768 21.1034069061
4944 158.211685181 62.169178009 29.6098976135
4945 158.325836182 54.4539299011 25.6944274902
4946 167.025512695 61.9969596863 20.0512752533
4947 165.810119629 59.2470436096 29.159116745
4948 155.880950928 65.8739624023 20.5716590881
4949 149.250061035 57.6423377991 25.9506664276
4950 152.876022339 74.2052230835 34.7694664001
4951 152.0809021 76.8239364624 26.6745872498
4952 162.006469727 60.7752799988 41.5440826416
4953 159.793502808 53.4841346741 33.6306190491
4954 149.423873901 56.860496521 34.27186203
4955 152.561752319 63.3740577698 39.1752967834
4956 149.9453125 65.817489624 28.6216049194
4957 57.4014701843 17.766078949 12.5684499741
4958 93.7944641113 -69.3320083618 18.1990470886
4959 70.813621521 51.1564445496 43.1511955261
4960 65.2668838501 58.1210136414 42.984703064
4961 108.345039368 -53.4094352722 35.2533912659
4962 117.56161499 -55.4566497803 36.0782318115
4963 104.549545288 -66.3355865479 24.6913757324
4964 111.924888611 -66.1385116577 16.5486946106
4965 122.980392456 -0.26861461997 10.8002786636
4966 122.166038513 -5.55621623993 10.8784456253
4967 100.847343445 37.3329620361 28.063873291
4968 111.809196472 39.8001861572 27.2679691315
4969 106.714744568 36.9349594116 20.9361534119
4970 105.183692932 41.5228614807 24.9535045624
4971 106.043197632 40.9161529541 34.8829307556
4972 106.407699585 48.0876579285 24.3607826233
4973 117.449394226 33.0093803406 16.3939323425
4974 113.071640015 41.0714988708 16.1184883118
4975 117.839668274 39.6249237061 24.9072399139
4976 114.651947021 48.7618408203 24.6644535065
4977 119.053489685 46.4827461243 33.1971168518
4978 83.149055481 -66.7522888184 29.6324481964
4979 90.0414733887 -67.3666763306 29.2466068268
4980 84.7433853149 -65.5612411499 35.7298126221
4981 87.0924835205 -71.1992034912 33.7920951843
4982 80.1713638306 -72.1688461304 33.0219841003
4983 74.6117019653 -66.0572662354 33.2042617798
4984 72.7345275879 -65.0621337891 24.9303855896
4985 81.3858642578 -67.9077377319 22.9957199097
4986 79.3470993042 -59.3527603149 33.5058326721
4987 131.136459351 -65.8845291138 25.3598957062
4988 128.86831665 -65.9308166504 16.8599300385
4989 134.198150635 -56.2083396912 21.6295166016
4990 79.0832290649 4.40495586395 37.847984314
4991 76.1605682373 10.0792341232 38.1981506348
4992 72.7204437256 6.01234769821 37.4660224915
4993 112.015800476 -47.5469970703 42.4228668213
4994 116.465560913 -57.2198562622 44.3081855774
4995 63.2971611023 83.6642227173 24.2364635468
4996 68.7208786011 83.7890625 29.7773284912
4997 55.6321182251 82.7066192627 33.6471633911
4998 88.1493148804 -55.6459732056 21.3039169312
4999 89.9924468994 -61.2530822754 21.9026565552
5000 97.9674682617 -54.3660316467 16.7923297882
5001 82.6495742798 -60.6004867554 20.440284729
5002 81.6540756226 -55.0757484436 13.7054243088
5003 84.2157440186 -61.8715820312 13.9718999863
5004 91.2240066528 -62.7357368469 14.923453331
5005 57.9991569519 82.8374633789 17.4637374878
5006 55.2202072144 78.2321472168 25.7433547974
5007 83.8371200562 22.5307884216 35.5240478516
5008 52.1678504944 85.8877258301 19.8246822357
5009 118.635040283 70.9361419678 21.744802475
5010 122.34287262 62.7182197571 16.1958942413
5011 115.977432251 78.9427947998 27.6014614105
5012 51.94789505 6.69780540466 38.1822891235
5013 48.041519165 5.56019830704 45.6040267944
5014 46.7915534973 10.4360132217 44.3493614197
5015 54.0304908752 12.1768074036 38.2180175781
5016 53.5125160217 10.501206398 45.5122032166
5017 69.3668441772 83.2477493286 17.7111587524
5018 97.4964065552 -2.67378592491 36.3526382446
5019 100.287330627 3.98295807838 37.1824417114
5020 151.870361328 -30.6346855164 37.8929100037
5021 154.837554932 -40.8165740967 35.80493927
5022 150.315322876 -36.031085968 38.3945426941
5023 64.3077774048 -68.744178772 16.6488304138
5024 54.8667869568 0.765514075756 5.19775629044
5025 50.5559844971 3.39948391914 5.6204252243
5026 66.1591567993 77.0031967163 24.278968811
5027 55.6654891968 6.13209295273 11.3429851532
5028 51.2078971863 9.2146654129 12.0809297562
5029 40.6385231018 30.1863918304 14.5785074234
5030 47.6891365051 26.022233963 14.5091705322
5031 55.1198692322 29.7702465057 14.2896203995
5032 54.8019218445 38.1784248352 21.1629123688
5033 48.4680175781 35.9678726196 13.998960495
5034 53.9520339966 37.6672401428 28.4066905975
5035 47.0845336914 -33.8498878479 12.3197107315
5036 53.2658805847 -37.491443634 13.442065239
5037 47.6299247742 -39.6525001526 13.6600704193
5038 146.645126343 -50.963924408 28.9670066833
5039 148.664901733 -49.1137123108 36.2938537598
5040 151.312438965 -53.7550773621 36.1869277954
5041 159.049316406 -51.0755500793 29.3957443237
5042 158.805755615 -51.7995452881 36.4976425171
5043 153.726898193 -46.2823486328 36.4450187683
5044 155.787460327 -54.058265686 22.1971683502
5045 159.662963867 -65.4350357056 24.7909393311
5046 165.440093994 -58.2774963379 24.1146278381
5047 153.631637573 -54.3270492554 29.3467655182
5048 157.059906006 -57.5953178406 36.5215644836
5049 149.549346924 -53.6758460999 21.8804607391
5050 144.84954834 -57.9594726562 29.527879715
5051 136.165924072 -16.8709220886 12.2805900574
5052 136.064071655 -9.34411144257 11.6058750153
5053 132.231399536 -13.2906188965 11.7150421143
5054 111.680122375 56.7769317627 32.7193031311
5055 104.875762939 55.9553108215 24.1244850159
5056 104.332801819 54.3683395386 32.6771125793
5057 101.849769592 64.4168243408 17.0659999847
5058 105.803016663 58.9149436951 8.55643177032
5059 113.519607544 -3.85307383537 41.4004173279
5060 119.334793091 -1.05154633522 46.077003479
5061 107.745452881 -3.43001198769 45.2836341858
5062 120.446502686 54.5847473145 41.4043693542
5063 122.20602417 53.4429092407 33.0280418396
5064 134.170135498 -74.9034957886 24.7877979279
5065 124.014846802 -73.6552658081 16.8269901276
5066 125.378494263 -78.5855941772 25.1526203156
5067 118.893585205 -82.456199646 16.373916626
5068 115.735206604 -71.0789718628 24.8644943237
5069 113.777397156 -74.0332717896 16.5721702576
5070 111.722412109 57.1089820862 42.2173271179
5071 121.839767456 -75.5152816772 33.4792785645
5072 123.540298462 -67.1153106689 25.1338195801
5073 122.161048889 28.9729728699 19.9084606171
5074 122.626243591 32.3661079407 27.5036087036
5075 126.71887207 35.4479446411 21.497089386
5076 114.735481262 37.7102890015 33.2550888062
5077 117.876991272 47.7446098328 16.6406078339
5078 153.031433105 -3.82398605347 7.463367939
5079 104.403068542 -34.779838562 13.8769721985
5080 76.5971679688 83.0389175415 23.8846263885
5081 87.2421112061 82.7193145752 23.5697441101
5082 160.838562012 -32.1635055542 37.5588569641
5083 77.8200378418 83.3806762695 38.8015136719
5084 70.9002227783 82.5827636719 36.8028869629
5085 130.839706421 -90.1836853027 29.2820034027
5086 165.778152466 1.70913684368 37.615486145
5087 173.721542358 -0.293445467949 41.2989654541
5088 76.6348190308 83.1952819824 31.5720653534
5089 170.489654541 8.03246307373 40.1492462158
5090 175.646514893 -4.23823070526 37.2099838257
5091 175.909011841 6.3379611969 40.7960166931
5092 159.635955811 25.3526611328 13.8824834824
5093 160.795379639 18.5227851868 14.0643692017
5094 91.2451629639 26.2917232513 6.72571468353
5095 87.3935317993 32.4552955627 20.6020774841
5096 97.5811843872 40.8348693848 14.8133611679
5097 76.711730957 70.4381790161 17.6725311279
5098 80.0609817505 75.8281707764 24.8737182617
5099 68.6193466187 69.3235549927 22.9932746887
5100 87.1614379883 41.2323417664 7.55074453354
5101 91.203125 35.2042236328 5.06549406052
5102 98.7247238159 41.3026275635 7.59095525742
5103 97.2943649292 51.279384613 24.4288902283
5104 97.5970611572 62.3513565063 32.9759979248
5105 99.7658538818 63.5061683655 25.3594646454
5106 88.8564224243 60.270072937 27.8194160461
5107 91.8262557983 53.7395095825 33.6076126099
5108 85.5793838501 52.9677772522 25.1043014526
5109 97.4876022339 57.4440460205 16.5479984283
5110 79.289680481 37.0559959412 23.9472732544
5111 97.3957366943 28.123960495 27.8167304993
5112 104.922409058 30.3003845215 21.8838939667
5113 99.9276351929 39.5292243958 21.9388389587
5114 60.9675979614 31.3612709045 14.2209434509
5115 49.9382171631 42.3806915283 15.8308429718
5116 86.9073791504 -68.6169967651 16.7962684631
5117 88.4967727661 -67.982925415 23.1101570129
5118 80.0534057617 -69.1153869629 16.7897453308
5119 83.1543273926 82.9813766479 32.1626853943
5120 116.008674622 -41.1616973877 36.2585601807
5121 114.998054504 -35.2250480652 37.4398460388
5122 49.4206466675 -17.2138671875 4.3889040947
5123 50.3228683472 -12.1655912399 5.00709056854
5124 166.791442871 -35.5297813416 37.4931335449
5125 172.189804077 -39.0359992981 35.3328742981
5126 121.467025757 -10.7345876694 11.6954431534
5127 54.5839920044 -5.08584928513 39.3048210144
5128 157.71270752 20.4170246124 36.2965888977
5129 136.472808838 -46.8886413574 21.1917591095
5130 164.950668335 7.51296663284 8.83447360992
5131 170.645172119 2.92541742325 8.26416301727
5132 175.00881958 5.72499370575 9.18475341797
5133 117.570358276 -38.1329307556 12.5147848129
5134 115.335121155 -42.7353515625 5.91729307175
5135 110.474311829 -37.22864151 5.71684741974
5136 93.775970459 65.565071106 16.7137184143
5137 88.4829483032 67.9744796753 30.5976066589
5138 122.959083557 -40.8962211609 5.17305183411
5139 117.637199402 -37.4315223694 6.42165088654
5140 25.939447403 5.12259244919 19.6551094055
5141 27.147518158 4.34688186646 29.5752105713
5142 29.069234848 0.809474766254 26.1565341949
5143 188.441894531 -33.0324058533 30.1246299744
5144 187.399002075 -32.8556785583 21.1815853119
5145 185.949417114 -38.4163665771 36.4373664856
5146 166.096801758 -1.75220692158 4.01609945297
5147 165.389770508 3.01039981842 4.12799024582
5148 156.343765259 2.45613980293 8.44876003265
5149 53.6839866638 -50.2588043213 13.9755487442
5150 60.2939834595 -48.1375312805 15.1882944107
5151 62.1625289917 -55.2699356079 16.1862277985
5152 47.1115531921 -46.5388679504 14.3453502655
5153 28.2712154388 -14.085776329 30.0661773682
5154 24.9334545135 -18.7325401306 30.3042240143
5155 22.7106895447 -15.876789093 29.6240348816
5156 28.0265293121 -17.2499732971 33.5483207703
5157 21.8521499634 -19.8347244263 34.5648422241
5158 22.5201625824 -15.5132961273 33.7885742188
5159 102.809684753 35.8792152405 6.40373706818
5160 105.695129395 42.5963668823 15.4554157257
5161 170.15133667 -5.06063842773 38.6618804932
5162 105.565475464 -102.626014709 25.5043201447
5163 111.724945068 -102.857910156 34.8927116394
5164 106.99609375 -95.4211807251 31.983953476
5165 108.714767456 -92.1491241455 21.4271335602
5166 101.095924377 47.7604980469 16.5745277405
5167 93.2138671875 47.4196052551 16.675661087
5168 84.9600296021 46.9337310791 16.9379825592
5169 91.6001968384 47.4897651672 7.32232618332
5170 110.489761353 -28.0818462372 36.920249939
5171 102.830032349 -23.4505767822 37.8459587097
5172 109.935707092 48.9496917725 16.3093566895
5173 82.7887802124 -8.08642864227 11.7823638916
5174 89.4790802002 -17.5152587891 12.0525131226
5175 99.3020401001 -12.4682750702 40.7009735107
5176 101.945320129 -3.62858271599 37.9842529297
5177 141.888519287 83.4259796143 32.8627624512
5178 140.765182495 83.5001144409 21.2017421722
5179 134.737457275 83.9664306641 28.6661224365
5180 80.5913391113 -32.3106651306 37.6517715454
5181 34.9550056458 48.5330162048 33.6430358887
5182 28.2125587463 44.5786514282 33.3643722534
5183 129.454071045 83.2641220093 32.9873733521
5184 145.471389771 -15.8906745911 10.8914432526
5185 146.162384033 -6.07662534714 9.89438343048
5186 148.847793579 -3.21182990074 9.93543052673
5187 167.334915161 -18.7064666748 11.187374115
5188 50.6906814575 1.25518846512 40.6303596497
5189 39.255607605 5.91031312943 40.1604957581
5190 122.333976746 82.7806777954 19.8302307129
5191 139.806808472 78.4359893799 37.6065444946
5192 79.1849136353 14.5827388763 37.5292892456
5193 90.1857223511 21.7606258392 34.9295005798
5194 92.5462646484 13.0752277374 35.6845588684
5195 62.5344619751 68.8426971436 14.4457511902
5196 56.6457748413 67.9021148682 23.9261798859
5197 51.3212585449 72.883430481 17.3986949921
5198 55.0020637512 59.6845970154 8.97851848602
5199 46.9808006287 66.1078796387 10.9153490067
5200 54.1915626526 66.7024536133 6.54694509506
5201 54.9875450134 58.9332389832 16.9241218567
5202 64.7933959961 59.1746788025 7.14462089539
5203 60.2638702393 76.2220458984 11.4506826401
5204 63.2865943909 69.6546401978 5.9296708107
5205 22.0852813721 -74.845664978 39.2598228455
5206 20.448890686 -63.2496452332 39.6586875916
5207 35.6276702881 -60.0618591309 34.5054244995
5208 34.8022079468 -51.5043525696 35.6298065186
5209 29.4371490479 -56.9852905273 40.5645065308
5210 135.390838623 -25.7046089172 37.2636489868
5211 111.84727478 48.7793464661 33.0731658936
5212 123.061927795 83.6607818604 28.9659671783
5213 89.2594528198 55.8068580627 16.6707458496
5214 70.708480835 -102.737503052 38.0931510925
5215 61.7514038086 -104.285842896 32.4233589172
5216 67.5043029785 -98.9898834229 43.3461418152
5217 32.1958580017 50.9587860107 16.9688682556
5218 25.8306465149 60.2070350647 20.1306972504
5219 30.991065979 51.7276306152 8.54867839813
5220 33.4444046021 60.7305107117 16.4498786926
5221 38.135761261 -43.0719604492 40.2890586853
5222 41.7776756287 -34.1506958008 38.0346221924
5223 36.109210968 -38.521900177 37.1639480591
5224 42.8295402527 -40.9902496338 44.1440238953
5225 66.1561813354 -103.748573303 26.733751297
5226 75.0230941772 -103.077545166 29.4471797943
5227 33.5037689209 -44.2160682678 36.4373168945
5228 33.5675086975 -6.35242509842 16.5850791931
5229 35.2700538635 -5.7415099144 11.5090856552
5230 43.2724151611 -10.1535205841 12.3506231308
5231 121.965515137 -17.7661132812 12.290307045
5232 147.166976929 48.3137702942 25.6875610352
5233 150.990844727 49.9942588806 34.2348937988
5234 167.238815308 51.5136528015 30.8576717377
5235 85.1157226562 75.2725906372 17.9227409363
5236 83.9420547485 66.2578582764 10.6578435898
5237 89.7190322876 77.6497421265 25.4245815277
5238 83.2362442017 82.7875213623 15.8544197083
5239 44.1859741211 -52.5120925903 28.3398246765
5240 40.1879692078 -66.6552810669 32.7290306091
5241 149.702590942 -76.1505355835 14.0017604828
5242 159.976547241 -83.6970825195 9.9768447876
5243 155.106185913 -75.8704376221 19.6318626404
5244 155.347869873 -73.8548736572 7.23483562469
5245 150.658996582 -66.5575180054 7.07023000717
5246 98.2425231934 -12.6547851562 46.4588165283
5247 100.325447083 -16.5043392181 44.226726532
5248 104.493644714 -12.6709756851 46.4262046814
5249 102.651451111 -3.19893288612 43.7488594055
5250 104.706001282 -8.88400554657 44.4420700073
5251 33.406791687 -29.9637584686 10.6811037064
5252 35.2685852051 -19.1161384583 8.47666931152
5253 30.3232307434 -19.312997818 13.6637182236
5254 74.4965820312 -96.3972244263 33.7653884888
5255 78.8394317627 55.6245269775 8.75113868713
5256 74.8693008423 28.264585495 13.4073019028
5257 6.80126333237 -69.0732879639 9.30752658844
5258 76.835395813 28.7816486359 20.3914718628
5259 6.73804569244 -93.7241973877 39.96276474
5260 7.31374120712 -90.5679550171 29.9640159607
5261 7.45022249222 -81.4918899536 33.5044364929
5262 12.9615297318 -90.9807357788 41.2506484985
5263 19.4105815887 -15.4756822586 44.8575286865
5264 65.5511169434 25.7643985748 28.27202034
5265 20.4007358551 -2.50592446327 46.2540130615
5266 172.31086731 28.1030826569 32.7111167908
5267 33.2575798035 -61.9474067688 8.24101638794
5268 29.5701713562 -53.9379272461 8.6440114975
5269 25.6600875854 -60.3905639648 7.16377639771
5270 76.025138855 -58.2911262512 7.07340955734
5271 163.253585815 23.4949092865 35.0526924133
5272 21.4540081024 -4.58358192444 41.6594696045
5273 25.4628601074 -3.55728268623 44.7406997681
5274 56.6390991211 7.60663986206 4.3651881218
5275 96.9097671509 -22.6815185547 42.0911712646
5276 93.5065689087 -28.1842365265 43.346446991
5277 100.983604431 -27.3237838745 40.352684021
5278 101.030380249 -26.573638916 45.7576980591
5279 94.8031463623 -28.1709213257 37.2429733276
5280 89.8268432617 -22.3263225555 45.0491600037
5281 8.12418937683 82.751159668 28.9794216156
5282 178.64906311 40.2156181335 15.0239419937
5283 188.281860352 39.6598129272 23.3299732208
5284 185.935012817 37.9794998169 14.1774635315
5285 192.671447754 46.5953483582 16.3960361481
5286 192.46661377 45.4080543518 6.64232873917
5287 192.56439209 73.7723236084 12.5771913528
5288 192.653686523 53.6986160278 17.479637146
5289 15.2935009003 65.2415161133 12.9041862488
5290 12.6344337463 70.9500732422 18.8994026184
5291 23.418888092 74.9005889893 15.2099704742
5292 17.8402709961 75.6910705566 8.18638896942
5293 25.6747074127 68.4552078247 22.4899559021
5294 63.9544181824 -94.3984680176 35.8984107971
5295 12.9260568619 63.7717285156 22.7760562897
5296 7.00817012787 63.3227729797 12.7204256058
5297 7.68966245651 61.7154083252 6.49970340729
5298 23.8500080109 66.7772521973 12.3516368866
5299 30.1488838196 -10.9976930618 5.73875188828
5300 27.936378479 -11.0036859512 8.89923667908
5301 106.854225159 -87.9944839478 29.3901939392
5302 24.7578144073 1.94325625896 35.7377929688
5303 29.4055023193 3.40716123581 40.5153007507
5304 165.695755005 -46.232673645 5.8158416748
5305 114.34412384 -89.0242538452 14.3841047287
5306 51.7876853943 -4.08896684647 45.9281196594
5307 47.7283973694 -3.15256524086 46.5094909668
5308 6.3976354599 9.30360031128 46.5153961182
5309 11.8236684799 -2.13921332359 30.2041397095
5310 125.013778687 -2.06634235382 38.4298400879
5311 128.910888672 3.86470746994 38.1126861572
5312 119.238739014 -50.4458999634 5.27492189407
5313 110.751144409 -50.2518386841 6.41977548599
5314 125.762077332 21.0929050446 28.7005310059
5315 196.372024536 -16.0609302521 27.042640686
5316 197.079055786 -18.1560459137 23.7462329865
5317 124.836242676 -102.988983154 10.548207283
5318 177.606643677 -3.88707685471 30.140745163
5319 181.878952026 -4.48641252518 26.9205131531
5320 189.037094116 -15.514626503 16.3811759949
5321 106.165222168 31.126745224 29.1732292175
5322 102.672103882 35.6690406799 35.1270828247
5323 193.780456543 9.68295478821 32.0471191406
5324 146.390731812 -22.9815139771 4.99331951141
5325 190.787261963 -21.0558071136 38.6699867249
5326 188.869216919 -15.3649196625 38.7896575928
5327 194.353973389 -15.5324134827 44.8842887878
5328 118.726051331 4.59270715714 12.4595746994
5329 82.1404418945 -75.3824386597 17.3380889893
5330 75.4566497803 -58.4600791931 24.3919239044
5331 75.4236297607 -52.8014335632 16.2577953339
5332 189.226226807 -4.49819421768 14.4965400696
5333 193.311813354 -68.1254959106 29.6755981445
5334 80.3775482178 -20.4347057343 45.4576530457
5335 84.7360839844 -21.8460865021 43.7989768982
5336 90.2536010742 -22.9808940887 38.9915733337
5337 88.5713500977 -15.5382413864 45.2618675232
5338 192.211196899 -27.7660140991 38.8084068298
5339 193.681732178 -29.4778461456 43.5991630554
5340 186.531738281 -30.1772651672 44.816280365
5341 192.861816406 -34.1389122009 39.6288146973
5342 82.9342269897 -14.6196136475 44.5426330566
5343 192.805130005 -52.8197517395 41.0050010681
5344 88.3017425537 -53.7970123291 14.9185504913
5345 41.4866218567 14.7854394913 44.9735527039
5346 43.1843032837 21.279794693 44.2868003845
5347 36.8920021057 18.3619422913 44.2446403503
5348 129.987167358 10.4318828583 6.70790243149
5349 124.307472229 6.97031116486 6.46771430969
5350 193.069244385 -94.0359039307 34.830329895
5351 66.347076416 47.1231040955 24.951921463
5352 66.6652145386 39.0404129028 21.2377967834
5353 65.0286712646 28.950422287 36.0825881958
5354 77.8326339722 -104.027191162 9.6628484726
5355 58.1131019592 32.2838134766 35.9716110229
5356 120.96131134 -9.06418132782 45.1155166626
5357 57.0017929077 43.679599762 26.1510372162
5358 64.7424926758 47.5990447998 33.2584609985
5359 7.71169376373 -102.054031372 15.9346389771
5360 60.5540733337 39.5197982788 35.5692481995
5361 121.935470581 53.8170700073 25.0735301971
5362 6.84390640259 -103.858261108 4.31090211868
5363 7.61162281036 -101.981369019 10.544090271
5364 122.09400177 55.3221473694 15.8528614044
5365 116.713005066 -8.28740692139 5.34893274307
5366 123.837333679 -58.6518592834 5.67558526993
5367 131.887649536 -103.513717651 32.5079345703
5368 145.826034546 -6.7337808609 3.97055506706
5369 173.419052124 -15.5907535553 16.3766403198
5370 96.0826034546 5.83265352249 36.7458496094
5371 110.00705719 -102.940353394 8.4970407486
5372 193.634689331 -92.9789962769 16.4845161438
5373 123.893859863 -6.12030744553 4.45720148087
5374 16.1994342804 -18.3448104858 45.6971168518
5375 14.4790744781 -24.0450344086 45.4692573547
5376 21.4836521149 -24.6442184448 45.5581169128
5377 162.494979858 -39.0588035583 13.9382638931
5378 14.9652271271 -4.73380851746 11.987991333
5379 31.4636764526 -98.4038848877 8.19467449188
5380 43.5165176392 -102.642547607 7.89215612411
5381 28.741645813 -103.887680054 10.6843719482
5382 7.43110513687 -66.8377532959 40.6655006409
5383 159.450546265 -47.0099563599 14.6484642029
5384 116.751144409 -1.76555979252 5.15515089035
5385 29.0813980103 -102.646469116 43.5942497253
5386 39.6063957214 -98.7957305908 43.1799545288
5387 40.2511329651 -103.500686646 40.3694572449
5388 30.2211837769 -102.414932251 36.1224212646
5389 127.341346741 -3.10239672661 5.57406997681
5390 159.96963501 -45.9524269104 21.6550827026
5391 6.22408533096 -1.18768525124 36.9442939758
5392 7.55974435806 25.2479915619 25.5749359131
5393 33.8156890869 5.29899263382 41.6859970093
5394 25.4412593842 7.45104169846 40.2361297607
5395 29.6298294067 5.21355438232 45.7091255188
5396 30.8934783936 10.9077482224 44.5789451599
5397 11.9011001587 -30.1931152344 6.07574176788
5398 19.4262275696 27.6520233154 11.8503570557
5399 2.84071803093 -4.40203809738 28.3074436188
5400 8.5218000412 -15.2399539948 20.8635101318
5401 67.8346328735 -18.1694107056 12.3163795471
5402 68.3990478516 -25.4002666473 6.71134805679
5403 73.9799194336 -21.0364875793 6.58936023712
5404 117.898048401 9.89510631561 12.6007680893
5405 71.0399627686 -46.9247207642 35.8907089233
5406 190.889938354 -15.4796733856 23.5689067841
5407 172.342834473 21.0293331146 5.80150032043
5408 119.938560486 -11.479804039 4.36463069916
5409 161.496398926 -59.2473297119 15.3035421371
5410 162.017822266 -52.170589447 22.1137943268
5411 163.728775024 -52.0194282532 14.8820772171
5412 160.48374939 -44.9050598145 28.594417572
5413 166.249862671 -48.3725090027 28.3999004364
5414 90.5330276489 -75.8029556274 7.24089097977
5415 6.73174953461 -55.0952224731 10.0041332245
5416 56.0546760559 38.2343978882 13.9394426346
5417 57.8326034546 44.5801239014 15.8006534576
5418 189.380630493 -31.6138191223 6.22392892838
5419 176.553924561 -15.445391655 46.0058822632
5420 181.071990967 -15.4320135117 46.3618240356
5421 54.0477104187 49.2213859558 17.5949993134
5422 183.6615448 -49.9253768921 32.5832633972
5423 195.291229248 -4.53232383728 6.069876194
5424 71.3214035034 -31.2100391388 12.0966005325
5425 118.93850708 14.6124601364 44.057926178
5426 163.331680298 -90.2041091919 43.5890541077
5427 176.551086426 -99.4319992065 38.1318435669
5428 185.178512573 -103.269439697 34.2520751953
5429 118.073410034 24.7630310059 42.2984848022
5430 149.265563965 -23.7977523804 3.83181905746
5431 110.530632019 17.039598465 44.5183868408
5432 116.229721069 -87.241355896 41.7579078674
5433 52.9594841003 -59.3717651367 6.17611694336
5434 181.847305298 -4.13690567017 37.7909011841
5435 144.643630981 -10.19947052 39.2463417053
5436 169.717987061 42.3803367615 5.98540067673
5437 73.7821731567 -17.133939743 38.5259437561
5438 8.07693481445 -101.700538635 23.8536510468
5439 147.741409302 -59.8154754639 5.94489860535
5440 163.164047241 82.9230728149 40.1860389709
5441 170.602142334 82.6528778076 42.2814559937
5442 141.545974731 -17.6608734131 46.4702682495
5443 138.357452393 -22.9877986908 45.4129066467
5444 154.220230103 -9.12278747559 12.5174837112
5445 25.6204853058 5.45345067978 14.332947731
5446 25.4514312744 8.87980365753 9.07817077637
5447 17.0640277863 8.67829322815 13.171916008
5448 20.29255867 12.877163887 9.35812568665
5449 21.0905265808 7.59954547882 5.51550245285
5450 15.8368272781 10.6187477112 5.79288578033
5451 22.1421775818 17.4833621979 5.02122926712
5452 14.3329019547 16.6855068207 13.7562265396
5453 13.9021501541 19.1847305298 6.2293510437
5454 144.244812012 18.3865718842 4.44725656509
5455 108.258155823 37.2083244324 44.8787879944
5456 43.2172164917 -5.45288944244 13.6802511215
5457 132.002746582 -33.3488349915 35.2066688538
5458 164.835205078 -8.67684555054 46.6349105835
5459 62.5970840454 -102.674453735 17.8846702576
5460 125.255477905 -102.665771484 35.6410293579
5461 75.5303573608 -73.3592300415 6.92418384552
5462 50.4658088684 -79.7699584961 43.0905380249
5463 163.758392334 -67.7035980225 6.74986124039
5464 169.976409912 -76.008605957 10.4564476013
5465 161.259140015 -68.1291809082 16.1353130341
5466 192.519348145 -68.4172134399 7.7841925621
5467 144.119247437 -104.241096497 19.8363742828
5468 153.562545776 -102.726104736 36.7841873169
5469 156.799316406 -103.098693848 29.4669418335
5470 106.765670776 -33.3104858398 36.2143707275
5471 167.983657837 -84.8817977905 6.45849180222
5472 181.593185425 27.2529563904 43.7180747986
5473 193.234832764 19.9872741699 5.90003824234
5474 16.2357673645 -84.6017532349 18.1800441742
5475 19.099981308 -92.7891616821 26.7731761932
5476 12.8466739655 -88.7641830444 29.076007843
5477 194.296951294 57.1688804626 39.8548240662
5478 18.5762786865 -85.9384765625 34.0176010132
5479 25.182258606 -89.7510375977 31.829750061
5480 12.9697008133 -81.4406204224 26.0088920593
5481 179.751983643 81.4132614136 44.1545639038
5482 25.0975933075 -96.5819473267 24.1896533966
5483 12.630988121 -95.7393264771 22.1586933136
5484 18.0977516174 -102.814758301 26.9082260132
5485 14.9482631683 -97.2538299561 33.846698761
5486 171.443130493 -8.18093776703 30.1125946045
5487 68.6175613403 40.660118103 44.1758728027
5488 69.9549331665 41.9348526001 35.7449645996
5489 60.6848678589 40.0300712585 44.3942832947
5490 150.871505737 14.6569271088 4.54758071899
5491 148.782455444 -2.2249557972 39.6312980652
5492 145.427597046 -0.160043016076 45.7660865784
5493 145.275466919 -4.6776099205 44.4775161743
5494 148.83291626 -3.63316869736 45.8240089417
5495 7.66721343994 -101.965202332 40.1529960632
5496 58.7917823792 31.8562393188 43.7473144531
5497 23.241689682 -36.895275116 5.56023597717
5498 27.5871372223 -32.2280006409 5.35520410538
5499 91.5058135986 -6.80743741989 37.3657341003
5500 39.2123451233 -77.1968612671 43.4834709167
5501 81.919670105 74.5685348511 42.9791793823
5502 75.1590423584 35.5670585632 41.9510803223
5503 4.01825761795 -18.3250846863 21.1749095917
5504 3.74542236328 -14.1677179337 25.1258773804
5505 48.9653816223 9.22543334961 5.31517076492
5506 155.181381226 -38.3265724182 5.35952377319
5507 151.183792114 -34.1539497375 6.62817764282
5508 190.287277222 -4.5465130806 39.6026916504
5509 185.391494751 -4.55084562302 43.2135772705
5510 184.942642212 -0.20192605257 41.5302238464
5511 78.7318344116 -102.74344635 20.4911746979
5512 141.577270508 -12.815741539 11.1061544418
5513 75.1888275146 36.5161552429 35.2843513489
5514 107.215866089 31.7922878265 36.9626655579
5515 18.1776294708 2.73913550377 19.8188533783
5516 14.3684253693 0.75771009922 24.4681758881
5517 14.6770496368 -4.45712184906 19.5917282104
5518 17.610496521 -3.72927427292 23.6719169617
5519 91.5415267944 -66.7682495117 35.2055778503
5520 7.64419460297 -15.5874843597 37.2739868164
5521 3.79167604446 -4.01343536377 21.2131576538
5522 2.94858026505 -6.50706005096 24.4719638824
5523 52.5452651978 21.0218086243 5.38035154343
5524 7.11015367508 28.7139987946 16.9298992157
5525 160.447860718 5.61112689972 4.17760133743
5526 99.4828872681 -103.437301636 33.8692741394
5527 158.13331604 26.9829845428 35.0690612793
5528 193.030914307 -29.2041244507 33.9272460938
5529 193.246047974 -37.3262939453 33.4231300354
5530 177.773269653 -15.464015007 30.7943019867
5531 86.443572998 66.8124160767 21.1642417908
5532 172.78477478 -104.198646545 16.8252429962
5533 31.8133354187 -24.7565155029 38.5398292542
5534 30.1323127747 -18.1997661591 40.7137184143
5535 29.5916213989 -21.421251297 35.7121772766
5536 83.5561676025 66.5294494629 37.9991760254
5537 27.2095565796 70.5992507935 32.7316169739
5538 15.8362703323 72.9098587036 43.7777938843
5539 22.3990879059 77.6485214233 42.1073875427
5540 14.4516973495 75.764213562 36.9525794983
5541 26.0617637634 -25.0999660492 40.850894928
5542 138.48677063 38.0283279419 13.845744133
5543 140.053527832 31.0979118347 4.89644145966
5544 136.049468994 38.2686271667 5.62651872635
5545 24.2622623444 -20.9491100311 39.9506759644
5546 187.966781616 67.3152923584 42.7726249695
5547 194.227020264 68.4290847778 37.0025444031
5548 175.048843384 9.31794071198 45.5915336609
5549 144.058609009 59.2555580139 43.2180366516
5550 135.598129272 45.9515457153 8.16970443726
5551 96.8319244385 74.7430648804 21.3543891907
5552 94.8316650391 -60.2459754944 42.7952003479
5553 130.216812134 -81.9724349976 7.99842214584
5554 67.6500473022 75.8797302246 14.4033737183
5555 74.8831100464 48.4993171692 25.4457645416
5556 70.3638916016 52.9192810059 17.0167312622
5557 77.2178115845 54.1450653076 17.2557411194
5558 71.2975845337 25.7757492065 39.6065406799
5559 79.1134490967 29.8683280945 42.3739395142
5560 71.8784255981 17.404510498 44.947353363
5561 74.1183013916 31.2845726013 44.8969573975
5562 129.558151245 33.2987594604 44.7348709106
5563 140.386199951 24.4965305328 43.9908561707
5564 107.919548035 5.13741493225 4.88027620316
5565 77.1376571655 -9.9061498642 4.7299861908
5566 66.4097366333 30.0620079041 44.4669761658
5567 110.635101318 73.7720718384 44.7273712158
5568 16.3641281128 83.8606185913 29.4616718292
5569 89.0000152588 -102.653038025 22.5647907257
5570 7.10031032562 6.41539287567 31.9444770813
5571 10.0144376755 4.97568511963 25.2965774536
5572 78.3238143921 41.9246673584 34.2256202698
5573 43.1457519531 82.0750808716 45.574508667
5574 13.7367715836 7.47787427902 44.3904075623
5575 73.1831817627 63.6449394226 10.9979877472
5576 52.4922103882 30.2850055695 35.6658630371
5577 56.7884788513 26.2123908997 35.6984977722
5578 173.239715576 -4.08265781403 30.2212677002
5579 73.3313446045 -58.1605262756 33.0521125793
5580 86.3480529785 -28.5649719238 36.8980789185
5581 31.3411808014 71.5233840942 42.970615387
5582 32.0888061523 82.5549240112 44.6233100891
5583 27.4689502716 82.6301956177 42.4264144897
5584 143.145690918 68.2147293091 6.9871096611
5585 86.8339004517 83.4950942993 39.3197975159
5586 172.715362549 59.4997367859 42.555355072
5587 164.836700439 48.6064453125 42.6920509338
5588 34.792011261 3.08988380432 45.877494812
5589 35.2644042969 8.71966934204 45.9241409302
5590 36.4481506348 -59.289024353 42.2759590149
5591 27.3840446472 -17.2935791016 47.0915222168
5592 24.3696937561 -15.6575689316 42.1218032837
5593 27.6634159088 -13.7963829041 44.8490180969
5594 32.2759094238 -10.4593076706 42.0347938538
5595 29.1229515076 -6.72922039032 44.849395752
5596 30.3466300964 -10.9388208389 46.0877456665
5597 30.8388137817 -15.6545410156 46.0478668213
5598 28.1243209839 -9.71297550201 42.2379760742
5599 30.4311065674 0.170967355371 45.9317169189
5600 28.2810592651 -9.25710201263 35.6907920837
5601 29.0126953125 -50.5313491821 43.9822921753
5602 33.8179931641 -53.1268806458 43.6139373779
5603 37.9203147888 27.4886722565 36.3493690491
5604 4.86282300949 -4.3969707489 15.2337121964
5605 11.8024358749 -2.03578519821 5.50511360168
5606 28.4086341858 -10.9897375107 16.5980148315
5607 28.4347820282 -9.90429973602 31.9726791382
5608 162.273834229 12.9274845123 11.9600563049
5609 86.3412017822 -19.3097801208 4.15373325348
5610 85.6748046875 -20.8076000214 11.9283971786
5611 77.5292358398 -17.764465332 4.08049488068
5612 79.8714065552 -23.5761375427 6.40352153778
5613 6.16902685165 -32.0253143311 39.6890411377
5614 135.562683105 -38.1589508057 36.0459251404
5615 13.7491359711 -15.782204628 41.1188163757
5616 129.652893066 -40.0172462463 36.743850708
5617 127.66835022 -46.9949684143 35.5541725159
5618 40.2072486877 30.8326263428 4.99032974243
5619 57.0613136292 -11.3063812256 46.3280487061
5620 59.8636245728 -14.0039987564 44.8249969482
5621 5.13688707352 -19.4237365723 38.9017524719
5622 2.65982031822 -16.5635643005 35.1331367493
5623 21.4805355072 -4.37487602234 9.84150409698
5624 166.523651123 3.62430429459 41.5866508484
5625 159.888626099 3.36352992058 41.6838188171
5626 166.327163696 -0.834808528423 41.9358024597
5627 31.4537181854 -19.8460769653 46.04870224
5628 7.5006313324 -42.0149765015 18.2063560486
5629 43.5612258911 -32.9413948059 44.8008232117
5630 22.8169174194 -4.92637443542 20.9064712524
5631 31.8482875824 5.09560775757 4.08971786499
5632 10.3422555923 -2.66071176529 22.2921962738
5633 10.9575033188 -2.81141972542 14.8790616989
5634 28.5609130859 -8.17295646667 19.8913822174
5635 163.099304199 0.83405226469 45.8719215393
5636 162.265701294 -3.6797645092 46.1159973145
5637 28.7407207489 -12.5476570129 20.1336479187
5638 28.4628047943 -13.324634552 26.4200458527
5639 176.556838989 -4.41921710968 25.7487258911
5640 27.7971744537 -5.92655038834 12.8052558899
5641 28.3048248291 -11.3443117142 12.4838104248
5642 27.5185871124 -15.7486953735 11.8703737259
5643 38.5538330078 -21.6698513031 4.17098808289
5644 43.3769454956 -24.4316616058 4.23663759232
5645 59.5385437012 -96.7674179077 24.4067077637
5646 57.221534729 -98.3640594482 34.2779426575
5647 31.459280014 -8.77041721344 11.9888277054
5648 28.4253940582 -7.89396429062 16.1175251007
5649 179.056030273 -4.5009560585 21.835269928
5650 181.165817261 -19.6200275421 45.2332878113
5651 28.2197933197 -5.38539028168 9.05086994171
5652 26.8188762665 -0.430952608585 11.6814575195
5653 23.210067749 -4.78539609909 13.0300378799
5654 8.8538236618 -15.0688371658 15.9075145721
5655 34.0849647522 -5.15605974197 3.91885352135
5656 17.7650184631 -4.10596847534 15.4184608459
5657 15.2779312134 -4.53569412231 5.10956859589
5658 128.273620605 -27.0870037079 36.5797119141
5659 25.1684608459 -17.7350749969 4.11136865616
5660 18.5898704529 -17.1066646576 3.96381521225
5661 35.247718811 -3.60694432259 7.13625955582
5662 40.3196601868 85.5618133545 24.0592784882
5663 51.5812606812 84.0427474976 28.3777046204
5664 35.1761932373 83.0188293457 25.4697341919
5665 43.4186401367 82.7083129883 17.8337554932
5666 36.5305862427 82.7650222778 17.4738845825
5667 43.2981567383 77.5738525391 24.9207439423
5668 33.5908164978 -18.4894886017 4.06571006775
5669 32.6119766235 11.2887248993 12.211684227
5670 161.559875488 -14.199098587 8.04595565796
5671 171.348800659 -13.5648860931 12.4957056046
5672 10.1830339432 -4.31781578064 46.3313407898
5673 43.5269813538 15.241060257 37.7243881226
5674 44.3908309937 20.7791500092 36.3162765503
5675 49.3946228027 -52.7185173035 36.2774620056
5676 11.9830293655 -15.7444257736 35.5055236816
5677 86.1828155518 -25.3807830811 11.0202474594
5678 80.6919555664 -23.284324646 12.7112026215
5679 8.35708045959 -26.0694580078 44.5920448303
5680 5.45735692978 -2.36661839485 43.0171089172
5681 18.7497520447 -15.4277439117 37.9085159302
5682 29.3222064972 -48.3577270508 35.2894477844
5683 15.1597938538 -28.8441524506 22.7723178864
5684 9.6068315506 -25.5150089264 19.7390403748
5685 7.01395988464 -31.0849208832 24.7931690216
5686 103.656089783 29.4583911896 14.4566965103
5687 37.2018165588 11.9670877457 38.3108024597
5688 169.804550171 -77.6860427856 35.5306854248
5689 174.937667847 -68.9406967163 42.2282218933
5690 172.754837036 -80.7352371216 41.9239425659
5691 174.708023071 -82.8372268677 31.3399982452
5692 166.147491455 -84.8470458984 32.173122406
5693 163.521453857 -81.0372695923 42.8482093811
5694 6.9190325737 -4.54737472534 43.4972801208
5695 99.2739486694 16.2950782776 7.20734405518
5696 104.162033081 21.5121669769 7.1512594223
5697 11.5617160797 -20.5983486176 23.7321949005
5698 9.91526603699 -14.9638881683 27.3527469635
5699 6.57668352127 -19.5497398376 24.6359367371
5700 167.035583496 -42.4060897827 35.7296104431
5701 160.42956543 -38.6307983398 36.1416244507
5702 2.73535180092 -15.6784086227 41.3051986694
5703 77.1384429932 33.6329612732 15.110824585
5704 71.1427688599 39.7672958374 14.1247739792
5705 79.9127731323 38.5151367188 8.66613101959
5706 70.7663803101 38.774646759 6.46132946014
5707 179.042327881 13.9865961075 8.42334651947
5708 174.10534668 14.0140361786 10.5830850601
5709 173.700500488 14.3118543625 4.30744361877
5710 173.689254761 8.60714530945 4.27160358429
5711 68.0155410767 31.7735385895 14.0496606827
5712 80.2043457031 30.1395664215 6.88351726532
5713 74.9893722534 32.8597602844 4.38535690308
5714 82.8103179932 27.2626857758 21.0379219055
5715 68.1730041504 34.7267875671 42.0746765137
5716 16.3648891449 -4.39851617813 29.0323257446
5717 135.780914307 -1.71110928059 42.0071792603
5718 140.87260437 -3.1159017086 45.5135726929
5719 140.202178955 2.95351696014 39.1702270508
5720 140.969726562 2.09442043304 45.6481666565
5721 136.663803101 -1.45375537872 46.5669059753
5722 135.456069946 1.85619628429 44.2560424805
5723 130.374969482 -2.41410088539 44.7398872375
5724 130.575363159 -2.16928911209 39.4797019958
5725 135.638397217 0.987268686295 37.8900222778
5726 35.0473136902 -13.3095970154 46.9287796021
5727 7.39328861237 -19.1181144714 45.0939559937
5728 7.13594770432 -36.65102005 39.6521987915
5729 126.449211121 -15.9955844879 11.8346862793
5730 27.9653015137 -9.39384841919 26.4012699127
5731 7.88120222092 18.334148407 44.229183197
5732 14.1146306992 23.2819461823 44.3182182312
5733 28.5968284607 -6.81199836731 30.1015739441
5734 78.0364303589 23.8562488556 44.5677680969
5735 72.4230651855 34.6561203003 28.3589038849
5736 126.378417969 -21.3670539856 12.5000391006
5737 131.85369873 -18.8519554138 12.0132656097
5738 10.6590518951 -57.626663208 17.8310813904
5739 14.803483963 -50.9873504639 13.3666734695
5740 13.5193367004 -65.5076293945 13.3909082413
5741 7.09440660477 -66.6989440918 21.6161384583
5742 8.99644947052 -64.2640991211 25.74310112
5743 17.9090881348 -70.2421875 22.3534889221
5744 12.9748315811 -15.4972200394 29.6185112
5745 16.2901668549 -15.2052927017 32.7102546692
5746 66.3936691284 26.3294773102 12.9929695129
5747 7.55286502838 10.8107309341 38.6434860229
5748 21.0409927368 -46.6812400818 6.20376014709
5749 170.959075928 -19.2733325958 13.9561271667
5750 13.909954071 -4.32810306549 25.9300422668
5751 6.61531066895 5.5072426796 39.5747413635
5752 18.5394115448 -15.5496940613 27.0939750671
5753 108.677566528 -13.6261014938 41.5488700867
5754 43.9764823914 11.5962724686 5.59493541718
5755 24.2470226288 -4.7899312973 16.0874881744
5756 6.36464595795 -31.9258899689 6.45593261719
5757 64.585067749 37.4668464661 14.2750005722
5758 48.6954193115 16.0524215698 44.2420539856
5759 7.14685535431 15.5577545166 9.76446533203
5760 4.49096870422 -15.9567298889 14.2276573181
5761 7.73766469955 -4.44369316101 10.6581983566
5762 5.70101594925 0.186752676964 11.1331386566
5763 119.949935913 -36.9356117249 38.1797065735
5764 114.157661438 -35.915927887 44.2132720947
5765 117.231796265 -41.6858673096 43.3789291382
5766 14.0054636002 -15.5109395981 22.1151123047
5767 9.5318069458 -15.4616584778 9.07210254669
5768 20.1884326935 1.73389160633 13.4443712234
5769 22.7511291504 1.02023291588 8.01914787292
5770 22.3676185608 -3.92396831512 25.2095031738
5771 18.4399108887 -1.26856291294 27.3455524445
5772 106.984336853 -33.3551559448 43.4921646118
5773 45.0073814392 57.9144134521 24.9386711121
5774 40.9377441406 52.6808815002 24.8489761353
5775 38.9669380188 55.095249176 16.3775405884
5776 47.2057228088 55.4812164307 16.7982330322
5777 37.7738647461 56.921661377 32.8574676514
5778 35.8975639343 58.7044639587 24.6179351807
5779 43.1840896606 61.342590332 32.8426971436
5780 43.53125 -1.01772069931 46.6196861267
5781 44.4091339111 3.59126424789 46.4795150757
5782 39.2622070312 1.17661654949 46.6265258789
5783 105.745300293 -46.4903564453 35.0780296326
5784 104.794883728 -46.91796875 42.1843109131
5785 44.2471389771 66.6720962524 21.0152320862
5786 28.4039211273 3.19209575653 3.16124677658
5787 41.7469024658 38.6797065735 5.08818387985
5788 36.1101722717 37.2119483948 8.97194290161
5789 53.1767158508 60.6536102295 24.3525981903
5790 86.5029296875 13.771150589 17.9558067322
5791 6.06714439392 0.368397891521 3.91422939301
5792 4.06153440475 -4.10949039459 7.49150514603
5793 4.78857135773 -16.0065689087 4.01669454575
5794 48.0927009583 -10.7578601837 3.21843385696
5795 100.816886902 -40.0272293091 42.681892395
5796 105.0987854 -50.142074585 20.8004322052
5797 102.793113708 -42.8134040833 14.580698967
5798 81.8279037476 50.5739593506 33.5794372559
5799 19.0680427551 -2.07227134705 4.59055328369
5800 21.3654537201 -4.62652921677 5.64630746841
5801 31.1510601044 -20.89894104 8.87733268738
5802 25.0626525879 -19.6494808197 12.5104141235
5803 74.0904693604 51.291847229 33.6570968628
5804 17.8456039429 2.33647036552 5.7326836586
5805 105.067138672 26.5517883301 35.7327270508
5806 46.7281837463 -3.22769117355 4.16260147095
5807 66.1942901611 -60.9490814209 25.1154251099
5808 62.1081314087 -58.3807106018 32.616558075
5809 23.2751731873 3.19741654396 4.27637958527
5810 25.5541381836 12.8732366562 44.8261375427
5811 21.4360561371 38.4943351746 44.2666053772
5812 20.6171207428 44.7862930298 37.6799201965
5813 28.4320335388 46.8446464539 42.933013916
5814 41.6212539673 75.2054748535 14.0089941025
5815 12.4975986481 -16.2195053101 4.25272703171
5816 7.08558893204 8.57073497772 7.83121919632
5817 67.3907699585 -59.7832832336 37.2784233093
5818 14.371972084 -15.3563175201 12.9871921539
5819 72.2769546509 -60.8611602783 41.51537323
5820 76.3271484375 -53.3359413147 35.75806427
5821 67.0790634155 -53.191619873 41.1011047363
5822 62.436252594 -60.3378982544 41.4246139526
5823 66.4038391113 -67.7878494263 41.4665489197
5824 25.5222625732 76.5188446045 24.7964382172
5825 32.5115776062 75.0528869629 14.610039711
5826 34.7589950562 71.6615753174 22.9312229156
5827 187.306442261 -1.41453278065 45.9140586853
5828 181.611587524 -0.0630506947637 45.6620750427
5829 143.104171753 0.398752331734 6.14521741867
5830 139.373458862 -3.92287874222 5.21798801422
5831 142.696411133 -3.62592220306 8.32172966003
5832 141.243621826 -8.35579299927 4.38002300262
5833 195.749404907 -0.915230095387 43.9080276489
5834 192.9478302 9.72364711761 41.0397377014
5835 142.465835571 20.9421710968 28.6434192657
5836 157.874847412 -45.3728065491 5.93632173538
5837 192.8306427 -2.8794260025 45.1822814941
5838 189.564498901 -4.42499399185 43.3664398193
5839 171.579071045 31.8571777344 24.3608837128
5840 186.117935181 -43.6780509949 44.2627792358
5841 185.961425781 -37.321975708 44.4222831726
5842 179.066879272 -42.1752891541 44.9048118591
5843 77.520980835 -82.3226318359 33.3058929443
5844 178.270263672 18.8774871826 12.1510391235
5845 182.84286499 17.6541614532 5.14687824249
5846 194.998275757 -2.64626932144 38.1292572021
5847 35.4127197266 -47.9678192139 14.6400270462
5848 29.5125541687 -54.6823692322 16.6669197083
5849 157.180648804 -9.79989624023 3.37683176994
5850 156.816238403 -5.54045629501 3.42701292038
5851 161.215423584 -7.48293781281 3.27150344849
5852 181.494781494 -4.55033922195 46.2057952881
5853 171.490310669 -7.70170259476 33.7957191467
5854 30.6141700745 -74.9199905396 26.3644046783
5855 166.019897461 -18.361951828 46.1386489868
5856 165.941268921 -14.4056882858 46.0594711304
5857 146.143737793 -10.5327482224 4.93694353104
5858 140.847076416 -13.4666395187 5.52613115311
5859 40.9247093201 -50.2349510193 14.0061817169
5860 192.89263916 -4.52814340591 31.6213226318
5861 39.4874458313 7.35384654999 46.1619606018
5862 135.896331787 -76.3465957642 16.9136962891
5863 193.363601685 -30.6407032013 25.3826351166
5864 161.289901733 -8.43601131439 46.7372016907
5865 157.077392578 -5.11468315125 46.7027168274
5866 62.4262809753 53.3562812805 16.7251091003
5867 76.1020355225 45.050945282 17.6060085297
5868 67.9514007568 46.6472129822 16.6466751099
5869 160.019393921 10.4222803116 44.8808174133
5870 163.728317261 6.29291057587 45.6943283081
5871 165.863006592 13.7124938965 45.6281471252
5872 62.7102546692 -43.4380645752 43.4614028931
5873 55.0861320496 -45.5840454102 44.9276390076
5874 186.124084473 -16.2417144775 19.8123168945
5875 189.330276489 19.699716568 18.1787643433
5876 188.126739502 28.7498760223 23.6236228943
5877 151.614303589 -30.3396034241 43.4198989868
5878 155.514389038 -32.6550941467 44.7666435242
5879 193.299118042 20.0527706146 45.3485221863
5880 185.263565063 15.6261415482 43.8144340515
5881 189.663665771 11.6610603333 45.5022964478
5882 179.408706665 -4.13690567017 41.00340271
5883 188.955566406 11.0114555359 30.4563751221
5884 149.540374756 -23.4218578339 45.7328948975
5885 140.647857666 24.1350879669 5.48701000214
5886 147.886871338 31.5627040863 4.87867975235
5887 193.475006104 0.160173535347 37.0305938721
5888 130.262359619 52.2350654602 24.9456634521
5889 137.783370972 41.9048271179 28.3350868225
5890 140.628890991 44.0919418335 22.6188735962
5891 195.078948975 -2.33598518372 31.5265598297
5892 193.194793701 0.290687501431 29.1724681854
5893 6.52509593964 -20.1421833038 16.6972122192
5894 139.44480896 24.4828720093 35.1815338135
5895 149.358505249 24.1387367249 27.7918739319
5896 190.216339111 3.42950892448 42.785446167
5897 183.709899902 -3.86984729767 34.5058555603
5898 173.754226685 -54.3956642151 42.9382591248
5899 132.000961304 -73.9712905884 33.4858894348
5900 149.768920898 -29.3022956848 4.980448246
5901 51.8196716309 -40.4537124634 42.7176704407
5902 56.6154327393 -40.5330467224 45.0454330444
5903 49.269203186 72.1924743652 32.6891746521
5904 47.5320205688 82.95728302 36.8989906311
5905 42.2335090637 82.1440429688 30.4074993134
5906 175.064102173 -3.50404834747 5.32918214798
5907 22.7666606903 -15.6542491913 13.8937835693
5908 63.2687339783 -29.1742134094 37.0589981079
5909 55.8803138733 -33.6171607971 42.3223762512
5910 177.54977417 14.0980558395 44.837638855
5911 171.539840698 -10.9134454727 44.8866691589
5912 172.429016113 -14.3792486191 41.6117324829
5913 174.83253479 -16.5609302521 38.0117416382
5914 195.991104126 -1.86592209339 23.7818317413
5915 187.721832275 -1.97122514248 35.5991477966
5916 91.8423995972 -53.3164710999 35.6339874268
5917 171.321456909 -11.5593013763 20.0670604706
5918 84.9894638062 -52.7360229492 34.7863922119
5919 156.846343994 -14.6591529846 46.6042785645
5920 149.317306519 21.3838310242 4.16763067245
5921 171.771530151 -9.21159553528 24.6009082794
5922 172.659667969 -4.9013915062 26.4084663391
5923 189.209014893 7.51301717758 6.18801259995
5924 145.414169312 70.1584243774 37.7470397949
5925 143.573196411 76.7175445557 26.9375915527
5926 148.290222168 59.0741386414 18.2350769043
5927 142.52142334 68.7046585083 15.6937799454
5928 68.6056900024 0.0665257796645 43.4384994507
5929 64.0139389038 0.00493007898331 44.5749664307
5930 13.22448349 19.893321991 37.122013092
5931 15.4026679993 14.4974269867 43.9993972778
5932 185.927749634 -3.89647698402 23.3429336548
5933 168.961593628 -3.74206972122 6.45752859116
5934 157.030776978 83.073097229 18.9123382568
5935 192.484512329 6.61028957367 34.0414428711
5936 79.1716461182 40.0074195862 16.9749488831
5937 196.870803833 -18.1101722717 31.9644947052
5938 191.930831909 -94.5135421753 7.60048246384
5939 176.69229126 -79.9175033569 8.6291885376
5940 187.437591553 -0.591897010803 4.33231258392
5941 157.617523193 27.5426158905 42.3417358398
5942 187.072937012 24.0053863525 5.89720058441
5943 183.522674561 -97.5392913818 10.1226377487
5944 173.800262451 0.12168572098 9.60554790497
5945 172.277603149 -5.45813465118 8.66554832458
5946 192.464889526 -96.0216827393 13.3375988007
5947 48.8779792786 43.358291626 32.9036560059
5948 173.962371826 2.32192659378 4.19106817245
5949 191.262985229 13.5648517609 6.63427114487
5950 196.170166016 -16.0891819 15.0315055847
5951 185.97946167 -3.67241668701 31.0252304077
5952 28.4728775024 -102.593292236 28.6872024536
5953 33.9697914124 -102.814064026 18.2415122986
5954 166.714645386 -5.54734802246 3.61686754227
5955 161.162628174 -3.26818060875 3.31508398056
5956 181.803924561 -0.246368199587 14.1419277191
5957 187.02192688 -0.60005569458 15.2572250366
5958 183.433135986 -3.9059278965 16.5673446655
5959 171.784255981 -11.9495630264 16.4494991302
5960 186.577880859 4.00274658203 11.3956232071
5961 189.897766113 -3.20585012436 8.59870815277
5962 183.221557617 4.37961816788 4.62829351425
5963 144.219406128 14.0814599991 36.3869171143
5964 194.305984497 -2.43416833878 10.8563251495
5965 191.09324646 -15.5518856049 9.74328327179
5966 149.695281982 17.6111888885 43.252494812
5967 155.348022461 19.3486652374 44.2166175842
5968 120.400138855 9.32384490967 37.5411491394
5969 169.482070923 5.42715024948 4.20609331131
5970 164.62878418 8.35197067261 4.24893903732
5971 178.501525879 6.0701174736 4.25812387466
5972 180.418518066 10.4952020645 4.5036072731
5973 111.398216248 -47.0399932861 35.0109100342
5974 140.720123291 -52.8555030823 28.8147773743
5975 177.595046997 0.366370886564 12.2270517349
5976 178.518707275 -4.11780071259 16.3083305359
5977 154.323577881 -12.7635965347 8.08970069885
5978 149.726272583 -12.7744159698 10.0088586807
5979 141.661590576 -53.7886619568 21.7109012604
5980 45.7827110291 29.2913913727 35.8585014343
5981 178.653137207 -15.78399086 9.06071376801
5982 170.851776123 -8.32728767395 4.05689287186
5983 52.9001808167 37.3835334778 35.6440200806
5984 161.232589722 -11.6077976227 3.21037650108
5985 182.772460938 -24.1596622467 5.72024250031
5986 124.744720459 -29.5224533081 12.7740011215
5987 180.315597534 -15.8903579712 15.2666635513
5988 172.239639282 -14.0969371796 5.1659321785
5989 169.599441528 -10.7724676132 3.87634968758
5990 183.917312622 -15.560423851 11.0646257401
5991 182.387710571 -3.97611308098 3.30455613136
5992 49.5313720703 16.5074596405 37.6202507019
5993 54.8885116577 18.1251125336 37.5604553223
5994 184.722381592 -15.5308675766 16.586233139
5995 102.584182739 7.92827510834 3.48896336555
5996 102.815132141 12.5175476074 4.49212932587
5997 98.0765609741 8.29653167725 6.11205053329
5998 99.1077880859 11.6402082443 9.96113586426
5999 106.784317017 9.73991298676 11.5434055328
6000 105.42250061 15.5830669403 6.15076637268
6001 124.487518311 -19.2120666504 37.2817649841
6002 34.2413482666 21.3379440308 14.4452943802
6003 141.679428101 -18.3726558685 11.8111352921
6004 178.27432251 -16.620092392 5.64999437332
6005 146.173126221 -10.928686142 10.1043310165
6006 150.856185913 -19.3263893127 11.2204141617
6007 146.370056152 -21.8526363373 10.8931665421
6008 170.051940918 0.338702231646 4.07082843781
6009 147.609893799 1.10866117477 3.91550898552
6010 149.266143799 -3.20635700226 4.92361593246
6011 192.918014526 -57.8754386902 33.4162635803
6012 115.977027893 -23.7973098755 38.0111846924
6013 119.07862854 -24.8338451385 12.5057907104
6014 161.663101196 -40.2946205139 5.79940986633
6015 184.468902588 -16.550491333 38.2189292908
6016 181.760238647 -21.337978363 37.3502044678
6017 178.132858276 -15.5010080338 41.1012077332
6018 109.565071106 82.6499633789 39.7088050842
6019 171.259155273 -10.5404005051 41.1602172852
6020 149.621932983 -34.7259712219 45.7574729919
6021 146.938247681 -30.5069465637 44.5893592834
6022 171.670227051 -11.1897649765 35.7078704834
6023 149.035980225 -9.31710147858 3.97213864326
6024 174.919647217 -16.1022052765 27.0293388367
6025 146.529785156 -35.1825828552 3.99656391144
6026 152.48890686 -3.88733005524 3.27193403244
6027 130.251617432 27.164730072 35.5159912109
6028 136.483779907 33.8669548035 35.8805465698
6029 130.147277832 35.8821296692 34.0070610046
6030 143.988952637 28.4691352844 35.2510604858
6031 152.5025177 -8.87392139435 3.31009244919
6032 91.1260299683 67.4729156494 41.1174240112
6033 175.226867676 -19.0195770264 3.95971035957
6034 193.242355347 -60.4577331543 20.4893512726
6035 192.965194702 -54.1261329651 27.0147705078
6036 193.260238647 -48.3457145691 17.4862251282
6037 123.537002563 36.9054412842 32.4768447876
6038 171.911087036 -9.54250431061 10.5361595154
6039 121.420578003 30.9225502014 33.6487846375
6040 87.9960479736 -49.7787361145 38.9851112366
6041 87.1899414062 -59.028465271 42.4823074341
6042 87.5995178223 -58.3722839355 35.4632377625
6043 97.2311859131 -49.3866729736 37.4565696716
6044 90.5117950439 -51.9442367554 43.9930610657
6045 91.1958847046 -44.9856071472 44.0839729309
6046 85.7026138306 -46.0809783936 44.7950973511
6047 183.587875366 -15.949432373 29.0343284607
6048 144.077331543 -15.1184101105 39.7637367249
6049 144.691390991 -20.4771595001 38.6846847534
6050 24.991859436 -0.702672958374 4.8605632782
6051 107.040428162 35.004108429 14.1720285416
6052 51.9922218323 -28.1463565826 37.9225540161
6053 193.664428711 -22.9540863037 44.8436965942
6054 37.6540184021 -25.3902721405 40.2050170898
6055 33.5730323792 -29.5139141083 40.8397216797
6056 190.496780396 -15.5499849319 29.3449668884
6057 34.9415016174 -22.2693252563 42.6446456909
6058 32.2284927368 -24.5308074951 45.8729095459
6059 27.2901687622 -28.6362075806 45.4384460449
6060 30.4456119537 84.2797775269 27.4204998016
6061 26.4927177429 83.021484375 32.1474571228
6062 30.8995723724 77.0776901245 32.3056144714
6063 34.2938995361 83.4580535889 33.0468406677
6064 182.750152588 -15.6551742554 33.1846008301
6065 22.7189235687 82.9575119019 17.1558094025
6066 66.3164749146 -83.9529800415 40.7452888489
6067 75.8523101807 -82.0708694458 42.8068084717
6068 76.668586731 -90.4397735596 42.9034461975
6069 65.709487915 -91.7745437622 43.012676239
6070 180.029602051 -15.6140766144 36.2128257751
6071 83.3880996704 -3.16044521332 11.4255981445
6072 114.587661743 -33.0773544312 5.61431884766
6073 121.566856384 -16.746717453 4.51353979111
6074 120.927131653 -21.4207324982 9.24322032928
6075 120.708847046 -23.5038375854 44.8332824707
6076 185.74987793 -26.5409412384 36.9696083069
6077 190.185043335 -25.391500473 32.5812110901
6078 186.075027466 -20.5828037262 33.3399963379
6079 166.851379395 -46.3915672302 21.0866584778
6080 166.95741272 -44.4640197754 14.1616277695
6081 116.81980896 -29.1037120819 44.2654914856
6082 196.393341064 -14.8041734695 20.1106548309
6083 193.025360107 -19.5519828796 19.0339584351
6084 111.419654846 -52.1308860779 13.8728551865
6085 184.924224854 -15.5661382675 24.3349761963
6086 105.168365479 -58.2749137878 15.7097167969
6087 171.568069458 -12.9212732315 23.7680740356
6088 188.26159668 -38.7212181091 23.6714992523
6089 192.709335327 -41.3819046021 27.0443649292
6090 184.542419434 74.6681900024 16.0881843567
6091 193.718063354 -19.868057251 25.5041675568
6092 187.424713135 73.1050643921 35.7478027344
6093 32.4492340088 -0.5539919734 11.3643312454
6094 179.884506226 -48.7117156982 44.4139976501
6095 27.644159317 1.58470392227 7.23268175125
6096 31.054309845 0.304876536131 4.00126409531
6097 29.7210960388 -2.62128639221 6.6095290184
6098 192.760910034 -44.2686576843 32.7319946289
6099 26.5854034424 7.73185825348 3.88506579399
6100 178.722396851 -19.7265834808 33.6402206421
6101 177.378051758 -23.5597572327 39.6758918762
6102 112.729759216 -18.0589904785 42.8821868896
6103 19.8403320312 70.7992401123 28.5726261139
6104 20.1970863342 62.4840240479 26.5827121735
6105 29.35704422 -45.3048248291 15.2646999359
6106 35.3587226868 -41.724395752 13.7312431335
6107 23.0243434906 -40.7391281128 17.9626731873
6108 114.352378845 -59.4274291992 15.0144529343
6109 172.410263062 -4.38409900665 41.3980102539
6110 172.019882202 -21.9136486053 4.04371738434
6111 193.183517456 -30.6930122375 19.2681674957
6112 139.999725342 -2.64444494247 39.3662643433
6113 127.824333191 25.6314506531 14.255947113
6114 128.626190186 26.1379756927 21.2793388367
6115 125.020545959 35.2328796387 15.3000078201
6116 157.320236206 -26.1821594238 4.27293395996
6117 159.921798706 -20.2664909363 4.25044679642
6118 123.745689392 -35.0772132874 12.4914751053
6119 192.495407104 -41.3573913574 20.1610889435
6120 71.9106903076 -72.3952407837 16.8692417145
6121 170.418457031 -15.9186468124 45.2935409546
6122 168.252334595 -13.8486671448 40.5807723999
6123 120.00327301 -48.176902771 36.1909332275
6124 22.255777359 -52.1268463135 11.3731994629
6125 156.910598755 -83.9763946533 41.6800422668
6126 150.990371704 -92.7740631104 43.071762085
6127 186.412612915 -16.6125164032 7.94601106644
6128 70.3916473389 -63.4314689636 16.5342407227
6129 194.230804443 -19.0394916534 7.18218421936
6130 85.6591339111 59.2492485046 42.0535697937
6131 183.653549194 -18.2181854248 4.64121580124
6132 190.162994385 -17.0767269135 4.53715419769
6133 133.281585693 -32.5307731628 43.5003738403
6134 136.582214355 -39.1825523376 43.0334777832
6135 193.210678101 -20.0108852386 12.9706335068
6136 124.786354065 -37.2469863892 38.6577262878
6137 106.584152222 -1.93985712528 11.5980710983
6138 106.110031128 3.70847582817 11.7177400589
6139 91.6211242676 -41.9347610474 10.4518871307
6140 97.4804763794 -36.5132751465 7.7565112114
6141 86.807258606 -41.9483261108 7.29261779785
6142 89.0154190063 -36.8789825439 4.37233304977
6143 91.5580062866 -47.5666465759 13.1572322845
6144 91.1478652954 -47.0691337585 4.92029666901
6145 95.811668396 -42.0561408997 6.06230020523
6146 127.12197113 -46.6009292603 42.5518074036
6147 123.047180176 -41.8768615723 43.5613594055
6148 121.719337463 -42.4068984985 36.6637306213
6149 183.171676636 -19.8334712982 9.12969493866
6150 66.8732070923 -46.8266639709 15.9669437408
6151 193.72694397 -24.3835964203 7.27008008957
6152 31.6133575439 -9.58893585205 28.0544471741
6153 57.9513702393 -27.8165988922 44.8411865234
6154 155.981552124 -34.9195022583 37.755657196
6155 155.84928894 -55.6373176575 6.2658495903
6156 163.579345703 -53.6622390747 6.26284742355
6157 145.469299316 -87.4441070557 41.4112892151
6158 166.216583252 -99.0665893555 42.8990859985
6159 160.769866943 -103.953491211 23.1836490631
6160 64.4089584351 -25.2619743347 44.527633667
6161 39.9968070984 -28.618560791 37.9196929932
6162 36.6905326843 -33.5107040405 37.4495277405
6163 183.342498779 -65.9466323853 43.8260612488
6164 171.972488403 -87.3006515503 43.9742889404
6165 194.879776001 -67.6233978271 45.370262146
6166 192.83454895 -69.2300872803 20.5324497223
6167 167.809036255 -58.580039978 12.8601493835
6168 193.523300171 45.928894043 26.3639736176
6169 193.219726562 -103.153358459 36.6692314148
6170 172.322372437 -47.711807251 15.0186338425
6171 91.6806945801 -2.41534256935 40.1645774841
6172 86.6972045898 -4.10931301117 42.9983329773
6173 97.2249908447 -1.55409228802 43.6020011902
6174 91.6723175049 1.07293510437 43.2855110168
6175 22.4362335205 50.505065918 7.99151754379
6176 30.7721881866 52.5757293701 25.0478382111
6177 29.4418621063 33.1270484924 17.5253829956
6178 129.944000244 18.13139534 22.5193729401
6179 169.480331421 -67.4367218018 19.0976696014
6180 192.48210144 -64.9802932739 39.7586174011
6181 144.071563721 21.5060100555 35.7610282898
6182 151.454559326 23.8275909424 34.9002876282
6183 78.000793457 75.2594146729 36.1912345886
6184 78.3982543945 65.6014099121 43.5508460999
6185 74.3213348389 60.0382843018 42.8631591797
6186 72.2489089966 66.8232879639 39.5031890869
6187 87.2696685791 75.4569473267 36.9384155273
6188 160.158599854 -43.7280921936 43.6988677979
6189 169.039703369 -43.4435768127 43.9009590149
6190 162.126068115 -37.3731689453 45.1068000793
6191 165.886688232 -50.3786277771 35.7079963684
6192 187.74168396 -46.9741287231 26.1822528839
6193 186.648147583 -39.1521339417 14.4222249985
6194 38.924041748 -7.50548839569 46.7183227539
6195 186.067718506 -51.7129173279 14.1805925369
6196 193.625 -75.3910675049 29.5887908936
6197 178.750823975 -48.4077415466 13.9711647034
6198 170.538879395 -33.030128479 4.40033149719
6199 63.8479232788 69.7883987427 31.294719696
6200 73.3360290527 76.4788360596 29.6579627991
6201 58.8454093933 73.2345352173 36.3296318054
6202 66.3392410278 77.0638809204 33.5495910645
6203 191.085571289 -70.9560852051 44.0641860962
6204 31.984161377 16.9545917511 13.0742397308
6205 152.556503296 43.583770752 35.8947601318
6206 164.706848145 -28.5563812256 45.7227592468
6207 172.046386719 -40.1104660034 42.6332206726
6208 167.447738647 -35.7320518494 43.5465126038
6209 153.815612793 28.1940193176 13.5864515305
6210 150.250717163 -60.3770446777 43.5760803223
6211 159.110641479 -58.7364730835 44.9362792969
6212 132.599227905 -73.670501709 7.38023519516
6213 140.859603882 -66.8970947266 5.86780881882
6214 131.03112793 -60.0103111267 13.9712791443
6215 132.364883423 -65.0068588257 7.00207185745
6216 22.2127304077 15.1061124802 39.6081390381
6217 13.3255929947 30.6037521362 35.8696517944
6218 97.8750228882 82.6083297729 41.0635032654
6219 92.3276901245 75.1940460205 43.0155639648
6220 191.794082642 -25.5767440796 19.8104419708
6221 192.44619751 -56.5416183472 11.0682487488
6222 121.118255615 -92.1772994995 43.0139160156
6223 172.021072388 -53.9191894531 7.1697177887
6224 184.286651611 -102.612106323 47.1103210449
6225 178.026473999 -29.9424247742 5.63721132278
6226 171.838699341 -26.620475769 5.63675546646
6227 176.553695679 -24.3843822479 4.16078948975
6228 40.3256530762 63.2559318542 15.4744195938
6229 41.6134872437 60.3420333862 6.41350460052
6230 33.7736930847 59.6871070862 7.25181150436
6231 42.0474433899 69.0862884521 5.56915473938
6232 172.413818359 -103.472267151 32.5447502136
6233 184.279998779 -80.2918930054 6.00257968903
6234 13.8963479996 78.0365447998 25.4447517395
6235 15.7263174057 83.6964797974 36.4378967285
6236 19.6148777008 77.2917709351 31.7171230316
6237 192.701568604 -103.033447266 7.46091032028
6238 178.502914429 -0.983768284321 5.76849794388
6239 171.962783813 -14.2228775024 33.3973846436
6240 174.929550171 -16.4978275299 31.9841823578
6241 171.395980835 -13.1959705353 30.1244277954
6242 161.954483032 15.3539648056 43.3140411377
6243 169.461532593 18.2135906219 42.6148223877
6244 193.390045166 -36.4982757568 18.8902187347
6245 69.9615097046 -56.4707374573 15.7362070084
6246 110.384231567 36.1645698547 39.0794448853
6247 100.417541504 36.3572883606 42.6362075806
6248 177.480285645 -99.9830932617 7.61431694031
6249 118.169258118 32.9043807983 42.9510040283
6250 170.53427124 -103.759063721 24.6634788513
6251 193.778579712 -104.061149597 18.9463291168
6252 114.646369934 40.1907653809 41.709487915
6253 108.694366455 30.3362369537 43.5292320251
6254 193.39805603 -77.5024108887 12.3528270721
6255 81.8422393799 -38.7361793518 37.0822067261
6256 87.5983352661 -35.1103057861 36.1202163696
6257 168.963470459 8.11881351471 45.6448974609
6258 186.139434814 -42.7045021057 6.30113220215
6259 193.714920044 -31.707529068 9.84805393219
6260 60.6872253418 25.0825881958 13.5328121185
6261 170.786804199 13.6170473099 45.5374145508
6262 103.611923218 -49.2324829102 13.6722316742
6263 182.832000732 -103.265922546 13.8735647202
6264 96.6889953613 -34.7953453064 15.125875473
6265 18.133808136 56.9990653992 34.4083061218
6266 29.0986270905 54.2774810791 33.7124862671
6267 28.3817119598 56.1112861633 42.3744697571
6268 20.8763866425 53.6806793213 42.9535102844
6269 21.4394264221 64.1409759521 35.8306312561
6270 7.63782215118 53.7920608521 29.3633880615
6271 7.02780675888 57.644695282 35.912727356
6272 13.3711881638 58.3077278137 42.338924408
6273 181.983764648 -90.3965377808 6.48770570755
6274 187.961791992 -20.6592235565 21.4996623993
6275 30.0464801788 -1.16964483261 16.5891094208
6276 31.2143421173 -4.46370983124 22.5805892944
6277 144.114807129 -56.4482879639 36.1940994263
6278 142.348144531 -26.7160987854 37.5555381775
6279 138.742095947 -20.629983902 37.9280776978
6280 140.59475708 -17.2505817413 39.810508728
6281 77.5375747681 -58.8465805054 15.9706058502
6282 68.9950027466 -63.4835853577 7.68726348877
6283 74.8915176392 -65.5846405029 12.6014270782
6284 79.6950683594 -67.6154556274 8.60908317566
6285 56.2361679077 11.9321985245 12.5609502792
6286 63.2826309204 13.6286010742 12.4589414597
6287 94.3530502319 -32.1845588684 10.7959709167
6288 86.9430770874 -30.7048206329 11.2729005814
6289 93.3659439087 -29.2445755005 6.49801826477
6290 100.54359436 -27.8459033966 6.81812095642
6291 68.6318054199 -18.0232009888 5.72884464264
6292 62.3772277832 -20.7111148834 6.03996515274
6293 121.803482056 -100.204490662 43.109413147
6294 136.102981567 -89.7365570068 41.5465888977
6295 163.833343506 -16.3038158417 43.2110671997
6296 37.7553939819 73.6758651733 43.8940162659
6297 38.9435501099 82.5798797607 39.6764717102
6298 38.1806716919 71.9982910156 32.8855667114
6299 193.310241699 7.32802772522 12.8784561157
6300 26.4853954315 24.4908542633 34.6547393799
6301 34.7247505188 -8.4230890274 7.70683717728
6302 93.9275512695 -37.6100502014 44.1364479065
6303 99.7995452881 -36.6173858643 45.9864234924
6304 95.6686782837 -43.3225250244 44.0212898254
6305 87.596534729 1.43632698059 11.5540847778
6306 137.697525024 -98.2303771973 42.0022354126
6307 87.7113800049 -69.4003753662 7.80779457092
6308 129.586990356 83.6482925415 20.0767917633
6309 175.438537598 -19.0901546478 41.2462120056
6310 14.7369728088 -72.9484481812 35.7223892212
6311 12.9946584702 -67.0338439941 41.9782180786
6312 17.9389362335 -79.4630813599 42.4829406738
6313 58.7170219421 -68.2126312256 41.4172439575
6314 52.5597724915 -103.075431824 39.2444152832
6315 54.7402763367 -92.758682251 42.9148445129
6316 47.0539894104 -102.012313843 39.9489021301
6317 178.358108521 -45.6184921265 37.5290374756
6318 186.514892578 -47.780040741 38.7302398682
6319 171.43258667 -5.86728620529 16.8774261475
6320 39.4397506714 -91.8433761597 42.2166938782
6321 22.4749107361 -77.9536514282 8.87780094147
6322 28.2539596558 -70.9464874268 7.89091444016
6323 34.9024963379 -70.6632461548 7.86996030807
6324 6.77712917328 -80.102684021 44.3372993469
6325 182.497802734 -3.19698190689 20.1507396698
6326 35.0270309448 -82.7257156372 41.7638092041
6327 17.0791053772 -103.377403259 40.5200881958
6328 5.41780519485 -103.971633911 46.1727561951
6329 157.102005005 -102.506690979 6.590259552
6330 135.99659729 -100.343925476 7.86780691147
6331 193.135177612 34.186920166 23.2065544128
6332 181.89503479 5.58791732788 41.3919563293
6333 182.421554565 0.796831309795 37.5772018433
6334 179.152023315 1.73819899559 41.5347595215
6335 7.56240463257 -104.939338684 31.6070308685
6336 185.047943115 5.45418548584 45.4776687622
6337 188.418762207 -26.7157707214 26.2025222778
6338 13.259765625 -32.6030235291 12.7254800797
6339 21.1153717041 -33.6114616394 13.6753616333
6340 11.5714330673 -34.0272483826 20.2281455994
6341 14.3457355499 -40.4108428955 12.9574966431
6342 90.6704177856 -102.735656738 3.63271617889
6343 99.0990219116 -96.3366088867 12.87200737
6344 94.6900863647 -103.238189697 15.489356041
6345 164.746002197 32.6199150085 41.1632080078
6346 54.6747627258 -102.643112183 27.4729747772
6347 87.3229522705 -103.316482544 40.8844184875
6348 185.583053589 14.9503116608 12.2393655777
6349 180.014907837 6.53929376602 9.31740856171
6350 57.381072998 -84.1025772095 39.5406646729
6351 170.908248901 -89.4115600586 37.2494621277
6352 163.764221191 -97.7144393921 32.8099327087
6353 21.322303772 -99.2249145508 42.013130188
6354 25.7750816345 -81.6985321045 40.3895492554
6355 180.047775269 -94.6146850586 43.9519386292
6356 51.8286170959 14.8965196609 12.877986908
6357 125.669570923 -67.2317810059 5.61118984222
6358 88.8276367188 -65.7995300293 45.0663375854
6359 97.3357391357 -68.6000213623 41.5609054565
6360 98.2674255371 -102.728813171 17.213060379
6361 192.45413208 48.5256690979 31.4714508057
6362 118.574989319 -52.8344345093 14.2359552383
6363 52.1134872437 -103.138244629 17.6518173218
6364 188.173309326 60.4571151733 41.5377731323
6365 97.5440368652 -48.2994880676 13.4288263321
6366 97.0872879028 -54.3219184875 8.34469795227
6367 13.2245464325 3.61974358559 29.4320278168
6368 13.9163141251 7.98346042633 32.7801628113
6369 180.446380615 -79.4295501709 43.050327301
6370 113.308799744 -104.502357483 21.2289161682
6371 111.952758789 -86.3858642578 6.1991610527
6372 80.9763031006 -71.852180481 43.3197174072
6373 86.5895309448 -78.3275146484 43.3596229553
6374 86.7640228271 -62.6334075928 5.23991775513
6375 100.087532043 -53.4107513428 42.4531707764
6376 7.35386371613 -84.2370147705 41.9177360535
6377 32.6513137817 -47.1360740662 5.61531972885
6378 28.373085022 -45.1160736084 8.39824962616
6379 50.7252044678 -73.4828033447 5.97853422165
6380 85.113861084 -43.3686027527 35.4253044128
6381 83.7521896362 -52.8144836426 42.2235336304
6382 78.2376022339 -49.1572799683 44.2044525146
6383 138.217514038 -59.1416473389 5.19638776779
6384 88.4827804565 -72.1757507324 42.7743492126
6385 109.637031555 -102.682723999 17.8763084412
6386 126.716949463 -102.991905212 24.9866352081
6387 116.464118958 -102.213142395 9.2806186676
6388 119.171417236 -78.3264160156 42.6675758362
6389 127.263381958 -81.2350311279 43.3021316528
6390 51.6617584229 -101.668891907 32.6285667419
6391 21.3391017914 -32.5522994995 38.5302276611
6392 12.4810018539 -38.3428001404 36.6089782715
6393 110.534080505 -96.2117080688 13.6405601501
6394 21.366985321 -42.4575614929 39.6338043213
6395 27.83070755 83.5155181885 16.6765613556
6396 59.8844909668 -2.00740718842 4.91781377792
6397 10.8618030548 -4.85459280014 27.7930641174
6398 160.787826538 -44.4262046814 35.2872657776
6399 165.672027588 -103.638771057 17.023141861
6400 94.5968704224 -89.3834915161 10.021071434
6401 101.198547363 -87.6624832153 20.8611793518
6402 121.16999054 -89.1933898926 6.91788768768
6403 117.630638123 -94.7768249512 10.4599571228
6404 123.515800476 -102.662162781 19.2361030579
6405 40.7476997375 -84.0649642944 10.2567491531
6406 52.4511489868 -60.4336242676 41.3901329041
6407 57.7864761353 -52.9029502869 43.1885948181
6408 50.9781608582 -67.6469192505 42.9843978882
6409 150.64050293 67.4319992065 14.244887352
6410 147.206878662 75.7212982178 18.6390972137
6411 157.220474243 56.1163291931 17.1233272552
6412 148.154586792 60.2606735229 9.30878162384
6413 156.269348145 56.1786842346 9.6756696701
6414 164.057983398 -97.4042816162 14.9074773788
6415 158.105819702 -14.9625711441 4.16071367264
6416 130.273635864 -46.7763290405 7.31157064438
6417 169.930175781 83.7504272461 34.9237213135
6418 164.653488159 83.1930999756 32.3478507996
6419 119.960403442 -78.6599349976 6.76750898361
6420 127.514701843 15.2165842056 36.9079627991
6421 124.885574341 13.6538877487 44.7691764832
6422 123.437759399 23.9674797058 43.6334457397
6423 123.509086609 -96.1156082153 6.26254320145
6424 82.4059295654 -65.781288147 43.9437789917
6425 14.4377365112 -24.8088378906 11.2663383484
6426 121.253684998 83.5808181763 37.8544197083
6427 47.0841026306 -79.541229248 8.90342998505
6428 117.444198608 81.193687439 43.6526756287
6429 127.350364685 68.1254882812 43.4420967102
6430 31.4434814453 -80.7211990356 10.2703180313
6431 37.2573699951 -77.0215911865 7.08530569077
6432 118.462898254 71.5509796143 43.2039718628
6433 76.1843566895 16.0640258789 13.0046749115
6434 175.6746521 82.4916000366 37.0019874573
6435 180.126449585 82.7414321899 31.404838562
6436 89.8876876831 -54.5694389343 5.99257135391
6437 87.6996383667 -103.247787476 13.8907432556
6438 12.5951604843 13.2440776825 36.5214118958
6439 27.9412174225 -102.828323364 19.0494651794
6440 40.4775390625 -103.312973022 16.5585517883
6441 125.949371338 -57.4066810608 20.5631961823
6442 6.53609275818 -92.3355484009 23.2957305908
6443 170.859573364 -103.099082947 9.48523235321
6444 163.50982666 -98.8475112915 7.48612117767
6445 50.3114891052 -2.93250823021 39.2033691406
6446 101.589324951 -76.7465896606 42.6140365601
6447 112.432426453 -93.4810180664 6.60995960236
6448 99.2864685059 -103.498977661 6.16059732437
6449 69.9800796509 26.5983600616 9.78202438354
6450 68.573638916 32.5849990845 6.99848651886
6451 71.5493011475 -74.015586853 43.5178565979
6452 74.6322860718 27.1336421967 5.27996397018
6453 124.549674988 -72.9014816284 8.70523929596
6454 72.0561752319 20.1800174713 5.94719171524
6455 64.9127731323 26.2898731232 4.66915035248
6456 82.9672088623 -74.9810562134 6.37857675552
6457 66.920753479 -103.243087769 12.0161161423
6458 39.274143219 -43.3051795959 5.69248533249
6459 6.55584335327 -87.4135284424 16.9438724518
6460 16.4807949066 -102.653114319 18.4694633484
6461 171.588851929 -92.0944595337 5.74751853943
6462 75.9538192749 -80.6003341675 6.76487398148
6463 94.1686401367 27.4360961914 34.7035903931
6464 57.8030815125 -91.9966430664 6.9261097908
6465 58.8293838501 -89.1915969849 15.8152227402
6466 15.7067317963 -102.645576477 9.36314296722
6467 88.3890991211 -0.729936242104 4.79670000076
6468 83.4043273926 -3.26881408691 4.93030500412
6469 77.2286071777 -1.36864638329 3.43901014328
6470 32.3145751953 -9.18696689606 37.3703231812
6471 166.649963379 -102.986778259 29.902141571
6472 32.0984840393 -7.52998971939 33.0100517273
6473 186.302490234 -54.3431129456 6.03579711914
6474 187.546051025 -61.3489837646 7.85933113098
6475 177.869049072 -61.9538536072 41.195514679
6476 98.8485336304 -80.1132583618 8.81411552429
6477 31.4192848206 -14.8079986572 32.9738693237
6478 109.704376221 -52.5440559387 44.6931152344
6479 32.0421447754 -14.4362201691 40.8578147888
6480 93.6690444946 -94.3907546997 36.0345726013
6481 53.8562698364 -100.420326233 8.1265668869
6482 61.1813316345 -102.755264282 7.16050767899
6483 14.5521097183 -94.2331771851 13.4816551208
6484 6.81239891052 -93.9788284302 13.9702911377
6485 21.041677475 -92.2009887695 6.47603797913
6486 158.453048706 83.3904037476 26.5600605011
6487 158.122421265 -90.8609466553 6.03133773804
6488 63.6111450195 -69.0620117188 8.4006061554
6489 154.886459351 75.15259552 15.5032911301
6490 40.5042686462 -44.6420936584 13.6380262375
6491 178.777267456 -72.4663619995 11.3223600388
6492 128.531860352 -90.8437194824 43.1084251404
6493 25.7402420044 -4.28672647476 6.12560606003
6494 7.49757814407 71.6974563599 15.5809001923
6495 23.6733665466 58.4948196411 10.2793121338
6496 16.6931247711 58.0990486145 5.99453496933
6497 67.4734191895 -79.1389160156 6.12364244461
6498 148.515029907 82.8902359009 23.6819381714
6499 148.73638916 83.5127334595 32.2411575317
6500 50.0083770752 -89.2681045532 9.0054397583
6501 147.301620483 -17.5472221375 45.8798522949
6502 145.986999512 -23.311170578 47.1613273621
6503 144.350570679 -20.197889328 44.3272399902
6504 142.893310547 -27.1737976074 44.3685150146
6505 62.7815284729 -75.1339187622 42.1823883057
6506 48.3712768555 -23.0786590576 39.0365486145
6507 27.827047348 13.5094890594 4.31714773178
6508 27.8987140656 17.5836486816 7.57802057266
6509 185.781951904 -20.5980205536 27.0588569641
6510 5.68303918839 -41.3040428162 44.9987869263
6511 37.1053962708 -38.029132843 45.4530906677
6512 14.4641628265 -41.7641601562 43.6818161011
6513 6.90381717682 -55.3582878113 40.5396499634
6514 32.3699531555 -89.2702407837 22.4097633362
6515 31.4460029602 -89.7787322998 9.18860530853
6516 21.2648124695 -15.8056411743 40.9784965515
6517 86.4818115234 13.5032052994 36.8814315796
6518 46.0691413879 -28.6953334808 43.0117874146
6519 51.3972816467 -9.27577590942 45.517829895
6520 50.5052490234 -7.11257839203 39.3716621399
6521 7.56146717072 -67.9340362549 32.074382782
6522 13.2568769455 -55.9787063599 41.9925575256
6523 7.12065649033 -52.7698898315 18.2923145294
6524 10.2187852859 -31.3826637268 43.4878044128
6525 61.6000480652 6.52910804749 6.14932203293
6526 7.44179773331 -45.0804328918 39.6281051636
6527 46.8166007996 -13.3897647858 41.696056366
6528 16.4432315826 -19.5994644165 39.8653144836
6529 195.566192627 8.37753582001 19.9251461029
6530 179.336593628 -40.6383857727 10.3491430283
6531 21.7496986389 -24.1263561249 10.784239769
6532 42.4871902466 -65.32837677 6.76144075394
6533 28.3340396881 -25.5480480194 5.34913539886
6534 21.8734474182 -27.7928466797 5.62341499329
6535 19.5988769531 -68.3110046387 6.70396232605
6536 21.9568443298 -76.0769271851 28.945520401
6537 34.9857025146 -75.175453186 32.799823761
6538 62.5897598267 -52.3844795227 6.99403953552
6539 66.2630310059 -45.9682273865 5.59516382217
6540 22.388343811 -102.317092896 9.96589946747
6541 8.31304359436 -97.9069824219 6.218708992
6542 193.183197021 26.714050293 9.6199016571
6543 193.43737793 35.8167076111 10.869805336
6544 64.6095352173 -41.9889564514 13.122633934
6545 24.7528743744 -58.4142303467 44.1498527527
6546 145.27947998 -31.9343891144 36.7249221802
6547 32.9549980164 -37.4636001587 43.88438797
6548 37.8834266663 -32.8379554749 44.9425125122
6549 149.23147583 -42.3984260559 36.3574256897
6550 17.1248264313 -22.878112793 5.7305803299
6551 23.8854541779 -15.9069290161 19.2978630066
6552 132.469680786 19.4362831116 36.0692367554
6553 6.70173692703 -80.0299224854 24.3895282745
6554 7.5699930191 -77.5865783691 14.2287473679
6555 7.43071222305 -37.2135162354 32.0278892517
6556 48.748210907 -32.9498443604 5.69653940201
6557 21.6287994385 -48.5288047791 44.7976074219
6558 21.8964920044 -39.7285652161 44.9861946106
6559 18.5035972595 -15.7598180771 19.3224658966
6560 78.6508483887 -12.9039163589 44.7977333069
6561 74.9808959961 -15.1671972275 45.8327484131
6562 72.0949478149 -12.0054712296 46.1923141479
6563 24.0004749298 18.3909797668 44.2844429016
6564 14.0173978806 -16.5267753601 8.29469490051
6565 74.8283615112 -1.17131721973 37.481426239
6566 13.713511467 -16.0194664001 17.1316127777
6567 6.64163637161 -33.4290275574 12.7395801544
6568 167.783721924 -11.1310958862 43.2725639343
6569 169.691314697 -7.99356651306 46.4403686523
6570 166.846130371 -2.37297797203 45.9590301514
6571 165.925186157 -5.6964597702 46.2467651367
6572 28.9166908264 -0.267955839634 21.3917617798
6573 23.5379867554 -0.703585147858 16.8990631104
6574 27.4959354401 -5.20990180969 25.8554229736
6575 24.0825557709 0.231042787433 23.2864570618
6576 54.5428695679 -96.780128479 17.9230957031
6577 59.2373924255 -97.3556594849 12.5042953491
6578 27.9745121002 61.9086303711 29.9208660126
6579 5.82239580154 -19.8591384888 10.8212833405
6580 12.1615715027 -86.0134735107 7.83533668518
6581 11.9576797485 -53.6848297119 7.68269014359
6582 16.5272769928 -20.7843151093 24.0681591034
6583 125.901786804 40.6922454834 12.3807621002
6584 123.760559082 35.8175697327 5.9231967926
6585 120.20552063 41.5503540039 8.38189411163
6586 126.8775177 47.8894386292 8.34092330933
6587 120.847473145 40.6044998169 16.6073513031
6588 37.8817672729 -28.0528850555 3.9061088562
6589 127.472290039 48.8174819946 16.5553722382
6590 132.223449707 41.4958763123 6.81034231186
6591 124.567611694 76.9265518188 43.5896377563
6592 129.366760254 80.9108123779 40.3842048645
6593 135.041107178 83.2142562866 38.9791564941
6594 136.649993896 73.0643920898 42.7770080566
6595 6.70685529709 -63.6919517517 5.84325695038
6596 170.059143066 -20.4576625824 45.6606063843
6597 7.13970994949 28.0338611603 32.6620140076
6598 10.4998044968 -15.3499832153 44.0258750916
6599 17.6524047852 -18.3159389496 14.9789171219
6600 22.2739200592 -20.2864055634 46.3675994873
6601 20.8596134186 -29.5045909882 44.4161758423
6602 15.7837076187 -35.6485404968 44.4367485046
6603 53.1469306946 21.5033740997 13.9179182053
6604 7.44756174088 69.0576629639 37.5829048157
6605 7.86146450043 60.6402816772 42.0480461121
6606 7.08248519897 50.1878890991 46.2097206116
6607 14.1981563568 64.4430007935 33.2935256958
6608 30.6333637238 -35.2421989441 45.7696838379
6609 27.8435668945 -21.7136726379 45.5042228699
6610 33.9671936035 -29.7325153351 45.7426986694
6611 40.2307510376 -28.6942443848 43.9221153259
6612 167.238082886 15.8393573761 6.32722997665
6613 21.3849506378 -41.818687439 9.32148838043
6614 160.841522217 12.7758388519 4.29449605942
6615 169.022964478 11.2045783997 4.32960128784
6616 10.5367975235 -18.4589939117 12.3975353241
6617 28.2724571228 -13.0017194748 33.8469009399
6618 193.199615479 15.614739418 36.9975814819
6619 99.3858184814 18.8348941803 35.1671905518
6620 179.627304077 4.79257011414 45.6017227173
6621 172.803710938 2.96053528786 45.7606887817
6622 149.959350586 3.92556834221 38.5564231873
6623 14.0576725006 48.0128097534 44.0624351501
6624 12.0355672836 40.1607627869 42.3524284363
6625 9.43954086304 -18.4331493378 4.41422891617
6626 105.653373718 -27.0991153717 37.8200149536
6627 146.540527344 5.86799907684 5.94981384277
6628 42.3047218323 -59.0204963684 15.5100059509
6629 47.6520423889 -52.5613861084 14.418056488
6630 169.262924194 -37.6141166687 7.11429214478
6631 51.182926178 -23.6056060791 11.1611747742
6632 13.5982131958 33.2209472656 44.1958389282
6633 173.74407959 -48.1347808838 8.55560874939
6634 35.6408958435 64.6754989624 30.1251373291
6635 42.8994445801 50.2776870728 33.281211853
6636 172.988388062 -42.2501602173 6.86633825302
6637 173.531066895 -47.58959198 42.2623291016
6638 7.40648984909 83.5624465942 39.9432029724
6639 7.18455791473 81.0448760986 45.5613327026
6640 7.11418247223 75.3380889893 40.9191551208
6641 87.4672546387 -33.4667701721 43.2794532776
6642 86.4168930054 -40.4031257629 44.7873191833
6643 54.643737793 0.480364739895 38.6589660645
6644 177.375976562 -39.1086540222 36.63879776
6645 180.38218689 -33.9016151428 44.6113739014
6646 17.8959121704 83.3456344604 43.8400230408
6647 144.566833496 -4.37368535995 39.8473739624
6648 32.2395019531 31.2437801361 44.867893219
6649 34.7848510742 39.5392837524 42.5147132874
6650 6.84778308868 46.0426101685 28.4484729767
6651 31.859462738 28.5273113251 5.49652433395
6652 181.443756104 10.627286911 45.2044258118
6653 184.835845947 9.77224445343 41.6848335266
6654 52.5703239441 50.1197319031 8.50209522247
6655 80.5467910767 36.9332618713 44.1472930908
6656 7.85734701157 73.0315322876 29.5008182526
6657 32.7370567322 67.5180206299 6.39160013199
6658 143.566833496 46.5986938477 16.8438396454
6659 144.382827759 45.2847595215 34.0475997925
6660 129.435287476 26.6490859985 28.3660240173
6661 7.0159611702 34.6991691589 28.6719245911
6662 6.57783651352 45.0706329346 39.4168663025
6663 40.3422622681 33.4009475708 42.8694152832
6664 15.1140594482 47.5178146362 5.97256708145
6665 7.43115568161 55.177116394 10.5252008438
6666 45.8391914368 25.4886493683 5.77582073212
6667 6.95791292191 71.6793899536 22.7984294891
6668 11.7196836472 5.1771697998 5.9309630394
6669 29.2264671326 33.4423484802 7.78328037262
6670 17.8510017395 -20.2374916077 10.3970432281
6671 5.53888082504 59.1788330078 28.0148696899
6672 6.30121326447 58.4808616638 17.9231719971
6673 21.9204978943 66.783454895 43.5593338013
6674 154.291854858 -17.8391742706 4.08676576614
6675 154.159286499 -22.5291500092 3.52753973007
6676 142.552566528 -38.5280303955 36.5217895508
6677 139.147979736 -33.0670700073 36.6467552185
6678 37.717376709 45.5108222961 8.52256774902
6679 29.7821216583 40.6286735535 7.6880235672
6680 171.755386353 -14.4953327179 37.5370674133
6681 154.00328064 71.7351303101 42.759223938
6682 147.928421021 79.9591369629 41.6620559692
6683 11.9940013885 1.64837729931 18.9877815247
6684 123.300582886 -59.6053771973 13.9513511658
6685 158.086624146 33.769077301 13.8609848022
6686 137.847473145 16.8916015625 36.4618682861
6687 10.7258672714 -23.7183952332 5.38968849182
6688 17.0198783875 -33.4634017944 6.42277812958
6689 162.405441284 -59.7767868042 7.58508968353
6690 171.362319946 -63.4909973145 8.76965999603
6691 59.9492530823 0.157006338239 38.3703727722
6692 18.4102916718 -28.4551334381 11.7436857224
6693 40.0294952393 -49.6079330444 5.77279281616
6694 36.5268516541 -55.9817466736 13.5154933929
6695 160.646392822 -30.8643321991 3.73604273796
6696 164.098846436 -33.1850395203 6.27723884583
6697 158.443496704 -34.1323623657 6.34286355972
6698 153.658538818 -12.9854154587 3.42566990852
6699 33.6867599487 -23.7399330139 5.12726688385
6700 22.9208259583 -22.5084877014 4.36650562286
6701 31.0237903595 -16.0836715698 9.28897953033
6702 33.7935676575 -35.6484375 5.556599617
6703 33.3502998352 -29.338514328 5.18420028687
6704 33.956413269 -14.4556922913 3.96823644638
6705 35.5669364929 -23.4400615692 46.7967948914
6706 149.00479126 -19.0716953278 4.38799190521
6707 149.870422363 -13.005241394 5.03611469269
6708 142.0521698 -35.923248291 44.7128791809
6709 142.422561646 -22.5569458008 3.37441205978
6710 154.450744629 19.8798675537 5.54408311844
6711 153.230545044 -0.112433671951 45.7509078979
6712 154.763092041 5.48950624466 43.428440094
6713 149.722671509 3.53922080994 44.0805282593
6714 14.7609548569 0.201499149203 11.3031539917
6715 27.1252975464 -4.74711084366 19.6414775848
6716 28.5306968689 -21.5467739105 3.97163176537
6717 43.3654785156 -19.0629787445 4.09405040741
6718 26.3525123596 -16.7342891693 8.02052879333
6719 6.71108675003 -25.2777481079 10.4718904495
6720 149.604431152 -8.10583686829 9.78416538239
6721 15.7281541824 -61.8125343323 5.90291404724
6722 42.3752098083 -57.1604385376 5.99165916443
6723 14.0634622574 -75.3878479004 15.0657110214
6724 20.805770874 -90.7850875854 42.4472427368
6725 6.88216638565 -73.8773880005 40.010017395
6726 36.0702781677 60.2537078857 42.6405143738
6727 69.6047897339 53.945098877 8.62980937958
6728 51.2809181213 29.9157085419 43.3509063721
6729 57.3302574158 24.4794273376 44.1463279724
6730 45.43957901 46.6950263977 16.8317546844
6731 14.2559890747 36.920211792 6.43794298172
6732 193.611221313 42.6023445129 32.3826675415
6733 192.845947266 36.2178535461 41.1305236816
6734 8.00879001617 64.9265670776 30.08893013
6735 9.6651468277 3.54089307785 13.6425619125
6736 42.9281921387 28.0517234802 44.9309577942
6737 34.303565979 -5.47196865082 45.8246154785
6738 39.0505142212 -3.23435497284 46.6774291992
6739 192.856063843 48.6046943665 40.261138916
6740 34.9969139099 -1.48785972595 3.1331474781
6741 32.8090515137 19.4303016663 6.08729600906
6742 140.318222046 42.3010826111 38.3855247498
6743 143.108016968 51.6150817871 41.4326972961
6744 146.586914062 45.8004074097 43.9580459595
6745 135.669509888 40.0417022705 44.0986442566
6746 137.639404297 47.3767356873 42.7154884338
6747 139.665527344 31.8086566925 44.3145713806
6748 146.459884644 35.9539108276 44.1710586548
6749 185.880111694 33.4751358032 5.78201580048
6750 164.840423584 21.9093074799 5.65592336655
6751 156.651641846 50.7219314575 5.71086788177
6752 120.762390137 7.7479224205 44.9141616821
6753 162.895187378 39.6707344055 6.78292703629
6754 172.641418457 -4.37609243393 34.323299408
6755 162.683547974 59.4910430908 6.32302427292
6756 132.122695923 11.6529016495 37.4066810608
6757 180.385070801 19.3776264191 45.0303077698
6758 160.941757202 1.0749874115 3.37833929062
6759 139.913787842 17.9337368011 44.9910583496
6760 134.508972168 11.9930086136 44.5629310608
6761 58.3672370911 -48.2941551208 5.22275161743
6762 117.170074463 9.09882164001 5.79533052444
6763 155.470458984 25.973154068 5.57647705078
6764 178.461776733 37.4048194885 5.63272666931
6765 152.534118652 9.50503349304 5.07935333252
6766 124.941085815 54.6121139526 7.79114770889
6767 113.010910034 55.9856643677 7.45827531815
6768 52.4185409546 -50.5380249023 6.51985931396
6769 30.8989257812 -4.68442583084 47.5272026062
6770 42.7792816162 8.54114151001 43.8737983704
6771 38.6156196594 11.3777360916 43.8057174683
6772 56.030796051 -19.2287769318 5.26951217651
6773 65.337638855 -15.7970266342 4.01278018951
6774 21.4046764374 -24.4224891663 39.0267410278
6775 65.8698120117 3.69279193878 45.6937980652
6776 72.2990493774 3.99225687981 44.980796814
6777 47.2673416138 32.8634109497 5.88056612015
6778 89.2385787964 -78.5970611572 17.2013282776
6779 93.4875411987 11.6887550354 5.43575239182
6780 179.713516235 69.6900100708 43.0286636353
6781 180.218811035 56.0965652466 42.6136322021
6782 172.931915283 68.0805892944 39.8843955994
6783 196.306716919 -0.60899990797 4.67981767654
6784 152.065460205 51.5704879761 43.9044303894
6785 164.863967896 21.4229774475 43.950012207
6786 156.021148682 3.16992521286 3.48935604095
6787 117.266586304 -102.326225281 17.4780902863
6788 148.823669434 1.96094191074 10.0648679733
6789 192.676361084 -72.5557861328 6.66226911545
6790 185.179443359 -69.4536590576 6.06426382065
6791 88.9719161987 -6.50586938858 4.24868583679
6792 88.159866333 -12.2613296509 4.95524978638
6793 91.9247665405 -13.3994693756 3.71365714073
6794 74.0807647705 -24.3734493256 44.898021698
6795 68.9968643188 -19.8390197754 43.961265564
6796 164.145950317 -22.1136398315 3.24904155731
6797 176.473754883 -38.3125839233 5.51369047165
6798 185.953796387 24.6281337738 14.2454319
6799 46.6537818909 -52.8067169189 5.82203626633
6800 48.9476318359 -85.786895752 39.8569793701
6801 29.1331233978 -91.5391464233 42.8985557556
6802 7.62298679352 -62.0856246948 11.8868055344
6803 8.71307373047 9.53913784027 11.8304805756
6804 58.1153945923 -16.721912384 3.71712827682
6805 124.373298645 -29.8150901794 5.80959558487
6806 128.2137146 -22.995349884 4.56435441971
6807 40.7550125122 -75.2676239014 16.5857009888
6808 167.599700928 -24.5011367798 4.15559530258
6809 54.3160476685 -9.66015911102 39.237903595
6810 143.522293091 -33.1676101685 6.80094194412
6811 161.401657104 -16.1490421295 3.23886847496
6812 153.841461182 -28.3291416168 5.93633460999
6813 144.044921875 -16.8949928284 4.23099994659
6814 150.06187439 -41.7521133423 44.3358802795
6815 146.847625732 -90.5991592407 6.75397872925
6816 169.612075806 -85.1842727661 15.7175588608
6817 166.329620361 -29.4505577087 4.29350805283
6818 158.734375 3.96344804764 46.0325622559
6819 144.401428223 20.6884670258 43.1673355103
6820 145.806854248 26.2986660004 43.9200630188
6821 28.4687347412 -42.4134368896 44.1812210083
6822 192.651412964 2.56098675728 7.21489477158
6823 161.310272217 -31.7757377625 43.7068977356
6824 155.082611084 -40.8930931091 42.8799057007
6825 182.323822021 82.814781189 20.9587802887
6826 149.135452271 -7.15235805511 44.8129615784
6827 20.3004627228 23.3938369751 5.60192871094
6828 71.9697036743 -37.7382965088 4.98429965973
6829 76.0740280151 -34.9035491943 6.4865655899
6830 71.0938796997 -30.2525444031 5.04261398315
6831 63.3237419128 -18.6197242737 46.3407173157
6832 45.0146141052 19.1625099182 5.08663797379
6833 186.858642578 44.6081199646 44.4465026855
6834 165.247299194 29.9459381104 7.02816963196
6835 54.3344802856 5.25290393829 44.8225135803
6836 183.47253418 -36.361782074 6.08666229248
6837 26.93708992 24.3526630402 7.63941383362
6838 187.068756104 21.4731464386 44.3121910095
6839 179.096984863 -49.7173919678 5.46114063263
6840 157.438781738 32.8106803894 6.33124637604
6841 107.065872192 -16.8882160187 44.4970016479
6842 103.375244141 -21.8143005371 43.9219398499
6843 152.565383911 -44.9419021606 5.94952249527
6844 157.936645508 -54.055721283 14.9937906265
6845 47.5488433838 -21.8097896576 5.23376083374
6846 34.1117095947 -10.6276378632 3.92328763008
6847 70.0424118042 -40.2099647522 42.9345588684
6848 179.686920166 -58.0042190552 6.69076108932
6849 30.5481777191 22.202337265 43.5692138672
6850 128.716308594 17.753282547 15.2061443329
6851 132.343215942 -0.0766316428781 5.85873794556
6852 51.2670478821 15.5438194275 6.51409482956
6853 21.242515564 42.7957229614 5.78402996063
6854 58.4235877991 44.0435714722 7.25685405731
6855 60.8803596497 52.1930046082 8.5505027771
6856 50.527557373 41.913974762 7.27237319946
6857 44.52161026 47.6756668091 8.45205402374
6858 21.8691005707 32.8594322205 5.51656627655
6859 157.192840576 -1.32113838196 3.28362727165
6860 35.2500267029 -45.9478034973 45.0077552795
6861 56.1418495178 -24.8101806641 4.39566898346
6862 161.109619141 -16.7702312469 46.6778831482
6863 45.7787704468 -17.9743995667 45.9039993286
6864 47.3599510193 -11.2601528168 46.288269043
6865 36.6138839722 25.7752418518 44.2184410095
6866 153.28894043 -7.3640537262 46.5801086426
6867 6.8906416893 41.693561554 29.7190265656
6868 159.62789917 23.2517185211 5.54837799072
6869 156.483123779 14.1357841492 6.26748418808
6870 6.96909952164 -72.6282196045 20.4352931976
6871 11.5405340195 -73.3848342896 26.5016841888
6872 40.0853767395 -20.3101596832 45.7477684021
6873 81.7695236206 -28.5438270569 5.02601766586
6874 87.7845687866 -30.5153961182 4.3740940094
6875 56.0563735962 36.3071174622 7.24618673325
6876 52.4484634399 1.97594177723 46.1926689148
6877 56.4689941406 1.179682374 44.1401481628
6878 60.2445869446 -3.30722594261 44.8366279602
6879 127.271339417 -15.8688211441 5.01244974136
6880 132.376663208 32.8276596069 7.02441930771
6881 149.922592163 35.2597122192 5.8546204567
6882 29.0870227814 -0.522826731205 36.7285957336
6883 81.4465942383 -35.9982757568 5.12454319
6884 51.3959541321 -23.1199474335 5.69460105896
6885 67.9614486694 -14.9398555756 46.0712776184
6886 78.8818511963 21.6182041168 4.49269962311
6887 57.554813385 11.700460434 5.61649799347
6888 178.912094116 26.1225452423 5.34478998184
6889 46.5010948181 -27.0408630371 5.55724573135
6890 22.8226051331 -21.0495109558 20.1413383484
6891 18.8134765625 -24.4873409271 19.5148162842
6892 58.5287666321 24.6732349396 5.79502677917
6893 74.9412841797 46.642829895 8.63224220276
6894 60.8635215759 2.69616293907 3.70084881783
6895 67.3430786133 -2.30874729156 3.5818002224
6896 71.9803085327 -15.8142938614 4.23216581345
6897 67.6988449097 -8.00623512268 46.1047973633
6898 61.7306900024 -7.44543838501 45.9886779785
6899 144.587783813 9.23784923553 45.2945518494
6900 83.4262084961 -101.928588867 12.6120567322
6901 50.6950378418 -30.0871906281 4.64250802994
6902 158.173675537 67.0010299683 10.2889404297
6903 60.2560043335 -83.9617004395 6.32216262817
6904 61.5180931091 -59.3961524963 6.56402254105
6905 135.198104858 -9.4770822525 4.81590604782
6906 115.023170471 -27.5041866302 5.80455350876
6907 127.250480652 -39.7779464722 5.62749433517
6908 136.777984619 -16.0705718994 6.10329627991
6909 136.634155273 -12.7469882965 2.92820429802
6910 98.4571685791 -0.977129817009 3.65745830536
6911 98.5059204102 -1.36935579777 9.59042167664
6912 50.1132507324 -33.6905784607 44.0337791443
6913 75.3408432007 -26.9830570221 5.79858636856
6914 100.304519653 -11.631855011 4.69427251816
6915 70.9390945435 -5.00552892685 44.6345329285
6916 138.097915649 -37.4503326416 4.41782665253
6917 53.4619560242 28.4847431183 6.52284908295
6918 39.0578727722 16.3192005157 5.83147478104
6919 61.3619384766 31.0241279602 7.18788480759
6920 132.307235718 -42.6488990784 4.91730690002
6921 148.057281494 -26.2503185272 44.3876457214
6922 135.978088379 -44.69272995 44.2656936646
6923 136.06451416 -28.0768680573 5.39717578888
6924 50.4791374207 23.4085330963 42.8426856995
6925 35.5076217651 50.1380271912 43.8904953003
6926 145.342315674 15.6870269775 44.5003471375
6927 151.191345215 9.17354202271 45.2660980225
6928 186.086898804 -61.8705940247 16.1657047272
6929 58.5976829529 16.0811023712 5.14469909668
6930 67.5967254639 4.48309707642 3.84394288063
6931 103.662017822 -6.13447093964 3.92498517036
6932 133.190002441 -18.764793396 4.78827524185
6933 108.969512939 -43.4272842407 5.02654981613
6934 115.490394592 64.3653411865 42.9179115295
6935 97.4540252686 -27.4456195831 3.38946247101
6936 131.24118042 -25.3206310272 6.59292030334
6937 130.094833374 -34.5653076172 6.93396425247
6938 39.9165763855 52.1228713989 6.70574855804
6939 46.7626571655 55.564781189 7.65480613708
6940 68.2693862915 8.68809890747 6.77718782425
6941 65.5747070312 19.6539821625 6.27148723602
6942 64.5477371216 13.3694229126 5.74732875824
6943 95.2794036865 62.7684364319 6.50299692154
6944 99.2086410522 56.5381774902 7.13518285751
6945 103.179893494 66.2434387207 8.96938419342
6946 112.19153595 11.9843940735 5.7214589119
6947 133.150222778 5.68174266815 4.48369216919
6948 128.029037476 6.83650350571 4.016061306
6949 127.519897461 0.774432897568 3.65458250046
6950 64.0906295776 37.317199707 6.46345758438
6951 150.409881592 56.9706611633 42.9772262573
6952 119.044342041 63.042514801 7.34551000595
6953 185.691223145 77.7847137451 24.3318214417
6954 146.863296509 65.3136749268 44.4823303223
6955 128.484634399 -42.6014289856 45.0048179626
6956 105.445022583 -32.9054031372 5.58453464508
6957 118.261993408 -45.7370948792 45.1259841919
6958 131.376663208 -73.0594482422 42.7739677429
6959 143.343322754 -43.2095451355 44.3010673523
6960 162.854187012 69.3787384033 42.3194885254
6961 160.477493286 77.0828399658 43.5993423462
6962 170.580505371 73.3468322754 44.0221481323
6963 136.042175293 18.7496337891 5.44907951355
6964 151.739517212 41.9509925842 42.2449455261
6965 156.437698364 37.4864311218 42.9280967712
6966 48.3975791931 -23.2543373108 44.9948348999
6967 52.0725669861 -27.9074230194 44.2510261536
6968 41.194732666 -66.5081100464 16.0851573944
6969 187.202301025 40.7262229919 7.8406829834
6970 143.297164917 -55.8918113708 44.9121589661
6971 156.088668823 -23.2275943756 46.5603942871
6972 126.541740417 -35.5667610168 45.9954414368
6973 122.227127075 -24.6818962097 4.30560684204
6974 127.882072449 -10.5909357071 3.91768813133
6975 76.7703781128 15.8598804474 6.5907664299
6976 185.686233521 83.000328064 40.9108695984
6977 195.444671631 83.4463729858 44.5116729736
6978 171.724319458 -2.490899086 45.9327049255
6979 115.445243835 47.7588233948 6.75052022934
6980 128.377700806 25.3718681335 6.49691581726
6981 124.184074402 12.6730947495 5.18817853928
6982 173.953475952 76.7489624023 13.7436590195
6983 76.962097168 -5.29219865799 5.71613788605
6984 119.714675903 3.58257341385 5.1956782341
6985 119.258651733 -64.8589019775 16.8537101746
6986 88.3393630981 55.3967437744 7.76741933823
6987 127.87713623 -14.442656517 46.107837677
6988 116.912948608 16.7820167542 7.19229364395
6989 65.706451416 45.0537338257 7.54594326019
6990 69.6927108765 -46.7989082336 44.024936676
6991 130.457443237 -59.5198478699 6.46082258224
6992 127.191703796 -52.7510643005 6.5097117424
6993 98.551109314 -48.9768486023 44.7729530334
6994 99.7682113647 -45.1814193726 46.2218856812
6995 83.7867126465 47.5878715515 8.6263885498
6996 45.8506164551 -95.0546112061 43.358455658
6997 75.467300415 -98.8691101074 5.91478490829
6998 143.841186523 -74.8659973145 6.37953948975
6999 96.2741851807 -23.7060813904 5.4398188591
7000 83.8605880737 -46.9807662964 5.5161356926
7001 169.120666504 62.8630714417 9.03742790222
7002 166.089294434 70.3837814331 6.98427200317
7003 133.680175781 69.788192749 12.3437814713
7004 129.161514282 70.6719436646 6.68940591812
7005 121.007553101 -1.11129236221 4.03472232819
7006 119.476982117 -33.1825561523 5.15672206879
7007 102.793144226 -48.9669685364 5.18713951111
7008 111.670219421 1.9782474041 3.90978264809
7009 111.937202454 -4.04019165039 4.12987756729
7010 174.790023804 68.8343811035 8.7991027832
7011 157.165008545 53.8955917358 41.0039863586
7012 168.62890625 -75.622833252 21.104724884
7013 84.4859313965 -85.5542678833 10.4644289017
7014 83.2745132446 -92.811668396 7.03544139862
7015 92.7173919678 -95.4312286377 6.9646987915
7016 83.4434890747 -8.01827049255 5.31506919861
7017 98.1606140137 20.6685771942 4.0152630806
7018 98.6855239868 -93.2197036743 43.8917617798
7019 63.5584793091 -12.5732355118 45.7375831604
7020 133.341918945 18.3423061371 44.2019195557
7021 83.5462112427 17.6072120667 12.3201675415
7022 82.7239761353 -12.8348207474 4.61915922165
7023 90.7878799438 -17.8960437775 4.92345142365
7024 114.924957275 -57.8487586975 6.74796104431
7025 71.1656723022 -103.190872192 19.9934673309
7026 90.1092910767 18.9884395599 7.31969118118
7027 81.8078308105 -53.7873077393 4.96045684814
7028 103.567710876 -57.0966110229 5.42300748825
7029 86.3690338135 13.6539382935 11.8908338547
7030 123.03339386 26.4464092255 4.17644834518
7031 81.7814483643 16.935005188 5.06681156158
7032 117.508232117 22.8231582642 5.67376089096
7033 89.5099182129 45.2555465698 42.3869628906
7034 89.0001602173 36.4708480835 44.0756645203
7035 99.325958252 -31.5990600586 42.9740600586
7036 57.2632026672 -5.46870040894 45.8953094482
7037 158.683776855 74.2397842407 7.15715026855
7038 124.069145203 -45.9317893982 5.8366560936
7039 126.606124878 -24.7272377014 44.7583351135
7040 124.171607971 -29.4650249481 44.9748954773
7041 109.365539551 21.914932251 5.42926549911
7042 98.3666152954 27.3048973083 6.04750299454
7043 113.676116943 33.2932128906 6.49857568741
7044 129.894287109 -89.5568237305 6.17478656769
7045 97.0506286621 43.8291397095 41.0964927673
7046 94.8557434082 54.6068687439 42.6347122192
7047 104.107147217 52.2637748718 41.1734695435
7048 137.362548828 -52.2692680359 44.7273979187
7049 80.9853973389 50.4799575806 42.30651474
7050 105.410263062 30.7417411804 5.99231767654
7051 71.4509353638 -53.6565132141 45.9172744751
7052 102.112800598 44.078994751 43.5728378296
7053 84.7984695435 13.582816124 4.24293422699
7054 64.5065841675 -95.0350112915 5.96514320374
7055 147.412246704 75.3235931396 5.96168470383
7056 6.77012348175 -62.1566581726 32.0621452332
7057 98.2756271362 -5.2677731514 3.7139737606
7058 106.783050537 -9.8530921936 4.26355886459
7059 54.9297866821 17.7957744598 45.5993652344
7060 65.0634689331 -5.19624519348 43.8213500977
7061 92.2593612671 -63.6040039062 7.74993610382
7062 114.429153442 9.13317966461 44.7850151062
7063 97.5580749512 -64.4978485107 6.31733560562
7064 32.5903244019 -14.3631973267 36.581943512
7065 108.072631836 -63.6363487244 6.40135526657
7066 125.532951355 -71.0830307007 42.5269546509
7067 77.216003418 11.5736207962 45.1630020142
7068 193.470062256 18.7144145966 12.6658859253
7069 76.1891708374 -90.1499404907 6.89560317993
7070 82.7640228271 -102.799186707 32.8081092834
7071 91.991897583 4.43186426163 6.60403060913
7072 76.5997314453 -1.68235111237 45.1197242737
7073 46.933052063 -20.4658718109 11.0141277313
7074 105.734603882 2.47998261452 45.3426437378
7075 88.4661254883 -26.2513942719 5.50750827789
7076 108.428070068 -24.8044147491 44.4468841553
7077 113.943840027 -22.8983440399 44.8068809509
7078 111.340652466 -28.085849762 43.3741912842
7079 115.552368164 -72.6195678711 7.7946190834
7080 122.51058197 28.0526866913 13.4223403931
7081 91.3714599609 -22.7083625793 5.66409444809
7082 98.5850448608 -16.7173271179 4.51184225082
7083 69.5537338257 -55.1491661072 7.48914909363
7084 102.143608093 -71.042930603 6.84429454803
7085 98.4588775635 -47.26329422 6.32138967514
7086 71.6160888672 -49.9979438782 11.7264690399
7087 76.4615478516 -50.1429748535 7.92672920227
7088 105.079177856 -95.6691741943 6.90578889847
7089 103.223854065 15.4646902084 46.0859222412
7090 100.391807556 11.1893253326 42.9031906128
7091 46.6308135986 44.7342758179 42.4782295227
7092 110.565299988 65.7005310059 8.68294239044
7093 94.6272659302 71.1378250122 6.70268249512
7094 149.387405396 -6.51050615311 40.2800674438
7095 144.707550049 -8.26622390747 45.5125312805
7096 109.10899353 49.0100708008 8.17511367798
7097 107.534461975 41.0231781006 6.03885030746
7098 83.4737014771 21.3427333832 42.3013458252
7099 89.4090270996 27.0949764252 43.4212417603
7100 94.8819198608 27.7006969452 41.9263496399
7101 76.7312088013 -41.1363983154 44.7753601074
7102 82.5597305298 -37.0318946838 44.2686576843
7103 104.917190552 -27.4920253754 44.0629196167
7104 176.28175354 60.3858680725 9.80245876312
7105 191.433105469 74.359703064 43.5563926697
7106 174.789291382 21.6115398407 45.0314216614
7107 164.959335327 -97.1780319214 23.554807663
7108 188.440353394 34.8795967102 43.6745681763
7109 156.204467773 41.9126319885 5.11852550507
7110 44.9206008911 -17.8124046326 41.2396240234
7111 188.539596558 48.7155456543 42.1222610474
7112 162.290786743 46.9424209595 8.38127326965
7113 96.0745315552 16.3416233063 39.2266807556
7114 25.6996383667 -34.8377380371 45.4114875793
7115 159.623016357 47.8504981995 43.224193573
7116 106.142494202 -7.44148540497 10.7437124252
7117 93.817741394 13.0585813522 44.2233810425
7118 131.526351929 -12.3192386627 5.72774267197
7119 28.3514976501 -14.3558492661 41.5634918213
7120 131.839248657 -6.29153871536 5.74033546448
7121 172.373855591 -6.56931495667 44.8656387329
7122 61.6668128967 19.5793628693 45.4412078857
7123 21.4511203766 45.4767684937 44.3687667847
7124 105.731994629 18.6885452271 43.6407432556
7125 108.922988892 6.0641374588 45.5482826233
7126 45.3767662048 -59.282207489 42.1525650024
7127 39.2400131226 -55.255607605 44.6529312134
7128 154.776290894 -61.0061264038 8.25798034668
7129 165.750305176 -48.2902755737 44.2416229248
7130 165.245834351 -23.068561554 45.708770752
7131 173.02041626 -97.6907501221 14.6303606033
7132 152.127182007 -0.166732132435 3.82673883438
7133 102.720069885 -42.7748146057 7.75545978546
7134 62.4457817078 -27.1774711609 6.1418094635
7135 78.956489563 -4.23032522202 40.8021202087
7136 37.3356246948 -25.5963039398 45.8029518127
7137 156.621337891 83.5453186035 44.3853912354
7138 32.1431808472 15.1791353226 43.6130256653
7139 173.730224609 46.8160629272 41.5805168152
7140 110.37878418 68.3604431152 41.6488037109
7141 163.822723389 39.3851051331 42.8660697937
7142 110.882247925 -43.4728775024 44.7504043579
7143 101.943695068 28.2278957367 43.5296897888
7144 44.8786811829 35.0389976501 44.4449577332
7145 66.3090133667 81.8662414551 44.2543678284
7146 62.7990875244 82.7062149048 39.6440925598
7147 57.329410553 78.6055755615 42.6832084656
7148 52.1023254395 84.1070022583 43.1052818298
7149 41.7545661926 41.528842926 41.6684150696
7150 138.139968872 4.11516952515 3.85078406334
7151 95.5677719116 -19.1389408112 5.53085660934
7152 100.321510315 -21.6364803314 5.4150261879
7153 138.037384033 7.62787246704 43.1093139648
7154 107.376937866 -2.15135002136 5.64348220825
7155 157.035873413 -1.53815484047 46.3764686584
7156 156.982208252 8.29227542877 6.15286970139
7157 134.919662476 25.2708721161 7.26494932175
7158 46.9521446228 35.4291191101 35.7116470337
7159 186.21421814 -72.0006332397 15.4995918274
7160 151.360275269 -52.4470367432 44.4848899841
7161 159.569503784 -50.5404586792 44.6754798889
7162 44.9655761719 -21.9468040466 41.8233528137
7163 150.623550415 24.6594257355 42.3944129944
7164 14.2266988754 -48.6317901611 43.1509933472
7165 136.659042358 -22.5496616364 6.38383436203
7166 80.6790542603 5.3908162117 44.8706550598
7167 42.9627380371 -9.87219715118 46.0291671753
7168 110.853736877 12.5220832825 12.47701931
7169 47.4558563232 1.29914915562 46.0904579163
7170 45.5850028992 65.981552124 43.9242210388
7171 42.3540534973 51.1525421143 41.6291923523
7172 53.1148300171 38.6280174255 43.4145545959
7173 148.575790405 -10.9022464752 45.9080543518
7174 161.712677002 18.1682872772 6.97693681717
7175 118.490364075 -65.6899337769 8.29047584534
7176 87.8560409546 -10.0306968689 44.2228507996
7177 144.817825317 -13.1309289932 46.1961174011
7178 139.405181885 -10.6427516937 46.1372566223
7179 140.356506348 6.59843158722 6.08232975006
7180 40.8632659912 -25.0117912292 46.2943496704
7181 30.1049728394 63.5995597839 39.6497917175
7182 54.2596969604 -42.9843559265 7.32298517227
7183 85.9724884033 1.04767358303 44.8872261047
7184 90.1446609497 5.89282989502 44.628528595
7185 156.409194946 12.7622070312 43.3163223267
7186 136.414337158 12.9859380722 6.06508731842
7187 34.219543457 14.2798023224 6.37833595276
7188 142.759246826 -26.1413288116 6.60669136047
7189 141.163314819 -19.0632324219 5.98054838181
7190 109.664978027 28.3704967499 7.54714679718
7191 83.0989379883 9.76127338409 44.990070343
7192 50.481010437 -53.386505127 42.2793807983
7193 153.821975708 -46.9942855835 42.9419822693
7194 74.0841140747 74.0007476807 42.8540878296
7195 151.646972656 5.43698120117 5.13671779633
7196 95.7796783447 -23.7267055511 45.8605957031
7197 104.565376282 60.1504821777 42.9873123169
7198 96.4117431641 60.81690979 41.4619636536
7199 77.4329299927 -55.4474754333 43.9287033081
7200 123.618415833 3.5855884552 43.9251594543
7201 125.210021973 -0.949689209461 44.8317108154
7202 135.861114502 -9.46438884735 45.1294517517
7203 56.8637161255 -75.1666107178 7.87426757812
7204 57.7084236145 -64.7304153442 6.42502069473
7205 123.500518799 21.0335140228 7.29578495026
7206 130.953933716 18.1155090332 7.77336072922
7207 115.109825134 4.02030563354 44.9163131714
7208 80.7622680664 -0.0358381122351 44.9388389587
7209 124.04183197 -35.7054214478 6.27943086624
7210 135.130599976 -26.3520622253 43.6007614136
7211 138.803359985 -32.6426277161 43.3176651001
7212 178.635025024 -64.9509658813 6.93556070328
7213 133.898162842 5.62237644196 45.938709259
7214 112.051147461 23.7134971619 44.1459999084
7215 74.8462142944 -36.0626945496 43.1857070923
7216 75.6444473267 -30.9738922119 44.3790283203
7217 99.0514602661 -20.8959770203 46.6791000366
7218 193.560577393 66.4563217163 29.7698020935
7219 93.0903396606 -77.0402374268 43.5560379028
7220 77.9499969482 43.3529205322 43.6369934082
7221 127.6301651 8.47863292694 38.8177070618
7222 28.0480918884 -5.7581820488 33.3943977356
7223 86.5429458618 14.8400173187 43.2939720154
7224 89.8168487549 -27.3903446198 46.2995948792
7225 86.1480102539 -27.9140357971 43.4338378906
7226 171.783950806 -14.2518644333 8.68623638153
7227 105.083786011 -40.9150848389 46.0047912598
7228 44.0807495117 60.2994155884 41.5158805847
7229 51.1054840088 59.8281364441 42.7064437866
7230 38.7002716064 66.1345596313 41.0766296387
7231 80.8577651978 -26.0655822754 45.388759613
7232 83.2513198853 -31.2253303528 44.7125244141
7233 101.137275696 2.57988858223 43.7396850586
7234 103.870368958 7.47711420059 45.2961730957
7235 43.1408004761 74.8633117676 39.0538291931
7236 48.3930053711 75.0964736938 43.6248550415
7237 131.122879028 25.4155502319 44.8285446167
7238 108.330619812 34.8877067566 7.54093885422
7239 94.9914779663 -70.6941757202 9.16326713562
7240 95.6646499634 5.31619691849 43.1669807434
7241 147.632904053 -48.8962402344 43.4926452637
7242 40.0805358887 84.5250701904 33.5504264832
7243 126.415328979 8.16391468048 44.5948066711
7244 88.6050720215 21.7865219116 43.9674224854
7245 115.663322449 28.6494884491 45.3820953369
7246 133.018127441 -65.893699646 42.72448349
7247 52.3229141235 67.9292984009 44.3958053589
7248 48.5387573242 -61.8516044617 8.39869308472
7249 76.2987442017 -66.6416778564 41.4467353821
7250 110.684051514 -78.0684432983 42.1109848022
7251 123.390426636 29.8874073029 42.2077484131
7252 107.045753479 12.3073720932 43.750202179
7253 119.646522522 44.5501213074 43.1830444336
7254 93.6764450073 -32.4572296143 46.5927238464
7255 118.778427124 -36.1661109924 45.7256469727
7256 112.551940918 41.3621711731 7.67268180847
7257 156.587646484 83.3041534424 37.1043777466
7258 34.9607086182 27.7318611145 14.010843277
7259 111.681465149 84.5043945312 45.4493675232
7260 128.747940063 2.51211071014 43.8166885376
7261 83.6487884521 -49.8210601807 13.5234365463
7262 79.2098083496 17.8119392395 45.3805999756
7263 98.2259902954 8.00304603577 46.3483963013
7264 80.2554855347 -59.6068725586 42.3086204529
7265 106.75176239 9.23617649078 5.56396055222
7266 112.031684875 6.81106472015 6.22637367249
7267 144.00302124 -94.8726119995 44.0305862427
7268 42.2519187927 -25.2248039246 40.0020103455
7269 122.585601807 37.8495178223 40.7960395813
7270 99.4239120483 75.2364578247 44.1217269897
7271 112.483428955 48.7636146545 41.3770828247
7272 87.979133606 -87.5448913574 44.2225189209
7273 64.5409545898 71.3649749756 43.104801178
7274 103.785766602 74.154876709 7.58126401901
7275 17.8054447174 84.1618804932 16.9057788849
7276 142.573242188 83.9225158691 13.3235998154
