1 1 21 1127
2 1127 252 1
3 21 22 1128
4 1128 1127 21
5 22 23 1129
6 1129 1128 22
7 23 24 1130
8 1130 1129 23
9 24 25 1131
10 1131 1130 24
11 25 26 1132
12 1132 1131 25
13 26 27 1133
14 1133 1132 26
15 27 28 1134
16 1134 1133 27
17 28 29 1135
18 1135 1134 28
19 29 30 1136
20 1136 1135 29
21 30 31 1137
22 1137 1136 30
23 31 32 1138
24 1138 1137 31
25 32 33 1139
26 1139 1138 32
27 33 34 1140
28 1140 1139 33
29 34 35 1141
30 1141 1140 34
31 35 36 1142
32 1142 1141 35
33 36 37 1143
34 1143 1142 36
35 37 38 1144
36 1144 1143 37
37 38 39 1145
38 1145 1144 38
39 39 40 1146
40 1146 1145 39
41 40 41 1147
42 1147 1146 40
43 41 42 1148
44 1148 1147 41
45 42 43 1149
46 1149 1148 42
47 43 44 1150
48 1150 1149 43
49 44 45 1151
50 1151 1150 44
51 45 46 1152
52 1152 1151 45
53 46 47 1153
54 1153 1152 46
55 47 48 1154
56 1154 1153 47
57 48 49 1155
58 1155 1154 48
59 49 50 1156
60 1156 1155 49
61 50 51 1157
62 1157 1156 50
63 51 52 1158
64 1158 1157 51
65 52 53 1159
66 1159 1158 52
67 53 54 1160
68 1160 1159 53
69 54 55 1161
70 1161 1160 54
71 55 56 1162
72 1162 1161 55
73 56 57 1163
74 1163 1162 56
75 57 58 1164
76 1164 1163 57
77 58 59 1165
78 1165 1164 58
79 59 60 1166
80 1166 1165 59
81 60 61 1167
82 1167 1166 60
83 61 62 1168
84 1168 1167 61
85 62 63 1169
86 1169 1168 62
87 63 64 1170
88 1170 1169 63
89 64 65 1171
90 1171 1170 64
91 65 66 1172
92 1172 1171 65
93 66 67 1173
94 1173 1172 66
95 67 68 1174
96 1174 1173 67
97 68 69 1175
98 1175 1174 68
99 69 70 1176
100 1176 1175 69
101 70 71 1177
102 1177 1176 70
103 71 72 1178
104 1178 1177 71
105 72 73 1179
106 1179 1178 72
107 73 74 1180
108 1180 1179 73
109 74 75 1181
110 1181 1180 74
111 75 76 1182
112 1182 1181 75
113 76 77 1183
114 1183 1182 76
115 77 78 1184
116 1184 1183 77
117 78 79 1185
118 1185 1184 78
119 79 80 1186
120 1186 1185 79
121 80 81 1187
122 1187 1186 80
123 81 82 1188
124 1188 1187 81
125 82 83 1189
126 1189 1188 82
127 83 84 1190
128 1190 1189 83
129 84 85 1191
130 1191 1190 84
131 85 86 1192
132 1192 1191 85
133 86 87 1193
134 1193 1192 86
135 87 88 1194
136 1194 1193 87
137 88 89 1195
138 1195 1194 88
139 89 90 1196
140 1196 1195 89
141 90 91 1197
142 1197 1196 90
143 91 92 1198
144 1198 1197 91
145 92 93 1199
146 1199 1198 92
147 93 94 1200
148 1200 1199 93
149 94 95 1201
150 1201 1200 94
151 95 96 1202
152 1202 1201 95
153 96 97 1203
154 1203 1202 96
155 97 98 1204
156 1204 1203 97
157 98 99 1205
158 1205 1204 98
159 99 100 1206
160 1206 1205 99
161 100 101 1207
162 1207 1206 100
163 101 102 1208
164 1208 1207 101
165 102 103 1209
166 1209 1208 102
167 103 104 1210
168 1210 1209 103
169 104 105 1211
170 1211 1210 104
171 105 106 1212
172 1212 1211 105
173 106 107 1213
174 1213 1212 106
175 107 108 1214
176 1214 1213 107
177 108 109 1215
178 1215 1214 108
179 109 110 1216
180 1216 1215 109
181 110 111 1217
182 1217 1216 110
183 111 112 1218
184 1218 1217 111
185 112 113 1219
186 1219 1218 112
187 113 114 1220
188 1220 1219 113
189 114 115 1221
190 1221 1220 114
191 115 116 1222
192 1222 1221 115
193 116 117 1223
194 1223 1222 116
195 117 118 1224
196 1224 1223 117
197 118 119 1225
198 1225 1224 118
199 119 120 1226
200 1226 1225 119
201 120 121 1227
202 1227 1226 120
203 121 122 1228
204 1228 1227 121
205 122 123 1229
206 1229 1228 122
207 123 124 1230
208 1230 1229 123
209 124 125 1231
210 1231 1230 124
211 125 126 1232
212 1232 1231 125
213 126 2 127
214 127 1232 126
215 252 1127 1233
216 1233 251 252
217 1127 1128 1234
218 1234 1233 1127
219 1128 1129 1235
220 1235 1234 1128
221 1129 1130 1236
222 1236 1235 1129
223 1130 1131 1237
224 1237 1236 1130
225 1131 1132 1238
226 1238 1237 1131
227 1132 1133 1239
228 1239 1238 1132
229 1133 1134 1240
230 1240 1239 1133
231 1134 1135 1241
232 1241 1240 1134
233 1135 1136 1242
234 1242 1241 1135
235 1136 1137 1243
236 1243 1242 1136
237 1137 1138 1244
238 1244 1243 1137
239 1138 1139 1245
240 1245 1244 1138
241 1139 1140 1246
242 1246 1245 1139
243 1140 1141 1247
244 1247 1246 1140
245 1141 1142 1248
246 1248 1247 1141
247 1142 1143 1249
248 1249 1248 1142
249 1143 1144 1250
250 1250 1249 1143
251 1144 1145 1251
252 1251 1250 1144
253 1145 1146 1252
254 1252 1251 1145
255 1146 1147 1253
256 1253 1252 1146
257 1147 1148 1254
258 1254 1253 1147
259 1148 1149 1255
260 1255 1254 1148
261 1149 1150 1256
262 1256 1255 1149
263 1150 1151 1257
264 1257 1256 1150
265 1151 1152 1258
266 1258 1257 1151
267 1152 1153 1259
268 1259 1258 1152
269 1153 1154 1260
270 1260 1259 1153
271 1154 1155 1261
272 1261 1260 1154
273 1155 1156 1262
274 1262 1261 1155
275 1156 1157 1263
276 1263 1262 1156
277 1157 1158 1264
278 1264 1263 1157
279 1158 1159 1265
280 1265 1264 1158
281 1159 1160 1266
282 1266 1265 1159
283 1160 1161 1267
284 1267 1266 1160
285 1161 1162 1268
286 1268 1267 1161
287 1162 1163 1269
288 1269 1268 1162
289 1163 1164 1270
290 1270 1269 1163
291 1164 1165 1271
292 1271 1270 1164
293 1165 1166 1272
294 1272 1271 1165
295 1166 1167 1273
296 1273 1272 1166
297 1167 1168 1274
298 1274 1273 1167
299 1168 1169 1275
300 1275 1274 1168
301 1169 1170 1276
302 1276 1275 1169
303 1170 1171 1277
304 1277 1276 1170
305 1171 1172 1278
306 1278 1277 1171
307 1172 1173 1279
308 1279 1278 1172
309 1173 1174 1280
310 1280 1279 1173
311 1174 1175 1281
312 1281 1280 1174
313 1175 1176 1282
314 1282 1281 1175
315 1176 1177 1283
316 1283 1282 1176
317 1177 1178 1284
318 1284 1283 1177
319 1178 1179 1285
320 1285 1284 1178
321 1179 1180 1286
322 1286 1285 1179
323 1180 1181 1287
324 1287 1286 1180
325 1181 1182 1288
326 1288 1287 1181
327 1182 1183 1289
328 1289 1288 1182
329 1183 1184 1290
330 1290 1289 1183
331 1184 1185 1291
332 1291 1290 1184
333 1185 1186 1292
334 1292 1291 1185
335 1186 1187 1293
336 1293 1292 1186
337 1187 1188 1294
338 1294 1293 1187
339 1188 1189 1295
340 1295 1294 1188
341 1189 1190 1296
342 1296 1295 1189
343 1190 1191 1297
344 1297 1296 1190
345 1191 1192 1298
346 1298 1297 1191
347 1192 1193 1299
348 1299 1298 1192
349 1193 1194 1300
350 1300 1299 1193
351 1194 1195 1301
352 1301 1300 1194
353 1195 1196 1302
354 1302 1301 1195
355 1196 1197 1303
356 1303 1302 1196
357 1197 1198 1304
358 1304 1303 1197
359 1198 1199 1305
360 1305 1304 1198
361 1199 1200 1306
362 1306 1305 1199
363 1200 1201 1307
364 1307 1306 1200
365 1201 1202 1308
366 1308 1307 1201
367 1202 1203 1309
368 1309 1308 1202
369 1203 1204 1310
370 1310 1309 1203
371 1204 1205 1311
372 1311 1310 1204
373 1205 1206 1312
374 1312 1311 1205
375 1206 1207 1313
376 1313 1312 1206
377 1207 1208 1314
378 1314 1313 1207
379 1208 1209 1315
380 1315 1314 1208
381 1209 1210 1316
382 1316 1315 1209
383 1210 1211 1317
384 1317 1316 1210
385 1211 1212 1318
386 1318 1317 1211
387 1212 1213 1319
388 1319 1318 1212
389 1213 1214 1320
390 1320 1319 1213
391 1214 1215 1321
392 1321 1320 1214
393 1215 1216 1322
394 1322 1321 1215
395 1216 1217 1323
396 1323 1322 1216
397 1217 1218 1324
398 1324 1323 1217
399 1218 1219 1325
400 1325 1324 1218
401 1219 1220 1326
402 1326 1325 1219
403 1220 1221 1327
404 1327 1326 1220
405 1221 1222 1328
406 1328 1327 1221
407 1222 1223 1329
408 1329 1328 1222
409 1223 1224 1330
410 1330 1329 1223
411 1224 1225 1331
412 1331 1330 1224
413 1225 1226 1332
414 1332 1331 1225
415 1226 1227 1333
416 1333 1332 1226
417 1227 1228 1334
418 1334 1333 1227
419 1228 1229 1335
420 1335 1334 1228
421 1229 1230 1336
422 1336 1335 1229
423 1230 1231 1337
424 1337 1336 1230
425 1231 1232 1338
426 1338 1337 1231
427 1232 127 128
428 128 1338 1232
429 251 1233 1339
430 1339 250 251
431 1233 1234 1340
432 1340 1339 1233
433 1234 1235 1341
434 1341 1340 1234
435 1235 1236 1342
436 1342 1341 1235
437 1236 1237 1343
438 1343 1342 1236
439 1237 1238 1344
440 1344 1343 1237
441 1238 1239 1345
442 1345 1344 1238
443 1239 1240 1346
444 1346 1345 1239
445 1240 1241 1347
446 1347 1346 1240
447 1241 1242 1348
448 1348 1347 1241
449 1242 1243 1349
450 1349 1348 1242
451 1243 1244 1350
452 1350 1349 1243
453 1244 1245 1351
454 1351 1350 1244
455 1245 1246 1352
456 1352 1351 1245
457 1246 1247 1353
458 1353 1352 1246
459 1247 1248 1354
460 1354 1353 1247
461 1248 1249 1355
462 1355 1354 1248
463 1249 1250 1356
464 1356 1355 1249
465 1250 1251 1357
466 1357 1356 1250
467 1251 1252 1358
468 1358 1357 1251
469 1252 1253 1359
470 1359 1358 1252
471 1253 1254 1360
472 1360 1359 1253
473 1254 1255 1361
474 1361 1360 1254
475 1255 1256 1362
476 1362 1361 1255
477 1256 1257 1363
478 1363 1362 1256
479 1257 1258 1364
480 1364 1363 1257
481 1258 1259 1365
482 1365 1364 1258
483 1259 1260 1366
484 1366 1365 1259
485 1260 1261 1367
486 1367 1366 1260
487 1261 1262 1368
488 1368 1367 1261
489 1262 1263 1369
490 1369 1368 1262
491 1263 1264 1370
492 1370 1369 1263
493 1264 1265 1371
494 1371 1370 1264
495 1265 1266 1372
496 1372 1371 1265
497 1266 1267 1373
498 1373 1372 1266
499 1267 1268 1374
500 1374 1373 1267
501 1268 1269 1375
502 1375 1374 1268
503 1269 1270 1376
504 1376 1375 1269
505 1270 1271 1377
506 1377 1376 1270
507 1271 1272 1378
508 1378 1377 1271
509 1272 1273 1379
510 1379 1378 1272
511 1273 1274 1380
512 1380 1379 1273
513 1274 1275 1381
514 1381 1380 1274
515 1275 1276 1382
516 1382 1381 1275
517 1276 1277 1383
518 1383 1382 1276
519 1277 1278 1384
520 1384 1383 1277
521 1278 1279 1385
522 1385 1384 1278
523 1279 1280 1386
524 1386 1385 1279
525 1280 1281 1387
526 1387 1386 1280
527 1281 1282 1388
528 1388 1387 1281
529 1282 1283 1389
530 1389 1388 1282
531 1283 1284 1390
532 1390 1389 1283
533 1284 1285 1391
534 1391 1390 1284
535 1285 1286 1392
536 1392 1391 1285
537 1286 1287 1393
538 1393 1392 1286
539 1287 1288 1394
540 1394 1393 1287
541 1288 1289 1395
542 1395 1394 1288
543 1289 1290 1396
544 1396 1395 1289
545 1290 1291 1397
546 1397 1396 1290
547 1291 1292 1398
548 1398 1397 1291
549 1292 1293 1399
550 1399 1398 1292
551 1293 1294 1400
552 1400 1399 1293
553 1294 1295 1401
554 1401 1400 1294
555 1295 1296 1402
556 1402 1401 1295
557 1296 1297 1403
558 1403 1402 1296
559 1297 1298 1404
560 1404 1403 1297
561 1298 1299 1405
562 1405 1404 1298
563 1299 1300 1406
564 1406 1405 1299
565 1300 1301 1407
566 1407 1406 1300
567 1301 1302 1408
568 1408 1407 1301
569 1302 1303 1409
570 1409 1408 1302
571 1303 1304 1410
572 1410 1409 1303
573 1304 1305 1411
574 1411 1410 1304
575 1305 1306 1412
576 1412 1411 1305
577 1306 1307 1413
578 1413 1412 1306
579 1307 1308 1414
580 1414 1413 1307
581 1308 1309 1415
582 1415 1414 1308
583 1309 1310 1416
584 1416 1415 1309
585 1310 1311 1417
586 1417 1416 1310
587 1311 1312 1418
588 1418 1417 1311
589 1312 1313 1419
590 1419 1418 1312
591 1313 1314 1420
592 1420 1419 1313
593 1314 1315 1421
594 1421 1420 1314
595 1315 1316 1422
596 1422 1421 1315
597 1316 1317 1423
598 1423 1422 1316
599 1317 1318 1424
600 1424 1423 1317
601 1318 1319 1425
602 1425 1424 1318
603 1319 1320 1426
604 1426 1425 1319
605 1320 1321 1427
606 1427 1426 1320
607 1321 1322 1428
608 1428 1427 1321
609 1322 1323 1429
610 1429 1428 1322
611 1323 1324 1430
612 1430 1429 1323
613 1324 1325 1431
614 1431 1430 1324
615 1325 1326 1432
616 1432 1431 1325
617 1326 1327 1433
618 1433 1432 1326
619 1327 1328 1434
620 1434 1433 1327
621 1328 1329 1435
622 1435 1434 1328
623 1329 1330 1436
624 1436 1435 1329
625 1330 1331 1437
626 1437 1436 1330
627 1331 1332 1438
628 1438 1437 1331
629 1332 1333 1439
630 1439 1438 1332
631 1333 1334 1440
632 1440 1439 1333
633 1334 1335 1441
634 1441 1440 1334
635 1335 1336 1442
636 1442 1441 1335
637 1336 1337 1443
638 1443 1442 1336
639 1337 1338 1444
640 1444 1443 1337
641 1338 128 129
642 129 1444 1338
643 250 1339 1445
644 1445 249 250
645 1339 1340 1446
646 1446 1445 1339
647 1340 1341 1447
648 1447 1446 1340
649 1341 1342 1448
650 1448 1447 1341
651 1342 1343 1449
652 1449 1448 1342
653 1343 1344 1450
654 1450 1449 1343
655 1344 1345 1451
656 1451 1450 1344
657 1345 1346 1452
658 1452 1451 1345
659 1346 1347 1453
660 1453 1452 1346
661 1347 1348 1454
662 1454 1453 1347
663 1348 1349 1455
664 1455 1454 1348
665 1349 1350 1456
666 1456 1455 1349
667 1350 1351 1457
668 1457 1456 1350
669 1351 1352 1458
670 1458 1457 1351
671 1352 1353 1459
672 1459 1458 1352
673 1353 1354 1460
674 1460 1459 1353
675 1354 1355 1461
676 1461 1460 1354
677 1355 1356 1462
678 1462 1461 1355
679 1356 1357 1463
680 1463 1462 1356
681 1357 1358 1464
682 1464 1463 1357
683 1358 1359 1465
684 1465 1464 1358
685 1359 1360 1466
686 1466 1465 1359
687 1360 1361 1467
688 1467 1466 1360
689 1361 1362 1468
690 1468 1467 1361
691 1362 1363 1469
692 1469 1468 1362
693 1363 1364 1470
694 1470 1469 1363
695 1364 1365 1471
696 1471 1470 1364
697 1365 1366 1472
698 1472 1471 1365
699 1366 1367 1473
700 1473 1472 1366
701 1367 1368 1474
702 1474 1473 1367
703 1368 1369 1475
704 1475 1474 1368
705 1369 1370 1476
706 1476 1475 1369
707 1370 1371 1477
708 1477 1476 1370
709 1371 1372 1478
710 1478 1477 1371
711 1372 1373 1479
712 1479 1478 1372
713 1373 1374 1480
714 1480 1479 1373
715 1374 1375 1481
716 1481 1480 1374
717 1375 1376 1482
718 1482 1481 1375
719 1376 1377 1483
720 1483 1482 1376
721 1377 1378 1484
722 1484 1483 1377
723 1378 1379 1485
724 1485 1484 1378
725 1379 1380 1486
726 1486 1485 1379
727 1380 1381 1487
728 1487 1486 1380
729 1381 1382 1488
730 1488 1487 1381
731 1382 1383 1489
732 1489 1488 1382
733 1383 1384 1490
734 1490 1489 1383
735 1384 1385 1491
736 1491 1490 1384
737 1385 1386 1492
738 1492 1491 1385
739 1386 1387 1493
740 1493 1492 1386
741 1387 1388 1494
742 1494 1493 1387
743 1388 1389 1495
744 1495 1494 1388
745 1389 1390 1496
746 1496 1495 1389
747 1390 1391 1497
748 1497 1496 1390
749 1391 1392 1498
750 1498 1497 1391
751 1392 1393 1499
752 1499 1498 1392
753 1393 1394 1500
754 1500 1499 1393
755 1394 1395 1501
756 1501 1500 1394
757 1395 1396 1502
758 1502 1501 1395
759 1396 1397 1503
760 1503 1502 1396
761 1397 1398 1504
762 1504 1503 1397
763 1398 1399 1505
764 1505 1504 1398
765 1399 1400 1506
766 1506 1505 1399
767 1400 1401 1507
768 1507 1506 1400
769 1401 1402 1508
770 1508 1507 1401
771 1402 1403 1509
772 1509 1508 1402
773 1403 1404 1510
774 1510 1509 1403
775 1404 1405 1511
776 1511 1510 1404
777 1405 1406 1512
778 1512 1511 1405
779 1406 1407 1513
780 1513 1512 1406
781 1407 1408 1514
782 1514 1513 1407
783 1408 1409 1515
784 1515 1514 1408
785 1409 1410 1516
786 1516 1515 1409
787 1410 1411 1517
788 1517 1516 1410
789 1411 1412 1518
790 1518 1517 1411
791 1412 1413 1519
792 1519 1518 1412
793 1413 1414 1520
794 1520 1519 1413
795 1414 1415 1521
796 1521 1520 1414
797 1415 1416 1522
798 1522 1521 1415
799 1416 1417 1523
800 1523 1522 1416
801 1417 1418 1524
802 1524 1523 1417
803 1418 1419 1525
804 1525 1524 1418
805 1419 1420 1526
806 1526 1525 1419
807 1420 1421 1527
808 1527 1526 1420
809 1421 1422 1528
810 1528 1527 1421
811 1422 1423 1529
812 1529 1528 1422
813 1423 1424 1530
814 1530 1529 1423
815 1424 1425 1531
816 1531 1530 1424
817 1425 1426 1532
818 1532 1531 1425
819 1426 1427 1533
820 1533 1532 1426
821 1427 1428 1534
822 1534 1533 1427
823 1428 1429 1535
824 1535 1534 1428
825 1429 1430 1536
826 1536 1535 1429
827 1430 1431 1537
828 1537 1536 1430
829 1431 1432 1538
830 1538 1537 1431
831 1432 1433 1539
832 1539 1538 1432
833 1433 1434 1540
834 1540 1539 1433
835 1434 1435 1541
836 1541 1540 1434
837 1435 1436 1542
838 1542 1541 1435
839 1436 1437 1543
840 1543 1542 1436
841 1437 1438 1544
842 1544 1543 1437
843 1438 1439 1545
844 1545 1544 1438
845 1439 1440 1546
846 1546 1545 1439
847 1440 1441 1547
848 1547 1546 1440
849 1441 1442 1548
850 1548 1547 1441
851 1442 1443 1549
852 1549 1548 1442
853 1443 1444 1550
854 1550 1549 1443
855 1444 129 130
856 130 1550 1444
857 249 1445 1551
858 1551 248 249
859 1445 1446 1552
860 1552 1551 1445
861 1446 1447 1553
862 1553 1552 1446
863 1447 1448 1554
864 1554 1553 1447
865 1448 1449 1555
866 1555 1554 1448
867 1449 1450 1556
868 1556 1555 1449
869 1450 1451 1557
870 1557 1556 1450
871 1451 1452 1558
872 1558 1557 1451
873 1452 1453 1559
874 1559 1558 1452
875 1453 1454 1560
876 1560 1559 1453
877 1454 1455 1561
878 1561 1560 1454
879 1455 1456 1562
880 1562 1561 1455
881 1456 1457 1563
882 1563 1562 1456
883 1457 1458 1564
884 1564 1563 1457
885 1458 1459 1565
886 1565 1564 1458
887 1459 1460 1566
888 1566 1565 1459
889 1460 1461 1567
890 1567 1566 1460
891 1461 1462 1568
892 1568 1567 1461
893 1462 1463 1569
894 1569 1568 1462
895 1463 1464 1570
896 1570 1569 1463
897 1464 1465 1571
898 1571 1570 1464
899 1465 1466 1572
900 1572 1571 1465
901 1466 1467 1573
902 1573 1572 1466
903 1467 1468 1574
904 1574 1573 1467
905 1468 1469 1575
906 1575 1574 1468
907 1469 1470 1576
908 1576 1575 1469
909 1470 1471 1577
910 1577 1576 1470
911 1471 1472 1578
912 1578 1577 1471
913 1472 1473 1579
914 1579 1578 1472
915 1473 1474 1580
916 1580 1579 1473
917 1474 1475 1581
918 1581 1580 1474
919 1475 1476 1582
920 1582 1581 1475
921 1476 1477 1583
922 1583 1582 1476
923 1477 1478 1584
924 1584 1583 1477
925 1478 1479 1585
926 1585 1584 1478
927 1479 1480 1586
928 1586 1585 1479
929 1480 1481 1587
930 1587 1586 1480
931 1481 1482 1588
932 1588 1587 1481
933 1482 1483 1589
934 1589 1588 1482
935 1483 1484 1590
936 1590 1589 1483
937 1484 1485 1591
938 1591 1590 1484
939 1485 1486 1592
940 1592 1591 1485
941 1486 1487 1593
942 1593 1592 1486
943 1487 1488 1594
944 1594 1593 1487
945 1488 1489 1595
946 1595 1594 1488
947 1489 1490 1596
948 1596 1595 1489
949 1490 1491 1597
950 1597 1596 1490
951 1491 1492 1598
952 1598 1597 1491
953 1492 1493 1599
954 1599 1598 1492
955 1493 1494 1600
956 1600 1599 1493
957 1494 1495 1601
958 1601 1600 1494
959 1495 1496 1602
960 1602 1601 1495
961 1496 1497 1603
962 1603 1602 1496
963 1497 1498 1604
964 1604 1603 1497
965 1498 1499 1605
966 1605 1604 1498
967 1499 1500 1606
968 1606 1605 1499
969 1500 1501 1607
970 1607 1606 1500
971 1501 1502 1608
972 1608 1607 1501
973 1502 1503 1609
974 1609 1608 1502
975 1503 1504 1610
976 1610 1609 1503
977 1504 1505 1611
978 1611 1610 1504
979 1505 1506 1612
980 1612 1611 1505
981 1506 1507 1613
982 1613 1612 1506
983 1507 1508 1614
984 1614 1613 1507
985 1508 1509 1615
986 1615 1614 1508
987 1509 1510 1616
988 1616 1615 1509
989 1510 1511 1617
990 1617 1616 1510
991 1511 1512 1618
992 1618 1617 1511
993 1512 1513 1619
994 1619 1618 1512
995 1513 1514 1620
996 1620 1619 1513
997 1514 1515 1621
998 1621 1620 1514
999 1515 1516 1622
1000 1622 1621 1515
1001 1516 1517 1623
1002 1623 1622 1516
1003 1517 1518 1624
1004 1624 1623 1517
1005 1518 1519 1625
1006 1625 1624 1518
1007 1519 1520 1626
1008 1626 1625 1519
1009 1520 1521 1627
1010 1627 1626 1520
1011 1521 1522 1628
1012 1628 1627 1521
1013 1522 1523 1629
1014 1629 1628 1522
1015 1523 1524 1630
1016 1630 1629 1523
1017 1524 1525 1631
1018 1631 1630 1524
1019 1525 1526 1632
1020 1632 1631 1525
1021 1526 1527 1633
1022 1633 1632 1526
1023 1527 1528 1634
1024 1634 1633 1527
1025 1528 1529 1635
1026 1635 1634 1528
1027 1529 1530 1636
1028 1636 1635 1529
1029 1530 1531 1637
1030 1637 1636 1530
1031 1531 1532 1638
1032 1638 1637 1531
1033 1532 1533 1639
1034 1639 1638 1532
1035 1533 1534 1640
1036 1640 1639 1533
1037 1534 1535 1641
1038 1641 1640 1534
1039 1535 1536 1642
1040 1642 1641 1535
1041 1536 1537 1643
1042 1643 1642 1536
1043 1537 1538 1644
1044 1644 1643 1537
1045 1538 1539 1645
1046 1645 1644 1538
1047 1539 1540 1646
1048 1646 1645 1539
1049 1540 1541 1647
1050 1647 1646 1540
1051 1541 1542 1648
1052 1648 1647 1541
1053 1542 1543 1649
1054 1649 1648 1542
1055 1543 1544 1650
1056 1650 1649 1543
1057 1544 1545 1651
1058 1651 1650 1544
1059 1545 1546 1652
1060 1652 1651 1545
1061 1546 1547 1653
1062 1653 1652 1546
1063 1547 1548 1654
1064 1654 1653 1547
1065 1548 1549 1655
1066 1655 1654 1548
1067 1549 1550 1656
1068 1656 1655 1549
1069 1550 130 131
1070 131 1656 1550
1071 248 1551 1657
1072 1657 247 248
1073 1551 1552 1658
1074 1658 1657 1551
1075 1552 1553 1659
1076 1659 1658 1552
1077 1553 1554 1660
1078 1660 1659 1553
1079 1554 1555 1661
1080 1661 1660 1554
1081 1555 1556 1662
1082 1662 1661 1555
1083 1556 1557 1663
1084 1663 1662 1556
1085 1557 1558 1664
1086 1664 1663 1557
1087 1558 1559 1665
1088 1665 1664 1558
1089 1559 1560 1666
1090 1666 1665 1559
1091 1560 1561 1667
1092 1667 1666 1560
1093 1561 1562 1668
1094 1668 1667 1561
1095 1562 1563 1669
1096 1669 1668 1562
1097 1563 1564 1670
1098 1670 1669 1563
1099 1564 1565 1671
1100 1671 1670 1564
1101 1565 1566 1672
1102 1672 1671 1565
1103 1566 1567 1673
1104 1673 1672 1566
1105 1567 1568 1674
1106 1674 1673 1567
1107 1568 1569 1675
1108 1675 1674 1568
1109 1569 1570 1676
1110 1676 1675 1569
1111 1570 1571 1677
1112 1677 1676 1570
1113 1571 1572 1678
1114 1678 1677 1571
1115 1572 1573 1679
1116 1679 1678 1572
1117 1573 1574 1680
1118 1680 1679 1573
1119 1574 1575 1681
1120 1681 1680 1574
1121 1575 1576 1682
1122 1682 1681 1575
1123 1576 1577 1683
1124 1683 1682 1576
1125 1577 1578 1684
1126 1684 1683 1577
1127 1578 1579 1685
1128 1685 1684 1578
1129 1579 1580 1686
1130 1686 1685 1579
1131 1580 1581 1687
1132 1687 1686 1580
1133 1581 1582 1688
1134 1688 1687 1581
1135 1582 1583 1689
1136 1689 1688 1582
1137 1583 1584 1690
1138 1690 1689 1583
1139 1584 1585 1691
1140 1691 1690 1584
1141 1585 1586 1692
1142 1692 1691 1585
1143 1586 1587 1693
1144 1693 1692 1586
1145 1587 1588 1694
1146 1694 1693 1587
1147 1588 1589 1695
1148 1695 1694 1588
1149 1589 1590 1696
1150 1696 1695 1589
1151 1590 1591 1697
1152 1697 1696 1590
1153 1591 1592 1698
1154 1698 1697 1591
1155 1592 1593 1699
1156 1699 1698 1592
1157 1593 1594 1700
1158 1700 1699 1593
1159 1594 1595 1701
1160 1701 1700 1594
1161 1595 1596 1702
1162 1702 1701 1595
1163 1596 1597 1703
1164 1703 1702 1596
1165 1597 1598 1704
1166 1704 1703 1597
1167 1598 1599 1705
1168 1705 1704 1598
1169 1599 1600 1706
1170 1706 1705 1599
1171 1600 1601 1707
1172 1707 1706 1600
1173 1601 1602 1708
1174 1708 1707 1601
1175 1602 1603 1709
1176 1709 1708 1602
1177 1603 1604 1710
1178 1710 1709 1603
1179 1604 1605 1711
1180 1711 1710 1604
1181 1605 1606 1712
1182 1712 1711 1605
1183 1606 1607 1713
1184 1713 1712 1606
1185 1607 1608 1714
1186 1714 1713 1607
1187 1608 1609 1715
1188 1715 1714 1608
1189 1609 1610 1716
1190 1716 1715 1609
1191 1610 1611 1717
1192 1717 1716 1610
1193 1611 1612 1718
1194 1718 1717 1611
1195 1612 1613 1719
1196 1719 1718 1612
1197 1613 1614 1720
1198 1720 1719 1613
1199 1614 1615 1721
1200 1721 1720 1614
1201 1615 1616 1722
1202 1722 1721 1615
1203 1616 1617 1723
1204 1723 1722 1616
1205 1617 1618 1724
1206 1724 1723 1617
1207 1618 1619 1725
1208 1725 1724 1618
1209 1619 1620 1726
1210 1726 1725 1619
1211 1620 1621 1727
1212 1727 1726 1620
1213 1621 1622 1728
1214 1728 1727 1621
1215 1622 1623 1729
1216 1729 1728 1622
1217 1623 1624 1730
1218 1730 1729 1623
1219 1624 1625 1731
1220 1731 1730 1624
1221 1625 1626 1732
1222 1732 1731 1625
1223 1626 1627 1733
1224 1733 1732 1626
1225 1627 1628 1734
1226 1734 1733 1627
1227 1628 1629 1735
1228 1735 1734 1628
1229 1629 1630 1736
1230 1736 1735 1629
1231 1630 1631 1737
1232 1737 1736 1630
1233 1631 1632 1738
1234 1738 1737 1631
1235 1632 1633 1739
1236 1739 1738 1632
1237 1633 1634 1740
1238 1740 1739 1633
1239 1634 1635 1741
1240 1741 1740 1634
1241 1635 1636 1742
1242 1742 1741 1635
1243 1636 1637 1743
1244 1743 1742 1636
1245 1637 1638 1744
1246 1744 1743 1637
1247 1638 1639 1745
1248 1745 1744 1638
1249 1639 1640 1746
1250 1746 1745 1639
1251 1640 1641 1747
1252 1747 1746 1640
1253 1641 1642 1748
1254 1748 1747 1641
1255 1642 1643 1749
1256 1749 1748 1642
1257 1643 1644 1750
1258 1750 1749 1643
1259 1644 1645 1751
1260 1751 1750 1644
1261 1645 1646 1752
1262 1752 1751 1645
1263 1646 1647 1753
1264 1753 1752 1646
1265 1647 1648 1754
1266 1754 1753 1647
1267 1648 1649 1755
1268 1755 1754 1648
1269 1649 1650 1756
1270 1756 1755 1649
1271 1650 1651 1757
1272 1757 1756 1650
1273 1651 1652 1758
1274 1758 1757 1651
1275 1652 1653 1759
1276 1759 1758 1652
1277 1653 1654 1760
1278 1760 1759 1653
1279 1654 1655 1761
1280 1761 1760 1654
1281 1655 1656 1762
1282 1762 1761 1655
1283 1656 131 132
1284 132 1762 1656
1285 247 1657 1763
1286 1763 246 247
1287 1657 1658 1764
1288 1764 1763 1657
1289 1658 1659 1765
1290 1765 1764 1658
1291 1659 1660 1766
1292 1766 1765 1659
1293 1660 1661 1767
1294 1767 1766 1660
1295 1661 1662 1768
1296 1768 1767 1661
1297 1662 1663 1769
1298 1769 1768 1662
1299 1663 1664 1770
1300 1770 1769 1663
1301 1664 1665 1771
1302 1771 1770 1664
1303 1665 1666 1772
1304 1772 1771 1665
1305 1666 1667 1773
1306 1773 1772 1666
1307 1667 1668 1774
1308 1774 1773 1667
1309 1668 1669 1775
1310 1775 1774 1668
1311 1669 1670 1776
1312 1776 1775 1669
1313 1670 1671 1777
1314 1777 1776 1670
1315 1671 1672 1778
1316 1778 1777 1671
1317 1672 1673 1779
1318 1779 1778 1672
1319 1673 1674 1780
1320 1780 1779 1673
1321 1674 1675 1781
1322 1781 1780 1674
1323 1675 1676 1782
1324 1782 1781 1675
1325 1676 1677 1783
1326 1783 1782 1676
1327 1677 1678 1784
1328 1784 1783 1677
1329 1678 1679 1785
1330 1785 1784 1678
1331 1679 1680 1786
1332 1786 1785 1679
1333 1680 1681 1787
1334 1787 1786 1680
1335 1681 1682 1788
1336 1788 1787 1681
1337 1682 1683 1789
1338 1789 1788 1682
1339 1683 1684 1790
1340 1790 1789 1683
1341 1684 1685 1791
1342 1791 1790 1684
1343 1685 1686 1792
1344 1792 1791 1685
1345 1686 1687 1793
1346 1793 1792 1686
1347 1687 1688 1794
1348 1794 1793 1687
1349 1688 1689 1795
1350 1795 1794 1688
1351 1689 1690 1796
1352 1796 1795 1689
1353 1690 1691 1797
1354 1797 1796 1690
1355 1691 1692 1798
1356 1798 1797 1691
1357 1692 1693 1799
1358 1799 1798 1692
1359 1693 1694 1800
1360 1800 1799 1693
1361 1694 1695 1801
1362 1801 1800 1694
1363 1695 1696 1802
1364 1802 1801 1695
1365 1696 1697 1803
1366 1803 1802 1696
1367 1697 1698 1804
1368 1804 1803 1697
1369 1698 1699 1805
1370 1805 1804 1698
1371 1699 1700 1806
1372 1806 1805 1699
1373 1700 1701 1807
1374 1807 1806 1700
1375 1701 1702 1808
1376 1808 1807 1701
1377 1702 1703 1809
1378 1809 1808 1702
1379 1703 1704 1810
1380 1810 1809 1703
1381 1704 1705 1811
1382 1811 1810 1704
1383 1705 1706 1812
1384 1812 1811 1705
1385 1706 1707 1813
1386 1813 1812 1706
1387 1707 1708 1814
1388 1814 1813 1707
1389 1708 1709 1815
1390 1815 1814 1708
1391 1709 1710 1816
1392 1816 1815 1709
1393 1710 1711 1817
1394 1817 1816 1710
1395 1711 1712 1818
1396 1818 1817 1711
1397 1712 1713 1819
1398 1819 1818 1712
1399 1713 1714 1820
1400 1820 1819 1713
1401 1714 1715 1821
1402 1821 1820 1714
1403 1715 1716 1822
1404 1822 1821 1715
1405 1716 1717 1823
1406 1823 1822 1716
1407 1717 1718 1824
1408 1824 1823 1717
1409 1718 1719 1825
1410 1825 1824 1718
1411 1719 1720 1826
1412 1826 1825 1719
1413 1720 1721 1827
1414 1827 1826 1720
1415 1721 1722 1828
1416 1828 1827 1721
1417 1722 1723 1829
1418 1829 1828 1722
1419 1723 1724 1830
1420 1830 1829 1723
1421 1724 1725 1831
1422 1831 1830 1724
1423 1725 1726 1832
1424 1832 1831 1725
1425 1726 1727 1833
1426 1833 1832 1726
1427 1727 1728 1834
1428 1834 1833 1727
1429 1728 1729 1835
1430 1835 1834 1728
1431 1729 1730 1836
1432 1836 1835 1729
1433 1730 1731 1837
1434 1837 1836 1730
1435 1731 1732 1838
1436 1838 1837 1731
1437 1732 1733 1839
1438 1839 1838 1732
1439 1733 1734 1840
1440 1840 1839 1733
1441 1734 1735 1841
1442 1841 1840 1734
1443 1735 1736 1842
1444 1842 1841 1735
1445 1736 1737 1843
1446 1843 1842 1736
1447 1737 1738 1844
1448 1844 1843 1737
1449 1738 1739 1845
1450 1845 1844 1738
1451 1739 1740 1846
1452 1846 1845 1739
1453 1740 1741 1847
1454 1847 1846 1740
1455 1741 1742 1848
1456 1848 1847 1741
1457 1742 1743 1849
1458 1849 1848 1742
1459 1743 1744 1850
1460 1850 1849 1743
1461 1744 1745 1851
1462 1851 1850 1744
1463 1745 1746 1852
1464 1852 1851 1745
1465 1746 1747 1853
1466 1853 1852 1746
1467 1747 1748 1854
1468 1854 1853 1747
1469 1748 1749 1855
1470 1855 1854 1748
1471 1749 1750 1856
1472 1856 1855 1749
1473 1750 1751 1857
1474 1857 1856 1750
1475 1751 1752 1858
1476 1858 1857 1751
1477 1752 1753 1859
1478 1859 1858 1752
1479 1753 1754 1860
1480 1860 1859 1753
1481 1754 1755 1861
1482 1861 1860 1754
1483 1755 1756 1862
1484 1862 1861 1755
1485 1756 1757 1863
1486 1863 1862 1756
1487 1757 1758 1864
1488 1864 1863 1757
1489 1758 1759 1865
1490 1865 1864 1758
1491 1759 1760 1866
1492 1866 1865 1759
1493 1760 1761 1867
1494 1867 1866 1760
1495 1761 1762 1868
1496 1868 1867 1761
1497 1762 132 133
1498 133 1868 1762
1499 246 1763 1869
1500 1869 245 246
1501 1763 1764 1870
1502 1870 1869 1763
1503 1764 1765 1871
1504 1871 1870 1764
1505 1765 1766 1872
1506 1872 1871 1765
1507 1766 1767 1873
1508 1873 1872 1766
1509 1767 1768 1874
1510 1874 1873 1767
1511 1768 1769 1875
1512 1875 1874 1768
1513 1769 1770 1876
1514 1876 1875 1769
1515 1770 1771 1877
1516 1877 1876 1770
1517 1771 1772 1878
1518 1878 1877 1771
1519 1772 1773 1879
1520 1879 1878 1772
1521 1773 1774 1880
1522 1880 1879 1773
1523 1774 1775 1881
1524 1881 1880 1774
1525 1775 1776 1882
1526 1882 1881 1775
1527 1776 1777 1883
1528 1883 1882 1776
1529 1777 1778 1884
1530 1884 1883 1777
1531 1778 1779 1885
1532 1885 1884 1778
1533 1779 1780 1886
1534 1886 1885 1779
1535 1780 1781 1887
1536 1887 1886 1780
1537 1781 1782 1888
1538 1888 1887 1781
1539 1782 1783 1889
1540 1889 1888 1782
1541 1783 1784 1890
1542 1890 1889 1783
1543 1784 1785 1891
1544 1891 1890 1784
1545 1785 1786 1892
1546 1892 1891 1785
1547 1786 1787 1893
1548 1893 1892 1786
1549 1787 1788 1894
1550 1894 1893 1787
1551 1788 1789 1895
1552 1895 1894 1788
1553 1789 1790 1896
1554 1896 1895 1789
1555 1790 1791 1897
1556 1897 1896 1790
1557 1791 1792 1898
1558 1898 1897 1791
1559 1792 1793 1899
1560 1899 1898 1792
1561 1793 1794 1900
1562 1900 1899 1793
1563 1794 1795 1901
1564 1901 1900 1794
1565 1795 1796 1902
1566 1902 1901 1795
1567 1796 1797 1903
1568 1903 1902 1796
1569 1797 1798 1904
1570 1904 1903 1797
1571 1798 1799 1905
1572 1905 1904 1798
1573 1799 1800 1906
1574 1906 1905 1799
1575 1800 1801 1907
1576 1907 1906 1800
1577 1801 1802 1908
1578 1908 1907 1801
1579 1802 1803 1909
1580 1909 1908 1802
1581 1803 1804 1910
1582 1910 1909 1803
1583 1804 1805 1911
1584 1911 1910 1804
1585 1805 1806 1912
1586 1912 1911 1805
1587 1806 1807 1913
1588 1913 1912 1806
1589 1807 1808 1914
1590 1914 1913 1807
1591 1808 1809 1915
1592 1915 1914 1808
1593 1809 1810 1916
1594 1916 1915 1809
1595 1810 1811 1917
1596 1917 1916 1810
1597 1811 1812 1918
1598 1918 1917 1811
1599 1812 1813 1919
1600 1919 1918 1812
1601 1813 1814 1920
1602 1920 1919 1813
1603 1814 1815 1921
1604 1921 1920 1814
1605 1815 1816 1922
1606 1922 1921 1815
1607 1816 1817 1923
1608 1923 1922 1816
1609 1817 1818 1924
1610 1924 1923 1817
1611 1818 1819 1925
1612 1925 1924 1818
1613 1819 1820 1926
1614 1926 1925 1819
1615 1820 1821 1927
1616 1927 1926 1820
1617 1821 1822 1928
1618 1928 1927 1821
1619 1822 1823 1929
1620 1929 1928 1822
1621 1823 1824 1930
1622 1930 1929 1823
1623 1824 1825 1931
1624 1931 1930 1824
1625 1825 1826 1932
1626 1932 1931 1825
1627 1826 1827 1933
1628 1933 1932 1826
1629 1827 1828 1934
1630 1934 1933 1827
1631 1828 1829 1935
1632 1935 1934 1828
1633 1829 1830 1936
1634 1936 1935 1829
1635 1830 1831 1937
1636 1937 1936 1830
1637 1831 1832 1938
1638 1938 1937 1831
1639 1832 1833 1939
1640 1939 1938 1832
1641 1833 1834 1940
1642 1940 1939 1833
1643 1834 1835 1941
1644 1941 1940 1834
1645 1835 1836 1942
1646 1942 1941 1835
1647 1836 1837 1943
1648 1943 1942 1836
1649 1837 1838 1944
1650 1944 1943 1837
1651 1838 1839 1945
1652 1945 1944 1838
1653 1839 1840 1946
1654 1946 1945 1839
1655 1840 1841 1947
1656 1947 1946 1840
1657 1841 1842 1948
1658 1948 1947 1841
1659 1842 1843 1949
1660 1949 1948 1842
1661 1843 1844 1950
1662 1950 1949 1843
1663 1844 1845 1951
1664 1951 1950 1844
1665 1845 1846 1952
1666 1952 1951 1845
1667 1846 1847 1953
1668 1953 1952 1846
1669 1847 1848 1954
1670 1954 1953 1847
1671 1848 1849 1955
1672 1955 1954 1848
1673 1849 1850 1956
1674 1956 1955 1849
1675 1850 1851 1957
1676 1957 1956 1850
1677 1851 1852 1958
1678 1958 1957 1851
1679 1852 1853 1959
1680 1959 1958 1852
1681 1853 1854 1960
1682 1960 1959 1853
1683 1854 1855 1961
1684 1961 1960 1854
1685 1855 1856 1962
1686 1962 1961 1855
1687 1856 1857 1963
1688 1963 1962 1856
1689 1857 1858 1964
1690 1964 1963 1857
1691 1858 1859 1965
1692 1965 1964 1858
1693 1859 1860 1966
1694 1966 1965 1859
1695 1860 1861 1967
1696 1967 1966 1860
1697 1861 1862 1968
1698 1968 1967 1861
1699 1862 1863 1969
1700 1969 1968 1862
1701 1863 1864 1970
1702 1970 1969 1863
1703 1864 1865 1971
1704 1971 1970 1864
1705 1865 1866 1972
1706 1972 1971 1865
1707 1866 1867 1973
1708 1973 1972 1866
1709 1867 1868 1974
1710 1974 1973 1867
1711 1868 133 134
1712 134 1974 1868
1713 245 1869 1975
1714 1975 244 245
1715 1869 1870 1976
1716 1976 1975 1869
1717 1870 1871 1977
1718 1977 1976 1870
1719 1871 1872 1978
1720 1978 1977 1871
1721 1872 1873 1979
1722 1979 1978 1872
1723 1873 1874 1980
1724 1980 1979 1873
1725 1874 1875 1981
1726 1981 1980 1874
1727 1875 1876 1982
1728 1982 1981 1875
1729 1876 1877 1983
1730 1983 1982 1876
1731 1877 1878 1984
1732 1984 1983 1877
1733 1878 1879 1985
1734 1985 1984 1878
1735 1879 1880 1986
1736 1986 1985 1879
1737 1880 1881 1987
1738 1987 1986 1880
1739 1881 1882 1988
1740 1988 1987 1881
1741 1882 1883 1989
1742 1989 1988 1882
1743 1883 1884 1990
1744 1990 1989 1883
1745 1884 1885 1991
1746 1991 1990 1884
1747 1885 1886 1992
1748 1992 1991 1885
1749 1886 1887 1993
1750 1993 1992 1886
1751 1887 1888 1994
1752 1994 1993 1887
1753 1888 1889 1995
1754 1995 1994 1888
1755 1889 1890 1996
1756 1996 1995 1889
1757 1890 1891 1997
1758 1997 1996 1890
1759 1891 1892 1998
1760 1998 1997 1891
1761 1892 1893 1999
1762 1999 1998 1892
1763 1893 1894 2000
1764 2000 1999 1893
1765 1894 1895 2001
1766 2001 2000 1894
1767 1895 1896 2002
1768 2002 2001 1895
1769 1896 1897 2003
1770 2003 2002 1896
1771 1897 1898 2004
1772 2004 2003 1897
1773 1898 1899 2005
1774 2005 2004 1898
1775 1899 1900 2006
1776 2006 2005 1899
1777 1900 1901 2007
1778 2007 2006 1900
1779 1901 1902 2008
1780 2008 2007 1901
1781 1902 1903 2009
1782 2009 2008 1902
1783 1903 1904 2010
1784 2010 2009 1903
1785 1904 1905 2011
1786 2011 2010 1904
1787 1905 1906 2012
1788 2012 2011 1905
1789 1906 1907 2013
1790 2013 2012 1906
1791 1907 1908 2014
1792 2014 2013 1907
1793 1908 1909 2015
1794 2015 2014 1908
1795 1909 1910 2016
1796 2016 2015 1909
1797 1910 1911 2017
1798 2017 2016 1910
1799 1911 1912 2018
1800 2018 2017 1911
1801 1912 1913 2019
1802 2019 2018 1912
1803 1913 1914 2020
1804 2020 2019 1913
1805 1914 1915 2021
1806 2021 2020 1914
1807 1915 1916 2022
1808 2022 2021 1915
1809 1916 1917 2023
1810 2023 2022 1916
1811 1917 1918 2024
1812 2024 2023 1917
1813 1918 1919 2025
1814 2025 2024 1918
1815 1919 1920 2026
1816 2026 2025 1919
1817 1920 1921 2027
1818 2027 2026 1920
1819 1921 1922 2028
1820 2028 2027 1921
1821 1922 1923 2029
1822 2029 2028 1922
1823 1923 1924 2030
1824 2030 2029 1923
1825 1924 1925 2031
1826 2031 2030 1924
1827 1925 1926 2032
1828 2032 2031 1925
1829 1926 1927 2033
1830 2033 2032 1926
1831 1927 1928 2034
1832 2034 2033 1927
1833 1928 1929 2035
1834 2035 2034 1928
1835 1929 1930 2036
1836 2036 2035 1929
1837 1930 1931 2037
1838 2037 2036 1930
1839 1931 1932 2038
1840 2038 2037 1931
1841 1932 1933 2039
1842 2039 2038 1932
1843 1933 1934 2040
1844 2040 2039 1933
1845 1934 1935 2041
1846 2041 2040 1934
1847 1935 1936 2042
1848 2042 2041 1935
1849 1936 1937 2043
1850 2043 2042 1936
1851 1937 1938 2044
1852 2044 2043 1937
1853 1938 1939 2045
1854 2045 2044 1938
1855 1939 1940 2046
1856 2046 2045 1939
1857 1940 1941 2047
1858 2047 2046 1940
1859 1941 1942 2048
1860 2048 2047 1941
1861 1942 1943 2049
1862 2049 2048 1942
1863 1943 1944 2050
1864 2050 2049 1943
1865 1944 1945 2051
1866 2051 2050 1944
1867 1945 1946 2052
1868 2052 2051 1945
1869 1946 1947 2053
1870 2053 2052 1946
1871 1947 1948 2054
1872 2054 2053 1947
1873 1948 1949 2055
1874 2055 2054 1948
1875 1949 1950 2056
1876 2056 2055 1949
1877 1950 1951 2057
1878 2057 2056 1950
1879 1951 1952 2058
1880 2058 2057 1951
1881 1952 1953 2059
1882 2059 2058 1952
1883 1953 1954 2060
1884 2060 2059 1953
1885 1954 1955 2061
1886 2061 2060 1954
1887 1955 1956 2062
1888 2062 2061 1955
1889 1956 1957 2063
1890 2063 2062 1956
1891 1957 1958 2064
1892 2064 2063 1957
1893 1958 1959 2065
1894 2065 2064 1958
1895 1959 1960 2066
1896 2066 2065 1959
1897 1960 1961 2067
1898 2067 2066 1960
1899 1961 1962 2068
1900 2068 2067 1961
1901 1962 1963 2069
1902 2069 2068 1962
1903 1963 1964 2070
1904 2070 2069 1963
1905 1964 1965 2071
1906 2071 2070 1964
1907 1965 1966 2072
1908 2072 2071 1965
1909 1966 1967 2073
1910 2073 2072 1966
1911 1967 1968 2074
1912 2074 2073 1967
1913 1968 1969 2075
1914 2075 2074 1968
1915 1969 1970 2076
1916 2076 2075 1969
1917 1970 1971 2077
1918 2077 2076 1970
1919 1971 1972 2078
1920 2078 2077 1971
1921 1972 1973 2079
1922 2079 2078 1972
1923 1973 1974 2080
1924 2080 2079 1973
1925 1974 134 135
1926 135 2080 1974
1927 244 1975 2081
1928 2081 243 244
1929 1975 1976 2082
1930 2082 2081 1975
1931 1976 1977 2083
1932 2083 2082 1976
1933 1977 1978 2084
1934 2084 2083 1977
1935 1978 1979 2085
1936 2085 2084 1978
1937 1979 1980 2086
1938 2086 2085 1979
1939 1980 1981 2087
1940 2087 2086 1980
1941 1981 1982 2088
1942 2088 2087 1981
1943 1982 1983 2089
1944 2089 2088 1982
1945 1983 1984 2090
1946 2090 2089 1983
1947 1984 1985 2091
1948 2091 2090 1984
1949 1985 1986 2092
1950 2092 2091 1985
1951 1986 1987 2093
1952 2093 2092 1986
1953 1987 1988 2094
1954 2094 2093 1987
1955 1988 1989 2095
1956 2095 2094 1988
1957 1989 1990 2096
1958 2096 2095 1989
1959 1990 1991 2097
1960 2097 2096 1990
1961 1991 1992 2098
1962 2098 2097 1991
1963 1992 1993 2099
1964 2099 2098 1992
1965 1993 1994 2100
1966 2100 2099 1993
1967 1994 1995 2101
1968 2101 2100 1994
1969 1995 1996 2102
1970 2102 2101 1995
1971 1996 1997 2103
1972 2103 2102 1996
1973 1997 1998 2104
1974 2104 2103 1997
1975 1998 1999 2105
1976 2105 2104 1998
1977 1999 2000 2106
1978 2106 2105 1999
1979 2000 2001 2107
1980 2107 2106 2000
1981 2001 2002 2108
1982 2108 2107 2001
1983 2002 2003 2109
1984 2109 2108 2002
1985 2003 2004 2110
1986 2110 2109 2003
1987 2004 2005 2111
1988 2111 2110 2004
1989 2005 2006 2112
1990 2112 2111 2005
1991 2006 2007 2113
1992 2113 2112 2006
1993 2007 2008 2114
1994 2114 2113 2007
1995 2008 2009 2115
1996 2115 2114 2008
1997 2009 2010 2116
1998 2116 2115 2009
1999 2010 2011 2117
2000 2117 2116 2010
2001 2011 2012 2118
2002 2118 2117 2011
2003 2012 2013 2119
2004 2119 2118 2012
2005 2013 2014 2120
2006 2120 2119 2013
2007 2014 2015 2121
2008 2121 2120 2014
2009 2015 2016 2122
2010 2122 2121 2015
2011 2016 2017 2123
2012 2123 2122 2016
2013 2017 2018 2124
2014 2124 2123 2017
2015 2018 2019 2125
2016 2125 2124 2018
2017 2019 2020 2126
2018 2126 2125 2019
2019 2020 2021 2127
2020 2127 2126 2020
2021 2021 2022 2128
2022 2128 2127 2021
2023 2022 2023 2129
2024 2129 2128 2022
2025 2023 2024 2130
2026 2130 2129 2023
2027 2024 2025 2131
2028 2131 2130 2024
2029 2025 2026 2132
2030 2132 2131 2025
2031 2026 2027 2133
2032 2133 2132 2026
2033 2027 2028 2134
2034 2134 2133 2027
2035 2028 2029 2135
2036 2135 2134 2028
2037 2029 2030 2136
2038 2136 2135 2029
2039 2030 2031 2137
2040 2137 2136 2030
2041 2031 2032 2138
2042 2138 2137 2031
2043 2032 2033 2139
2044 2139 2138 2032
2045 2033 2034 2140
2046 2140 2139 2033
2047 2034 2035 2141
2048 2141 2140 2034
2049 2035 2036 2142
2050 2142 2141 2035
2051 2036 2037 2143
2052 2143 2142 2036
2053 2037 2038 2144
2054 2144 2143 2037
2055 2038 2039 2145
2056 2145 2144 2038
2057 2039 2040 2146
2058 2146 2145 2039
2059 2040 2041 2147
2060 2147 2146 2040
2061 2041 2042 2148
2062 2148 2147 2041
2063 2042 2043 2149
2064 2149 2148 2042
2065 2043 2044 2150
2066 2150 2149 2043
2067 2044 2045 2151
2068 2151 2150 2044
2069 2045 2046 2152
2070 2152 2151 2045
2071 2046 2047 2153
2072 2153 2152 2046
2073 2047 2048 2154
2074 2154 2153 2047
2075 2048 2049 2155
2076 2155 2154 2048
2077 2049 2050 2156
2078 2156 2155 2049
2079 2050 2051 2157
2080 2157 2156 2050
2081 2051 2052 2158
2082 2158 2157 2051
2083 2052 2053 2159
2084 2159 2158 2052
2085 2053 2054 2160
2086 2160 2159 2053
2087 2054 2055 2161
2088 2161 2160 2054
2089 2055 2056 2162
2090 2162 2161 2055
2091 2056 2057 2163
2092 2163 2162 2056
2093 2057 2058 2164
2094 2164 2163 2057
2095 2058 2059 2165
2096 2165 2164 2058
2097 2059 2060 2166
2098 2166 2165 2059
2099 2060 2061 2167
2100 2167 2166 2060
2101 2061 2062 2168
2102 2168 2167 2061
2103 2062 2063 2169
2104 2169 2168 2062
2105 2063 2064 2170
2106 2170 2169 2063
2107 2064 2065 2171
2108 2171 2170 2064
2109 2065 2066 2172
2110 2172 2171 2065
2111 2066 2067 2173
2112 2173 2172 2066
2113 2067 2068 2174
2114 2174 2173 2067
2115 2068 2069 2175
2116 2175 2174 2068
2117 2069 2070 2176
2118 2176 2175 2069
2119 2070 2071 2177
2120 2177 2176 2070
2121 2071 2072 2178
2122 2178 2177 2071
2123 2072 2073 2179
2124 2179 2178 2072
2125 2073 2074 2180
2126 2180 2179 2073
2127 2074 2075 2181
2128 2181 2180 2074
2129 2075 2076 2182
2130 2182 2181 2075
2131 2076 2077 2183
2132 2183 2182 2076
2133 2077 2078 2184
2134 2184 2183 2077
2135 2078 2079 2185
2136 2185 2184 2078
2137 2079 2080 2186
2138 2186 2185 2079
2139 2080 135 136
2140 136 2186 2080
2141 243 2081 242
2142 242 4 243
2143 2081 2082 241
2144 241 242 2081
2145 2082 2083 240
2146 240 241 2082
2147 2083 2084 239
2148 239 240 2083
2149 2084 2085 238
2150 238 239 2084
2151 2085 2086 237
2152 237 238 2085
2153 2086 2087 236
2154 236 237 2086
2155 2087 2088 235
2156 235 236 2087
2157 2088 2089 234
2158 234 235 2088
2159 2089 2090 233
2160 233 234 2089
2161 2090 2091 232
2162 232 233 2090
2163 2091 2092 231
2164 231 232 2091
2165 2092 2093 230
2166 230 231 2092
2167 2093 2094 229
2168 229 230 2093
2169 2094 2095 228
2170 228 229 2094
2171 2095 2096 227
2172 227 228 2095
2173 2096 2097 226
2174 226 227 2096
2175 2097 2098 225
2176 225 226 2097
2177 2098 2099 224
2178 224 225 2098
2179 2099 2100 223
2180 223 224 2099
2181 2100 2101 222
2182 222 223 2100
2183 2101 2102 221
2184 221 222 2101
2185 2102 2103 220
2186 220 221 2102
2187 2103 2104 219
2188 219 220 2103
2189 2104 2105 218
2190 218 219 2104
2191 2105 2106 217
2192 217 218 2105
2193 2106 2107 216
2194 216 217 2106
2195 2107 2108 215
2196 215 216 2107
2197 2108 2109 214
2198 214 215 2108
2199 2109 2110 213
2200 213 214 2109
2201 2110 2111 212
2202 212 213 2110
2203 2111 2112 211
2204 211 212 2111
2205 2112 2113 210
2206 210 211 2112
2207 2113 2114 209
2208 209 210 2113
2209 2114 2115 208
2210 208 209 2114
2211 2115 2116 207
2212 207 208 2115
2213 2116 2117 206
2214 206 207 2116
2215 2117 2118 205
2216 205 206 2117
2217 2118 2119 204
2218 204 205 2118
2219 2119 2120 203
2220 203 204 2119
2221 2120 2121 202
2222 202 203 2120
2223 2121 2122 201
2224 201 202 2121
2225 2122 2123 200
2226 200 201 2122
2227 2123 2124 199
2228 199 200 2123
2229 2124 2125 198
2230 198 199 2124
2231 2125 2126 197
2232 197 198 2125
2233 2126 2127 196
2234 196 197 2126
2235 2127 2128 195
2236 195 196 2127
2237 2128 2129 194
2238 194 195 2128
2239 2129 2130 193
2240 193 194 2129
2241 2130 2131 192
2242 192 193 2130
2243 2131 2132 191
2244 191 192 2131
2245 2132 2133 190
2246 190 191 2132
2247 2133 2134 189
2248 189 190 2133
2249 2134 2135 188
2250 188 189 2134
2251 2135 2136 187
2252 187 188 2135
2253 2136 2137 186
2254 186 187 2136
2255 2137 2138 185
2256 185 186 2137
2257 2138 2139 184
2258 184 185 2138
2259 2139 2140 183
2260 183 184 2139
2261 2140 2141 182
2262 182 183 2140
2263 2141 2142 181
2264 181 182 2141
2265 2142 2143 180
2266 180 181 2142
2267 2143 2144 179
2268 179 180 2143
2269 2144 2145 178
2270 178 179 2144
2271 2145 2146 177
2272 177 178 2145
2273 2146 2147 176
2274 176 177 2146
2275 2147 2148 175
2276 175 176 2147
2277 2148 2149 174
2278 174 175 2148
2279 2149 2150 173
2280 173 174 2149
2281 2150 2151 172
2282 172 173 2150
2283 2151 2152 171
2284 171 172 2151
2285 2152 2153 170
2286 170 171 2152
2287 2153 2154 169
2288 169 170 2153
2289 2154 2155 168
2290 168 169 2154
2291 2155 2156 167
2292 167 168 2155
2293 2156 2157 166
2294 166 167 2156
2295 2157 2158 165
2296 165 166 2157
2297 2158 2159 164
2298 164 165 2158
2299 2159 2160 163
2300 163 164 2159
2301 2160 2161 162
2302 162 163 2160
2303 2161 2162 161
2304 161 162 2161
2305 2162 2163 160
2306 160 161 2162
2307 2163 2164 159
2308 159 160 2163
2309 2164 2165 158
2310 158 159 2164
2311 2165 2166 157
2312 157 158 2165
2313 2166 2167 156
2314 156 157 2166
2315 2167 2168 155
2316 155 156 2167
2317 2168 2169 154
2318 154 155 2168
2319 2169 2170 153
2320 153 154 2169
2321 2170 2171 152
2322 152 153 2170
2323 2171 2172 151
2324 151 152 2171
2325 2172 2173 150
2326 150 151 2172
2327 2173 2174 149
2328 149 150 2173
2329 2174 2175 148
2330 148 149 2174
2331 2175 2176 147
2332 147 148 2175
2333 2176 2177 146
2334 146 147 2176
2335 2177 2178 145
2336 145 146 2177
2337 2178 2179 144
2338 144 145 2178
2339 2179 2180 143
2340 143 144 2179
2341 2180 2181 142
2342 142 143 2180
2343 2181 2182 141
2344 141 142 2181
2345 2182 2183 140
2346 140 141 2182
2347 2183 2184 139
2348 139 140 2183
2349 2184 2185 138
2350 138 139 2184
2351 2185 2186 137
2352 137 138 2185
2353 2186 136 3
2354 3 137 2186
2355 5 253 2187
2356 2187 398 5
2357 253 254 2188
2358 2188 2187 253
2359 254 255 2189
2360 2189 2188 254
2361 255 256 2190
2362 2190 2189 255
2363 256 257 2191
2364 2191 2190 256
2365 257 258 2192
2366 2192 2191 257
2367 258 259 2193
2368 2193 2192 258
2369 259 260 2194
2370 2194 2193 259
2371 260 261 2195
2372 2195 2194 260
2373 261 262 2196
2374 2196 2195 261
2375 262 263 2197
2376 2197 2196 262
2377 263 264 2198
2378 2198 2197 263
2379 264 265 2199
2380 2199 2198 264
2381 265 266 2200
2382 2200 2199 265
2383 266 267 2201
2384 2201 2200 266
2385 267 268 2202
2386 2202 2201 267
2387 268 269 2203
2388 2203 2202 268
2389 269 270 2204
2390 2204 2203 269
2391 270 271 2205
2392 2205 2204 270
2393 271 272 2206
2394 2206 2205 271
2395 272 273 2207
2396 2207 2206 272
2397 273 274 2208
2398 2208 2207 273
2399 274 275 2209
2400 2209 2208 274
2401 275 276 2210
2402 2210 2209 275
2403 276 277 2211
2404 2211 2210 276
2405 277 278 2212
2406 2212 2211 277
2407 278 279 2213
2408 2213 2212 278
2409 279 280 2214
2410 2214 2213 279
2411 280 281 2215
2412 2215 2214 280
2413 281 282 2216
2414 2216 2215 281
2415 282 283 2217
2416 2217 2216 282
2417 283 284 2218
2418 2218 2217 283
2419 284 285 2219
2420 2219 2218 284
2421 285 286 2220
2422 2220 2219 285
2423 286 287 2221
2424 2221 2220 286
2425 287 288 2222
2426 2222 2221 287
2427 288 289 2223
2428 2223 2222 288
2429 289 290 2224
2430 2224 2223 289
2431 290 291 2225
2432 2225 2224 290
2433 291 292 2226
2434 2226 2225 291
2435 292 293 2227
2436 2227 2226 292
2437 293 294 2228
2438 2228 2227 293
2439 294 295 2229
2440 2229 2228 294
2441 295 296 2230
2442 2230 2229 295
2443 296 297 2231
2444 2231 2230 296
2445 297 298 2232
2446 2232 2231 297
2447 298 299 2233
2448 2233 2232 298
2449 299 300 2234
2450 2234 2233 299
2451 300 301 2235
2452 2235 2234 300
2453 301 302 2236
2454 2236 2235 301
2455 302 303 2237
2456 2237 2236 302
2457 303 304 2238
2458 2238 2237 303
2459 304 305 2239
2460 2239 2238 304
2461 305 306 2240
2462 2240 2239 305
2463 306 307 2241
2464 2241 2240 306
2465 307 308 2242
2466 2242 2241 307
2467 308 309 2243
2468 2243 2242 308
2469 309 310 2244
2470 2244 2243 309
2471 310 311 2245
2472 2245 2244 310
2473 311 312 2246
2474 2246 2245 311
2475 312 313 2247
2476 2247 2246 312
2477 313 314 2248
2478 2248 2247 313
2479 314 315 2249
2480 2249 2248 314
2481 315 316 2250
2482 2250 2249 315
2483 316 317 2251
2484 2251 2250 316
2485 317 318 2252
2486 2252 2251 317
2487 318 319 2253
2488 2253 2252 318
2489 319 320 2254
2490 2254 2253 319
2491 320 321 2255
2492 2255 2254 320
2493 321 322 2256
2494 2256 2255 321
2495 322 323 2257
2496 2257 2256 322
2497 323 324 2258
2498 2258 2257 323
2499 324 325 2259
2500 2259 2258 324
2501 325 326 2260
2502 2260 2259 325
2503 326 327 2261
2504 2261 2260 326
2505 327 328 2262
2506 2262 2261 327
2507 328 329 2263
2508 2263 2262 328
2509 329 330 2264
2510 2264 2263 329
2511 330 331 2265
2512 2265 2264 330
2513 331 332 2266
2514 2266 2265 331
2515 332 333 2267
2516 2267 2266 332
2517 333 334 2268
2518 2268 2267 333
2519 334 335 2269
2520 2269 2268 334
2521 335 336 2270
2522 2270 2269 335
2523 336 337 2271
2524 2271 2270 336
2525 337 338 2272
2526 2272 2271 337
2527 338 339 2273
2528 2273 2272 338
2529 339 340 2274
2530 2274 2273 339
2531 340 341 2275
2532 2275 2274 340
2533 341 342 2276
2534 2276 2275 341
2535 342 343 2277
2536 2277 2276 342
2537 343 344 2278
2538 2278 2277 343
2539 344 345 2279
2540 2279 2278 344
2541 345 346 2280
2542 2280 2279 345
2543 346 347 2281
2544 2281 2280 346
2545 347 348 2282
2546 2282 2281 347
2547 348 349 2283
2548 2283 2282 348
2549 349 350 2284
2550 2284 2283 349
2551 350 351 2285
2552 2285 2284 350
2553 351 352 2286
2554 2286 2285 351
2555 352 353 2287
2556 2287 2286 352
2557 353 354 2288
2558 2288 2287 353
2559 354 355 2289
2560 2289 2288 354
2561 355 356 2290
2562 2290 2289 355
2563 356 357 2291
2564 2291 2290 356
2565 357 358 2292
2566 2292 2291 357
2567 358 6 359
2568 359 2292 358
2569 398 2187 2293
2570 2293 397 398
2571 2187 2188 2294
2572 2294 2293 2187
2573 2188 2189 2295
2574 2295 2294 2188
2575 2189 2190 2296
2576 2296 2295 2189
2577 2190 2191 2297
2578 2297 2296 2190
2579 2191 2192 2298
2580 2298 2297 2191
2581 2192 2193 2299
2582 2299 2298 2192
2583 2193 2194 2300
2584 2300 2299 2193
2585 2194 2195 2301
2586 2301 2300 2194
2587 2195 2196 2302
2588 2302 2301 2195
2589 2196 2197 2303
2590 2303 2302 2196
2591 2197 2198 2304
2592 2304 2303 2197
2593 2198 2199 2305
2594 2305 2304 2198
2595 2199 2200 2306
2596 2306 2305 2199
2597 2200 2201 2307
2598 2307 2306 2200
2599 2201 2202 2308
2600 2308 2307 2201
2601 2202 2203 2309
2602 2309 2308 2202
2603 2203 2204 2310
2604 2310 2309 2203
2605 2204 2205 2311
2606 2311 2310 2204
2607 2205 2206 2312
2608 2312 2311 2205
2609 2206 2207 2313
2610 2313 2312 2206
2611 2207 2208 2314
2612 2314 2313 2207
2613 2208 2209 2315
2614 2315 2314 2208
2615 2209 2210 2316
2616 2316 2315 2209
2617 2210 2211 2317
2618 2317 2316 2210
2619 2211 2212 2318
2620 2318 2317 2211
2621 2212 2213 2319
2622 2319 2318 2212
2623 2213 2214 2320
2624 2320 2319 2213
2625 2214 2215 2321
2626 2321 2320 2214
2627 2215 2216 2322
2628 2322 2321 2215
2629 2216 2217 2323
2630 2323 2322 2216
2631 2217 2218 2324
2632 2324 2323 2217
2633 2218 2219 2325
2634 2325 2324 2218
2635 2219 2220 2326
2636 2326 2325 2219
2637 2220 2221 2327
2638 2327 2326 2220
2639 2221 2222 2328
2640 2328 2327 2221
2641 2222 2223 2329
2642 2329 2328 2222
2643 2223 2224 2330
2644 2330 2329 2223
2645 2224 2225 2331
2646 2331 2330 2224
2647 2225 2226 2332
2648 2332 2331 2225
2649 2226 2227 2333
2650 2333 2332 2226
2651 2227 2228 2334
2652 2334 2333 2227
2653 2228 2229 2335
2654 2335 2334 2228
2655 2229 2230 2336
2656 2336 2335 2229
2657 2230 2231 2337
2658 2337 2336 2230
2659 2231 2232 2338
2660 2338 2337 2231
2661 2232 2233 2339
2662 2339 2338 2232
2663 2233 2234 2340
2664 2340 2339 2233
2665 2234 2235 2341
2666 2341 2340 2234
2667 2235 2236 2342
2668 2342 2341 2235
2669 2236 2237 2343
2670 2343 2342 2236
2671 2237 2238 2344
2672 2344 2343 2237
2673 2238 2239 2345
2674 2345 2344 2238
2675 2239 2240 2346
2676 2346 2345 2239
2677 2240 2241 2347
2678 2347 2346 2240
2679 2241 2242 2348
2680 2348 2347 2241
2681 2242 2243 2349
2682 2349 2348 2242
2683 2243 2244 2350
2684 2350 2349 2243
2685 2244 2245 2351
2686 2351 2350 2244
2687 2245 2246 2352
2688 2352 2351 2245
2689 2246 2247 2353
2690 2353 2352 2246
2691 2247 2248 2354
2692 2354 2353 2247
2693 2248 2249 2355
2694 2355 2354 2248
2695 2249 2250 2356
2696 2356 2355 2249
2697 2250 2251 2357
2698 2357 2356 2250
2699 2251 2252 2358
2700 2358 2357 2251
2701 2252 2253 2359
2702 2359 2358 2252
2703 2253 2254 2360
2704 2360 2359 2253
2705 2254 2255 2361
2706 2361 2360 2254
2707 2255 2256 2362
2708 2362 2361 2255
2709 2256 2257 2363
2710 2363 2362 2256
2711 2257 2258 2364
2712 2364 2363 2257
2713 2258 2259 2365
2714 2365 2364 2258
2715 2259 2260 2366
2716 2366 2365 2259
2717 2260 2261 2367
2718 2367 2366 2260
2719 2261 2262 2368
2720 2368 2367 2261
2721 2262 2263 2369
2722 2369 2368 2262
2723 2263 2264 2370
2724 2370 2369 2263
2725 2264 2265 2371
2726 2371 2370 2264
2727 2265 2266 2372
2728 2372 2371 2265
2729 2266 2267 2373
2730 2373 2372 2266
2731 2267 2268 2374
2732 2374 2373 2267
2733 2268 2269 2375
2734 2375 2374 2268
2735 2269 2270 2376
2736 2376 2375 2269
2737 2270 2271 2377
2738 2377 2376 2270
2739 2271 2272 2378
2740 2378 2377 2271
2741 2272 2273 2379
2742 2379 2378 2272
2743 2273 2274 2380
2744 2380 2379 2273
2745 2274 2275 2381
2746 2381 2380 2274
2747 2275 2276 2382
2748 2382 2381 2275
2749 2276 2277 2383
2750 2383 2382 2276
2751 2277 2278 2384
2752 2384 2383 2277
2753 2278 2279 2385
2754 2385 2384 2278
2755 2279 2280 2386
2756 2386 2385 2279
2757 2280 2281 2387
2758 2387 2386 2280
2759 2281 2282 2388
2760 2388 2387 2281
2761 2282 2283 2389
2762 2389 2388 2282
2763 2283 2284 2390
2764 2390 2389 2283
2765 2284 2285 2391
2766 2391 2390 2284
2767 2285 2286 2392
2768 2392 2391 2285
2769 2286 2287 2393
2770 2393 2392 2286
2771 2287 2288 2394
2772 2394 2393 2287
2773 2288 2289 2395
2774 2395 2394 2288
2775 2289 2290 2396
2776 2396 2395 2289
2777 2290 2291 2397
2778 2397 2396 2290
2779 2291 2292 2398
2780 2398 2397 2291
2781 2292 359 360
2782 360 2398 2292
2783 397 2293 2399
2784 2399 396 397
2785 2293 2294 2400
2786 2400 2399 2293
2787 2294 2295 2401
2788 2401 2400 2294
2789 2295 2296 2402
2790 2402 2401 2295
2791 2296 2297 2403
2792 2403 2402 2296
2793 2297 2298 2404
2794 2404 2403 2297
2795 2298 2299 2405
2796 2405 2404 2298
2797 2299 2300 2406
2798 2406 2405 2299
2799 2300 2301 2407
2800 2407 2406 2300
2801 2301 2302 2408
2802 2408 2407 2301
2803 2302 2303 2409
2804 2409 2408 2302
2805 2303 2304 2410
2806 2410 2409 2303
2807 2304 2305 2411
2808 2411 2410 2304
2809 2305 2306 2412
2810 2412 2411 2305
2811 2306 2307 2413
2812 2413 2412 2306
2813 2307 2308 2414
2814 2414 2413 2307
2815 2308 2309 2415
2816 2415 2414 2308
2817 2309 2310 2416
2818 2416 2415 2309
2819 2310 2311 2417
2820 2417 2416 2310
2821 2311 2312 2418
2822 2418 2417 2311
2823 2312 2313 2419
2824 2419 2418 2312
2825 2313 2314 2420
2826 2420 2419 2313
2827 2314 2315 2421
2828 2421 2420 2314
2829 2315 2316 2422
2830 2422 2421 2315
2831 2316 2317 2423
2832 2423 2422 2316
2833 2317 2318 2424
2834 2424 2423 2317
2835 2318 2319 2425
2836 2425 2424 2318
2837 2319 2320 2426
2838 2426 2425 2319
2839 2320 2321 2427
2840 2427 2426 2320
2841 2321 2322 2428
2842 2428 2427 2321
2843 2322 2323 2429
2844 2429 2428 2322
2845 2323 2324 2430
2846 2430 2429 2323
2847 2324 2325 2431
2848 2431 2430 2324
2849 2325 2326 2432
2850 2432 2431 2325
2851 2326 2327 2433
2852 2433 2432 2326
2853 2327 2328 2434
2854 2434 2433 2327
2855 2328 2329 2435
2856 2435 2434 2328
2857 2329 2330 2436
2858 2436 2435 2329
2859 2330 2331 2437
2860 2437 2436 2330
2861 2331 2332 2438
2862 2438 2437 2331
2863 2332 2333 2439
2864 2439 2438 2332
2865 2333 2334 2440
2866 2440 2439 2333
2867 2334 2335 2441
2868 2441 2440 2334
2869 2335 2336 2442
2870 2442 2441 2335
2871 2336 2337 2443
2872 2443 2442 2336
2873 2337 2338 2444
2874 2444 2443 2337
2875 2338 2339 2445
2876 2445 2444 2338
2877 2339 2340 2446
2878 2446 2445 2339
2879 2340 2341 2447
2880 2447 2446 2340
2881 2341 2342 2448
2882 2448 2447 2341
2883 2342 2343 2449
2884 2449 2448 2342
2885 2343 2344 2450
2886 2450 2449 2343
2887 2344 2345 2451
2888 2451 2450 2344
2889 2345 2346 2452
2890 2452 2451 2345
2891 2346 2347 2453
2892 2453 2452 2346
2893 2347 2348 2454
2894 2454 2453 2347
2895 2348 2349 2455
2896 2455 2454 2348
2897 2349 2350 2456
2898 2456 2455 2349
2899 2350 2351 2457
2900 2457 2456 2350
2901 2351 2352 2458
2902 2458 2457 2351
2903 2352 2353 2459
2904 2459 2458 2352
2905 2353 2354 2460
2906 2460 2459 2353
2907 2354 2355 2461
2908 2461 2460 2354
2909 2355 2356 2462
2910 2462 2461 2355
2911 2356 2357 2463
2912 2463 2462 2356
2913 2357 2358 2464
2914 2464 2463 2357
2915 2358 2359 2465
2916 2465 2464 2358
2917 2359 2360 2466
2918 2466 2465 2359
2919 2360 2361 2467
2920 2467 2466 2360
2921 2361 2362 2468
2922 2468 2467 2361
2923 2362 2363 2469
2924 2469 2468 2362
2925 2363 2364 2470
2926 2470 2469 2363
2927 2364 2365 2471
2928 2471 2470 2364
2929 2365 2366 2472
2930 2472 2471 2365
2931 2366 2367 2473
2932 2473 2472 2366
2933 2367 2368 2474
2934 2474 2473 2367
2935 2368 2369 2475
2936 2475 2474 2368
2937 2369 2370 2476
2938 2476 2475 2369
2939 2370 2371 2477
2940 2477 2476 2370
2941 2371 2372 2478
2942 2478 2477 2371
2943 2372 2373 2479
2944 2479 2478 2372
2945 2373 2374 2480
2946 2480 2479 2373
2947 2374 2375 2481
2948 2481 2480 2374
2949 2375 2376 2482
2950 2482 2481 2375
2951 2376 2377 2483
2952 2483 2482 2376
2953 2377 2378 2484
2954 2484 2483 2377
2955 2378 2379 2485
2956 2485 2484 2378
2957 2379 2380 2486
2958 2486 2485 2379
2959 2380 2381 2487
2960 2487 2486 2380
2961 2381 2382 2488
2962 2488 2487 2381
2963 2382 2383 2489
2964 2489 2488 2382
2965 2383 2384 2490
2966 2490 2489 2383
2967 2384 2385 2491
2968 2491 2490 2384
2969 2385 2386 2492
2970 2492 2491 2385
2971 2386 2387 2493
2972 2493 2492 2386
2973 2387 2388 2494
2974 2494 2493 2387
2975 2388 2389 2495
2976 2495 2494 2388
2977 2389 2390 2496
2978 2496 2495 2389
2979 2390 2391 2497
2980 2497 2496 2390
2981 2391 2392 2498
2982 2498 2497 2391
2983 2392 2393 2499
2984 2499 2498 2392
2985 2393 2394 2500
2986 2500 2499 2393
2987 2394 2395 2501
2988 2501 2500 2394
2989 2395 2396 2502
2990 2502 2501 2395
2991 2396 2397 2503
2992 2503 2502 2396
2993 2397 2398 2504
2994 2504 2503 2397
2995 2398 360 361
2996 361 2504 2398
2997 396 2399 2505
2998 2505 395 396
2999 2399 2400 2506
3000 2506 2505 2399
3001 2400 2401 2507
3002 2507 2506 2400
3003 2401 2402 2508
3004 2508 2507 2401
3005 2402 2403 2509
3006 2509 2508 2402
3007 2403 2404 2510
3008 2510 2509 2403
3009 2404 2405 2511
3010 2511 2510 2404
3011 2405 2406 2512
3012 2512 2511 2405
3013 2406 2407 2513
3014 2513 2512 2406
3015 2407 2408 2514
3016 2514 2513 2407
3017 2408 2409 2515
3018 2515 2514 2408
3019 2409 2410 2516
3020 2516 2515 2409
3021 2410 2411 2517
3022 2517 2516 2410
3023 2411 2412 2518
3024 2518 2517 2411
3025 2412 2413 2519
3026 2519 2518 2412
3027 2413 2414 2520
3028 2520 2519 2413
3029 2414 2415 2521
3030 2521 2520 2414
3031 2415 2416 2522
3032 2522 2521 2415
3033 2416 2417 2523
3034 2523 2522 2416
3035 2417 2418 2524
3036 2524 2523 2417
3037 2418 2419 2525
3038 2525 2524 2418
3039 2419 2420 2526
3040 2526 2525 2419
3041 2420 2421 2527
3042 2527 2526 2420
3043 2421 2422 2528
3044 2528 2527 2421
3045 2422 2423 2529
3046 2529 2528 2422
3047 2423 2424 2530
3048 2530 2529 2423
3049 2424 2425 2531
3050 2531 2530 2424
3051 2425 2426 2532
3052 2532 2531 2425
3053 2426 2427 2533
3054 2533 2532 2426
3055 2427 2428 2534
3056 2534 2533 2427
3057 2428 2429 2535
3058 2535 2534 2428
3059 2429 2430 2536
3060 2536 2535 2429
3061 2430 2431 2537
3062 2537 2536 2430
3063 2431 2432 2538
3064 2538 2537 2431
3065 2432 2433 2539
3066 2539 2538 2432
3067 2433 2434 2540
3068 2540 2539 2433
3069 2434 2435 2541
3070 2541 2540 2434
3071 2435 2436 2542
3072 2542 2541 2435
3073 2436 2437 2543
3074 2543 2542 2436
3075 2437 2438 2544
3076 2544 2543 2437
3077 2438 2439 2545
3078 2545 2544 2438
3079 2439 2440 2546
3080 2546 2545 2439
3081 2440 2441 2547
3082 2547 2546 2440
3083 2441 2442 2548
3084 2548 2547 2441
3085 2442 2443 2549
3086 2549 2548 2442
3087 2443 2444 2550
3088 2550 2549 2443
3089 2444 2445 2551
3090 2551 2550 2444
3091 2445 2446 2552
3092 2552 2551 2445
3093 2446 2447 2553
3094 2553 2552 2446
3095 2447 2448 2554
3096 2554 2553 2447
3097 2448 2449 2555
3098 2555 2554 2448
3099 2449 2450 2556
3100 2556 2555 2449
3101 2450 2451 2557
3102 2557 2556 2450
3103 2451 2452 2558
3104 2558 2557 2451
3105 2452 2453 2559
3106 2559 2558 2452
3107 2453 2454 2560
3108 2560 2559 2453
3109 2454 2455 2561
3110 2561 2560 2454
3111 2455 2456 2562
3112 2562 2561 2455
3113 2456 2457 2563
3114 2563 2562 2456
3115 2457 2458 2564
3116 2564 2563 2457
3117 2458 2459 2565
3118 2565 2564 2458
3119 2459 2460 2566
3120 2566 2565 2459
3121 2460 2461 2567
3122 2567 2566 2460
3123 2461 2462 2568
3124 2568 2567 2461
3125 2462 2463 2569
3126 2569 2568 2462
3127 2463 2464 2570
3128 2570 2569 2463
3129 2464 2465 2571
3130 2571 2570 2464
3131 2465 2466 2572
3132 2572 2571 2465
3133 2466 2467 2573
3134 2573 2572 2466
3135 2467 2468 2574
3136 2574 2573 2467
3137 2468 2469 2575
3138 2575 2574 2468
3139 2469 2470 2576
3140 2576 2575 2469
3141 2470 2471 2577
3142 2577 2576 2470
3143 2471 2472 2578
3144 2578 2577 2471
3145 2472 2473 2579
3146 2579 2578 2472
3147 2473 2474 2580
3148 2580 2579 2473
3149 2474 2475 2581
3150 2581 2580 2474
3151 2475 2476 2582
3152 2582 2581 2475
3153 2476 2477 2583
3154 2583 2582 2476
3155 2477 2478 2584
3156 2584 2583 2477
3157 2478 2479 2585
3158 2585 2584 2478
3159 2479 2480 2586
3160 2586 2585 2479
3161 2480 2481 2587
3162 2587 2586 2480
3163 2481 2482 2588
3164 2588 2587 2481
3165 2482 2483 2589
3166 2589 2588 2482
3167 2483 2484 2590
3168 2590 2589 2483
3169 2484 2485 2591
3170 2591 2590 2484
3171 2485 2486 2592
3172 2592 2591 2485
3173 2486 2487 2593
3174 2593 2592 2486
3175 2487 2488 2594
3176 2594 2593 2487
3177 2488 2489 2595
3178 2595 2594 2488
3179 2489 2490 2596
3180 2596 2595 2489
3181 2490 2491 2597
3182 2597 2596 2490
3183 2491 2492 2598
3184 2598 2597 2491
3185 2492 2493 2599
3186 2599 2598 2492
3187 2493 2494 2600
3188 2600 2599 2493
3189 2494 2495 2601
3190 2601 2600 2494
3191 2495 2496 2602
3192 2602 2601 2495
3193 2496 2497 2603
3194 2603 2602 2496
3195 2497 2498 2604
3196 2604 2603 2497
3197 2498 2499 2605
3198 2605 2604 2498
3199 2499 2500 2606
3200 2606 2605 2499
3201 2500 2501 2607
3202 2607 2606 2500
3203 2501 2502 2608
3204 2608 2607 2501
3205 2502 2503 2609
3206 2609 2608 2502
3207 2503 2504 2610
3208 2610 2609 2503
3209 2504 361 362
3210 362 2610 2504
3211 395 2505 2611
3212 2611 394 395
3213 2505 2506 2612
3214 2612 2611 2505
3215 2506 2507 2613
3216 2613 2612 2506
3217 2507 2508 2614
3218 2614 2613 2507
3219 2508 2509 2615
3220 2615 2614 2508
3221 2509 2510 2616
3222 2616 2615 2509
3223 2510 2511 2617
3224 2617 2616 2510
3225 2511 2512 2618
3226 2618 2617 2511
3227 2512 2513 2619
3228 2619 2618 2512
3229 2513 2514 2620
3230 2620 2619 2513
3231 2514 2515 2621
3232 2621 2620 2514
3233 2515 2516 2622
3234 2622 2621 2515
3235 2516 2517 2623
3236 2623 2622 2516
3237 2517 2518 2624
3238 2624 2623 2517
3239 2518 2519 2625
3240 2625 2624 2518
3241 2519 2520 2626
3242 2626 2625 2519
3243 2520 2521 2627
3244 2627 2626 2520
3245 2521 2522 2628
3246 2628 2627 2521
3247 2522 2523 2629
3248 2629 2628 2522
3249 2523 2524 2630
3250 2630 2629 2523
3251 2524 2525 2631
3252 2631 2630 2524
3253 2525 2526 2632
3254 2632 2631 2525
3255 2526 2527 2633
3256 2633 2632 2526
3257 2527 2528 2634
3258 2634 2633 2527
3259 2528 2529 2635
3260 2635 2634 2528
3261 2529 2530 2636
3262 2636 2635 2529
3263 2530 2531 2637
3264 2637 2636 2530
3265 2531 2532 2638
3266 2638 2637 2531
3267 2532 2533 2639
3268 2639 2638 2532
3269 2533 2534 2640
3270 2640 2639 2533
3271 2534 2535 2641
3272 2641 2640 2534
3273 2535 2536 2642
3274 2642 2641 2535
3275 2536 2537 2643
3276 2643 2642 2536
3277 2537 2538 2644
3278 2644 2643 2537
3279 2538 2539 2645
3280 2645 2644 2538
3281 2539 2540 2646
3282 2646 2645 2539
3283 2540 2541 2647
3284 2647 2646 2540
3285 2541 2542 2648
3286 2648 2647 2541
3287 2542 2543 2649
3288 2649 2648 2542
3289 2543 2544 2650
3290 2650 2649 2543
3291 2544 2545 2651
3292 2651 2650 2544
3293 2545 2546 2652
3294 2652 2651 2545
3295 2546 2547 2653
3296 2653 2652 2546
3297 2547 2548 2654
3298 2654 2653 2547
3299 2548 2549 2655
3300 2655 2654 2548
3301 2549 2550 2656
3302 2656 2655 2549
3303 2550 2551 2657
3304 2657 2656 2550
3305 2551 2552 2658
3306 2658 2657 2551
3307 2552 2553 2659
3308 2659 2658 2552
3309 2553 2554 2660
3310 2660 2659 2553
3311 2554 2555 2661
3312 2661 2660 2554
3313 2555 2556 2662
3314 2662 2661 2555
3315 2556 2557 2663
3316 2663 2662 2556
3317 2557 2558 2664
3318 2664 2663 2557
3319 2558 2559 2665
3320 2665 2664 2558
3321 2559 2560 2666
3322 2666 2665 2559
3323 2560 2561 2667
3324 2667 2666 2560
3325 2561 2562 2668
3326 2668 2667 2561
3327 2562 2563 2669
3328 2669 2668 2562
3329 2563 2564 2670
3330 2670 2669 2563
3331 2564 2565 2671
3332 2671 2670 2564
3333 2565 2566 2672
3334 2672 2671 2565
3335 2566 2567 2673
3336 2673 2672 2566
3337 2567 2568 2674
3338 2674 2673 2567
3339 2568 2569 2675
3340 2675 2674 2568
3341 2569 2570 2676
3342 2676 2675 2569
3343 2570 2571 2677
3344 2677 2676 2570
3345 2571 2572 2678
3346 2678 2677 2571
3347 2572 2573 2679
3348 2679 2678 2572
3349 2573 2574 2680
3350 2680 2679 2573
3351 2574 2575 2681
3352 2681 2680 2574
3353 2575 2576 2682
3354 2682 2681 2575
3355 2576 2577 2683
3356 2683 2682 2576
3357 2577 2578 2684
3358 2684 2683 2577
3359 2578 2579 2685
3360 2685 2684 2578
3361 2579 2580 2686
3362 2686 2685 2579
3363 2580 2581 2687
3364 2687 2686 2580
3365 2581 2582 2688
3366 2688 2687 2581
3367 2582 2583 2689
3368 2689 2688 2582
3369 2583 2584 2690
3370 2690 2689 2583
3371 2584 2585 2691
3372 2691 2690 2584
3373 2585 2586 2692
3374 2692 2691 2585
3375 2586 2587 2693
3376 2693 2692 2586
3377 2587 2588 2694
3378 2694 2693 2587
3379 2588 2589 2695
3380 2695 2694 2588
3381 2589 2590 2696
3382 2696 2695 2589
3383 2590 2591 2697
3384 2697 2696 2590
3385 2591 2592 2698
3386 2698 2697 2591
3387 2592 2593 2699
3388 2699 2698 2592
3389 2593 2594 2700
3390 2700 2699 2593
3391 2594 2595 2701
3392 2701 2700 2594
3393 2595 2596 2702
3394 2702 2701 2595
3395 2596 2597 2703
3396 2703 2702 2596
3397 2597 2598 2704
3398 2704 2703 2597
3399 2598 2599 2705
3400 2705 2704 2598
3401 2599 2600 2706
3402 2706 2705 2599
3403 2600 2601 2707
3404 2707 2706 2600
3405 2601 2602 2708
3406 2708 2707 2601
3407 2602 2603 2709
3408 2709 2708 2602
3409 2603 2604 2710
3410 2710 2709 2603
3411 2604 2605 2711
3412 2711 2710 2604
3413 2605 2606 2712
3414 2712 2711 2605
3415 2606 2607 2713
3416 2713 2712 2606
3417 2607 2608 2714
3418 2714 2713 2607
3419 2608 2609 2715
3420 2715 2714 2608
3421 2609 2610 2716
3422 2716 2715 2609
3423 2610 362 363
3424 363 2716 2610
3425 394 2611 2717
3426 2717 393 394
3427 2611 2612 2718
3428 2718 2717 2611
3429 2612 2613 2719
3430 2719 2718 2612
3431 2613 2614 2720
3432 2720 2719 2613
3433 2614 2615 2721
3434 2721 2720 2614
3435 2615 2616 2722
3436 2722 2721 2615
3437 2616 2617 2723
3438 2723 2722 2616
3439 2617 2618 2724
3440 2724 2723 2617
3441 2618 2619 2725
3442 2725 2724 2618
3443 2619 2620 2726
3444 2726 2725 2619
3445 2620 2621 2727
3446 2727 2726 2620
3447 2621 2622 2728
3448 2728 2727 2621
3449 2622 2623 2729
3450 2729 2728 2622
3451 2623 2624 2730
3452 2730 2729 2623
3453 2624 2625 2731
3454 2731 2730 2624
3455 2625 2626 2732
3456 2732 2731 2625
3457 2626 2627 2733
3458 2733 2732 2626
3459 2627 2628 2734
3460 2734 2733 2627
3461 2628 2629 2735
3462 2735 2734 2628
3463 2629 2630 2736
3464 2736 2735 2629
3465 2630 2631 2737
3466 2737 2736 2630
3467 2631 2632 2738
3468 2738 2737 2631
3469 2632 2633 2739
3470 2739 2738 2632
3471 2633 2634 2740
3472 2740 2739 2633
3473 2634 2635 2741
3474 2741 2740 2634
3475 2635 2636 2742
3476 2742 2741 2635
3477 2636 2637 2743
3478 2743 2742 2636
3479 2637 2638 2744
3480 2744 2743 2637
3481 2638 2639 2745
3482 2745 2744 2638
3483 2639 2640 2746
3484 2746 2745 2639
3485 2640 2641 2747
3486 2747 2746 2640
3487 2641 2642 2748
3488 2748 2747 2641
3489 2642 2643 2749
3490 2749 2748 2642
3491 2643 2644 2750
3492 2750 2749 2643
3493 2644 2645 2751
3494 2751 2750 2644
3495 2645 2646 2752
3496 2752 2751 2645
3497 2646 2647 2753
3498 2753 2752 2646
3499 2647 2648 2754
3500 2754 2753 2647
3501 2648 2649 2755
3502 2755 2754 2648
3503 2649 2650 2756
3504 2756 2755 2649
3505 2650 2651 2757
3506 2757 2756 2650
3507 2651 2652 2758
3508 2758 2757 2651
3509 2652 2653 2759
3510 2759 2758 2652
3511 2653 2654 2760
3512 2760 2759 2653
3513 2654 2655 2761
3514 2761 2760 2654
3515 2655 2656 2762
3516 2762 2761 2655
3517 2656 2657 2763
3518 2763 2762 2656
3519 2657 2658 2764
3520 2764 2763 2657
3521 2658 2659 2765
3522 2765 2764 2658
3523 2659 2660 2766
3524 2766 2765 2659
3525 2660 2661 2767
3526 2767 2766 2660
3527 2661 2662 2768
3528 2768 2767 2661
3529 2662 2663 2769
3530 2769 2768 2662
3531 2663 2664 2770
3532 2770 2769 2663
3533 2664 2665 2771
3534 2771 2770 2664
3535 2665 2666 2772
3536 2772 2771 2665
3537 2666 2667 2773
3538 2773 2772 2666
3539 2667 2668 2774
3540 2774 2773 2667
3541 2668 2669 2775
3542 2775 2774 2668
3543 2669 2670 2776
3544 2776 2775 2669
3545 2670 2671 2777
3546 2777 2776 2670
3547 2671 2672 2778
3548 2778 2777 2671
3549 2672 2673 2779
3550 2779 2778 2672
3551 2673 2674 2780
3552 2780 2779 2673
3553 2674 2675 2781
3554 2781 2780 2674
3555 2675 2676 2782
3556 2782 2781 2675
3557 2676 2677 2783
3558 2783 2782 2676
3559 2677 2678 2784
3560 2784 2783 2677
3561 2678 2679 2785
3562 2785 2784 2678
3563 2679 2680 2786
3564 2786 2785 2679
3565 2680 2681 2787
3566 2787 2786 2680
3567 2681 2682 2788
3568 2788 2787 2681
3569 2682 2683 2789
3570 2789 2788 2682
3571 2683 2684 2790
3572 2790 2789 2683
3573 2684 2685 2791
3574 2791 2790 2684
3575 2685 2686 2792
3576 2792 2791 2685
3577 2686 2687 2793
3578 2793 2792 2686
3579 2687 2688 2794
3580 2794 2793 2687
3581 2688 2689 2795
3582 2795 2794 2688
3583 2689 2690 2796
3584 2796 2795 2689
3585 2690 2691 2797
3586 2797 2796 2690
3587 2691 2692 2798
3588 2798 2797 2691
3589 2692 2693 2799
3590 2799 2798 2692
3591 2693 2694 2800
3592 2800 2799 2693
3593 2694 2695 2801
3594 2801 2800 2694
3595 2695 2696 2802
3596 2802 2801 2695
3597 2696 2697 2803
3598 2803 2802 2696
3599 2697 2698 2804
3600 2804 2803 2697
3601 2698 2699 2805
3602 2805 2804 2698
3603 2699 2700 2806
3604 2806 2805 2699
3605 2700 2701 2807
3606 2807 2806 2700
3607 2701 2702 2808
3608 2808 2807 2701
3609 2702 2703 2809
3610 2809 2808 2702
3611 2703 2704 2810
3612 2810 2809 2703
3613 2704 2705 2811
3614 2811 2810 2704
3615 2705 2706 2812
3616 2812 2811 2705
3617 2706 2707 2813
3618 2813 2812 2706
3619 2707 2708 2814
3620 2814 2813 2707
3621 2708 2709 2815
3622 2815 2814 2708
3623 2709 2710 2816
3624 2816 2815 2709
3625 2710 2711 2817
3626 2817 2816 2710
3627 2711 2712 2818
3628 2818 2817 2711
3629 2712 2713 2819
3630 2819 2818 2712
3631 2713 2714 2820
3632 2820 2819 2713
3633 2714 2715 2821
3634 2821 2820 2714
3635 2715 2716 2822
3636 2822 2821 2715
3637 2716 363 364
3638 364 2822 2716
3639 393 2717 2823
3640 2823 392 393
3641 2717 2718 2824
3642 2824 2823 2717
3643 2718 2719 2825
3644 2825 2824 2718
3645 2719 2720 2826
3646 2826 2825 2719
3647 2720 2721 2827
3648 2827 2826 2720
3649 2721 2722 2828
3650 2828 2827 2721
3651 2722 2723 2829
3652 2829 2828 2722
3653 2723 2724 2830
3654 2830 2829 2723
3655 2724 2725 2831
3656 2831 2830 2724
3657 2725 2726 2832
3658 2832 2831 2725
3659 2726 2727 2833
3660 2833 2832 2726
3661 2727 2728 2834
3662 2834 2833 2727
3663 2728 2729 2835
3664 2835 2834 2728
3665 2729 2730 2836
3666 2836 2835 2729
3667 2730 2731 2837
3668 2837 2836 2730
3669 2731 2732 2838
3670 2838 2837 2731
3671 2732 2733 2839
3672 2839 2838 2732
3673 2733 2734 2840
3674 2840 2839 2733
3675 2734 2735 2841
3676 2841 2840 2734
3677 2735 2736 2842
3678 2842 2841 2735
3679 2736 2737 2843
3680 2843 2842 2736
3681 2737 2738 2844
3682 2844 2843 2737
3683 2738 2739 2845
3684 2845 2844 2738
3685 2739 2740 2846
3686 2846 2845 2739
3687 2740 2741 2847
3688 2847 2846 2740
3689 2741 2742 2848
3690 2848 2847 2741
3691 2742 2743 2849
3692 2849 2848 2742
3693 2743 2744 2850
3694 2850 2849 2743
3695 2744 2745 2851
3696 2851 2850 2744
3697 2745 2746 2852
3698 2852 2851 2745
3699 2746 2747 2853
3700 2853 2852 2746
3701 2747 2748 2854
3702 2854 2853 2747
3703 2748 2749 2855
3704 2855 2854 2748
3705 2749 2750 2856
3706 2856 2855 2749
3707 2750 2751 2857
3708 2857 2856 2750
3709 2751 2752 2858
3710 2858 2857 2751
3711 2752 2753 2859
3712 2859 2858 2752
3713 2753 2754 2860
3714 2860 2859 2753
3715 2754 2755 2861
3716 2861 2860 2754
3717 2755 2756 2862
3718 2862 2861 2755
3719 2756 2757 2863
3720 2863 2862 2756
3721 2757 2758 2864
3722 2864 2863 2757
3723 2758 2759 2865
3724 2865 2864 2758
3725 2759 2760 2866
3726 2866 2865 2759
3727 2760 2761 2867
3728 2867 2866 2760
3729 2761 2762 2868
3730 2868 2867 2761
3731 2762 2763 2869
3732 2869 2868 2762
3733 2763 2764 2870
3734 2870 2869 2763
3735 2764 2765 2871
3736 2871 2870 2764
3737 2765 2766 2872
3738 2872 2871 2765
3739 2766 2767 2873
3740 2873 2872 2766
3741 2767 2768 2874
3742 2874 2873 2767
3743 2768 2769 2875
3744 2875 2874 2768
3745 2769 2770 2876
3746 2876 2875 2769
3747 2770 2771 2877
3748 2877 2876 2770
3749 2771 2772 2878
3750 2878 2877 2771
3751 2772 2773 2879
3752 2879 2878 2772
3753 2773 2774 2880
3754 2880 2879 2773
3755 2774 2775 2881
3756 2881 2880 2774
3757 2775 2776 2882
3758 2882 2881 2775
3759 2776 2777 2883
3760 2883 2882 2776
3761 2777 2778 2884
3762 2884 2883 2777
3763 2778 2779 2885
3764 2885 2884 2778
3765 2779 2780 2886
3766 2886 2885 2779
3767 2780 2781 2887
3768 2887 2886 2780
3769 2781 2782 2888
3770 2888 2887 2781
3771 2782 2783 2889
3772 2889 2888 2782
3773 2783 2784 2890
3774 2890 2889 2783
3775 2784 2785 2891
3776 2891 2890 2784
3777 2785 2786 2892
3778 2892 2891 2785
3779 2786 2787 2893
3780 2893 2892 2786
3781 2787 2788 2894
3782 2894 2893 2787
3783 2788 2789 2895
3784 2895 2894 2788
3785 2789 2790 2896
3786 2896 2895 2789
3787 2790 2791 2897
3788 2897 2896 2790
3789 2791 2792 2898
3790 2898 2897 2791
3791 2792 2793 2899
3792 2899 2898 2792
3793 2793 2794 2900
3794 2900 2899 2793
3795 2794 2795 2901
3796 2901 2900 2794
3797 2795 2796 2902
3798 2902 2901 2795
3799 2796 2797 2903
3800 2903 2902 2796
3801 2797 2798 2904
3802 2904 2903 2797
3803 2798 2799 2905
3804 2905 2904 2798
3805 2799 2800 2906
3806 2906 2905 2799
3807 2800 2801 2907
3808 2907 2906 2800
3809 2801 2802 2908
3810 2908 2907 2801
3811 2802 2803 2909
3812 2909 2908 2802
3813 2803 2804 2910
3814 2910 2909 2803
3815 2804 2805 2911
3816 2911 2910 2804
3817 2805 2806 2912
3818 2912 2911 2805
3819 2806 2807 2913
3820 2913 2912 2806
3821 2807 2808 2914
3822 2914 2913 2807
3823 2808 2809 2915
3824 2915 2914 2808
3825 2809 2810 2916
3826 2916 2915 2809
3827 2810 2811 2917
3828 2917 2916 2810
3829 2811 2812 2918
3830 2918 2917 2811
3831 2812 2813 2919
3832 2919 2918 2812
3833 2813 2814 2920
3834 2920 2919 2813
3835 2814 2815 2921
3836 2921 2920 2814
3837 2815 2816 2922
3838 2922 2921 2815
3839 2816 2817 2923
3840 2923 2922 2816
3841 2817 2818 2924
3842 2924 2923 2817
3843 2818 2819 2925
3844 2925 2924 2818
3845 2819 2820 2926
3846 2926 2925 2819
3847 2820 2821 2927
3848 2927 2926 2820
3849 2821 2822 2928
3850 2928 2927 2821
3851 2822 364 365
3852 365 2928 2822
3853 392 2823 2929
3854 2929 391 392
3855 2823 2824 2930
3856 2930 2929 2823
3857 2824 2825 2931
3858 2931 2930 2824
3859 2825 2826 2932
3860 2932 2931 2825
3861 2826 2827 2933
3862 2933 2932 2826
3863 2827 2828 2934
3864 2934 2933 2827
3865 2828 2829 2935
3866 2935 2934 2828
3867 2829 2830 2936
3868 2936 2935 2829
3869 2830 2831 2937
3870 2937 2936 2830
3871 2831 2832 2938
3872 2938 2937 2831
3873 2832 2833 2939
3874 2939 2938 2832
3875 2833 2834 2940
3876 2940 2939 2833
3877 2834 2835 2941
3878 2941 2940 2834
3879 2835 2836 2942
3880 2942 2941 2835
3881 2836 2837 2943
3882 2943 2942 2836
3883 2837 2838 2944
3884 2944 2943 2837
3885 2838 2839 2945
3886 2945 2944 2838
3887 2839 2840 2946
3888 2946 2945 2839
3889 2840 2841 2947
3890 2947 2946 2840
3891 2841 2842 2948
3892 2948 2947 2841
3893 2842 2843 2949
3894 2949 2948 2842
3895 2843 2844 2950
3896 2950 2949 2843
3897 2844 2845 2951
3898 2951 2950 2844
3899 2845 2846 2952
3900 2952 2951 2845
3901 2846 2847 2953
3902 2953 2952 2846
3903 2847 2848 2954
3904 2954 2953 2847
3905 2848 2849 2955
3906 2955 2954 2848
3907 2849 2850 2956
3908 2956 2955 2849
3909 2850 2851 2957
3910 2957 2956 2850
3911 2851 2852 2958
3912 2958 2957 2851
3913 2852 2853 2959
3914 2959 2958 2852
3915 2853 2854 2960
3916 2960 2959 2853
3917 2854 2855 2961
3918 2961 2960 2854
3919 2855 2856 2962
3920 2962 2961 2855
3921 2856 2857 2963
3922 2963 2962 2856
3923 2857 2858 2964
3924 2964 2963 2857
3925 2858 2859 2965
3926 2965 2964 2858
3927 2859 2860 2966
3928 2966 2965 2859
3929 2860 2861 2967
3930 2967 2966 2860
3931 2861 2862 2968
3932 2968 2967 2861
3933 2862 2863 2969
3934 2969 2968 2862
3935 2863 2864 2970
3936 2970 2969 2863
3937 2864 2865 2971
3938 2971 2970 2864
3939 2865 2866 2972
3940 2972 2971 2865
3941 2866 2867 2973
3942 2973 2972 2866
3943 2867 2868 2974
3944 2974 2973 2867
3945 2868 2869 2975
3946 2975 2974 2868
3947 2869 2870 2976
3948 2976 2975 2869
3949 2870 2871 2977
3950 2977 2976 2870
3951 2871 2872 2978
3952 2978 2977 2871
3953 2872 2873 2979
3954 2979 2978 2872
3955 2873 2874 2980
3956 2980 2979 2873
3957 2874 2875 2981
3958 2981 2980 2874
3959 2875 2876 2982
3960 2982 2981 2875
3961 2876 2877 2983
3962 2983 2982 2876
3963 2877 2878 2984
3964 2984 2983 2877
3965 2878 2879 2985
3966 2985 2984 2878
3967 2879 2880 2986
3968 2986 2985 2879
3969 2880 2881 2987
3970 2987 2986 2880
3971 2881 2882 2988
3972 2988 2987 2881
3973 2882 2883 2989
3974 2989 2988 2882
3975 2883 2884 2990
3976 2990 2989 2883
3977 2884 2885 2991
3978 2991 2990 2884
3979 2885 2886 2992
3980 2992 2991 2885
3981 2886 2887 2993
3982 2993 2992 2886
3983 2887 2888 2994
3984 2994 2993 2887
3985 2888 2889 2995
3986 2995 2994 2888
3987 2889 2890 2996
3988 2996 2995 2889
3989 2890 2891 2997
3990 2997 2996 2890
3991 2891 2892 2998
3992 2998 2997 2891
3993 2892 2893 2999
3994 2999 2998 2892
3995 2893 2894 3000
3996 3000 2999 2893
3997 2894 2895 3001
3998 3001 3000 2894
3999 2895 2896 3002
4000 3002 3001 2895
4001 2896 2897 3003
4002 3003 3002 2896
4003 2897 2898 3004
4004 3004 3003 2897
4005 2898 2899 3005
4006 3005 3004 2898
4007 2899 2900 3006
4008 3006 3005 2899
4009 2900 2901 3007
4010 3007 3006 2900
4011 2901 2902 3008
4012 3008 3007 2901
4013 2902 2903 3009
4014 3009 3008 2902
4015 2903 2904 3010
4016 3010 3009 2903
4017 2904 2905 3011
4018 3011 3010 2904
4019 2905 2906 3012
4020 3012 3011 2905
4021 2906 2907 3013
4022 3013 3012 2906
4023 2907 2908 3014
4024 3014 3013 2907
4025 2908 2909 3015
4026 3015 3014 2908
4027 2909 2910 3016
4028 3016 3015 2909
4029 2910 2911 3017
4030 3017 3016 2910
4031 2911 2912 3018
4032 3018 3017 2911
4033 2912 2913 3019
4034 3019 3018 2912
4035 2913 2914 3020
4036 3020 3019 2913
4037 2914 2915 3021
4038 3021 3020 2914
4039 2915 2916 3022
4040 3022 3021 2915
4041 2916 2917 3023
4042 3023 3022 2916
4043 2917 2918 3024
4044 3024 3023 2917
4045 2918 2919 3025
4046 3025 3024 2918
4047 2919 2920 3026
4048 3026 3025 2919
4049 2920 2921 3027
4050 3027 3026 2920
4051 2921 2922 3028
4052 3028 3027 2921
4053 2922 2923 3029
4054 3029 3028 2922
4055 2923 2924 3030
4056 3030 3029 2923
4057 2924 2925 3031
4058 3031 3030 2924
4059 2925 2926 3032
4060 3032 3031 2925
4061 2926 2927 3033
4062 3033 3032 2926
4063 2927 2928 3034
4064 3034 3033 2927
4065 2928 365 366
4066 366 3034 2928
4067 391 2929 3035
4068 3035 390 391
4069 2929 2930 3036
4070 3036 3035 2929
4071 2930 2931 3037
4072 3037 3036 2930
4073 2931 2932 3038
4074 3038 3037 2931
4075 2932 2933 3039
4076 3039 3038 2932
4077 2933 2934 3040
4078 3040 3039 2933
4079 2934 2935 3041
4080 3041 3040 2934
4081 2935 2936 3042
4082 3042 3041 2935
4083 2936 2937 3043
4084 3043 3042 2936
4085 2937 2938 3044
4086 3044 3043 2937
4087 2938 2939 3045
4088 3045 3044 2938
4089 2939 2940 3046
4090 3046 3045 2939
4091 2940 2941 3047
4092 3047 3046 2940
4093 2941 2942 3048
4094 3048 3047 2941
4095 2942 2943 3049
4096 3049 3048 2942
4097 2943 2944 3050
4098 3050 3049 2943
4099 2944 2945 3051
4100 3051 3050 2944
4101 2945 2946 3052
4102 3052 3051 2945
4103 2946 2947 3053
4104 3053 3052 2946
4105 2947 2948 3054
4106 3054 3053 2947
4107 2948 2949 3055
4108 3055 3054 2948
4109 2949 2950 3056
4110 3056 3055 2949
4111 2950 2951 3057
4112 3057 3056 2950
4113 2951 2952 3058
4114 3058 3057 2951
4115 2952 2953 3059
4116 3059 3058 2952
4117 2953 2954 3060
4118 3060 3059 2953
4119 2954 2955 3061
4120 3061 3060 2954
4121 2955 2956 3062
4122 3062 3061 2955
4123 2956 2957 3063
4124 3063 3062 2956
4125 2957 2958 3064
4126 3064 3063 2957
4127 2958 2959 3065
4128 3065 3064 2958
4129 2959 2960 3066
4130 3066 3065 2959
4131 2960 2961 3067
4132 3067 3066 2960
4133 2961 2962 3068
4134 3068 3067 2961
4135 2962 2963 3069
4136 3069 3068 2962
4137 2963 2964 3070
4138 3070 3069 2963
4139 2964 2965 3071
4140 3071 3070 2964
4141 2965 2966 3072
4142 3072 3071 2965
4143 2966 2967 3073
4144 3073 3072 2966
4145 2967 2968 3074
4146 3074 3073 2967
4147 2968 2969 3075
4148 3075 3074 2968
4149 2969 2970 3076
4150 3076 3075 2969
4151 2970 2971 3077
4152 3077 3076 2970
4153 2971 2972 3078
4154 3078 3077 2971
4155 2972 2973 3079
4156 3079 3078 2972
4157 2973 2974 3080
4158 3080 3079 2973
4159 2974 2975 3081
4160 3081 3080 2974
4161 2975 2976 3082
4162 3082 3081 2975
4163 2976 2977 3083
4164 3083 3082 2976
4165 2977 2978 3084
4166 3084 3083 2977
4167 2978 2979 3085
4168 3085 3084 2978
4169 2979 2980 3086
4170 3086 3085 2979
4171 2980 2981 3087
4172 3087 3086 2980
4173 2981 2982 3088
4174 3088 3087 2981
4175 2982 2983 3089
4176 3089 3088 2982
4177 2983 2984 3090
4178 3090 3089 2983
4179 2984 2985 3091
4180 3091 3090 2984
4181 2985 2986 3092
4182 3092 3091 2985
4183 2986 2987 3093
4184 3093 3092 2986
4185 2987 2988 3094
4186 3094 3093 2987
4187 2988 2989 3095
4188 3095 3094 2988
4189 2989 2990 3096
4190 3096 3095 2989
4191 2990 2991 3097
4192 3097 3096 2990
4193 2991 2992 3098
4194 3098 3097 2991
4195 2992 2993 3099
4196 3099 3098 2992
4197 2993 2994 3100
4198 3100 3099 2993
4199 2994 2995 3101
4200 3101 3100 2994
4201 2995 2996 3102
4202 3102 3101 2995
4203 2996 2997 3103
4204 3103 3102 2996
4205 2997 2998 3104
4206 3104 3103 2997
4207 2998 2999 3105
4208 3105 3104 2998
4209 2999 3000 3106
4210 3106 3105 2999
4211 3000 3001 3107
4212 3107 3106 3000
4213 3001 3002 3108
4214 3108 3107 3001
4215 3002 3003 3109
4216 3109 3108 3002
4217 3003 3004 3110
4218 3110 3109 3003
4219 3004 3005 3111
4220 3111 3110 3004
4221 3005 3006 3112
4222 3112 3111 3005
4223 3006 3007 3113
4224 3113 3112 3006
4225 3007 3008 3114
4226 3114 3113 3007
4227 3008 3009 3115
4228 3115 3114 3008
4229 3009 3010 3116
4230 3116 3115 3009
4231 3010 3011 3117
4232 3117 3116 3010
4233 3011 3012 3118
4234 3118 3117 3011
4235 3012 3013 3119
4236 3119 3118 3012
4237 3013 3014 3120
4238 3120 3119 3013
4239 3014 3015 3121
4240 3121 3120 3014
4241 3015 3016 3122
4242 3122 3121 3015
4243 3016 3017 3123
4244 3123 3122 3016
4245 3017 3018 3124
4246 3124 3123 3017
4247 3018 3019 3125
4248 3125 3124 3018
4249 3019 3020 3126
4250 3126 3125 3019
4251 3020 3021 3127
4252 3127 3126 3020
4253 3021 3022 3128
4254 3128 3127 3021
4255 3022 3023 3129
4256 3129 3128 3022
4257 3023 3024 3130
4258 3130 3129 3023
4259 3024 3025 3131
4260 3131 3130 3024
4261 3025 3026 3132
4262 3132 3131 3025
4263 3026 3027 3133
4264 3133 3132 3026
4265 3027 3028 3134
4266 3134 3133 3027
4267 3028 3029 3135
4268 3135 3134 3028
4269 3029 3030 3136
4270 3136 3135 3029
4271 3030 3031 3137
4272 3137 3136 3030
4273 3031 3032 3138
4274 3138 3137 3031
4275 3032 3033 3139
4276 3139 3138 3032
4277 3033 3034 3140
4278 3140 3139 3033
4279 3034 366 367
4280 367 3140 3034
4281 390 3035 3141
4282 3141 389 390
4283 3035 3036 3142
4284 3142 3141 3035
4285 3036 3037 3143
4286 3143 3142 3036
4287 3037 3038 3144
4288 3144 3143 3037
4289 3038 3039 3145
4290 3145 3144 3038
4291 3039 3040 3146
4292 3146 3145 3039
4293 3040 3041 3147
4294 3147 3146 3040
4295 3041 3042 3148
4296 3148 3147 3041
4297 3042 3043 3149
4298 3149 3148 3042
4299 3043 3044 3150
4300 3150 3149 3043
4301 3044 3045 3151
4302 3151 3150 3044
4303 3045 3046 3152
4304 3152 3151 3045
4305 3046 3047 3153
4306 3153 3152 3046
4307 3047 3048 3154
4308 3154 3153 3047
4309 3048 3049 3155
4310 3155 3154 3048
4311 3049 3050 3156
4312 3156 3155 3049
4313 3050 3051 3157
4314 3157 3156 3050
4315 3051 3052 3158
4316 3158 3157 3051
4317 3052 3053 3159
4318 3159 3158 3052
4319 3053 3054 3160
4320 3160 3159 3053
4321 3054 3055 3161
4322 3161 3160 3054
4323 3055 3056 3162
4324 3162 3161 3055
4325 3056 3057 3163
4326 3163 3162 3056
4327 3057 3058 3164
4328 3164 3163 3057
4329 3058 3059 3165
4330 3165 3164 3058
4331 3059 3060 3166
4332 3166 3165 3059
4333 3060 3061 3167
4334 3167 3166 3060
4335 3061 3062 3168
4336 3168 3167 3061
4337 3062 3063 3169
4338 3169 3168 3062
4339 3063 3064 3170
4340 3170 3169 3063
4341 3064 3065 3171
4342 3171 3170 3064
4343 3065 3066 3172
4344 3172 3171 3065
4345 3066 3067 3173
4346 3173 3172 3066
4347 3067 3068 3174
4348 3174 3173 3067
4349 3068 3069 3175
4350 3175 3174 3068
4351 3069 3070 3176
4352 3176 3175 3069
4353 3070 3071 3177
4354 3177 3176 3070
4355 3071 3072 3178
4356 3178 3177 3071
4357 3072 3073 3179
4358 3179 3178 3072
4359 3073 3074 3180
4360 3180 3179 3073
4361 3074 3075 3181
4362 3181 3180 3074
4363 3075 3076 3182
4364 3182 3181 3075
4365 3076 3077 3183
4366 3183 3182 3076
4367 3077 3078 3184
4368 3184 3183 3077
4369 3078 3079 3185
4370 3185 3184 3078
4371 3079 3080 3186
4372 3186 3185 3079
4373 3080 3081 3187
4374 3187 3186 3080
4375 3081 3082 3188
4376 3188 3187 3081
4377 3082 3083 3189
4378 3189 3188 3082
4379 3083 3084 3190
4380 3190 3189 3083
4381 3084 3085 3191
4382 3191 3190 3084
4383 3085 3086 3192
4384 3192 3191 3085
4385 3086 3087 3193
4386 3193 3192 3086
4387 3087 3088 3194
4388 3194 3193 3087
4389 3088 3089 3195
4390 3195 3194 3088
4391 3089 3090 3196
4392 3196 3195 3089
4393 3090 3091 3197
4394 3197 3196 3090
4395 3091 3092 3198
4396 3198 3197 3091
4397 3092 3093 3199
4398 3199 3198 3092
4399 3093 3094 3200
4400 3200 3199 3093
4401 3094 3095 3201
4402 3201 3200 3094
4403 3095 3096 3202
4404 3202 3201 3095
4405 3096 3097 3203
4406 3203 3202 3096
4407 3097 3098 3204
4408 3204 3203 3097
4409 3098 3099 3205
4410 3205 3204 3098
4411 3099 3100 3206
4412 3206 3205 3099
4413 3100 3101 3207
4414 3207 3206 3100
4415 3101 3102 3208
4416 3208 3207 3101
4417 3102 3103 3209
4418 3209 3208 3102
4419 3103 3104 3210
4420 3210 3209 3103
4421 3104 3105 3211
4422 3211 3210 3104
4423 3105 3106 3212
4424 3212 3211 3105
4425 3106 3107 3213
4426 3213 3212 3106
4427 3107 3108 3214
4428 3214 3213 3107
4429 3108 3109 3215
4430 3215 3214 3108
4431 3109 3110 3216
4432 3216 3215 3109
4433 3110 3111 3217
4434 3217 3216 3110
4435 3111 3112 3218
4436 3218 3217 3111
4437 3112 3113 3219
4438 3219 3218 3112
4439 3113 3114 3220
4440 3220 3219 3113
4441 3114 3115 3221
4442 3221 3220 3114
4443 3115 3116 3222
4444 3222 3221 3115
4445 3116 3117 3223
4446 3223 3222 3116
4447 3117 3118 3224
4448 3224 3223 3117
4449 3118 3119 3225
4450 3225 3224 3118
4451 3119 3120 3226
4452 3226 3225 3119
4453 3120 3121 3227
4454 3227 3226 3120
4455 3121 3122 3228
4456 3228 3227 3121
4457 3122 3123 3229
4458 3229 3228 3122
4459 3123 3124 3230
4460 3230 3229 3123
4461 3124 3125 3231
4462 3231 3230 3124
4463 3125 3126 3232
4464 3232 3231 3125
4465 3126 3127 3233
4466 3233 3232 3126
4467 3127 3128 3234
4468 3234 3233 3127
4469 3128 3129 3235
4470 3235 3234 3128
4471 3129 3130 3236
4472 3236 3235 3129
4473 3130 3131 3237
4474 3237 3236 3130
4475 3131 3132 3238
4476 3238 3237 3131
4477 3132 3133 3239
4478 3239 3238 3132
4479 3133 3134 3240
4480 3240 3239 3133
4481 3134 3135 3241
4482 3241 3240 3134
4483 3135 3136 3242
4484 3242 3241 3135
4485 3136 3137 3243
4486 3243 3242 3136
4487 3137 3138 3244
4488 3244 3243 3137
4489 3138 3139 3245
4490 3245 3244 3138
4491 3139 3140 3246
4492 3246 3245 3139
4493 3140 367 368
4494 368 3246 3140
4495 389 3141 3247
4496 3247 388 389
4497 3141 3142 3248
4498 3248 3247 3141
4499 3142 3143 3249
4500 3249 3248 3142
4501 3143 3144 3250
4502 3250 3249 3143
4503 3144 3145 3251
4504 3251 3250 3144
4505 3145 3146 3252
4506 3252 3251 3145
4507 3146 3147 3253
4508 3253 3252 3146
4509 3147 3148 3254
4510 3254 3253 3147
4511 3148 3149 3255
4512 3255 3254 3148
4513 3149 3150 3256
4514 3256 3255 3149
4515 3150 3151 3257
4516 3257 3256 3150
4517 3151 3152 3258
4518 3258 3257 3151
4519 3152 3153 3259
4520 3259 3258 3152
4521 3153 3154 3260
4522 3260 3259 3153
4523 3154 3155 3261
4524 3261 3260 3154
4525 3155 3156 3262
4526 3262 3261 3155
4527 3156 3157 3263
4528 3263 3262 3156
4529 3157 3158 3264
4530 3264 3263 3157
4531 3158 3159 3265
4532 3265 3264 3158
4533 3159 3160 3266
4534 3266 3265 3159
4535 3160 3161 3267
4536 3267 3266 3160
4537 3161 3162 3268
4538 3268 3267 3161
4539 3162 3163 3269
4540 3269 3268 3162
4541 3163 3164 3270
4542 3270 3269 3163
4543 3164 3165 3271
4544 3271 3270 3164
4545 3165 3166 3272
4546 3272 3271 3165
4547 3166 3167 3273
4548 3273 3272 3166
4549 3167 3168 3274
4550 3274 3273 3167
4551 3168 3169 3275
4552 3275 3274 3168
4553 3169 3170 3276
4554 3276 3275 3169
4555 3170 3171 3277
4556 3277 3276 3170
4557 3171 3172 3278
4558 3278 3277 3171
4559 3172 3173 3279
4560 3279 3278 3172
4561 3173 3174 3280
4562 3280 3279 3173
4563 3174 3175 3281
4564 3281 3280 3174
4565 3175 3176 3282
4566 3282 3281 3175
4567 3176 3177 3283
4568 3283 3282 3176
4569 3177 3178 3284
4570 3284 3283 3177
4571 3178 3179 3285
4572 3285 3284 3178
4573 3179 3180 3286
4574 3286 3285 3179
4575 3180 3181 3287
4576 3287 3286 3180
4577 3181 3182 3288
4578 3288 3287 3181
4579 3182 3183 3289
4580 3289 3288 3182
4581 3183 3184 3290
4582 3290 3289 3183
4583 3184 3185 3291
4584 3291 3290 3184
4585 3185 3186 3292
4586 3292 3291 3185
4587 3186 3187 3293
4588 3293 3292 3186
4589 3187 3188 3294
4590 3294 3293 3187
4591 3188 3189 3295
4592 3295 3294 3188
4593 3189 3190 3296
4594 3296 3295 3189
4595 3190 3191 3297
4596 3297 3296 3190
4597 3191 3192 3298
4598 3298 3297 3191
4599 3192 3193 3299
4600 3299 3298 3192
4601 3193 3194 3300
4602 3300 3299 3193
4603 3194 3195 3301
4604 3301 3300 3194
4605 3195 3196 3302
4606 3302 3301 3195
4607 3196 3197 3303
4608 3303 3302 3196
4609 3197 3198 3304
4610 3304 3303 3197
4611 3198 3199 3305
4612 3305 3304 3198
4613 3199 3200 3306
4614 3306 3305 3199
4615 3200 3201 3307
4616 3307 3306 3200
4617 3201 3202 3308
4618 3308 3307 3201
4619 3202 3203 3309
4620 3309 3308 3202
4621 3203 3204 3310
4622 3310 3309 3203
4623 3204 3205 3311
4624 3311 3310 3204
4625 3205 3206 3312
4626 3312 3311 3205
4627 3206 3207 3313
4628 3313 3312 3206
4629 3207 3208 3314
4630 3314 3313 3207
4631 3208 3209 3315
4632 3315 3314 3208
4633 3209 3210 3316
4634 3316 3315 3209
4635 3210 3211 3317
4636 3317 3316 3210
4637 3211 3212 3318
4638 3318 3317 3211
4639 3212 3213 3319
4640 3319 3318 3212
4641 3213 3214 3320
4642 3320 3319 3213
4643 3214 3215 3321
4644 3321 3320 3214
4645 3215 3216 3322
4646 3322 3321 3215
4647 3216 3217 3323
4648 3323 3322 3216
4649 3217 3218 3324
4650 3324 3323 3217
4651 3218 3219 3325
4652 3325 3324 3218
4653 3219 3220 3326
4654 3326 3325 3219
4655 3220 3221 3327
4656 3327 3326 3220
4657 3221 3222 3328
4658 3328 3327 3221
4659 3222 3223 3329
4660 3329 3328 3222
4661 3223 3224 3330
4662 3330 3329 3223
4663 3224 3225 3331
4664 3331 3330 3224
4665 3225 3226 3332
4666 3332 3331 3225
4667 3226 3227 3333
4668 3333 3332 3226
4669 3227 3228 3334
4670 3334 3333 3227
4671 3228 3229 3335
4672 3335 3334 3228
4673 3229 3230 3336
4674 3336 3335 3229
4675 3230 3231 3337
4676 3337 3336 3230
4677 3231 3232 3338
4678 3338 3337 3231
4679 3232 3233 3339
4680 3339 3338 3232
4681 3233 3234 3340
4682 3340 3339 3233
4683 3234 3235 3341
4684 3341 3340 3234
4685 3235 3236 3342
4686 3342 3341 3235
4687 3236 3237 3343
4688 3343 3342 3236
4689 3237 3238 3344
4690 3344 3343 3237
4691 3238 3239 3345
4692 3345 3344 3238
4693 3239 3240 3346
4694 3346 3345 3239
4695 3240 3241 3347
4696 3347 3346 3240
4697 3241 3242 3348
4698 3348 3347 3241
4699 3242 3243 3349
4700 3349 3348 3242
4701 3243 3244 3350
4702 3350 3349 3243
4703 3244 3245 3351
4704 3351 3350 3244
4705 3245 3246 3352
4706 3352 3351 3245
4707 3246 368 369
4708 369 3352 3246
4709 388 3247 3353
4710 3353 387 388
4711 3247 3248 3354
4712 3354 3353 3247
4713 3248 3249 3355
4714 3355 3354 3248
4715 3249 3250 3356
4716 3356 3355 3249
4717 3250 3251 3357
4718 3357 3356 3250
4719 3251 3252 3358
4720 3358 3357 3251
4721 3252 3253 3359
4722 3359 3358 3252
4723 3253 3254 3360
4724 3360 3359 3253
4725 3254 3255 3361
4726 3361 3360 3254
4727 3255 3256 3362
4728 3362 3361 3255
4729 3256 3257 3363
4730 3363 3362 3256
4731 3257 3258 3364
4732 3364 3363 3257
4733 3258 3259 3365
4734 3365 3364 3258
4735 3259 3260 3366
4736 3366 3365 3259
4737 3260 3261 3367
4738 3367 3366 3260
4739 3261 3262 3368
4740 3368 3367 3261
4741 3262 3263 3369
4742 3369 3368 3262
4743 3263 3264 3370
4744 3370 3369 3263
4745 3264 3265 3371
4746 3371 3370 3264
4747 3265 3266 3372
4748 3372 3371 3265
4749 3266 3267 3373
4750 3373 3372 3266
4751 3267 3268 3374
4752 3374 3373 3267
4753 3268 3269 3375
4754 3375 3374 3268
4755 3269 3270 3376
4756 3376 3375 3269
4757 3270 3271 3377
4758 3377 3376 3270
4759 3271 3272 3378
4760 3378 3377 3271
4761 3272 3273 3379
4762 3379 3378 3272
4763 3273 3274 3380
4764 3380 3379 3273
4765 3274 3275 3381
4766 3381 3380 3274
4767 3275 3276 3382
4768 3382 3381 3275
4769 3276 3277 3383
4770 3383 3382 3276
4771 3277 3278 3384
4772 3384 3383 3277
4773 3278 3279 3385
4774 3385 3384 3278
4775 3279 3280 3386
4776 3386 3385 3279
4777 3280 3281 3387
4778 3387 3386 3280
4779 3281 3282 3388
4780 3388 3387 3281
4781 3282 3283 3389
4782 3389 3388 3282
4783 3283 3284 3390
4784 3390 3389 3283
4785 3284 3285 3391
4786 3391 3390 3284
4787 3285 3286 3392
4788 3392 3391 3285
4789 3286 3287 3393
4790 3393 3392 3286
4791 3287 3288 3394
4792 3394 3393 3287
4793 3288 3289 3395
4794 3395 3394 3288
4795 3289 3290 3396
4796 3396 3395 3289
4797 3290 3291 3397
4798 3397 3396 3290
4799 3291 3292 3398
4800 3398 3397 3291
4801 3292 3293 3399
4802 3399 3398 3292
4803 3293 3294 3400
4804 3400 3399 3293
4805 3294 3295 3401
4806 3401 3400 3294
4807 3295 3296 3402
4808 3402 3401 3295
4809 3296 3297 3403
4810 3403 3402 3296
4811 3297 3298 3404
4812 3404 3403 3297
4813 3298 3299 3405
4814 3405 3404 3298
4815 3299 3300 3406
4816 3406 3405 3299
4817 3300 3301 3407
4818 3407 3406 3300
4819 3301 3302 3408
4820 3408 3407 3301
4821 3302 3303 3409
4822 3409 3408 3302
4823 3303 3304 3410
4824 3410 3409 3303
4825 3304 3305 3411
4826 3411 3410 3304
4827 3305 3306 3412
4828 3412 3411 3305
4829 3306 3307 3413
4830 3413 3412 3306
4831 3307 3308 3414
4832 3414 3413 3307
4833 3308 3309 3415
4834 3415 3414 3308
4835 3309 3310 3416
4836 3416 3415 3309
4837 3310 3311 3417
4838 3417 3416 3310
4839 3311 3312 3418
4840 3418 3417 3311
4841 3312 3313 3419
4842 3419 3418 3312
4843 3313 3314 3420
4844 3420 3419 3313
4845 3314 3315 3421
4846 3421 3420 3314
4847 3315 3316 3422
4848 3422 3421 3315
4849 3316 3317 3423
4850 3423 3422 3316
4851 3317 3318 3424
4852 3424 3423 3317
4853 3318 3319 3425
4854 3425 3424 3318
4855 3319 3320 3426
4856 3426 3425 3319
4857 3320 3321 3427
4858 3427 3426 3320
4859 3321 3322 3428
4860 3428 3427 3321
4861 3322 3323 3429
4862 3429 3428 3322
4863 3323 3324 3430
4864 3430 3429 3323
4865 3324 3325 3431
4866 3431 3430 3324
4867 3325 3326 3432
4868 3432 3431 3325
4869 3326 3327 3433
4870 3433 3432 3326
4871 3327 3328 3434
4872 3434 3433 3327
4873 3328 3329 3435
4874 3435 3434 3328
4875 3329 3330 3436
4876 3436 3435 3329
4877 3330 3331 3437
4878 3437 3436 3330
4879 3331 3332 3438
4880 3438 3437 3331
4881 3332 3333 3439
4882 3439 3438 3332
4883 3333 3334 3440
4884 3440 3439 3333
4885 3334 3335 3441
4886 3441 3440 3334
4887 3335 3336 3442
4888 3442 3441 3335
4889 3336 3337 3443
4890 3443 3442 3336
4891 3337 3338 3444
4892 3444 3443 3337
4893 3338 3339 3445
4894 3445 3444 3338
4895 3339 3340 3446
4896 3446 3445 3339
4897 3340 3341 3447
4898 3447 3446 3340
4899 3341 3342 3448
4900 3448 3447 3341
4901 3342 3343 3449
4902 3449 3448 3342
4903 3343 3344 3450
4904 3450 3449 3343
4905 3344 3345 3451
4906 3451 3450 3344
4907 3345 3346 3452
4908 3452 3451 3345
4909 3346 3347 3453
4910 3453 3452 3346
4911 3347 3348 3454
4912 3454 3453 3347
4913 3348 3349 3455
4914 3455 3454 3348
4915 3349 3350 3456
4916 3456 3455 3349
4917 3350 3351 3457
4918 3457 3456 3350
4919 3351 3352 3458
4920 3458 3457 3351
4921 3352 369 370
4922 370 3458 3352
4923 387 3353 3459
4924 3459 386 387
4925 3353 3354 3460
4926 3460 3459 3353
4927 3354 3355 3461
4928 3461 3460 3354
4929 3355 3356 3462
4930 3462 3461 3355
4931 3356 3357 3463
4932 3463 3462 3356
4933 3357 3358 3464
4934 3464 3463 3357
4935 3358 3359 3465
4936 3465 3464 3358
4937 3359 3360 3466
4938 3466 3465 3359
4939 3360 3361 3467
4940 3467 3466 3360
4941 3361 3362 3468
4942 3468 3467 3361
4943 3362 3363 3469
4944 3469 3468 3362
4945 3363 3364 3470
4946 3470 3469 3363
4947 3364 3365 3471
4948 3471 3470 3364
4949 3365 3366 3472
4950 3472 3471 3365
4951 3366 3367 3473
4952 3473 3472 3366
4953 3367 3368 3474
4954 3474 3473 3367
4955 3368 3369 3475
4956 3475 3474 3368
4957 3369 3370 3476
4958 3476 3475 3369
4959 3370 3371 3477
4960 3477 3476 3370
4961 3371 3372 3478
4962 3478 3477 3371
4963 3372 3373 3479
4964 3479 3478 3372
4965 3373 3374 3480
4966 3480 3479 3373
4967 3374 3375 3481
4968 3481 3480 3374
4969 3375 3376 3482
4970 3482 3481 3375
4971 3376 3377 3483
4972 3483 3482 3376
4973 3377 3378 3484
4974 3484 3483 3377
4975 3378 3379 3485
4976 3485 3484 3378
4977 3379 3380 3486
4978 3486 3485 3379
4979 3380 3381 3487
4980 3487 3486 3380
4981 3381 3382 3488
4982 3488 3487 3381
4983 3382 3383 3489
4984 3489 3488 3382
4985 3383 3384 3490
4986 3490 3489 3383
4987 3384 3385 3491
4988 3491 3490 3384
4989 3385 3386 3492
4990 3492 3491 3385
4991 3386 3387 3493
4992 3493 3492 3386
4993 3387 3388 3494
4994 3494 3493 3387
4995 3388 3389 3495
4996 3495 3494 3388
4997 3389 3390 3496
4998 3496 3495 3389
4999 3390 3391 3497
5000 3497 3496 3390
5001 3391 3392 3498
5002 3498 3497 3391
5003 3392 3393 3499
5004 3499 3498 3392
5005 3393 3394 3500
5006 3500 3499 3393
5007 3394 3395 3501
5008 3501 3500 3394
5009 3395 3396 3502
5010 3502 3501 3395
5011 3396 3397 3503
5012 3503 3502 3396
5013 3397 3398 3504
5014 3504 3503 3397
5015 3398 3399 3505
5016 3505 3504 3398
5017 3399 3400 3506
5018 3506 3505 3399
5019 3400 3401 3507
5020 3507 3506 3400
5021 3401 3402 3508
5022 3508 3507 3401
5023 3402 3403 3509
5024 3509 3508 3402
5025 3403 3404 3510
5026 3510 3509 3403
5027 3404 3405 3511
5028 3511 3510 3404
5029 3405 3406 3512
5030 3512 3511 3405
5031 3406 3407 3513
5032 3513 3512 3406
5033 3407 3408 3514
5034 3514 3513 3407
5035 3408 3409 3515
5036 3515 3514 3408
5037 3409 3410 3516
5038 3516 3515 3409
5039 3410 3411 3517
5040 3517 3516 3410
5041 3411 3412 3518
5042 3518 3517 3411
5043 3412 3413 3519
5044 3519 3518 3412
5045 3413 3414 3520
5046 3520 3519 3413
5047 3414 3415 3521
5048 3521 3520 3414
5049 3415 3416 3522
5050 3522 3521 3415
5051 3416 3417 3523
5052 3523 3522 3416
5053 3417 3418 3524
5054 3524 3523 3417
5055 3418 3419 3525
5056 3525 3524 3418
5057 3419 3420 3526
5058 3526 3525 3419
5059 3420 3421 3527
5060 3527 3526 3420
5061 3421 3422 3528
5062 3528 3527 3421
5063 3422 3423 3529
5064 3529 3528 3422
5065 3423 3424 3530
5066 3530 3529 3423
5067 3424 3425 3531
5068 3531 3530 3424
5069 3425 3426 3532
5070 3532 3531 3425
5071 3426 3427 3533
5072 3533 3532 3426
5073 3427 3428 3534
5074 3534 3533 3427
5075 3428 3429 3535
5076 3535 3534 3428
5077 3429 3430 3536
5078 3536 3535 3429
5079 3430 3431 3537
5080 3537 3536 3430
5081 3431 3432 3538
5082 3538 3537 3431
5083 3432 3433 3539
5084 3539 3538 3432
5085 3433 3434 3540
5086 3540 3539 3433
5087 3434 3435 3541
5088 3541 3540 3434
5089 3435 3436 3542
5090 3542 3541 3435
5091 3436 3437 3543
5092 3543 3542 3436
5093 3437 3438 3544
5094 3544 3543 3437
5095 3438 3439 3545
5096 3545 3544 3438
5097 3439 3440 3546
5098 3546 3545 3439
5099 3440 3441 3547
5100 3547 3546 3440
5101 3441 3442 3548
5102 3548 3547 3441
5103 3442 3443 3549
5104 3549 3548 3442
5105 3443 3444 3550
5106 3550 3549 3443
5107 3444 3445 3551
5108 3551 3550 3444
5109 3445 3446 3552
5110 3552 3551 3445
5111 3446 3447 3553
5112 3553 3552 3446
5113 3447 3448 3554
5114 3554 3553 3447
5115 3448 3449 3555
5116 3555 3554 3448
5117 3449 3450 3556
5118 3556 3555 3449
5119 3450 3451 3557
5120 3557 3556 3450
5121 3451 3452 3558
5122 3558 3557 3451
5123 3452 3453 3559
5124 3559 3558 3452
5125 3453 3454 3560
5126 3560 3559 3453
5127 3454 3455 3561
5128 3561 3560 3454
5129 3455 3456 3562
5130 3562 3561 3455
5131 3456 3457 3563
5132 3563 3562 3456
5133 3457 3458 3564
5134 3564 3563 3457
5135 3458 370 371
5136 371 3564 3458
5137 386 3459 3565
5138 3565 385 386
5139 3459 3460 3566
5140 3566 3565 3459
5141 3460 3461 3567
5142 3567 3566 3460
5143 3461 3462 3568
5144 3568 3567 3461
5145 3462 3463 3569
5146 3569 3568 3462
5147 3463 3464 3570
5148 3570 3569 3463
5149 3464 3465 3571
5150 3571 3570 3464
5151 3465 3466 3572
5152 3572 3571 3465
5153 3466 3467 3573
5154 3573 3572 3466
5155 3467 3468 3574
5156 3574 3573 3467
5157 3468 3469 3575
5158 3575 3574 3468
5159 3469 3470 3576
5160 3576 3575 3469
5161 3470 3471 3577
5162 3577 3576 3470
5163 3471 3472 3578
5164 3578 3577 3471
5165 3472 3473 3579
5166 3579 3578 3472
5167 3473 3474 3580
5168 3580 3579 3473
5169 3474 3475 3581
5170 3581 3580 3474
5171 3475 3476 3582
5172 3582 3581 3475
5173 3476 3477 3583
5174 3583 3582 3476
5175 3477 3478 3584
5176 3584 3583 3477
5177 3478 3479 3585
5178 3585 3584 3478
5179 3479 3480 3586
5180 3586 3585 3479
5181 3480 3481 3587
5182 3587 3586 3480
5183 3481 3482 3588
5184 3588 3587 3481
5185 3482 3483 3589
5186 3589 3588 3482
5187 3483 3484 3590
5188 3590 3589 3483
5189 3484 3485 3591
5190 3591 3590 3484
5191 3485 3486 3592
5192 3592 3591 3485
5193 3486 3487 3593
5194 3593 3592 3486
5195 3487 3488 3594
5196 3594 3593 3487
5197 3488 3489 3595
5198 3595 3594 3488
5199 3489 3490 3596
5200 3596 3595 3489
5201 3490 3491 3597
5202 3597 3596 3490
5203 3491 3492 3598
5204 3598 3597 3491
5205 3492 3493 3599
5206 3599 3598 3492
5207 3493 3494 3600
5208 3600 3599 3493
5209 3494 3495 3601
5210 3601 3600 3494
5211 3495 3496 3602
5212 3602 3601 3495
5213 3496 3497 3603
5214 3603 3602 3496
5215 3497 3498 3604
5216 3604 3603 3497
5217 3498 3499 3605
5218 3605 3604 3498
5219 3499 3500 3606
5220 3606 3605 3499
5221 3500 3501 3607
5222 3607 3606 3500
5223 3501 3502 3608
5224 3608 3607 3501
5225 3502 3503 3609
5226 3609 3608 3502
5227 3503 3504 3610
5228 3610 3609 3503
5229 3504 3505 3611
5230 3611 3610 3504
5231 3505 3506 3612
5232 3612 3611 3505
5233 3506 3507 3613
5234 3613 3612 3506
5235 3507 3508 3614
5236 3614 3613 3507
5237 3508 3509 3615
5238 3615 3614 3508
5239 3509 3510 3616
5240 3616 3615 3509
5241 3510 3511 3617
5242 3617 3616 3510
5243 3511 3512 3618
5244 3618 3617 3511
5245 3512 3513 3619
5246 3619 3618 3512
5247 3513 3514 3620
5248 3620 3619 3513
5249 3514 3515 3621
5250 3621 3620 3514
5251 3515 3516 3622
5252 3622 3621 3515
5253 3516 3517 3623
5254 3623 3622 3516
5255 3517 3518 3624
5256 3624 3623 3517
5257 3518 3519 3625
5258 3625 3624 3518
5259 3519 3520 3626
5260 3626 3625 3519
5261 3520 3521 3627
5262 3627 3626 3520
5263 3521 3522 3628
5264 3628 3627 3521
5265 3522 3523 3629
5266 3629 3628 3522
5267 3523 3524 3630
5268 3630 3629 3523
5269 3524 3525 3631
5270 3631 3630 3524
5271 3525 3526 3632
5272 3632 3631 3525
5273 3526 3527 3633
5274 3633 3632 3526
5275 3527 3528 3634
5276 3634 3633 3527
5277 3528 3529 3635
5278 3635 3634 3528
5279 3529 3530 3636
5280 3636 3635 3529
5281 3530 3531 3637
5282 3637 3636 3530
5283 3531 3532 3638
5284 3638 3637 3531
5285 3532 3533 3639
5286 3639 3638 3532
5287 3533 3534 3640
5288 3640 3639 3533
5289 3534 3535 3641
5290 3641 3640 3534
5291 3535 3536 3642
5292 3642 3641 3535
5293 3536 3537 3643
5294 3643 3642 3536
5295 3537 3538 3644
5296 3644 3643 3537
5297 3538 3539 3645
5298 3645 3644 3538
5299 3539 3540 3646
5300 3646 3645 3539
5301 3540 3541 3647
5302 3647 3646 3540
5303 3541 3542 3648
5304 3648 3647 3541
5305 3542 3543 3649
5306 3649 3648 3542
5307 3543 3544 3650
5308 3650 3649 3543
5309 3544 3545 3651
5310 3651 3650 3544
5311 3545 3546 3652
5312 3652 3651 3545
5313 3546 3547 3653
5314 3653 3652 3546
5315 3547 3548 3654
5316 3654 3653 3547
5317 3548 3549 3655
5318 3655 3654 3548
5319 3549 3550 3656
5320 3656 3655 3549
5321 3550 3551 3657
5322 3657 3656 3550
5323 3551 3552 3658
5324 3658 3657 3551
5325 3552 3553 3659
5326 3659 3658 3552
5327 3553 3554 3660
5328 3660 3659 3553
5329 3554 3555 3661
5330 3661 3660 3554
5331 3555 3556 3662
5332 3662 3661 3555
5333 3556 3557 3663
5334 3663 3662 3556
5335 3557 3558 3664
5336 3664 3663 3557
5337 3558 3559 3665
5338 3665 3664 3558
5339 3559 3560 3666
5340 3666 3665 3559
5341 3560 3561 3667
5342 3667 3666 3560
5343 3561 3562 3668
5344 3668 3667 3561
5345 3562 3563 3669
5346 3669 3668 3562
5347 3563 3564 3670
5348 3670 3669 3563
5349 3564 371 372
5350 372 3670 3564
5351 385 3565 3671
5352 3671 384 385
5353 3565 3566 3672
5354 3672 3671 3565
5355 3566 3567 3673
5356 3673 3672 3566
5357 3567 3568 3674
5358 3674 3673 3567
5359 3568 3569 3675
5360 3675 3674 3568
5361 3569 3570 3676
5362 3676 3675 3569
5363 3570 3571 3677
5364 3677 3676 3570
5365 3571 3572 3678
5366 3678 3677 3571
5367 3572 3573 3679
5368 3679 3678 3572
5369 3573 3574 3680
5370 3680 3679 3573
5371 3574 3575 3681
5372 3681 3680 3574
5373 3575 3576 3682
5374 3682 3681 3575
5375 3576 3577 3683
5376 3683 3682 3576
5377 3577 3578 3684
5378 3684 3683 3577
5379 3578 3579 3685
5380 3685 3684 3578
5381 3579 3580 3686
5382 3686 3685 3579
5383 3580 3581 3687
5384 3687 3686 3580
5385 3581 3582 3688
5386 3688 3687 3581
5387 3582 3583 3689
5388 3689 3688 3582
5389 3583 3584 3690
5390 3690 3689 3583
5391 3584 3585 3691
5392 3691 3690 3584
5393 3585 3586 3692
5394 3692 3691 3585
5395 3586 3587 3693
5396 3693 3692 3586
5397 3587 3588 3694
5398 3694 3693 3587
5399 3588 3589 3695
5400 3695 3694 3588
5401 3589 3590 3696
5402 3696 3695 3589
5403 3590 3591 3697
5404 3697 3696 3590
5405 3591 3592 3698
5406 3698 3697 3591
5407 3592 3593 3699
5408 3699 3698 3592
5409 3593 3594 3700
5410 3700 3699 3593
5411 3594 3595 3701
5412 3701 3700 3594
5413 3595 3596 3702
5414 3702 3701 3595
5415 3596 3597 3703
5416 3703 3702 3596
5417 3597 3598 3704
5418 3704 3703 3597
5419 3598 3599 3705
5420 3705 3704 3598
5421 3599 3600 3706
5422 3706 3705 3599
5423 3600 3601 3707
5424 3707 3706 3600
5425 3601 3602 3708
5426 3708 3707 3601
5427 3602 3603 3709
5428 3709 3708 3602
5429 3603 3604 3710
5430 3710 3709 3603
5431 3604 3605 3711
5432 3711 3710 3604
5433 3605 3606 3712
5434 3712 3711 3605
5435 3606 3607 3713
5436 3713 3712 3606
5437 3607 3608 3714
5438 3714 3713 3607
5439 3608 3609 3715
5440 3715 3714 3608
5441 3609 3610 3716
5442 3716 3715 3609
5443 3610 3611 3717
5444 3717 3716 3610
5445 3611 3612 3718
5446 3718 3717 3611
5447 3612 3613 3719
5448 3719 3718 3612
5449 3613 3614 3720
5450 3720 3719 3613
5451 3614 3615 3721
5452 3721 3720 3614
5453 3615 3616 3722
5454 3722 3721 3615
5455 3616 3617 3723
5456 3723 3722 3616
5457 3617 3618 3724
5458 3724 3723 3617
5459 3618 3619 3725
5460 3725 3724 3618
5461 3619 3620 3726
5462 3726 3725 3619
5463 3620 3621 3727
5464 3727 3726 3620
5465 3621 3622 3728
5466 3728 3727 3621
5467 3622 3623 3729
5468 3729 3728 3622
5469 3623 3624 3730
5470 3730 3729 3623
5471 3624 3625 3731
5472 3731 3730 3624
5473 3625 3626 3732
5474 3732 3731 3625
5475 3626 3627 3733
5476 3733 3732 3626
5477 3627 3628 3734
5478 3734 3733 3627
5479 3628 3629 3735
5480 3735 3734 3628
5481 3629 3630 3736
5482 3736 3735 3629
5483 3630 3631 3737
5484 3737 3736 3630
5485 3631 3632 3738
5486 3738 3737 3631
5487 3632 3633 3739
5488 3739 3738 3632
5489 3633 3634 3740
5490 3740 3739 3633
5491 3634 3635 3741
5492 3741 3740 3634
5493 3635 3636 3742
5494 3742 3741 3635
5495 3636 3637 3743
5496 3743 3742 3636
5497 3637 3638 3744
5498 3744 3743 3637
5499 3638 3639 3745
5500 3745 3744 3638
5501 3639 3640 3746
5502 3746 3745 3639
5503 3640 3641 3747
5504 3747 3746 3640
5505 3641 3642 3748
5506 3748 3747 3641
5507 3642 3643 3749
5508 3749 3748 3642
5509 3643 3644 3750
5510 3750 3749 3643
5511 3644 3645 3751
5512 3751 3750 3644
5513 3645 3646 3752
5514 3752 3751 3645
5515 3646 3647 3753
5516 3753 3752 3646
5517 3647 3648 3754
5518 3754 3753 3647
5519 3648 3649 3755
5520 3755 3754 3648
5521 3649 3650 3756
5522 3756 3755 3649
5523 3650 3651 3757
5524 3757 3756 3650
5525 3651 3652 3758
5526 3758 3757 3651
5527 3652 3653 3759
5528 3759 3758 3652
5529 3653 3654 3760
5530 3760 3759 3653
5531 3654 3655 3761
5532 3761 3760 3654
5533 3655 3656 3762
5534 3762 3761 3655
5535 3656 3657 3763
5536 3763 3762 3656
5537 3657 3658 3764
5538 3764 3763 3657
5539 3658 3659 3765
5540 3765 3764 3658
5541 3659 3660 3766
5542 3766 3765 3659
5543 3660 3661 3767
5544 3767 3766 3660
5545 3661 3662 3768
5546 3768 3767 3661
5547 3662 3663 3769
5548 3769 3768 3662
5549 3663 3664 3770
5550 3770 3769 3663
5551 3664 3665 3771
5552 3771 3770 3664
5553 3665 3666 3772
5554 3772 3771 3665
5555 3666 3667 3773
5556 3773 3772 3666
5557 3667 3668 3774
5558 3774 3773 3667
5559 3668 3669 3775
5560 3775 3774 3668
5561 3669 3670 3776
5562 3776 3775 3669
5563 3670 372 373
5564 373 3776 3670
5565 384 3671 3777
5566 3777 383 384
5567 3671 3672 3778
5568 3778 3777 3671
5569 3672 3673 3779
5570 3779 3778 3672
5571 3673 3674 3780
5572 3780 3779 3673
5573 3674 3675 3781
5574 3781 3780 3674
5575 3675 3676 3782
5576 3782 3781 3675
5577 3676 3677 3783
5578 3783 3782 3676
5579 3677 3678 3784
5580 3784 3783 3677
5581 3678 3679 3785
5582 3785 3784 3678
5583 3679 3680 3786
5584 3786 3785 3679
5585 3680 3681 3787
5586 3787 3786 3680
5587 3681 3682 3788
5588 3788 3787 3681
5589 3682 3683 3789
5590 3789 3788 3682
5591 3683 3684 3790
5592 3790 3789 3683
5593 3684 3685 3791
5594 3791 3790 3684
5595 3685 3686 3792
5596 3792 3791 3685
5597 3686 3687 3793
5598 3793 3792 3686
5599 3687 3688 3794
5600 3794 3793 3687
5601 3688 3689 3795
5602 3795 3794 3688
5603 3689 3690 3796
5604 3796 3795 3689
5605 3690 3691 3797
5606 3797 3796 3690
5607 3691 3692 3798
5608 3798 3797 3691
5609 3692 3693 3799
5610 3799 3798 3692
5611 3693 3694 3800
5612 3800 3799 3693
5613 3694 3695 3801
5614 3801 3800 3694
5615 3695 3696 3802
5616 3802 3801 3695
5617 3696 3697 3803
5618 3803 3802 3696
5619 3697 3698 3804
5620 3804 3803 3697
5621 3698 3699 3805
5622 3805 3804 3698
5623 3699 3700 3806
5624 3806 3805 3699
5625 3700 3701 3807
5626 3807 3806 3700
5627 3701 3702 3808
5628 3808 3807 3701
5629 3702 3703 3809
5630 3809 3808 3702
5631 3703 3704 3810
5632 3810 3809 3703
5633 3704 3705 3811
5634 3811 3810 3704
5635 3705 3706 3812
5636 3812 3811 3705
5637 3706 3707 3813
5638 3813 3812 3706
5639 3707 3708 3814
5640 3814 3813 3707
5641 3708 3709 3815
5642 3815 3814 3708
5643 3709 3710 3816
5644 3816 3815 3709
5645 3710 3711 3817
5646 3817 3816 3710
5647 3711 3712 3818
5648 3818 3817 3711
5649 3712 3713 3819
5650 3819 3818 3712
5651 3713 3714 3820
5652 3820 3819 3713
5653 3714 3715 3821
5654 3821 3820 3714
5655 3715 3716 3822
5656 3822 3821 3715
5657 3716 3717 3823
5658 3823 3822 3716
5659 3717 3718 3824
5660 3824 3823 3717
5661 3718 3719 3825
5662 3825 3824 3718
5663 3719 3720 3826
5664 3826 3825 3719
5665 3720 3721 3827
5666 3827 3826 3720
5667 3721 3722 3828
5668 3828 3827 3721
5669 3722 3723 3829
5670 3829 3828 3722
5671 3723 3724 3830
5672 3830 3829 3723
5673 3724 3725 3831
5674 3831 3830 3724
5675 3725 3726 3832
5676 3832 3831 3725
5677 3726 3727 3833
5678 3833 3832 3726
5679 3727 3728 3834
5680 3834 3833 3727
5681 3728 3729 3835
5682 3835 3834 3728
5683 3729 3730 3836
5684 3836 3835 3729
5685 3730 3731 3837
5686 3837 3836 3730
5687 3731 3732 3838
5688 3838 3837 3731
5689 3732 3733 3839
5690 3839 3838 3732
5691 3733 3734 3840
5692 3840 3839 3733
5693 3734 3735 3841
5694 3841 3840 3734
5695 3735 3736 3842
5696 3842 3841 3735
5697 3736 3737 3843
5698 3843 3842 3736
5699 3737 3738 3844
5700 3844 3843 3737
5701 3738 3739 3845
5702 3845 3844 3738
5703 3739 3740 3846
5704 3846 3845 3739
5705 3740 3741 3847
5706 3847 3846 3740
5707 3741 3742 3848
5708 3848 3847 3741
5709 3742 3743 3849
5710 3849 3848 3742
5711 3743 3744 3850
5712 3850 3849 3743
5713 3744 3745 3851
5714 3851 3850 3744
5715 3745 3746 3852
5716 3852 3851 3745
5717 3746 3747 3853
5718 3853 3852 3746
5719 3747 3748 3854
5720 3854 3853 3747
5721 3748 3749 3855
5722 3855 3854 3748
5723 3749 3750 3856
5724 3856 3855 3749
5725 3750 3751 3857
5726 3857 3856 3750
5727 3751 3752 3858
5728 3858 3857 3751
5729 3752 3753 3859
5730 3859 3858 3752
5731 3753 3754 3860
5732 3860 3859 3753
5733 3754 3755 3861
5734 3861 3860 3754
5735 3755 3756 3862
5736 3862 3861 3755
5737 3756 3757 3863
5738 3863 3862 3756
5739 3757 3758 3864
5740 3864 3863 3757
5741 3758 3759 3865
5742 3865 3864 3758
5743 3759 3760 3866
5744 3866 3865 3759
5745 3760 3761 3867
5746 3867 3866 3760
5747 3761 3762 3868
5748 3868 3867 3761
5749 3762 3763 3869
5750 3869 3868 3762
5751 3763 3764 3870
5752 3870 3869 3763
5753 3764 3765 3871
5754 3871 3870 3764
5755 3765 3766 3872
5756 3872 3871 3765
5757 3766 3767 3873
5758 3873 3872 3766
5759 3767 3768 3874
5760 3874 3873 3767
5761 3768 3769 3875
5762 3875 3874 3768
5763 3769 3770 3876
5764 3876 3875 3769
5765 3770 3771 3877
5766 3877 3876 3770
5767 3771 3772 3878
5768 3878 3877 3771
5769 3772 3773 3879
5770 3879 3878 3772
5771 3773 3774 3880
5772 3880 3879 3773
5773 3774 3775 3881
5774 3881 3880 3774
5775 3775 3776 3882
5776 3882 3881 3775
5777 3776 373 374
5778 374 3882 3776
5779 383 3777 3883
5780 3883 382 383
5781 3777 3778 3884
5782 3884 3883 3777
5783 3778 3779 3885
5784 3885 3884 3778
5785 3779 3780 3886
5786 3886 3885 3779
5787 3780 3781 3887
5788 3887 3886 3780
5789 3781 3782 3888
5790 3888 3887 3781
5791 3782 3783 3889
5792 3889 3888 3782
5793 3783 3784 3890
5794 3890 3889 3783
5795 3784 3785 3891
5796 3891 3890 3784
5797 3785 3786 3892
5798 3892 3891 3785
5799 3786 3787 3893
5800 3893 3892 3786
5801 3787 3788 3894
5802 3894 3893 3787
5803 3788 3789 3895
5804 3895 3894 3788
5805 3789 3790 3896
5806 3896 3895 3789
5807 3790 3791 3897
5808 3897 3896 3790
5809 3791 3792 3898
5810 3898 3897 3791
5811 3792 3793 3899
5812 3899 3898 3792
5813 3793 3794 3900
5814 3900 3899 3793
5815 3794 3795 3901
5816 3901 3900 3794
5817 3795 3796 3902
5818 3902 3901 3795
5819 3796 3797 3903
5820 3903 3902 3796
5821 3797 3798 3904
5822 3904 3903 3797
5823 3798 3799 3905
5824 3905 3904 3798
5825 3799 3800 3906
5826 3906 3905 3799
5827 3800 3801 3907
5828 3907 3906 3800
5829 3801 3802 3908
5830 3908 3907 3801
5831 3802 3803 3909
5832 3909 3908 3802
5833 3803 3804 3910
5834 3910 3909 3803
5835 3804 3805 3911
5836 3911 3910 3804
5837 3805 3806 3912
5838 3912 3911 3805
5839 3806 3807 3913
5840 3913 3912 3806
5841 3807 3808 3914
5842 3914 3913 3807
5843 3808 3809 3915
5844 3915 3914 3808
5845 3809 3810 3916
5846 3916 3915 3809
5847 3810 3811 3917
5848 3917 3916 3810
5849 3811 3812 3918
5850 3918 3917 3811
5851 3812 3813 3919
5852 3919 3918 3812
5853 3813 3814 3920
5854 3920 3919 3813
5855 3814 3815 3921
5856 3921 3920 3814
5857 3815 3816 3922
5858 3922 3921 3815
5859 3816 3817 3923
5860 3923 3922 3816
5861 3817 3818 3924
5862 3924 3923 3817
5863 3818 3819 3925
5864 3925 3924 3818
5865 3819 3820 3926
5866 3926 3925 3819
5867 3820 3821 3927
5868 3927 3926 3820
5869 3821 3822 3928
5870 3928 3927 3821
5871 3822 3823 3929
5872 3929 3928 3822
5873 3823 3824 3930
5874 3930 3929 3823
5875 3824 3825 3931
5876 3931 3930 3824
5877 3825 3826 3932
5878 3932 3931 3825
5879 3826 3827 3933
5880 3933 3932 3826
5881 3827 3828 3934
5882 3934 3933 3827
5883 3828 3829 3935
5884 3935 3934 3828
5885 3829 3830 3936
5886 3936 3935 3829
5887 3830 3831 3937
5888 3937 3936 3830
5889 3831 3832 3938
5890 3938 3937 3831
5891 3832 3833 3939
5892 3939 3938 3832
5893 3833 3834 3940
5894 3940 3939 3833
5895 3834 3835 3941
5896 3941 3940 3834
5897 3835 3836 3942
5898 3942 3941 3835
5899 3836 3837 3943
5900 3943 3942 3836
5901 3837 3838 3944
5902 3944 3943 3837
5903 3838 3839 3945
5904 3945 3944 3838
5905 3839 3840 3946
5906 3946 3945 3839
5907 3840 3841 3947
5908 3947 3946 3840
5909 3841 3842 3948
5910 3948 3947 3841
5911 3842 3843 3949
5912 3949 3948 3842
5913 3843 3844 3950
5914 3950 3949 3843
5915 3844 3845 3951
5916 3951 3950 3844
5917 3845 3846 3952
5918 3952 3951 3845
5919 3846 3847 3953
5920 3953 3952 3846
5921 3847 3848 3954
5922 3954 3953 3847
5923 3848 3849 3955
5924 3955 3954 3848
5925 3849 3850 3956
5926 3956 3955 3849
5927 3850 3851 3957
5928 3957 3956 3850
5929 3851 3852 3958
5930 3958 3957 3851
5931 3852 3853 3959
5932 3959 3958 3852
5933 3853 3854 3960
5934 3960 3959 3853
5935 3854 3855 3961
5936 3961 3960 3854
5937 3855 3856 3962
5938 3962 3961 3855
5939 3856 3857 3963
5940 3963 3962 3856
5941 3857 3858 3964
5942 3964 3963 3857
5943 3858 3859 3965
5944 3965 3964 3858
5945 3859 3860 3966
5946 3966 3965 3859
5947 3860 3861 3967
5948 3967 3966 3860
5949 3861 3862 3968
5950 3968 3967 3861
5951 3862 3863 3969
5952 3969 3968 3862
5953 3863 3864 3970
5954 3970 3969 3863
5955 3864 3865 3971
5956 3971 3970 3864
5957 3865 3866 3972
5958 3972 3971 3865
5959 3866 3867 3973
5960 3973 3972 3866
5961 3867 3868 3974
5962 3974 3973 3867
5963 3868 3869 3975
5964 3975 3974 3868
5965 3869 3870 3976
5966 3976 3975 3869
5967 3870 3871 3977
5968 3977 3976 3870
5969 3871 3872 3978
5970 3978 3977 3871
5971 3872 3873 3979
5972 3979 3978 3872
5973 3873 3874 3980
5974 3980 3979 3873
5975 3874 3875 3981
5976 3981 3980 3874
5977 3875 3876 3982
5978 3982 3981 3875
5979 3876 3877 3983
5980 3983 3982 3876
5981 3877 3878 3984
5982 3984 3983 3877
5983 3878 3879 3985
5984 3985 3984 3878
5985 3879 3880 3986
5986 3986 3985 3879
5987 3880 3881 3987
5988 3987 3986 3880
5989 3881 3882 3988
5990 3988 3987 3881
5991 3882 374 375
5992 375 3988 3882
5993 382 3883 3989
5994 3989 381 382
5995 3883 3884 3990
5996 3990 3989 3883
5997 3884 3885 3991
5998 3991 3990 3884
5999 3885 3886 3992
6000 3992 3991 3885
6001 3886 3887 3993
6002 3993 3992 3886
6003 3887 3888 3994
6004 3994 3993 3887
6005 3888 3889 3995
6006 3995 3994 3888
6007 3889 3890 3996
6008 3996 3995 3889
6009 3890 3891 3997
6010 3997 3996 3890
6011 3891 3892 3998
6012 3998 3997 3891
6013 3892 3893 3999
6014 3999 3998 3892
6015 3893 3894 4000
6016 4000 3999 3893
6017 3894 3895 4001
6018 4001 4000 3894
6019 3895 3896 4002
6020 4002 4001 3895
6021 3896 3897 4003
6022 4003 4002 3896
6023 3897 3898 4004
6024 4004 4003 3897
6025 3898 3899 4005
6026 4005 4004 3898
6027 3899 3900 4006
6028 4006 4005 3899
6029 3900 3901 4007
6030 4007 4006 3900
6031 3901 3902 4008
6032 4008 4007 3901
6033 3902 3903 4009
6034 4009 4008 3902
6035 3903 3904 4010
6036 4010 4009 3903
6037 3904 3905 4011
6038 4011 4010 3904
6039 3905 3906 4012
6040 4012 4011 3905
6041 3906 3907 4013
6042 4013 4012 3906
6043 3907 3908 4014
6044 4014 4013 3907
6045 3908 3909 4015
6046 4015 4014 3908
6047 3909 3910 4016
6048 4016 4015 3909
6049 3910 3911 4017
6050 4017 4016 3910
6051 3911 3912 4018
6052 4018 4017 3911
6053 3912 3913 4019
6054 4019 4018 3912
6055 3913 3914 4020
6056 4020 4019 3913
6057 3914 3915 4021
6058 4021 4020 3914
6059 3915 3916 4022
6060 4022 4021 3915
6061 3916 3917 4023
6062 4023 4022 3916
6063 3917 3918 4024
6064 4024 4023 3917
6065 3918 3919 4025
6066 4025 4024 3918
6067 3919 3920 4026
6068 4026 4025 3919
6069 3920 3921 4027
6070 4027 4026 3920
6071 3921 3922 4028
6072 4028 4027 3921
6073 3922 3923 4029
6074 4029 4028 3922
6075 3923 3924 4030
6076 4030 4029 3923
6077 3924 3925 4031
6078 4031 4030 3924
6079 3925 3926 4032
6080 4032 4031 3925
6081 3926 3927 4033
6082 4033 4032 3926
6083 3927 3928 4034
6084 4034 4033 3927
6085 3928 3929 4035
6086 4035 4034 3928
6087 3929 3930 4036
6088 4036 4035 3929
6089 3930 3931 4037
6090 4037 4036 3930
6091 3931 3932 4038
6092 4038 4037 3931
6093 3932 3933 4039
6094 4039 4038 3932
6095 3933 3934 4040
6096 4040 4039 3933
6097 3934 3935 4041
6098 4041 4040 3934
6099 3935 3936 4042
6100 4042 4041 3935
6101 3936 3937 4043
6102 4043 4042 3936
6103 3937 3938 4044
6104 4044 4043 3937
6105 3938 3939 4045
6106 4045 4044 3938
6107 3939 3940 4046
6108 4046 4045 3939
6109 3940 3941 4047
6110 4047 4046 3940
6111 3941 3942 4048
6112 4048 4047 3941
6113 3942 3943 4049
6114 4049 4048 3942
6115 3943 3944 4050
6116 4050 4049 3943
6117 3944 3945 4051
6118 4051 4050 3944
6119 3945 3946 4052
6120 4052 4051 3945
6121 3946 3947 4053
6122 4053 4052 3946
6123 3947 3948 4054
6124 4054 4053 3947
6125 3948 3949 4055
6126 4055 4054 3948
6127 3949 3950 4056
6128 4056 4055 3949
6129 3950 3951 4057
6130 4057 4056 3950
6131 3951 3952 4058
6132 4058 4057 3951
6133 3952 3953 4059
6134 4059 4058 3952
6135 3953 3954 4060
6136 4060 4059 3953
6137 3954 3955 4061
6138 4061 4060 3954
6139 3955 3956 4062
6140 4062 4061 3955
6141 3956 3957 4063
6142 4063 4062 3956
6143 3957 3958 4064
6144 4064 4063 3957
6145 3958 3959 4065
6146 4065 4064 3958
6147 3959 3960 4066
6148 4066 4065 3959
6149 3960 3961 4067
6150 4067 4066 3960
6151 3961 3962 4068
6152 4068 4067 3961
6153 3962 3963 4069
6154 4069 4068 3962
6155 3963 3964 4070
6156 4070 4069 3963
6157 3964 3965 4071
6158 4071 4070 3964
6159 3965 3966 4072
6160 4072 4071 3965
6161 3966 3967 4073
6162 4073 4072 3966
6163 3967 3968 4074
6164 4074 4073 3967
6165 3968 3969 4075
6166 4075 4074 3968
6167 3969 3970 4076
6168 4076 4075 3969
6169 3970 3971 4077
6170 4077 4076 3970
6171 3971 3972 4078
6172 4078 4077 3971
6173 3972 3973 4079
6174 4079 4078 3972
6175 3973 3974 4080
6176 4080 4079 3973
6177 3974 3975 4081
6178 4081 4080 3974
6179 3975 3976 4082
6180 4082 4081 3975
6181 3976 3977 4083
6182 4083 4082 3976
6183 3977 3978 4084
6184 4084 4083 3977
6185 3978 3979 4085
6186 4085 4084 3978
6187 3979 3980 4086
6188 4086 4085 3979
6189 3980 3981 4087
6190 4087 4086 3980
6191 3981 3982 4088
6192 4088 4087 3981
6193 3982 3983 4089
6194 4089 4088 3982
6195 3983 3984 4090
6196 4090 4089 3983
6197 3984 3985 4091
6198 4091 4090 3984
6199 3985 3986 4092
6200 4092 4091 3985
6201 3986 3987 4093
6202 4093 4092 3986
6203 3987 3988 4094
6204 4094 4093 3987
6205 3988 375 376
6206 376 4094 3988
6207 381 3989 4095
6208 4095 380 381
6209 3989 3990 4096
6210 4096 4095 3989
6211 3990 3991 4097
6212 4097 4096 3990
6213 3991 3992 4098
6214 4098 4097 3991
6215 3992 3993 4099
6216 4099 4098 3992
6217 3993 3994 4100
6218 4100 4099 3993
6219 3994 3995 4101
6220 4101 4100 3994
6221 3995 3996 4102
6222 4102 4101 3995
6223 3996 3997 4103
6224 4103 4102 3996
6225 3997 3998 4104
6226 4104 4103 3997
6227 3998 3999 4105
6228 4105 4104 3998
6229 3999 4000 4106
6230 4106 4105 3999
6231 4000 4001 4107
6232 4107 4106 4000
6233 4001 4002 4108
6234 4108 4107 4001
6235 4002 4003 4109
6236 4109 4108 4002
6237 4003 4004 4110
6238 4110 4109 4003
6239 4004 4005 4111
6240 4111 4110 4004
6241 4005 4006 4112
6242 4112 4111 4005
6243 4006 4007 4113
6244 4113 4112 4006
6245 4007 4008 4114
6246 4114 4113 4007
6247 4008 4009 4115
6248 4115 4114 4008
6249 4009 4010 4116
6250 4116 4115 4009
6251 4010 4011 4117
6252 4117 4116 4010
6253 4011 4012 4118
6254 4118 4117 4011
6255 4012 4013 4119
6256 4119 4118 4012
6257 4013 4014 4120
6258 4120 4119 4013
6259 4014 4015 4121
6260 4121 4120 4014
6261 4015 4016 4122
6262 4122 4121 4015
6263 4016 4017 4123
6264 4123 4122 4016
6265 4017 4018 4124
6266 4124 4123 4017
6267 4018 4019 4125
6268 4125 4124 4018
6269 4019 4020 4126
6270 4126 4125 4019
6271 4020 4021 4127
6272 4127 4126 4020
6273 4021 4022 4128
6274 4128 4127 4021
6275 4022 4023 4129
6276 4129 4128 4022
6277 4023 4024 4130
6278 4130 4129 4023
6279 4024 4025 4131
6280 4131 4130 4024
6281 4025 4026 4132
6282 4132 4131 4025
6283 4026 4027 4133
6284 4133 4132 4026
6285 4027 4028 4134
6286 4134 4133 4027
6287 4028 4029 4135
6288 4135 4134 4028
6289 4029 4030 4136
6290 4136 4135 4029
6291 4030 4031 4137
6292 4137 4136 4030
6293 4031 4032 4138
6294 4138 4137 4031
6295 4032 4033 4139
6296 4139 4138 4032
6297 4033 4034 4140
6298 4140 4139 4033
6299 4034 4035 4141
6300 4141 4140 4034
6301 4035 4036 4142
6302 4142 4141 4035
6303 4036 4037 4143
6304 4143 4142 4036
6305 4037 4038 4144
6306 4144 4143 4037
6307 4038 4039 4145
6308 4145 4144 4038
6309 4039 4040 4146
6310 4146 4145 4039
6311 4040 4041 4147
6312 4147 4146 4040
6313 4041 4042 4148
6314 4148 4147 4041
6315 4042 4043 4149
6316 4149 4148 4042
6317 4043 4044 4150
6318 4150 4149 4043
6319 4044 4045 4151
6320 4151 4150 4044
6321 4045 4046 4152
6322 4152 4151 4045
6323 4046 4047 4153
6324 4153 4152 4046
6325 4047 4048 4154
6326 4154 4153 4047
6327 4048 4049 4155
6328 4155 4154 4048
6329 4049 4050 4156
6330 4156 4155 4049
6331 4050 4051 4157
6332 4157 4156 4050
6333 4051 4052 4158
6334 4158 4157 4051
6335 4052 4053 4159
6336 4159 4158 4052
6337 4053 4054 4160
6338 4160 4159 4053
6339 4054 4055 4161
6340 4161 4160 4054
6341 4055 4056 4162
6342 4162 4161 4055
6343 4056 4057 4163
6344 4163 4162 4056
6345 4057 4058 4164
6346 4164 4163 4057
6347 4058 4059 4165
6348 4165 4164 4058
6349 4059 4060 4166
6350 4166 4165 4059
6351 4060 4061 4167
6352 4167 4166 4060
6353 4061 4062 4168
6354 4168 4167 4061
6355 4062 4063 4169
6356 4169 4168 4062
6357 4063 4064 4170
6358 4170 4169 4063
6359 4064 4065 4171
6360 4171 4170 4064
6361 4065 4066 4172
6362 4172 4171 4065
6363 4066 4067 4173
6364 4173 4172 4066
6365 4067 4068 4174
6366 4174 4173 4067
6367 4068 4069 4175
6368 4175 4174 4068
6369 4069 4070 4176
6370 4176 4175 4069
6371 4070 4071 4177
6372 4177 4176 4070
6373 4071 4072 4178
6374 4178 4177 4071
6375 4072 4073 4179
6376 4179 4178 4072
6377 4073 4074 4180
6378 4180 4179 4073
6379 4074 4075 4181
6380 4181 4180 4074
6381 4075 4076 4182
6382 4182 4181 4075
6383 4076 4077 4183
6384 4183 4182 4076
6385 4077 4078 4184
6386 4184 4183 4077
6387 4078 4079 4185
6388 4185 4184 4078
6389 4079 4080 4186
6390 4186 4185 4079
6391 4080 4081 4187
6392 4187 4186 4080
6393 4081 4082 4188
6394 4188 4187 4081
6395 4082 4083 4189
6396 4189 4188 4082
6397 4083 4084 4190
6398 4190 4189 4083
6399 4084 4085 4191
6400 4191 4190 4084
6401 4085 4086 4192
6402 4192 4191 4085
6403 4086 4087 4193
6404 4193 4192 4086
6405 4087 4088 4194
6406 4194 4193 4087
6407 4088 4089 4195
6408 4195 4194 4088
6409 4089 4090 4196
6410 4196 4195 4089
6411 4090 4091 4197
6412 4197 4196 4090
6413 4091 4092 4198
6414 4198 4197 4091
6415 4092 4093 4199
6416 4199 4198 4092
6417 4093 4094 4200
6418 4200 4199 4093
6419 4094 376 377
6420 377 4200 4094
6421 380 4095 4201
6422 4201 379 380
6423 4095 4096 4202
6424 4202 4201 4095
6425 4096 4097 4203
6426 4203 4202 4096
6427 4097 4098 4204
6428 4204 4203 4097
6429 4098 4099 4205
6430 4205 4204 4098
6431 4099 4100 4206
6432 4206 4205 4099
6433 4100 4101 4207
6434 4207 4206 4100
6435 4101 4102 4208
6436 4208 4207 4101
6437 4102 4103 4209
6438 4209 4208 4102
6439 4103 4104 4210
6440 4210 4209 4103
6441 4104 4105 4211
6442 4211 4210 4104
6443 4105 4106 4212
6444 4212 4211 4105
6445 4106 4107 4213
6446 4213 4212 4106
6447 4107 4108 4214
6448 4214 4213 4107
6449 4108 4109 4215
6450 4215 4214 4108
6451 4109 4110 4216
6452 4216 4215 4109
6453 4110 4111 4217
6454 4217 4216 4110
6455 4111 4112 4218
6456 4218 4217 4111
6457 4112 4113 4219
6458 4219 4218 4112
6459 4113 4114 4220
6460 4220 4219 4113
6461 4114 4115 4221
6462 4221 4220 4114
6463 4115 4116 4222
6464 4222 4221 4115
6465 4116 4117 4223
6466 4223 4222 4116
6467 4117 4118 4224
6468 4224 4223 4117
6469 4118 4119 4225
6470 4225 4224 4118
6471 4119 4120 4226
6472 4226 4225 4119
6473 4120 4121 4227
6474 4227 4226 4120
6475 4121 4122 4228
6476 4228 4227 4121
6477 4122 4123 4229
6478 4229 4228 4122
6479 4123 4124 4230
6480 4230 4229 4123
6481 4124 4125 4231
6482 4231 4230 4124
6483 4125 4126 4232
6484 4232 4231 4125
6485 4126 4127 4233
6486 4233 4232 4126
6487 4127 4128 4234
6488 4234 4233 4127
6489 4128 4129 4235
6490 4235 4234 4128
6491 4129 4130 4236
6492 4236 4235 4129
6493 4130 4131 4237
6494 4237 4236 4130
6495 4131 4132 4238
6496 4238 4237 4131
6497 4132 4133 4239
6498 4239 4238 4132
6499 4133 4134 4240
6500 4240 4239 4133
6501 4134 4135 4241
6502 4241 4240 4134
6503 4135 4136 4242
6504 4242 4241 4135
6505 4136 4137 4243
6506 4243 4242 4136
6507 4137 4138 4244
6508 4244 4243 4137
6509 4138 4139 4245
6510 4245 4244 4138
6511 4139 4140 4246
6512 4246 4245 4139
6513 4140 4141 4247
6514 4247 4246 4140
6515 4141 4142 4248
6516 4248 4247 4141
6517 4142 4143 4249
6518 4249 4248 4142
6519 4143 4144 4250
6520 4250 4249 4143
6521 4144 4145 4251
6522 4251 4250 4144
6523 4145 4146 4252
6524 4252 4251 4145
6525 4146 4147 4253
6526 4253 4252 4146
6527 4147 4148 4254
6528 4254 4253 4147
6529 4148 4149 4255
6530 4255 4254 4148
6531 4149 4150 4256
6532 4256 4255 4149
6533 4150 4151 4257
6534 4257 4256 4150
6535 4151 4152 4258
6536 4258 4257 4151
6537 4152 4153 4259
6538 4259 4258 4152
6539 4153 4154 4260
6540 4260 4259 4153
6541 4154 4155 4261
6542 4261 4260 4154
6543 4155 4156 4262
6544 4262 4261 4155
6545 4156 4157 4263
6546 4263 4262 4156
6547 4157 4158 4264
6548 4264 4263 4157
6549 4158 4159 4265
6550 4265 4264 4158
6551 4159 4160 4266
6552 4266 4265 4159
6553 4160 4161 4267
6554 4267 4266 4160
6555 4161 4162 4268
6556 4268 4267 4161
6557 4162 4163 4269
6558 4269 4268 4162
6559 4163 4164 4270
6560 4270 4269 4163
6561 4164 4165 4271
6562 4271 4270 4164
6563 4165 4166 4272
6564 4272 4271 4165
6565 4166 4167 4273
6566 4273 4272 4166
6567 4167 4168 4274
6568 4274 4273 4167
6569 4168 4169 4275
6570 4275 4274 4168
6571 4169 4170 4276
6572 4276 4275 4169
6573 4170 4171 4277
6574 4277 4276 4170
6575 4171 4172 4278
6576 4278 4277 4171
6577 4172 4173 4279
6578 4279 4278 4172
6579 4173 4174 4280
6580 4280 4279 4173
6581 4174 4175 4281
6582 4281 4280 4174
6583 4175 4176 4282
6584 4282 4281 4175
6585 4176 4177 4283
6586 4283 4282 4176
6587 4177 4178 4284
6588 4284 4283 4177
6589 4178 4179 4285
6590 4285 4284 4178
6591 4179 4180 4286
6592 4286 4285 4179
6593 4180 4181 4287
6594 4287 4286 4180
6595 4181 4182 4288
6596 4288 4287 4181
6597 4182 4183 4289
6598 4289 4288 4182
6599 4183 4184 4290
6600 4290 4289 4183
6601 4184 4185 4291
6602 4291 4290 4184
6603 4185 4186 4292
6604 4292 4291 4185
6605 4186 4187 4293
6606 4293 4292 4186
6607 4187 4188 4294
6608 4294 4293 4187
6609 4188 4189 4295
6610 4295 4294 4188
6611 4189 4190 4296
6612 4296 4295 4189
6613 4190 4191 4297
6614 4297 4296 4190
6615 4191 4192 4298
6616 4298 4297 4191
6617 4192 4193 4299
6618 4299 4298 4192
6619 4193 4194 4300
6620 4300 4299 4193
6621 4194 4195 4301
6622 4301 4300 4194
6623 4195 4196 4302
6624 4302 4301 4195
6625 4196 4197 4303
6626 4303 4302 4196
6627 4197 4198 4304
6628 4304 4303 4197
6629 4198 4199 4305
6630 4305 4304 4198
6631 4199 4200 4306
6632 4306 4305 4199
6633 4200 377 378
6634 378 4306 4200
6635 379 4201 21
6636 21 1 379
6637 4201 4202 22
6638 22 21 4201
6639 4202 4203 23
6640 23 22 4202
6641 4203 4204 24
6642 24 23 4203
6643 4204 4205 25
6644 25 24 4204
6645 4205 4206 26
6646 26 25 4205
6647 4206 4207 27
6648 27 26 4206
6649 4207 4208 28
6650 28 27 4207
6651 4208 4209 29
6652 29 28 4208
6653 4209 4210 30
6654 30 29 4209
6655 4210 4211 31
6656 31 30 4210
6657 4211 4212 32
6658 32 31 4211
6659 4212 4213 33
6660 33 32 4212
6661 4213 4214 34
6662 34 33 4213
6663 4214 4215 35
6664 35 34 4214
6665 4215 4216 36
6666 36 35 4215
6667 4216 4217 37
6668 37 36 4216
6669 4217 4218 38
6670 38 37 4217
6671 4218 4219 39
6672 39 38 4218
6673 4219 4220 40
6674 40 39 4219
6675 4220 4221 41
6676 41 40 4220
6677 4221 4222 42
6678 42 41 4221
6679 4222 4223 43
6680 43 42 4222
6681 4223 4224 44
6682 44 43 4223
6683 4224 4225 45
6684 45 44 4224
6685 4225 4226 46
6686 46 45 4225
6687 4226 4227 47
6688 47 46 4226
6689 4227 4228 48
6690 48 47 4227
6691 4228 4229 49
6692 49 48 4228
6693 4229 4230 50
6694 50 49 4229
6695 4230 4231 51
6696 51 50 4230
6697 4231 4232 52
6698 52 51 4231
6699 4232 4233 53
6700 53 52 4232
6701 4233 4234 54
6702 54 53 4233
6703 4234 4235 55
6704 55 54 4234
6705 4235 4236 56
6706 56 55 4235
6707 4236 4237 57
6708 57 56 4236
6709 4237 4238 58
6710 58 57 4237
6711 4238 4239 59
6712 59 58 4238
6713 4239 4240 60
6714 60 59 4239
6715 4240 4241 61
6716 61 60 4240
6717 4241 4242 62
6718 62 61 4241
6719 4242 4243 63
6720 63 62 4242
6721 4243 4244 64
6722 64 63 4243
6723 4244 4245 65
6724 65 64 4244
6725 4245 4246 66
6726 66 65 4245
6727 4246 4247 67
6728 67 66 4246
6729 4247 4248 68
6730 68 67 4247
6731 4248 4249 69
6732 69 68 4248
6733 4249 4250 70
6734 70 69 4249
6735 4250 4251 71
6736 71 70 4250
6737 4251 4252 72
6738 72 71 4251
6739 4252 4253 73
6740 73 72 4252
6741 4253 4254 74
6742 74 73 4253
6743 4254 4255 75
6744 75 74 4254
6745 4255 4256 76
6746 76 75 4255
6747 4256 4257 77
6748 77 76 4256
6749 4257 4258 78
6750 78 77 4257
6751 4258 4259 79
6752 79 78 4258
6753 4259 4260 80
6754 80 79 4259
6755 4260 4261 81
6756 81 80 4260
6757 4261 4262 82
6758 82 81 4261
6759 4262 4263 83
6760 83 82 4262
6761 4263 4264 84
6762 84 83 4263
6763 4264 4265 85
6764 85 84 4264
6765 4265 4266 86
6766 86 85 4265
6767 4266 4267 87
6768 87 86 4266
6769 4267 4268 88
6770 88 87 4267
6771 4268 4269 89
6772 89 88 4268
6773 4269 4270 90
6774 90 89 4269
6775 4270 4271 91
6776 91 90 4270
6777 4271 4272 92
6778 92 91 4271
6779 4272 4273 93
6780 93 92 4272
6781 4273 4274 94
6782 94 93 4273
6783 4274 4275 95
6784 95 94 4274
6785 4275 4276 96
6786 96 95 4275
6787 4276 4277 97
6788 97 96 4276
6789 4277 4278 98
6790 98 97 4277
6791 4278 4279 99
6792 99 98 4278
6793 4279 4280 100
6794 100 99 4279
6795 4280 4281 101
6796 101 100 4280
6797 4281 4282 102
6798 102 101 4281
6799 4282 4283 103
6800 103 102 4282
6801 4283 4284 104
6802 104 103 4283
6803 4284 4285 105
6804 105 104 4284
6805 4285 4286 106
6806 106 105 4285
6807 4286 4287 107
6808 107 106 4286
6809 4287 4288 108
6810 108 107 4287
6811 4288 4289 109
6812 109 108 4288
6813 4289 4290 110
6814 110 109 4289
6815 4290 4291 111
6816 111 110 4290
6817 4291 4292 112
6818 112 111 4291
6819 4292 4293 113
6820 113 112 4292
6821 4293 4294 114
6822 114 113 4293
6823 4294 4295 115
6824 115 114 4294
6825 4295 4296 116
6826 116 115 4295
6827 4296 4297 117
6828 117 116 4296
6829 4297 4298 118
6830 118 117 4297
6831 4298 4299 119
6832 119 118 4298
6833 4299 4300 120
6834 120 119 4299
6835 4300 4301 121
6836 121 120 4300
6837 4301 4302 122
6838 122 121 4301
6839 4302 4303 123
6840 123 122 4302
6841 4303 4304 124
6842 124 123 4303
6843 4304 4305 125
6844 125 124 4304
6845 4305 4306 126
6846 126 125 4305
6847 4306 378 2
6848 2 126 4306
6849 6 358 4307
6850 4307 548 6
6851 358 357 4308
6852 4308 4307 358
6853 357 356 4309
6854 4309 4308 357
6855 356 355 4310
6856 4310 4309 356
6857 355 354 4311
6858 4311 4310 355
6859 354 353 4312
6860 4312 4311 354
6861 353 352 4313
6862 4313 4312 353
6863 352 351 4314
6864 4314 4313 352
6865 351 350 4315
6866 4315 4314 351
6867 350 349 4316
6868 4316 4315 350
6869 349 348 4317
6870 4317 4316 349
6871 348 347 4318
6872 4318 4317 348
6873 347 346 4319
6874 4319 4318 347
6875 346 345 4320
6876 4320 4319 346
6877 345 344 4321
6878 4321 4320 345
6879 344 343 4322
6880 4322 4321 344
6881 343 342 4323
6882 4323 4322 343
6883 342 341 4324
6884 4324 4323 342
6885 341 340 4325
6886 4325 4324 341
6887 340 339 4326
6888 4326 4325 340
6889 339 338 4327
6890 4327 4326 339
6891 338 337 4328
6892 4328 4327 338
6893 337 336 4329
6894 4329 4328 337
6895 336 335 4330
6896 4330 4329 336
6897 335 334 4331
6898 4331 4330 335
6899 334 333 4332
6900 4332 4331 334
6901 333 332 4333
6902 4333 4332 333
6903 332 331 4334
6904 4334 4333 332
6905 331 330 4335
6906 4335 4334 331
6907 330 329 4336
6908 4336 4335 330
6909 329 328 4337
6910 4337 4336 329
6911 328 327 4338
6912 4338 4337 328
6913 327 326 4339
6914 4339 4338 327
6915 326 325 4340
6916 4340 4339 326
6917 325 324 4341
6918 4341 4340 325
6919 324 323 4342
6920 4342 4341 324
6921 323 322 4343
6922 4343 4342 323
6923 322 321 4344
6924 4344 4343 322
6925 321 320 4345
6926 4345 4344 321
6927 320 319 4346
6928 4346 4345 320
6929 319 318 4347
6930 4347 4346 319
6931 318 317 4348
6932 4348 4347 318
6933 317 316 4349
6934 4349 4348 317
6935 316 315 4350
6936 4350 4349 316
6937 315 314 4351
6938 4351 4350 315
6939 314 313 4352
6940 4352 4351 314
6941 313 312 4353
6942 4353 4352 313
6943 312 311 4354
6944 4354 4353 312
6945 311 310 4355
6946 4355 4354 311
6947 310 309 4356
6948 4356 4355 310
6949 309 308 4357
6950 4357 4356 309
6951 308 307 4358
6952 4358 4357 308
6953 307 306 4359
6954 4359 4358 307
6955 306 305 4360
6956 4360 4359 306
6957 305 304 4361
6958 4361 4360 305
6959 304 303 4362
6960 4362 4361 304
6961 303 302 4363
6962 4363 4362 303
6963 302 301 4364
6964 4364 4363 302
6965 301 300 4365
6966 4365 4364 301
6967 300 299 4366
6968 4366 4365 300
6969 299 298 4367
6970 4367 4366 299
6971 298 297 4368
6972 4368 4367 298
6973 297 296 4369
6974 4369 4368 297
6975 296 295 4370
6976 4370 4369 296
6977 295 294 4371
6978 4371 4370 295
6979 294 293 4372
6980 4372 4371 294
6981 293 292 4373
6982 4373 4372 293
6983 292 291 4374
6984 4374 4373 292
6985 291 290 4375
6986 4375 4374 291
6987 290 289 4376
6988 4376 4375 290
6989 289 288 4377
6990 4377 4376 289
6991 288 287 4378
6992 4378 4377 288
6993 287 286 4379
6994 4379 4378 287
6995 286 285 4380
6996 4380 4379 286
6997 285 284 4381
6998 4381 4380 285
6999 284 283 4382
7000 4382 4381 284
7001 283 282 4383
7002 4383 4382 283
7003 282 281 4384
7004 4384 4383 282
7005 281 280 4385
7006 4385 4384 281
7007 280 279 4386
7008 4386 4385 280
7009 279 278 4387
7010 4387 4386 279
7011 278 277 4388
7012 4388 4387 278
7013 277 276 4389
7014 4389 4388 277
7015 276 275 4390
7016 4390 4389 276
7017 275 274 4391
7018 4391 4390 275
7019 274 273 4392
7020 4392 4391 274
7021 273 272 4393
7022 4393 4392 273
7023 272 271 4394
7024 4394 4393 272
7025 271 270 4395
7026 4395 4394 271
7027 270 269 4396
7028 4396 4395 270
7029 269 268 4397
7030 4397 4396 269
7031 268 267 4398
7032 4398 4397 268
7033 267 266 4399
7034 4399 4398 267
7035 266 265 4400
7036 4400 4399 266
7037 265 264 4401
7038 4401 4400 265
7039 264 263 4402
7040 4402 4401 264
7041 263 262 4403
7042 4403 4402 263
7043 262 261 4404
7044 4404 4403 262
7045 261 260 4405
7046 4405 4404 261
7047 260 259 4406
7048 4406 4405 260
7049 259 258 4407
7050 4407 4406 259
7051 258 257 4408
7052 4408 4407 258
7053 257 256 4409
7054 4409 4408 257
7055 256 255 4410
7056 4410 4409 256
7057 255 254 4411
7058 4411 4410 255
7059 254 253 4412
7060 4412 4411 254
7061 253 5 399
7062 399 4412 253
7063 548 4307 4413
7064 4413 547 548
7065 4307 4308 4414
7066 4414 4413 4307
7067 4308 4309 4415
7068 4415 4414 4308
7069 4309 4310 4416
7070 4416 4415 4309
7071 4310 4311 4417
7072 4417 4416 4310
7073 4311 4312 4418
7074 4418 4417 4311
7075 4312 4313 4419
7076 4419 4418 4312
7077 4313 4314 4420
7078 4420 4419 4313
7079 4314 4315 4421
7080 4421 4420 4314
7081 4315 4316 4422
7082 4422 4421 4315
7083 4316 4317 4423
7084 4423 4422 4316
7085 4317 4318 4424
7086 4424 4423 4317
7087 4318 4319 4425
7088 4425 4424 4318
7089 4319 4320 4426
7090 4426 4425 4319
7091 4320 4321 4427
7092 4427 4426 4320
7093 4321 4322 4428
7094 4428 4427 4321
7095 4322 4323 4429
7096 4429 4428 4322
7097 4323 4324 4430
7098 4430 4429 4323
7099 4324 4325 4431
7100 4431 4430 4324
7101 4325 4326 4432
7102 4432 4431 4325
7103 4326 4327 4433
7104 4433 4432 4326
7105 4327 4328 4434
7106 4434 4433 4327
7107 4328 4329 4435
7108 4435 4434 4328
7109 4329 4330 4436
7110 4436 4435 4329
7111 4330 4331 4437
7112 4437 4436 4330
7113 4331 4332 4438
7114 4438 4437 4331
7115 4332 4333 4439
7116 4439 4438 4332
7117 4333 4334 4440
7118 4440 4439 4333
7119 4334 4335 4441
7120 4441 4440 4334
7121 4335 4336 4442
7122 4442 4441 4335
7123 4336 4337 4443
7124 4443 4442 4336
7125 4337 4338 4444
7126 4444 4443 4337
7127 4338 4339 4445
7128 4445 4444 4338
7129 4339 4340 4446
7130 4446 4445 4339
7131 4340 4341 4447
7132 4447 4446 4340
7133 4341 4342 4448
7134 4448 4447 4341
7135 4342 4343 4449
7136 4449 4448 4342
7137 4343 4344 4450
7138 4450 4449 4343
7139 4344 4345 4451
7140 4451 4450 4344
7141 4345 4346 4452
7142 4452 4451 4345
7143 4346 4347 4453
7144 4453 4452 4346
7145 4347 4348 4454
7146 4454 4453 4347
7147 4348 4349 4455
7148 4455 4454 4348
7149 4349 4350 4456
7150 4456 4455 4349
7151 4350 4351 4457
7152 4457 4456 4350
7153 4351 4352 4458
7154 4458 4457 4351
7155 4352 4353 4459
7156 4459 4458 4352
7157 4353 4354 4460
7158 4460 4459 4353
7159 4354 4355 4461
7160 4461 4460 4354
7161 4355 4356 4462
7162 4462 4461 4355
7163 4356 4357 4463
7164 4463 4462 4356
7165 4357 4358 4464
7166 4464 4463 4357
7167 4358 4359 4465
7168 4465 4464 4358
7169 4359 4360 4466
7170 4466 4465 4359
7171 4360 4361 4467
7172 4467 4466 4360
7173 4361 4362 4468
7174 4468 4467 4361
7175 4362 4363 4469
7176 4469 4468 4362
7177 4363 4364 4470
7178 4470 4469 4363
7179 4364 4365 4471
7180 4471 4470 4364
7181 4365 4366 4472
7182 4472 4471 4365
7183 4366 4367 4473
7184 4473 4472 4366
7185 4367 4368 4474
7186 4474 4473 4367
7187 4368 4369 4475
7188 4475 4474 4368
7189 4369 4370 4476
7190 4476 4475 4369
7191 4370 4371 4477
7192 4477 4476 4370
7193 4371 4372 4478
7194 4478 4477 4371
7195 4372 4373 4479
7196 4479 4478 4372
7197 4373 4374 4480
7198 4480 4479 4373
7199 4374 4375 4481
7200 4481 4480 4374
7201 4375 4376 4482
7202 4482 4481 4375
7203 4376 4377 4483
7204 4483 4482 4376
7205 4377 4378 4484
7206 4484 4483 4377
7207 4378 4379 4485
7208 4485 4484 4378
7209 4379 4380 4486
7210 4486 4485 4379
7211 4380 4381 4487
7212 4487 4486 4380
7213 4381 4382 4488
7214 4488 4487 4381
7215 4382 4383 4489
7216 4489 4488 4382
7217 4383 4384 4490
7218 4490 4489 4383
7219 4384 4385 4491
7220 4491 4490 4384
7221 4385 4386 4492
7222 4492 4491 4385
7223 4386 4387 4493
7224 4493 4492 4386
7225 4387 4388 4494
7226 4494 4493 4387
7227 4388 4389 4495
7228 4495 4494 4388
7229 4389 4390 4496
7230 4496 4495 4389
7231 4390 4391 4497
7232 4497 4496 4390
7233 4391 4392 4498
7234 4498 4497 4391
7235 4392 4393 4499
7236 4499 4498 4392
7237 4393 4394 4500
7238 4500 4499 4393
7239 4394 4395 4501
7240 4501 4500 4394
7241 4395 4396 4502
7242 4502 4501 4395
7243 4396 4397 4503
7244 4503 4502 4396
7245 4397 4398 4504
7246 4504 4503 4397
7247 4398 4399 4505
7248 4505 4504 4398
7249 4399 4400 4506
7250 4506 4505 4399
7251 4400 4401 4507
7252 4507 4506 4400
7253 4401 4402 4508
7254 4508 4507 4401
7255 4402 4403 4509
7256 4509 4508 4402
7257 4403 4404 4510
7258 4510 4509 4403
7259 4404 4405 4511
7260 4511 4510 4404
7261 4405 4406 4512
7262 4512 4511 4405
7263 4406 4407 4513
7264 4513 4512 4406
7265 4407 4408 4514
7266 4514 4513 4407
7267 4408 4409 4515
7268 4515 4514 4408
7269 4409 4410 4516
7270 4516 4515 4409
7271 4410 4411 4517
7272 4517 4516 4410
7273 4411 4412 4518
7274 4518 4517 4411
7275 4412 399 400
7276 400 4518 4412
7277 547 4413 4519
7278 4519 546 547
7279 4413 4414 4520
7280 4520 4519 4413
7281 4414 4415 4521
7282 4521 4520 4414
7283 4415 4416 4522
7284 4522 4521 4415
7285 4416 4417 4523
7286 4523 4522 4416
7287 4417 4418 4524
7288 4524 4523 4417
7289 4418 4419 4525
7290 4525 4524 4418
7291 4419 4420 4526
7292 4526 4525 4419
7293 4420 4421 4527
7294 4527 4526 4420
7295 4421 4422 4528
7296 4528 4527 4421
7297 4422 4423 4529
7298 4529 4528 4422
7299 4423 4424 4530
7300 4530 4529 4423
7301 4424 4425 4531
7302 4531 4530 4424
7303 4425 4426 4532
7304 4532 4531 4425
7305 4426 4427 4533
7306 4533 4532 4426
7307 4427 4428 4534
7308 4534 4533 4427
7309 4428 4429 4535
7310 4535 4534 4428
7311 4429 4430 4536
7312 4536 4535 4429
7313 4430 4431 4537
7314 4537 4536 4430
7315 4431 4432 4538
7316 4538 4537 4431
7317 4432 4433 4539
7318 4539 4538 4432
7319 4433 4434 4540
7320 4540 4539 4433
7321 4434 4435 4541
7322 4541 4540 4434
7323 4435 4436 4542
7324 4542 4541 4435
7325 4436 4437 4543
7326 4543 4542 4436
7327 4437 4438 4544
7328 4544 4543 4437
7329 4438 4439 4545
7330 4545 4544 4438
7331 4439 4440 4546
7332 4546 4545 4439
7333 4440 4441 4547
7334 4547 4546 4440
7335 4441 4442 4548
7336 4548 4547 4441
7337 4442 4443 4549
7338 4549 4548 4442
7339 4443 4444 4550
7340 4550 4549 4443
7341 4444 4445 4551
7342 4551 4550 4444
7343 4445 4446 4552
7344 4552 4551 4445
7345 4446 4447 4553
7346 4553 4552 4446
7347 4447 4448 4554
7348 4554 4553 4447
7349 4448 4449 4555
7350 4555 4554 4448
7351 4449 4450 4556
7352 4556 4555 4449
7353 4450 4451 4557
7354 4557 4556 4450
7355 4451 4452 4558
7356 4558 4557 4451
7357 4452 4453 4559
7358 4559 4558 4452
7359 4453 4454 4560
7360 4560 4559 4453
7361 4454 4455 4561
7362 4561 4560 4454
7363 4455 4456 4562
7364 4562 4561 4455
7365 4456 4457 4563
7366 4563 4562 4456
7367 4457 4458 4564
7368 4564 4563 4457
7369 4458 4459 4565
7370 4565 4564 4458
7371 4459 4460 4566
7372 4566 4565 4459
7373 4460 4461 4567
7374 4567 4566 4460
7375 4461 4462 4568
7376 4568 4567 4461
7377 4462 4463 4569
7378 4569 4568 4462
7379 4463 4464 4570
7380 4570 4569 4463
7381 4464 4465 4571
7382 4571 4570 4464
7383 4465 4466 4572
7384 4572 4571 4465
7385 4466 4467 4573
7386 4573 4572 4466
7387 4467 4468 4574
7388 4574 4573 4467
7389 4468 4469 4575
7390 4575 4574 4468
7391 4469 4470 4576
7392 4576 4575 4469
7393 4470 4471 4577
7394 4577 4576 4470
7395 4471 4472 4578
7396 4578 4577 4471
7397 4472 4473 4579
7398 4579 4578 4472
7399 4473 4474 4580
7400 4580 4579 4473
7401 4474 4475 4581
7402 4581 4580 4474
7403 4475 4476 4582
7404 4582 4581 4475
7405 4476 4477 4583
7406 4583 4582 4476
7407 4477 4478 4584
7408 4584 4583 4477
7409 4478 4479 4585
7410 4585 4584 4478
7411 4479 4480 4586
7412 4586 4585 4479
7413 4480 4481 4587
7414 4587 4586 4480
7415 4481 4482 4588
7416 4588 4587 4481
7417 4482 4483 4589
7418 4589 4588 4482
7419 4483 4484 4590
7420 4590 4589 4483
7421 4484 4485 4591
7422 4591 4590 4484
7423 4485 4486 4592
7424 4592 4591 4485
7425 4486 4487 4593
7426 4593 4592 4486
7427 4487 4488 4594
7428 4594 4593 4487
7429 4488 4489 4595
7430 4595 4594 4488
7431 4489 4490 4596
7432 4596 4595 4489
7433 4490 4491 4597
7434 4597 4596 4490
7435 4491 4492 4598
7436 4598 4597 4491
7437 4492 4493 4599
7438 4599 4598 4492
7439 4493 4494 4600
7440 4600 4599 4493
7441 4494 4495 4601
7442 4601 4600 4494
7443 4495 4496 4602
7444 4602 4601 4495
7445 4496 4497 4603
7446 4603 4602 4496
7447 4497 4498 4604
7448 4604 4603 4497
7449 4498 4499 4605
7450 4605 4604 4498
7451 4499 4500 4606
7452 4606 4605 4499
7453 4500 4501 4607
7454 4607 4606 4500
7455 4501 4502 4608
7456 4608 4607 4501
7457 4502 4503 4609
7458 4609 4608 4502
7459 4503 4504 4610
7460 4610 4609 4503
7461 4504 4505 4611
7462 4611 4610 4504
7463 4505 4506 4612
7464 4612 4611 4505
7465 4506 4507 4613
7466 4613 4612 4506
7467 4507 4508 4614
7468 4614 4613 4507
7469 4508 4509 4615
7470 4615 4614 4508
7471 4509 4510 4616
7472 4616 4615 4509
7473 4510 4511 4617
7474 4617 4616 4510
7475 4511 4512 4618
7476 4618 4617 4511
7477 4512 4513 4619
7478 4619 4618 4512
7479 4513 4514 4620
7480 4620 4619 4513
7481 4514 4515 4621
7482 4621 4620 4514
7483 4515 4516 4622
7484 4622 4621 4515
7485 4516 4517 4623
7486 4623 4622 4516
7487 4517 4518 4624
7488 4624 4623 4517
7489 4518 400 401
7490 401 4624 4518
7491 546 4519 4625
7492 4625 545 546
7493 4519 4520 4626
7494 4626 4625 4519
7495 4520 4521 4627
7496 4627 4626 4520
7497 4521 4522 4628
7498 4628 4627 4521
7499 4522 4523 4629
7500 4629 4628 4522
7501 4523 4524 4630
7502 4630 4629 4523
7503 4524 4525 4631
7504 4631 4630 4524
7505 4525 4526 4632
7506 4632 4631 4525
7507 4526 4527 4633
7508 4633 4632 4526
7509 4527 4528 4634
7510 4634 4633 4527
7511 4528 4529 4635
7512 4635 4634 4528
7513 4529 4530 4636
7514 4636 4635 4529
7515 4530 4531 4637
7516 4637 4636 4530
7517 4531 4532 4638
7518 4638 4637 4531
7519 4532 4533 4639
7520 4639 4638 4532
7521 4533 4534 4640
7522 4640 4639 4533
7523 4534 4535 4641
7524 4641 4640 4534
7525 4535 4536 4642
7526 4642 4641 4535
7527 4536 4537 4643
7528 4643 4642 4536
7529 4537 4538 4644
7530 4644 4643 4537
7531 4538 4539 4645
7532 4645 4644 4538
7533 4539 4540 4646
7534 4646 4645 4539
7535 4540 4541 4647
7536 4647 4646 4540
7537 4541 4542 4648
7538 4648 4647 4541
7539 4542 4543 4649
7540 4649 4648 4542
7541 4543 4544 4650
7542 4650 4649 4543
7543 4544 4545 4651
7544 4651 4650 4544
7545 4545 4546 4652
7546 4652 4651 4545
7547 4546 4547 4653
7548 4653 4652 4546
7549 4547 4548 4654
7550 4654 4653 4547
7551 4548 4549 4655
7552 4655 4654 4548
7553 4549 4550 4656
7554 4656 4655 4549
7555 4550 4551 4657
7556 4657 4656 4550
7557 4551 4552 4658
7558 4658 4657 4551
7559 4552 4553 4659
7560 4659 4658 4552
7561 4553 4554 4660
7562 4660 4659 4553
7563 4554 4555 4661
7564 4661 4660 4554
7565 4555 4556 4662
7566 4662 4661 4555
7567 4556 4557 4663
7568 4663 4662 4556
7569 4557 4558 4664
7570 4664 4663 4557
7571 4558 4559 4665
7572 4665 4664 4558
7573 4559 4560 4666
7574 4666 4665 4559
7575 4560 4561 4667
7576 4667 4666 4560
7577 4561 4562 4668
7578 4668 4667 4561
7579 4562 4563 4669
7580 4669 4668 4562
7581 4563 4564 4670
7582 4670 4669 4563
7583 4564 4565 4671
7584 4671 4670 4564
7585 4565 4566 4672
7586 4672 4671 4565
7587 4566 4567 4673
7588 4673 4672 4566
7589 4567 4568 4674
7590 4674 4673 4567
7591 4568 4569 4675
7592 4675 4674 4568
7593 4569 4570 4676
7594 4676 4675 4569
7595 4570 4571 4677
7596 4677 4676 4570
7597 4571 4572 4678
7598 4678 4677 4571
7599 4572 4573 4679
7600 4679 4678 4572
7601 4573 4574 4680
7602 4680 4679 4573
7603 4574 4575 4681
7604 4681 4680 4574
7605 4575 4576 4682
7606 4682 4681 4575
7607 4576 4577 4683
7608 4683 4682 4576
7609 4577 4578 4684
7610 4684 4683 4577
7611 4578 4579 4685
7612 4685 4684 4578
7613 4579 4580 4686
7614 4686 4685 4579
7615 4580 4581 4687
7616 4687 4686 4580
7617 4581 4582 4688
7618 4688 4687 4581
7619 4582 4583 4689
7620 4689 4688 4582
7621 4583 4584 4690
7622 4690 4689 4583
7623 4584 4585 4691
7624 4691 4690 4584
7625 4585 4586 4692
7626 4692 4691 4585
7627 4586 4587 4693
7628 4693 4692 4586
7629 4587 4588 4694
7630 4694 4693 4587
7631 4588 4589 4695
7632 4695 4694 4588
7633 4589 4590 4696
7634 4696 4695 4589
7635 4590 4591 4697
7636 4697 4696 4590
7637 4591 4592 4698
7638 4698 4697 4591
7639 4592 4593 4699
7640 4699 4698 4592
7641 4593 4594 4700
7642 4700 4699 4593
7643 4594 4595 4701
7644 4701 4700 4594
7645 4595 4596 4702
7646 4702 4701 4595
7647 4596 4597 4703
7648 4703 4702 4596
7649 4597 4598 4704
7650 4704 4703 4597
7651 4598 4599 4705
7652 4705 4704 4598
7653 4599 4600 4706
7654 4706 4705 4599
7655 4600 4601 4707
7656 4707 4706 4600
7657 4601 4602 4708
7658 4708 4707 4601
7659 4602 4603 4709
7660 4709 4708 4602
7661 4603 4604 4710
7662 4710 4709 4603
7663 4604 4605 4711
7664 4711 4710 4604
7665 4605 4606 4712
7666 4712 4711 4605
7667 4606 4607 4713
7668 4713 4712 4606
7669 4607 4608 4714
7670 4714 4713 4607
7671 4608 4609 4715
7672 4715 4714 4608
7673 4609 4610 4716
7674 4716 4715 4609
7675 4610 4611 4717
7676 4717 4716 4610
7677 4611 4612 4718
7678 4718 4717 4611
7679 4612 4613 4719
7680 4719 4718 4612
7681 4613 4614 4720
7682 4720 4719 4613
7683 4614 4615 4721
7684 4721 4720 4614
7685 4615 4616 4722
7686 4722 4721 4615
7687 4616 4617 4723
7688 4723 4722 4616
7689 4617 4618 4724
7690 4724 4723 4617
7691 4618 4619 4725
7692 4725 4724 4618
7693 4619 4620 4726
7694 4726 4725 4619
7695 4620 4621 4727
7696 4727 4726 4620
7697 4621 4622 4728
7698 4728 4727 4621
7699 4622 4623 4729
7700 4729 4728 4622
7701 4623 4624 4730
7702 4730 4729 4623
7703 4624 401 402
7704 402 4730 4624
7705 545 4625 4731
7706 4731 544 545
7707 4625 4626 4732
7708 4732 4731 4625
7709 4626 4627 4733
7710 4733 4732 4626
7711 4627 4628 4734
7712 4734 4733 4627
7713 4628 4629 4735
7714 4735 4734 4628
7715 4629 4630 4736
7716 4736 4735 4629
7717 4630 4631 4737
7718 4737 4736 4630
7719 4631 4632 4738
7720 4738 4737 4631
7721 4632 4633 4739
7722 4739 4738 4632
7723 4633 4634 4740
7724 4740 4739 4633
7725 4634 4635 4741
7726 4741 4740 4634
7727 4635 4636 4742
7728 4742 4741 4635
7729 4636 4637 4743
7730 4743 4742 4636
7731 4637 4638 4744
7732 4744 4743 4637
7733 4638 4639 4745
7734 4745 4744 4638
7735 4639 4640 4746
7736 4746 4745 4639
7737 4640 4641 4747
7738 4747 4746 4640
7739 4641 4642 4748
7740 4748 4747 4641
7741 4642 4643 4749
7742 4749 4748 4642
7743 4643 4644 4750
7744 4750 4749 4643
7745 4644 4645 4751
7746 4751 4750 4644
7747 4645 4646 4752
7748 4752 4751 4645
7749 4646 4647 4753
7750 4753 4752 4646
7751 4647 4648 4754
7752 4754 4753 4647
7753 4648 4649 4755
7754 4755 4754 4648
7755 4649 4650 4756
7756 4756 4755 4649
7757 4650 4651 4757
7758 4757 4756 4650
7759 4651 4652 4758
7760 4758 4757 4651
7761 4652 4653 4759
7762 4759 4758 4652
7763 4653 4654 4760
7764 4760 4759 4653
7765 4654 4655 4761
7766 4761 4760 4654
7767 4655 4656 4762
7768 4762 4761 4655
7769 4656 4657 4763
7770 4763 4762 4656
7771 4657 4658 4764
7772 4764 4763 4657
7773 4658 4659 4765
7774 4765 4764 4658
7775 4659 4660 4766
7776 4766 4765 4659
7777 4660 4661 4767
7778 4767 4766 4660
7779 4661 4662 4768
7780 4768 4767 4661
7781 4662 4663 4769
7782 4769 4768 4662
7783 4663 4664 4770
7784 4770 4769 4663
7785 4664 4665 4771
7786 4771 4770 4664
7787 4665 4666 4772
7788 4772 4771 4665
7789 4666 4667 4773
7790 4773 4772 4666
7791 4667 4668 4774
7792 4774 4773 4667
7793 4668 4669 4775
7794 4775 4774 4668
7795 4669 4670 4776
7796 4776 4775 4669
7797 4670 4671 4777
7798 4777 4776 4670
7799 4671 4672 4778
7800 4778 4777 4671
7801 4672 4673 4779
7802 4779 4778 4672
7803 4673 4674 4780
7804 4780 4779 4673
7805 4674 4675 4781
7806 4781 4780 4674
7807 4675 4676 4782
7808 4782 4781 4675
7809 4676 4677 4783
7810 4783 4782 4676
7811 4677 4678 4784
7812 4784 4783 4677
7813 4678 4679 4785
7814 4785 4784 4678
7815 4679 4680 4786
7816 4786 4785 4679
7817 4680 4681 4787
7818 4787 4786 4680
7819 4681 4682 4788
7820 4788 4787 4681
7821 4682 4683 4789
7822 4789 4788 4682
7823 4683 4684 4790
7824 4790 4789 4683
7825 4684 4685 4791
7826 4791 4790 4684
7827 4685 4686 4792
7828 4792 4791 4685
7829 4686 4687 4793
7830 4793 4792 4686
7831 4687 4688 4794
7832 4794 4793 4687
7833 4688 4689 4795
7834 4795 4794 4688
7835 4689 4690 4796
7836 4796 4795 4689
7837 4690 4691 4797
7838 4797 4796 4690
7839 4691 4692 4798
7840 4798 4797 4691
7841 4692 4693 4799
7842 4799 4798 4692
7843 4693 4694 4800
7844 4800 4799 4693
7845 4694 4695 4801
7846 4801 4800 4694
7847 4695 4696 4802
7848 4802 4801 4695
7849 4696 4697 4803
7850 4803 4802 4696
7851 4697 4698 4804
7852 4804 4803 4697
7853 4698 4699 4805
7854 4805 4804 4698
7855 4699 4700 4806
7856 4806 4805 4699
7857 4700 4701 4807
7858 4807 4806 4700
7859 4701 4702 4808
7860 4808 4807 4701
7861 4702 4703 4809
7862 4809 4808 4702
7863 4703 4704 4810
7864 4810 4809 4703
7865 4704 4705 4811
7866 4811 4810 4704
7867 4705 4706 4812
7868 4812 4811 4705
7869 4706 4707 4813
7870 4813 4812 4706
7871 4707 4708 4814
7872 4814 4813 4707
7873 4708 4709 4815
7874 4815 4814 4708
7875 4709 4710 4816
7876 4816 4815 4709
7877 4710 4711 4817
7878 4817 4816 4710
7879 4711 4712 4818
7880 4818 4817 4711
7881 4712 4713 4819
7882 4819 4818 4712
7883 4713 4714 4820
7884 4820 4819 4713
7885 4714 4715 4821
7886 4821 4820 4714
7887 4715 4716 4822
7888 4822 4821 4715
7889 4716 4717 4823
7890 4823 4822 4716
7891 4717 4718 4824
7892 4824 4823 4717
7893 4718 4719 4825
7894 4825 4824 4718
7895 4719 4720 4826
7896 4826 4825 4719
7897 4720 4721 4827
7898 4827 4826 4720
7899 4721 4722 4828
7900 4828 4827 4721
7901 4722 4723 4829
7902 4829 4828 4722
7903 4723 4724 4830
7904 4830 4829 4723
7905 4724 4725 4831
7906 4831 4830 4724
7907 4725 4726 4832
7908 4832 4831 4725
7909 4726 4727 4833
7910 4833 4832 4726
7911 4727 4728 4834
7912 4834 4833 4727
7913 4728 4729 4835
7914 4835 4834 4728
7915 4729 4730 4836
7916 4836 4835 4729
7917 4730 402 403
7918 403 4836 4730
7919 544 4731 4837
7920 4837 543 544
7921 4731 4732 4838
7922 4838 4837 4731
7923 4732 4733 4839
7924 4839 4838 4732
7925 4733 4734 4840
7926 4840 4839 4733
7927 4734 4735 4841
7928 4841 4840 4734
7929 4735 4736 4842
7930 4842 4841 4735
7931 4736 4737 4843
7932 4843 4842 4736
7933 4737 4738 4844
7934 4844 4843 4737
7935 4738 4739 4845
7936 4845 4844 4738
7937 4739 4740 4846
7938 4846 4845 4739
7939 4740 4741 4847
7940 4847 4846 4740
7941 4741 4742 4848
7942 4848 4847 4741
7943 4742 4743 4849
7944 4849 4848 4742
7945 4743 4744 4850
7946 4850 4849 4743
7947 4744 4745 4851
7948 4851 4850 4744
7949 4745 4746 4852
7950 4852 4851 4745
7951 4746 4747 4853
7952 4853 4852 4746
7953 4747 4748 4854
7954 4854 4853 4747
7955 4748 4749 4855
7956 4855 4854 4748
7957 4749 4750 4856
7958 4856 4855 4749
7959 4750 4751 4857
7960 4857 4856 4750
7961 4751 4752 4858
7962 4858 4857 4751
7963 4752 4753 4859
7964 4859 4858 4752
7965 4753 4754 4860
7966 4860 4859 4753
7967 4754 4755 4861
7968 4861 4860 4754
7969 4755 4756 4862
7970 4862 4861 4755
7971 4756 4757 4863
7972 4863 4862 4756
7973 4757 4758 4864
7974 4864 4863 4757
7975 4758 4759 4865
7976 4865 4864 4758
7977 4759 4760 4866
7978 4866 4865 4759
7979 4760 4761 4867
7980 4867 4866 4760
7981 4761 4762 4868
7982 4868 4867 4761
7983 4762 4763 4869
7984 4869 4868 4762
7985 4763 4764 4870
7986 4870 4869 4763
7987 4764 4765 4871
7988 4871 4870 4764
7989 4765 4766 4872
7990 4872 4871 4765
7991 4766 4767 4873
7992 4873 4872 4766
7993 4767 4768 4874
7994 4874 4873 4767
7995 4768 4769 4875
7996 4875 4874 4768
7997 4769 4770 4876
7998 4876 4875 4769
7999 4770 4771 4877
8000 4877 4876 4770
8001 4771 4772 4878
8002 4878 4877 4771
8003 4772 4773 4879
8004 4879 4878 4772
8005 4773 4774 4880
8006 4880 4879 4773
8007 4774 4775 4881
8008 4881 4880 4774
8009 4775 4776 4882
8010 4882 4881 4775
8011 4776 4777 4883
8012 4883 4882 4776
8013 4777 4778 4884
8014 4884 4883 4777
8015 4778 4779 4885
8016 4885 4884 4778
8017 4779 4780 4886
8018 4886 4885 4779
8019 4780 4781 4887
8020 4887 4886 4780
8021 4781 4782 4888
8022 4888 4887 4781
8023 4782 4783 4889
8024 4889 4888 4782
8025 4783 4784 4890
8026 4890 4889 4783
8027 4784 4785 4891
8028 4891 4890 4784
8029 4785 4786 4892
8030 4892 4891 4785
8031 4786 4787 4893
8032 4893 4892 4786
8033 4787 4788 4894
8034 4894 4893 4787
8035 4788 4789 4895
8036 4895 4894 4788
8037 4789 4790 4896
8038 4896 4895 4789
8039 4790 4791 4897
8040 4897 4896 4790
8041 4791 4792 4898
8042 4898 4897 4791
8043 4792 4793 4899
8044 4899 4898 4792
8045 4793 4794 4900
8046 4900 4899 4793
8047 4794 4795 4901
8048 4901 4900 4794
8049 4795 4796 4902
8050 4902 4901 4795
8051 4796 4797 4903
8052 4903 4902 4796
8053 4797 4798 4904
8054 4904 4903 4797
8055 4798 4799 4905
8056 4905 4904 4798
8057 4799 4800 4906
8058 4906 4905 4799
8059 4800 4801 4907
8060 4907 4906 4800
8061 4801 4802 4908
8062 4908 4907 4801
8063 4802 4803 4909
8064 4909 4908 4802
8065 4803 4804 4910
8066 4910 4909 4803
8067 4804 4805 4911
8068 4911 4910 4804
8069 4805 4806 4912
8070 4912 4911 4805
8071 4806 4807 4913
8072 4913 4912 4806
8073 4807 4808 4914
8074 4914 4913 4807
8075 4808 4809 4915
8076 4915 4914 4808
8077 4809 4810 4916
8078 4916 4915 4809
8079 4810 4811 4917
8080 4917 4916 4810
8081 4811 4812 4918
8082 4918 4917 4811
8083 4812 4813 4919
8084 4919 4918 4812
8085 4813 4814 4920
8086 4920 4919 4813
8087 4814 4815 4921
8088 4921 4920 4814
8089 4815 4816 4922
8090 4922 4921 4815
8091 4816 4817 4923
8092 4923 4922 4816
8093 4817 4818 4924
8094 4924 4923 4817
8095 4818 4819 4925
8096 4925 4924 4818
8097 4819 4820 4926
8098 4926 4925 4819
8099 4820 4821 4927
8100 4927 4926 4820
8101 4821 4822 4928
8102 4928 4927 4821
8103 4822 4823 4929
8104 4929 4928 4822
8105 4823 4824 4930
8106 4930 4929 4823
8107 4824 4825 4931
8108 4931 4930 4824
8109 4825 4826 4932
8110 4932 4931 4825
8111 4826 4827 4933
8112 4933 4932 4826
8113 4827 4828 4934
8114 4934 4933 4827
8115 4828 4829 4935
8116 4935 4934 4828
8117 4829 4830 4936
8118 4936 4935 4829
8119 4830 4831 4937
8120 4937 4936 4830
8121 4831 4832 4938
8122 4938 4937 4831
8123 4832 4833 4939
8124 4939 4938 4832
8125 4833 4834 4940
8126 4940 4939 4833
8127 4834 4835 4941
8128 4941 4940 4834
8129 4835 4836 4942
8130 4942 4941 4835
8131 4836 403 404
8132 404 4942 4836
8133 543 4837 4943
8134 4943 542 543
8135 4837 4838 4944
8136 4944 4943 4837
8137 4838 4839 4945
8138 4945 4944 4838
8139 4839 4840 4946
8140 4946 4945 4839
8141 4840 4841 4947
8142 4947 4946 4840
8143 4841 4842 4948
8144 4948 4947 4841
8145 4842 4843 4949
8146 4949 4948 4842
8147 4843 4844 4950
8148 4950 4949 4843
8149 4844 4845 4951
8150 4951 4950 4844
8151 4845 4846 4952
8152 4952 4951 4845
8153 4846 4847 4953
8154 4953 4952 4846
8155 4847 4848 4954
8156 4954 4953 4847
8157 4848 4849 4955
8158 4955 4954 4848
8159 4849 4850 4956
8160 4956 4955 4849
8161 4850 4851 4957
8162 4957 4956 4850
8163 4851 4852 4958
8164 4958 4957 4851
8165 4852 4853 4959
8166 4959 4958 4852
8167 4853 4854 4960
8168 4960 4959 4853
8169 4854 4855 4961
8170 4961 4960 4854
8171 4855 4856 4962
8172 4962 4961 4855
8173 4856 4857 4963
8174 4963 4962 4856
8175 4857 4858 4964
8176 4964 4963 4857
8177 4858 4859 4965
8178 4965 4964 4858
8179 4859 4860 4966
8180 4966 4965 4859
8181 4860 4861 4967
8182 4967 4966 4860
8183 4861 4862 4968
8184 4968 4967 4861
8185 4862 4863 4969
8186 4969 4968 4862
8187 4863 4864 4970
8188 4970 4969 4863
8189 4864 4865 4971
8190 4971 4970 4864
8191 4865 4866 4972
8192 4972 4971 4865
8193 4866 4867 4973
8194 4973 4972 4866
8195 4867 4868 4974
8196 4974 4973 4867
8197 4868 4869 4975
8198 4975 4974 4868
8199 4869 4870 4976
8200 4976 4975 4869
8201 4870 4871 4977
8202 4977 4976 4870
8203 4871 4872 4978
8204 4978 4977 4871
8205 4872 4873 4979
8206 4979 4978 4872
8207 4873 4874 4980
8208 4980 4979 4873
8209 4874 4875 4981
8210 4981 4980 4874
8211 4875 4876 4982
8212 4982 4981 4875
8213 4876 4877 4983
8214 4983 4982 4876
8215 4877 4878 4984
8216 4984 4983 4877
8217 4878 4879 4985
8218 4985 4984 4878
8219 4879 4880 4986
8220 4986 4985 4879
8221 4880 4881 4987
8222 4987 4986 4880
8223 4881 4882 4988
8224 4988 4987 4881
8225 4882 4883 4989
8226 4989 4988 4882
8227 4883 4884 4990
8228 4990 4989 4883
8229 4884 4885 4991
8230 4991 4990 4884
8231 4885 4886 4992
8232 4992 4991 4885
8233 4886 4887 4993
8234 4993 4992 4886
8235 4887 4888 4994
8236 4994 4993 4887
8237 4888 4889 4995
8238 4995 4994 4888
8239 4889 4890 4996
8240 4996 4995 4889
8241 4890 4891 4997
8242 4997 4996 4890
8243 4891 4892 4998
8244 4998 4997 4891
8245 4892 4893 4999
8246 4999 4998 4892
8247 4893 4894 5000
8248 5000 4999 4893
8249 4894 4895 5001
8250 5001 5000 4894
8251 4895 4896 5002
8252 5002 5001 4895
8253 4896 4897 5003
8254 5003 5002 4896
8255 4897 4898 5004
8256 5004 5003 4897
8257 4898 4899 5005
8258 5005 5004 4898
8259 4899 4900 5006
8260 5006 5005 4899
8261 4900 4901 5007
8262 5007 5006 4900
8263 4901 4902 5008
8264 5008 5007 4901
8265 4902 4903 5009
8266 5009 5008 4902
8267 4903 4904 5010
8268 5010 5009 4903
8269 4904 4905 5011
8270 5011 5010 4904
8271 4905 4906 5012
8272 5012 5011 4905
8273 4906 4907 5013
8274 5013 5012 4906
8275 4907 4908 5014
8276 5014 5013 4907
8277 4908 4909 5015
8278 5015 5014 4908
8279 4909 4910 5016
8280 5016 5015 4909
8281 4910 4911 5017
8282 5017 5016 4910
8283 4911 4912 5018
8284 5018 5017 4911
8285 4912 4913 5019
8286 5019 5018 4912
8287 4913 4914 5020
8288 5020 5019 4913
8289 4914 4915 5021
8290 5021 5020 4914
8291 4915 4916 5022
8292 5022 5021 4915
8293 4916 4917 5023
8294 5023 5022 4916
8295 4917 4918 5024
8296 5024 5023 4917
8297 4918 4919 5025
8298 5025 5024 4918
8299 4919 4920 5026
8300 5026 5025 4919
8301 4920 4921 5027
8302 5027 5026 4920
8303 4921 4922 5028
8304 5028 5027 4921
8305 4922 4923 5029
8306 5029 5028 4922
8307 4923 4924 5030
8308 5030 5029 4923
8309 4924 4925 5031
8310 5031 5030 4924
8311 4925 4926 5032
8312 5032 5031 4925
8313 4926 4927 5033
8314 5033 5032 4926
8315 4927 4928 5034
8316 5034 5033 4927
8317 4928 4929 5035
8318 5035 5034 4928
8319 4929 4930 5036
8320 5036 5035 4929
8321 4930 4931 5037
8322 5037 5036 4930
8323 4931 4932 5038
8324 5038 5037 4931
8325 4932 4933 5039
8326 5039 5038 4932
8327 4933 4934 5040
8328 5040 5039 4933
8329 4934 4935 5041
8330 5041 5040 4934
8331 4935 4936 5042
8332 5042 5041 4935
8333 4936 4937 5043
8334 5043 5042 4936
8335 4937 4938 5044
8336 5044 5043 4937
8337 4938 4939 5045
8338 5045 5044 4938
8339 4939 4940 5046
8340 5046 5045 4939
8341 4940 4941 5047
8342 5047 5046 4940
8343 4941 4942 5048
8344 5048 5047 4941
8345 4942 404 405
8346 405 5048 4942
8347 542 4943 5049
8348 5049 541 542
8349 4943 4944 5050
8350 5050 5049 4943
8351 4944 4945 5051
8352 5051 5050 4944
8353 4945 4946 5052
8354 5052 5051 4945
8355 4946 4947 5053
8356 5053 5052 4946
8357 4947 4948 5054
8358 5054 5053 4947
8359 4948 4949 5055
8360 5055 5054 4948
8361 4949 4950 5056
8362 5056 5055 4949
8363 4950 4951 5057
8364 5057 5056 4950
8365 4951 4952 5058
8366 5058 5057 4951
8367 4952 4953 5059
8368 5059 5058 4952
8369 4953 4954 5060
8370 5060 5059 4953
8371 4954 4955 5061
8372 5061 5060 4954
8373 4955 4956 5062
8374 5062 5061 4955
8375 4956 4957 5063
8376 5063 5062 4956
8377 4957 4958 5064
8378 5064 5063 4957
8379 4958 4959 5065
8380 5065 5064 4958
8381 4959 4960 5066
8382 5066 5065 4959
8383 4960 4961 5067
8384 5067 5066 4960
8385 4961 4962 5068
8386 5068 5067 4961
8387 4962 4963 5069
8388 5069 5068 4962
8389 4963 4964 5070
8390 5070 5069 4963
8391 4964 4965 5071
8392 5071 5070 4964
8393 4965 4966 5072
8394 5072 5071 4965
8395 4966 4967 5073
8396 5073 5072 4966
8397 4967 4968 5074
8398 5074 5073 4967
8399 4968 4969 5075
8400 5075 5074 4968
8401 4969 4970 5076
8402 5076 5075 4969
8403 4970 4971 5077
8404 5077 5076 4970
8405 4971 4972 5078
8406 5078 5077 4971
8407 4972 4973 5079
8408 5079 5078 4972
8409 4973 4974 5080
8410 5080 5079 4973
8411 4974 4975 5081
8412 5081 5080 4974
8413 4975 4976 5082
8414 5082 5081 4975
8415 4976 4977 5083
8416 5083 5082 4976
8417 4977 4978 5084
8418 5084 5083 4977
8419 4978 4979 5085
8420 5085 5084 4978
8421 4979 4980 5086
8422 5086 5085 4979
8423 4980 4981 5087
8424 5087 5086 4980
8425 4981 4982 5088
8426 5088 5087 4981
8427 4982 4983 5089
8428 5089 5088 4982
8429 4983 4984 5090
8430 5090 5089 4983
8431 4984 4985 5091
8432 5091 5090 4984
8433 4985 4986 5092
8434 5092 5091 4985
8435 4986 4987 5093
8436 5093 5092 4986
8437 4987 4988 5094
8438 5094 5093 4987
8439 4988 4989 5095
8440 5095 5094 4988
8441 4989 4990 5096
8442 5096 5095 4989
8443 4990 4991 5097
8444 5097 5096 4990
8445 4991 4992 5098
8446 5098 5097 4991
8447 4992 4993 5099
8448 5099 5098 4992
8449 4993 4994 5100
8450 5100 5099 4993
8451 4994 4995 5101
8452 5101 5100 4994
8453 4995 4996 5102
8454 5102 5101 4995
8455 4996 4997 5103
8456 5103 5102 4996
8457 4997 4998 5104
8458 5104 5103 4997
8459 4998 4999 5105
8460 5105 5104 4998
8461 4999 5000 5106
8462 5106 5105 4999
8463 5000 5001 5107
8464 5107 5106 5000
8465 5001 5002 5108
8466 5108 5107 5001
8467 5002 5003 5109
8468 5109 5108 5002
8469 5003 5004 5110
8470 5110 5109 5003
8471 5004 5005 5111
8472 5111 5110 5004
8473 5005 5006 5112
8474 5112 5111 5005
8475 5006 5007 5113
8476 5113 5112 5006
8477 5007 5008 5114
8478 5114 5113 5007
8479 5008 5009 5115
8480 5115 5114 5008
8481 5009 5010 5116
8482 5116 5115 5009
8483 5010 5011 5117
8484 5117 5116 5010
8485 5011 5012 5118
8486 5118 5117 5011
8487 5012 5013 5119
8488 5119 5118 5012
8489 5013 5014 5120
8490 5120 5119 5013
8491 5014 5015 5121
8492 5121 5120 5014
8493 5015 5016 5122
8494 5122 5121 5015
8495 5016 5017 5123
8496 5123 5122 5016
8497 5017 5018 5124
8498 5124 5123 5017
8499 5018 5019 5125
8500 5125 5124 5018
8501 5019 5020 5126
8502 5126 5125 5019
8503 5020 5021 5127
8504 5127 5126 5020
8505 5021 5022 5128
8506 5128 5127 5021
8507 5022 5023 5129
8508 5129 5128 5022
8509 5023 5024 5130
8510 5130 5129 5023
8511 5024 5025 5131
8512 5131 5130 5024
8513 5025 5026 5132
8514 5132 5131 5025
8515 5026 5027 5133
8516 5133 5132 5026
8517 5027 5028 5134
8518 5134 5133 5027
8519 5028 5029 5135
8520 5135 5134 5028
8521 5029 5030 5136
8522 5136 5135 5029
8523 5030 5031 5137
8524 5137 5136 5030
8525 5031 5032 5138
8526 5138 5137 5031
8527 5032 5033 5139
8528 5139 5138 5032
8529 5033 5034 5140
8530 5140 5139 5033
8531 5034 5035 5141
8532 5141 5140 5034
8533 5035 5036 5142
8534 5142 5141 5035
8535 5036 5037 5143
8536 5143 5142 5036
8537 5037 5038 5144
8538 5144 5143 5037
8539 5038 5039 5145
8540 5145 5144 5038
8541 5039 5040 5146
8542 5146 5145 5039
8543 5040 5041 5147
8544 5147 5146 5040
8545 5041 5042 5148
8546 5148 5147 5041
8547 5042 5043 5149
8548 5149 5148 5042
8549 5043 5044 5150
8550 5150 5149 5043
8551 5044 5045 5151
8552 5151 5150 5044
8553 5045 5046 5152
8554 5152 5151 5045
8555 5046 5047 5153
8556 5153 5152 5046
8557 5047 5048 5154
8558 5154 5153 5047
8559 5048 405 406
8560 406 5154 5048
8561 541 5049 5155
8562 5155 540 541
8563 5049 5050 5156
8564 5156 5155 5049
8565 5050 5051 5157
8566 5157 5156 5050
8567 5051 5052 5158
8568 5158 5157 5051
8569 5052 5053 5159
8570 5159 5158 5052
8571 5053 5054 5160
8572 5160 5159 5053
8573 5054 5055 5161
8574 5161 5160 5054
8575 5055 5056 5162
8576 5162 5161 5055
8577 5056 5057 5163
8578 5163 5162 5056
8579 5057 5058 5164
8580 5164 5163 5057
8581 5058 5059 5165
8582 5165 5164 5058
8583 5059 5060 5166
8584 5166 5165 5059
8585 5060 5061 5167
8586 5167 5166 5060
8587 5061 5062 5168
8588 5168 5167 5061
8589 5062 5063 5169
8590 5169 5168 5062
8591 5063 5064 5170
8592 5170 5169 5063
8593 5064 5065 5171
8594 5171 5170 5064
8595 5065 5066 5172
8596 5172 5171 5065
8597 5066 5067 5173
8598 5173 5172 5066
8599 5067 5068 5174
8600 5174 5173 5067
8601 5068 5069 5175
8602 5175 5174 5068
8603 5069 5070 5176
8604 5176 5175 5069
8605 5070 5071 5177
8606 5177 5176 5070
8607 5071 5072 5178
8608 5178 5177 5071
8609 5072 5073 5179
8610 5179 5178 5072
8611 5073 5074 5180
8612 5180 5179 5073
8613 5074 5075 5181
8614 5181 5180 5074
8615 5075 5076 5182
8616 5182 5181 5075
8617 5076 5077 5183
8618 5183 5182 5076
8619 5077 5078 5184
8620 5184 5183 5077
8621 5078 5079 5185
8622 5185 5184 5078
8623 5079 5080 5186
8624 5186 5185 5079
8625 5080 5081 5187
8626 5187 5186 5080
8627 5081 5082 5188
8628 5188 5187 5081
8629 5082 5083 5189
8630 5189 5188 5082
8631 5083 5084 5190
8632 5190 5189 5083
8633 5084 5085 5191
8634 5191 5190 5084
8635 5085 5086 5192
8636 5192 5191 5085
8637 5086 5087 5193
8638 5193 5192 5086
8639 5087 5088 5194
8640 5194 5193 5087
8641 5088 5089 5195
8642 5195 5194 5088
8643 5089 5090 5196
8644 5196 5195 5089
8645 5090 5091 5197
8646 5197 5196 5090
8647 5091 5092 5198
8648 5198 5197 5091
8649 5092 5093 5199
8650 5199 5198 5092
8651 5093 5094 5200
8652 5200 5199 5093
8653 5094 5095 5201
8654 5201 5200 5094
8655 5095 5096 5202
8656 5202 5201 5095
8657 5096 5097 5203
8658 5203 5202 5096
8659 5097 5098 5204
8660 5204 5203 5097
8661 5098 5099 5205
8662 5205 5204 5098
8663 5099 5100 5206
8664 5206 5205 5099
8665 5100 5101 5207
8666 5207 5206 5100
8667 5101 5102 5208
8668 5208 5207 5101
8669 5102 5103 5209
8670 5209 5208 5102
8671 5103 5104 5210
8672 5210 5209 5103
8673 5104 5105 5211
8674 5211 5210 5104
8675 5105 5106 5212
8676 5212 5211 5105
8677 5106 5107 5213
8678 5213 5212 5106
8679 5107 5108 5214
8680 5214 5213 5107
8681 5108 5109 5215
8682 5215 5214 5108
8683 5109 5110 5216
8684 5216 5215 5109
8685 5110 5111 5217
8686 5217 5216 5110
8687 5111 5112 5218
8688 5218 5217 5111
8689 5112 5113 5219
8690 5219 5218 5112
8691 5113 5114 5220
8692 5220 5219 5113
8693 5114 5115 5221
8694 5221 5220 5114
8695 5115 5116 5222
8696 5222 5221 5115
8697 5116 5117 5223
8698 5223 5222 5116
8699 5117 5118 5224
8700 5224 5223 5117
8701 5118 5119 5225
8702 5225 5224 5118
8703 5119 5120 5226
8704 5226 5225 5119
8705 5120 5121 5227
8706 5227 5226 5120
8707 5121 5122 5228
8708 5228 5227 5121
8709 5122 5123 5229
8710 5229 5228 5122
8711 5123 5124 5230
8712 5230 5229 5123
8713 5124 5125 5231
8714 5231 5230 5124
8715 5125 5126 5232
8716 5232 5231 5125
8717 5126 5127 5233
8718 5233 5232 5126
8719 5127 5128 5234
8720 5234 5233 5127
8721 5128 5129 5235
8722 5235 5234 5128
8723 5129 5130 5236
8724 5236 5235 5129
8725 5130 5131 5237
8726 5237 5236 5130
8727 5131 5132 5238
8728 5238 5237 5131
8729 5132 5133 5239
8730 5239 5238 5132
8731 5133 5134 5240
8732 5240 5239 5133
8733 5134 5135 5241
8734 5241 5240 5134
8735 5135 5136 5242
8736 5242 5241 5135
8737 5136 5137 5243
8738 5243 5242 5136
8739 5137 5138 5244
8740 5244 5243 5137
8741 5138 5139 5245
8742 5245 5244 5138
8743 5139 5140 5246
8744 5246 5245 5139
8745 5140 5141 5247
8746 5247 5246 5140
8747 5141 5142 5248
8748 5248 5247 5141
8749 5142 5143 5249
8750 5249 5248 5142
8751 5143 5144 5250
8752 5250 5249 5143
8753 5144 5145 5251
8754 5251 5250 5144
8755 5145 5146 5252
8756 5252 5251 5145
8757 5146 5147 5253
8758 5253 5252 5146
8759 5147 5148 5254
8760 5254 5253 5147
8761 5148 5149 5255
8762 5255 5254 5148
8763 5149 5150 5256
8764 5256 5255 5149
8765 5150 5151 5257
8766 5257 5256 5150
8767 5151 5152 5258
8768 5258 5257 5151
8769 5152 5153 5259
8770 5259 5258 5152
8771 5153 5154 5260
8772 5260 5259 5153
8773 5154 406 407
8774 407 5260 5154
8775 540 5155 5261
8776 5261 539 540
8777 5155 5156 5262
8778 5262 5261 5155
8779 5156 5157 5263
8780 5263 5262 5156
8781 5157 5158 5264
8782 5264 5263 5157
8783 5158 5159 5265
8784 5265 5264 5158
8785 5159 5160 5266
8786 5266 5265 5159
8787 5160 5161 5267
8788 5267 5266 5160
8789 5161 5162 5268
8790 5268 5267 5161
8791 5162 5163 5269
8792 5269 5268 5162
8793 5163 5164 5270
8794 5270 5269 5163
8795 5164 5165 5271
8796 5271 5270 5164
8797 5165 5166 5272
8798 5272 5271 5165
8799 5166 5167 5273
8800 5273 5272 5166
8801 5167 5168 5274
8802 5274 5273 5167
8803 5168 5169 5275
8804 5275 5274 5168
8805 5169 5170 5276
8806 5276 5275 5169
8807 5170 5171 5277
8808 5277 5276 5170
8809 5171 5172 5278
8810 5278 5277 5171
8811 5172 5173 5279
8812 5279 5278 5172
8813 5173 5174 5280
8814 5280 5279 5173
8815 5174 5175 5281
8816 5281 5280 5174
8817 5175 5176 5282
8818 5282 5281 5175
8819 5176 5177 5283
8820 5283 5282 5176
8821 5177 5178 5284
8822 5284 5283 5177
8823 5178 5179 5285
8824 5285 5284 5178
8825 5179 5180 5286
8826 5286 5285 5179
8827 5180 5181 5287
8828 5287 5286 5180
8829 5181 5182 5288
8830 5288 5287 5181
8831 5182 5183 5289
8832 5289 5288 5182
8833 5183 5184 5290
8834 5290 5289 5183
8835 5184 5185 5291
8836 5291 5290 5184
8837 5185 5186 5292
8838 5292 5291 5185
8839 5186 5187 5293
8840 5293 5292 5186
8841 5187 5188 5294
8842 5294 5293 5187
8843 5188 5189 5295
8844 5295 5294 5188
8845 5189 5190 5296
8846 5296 5295 5189
8847 5190 5191 5297
8848 5297 5296 5190
8849 5191 5192 5298
8850 5298 5297 5191
8851 5192 5193 5299
8852 5299 5298 5192
8853 5193 5194 5300
8854 5300 5299 5193
8855 5194 5195 5301
8856 5301 5300 5194
8857 5195 5196 5302
8858 5302 5301 5195
8859 5196 5197 5303
8860 5303 5302 5196
8861 5197 5198 5304
8862 5304 5303 5197
8863 5198 5199 5305
8864 5305 5304 5198
8865 5199 5200 5306
8866 5306 5305 5199
8867 5200 5201 5307
8868 5307 5306 5200
8869 5201 5202 5308
8870 5308 5307 5201
8871 5202 5203 5309
8872 5309 5308 5202
8873 5203 5204 5310
8874 5310 5309 5203
8875 5204 5205 5311
8876 5311 5310 5204
8877 5205 5206 5312
8878 5312 5311 5205
8879 5206 5207 5313
8880 5313 5312 5206
8881 5207 5208 5314
8882 5314 5313 5207
8883 5208 5209 5315
8884 5315 5314 5208
8885 5209 5210 5316
8886 5316 5315 5209
8887 5210 5211 5317
8888 5317 5316 5210
8889 5211 5212 5318
8890 5318 5317 5211
8891 5212 5213 5319
8892 5319 5318 5212
8893 5213 5214 5320
8894 5320 5319 5213
8895 5214 5215 5321
8896 5321 5320 5214
8897 5215 5216 5322
8898 5322 5321 5215
8899 5216 5217 5323
8900 5323 5322 5216
8901 5217 5218 5324
8902 5324 5323 5217
8903 5218 5219 5325
8904 5325 5324 5218
8905 5219 5220 5326
8906 5326 5325 5219
8907 5220 5221 5327
8908 5327 5326 5220
8909 5221 5222 5328
8910 5328 5327 5221
8911 5222 5223 5329
8912 5329 5328 5222
8913 5223 5224 5330
8914 5330 5329 5223
8915 5224 5225 5331
8916 5331 5330 5224
8917 5225 5226 5332
8918 5332 5331 5225
8919 5226 5227 5333
8920 5333 5332 5226
8921 5227 5228 5334
8922 5334 5333 5227
8923 5228 5229 5335
8924 5335 5334 5228
8925 5229 5230 5336
8926 5336 5335 5229
8927 5230 5231 5337
8928 5337 5336 5230
8929 5231 5232 5338
8930 5338 5337 5231
8931 5232 5233 5339
8932 5339 5338 5232
8933 5233 5234 5340
8934 5340 5339 5233
8935 5234 5235 5341
8936 5341 5340 5234
8937 5235 5236 5342
8938 5342 5341 5235
8939 5236 5237 5343
8940 5343 5342 5236
8941 5237 5238 5344
8942 5344 5343 5237
8943 5238 5239 5345
8944 5345 5344 5238
8945 5239 5240 5346
8946 5346 5345 5239
8947 5240 5241 5347
8948 5347 5346 5240
8949 5241 5242 5348
8950 5348 5347 5241
8951 5242 5243 5349
8952 5349 5348 5242
8953 5243 5244 5350
8954 5350 5349 5243
8955 5244 5245 5351
8956 5351 5350 5244
8957 5245 5246 5352
8958 5352 5351 5245
8959 5246 5247 5353
8960 5353 5352 5246
8961 5247 5248 5354
8962 5354 5353 5247
8963 5248 5249 5355
8964 5355 5354 5248
8965 5249 5250 5356
8966 5356 5355 5249
8967 5250 5251 5357
8968 5357 5356 5250
8969 5251 5252 5358
8970 5358 5357 5251
8971 5252 5253 5359
8972 5359 5358 5252
8973 5253 5254 5360
8974 5360 5359 5253
8975 5254 5255 5361
8976 5361 5360 5254
8977 5255 5256 5362
8978 5362 5361 5255
8979 5256 5257 5363
8980 5363 5362 5256
8981 5257 5258 5364
8982 5364 5363 5257
8983 5258 5259 5365
8984 5365 5364 5258
8985 5259 5260 5366
8986 5366 5365 5259
8987 5260 407 408
8988 408 5366 5260
8989 539 5261 5367
8990 5367 538 539
8991 5261 5262 5368
8992 5368 5367 5261
8993 5262 5263 5369
8994 5369 5368 5262
8995 5263 5264 5370
8996 5370 5369 5263
8997 5264 5265 5371
8998 5371 5370 5264
8999 5265 5266 5372
9000 5372 5371 5265
9001 5266 5267 5373
9002 5373 5372 5266
9003 5267 5268 5374
9004 5374 5373 5267
9005 5268 5269 5375
9006 5375 5374 5268
9007 5269 5270 5376
9008 5376 5375 5269
9009 5270 5271 5377
9010 5377 5376 5270
9011 5271 5272 5378
9012 5378 5377 5271
9013 5272 5273 5379
9014 5379 5378 5272
9015 5273 5274 5380
9016 5380 5379 5273
9017 5274 5275 5381
9018 5381 5380 5274
9019 5275 5276 5382
9020 5382 5381 5275
9021 5276 5277 5383
9022 5383 5382 5276
9023 5277 5278 5384
9024 5384 5383 5277
9025 5278 5279 5385
9026 5385 5384 5278
9027 5279 5280 5386
9028 5386 5385 5279
9029 5280 5281 5387
9030 5387 5386 5280
9031 5281 5282 5388
9032 5388 5387 5281
9033 5282 5283 5389
9034 5389 5388 5282
9035 5283 5284 5390
9036 5390 5389 5283
9037 5284 5285 5391
9038 5391 5390 5284
9039 5285 5286 5392
9040 5392 5391 5285
9041 5286 5287 5393
9042 5393 5392 5286
9043 5287 5288 5394
9044 5394 5393 5287
9045 5288 5289 5395
9046 5395 5394 5288
9047 5289 5290 5396
9048 5396 5395 5289
9049 5290 5291 5397
9050 5397 5396 5290
9051 5291 5292 5398
9052 5398 5397 5291
9053 5292 5293 5399
9054 5399 5398 5292
9055 5293 5294 5400
9056 5400 5399 5293
9057 5294 5295 5401
9058 5401 5400 5294
9059 5295 5296 5402
9060 5402 5401 5295
9061 5296 5297 5403
9062 5403 5402 5296
9063 5297 5298 5404
9064 5404 5403 5297
9065 5298 5299 5405
9066 5405 5404 5298
9067 5299 5300 5406
9068 5406 5405 5299
9069 5300 5301 5407
9070 5407 5406 5300
9071 5301 5302 5408
9072 5408 5407 5301
9073 5302 5303 5409
9074 5409 5408 5302
9075 5303 5304 5410
9076 5410 5409 5303
9077 5304 5305 5411
9078 5411 5410 5304
9079 5305 5306 5412
9080 5412 5411 5305
9081 5306 5307 5413
9082 5413 5412 5306
9083 5307 5308 5414
9084 5414 5413 5307
9085 5308 5309 5415
9086 5415 5414 5308
9087 5309 5310 5416
9088 5416 5415 5309
9089 5310 5311 5417
9090 5417 5416 5310
9091 5311 5312 5418
9092 5418 5417 5311
9093 5312 5313 5419
9094 5419 5418 5312
9095 5313 5314 5420
9096 5420 5419 5313
9097 5314 5315 5421
9098 5421 5420 5314
9099 5315 5316 5422
9100 5422 5421 5315
9101 5316 5317 5423
9102 5423 5422 5316
9103 5317 5318 5424
9104 5424 5423 5317
9105 5318 5319 5425
9106 5425 5424 5318
9107 5319 5320 5426
9108 5426 5425 5319
9109 5320 5321 5427
9110 5427 5426 5320
9111 5321 5322 5428
9112 5428 5427 5321
9113 5322 5323 5429
9114 5429 5428 5322
9115 5323 5324 5430
9116 5430 5429 5323
9117 5324 5325 5431
9118 5431 5430 5324
9119 5325 5326 5432
9120 5432 5431 5325
9121 5326 5327 5433
9122 5433 5432 5326
9123 5327 5328 5434
9124 5434 5433 5327
9125 5328 5329 5435
9126 5435 5434 5328
9127 5329 5330 5436
9128 5436 5435 5329
9129 5330 5331 5437
9130 5437 5436 5330
9131 5331 5332 5438
9132 5438 5437 5331
9133 5332 5333 5439
9134 5439 5438 5332
9135 5333 5334 5440
9136 5440 5439 5333
9137 5334 5335 5441
9138 5441 5440 5334
9139 5335 5336 5442
9140 5442 5441 5335
9141 5336 5337 5443
9142 5443 5442 5336
9143 5337 5338 5444
9144 5444 5443 5337
9145 5338 5339 5445
9146 5445 5444 5338
9147 5339 5340 5446
9148 5446 5445 5339
9149 5340 5341 5447
9150 5447 5446 5340
9151 5341 5342 5448
9152 5448 5447 5341
9153 5342 5343 5449
9154 5449 5448 5342
9155 5343 5344 5450
9156 5450 5449 5343
9157 5344 5345 5451
9158 5451 5450 5344
9159 5345 5346 5452
9160 5452 5451 5345
9161 5346 5347 5453
9162 5453 5452 5346
9163 5347 5348 5454
9164 5454 5453 5347
9165 5348 5349 5455
9166 5455 5454 5348
9167 5349 5350 5456
9168 5456 5455 5349
9169 5350 5351 5457
9170 5457 5456 5350
9171 5351 5352 5458
9172 5458 5457 5351
9173 5352 5353 5459
9174 5459 5458 5352
9175 5353 5354 5460
9176 5460 5459 5353
9177 5354 5355 5461
9178 5461 5460 5354
9179 5355 5356 5462
9180 5462 5461 5355
9181 5356 5357 5463
9182 5463 5462 5356
9183 5357 5358 5464
9184 5464 5463 5357
9185 5358 5359 5465
9186 5465 5464 5358
9187 5359 5360 5466
9188 5466 5465 5359
9189 5360 5361 5467
9190 5467 5466 5360
9191 5361 5362 5468
9192 5468 5467 5361
9193 5362 5363 5469
9194 5469 5468 5362
9195 5363 5364 5470
9196 5470 5469 5363
9197 5364 5365 5471
9198 5471 5470 5364
9199 5365 5366 5472
9200 5472 5471 5365
9201 5366 408 409
9202 409 5472 5366
9203 538 5367 5473
9204 5473 537 538
9205 5367 5368 5474
9206 5474 5473 5367
9207 5368 5369 5475
9208 5475 5474 5368
9209 5369 5370 5476
9210 5476 5475 5369
9211 5370 5371 5477
9212 5477 5476 5370
9213 5371 5372 5478
9214 5478 5477 5371
9215 5372 5373 5479
9216 5479 5478 5372
9217 5373 5374 5480
9218 5480 5479 5373
9219 5374 5375 5481
9220 5481 5480 5374
9221 5375 5376 5482
9222 5482 5481 5375
9223 5376 5377 5483
9224 5483 5482 5376
9225 5377 5378 5484
9226 5484 5483 5377
9227 5378 5379 5485
9228 5485 5484 5378
9229 5379 5380 5486
9230 5486 5485 5379
9231 5380 5381 5487
9232 5487 5486 5380
9233 5381 5382 5488
9234 5488 5487 5381
9235 5382 5383 5489
9236 5489 5488 5382
9237 5383 5384 5490
9238 5490 5489 5383
9239 5384 5385 5491
9240 5491 5490 5384
9241 5385 5386 5492
9242 5492 5491 5385
9243 5386 5387 5493
9244 5493 5492 5386
9245 5387 5388 5494
9246 5494 5493 5387
9247 5388 5389 5495
9248 5495 5494 5388
9249 5389 5390 5496
9250 5496 5495 5389
9251 5390 5391 5497
9252 5497 5496 5390
9253 5391 5392 5498
9254 5498 5497 5391
9255 5392 5393 5499
9256 5499 5498 5392
9257 5393 5394 5500
9258 5500 5499 5393
9259 5394 5395 5501
9260 5501 5500 5394
9261 5395 5396 5502
9262 5502 5501 5395
9263 5396 5397 5503
9264 5503 5502 5396
9265 5397 5398 5504
9266 5504 5503 5397
9267 5398 5399 5505
9268 5505 5504 5398
9269 5399 5400 5506
9270 5506 5505 5399
9271 5400 5401 5507
9272 5507 5506 5400
9273 5401 5402 5508
9274 5508 5507 5401
9275 5402 5403 5509
9276 5509 5508 5402
9277 5403 5404 5510
9278 5510 5509 5403
9279 5404 5405 5511
9280 5511 5510 5404
9281 5405 5406 5512
9282 5512 5511 5405
9283 5406 5407 5513
9284 5513 5512 5406
9285 5407 5408 5514
9286 5514 5513 5407
9287 5408 5409 5515
9288 5515 5514 5408
9289 5409 5410 5516
9290 5516 5515 5409
9291 5410 5411 5517
9292 5517 5516 5410
9293 5411 5412 5518
9294 5518 5517 5411
9295 5412 5413 5519
9296 5519 5518 5412
9297 5413 5414 5520
9298 5520 5519 5413
9299 5414 5415 5521
9300 5521 5520 5414
9301 5415 5416 5522
9302 5522 5521 5415
9303 5416 5417 5523
9304 5523 5522 5416
9305 5417 5418 5524
9306 5524 5523 5417
9307 5418 5419 5525
9308 5525 5524 5418
9309 5419 5420 5526
9310 5526 5525 5419
9311 5420 5421 5527
9312 5527 5526 5420
9313 5421 5422 5528
9314 5528 5527 5421
9315 5422 5423 5529
9316 5529 5528 5422
9317 5423 5424 5530
9318 5530 5529 5423
9319 5424 5425 5531
9320 5531 5530 5424
9321 5425 5426 5532
9322 5532 5531 5425
9323 5426 5427 5533
9324 5533 5532 5426
9325 5427 5428 5534
9326 5534 5533 5427
9327 5428 5429 5535
9328 5535 5534 5428
9329 5429 5430 5536
9330 5536 5535 5429
9331 5430 5431 5537
9332 5537 5536 5430
9333 5431 5432 5538
9334 5538 5537 5431
9335 5432 5433 5539
9336 5539 5538 5432
9337 5433 5434 5540
9338 5540 5539 5433
9339 5434 5435 5541
9340 5541 5540 5434
9341 5435 5436 5542
9342 5542 5541 5435
9343 5436 5437 5543
9344 5543 5542 5436
9345 5437 5438 5544
9346 5544 5543 5437
9347 5438 5439 5545
9348 5545 5544 5438
9349 5439 5440 5546
9350 5546 5545 5439
9351 5440 5441 5547
9352 5547 5546 5440
9353 5441 5442 5548
9354 5548 5547 5441
9355 5442 5443 5549
9356 5549 5548 5442
9357 5443 5444 5550
9358 5550 5549 5443
9359 5444 5445 5551
9360 5551 5550 5444
9361 5445 5446 5552
9362 5552 5551 5445
9363 5446 5447 5553
9364 5553 5552 5446
9365 5447 5448 5554
9366 5554 5553 5447
9367 5448 5449 5555
9368 5555 5554 5448
9369 5449 5450 5556
9370 5556 5555 5449
9371 5450 5451 5557
9372 5557 5556 5450
9373 5451 5452 5558
9374 5558 5557 5451
9375 5452 5453 5559
9376 5559 5558 5452
9377 5453 5454 5560
9378 5560 5559 5453
9379 5454 5455 5561
9380 5561 5560 5454
9381 5455 5456 5562
9382 5562 5561 5455
9383 5456 5457 5563
9384 5563 5562 5456
9385 5457 5458 5564
9386 5564 5563 5457
9387 5458 5459 5565
9388 5565 5564 5458
9389 5459 5460 5566
9390 5566 5565 5459
9391 5460 5461 5567
9392 5567 5566 5460
9393 5461 5462 5568
9394 5568 5567 5461
9395 5462 5463 5569
9396 5569 5568 5462
9397 5463 5464 5570
9398 5570 5569 5463
9399 5464 5465 5571
9400 5571 5570 5464
9401 5465 5466 5572
9402 5572 5571 5465
9403 5466 5467 5573
9404 5573 5572 5466
9405 5467 5468 5574
9406 5574 5573 5467
9407 5468 5469 5575
9408 5575 5574 5468
9409 5469 5470 5576
9410 5576 5575 5469
9411 5470 5471 5577
9412 5577 5576 5470
9413 5471 5472 5578
9414 5578 5577 5471
9415 5472 409 410
9416 410 5578 5472
9417 537 5473 5579
9418 5579 536 537
9419 5473 5474 5580
9420 5580 5579 5473
9421 5474 5475 5581
9422 5581 5580 5474
9423 5475 5476 5582
9424 5582 5581 5475
9425 5476 5477 5583
9426 5583 5582 5476
9427 5477 5478 5584
9428 5584 5583 5477
9429 5478 5479 5585
9430 5585 5584 5478
9431 5479 5480 5586
9432 5586 5585 5479
9433 5480 5481 5587
9434 5587 5586 5480
9435 5481 5482 5588
9436 5588 5587 5481
9437 5482 5483 5589
9438 5589 5588 5482
9439 5483 5484 5590
9440 5590 5589 5483
9441 5484 5485 5591
9442 5591 5590 5484
9443 5485 5486 5592
9444 5592 5591 5485
9445 5486 5487 5593
9446 5593 5592 5486
9447 5487 5488 5594
9448 5594 5593 5487
9449 5488 5489 5595
9450 5595 5594 5488
9451 5489 5490 5596
9452 5596 5595 5489
9453 5490 5491 5597
9454 5597 5596 5490
9455 5491 5492 5598
9456 5598 5597 5491
9457 5492 5493 5599
9458 5599 5598 5492
9459 5493 5494 5600
9460 5600 5599 5493
9461 5494 5495 5601
9462 5601 5600 5494
9463 5495 5496 5602
9464 5602 5601 5495
9465 5496 5497 5603
9466 5603 5602 5496
9467 5497 5498 5604
9468 5604 5603 5497
9469 5498 5499 5605
9470 5605 5604 5498
9471 5499 5500 5606
9472 5606 5605 5499
9473 5500 5501 5607
9474 5607 5606 5500
9475 5501 5502 5608
9476 5608 5607 5501
9477 5502 5503 5609
9478 5609 5608 5502
9479 5503 5504 5610
9480 5610 5609 5503
9481 5504 5505 5611
9482 5611 5610 5504
9483 5505 5506 5612
9484 5612 5611 5505
9485 5506 5507 5613
9486 5613 5612 5506
9487 5507 5508 5614
9488 5614 5613 5507
9489 5508 5509 5615
9490 5615 5614 5508
9491 5509 5510 5616
9492 5616 5615 5509
9493 5510 5511 5617
9494 5617 5616 5510
9495 5511 5512 5618
9496 5618 5617 5511
9497 5512 5513 5619
9498 5619 5618 5512
9499 5513 5514 5620
9500 5620 5619 5513
9501 5514 5515 5621
9502 5621 5620 5514
9503 5515 5516 5622
9504 5622 5621 5515
9505 5516 5517 5623
9506 5623 5622 5516
9507 5517 5518 5624
9508 5624 5623 5517
9509 5518 5519 5625
9510 5625 5624 5518
9511 5519 5520 5626
9512 5626 5625 5519
9513 5520 5521 5627
9514 5627 5626 5520
9515 5521 5522 5628
9516 5628 5627 5521
9517 5522 5523 5629
9518 5629 5628 5522
9519 5523 5524 5630
9520 5630 5629 5523
9521 5524 5525 5631
9522 5631 5630 5524
9523 5525 5526 5632
9524 5632 5631 5525
9525 5526 5527 5633
9526 5633 5632 5526
9527 5527 5528 5634
9528 5634 5633 5527
9529 5528 5529 5635
9530 5635 5634 5528
9531 5529 5530 5636
9532 5636 5635 5529
9533 5530 5531 5637
9534 5637 5636 5530
9535 5531 5532 5638
9536 5638 5637 5531
9537 5532 5533 5639
9538 5639 5638 5532
9539 5533 5534 5640
9540 5640 5639 5533
9541 5534 5535 5641
9542 5641 5640 5534
9543 5535 5536 5642
9544 5642 5641 5535
9545 5536 5537 5643
9546 5643 5642 5536
9547 5537 5538 5644
9548 5644 5643 5537
9549 5538 5539 5645
9550 5645 5644 5538
9551 5539 5540 5646
9552 5646 5645 5539
9553 5540 5541 5647
9554 5647 5646 5540
9555 5541 5542 5648
9556 5648 5647 5541
9557 5542 5543 5649
9558 5649 5648 5542
9559 5543 5544 5650
9560 5650 5649 5543
9561 5544 5545 5651
9562 5651 5650 5544
9563 5545 5546 5652
9564 5652 5651 5545
9565 5546 5547 5653
9566 5653 5652 5546
9567 5547 5548 5654
9568 5654 5653 5547
9569 5548 5549 5655
9570 5655 5654 5548
9571 5549 5550 5656
9572 5656 5655 5549
9573 5550 5551 5657
9574 5657 5656 5550
9575 5551 5552 5658
9576 5658 5657 5551
9577 5552 5553 5659
9578 5659 5658 5552
9579 5553 5554 5660
9580 5660 5659 5553
9581 5554 5555 5661
9582 5661 5660 5554
9583 5555 5556 5662
9584 5662 5661 5555
9585 5556 5557 5663
9586 5663 5662 5556
9587 5557 5558 5664
9588 5664 5663 5557
9589 5558 5559 5665
9590 5665 5664 5558
9591 5559 5560 5666
9592 5666 5665 5559
9593 5560 5561 5667
9594 5667 5666 5560
9595 5561 5562 5668
9596 5668 5667 5561
9597 5562 5563 5669
9598 5669 5668 5562
9599 5563 5564 5670
9600 5670 5669 5563
9601 5564 5565 5671
9602 5671 5670 5564
9603 5565 5566 5672
9604 5672 5671 5565
9605 5566 5567 5673
9606 5673 5672 5566
9607 5567 5568 5674
9608 5674 5673 5567
9609 5568 5569 5675
9610 5675 5674 5568
9611 5569 5570 5676
9612 5676 5675 5569
9613 5570 5571 5677
9614 5677 5676 5570
9615 5571 5572 5678
9616 5678 5677 5571
9617 5572 5573 5679
9618 5679 5678 5572
9619 5573 5574 5680
9620 5680 5679 5573
9621 5574 5575 5681
9622 5681 5680 5574
9623 5575 5576 5682
9624 5682 5681 5575
9625 5576 5577 5683
9626 5683 5682 5576
9627 5577 5578 5684
9628 5684 5683 5577
9629 5578 410 411
9630 411 5684 5578
9631 536 5579 5685
9632 5685 535 536
9633 5579 5580 5686
9634 5686 5685 5579
9635 5580 5581 5687
9636 5687 5686 5580
9637 5581 5582 5688
9638 5688 5687 5581
9639 5582 5583 5689
9640 5689 5688 5582
9641 5583 5584 5690
9642 5690 5689 5583
9643 5584 5585 5691
9644 5691 5690 5584
9645 5585 5586 5692
9646 5692 5691 5585
9647 5586 5587 5693
9648 5693 5692 5586
9649 5587 5588 5694
9650 5694 5693 5587
9651 5588 5589 5695
9652 5695 5694 5588
9653 5589 5590 5696
9654 5696 5695 5589
9655 5590 5591 5697
9656 5697 5696 5590
9657 5591 5592 5698
9658 5698 5697 5591
9659 5592 5593 5699
9660 5699 5698 5592
9661 5593 5594 5700
9662 5700 5699 5593
9663 5594 5595 5701
9664 5701 5700 5594
9665 5595 5596 5702
9666 5702 5701 5595
9667 5596 5597 5703
9668 5703 5702 5596
9669 5597 5598 5704
9670 5704 5703 5597
9671 5598 5599 5705
9672 5705 5704 5598
9673 5599 5600 5706
9674 5706 5705 5599
9675 5600 5601 5707
9676 5707 5706 5600
9677 5601 5602 5708
9678 5708 5707 5601
9679 5602 5603 5709
9680 5709 5708 5602
9681 5603 5604 5710
9682 5710 5709 5603
9683 5604 5605 5711
9684 5711 5710 5604
9685 5605 5606 5712
9686 5712 5711 5605
9687 5606 5607 5713
9688 5713 5712 5606
9689 5607 5608 5714
9690 5714 5713 5607
9691 5608 5609 5715
9692 5715 5714 5608
9693 5609 5610 5716
9694 5716 5715 5609
9695 5610 5611 5717
9696 5717 5716 5610
9697 5611 5612 5718
9698 5718 5717 5611
9699 5612 5613 5719
9700 5719 5718 5612
9701 5613 5614 5720
9702 5720 5719 5613
9703 5614 5615 5721
9704 5721 5720 5614
9705 5615 5616 5722
9706 5722 5721 5615
9707 5616 5617 5723
9708 5723 5722 5616
9709 5617 5618 5724
9710 5724 5723 5617
9711 5618 5619 5725
9712 5725 5724 5618
9713 5619 5620 5726
9714 5726 5725 5619
9715 5620 5621 5727
9716 5727 5726 5620
9717 5621 5622 5728
9718 5728 5727 5621
9719 5622 5623 5729
9720 5729 5728 5622
9721 5623 5624 5730
9722 5730 5729 5623
9723 5624 5625 5731
9724 5731 5730 5624
9725 5625 5626 5732
9726 5732 5731 5625
9727 5626 5627 5733
9728 5733 5732 5626
9729 5627 5628 5734
9730 5734 5733 5627
9731 5628 5629 5735
9732 5735 5734 5628
9733 5629 5630 5736
9734 5736 5735 5629
9735 5630 5631 5737
9736 5737 5736 5630
9737 5631 5632 5738
9738 5738 5737 5631
9739 5632 5633 5739
9740 5739 5738 5632
9741 5633 5634 5740
9742 5740 5739 5633
9743 5634 5635 5741
9744 5741 5740 5634
9745 5635 5636 5742
9746 5742 5741 5635
9747 5636 5637 5743
9748 5743 5742 5636
9749 5637 5638 5744
9750 5744 5743 5637
9751 5638 5639 5745
9752 5745 5744 5638
9753 5639 5640 5746
9754 5746 5745 5639
9755 5640 5641 5747
9756 5747 5746 5640
9757 5641 5642 5748
9758 5748 5747 5641
9759 5642 5643 5749
9760 5749 5748 5642
9761 5643 5644 5750
9762 5750 5749 5643
9763 5644 5645 5751
9764 5751 5750 5644
9765 5645 5646 5752
9766 5752 5751 5645
9767 5646 5647 5753
9768 5753 5752 5646
9769 5647 5648 5754
9770 5754 5753 5647
9771 5648 5649 5755
9772 5755 5754 5648
9773 5649 5650 5756
9774 5756 5755 5649
9775 5650 5651 5757
9776 5757 5756 5650
9777 5651 5652 5758
9778 5758 5757 5651
9779 5652 5653 5759
9780 5759 5758 5652
9781 5653 5654 5760
9782 5760 5759 5653
9783 5654 5655 5761
9784 5761 5760 5654
9785 5655 5656 5762
9786 5762 5761 5655
9787 5656 5657 5763
9788 5763 5762 5656
9789 5657 5658 5764
9790 5764 5763 5657
9791 5658 5659 5765
9792 5765 5764 5658
9793 5659 5660 5766
9794 5766 5765 5659
9795 5660 5661 5767
9796 5767 5766 5660
9797 5661 5662 5768
9798 5768 5767 5661
9799 5662 5663 5769
9800 5769 5768 5662
9801 5663 5664 5770
9802 5770 5769 5663
9803 5664 5665 5771
9804 5771 5770 5664
9805 5665 5666 5772
9806 5772 5771 5665
9807 5666 5667 5773
9808 5773 5772 5666
9809 5667 5668 5774
9810 5774 5773 5667
9811 5668 5669 5775
9812 5775 5774 5668
9813 5669 5670 5776
9814 5776 5775 5669
9815 5670 5671 5777
9816 5777 5776 5670
9817 5671 5672 5778
9818 5778 5777 5671
9819 5672 5673 5779
9820 5779 5778 5672
9821 5673 5674 5780
9822 5780 5779 5673
9823 5674 5675 5781
9824 5781 5780 5674
9825 5675 5676 5782
9826 5782 5781 5675
9827 5676 5677 5783
9828 5783 5782 5676
9829 5677 5678 5784
9830 5784 5783 5677
9831 5678 5679 5785
9832 5785 5784 5678
9833 5679 5680 5786
9834 5786 5785 5679
9835 5680 5681 5787
9836 5787 5786 5680
9837 5681 5682 5788
9838 5788 5787 5681
9839 5682 5683 5789
9840 5789 5788 5682
9841 5683 5684 5790
9842 5790 5789 5683
9843 5684 411 412
9844 412 5790 5684
9845 535 5685 5791
9846 5791 534 535
9847 5685 5686 5792
9848 5792 5791 5685
9849 5686 5687 5793
9850 5793 5792 5686
9851 5687 5688 5794
9852 5794 5793 5687
9853 5688 5689 5795
9854 5795 5794 5688
9855 5689 5690 5796
9856 5796 5795 5689
9857 5690 5691 5797
9858 5797 5796 5690
9859 5691 5692 5798
9860 5798 5797 5691
9861 5692 5693 5799
9862 5799 5798 5692
9863 5693 5694 5800
9864 5800 5799 5693
9865 5694 5695 5801
9866 5801 5800 5694
9867 5695 5696 5802
9868 5802 5801 5695
9869 5696 5697 5803
9870 5803 5802 5696
9871 5697 5698 5804
9872 5804 5803 5697
9873 5698 5699 5805
9874 5805 5804 5698
9875 5699 5700 5806
9876 5806 5805 5699
9877 5700 5701 5807
9878 5807 5806 5700
9879 5701 5702 5808
9880 5808 5807 5701
9881 5702 5703 5809
9882 5809 5808 5702
9883 5703 5704 5810
9884 5810 5809 5703
9885 5704 5705 5811
9886 5811 5810 5704
9887 5705 5706 5812
9888 5812 5811 5705
9889 5706 5707 5813
9890 5813 5812 5706
9891 5707 5708 5814
9892 5814 5813 5707
9893 5708 5709 5815
9894 5815 5814 5708
9895 5709 5710 5816
9896 5816 5815 5709
9897 5710 5711 5817
9898 5817 5816 5710
9899 5711 5712 5818
9900 5818 5817 5711
9901 5712 5713 5819
9902 5819 5818 5712
9903 5713 5714 5820
9904 5820 5819 5713
9905 5714 5715 5821
9906 5821 5820 5714
9907 5715 5716 5822
9908 5822 5821 5715
9909 5716 5717 5823
9910 5823 5822 5716
9911 5717 5718 5824
9912 5824 5823 5717
9913 5718 5719 5825
9914 5825 5824 5718
9915 5719 5720 5826
9916 5826 5825 5719
9917 5720 5721 5827
9918 5827 5826 5720
9919 5721 5722 5828
9920 5828 5827 5721
9921 5722 5723 5829
9922 5829 5828 5722
9923 5723 5724 5830
9924 5830 5829 5723
9925 5724 5725 5831
9926 5831 5830 5724
9927 5725 5726 5832
9928 5832 5831 5725
9929 5726 5727 5833
9930 5833 5832 5726
9931 5727 5728 5834
9932 5834 5833 5727
9933 5728 5729 5835
9934 5835 5834 5728
9935 5729 5730 5836
9936 5836 5835 5729
9937 5730 5731 5837
9938 5837 5836 5730
9939 5731 5732 5838
9940 5838 5837 5731
9941 5732 5733 5839
9942 5839 5838 5732
9943 5733 5734 5840
9944 5840 5839 5733
9945 5734 5735 5841
9946 5841 5840 5734
9947 5735 5736 5842
9948 5842 5841 5735
9949 5736 5737 5843
9950 5843 5842 5736
9951 5737 5738 5844
9952 5844 5843 5737
9953 5738 5739 5845
9954 5845 5844 5738
9955 5739 5740 5846
9956 5846 5845 5739
9957 5740 5741 5847
9958 5847 5846 5740
9959 5741 5742 5848
9960 5848 5847 5741
9961 5742 5743 5849
9962 5849 5848 5742
9963 5743 5744 5850
9964 5850 5849 5743
9965 5744 5745 5851
9966 5851 5850 5744
9967 5745 5746 5852
9968 5852 5851 5745
9969 5746 5747 5853
9970 5853 5852 5746
9971 5747 5748 5854
9972 5854 5853 5747
9973 5748 5749 5855
9974 5855 5854 5748
9975 5749 5750 5856
9976 5856 5855 5749
9977 5750 5751 5857
9978 5857 5856 5750
9979 5751 5752 5858
9980 5858 5857 5751
9981 5752 5753 5859
9982 5859 5858 5752
9983 5753 5754 5860
9984 5860 5859 5753
9985 5754 5755 5861
9986 5861 5860 5754
9987 5755 5756 5862
9988 5862 5861 5755
9989 5756 5757 5863
9990 5863 5862 5756
9991 5757 5758 5864
9992 5864 5863 5757
9993 5758 5759 5865
9994 5865 5864 5758
9995 5759 5760 5866
9996 5866 5865 5759
9997 5760 5761 5867
9998 5867 5866 5760
9999 5761 5762 5868
10000 5868 5867 5761
10001 5762 5763 5869
10002 5869 5868 5762
10003 5763 5764 5870
10004 5870 5869 5763
10005 5764 5765 5871
10006 5871 5870 5764
10007 5765 5766 5872
10008 5872 5871 5765
10009 5766 5767 5873
10010 5873 5872 5766
10011 5767 5768 5874
10012 5874 5873 5767
10013 5768 5769 5875
10014 5875 5874 5768
10015 5769 5770 5876
10016 5876 5875 5769
10017 5770 5771 5877
10018 5877 5876 5770
10019 5771 5772 5878
10020 5878 5877 5771
10021 5772 5773 5879
10022 5879 5878 5772
10023 5773 5774 5880
10024 5880 5879 5773
10025 5774 5775 5881
10026 5881 5880 5774
10027 5775 5776 5882
10028 5882 5881 5775
10029 5776 5777 5883
10030 5883 5882 5776
10031 5777 5778 5884
10032 5884 5883 5777
10033 5778 5779 5885
10034 5885 5884 5778
10035 5779 5780 5886
10036 5886 5885 5779
10037 5780 5781 5887
10038 5887 5886 5780
10039 5781 5782 5888
10040 5888 5887 5781
10041 5782 5783 5889
10042 5889 5888 5782
10043 5783 5784 5890
10044 5890 5889 5783
10045 5784 5785 5891
10046 5891 5890 5784
10047 5785 5786 5892
10048 5892 5891 5785
10049 5786 5787 5893
10050 5893 5892 5786
10051 5787 5788 5894
10052 5894 5893 5787
10053 5788 5789 5895
10054 5895 5894 5788
10055 5789 5790 5896
10056 5896 5895 5789
10057 5790 412 413
10058 413 5896 5790
10059 534 5791 5897
10060 5897 533 534
10061 5791 5792 5898
10062 5898 5897 5791
10063 5792 5793 5899
10064 5899 5898 5792
10065 5793 5794 5900
10066 5900 5899 5793
10067 5794 5795 5901
10068 5901 5900 5794
10069 5795 5796 5902
10070 5902 5901 5795
10071 5796 5797 5903
10072 5903 5902 5796
10073 5797 5798 5904
10074 5904 5903 5797
10075 5798 5799 5905
10076 5905 5904 5798
10077 5799 5800 5906
10078 5906 5905 5799
10079 5800 5801 5907
10080 5907 5906 5800
10081 5801 5802 5908
10082 5908 5907 5801
10083 5802 5803 5909
10084 5909 5908 5802
10085 5803 5804 5910
10086 5910 5909 5803
10087 5804 5805 5911
10088 5911 5910 5804
10089 5805 5806 5912
10090 5912 5911 5805
10091 5806 5807 5913
10092 5913 5912 5806
10093 5807 5808 5914
10094 5914 5913 5807
10095 5808 5809 5915
10096 5915 5914 5808
10097 5809 5810 5916
10098 5916 5915 5809
10099 5810 5811 5917
10100 5917 5916 5810
10101 5811 5812 5918
10102 5918 5917 5811
10103 5812 5813 5919
10104 5919 5918 5812
10105 5813 5814 5920
10106 5920 5919 5813
10107 5814 5815 5921
10108 5921 5920 5814
10109 5815 5816 5922
10110 5922 5921 5815
10111 5816 5817 5923
10112 5923 5922 5816
10113 5817 5818 5924
10114 5924 5923 5817
10115 5818 5819 5925
10116 5925 5924 5818
10117 5819 5820 5926
10118 5926 5925 5819
10119 5820 5821 5927
10120 5927 5926 5820
10121 5821 5822 5928
10122 5928 5927 5821
10123 5822 5823 5929
10124 5929 5928 5822
10125 5823 5824 5930
10126 5930 5929 5823
10127 5824 5825 5931
10128 5931 5930 5824
10129 5825 5826 5932
10130 5932 5931 5825
10131 5826 5827 5933
10132 5933 5932 5826
10133 5827 5828 5934
10134 5934 5933 5827
10135 5828 5829 5935
10136 5935 5934 5828
10137 5829 5830 5936
10138 5936 5935 5829
10139 5830 5831 5937
10140 5937 5936 5830
10141 5831 5832 5938
10142 5938 5937 5831
10143 5832 5833 5939
10144 5939 5938 5832
10145 5833 5834 5940
10146 5940 5939 5833
10147 5834 5835 5941
10148 5941 5940 5834
10149 5835 5836 5942
10150 5942 5941 5835
10151 5836 5837 5943
10152 5943 5942 5836
10153 5837 5838 5944
10154 5944 5943 5837
10155 5838 5839 5945
10156 5945 5944 5838
10157 5839 5840 5946
10158 5946 5945 5839
10159 5840 5841 5947
10160 5947 5946 5840
10161 5841 5842 5948
10162 5948 5947 5841
10163 5842 5843 5949
10164 5949 5948 5842
10165 5843 5844 5950
10166 5950 5949 5843
10167 5844 5845 5951
10168 5951 5950 5844
10169 5845 5846 5952
10170 5952 5951 5845
10171 5846 5847 5953
10172 5953 5952 5846
10173 5847 5848 5954
10174 5954 5953 5847
10175 5848 5849 5955
10176 5955 5954 5848
10177 5849 5850 5956
10178 5956 5955 5849
10179 5850 5851 5957
10180 5957 5956 5850
10181 5851 5852 5958
10182 5958 5957 5851
10183 5852 5853 5959
10184 5959 5958 5852
10185 5853 5854 5960
10186 5960 5959 5853
10187 5854 5855 5961
10188 5961 5960 5854
10189 5855 5856 5962
10190 5962 5961 5855
10191 5856 5857 5963
10192 5963 5962 5856
10193 5857 5858 5964
10194 5964 5963 5857
10195 5858 5859 5965
10196 5965 5964 5858
10197 5859 5860 5966
10198 5966 5965 5859
10199 5860 5861 5967
10200 5967 5966 5860
10201 5861 5862 5968
10202 5968 5967 5861
10203 5862 5863 5969
10204 5969 5968 5862
10205 5863 5864 5970
10206 5970 5969 5863
10207 5864 5865 5971
10208 5971 5970 5864
10209 5865 5866 5972
10210 5972 5971 5865
10211 5866 5867 5973
10212 5973 5972 5866
10213 5867 5868 5974
10214 5974 5973 5867
10215 5868 5869 5975
10216 5975 5974 5868
10217 5869 5870 5976
10218 5976 5975 5869
10219 5870 5871 5977
10220 5977 5976 5870
10221 5871 5872 5978
10222 5978 5977 5871
10223 5872 5873 5979
10224 5979 5978 5872
10225 5873 5874 5980
10226 5980 5979 5873
10227 5874 5875 5981
10228 5981 5980 5874
10229 5875 5876 5982
10230 5982 5981 5875
10231 5876 5877 5983
10232 5983 5982 5876
10233 5877 5878 5984
10234 5984 5983 5877
10235 5878 5879 5985
10236 5985 5984 5878
10237 5879 5880 5986
10238 5986 5985 5879
10239 5880 5881 5987
10240 5987 5986 5880
10241 5881 5882 5988
10242 5988 5987 5881
10243 5882 5883 5989
10244 5989 5988 5882
10245 5883 5884 5990
10246 5990 5989 5883
10247 5884 5885 5991
10248 5991 5990 5884
10249 5885 5886 5992
10250 5992 5991 5885
10251 5886 5887 5993
10252 5993 5992 5886
10253 5887 5888 5994
10254 5994 5993 5887
10255 5888 5889 5995
10256 5995 5994 5888
10257 5889 5890 5996
10258 5996 5995 5889
10259 5890 5891 5997
10260 5997 5996 5890
10261 5891 5892 5998
10262 5998 5997 5891
10263 5892 5893 5999
10264 5999 5998 5892
10265 5893 5894 6000
10266 6000 5999 5893
10267 5894 5895 6001
10268 6001 6000 5894
10269 5895 5896 6002
10270 6002 6001 5895
10271 5896 413 414
10272 414 6002 5896
10273 533 5897 6003
10274 6003 532 533
10275 5897 5898 6004
10276 6004 6003 5897
10277 5898 5899 6005
10278 6005 6004 5898
10279 5899 5900 6006
10280 6006 6005 5899
10281 5900 5901 6007
10282 6007 6006 5900
10283 5901 5902 6008
10284 6008 6007 5901
10285 5902 5903 6009
10286 6009 6008 5902
10287 5903 5904 6010
10288 6010 6009 5903
10289 5904 5905 6011
10290 6011 6010 5904
10291 5905 5906 6012
10292 6012 6011 5905
10293 5906 5907 6013
10294 6013 6012 5906
10295 5907 5908 6014
10296 6014 6013 5907
10297 5908 5909 6015
10298 6015 6014 5908
10299 5909 5910 6016
10300 6016 6015 5909
10301 5910 5911 6017
10302 6017 6016 5910
10303 5911 5912 6018
10304 6018 6017 5911
10305 5912 5913 6019
10306 6019 6018 5912
10307 5913 5914 6020
10308 6020 6019 5913
10309 5914 5915 6021
10310 6021 6020 5914
10311 5915 5916 6022
10312 6022 6021 5915
10313 5916 5917 6023
10314 6023 6022 5916
10315 5917 5918 6024
10316 6024 6023 5917
10317 5918 5919 6025
10318 6025 6024 5918
10319 5919 5920 6026
10320 6026 6025 5919
10321 5920 5921 6027
10322 6027 6026 5920
10323 5921 5922 6028
10324 6028 6027 5921
10325 5922 5923 6029
10326 6029 6028 5922
10327 5923 5924 6030
10328 6030 6029 5923
10329 5924 5925 6031
10330 6031 6030 5924
10331 5925 5926 6032
10332 6032 6031 5925
10333 5926 5927 6033
10334 6033 6032 5926
10335 5927 5928 6034
10336 6034 6033 5927
10337 5928 5929 6035
10338 6035 6034 5928
10339 5929 5930 6036
10340 6036 6035 5929
10341 5930 5931 6037
10342 6037 6036 5930
10343 5931 5932 6038
10344 6038 6037 5931
10345 5932 5933 6039
10346 6039 6038 5932
10347 5933 5934 6040
10348 6040 6039 5933
10349 5934 5935 6041
10350 6041 6040 5934
10351 5935 5936 6042
10352 6042 6041 5935
10353 5936 5937 6043
10354 6043 6042 5936
10355 5937 5938 6044
10356 6044 6043 5937
10357 5938 5939 6045
10358 6045 6044 5938
10359 5939 5940 6046
10360 6046 6045 5939
10361 5940 5941 6047
10362 6047 6046 5940
10363 5941 5942 6048
10364 6048 6047 5941
10365 5942 5943 6049
10366 6049 6048 5942
10367 5943 5944 6050
10368 6050 6049 5943
10369 5944 5945 6051
10370 6051 6050 5944
10371 5945 5946 6052
10372 6052 6051 5945
10373 5946 5947 6053
10374 6053 6052 5946
10375 5947 5948 6054
10376 6054 6053 5947
10377 5948 5949 6055
10378 6055 6054 5948
10379 5949 5950 6056
10380 6056 6055 5949
10381 5950 5951 6057
10382 6057 6056 5950
10383 5951 5952 6058
10384 6058 6057 5951
10385 5952 5953 6059
10386 6059 6058 5952
10387 5953 5954 6060
10388 6060 6059 5953
10389 5954 5955 6061
10390 6061 6060 5954
10391 5955 5956 6062
10392 6062 6061 5955
10393 5956 5957 6063
10394 6063 6062 5956
10395 5957 5958 6064
10396 6064 6063 5957
10397 5958 5959 6065
10398 6065 6064 5958
10399 5959 5960 6066
10400 6066 6065 5959
10401 5960 5961 6067
10402 6067 6066 5960
10403 5961 5962 6068
10404 6068 6067 5961
10405 5962 5963 6069
10406 6069 6068 5962
10407 5963 5964 6070
10408 6070 6069 5963
10409 5964 5965 6071
10410 6071 6070 5964
10411 5965 5966 6072
10412 6072 6071 5965
10413 5966 5967 6073
10414 6073 6072 5966
10415 5967 5968 6074
10416 6074 6073 5967
10417 5968 5969 6075
10418 6075 6074 5968
10419 5969 5970 6076
10420 6076 6075 5969
10421 5970 5971 6077
10422 6077 6076 5970
10423 5971 5972 6078
10424 6078 6077 5971
10425 5972 5973 6079
10426 6079 6078 5972
10427 5973 5974 6080
10428 6080 6079 5973
10429 5974 5975 6081
10430 6081 6080 5974
10431 5975 5976 6082
10432 6082 6081 5975
10433 5976 5977 6083
10434 6083 6082 5976
10435 5977 5978 6084
10436 6084 6083 5977
10437 5978 5979 6085
10438 6085 6084 5978
10439 5979 5980 6086
10440 6086 6085 5979
10441 5980 5981 6087
10442 6087 6086 5980
10443 5981 5982 6088
10444 6088 6087 5981
10445 5982 5983 6089
10446 6089 6088 5982
10447 5983 5984 6090
10448 6090 6089 5983
10449 5984 5985 6091
10450 6091 6090 5984
10451 5985 5986 6092
10452 6092 6091 5985
10453 5986 5987 6093
10454 6093 6092 5986
10455 5987 5988 6094
10456 6094 6093 5987
10457 5988 5989 6095
10458 6095 6094 5988
10459 5989 5990 6096
10460 6096 6095 5989
10461 5990 5991 6097
10462 6097 6096 5990
10463 5991 5992 6098
10464 6098 6097 5991
10465 5992 5993 6099
10466 6099 6098 5992
10467 5993 5994 6100
10468 6100 6099 5993
10469 5994 5995 6101
10470 6101 6100 5994
10471 5995 5996 6102
10472 6102 6101 5995
10473 5996 5997 6103
10474 6103 6102 5996
10475 5997 5998 6104
10476 6104 6103 5997
10477 5998 5999 6105
10478 6105 6104 5998
10479 5999 6000 6106
10480 6106 6105 5999
10481 6000 6001 6107
10482 6107 6106 6000
10483 6001 6002 6108
10484 6108 6107 6001
10485 6002 414 415
10486 415 6108 6002
10487 532 6003 6109
10488 6109 531 532
10489 6003 6004 6110
10490 6110 6109 6003
10491 6004 6005 6111
10492 6111 6110 6004
10493 6005 6006 6112
10494 6112 6111 6005
10495 6006 6007 6113
10496 6113 6112 6006
10497 6007 6008 6114
10498 6114 6113 6007
10499 6008 6009 6115
10500 6115 6114 6008
10501 6009 6010 6116
10502 6116 6115 6009
10503 6010 6011 6117
10504 6117 6116 6010
10505 6011 6012 6118
10506 6118 6117 6011
10507 6012 6013 6119
10508 6119 6118 6012
10509 6013 6014 6120
10510 6120 6119 6013
10511 6014 6015 6121
10512 6121 6120 6014
10513 6015 6016 6122
10514 6122 6121 6015
10515 6016 6017 6123
10516 6123 6122 6016
10517 6017 6018 6124
10518 6124 6123 6017
10519 6018 6019 6125
10520 6125 6124 6018
10521 6019 6020 6126
10522 6126 6125 6019
10523 6020 6021 6127
10524 6127 6126 6020
10525 6021 6022 6128
10526 6128 6127 6021
10527 6022 6023 6129
10528 6129 6128 6022
10529 6023 6024 6130
10530 6130 6129 6023
10531 6024 6025 6131
10532 6131 6130 6024
10533 6025 6026 6132
10534 6132 6131 6025
10535 6026 6027 6133
10536 6133 6132 6026
10537 6027 6028 6134
10538 6134 6133 6027
10539 6028 6029 6135
10540 6135 6134 6028
10541 6029 6030 6136
10542 6136 6135 6029
10543 6030 6031 6137
10544 6137 6136 6030
10545 6031 6032 6138
10546 6138 6137 6031
10547 6032 6033 6139
10548 6139 6138 6032
10549 6033 6034 6140
10550 6140 6139 6033
10551 6034 6035 6141
10552 6141 6140 6034
10553 6035 6036 6142
10554 6142 6141 6035
10555 6036 6037 6143
10556 6143 6142 6036
10557 6037 6038 6144
10558 6144 6143 6037
10559 6038 6039 6145
10560 6145 6144 6038
10561 6039 6040 6146
10562 6146 6145 6039
10563 6040 6041 6147
10564 6147 6146 6040
10565 6041 6042 6148
10566 6148 6147 6041
10567 6042 6043 6149
10568 6149 6148 6042
10569 6043 6044 6150
10570 6150 6149 6043
10571 6044 6045 6151
10572 6151 6150 6044
10573 6045 6046 6152
10574 6152 6151 6045
10575 6046 6047 6153
10576 6153 6152 6046
10577 6047 6048 6154
10578 6154 6153 6047
10579 6048 6049 6155
10580 6155 6154 6048
10581 6049 6050 6156
10582 6156 6155 6049
10583 6050 6051 6157
10584 6157 6156 6050
10585 6051 6052 6158
10586 6158 6157 6051
10587 6052 6053 6159
10588 6159 6158 6052
10589 6053 6054 6160
10590 6160 6159 6053
10591 6054 6055 6161
10592 6161 6160 6054
10593 6055 6056 6162
10594 6162 6161 6055
10595 6056 6057 6163
10596 6163 6162 6056
10597 6057 6058 6164
10598 6164 6163 6057
10599 6058 6059 6165
10600 6165 6164 6058
10601 6059 6060 6166
10602 6166 6165 6059
10603 6060 6061 6167
10604 6167 6166 6060
10605 6061 6062 6168
10606 6168 6167 6061
10607 6062 6063 6169
10608 6169 6168 6062
10609 6063 6064 6170
10610 6170 6169 6063
10611 6064 6065 6171
10612 6171 6170 6064
10613 6065 6066 6172
10614 6172 6171 6065
10615 6066 6067 6173
10616 6173 6172 6066
10617 6067 6068 6174
10618 6174 6173 6067
10619 6068 6069 6175
10620 6175 6174 6068
10621 6069 6070 6176
10622 6176 6175 6069
10623 6070 6071 6177
10624 6177 6176 6070
10625 6071 6072 6178
10626 6178 6177 6071
10627 6072 6073 6179
10628 6179 6178 6072
10629 6073 6074 6180
10630 6180 6179 6073
10631 6074 6075 6181
10632 6181 6180 6074
10633 6075 6076 6182
10634 6182 6181 6075
10635 6076 6077 6183
10636 6183 6182 6076
10637 6077 6078 6184
10638 6184 6183 6077
10639 6078 6079 6185
10640 6185 6184 6078
10641 6079 6080 6186
10642 6186 6185 6079
10643 6080 6081 6187
10644 6187 6186 6080
10645 6081 6082 6188
10646 6188 6187 6081
10647 6082 6083 6189
10648 6189 6188 6082
10649 6083 6084 6190
10650 6190 6189 6083
10651 6084 6085 6191
10652 6191 6190 6084
10653 6085 6086 6192
10654 6192 6191 6085
10655 6086 6087 6193
10656 6193 6192 6086
10657 6087 6088 6194
10658 6194 6193 6087
10659 6088 6089 6195
10660 6195 6194 6088
10661 6089 6090 6196
10662 6196 6195 6089
10663 6090 6091 6197
10664 6197 6196 6090
10665 6091 6092 6198
10666 6198 6197 6091
10667 6092 6093 6199
10668 6199 6198 6092
10669 6093 6094 6200
10670 6200 6199 6093
10671 6094 6095 6201
10672 6201 6200 6094
10673 6095 6096 6202
10674 6202 6201 6095
10675 6096 6097 6203
10676 6203 6202 6096
10677 6097 6098 6204
10678 6204 6203 6097
10679 6098 6099 6205
10680 6205 6204 6098
10681 6099 6100 6206
10682 6206 6205 6099
10683 6100 6101 6207
10684 6207 6206 6100
10685 6101 6102 6208
10686 6208 6207 6101
10687 6102 6103 6209
10688 6209 6208 6102
10689 6103 6104 6210
10690 6210 6209 6103
10691 6104 6105 6211
10692 6211 6210 6104
10693 6105 6106 6212
10694 6212 6211 6105
10695 6106 6107 6213
10696 6213 6212 6106
10697 6107 6108 6214
10698 6214 6213 6107
10699 6108 415 416
10700 416 6214 6108
10701 531 6109 6215
10702 6215 530 531
10703 6109 6110 6216
10704 6216 6215 6109
10705 6110 6111 6217
10706 6217 6216 6110
10707 6111 6112 6218
10708 6218 6217 6111
10709 6112 6113 6219
10710 6219 6218 6112
10711 6113 6114 6220
10712 6220 6219 6113
10713 6114 6115 6221
10714 6221 6220 6114
10715 6115 6116 6222
10716 6222 6221 6115
10717 6116 6117 6223
10718 6223 6222 6116
10719 6117 6118 6224
10720 6224 6223 6117
10721 6118 6119 6225
10722 6225 6224 6118
10723 6119 6120 6226
10724 6226 6225 6119
10725 6120 6121 6227
10726 6227 6226 6120
10727 6121 6122 6228
10728 6228 6227 6121
10729 6122 6123 6229
10730 6229 6228 6122
10731 6123 6124 6230
10732 6230 6229 6123
10733 6124 6125 6231
10734 6231 6230 6124
10735 6125 6126 6232
10736 6232 6231 6125
10737 6126 6127 6233
10738 6233 6232 6126
10739 6127 6128 6234
10740 6234 6233 6127
10741 6128 6129 6235
10742 6235 6234 6128
10743 6129 6130 6236
10744 6236 6235 6129
10745 6130 6131 6237
10746 6237 6236 6130
10747 6131 6132 6238
10748 6238 6237 6131
10749 6132 6133 6239
10750 6239 6238 6132
10751 6133 6134 6240
10752 6240 6239 6133
10753 6134 6135 6241
10754 6241 6240 6134
10755 6135 6136 6242
10756 6242 6241 6135
10757 6136 6137 6243
10758 6243 6242 6136
10759 6137 6138 6244
10760 6244 6243 6137
10761 6138 6139 6245
10762 6245 6244 6138
10763 6139 6140 6246
10764 6246 6245 6139
10765 6140 6141 6247
10766 6247 6246 6140
10767 6141 6142 6248
10768 6248 6247 6141
10769 6142 6143 6249
10770 6249 6248 6142
10771 6143 6144 6250
10772 6250 6249 6143
10773 6144 6145 6251
10774 6251 6250 6144
10775 6145 6146 6252
10776 6252 6251 6145
10777 6146 6147 6253
10778 6253 6252 6146
10779 6147 6148 6254
10780 6254 6253 6147
10781 6148 6149 6255
10782 6255 6254 6148
10783 6149 6150 6256
10784 6256 6255 6149
10785 6150 6151 6257
10786 6257 6256 6150
10787 6151 6152 6258
10788 6258 6257 6151
10789 6152 6153 6259
10790 6259 6258 6152
10791 6153 6154 6260
10792 6260 6259 6153
10793 6154 6155 6261
10794 6261 6260 6154
10795 6155 6156 6262
10796 6262 6261 6155
10797 6156 6157 6263
10798 6263 6262 6156
10799 6157 6158 6264
10800 6264 6263 6157
10801 6158 6159 6265
10802 6265 6264 6158
10803 6159 6160 6266
10804 6266 6265 6159
10805 6160 6161 6267
10806 6267 6266 6160
10807 6161 6162 6268
10808 6268 6267 6161
10809 6162 6163 6269
10810 6269 6268 6162
10811 6163 6164 6270
10812 6270 6269 6163
10813 6164 6165 6271
10814 6271 6270 6164
10815 6165 6166 6272
10816 6272 6271 6165
10817 6166 6167 6273
10818 6273 6272 6166
10819 6167 6168 6274
10820 6274 6273 6167
10821 6168 6169 6275
10822 6275 6274 6168
10823 6169 6170 6276
10824 6276 6275 6169
10825 6170 6171 6277
10826 6277 6276 6170
10827 6171 6172 6278
10828 6278 6277 6171
10829 6172 6173 6279
10830 6279 6278 6172
10831 6173 6174 6280
10832 6280 6279 6173
10833 6174 6175 6281
10834 6281 6280 6174
10835 6175 6176 6282
10836 6282 6281 6175
10837 6176 6177 6283
10838 6283 6282 6176
10839 6177 6178 6284
10840 6284 6283 6177
10841 6178 6179 6285
10842 6285 6284 6178
10843 6179 6180 6286
10844 6286 6285 6179
10845 6180 6181 6287
10846 6287 6286 6180
10847 6181 6182 6288
10848 6288 6287 6181
10849 6182 6183 6289
10850 6289 6288 6182
10851 6183 6184 6290
10852 6290 6289 6183
10853 6184 6185 6291
10854 6291 6290 6184
10855 6185 6186 6292
10856 6292 6291 6185
10857 6186 6187 6293
10858 6293 6292 6186
10859 6187 6188 6294
10860 6294 6293 6187
10861 6188 6189 6295
10862 6295 6294 6188
10863 6189 6190 6296
10864 6296 6295 6189
10865 6190 6191 6297
10866 6297 6296 6190
10867 6191 6192 6298
10868 6298 6297 6191
10869 6192 6193 6299
10870 6299 6298 6192
10871 6193 6194 6300
10872 6300 6299 6193
10873 6194 6195 6301
10874 6301 6300 6194
10875 6195 6196 6302
10876 6302 6301 6195
10877 6196 6197 6303
10878 6303 6302 6196
10879 6197 6198 6304
10880 6304 6303 6197
10881 6198 6199 6305
10882 6305 6304 6198
10883 6199 6200 6306
10884 6306 6305 6199
10885 6200 6201 6307
10886 6307 6306 6200
10887 6201 6202 6308
10888 6308 6307 6201
10889 6202 6203 6309
10890 6309 6308 6202
10891 6203 6204 6310
10892 6310 6309 6203
10893 6204 6205 6311
10894 6311 6310 6204
10895 6205 6206 6312
10896 6312 6311 6205
10897 6206 6207 6313
10898 6313 6312 6206
10899 6207 6208 6314
10900 6314 6313 6207
10901 6208 6209 6315
10902 6315 6314 6208
10903 6209 6210 6316
10904 6316 6315 6209
10905 6210 6211 6317
10906 6317 6316 6210
10907 6211 6212 6318
10908 6318 6317 6211
10909 6212 6213 6319
10910 6319 6318 6212
10911 6213 6214 6320
10912 6320 6319 6213
10913 6214 416 417
10914 417 6320 6214
10915 530 6215 6321
10916 6321 529 530
10917 6215 6216 6322
10918 6322 6321 6215
10919 6216 6217 6323
10920 6323 6322 6216
10921 6217 6218 6324
10922 6324 6323 6217
10923 6218 6219 6325
10924 6325 6324 6218
10925 6219 6220 6326
10926 6326 6325 6219
10927 6220 6221 6327
10928 6327 6326 6220
10929 6221 6222 6328
10930 6328 6327 6221
10931 6222 6223 6329
10932 6329 6328 6222
10933 6223 6224 6330
10934 6330 6329 6223
10935 6224 6225 6331
10936 6331 6330 6224
10937 6225 6226 6332
10938 6332 6331 6225
10939 6226 6227 6333
10940 6333 6332 6226
10941 6227 6228 6334
10942 6334 6333 6227
10943 6228 6229 6335
10944 6335 6334 6228
10945 6229 6230 6336
10946 6336 6335 6229
10947 6230 6231 6337
10948 6337 6336 6230
10949 6231 6232 6338
10950 6338 6337 6231
10951 6232 6233 6339
10952 6339 6338 6232
10953 6233 6234 6340
10954 6340 6339 6233
10955 6234 6235 6341
10956 6341 6340 6234
10957 6235 6236 6342
10958 6342 6341 6235
10959 6236 6237 6343
10960 6343 6342 6236
10961 6237 6238 6344
10962 6344 6343 6237
10963 6238 6239 6345
10964 6345 6344 6238
10965 6239 6240 6346
10966 6346 6345 6239
10967 6240 6241 6347
10968 6347 6346 6240
10969 6241 6242 6348
10970 6348 6347 6241
10971 6242 6243 6349
10972 6349 6348 6242
10973 6243 6244 6350
10974 6350 6349 6243
10975 6244 6245 6351
10976 6351 6350 6244
10977 6245 6246 6352
10978 6352 6351 6245
10979 6246 6247 6353
10980 6353 6352 6246
10981 6247 6248 6354
10982 6354 6353 6247
10983 6248 6249 6355
10984 6355 6354 6248
10985 6249 6250 6356
10986 6356 6355 6249
10987 6250 6251 6357
10988 6357 6356 6250
10989 6251 6252 6358
10990 6358 6357 6251
10991 6252 6253 6359
10992 6359 6358 6252
10993 6253 6254 6360
10994 6360 6359 6253
10995 6254 6255 6361
10996 6361 6360 6254
10997 6255 6256 6362
10998 6362 6361 6255
10999 6256 6257 6363
11000 6363 6362 6256
11001 6257 6258 6364
11002 6364 6363 6257
11003 6258 6259 6365
11004 6365 6364 6258
11005 6259 6260 6366
11006 6366 6365 6259
11007 6260 6261 6367
11008 6367 6366 6260
11009 6261 6262 6368
11010 6368 6367 6261
11011 6262 6263 6369
11012 6369 6368 6262
11013 6263 6264 6370
11014 6370 6369 6263
11015 6264 6265 6371
11016 6371 6370 6264
11017 6265 6266 6372
11018 6372 6371 6265
11019 6266 6267 6373
11020 6373 6372 6266
11021 6267 6268 6374
11022 6374 6373 6267
11023 6268 6269 6375
11024 6375 6374 6268
11025 6269 6270 6376
11026 6376 6375 6269
11027 6270 6271 6377
11028 6377 6376 6270
11029 6271 6272 6378
11030 6378 6377 6271
11031 6272 6273 6379
11032 6379 6378 6272
11033 6273 6274 6380
11034 6380 6379 6273
11035 6274 6275 6381
11036 6381 6380 6274
11037 6275 6276 6382
11038 6382 6381 6275
11039 6276 6277 6383
11040 6383 6382 6276
11041 6277 6278 6384
11042 6384 6383 6277
11043 6278 6279 6385
11044 6385 6384 6278
11045 6279 6280 6386
11046 6386 6385 6279
11047 6280 6281 6387
11048 6387 6386 6280
11049 6281 6282 6388
11050 6388 6387 6281
11051 6282 6283 6389
11052 6389 6388 6282
11053 6283 6284 6390
11054 6390 6389 6283
11055 6284 6285 6391
11056 6391 6390 6284
11057 6285 6286 6392
11058 6392 6391 6285
11059 6286 6287 6393
11060 6393 6392 6286
11061 6287 6288 6394
11062 6394 6393 6287
11063 6288 6289 6395
11064 6395 6394 6288
11065 6289 6290 6396
11066 6396 6395 6289
11067 6290 6291 6397
11068 6397 6396 6290
11069 6291 6292 6398
11070 6398 6397 6291
11071 6292 6293 6399
11072 6399 6398 6292
11073 6293 6294 6400
11074 6400 6399 6293
11075 6294 6295 6401
11076 6401 6400 6294
11077 6295 6296 6402
11078 6402 6401 6295
11079 6296 6297 6403
11080 6403 6402 6296
11081 6297 6298 6404
11082 6404 6403 6297
11083 6298 6299 6405
11084 6405 6404 6298
11085 6299 6300 6406
11086 6406 6405 6299
11087 6300 6301 6407
11088 6407 6406 6300
11089 6301 6302 6408
11090 6408 6407 6301
11091 6302 6303 6409
11092 6409 6408 6302
11093 6303 6304 6410
11094 6410 6409 6303
11095 6304 6305 6411
11096 6411 6410 6304
11097 6305 6306 6412
11098 6412 6411 6305
11099 6306 6307 6413
11100 6413 6412 6306
11101 6307 6308 6414
11102 6414 6413 6307
11103 6308 6309 6415
11104 6415 6414 6308
11105 6309 6310 6416
11106 6416 6415 6309
11107 6310 6311 6417
11108 6417 6416 6310
11109 6311 6312 6418
11110 6418 6417 6311
11111 6312 6313 6419
11112 6419 6418 6312
11113 6313 6314 6420
11114 6420 6419 6313
11115 6314 6315 6421
11116 6421 6420 6314
11117 6315 6316 6422
11118 6422 6421 6315
11119 6316 6317 6423
11120 6423 6422 6316
11121 6317 6318 6424
11122 6424 6423 6317
11123 6318 6319 6425
11124 6425 6424 6318
11125 6319 6320 6426
11126 6426 6425 6319
11127 6320 417 418
11128 418 6426 6320
11129 529 6321 6427
11130 6427 528 529
11131 6321 6322 6428
11132 6428 6427 6321
11133 6322 6323 6429
11134 6429 6428 6322
11135 6323 6324 6430
11136 6430 6429 6323
11137 6324 6325 6431
11138 6431 6430 6324
11139 6325 6326 6432
11140 6432 6431 6325
11141 6326 6327 6433
11142 6433 6432 6326
11143 6327 6328 6434
11144 6434 6433 6327
11145 6328 6329 6435
11146 6435 6434 6328
11147 6329 6330 6436
11148 6436 6435 6329
11149 6330 6331 6437
11150 6437 6436 6330
11151 6331 6332 6438
11152 6438 6437 6331
11153 6332 6333 6439
11154 6439 6438 6332
11155 6333 6334 6440
11156 6440 6439 6333
11157 6334 6335 6441
11158 6441 6440 6334
11159 6335 6336 6442
11160 6442 6441 6335
11161 6336 6337 6443
11162 6443 6442 6336
11163 6337 6338 6444
11164 6444 6443 6337
11165 6338 6339 6445
11166 6445 6444 6338
11167 6339 6340 6446
11168 6446 6445 6339
11169 6340 6341 6447
11170 6447 6446 6340
11171 6341 6342 6448
11172 6448 6447 6341
11173 6342 6343 6449
11174 6449 6448 6342
11175 6343 6344 6450
11176 6450 6449 6343
11177 6344 6345 6451
11178 6451 6450 6344
11179 6345 6346 6452
11180 6452 6451 6345
11181 6346 6347 6453
11182 6453 6452 6346
11183 6347 6348 6454
11184 6454 6453 6347
11185 6348 6349 6455
11186 6455 6454 6348
11187 6349 6350 6456
11188 6456 6455 6349
11189 6350 6351 6457
11190 6457 6456 6350
11191 6351 6352 6458
11192 6458 6457 6351
11193 6352 6353 6459
11194 6459 6458 6352
11195 6353 6354 6460
11196 6460 6459 6353
11197 6354 6355 6461
11198 6461 6460 6354
11199 6355 6356 6462
11200 6462 6461 6355
11201 6356 6357 6463
11202 6463 6462 6356
11203 6357 6358 6464
11204 6464 6463 6357
11205 6358 6359 6465
11206 6465 6464 6358
11207 6359 6360 6466
11208 6466 6465 6359
11209 6360 6361 6467
11210 6467 6466 6360
11211 6361 6362 6468
11212 6468 6467 6361
11213 6362 6363 6469
11214 6469 6468 6362
11215 6363 6364 6470
11216 6470 6469 6363
11217 6364 6365 6471
11218 6471 6470 6364
11219 6365 6366 6472
11220 6472 6471 6365
11221 6366 6367 6473
11222 6473 6472 6366
11223 6367 6368 6474
11224 6474 6473 6367
11225 6368 6369 6475
11226 6475 6474 6368
11227 6369 6370 6476
11228 6476 6475 6369
11229 6370 6371 6477
11230 6477 6476 6370
11231 6371 6372 6478
11232 6478 6477 6371
11233 6372 6373 6479
11234 6479 6478 6372
11235 6373 6374 6480
11236 6480 6479 6373
11237 6374 6375 6481
11238 6481 6480 6374
11239 6375 6376 6482
11240 6482 6481 6375
11241 6376 6377 6483
11242 6483 6482 6376
11243 6377 6378 6484
11244 6484 6483 6377
11245 6378 6379 6485
11246 6485 6484 6378
11247 6379 6380 6486
11248 6486 6485 6379
11249 6380 6381 6487
11250 6487 6486 6380
11251 6381 6382 6488
11252 6488 6487 6381
11253 6382 6383 6489
11254 6489 6488 6382
11255 6383 6384 6490
11256 6490 6489 6383
11257 6384 6385 6491
11258 6491 6490 6384
11259 6385 6386 6492
11260 6492 6491 6385
11261 6386 6387 6493
11262 6493 6492 6386
11263 6387 6388 6494
11264 6494 6493 6387
11265 6388 6389 6495
11266 6495 6494 6388
11267 6389 6390 6496
11268 6496 6495 6389
11269 6390 6391 6497
11270 6497 6496 6390
11271 6391 6392 6498
11272 6498 6497 6391
11273 6392 6393 6499
11274 6499 6498 6392
11275 6393 6394 6500
11276 6500 6499 6393
11277 6394 6395 6501
11278 6501 6500 6394
11279 6395 6396 6502
11280 6502 6501 6395
11281 6396 6397 6503
11282 6503 6502 6396
11283 6397 6398 6504
11284 6504 6503 6397
11285 6398 6399 6505
11286 6505 6504 6398
11287 6399 6400 6506
11288 6506 6505 6399
11289 6400 6401 6507
11290 6507 6506 6400
11291 6401 6402 6508
11292 6508 6507 6401
11293 6402 6403 6509
11294 6509 6508 6402
11295 6403 6404 6510
11296 6510 6509 6403
11297 6404 6405 6511
11298 6511 6510 6404
11299 6405 6406 6512
11300 6512 6511 6405
11301 6406 6407 6513
11302 6513 6512 6406
11303 6407 6408 6514
11304 6514 6513 6407
11305 6408 6409 6515
11306 6515 6514 6408
11307 6409 6410 6516
11308 6516 6515 6409
11309 6410 6411 6517
11310 6517 6516 6410
11311 6411 6412 6518
11312 6518 6517 6411
11313 6412 6413 6519
11314 6519 6518 6412
11315 6413 6414 6520
11316 6520 6519 6413
11317 6414 6415 6521
11318 6521 6520 6414
11319 6415 6416 6522
11320 6522 6521 6415
11321 6416 6417 6523
11322 6523 6522 6416
11323 6417 6418 6524
11324 6524 6523 6417
11325 6418 6419 6525
11326 6525 6524 6418
11327 6419 6420 6526
11328 6526 6525 6419
11329 6420 6421 6527
11330 6527 6526 6420
11331 6421 6422 6528
11332 6528 6527 6421
11333 6422 6423 6529
11334 6529 6528 6422
11335 6423 6424 6530
11336 6530 6529 6423
11337 6424 6425 6531
11338 6531 6530 6424
11339 6425 6426 6532
11340 6532 6531 6425
11341 6426 418 419
11342 419 6532 6426
11343 528 6427 6533
11344 6533 527 528
11345 6427 6428 6534
11346 6534 6533 6427
11347 6428 6429 6535
11348 6535 6534 6428
11349 6429 6430 6536
11350 6536 6535 6429
11351 6430 6431 6537
11352 6537 6536 6430
11353 6431 6432 6538
11354 6538 6537 6431
11355 6432 6433 6539
11356 6539 6538 6432
11357 6433 6434 6540
11358 6540 6539 6433
11359 6434 6435 6541
11360 6541 6540 6434
11361 6435 6436 6542
11362 6542 6541 6435
11363 6436 6437 6543
11364 6543 6542 6436
11365 6437 6438 6544
11366 6544 6543 6437
11367 6438 6439 6545
11368 6545 6544 6438
11369 6439 6440 6546
11370 6546 6545 6439
11371 6440 6441 6547
11372 6547 6546 6440
11373 6441 6442 6548
11374 6548 6547 6441
11375 6442 6443 6549
11376 6549 6548 6442
11377 6443 6444 6550
11378 6550 6549 6443
11379 6444 6445 6551
11380 6551 6550 6444
11381 6445 6446 6552
11382 6552 6551 6445
11383 6446 6447 6553
11384 6553 6552 6446
11385 6447 6448 6554
11386 6554 6553 6447
11387 6448 6449 6555
11388 6555 6554 6448
11389 6449 6450 6556
11390 6556 6555 6449
11391 6450 6451 6557
11392 6557 6556 6450
11393 6451 6452 6558
11394 6558 6557 6451
11395 6452 6453 6559
11396 6559 6558 6452
11397 6453 6454 6560
11398 6560 6559 6453
11399 6454 6455 6561
11400 6561 6560 6454
11401 6455 6456 6562
11402 6562 6561 6455
11403 6456 6457 6563
11404 6563 6562 6456
11405 6457 6458 6564
11406 6564 6563 6457
11407 6458 6459 6565
11408 6565 6564 6458
11409 6459 6460 6566
11410 6566 6565 6459
11411 6460 6461 6567
11412 6567 6566 6460
11413 6461 6462 6568
11414 6568 6567 6461
11415 6462 6463 6569
11416 6569 6568 6462
11417 6463 6464 6570
11418 6570 6569 6463
11419 6464 6465 6571
11420 6571 6570 6464
11421 6465 6466 6572
11422 6572 6571 6465
11423 6466 6467 6573
11424 6573 6572 6466
11425 6467 6468 6574
11426 6574 6573 6467
11427 6468 6469 6575
11428 6575 6574 6468
11429 6469 6470 6576
11430 6576 6575 6469
11431 6470 6471 6577
11432 6577 6576 6470
11433 6471 6472 6578
11434 6578 6577 6471
11435 6472 6473 6579
11436 6579 6578 6472
11437 6473 6474 6580
11438 6580 6579 6473
11439 6474 6475 6581
11440 6581 6580 6474
11441 6475 6476 6582
11442 6582 6581 6475
11443 6476 6477 6583
11444 6583 6582 6476
11445 6477 6478 6584
11446 6584 6583 6477
11447 6478 6479 6585
11448 6585 6584 6478
11449 6479 6480 6586
11450 6586 6585 6479
11451 6480 6481 6587
11452 6587 6586 6480
11453 6481 6482 6588
11454 6588 6587 6481
11455 6482 6483 6589
11456 6589 6588 6482
11457 6483 6484 6590
11458 6590 6589 6483
11459 6484 6485 6591
11460 6591 6590 6484
11461 6485 6486 6592
11462 6592 6591 6485
11463 6486 6487 6593
11464 6593 6592 6486
11465 6487 6488 6594
11466 6594 6593 6487
11467 6488 6489 6595
11468 6595 6594 6488
11469 6489 6490 6596
11470 6596 6595 6489
11471 6490 6491 6597
11472 6597 6596 6490
11473 6491 6492 6598
11474 6598 6597 6491
11475 6492 6493 6599
11476 6599 6598 6492
11477 6493 6494 6600
11478 6600 6599 6493
11479 6494 6495 6601
11480 6601 6600 6494
11481 6495 6496 6602
11482 6602 6601 6495
11483 6496 6497 6603
11484 6603 6602 6496
11485 6497 6498 6604
11486 6604 6603 6497
11487 6498 6499 6605
11488 6605 6604 6498
11489 6499 6500 6606
11490 6606 6605 6499
11491 6500 6501 6607
11492 6607 6606 6500
11493 6501 6502 6608
11494 6608 6607 6501
11495 6502 6503 6609
11496 6609 6608 6502
11497 6503 6504 6610
11498 6610 6609 6503
11499 6504 6505 6611
11500 6611 6610 6504
11501 6505 6506 6612
11502 6612 6611 6505
11503 6506 6507 6613
11504 6613 6612 6506
11505 6507 6508 6614
11506 6614 6613 6507
11507 6508 6509 6615
11508 6615 6614 6508
11509 6509 6510 6616
11510 6616 6615 6509
11511 6510 6511 6617
11512 6617 6616 6510
11513 6511 6512 6618
11514 6618 6617 6511
11515 6512 6513 6619
11516 6619 6618 6512
11517 6513 6514 6620
11518 6620 6619 6513
11519 6514 6515 6621
11520 6621 6620 6514
11521 6515 6516 6622
11522 6622 6621 6515
11523 6516 6517 6623
11524 6623 6622 6516
11525 6517 6518 6624
11526 6624 6623 6517
11527 6518 6519 6625
11528 6625 6624 6518
11529 6519 6520 6626
11530 6626 6625 6519
11531 6520 6521 6627
11532 6627 6626 6520
11533 6521 6522 6628
11534 6628 6627 6521
11535 6522 6523 6629
11536 6629 6628 6522
11537 6523 6524 6630
11538 6630 6629 6523
11539 6524 6525 6631
11540 6631 6630 6524
11541 6525 6526 6632
11542 6632 6631 6525
11543 6526 6527 6633
11544 6633 6632 6526
11545 6527 6528 6634
11546 6634 6633 6527
11547 6528 6529 6635
11548 6635 6634 6528
11549 6529 6530 6636
11550 6636 6635 6529
11551 6530 6531 6637
11552 6637 6636 6530
11553 6531 6532 6638
11554 6638 6637 6531
11555 6532 419 420
11556 420 6638 6532
11557 527 6533 526
11558 526 8 527
11559 6533 6534 525
11560 525 526 6533
11561 6534 6535 524
11562 524 525 6534
11563 6535 6536 523
11564 523 524 6535
11565 6536 6537 522
11566 522 523 6536
11567 6537 6538 521
11568 521 522 6537
11569 6538 6539 520
11570 520 521 6538
11571 6539 6540 519
11572 519 520 6539
11573 6540 6541 518
11574 518 519 6540
11575 6541 6542 517
11576 517 518 6541
11577 6542 6543 516
11578 516 517 6542
11579 6543 6544 515
11580 515 516 6543
11581 6544 6545 514
11582 514 515 6544
11583 6545 6546 513
11584 513 514 6545
11585 6546 6547 512
11586 512 513 6546
11587 6547 6548 511
11588 511 512 6547
11589 6548 6549 510
11590 510 511 6548
11591 6549 6550 509
11592 509 510 6549
11593 6550 6551 508
11594 508 509 6550
11595 6551 6552 507
11596 507 508 6551
11597 6552 6553 506
11598 506 507 6552
11599 6553 6554 505
11600 505 506 6553
11601 6554 6555 504
11602 504 505 6554
11603 6555 6556 503
11604 503 504 6555
11605 6556 6557 502
11606 502 503 6556
11607 6557 6558 501
11608 501 502 6557
11609 6558 6559 500
11610 500 501 6558
11611 6559 6560 499
11612 499 500 6559
11613 6560 6561 498
11614 498 499 6560
11615 6561 6562 497
11616 497 498 6561
11617 6562 6563 496
11618 496 497 6562
11619 6563 6564 495
11620 495 496 6563
11621 6564 6565 494
11622 494 495 6564
11623 6565 6566 493
11624 493 494 6565
11625 6566 6567 492
11626 492 493 6566
11627 6567 6568 491
11628 491 492 6567
11629 6568 6569 490
11630 490 491 6568
11631 6569 6570 489
11632 489 490 6569
11633 6570 6571 488
11634 488 489 6570
11635 6571 6572 487
11636 487 488 6571
11637 6572 6573 486
11638 486 487 6572
11639 6573 6574 485
11640 485 486 6573
11641 6574 6575 484
11642 484 485 6574
11643 6575 6576 483
11644 483 484 6575
11645 6576 6577 482
11646 482 483 6576
11647 6577 6578 481
11648 481 482 6577
11649 6578 6579 480
11650 480 481 6578
11651 6579 6580 479
11652 479 480 6579
11653 6580 6581 478
11654 478 479 6580
11655 6581 6582 477
11656 477 478 6581
11657 6582 6583 476
11658 476 477 6582
11659 6583 6584 475
11660 475 476 6583
11661 6584 6585 474
11662 474 475 6584
11663 6585 6586 473
11664 473 474 6585
11665 6586 6587 472
11666 472 473 6586
11667 6587 6588 471
11668 471 472 6587
11669 6588 6589 470
11670 470 471 6588
11671 6589 6590 469
11672 469 470 6589
11673 6590 6591 468
11674 468 469 6590
11675 6591 6592 467
11676 467 468 6591
11677 6592 6593 466
11678 466 467 6592
11679 6593 6594 465
11680 465 466 6593
11681 6594 6595 464
11682 464 465 6594
11683 6595 6596 463
11684 463 464 6595
11685 6596 6597 462
11686 462 463 6596
11687 6597 6598 461
11688 461 462 6597
11689 6598 6599 460
11690 460 461 6598
11691 6599 6600 459
11692 459 460 6599
11693 6600 6601 458
11694 458 459 6600
11695 6601 6602 457
11696 457 458 6601
11697 6602 6603 456
11698 456 457 6602
11699 6603 6604 455
11700 455 456 6603
11701 6604 6605 454
11702 454 455 6604
11703 6605 6606 453
11704 453 454 6605
11705 6606 6607 452
11706 452 453 6606
11707 6607 6608 451
11708 451 452 6607
11709 6608 6609 450
11710 450 451 6608
11711 6609 6610 449
11712 449 450 6609
11713 6610 6611 448
11714 448 449 6610
11715 6611 6612 447
11716 447 448 6611
11717 6612 6613 446
11718 446 447 6612
11719 6613 6614 445
11720 445 446 6613
11721 6614 6615 444
11722 444 445 6614
11723 6615 6616 443
11724 443 444 6615
11725 6616 6617 442
11726 442 443 6616
11727 6617 6618 441
11728 441 442 6617
11729 6618 6619 440
11730 440 441 6618
11731 6619 6620 439
11732 439 440 6619
11733 6620 6621 438
11734 438 439 6620
11735 6621 6622 437
11736 437 438 6621
11737 6622 6623 436
11738 436 437 6622
11739 6623 6624 435
11740 435 436 6623
11741 6624 6625 434
11742 434 435 6624
11743 6625 6626 433
11744 433 434 6625
11745 6626 6627 432
11746 432 433 6626
11747 6627 6628 431
11748 431 432 6627
11749 6628 6629 430
11750 430 431 6628
11751 6629 6630 429
11752 429 430 6629
11753 6630 6631 428
11754 428 429 6630
11755 6631 6632 427
11756 427 428 6631
11757 6632 6633 426
11758 426 427 6632
11759 6633 6634 425
11760 425 426 6633
11761 6634 6635 424
11762 424 425 6634
11763 6635 6636 423
11764 423 424 6635
11765 6636 6637 422
11766 422 423 6636
11767 6637 6638 421
11768 421 422 6637
11769 6638 420 7
11770 7 421 6638
11771 9 549 6639
11772 6639 804 9
11773 549 550 6640
11774 6640 6639 549
11775 550 551 6641
11776 6641 6640 550
11777 551 552 6642
11778 6642 6641 551
11779 552 553 6643
11780 6643 6642 552
11781 553 554 6644
11782 6644 6643 553
11783 554 555 6645
11784 6645 6644 554
11785 555 556 6646
11786 6646 6645 555
11787 556 557 6647
11788 6647 6646 556
11789 557 558 6648
11790 6648 6647 557
11791 558 559 6649
11792 6649 6648 558
11793 559 560 6650
11794 6650 6649 559
11795 560 561 6651
11796 6651 6650 560
11797 561 562 6652
11798 6652 6651 561
11799 562 563 6653
11800 6653 6652 562
11801 563 564 6654
11802 6654 6653 563
11803 564 565 6655
11804 6655 6654 564
11805 565 566 6656
11806 6656 6655 565
11807 566 567 6657
11808 6657 6656 566
11809 567 568 6658
11810 6658 6657 567
11811 568 569 6659
11812 6659 6658 568
11813 569 570 6660
11814 6660 6659 569
11815 570 571 6661
11816 6661 6660 570
11817 571 572 6662
11818 6662 6661 571
11819 572 573 6663
11820 6663 6662 572
11821 573 574 6664
11822 6664 6663 573
11823 574 575 6665
11824 6665 6664 574
11825 575 576 6666
11826 6666 6665 575
11827 576 577 6667
11828 6667 6666 576
11829 577 578 6668
11830 6668 6667 577
11831 578 579 6669
11832 6669 6668 578
11833 579 580 6670
11834 6670 6669 579
11835 580 581 6671
11836 6671 6670 580
11837 581 582 6672
11838 6672 6671 581
11839 582 583 6673
11840 6673 6672 582
11841 583 584 6674
11842 6674 6673 583
11843 584 585 6675
11844 6675 6674 584
11845 585 586 6676
11846 6676 6675 585
11847 586 587 6677
11848 6677 6676 586
11849 587 588 6678
11850 6678 6677 587
11851 588 589 6679
11852 6679 6678 588
11853 589 590 6680
11854 6680 6679 589
11855 590 591 6681
11856 6681 6680 590
11857 591 592 6682
11858 6682 6681 591
11859 592 593 6683
11860 6683 6682 592
11861 593 594 6684
11862 6684 6683 593
11863 594 595 6685
11864 6685 6684 594
11865 595 596 6686
11866 6686 6685 595
11867 596 597 6687
11868 6687 6686 596
11869 597 598 6688
11870 6688 6687 597
11871 598 599 6689
11872 6689 6688 598
11873 599 600 6690
11874 6690 6689 599
11875 600 601 6691
11876 6691 6690 600
11877 601 602 6692
11878 6692 6691 601
11879 602 603 6693
11880 6693 6692 602
11881 603 604 6694
11882 6694 6693 603
11883 604 605 6695
11884 6695 6694 604
11885 605 606 6696
11886 6696 6695 605
11887 606 607 6697
11888 6697 6696 606
11889 607 608 6698
11890 6698 6697 607
11891 608 609 6699
11892 6699 6698 608
11893 609 610 6700
11894 6700 6699 609
11895 610 611 6701
11896 6701 6700 610
11897 611 612 6702
11898 6702 6701 611
11899 612 613 6703
11900 6703 6702 612
11901 613 614 6704
11902 6704 6703 613
11903 614 615 6705
11904 6705 6704 614
11905 615 616 6706
11906 6706 6705 615
11907 616 617 6707
11908 6707 6706 616
11909 617 618 6708
11910 6708 6707 617
11911 618 619 6709
11912 6709 6708 618
11913 619 620 6710
11914 6710 6709 619
11915 620 621 6711
11916 6711 6710 620
11917 621 622 6712
11918 6712 6711 621
11919 622 623 6713
11920 6713 6712 622
11921 623 624 6714
11922 6714 6713 623
11923 624 625 6715
11924 6715 6714 624
11925 625 626 6716
11926 6716 6715 625
11927 626 627 6717
11928 6717 6716 626
11929 627 628 6718
11930 6718 6717 627
11931 628 629 6719
11932 6719 6718 628
11933 629 630 6720
11934 6720 6719 629
11935 630 631 6721
11936 6721 6720 630
11937 631 632 6722
11938 6722 6721 631
11939 632 633 6723
11940 6723 6722 632
11941 633 634 6724
11942 6724 6723 633
11943 634 635 6725
11944 6725 6724 634
11945 635 636 6726
11946 6726 6725 635
11947 636 637 6727
11948 6727 6726 636
11949 637 638 6728
11950 6728 6727 637
11951 638 639 6729
11952 6729 6728 638
11953 639 640 6730
11954 6730 6729 639
11955 640 641 6731
11956 6731 6730 640
11957 641 642 6732
11958 6732 6731 641
11959 642 643 6733
11960 6733 6732 642
11961 643 644 6734
11962 6734 6733 643
11963 644 645 6735
11964 6735 6734 644
11965 645 646 6736
11966 6736 6735 645
11967 646 647 6737
11968 6737 6736 646
11969 647 648 6738
11970 6738 6737 647
11971 648 649 6739
11972 6739 6738 648
11973 649 650 6740
11974 6740 6739 649
11975 650 651 6741
11976 6741 6740 650
11977 651 652 6742
11978 6742 6741 651
11979 652 653 6743
11980 6743 6742 652
11981 653 654 6744
11982 6744 6743 653
11983 654 10 655
11984 655 6744 654
11985 804 6639 6745
11986 6745 803 804
11987 6639 6640 6746
11988 6746 6745 6639
11989 6640 6641 6747
11990 6747 6746 6640
11991 6641 6642 6748
11992 6748 6747 6641
11993 6642 6643 6749
11994 6749 6748 6642
11995 6643 6644 6750
11996 6750 6749 6643
11997 6644 6645 6751
11998 6751 6750 6644
11999 6645 6646 6752
12000 6752 6751 6645
12001 6646 6647 6753
12002 6753 6752 6646
12003 6647 6648 6754
12004 6754 6753 6647
12005 6648 6649 6755
12006 6755 6754 6648
12007 6649 6650 6756
12008 6756 6755 6649
12009 6650 6651 6757
12010 6757 6756 6650
12011 6651 6652 6758
12012 6758 6757 6651
12013 6652 6653 6759
12014 6759 6758 6652
12015 6653 6654 6760
12016 6760 6759 6653
12017 6654 6655 6761
12018 6761 6760 6654
12019 6655 6656 6762
12020 6762 6761 6655
12021 6656 6657 6763
12022 6763 6762 6656
12023 6657 6658 6764
12024 6764 6763 6657
12025 6658 6659 6765
12026 6765 6764 6658
12027 6659 6660 6766
12028 6766 6765 6659
12029 6660 6661 6767
12030 6767 6766 6660
12031 6661 6662 6768
12032 6768 6767 6661
12033 6662 6663 6769
12034 6769 6768 6662
12035 6663 6664 6770
12036 6770 6769 6663
12037 6664 6665 6771
12038 6771 6770 6664
12039 6665 6666 6772
12040 6772 6771 6665
12041 6666 6667 6773
12042 6773 6772 6666
12043 6667 6668 6774
12044 6774 6773 6667
12045 6668 6669 6775
12046 6775 6774 6668
12047 6669 6670 6776
12048 6776 6775 6669
12049 6670 6671 6777
12050 6777 6776 6670
12051 6671 6672 6778
12052 6778 6777 6671
12053 6672 6673 6779
12054 6779 6778 6672
12055 6673 6674 6780
12056 6780 6779 6673
12057 6674 6675 6781
12058 6781 6780 6674
12059 6675 6676 6782
12060 6782 6781 6675
12061 6676 6677 6783
12062 6783 6782 6676
12063 6677 6678 6784
12064 6784 6783 6677
12065 6678 6679 6785
12066 6785 6784 6678
12067 6679 6680 6786
12068 6786 6785 6679
12069 6680 6681 6787
12070 6787 6786 6680
12071 6681 6682 6788
12072 6788 6787 6681
12073 6682 6683 6789
12074 6789 6788 6682
12075 6683 6684 6790
12076 6790 6789 6683
12077 6684 6685 6791
12078 6791 6790 6684
12079 6685 6686 6792
12080 6792 6791 6685
12081 6686 6687 6793
12082 6793 6792 6686
12083 6687 6688 6794
12084 6794 6793 6687
12085 6688 6689 6795
12086 6795 6794 6688
12087 6689 6690 6796
12088 6796 6795 6689
12089 6690 6691 6797
12090 6797 6796 6690
12091 6691 6692 6798
12092 6798 6797 6691
12093 6692 6693 6799
12094 6799 6798 6692
12095 6693 6694 6800
12096 6800 6799 6693
12097 6694 6695 6801
12098 6801 6800 6694
12099 6695 6696 6802
12100 6802 6801 6695
12101 6696 6697 6803
12102 6803 6802 6696
12103 6697 6698 6804
12104 6804 6803 6697
12105 6698 6699 6805
12106 6805 6804 6698
12107 6699 6700 6806
12108 6806 6805 6699
12109 6700 6701 6807
12110 6807 6806 6700
12111 6701 6702 6808
12112 6808 6807 6701
12113 6702 6703 6809
12114 6809 6808 6702
12115 6703 6704 6810
12116 6810 6809 6703
12117 6704 6705 6811
12118 6811 6810 6704
12119 6705 6706 6812
12120 6812 6811 6705
12121 6706 6707 6813
12122 6813 6812 6706
12123 6707 6708 6814
12124 6814 6813 6707
12125 6708 6709 6815
12126 6815 6814 6708
12127 6709 6710 6816
12128 6816 6815 6709
12129 6710 6711 6817
12130 6817 6816 6710
12131 6711 6712 6818
12132 6818 6817 6711
12133 6712 6713 6819
12134 6819 6818 6712
12135 6713 6714 6820
12136 6820 6819 6713
12137 6714 6715 6821
12138 6821 6820 6714
12139 6715 6716 6822
12140 6822 6821 6715
12141 6716 6717 6823
12142 6823 6822 6716
12143 6717 6718 6824
12144 6824 6823 6717
12145 6718 6719 6825
12146 6825 6824 6718
12147 6719 6720 6826
12148 6826 6825 6719
12149 6720 6721 6827
12150 6827 6826 6720
12151 6721 6722 6828
12152 6828 6827 6721
12153 6722 6723 6829
12154 6829 6828 6722
12155 6723 6724 6830
12156 6830 6829 6723
12157 6724 6725 6831
12158 6831 6830 6724
12159 6725 6726 6832
12160 6832 6831 6725
12161 6726 6727 6833
12162 6833 6832 6726
12163 6727 6728 6834
12164 6834 6833 6727
12165 6728 6729 6835
12166 6835 6834 6728
12167 6729 6730 6836
12168 6836 6835 6729
12169 6730 6731 6837
12170 6837 6836 6730
12171 6731 6732 6838
12172 6838 6837 6731
12173 6732 6733 6839
12174 6839 6838 6732
12175 6733 6734 6840
12176 6840 6839 6733
12177 6734 6735 6841
12178 6841 6840 6734
12179 6735 6736 6842
12180 6842 6841 6735
12181 6736 6737 6843
12182 6843 6842 6736
12183 6737 6738 6844
12184 6844 6843 6737
12185 6738 6739 6845
12186 6845 6844 6738
12187 6739 6740 6846
12188 6846 6845 6739
12189 6740 6741 6847
12190 6847 6846 6740
12191 6741 6742 6848
12192 6848 6847 6741
12193 6742 6743 6849
12194 6849 6848 6742
12195 6743 6744 6850
12196 6850 6849 6743
12197 6744 655 656
12198 656 6850 6744
12199 803 6745 6851
12200 6851 802 803
12201 6745 6746 6852
12202 6852 6851 6745
12203 6746 6747 6853
12204 6853 6852 6746
12205 6747 6748 6854
12206 6854 6853 6747
12207 6748 6749 6855
12208 6855 6854 6748
12209 6749 6750 6856
12210 6856 6855 6749
12211 6750 6751 6857
12212 6857 6856 6750
12213 6751 6752 6858
12214 6858 6857 6751
12215 6752 6753 6859
12216 6859 6858 6752
12217 6753 6754 6860
12218 6860 6859 6753
12219 6754 6755 6861
12220 6861 6860 6754
12221 6755 6756 6862
12222 6862 6861 6755
12223 6756 6757 6863
12224 6863 6862 6756
12225 6757 6758 6864
12226 6864 6863 6757
12227 6758 6759 6865
12228 6865 6864 6758
12229 6759 6760 6866
12230 6866 6865 6759
12231 6760 6761 6867
12232 6867 6866 6760
12233 6761 6762 6868
12234 6868 6867 6761
12235 6762 6763 6869
12236 6869 6868 6762
12237 6763 6764 6870
12238 6870 6869 6763
12239 6764 6765 6871
12240 6871 6870 6764
12241 6765 6766 6872
12242 6872 6871 6765
12243 6766 6767 6873
12244 6873 6872 6766
12245 6767 6768 6874
12246 6874 6873 6767
12247 6768 6769 6875
12248 6875 6874 6768
12249 6769 6770 6876
12250 6876 6875 6769
12251 6770 6771 6877
12252 6877 6876 6770
12253 6771 6772 6878
12254 6878 6877 6771
12255 6772 6773 6879
12256 6879 6878 6772
12257 6773 6774 6880
12258 6880 6879 6773
12259 6774 6775 6881
12260 6881 6880 6774
12261 6775 6776 6882
12262 6882 6881 6775
12263 6776 6777 6883
12264 6883 6882 6776
12265 6777 6778 6884
12266 6884 6883 6777
12267 6778 6779 6885
12268 6885 6884 6778
12269 6779 6780 6886
12270 6886 6885 6779
12271 6780 6781 6887
12272 6887 6886 6780
12273 6781 6782 6888
12274 6888 6887 6781
12275 6782 6783 6889
12276 6889 6888 6782
12277 6783 6784 6890
12278 6890 6889 6783
12279 6784 6785 6891
12280 6891 6890 6784
12281 6785 6786 6892
12282 6892 6891 6785
12283 6786 6787 6893
12284 6893 6892 6786
12285 6787 6788 6894
12286 6894 6893 6787
12287 6788 6789 6895
12288 6895 6894 6788
12289 6789 6790 6896
12290 6896 6895 6789
12291 6790 6791 6897
12292 6897 6896 6790
12293 6791 6792 6898
12294 6898 6897 6791
12295 6792 6793 6899
12296 6899 6898 6792
12297 6793 6794 6900
12298 6900 6899 6793
12299 6794 6795 6901
12300 6901 6900 6794
12301 6795 6796 6902
12302 6902 6901 6795
12303 6796 6797 6903
12304 6903 6902 6796
12305 6797 6798 6904
12306 6904 6903 6797
12307 6798 6799 6905
12308 6905 6904 6798
12309 6799 6800 6906
12310 6906 6905 6799
12311 6800 6801 6907
12312 6907 6906 6800
12313 6801 6802 6908
12314 6908 6907 6801
12315 6802 6803 6909
12316 6909 6908 6802
12317 6803 6804 6910
12318 6910 6909 6803
12319 6804 6805 6911
12320 6911 6910 6804
12321 6805 6806 6912
12322 6912 6911 6805
12323 6806 6807 6913
12324 6913 6912 6806
12325 6807 6808 6914
12326 6914 6913 6807
12327 6808 6809 6915
12328 6915 6914 6808
12329 6809 6810 6916
12330 6916 6915 6809
12331 6810 6811 6917
12332 6917 6916 6810
12333 6811 6812 6918
12334 6918 6917 6811
12335 6812 6813 6919
12336 6919 6918 6812
12337 6813 6814 6920
12338 6920 6919 6813
12339 6814 6815 6921
12340 6921 6920 6814
12341 6815 6816 6922
12342 6922 6921 6815
12343 6816 6817 6923
12344 6923 6922 6816
12345 6817 6818 6924
12346 6924 6923 6817
12347 6818 6819 6925
12348 6925 6924 6818
12349 6819 6820 6926
12350 6926 6925 6819
12351 6820 6821 6927
12352 6927 6926 6820
12353 6821 6822 6928
12354 6928 6927 6821
12355 6822 6823 6929
12356 6929 6928 6822
12357 6823 6824 6930
12358 6930 6929 6823
12359 6824 6825 6931
12360 6931 6930 6824
12361 6825 6826 6932
12362 6932 6931 6825
12363 6826 6827 6933
12364 6933 6932 6826
12365 6827 6828 6934
12366 6934 6933 6827
12367 6828 6829 6935
12368 6935 6934 6828
12369 6829 6830 6936
12370 6936 6935 6829
12371 6830 6831 6937
12372 6937 6936 6830
12373 6831 6832 6938
12374 6938 6937 6831
12375 6832 6833 6939
12376 6939 6938 6832
12377 6833 6834 6940
12378 6940 6939 6833
12379 6834 6835 6941
12380 6941 6940 6834
12381 6835 6836 6942
12382 6942 6941 6835
12383 6836 6837 6943
12384 6943 6942 6836
12385 6837 6838 6944
12386 6944 6943 6837
12387 6838 6839 6945
12388 6945 6944 6838
12389 6839 6840 6946
12390 6946 6945 6839
12391 6840 6841 6947
12392 6947 6946 6840
12393 6841 6842 6948
12394 6948 6947 6841
12395 6842 6843 6949
12396 6949 6948 6842
12397 6843 6844 6950
12398 6950 6949 6843
12399 6844 6845 6951
12400 6951 6950 6844
12401 6845 6846 6952
12402 6952 6951 6845
12403 6846 6847 6953
12404 6953 6952 6846
12405 6847 6848 6954
12406 6954 6953 6847
12407 6848 6849 6955
12408 6955 6954 6848
12409 6849 6850 6956
12410 6956 6955 6849
12411 6850 656 657
12412 657 6956 6850
12413 802 6851 6957
12414 6957 801 802
12415 6851 6852 6958
12416 6958 6957 6851
12417 6852 6853 6959
12418 6959 6958 6852
12419 6853 6854 6960
12420 6960 6959 6853
12421 6854 6855 6961
12422 6961 6960 6854
12423 6855 6856 6962
12424 6962 6961 6855
12425 6856 6857 6963
12426 6963 6962 6856
12427 6857 6858 6964
12428 6964 6963 6857
12429 6858 6859 6965
12430 6965 6964 6858
12431 6859 6860 6966
12432 6966 6965 6859
12433 6860 6861 6967
12434 6967 6966 6860
12435 6861 6862 6968
12436 6968 6967 6861
12437 6862 6863 6969
12438 6969 6968 6862
12439 6863 6864 6970
12440 6970 6969 6863
12441 6864 6865 6971
12442 6971 6970 6864
12443 6865 6866 6972
12444 6972 6971 6865
12445 6866 6867 6973
12446 6973 6972 6866
12447 6867 6868 6974
12448 6974 6973 6867
12449 6868 6869 6975
12450 6975 6974 6868
12451 6869 6870 6976
12452 6976 6975 6869
12453 6870 6871 6977
12454 6977 6976 6870
12455 6871 6872 6978
12456 6978 6977 6871
12457 6872 6873 6979
12458 6979 6978 6872
12459 6873 6874 6980
12460 6980 6979 6873
12461 6874 6875 6981
12462 6981 6980 6874
12463 6875 6876 6982
12464 6982 6981 6875
12465 6876 6877 6983
12466 6983 6982 6876
12467 6877 6878 6984
12468 6984 6983 6877
12469 6878 6879 6985
12470 6985 6984 6878
12471 6879 6880 6986
12472 6986 6985 6879
12473 6880 6881 6987
12474 6987 6986 6880
12475 6881 6882 6988
12476 6988 6987 6881
12477 6882 6883 6989
12478 6989 6988 6882
12479 6883 6884 6990
12480 6990 6989 6883
12481 6884 6885 6991
12482 6991 6990 6884
12483 6885 6886 6992
12484 6992 6991 6885
12485 6886 6887 6993
12486 6993 6992 6886
12487 6887 6888 6994
12488 6994 6993 6887
12489 6888 6889 6995
12490 6995 6994 6888
12491 6889 6890 6996
12492 6996 6995 6889
12493 6890 6891 6997
12494 6997 6996 6890
12495 6891 6892 6998
12496 6998 6997 6891
12497 6892 6893 6999
12498 6999 6998 6892
12499 6893 6894 7000
12500 7000 6999 6893
12501 6894 6895 7001
12502 7001 7000 6894
12503 6895 6896 7002
12504 7002 7001 6895
12505 6896 6897 7003
12506 7003 7002 6896
12507 6897 6898 7004
12508 7004 7003 6897
12509 6898 6899 7005
12510 7005 7004 6898
12511 6899 6900 7006
12512 7006 7005 6899
12513 6900 6901 7007
12514 7007 7006 6900
12515 6901 6902 7008
12516 7008 7007 6901
12517 6902 6903 7009
12518 7009 7008 6902
12519 6903 6904 7010
12520 7010 7009 6903
12521 6904 6905 7011
12522 7011 7010 6904
12523 6905 6906 7012
12524 7012 7011 6905
12525 6906 6907 7013
12526 7013 7012 6906
12527 6907 6908 7014
12528 7014 7013 6907
12529 6908 6909 7015
12530 7015 7014 6908
12531 6909 6910 7016
12532 7016 7015 6909
12533 6910 6911 7017
12534 7017 7016 6910
12535 6911 6912 7018
12536 7018 7017 6911
12537 6912 6913 7019
12538 7019 7018 6912
12539 6913 6914 7020
12540 7020 7019 6913
12541 6914 6915 7021
12542 7021 7020 6914
12543 6915 6916 7022
12544 7022 7021 6915
12545 6916 6917 7023
12546 7023 7022 6916
12547 6917 6918 7024
12548 7024 7023 6917
12549 6918 6919 7025
12550 7025 7024 6918
12551 6919 6920 7026
12552 7026 7025 6919
12553 6920 6921 7027
12554 7027 7026 6920
12555 6921 6922 7028
12556 7028 7027 6921
12557 6922 6923 7029
12558 7029 7028 6922
12559 6923 6924 7030
12560 7030 7029 6923
12561 6924 6925 7031
12562 7031 7030 6924
12563 6925 6926 7032
12564 7032 7031 6925
12565 6926 6927 7033
12566 7033 7032 6926
12567 6927 6928 7034
12568 7034 7033 6927
12569 6928 6929 7035
12570 7035 7034 6928
12571 6929 6930 7036
12572 7036 7035 6929
12573 6930 6931 7037
12574 7037 7036 6930
12575 6931 6932 7038
12576 7038 7037 6931
12577 6932 6933 7039
12578 7039 7038 6932
12579 6933 6934 7040
12580 7040 7039 6933
12581 6934 6935 7041
12582 7041 7040 6934
12583 6935 6936 7042
12584 7042 7041 6935
12585 6936 6937 7043
12586 7043 7042 6936
12587 6937 6938 7044
12588 7044 7043 6937
12589 6938 6939 7045
12590 7045 7044 6938
12591 6939 6940 7046
12592 7046 7045 6939
12593 6940 6941 7047
12594 7047 7046 6940
12595 6941 6942 7048
12596 7048 7047 6941
12597 6942 6943 7049
12598 7049 7048 6942
12599 6943 6944 7050
12600 7050 7049 6943
12601 6944 6945 7051
12602 7051 7050 6944
12603 6945 6946 7052
12604 7052 7051 6945
12605 6946 6947 7053
12606 7053 7052 6946
12607 6947 6948 7054
12608 7054 7053 6947
12609 6948 6949 7055
12610 7055 7054 6948
12611 6949 6950 7056
12612 7056 7055 6949
12613 6950 6951 7057
12614 7057 7056 6950
12615 6951 6952 7058
12616 7058 7057 6951
12617 6952 6953 7059
12618 7059 7058 6952
12619 6953 6954 7060
12620 7060 7059 6953
12621 6954 6955 7061
12622 7061 7060 6954
12623 6955 6956 7062
12624 7062 7061 6955
12625 6956 657 658
12626 658 7062 6956
12627 801 6957 7063
12628 7063 800 801
12629 6957 6958 7064
12630 7064 7063 6957
12631 6958 6959 7065
12632 7065 7064 6958
12633 6959 6960 7066
12634 7066 7065 6959
12635 6960 6961 7067
12636 7067 7066 6960
12637 6961 6962 7068
12638 7068 7067 6961
12639 6962 6963 7069
12640 7069 7068 6962
12641 6963 6964 7070
12642 7070 7069 6963
12643 6964 6965 7071
12644 7071 7070 6964
12645 6965 6966 7072
12646 7072 7071 6965
12647 6966 6967 7073
12648 7073 7072 6966
12649 6967 6968 7074
12650 7074 7073 6967
12651 6968 6969 7075
12652 7075 7074 6968
12653 6969 6970 7076
12654 7076 7075 6969
12655 6970 6971 7077
12656 7077 7076 6970
12657 6971 6972 7078
12658 7078 7077 6971
12659 6972 6973 7079
12660 7079 7078 6972
12661 6973 6974 7080
12662 7080 7079 6973
12663 6974 6975 7081
12664 7081 7080 6974
12665 6975 6976 7082
12666 7082 7081 6975
12667 6976 6977 7083
12668 7083 7082 6976
12669 6977 6978 7084
12670 7084 7083 6977
12671 6978 6979 7085
12672 7085 7084 6978
12673 6979 6980 7086
12674 7086 7085 6979
12675 6980 6981 7087
12676 7087 7086 6980
12677 6981 6982 7088
12678 7088 7087 6981
12679 6982 6983 7089
12680 7089 7088 6982
12681 6983 6984 7090
12682 7090 7089 6983
12683 6984 6985 7091
12684 7091 7090 6984
12685 6985 6986 7092
12686 7092 7091 6985
12687 6986 6987 7093
12688 7093 7092 6986
12689 6987 6988 7094
12690 7094 7093 6987
12691 6988 6989 7095
12692 7095 7094 6988
12693 6989 6990 7096
12694 7096 7095 6989
12695 6990 6991 7097
12696 7097 7096 6990
12697 6991 6992 7098
12698 7098 7097 6991
12699 6992 6993 7099
12700 7099 7098 6992
12701 6993 6994 7100
12702 7100 7099 6993
12703 6994 6995 7101
12704 7101 7100 6994
12705 6995 6996 7102
12706 7102 7101 6995
12707 6996 6997 7103
12708 7103 7102 6996
12709 6997 6998 7104
12710 7104 7103 6997
12711 6998 6999 7105
12712 7105 7104 6998
12713 6999 7000 7106
12714 7106 7105 6999
12715 7000 7001 7107
12716 7107 7106 7000
12717 7001 7002 7108
12718 7108 7107 7001
12719 7002 7003 7109
12720 7109 7108 7002
12721 7003 7004 7110
12722 7110 7109 7003
12723 7004 7005 7111
12724 7111 7110 7004
12725 7005 7006 7112
12726 7112 7111 7005
12727 7006 7007 7113
12728 7113 7112 7006
12729 7007 7008 7114
12730 7114 7113 7007
12731 7008 7009 7115
12732 7115 7114 7008
12733 7009 7010 7116
12734 7116 7115 7009
12735 7010 7011 7117
12736 7117 7116 7010
12737 7011 7012 7118
12738 7118 7117 7011
12739 7012 7013 7119
12740 7119 7118 7012
12741 7013 7014 7120
12742 7120 7119 7013
12743 7014 7015 7121
12744 7121 7120 7014
12745 7015 7016 7122
12746 7122 7121 7015
12747 7016 7017 7123
12748 7123 7122 7016
12749 7017 7018 7124
12750 7124 7123 7017
12751 7018 7019 7125
12752 7125 7124 7018
12753 7019 7020 7126
12754 7126 7125 7019
12755 7020 7021 7127
12756 7127 7126 7020
12757 7021 7022 7128
12758 7128 7127 7021
12759 7022 7023 7129
12760 7129 7128 7022
12761 7023 7024 7130
12762 7130 7129 7023
12763 7024 7025 7131
12764 7131 7130 7024
12765 7025 7026 7132
12766 7132 7131 7025
12767 7026 7027 7133
12768 7133 7132 7026
12769 7027 7028 7134
12770 7134 7133 7027
12771 7028 7029 7135
12772 7135 7134 7028
12773 7029 7030 7136
12774 7136 7135 7029
12775 7030 7031 7137
12776 7137 7136 7030
12777 7031 7032 7138
12778 7138 7137 7031
12779 7032 7033 7139
12780 7139 7138 7032
12781 7033 7034 7140
12782 7140 7139 7033
12783 7034 7035 7141
12784 7141 7140 7034
12785 7035 7036 7142
12786 7142 7141 7035
12787 7036 7037 7143
12788 7143 7142 7036
12789 7037 7038 7144
12790 7144 7143 7037
12791 7038 7039 7145
12792 7145 7144 7038
12793 7039 7040 7146
12794 7146 7145 7039
12795 7040 7041 7147
12796 7147 7146 7040
12797 7041 7042 7148
12798 7148 7147 7041
12799 7042 7043 7149
12800 7149 7148 7042
12801 7043 7044 7150
12802 7150 7149 7043
12803 7044 7045 7151
12804 7151 7150 7044
12805 7045 7046 7152
12806 7152 7151 7045
12807 7046 7047 7153
12808 7153 7152 7046
12809 7047 7048 7154
12810 7154 7153 7047
12811 7048 7049 7155
12812 7155 7154 7048
12813 7049 7050 7156
12814 7156 7155 7049
12815 7050 7051 7157
12816 7157 7156 7050
12817 7051 7052 7158
12818 7158 7157 7051
12819 7052 7053 7159
12820 7159 7158 7052
12821 7053 7054 7160
12822 7160 7159 7053
12823 7054 7055 7161
12824 7161 7160 7054
12825 7055 7056 7162
12826 7162 7161 7055
12827 7056 7057 7163
12828 7163 7162 7056
12829 7057 7058 7164
12830 7164 7163 7057
12831 7058 7059 7165
12832 7165 7164 7058
12833 7059 7060 7166
12834 7166 7165 7059
12835 7060 7061 7167
12836 7167 7166 7060
12837 7061 7062 7168
12838 7168 7167 7061
12839 7062 658 659
12840 659 7168 7062
12841 800 7063 7169
12842 7169 799 800
12843 7063 7064 7170
12844 7170 7169 7063
12845 7064 7065 7171
12846 7171 7170 7064
12847 7065 7066 7172
12848 7172 7171 7065
12849 7066 7067 7173
12850 7173 7172 7066
12851 7067 7068 7174
12852 7174 7173 7067
12853 7068 7069 7175
12854 7175 7174 7068
12855 7069 7070 7176
12856 7176 7175 7069
12857 7070 7071 7177
12858 7177 7176 7070
12859 7071 7072 7178
12860 7178 7177 7071
12861 7072 7073 7179
12862 7179 7178 7072
12863 7073 7074 7180
12864 7180 7179 7073
12865 7074 7075 7181
12866 7181 7180 7074
12867 7075 7076 7182
12868 7182 7181 7075
12869 7076 7077 7183
12870 7183 7182 7076
12871 7077 7078 7184
12872 7184 7183 7077
12873 7078 7079 7185
12874 7185 7184 7078
12875 7079 7080 7186
12876 7186 7185 7079
12877 7080 7081 7187
12878 7187 7186 7080
12879 7081 7082 7188
12880 7188 7187 7081
12881 7082 7083 7189
12882 7189 7188 7082
12883 7083 7084 7190
12884 7190 7189 7083
12885 7084 7085 7191
12886 7191 7190 7084
12887 7085 7086 7192
12888 7192 7191 7085
12889 7086 7087 7193
12890 7193 7192 7086
12891 7087 7088 7194
12892 7194 7193 7087
12893 7088 7089 7195
12894 7195 7194 7088
12895 7089 7090 7196
12896 7196 7195 7089
12897 7090 7091 7197
12898 7197 7196 7090
12899 7091 7092 7198
12900 7198 7197 7091
12901 7092 7093 7199
12902 7199 7198 7092
12903 7093 7094 7200
12904 7200 7199 7093
12905 7094 7095 7201
12906 7201 7200 7094
12907 7095 7096 7202
12908 7202 7201 7095
12909 7096 7097 7203
12910 7203 7202 7096
12911 7097 7098 7204
12912 7204 7203 7097
12913 7098 7099 7205
12914 7205 7204 7098
12915 7099 7100 7206
12916 7206 7205 7099
12917 7100 7101 7207
12918 7207 7206 7100
12919 7101 7102 7208
12920 7208 7207 7101
12921 7102 7103 7209
12922 7209 7208 7102
12923 7103 7104 7210
12924 7210 7209 7103
12925 7104 7105 7211
12926 7211 7210 7104
12927 7105 7106 7212
12928 7212 7211 7105
12929 7106 7107 7213
12930 7213 7212 7106
12931 7107 7108 7214
12932 7214 7213 7107
12933 7108 7109 7215
12934 7215 7214 7108
12935 7109 7110 7216
12936 7216 7215 7109
12937 7110 7111 7217
12938 7217 7216 7110
12939 7111 7112 7218
12940 7218 7217 7111
12941 7112 7113 7219
12942 7219 7218 7112
12943 7113 7114 7220
12944 7220 7219 7113
12945 7114 7115 7221
12946 7221 7220 7114
12947 7115 7116 7222
12948 7222 7221 7115
12949 7116 7117 7223
12950 7223 7222 7116
12951 7117 7118 7224
12952 7224 7223 7117
12953 7118 7119 7225
12954 7225 7224 7118
12955 7119 7120 7226
12956 7226 7225 7119
12957 7120 7121 7227
12958 7227 7226 7120
12959 7121 7122 7228
12960 7228 7227 7121
12961 7122 7123 7229
12962 7229 7228 7122
12963 7123 7124 7230
12964 7230 7229 7123
12965 7124 7125 7231
12966 7231 7230 7124
12967 7125 7126 7232
12968 7232 7231 7125
12969 7126 7127 7233
12970 7233 7232 7126
12971 7127 7128 7234
12972 7234 7233 7127
12973 7128 7129 7235
12974 7235 7234 7128
12975 7129 7130 7236
12976 7236 7235 7129
12977 7130 7131 7237
12978 7237 7236 7130
12979 7131 7132 7238
12980 7238 7237 7131
12981 7132 7133 7239
12982 7239 7238 7132
12983 7133 7134 7240
12984 7240 7239 7133
12985 7134 7135 7241
12986 7241 7240 7134
12987 7135 7136 7242
12988 7242 7241 7135
12989 7136 7137 7243
12990 7243 7242 7136
12991 7137 7138 7244
12992 7244 7243 7137
12993 7138 7139 7245
12994 7245 7244 7138
12995 7139 7140 7246
12996 7246 7245 7139
12997 7140 7141 7247
12998 7247 7246 7140
12999 7141 7142 7248
13000 7248 7247 7141
13001 7142 7143 7249
13002 7249 7248 7142
13003 7143 7144 7250
13004 7250 7249 7143
13005 7144 7145 7251
13006 7251 7250 7144
13007 7145 7146 7252
13008 7252 7251 7145
13009 7146 7147 7253
13010 7253 7252 7146
13011 7147 7148 7254
13012 7254 7253 7147
13013 7148 7149 7255
13014 7255 7254 7148
13015 7149 7150 7256
13016 7256 7255 7149
13017 7150 7151 7257
13018 7257 7256 7150
13019 7151 7152 7258
13020 7258 7257 7151
13021 7152 7153 7259
13022 7259 7258 7152
13023 7153 7154 7260
13024 7260 7259 7153
13025 7154 7155 7261
13026 7261 7260 7154
13027 7155 7156 7262
13028 7262 7261 7155
13029 7156 7157 7263
13030 7263 7262 7156
13031 7157 7158 7264
13032 7264 7263 7157
13033 7158 7159 7265
13034 7265 7264 7158
13035 7159 7160 7266
13036 7266 7265 7159
13037 7160 7161 7267
13038 7267 7266 7160
13039 7161 7162 7268
13040 7268 7267 7161
13041 7162 7163 7269
13042 7269 7268 7162
13043 7163 7164 7270
13044 7270 7269 7163
13045 7164 7165 7271
13046 7271 7270 7164
13047 7165 7166 7272
13048 7272 7271 7165
13049 7166 7167 7273
13050 7273 7272 7166
13051 7167 7168 7274
13052 7274 7273 7167
13053 7168 659 660
13054 660 7274 7168
13055 799 7169 7275
13056 7275 798 799
13057 7169 7170 7276
13058 7276 7275 7169
13059 7170 7171 7277
13060 7277 7276 7170
13061 7171 7172 7278
13062 7278 7277 7171
13063 7172 7173 7279
13064 7279 7278 7172
13065 7173 7174 7280
13066 7280 7279 7173
13067 7174 7175 7281
13068 7281 7280 7174
13069 7175 7176 7282
13070 7282 7281 7175
13071 7176 7177 7283
13072 7283 7282 7176
13073 7177 7178 7284
13074 7284 7283 7177
13075 7178 7179 7285
13076 7285 7284 7178
13077 7179 7180 7286
13078 7286 7285 7179
13079 7180 7181 7287
13080 7287 7286 7180
13081 7181 7182 7288
13082 7288 7287 7181
13083 7182 7183 7289
13084 7289 7288 7182
13085 7183 7184 7290
13086 7290 7289 7183
13087 7184 7185 7291
13088 7291 7290 7184
13089 7185 7186 7292
13090 7292 7291 7185
13091 7186 7187 7293
13092 7293 7292 7186
13093 7187 7188 7294
13094 7294 7293 7187
13095 7188 7189 7295
13096 7295 7294 7188
13097 7189 7190 7296
13098 7296 7295 7189
13099 7190 7191 7297
13100 7297 7296 7190
13101 7191 7192 7298
13102 7298 7297 7191
13103 7192 7193 7299
13104 7299 7298 7192
13105 7193 7194 7300
13106 7300 7299 7193
13107 7194 7195 7301
13108 7301 7300 7194
13109 7195 7196 7302
13110 7302 7301 7195
13111 7196 7197 7303
13112 7303 7302 7196
13113 7197 7198 7304
13114 7304 7303 7197
13115 7198 7199 7305
13116 7305 7304 7198
13117 7199 7200 7306
13118 7306 7305 7199
13119 7200 7201 7307
13120 7307 7306 7200
13121 7201 7202 7308
13122 7308 7307 7201
13123 7202 7203 7309
13124 7309 7308 7202
13125 7203 7204 7310
13126 7310 7309 7203
13127 7204 7205 7311
13128 7311 7310 7204
13129 7205 7206 7312
13130 7312 7311 7205
13131 7206 7207 7313
13132 7313 7312 7206
13133 7207 7208 7314
13134 7314 7313 7207
13135 7208 7209 7315
13136 7315 7314 7208
13137 7209 7210 7316
13138 7316 7315 7209
13139 7210 7211 7317
13140 7317 7316 7210
13141 7211 7212 7318
13142 7318 7317 7211
13143 7212 7213 7319
13144 7319 7318 7212
13145 7213 7214 7320
13146 7320 7319 7213
13147 7214 7215 7321
13148 7321 7320 7214
13149 7215 7216 7322
13150 7322 7321 7215
13151 7216 7217 7323
13152 7323 7322 7216
13153 7217 7218 7324
13154 7324 7323 7217
13155 7218 7219 7325
13156 7325 7324 7218
13157 7219 7220 7326
13158 7326 7325 7219
13159 7220 7221 7327
13160 7327 7326 7220
13161 7221 7222 7328
13162 7328 7327 7221
13163 7222 7223 7329
13164 7329 7328 7222
13165 7223 7224 7330
13166 7330 7329 7223
13167 7224 7225 7331
13168 7331 7330 7224
13169 7225 7226 7332
13170 7332 7331 7225
13171 7226 7227 7333
13172 7333 7332 7226
13173 7227 7228 7334
13174 7334 7333 7227
13175 7228 7229 7335
13176 7335 7334 7228
13177 7229 7230 7336
13178 7336 7335 7229
13179 7230 7231 7337
13180 7337 7336 7230
13181 7231 7232 7338
13182 7338 7337 7231
13183 7232 7233 7339
13184 7339 7338 7232
13185 7233 7234 7340
13186 7340 7339 7233
13187 7234 7235 7341
13188 7341 7340 7234
13189 7235 7236 7342
13190 7342 7341 7235
13191 7236 7237 7343
13192 7343 7342 7236
13193 7237 7238 7344
13194 7344 7343 7237
13195 7238 7239 7345
13196 7345 7344 7238
13197 7239 7240 7346
13198 7346 7345 7239
13199 7240 7241 7347
13200 7347 7346 7240
13201 7241 7242 7348
13202 7348 7347 7241
13203 7242 7243 7349
13204 7349 7348 7242
13205 7243 7244 7350
13206 7350 7349 7243
13207 7244 7245 7351
13208 7351 7350 7244
13209 7245 7246 7352
13210 7352 7351 7245
13211 7246 7247 7353
13212 7353 7352 7246
13213 7247 7248 7354
13214 7354 7353 7247
13215 7248 7249 7355
13216 7355 7354 7248
13217 7249 7250 7356
13218 7356 7355 7249
13219 7250 7251 7357
13220 7357 7356 7250
13221 7251 7252 7358
13222 7358 7357 7251
13223 7252 7253 7359
13224 7359 7358 7252
13225 7253 7254 7360
13226 7360 7359 7253
13227 7254 7255 7361
13228 7361 7360 7254
13229 7255 7256 7362
13230 7362 7361 7255
13231 7256 7257 7363
13232 7363 7362 7256
13233 7257 7258 7364
13234 7364 7363 7257
13235 7258 7259 7365
13236 7365 7364 7258
13237 7259 7260 7366
13238 7366 7365 7259
13239 7260 7261 7367
13240 7367 7366 7260
13241 7261 7262 7368
13242 7368 7367 7261
13243 7262 7263 7369
13244 7369 7368 7262
13245 7263 7264 7370
13246 7370 7369 7263
13247 7264 7265 7371
13248 7371 7370 7264
13249 7265 7266 7372
13250 7372 7371 7265
13251 7266 7267 7373
13252 7373 7372 7266
13253 7267 7268 7374
13254 7374 7373 7267
13255 7268 7269 7375
13256 7375 7374 7268
13257 7269 7270 7376
13258 7376 7375 7269
13259 7270 7271 7377
13260 7377 7376 7270
13261 7271 7272 7378
13262 7378 7377 7271
13263 7272 7273 7379
13264 7379 7378 7272
13265 7273 7274 7380
13266 7380 7379 7273
13267 7274 660 661
13268 661 7380 7274
13269 798 7275 7381
13270 7381 797 798
13271 7275 7276 7382
13272 7382 7381 7275
13273 7276 7277 7383
13274 7383 7382 7276
13275 7277 7278 7384
13276 7384 7383 7277
13277 7278 7279 7385
13278 7385 7384 7278
13279 7279 7280 7386
13280 7386 7385 7279
13281 7280 7281 7387
13282 7387 7386 7280
13283 7281 7282 7388
13284 7388 7387 7281
13285 7282 7283 7389
13286 7389 7388 7282
13287 7283 7284 7390
13288 7390 7389 7283
13289 7284 7285 7391
13290 7391 7390 7284
13291 7285 7286 7392
13292 7392 7391 7285
13293 7286 7287 7393
13294 7393 7392 7286
13295 7287 7288 7394
13296 7394 7393 7287
13297 7288 7289 7395
13298 7395 7394 7288
13299 7289 7290 7396
13300 7396 7395 7289
13301 7290 7291 7397
13302 7397 7396 7290
13303 7291 7292 7398
13304 7398 7397 7291
13305 7292 7293 7399
13306 7399 7398 7292
13307 7293 7294 7400
13308 7400 7399 7293
13309 7294 7295 7401
13310 7401 7400 7294
13311 7295 7296 7402
13312 7402 7401 7295
13313 7296 7297 7403
13314 7403 7402 7296
13315 7297 7298 7404
13316 7404 7403 7297
13317 7298 7299 7405
13318 7405 7404 7298
13319 7299 7300 7406
13320 7406 7405 7299
13321 7300 7301 7407
13322 7407 7406 7300
13323 7301 7302 7408
13324 7408 7407 7301
13325 7302 7303 7409
13326 7409 7408 7302
13327 7303 7304 7410
13328 7410 7409 7303
13329 7304 7305 7411
13330 7411 7410 7304
13331 7305 7306 7412
13332 7412 7411 7305
13333 7306 7307 7413
13334 7413 7412 7306
13335 7307 7308 7414
13336 7414 7413 7307
13337 7308 7309 7415
13338 7415 7414 7308
13339 7309 7310 7416
13340 7416 7415 7309
13341 7310 7311 7417
13342 7417 7416 7310
13343 7311 7312 7418
13344 7418 7417 7311
13345 7312 7313 7419
13346 7419 7418 7312
13347 7313 7314 7420
13348 7420 7419 7313
13349 7314 7315 7421
13350 7421 7420 7314
13351 7315 7316 7422
13352 7422 7421 7315
13353 7316 7317 7423
13354 7423 7422 7316
13355 7317 7318 7424
13356 7424 7423 7317
13357 7318 7319 7425
13358 7425 7424 7318
13359 7319 7320 7426
13360 7426 7425 7319
13361 7320 7321 7427
13362 7427 7426 7320
13363 7321 7322 7428
13364 7428 7427 7321
13365 7322 7323 7429
13366 7429 7428 7322
13367 7323 7324 7430
13368 7430 7429 7323
13369 7324 7325 7431
13370 7431 7430 7324
13371 7325 7326 7432
13372 7432 7431 7325
13373 7326 7327 7433
13374 7433 7432 7326
13375 7327 7328 7434
13376 7434 7433 7327
13377 7328 7329 7435
13378 7435 7434 7328
13379 7329 7330 7436
13380 7436 7435 7329
13381 7330 7331 7437
13382 7437 7436 7330
13383 7331 7332 7438
13384 7438 7437 7331
13385 7332 7333 7439
13386 7439 7438 7332
13387 7333 7334 7440
13388 7440 7439 7333
13389 7334 7335 7441
13390 7441 7440 7334
13391 7335 7336 7442
13392 7442 7441 7335
13393 7336 7337 7443
13394 7443 7442 7336
13395 7337 7338 7444
13396 7444 7443 7337
13397 7338 7339 7445
13398 7445 7444 7338
13399 7339 7340 7446
13400 7446 7445 7339
13401 7340 7341 7447
13402 7447 7446 7340
13403 7341 7342 7448
13404 7448 7447 7341
13405 7342 7343 7449
13406 7449 7448 7342
13407 7343 7344 7450
13408 7450 7449 7343
13409 7344 7345 7451
13410 7451 7450 7344
13411 7345 7346 7452
13412 7452 7451 7345
13413 7346 7347 7453
13414 7453 7452 7346
13415 7347 7348 7454
13416 7454 7453 7347
13417 7348 7349 7455
13418 7455 7454 7348
13419 7349 7350 7456
13420 7456 7455 7349
13421 7350 7351 7457
13422 7457 7456 7350
13423 7351 7352 7458
13424 7458 7457 7351
13425 7352 7353 7459
13426 7459 7458 7352
13427 7353 7354 7460
13428 7460 7459 7353
13429 7354 7355 7461
13430 7461 7460 7354
13431 7355 7356 7462
13432 7462 7461 7355
13433 7356 7357 7463
13434 7463 7462 7356
13435 7357 7358 7464
13436 7464 7463 7357
13437 7358 7359 7465
13438 7465 7464 7358
13439 7359 7360 7466
13440 7466 7465 7359
13441 7360 7361 7467
13442 7467 7466 7360
13443 7361 7362 7468
13444 7468 7467 7361
13445 7362 7363 7469
13446 7469 7468 7362
13447 7363 7364 7470
13448 7470 7469 7363
13449 7364 7365 7471
13450 7471 7470 7364
13451 7365 7366 7472
13452 7472 7471 7365
13453 7366 7367 7473
13454 7473 7472 7366
13455 7367 7368 7474
13456 7474 7473 7367
13457 7368 7369 7475
13458 7475 7474 7368
13459 7369 7370 7476
13460 7476 7475 7369
13461 7370 7371 7477
13462 7477 7476 7370
13463 7371 7372 7478
13464 7478 7477 7371
13465 7372 7373 7479
13466 7479 7478 7372
13467 7373 7374 7480
13468 7480 7479 7373
13469 7374 7375 7481
13470 7481 7480 7374
13471 7375 7376 7482
13472 7482 7481 7375
13473 7376 7377 7483
13474 7483 7482 7376
13475 7377 7378 7484
13476 7484 7483 7377
13477 7378 7379 7485
13478 7485 7484 7378
13479 7379 7380 7486
13480 7486 7485 7379
13481 7380 661 662
13482 662 7486 7380
13483 797 7381 7487
13484 7487 796 797
13485 7381 7382 7488
13486 7488 7487 7381
13487 7382 7383 7489
13488 7489 7488 7382
13489 7383 7384 7490
13490 7490 7489 7383
13491 7384 7385 7491
13492 7491 7490 7384
13493 7385 7386 7492
13494 7492 7491 7385
13495 7386 7387 7493
13496 7493 7492 7386
13497 7387 7388 7494
13498 7494 7493 7387
13499 7388 7389 7495
13500 7495 7494 7388
13501 7389 7390 7496
13502 7496 7495 7389
13503 7390 7391 7497
13504 7497 7496 7390
13505 7391 7392 7498
13506 7498 7497 7391
13507 7392 7393 7499
13508 7499 7498 7392
13509 7393 7394 7500
13510 7500 7499 7393
13511 7394 7395 7501
13512 7501 7500 7394
13513 7395 7396 7502
13514 7502 7501 7395
13515 7396 7397 7503
13516 7503 7502 7396
13517 7397 7398 7504
13518 7504 7503 7397
13519 7398 7399 7505
13520 7505 7504 7398
13521 7399 7400 7506
13522 7506 7505 7399
13523 7400 7401 7507
13524 7507 7506 7400
13525 7401 7402 7508
13526 7508 7507 7401
13527 7402 7403 7509
13528 7509 7508 7402
13529 7403 7404 7510
13530 7510 7509 7403
13531 7404 7405 7511
13532 7511 7510 7404
13533 7405 7406 7512
13534 7512 7511 7405
13535 7406 7407 7513
13536 7513 7512 7406
13537 7407 7408 7514
13538 7514 7513 7407
13539 7408 7409 7515
13540 7515 7514 7408
13541 7409 7410 7516
13542 7516 7515 7409
13543 7410 7411 7517
13544 7517 7516 7410
13545 7411 7412 7518
13546 7518 7517 7411
13547 7412 7413 7519
13548 7519 7518 7412
13549 7413 7414 7520
13550 7520 7519 7413
13551 7414 7415 7521
13552 7521 7520 7414
13553 7415 7416 7522
13554 7522 7521 7415
13555 7416 7417 7523
13556 7523 7522 7416
13557 7417 7418 7524
13558 7524 7523 7417
13559 7418 7419 7525
13560 7525 7524 7418
13561 7419 7420 7526
13562 7526 7525 7419
13563 7420 7421 7527
13564 7527 7526 7420
13565 7421 7422 7528
13566 7528 7527 7421
13567 7422 7423 7529
13568 7529 7528 7422
13569 7423 7424 7530
13570 7530 7529 7423
13571 7424 7425 7531
13572 7531 7530 7424
13573 7425 7426 7532
13574 7532 7531 7425
13575 7426 7427 7533
13576 7533 7532 7426
13577 7427 7428 7534
13578 7534 7533 7427
13579 7428 7429 7535
13580 7535 7534 7428
13581 7429 7430 7536
13582 7536 7535 7429
13583 7430 7431 7537
13584 7537 7536 7430
13585 7431 7432 7538
13586 7538 7537 7431
13587 7432 7433 7539
13588 7539 7538 7432
13589 7433 7434 7540
13590 7540 7539 7433
13591 7434 7435 7541
13592 7541 7540 7434
13593 7435 7436 7542
13594 7542 7541 7435
13595 7436 7437 7543
13596 7543 7542 7436
13597 7437 7438 7544
13598 7544 7543 7437
13599 7438 7439 7545
13600 7545 7544 7438
13601 7439 7440 7546
13602 7546 7545 7439
13603 7440 7441 7547
13604 7547 7546 7440
13605 7441 7442 7548
13606 7548 7547 7441
13607 7442 7443 7549
13608 7549 7548 7442
13609 7443 7444 7550
13610 7550 7549 7443
13611 7444 7445 7551
13612 7551 7550 7444
13613 7445 7446 7552
13614 7552 7551 7445
13615 7446 7447 7553
13616 7553 7552 7446
13617 7447 7448 7554
13618 7554 7553 7447
13619 7448 7449 7555
13620 7555 7554 7448
13621 7449 7450 7556
13622 7556 7555 7449
13623 7450 7451 7557
13624 7557 7556 7450
13625 7451 7452 7558
13626 7558 7557 7451
13627 7452 7453 7559
13628 7559 7558 7452
13629 7453 7454 7560
13630 7560 7559 7453
13631 7454 7455 7561
13632 7561 7560 7454
13633 7455 7456 7562
13634 7562 7561 7455
13635 7456 7457 7563
13636 7563 7562 7456
13637 7457 7458 7564
13638 7564 7563 7457
13639 7458 7459 7565
13640 7565 7564 7458
13641 7459 7460 7566
13642 7566 7565 7459
13643 7460 7461 7567
13644 7567 7566 7460
13645 7461 7462 7568
13646 7568 7567 7461
13647 7462 7463 7569
13648 7569 7568 7462
13649 7463 7464 7570
13650 7570 7569 7463
13651 7464 7465 7571
13652 7571 7570 7464
13653 7465 7466 7572
13654 7572 7571 7465
13655 7466 7467 7573
13656 7573 7572 7466
13657 7467 7468 7574
13658 7574 7573 7467
13659 7468 7469 7575
13660 7575 7574 7468
13661 7469 7470 7576
13662 7576 7575 7469
13663 7470 7471 7577
13664 7577 7576 7470
13665 7471 7472 7578
13666 7578 7577 7471
13667 7472 7473 7579
13668 7579 7578 7472
13669 7473 7474 7580
13670 7580 7579 7473
13671 7474 7475 7581
13672 7581 7580 7474
13673 7475 7476 7582
13674 7582 7581 7475
13675 7476 7477 7583
13676 7583 7582 7476
13677 7477 7478 7584
13678 7584 7583 7477
13679 7478 7479 7585
13680 7585 7584 7478
13681 7479 7480 7586
13682 7586 7585 7479
13683 7480 7481 7587
13684 7587 7586 7480
13685 7481 7482 7588
13686 7588 7587 7481
13687 7482 7483 7589
13688 7589 7588 7482
13689 7483 7484 7590
13690 7590 7589 7483
13691 7484 7485 7591
13692 7591 7590 7484
13693 7485 7486 7592
13694 7592 7591 7485
13695 7486 662 663
13696 663 7592 7486
13697 796 7487 7593
13698 7593 795 796
13699 7487 7488 7594
13700 7594 7593 7487
13701 7488 7489 7595
13702 7595 7594 7488
13703 7489 7490 7596
13704 7596 7595 7489
13705 7490 7491 7597
13706 7597 7596 7490
13707 7491 7492 7598
13708 7598 7597 7491
13709 7492 7493 7599
13710 7599 7598 7492
13711 7493 7494 7600
13712 7600 7599 7493
13713 7494 7495 7601
13714 7601 7600 7494
13715 7495 7496 7602
13716 7602 7601 7495
13717 7496 7497 7603
13718 7603 7602 7496
13719 7497 7498 7604
13720 7604 7603 7497
13721 7498 7499 7605
13722 7605 7604 7498
13723 7499 7500 7606
13724 7606 7605 7499
13725 7500 7501 7607
13726 7607 7606 7500
13727 7501 7502 7608
13728 7608 7607 7501
13729 7502 7503 7609
13730 7609 7608 7502
13731 7503 7504 7610
13732 7610 7609 7503
13733 7504 7505 7611
13734 7611 7610 7504
13735 7505 7506 7612
13736 7612 7611 7505
13737 7506 7507 7613
13738 7613 7612 7506
13739 7507 7508 7614
13740 7614 7613 7507
13741 7508 7509 7615
13742 7615 7614 7508
13743 7509 7510 7616
13744 7616 7615 7509
13745 7510 7511 7617
13746 7617 7616 7510
13747 7511 7512 7618
13748 7618 7617 7511
13749 7512 7513 7619
13750 7619 7618 7512
13751 7513 7514 7620
13752 7620 7619 7513
13753 7514 7515 7621
13754 7621 7620 7514
13755 7515 7516 7622
13756 7622 7621 7515
13757 7516 7517 7623
13758 7623 7622 7516
13759 7517 7518 7624
13760 7624 7623 7517
13761 7518 7519 7625
13762 7625 7624 7518
13763 7519 7520 7626
13764 7626 7625 7519
13765 7520 7521 7627
13766 7627 7626 7520
13767 7521 7522 7628
13768 7628 7627 7521
13769 7522 7523 7629
13770 7629 7628 7522
13771 7523 7524 7630
13772 7630 7629 7523
13773 7524 7525 7631
13774 7631 7630 7524
13775 7525 7526 7632
13776 7632 7631 7525
13777 7526 7527 7633
13778 7633 7632 7526
13779 7527 7528 7634
13780 7634 7633 7527
13781 7528 7529 7635
13782 7635 7634 7528
13783 7529 7530 7636
13784 7636 7635 7529
13785 7530 7531 7637
13786 7637 7636 7530
13787 7531 7532 7638
13788 7638 7637 7531
13789 7532 7533 7639
13790 7639 7638 7532
13791 7533 7534 7640
13792 7640 7639 7533
13793 7534 7535 7641
13794 7641 7640 7534
13795 7535 7536 7642
13796 7642 7641 7535
13797 7536 7537 7643
13798 7643 7642 7536
13799 7537 7538 7644
13800 7644 7643 7537
13801 7538 7539 7645
13802 7645 7644 7538
13803 7539 7540 7646
13804 7646 7645 7539
13805 7540 7541 7647
13806 7647 7646 7540
13807 7541 7542 7648
13808 7648 7647 7541
13809 7542 7543 7649
13810 7649 7648 7542
13811 7543 7544 7650
13812 7650 7649 7543
13813 7544 7545 7651
13814 7651 7650 7544
13815 7545 7546 7652
13816 7652 7651 7545
13817 7546 7547 7653
13818 7653 7652 7546
13819 7547 7548 7654
13820 7654 7653 7547
13821 7548 7549 7655
13822 7655 7654 7548
13823 7549 7550 7656
13824 7656 7655 7549
13825 7550 7551 7657
13826 7657 7656 7550
13827 7551 7552 7658
13828 7658 7657 7551
13829 7552 7553 7659
13830 7659 7658 7552
13831 7553 7554 7660
13832 7660 7659 7553
13833 7554 7555 7661
13834 7661 7660 7554
13835 7555 7556 7662
13836 7662 7661 7555
13837 7556 7557 7663
13838 7663 7662 7556
13839 7557 7558 7664
13840 7664 7663 7557
13841 7558 7559 7665
13842 7665 7664 7558
13843 7559 7560 7666
13844 7666 7665 7559
13845 7560 7561 7667
13846 7667 7666 7560
13847 7561 7562 7668
13848 7668 7667 7561
13849 7562 7563 7669
13850 7669 7668 7562
13851 7563 7564 7670
13852 7670 7669 7563
13853 7564 7565 7671
13854 7671 7670 7564
13855 7565 7566 7672
13856 7672 7671 7565
13857 7566 7567 7673
13858 7673 7672 7566
13859 7567 7568 7674
13860 7674 7673 7567
13861 7568 7569 7675
13862 7675 7674 7568
13863 7569 7570 7676
13864 7676 7675 7569
13865 7570 7571 7677
13866 7677 7676 7570
13867 7571 7572 7678
13868 7678 7677 7571
13869 7572 7573 7679
13870 7679 7678 7572
13871 7573 7574 7680
13872 7680 7679 7573
13873 7574 7575 7681
13874 7681 7680 7574
13875 7575 7576 7682
13876 7682 7681 7575
13877 7576 7577 7683
13878 7683 7682 7576
13879 7577 7578 7684
13880 7684 7683 7577
13881 7578 7579 7685
13882 7685 7684 7578
13883 7579 7580 7686
13884 7686 7685 7579
13885 7580 7581 7687
13886 7687 7686 7580
13887 7581 7582 7688
13888 7688 7687 7581
13889 7582 7583 7689
13890 7689 7688 7582
13891 7583 7584 7690
13892 7690 7689 7583
13893 7584 7585 7691
13894 7691 7690 7584
13895 7585 7586 7692
13896 7692 7691 7585
13897 7586 7587 7693
13898 7693 7692 7586
13899 7587 7588 7694
13900 7694 7693 7587
13901 7588 7589 7695
13902 7695 7694 7588
13903 7589 7590 7696
13904 7696 7695 7589
13905 7590 7591 7697
13906 7697 7696 7590
13907 7591 7592 7698
13908 7698 7697 7591
13909 7592 663 664
13910 664 7698 7592
13911 795 7593 7699
13912 7699 794 795
13913 7593 7594 7700
13914 7700 7699 7593
13915 7594 7595 7701
13916 7701 7700 7594
13917 7595 7596 7702
13918 7702 7701 7595
13919 7596 7597 7703
13920 7703 7702 7596
13921 7597 7598 7704
13922 7704 7703 7597
13923 7598 7599 7705
13924 7705 7704 7598
13925 7599 7600 7706
13926 7706 7705 7599
13927 7600 7601 7707
13928 7707 7706 7600
13929 7601 7602 7708
13930 7708 7707 7601
13931 7602 7603 7709
13932 7709 7708 7602
13933 7603 7604 7710
13934 7710 7709 7603
13935 7604 7605 7711
13936 7711 7710 7604
13937 7605 7606 7712
13938 7712 7711 7605
13939 7606 7607 7713
13940 7713 7712 7606
13941 7607 7608 7714
13942 7714 7713 7607
13943 7608 7609 7715
13944 7715 7714 7608
13945 7609 7610 7716
13946 7716 7715 7609
13947 7610 7611 7717
13948 7717 7716 7610
13949 7611 7612 7718
13950 7718 7717 7611
13951 7612 7613 7719
13952 7719 7718 7612
13953 7613 7614 7720
13954 7720 7719 7613
13955 7614 7615 7721
13956 7721 7720 7614
13957 7615 7616 7722
13958 7722 7721 7615
13959 7616 7617 7723
13960 7723 7722 7616
13961 7617 7618 7724
13962 7724 7723 7617
13963 7618 7619 7725
13964 7725 7724 7618
13965 7619 7620 7726
13966 7726 7725 7619
13967 7620 7621 7727
13968 7727 7726 7620
13969 7621 7622 7728
13970 7728 7727 7621
13971 7622 7623 7729
13972 7729 7728 7622
13973 7623 7624 7730
13974 7730 7729 7623
13975 7624 7625 7731
13976 7731 7730 7624
13977 7625 7626 7732
13978 7732 7731 7625
13979 7626 7627 7733
13980 7733 7732 7626
13981 7627 7628 7734
13982 7734 7733 7627
13983 7628 7629 7735
13984 7735 7734 7628
13985 7629 7630 7736
13986 7736 7735 7629
13987 7630 7631 7737
13988 7737 7736 7630
13989 7631 7632 7738
13990 7738 7737 7631
13991 7632 7633 7739
13992 7739 7738 7632
13993 7633 7634 7740
13994 7740 7739 7633
13995 7634 7635 7741
13996 7741 7740 7634
13997 7635 7636 7742
13998 7742 7741 7635
13999 7636 7637 7743
14000 7743 7742 7636
14001 7637 7638 7744
14002 7744 7743 7637
14003 7638 7639 7745
14004 7745 7744 7638
14005 7639 7640 7746
14006 7746 7745 7639
14007 7640 7641 7747
14008 7747 7746 7640
14009 7641 7642 7748
14010 7748 7747 7641
14011 7642 7643 7749
14012 7749 7748 7642
14013 7643 7644 7750
14014 7750 7749 7643
14015 7644 7645 7751
14016 7751 7750 7644
14017 7645 7646 7752
14018 7752 7751 7645
14019 7646 7647 7753
14020 7753 7752 7646
14021 7647 7648 7754
14022 7754 7753 7647
14023 7648 7649 7755
14024 7755 7754 7648
14025 7649 7650 7756
14026 7756 7755 7649
14027 7650 7651 7757
14028 7757 7756 7650
14029 7651 7652 7758
14030 7758 7757 7651
14031 7652 7653 7759
14032 7759 7758 7652
14033 7653 7654 7760
14034 7760 7759 7653
14035 7654 7655 7761
14036 7761 7760 7654
14037 7655 7656 7762
14038 7762 7761 7655
14039 7656 7657 7763
14040 7763 7762 7656
14041 7657 7658 7764
14042 7764 7763 7657
14043 7658 7659 7765
14044 7765 7764 7658
14045 7659 7660 7766
14046 7766 7765 7659
14047 7660 7661 7767
14048 7767 7766 7660
14049 7661 7662 7768
14050 7768 7767 7661
14051 7662 7663 7769
14052 7769 7768 7662
14053 7663 7664 7770
14054 7770 7769 7663
14055 7664 7665 7771
14056 7771 7770 7664
14057 7665 7666 7772
14058 7772 7771 7665
14059 7666 7667 7773
14060 7773 7772 7666
14061 7667 7668 7774
14062 7774 7773 7667
14063 7668 7669 7775
14064 7775 7774 7668
14065 7669 7670 7776
14066 7776 7775 7669
14067 7670 7671 7777
14068 7777 7776 7670
14069 7671 7672 7778
14070 7778 7777 7671
14071 7672 7673 7779
14072 7779 7778 7672
14073 7673 7674 7780
14074 7780 7779 7673
14075 7674 7675 7781
14076 7781 7780 7674
14077 7675 7676 7782
14078 7782 7781 7675
14079 7676 7677 7783
14080 7783 7782 7676
14081 7677 7678 7784
14082 7784 7783 7677
14083 7678 7679 7785
14084 7785 7784 7678
14085 7679 7680 7786
14086 7786 7785 7679
14087 7680 7681 7787
14088 7787 7786 7680
14089 7681 7682 7788
14090 7788 7787 7681
14091 7682 7683 7789
14092 7789 7788 7682
14093 7683 7684 7790
14094 7790 7789 7683
14095 7684 7685 7791
14096 7791 7790 7684
14097 7685 7686 7792
14098 7792 7791 7685
14099 7686 7687 7793
14100 7793 7792 7686
14101 7687 7688 7794
14102 7794 7793 7687
14103 7688 7689 7795
14104 7795 7794 7688
14105 7689 7690 7796
14106 7796 7795 7689
14107 7690 7691 7797
14108 7797 7796 7690
14109 7691 7692 7798
14110 7798 7797 7691
14111 7692 7693 7799
14112 7799 7798 7692
14113 7693 7694 7800
14114 7800 7799 7693
14115 7694 7695 7801
14116 7801 7800 7694
14117 7695 7696 7802
14118 7802 7801 7695
14119 7696 7697 7803
14120 7803 7802 7696
14121 7697 7698 7804
14122 7804 7803 7697
14123 7698 664 665
14124 665 7804 7698
14125 794 7699 7805
14126 7805 793 794
14127 7699 7700 7806
14128 7806 7805 7699
14129 7700 7701 7807
14130 7807 7806 7700
14131 7701 7702 7808
14132 7808 7807 7701
14133 7702 7703 7809
14134 7809 7808 7702
14135 7703 7704 7810
14136 7810 7809 7703
14137 7704 7705 7811
14138 7811 7810 7704
14139 7705 7706 7812
14140 7812 7811 7705
14141 7706 7707 7813
14142 7813 7812 7706
14143 7707 7708 7814
14144 7814 7813 7707
14145 7708 7709 7815
14146 7815 7814 7708
14147 7709 7710 7816
14148 7816 7815 7709
14149 7710 7711 7817
14150 7817 7816 7710
14151 7711 7712 7818
14152 7818 7817 7711
14153 7712 7713 7819
14154 7819 7818 7712
14155 7713 7714 7820
14156 7820 7819 7713
14157 7714 7715 7821
14158 7821 7820 7714
14159 7715 7716 7822
14160 7822 7821 7715
14161 7716 7717 7823
14162 7823 7822 7716
14163 7717 7718 7824
14164 7824 7823 7717
14165 7718 7719 7825
14166 7825 7824 7718
14167 7719 7720 7826
14168 7826 7825 7719
14169 7720 7721 7827
14170 7827 7826 7720
14171 7721 7722 7828
14172 7828 7827 7721
14173 7722 7723 7829
14174 7829 7828 7722
14175 7723 7724 7830
14176 7830 7829 7723
14177 7724 7725 7831
14178 7831 7830 7724
14179 7725 7726 7832
14180 7832 7831 7725
14181 7726 7727 7833
14182 7833 7832 7726
14183 7727 7728 7834
14184 7834 7833 7727
14185 7728 7729 7835
14186 7835 7834 7728
14187 7729 7730 7836
14188 7836 7835 7729
14189 7730 7731 7837
14190 7837 7836 7730
14191 7731 7732 7838
14192 7838 7837 7731
14193 7732 7733 7839
14194 7839 7838 7732
14195 7733 7734 7840
14196 7840 7839 7733
14197 7734 7735 7841
14198 7841 7840 7734
14199 7735 7736 7842
14200 7842 7841 7735
14201 7736 7737 7843
14202 7843 7842 7736
14203 7737 7738 7844
14204 7844 7843 7737
14205 7738 7739 7845
14206 7845 7844 7738
14207 7739 7740 7846
14208 7846 7845 7739
14209 7740 7741 7847
14210 7847 7846 7740
14211 7741 7742 7848
14212 7848 7847 7741
14213 7742 7743 7849
14214 7849 7848 7742
14215 7743 7744 7850
14216 7850 7849 7743
14217 7744 7745 7851
14218 7851 7850 7744
14219 7745 7746 7852
14220 7852 7851 7745
14221 7746 7747 7853
14222 7853 7852 7746
14223 7747 7748 7854
14224 7854 7853 7747
14225 7748 7749 7855
14226 7855 7854 7748
14227 7749 7750 7856
14228 7856 7855 7749
14229 7750 7751 7857
14230 7857 7856 7750
14231 7751 7752 7858
14232 7858 7857 7751
14233 7752 7753 7859
14234 7859 7858 7752
14235 7753 7754 7860
14236 7860 7859 7753
14237 7754 7755 7861
14238 7861 7860 7754
14239 7755 7756 7862
14240 7862 7861 7755
14241 7756 7757 7863
14242 7863 7862 7756
14243 7757 7758 7864
14244 7864 7863 7757
14245 7758 7759 7865
14246 7865 7864 7758
14247 7759 7760 7866
14248 7866 7865 7759
14249 7760 7761 7867
14250 7867 7866 7760
14251 7761 7762 7868
14252 7868 7867 7761
14253 7762 7763 7869
14254 7869 7868 7762
14255 7763 7764 7870
14256 7870 7869 7763
14257 7764 7765 7871
14258 7871 7870 7764
14259 7765 7766 7872
14260 7872 7871 7765
14261 7766 7767 7873
14262 7873 7872 7766
14263 7767 7768 7874
14264 7874 7873 7767
14265 7768 7769 7875
14266 7875 7874 7768
14267 7769 7770 7876
14268 7876 7875 7769
14269 7770 7771 7877
14270 7877 7876 7770
14271 7771 7772 7878
14272 7878 7877 7771
14273 7772 7773 7879
14274 7879 7878 7772
14275 7773 7774 7880
14276 7880 7879 7773
14277 7774 7775 7881
14278 7881 7880 7774
14279 7775 7776 7882
14280 7882 7881 7775
14281 7776 7777 7883
14282 7883 7882 7776
14283 7777 7778 7884
14284 7884 7883 7777
14285 7778 7779 7885
14286 7885 7884 7778
14287 7779 7780 7886
14288 7886 7885 7779
14289 7780 7781 7887
14290 7887 7886 7780
14291 7781 7782 7888
14292 7888 7887 7781
14293 7782 7783 7889
14294 7889 7888 7782
14295 7783 7784 7890
14296 7890 7889 7783
14297 7784 7785 7891
14298 7891 7890 7784
14299 7785 7786 7892
14300 7892 7891 7785
14301 7786 7787 7893
14302 7893 7892 7786
14303 7787 7788 7894
14304 7894 7893 7787
14305 7788 7789 7895
14306 7895 7894 7788
14307 7789 7790 7896
14308 7896 7895 7789
14309 7790 7791 7897
14310 7897 7896 7790
14311 7791 7792 7898
14312 7898 7897 7791
14313 7792 7793 7899
14314 7899 7898 7792
14315 7793 7794 7900
14316 7900 7899 7793
14317 7794 7795 7901
14318 7901 7900 7794
14319 7795 7796 7902
14320 7902 7901 7795
14321 7796 7797 7903
14322 7903 7902 7796
14323 7797 7798 7904
14324 7904 7903 7797
14325 7798 7799 7905
14326 7905 7904 7798
14327 7799 7800 7906
14328 7906 7905 7799
14329 7800 7801 7907
14330 7907 7906 7800
14331 7801 7802 7908
14332 7908 7907 7801
14333 7802 7803 7909
14334 7909 7908 7802
14335 7803 7804 7910
14336 7910 7909 7803
14337 7804 665 666
14338 666 7910 7804
14339 793 7805 7911
14340 7911 792 793
14341 7805 7806 7912
14342 7912 7911 7805
14343 7806 7807 7913
14344 7913 7912 7806
14345 7807 7808 7914
14346 7914 7913 7807
14347 7808 7809 7915
14348 7915 7914 7808
14349 7809 7810 7916
14350 7916 7915 7809
14351 7810 7811 7917
14352 7917 7916 7810
14353 7811 7812 7918
14354 7918 7917 7811
14355 7812 7813 7919
14356 7919 7918 7812
14357 7813 7814 7920
14358 7920 7919 7813
14359 7814 7815 7921
14360 7921 7920 7814
14361 7815 7816 7922
14362 7922 7921 7815
14363 7816 7817 7923
14364 7923 7922 7816
14365 7817 7818 7924
14366 7924 7923 7817
14367 7818 7819 7925
14368 7925 7924 7818
14369 7819 7820 7926
14370 7926 7925 7819
14371 7820 7821 7927
14372 7927 7926 7820
14373 7821 7822 7928
14374 7928 7927 7821
14375 7822 7823 7929
14376 7929 7928 7822
14377 7823 7824 7930
14378 7930 7929 7823
14379 7824 7825 7931
14380 7931 7930 7824
14381 7825 7826 7932
14382 7932 7931 7825
14383 7826 7827 7933
14384 7933 7932 7826
14385 7827 7828 7934
14386 7934 7933 7827
14387 7828 7829 7935
14388 7935 7934 7828
14389 7829 7830 7936
14390 7936 7935 7829
14391 7830 7831 7937
14392 7937 7936 7830
14393 7831 7832 7938
14394 7938 7937 7831
14395 7832 7833 7939
14396 7939 7938 7832
14397 7833 7834 7940
14398 7940 7939 7833
14399 7834 7835 7941
14400 7941 7940 7834
14401 7835 7836 7942
14402 7942 7941 7835
14403 7836 7837 7943
14404 7943 7942 7836
14405 7837 7838 7944
14406 7944 7943 7837
14407 7838 7839 7945
14408 7945 7944 7838
14409 7839 7840 7946
14410 7946 7945 7839
14411 7840 7841 7947
14412 7947 7946 7840
14413 7841 7842 7948
14414 7948 7947 7841
14415 7842 7843 7949
14416 7949 7948 7842
14417 7843 7844 7950
14418 7950 7949 7843
14419 7844 7845 7951
14420 7951 7950 7844
14421 7845 7846 7952
14422 7952 7951 7845
14423 7846 7847 7953
14424 7953 7952 7846
14425 7847 7848 7954
14426 7954 7953 7847
14427 7848 7849 7955
14428 7955 7954 7848
14429 7849 7850 7956
14430 7956 7955 7849
14431 7850 7851 7957
14432 7957 7956 7850
14433 7851 7852 7958
14434 7958 7957 7851
14435 7852 7853 7959
14436 7959 7958 7852
14437 7853 7854 7960
14438 7960 7959 7853
14439 7854 7855 7961
14440 7961 7960 7854
14441 7855 7856 7962
14442 7962 7961 7855
14443 7856 7857 7963
14444 7963 7962 7856
14445 7857 7858 7964
14446 7964 7963 7857
14447 7858 7859 7965
14448 7965 7964 7858
14449 7859 7860 7966
14450 7966 7965 7859
14451 7860 7861 7967
14452 7967 7966 7860
14453 7861 7862 7968
14454 7968 7967 7861
14455 7862 7863 7969
14456 7969 7968 7862
14457 7863 7864 7970
14458 7970 7969 7863
14459 7864 7865 7971
14460 7971 7970 7864
14461 7865 7866 7972
14462 7972 7971 7865
14463 7866 7867 7973
14464 7973 7972 7866
14465 7867 7868 7974
14466 7974 7973 7867
14467 7868 7869 7975
14468 7975 7974 7868
14469 7869 7870 7976
14470 7976 7975 7869
14471 7870 7871 7977
14472 7977 7976 7870
14473 7871 7872 7978
14474 7978 7977 7871
14475 7872 7873 7979
14476 7979 7978 7872
14477 7873 7874 7980
14478 7980 7979 7873
14479 7874 7875 7981
14480 7981 7980 7874
14481 7875 7876 7982
14482 7982 7981 7875
14483 7876 7877 7983
14484 7983 7982 7876
14485 7877 7878 7984
14486 7984 7983 7877
14487 7878 7879 7985
14488 7985 7984 7878
14489 7879 7880 7986
14490 7986 7985 7879
14491 7880 7881 7987
14492 7987 7986 7880
14493 7881 7882 7988
14494 7988 7987 7881
14495 7882 7883 7989
14496 7989 7988 7882
14497 7883 7884 7990
14498 7990 7989 7883
14499 7884 7885 7991
14500 7991 7990 7884
14501 7885 7886 7992
14502 7992 7991 7885
14503 7886 7887 7993
14504 7993 7992 7886
14505 7887 7888 7994
14506 7994 7993 7887
14507 7888 7889 7995
14508 7995 7994 7888
14509 7889 7890 7996
14510 7996 7995 7889
14511 7890 7891 7997
14512 7997 7996 7890
14513 7891 7892 7998
14514 7998 7997 7891
14515 7892 7893 7999
14516 7999 7998 7892
14517 7893 7894 8000
14518 8000 7999 7893
14519 7894 7895 8001
14520 8001 8000 7894
14521 7895 7896 8002
14522 8002 8001 7895
14523 7896 7897 8003
14524 8003 8002 7896
14525 7897 7898 8004
14526 8004 8003 7897
14527 7898 7899 8005
14528 8005 8004 7898
14529 7899 7900 8006
14530 8006 8005 7899
14531 7900 7901 8007
14532 8007 8006 7900
14533 7901 7902 8008
14534 8008 8007 7901
14535 7902 7903 8009
14536 8009 8008 7902
14537 7903 7904 8010
14538 8010 8009 7903
14539 7904 7905 8011
14540 8011 8010 7904
14541 7905 7906 8012
14542 8012 8011 7905
14543 7906 7907 8013
14544 8013 8012 7906
14545 7907 7908 8014
14546 8014 8013 7907
14547 7908 7909 8015
14548 8015 8014 7908
14549 7909 7910 8016
14550 8016 8015 7909
14551 7910 666 667
14552 667 8016 7910
14553 792 7911 8017
14554 8017 791 792
14555 7911 7912 8018
14556 8018 8017 7911
14557 7912 7913 8019
14558 8019 8018 7912
14559 7913 7914 8020
14560 8020 8019 7913
14561 7914 7915 8021
14562 8021 8020 7914
14563 7915 7916 8022
14564 8022 8021 7915
14565 7916 7917 8023
14566 8023 8022 7916
14567 7917 7918 8024
14568 8024 8023 7917
14569 7918 7919 8025
14570 8025 8024 7918
14571 7919 7920 8026
14572 8026 8025 7919
14573 7920 7921 8027
14574 8027 8026 7920
14575 7921 7922 8028
14576 8028 8027 7921
14577 7922 7923 8029
14578 8029 8028 7922
14579 7923 7924 8030
14580 8030 8029 7923
14581 7924 7925 8031
14582 8031 8030 7924
14583 7925 7926 8032
14584 8032 8031 7925
14585 7926 7927 8033
14586 8033 8032 7926
14587 7927 7928 8034
14588 8034 8033 7927
14589 7928 7929 8035
14590 8035 8034 7928
14591 7929 7930 8036
14592 8036 8035 7929
14593 7930 7931 8037
14594 8037 8036 7930
14595 7931 7932 8038
14596 8038 8037 7931
14597 7932 7933 8039
14598 8039 8038 7932
14599 7933 7934 8040
14600 8040 8039 7933
14601 7934 7935 8041
14602 8041 8040 7934
14603 7935 7936 8042
14604 8042 8041 7935
14605 7936 7937 8043
14606 8043 8042 7936
14607 7937 7938 8044
14608 8044 8043 7937
14609 7938 7939 8045
14610 8045 8044 7938
14611 7939 7940 8046
14612 8046 8045 7939
14613 7940 7941 8047
14614 8047 8046 7940
14615 7941 7942 8048
14616 8048 8047 7941
14617 7942 7943 8049
14618 8049 8048 7942
14619 7943 7944 8050
14620 8050 8049 7943
14621 7944 7945 8051
14622 8051 8050 7944
14623 7945 7946 8052
14624 8052 8051 7945
14625 7946 7947 8053
14626 8053 8052 7946
14627 7947 7948 8054
14628 8054 8053 7947
14629 7948 7949 8055
14630 8055 8054 7948
14631 7949 7950 8056
14632 8056 8055 7949
14633 7950 7951 8057
14634 8057 8056 7950
14635 7951 7952 8058
14636 8058 8057 7951
14637 7952 7953 8059
14638 8059 8058 7952
14639 7953 7954 8060
14640 8060 8059 7953
14641 7954 7955 8061
14642 8061 8060 7954
14643 7955 7956 8062
14644 8062 8061 7955
14645 7956 7957 8063
14646 8063 8062 7956
14647 7957 7958 8064
14648 8064 8063 7957
14649 7958 7959 8065
14650 8065 8064 7958
14651 7959 7960 8066
14652 8066 8065 7959
14653 7960 7961 8067
14654 8067 8066 7960
14655 7961 7962 8068
14656 8068 8067 7961
14657 7962 7963 8069
14658 8069 8068 7962
14659 7963 7964 8070
14660 8070 8069 7963
14661 7964 7965 8071
14662 8071 8070 7964
14663 7965 7966 8072
14664 8072 8071 7965
14665 7966 7967 8073
14666 8073 8072 7966
14667 7967 7968 8074
14668 8074 8073 7967
14669 7968 7969 8075
14670 8075 8074 7968
14671 7969 7970 8076
14672 8076 8075 7969
14673 7970 7971 8077
14674 8077 8076 7970
14675 7971 7972 8078
14676 8078 8077 7971
14677 7972 7973 8079
14678 8079 8078 7972
14679 7973 7974 8080
14680 8080 8079 7973
14681 7974 7975 8081
14682 8081 8080 7974
14683 7975 7976 8082
14684 8082 8081 7975
14685 7976 7977 8083
14686 8083 8082 7976
14687 7977 7978 8084
14688 8084 8083 7977
14689 7978 7979 8085
14690 8085 8084 7978
14691 7979 7980 8086
14692 8086 8085 7979
14693 7980 7981 8087
14694 8087 8086 7980
14695 7981 7982 8088
14696 8088 8087 7981
14697 7982 7983 8089
14698 8089 8088 7982
14699 7983 7984 8090
14700 8090 8089 7983
14701 7984 7985 8091
14702 8091 8090 7984
14703 7985 7986 8092
14704 8092 8091 7985
14705 7986 7987 8093
14706 8093 8092 7986
14707 7987 7988 8094
14708 8094 8093 7987
14709 7988 7989 8095
14710 8095 8094 7988
14711 7989 7990 8096
14712 8096 8095 7989
14713 7990 7991 8097
14714 8097 8096 7990
14715 7991 7992 8098
14716 8098 8097 7991
14717 7992 7993 8099
14718 8099 8098 7992
14719 7993 7994 8100
14720 8100 8099 7993
14721 7994 7995 8101
14722 8101 8100 7994
14723 7995 7996 8102
14724 8102 8101 7995
14725 7996 7997 8103
14726 8103 8102 7996
14727 7997 7998 8104
14728 8104 8103 7997
14729 7998 7999 8105
14730 8105 8104 7998
14731 7999 8000 8106
14732 8106 8105 7999
14733 8000 8001 8107
14734 8107 8106 8000
14735 8001 8002 8108
14736 8108 8107 8001
14737 8002 8003 8109
14738 8109 8108 8002
14739 8003 8004 8110
14740 8110 8109 8003
14741 8004 8005 8111
14742 8111 8110 8004
14743 8005 8006 8112
14744 8112 8111 8005
14745 8006 8007 8113
14746 8113 8112 8006
14747 8007 8008 8114
14748 8114 8113 8007
14749 8008 8009 8115
14750 8115 8114 8008
14751 8009 8010 8116
14752 8116 8115 8009
14753 8010 8011 8117
14754 8117 8116 8010
14755 8011 8012 8118
14756 8118 8117 8011
14757 8012 8013 8119
14758 8119 8118 8012
14759 8013 8014 8120
14760 8120 8119 8013
14761 8014 8015 8121
14762 8121 8120 8014
14763 8015 8016 8122
14764 8122 8121 8015
14765 8016 667 668
14766 668 8122 8016
14767 791 8017 8123
14768 8123 790 791
14769 8017 8018 8124
14770 8124 8123 8017
14771 8018 8019 8125
14772 8125 8124 8018
14773 8019 8020 8126
14774 8126 8125 8019
14775 8020 8021 8127
14776 8127 8126 8020
14777 8021 8022 8128
14778 8128 8127 8021
14779 8022 8023 8129
14780 8129 8128 8022
14781 8023 8024 8130
14782 8130 8129 8023
14783 8024 8025 8131
14784 8131 8130 8024
14785 8025 8026 8132
14786 8132 8131 8025
14787 8026 8027 8133
14788 8133 8132 8026
14789 8027 8028 8134
14790 8134 8133 8027
14791 8028 8029 8135
14792 8135 8134 8028
14793 8029 8030 8136
14794 8136 8135 8029
14795 8030 8031 8137
14796 8137 8136 8030
14797 8031 8032 8138
14798 8138 8137 8031
14799 8032 8033 8139
14800 8139 8138 8032
14801 8033 8034 8140
14802 8140 8139 8033
14803 8034 8035 8141
14804 8141 8140 8034
14805 8035 8036 8142
14806 8142 8141 8035
14807 8036 8037 8143
14808 8143 8142 8036
14809 8037 8038 8144
14810 8144 8143 8037
14811 8038 8039 8145
14812 8145 8144 8038
14813 8039 8040 8146
14814 8146 8145 8039
14815 8040 8041 8147
14816 8147 8146 8040
14817 8041 8042 8148
14818 8148 8147 8041
14819 8042 8043 8149
14820 8149 8148 8042
14821 8043 8044 8150
14822 8150 8149 8043
14823 8044 8045 8151
14824 8151 8150 8044
14825 8045 8046 8152
14826 8152 8151 8045
14827 8046 8047 8153
14828 8153 8152 8046
14829 8047 8048 8154
14830 8154 8153 8047
14831 8048 8049 8155
14832 8155 8154 8048
14833 8049 8050 8156
14834 8156 8155 8049
14835 8050 8051 8157
14836 8157 8156 8050
14837 8051 8052 8158
14838 8158 8157 8051
14839 8052 8053 8159
14840 8159 8158 8052
14841 8053 8054 8160
14842 8160 8159 8053
14843 8054 8055 8161
14844 8161 8160 8054
14845 8055 8056 8162
14846 8162 8161 8055
14847 8056 8057 8163
14848 8163 8162 8056
14849 8057 8058 8164
14850 8164 8163 8057
14851 8058 8059 8165
14852 8165 8164 8058
14853 8059 8060 8166
14854 8166 8165 8059
14855 8060 8061 8167
14856 8167 8166 8060
14857 8061 8062 8168
14858 8168 8167 8061
14859 8062 8063 8169
14860 8169 8168 8062
14861 8063 8064 8170
14862 8170 8169 8063
14863 8064 8065 8171
14864 8171 8170 8064
14865 8065 8066 8172
14866 8172 8171 8065
14867 8066 8067 8173
14868 8173 8172 8066
14869 8067 8068 8174
14870 8174 8173 8067
14871 8068 8069 8175
14872 8175 8174 8068
14873 8069 8070 8176
14874 8176 8175 8069
14875 8070 8071 8177
14876 8177 8176 8070
14877 8071 8072 8178
14878 8178 8177 8071
14879 8072 8073 8179
14880 8179 8178 8072
14881 8073 8074 8180
14882 8180 8179 8073
14883 8074 8075 8181
14884 8181 8180 8074
14885 8075 8076 8182
14886 8182 8181 8075
14887 8076 8077 8183
14888 8183 8182 8076
14889 8077 8078 8184
14890 8184 8183 8077
14891 8078 8079 8185
14892 8185 8184 8078
14893 8079 8080 8186
14894 8186 8185 8079
14895 8080 8081 8187
14896 8187 8186 8080
14897 8081 8082 8188
14898 8188 8187 8081
14899 8082 8083 8189
14900 8189 8188 8082
14901 8083 8084 8190
14902 8190 8189 8083
14903 8084 8085 8191
14904 8191 8190 8084
14905 8085 8086 8192
14906 8192 8191 8085
14907 8086 8087 8193
14908 8193 8192 8086
14909 8087 8088 8194
14910 8194 8193 8087
14911 8088 8089 8195
14912 8195 8194 8088
14913 8089 8090 8196
14914 8196 8195 8089
14915 8090 8091 8197
14916 8197 8196 8090
14917 8091 8092 8198
14918 8198 8197 8091
14919 8092 8093 8199
14920 8199 8198 8092
14921 8093 8094 8200
14922 8200 8199 8093
14923 8094 8095 8201
14924 8201 8200 8094
14925 8095 8096 8202
14926 8202 8201 8095
14927 8096 8097 8203
14928 8203 8202 8096
14929 8097 8098 8204
14930 8204 8203 8097
14931 8098 8099 8205
14932 8205 8204 8098
14933 8099 8100 8206
14934 8206 8205 8099
14935 8100 8101 8207
14936 8207 8206 8100
14937 8101 8102 8208
14938 8208 8207 8101
14939 8102 8103 8209
14940 8209 8208 8102
14941 8103 8104 8210
14942 8210 8209 8103
14943 8104 8105 8211
14944 8211 8210 8104
14945 8105 8106 8212
14946 8212 8211 8105
14947 8106 8107 8213
14948 8213 8212 8106
14949 8107 8108 8214
14950 8214 8213 8107
14951 8108 8109 8215
14952 8215 8214 8108
14953 8109 8110 8216
14954 8216 8215 8109
14955 8110 8111 8217
14956 8217 8216 8110
14957 8111 8112 8218
14958 8218 8217 8111
14959 8112 8113 8219
14960 8219 8218 8112
14961 8113 8114 8220
14962 8220 8219 8113
14963 8114 8115 8221
14964 8221 8220 8114
14965 8115 8116 8222
14966 8222 8221 8115
14967 8116 8117 8223
14968 8223 8222 8116
14969 8117 8118 8224
14970 8224 8223 8117
14971 8118 8119 8225
14972 8225 8224 8118
14973 8119 8120 8226
14974 8226 8225 8119
14975 8120 8121 8227
14976 8227 8226 8120
14977 8121 8122 8228
14978 8228 8227 8121
14979 8122 668 669
14980 669 8228 8122
14981 790 8123 8229
14982 8229 789 790
14983 8123 8124 8230
14984 8230 8229 8123
14985 8124 8125 8231
14986 8231 8230 8124
14987 8125 8126 8232
14988 8232 8231 8125
14989 8126 8127 8233
14990 8233 8232 8126
14991 8127 8128 8234
14992 8234 8233 8127
14993 8128 8129 8235
14994 8235 8234 8128
14995 8129 8130 8236
14996 8236 8235 8129
14997 8130 8131 8237
14998 8237 8236 8130
14999 8131 8132 8238
15000 8238 8237 8131
15001 8132 8133 8239
15002 8239 8238 8132
15003 8133 8134 8240
15004 8240 8239 8133
15005 8134 8135 8241
15006 8241 8240 8134
15007 8135 8136 8242
15008 8242 8241 8135
15009 8136 8137 8243
15010 8243 8242 8136
15011 8137 8138 8244
15012 8244 8243 8137
15013 8138 8139 8245
15014 8245 8244 8138
15015 8139 8140 8246
15016 8246 8245 8139
15017 8140 8141 8247
15018 8247 8246 8140
15019 8141 8142 8248
15020 8248 8247 8141
15021 8142 8143 8249
15022 8249 8248 8142
15023 8143 8144 8250
15024 8250 8249 8143
15025 8144 8145 8251
15026 8251 8250 8144
15027 8145 8146 8252
15028 8252 8251 8145
15029 8146 8147 8253
15030 8253 8252 8146
15031 8147 8148 8254
15032 8254 8253 8147
15033 8148 8149 8255
15034 8255 8254 8148
15035 8149 8150 8256
15036 8256 8255 8149
15037 8150 8151 8257
15038 8257 8256 8150
15039 8151 8152 8258
15040 8258 8257 8151
15041 8152 8153 8259
15042 8259 8258 8152
15043 8153 8154 8260
15044 8260 8259 8153
15045 8154 8155 8261
15046 8261 8260 8154
15047 8155 8156 8262
15048 8262 8261 8155
15049 8156 8157 8263
15050 8263 8262 8156
15051 8157 8158 8264
15052 8264 8263 8157
15053 8158 8159 8265
15054 8265 8264 8158
15055 8159 8160 8266
15056 8266 8265 8159
15057 8160 8161 8267
15058 8267 8266 8160
15059 8161 8162 8268
15060 8268 8267 8161
15061 8162 8163 8269
15062 8269 8268 8162
15063 8163 8164 8270
15064 8270 8269 8163
15065 8164 8165 8271
15066 8271 8270 8164
15067 8165 8166 8272
15068 8272 8271 8165
15069 8166 8167 8273
15070 8273 8272 8166
15071 8167 8168 8274
15072 8274 8273 8167
15073 8168 8169 8275
15074 8275 8274 8168
15075 8169 8170 8276
15076 8276 8275 8169
15077 8170 8171 8277
15078 8277 8276 8170
15079 8171 8172 8278
15080 8278 8277 8171
15081 8172 8173 8279
15082 8279 8278 8172
15083 8173 8174 8280
15084 8280 8279 8173
15085 8174 8175 8281
15086 8281 8280 8174
15087 8175 8176 8282
15088 8282 8281 8175
15089 8176 8177 8283
15090 8283 8282 8176
15091 8177 8178 8284
15092 8284 8283 8177
15093 8178 8179 8285
15094 8285 8284 8178
15095 8179 8180 8286
15096 8286 8285 8179
15097 8180 8181 8287
15098 8287 8286 8180
15099 8181 8182 8288
15100 8288 8287 8181
15101 8182 8183 8289
15102 8289 8288 8182
15103 8183 8184 8290
15104 8290 8289 8183
15105 8184 8185 8291
15106 8291 8290 8184
15107 8185 8186 8292
15108 8292 8291 8185
15109 8186 8187 8293
15110 8293 8292 8186
15111 8187 8188 8294
15112 8294 8293 8187
15113 8188 8189 8295
15114 8295 8294 8188
15115 8189 8190 8296
15116 8296 8295 8189
15117 8190 8191 8297
15118 8297 8296 8190
15119 8191 8192 8298
15120 8298 8297 8191
15121 8192 8193 8299
15122 8299 8298 8192
15123 8193 8194 8300
15124 8300 8299 8193
15125 8194 8195 8301
15126 8301 8300 8194
15127 8195 8196 8302
15128 8302 8301 8195
15129 8196 8197 8303
15130 8303 8302 8196
15131 8197 8198 8304
15132 8304 8303 8197
15133 8198 8199 8305
15134 8305 8304 8198
15135 8199 8200 8306
15136 8306 8305 8199
15137 8200 8201 8307
15138 8307 8306 8200
15139 8201 8202 8308
15140 8308 8307 8201
15141 8202 8203 8309
15142 8309 8308 8202
15143 8203 8204 8310
15144 8310 8309 8203
15145 8204 8205 8311
15146 8311 8310 8204
15147 8205 8206 8312
15148 8312 8311 8205
15149 8206 8207 8313
15150 8313 8312 8206
15151 8207 8208 8314
15152 8314 8313 8207
15153 8208 8209 8315
15154 8315 8314 8208
15155 8209 8210 8316
15156 8316 8315 8209
15157 8210 8211 8317
15158 8317 8316 8210
15159 8211 8212 8318
15160 8318 8317 8211
15161 8212 8213 8319
15162 8319 8318 8212
15163 8213 8214 8320
15164 8320 8319 8213
15165 8214 8215 8321
15166 8321 8320 8214
15167 8215 8216 8322
15168 8322 8321 8215
15169 8216 8217 8323
15170 8323 8322 8216
15171 8217 8218 8324
15172 8324 8323 8217
15173 8218 8219 8325
15174 8325 8324 8218
15175 8219 8220 8326
15176 8326 8325 8219
15177 8220 8221 8327
15178 8327 8326 8220
15179 8221 8222 8328
15180 8328 8327 8221
15181 8222 8223 8329
15182 8329 8328 8222
15183 8223 8224 8330
15184 8330 8329 8223
15185 8224 8225 8331
15186 8331 8330 8224
15187 8225 8226 8332
15188 8332 8331 8225
15189 8226 8227 8333
15190 8333 8332 8226
15191 8227 8228 8334
15192 8334 8333 8227
15193 8228 669 670
15194 670 8334 8228
15195 789 8229 8335
15196 8335 788 789
15197 8229 8230 8336
15198 8336 8335 8229
15199 8230 8231 8337
15200 8337 8336 8230
15201 8231 8232 8338
15202 8338 8337 8231
15203 8232 8233 8339
15204 8339 8338 8232
15205 8233 8234 8340
15206 8340 8339 8233
15207 8234 8235 8341
15208 8341 8340 8234
15209 8235 8236 8342
15210 8342 8341 8235
15211 8236 8237 8343
15212 8343 8342 8236
15213 8237 8238 8344
15214 8344 8343 8237
15215 8238 8239 8345
15216 8345 8344 8238
15217 8239 8240 8346
15218 8346 8345 8239
15219 8240 8241 8347
15220 8347 8346 8240
15221 8241 8242 8348
15222 8348 8347 8241
15223 8242 8243 8349
15224 8349 8348 8242
15225 8243 8244 8350
15226 8350 8349 8243
15227 8244 8245 8351
15228 8351 8350 8244
15229 8245 8246 8352
15230 8352 8351 8245
15231 8246 8247 8353
15232 8353 8352 8246
15233 8247 8248 8354
15234 8354 8353 8247
15235 8248 8249 8355
15236 8355 8354 8248
15237 8249 8250 8356
15238 8356 8355 8249
15239 8250 8251 8357
15240 8357 8356 8250
15241 8251 8252 8358
15242 8358 8357 8251
15243 8252 8253 8359
15244 8359 8358 8252
15245 8253 8254 8360
15246 8360 8359 8253
15247 8254 8255 8361
15248 8361 8360 8254
15249 8255 8256 8362
15250 8362 8361 8255
15251 8256 8257 8363
15252 8363 8362 8256
15253 8257 8258 8364
15254 8364 8363 8257
15255 8258 8259 8365
15256 8365 8364 8258
15257 8259 8260 8366
15258 8366 8365 8259
15259 8260 8261 8367
15260 8367 8366 8260
15261 8261 8262 8368
15262 8368 8367 8261
15263 8262 8263 8369
15264 8369 8368 8262
15265 8263 8264 8370
15266 8370 8369 8263
15267 8264 8265 8371
15268 8371 8370 8264
15269 8265 8266 8372
15270 8372 8371 8265
15271 8266 8267 8373
15272 8373 8372 8266
15273 8267 8268 8374
15274 8374 8373 8267
15275 8268 8269 8375
15276 8375 8374 8268
15277 8269 8270 8376
15278 8376 8375 8269
15279 8270 8271 8377
15280 8377 8376 8270
15281 8271 8272 8378
15282 8378 8377 8271
15283 8272 8273 8379
15284 8379 8378 8272
15285 8273 8274 8380
15286 8380 8379 8273
15287 8274 8275 8381
15288 8381 8380 8274
15289 8275 8276 8382
15290 8382 8381 8275
15291 8276 8277 8383
15292 8383 8382 8276
15293 8277 8278 8384
15294 8384 8383 8277
15295 8278 8279 8385
15296 8385 8384 8278
15297 8279 8280 8386
15298 8386 8385 8279
15299 8280 8281 8387
15300 8387 8386 8280
15301 8281 8282 8388
15302 8388 8387 8281
15303 8282 8283 8389
15304 8389 8388 8282
15305 8283 8284 8390
15306 8390 8389 8283
15307 8284 8285 8391
15308 8391 8390 8284
15309 8285 8286 8392
15310 8392 8391 8285
15311 8286 8287 8393
15312 8393 8392 8286
15313 8287 8288 8394
15314 8394 8393 8287
15315 8288 8289 8395
15316 8395 8394 8288
15317 8289 8290 8396
15318 8396 8395 8289
15319 8290 8291 8397
15320 8397 8396 8290
15321 8291 8292 8398
15322 8398 8397 8291
15323 8292 8293 8399
15324 8399 8398 8292
15325 8293 8294 8400
15326 8400 8399 8293
15327 8294 8295 8401
15328 8401 8400 8294
15329 8295 8296 8402
15330 8402 8401 8295
15331 8296 8297 8403
15332 8403 8402 8296
15333 8297 8298 8404
15334 8404 8403 8297
15335 8298 8299 8405
15336 8405 8404 8298
15337 8299 8300 8406
15338 8406 8405 8299
15339 8300 8301 8407
15340 8407 8406 8300
15341 8301 8302 8408
15342 8408 8407 8301
15343 8302 8303 8409
15344 8409 8408 8302
15345 8303 8304 8410
15346 8410 8409 8303
15347 8304 8305 8411
15348 8411 8410 8304
15349 8305 8306 8412
15350 8412 8411 8305
15351 8306 8307 8413
15352 8413 8412 8306
15353 8307 8308 8414
15354 8414 8413 8307
15355 8308 8309 8415
15356 8415 8414 8308
15357 8309 8310 8416
15358 8416 8415 8309
15359 8310 8311 8417
15360 8417 8416 8310
15361 8311 8312 8418
15362 8418 8417 8311
15363 8312 8313 8419
15364 8419 8418 8312
15365 8313 8314 8420
15366 8420 8419 8313
15367 8314 8315 8421
15368 8421 8420 8314
15369 8315 8316 8422
15370 8422 8421 8315
15371 8316 8317 8423
15372 8423 8422 8316
15373 8317 8318 8424
15374 8424 8423 8317
15375 8318 8319 8425
15376 8425 8424 8318
15377 8319 8320 8426
15378 8426 8425 8319
15379 8320 8321 8427
15380 8427 8426 8320
15381 8321 8322 8428
15382 8428 8427 8321
15383 8322 8323 8429
15384 8429 8428 8322
15385 8323 8324 8430
15386 8430 8429 8323
15387 8324 8325 8431
15388 8431 8430 8324
15389 8325 8326 8432
15390 8432 8431 8325
15391 8326 8327 8433
15392 8433 8432 8326
15393 8327 8328 8434
15394 8434 8433 8327
15395 8328 8329 8435
15396 8435 8434 8328
15397 8329 8330 8436
15398 8436 8435 8329
15399 8330 8331 8437
15400 8437 8436 8330
15401 8331 8332 8438
15402 8438 8437 8331
15403 8332 8333 8439
15404 8439 8438 8332
15405 8333 8334 8440
15406 8440 8439 8333
15407 8334 670 671
15408 671 8440 8334
15409 788 8335 8441
15410 8441 787 788
15411 8335 8336 8442
15412 8442 8441 8335
15413 8336 8337 8443
15414 8443 8442 8336
15415 8337 8338 8444
15416 8444 8443 8337
15417 8338 8339 8445
15418 8445 8444 8338
15419 8339 8340 8446
15420 8446 8445 8339
15421 8340 8341 8447
15422 8447 8446 8340
15423 8341 8342 8448
15424 8448 8447 8341
15425 8342 8343 8449
15426 8449 8448 8342
15427 8343 8344 8450
15428 8450 8449 8343
15429 8344 8345 8451
15430 8451 8450 8344
15431 8345 8346 8452
15432 8452 8451 8345
15433 8346 8347 8453
15434 8453 8452 8346
15435 8347 8348 8454
15436 8454 8453 8347
15437 8348 8349 8455
15438 8455 8454 8348
15439 8349 8350 8456
15440 8456 8455 8349
15441 8350 8351 8457
15442 8457 8456 8350
15443 8351 8352 8458
15444 8458 8457 8351
15445 8352 8353 8459
15446 8459 8458 8352
15447 8353 8354 8460
15448 8460 8459 8353
15449 8354 8355 8461
15450 8461 8460 8354
15451 8355 8356 8462
15452 8462 8461 8355
15453 8356 8357 8463
15454 8463 8462 8356
15455 8357 8358 8464
15456 8464 8463 8357
15457 8358 8359 8465
15458 8465 8464 8358
15459 8359 8360 8466
15460 8466 8465 8359
15461 8360 8361 8467
15462 8467 8466 8360
15463 8361 8362 8468
15464 8468 8467 8361
15465 8362 8363 8469
15466 8469 8468 8362
15467 8363 8364 8470
15468 8470 8469 8363
15469 8364 8365 8471
15470 8471 8470 8364
15471 8365 8366 8472
15472 8472 8471 8365
15473 8366 8367 8473
15474 8473 8472 8366
15475 8367 8368 8474
15476 8474 8473 8367
15477 8368 8369 8475
15478 8475 8474 8368
15479 8369 8370 8476
15480 8476 8475 8369
15481 8370 8371 8477
15482 8477 8476 8370
15483 8371 8372 8478
15484 8478 8477 8371
15485 8372 8373 8479
15486 8479 8478 8372
15487 8373 8374 8480
15488 8480 8479 8373
15489 8374 8375 8481
15490 8481 8480 8374
15491 8375 8376 8482
15492 8482 8481 8375
15493 8376 8377 8483
15494 8483 8482 8376
15495 8377 8378 8484
15496 8484 8483 8377
15497 8378 8379 8485
15498 8485 8484 8378
15499 8379 8380 8486
15500 8486 8485 8379
15501 8380 8381 8487
15502 8487 8486 8380
15503 8381 8382 8488
15504 8488 8487 8381
15505 8382 8383 8489
15506 8489 8488 8382
15507 8383 8384 8490
15508 8490 8489 8383
15509 8384 8385 8491
15510 8491 8490 8384
15511 8385 8386 8492
15512 8492 8491 8385
15513 8386 8387 8493
15514 8493 8492 8386
15515 8387 8388 8494
15516 8494 8493 8387
15517 8388 8389 8495
15518 8495 8494 8388
15519 8389 8390 8496
15520 8496 8495 8389
15521 8390 8391 8497
15522 8497 8496 8390
15523 8391 8392 8498
15524 8498 8497 8391
15525 8392 8393 8499
15526 8499 8498 8392
15527 8393 8394 8500
15528 8500 8499 8393
15529 8394 8395 8501
15530 8501 8500 8394
15531 8395 8396 8502
15532 8502 8501 8395
15533 8396 8397 8503
15534 8503 8502 8396
15535 8397 8398 8504
15536 8504 8503 8397
15537 8398 8399 8505
15538 8505 8504 8398
15539 8399 8400 8506
15540 8506 8505 8399
15541 8400 8401 8507
15542 8507 8506 8400
15543 8401 8402 8508
15544 8508 8507 8401
15545 8402 8403 8509
15546 8509 8508 8402
15547 8403 8404 8510
15548 8510 8509 8403
15549 8404 8405 8511
15550 8511 8510 8404
15551 8405 8406 8512
15552 8512 8511 8405
15553 8406 8407 8513
15554 8513 8512 8406
15555 8407 8408 8514
15556 8514 8513 8407
15557 8408 8409 8515
15558 8515 8514 8408
15559 8409 8410 8516
15560 8516 8515 8409
15561 8410 8411 8517
15562 8517 8516 8410
15563 8411 8412 8518
15564 8518 8517 8411
15565 8412 8413 8519
15566 8519 8518 8412
15567 8413 8414 8520
15568 8520 8519 8413
15569 8414 8415 8521
15570 8521 8520 8414
15571 8415 8416 8522
15572 8522 8521 8415
15573 8416 8417 8523
15574 8523 8522 8416
15575 8417 8418 8524
15576 8524 8523 8417
15577 8418 8419 8525
15578 8525 8524 8418
15579 8419 8420 8526
15580 8526 8525 8419
15581 8420 8421 8527
15582 8527 8526 8420
15583 8421 8422 8528
15584 8528 8527 8421
15585 8422 8423 8529
15586 8529 8528 8422
15587 8423 8424 8530
15588 8530 8529 8423
15589 8424 8425 8531
15590 8531 8530 8424
15591 8425 8426 8532
15592 8532 8531 8425
15593 8426 8427 8533
15594 8533 8532 8426
15595 8427 8428 8534
15596 8534 8533 8427
15597 8428 8429 8535
15598 8535 8534 8428
15599 8429 8430 8536
15600 8536 8535 8429
15601 8430 8431 8537
15602 8537 8536 8430
15603 8431 8432 8538
15604 8538 8537 8431
15605 8432 8433 8539
15606 8539 8538 8432
15607 8433 8434 8540
15608 8540 8539 8433
15609 8434 8435 8541
15610 8541 8540 8434
15611 8435 8436 8542
15612 8542 8541 8435
15613 8436 8437 8543
15614 8543 8542 8436
15615 8437 8438 8544
15616 8544 8543 8437
15617 8438 8439 8545
15618 8545 8544 8438
15619 8439 8440 8546
15620 8546 8545 8439
15621 8440 671 672
15622 672 8546 8440
15623 787 8441 8547
15624 8547 786 787
15625 8441 8442 8548
15626 8548 8547 8441
15627 8442 8443 8549
15628 8549 8548 8442
15629 8443 8444 8550
15630 8550 8549 8443
15631 8444 8445 8551
15632 8551 8550 8444
15633 8445 8446 8552
15634 8552 8551 8445
15635 8446 8447 8553
15636 8553 8552 8446
15637 8447 8448 8554
15638 8554 8553 8447
15639 8448 8449 8555
15640 8555 8554 8448
15641 8449 8450 8556
15642 8556 8555 8449
15643 8450 8451 8557
15644 8557 8556 8450
15645 8451 8452 8558
15646 8558 8557 8451
15647 8452 8453 8559
15648 8559 8558 8452
15649 8453 8454 8560
15650 8560 8559 8453
15651 8454 8455 8561
15652 8561 8560 8454
15653 8455 8456 8562
15654 8562 8561 8455
15655 8456 8457 8563
15656 8563 8562 8456
15657 8457 8458 8564
15658 8564 8563 8457
15659 8458 8459 8565
15660 8565 8564 8458
15661 8459 8460 8566
15662 8566 8565 8459
15663 8460 8461 8567
15664 8567 8566 8460
15665 8461 8462 8568
15666 8568 8567 8461
15667 8462 8463 8569
15668 8569 8568 8462
15669 8463 8464 8570
15670 8570 8569 8463
15671 8464 8465 8571
15672 8571 8570 8464
15673 8465 8466 8572
15674 8572 8571 8465
15675 8466 8467 8573
15676 8573 8572 8466
15677 8467 8468 8574
15678 8574 8573 8467
15679 8468 8469 8575
15680 8575 8574 8468
15681 8469 8470 8576
15682 8576 8575 8469
15683 8470 8471 8577
15684 8577 8576 8470
15685 8471 8472 8578
15686 8578 8577 8471
15687 8472 8473 8579
15688 8579 8578 8472
15689 8473 8474 8580
15690 8580 8579 8473
15691 8474 8475 8581
15692 8581 8580 8474
15693 8475 8476 8582
15694 8582 8581 8475
15695 8476 8477 8583
15696 8583 8582 8476
15697 8477 8478 8584
15698 8584 8583 8477
15699 8478 8479 8585
15700 8585 8584 8478
15701 8479 8480 8586
15702 8586 8585 8479
15703 8480 8481 8587
15704 8587 8586 8480
15705 8481 8482 8588
15706 8588 8587 8481
15707 8482 8483 8589
15708 8589 8588 8482
15709 8483 8484 8590
15710 8590 8589 8483
15711 8484 8485 8591
15712 8591 8590 8484
15713 8485 8486 8592
15714 8592 8591 8485
15715 8486 8487 8593
15716 8593 8592 8486
15717 8487 8488 8594
15718 8594 8593 8487
15719 8488 8489 8595
15720 8595 8594 8488
15721 8489 8490 8596
15722 8596 8595 8489
15723 8490 8491 8597
15724 8597 8596 8490
15725 8491 8492 8598
15726 8598 8597 8491
15727 8492 8493 8599
15728 8599 8598 8492
15729 8493 8494 8600
15730 8600 8599 8493
15731 8494 8495 8601
15732 8601 8600 8494
15733 8495 8496 8602
15734 8602 8601 8495
15735 8496 8497 8603
15736 8603 8602 8496
15737 8497 8498 8604
15738 8604 8603 8497
15739 8498 8499 8605
15740 8605 8604 8498
15741 8499 8500 8606
15742 8606 8605 8499
15743 8500 8501 8607
15744 8607 8606 8500
15745 8501 8502 8608
15746 8608 8607 8501
15747 8502 8503 8609
15748 8609 8608 8502
15749 8503 8504 8610
15750 8610 8609 8503
15751 8504 8505 8611
15752 8611 8610 8504
15753 8505 8506 8612
15754 8612 8611 8505
15755 8506 8507 8613
15756 8613 8612 8506
15757 8507 8508 8614
15758 8614 8613 8507
15759 8508 8509 8615
15760 8615 8614 8508
15761 8509 8510 8616
15762 8616 8615 8509
15763 8510 8511 8617
15764 8617 8616 8510
15765 8511 8512 8618
15766 8618 8617 8511
15767 8512 8513 8619
15768 8619 8618 8512
15769 8513 8514 8620
15770 8620 8619 8513
15771 8514 8515 8621
15772 8621 8620 8514
15773 8515 8516 8622
15774 8622 8621 8515
15775 8516 8517 8623
15776 8623 8622 8516
15777 8517 8518 8624
15778 8624 8623 8517
15779 8518 8519 8625
15780 8625 8624 8518
15781 8519 8520 8626
15782 8626 8625 8519
15783 8520 8521 8627
15784 8627 8626 8520
15785 8521 8522 8628
15786 8628 8627 8521
15787 8522 8523 8629
15788 8629 8628 8522
15789 8523 8524 8630
15790 8630 8629 8523
15791 8524 8525 8631
15792 8631 8630 8524
15793 8525 8526 8632
15794 8632 8631 8525
15795 8526 8527 8633
15796 8633 8632 8526
15797 8527 8528 8634
15798 8634 8633 8527
15799 8528 8529 8635
15800 8635 8634 8528
15801 8529 8530 8636
15802 8636 8635 8529
15803 8530 8531 8637
15804 8637 8636 8530
15805 8531 8532 8638
15806 8638 8637 8531
15807 8532 8533 8639
15808 8639 8638 8532
15809 8533 8534 8640
15810 8640 8639 8533
15811 8534 8535 8641
15812 8641 8640 8534
15813 8535 8536 8642
15814 8642 8641 8535
15815 8536 8537 8643
15816 8643 8642 8536
15817 8537 8538 8644
15818 8644 8643 8537
15819 8538 8539 8645
15820 8645 8644 8538
15821 8539 8540 8646
15822 8646 8645 8539
15823 8540 8541 8647
15824 8647 8646 8540
15825 8541 8542 8648
15826 8648 8647 8541
15827 8542 8543 8649
15828 8649 8648 8542
15829 8543 8544 8650
15830 8650 8649 8543
15831 8544 8545 8651
15832 8651 8650 8544
15833 8545 8546 8652
15834 8652 8651 8545
15835 8546 672 673
15836 673 8652 8546
15837 786 8547 8653
15838 8653 785 786
15839 8547 8548 8654
15840 8654 8653 8547
15841 8548 8549 8655
15842 8655 8654 8548
15843 8549 8550 8656
15844 8656 8655 8549
15845 8550 8551 8657
15846 8657 8656 8550
15847 8551 8552 8658
15848 8658 8657 8551
15849 8552 8553 8659
15850 8659 8658 8552
15851 8553 8554 8660
15852 8660 8659 8553
15853 8554 8555 8661
15854 8661 8660 8554
15855 8555 8556 8662
15856 8662 8661 8555
15857 8556 8557 8663
15858 8663 8662 8556
15859 8557 8558 8664
15860 8664 8663 8557
15861 8558 8559 8665
15862 8665 8664 8558
15863 8559 8560 8666
15864 8666 8665 8559
15865 8560 8561 8667
15866 8667 8666 8560
15867 8561 8562 8668
15868 8668 8667 8561
15869 8562 8563 8669
15870 8669 8668 8562
15871 8563 8564 8670
15872 8670 8669 8563
15873 8564 8565 8671
15874 8671 8670 8564
15875 8565 8566 8672
15876 8672 8671 8565
15877 8566 8567 8673
15878 8673 8672 8566
15879 8567 8568 8674
15880 8674 8673 8567
15881 8568 8569 8675
15882 8675 8674 8568
15883 8569 8570 8676
15884 8676 8675 8569
15885 8570 8571 8677
15886 8677 8676 8570
15887 8571 8572 8678
15888 8678 8677 8571
15889 8572 8573 8679
15890 8679 8678 8572
15891 8573 8574 8680
15892 8680 8679 8573
15893 8574 8575 8681
15894 8681 8680 8574
15895 8575 8576 8682
15896 8682 8681 8575
15897 8576 8577 8683
15898 8683 8682 8576
15899 8577 8578 8684
15900 8684 8683 8577
15901 8578 8579 8685
15902 8685 8684 8578
15903 8579 8580 8686
15904 8686 8685 8579
15905 8580 8581 8687
15906 8687 8686 8580
15907 8581 8582 8688
15908 8688 8687 8581
15909 8582 8583 8689
15910 8689 8688 8582
15911 8583 8584 8690
15912 8690 8689 8583
15913 8584 8585 8691
15914 8691 8690 8584
15915 8585 8586 8692
15916 8692 8691 8585
15917 8586 8587 8693
15918 8693 8692 8586
15919 8587 8588 8694
15920 8694 8693 8587
15921 8588 8589 8695
15922 8695 8694 8588
15923 8589 8590 8696
15924 8696 8695 8589
15925 8590 8591 8697
15926 8697 8696 8590
15927 8591 8592 8698
15928 8698 8697 8591
15929 8592 8593 8699
15930 8699 8698 8592
15931 8593 8594 8700
15932 8700 8699 8593
15933 8594 8595 8701
15934 8701 8700 8594
15935 8595 8596 8702
15936 8702 8701 8595
15937 8596 8597 8703
15938 8703 8702 8596
15939 8597 8598 8704
15940 8704 8703 8597
15941 8598 8599 8705
15942 8705 8704 8598
15943 8599 8600 8706
15944 8706 8705 8599
15945 8600 8601 8707
15946 8707 8706 8600
15947 8601 8602 8708
15948 8708 8707 8601
15949 8602 8603 8709
15950 8709 8708 8602
15951 8603 8604 8710
15952 8710 8709 8603
15953 8604 8605 8711
15954 8711 8710 8604
15955 8605 8606 8712
15956 8712 8711 8605
15957 8606 8607 8713
15958 8713 8712 8606
15959 8607 8608 8714
15960 8714 8713 8607
15961 8608 8609 8715
15962 8715 8714 8608
15963 8609 8610 8716
15964 8716 8715 8609
15965 8610 8611 8717
15966 8717 8716 8610
15967 8611 8612 8718
15968 8718 8717 8611
15969 8612 8613 8719
15970 8719 8718 8612
15971 8613 8614 8720
15972 8720 8719 8613
15973 8614 8615 8721
15974 8721 8720 8614
15975 8615 8616 8722
15976 8722 8721 8615
15977 8616 8617 8723
15978 8723 8722 8616
15979 8617 8618 8724
15980 8724 8723 8617
15981 8618 8619 8725
15982 8725 8724 8618
15983 8619 8620 8726
15984 8726 8725 8619
15985 8620 8621 8727
15986 8727 8726 8620
15987 8621 8622 8728
15988 8728 8727 8621
15989 8622 8623 8729
15990 8729 8728 8622
15991 8623 8624 8730
15992 8730 8729 8623
15993 8624 8625 8731
15994 8731 8730 8624
15995 8625 8626 8732
15996 8732 8731 8625
15997 8626 8627 8733
15998 8733 8732 8626
15999 8627 8628 8734
16000 8734 8733 8627
16001 8628 8629 8735
16002 8735 8734 8628
16003 8629 8630 8736
16004 8736 8735 8629
16005 8630 8631 8737
16006 8737 8736 8630
16007 8631 8632 8738
16008 8738 8737 8631
16009 8632 8633 8739
16010 8739 8738 8632
16011 8633 8634 8740
16012 8740 8739 8633
16013 8634 8635 8741
16014 8741 8740 8634
16015 8635 8636 8742
16016 8742 8741 8635
16017 8636 8637 8743
16018 8743 8742 8636
16019 8637 8638 8744
16020 8744 8743 8637
16021 8638 8639 8745
16022 8745 8744 8638
16023 8639 8640 8746
16024 8746 8745 8639
16025 8640 8641 8747
16026 8747 8746 8640
16027 8641 8642 8748
16028 8748 8747 8641
16029 8642 8643 8749
16030 8749 8748 8642
16031 8643 8644 8750
16032 8750 8749 8643
16033 8644 8645 8751
16034 8751 8750 8644
16035 8645 8646 8752
16036 8752 8751 8645
16037 8646 8647 8753
16038 8753 8752 8646
16039 8647 8648 8754
16040 8754 8753 8647
16041 8648 8649 8755
16042 8755 8754 8648
16043 8649 8650 8756
16044 8756 8755 8649
16045 8650 8651 8757
16046 8757 8756 8650
16047 8651 8652 8758
16048 8758 8757 8651
16049 8652 673 674
16050 674 8758 8652
16051 785 8653 8759
16052 8759 784 785
16053 8653 8654 8760
16054 8760 8759 8653
16055 8654 8655 8761
16056 8761 8760 8654
16057 8655 8656 8762
16058 8762 8761 8655
16059 8656 8657 8763
16060 8763 8762 8656
16061 8657 8658 8764
16062 8764 8763 8657
16063 8658 8659 8765
16064 8765 8764 8658
16065 8659 8660 8766
16066 8766 8765 8659
16067 8660 8661 8767
16068 8767 8766 8660
16069 8661 8662 8768
16070 8768 8767 8661
16071 8662 8663 8769
16072 8769 8768 8662
16073 8663 8664 8770
16074 8770 8769 8663
16075 8664 8665 8771
16076 8771 8770 8664
16077 8665 8666 8772
16078 8772 8771 8665
16079 8666 8667 8773
16080 8773 8772 8666
16081 8667 8668 8774
16082 8774 8773 8667
16083 8668 8669 8775
16084 8775 8774 8668
16085 8669 8670 8776
16086 8776 8775 8669
16087 8670 8671 8777
16088 8777 8776 8670
16089 8671 8672 8778
16090 8778 8777 8671
16091 8672 8673 8779
16092 8779 8778 8672
16093 8673 8674 8780
16094 8780 8779 8673
16095 8674 8675 8781
16096 8781 8780 8674
16097 8675 8676 8782
16098 8782 8781 8675
16099 8676 8677 8783
16100 8783 8782 8676
16101 8677 8678 8784
16102 8784 8783 8677
16103 8678 8679 8785
16104 8785 8784 8678
16105 8679 8680 8786
16106 8786 8785 8679
16107 8680 8681 8787
16108 8787 8786 8680
16109 8681 8682 8788
16110 8788 8787 8681
16111 8682 8683 8789
16112 8789 8788 8682
16113 8683 8684 8790
16114 8790 8789 8683
16115 8684 8685 8791
16116 8791 8790 8684
16117 8685 8686 8792
16118 8792 8791 8685
16119 8686 8687 8793
16120 8793 8792 8686
16121 8687 8688 8794
16122 8794 8793 8687
16123 8688 8689 8795
16124 8795 8794 8688
16125 8689 8690 8796
16126 8796 8795 8689
16127 8690 8691 8797
16128 8797 8796 8690
16129 8691 8692 8798
16130 8798 8797 8691
16131 8692 8693 8799
16132 8799 8798 8692
16133 8693 8694 8800
16134 8800 8799 8693
16135 8694 8695 8801
16136 8801 8800 8694
16137 8695 8696 8802
16138 8802 8801 8695
16139 8696 8697 8803
16140 8803 8802 8696
16141 8697 8698 8804
16142 8804 8803 8697
16143 8698 8699 8805
16144 8805 8804 8698
16145 8699 8700 8806
16146 8806 8805 8699
16147 8700 8701 8807
16148 8807 8806 8700
16149 8701 8702 8808
16150 8808 8807 8701
16151 8702 8703 8809
16152 8809 8808 8702
16153 8703 8704 8810
16154 8810 8809 8703
16155 8704 8705 8811
16156 8811 8810 8704
16157 8705 8706 8812
16158 8812 8811 8705
16159 8706 8707 8813
16160 8813 8812 8706
16161 8707 8708 8814
16162 8814 8813 8707
16163 8708 8709 8815
16164 8815 8814 8708
16165 8709 8710 8816
16166 8816 8815 8709
16167 8710 8711 8817
16168 8817 8816 8710
16169 8711 8712 8818
16170 8818 8817 8711
16171 8712 8713 8819
16172 8819 8818 8712
16173 8713 8714 8820
16174 8820 8819 8713
16175 8714 8715 8821
16176 8821 8820 8714
16177 8715 8716 8822
16178 8822 8821 8715
16179 8716 8717 8823
16180 8823 8822 8716
16181 8717 8718 8824
16182 8824 8823 8717
16183 8718 8719 8825
16184 8825 8824 8718
16185 8719 8720 8826
16186 8826 8825 8719
16187 8720 8721 8827
16188 8827 8826 8720
16189 8721 8722 8828
16190 8828 8827 8721
16191 8722 8723 8829
16192 8829 8828 8722
16193 8723 8724 8830
16194 8830 8829 8723
16195 8724 8725 8831
16196 8831 8830 8724
16197 8725 8726 8832
16198 8832 8831 8725
16199 8726 8727 8833
16200 8833 8832 8726
16201 8727 8728 8834
16202 8834 8833 8727
16203 8728 8729 8835
16204 8835 8834 8728
16205 8729 8730 8836
16206 8836 8835 8729
16207 8730 8731 8837
16208 8837 8836 8730
16209 8731 8732 8838
16210 8838 8837 8731
16211 8732 8733 8839
16212 8839 8838 8732
16213 8733 8734 8840
16214 8840 8839 8733
16215 8734 8735 8841
16216 8841 8840 8734
16217 8735 8736 8842
16218 8842 8841 8735
16219 8736 8737 8843
16220 8843 8842 8736
16221 8737 8738 8844
16222 8844 8843 8737
16223 8738 8739 8845
16224 8845 8844 8738
16225 8739 8740 8846
16226 8846 8845 8739
16227 8740 8741 8847
16228 8847 8846 8740
16229 8741 8742 8848
16230 8848 8847 8741
16231 8742 8743 8849
16232 8849 8848 8742
16233 8743 8744 8850
16234 8850 8849 8743
16235 8744 8745 8851
16236 8851 8850 8744
16237 8745 8746 8852
16238 8852 8851 8745
16239 8746 8747 8853
16240 8853 8852 8746
16241 8747 8748 8854
16242 8854 8853 8747
16243 8748 8749 8855
16244 8855 8854 8748
16245 8749 8750 8856
16246 8856 8855 8749
16247 8750 8751 8857
16248 8857 8856 8750
16249 8751 8752 8858
16250 8858 8857 8751
16251 8752 8753 8859
16252 8859 8858 8752
16253 8753 8754 8860
16254 8860 8859 8753
16255 8754 8755 8861
16256 8861 8860 8754
16257 8755 8756 8862
16258 8862 8861 8755
16259 8756 8757 8863
16260 8863 8862 8756
16261 8757 8758 8864
16262 8864 8863 8757
16263 8758 674 675
16264 675 8864 8758
16265 784 8759 8865
16266 8865 783 784
16267 8759 8760 8866
16268 8866 8865 8759
16269 8760 8761 8867
16270 8867 8866 8760
16271 8761 8762 8868
16272 8868 8867 8761
16273 8762 8763 8869
16274 8869 8868 8762
16275 8763 8764 8870
16276 8870 8869 8763
16277 8764 8765 8871
16278 8871 8870 8764
16279 8765 8766 8872
16280 8872 8871 8765
16281 8766 8767 8873
16282 8873 8872 8766
16283 8767 8768 8874
16284 8874 8873 8767
16285 8768 8769 8875
16286 8875 8874 8768
16287 8769 8770 8876
16288 8876 8875 8769
16289 8770 8771 8877
16290 8877 8876 8770
16291 8771 8772 8878
16292 8878 8877 8771
16293 8772 8773 8879
16294 8879 8878 8772
16295 8773 8774 8880
16296 8880 8879 8773
16297 8774 8775 8881
16298 8881 8880 8774
16299 8775 8776 8882
16300 8882 8881 8775
16301 8776 8777 8883
16302 8883 8882 8776
16303 8777 8778 8884
16304 8884 8883 8777
16305 8778 8779 8885
16306 8885 8884 8778
16307 8779 8780 8886
16308 8886 8885 8779
16309 8780 8781 8887
16310 8887 8886 8780
16311 8781 8782 8888
16312 8888 8887 8781
16313 8782 8783 8889
16314 8889 8888 8782
16315 8783 8784 8890
16316 8890 8889 8783
16317 8784 8785 8891
16318 8891 8890 8784
16319 8785 8786 8892
16320 8892 8891 8785
16321 8786 8787 8893
16322 8893 8892 8786
16323 8787 8788 8894
16324 8894 8893 8787
16325 8788 8789 8895
16326 8895 8894 8788
16327 8789 8790 8896
16328 8896 8895 8789
16329 8790 8791 8897
16330 8897 8896 8790
16331 8791 8792 8898
16332 8898 8897 8791
16333 8792 8793 8899
16334 8899 8898 8792
16335 8793 8794 8900
16336 8900 8899 8793
16337 8794 8795 8901
16338 8901 8900 8794
16339 8795 8796 8902
16340 8902 8901 8795
16341 8796 8797 8903
16342 8903 8902 8796
16343 8797 8798 8904
16344 8904 8903 8797
16345 8798 8799 8905
16346 8905 8904 8798
16347 8799 8800 8906
16348 8906 8905 8799
16349 8800 8801 8907
16350 8907 8906 8800
16351 8801 8802 8908
16352 8908 8907 8801
16353 8802 8803 8909
16354 8909 8908 8802
16355 8803 8804 8910
16356 8910 8909 8803
16357 8804 8805 8911
16358 8911 8910 8804
16359 8805 8806 8912
16360 8912 8911 8805
16361 8806 8807 8913
16362 8913 8912 8806
16363 8807 8808 8914
16364 8914 8913 8807
16365 8808 8809 8915
16366 8915 8914 8808
16367 8809 8810 8916
16368 8916 8915 8809
16369 8810 8811 8917
16370 8917 8916 8810
16371 8811 8812 8918
16372 8918 8917 8811
16373 8812 8813 8919
16374 8919 8918 8812
16375 8813 8814 8920
16376 8920 8919 8813
16377 8814 8815 8921
16378 8921 8920 8814
16379 8815 8816 8922
16380 8922 8921 8815
16381 8816 8817 8923
16382 8923 8922 8816
16383 8817 8818 8924
16384 8924 8923 8817
16385 8818 8819 8925
16386 8925 8924 8818
16387 8819 8820 8926
16388 8926 8925 8819
16389 8820 8821 8927
16390 8927 8926 8820
16391 8821 8822 8928
16392 8928 8927 8821
16393 8822 8823 8929
16394 8929 8928 8822
16395 8823 8824 8930
16396 8930 8929 8823
16397 8824 8825 8931
16398 8931 8930 8824
16399 8825 8826 8932
16400 8932 8931 8825
16401 8826 8827 8933
16402 8933 8932 8826
16403 8827 8828 8934
16404 8934 8933 8827
16405 8828 8829 8935
16406 8935 8934 8828
16407 8829 8830 8936
16408 8936 8935 8829
16409 8830 8831 8937
16410 8937 8936 8830
16411 8831 8832 8938
16412 8938 8937 8831
16413 8832 8833 8939
16414 8939 8938 8832
16415 8833 8834 8940
16416 8940 8939 8833
16417 8834 8835 8941
16418 8941 8940 8834
16419 8835 8836 8942
16420 8942 8941 8835
16421 8836 8837 8943
16422 8943 8942 8836
16423 8837 8838 8944
16424 8944 8943 8837
16425 8838 8839 8945
16426 8945 8944 8838
16427 8839 8840 8946
16428 8946 8945 8839
16429 8840 8841 8947
16430 8947 8946 8840
16431 8841 8842 8948
16432 8948 8947 8841
16433 8842 8843 8949
16434 8949 8948 8842
16435 8843 8844 8950
16436 8950 8949 8843
16437 8844 8845 8951
16438 8951 8950 8844
16439 8845 8846 8952
16440 8952 8951 8845
16441 8846 8847 8953
16442 8953 8952 8846
16443 8847 8848 8954
16444 8954 8953 8847
16445 8848 8849 8955
16446 8955 8954 8848
16447 8849 8850 8956
16448 8956 8955 8849
16449 8850 8851 8957
16450 8957 8956 8850
16451 8851 8852 8958
16452 8958 8957 8851
16453 8852 8853 8959
16454 8959 8958 8852
16455 8853 8854 8960
16456 8960 8959 8853
16457 8854 8855 8961
16458 8961 8960 8854
16459 8855 8856 8962
16460 8962 8961 8855
16461 8856 8857 8963
16462 8963 8962 8856
16463 8857 8858 8964
16464 8964 8963 8857
16465 8858 8859 8965
16466 8965 8964 8858
16467 8859 8860 8966
16468 8966 8965 8859
16469 8860 8861 8967
16470 8967 8966 8860
16471 8861 8862 8968
16472 8968 8967 8861
16473 8862 8863 8969
16474 8969 8968 8862
16475 8863 8864 8970
16476 8970 8969 8863
16477 8864 675 676
16478 676 8970 8864
16479 783 8865 782
16480 782 12 783
16481 8865 8866 781
16482 781 782 8865
16483 8866 8867 780
16484 780 781 8866
16485 8867 8868 779
16486 779 780 8867
16487 8868 8869 778
16488 778 779 8868
16489 8869 8870 777
16490 777 778 8869
16491 8870 8871 776
16492 776 777 8870
16493 8871 8872 775
16494 775 776 8871
16495 8872 8873 774
16496 774 775 8872
16497 8873 8874 773
16498 773 774 8873
16499 8874 8875 772
16500 772 773 8874
16501 8875 8876 771
16502 771 772 8875
16503 8876 8877 770
16504 770 771 8876
16505 8877 8878 769
16506 769 770 8877
16507 8878 8879 768
16508 768 769 8878
16509 8879 8880 767
16510 767 768 8879
16511 8880 8881 766
16512 766 767 8880
16513 8881 8882 765
16514 765 766 8881
16515 8882 8883 764
16516 764 765 8882
16517 8883 8884 763
16518 763 764 8883
16519 8884 8885 762
16520 762 763 8884
16521 8885 8886 761
16522 761 762 8885
16523 8886 8887 760
16524 760 761 8886
16525 8887 8888 759
16526 759 760 8887
16527 8888 8889 758
16528 758 759 8888
16529 8889 8890 757
16530 757 758 8889
16531 8890 8891 756
16532 756 757 8890
16533 8891 8892 755
16534 755 756 8891
16535 8892 8893 754
16536 754 755 8892
16537 8893 8894 753
16538 753 754 8893
16539 8894 8895 752
16540 752 753 8894
16541 8895 8896 751
16542 751 752 8895
16543 8896 8897 750
16544 750 751 8896
16545 8897 8898 749
16546 749 750 8897
16547 8898 8899 748
16548 748 749 8898
16549 8899 8900 747
16550 747 748 8899
16551 8900 8901 746
16552 746 747 8900
16553 8901 8902 745
16554 745 746 8901
16555 8902 8903 744
16556 744 745 8902
16557 8903 8904 743
16558 743 744 8903
16559 8904 8905 742
16560 742 743 8904
16561 8905 8906 741
16562 741 742 8905
16563 8906 8907 740
16564 740 741 8906
16565 8907 8908 739
16566 739 740 8907
16567 8908 8909 738
16568 738 739 8908
16569 8909 8910 737
16570 737 738 8909
16571 8910 8911 736
16572 736 737 8910
16573 8911 8912 735
16574 735 736 8911
16575 8912 8913 734
16576 734 735 8912
16577 8913 8914 733
16578 733 734 8913
16579 8914 8915 732
16580 732 733 8914
16581 8915 8916 731
16582 731 732 8915
16583 8916 8917 730
16584 730 731 8916
16585 8917 8918 729
16586 729 730 8917
16587 8918 8919 728
16588 728 729 8918
16589 8919 8920 727
16590 727 728 8919
16591 8920 8921 726
16592 726 727 8920
16593 8921 8922 725
16594 725 726 8921
16595 8922 8923 724
16596 724 725 8922
16597 8923 8924 723
16598 723 724 8923
16599 8924 8925 722
16600 722 723 8924
16601 8925 8926 721
16602 721 722 8925
16603 8926 8927 720
16604 720 721 8926
16605 8927 8928 719
16606 719 720 8927
16607 8928 8929 718
16608 718 719 8928
16609 8929 8930 717
16610 717 718 8929
16611 8930 8931 716
16612 716 717 8930
16613 8931 8932 715
16614 715 716 8931
16615 8932 8933 714
16616 714 715 8932
16617 8933 8934 713
16618 713 714 8933
16619 8934 8935 712
16620 712 713 8934
16621 8935 8936 711
16622 711 712 8935
16623 8936 8937 710
16624 710 711 8936
16625 8937 8938 709
16626 709 710 8937
16627 8938 8939 708
16628 708 709 8938
16629 8939 8940 707
16630 707 708 8939
16631 8940 8941 706
16632 706 707 8940
16633 8941 8942 705
16634 705 706 8941
16635 8942 8943 704
16636 704 705 8942
16637 8943 8944 703
16638 703 704 8943
16639 8944 8945 702
16640 702 703 8944
16641 8945 8946 701
16642 701 702 8945
16643 8946 8947 700
16644 700 701 8946
16645 8947 8948 699
16646 699 700 8947
16647 8948 8949 698
16648 698 699 8948
16649 8949 8950 697
16650 697 698 8949
16651 8950 8951 696
16652 696 697 8950
16653 8951 8952 695
16654 695 696 8951
16655 8952 8953 694
16656 694 695 8952
16657 8953 8954 693
16658 693 694 8953
16659 8954 8955 692
16660 692 693 8954
16661 8955 8956 691
16662 691 692 8955
16663 8956 8957 690
16664 690 691 8956
16665 8957 8958 689
16666 689 690 8957
16667 8958 8959 688
16668 688 689 8958
16669 8959 8960 687
16670 687 688 8959
16671 8960 8961 686
16672 686 687 8960
16673 8961 8962 685
16674 685 686 8961
16675 8962 8963 684
16676 684 685 8962
16677 8963 8964 683
16678 683 684 8963
16679 8964 8965 682
16680 682 683 8964
16681 8965 8966 681
16682 681 682 8965
16683 8966 8967 680
16684 680 681 8966
16685 8967 8968 679
16686 679 680 8967
16687 8968 8969 678
16688 678 679 8968
16689 8969 8970 677
16690 677 678 8969
16691 8970 676 11
16692 11 677 8970
16693 13 805 8971
16694 8971 950 13
16695 805 806 8972
16696 8972 8971 805
16697 806 807 8973
16698 8973 8972 806
16699 807 808 8974
16700 8974 8973 807
16701 808 809 8975
16702 8975 8974 808
16703 809 810 8976
16704 8976 8975 809
16705 810 811 8977
16706 8977 8976 810
16707 811 812 8978
16708 8978 8977 811
16709 812 813 8979
16710 8979 8978 812
16711 813 814 8980
16712 8980 8979 813
16713 814 815 8981
16714 8981 8980 814
16715 815 816 8982
16716 8982 8981 815
16717 816 817 8983
16718 8983 8982 816
16719 817 818 8984
16720 8984 8983 817
16721 818 819 8985
16722 8985 8984 818
16723 819 820 8986
16724 8986 8985 819
16725 820 821 8987
16726 8987 8986 820
16727 821 822 8988
16728 8988 8987 821
16729 822 823 8989
16730 8989 8988 822
16731 823 824 8990
16732 8990 8989 823
16733 824 825 8991
16734 8991 8990 824
16735 825 826 8992
16736 8992 8991 825
16737 826 827 8993
16738 8993 8992 826
16739 827 828 8994
16740 8994 8993 827
16741 828 829 8995
16742 8995 8994 828
16743 829 830 8996
16744 8996 8995 829
16745 830 831 8997
16746 8997 8996 830
16747 831 832 8998
16748 8998 8997 831
16749 832 833 8999
16750 8999 8998 832
16751 833 834 9000
16752 9000 8999 833
16753 834 835 9001
16754 9001 9000 834
16755 835 836 9002
16756 9002 9001 835
16757 836 837 9003
16758 9003 9002 836
16759 837 838 9004
16760 9004 9003 837
16761 838 839 9005
16762 9005 9004 838
16763 839 840 9006
16764 9006 9005 839
16765 840 841 9007
16766 9007 9006 840
16767 841 842 9008
16768 9008 9007 841
16769 842 843 9009
16770 9009 9008 842
16771 843 844 9010
16772 9010 9009 843
16773 844 845 9011
16774 9011 9010 844
16775 845 846 9012
16776 9012 9011 845
16777 846 847 9013
16778 9013 9012 846
16779 847 848 9014
16780 9014 9013 847
16781 848 849 9015
16782 9015 9014 848
16783 849 850 9016
16784 9016 9015 849
16785 850 851 9017
16786 9017 9016 850
16787 851 852 9018
16788 9018 9017 851
16789 852 853 9019
16790 9019 9018 852
16791 853 854 9020
16792 9020 9019 853
16793 854 855 9021
16794 9021 9020 854
16795 855 856 9022
16796 9022 9021 855
16797 856 857 9023
16798 9023 9022 856
16799 857 858 9024
16800 9024 9023 857
16801 858 859 9025
16802 9025 9024 858
16803 859 860 9026
16804 9026 9025 859
16805 860 861 9027
16806 9027 9026 860
16807 861 862 9028
16808 9028 9027 861
16809 862 863 9029
16810 9029 9028 862
16811 863 864 9030
16812 9030 9029 863
16813 864 865 9031
16814 9031 9030 864
16815 865 866 9032
16816 9032 9031 865
16817 866 867 9033
16818 9033 9032 866
16819 867 868 9034
16820 9034 9033 867
16821 868 869 9035
16822 9035 9034 868
16823 869 870 9036
16824 9036 9035 869
16825 870 871 9037
16826 9037 9036 870
16827 871 872 9038
16828 9038 9037 871
16829 872 873 9039
16830 9039 9038 872
16831 873 874 9040
16832 9040 9039 873
16833 874 875 9041
16834 9041 9040 874
16835 875 876 9042
16836 9042 9041 875
16837 876 877 9043
16838 9043 9042 876
16839 877 878 9044
16840 9044 9043 877
16841 878 879 9045
16842 9045 9044 878
16843 879 880 9046
16844 9046 9045 879
16845 880 881 9047
16846 9047 9046 880
16847 881 882 9048
16848 9048 9047 881
16849 882 883 9049
16850 9049 9048 882
16851 883 884 9050
16852 9050 9049 883
16853 884 885 9051
16854 9051 9050 884
16855 885 886 9052
16856 9052 9051 885
16857 886 887 9053
16858 9053 9052 886
16859 887 888 9054
16860 9054 9053 887
16861 888 889 9055
16862 9055 9054 888
16863 889 890 9056
16864 9056 9055 889
16865 890 891 9057
16866 9057 9056 890
16867 891 892 9058
16868 9058 9057 891
16869 892 893 9059
16870 9059 9058 892
16871 893 894 9060
16872 9060 9059 893
16873 894 895 9061
16874 9061 9060 894
16875 895 896 9062
16876 9062 9061 895
16877 896 897 9063
16878 9063 9062 896
16879 897 898 9064
16880 9064 9063 897
16881 898 899 9065
16882 9065 9064 898
16883 899 900 9066
16884 9066 9065 899
16885 900 901 9067
16886 9067 9066 900
16887 901 902 9068
16888 9068 9067 901
16889 902 903 9069
16890 9069 9068 902
16891 903 904 9070
16892 9070 9069 903
16893 904 905 9071
16894 9071 9070 904
16895 905 906 9072
16896 9072 9071 905
16897 906 907 9073
16898 9073 9072 906
16899 907 908 9074
16900 9074 9073 907
16901 908 909 9075
16902 9075 9074 908
16903 909 910 9076
16904 9076 9075 909
16905 910 14 911
16906 911 9076 910
16907 950 8971 9077
16908 9077 949 950
16909 8971 8972 9078
16910 9078 9077 8971
16911 8972 8973 9079
16912 9079 9078 8972
16913 8973 8974 9080
16914 9080 9079 8973
16915 8974 8975 9081
16916 9081 9080 8974
16917 8975 8976 9082
16918 9082 9081 8975
16919 8976 8977 9083
16920 9083 9082 8976
16921 8977 8978 9084
16922 9084 9083 8977
16923 8978 8979 9085
16924 9085 9084 8978
16925 8979 8980 9086
16926 9086 9085 8979
16927 8980 8981 9087
16928 9087 9086 8980
16929 8981 8982 9088
16930 9088 9087 8981
16931 8982 8983 9089
16932 9089 9088 8982
16933 8983 8984 9090
16934 9090 9089 8983
16935 8984 8985 9091
16936 9091 9090 8984
16937 8985 8986 9092
16938 9092 9091 8985
16939 8986 8987 9093
16940 9093 9092 8986
16941 8987 8988 9094
16942 9094 9093 8987
16943 8988 8989 9095
16944 9095 9094 8988
16945 8989 8990 9096
16946 9096 9095 8989
16947 8990 8991 9097
16948 9097 9096 8990
16949 8991 8992 9098
16950 9098 9097 8991
16951 8992 8993 9099
16952 9099 9098 8992
16953 8993 8994 9100
16954 9100 9099 8993
16955 8994 8995 9101
16956 9101 9100 8994
16957 8995 8996 9102
16958 9102 9101 8995
16959 8996 8997 9103
16960 9103 9102 8996
16961 8997 8998 9104
16962 9104 9103 8997
16963 8998 8999 9105
16964 9105 9104 8998
16965 8999 9000 9106
16966 9106 9105 8999
16967 9000 9001 9107
16968 9107 9106 9000
16969 9001 9002 9108
16970 9108 9107 9001
16971 9002 9003 9109
16972 9109 9108 9002
16973 9003 9004 9110
16974 9110 9109 9003
16975 9004 9005 9111
16976 9111 9110 9004
16977 9005 9006 9112
16978 9112 9111 9005
16979 9006 9007 9113
16980 9113 9112 9006
16981 9007 9008 9114
16982 9114 9113 9007
16983 9008 9009 9115
16984 9115 9114 9008
16985 9009 9010 9116
16986 9116 9115 9009
16987 9010 9011 9117
16988 9117 9116 9010
16989 9011 9012 9118
16990 9118 9117 9011
16991 9012 9013 9119
16992 9119 9118 9012
16993 9013 9014 9120
16994 9120 9119 9013
16995 9014 9015 9121
16996 9121 9120 9014
16997 9015 9016 9122
16998 9122 9121 9015
16999 9016 9017 9123
17000 9123 9122 9016
17001 9017 9018 9124
17002 9124 9123 9017
17003 9018 9019 9125
17004 9125 9124 9018
17005 9019 9020 9126
17006 9126 9125 9019
17007 9020 9021 9127
17008 9127 9126 9020
17009 9021 9022 9128
17010 9128 9127 9021
17011 9022 9023 9129
17012 9129 9128 9022
17013 9023 9024 9130
17014 9130 9129 9023
17015 9024 9025 9131
17016 9131 9130 9024
17017 9025 9026 9132
17018 9132 9131 9025
17019 9026 9027 9133
17020 9133 9132 9026
17021 9027 9028 9134
17022 9134 9133 9027
17023 9028 9029 9135
17024 9135 9134 9028
17025 9029 9030 9136
17026 9136 9135 9029
17027 9030 9031 9137
17028 9137 9136 9030
17029 9031 9032 9138
17030 9138 9137 9031
17031 9032 9033 9139
17032 9139 9138 9032
17033 9033 9034 9140
17034 9140 9139 9033
17035 9034 9035 9141
17036 9141 9140 9034
17037 9035 9036 9142
17038 9142 9141 9035
17039 9036 9037 9143
17040 9143 9142 9036
17041 9037 9038 9144
17042 9144 9143 9037
17043 9038 9039 9145
17044 9145 9144 9038
17045 9039 9040 9146
17046 9146 9145 9039
17047 9040 9041 9147
17048 9147 9146 9040
17049 9041 9042 9148
17050 9148 9147 9041
17051 9042 9043 9149
17052 9149 9148 9042
17053 9043 9044 9150
17054 9150 9149 9043
17055 9044 9045 9151
17056 9151 9150 9044
17057 9045 9046 9152
17058 9152 9151 9045
17059 9046 9047 9153
17060 9153 9152 9046
17061 9047 9048 9154
17062 9154 9153 9047
17063 9048 9049 9155
17064 9155 9154 9048
17065 9049 9050 9156
17066 9156 9155 9049
17067 9050 9051 9157
17068 9157 9156 9050
17069 9051 9052 9158
17070 9158 9157 9051
17071 9052 9053 9159
17072 9159 9158 9052
17073 9053 9054 9160
17074 9160 9159 9053
17075 9054 9055 9161
17076 9161 9160 9054
17077 9055 9056 9162
17078 9162 9161 9055
17079 9056 9057 9163
17080 9163 9162 9056
17081 9057 9058 9164
17082 9164 9163 9057
17083 9058 9059 9165
17084 9165 9164 9058
17085 9059 9060 9166
17086 9166 9165 9059
17087 9060 9061 9167
17088 9167 9166 9060
17089 9061 9062 9168
17090 9168 9167 9061
17091 9062 9063 9169
17092 9169 9168 9062
17093 9063 9064 9170
17094 9170 9169 9063
17095 9064 9065 9171
17096 9171 9170 9064
17097 9065 9066 9172
17098 9172 9171 9065
17099 9066 9067 9173
17100 9173 9172 9066
17101 9067 9068 9174
17102 9174 9173 9067
17103 9068 9069 9175
17104 9175 9174 9068
17105 9069 9070 9176
17106 9176 9175 9069
17107 9070 9071 9177
17108 9177 9176 9070
17109 9071 9072 9178
17110 9178 9177 9071
17111 9072 9073 9179
17112 9179 9178 9072
17113 9073 9074 9180
17114 9180 9179 9073
17115 9074 9075 9181
17116 9181 9180 9074
17117 9075 9076 9182
17118 9182 9181 9075
17119 9076 911 912
17120 912 9182 9076
17121 949 9077 9183
17122 9183 948 949
17123 9077 9078 9184
17124 9184 9183 9077
17125 9078 9079 9185
17126 9185 9184 9078
17127 9079 9080 9186
17128 9186 9185 9079
17129 9080 9081 9187
17130 9187 9186 9080
17131 9081 9082 9188
17132 9188 9187 9081
17133 9082 9083 9189
17134 9189 9188 9082
17135 9083 9084 9190
17136 9190 9189 9083
17137 9084 9085 9191
17138 9191 9190 9084
17139 9085 9086 9192
17140 9192 9191 9085
17141 9086 9087 9193
17142 9193 9192 9086
17143 9087 9088 9194
17144 9194 9193 9087
17145 9088 9089 9195
17146 9195 9194 9088
17147 9089 9090 9196
17148 9196 9195 9089
17149 9090 9091 9197
17150 9197 9196 9090
17151 9091 9092 9198
17152 9198 9197 9091
17153 9092 9093 9199
17154 9199 9198 9092
17155 9093 9094 9200
17156 9200 9199 9093
17157 9094 9095 9201
17158 9201 9200 9094
17159 9095 9096 9202
17160 9202 9201 9095
17161 9096 9097 9203
17162 9203 9202 9096
17163 9097 9098 9204
17164 9204 9203 9097
17165 9098 9099 9205
17166 9205 9204 9098
17167 9099 9100 9206
17168 9206 9205 9099
17169 9100 9101 9207
17170 9207 9206 9100
17171 9101 9102 9208
17172 9208 9207 9101
17173 9102 9103 9209
17174 9209 9208 9102
17175 9103 9104 9210
17176 9210 9209 9103
17177 9104 9105 9211
17178 9211 9210 9104
17179 9105 9106 9212
17180 9212 9211 9105
17181 9106 9107 9213
17182 9213 9212 9106
17183 9107 9108 9214
17184 9214 9213 9107
17185 9108 9109 9215
17186 9215 9214 9108
17187 9109 9110 9216
17188 9216 9215 9109
17189 9110 9111 9217
17190 9217 9216 9110
17191 9111 9112 9218
17192 9218 9217 9111
17193 9112 9113 9219
17194 9219 9218 9112
17195 9113 9114 9220
17196 9220 9219 9113
17197 9114 9115 9221
17198 9221 9220 9114
17199 9115 9116 9222
17200 9222 9221 9115
17201 9116 9117 9223
17202 9223 9222 9116
17203 9117 9118 9224
17204 9224 9223 9117
17205 9118 9119 9225
17206 9225 9224 9118
17207 9119 9120 9226
17208 9226 9225 9119
17209 9120 9121 9227
17210 9227 9226 9120
17211 9121 9122 9228
17212 9228 9227 9121
17213 9122 9123 9229
17214 9229 9228 9122
17215 9123 9124 9230
17216 9230 9229 9123
17217 9124 9125 9231
17218 9231 9230 9124
17219 9125 9126 9232
17220 9232 9231 9125
17221 9126 9127 9233
17222 9233 9232 9126
17223 9127 9128 9234
17224 9234 9233 9127
17225 9128 9129 9235
17226 9235 9234 9128
17227 9129 9130 9236
17228 9236 9235 9129
17229 9130 9131 9237
17230 9237 9236 9130
17231 9131 9132 9238
17232 9238 9237 9131
17233 9132 9133 9239
17234 9239 9238 9132
17235 9133 9134 9240
17236 9240 9239 9133
17237 9134 9135 9241
17238 9241 9240 9134
17239 9135 9136 9242
17240 9242 9241 9135
17241 9136 9137 9243
17242 9243 9242 9136
17243 9137 9138 9244
17244 9244 9243 9137
17245 9138 9139 9245
17246 9245 9244 9138
17247 9139 9140 9246
17248 9246 9245 9139
17249 9140 9141 9247
17250 9247 9246 9140
17251 9141 9142 9248
17252 9248 9247 9141
17253 9142 9143 9249
17254 9249 9248 9142
17255 9143 9144 9250
17256 9250 9249 9143
17257 9144 9145 9251
17258 9251 9250 9144
17259 9145 9146 9252
17260 9252 9251 9145
17261 9146 9147 9253
17262 9253 9252 9146
17263 9147 9148 9254
17264 9254 9253 9147
17265 9148 9149 9255
17266 9255 9254 9148
17267 9149 9150 9256
17268 9256 9255 9149
17269 9150 9151 9257
17270 9257 9256 9150
17271 9151 9152 9258
17272 9258 9257 9151
17273 9152 9153 9259
17274 9259 9258 9152
17275 9153 9154 9260
17276 9260 9259 9153
17277 9154 9155 9261
17278 9261 9260 9154
17279 9155 9156 9262
17280 9262 9261 9155
17281 9156 9157 9263
17282 9263 9262 9156
17283 9157 9158 9264
17284 9264 9263 9157
17285 9158 9159 9265
17286 9265 9264 9158
17287 9159 9160 9266
17288 9266 9265 9159
17289 9160 9161 9267
17290 9267 9266 9160
17291 9161 9162 9268
17292 9268 9267 9161
17293 9162 9163 9269
17294 9269 9268 9162
17295 9163 9164 9270
17296 9270 9269 9163
17297 9164 9165 9271
17298 9271 9270 9164
17299 9165 9166 9272
17300 9272 9271 9165
17301 9166 9167 9273
17302 9273 9272 9166
17303 9167 9168 9274
17304 9274 9273 9167
17305 9168 9169 9275
17306 9275 9274 9168
17307 9169 9170 9276
17308 9276 9275 9169
17309 9170 9171 9277
17310 9277 9276 9170
17311 9171 9172 9278
17312 9278 9277 9171
17313 9172 9173 9279
17314 9279 9278 9172
17315 9173 9174 9280
17316 9280 9279 9173
17317 9174 9175 9281
17318 9281 9280 9174
17319 9175 9176 9282
17320 9282 9281 9175
17321 9176 9177 9283
17322 9283 9282 9176
17323 9177 9178 9284
17324 9284 9283 9177
17325 9178 9179 9285
17326 9285 9284 9178
17327 9179 9180 9286
17328 9286 9285 9179
17329 9180 9181 9287
17330 9287 9286 9180
17331 9181 9182 9288
17332 9288 9287 9181
17333 9182 912 913
17334 913 9288 9182
17335 948 9183 9289
17336 9289 947 948
17337 9183 9184 9290
17338 9290 9289 9183
17339 9184 9185 9291
17340 9291 9290 9184
17341 9185 9186 9292
17342 9292 9291 9185
17343 9186 9187 9293
17344 9293 9292 9186
17345 9187 9188 9294
17346 9294 9293 9187
17347 9188 9189 9295
17348 9295 9294 9188
17349 9189 9190 9296
17350 9296 9295 9189
17351 9190 9191 9297
17352 9297 9296 9190
17353 9191 9192 9298
17354 9298 9297 9191
17355 9192 9193 9299
17356 9299 9298 9192
17357 9193 9194 9300
17358 9300 9299 9193
17359 9194 9195 9301
17360 9301 9300 9194
17361 9195 9196 9302
17362 9302 9301 9195
17363 9196 9197 9303
17364 9303 9302 9196
17365 9197 9198 9304
17366 9304 9303 9197
17367 9198 9199 9305
17368 9305 9304 9198
17369 9199 9200 9306
17370 9306 9305 9199
17371 9200 9201 9307
17372 9307 9306 9200
17373 9201 9202 9308
17374 9308 9307 9201
17375 9202 9203 9309
17376 9309 9308 9202
17377 9203 9204 9310
17378 9310 9309 9203
17379 9204 9205 9311
17380 9311 9310 9204
17381 9205 9206 9312
17382 9312 9311 9205
17383 9206 9207 9313
17384 9313 9312 9206
17385 9207 9208 9314
17386 9314 9313 9207
17387 9208 9209 9315
17388 9315 9314 9208
17389 9209 9210 9316
17390 9316 9315 9209
17391 9210 9211 9317
17392 9317 9316 9210
17393 9211 9212 9318
17394 9318 9317 9211
17395 9212 9213 9319
17396 9319 9318 9212
17397 9213 9214 9320
17398 9320 9319 9213
17399 9214 9215 9321
17400 9321 9320 9214
17401 9215 9216 9322
17402 9322 9321 9215
17403 9216 9217 9323
17404 9323 9322 9216
17405 9217 9218 9324
17406 9324 9323 9217
17407 9218 9219 9325
17408 9325 9324 9218
17409 9219 9220 9326
17410 9326 9325 9219
17411 9220 9221 9327
17412 9327 9326 9220
17413 9221 9222 9328
17414 9328 9327 9221
17415 9222 9223 9329
17416 9329 9328 9222
17417 9223 9224 9330
17418 9330 9329 9223
17419 9224 9225 9331
17420 9331 9330 9224
17421 9225 9226 9332
17422 9332 9331 9225
17423 9226 9227 9333
17424 9333 9332 9226
17425 9227 9228 9334
17426 9334 9333 9227
17427 9228 9229 9335
17428 9335 9334 9228
17429 9229 9230 9336
17430 9336 9335 9229
17431 9230 9231 9337
17432 9337 9336 9230
17433 9231 9232 9338
17434 9338 9337 9231
17435 9232 9233 9339
17436 9339 9338 9232
17437 9233 9234 9340
17438 9340 9339 9233
17439 9234 9235 9341
17440 9341 9340 9234
17441 9235 9236 9342
17442 9342 9341 9235
17443 9236 9237 9343
17444 9343 9342 9236
17445 9237 9238 9344
17446 9344 9343 9237
17447 9238 9239 9345
17448 9345 9344 9238
17449 9239 9240 9346
17450 9346 9345 9239
17451 9240 9241 9347
17452 9347 9346 9240
17453 9241 9242 9348
17454 9348 9347 9241
17455 9242 9243 9349
17456 9349 9348 9242
17457 9243 9244 9350
17458 9350 9349 9243
17459 9244 9245 9351
17460 9351 9350 9244
17461 9245 9246 9352
17462 9352 9351 9245
17463 9246 9247 9353
17464 9353 9352 9246
17465 9247 9248 9354
17466 9354 9353 9247
17467 9248 9249 9355
17468 9355 9354 9248
17469 9249 9250 9356
17470 9356 9355 9249
17471 9250 9251 9357
17472 9357 9356 9250
17473 9251 9252 9358
17474 9358 9357 9251
17475 9252 9253 9359
17476 9359 9358 9252
17477 9253 9254 9360
17478 9360 9359 9253
17479 9254 9255 9361
17480 9361 9360 9254
17481 9255 9256 9362
17482 9362 9361 9255
17483 9256 9257 9363
17484 9363 9362 9256
17485 9257 9258 9364
17486 9364 9363 9257
17487 9258 9259 9365
17488 9365 9364 9258
17489 9259 9260 9366
17490 9366 9365 9259
17491 9260 9261 9367
17492 9367 9366 9260
17493 9261 9262 9368
17494 9368 9367 9261
17495 9262 9263 9369
17496 9369 9368 9262
17497 9263 9264 9370
17498 9370 9369 9263
17499 9264 9265 9371
17500 9371 9370 9264
17501 9265 9266 9372
17502 9372 9371 9265
17503 9266 9267 9373
17504 9373 9372 9266
17505 9267 9268 9374
17506 9374 9373 9267
17507 9268 9269 9375
17508 9375 9374 9268
17509 9269 9270 9376
17510 9376 9375 9269
17511 9270 9271 9377
17512 9377 9376 9270
17513 9271 9272 9378
17514 9378 9377 9271
17515 9272 9273 9379
17516 9379 9378 9272
17517 9273 9274 9380
17518 9380 9379 9273
17519 9274 9275 9381
17520 9381 9380 9274
17521 9275 9276 9382
17522 9382 9381 9275
17523 9276 9277 9383
17524 9383 9382 9276
17525 9277 9278 9384
17526 9384 9383 9277
17527 9278 9279 9385
17528 9385 9384 9278
17529 9279 9280 9386
17530 9386 9385 9279
17531 9280 9281 9387
17532 9387 9386 9280
17533 9281 9282 9388
17534 9388 9387 9281
17535 9282 9283 9389
17536 9389 9388 9282
17537 9283 9284 9390
17538 9390 9389 9283
17539 9284 9285 9391
17540 9391 9390 9284
17541 9285 9286 9392
17542 9392 9391 9285
17543 9286 9287 9393
17544 9393 9392 9286
17545 9287 9288 9394
17546 9394 9393 9287
17547 9288 913 914
17548 914 9394 9288
17549 947 9289 9395
17550 9395 946 947
17551 9289 9290 9396
17552 9396 9395 9289
17553 9290 9291 9397
17554 9397 9396 9290
17555 9291 9292 9398
17556 9398 9397 9291
17557 9292 9293 9399
17558 9399 9398 9292
17559 9293 9294 9400
17560 9400 9399 9293
17561 9294 9295 9401
17562 9401 9400 9294
17563 9295 9296 9402
17564 9402 9401 9295
17565 9296 9297 9403
17566 9403 9402 9296
17567 9297 9298 9404
17568 9404 9403 9297
17569 9298 9299 9405
17570 9405 9404 9298
17571 9299 9300 9406
17572 9406 9405 9299
17573 9300 9301 9407
17574 9407 9406 9300
17575 9301 9302 9408
17576 9408 9407 9301
17577 9302 9303 9409
17578 9409 9408 9302
17579 9303 9304 9410
17580 9410 9409 9303
17581 9304 9305 9411
17582 9411 9410 9304
17583 9305 9306 9412
17584 9412 9411 9305
17585 9306 9307 9413
17586 9413 9412 9306
17587 9307 9308 9414
17588 9414 9413 9307
17589 9308 9309 9415
17590 9415 9414 9308
17591 9309 9310 9416
17592 9416 9415 9309
17593 9310 9311 9417
17594 9417 9416 9310
17595 9311 9312 9418
17596 9418 9417 9311
17597 9312 9313 9419
17598 9419 9418 9312
17599 9313 9314 9420
17600 9420 9419 9313
17601 9314 9315 9421
17602 9421 9420 9314
17603 9315 9316 9422
17604 9422 9421 9315
17605 9316 9317 9423
17606 9423 9422 9316
17607 9317 9318 9424
17608 9424 9423 9317
17609 9318 9319 9425
17610 9425 9424 9318
17611 9319 9320 9426
17612 9426 9425 9319
17613 9320 9321 9427
17614 9427 9426 9320
17615 9321 9322 9428
17616 9428 9427 9321
17617 9322 9323 9429
17618 9429 9428 9322
17619 9323 9324 9430
17620 9430 9429 9323
17621 9324 9325 9431
17622 9431 9430 9324
17623 9325 9326 9432
17624 9432 9431 9325
17625 9326 9327 9433
17626 9433 9432 9326
17627 9327 9328 9434
17628 9434 9433 9327
17629 9328 9329 9435
17630 9435 9434 9328
17631 9329 9330 9436
17632 9436 9435 9329
17633 9330 9331 9437
17634 9437 9436 9330
17635 9331 9332 9438
17636 9438 9437 9331
17637 9332 9333 9439
17638 9439 9438 9332
17639 9333 9334 9440
17640 9440 9439 9333
17641 9334 9335 9441
17642 9441 9440 9334
17643 9335 9336 9442
17644 9442 9441 9335
17645 9336 9337 9443
17646 9443 9442 9336
17647 9337 9338 9444
17648 9444 9443 9337
17649 9338 9339 9445
17650 9445 9444 9338
17651 9339 9340 9446
17652 9446 9445 9339
17653 9340 9341 9447
17654 9447 9446 9340
17655 9341 9342 9448
17656 9448 9447 9341
17657 9342 9343 9449
17658 9449 9448 9342
17659 9343 9344 9450
17660 9450 9449 9343
17661 9344 9345 9451
17662 9451 9450 9344
17663 9345 9346 9452
17664 9452 9451 9345
17665 9346 9347 9453
17666 9453 9452 9346
17667 9347 9348 9454
17668 9454 9453 9347
17669 9348 9349 9455
17670 9455 9454 9348
17671 9349 9350 9456
17672 9456 9455 9349
17673 9350 9351 9457
17674 9457 9456 9350
17675 9351 9352 9458
17676 9458 9457 9351
17677 9352 9353 9459
17678 9459 9458 9352
17679 9353 9354 9460
17680 9460 9459 9353
17681 9354 9355 9461
17682 9461 9460 9354
17683 9355 9356 9462
17684 9462 9461 9355
17685 9356 9357 9463
17686 9463 9462 9356
17687 9357 9358 9464
17688 9464 9463 9357
17689 9358 9359 9465
17690 9465 9464 9358
17691 9359 9360 9466
17692 9466 9465 9359
17693 9360 9361 9467
17694 9467 9466 9360
17695 9361 9362 9468
17696 9468 9467 9361
17697 9362 9363 9469
17698 9469 9468 9362
17699 9363 9364 9470
17700 9470 9469 9363
17701 9364 9365 9471
17702 9471 9470 9364
17703 9365 9366 9472
17704 9472 9471 9365
17705 9366 9367 9473
17706 9473 9472 9366
17707 9367 9368 9474
17708 9474 9473 9367
17709 9368 9369 9475
17710 9475 9474 9368
17711 9369 9370 9476
17712 9476 9475 9369
17713 9370 9371 9477
17714 9477 9476 9370
17715 9371 9372 9478
17716 9478 9477 9371
17717 9372 9373 9479
17718 9479 9478 9372
17719 9373 9374 9480
17720 9480 9479 9373
17721 9374 9375 9481
17722 9481 9480 9374
17723 9375 9376 9482
17724 9482 9481 9375
17725 9376 9377 9483
17726 9483 9482 9376
17727 9377 9378 9484
17728 9484 9483 9377
17729 9378 9379 9485
17730 9485 9484 9378
17731 9379 9380 9486
17732 9486 9485 9379
17733 9380 9381 9487
17734 9487 9486 9380
17735 9381 9382 9488
17736 9488 9487 9381
17737 9382 9383 9489
17738 9489 9488 9382
17739 9383 9384 9490
17740 9490 9489 9383
17741 9384 9385 9491
17742 9491 9490 9384
17743 9385 9386 9492
17744 9492 9491 9385
17745 9386 9387 9493
17746 9493 9492 9386
17747 9387 9388 9494
17748 9494 9493 9387
17749 9388 9389 9495
17750 9495 9494 9388
17751 9389 9390 9496
17752 9496 9495 9389
17753 9390 9391 9497
17754 9497 9496 9390
17755 9391 9392 9498
17756 9498 9497 9391
17757 9392 9393 9499
17758 9499 9498 9392
17759 9393 9394 9500
17760 9500 9499 9393
17761 9394 914 915
17762 915 9500 9394
17763 946 9395 9501
17764 9501 945 946
17765 9395 9396 9502
17766 9502 9501 9395
17767 9396 9397 9503
17768 9503 9502 9396
17769 9397 9398 9504
17770 9504 9503 9397
17771 9398 9399 9505
17772 9505 9504 9398
17773 9399 9400 9506
17774 9506 9505 9399
17775 9400 9401 9507
17776 9507 9506 9400
17777 9401 9402 9508
17778 9508 9507 9401
17779 9402 9403 9509
17780 9509 9508 9402
17781 9403 9404 9510
17782 9510 9509 9403
17783 9404 9405 9511
17784 9511 9510 9404
17785 9405 9406 9512
17786 9512 9511 9405
17787 9406 9407 9513
17788 9513 9512 9406
17789 9407 9408 9514
17790 9514 9513 9407
17791 9408 9409 9515
17792 9515 9514 9408
17793 9409 9410 9516
17794 9516 9515 9409
17795 9410 9411 9517
17796 9517 9516 9410
17797 9411 9412 9518
17798 9518 9517 9411
17799 9412 9413 9519
17800 9519 9518 9412
17801 9413 9414 9520
17802 9520 9519 9413
17803 9414 9415 9521
17804 9521 9520 9414
17805 9415 9416 9522
17806 9522 9521 9415
17807 9416 9417 9523
17808 9523 9522 9416
17809 9417 9418 9524
17810 9524 9523 9417
17811 9418 9419 9525
17812 9525 9524 9418
17813 9419 9420 9526
17814 9526 9525 9419
17815 9420 9421 9527
17816 9527 9526 9420
17817 9421 9422 9528
17818 9528 9527 9421
17819 9422 9423 9529
17820 9529 9528 9422
17821 9423 9424 9530
17822 9530 9529 9423
17823 9424 9425 9531
17824 9531 9530 9424
17825 9425 9426 9532
17826 9532 9531 9425
17827 9426 9427 9533
17828 9533 9532 9426
17829 9427 9428 9534
17830 9534 9533 9427
17831 9428 9429 9535
17832 9535 9534 9428
17833 9429 9430 9536
17834 9536 9535 9429
17835 9430 9431 9537
17836 9537 9536 9430
17837 9431 9432 9538
17838 9538 9537 9431
17839 9432 9433 9539
17840 9539 9538 9432
17841 9433 9434 9540
17842 9540 9539 9433
17843 9434 9435 9541
17844 9541 9540 9434
17845 9435 9436 9542
17846 9542 9541 9435
17847 9436 9437 9543
17848 9543 9542 9436
17849 9437 9438 9544
17850 9544 9543 9437
17851 9438 9439 9545
17852 9545 9544 9438
17853 9439 9440 9546
17854 9546 9545 9439
17855 9440 9441 9547
17856 9547 9546 9440
17857 9441 9442 9548
17858 9548 9547 9441
17859 9442 9443 9549
17860 9549 9548 9442
17861 9443 9444 9550
17862 9550 9549 9443
17863 9444 9445 9551
17864 9551 9550 9444
17865 9445 9446 9552
17866 9552 9551 9445
17867 9446 9447 9553
17868 9553 9552 9446
17869 9447 9448 9554
17870 9554 9553 9447
17871 9448 9449 9555
17872 9555 9554 9448
17873 9449 9450 9556
17874 9556 9555 9449
17875 9450 9451 9557
17876 9557 9556 9450
17877 9451 9452 9558
17878 9558 9557 9451
17879 9452 9453 9559
17880 9559 9558 9452
17881 9453 9454 9560
17882 9560 9559 9453
17883 9454 9455 9561
17884 9561 9560 9454
17885 9455 9456 9562
17886 9562 9561 9455
17887 9456 9457 9563
17888 9563 9562 9456
17889 9457 9458 9564
17890 9564 9563 9457
17891 9458 9459 9565
17892 9565 9564 9458
17893 9459 9460 9566
17894 9566 9565 9459
17895 9460 9461 9567
17896 9567 9566 9460
17897 9461 9462 9568
17898 9568 9567 9461
17899 9462 9463 9569
17900 9569 9568 9462
17901 9463 9464 9570
17902 9570 9569 9463
17903 9464 9465 9571
17904 9571 9570 9464
17905 9465 9466 9572
17906 9572 9571 9465
17907 9466 9467 9573
17908 9573 9572 9466
17909 9467 9468 9574
17910 9574 9573 9467
17911 9468 9469 9575
17912 9575 9574 9468
17913 9469 9470 9576
17914 9576 9575 9469
17915 9470 9471 9577
17916 9577 9576 9470
17917 9471 9472 9578
17918 9578 9577 9471
17919 9472 9473 9579
17920 9579 9578 9472
17921 9473 9474 9580
17922 9580 9579 9473
17923 9474 9475 9581
17924 9581 9580 9474
17925 9475 9476 9582
17926 9582 9581 9475
17927 9476 9477 9583
17928 9583 9582 9476
17929 9477 9478 9584
17930 9584 9583 9477
17931 9478 9479 9585
17932 9585 9584 9478
17933 9479 9480 9586
17934 9586 9585 9479
17935 9480 9481 9587
17936 9587 9586 9480
17937 9481 9482 9588
17938 9588 9587 9481
17939 9482 9483 9589
17940 9589 9588 9482
17941 9483 9484 9590
17942 9590 9589 9483
17943 9484 9485 9591
17944 9591 9590 9484
17945 9485 9486 9592
17946 9592 9591 9485
17947 9486 9487 9593
17948 9593 9592 9486
17949 9487 9488 9594
17950 9594 9593 9487
17951 9488 9489 9595
17952 9595 9594 9488
17953 9489 9490 9596
17954 9596 9595 9489
17955 9490 9491 9597
17956 9597 9596 9490
17957 9491 9492 9598
17958 9598 9597 9491
17959 9492 9493 9599
17960 9599 9598 9492
17961 9493 9494 9600
17962 9600 9599 9493
17963 9494 9495 9601
17964 9601 9600 9494
17965 9495 9496 9602
17966 9602 9601 9495
17967 9496 9497 9603
17968 9603 9602 9496
17969 9497 9498 9604
17970 9604 9603 9497
17971 9498 9499 9605
17972 9605 9604 9498
17973 9499 9500 9606
17974 9606 9605 9499
17975 9500 915 916
17976 916 9606 9500
17977 945 9501 9607
17978 9607 944 945
17979 9501 9502 9608
17980 9608 9607 9501
17981 9502 9503 9609
17982 9609 9608 9502
17983 9503 9504 9610
17984 9610 9609 9503
17985 9504 9505 9611
17986 9611 9610 9504
17987 9505 9506 9612
17988 9612 9611 9505
17989 9506 9507 9613
17990 9613 9612 9506
17991 9507 9508 9614
17992 9614 9613 9507
17993 9508 9509 9615
17994 9615 9614 9508
17995 9509 9510 9616
17996 9616 9615 9509
17997 9510 9511 9617
17998 9617 9616 9510
17999 9511 9512 9618
18000 9618 9617 9511
18001 9512 9513 9619
18002 9619 9618 9512
18003 9513 9514 9620
18004 9620 9619 9513
18005 9514 9515 9621
18006 9621 9620 9514
18007 9515 9516 9622
18008 9622 9621 9515
18009 9516 9517 9623
18010 9623 9622 9516
18011 9517 9518 9624
18012 9624 9623 9517
18013 9518 9519 9625
18014 9625 9624 9518
18015 9519 9520 9626
18016 9626 9625 9519
18017 9520 9521 9627
18018 9627 9626 9520
18019 9521 9522 9628
18020 9628 9627 9521
18021 9522 9523 9629
18022 9629 9628 9522
18023 9523 9524 9630
18024 9630 9629 9523
18025 9524 9525 9631
18026 9631 9630 9524
18027 9525 9526 9632
18028 9632 9631 9525
18029 9526 9527 9633
18030 9633 9632 9526
18031 9527 9528 9634
18032 9634 9633 9527
18033 9528 9529 9635
18034 9635 9634 9528
18035 9529 9530 9636
18036 9636 9635 9529
18037 9530 9531 9637
18038 9637 9636 9530
18039 9531 9532 9638
18040 9638 9637 9531
18041 9532 9533 9639
18042 9639 9638 9532
18043 9533 9534 9640
18044 9640 9639 9533
18045 9534 9535 9641
18046 9641 9640 9534
18047 9535 9536 9642
18048 9642 9641 9535
18049 9536 9537 9643
18050 9643 9642 9536
18051 9537 9538 9644
18052 9644 9643 9537
18053 9538 9539 9645
18054 9645 9644 9538
18055 9539 9540 9646
18056 9646 9645 9539
18057 9540 9541 9647
18058 9647 9646 9540
18059 9541 9542 9648
18060 9648 9647 9541
18061 9542 9543 9649
18062 9649 9648 9542
18063 9543 9544 9650
18064 9650 9649 9543
18065 9544 9545 9651
18066 9651 9650 9544
18067 9545 9546 9652
18068 9652 9651 9545
18069 9546 9547 9653
18070 9653 9652 9546
18071 9547 9548 9654
18072 9654 9653 9547
18073 9548 9549 9655
18074 9655 9654 9548
18075 9549 9550 9656
18076 9656 9655 9549
18077 9550 9551 9657
18078 9657 9656 9550
18079 9551 9552 9658
18080 9658 9657 9551
18081 9552 9553 9659
18082 9659 9658 9552
18083 9553 9554 9660
18084 9660 9659 9553
18085 9554 9555 9661
18086 9661 9660 9554
18087 9555 9556 9662
18088 9662 9661 9555
18089 9556 9557 9663
18090 9663 9662 9556
18091 9557 9558 9664
18092 9664 9663 9557
18093 9558 9559 9665
18094 9665 9664 9558
18095 9559 9560 9666
18096 9666 9665 9559
18097 9560 9561 9667
18098 9667 9666 9560
18099 9561 9562 9668
18100 9668 9667 9561
18101 9562 9563 9669
18102 9669 9668 9562
18103 9563 9564 9670
18104 9670 9669 9563
18105 9564 9565 9671
18106 9671 9670 9564
18107 9565 9566 9672
18108 9672 9671 9565
18109 9566 9567 9673
18110 9673 9672 9566
18111 9567 9568 9674
18112 9674 9673 9567
18113 9568 9569 9675
18114 9675 9674 9568
18115 9569 9570 9676
18116 9676 9675 9569
18117 9570 9571 9677
18118 9677 9676 9570
18119 9571 9572 9678
18120 9678 9677 9571
18121 9572 9573 9679
18122 9679 9678 9572
18123 9573 9574 9680
18124 9680 9679 9573
18125 9574 9575 9681
18126 9681 9680 9574
18127 9575 9576 9682
18128 9682 9681 9575
18129 9576 9577 9683
18130 9683 9682 9576
18131 9577 9578 9684
18132 9684 9683 9577
18133 9578 9579 9685
18134 9685 9684 9578
18135 9579 9580 9686
18136 9686 9685 9579
18137 9580 9581 9687
18138 9687 9686 9580
18139 9581 9582 9688
18140 9688 9687 9581
18141 9582 9583 9689
18142 9689 9688 9582
18143 9583 9584 9690
18144 9690 9689 9583
18145 9584 9585 9691
18146 9691 9690 9584
18147 9585 9586 9692
18148 9692 9691 9585
18149 9586 9587 9693
18150 9693 9692 9586
18151 9587 9588 9694
18152 9694 9693 9587
18153 9588 9589 9695
18154 9695 9694 9588
18155 9589 9590 9696
18156 9696 9695 9589
18157 9590 9591 9697
18158 9697 9696 9590
18159 9591 9592 9698
18160 9698 9697 9591
18161 9592 9593 9699
18162 9699 9698 9592
18163 9593 9594 9700
18164 9700 9699 9593
18165 9594 9595 9701
18166 9701 9700 9594
18167 9595 9596 9702
18168 9702 9701 9595
18169 9596 9597 9703
18170 9703 9702 9596
18171 9597 9598 9704
18172 9704 9703 9597
18173 9598 9599 9705
18174 9705 9704 9598
18175 9599 9600 9706
18176 9706 9705 9599
18177 9600 9601 9707
18178 9707 9706 9600
18179 9601 9602 9708
18180 9708 9707 9601
18181 9602 9603 9709
18182 9709 9708 9602
18183 9603 9604 9710
18184 9710 9709 9603
18185 9604 9605 9711
18186 9711 9710 9604
18187 9605 9606 9712
18188 9712 9711 9605
18189 9606 916 917
18190 917 9712 9606
18191 944 9607 9713
18192 9713 943 944
18193 9607 9608 9714
18194 9714 9713 9607
18195 9608 9609 9715
18196 9715 9714 9608
18197 9609 9610 9716
18198 9716 9715 9609
18199 9610 9611 9717
18200 9717 9716 9610
18201 9611 9612 9718
18202 9718 9717 9611
18203 9612 9613 9719
18204 9719 9718 9612
18205 9613 9614 9720
18206 9720 9719 9613
18207 9614 9615 9721
18208 9721 9720 9614
18209 9615 9616 9722
18210 9722 9721 9615
18211 9616 9617 9723
18212 9723 9722 9616
18213 9617 9618 9724
18214 9724 9723 9617
18215 9618 9619 9725
18216 9725 9724 9618
18217 9619 9620 9726
18218 9726 9725 9619
18219 9620 9621 9727
18220 9727 9726 9620
18221 9621 9622 9728
18222 9728 9727 9621
18223 9622 9623 9729
18224 9729 9728 9622
18225 9623 9624 9730
18226 9730 9729 9623
18227 9624 9625 9731
18228 9731 9730 9624
18229 9625 9626 9732
18230 9732 9731 9625
18231 9626 9627 9733
18232 9733 9732 9626
18233 9627 9628 9734
18234 9734 9733 9627
18235 9628 9629 9735
18236 9735 9734 9628
18237 9629 9630 9736
18238 9736 9735 9629
18239 9630 9631 9737
18240 9737 9736 9630
18241 9631 9632 9738
18242 9738 9737 9631
18243 9632 9633 9739
18244 9739 9738 9632
18245 9633 9634 9740
18246 9740 9739 9633
18247 9634 9635 9741
18248 9741 9740 9634
18249 9635 9636 9742
18250 9742 9741 9635
18251 9636 9637 9743
18252 9743 9742 9636
18253 9637 9638 9744
18254 9744 9743 9637
18255 9638 9639 9745
18256 9745 9744 9638
18257 9639 9640 9746
18258 9746 9745 9639
18259 9640 9641 9747
18260 9747 9746 9640
18261 9641 9642 9748
18262 9748 9747 9641
18263 9642 9643 9749
18264 9749 9748 9642
18265 9643 9644 9750
18266 9750 9749 9643
18267 9644 9645 9751
18268 9751 9750 9644
18269 9645 9646 9752
18270 9752 9751 9645
18271 9646 9647 9753
18272 9753 9752 9646
18273 9647 9648 9754
18274 9754 9753 9647
18275 9648 9649 9755
18276 9755 9754 9648
18277 9649 9650 9756
18278 9756 9755 9649
18279 9650 9651 9757
18280 9757 9756 9650
18281 9651 9652 9758
18282 9758 9757 9651
18283 9652 9653 9759
18284 9759 9758 9652
18285 9653 9654 9760
18286 9760 9759 9653
18287 9654 9655 9761
18288 9761 9760 9654
18289 9655 9656 9762
18290 9762 9761 9655
18291 9656 9657 9763
18292 9763 9762 9656
18293 9657 9658 9764
18294 9764 9763 9657
18295 9658 9659 9765
18296 9765 9764 9658
18297 9659 9660 9766
18298 9766 9765 9659
18299 9660 9661 9767
18300 9767 9766 9660
18301 9661 9662 9768
18302 9768 9767 9661
18303 9662 9663 9769
18304 9769 9768 9662
18305 9663 9664 9770
18306 9770 9769 9663
18307 9664 9665 9771
18308 9771 9770 9664
18309 9665 9666 9772
18310 9772 9771 9665
18311 9666 9667 9773
18312 9773 9772 9666
18313 9667 9668 9774
18314 9774 9773 9667
18315 9668 9669 9775
18316 9775 9774 9668
18317 9669 9670 9776
18318 9776 9775 9669
18319 9670 9671 9777
18320 9777 9776 9670
18321 9671 9672 9778
18322 9778 9777 9671
18323 9672 9673 9779
18324 9779 9778 9672
18325 9673 9674 9780
18326 9780 9779 9673
18327 9674 9675 9781
18328 9781 9780 9674
18329 9675 9676 9782
18330 9782 9781 9675
18331 9676 9677 9783
18332 9783 9782 9676
18333 9677 9678 9784
18334 9784 9783 9677
18335 9678 9679 9785
18336 9785 9784 9678
18337 9679 9680 9786
18338 9786 9785 9679
18339 9680 9681 9787
18340 9787 9786 9680
18341 9681 9682 9788
18342 9788 9787 9681
18343 9682 9683 9789
18344 9789 9788 9682
18345 9683 9684 9790
18346 9790 9789 9683
18347 9684 9685 9791
18348 9791 9790 9684
18349 9685 9686 9792
18350 9792 9791 9685
18351 9686 9687 9793
18352 9793 9792 9686
18353 9687 9688 9794
18354 9794 9793 9687
18355 9688 9689 9795
18356 9795 9794 9688
18357 9689 9690 9796
18358 9796 9795 9689
18359 9690 9691 9797
18360 9797 9796 9690
18361 9691 9692 9798
18362 9798 9797 9691
18363 9692 9693 9799
18364 9799 9798 9692
18365 9693 9694 9800
18366 9800 9799 9693
18367 9694 9695 9801
18368 9801 9800 9694
18369 9695 9696 9802
18370 9802 9801 9695
18371 9696 9697 9803
18372 9803 9802 9696
18373 9697 9698 9804
18374 9804 9803 9697
18375 9698 9699 9805
18376 9805 9804 9698
18377 9699 9700 9806
18378 9806 9805 9699
18379 9700 9701 9807
18380 9807 9806 9700
18381 9701 9702 9808
18382 9808 9807 9701
18383 9702 9703 9809
18384 9809 9808 9702
18385 9703 9704 9810
18386 9810 9809 9703
18387 9704 9705 9811
18388 9811 9810 9704
18389 9705 9706 9812
18390 9812 9811 9705
18391 9706 9707 9813
18392 9813 9812 9706
18393 9707 9708 9814
18394 9814 9813 9707
18395 9708 9709 9815
18396 9815 9814 9708
18397 9709 9710 9816
18398 9816 9815 9709
18399 9710 9711 9817
18400 9817 9816 9710
18401 9711 9712 9818
18402 9818 9817 9711
18403 9712 917 918
18404 918 9818 9712
18405 943 9713 9819
18406 9819 942 943
18407 9713 9714 9820
18408 9820 9819 9713
18409 9714 9715 9821
18410 9821 9820 9714
18411 9715 9716 9822
18412 9822 9821 9715
18413 9716 9717 9823
18414 9823 9822 9716
18415 9717 9718 9824
18416 9824 9823 9717
18417 9718 9719 9825
18418 9825 9824 9718
18419 9719 9720 9826
18420 9826 9825 9719
18421 9720 9721 9827
18422 9827 9826 9720
18423 9721 9722 9828
18424 9828 9827 9721
18425 9722 9723 9829
18426 9829 9828 9722
18427 9723 9724 9830
18428 9830 9829 9723
18429 9724 9725 9831
18430 9831 9830 9724
18431 9725 9726 9832
18432 9832 9831 9725
18433 9726 9727 9833
18434 9833 9832 9726
18435 9727 9728 9834
18436 9834 9833 9727
18437 9728 9729 9835
18438 9835 9834 9728
18439 9729 9730 9836
18440 9836 9835 9729
18441 9730 9731 9837
18442 9837 9836 9730
18443 9731 9732 9838
18444 9838 9837 9731
18445 9732 9733 9839
18446 9839 9838 9732
18447 9733 9734 9840
18448 9840 9839 9733
18449 9734 9735 9841
18450 9841 9840 9734
18451 9735 9736 9842
18452 9842 9841 9735
18453 9736 9737 9843
18454 9843 9842 9736
18455 9737 9738 9844
18456 9844 9843 9737
18457 9738 9739 9845
18458 9845 9844 9738
18459 9739 9740 9846
18460 9846 9845 9739
18461 9740 9741 9847
18462 9847 9846 9740
18463 9741 9742 9848
18464 9848 9847 9741
18465 9742 9743 9849
18466 9849 9848 9742
18467 9743 9744 9850
18468 9850 9849 9743
18469 9744 9745 9851
18470 9851 9850 9744
18471 9745 9746 9852
18472 9852 9851 9745
18473 9746 9747 9853
18474 9853 9852 9746
18475 9747 9748 9854
18476 9854 9853 9747
18477 9748 9749 9855
18478 9855 9854 9748
18479 9749 9750 9856
18480 9856 9855 9749
18481 9750 9751 9857
18482 9857 9856 9750
18483 9751 9752 9858
18484 9858 9857 9751
18485 9752 9753 9859
18486 9859 9858 9752
18487 9753 9754 9860
18488 9860 9859 9753
18489 9754 9755 9861
18490 9861 9860 9754
18491 9755 9756 9862
18492 9862 9861 9755
18493 9756 9757 9863
18494 9863 9862 9756
18495 9757 9758 9864
18496 9864 9863 9757
18497 9758 9759 9865
18498 9865 9864 9758
18499 9759 9760 9866
18500 9866 9865 9759
18501 9760 9761 9867
18502 9867 9866 9760
18503 9761 9762 9868
18504 9868 9867 9761
18505 9762 9763 9869
18506 9869 9868 9762
18507 9763 9764 9870
18508 9870 9869 9763
18509 9764 9765 9871
18510 9871 9870 9764
18511 9765 9766 9872
18512 9872 9871 9765
18513 9766 9767 9873
18514 9873 9872 9766
18515 9767 9768 9874
18516 9874 9873 9767
18517 9768 9769 9875
18518 9875 9874 9768
18519 9769 9770 9876
18520 9876 9875 9769
18521 9770 9771 9877
18522 9877 9876 9770
18523 9771 9772 9878
18524 9878 9877 9771
18525 9772 9773 9879
18526 9879 9878 9772
18527 9773 9774 9880
18528 9880 9879 9773
18529 9774 9775 9881
18530 9881 9880 9774
18531 9775 9776 9882
18532 9882 9881 9775
18533 9776 9777 9883
18534 9883 9882 9776
18535 9777 9778 9884
18536 9884 9883 9777
18537 9778 9779 9885
18538 9885 9884 9778
18539 9779 9780 9886
18540 9886 9885 9779
18541 9780 9781 9887
18542 9887 9886 9780
18543 9781 9782 9888
18544 9888 9887 9781
18545 9782 9783 9889
18546 9889 9888 9782
18547 9783 9784 9890
18548 9890 9889 9783
18549 9784 9785 9891
18550 9891 9890 9784
18551 9785 9786 9892
18552 9892 9891 9785
18553 9786 9787 9893
18554 9893 9892 9786
18555 9787 9788 9894
18556 9894 9893 9787
18557 9788 9789 9895
18558 9895 9894 9788
18559 9789 9790 9896
18560 9896 9895 9789
18561 9790 9791 9897
18562 9897 9896 9790
18563 9791 9792 9898
18564 9898 9897 9791
18565 9792 9793 9899
18566 9899 9898 9792
18567 9793 9794 9900
18568 9900 9899 9793
18569 9794 9795 9901
18570 9901 9900 9794
18571 9795 9796 9902
18572 9902 9901 9795
18573 9796 9797 9903
18574 9903 9902 9796
18575 9797 9798 9904
18576 9904 9903 9797
18577 9798 9799 9905
18578 9905 9904 9798
18579 9799 9800 9906
18580 9906 9905 9799
18581 9800 9801 9907
18582 9907 9906 9800
18583 9801 9802 9908
18584 9908 9907 9801
18585 9802 9803 9909
18586 9909 9908 9802
18587 9803 9804 9910
18588 9910 9909 9803
18589 9804 9805 9911
18590 9911 9910 9804
18591 9805 9806 9912
18592 9912 9911 9805
18593 9806 9807 9913
18594 9913 9912 9806
18595 9807 9808 9914
18596 9914 9913 9807
18597 9808 9809 9915
18598 9915 9914 9808
18599 9809 9810 9916
18600 9916 9915 9809
18601 9810 9811 9917
18602 9917 9916 9810
18603 9811 9812 9918
18604 9918 9917 9811
18605 9812 9813 9919
18606 9919 9918 9812
18607 9813 9814 9920
18608 9920 9919 9813
18609 9814 9815 9921
18610 9921 9920 9814
18611 9815 9816 9922
18612 9922 9921 9815
18613 9816 9817 9923
18614 9923 9922 9816
18615 9817 9818 9924
18616 9924 9923 9817
18617 9818 918 919
18618 919 9924 9818
18619 942 9819 9925
18620 9925 941 942
18621 9819 9820 9926
18622 9926 9925 9819
18623 9820 9821 9927
18624 9927 9926 9820
18625 9821 9822 9928
18626 9928 9927 9821
18627 9822 9823 9929
18628 9929 9928 9822
18629 9823 9824 9930
18630 9930 9929 9823
18631 9824 9825 9931
18632 9931 9930 9824
18633 9825 9826 9932
18634 9932 9931 9825
18635 9826 9827 9933
18636 9933 9932 9826
18637 9827 9828 9934
18638 9934 9933 9827
18639 9828 9829 9935
18640 9935 9934 9828
18641 9829 9830 9936
18642 9936 9935 9829
18643 9830 9831 9937
18644 9937 9936 9830
18645 9831 9832 9938
18646 9938 9937 9831
18647 9832 9833 9939
18648 9939 9938 9832
18649 9833 9834 9940
18650 9940 9939 9833
18651 9834 9835 9941
18652 9941 9940 9834
18653 9835 9836 9942
18654 9942 9941 9835
18655 9836 9837 9943
18656 9943 9942 9836
18657 9837 9838 9944
18658 9944 9943 9837
18659 9838 9839 9945
18660 9945 9944 9838
18661 9839 9840 9946
18662 9946 9945 9839
18663 9840 9841 9947
18664 9947 9946 9840
18665 9841 9842 9948
18666 9948 9947 9841
18667 9842 9843 9949
18668 9949 9948 9842
18669 9843 9844 9950
18670 9950 9949 9843
18671 9844 9845 9951
18672 9951 9950 9844
18673 9845 9846 9952
18674 9952 9951 9845
18675 9846 9847 9953
18676 9953 9952 9846
18677 9847 9848 9954
18678 9954 9953 9847
18679 9848 9849 9955
18680 9955 9954 9848
18681 9849 9850 9956
18682 9956 9955 9849
18683 9850 9851 9957
18684 9957 9956 9850
18685 9851 9852 9958
18686 9958 9957 9851
18687 9852 9853 9959
18688 9959 9958 9852
18689 9853 9854 9960
18690 9960 9959 9853
18691 9854 9855 9961
18692 9961 9960 9854
18693 9855 9856 9962
18694 9962 9961 9855
18695 9856 9857 9963
18696 9963 9962 9856
18697 9857 9858 9964
18698 9964 9963 9857
18699 9858 9859 9965
18700 9965 9964 9858
18701 9859 9860 9966
18702 9966 9965 9859
18703 9860 9861 9967
18704 9967 9966 9860
18705 9861 9862 9968
18706 9968 9967 9861
18707 9862 9863 9969
18708 9969 9968 9862
18709 9863 9864 9970
18710 9970 9969 9863
18711 9864 9865 9971
18712 9971 9970 9864
18713 9865 9866 9972
18714 9972 9971 9865
18715 9866 9867 9973
18716 9973 9972 9866
18717 9867 9868 9974
18718 9974 9973 9867
18719 9868 9869 9975
18720 9975 9974 9868
18721 9869 9870 9976
18722 9976 9975 9869
18723 9870 9871 9977
18724 9977 9976 9870
18725 9871 9872 9978
18726 9978 9977 9871
18727 9872 9873 9979
18728 9979 9978 9872
18729 9873 9874 9980
18730 9980 9979 9873
18731 9874 9875 9981
18732 9981 9980 9874
18733 9875 9876 9982
18734 9982 9981 9875
18735 9876 9877 9983
18736 9983 9982 9876
18737 9877 9878 9984
18738 9984 9983 9877
18739 9878 9879 9985
18740 9985 9984 9878
18741 9879 9880 9986
18742 9986 9985 9879
18743 9880 9881 9987
18744 9987 9986 9880
18745 9881 9882 9988
18746 9988 9987 9881
18747 9882 9883 9989
18748 9989 9988 9882
18749 9883 9884 9990
18750 9990 9989 9883
18751 9884 9885 9991
18752 9991 9990 9884
18753 9885 9886 9992
18754 9992 9991 9885
18755 9886 9887 9993
18756 9993 9992 9886
18757 9887 9888 9994
18758 9994 9993 9887
18759 9888 9889 9995
18760 9995 9994 9888
18761 9889 9890 9996
18762 9996 9995 9889
18763 9890 9891 9997
18764 9997 9996 9890
18765 9891 9892 9998
18766 9998 9997 9891
18767 9892 9893 9999
18768 9999 9998 9892
18769 9893 9894 10000
18770 10000 9999 9893
18771 9894 9895 10001
18772 10001 10000 9894
18773 9895 9896 10002
18774 10002 10001 9895
18775 9896 9897 10003
18776 10003 10002 9896
18777 9897 9898 10004
18778 10004 10003 9897
18779 9898 9899 10005
18780 10005 10004 9898
18781 9899 9900 10006
18782 10006 10005 9899
18783 9900 9901 10007
18784 10007 10006 9900
18785 9901 9902 10008
18786 10008 10007 9901
18787 9902 9903 10009
18788 10009 10008 9902
18789 9903 9904 10010
18790 10010 10009 9903
18791 9904 9905 10011
18792 10011 10010 9904
18793 9905 9906 10012
18794 10012 10011 9905
18795 9906 9907 10013
18796 10013 10012 9906
18797 9907 9908 10014
18798 10014 10013 9907
18799 9908 9909 10015
18800 10015 10014 9908
18801 9909 9910 10016
18802 10016 10015 9909
18803 9910 9911 10017
18804 10017 10016 9910
18805 9911 9912 10018
18806 10018 10017 9911
18807 9912 9913 10019
18808 10019 10018 9912
18809 9913 9914 10020
18810 10020 10019 9913
18811 9914 9915 10021
18812 10021 10020 9914
18813 9915 9916 10022
18814 10022 10021 9915
18815 9916 9917 10023
18816 10023 10022 9916
18817 9917 9918 10024
18818 10024 10023 9917
18819 9918 9919 10025
18820 10025 10024 9918
18821 9919 9920 10026
18822 10026 10025 9919
18823 9920 9921 10027
18824 10027 10026 9920
18825 9921 9922 10028
18826 10028 10027 9921
18827 9922 9923 10029
18828 10029 10028 9922
18829 9923 9924 10030
18830 10030 10029 9923
18831 9924 919 920
18832 920 10030 9924
18833 941 9925 10031
18834 10031 940 941
18835 9925 9926 10032
18836 10032 10031 9925
18837 9926 9927 10033
18838 10033 10032 9926
18839 9927 9928 10034
18840 10034 10033 9927
18841 9928 9929 10035
18842 10035 10034 9928
18843 9929 9930 10036
18844 10036 10035 9929
18845 9930 9931 10037
18846 10037 10036 9930
18847 9931 9932 10038
18848 10038 10037 9931
18849 9932 9933 10039
18850 10039 10038 9932
18851 9933 9934 10040
18852 10040 10039 9933
18853 9934 9935 10041
18854 10041 10040 9934
18855 9935 9936 10042
18856 10042 10041 9935
18857 9936 9937 10043
18858 10043 10042 9936
18859 9937 9938 10044
18860 10044 10043 9937
18861 9938 9939 10045
18862 10045 10044 9938
18863 9939 9940 10046
18864 10046 10045 9939
18865 9940 9941 10047
18866 10047 10046 9940
18867 9941 9942 10048
18868 10048 10047 9941
18869 9942 9943 10049
18870 10049 10048 9942
18871 9943 9944 10050
18872 10050 10049 9943
18873 9944 9945 10051
18874 10051 10050 9944
18875 9945 9946 10052
18876 10052 10051 9945
18877 9946 9947 10053
18878 10053 10052 9946
18879 9947 9948 10054
18880 10054 10053 9947
18881 9948 9949 10055
18882 10055 10054 9948
18883 9949 9950 10056
18884 10056 10055 9949
18885 9950 9951 10057
18886 10057 10056 9950
18887 9951 9952 10058
18888 10058 10057 9951
18889 9952 9953 10059
18890 10059 10058 9952
18891 9953 9954 10060
18892 10060 10059 9953
18893 9954 9955 10061
18894 10061 10060 9954
18895 9955 9956 10062
18896 10062 10061 9955
18897 9956 9957 10063
18898 10063 10062 9956
18899 9957 9958 10064
18900 10064 10063 9957
18901 9958 9959 10065
18902 10065 10064 9958
18903 9959 9960 10066
18904 10066 10065 9959
18905 9960 9961 10067
18906 10067 10066 9960
18907 9961 9962 10068
18908 10068 10067 9961
18909 9962 9963 10069
18910 10069 10068 9962
18911 9963 9964 10070
18912 10070 10069 9963
18913 9964 9965 10071
18914 10071 10070 9964
18915 9965 9966 10072
18916 10072 10071 9965
18917 9966 9967 10073
18918 10073 10072 9966
18919 9967 9968 10074
18920 10074 10073 9967
18921 9968 9969 10075
18922 10075 10074 9968
18923 9969 9970 10076
18924 10076 10075 9969
18925 9970 9971 10077
18926 10077 10076 9970
18927 9971 9972 10078
18928 10078 10077 9971
18929 9972 9973 10079
18930 10079 10078 9972
18931 9973 9974 10080
18932 10080 10079 9973
18933 9974 9975 10081
18934 10081 10080 9974
18935 9975 9976 10082
18936 10082 10081 9975
18937 9976 9977 10083
18938 10083 10082 9976
18939 9977 9978 10084
18940 10084 10083 9977
18941 9978 9979 10085
18942 10085 10084 9978
18943 9979 9980 10086
18944 10086 10085 9979
18945 9980 9981 10087
18946 10087 10086 9980
18947 9981 9982 10088
18948 10088 10087 9981
18949 9982 9983 10089
18950 10089 10088 9982
18951 9983 9984 10090
18952 10090 10089 9983
18953 9984 9985 10091
18954 10091 10090 9984
18955 9985 9986 10092
18956 10092 10091 9985
18957 9986 9987 10093
18958 10093 10092 9986
18959 9987 9988 10094
18960 10094 10093 9987
18961 9988 9989 10095
18962 10095 10094 9988
18963 9989 9990 10096
18964 10096 10095 9989
18965 9990 9991 10097
18966 10097 10096 9990
18967 9991 9992 10098
18968 10098 10097 9991
18969 9992 9993 10099
18970 10099 10098 9992
18971 9993 9994 10100
18972 10100 10099 9993
18973 9994 9995 10101
18974 10101 10100 9994
18975 9995 9996 10102
18976 10102 10101 9995
18977 9996 9997 10103
18978 10103 10102 9996
18979 9997 9998 10104
18980 10104 10103 9997
18981 9998 9999 10105
18982 10105 10104 9998
18983 9999 10000 10106
18984 10106 10105 9999
18985 10000 10001 10107
18986 10107 10106 10000
18987 10001 10002 10108
18988 10108 10107 10001
18989 10002 10003 10109
18990 10109 10108 10002
18991 10003 10004 10110
18992 10110 10109 10003
18993 10004 10005 10111
18994 10111 10110 10004
18995 10005 10006 10112
18996 10112 10111 10005
18997 10006 10007 10113
18998 10113 10112 10006
18999 10007 10008 10114
19000 10114 10113 10007
19001 10008 10009 10115
19002 10115 10114 10008
19003 10009 10010 10116
19004 10116 10115 10009
19005 10010 10011 10117
19006 10117 10116 10010
19007 10011 10012 10118
19008 10118 10117 10011
19009 10012 10013 10119
19010 10119 10118 10012
19011 10013 10014 10120
19012 10120 10119 10013
19013 10014 10015 10121
19014 10121 10120 10014
19015 10015 10016 10122
19016 10122 10121 10015
19017 10016 10017 10123
19018 10123 10122 10016
19019 10017 10018 10124
19020 10124 10123 10017
19021 10018 10019 10125
19022 10125 10124 10018
19023 10019 10020 10126
19024 10126 10125 10019
19025 10020 10021 10127
19026 10127 10126 10020
19027 10021 10022 10128
19028 10128 10127 10021
19029 10022 10023 10129
19030 10129 10128 10022
19031 10023 10024 10130
19032 10130 10129 10023
19033 10024 10025 10131
19034 10131 10130 10024
19035 10025 10026 10132
19036 10132 10131 10025
19037 10026 10027 10133
19038 10133 10132 10026
19039 10027 10028 10134
19040 10134 10133 10027
19041 10028 10029 10135
19042 10135 10134 10028
19043 10029 10030 10136
19044 10136 10135 10029
19045 10030 920 921
19046 921 10136 10030
19047 940 10031 10137
19048 10137 939 940
19049 10031 10032 10138
19050 10138 10137 10031
19051 10032 10033 10139
19052 10139 10138 10032
19053 10033 10034 10140
19054 10140 10139 10033
19055 10034 10035 10141
19056 10141 10140 10034
19057 10035 10036 10142
19058 10142 10141 10035
19059 10036 10037 10143
19060 10143 10142 10036
19061 10037 10038 10144
19062 10144 10143 10037
19063 10038 10039 10145
19064 10145 10144 10038
19065 10039 10040 10146
19066 10146 10145 10039
19067 10040 10041 10147
19068 10147 10146 10040
19069 10041 10042 10148
19070 10148 10147 10041
19071 10042 10043 10149
19072 10149 10148 10042
19073 10043 10044 10150
19074 10150 10149 10043
19075 10044 10045 10151
19076 10151 10150 10044
19077 10045 10046 10152
19078 10152 10151 10045
19079 10046 10047 10153
19080 10153 10152 10046
19081 10047 10048 10154
19082 10154 10153 10047
19083 10048 10049 10155
19084 10155 10154 10048
19085 10049 10050 10156
19086 10156 10155 10049
19087 10050 10051 10157
19088 10157 10156 10050
19089 10051 10052 10158
19090 10158 10157 10051
19091 10052 10053 10159
19092 10159 10158 10052
19093 10053 10054 10160
19094 10160 10159 10053
19095 10054 10055 10161
19096 10161 10160 10054
19097 10055 10056 10162
19098 10162 10161 10055
19099 10056 10057 10163
19100 10163 10162 10056
19101 10057 10058 10164
19102 10164 10163 10057
19103 10058 10059 10165
19104 10165 10164 10058
19105 10059 10060 10166
19106 10166 10165 10059
19107 10060 10061 10167
19108 10167 10166 10060
19109 10061 10062 10168
19110 10168 10167 10061
19111 10062 10063 10169
19112 10169 10168 10062
19113 10063 10064 10170
19114 10170 10169 10063
19115 10064 10065 10171
19116 10171 10170 10064
19117 10065 10066 10172
19118 10172 10171 10065
19119 10066 10067 10173
19120 10173 10172 10066
19121 10067 10068 10174
19122 10174 10173 10067
19123 10068 10069 10175
19124 10175 10174 10068
19125 10069 10070 10176
19126 10176 10175 10069
19127 10070 10071 10177
19128 10177 10176 10070
19129 10071 10072 10178
19130 10178 10177 10071
19131 10072 10073 10179
19132 10179 10178 10072
19133 10073 10074 10180
19134 10180 10179 10073
19135 10074 10075 10181
19136 10181 10180 10074
19137 10075 10076 10182
19138 10182 10181 10075
19139 10076 10077 10183
19140 10183 10182 10076
19141 10077 10078 10184
19142 10184 10183 10077
19143 10078 10079 10185
19144 10185 10184 10078
19145 10079 10080 10186
19146 10186 10185 10079
19147 10080 10081 10187
19148 10187 10186 10080
19149 10081 10082 10188
19150 10188 10187 10081
19151 10082 10083 10189
19152 10189 10188 10082
19153 10083 10084 10190
19154 10190 10189 10083
19155 10084 10085 10191
19156 10191 10190 10084
19157 10085 10086 10192
19158 10192 10191 10085
19159 10086 10087 10193
19160 10193 10192 10086
19161 10087 10088 10194
19162 10194 10193 10087
19163 10088 10089 10195
19164 10195 10194 10088
19165 10089 10090 10196
19166 10196 10195 10089
19167 10090 10091 10197
19168 10197 10196 10090
19169 10091 10092 10198
19170 10198 10197 10091
19171 10092 10093 10199
19172 10199 10198 10092
19173 10093 10094 10200
19174 10200 10199 10093
19175 10094 10095 10201
19176 10201 10200 10094
19177 10095 10096 10202
19178 10202 10201 10095
19179 10096 10097 10203
19180 10203 10202 10096
19181 10097 10098 10204
19182 10204 10203 10097
19183 10098 10099 10205
19184 10205 10204 10098
19185 10099 10100 10206
19186 10206 10205 10099
19187 10100 10101 10207
19188 10207 10206 10100
19189 10101 10102 10208
19190 10208 10207 10101
19191 10102 10103 10209
19192 10209 10208 10102
19193 10103 10104 10210
19194 10210 10209 10103
19195 10104 10105 10211
19196 10211 10210 10104
19197 10105 10106 10212
19198 10212 10211 10105
19199 10106 10107 10213
19200 10213 10212 10106
19201 10107 10108 10214
19202 10214 10213 10107
19203 10108 10109 10215
19204 10215 10214 10108
19205 10109 10110 10216
19206 10216 10215 10109
19207 10110 10111 10217
19208 10217 10216 10110
19209 10111 10112 10218
19210 10218 10217 10111
19211 10112 10113 10219
19212 10219 10218 10112
19213 10113 10114 10220
19214 10220 10219 10113
19215 10114 10115 10221
19216 10221 10220 10114
19217 10115 10116 10222
19218 10222 10221 10115
19219 10116 10117 10223
19220 10223 10222 10116
19221 10117 10118 10224
19222 10224 10223 10117
19223 10118 10119 10225
19224 10225 10224 10118
19225 10119 10120 10226
19226 10226 10225 10119
19227 10120 10121 10227
19228 10227 10226 10120
19229 10121 10122 10228
19230 10228 10227 10121
19231 10122 10123 10229
19232 10229 10228 10122
19233 10123 10124 10230
19234 10230 10229 10123
19235 10124 10125 10231
19236 10231 10230 10124
19237 10125 10126 10232
19238 10232 10231 10125
19239 10126 10127 10233
19240 10233 10232 10126
19241 10127 10128 10234
19242 10234 10233 10127
19243 10128 10129 10235
19244 10235 10234 10128
19245 10129 10130 10236
19246 10236 10235 10129
19247 10130 10131 10237
19248 10237 10236 10130
19249 10131 10132 10238
19250 10238 10237 10131
19251 10132 10133 10239
19252 10239 10238 10132
19253 10133 10134 10240
19254 10240 10239 10133
19255 10134 10135 10241
19256 10241 10240 10134
19257 10135 10136 10242
19258 10242 10241 10135
19259 10136 921 922
19260 922 10242 10136
19261 939 10137 10243
19262 10243 938 939
19263 10137 10138 10244
19264 10244 10243 10137
19265 10138 10139 10245
19266 10245 10244 10138
19267 10139 10140 10246
19268 10246 10245 10139
19269 10140 10141 10247
19270 10247 10246 10140
19271 10141 10142 10248
19272 10248 10247 10141
19273 10142 10143 10249
19274 10249 10248 10142
19275 10143 10144 10250
19276 10250 10249 10143
19277 10144 10145 10251
19278 10251 10250 10144
19279 10145 10146 10252
19280 10252 10251 10145
19281 10146 10147 10253
19282 10253 10252 10146
19283 10147 10148 10254
19284 10254 10253 10147
19285 10148 10149 10255
19286 10255 10254 10148
19287 10149 10150 10256
19288 10256 10255 10149
19289 10150 10151 10257
19290 10257 10256 10150
19291 10151 10152 10258
19292 10258 10257 10151
19293 10152 10153 10259
19294 10259 10258 10152
19295 10153 10154 10260
19296 10260 10259 10153
19297 10154 10155 10261
19298 10261 10260 10154
19299 10155 10156 10262
19300 10262 10261 10155
19301 10156 10157 10263
19302 10263 10262 10156
19303 10157 10158 10264
19304 10264 10263 10157
19305 10158 10159 10265
19306 10265 10264 10158
19307 10159 10160 10266
19308 10266 10265 10159
19309 10160 10161 10267
19310 10267 10266 10160
19311 10161 10162 10268
19312 10268 10267 10161
19313 10162 10163 10269
19314 10269 10268 10162
19315 10163 10164 10270
19316 10270 10269 10163
19317 10164 10165 10271
19318 10271 10270 10164
19319 10165 10166 10272
19320 10272 10271 10165
19321 10166 10167 10273
19322 10273 10272 10166
19323 10167 10168 10274
19324 10274 10273 10167
19325 10168 10169 10275
19326 10275 10274 10168
19327 10169 10170 10276
19328 10276 10275 10169
19329 10170 10171 10277
19330 10277 10276 10170
19331 10171 10172 10278
19332 10278 10277 10171
19333 10172 10173 10279
19334 10279 10278 10172
19335 10173 10174 10280
19336 10280 10279 10173
19337 10174 10175 10281
19338 10281 10280 10174
19339 10175 10176 10282
19340 10282 10281 10175
19341 10176 10177 10283
19342 10283 10282 10176
19343 10177 10178 10284
19344 10284 10283 10177
19345 10178 10179 10285
19346 10285 10284 10178
19347 10179 10180 10286
19348 10286 10285 10179
19349 10180 10181 10287
19350 10287 10286 10180
19351 10181 10182 10288
19352 10288 10287 10181
19353 10182 10183 10289
19354 10289 10288 10182
19355 10183 10184 10290
19356 10290 10289 10183
19357 10184 10185 10291
19358 10291 10290 10184
19359 10185 10186 10292
19360 10292 10291 10185
19361 10186 10187 10293
19362 10293 10292 10186
19363 10187 10188 10294
19364 10294 10293 10187
19365 10188 10189 10295
19366 10295 10294 10188
19367 10189 10190 10296
19368 10296 10295 10189
19369 10190 10191 10297
19370 10297 10296 10190
19371 10191 10192 10298
19372 10298 10297 10191
19373 10192 10193 10299
19374 10299 10298 10192
19375 10193 10194 10300
19376 10300 10299 10193
19377 10194 10195 10301
19378 10301 10300 10194
19379 10195 10196 10302
19380 10302 10301 10195
19381 10196 10197 10303
19382 10303 10302 10196
19383 10197 10198 10304
19384 10304 10303 10197
19385 10198 10199 10305
19386 10305 10304 10198
19387 10199 10200 10306
19388 10306 10305 10199
19389 10200 10201 10307
19390 10307 10306 10200
19391 10201 10202 10308
19392 10308 10307 10201
19393 10202 10203 10309
19394 10309 10308 10202
19395 10203 10204 10310
19396 10310 10309 10203
19397 10204 10205 10311
19398 10311 10310 10204
19399 10205 10206 10312
19400 10312 10311 10205
19401 10206 10207 10313
19402 10313 10312 10206
19403 10207 10208 10314
19404 10314 10313 10207
19405 10208 10209 10315
19406 10315 10314 10208
19407 10209 10210 10316
19408 10316 10315 10209
19409 10210 10211 10317
19410 10317 10316 10210
19411 10211 10212 10318
19412 10318 10317 10211
19413 10212 10213 10319
19414 10319 10318 10212
19415 10213 10214 10320
19416 10320 10319 10213
19417 10214 10215 10321
19418 10321 10320 10214
19419 10215 10216 10322
19420 10322 10321 10215
19421 10216 10217 10323
19422 10323 10322 10216
19423 10217 10218 10324
19424 10324 10323 10217
19425 10218 10219 10325
19426 10325 10324 10218
19427 10219 10220 10326
19428 10326 10325 10219
19429 10220 10221 10327
19430 10327 10326 10220
19431 10221 10222 10328
19432 10328 10327 10221
19433 10222 10223 10329
19434 10329 10328 10222
19435 10223 10224 10330
19436 10330 10329 10223
19437 10224 10225 10331
19438 10331 10330 10224
19439 10225 10226 10332
19440 10332 10331 10225
19441 10226 10227 10333
19442 10333 10332 10226
19443 10227 10228 10334
19444 10334 10333 10227
19445 10228 10229 10335
19446 10335 10334 10228
19447 10229 10230 10336
19448 10336 10335 10229
19449 10230 10231 10337
19450 10337 10336 10230
19451 10231 10232 10338
19452 10338 10337 10231
19453 10232 10233 10339
19454 10339 10338 10232
19455 10233 10234 10340
19456 10340 10339 10233
19457 10234 10235 10341
19458 10341 10340 10234
19459 10235 10236 10342
19460 10342 10341 10235
19461 10236 10237 10343
19462 10343 10342 10236
19463 10237 10238 10344
19464 10344 10343 10237
19465 10238 10239 10345
19466 10345 10344 10238
19467 10239 10240 10346
19468 10346 10345 10239
19469 10240 10241 10347
19470 10347 10346 10240
19471 10241 10242 10348
19472 10348 10347 10241
19473 10242 922 923
19474 923 10348 10242
19475 938 10243 10349
19476 10349 937 938
19477 10243 10244 10350
19478 10350 10349 10243
19479 10244 10245 10351
19480 10351 10350 10244
19481 10245 10246 10352
19482 10352 10351 10245
19483 10246 10247 10353
19484 10353 10352 10246
19485 10247 10248 10354
19486 10354 10353 10247
19487 10248 10249 10355
19488 10355 10354 10248
19489 10249 10250 10356
19490 10356 10355 10249
19491 10250 10251 10357
19492 10357 10356 10250
19493 10251 10252 10358
19494 10358 10357 10251
19495 10252 10253 10359
19496 10359 10358 10252
19497 10253 10254 10360
19498 10360 10359 10253
19499 10254 10255 10361
19500 10361 10360 10254
19501 10255 10256 10362
19502 10362 10361 10255
19503 10256 10257 10363
19504 10363 10362 10256
19505 10257 10258 10364
19506 10364 10363 10257
19507 10258 10259 10365
19508 10365 10364 10258
19509 10259 10260 10366
19510 10366 10365 10259
19511 10260 10261 10367
19512 10367 10366 10260
19513 10261 10262 10368
19514 10368 10367 10261
19515 10262 10263 10369
19516 10369 10368 10262
19517 10263 10264 10370
19518 10370 10369 10263
19519 10264 10265 10371
19520 10371 10370 10264
19521 10265 10266 10372
19522 10372 10371 10265
19523 10266 10267 10373
19524 10373 10372 10266
19525 10267 10268 10374
19526 10374 10373 10267
19527 10268 10269 10375
19528 10375 10374 10268
19529 10269 10270 10376
19530 10376 10375 10269
19531 10270 10271 10377
19532 10377 10376 10270
19533 10271 10272 10378
19534 10378 10377 10271
19535 10272 10273 10379
19536 10379 10378 10272
19537 10273 10274 10380
19538 10380 10379 10273
19539 10274 10275 10381
19540 10381 10380 10274
19541 10275 10276 10382
19542 10382 10381 10275
19543 10276 10277 10383
19544 10383 10382 10276
19545 10277 10278 10384
19546 10384 10383 10277
19547 10278 10279 10385
19548 10385 10384 10278
19549 10279 10280 10386
19550 10386 10385 10279
19551 10280 10281 10387
19552 10387 10386 10280
19553 10281 10282 10388
19554 10388 10387 10281
19555 10282 10283 10389
19556 10389 10388 10282
19557 10283 10284 10390
19558 10390 10389 10283
19559 10284 10285 10391
19560 10391 10390 10284
19561 10285 10286 10392
19562 10392 10391 10285
19563 10286 10287 10393
19564 10393 10392 10286
19565 10287 10288 10394
19566 10394 10393 10287
19567 10288 10289 10395
19568 10395 10394 10288
19569 10289 10290 10396
19570 10396 10395 10289
19571 10290 10291 10397
19572 10397 10396 10290
19573 10291 10292 10398
19574 10398 10397 10291
19575 10292 10293 10399
19576 10399 10398 10292
19577 10293 10294 10400
19578 10400 10399 10293
19579 10294 10295 10401
19580 10401 10400 10294
19581 10295 10296 10402
19582 10402 10401 10295
19583 10296 10297 10403
19584 10403 10402 10296
19585 10297 10298 10404
19586 10404 10403 10297
19587 10298 10299 10405
19588 10405 10404 10298
19589 10299 10300 10406
19590 10406 10405 10299
19591 10300 10301 10407
19592 10407 10406 10300
19593 10301 10302 10408
19594 10408 10407 10301
19595 10302 10303 10409
19596 10409 10408 10302
19597 10303 10304 10410
19598 10410 10409 10303
19599 10304 10305 10411
19600 10411 10410 10304
19601 10305 10306 10412
19602 10412 10411 10305
19603 10306 10307 10413
19604 10413 10412 10306
19605 10307 10308 10414
19606 10414 10413 10307
19607 10308 10309 10415
19608 10415 10414 10308
19609 10309 10310 10416
19610 10416 10415 10309
19611 10310 10311 10417
19612 10417 10416 10310
19613 10311 10312 10418
19614 10418 10417 10311
19615 10312 10313 10419
19616 10419 10418 10312
19617 10313 10314 10420
19618 10420 10419 10313
19619 10314 10315 10421
19620 10421 10420 10314
19621 10315 10316 10422
19622 10422 10421 10315
19623 10316 10317 10423
19624 10423 10422 10316
19625 10317 10318 10424
19626 10424 10423 10317
19627 10318 10319 10425
19628 10425 10424 10318
19629 10319 10320 10426
19630 10426 10425 10319
19631 10320 10321 10427
19632 10427 10426 10320
19633 10321 10322 10428
19634 10428 10427 10321
19635 10322 10323 10429
19636 10429 10428 10322
19637 10323 10324 10430
19638 10430 10429 10323
19639 10324 10325 10431
19640 10431 10430 10324
19641 10325 10326 10432
19642 10432 10431 10325
19643 10326 10327 10433
19644 10433 10432 10326
19645 10327 10328 10434
19646 10434 10433 10327
19647 10328 10329 10435
19648 10435 10434 10328
19649 10329 10330 10436
19650 10436 10435 10329
19651 10330 10331 10437
19652 10437 10436 10330
19653 10331 10332 10438
19654 10438 10437 10331
19655 10332 10333 10439
19656 10439 10438 10332
19657 10333 10334 10440
19658 10440 10439 10333
19659 10334 10335 10441
19660 10441 10440 10334
19661 10335 10336 10442
19662 10442 10441 10335
19663 10336 10337 10443
19664 10443 10442 10336
19665 10337 10338 10444
19666 10444 10443 10337
19667 10338 10339 10445
19668 10445 10444 10338
19669 10339 10340 10446
19670 10446 10445 10339
19671 10340 10341 10447
19672 10447 10446 10340
19673 10341 10342 10448
19674 10448 10447 10341
19675 10342 10343 10449
19676 10449 10448 10342
19677 10343 10344 10450
19678 10450 10449 10343
19679 10344 10345 10451
19680 10451 10450 10344
19681 10345 10346 10452
19682 10452 10451 10345
19683 10346 10347 10453
19684 10453 10452 10346
19685 10347 10348 10454
19686 10454 10453 10347
19687 10348 923 924
19688 924 10454 10348
19689 937 10349 10455
19690 10455 936 937
19691 10349 10350 10456
19692 10456 10455 10349
19693 10350 10351 10457
19694 10457 10456 10350
19695 10351 10352 10458
19696 10458 10457 10351
19697 10352 10353 10459
19698 10459 10458 10352
19699 10353 10354 10460
19700 10460 10459 10353
19701 10354 10355 10461
19702 10461 10460 10354
19703 10355 10356 10462
19704 10462 10461 10355
19705 10356 10357 10463
19706 10463 10462 10356
19707 10357 10358 10464
19708 10464 10463 10357
19709 10358 10359 10465
19710 10465 10464 10358
19711 10359 10360 10466
19712 10466 10465 10359
19713 10360 10361 10467
19714 10467 10466 10360
19715 10361 10362 10468
19716 10468 10467 10361
19717 10362 10363 10469
19718 10469 10468 10362
19719 10363 10364 10470
19720 10470 10469 10363
19721 10364 10365 10471
19722 10471 10470 10364
19723 10365 10366 10472
19724 10472 10471 10365
19725 10366 10367 10473
19726 10473 10472 10366
19727 10367 10368 10474
19728 10474 10473 10367
19729 10368 10369 10475
19730 10475 10474 10368
19731 10369 10370 10476
19732 10476 10475 10369
19733 10370 10371 10477
19734 10477 10476 10370
19735 10371 10372 10478
19736 10478 10477 10371
19737 10372 10373 10479
19738 10479 10478 10372
19739 10373 10374 10480
19740 10480 10479 10373
19741 10374 10375 10481
19742 10481 10480 10374
19743 10375 10376 10482
19744 10482 10481 10375
19745 10376 10377 10483
19746 10483 10482 10376
19747 10377 10378 10484
19748 10484 10483 10377
19749 10378 10379 10485
19750 10485 10484 10378
19751 10379 10380 10486
19752 10486 10485 10379
19753 10380 10381 10487
19754 10487 10486 10380
19755 10381 10382 10488
19756 10488 10487 10381
19757 10382 10383 10489
19758 10489 10488 10382
19759 10383 10384 10490
19760 10490 10489 10383
19761 10384 10385 10491
19762 10491 10490 10384
19763 10385 10386 10492
19764 10492 10491 10385
19765 10386 10387 10493
19766 10493 10492 10386
19767 10387 10388 10494
19768 10494 10493 10387
19769 10388 10389 10495
19770 10495 10494 10388
19771 10389 10390 10496
19772 10496 10495 10389
19773 10390 10391 10497
19774 10497 10496 10390
19775 10391 10392 10498
19776 10498 10497 10391
19777 10392 10393 10499
19778 10499 10498 10392
19779 10393 10394 10500
19780 10500 10499 10393
19781 10394 10395 10501
19782 10501 10500 10394
19783 10395 10396 10502
19784 10502 10501 10395
19785 10396 10397 10503
19786 10503 10502 10396
19787 10397 10398 10504
19788 10504 10503 10397
19789 10398 10399 10505
19790 10505 10504 10398
19791 10399 10400 10506
19792 10506 10505 10399
19793 10400 10401 10507
19794 10507 10506 10400
19795 10401 10402 10508
19796 10508 10507 10401
19797 10402 10403 10509
19798 10509 10508 10402
19799 10403 10404 10510
19800 10510 10509 10403
19801 10404 10405 10511
19802 10511 10510 10404
19803 10405 10406 10512
19804 10512 10511 10405
19805 10406 10407 10513
19806 10513 10512 10406
19807 10407 10408 10514
19808 10514 10513 10407
19809 10408 10409 10515
19810 10515 10514 10408
19811 10409 10410 10516
19812 10516 10515 10409
19813 10410 10411 10517
19814 10517 10516 10410
19815 10411 10412 10518
19816 10518 10517 10411
19817 10412 10413 10519
19818 10519 10518 10412
19819 10413 10414 10520
19820 10520 10519 10413
19821 10414 10415 10521
19822 10521 10520 10414
19823 10415 10416 10522
19824 10522 10521 10415
19825 10416 10417 10523
19826 10523 10522 10416
19827 10417 10418 10524
19828 10524 10523 10417
19829 10418 10419 10525
19830 10525 10524 10418
19831 10419 10420 10526
19832 10526 10525 10419
19833 10420 10421 10527
19834 10527 10526 10420
19835 10421 10422 10528
19836 10528 10527 10421
19837 10422 10423 10529
19838 10529 10528 10422
19839 10423 10424 10530
19840 10530 10529 10423
19841 10424 10425 10531
19842 10531 10530 10424
19843 10425 10426 10532
19844 10532 10531 10425
19845 10426 10427 10533
19846 10533 10532 10426
19847 10427 10428 10534
19848 10534 10533 10427
19849 10428 10429 10535
19850 10535 10534 10428
19851 10429 10430 10536
19852 10536 10535 10429
19853 10430 10431 10537
19854 10537 10536 10430
19855 10431 10432 10538
19856 10538 10537 10431
19857 10432 10433 10539
19858 10539 10538 10432
19859 10433 10434 10540
19860 10540 10539 10433
19861 10434 10435 10541
19862 10541 10540 10434
19863 10435 10436 10542
19864 10542 10541 10435
19865 10436 10437 10543
19866 10543 10542 10436
19867 10437 10438 10544
19868 10544 10543 10437
19869 10438 10439 10545
19870 10545 10544 10438
19871 10439 10440 10546
19872 10546 10545 10439
19873 10440 10441 10547
19874 10547 10546 10440
19875 10441 10442 10548
19876 10548 10547 10441
19877 10442 10443 10549
19878 10549 10548 10442
19879 10443 10444 10550
19880 10550 10549 10443
19881 10444 10445 10551
19882 10551 10550 10444
19883 10445 10446 10552
19884 10552 10551 10445
19885 10446 10447 10553
19886 10553 10552 10446
19887 10447 10448 10554
19888 10554 10553 10447
19889 10448 10449 10555
19890 10555 10554 10448
19891 10449 10450 10556
19892 10556 10555 10449
19893 10450 10451 10557
19894 10557 10556 10450
19895 10451 10452 10558
19896 10558 10557 10451
19897 10452 10453 10559
19898 10559 10558 10452
19899 10453 10454 10560
19900 10560 10559 10453
19901 10454 924 925
19902 925 10560 10454
19903 936 10455 10561
19904 10561 935 936
19905 10455 10456 10562
19906 10562 10561 10455
19907 10456 10457 10563
19908 10563 10562 10456
19909 10457 10458 10564
19910 10564 10563 10457
19911 10458 10459 10565
19912 10565 10564 10458
19913 10459 10460 10566
19914 10566 10565 10459
19915 10460 10461 10567
19916 10567 10566 10460
19917 10461 10462 10568
19918 10568 10567 10461
19919 10462 10463 10569
19920 10569 10568 10462
19921 10463 10464 10570
19922 10570 10569 10463
19923 10464 10465 10571
19924 10571 10570 10464
19925 10465 10466 10572
19926 10572 10571 10465
19927 10466 10467 10573
19928 10573 10572 10466
19929 10467 10468 10574
19930 10574 10573 10467
19931 10468 10469 10575
19932 10575 10574 10468
19933 10469 10470 10576
19934 10576 10575 10469
19935 10470 10471 10577
19936 10577 10576 10470
19937 10471 10472 10578
19938 10578 10577 10471
19939 10472 10473 10579
19940 10579 10578 10472
19941 10473 10474 10580
19942 10580 10579 10473
19943 10474 10475 10581
19944 10581 10580 10474
19945 10475 10476 10582
19946 10582 10581 10475
19947 10476 10477 10583
19948 10583 10582 10476
19949 10477 10478 10584
19950 10584 10583 10477
19951 10478 10479 10585
19952 10585 10584 10478
19953 10479 10480 10586
19954 10586 10585 10479
19955 10480 10481 10587
19956 10587 10586 10480
19957 10481 10482 10588
19958 10588 10587 10481
19959 10482 10483 10589
19960 10589 10588 10482
19961 10483 10484 10590
19962 10590 10589 10483
19963 10484 10485 10591
19964 10591 10590 10484
19965 10485 10486 10592
19966 10592 10591 10485
19967 10486 10487 10593
19968 10593 10592 10486
19969 10487 10488 10594
19970 10594 10593 10487
19971 10488 10489 10595
19972 10595 10594 10488
19973 10489 10490 10596
19974 10596 10595 10489
19975 10490 10491 10597
19976 10597 10596 10490
19977 10491 10492 10598
19978 10598 10597 10491
19979 10492 10493 10599
19980 10599 10598 10492
19981 10493 10494 10600
19982 10600 10599 10493
19983 10494 10495 10601
19984 10601 10600 10494
19985 10495 10496 10602
19986 10602 10601 10495
19987 10496 10497 10603
19988 10603 10602 10496
19989 10497 10498 10604
19990 10604 10603 10497
19991 10498 10499 10605
19992 10605 10604 10498
19993 10499 10500 10606
19994 10606 10605 10499
19995 10500 10501 10607
19996 10607 10606 10500
19997 10501 10502 10608
19998 10608 10607 10501
19999 10502 10503 10609
20000 10609 10608 10502
20001 10503 10504 10610
20002 10610 10609 10503
20003 10504 10505 10611
20004 10611 10610 10504
20005 10505 10506 10612
20006 10612 10611 10505
20007 10506 10507 10613
20008 10613 10612 10506
20009 10507 10508 10614
20010 10614 10613 10507
20011 10508 10509 10615
20012 10615 10614 10508
20013 10509 10510 10616
20014 10616 10615 10509
20015 10510 10511 10617
20016 10617 10616 10510
20017 10511 10512 10618
20018 10618 10617 10511
20019 10512 10513 10619
20020 10619 10618 10512
20021 10513 10514 10620
20022 10620 10619 10513
20023 10514 10515 10621
20024 10621 10620 10514
20025 10515 10516 10622
20026 10622 10621 10515
20027 10516 10517 10623
20028 10623 10622 10516
20029 10517 10518 10624
20030 10624 10623 10517
20031 10518 10519 10625
20032 10625 10624 10518
20033 10519 10520 10626
20034 10626 10625 10519
20035 10520 10521 10627
20036 10627 10626 10520
20037 10521 10522 10628
20038 10628 10627 10521
20039 10522 10523 10629
20040 10629 10628 10522
20041 10523 10524 10630
20042 10630 10629 10523
20043 10524 10525 10631
20044 10631 10630 10524
20045 10525 10526 10632
20046 10632 10631 10525
20047 10526 10527 10633
20048 10633 10632 10526
20049 10527 10528 10634
20050 10634 10633 10527
20051 10528 10529 10635
20052 10635 10634 10528
20053 10529 10530 10636
20054 10636 10635 10529
20055 10530 10531 10637
20056 10637 10636 10530
20057 10531 10532 10638
20058 10638 10637 10531
20059 10532 10533 10639
20060 10639 10638 10532
20061 10533 10534 10640
20062 10640 10639 10533
20063 10534 10535 10641
20064 10641 10640 10534
20065 10535 10536 10642
20066 10642 10641 10535
20067 10536 10537 10643
20068 10643 10642 10536
20069 10537 10538 10644
20070 10644 10643 10537
20071 10538 10539 10645
20072 10645 10644 10538
20073 10539 10540 10646
20074 10646 10645 10539
20075 10540 10541 10647
20076 10647 10646 10540
20077 10541 10542 10648
20078 10648 10647 10541
20079 10542 10543 10649
20080 10649 10648 10542
20081 10543 10544 10650
20082 10650 10649 10543
20083 10544 10545 10651
20084 10651 10650 10544
20085 10545 10546 10652
20086 10652 10651 10545
20087 10546 10547 10653
20088 10653 10652 10546
20089 10547 10548 10654
20090 10654 10653 10547
20091 10548 10549 10655
20092 10655 10654 10548
20093 10549 10550 10656
20094 10656 10655 10549
20095 10550 10551 10657
20096 10657 10656 10550
20097 10551 10552 10658
20098 10658 10657 10551
20099 10552 10553 10659
20100 10659 10658 10552
20101 10553 10554 10660
20102 10660 10659 10553
20103 10554 10555 10661
20104 10661 10660 10554
20105 10555 10556 10662
20106 10662 10661 10555
20107 10556 10557 10663
20108 10663 10662 10556
20109 10557 10558 10664
20110 10664 10663 10557
20111 10558 10559 10665
20112 10665 10664 10558
20113 10559 10560 10666
20114 10666 10665 10559
20115 10560 925 926
20116 926 10666 10560
20117 935 10561 10667
20118 10667 934 935
20119 10561 10562 10668
20120 10668 10667 10561
20121 10562 10563 10669
20122 10669 10668 10562
20123 10563 10564 10670
20124 10670 10669 10563
20125 10564 10565 10671
20126 10671 10670 10564
20127 10565 10566 10672
20128 10672 10671 10565
20129 10566 10567 10673
20130 10673 10672 10566
20131 10567 10568 10674
20132 10674 10673 10567
20133 10568 10569 10675
20134 10675 10674 10568
20135 10569 10570 10676
20136 10676 10675 10569
20137 10570 10571 10677
20138 10677 10676 10570
20139 10571 10572 10678
20140 10678 10677 10571
20141 10572 10573 10679
20142 10679 10678 10572
20143 10573 10574 10680
20144 10680 10679 10573
20145 10574 10575 10681
20146 10681 10680 10574
20147 10575 10576 10682
20148 10682 10681 10575
20149 10576 10577 10683
20150 10683 10682 10576
20151 10577 10578 10684
20152 10684 10683 10577
20153 10578 10579 10685
20154 10685 10684 10578
20155 10579 10580 10686
20156 10686 10685 10579
20157 10580 10581 10687
20158 10687 10686 10580
20159 10581 10582 10688
20160 10688 10687 10581
20161 10582 10583 10689
20162 10689 10688 10582
20163 10583 10584 10690
20164 10690 10689 10583
20165 10584 10585 10691
20166 10691 10690 10584
20167 10585 10586 10692
20168 10692 10691 10585
20169 10586 10587 10693
20170 10693 10692 10586
20171 10587 10588 10694
20172 10694 10693 10587
20173 10588 10589 10695
20174 10695 10694 10588
20175 10589 10590 10696
20176 10696 10695 10589
20177 10590 10591 10697
20178 10697 10696 10590
20179 10591 10592 10698
20180 10698 10697 10591
20181 10592 10593 10699
20182 10699 10698 10592
20183 10593 10594 10700
20184 10700 10699 10593
20185 10594 10595 10701
20186 10701 10700 10594
20187 10595 10596 10702
20188 10702 10701 10595
20189 10596 10597 10703
20190 10703 10702 10596
20191 10597 10598 10704
20192 10704 10703 10597
20193 10598 10599 10705
20194 10705 10704 10598
20195 10599 10600 10706
20196 10706 10705 10599
20197 10600 10601 10707
20198 10707 10706 10600
20199 10601 10602 10708
20200 10708 10707 10601
20201 10602 10603 10709
20202 10709 10708 10602
20203 10603 10604 10710
20204 10710 10709 10603
20205 10604 10605 10711
20206 10711 10710 10604
20207 10605 10606 10712
20208 10712 10711 10605
20209 10606 10607 10713
20210 10713 10712 10606
20211 10607 10608 10714
20212 10714 10713 10607
20213 10608 10609 10715
20214 10715 10714 10608
20215 10609 10610 10716
20216 10716 10715 10609
20217 10610 10611 10717
20218 10717 10716 10610
20219 10611 10612 10718
20220 10718 10717 10611
20221 10612 10613 10719
20222 10719 10718 10612
20223 10613 10614 10720
20224 10720 10719 10613
20225 10614 10615 10721
20226 10721 10720 10614
20227 10615 10616 10722
20228 10722 10721 10615
20229 10616 10617 10723
20230 10723 10722 10616
20231 10617 10618 10724
20232 10724 10723 10617
20233 10618 10619 10725
20234 10725 10724 10618
20235 10619 10620 10726
20236 10726 10725 10619
20237 10620 10621 10727
20238 10727 10726 10620
20239 10621 10622 10728
20240 10728 10727 10621
20241 10622 10623 10729
20242 10729 10728 10622
20243 10623 10624 10730
20244 10730 10729 10623
20245 10624 10625 10731
20246 10731 10730 10624
20247 10625 10626 10732
20248 10732 10731 10625
20249 10626 10627 10733
20250 10733 10732 10626
20251 10627 10628 10734
20252 10734 10733 10627
20253 10628 10629 10735
20254 10735 10734 10628
20255 10629 10630 10736
20256 10736 10735 10629
20257 10630 10631 10737
20258 10737 10736 10630
20259 10631 10632 10738
20260 10738 10737 10631
20261 10632 10633 10739
20262 10739 10738 10632
20263 10633 10634 10740
20264 10740 10739 10633
20265 10634 10635 10741
20266 10741 10740 10634
20267 10635 10636 10742
20268 10742 10741 10635
20269 10636 10637 10743
20270 10743 10742 10636
20271 10637 10638 10744
20272 10744 10743 10637
20273 10638 10639 10745
20274 10745 10744 10638
20275 10639 10640 10746
20276 10746 10745 10639
20277 10640 10641 10747
20278 10747 10746 10640
20279 10641 10642 10748
20280 10748 10747 10641
20281 10642 10643 10749
20282 10749 10748 10642
20283 10643 10644 10750
20284 10750 10749 10643
20285 10644 10645 10751
20286 10751 10750 10644
20287 10645 10646 10752
20288 10752 10751 10645
20289 10646 10647 10753
20290 10753 10752 10646
20291 10647 10648 10754
20292 10754 10753 10647
20293 10648 10649 10755
20294 10755 10754 10648
20295 10649 10650 10756
20296 10756 10755 10649
20297 10650 10651 10757
20298 10757 10756 10650
20299 10651 10652 10758
20300 10758 10757 10651
20301 10652 10653 10759
20302 10759 10758 10652
20303 10653 10654 10760
20304 10760 10759 10653
20305 10654 10655 10761
20306 10761 10760 10654
20307 10655 10656 10762
20308 10762 10761 10655
20309 10656 10657 10763
20310 10763 10762 10656
20311 10657 10658 10764
20312 10764 10763 10657
20313 10658 10659 10765
20314 10765 10764 10658
20315 10659 10660 10766
20316 10766 10765 10659
20317 10660 10661 10767
20318 10767 10766 10660
20319 10661 10662 10768
20320 10768 10767 10661
20321 10662 10663 10769
20322 10769 10768 10662
20323 10663 10664 10770
20324 10770 10769 10663
20325 10664 10665 10771
20326 10771 10770 10664
20327 10665 10666 10772
20328 10772 10771 10665
20329 10666 926 927
20330 927 10772 10666
20331 934 10667 10773
20332 10773 933 934
20333 10667 10668 10774
20334 10774 10773 10667
20335 10668 10669 10775
20336 10775 10774 10668
20337 10669 10670 10776
20338 10776 10775 10669
20339 10670 10671 10777
20340 10777 10776 10670
20341 10671 10672 10778
20342 10778 10777 10671
20343 10672 10673 10779
20344 10779 10778 10672
20345 10673 10674 10780
20346 10780 10779 10673
20347 10674 10675 10781
20348 10781 10780 10674
20349 10675 10676 10782
20350 10782 10781 10675
20351 10676 10677 10783
20352 10783 10782 10676
20353 10677 10678 10784
20354 10784 10783 10677
20355 10678 10679 10785
20356 10785 10784 10678
20357 10679 10680 10786
20358 10786 10785 10679
20359 10680 10681 10787
20360 10787 10786 10680
20361 10681 10682 10788
20362 10788 10787 10681
20363 10682 10683 10789
20364 10789 10788 10682
20365 10683 10684 10790
20366 10790 10789 10683
20367 10684 10685 10791
20368 10791 10790 10684
20369 10685 10686 10792
20370 10792 10791 10685
20371 10686 10687 10793
20372 10793 10792 10686
20373 10687 10688 10794
20374 10794 10793 10687
20375 10688 10689 10795
20376 10795 10794 10688
20377 10689 10690 10796
20378 10796 10795 10689
20379 10690 10691 10797
20380 10797 10796 10690
20381 10691 10692 10798
20382 10798 10797 10691
20383 10692 10693 10799
20384 10799 10798 10692
20385 10693 10694 10800
20386 10800 10799 10693
20387 10694 10695 10801
20388 10801 10800 10694
20389 10695 10696 10802
20390 10802 10801 10695
20391 10696 10697 10803
20392 10803 10802 10696
20393 10697 10698 10804
20394 10804 10803 10697
20395 10698 10699 10805
20396 10805 10804 10698
20397 10699 10700 10806
20398 10806 10805 10699
20399 10700 10701 10807
20400 10807 10806 10700
20401 10701 10702 10808
20402 10808 10807 10701
20403 10702 10703 10809
20404 10809 10808 10702
20405 10703 10704 10810
20406 10810 10809 10703
20407 10704 10705 10811
20408 10811 10810 10704
20409 10705 10706 10812
20410 10812 10811 10705
20411 10706 10707 10813
20412 10813 10812 10706
20413 10707 10708 10814
20414 10814 10813 10707
20415 10708 10709 10815
20416 10815 10814 10708
20417 10709 10710 10816
20418 10816 10815 10709
20419 10710 10711 10817
20420 10817 10816 10710
20421 10711 10712 10818
20422 10818 10817 10711
20423 10712 10713 10819
20424 10819 10818 10712
20425 10713 10714 10820
20426 10820 10819 10713
20427 10714 10715 10821
20428 10821 10820 10714
20429 10715 10716 10822
20430 10822 10821 10715
20431 10716 10717 10823
20432 10823 10822 10716
20433 10717 10718 10824
20434 10824 10823 10717
20435 10718 10719 10825
20436 10825 10824 10718
20437 10719 10720 10826
20438 10826 10825 10719
20439 10720 10721 10827
20440 10827 10826 10720
20441 10721 10722 10828
20442 10828 10827 10721
20443 10722 10723 10829
20444 10829 10828 10722
20445 10723 10724 10830
20446 10830 10829 10723
20447 10724 10725 10831
20448 10831 10830 10724
20449 10725 10726 10832
20450 10832 10831 10725
20451 10726 10727 10833
20452 10833 10832 10726
20453 10727 10728 10834
20454 10834 10833 10727
20455 10728 10729 10835
20456 10835 10834 10728
20457 10729 10730 10836
20458 10836 10835 10729
20459 10730 10731 10837
20460 10837 10836 10730
20461 10731 10732 10838
20462 10838 10837 10731
20463 10732 10733 10839
20464 10839 10838 10732
20465 10733 10734 10840
20466 10840 10839 10733
20467 10734 10735 10841
20468 10841 10840 10734
20469 10735 10736 10842
20470 10842 10841 10735
20471 10736 10737 10843
20472 10843 10842 10736
20473 10737 10738 10844
20474 10844 10843 10737
20475 10738 10739 10845
20476 10845 10844 10738
20477 10739 10740 10846
20478 10846 10845 10739
20479 10740 10741 10847
20480 10847 10846 10740
20481 10741 10742 10848
20482 10848 10847 10741
20483 10742 10743 10849
20484 10849 10848 10742
20485 10743 10744 10850
20486 10850 10849 10743
20487 10744 10745 10851
20488 10851 10850 10744
20489 10745 10746 10852
20490 10852 10851 10745
20491 10746 10747 10853
20492 10853 10852 10746
20493 10747 10748 10854
20494 10854 10853 10747
20495 10748 10749 10855
20496 10855 10854 10748
20497 10749 10750 10856
20498 10856 10855 10749
20499 10750 10751 10857
20500 10857 10856 10750
20501 10751 10752 10858
20502 10858 10857 10751
20503 10752 10753 10859
20504 10859 10858 10752
20505 10753 10754 10860
20506 10860 10859 10753
20507 10754 10755 10861
20508 10861 10860 10754
20509 10755 10756 10862
20510 10862 10861 10755
20511 10756 10757 10863
20512 10863 10862 10756
20513 10757 10758 10864
20514 10864 10863 10757
20515 10758 10759 10865
20516 10865 10864 10758
20517 10759 10760 10866
20518 10866 10865 10759
20519 10760 10761 10867
20520 10867 10866 10760
20521 10761 10762 10868
20522 10868 10867 10761
20523 10762 10763 10869
20524 10869 10868 10762
20525 10763 10764 10870
20526 10870 10869 10763
20527 10764 10765 10871
20528 10871 10870 10764
20529 10765 10766 10872
20530 10872 10871 10765
20531 10766 10767 10873
20532 10873 10872 10766
20533 10767 10768 10874
20534 10874 10873 10767
20535 10768 10769 10875
20536 10875 10874 10768
20537 10769 10770 10876
20538 10876 10875 10769
20539 10770 10771 10877
20540 10877 10876 10770
20541 10771 10772 10878
20542 10878 10877 10771
20543 10772 927 928
20544 928 10878 10772
20545 933 10773 10879
20546 10879 932 933
20547 10773 10774 10880
20548 10880 10879 10773
20549 10774 10775 10881
20550 10881 10880 10774
20551 10775 10776 10882
20552 10882 10881 10775
20553 10776 10777 10883
20554 10883 10882 10776
20555 10777 10778 10884
20556 10884 10883 10777
20557 10778 10779 10885
20558 10885 10884 10778
20559 10779 10780 10886
20560 10886 10885 10779
20561 10780 10781 10887
20562 10887 10886 10780
20563 10781 10782 10888
20564 10888 10887 10781
20565 10782 10783 10889
20566 10889 10888 10782
20567 10783 10784 10890
20568 10890 10889 10783
20569 10784 10785 10891
20570 10891 10890 10784
20571 10785 10786 10892
20572 10892 10891 10785
20573 10786 10787 10893
20574 10893 10892 10786
20575 10787 10788 10894
20576 10894 10893 10787
20577 10788 10789 10895
20578 10895 10894 10788
20579 10789 10790 10896
20580 10896 10895 10789
20581 10790 10791 10897
20582 10897 10896 10790
20583 10791 10792 10898
20584 10898 10897 10791
20585 10792 10793 10899
20586 10899 10898 10792
20587 10793 10794 10900
20588 10900 10899 10793
20589 10794 10795 10901
20590 10901 10900 10794
20591 10795 10796 10902
20592 10902 10901 10795
20593 10796 10797 10903
20594 10903 10902 10796
20595 10797 10798 10904
20596 10904 10903 10797
20597 10798 10799 10905
20598 10905 10904 10798
20599 10799 10800 10906
20600 10906 10905 10799
20601 10800 10801 10907
20602 10907 10906 10800
20603 10801 10802 10908
20604 10908 10907 10801
20605 10802 10803 10909
20606 10909 10908 10802
20607 10803 10804 10910
20608 10910 10909 10803
20609 10804 10805 10911
20610 10911 10910 10804
20611 10805 10806 10912
20612 10912 10911 10805
20613 10806 10807 10913
20614 10913 10912 10806
20615 10807 10808 10914
20616 10914 10913 10807
20617 10808 10809 10915
20618 10915 10914 10808
20619 10809 10810 10916
20620 10916 10915 10809
20621 10810 10811 10917
20622 10917 10916 10810
20623 10811 10812 10918
20624 10918 10917 10811
20625 10812 10813 10919
20626 10919 10918 10812
20627 10813 10814 10920
20628 10920 10919 10813
20629 10814 10815 10921
20630 10921 10920 10814
20631 10815 10816 10922
20632 10922 10921 10815
20633 10816 10817 10923
20634 10923 10922 10816
20635 10817 10818 10924
20636 10924 10923 10817
20637 10818 10819 10925
20638 10925 10924 10818
20639 10819 10820 10926
20640 10926 10925 10819
20641 10820 10821 10927
20642 10927 10926 10820
20643 10821 10822 10928
20644 10928 10927 10821
20645 10822 10823 10929
20646 10929 10928 10822
20647 10823 10824 10930
20648 10930 10929 10823
20649 10824 10825 10931
20650 10931 10930 10824
20651 10825 10826 10932
20652 10932 10931 10825
20653 10826 10827 10933
20654 10933 10932 10826
20655 10827 10828 10934
20656 10934 10933 10827
20657 10828 10829 10935
20658 10935 10934 10828
20659 10829 10830 10936
20660 10936 10935 10829
20661 10830 10831 10937
20662 10937 10936 10830
20663 10831 10832 10938
20664 10938 10937 10831
20665 10832 10833 10939
20666 10939 10938 10832
20667 10833 10834 10940
20668 10940 10939 10833
20669 10834 10835 10941
20670 10941 10940 10834
20671 10835 10836 10942
20672 10942 10941 10835
20673 10836 10837 10943
20674 10943 10942 10836
20675 10837 10838 10944
20676 10944 10943 10837
20677 10838 10839 10945
20678 10945 10944 10838
20679 10839 10840 10946
20680 10946 10945 10839
20681 10840 10841 10947
20682 10947 10946 10840
20683 10841 10842 10948
20684 10948 10947 10841
20685 10842 10843 10949
20686 10949 10948 10842
20687 10843 10844 10950
20688 10950 10949 10843
20689 10844 10845 10951
20690 10951 10950 10844
20691 10845 10846 10952
20692 10952 10951 10845
20693 10846 10847 10953
20694 10953 10952 10846
20695 10847 10848 10954
20696 10954 10953 10847
20697 10848 10849 10955
20698 10955 10954 10848
20699 10849 10850 10956
20700 10956 10955 10849
20701 10850 10851 10957
20702 10957 10956 10850
20703 10851 10852 10958
20704 10958 10957 10851
20705 10852 10853 10959
20706 10959 10958 10852
20707 10853 10854 10960
20708 10960 10959 10853
20709 10854 10855 10961
20710 10961 10960 10854
20711 10855 10856 10962
20712 10962 10961 10855
20713 10856 10857 10963
20714 10963 10962 10856
20715 10857 10858 10964
20716 10964 10963 10857
20717 10858 10859 10965
20718 10965 10964 10858
20719 10859 10860 10966
20720 10966 10965 10859
20721 10860 10861 10967
20722 10967 10966 10860
20723 10861 10862 10968
20724 10968 10967 10861
20725 10862 10863 10969
20726 10969 10968 10862
20727 10863 10864 10970
20728 10970 10969 10863
20729 10864 10865 10971
20730 10971 10970 10864
20731 10865 10866 10972
20732 10972 10971 10865
20733 10866 10867 10973
20734 10973 10972 10866
20735 10867 10868 10974
20736 10974 10973 10867
20737 10868 10869 10975
20738 10975 10974 10868
20739 10869 10870 10976
20740 10976 10975 10869
20741 10870 10871 10977
20742 10977 10976 10870
20743 10871 10872 10978
20744 10978 10977 10871
20745 10872 10873 10979
20746 10979 10978 10872
20747 10873 10874 10980
20748 10980 10979 10873
20749 10874 10875 10981
20750 10981 10980 10874
20751 10875 10876 10982
20752 10982 10981 10875
20753 10876 10877 10983
20754 10983 10982 10876
20755 10877 10878 10984
20756 10984 10983 10877
20757 10878 928 929
20758 929 10984 10878
20759 932 10879 10985
20760 10985 931 932
20761 10879 10880 10986
20762 10986 10985 10879
20763 10880 10881 10987
20764 10987 10986 10880
20765 10881 10882 10988
20766 10988 10987 10881
20767 10882 10883 10989
20768 10989 10988 10882
20769 10883 10884 10990
20770 10990 10989 10883
20771 10884 10885 10991
20772 10991 10990 10884
20773 10885 10886 10992
20774 10992 10991 10885
20775 10886 10887 10993
20776 10993 10992 10886
20777 10887 10888 10994
20778 10994 10993 10887
20779 10888 10889 10995
20780 10995 10994 10888
20781 10889 10890 10996
20782 10996 10995 10889
20783 10890 10891 10997
20784 10997 10996 10890
20785 10891 10892 10998
20786 10998 10997 10891
20787 10892 10893 10999
20788 10999 10998 10892
20789 10893 10894 11000
20790 11000 10999 10893
20791 10894 10895 11001
20792 11001 11000 10894
20793 10895 10896 11002
20794 11002 11001 10895
20795 10896 10897 11003
20796 11003 11002 10896
20797 10897 10898 11004
20798 11004 11003 10897
20799 10898 10899 11005
20800 11005 11004 10898
20801 10899 10900 11006
20802 11006 11005 10899
20803 10900 10901 11007
20804 11007 11006 10900
20805 10901 10902 11008
20806 11008 11007 10901
20807 10902 10903 11009
20808 11009 11008 10902
20809 10903 10904 11010
20810 11010 11009 10903
20811 10904 10905 11011
20812 11011 11010 10904
20813 10905 10906 11012
20814 11012 11011 10905
20815 10906 10907 11013
20816 11013 11012 10906
20817 10907 10908 11014
20818 11014 11013 10907
20819 10908 10909 11015
20820 11015 11014 10908
20821 10909 10910 11016
20822 11016 11015 10909
20823 10910 10911 11017
20824 11017 11016 10910
20825 10911 10912 11018
20826 11018 11017 10911
20827 10912 10913 11019
20828 11019 11018 10912
20829 10913 10914 11020
20830 11020 11019 10913
20831 10914 10915 11021
20832 11021 11020 10914
20833 10915 10916 11022
20834 11022 11021 10915
20835 10916 10917 11023
20836 11023 11022 10916
20837 10917 10918 11024
20838 11024 11023 10917
20839 10918 10919 11025
20840 11025 11024 10918
20841 10919 10920 11026
20842 11026 11025 10919
20843 10920 10921 11027
20844 11027 11026 10920
20845 10921 10922 11028
20846 11028 11027 10921
20847 10922 10923 11029
20848 11029 11028 10922
20849 10923 10924 11030
20850 11030 11029 10923
20851 10924 10925 11031
20852 11031 11030 10924
20853 10925 10926 11032
20854 11032 11031 10925
20855 10926 10927 11033
20856 11033 11032 10926
20857 10927 10928 11034
20858 11034 11033 10927
20859 10928 10929 11035
20860 11035 11034 10928
20861 10929 10930 11036
20862 11036 11035 10929
20863 10930 10931 11037
20864 11037 11036 10930
20865 10931 10932 11038
20866 11038 11037 10931
20867 10932 10933 11039
20868 11039 11038 10932
20869 10933 10934 11040
20870 11040 11039 10933
20871 10934 10935 11041
20872 11041 11040 10934
20873 10935 10936 11042
20874 11042 11041 10935
20875 10936 10937 11043
20876 11043 11042 10936
20877 10937 10938 11044
20878 11044 11043 10937
20879 10938 10939 11045
20880 11045 11044 10938
20881 10939 10940 11046
20882 11046 11045 10939
20883 10940 10941 11047
20884 11047 11046 10940
20885 10941 10942 11048
20886 11048 11047 10941
20887 10942 10943 11049
20888 11049 11048 10942
20889 10943 10944 11050
20890 11050 11049 10943
20891 10944 10945 11051
20892 11051 11050 10944
20893 10945 10946 11052
20894 11052 11051 10945
20895 10946 10947 11053
20896 11053 11052 10946
20897 10947 10948 11054
20898 11054 11053 10947
20899 10948 10949 11055
20900 11055 11054 10948
20901 10949 10950 11056
20902 11056 11055 10949
20903 10950 10951 11057
20904 11057 11056 10950
20905 10951 10952 11058
20906 11058 11057 10951
20907 10952 10953 11059
20908 11059 11058 10952
20909 10953 10954 11060
20910 11060 11059 10953
20911 10954 10955 11061
20912 11061 11060 10954
20913 10955 10956 11062
20914 11062 11061 10955
20915 10956 10957 11063
20916 11063 11062 10956
20917 10957 10958 11064
20918 11064 11063 10957
20919 10958 10959 11065
20920 11065 11064 10958
20921 10959 10960 11066
20922 11066 11065 10959
20923 10960 10961 11067
20924 11067 11066 10960
20925 10961 10962 11068
20926 11068 11067 10961
20927 10962 10963 11069
20928 11069 11068 10962
20929 10963 10964 11070
20930 11070 11069 10963
20931 10964 10965 11071
20932 11071 11070 10964
20933 10965 10966 11072
20934 11072 11071 10965
20935 10966 10967 11073
20936 11073 11072 10966
20937 10967 10968 11074
20938 11074 11073 10967
20939 10968 10969 11075
20940 11075 11074 10968
20941 10969 10970 11076
20942 11076 11075 10969
20943 10970 10971 11077
20944 11077 11076 10970
20945 10971 10972 11078
20946 11078 11077 10971
20947 10972 10973 11079
20948 11079 11078 10972
20949 10973 10974 11080
20950 11080 11079 10973
20951 10974 10975 11081
20952 11081 11080 10974
20953 10975 10976 11082
20954 11082 11081 10975
20955 10976 10977 11083
20956 11083 11082 10976
20957 10977 10978 11084
20958 11084 11083 10977
20959 10978 10979 11085
20960 11085 11084 10978
20961 10979 10980 11086
20962 11086 11085 10979
20963 10980 10981 11087
20964 11087 11086 10980
20965 10981 10982 11088
20966 11088 11087 10981
20967 10982 10983 11089
20968 11089 11088 10982
20969 10983 10984 11090
20970 11090 11089 10983
20971 10984 929 930
20972 930 11090 10984
20973 931 10985 677
20974 677 11 931
20975 10985 10986 678
20976 678 677 10985
20977 10986 10987 679
20978 679 678 10986
20979 10987 10988 680
20980 680 679 10987
20981 10988 10989 681
20982 681 680 10988
20983 10989 10990 682
20984 682 681 10989
20985 10990 10991 683
20986 683 682 10990
20987 10991 10992 684
20988 684 683 10991
20989 10992 10993 685
20990 685 684 10992
20991 10993 10994 686
20992 686 685 10993
20993 10994 10995 687
20994 687 686 10994
20995 10995 10996 688
20996 688 687 10995
20997 10996 10997 689
20998 689 688 10996
20999 10997 10998 690
21000 690 689 10997
21001 10998 10999 691
21002 691 690 10998
21003 10999 11000 692
21004 692 691 10999
21005 11000 11001 693
21006 693 692 11000
21007 11001 11002 694
21008 694 693 11001
21009 11002 11003 695
21010 695 694 11002
21011 11003 11004 696
21012 696 695 11003
21013 11004 11005 697
21014 697 696 11004
21015 11005 11006 698
21016 698 697 11005
21017 11006 11007 699
21018 699 698 11006
21019 11007 11008 700
21020 700 699 11007
21021 11008 11009 701
21022 701 700 11008
21023 11009 11010 702
21024 702 701 11009
21025 11010 11011 703
21026 703 702 11010
21027 11011 11012 704
21028 704 703 11011
21029 11012 11013 705
21030 705 704 11012
21031 11013 11014 706
21032 706 705 11013
21033 11014 11015 707
21034 707 706 11014
21035 11015 11016 708
21036 708 707 11015
21037 11016 11017 709
21038 709 708 11016
21039 11017 11018 710
21040 710 709 11017
21041 11018 11019 711
21042 711 710 11018
21043 11019 11020 712
21044 712 711 11019
21045 11020 11021 713
21046 713 712 11020
21047 11021 11022 714
21048 714 713 11021
21049 11022 11023 715
21050 715 714 11022
21051 11023 11024 716
21052 716 715 11023
21053 11024 11025 717
21054 717 716 11024
21055 11025 11026 718
21056 718 717 11025
21057 11026 11027 719
21058 719 718 11026
21059 11027 11028 720
21060 720 719 11027
21061 11028 11029 721
21062 721 720 11028
21063 11029 11030 722
21064 722 721 11029
21065 11030 11031 723
21066 723 722 11030
21067 11031 11032 724
21068 724 723 11031
21069 11032 11033 725
21070 725 724 11032
21071 11033 11034 726
21072 726 725 11033
21073 11034 11035 727
21074 727 726 11034
21075 11035 11036 728
21076 728 727 11035
21077 11036 11037 729
21078 729 728 11036
21079 11037 11038 730
21080 730 729 11037
21081 11038 11039 731
21082 731 730 11038
21083 11039 11040 732
21084 732 731 11039
21085 11040 11041 733
21086 733 732 11040
21087 11041 11042 734
21088 734 733 11041
21089 11042 11043 735
21090 735 734 11042
21091 11043 11044 736
21092 736 735 11043
21093 11044 11045 737
21094 737 736 11044
21095 11045 11046 738
21096 738 737 11045
21097 11046 11047 739
21098 739 738 11046
21099 11047 11048 740
21100 740 739 11047
21101 11048 11049 741
21102 741 740 11048
21103 11049 11050 742
21104 742 741 11049
21105 11050 11051 743
21106 743 742 11050
21107 11051 11052 744
21108 744 743 11051
21109 11052 11053 745
21110 745 744 11052
21111 11053 11054 746
21112 746 745 11053
21113 11054 11055 747
21114 747 746 11054
21115 11055 11056 748
21116 748 747 11055
21117 11056 11057 749
21118 749 748 11056
21119 11057 11058 750
21120 750 749 11057
21121 11058 11059 751
21122 751 750 11058
21123 11059 11060 752
21124 752 751 11059
21125 11060 11061 753
21126 753 752 11060
21127 11061 11062 754
21128 754 753 11061
21129 11062 11063 755
21130 755 754 11062
21131 11063 11064 756
21132 756 755 11063
21133 11064 11065 757
21134 757 756 11064
21135 11065 11066 758
21136 758 757 11065
21137 11066 11067 759
21138 759 758 11066
21139 11067 11068 760
21140 760 759 11067
21141 11068 11069 761
21142 761 760 11068
21143 11069 11070 762
21144 762 761 11069
21145 11070 11071 763
21146 763 762 11070
21147 11071 11072 764
21148 764 763 11071
21149 11072 11073 765
21150 765 764 11072
21151 11073 11074 766
21152 766 765 11073
21153 11074 11075 767
21154 767 766 11074
21155 11075 11076 768
21156 768 767 11075
21157 11076 11077 769
21158 769 768 11076
21159 11077 11078 770
21160 770 769 11077
21161 11078 11079 771
21162 771 770 11078
21163 11079 11080 772
21164 772 771 11079
21165 11080 11081 773
21166 773 772 11080
21167 11081 11082 774
21168 774 773 11081
21169 11082 11083 775
21170 775 774 11082
21171 11083 11084 776
21172 776 775 11083
21173 11084 11085 777
21174 777 776 11084
21175 11085 11086 778
21176 778 777 11085
21177 11086 11087 779
21178 779 778 11086
21179 11087 11088 780
21180 780 779 11087
21181 11088 11089 781
21182 781 780 11088
21183 11089 11090 782
21184 782 781 11089
21185 11090 930 12
21186 12 782 11090
21187 14 910 11091
21188 11091 1076 14
21189 910 909 11092
21190 11092 11091 910
21191 909 908 11093
21192 11093 11092 909
21193 908 907 11094
21194 11094 11093 908
21195 907 906 11095
21196 11095 11094 907
21197 906 905 11096
21198 11096 11095 906
21199 905 904 11097
21200 11097 11096 905
21201 904 903 11098
21202 11098 11097 904
21203 903 902 11099
21204 11099 11098 903
21205 902 901 11100
21206 11100 11099 902
21207 901 900 11101
21208 11101 11100 901
21209 900 899 11102
21210 11102 11101 900
21211 899 898 11103
21212 11103 11102 899
21213 898 897 11104
21214 11104 11103 898
21215 897 896 11105
21216 11105 11104 897
21217 896 895 11106
21218 11106 11105 896
21219 895 894 11107
21220 11107 11106 895
21221 894 893 11108
21222 11108 11107 894
21223 893 892 11109
21224 11109 11108 893
21225 892 891 11110
21226 11110 11109 892
21227 891 890 11111
21228 11111 11110 891
21229 890 889 11112
21230 11112 11111 890
21231 889 888 11113
21232 11113 11112 889
21233 888 887 11114
21234 11114 11113 888
21235 887 886 11115
21236 11115 11114 887
21237 886 885 11116
21238 11116 11115 886
21239 885 884 11117
21240 11117 11116 885
21241 884 883 11118
21242 11118 11117 884
21243 883 882 11119
21244 11119 11118 883
21245 882 881 11120
21246 11120 11119 882
21247 881 880 11121
21248 11121 11120 881
21249 880 879 11122
21250 11122 11121 880
21251 879 878 11123
21252 11123 11122 879
21253 878 877 11124
21254 11124 11123 878
21255 877 876 11125
21256 11125 11124 877
21257 876 875 11126
21258 11126 11125 876
21259 875 874 11127
21260 11127 11126 875
21261 874 873 11128
21262 11128 11127 874
21263 873 872 11129
21264 11129 11128 873
21265 872 871 11130
21266 11130 11129 872
21267 871 870 11131
21268 11131 11130 871
21269 870 869 11132
21270 11132 11131 870
21271 869 868 11133
21272 11133 11132 869
21273 868 867 11134
21274 11134 11133 868
21275 867 866 11135
21276 11135 11134 867
21277 866 865 11136
21278 11136 11135 866
21279 865 864 11137
21280 11137 11136 865
21281 864 863 11138
21282 11138 11137 864
21283 863 862 11139
21284 11139 11138 863
21285 862 861 11140
21286 11140 11139 862
21287 861 860 11141
21288 11141 11140 861
21289 860 859 11142
21290 11142 11141 860
21291 859 858 11143
21292 11143 11142 859
21293 858 857 11144
21294 11144 11143 858
21295 857 856 11145
21296 11145 11144 857
21297 856 855 11146
21298 11146 11145 856
21299 855 854 11147
21300 11147 11146 855
21301 854 853 11148
21302 11148 11147 854
21303 853 852 11149
21304 11149 11148 853
21305 852 851 11150
21306 11150 11149 852
21307 851 850 11151
21308 11151 11150 851
21309 850 849 11152
21310 11152 11151 850
21311 849 848 11153
21312 11153 11152 849
21313 848 847 11154
21314 11154 11153 848
21315 847 846 11155
21316 11155 11154 847
21317 846 845 11156
21318 11156 11155 846
21319 845 844 11157
21320 11157 11156 845
21321 844 843 11158
21322 11158 11157 844
21323 843 842 11159
21324 11159 11158 843
21325 842 841 11160
21326 11160 11159 842
21327 841 840 11161
21328 11161 11160 841
21329 840 839 11162
21330 11162 11161 840
21331 839 838 11163
21332 11163 11162 839
21333 838 837 11164
21334 11164 11163 838
21335 837 836 11165
21336 11165 11164 837
21337 836 835 11166
21338 11166 11165 836
21339 835 834 11167
21340 11167 11166 835
21341 834 833 11168
21342 11168 11167 834
21343 833 832 11169
21344 11169 11168 833
21345 832 831 11170
21346 11170 11169 832
21347 831 830 11171
21348 11171 11170 831
21349 830 829 11172
21350 11172 11171 830
21351 829 828 11173
21352 11173 11172 829
21353 828 827 11174
21354 11174 11173 828
21355 827 826 11175
21356 11175 11174 827
21357 826 825 11176
21358 11176 11175 826
21359 825 824 11177
21360 11177 11176 825
21361 824 823 11178
21362 11178 11177 824
21363 823 822 11179
21364 11179 11178 823
21365 822 821 11180
21366 11180 11179 822
21367 821 820 11181
21368 11181 11180 821
21369 820 819 11182
21370 11182 11181 820
21371 819 818 11183
21372 11183 11182 819
21373 818 817 11184
21374 11184 11183 818
21375 817 816 11185
21376 11185 11184 817
21377 816 815 11186
21378 11186 11185 816
21379 815 814 11187
21380 11187 11186 815
21381 814 813 11188
21382 11188 11187 814
21383 813 812 11189
21384 11189 11188 813
21385 812 811 11190
21386 11190 11189 812
21387 811 810 11191
21388 11191 11190 811
21389 810 809 11192
21390 11192 11191 810
21391 809 808 11193
21392 11193 11192 809
21393 808 807 11194
21394 11194 11193 808
21395 807 806 11195
21396 11195 11194 807
21397 806 805 11196
21398 11196 11195 806
21399 805 13 951
21400 951 11196 805
21401 1076 11091 11197
21402 11197 1075 1076
21403 11091 11092 11198
21404 11198 11197 11091
21405 11092 11093 11199
21406 11199 11198 11092
21407 11093 11094 11200
21408 11200 11199 11093
21409 11094 11095 11201
21410 11201 11200 11094
21411 11095 11096 11202
21412 11202 11201 11095
21413 11096 11097 11203
21414 11203 11202 11096
21415 11097 11098 11204
21416 11204 11203 11097
21417 11098 11099 11205
21418 11205 11204 11098
21419 11099 11100 11206
21420 11206 11205 11099
21421 11100 11101 11207
21422 11207 11206 11100
21423 11101 11102 11208
21424 11208 11207 11101
21425 11102 11103 11209
21426 11209 11208 11102
21427 11103 11104 11210
21428 11210 11209 11103
21429 11104 11105 11211
21430 11211 11210 11104
21431 11105 11106 11212
21432 11212 11211 11105
21433 11106 11107 11213
21434 11213 11212 11106
21435 11107 11108 11214
21436 11214 11213 11107
21437 11108 11109 11215
21438 11215 11214 11108
21439 11109 11110 11216
21440 11216 11215 11109
21441 11110 11111 11217
21442 11217 11216 11110
21443 11111 11112 11218
21444 11218 11217 11111
21445 11112 11113 11219
21446 11219 11218 11112
21447 11113 11114 11220
21448 11220 11219 11113
21449 11114 11115 11221
21450 11221 11220 11114
21451 11115 11116 11222
21452 11222 11221 11115
21453 11116 11117 11223
21454 11223 11222 11116
21455 11117 11118 11224
21456 11224 11223 11117
21457 11118 11119 11225
21458 11225 11224 11118
21459 11119 11120 11226
21460 11226 11225 11119
21461 11120 11121 11227
21462 11227 11226 11120
21463 11121 11122 11228
21464 11228 11227 11121
21465 11122 11123 11229
21466 11229 11228 11122
21467 11123 11124 11230
21468 11230 11229 11123
21469 11124 11125 11231
21470 11231 11230 11124
21471 11125 11126 11232
21472 11232 11231 11125
21473 11126 11127 11233
21474 11233 11232 11126
21475 11127 11128 11234
21476 11234 11233 11127
21477 11128 11129 11235
21478 11235 11234 11128
21479 11129 11130 11236
21480 11236 11235 11129
21481 11130 11131 11237
21482 11237 11236 11130
21483 11131 11132 11238
21484 11238 11237 11131
21485 11132 11133 11239
21486 11239 11238 11132
21487 11133 11134 11240
21488 11240 11239 11133
21489 11134 11135 11241
21490 11241 11240 11134
21491 11135 11136 11242
21492 11242 11241 11135
21493 11136 11137 11243
21494 11243 11242 11136
21495 11137 11138 11244
21496 11244 11243 11137
21497 11138 11139 11245
21498 11245 11244 11138
21499 11139 11140 11246
21500 11246 11245 11139
21501 11140 11141 11247
21502 11247 11246 11140
21503 11141 11142 11248
21504 11248 11247 11141
21505 11142 11143 11249
21506 11249 11248 11142
21507 11143 11144 11250
21508 11250 11249 11143
21509 11144 11145 11251
21510 11251 11250 11144
21511 11145 11146 11252
21512 11252 11251 11145
21513 11146 11147 11253
21514 11253 11252 11146
21515 11147 11148 11254
21516 11254 11253 11147
21517 11148 11149 11255
21518 11255 11254 11148
21519 11149 11150 11256
21520 11256 11255 11149
21521 11150 11151 11257
21522 11257 11256 11150
21523 11151 11152 11258
21524 11258 11257 11151
21525 11152 11153 11259
21526 11259 11258 11152
21527 11153 11154 11260
21528 11260 11259 11153
21529 11154 11155 11261
21530 11261 11260 11154
21531 11155 11156 11262
21532 11262 11261 11155
21533 11156 11157 11263
21534 11263 11262 11156
21535 11157 11158 11264
21536 11264 11263 11157
21537 11158 11159 11265
21538 11265 11264 11158
21539 11159 11160 11266
21540 11266 11265 11159
21541 11160 11161 11267
21542 11267 11266 11160
21543 11161 11162 11268
21544 11268 11267 11161
21545 11162 11163 11269
21546 11269 11268 11162
21547 11163 11164 11270
21548 11270 11269 11163
21549 11164 11165 11271
21550 11271 11270 11164
21551 11165 11166 11272
21552 11272 11271 11165
21553 11166 11167 11273
21554 11273 11272 11166
21555 11167 11168 11274
21556 11274 11273 11167
21557 11168 11169 11275
21558 11275 11274 11168
21559 11169 11170 11276
21560 11276 11275 11169
21561 11170 11171 11277
21562 11277 11276 11170
21563 11171 11172 11278
21564 11278 11277 11171
21565 11172 11173 11279
21566 11279 11278 11172
21567 11173 11174 11280
21568 11280 11279 11173
21569 11174 11175 11281
21570 11281 11280 11174
21571 11175 11176 11282
21572 11282 11281 11175
21573 11176 11177 11283
21574 11283 11282 11176
21575 11177 11178 11284
21576 11284 11283 11177
21577 11178 11179 11285
21578 11285 11284 11178
21579 11179 11180 11286
21580 11286 11285 11179
21581 11180 11181 11287
21582 11287 11286 11180
21583 11181 11182 11288
21584 11288 11287 11181
21585 11182 11183 11289
21586 11289 11288 11182
21587 11183 11184 11290
21588 11290 11289 11183
21589 11184 11185 11291
21590 11291 11290 11184
21591 11185 11186 11292
21592 11292 11291 11185
21593 11186 11187 11293
21594 11293 11292 11186
21595 11187 11188 11294
21596 11294 11293 11187
21597 11188 11189 11295
21598 11295 11294 11188
21599 11189 11190 11296
21600 11296 11295 11189
21601 11190 11191 11297
21602 11297 11296 11190
21603 11191 11192 11298
21604 11298 11297 11191
21605 11192 11193 11299
21606 11299 11298 11192
21607 11193 11194 11300
21608 11300 11299 11193
21609 11194 11195 11301
21610 11301 11300 11194
21611 11195 11196 11302
21612 11302 11301 11195
21613 11196 951 952
21614 952 11302 11196
21615 1075 11197 11303
21616 11303 1074 1075
21617 11197 11198 11304
21618 11304 11303 11197
21619 11198 11199 11305
21620 11305 11304 11198
21621 11199 11200 11306
21622 11306 11305 11199
21623 11200 11201 11307
21624 11307 11306 11200
21625 11201 11202 11308
21626 11308 11307 11201
21627 11202 11203 11309
21628 11309 11308 11202
21629 11203 11204 11310
21630 11310 11309 11203
21631 11204 11205 11311
21632 11311 11310 11204
21633 11205 11206 11312
21634 11312 11311 11205
21635 11206 11207 11313
21636 11313 11312 11206
21637 11207 11208 11314
21638 11314 11313 11207
21639 11208 11209 11315
21640 11315 11314 11208
21641 11209 11210 11316
21642 11316 11315 11209
21643 11210 11211 11317
21644 11317 11316 11210
21645 11211 11212 11318
21646 11318 11317 11211
21647 11212 11213 11319
21648 11319 11318 11212
21649 11213 11214 11320
21650 11320 11319 11213
21651 11214 11215 11321
21652 11321 11320 11214
21653 11215 11216 11322
21654 11322 11321 11215
21655 11216 11217 11323
21656 11323 11322 11216
21657 11217 11218 11324
21658 11324 11323 11217
21659 11218 11219 11325
21660 11325 11324 11218
21661 11219 11220 11326
21662 11326 11325 11219
21663 11220 11221 11327
21664 11327 11326 11220
21665 11221 11222 11328
21666 11328 11327 11221
21667 11222 11223 11329
21668 11329 11328 11222
21669 11223 11224 11330
21670 11330 11329 11223
21671 11224 11225 11331
21672 11331 11330 11224
21673 11225 11226 11332
21674 11332 11331 11225
21675 11226 11227 11333
21676 11333 11332 11226
21677 11227 11228 11334
21678 11334 11333 11227
21679 11228 11229 11335
21680 11335 11334 11228
21681 11229 11230 11336
21682 11336 11335 11229
21683 11230 11231 11337
21684 11337 11336 11230
21685 11231 11232 11338
21686 11338 11337 11231
21687 11232 11233 11339
21688 11339 11338 11232
21689 11233 11234 11340
21690 11340 11339 11233
21691 11234 11235 11341
21692 11341 11340 11234
21693 11235 11236 11342
21694 11342 11341 11235
21695 11236 11237 11343
21696 11343 11342 11236
21697 11237 11238 11344
21698 11344 11343 11237
21699 11238 11239 11345
21700 11345 11344 11238
21701 11239 11240 11346
21702 11346 11345 11239
21703 11240 11241 11347
21704 11347 11346 11240
21705 11241 11242 11348
21706 11348 11347 11241
21707 11242 11243 11349
21708 11349 11348 11242
21709 11243 11244 11350
21710 11350 11349 11243
21711 11244 11245 11351
21712 11351 11350 11244
21713 11245 11246 11352
21714 11352 11351 11245
21715 11246 11247 11353
21716 11353 11352 11246
21717 11247 11248 11354
21718 11354 11353 11247
21719 11248 11249 11355
21720 11355 11354 11248
21721 11249 11250 11356
21722 11356 11355 11249
21723 11250 11251 11357
21724 11357 11356 11250
21725 11251 11252 11358
21726 11358 11357 11251
21727 11252 11253 11359
21728 11359 11358 11252
21729 11253 11254 11360
21730 11360 11359 11253
21731 11254 11255 11361
21732 11361 11360 11254
21733 11255 11256 11362
21734 11362 11361 11255
21735 11256 11257 11363
21736 11363 11362 11256
21737 11257 11258 11364
21738 11364 11363 11257
21739 11258 11259 11365
21740 11365 11364 11258
21741 11259 11260 11366
21742 11366 11365 11259
21743 11260 11261 11367
21744 11367 11366 11260
21745 11261 11262 11368
21746 11368 11367 11261
21747 11262 11263 11369
21748 11369 11368 11262
21749 11263 11264 11370
21750 11370 11369 11263
21751 11264 11265 11371
21752 11371 11370 11264
21753 11265 11266 11372
21754 11372 11371 11265
21755 11266 11267 11373
21756 11373 11372 11266
21757 11267 11268 11374
21758 11374 11373 11267
21759 11268 11269 11375
21760 11375 11374 11268
21761 11269 11270 11376
21762 11376 11375 11269
21763 11270 11271 11377
21764 11377 11376 11270
21765 11271 11272 11378
21766 11378 11377 11271
21767 11272 11273 11379
21768 11379 11378 11272
21769 11273 11274 11380
21770 11380 11379 11273
21771 11274 11275 11381
21772 11381 11380 11274
21773 11275 11276 11382
21774 11382 11381 11275
21775 11276 11277 11383
21776 11383 11382 11276
21777 11277 11278 11384
21778 11384 11383 11277
21779 11278 11279 11385
21780 11385 11384 11278
21781 11279 11280 11386
21782 11386 11385 11279
21783 11280 11281 11387
21784 11387 11386 11280
21785 11281 11282 11388
21786 11388 11387 11281
21787 11282 11283 11389
21788 11389 11388 11282
21789 11283 11284 11390
21790 11390 11389 11283
21791 11284 11285 11391
21792 11391 11390 11284
21793 11285 11286 11392
21794 11392 11391 11285
21795 11286 11287 11393
21796 11393 11392 11286
21797 11287 11288 11394
21798 11394 11393 11287
21799 11288 11289 11395
21800 11395 11394 11288
21801 11289 11290 11396
21802 11396 11395 11289
21803 11290 11291 11397
21804 11397 11396 11290
21805 11291 11292 11398
21806 11398 11397 11291
21807 11292 11293 11399
21808 11399 11398 11292
21809 11293 11294 11400
21810 11400 11399 11293
21811 11294 11295 11401
21812 11401 11400 11294
21813 11295 11296 11402
21814 11402 11401 11295
21815 11296 11297 11403
21816 11403 11402 11296
21817 11297 11298 11404
21818 11404 11403 11297
21819 11298 11299 11405
21820 11405 11404 11298
21821 11299 11300 11406
21822 11406 11405 11299
21823 11300 11301 11407
21824 11407 11406 11300
21825 11301 11302 11408
21826 11408 11407 11301
21827 11302 952 953
21828 953 11408 11302
21829 1074 11303 11409
21830 11409 1073 1074
21831 11303 11304 11410
21832 11410 11409 11303
21833 11304 11305 11411
21834 11411 11410 11304
21835 11305 11306 11412
21836 11412 11411 11305
21837 11306 11307 11413
21838 11413 11412 11306
21839 11307 11308 11414
21840 11414 11413 11307
21841 11308 11309 11415
21842 11415 11414 11308
21843 11309 11310 11416
21844 11416 11415 11309
21845 11310 11311 11417
21846 11417 11416 11310
21847 11311 11312 11418
21848 11418 11417 11311
21849 11312 11313 11419
21850 11419 11418 11312
21851 11313 11314 11420
21852 11420 11419 11313
21853 11314 11315 11421
21854 11421 11420 11314
21855 11315 11316 11422
21856 11422 11421 11315
21857 11316 11317 11423
21858 11423 11422 11316
21859 11317 11318 11424
21860 11424 11423 11317
21861 11318 11319 11425
21862 11425 11424 11318
21863 11319 11320 11426
21864 11426 11425 11319
21865 11320 11321 11427
21866 11427 11426 11320
21867 11321 11322 11428
21868 11428 11427 11321
21869 11322 11323 11429
21870 11429 11428 11322
21871 11323 11324 11430
21872 11430 11429 11323
21873 11324 11325 11431
21874 11431 11430 11324
21875 11325 11326 11432
21876 11432 11431 11325
21877 11326 11327 11433
21878 11433 11432 11326
21879 11327 11328 11434
21880 11434 11433 11327
21881 11328 11329 11435
21882 11435 11434 11328
21883 11329 11330 11436
21884 11436 11435 11329
21885 11330 11331 11437
21886 11437 11436 11330
21887 11331 11332 11438
21888 11438 11437 11331
21889 11332 11333 11439
21890 11439 11438 11332
21891 11333 11334 11440
21892 11440 11439 11333
21893 11334 11335 11441
21894 11441 11440 11334
21895 11335 11336 11442
21896 11442 11441 11335
21897 11336 11337 11443
21898 11443 11442 11336
21899 11337 11338 11444
21900 11444 11443 11337
21901 11338 11339 11445
21902 11445 11444 11338
21903 11339 11340 11446
21904 11446 11445 11339
21905 11340 11341 11447
21906 11447 11446 11340
21907 11341 11342 11448
21908 11448 11447 11341
21909 11342 11343 11449
21910 11449 11448 11342
21911 11343 11344 11450
21912 11450 11449 11343
21913 11344 11345 11451
21914 11451 11450 11344
21915 11345 11346 11452
21916 11452 11451 11345
21917 11346 11347 11453
21918 11453 11452 11346
21919 11347 11348 11454
21920 11454 11453 11347
21921 11348 11349 11455
21922 11455 11454 11348
21923 11349 11350 11456
21924 11456 11455 11349
21925 11350 11351 11457
21926 11457 11456 11350
21927 11351 11352 11458
21928 11458 11457 11351
21929 11352 11353 11459
21930 11459 11458 11352
21931 11353 11354 11460
21932 11460 11459 11353
21933 11354 11355 11461
21934 11461 11460 11354
21935 11355 11356 11462
21936 11462 11461 11355
21937 11356 11357 11463
21938 11463 11462 11356
21939 11357 11358 11464
21940 11464 11463 11357
21941 11358 11359 11465
21942 11465 11464 11358
21943 11359 11360 11466
21944 11466 11465 11359
21945 11360 11361 11467
21946 11467 11466 11360
21947 11361 11362 11468
21948 11468 11467 11361
21949 11362 11363 11469
21950 11469 11468 11362
21951 11363 11364 11470
21952 11470 11469 11363
21953 11364 11365 11471
21954 11471 11470 11364
21955 11365 11366 11472
21956 11472 11471 11365
21957 11366 11367 11473
21958 11473 11472 11366
21959 11367 11368 11474
21960 11474 11473 11367
21961 11368 11369 11475
21962 11475 11474 11368
21963 11369 11370 11476
21964 11476 11475 11369
21965 11370 11371 11477
21966 11477 11476 11370
21967 11371 11372 11478
21968 11478 11477 11371
21969 11372 11373 11479
21970 11479 11478 11372
21971 11373 11374 11480
21972 11480 11479 11373
21973 11374 11375 11481
21974 11481 11480 11374
21975 11375 11376 11482
21976 11482 11481 11375
21977 11376 11377 11483
21978 11483 11482 11376
21979 11377 11378 11484
21980 11484 11483 11377
21981 11378 11379 11485
21982 11485 11484 11378
21983 11379 11380 11486
21984 11486 11485 11379
21985 11380 11381 11487
21986 11487 11486 11380
21987 11381 11382 11488
21988 11488 11487 11381
21989 11382 11383 11489
21990 11489 11488 11382
21991 11383 11384 11490
21992 11490 11489 11383
21993 11384 11385 11491
21994 11491 11490 11384
21995 11385 11386 11492
21996 11492 11491 11385
21997 11386 11387 11493
21998 11493 11492 11386
21999 11387 11388 11494
22000 11494 11493 11387
22001 11388 11389 11495
22002 11495 11494 11388
22003 11389 11390 11496
22004 11496 11495 11389
22005 11390 11391 11497
22006 11497 11496 11390
22007 11391 11392 11498
22008 11498 11497 11391
22009 11392 11393 11499
22010 11499 11498 11392
22011 11393 11394 11500
22012 11500 11499 11393
22013 11394 11395 11501
22014 11501 11500 11394
22015 11395 11396 11502
22016 11502 11501 11395
22017 11396 11397 11503
22018 11503 11502 11396
22019 11397 11398 11504
22020 11504 11503 11397
22021 11398 11399 11505
22022 11505 11504 11398
22023 11399 11400 11506
22024 11506 11505 11399
22025 11400 11401 11507
22026 11507 11506 11400
22027 11401 11402 11508
22028 11508 11507 11401
22029 11402 11403 11509
22030 11509 11508 11402
22031 11403 11404 11510
22032 11510 11509 11403
22033 11404 11405 11511
22034 11511 11510 11404
22035 11405 11406 11512
22036 11512 11511 11405
22037 11406 11407 11513
22038 11513 11512 11406
22039 11407 11408 11514
22040 11514 11513 11407
22041 11408 953 954
22042 954 11514 11408
22043 1073 11409 11515
22044 11515 1072 1073
22045 11409 11410 11516
22046 11516 11515 11409
22047 11410 11411 11517
22048 11517 11516 11410
22049 11411 11412 11518
22050 11518 11517 11411
22051 11412 11413 11519
22052 11519 11518 11412
22053 11413 11414 11520
22054 11520 11519 11413
22055 11414 11415 11521
22056 11521 11520 11414
22057 11415 11416 11522
22058 11522 11521 11415
22059 11416 11417 11523
22060 11523 11522 11416
22061 11417 11418 11524
22062 11524 11523 11417
22063 11418 11419 11525
22064 11525 11524 11418
22065 11419 11420 11526
22066 11526 11525 11419
22067 11420 11421 11527
22068 11527 11526 11420
22069 11421 11422 11528
22070 11528 11527 11421
22071 11422 11423 11529
22072 11529 11528 11422
22073 11423 11424 11530
22074 11530 11529 11423
22075 11424 11425 11531
22076 11531 11530 11424
22077 11425 11426 11532
22078 11532 11531 11425
22079 11426 11427 11533
22080 11533 11532 11426
22081 11427 11428 11534
22082 11534 11533 11427
22083 11428 11429 11535
22084 11535 11534 11428
22085 11429 11430 11536
22086 11536 11535 11429
22087 11430 11431 11537
22088 11537 11536 11430
22089 11431 11432 11538
22090 11538 11537 11431
22091 11432 11433 11539
22092 11539 11538 11432
22093 11433 11434 11540
22094 11540 11539 11433
22095 11434 11435 11541
22096 11541 11540 11434
22097 11435 11436 11542
22098 11542 11541 11435
22099 11436 11437 11543
22100 11543 11542 11436
22101 11437 11438 11544
22102 11544 11543 11437
22103 11438 11439 11545
22104 11545 11544 11438
22105 11439 11440 11546
22106 11546 11545 11439
22107 11440 11441 11547
22108 11547 11546 11440
22109 11441 11442 11548
22110 11548 11547 11441
22111 11442 11443 11549
22112 11549 11548 11442
22113 11443 11444 11550
22114 11550 11549 11443
22115 11444 11445 11551
22116 11551 11550 11444
22117 11445 11446 11552
22118 11552 11551 11445
22119 11446 11447 11553
22120 11553 11552 11446
22121 11447 11448 11554
22122 11554 11553 11447
22123 11448 11449 11555
22124 11555 11554 11448
22125 11449 11450 11556
22126 11556 11555 11449
22127 11450 11451 11557
22128 11557 11556 11450
22129 11451 11452 11558
22130 11558 11557 11451
22131 11452 11453 11559
22132 11559 11558 11452
22133 11453 11454 11560
22134 11560 11559 11453
22135 11454 11455 11561
22136 11561 11560 11454
22137 11455 11456 11562
22138 11562 11561 11455
22139 11456 11457 11563
22140 11563 11562 11456
22141 11457 11458 11564
22142 11564 11563 11457
22143 11458 11459 11565
22144 11565 11564 11458
22145 11459 11460 11566
22146 11566 11565 11459
22147 11460 11461 11567
22148 11567 11566 11460
22149 11461 11462 11568
22150 11568 11567 11461
22151 11462 11463 11569
22152 11569 11568 11462
22153 11463 11464 11570
22154 11570 11569 11463
22155 11464 11465 11571
22156 11571 11570 11464
22157 11465 11466 11572
22158 11572 11571 11465
22159 11466 11467 11573
22160 11573 11572 11466
22161 11467 11468 11574
22162 11574 11573 11467
22163 11468 11469 11575
22164 11575 11574 11468
22165 11469 11470 11576
22166 11576 11575 11469
22167 11470 11471 11577
22168 11577 11576 11470
22169 11471 11472 11578
22170 11578 11577 11471
22171 11472 11473 11579
22172 11579 11578 11472
22173 11473 11474 11580
22174 11580 11579 11473
22175 11474 11475 11581
22176 11581 11580 11474
22177 11475 11476 11582
22178 11582 11581 11475
22179 11476 11477 11583
22180 11583 11582 11476
22181 11477 11478 11584
22182 11584 11583 11477
22183 11478 11479 11585
22184 11585 11584 11478
22185 11479 11480 11586
22186 11586 11585 11479
22187 11480 11481 11587
22188 11587 11586 11480
22189 11481 11482 11588
22190 11588 11587 11481
22191 11482 11483 11589
22192 11589 11588 11482
22193 11483 11484 11590
22194 11590 11589 11483
22195 11484 11485 11591
22196 11591 11590 11484
22197 11485 11486 11592
22198 11592 11591 11485
22199 11486 11487 11593
22200 11593 11592 11486
22201 11487 11488 11594
22202 11594 11593 11487
22203 11488 11489 11595
22204 11595 11594 11488
22205 11489 11490 11596
22206 11596 11595 11489
22207 11490 11491 11597
22208 11597 11596 11490
22209 11491 11492 11598
22210 11598 11597 11491
22211 11492 11493 11599
22212 11599 11598 11492
22213 11493 11494 11600
22214 11600 11599 11493
22215 11494 11495 11601
22216 11601 11600 11494
22217 11495 11496 11602
22218 11602 11601 11495
22219 11496 11497 11603
22220 11603 11602 11496
22221 11497 11498 11604
22222 11604 11603 11497
22223 11498 11499 11605
22224 11605 11604 11498
22225 11499 11500 11606
22226 11606 11605 11499
22227 11500 11501 11607
22228 11607 11606 11500
22229 11501 11502 11608
22230 11608 11607 11501
22231 11502 11503 11609
22232 11609 11608 11502
22233 11503 11504 11610
22234 11610 11609 11503
22235 11504 11505 11611
22236 11611 11610 11504
22237 11505 11506 11612
22238 11612 11611 11505
22239 11506 11507 11613
22240 11613 11612 11506
22241 11507 11508 11614
22242 11614 11613 11507
22243 11508 11509 11615
22244 11615 11614 11508
22245 11509 11510 11616
22246 11616 11615 11509
22247 11510 11511 11617
22248 11617 11616 11510
22249 11511 11512 11618
22250 11618 11617 11511
22251 11512 11513 11619
22252 11619 11618 11512
22253 11513 11514 11620
22254 11620 11619 11513
22255 11514 954 955
22256 955 11620 11514
22257 1072 11515 11621
22258 11621 1071 1072
22259 11515 11516 11622
22260 11622 11621 11515
22261 11516 11517 11623
22262 11623 11622 11516
22263 11517 11518 11624
22264 11624 11623 11517
22265 11518 11519 11625
22266 11625 11624 11518
22267 11519 11520 11626
22268 11626 11625 11519
22269 11520 11521 11627
22270 11627 11626 11520
22271 11521 11522 11628
22272 11628 11627 11521
22273 11522 11523 11629
22274 11629 11628 11522
22275 11523 11524 11630
22276 11630 11629 11523
22277 11524 11525 11631
22278 11631 11630 11524
22279 11525 11526 11632
22280 11632 11631 11525
22281 11526 11527 11633
22282 11633 11632 11526
22283 11527 11528 11634
22284 11634 11633 11527
22285 11528 11529 11635
22286 11635 11634 11528
22287 11529 11530 11636
22288 11636 11635 11529
22289 11530 11531 11637
22290 11637 11636 11530
22291 11531 11532 11638
22292 11638 11637 11531
22293 11532 11533 11639
22294 11639 11638 11532
22295 11533 11534 11640
22296 11640 11639 11533
22297 11534 11535 11641
22298 11641 11640 11534
22299 11535 11536 11642
22300 11642 11641 11535
22301 11536 11537 11643
22302 11643 11642 11536
22303 11537 11538 11644
22304 11644 11643 11537
22305 11538 11539 11645
22306 11645 11644 11538
22307 11539 11540 11646
22308 11646 11645 11539
22309 11540 11541 11647
22310 11647 11646 11540
22311 11541 11542 11648
22312 11648 11647 11541
22313 11542 11543 11649
22314 11649 11648 11542
22315 11543 11544 11650
22316 11650 11649 11543
22317 11544 11545 11651
22318 11651 11650 11544
22319 11545 11546 11652
22320 11652 11651 11545
22321 11546 11547 11653
22322 11653 11652 11546
22323 11547 11548 11654
22324 11654 11653 11547
22325 11548 11549 11655
22326 11655 11654 11548
22327 11549 11550 11656
22328 11656 11655 11549
22329 11550 11551 11657
22330 11657 11656 11550
22331 11551 11552 11658
22332 11658 11657 11551
22333 11552 11553 11659
22334 11659 11658 11552
22335 11553 11554 11660
22336 11660 11659 11553
22337 11554 11555 11661
22338 11661 11660 11554
22339 11555 11556 11662
22340 11662 11661 11555
22341 11556 11557 11663
22342 11663 11662 11556
22343 11557 11558 11664
22344 11664 11663 11557
22345 11558 11559 11665
22346 11665 11664 11558
22347 11559 11560 11666
22348 11666 11665 11559
22349 11560 11561 11667
22350 11667 11666 11560
22351 11561 11562 11668
22352 11668 11667 11561
22353 11562 11563 11669
22354 11669 11668 11562
22355 11563 11564 11670
22356 11670 11669 11563
22357 11564 11565 11671
22358 11671 11670 11564
22359 11565 11566 11672
22360 11672 11671 11565
22361 11566 11567 11673
22362 11673 11672 11566
22363 11567 11568 11674
22364 11674 11673 11567
22365 11568 11569 11675
22366 11675 11674 11568
22367 11569 11570 11676
22368 11676 11675 11569
22369 11570 11571 11677
22370 11677 11676 11570
22371 11571 11572 11678
22372 11678 11677 11571
22373 11572 11573 11679
22374 11679 11678 11572
22375 11573 11574 11680
22376 11680 11679 11573
22377 11574 11575 11681
22378 11681 11680 11574
22379 11575 11576 11682
22380 11682 11681 11575
22381 11576 11577 11683
22382 11683 11682 11576
22383 11577 11578 11684
22384 11684 11683 11577
22385 11578 11579 11685
22386 11685 11684 11578
22387 11579 11580 11686
22388 11686 11685 11579
22389 11580 11581 11687
22390 11687 11686 11580
22391 11581 11582 11688
22392 11688 11687 11581
22393 11582 11583 11689
22394 11689 11688 11582
22395 11583 11584 11690
22396 11690 11689 11583
22397 11584 11585 11691
22398 11691 11690 11584
22399 11585 11586 11692
22400 11692 11691 11585
22401 11586 11587 11693
22402 11693 11692 11586
22403 11587 11588 11694
22404 11694 11693 11587
22405 11588 11589 11695
22406 11695 11694 11588
22407 11589 11590 11696
22408 11696 11695 11589
22409 11590 11591 11697
22410 11697 11696 11590
22411 11591 11592 11698
22412 11698 11697 11591
22413 11592 11593 11699
22414 11699 11698 11592
22415 11593 11594 11700
22416 11700 11699 11593
22417 11594 11595 11701
22418 11701 11700 11594
22419 11595 11596 11702
22420 11702 11701 11595
22421 11596 11597 11703
22422 11703 11702 11596
22423 11597 11598 11704
22424 11704 11703 11597
22425 11598 11599 11705
22426 11705 11704 11598
22427 11599 11600 11706
22428 11706 11705 11599
22429 11600 11601 11707
22430 11707 11706 11600
22431 11601 11602 11708
22432 11708 11707 11601
22433 11602 11603 11709
22434 11709 11708 11602
22435 11603 11604 11710
22436 11710 11709 11603
22437 11604 11605 11711
22438 11711 11710 11604
22439 11605 11606 11712
22440 11712 11711 11605
22441 11606 11607 11713
22442 11713 11712 11606
22443 11607 11608 11714
22444 11714 11713 11607
22445 11608 11609 11715
22446 11715 11714 11608
22447 11609 11610 11716
22448 11716 11715 11609
22449 11610 11611 11717
22450 11717 11716 11610
22451 11611 11612 11718
22452 11718 11717 11611
22453 11612 11613 11719
22454 11719 11718 11612
22455 11613 11614 11720
22456 11720 11719 11613
22457 11614 11615 11721
22458 11721 11720 11614
22459 11615 11616 11722
22460 11722 11721 11615
22461 11616 11617 11723
22462 11723 11722 11616
22463 11617 11618 11724
22464 11724 11723 11617
22465 11618 11619 11725
22466 11725 11724 11618
22467 11619 11620 11726
22468 11726 11725 11619
22469 11620 955 956
22470 956 11726 11620
22471 1071 11621 11727
22472 11727 1070 1071
22473 11621 11622 11728
22474 11728 11727 11621
22475 11622 11623 11729
22476 11729 11728 11622
22477 11623 11624 11730
22478 11730 11729 11623
22479 11624 11625 11731
22480 11731 11730 11624
22481 11625 11626 11732
22482 11732 11731 11625
22483 11626 11627 11733
22484 11733 11732 11626
22485 11627 11628 11734
22486 11734 11733 11627
22487 11628 11629 11735
22488 11735 11734 11628
22489 11629 11630 11736
22490 11736 11735 11629
22491 11630 11631 11737
22492 11737 11736 11630
22493 11631 11632 11738
22494 11738 11737 11631
22495 11632 11633 11739
22496 11739 11738 11632
22497 11633 11634 11740
22498 11740 11739 11633
22499 11634 11635 11741
22500 11741 11740 11634
22501 11635 11636 11742
22502 11742 11741 11635
22503 11636 11637 11743
22504 11743 11742 11636
22505 11637 11638 11744
22506 11744 11743 11637
22507 11638 11639 11745
22508 11745 11744 11638
22509 11639 11640 11746
22510 11746 11745 11639
22511 11640 11641 11747
22512 11747 11746 11640
22513 11641 11642 11748
22514 11748 11747 11641
22515 11642 11643 11749
22516 11749 11748 11642
22517 11643 11644 11750
22518 11750 11749 11643
22519 11644 11645 11751
22520 11751 11750 11644
22521 11645 11646 11752
22522 11752 11751 11645
22523 11646 11647 11753
22524 11753 11752 11646
22525 11647 11648 11754
22526 11754 11753 11647
22527 11648 11649 11755
22528 11755 11754 11648
22529 11649 11650 11756
22530 11756 11755 11649
22531 11650 11651 11757
22532 11757 11756 11650
22533 11651 11652 11758
22534 11758 11757 11651
22535 11652 11653 11759
22536 11759 11758 11652
22537 11653 11654 11760
22538 11760 11759 11653
22539 11654 11655 11761
22540 11761 11760 11654
22541 11655 11656 11762
22542 11762 11761 11655
22543 11656 11657 11763
22544 11763 11762 11656
22545 11657 11658 11764
22546 11764 11763 11657
22547 11658 11659 11765
22548 11765 11764 11658
22549 11659 11660 11766
22550 11766 11765 11659
22551 11660 11661 11767
22552 11767 11766 11660
22553 11661 11662 11768
22554 11768 11767 11661
22555 11662 11663 11769
22556 11769 11768 11662
22557 11663 11664 11770
22558 11770 11769 11663
22559 11664 11665 11771
22560 11771 11770 11664
22561 11665 11666 11772
22562 11772 11771 11665
22563 11666 11667 11773
22564 11773 11772 11666
22565 11667 11668 11774
22566 11774 11773 11667
22567 11668 11669 11775
22568 11775 11774 11668
22569 11669 11670 11776
22570 11776 11775 11669
22571 11670 11671 11777
22572 11777 11776 11670
22573 11671 11672 11778
22574 11778 11777 11671
22575 11672 11673 11779
22576 11779 11778 11672
22577 11673 11674 11780
22578 11780 11779 11673
22579 11674 11675 11781
22580 11781 11780 11674
22581 11675 11676 11782
22582 11782 11781 11675
22583 11676 11677 11783
22584 11783 11782 11676
22585 11677 11678 11784
22586 11784 11783 11677
22587 11678 11679 11785
22588 11785 11784 11678
22589 11679 11680 11786
22590 11786 11785 11679
22591 11680 11681 11787
22592 11787 11786 11680
22593 11681 11682 11788
22594 11788 11787 11681
22595 11682 11683 11789
22596 11789 11788 11682
22597 11683 11684 11790
22598 11790 11789 11683
22599 11684 11685 11791
22600 11791 11790 11684
22601 11685 11686 11792
22602 11792 11791 11685
22603 11686 11687 11793
22604 11793 11792 11686
22605 11687 11688 11794
22606 11794 11793 11687
22607 11688 11689 11795
22608 11795 11794 11688
22609 11689 11690 11796
22610 11796 11795 11689
22611 11690 11691 11797
22612 11797 11796 11690
22613 11691 11692 11798
22614 11798 11797 11691
22615 11692 11693 11799
22616 11799 11798 11692
22617 11693 11694 11800
22618 11800 11799 11693
22619 11694 11695 11801
22620 11801 11800 11694
22621 11695 11696 11802
22622 11802 11801 11695
22623 11696 11697 11803
22624 11803 11802 11696
22625 11697 11698 11804
22626 11804 11803 11697
22627 11698 11699 11805
22628 11805 11804 11698
22629 11699 11700 11806
22630 11806 11805 11699
22631 11700 11701 11807
22632 11807 11806 11700
22633 11701 11702 11808
22634 11808 11807 11701
22635 11702 11703 11809
22636 11809 11808 11702
22637 11703 11704 11810
22638 11810 11809 11703
22639 11704 11705 11811
22640 11811 11810 11704
22641 11705 11706 11812
22642 11812 11811 11705
22643 11706 11707 11813
22644 11813 11812 11706
22645 11707 11708 11814
22646 11814 11813 11707
22647 11708 11709 11815
22648 11815 11814 11708
22649 11709 11710 11816
22650 11816 11815 11709
22651 11710 11711 11817
22652 11817 11816 11710
22653 11711 11712 11818
22654 11818 11817 11711
22655 11712 11713 11819
22656 11819 11818 11712
22657 11713 11714 11820
22658 11820 11819 11713
22659 11714 11715 11821
22660 11821 11820 11714
22661 11715 11716 11822
22662 11822 11821 11715
22663 11716 11717 11823
22664 11823 11822 11716
22665 11717 11718 11824
22666 11824 11823 11717
22667 11718 11719 11825
22668 11825 11824 11718
22669 11719 11720 11826
22670 11826 11825 11719
22671 11720 11721 11827
22672 11827 11826 11720
22673 11721 11722 11828
22674 11828 11827 11721
22675 11722 11723 11829
22676 11829 11828 11722
22677 11723 11724 11830
22678 11830 11829 11723
22679 11724 11725 11831
22680 11831 11830 11724
22681 11725 11726 11832
22682 11832 11831 11725
22683 11726 956 957
22684 957 11832 11726
22685 1070 11727 11833
22686 11833 1069 1070
22687 11727 11728 11834
22688 11834 11833 11727
22689 11728 11729 11835
22690 11835 11834 11728
22691 11729 11730 11836
22692 11836 11835 11729
22693 11730 11731 11837
22694 11837 11836 11730
22695 11731 11732 11838
22696 11838 11837 11731
22697 11732 11733 11839
22698 11839 11838 11732
22699 11733 11734 11840
22700 11840 11839 11733
22701 11734 11735 11841
22702 11841 11840 11734
22703 11735 11736 11842
22704 11842 11841 11735
22705 11736 11737 11843
22706 11843 11842 11736
22707 11737 11738 11844
22708 11844 11843 11737
22709 11738 11739 11845
22710 11845 11844 11738
22711 11739 11740 11846
22712 11846 11845 11739
22713 11740 11741 11847
22714 11847 11846 11740
22715 11741 11742 11848
22716 11848 11847 11741
22717 11742 11743 11849
22718 11849 11848 11742
22719 11743 11744 11850
22720 11850 11849 11743
22721 11744 11745 11851
22722 11851 11850 11744
22723 11745 11746 11852
22724 11852 11851 11745
22725 11746 11747 11853
22726 11853 11852 11746
22727 11747 11748 11854
22728 11854 11853 11747
22729 11748 11749 11855
22730 11855 11854 11748
22731 11749 11750 11856
22732 11856 11855 11749
22733 11750 11751 11857
22734 11857 11856 11750
22735 11751 11752 11858
22736 11858 11857 11751
22737 11752 11753 11859
22738 11859 11858 11752
22739 11753 11754 11860
22740 11860 11859 11753
22741 11754 11755 11861
22742 11861 11860 11754
22743 11755 11756 11862
22744 11862 11861 11755
22745 11756 11757 11863
22746 11863 11862 11756
22747 11757 11758 11864
22748 11864 11863 11757
22749 11758 11759 11865
22750 11865 11864 11758
22751 11759 11760 11866
22752 11866 11865 11759
22753 11760 11761 11867
22754 11867 11866 11760
22755 11761 11762 11868
22756 11868 11867 11761
22757 11762 11763 11869
22758 11869 11868 11762
22759 11763 11764 11870
22760 11870 11869 11763
22761 11764 11765 11871
22762 11871 11870 11764
22763 11765 11766 11872
22764 11872 11871 11765
22765 11766 11767 11873
22766 11873 11872 11766
22767 11767 11768 11874
22768 11874 11873 11767
22769 11768 11769 11875
22770 11875 11874 11768
22771 11769 11770 11876
22772 11876 11875 11769
22773 11770 11771 11877
22774 11877 11876 11770
22775 11771 11772 11878
22776 11878 11877 11771
22777 11772 11773 11879
22778 11879 11878 11772
22779 11773 11774 11880
22780 11880 11879 11773
22781 11774 11775 11881
22782 11881 11880 11774
22783 11775 11776 11882
22784 11882 11881 11775
22785 11776 11777 11883
22786 11883 11882 11776
22787 11777 11778 11884
22788 11884 11883 11777
22789 11778 11779 11885
22790 11885 11884 11778
22791 11779 11780 11886
22792 11886 11885 11779
22793 11780 11781 11887
22794 11887 11886 11780
22795 11781 11782 11888
22796 11888 11887 11781
22797 11782 11783 11889
22798 11889 11888 11782
22799 11783 11784 11890
22800 11890 11889 11783
22801 11784 11785 11891
22802 11891 11890 11784
22803 11785 11786 11892
22804 11892 11891 11785
22805 11786 11787 11893
22806 11893 11892 11786
22807 11787 11788 11894
22808 11894 11893 11787
22809 11788 11789 11895
22810 11895 11894 11788
22811 11789 11790 11896
22812 11896 11895 11789
22813 11790 11791 11897
22814 11897 11896 11790
22815 11791 11792 11898
22816 11898 11897 11791
22817 11792 11793 11899
22818 11899 11898 11792
22819 11793 11794 11900
22820 11900 11899 11793
22821 11794 11795 11901
22822 11901 11900 11794
22823 11795 11796 11902
22824 11902 11901 11795
22825 11796 11797 11903
22826 11903 11902 11796
22827 11797 11798 11904
22828 11904 11903 11797
22829 11798 11799 11905
22830 11905 11904 11798
22831 11799 11800 11906
22832 11906 11905 11799
22833 11800 11801 11907
22834 11907 11906 11800
22835 11801 11802 11908
22836 11908 11907 11801
22837 11802 11803 11909
22838 11909 11908 11802
22839 11803 11804 11910
22840 11910 11909 11803
22841 11804 11805 11911
22842 11911 11910 11804
22843 11805 11806 11912
22844 11912 11911 11805
22845 11806 11807 11913
22846 11913 11912 11806
22847 11807 11808 11914
22848 11914 11913 11807
22849 11808 11809 11915
22850 11915 11914 11808
22851 11809 11810 11916
22852 11916 11915 11809
22853 11810 11811 11917
22854 11917 11916 11810
22855 11811 11812 11918
22856 11918 11917 11811
22857 11812 11813 11919
22858 11919 11918 11812
22859 11813 11814 11920
22860 11920 11919 11813
22861 11814 11815 11921
22862 11921 11920 11814
22863 11815 11816 11922
22864 11922 11921 11815
22865 11816 11817 11923
22866 11923 11922 11816
22867 11817 11818 11924
22868 11924 11923 11817
22869 11818 11819 11925
22870 11925 11924 11818
22871 11819 11820 11926
22872 11926 11925 11819
22873 11820 11821 11927
22874 11927 11926 11820
22875 11821 11822 11928
22876 11928 11927 11821
22877 11822 11823 11929
22878 11929 11928 11822
22879 11823 11824 11930
22880 11930 11929 11823
22881 11824 11825 11931
22882 11931 11930 11824
22883 11825 11826 11932
22884 11932 11931 11825
22885 11826 11827 11933
22886 11933 11932 11826
22887 11827 11828 11934
22888 11934 11933 11827
22889 11828 11829 11935
22890 11935 11934 11828
22891 11829 11830 11936
22892 11936 11935 11829
22893 11830 11831 11937
22894 11937 11936 11830
22895 11831 11832 11938
22896 11938 11937 11831
22897 11832 957 958
22898 958 11938 11832
22899 1069 11833 11939
22900 11939 1068 1069
22901 11833 11834 11940
22902 11940 11939 11833
22903 11834 11835 11941
22904 11941 11940 11834
22905 11835 11836 11942
22906 11942 11941 11835
22907 11836 11837 11943
22908 11943 11942 11836
22909 11837 11838 11944
22910 11944 11943 11837
22911 11838 11839 11945
22912 11945 11944 11838
22913 11839 11840 11946
22914 11946 11945 11839
22915 11840 11841 11947
22916 11947 11946 11840
22917 11841 11842 11948
22918 11948 11947 11841
22919 11842 11843 11949
22920 11949 11948 11842
22921 11843 11844 11950
22922 11950 11949 11843
22923 11844 11845 11951
22924 11951 11950 11844
22925 11845 11846 11952
22926 11952 11951 11845
22927 11846 11847 11953
22928 11953 11952 11846
22929 11847 11848 11954
22930 11954 11953 11847
22931 11848 11849 11955
22932 11955 11954 11848
22933 11849 11850 11956
22934 11956 11955 11849
22935 11850 11851 11957
22936 11957 11956 11850
22937 11851 11852 11958
22938 11958 11957 11851
22939 11852 11853 11959
22940 11959 11958 11852
22941 11853 11854 11960
22942 11960 11959 11853
22943 11854 11855 11961
22944 11961 11960 11854
22945 11855 11856 11962
22946 11962 11961 11855
22947 11856 11857 11963
22948 11963 11962 11856
22949 11857 11858 11964
22950 11964 11963 11857
22951 11858 11859 11965
22952 11965 11964 11858
22953 11859 11860 11966
22954 11966 11965 11859
22955 11860 11861 11967
22956 11967 11966 11860
22957 11861 11862 11968
22958 11968 11967 11861
22959 11862 11863 11969
22960 11969 11968 11862
22961 11863 11864 11970
22962 11970 11969 11863
22963 11864 11865 11971
22964 11971 11970 11864
22965 11865 11866 11972
22966 11972 11971 11865
22967 11866 11867 11973
22968 11973 11972 11866
22969 11867 11868 11974
22970 11974 11973 11867
22971 11868 11869 11975
22972 11975 11974 11868
22973 11869 11870 11976
22974 11976 11975 11869
22975 11870 11871 11977
22976 11977 11976 11870
22977 11871 11872 11978
22978 11978 11977 11871
22979 11872 11873 11979
22980 11979 11978 11872
22981 11873 11874 11980
22982 11980 11979 11873
22983 11874 11875 11981
22984 11981 11980 11874
22985 11875 11876 11982
22986 11982 11981 11875
22987 11876 11877 11983
22988 11983 11982 11876
22989 11877 11878 11984
22990 11984 11983 11877
22991 11878 11879 11985
22992 11985 11984 11878
22993 11879 11880 11986
22994 11986 11985 11879
22995 11880 11881 11987
22996 11987 11986 11880
22997 11881 11882 11988
22998 11988 11987 11881
22999 11882 11883 11989
23000 11989 11988 11882
23001 11883 11884 11990
23002 11990 11989 11883
23003 11884 11885 11991
23004 11991 11990 11884
23005 11885 11886 11992
23006 11992 11991 11885
23007 11886 11887 11993
23008 11993 11992 11886
23009 11887 11888 11994
23010 11994 11993 11887
23011 11888 11889 11995
23012 11995 11994 11888
23013 11889 11890 11996
23014 11996 11995 11889
23015 11890 11891 11997
23016 11997 11996 11890
23017 11891 11892 11998
23018 11998 11997 11891
23019 11892 11893 11999
23020 11999 11998 11892
23021 11893 11894 12000
23022 12000 11999 11893
23023 11894 11895 12001
23024 12001 12000 11894
23025 11895 11896 12002
23026 12002 12001 11895
23027 11896 11897 12003
23028 12003 12002 11896
23029 11897 11898 12004
23030 12004 12003 11897
23031 11898 11899 12005
23032 12005 12004 11898
23033 11899 11900 12006
23034 12006 12005 11899
23035 11900 11901 12007
23036 12007 12006 11900
23037 11901 11902 12008
23038 12008 12007 11901
23039 11902 11903 12009
23040 12009 12008 11902
23041 11903 11904 12010
23042 12010 12009 11903
23043 11904 11905 12011
23044 12011 12010 11904
23045 11905 11906 12012
23046 12012 12011 11905
23047 11906 11907 12013
23048 12013 12012 11906
23049 11907 11908 12014
23050 12014 12013 11907
23051 11908 11909 12015
23052 12015 12014 11908
23053 11909 11910 12016
23054 12016 12015 11909
23055 11910 11911 12017
23056 12017 12016 11910
23057 11911 11912 12018
23058 12018 12017 11911
23059 11912 11913 12019
23060 12019 12018 11912
23061 11913 11914 12020
23062 12020 12019 11913
23063 11914 11915 12021
23064 12021 12020 11914
23065 11915 11916 12022
23066 12022 12021 11915
23067 11916 11917 12023
23068 12023 12022 11916
23069 11917 11918 12024
23070 12024 12023 11917
23071 11918 11919 12025
23072 12025 12024 11918
23073 11919 11920 12026
23074 12026 12025 11919
23075 11920 11921 12027
23076 12027 12026 11920
23077 11921 11922 12028
23078 12028 12027 11921
23079 11922 11923 12029
23080 12029 12028 11922
23081 11923 11924 12030
23082 12030 12029 11923
23083 11924 11925 12031
23084 12031 12030 11924
23085 11925 11926 12032
23086 12032 12031 11925
23087 11926 11927 12033
23088 12033 12032 11926
23089 11927 11928 12034
23090 12034 12033 11927
23091 11928 11929 12035
23092 12035 12034 11928
23093 11929 11930 12036
23094 12036 12035 11929
23095 11930 11931 12037
23096 12037 12036 11930
23097 11931 11932 12038
23098 12038 12037 11931
23099 11932 11933 12039
23100 12039 12038 11932
23101 11933 11934 12040
23102 12040 12039 11933
23103 11934 11935 12041
23104 12041 12040 11934
23105 11935 11936 12042
23106 12042 12041 11935
23107 11936 11937 12043
23108 12043 12042 11936
23109 11937 11938 12044
23110 12044 12043 11937
23111 11938 958 959
23112 959 12044 11938
23113 1068 11939 12045
23114 12045 1067 1068
23115 11939 11940 12046
23116 12046 12045 11939
23117 11940 11941 12047
23118 12047 12046 11940
23119 11941 11942 12048
23120 12048 12047 11941
23121 11942 11943 12049
23122 12049 12048 11942
23123 11943 11944 12050
23124 12050 12049 11943
23125 11944 11945 12051
23126 12051 12050 11944
23127 11945 11946 12052
23128 12052 12051 11945
23129 11946 11947 12053
23130 12053 12052 11946
23131 11947 11948 12054
23132 12054 12053 11947
23133 11948 11949 12055
23134 12055 12054 11948
23135 11949 11950 12056
23136 12056 12055 11949
23137 11950 11951 12057
23138 12057 12056 11950
23139 11951 11952 12058
23140 12058 12057 11951
23141 11952 11953 12059
23142 12059 12058 11952
23143 11953 11954 12060
23144 12060 12059 11953
23145 11954 11955 12061
23146 12061 12060 11954
23147 11955 11956 12062
23148 12062 12061 11955
23149 11956 11957 12063
23150 12063 12062 11956
23151 11957 11958 12064
23152 12064 12063 11957
23153 11958 11959 12065
23154 12065 12064 11958
23155 11959 11960 12066
23156 12066 12065 11959
23157 11960 11961 12067
23158 12067 12066 11960
23159 11961 11962 12068
23160 12068 12067 11961
23161 11962 11963 12069
23162 12069 12068 11962
23163 11963 11964 12070
23164 12070 12069 11963
23165 11964 11965 12071
23166 12071 12070 11964
23167 11965 11966 12072
23168 12072 12071 11965
23169 11966 11967 12073
23170 12073 12072 11966
23171 11967 11968 12074
23172 12074 12073 11967
23173 11968 11969 12075
23174 12075 12074 11968
23175 11969 11970 12076
23176 12076 12075 11969
23177 11970 11971 12077
23178 12077 12076 11970
23179 11971 11972 12078
23180 12078 12077 11971
23181 11972 11973 12079
23182 12079 12078 11972
23183 11973 11974 12080
23184 12080 12079 11973
23185 11974 11975 12081
23186 12081 12080 11974
23187 11975 11976 12082
23188 12082 12081 11975
23189 11976 11977 12083
23190 12083 12082 11976
23191 11977 11978 12084
23192 12084 12083 11977
23193 11978 11979 12085
23194 12085 12084 11978
23195 11979 11980 12086
23196 12086 12085 11979
23197 11980 11981 12087
23198 12087 12086 11980
23199 11981 11982 12088
23200 12088 12087 11981
23201 11982 11983 12089
23202 12089 12088 11982
23203 11983 11984 12090
23204 12090 12089 11983
23205 11984 11985 12091
23206 12091 12090 11984
23207 11985 11986 12092
23208 12092 12091 11985
23209 11986 11987 12093
23210 12093 12092 11986
23211 11987 11988 12094
23212 12094 12093 11987
23213 11988 11989 12095
23214 12095 12094 11988
23215 11989 11990 12096
23216 12096 12095 11989
23217 11990 11991 12097
23218 12097 12096 11990
23219 11991 11992 12098
23220 12098 12097 11991
23221 11992 11993 12099
23222 12099 12098 11992
23223 11993 11994 12100
23224 12100 12099 11993
23225 11994 11995 12101
23226 12101 12100 11994
23227 11995 11996 12102
23228 12102 12101 11995
23229 11996 11997 12103
23230 12103 12102 11996
23231 11997 11998 12104
23232 12104 12103 11997
23233 11998 11999 12105
23234 12105 12104 11998
23235 11999 12000 12106
23236 12106 12105 11999
23237 12000 12001 12107
23238 12107 12106 12000
23239 12001 12002 12108
23240 12108 12107 12001
23241 12002 12003 12109
23242 12109 12108 12002
23243 12003 12004 12110
23244 12110 12109 12003
23245 12004 12005 12111
23246 12111 12110 12004
23247 12005 12006 12112
23248 12112 12111 12005
23249 12006 12007 12113
23250 12113 12112 12006
23251 12007 12008 12114
23252 12114 12113 12007
23253 12008 12009 12115
23254 12115 12114 12008
23255 12009 12010 12116
23256 12116 12115 12009
23257 12010 12011 12117
23258 12117 12116 12010
23259 12011 12012 12118
23260 12118 12117 12011
23261 12012 12013 12119
23262 12119 12118 12012
23263 12013 12014 12120
23264 12120 12119 12013
23265 12014 12015 12121
23266 12121 12120 12014
23267 12015 12016 12122
23268 12122 12121 12015
23269 12016 12017 12123
23270 12123 12122 12016
23271 12017 12018 12124
23272 12124 12123 12017
23273 12018 12019 12125
23274 12125 12124 12018
23275 12019 12020 12126
23276 12126 12125 12019
23277 12020 12021 12127
23278 12127 12126 12020
23279 12021 12022 12128
23280 12128 12127 12021
23281 12022 12023 12129
23282 12129 12128 12022
23283 12023 12024 12130
23284 12130 12129 12023
23285 12024 12025 12131
23286 12131 12130 12024
23287 12025 12026 12132
23288 12132 12131 12025
23289 12026 12027 12133
23290 12133 12132 12026
23291 12027 12028 12134
23292 12134 12133 12027
23293 12028 12029 12135
23294 12135 12134 12028
23295 12029 12030 12136
23296 12136 12135 12029
23297 12030 12031 12137
23298 12137 12136 12030
23299 12031 12032 12138
23300 12138 12137 12031
23301 12032 12033 12139
23302 12139 12138 12032
23303 12033 12034 12140
23304 12140 12139 12033
23305 12034 12035 12141
23306 12141 12140 12034
23307 12035 12036 12142
23308 12142 12141 12035
23309 12036 12037 12143
23310 12143 12142 12036
23311 12037 12038 12144
23312 12144 12143 12037
23313 12038 12039 12145
23314 12145 12144 12038
23315 12039 12040 12146
23316 12146 12145 12039
23317 12040 12041 12147
23318 12147 12146 12040
23319 12041 12042 12148
23320 12148 12147 12041
23321 12042 12043 12149
23322 12149 12148 12042
23323 12043 12044 12150
23324 12150 12149 12043
23325 12044 959 960
23326 960 12150 12044
23327 1067 12045 1066
23328 1066 16 1067
23329 12045 12046 1065
23330 1065 1066 12045
23331 12046 12047 1064
23332 1064 1065 12046
23333 12047 12048 1063
23334 1063 1064 12047
23335 12048 12049 1062
23336 1062 1063 12048
23337 12049 12050 1061
23338 1061 1062 12049
23339 12050 12051 1060
23340 1060 1061 12050
23341 12051 12052 1059
23342 1059 1060 12051
23343 12052 12053 1058
23344 1058 1059 12052
23345 12053 12054 1057
23346 1057 1058 12053
23347 12054 12055 1056
23348 1056 1057 12054
23349 12055 12056 1055
23350 1055 1056 12055
23351 12056 12057 1054
23352 1054 1055 12056
23353 12057 12058 1053
23354 1053 1054 12057
23355 12058 12059 1052
23356 1052 1053 12058
23357 12059 12060 1051
23358 1051 1052 12059
23359 12060 12061 1050
23360 1050 1051 12060
23361 12061 12062 1049
23362 1049 1050 12061
23363 12062 12063 1048
23364 1048 1049 12062
23365 12063 12064 1047
23366 1047 1048 12063
23367 12064 12065 1046
23368 1046 1047 12064
23369 12065 12066 1045
23370 1045 1046 12065
23371 12066 12067 1044
23372 1044 1045 12066
23373 12067 12068 1043
23374 1043 1044 12067
23375 12068 12069 1042
23376 1042 1043 12068
23377 12069 12070 1041
23378 1041 1042 12069
23379 12070 12071 1040
23380 1040 1041 12070
23381 12071 12072 1039
23382 1039 1040 12071
23383 12072 12073 1038
23384 1038 1039 12072
23385 12073 12074 1037
23386 1037 1038 12073
23387 12074 12075 1036
23388 1036 1037 12074
23389 12075 12076 1035
23390 1035 1036 12075
23391 12076 12077 1034
23392 1034 1035 12076
23393 12077 12078 1033
23394 1033 1034 12077
23395 12078 12079 1032
23396 1032 1033 12078
23397 12079 12080 1031
23398 1031 1032 12079
23399 12080 12081 1030
23400 1030 1031 12080
23401 12081 12082 1029
23402 1029 1030 12081
23403 12082 12083 1028
23404 1028 1029 12082
23405 12083 12084 1027
23406 1027 1028 12083
23407 12084 12085 1026
23408 1026 1027 12084
23409 12085 12086 1025
23410 1025 1026 12085
23411 12086 12087 1024
23412 1024 1025 12086
23413 12087 12088 1023
23414 1023 1024 12087
23415 12088 12089 1022
23416 1022 1023 12088
23417 12089 12090 1021
23418 1021 1022 12089
23419 12090 12091 1020
23420 1020 1021 12090
23421 12091 12092 1019
23422 1019 1020 12091
23423 12092 12093 1018
23424 1018 1019 12092
23425 12093 12094 1017
23426 1017 1018 12093
23427 12094 12095 1016
23428 1016 1017 12094
23429 12095 12096 1015
23430 1015 1016 12095
23431 12096 12097 1014
23432 1014 1015 12096
23433 12097 12098 1013
23434 1013 1014 12097
23435 12098 12099 1012
23436 1012 1013 12098
23437 12099 12100 1011
23438 1011 1012 12099
23439 12100 12101 1010
23440 1010 1011 12100
23441 12101 12102 1009
23442 1009 1010 12101
23443 12102 12103 1008
23444 1008 1009 12102
23445 12103 12104 1007
23446 1007 1008 12103
23447 12104 12105 1006
23448 1006 1007 12104
23449 12105 12106 1005
23450 1005 1006 12105
23451 12106 12107 1004
23452 1004 1005 12106
23453 12107 12108 1003
23454 1003 1004 12107
23455 12108 12109 1002
23456 1002 1003 12108
23457 12109 12110 1001
23458 1001 1002 12109
23459 12110 12111 1000
23460 1000 1001 12110
23461 12111 12112 999
23462 999 1000 12111
23463 12112 12113 998
23464 998 999 12112
23465 12113 12114 997
23466 997 998 12113
23467 12114 12115 996
23468 996 997 12114
23469 12115 12116 995
23470 995 996 12115
23471 12116 12117 994
23472 994 995 12116
23473 12117 12118 993
23474 993 994 12117
23475 12118 12119 992
23476 992 993 12118
23477 12119 12120 991
23478 991 992 12119
23479 12120 12121 990
23480 990 991 12120
23481 12121 12122 989
23482 989 990 12121
23483 12122 12123 988
23484 988 989 12122
23485 12123 12124 987
23486 987 988 12123
23487 12124 12125 986
23488 986 987 12124
23489 12125 12126 985
23490 985 986 12125
23491 12126 12127 984
23492 984 985 12126
23493 12127 12128 983
23494 983 984 12127
23495 12128 12129 982
23496 982 983 12128
23497 12129 12130 981
23498 981 982 12129
23499 12130 12131 980
23500 980 981 12130
23501 12131 12132 979
23502 979 980 12131
23503 12132 12133 978
23504 978 979 12132
23505 12133 12134 977
23506 977 978 12133
23507 12134 12135 976
23508 976 977 12134
23509 12135 12136 975
23510 975 976 12135
23511 12136 12137 974
23512 974 975 12136
23513 12137 12138 973
23514 973 974 12137
23515 12138 12139 972
23516 972 973 12138
23517 12139 12140 971
23518 971 972 12139
23519 12140 12141 970
23520 970 971 12140
23521 12141 12142 969
23522 969 970 12141
23523 12142 12143 968
23524 968 969 12142
23525 12143 12144 967
23526 967 968 12143
23527 12144 12145 966
23528 966 967 12144
23529 12145 12146 965
23530 965 966 12145
23531 12146 12147 964
23532 964 965 12146
23533 12147 12148 963
23534 963 964 12147
23535 12148 12149 962
23536 962 963 12148
23537 12149 12150 961
23538 961 962 12149
23539 12150 960 15
23540 15 961 12150
23541 12429 1126 526
23542 12429 1125 1126
23543 12384 1123 1124
23544 12430 1122 12385
23545 12431 1120 12386
23546 12277 12273 1117
23547 12432 1115 12151
23548 12427 1112 1113
23549 12434 12428 511
23550 12390 12389 509
23551 12622 12565 12504
23552 12550 12495 12157
23553 12350 575 574
23554 12350 12349 575
23555 12350 12160 12349
23556 12351 573 572
23557 12352 571 570
23558 12509 12353 18
23559 12354 1102 1103
23560 12382 12381 565
23561 12448 12383 1098
23562 12448 1098 1099
23563 12383 563 562
23564 12447 1096 1097
23565 12419 1095 12272
23566 12447 1097 12383
23567 12448 1099 12382
23568 12449 1102 12354
23569 12375 18 12353
23570 12275 18 1104
23571 12621 12505 12566
23572 12505 12157 12351
23573 12376 12351 572
23574 12384 525 524
23575 12385 1123 12384
23576 12385 1122 1123
23577 12386 1120 1121
23578 12426 12277 1118
23579 12277 519 518
23580 12273 12151 1116
23581 12387 517 516
23582 12432 1114 1115
23583 12427 12388 514
23584 12389 510 509
23585 12390 1108 12389
23586 12390 508 12368
23587 12368 1106 1107
23588 12369 12355 506
23589 12367 12356 504
23590 12504 12367 12370
23591 12371 12358 12158
23592 12494 12357 12371
23593 12358 500 499
23594 12538 12358 12361
23595 12679 12162 12590
23596 12738 12682 12711
23597 12359 581 580
23598 12360 12359 580
23599 12360 580 579
23600 12379 12166 12360
23601 12744 12703 12162
23602 12640 12605 12159
23603 12605 12538 12590
23604 12538 12158 12358
23605 12372 12361 498
23606 12707 12372 12363
23607 12757 12165 12746
23608 12593 12542 12169
23609 12450 12283 584
23610 12362 583 582
23611 12380 12362 582
23612 12373 12363 496
23613 12373 12364 12164
23614 12724 12694 12168
23615 12586 12534 12172
23616 12391 585 12283
23617 12283 585 584
23618 12365 12364 494
23619 12763 12365 12167
23620 12755 12392 12170
23621 12730 12393 12173
23622 12501 12415 12435
23623 12520 12323 12179
23624 12394 485 484
23625 12395 12394 484
23626 12395 483 12324
23627 12510 12324 12397
23628 12553 12185 12521
23629 12701 12689 12649
23630 12396 12335 598
23631 12455 12396 597
23632 12284 596 595
23633 12455 12284 12190
23634 12619 12530 12570
23635 12600 12182 12569
23636 12620 12569 12510
23637 12510 12182 12324
23638 12436 12397 481
23639 12521 12436 12286
23640 12609 12536 12588
23641 12751 12697 12727
23642 12456 12285 601
23643 12753 12335 12193
23644 12398 599 12335
23645 12399 12286 479
23646 12437 12399 478
23647 12677 12588 12191
23648 12728 12196 12727
23649 12400 602 12285
23650 12285 602 601
23651 12536 12399 12437
23652 12536 12437 12191
23653 12544 12438 12194
23654 12402 12197 12325
23655 12411 12197 12402
23656 12403 12326 470
23657 12439 12403 469
23658 12288 468 467
23659 12439 12288 12203
23660 12617 12529 12572
23661 12602 12211 12571
23662 12404 613 612
23663 12405 12404 612
23664 12405 611 12336
23665 12511 12336 12410
23666 12555 12208 12523
23667 12700 12688 12650
23668 12633 12203 12498
23669 12556 12498 12206
23670 12406 467 466
23671 12440 12206 12406
23672 12603 12572 12209
23673 12573 12522 12214
23674 12460 12290 616
23675 12407 615 614
23676 12522 12337 12214
23677 12289 465 464
23678 12518 12441 12408
23679 12616 12574 12512
23680 12615 12217 12522
23681 12461 617 12290
23682 12290 617 616
23683 12408 462 12291
23684 12408 12291 12212
23685 12512 12442 12215
23686 12462 12218 12327
23687 12328 12292 456
23688 12480 12293 454
23689 12294 453 452
23690 12295 12294 452
23691 12295 452 451
23692 12481 12227 12295
23693 12747 12702 12231
23694 12638 12606 12234
23695 12463 629 12342
23696 12342 629 628
23697 12296 628 627
23698 12537 12296 12315
23699 12678 12231 12589
23700 12736 12683 12712
23701 12767 12761 12227
23702 12761 12747 12723
23703 12297 450 449
23704 12329 12230 12297
23705 12637 12233 12496
23706 12623 12506 12238
23707 12464 632 12298
23708 12343 12298 631
23709 12506 12298 12343
23710 12299 448 447
23711 12300 12299 447
23712 12624 12507 12568
23713 12597 12241 12567
23714 12344 12301 634
23715 12464 12344 633
23716 12300 12233 12299
23717 12302 445 444
23718 12465 443 442
23719 12331 12303 441
23720 12483 12304 439
23721 12466 437 12305
23722 12332 12305 436
23723 12491 12305 12332
23724 12467 435 434
23725 12540 12484 12254
23726 12681 12255 12592
23727 12742 12680 12709
23728 12488 12468 12259
23729 12709 12306 12488
23730 12468 645 644
23731 12764 12313 12256
23732 12741 12705 12255
23733 12644 12599 12252
23734 12645 12540 12592
23735 12540 12251 12467
23736 12307 433 432
23737 12710 12307 12309
23738 12759 12258 12740
23739 12591 12539 12262
23740 12489 12469 649
23741 12308 648 647
23742 12308 647 12306
23743 12485 12309 431
23744 12470 430 429
23745 12743 12704 12261
23746 12642 12604 12264
23747 12348 12310 651
23748 12493 12348 12469
23749 12765 12333 12260
23750 12311 428 427
23751 12715 12471 12263
23752 12531 12486 12312
23753 12503 12472 12269
23754 12473 422 421
23755 12280 421 1077
23756 12281 12278 1079
23757 12625 12266 12503
23758 12641 12263 12531
23759 12704 12692 12646
23760 12333 12311 12260
23761 12673 12564 12269
23762 12706 12271 12563
23763 12672 12626 12267
23764 12547 12268 12493
23765 12279 1081 1082
23766 12490 12279 654
23767 12474 652 12310
23768 12310 652 651
23769 12313 643 642
23770 12475 12256 12313
23771 12643 12253 12492
23772 12627 12248 12545
23773 12466 438 437
23774 12487 12475 641
23775 12314 640 639
23776 12628 12250 12502
23777 12607 12245 12562
23778 12304 440 439
23779 12487 12314 12253
23780 12476 12346 638
23781 12502 12477 12247
23782 12524 12345 12301
23783 12577 12524 12244
23784 12584 12577 12244
23785 12583 12568 12239
23786 12519 12465 12303
23787 12598 12242 12578
23788 12607 12578 12525
23789 12608 12561 12247
23790 12608 12247 12524
23791 12477 12476 637
23792 12341 12315 626
23793 12708 12678 12232
23794 12756 12228 12745
23795 12594 12541 12224
23796 12293 455 454
23797 12478 624 12340
23798 12340 12316 12229
23799 12725 12695 12225
23800 12585 12533 12221
23801 12292 457 456
23802 12479 12316 622
23803 12762 12479 12226
23804 12754 12223 12748
23805 12729 12686 12698
23806 12698 12686 12652
23807 12629 12220 12499
23808 12558 12215 12527
23809 12327 459 458
23810 12630 12218 12612
23811 12612 12533 12585
23812 12652 12219 12612
23813 12748 12695 12725
23814 12754 12317 12223
23815 12459 12410 609
23816 12523 12459 12318
23817 12610 12535 12587
23818 12750 12696 12726
23819 12411 12402 472
23820 12412 12318 607
23821 12458 12412 606
23822 12676 12587 12202
23823 12735 12197 12726
23824 12402 12325 473
23825 12535 12412 12458
23826 12535 12458 12202
23827 12457 12202 12319
23828 12595 12543 12199
23829 12714 12199 12400
23830 12717 12198 12684
23831 12596 12544 12194
23832 12438 12191 12287
23833 12413 595 594
23834 12454 12187 12413
23835 12601 12570 12184
23836 12575 12520 12179
23837 12414 487 486
23838 12320 593 592
23839 12516 12453 12416
23840 12613 12576 12513
23841 12614 12176 12520
23842 12415 12393 489
23843 12416 590 12321
23844 12416 12321 12181
23845 12513 12452 12178
23846 12500 12417 12451
23847 12631 12175 12611
23848 12611 12534 12586
23849 12651 12174 12611
23850 12730 12687 12699
23851 12699 12687 12651
23852 12632 12173 12501
23853 12560 12178 12500
23854 12613 12178 12560
23855 12513 12321 12452
23856 12366 578 577
23857 12378 12163 12366
23858 12639 12160 12495
23859 12622 12504 12155
23860 12370 12367 503
23861 12418 561 560
23862 12419 1094 1095
23863 12446 12420 1093
23864 12446 1094 12419
23865 12420 1092 1093
23866 12445 12421 1091
23867 12445 1092 12420
23868 12421 1090 1091
23869 12422 1089 1090
23870 12423 1087 1088
23871 12424 1085 1086
23872 12425 1083 1084
23873 12425 12424 550
23874 12425 1084 1085
23875 12443 1086 1087
23876 12443 1087 12423
23877 12444 1088 1089
23878 12444 1089 12422
23879 12422 1090 12421
23880 12275 12274 12153
23881 12276 12153 12274
23882 1115 1116 12151
23883 12430 1121 1122
23884 12431 1119 1120
23885 12433 12427 513
23886 12428 512 511
23887 12353 12352 570
23888 12508 12152 12276
23889 12549 12155 12494
23890 12703 12691 12647
23891 12760 12165 12738
23892 12760 12744 12722
23893 12746 12679 12707
23894 12757 12739 12719
23895 12682 12168 12593
23896 12374 12167 12365
23897 12749 12694 12724
23898 12675 12586 12172
23899 12614 12559 12176
23900 12579 12575 12179
23901 12580 12181 12576
23902 12570 12530 12184
23903 12635 12190 12497
23904 12554 12497 12187
23905 12636 12609 12189
23906 12588 12536 12191
23907 12751 12701 12192
23908 12727 12697 12195
23909 12726 12696 12198
23910 12750 12700 12201
23911 12587 12535 12202
23912 12634 12610 12204
23913 12618 12571 12511
23914 12659 12618 12207
23915 12572 12529 12209
23916 12581 12212 12574
23917 12582 12573 12214
23918 12512 12291 12442
23919 12512 12212 12291
23920 12615 12557 12217
23921 12674 12585 12221
23922 12683 12225 12594
23923 12756 12737 12718
23924 12745 12678 12708
23925 12606 12537 12589
23926 12648 12589 12231
23927 12702 12690 12648
23928 12552 12496 12236
23929 12551 12238 12528
23930 12330 12302 444
23931 12507 12236 12302
23932 12623 12567 12506
23933 12562 12245 12532
23934 12545 12248 12491
23935 12546 12492 12250
23936 12705 12693 12645
23937 12758 12258 12742
23938 12758 12741 12720
23939 12740 12681 12710
23940 12759 12743 12721
23941 12680 12261 12591
23942 12604 12539 12591
23943 12486 12263 12471
23944 12548 12531 12266
23945 12472 12334 423
23946 12503 12266 12334
23947 12626 12563 12526
23948 12375 1103 18
23949 12381 566 565
23950 12449 1101 1102
23951 12429 525 12384
23952 12430 12386 1121
23953 12431 12426 1119
23954 12387 12273 517
23955 12432 12388 1114
23956 12433 513 512
23957 12434 511 510
23958 12368 508 507
23959 12369 506 505
23960 12370 502 12357
23961 12371 500 12358
23962 12372 498 497
23963 12373 496 495
23964 12374 12365 493
23965 12322 491 490
23966 12435 488 487
23967 12323 486 485
23968 12324 483 482
23969 12436 481 480
23970 12437 477 12287
23971 12438 12401 12194
23972 12325 474 473
23973 12326 471 470
23974 12439 469 468
23975 12440 12406 466
23976 12441 464 463
23977 12442 460 12409
23978 12462 12327 458
23979 12328 456 455
23980 12480 454 453
23981 12767 12297 12230
23982 12733 12299 12233
23983 12482 446 445
23984 12330 444 443
23985 12331 441 440
23986 12483 439 438
23987 12467 12332 435
23988 12484 12467 434
23989 12485 431 430
23990 12333 429 428
23991 12486 12471 426
23992 12334 12312 424
23993 421 7 1077
23994 12280 1078 12278
23995 12281 1079 1080
23996 12282 12281 1080
23997 1082 10 654
23998 549 9 1083
23999 12443 12424 1086
24000 12444 12423 1088
24001 12445 557 556
24002 12446 559 558
24003 12447 561 12418
24004 12448 563 12383
24005 12449 12381 1101
24006 12375 12354 1103
24007 12376 572 571
24008 12377 574 573
24009 12378 12366 577
24010 12766 12366 12163
24011 12380 582 581
24012 12450 584 583
24013 12451 586 12391
24014 12452 588 12417
24015 12453 592 591
24016 12454 12413 594
24017 12455 597 596
24018 12335 599 598
24019 12456 601 600
24020 12457 603 12400
24021 12458 605 12319
24022 12459 609 608
24023 12336 611 610
24024 12337 614 613
24025 12460 616 615
24026 12338 12317 619
24027 12339 621 620
24028 12340 624 623
24029 12341 626 625
24030 12342 628 12296
24031 12463 12343 630
24032 12344 634 633
24033 12345 636 635
24034 12346 639 638
24035 12487 641 640
24036 12347 644 643
24037 12488 645 12468
24038 12489 649 648
24039 12348 651 650
24040 12490 653 12474
24041 1084 1083 17
24042 12419 12272 12418
24043 1095 1096 12272
24044 12274 1104 1105
24045 12508 12356 12152
24046 12368 12355 1106
24047 12389 1108 1109
24048 12428 1110 1111
24049 12432 12151 12387
24050 12277 518 12273
24051 1126 1125 20
24052 1126 8 526
24053 12273 518 517
24054 12273 1116 1117
24055 12276 12274 1105
24056 12566 12275 12153
24057 12509 12154 12352
24058 12275 1104 12274
24059 12276 1105 19
24060 12565 12276 12152
24061 12277 1117 1118
24062 12426 1118 1119
24063 12280 12278 12269
24064 12278 1078 1079
24065 12279 1082 654
24066 12706 12281 12282
24067 12473 12280 12269
24068 12280 1077 1078
24069 12282 1080 1081
24070 12673 12281 12270
24071 12282 1081 12279
24072 12706 12279 12271
24073 12534 12283 12172
24074 12534 12391 12283
24075 12413 12284 595
24076 12497 12284 12413
24077 12714 12684 12199
24078 12714 12400 12285
24079 12286 480 479
24080 12521 12286 12188
24081 12287 477 476
24082 12438 476 475
24083 12406 12288 467
24084 12498 12288 12406
24085 12441 12289 464
24086 12529 12440 12289
24087 12499 12290 12460
24088 12461 12290 12220
24089 12291 462 461
24090 12442 12409 12215
24091 12533 12292 12221
24092 12533 12462 12292
24093 12541 12293 12224
24094 12541 12328 12293
24095 12712 12683 12224
24096 12712 12480 12294
24097 12481 451 450
24098 12295 12227 12294
24099 12315 12296 627
24100 12342 12296 12235
24101 12329 449 448
24102 12767 12230 12747
24103 12464 12298 12241
24104 12298 632 631
24105 12300 447 446
24106 12733 12690 12702
24107 12482 12300 446
24108 12496 12300 12482
24109 12524 12301 12244
24110 12301 635 634
24111 12507 12302 12330
24112 12482 12302 12236
24113 12519 12303 12242
24114 12303 442 441
24115 12525 12304 12245
24116 12525 12331 12304
24117 12466 12305 12248
24118 12305 437 436
24119 12308 12306 12262
24120 12306 647 646
24121 12309 12307 432
24122 12540 12467 12484
24123 12539 12308 12262
24124 12539 12489 12308
24125 12309 432 431
24126 12710 12681 12254
24127 12526 12310 12268
24128 12526 12474 12310
24129 12471 12311 427
24130 12715 12704 12260
24131 12312 425 424
24132 12334 424 423
24133 12475 12313 642
24134 12764 12256 12741
24135 12346 12314 639
24136 12492 12314 12346
24137 12315 627 626
24138 12537 12315 12232
24139 12316 623 622
24140 12762 12226 12737
24141 12317 620 619
24142 12338 619 618
24143 12318 608 607
24144 12523 12318 12205
24145 12319 605 604
24146 12457 12400 12199
24147 12453 12320 592
24148 12530 12454 12320
24149 12321 590 589
24150 12452 12417 12178
24151 12392 12322 12170
24152 12393 12322 490
24153 12394 12323 485
24154 12520 12414 12323
24155 12397 12324 482
24156 12395 12324 12182
24157 12713 12685 12194
24158 12713 12401 12325
24159 12403 470 469
24160 12752 12200 12750
24161 12527 12327 12218
24162 12527 12409 12327
24163 12328 455 12293
24164 12328 12221 12292
24165 12329 12297 449
24166 12329 448 12299
24167 12465 12330 443
24168 12507 12330 12239
24169 12331 12242 12303
24170 12331 440 12304
24171 12332 436 435
24172 12491 12332 12251
24173 12333 428 12311
24174 12765 12260 12743
24175 12503 12334 12472
24176 12334 12266 12312
24177 12396 598 597
24178 12753 12193 12751
24179 12410 12336 610
24180 12405 12336 12211
24181 12404 12337 613
24182 12522 12407 12337
24183 12338 12223 12317
24184 12461 12338 618
24185 12479 12339 12226
24186 12339 620 12317
24187 12340 623 12316
24188 12708 12341 12478
24189 12478 12341 625
24190 12341 12232 12315
24191 12528 12342 12235
24192 12528 12463 12342
24193 12343 631 630
24194 12506 12343 12238
24195 12514 12344 12464
24196 12344 12244 12301
24197 12477 12345 12247
24198 12345 635 12301
24199 12476 638 637
24200 12492 12346 12250
24201 12468 12347 12259
24202 12347 643 12313
24203 12469 12348 650
24204 12348 12268 12310
24205 12734 12691 12703
24206 12349 576 575
24207 12377 12350 574
24208 12495 12350 12377
24209 12505 12351 12376
24210 12377 12351 12157
24211 12509 12352 12353
24212 12376 12352 12154
24213 12353 570 569
24214 12375 569 568
24215 12354 568 567
24216 12449 567 566
24217 12355 507 506
24218 12355 19 1106
24219 12508 12369 12356
24220 12356 505 504
24221 12504 12370 12155
24222 12357 502 501
24223 12361 12358 499
24224 12494 12371 12158
24225 12711 12682 12169
24226 12711 12380 12359
24227 12379 579 578
24228 12360 12166 12359
24229 12361 499 498
24230 12538 12361 12161
24231 12542 12362 12169
24232 12542 12450 12362
24233 12363 497 496
24234 12707 12679 12161
24235 12364 495 494
24236 12763 12167 12739
24237 12365 494 493
24238 12374 493 492
24239 12378 577 576
24240 12766 12163 12744
24241 12367 12152 12356
24242 12367 504 503
24243 12368 507 12355
24244 12390 1107 1108
24245 12369 505 12356
24246 12369 19 12355
24247 12370 503 502
24248 12370 12357 12155
24249 12371 12357 501
24250 12371 501 500
24251 12372 497 12363
24252 12372 12161 12361
24253 12373 495 12364
24254 12373 12164 12363
24255 12392 12374 492
24256 12755 12170 12749
24257 12375 12353 569
24258 12375 568 12354
24259 12376 571 12352
24260 12505 12376 12154
24261 12377 573 12351
24262 12495 12377 12157
24263 12378 576 12349
24264 12734 12349 12160
24265 12379 12360 579
24266 12379 578 12366
24267 12380 581 12359
24268 12380 12169 12362
24269 12382 1100 12381
24270 12381 1100 1101
24271 12382 1099 1100
24272 12382 565 564
24273 12447 12418 12272
24274 12383 1097 1098
24275 12385 12384 524
24276 12429 12384 1124
24277 12385 524 523
24278 12430 523 522
24279 12386 522 521
24280 12431 521 520
24281 12432 516 515
24282 12387 12151 12273
24283 12388 515 514
24284 12388 1113 1114
24285 12434 1109 1110
24286 12434 12389 1109
24287 12390 509 508
24288 12390 12368 1107
24289 12500 12451 12175
24290 12391 586 585
24291 12392 492 491
24292 12392 491 12322
24293 12393 490 489
24294 12415 489 488
24295 12515 12394 12395
24296 12394 12179 12323
24297 12395 484 483
24298 12515 12395 12182
24299 12731 12689 12701
24300 12396 12193 12335
24301 12397 482 481
24302 12510 12397 12185
24303 12456 12398 12196
24304 12398 600 599
24305 12399 12188 12286
24306 12399 479 478
24307 12543 12457 12199
24308 12400 603 602
24309 12401 475 474
24310 12401 474 12325
24311 12402 473 472
24312 12411 472 471
24313 12732 12688 12700
24314 12403 12200 12326
24315 12517 12404 12405
24316 12404 12214 12337
24317 12405 612 611
24318 12517 12405 12211
24319 12440 466 465
24320 12498 12406 12206
24321 12460 12407 12217
24322 12407 614 12337
24323 12408 463 462
24324 12518 12408 12212
24325 12409 460 459
24326 12409 459 12327
24327 12410 610 609
24328 12511 12410 12208
24329 12411 471 12326
24330 12752 12326 12200
24331 12412 12205 12318
24332 12412 607 606
24333 12454 594 593
24334 12497 12413 12187
24335 12435 12414 12176
24336 12414 486 12323
24337 12415 12173 12393
24338 12435 12415 488
24339 12416 591 590
24340 12516 12416 12181
24341 12417 588 587
24342 12451 12417 587
24343 12419 12418 560
24344 12447 12272 1096
24345 12419 560 559
24346 12446 12419 559
24347 12420 558 557
24348 12445 12420 557
24349 12421 556 555
24350 12422 12421 555
24351 12422 555 554
24352 12444 554 553
24353 12423 553 552
24354 12443 552 551
24355 12424 551 550
24356 12425 550 549
24357 12425 549 1083
24358 12425 1085 12424
24359 12426 520 519
24360 12426 519 12277
24361 12427 1113 12388
24362 12427 514 513
24363 12433 1111 1112
24364 12433 12428 1111
24365 12429 1124 1125
24366 12429 526 525
24367 12430 12385 523
24368 12430 522 12386
24369 12431 12386 521
24370 12431 520 12426
24371 12432 12387 516
24372 12432 515 12388
24373 12433 512 12428
24374 12433 1112 12427
24375 12434 510 12389
24376 12434 1110 12428
24377 12435 487 12414
24378 12501 12435 12176
24379 12436 480 12286
24380 12436 12185 12397
24381 12437 478 477
24382 12437 12287 12191
24383 12438 12287 476
24384 12438 475 12401
24385 12439 468 12288
24386 12732 12439 12203
24387 12440 465 12289
24388 12529 12289 12209
24389 12441 12209 12289
24390 12441 463 12408
24391 12442 12291 461
24392 12442 461 460
24393 12443 12423 552
24394 12443 551 12424
24395 12444 12422 554
24396 12444 553 12423
24397 12445 556 12421
24398 12445 1091 1092
24399 12446 558 12420
24400 12446 1093 1094
24401 12447 12383 562
24402 12447 562 561
24403 12448 12382 564
24404 12448 564 563
24405 12449 12354 567
24406 12449 566 12381
24407 12450 583 12362
24408 12450 12172 12283
24409 12451 587 586
24410 12451 12391 12175
24411 12452 12321 589
24412 12452 589 588
24413 12453 12184 12320
24414 12453 591 12416
24415 12454 593 12320
24416 12530 12320 12184
24417 12455 596 12284
24418 12731 12455 12190
24419 12456 600 12398
24420 12456 12196 12285
24421 12457 12319 604
24422 12457 604 603
24423 12458 606 605
24424 12458 12319 12202
24425 12459 608 12318
24426 12459 12208 12410
24427 12460 615 12407
24428 12499 12460 12217
24429 12729 12461 12220
24430 12461 618 617
24431 12462 458 457
24432 12462 457 12292
24433 12463 12238 12343
24434 12463 630 629
24435 12464 633 632
24436 12514 12464 12241
24437 12465 12239 12330
24438 12465 442 12303
24439 12532 12466 12248
24440 12532 12483 12466
24441 12484 434 433
24442 12467 12251 12332
24443 12468 644 12347
24444 12709 12680 12262
24445 12469 650 649
24446 12493 12469 12265
24447 12485 12470 12257
24448 12470 429 12333
24449 12471 427 426
24450 12486 426 425
24451 12472 423 422
24452 12473 12472 422
24453 12473 12269 12472
24454 12473 421 12280
24455 12490 12474 12271
24456 12474 653 652
24457 12475 642 641
24458 12716 12705 12256
24459 12502 12476 12477
24460 12476 12250 12346
24461 12477 637 636
24462 12477 636 12345
24463 12478 625 624
24464 12478 12340 12229
24465 12479 622 621
24466 12479 621 12339
24467 12480 453 12294
24468 12480 12224 12293
24469 12481 12295 451
24470 12481 450 12297
24471 12482 445 12302
24472 12496 12482 12236
24473 12483 438 12466
24474 12483 12245 12304
24475 12484 433 12307
24476 12484 12307 12254
24477 12485 430 12470
24478 12485 12257 12309
24479 12486 425 12312
24480 12531 12312 12266
24481 12487 640 12314
24482 12716 12487 12253
24483 12488 12306 646
24484 12488 646 645
24485 12489 648 12308
24486 12489 12265 12469
24487 12490 654 653
24488 12490 12271 12279
24489 12644 12251 12599
24490 12491 12248 12305
24491 12628 12546 12250
24492 12492 12253 12314
24493 12642 12265 12604
24494 12493 12268 12348
24495 12640 12158 12605
24496 12494 12155 12357
24497 12621 12550 12157
24498 12495 12160 12350
24499 12624 12552 12236
24500 12496 12233 12300
24501 12619 12554 12187
24502 12497 12190 12284
24503 12617 12556 12206
24504 12498 12203 12288
24505 12557 12499 12217
24506 12499 12220 12290
24507 12631 12611 12174
24508 12500 12178 12417
24509 12559 12501 12176
24510 12501 12173 12415
24511 12561 12502 12247
24512 12502 12250 12476
24513 12564 12503 12269
24514 12672 12564 12270
24515 12662 12622 12156
24516 12504 12152 12367
24517 12566 12505 12154
24518 12662 12566 12153
24519 12661 12567 12623
24520 12506 12241 12298
24521 12568 12507 12239
24522 12661 12624 12568
24523 12508 12276 19
24524 12508 19 12369
24525 12509 18 12275
24526 12509 12275 12154
24527 12620 12510 12185
24528 12660 12620 12186
24529 12511 12211 12336
24530 12618 12511 12208
24531 12616 12215 12558
24532 12658 12616 12216
24533 12657 12576 12613
24534 12513 12181 12321
24535 12655 12583 12598
24536 12514 12244 12344
24537 12653 12579 12600
24538 12515 12179 12394
24539 12653 12601 12580
24540 12516 12184 12453
24541 12654 12582 12602
24542 12517 12214 12404
24543 12654 12603 12581
24544 12518 12209 12441
24545 12655 12598 12243
24546 12519 12239 12465
24547 12657 12614 12575
24548 12520 12176 12414
24549 12636 12188 12609
24550 12521 12185 12436
24551 12658 12573 12213
24552 12522 12217 12407
24553 12634 12205 12610
24554 12523 12208 12459
24555 12656 12608 12577
24556 12524 12247 12345
24557 12656 12578 12607
24558 12525 12242 12331
24559 12526 12271 12474
24560 12626 12268 12547
24561 12630 12612 12219
24562 12527 12215 12409
24563 12638 12235 12606
24564 12528 12238 12463
24565 12659 12572 12210
24566 12529 12206 12440
24567 12660 12570 12183
24568 12530 12187 12454
24569 12625 12548 12266
24570 12531 12263 12486
24571 12627 12562 12532
24572 12532 12245 12483
24573 12652 12585 12222
24574 12533 12218 12462
24575 12651 12586 12171
24576 12534 12175 12391
24577 12650 12587 12201
24578 12535 12205 12412
24579 12649 12588 12192
24580 12536 12188 12399
24581 12537 12235 12296
24582 12589 12537 12232
24583 12590 12538 12161
24584 12647 12590 12162
24585 12646 12591 12261
24586 12539 12265 12489
24587 12592 12540 12254
24588 12645 12592 12255
24589 12695 12674 12594
24590 12541 12221 12328
24591 12694 12675 12593
24592 12542 12172 12450
24593 12696 12676 12595
24594 12543 12202 12457
24595 12697 12677 12596
24596 12544 12191 12438
24597 12671 12644 12252
24598 12627 12545 12249
24599 12671 12249 12545
24600 12671 12546 12249
24601 12670 12642 12264
24602 12626 12547 12267
24603 12670 12267 12547
24604 12670 12548 12267
24605 12668 12640 12159
24606 12622 12549 12156
24607 12668 12639 12550
24608 12668 12550 12156
24609 12669 12638 12234
24610 12623 12551 12237
24611 12669 12637 12552
24612 12669 12552 12237
24613 12666 12636 12189
24614 12620 12553 12186
24615 12666 12635 12554
24616 12666 12554 12186
24617 12667 12634 12204
24618 12618 12555 12207
24619 12667 12633 12556
24620 12667 12556 12207
24621 12665 12629 12557
24622 12665 12557 12216
24623 12665 12630 12219
24624 12616 12558 12216
24625 12664 12631 12174
24626 12664 12632 12559
24627 12664 12560 12631
24628 12613 12560 12177
24629 12663 12627 12249
24630 12663 12628 12561
24631 12663 12562 12627
24632 12607 12562 12246
24633 12706 12563 12270
24634 12563 12271 12526
24635 12673 12269 12278
24636 12672 12270 12563
24637 12565 12153 12276
24638 12565 12152 12504
24639 12566 12154 12275
24640 12662 12621 12566
24641 12597 12567 12240
24642 12567 12241 12506
24643 12583 12239 12519
24644 12661 12240 12567
24645 12600 12569 12183
24646 12569 12182 12510
24647 12601 12184 12516
24648 12660 12619 12570
24649 12602 12571 12210
24650 12571 12211 12511
24651 12603 12209 12518
24652 12659 12617 12572
24653 12582 12214 12517
24654 12658 12615 12573
24655 12581 12574 12213
24656 12574 12212 12512
24657 12579 12179 12515
24658 12657 12180 12576
24659 12580 12576 12180
24660 12576 12181 12513
24661 12584 12244 12514
24662 12656 12243 12578
24663 12598 12578 12243
24664 12578 12242 12525
24665 12600 12579 12515
24666 12579 12180 12575
24667 12653 12180 12579
24668 12580 12516 12181
24669 12654 12213 12582
24670 12581 12518 12212
24671 12602 12582 12517
24672 12582 12213 12573
24673 12598 12583 12519
24674 12583 12240 12568
24675 12597 12584 12514
24676 12584 12243 12577
24677 12674 12221 12541
24678 12652 12612 12585
24679 12675 12172 12542
24680 12651 12611 12586
24681 12676 12202 12543
24682 12650 12610 12587
24683 12677 12191 12544
24684 12649 12609 12588
24685 12678 12589 12232
24686 12648 12606 12589
24687 12679 12590 12161
24688 12647 12605 12590
24689 12680 12591 12262
24690 12646 12604 12591
24691 12681 12592 12254
24692 12645 12599 12540
24693 12682 12593 12169
24694 12694 12593 12168
24695 12683 12594 12224
24696 12695 12594 12225
24697 12684 12595 12199
24698 12696 12595 12198
24699 12685 12596 12194
24700 12697 12596 12195
24701 12655 12240 12583
24702 12597 12514 12241
24703 12655 12243 12584
24704 12598 12519 12242
24705 12671 12252 12643
24706 12599 12251 12540
24707 12653 12183 12601
24708 12600 12515 12182
24709 12601 12516 12580
24710 12601 12183 12570
24711 12654 12210 12603
24712 12602 12517 12211
24713 12603 12518 12581
24714 12603 12210 12572
24715 12670 12264 12641
24716 12604 12265 12539
24717 12668 12159 12639
24718 12605 12158 12538
24719 12669 12234 12637
24720 12606 12235 12537
24721 12656 12246 12608
24722 12607 12525 12245
24723 12608 12524 12577
24724 12608 12246 12561
24725 12666 12189 12635
24726 12609 12188 12536
24727 12667 12204 12633
24728 12610 12205 12535
24729 12664 12174 12632
24730 12611 12175 12534
24731 12665 12219 12629
24732 12612 12218 12533
24733 12657 12177 12614
24734 12613 12513 12178
24735 12614 12520 12575
24736 12614 12177 12559
24737 12615 12522 12573
24738 12615 12216 12557
24739 12658 12216 12615
24740 12616 12512 12215
24741 12617 12207 12556
24742 12617 12206 12529
24743 12618 12208 12555
24744 12659 12207 12617
24745 12619 12186 12554
24746 12619 12187 12530
24747 12620 12185 12553
24748 12660 12186 12619
24749 12621 12156 12550
24750 12621 12157 12505
24751 12622 12155 12549
24752 12662 12156 12621
24753 12623 12238 12551
24754 12661 12237 12624
24755 12624 12237 12552
24756 12624 12236 12507
24757 12625 12267 12548
24758 12625 12503 12564
24759 12626 12526 12268
24760 12672 12267 12625
24761 12627 12532 12248
24762 12663 12249 12628
24763 12628 12249 12546
24764 12628 12502 12561
24765 12686 12629 12219
24766 12629 12499 12557
24767 12630 12558 12527
24768 12630 12527 12218
24769 12631 12560 12500
24770 12631 12500 12175
24771 12687 12632 12174
24772 12632 12501 12559
24773 12688 12633 12204
24774 12633 12498 12556
24775 12634 12555 12523
24776 12634 12523 12205
24777 12689 12635 12189
24778 12635 12497 12554
24779 12636 12553 12521
24780 12636 12521 12188
24781 12690 12637 12234
24782 12637 12496 12552
24783 12638 12551 12528
24784 12638 12528 12235
24785 12691 12639 12159
24786 12639 12495 12550
24787 12640 12549 12494
24788 12640 12494 12158
24789 12692 12641 12264
24790 12641 12531 12548
24791 12642 12547 12493
24792 12642 12493 12265
24793 12693 12643 12252
24794 12643 12492 12546
24795 12644 12545 12491
24796 12644 12491 12251
24797 12716 12693 12705
24798 12645 12252 12599
24799 12715 12692 12704
24800 12646 12264 12604
24801 12734 12703 12163
24802 12647 12159 12605
24803 12733 12702 12230
24804 12648 12234 12606
24805 12731 12701 12193
24806 12649 12189 12609
24807 12732 12700 12200
24808 12650 12204 12610
24809 12749 12699 12171
24810 12730 12699 12170
24811 12748 12698 12222
24812 12729 12698 12223
24813 12653 12580 12180
24814 12653 12600 12183
24815 12654 12581 12213
24816 12654 12602 12210
24817 12655 12584 12597
24818 12655 12597 12240
24819 12656 12577 12243
24820 12656 12607 12246
24821 12657 12575 12180
24822 12657 12613 12177
24823 12658 12213 12574
24824 12658 12574 12616
24825 12659 12210 12571
24826 12659 12571 12618
24827 12660 12183 12569
24828 12660 12569 12620
24829 12661 12568 12240
24830 12661 12623 12237
24831 12662 12153 12565
24832 12662 12565 12622
24833 12663 12561 12246
24834 12663 12246 12562
24835 12664 12559 12177
24836 12664 12177 12560
24837 12665 12216 12558
24838 12665 12558 12630
24839 12666 12186 12553
24840 12666 12553 12636
24841 12667 12207 12555
24842 12667 12555 12634
24843 12668 12156 12549
24844 12668 12549 12640
24845 12669 12237 12551
24846 12669 12551 12638
24847 12670 12641 12548
24848 12670 12547 12642
24849 12671 12643 12546
24850 12671 12545 12644
24851 12672 12625 12564
24852 12672 12563 12626
24853 12673 12278 12281
24854 12673 12270 12564
24855 12674 12541 12594
24856 12674 12222 12585
24857 12675 12542 12593
24858 12675 12171 12586
24859 12676 12543 12595
24860 12676 12201 12587
24861 12677 12544 12596
24862 12677 12192 12588
24863 12708 12232 12341
24864 12745 12723 12678
24865 12707 12161 12372
24866 12746 12722 12679
24867 12709 12262 12306
24868 12742 12721 12680
24869 12710 12254 12307
24870 12740 12720 12681
24871 12711 12169 12380
24872 12738 12719 12682
24873 12712 12224 12480
24874 12736 12718 12683
24875 12735 12717 12685
24876 12684 12198 12595
24877 12685 12195 12596
24878 12713 12194 12401
24879 12686 12220 12629
24880 12686 12219 12652
24881 12687 12173 12632
24882 12687 12174 12651
24883 12688 12203 12633
24884 12688 12204 12650
24885 12689 12190 12635
24886 12689 12189 12649
24887 12690 12233 12637
24888 12690 12234 12648
24889 12691 12160 12639
24890 12691 12159 12647
24891 12692 12263 12641
24892 12692 12264 12646
24893 12693 12253 12643
24894 12693 12252 12645
24895 12739 12724 12168
24896 12694 12171 12675
24897 12737 12725 12225
24898 12695 12222 12674
24899 12735 12726 12198
24900 12696 12201 12676
24901 12728 12727 12195
24902 12697 12192 12677
24903 12698 12652 12222
24904 12729 12223 12338
24905 12699 12651 12171
24906 12730 12170 12322
24907 12700 12650 12201
24908 12732 12200 12403
24909 12701 12649 12192
24910 12731 12193 12396
24911 12702 12648 12231
24912 12733 12230 12329
24913 12703 12647 12162
24914 12734 12163 12378
24915 12704 12646 12261
24916 12715 12260 12311
24917 12705 12645 12255
24918 12716 12256 12475
24919 12706 12270 12281
24920 12706 12282 12279
24921 12707 12363 12164
24922 12746 12707 12164
24923 12708 12478 12229
24924 12745 12708 12229
24925 12709 12488 12259
24926 12742 12709 12259
24927 12710 12309 12257
24928 12740 12710 12257
24929 12711 12359 12166
24930 12738 12711 12166
24931 12712 12294 12227
24932 12736 12712 12227
24933 12713 12325 12197
24934 12735 12713 12197
24935 12714 12285 12196
24936 12728 12714 12196
24937 12715 12311 12471
24938 12715 12263 12692
24939 12716 12475 12487
24940 12716 12253 12693
24941 12728 12717 12684
24942 12717 12195 12685
24943 12762 12756 12229
24944 12718 12225 12683
24945 12763 12757 12164
24946 12719 12168 12682
24947 12764 12758 12259
24948 12720 12255 12681
24949 12765 12759 12257
24950 12721 12261 12680
24951 12766 12760 12166
24952 12722 12162 12679
24953 12723 12231 12678
24954 12761 12228 12736
24955 12755 12167 12374
24956 12755 12749 12724
24957 12754 12226 12339
24958 12754 12748 12725
24959 12752 12197 12411
24960 12752 12750 12726
24961 12753 12196 12398
24962 12753 12751 12727
24963 12728 12195 12717
24964 12728 12684 12714
24965 12729 12338 12461
24966 12729 12220 12686
24967 12730 12322 12393
24968 12730 12173 12687
24969 12731 12396 12455
24970 12731 12190 12689
24971 12732 12403 12439
24972 12732 12203 12688
24973 12733 12329 12299
24974 12733 12233 12690
24975 12734 12378 12349
24976 12734 12160 12691
24977 12735 12198 12717
24978 12735 12685 12713
24979 12761 12736 12227
24980 12736 12228 12718
24981 12737 12226 12725
24982 12737 12225 12718
24983 12760 12738 12166
24984 12738 12165 12719
24985 12739 12167 12724
24986 12739 12168 12719
24987 12759 12740 12257
24988 12740 12258 12720
24989 12741 12256 12705
24990 12741 12255 12720
24991 12758 12742 12259
24992 12742 12258 12721
24993 12743 12260 12704
24994 12743 12261 12721
24995 12744 12163 12703
24996 12744 12162 12722
24997 12756 12745 12229
24998 12745 12228 12723
24999 12757 12746 12164
25000 12746 12165 12722
25001 12747 12230 12702
25002 12747 12231 12723
25003 12748 12223 12698
25004 12748 12222 12695
25005 12749 12170 12699
25006 12749 12171 12694
25007 12750 12200 12700
25008 12750 12201 12696
25009 12751 12193 12701
25010 12751 12192 12697
25011 12752 12726 12197
25012 12752 12411 12326
25013 12753 12727 12196
25014 12753 12398 12335
25015 12754 12725 12226
25016 12754 12339 12317
25017 12755 12724 12167
25018 12755 12374 12392
25019 12756 12718 12228
25020 12762 12229 12316
25021 12757 12719 12165
25022 12763 12164 12364
25023 12758 12720 12258
25024 12764 12259 12347
25025 12759 12721 12258
25026 12765 12257 12470
25027 12760 12722 12165
25028 12766 12166 12379
25029 12761 12723 12228
25030 12767 12227 12481
25031 12762 12316 12479
25032 12762 12737 12756
25033 12763 12364 12365
25034 12763 12739 12757
25035 12764 12347 12313
25036 12764 12741 12758
25037 12765 12470 12333
25038 12765 12743 12759
25039 12766 12379 12366
25040 12766 12744 12760
25041 12767 12481 12297
25042 12767 12747 12761
