1 3.0000000000000000e+02 1.0000000000000000e+02
2 3.0000000000000000e+02 0.0000000000000000e+00
3 3.5000000000000000e+02 0.0000000000000000e+00
4 3.5000000000000000e+02 1.0000000000000000e+02
5 2.0000000000000000e+02 1.0000000000000000e+02
6 2.0000000000000000e+02 0.0000000000000000e+00
7 1.7812500000000000e+02 1.0000000000000000e+02
8 1.7812500000000000e+02 0.0000000000000000e+00
9 1.7187500000000000e+02 0.0000000000000000e+00
10 1.7187500000000000e+02 1.0000000000000000e+02
11 1.5000000000000000e+02 1.0000000000000000e+02
12 1.5000000000000000e+02 0.0000000000000000e+00
13 5.0000000000000000e+01 1.0000000000000000e+02
14 5.0000000000000000e+01 0.0000000000000000e+00
15 0.0000000000000000e+00 1.0000000000000000e+02
16 0.0000000000000000e+00 0.0000000000000000e+00
17 1.7375000000000000e+02 0.0000000000000000e+00
18 1.7375000000000000e+02 2.0000000000000000e+01
19 1.7625000000000000e+02 2.0000000000000000e+01
20 1.7625000000000000e+02 0.0000000000000000e+00
21 3.0000000000000000e+02 9.8750000000000000e+01
22 3.0000000000000000e+02 9.7500000000000000e+01
23 3.0000000000000000e+02 9.6250000000000000e+01
24 3.0000000000000000e+02 9.5000000000000000e+01
25 3.0000000000000000e+02 9.3750000000000000e+01
26 3.0000000000000000e+02 9.2500000000000000e+01
27 3.0000000000000000e+02 9.1250000000000000e+01
28 3.0000000000000000e+02 9.0000000000000000e+01
29 3.0000000000000000e+02 8.8750000000000000e+01
30 3.0000000000000000e+02 8.7500000000000000e+01
31 3.0000000000000000e+02 8.6250000000000000e+01
32 3.0000000000000000e+02 8.5000000000000000e+01
33 3.0000000000000000e+02 8.3750000000000000e+01
34 3.0000000000000000e+02 8.2500000000000000e+01
35 3.0000000000000000e+02 8.1250000000000000e+01
36 3.0000000000000000e+02 8.0000000000000000e+01
37 3.0000000000000000e+02 7.8750000000000000e+01
38 3.0000000000000000e+02 7.7500000000000000e+01
39 3.0000000000000000e+02 7.6250000000000000e+01
40 3.0000000000000000e+02 7.5000000000000000e+01
41 3.0000000000000000e+02 7.3750000000000000e+01
42 3.0000000000000000e+02 7.2500000000000000e+01
43 3.0000000000000000e+02 7.1250000000000000e+01
44 3.0000000000000000e+02 7.0000000000000000e+01
45 3.0000000000000000e+02 6.8750000000000000e+01
46 3.0000000000000000e+02 6.7500000000000000e+01
47 3.0000000000000000e+02 6.6250000000000000e+01
48 3.0000000000000000e+02 6.5000000000000000e+01
49 3.0000000000000000e+02 6.3750000000000000e+01
50 3.0000000000000000e+02 6.2500000000000000e+01
51 3.0000000000000000e+02 6.1250000000000000e+01
52 3.0000000000000000e+02 6.0000000000000000e+01
53 3.0000000000000000e+02 5.8750000000000000e+01
54 3.0000000000000000e+02 5.7500000000000000e+01
55 3.0000000000000000e+02 5.6250000000000000e+01
56 3.0000000000000000e+02 5.5000000000000000e+01
57 3.0000000000000000e+02 5.3750000000000000e+01
58 3.0000000000000000e+02 5.2500000000000000e+01
59 3.0000000000000000e+02 5.1250000000000000e+01
60 3.0000000000000000e+02 5.0000000000000000e+01
61 3.0000000000000000e+02 4.8750000000000000e+01
62 3.0000000000000000e+02 4.7500000000000000e+01
63 3.0000000000000000e+02 4.6250000000000000e+01
64 3.0000000000000000e+02 4.5000000000000000e+01
65 3.0000000000000000e+02 4.3750000000000000e+01
66 3.0000000000000000e+02 4.2500000000000000e+01
67 3.0000000000000000e+02 4.1250000000000000e+01
68 3.0000000000000000e+02 4.0000000000000000e+01
69 3.0000000000000000e+02 3.8750000000000000e+01
70 3.0000000000000000e+02 3.7500000000000000e+01
71 3.0000000000000000e+02 3.6250000000000000e+01
72 3.0000000000000000e+02 3.5000000000000000e+01
73 3.0000000000000000e+02 3.3750000000000000e+01
74 3.0000000000000000e+02 3.2500000000000000e+01
75 3.0000000000000000e+02 3.1250000000000000e+01
76 3.0000000000000000e+02 3.0000000000000000e+01
77 3.0000000000000000e+02 2.8750000000000000e+01
78 3.0000000000000000e+02 2.7500000000000000e+01
79 3.0000000000000000e+02 2.6250000000000000e+01
80 3.0000000000000000e+02 2.5000000000000000e+01
81 3.0000000000000000e+02 2.3750000000000000e+01
82 3.0000000000000000e+02 2.2500000000000000e+01
83 3.0000000000000000e+02 2.1250000000000000e+01
84 3.0000000000000000e+02 2.0000000000000000e+01
85 3.0000000000000000e+02 1.8750000000000000e+01
86 3.0000000000000000e+02 1.7500000000000000e+01
87 3.0000000000000000e+02 1.6250000000000000e+01
88 3.0000000000000000e+02 1.5000000000000000e+01
89 3.0000000000000000e+02 1.3750000000000000e+01
90 3.0000000000000000e+02 1.2500000000000000e+01
91 3.0000000000000000e+02 1.1250000000000000e+01
92 3.0000000000000000e+02 1.0000000000000000e+01
93 3.0000000000000000e+02 8.7500000000000000e+00
94 3.0000000000000000e+02 7.5000000000000000e+00
95 3.0000000000000000e+02 6.2500000000000000e+00
96 3.0000000000000000e+02 5.0000000000000000e+00
97 3.0000000000000000e+02 3.7500000000000000e+00
98 3.0000000000000000e+02 2.5000000000000000e+00
99 3.0000000000000000e+02 1.2500000000000000e+00
100 3.0625000000000000e+02 0.0000000000000000e+00
101 3.1250000000000000e+02 0.0000000000000000e+00
102 3.1875000000000000e+02 0.0000000000000000e+00
103 3.2500000000000000e+02 0.0000000000000000e+00
104 3.3125000000000000e+02 0.0000000000000000e+00
105 3.3750000000000000e+02 0.0000000000000000e+00
106 3.4375000000000000e+02 0.0000000000000000e+00
107 3.5000000000000000e+02 1.2500000000000000e+00
108 3.5000000000000000e+02 2.5000000000000000e+00
109 3.5000000000000000e+02 3.7500000000000000e+00
110 3.5000000000000000e+02 5.0000000000000000e+00
111 3.5000000000000000e+02 6.2500000000000000e+00
112 3.5000000000000000e+02 7.5000000000000000e+00
113 3.5000000000000000e+02 8.7500000000000000e+00
114 3.5000000000000000e+02 1.0000000000000000e+01
115 3.5000000000000000e+02 1.1250000000000000e+01
116 3.5000000000000000e+02 1.2500000000000000e+01
117 3.5000000000000000e+02 1.3750000000000000e+01
118 3.5000000000000000e+02 1.5000000000000000e+01
119 3.5000000000000000e+02 1.6250000000000000e+01
120 3.5000000000000000e+02 1.7500000000000000e+01
121 3.5000000000000000e+02 1.8750000000000000e+01
122 3.5000000000000000e+02 2.0000000000000000e+01
123 3.5000000000000000e+02 2.1250000000000000e+01
124 3.5000000000000000e+02 2.2500000000000000e+01
125 3.5000000000000000e+02 2.3750000000000000e+01
126 3.5000000000000000e+02 2.5000000000000000e+01
127 3.5000000000000000e+02 2.6250000000000000e+01
128 3.5000000000000000e+02 2.7500000000000000e+01
129 3.5000000000000000e+02 2.8750000000000000e+01
130 3.5000000000000000e+02 3.0000000000000000e+01
131 3.5000000000000000e+02 3.1250000000000000e+01
132 3.5000000000000000e+02 3.2500000000000000e+01
133 3.5000000000000000e+02 3.3750000000000000e+01
134 3.5000000000000000e+02 3.5000000000000000e+01
135 3.5000000000000000e+02 3.6250000000000000e+01
136 3.5000000000000000e+02 3.7500000000000000e+01
137 3.5000000000000000e+02 3.8750000000000000e+01
138 3.5000000000000000e+02 4.0000000000000000e+01
139 3.5000000000000000e+02 4.1250000000000000e+01
140 3.5000000000000000e+02 4.2500000000000000e+01
141 3.5000000000000000e+02 4.3750000000000000e+01
142 3.5000000000000000e+02 4.5000000000000000e+01
143 3.5000000000000000e+02 4.6250000000000000e+01
144 3.5000000000000000e+02 4.7500000000000000e+01
145 3.5000000000000000e+02 4.8750000000000000e+01
146 3.5000000000000000e+02 5.0000000000000000e+01
147 3.5000000000000000e+02 5.1250000000000000e+01
148 3.5000000000000000e+02 5.2500000000000000e+01
149 3.5000000000000000e+02 5.3750000000000000e+01
150 3.5000000000000000e+02 5.5000000000000000e+01
151 3.5000000000000000e+02 5.6250000000000000e+01
152 3.5000000000000000e+02 5.7500000000000000e+01
153 3.5000000000000000e+02 5.8750000000000000e+01
154 3.5000000000000000e+02 6.0000000000000000e+01
155 3.5000000000000000e+02 6.1250000000000000e+01
156 3.5000000000000000e+02 6.2500000000000000e+01
157 3.5000000000000000e+02 6.3750000000000000e+01
158 3.5000000000000000e+02 6.5000000000000000e+01
159 3.5000000000000000e+02 6.6250000000000000e+01
160 3.5000000000000000e+02 6.7500000000000000e+01
161 3.5000000000000000e+02 6.8750000000000000e+01
162 3.5000000000000000e+02 7.0000000000000000e+01
163 3.5000000000000000e+02 7.1250000000000000e+01
164 3.5000000000000000e+02 7.2500000000000000e+01
165 3.5000000000000000e+02 7.3750000000000000e+01
166 3.5000000000000000e+02 7.5000000000000000e+01
167 3.5000000000000000e+02 7.6250000000000000e+01
168 3.5000000000000000e+02 7.7500000000000000e+01
169 3.5000000000000000e+02 7.8750000000000000e+01
170 3.5000000000000000e+02 8.0000000000000000e+01
171 3.5000000000000000e+02 8.1250000000000000e+01
172 3.5000000000000000e+02 8.2500000000000000e+01
173 3.5000000000000000e+02 8.3750000000000000e+01
174 3.5000000000000000e+02 8.5000000000000000e+01
175 3.5000000000000000e+02 8.6250000000000000e+01
176 3.5000000000000000e+02 8.7500000000000000e+01
177 3.5000000000000000e+02 8.8750000000000000e+01
178 3.5000000000000000e+02 9.0000000000000000e+01
179 3.5000000000000000e+02 9.1250000000000000e+01
180 3.5000000000000000e+02 9.2500000000000000e+01
181 3.5000000000000000e+02 9.3750000000000000e+01
182 3.5000000000000000e+02 9.5000000000000000e+01
183 3.5000000000000000e+02 9.6250000000000000e+01
184 3.5000000000000000e+02 9.7500000000000000e+01
185 3.5000000000000000e+02 9.8750000000000000e+01
186 3.4375000000000000e+02 1.0000000000000000e+02
187 3.3750000000000000e+02 1.0000000000000000e+02
188 3.3125000000000000e+02 1.0000000000000000e+02
189 3.2500000000000000e+02 1.0000000000000000e+02
190 3.1875000000000000e+02 1.0000000000000000e+02
191 3.1250000000000000e+02 1.0000000000000000e+02
192 3.0625000000000000e+02 1.0000000000000000e+02
193 2.0000000000000000e+02 9.8750000000000000e+01
194 2.0000000000000000e+02 9.7500000000000000e+01
195 2.0000000000000000e+02 9.6250000000000000e+01
196 2.0000000000000000e+02 9.5000000000000000e+01
197 2.0000000000000000e+02 9.3750000000000000e+01
198 2.0000000000000000e+02 9.2500000000000000e+01
199 2.0000000000000000e+02 9.1250000000000000e+01
200 2.0000000000000000e+02 9.0000000000000000e+01
201 2.0000000000000000e+02 8.8750000000000000e+01
202 2.0000000000000000e+02 8.7500000000000000e+01
203 2.0000000000000000e+02 8.6250000000000000e+01
204 2.0000000000000000e+02 8.5000000000000000e+01
205 2.0000000000000000e+02 8.3750000000000000e+01
206 2.0000000000000000e+02 8.2500000000000000e+01
207 2.0000000000000000e+02 8.1250000000000000e+01
208 2.0000000000000000e+02 8.0000000000000000e+01
209 2.0000000000000000e+02 7.8750000000000000e+01
210 2.0000000000000000e+02 7.7500000000000000e+01
211 2.0000000000000000e+02 7.6250000000000000e+01
212 2.0000000000000000e+02 7.5000000000000000e+01
213 2.0000000000000000e+02 7.3750000000000000e+01
214 2.0000000000000000e+02 7.2500000000000000e+01
215 2.0000000000000000e+02 7.1250000000000000e+01
216 2.0000000000000000e+02 7.0000000000000000e+01
217 2.0000000000000000e+02 6.8750000000000000e+01
218 2.0000000000000000e+02 6.7500000000000000e+01
219 2.0000000000000000e+02 6.6250000000000000e+01
220 2.0000000000000000e+02 6.5000000000000000e+01
221 2.0000000000000000e+02 6.3750000000000000e+01
222 2.0000000000000000e+02 6.2500000000000000e+01
223 2.0000000000000000e+02 6.1250000000000000e+01
224 2.0000000000000000e+02 6.0000000000000000e+01
225 2.0000000000000000e+02 5.8750000000000000e+01
226 2.0000000000000000e+02 5.7500000000000000e+01
227 2.0000000000000000e+02 5.6250000000000000e+01
228 2.0000000000000000e+02 5.5000000000000000e+01
229 2.0000000000000000e+02 5.3750000000000000e+01
230 2.0000000000000000e+02 5.2500000000000000e+01
231 2.0000000000000000e+02 5.1250000000000000e+01
232 2.0000000000000000e+02 5.0000000000000000e+01
233 2.0000000000000000e+02 4.8750000000000000e+01
234 2.0000000000000000e+02 4.7500000000000000e+01
235 2.0000000000000000e+02 4.6250000000000000e+01
236 2.0000000000000000e+02 4.5000000000000000e+01
237 2.0000000000000000e+02 4.3750000000000000e+01
238 2.0000000000000000e+02 4.2500000000000000e+01
239 2.0000000000000000e+02 4.1250000000000000e+01
240 2.0000000000000000e+02 4.0000000000000000e+01
241 2.0000000000000000e+02 3.8750000000000000e+01
242 2.0000000000000000e+02 3.7500000000000000e+01
243 2.0000000000000000e+02 3.6250000000000000e+01
244 2.0000000000000000e+02 3.5000000000000000e+01
245 2.0000000000000000e+02 3.3750000000000000e+01
246 2.0000000000000000e+02 3.2500000000000000e+01
247 2.0000000000000000e+02 3.1250000000000000e+01
248 2.0000000000000000e+02 3.0000000000000000e+01
249 2.0000000000000000e+02 2.8750000000000000e+01
250 2.0000000000000000e+02 2.7500000000000000e+01
251 2.0000000000000000e+02 2.6250000000000000e+01
252 2.0000000000000000e+02 2.5000000000000000e+01
253 2.0000000000000000e+02 2.3750000000000000e+01
254 2.0000000000000000e+02 2.2500000000000000e+01
255 2.0000000000000000e+02 2.1250000000000000e+01
256 2.0000000000000000e+02 2.0000000000000000e+01
257 2.0000000000000000e+02 1.8750000000000000e+01
258 2.0000000000000000e+02 1.7500000000000000e+01
259 2.0000000000000000e+02 1.6250000000000000e+01
260 2.0000000000000000e+02 1.5000000000000000e+01
261 2.0000000000000000e+02 1.3750000000000000e+01
262 2.0000000000000000e+02 1.2500000000000000e+01
263 2.0000000000000000e+02 1.1250000000000000e+01
264 2.0000000000000000e+02 1.0000000000000000e+01
265 2.0000000000000000e+02 8.7500000000000000e+00
266 2.0000000000000000e+02 7.5000000000000000e+00
267 2.0000000000000000e+02 6.2500000000000000e+00
268 2.0000000000000000e+02 5.0000000000000000e+00
269 2.0000000000000000e+02 3.7500000000000000e+00
270 2.0000000000000000e+02 2.5000000000000000e+00
271 2.0000000000000000e+02 1.2500000000000000e+00
272 2.0625000000000000e+02 0.0000000000000000e+00
273 2.1250000000000000e+02 0.0000000000000000e+00
274 2.1875000000000000e+02 0.0000000000000000e+00
275 2.2500000000000000e+02 0.0000000000000000e+00
276 2.3125000000000000e+02 0.0000000000000000e+00
277 2.3750000000000000e+02 0.0000000000000000e+00
278 2.4375000000000000e+02 0.0000000000000000e+00
279 2.5000000000000000e+02 0.0000000000000000e+00
280 2.5625000000000000e+02 0.0000000000000000e+00
281 2.6250000000000000e+02 0.0000000000000000e+00
282 2.6875000000000000e+02 0.0000000000000000e+00
283 2.7500000000000000e+02 0.0000000000000000e+00
284 2.8125000000000000e+02 0.0000000000000000e+00
285 2.8750000000000000e+02 0.0000000000000000e+00
286 2.9375000000000000e+02 0.0000000000000000e+00
287 2.9375000000000000e+02 1.0000000000000000e+02
288 2.8750000000000000e+02 1.0000000000000000e+02
289 2.8125000000000000e+02 1.0000000000000000e+02
290 2.7500000000000000e+02 1.0000000000000000e+02
291 2.6875000000000000e+02 1.0000000000000000e+02
292 2.6250000000000000e+02 1.0000000000000000e+02
293 2.5625000000000000e+02 1.0000000000000000e+02
294 2.5000000000000000e+02 1.0000000000000000e+02
295 2.4375000000000000e+02 1.0000000000000000e+02
296 2.3750000000000000e+02 1.0000000000000000e+02
297 2.3125000000000000e+02 1.0000000000000000e+02
298 2.2500000000000000e+02 1.0000000000000000e+02
299 2.1875000000000000e+02 1.0000000000000000e+02
300 2.1250000000000000e+02 1.0000000000000000e+02
301 2.0625000000000000e+02 1.0000000000000000e+02
302 1.9878472900390625e+02 1.0000000000000000e+02
303 1.9756944274902344e+02 1.0000000000000000e+02
304 1.9635417175292969e+02 1.0000000000000000e+02
305 1.9513888549804688e+02 1.0000000000000000e+02
306 1.9392361450195312e+02 1.0000000000000000e+02
307 1.9270832824707031e+02 1.0000000000000000e+02
308 1.9149305725097656e+02 1.0000000000000000e+02
309 1.9027777099609375e+02 1.0000000000000000e+02
310 1.8906250000000000e+02 1.0000000000000000e+02
311 1.8784722900390625e+02 1.0000000000000000e+02
312 1.8663194274902344e+02 1.0000000000000000e+02
313 1.8541667175292969e+02 1.0000000000000000e+02
314 1.8420138549804688e+02 1.0000000000000000e+02
315 1.8298611450195312e+02 1.0000000000000000e+02
316 1.8177082824707031e+02 1.0000000000000000e+02
317 1.8055555725097656e+02 1.0000000000000000e+02
318 1.7934027099609375e+02 1.0000000000000000e+02
319 1.7812500000000000e+02 9.8750000000000000e+01
320 1.7812500000000000e+02 9.7500000000000000e+01
321 1.7812500000000000e+02 9.6250000000000000e+01
322 1.7812500000000000e+02 9.5000000000000000e+01
323 1.7812500000000000e+02 9.3750000000000000e+01
324 1.7812500000000000e+02 9.2500000000000000e+01
325 1.7812500000000000e+02 9.1250000000000000e+01
326 1.7812500000000000e+02 9.0000000000000000e+01
327 1.7812500000000000e+02 8.8750000000000000e+01
328 1.7812500000000000e+02 8.7500000000000000e+01
329 1.7812500000000000e+02 8.6250000000000000e+01
330 1.7812500000000000e+02 8.5000000000000000e+01
331 1.7812500000000000e+02 8.3750000000000000e+01
332 1.7812500000000000e+02 8.2500000000000000e+01
333 1.7812500000000000e+02 8.1250000000000000e+01
334 1.7812500000000000e+02 8.0000000000000000e+01
335 1.7812500000000000e+02 7.8750000000000000e+01
336 1.7812500000000000e+02 7.7500000000000000e+01
337 1.7812500000000000e+02 7.6250000000000000e+01
338 1.7812500000000000e+02 7.5000000000000000e+01
339 1.7812500000000000e+02 7.3750000000000000e+01
340 1.7812500000000000e+02 7.2500000000000000e+01
341 1.7812500000000000e+02 7.1250000000000000e+01
342 1.7812500000000000e+02 7.0000000000000000e+01
343 1.7812500000000000e+02 6.8750000000000000e+01
344 1.7812500000000000e+02 6.7500000000000000e+01
345 1.7812500000000000e+02 6.6250000000000000e+01
346 1.7812500000000000e+02 6.5000000000000000e+01
347 1.7812500000000000e+02 6.3750000000000000e+01
348 1.7812500000000000e+02 6.2500000000000000e+01
349 1.7812500000000000e+02 6.1250000000000000e+01
350 1.7812500000000000e+02 6.0000000000000000e+01
351 1.7812500000000000e+02 5.8750000000000000e+01
352 1.7812500000000000e+02 5.7500000000000000e+01
353 1.7812500000000000e+02 5.6250000000000000e+01
354 1.7812500000000000e+02 5.5000000000000000e+01
355 1.7812500000000000e+02 5.3750000000000000e+01
356 1.7812500000000000e+02 5.2500000000000000e+01
357 1.7812500000000000e+02 5.1250000000000000e+01
358 1.7812500000000000e+02 5.0000000000000000e+01
359 1.7812500000000000e+02 4.8750000000000000e+01
360 1.7812500000000000e+02 4.7500000000000000e+01
361 1.7812500000000000e+02 4.6250000000000000e+01
362 1.7812500000000000e+02 4.5000000000000000e+01
363 1.7812500000000000e+02 4.3750000000000000e+01
364 1.7812500000000000e+02 4.2500000000000000e+01
365 1.7812500000000000e+02 4.1250000000000000e+01
366 1.7812500000000000e+02 4.0000000000000000e+01
367 1.7812500000000000e+02 3.8750000000000000e+01
368 1.7812500000000000e+02 3.7500000000000000e+01
369 1.7812500000000000e+02 3.6250000000000000e+01
370 1.7812500000000000e+02 3.5000000000000000e+01
371 1.7812500000000000e+02 3.3750000000000000e+01
372 1.7812500000000000e+02 3.2500000000000000e+01
373 1.7812500000000000e+02 3.1250000000000000e+01
374 1.7812500000000000e+02 3.0000000000000000e+01
375 1.7812500000000000e+02 2.8750000000000000e+01
376 1.7812500000000000e+02 2.7500000000000000e+01
377 1.7812500000000000e+02 2.6250000000000000e+01
378 1.7812500000000000e+02 2.5000000000000000e+01
379 1.7812500000000000e+02 2.3750000000000000e+01
380 1.7812500000000000e+02 2.2500000000000000e+01
381 1.7812500000000000e+02 2.1250000000000000e+01
382 1.7812500000000000e+02 2.0000000000000000e+01
383 1.7812500000000000e+02 1.8750000000000000e+01
384 1.7812500000000000e+02 1.7500000000000000e+01
385 1.7812500000000000e+02 1.6250000000000000e+01
386 1.7812500000000000e+02 1.5000000000000000e+01
387 1.7812500000000000e+02 1.3750000000000000e+01
388 1.7812500000000000e+02 1.2500000000000000e+01
389 1.7812500000000000e+02 1.1250000000000000e+01
390 1.7812500000000000e+02 1.0000000000000000e+01
391 1.7812500000000000e+02 8.7500000000000000e+00
392 1.7812500000000000e+02 7.5000000000000000e+00
393 1.7812500000000000e+02 6.2500000000000000e+00
394 1.7812500000000000e+02 5.0000000000000000e+00
395 1.7812500000000000e+02 3.7500000000000000e+00
396 1.7812500000000000e+02 2.5000000000000000e+00
397 1.7812500000000000e+02 1.2500000000000000e+00
398 1.7934027099609375e+02 0.0000000000000000e+00
399 1.8055555725097656e+02 0.0000000000000000e+00
400 1.8177082824707031e+02 0.0000000000000000e+00
401 1.8298611450195312e+02 0.0000000000000000e+00
402 1.8420138549804688e+02 0.0000000000000000e+00
403 1.8541667175292969e+02 0.0000000000000000e+00
404 1.8663194274902344e+02 0.0000000000000000e+00
405 1.8784722900390625e+02 0.0000000000000000e+00
406 1.8906250000000000e+02 0.0000000000000000e+00
407 1.9027777099609375e+02 0.0000000000000000e+00
408 1.9149305725097656e+02 0.0000000000000000e+00
409 1.9270832824707031e+02 0.0000000000000000e+00
410 1.9392361450195312e+02 0.0000000000000000e+00
411 1.9513888549804688e+02 0.0000000000000000e+00
412 1.9635417175292969e+02 0.0000000000000000e+00
413 1.9756944274902344e+02 0.0000000000000000e+00
414 1.9878472900390625e+02 0.0000000000000000e+00
415 1.7187500000000000e+02 1.2500000000000000e+00
416 1.7187500000000000e+02 2.5000000000000000e+00
417 1.7187500000000000e+02 3.7500000000000000e+00
418 1.7187500000000000e+02 5.0000000000000000e+00
419 1.7187500000000000e+02 6.2500000000000000e+00
420 1.7187500000000000e+02 7.5000000000000000e+00
421 1.7187500000000000e+02 8.7500000000000000e+00
422 1.7187500000000000e+02 1.0000000000000000e+01
423 1.7187500000000000e+02 1.1250000000000000e+01
424 1.7187500000000000e+02 1.2500000000000000e+01
425 1.7187500000000000e+02 1.3750000000000000e+01
426 1.7187500000000000e+02 1.5000000000000000e+01
427 1.7187500000000000e+02 1.6250000000000000e+01
428 1.7187500000000000e+02 1.7500000000000000e+01
429 1.7187500000000000e+02 1.8750000000000000e+01
430 1.7187500000000000e+02 2.0000000000000000e+01
431 1.7187500000000000e+02 2.1250000000000000e+01
432 1.7187500000000000e+02 2.2500000000000000e+01
433 1.7187500000000000e+02 2.3750000000000000e+01
434 1.7187500000000000e+02 2.5000000000000000e+01
435 1.7187500000000000e+02 2.6250000000000000e+01
436 1.7187500000000000e+02 2.7500000000000000e+01
437 1.7187500000000000e+02 2.8750000000000000e+01
438 1.7187500000000000e+02 3.0000000000000000e+01
439 1.7187500000000000e+02 3.1250000000000000e+01
440 1.7187500000000000e+02 3.2500000000000000e+01
441 1.7187500000000000e+02 3.3750000000000000e+01
442 1.7187500000000000e+02 3.5000000000000000e+01
443 1.7187500000000000e+02 3.6250000000000000e+01
444 1.7187500000000000e+02 3.7500000000000000e+01
445 1.7187500000000000e+02 3.8750000000000000e+01
446 1.7187500000000000e+02 4.0000000000000000e+01
447 1.7187500000000000e+02 4.1250000000000000e+01
448 1.7187500000000000e+02 4.2500000000000000e+01
449 1.7187500000000000e+02 4.3750000000000000e+01
450 1.7187500000000000e+02 4.5000000000000000e+01
451 1.7187500000000000e+02 4.6250000000000000e+01
452 1.7187500000000000e+02 4.7500000000000000e+01
453 1.7187500000000000e+02 4.8750000000000000e+01
454 1.7187500000000000e+02 5.0000000000000000e+01
455 1.7187500000000000e+02 5.1250000000000000e+01
456 1.7187500000000000e+02 5.2500000000000000e+01
457 1.7187500000000000e+02 5.3750000000000000e+01
458 1.7187500000000000e+02 5.5000000000000000e+01
459 1.7187500000000000e+02 5.6250000000000000e+01
460 1.7187500000000000e+02 5.7500000000000000e+01
461 1.7187500000000000e+02 5.8750000000000000e+01
462 1.7187500000000000e+02 6.0000000000000000e+01
463 1.7187500000000000e+02 6.1250000000000000e+01
464 1.7187500000000000e+02 6.2500000000000000e+01
465 1.7187500000000000e+02 6.3750000000000000e+01
466 1.7187500000000000e+02 6.5000000000000000e+01
467 1.7187500000000000e+02 6.6250000000000000e+01
468 1.7187500000000000e+02 6.7500000000000000e+01
469 1.7187500000000000e+02 6.8750000000000000e+01
470 1.7187500000000000e+02 7.0000000000000000e+01
471 1.7187500000000000e+02 7.1250000000000000e+01
472 1.7187500000000000e+02 7.2500000000000000e+01
473 1.7187500000000000e+02 7.3750000000000000e+01
474 1.7187500000000000e+02 7.5000000000000000e+01
475 1.7187500000000000e+02 7.6250000000000000e+01
476 1.7187500000000000e+02 7.7500000000000000e+01
477 1.7187500000000000e+02 7.8750000000000000e+01
478 1.7187500000000000e+02 8.0000000000000000e+01
479 1.7187500000000000e+02 8.1250000000000000e+01
480 1.7187500000000000e+02 8.2500000000000000e+01
481 1.7187500000000000e+02 8.3750000000000000e+01
482 1.7187500000000000e+02 8.5000000000000000e+01
483 1.7187500000000000e+02 8.6250000000000000e+01
484 1.7187500000000000e+02 8.7500000000000000e+01
485 1.7187500000000000e+02 8.8750000000000000e+01
486 1.7187500000000000e+02 9.0000000000000000e+01
487 1.7187500000000000e+02 9.1250000000000000e+01
488 1.7187500000000000e+02 9.2500000000000000e+01
489 1.7187500000000000e+02 9.3750000000000000e+01
490 1.7187500000000000e+02 9.5000000000000000e+01
491 1.7187500000000000e+02 9.6250000000000000e+01
492 1.7187500000000000e+02 9.7500000000000000e+01
493 1.7187500000000000e+02 9.8750000000000000e+01
494 1.7065972900390625e+02 1.0000000000000000e+02
495 1.6944444274902344e+02 1.0000000000000000e+02
496 1.6822917175292969e+02 1.0000000000000000e+02
497 1.6701388549804688e+02 1.0000000000000000e+02
498 1.6579861450195312e+02 1.0000000000000000e+02
499 1.6458332824707031e+02 1.0000000000000000e+02
500 1.6336805725097656e+02 1.0000000000000000e+02
501 1.6215277099609375e+02 1.0000000000000000e+02
502 1.6093750000000000e+02 1.0000000000000000e+02
503 1.5972222900390625e+02 1.0000000000000000e+02
504 1.5850694274902344e+02 1.0000000000000000e+02
505 1.5729167175292969e+02 1.0000000000000000e+02
506 1.5607638549804688e+02 1.0000000000000000e+02
507 1.5486111450195312e+02 1.0000000000000000e+02
508 1.5364582824707031e+02 1.0000000000000000e+02
509 1.5243055725097656e+02 1.0000000000000000e+02
510 1.5121527099609375e+02 1.0000000000000000e+02
511 1.5000000000000000e+02 9.8750000000000000e+01
512 1.5000000000000000e+02 9.7500000000000000e+01
513 1.5000000000000000e+02 9.6250000000000000e+01
514 1.5000000000000000e+02 9.5000000000000000e+01
515 1.5000000000000000e+02 9.3750000000000000e+01
516 1.5000000000000000e+02 9.2500000000000000e+01
517 1.5000000000000000e+02 9.1250000000000000e+01
518 1.5000000000000000e+02 9.0000000000000000e+01
519 1.5000000000000000e+02 8.8750000000000000e+01
520 1.5000000000000000e+02 8.7500000000000000e+01
521 1.5000000000000000e+02 8.6250000000000000e+01
522 1.5000000000000000e+02 8.5000000000000000e+01
523 1.5000000000000000e+02 8.3750000000000000e+01
524 1.5000000000000000e+02 8.2500000000000000e+01
525 1.5000000000000000e+02 8.1250000000000000e+01
526 1.5000000000000000e+02 8.0000000000000000e+01
527 1.5000000000000000e+02 7.8750000000000000e+01
528 1.5000000000000000e+02 7.7500000000000000e+01
529 1.5000000000000000e+02 7.6250000000000000e+01
530 1.5000000000000000e+02 7.5000000000000000e+01
531 1.5000000000000000e+02 7.3750000000000000e+01
532 1.5000000000000000e+02 7.2500000000000000e+01
533 1.5000000000000000e+02 7.1250000000000000e+01
534 1.5000000000000000e+02 7.0000000000000000e+01
535 1.5000000000000000e+02 6.8750000000000000e+01
536 1.5000000000000000e+02 6.7500000000000000e+01
537 1.5000000000000000e+02 6.6250000000000000e+01
538 1.5000000000000000e+02 6.5000000000000000e+01
539 1.5000000000000000e+02 6.3750000000000000e+01
540 1.5000000000000000e+02 6.2500000000000000e+01
541 1.5000000000000000e+02 6.1250000000000000e+01
542 1.5000000000000000e+02 6.0000000000000000e+01
543 1.5000000000000000e+02 5.8750000000000000e+01
544 1.5000000000000000e+02 5.7500000000000000e+01
545 1.5000000000000000e+02 5.6250000000000000e+01
546 1.5000000000000000e+02 5.5000000000000000e+01
547 1.5000000000000000e+02 5.3750000000000000e+01
548 1.5000000000000000e+02 5.2500000000000000e+01
549 1.5000000000000000e+02 5.1250000000000000e+01
550 1.5000000000000000e+02 5.0000000000000000e+01
551 1.5000000000000000e+02 4.8750000000000000e+01
552 1.5000000000000000e+02 4.7500000000000000e+01
553 1.5000000000000000e+02 4.6250000000000000e+01
554 1.5000000000000000e+02 4.5000000000000000e+01
555 1.5000000000000000e+02 4.3750000000000000e+01
556 1.5000000000000000e+02 4.2500000000000000e+01
557 1.5000000000000000e+02 4.1250000000000000e+01
558 1.5000000000000000e+02 4.0000000000000000e+01
559 1.5000000000000000e+02 3.8750000000000000e+01
560 1.5000000000000000e+02 3.7500000000000000e+01
561 1.5000000000000000e+02 3.6250000000000000e+01
562 1.5000000000000000e+02 3.5000000000000000e+01
563 1.5000000000000000e+02 3.3750000000000000e+01
564 1.5000000000000000e+02 3.2500000000000000e+01
565 1.5000000000000000e+02 3.1250000000000000e+01
566 1.5000000000000000e+02 3.0000000000000000e+01
567 1.5000000000000000e+02 2.8750000000000000e+01
568 1.5000000000000000e+02 2.7500000000000000e+01
569 1.5000000000000000e+02 2.6250000000000000e+01
570 1.5000000000000000e+02 2.5000000000000000e+01
571 1.5000000000000000e+02 2.3750000000000000e+01
572 1.5000000000000000e+02 2.2500000000000000e+01
573 1.5000000000000000e+02 2.1250000000000000e+01
574 1.5000000000000000e+02 2.0000000000000000e+01
575 1.5000000000000000e+02 1.8750000000000000e+01
576 1.5000000000000000e+02 1.7500000000000000e+01
577 1.5000000000000000e+02 1.6250000000000000e+01
578 1.5000000000000000e+02 1.5000000000000000e+01
579 1.5000000000000000e+02 1.3750000000000000e+01
580 1.5000000000000000e+02 1.2500000000000000e+01
581 1.5000000000000000e+02 1.1250000000000000e+01
582 1.5000000000000000e+02 1.0000000000000000e+01
583 1.5000000000000000e+02 8.7500000000000000e+00
584 1.5000000000000000e+02 7.5000000000000000e+00
585 1.5000000000000000e+02 6.2500000000000000e+00
586 1.5000000000000000e+02 5.0000000000000000e+00
587 1.5000000000000000e+02 3.7500000000000000e+00
588 1.5000000000000000e+02 2.5000000000000000e+00
589 1.5000000000000000e+02 1.2500000000000000e+00
590 1.5121527099609375e+02 0.0000000000000000e+00
591 1.5243055725097656e+02 0.0000000000000000e+00
592 1.5364582824707031e+02 0.0000000000000000e+00
593 1.5486111450195312e+02 0.0000000000000000e+00
594 1.5607638549804688e+02 0.0000000000000000e+00
595 1.5729167175292969e+02 0.0000000000000000e+00
596 1.5850694274902344e+02 0.0000000000000000e+00
597 1.5972222900390625e+02 0.0000000000000000e+00
598 1.6093750000000000e+02 0.0000000000000000e+00
599 1.6215277099609375e+02 0.0000000000000000e+00
600 1.6336805725097656e+02 0.0000000000000000e+00
601 1.6458332824707031e+02 0.0000000000000000e+00
602 1.6579861450195312e+02 0.0000000000000000e+00
603 1.6701388549804688e+02 0.0000000000000000e+00
604 1.6822917175292969e+02 0.0000000000000000e+00
605 1.6944444274902344e+02 0.0000000000000000e+00
606 1.7065972900390625e+02 0.0000000000000000e+00
607 5.0000000000000000e+01 9.8750000000000000e+01
608 5.0000000000000000e+01 9.7500000000000000e+01
609 5.0000000000000000e+01 9.6250000000000000e+01
610 5.0000000000000000e+01 9.5000000000000000e+01
611 5.0000000000000000e+01 9.3750000000000000e+01
612 5.0000000000000000e+01 9.2500000000000000e+01
613 5.0000000000000000e+01 9.1250000000000000e+01
614 5.0000000000000000e+01 9.0000000000000000e+01
615 5.0000000000000000e+01 8.8750000000000000e+01
616 5.0000000000000000e+01 8.7500000000000000e+01
617 5.0000000000000000e+01 8.6250000000000000e+01
618 5.0000000000000000e+01 8.5000000000000000e+01
619 5.0000000000000000e+01 8.3750000000000000e+01
620 5.0000000000000000e+01 8.2500000000000000e+01
621 5.0000000000000000e+01 8.1250000000000000e+01
622 5.0000000000000000e+01 8.0000000000000000e+01
623 5.0000000000000000e+01 7.8750000000000000e+01
624 5.0000000000000000e+01 7.7500000000000000e+01
625 5.0000000000000000e+01 7.6250000000000000e+01
626 5.0000000000000000e+01 7.5000000000000000e+01
627 5.0000000000000000e+01 7.3750000000000000e+01
628 5.0000000000000000e+01 7.2500000000000000e+01
629 5.0000000000000000e+01 7.1250000000000000e+01
630 5.0000000000000000e+01 7.0000000000000000e+01
631 5.0000000000000000e+01 6.8750000000000000e+01
632 5.0000000000000000e+01 6.7500000000000000e+01
633 5.0000000000000000e+01 6.6250000000000000e+01
634 5.0000000000000000e+01 6.5000000000000000e+01
635 5.0000000000000000e+01 6.3750000000000000e+01
636 5.0000000000000000e+01 6.2500000000000000e+01
637 5.0000000000000000e+01 6.1250000000000000e+01
638 5.0000000000000000e+01 6.0000000000000000e+01
639 5.0000000000000000e+01 5.8750000000000000e+01
640 5.0000000000000000e+01 5.7500000000000000e+01
641 5.0000000000000000e+01 5.6250000000000000e+01
642 5.0000000000000000e+01 5.5000000000000000e+01
643 5.0000000000000000e+01 5.3750000000000000e+01
644 5.0000000000000000e+01 5.2500000000000000e+01
645 5.0000000000000000e+01 5.1250000000000000e+01
646 5.0000000000000000e+01 5.0000000000000000e+01
647 5.0000000000000000e+01 4.8750000000000000e+01
648 5.0000000000000000e+01 4.7500000000000000e+01
649 5.0000000000000000e+01 4.6250000000000000e+01
650 5.0000000000000000e+01 4.5000000000000000e+01
651 5.0000000000000000e+01 4.3750000000000000e+01
652 5.0000000000000000e+01 4.2500000000000000e+01
653 5.0000000000000000e+01 4.1250000000000000e+01
654 5.0000000000000000e+01 4.0000000000000000e+01
655 5.0000000000000000e+01 3.8750000000000000e+01
656 5.0000000000000000e+01 3.7500000000000000e+01
657 5.0000000000000000e+01 3.6250000000000000e+01
658 5.0000000000000000e+01 3.5000000000000000e+01
659 5.0000000000000000e+01 3.3750000000000000e+01
660 5.0000000000000000e+01 3.2500000000000000e+01
661 5.0000000000000000e+01 3.1250000000000000e+01
662 5.0000000000000000e+01 3.0000000000000000e+01
663 5.0000000000000000e+01 2.8750000000000000e+01
664 5.0000000000000000e+01 2.7500000000000000e+01
665 5.0000000000000000e+01 2.6250000000000000e+01
666 5.0000000000000000e+01 2.5000000000000000e+01
667 5.0000000000000000e+01 2.3750000000000000e+01
668 5.0000000000000000e+01 2.2500000000000000e+01
669 5.0000000000000000e+01 2.1250000000000000e+01
670 5.0000000000000000e+01 2.0000000000000000e+01
671 5.0000000000000000e+01 1.8750000000000000e+01
672 5.0000000000000000e+01 1.7500000000000000e+01
673 5.0000000000000000e+01 1.6250000000000000e+01
674 5.0000000000000000e+01 1.5000000000000000e+01
675 5.0000000000000000e+01 1.3750000000000000e+01
676 5.0000000000000000e+01 1.2500000000000000e+01
677 5.0000000000000000e+01 1.1250000000000000e+01
678 5.0000000000000000e+01 1.0000000000000000e+01
679 5.0000000000000000e+01 8.7500000000000000e+00
680 5.0000000000000000e+01 7.5000000000000000e+00
681 5.0000000000000000e+01 6.2500000000000000e+00
682 5.0000000000000000e+01 5.0000000000000000e+00
683 5.0000000000000000e+01 3.7500000000000000e+00
684 5.0000000000000000e+01 2.5000000000000000e+00
685 5.0000000000000000e+01 1.2500000000000000e+00
686 5.6250000000000000e+01 0.0000000000000000e+00
687 6.2500000000000000e+01 0.0000000000000000e+00
688 6.8750000000000000e+01 0.0000000000000000e+00
689 7.5000000000000000e+01 0.0000000000000000e+00
690 8.1250000000000000e+01 0.0000000000000000e+00
691 8.7500000000000000e+01 0.0000000000000000e+00
692 9.3750000000000000e+01 0.0000000000000000e+00
693 1.0000000000000000e+02 0.0000000000000000e+00
694 1.0625000000000000e+02 0.0000000000000000e+00
695 1.1250000000000000e+02 0.0000000000000000e+00
696 1.1875000000000000e+02 0.0000000000000000e+00
697 1.2500000000000000e+02 0.0000000000000000e+00
698 1.3125000000000000e+02 0.0000000000000000e+00
699 1.3750000000000000e+02 0.0000000000000000e+00
700 1.4375000000000000e+02 0.0000000000000000e+00
701 1.4375000000000000e+02 1.0000000000000000e+02
702 1.3750000000000000e+02 1.0000000000000000e+02
703 1.3125000000000000e+02 1.0000000000000000e+02
704 1.2500000000000000e+02 1.0000000000000000e+02
705 1.1875000000000000e+02 1.0000000000000000e+02
706 1.1250000000000000e+02 1.0000000000000000e+02
707 1.0625000000000000e+02 1.0000000000000000e+02
708 1.0000000000000000e+02 1.0000000000000000e+02
709 9.3750000000000000e+01 1.0000000000000000e+02
710 8.7500000000000000e+01 1.0000000000000000e+02
711 8.1250000000000000e+01 1.0000000000000000e+02
712 7.5000000000000000e+01 1.0000000000000000e+02
713 6.8750000000000000e+01 1.0000000000000000e+02
714 6.2500000000000000e+01 1.0000000000000000e+02
715 5.6250000000000000e+01 1.0000000000000000e+02
716 4.3750000000000000e+01 1.0000000000000000e+02
717 3.7500000000000000e+01 1.0000000000000000e+02
718 3.1250000000000000e+01 1.0000000000000000e+02
719 2.5000000000000000e+01 1.0000000000000000e+02
720 1.8750000000000000e+01 1.0000000000000000e+02
721 1.2500000000000000e+01 1.0000000000000000e+02
722 6.2500000000000000e+00 1.0000000000000000e+02
723 0.0000000000000000e+00 9.8750000000000000e+01
724 0.0000000000000000e+00 9.7500000000000000e+01
725 0.0000000000000000e+00 9.6250000000000000e+01
726 0.0000000000000000e+00 9.5000000000000000e+01
727 0.0000000000000000e+00 9.3750000000000000e+01
728 0.0000000000000000e+00 9.2500000000000000e+01
729 0.0000000000000000e+00 9.1250000000000000e+01
730 0.0000000000000000e+00 9.0000000000000000e+01
731 0.0000000000000000e+00 8.8750000000000000e+01
732 0.0000000000000000e+00 8.7500000000000000e+01
733 0.0000000000000000e+00 8.6250000000000000e+01
734 0.0000000000000000e+00 8.5000000000000000e+01
735 0.0000000000000000e+00 8.3750000000000000e+01
736 0.0000000000000000e+00 8.2500000000000000e+01
737 0.0000000000000000e+00 8.1250000000000000e+01
738 0.0000000000000000e+00 8.0000000000000000e+01
739 0.0000000000000000e+00 7.8750000000000000e+01
740 0.0000000000000000e+00 7.7500000000000000e+01
741 0.0000000000000000e+00 7.6250000000000000e+01
742 0.0000000000000000e+00 7.5000000000000000e+01
743 0.0000000000000000e+00 7.3750000000000000e+01
744 0.0000000000000000e+00 7.2500000000000000e+01
745 0.0000000000000000e+00 7.1250000000000000e+01
746 0.0000000000000000e+00 7.0000000000000000e+01
747 0.0000000000000000e+00 6.8750000000000000e+01
748 0.0000000000000000e+00 6.7500000000000000e+01
749 0.0000000000000000e+00 6.6250000000000000e+01
750 0.0000000000000000e+00 6.5000000000000000e+01
751 0.0000000000000000e+00 6.3750000000000000e+01
752 0.0000000000000000e+00 6.2500000000000000e+01
753 0.0000000000000000e+00 6.1250000000000000e+01
754 0.0000000000000000e+00 6.0000000000000000e+01
755 0.0000000000000000e+00 5.8750000000000000e+01
756 0.0000000000000000e+00 5.7500000000000000e+01
757 0.0000000000000000e+00 5.6250000000000000e+01
758 0.0000000000000000e+00 5.5000000000000000e+01
759 0.0000000000000000e+00 5.3750000000000000e+01
760 0.0000000000000000e+00 5.2500000000000000e+01
761 0.0000000000000000e+00 5.1250000000000000e+01
762 0.0000000000000000e+00 5.0000000000000000e+01
763 0.0000000000000000e+00 4.8750000000000000e+01
764 0.0000000000000000e+00 4.7500000000000000e+01
765 0.0000000000000000e+00 4.6250000000000000e+01
766 0.0000000000000000e+00 4.5000000000000000e+01
767 0.0000000000000000e+00 4.3750000000000000e+01
768 0.0000000000000000e+00 4.2500000000000000e+01
769 0.0000000000000000e+00 4.1250000000000000e+01
770 0.0000000000000000e+00 4.0000000000000000e+01
771 0.0000000000000000e+00 3.8750000000000000e+01
772 0.0000000000000000e+00 3.7500000000000000e+01
773 0.0000000000000000e+00 3.6250000000000000e+01
774 0.0000000000000000e+00 3.5000000000000000e+01
775 0.0000000000000000e+00 3.3750000000000000e+01
776 0.0000000000000000e+00 3.2500000000000000e+01
777 0.0000000000000000e+00 3.1250000000000000e+01
778 0.0000000000000000e+00 3.0000000000000000e+01
779 0.0000000000000000e+00 2.8750000000000000e+01
780 0.0000000000000000e+00 2.7500000000000000e+01
781 0.0000000000000000e+00 2.6250000000000000e+01
782 0.0000000000000000e+00 2.5000000000000000e+01
783 0.0000000000000000e+00 2.3750000000000000e+01
784 0.0000000000000000e+00 2.2500000000000000e+01
785 0.0000000000000000e+00 2.1250000000000000e+01
786 0.0000000000000000e+00 2.0000000000000000e+01
787 0.0000000000000000e+00 1.8750000000000000e+01
788 0.0000000000000000e+00 1.7500000000000000e+01
789 0.0000000000000000e+00 1.6250000000000000e+01
790 0.0000000000000000e+00 1.5000000000000000e+01
791 0.0000000000000000e+00 1.3750000000000000e+01
792 0.0000000000000000e+00 1.2500000000000000e+01
793 0.0000000000000000e+00 1.1250000000000000e+01
794 0.0000000000000000e+00 1.0000000000000000e+01
795 0.0000000000000000e+00 8.7500000000000000e+00
796 0.0000000000000000e+00 7.5000000000000000e+00
797 0.0000000000000000e+00 6.2500000000000000e+00
798 0.0000000000000000e+00 5.0000000000000000e+00
799 0.0000000000000000e+00 3.7500000000000000e+00
800 0.0000000000000000e+00 2.5000000000000000e+00
801 0.0000000000000000e+00 1.2500000000000000e+00
802 6.2500000000000000e+00 0.0000000000000000e+00
803 1.2500000000000000e+01 0.0000000000000000e+00
804 1.8750000000000000e+01 0.0000000000000000e+00
805 2.5000000000000000e+01 0.0000000000000000e+00
806 3.1250000000000000e+01 0.0000000000000000e+00
807 3.7500000000000000e+01 0.0000000000000000e+00
808 4.3750000000000000e+01 0.0000000000000000e+00
809 1.7687500000000000e+02 1.0000000000000000e+02
810 1.7562500000000000e+02 1.0000000000000000e+02
811 1.7437500000000000e+02 1.0000000000000000e+02
812 1.7312500000000000e+02 1.0000000000000000e+02
813 1.7281250000000000e+02 0.0000000000000000e+00
814 1.7375000000000000e+02 1.2500000000000000e+00
815 1.7375000000000000e+02 2.5000000000000000e+00
816 1.7375000000000000e+02 3.7500000000000000e+00
817 1.7375000000000000e+02 5.0000000000000000e+00
818 1.7375000000000000e+02 6.2500000000000000e+00
819 1.7375000000000000e+02 7.5000000000000000e+00
820 1.7375000000000000e+02 8.7500000000000000e+00
821 1.7375000000000000e+02 1.0000000000000000e+01
822 1.7375000000000000e+02 1.1250000000000000e+01
823 1.7375000000000000e+02 1.2500000000000000e+01
824 1.7375000000000000e+02 1.3750000000000000e+01
825 1.7375000000000000e+02 1.5000000000000000e+01
826 1.7375000000000000e+02 1.6250000000000000e+01
827 1.7375000000000000e+02 1.7500000000000000e+01
828 1.7375000000000000e+02 1.8750000000000000e+01
829 1.7500000000000000e+02 2.0000000000000000e+01
830 1.7625000000000000e+02 1.8750000000000000e+01
831 1.7625000000000000e+02 1.7500000000000000e+01
832 1.7625000000000000e+02 1.6250000000000000e+01
833 1.7625000000000000e+02 1.5000000000000000e+01
834 1.7625000000000000e+02 1.3750000000000000e+01
835 1.7625000000000000e+02 1.2500000000000000e+01
836 1.7625000000000000e+02 1.1250000000000000e+01
837 1.7625000000000000e+02 1.0000000000000000e+01
838 1.7625000000000000e+02 8.7500000000000000e+00
839 1.7625000000000000e+02 7.5000000000000000e+00
840 1.7625000000000000e+02 6.2500000000000000e+00
841 1.7625000000000000e+02 5.0000000000000000e+00
842 1.7625000000000000e+02 3.7500000000000000e+00
843 1.7625000000000000e+02 2.5000000000000000e+00
844 1.7625000000000000e+02 1.2500000000000000e+00
845 1.7718750000000000e+02 0.0000000000000000e+00
846 3.0625000000000000e+02 9.8750000000000000e+01
847 3.0625000000000000e+02 9.7500000000000000e+01
848 3.0625000000000000e+02 9.6250000000000000e+01
849 3.0625000000000000e+02 9.5000000000000000e+01
850 3.0625000000000000e+02 9.3750000000000000e+01
851 3.0625000000000000e+02 9.2500000000000000e+01
852 3.0625000000000000e+02 9.1250000000000000e+01
853 3.0625000000000000e+02 9.0000000000000000e+01
854 3.0625000000000000e+02 8.8750000000000000e+01
855 3.0625000000000000e+02 8.7500000000000000e+01
856 3.0625000000000000e+02 8.6250000000000000e+01
857 3.0625000000000000e+02 8.5000000000000000e+01
858 3.0625000000000000e+02 8.3750000000000000e+01
859 3.0625000000000000e+02 8.2500000000000000e+01
860 3.0625000000000000e+02 8.1250000000000000e+01
861 3.0625000000000000e+02 8.0000000000000000e+01
862 3.0625000000000000e+02 7.8750000000000000e+01
863 3.0625000000000000e+02 7.7500000000000000e+01
864 3.0625000000000000e+02 7.6250000000000000e+01
865 3.0625000000000000e+02 7.5000000000000000e+01
866 3.0625000000000000e+02 7.3750000000000000e+01
867 3.0625000000000000e+02 7.2500000000000000e+01
868 3.0625000000000000e+02 7.1250000000000000e+01
869 3.0625000000000000e+02 7.0000000000000000e+01
870 3.0625000000000000e+02 6.8750000000000000e+01
871 3.0625000000000000e+02 6.7500000000000000e+01
872 3.0625000000000000e+02 6.6250000000000000e+01
873 3.0625000000000000e+02 6.5000000000000000e+01
874 3.0625000000000000e+02 6.3750000000000000e+01
875 3.0625000000000000e+02 6.2500000000000000e+01
876 3.0625000000000000e+02 6.1250000000000000e+01
877 3.0625000000000000e+02 6.0000000000000000e+01
878 3.0625000000000000e+02 5.8750000000000000e+01
879 3.0625000000000000e+02 5.7500000000000000e+01
880 3.0625000000000000e+02 5.6250000000000000e+01
881 3.0625000000000000e+02 5.5000000000000000e+01
882 3.0625000000000000e+02 5.3750000000000000e+01
883 3.0625000000000000e+02 5.2500000000000000e+01
884 3.0625000000000000e+02 5.1250000000000000e+01
885 3.0625000000000000e+02 5.0000000000000000e+01
886 3.0625000000000000e+02 4.8750000000000000e+01
887 3.0625000000000000e+02 4.7500000000000000e+01
888 3.0625000000000000e+02 4.6250000000000000e+01
889 3.0625000000000000e+02 4.5000000000000000e+01
890 3.0625000000000000e+02 4.3750000000000000e+01
891 3.0625000000000000e+02 4.2500000000000000e+01
892 3.0625000000000000e+02 4.1250000000000000e+01
893 3.0625000000000000e+02 4.0000000000000000e+01
894 3.0625000000000000e+02 3.8750000000000000e+01
895 3.0625000000000000e+02 3.7500000000000000e+01
896 3.0625000000000000e+02 3.6250000000000000e+01
897 3.0625000000000000e+02 3.5000000000000000e+01
898 3.0625000000000000e+02 3.3750000000000000e+01
899 3.0625000000000000e+02 3.2500000000000000e+01
900 3.0625000000000000e+02 3.1250000000000000e+01
901 3.0625000000000000e+02 3.0000000000000000e+01
902 3.0625000000000000e+02 2.8750000000000000e+01
903 3.0625000000000000e+02 2.7500000000000000e+01
904 3.0625000000000000e+02 2.6250000000000000e+01
905 3.0625000000000000e+02 2.5000000000000000e+01
906 3.0625000000000000e+02 2.3750000000000000e+01
907 3.0625000000000000e+02 2.2500000000000000e+01
908 3.0625000000000000e+02 2.1250000000000000e+01
909 3.0625000000000000e+02 2.0000000000000000e+01
910 3.0625000000000000e+02 1.8750000000000000e+01
911 3.0625000000000000e+02 1.7500000000000000e+01
912 3.0625000000000000e+02 1.6250000000000000e+01
913 3.0625000000000000e+02 1.5000000000000000e+01
914 3.0625000000000000e+02 1.3750000000000000e+01
915 3.0625000000000000e+02 1.2500000000000000e+01
916 3.0625000000000000e+02 1.1250000000000000e+01
917 3.0625000000000000e+02 1.0000000000000000e+01
918 3.0625000000000000e+02 8.7500000000000000e+00
919 3.0625000000000000e+02 7.5000000000000000e+00
920 3.0625000000000000e+02 6.2500000000000000e+00
921 3.0625000000000000e+02 5.0000000000000000e+00
922 3.0625000000000000e+02 3.7500000000000000e+00
923 3.0625000000000000e+02 2.5000000000000000e+00
924 3.0625000000000000e+02 1.2500000000000000e+00
925 3.1250000000000000e+02 9.8750000000000000e+01
926 3.1250000000000000e+02 9.7500000000000000e+01
927 3.1250000000000000e+02 9.6250000000000000e+01
928 3.1250000000000000e+02 9.5000000000000000e+01
929 3.1250000000000000e+02 9.3750000000000000e+01
930 3.1250000000000000e+02 9.2500000000000000e+01
931 3.1250000000000000e+02 9.1250000000000000e+01
932 3.1250000000000000e+02 9.0000000000000000e+01
933 3.1250000000000000e+02 8.8750000000000000e+01
934 3.1250000000000000e+02 8.7500000000000000e+01
935 3.1250000000000000e+02 8.6250000000000000e+01
936 3.1250000000000000e+02 8.5000000000000000e+01
937 3.1250000000000000e+02 8.3750000000000000e+01
938 3.1250000000000000e+02 8.2500000000000000e+01
939 3.1250000000000000e+02 8.1250000000000000e+01
940 3.1250000000000000e+02 8.0000000000000000e+01
941 3.1250000000000000e+02 7.8750000000000000e+01
942 3.1250000000000000e+02 7.7500000000000000e+01
943 3.1250000000000000e+02 7.6250000000000000e+01
944 3.1250000000000000e+02 7.5000000000000000e+01
945 3.1250000000000000e+02 7.3750000000000000e+01
946 3.1250000000000000e+02 7.2500000000000000e+01
947 3.1250000000000000e+02 7.1250000000000000e+01
948 3.1250000000000000e+02 7.0000000000000000e+01
949 3.1250000000000000e+02 6.8750000000000000e+01
950 3.1250000000000000e+02 6.7500000000000000e+01
951 3.1250000000000000e+02 6.6250000000000000e+01
952 3.1250000000000000e+02 6.5000000000000000e+01
953 3.1250000000000000e+02 6.3750000000000000e+01
954 3.1250000000000000e+02 6.2500000000000000e+01
955 3.1250000000000000e+02 6.1250000000000000e+01
956 3.1250000000000000e+02 6.0000000000000000e+01
957 3.1250000000000000e+02 5.8750000000000000e+01
958 3.1250000000000000e+02 5.7500000000000000e+01
959 3.1250000000000000e+02 5.6250000000000000e+01
960 3.1250000000000000e+02 5.5000000000000000e+01
961 3.1250000000000000e+02 5.3750000000000000e+01
962 3.1250000000000000e+02 5.2500000000000000e+01
963 3.1250000000000000e+02 5.1250000000000000e+01
964 3.1250000000000000e+02 5.0000000000000000e+01
965 3.1250000000000000e+02 4.8750000000000000e+01
966 3.1250000000000000e+02 4.7500000000000000e+01
967 3.1250000000000000e+02 4.6250000000000000e+01
968 3.1250000000000000e+02 4.5000000000000000e+01
969 3.1250000000000000e+02 4.3750000000000000e+01
970 3.1250000000000000e+02 4.2500000000000000e+01
971 3.1250000000000000e+02 4.1250000000000000e+01
972 3.1250000000000000e+02 4.0000000000000000e+01
973 3.1250000000000000e+02 3.8750000000000000e+01
974 3.1250000000000000e+02 3.7500000000000000e+01
975 3.1250000000000000e+02 3.6250000000000000e+01
976 3.1250000000000000e+02 3.5000000000000000e+01
977 3.1250000000000000e+02 3.3750000000000000e+01
978 3.1250000000000000e+02 3.2500000000000000e+01
979 3.1250000000000000e+02 3.1250000000000000e+01
980 3.1250000000000000e+02 3.0000000000000000e+01
981 3.1250000000000000e+02 2.8750000000000000e+01
982 3.1250000000000000e+02 2.7500000000000000e+01
983 3.1250000000000000e+02 2.6250000000000000e+01
984 3.1250000000000000e+02 2.5000000000000000e+01
985 3.1250000000000000e+02 2.3750000000000000e+01
986 3.1250000000000000e+02 2.2500000000000000e+01
987 3.1250000000000000e+02 2.1250000000000000e+01
988 3.1250000000000000e+02 2.0000000000000000e+01
989 3.1250000000000000e+02 1.8750000000000000e+01
990 3.1250000000000000e+02 1.7500000000000000e+01
991 3.1250000000000000e+02 1.6250000000000000e+01
992 3.1250000000000000e+02 1.5000000000000000e+01
993 3.1250000000000000e+02 1.3750000000000000e+01
994 3.1250000000000000e+02 1.2500000000000000e+01
995 3.1250000000000000e+02 1.1250000000000000e+01
996 3.1250000000000000e+02 1.0000000000000000e+01
997 3.1250000000000000e+02 8.7500000000000000e+00
998 3.1250000000000000e+02 7.5000000000000000e+00
999 3.1250000000000000e+02 6.2500000000000000e+00
1000 3.1250000000000000e+02 5.0000000000000000e+00
1001 3.1250000000000000e+02 3.7500000000000000e+00
1002 3.1250000000000000e+02 2.5000000000000000e+00
1003 3.1250000000000000e+02 1.2500000000000000e+00
1004 3.1875000000000000e+02 9.8750000000000000e+01
1005 3.1875000000000000e+02 9.7500000000000000e+01
1006 3.1875000000000000e+02 9.6250000000000000e+01
1007 3.1875000000000000e+02 9.5000000000000000e+01
1008 3.1875000000000000e+02 9.3750000000000000e+01
1009 3.1875000000000000e+02 9.2500000000000000e+01
1010 3.1875000000000000e+02 9.1250000000000000e+01
1011 3.1875000000000000e+02 9.0000000000000000e+01
1012 3.1875000000000000e+02 8.8750000000000000e+01
1013 3.1875000000000000e+02 8.7500000000000000e+01
1014 3.1875000000000000e+02 8.6250000000000000e+01
1015 3.1875000000000000e+02 8.5000000000000000e+01
1016 3.1875000000000000e+02 8.3750000000000000e+01
1017 3.1875000000000000e+02 8.2500000000000000e+01
1018 3.1875000000000000e+02 8.1250000000000000e+01
1019 3.1875000000000000e+02 8.0000000000000000e+01
1020 3.1875000000000000e+02 7.8750000000000000e+01
1021 3.1875000000000000e+02 7.7500000000000000e+01
1022 3.1875000000000000e+02 7.6250000000000000e+01
1023 3.1875000000000000e+02 7.5000000000000000e+01
1024 3.1875000000000000e+02 7.3750000000000000e+01
1025 3.1875000000000000e+02 7.2500000000000000e+01
1026 3.1875000000000000e+02 7.1250000000000000e+01
1027 3.1875000000000000e+02 7.0000000000000000e+01
1028 3.1875000000000000e+02 6.8750000000000000e+01
1029 3.1875000000000000e+02 6.7500000000000000e+01
1030 3.1875000000000000e+02 6.6250000000000000e+01
1031 3.1875000000000000e+02 6.5000000000000000e+01
1032 3.1875000000000000e+02 6.3750000000000000e+01
1033 3.1875000000000000e+02 6.2500000000000000e+01
1034 3.1875000000000000e+02 6.1250000000000000e+01
1035 3.1875000000000000e+02 6.0000000000000000e+01
1036 3.1875000000000000e+02 5.8750000000000000e+01
1037 3.1875000000000000e+02 5.7500000000000000e+01
1038 3.1875000000000000e+02 5.6250000000000000e+01
1039 3.1875000000000000e+02 5.5000000000000000e+01
1040 3.1875000000000000e+02 5.3750000000000000e+01
1041 3.1875000000000000e+02 5.2500000000000000e+01
1042 3.1875000000000000e+02 5.1250000000000000e+01
1043 3.1875000000000000e+02 5.0000000000000000e+01
1044 3.1875000000000000e+02 4.8750000000000000e+01
1045 3.1875000000000000e+02 4.7500000000000000e+01
1046 3.1875000000000000e+02 4.6250000000000000e+01
1047 3.1875000000000000e+02 4.5000000000000000e+01
1048 3.1875000000000000e+02 4.3750000000000000e+01
1049 3.1875000000000000e+02 4.2500000000000000e+01
1050 3.1875000000000000e+02 4.1250000000000000e+01
1051 3.1875000000000000e+02 4.0000000000000000e+01
1052 3.1875000000000000e+02 3.8750000000000000e+01
1053 3.1875000000000000e+02 3.7500000000000000e+01
1054 3.1875000000000000e+02 3.6250000000000000e+01
1055 3.1875000000000000e+02 3.5000000000000000e+01
1056 3.1875000000000000e+02 3.3750000000000000e+01
1057 3.1875000000000000e+02 3.2500000000000000e+01
1058 3.1875000000000000e+02 3.1250000000000000e+01
1059 3.1875000000000000e+02 3.0000000000000000e+01
1060 3.1875000000000000e+02 2.8750000000000000e+01
1061 3.1875000000000000e+02 2.7500000000000000e+01
1062 3.1875000000000000e+02 2.6250000000000000e+01
1063 3.1875000000000000e+02 2.5000000000000000e+01
1064 3.1875000000000000e+02 2.3750000000000000e+01
1065 3.1875000000000000e+02 2.2500000000000000e+01
1066 3.1875000000000000e+02 2.1250000000000000e+01
1067 3.1875000000000000e+02 2.0000000000000000e+01
1068 3.1875000000000000e+02 1.8750000000000000e+01
1069 3.1875000000000000e+02 1.7500000000000000e+01
1070 3.1875000000000000e+02 1.6250000000000000e+01
1071 3.1875000000000000e+02 1.5000000000000000e+01
1072 3.1875000000000000e+02 1.3750000000000000e+01
1073 3.1875000000000000e+02 1.2500000000000000e+01
1074 3.1875000000000000e+02 1.1250000000000000e+01
1075 3.1875000000000000e+02 1.0000000000000000e+01
1076 3.1875000000000000e+02 8.7500000000000000e+00
1077 3.1875000000000000e+02 7.5000000000000000e+00
1078 3.1875000000000000e+02 6.2500000000000000e+00
1079 3.1875000000000000e+02 5.0000000000000000e+00
1080 3.1875000000000000e+02 3.7500000000000000e+00
1081 3.1875000000000000e+02 2.5000000000000000e+00
1082 3.1875000000000000e+02 1.2500000000000000e+00
1083 3.2500000000000000e+02 9.8750000000000000e+01
1084 3.2500000000000000e+02 9.7500000000000000e+01
1085 3.2500000000000000e+02 9.6250000000000000e+01
1086 3.2500000000000000e+02 9.5000000000000000e+01
1087 3.2500000000000000e+02 9.3750000000000000e+01
1088 3.2500000000000000e+02 9.2500000000000000e+01
1089 3.2500000000000000e+02 9.1250000000000000e+01
1090 3.2500000000000000e+02 9.0000000000000000e+01
1091 3.2500000000000000e+02 8.8750000000000000e+01
1092 3.2500000000000000e+02 8.7500000000000000e+01
1093 3.2500000000000000e+02 8.6250000000000000e+01
1094 3.2500000000000000e+02 8.5000000000000000e+01
1095 3.2500000000000000e+02 8.3750000000000000e+01
1096 3.2500000000000000e+02 8.2500000000000000e+01
1097 3.2500000000000000e+02 8.1250000000000000e+01
1098 3.2500000000000000e+02 8.0000000000000000e+01
1099 3.2500000000000000e+02 7.8750000000000000e+01
1100 3.2500000000000000e+02 7.7500000000000000e+01
1101 3.2500000000000000e+02 7.6250000000000000e+01
1102 3.2500000000000000e+02 7.5000000000000000e+01
1103 3.2500000000000000e+02 7.3750000000000000e+01
1104 3.2500000000000000e+02 7.2500000000000000e+01
1105 3.2500000000000000e+02 7.1250000000000000e+01
1106 3.2500000000000000e+02 7.0000000000000000e+01
1107 3.2500000000000000e+02 6.8750000000000000e+01
1108 3.2500000000000000e+02 6.7500000000000000e+01
1109 3.2500000000000000e+02 6.6250000000000000e+01
1110 3.2500000000000000e+02 6.5000000000000000e+01
1111 3.2500000000000000e+02 6.3750000000000000e+01
1112 3.2500000000000000e+02 6.2500000000000000e+01
1113 3.2500000000000000e+02 6.1250000000000000e+01
1114 3.2500000000000000e+02 6.0000000000000000e+01
1115 3.2500000000000000e+02 5.8750000000000000e+01
1116 3.2500000000000000e+02 5.7500000000000000e+01
1117 3.2500000000000000e+02 5.6250000000000000e+01
1118 3.2500000000000000e+02 5.5000000000000000e+01
1119 3.2500000000000000e+02 5.3750000000000000e+01
1120 3.2500000000000000e+02 5.2500000000000000e+01
1121 3.2500000000000000e+02 5.1250000000000000e+01
1122 3.2500000000000000e+02 5.0000000000000000e+01
1123 3.2500000000000000e+02 4.8750000000000000e+01
1124 3.2500000000000000e+02 4.7500000000000000e+01
1125 3.2500000000000000e+02 4.6250000000000000e+01
1126 3.2500000000000000e+02 4.5000000000000000e+01
1127 3.2500000000000000e+02 4.3750000000000000e+01
1128 3.2500000000000000e+02 4.2500000000000000e+01
1129 3.2500000000000000e+02 4.1250000000000000e+01
1130 3.2500000000000000e+02 4.0000000000000000e+01
1131 3.2500000000000000e+02 3.8750000000000000e+01
1132 3.2500000000000000e+02 3.7500000000000000e+01
1133 3.2500000000000000e+02 3.6250000000000000e+01
1134 3.2500000000000000e+02 3.5000000000000000e+01
1135 3.2500000000000000e+02 3.3750000000000000e+01
1136 3.2500000000000000e+02 3.2500000000000000e+01
1137 3.2500000000000000e+02 3.1250000000000000e+01
1138 3.2500000000000000e+02 3.0000000000000000e+01
1139 3.2500000000000000e+02 2.8750000000000000e+01
1140 3.2500000000000000e+02 2.7500000000000000e+01
1141 3.2500000000000000e+02 2.6250000000000000e+01
1142 3.2500000000000000e+02 2.5000000000000000e+01
1143 3.2500000000000000e+02 2.3750000000000000e+01
1144 3.2500000000000000e+02 2.2500000000000000e+01
1145 3.2500000000000000e+02 2.1250000000000000e+01
1146 3.2500000000000000e+02 2.0000000000000000e+01
1147 3.2500000000000000e+02 1.8750000000000000e+01
1148 3.2500000000000000e+02 1.7500000000000000e+01
1149 3.2500000000000000e+02 1.6250000000000000e+01
1150 3.2500000000000000e+02 1.5000000000000000e+01
1151 3.2500000000000000e+02 1.3750000000000000e+01
1152 3.2500000000000000e+02 1.2500000000000000e+01
1153 3.2500000000000000e+02 1.1250000000000000e+01
1154 3.2500000000000000e+02 1.0000000000000000e+01
1155 3.2500000000000000e+02 8.7500000000000000e+00
1156 3.2500000000000000e+02 7.5000000000000000e+00
1157 3.2500000000000000e+02 6.2500000000000000e+00
1158 3.2500000000000000e+02 5.0000000000000000e+00
1159 3.2500000000000000e+02 3.7500000000000000e+00
1160 3.2500000000000000e+02 2.5000000000000000e+00
1161 3.2500000000000000e+02 1.2500000000000000e+00
1162 3.3125000000000000e+02 9.8750000000000000e+01
1163 3.3125000000000000e+02 9.7500000000000000e+01
1164 3.3125000000000000e+02 9.6250000000000000e+01
1165 3.3125000000000000e+02 9.5000000000000000e+01
1166 3.3125000000000000e+02 9.3750000000000000e+01
1167 3.3125000000000000e+02 9.2500000000000000e+01
1168 3.3125000000000000e+02 9.1250000000000000e+01
1169 3.3125000000000000e+02 9.0000000000000000e+01
1170 3.3125000000000000e+02 8.8750000000000000e+01
1171 3.3125000000000000e+02 8.7500000000000000e+01
1172 3.3125000000000000e+02 8.6250000000000000e+01
1173 3.3125000000000000e+02 8.5000000000000000e+01
1174 3.3125000000000000e+02 8.3750000000000000e+01
1175 3.3125000000000000e+02 8.2500000000000000e+01
1176 3.3125000000000000e+02 8.1250000000000000e+01
1177 3.3125000000000000e+02 8.0000000000000000e+01
1178 3.3125000000000000e+02 7.8750000000000000e+01
1179 3.3125000000000000e+02 7.7500000000000000e+01
1180 3.3125000000000000e+02 7.6250000000000000e+01
1181 3.3125000000000000e+02 7.5000000000000000e+01
1182 3.3125000000000000e+02 7.3750000000000000e+01
1183 3.3125000000000000e+02 7.2500000000000000e+01
1184 3.3125000000000000e+02 7.1250000000000000e+01
1185 3.3125000000000000e+02 7.0000000000000000e+01
1186 3.3125000000000000e+02 6.8750000000000000e+01
1187 3.3125000000000000e+02 6.7500000000000000e+01
1188 3.3125000000000000e+02 6.6250000000000000e+01
1189 3.3125000000000000e+02 6.5000000000000000e+01
1190 3.3125000000000000e+02 6.3750000000000000e+01
1191 3.3125000000000000e+02 6.2500000000000000e+01
1192 3.3125000000000000e+02 6.1250000000000000e+01
1193 3.3125000000000000e+02 6.0000000000000000e+01
1194 3.3125000000000000e+02 5.8750000000000000e+01
1195 3.3125000000000000e+02 5.7500000000000000e+01
1196 3.3125000000000000e+02 5.6250000000000000e+01
1197 3.3125000000000000e+02 5.5000000000000000e+01
1198 3.3125000000000000e+02 5.3750000000000000e+01
1199 3.3125000000000000e+02 5.2500000000000000e+01
1200 3.3125000000000000e+02 5.1250000000000000e+01
1201 3.3125000000000000e+02 5.0000000000000000e+01
1202 3.3125000000000000e+02 4.8750000000000000e+01
1203 3.3125000000000000e+02 4.7500000000000000e+01
1204 3.3125000000000000e+02 4.6250000000000000e+01
1205 3.3125000000000000e+02 4.5000000000000000e+01
1206 3.3125000000000000e+02 4.3750000000000000e+01
1207 3.3125000000000000e+02 4.2500000000000000e+01
1208 3.3125000000000000e+02 4.1250000000000000e+01
1209 3.3125000000000000e+02 4.0000000000000000e+01
1210 3.3125000000000000e+02 3.8750000000000000e+01
1211 3.3125000000000000e+02 3.7500000000000000e+01
1212 3.3125000000000000e+02 3.6250000000000000e+01
1213 3.3125000000000000e+02 3.5000000000000000e+01
1214 3.3125000000000000e+02 3.3750000000000000e+01
1215 3.3125000000000000e+02 3.2500000000000000e+01
1216 3.3125000000000000e+02 3.1250000000000000e+01
1217 3.3125000000000000e+02 3.0000000000000000e+01
1218 3.3125000000000000e+02 2.8750000000000000e+01
1219 3.3125000000000000e+02 2.7500000000000000e+01
1220 3.3125000000000000e+02 2.6250000000000000e+01
1221 3.3125000000000000e+02 2.5000000000000000e+01
1222 3.3125000000000000e+02 2.3750000000000000e+01
1223 3.3125000000000000e+02 2.2500000000000000e+01
1224 3.3125000000000000e+02 2.1250000000000000e+01
1225 3.3125000000000000e+02 2.0000000000000000e+01
1226 3.3125000000000000e+02 1.8750000000000000e+01
1227 3.3125000000000000e+02 1.7500000000000000e+01
1228 3.3125000000000000e+02 1.6250000000000000e+01
1229 3.3125000000000000e+02 1.5000000000000000e+01
1230 3.3125000000000000e+02 1.3750000000000000e+01
1231 3.3125000000000000e+02 1.2500000000000000e+01
1232 3.3125000000000000e+02 1.1250000000000000e+01
1233 3.3125000000000000e+02 1.0000000000000000e+01
1234 3.3125000000000000e+02 8.7500000000000000e+00
1235 3.3125000000000000e+02 7.5000000000000000e+00
1236 3.3125000000000000e+02 6.2500000000000000e+00
1237 3.3125000000000000e+02 5.0000000000000000e+00
1238 3.3125000000000000e+02 3.7500000000000000e+00
1239 3.3125000000000000e+02 2.5000000000000000e+00
1240 3.3125000000000000e+02 1.2500000000000000e+00
1241 3.3750000000000000e+02 9.8750000000000000e+01
1242 3.3750000000000000e+02 9.7500000000000000e+01
1243 3.3750000000000000e+02 9.6250000000000000e+01
1244 3.3750000000000000e+02 9.5000000000000000e+01
1245 3.3750000000000000e+02 9.3750000000000000e+01
1246 3.3750000000000000e+02 9.2500000000000000e+01
1247 3.3750000000000000e+02 9.1250000000000000e+01
1248 3.3750000000000000e+02 9.0000000000000000e+01
1249 3.3750000000000000e+02 8.8750000000000000e+01
1250 3.3750000000000000e+02 8.7500000000000000e+01
1251 3.3750000000000000e+02 8.6250000000000000e+01
1252 3.3750000000000000e+02 8.5000000000000000e+01
1253 3.3750000000000000e+02 8.3750000000000000e+01
1254 3.3750000000000000e+02 8.2500000000000000e+01
1255 3.3750000000000000e+02 8.1250000000000000e+01
1256 3.3750000000000000e+02 8.0000000000000000e+01
1257 3.3750000000000000e+02 7.8750000000000000e+01
1258 3.3750000000000000e+02 7.7500000000000000e+01
1259 3.3750000000000000e+02 7.6250000000000000e+01
1260 3.3750000000000000e+02 7.5000000000000000e+01
1261 3.3750000000000000e+02 7.3750000000000000e+01
1262 3.3750000000000000e+02 7.2500000000000000e+01
1263 3.3750000000000000e+02 7.1250000000000000e+01
1264 3.3750000000000000e+02 7.0000000000000000e+01
1265 3.3750000000000000e+02 6.8750000000000000e+01
1266 3.3750000000000000e+02 6.7500000000000000e+01
1267 3.3750000000000000e+02 6.6250000000000000e+01
1268 3.3750000000000000e+02 6.5000000000000000e+01
1269 3.3750000000000000e+02 6.3750000000000000e+01
1270 3.3750000000000000e+02 6.2500000000000000e+01
1271 3.3750000000000000e+02 6.1250000000000000e+01
1272 3.3750000000000000e+02 6.0000000000000000e+01
1273 3.3750000000000000e+02 5.8750000000000000e+01
1274 3.3750000000000000e+02 5.7500000000000000e+01
1275 3.3750000000000000e+02 5.6250000000000000e+01
1276 3.3750000000000000e+02 5.5000000000000000e+01
1277 3.3750000000000000e+02 5.3750000000000000e+01
1278 3.3750000000000000e+02 5.2500000000000000e+01
1279 3.3750000000000000e+02 5.1250000000000000e+01
1280 3.3750000000000000e+02 5.0000000000000000e+01
1281 3.3750000000000000e+02 4.8750000000000000e+01
1282 3.3750000000000000e+02 4.7500000000000000e+01
1283 3.3750000000000000e+02 4.6250000000000000e+01
1284 3.3750000000000000e+02 4.5000000000000000e+01
1285 3.3750000000000000e+02 4.3750000000000000e+01
1286 3.3750000000000000e+02 4.2500000000000000e+01
1287 3.3750000000000000e+02 4.1250000000000000e+01
1288 3.3750000000000000e+02 4.0000000000000000e+01
1289 3.3750000000000000e+02 3.8750000000000000e+01
1290 3.3750000000000000e+02 3.7500000000000000e+01
1291 3.3750000000000000e+02 3.6250000000000000e+01
1292 3.3750000000000000e+02 3.5000000000000000e+01
1293 3.3750000000000000e+02 3.3750000000000000e+01
1294 3.3750000000000000e+02 3.2500000000000000e+01
1295 3.3750000000000000e+02 3.1250000000000000e+01
1296 3.3750000000000000e+02 3.0000000000000000e+01
1297 3.3750000000000000e+02 2.8750000000000000e+01
1298 3.3750000000000000e+02 2.7500000000000000e+01
1299 3.3750000000000000e+02 2.6250000000000000e+01
1300 3.3750000000000000e+02 2.5000000000000000e+01
1301 3.3750000000000000e+02 2.3750000000000000e+01
1302 3.3750000000000000e+02 2.2500000000000000e+01
1303 3.3750000000000000e+02 2.1250000000000000e+01
1304 3.3750000000000000e+02 2.0000000000000000e+01
1305 3.3750000000000000e+02 1.8750000000000000e+01
1306 3.3750000000000000e+02 1.7500000000000000e+01
1307 3.3750000000000000e+02 1.6250000000000000e+01
1308 3.3750000000000000e+02 1.5000000000000000e+01
1309 3.3750000000000000e+02 1.3750000000000000e+01
1310 3.3750000000000000e+02 1.2500000000000000e+01
1311 3.3750000000000000e+02 1.1250000000000000e+01
1312 3.3750000000000000e+02 1.0000000000000000e+01
1313 3.3750000000000000e+02 8.7500000000000000e+00
1314 3.3750000000000000e+02 7.5000000000000000e+00
1315 3.3750000000000000e+02 6.2500000000000000e+00
1316 3.3750000000000000e+02 5.0000000000000000e+00
1317 3.3750000000000000e+02 3.7500000000000000e+00
1318 3.3750000000000000e+02 2.5000000000000000e+00
1319 3.3750000000000000e+02 1.2500000000000000e+00
1320 3.4375000000000000e+02 9.8750000000000000e+01
1321 3.4375000000000000e+02 9.7500000000000000e+01
1322 3.4375000000000000e+02 9.6250000000000000e+01
1323 3.4375000000000000e+02 9.5000000000000000e+01
1324 3.4375000000000000e+02 9.3750000000000000e+01
1325 3.4375000000000000e+02 9.2500000000000000e+01
1326 3.4375000000000000e+02 9.1250000000000000e+01
1327 3.4375000000000000e+02 9.0000000000000000e+01
1328 3.4375000000000000e+02 8.8750000000000000e+01
1329 3.4375000000000000e+02 8.7500000000000000e+01
1330 3.4375000000000000e+02 8.6250000000000000e+01
1331 3.4375000000000000e+02 8.5000000000000000e+01
1332 3.4375000000000000e+02 8.3750000000000000e+01
1333 3.4375000000000000e+02 8.2500000000000000e+01
1334 3.4375000000000000e+02 8.1250000000000000e+01
1335 3.4375000000000000e+02 8.0000000000000000e+01
1336 3.4375000000000000e+02 7.8750000000000000e+01
1337 3.4375000000000000e+02 7.7500000000000000e+01
1338 3.4375000000000000e+02 7.6250000000000000e+01
1339 3.4375000000000000e+02 7.5000000000000000e+01
1340 3.4375000000000000e+02 7.3750000000000000e+01
1341 3.4375000000000000e+02 7.2500000000000000e+01
1342 3.4375000000000000e+02 7.1250000000000000e+01
1343 3.4375000000000000e+02 7.0000000000000000e+01
1344 3.4375000000000000e+02 6.8750000000000000e+01
1345 3.4375000000000000e+02 6.7500000000000000e+01
1346 3.4375000000000000e+02 6.6250000000000000e+01
1347 3.4375000000000000e+02 6.5000000000000000e+01
1348 3.4375000000000000e+02 6.3750000000000000e+01
1349 3.4375000000000000e+02 6.2500000000000000e+01
1350 3.4375000000000000e+02 6.1250000000000000e+01
1351 3.4375000000000000e+02 6.0000000000000000e+01
1352 3.4375000000000000e+02 5.8750000000000000e+01
1353 3.4375000000000000e+02 5.7500000000000000e+01
1354 3.4375000000000000e+02 5.6250000000000000e+01
1355 3.4375000000000000e+02 5.5000000000000000e+01
1356 3.4375000000000000e+02 5.3750000000000000e+01
1357 3.4375000000000000e+02 5.2500000000000000e+01
1358 3.4375000000000000e+02 5.1250000000000000e+01
1359 3.4375000000000000e+02 5.0000000000000000e+01
1360 3.4375000000000000e+02 4.8750000000000000e+01
1361 3.4375000000000000e+02 4.7500000000000000e+01
1362 3.4375000000000000e+02 4.6250000000000000e+01
1363 3.4375000000000000e+02 4.5000000000000000e+01
1364 3.4375000000000000e+02 4.3750000000000000e+01
1365 3.4375000000000000e+02 4.2500000000000000e+01
1366 3.4375000000000000e+02 4.1250000000000000e+01
1367 3.4375000000000000e+02 4.0000000000000000e+01
1368 3.4375000000000000e+02 3.8750000000000000e+01
1369 3.4375000000000000e+02 3.7500000000000000e+01
1370 3.4375000000000000e+02 3.6250000000000000e+01
1371 3.4375000000000000e+02 3.5000000000000000e+01
1372 3.4375000000000000e+02 3.3750000000000000e+01
1373 3.4375000000000000e+02 3.2500000000000000e+01
1374 3.4375000000000000e+02 3.1250000000000000e+01
1375 3.4375000000000000e+02 3.0000000000000000e+01
1376 3.4375000000000000e+02 2.8750000000000000e+01
1377 3.4375000000000000e+02 2.7500000000000000e+01
1378 3.4375000000000000e+02 2.6250000000000000e+01
1379 3.4375000000000000e+02 2.5000000000000000e+01
1380 3.4375000000000000e+02 2.3750000000000000e+01
1381 3.4375000000000000e+02 2.2500000000000000e+01
1382 3.4375000000000000e+02 2.1250000000000000e+01
1383 3.4375000000000000e+02 2.0000000000000000e+01
1384 3.4375000000000000e+02 1.8750000000000000e+01
1385 3.4375000000000000e+02 1.7500000000000000e+01
1386 3.4375000000000000e+02 1.6250000000000000e+01
1387 3.4375000000000000e+02 1.5000000000000000e+01
1388 3.4375000000000000e+02 1.3750000000000000e+01
1389 3.4375000000000000e+02 1.2500000000000000e+01
1390 3.4375000000000000e+02 1.1250000000000000e+01
1391 3.4375000000000000e+02 1.0000000000000000e+01
1392 3.4375000000000000e+02 8.7500000000000000e+00
1393 3.4375000000000000e+02 7.5000000000000000e+00
1394 3.4375000000000000e+02 6.2500000000000000e+00
1395 3.4375000000000000e+02 5.0000000000000000e+00
1396 3.4375000000000000e+02 3.7500000000000000e+00
1397 3.4375000000000000e+02 2.5000000000000000e+00
1398 3.4375000000000000e+02 1.2500000000000000e+00
1399 2.0625000000000000e+02 9.8750000000000000e+01
1400 2.0625000000000000e+02 9.7500000000000000e+01
1401 2.0625000000000000e+02 9.6250000000000000e+01
1402 2.0625000000000000e+02 9.5000000000000000e+01
1403 2.0625000000000000e+02 9.3750000000000000e+01
1404 2.0625000000000000e+02 9.2500000000000000e+01
1405 2.0625000000000000e+02 9.1250000000000000e+01
1406 2.0625000000000000e+02 9.0000000000000000e+01
1407 2.0625000000000000e+02 8.8750000000000000e+01
1408 2.0625000000000000e+02 8.7500000000000000e+01
1409 2.0625000000000000e+02 8.6250000000000000e+01
1410 2.0625000000000000e+02 8.5000000000000000e+01
1411 2.0625000000000000e+02 8.3750000000000000e+01
1412 2.0625000000000000e+02 8.2500000000000000e+01
1413 2.0625000000000000e+02 8.1250000000000000e+01
1414 2.0625000000000000e+02 8.0000000000000000e+01
1415 2.0625000000000000e+02 7.8750000000000000e+01
1416 2.0625000000000000e+02 7.7500000000000000e+01
1417 2.0625000000000000e+02 7.6250000000000000e+01
1418 2.0625000000000000e+02 7.5000000000000000e+01
1419 2.0625000000000000e+02 7.3750000000000000e+01
1420 2.0625000000000000e+02 7.2500000000000000e+01
1421 2.0625000000000000e+02 7.1250000000000000e+01
1422 2.0625000000000000e+02 7.0000000000000000e+01
1423 2.0625000000000000e+02 6.8750000000000000e+01
1424 2.0625000000000000e+02 6.7500000000000000e+01
1425 2.0625000000000000e+02 6.6250000000000000e+01
1426 2.0625000000000000e+02 6.5000000000000000e+01
1427 2.0625000000000000e+02 6.3750000000000000e+01
1428 2.0625000000000000e+02 6.2500000000000000e+01
1429 2.0625000000000000e+02 6.1250000000000000e+01
1430 2.0625000000000000e+02 6.0000000000000000e+01
1431 2.0625000000000000e+02 5.8750000000000000e+01
1432 2.0625000000000000e+02 5.7500000000000000e+01
1433 2.0625000000000000e+02 5.6250000000000000e+01
1434 2.0625000000000000e+02 5.5000000000000000e+01
1435 2.0625000000000000e+02 5.3750000000000000e+01
1436 2.0625000000000000e+02 5.2500000000000000e+01
1437 2.0625000000000000e+02 5.1250000000000000e+01
1438 2.0625000000000000e+02 5.0000000000000000e+01
1439 2.0625000000000000e+02 4.8750000000000000e+01
1440 2.0625000000000000e+02 4.7500000000000000e+01
1441 2.0625000000000000e+02 4.6250000000000000e+01
1442 2.0625000000000000e+02 4.5000000000000000e+01
1443 2.0625000000000000e+02 4.3750000000000000e+01
1444 2.0625000000000000e+02 4.2500000000000000e+01
1445 2.0625000000000000e+02 4.1250000000000000e+01
1446 2.0625000000000000e+02 4.0000000000000000e+01
1447 2.0625000000000000e+02 3.8750000000000000e+01
1448 2.0625000000000000e+02 3.7500000000000000e+01
1449 2.0625000000000000e+02 3.6250000000000000e+01
1450 2.0625000000000000e+02 3.5000000000000000e+01
1451 2.0625000000000000e+02 3.3750000000000000e+01
1452 2.0625000000000000e+02 3.2500000000000000e+01
1453 2.0625000000000000e+02 3.1250000000000000e+01
1454 2.0625000000000000e+02 3.0000000000000000e+01
1455 2.0625000000000000e+02 2.8750000000000000e+01
1456 2.0625000000000000e+02 2.7500000000000000e+01
1457 2.0625000000000000e+02 2.6250000000000000e+01
1458 2.0625000000000000e+02 2.5000000000000000e+01
1459 2.0625000000000000e+02 2.3750000000000000e+01
1460 2.0625000000000000e+02 2.2500000000000000e+01
1461 2.0625000000000000e+02 2.1250000000000000e+01
1462 2.0625000000000000e+02 2.0000000000000000e+01
1463 2.0625000000000000e+02 1.8750000000000000e+01
1464 2.0625000000000000e+02 1.7500000000000000e+01
1465 2.0625000000000000e+02 1.6250000000000000e+01
1466 2.0625000000000000e+02 1.5000000000000000e+01
1467 2.0625000000000000e+02 1.3750000000000000e+01
1468 2.0625000000000000e+02 1.2500000000000000e+01
1469 2.0625000000000000e+02 1.1250000000000000e+01
1470 2.0625000000000000e+02 1.0000000000000000e+01
1471 2.0625000000000000e+02 8.7500000000000000e+00
1472 2.0625000000000000e+02 7.5000000000000000e+00
1473 2.0625000000000000e+02 6.2500000000000000e+00
1474 2.0625000000000000e+02 5.0000000000000000e+00
1475 2.0625000000000000e+02 3.7500000000000000e+00
1476 2.0625000000000000e+02 2.5000000000000000e+00
1477 2.0625000000000000e+02 1.2500000000000000e+00
1478 2.1250000000000000e+02 9.8750000000000000e+01
1479 2.1250000000000000e+02 9.7500000000000000e+01
1480 2.1250000000000000e+02 9.6250000000000000e+01
1481 2.1250000000000000e+02 9.5000000000000000e+01
1482 2.1250000000000000e+02 9.3750000000000000e+01
1483 2.1250000000000000e+02 9.2500000000000000e+01
1484 2.1250000000000000e+02 9.1250000000000000e+01
1485 2.1250000000000000e+02 9.0000000000000000e+01
1486 2.1250000000000000e+02 8.8750000000000000e+01
1487 2.1250000000000000e+02 8.7500000000000000e+01
1488 2.1250000000000000e+02 8.6250000000000000e+01
1489 2.1250000000000000e+02 8.5000000000000000e+01
1490 2.1250000000000000e+02 8.3750000000000000e+01
1491 2.1250000000000000e+02 8.2500000000000000e+01
1492 2.1250000000000000e+02 8.1250000000000000e+01
1493 2.1250000000000000e+02 8.0000000000000000e+01
1494 2.1250000000000000e+02 7.8750000000000000e+01
1495 2.1250000000000000e+02 7.7500000000000000e+01
1496 2.1250000000000000e+02 7.6250000000000000e+01
1497 2.1250000000000000e+02 7.5000000000000000e+01
1498 2.1250000000000000e+02 7.3750000000000000e+01
1499 2.1250000000000000e+02 7.2500000000000000e+01
1500 2.1250000000000000e+02 7.1250000000000000e+01
1501 2.1250000000000000e+02 7.0000000000000000e+01
1502 2.1250000000000000e+02 6.8750000000000000e+01
1503 2.1250000000000000e+02 6.7500000000000000e+01
1504 2.1250000000000000e+02 6.6250000000000000e+01
1505 2.1250000000000000e+02 6.5000000000000000e+01
1506 2.1250000000000000e+02 6.3750000000000000e+01
1507 2.1250000000000000e+02 6.2500000000000000e+01
1508 2.1250000000000000e+02 6.1250000000000000e+01
1509 2.1250000000000000e+02 6.0000000000000000e+01
1510 2.1250000000000000e+02 5.8750000000000000e+01
1511 2.1250000000000000e+02 5.7500000000000000e+01
1512 2.1250000000000000e+02 5.6250000000000000e+01
1513 2.1250000000000000e+02 5.5000000000000000e+01
1514 2.1250000000000000e+02 5.3750000000000000e+01
1515 2.1250000000000000e+02 5.2500000000000000e+01
1516 2.1250000000000000e+02 5.1250000000000000e+01
1517 2.1250000000000000e+02 5.0000000000000000e+01
1518 2.1250000000000000e+02 4.8750000000000000e+01
1519 2.1250000000000000e+02 4.7500000000000000e+01
1520 2.1250000000000000e+02 4.6250000000000000e+01
1521 2.1250000000000000e+02 4.5000000000000000e+01
1522 2.1250000000000000e+02 4.3750000000000000e+01
1523 2.1250000000000000e+02 4.2500000000000000e+01
1524 2.1250000000000000e+02 4.1250000000000000e+01
1525 2.1250000000000000e+02 4.0000000000000000e+01
1526 2.1250000000000000e+02 3.8750000000000000e+01
1527 2.1250000000000000e+02 3.7500000000000000e+01
1528 2.1250000000000000e+02 3.6250000000000000e+01
1529 2.1250000000000000e+02 3.5000000000000000e+01
1530 2.1250000000000000e+02 3.3750000000000000e+01
1531 2.1250000000000000e+02 3.2500000000000000e+01
1532 2.1250000000000000e+02 3.1250000000000000e+01
1533 2.1250000000000000e+02 3.0000000000000000e+01
1534 2.1250000000000000e+02 2.8750000000000000e+01
1535 2.1250000000000000e+02 2.7500000000000000e+01
1536 2.1250000000000000e+02 2.6250000000000000e+01
1537 2.1250000000000000e+02 2.5000000000000000e+01
1538 2.1250000000000000e+02 2.3750000000000000e+01
1539 2.1250000000000000e+02 2.2500000000000000e+01
1540 2.1250000000000000e+02 2.1250000000000000e+01
1541 2.1250000000000000e+02 2.0000000000000000e+01
1542 2.1250000000000000e+02 1.8750000000000000e+01
1543 2.1250000000000000e+02 1.7500000000000000e+01
1544 2.1250000000000000e+02 1.6250000000000000e+01
1545 2.1250000000000000e+02 1.5000000000000000e+01
1546 2.1250000000000000e+02 1.3750000000000000e+01
1547 2.1250000000000000e+02 1.2500000000000000e+01
1548 2.1250000000000000e+02 1.1250000000000000e+01
1549 2.1250000000000000e+02 1.0000000000000000e+01
1550 2.1250000000000000e+02 8.7500000000000000e+00
1551 2.1250000000000000e+02 7.5000000000000000e+00
1552 2.1250000000000000e+02 6.2500000000000000e+00
1553 2.1250000000000000e+02 5.0000000000000000e+00
1554 2.1250000000000000e+02 3.7500000000000000e+00
1555 2.1250000000000000e+02 2.5000000000000000e+00
1556 2.1250000000000000e+02 1.2500000000000000e+00
1557 2.1875000000000000e+02 9.8750000000000000e+01
1558 2.1875000000000000e+02 9.7500000000000000e+01
1559 2.1875000000000000e+02 9.6250000000000000e+01
1560 2.1875000000000000e+02 9.5000000000000000e+01
1561 2.1875000000000000e+02 9.3750000000000000e+01
1562 2.1875000000000000e+02 9.2500000000000000e+01
1563 2.1875000000000000e+02 9.1250000000000000e+01
1564 2.1875000000000000e+02 9.0000000000000000e+01
1565 2.1875000000000000e+02 8.8750000000000000e+01
1566 2.1875000000000000e+02 8.7500000000000000e+01
1567 2.1875000000000000e+02 8.6250000000000000e+01
1568 2.1875000000000000e+02 8.5000000000000000e+01
1569 2.1875000000000000e+02 8.3750000000000000e+01
1570 2.1875000000000000e+02 8.2500000000000000e+01
1571 2.1875000000000000e+02 8.1250000000000000e+01
1572 2.1875000000000000e+02 8.0000000000000000e+01
1573 2.1875000000000000e+02 7.8750000000000000e+01
1574 2.1875000000000000e+02 7.7500000000000000e+01
1575 2.1875000000000000e+02 7.6250000000000000e+01
1576 2.1875000000000000e+02 7.5000000000000000e+01
1577 2.1875000000000000e+02 7.3750000000000000e+01
1578 2.1875000000000000e+02 7.2500000000000000e+01
1579 2.1875000000000000e+02 7.1250000000000000e+01
1580 2.1875000000000000e+02 7.0000000000000000e+01
1581 2.1875000000000000e+02 6.8750000000000000e+01
1582 2.1875000000000000e+02 6.7500000000000000e+01
1583 2.1875000000000000e+02 6.6250000000000000e+01
1584 2.1875000000000000e+02 6.5000000000000000e+01
1585 2.1875000000000000e+02 6.3750000000000000e+01
1586 2.1875000000000000e+02 6.2500000000000000e+01
1587 2.1875000000000000e+02 6.1250000000000000e+01
1588 2.1875000000000000e+02 6.0000000000000000e+01
1589 2.1875000000000000e+02 5.8750000000000000e+01
1590 2.1875000000000000e+02 5.7500000000000000e+01
1591 2.1875000000000000e+02 5.6250000000000000e+01
1592 2.1875000000000000e+02 5.5000000000000000e+01
1593 2.1875000000000000e+02 5.3750000000000000e+01
1594 2.1875000000000000e+02 5.2500000000000000e+01
1595 2.1875000000000000e+02 5.1250000000000000e+01
1596 2.1875000000000000e+02 5.0000000000000000e+01
1597 2.1875000000000000e+02 4.8750000000000000e+01
1598 2.1875000000000000e+02 4.7500000000000000e+01
1599 2.1875000000000000e+02 4.6250000000000000e+01
1600 2.1875000000000000e+02 4.5000000000000000e+01
1601 2.1875000000000000e+02 4.3750000000000000e+01
1602 2.1875000000000000e+02 4.2500000000000000e+01
1603 2.1875000000000000e+02 4.1250000000000000e+01
1604 2.1875000000000000e+02 4.0000000000000000e+01
1605 2.1875000000000000e+02 3.8750000000000000e+01
1606 2.1875000000000000e+02 3.7500000000000000e+01
1607 2.1875000000000000e+02 3.6250000000000000e+01
1608 2.1875000000000000e+02 3.5000000000000000e+01
1609 2.1875000000000000e+02 3.3750000000000000e+01
1610 2.1875000000000000e+02 3.2500000000000000e+01
1611 2.1875000000000000e+02 3.1250000000000000e+01
1612 2.1875000000000000e+02 3.0000000000000000e+01
1613 2.1875000000000000e+02 2.8750000000000000e+01
1614 2.1875000000000000e+02 2.7500000000000000e+01
1615 2.1875000000000000e+02 2.6250000000000000e+01
1616 2.1875000000000000e+02 2.5000000000000000e+01
1617 2.1875000000000000e+02 2.3750000000000000e+01
1618 2.1875000000000000e+02 2.2500000000000000e+01
1619 2.1875000000000000e+02 2.1250000000000000e+01
1620 2.1875000000000000e+02 2.0000000000000000e+01
1621 2.1875000000000000e+02 1.8750000000000000e+01
1622 2.1875000000000000e+02 1.7500000000000000e+01
1623 2.1875000000000000e+02 1.6250000000000000e+01
1624 2.1875000000000000e+02 1.5000000000000000e+01
1625 2.1875000000000000e+02 1.3750000000000000e+01
1626 2.1875000000000000e+02 1.2500000000000000e+01
1627 2.1875000000000000e+02 1.1250000000000000e+01
1628 2.1875000000000000e+02 1.0000000000000000e+01
1629 2.1875000000000000e+02 8.7500000000000000e+00
1630 2.1875000000000000e+02 7.5000000000000000e+00
1631 2.1875000000000000e+02 6.2500000000000000e+00
1632 2.1875000000000000e+02 5.0000000000000000e+00
1633 2.1875000000000000e+02 3.7500000000000000e+00
1634 2.1875000000000000e+02 2.5000000000000000e+00
1635 2.1875000000000000e+02 1.2500000000000000e+00
1636 2.2500000000000000e+02 9.8750000000000000e+01
1637 2.2500000000000000e+02 9.7500000000000000e+01
1638 2.2500000000000000e+02 9.6250000000000000e+01
1639 2.2500000000000000e+02 9.5000000000000000e+01
1640 2.2500000000000000e+02 9.3750000000000000e+01
1641 2.2500000000000000e+02 9.2500000000000000e+01
1642 2.2500000000000000e+02 9.1250000000000000e+01
1643 2.2500000000000000e+02 9.0000000000000000e+01
1644 2.2500000000000000e+02 8.8750000000000000e+01
1645 2.2500000000000000e+02 8.7500000000000000e+01
1646 2.2500000000000000e+02 8.6250000000000000e+01
1647 2.2500000000000000e+02 8.5000000000000000e+01
1648 2.2500000000000000e+02 8.3750000000000000e+01
1649 2.2500000000000000e+02 8.2500000000000000e+01
1650 2.2500000000000000e+02 8.1250000000000000e+01
1651 2.2500000000000000e+02 8.0000000000000000e+01
1652 2.2500000000000000e+02 7.8750000000000000e+01
1653 2.2500000000000000e+02 7.7500000000000000e+01
1654 2.2500000000000000e+02 7.6250000000000000e+01
1655 2.2500000000000000e+02 7.5000000000000000e+01
1656 2.2500000000000000e+02 7.3750000000000000e+01
1657 2.2500000000000000e+02 7.2500000000000000e+01
1658 2.2500000000000000e+02 7.1250000000000000e+01
1659 2.2500000000000000e+02 7.0000000000000000e+01
1660 2.2500000000000000e+02 6.8750000000000000e+01
1661 2.2500000000000000e+02 6.7500000000000000e+01
1662 2.2500000000000000e+02 6.6250000000000000e+01
1663 2.2500000000000000e+02 6.5000000000000000e+01
1664 2.2500000000000000e+02 6.3750000000000000e+01
1665 2.2500000000000000e+02 6.2500000000000000e+01
1666 2.2500000000000000e+02 6.1250000000000000e+01
1667 2.2500000000000000e+02 6.0000000000000000e+01
1668 2.2500000000000000e+02 5.8750000000000000e+01
1669 2.2500000000000000e+02 5.7500000000000000e+01
1670 2.2500000000000000e+02 5.6250000000000000e+01
1671 2.2500000000000000e+02 5.5000000000000000e+01
1672 2.2500000000000000e+02 5.3750000000000000e+01
1673 2.2500000000000000e+02 5.2500000000000000e+01
1674 2.2500000000000000e+02 5.1250000000000000e+01
1675 2.2500000000000000e+02 5.0000000000000000e+01
1676 2.2500000000000000e+02 4.8750000000000000e+01
1677 2.2500000000000000e+02 4.7500000000000000e+01
1678 2.2500000000000000e+02 4.6250000000000000e+01
1679 2.2500000000000000e+02 4.5000000000000000e+01
1680 2.2500000000000000e+02 4.3750000000000000e+01
1681 2.2500000000000000e+02 4.2500000000000000e+01
1682 2.2500000000000000e+02 4.1250000000000000e+01
1683 2.2500000000000000e+02 4.0000000000000000e+01
1684 2.2500000000000000e+02 3.8750000000000000e+01
1685 2.2500000000000000e+02 3.7500000000000000e+01
1686 2.2500000000000000e+02 3.6250000000000000e+01
1687 2.2500000000000000e+02 3.5000000000000000e+01
1688 2.2500000000000000e+02 3.3750000000000000e+01
1689 2.2500000000000000e+02 3.2500000000000000e+01
1690 2.2500000000000000e+02 3.1250000000000000e+01
1691 2.2500000000000000e+02 3.0000000000000000e+01
1692 2.2500000000000000e+02 2.8750000000000000e+01
1693 2.2500000000000000e+02 2.7500000000000000e+01
1694 2.2500000000000000e+02 2.6250000000000000e+01
1695 2.2500000000000000e+02 2.5000000000000000e+01
1696 2.2500000000000000e+02 2.3750000000000000e+01
1697 2.2500000000000000e+02 2.2500000000000000e+01
1698 2.2500000000000000e+02 2.1250000000000000e+01
1699 2.2500000000000000e+02 2.0000000000000000e+01
1700 2.2500000000000000e+02 1.8750000000000000e+01
1701 2.2500000000000000e+02 1.7500000000000000e+01
1702 2.2500000000000000e+02 1.6250000000000000e+01
1703 2.2500000000000000e+02 1.5000000000000000e+01
1704 2.2500000000000000e+02 1.3750000000000000e+01
1705 2.2500000000000000e+02 1.2500000000000000e+01
1706 2.2500000000000000e+02 1.1250000000000000e+01
1707 2.2500000000000000e+02 1.0000000000000000e+01
1708 2.2500000000000000e+02 8.7500000000000000e+00
1709 2.2500000000000000e+02 7.5000000000000000e+00
1710 2.2500000000000000e+02 6.2500000000000000e+00
1711 2.2500000000000000e+02 5.0000000000000000e+00
1712 2.2500000000000000e+02 3.7500000000000000e+00
1713 2.2500000000000000e+02 2.5000000000000000e+00
1714 2.2500000000000000e+02 1.2500000000000000e+00
1715 2.3125000000000000e+02 9.8750000000000000e+01
1716 2.3125000000000000e+02 9.7500000000000000e+01
1717 2.3125000000000000e+02 9.6250000000000000e+01
1718 2.3125000000000000e+02 9.5000000000000000e+01
1719 2.3125000000000000e+02 9.3750000000000000e+01
1720 2.3125000000000000e+02 9.2500000000000000e+01
1721 2.3125000000000000e+02 9.1250000000000000e+01
1722 2.3125000000000000e+02 9.0000000000000000e+01
1723 2.3125000000000000e+02 8.8750000000000000e+01
1724 2.3125000000000000e+02 8.7500000000000000e+01
1725 2.3125000000000000e+02 8.6250000000000000e+01
1726 2.3125000000000000e+02 8.5000000000000000e+01
1727 2.3125000000000000e+02 8.3750000000000000e+01
1728 2.3125000000000000e+02 8.2500000000000000e+01
1729 2.3125000000000000e+02 8.1250000000000000e+01
1730 2.3125000000000000e+02 8.0000000000000000e+01
1731 2.3125000000000000e+02 7.8750000000000000e+01
1732 2.3125000000000000e+02 7.7500000000000000e+01
1733 2.3125000000000000e+02 7.6250000000000000e+01
1734 2.3125000000000000e+02 7.5000000000000000e+01
1735 2.3125000000000000e+02 7.3750000000000000e+01
1736 2.3125000000000000e+02 7.2500000000000000e+01
1737 2.3125000000000000e+02 7.1250000000000000e+01
1738 2.3125000000000000e+02 7.0000000000000000e+01
1739 2.3125000000000000e+02 6.8750000000000000e+01
1740 2.3125000000000000e+02 6.7500000000000000e+01
1741 2.3125000000000000e+02 6.6250000000000000e+01
1742 2.3125000000000000e+02 6.5000000000000000e+01
1743 2.3125000000000000e+02 6.3750000000000000e+01
1744 2.3125000000000000e+02 6.2500000000000000e+01
1745 2.3125000000000000e+02 6.1250000000000000e+01
1746 2.3125000000000000e+02 6.0000000000000000e+01
1747 2.3125000000000000e+02 5.8750000000000000e+01
1748 2.3125000000000000e+02 5.7500000000000000e+01
1749 2.3125000000000000e+02 5.6250000000000000e+01
1750 2.3125000000000000e+02 5.5000000000000000e+01
1751 2.3125000000000000e+02 5.3750000000000000e+01
1752 2.3125000000000000e+02 5.2500000000000000e+01
1753 2.3125000000000000e+02 5.1250000000000000e+01
1754 2.3125000000000000e+02 5.0000000000000000e+01
1755 2.3125000000000000e+02 4.8750000000000000e+01
1756 2.3125000000000000e+02 4.7500000000000000e+01
1757 2.3125000000000000e+02 4.6250000000000000e+01
1758 2.3125000000000000e+02 4.5000000000000000e+01
1759 2.3125000000000000e+02 4.3750000000000000e+01
1760 2.3125000000000000e+02 4.2500000000000000e+01
1761 2.3125000000000000e+02 4.1250000000000000e+01
1762 2.3125000000000000e+02 4.0000000000000000e+01
1763 2.3125000000000000e+02 3.8750000000000000e+01
1764 2.3125000000000000e+02 3.7500000000000000e+01
1765 2.3125000000000000e+02 3.6250000000000000e+01
1766 2.3125000000000000e+02 3.5000000000000000e+01
1767 2.3125000000000000e+02 3.3750000000000000e+01
1768 2.3125000000000000e+02 3.2500000000000000e+01
1769 2.3125000000000000e+02 3.1250000000000000e+01
1770 2.3125000000000000e+02 3.0000000000000000e+01
1771 2.3125000000000000e+02 2.8750000000000000e+01
1772 2.3125000000000000e+02 2.7500000000000000e+01
1773 2.3125000000000000e+02 2.6250000000000000e+01
1774 2.3125000000000000e+02 2.5000000000000000e+01
1775 2.3125000000000000e+02 2.3750000000000000e+01
1776 2.3125000000000000e+02 2.2500000000000000e+01
1777 2.3125000000000000e+02 2.1250000000000000e+01
1778 2.3125000000000000e+02 2.0000000000000000e+01
1779 2.3125000000000000e+02 1.8750000000000000e+01
1780 2.3125000000000000e+02 1.7500000000000000e+01
1781 2.3125000000000000e+02 1.6250000000000000e+01
1782 2.3125000000000000e+02 1.5000000000000000e+01
1783 2.3125000000000000e+02 1.3750000000000000e+01
1784 2.3125000000000000e+02 1.2500000000000000e+01
1785 2.3125000000000000e+02 1.1250000000000000e+01
1786 2.3125000000000000e+02 1.0000000000000000e+01
1787 2.3125000000000000e+02 8.7500000000000000e+00
1788 2.3125000000000000e+02 7.5000000000000000e+00
1789 2.3125000000000000e+02 6.2500000000000000e+00
1790 2.3125000000000000e+02 5.0000000000000000e+00
1791 2.3125000000000000e+02 3.7500000000000000e+00
1792 2.3125000000000000e+02 2.5000000000000000e+00
1793 2.3125000000000000e+02 1.2500000000000000e+00
1794 2.3750000000000000e+02 9.8750000000000000e+01
1795 2.3750000000000000e+02 9.7500000000000000e+01
1796 2.3750000000000000e+02 9.6250000000000000e+01
1797 2.3750000000000000e+02 9.5000000000000000e+01
1798 2.3750000000000000e+02 9.3750000000000000e+01
1799 2.3750000000000000e+02 9.2500000000000000e+01
1800 2.3750000000000000e+02 9.1250000000000000e+01
1801 2.3750000000000000e+02 9.0000000000000000e+01
1802 2.3750000000000000e+02 8.8750000000000000e+01
1803 2.3750000000000000e+02 8.7500000000000000e+01
1804 2.3750000000000000e+02 8.6250000000000000e+01
1805 2.3750000000000000e+02 8.5000000000000000e+01
1806 2.3750000000000000e+02 8.3750000000000000e+01
1807 2.3750000000000000e+02 8.2500000000000000e+01
1808 2.3750000000000000e+02 8.1250000000000000e+01
1809 2.3750000000000000e+02 8.0000000000000000e+01
1810 2.3750000000000000e+02 7.8750000000000000e+01
1811 2.3750000000000000e+02 7.7500000000000000e+01
1812 2.3750000000000000e+02 7.6250000000000000e+01
1813 2.3750000000000000e+02 7.5000000000000000e+01
1814 2.3750000000000000e+02 7.3750000000000000e+01
1815 2.3750000000000000e+02 7.2500000000000000e+01
1816 2.3750000000000000e+02 7.1250000000000000e+01
1817 2.3750000000000000e+02 7.0000000000000000e+01
1818 2.3750000000000000e+02 6.8750000000000000e+01
1819 2.3750000000000000e+02 6.7500000000000000e+01
1820 2.3750000000000000e+02 6.6250000000000000e+01
1821 2.3750000000000000e+02 6.5000000000000000e+01
1822 2.3750000000000000e+02 6.3750000000000000e+01
1823 2.3750000000000000e+02 6.2500000000000000e+01
1824 2.3750000000000000e+02 6.1250000000000000e+01
1825 2.3750000000000000e+02 6.0000000000000000e+01
1826 2.3750000000000000e+02 5.8750000000000000e+01
1827 2.3750000000000000e+02 5.7500000000000000e+01
1828 2.3750000000000000e+02 5.6250000000000000e+01
1829 2.3750000000000000e+02 5.5000000000000000e+01
1830 2.3750000000000000e+02 5.3750000000000000e+01
1831 2.3750000000000000e+02 5.2500000000000000e+01
1832 2.3750000000000000e+02 5.1250000000000000e+01
1833 2.3750000000000000e+02 5.0000000000000000e+01
1834 2.3750000000000000e+02 4.8750000000000000e+01
1835 2.3750000000000000e+02 4.7500000000000000e+01
1836 2.3750000000000000e+02 4.6250000000000000e+01
1837 2.3750000000000000e+02 4.5000000000000000e+01
1838 2.3750000000000000e+02 4.3750000000000000e+01
1839 2.3750000000000000e+02 4.2500000000000000e+01
1840 2.3750000000000000e+02 4.1250000000000000e+01
1841 2.3750000000000000e+02 4.0000000000000000e+01
1842 2.3750000000000000e+02 3.8750000000000000e+01
1843 2.3750000000000000e+02 3.7500000000000000e+01
1844 2.3750000000000000e+02 3.6250000000000000e+01
1845 2.3750000000000000e+02 3.5000000000000000e+01
1846 2.3750000000000000e+02 3.3750000000000000e+01
1847 2.3750000000000000e+02 3.2500000000000000e+01
1848 2.3750000000000000e+02 3.1250000000000000e+01
1849 2.3750000000000000e+02 3.0000000000000000e+01
1850 2.3750000000000000e+02 2.8750000000000000e+01
1851 2.3750000000000000e+02 2.7500000000000000e+01
1852 2.3750000000000000e+02 2.6250000000000000e+01
1853 2.3750000000000000e+02 2.5000000000000000e+01
1854 2.3750000000000000e+02 2.3750000000000000e+01
1855 2.3750000000000000e+02 2.2500000000000000e+01
1856 2.3750000000000000e+02 2.1250000000000000e+01
1857 2.3750000000000000e+02 2.0000000000000000e+01
1858 2.3750000000000000e+02 1.8750000000000000e+01
1859 2.3750000000000000e+02 1.7500000000000000e+01
1860 2.3750000000000000e+02 1.6250000000000000e+01
1861 2.3750000000000000e+02 1.5000000000000000e+01
1862 2.3750000000000000e+02 1.3750000000000000e+01
1863 2.3750000000000000e+02 1.2500000000000000e+01
1864 2.3750000000000000e+02 1.1250000000000000e+01
1865 2.3750000000000000e+02 1.0000000000000000e+01
1866 2.3750000000000000e+02 8.7500000000000000e+00
1867 2.3750000000000000e+02 7.5000000000000000e+00
1868 2.3750000000000000e+02 6.2500000000000000e+00
1869 2.3750000000000000e+02 5.0000000000000000e+00
1870 2.3750000000000000e+02 3.7500000000000000e+00
1871 2.3750000000000000e+02 2.5000000000000000e+00
1872 2.3750000000000000e+02 1.2500000000000000e+00
1873 2.4375000000000000e+02 9.8750000000000000e+01
1874 2.4375000000000000e+02 9.7500000000000000e+01
1875 2.4375000000000000e+02 9.6250000000000000e+01
1876 2.4375000000000000e+02 9.5000000000000000e+01
1877 2.4375000000000000e+02 9.3750000000000000e+01
1878 2.4375000000000000e+02 9.2500000000000000e+01
1879 2.4375000000000000e+02 9.1250000000000000e+01
1880 2.4375000000000000e+02 9.0000000000000000e+01
1881 2.4375000000000000e+02 8.8750000000000000e+01
1882 2.4375000000000000e+02 8.7500000000000000e+01
1883 2.4375000000000000e+02 8.6250000000000000e+01
1884 2.4375000000000000e+02 8.5000000000000000e+01
1885 2.4375000000000000e+02 8.3750000000000000e+01
1886 2.4375000000000000e+02 8.2500000000000000e+01
1887 2.4375000000000000e+02 8.1250000000000000e+01
1888 2.4375000000000000e+02 8.0000000000000000e+01
1889 2.4375000000000000e+02 7.8750000000000000e+01
1890 2.4375000000000000e+02 7.7500000000000000e+01
1891 2.4375000000000000e+02 7.6250000000000000e+01
1892 2.4375000000000000e+02 7.5000000000000000e+01
1893 2.4375000000000000e+02 7.3750000000000000e+01
1894 2.4375000000000000e+02 7.2500000000000000e+01
1895 2.4375000000000000e+02 7.1250000000000000e+01
1896 2.4375000000000000e+02 7.0000000000000000e+01
1897 2.4375000000000000e+02 6.8750000000000000e+01
1898 2.4375000000000000e+02 6.7500000000000000e+01
1899 2.4375000000000000e+02 6.6250000000000000e+01
1900 2.4375000000000000e+02 6.5000000000000000e+01
1901 2.4375000000000000e+02 6.3750000000000000e+01
1902 2.4375000000000000e+02 6.2500000000000000e+01
1903 2.4375000000000000e+02 6.1250000000000000e+01
1904 2.4375000000000000e+02 6.0000000000000000e+01
1905 2.4375000000000000e+02 5.8750000000000000e+01
1906 2.4375000000000000e+02 5.7500000000000000e+01
1907 2.4375000000000000e+02 5.6250000000000000e+01
1908 2.4375000000000000e+02 5.5000000000000000e+01
1909 2.4375000000000000e+02 5.3750000000000000e+01
1910 2.4375000000000000e+02 5.2500000000000000e+01
1911 2.4375000000000000e+02 5.1250000000000000e+01
1912 2.4375000000000000e+02 5.0000000000000000e+01
1913 2.4375000000000000e+02 4.8750000000000000e+01
1914 2.4375000000000000e+02 4.7500000000000000e+01
1915 2.4375000000000000e+02 4.6250000000000000e+01
1916 2.4375000000000000e+02 4.5000000000000000e+01
1917 2.4375000000000000e+02 4.3750000000000000e+01
1918 2.4375000000000000e+02 4.2500000000000000e+01
1919 2.4375000000000000e+02 4.1250000000000000e+01
1920 2.4375000000000000e+02 4.0000000000000000e+01
1921 2.4375000000000000e+02 3.8750000000000000e+01
1922 2.4375000000000000e+02 3.7500000000000000e+01
1923 2.4375000000000000e+02 3.6250000000000000e+01
1924 2.4375000000000000e+02 3.5000000000000000e+01
1925 2.4375000000000000e+02 3.3750000000000000e+01
1926 2.4375000000000000e+02 3.2500000000000000e+01
1927 2.4375000000000000e+02 3.1250000000000000e+01
1928 2.4375000000000000e+02 3.0000000000000000e+01
1929 2.4375000000000000e+02 2.8750000000000000e+01
1930 2.4375000000000000e+02 2.7500000000000000e+01
1931 2.4375000000000000e+02 2.6250000000000000e+01
1932 2.4375000000000000e+02 2.5000000000000000e+01
1933 2.4375000000000000e+02 2.3750000000000000e+01
1934 2.4375000000000000e+02 2.2500000000000000e+01
1935 2.4375000000000000e+02 2.1250000000000000e+01
1936 2.4375000000000000e+02 2.0000000000000000e+01
1937 2.4375000000000000e+02 1.8750000000000000e+01
1938 2.4375000000000000e+02 1.7500000000000000e+01
1939 2.4375000000000000e+02 1.6250000000000000e+01
1940 2.4375000000000000e+02 1.5000000000000000e+01
1941 2.4375000000000000e+02 1.3750000000000000e+01
1942 2.4375000000000000e+02 1.2500000000000000e+01
1943 2.4375000000000000e+02 1.1250000000000000e+01
1944 2.4375000000000000e+02 1.0000000000000000e+01
1945 2.4375000000000000e+02 8.7500000000000000e+00
1946 2.4375000000000000e+02 7.5000000000000000e+00
1947 2.4375000000000000e+02 6.2500000000000000e+00
1948 2.4375000000000000e+02 5.0000000000000000e+00
1949 2.4375000000000000e+02 3.7500000000000000e+00
1950 2.4375000000000000e+02 2.5000000000000000e+00
1951 2.4375000000000000e+02 1.2500000000000000e+00
1952 2.5000000000000000e+02 9.8750000000000000e+01
1953 2.5000000000000000e+02 9.7500000000000000e+01
1954 2.5000000000000000e+02 9.6250000000000000e+01
1955 2.5000000000000000e+02 9.5000000000000000e+01
1956 2.5000000000000000e+02 9.3750000000000000e+01
1957 2.5000000000000000e+02 9.2500000000000000e+01
1958 2.5000000000000000e+02 9.1250000000000000e+01
1959 2.5000000000000000e+02 9.0000000000000000e+01
1960 2.5000000000000000e+02 8.8750000000000000e+01
1961 2.5000000000000000e+02 8.7500000000000000e+01
1962 2.5000000000000000e+02 8.6250000000000000e+01
1963 2.5000000000000000e+02 8.5000000000000000e+01
1964 2.5000000000000000e+02 8.3750000000000000e+01
1965 2.5000000000000000e+02 8.2500000000000000e+01
1966 2.5000000000000000e+02 8.1250000000000000e+01
1967 2.5000000000000000e+02 8.0000000000000000e+01
1968 2.5000000000000000e+02 7.8750000000000000e+01
1969 2.5000000000000000e+02 7.7500000000000000e+01
1970 2.5000000000000000e+02 7.6250000000000000e+01
1971 2.5000000000000000e+02 7.5000000000000000e+01
1972 2.5000000000000000e+02 7.3750000000000000e+01
1973 2.5000000000000000e+02 7.2500000000000000e+01
1974 2.5000000000000000e+02 7.1250000000000000e+01
1975 2.5000000000000000e+02 7.0000000000000000e+01
1976 2.5000000000000000e+02 6.8750000000000000e+01
1977 2.5000000000000000e+02 6.7500000000000000e+01
1978 2.5000000000000000e+02 6.6250000000000000e+01
1979 2.5000000000000000e+02 6.5000000000000000e+01
1980 2.5000000000000000e+02 6.3750000000000000e+01
1981 2.5000000000000000e+02 6.2500000000000000e+01
1982 2.5000000000000000e+02 6.1250000000000000e+01
1983 2.5000000000000000e+02 6.0000000000000000e+01
1984 2.5000000000000000e+02 5.8750000000000000e+01
1985 2.5000000000000000e+02 5.7500000000000000e+01
1986 2.5000000000000000e+02 5.6250000000000000e+01
1987 2.5000000000000000e+02 5.5000000000000000e+01
1988 2.5000000000000000e+02 5.3750000000000000e+01
1989 2.5000000000000000e+02 5.2500000000000000e+01
1990 2.5000000000000000e+02 5.1250000000000000e+01
1991 2.5000000000000000e+02 5.0000000000000000e+01
1992 2.5000000000000000e+02 4.8750000000000000e+01
1993 2.5000000000000000e+02 4.7500000000000000e+01
1994 2.5000000000000000e+02 4.6250000000000000e+01
1995 2.5000000000000000e+02 4.5000000000000000e+01
1996 2.5000000000000000e+02 4.3750000000000000e+01
1997 2.5000000000000000e+02 4.2500000000000000e+01
1998 2.5000000000000000e+02 4.1250000000000000e+01
1999 2.5000000000000000e+02 4.0000000000000000e+01
2000 2.5000000000000000e+02 3.8750000000000000e+01
2001 2.5000000000000000e+02 3.7500000000000000e+01
2002 2.5000000000000000e+02 3.6250000000000000e+01
2003 2.5000000000000000e+02 3.5000000000000000e+01
2004 2.5000000000000000e+02 3.3750000000000000e+01
2005 2.5000000000000000e+02 3.2500000000000000e+01
2006 2.5000000000000000e+02 3.1250000000000000e+01
2007 2.5000000000000000e+02 3.0000000000000000e+01
2008 2.5000000000000000e+02 2.8750000000000000e+01
2009 2.5000000000000000e+02 2.7500000000000000e+01
2010 2.5000000000000000e+02 2.6250000000000000e+01
2011 2.5000000000000000e+02 2.5000000000000000e+01
2012 2.5000000000000000e+02 2.3750000000000000e+01
2013 2.5000000000000000e+02 2.2500000000000000e+01
2014 2.5000000000000000e+02 2.1250000000000000e+01
2015 2.5000000000000000e+02 2.0000000000000000e+01
2016 2.5000000000000000e+02 1.8750000000000000e+01
2017 2.5000000000000000e+02 1.7500000000000000e+01
2018 2.5000000000000000e+02 1.6250000000000000e+01
2019 2.5000000000000000e+02 1.5000000000000000e+01
2020 2.5000000000000000e+02 1.3750000000000000e+01
2021 2.5000000000000000e+02 1.2500000000000000e+01
2022 2.5000000000000000e+02 1.1250000000000000e+01
2023 2.5000000000000000e+02 1.0000000000000000e+01
2024 2.5000000000000000e+02 8.7500000000000000e+00
2025 2.5000000000000000e+02 7.5000000000000000e+00
2026 2.5000000000000000e+02 6.2500000000000000e+00
2027 2.5000000000000000e+02 5.0000000000000000e+00
2028 2.5000000000000000e+02 3.7500000000000000e+00
2029 2.5000000000000000e+02 2.5000000000000000e+00
2030 2.5000000000000000e+02 1.2500000000000000e+00
2031 2.5625000000000000e+02 9.8750000000000000e+01
2032 2.5625000000000000e+02 9.7500000000000000e+01
2033 2.5625000000000000e+02 9.6250000000000000e+01
2034 2.5625000000000000e+02 9.5000000000000000e+01
2035 2.5625000000000000e+02 9.3750000000000000e+01
2036 2.5625000000000000e+02 9.2500000000000000e+01
2037 2.5625000000000000e+02 9.1250000000000000e+01
2038 2.5625000000000000e+02 9.0000000000000000e+01
2039 2.5625000000000000e+02 8.8750000000000000e+01
2040 2.5625000000000000e+02 8.7500000000000000e+01
2041 2.5625000000000000e+02 8.6250000000000000e+01
2042 2.5625000000000000e+02 8.5000000000000000e+01
2043 2.5625000000000000e+02 8.3750000000000000e+01
2044 2.5625000000000000e+02 8.2500000000000000e+01
2045 2.5625000000000000e+02 8.1250000000000000e+01
2046 2.5625000000000000e+02 8.0000000000000000e+01
2047 2.5625000000000000e+02 7.8750000000000000e+01
2048 2.5625000000000000e+02 7.7500000000000000e+01
2049 2.5625000000000000e+02 7.6250000000000000e+01
2050 2.5625000000000000e+02 7.5000000000000000e+01
2051 2.5625000000000000e+02 7.3750000000000000e+01
2052 2.5625000000000000e+02 7.2500000000000000e+01
2053 2.5625000000000000e+02 7.1250000000000000e+01
2054 2.5625000000000000e+02 7.0000000000000000e+01
2055 2.5625000000000000e+02 6.8750000000000000e+01
2056 2.5625000000000000e+02 6.7500000000000000e+01
2057 2.5625000000000000e+02 6.6250000000000000e+01
2058 2.5625000000000000e+02 6.5000000000000000e+01
2059 2.5625000000000000e+02 6.3750000000000000e+01
2060 2.5625000000000000e+02 6.2500000000000000e+01
2061 2.5625000000000000e+02 6.1250000000000000e+01
2062 2.5625000000000000e+02 6.0000000000000000e+01
2063 2.5625000000000000e+02 5.8750000000000000e+01
2064 2.5625000000000000e+02 5.7500000000000000e+01
2065 2.5625000000000000e+02 5.6250000000000000e+01
2066 2.5625000000000000e+02 5.5000000000000000e+01
2067 2.5625000000000000e+02 5.3750000000000000e+01
2068 2.5625000000000000e+02 5.2500000000000000e+01
2069 2.5625000000000000e+02 5.1250000000000000e+01
2070 2.5625000000000000e+02 5.0000000000000000e+01
2071 2.5625000000000000e+02 4.8750000000000000e+01
2072 2.5625000000000000e+02 4.7500000000000000e+01
2073 2.5625000000000000e+02 4.6250000000000000e+01
2074 2.5625000000000000e+02 4.5000000000000000e+01
2075 2.5625000000000000e+02 4.3750000000000000e+01
2076 2.5625000000000000e+02 4.2500000000000000e+01
2077 2.5625000000000000e+02 4.1250000000000000e+01
2078 2.5625000000000000e+02 4.0000000000000000e+01
2079 2.5625000000000000e+02 3.8750000000000000e+01
2080 2.5625000000000000e+02 3.7500000000000000e+01
2081 2.5625000000000000e+02 3.6250000000000000e+01
2082 2.5625000000000000e+02 3.5000000000000000e+01
2083 2.5625000000000000e+02 3.3750000000000000e+01
2084 2.5625000000000000e+02 3.2500000000000000e+01
2085 2.5625000000000000e+02 3.1250000000000000e+01
2086 2.5625000000000000e+02 3.0000000000000000e+01
2087 2.5625000000000000e+02 2.8750000000000000e+01
2088 2.5625000000000000e+02 2.7500000000000000e+01
2089 2.5625000000000000e+02 2.6250000000000000e+01
2090 2.5625000000000000e+02 2.5000000000000000e+01
2091 2.5625000000000000e+02 2.3750000000000000e+01
2092 2.5625000000000000e+02 2.2500000000000000e+01
2093 2.5625000000000000e+02 2.1250000000000000e+01
2094 2.5625000000000000e+02 2.0000000000000000e+01
2095 2.5625000000000000e+02 1.8750000000000000e+01
2096 2.5625000000000000e+02 1.7500000000000000e+01
2097 2.5625000000000000e+02 1.6250000000000000e+01
2098 2.5625000000000000e+02 1.5000000000000000e+01
2099 2.5625000000000000e+02 1.3750000000000000e+01
2100 2.5625000000000000e+02 1.2500000000000000e+01
2101 2.5625000000000000e+02 1.1250000000000000e+01
2102 2.5625000000000000e+02 1.0000000000000000e+01
2103 2.5625000000000000e+02 8.7500000000000000e+00
2104 2.5625000000000000e+02 7.5000000000000000e+00
2105 2.5625000000000000e+02 6.2500000000000000e+00
2106 2.5625000000000000e+02 5.0000000000000000e+00
2107 2.5625000000000000e+02 3.7500000000000000e+00
2108 2.5625000000000000e+02 2.5000000000000000e+00
2109 2.5625000000000000e+02 1.2500000000000000e+00
2110 2.6250000000000000e+02 9.8750000000000000e+01
2111 2.6250000000000000e+02 9.7500000000000000e+01
2112 2.6250000000000000e+02 9.6250000000000000e+01
2113 2.6250000000000000e+02 9.5000000000000000e+01
2114 2.6250000000000000e+02 9.3750000000000000e+01
2115 2.6250000000000000e+02 9.2500000000000000e+01
2116 2.6250000000000000e+02 9.1250000000000000e+01
2117 2.6250000000000000e+02 9.0000000000000000e+01
2118 2.6250000000000000e+02 8.8750000000000000e+01
2119 2.6250000000000000e+02 8.7500000000000000e+01
2120 2.6250000000000000e+02 8.6250000000000000e+01
2121 2.6250000000000000e+02 8.5000000000000000e+01
2122 2.6250000000000000e+02 8.3750000000000000e+01
2123 2.6250000000000000e+02 8.2500000000000000e+01
2124 2.6250000000000000e+02 8.1250000000000000e+01
2125 2.6250000000000000e+02 8.0000000000000000e+01
2126 2.6250000000000000e+02 7.8750000000000000e+01
2127 2.6250000000000000e+02 7.7500000000000000e+01
2128 2.6250000000000000e+02 7.6250000000000000e+01
2129 2.6250000000000000e+02 7.5000000000000000e+01
2130 2.6250000000000000e+02 7.3750000000000000e+01
2131 2.6250000000000000e+02 7.2500000000000000e+01
2132 2.6250000000000000e+02 7.1250000000000000e+01
2133 2.6250000000000000e+02 7.0000000000000000e+01
2134 2.6250000000000000e+02 6.8750000000000000e+01
2135 2.6250000000000000e+02 6.7500000000000000e+01
2136 2.6250000000000000e+02 6.6250000000000000e+01
2137 2.6250000000000000e+02 6.5000000000000000e+01
2138 2.6250000000000000e+02 6.3750000000000000e+01
2139 2.6250000000000000e+02 6.2500000000000000e+01
2140 2.6250000000000000e+02 6.1250000000000000e+01
2141 2.6250000000000000e+02 6.0000000000000000e+01
2142 2.6250000000000000e+02 5.8750000000000000e+01
2143 2.6250000000000000e+02 5.7500000000000000e+01
2144 2.6250000000000000e+02 5.6250000000000000e+01
2145 2.6250000000000000e+02 5.5000000000000000e+01
2146 2.6250000000000000e+02 5.3750000000000000e+01
2147 2.6250000000000000e+02 5.2500000000000000e+01
2148 2.6250000000000000e+02 5.1250000000000000e+01
2149 2.6250000000000000e+02 5.0000000000000000e+01
2150 2.6250000000000000e+02 4.8750000000000000e+01
2151 2.6250000000000000e+02 4.7500000000000000e+01
2152 2.6250000000000000e+02 4.6250000000000000e+01
2153 2.6250000000000000e+02 4.5000000000000000e+01
2154 2.6250000000000000e+02 4.3750000000000000e+01
2155 2.6250000000000000e+02 4.2500000000000000e+01
2156 2.6250000000000000e+02 4.1250000000000000e+01
2157 2.6250000000000000e+02 4.0000000000000000e+01
2158 2.6250000000000000e+02 3.8750000000000000e+01
2159 2.6250000000000000e+02 3.7500000000000000e+01
2160 2.6250000000000000e+02 3.6250000000000000e+01
2161 2.6250000000000000e+02 3.5000000000000000e+01
2162 2.6250000000000000e+02 3.3750000000000000e+01
2163 2.6250000000000000e+02 3.2500000000000000e+01
2164 2.6250000000000000e+02 3.1250000000000000e+01
2165 2.6250000000000000e+02 3.0000000000000000e+01
2166 2.6250000000000000e+02 2.8750000000000000e+01
2167 2.6250000000000000e+02 2.7500000000000000e+01
2168 2.6250000000000000e+02 2.6250000000000000e+01
2169 2.6250000000000000e+02 2.5000000000000000e+01
2170 2.6250000000000000e+02 2.3750000000000000e+01
2171 2.6250000000000000e+02 2.2500000000000000e+01
2172 2.6250000000000000e+02 2.1250000000000000e+01
2173 2.6250000000000000e+02 2.0000000000000000e+01
2174 2.6250000000000000e+02 1.8750000000000000e+01
2175 2.6250000000000000e+02 1.7500000000000000e+01
2176 2.6250000000000000e+02 1.6250000000000000e+01
2177 2.6250000000000000e+02 1.5000000000000000e+01
2178 2.6250000000000000e+02 1.3750000000000000e+01
2179 2.6250000000000000e+02 1.2500000000000000e+01
2180 2.6250000000000000e+02 1.1250000000000000e+01
2181 2.6250000000000000e+02 1.0000000000000000e+01
2182 2.6250000000000000e+02 8.7500000000000000e+00
2183 2.6250000000000000e+02 7.5000000000000000e+00
2184 2.6250000000000000e+02 6.2500000000000000e+00
2185 2.6250000000000000e+02 5.0000000000000000e+00
2186 2.6250000000000000e+02 3.7500000000000000e+00
2187 2.6250000000000000e+02 2.5000000000000000e+00
2188 2.6250000000000000e+02 1.2500000000000000e+00
2189 2.6875000000000000e+02 9.8750000000000000e+01
2190 2.6875000000000000e+02 9.7500000000000000e+01
2191 2.6875000000000000e+02 9.6250000000000000e+01
2192 2.6875000000000000e+02 9.5000000000000000e+01
2193 2.6875000000000000e+02 9.3750000000000000e+01
2194 2.6875000000000000e+02 9.2500000000000000e+01
2195 2.6875000000000000e+02 9.1250000000000000e+01
2196 2.6875000000000000e+02 9.0000000000000000e+01
2197 2.6875000000000000e+02 8.8750000000000000e+01
2198 2.6875000000000000e+02 8.7500000000000000e+01
2199 2.6875000000000000e+02 8.6250000000000000e+01
2200 2.6875000000000000e+02 8.5000000000000000e+01
2201 2.6875000000000000e+02 8.3750000000000000e+01
2202 2.6875000000000000e+02 8.2500000000000000e+01
2203 2.6875000000000000e+02 8.1250000000000000e+01
2204 2.6875000000000000e+02 8.0000000000000000e+01
2205 2.6875000000000000e+02 7.8750000000000000e+01
2206 2.6875000000000000e+02 7.7500000000000000e+01
2207 2.6875000000000000e+02 7.6250000000000000e+01
2208 2.6875000000000000e+02 7.5000000000000000e+01
2209 2.6875000000000000e+02 7.3750000000000000e+01
2210 2.6875000000000000e+02 7.2500000000000000e+01
2211 2.6875000000000000e+02 7.1250000000000000e+01
2212 2.6875000000000000e+02 7.0000000000000000e+01
2213 2.6875000000000000e+02 6.8750000000000000e+01
2214 2.6875000000000000e+02 6.7500000000000000e+01
2215 2.6875000000000000e+02 6.6250000000000000e+01
2216 2.6875000000000000e+02 6.5000000000000000e+01
2217 2.6875000000000000e+02 6.3750000000000000e+01
2218 2.6875000000000000e+02 6.2500000000000000e+01
2219 2.6875000000000000e+02 6.1250000000000000e+01
2220 2.6875000000000000e+02 6.0000000000000000e+01
2221 2.6875000000000000e+02 5.8750000000000000e+01
2222 2.6875000000000000e+02 5.7500000000000000e+01
2223 2.6875000000000000e+02 5.6250000000000000e+01
2224 2.6875000000000000e+02 5.5000000000000000e+01
2225 2.6875000000000000e+02 5.3750000000000000e+01
2226 2.6875000000000000e+02 5.2500000000000000e+01
2227 2.6875000000000000e+02 5.1250000000000000e+01
2228 2.6875000000000000e+02 5.0000000000000000e+01
2229 2.6875000000000000e+02 4.8750000000000000e+01
2230 2.6875000000000000e+02 4.7500000000000000e+01
2231 2.6875000000000000e+02 4.6250000000000000e+01
2232 2.6875000000000000e+02 4.5000000000000000e+01
2233 2.6875000000000000e+02 4.3750000000000000e+01
2234 2.6875000000000000e+02 4.2500000000000000e+01
2235 2.6875000000000000e+02 4.1250000000000000e+01
2236 2.6875000000000000e+02 4.0000000000000000e+01
2237 2.6875000000000000e+02 3.8750000000000000e+01
2238 2.6875000000000000e+02 3.7500000000000000e+01
2239 2.6875000000000000e+02 3.6250000000000000e+01
2240 2.6875000000000000e+02 3.5000000000000000e+01
2241 2.6875000000000000e+02 3.3750000000000000e+01
2242 2.6875000000000000e+02 3.2500000000000000e+01
2243 2.6875000000000000e+02 3.1250000000000000e+01
2244 2.6875000000000000e+02 3.0000000000000000e+01
2245 2.6875000000000000e+02 2.8750000000000000e+01
2246 2.6875000000000000e+02 2.7500000000000000e+01
2247 2.6875000000000000e+02 2.6250000000000000e+01
2248 2.6875000000000000e+02 2.5000000000000000e+01
2249 2.6875000000000000e+02 2.3750000000000000e+01
2250 2.6875000000000000e+02 2.2500000000000000e+01
2251 2.6875000000000000e+02 2.1250000000000000e+01
2252 2.6875000000000000e+02 2.0000000000000000e+01
2253 2.6875000000000000e+02 1.8750000000000000e+01
2254 2.6875000000000000e+02 1.7500000000000000e+01
2255 2.6875000000000000e+02 1.6250000000000000e+01
2256 2.6875000000000000e+02 1.5000000000000000e+01
2257 2.6875000000000000e+02 1.3750000000000000e+01
2258 2.6875000000000000e+02 1.2500000000000000e+01
2259 2.6875000000000000e+02 1.1250000000000000e+01
2260 2.6875000000000000e+02 1.0000000000000000e+01
2261 2.6875000000000000e+02 8.7500000000000000e+00
2262 2.6875000000000000e+02 7.5000000000000000e+00
2263 2.6875000000000000e+02 6.2500000000000000e+00
2264 2.6875000000000000e+02 5.0000000000000000e+00
2265 2.6875000000000000e+02 3.7500000000000000e+00
2266 2.6875000000000000e+02 2.5000000000000000e+00
2267 2.6875000000000000e+02 1.2500000000000000e+00
2268 2.7500000000000000e+02 9.8750000000000000e+01
2269 2.7500000000000000e+02 9.7500000000000000e+01
2270 2.7500000000000000e+02 9.6250000000000000e+01
2271 2.7500000000000000e+02 9.5000000000000000e+01
2272 2.7500000000000000e+02 9.3750000000000000e+01
2273 2.7500000000000000e+02 9.2500000000000000e+01
2274 2.7500000000000000e+02 9.1250000000000000e+01
2275 2.7500000000000000e+02 9.0000000000000000e+01
2276 2.7500000000000000e+02 8.8750000000000000e+01
2277 2.7500000000000000e+02 8.7500000000000000e+01
2278 2.7500000000000000e+02 8.6250000000000000e+01
2279 2.7500000000000000e+02 8.5000000000000000e+01
2280 2.7500000000000000e+02 8.3750000000000000e+01
2281 2.7500000000000000e+02 8.2500000000000000e+01
2282 2.7500000000000000e+02 8.1250000000000000e+01
2283 2.7500000000000000e+02 8.0000000000000000e+01
2284 2.7500000000000000e+02 7.8750000000000000e+01
2285 2.7500000000000000e+02 7.7500000000000000e+01
2286 2.7500000000000000e+02 7.6250000000000000e+01
2287 2.7500000000000000e+02 7.5000000000000000e+01
2288 2.7500000000000000e+02 7.3750000000000000e+01
2289 2.7500000000000000e+02 7.2500000000000000e+01
2290 2.7500000000000000e+02 7.1250000000000000e+01
2291 2.7500000000000000e+02 7.0000000000000000e+01
2292 2.7500000000000000e+02 6.8750000000000000e+01
2293 2.7500000000000000e+02 6.7500000000000000e+01
2294 2.7500000000000000e+02 6.6250000000000000e+01
2295 2.7500000000000000e+02 6.5000000000000000e+01
2296 2.7500000000000000e+02 6.3750000000000000e+01
2297 2.7500000000000000e+02 6.2500000000000000e+01
2298 2.7500000000000000e+02 6.1250000000000000e+01
2299 2.7500000000000000e+02 6.0000000000000000e+01
2300 2.7500000000000000e+02 5.8750000000000000e+01
2301 2.7500000000000000e+02 5.7500000000000000e+01
2302 2.7500000000000000e+02 5.6250000000000000e+01
2303 2.7500000000000000e+02 5.5000000000000000e+01
2304 2.7500000000000000e+02 5.3750000000000000e+01
2305 2.7500000000000000e+02 5.2500000000000000e+01
2306 2.7500000000000000e+02 5.1250000000000000e+01
2307 2.7500000000000000e+02 5.0000000000000000e+01
2308 2.7500000000000000e+02 4.8750000000000000e+01
2309 2.7500000000000000e+02 4.7500000000000000e+01
2310 2.7500000000000000e+02 4.6250000000000000e+01
2311 2.7500000000000000e+02 4.5000000000000000e+01
2312 2.7500000000000000e+02 4.3750000000000000e+01
2313 2.7500000000000000e+02 4.2500000000000000e+01
2314 2.7500000000000000e+02 4.1250000000000000e+01
2315 2.7500000000000000e+02 4.0000000000000000e+01
2316 2.7500000000000000e+02 3.8750000000000000e+01
2317 2.7500000000000000e+02 3.7500000000000000e+01
2318 2.7500000000000000e+02 3.6250000000000000e+01
2319 2.7500000000000000e+02 3.5000000000000000e+01
2320 2.7500000000000000e+02 3.3750000000000000e+01
2321 2.7500000000000000e+02 3.2500000000000000e+01
2322 2.7500000000000000e+02 3.1250000000000000e+01
2323 2.7500000000000000e+02 3.0000000000000000e+01
2324 2.7500000000000000e+02 2.8750000000000000e+01
2325 2.7500000000000000e+02 2.7500000000000000e+01
2326 2.7500000000000000e+02 2.6250000000000000e+01
2327 2.7500000000000000e+02 2.5000000000000000e+01
2328 2.7500000000000000e+02 2.3750000000000000e+01
2329 2.7500000000000000e+02 2.2500000000000000e+01
2330 2.7500000000000000e+02 2.1250000000000000e+01
2331 2.7500000000000000e+02 2.0000000000000000e+01
2332 2.7500000000000000e+02 1.8750000000000000e+01
2333 2.7500000000000000e+02 1.7500000000000000e+01
2334 2.7500000000000000e+02 1.6250000000000000e+01
2335 2.7500000000000000e+02 1.5000000000000000e+01
2336 2.7500000000000000e+02 1.3750000000000000e+01
2337 2.7500000000000000e+02 1.2500000000000000e+01
2338 2.7500000000000000e+02 1.1250000000000000e+01
2339 2.7500000000000000e+02 1.0000000000000000e+01
2340 2.7500000000000000e+02 8.7500000000000000e+00
2341 2.7500000000000000e+02 7.5000000000000000e+00
2342 2.7500000000000000e+02 6.2500000000000000e+00
2343 2.7500000000000000e+02 5.0000000000000000e+00
2344 2.7500000000000000e+02 3.7500000000000000e+00
2345 2.7500000000000000e+02 2.5000000000000000e+00
2346 2.7500000000000000e+02 1.2500000000000000e+00
2347 2.8125000000000000e+02 9.8750000000000000e+01
2348 2.8125000000000000e+02 9.7500000000000000e+01
2349 2.8125000000000000e+02 9.6250000000000000e+01
2350 2.8125000000000000e+02 9.5000000000000000e+01
2351 2.8125000000000000e+02 9.3750000000000000e+01
2352 2.8125000000000000e+02 9.2500000000000000e+01
2353 2.8125000000000000e+02 9.1250000000000000e+01
2354 2.8125000000000000e+02 9.0000000000000000e+01
2355 2.8125000000000000e+02 8.8750000000000000e+01
2356 2.8125000000000000e+02 8.7500000000000000e+01
2357 2.8125000000000000e+02 8.6250000000000000e+01
2358 2.8125000000000000e+02 8.5000000000000000e+01
2359 2.8125000000000000e+02 8.3750000000000000e+01
2360 2.8125000000000000e+02 8.2500000000000000e+01
2361 2.8125000000000000e+02 8.1250000000000000e+01
2362 2.8125000000000000e+02 8.0000000000000000e+01
2363 2.8125000000000000e+02 7.8750000000000000e+01
2364 2.8125000000000000e+02 7.7500000000000000e+01
2365 2.8125000000000000e+02 7.6250000000000000e+01
2366 2.8125000000000000e+02 7.5000000000000000e+01
2367 2.8125000000000000e+02 7.3750000000000000e+01
2368 2.8125000000000000e+02 7.2500000000000000e+01
2369 2.8125000000000000e+02 7.1250000000000000e+01
2370 2.8125000000000000e+02 7.0000000000000000e+01
2371 2.8125000000000000e+02 6.8750000000000000e+01
2372 2.8125000000000000e+02 6.7500000000000000e+01
2373 2.8125000000000000e+02 6.6250000000000000e+01
2374 2.8125000000000000e+02 6.5000000000000000e+01
2375 2.8125000000000000e+02 6.3750000000000000e+01
2376 2.8125000000000000e+02 6.2500000000000000e+01
2377 2.8125000000000000e+02 6.1250000000000000e+01
2378 2.8125000000000000e+02 6.0000000000000000e+01
2379 2.8125000000000000e+02 5.8750000000000000e+01
2380 2.8125000000000000e+02 5.7500000000000000e+01
2381 2.8125000000000000e+02 5.6250000000000000e+01
2382 2.8125000000000000e+02 5.5000000000000000e+01
2383 2.8125000000000000e+02 5.3750000000000000e+01
2384 2.8125000000000000e+02 5.2500000000000000e+01
2385 2.8125000000000000e+02 5.1250000000000000e+01
2386 2.8125000000000000e+02 5.0000000000000000e+01
2387 2.8125000000000000e+02 4.8750000000000000e+01
2388 2.8125000000000000e+02 4.7500000000000000e+01
2389 2.8125000000000000e+02 4.6250000000000000e+01
2390 2.8125000000000000e+02 4.5000000000000000e+01
2391 2.8125000000000000e+02 4.3750000000000000e+01
2392 2.8125000000000000e+02 4.2500000000000000e+01
2393 2.8125000000000000e+02 4.1250000000000000e+01
2394 2.8125000000000000e+02 4.0000000000000000e+01
2395 2.8125000000000000e+02 3.8750000000000000e+01
2396 2.8125000000000000e+02 3.7500000000000000e+01
2397 2.8125000000000000e+02 3.6250000000000000e+01
2398 2.8125000000000000e+02 3.5000000000000000e+01
2399 2.8125000000000000e+02 3.3750000000000000e+01
2400 2.8125000000000000e+02 3.2500000000000000e+01
2401 2.8125000000000000e+02 3.1250000000000000e+01
2402 2.8125000000000000e+02 3.0000000000000000e+01
2403 2.8125000000000000e+02 2.8750000000000000e+01
2404 2.8125000000000000e+02 2.7500000000000000e+01
2405 2.8125000000000000e+02 2.6250000000000000e+01
2406 2.8125000000000000e+02 2.5000000000000000e+01
2407 2.8125000000000000e+02 2.3750000000000000e+01
2408 2.8125000000000000e+02 2.2500000000000000e+01
2409 2.8125000000000000e+02 2.1250000000000000e+01
2410 2.8125000000000000e+02 2.0000000000000000e+01
2411 2.8125000000000000e+02 1.8750000000000000e+01
2412 2.8125000000000000e+02 1.7500000000000000e+01
2413 2.8125000000000000e+02 1.6250000000000000e+01
2414 2.8125000000000000e+02 1.5000000000000000e+01
2415 2.8125000000000000e+02 1.3750000000000000e+01
2416 2.8125000000000000e+02 1.2500000000000000e+01
2417 2.8125000000000000e+02 1.1250000000000000e+01
2418 2.8125000000000000e+02 1.0000000000000000e+01
2419 2.8125000000000000e+02 8.7500000000000000e+00
2420 2.8125000000000000e+02 7.5000000000000000e+00
2421 2.8125000000000000e+02 6.2500000000000000e+00
2422 2.8125000000000000e+02 5.0000000000000000e+00
2423 2.8125000000000000e+02 3.7500000000000000e+00
2424 2.8125000000000000e+02 2.5000000000000000e+00
2425 2.8125000000000000e+02 1.2500000000000000e+00
2426 2.8750000000000000e+02 9.8750000000000000e+01
2427 2.8750000000000000e+02 9.7500000000000000e+01
2428 2.8750000000000000e+02 9.6250000000000000e+01
2429 2.8750000000000000e+02 9.5000000000000000e+01
2430 2.8750000000000000e+02 9.3750000000000000e+01
2431 2.8750000000000000e+02 9.2500000000000000e+01
2432 2.8750000000000000e+02 9.1250000000000000e+01
2433 2.8750000000000000e+02 9.0000000000000000e+01
2434 2.8750000000000000e+02 8.8750000000000000e+01
2435 2.8750000000000000e+02 8.7500000000000000e+01
2436 2.8750000000000000e+02 8.6250000000000000e+01
2437 2.8750000000000000e+02 8.5000000000000000e+01
2438 2.8750000000000000e+02 8.3750000000000000e+01
2439 2.8750000000000000e+02 8.2500000000000000e+01
2440 2.8750000000000000e+02 8.1250000000000000e+01
2441 2.8750000000000000e+02 8.0000000000000000e+01
2442 2.8750000000000000e+02 7.8750000000000000e+01
2443 2.8750000000000000e+02 7.7500000000000000e+01
2444 2.8750000000000000e+02 7.6250000000000000e+01
2445 2.8750000000000000e+02 7.5000000000000000e+01
2446 2.8750000000000000e+02 7.3750000000000000e+01
2447 2.8750000000000000e+02 7.2500000000000000e+01
2448 2.8750000000000000e+02 7.1250000000000000e+01
2449 2.8750000000000000e+02 7.0000000000000000e+01
2450 2.8750000000000000e+02 6.8750000000000000e+01
2451 2.8750000000000000e+02 6.7500000000000000e+01
2452 2.8750000000000000e+02 6.6250000000000000e+01
2453 2.8750000000000000e+02 6.5000000000000000e+01
2454 2.8750000000000000e+02 6.3750000000000000e+01
2455 2.8750000000000000e+02 6.2500000000000000e+01
2456 2.8750000000000000e+02 6.1250000000000000e+01
2457 2.8750000000000000e+02 6.0000000000000000e+01
2458 2.8750000000000000e+02 5.8750000000000000e+01
2459 2.8750000000000000e+02 5.7500000000000000e+01
2460 2.8750000000000000e+02 5.6250000000000000e+01
2461 2.8750000000000000e+02 5.5000000000000000e+01
2462 2.8750000000000000e+02 5.3750000000000000e+01
2463 2.8750000000000000e+02 5.2500000000000000e+01
2464 2.8750000000000000e+02 5.1250000000000000e+01
2465 2.8750000000000000e+02 5.0000000000000000e+01
2466 2.8750000000000000e+02 4.8750000000000000e+01
2467 2.8750000000000000e+02 4.7500000000000000e+01
2468 2.8750000000000000e+02 4.6250000000000000e+01
2469 2.8750000000000000e+02 4.5000000000000000e+01
2470 2.8750000000000000e+02 4.3750000000000000e+01
2471 2.8750000000000000e+02 4.2500000000000000e+01
2472 2.8750000000000000e+02 4.1250000000000000e+01
2473 2.8750000000000000e+02 4.0000000000000000e+01
2474 2.8750000000000000e+02 3.8750000000000000e+01
2475 2.8750000000000000e+02 3.7500000000000000e+01
2476 2.8750000000000000e+02 3.6250000000000000e+01
2477 2.8750000000000000e+02 3.5000000000000000e+01
2478 2.8750000000000000e+02 3.3750000000000000e+01
2479 2.8750000000000000e+02 3.2500000000000000e+01
2480 2.8750000000000000e+02 3.1250000000000000e+01
2481 2.8750000000000000e+02 3.0000000000000000e+01
2482 2.8750000000000000e+02 2.8750000000000000e+01
2483 2.8750000000000000e+02 2.7500000000000000e+01
2484 2.8750000000000000e+02 2.6250000000000000e+01
2485 2.8750000000000000e+02 2.5000000000000000e+01
2486 2.8750000000000000e+02 2.3750000000000000e+01
2487 2.8750000000000000e+02 2.2500000000000000e+01
2488 2.8750000000000000e+02 2.1250000000000000e+01
2489 2.8750000000000000e+02 2.0000000000000000e+01
2490 2.8750000000000000e+02 1.8750000000000000e+01
2491 2.8750000000000000e+02 1.7500000000000000e+01
2492 2.8750000000000000e+02 1.6250000000000000e+01
2493 2.8750000000000000e+02 1.5000000000000000e+01
2494 2.8750000000000000e+02 1.3750000000000000e+01
2495 2.8750000000000000e+02 1.2500000000000000e+01
2496 2.8750000000000000e+02 1.1250000000000000e+01
2497 2.8750000000000000e+02 1.0000000000000000e+01
2498 2.8750000000000000e+02 8.7500000000000000e+00
2499 2.8750000000000000e+02 7.5000000000000000e+00
2500 2.8750000000000000e+02 6.2500000000000000e+00
2501 2.8750000000000000e+02 5.0000000000000000e+00
2502 2.8750000000000000e+02 3.7500000000000000e+00
2503 2.8750000000000000e+02 2.5000000000000000e+00
2504 2.8750000000000000e+02 1.2500000000000000e+00
2505 2.9375000000000000e+02 9.8750000000000000e+01
2506 2.9375000000000000e+02 9.7500000000000000e+01
2507 2.9375000000000000e+02 9.6250000000000000e+01
2508 2.9375000000000000e+02 9.5000000000000000e+01
2509 2.9375000000000000e+02 9.3750000000000000e+01
2510 2.9375000000000000e+02 9.2500000000000000e+01
2511 2.9375000000000000e+02 9.1250000000000000e+01
2512 2.9375000000000000e+02 9.0000000000000000e+01
2513 2.9375000000000000e+02 8.8750000000000000e+01
2514 2.9375000000000000e+02 8.7500000000000000e+01
2515 2.9375000000000000e+02 8.6250000000000000e+01
2516 2.9375000000000000e+02 8.5000000000000000e+01
2517 2.9375000000000000e+02 8.3750000000000000e+01
2518 2.9375000000000000e+02 8.2500000000000000e+01
2519 2.9375000000000000e+02 8.1250000000000000e+01
2520 2.9375000000000000e+02 8.0000000000000000e+01
2521 2.9375000000000000e+02 7.8750000000000000e+01
2522 2.9375000000000000e+02 7.7500000000000000e+01
2523 2.9375000000000000e+02 7.6250000000000000e+01
2524 2.9375000000000000e+02 7.5000000000000000e+01
2525 2.9375000000000000e+02 7.3750000000000000e+01
2526 2.9375000000000000e+02 7.2500000000000000e+01
2527 2.9375000000000000e+02 7.1250000000000000e+01
2528 2.9375000000000000e+02 7.0000000000000000e+01
2529 2.9375000000000000e+02 6.8750000000000000e+01
2530 2.9375000000000000e+02 6.7500000000000000e+01
2531 2.9375000000000000e+02 6.6250000000000000e+01
2532 2.9375000000000000e+02 6.5000000000000000e+01
2533 2.9375000000000000e+02 6.3750000000000000e+01
2534 2.9375000000000000e+02 6.2500000000000000e+01
2535 2.9375000000000000e+02 6.1250000000000000e+01
2536 2.9375000000000000e+02 6.0000000000000000e+01
2537 2.9375000000000000e+02 5.8750000000000000e+01
2538 2.9375000000000000e+02 5.7500000000000000e+01
2539 2.9375000000000000e+02 5.6250000000000000e+01
2540 2.9375000000000000e+02 5.5000000000000000e+01
2541 2.9375000000000000e+02 5.3750000000000000e+01
2542 2.9375000000000000e+02 5.2500000000000000e+01
2543 2.9375000000000000e+02 5.1250000000000000e+01
2544 2.9375000000000000e+02 5.0000000000000000e+01
2545 2.9375000000000000e+02 4.8750000000000000e+01
2546 2.9375000000000000e+02 4.7500000000000000e+01
2547 2.9375000000000000e+02 4.6250000000000000e+01
2548 2.9375000000000000e+02 4.5000000000000000e+01
2549 2.9375000000000000e+02 4.3750000000000000e+01
2550 2.9375000000000000e+02 4.2500000000000000e+01
2551 2.9375000000000000e+02 4.1250000000000000e+01
2552 2.9375000000000000e+02 4.0000000000000000e+01
2553 2.9375000000000000e+02 3.8750000000000000e+01
2554 2.9375000000000000e+02 3.7500000000000000e+01
2555 2.9375000000000000e+02 3.6250000000000000e+01
2556 2.9375000000000000e+02 3.5000000000000000e+01
2557 2.9375000000000000e+02 3.3750000000000000e+01
2558 2.9375000000000000e+02 3.2500000000000000e+01
2559 2.9375000000000000e+02 3.1250000000000000e+01
2560 2.9375000000000000e+02 3.0000000000000000e+01
2561 2.9375000000000000e+02 2.8750000000000000e+01
2562 2.9375000000000000e+02 2.7500000000000000e+01
2563 2.9375000000000000e+02 2.6250000000000000e+01
2564 2.9375000000000000e+02 2.5000000000000000e+01
2565 2.9375000000000000e+02 2.3750000000000000e+01
2566 2.9375000000000000e+02 2.2500000000000000e+01
2567 2.9375000000000000e+02 2.1250000000000000e+01
2568 2.9375000000000000e+02 2.0000000000000000e+01
2569 2.9375000000000000e+02 1.8750000000000000e+01
2570 2.9375000000000000e+02 1.7500000000000000e+01
2571 2.9375000000000000e+02 1.6250000000000000e+01
2572 2.9375000000000000e+02 1.5000000000000000e+01
2573 2.9375000000000000e+02 1.3750000000000000e+01
2574 2.9375000000000000e+02 1.2500000000000000e+01
2575 2.9375000000000000e+02 1.1250000000000000e+01
2576 2.9375000000000000e+02 1.0000000000000000e+01
2577 2.9375000000000000e+02 8.7500000000000000e+00
2578 2.9375000000000000e+02 7.5000000000000000e+00
2579 2.9375000000000000e+02 6.2500000000000000e+00
2580 2.9375000000000000e+02 5.0000000000000000e+00
2581 2.9375000000000000e+02 3.7500000000000000e+00
2582 2.9375000000000000e+02 2.5000000000000000e+00
2583 2.9375000000000000e+02 1.2500000000000000e+00
2584 1.9878472900390625e+02 1.2500000000000000e+00
2585 1.9878472900390625e+02 2.5000000000000000e+00
2586 1.9878472900390625e+02 3.7500000000000000e+00
2587 1.9878472900390625e+02 5.0000000000000000e+00
2588 1.9878472900390625e+02 6.2500000000000000e+00
2589 1.9878472900390625e+02 7.5000000000000000e+00
2590 1.9878472900390625e+02 8.7500000000000000e+00
2591 1.9878472900390625e+02 1.0000000000000000e+01
2592 1.9878472900390625e+02 1.1250000000000000e+01
2593 1.9878472900390625e+02 1.2500000000000000e+01
2594 1.9878472900390625e+02 1.3750000000000000e+01
2595 1.9878472900390625e+02 1.5000000000000000e+01
2596 1.9878472900390625e+02 1.6250000000000000e+01
2597 1.9878472900390625e+02 1.7500000000000000e+01
2598 1.9878472900390625e+02 1.8750000000000000e+01
2599 1.9878472900390625e+02 2.0000000000000000e+01
2600 1.9878472900390625e+02 2.1250000000000000e+01
2601 1.9878472900390625e+02 2.2500000000000000e+01
2602 1.9878472900390625e+02 2.3750000000000000e+01
2603 1.9878472900390625e+02 2.5000000000000000e+01
2604 1.9878472900390625e+02 2.6250000000000000e+01
2605 1.9878472900390625e+02 2.7500000000000000e+01
2606 1.9878472900390625e+02 2.8750000000000000e+01
2607 1.9878472900390625e+02 3.0000000000000000e+01
2608 1.9878472900390625e+02 3.1250000000000000e+01
2609 1.9878472900390625e+02 3.2500000000000000e+01
2610 1.9878472900390625e+02 3.3750000000000000e+01
2611 1.9878472900390625e+02 3.5000000000000000e+01
2612 1.9878472900390625e+02 3.6250000000000000e+01
2613 1.9878472900390625e+02 3.7500000000000000e+01
2614 1.9878472900390625e+02 3.8750000000000000e+01
2615 1.9878472900390625e+02 4.0000000000000000e+01
2616 1.9878472900390625e+02 4.1250000000000000e+01
2617 1.9878472900390625e+02 4.2500000000000000e+01
2618 1.9878472900390625e+02 4.3750000000000000e+01
2619 1.9878472900390625e+02 4.5000000000000000e+01
2620 1.9878472900390625e+02 4.6250000000000000e+01
2621 1.9878472900390625e+02 4.7500000000000000e+01
2622 1.9878472900390625e+02 4.8750000000000000e+01
2623 1.9878472900390625e+02 5.0000000000000000e+01
2624 1.9878472900390625e+02 5.1250000000000000e+01
2625 1.9878472900390625e+02 5.2500000000000000e+01
2626 1.9878472900390625e+02 5.3750000000000000e+01
2627 1.9878472900390625e+02 5.5000000000000000e+01
2628 1.9878472900390625e+02 5.6250000000000000e+01
2629 1.9878472900390625e+02 5.7500000000000000e+01
2630 1.9878472900390625e+02 5.8750000000000000e+01
2631 1.9878472900390625e+02 6.0000000000000000e+01
2632 1.9878472900390625e+02 6.1250000000000000e+01
2633 1.9878472900390625e+02 6.2500000000000000e+01
2634 1.9878472900390625e+02 6.3750000000000000e+01
2635 1.9878472900390625e+02 6.5000000000000000e+01
2636 1.9878472900390625e+02 6.6250000000000000e+01
2637 1.9878472900390625e+02 6.7500000000000000e+01
2638 1.9878472900390625e+02 6.8750000000000000e+01
2639 1.9878472900390625e+02 7.0000000000000000e+01
2640 1.9878472900390625e+02 7.1250000000000000e+01
2641 1.9878472900390625e+02 7.2500000000000000e+01
2642 1.9878472900390625e+02 7.3750000000000000e+01
2643 1.9878472900390625e+02 7.5000000000000000e+01
2644 1.9878472900390625e+02 7.6250000000000000e+01
2645 1.9878472900390625e+02 7.7500000000000000e+01
2646 1.9878472900390625e+02 7.8750000000000000e+01
2647 1.9878472900390625e+02 8.0000000000000000e+01
2648 1.9878472900390625e+02 8.1250000000000000e+01
2649 1.9878472900390625e+02 8.2500000000000000e+01
2650 1.9878472900390625e+02 8.3750000000000000e+01
2651 1.9878472900390625e+02 8.5000000000000000e+01
2652 1.9878472900390625e+02 8.6250000000000000e+01
2653 1.9878472900390625e+02 8.7500000000000000e+01
2654 1.9878472900390625e+02 8.8750000000000000e+01
2655 1.9878472900390625e+02 9.0000000000000000e+01
2656 1.9878472900390625e+02 9.1250000000000000e+01
2657 1.9878472900390625e+02 9.2500000000000000e+01
2658 1.9878472900390625e+02 9.3750000000000000e+01
2659 1.9878472900390625e+02 9.5000000000000000e+01
2660 1.9878472900390625e+02 9.6250000000000000e+01
2661 1.9878472900390625e+02 9.7500000000000000e+01
2662 1.9878472900390625e+02 9.8750000000000000e+01
2663 1.9756944274902344e+02 1.2500000000000000e+00
2664 1.9756944274902344e+02 2.5000000000000000e+00
2665 1.9756944274902344e+02 3.7500000000000000e+00
2666 1.9756944274902344e+02 5.0000000000000000e+00
2667 1.9756944274902344e+02 6.2500000000000000e+00
2668 1.9756944274902344e+02 7.5000000000000000e+00
2669 1.9756944274902344e+02 8.7500000000000000e+00
2670 1.9756944274902344e+02 1.0000000000000000e+01
2671 1.9756944274902344e+02 1.1250000000000000e+01
2672 1.9756944274902344e+02 1.2500000000000000e+01
2673 1.9756944274902344e+02 1.3750000000000000e+01
2674 1.9756944274902344e+02 1.5000000000000000e+01
2675 1.9756944274902344e+02 1.6250000000000000e+01
2676 1.9756944274902344e+02 1.7500000000000000e+01
2677 1.9756944274902344e+02 1.8750000000000000e+01
2678 1.9756944274902344e+02 2.0000000000000000e+01
2679 1.9756944274902344e+02 2.1250000000000000e+01
2680 1.9756944274902344e+02 2.2500000000000000e+01
2681 1.9756944274902344e+02 2.3750000000000000e+01
2682 1.9756944274902344e+02 2.5000000000000000e+01
2683 1.9756944274902344e+02 2.6250000000000000e+01
2684 1.9756944274902344e+02 2.7500000000000000e+01
2685 1.9756944274902344e+02 2.8750000000000000e+01
2686 1.9756944274902344e+02 3.0000000000000000e+01
2687 1.9756944274902344e+02 3.1250000000000000e+01
2688 1.9756944274902344e+02 3.2500000000000000e+01
2689 1.9756944274902344e+02 3.3750000000000000e+01
2690 1.9756944274902344e+02 3.5000000000000000e+01
2691 1.9756944274902344e+02 3.6250000000000000e+01
2692 1.9756944274902344e+02 3.7500000000000000e+01
2693 1.9756944274902344e+02 3.8750000000000000e+01
2694 1.9756944274902344e+02 4.0000000000000000e+01
2695 1.9756944274902344e+02 4.1250000000000000e+01
2696 1.9756944274902344e+02 4.2500000000000000e+01
2697 1.9756944274902344e+02 4.3750000000000000e+01
2698 1.9756944274902344e+02 4.5000000000000000e+01
2699 1.9756944274902344e+02 4.6250000000000000e+01
2700 1.9756944274902344e+02 4.7500000000000000e+01
2701 1.9756944274902344e+02 4.8750000000000000e+01
2702 1.9756944274902344e+02 5.0000000000000000e+01
2703 1.9756944274902344e+02 5.1250000000000000e+01
2704 1.9756944274902344e+02 5.2500000000000000e+01
2705 1.9756944274902344e+02 5.3750000000000000e+01
2706 1.9756944274902344e+02 5.5000000000000000e+01
2707 1.9756944274902344e+02 5.6250000000000000e+01
2708 1.9756944274902344e+02 5.7500000000000000e+01
2709 1.9756944274902344e+02 5.8750000000000000e+01
2710 1.9756944274902344e+02 6.0000000000000000e+01
2711 1.9756944274902344e+02 6.1250000000000000e+01
2712 1.9756944274902344e+02 6.2500000000000000e+01
2713 1.9756944274902344e+02 6.3750000000000000e+01
2714 1.9756944274902344e+02 6.5000000000000000e+01
2715 1.9756944274902344e+02 6.6250000000000000e+01
2716 1.9756944274902344e+02 6.7500000000000000e+01
2717 1.9756944274902344e+02 6.8750000000000000e+01
2718 1.9756944274902344e+02 7.0000000000000000e+01
2719 1.9756944274902344e+02 7.1250000000000000e+01
2720 1.9756944274902344e+02 7.2500000000000000e+01
2721 1.9756944274902344e+02 7.3750000000000000e+01
2722 1.9756944274902344e+02 7.5000000000000000e+01
2723 1.9756944274902344e+02 7.6250000000000000e+01
2724 1.9756944274902344e+02 7.7500000000000000e+01
2725 1.9756944274902344e+02 7.8750000000000000e+01
2726 1.9756944274902344e+02 8.0000000000000000e+01
2727 1.9756944274902344e+02 8.1250000000000000e+01
2728 1.9756944274902344e+02 8.2500000000000000e+01
2729 1.9756944274902344e+02 8.3750000000000000e+01
2730 1.9756944274902344e+02 8.5000000000000000e+01
2731 1.9756944274902344e+02 8.6250000000000000e+01
2732 1.9756944274902344e+02 8.7500000000000000e+01
2733 1.9756944274902344e+02 8.8750000000000000e+01
2734 1.9756944274902344e+02 9.0000000000000000e+01
2735 1.9756944274902344e+02 9.1250000000000000e+01
2736 1.9756944274902344e+02 9.2500000000000000e+01
2737 1.9756944274902344e+02 9.3750000000000000e+01
2738 1.9756944274902344e+02 9.5000000000000000e+01
2739 1.9756944274902344e+02 9.6250000000000000e+01
2740 1.9756944274902344e+02 9.7500000000000000e+01
2741 1.9756944274902344e+02 9.8750000000000000e+01
2742 1.9635417175292969e+02 1.2500000000000000e+00
2743 1.9635417175292969e+02 2.5000000000000000e+00
2744 1.9635417175292969e+02 3.7500000000000000e+00
2745 1.9635417175292969e+02 5.0000000000000000e+00
2746 1.9635417175292969e+02 6.2500000000000000e+00
2747 1.9635417175292969e+02 7.5000000000000000e+00
2748 1.9635417175292969e+02 8.7500000000000000e+00
2749 1.9635417175292969e+02 1.0000000000000000e+01
2750 1.9635417175292969e+02 1.1250000000000000e+01
2751 1.9635417175292969e+02 1.2500000000000000e+01
2752 1.9635417175292969e+02 1.3750000000000000e+01
2753 1.9635417175292969e+02 1.5000000000000000e+01
2754 1.9635417175292969e+02 1.6250000000000000e+01
2755 1.9635417175292969e+02 1.7500000000000000e+01
2756 1.9635417175292969e+02 1.8750000000000000e+01
2757 1.9635417175292969e+02 2.0000000000000000e+01
2758 1.9635417175292969e+02 2.1250000000000000e+01
2759 1.9635417175292969e+02 2.2500000000000000e+01
2760 1.9635417175292969e+02 2.3750000000000000e+01
2761 1.9635417175292969e+02 2.5000000000000000e+01
2762 1.9635417175292969e+02 2.6250000000000000e+01
2763 1.9635417175292969e+02 2.7500000000000000e+01
2764 1.9635417175292969e+02 2.8750000000000000e+01
2765 1.9635417175292969e+02 3.0000000000000000e+01
2766 1.9635417175292969e+02 3.1250000000000000e+01
2767 1.9635417175292969e+02 3.2500000000000000e+01
2768 1.9635417175292969e+02 3.3750000000000000e+01
2769 1.9635417175292969e+02 3.5000000000000000e+01
2770 1.9635417175292969e+02 3.6250000000000000e+01
2771 1.9635417175292969e+02 3.7500000000000000e+01
2772 1.9635417175292969e+02 3.8750000000000000e+01
2773 1.9635417175292969e+02 4.0000000000000000e+01
2774 1.9635417175292969e+02 4.1250000000000000e+01
2775 1.9635417175292969e+02 4.2500000000000000e+01
2776 1.9635417175292969e+02 4.3750000000000000e+01
2777 1.9635417175292969e+02 4.5000000000000000e+01
2778 1.9635417175292969e+02 4.6250000000000000e+01
2779 1.9635417175292969e+02 4.7500000000000000e+01
2780 1.9635417175292969e+02 4.8750000000000000e+01
2781 1.9635417175292969e+02 5.0000000000000000e+01
2782 1.9635417175292969e+02 5.1250000000000000e+01
2783 1.9635417175292969e+02 5.2500000000000000e+01
2784 1.9635417175292969e+02 5.3750000000000000e+01
2785 1.9635417175292969e+02 5.5000000000000000e+01
2786 1.9635417175292969e+02 5.6250000000000000e+01
2787 1.9635417175292969e+02 5.7500000000000000e+01
2788 1.9635417175292969e+02 5.8750000000000000e+01
2789 1.9635417175292969e+02 6.0000000000000000e+01
2790 1.9635417175292969e+02 6.1250000000000000e+01
2791 1.9635417175292969e+02 6.2500000000000000e+01
2792 1.9635417175292969e+02 6.3750000000000000e+01
2793 1.9635417175292969e+02 6.5000000000000000e+01
2794 1.9635417175292969e+02 6.6250000000000000e+01
2795 1.9635417175292969e+02 6.7500000000000000e+01
2796 1.9635417175292969e+02 6.8750000000000000e+01
2797 1.9635417175292969e+02 7.0000000000000000e+01
2798 1.9635417175292969e+02 7.1250000000000000e+01
2799 1.9635417175292969e+02 7.2500000000000000e+01
2800 1.9635417175292969e+02 7.3750000000000000e+01
2801 1.9635417175292969e+02 7.5000000000000000e+01
2802 1.9635417175292969e+02 7.6250000000000000e+01
2803 1.9635417175292969e+02 7.7500000000000000e+01
2804 1.9635417175292969e+02 7.8750000000000000e+01
2805 1.9635417175292969e+02 8.0000000000000000e+01
2806 1.9635417175292969e+02 8.1250000000000000e+01
2807 1.9635417175292969e+02 8.2500000000000000e+01
2808 1.9635417175292969e+02 8.3750000000000000e+01
2809 1.9635417175292969e+02 8.5000000000000000e+01
2810 1.9635417175292969e+02 8.6250000000000000e+01
2811 1.9635417175292969e+02 8.7500000000000000e+01
2812 1.9635417175292969e+02 8.8750000000000000e+01
2813 1.9635417175292969e+02 9.0000000000000000e+01
2814 1.9635417175292969e+02 9.1250000000000000e+01
2815 1.9635417175292969e+02 9.2500000000000000e+01
2816 1.9635417175292969e+02 9.3750000000000000e+01
2817 1.9635417175292969e+02 9.5000000000000000e+01
2818 1.9635417175292969e+02 9.6250000000000000e+01
2819 1.9635417175292969e+02 9.7500000000000000e+01
2820 1.9635417175292969e+02 9.8750000000000000e+01
2821 1.9513888549804688e+02 1.2500000000000000e+00
2822 1.9513888549804688e+02 2.5000000000000000e+00
2823 1.9513888549804688e+02 3.7500000000000000e+00
2824 1.9513888549804688e+02 5.0000000000000000e+00
2825 1.9513888549804688e+02 6.2500000000000000e+00
2826 1.9513888549804688e+02 7.5000000000000000e+00
2827 1.9513888549804688e+02 8.7500000000000000e+00
2828 1.9513888549804688e+02 1.0000000000000000e+01
2829 1.9513888549804688e+02 1.1250000000000000e+01
2830 1.9513888549804688e+02 1.2500000000000000e+01
2831 1.9513888549804688e+02 1.3750000000000000e+01
2832 1.9513888549804688e+02 1.5000000000000000e+01
2833 1.9513888549804688e+02 1.6250000000000000e+01
2834 1.9513888549804688e+02 1.7500000000000000e+01
2835 1.9513888549804688e+02 1.8750000000000000e+01
2836 1.9513888549804688e+02 2.0000000000000000e+01
2837 1.9513888549804688e+02 2.1250000000000000e+01
2838 1.9513888549804688e+02 2.2500000000000000e+01
2839 1.9513888549804688e+02 2.3750000000000000e+01
2840 1.9513888549804688e+02 2.5000000000000000e+01
2841 1.9513888549804688e+02 2.6250000000000000e+01
2842 1.9513888549804688e+02 2.7500000000000000e+01
2843 1.9513888549804688e+02 2.8750000000000000e+01
2844 1.9513888549804688e+02 3.0000000000000000e+01
2845 1.9513888549804688e+02 3.1250000000000000e+01
2846 1.9513888549804688e+02 3.2500000000000000e+01
2847 1.9513888549804688e+02 3.3750000000000000e+01
2848 1.9513888549804688e+02 3.5000000000000000e+01
2849 1.9513888549804688e+02 3.6250000000000000e+01
2850 1.9513888549804688e+02 3.7500000000000000e+01
2851 1.9513888549804688e+02 3.8750000000000000e+01
2852 1.9513888549804688e+02 4.0000000000000000e+01
2853 1.9513888549804688e+02 4.1250000000000000e+01
2854 1.9513888549804688e+02 4.2500000000000000e+01
2855 1.9513888549804688e+02 4.3750000000000000e+01
2856 1.9513888549804688e+02 4.5000000000000000e+01
2857 1.9513888549804688e+02 4.6250000000000000e+01
2858 1.9513888549804688e+02 4.7500000000000000e+01
2859 1.9513888549804688e+02 4.8750000000000000e+01
2860 1.9513888549804688e+02 5.0000000000000000e+01
2861 1.9513888549804688e+02 5.1250000000000000e+01
2862 1.9513888549804688e+02 5.2500000000000000e+01
2863 1.9513888549804688e+02 5.3750000000000000e+01
2864 1.9513888549804688e+02 5.5000000000000000e+01
2865 1.9513888549804688e+02 5.6250000000000000e+01
2866 1.9513888549804688e+02 5.7500000000000000e+01
2867 1.9513888549804688e+02 5.8750000000000000e+01
2868 1.9513888549804688e+02 6.0000000000000000e+01
2869 1.9513888549804688e+02 6.1250000000000000e+01
2870 1.9513888549804688e+02 6.2500000000000000e+01
2871 1.9513888549804688e+02 6.3750000000000000e+01
2872 1.9513888549804688e+02 6.5000000000000000e+01
2873 1.9513888549804688e+02 6.6250000000000000e+01
2874 1.9513888549804688e+02 6.7500000000000000e+01
2875 1.9513888549804688e+02 6.8750000000000000e+01
2876 1.9513888549804688e+02 7.0000000000000000e+01
2877 1.9513888549804688e+02 7.1250000000000000e+01
2878 1.9513888549804688e+02 7.2500000000000000e+01
2879 1.9513888549804688e+02 7.3750000000000000e+01
2880 1.9513888549804688e+02 7.5000000000000000e+01
2881 1.9513888549804688e+02 7.6250000000000000e+01
2882 1.9513888549804688e+02 7.7500000000000000e+01
2883 1.9513888549804688e+02 7.8750000000000000e+01
2884 1.9513888549804688e+02 8.0000000000000000e+01
2885 1.9513888549804688e+02 8.1250000000000000e+01
2886 1.9513888549804688e+02 8.2500000000000000e+01
2887 1.9513888549804688e+02 8.3750000000000000e+01
2888 1.9513888549804688e+02 8.5000000000000000e+01
2889 1.9513888549804688e+02 8.6250000000000000e+01
2890 1.9513888549804688e+02 8.7500000000000000e+01
2891 1.9513888549804688e+02 8.8750000000000000e+01
2892 1.9513888549804688e+02 9.0000000000000000e+01
2893 1.9513888549804688e+02 9.1250000000000000e+01
2894 1.9513888549804688e+02 9.2500000000000000e+01
2895 1.9513888549804688e+02 9.3750000000000000e+01
2896 1.9513888549804688e+02 9.5000000000000000e+01
2897 1.9513888549804688e+02 9.6250000000000000e+01
2898 1.9513888549804688e+02 9.7500000000000000e+01
2899 1.9513888549804688e+02 9.8750000000000000e+01
2900 1.9392361450195312e+02 1.2500000000000000e+00
2901 1.9392361450195312e+02 2.5000000000000000e+00
2902 1.9392361450195312e+02 3.7500000000000000e+00
2903 1.9392361450195312e+02 5.0000000000000000e+00
2904 1.9392361450195312e+02 6.2500000000000000e+00
2905 1.9392361450195312e+02 7.5000000000000000e+00
2906 1.9392361450195312e+02 8.7500000000000000e+00
2907 1.9392361450195312e+02 1.0000000000000000e+01
2908 1.9392361450195312e+02 1.1250000000000000e+01
2909 1.9392361450195312e+02 1.2500000000000000e+01
2910 1.9392361450195312e+02 1.3750000000000000e+01
2911 1.9392361450195312e+02 1.5000000000000000e+01
2912 1.9392361450195312e+02 1.6250000000000000e+01
2913 1.9392361450195312e+02 1.7500000000000000e+01
2914 1.9392361450195312e+02 1.8750000000000000e+01
2915 1.9392361450195312e+02 2.0000000000000000e+01
2916 1.9392361450195312e+02 2.1250000000000000e+01
2917 1.9392361450195312e+02 2.2500000000000000e+01
2918 1.9392361450195312e+02 2.3750000000000000e+01
2919 1.9392361450195312e+02 2.5000000000000000e+01
2920 1.9392361450195312e+02 2.6250000000000000e+01
2921 1.9392361450195312e+02 2.7500000000000000e+01
2922 1.9392361450195312e+02 2.8750000000000000e+01
2923 1.9392361450195312e+02 3.0000000000000000e+01
2924 1.9392361450195312e+02 3.1250000000000000e+01
2925 1.9392361450195312e+02 3.2500000000000000e+01
2926 1.9392361450195312e+02 3.3750000000000000e+01
2927 1.9392361450195312e+02 3.5000000000000000e+01
2928 1.9392361450195312e+02 3.6250000000000000e+01
2929 1.9392361450195312e+02 3.7500000000000000e+01
2930 1.9392361450195312e+02 3.8750000000000000e+01
2931 1.9392361450195312e+02 4.0000000000000000e+01
2932 1.9392361450195312e+02 4.1250000000000000e+01
2933 1.9392361450195312e+02 4.2500000000000000e+01
2934 1.9392361450195312e+02 4.3750000000000000e+01
2935 1.9392361450195312e+02 4.5000000000000000e+01
2936 1.9392361450195312e+02 4.6250000000000000e+01
2937 1.9392361450195312e+02 4.7500000000000000e+01
2938 1.9392361450195312e+02 4.8750000000000000e+01
2939 1.9392361450195312e+02 5.0000000000000000e+01
2940 1.9392361450195312e+02 5.1250000000000000e+01
2941 1.9392361450195312e+02 5.2500000000000000e+01
2942 1.9392361450195312e+02 5.3750000000000000e+01
2943 1.9392361450195312e+02 5.5000000000000000e+01
2944 1.9392361450195312e+02 5.6250000000000000e+01
2945 1.9392361450195312e+02 5.7500000000000000e+01
2946 1.9392361450195312e+02 5.8750000000000000e+01
2947 1.9392361450195312e+02 6.0000000000000000e+01
2948 1.9392361450195312e+02 6.1250000000000000e+01
2949 1.9392361450195312e+02 6.2500000000000000e+01
2950 1.9392361450195312e+02 6.3750000000000000e+01
2951 1.9392361450195312e+02 6.5000000000000000e+01
2952 1.9392361450195312e+02 6.6250000000000000e+01
2953 1.9392361450195312e+02 6.7500000000000000e+01
2954 1.9392361450195312e+02 6.8750000000000000e+01
2955 1.9392361450195312e+02 7.0000000000000000e+01
2956 1.9392361450195312e+02 7.1250000000000000e+01
2957 1.9392361450195312e+02 7.2500000000000000e+01
2958 1.9392361450195312e+02 7.3750000000000000e+01
2959 1.9392361450195312e+02 7.5000000000000000e+01
2960 1.9392361450195312e+02 7.6250000000000000e+01
2961 1.9392361450195312e+02 7.7500000000000000e+01
2962 1.9392361450195312e+02 7.8750000000000000e+01
2963 1.9392361450195312e+02 8.0000000000000000e+01
2964 1.9392361450195312e+02 8.1250000000000000e+01
2965 1.9392361450195312e+02 8.2500000000000000e+01
2966 1.9392361450195312e+02 8.3750000000000000e+01
2967 1.9392361450195312e+02 8.5000000000000000e+01
2968 1.9392361450195312e+02 8.6250000000000000e+01
2969 1.9392361450195312e+02 8.7500000000000000e+01
2970 1.9392361450195312e+02 8.8750000000000000e+01
2971 1.9392361450195312e+02 9.0000000000000000e+01
2972 1.9392361450195312e+02 9.1250000000000000e+01
2973 1.9392361450195312e+02 9.2500000000000000e+01
2974 1.9392361450195312e+02 9.3750000000000000e+01
2975 1.9392361450195312e+02 9.5000000000000000e+01
2976 1.9392361450195312e+02 9.6250000000000000e+01
2977 1.9392361450195312e+02 9.7500000000000000e+01
2978 1.9392361450195312e+02 9.8750000000000000e+01
2979 1.9270832824707031e+02 1.2500000000000000e+00
2980 1.9270832824707031e+02 2.5000000000000000e+00
2981 1.9270832824707031e+02 3.7500000000000000e+00
2982 1.9270832824707031e+02 5.0000000000000000e+00
2983 1.9270832824707031e+02 6.2500000000000000e+00
2984 1.9270832824707031e+02 7.5000000000000000e+00
2985 1.9270832824707031e+02 8.7500000000000000e+00
2986 1.9270832824707031e+02 1.0000000000000000e+01
2987 1.9270832824707031e+02 1.1250000000000000e+01
2988 1.9270832824707031e+02 1.2500000000000000e+01
2989 1.9270832824707031e+02 1.3750000000000000e+01
2990 1.9270832824707031e+02 1.5000000000000000e+01
2991 1.9270832824707031e+02 1.6250000000000000e+01
2992 1.9270832824707031e+02 1.7500000000000000e+01
2993 1.9270832824707031e+02 1.8750000000000000e+01
2994 1.9270832824707031e+02 2.0000000000000000e+01
2995 1.9270832824707031e+02 2.1250000000000000e+01
2996 1.9270832824707031e+02 2.2500000000000000e+01
2997 1.9270832824707031e+02 2.3750000000000000e+01
2998 1.9270832824707031e+02 2.5000000000000000e+01
2999 1.9270832824707031e+02 2.6250000000000000e+01
3000 1.9270832824707031e+02 2.7500000000000000e+01
3001 1.9270832824707031e+02 2.8750000000000000e+01
3002 1.9270832824707031e+02 3.0000000000000000e+01
3003 1.9270832824707031e+02 3.1250000000000000e+01
3004 1.9270832824707031e+02 3.2500000000000000e+01
3005 1.9270832824707031e+02 3.3750000000000000e+01
3006 1.9270832824707031e+02 3.5000000000000000e+01
3007 1.9270832824707031e+02 3.6250000000000000e+01
3008 1.9270832824707031e+02 3.7500000000000000e+01
3009 1.9270832824707031e+02 3.8750000000000000e+01
3010 1.9270832824707031e+02 4.0000000000000000e+01
3011 1.9270832824707031e+02 4.1250000000000000e+01
3012 1.9270832824707031e+02 4.2500000000000000e+01
3013 1.9270832824707031e+02 4.3750000000000000e+01
3014 1.9270832824707031e+02 4.5000000000000000e+01
3015 1.9270832824707031e+02 4.6250000000000000e+01
3016 1.9270832824707031e+02 4.7500000000000000e+01
3017 1.9270832824707031e+02 4.8750000000000000e+01
3018 1.9270832824707031e+02 5.0000000000000000e+01
3019 1.9270832824707031e+02 5.1250000000000000e+01
3020 1.9270832824707031e+02 5.2500000000000000e+01
3021 1.9270832824707031e+02 5.3750000000000000e+01
3022 1.9270832824707031e+02 5.5000000000000000e+01
3023 1.9270832824707031e+02 5.6250000000000000e+01
3024 1.9270832824707031e+02 5.7500000000000000e+01
3025 1.9270832824707031e+02 5.8750000000000000e+01
3026 1.9270832824707031e+02 6.0000000000000000e+01
3027 1.9270832824707031e+02 6.1250000000000000e+01
3028 1.9270832824707031e+02 6.2500000000000000e+01
3029 1.9270832824707031e+02 6.3750000000000000e+01
3030 1.9270832824707031e+02 6.5000000000000000e+01
3031 1.9270832824707031e+02 6.6250000000000000e+01
3032 1.9270832824707031e+02 6.7500000000000000e+01
3033 1.9270832824707031e+02 6.8750000000000000e+01
3034 1.9270832824707031e+02 7.0000000000000000e+01
3035 1.9270832824707031e+02 7.1250000000000000e+01
3036 1.9270832824707031e+02 7.2500000000000000e+01
3037 1.9270832824707031e+02 7.3750000000000000e+01
3038 1.9270832824707031e+02 7.5000000000000000e+01
3039 1.9270832824707031e+02 7.6250000000000000e+01
3040 1.9270832824707031e+02 7.7500000000000000e+01
3041 1.9270832824707031e+02 7.8750000000000000e+01
3042 1.9270832824707031e+02 8.0000000000000000e+01
3043 1.9270832824707031e+02 8.1250000000000000e+01
3044 1.9270832824707031e+02 8.2500000000000000e+01
3045 1.9270832824707031e+02 8.3750000000000000e+01
3046 1.9270832824707031e+02 8.5000000000000000e+01
3047 1.9270832824707031e+02 8.6250000000000000e+01
3048 1.9270832824707031e+02 8.7500000000000000e+01
3049 1.9270832824707031e+02 8.8750000000000000e+01
3050 1.9270832824707031e+02 9.0000000000000000e+01
3051 1.9270832824707031e+02 9.1250000000000000e+01
3052 1.9270832824707031e+02 9.2500000000000000e+01
3053 1.9270832824707031e+02 9.3750000000000000e+01
3054 1.9270832824707031e+02 9.5000000000000000e+01
3055 1.9270832824707031e+02 9.6250000000000000e+01
3056 1.9270832824707031e+02 9.7500000000000000e+01
3057 1.9270832824707031e+02 9.8750000000000000e+01
3058 1.9149305725097656e+02 1.2500000000000000e+00
3059 1.9149305725097656e+02 2.5000000000000000e+00
3060 1.9149305725097656e+02 3.7500000000000000e+00
3061 1.9149305725097656e+02 5.0000000000000000e+00
3062 1.9149305725097656e+02 6.2500000000000000e+00
3063 1.9149305725097656e+02 7.5000000000000000e+00
3064 1.9149305725097656e+02 8.7500000000000000e+00
3065 1.9149305725097656e+02 1.0000000000000000e+01
3066 1.9149305725097656e+02 1.1250000000000000e+01
3067 1.9149305725097656e+02 1.2500000000000000e+01
3068 1.9149305725097656e+02 1.3750000000000000e+01
3069 1.9149305725097656e+02 1.5000000000000000e+01
3070 1.9149305725097656e+02 1.6250000000000000e+01
3071 1.9149305725097656e+02 1.7500000000000000e+01
3072 1.9149305725097656e+02 1.8750000000000000e+01
3073 1.9149305725097656e+02 2.0000000000000000e+01
3074 1.9149305725097656e+02 2.1250000000000000e+01
3075 1.9149305725097656e+02 2.2500000000000000e+01
3076 1.9149305725097656e+02 2.3750000000000000e+01
3077 1.9149305725097656e+02 2.5000000000000000e+01
3078 1.9149305725097656e+02 2.6250000000000000e+01
3079 1.9149305725097656e+02 2.7500000000000000e+01
3080 1.9149305725097656e+02 2.8750000000000000e+01
3081 1.9149305725097656e+02 3.0000000000000000e+01
3082 1.9149305725097656e+02 3.1250000000000000e+01
3083 1.9149305725097656e+02 3.2500000000000000e+01
3084 1.9149305725097656e+02 3.3750000000000000e+01
3085 1.9149305725097656e+02 3.5000000000000000e+01
3086 1.9149305725097656e+02 3.6250000000000000e+01
3087 1.9149305725097656e+02 3.7500000000000000e+01
3088 1.9149305725097656e+02 3.8750000000000000e+01
3089 1.9149305725097656e+02 4.0000000000000000e+01
3090 1.9149305725097656e+02 4.1250000000000000e+01
3091 1.9149305725097656e+02 4.2500000000000000e+01
3092 1.9149305725097656e+02 4.3750000000000000e+01
3093 1.9149305725097656e+02 4.5000000000000000e+01
3094 1.9149305725097656e+02 4.6250000000000000e+01
3095 1.9149305725097656e+02 4.7500000000000000e+01
3096 1.9149305725097656e+02 4.8750000000000000e+01
3097 1.9149305725097656e+02 5.0000000000000000e+01
3098 1.9149305725097656e+02 5.1250000000000000e+01
3099 1.9149305725097656e+02 5.2500000000000000e+01
3100 1.9149305725097656e+02 5.3750000000000000e+01
3101 1.9149305725097656e+02 5.5000000000000000e+01
3102 1.9149305725097656e+02 5.6250000000000000e+01
3103 1.9149305725097656e+02 5.7500000000000000e+01
3104 1.9149305725097656e+02 5.8750000000000000e+01
3105 1.9149305725097656e+02 6.0000000000000000e+01
3106 1.9149305725097656e+02 6.1250000000000000e+01
3107 1.9149305725097656e+02 6.2500000000000000e+01
3108 1.9149305725097656e+02 6.3750000000000000e+01
3109 1.9149305725097656e+02 6.5000000000000000e+01
3110 1.9149305725097656e+02 6.6250000000000000e+01
3111 1.9149305725097656e+02 6.7500000000000000e+01
3112 1.9149305725097656e+02 6.8750000000000000e+01
3113 1.9149305725097656e+02 7.0000000000000000e+01
3114 1.9149305725097656e+02 7.1250000000000000e+01
3115 1.9149305725097656e+02 7.2500000000000000e+01
3116 1.9149305725097656e+02 7.3750000000000000e+01
3117 1.9149305725097656e+02 7.5000000000000000e+01
3118 1.9149305725097656e+02 7.6250000000000000e+01
3119 1.9149305725097656e+02 7.7500000000000000e+01
3120 1.9149305725097656e+02 7.8750000000000000e+01
3121 1.9149305725097656e+02 8.0000000000000000e+01
3122 1.9149305725097656e+02 8.1250000000000000e+01
3123 1.9149305725097656e+02 8.2500000000000000e+01
3124 1.9149305725097656e+02 8.3750000000000000e+01
3125 1.9149305725097656e+02 8.5000000000000000e+01
3126 1.9149305725097656e+02 8.6250000000000000e+01
3127 1.9149305725097656e+02 8.7500000000000000e+01
3128 1.9149305725097656e+02 8.8750000000000000e+01
3129 1.9149305725097656e+02 9.0000000000000000e+01
3130 1.9149305725097656e+02 9.1250000000000000e+01
3131 1.9149305725097656e+02 9.2500000000000000e+01
3132 1.9149305725097656e+02 9.3750000000000000e+01
3133 1.9149305725097656e+02 9.5000000000000000e+01
3134 1.9149305725097656e+02 9.6250000000000000e+01
3135 1.9149305725097656e+02 9.7500000000000000e+01
3136 1.9149305725097656e+02 9.8750000000000000e+01
3137 1.9027777099609375e+02 1.2500000000000000e+00
3138 1.9027777099609375e+02 2.5000000000000000e+00
3139 1.9027777099609375e+02 3.7500000000000000e+00
3140 1.9027777099609375e+02 5.0000000000000000e+00
3141 1.9027777099609375e+02 6.2500000000000000e+00
3142 1.9027777099609375e+02 7.5000000000000000e+00
3143 1.9027777099609375e+02 8.7500000000000000e+00
3144 1.9027777099609375e+02 1.0000000000000000e+01
3145 1.9027777099609375e+02 1.1250000000000000e+01
3146 1.9027777099609375e+02 1.2500000000000000e+01
3147 1.9027777099609375e+02 1.3750000000000000e+01
3148 1.9027777099609375e+02 1.5000000000000000e+01
3149 1.9027777099609375e+02 1.6250000000000000e+01
3150 1.9027777099609375e+02 1.7500000000000000e+01
3151 1.9027777099609375e+02 1.8750000000000000e+01
3152 1.9027777099609375e+02 2.0000000000000000e+01
3153 1.9027777099609375e+02 2.1250000000000000e+01
3154 1.9027777099609375e+02 2.2500000000000000e+01
3155 1.9027777099609375e+02 2.3750000000000000e+01
3156 1.9027777099609375e+02 2.5000000000000000e+01
3157 1.9027777099609375e+02 2.6250000000000000e+01
3158 1.9027777099609375e+02 2.7500000000000000e+01
3159 1.9027777099609375e+02 2.8750000000000000e+01
3160 1.9027777099609375e+02 3.0000000000000000e+01
3161 1.9027777099609375e+02 3.1250000000000000e+01
3162 1.9027777099609375e+02 3.2500000000000000e+01
3163 1.9027777099609375e+02 3.3750000000000000e+01
3164 1.9027777099609375e+02 3.5000000000000000e+01
3165 1.9027777099609375e+02 3.6250000000000000e+01
3166 1.9027777099609375e+02 3.7500000000000000e+01
3167 1.9027777099609375e+02 3.8750000000000000e+01
3168 1.9027777099609375e+02 4.0000000000000000e+01
3169 1.9027777099609375e+02 4.1250000000000000e+01
3170 1.9027777099609375e+02 4.2500000000000000e+01
3171 1.9027777099609375e+02 4.3750000000000000e+01
3172 1.9027777099609375e+02 4.5000000000000000e+01
3173 1.9027777099609375e+02 4.6250000000000000e+01
3174 1.9027777099609375e+02 4.7500000000000000e+01
3175 1.9027777099609375e+02 4.8750000000000000e+01
3176 1.9027777099609375e+02 5.0000000000000000e+01
3177 1.9027777099609375e+02 5.1250000000000000e+01
3178 1.9027777099609375e+02 5.2500000000000000e+01
3179 1.9027777099609375e+02 5.3750000000000000e+01
3180 1.9027777099609375e+02 5.5000000000000000e+01
3181 1.9027777099609375e+02 5.6250000000000000e+01
3182 1.9027777099609375e+02 5.7500000000000000e+01
3183 1.9027777099609375e+02 5.8750000000000000e+01
3184 1.9027777099609375e+02 6.0000000000000000e+01
3185 1.9027777099609375e+02 6.1250000000000000e+01
3186 1.9027777099609375e+02 6.2500000000000000e+01
3187 1.9027777099609375e+02 6.3750000000000000e+01
3188 1.9027777099609375e+02 6.5000000000000000e+01
3189 1.9027777099609375e+02 6.6250000000000000e+01
3190 1.9027777099609375e+02 6.7500000000000000e+01
3191 1.9027777099609375e+02 6.8750000000000000e+01
3192 1.9027777099609375e+02 7.0000000000000000e+01
3193 1.9027777099609375e+02 7.1250000000000000e+01
3194 1.9027777099609375e+02 7.2500000000000000e+01
3195 1.9027777099609375e+02 7.3750000000000000e+01
3196 1.9027777099609375e+02 7.5000000000000000e+01
3197 1.9027777099609375e+02 7.6250000000000000e+01
3198 1.9027777099609375e+02 7.7500000000000000e+01
3199 1.9027777099609375e+02 7.8750000000000000e+01
3200 1.9027777099609375e+02 8.0000000000000000e+01
3201 1.9027777099609375e+02 8.1250000000000000e+01
3202 1.9027777099609375e+02 8.2500000000000000e+01
3203 1.9027777099609375e+02 8.3750000000000000e+01
3204 1.9027777099609375e+02 8.5000000000000000e+01
3205 1.9027777099609375e+02 8.6250000000000000e+01
3206 1.9027777099609375e+02 8.7500000000000000e+01
3207 1.9027777099609375e+02 8.8750000000000000e+01
3208 1.9027777099609375e+02 9.0000000000000000e+01
3209 1.9027777099609375e+02 9.1250000000000000e+01
3210 1.9027777099609375e+02 9.2500000000000000e+01
3211 1.9027777099609375e+02 9.3750000000000000e+01
3212 1.9027777099609375e+02 9.5000000000000000e+01
3213 1.9027777099609375e+02 9.6250000000000000e+01
3214 1.9027777099609375e+02 9.7500000000000000e+01
3215 1.9027777099609375e+02 9.8750000000000000e+01
3216 1.8906250000000000e+02 1.2500000000000000e+00
3217 1.8906250000000000e+02 2.5000000000000000e+00
3218 1.8906250000000000e+02 3.7500000000000000e+00
3219 1.8906250000000000e+02 5.0000000000000000e+00
3220 1.8906250000000000e+02 6.2500000000000000e+00
3221 1.8906250000000000e+02 7.5000000000000000e+00
3222 1.8906250000000000e+02 8.7500000000000000e+00
3223 1.8906250000000000e+02 1.0000000000000000e+01
3224 1.8906250000000000e+02 1.1250000000000000e+01
3225 1.8906250000000000e+02 1.2500000000000000e+01
3226 1.8906250000000000e+02 1.3750000000000000e+01
3227 1.8906250000000000e+02 1.5000000000000000e+01
3228 1.8906250000000000e+02 1.6250000000000000e+01
3229 1.8906250000000000e+02 1.7500000000000000e+01
3230 1.8906250000000000e+02 1.8750000000000000e+01
3231 1.8906250000000000e+02 2.0000000000000000e+01
3232 1.8906250000000000e+02 2.1250000000000000e+01
3233 1.8906250000000000e+02 2.2500000000000000e+01
3234 1.8906250000000000e+02 2.3750000000000000e+01
3235 1.8906250000000000e+02 2.5000000000000000e+01
3236 1.8906250000000000e+02 2.6250000000000000e+01
3237 1.8906250000000000e+02 2.7500000000000000e+01
3238 1.8906250000000000e+02 2.8750000000000000e+01
3239 1.8906250000000000e+02 3.0000000000000000e+01
3240 1.8906250000000000e+02 3.1250000000000000e+01
3241 1.8906250000000000e+02 3.2500000000000000e+01
3242 1.8906250000000000e+02 3.3750000000000000e+01
3243 1.8906250000000000e+02 3.5000000000000000e+01
3244 1.8906250000000000e+02 3.6250000000000000e+01
3245 1.8906250000000000e+02 3.7500000000000000e+01
3246 1.8906250000000000e+02 3.8750000000000000e+01
3247 1.8906250000000000e+02 4.0000000000000000e+01
3248 1.8906250000000000e+02 4.1250000000000000e+01
3249 1.8906250000000000e+02 4.2500000000000000e+01
3250 1.8906250000000000e+02 4.3750000000000000e+01
3251 1.8906250000000000e+02 4.5000000000000000e+01
3252 1.8906250000000000e+02 4.6250000000000000e+01
3253 1.8906250000000000e+02 4.7500000000000000e+01
3254 1.8906250000000000e+02 4.8750000000000000e+01
3255 1.8906250000000000e+02 5.0000000000000000e+01
3256 1.8906250000000000e+02 5.1250000000000000e+01
3257 1.8906250000000000e+02 5.2500000000000000e+01
3258 1.8906250000000000e+02 5.3750000000000000e+01
3259 1.8906250000000000e+02 5.5000000000000000e+01
3260 1.8906250000000000e+02 5.6250000000000000e+01
3261 1.8906250000000000e+02 5.7500000000000000e+01
3262 1.8906250000000000e+02 5.8750000000000000e+01
3263 1.8906250000000000e+02 6.0000000000000000e+01
3264 1.8906250000000000e+02 6.1250000000000000e+01
3265 1.8906250000000000e+02 6.2500000000000000e+01
3266 1.8906250000000000e+02 6.3750000000000000e+01
3267 1.8906250000000000e+02 6.5000000000000000e+01
3268 1.8906250000000000e+02 6.6250000000000000e+01
3269 1.8906250000000000e+02 6.7500000000000000e+01
3270 1.8906250000000000e+02 6.8750000000000000e+01
3271 1.8906250000000000e+02 7.0000000000000000e+01
3272 1.8906250000000000e+02 7.1250000000000000e+01
3273 1.8906250000000000e+02 7.2500000000000000e+01
3274 1.8906250000000000e+02 7.3750000000000000e+01
3275 1.8906250000000000e+02 7.5000000000000000e+01
3276 1.8906250000000000e+02 7.6250000000000000e+01
3277 1.8906250000000000e+02 7.7500000000000000e+01
3278 1.8906250000000000e+02 7.8750000000000000e+01
3279 1.8906250000000000e+02 8.0000000000000000e+01
3280 1.8906250000000000e+02 8.1250000000000000e+01
3281 1.8906250000000000e+02 8.2500000000000000e+01
3282 1.8906250000000000e+02 8.3750000000000000e+01
3283 1.8906250000000000e+02 8.5000000000000000e+01
3284 1.8906250000000000e+02 8.6250000000000000e+01
3285 1.8906250000000000e+02 8.7500000000000000e+01
3286 1.8906250000000000e+02 8.8750000000000000e+01
3287 1.8906250000000000e+02 9.0000000000000000e+01
3288 1.8906250000000000e+02 9.1250000000000000e+01
3289 1.8906250000000000e+02 9.2500000000000000e+01
3290 1.8906250000000000e+02 9.3750000000000000e+01
3291 1.8906250000000000e+02 9.5000000000000000e+01
3292 1.8906250000000000e+02 9.6250000000000000e+01
3293 1.8906250000000000e+02 9.7500000000000000e+01
3294 1.8906250000000000e+02 9.8750000000000000e+01
3295 1.8784722900390625e+02 1.2500000000000000e+00
3296 1.8784722900390625e+02 2.5000000000000000e+00
3297 1.8784722900390625e+02 3.7500000000000000e+00
3298 1.8784722900390625e+02 5.0000000000000000e+00
3299 1.8784722900390625e+02 6.2500000000000000e+00
3300 1.8784722900390625e+02 7.5000000000000000e+00
3301 1.8784722900390625e+02 8.7500000000000000e+00
3302 1.8784722900390625e+02 1.0000000000000000e+01
3303 1.8784722900390625e+02 1.1250000000000000e+01
3304 1.8784722900390625e+02 1.2500000000000000e+01
3305 1.8784722900390625e+02 1.3750000000000000e+01
3306 1.8784722900390625e+02 1.5000000000000000e+01
3307 1.8784722900390625e+02 1.6250000000000000e+01
3308 1.8784722900390625e+02 1.7500000000000000e+01
3309 1.8784722900390625e+02 1.8750000000000000e+01
3310 1.8784722900390625e+02 2.0000000000000000e+01
3311 1.8784722900390625e+02 2.1250000000000000e+01
3312 1.8784722900390625e+02 2.2500000000000000e+01
3313 1.8784722900390625e+02 2.3750000000000000e+01
3314 1.8784722900390625e+02 2.5000000000000000e+01
3315 1.8784722900390625e+02 2.6250000000000000e+01
3316 1.8784722900390625e+02 2.7500000000000000e+01
3317 1.8784722900390625e+02 2.8750000000000000e+01
3318 1.8784722900390625e+02 3.0000000000000000e+01
3319 1.8784722900390625e+02 3.1250000000000000e+01
3320 1.8784722900390625e+02 3.2500000000000000e+01
3321 1.8784722900390625e+02 3.3750000000000000e+01
3322 1.8784722900390625e+02 3.5000000000000000e+01
3323 1.8784722900390625e+02 3.6250000000000000e+01
3324 1.8784722900390625e+02 3.7500000000000000e+01
3325 1.8784722900390625e+02 3.8750000000000000e+01
3326 1.8784722900390625e+02 4.0000000000000000e+01
3327 1.8784722900390625e+02 4.1250000000000000e+01
3328 1.8784722900390625e+02 4.2500000000000000e+01
3329 1.8784722900390625e+02 4.3750000000000000e+01
3330 1.8784722900390625e+02 4.5000000000000000e+01
3331 1.8784722900390625e+02 4.6250000000000000e+01
3332 1.8784722900390625e+02 4.7500000000000000e+01
3333 1.8784722900390625e+02 4.8750000000000000e+01
3334 1.8784722900390625e+02 5.0000000000000000e+01
3335 1.8784722900390625e+02 5.1250000000000000e+01
3336 1.8784722900390625e+02 5.2500000000000000e+01
3337 1.8784722900390625e+02 5.3750000000000000e+01
3338 1.8784722900390625e+02 5.5000000000000000e+01
3339 1.8784722900390625e+02 5.6250000000000000e+01
3340 1.8784722900390625e+02 5.7500000000000000e+01
3341 1.8784722900390625e+02 5.8750000000000000e+01
3342 1.8784722900390625e+02 6.0000000000000000e+01
3343 1.8784722900390625e+02 6.1250000000000000e+01
3344 1.8784722900390625e+02 6.2500000000000000e+01
3345 1.8784722900390625e+02 6.3750000000000000e+01
3346 1.8784722900390625e+02 6.5000000000000000e+01
3347 1.8784722900390625e+02 6.6250000000000000e+01
3348 1.8784722900390625e+02 6.7500000000000000e+01
3349 1.8784722900390625e+02 6.8750000000000000e+01
3350 1.8784722900390625e+02 7.0000000000000000e+01
3351 1.8784722900390625e+02 7.1250000000000000e+01
3352 1.8784722900390625e+02 7.2500000000000000e+01
3353 1.8784722900390625e+02 7.3750000000000000e+01
3354 1.8784722900390625e+02 7.5000000000000000e+01
3355 1.8784722900390625e+02 7.6250000000000000e+01
3356 1.8784722900390625e+02 7.7500000000000000e+01
3357 1.8784722900390625e+02 7.8750000000000000e+01
3358 1.8784722900390625e+02 8.0000000000000000e+01
3359 1.8784722900390625e+02 8.1250000000000000e+01
3360 1.8784722900390625e+02 8.2500000000000000e+01
3361 1.8784722900390625e+02 8.3750000000000000e+01
3362 1.8784722900390625e+02 8.5000000000000000e+01
3363 1.8784722900390625e+02 8.6250000000000000e+01
3364 1.8784722900390625e+02 8.7500000000000000e+01
3365 1.8784722900390625e+02 8.8750000000000000e+01
3366 1.8784722900390625e+02 9.0000000000000000e+01
3367 1.8784722900390625e+02 9.1250000000000000e+01
3368 1.8784722900390625e+02 9.2500000000000000e+01
3369 1.8784722900390625e+02 9.3750000000000000e+01
3370 1.8784722900390625e+02 9.5000000000000000e+01
3371 1.8784722900390625e+02 9.6250000000000000e+01
3372 1.8784722900390625e+02 9.7500000000000000e+01
3373 1.8784722900390625e+02 9.8750000000000000e+01
3374 1.8663194274902344e+02 1.2500000000000000e+00
3375 1.8663194274902344e+02 2.5000000000000000e+00
3376 1.8663194274902344e+02 3.7500000000000000e+00
3377 1.8663194274902344e+02 5.0000000000000000e+00
3378 1.8663194274902344e+02 6.2500000000000000e+00
3379 1.8663194274902344e+02 7.5000000000000000e+00
3380 1.8663194274902344e+02 8.7500000000000000e+00
3381 1.8663194274902344e+02 1.0000000000000000e+01
3382 1.8663194274902344e+02 1.1250000000000000e+01
3383 1.8663194274902344e+02 1.2500000000000000e+01
3384 1.8663194274902344e+02 1.3750000000000000e+01
3385 1.8663194274902344e+02 1.5000000000000000e+01
3386 1.8663194274902344e+02 1.6250000000000000e+01
3387 1.8663194274902344e+02 1.7500000000000000e+01
3388 1.8663194274902344e+02 1.8750000000000000e+01
3389 1.8663194274902344e+02 2.0000000000000000e+01
3390 1.8663194274902344e+02 2.1250000000000000e+01
3391 1.8663194274902344e+02 2.2500000000000000e+01
3392 1.8663194274902344e+02 2.3750000000000000e+01
3393 1.8663194274902344e+02 2.5000000000000000e+01
3394 1.8663194274902344e+02 2.6250000000000000e+01
3395 1.8663194274902344e+02 2.7500000000000000e+01
3396 1.8663194274902344e+02 2.8750000000000000e+01
3397 1.8663194274902344e+02 3.0000000000000000e+01
3398 1.8663194274902344e+02 3.1250000000000000e+01
3399 1.8663194274902344e+02 3.2500000000000000e+01
3400 1.8663194274902344e+02 3.3750000000000000e+01
3401 1.8663194274902344e+02 3.5000000000000000e+01
3402 1.8663194274902344e+02 3.6250000000000000e+01
3403 1.8663194274902344e+02 3.7500000000000000e+01
3404 1.8663194274902344e+02 3.8750000000000000e+01
3405 1.8663194274902344e+02 4.0000000000000000e+01
3406 1.8663194274902344e+02 4.1250000000000000e+01
3407 1.8663194274902344e+02 4.2500000000000000e+01
3408 1.8663194274902344e+02 4.3750000000000000e+01
3409 1.8663194274902344e+02 4.5000000000000000e+01
3410 1.8663194274902344e+02 4.6250000000000000e+01
3411 1.8663194274902344e+02 4.7500000000000000e+01
3412 1.8663194274902344e+02 4.8750000000000000e+01
3413 1.8663194274902344e+02 5.0000000000000000e+01
3414 1.8663194274902344e+02 5.1250000000000000e+01
3415 1.8663194274902344e+02 5.2500000000000000e+01
3416 1.8663194274902344e+02 5.3750000000000000e+01
3417 1.8663194274902344e+02 5.5000000000000000e+01
3418 1.8663194274902344e+02 5.6250000000000000e+01
3419 1.8663194274902344e+02 5.7500000000000000e+01
3420 1.8663194274902344e+02 5.8750000000000000e+01
3421 1.8663194274902344e+02 6.0000000000000000e+01
3422 1.8663194274902344e+02 6.1250000000000000e+01
3423 1.8663194274902344e+02 6.2500000000000000e+01
3424 1.8663194274902344e+02 6.3750000000000000e+01
3425 1.8663194274902344e+02 6.5000000000000000e+01
3426 1.8663194274902344e+02 6.6250000000000000e+01
3427 1.8663194274902344e+02 6.7500000000000000e+01
3428 1.8663194274902344e+02 6.8750000000000000e+01
3429 1.8663194274902344e+02 7.0000000000000000e+01
3430 1.8663194274902344e+02 7.1250000000000000e+01
3431 1.8663194274902344e+02 7.2500000000000000e+01
3432 1.8663194274902344e+02 7.3750000000000000e+01
3433 1.8663194274902344e+02 7.5000000000000000e+01
3434 1.8663194274902344e+02 7.6250000000000000e+01
3435 1.8663194274902344e+02 7.7500000000000000e+01
3436 1.8663194274902344e+02 7.8750000000000000e+01
3437 1.8663194274902344e+02 8.0000000000000000e+01
3438 1.8663194274902344e+02 8.1250000000000000e+01
3439 1.8663194274902344e+02 8.2500000000000000e+01
3440 1.8663194274902344e+02 8.3750000000000000e+01
3441 1.8663194274902344e+02 8.5000000000000000e+01
3442 1.8663194274902344e+02 8.6250000000000000e+01
3443 1.8663194274902344e+02 8.7500000000000000e+01
3444 1.8663194274902344e+02 8.8750000000000000e+01
3445 1.8663194274902344e+02 9.0000000000000000e+01
3446 1.8663194274902344e+02 9.1250000000000000e+01
3447 1.8663194274902344e+02 9.2500000000000000e+01
3448 1.8663194274902344e+02 9.3750000000000000e+01
3449 1.8663194274902344e+02 9.5000000000000000e+01
3450 1.8663194274902344e+02 9.6250000000000000e+01
3451 1.8663194274902344e+02 9.7500000000000000e+01
3452 1.8663194274902344e+02 9.8750000000000000e+01
3453 1.8541667175292969e+02 1.2500000000000000e+00
3454 1.8541667175292969e+02 2.5000000000000000e+00
3455 1.8541667175292969e+02 3.7500000000000000e+00
3456 1.8541667175292969e+02 5.0000000000000000e+00
3457 1.8541667175292969e+02 6.2500000000000000e+00
3458 1.8541667175292969e+02 7.5000000000000000e+00
3459 1.8541667175292969e+02 8.7500000000000000e+00
3460 1.8541667175292969e+02 1.0000000000000000e+01
3461 1.8541667175292969e+02 1.1250000000000000e+01
3462 1.8541667175292969e+02 1.2500000000000000e+01
3463 1.8541667175292969e+02 1.3750000000000000e+01
3464 1.8541667175292969e+02 1.5000000000000000e+01
3465 1.8541667175292969e+02 1.6250000000000000e+01
3466 1.8541667175292969e+02 1.7500000000000000e+01
3467 1.8541667175292969e+02 1.8750000000000000e+01
3468 1.8541667175292969e+02 2.0000000000000000e+01
3469 1.8541667175292969e+02 2.1250000000000000e+01
3470 1.8541667175292969e+02 2.2500000000000000e+01
3471 1.8541667175292969e+02 2.3750000000000000e+01
3472 1.8541667175292969e+02 2.5000000000000000e+01
3473 1.8541667175292969e+02 2.6250000000000000e+01
3474 1.8541667175292969e+02 2.7500000000000000e+01
3475 1.8541667175292969e+02 2.8750000000000000e+01
3476 1.8541667175292969e+02 3.0000000000000000e+01
3477 1.8541667175292969e+02 3.1250000000000000e+01
3478 1.8541667175292969e+02 3.2500000000000000e+01
3479 1.8541667175292969e+02 3.3750000000000000e+01
3480 1.8541667175292969e+02 3.5000000000000000e+01
3481 1.8541667175292969e+02 3.6250000000000000e+01
3482 1.8541667175292969e+02 3.7500000000000000e+01
3483 1.8541667175292969e+02 3.8750000000000000e+01
3484 1.8541667175292969e+02 4.0000000000000000e+01
3485 1.8541667175292969e+02 4.1250000000000000e+01
3486 1.8541667175292969e+02 4.2500000000000000e+01
3487 1.8541667175292969e+02 4.3750000000000000e+01
3488 1.8541667175292969e+02 4.5000000000000000e+01
3489 1.8541667175292969e+02 4.6250000000000000e+01
3490 1.8541667175292969e+02 4.7500000000000000e+01
3491 1.8541667175292969e+02 4.8750000000000000e+01
3492 1.8541667175292969e+02 5.0000000000000000e+01
3493 1.8541667175292969e+02 5.1250000000000000e+01
3494 1.8541667175292969e+02 5.2500000000000000e+01
3495 1.8541667175292969e+02 5.3750000000000000e+01
3496 1.8541667175292969e+02 5.5000000000000000e+01
3497 1.8541667175292969e+02 5.6250000000000000e+01
3498 1.8541667175292969e+02 5.7500000000000000e+01
3499 1.8541667175292969e+02 5.8750000000000000e+01
3500 1.8541667175292969e+02 6.0000000000000000e+01
3501 1.8541667175292969e+02 6.1250000000000000e+01
3502 1.8541667175292969e+02 6.2500000000000000e+01
3503 1.8541667175292969e+02 6.3750000000000000e+01
3504 1.8541667175292969e+02 6.5000000000000000e+01
3505 1.8541667175292969e+02 6.6250000000000000e+01
3506 1.8541667175292969e+02 6.7500000000000000e+01
3507 1.8541667175292969e+02 6.8750000000000000e+01
3508 1.8541667175292969e+02 7.0000000000000000e+01
3509 1.8541667175292969e+02 7.1250000000000000e+01
3510 1.8541667175292969e+02 7.2500000000000000e+01
3511 1.8541667175292969e+02 7.3750000000000000e+01
3512 1.8541667175292969e+02 7.5000000000000000e+01
3513 1.8541667175292969e+02 7.6250000000000000e+01
3514 1.8541667175292969e+02 7.7500000000000000e+01
3515 1.8541667175292969e+02 7.8750000000000000e+01
3516 1.8541667175292969e+02 8.0000000000000000e+01
3517 1.8541667175292969e+02 8.1250000000000000e+01
3518 1.8541667175292969e+02 8.2500000000000000e+01
3519 1.8541667175292969e+02 8.3750000000000000e+01
3520 1.8541667175292969e+02 8.5000000000000000e+01
3521 1.8541667175292969e+02 8.6250000000000000e+01
3522 1.8541667175292969e+02 8.7500000000000000e+01
3523 1.8541667175292969e+02 8.8750000000000000e+01
3524 1.8541667175292969e+02 9.0000000000000000e+01
3525 1.8541667175292969e+02 9.1250000000000000e+01
3526 1.8541667175292969e+02 9.2500000000000000e+01
3527 1.8541667175292969e+02 9.3750000000000000e+01
3528 1.8541667175292969e+02 9.5000000000000000e+01
3529 1.8541667175292969e+02 9.6250000000000000e+01
3530 1.8541667175292969e+02 9.7500000000000000e+01
3531 1.8541667175292969e+02 9.8750000000000000e+01
3532 1.8420138549804688e+02 1.2500000000000000e+00
3533 1.8420138549804688e+02 2.5000000000000000e+00
3534 1.8420138549804688e+02 3.7500000000000000e+00
3535 1.8420138549804688e+02 5.0000000000000000e+00
3536 1.8420138549804688e+02 6.2500000000000000e+00
3537 1.8420138549804688e+02 7.5000000000000000e+00
3538 1.8420138549804688e+02 8.7500000000000000e+00
3539 1.8420138549804688e+02 1.0000000000000000e+01
3540 1.8420138549804688e+02 1.1250000000000000e+01
3541 1.8420138549804688e+02 1.2500000000000000e+01
3542 1.8420138549804688e+02 1.3750000000000000e+01
3543 1.8420138549804688e+02 1.5000000000000000e+01
3544 1.8420138549804688e+02 1.6250000000000000e+01
3545 1.8420138549804688e+02 1.7500000000000000e+01
3546 1.8420138549804688e+02 1.8750000000000000e+01
3547 1.8420138549804688e+02 2.0000000000000000e+01
3548 1.8420138549804688e+02 2.1250000000000000e+01
3549 1.8420138549804688e+02 2.2500000000000000e+01
3550 1.8420138549804688e+02 2.3750000000000000e+01
3551 1.8420138549804688e+02 2.5000000000000000e+01
3552 1.8420138549804688e+02 2.6250000000000000e+01
3553 1.8420138549804688e+02 2.7500000000000000e+01
3554 1.8420138549804688e+02 2.8750000000000000e+01
3555 1.8420138549804688e+02 3.0000000000000000e+01
3556 1.8420138549804688e+02 3.1250000000000000e+01
3557 1.8420138549804688e+02 3.2500000000000000e+01
3558 1.8420138549804688e+02 3.3750000000000000e+01
3559 1.8420138549804688e+02 3.5000000000000000e+01
3560 1.8420138549804688e+02 3.6250000000000000e+01
3561 1.8420138549804688e+02 3.7500000000000000e+01
3562 1.8420138549804688e+02 3.8750000000000000e+01
3563 1.8420138549804688e+02 4.0000000000000000e+01
3564 1.8420138549804688e+02 4.1250000000000000e+01
3565 1.8420138549804688e+02 4.2500000000000000e+01
3566 1.8420138549804688e+02 4.3750000000000000e+01
3567 1.8420138549804688e+02 4.5000000000000000e+01
3568 1.8420138549804688e+02 4.6250000000000000e+01
3569 1.8420138549804688e+02 4.7500000000000000e+01
3570 1.8420138549804688e+02 4.8750000000000000e+01
3571 1.8420138549804688e+02 5.0000000000000000e+01
3572 1.8420138549804688e+02 5.1250000000000000e+01
3573 1.8420138549804688e+02 5.2500000000000000e+01
3574 1.8420138549804688e+02 5.3750000000000000e+01
3575 1.8420138549804688e+02 5.5000000000000000e+01
3576 1.8420138549804688e+02 5.6250000000000000e+01
3577 1.8420138549804688e+02 5.7500000000000000e+01
3578 1.8420138549804688e+02 5.8750000000000000e+01
3579 1.8420138549804688e+02 6.0000000000000000e+01
3580 1.8420138549804688e+02 6.1250000000000000e+01
3581 1.8420138549804688e+02 6.2500000000000000e+01
3582 1.8420138549804688e+02 6.3750000000000000e+01
3583 1.8420138549804688e+02 6.5000000000000000e+01
3584 1.8420138549804688e+02 6.6250000000000000e+01
3585 1.8420138549804688e+02 6.7500000000000000e+01
3586 1.8420138549804688e+02 6.8750000000000000e+01
3587 1.8420138549804688e+02 7.0000000000000000e+01
3588 1.8420138549804688e+02 7.1250000000000000e+01
3589 1.8420138549804688e+02 7.2500000000000000e+01
3590 1.8420138549804688e+02 7.3750000000000000e+01
3591 1.8420138549804688e+02 7.5000000000000000e+01
3592 1.8420138549804688e+02 7.6250000000000000e+01
3593 1.8420138549804688e+02 7.7500000000000000e+01
3594 1.8420138549804688e+02 7.8750000000000000e+01
3595 1.8420138549804688e+02 8.0000000000000000e+01
3596 1.8420138549804688e+02 8.1250000000000000e+01
3597 1.8420138549804688e+02 8.2500000000000000e+01
3598 1.8420138549804688e+02 8.3750000000000000e+01
3599 1.8420138549804688e+02 8.5000000000000000e+01
3600 1.8420138549804688e+02 8.6250000000000000e+01
3601 1.8420138549804688e+02 8.7500000000000000e+01
3602 1.8420138549804688e+02 8.8750000000000000e+01
3603 1.8420138549804688e+02 9.0000000000000000e+01
3604 1.8420138549804688e+02 9.1250000000000000e+01
3605 1.8420138549804688e+02 9.2500000000000000e+01
3606 1.8420138549804688e+02 9.3750000000000000e+01
3607 1.8420138549804688e+02 9.5000000000000000e+01
3608 1.8420138549804688e+02 9.6250000000000000e+01
3609 1.8420138549804688e+02 9.7500000000000000e+01
3610 1.8420138549804688e+02 9.8750000000000000e+01
3611 1.8298611450195312e+02 1.2500000000000000e+00
3612 1.8298611450195312e+02 2.5000000000000000e+00
3613 1.8298611450195312e+02 3.7500000000000000e+00
3614 1.8298611450195312e+02 5.0000000000000000e+00
3615 1.8298611450195312e+02 6.2500000000000000e+00
3616 1.8298611450195312e+02 7.5000000000000000e+00
3617 1.8298611450195312e+02 8.7500000000000000e+00
3618 1.8298611450195312e+02 1.0000000000000000e+01
3619 1.8298611450195312e+02 1.1250000000000000e+01
3620 1.8298611450195312e+02 1.2500000000000000e+01
3621 1.8298611450195312e+02 1.3750000000000000e+01
3622 1.8298611450195312e+02 1.5000000000000000e+01
3623 1.8298611450195312e+02 1.6250000000000000e+01
3624 1.8298611450195312e+02 1.7500000000000000e+01
3625 1.8298611450195312e+02 1.8750000000000000e+01
3626 1.8298611450195312e+02 2.0000000000000000e+01
3627 1.8298611450195312e+02 2.1250000000000000e+01
3628 1.8298611450195312e+02 2.2500000000000000e+01
3629 1.8298611450195312e+02 2.3750000000000000e+01
3630 1.8298611450195312e+02 2.5000000000000000e+01
3631 1.8298611450195312e+02 2.6250000000000000e+01
3632 1.8298611450195312e+02 2.7500000000000000e+01
3633 1.8298611450195312e+02 2.8750000000000000e+01
3634 1.8298611450195312e+02 3.0000000000000000e+01
3635 1.8298611450195312e+02 3.1250000000000000e+01
3636 1.8298611450195312e+02 3.2500000000000000e+01
3637 1.8298611450195312e+02 3.3750000000000000e+01
3638 1.8298611450195312e+02 3.5000000000000000e+01
3639 1.8298611450195312e+02 3.6250000000000000e+01
3640 1.8298611450195312e+02 3.7500000000000000e+01
3641 1.8298611450195312e+02 3.8750000000000000e+01
3642 1.8298611450195312e+02 4.0000000000000000e+01
3643 1.8298611450195312e+02 4.1250000000000000e+01
3644 1.8298611450195312e+02 4.2500000000000000e+01
3645 1.8298611450195312e+02 4.3750000000000000e+01
3646 1.8298611450195312e+02 4.5000000000000000e+01
3647 1.8298611450195312e+02 4.6250000000000000e+01
3648 1.8298611450195312e+02 4.7500000000000000e+01
3649 1.8298611450195312e+02 4.8750000000000000e+01
3650 1.8298611450195312e+02 5.0000000000000000e+01
3651 1.8298611450195312e+02 5.1250000000000000e+01
3652 1.8298611450195312e+02 5.2500000000000000e+01
3653 1.8298611450195312e+02 5.3750000000000000e+01
3654 1.8298611450195312e+02 5.5000000000000000e+01
3655 1.8298611450195312e+02 5.6250000000000000e+01
3656 1.8298611450195312e+02 5.7500000000000000e+01
3657 1.8298611450195312e+02 5.8750000000000000e+01
3658 1.8298611450195312e+02 6.0000000000000000e+01
3659 1.8298611450195312e+02 6.1250000000000000e+01
3660 1.8298611450195312e+02 6.2500000000000000e+01
3661 1.8298611450195312e+02 6.3750000000000000e+01
3662 1.8298611450195312e+02 6.5000000000000000e+01
3663 1.8298611450195312e+02 6.6250000000000000e+01
3664 1.8298611450195312e+02 6.7500000000000000e+01
3665 1.8298611450195312e+02 6.8750000000000000e+01
3666 1.8298611450195312e+02 7.0000000000000000e+01
3667 1.8298611450195312e+02 7.1250000000000000e+01
3668 1.8298611450195312e+02 7.2500000000000000e+01
3669 1.8298611450195312e+02 7.3750000000000000e+01
3670 1.8298611450195312e+02 7.5000000000000000e+01
3671 1.8298611450195312e+02 7.6250000000000000e+01
3672 1.8298611450195312e+02 7.7500000000000000e+01
3673 1.8298611450195312e+02 7.8750000000000000e+01
3674 1.8298611450195312e+02 8.0000000000000000e+01
3675 1.8298611450195312e+02 8.1250000000000000e+01
3676 1.8298611450195312e+02 8.2500000000000000e+01
3677 1.8298611450195312e+02 8.3750000000000000e+01
3678 1.8298611450195312e+02 8.5000000000000000e+01
3679 1.8298611450195312e+02 8.6250000000000000e+01
3680 1.8298611450195312e+02 8.7500000000000000e+01
3681 1.8298611450195312e+02 8.8750000000000000e+01
3682 1.8298611450195312e+02 9.0000000000000000e+01
3683 1.8298611450195312e+02 9.1250000000000000e+01
3684 1.8298611450195312e+02 9.2500000000000000e+01
3685 1.8298611450195312e+02 9.3750000000000000e+01
3686 1.8298611450195312e+02 9.5000000000000000e+01
3687 1.8298611450195312e+02 9.6250000000000000e+01
3688 1.8298611450195312e+02 9.7500000000000000e+01
3689 1.8298611450195312e+02 9.8750000000000000e+01
3690 1.8177082824707031e+02 1.2500000000000000e+00
3691 1.8177082824707031e+02 2.5000000000000000e+00
3692 1.8177082824707031e+02 3.7500000000000000e+00
3693 1.8177082824707031e+02 5.0000000000000000e+00
3694 1.8177082824707031e+02 6.2500000000000000e+00
3695 1.8177082824707031e+02 7.5000000000000000e+00
3696 1.8177082824707031e+02 8.7500000000000000e+00
3697 1.8177082824707031e+02 1.0000000000000000e+01
3698 1.8177082824707031e+02 1.1250000000000000e+01
3699 1.8177082824707031e+02 1.2500000000000000e+01
3700 1.8177082824707031e+02 1.3750000000000000e+01
3701 1.8177082824707031e+02 1.5000000000000000e+01
3702 1.8177082824707031e+02 1.6250000000000000e+01
3703 1.8177082824707031e+02 1.7500000000000000e+01
3704 1.8177082824707031e+02 1.8750000000000000e+01
3705 1.8177082824707031e+02 2.0000000000000000e+01
3706 1.8177082824707031e+02 2.1250000000000000e+01
3707 1.8177082824707031e+02 2.2500000000000000e+01
3708 1.8177082824707031e+02 2.3750000000000000e+01
3709 1.8177082824707031e+02 2.5000000000000000e+01
3710 1.8177082824707031e+02 2.6250000000000000e+01
3711 1.8177082824707031e+02 2.7500000000000000e+01
3712 1.8177082824707031e+02 2.8750000000000000e+01
3713 1.8177082824707031e+02 3.0000000000000000e+01
3714 1.8177082824707031e+02 3.1250000000000000e+01
3715 1.8177082824707031e+02 3.2500000000000000e+01
3716 1.8177082824707031e+02 3.3750000000000000e+01
3717 1.8177082824707031e+02 3.5000000000000000e+01
3718 1.8177082824707031e+02 3.6250000000000000e+01
3719 1.8177082824707031e+02 3.7500000000000000e+01
3720 1.8177082824707031e+02 3.8750000000000000e+01
3721 1.8177082824707031e+02 4.0000000000000000e+01
3722 1.8177082824707031e+02 4.1250000000000000e+01
3723 1.8177082824707031e+02 4.2500000000000000e+01
3724 1.8177082824707031e+02 4.3750000000000000e+01
3725 1.8177082824707031e+02 4.5000000000000000e+01
3726 1.8177082824707031e+02 4.6250000000000000e+01
3727 1.8177082824707031e+02 4.7500000000000000e+01
3728 1.8177082824707031e+02 4.8750000000000000e+01
3729 1.8177082824707031e+02 5.0000000000000000e+01
3730 1.8177082824707031e+02 5.1250000000000000e+01
3731 1.8177082824707031e+02 5.2500000000000000e+01
3732 1.8177082824707031e+02 5.3750000000000000e+01
3733 1.8177082824707031e+02 5.5000000000000000e+01
3734 1.8177082824707031e+02 5.6250000000000000e+01
3735 1.8177082824707031e+02 5.7500000000000000e+01
3736 1.8177082824707031e+02 5.8750000000000000e+01
3737 1.8177082824707031e+02 6.0000000000000000e+01
3738 1.8177082824707031e+02 6.1250000000000000e+01
3739 1.8177082824707031e+02 6.2500000000000000e+01
3740 1.8177082824707031e+02 6.3750000000000000e+01
3741 1.8177082824707031e+02 6.5000000000000000e+01
3742 1.8177082824707031e+02 6.6250000000000000e+01
3743 1.8177082824707031e+02 6.7500000000000000e+01
3744 1.8177082824707031e+02 6.8750000000000000e+01
3745 1.8177082824707031e+02 7.0000000000000000e+01
3746 1.8177082824707031e+02 7.1250000000000000e+01
3747 1.8177082824707031e+02 7.2500000000000000e+01
3748 1.8177082824707031e+02 7.3750000000000000e+01
3749 1.8177082824707031e+02 7.5000000000000000e+01
3750 1.8177082824707031e+02 7.6250000000000000e+01
3751 1.8177082824707031e+02 7.7500000000000000e+01
3752 1.8177082824707031e+02 7.8750000000000000e+01
3753 1.8177082824707031e+02 8.0000000000000000e+01
3754 1.8177082824707031e+02 8.1250000000000000e+01
3755 1.8177082824707031e+02 8.2500000000000000e+01
3756 1.8177082824707031e+02 8.3750000000000000e+01
3757 1.8177082824707031e+02 8.5000000000000000e+01
3758 1.8177082824707031e+02 8.6250000000000000e+01
3759 1.8177082824707031e+02 8.7500000000000000e+01
3760 1.8177082824707031e+02 8.8750000000000000e+01
3761 1.8177082824707031e+02 9.0000000000000000e+01
3762 1.8177082824707031e+02 9.1250000000000000e+01
3763 1.8177082824707031e+02 9.2500000000000000e+01
3764 1.8177082824707031e+02 9.3750000000000000e+01
3765 1.8177082824707031e+02 9.5000000000000000e+01
3766 1.8177082824707031e+02 9.6250000000000000e+01
3767 1.8177082824707031e+02 9.7500000000000000e+01
3768 1.8177082824707031e+02 9.8750000000000000e+01
3769 1.8055555725097656e+02 1.2500000000000000e+00
3770 1.8055555725097656e+02 2.5000000000000000e+00
3771 1.8055555725097656e+02 3.7500000000000000e+00
3772 1.8055555725097656e+02 5.0000000000000000e+00
3773 1.8055555725097656e+02 6.2500000000000000e+00
3774 1.8055555725097656e+02 7.5000000000000000e+00
3775 1.8055555725097656e+02 8.7500000000000000e+00
3776 1.8055555725097656e+02 1.0000000000000000e+01
3777 1.8055555725097656e+02 1.1250000000000000e+01
3778 1.8055555725097656e+02 1.2500000000000000e+01
3779 1.8055555725097656e+02 1.3750000000000000e+01
3780 1.8055555725097656e+02 1.5000000000000000e+01
3781 1.8055555725097656e+02 1.6250000000000000e+01
3782 1.8055555725097656e+02 1.7500000000000000e+01
3783 1.8055555725097656e+02 1.8750000000000000e+01
3784 1.8055555725097656e+02 2.0000000000000000e+01
3785 1.8055555725097656e+02 2.1250000000000000e+01
3786 1.8055555725097656e+02 2.2500000000000000e+01
3787 1.8055555725097656e+02 2.3750000000000000e+01
3788 1.8055555725097656e+02 2.5000000000000000e+01
3789 1.8055555725097656e+02 2.6250000000000000e+01
3790 1.8055555725097656e+02 2.7500000000000000e+01
3791 1.8055555725097656e+02 2.8750000000000000e+01
3792 1.8055555725097656e+02 3.0000000000000000e+01
3793 1.8055555725097656e+02 3.1250000000000000e+01
3794 1.8055555725097656e+02 3.2500000000000000e+01
3795 1.8055555725097656e+02 3.3750000000000000e+01
3796 1.8055555725097656e+02 3.5000000000000000e+01
3797 1.8055555725097656e+02 3.6250000000000000e+01
3798 1.8055555725097656e+02 3.7500000000000000e+01
3799 1.8055555725097656e+02 3.8750000000000000e+01
3800 1.8055555725097656e+02 4.0000000000000000e+01
3801 1.8055555725097656e+02 4.1250000000000000e+01
3802 1.8055555725097656e+02 4.2500000000000000e+01
3803 1.8055555725097656e+02 4.3750000000000000e+01
3804 1.8055555725097656e+02 4.5000000000000000e+01
3805 1.8055555725097656e+02 4.6250000000000000e+01
3806 1.8055555725097656e+02 4.7500000000000000e+01
3807 1.8055555725097656e+02 4.8750000000000000e+01
3808 1.8055555725097656e+02 5.0000000000000000e+01
3809 1.8055555725097656e+02 5.1250000000000000e+01
3810 1.8055555725097656e+02 5.2500000000000000e+01
3811 1.8055555725097656e+02 5.3750000000000000e+01
3812 1.8055555725097656e+02 5.5000000000000000e+01
3813 1.8055555725097656e+02 5.6250000000000000e+01
3814 1.8055555725097656e+02 5.7500000000000000e+01
3815 1.8055555725097656e+02 5.8750000000000000e+01
3816 1.8055555725097656e+02 6.0000000000000000e+01
3817 1.8055555725097656e+02 6.1250000000000000e+01
3818 1.8055555725097656e+02 6.2500000000000000e+01
3819 1.8055555725097656e+02 6.3750000000000000e+01
3820 1.8055555725097656e+02 6.5000000000000000e+01
3821 1.8055555725097656e+02 6.6250000000000000e+01
3822 1.8055555725097656e+02 6.7500000000000000e+01
3823 1.8055555725097656e+02 6.8750000000000000e+01
3824 1.8055555725097656e+02 7.0000000000000000e+01
3825 1.8055555725097656e+02 7.1250000000000000e+01
3826 1.8055555725097656e+02 7.2500000000000000e+01
3827 1.8055555725097656e+02 7.3750000000000000e+01
3828 1.8055555725097656e+02 7.5000000000000000e+01
3829 1.8055555725097656e+02 7.6250000000000000e+01
3830 1.8055555725097656e+02 7.7500000000000000e+01
3831 1.8055555725097656e+02 7.8750000000000000e+01
3832 1.8055555725097656e+02 8.0000000000000000e+01
3833 1.8055555725097656e+02 8.1250000000000000e+01
3834 1.8055555725097656e+02 8.2500000000000000e+01
3835 1.8055555725097656e+02 8.3750000000000000e+01
3836 1.8055555725097656e+02 8.5000000000000000e+01
3837 1.8055555725097656e+02 8.6250000000000000e+01
3838 1.8055555725097656e+02 8.7500000000000000e+01
3839 1.8055555725097656e+02 8.8750000000000000e+01
3840 1.8055555725097656e+02 9.0000000000000000e+01
3841 1.8055555725097656e+02 9.1250000000000000e+01
3842 1.8055555725097656e+02 9.2500000000000000e+01
3843 1.8055555725097656e+02 9.3750000000000000e+01
3844 1.8055555725097656e+02 9.5000000000000000e+01
3845 1.8055555725097656e+02 9.6250000000000000e+01
3846 1.8055555725097656e+02 9.7500000000000000e+01
3847 1.8055555725097656e+02 9.8750000000000000e+01
3848 1.7934027099609375e+02 1.2500000000000000e+00
3849 1.7934027099609375e+02 2.5000000000000000e+00
3850 1.7934027099609375e+02 3.7500000000000000e+00
3851 1.7934027099609375e+02 5.0000000000000000e+00
3852 1.7934027099609375e+02 6.2500000000000000e+00
3853 1.7934027099609375e+02 7.5000000000000000e+00
3854 1.7934027099609375e+02 8.7500000000000000e+00
3855 1.7934027099609375e+02 1.0000000000000000e+01
3856 1.7934027099609375e+02 1.1250000000000000e+01
3857 1.7934027099609375e+02 1.2500000000000000e+01
3858 1.7934027099609375e+02 1.3750000000000000e+01
3859 1.7934027099609375e+02 1.5000000000000000e+01
3860 1.7934027099609375e+02 1.6250000000000000e+01
3861 1.7934027099609375e+02 1.7500000000000000e+01
3862 1.7934027099609375e+02 1.8750000000000000e+01
3863 1.7934027099609375e+02 2.0000000000000000e+01
3864 1.7934027099609375e+02 2.1250000000000000e+01
3865 1.7934027099609375e+02 2.2500000000000000e+01
3866 1.7934027099609375e+02 2.3750000000000000e+01
3867 1.7934027099609375e+02 2.5000000000000000e+01
3868 1.7934027099609375e+02 2.6250000000000000e+01
3869 1.7934027099609375e+02 2.7500000000000000e+01
3870 1.7934027099609375e+02 2.8750000000000000e+01
3871 1.7934027099609375e+02 3.0000000000000000e+01
3872 1.7934027099609375e+02 3.1250000000000000e+01
3873 1.7934027099609375e+02 3.2500000000000000e+01
3874 1.7934027099609375e+02 3.3750000000000000e+01
3875 1.7934027099609375e+02 3.5000000000000000e+01
3876 1.7934027099609375e+02 3.6250000000000000e+01
3877 1.7934027099609375e+02 3.7500000000000000e+01
3878 1.7934027099609375e+02 3.8750000000000000e+01
3879 1.7934027099609375e+02 4.0000000000000000e+01
3880 1.7934027099609375e+02 4.1250000000000000e+01
3881 1.7934027099609375e+02 4.2500000000000000e+01
3882 1.7934027099609375e+02 4.3750000000000000e+01
3883 1.7934027099609375e+02 4.5000000000000000e+01
3884 1.7934027099609375e+02 4.6250000000000000e+01
3885 1.7934027099609375e+02 4.7500000000000000e+01
3886 1.7934027099609375e+02 4.8750000000000000e+01
3887 1.7934027099609375e+02 5.0000000000000000e+01
3888 1.7934027099609375e+02 5.1250000000000000e+01
3889 1.7934027099609375e+02 5.2500000000000000e+01
3890 1.7934027099609375e+02 5.3750000000000000e+01
3891 1.7934027099609375e+02 5.5000000000000000e+01
3892 1.7934027099609375e+02 5.6250000000000000e+01
3893 1.7934027099609375e+02 5.7500000000000000e+01
3894 1.7934027099609375e+02 5.8750000000000000e+01
3895 1.7934027099609375e+02 6.0000000000000000e+01
3896 1.7934027099609375e+02 6.1250000000000000e+01
3897 1.7934027099609375e+02 6.2500000000000000e+01
3898 1.7934027099609375e+02 6.3750000000000000e+01
3899 1.7934027099609375e+02 6.5000000000000000e+01
3900 1.7934027099609375e+02 6.6250000000000000e+01
3901 1.7934027099609375e+02 6.7500000000000000e+01
3902 1.7934027099609375e+02 6.8750000000000000e+01
3903 1.7934027099609375e+02 7.0000000000000000e+01
3904 1.7934027099609375e+02 7.1250000000000000e+01
3905 1.7934027099609375e+02 7.2500000000000000e+01
3906 1.7934027099609375e+02 7.3750000000000000e+01
3907 1.7934027099609375e+02 7.5000000000000000e+01
3908 1.7934027099609375e+02 7.6250000000000000e+01
3909 1.7934027099609375e+02 7.7500000000000000e+01
3910 1.7934027099609375e+02 7.8750000000000000e+01
3911 1.7934027099609375e+02 8.0000000000000000e+01
3912 1.7934027099609375e+02 8.1250000000000000e+01
3913 1.7934027099609375e+02 8.2500000000000000e+01
3914 1.7934027099609375e+02 8.3750000000000000e+01
3915 1.7934027099609375e+02 8.5000000000000000e+01
3916 1.7934027099609375e+02 8.6250000000000000e+01
3917 1.7934027099609375e+02 8.7500000000000000e+01
3918 1.7934027099609375e+02 8.8750000000000000e+01
3919 1.7934027099609375e+02 9.0000000000000000e+01
3920 1.7934027099609375e+02 9.1250000000000000e+01
3921 1.7934027099609375e+02 9.2500000000000000e+01
3922 1.7934027099609375e+02 9.3750000000000000e+01
3923 1.7934027099609375e+02 9.5000000000000000e+01
3924 1.7934027099609375e+02 9.6250000000000000e+01
3925 1.7934027099609375e+02 9.7500000000000000e+01
3926 1.7934027099609375e+02 9.8750000000000000e+01
3927 1.7065972900390625e+02 1.2500000000000000e+00
3928 1.7065972900390625e+02 2.5000000000000000e+00
3929 1.7065972900390625e+02 3.7500000000000000e+00
3930 1.7065972900390625e+02 5.0000000000000000e+00
3931 1.7065972900390625e+02 6.2500000000000000e+00
3932 1.7065972900390625e+02 7.5000000000000000e+00
3933 1.7065972900390625e+02 8.7500000000000000e+00
3934 1.7065972900390625e+02 1.0000000000000000e+01
3935 1.7065972900390625e+02 1.1250000000000000e+01
3936 1.7065972900390625e+02 1.2500000000000000e+01
3937 1.7065972900390625e+02 1.3750000000000000e+01
3938 1.7065972900390625e+02 1.5000000000000000e+01
3939 1.7065972900390625e+02 1.6250000000000000e+01
3940 1.7065972900390625e+02 1.7500000000000000e+01
3941 1.7065972900390625e+02 1.8750000000000000e+01
3942 1.7065972900390625e+02 2.0000000000000000e+01
3943 1.7065972900390625e+02 2.1250000000000000e+01
3944 1.7065972900390625e+02 2.2500000000000000e+01
3945 1.7065972900390625e+02 2.3750000000000000e+01
3946 1.7065972900390625e+02 2.5000000000000000e+01
3947 1.7065972900390625e+02 2.6250000000000000e+01
3948 1.7065972900390625e+02 2.7500000000000000e+01
3949 1.7065972900390625e+02 2.8750000000000000e+01
3950 1.7065972900390625e+02 3.0000000000000000e+01
3951 1.7065972900390625e+02 3.1250000000000000e+01
3952 1.7065972900390625e+02 3.2500000000000000e+01
3953 1.7065972900390625e+02 3.3750000000000000e+01
3954 1.7065972900390625e+02 3.5000000000000000e+01
3955 1.7065972900390625e+02 3.6250000000000000e+01
3956 1.7065972900390625e+02 3.7500000000000000e+01
3957 1.7065972900390625e+02 3.8750000000000000e+01
3958 1.7065972900390625e+02 4.0000000000000000e+01
3959 1.7065972900390625e+02 4.1250000000000000e+01
3960 1.7065972900390625e+02 4.2500000000000000e+01
3961 1.7065972900390625e+02 4.3750000000000000e+01
3962 1.7065972900390625e+02 4.5000000000000000e+01
3963 1.7065972900390625e+02 4.6250000000000000e+01
3964 1.7065972900390625e+02 4.7500000000000000e+01
3965 1.7065972900390625e+02 4.8750000000000000e+01
3966 1.7065972900390625e+02 5.0000000000000000e+01
3967 1.7065972900390625e+02 5.1250000000000000e+01
3968 1.7065972900390625e+02 5.2500000000000000e+01
3969 1.7065972900390625e+02 5.3750000000000000e+01
3970 1.7065972900390625e+02 5.5000000000000000e+01
3971 1.7065972900390625e+02 5.6250000000000000e+01
3972 1.7065972900390625e+02 5.7500000000000000e+01
3973 1.7065972900390625e+02 5.8750000000000000e+01
3974 1.7065972900390625e+02 6.0000000000000000e+01
3975 1.7065972900390625e+02 6.1250000000000000e+01
3976 1.7065972900390625e+02 6.2500000000000000e+01
3977 1.7065972900390625e+02 6.3750000000000000e+01
3978 1.7065972900390625e+02 6.5000000000000000e+01
3979 1.7065972900390625e+02 6.6250000000000000e+01
3980 1.7065972900390625e+02 6.7500000000000000e+01
3981 1.7065972900390625e+02 6.8750000000000000e+01
3982 1.7065972900390625e+02 7.0000000000000000e+01
3983 1.7065972900390625e+02 7.1250000000000000e+01
3984 1.7065972900390625e+02 7.2500000000000000e+01
3985 1.7065972900390625e+02 7.3750000000000000e+01
3986 1.7065972900390625e+02 7.5000000000000000e+01
3987 1.7065972900390625e+02 7.6250000000000000e+01
3988 1.7065972900390625e+02 7.7500000000000000e+01
3989 1.7065972900390625e+02 7.8750000000000000e+01
3990 1.7065972900390625e+02 8.0000000000000000e+01
3991 1.7065972900390625e+02 8.1250000000000000e+01
3992 1.7065972900390625e+02 8.2500000000000000e+01
3993 1.7065972900390625e+02 8.3750000000000000e+01
3994 1.7065972900390625e+02 8.5000000000000000e+01
3995 1.7065972900390625e+02 8.6250000000000000e+01
3996 1.7065972900390625e+02 8.7500000000000000e+01
3997 1.7065972900390625e+02 8.8750000000000000e+01
3998 1.7065972900390625e+02 9.0000000000000000e+01
3999 1.7065972900390625e+02 9.1250000000000000e+01
4000 1.7065972900390625e+02 9.2500000000000000e+01
4001 1.7065972900390625e+02 9.3750000000000000e+01
4002 1.7065972900390625e+02 9.5000000000000000e+01
4003 1.7065972900390625e+02 9.6250000000000000e+01
4004 1.7065972900390625e+02 9.7500000000000000e+01
4005 1.7065972900390625e+02 9.8750000000000000e+01
4006 1.6944444274902344e+02 1.2500000000000000e+00
4007 1.6944444274902344e+02 2.5000000000000000e+00
4008 1.6944444274902344e+02 3.7500000000000000e+00
4009 1.6944444274902344e+02 5.0000000000000000e+00
4010 1.6944444274902344e+02 6.2500000000000000e+00
4011 1.6944444274902344e+02 7.5000000000000000e+00
4012 1.6944444274902344e+02 8.7500000000000000e+00
4013 1.6944444274902344e+02 1.0000000000000000e+01
4014 1.6944444274902344e+02 1.1250000000000000e+01
4015 1.6944444274902344e+02 1.2500000000000000e+01
4016 1.6944444274902344e+02 1.3750000000000000e+01
4017 1.6944444274902344e+02 1.5000000000000000e+01
4018 1.6944444274902344e+02 1.6250000000000000e+01
4019 1.6944444274902344e+02 1.7500000000000000e+01
4020 1.6944444274902344e+02 1.8750000000000000e+01
4021 1.6944444274902344e+02 2.0000000000000000e+01
4022 1.6944444274902344e+02 2.1250000000000000e+01
4023 1.6944444274902344e+02 2.2500000000000000e+01
4024 1.6944444274902344e+02 2.3750000000000000e+01
4025 1.6944444274902344e+02 2.5000000000000000e+01
4026 1.6944444274902344e+02 2.6250000000000000e+01
4027 1.6944444274902344e+02 2.7500000000000000e+01
4028 1.6944444274902344e+02 2.8750000000000000e+01
4029 1.6944444274902344e+02 3.0000000000000000e+01
4030 1.6944444274902344e+02 3.1250000000000000e+01
4031 1.6944444274902344e+02 3.2500000000000000e+01
4032 1.6944444274902344e+02 3.3750000000000000e+01
4033 1.6944444274902344e+02 3.5000000000000000e+01
4034 1.6944444274902344e+02 3.6250000000000000e+01
4035 1.6944444274902344e+02 3.7500000000000000e+01
4036 1.6944444274902344e+02 3.8750000000000000e+01
4037 1.6944444274902344e+02 4.0000000000000000e+01
4038 1.6944444274902344e+02 4.1250000000000000e+01
4039 1.6944444274902344e+02 4.2500000000000000e+01
4040 1.6944444274902344e+02 4.3750000000000000e+01
4041 1.6944444274902344e+02 4.5000000000000000e+01
4042 1.6944444274902344e+02 4.6250000000000000e+01
4043 1.6944444274902344e+02 4.7500000000000000e+01
4044 1.6944444274902344e+02 4.8750000000000000e+01
4045 1.6944444274902344e+02 5.0000000000000000e+01
4046 1.6944444274902344e+02 5.1250000000000000e+01
4047 1.6944444274902344e+02 5.2500000000000000e+01
4048 1.6944444274902344e+02 5.3750000000000000e+01
4049 1.6944444274902344e+02 5.5000000000000000e+01
4050 1.6944444274902344e+02 5.6250000000000000e+01
4051 1.6944444274902344e+02 5.7500000000000000e+01
4052 1.6944444274902344e+02 5.8750000000000000e+01
4053 1.6944444274902344e+02 6.0000000000000000e+01
4054 1.6944444274902344e+02 6.1250000000000000e+01
4055 1.6944444274902344e+02 6.2500000000000000e+01
4056 1.6944444274902344e+02 6.3750000000000000e+01
4057 1.6944444274902344e+02 6.5000000000000000e+01
4058 1.6944444274902344e+02 6.6250000000000000e+01
4059 1.6944444274902344e+02 6.7500000000000000e+01
4060 1.6944444274902344e+02 6.8750000000000000e+01
4061 1.6944444274902344e+02 7.0000000000000000e+01
4062 1.6944444274902344e+02 7.1250000000000000e+01
4063 1.6944444274902344e+02 7.2500000000000000e+01
4064 1.6944444274902344e+02 7.3750000000000000e+01
4065 1.6944444274902344e+02 7.5000000000000000e+01
4066 1.6944444274902344e+02 7.6250000000000000e+01
4067 1.6944444274902344e+02 7.7500000000000000e+01
4068 1.6944444274902344e+02 7.8750000000000000e+01
4069 1.6944444274902344e+02 8.0000000000000000e+01
4070 1.6944444274902344e+02 8.1250000000000000e+01
4071 1.6944444274902344e+02 8.2500000000000000e+01
4072 1.6944444274902344e+02 8.3750000000000000e+01
4073 1.6944444274902344e+02 8.5000000000000000e+01
4074 1.6944444274902344e+02 8.6250000000000000e+01
4075 1.6944444274902344e+02 8.7500000000000000e+01
4076 1.6944444274902344e+02 8.8750000000000000e+01
4077 1.6944444274902344e+02 9.0000000000000000e+01
4078 1.6944444274902344e+02 9.1250000000000000e+01
4079 1.6944444274902344e+02 9.2500000000000000e+01
4080 1.6944444274902344e+02 9.3750000000000000e+01
4081 1.6944444274902344e+02 9.5000000000000000e+01
4082 1.6944444274902344e+02 9.6250000000000000e+01
4083 1.6944444274902344e+02 9.7500000000000000e+01
4084 1.6944444274902344e+02 9.8750000000000000e+01
4085 1.6822917175292969e+02 1.2500000000000000e+00
4086 1.6822917175292969e+02 2.5000000000000000e+00
4087 1.6822917175292969e+02 3.7500000000000000e+00
4088 1.6822917175292969e+02 5.0000000000000000e+00
4089 1.6822917175292969e+02 6.2500000000000000e+00
4090 1.6822917175292969e+02 7.5000000000000000e+00
4091 1.6822917175292969e+02 8.7500000000000000e+00
4092 1.6822917175292969e+02 1.0000000000000000e+01
4093 1.6822917175292969e+02 1.1250000000000000e+01
4094 1.6822917175292969e+02 1.2500000000000000e+01
4095 1.6822917175292969e+02 1.3750000000000000e+01
4096 1.6822917175292969e+02 1.5000000000000000e+01
4097 1.6822917175292969e+02 1.6250000000000000e+01
4098 1.6822917175292969e+02 1.7500000000000000e+01
4099 1.6822917175292969e+02 1.8750000000000000e+01
4100 1.6822917175292969e+02 2.0000000000000000e+01
4101 1.6822917175292969e+02 2.1250000000000000e+01
4102 1.6822917175292969e+02 2.2500000000000000e+01
4103 1.6822917175292969e+02 2.3750000000000000e+01
4104 1.6822917175292969e+02 2.5000000000000000e+01
4105 1.6822917175292969e+02 2.6250000000000000e+01
4106 1.6822917175292969e+02 2.7500000000000000e+01
4107 1.6822917175292969e+02 2.8750000000000000e+01
4108 1.6822917175292969e+02 3.0000000000000000e+01
4109 1.6822917175292969e+02 3.1250000000000000e+01
4110 1.6822917175292969e+02 3.2500000000000000e+01
4111 1.6822917175292969e+02 3.3750000000000000e+01
4112 1.6822917175292969e+02 3.5000000000000000e+01
4113 1.6822917175292969e+02 3.6250000000000000e+01
4114 1.6822917175292969e+02 3.7500000000000000e+01
4115 1.6822917175292969e+02 3.8750000000000000e+01
4116 1.6822917175292969e+02 4.0000000000000000e+01
4117 1.6822917175292969e+02 4.1250000000000000e+01
4118 1.6822917175292969e+02 4.2500000000000000e+01
4119 1.6822917175292969e+02 4.3750000000000000e+01
4120 1.6822917175292969e+02 4.5000000000000000e+01
4121 1.6822917175292969e+02 4.6250000000000000e+01
4122 1.6822917175292969e+02 4.7500000000000000e+01
4123 1.6822917175292969e+02 4.8750000000000000e+01
4124 1.6822917175292969e+02 5.0000000000000000e+01
4125 1.6822917175292969e+02 5.1250000000000000e+01
4126 1.6822917175292969e+02 5.2500000000000000e+01
4127 1.6822917175292969e+02 5.3750000000000000e+01
4128 1.6822917175292969e+02 5.5000000000000000e+01
4129 1.6822917175292969e+02 5.6250000000000000e+01
4130 1.6822917175292969e+02 5.7500000000000000e+01
4131 1.6822917175292969e+02 5.8750000000000000e+01
4132 1.6822917175292969e+02 6.0000000000000000e+01
4133 1.6822917175292969e+02 6.1250000000000000e+01
4134 1.6822917175292969e+02 6.2500000000000000e+01
4135 1.6822917175292969e+02 6.3750000000000000e+01
4136 1.6822917175292969e+02 6.5000000000000000e+01
4137 1.6822917175292969e+02 6.6250000000000000e+01
4138 1.6822917175292969e+02 6.7500000000000000e+01
4139 1.6822917175292969e+02 6.8750000000000000e+01
4140 1.6822917175292969e+02 7.0000000000000000e+01
4141 1.6822917175292969e+02 7.1250000000000000e+01
4142 1.6822917175292969e+02 7.2500000000000000e+01
4143 1.6822917175292969e+02 7.3750000000000000e+01
4144 1.6822917175292969e+02 7.5000000000000000e+01
4145 1.6822917175292969e+02 7.6250000000000000e+01
4146 1.6822917175292969e+02 7.7500000000000000e+01
4147 1.6822917175292969e+02 7.8750000000000000e+01
4148 1.6822917175292969e+02 8.0000000000000000e+01
4149 1.6822917175292969e+02 8.1250000000000000e+01
4150 1.6822917175292969e+02 8.2500000000000000e+01
4151 1.6822917175292969e+02 8.3750000000000000e+01
4152 1.6822917175292969e+02 8.5000000000000000e+01
4153 1.6822917175292969e+02 8.6250000000000000e+01
4154 1.6822917175292969e+02 8.7500000000000000e+01
4155 1.6822917175292969e+02 8.8750000000000000e+01
4156 1.6822917175292969e+02 9.0000000000000000e+01
4157 1.6822917175292969e+02 9.1250000000000000e+01
4158 1.6822917175292969e+02 9.2500000000000000e+01
4159 1.6822917175292969e+02 9.3750000000000000e+01
4160 1.6822917175292969e+02 9.5000000000000000e+01
4161 1.6822917175292969e+02 9.6250000000000000e+01
4162 1.6822917175292969e+02 9.7500000000000000e+01
4163 1.6822917175292969e+02 9.8750000000000000e+01
4164 1.6701388549804688e+02 1.2500000000000000e+00
4165 1.6701388549804688e+02 2.5000000000000000e+00
4166 1.6701388549804688e+02 3.7500000000000000e+00
4167 1.6701388549804688e+02 5.0000000000000000e+00
4168 1.6701388549804688e+02 6.2500000000000000e+00
4169 1.6701388549804688e+02 7.5000000000000000e+00
4170 1.6701388549804688e+02 8.7500000000000000e+00
4171 1.6701388549804688e+02 1.0000000000000000e+01
4172 1.6701388549804688e+02 1.1250000000000000e+01
4173 1.6701388549804688e+02 1.2500000000000000e+01
4174 1.6701388549804688e+02 1.3750000000000000e+01
4175 1.6701388549804688e+02 1.5000000000000000e+01
4176 1.6701388549804688e+02 1.6250000000000000e+01
4177 1.6701388549804688e+02 1.7500000000000000e+01
4178 1.6701388549804688e+02 1.8750000000000000e+01
4179 1.6701388549804688e+02 2.0000000000000000e+01
4180 1.6701388549804688e+02 2.1250000000000000e+01
4181 1.6701388549804688e+02 2.2500000000000000e+01
4182 1.6701388549804688e+02 2.3750000000000000e+01
4183 1.6701388549804688e+02 2.5000000000000000e+01
4184 1.6701388549804688e+02 2.6250000000000000e+01
4185 1.6701388549804688e+02 2.7500000000000000e+01
4186 1.6701388549804688e+02 2.8750000000000000e+01
4187 1.6701388549804688e+02 3.0000000000000000e+01
4188 1.6701388549804688e+02 3.1250000000000000e+01
4189 1.6701388549804688e+02 3.2500000000000000e+01
4190 1.6701388549804688e+02 3.3750000000000000e+01
4191 1.6701388549804688e+02 3.5000000000000000e+01
4192 1.6701388549804688e+02 3.6250000000000000e+01
4193 1.6701388549804688e+02 3.7500000000000000e+01
4194 1.6701388549804688e+02 3.8750000000000000e+01
4195 1.6701388549804688e+02 4.0000000000000000e+01
4196 1.6701388549804688e+02 4.1250000000000000e+01
4197 1.6701388549804688e+02 4.2500000000000000e+01
4198 1.6701388549804688e+02 4.3750000000000000e+01
4199 1.6701388549804688e+02 4.5000000000000000e+01
4200 1.6701388549804688e+02 4.6250000000000000e+01
4201 1.6701388549804688e+02 4.7500000000000000e+01
4202 1.6701388549804688e+02 4.8750000000000000e+01
4203 1.6701388549804688e+02 5.0000000000000000e+01
4204 1.6701388549804688e+02 5.1250000000000000e+01
4205 1.6701388549804688e+02 5.2500000000000000e+01
4206 1.6701388549804688e+02 5.3750000000000000e+01
4207 1.6701388549804688e+02 5.5000000000000000e+01
4208 1.6701388549804688e+02 5.6250000000000000e+01
4209 1.6701388549804688e+02 5.7500000000000000e+01
4210 1.6701388549804688e+02 5.8750000000000000e+01
4211 1.6701388549804688e+02 6.0000000000000000e+01
4212 1.6701388549804688e+02 6.1250000000000000e+01
4213 1.6701388549804688e+02 6.2500000000000000e+01
4214 1.6701388549804688e+02 6.3750000000000000e+01
4215 1.6701388549804688e+02 6.5000000000000000e+01
4216 1.6701388549804688e+02 6.6250000000000000e+01
4217 1.6701388549804688e+02 6.7500000000000000e+01
4218 1.6701388549804688e+02 6.8750000000000000e+01
4219 1.6701388549804688e+02 7.0000000000000000e+01
4220 1.6701388549804688e+02 7.1250000000000000e+01
4221 1.6701388549804688e+02 7.2500000000000000e+01
4222 1.6701388549804688e+02 7.3750000000000000e+01
4223 1.6701388549804688e+02 7.5000000000000000e+01
4224 1.6701388549804688e+02 7.6250000000000000e+01
4225 1.6701388549804688e+02 7.7500000000000000e+01
4226 1.6701388549804688e+02 7.8750000000000000e+01
4227 1.6701388549804688e+02 8.0000000000000000e+01
4228 1.6701388549804688e+02 8.1250000000000000e+01
4229 1.6701388549804688e+02 8.2500000000000000e+01
4230 1.6701388549804688e+02 8.3750000000000000e+01
4231 1.6701388549804688e+02 8.5000000000000000e+01
4232 1.6701388549804688e+02 8.6250000000000000e+01
4233 1.6701388549804688e+02 8.7500000000000000e+01
4234 1.6701388549804688e+02 8.8750000000000000e+01
4235 1.6701388549804688e+02 9.0000000000000000e+01
4236 1.6701388549804688e+02 9.1250000000000000e+01
4237 1.6701388549804688e+02 9.2500000000000000e+01
4238 1.6701388549804688e+02 9.3750000000000000e+01
4239 1.6701388549804688e+02 9.5000000000000000e+01
4240 1.6701388549804688e+02 9.6250000000000000e+01
4241 1.6701388549804688e+02 9.7500000000000000e+01
4242 1.6701388549804688e+02 9.8750000000000000e+01
4243 1.6579861450195312e+02 1.2500000000000000e+00
4244 1.6579861450195312e+02 2.5000000000000000e+00
4245 1.6579861450195312e+02 3.7500000000000000e+00
4246 1.6579861450195312e+02 5.0000000000000000e+00
4247 1.6579861450195312e+02 6.2500000000000000e+00
4248 1.6579861450195312e+02 7.5000000000000000e+00
4249 1.6579861450195312e+02 8.7500000000000000e+00
4250 1.6579861450195312e+02 1.0000000000000000e+01
4251 1.6579861450195312e+02 1.1250000000000000e+01
4252 1.6579861450195312e+02 1.2500000000000000e+01
4253 1.6579861450195312e+02 1.3750000000000000e+01
4254 1.6579861450195312e+02 1.5000000000000000e+01
4255 1.6579861450195312e+02 1.6250000000000000e+01
4256 1.6579861450195312e+02 1.7500000000000000e+01
4257 1.6579861450195312e+02 1.8750000000000000e+01
4258 1.6579861450195312e+02 2.0000000000000000e+01
4259 1.6579861450195312e+02 2.1250000000000000e+01
4260 1.6579861450195312e+02 2.2500000000000000e+01
4261 1.6579861450195312e+02 2.3750000000000000e+01
4262 1.6579861450195312e+02 2.5000000000000000e+01
4263 1.6579861450195312e+02 2.6250000000000000e+01
4264 1.6579861450195312e+02 2.7500000000000000e+01
4265 1.6579861450195312e+02 2.8750000000000000e+01
4266 1.6579861450195312e+02 3.0000000000000000e+01
4267 1.6579861450195312e+02 3.1250000000000000e+01
4268 1.6579861450195312e+02 3.2500000000000000e+01
4269 1.6579861450195312e+02 3.3750000000000000e+01
4270 1.6579861450195312e+02 3.5000000000000000e+01
4271 1.6579861450195312e+02 3.6250000000000000e+01
4272 1.6579861450195312e+02 3.7500000000000000e+01
4273 1.6579861450195312e+02 3.8750000000000000e+01
4274 1.6579861450195312e+02 4.0000000000000000e+01
4275 1.6579861450195312e+02 4.1250000000000000e+01
4276 1.6579861450195312e+02 4.2500000000000000e+01
4277 1.6579861450195312e+02 4.3750000000000000e+01
4278 1.6579861450195312e+02 4.5000000000000000e+01
4279 1.6579861450195312e+02 4.6250000000000000e+01
4280 1.6579861450195312e+02 4.7500000000000000e+01
4281 1.6579861450195312e+02 4.8750000000000000e+01
4282 1.6579861450195312e+02 5.0000000000000000e+01
4283 1.6579861450195312e+02 5.1250000000000000e+01
4284 1.6579861450195312e+02 5.2500000000000000e+01
4285 1.6579861450195312e+02 5.3750000000000000e+01
4286 1.6579861450195312e+02 5.5000000000000000e+01
4287 1.6579861450195312e+02 5.6250000000000000e+01
4288 1.6579861450195312e+02 5.7500000000000000e+01
4289 1.6579861450195312e+02 5.8750000000000000e+01
4290 1.6579861450195312e+02 6.0000000000000000e+01
4291 1.6579861450195312e+02 6.1250000000000000e+01
4292 1.6579861450195312e+02 6.2500000000000000e+01
4293 1.6579861450195312e+02 6.3750000000000000e+01
4294 1.6579861450195312e+02 6.5000000000000000e+01
4295 1.6579861450195312e+02 6.6250000000000000e+01
4296 1.6579861450195312e+02 6.7500000000000000e+01
4297 1.6579861450195312e+02 6.8750000000000000e+01
4298 1.6579861450195312e+02 7.0000000000000000e+01
4299 1.6579861450195312e+02 7.1250000000000000e+01
4300 1.6579861450195312e+02 7.2500000000000000e+01
4301 1.6579861450195312e+02 7.3750000000000000e+01
4302 1.6579861450195312e+02 7.5000000000000000e+01
4303 1.6579861450195312e+02 7.6250000000000000e+01
4304 1.6579861450195312e+02 7.7500000000000000e+01
4305 1.6579861450195312e+02 7.8750000000000000e+01
4306 1.6579861450195312e+02 8.0000000000000000e+01
4307 1.6579861450195312e+02 8.1250000000000000e+01
4308 1.6579861450195312e+02 8.2500000000000000e+01
4309 1.6579861450195312e+02 8.3750000000000000e+01
4310 1.6579861450195312e+02 8.5000000000000000e+01
4311 1.6579861450195312e+02 8.6250000000000000e+01
4312 1.6579861450195312e+02 8.7500000000000000e+01
4313 1.6579861450195312e+02 8.8750000000000000e+01
4314 1.6579861450195312e+02 9.0000000000000000e+01
4315 1.6579861450195312e+02 9.1250000000000000e+01
4316 1.6579861450195312e+02 9.2500000000000000e+01
4317 1.6579861450195312e+02 9.3750000000000000e+01
4318 1.6579861450195312e+02 9.5000000000000000e+01
4319 1.6579861450195312e+02 9.6250000000000000e+01
4320 1.6579861450195312e+02 9.7500000000000000e+01
4321 1.6579861450195312e+02 9.8750000000000000e+01
4322 1.6458332824707031e+02 1.2500000000000000e+00
4323 1.6458332824707031e+02 2.5000000000000000e+00
4324 1.6458332824707031e+02 3.7500000000000000e+00
4325 1.6458332824707031e+02 5.0000000000000000e+00
4326 1.6458332824707031e+02 6.2500000000000000e+00
4327 1.6458332824707031e+02 7.5000000000000000e+00
4328 1.6458332824707031e+02 8.7500000000000000e+00
4329 1.6458332824707031e+02 1.0000000000000000e+01
4330 1.6458332824707031e+02 1.1250000000000000e+01
4331 1.6458332824707031e+02 1.2500000000000000e+01
4332 1.6458332824707031e+02 1.3750000000000000e+01
4333 1.6458332824707031e+02 1.5000000000000000e+01
4334 1.6458332824707031e+02 1.6250000000000000e+01
4335 1.6458332824707031e+02 1.7500000000000000e+01
4336 1.6458332824707031e+02 1.8750000000000000e+01
4337 1.6458332824707031e+02 2.0000000000000000e+01
4338 1.6458332824707031e+02 2.1250000000000000e+01
4339 1.6458332824707031e+02 2.2500000000000000e+01
4340 1.6458332824707031e+02 2.3750000000000000e+01
4341 1.6458332824707031e+02 2.5000000000000000e+01
4342 1.6458332824707031e+02 2.6250000000000000e+01
4343 1.6458332824707031e+02 2.7500000000000000e+01
4344 1.6458332824707031e+02 2.8750000000000000e+01
4345 1.6458332824707031e+02 3.0000000000000000e+01
4346 1.6458332824707031e+02 3.1250000000000000e+01
4347 1.6458332824707031e+02 3.2500000000000000e+01
4348 1.6458332824707031e+02 3.3750000000000000e+01
4349 1.6458332824707031e+02 3.5000000000000000e+01
4350 1.6458332824707031e+02 3.6250000000000000e+01
4351 1.6458332824707031e+02 3.7500000000000000e+01
4352 1.6458332824707031e+02 3.8750000000000000e+01
4353 1.6458332824707031e+02 4.0000000000000000e+01
4354 1.6458332824707031e+02 4.1250000000000000e+01
4355 1.6458332824707031e+02 4.2500000000000000e+01
4356 1.6458332824707031e+02 4.3750000000000000e+01
4357 1.6458332824707031e+02 4.5000000000000000e+01
4358 1.6458332824707031e+02 4.6250000000000000e+01
4359 1.6458332824707031e+02 4.7500000000000000e+01
4360 1.6458332824707031e+02 4.8750000000000000e+01
4361 1.6458332824707031e+02 5.0000000000000000e+01
4362 1.6458332824707031e+02 5.1250000000000000e+01
4363 1.6458332824707031e+02 5.2500000000000000e+01
4364 1.6458332824707031e+02 5.3750000000000000e+01
4365 1.6458332824707031e+02 5.5000000000000000e+01
4366 1.6458332824707031e+02 5.6250000000000000e+01
4367 1.6458332824707031e+02 5.7500000000000000e+01
4368 1.6458332824707031e+02 5.8750000000000000e+01
4369 1.6458332824707031e+02 6.0000000000000000e+01
4370 1.6458332824707031e+02 6.1250000000000000e+01
4371 1.6458332824707031e+02 6.2500000000000000e+01
4372 1.6458332824707031e+02 6.3750000000000000e+01
4373 1.6458332824707031e+02 6.5000000000000000e+01
4374 1.6458332824707031e+02 6.6250000000000000e+01
4375 1.6458332824707031e+02 6.7500000000000000e+01
4376 1.6458332824707031e+02 6.8750000000000000e+01
4377 1.6458332824707031e+02 7.0000000000000000e+01
4378 1.6458332824707031e+02 7.1250000000000000e+01
4379 1.6458332824707031e+02 7.2500000000000000e+01
4380 1.6458332824707031e+02 7.3750000000000000e+01
4381 1.6458332824707031e+02 7.5000000000000000e+01
4382 1.6458332824707031e+02 7.6250000000000000e+01
4383 1.6458332824707031e+02 7.7500000000000000e+01
4384 1.6458332824707031e+02 7.8750000000000000e+01
4385 1.6458332824707031e+02 8.0000000000000000e+01
4386 1.6458332824707031e+02 8.1250000000000000e+01
4387 1.6458332824707031e+02 8.2500000000000000e+01
4388 1.6458332824707031e+02 8.3750000000000000e+01
4389 1.6458332824707031e+02 8.5000000000000000e+01
4390 1.6458332824707031e+02 8.6250000000000000e+01
4391 1.6458332824707031e+02 8.7500000000000000e+01
4392 1.6458332824707031e+02 8.8750000000000000e+01
4393 1.6458332824707031e+02 9.0000000000000000e+01
4394 1.6458332824707031e+02 9.1250000000000000e+01
4395 1.6458332824707031e+02 9.2500000000000000e+01
4396 1.6458332824707031e+02 9.3750000000000000e+01
4397 1.6458332824707031e+02 9.5000000000000000e+01
4398 1.6458332824707031e+02 9.6250000000000000e+01
4399 1.6458332824707031e+02 9.7500000000000000e+01
4400 1.6458332824707031e+02 9.8750000000000000e+01
4401 1.6336805725097656e+02 1.2500000000000000e+00
4402 1.6336805725097656e+02 2.5000000000000000e+00
4403 1.6336805725097656e+02 3.7500000000000000e+00
4404 1.6336805725097656e+02 5.0000000000000000e+00
4405 1.6336805725097656e+02 6.2500000000000000e+00
4406 1.6336805725097656e+02 7.5000000000000000e+00
4407 1.6336805725097656e+02 8.7500000000000000e+00
4408 1.6336805725097656e+02 1.0000000000000000e+01
4409 1.6336805725097656e+02 1.1250000000000000e+01
4410 1.6336805725097656e+02 1.2500000000000000e+01
4411 1.6336805725097656e+02 1.3750000000000000e+01
4412 1.6336805725097656e+02 1.5000000000000000e+01
4413 1.6336805725097656e+02 1.6250000000000000e+01
4414 1.6336805725097656e+02 1.7500000000000000e+01
4415 1.6336805725097656e+02 1.8750000000000000e+01
4416 1.6336805725097656e+02 2.0000000000000000e+01
4417 1.6336805725097656e+02 2.1250000000000000e+01
4418 1.6336805725097656e+02 2.2500000000000000e+01
4419 1.6336805725097656e+02 2.3750000000000000e+01
4420 1.6336805725097656e+02 2.5000000000000000e+01
4421 1.6336805725097656e+02 2.6250000000000000e+01
4422 1.6336805725097656e+02 2.7500000000000000e+01
4423 1.6336805725097656e+02 2.8750000000000000e+01
4424 1.6336805725097656e+02 3.0000000000000000e+01
4425 1.6336805725097656e+02 3.1250000000000000e+01
4426 1.6336805725097656e+02 3.2500000000000000e+01
4427 1.6336805725097656e+02 3.3750000000000000e+01
4428 1.6336805725097656e+02 3.5000000000000000e+01
4429 1.6336805725097656e+02 3.6250000000000000e+01
4430 1.6336805725097656e+02 3.7500000000000000e+01
4431 1.6336805725097656e+02 3.8750000000000000e+01
4432 1.6336805725097656e+02 4.0000000000000000e+01
4433 1.6336805725097656e+02 4.1250000000000000e+01
4434 1.6336805725097656e+02 4.2500000000000000e+01
4435 1.6336805725097656e+02 4.3750000000000000e+01
4436 1.6336805725097656e+02 4.5000000000000000e+01
4437 1.6336805725097656e+02 4.6250000000000000e+01
4438 1.6336805725097656e+02 4.7500000000000000e+01
4439 1.6336805725097656e+02 4.8750000000000000e+01
4440 1.6336805725097656e+02 5.0000000000000000e+01
4441 1.6336805725097656e+02 5.1250000000000000e+01
4442 1.6336805725097656e+02 5.2500000000000000e+01
4443 1.6336805725097656e+02 5.3750000000000000e+01
4444 1.6336805725097656e+02 5.5000000000000000e+01
4445 1.6336805725097656e+02 5.6250000000000000e+01
4446 1.6336805725097656e+02 5.7500000000000000e+01
4447 1.6336805725097656e+02 5.8750000000000000e+01
4448 1.6336805725097656e+02 6.0000000000000000e+01
4449 1.6336805725097656e+02 6.1250000000000000e+01
4450 1.6336805725097656e+02 6.2500000000000000e+01
4451 1.6336805725097656e+02 6.3750000000000000e+01
4452 1.6336805725097656e+02 6.5000000000000000e+01
4453 1.6336805725097656e+02 6.6250000000000000e+01
4454 1.6336805725097656e+02 6.7500000000000000e+01
4455 1.6336805725097656e+02 6.8750000000000000e+01
4456 1.6336805725097656e+02 7.0000000000000000e+01
4457 1.6336805725097656e+02 7.1250000000000000e+01
4458 1.6336805725097656e+02 7.2500000000000000e+01
4459 1.6336805725097656e+02 7.3750000000000000e+01
4460 1.6336805725097656e+02 7.5000000000000000e+01
4461 1.6336805725097656e+02 7.6250000000000000e+01
4462 1.6336805725097656e+02 7.7500000000000000e+01
4463 1.6336805725097656e+02 7.8750000000000000e+01
4464 1.6336805725097656e+02 8.0000000000000000e+01
4465 1.6336805725097656e+02 8.1250000000000000e+01
4466 1.6336805725097656e+02 8.2500000000000000e+01
4467 1.6336805725097656e+02 8.3750000000000000e+01
4468 1.6336805725097656e+02 8.5000000000000000e+01
4469 1.6336805725097656e+02 8.6250000000000000e+01
4470 1.6336805725097656e+02 8.7500000000000000e+01
4471 1.6336805725097656e+02 8.8750000000000000e+01
4472 1.6336805725097656e+02 9.0000000000000000e+01
4473 1.6336805725097656e+02 9.1250000000000000e+01
4474 1.6336805725097656e+02 9.2500000000000000e+01
4475 1.6336805725097656e+02 9.3750000000000000e+01
4476 1.6336805725097656e+02 9.5000000000000000e+01
4477 1.6336805725097656e+02 9.6250000000000000e+01
4478 1.6336805725097656e+02 9.7500000000000000e+01
4479 1.6336805725097656e+02 9.8750000000000000e+01
4480 1.6215277099609375e+02 1.2500000000000000e+00
4481 1.6215277099609375e+02 2.5000000000000000e+00
4482 1.6215277099609375e+02 3.7500000000000000e+00
4483 1.6215277099609375e+02 5.0000000000000000e+00
4484 1.6215277099609375e+02 6.2500000000000000e+00
4485 1.6215277099609375e+02 7.5000000000000000e+00
4486 1.6215277099609375e+02 8.7500000000000000e+00
4487 1.6215277099609375e+02 1.0000000000000000e+01
4488 1.6215277099609375e+02 1.1250000000000000e+01
4489 1.6215277099609375e+02 1.2500000000000000e+01
4490 1.6215277099609375e+02 1.3750000000000000e+01
4491 1.6215277099609375e+02 1.5000000000000000e+01
4492 1.6215277099609375e+02 1.6250000000000000e+01
4493 1.6215277099609375e+02 1.7500000000000000e+01
4494 1.6215277099609375e+02 1.8750000000000000e+01
4495 1.6215277099609375e+02 2.0000000000000000e+01
4496 1.6215277099609375e+02 2.1250000000000000e+01
4497 1.6215277099609375e+02 2.2500000000000000e+01
4498 1.6215277099609375e+02 2.3750000000000000e+01
4499 1.6215277099609375e+02 2.5000000000000000e+01
4500 1.6215277099609375e+02 2.6250000000000000e+01
4501 1.6215277099609375e+02 2.7500000000000000e+01
4502 1.6215277099609375e+02 2.8750000000000000e+01
4503 1.6215277099609375e+02 3.0000000000000000e+01
4504 1.6215277099609375e+02 3.1250000000000000e+01
4505 1.6215277099609375e+02 3.2500000000000000e+01
4506 1.6215277099609375e+02 3.3750000000000000e+01
4507 1.6215277099609375e+02 3.5000000000000000e+01
4508 1.6215277099609375e+02 3.6250000000000000e+01
4509 1.6215277099609375e+02 3.7500000000000000e+01
4510 1.6215277099609375e+02 3.8750000000000000e+01
4511 1.6215277099609375e+02 4.0000000000000000e+01
4512 1.6215277099609375e+02 4.1250000000000000e+01
4513 1.6215277099609375e+02 4.2500000000000000e+01
4514 1.6215277099609375e+02 4.3750000000000000e+01
4515 1.6215277099609375e+02 4.5000000000000000e+01
4516 1.6215277099609375e+02 4.6250000000000000e+01
4517 1.6215277099609375e+02 4.7500000000000000e+01
4518 1.6215277099609375e+02 4.8750000000000000e+01
4519 1.6215277099609375e+02 5.0000000000000000e+01
4520 1.6215277099609375e+02 5.1250000000000000e+01
4521 1.6215277099609375e+02 5.2500000000000000e+01
4522 1.6215277099609375e+02 5.3750000000000000e+01
4523 1.6215277099609375e+02 5.5000000000000000e+01
4524 1.6215277099609375e+02 5.6250000000000000e+01
4525 1.6215277099609375e+02 5.7500000000000000e+01
4526 1.6215277099609375e+02 5.8750000000000000e+01
4527 1.6215277099609375e+02 6.0000000000000000e+01
4528 1.6215277099609375e+02 6.1250000000000000e+01
4529 1.6215277099609375e+02 6.2500000000000000e+01
4530 1.6215277099609375e+02 6.3750000000000000e+01
4531 1.6215277099609375e+02 6.5000000000000000e+01
4532 1.6215277099609375e+02 6.6250000000000000e+01
4533 1.6215277099609375e+02 6.7500000000000000e+01
4534 1.6215277099609375e+02 6.8750000000000000e+01
4535 1.6215277099609375e+02 7.0000000000000000e+01
4536 1.6215277099609375e+02 7.1250000000000000e+01
4537 1.6215277099609375e+02 7.2500000000000000e+01
4538 1.6215277099609375e+02 7.3750000000000000e+01
4539 1.6215277099609375e+02 7.5000000000000000e+01
4540 1.6215277099609375e+02 7.6250000000000000e+01
4541 1.6215277099609375e+02 7.7500000000000000e+01
4542 1.6215277099609375e+02 7.8750000000000000e+01
4543 1.6215277099609375e+02 8.0000000000000000e+01
4544 1.6215277099609375e+02 8.1250000000000000e+01
4545 1.6215277099609375e+02 8.2500000000000000e+01
4546 1.6215277099609375e+02 8.3750000000000000e+01
4547 1.6215277099609375e+02 8.5000000000000000e+01
4548 1.6215277099609375e+02 8.6250000000000000e+01
4549 1.6215277099609375e+02 8.7500000000000000e+01
4550 1.6215277099609375e+02 8.8750000000000000e+01
4551 1.6215277099609375e+02 9.0000000000000000e+01
4552 1.6215277099609375e+02 9.1250000000000000e+01
4553 1.6215277099609375e+02 9.2500000000000000e+01
4554 1.6215277099609375e+02 9.3750000000000000e+01
4555 1.6215277099609375e+02 9.5000000000000000e+01
4556 1.6215277099609375e+02 9.6250000000000000e+01
4557 1.6215277099609375e+02 9.7500000000000000e+01
4558 1.6215277099609375e+02 9.8750000000000000e+01
4559 1.6093750000000000e+02 1.2500000000000000e+00
4560 1.6093750000000000e+02 2.5000000000000000e+00
4561 1.6093750000000000e+02 3.7500000000000000e+00
4562 1.6093750000000000e+02 5.0000000000000000e+00
4563 1.6093750000000000e+02 6.2500000000000000e+00
4564 1.6093750000000000e+02 7.5000000000000000e+00
4565 1.6093750000000000e+02 8.7500000000000000e+00
4566 1.6093750000000000e+02 1.0000000000000000e+01
4567 1.6093750000000000e+02 1.1250000000000000e+01
4568 1.6093750000000000e+02 1.2500000000000000e+01
4569 1.6093750000000000e+02 1.3750000000000000e+01
4570 1.6093750000000000e+02 1.5000000000000000e+01
4571 1.6093750000000000e+02 1.6250000000000000e+01
4572 1.6093750000000000e+02 1.7500000000000000e+01
4573 1.6093750000000000e+02 1.8750000000000000e+01
4574 1.6093750000000000e+02 2.0000000000000000e+01
4575 1.6093750000000000e+02 2.1250000000000000e+01
4576 1.6093750000000000e+02 2.2500000000000000e+01
4577 1.6093750000000000e+02 2.3750000000000000e+01
4578 1.6093750000000000e+02 2.5000000000000000e+01
4579 1.6093750000000000e+02 2.6250000000000000e+01
4580 1.6093750000000000e+02 2.7500000000000000e+01
4581 1.6093750000000000e+02 2.8750000000000000e+01
4582 1.6093750000000000e+02 3.0000000000000000e+01
4583 1.6093750000000000e+02 3.1250000000000000e+01
4584 1.6093750000000000e+02 3.2500000000000000e+01
4585 1.6093750000000000e+02 3.3750000000000000e+01
4586 1.6093750000000000e+02 3.5000000000000000e+01
4587 1.6093750000000000e+02 3.6250000000000000e+01
4588 1.6093750000000000e+02 3.7500000000000000e+01
4589 1.6093750000000000e+02 3.8750000000000000e+01
4590 1.6093750000000000e+02 4.0000000000000000e+01
4591 1.6093750000000000e+02 4.1250000000000000e+01
4592 1.6093750000000000e+02 4.2500000000000000e+01
4593 1.6093750000000000e+02 4.3750000000000000e+01
4594 1.6093750000000000e+02 4.5000000000000000e+01
4595 1.6093750000000000e+02 4.6250000000000000e+01
4596 1.6093750000000000e+02 4.7500000000000000e+01
4597 1.6093750000000000e+02 4.8750000000000000e+01
4598 1.6093750000000000e+02 5.0000000000000000e+01
4599 1.6093750000000000e+02 5.1250000000000000e+01
4600 1.6093750000000000e+02 5.2500000000000000e+01
4601 1.6093750000000000e+02 5.3750000000000000e+01
4602 1.6093750000000000e+02 5.5000000000000000e+01
4603 1.6093750000000000e+02 5.6250000000000000e+01
4604 1.6093750000000000e+02 5.7500000000000000e+01
4605 1.6093750000000000e+02 5.8750000000000000e+01
4606 1.6093750000000000e+02 6.0000000000000000e+01
4607 1.6093750000000000e+02 6.1250000000000000e+01
4608 1.6093750000000000e+02 6.2500000000000000e+01
4609 1.6093750000000000e+02 6.3750000000000000e+01
4610 1.6093750000000000e+02 6.5000000000000000e+01
4611 1.6093750000000000e+02 6.6250000000000000e+01
4612 1.6093750000000000e+02 6.7500000000000000e+01
4613 1.6093750000000000e+02 6.8750000000000000e+01
4614 1.6093750000000000e+02 7.0000000000000000e+01
4615 1.6093750000000000e+02 7.1250000000000000e+01
4616 1.6093750000000000e+02 7.2500000000000000e+01
4617 1.6093750000000000e+02 7.3750000000000000e+01
4618 1.6093750000000000e+02 7.5000000000000000e+01
4619 1.6093750000000000e+02 7.6250000000000000e+01
4620 1.6093750000000000e+02 7.7500000000000000e+01
4621 1.6093750000000000e+02 7.8750000000000000e+01
4622 1.6093750000000000e+02 8.0000000000000000e+01
4623 1.6093750000000000e+02 8.1250000000000000e+01
4624 1.6093750000000000e+02 8.2500000000000000e+01
4625 1.6093750000000000e+02 8.3750000000000000e+01
4626 1.6093750000000000e+02 8.5000000000000000e+01
4627 1.6093750000000000e+02 8.6250000000000000e+01
4628 1.6093750000000000e+02 8.7500000000000000e+01
4629 1.6093750000000000e+02 8.8750000000000000e+01
4630 1.6093750000000000e+02 9.0000000000000000e+01
4631 1.6093750000000000e+02 9.1250000000000000e+01
4632 1.6093750000000000e+02 9.2500000000000000e+01
4633 1.6093750000000000e+02 9.3750000000000000e+01
4634 1.6093750000000000e+02 9.5000000000000000e+01
4635 1.6093750000000000e+02 9.6250000000000000e+01
4636 1.6093750000000000e+02 9.7500000000000000e+01
4637 1.6093750000000000e+02 9.8750000000000000e+01
4638 1.5972222900390625e+02 1.2500000000000000e+00
4639 1.5972222900390625e+02 2.5000000000000000e+00
4640 1.5972222900390625e+02 3.7500000000000000e+00
4641 1.5972222900390625e+02 5.0000000000000000e+00
4642 1.5972222900390625e+02 6.2500000000000000e+00
4643 1.5972222900390625e+02 7.5000000000000000e+00
4644 1.5972222900390625e+02 8.7500000000000000e+00
4645 1.5972222900390625e+02 1.0000000000000000e+01
4646 1.5972222900390625e+02 1.1250000000000000e+01
4647 1.5972222900390625e+02 1.2500000000000000e+01
4648 1.5972222900390625e+02 1.3750000000000000e+01
4649 1.5972222900390625e+02 1.5000000000000000e+01
4650 1.5972222900390625e+02 1.6250000000000000e+01
4651 1.5972222900390625e+02 1.7500000000000000e+01
4652 1.5972222900390625e+02 1.8750000000000000e+01
4653 1.5972222900390625e+02 2.0000000000000000e+01
4654 1.5972222900390625e+02 2.1250000000000000e+01
4655 1.5972222900390625e+02 2.2500000000000000e+01
4656 1.5972222900390625e+02 2.3750000000000000e+01
4657 1.5972222900390625e+02 2.5000000000000000e+01
4658 1.5972222900390625e+02 2.6250000000000000e+01
4659 1.5972222900390625e+02 2.7500000000000000e+01
4660 1.5972222900390625e+02 2.8750000000000000e+01
4661 1.5972222900390625e+02 3.0000000000000000e+01
4662 1.5972222900390625e+02 3.1250000000000000e+01
4663 1.5972222900390625e+02 3.2500000000000000e+01
4664 1.5972222900390625e+02 3.3750000000000000e+01
4665 1.5972222900390625e+02 3.5000000000000000e+01
4666 1.5972222900390625e+02 3.6250000000000000e+01
4667 1.5972222900390625e+02 3.7500000000000000e+01
4668 1.5972222900390625e+02 3.8750000000000000e+01
4669 1.5972222900390625e+02 4.0000000000000000e+01
4670 1.5972222900390625e+02 4.1250000000000000e+01
4671 1.5972222900390625e+02 4.2500000000000000e+01
4672 1.5972222900390625e+02 4.3750000000000000e+01
4673 1.5972222900390625e+02 4.5000000000000000e+01
4674 1.5972222900390625e+02 4.6250000000000000e+01
4675 1.5972222900390625e+02 4.7500000000000000e+01
4676 1.5972222900390625e+02 4.8750000000000000e+01
4677 1.5972222900390625e+02 5.0000000000000000e+01
4678 1.5972222900390625e+02 5.1250000000000000e+01
4679 1.5972222900390625e+02 5.2500000000000000e+01
4680 1.5972222900390625e+02 5.3750000000000000e+01
4681 1.5972222900390625e+02 5.5000000000000000e+01
4682 1.5972222900390625e+02 5.6250000000000000e+01
4683 1.5972222900390625e+02 5.7500000000000000e+01
4684 1.5972222900390625e+02 5.8750000000000000e+01
4685 1.5972222900390625e+02 6.0000000000000000e+01
4686 1.5972222900390625e+02 6.1250000000000000e+01
4687 1.5972222900390625e+02 6.2500000000000000e+01
4688 1.5972222900390625e+02 6.3750000000000000e+01
4689 1.5972222900390625e+02 6.5000000000000000e+01
4690 1.5972222900390625e+02 6.6250000000000000e+01
4691 1.5972222900390625e+02 6.7500000000000000e+01
4692 1.5972222900390625e+02 6.8750000000000000e+01
4693 1.5972222900390625e+02 7.0000000000000000e+01
4694 1.5972222900390625e+02 7.1250000000000000e+01
4695 1.5972222900390625e+02 7.2500000000000000e+01
4696 1.5972222900390625e+02 7.3750000000000000e+01
4697 1.5972222900390625e+02 7.5000000000000000e+01
4698 1.5972222900390625e+02 7.6250000000000000e+01
4699 1.5972222900390625e+02 7.7500000000000000e+01
4700 1.5972222900390625e+02 7.8750000000000000e+01
4701 1.5972222900390625e+02 8.0000000000000000e+01
4702 1.5972222900390625e+02 8.1250000000000000e+01
4703 1.5972222900390625e+02 8.2500000000000000e+01
4704 1.5972222900390625e+02 8.3750000000000000e+01
4705 1.5972222900390625e+02 8.5000000000000000e+01
4706 1.5972222900390625e+02 8.6250000000000000e+01
4707 1.5972222900390625e+02 8.7500000000000000e+01
4708 1.5972222900390625e+02 8.8750000000000000e+01
4709 1.5972222900390625e+02 9.0000000000000000e+01
4710 1.5972222900390625e+02 9.1250000000000000e+01
4711 1.5972222900390625e+02 9.2500000000000000e+01
4712 1.5972222900390625e+02 9.3750000000000000e+01
4713 1.5972222900390625e+02 9.5000000000000000e+01
4714 1.5972222900390625e+02 9.6250000000000000e+01
4715 1.5972222900390625e+02 9.7500000000000000e+01
4716 1.5972222900390625e+02 9.8750000000000000e+01
4717 1.5850694274902344e+02 1.2500000000000000e+00
4718 1.5850694274902344e+02 2.5000000000000000e+00
4719 1.5850694274902344e+02 3.7500000000000000e+00
4720 1.5850694274902344e+02 5.0000000000000000e+00
4721 1.5850694274902344e+02 6.2500000000000000e+00
4722 1.5850694274902344e+02 7.5000000000000000e+00
4723 1.5850694274902344e+02 8.7500000000000000e+00
4724 1.5850694274902344e+02 1.0000000000000000e+01
4725 1.5850694274902344e+02 1.1250000000000000e+01
4726 1.5850694274902344e+02 1.2500000000000000e+01
4727 1.5850694274902344e+02 1.3750000000000000e+01
4728 1.5850694274902344e+02 1.5000000000000000e+01
4729 1.5850694274902344e+02 1.6250000000000000e+01
4730 1.5850694274902344e+02 1.7500000000000000e+01
4731 1.5850694274902344e+02 1.8750000000000000e+01
4732 1.5850694274902344e+02 2.0000000000000000e+01
4733 1.5850694274902344e+02 2.1250000000000000e+01
4734 1.5850694274902344e+02 2.2500000000000000e+01
4735 1.5850694274902344e+02 2.3750000000000000e+01
4736 1.5850694274902344e+02 2.5000000000000000e+01
4737 1.5850694274902344e+02 2.6250000000000000e+01
4738 1.5850694274902344e+02 2.7500000000000000e+01
4739 1.5850694274902344e+02 2.8750000000000000e+01
4740 1.5850694274902344e+02 3.0000000000000000e+01
4741 1.5850694274902344e+02 3.1250000000000000e+01
4742 1.5850694274902344e+02 3.2500000000000000e+01
4743 1.5850694274902344e+02 3.3750000000000000e+01
4744 1.5850694274902344e+02 3.5000000000000000e+01
4745 1.5850694274902344e+02 3.6250000000000000e+01
4746 1.5850694274902344e+02 3.7500000000000000e+01
4747 1.5850694274902344e+02 3.8750000000000000e+01
4748 1.5850694274902344e+02 4.0000000000000000e+01
4749 1.5850694274902344e+02 4.1250000000000000e+01
4750 1.5850694274902344e+02 4.2500000000000000e+01
4751 1.5850694274902344e+02 4.3750000000000000e+01
4752 1.5850694274902344e+02 4.5000000000000000e+01
4753 1.5850694274902344e+02 4.6250000000000000e+01
4754 1.5850694274902344e+02 4.7500000000000000e+01
4755 1.5850694274902344e+02 4.8750000000000000e+01
4756 1.5850694274902344e+02 5.0000000000000000e+01
4757 1.5850694274902344e+02 5.1250000000000000e+01
4758 1.5850694274902344e+02 5.2500000000000000e+01
4759 1.5850694274902344e+02 5.3750000000000000e+01
4760 1.5850694274902344e+02 5.5000000000000000e+01
4761 1.5850694274902344e+02 5.6250000000000000e+01
4762 1.5850694274902344e+02 5.7500000000000000e+01
4763 1.5850694274902344e+02 5.8750000000000000e+01
4764 1.5850694274902344e+02 6.0000000000000000e+01
4765 1.5850694274902344e+02 6.1250000000000000e+01
4766 1.5850694274902344e+02 6.2500000000000000e+01
4767 1.5850694274902344e+02 6.3750000000000000e+01
4768 1.5850694274902344e+02 6.5000000000000000e+01
4769 1.5850694274902344e+02 6.6250000000000000e+01
4770 1.5850694274902344e+02 6.7500000000000000e+01
4771 1.5850694274902344e+02 6.8750000000000000e+01
4772 1.5850694274902344e+02 7.0000000000000000e+01
4773 1.5850694274902344e+02 7.1250000000000000e+01
4774 1.5850694274902344e+02 7.2500000000000000e+01
4775 1.5850694274902344e+02 7.3750000000000000e+01
4776 1.5850694274902344e+02 7.5000000000000000e+01
4777 1.5850694274902344e+02 7.6250000000000000e+01
4778 1.5850694274902344e+02 7.7500000000000000e+01
4779 1.5850694274902344e+02 7.8750000000000000e+01
4780 1.5850694274902344e+02 8.0000000000000000e+01
4781 1.5850694274902344e+02 8.1250000000000000e+01
4782 1.5850694274902344e+02 8.2500000000000000e+01
4783 1.5850694274902344e+02 8.3750000000000000e+01
4784 1.5850694274902344e+02 8.5000000000000000e+01
4785 1.5850694274902344e+02 8.6250000000000000e+01
4786 1.5850694274902344e+02 8.7500000000000000e+01
4787 1.5850694274902344e+02 8.8750000000000000e+01
4788 1.5850694274902344e+02 9.0000000000000000e+01
4789 1.5850694274902344e+02 9.1250000000000000e+01
4790 1.5850694274902344e+02 9.2500000000000000e+01
4791 1.5850694274902344e+02 9.3750000000000000e+01
4792 1.5850694274902344e+02 9.5000000000000000e+01
4793 1.5850694274902344e+02 9.6250000000000000e+01
4794 1.5850694274902344e+02 9.7500000000000000e+01
4795 1.5850694274902344e+02 9.8750000000000000e+01
4796 1.5729167175292969e+02 1.2500000000000000e+00
4797 1.5729167175292969e+02 2.5000000000000000e+00
4798 1.5729167175292969e+02 3.7500000000000000e+00
4799 1.5729167175292969e+02 5.0000000000000000e+00
4800 1.5729167175292969e+02 6.2500000000000000e+00
4801 1.5729167175292969e+02 7.5000000000000000e+00
4802 1.5729167175292969e+02 8.7500000000000000e+00
4803 1.5729167175292969e+02 1.0000000000000000e+01
4804 1.5729167175292969e+02 1.1250000000000000e+01
4805 1.5729167175292969e+02 1.2500000000000000e+01
4806 1.5729167175292969e+02 1.3750000000000000e+01
4807 1.5729167175292969e+02 1.5000000000000000e+01
4808 1.5729167175292969e+02 1.6250000000000000e+01
4809 1.5729167175292969e+02 1.7500000000000000e+01
4810 1.5729167175292969e+02 1.8750000000000000e+01
4811 1.5729167175292969e+02 2.0000000000000000e+01
4812 1.5729167175292969e+02 2.1250000000000000e+01
4813 1.5729167175292969e+02 2.2500000000000000e+01
4814 1.5729167175292969e+02 2.3750000000000000e+01
4815 1.5729167175292969e+02 2.5000000000000000e+01
4816 1.5729167175292969e+02 2.6250000000000000e+01
4817 1.5729167175292969e+02 2.7500000000000000e+01
4818 1.5729167175292969e+02 2.8750000000000000e+01
4819 1.5729167175292969e+02 3.0000000000000000e+01
4820 1.5729167175292969e+02 3.1250000000000000e+01
4821 1.5729167175292969e+02 3.2500000000000000e+01
4822 1.5729167175292969e+02 3.3750000000000000e+01
4823 1.5729167175292969e+02 3.5000000000000000e+01
4824 1.5729167175292969e+02 3.6250000000000000e+01
4825 1.5729167175292969e+02 3.7500000000000000e+01
4826 1.5729167175292969e+02 3.8750000000000000e+01
4827 1.5729167175292969e+02 4.0000000000000000e+01
4828 1.5729167175292969e+02 4.1250000000000000e+01
4829 1.5729167175292969e+02 4.2500000000000000e+01
4830 1.5729167175292969e+02 4.3750000000000000e+01
4831 1.5729167175292969e+02 4.5000000000000000e+01
4832 1.5729167175292969e+02 4.6250000000000000e+01
4833 1.5729167175292969e+02 4.7500000000000000e+01
4834 1.5729167175292969e+02 4.8750000000000000e+01
4835 1.5729167175292969e+02 5.0000000000000000e+01
4836 1.5729167175292969e+02 5.1250000000000000e+01
4837 1.5729167175292969e+02 5.2500000000000000e+01
4838 1.5729167175292969e+02 5.3750000000000000e+01
4839 1.5729167175292969e+02 5.5000000000000000e+01
4840 1.5729167175292969e+02 5.6250000000000000e+01
4841 1.5729167175292969e+02 5.7500000000000000e+01
4842 1.5729167175292969e+02 5.8750000000000000e+01
4843 1.5729167175292969e+02 6.0000000000000000e+01
4844 1.5729167175292969e+02 6.1250000000000000e+01
4845 1.5729167175292969e+02 6.2500000000000000e+01
4846 1.5729167175292969e+02 6.3750000000000000e+01
4847 1.5729167175292969e+02 6.5000000000000000e+01
4848 1.5729167175292969e+02 6.6250000000000000e+01
4849 1.5729167175292969e+02 6.7500000000000000e+01
4850 1.5729167175292969e+02 6.8750000000000000e+01
4851 1.5729167175292969e+02 7.0000000000000000e+01
4852 1.5729167175292969e+02 7.1250000000000000e+01
4853 1.5729167175292969e+02 7.2500000000000000e+01
4854 1.5729167175292969e+02 7.3750000000000000e+01
4855 1.5729167175292969e+02 7.5000000000000000e+01
4856 1.5729167175292969e+02 7.6250000000000000e+01
4857 1.5729167175292969e+02 7.7500000000000000e+01
4858 1.5729167175292969e+02 7.8750000000000000e+01
4859 1.5729167175292969e+02 8.0000000000000000e+01
4860 1.5729167175292969e+02 8.1250000000000000e+01
4861 1.5729167175292969e+02 8.2500000000000000e+01
4862 1.5729167175292969e+02 8.3750000000000000e+01
4863 1.5729167175292969e+02 8.5000000000000000e+01
4864 1.5729167175292969e+02 8.6250000000000000e+01
4865 1.5729167175292969e+02 8.7500000000000000e+01
4866 1.5729167175292969e+02 8.8750000000000000e+01
4867 1.5729167175292969e+02 9.0000000000000000e+01
4868 1.5729167175292969e+02 9.1250000000000000e+01
4869 1.5729167175292969e+02 9.2500000000000000e+01
4870 1.5729167175292969e+02 9.3750000000000000e+01
4871 1.5729167175292969e+02 9.5000000000000000e+01
4872 1.5729167175292969e+02 9.6250000000000000e+01
4873 1.5729167175292969e+02 9.7500000000000000e+01
4874 1.5729167175292969e+02 9.8750000000000000e+01
4875 1.5607638549804688e+02 1.2500000000000000e+00
4876 1.5607638549804688e+02 2.5000000000000000e+00
4877 1.5607638549804688e+02 3.7500000000000000e+00
4878 1.5607638549804688e+02 5.0000000000000000e+00
4879 1.5607638549804688e+02 6.2500000000000000e+00
4880 1.5607638549804688e+02 7.5000000000000000e+00
4881 1.5607638549804688e+02 8.7500000000000000e+00
4882 1.5607638549804688e+02 1.0000000000000000e+01
4883 1.5607638549804688e+02 1.1250000000000000e+01
4884 1.5607638549804688e+02 1.2500000000000000e+01
4885 1.5607638549804688e+02 1.3750000000000000e+01
4886 1.5607638549804688e+02 1.5000000000000000e+01
4887 1.5607638549804688e+02 1.6250000000000000e+01
4888 1.5607638549804688e+02 1.7500000000000000e+01
4889 1.5607638549804688e+02 1.8750000000000000e+01
4890 1.5607638549804688e+02 2.0000000000000000e+01
4891 1.5607638549804688e+02 2.1250000000000000e+01
4892 1.5607638549804688e+02 2.2500000000000000e+01
4893 1.5607638549804688e+02 2.3750000000000000e+01
4894 1.5607638549804688e+02 2.5000000000000000e+01
4895 1.5607638549804688e+02 2.6250000000000000e+01
4896 1.5607638549804688e+02 2.7500000000000000e+01
4897 1.5607638549804688e+02 2.8750000000000000e+01
4898 1.5607638549804688e+02 3.0000000000000000e+01
4899 1.5607638549804688e+02 3.1250000000000000e+01
4900 1.5607638549804688e+02 3.2500000000000000e+01
4901 1.5607638549804688e+02 3.3750000000000000e+01
4902 1.5607638549804688e+02 3.5000000000000000e+01
4903 1.5607638549804688e+02 3.6250000000000000e+01
4904 1.5607638549804688e+02 3.7500000000000000e+01
4905 1.5607638549804688e+02 3.8750000000000000e+01
4906 1.5607638549804688e+02 4.0000000000000000e+01
4907 1.5607638549804688e+02 4.1250000000000000e+01
4908 1.5607638549804688e+02 4.2500000000000000e+01
4909 1.5607638549804688e+02 4.3750000000000000e+01
4910 1.5607638549804688e+02 4.5000000000000000e+01
4911 1.5607638549804688e+02 4.6250000000000000e+01
4912 1.5607638549804688e+02 4.7500000000000000e+01
4913 1.5607638549804688e+02 4.8750000000000000e+01
4914 1.5607638549804688e+02 5.0000000000000000e+01
4915 1.5607638549804688e+02 5.1250000000000000e+01
4916 1.5607638549804688e+02 5.2500000000000000e+01
4917 1.5607638549804688e+02 5.3750000000000000e+01
4918 1.5607638549804688e+02 5.5000000000000000e+01
4919 1.5607638549804688e+02 5.6250000000000000e+01
4920 1.5607638549804688e+02 5.7500000000000000e+01
4921 1.5607638549804688e+02 5.8750000000000000e+01
4922 1.5607638549804688e+02 6.0000000000000000e+01
4923 1.5607638549804688e+02 6.1250000000000000e+01
4924 1.5607638549804688e+02 6.2500000000000000e+01
4925 1.5607638549804688e+02 6.3750000000000000e+01
4926 1.5607638549804688e+02 6.5000000000000000e+01
4927 1.5607638549804688e+02 6.6250000000000000e+01
4928 1.5607638549804688e+02 6.7500000000000000e+01
4929 1.5607638549804688e+02 6.8750000000000000e+01
4930 1.5607638549804688e+02 7.0000000000000000e+01
4931 1.5607638549804688e+02 7.1250000000000000e+01
4932 1.5607638549804688e+02 7.2500000000000000e+01
4933 1.5607638549804688e+02 7.3750000000000000e+01
4934 1.5607638549804688e+02 7.5000000000000000e+01
4935 1.5607638549804688e+02 7.6250000000000000e+01
4936 1.5607638549804688e+02 7.7500000000000000e+01
4937 1.5607638549804688e+02 7.8750000000000000e+01
4938 1.5607638549804688e+02 8.0000000000000000e+01
4939 1.5607638549804688e+02 8.1250000000000000e+01
4940 1.5607638549804688e+02 8.2500000000000000e+01
4941 1.5607638549804688e+02 8.3750000000000000e+01
4942 1.5607638549804688e+02 8.5000000000000000e+01
4943 1.5607638549804688e+02 8.6250000000000000e+01
4944 1.5607638549804688e+02 8.7500000000000000e+01
4945 1.5607638549804688e+02 8.8750000000000000e+01
4946 1.5607638549804688e+02 9.0000000000000000e+01
4947 1.5607638549804688e+02 9.1250000000000000e+01
4948 1.5607638549804688e+02 9.2500000000000000e+01
4949 1.5607638549804688e+02 9.3750000000000000e+01
4950 1.5607638549804688e+02 9.5000000000000000e+01
4951 1.5607638549804688e+02 9.6250000000000000e+01
4952 1.5607638549804688e+02 9.7500000000000000e+01
4953 1.5607638549804688e+02 9.8750000000000000e+01
4954 1.5486111450195312e+02 1.2500000000000000e+00
4955 1.5486111450195312e+02 2.5000000000000000e+00
4956 1.5486111450195312e+02 3.7500000000000000e+00
4957 1.5486111450195312e+02 5.0000000000000000e+00
4958 1.5486111450195312e+02 6.2500000000000000e+00
4959 1.5486111450195312e+02 7.5000000000000000e+00
4960 1.5486111450195312e+02 8.7500000000000000e+00
4961 1.5486111450195312e+02 1.0000000000000000e+01
4962 1.5486111450195312e+02 1.1250000000000000e+01
4963 1.5486111450195312e+02 1.2500000000000000e+01
4964 1.5486111450195312e+02 1.3750000000000000e+01
4965 1.5486111450195312e+02 1.5000000000000000e+01
4966 1.5486111450195312e+02 1.6250000000000000e+01
4967 1.5486111450195312e+02 1.7500000000000000e+01
4968 1.5486111450195312e+02 1.8750000000000000e+01
4969 1.5486111450195312e+02 2.0000000000000000e+01
4970 1.5486111450195312e+02 2.1250000000000000e+01
4971 1.5486111450195312e+02 2.2500000000000000e+01
4972 1.5486111450195312e+02 2.3750000000000000e+01
4973 1.5486111450195312e+02 2.5000000000000000e+01
4974 1.5486111450195312e+02 2.6250000000000000e+01
4975 1.5486111450195312e+02 2.7500000000000000e+01
4976 1.5486111450195312e+02 2.8750000000000000e+01
4977 1.5486111450195312e+02 3.0000000000000000e+01
4978 1.5486111450195312e+02 3.1250000000000000e+01
4979 1.5486111450195312e+02 3.2500000000000000e+01
4980 1.5486111450195312e+02 3.3750000000000000e+01
4981 1.5486111450195312e+02 3.5000000000000000e+01
4982 1.5486111450195312e+02 3.6250000000000000e+01
4983 1.5486111450195312e+02 3.7500000000000000e+01
4984 1.5486111450195312e+02 3.8750000000000000e+01
4985 1.5486111450195312e+02 4.0000000000000000e+01
4986 1.5486111450195312e+02 4.1250000000000000e+01
4987 1.5486111450195312e+02 4.2500000000000000e+01
4988 1.5486111450195312e+02 4.3750000000000000e+01
4989 1.5486111450195312e+02 4.5000000000000000e+01
4990 1.5486111450195312e+02 4.6250000000000000e+01
4991 1.5486111450195312e+02 4.7500000000000000e+01
4992 1.5486111450195312e+02 4.8750000000000000e+01
4993 1.5486111450195312e+02 5.0000000000000000e+01
4994 1.5486111450195312e+02 5.1250000000000000e+01
4995 1.5486111450195312e+02 5.2500000000000000e+01
4996 1.5486111450195312e+02 5.3750000000000000e+01
4997 1.5486111450195312e+02 5.5000000000000000e+01
4998 1.5486111450195312e+02 5.6250000000000000e+01
4999 1.5486111450195312e+02 5.7500000000000000e+01
5000 1.5486111450195312e+02 5.8750000000000000e+01
5001 1.5486111450195312e+02 6.0000000000000000e+01
5002 1.5486111450195312e+02 6.1250000000000000e+01
5003 1.5486111450195312e+02 6.2500000000000000e+01
5004 1.5486111450195312e+02 6.3750000000000000e+01
5005 1.5486111450195312e+02 6.5000000000000000e+01
5006 1.5486111450195312e+02 6.6250000000000000e+01
5007 1.5486111450195312e+02 6.7500000000000000e+01
5008 1.5486111450195312e+02 6.8750000000000000e+01
5009 1.5486111450195312e+02 7.0000000000000000e+01
5010 1.5486111450195312e+02 7.1250000000000000e+01
5011 1.5486111450195312e+02 7.2500000000000000e+01
5012 1.5486111450195312e+02 7.3750000000000000e+01
5013 1.5486111450195312e+02 7.5000000000000000e+01
5014 1.5486111450195312e+02 7.6250000000000000e+01
5015 1.5486111450195312e+02 7.7500000000000000e+01
5016 1.5486111450195312e+02 7.8750000000000000e+01
5017 1.5486111450195312e+02 8.0000000000000000e+01
5018 1.5486111450195312e+02 8.1250000000000000e+01
5019 1.5486111450195312e+02 8.2500000000000000e+01
5020 1.5486111450195312e+02 8.3750000000000000e+01
5021 1.5486111450195312e+02 8.5000000000000000e+01
5022 1.5486111450195312e+02 8.6250000000000000e+01
5023 1.5486111450195312e+02 8.7500000000000000e+01
5024 1.5486111450195312e+02 8.8750000000000000e+01
5025 1.5486111450195312e+02 9.0000000000000000e+01
5026 1.5486111450195312e+02 9.1250000000000000e+01
5027 1.5486111450195312e+02 9.2500000000000000e+01
5028 1.5486111450195312e+02 9.3750000000000000e+01
5029 1.5486111450195312e+02 9.5000000000000000e+01
5030 1.5486111450195312e+02 9.6250000000000000e+01
5031 1.5486111450195312e+02 9.7500000000000000e+01
5032 1.5486111450195312e+02 9.8750000000000000e+01
5033 1.5364582824707031e+02 1.2500000000000000e+00
5034 1.5364582824707031e+02 2.5000000000000000e+00
5035 1.5364582824707031e+02 3.7500000000000000e+00
5036 1.5364582824707031e+02 5.0000000000000000e+00
5037 1.5364582824707031e+02 6.2500000000000000e+00
5038 1.5364582824707031e+02 7.5000000000000000e+00
5039 1.5364582824707031e+02 8.7500000000000000e+00
5040 1.5364582824707031e+02 1.0000000000000000e+01
5041 1.5364582824707031e+02 1.1250000000000000e+01
5042 1.5364582824707031e+02 1.2500000000000000e+01
5043 1.5364582824707031e+02 1.3750000000000000e+01
5044 1.5364582824707031e+02 1.5000000000000000e+01
5045 1.5364582824707031e+02 1.6250000000000000e+01
5046 1.5364582824707031e+02 1.7500000000000000e+01
5047 1.5364582824707031e+02 1.8750000000000000e+01
5048 1.5364582824707031e+02 2.0000000000000000e+01
5049 1.5364582824707031e+02 2.1250000000000000e+01
5050 1.5364582824707031e+02 2.2500000000000000e+01
5051 1.5364582824707031e+02 2.3750000000000000e+01
5052 1.5364582824707031e+02 2.5000000000000000e+01
5053 1.5364582824707031e+02 2.6250000000000000e+01
5054 1.5364582824707031e+02 2.7500000000000000e+01
5055 1.5364582824707031e+02 2.8750000000000000e+01
5056 1.5364582824707031e+02 3.0000000000000000e+01
5057 1.5364582824707031e+02 3.1250000000000000e+01
5058 1.5364582824707031e+02 3.2500000000000000e+01
5059 1.5364582824707031e+02 3.3750000000000000e+01
5060 1.5364582824707031e+02 3.5000000000000000e+01
5061 1.5364582824707031e+02 3.6250000000000000e+01
5062 1.5364582824707031e+02 3.7500000000000000e+01
5063 1.5364582824707031e+02 3.8750000000000000e+01
5064 1.5364582824707031e+02 4.0000000000000000e+01
5065 1.5364582824707031e+02 4.1250000000000000e+01
5066 1.5364582824707031e+02 4.2500000000000000e+01
5067 1.5364582824707031e+02 4.3750000000000000e+01
5068 1.5364582824707031e+02 4.5000000000000000e+01
5069 1.5364582824707031e+02 4.6250000000000000e+01
5070 1.5364582824707031e+02 4.7500000000000000e+01
5071 1.5364582824707031e+02 4.8750000000000000e+01
5072 1.5364582824707031e+02 5.0000000000000000e+01
5073 1.5364582824707031e+02 5.1250000000000000e+01
5074 1.5364582824707031e+02 5.2500000000000000e+01
5075 1.5364582824707031e+02 5.3750000000000000e+01
5076 1.5364582824707031e+02 5.5000000000000000e+01
5077 1.5364582824707031e+02 5.6250000000000000e+01
5078 1.5364582824707031e+02 5.7500000000000000e+01
5079 1.5364582824707031e+02 5.8750000000000000e+01
5080 1.5364582824707031e+02 6.0000000000000000e+01
5081 1.5364582824707031e+02 6.1250000000000000e+01
5082 1.5364582824707031e+02 6.2500000000000000e+01
5083 1.5364582824707031e+02 6.3750000000000000e+01
5084 1.5364582824707031e+02 6.5000000000000000e+01
5085 1.5364582824707031e+02 6.6250000000000000e+01
5086 1.5364582824707031e+02 6.7500000000000000e+01
5087 1.5364582824707031e+02 6.8750000000000000e+01
5088 1.5364582824707031e+02 7.0000000000000000e+01
5089 1.5364582824707031e+02 7.1250000000000000e+01
5090 1.5364582824707031e+02 7.2500000000000000e+01
5091 1.5364582824707031e+02 7.3750000000000000e+01
5092 1.5364582824707031e+02 7.5000000000000000e+01
5093 1.5364582824707031e+02 7.6250000000000000e+01
5094 1.5364582824707031e+02 7.7500000000000000e+01
5095 1.5364582824707031e+02 7.8750000000000000e+01
5096 1.5364582824707031e+02 8.0000000000000000e+01
5097 1.5364582824707031e+02 8.1250000000000000e+01
5098 1.5364582824707031e+02 8.2500000000000000e+01
5099 1.5364582824707031e+02 8.3750000000000000e+01
5100 1.5364582824707031e+02 8.5000000000000000e+01
5101 1.5364582824707031e+02 8.6250000000000000e+01
5102 1.5364582824707031e+02 8.7500000000000000e+01
5103 1.5364582824707031e+02 8.8750000000000000e+01
5104 1.5364582824707031e+02 9.0000000000000000e+01
5105 1.5364582824707031e+02 9.1250000000000000e+01
5106 1.5364582824707031e+02 9.2500000000000000e+01
5107 1.5364582824707031e+02 9.3750000000000000e+01
5108 1.5364582824707031e+02 9.5000000000000000e+01
5109 1.5364582824707031e+02 9.6250000000000000e+01
5110 1.5364582824707031e+02 9.7500000000000000e+01
5111 1.5364582824707031e+02 9.8750000000000000e+01
5112 1.5243055725097656e+02 1.2500000000000000e+00
5113 1.5243055725097656e+02 2.5000000000000000e+00
5114 1.5243055725097656e+02 3.7500000000000000e+00
5115 1.5243055725097656e+02 5.0000000000000000e+00
5116 1.5243055725097656e+02 6.2500000000000000e+00
5117 1.5243055725097656e+02 7.5000000000000000e+00
5118 1.5243055725097656e+02 8.7500000000000000e+00
5119 1.5243055725097656e+02 1.0000000000000000e+01
5120 1.5243055725097656e+02 1.1250000000000000e+01
5121 1.5243055725097656e+02 1.2500000000000000e+01
5122 1.5243055725097656e+02 1.3750000000000000e+01
5123 1.5243055725097656e+02 1.5000000000000000e+01
5124 1.5243055725097656e+02 1.6250000000000000e+01
5125 1.5243055725097656e+02 1.7500000000000000e+01
5126 1.5243055725097656e+02 1.8750000000000000e+01
5127 1.5243055725097656e+02 2.0000000000000000e+01
5128 1.5243055725097656e+02 2.1250000000000000e+01
5129 1.5243055725097656e+02 2.2500000000000000e+01
5130 1.5243055725097656e+02 2.3750000000000000e+01
5131 1.5243055725097656e+02 2.5000000000000000e+01
5132 1.5243055725097656e+02 2.6250000000000000e+01
5133 1.5243055725097656e+02 2.7500000000000000e+01
5134 1.5243055725097656e+02 2.8750000000000000e+01
5135 1.5243055725097656e+02 3.0000000000000000e+01
5136 1.5243055725097656e+02 3.1250000000000000e+01
5137 1.5243055725097656e+02 3.2500000000000000e+01
5138 1.5243055725097656e+02 3.3750000000000000e+01
5139 1.5243055725097656e+02 3.5000000000000000e+01
5140 1.5243055725097656e+02 3.6250000000000000e+01
5141 1.5243055725097656e+02 3.7500000000000000e+01
5142 1.5243055725097656e+02 3.8750000000000000e+01
5143 1.5243055725097656e+02 4.0000000000000000e+01
5144 1.5243055725097656e+02 4.1250000000000000e+01
5145 1.5243055725097656e+02 4.2500000000000000e+01
5146 1.5243055725097656e+02 4.3750000000000000e+01
5147 1.5243055725097656e+02 4.5000000000000000e+01
5148 1.5243055725097656e+02 4.6250000000000000e+01
5149 1.5243055725097656e+02 4.7500000000000000e+01
5150 1.5243055725097656e+02 4.8750000000000000e+01
5151 1.5243055725097656e+02 5.0000000000000000e+01
5152 1.5243055725097656e+02 5.1250000000000000e+01
5153 1.5243055725097656e+02 5.2500000000000000e+01
5154 1.5243055725097656e+02 5.3750000000000000e+01
5155 1.5243055725097656e+02 5.5000000000000000e+01
5156 1.5243055725097656e+02 5.6250000000000000e+01
5157 1.5243055725097656e+02 5.7500000000000000e+01
5158 1.5243055725097656e+02 5.8750000000000000e+01
5159 1.5243055725097656e+02 6.0000000000000000e+01
5160 1.5243055725097656e+02 6.1250000000000000e+01
5161 1.5243055725097656e+02 6.2500000000000000e+01
5162 1.5243055725097656e+02 6.3750000000000000e+01
5163 1.5243055725097656e+02 6.5000000000000000e+01
5164 1.5243055725097656e+02 6.6250000000000000e+01
5165 1.5243055725097656e+02 6.7500000000000000e+01
5166 1.5243055725097656e+02 6.8750000000000000e+01
5167 1.5243055725097656e+02 7.0000000000000000e+01
5168 1.5243055725097656e+02 7.1250000000000000e+01
5169 1.5243055725097656e+02 7.2500000000000000e+01
5170 1.5243055725097656e+02 7.3750000000000000e+01
5171 1.5243055725097656e+02 7.5000000000000000e+01
5172 1.5243055725097656e+02 7.6250000000000000e+01
5173 1.5243055725097656e+02 7.7500000000000000e+01
5174 1.5243055725097656e+02 7.8750000000000000e+01
5175 1.5243055725097656e+02 8.0000000000000000e+01
5176 1.5243055725097656e+02 8.1250000000000000e+01
5177 1.5243055725097656e+02 8.2500000000000000e+01
5178 1.5243055725097656e+02 8.3750000000000000e+01
5179 1.5243055725097656e+02 8.5000000000000000e+01
5180 1.5243055725097656e+02 8.6250000000000000e+01
5181 1.5243055725097656e+02 8.7500000000000000e+01
5182 1.5243055725097656e+02 8.8750000000000000e+01
5183 1.5243055725097656e+02 9.0000000000000000e+01
5184 1.5243055725097656e+02 9.1250000000000000e+01
5185 1.5243055725097656e+02 9.2500000000000000e+01
5186 1.5243055725097656e+02 9.3750000000000000e+01
5187 1.5243055725097656e+02 9.5000000000000000e+01
5188 1.5243055725097656e+02 9.6250000000000000e+01
5189 1.5243055725097656e+02 9.7500000000000000e+01
5190 1.5243055725097656e+02 9.8750000000000000e+01
5191 1.5121527099609375e+02 1.2500000000000000e+00
5192 1.5121527099609375e+02 2.5000000000000000e+00
5193 1.5121527099609375e+02 3.7500000000000000e+00
5194 1.5121527099609375e+02 5.0000000000000000e+00
5195 1.5121527099609375e+02 6.2500000000000000e+00
5196 1.5121527099609375e+02 7.5000000000000000e+00
5197 1.5121527099609375e+02 8.7500000000000000e+00
5198 1.5121527099609375e+02 1.0000000000000000e+01
5199 1.5121527099609375e+02 1.1250000000000000e+01
5200 1.5121527099609375e+02 1.2500000000000000e+01
5201 1.5121527099609375e+02 1.3750000000000000e+01
5202 1.5121527099609375e+02 1.5000000000000000e+01
5203 1.5121527099609375e+02 1.6250000000000000e+01
5204 1.5121527099609375e+02 1.7500000000000000e+01
5205 1.5121527099609375e+02 1.8750000000000000e+01
5206 1.5121527099609375e+02 2.0000000000000000e+01
5207 1.5121527099609375e+02 2.1250000000000000e+01
5208 1.5121527099609375e+02 2.2500000000000000e+01
5209 1.5121527099609375e+02 2.3750000000000000e+01
5210 1.5121527099609375e+02 2.5000000000000000e+01
5211 1.5121527099609375e+02 2.6250000000000000e+01
5212 1.5121527099609375e+02 2.7500000000000000e+01
5213 1.5121527099609375e+02 2.8750000000000000e+01
5214 1.5121527099609375e+02 3.0000000000000000e+01
5215 1.5121527099609375e+02 3.1250000000000000e+01
5216 1.5121527099609375e+02 3.2500000000000000e+01
5217 1.5121527099609375e+02 3.3750000000000000e+01
5218 1.5121527099609375e+02 3.5000000000000000e+01
5219 1.5121527099609375e+02 3.6250000000000000e+01
5220 1.5121527099609375e+02 3.7500000000000000e+01
5221 1.5121527099609375e+02 3.8750000000000000e+01
5222 1.5121527099609375e+02 4.0000000000000000e+01
5223 1.5121527099609375e+02 4.1250000000000000e+01
5224 1.5121527099609375e+02 4.2500000000000000e+01
5225 1.5121527099609375e+02 4.3750000000000000e+01
5226 1.5121527099609375e+02 4.5000000000000000e+01
5227 1.5121527099609375e+02 4.6250000000000000e+01
5228 1.5121527099609375e+02 4.7500000000000000e+01
5229 1.5121527099609375e+02 4.8750000000000000e+01
5230 1.5121527099609375e+02 5.0000000000000000e+01
5231 1.5121527099609375e+02 5.1250000000000000e+01
5232 1.5121527099609375e+02 5.2500000000000000e+01
5233 1.5121527099609375e+02 5.3750000000000000e+01
5234 1.5121527099609375e+02 5.5000000000000000e+01
5235 1.5121527099609375e+02 5.6250000000000000e+01
5236 1.5121527099609375e+02 5.7500000000000000e+01
5237 1.5121527099609375e+02 5.8750000000000000e+01
5238 1.5121527099609375e+02 6.0000000000000000e+01
5239 1.5121527099609375e+02 6.1250000000000000e+01
5240 1.5121527099609375e+02 6.2500000000000000e+01
5241 1.5121527099609375e+02 6.3750000000000000e+01
5242 1.5121527099609375e+02 6.5000000000000000e+01
5243 1.5121527099609375e+02 6.6250000000000000e+01
5244 1.5121527099609375e+02 6.7500000000000000e+01
5245 1.5121527099609375e+02 6.8750000000000000e+01
5246 1.5121527099609375e+02 7.0000000000000000e+01
5247 1.5121527099609375e+02 7.1250000000000000e+01
5248 1.5121527099609375e+02 7.2500000000000000e+01
5249 1.5121527099609375e+02 7.3750000000000000e+01
5250 1.5121527099609375e+02 7.5000000000000000e+01
5251 1.5121527099609375e+02 7.6250000000000000e+01
5252 1.5121527099609375e+02 7.7500000000000000e+01
5253 1.5121527099609375e+02 7.8750000000000000e+01
5254 1.5121527099609375e+02 8.0000000000000000e+01
5255 1.5121527099609375e+02 8.1250000000000000e+01
5256 1.5121527099609375e+02 8.2500000000000000e+01
5257 1.5121527099609375e+02 8.3750000000000000e+01
5258 1.5121527099609375e+02 8.5000000000000000e+01
5259 1.5121527099609375e+02 8.6250000000000000e+01
5260 1.5121527099609375e+02 8.7500000000000000e+01
5261 1.5121527099609375e+02 8.8750000000000000e+01
5262 1.5121527099609375e+02 9.0000000000000000e+01
5263 1.5121527099609375e+02 9.1250000000000000e+01
5264 1.5121527099609375e+02 9.2500000000000000e+01
5265 1.5121527099609375e+02 9.3750000000000000e+01
5266 1.5121527099609375e+02 9.5000000000000000e+01
5267 1.5121527099609375e+02 9.6250000000000000e+01
5268 1.5121527099609375e+02 9.7500000000000000e+01
5269 1.5121527099609375e+02 9.8750000000000000e+01
5270 5.6250000000000000e+01 9.8750000000000000e+01
5271 5.6250000000000000e+01 9.7500000000000000e+01
5272 5.6250000000000000e+01 9.6250000000000000e+01
5273 5.6250000000000000e+01 9.5000000000000000e+01
5274 5.6250000000000000e+01 9.3750000000000000e+01
5275 5.6250000000000000e+01 9.2500000000000000e+01
5276 5.6250000000000000e+01 9.1250000000000000e+01
5277 5.6250000000000000e+01 9.0000000000000000e+01
5278 5.6250000000000000e+01 8.8750000000000000e+01
5279 5.6250000000000000e+01 8.7500000000000000e+01
5280 5.6250000000000000e+01 8.6250000000000000e+01
5281 5.6250000000000000e+01 8.5000000000000000e+01
5282 5.6250000000000000e+01 8.3750000000000000e+01
5283 5.6250000000000000e+01 8.2500000000000000e+01
5284 5.6250000000000000e+01 8.1250000000000000e+01
5285 5.6250000000000000e+01 8.0000000000000000e+01
5286 5.6250000000000000e+01 7.8750000000000000e+01
5287 5.6250000000000000e+01 7.7500000000000000e+01
5288 5.6250000000000000e+01 7.6250000000000000e+01
5289 5.6250000000000000e+01 7.5000000000000000e+01
5290 5.6250000000000000e+01 7.3750000000000000e+01
5291 5.6250000000000000e+01 7.2500000000000000e+01
5292 5.6250000000000000e+01 7.1250000000000000e+01
5293 5.6250000000000000e+01 7.0000000000000000e+01
5294 5.6250000000000000e+01 6.8750000000000000e+01
5295 5.6250000000000000e+01 6.7500000000000000e+01
5296 5.6250000000000000e+01 6.6250000000000000e+01
5297 5.6250000000000000e+01 6.5000000000000000e+01
5298 5.6250000000000000e+01 6.3750000000000000e+01
5299 5.6250000000000000e+01 6.2500000000000000e+01
5300 5.6250000000000000e+01 6.1250000000000000e+01
5301 5.6250000000000000e+01 6.0000000000000000e+01
5302 5.6250000000000000e+01 5.8750000000000000e+01
5303 5.6250000000000000e+01 5.7500000000000000e+01
5304 5.6250000000000000e+01 5.6250000000000000e+01
5305 5.6250000000000000e+01 5.5000000000000000e+01
5306 5.6250000000000000e+01 5.3750000000000000e+01
5307 5.6250000000000000e+01 5.2500000000000000e+01
5308 5.6250000000000000e+01 5.1250000000000000e+01
5309 5.6250000000000000e+01 5.0000000000000000e+01
5310 5.6250000000000000e+01 4.8750000000000000e+01
5311 5.6250000000000000e+01 4.7500000000000000e+01
5312 5.6250000000000000e+01 4.6250000000000000e+01
5313 5.6250000000000000e+01 4.5000000000000000e+01
5314 5.6250000000000000e+01 4.3750000000000000e+01
5315 5.6250000000000000e+01 4.2500000000000000e+01
5316 5.6250000000000000e+01 4.1250000000000000e+01
5317 5.6250000000000000e+01 4.0000000000000000e+01
5318 5.6250000000000000e+01 3.8750000000000000e+01
5319 5.6250000000000000e+01 3.7500000000000000e+01
5320 5.6250000000000000e+01 3.6250000000000000e+01
5321 5.6250000000000000e+01 3.5000000000000000e+01
5322 5.6250000000000000e+01 3.3750000000000000e+01
5323 5.6250000000000000e+01 3.2500000000000000e+01
5324 5.6250000000000000e+01 3.1250000000000000e+01
5325 5.6250000000000000e+01 3.0000000000000000e+01
5326 5.6250000000000000e+01 2.8750000000000000e+01
5327 5.6250000000000000e+01 2.7500000000000000e+01
5328 5.6250000000000000e+01 2.6250000000000000e+01
5329 5.6250000000000000e+01 2.5000000000000000e+01
5330 5.6250000000000000e+01 2.3750000000000000e+01
5331 5.6250000000000000e+01 2.2500000000000000e+01
5332 5.6250000000000000e+01 2.1250000000000000e+01
5333 5.6250000000000000e+01 2.0000000000000000e+01
5334 5.6250000000000000e+01 1.8750000000000000e+01
5335 5.6250000000000000e+01 1.7500000000000000e+01
5336 5.6250000000000000e+01 1.6250000000000000e+01
5337 5.6250000000000000e+01 1.5000000000000000e+01
5338 5.6250000000000000e+01 1.3750000000000000e+01
5339 5.6250000000000000e+01 1.2500000000000000e+01
5340 5.6250000000000000e+01 1.1250000000000000e+01
5341 5.6250000000000000e+01 1.0000000000000000e+01
5342 5.6250000000000000e+01 8.7500000000000000e+00
5343 5.6250000000000000e+01 7.5000000000000000e+00
5344 5.6250000000000000e+01 6.2500000000000000e+00
5345 5.6250000000000000e+01 5.0000000000000000e+00
5346 5.6250000000000000e+01 3.7500000000000000e+00
5347 5.6250000000000000e+01 2.5000000000000000e+00
5348 5.6250000000000000e+01 1.2500000000000000e+00
5349 6.2500000000000000e+01 9.8750000000000000e+01
5350 6.2500000000000000e+01 9.7500000000000000e+01
5351 6.2500000000000000e+01 9.6250000000000000e+01
5352 6.2500000000000000e+01 9.5000000000000000e+01
5353 6.2500000000000000e+01 9.3750000000000000e+01
5354 6.2500000000000000e+01 9.2500000000000000e+01
5355 6.2500000000000000e+01 9.1250000000000000e+01
5356 6.2500000000000000e+01 9.0000000000000000e+01
5357 6.2500000000000000e+01 8.8750000000000000e+01
5358 6.2500000000000000e+01 8.7500000000000000e+01
5359 6.2500000000000000e+01 8.6250000000000000e+01
5360 6.2500000000000000e+01 8.5000000000000000e+01
5361 6.2500000000000000e+01 8.3750000000000000e+01
5362 6.2500000000000000e+01 8.2500000000000000e+01
5363 6.2500000000000000e+01 8.1250000000000000e+01
5364 6.2500000000000000e+01 8.0000000000000000e+01
5365 6.2500000000000000e+01 7.8750000000000000e+01
5366 6.2500000000000000e+01 7.7500000000000000e+01
5367 6.2500000000000000e+01 7.6250000000000000e+01
5368 6.2500000000000000e+01 7.5000000000000000e+01
5369 6.2500000000000000e+01 7.3750000000000000e+01
5370 6.2500000000000000e+01 7.2500000000000000e+01
5371 6.2500000000000000e+01 7.1250000000000000e+01
5372 6.2500000000000000e+01 7.0000000000000000e+01
5373 6.2500000000000000e+01 6.8750000000000000e+01
5374 6.2500000000000000e+01 6.7500000000000000e+01
5375 6.2500000000000000e+01 6.6250000000000000e+01
5376 6.2500000000000000e+01 6.5000000000000000e+01
5377 6.2500000000000000e+01 6.3750000000000000e+01
5378 6.2500000000000000e+01 6.2500000000000000e+01
5379 6.2500000000000000e+01 6.1250000000000000e+01
5380 6.2500000000000000e+01 6.0000000000000000e+01
5381 6.2500000000000000e+01 5.8750000000000000e+01
5382 6.2500000000000000e+01 5.7500000000000000e+01
5383 6.2500000000000000e+01 5.6250000000000000e+01
5384 6.2500000000000000e+01 5.5000000000000000e+01
5385 6.2500000000000000e+01 5.3750000000000000e+01
5386 6.2500000000000000e+01 5.2500000000000000e+01
5387 6.2500000000000000e+01 5.1250000000000000e+01
5388 6.2500000000000000e+01 5.0000000000000000e+01
5389 6.2500000000000000e+01 4.8750000000000000e+01
5390 6.2500000000000000e+01 4.7500000000000000e+01
5391 6.2500000000000000e+01 4.6250000000000000e+01
5392 6.2500000000000000e+01 4.5000000000000000e+01
5393 6.2500000000000000e+01 4.3750000000000000e+01
5394 6.2500000000000000e+01 4.2500000000000000e+01
5395 6.2500000000000000e+01 4.1250000000000000e+01
5396 6.2500000000000000e+01 4.0000000000000000e+01
5397 6.2500000000000000e+01 3.8750000000000000e+01
5398 6.2500000000000000e+01 3.7500000000000000e+01
5399 6.2500000000000000e+01 3.6250000000000000e+01
5400 6.2500000000000000e+01 3.5000000000000000e+01
5401 6.2500000000000000e+01 3.3750000000000000e+01
5402 6.2500000000000000e+01 3.2500000000000000e+01
5403 6.2500000000000000e+01 3.1250000000000000e+01
5404 6.2500000000000000e+01 3.0000000000000000e+01
5405 6.2500000000000000e+01 2.8750000000000000e+01
5406 6.2500000000000000e+01 2.7500000000000000e+01
5407 6.2500000000000000e+01 2.6250000000000000e+01
5408 6.2500000000000000e+01 2.5000000000000000e+01
5409 6.2500000000000000e+01 2.3750000000000000e+01
5410 6.2500000000000000e+01 2.2500000000000000e+01
5411 6.2500000000000000e+01 2.1250000000000000e+01
5412 6.2500000000000000e+01 2.0000000000000000e+01
5413 6.2500000000000000e+01 1.8750000000000000e+01
5414 6.2500000000000000e+01 1.7500000000000000e+01
5415 6.2500000000000000e+01 1.6250000000000000e+01
5416 6.2500000000000000e+01 1.5000000000000000e+01
5417 6.2500000000000000e+01 1.3750000000000000e+01
5418 6.2500000000000000e+01 1.2500000000000000e+01
5419 6.2500000000000000e+01 1.1250000000000000e+01
5420 6.2500000000000000e+01 1.0000000000000000e+01
5421 6.2500000000000000e+01 8.7500000000000000e+00
5422 6.2500000000000000e+01 7.5000000000000000e+00
5423 6.2500000000000000e+01 6.2500000000000000e+00
5424 6.2500000000000000e+01 5.0000000000000000e+00
5425 6.2500000000000000e+01 3.7500000000000000e+00
5426 6.2500000000000000e+01 2.5000000000000000e+00
5427 6.2500000000000000e+01 1.2500000000000000e+00
5428 6.8750000000000000e+01 9.8750000000000000e+01
5429 6.8750000000000000e+01 9.7500000000000000e+01
5430 6.8750000000000000e+01 9.6250000000000000e+01
5431 6.8750000000000000e+01 9.5000000000000000e+01
5432 6.8750000000000000e+01 9.3750000000000000e+01
5433 6.8750000000000000e+01 9.2500000000000000e+01
5434 6.8750000000000000e+01 9.1250000000000000e+01
5435 6.8750000000000000e+01 9.0000000000000000e+01
5436 6.8750000000000000e+01 8.8750000000000000e+01
5437 6.8750000000000000e+01 8.7500000000000000e+01
5438 6.8750000000000000e+01 8.6250000000000000e+01
5439 6.8750000000000000e+01 8.5000000000000000e+01
5440 6.8750000000000000e+01 8.3750000000000000e+01
5441 6.8750000000000000e+01 8.2500000000000000e+01
5442 6.8750000000000000e+01 8.1250000000000000e+01
5443 6.8750000000000000e+01 8.0000000000000000e+01
5444 6.8750000000000000e+01 7.8750000000000000e+01
5445 6.8750000000000000e+01 7.7500000000000000e+01
5446 6.8750000000000000e+01 7.6250000000000000e+01
5447 6.8750000000000000e+01 7.5000000000000000e+01
5448 6.8750000000000000e+01 7.3750000000000000e+01
5449 6.8750000000000000e+01 7.2500000000000000e+01
5450 6.8750000000000000e+01 7.1250000000000000e+01
5451 6.8750000000000000e+01 7.0000000000000000e+01
5452 6.8750000000000000e+01 6.8750000000000000e+01
5453 6.8750000000000000e+01 6.7500000000000000e+01
5454 6.8750000000000000e+01 6.6250000000000000e+01
5455 6.8750000000000000e+01 6.5000000000000000e+01
5456 6.8750000000000000e+01 6.3750000000000000e+01
5457 6.8750000000000000e+01 6.2500000000000000e+01
5458 6.8750000000000000e+01 6.1250000000000000e+01
5459 6.8750000000000000e+01 6.0000000000000000e+01
5460 6.8750000000000000e+01 5.8750000000000000e+01
5461 6.8750000000000000e+01 5.7500000000000000e+01
5462 6.8750000000000000e+01 5.6250000000000000e+01
5463 6.8750000000000000e+01 5.5000000000000000e+01
5464 6.8750000000000000e+01 5.3750000000000000e+01
5465 6.8750000000000000e+01 5.2500000000000000e+01
5466 6.8750000000000000e+01 5.1250000000000000e+01
5467 6.8750000000000000e+01 5.0000000000000000e+01
5468 6.8750000000000000e+01 4.8750000000000000e+01
5469 6.8750000000000000e+01 4.7500000000000000e+01
5470 6.8750000000000000e+01 4.6250000000000000e+01
5471 6.8750000000000000e+01 4.5000000000000000e+01
5472 6.8750000000000000e+01 4.3750000000000000e+01
5473 6.8750000000000000e+01 4.2500000000000000e+01
5474 6.8750000000000000e+01 4.1250000000000000e+01
5475 6.8750000000000000e+01 4.0000000000000000e+01
5476 6.8750000000000000e+01 3.8750000000000000e+01
5477 6.8750000000000000e+01 3.7500000000000000e+01
5478 6.8750000000000000e+01 3.6250000000000000e+01
5479 6.8750000000000000e+01 3.5000000000000000e+01
5480 6.8750000000000000e+01 3.3750000000000000e+01
5481 6.8750000000000000e+01 3.2500000000000000e+01
5482 6.8750000000000000e+01 3.1250000000000000e+01
5483 6.8750000000000000e+01 3.0000000000000000e+01
5484 6.8750000000000000e+01 2.8750000000000000e+01
5485 6.8750000000000000e+01 2.7500000000000000e+01
5486 6.8750000000000000e+01 2.6250000000000000e+01
5487 6.8750000000000000e+01 2.5000000000000000e+01
5488 6.8750000000000000e+01 2.3750000000000000e+01
5489 6.8750000000000000e+01 2.2500000000000000e+01
5490 6.8750000000000000e+01 2.1250000000000000e+01
5491 6.8750000000000000e+01 2.0000000000000000e+01
5492 6.8750000000000000e+01 1.8750000000000000e+01
5493 6.8750000000000000e+01 1.7500000000000000e+01
5494 6.8750000000000000e+01 1.6250000000000000e+01
5495 6.8750000000000000e+01 1.5000000000000000e+01
5496 6.8750000000000000e+01 1.3750000000000000e+01
5497 6.8750000000000000e+01 1.2500000000000000e+01
5498 6.8750000000000000e+01 1.1250000000000000e+01
5499 6.8750000000000000e+01 1.0000000000000000e+01
5500 6.8750000000000000e+01 8.7500000000000000e+00
5501 6.8750000000000000e+01 7.5000000000000000e+00
5502 6.8750000000000000e+01 6.2500000000000000e+00
5503 6.8750000000000000e+01 5.0000000000000000e+00
5504 6.8750000000000000e+01 3.7500000000000000e+00
5505 6.8750000000000000e+01 2.5000000000000000e+00
5506 6.8750000000000000e+01 1.2500000000000000e+00
5507 7.5000000000000000e+01 9.8750000000000000e+01
5508 7.5000000000000000e+01 9.7500000000000000e+01
5509 7.5000000000000000e+01 9.6250000000000000e+01
5510 7.5000000000000000e+01 9.5000000000000000e+01
5511 7.5000000000000000e+01 9.3750000000000000e+01
5512 7.5000000000000000e+01 9.2500000000000000e+01
5513 7.5000000000000000e+01 9.1250000000000000e+01
5514 7.5000000000000000e+01 9.0000000000000000e+01
5515 7.5000000000000000e+01 8.8750000000000000e+01
5516 7.5000000000000000e+01 8.7500000000000000e+01
5517 7.5000000000000000e+01 8.6250000000000000e+01
5518 7.5000000000000000e+01 8.5000000000000000e+01
5519 7.5000000000000000e+01 8.3750000000000000e+01
5520 7.5000000000000000e+01 8.2500000000000000e+01
5521 7.5000000000000000e+01 8.1250000000000000e+01
5522 7.5000000000000000e+01 8.0000000000000000e+01
5523 7.5000000000000000e+01 7.8750000000000000e+01
5524 7.5000000000000000e+01 7.7500000000000000e+01
5525 7.5000000000000000e+01 7.6250000000000000e+01
5526 7.5000000000000000e+01 7.5000000000000000e+01
5527 7.5000000000000000e+01 7.3750000000000000e+01
5528 7.5000000000000000e+01 7.2500000000000000e+01
5529 7.5000000000000000e+01 7.1250000000000000e+01
5530 7.5000000000000000e+01 7.0000000000000000e+01
5531 7.5000000000000000e+01 6.8750000000000000e+01
5532 7.5000000000000000e+01 6.7500000000000000e+01
5533 7.5000000000000000e+01 6.6250000000000000e+01
5534 7.5000000000000000e+01 6.5000000000000000e+01
5535 7.5000000000000000e+01 6.3750000000000000e+01
5536 7.5000000000000000e+01 6.2500000000000000e+01
5537 7.5000000000000000e+01 6.1250000000000000e+01
5538 7.5000000000000000e+01 6.0000000000000000e+01
5539 7.5000000000000000e+01 5.8750000000000000e+01
5540 7.5000000000000000e+01 5.7500000000000000e+01
5541 7.5000000000000000e+01 5.6250000000000000e+01
5542 7.5000000000000000e+01 5.5000000000000000e+01
5543 7.5000000000000000e+01 5.3750000000000000e+01
5544 7.5000000000000000e+01 5.2500000000000000e+01
5545 7.5000000000000000e+01 5.1250000000000000e+01
5546 7.5000000000000000e+01 5.0000000000000000e+01
5547 7.5000000000000000e+01 4.8750000000000000e+01
5548 7.5000000000000000e+01 4.7500000000000000e+01
5549 7.5000000000000000e+01 4.6250000000000000e+01
5550 7.5000000000000000e+01 4.5000000000000000e+01
5551 7.5000000000000000e+01 4.3750000000000000e+01
5552 7.5000000000000000e+01 4.2500000000000000e+01
5553 7.5000000000000000e+01 4.1250000000000000e+01
5554 7.5000000000000000e+01 4.0000000000000000e+01
5555 7.5000000000000000e+01 3.8750000000000000e+01
5556 7.5000000000000000e+01 3.7500000000000000e+01
5557 7.5000000000000000e+01 3.6250000000000000e+01
5558 7.5000000000000000e+01 3.5000000000000000e+01
5559 7.5000000000000000e+01 3.3750000000000000e+01
5560 7.5000000000000000e+01 3.2500000000000000e+01
5561 7.5000000000000000e+01 3.1250000000000000e+01
5562 7.5000000000000000e+01 3.0000000000000000e+01
5563 7.5000000000000000e+01 2.8750000000000000e+01
5564 7.5000000000000000e+01 2.7500000000000000e+01
5565 7.5000000000000000e+01 2.6250000000000000e+01
5566 7.5000000000000000e+01 2.5000000000000000e+01
5567 7.5000000000000000e+01 2.3750000000000000e+01
5568 7.5000000000000000e+01 2.2500000000000000e+01
5569 7.5000000000000000e+01 2.1250000000000000e+01
5570 7.5000000000000000e+01 2.0000000000000000e+01
5571 7.5000000000000000e+01 1.8750000000000000e+01
5572 7.5000000000000000e+01 1.7500000000000000e+01
5573 7.5000000000000000e+01 1.6250000000000000e+01
5574 7.5000000000000000e+01 1.5000000000000000e+01
5575 7.5000000000000000e+01 1.3750000000000000e+01
5576 7.5000000000000000e+01 1.2500000000000000e+01
5577 7.5000000000000000e+01 1.1250000000000000e+01
5578 7.5000000000000000e+01 1.0000000000000000e+01
5579 7.5000000000000000e+01 8.7500000000000000e+00
5580 7.5000000000000000e+01 7.5000000000000000e+00
5581 7.5000000000000000e+01 6.2500000000000000e+00
5582 7.5000000000000000e+01 5.0000000000000000e+00
5583 7.5000000000000000e+01 3.7500000000000000e+00
5584 7.5000000000000000e+01 2.5000000000000000e+00
5585 7.5000000000000000e+01 1.2500000000000000e+00
5586 8.1250000000000000e+01 9.8750000000000000e+01
5587 8.1250000000000000e+01 9.7500000000000000e+01
5588 8.1250000000000000e+01 9.6250000000000000e+01
5589 8.1250000000000000e+01 9.5000000000000000e+01
5590 8.1250000000000000e+01 9.3750000000000000e+01
5591 8.1250000000000000e+01 9.2500000000000000e+01
5592 8.1250000000000000e+01 9.1250000000000000e+01
5593 8.1250000000000000e+01 9.0000000000000000e+01
5594 8.1250000000000000e+01 8.8750000000000000e+01
5595 8.1250000000000000e+01 8.7500000000000000e+01
5596 8.1250000000000000e+01 8.6250000000000000e+01
5597 8.1250000000000000e+01 8.5000000000000000e+01
5598 8.1250000000000000e+01 8.3750000000000000e+01
5599 8.1250000000000000e+01 8.2500000000000000e+01
5600 8.1250000000000000e+01 8.1250000000000000e+01
5601 8.1250000000000000e+01 8.0000000000000000e+01
5602 8.1250000000000000e+01 7.8750000000000000e+01
5603 8.1250000000000000e+01 7.7500000000000000e+01
5604 8.1250000000000000e+01 7.6250000000000000e+01
5605 8.1250000000000000e+01 7.5000000000000000e+01
5606 8.1250000000000000e+01 7.3750000000000000e+01
5607 8.1250000000000000e+01 7.2500000000000000e+01
5608 8.1250000000000000e+01 7.1250000000000000e+01
5609 8.1250000000000000e+01 7.0000000000000000e+01
5610 8.1250000000000000e+01 6.8750000000000000e+01
5611 8.1250000000000000e+01 6.7500000000000000e+01
5612 8.1250000000000000e+01 6.6250000000000000e+01
5613 8.1250000000000000e+01 6.5000000000000000e+01
5614 8.1250000000000000e+01 6.3750000000000000e+01
5615 8.1250000000000000e+01 6.2500000000000000e+01
5616 8.1250000000000000e+01 6.1250000000000000e+01
5617 8.1250000000000000e+01 6.0000000000000000e+01
5618 8.1250000000000000e+01 5.8750000000000000e+01
5619 8.1250000000000000e+01 5.7500000000000000e+01
5620 8.1250000000000000e+01 5.6250000000000000e+01
5621 8.1250000000000000e+01 5.5000000000000000e+01
5622 8.1250000000000000e+01 5.3750000000000000e+01
5623 8.1250000000000000e+01 5.2500000000000000e+01
5624 8.1250000000000000e+01 5.1250000000000000e+01
5625 8.1250000000000000e+01 5.0000000000000000e+01
5626 8.1250000000000000e+01 4.8750000000000000e+01
5627 8.1250000000000000e+01 4.7500000000000000e+01
5628 8.1250000000000000e+01 4.6250000000000000e+01
5629 8.1250000000000000e+01 4.5000000000000000e+01
5630 8.1250000000000000e+01 4.3750000000000000e+01
5631 8.1250000000000000e+01 4.2500000000000000e+01
5632 8.1250000000000000e+01 4.1250000000000000e+01
5633 8.1250000000000000e+01 4.0000000000000000e+01
5634 8.1250000000000000e+01 3.8750000000000000e+01
5635 8.1250000000000000e+01 3.7500000000000000e+01
5636 8.1250000000000000e+01 3.6250000000000000e+01
5637 8.1250000000000000e+01 3.5000000000000000e+01
5638 8.1250000000000000e+01 3.3750000000000000e+01
5639 8.1250000000000000e+01 3.2500000000000000e+01
5640 8.1250000000000000e+01 3.1250000000000000e+01
5641 8.1250000000000000e+01 3.0000000000000000e+01
5642 8.1250000000000000e+01 2.8750000000000000e+01
5643 8.1250000000000000e+01 2.7500000000000000e+01
5644 8.1250000000000000e+01 2.6250000000000000e+01
5645 8.1250000000000000e+01 2.5000000000000000e+01
5646 8.1250000000000000e+01 2.3750000000000000e+01
5647 8.1250000000000000e+01 2.2500000000000000e+01
5648 8.1250000000000000e+01 2.1250000000000000e+01
5649 8.1250000000000000e+01 2.0000000000000000e+01
5650 8.1250000000000000e+01 1.8750000000000000e+01
5651 8.1250000000000000e+01 1.7500000000000000e+01
5652 8.1250000000000000e+01 1.6250000000000000e+01
5653 8.1250000000000000e+01 1.5000000000000000e+01
5654 8.1250000000000000e+01 1.3750000000000000e+01
5655 8.1250000000000000e+01 1.2500000000000000e+01
5656 8.1250000000000000e+01 1.1250000000000000e+01
5657 8.1250000000000000e+01 1.0000000000000000e+01
5658 8.1250000000000000e+01 8.7500000000000000e+00
5659 8.1250000000000000e+01 7.5000000000000000e+00
5660 8.1250000000000000e+01 6.2500000000000000e+00
5661 8.1250000000000000e+01 5.0000000000000000e+00
5662 8.1250000000000000e+01 3.7500000000000000e+00
5663 8.1250000000000000e+01 2.5000000000000000e+00
5664 8.1250000000000000e+01 1.2500000000000000e+00
5665 8.7500000000000000e+01 9.8750000000000000e+01
5666 8.7500000000000000e+01 9.7500000000000000e+01
5667 8.7500000000000000e+01 9.6250000000000000e+01
5668 8.7500000000000000e+01 9.5000000000000000e+01
5669 8.7500000000000000e+01 9.3750000000000000e+01
5670 8.7500000000000000e+01 9.2500000000000000e+01
5671 8.7500000000000000e+01 9.1250000000000000e+01
5672 8.7500000000000000e+01 9.0000000000000000e+01
5673 8.7500000000000000e+01 8.8750000000000000e+01
5674 8.7500000000000000e+01 8.7500000000000000e+01
5675 8.7500000000000000e+01 8.6250000000000000e+01
5676 8.7500000000000000e+01 8.5000000000000000e+01
5677 8.7500000000000000e+01 8.3750000000000000e+01
5678 8.7500000000000000e+01 8.2500000000000000e+01
5679 8.7500000000000000e+01 8.1250000000000000e+01
5680 8.7500000000000000e+01 8.0000000000000000e+01
5681 8.7500000000000000e+01 7.8750000000000000e+01
5682 8.7500000000000000e+01 7.7500000000000000e+01
5683 8.7500000000000000e+01 7.6250000000000000e+01
5684 8.7500000000000000e+01 7.5000000000000000e+01
5685 8.7500000000000000e+01 7.3750000000000000e+01
5686 8.7500000000000000e+01 7.2500000000000000e+01
5687 8.7500000000000000e+01 7.1250000000000000e+01
5688 8.7500000000000000e+01 7.0000000000000000e+01
5689 8.7500000000000000e+01 6.8750000000000000e+01
5690 8.7500000000000000e+01 6.7500000000000000e+01
5691 8.7500000000000000e+01 6.6250000000000000e+01
5692 8.7500000000000000e+01 6.5000000000000000e+01
5693 8.7500000000000000e+01 6.3750000000000000e+01
5694 8.7500000000000000e+01 6.2500000000000000e+01
5695 8.7500000000000000e+01 6.1250000000000000e+01
5696 8.7500000000000000e+01 6.0000000000000000e+01
5697 8.7500000000000000e+01 5.8750000000000000e+01
5698 8.7500000000000000e+01 5.7500000000000000e+01
5699 8.7500000000000000e+01 5.6250000000000000e+01
5700 8.7500000000000000e+01 5.5000000000000000e+01
5701 8.7500000000000000e+01 5.3750000000000000e+01
5702 8.7500000000000000e+01 5.2500000000000000e+01
5703 8.7500000000000000e+01 5.1250000000000000e+01
5704 8.7500000000000000e+01 5.0000000000000000e+01
5705 8.7500000000000000e+01 4.8750000000000000e+01
5706 8.7500000000000000e+01 4.7500000000000000e+01
5707 8.7500000000000000e+01 4.6250000000000000e+01
5708 8.7500000000000000e+01 4.5000000000000000e+01
5709 8.7500000000000000e+01 4.3750000000000000e+01
5710 8.7500000000000000e+01 4.2500000000000000e+01
5711 8.7500000000000000e+01 4.1250000000000000e+01
5712 8.7500000000000000e+01 4.0000000000000000e+01
5713 8.7500000000000000e+01 3.8750000000000000e+01
5714 8.7500000000000000e+01 3.7500000000000000e+01
5715 8.7500000000000000e+01 3.6250000000000000e+01
5716 8.7500000000000000e+01 3.5000000000000000e+01
5717 8.7500000000000000e+01 3.3750000000000000e+01
5718 8.7500000000000000e+01 3.2500000000000000e+01
5719 8.7500000000000000e+01 3.1250000000000000e+01
5720 8.7500000000000000e+01 3.0000000000000000e+01
5721 8.7500000000000000e+01 2.8750000000000000e+01
5722 8.7500000000000000e+01 2.7500000000000000e+01
5723 8.7500000000000000e+01 2.6250000000000000e+01
5724 8.7500000000000000e+01 2.5000000000000000e+01
5725 8.7500000000000000e+01 2.3750000000000000e+01
5726 8.7500000000000000e+01 2.2500000000000000e+01
5727 8.7500000000000000e+01 2.1250000000000000e+01
5728 8.7500000000000000e+01 2.0000000000000000e+01
5729 8.7500000000000000e+01 1.8750000000000000e+01
5730 8.7500000000000000e+01 1.7500000000000000e+01
5731 8.7500000000000000e+01 1.6250000000000000e+01
5732 8.7500000000000000e+01 1.5000000000000000e+01
5733 8.7500000000000000e+01 1.3750000000000000e+01
5734 8.7500000000000000e+01 1.2500000000000000e+01
5735 8.7500000000000000e+01 1.1250000000000000e+01
5736 8.7500000000000000e+01 1.0000000000000000e+01
5737 8.7500000000000000e+01 8.7500000000000000e+00
5738 8.7500000000000000e+01 7.5000000000000000e+00
5739 8.7500000000000000e+01 6.2500000000000000e+00
5740 8.7500000000000000e+01 5.0000000000000000e+00
5741 8.7500000000000000e+01 3.7500000000000000e+00
5742 8.7500000000000000e+01 2.5000000000000000e+00
5743 8.7500000000000000e+01 1.2500000000000000e+00
5744 9.3750000000000000e+01 9.8750000000000000e+01
5745 9.3750000000000000e+01 9.7500000000000000e+01
5746 9.3750000000000000e+01 9.6250000000000000e+01
5747 9.3750000000000000e+01 9.5000000000000000e+01
5748 9.3750000000000000e+01 9.3750000000000000e+01
5749 9.3750000000000000e+01 9.2500000000000000e+01
5750 9.3750000000000000e+01 9.1250000000000000e+01
5751 9.3750000000000000e+01 9.0000000000000000e+01
5752 9.3750000000000000e+01 8.8750000000000000e+01
5753 9.3750000000000000e+01 8.7500000000000000e+01
5754 9.3750000000000000e+01 8.6250000000000000e+01
5755 9.3750000000000000e+01 8.5000000000000000e+01
5756 9.3750000000000000e+01 8.3750000000000000e+01
5757 9.3750000000000000e+01 8.2500000000000000e+01
5758 9.3750000000000000e+01 8.1250000000000000e+01
5759 9.3750000000000000e+01 8.0000000000000000e+01
5760 9.3750000000000000e+01 7.8750000000000000e+01
5761 9.3750000000000000e+01 7.7500000000000000e+01
5762 9.3750000000000000e+01 7.6250000000000000e+01
5763 9.3750000000000000e+01 7.5000000000000000e+01
5764 9.3750000000000000e+01 7.3750000000000000e+01
5765 9.3750000000000000e+01 7.2500000000000000e+01
5766 9.3750000000000000e+01 7.1250000000000000e+01
5767 9.3750000000000000e+01 7.0000000000000000e+01
5768 9.3750000000000000e+01 6.8750000000000000e+01
5769 9.3750000000000000e+01 6.7500000000000000e+01
5770 9.3750000000000000e+01 6.6250000000000000e+01
5771 9.3750000000000000e+01 6.5000000000000000e+01
5772 9.3750000000000000e+01 6.3750000000000000e+01
5773 9.3750000000000000e+01 6.2500000000000000e+01
5774 9.3750000000000000e+01 6.1250000000000000e+01
5775 9.3750000000000000e+01 6.0000000000000000e+01
5776 9.3750000000000000e+01 5.8750000000000000e+01
5777 9.3750000000000000e+01 5.7500000000000000e+01
5778 9.3750000000000000e+01 5.6250000000000000e+01
5779 9.3750000000000000e+01 5.5000000000000000e+01
5780 9.3750000000000000e+01 5.3750000000000000e+01
5781 9.3750000000000000e+01 5.2500000000000000e+01
5782 9.3750000000000000e+01 5.1250000000000000e+01
5783 9.3750000000000000e+01 5.0000000000000000e+01
5784 9.3750000000000000e+01 4.8750000000000000e+01
5785 9.3750000000000000e+01 4.7500000000000000e+01
5786 9.3750000000000000e+01 4.6250000000000000e+01
5787 9.3750000000000000e+01 4.5000000000000000e+01
5788 9.3750000000000000e+01 4.3750000000000000e+01
5789 9.3750000000000000e+01 4.2500000000000000e+01
5790 9.3750000000000000e+01 4.1250000000000000e+01
5791 9.3750000000000000e+01 4.0000000000000000e+01
5792 9.3750000000000000e+01 3.8750000000000000e+01
5793 9.3750000000000000e+01 3.7500000000000000e+01
5794 9.3750000000000000e+01 3.6250000000000000e+01
5795 9.3750000000000000e+01 3.5000000000000000e+01
5796 9.3750000000000000e+01 3.3750000000000000e+01
5797 9.3750000000000000e+01 3.2500000000000000e+01
5798 9.3750000000000000e+01 3.1250000000000000e+01
5799 9.3750000000000000e+01 3.0000000000000000e+01
5800 9.3750000000000000e+01 2.8750000000000000e+01
5801 9.3750000000000000e+01 2.7500000000000000e+01
5802 9.3750000000000000e+01 2.6250000000000000e+01
5803 9.3750000000000000e+01 2.5000000000000000e+01
5804 9.3750000000000000e+01 2.3750000000000000e+01
5805 9.3750000000000000e+01 2.2500000000000000e+01
5806 9.3750000000000000e+01 2.1250000000000000e+01
5807 9.3750000000000000e+01 2.0000000000000000e+01
5808 9.3750000000000000e+01 1.8750000000000000e+01
5809 9.3750000000000000e+01 1.7500000000000000e+01
5810 9.3750000000000000e+01 1.6250000000000000e+01
5811 9.3750000000000000e+01 1.5000000000000000e+01
5812 9.3750000000000000e+01 1.3750000000000000e+01
5813 9.3750000000000000e+01 1.2500000000000000e+01
5814 9.3750000000000000e+01 1.1250000000000000e+01
5815 9.3750000000000000e+01 1.0000000000000000e+01
5816 9.3750000000000000e+01 8.7500000000000000e+00
5817 9.3750000000000000e+01 7.5000000000000000e+00
5818 9.3750000000000000e+01 6.2500000000000000e+00
5819 9.3750000000000000e+01 5.0000000000000000e+00
5820 9.3750000000000000e+01 3.7500000000000000e+00
5821 9.3750000000000000e+01 2.5000000000000000e+00
5822 9.3750000000000000e+01 1.2500000000000000e+00
5823 1.0000000000000000e+02 9.8750000000000000e+01
5824 1.0000000000000000e+02 9.7500000000000000e+01
5825 1.0000000000000000e+02 9.6250000000000000e+01
5826 1.0000000000000000e+02 9.5000000000000000e+01
5827 1.0000000000000000e+02 9.3750000000000000e+01
5828 1.0000000000000000e+02 9.2500000000000000e+01
5829 1.0000000000000000e+02 9.1250000000000000e+01
5830 1.0000000000000000e+02 9.0000000000000000e+01
5831 1.0000000000000000e+02 8.8750000000000000e+01
5832 1.0000000000000000e+02 8.7500000000000000e+01
5833 1.0000000000000000e+02 8.6250000000000000e+01
5834 1.0000000000000000e+02 8.5000000000000000e+01
5835 1.0000000000000000e+02 8.3750000000000000e+01
5836 1.0000000000000000e+02 8.2500000000000000e+01
5837 1.0000000000000000e+02 8.1250000000000000e+01
5838 1.0000000000000000e+02 8.0000000000000000e+01
5839 1.0000000000000000e+02 7.8750000000000000e+01
5840 1.0000000000000000e+02 7.7500000000000000e+01
5841 1.0000000000000000e+02 7.6250000000000000e+01
5842 1.0000000000000000e+02 7.5000000000000000e+01
5843 1.0000000000000000e+02 7.3750000000000000e+01
5844 1.0000000000000000e+02 7.2500000000000000e+01
5845 1.0000000000000000e+02 7.1250000000000000e+01
5846 1.0000000000000000e+02 7.0000000000000000e+01
5847 1.0000000000000000e+02 6.8750000000000000e+01
5848 1.0000000000000000e+02 6.7500000000000000e+01
5849 1.0000000000000000e+02 6.6250000000000000e+01
5850 1.0000000000000000e+02 6.5000000000000000e+01
5851 1.0000000000000000e+02 6.3750000000000000e+01
5852 1.0000000000000000e+02 6.2500000000000000e+01
5853 1.0000000000000000e+02 6.1250000000000000e+01
5854 1.0000000000000000e+02 6.0000000000000000e+01
5855 1.0000000000000000e+02 5.8750000000000000e+01
5856 1.0000000000000000e+02 5.7500000000000000e+01
5857 1.0000000000000000e+02 5.6250000000000000e+01
5858 1.0000000000000000e+02 5.5000000000000000e+01
5859 1.0000000000000000e+02 5.3750000000000000e+01
5860 1.0000000000000000e+02 5.2500000000000000e+01
5861 1.0000000000000000e+02 5.1250000000000000e+01
5862 1.0000000000000000e+02 5.0000000000000000e+01
5863 1.0000000000000000e+02 4.8750000000000000e+01
5864 1.0000000000000000e+02 4.7500000000000000e+01
5865 1.0000000000000000e+02 4.6250000000000000e+01
5866 1.0000000000000000e+02 4.5000000000000000e+01
5867 1.0000000000000000e+02 4.3750000000000000e+01
5868 1.0000000000000000e+02 4.2500000000000000e+01
5869 1.0000000000000000e+02 4.1250000000000000e+01
5870 1.0000000000000000e+02 4.0000000000000000e+01
5871 1.0000000000000000e+02 3.8750000000000000e+01
5872 1.0000000000000000e+02 3.7500000000000000e+01
5873 1.0000000000000000e+02 3.6250000000000000e+01
5874 1.0000000000000000e+02 3.5000000000000000e+01
5875 1.0000000000000000e+02 3.3750000000000000e+01
5876 1.0000000000000000e+02 3.2500000000000000e+01
5877 1.0000000000000000e+02 3.1250000000000000e+01
5878 1.0000000000000000e+02 3.0000000000000000e+01
5879 1.0000000000000000e+02 2.8750000000000000e+01
5880 1.0000000000000000e+02 2.7500000000000000e+01
5881 1.0000000000000000e+02 2.6250000000000000e+01
5882 1.0000000000000000e+02 2.5000000000000000e+01
5883 1.0000000000000000e+02 2.3750000000000000e+01
5884 1.0000000000000000e+02 2.2500000000000000e+01
5885 1.0000000000000000e+02 2.1250000000000000e+01
5886 1.0000000000000000e+02 2.0000000000000000e+01
5887 1.0000000000000000e+02 1.8750000000000000e+01
5888 1.0000000000000000e+02 1.7500000000000000e+01
5889 1.0000000000000000e+02 1.6250000000000000e+01
5890 1.0000000000000000e+02 1.5000000000000000e+01
5891 1.0000000000000000e+02 1.3750000000000000e+01
5892 1.0000000000000000e+02 1.2500000000000000e+01
5893 1.0000000000000000e+02 1.1250000000000000e+01
5894 1.0000000000000000e+02 1.0000000000000000e+01
5895 1.0000000000000000e+02 8.7500000000000000e+00
5896 1.0000000000000000e+02 7.5000000000000000e+00
5897 1.0000000000000000e+02 6.2500000000000000e+00
5898 1.0000000000000000e+02 5.0000000000000000e+00
5899 1.0000000000000000e+02 3.7500000000000000e+00
5900 1.0000000000000000e+02 2.5000000000000000e+00
5901 1.0000000000000000e+02 1.2500000000000000e+00
5902 1.0625000000000000e+02 9.8750000000000000e+01
5903 1.0625000000000000e+02 9.7500000000000000e+01
5904 1.0625000000000000e+02 9.6250000000000000e+01
5905 1.0625000000000000e+02 9.5000000000000000e+01
5906 1.0625000000000000e+02 9.3750000000000000e+01
5907 1.0625000000000000e+02 9.2500000000000000e+01
5908 1.0625000000000000e+02 9.1250000000000000e+01
5909 1.0625000000000000e+02 9.0000000000000000e+01
5910 1.0625000000000000e+02 8.8750000000000000e+01
5911 1.0625000000000000e+02 8.7500000000000000e+01
5912 1.0625000000000000e+02 8.6250000000000000e+01
5913 1.0625000000000000e+02 8.5000000000000000e+01
5914 1.0625000000000000e+02 8.3750000000000000e+01
5915 1.0625000000000000e+02 8.2500000000000000e+01
5916 1.0625000000000000e+02 8.1250000000000000e+01
5917 1.0625000000000000e+02 8.0000000000000000e+01
5918 1.0625000000000000e+02 7.8750000000000000e+01
5919 1.0625000000000000e+02 7.7500000000000000e+01
5920 1.0625000000000000e+02 7.6250000000000000e+01
5921 1.0625000000000000e+02 7.5000000000000000e+01
5922 1.0625000000000000e+02 7.3750000000000000e+01
5923 1.0625000000000000e+02 7.2500000000000000e+01
5924 1.0625000000000000e+02 7.1250000000000000e+01
5925 1.0625000000000000e+02 7.0000000000000000e+01
5926 1.0625000000000000e+02 6.8750000000000000e+01
5927 1.0625000000000000e+02 6.7500000000000000e+01
5928 1.0625000000000000e+02 6.6250000000000000e+01
5929 1.0625000000000000e+02 6.5000000000000000e+01
5930 1.0625000000000000e+02 6.3750000000000000e+01
5931 1.0625000000000000e+02 6.2500000000000000e+01
5932 1.0625000000000000e+02 6.1250000000000000e+01
5933 1.0625000000000000e+02 6.0000000000000000e+01
5934 1.0625000000000000e+02 5.8750000000000000e+01
5935 1.0625000000000000e+02 5.7500000000000000e+01
5936 1.0625000000000000e+02 5.6250000000000000e+01
5937 1.0625000000000000e+02 5.5000000000000000e+01
5938 1.0625000000000000e+02 5.3750000000000000e+01
5939 1.0625000000000000e+02 5.2500000000000000e+01
5940 1.0625000000000000e+02 5.1250000000000000e+01
5941 1.0625000000000000e+02 5.0000000000000000e+01
5942 1.0625000000000000e+02 4.8750000000000000e+01
5943 1.0625000000000000e+02 4.7500000000000000e+01
5944 1.0625000000000000e+02 4.6250000000000000e+01
5945 1.0625000000000000e+02 4.5000000000000000e+01
5946 1.0625000000000000e+02 4.3750000000000000e+01
5947 1.0625000000000000e+02 4.2500000000000000e+01
5948 1.0625000000000000e+02 4.1250000000000000e+01
5949 1.0625000000000000e+02 4.0000000000000000e+01
5950 1.0625000000000000e+02 3.8750000000000000e+01
5951 1.0625000000000000e+02 3.7500000000000000e+01
5952 1.0625000000000000e+02 3.6250000000000000e+01
5953 1.0625000000000000e+02 3.5000000000000000e+01
5954 1.0625000000000000e+02 3.3750000000000000e+01
5955 1.0625000000000000e+02 3.2500000000000000e+01
5956 1.0625000000000000e+02 3.1250000000000000e+01
5957 1.0625000000000000e+02 3.0000000000000000e+01
5958 1.0625000000000000e+02 2.8750000000000000e+01
5959 1.0625000000000000e+02 2.7500000000000000e+01
5960 1.0625000000000000e+02 2.6250000000000000e+01
5961 1.0625000000000000e+02 2.5000000000000000e+01
5962 1.0625000000000000e+02 2.3750000000000000e+01
5963 1.0625000000000000e+02 2.2500000000000000e+01
5964 1.0625000000000000e+02 2.1250000000000000e+01
5965 1.0625000000000000e+02 2.0000000000000000e+01
5966 1.0625000000000000e+02 1.8750000000000000e+01
5967 1.0625000000000000e+02 1.7500000000000000e+01
5968 1.0625000000000000e+02 1.6250000000000000e+01
5969 1.0625000000000000e+02 1.5000000000000000e+01
5970 1.0625000000000000e+02 1.3750000000000000e+01
5971 1.0625000000000000e+02 1.2500000000000000e+01
5972 1.0625000000000000e+02 1.1250000000000000e+01
5973 1.0625000000000000e+02 1.0000000000000000e+01
5974 1.0625000000000000e+02 8.7500000000000000e+00
5975 1.0625000000000000e+02 7.5000000000000000e+00
5976 1.0625000000000000e+02 6.2500000000000000e+00
5977 1.0625000000000000e+02 5.0000000000000000e+00
5978 1.0625000000000000e+02 3.7500000000000000e+00
5979 1.0625000000000000e+02 2.5000000000000000e+00
5980 1.0625000000000000e+02 1.2500000000000000e+00
5981 1.1250000000000000e+02 9.8750000000000000e+01
5982 1.1250000000000000e+02 9.7500000000000000e+01
5983 1.1250000000000000e+02 9.6250000000000000e+01
5984 1.1250000000000000e+02 9.5000000000000000e+01
5985 1.1250000000000000e+02 9.3750000000000000e+01
5986 1.1250000000000000e+02 9.2500000000000000e+01
5987 1.1250000000000000e+02 9.1250000000000000e+01
5988 1.1250000000000000e+02 9.0000000000000000e+01
5989 1.1250000000000000e+02 8.8750000000000000e+01
5990 1.1250000000000000e+02 8.7500000000000000e+01
5991 1.1250000000000000e+02 8.6250000000000000e+01
5992 1.1250000000000000e+02 8.5000000000000000e+01
5993 1.1250000000000000e+02 8.3750000000000000e+01
5994 1.1250000000000000e+02 8.2500000000000000e+01
5995 1.1250000000000000e+02 8.1250000000000000e+01
5996 1.1250000000000000e+02 8.0000000000000000e+01
5997 1.1250000000000000e+02 7.8750000000000000e+01
5998 1.1250000000000000e+02 7.7500000000000000e+01
5999 1.1250000000000000e+02 7.6250000000000000e+01
6000 1.1250000000000000e+02 7.5000000000000000e+01
6001 1.1250000000000000e+02 7.3750000000000000e+01
6002 1.1250000000000000e+02 7.2500000000000000e+01
6003 1.1250000000000000e+02 7.1250000000000000e+01
6004 1.1250000000000000e+02 7.0000000000000000e+01
6005 1.1250000000000000e+02 6.8750000000000000e+01
6006 1.1250000000000000e+02 6.7500000000000000e+01
6007 1.1250000000000000e+02 6.6250000000000000e+01
6008 1.1250000000000000e+02 6.5000000000000000e+01
6009 1.1250000000000000e+02 6.3750000000000000e+01
6010 1.1250000000000000e+02 6.2500000000000000e+01
6011 1.1250000000000000e+02 6.1250000000000000e+01
6012 1.1250000000000000e+02 6.0000000000000000e+01
6013 1.1250000000000000e+02 5.8750000000000000e+01
6014 1.1250000000000000e+02 5.7500000000000000e+01
6015 1.1250000000000000e+02 5.6250000000000000e+01
6016 1.1250000000000000e+02 5.5000000000000000e+01
6017 1.1250000000000000e+02 5.3750000000000000e+01
6018 1.1250000000000000e+02 5.2500000000000000e+01
6019 1.1250000000000000e+02 5.1250000000000000e+01
6020 1.1250000000000000e+02 5.0000000000000000e+01
6021 1.1250000000000000e+02 4.8750000000000000e+01
6022 1.1250000000000000e+02 4.7500000000000000e+01
6023 1.1250000000000000e+02 4.6250000000000000e+01
6024 1.1250000000000000e+02 4.5000000000000000e+01
6025 1.1250000000000000e+02 4.3750000000000000e+01
6026 1.1250000000000000e+02 4.2500000000000000e+01
6027 1.1250000000000000e+02 4.1250000000000000e+01
6028 1.1250000000000000e+02 4.0000000000000000e+01
6029 1.1250000000000000e+02 3.8750000000000000e+01
6030 1.1250000000000000e+02 3.7500000000000000e+01
6031 1.1250000000000000e+02 3.6250000000000000e+01
6032 1.1250000000000000e+02 3.5000000000000000e+01
6033 1.1250000000000000e+02 3.3750000000000000e+01
6034 1.1250000000000000e+02 3.2500000000000000e+01
6035 1.1250000000000000e+02 3.1250000000000000e+01
6036 1.1250000000000000e+02 3.0000000000000000e+01
6037 1.1250000000000000e+02 2.8750000000000000e+01
6038 1.1250000000000000e+02 2.7500000000000000e+01
6039 1.1250000000000000e+02 2.6250000000000000e+01
6040 1.1250000000000000e+02 2.5000000000000000e+01
6041 1.1250000000000000e+02 2.3750000000000000e+01
6042 1.1250000000000000e+02 2.2500000000000000e+01
6043 1.1250000000000000e+02 2.1250000000000000e+01
6044 1.1250000000000000e+02 2.0000000000000000e+01
6045 1.1250000000000000e+02 1.8750000000000000e+01
6046 1.1250000000000000e+02 1.7500000000000000e+01
6047 1.1250000000000000e+02 1.6250000000000000e+01
6048 1.1250000000000000e+02 1.5000000000000000e+01
6049 1.1250000000000000e+02 1.3750000000000000e+01
6050 1.1250000000000000e+02 1.2500000000000000e+01
6051 1.1250000000000000e+02 1.1250000000000000e+01
6052 1.1250000000000000e+02 1.0000000000000000e+01
6053 1.1250000000000000e+02 8.7500000000000000e+00
6054 1.1250000000000000e+02 7.5000000000000000e+00
6055 1.1250000000000000e+02 6.2500000000000000e+00
6056 1.1250000000000000e+02 5.0000000000000000e+00
6057 1.1250000000000000e+02 3.7500000000000000e+00
6058 1.1250000000000000e+02 2.5000000000000000e+00
6059 1.1250000000000000e+02 1.2500000000000000e+00
6060 1.1875000000000000e+02 9.8750000000000000e+01
6061 1.1875000000000000e+02 9.7500000000000000e+01
6062 1.1875000000000000e+02 9.6250000000000000e+01
6063 1.1875000000000000e+02 9.5000000000000000e+01
6064 1.1875000000000000e+02 9.3750000000000000e+01
6065 1.1875000000000000e+02 9.2500000000000000e+01
6066 1.1875000000000000e+02 9.1250000000000000e+01
6067 1.1875000000000000e+02 9.0000000000000000e+01
6068 1.1875000000000000e+02 8.8750000000000000e+01
6069 1.1875000000000000e+02 8.7500000000000000e+01
6070 1.1875000000000000e+02 8.6250000000000000e+01
6071 1.1875000000000000e+02 8.5000000000000000e+01
6072 1.1875000000000000e+02 8.3750000000000000e+01
6073 1.1875000000000000e+02 8.2500000000000000e+01
6074 1.1875000000000000e+02 8.1250000000000000e+01
6075 1.1875000000000000e+02 8.0000000000000000e+01
6076 1.1875000000000000e+02 7.8750000000000000e+01
6077 1.1875000000000000e+02 7.7500000000000000e+01
6078 1.1875000000000000e+02 7.6250000000000000e+01
6079 1.1875000000000000e+02 7.5000000000000000e+01
6080 1.1875000000000000e+02 7.3750000000000000e+01
6081 1.1875000000000000e+02 7.2500000000000000e+01
6082 1.1875000000000000e+02 7.1250000000000000e+01
6083 1.1875000000000000e+02 7.0000000000000000e+01
6084 1.1875000000000000e+02 6.8750000000000000e+01
6085 1.1875000000000000e+02 6.7500000000000000e+01
6086 1.1875000000000000e+02 6.6250000000000000e+01
6087 1.1875000000000000e+02 6.5000000000000000e+01
6088 1.1875000000000000e+02 6.3750000000000000e+01
6089 1.1875000000000000e+02 6.2500000000000000e+01
6090 1.1875000000000000e+02 6.1250000000000000e+01
6091 1.1875000000000000e+02 6.0000000000000000e+01
6092 1.1875000000000000e+02 5.8750000000000000e+01
6093 1.1875000000000000e+02 5.7500000000000000e+01
6094 1.1875000000000000e+02 5.6250000000000000e+01
6095 1.1875000000000000e+02 5.5000000000000000e+01
6096 1.1875000000000000e+02 5.3750000000000000e+01
6097 1.1875000000000000e+02 5.2500000000000000e+01
6098 1.1875000000000000e+02 5.1250000000000000e+01
6099 1.1875000000000000e+02 5.0000000000000000e+01
6100 1.1875000000000000e+02 4.8750000000000000e+01
6101 1.1875000000000000e+02 4.7500000000000000e+01
6102 1.1875000000000000e+02 4.6250000000000000e+01
6103 1.1875000000000000e+02 4.5000000000000000e+01
6104 1.1875000000000000e+02 4.3750000000000000e+01
6105 1.1875000000000000e+02 4.2500000000000000e+01
6106 1.1875000000000000e+02 4.1250000000000000e+01
6107 1.1875000000000000e+02 4.0000000000000000e+01
6108 1.1875000000000000e+02 3.8750000000000000e+01
6109 1.1875000000000000e+02 3.7500000000000000e+01
6110 1.1875000000000000e+02 3.6250000000000000e+01
6111 1.1875000000000000e+02 3.5000000000000000e+01
6112 1.1875000000000000e+02 3.3750000000000000e+01
6113 1.1875000000000000e+02 3.2500000000000000e+01
6114 1.1875000000000000e+02 3.1250000000000000e+01
6115 1.1875000000000000e+02 3.0000000000000000e+01
6116 1.1875000000000000e+02 2.8750000000000000e+01
6117 1.1875000000000000e+02 2.7500000000000000e+01
6118 1.1875000000000000e+02 2.6250000000000000e+01
6119 1.1875000000000000e+02 2.5000000000000000e+01
6120 1.1875000000000000e+02 2.3750000000000000e+01
6121 1.1875000000000000e+02 2.2500000000000000e+01
6122 1.1875000000000000e+02 2.1250000000000000e+01
6123 1.1875000000000000e+02 2.0000000000000000e+01
6124 1.1875000000000000e+02 1.8750000000000000e+01
6125 1.1875000000000000e+02 1.7500000000000000e+01
6126 1.1875000000000000e+02 1.6250000000000000e+01
6127 1.1875000000000000e+02 1.5000000000000000e+01
6128 1.1875000000000000e+02 1.3750000000000000e+01
6129 1.1875000000000000e+02 1.2500000000000000e+01
6130 1.1875000000000000e+02 1.1250000000000000e+01
6131 1.1875000000000000e+02 1.0000000000000000e+01
6132 1.1875000000000000e+02 8.7500000000000000e+00
6133 1.1875000000000000e+02 7.5000000000000000e+00
6134 1.1875000000000000e+02 6.2500000000000000e+00
6135 1.1875000000000000e+02 5.0000000000000000e+00
6136 1.1875000000000000e+02 3.7500000000000000e+00
6137 1.1875000000000000e+02 2.5000000000000000e+00
6138 1.1875000000000000e+02 1.2500000000000000e+00
6139 1.2500000000000000e+02 9.8750000000000000e+01
6140 1.2500000000000000e+02 9.7500000000000000e+01
6141 1.2500000000000000e+02 9.6250000000000000e+01
6142 1.2500000000000000e+02 9.5000000000000000e+01
6143 1.2500000000000000e+02 9.3750000000000000e+01
6144 1.2500000000000000e+02 9.2500000000000000e+01
6145 1.2500000000000000e+02 9.1250000000000000e+01
6146 1.2500000000000000e+02 9.0000000000000000e+01
6147 1.2500000000000000e+02 8.8750000000000000e+01
6148 1.2500000000000000e+02 8.7500000000000000e+01
6149 1.2500000000000000e+02 8.6250000000000000e+01
6150 1.2500000000000000e+02 8.5000000000000000e+01
6151 1.2500000000000000e+02 8.3750000000000000e+01
6152 1.2500000000000000e+02 8.2500000000000000e+01
6153 1.2500000000000000e+02 8.1250000000000000e+01
6154 1.2500000000000000e+02 8.0000000000000000e+01
6155 1.2500000000000000e+02 7.8750000000000000e+01
6156 1.2500000000000000e+02 7.7500000000000000e+01
6157 1.2500000000000000e+02 7.6250000000000000e+01
6158 1.2500000000000000e+02 7.5000000000000000e+01
6159 1.2500000000000000e+02 7.3750000000000000e+01
6160 1.2500000000000000e+02 7.2500000000000000e+01
6161 1.2500000000000000e+02 7.1250000000000000e+01
6162 1.2500000000000000e+02 7.0000000000000000e+01
6163 1.2500000000000000e+02 6.8750000000000000e+01
6164 1.2500000000000000e+02 6.7500000000000000e+01
6165 1.2500000000000000e+02 6.6250000000000000e+01
6166 1.2500000000000000e+02 6.5000000000000000e+01
6167 1.2500000000000000e+02 6.3750000000000000e+01
6168 1.2500000000000000e+02 6.2500000000000000e+01
6169 1.2500000000000000e+02 6.1250000000000000e+01
6170 1.2500000000000000e+02 6.0000000000000000e+01
6171 1.2500000000000000e+02 5.8750000000000000e+01
6172 1.2500000000000000e+02 5.7500000000000000e+01
6173 1.2500000000000000e+02 5.6250000000000000e+01
6174 1.2500000000000000e+02 5.5000000000000000e+01
6175 1.2500000000000000e+02 5.3750000000000000e+01
6176 1.2500000000000000e+02 5.2500000000000000e+01
6177 1.2500000000000000e+02 5.1250000000000000e+01
6178 1.2500000000000000e+02 5.0000000000000000e+01
6179 1.2500000000000000e+02 4.8750000000000000e+01
6180 1.2500000000000000e+02 4.7500000000000000e+01
6181 1.2500000000000000e+02 4.6250000000000000e+01
6182 1.2500000000000000e+02 4.5000000000000000e+01
6183 1.2500000000000000e+02 4.3750000000000000e+01
6184 1.2500000000000000e+02 4.2500000000000000e+01
6185 1.2500000000000000e+02 4.1250000000000000e+01
6186 1.2500000000000000e+02 4.0000000000000000e+01
6187 1.2500000000000000e+02 3.8750000000000000e+01
6188 1.2500000000000000e+02 3.7500000000000000e+01
6189 1.2500000000000000e+02 3.6250000000000000e+01
6190 1.2500000000000000e+02 3.5000000000000000e+01
6191 1.2500000000000000e+02 3.3750000000000000e+01
6192 1.2500000000000000e+02 3.2500000000000000e+01
6193 1.2500000000000000e+02 3.1250000000000000e+01
6194 1.2500000000000000e+02 3.0000000000000000e+01
6195 1.2500000000000000e+02 2.8750000000000000e+01
6196 1.2500000000000000e+02 2.7500000000000000e+01
6197 1.2500000000000000e+02 2.6250000000000000e+01
6198 1.2500000000000000e+02 2.5000000000000000e+01
6199 1.2500000000000000e+02 2.3750000000000000e+01
6200 1.2500000000000000e+02 2.2500000000000000e+01
6201 1.2500000000000000e+02 2.1250000000000000e+01
6202 1.2500000000000000e+02 2.0000000000000000e+01
6203 1.2500000000000000e+02 1.8750000000000000e+01
6204 1.2500000000000000e+02 1.7500000000000000e+01
6205 1.2500000000000000e+02 1.6250000000000000e+01
6206 1.2500000000000000e+02 1.5000000000000000e+01
6207 1.2500000000000000e+02 1.3750000000000000e+01
6208 1.2500000000000000e+02 1.2500000000000000e+01
6209 1.2500000000000000e+02 1.1250000000000000e+01
6210 1.2500000000000000e+02 1.0000000000000000e+01
6211 1.2500000000000000e+02 8.7500000000000000e+00
6212 1.2500000000000000e+02 7.5000000000000000e+00
6213 1.2500000000000000e+02 6.2500000000000000e+00
6214 1.2500000000000000e+02 5.0000000000000000e+00
6215 1.2500000000000000e+02 3.7500000000000000e+00
6216 1.2500000000000000e+02 2.5000000000000000e+00
6217 1.2500000000000000e+02 1.2500000000000000e+00
6218 1.3125000000000000e+02 9.8750000000000000e+01
6219 1.3125000000000000e+02 9.7500000000000000e+01
6220 1.3125000000000000e+02 9.6250000000000000e+01
6221 1.3125000000000000e+02 9.5000000000000000e+01
6222 1.3125000000000000e+02 9.3750000000000000e+01
6223 1.3125000000000000e+02 9.2500000000000000e+01
6224 1.3125000000000000e+02 9.1250000000000000e+01
6225 1.3125000000000000e+02 9.0000000000000000e+01
6226 1.3125000000000000e+02 8.8750000000000000e+01
6227 1.3125000000000000e+02 8.7500000000000000e+01
6228 1.3125000000000000e+02 8.6250000000000000e+01
6229 1.3125000000000000e+02 8.5000000000000000e+01
6230 1.3125000000000000e+02 8.3750000000000000e+01
6231 1.3125000000000000e+02 8.2500000000000000e+01
6232 1.3125000000000000e+02 8.1250000000000000e+01
6233 1.3125000000000000e+02 8.0000000000000000e+01
6234 1.3125000000000000e+02 7.8750000000000000e+01
6235 1.3125000000000000e+02 7.7500000000000000e+01
6236 1.3125000000000000e+02 7.6250000000000000e+01
6237 1.3125000000000000e+02 7.5000000000000000e+01
6238 1.3125000000000000e+02 7.3750000000000000e+01
6239 1.3125000000000000e+02 7.2500000000000000e+01
6240 1.3125000000000000e+02 7.1250000000000000e+01
6241 1.3125000000000000e+02 7.0000000000000000e+01
6242 1.3125000000000000e+02 6.8750000000000000e+01
6243 1.3125000000000000e+02 6.7500000000000000e+01
6244 1.3125000000000000e+02 6.6250000000000000e+01
6245 1.3125000000000000e+02 6.5000000000000000e+01
6246 1.3125000000000000e+02 6.3750000000000000e+01
6247 1.3125000000000000e+02 6.2500000000000000e+01
6248 1.3125000000000000e+02 6.1250000000000000e+01
6249 1.3125000000000000e+02 6.0000000000000000e+01
6250 1.3125000000000000e+02 5.8750000000000000e+01
6251 1.3125000000000000e+02 5.7500000000000000e+01
6252 1.3125000000000000e+02 5.6250000000000000e+01
6253 1.3125000000000000e+02 5.5000000000000000e+01
6254 1.3125000000000000e+02 5.3750000000000000e+01
6255 1.3125000000000000e+02 5.2500000000000000e+01
6256 1.3125000000000000e+02 5.1250000000000000e+01
6257 1.3125000000000000e+02 5.0000000000000000e+01
6258 1.3125000000000000e+02 4.8750000000000000e+01
6259 1.3125000000000000e+02 4.7500000000000000e+01
6260 1.3125000000000000e+02 4.6250000000000000e+01
6261 1.3125000000000000e+02 4.5000000000000000e+01
6262 1.3125000000000000e+02 4.3750000000000000e+01
6263 1.3125000000000000e+02 4.2500000000000000e+01
6264 1.3125000000000000e+02 4.1250000000000000e+01
6265 1.3125000000000000e+02 4.0000000000000000e+01
6266 1.3125000000000000e+02 3.8750000000000000e+01
6267 1.3125000000000000e+02 3.7500000000000000e+01
6268 1.3125000000000000e+02 3.6250000000000000e+01
6269 1.3125000000000000e+02 3.5000000000000000e+01
6270 1.3125000000000000e+02 3.3750000000000000e+01
6271 1.3125000000000000e+02 3.2500000000000000e+01
6272 1.3125000000000000e+02 3.1250000000000000e+01
6273 1.3125000000000000e+02 3.0000000000000000e+01
6274 1.3125000000000000e+02 2.8750000000000000e+01
6275 1.3125000000000000e+02 2.7500000000000000e+01
6276 1.3125000000000000e+02 2.6250000000000000e+01
6277 1.3125000000000000e+02 2.5000000000000000e+01
6278 1.3125000000000000e+02 2.3750000000000000e+01
6279 1.3125000000000000e+02 2.2500000000000000e+01
6280 1.3125000000000000e+02 2.1250000000000000e+01
6281 1.3125000000000000e+02 2.0000000000000000e+01
6282 1.3125000000000000e+02 1.8750000000000000e+01
6283 1.3125000000000000e+02 1.7500000000000000e+01
6284 1.3125000000000000e+02 1.6250000000000000e+01
6285 1.3125000000000000e+02 1.5000000000000000e+01
6286 1.3125000000000000e+02 1.3750000000000000e+01
6287 1.3125000000000000e+02 1.2500000000000000e+01
6288 1.3125000000000000e+02 1.1250000000000000e+01
6289 1.3125000000000000e+02 1.0000000000000000e+01
6290 1.3125000000000000e+02 8.7500000000000000e+00
6291 1.3125000000000000e+02 7.5000000000000000e+00
6292 1.3125000000000000e+02 6.2500000000000000e+00
6293 1.3125000000000000e+02 5.0000000000000000e+00
6294 1.3125000000000000e+02 3.7500000000000000e+00
6295 1.3125000000000000e+02 2.5000000000000000e+00
6296 1.3125000000000000e+02 1.2500000000000000e+00
6297 1.3750000000000000e+02 9.8750000000000000e+01
6298 1.3750000000000000e+02 9.7500000000000000e+01
6299 1.3750000000000000e+02 9.6250000000000000e+01
6300 1.3750000000000000e+02 9.5000000000000000e+01
6301 1.3750000000000000e+02 9.3750000000000000e+01
6302 1.3750000000000000e+02 9.2500000000000000e+01
6303 1.3750000000000000e+02 9.1250000000000000e+01
6304 1.3750000000000000e+02 9.0000000000000000e+01
6305 1.3750000000000000e+02 8.8750000000000000e+01
6306 1.3750000000000000e+02 8.7500000000000000e+01
6307 1.3750000000000000e+02 8.6250000000000000e+01
6308 1.3750000000000000e+02 8.5000000000000000e+01
6309 1.3750000000000000e+02 8.3750000000000000e+01
6310 1.3750000000000000e+02 8.2500000000000000e+01
6311 1.3750000000000000e+02 8.1250000000000000e+01
6312 1.3750000000000000e+02 8.0000000000000000e+01
6313 1.3750000000000000e+02 7.8750000000000000e+01
6314 1.3750000000000000e+02 7.7500000000000000e+01
6315 1.3750000000000000e+02 7.6250000000000000e+01
6316 1.3750000000000000e+02 7.5000000000000000e+01
6317 1.3750000000000000e+02 7.3750000000000000e+01
6318 1.3750000000000000e+02 7.2500000000000000e+01
6319 1.3750000000000000e+02 7.1250000000000000e+01
6320 1.3750000000000000e+02 7.0000000000000000e+01
6321 1.3750000000000000e+02 6.8750000000000000e+01
6322 1.3750000000000000e+02 6.7500000000000000e+01
6323 1.3750000000000000e+02 6.6250000000000000e+01
6324 1.3750000000000000e+02 6.5000000000000000e+01
6325 1.3750000000000000e+02 6.3750000000000000e+01
6326 1.3750000000000000e+02 6.2500000000000000e+01
6327 1.3750000000000000e+02 6.1250000000000000e+01
6328 1.3750000000000000e+02 6.0000000000000000e+01
6329 1.3750000000000000e+02 5.8750000000000000e+01
6330 1.3750000000000000e+02 5.7500000000000000e+01
6331 1.3750000000000000e+02 5.6250000000000000e+01
6332 1.3750000000000000e+02 5.5000000000000000e+01
6333 1.3750000000000000e+02 5.3750000000000000e+01
6334 1.3750000000000000e+02 5.2500000000000000e+01
6335 1.3750000000000000e+02 5.1250000000000000e+01
6336 1.3750000000000000e+02 5.0000000000000000e+01
6337 1.3750000000000000e+02 4.8750000000000000e+01
6338 1.3750000000000000e+02 4.7500000000000000e+01
6339 1.3750000000000000e+02 4.6250000000000000e+01
6340 1.3750000000000000e+02 4.5000000000000000e+01
6341 1.3750000000000000e+02 4.3750000000000000e+01
6342 1.3750000000000000e+02 4.2500000000000000e+01
6343 1.3750000000000000e+02 4.1250000000000000e+01
6344 1.3750000000000000e+02 4.0000000000000000e+01
6345 1.3750000000000000e+02 3.8750000000000000e+01
6346 1.3750000000000000e+02 3.7500000000000000e+01
6347 1.3750000000000000e+02 3.6250000000000000e+01
6348 1.3750000000000000e+02 3.5000000000000000e+01
6349 1.3750000000000000e+02 3.3750000000000000e+01
6350 1.3750000000000000e+02 3.2500000000000000e+01
6351 1.3750000000000000e+02 3.1250000000000000e+01
6352 1.3750000000000000e+02 3.0000000000000000e+01
6353 1.3750000000000000e+02 2.8750000000000000e+01
6354 1.3750000000000000e+02 2.7500000000000000e+01
6355 1.3750000000000000e+02 2.6250000000000000e+01
6356 1.3750000000000000e+02 2.5000000000000000e+01
6357 1.3750000000000000e+02 2.3750000000000000e+01
6358 1.3750000000000000e+02 2.2500000000000000e+01
6359 1.3750000000000000e+02 2.1250000000000000e+01
6360 1.3750000000000000e+02 2.0000000000000000e+01
6361 1.3750000000000000e+02 1.8750000000000000e+01
6362 1.3750000000000000e+02 1.7500000000000000e+01
6363 1.3750000000000000e+02 1.6250000000000000e+01
6364 1.3750000000000000e+02 1.5000000000000000e+01
6365 1.3750000000000000e+02 1.3750000000000000e+01
6366 1.3750000000000000e+02 1.2500000000000000e+01
6367 1.3750000000000000e+02 1.1250000000000000e+01
6368 1.3750000000000000e+02 1.0000000000000000e+01
6369 1.3750000000000000e+02 8.7500000000000000e+00
6370 1.3750000000000000e+02 7.5000000000000000e+00
6371 1.3750000000000000e+02 6.2500000000000000e+00
6372 1.3750000000000000e+02 5.0000000000000000e+00
6373 1.3750000000000000e+02 3.7500000000000000e+00
6374 1.3750000000000000e+02 2.5000000000000000e+00
6375 1.3750000000000000e+02 1.2500000000000000e+00
6376 1.4375000000000000e+02 9.8750000000000000e+01
6377 1.4375000000000000e+02 9.7500000000000000e+01
6378 1.4375000000000000e+02 9.6250000000000000e+01
6379 1.4375000000000000e+02 9.5000000000000000e+01
6380 1.4375000000000000e+02 9.3750000000000000e+01
6381 1.4375000000000000e+02 9.2500000000000000e+01
6382 1.4375000000000000e+02 9.1250000000000000e+01
6383 1.4375000000000000e+02 9.0000000000000000e+01
6384 1.4375000000000000e+02 8.8750000000000000e+01
6385 1.4375000000000000e+02 8.7500000000000000e+01
6386 1.4375000000000000e+02 8.6250000000000000e+01
6387 1.4375000000000000e+02 8.5000000000000000e+01
6388 1.4375000000000000e+02 8.3750000000000000e+01
6389 1.4375000000000000e+02 8.2500000000000000e+01
6390 1.4375000000000000e+02 8.1250000000000000e+01
6391 1.4375000000000000e+02 8.0000000000000000e+01
6392 1.4375000000000000e+02 7.8750000000000000e+01
6393 1.4375000000000000e+02 7.7500000000000000e+01
6394 1.4375000000000000e+02 7.6250000000000000e+01
6395 1.4375000000000000e+02 7.5000000000000000e+01
6396 1.4375000000000000e+02 7.3750000000000000e+01
6397 1.4375000000000000e+02 7.2500000000000000e+01
6398 1.4375000000000000e+02 7.1250000000000000e+01
6399 1.4375000000000000e+02 7.0000000000000000e+01
6400 1.4375000000000000e+02 6.8750000000000000e+01
6401 1.4375000000000000e+02 6.7500000000000000e+01
6402 1.4375000000000000e+02 6.6250000000000000e+01
6403 1.4375000000000000e+02 6.5000000000000000e+01
6404 1.4375000000000000e+02 6.3750000000000000e+01
6405 1.4375000000000000e+02 6.2500000000000000e+01
6406 1.4375000000000000e+02 6.1250000000000000e+01
6407 1.4375000000000000e+02 6.0000000000000000e+01
6408 1.4375000000000000e+02 5.8750000000000000e+01
6409 1.4375000000000000e+02 5.7500000000000000e+01
6410 1.4375000000000000e+02 5.6250000000000000e+01
6411 1.4375000000000000e+02 5.5000000000000000e+01
6412 1.4375000000000000e+02 5.3750000000000000e+01
6413 1.4375000000000000e+02 5.2500000000000000e+01
6414 1.4375000000000000e+02 5.1250000000000000e+01
6415 1.4375000000000000e+02 5.0000000000000000e+01
6416 1.4375000000000000e+02 4.8750000000000000e+01
6417 1.4375000000000000e+02 4.7500000000000000e+01
6418 1.4375000000000000e+02 4.6250000000000000e+01
6419 1.4375000000000000e+02 4.5000000000000000e+01
6420 1.4375000000000000e+02 4.3750000000000000e+01
6421 1.4375000000000000e+02 4.2500000000000000e+01
6422 1.4375000000000000e+02 4.1250000000000000e+01
6423 1.4375000000000000e+02 4.0000000000000000e+01
6424 1.4375000000000000e+02 3.8750000000000000e+01
6425 1.4375000000000000e+02 3.7500000000000000e+01
6426 1.4375000000000000e+02 3.6250000000000000e+01
6427 1.4375000000000000e+02 3.5000000000000000e+01
6428 1.4375000000000000e+02 3.3750000000000000e+01
6429 1.4375000000000000e+02 3.2500000000000000e+01
6430 1.4375000000000000e+02 3.1250000000000000e+01
6431 1.4375000000000000e+02 3.0000000000000000e+01
6432 1.4375000000000000e+02 2.8750000000000000e+01
6433 1.4375000000000000e+02 2.7500000000000000e+01
6434 1.4375000000000000e+02 2.6250000000000000e+01
6435 1.4375000000000000e+02 2.5000000000000000e+01
6436 1.4375000000000000e+02 2.3750000000000000e+01
6437 1.4375000000000000e+02 2.2500000000000000e+01
6438 1.4375000000000000e+02 2.1250000000000000e+01
6439 1.4375000000000000e+02 2.0000000000000000e+01
6440 1.4375000000000000e+02 1.8750000000000000e+01
6441 1.4375000000000000e+02 1.7500000000000000e+01
6442 1.4375000000000000e+02 1.6250000000000000e+01
6443 1.4375000000000000e+02 1.5000000000000000e+01
6444 1.4375000000000000e+02 1.3750000000000000e+01
6445 1.4375000000000000e+02 1.2500000000000000e+01
6446 1.4375000000000000e+02 1.1250000000000000e+01
6447 1.4375000000000000e+02 1.0000000000000000e+01
6448 1.4375000000000000e+02 8.7500000000000000e+00
6449 1.4375000000000000e+02 7.5000000000000000e+00
6450 1.4375000000000000e+02 6.2500000000000000e+00
6451 1.4375000000000000e+02 5.0000000000000000e+00
6452 1.4375000000000000e+02 3.7500000000000000e+00
6453 1.4375000000000000e+02 2.5000000000000000e+00
6454 1.4375000000000000e+02 1.2500000000000000e+00
6455 4.3750000000000000e+01 1.2500000000000000e+00
6456 4.3750000000000000e+01 2.5000000000000000e+00
6457 4.3750000000000000e+01 3.7500000000000000e+00
6458 4.3750000000000000e+01 5.0000000000000000e+00
6459 4.3750000000000000e+01 6.2500000000000000e+00
6460 4.3750000000000000e+01 7.5000000000000000e+00
6461 4.3750000000000000e+01 8.7500000000000000e+00
6462 4.3750000000000000e+01 1.0000000000000000e+01
6463 4.3750000000000000e+01 1.1250000000000000e+01
6464 4.3750000000000000e+01 1.2500000000000000e+01
6465 4.3750000000000000e+01 1.3750000000000000e+01
6466 4.3750000000000000e+01 1.5000000000000000e+01
6467 4.3750000000000000e+01 1.6250000000000000e+01
6468 4.3750000000000000e+01 1.7500000000000000e+01
6469 4.3750000000000000e+01 1.8750000000000000e+01
6470 4.3750000000000000e+01 2.0000000000000000e+01
6471 4.3750000000000000e+01 2.1250000000000000e+01
6472 4.3750000000000000e+01 2.2500000000000000e+01
6473 4.3750000000000000e+01 2.3750000000000000e+01
6474 4.3750000000000000e+01 2.5000000000000000e+01
6475 4.3750000000000000e+01 2.6250000000000000e+01
6476 4.3750000000000000e+01 2.7500000000000000e+01
6477 4.3750000000000000e+01 2.8750000000000000e+01
6478 4.3750000000000000e+01 3.0000000000000000e+01
6479 4.3750000000000000e+01 3.1250000000000000e+01
6480 4.3750000000000000e+01 3.2500000000000000e+01
6481 4.3750000000000000e+01 3.3750000000000000e+01
6482 4.3750000000000000e+01 3.5000000000000000e+01
6483 4.3750000000000000e+01 3.6250000000000000e+01
6484 4.3750000000000000e+01 3.7500000000000000e+01
6485 4.3750000000000000e+01 3.8750000000000000e+01
6486 4.3750000000000000e+01 4.0000000000000000e+01
6487 4.3750000000000000e+01 4.1250000000000000e+01
6488 4.3750000000000000e+01 4.2500000000000000e+01
6489 4.3750000000000000e+01 4.3750000000000000e+01
6490 4.3750000000000000e+01 4.5000000000000000e+01
6491 4.3750000000000000e+01 4.6250000000000000e+01
6492 4.3750000000000000e+01 4.7500000000000000e+01
6493 4.3750000000000000e+01 4.8750000000000000e+01
6494 4.3750000000000000e+01 5.0000000000000000e+01
6495 4.3750000000000000e+01 5.1250000000000000e+01
6496 4.3750000000000000e+01 5.2500000000000000e+01
6497 4.3750000000000000e+01 5.3750000000000000e+01
6498 4.3750000000000000e+01 5.5000000000000000e+01
6499 4.3750000000000000e+01 5.6250000000000000e+01
6500 4.3750000000000000e+01 5.7500000000000000e+01
6501 4.3750000000000000e+01 5.8750000000000000e+01
6502 4.3750000000000000e+01 6.0000000000000000e+01
6503 4.3750000000000000e+01 6.1250000000000000e+01
6504 4.3750000000000000e+01 6.2500000000000000e+01
6505 4.3750000000000000e+01 6.3750000000000000e+01
6506 4.3750000000000000e+01 6.5000000000000000e+01
6507 4.3750000000000000e+01 6.6250000000000000e+01
6508 4.3750000000000000e+01 6.7500000000000000e+01
6509 4.3750000000000000e+01 6.8750000000000000e+01
6510 4.3750000000000000e+01 7.0000000000000000e+01
6511 4.3750000000000000e+01 7.1250000000000000e+01
6512 4.3750000000000000e+01 7.2500000000000000e+01
6513 4.3750000000000000e+01 7.3750000000000000e+01
6514 4.3750000000000000e+01 7.5000000000000000e+01
6515 4.3750000000000000e+01 7.6250000000000000e+01
6516 4.3750000000000000e+01 7.7500000000000000e+01
6517 4.3750000000000000e+01 7.8750000000000000e+01
6518 4.3750000000000000e+01 8.0000000000000000e+01
6519 4.3750000000000000e+01 8.1250000000000000e+01
6520 4.3750000000000000e+01 8.2500000000000000e+01
6521 4.3750000000000000e+01 8.3750000000000000e+01
6522 4.3750000000000000e+01 8.5000000000000000e+01
6523 4.3750000000000000e+01 8.6250000000000000e+01
6524 4.3750000000000000e+01 8.7500000000000000e+01
6525 4.3750000000000000e+01 8.8750000000000000e+01
6526 4.3750000000000000e+01 9.0000000000000000e+01
6527 4.3750000000000000e+01 9.1250000000000000e+01
6528 4.3750000000000000e+01 9.2500000000000000e+01
6529 4.3750000000000000e+01 9.3750000000000000e+01
6530 4.3750000000000000e+01 9.5000000000000000e+01
6531 4.3750000000000000e+01 9.6250000000000000e+01
6532 4.3750000000000000e+01 9.7500000000000000e+01
6533 4.3750000000000000e+01 9.8750000000000000e+01
6534 3.7500000000000000e+01 1.2500000000000000e+00
6535 3.7500000000000000e+01 2.5000000000000000e+00
6536 3.7500000000000000e+01 3.7500000000000000e+00
6537 3.7500000000000000e+01 5.0000000000000000e+00
6538 3.7500000000000000e+01 6.2500000000000000e+00
6539 3.7500000000000000e+01 7.5000000000000000e+00
6540 3.7500000000000000e+01 8.7500000000000000e+00
6541 3.7500000000000000e+01 1.0000000000000000e+01
6542 3.7500000000000000e+01 1.1250000000000000e+01
6543 3.7500000000000000e+01 1.2500000000000000e+01
6544 3.7500000000000000e+01 1.3750000000000000e+01
6545 3.7500000000000000e+01 1.5000000000000000e+01
6546 3.7500000000000000e+01 1.6250000000000000e+01
6547 3.7500000000000000e+01 1.7500000000000000e+01
6548 3.7500000000000000e+01 1.8750000000000000e+01
6549 3.7500000000000000e+01 2.0000000000000000e+01
6550 3.7500000000000000e+01 2.1250000000000000e+01
6551 3.7500000000000000e+01 2.2500000000000000e+01
6552 3.7500000000000000e+01 2.3750000000000000e+01
6553 3.7500000000000000e+01 2.5000000000000000e+01
6554 3.7500000000000000e+01 2.6250000000000000e+01
6555 3.7500000000000000e+01 2.7500000000000000e+01
6556 3.7500000000000000e+01 2.8750000000000000e+01
6557 3.7500000000000000e+01 3.0000000000000000e+01
6558 3.7500000000000000e+01 3.1250000000000000e+01
6559 3.7500000000000000e+01 3.2500000000000000e+01
6560 3.7500000000000000e+01 3.3750000000000000e+01
6561 3.7500000000000000e+01 3.5000000000000000e+01
6562 3.7500000000000000e+01 3.6250000000000000e+01
6563 3.7500000000000000e+01 3.7500000000000000e+01
6564 3.7500000000000000e+01 3.8750000000000000e+01
6565 3.7500000000000000e+01 4.0000000000000000e+01
6566 3.7500000000000000e+01 4.1250000000000000e+01
6567 3.7500000000000000e+01 4.2500000000000000e+01
6568 3.7500000000000000e+01 4.3750000000000000e+01
6569 3.7500000000000000e+01 4.5000000000000000e+01
6570 3.7500000000000000e+01 4.6250000000000000e+01
6571 3.7500000000000000e+01 4.7500000000000000e+01
6572 3.7500000000000000e+01 4.8750000000000000e+01
6573 3.7500000000000000e+01 5.0000000000000000e+01
6574 3.7500000000000000e+01 5.1250000000000000e+01
6575 3.7500000000000000e+01 5.2500000000000000e+01
6576 3.7500000000000000e+01 5.3750000000000000e+01
6577 3.7500000000000000e+01 5.5000000000000000e+01
6578 3.7500000000000000e+01 5.6250000000000000e+01
6579 3.7500000000000000e+01 5.7500000000000000e+01
6580 3.7500000000000000e+01 5.8750000000000000e+01
6581 3.7500000000000000e+01 6.0000000000000000e+01
6582 3.7500000000000000e+01 6.1250000000000000e+01
6583 3.7500000000000000e+01 6.2500000000000000e+01
6584 3.7500000000000000e+01 6.3750000000000000e+01
6585 3.7500000000000000e+01 6.5000000000000000e+01
6586 3.7500000000000000e+01 6.6250000000000000e+01
6587 3.7500000000000000e+01 6.7500000000000000e+01
6588 3.7500000000000000e+01 6.8750000000000000e+01
6589 3.7500000000000000e+01 7.0000000000000000e+01
6590 3.7500000000000000e+01 7.1250000000000000e+01
6591 3.7500000000000000e+01 7.2500000000000000e+01
6592 3.7500000000000000e+01 7.3750000000000000e+01
6593 3.7500000000000000e+01 7.5000000000000000e+01
6594 3.7500000000000000e+01 7.6250000000000000e+01
6595 3.7500000000000000e+01 7.7500000000000000e+01
6596 3.7500000000000000e+01 7.8750000000000000e+01
6597 3.7500000000000000e+01 8.0000000000000000e+01
6598 3.7500000000000000e+01 8.1250000000000000e+01
6599 3.7500000000000000e+01 8.2500000000000000e+01
6600 3.7500000000000000e+01 8.3750000000000000e+01
6601 3.7500000000000000e+01 8.5000000000000000e+01
6602 3.7500000000000000e+01 8.6250000000000000e+01
6603 3.7500000000000000e+01 8.7500000000000000e+01
6604 3.7500000000000000e+01 8.8750000000000000e+01
6605 3.7500000000000000e+01 9.0000000000000000e+01
6606 3.7500000000000000e+01 9.1250000000000000e+01
6607 3.7500000000000000e+01 9.2500000000000000e+01
6608 3.7500000000000000e+01 9.3750000000000000e+01
6609 3.7500000000000000e+01 9.5000000000000000e+01
6610 3.7500000000000000e+01 9.6250000000000000e+01
6611 3.7500000000000000e+01 9.7500000000000000e+01
6612 3.7500000000000000e+01 9.8750000000000000e+01
6613 3.1250000000000000e+01 1.2500000000000000e+00
6614 3.1250000000000000e+01 2.5000000000000000e+00
6615 3.1250000000000000e+01 3.7500000000000000e+00
6616 3.1250000000000000e+01 5.0000000000000000e+00
6617 3.1250000000000000e+01 6.2500000000000000e+00
6618 3.1250000000000000e+01 7.5000000000000000e+00
6619 3.1250000000000000e+01 8.7500000000000000e+00
6620 3.1250000000000000e+01 1.0000000000000000e+01
6621 3.1250000000000000e+01 1.1250000000000000e+01
6622 3.1250000000000000e+01 1.2500000000000000e+01
6623 3.1250000000000000e+01 1.3750000000000000e+01
6624 3.1250000000000000e+01 1.5000000000000000e+01
6625 3.1250000000000000e+01 1.6250000000000000e+01
6626 3.1250000000000000e+01 1.7500000000000000e+01
6627 3.1250000000000000e+01 1.8750000000000000e+01
6628 3.1250000000000000e+01 2.0000000000000000e+01
6629 3.1250000000000000e+01 2.1250000000000000e+01
6630 3.1250000000000000e+01 2.2500000000000000e+01
6631 3.1250000000000000e+01 2.3750000000000000e+01
6632 3.1250000000000000e+01 2.5000000000000000e+01
6633 3.1250000000000000e+01 2.6250000000000000e+01
6634 3.1250000000000000e+01 2.7500000000000000e+01
6635 3.1250000000000000e+01 2.8750000000000000e+01
6636 3.1250000000000000e+01 3.0000000000000000e+01
6637 3.1250000000000000e+01 3.1250000000000000e+01
6638 3.1250000000000000e+01 3.2500000000000000e+01
6639 3.1250000000000000e+01 3.3750000000000000e+01
6640 3.1250000000000000e+01 3.5000000000000000e+01
6641 3.1250000000000000e+01 3.6250000000000000e+01
6642 3.1250000000000000e+01 3.7500000000000000e+01
6643 3.1250000000000000e+01 3.8750000000000000e+01
6644 3.1250000000000000e+01 4.0000000000000000e+01
6645 3.1250000000000000e+01 4.1250000000000000e+01
6646 3.1250000000000000e+01 4.2500000000000000e+01
6647 3.1250000000000000e+01 4.3750000000000000e+01
6648 3.1250000000000000e+01 4.5000000000000000e+01
6649 3.1250000000000000e+01 4.6250000000000000e+01
6650 3.1250000000000000e+01 4.7500000000000000e+01
6651 3.1250000000000000e+01 4.8750000000000000e+01
6652 3.1250000000000000e+01 5.0000000000000000e+01
6653 3.1250000000000000e+01 5.1250000000000000e+01
6654 3.1250000000000000e+01 5.2500000000000000e+01
6655 3.1250000000000000e+01 5.3750000000000000e+01
6656 3.1250000000000000e+01 5.5000000000000000e+01
6657 3.1250000000000000e+01 5.6250000000000000e+01
6658 3.1250000000000000e+01 5.7500000000000000e+01
6659 3.1250000000000000e+01 5.8750000000000000e+01
6660 3.1250000000000000e+01 6.0000000000000000e+01
6661 3.1250000000000000e+01 6.1250000000000000e+01
6662 3.1250000000000000e+01 6.2500000000000000e+01
6663 3.1250000000000000e+01 6.3750000000000000e+01
6664 3.1250000000000000e+01 6.5000000000000000e+01
6665 3.1250000000000000e+01 6.6250000000000000e+01
6666 3.1250000000000000e+01 6.7500000000000000e+01
6667 3.1250000000000000e+01 6.8750000000000000e+01
6668 3.1250000000000000e+01 7.0000000000000000e+01
6669 3.1250000000000000e+01 7.1250000000000000e+01
6670 3.1250000000000000e+01 7.2500000000000000e+01
6671 3.1250000000000000e+01 7.3750000000000000e+01
6672 3.1250000000000000e+01 7.5000000000000000e+01
6673 3.1250000000000000e+01 7.6250000000000000e+01
6674 3.1250000000000000e+01 7.7500000000000000e+01
6675 3.1250000000000000e+01 7.8750000000000000e+01
6676 3.1250000000000000e+01 8.0000000000000000e+01
6677 3.1250000000000000e+01 8.1250000000000000e+01
6678 3.1250000000000000e+01 8.2500000000000000e+01
6679 3.1250000000000000e+01 8.3750000000000000e+01
6680 3.1250000000000000e+01 8.5000000000000000e+01
6681 3.1250000000000000e+01 8.6250000000000000e+01
6682 3.1250000000000000e+01 8.7500000000000000e+01
6683 3.1250000000000000e+01 8.8750000000000000e+01
6684 3.1250000000000000e+01 9.0000000000000000e+01
6685 3.1250000000000000e+01 9.1250000000000000e+01
6686 3.1250000000000000e+01 9.2500000000000000e+01
6687 3.1250000000000000e+01 9.3750000000000000e+01
6688 3.1250000000000000e+01 9.5000000000000000e+01
6689 3.1250000000000000e+01 9.6250000000000000e+01
6690 3.1250000000000000e+01 9.7500000000000000e+01
6691 3.1250000000000000e+01 9.8750000000000000e+01
6692 2.5000000000000000e+01 1.2500000000000000e+00
6693 2.5000000000000000e+01 2.5000000000000000e+00
6694 2.5000000000000000e+01 3.7500000000000000e+00
6695 2.5000000000000000e+01 5.0000000000000000e+00
6696 2.5000000000000000e+01 6.2500000000000000e+00
6697 2.5000000000000000e+01 7.5000000000000000e+00
6698 2.5000000000000000e+01 8.7500000000000000e+00
6699 2.5000000000000000e+01 1.0000000000000000e+01
6700 2.5000000000000000e+01 1.1250000000000000e+01
6701 2.5000000000000000e+01 1.2500000000000000e+01
6702 2.5000000000000000e+01 1.3750000000000000e+01
6703 2.5000000000000000e+01 1.5000000000000000e+01
6704 2.5000000000000000e+01 1.6250000000000000e+01
6705 2.5000000000000000e+01 1.7500000000000000e+01
6706 2.5000000000000000e+01 1.8750000000000000e+01
6707 2.5000000000000000e+01 2.0000000000000000e+01
6708 2.5000000000000000e+01 2.1250000000000000e+01
6709 2.5000000000000000e+01 2.2500000000000000e+01
6710 2.5000000000000000e+01 2.3750000000000000e+01
6711 2.5000000000000000e+01 2.5000000000000000e+01
6712 2.5000000000000000e+01 2.6250000000000000e+01
6713 2.5000000000000000e+01 2.7500000000000000e+01
6714 2.5000000000000000e+01 2.8750000000000000e+01
6715 2.5000000000000000e+01 3.0000000000000000e+01
6716 2.5000000000000000e+01 3.1250000000000000e+01
6717 2.5000000000000000e+01 3.2500000000000000e+01
6718 2.5000000000000000e+01 3.3750000000000000e+01
6719 2.5000000000000000e+01 3.5000000000000000e+01
6720 2.5000000000000000e+01 3.6250000000000000e+01
6721 2.5000000000000000e+01 3.7500000000000000e+01
6722 2.5000000000000000e+01 3.8750000000000000e+01
6723 2.5000000000000000e+01 4.0000000000000000e+01
6724 2.5000000000000000e+01 4.1250000000000000e+01
6725 2.5000000000000000e+01 4.2500000000000000e+01
6726 2.5000000000000000e+01 4.3750000000000000e+01
6727 2.5000000000000000e+01 4.5000000000000000e+01
6728 2.5000000000000000e+01 4.6250000000000000e+01
6729 2.5000000000000000e+01 4.7500000000000000e+01
6730 2.5000000000000000e+01 4.8750000000000000e+01
6731 2.5000000000000000e+01 5.0000000000000000e+01
6732 2.5000000000000000e+01 5.1250000000000000e+01
6733 2.5000000000000000e+01 5.2500000000000000e+01
6734 2.5000000000000000e+01 5.3750000000000000e+01
6735 2.5000000000000000e+01 5.5000000000000000e+01
6736 2.5000000000000000e+01 5.6250000000000000e+01
6737 2.5000000000000000e+01 5.7500000000000000e+01
6738 2.5000000000000000e+01 5.8750000000000000e+01
6739 2.5000000000000000e+01 6.0000000000000000e+01
6740 2.5000000000000000e+01 6.1250000000000000e+01
6741 2.5000000000000000e+01 6.2500000000000000e+01
6742 2.5000000000000000e+01 6.3750000000000000e+01
6743 2.5000000000000000e+01 6.5000000000000000e+01
6744 2.5000000000000000e+01 6.6250000000000000e+01
6745 2.5000000000000000e+01 6.7500000000000000e+01
6746 2.5000000000000000e+01 6.8750000000000000e+01
6747 2.5000000000000000e+01 7.0000000000000000e+01
6748 2.5000000000000000e+01 7.1250000000000000e+01
6749 2.5000000000000000e+01 7.2500000000000000e+01
6750 2.5000000000000000e+01 7.3750000000000000e+01
6751 2.5000000000000000e+01 7.5000000000000000e+01
6752 2.5000000000000000e+01 7.6250000000000000e+01
6753 2.5000000000000000e+01 7.7500000000000000e+01
6754 2.5000000000000000e+01 7.8750000000000000e+01
6755 2.5000000000000000e+01 8.0000000000000000e+01
6756 2.5000000000000000e+01 8.1250000000000000e+01
6757 2.5000000000000000e+01 8.2500000000000000e+01
6758 2.5000000000000000e+01 8.3750000000000000e+01
6759 2.5000000000000000e+01 8.5000000000000000e+01
6760 2.5000000000000000e+01 8.6250000000000000e+01
6761 2.5000000000000000e+01 8.7500000000000000e+01
6762 2.5000000000000000e+01 8.8750000000000000e+01
6763 2.5000000000000000e+01 9.0000000000000000e+01
6764 2.5000000000000000e+01 9.1250000000000000e+01
6765 2.5000000000000000e+01 9.2500000000000000e+01
6766 2.5000000000000000e+01 9.3750000000000000e+01
6767 2.5000000000000000e+01 9.5000000000000000e+01
6768 2.5000000000000000e+01 9.6250000000000000e+01
6769 2.5000000000000000e+01 9.7500000000000000e+01
6770 2.5000000000000000e+01 9.8750000000000000e+01
6771 1.8750000000000000e+01 1.2500000000000000e+00
6772 1.8750000000000000e+01 2.5000000000000000e+00
6773 1.8750000000000000e+01 3.7500000000000000e+00
6774 1.8750000000000000e+01 5.0000000000000000e+00
6775 1.8750000000000000e+01 6.2500000000000000e+00
6776 1.8750000000000000e+01 7.5000000000000000e+00
6777 1.8750000000000000e+01 8.7500000000000000e+00
6778 1.8750000000000000e+01 1.0000000000000000e+01
6779 1.8750000000000000e+01 1.1250000000000000e+01
6780 1.8750000000000000e+01 1.2500000000000000e+01
6781 1.8750000000000000e+01 1.3750000000000000e+01
6782 1.8750000000000000e+01 1.5000000000000000e+01
6783 1.8750000000000000e+01 1.6250000000000000e+01
6784 1.8750000000000000e+01 1.7500000000000000e+01
6785 1.8750000000000000e+01 1.8750000000000000e+01
6786 1.8750000000000000e+01 2.0000000000000000e+01
6787 1.8750000000000000e+01 2.1250000000000000e+01
6788 1.8750000000000000e+01 2.2500000000000000e+01
6789 1.8750000000000000e+01 2.3750000000000000e+01
6790 1.8750000000000000e+01 2.5000000000000000e+01
6791 1.8750000000000000e+01 2.6250000000000000e+01
6792 1.8750000000000000e+01 2.7500000000000000e+01
6793 1.8750000000000000e+01 2.8750000000000000e+01
6794 1.8750000000000000e+01 3.0000000000000000e+01
6795 1.8750000000000000e+01 3.1250000000000000e+01
6796 1.8750000000000000e+01 3.2500000000000000e+01
6797 1.8750000000000000e+01 3.3750000000000000e+01
6798 1.8750000000000000e+01 3.5000000000000000e+01
6799 1.8750000000000000e+01 3.6250000000000000e+01
6800 1.8750000000000000e+01 3.7500000000000000e+01
6801 1.8750000000000000e+01 3.8750000000000000e+01
6802 1.8750000000000000e+01 4.0000000000000000e+01
6803 1.8750000000000000e+01 4.1250000000000000e+01
6804 1.8750000000000000e+01 4.2500000000000000e+01
6805 1.8750000000000000e+01 4.3750000000000000e+01
6806 1.8750000000000000e+01 4.5000000000000000e+01
6807 1.8750000000000000e+01 4.6250000000000000e+01
6808 1.8750000000000000e+01 4.7500000000000000e+01
6809 1.8750000000000000e+01 4.8750000000000000e+01
6810 1.8750000000000000e+01 5.0000000000000000e+01
6811 1.8750000000000000e+01 5.1250000000000000e+01
6812 1.8750000000000000e+01 5.2500000000000000e+01
6813 1.8750000000000000e+01 5.3750000000000000e+01
6814 1.8750000000000000e+01 5.5000000000000000e+01
6815 1.8750000000000000e+01 5.6250000000000000e+01
6816 1.8750000000000000e+01 5.7500000000000000e+01
6817 1.8750000000000000e+01 5.8750000000000000e+01
6818 1.8750000000000000e+01 6.0000000000000000e+01
6819 1.8750000000000000e+01 6.1250000000000000e+01
6820 1.8750000000000000e+01 6.2500000000000000e+01
6821 1.8750000000000000e+01 6.3750000000000000e+01
6822 1.8750000000000000e+01 6.5000000000000000e+01
6823 1.8750000000000000e+01 6.6250000000000000e+01
6824 1.8750000000000000e+01 6.7500000000000000e+01
6825 1.8750000000000000e+01 6.8750000000000000e+01
6826 1.8750000000000000e+01 7.0000000000000000e+01
6827 1.8750000000000000e+01 7.1250000000000000e+01
6828 1.8750000000000000e+01 7.2500000000000000e+01
6829 1.8750000000000000e+01 7.3750000000000000e+01
6830 1.8750000000000000e+01 7.5000000000000000e+01
6831 1.8750000000000000e+01 7.6250000000000000e+01
6832 1.8750000000000000e+01 7.7500000000000000e+01
6833 1.8750000000000000e+01 7.8750000000000000e+01
6834 1.8750000000000000e+01 8.0000000000000000e+01
6835 1.8750000000000000e+01 8.1250000000000000e+01
6836 1.8750000000000000e+01 8.2500000000000000e+01
6837 1.8750000000000000e+01 8.3750000000000000e+01
6838 1.8750000000000000e+01 8.5000000000000000e+01
6839 1.8750000000000000e+01 8.6250000000000000e+01
6840 1.8750000000000000e+01 8.7500000000000000e+01
6841 1.8750000000000000e+01 8.8750000000000000e+01
6842 1.8750000000000000e+01 9.0000000000000000e+01
6843 1.8750000000000000e+01 9.1250000000000000e+01
6844 1.8750000000000000e+01 9.2500000000000000e+01
6845 1.8750000000000000e+01 9.3750000000000000e+01
6846 1.8750000000000000e+01 9.5000000000000000e+01
6847 1.8750000000000000e+01 9.6250000000000000e+01
6848 1.8750000000000000e+01 9.7500000000000000e+01
6849 1.8750000000000000e+01 9.8750000000000000e+01
6850 1.2500000000000000e+01 1.2500000000000000e+00
6851 1.2500000000000000e+01 2.5000000000000000e+00
6852 1.2500000000000000e+01 3.7500000000000000e+00
6853 1.2500000000000000e+01 5.0000000000000000e+00
6854 1.2500000000000000e+01 6.2500000000000000e+00
6855 1.2500000000000000e+01 7.5000000000000000e+00
6856 1.2500000000000000e+01 8.7500000000000000e+00
6857 1.2500000000000000e+01 1.0000000000000000e+01
6858 1.2500000000000000e+01 1.1250000000000000e+01
6859 1.2500000000000000e+01 1.2500000000000000e+01
6860 1.2500000000000000e+01 1.3750000000000000e+01
6861 1.2500000000000000e+01 1.5000000000000000e+01
6862 1.2500000000000000e+01 1.6250000000000000e+01
6863 1.2500000000000000e+01 1.7500000000000000e+01
6864 1.2500000000000000e+01 1.8750000000000000e+01
6865 1.2500000000000000e+01 2.0000000000000000e+01
6866 1.2500000000000000e+01 2.1250000000000000e+01
6867 1.2500000000000000e+01 2.2500000000000000e+01
6868 1.2500000000000000e+01 2.3750000000000000e+01
6869 1.2500000000000000e+01 2.5000000000000000e+01
6870 1.2500000000000000e+01 2.6250000000000000e+01
6871 1.2500000000000000e+01 2.7500000000000000e+01
6872 1.2500000000000000e+01 2.8750000000000000e+01
6873 1.2500000000000000e+01 3.0000000000000000e+01
6874 1.2500000000000000e+01 3.1250000000000000e+01
6875 1.2500000000000000e+01 3.2500000000000000e+01
6876 1.2500000000000000e+01 3.3750000000000000e+01
6877 1.2500000000000000e+01 3.5000000000000000e+01
6878 1.2500000000000000e+01 3.6250000000000000e+01
6879 1.2500000000000000e+01 3.7500000000000000e+01
6880 1.2500000000000000e+01 3.8750000000000000e+01
6881 1.2500000000000000e+01 4.0000000000000000e+01
6882 1.2500000000000000e+01 4.1250000000000000e+01
6883 1.2500000000000000e+01 4.2500000000000000e+01
6884 1.2500000000000000e+01 4.3750000000000000e+01
6885 1.2500000000000000e+01 4.5000000000000000e+01
6886 1.2500000000000000e+01 4.6250000000000000e+01
6887 1.2500000000000000e+01 4.7500000000000000e+01
6888 1.2500000000000000e+01 4.8750000000000000e+01
6889 1.2500000000000000e+01 5.0000000000000000e+01
6890 1.2500000000000000e+01 5.1250000000000000e+01
6891 1.2500000000000000e+01 5.2500000000000000e+01
6892 1.2500000000000000e+01 5.3750000000000000e+01
6893 1.2500000000000000e+01 5.5000000000000000e+01
6894 1.2500000000000000e+01 5.6250000000000000e+01
6895 1.2500000000000000e+01 5.7500000000000000e+01
6896 1.2500000000000000e+01 5.8750000000000000e+01
6897 1.2500000000000000e+01 6.0000000000000000e+01
6898 1.2500000000000000e+01 6.1250000000000000e+01
6899 1.2500000000000000e+01 6.2500000000000000e+01
6900 1.2500000000000000e+01 6.3750000000000000e+01
6901 1.2500000000000000e+01 6.5000000000000000e+01
6902 1.2500000000000000e+01 6.6250000000000000e+01
6903 1.2500000000000000e+01 6.7500000000000000e+01
6904 1.2500000000000000e+01 6.8750000000000000e+01
6905 1.2500000000000000e+01 7.0000000000000000e+01
6906 1.2500000000000000e+01 7.1250000000000000e+01
6907 1.2500000000000000e+01 7.2500000000000000e+01
6908 1.2500000000000000e+01 7.3750000000000000e+01
6909 1.2500000000000000e+01 7.5000000000000000e+01
6910 1.2500000000000000e+01 7.6250000000000000e+01
6911 1.2500000000000000e+01 7.7500000000000000e+01
6912 1.2500000000000000e+01 7.8750000000000000e+01
6913 1.2500000000000000e+01 8.0000000000000000e+01
6914 1.2500000000000000e+01 8.1250000000000000e+01
6915 1.2500000000000000e+01 8.2500000000000000e+01
6916 1.2500000000000000e+01 8.3750000000000000e+01
6917 1.2500000000000000e+01 8.5000000000000000e+01
6918 1.2500000000000000e+01 8.6250000000000000e+01
6919 1.2500000000000000e+01 8.7500000000000000e+01
6920 1.2500000000000000e+01 8.8750000000000000e+01
6921 1.2500000000000000e+01 9.0000000000000000e+01
6922 1.2500000000000000e+01 9.1250000000000000e+01
6923 1.2500000000000000e+01 9.2500000000000000e+01
6924 1.2500000000000000e+01 9.3750000000000000e+01
6925 1.2500000000000000e+01 9.5000000000000000e+01
6926 1.2500000000000000e+01 9.6250000000000000e+01
6927 1.2500000000000000e+01 9.7500000000000000e+01
6928 1.2500000000000000e+01 9.8750000000000000e+01
6929 6.2500000000000000e+00 1.2500000000000000e+00
6930 6.2500000000000000e+00 2.5000000000000000e+00
6931 6.2500000000000000e+00 3.7500000000000000e+00
6932 6.2500000000000000e+00 5.0000000000000000e+00
6933 6.2500000000000000e+00 6.2500000000000000e+00
6934 6.2500000000000000e+00 7.5000000000000000e+00
6935 6.2500000000000000e+00 8.7500000000000000e+00
6936 6.2500000000000000e+00 1.0000000000000000e+01
6937 6.2500000000000000e+00 1.1250000000000000e+01
6938 6.2500000000000000e+00 1.2500000000000000e+01
6939 6.2500000000000000e+00 1.3750000000000000e+01
6940 6.2500000000000000e+00 1.5000000000000000e+01
6941 6.2500000000000000e+00 1.6250000000000000e+01
6942 6.2500000000000000e+00 1.7500000000000000e+01
6943 6.2500000000000000e+00 1.8750000000000000e+01
6944 6.2500000000000000e+00 2.0000000000000000e+01
6945 6.2500000000000000e+00 2.1250000000000000e+01
6946 6.2500000000000000e+00 2.2500000000000000e+01
6947 6.2500000000000000e+00 2.3750000000000000e+01
6948 6.2500000000000000e+00 2.5000000000000000e+01
6949 6.2500000000000000e+00 2.6250000000000000e+01
6950 6.2500000000000000e+00 2.7500000000000000e+01
6951 6.2500000000000000e+00 2.8750000000000000e+01
6952 6.2500000000000000e+00 3.0000000000000000e+01
6953 6.2500000000000000e+00 3.1250000000000000e+01
6954 6.2500000000000000e+00 3.2500000000000000e+01
6955 6.2500000000000000e+00 3.3750000000000000e+01
6956 6.2500000000000000e+00 3.5000000000000000e+01
6957 6.2500000000000000e+00 3.6250000000000000e+01
6958 6.2500000000000000e+00 3.7500000000000000e+01
6959 6.2500000000000000e+00 3.8750000000000000e+01
6960 6.2500000000000000e+00 4.0000000000000000e+01
6961 6.2500000000000000e+00 4.1250000000000000e+01
6962 6.2500000000000000e+00 4.2500000000000000e+01
6963 6.2500000000000000e+00 4.3750000000000000e+01
6964 6.2500000000000000e+00 4.5000000000000000e+01
6965 6.2500000000000000e+00 4.6250000000000000e+01
6966 6.2500000000000000e+00 4.7500000000000000e+01
6967 6.2500000000000000e+00 4.8750000000000000e+01
6968 6.2500000000000000e+00 5.0000000000000000e+01
6969 6.2500000000000000e+00 5.1250000000000000e+01
6970 6.2500000000000000e+00 5.2500000000000000e+01
6971 6.2500000000000000e+00 5.3750000000000000e+01
6972 6.2500000000000000e+00 5.5000000000000000e+01
6973 6.2500000000000000e+00 5.6250000000000000e+01
6974 6.2500000000000000e+00 5.7500000000000000e+01
6975 6.2500000000000000e+00 5.8750000000000000e+01
6976 6.2500000000000000e+00 6.0000000000000000e+01
6977 6.2500000000000000e+00 6.1250000000000000e+01
6978 6.2500000000000000e+00 6.2500000000000000e+01
6979 6.2500000000000000e+00 6.3750000000000000e+01
6980 6.2500000000000000e+00 6.5000000000000000e+01
6981 6.2500000000000000e+00 6.6250000000000000e+01
6982 6.2500000000000000e+00 6.7500000000000000e+01
6983 6.2500000000000000e+00 6.8750000000000000e+01
6984 6.2500000000000000e+00 7.0000000000000000e+01
6985 6.2500000000000000e+00 7.1250000000000000e+01
6986 6.2500000000000000e+00 7.2500000000000000e+01
6987 6.2500000000000000e+00 7.3750000000000000e+01
6988 6.2500000000000000e+00 7.5000000000000000e+01
6989 6.2500000000000000e+00 7.6250000000000000e+01
6990 6.2500000000000000e+00 7.7500000000000000e+01
6991 6.2500000000000000e+00 7.8750000000000000e+01
6992 6.2500000000000000e+00 8.0000000000000000e+01
6993 6.2500000000000000e+00 8.1250000000000000e+01
6994 6.2500000000000000e+00 8.2500000000000000e+01
6995 6.2500000000000000e+00 8.3750000000000000e+01
6996 6.2500000000000000e+00 8.5000000000000000e+01
6997 6.2500000000000000e+00 8.6250000000000000e+01
6998 6.2500000000000000e+00 8.7500000000000000e+01
6999 6.2500000000000000e+00 8.8750000000000000e+01
7000 6.2500000000000000e+00 9.0000000000000000e+01
7001 6.2500000000000000e+00 9.1250000000000000e+01
7002 6.2500000000000000e+00 9.2500000000000000e+01
7003 6.2500000000000000e+00 9.3750000000000000e+01
7004 6.2500000000000000e+00 9.5000000000000000e+01
7005 6.2500000000000000e+00 9.6250000000000000e+01
7006 6.2500000000000000e+00 9.7500000000000000e+01
7007 6.2500000000000000e+00 9.8750000000000000e+01
7008 1.7404826354980469e+02 3.1350528717041016e+01
7009 1.7596969604492188e+02 3.1357088088989258e+01
7010 1.7403860473632812e+02 6.8642959594726562e+01
7011 1.7596049499511719e+02 6.8648056030273438e+01
7012 1.7404826354980469e+02 8.1350524902343750e+01
7013 1.7596969604492188e+02 8.1357086181640625e+01
7014 1.7601971435546875e+02 2.0998205184936523e+01
7015 1.7397135925292969e+02 2.0999626159667969e+01
7016 1.7595161437988281e+02 2.3728916168212891e+01
7017 1.7401638793945312e+02 2.3721874237060547e+01
7018 1.7601602172851562e+02 2.6276020050048828e+01
7019 1.7397317504882812e+02 2.6264410018920898e+01
7020 1.7602969360351562e+02 2.8812273025512695e+01
7021 1.7397448730468750e+02 2.8812049865722656e+01
7022 1.7622175598144531e+02 3.6859619140625000e+01
7023 1.7376434326171875e+02 3.6861614227294922e+01
7024 1.7405340576171875e+02 3.4116729736328125e+01
7025 1.7597984313964844e+02 3.4124267578125000e+01
7026 1.7589047241210938e+02 3.9616035461425781e+01
7027 1.7401794433593750e+02 3.9592720031738281e+01
7028 1.7611561584472656e+02 4.2122020721435547e+01
7029 1.7403616333007812e+02 4.2351806640625000e+01
7030 1.7603553771972656e+02 4.4911796569824219e+01
7031 1.7396643066406250e+02 4.4918773651123047e+01
7032 1.7602194213867188e+02 4.7462482452392578e+01
7033 1.7396726989746094e+02 4.7461898803710938e+01
7034 1.7602236938476562e+02 5.2537712097167969e+01
7035 1.7396827697753906e+02 5.2537635803222656e+01
7036 1.7397880554199219e+02 5.0003131866455078e+01
7037 1.7602671813964844e+02 5.0002723693847656e+01
7038 1.7603523254394531e+02 5.5082225799560547e+01
7039 1.7396513366699219e+02 5.5088947296142578e+01
7040 1.7596231079101562e+02 5.7647563934326172e+01
7041 1.7387054443359375e+02 5.7880275726318359e+01
7042 1.7598045349121094e+02 6.0406803131103516e+01
7043 1.7410148620605469e+02 6.0382144927978516e+01
7044 1.7623587036132812e+02 6.3140869140625000e+01
7045 1.7377810668945312e+02 6.3144351959228516e+01
7046 1.7595024108886719e+02 6.5882698059082031e+01
7047 1.7401927185058594e+02 6.5869567871093750e+01
7048 1.7603443908691406e+02 7.1188186645507812e+01
7049 1.7397935485839844e+02 7.1187393188476562e+01
7050 1.7602874755859375e+02 7.3728324890136719e+01
7051 1.7398246765136719e+02 7.3716827392578125e+01
7052 1.7601821899414062e+02 7.6277984619140625e+01
7053 1.7397251892089844e+02 7.6266273498535156e+01
7054 1.7602969360351562e+02 7.8812271118164062e+01
7055 1.7397447204589844e+02 7.8812042236328125e+01
7056 1.7622175598144531e+02 8.6859619140625000e+01
7057 1.7376434326171875e+02 8.6861618041992188e+01
7058 1.7405340576171875e+02 8.4116729736328125e+01
7059 1.7597984313964844e+02 8.4124267578125000e+01
7060 1.7589047241210938e+02 8.9616035461425781e+01
7061 1.7401792907714844e+02 8.9592720031738281e+01
7062 1.7611561584472656e+02 9.2122009277343750e+01
7063 1.7403617858886719e+02 9.2351799011230469e+01
7064 1.7602856445312500e+02 9.4920455932617188e+01
7065 1.7396177673339844e+02 9.4919586181640625e+01
7066 1.7584886169433594e+02 9.7700332641601562e+01
7067 1.7385017395019531e+02 9.7383651733398438e+01
7068 1.7711706542968750e+02 2.0566890716552734e+01
7069 1.7287742614746094e+02 2.0567140579223633e+01
7070 1.7718280029296875e+02 1.7679398059844971e+00
7071 1.7718525695800781e+02 3.1066744327545166e+00
7072 1.7718212890625000e+02 6.8750000000000000e+00
7073 1.7718391418457031e+02 9.3750000000000000e+00
7074 1.7717944335937500e+02 1.3125000000000000e+01
7075 1.7717944335937500e+02 1.5625000000000000e+01
7076 1.7717381286621094e+02 1.9365137100219727e+01
7077 1.7702050781250000e+02 2.1781612396240234e+01
7078 1.7293139648437500e+02 2.6884416580200195e+01
7079 1.7294876098632812e+02 2.4351884841918945e+01
7080 1.7705763244628906e+02 2.5631599426269531e+01
7081 1.7295791625976562e+02 3.0684480667114258e+01
7082 1.7706967163085938e+02 2.8150268554687500e+01
7083 1.7293344116210938e+02 4.9371677398681641e+01
7084 1.7706797790527344e+02 5.0629104614257812e+01
7085 1.7706910705566406e+02 5.3147968292236328e+01
7086 1.7272042846679688e+02 5.8075786590576172e+01
7087 1.7699548339843750e+02 3.1981561660766602e+01
7088 1.7705824279785156e+02 3.4569675445556641e+01
7089 1.7706965637207031e+02 4.6850940704345703e+01
7090 1.7707006835937500e+02 4.8112220764160156e+01
7091 1.7708801269531250e+02 4.4313941955566406e+01
7092 1.7705139160156250e+02 5.6951202392578125e+01
7093 1.7285923767089844e+02 6.2091571807861328e+01
7094 1.7699592590332031e+02 5.9553302764892578e+01
7095 1.7295791625976562e+02 8.0684478759765625e+01
7096 1.7301481628417969e+02 8.3279075622558594e+01
7097 1.7705824279785156e+02 8.4569671630859375e+01
7098 1.7713961791992188e+02 8.7909637451171875e+01
7099 1.7686441040039062e+02 9.0703918457031250e+01
7100 1.7291906738281250e+02 9.5589317321777344e+01
7101 1.7294747924804688e+02 9.3048301696777344e+01
7102 1.7734741210937500e+02 6.3129825592041016e+01
7103 1.7705635070800781e+02 6.5431503295898438e+01
7104 1.7699548339843750e+02 8.1981559753417969e+01
7105 1.7706291198730469e+02 7.5636192321777344e+01
7106 1.7706967163085938e+02 7.8150268554687500e+01
7107 1.7699095153808594e+02 6.6717216491699219e+01
7108 1.7704498291015625e+02 6.9314636230468750e+01
7109 1.7707284545898438e+02 7.1851127624511719e+01
7110 1.7708628845214844e+02 9.4316284179687500e+01
7111 1.7370024108886719e+02 9.8676544189453125e+01
7112 1.7703582763671875e+02 9.6926361083984375e+01
7113 1.7701925659179688e+02 9.8306137084960938e+01
7114 1.7506045532226562e+02 9.8872230529785156e+01
7115 1.7293154907226562e+02 8.9165023803710938e+01
7116 1.7265280151367188e+02 8.6872276306152344e+01
7117 1.7293116760253906e+02 7.6884887695312500e+01
7118 1.7293443298339844e+02 7.4362777709960938e+01
7119 1.7293553161621094e+02 7.0584976196289062e+01
7120 1.7300665283203125e+02 6.8017562866210938e+01
7121 1.7290968322753906e+02 5.5687038421630859e+01
7122 1.7293083190917969e+02 5.1886150360107422e+01
7123 1.7292382812500000e+02 4.5589725494384766e+01
7124 1.7294746398925781e+02 4.3048316955566406e+01
7125 1.7293154907226562e+02 3.9165019989013672e+01
7126 1.7265280151367188e+02 3.6872276306152344e+01
7127 1.7281401062011719e+02 2.1333334445953369e+00
7128 1.7281384277343750e+02 5.6250000000000000e+00
7129 1.7281182861328125e+02 8.1250000000000000e+00
7130 1.7281787109375000e+02 1.1875000000000000e+01
7131 1.7281585693359375e+02 1.4375000000000000e+01
7132 1.7281883239746094e+02 1.8123937606811523e+01
7133 1.7281407165527344e+02 1.0625000000000000e+01
7134 1.7281260681152344e+02 6.8750000000000000e+00
7135 1.7281398010253906e+02 4.3819446563720703e+00
7136 1.7718391418457031e+02 1.1875000000000000e+01
7137 1.7718600463867188e+02 8.1250000000000000e+00
7138 1.7718515014648438e+02 5.6245179176330566e+00
7139 1.7281556701660156e+02 1.6874822616577148e+01
7140 1.7301481628417969e+02 3.3279079437255859e+01
7141 1.7713961791992188e+02 3.7909633636474609e+01
7142 1.7686441040039062e+02 4.0703922271728516e+01
7143 1.7285186767578125e+02 6.4178024291992188e+01
7144 1.7718673706054688e+02 4.3718652725219727e+00
7145 1.7718630981445312e+02 1.0625000000000000e+01
7146 1.7718481445312500e+02 1.4375000000000000e+01
7147 1.7718420410156250e+02 1.6874822616577148e+01
7148 1.7718467712402344e+02 1.8123327255249023e+01
7149 1.7699693298339844e+02 2.3075227737426758e+01
7150 1.7704255676269531e+02 2.4364461898803711e+01
7151 1.7706855773925781e+02 2.6892488479614258e+01
7152 1.7706895446777344e+02 2.9416351318359375e+01
7153 1.7704977416992188e+02 3.0684864044189453e+01
7154 1.7699952697753906e+02 3.3287128448486328e+01
7155 1.7714866638183594e+02 3.5826347351074219e+01
7156 1.7735200500488281e+02 3.6869121551513672e+01
7157 1.7702909851074219e+02 3.9213790893554688e+01
7158 1.7727151489257812e+02 4.1924182891845703e+01
7159 1.7712823486328125e+02 4.3032169342041016e+01
7160 1.7707801818847656e+02 4.5584617614746094e+01
7161 1.7707260131835938e+02 4.9371452331542969e+01
7162 1.7707168579101562e+02 5.1888309478759766e+01
7163 1.7707626342773438e+02 5.4411224365234375e+01
7164 1.7707315063476562e+02 5.5678112030029297e+01
7165 1.7699555969238281e+02 5.8247577667236328e+01
7166 1.7706756591796875e+02 6.0835945129394531e+01
7167 1.7715908813476562e+02 6.2093238830566406e+01
7168 1.7715533447265625e+02 6.4173683166503906e+01
7169 1.7699499511718750e+02 6.8028518676757812e+01
7170 1.7707075500488281e+02 7.0583763122558594e+01
7171 1.7707037353515625e+02 7.3112655639648438e+01
7172 1.7707051086425781e+02 7.4372879028320312e+01
7173 1.7706980895996094e+02 7.6893577575683594e+01
7174 1.7706895446777344e+02 7.9416351318359375e+01
7175 1.7704977416992188e+02 8.0684860229492188e+01
7176 1.7699952697753906e+02 8.3287124633789062e+01
7177 1.7714866638183594e+02 8.5826347351074219e+01
7178 1.7735200500488281e+02 8.6869117736816406e+01
7179 1.7702909851074219e+02 8.9213790893554688e+01
7180 1.7727151489257812e+02 9.1924179077148438e+01
7181 1.7712796020507812e+02 9.3032554626464844e+01
7182 1.7706703186035156e+02 9.5605659484863281e+01
7183 1.7608570861816406e+02 9.8975738525390625e+01
7184 1.7281300354003906e+02 3.1692130565643311e+00
7185 1.7281265258789062e+02 9.3750000000000000e+00
7186 1.7281394958496094e+02 1.3125000000000000e+01
7187 1.7281356811523438e+02 1.5624970436096191e+01
7188 1.7282437133789062e+02 1.9365179061889648e+01
7189 1.7296760559082031e+02 2.1781812667846680e+01
7190 1.7298310852050781e+02 2.3072292327880859e+01
7191 1.7293145751953125e+02 2.5622188568115234e+01
7192 1.7292669677734375e+02 2.8149099349975586e+01
7193 1.7293185424804688e+02 2.9416189193725586e+01
7194 1.7300888061523438e+02 3.1969734191894531e+01
7195 1.7294242858886719e+02 3.4568115234375000e+01
7196 1.7284494018554688e+02 3.5827754974365234e+01
7197 1.7284059143066406e+02 3.7908473968505859e+01
7198 1.7299914550781250e+02 4.0441551208496094e+01
7199 1.7300318908691406e+02 4.1750659942626953e+01
7200 1.7292570495605469e+02 4.4322410583496094e+01
7201 1.7292517089843750e+02 4.6850173950195312e+01
7202 1.7292611694335938e+02 4.8111431121826172e+01
7203 1.7292903137207031e+02 5.0629306793212891e+01
7204 1.7292454528808594e+02 5.3149826049804688e+01
7205 1.7291964721679688e+02 5.4415809631347656e+01
7206 1.7286628723144531e+02 5.6968719482421875e+01
7207 1.7312690734863281e+02 5.9297309875488281e+01
7208 1.7296775817871094e+02 6.0786258697509766e+01
7209 1.7264784240722656e+02 6.3132789611816406e+01
7210 1.7293045043945312e+02 6.5429565429687500e+01
7211 1.7299914550781250e+02 6.6711456298828125e+01
7212 1.7295350646972656e+02 6.9315299987792969e+01
7213 1.7293135070800781e+02 7.1847068786621094e+01
7214 1.7292958068847656e+02 7.3104804992675781e+01
7215 1.7292817687988281e+02 7.5625640869140625e+01
7216 1.7292665100097656e+02 7.8149177551269531e+01
7217 1.7293185424804688e+02 7.9416198730468750e+01
7218 1.7300888061523438e+02 8.1969734191894531e+01
7219 1.7294242858886719e+02 8.4568115234375000e+01
7220 1.7284494018554688e+02 8.5827751159667969e+01
7221 1.7284059143066406e+02 8.7908477783203125e+01
7222 1.7299914550781250e+02 9.0441551208496094e+01
7223 1.7300320434570312e+02 9.1750656127929688e+01
7224 1.7292413330078125e+02 9.4322471618652344e+01
7225 1.7288920593261719e+02 9.6793159484863281e+01
7226 1.7283792114257812e+02 9.7820671081542969e+01
7227 1.7498750305175781e+02 2.1329149246215820e+01
7228 1.7573861694335938e+02 2.2359169006347656e+01
7229 1.7423468017578125e+02 2.2362403869628906e+01
7230 1.7602369689941406e+02 3.0080505371093750e+01
7231 1.7398944091796875e+02 3.0079284667968750e+01
7232 1.7398974609375000e+02 6.9919746398925781e+01
7233 1.7602369689941406e+02 8.0080505371093750e+01
7234 1.7602368164062500e+02 6.9920417785644531e+01
7235 1.7398942565917969e+02 8.0079284667968750e+01
7236 1.7603199768066406e+02 5.3809074401855469e+01
7237 1.7604080200195312e+02 7.2455543518066406e+01
7238 1.7396566772460938e+02 4.8732410430908203e+01
7239 1.7603169250488281e+02 5.1272075653076172e+01
7240 1.7602995300292969e+02 4.8732532501220703e+01
7241 1.7396806335449219e+02 5.1271800994873047e+01
7242 1.7603147888183594e+02 7.4997627258300781e+01
7243 1.7397100830078125e+02 7.4990318298339844e+01
7244 1.7397312927246094e+02 2.4988540649414062e+01
7245 1.7600613403320312e+02 2.4995313644409180e+01
7246 1.7396542358398438e+02 2.7542793273925781e+01
7247 1.7602845764160156e+02 2.7546304702758789e+01
7248 1.7601823425292969e+02 5.6362899780273438e+01
7249 1.7396527099609375e+02 7.7543190002441406e+01
7250 1.7598294067382812e+02 9.6248008728027344e+01
7251 1.7396110534667969e+02 5.3811256408691406e+01
7252 1.7393316650390625e+02 5.6407215118408203e+01
7253 1.7392292785644531e+02 9.6170158386230469e+01
7254 1.7398323059082031e+02 9.3637870788574219e+01
7255 1.7602903747558594e+02 7.7546806335449219e+01
7256 1.7396170043945312e+02 4.6190887451171875e+01
7257 1.7398423767089844e+02 4.3637756347656250e+01
7258 1.7606617736816406e+02 4.3594192504882812e+01
7259 1.7603210449218750e+02 4.6189098358154297e+01
7260 1.7606469726562500e+02 9.3596061706542969e+01
7261 1.7397686767578125e+02 7.2451507568359375e+01
7262 1.7576158142089844e+02 3.2741233825683594e+01
7263 1.7576158142089844e+02 8.2741233825683594e+01
7264 1.7424356079101562e+02 6.7256904602050781e+01
7265 1.7421456909179688e+02 9.0951278686523438e+01
7266 1.7578308105468750e+02 5.9047382354736328e+01
7267 1.7421456909179688e+02 4.0951278686523438e+01
7268 1.7498742675781250e+02 5.5743171691894531e+01
7269 1.7500834655761719e+02 9.4260818481445312e+01
7270 1.7501322937011719e+02 4.4257766723632812e+01
7271 1.7500798034667969e+02 7.0549964904785156e+01
7272 1.7500396728515625e+02 2.9450012207031250e+01
7273 1.7500396728515625e+02 7.9450004577636719e+01
7274 1.7499623107910156e+02 5.3178977966308594e+01
7275 1.7499548339843750e+02 4.6821544647216797e+01
7276 1.7488275146484375e+02 9.6823341369628906e+01
7277 1.7500741577148438e+02 7.3084930419921875e+01
7278 1.7499815368652344e+02 7.6907852172851562e+01
7279 1.7499761962890625e+02 2.6906606674194336e+01
7280 1.7499946594238281e+02 7.5631782531738281e+01
7281 1.7498887634277344e+02 2.5630796432495117e+01
7282 1.7500343322753906e+02 7.4358299255371094e+01
7283 1.7498571777343750e+02 2.4389722824096680e+01
7284 1.7499925231933594e+02 5.0636402130126953e+01
7285 1.7499853515625000e+02 4.9366241455078125e+01
7286 1.7501863098144531e+02 8.3726249694824219e+01
7287 1.7501863098144531e+02 3.3726249694824219e+01
7288 1.7498416137695312e+02 6.6271125793457031e+01
7289 1.7507078552246094e+02 6.0040924072265625e+01
7290 1.7492558288574219e+02 8.9957939147949219e+01
7291 1.7492558288574219e+02 3.9957935333251953e+01
7292 1.7501208496093750e+02 5.8159671783447266e+01
7293 1.7498309326171875e+02 9.1840393066406250e+01
7294 1.7498309326171875e+02 4.1840408325195312e+01
7295 1.7499765014648438e+02 5.1905765533447266e+01
7296 1.7499647521972656e+02 4.8096183776855469e+01
7297 1.7499533081054688e+02 6.8213287353515625e+01
7298 1.7501348876953125e+02 8.1785202026367188e+01
7299 1.7501348876953125e+02 3.1785202026367188e+01
7300 1.7499993896484375e+02 2.8178340911865234e+01
7301 1.7500010681152344e+02 7.8178695678710938e+01
7302 1.7500781250000000e+02 7.1819587707519531e+01
7303 1.7496455383300781e+02 9.5557060241699219e+01
7304 1.7500074768066406e+02 4.5548313140869141e+01
7305 1.7499618530273438e+02 5.4452274322509766e+01
7306 1.7498539733886719e+02 2.3312417984008789e+01
7307 1.7500808715820312e+02 3.0683769226074219e+01
7308 1.7500808715820312e+02 8.0683769226074219e+01
7309 1.7500263977050781e+02 6.9315734863281250e+01
7310 1.7503308105468750e+02 4.2967323303222656e+01
7311 1.7503186035156250e+02 9.2968162536621094e+01
7312 1.7496395874023438e+02 5.7033466339111328e+01
7313 1.7466850280761719e+02 9.7891220092773438e+01
7314 1.7501091003417969e+02 8.4827201843261719e+01
7315 1.7501091003417969e+02 3.4827201843261719e+01
7316 1.7499029541015625e+02 6.5171752929687500e+01
7317 1.7503106689453125e+02 6.1118137359619141e+01
7318 1.7496626281738281e+02 8.8882110595703125e+01
7319 1.7496626281738281e+02 3.8882110595703125e+01
7320 1.7449414062500000e+02 5.9134616851806641e+01
7321 1.7549896240234375e+02 9.0865264892578125e+01
7322 1.7549896240234375e+02 4.0865268707275391e+01
7323 1.7573138427734375e+02 6.7288261413574219e+01
7324 1.7427415466308594e+02 8.2709823608398438e+01
7325 1.7427415466308594e+02 3.2709823608398438e+01
7326 1.7608085632324219e+02 6.1679100036621094e+01
7327 1.7607098388671875e+02 8.5396339416503906e+01
7328 1.7607098388671875e+02 3.5396339416503906e+01
7329 1.7392724609375000e+02 6.4603675842285156e+01
7330 1.7391822814941406e+02 8.8321807861328125e+01
7331 1.7391822814941406e+02 3.8321804046630859e+01
7332 1.7499749755859375e+02 6.3855030059814453e+01
7333 1.7500279235839844e+02 8.6146697998046875e+01
7334 1.7500279235839844e+02 3.6146694183349609e+01
7335 1.7498391723632812e+02 3.7562500000000000e+01
7336 1.7498391723632812e+02 8.7562500000000000e+01
7337 1.7501538085937500e+02 6.2439002990722656e+01
7338 1.7603851318359375e+02 3.8340614318847656e+01
7339 1.7603851318359375e+02 8.8340614318847656e+01
7340 1.7395884704589844e+02 6.1660243988037109e+01
7341 1.7393647766113281e+02 8.5391349792480469e+01
7342 1.7393647766113281e+02 3.5391349792480469e+01
7343 1.7606427001953125e+02 6.4609252929687500e+01
