1,1,0.00022361346500058925,-0.00025550190495762077,8.4752074931616011e-05,-0.00099540326271679554,-0.00029291678728907448,-0.0015189580809824097,0.00025591560607783923,0.90856200554012811
2,1,-0.0001348732577167353,0.00020745514972176978,0.00035387272628907497,0.0013450531427172954,-0.0007723753926253752,-0.00042145740264291312,4.6977252704683562e-05,0.79630278702670831
3,1,-4.4868403718142058e-05,-0.00014557281489929641,-1.0397806961637524e-05,-8.548643315689825e-05,-0.0014772964114301021,-0.0015054474729074654,0.00057032057024221817,0.39921679151363537
4,1,0.00010996950129415242,-7.5424848837069944e-05,-4.7040092833269097e-05,-0.0002243028525001955,0.00017191751958159525,-8.1846763842457169e-05,0.00097603224326304973,0.18519766726825174
5,1,0.00024524382263728552,0.00044614085087618877,0.00042252577496378231,0.00024579263903899158,0.00017818264241791079,0.00048213974117105874,0.00087664562306304745,0.17602295311359276
6,1,0.00026076135711346042,0.00022825911487621325,-0.00012756592507728463,-0.0001119603291994669,-0.00044993230250228277,0.00065733333478676099,0.00091919072222762716,0.83389455293115911
7,1,-0.00031445757202114771,7.3991850197462945e-05,-0.00018901877459276832,0.00049260111888305711,0.00014467842285782167,0.00094246233633922094,0.00082974182789569877,0.025724709993243371
8,1,-0.00018173110466638341,1.1451531957274089e-05,-4.3147339694792266e-05,0.00020457528884408125,0.00063957415494435158,0.0002696962346851398,0.00057116413900848407,0.55219197601849901
9,1,0.00026349305021677177,-0.00012669123894970896,-8.1580198552768873e-05,0.00052379314929069281,0.00046682790413042283,-0.00057450012204847433,0.00035790264536820793,0.25265946377125192
10,1,5.1172852595182684e-05,0.00010162125596341147,-0.00026273020752454282,0.00064519238612623423,0.0010253663493569386,-0.00107740697717155,0.00024642268495811561,0.86943493890980328
11,1,-0.00021567700963865397,0.00013708936431817249,-3.2810332848646647e-05,0.0014366957359816675,0.00064128790482958738,-0.00063601650459946789,0.00032234916447246466,0.63495291533916032
12,1,0.00024685267591156455,0.00038494600346183758,0.00016873450879145339,0.001034118904177195,-0.00021374462658177418,-0.00039173584309547596,0.00024592075482980234,0.4174943404092194
13,1,7.8041237956992524e-05,-0.00024062605754338834,0.00025676948936693419,-0.00072976015018547417,0.00034259622356643617,-0.00062463933430701953,0.000617028183295944,0.23568794253417902
14,1,1.3403462690375121e-05,0.00025626879131138548,-3.4037289025673138e-05,-3.6447276583143343e-05,0.00033257902026253997,0.0012733003221140956,0.00066765048001073092,0.54137216692474632
15,1,-6.8520811052184493e-06,-0.00010197937568585368,-0.00024526301146717352,-0.0002917394113120272,0.00011038987668246544,-0.0011074376962769527,0.00081689637070438722,0.13118523465489071
16,1,-0.00017092038348669154,-0.00021926421635777818,-0.00015824623053021784,0.00053064325080973054,0.0003174308522709468,0.00013164287703298992,0.00095873023868849885,0.69751142969252811
17,1,-5.0251667076074626e-05,-0.00013310294359945599,0.00011308448530650939,-0.00074737567036053032,0.00043940150418042328,-0.00073425481074452983,0.00015653962943181209,0.94608278520795819
18,1,9.1759979157877517e-06,9.3525162458381108e-05,0.00021626778936471012,0.00038583494741782745,0.00023323422860170188,0.00018452274684122418,0.00077294660905106191,0.85737771249124206
19,1,0.00029010619751421765,-0.00010023645421991654,-0.00013835567901065543,-4.1264697366277412e-05,-0.00020369517246768769,-0.00048060836682021747,0.00041418819892420389,0.29707028883180309
20,1,4.1943691199351384e-05,-0.00010718140849814308,0.00035392709294134942,0.0005494476527580142,0.0012528868807367224,-0.00093078120211235495,8.2425027595157019e-05,0.73016087549439967
21,1,-4.4974696656583949e-05,-0.00019673969550812313,0.00035339215535476828,0.00012531972163826792,8.6543173109631259e-05,-0.00060460328687684823,0.00065037581853033836,0.091171417420640707
22,1,1.5312346710306415e-05,0.00029556383581606755,-2.2304847526669788e-05,-9.6610008733717076e-05,-0.00019525937036262672,0.00069202275532761169,0.00059185921112752695,0.30326538028383976
23,1,8.8598468442291014e-05,-6.290260467166079e-06,0.00020876618426928807,0.00052385699920860101,0.0016854405162844161,-0.00011007895117366206,0.00061039899367859953,0.46954802957420466
24,1,2.439955013646874e-05,0.00013429923402373141,-0.00011259138321981419,-0.00076538750742491358,0.00034445071758312145,-0.00032507860718258375,0.00034825078366406017,0.5167343914875796
25,1,0.00032648981461310994,0.00011117397761572732,0.00020245964883132449,0.00021912363183838608,1.7112867359510165e-05,0.00029480872107607225,0.00082022234038429216,0.73017269855521272
26,1,-0.000124202341926607,0.0001003010465613438,-0.00032305799631468469,0.00059217310599288427,-0.00039912371770666876,0.00029646747652262227,5.2769799740485901e-05,0.84223173662394757
27,1,-0.00023743918256419918,-6.5438504730138333e-06,5.1600712907976761e-06,0.00035669351302204346,6.7539701388869756e-06,0.0020621608805758999,0.00041397750831264322,0.54257615136532433
28,1,0.00026892031082989694,0.00028344481036738999,0.0002884636187892331,-0.00016400628214329987,0.00068432000977760405,0.00036390267834625275,0.00086306426690854841,0.89807883502226538
29,1,0.00024607087123367102,-0.00029418812745050471,0.00029042638147278645,-0.00050649285622935943,0.00029296710733354346,-0.0010843275438649654,0.00047409568864746344,0.6855172089792092
30,1,0.00012805240807464883,-4.1025650766686938e-06,-9.0103877073433657e-05,0.00015438332332068342,0.0010830662740011067,0.00039037876317163107,0.00044908698077686637,0.28719851691899828
31,1,0.00017972043978849685,-8.4348437500356743e-06,6.7084409863766878e-05,-0.0013872823513088805,0.00021046159628507693,0.00083243938246570768,0.00062949737998858261,0.89453784722449547
32,1,-0.00019063025137661411,-0.00034778725655511359,-0.00019787557375645391,0.00029265018802751889,0.00016636652583000856,0.00033383092058478995,6.697918855578955e-05,0.6592376254242458
33,1,4.8342525964431621e-05,-1.6339835608631961e-05,0.00015931637046960603,0.0015920575952201254,-0.0013511729967355026,0.0010494889061316685,0.00025623178193913919,0.48556304244083442
34,1,-0.00026361256111311375,5.0803989275531483e-05,0.00020600316653606054,-0.00026037911282049246,0.00087405800534349153,-0.00067808571702579251,0.0007434653923829341,0.87593624382863045
35,1,-0.00017181123868136226,-0.00015041977787144962,0.00010631997962437605,0.0010685592522648977,6.6196561039835874e-05,0.00030291409162012657,0.00090840634022732673,0.8368698555836187
36,1,8.4403755680853896e-05,3.1850712816199826e-05,0.00025601028067567127,0.0012264273712806488,0.00021755561569441773,-0.001475707374967378,0.00033760483742451599,0.790607950175927
37,1,9.9952037152184223e-05,-0.00012299753699702613,-8.6838411431561778e-05,-0.0015352964108324755,0.00029023660549035754,0.00084892154601268828,0.00053043302968708923,0.94364847353661585
38,1,0.00017071360872451062,1.3750900026344005e-07,-0.00044874559758975921,-0.0012439893741817089,0.00064916900556248657,0.00041813354602986304,0.00054123177778768743,0.8085661334872738
39,1,-0.0002857631664652053,9.3683475291572149e-05,-0.00027714876224011099,0.00021233959370452904,0.00034567251708285521,-4.7071788392501711e-05,0.00048129777049229995,0.51420638488507076
40,1,0.00017327719231573579,0.00035248465653503025,-0.00013128154743455783,9.0972245978949783e-05,0.00011086746118483002,0.00049831441646953738,0.00044984501390918195,0.73219239420962057
41,1,0.00040692190537176104,-0.00019007707249335342,-3.8269919635739247e-05,0.00037044100340166881,0.0011658777543239554,0.00022254700191840247,0.00017063429375739004,0.2094797556428247
42,1,2.9466493948128299e-05,-0.00026889621547159767,0.00040324090291705197,3.1688627119591146e-05,0.00076238097589908008,0.00048046787567600533,0.00067090152034544447,0.6456779162473949
43,1,-0.00028057985212524622,-0.00011182567449550132,-6.7200470660093761e-06,-0.00038285710222543971,0.00024144496973983216,0.00040419970258507795,0.00011676640908301062,0.92263437058485831
44,1,-0.00025294553810317977,0.00035699726336595953,0.00019237367857156333,0.00068627855531744699,0.00028400966816309484,-0.00070762531262858288,0.00051364023977546131,0.50528339008504985
45,1,0.00020287373378766814,-6.7337866603163559e-06,0.00015585648532123026,-0.00071657318961574604,0.0011179072044677932,0.00037730686084461564,0.00094391775578223135,0.60279202280839272
46,1,-0.00015693767863480398,0.00019823620743645516,-0.00016531509571239992,0.00034907733461024776,-0.00039180474525389954,0.00075423514291501263,0.00065633076706383346,0.86642428591869058
47,1,-0.00011891814372597348,0.00017069348506881912,5.8165860382459955e-05,0.00018134021939824891,0.0015136846707748928,0.0015852726785656115,0.00099378488785279795,0.70719174950677421
48,1,-0.00026053667498185168,0.00013370157138925626,-0.00052273460912824531,-0.00025927638370086558,0.00015014105276961039,0.00025530078128717897,0.0009391591523687094,0.57156325448062206
49,1,0.00015797763930655367,-0.00028364772033186636,0.00050799140835330403,0.00094006499698773272,0.0016844831330890648,2.3403437366776442e-05,0.00049250778048055149,0.24886693800938806
50,1,5.8887717380674145e-05,7.4519283467939262e-05,0.00026347464061434291,-0.00030257786158890601,-1.7703535904693414e-05,-0.00040617467482174702,0.00022996298980045349,0.42213052841999643
51,1,1.6598201319436219e-05,0.00012570250590356123,-1.7612965040673309e-05,-5.866661509325357e-05,-0.00020574337760123537,0.00019851534848922185,0.00060655702721016335,0.32669317671878445
52,1,-0.00014007445355366225,0.00023597060098018804,0.00030679388138238545,0.0015040259254632026,-0.00055308325020773008,0.00095754594930494311,5.2996413396017903e-05,0.71396516183279235
53,1,-0.00044023661973389755,-4.1173038046434811e-05,0.00018568893528453367,0.00078747294350670983,0.0011181054911415472,-0.0012485798943419643,0.00084899888875485173,0.77195116721008639
54,1,-8.0055590223126848e-05,0.00024201303242495713,2.6020505172039923e-05,0.00062981316800557365,0.00058906556892599979,-0.00059781322825741296,0.00056332825383465185,0.15755951355907996
55,1,7.8220804275960006e-05,-0.00012816568428865486,0.00014006389319457058,-0.0011737309332184546,0.00031352185268954959,-0.00014163559451250445,0.00026884144441764567,0.61164710432970226
56,1,-0.0002562229564690478,3.8149806466202016e-05,-0.00013689670663536826,-0.00086419747511001658,0.0011402528071730092,-2.5516683913233369e-05,5.6662141024648618e-05,0.38088580450105169
57,1,-0.00016009125712318438,0.00012553160412057918,-0.00018182984267974304,0.00069678832342915016,-0.0010606106547362548,-0.0016238367537311079,0.00091687755767704069,0.82849532070798226
58,1,-2.4634438651129486e-05,-2.4760413301036895e-05,-0.00029637120024228312,0.00026088448773785782,-0.00075123551008290294,0.00098536870393879867,0.00021019501771469317,0.89312612827435733
59,1,5.0380924159685409e-06,0.00017210260844514029,2.414257062837955e-05,6.0943786649543346e-05,-0.00086573812324568819,-0.00063182809575384709,0.00087284720393967195,0.65763801047415094
60,1,0.00041707366618445987,-9.1884964744160728e-05,0.00017894331605831308,-0.00095735563887478902,0.00066981270859463933,0.0016685962612587343,0.00017546743474794034,0.10723041870728453
61,1,2.9246698378140221e-05,9.1201015987003181e-05,-0.00014765943315264485,-0.00076789954266435958,0.0011228947631678914,0.00079021985117682584,7.9051715646112126e-05,0.50840378835945232
62,1,-3.3014546982674946e-05,0.00024921914342727447,-0.00018691545951462666,3.4401762037458659e-05,0.00050315226698783742,0.0010520269077797905,0.00053879873120736598,0.15303363798551836
63,1,-0.000169242173807237,0.00019683538185402704,-3.7395412575300784e-05,0.0013284539431073494,0.00058220714813430772,-0.0011056304131460051,0.00037856849822040127,0.57258914344159828
64,1,0.00022343165408016954,-0.00011831468784562413,-2.8703999918621086e-06,-9.267752769153849e-05,5.4704236049866472e-05,0.0011508120352544124,0.00065816141062270304,0.074471867550876342
65,1,0.00025170054068624392,-3.1725659596760225e-05,0.00011343150486251703,-0.0013022982060459203,0.00030662115907499415,0.00018119651650480833,0.00091991352915338079,0.027270223659758789
66,1,-0.00029996333968779031,0.00011355545461681534,0.00016013311683451908,-0.00026668906630185801,-0.0011993534853385129,-0.00016302805495076769,0.00092183899112647312,0.83040735937492982
67,1,-9.9972262759220101e-05,-0.00021767248823379728,9.2567860465019559e-05,-0.00092562016909030246,-0.00039360491374488746,0.00063956424127962932,1.7164763425162598e-05,0.64376095036614367
68,1,-0.00022758776047335534,-0.00012807198615755378,-7.1226612573165206e-05,-0.00060375550386465983,-0.00078921579147347336,-0.00088648018111090235,0.00018392308060029416,0.33018499819383962
69,1,-1.3103471359700469e-05,8.9531709582518239e-05,-7.0087947627855604e-06,-0.00018620122404190619,-0.0019883170011569776,0.00048769307305479548,0.00095567707031340803,0.86409196604315686
70,1,-2.8584951043207246e-05,0.0002776233998901381,-0.00016169283821701206,-0.00029182262160650212,0.0007773140506014566,-0.00015777609033335377,0.00045851310516427471,0.8411458363883948
71,1,-0.00021380243868578491,0.00010955627097603167,-0.00016968233671952338,-0.00048084892484321316,0.00020825363088736501,8.0994824657829847e-05,0.00083838645877868929,0.84907229586775401
72,1,-0.00027342271932353037,-0.00027513776233042633,-0.00017976017576873629,0.0012727713033029446,-0.00069522746975555008,0.0001390625820202617,0.00039162791534757212,0.79679694832090409
73,1,0.00012711076201362009,9.4919075356407167e-05,0.00016539207638183479,-0.00053510670934689907,0.0010528755135951657,-0.0013195925734953845,0.00094818047427476797,0.3557484691569977
74,1,0.00014501695972805339,-7.6185186563719622e-05,-0.00039071488136060392,-0.00057851506678061179,-4.9162257265179484e-05,-0.00046736244948903386,0.00011459274028577326,0.5031494339910827
75,1,-0.00031017081298625624,0.00017297780587493356,-4.8674171164010085e-05,0.00053988692405457759,-0.00072864138408884084,-0.0017323447687156409,0.00013089896834204618,0.51928129623069474
76,1,0.00011659646977442329,-0.00017300060657315128,0.00033412268983544713,-0.00096857914465847011,0.00088395986716201756,-0.00075647163466661558,0.00045068445996438599,0.17491950032686163
77,1,-0.00012267626501505762,0.00023462252492434553,-0.00012705062164711765,0.0002579124090039324,0.00049339946592229526,0.00077802513161914571,0.00072082737906429054,0.77680703233115767
78,1,-0.00015104722450693211,8.2970782826318078e-05,-0.00013569390152733436,-0.00072836049161278786,0.00043322279474931939,-0.00035449339943597778,0.00079102857447480262,0.15839654363216288
79,1,7.87539361847402e-05,-0.00010022823551490614,0.00026182271686974031,0.00036006002158458627,0.00036097683779727789,-0.00042319078861713123,0.00092400923799467827,0.71013801123266873
80,1,-0.0001666959263573474,4.9185649667383174e-05,-0.00013110845605769834,-0.0015613192591424846,-0.00072772905147762206,0.00020939239728204432,0.000438832767218014,0.19992092839170861
81,1,-0.0001893064851217775,-5.0333918198660477e-05,-0.00020036652038897429,0.00025973450865793377,-0.001349134747494358,0.00034060215708967923,0.00040501621684311298,0.69332095698233587
82,1,7.9588105216257484e-05,-4.8217452168083374e-05,0.00024060403710983103,2.2134908189559162e-05,-0.00022197319797376947,-0.00069029141830565085,0.00035939241718470452,0.22299539383464517
83,1,0.00016189098963097969,0.00010031819743953113,-5.2269355165670688e-05,-0.00013640244973194029,0.00042356172910054917,0.001393633779954004,0.00080747102867185908,0.05648557178673777
84,1,8.3018831597318253e-05,8.7099347168082504e-05,-5.7814916758946621e-05,0.00020144812561062066,-0.00047718291564419191,0.0016561385300253226,0.00098845285698662003,0.38505644481118156
85,1,0.00011021578755426993,-5.0114600079343422e-05,0.00025039956959699723,0.00056313272402774297,-0.00096616492231348171,0.00072597049941250445,0.00010765245136870827,0.48402233129461786
86,1,-0.00028001978473276846,0.00020514622530683113,0.00050299326801382313,0.00084497039637882886,-0.0010551829987633845,-0.0014559414755019994,1.7393243362383347e-05,0.25186320153011144
87,1,8.0845146171130012e-06,-0.0002011009340193771,0.00027151215355387677,-0.0009566045090124792,-0.0010457699452667063,-0.00017907062928627303,0.0002480001654228904,0.4296935444416552
88,1,9.8254726258196795e-05,0.000287510893477889,0.0001880734367752509,-0.00056788445656426529,-0.00042784251474116105,0.0001702971114603351,0.00096072756437458632,0.85663968329201956
89,1,-0.00027466526889838425,0.00024852925700811877,-1.4987845228676675e-05,0.00090159370205911409,-8.5673755881968431e-05,0.00021580185701721019,0.00021939769732580062,0.068354411230724235
90,1,9.5730040467873688e-05,-4.6293144000647519e-06,-0.00014367786065375677,0.00036718770543506501,-0.00061639766026374361,0.00081353692655393428,0.00074658398001170264,0.77637054117738835
91,1,-0.00020057908681095032,9.1980005051873413e-05,-0.00028693292122643433,0.00067276181939385628,-4.4324336097332472e-05,-0.00025372474970622628,0.00055497729392424086,0.68605608858371092
92,1,-3.914718468801071e-05,-3.7240258710481527e-05,-0.00026567415007482749,0.00034875590314671282,0.00070976752624115106,-0.001445847722447722,0.00051953223999758123,0.40905429904526769
93,1,0.00014609947915531909,-0.00021051508120684272,0.00040842232568189484,-0.0011762372085064412,0.00055177521245948079,-0.00054134043627402165,0.00010090475304819491,0.19414178076878824
94,1,5.5721836281549744e-05,-7.2228994704702585e-05,7.5735223148298253e-05,-0.001353810178741411,-0.00020641402185568667,0.00072806626916503811,0.00043140603549260003,0.2942559714516802
95,1,-0.00015108408148836725,-0.00019713338765308799,0.00017474901529357877,-7.8101953163835854e-05,-0.0006805562096343971,-0.0004474254128687535,0.00077509157095685308,0.50233999915121519
96,1,0.00012214495723605675,5.5643898925598816e-05,-3.7493143474420405e-06,-2.7327535024184574e-05,0.00097635984879987044,0.00026534271489027031,0.00017998800335026512,0.31148706717432983
97,1,0.00010268127549635829,2.2722148264455597e-05,0.00013996036582083452,9.6857271383510687e-05,0.0011540564263384616,-0.0016562003497690044,0.00098955974152220897,0.7133786329635784
98,1,-6.2879701207136361e-05,-0.00037740143181511684,2.8266441968342221e-05,-0.00092773050613600787,-0.00071920452299834069,-0.00040061451806295114,0.00036937583641938332,0.39334012781127131
99,1,4.7870637780002409e-05,-0.00012945251866747044,-4.7485987758389767e-05,0.0003490154269387426,0.0006343766265714259,0.0010454858330013936,0.00067486134033253506,0.56997986809204881
100,1,-0.00025146934437133433,-0.00030916741200065956,6.2030354180765676e-05,-0.00069686940751288035,0.00069048083193275168,-0.00028084333053541877,0.00070838005076664576,0.35183861613654854
101,1,0.0002275114437296943,-0.00013356081193896364,-9.4344597982605741e-07,-0.00088135892305594293,-0.00031987475830556466,0.00026518935649292105,0.00016820175910815428,0.50000523652444384
102,1,0.00023322527886068738,0.00016217867782180207,7.7921307644978423e-05,0.0002742423339145842,-0.0012846709467767064,6.1316632554307498e-05,0.00061085716288812207,0.21089646788456418
103,1,-8.508278197185864e-05,-0.00022546603122290614,-0.00023886724904346519,0.00010293615544602311,0.0012516796900296423,0.00055747118968876679,8.2335136948387232e-05,0.22698017551142149
104,1,-0.00016739196953523088,-0.00012377002117404956,-0.00013927772500120392,0.00082614042293242395,0.00031972672291162129,-0.0010783769962951584,0.00049184241119325592,0.48718714306924232
105,1,-3.9754833124069128e-05,9.0460327441516783e-05,-1.4916383273392625e-05,0.00053104059292020836,0.00067288159160613914,0.00037377133816023756,0.00024576549864016931,0.58140436227289038
106,1,-1.6176874390492316e-05,0.00011254927304785938,2.298353042564074e-06,-0.0014156531981560003,8.3295238786057992e-05,0.00032759277313823462,0.00021016438961377683,0.43894209368381049
107,1,7.5128756282652066e-05,3.433182998936472e-05,-0.00051341909901542237,-0.00090061463870409026,-0.0010325032611499742,-0.0011316726785772111,1.7937832327279637e-05,0.10862588604401759
108,1,-3.8638920051672982e-05,-0.00041646195630930526,0.00021408902559200312,-0.00091420601044172169,-0.00047523642242862347,0.0011432966272033544,0.00072465944773305343,0.65232470645293916
109,1,-9.6922393265541949e-05,-6.3588655899984961e-05,0.00020848840053651899,0.00038078402333466201,0.00019896073784267629,-1.2692234875457184e-05,0.00052879890877704063,0.11855504537416267
110,1,6.2035951999412948e-05,0.00019200866961939346,0.00015249755392077557,0.0003306579176438532,0.00025463204950510452,-0.00026892531510363399,0.00093291302154700989,0.57802870071407664
111,1,0.00025768216149490774,-0.00012642779794286231,1.3209259246388098e-05,0.0005908946555059399,0.00071082037649220929,-7.460160881269668e-05,0.00050836693223526316,0.054030215291729036
112,1,0.00010207495071808177,4.8094063149374988e-05,-3.4365009294978775e-05,7.4278395441128813e-05,0.0012070827034240221,-0.00010774215149778068,0.00058277749896330853,0.72718000265547411
113,1,-0.00063917265184527147,-0.00025029608592802354,4.0557237634723597e-05,0.00062483464234314504,-0.0012397188739067073,0.00088577067364482387,0.00080449463273740739,0.38109804329747876
114,1,2.0137481097436032e-05,-0.00020001732249922256,0.0002371849000108637,-8.9597697672971535e-05,-0.00121928028065081,-0.00032847577352570302,0.00037109100733614508,0.35106466559725463
115,1,-0.00012741445491076431,-0.00029035891475414472,0.00021848384132069763,-0.00048669109360193288,-0.00027785524924580816,-0.00075410660012856451,0.00099062622965913555,0.34418795467264435
116,1,0.0003826419921164333,0.00011154133859352287,-7.8179689495490309e-05,-0.00090371726126701893,-0.00017182340270041748,9.8370267100556321e-05,0.00019103029177453313,0.0063418078585261717
117,1,3.7285826491186375e-05,4.200537874655927e-05,-0.0001805073441787354,0.0004507095087615807,0.0011660612471391582,0.00067803285708853021,0.0001901163076633361,0.23131182580204837
118,1,-0.00014483328371175813,0.00011437794668287642,-0.00012132120260304418,-0.00096769115908939391,-0.00017642449930343557,0.00057503016012175746,0.0004753698259460473,0.40600711626595887
119,1,0.00019030777395171865,-0.00019959805676943903,0.00023506165928190257,-0.00099864157368242815,-0.00087990886161388071,-0.00091027716971562678,0.00098839197923621157,0.08471549862369826
120,1,0.00019287396492926771,0.00027104765354835075,-0.00011344493163683783,0.0018224598298943609,-0.00076889381662596941,0.00088720634200509327,0.00057688687521718776,0.58549964481574635
121,1,1.9669828648072215e-05,-0.00021415827611825455,-7.1312360721348256e-05,-0.00012089981761960354,3.8195177672937976e-05,0.001489817167939549,0.00018615493923872795,0.092102624861148036
122,1,-0.0002351481846862698,3.4678920322788873e-05,-0.00034712938591314075,0.00080098687384529187,-0.0002906274983533105,-0.0004571740025485752,0.00074934025686320294,0.027211174428215738
123,1,-0.00012633102158620237,-0.00027875963909801616,-0.00044213304773389224,-0.00040495055767199664,0.00088285841511204916,0.0017899169793286402,0.0008152944406261451,0.94488749610586298
124,1,0.00013978085598296199,-8.8718052730920555e-05,-6.3506564532070679e-05,5.7760537400440733e-05,0.00037351174749598068,-2.3237220962082556e-05,0.00054185477065279574,0.31926731889012822
125,1,-0.00033573591665964379,-0.00012422188708372282,0.00010106767757264262,0.00188763272571182,-0.0005070574142539328,-0.00071553704216451193,0.00091107155122218981,0.20880714376210577
126,1,6.3753118638842021e-05,-6.1995208435995533e-05,-0.00023795420118086674,0.0010754355952525055,7.0255103778973043e-05,0.00017423559611162072,0.00033894931871513226,0.61032157522127761
127,1,-4.9376521958217278e-05,-0.00011497966827913126,1.4119003279765367e-05,-0.00070416299690435999,-3.4524074785190366e-05,0.00052327261833633642,0.00099520677257649258,0.62825538721214991
128,1,0.00016297484590551236,-0.00034619463734672338,0.00017112551448585537,-0.0016904121616794655,-0.001330822560743207,-0.00019488754817726167,0.00044953033811767152,0.31039440681344405
129,1,-0.00064262567030180014,5.1865414702782658e-05,-6.1958212509509697e-05,0.00016255984209437437,1.3657397370503806e-05,-0.00048919351344785841,2.4872231771240206e-05,0.14134174546245834
130,1,7.5976732381029187e-05,-0.00017224889793679191,0.00011119810438050674,0.00056673819521500563,-0.00032439945505442704,0.0009269373218830459,7.4869976341767285e-05,0.55338228253143318
131,1,0.0003940835430906356,-1.2787001604412031e-05,-0.00013389923854241034,-0.00086844756653972686,-0.00033137589631203991,-0.00070952456824750114,0.00069805669200032148,0.65528206653543097
132,1,-2.9104163555602802e-05,0.00020102739111379556,-7.1057347626337974e-05,-0.0010257320183431253,-0.0017016449618724914,-0.00066305285065102197,0.00085257770498960953,0.40174046193262786
133,1,-8.1044509403947903e-05,2.6575098147550321e-05,0.00023096991210305468,-0.0014746935507092655,0.0002498960733707048,-0.00070316286131745401,0.00052569847102447919,0.037384113847334706
134,1,-0.00028678136225015219,-0.00036043961615041384,0.00066090944337689466,0.0018333948879325455,0.0018020934679768273,0.0001248146452673813,0.00033556838300571548,0.64851016638826808
135,1,-0.00027240392957815599,0.00020766208664007123,-0.00021177049669400582,0.00032920996020156156,-0.0011260473366067336,-0.00015491490753505034,0.00093984569667529614,0.070170542984483109
136,1,-2.5183826449230079e-05,-0.00015638538359070362,9.2061901941523596e-05,-0.00023473536723642272,-0.0011425543996609253,0.0011174245489261735,0.00083545372933044239,0.01916509748451618
137,1,-1.2510720073766666e-05,4.0755466679424541e-05,-0.00015899901002607768,-0.00086841938575940396,-0.00012447351717897803,0.00082402508779673444,0.00057634197701193562,0.026729948976458699
138,1,3.0932685275888601e-05,-0.00013480761916919936,-0.00011259427918581506,-6.2769209658423389e-05,-0.00099670726288928727,0.00080049861784715285,0.0008127168853331088,0.12321416565981025
139,1,2.4473431355685387e-05,9.7289799898289081e-05,0.00020366399749376196,-0.001368021752179472,0.00021946255530976217,-0.00049811129444806009,0.00054752289397484223,0.69595085768078235
140,1,0.00036011336405477446,6.3123173220628391e-05,-9.2505949417013455e-05,0.00049729939113163976,9.8670837013353771e-05,-0.00072536013164120215,0.00036887267194203279,0.46323075712561718
141,1,-5.0917261036517428e-05,-0.00024476787291303288,0.00026824759084011804,-0.00017054470789657124,5.1881053847305019e-06,0.00049073973612281908,7.8388366115260012e-05,0.078586262178650626
142,1,-0.00018757430618519236,0.00030876599706427214,0.00014590557107132577,0.00078354354646099791,-0.00056444241302885793,-0.00059454089458769088,0.00099000175605560539,0.7576892769019612
143,1,2.7850935412798041e-05,0.00029806225533976011,-0.00018632024130985951,-0.00091399755004560243,0.0010281551154615351,0.00037046739110414926,0.00021337280835552775,0.33911995697963682
144,1,-6.7899434119438214e-05,-7.4088848127820415e-05,3.661859791758218e-05,-0.00050284804708989814,0.0017293872224173684,0.0020910011832662328,0.00032243872173297805,0.78063554885123232
145,1,-0.00015919827825009312,-0.0001886305890718408,-0.00012839883919089871,-0.0006269051389329375,0.00088533563058647855,-0.00043592006885577168,0.00042640774024036256,0.52742909724004727
146,1,-5.1357818238105516e-05,9.4444412303624218e-05,3.8967603816541765e-05,-0.00045851138539206292,0.00028681373949138872,0.00043409394932225024,0.00080144057538827495,0.3422192837389384
147,1,1.4137209382913821e-05,-6.3447244416795957e-05,0.00011558062182892624,-0.0002630416025485011,0.0012760987037291941,-0.00096374888306838703,4.3971297778754301e-05,0.71164334964179932
148,1,4.929418467746164e-06,-0.00025053067533673044,0.00042496893007509844,-6.2876409620618335e-05,0.00022501797042401354,-0.00023534222177973112,0.00050843733723404227,0.81282429082029795
149,1,6.5155081895419356e-05,0.00025964205024563364,-0.00044935912345296479,0.00053313993251496148,-0.00025148117791350035,0.0014314725157830491,0.0008210689089286345,0.23926716091954958
150,1,0.00021473370513774026,8.8989977691467253e-05,0.00010555070502202818,-0.0014342992923562137,-0.0018526757785287291,-0.0019197066126132776,0.00083201426363798195,0.45629341100048504
151,1,0.00016328711281719501,2.4239935185535107e-05,0.00021512712149711553,6.9863890289564759e-05,0.00014764861430879102,0.0016977231982051614,0.00038353156285485858,0.38142232215259536
152,1,0.00018359338342897422,-0.0001590195659931199,0.00013903253919617686,-0.00035375444565183582,-0.00068965907442629002,-0.0011767020558668456,0.00071161752660584921,0.83279200264811371
153,1,6.0712462307518084e-05,-7.7689869351294506e-06,9.9887040541145366e-05,-0.00079941015505985544,-0.00055485043814605672,0.00033072516723038208,8.7990914499154412e-05,0.84447596114848134
154,1,-0.00011882405507804357,-0.00024596759444270029,6.3598291159127471e-05,0.00066967688361800289,0.000134058262290659,0.0001199479961425504,0.00023733132600622876,0.10929660284426281
155,1,-3.0412207377587209e-05,-4.1715264356429653e-05,-0.00013068230995079308,0.00026606722437040825,0.00051341298183140544,0.00089646616910957471,0.00063491901433484197,0.35712423649529773
156,1,0.00015987108188867966,0.00026727448073731445,-2.4899810790214235e-06,5.2805869944573227e-05,0.00079074499708571338,-0.0012981776457051798,0.00090583853949832986,0.9032646715679713
157,1,-0.00030394093997974096,-3.1285122938443086e-05,0.00011501319640993926,0.00065530727849608843,0.00057301521907928657,-0.00033423092753474056,0.00052334453563813771,0.10529143409764419
158,1,0.00018201942181710564,6.0535563569527196e-05,-0.00029874149048927717,-0.00086348530121430479,-0.0008721510260454974,0.00019234328198464552,7.3668698107423825e-05,0.56710968531837935
159,1,-3.6773618094946118e-05,-3.7486816517383938e-05,0.00030967020973818435,-0.00082222017802804708,0.00082463067438722859,0.00088059921173413048,0.00044979002678952241,0.28964391535666323
160,1,0.00013035484101680042,-0.00066333204906801949,-5.4445808483877595e-05,-0.0004614206987916607,0.00054060941785607814,-0.00082964211360106129,0.00052057940735696225,0.070608785226441859
161,1,0,0,0,0,0,0,0,0
162,1,0,0,0,0,0,0,0,0
163,1,0,0,0,0,0,0,0,0
164,1,0,0,0,0.0001,0.0001,0,0,0
165,1,3.0000000000000001e-05,3.0000000000000001e-05,0,6.9999999999999994e-05,6.9999999999999994e-05,0,0,0
166,1,0.0001,0.0001,0,0,0,0,0,0
167,1,0,0,0,0.0001,0.0001,9.9999999999999998e-20,0,0
168,1,3.0000000000000001e-05,3.0000000000000001e-05,2.9999999999999997e-20,6.9999999999999994e-05,6.9999999999999994e-05,6.9999999999999989e-20,0,0
169,1,0.0001,0.0001,9.9999999999999998e-20,0,0,0,0,0
170,1,0,0,0,0,0,0.001,0,0
171,1,0,0,0.00029999999999999997,0,0,0.00069999999999999999,0,0
172,1,0,0,0.001,0,0,0,0,0
173,1,-0,0,0,-0.001,0.00020000000000000001,0,0,0
174,1,-0.00029999999999999997,6.0000000000000002e-05,0,-0.00069999999999999999,0.00013999999999999999,0,0,0
175,1,-0.001,0.00020000000000000001,0,-0,0,0,0,0
176,1,0,-0,0,0.00029999999999999997,-6.0000000000000002e-05,0,0,0
177,1,8.9999999999999992e-05,-1.8e-05,0,0.00020999999999999998,-4.1999999999999998e-05,0,0,0
178,1,0.00029999999999999997,-6.0000000000000002e-05,0,0,-0,0,0,0
179,2,-5.5391466921003815e-06,-0.0002135043034232158,0.00013453805780194562,0.0013127068740065567,-0.00057601489001205051,0.00070082390638119584,0.0009617284670470432,0.25324107217371866
180,2,-0.00010824288410099617,-4.6721799883598358e-05,0.00015770117414319384,-0.0010519567813933599,-0.00081747602441718478,0.00030352979952242041,0.00061400135310283504,0.72546704859860522
181,2,-0.00013714989298218574,5.6488026697244444e-05,-0.00025724142183203036,0.00048308965850058552,-0.00028176490490583168,0.00056138879139637065,0.00085805850969939053,0.78752752674707449
182,2,0.00015619950184672031,0.00018043517644401676,-0.00026544432136582093,0.00013731001364593911,-0.0012321518488065722,-0.00041635470696089436,0.00044410657678374809,0.12767951522023616
183,2,-0.00028142688716517285,0.00020040478814667973,0.00015474864622680155,0.00029665854521071934,0.001409696640887899,-0.0015557779999088982,0.0005277541044501733,0.85783481795477956
184,2,-6.4486736784439061e-05,-0.0001226260371312061,1.2218926323345573e-05,0.00042255487084614027,-0.00041955521169767562,0.00071921026301002302,0.00040854323119866165,0.52940282191395294
185,2,-0.0004979645354309442,-1.1946140920886558e-05,-0.00026014806497360671,0.00075970282335378675,0.0013129695482605225,-0.00031972832509081286,0.00085732839299201228,0.52820781658422222
186,2,-0.00056888330098469177,0.00035091611646352356,-0.00036928522717244873,-0.00056373590639904414,0.00096736105839613062,-0.000544229180051849,0.00048690444025091827,0.36472841919532495
187,2,0.00010625031809982644,0.00042093721126929397,2.5587890957206935e-05,-0.00035819409081332278,-0.00034435957533412618,0.0014781763254501199,0.00076760688006118777,0.83696337522051512
188,2,-6.163829036985294e-05,-0.00033922849356269653,-0.00024061019688040669,0.00036741123705150039,0.00024010179825838734,0.00040438045802247929,0.00056801160843569462,0.45723798830318446
189,2,-0.0002125586525235833,-3.8846493990662693e-05,8.0736574627930682e-05,0.00022494762436728894,0.00018255657157781378,-0.00020361915702493433,0.00046366879261598129,0.28111252483285182
190,2,-0.00010747788322084202,0.00012916798321703428,-7.9089628932365593e-05,0.0011134267336827934,-0.00040055740820526853,-0.0010144677205493643,0.00029684600030131135,0.63351826101664943
191,2,0.0002241871255549076,7.1891099639035853e-05,8.9182269146477567e-05,-0.00065300456386885428,-0.00062059282009341841,0.00010809043849408286,0.00095333437827460556,0.28197663830899161
192,2,0.00014840984212737552,0.00014354854310642755,0.00025881469701397519,-0.00026259365344928186,0.0017829688875799794,-0.00063787081926712172,0.0002948067981735322,0.00070875606593239209
193,2,-0.00010449504396561905,-2.3642350267870038e-05,0.00017543312352455813,0.00018091670786635379,0.00084828415935169843,8.1384820097192106e-05,0.00011356821313102239,0.68683799873401097
194,2,0.0001667759754878747,-6.1794464135521925e-05,-1.7477900824508401e-05,-0.00014982471826145184,0.00060937698684932601,0.00066333005891554351,0.00085699480807277561,0.74255501552552283
195,2,3.5192732968294076e-05,-0.00017286222755041211,-0.00014165342103353621,7.8873108961666989e-05,7.8368793083358256e-05,-0.00065208961966256389,0.00065469784830031181,0.31456654064103878
196,2,-0.00025764116894824284,1.4538340247187274e-05,-0.00010688145638663421,-0.0011376636747322461,-0.001251830540319437,-0.0013863789934116591,0.00035798696704963549,0.066160593343891336
197,2,0.00015638617704363827,0.00015234046627739237,0.00022404874837587122,-0.000352601657014055,0.00036288645785987066,-0.0003793755368629336,0.00053912201900182914,0.21692644152831328
198,2,-0.00022133752239235078,0.00021791866857567827,-2.1944087508178711e-05,-9.1558313676430147e-05,-0.00038668613364310121,-0.00044388196887842386,8.3383568662435904e-05,0.63160455556554296
199,2,-5.181497829266012e-05,-0.00012548381677856508,-0.00016308952289769324,-0.00050283780129014774,-0.00097287371614324222,-0.00046643585288193187,0.00029889230369573673,0.67794107068827203
200,2,-7.2330254669031842e-05,-0.00011141248990897306,-0.00019048042777024019,4.9802317374371584e-05,-0.00066221262295869734,-0.00078629039403825378,0.00022218474142835908,0.42361323335161299
201,2,0.00013009759102833112,-0.00012067957753041553,9.4290360856773276e-05,0.0002381573590823613,0.0019269696264174003,0.00082694835764446524,0.00077040240412642124,0.49424805497181412
202,2,0.00012907357805340918,0.00011803206360405805,-3.1537946983874258e-05,-0.00095120529723746218,-0.00013976901477180071,-6.788348638707878e-05,0.0003353839246065894,0.27931803006556105
203,2,2.2396072147278617e-05,-0.00030565153770236732,0.00022592524928580936,0.00032112546555825223,0.00013850666278150312,-0.0014619820687223417,0.00028443836374637555,0.24962125802619936
204,2,4.2643720050429429e-05,-0.00038666904733036632,-0.00026935606828765938,-0.00057510392697380261,0.00027988254776065434,0.00035421223685220573,0.00033819699419424312,0.46358743823626081
205,2,9.476363159047446e-05,0.00011546478173160789,-0.00013986593730312794,0.00044771681797109344,-0.00042389255205727282,0.0010911219164489679,0.00018160314487259611,0.72825380034167619
206,2,0.00015506396850872861,1.3696316523032088e-05,-9.5935727815038721e-06,-0.00084557335983187585,-0.0014053651719471475,-0.0002945122069529162,0.00096316987501383401,0.48343497621475096
207,2,-0.00012546602303849431,7.4714635950961617e-06,0.00013431468162264032,0.00044669873449893388,-0.00072327414935222599,-0.00066964965632923816,0.00039727725142830518,0.79044752613317759
208,2,-0.00031267919336185724,0.00024873670192606138,-0.00010250684056472721,0.00035419252697487501,1.4361816634828181e-05,0.0017778154145972576,0.00043410722583641005,0.86174847036247881
209,2,-0.00015052296306030148,0.0003554553731217682,-9.551873826336677e-05,0.00086455450742223988,-0.0012313210043932363,0.00034206392648141273,0.00074896243922892487,0.80594715478684054
210,2,4.1811506282907894e-05,-0.00029759869113867444,-6.3112417756946103e-05,-0.0011664988146004745,0.00017644207200755445,0.00072742347215480532,0.00053384161987255689,0.27256382691458797
211,2,0.00017127511758100291,0.00012999582471594922,0.00019633450997633121,-0.00049872787197312535,-0.0013284679551597064,-0.00015264864761677877,0.00058580031072757196,0.82161367909002703
212,2,-8.5231323426725192e-06,-0.00031438271314395295,-0.00018888004112506597,-0.0008866619422194076,0.00052015751140489026,0.0004551068107169256,0.00049031560149168031,0.50247189376319834
213,2,0.00014444509807150669,-1.9773926138977956e-05,0.00013522533817808796,5.9049731738244823e-05,0.00039051184007898209,-0.0010723057638236549,0.00017591702098949813,0.74755586759230241
214,2,0.00025058260989734097,-1.3776319301547669e-05,-9.3648372315760465e-05,-0.0010574659875201482,0.0012575234196619623,0.00086089374105726172,0.00081694400706205472,0.75308035076919244
215,2,0.00017393012467437332,-0.00013457336067941876,-0.00027181440172239862,-1.6330251334513126e-05,0.0006706366810641562,0.00034754880878804276,0.00015478349028256766,0.77958342984527984
216,2,-9.9141237946809166e-05,-0.00027299906834640829,-0.00019252483550992285,-0.00031317363916231642,0.001493605464844956,-0.001145149165608507,2.876724700156408e-05,0.29618018704879395
217,2,-0.00010444836064991735,0.00013727234897403142,-0.00020756013244135275,0.00067044663307452303,0.0014089343628016027,0.00020514120428699579,0.00049687895740102388,0.7719062639085047
218,2,-3.3100269232569508e-06,-4.2686520810777674e-05,5.6807934255072847e-05,-0.00072679740741553734,-0.0014008264751120879,0.00017624183859721513,7.6889731396331271e-06,0.14222346941416816
219,2,-0.00039971401385749687,-9.3860312095524513e-05,-2.0418306384134924e-05,-0.00044083815456691009,-0.00019099807380653619,-0.00038136814707971829,0.00082370430717364554,0.0077589471363928514
220,2,-0.0001797977763376092,-0.00015096042010803867,-5.282471807885905e-05,0.0015600343563894454,-0.00017428012690007681,0.00011055868035093989,0.00042674849728651146,0.10743082012980969
221,2,0.00028432101004155665,4.8812320289261751e-06,2.9634722093105776e-05,-0.0011155560325229344,0.00093486706479234665,-0.0010246899056328988,0.00034416834687288746,0.35004450914364682
222,2,0.00011818757502377687,0.00022249734335558387,0.00012486903996237556,0.00084395816074371317,-0.00026006455669075855,-0.00034919657636788687,0.00015052643785676967,0.14606108237328511
223,2,-0.00014323153226196287,-0.00010577419213814961,-0.00026600110885623748,-0.00037298762034685502,7.9455462644941106e-05,0.00095282151824640235,0.00051677591667549508,0.85417567732249711
224,2,3.296009873102458e-05,-9.4271168030029932e-05,-0.00020564264634965893,0.0012311420340943111,-0.00031031050501951671,0.00044434140548766391,0.00084087955618086601,0.039386682365737814
225,2,-0.00011164952675542433,-0.0004778644680306142,0.00012646481863250823,-0.00084431729847976838,0.00062805442083193816,0.00026678730779797482,0.00026684590703688607,0.12670325117107628
226,2,0.00014460984694522833,-0.00014779249037813469,6.4325868544851347e-05,-0.00057056255412410288,-0.00021228384117385335,0.00036456867019663935,0.00090046352726088578,0.20404709585230621
227,2,0.0001907005694297401,0.00038071539762062783,0.00010015265652268784,-0.0015021760615591675,-0.0015800252558299894,-0.0010133727943570721,0.00070507036861535604,0.73782502145650397
228,2,0.00010971892908439764,-0.00049573952849697744,-0.00016253085460489131,-0.00073414309697165427,0.00080630441006609944,0.00078476546443262657,0.00090204615685221794,0.93959418301494146
229,2,0.00019737678248491668,0.00012779744258558311,-9.4577889966586902e-05,0.00062666065613037629,-0.00045633916786511167,-0.0013784872075841607,0.00024366931552001437,0.65660722828758111
230,2,0.00010792223045931187,0.00023693431957978552,-0.00011661724466052197,-4.2260632322887863e-07,0.0001628852769290859,-0.00078597007175009522,0.00092702383547374478,0.068659195753026106
231,2,2.9180208013159921e-05,4.5638182383495756e-05,-0.00018204197701697725,-0.00038464465663436549,0.0019812593826492486,0.00014622389883396346,0.00017049139960894066,0.71550529286665387
232,2,-7.8043776833579571e-05,0.00010482503545689327,0.00017415166080560768,-0.00019265868330843404,-0.0013437293298955459,0.00017851812343817373,0.00010921086531581259,0.60302034061559395
233,2,3.0356594650276464e-05,5.5130623729667296e-05,8.0025401413880062e-05,5.4948338535432194e-05,-0.00035123831709896853,0.0010890218783644993,0.00090152018531567519,0.75114304691640255
234,2,0.00016077131958627423,0.00014374725305950928,1.2529570832835858e-06,0.00072550646370596978,0.00025005893882340405,0.00035410711392118308,0.00023460970295067484,0.015249629796508291
235,2,0.00021485000774472269,-2.663609694481044e-06,6.2719668133101423e-05,0.00054961152237105915,0.00037885310846155025,0.00043518265294881112,9.0929912457622721e-05,0.79541002332862498
236,2,-0.00025413902810563676,-0.00016395336874556882,0.00011554501073559968,0.00021427894452669084,-0.00048393787619110354,-0.00020779394251702055,0.00088069408150076795,0.25844007881352798
237,2,-0.00033196608582340258,-9.5507239867087556e-05,4.7068631687620591e-05,-0.00029337228788728961,0.0012749370963362119,-0.00022457609993356092,0.00060953131921992433,0.10531634373463318
238,2,0.00030564941756164603,0.00010288993798117179,-9.2546050208919628e-05,-0.00069490046253914016,0.00036646650234769347,-0.00016766588290162621,0.00051736165465823651,0.93135975034571461
239,2,0.00016947832159573093,-0.00011412411817787687,8.5755809036856288e-05,-0.0010130675285998424,0.00097211829976761807,-0.0010427456682974875,0.00060552922729644962,0.72824919573947888
240,2,0.00010441785087262166,-5.3276396751378309e-05,-0.00021948533512060222,4.7014587064288262e-05,0.00079325109349153127,0.00092128894789206836,4.7382287401372627e-05,0.52601558485622513
241,2,0.00025954491249667545,0.00028212523206980639,0.00037069789853218639,-0.00046117852934162004,-0.00037834073663147447,-0.00019152671650735724,3.7231429326319175e-05,0.6668069704440025
242,2,-4.0111941053303163e-05,-4.7790836539013768e-05,5.6342744714718119e-05,0.00042366533694494492,0.0011130560813868455,0.00016574672666984483,0.00087781851761768108,0.85771837196211786
243,2,7.2711829590061742e-05,0.0001721140954451432,3.1712865927616447e-05,-0.0013303211857807872,-0.0016997223765041162,-0.00020507122277432799,0.00030155785630387832,0.53822887836146927
244,2,-0.00015611089846908225,0.00010446548493504471,0.00013761828604626618,0.00029235766202894635,-0.00074700370832457422,6.4870504842554256e-05,0.00032565851207960853,0.68900521824297667
245,2,-0.00011492058283576868,-8.6993510767481301e-05,0.00017321849157697576,-0.00011041308518881657,0.00042906186309673818,0.00087034504861546161,0.00087147617680813881,0.42910427288848396
246,2,8.8481003388099665e-05,0.00017266521449716603,8.3984100087214084e-05,0.00038463733290555892,-0.00078603169428062992,-0.00030339261081180943,0.00045967750369214,0.43904191123285902
247,2,-0.00039236158842798839,-0.00010257054546115747,0.00020792712127101442,0.00010263051663727158,-0.0016001115497630719,0.00056166783800350748,0.00035820480539194345,0.13164219698447552
248,2,0.00018330659827999753,-0.00012422686634283594,0.0002545586356080748,-0.00065403362255910609,0.00079255563873299902,0.00096039557019369452,0.00033925530964671447,0.18251621392564152
249,2,-0.00028499536538399543,0.00030635931053803195,0.0001441007404582026,-0.00022552704230407257,0.0010091728844903458,0.0011717779735702183,0.00013316153812963384,0.84992664486184322
250,2,-0.0003846200873726889,-0.00035487438653877042,4.9506706338560236e-05,0.00090350775858409811,-0.0012220029267042162,-0.00084248489541999434,0.00044867273553062393,0.50650215185861802
251,2,6.6897214435059966e-05,0.00010052197495273719,0.00022121503412900624,0.00069719056776978603,-0.00026662543998170302,-0.0014542469376375928,0.00077266603713980922,0.81107373870864652
252,2,0.00020049137036068414,9.5021318289984684e-05,-0.00022331200070878314,0.00064867514904199124,-0.00060008006889476285,0.0014773046428543427,0.00047411885740630588,0.41745185234203219
253,2,-0.00013271960803620217,0.00013524387003174742,-0.00013474133159600707,0.00092797403724730922,-0.00016188835834002975,0.0010072345445177318,0.00054185325416595252,0.49399996779295341
254,2,-0.0002583335569485047,0.00020301323574479539,0.00011999395355743665,0.00082590453605487673,0.00011818734467536668,-0.00091588702184901196,8.875934101471295e-05,0.11382328097274412
255,2,-0.00022609494035339675,-0.00022484010391265154,-0.00014088329654810613,-0.0001548055515572943,-6.9570461106555716e-05,0.00082142663078476241,0.00012472952141250726,0.704198912880725
256,2,-5.2307480104230276e-05,-0.00013017704757180203,-0.00017644461951272415,-0.00033419674705187445,-0.00082987924115222433,0.00026275107283573981,0.00019061317991617022,0.47690119872017345
257,2,-0.00018920037627206116,-0.00016777436593171371,-6.8028416660172693e-05,-0.0010192895514776646,-0.00034008661712382684,0.0013363487650869634,0.00072534913014883542,0.8326799959835145
258,2,1.0410415011761473e-05,-0.00042561678507305195,8.4019661354895622e-05,0.00013342633117316809,0.0015974293556116983,-0.00066752247957253146,0.00022772780473172537,0.039516861716355968
259,2,-8.5860700922892787e-05,-7.5674648285269875e-05,0.00031877580506724343,0.0011241116243844186,-0.00071641168497011516,-0.0011764455652882471,3.4741216248320715e-05,0.93177942551900617
260,2,0.0002058081344735513,-8.5390192536285628e-05,0.00013289665977619055,-0.00029861207116060927,-0.0017293180141887778,0.00020901752290993688,0.00062006093113815722,0.2287274966777986
261,2,0.00040393312517412571,2.9648134922620925e-05,-0.00026474301360888074,-0.00056317229682040823,-0.00038419153185757375,8.2044841885821855e-05,0.0007291156942608256,0.142884832104611
262,2,0.00025588397296576025,6.7556729095832199e-05,0.00019614282699457008,-6.1847371020156756e-05,0.0002473197312491382,-0.0011430453020559305,2.4967216215722843e-05,0.78339609936641297
263,2,2.6691276378576237e-05,-0.00016359271963138771,-3.4169304458173001e-07,-0.00011108671276155318,-0.00030208373816770228,-0.0004837167275452721,0.00022151235545643722,0.72864598406660375
264,2,-5.1558564487095193e-05,-3.0550605974375276e-05,0.00026523155637773012,-0.0006709227809839069,0.0012661493091956611,0.0012359144437460818,8.2653985711978576e-05,0.46338682542524695
265,2,-7.2141649571968791e-05,8.6163344956865639e-05,-0.00011377110254490402,0.0009504173332630097,-0.00036851531733250866,-0.00072424969005930001,0.00066598873913630832,0.80525996922734844
266,2,0.00015323389018350055,-4.3070915087957354e-05,0.00016948345069422126,-0.001314580171221985,0.00051847661130548749,-0.00027051301460375148,2.2441065969769361e-06,0.65408309474076842
267,2,1.0274503440878865e-05,-0.00018999257560651652,-7.8147037223286867e-05,-0.00036117887843026964,-0.0007537038507838392,0.00027110524419147238,0.00035320430863708722,0.13343995247409909
268,2,-0.00013157422609727881,0.00025148140396589054,6.8102195137312741e-05,0.0014751934000701281,-0.00017516715060329557,-0.00044896015582570839,0.00054054089184486353,0.054983899181087897
269,2,-0.00017492374086051734,0.00012196221103214709,-0.00029337558395004746,-0.00054037328045209777,-0.00060565026929173594,0.0012136662258228573,0.00060889340625470305,0.24110613051217825
270,2,-0.00018141794219048071,5.3553052048461319e-05,-3.5018538150807936e-05,-0.00011932550283180282,0.00044004198357275884,-0.00059843925086403948,0.00050596726494173583,0.55717157068798751
271,2,-5.419990404143015e-05,-1.6682900483802481e-05,-0.00011086023099986449,-0.00070622928089186126,-0.00020640726409618964,-0.00059418718832203465,0.00096536250088032722,0.57975574253862361
272,2,-0.00028152741593184745,-0.00013455010551245074,-0.0001233874982021606,0.00029665495103343384,0.00098680579116402871,0.00036175201441268043,0.00038876586023412098,0.59801803699592171
273,2,2.6358837173218787e-05,0.00023338069964962794,7.5409248298309833e-05,-0.00030620499360499589,0.00094036242289594887,-0.00098376772361148342,0.00084370972998024378,0.87453726219643468
274,2,0.0001956121544093103,-6.5910460670529186e-05,0.00026747017128712284,0.00092581264687528091,0.00039854532057972063,-0.0011699572387284315,0.00080894012009525564,0.17185711987080654
275,2,0.00038264436918718708,0.00019708710611013121,-0.0003282719909448019,-0.00025421999297038276,0.00041742613647366823,0.0012031937063136599,0.00082284028360630503,0.45667865380969647
276,2,0.00014869933057510602,-0.00013869629115927987,0.00022768400319297613,-0.0017674075315966017,-0.00012086055439527898,0.0013594969177306493,0.00039945587392964057,0.59491590150635598
277,2,0.00014548251881405316,-0.00029266082867877624,-0.00016800796259188692,0.00094728336289327559,-0.00078668970873983053,-0.00026311492624636867,5.8982154411596823e-05,0.14155287868012867
278,2,-0.00016909642711467756,7.9466637159658884e-05,-0.00023156560805421146,0.00012199807399775831,-0.00092626223579028808,0.00076309997505511591,0.00099919475304040273,0.64459996214322479
279,2,0.00036194648050963819,-0.00022875819659604521,-0.00016078265701966786,-7.5236845753046491e-05,-4.3536247896195892e-05,-7.937917350649712e-05,0.00060212092735538935,0.35403274985123917
280,2,0.00012346902867776003,-0.00018165787873889336,-0.00032024933792408698,-0.00094859387887789393,0.00023162646354386521,0.0024057993801307009,0.00099926526641298395,0.74135246326653725
281,2,9.7393308427969275e-05,-5.8386455674629322e-05,0.00011567260064856673,0.00011361564594267338,-0.00030168915043094548,0.00059562201218492318,3.8317734885455755e-06,0.66717896625117012
282,2,0.00012333230509623601,-3.8786110565538195e-05,0.00018973746094648697,-0.00067953430655926211,0.001435527037537811,-0.00069308392394769509,0.00092542927162161796,0.21168681474441819
283,2,7.9991844770953629e-05,0.00022296171669270039,-0.00018521410748909641,0.0003378293386408049,0.00023046370218751487,5.7377080849832881e-05,0.00080401883579097298,0.3282513516249454
284,2,0.00018121194886260787,-0.00020109691807155216,0.00014050664802004936,0.0010114376999707715,0.0013110096600659359,-0.0010920314801534812,0.00012830873455493431,0.51527774080037203
285,2,-0.00028858397023665965,0.00016488789457803316,-9.8708827460794847e-05,-0.00081727068990799286,-9.691191369376127e-05,0.00076996675041913272,0.0009274717556891956,0.63093708779441937
286,2,7.8345164070879153e-05,-0.00021095882886117994,-1.4534654827052391e-05,-0.00064825947368680732,0.00084047282980955211,-0.00067073455930037899,9.3071355658348899e-05,0.20321723630006264
287,2,3.5677273419974701e-05,-0.00011081670793865722,-0.00014388888338912035,0.0008874632655134925,-0.0017566549701037335,0.001249754114344061,0.0006233466711225256,0.82104662176823684
288,2,-0.00024399064182096226,8.4363347892165696e-05,-6.9324748759021869e-05,0.0013665468074163124,0.00058515053269042453,0.0011966921337763009,0.0001343968261977454,0.91320650984667284
289,2,-1.8769274892354047e-05,-6.4203421267431741e-05,-4.7303284164128986e-05,0.00043827503032556878,0.0016292401299225438,-0.00016437891608978104,0.00017617801611882278,0.46224029628429958
290,2,9.5010845262682018e-05,-0.0001446910767751062,-6.1092298978561706e-05,-0.00026267637792690016,0.00018314384996822683,0.00014652736187353177,0.00072047652854522566,0.16151603420267491
291,2,5.2013199349870634e-05,0.00018873871624837456,0.00017470531331746362,-0.00060804396919531738,0.00041463457889507694,0.00045848152091597317,0.00093468061814055807,0.92468494146117031
292,2,5.9553763453523528e-05,-4.0044426024470907e-05,0.00027130494183211885,-0.0011116586296966277,0.001161628568090317,-0.00017369240855239588,0.00017808379073363135,0.42145801062921068
293,2,-0.00021160347309308314,-6.1155812253617346e-05,1.1889397349823342e-05,0.00098157935997996403,0.00043303567735104316,0.0014726002582182421,0.0001955749423455453,0.82084630174727979
294,2,0.0001453349229291817,0.00010580335290689651,0.00033938947854124461,-0.001035155194673731,0.00043419226224045734,-0.00096709883275549217,0.00081811153455963099,0.22042230996923448
295,2,-6.2252668705019295e-05,-0.00043803887559211018,-0.0002333054037681381,3.0455618245675451e-05,0.0017383495192323751,0.00075425239503134527,0.00046142693389988833,0.80354612041725915
296,2,-8.0340870281567788e-06,1.2572733576232126e-05,-3.366734199525605e-05,-0.00046057845938419822,9.3294397261626052e-05,-1.9248884985953263e-05,0.00083166633422846197,0.87913314833271639
297,2,-0.00021484734649361369,-0.00015190770280985538,0.00020471507114005485,-0.00072107824065725606,7.7269142235539409e-05,6.2112739809902701e-05,0.00062930129981543406,0.44872238284967142
298,2,0.00011706956111907426,0.00031862870250930762,0.00015017029243109367,-0.00039175436893593575,0.00013343130467670703,-0.0012533938817848155,9.9203433762496738e-05,0.078324396610479172
299,2,-0.00031397488424353973,0.00013245524570137151,5.7122693288614681e-05,-0.00018758659969994417,0.00028269932495221788,0.00052895250948203811,0.00035735171618511577,0.70287390192915633
300,2,0.00014648482871108852,-0.00020284069333264805,-0.00043799021754477167,-0.00055309238724088414,-0.00034387630747200924,1.1719531337635932e-05,0.00080207383360769149,0.082450624410263726
301,2,-0.00026352364071246815,-0.00037633375280837517,0.00011669220737561873,0.00035603429836841046,0.0010314416795772971,0.0006664202472076732,0.00076104157179252203,0.56204623219473093
302,2,-0.00023891184652863784,-2.7771930545422048e-05,0.00011854515929193045,0.00071408541324326572,-0.00023768189947307998,0.00099348626128172263,0.0007015138901514833,0.2421234189767015
303,2,-0.00042859167456387218,-0.00032254545790278224,-0.00010072288262922989,0.00028116820091765636,-0.00041852919695251956,-0.00028357769034183857,0.00062366024606903803,0.5810523972768622
304,2,0.00024935636271745693,8.5022405477550082e-06,0.00036725266327683101,-0.00023833160904989742,0.0011221453207143626,0.00071099646493591549,0.00082810539054127921,0.58455538251551209
305,2,4.5117571816261159e-05,-8.6420898526695176e-05,-5.7082226786159452e-05,0.00010623659359582275,6.5122007779142731e-05,0.00056077335681307971,0.00089716115178187466,0.93960703886836083
306,2,-0.00017568085533247596,-0.00056802105952121157,-0.00033972804632471498,0.00058533004695469784,0.0016002176329548722,0.00035518158800150256,0.00050023330623060532,0.19450405589651093
307,2,-0.00010382878951561754,0.00033429901684444471,2.7186323615832882e-05,0.00051061750627217923,-0.0003721457705647124,-0.0012419787638090695,0.00092298846993275451,0.86526600030878886
308,2,-0.00018599025281853962,-0.00019664813811650945,-7.4869313875931516e-05,-0.00040071766192824304,0.00027858234583472933,0.00077065404885636758,0.0004738433828033867,0.14279996741489159
309,2,0.00021707553672194955,0.00015118021290041344,-3.0007902118197478e-05,-0.00044038108710098723,-0.0011814421460371169,0.00069484713987230835,0.00043394643966742632,0.65040096842263695
310,2,4.0415142102263664e-05,-0.00012169305089334615,2.930643065024351e-05,0.00056027343016099582,-0.0011575486660997648,-4.2924345344979465e-05,0.00028996432999304513,0.14652861376772261
311,2,-0.0002572203465792293,-1.0033845864224962e-05,0.00024271135267326557,0.00095990419092900365,0.00028327678335931497,-0.00022441763145402996,7.1433999302070729e-06,0.60612318973618551
312,2,-0.00028872976996116741,6.1226993400106586e-05,-0.00014125607231075269,0.0005286588624376122,-4.6400519807613229e-05,-0.0003289611325929393,0.00099199676239780633,0.5279640589969391
313,2,0.00021446688003038601,-0.00022958607295456865,-0.00019139153212420555,0.00079694837178726679,0.0011412863794544336,0.00063022072086556507,8.0409296709291097e-05,0.21245985863756475
314,2,0.00031008235167251765,-8.2056235898614893e-05,-0.00026000030872162056,-0.00019286086106638556,0.0015284922044267765,-0.00056065118778166685,0.00089694804252448952,0.86232770683384541
315,2,-4.0351882983811245e-05,0.00038262051513832779,3.4550666121885257e-05,0.00064388394103246857,-0.00048822525981139289,-0.0002762826207587733,0.00018126895566906886,0.90790820560453034
316,2,0.00019850423891961059,0.00048853939021916586,9.0561350735137184e-05,0.0016291321019454607,-0.00033085377928995682,0.0003569928138605563,0.00035685035158872458,0.86347475424518572
317,2,5.0947549540736273e-05,0.0001728778111674804,-0.00023329373029864795,-0.00068323574744976259,-0.00055090161901287537,-0.00021845671530737099,0.00089549790987306012,0.73151289723773005
318,2,6.5666793384172437e-05,0.00018991400781476772,0.00011606893270457331,0.00073248340791458625,3.3293593798521253e-06,0.0010543981565948274,9.7381029257348709e-05,0.70709646660629055
319,2,-0.00033900186951168218,-2.4022229875529617e-05,0.00035165121147399264,0.00022630158372288962,0.00027746775025259138,0.00022034768176006547,0.00043060266839914087,0.38063753171533266
320,2,-7.6197290065499522e-05,0.00031328132821435885,0.00023683721802581981,0.00063434911302951693,0.00044822625896514151,-0.0011817957403557555,6.729691019460293e-05,0.89520553217910848
321,2,0.0002101241795700632,0.00026613859760173949,-0.00021346119654593802,0.00099254055282104879,-0.0011321975371429006,-0.0002132873962734529,0.00084372289973573393,0.38593366825234104
322,2,0.0001899650501321953,0.00011812402476121735,-2.3443142837763206e-05,-0.00056482273159116458,-0.00063693746126421884,-8.6270613262325686e-05,0.00048906659221044683,0.90243020684536035
323,2,8.681009907433854e-05,-0.0001678131901647645,0.00015517584600980842,-0.0011201445802422097,0.0014422013797916111,-0.00043392585996535787,0.00082806946903793443,0.015736984621057392
324,2,-0.00017200110900284957,-9.0856143518573787e-05,-0.00023140281701011409,0.00031882958079985175,-0.00182728288236859,-0.00084223397933558361,2.1118918398448928e-05,0.67293610472389431
325,2,0.00027841791453306922,-0.00010691150875453395,-0.00019590735890772883,-0.0010305060410964006,-0.00048136834937928346,1.7817020580805231e-05,0.00011319838918627734,0.69657180248900263
326,2,-0.0001320013021833776,8.8144183158197432e-05,0.0002793094499067104,-0.00055708097215630885,-0.00031847404408623007,-0.0024849464691156942,0.0003642695551700329,0.8226063625391542
327,2,6.2224552653826734e-05,2.9949032512437174e-05,-2.8930838120061775e-05,-0.0010997480887262523,0.00014941654827156992,3.7214524579735024e-05,0.00022460678278892043,0.5425585525859371
328,2,0.00014809742192582894,-0.00032118143453188885,-0.00020782756665097601,-0.00042426680430689536,0.00096661551885896002,-0.0012682700142706651,0.00040258047760006701,0.32075380661341585
329,2,0.00012132083337245749,-0.00016485947917321269,-3.5301024736192267e-06,-0.00047579632265726626,0.0012403713524641003,-0.00088426471512418768,0.00054582954024116513,0.52476906946918667
330,2,-8.1917147925740039e-05,-0.00028585362982837519,0.00039702646422030264,0.00010262559818291771,0.002503639868348563,-0.0008006438775574144,0.00013332586477820063,0.65089785485740914
331,2,0.00045934101528152766,0.00032326586358016115,2.5938330480899192e-05,0.0014129443028336917,-0.00075714638319449631,-0.0007758070723063574,0.00072825920726464347,0.58284171934132134
332,2,-0.00018123462153125618,0.00018560769704942088,-7.4164068633440623e-05,4.6861059271955844e-05,-0.0003852855649735364,-0.0012067132331565541,0.00098212183701786309,0.6744967330088163
333,2,-0.00038821229378783719,0.00026978086212771721,-6.4805500498667576e-05,0.00074520088505488974,-0.00048182231986945647,0.00081311051489933533,0.00090378974348453186,0.80127709334740183
334,2,-0.00026850437263291685,4.4359812270635383e-05,-0.00010776672613795352,0.00054206828744215898,3.3984893140434093e-06,0.0012099127117311671,0.00097712971076425841,0.84390839432718878
335,2,-1.3511449178551399e-05,-0.00033342577026319073,0.00029119479138391298,-0.00084895205122512737,-0.00047883591426810712,-0.0014982110663255021,0.0002595185227145499,0.28929419551713736
336,2,-0.00011250107917554134,-0.00032629758610756409,-5.0600186678162034e-05,0.00049256005599104206,-0.00016831403750273369,0.00016844825418777881,0.00018717867321743186,0.60843448141005163
337,2,9.9544798171348332e-05,-0.00014403431880373514,-0.00017899419735547821,-0.00026498597517579257,0.00066675593113878022,0.0011961229862808757,0.00038278441672163875,0.20595200257033158
338,2,-0.00013258250815833934,-0.00043516465291746221,-0.00013542776685085322,0.00055057873270387904,-0.000257611242617304,0.0013952065640068078,0.00034773213393977042,0.83253629454869749
339,2,0,0,0,0,0,0,0,0
340,2,0,0,0,0,0,0,0,0
341,2,0,0,0,0,0,0,0,0
342,2,0,0,0,0.0001,0.0001,0,0,0
343,2,3.0000000000000001e-05,3.0000000000000001e-05,0,6.9999999999999994e-05,6.9999999999999994e-05,0,0,0
344,2,0.0001,0.0001,0,0,0,0,0,0
345,2,0,0,0,0.0001,0.0001,9.9999999999999998e-20,0,0
346,2,3.0000000000000001e-05,3.0000000000000001e-05,2.9999999999999997e-20,6.9999999999999994e-05,6.9999999999999994e-05,6.9999999999999989e-20,0,0
347,2,0.0001,0.0001,9.9999999999999998e-20,0,0,0,0,0
348,2,0,0,0,0,0,0.001,0,0
349,2,0,0,0.00029999999999999997,0,0,0.00069999999999999999,0,0
350,2,0,0,0.001,0,0,0,0,0
351,2,-0,0,0,-0.001,0.00020000000000000001,0,0,0
352,2,-0.00029999999999999997,6.0000000000000002e-05,0,-0.00069999999999999999,0.00013999999999999999,0,0,0
353,2,-0.001,0.00020000000000000001,0,-0,0,0,0,0
354,2,0,-0,0,0.00029999999999999997,-6.0000000000000002e-05,0,0,0
355,2,8.9999999999999992e-05,-1.8e-05,0,0.00020999999999999998,-4.1999999999999998e-05,0,0,0
356,2,0.00029999999999999997,-6.0000000000000002e-05,0,0,-0,0,0,0
357,3,-0.0001076832481555403,-0.00034491784339369568,9.5233308388196952e-06,0.0011774836261801741,2.0371936158785026e-05,-9.0813528129223919e-05,0.00061030630263468036,0.53115921683724565
358,3,4.5505895530354739e-05,3.7784652408458238e-06,0.00037216592654292635,-0.00077802691673829055,-0.00018674622107235647,-0.00062287473262318807,0.00059685081186044108,0.74365344566496738
359,3,6.0105422706647132e-05,-0.00031981303828696253,-0.00016920424084759111,-0.0017736385868679129,-0.0002200271775374379,0.00093468354702546243,0.00024599114019472544,0.56202527612841879
360,3,-8.7693573549603009e-05,-0.0001335823126922081,3.617553350829719e-05,0.0015988371677816838,-0.00046860451506668729,-0.00014497171546826599,0.00014502384544321935,0.55841215497623686
361,3,-9.6322188230089139e-05,-2.2361101712917641e-05,0.00036551880201745403,0.0006378823704361351,0.00078118814518056575,-0.00080015517026072814,0.00027125791862010518,0.42811675169229385
362,3,1.0064739710739451e-05,5.0709417861640619e-05,0.00018629334248225821,-0.0013016043999389572,0.00093017533008981712,-0.00068225486850347701,0.00080814523073443635,0.2428508356969645
363,3,-0.00026544513991329731,0.00028153172066517452,1.2135774404148591e-05,0.001211316520711294,-0.0007305328315075489,-0.00079660937880469973,0.00015932640684965783,0.49668654010334445
364,3,7.5109754860450884e-06,0.00027674665004711002,0.00010124609373137399,-0.0012024899705093059,0.00048938567527745565,-0.0010281536052343622,0.00016496074010814444,0.90483942722300492
365,3,-7.5658090329587573e-05,-6.9305418229695181e-05,-9.3903318107287147e-05,0.00083685308205177535,-0.0008549561024421171,0.00059136751699065068,0.00036792266941551745,0.78522264136160347
366,3,1.9618540909756419e-05,-0.0003160295407724469,0.00043821921187293874,-0.0014315853196790343,0.0015271693255898256,0.0004500198525081432,0.00067584605844592607,0.14126993143080468
367,3,1.3888158389782508e-05,0.00022717706210172644,-4.7021467129640934e-05,0.00056269547916196108,0.0012213879778850128,0.0002397171571197331,0.00040025360347989235,0.56982852799209993
368,3,0.00014869976068192749,3.1622614157712916e-05,0.00010348552889962779,0.00081328624861553645,-0.0020689577950071783,0.0013067742547247568,0.00075015384444791745,0.077737328794712443
369,3,-0.00010979864941055693,-0.00017499182353026432,7.5669356391223116e-05,0.0021408271760159484,0.0015563976790488063,0.00024185739197617081,0.00030853758393068067,0.23967924697294271
370,3,0.00033885555187852486,9.6388983330655223e-05,0.00020907937846367672,0.00095660977373796874,-0.00031759418614700757,-0.00033800329826714636,0.00084647031583675637,0.28416250124957732
371,3,-6.0742434921862748e-07,-0.00011378002337288309,-4.5872859941885235e-05,-0.00064140239755714867,6.7777203581733216e-05,8.3798873702672466e-05,0.00021628394080943348,0.0087612883556809785
372,3,0.0003121982526311247,0.00027562585073632534,6.1597235530719209e-05,-3.4896153057121528e-05,-0.00072324328491280227,0.00033648719411099714,0.00036194866675637116,0.25390469986051323
373,3,-0.00028933746573061095,-3.1044386712403049e-05,-1.0128021655550409e-05,0.00042527166117880215,0.00024233664050273424,-0.00050022952042768243,0.00064044156048815464,0.057438020214182629
374,3,-7.9044092559236111e-05,0.00030784759058456593,2.2955197188520927e-05,3.1152837395170474e-05,-0.00028521723747102992,0.00062727599308734939,0.00057012130403097773,0.9129158365606026
375,3,4.8084270299192875e-05,0.00025717951687903161,-0.00051262914000772602,-0.0007751573157556824,-0.001139731128961048,-0.00048665039550435966,0.00085186329191847909,0.94568162611617312
376,3,-0.00012295377869214229,5.6109602607533596e-05,-0.00033467621501779567,0.00083971760685443283,-7.7289390961767245e-05,-0.00025793120979792771,0.00053649434245576708,0.3185466346244929
377,3,-0.00013347530481862339,-4.8522293230948238e-05,-0.00039209738702845751,0.00018675582207927394,0.00031568610074609899,0.00071190297215248085,0.00089471053786796886,0.61067896980818481
378,3,-3.566250516075976e-06,-0.00027623743566448575,-2.8357480088734805e-05,0.00074799806310088589,0.00041717615588338363,6.2843259416003389e-05,0.00021227233579037674,0.6921417621390652
379,3,-8.1340950199735169e-05,-7.0303758756595051e-05,-3.8823895794183742e-05,-0.00020323692668160082,-7.4819571547490261e-05,-0.00037017215599146963,0.000563040390570249,0.51289632046831346
380,3,0.00014159302752382393,0.00039619833963411462,-8.0514137739125941e-05,-0.0005511712550566102,-0.0021374641811323907,-0.0011417460783705172,0.00011657448489066313,0.19819897094664074
381,3,-0.00013047024456078779,0.00020792911429225733,2.3317747232695042e-05,0.00029440104227352291,0.0005400973107531885,0.00043476210563577535,5.8226857561948788e-05,0.24533571036008139
382,3,-0.00013242902324651129,0.00017426734400907608,-0.0001560204466481035,0.0016885631329377965,-0.00049192059895704896,-0.00056956129260524332,5.8035209887745465e-05,0.51761870636974128
383,3,0.00014407968287081906,0.00026683421625879193,-2.0403523967602749e-05,-7.9957432045265538e-05,0.00055185074831086097,-0.00015599031492045078,0.00034167858368613468,0.43288557835555974
384,3,2.8029822566903591e-05,-0.00018351567956080512,-0.00012619167350804689,-0.0007437734294028879,0.0010925078771225896,0.0011989480915596267,0.00095101671261614844,0.088805517983085058
385,3,-2.0824604224054016e-05,-0.00025119001372379861,3.4117736680272786e-06,0.00059295147418923961,-0.0004924068989644191,0.0012609624547704414,0.00043461665995765019,0.92556520134443199
386,3,8.4236854621140103e-05,0.00021953706687672108,0.00011521103421117195,-0.00013467368495393976,0.0010238194085379815,-0.00050614551109296,0.0008432960351792934,0.50035916911176637
387,3,0.00026107707557094221,-0.00021446896529039218,9.6830226301288621e-06,7.5512412827548694e-05,0.0015471159622722529,0.0012038284898213529,0.00066842659010256866,0.44820401261975668
388,3,-0.0003719559256076832,-0.00020659673459318638,-8.6651286003768931e-06,-0.00073484900768968362,-0.0010460201598184223,0.00029349997337837325,0.00044575391436108095,0.87199042266068827
389,3,-0.0001697428993066436,7.7270202591716403e-05,-0.00015797885649961466,0.0010196551950159049,0.00072384931991824569,0.001470377542090739,0.00067814555259282068,0.50061367939266466
390,3,-4.1613249649275105e-05,0.00013028071974998182,-8.383267972800348e-06,-0.0010107407313695745,0.00040068274649481287,0.00010338020036626938,0.00034000817087632908,0.1003547872919639
391,3,1.3443969802674203e-05,9.5076810985512468e-06,0.00041726950447019284,0.0006420065802236252,-0.00097566116241246451,-0.00064826679887401023,0.00028558934024886309,0.47944168018585415
392,3,0.00016927408619652433,0.00013393632399548387,-0.00028388155006680671,-0.00073763947019367588,-0.00032228211673008942,0.0013576654324212577,3.1277337499285408e-05,0.45977774312976821
393,3,1.0655727105696494e-05,2.6549329340398587e-05,-3.3155874439502378e-05,-0.00014560703817657815,-0.0010390766593629005,0.001858619193532288,0.0006284038613027852,0.50320834654827251
394,3,0.00018509621079622058,0.00016859783685136345,-0.0001080114524318311,2.0297925525483549e-05,0.00027306739375736492,-0.00095226628391041656,0.00025628969444744208,0.13394321708495324
395,3,-9.7984104082228414e-06,1.4196256610909978e-05,-1.1194151626483122e-06,-0.00060193165953642959,0.00051777319099259578,0.00054067982518566044,0.00052535771036114486,0.7719904023213543
396,3,-0.00018262765145875533,8.4220039587759533e-05,0.00017593071233434502,-6.7200887634299105e-05,-0.00043729145622162712,-0.0011458438228813424,0.00077332265863318912,0.0083054556509750237
397,3,-0.00021059522310573557,-5.4309268253895874e-05,3.0678399721716928e-05,-0.00037929312794827432,-0.0003694361414192711,0.00021772278689417843,0.00052991419044854954,0.8033052249054754
398,3,-0.00014827466718522349,0.000318458579353108,-7.969021035655248e-05,5.2014807032888671e-06,-0.00040204900652838241,0.00036545657978359056,0.00083316971645629959,0.47842532943978999
399,3,0.0003357108767146808,6.7109292096330656e-06,0.00032187208562686374,-0.000403210476371666,0.0005877220758825942,-0.00089613990205182094,0.00044356598878183054,0.30797526956072713
400,3,-0.0003364979777794144,0.00017473456823632137,7.5592189652773131e-05,0.0018188977586738109,0.00054349177106063711,-0.00017650037790121003,0.00015247764519408523,0.27440070314679799
401,3,0.00013670544349589657,-0.00017255943303753264,-6.1710524872041274e-05,0.00077167839155635042,0.001605022603214165,0.00048710692526544104,0.00088546267367892704,0.068792676184352849
402,3,-0.00031552310732511012,0.00010851210894612898,-0.00019784504936101608,0.00029009784032890353,-0.00052505793431978885,-0.00041493127339400237,0.00064048879837367114,0.94005254781852343
403,3,-0.00018384221237947976,-0.00016224351745298371,9.3519741107176926e-05,-0.00020901018027228943,-0.00071198788997159552,7.6501100190743348e-05,0.00090585491508167763,0.65680967026080217
404,3,0.00014212098121090059,-0.00013294559929322681,0.00013004592124095802,-0.00074135512150478537,0.00092436549658648462,-6.6753202628900288e-05,0.000142386325583037,0.47754276051295508
405,3,-0.00019269441820067722,-0.00026001019899770202,-0.00014432531692658616,0.00050339903228145374,-0.00022493388602177935,0.00028012777601456383,0.00037342041516887146,0.81391989599296721
406,3,-1.825453591606275e-05,-0.00032993074280235281,0.00012041934902055516,6.9403528562655612e-05,-0.00043026148636799875,-0.0013437607787330822,5.0354241925611998e-06,0.70635963554206949
407,3,-7.0245860623206288e-05,0.0002158246196421558,-8.4388841084096798e-05,-0.00042159411117411957,-0.00032156328474653578,-0.0013119852557672855,0.00031998863304123505,0.35146369979207165
408,3,0.00014236049494743906,0.00036381223705437145,0.00017076398306372823,0.00014331585327038071,0.00081943445353337553,-3.2447765996567509e-05,0.00091367392020482493,0.017893418205268519
409,3,-0.0001776521027622126,0.00022697905717494762,-0.00029116680218049801,-0.00052864425486300591,-9.3979826659599825e-05,0.0012498353715626113,0.0006271993349754257,0.87807112452051328
410,3,7.750832178133269e-05,-4.2695274792367338e-05,0.00015560874637720638,-0.00033675527189922844,-0.00068559877369379495,0.00099158897358533372,0.00075103232856237555,0.82453722129519935
411,3,-0.00014069413730390776,-9.2648403267482014e-05,3.9968090508360193e-05,0.00083973874238027577,-0.00031774232834270999,-0.00094412212539582603,0.00031942782503659704,0.54270316611662606
412,3,0.00026848014748525641,0.00025126719582380493,0.00016868625359274934,-0.00045457857978387919,-0.00044038776711975106,-0.00017707621021455759,0.00044001893852712405,0.81580147749199483
413,3,0.00035256789856627339,-0.0001013812371392229,3.0730633260294631e-05,-0.0010237020395346995,0.00044851128963191412,-0.0015201598130656247,0.00076274974067285016,0.90659771764774333
414,3,-0.00027852914332162515,-3.4173828534122949e-05,-0.0003018482647817773,-0.00062575479236113749,0.00070204163555873252,-0.0004340290850671024,0.00070737939730535241,0.69232596038872518
415,3,-0.00030961125781802539,-0.00017071480641900561,-0.00015728034506641141,0.0012933593773781353,0.00071161559862458379,3.9640094876480661e-05,0.00086067788687221685,0.39977376701125994
416,3,-0.00015694275282571404,0.0003632976881656261,0.0001767055053948998,-6.5173250365267032e-05,0.00087816099961996082,-0.00035116995933344523,0.00062274085970833804,0.72387619267223047
417,3,-0.00012389578283717516,-0.00020651327664340032,-0.00030061728723254849,0.00038623824842297003,0.00039516921046319056,-0.001054189110163629,0.00081699360657642615,0.055741408543385475
418,3,-0.00017229997709973183,2.9333822543537543e-05,0.00029351112873687629,-0.00072120066396770858,0.00018769448971170621,-0.00087421291223027111,1.3747962614763076e-05,0.64709707354561574
419,3,0.00027893843996078602,2.8277400782376007e-05,0.00013303783548820016,-4.9744118246081197e-05,-0.001063304376652933,-0.00029797557897615225,0.00072976327281977981,0.17644686717624194
420,3,-3.3091209903547945e-05,-6.1846082897713003e-05,-0.00012030106862975234,-0.00052278421175605105,-0.0005223126064055777,0.0006651928826083229,0.00046200532624216564,0.24866676711969332
421,3,-4.7126870577721033e-05,-0.00020015927587196158,-0.00022900035381633177,0.0010782732617417154,-0.0010313138807069634,0.00027685955572282579,0.00047225569358401887,0.81468064035210908
422,3,8.5533564251559589e-05,0.00015405579957240351,-0.00032290052522120658,0.00042490044658868907,0.00037483099609293263,7.7716756830945651e-05,0.00051820407035035681,0.6286026534585677
423,3,0.00013759456067917623,-0.00022482084668129772,0.00044092815360416405,0.00054196059188392845,0.001108692720924318,-0.00064000922257001556,0.00063850066833377294,0.74732389334534732
424,3,-5.903648652344147e-05,-0.00025149617042296809,1.9683980102916734e-05,0.0016609618248915412,0.00064278103034063174,-0.00027377655025297555,0.00067333832077111106,0.62307305466293139
425,3,-0.00010556412277655246,0.00020565568544156322,-7.9121807493274385e-05,-0.00012319585481986091,0.00059342812883333659,0.00039312841623751534,0.00047896432223532151,0.10585261067354593
426,3,-0.00015739800924928883,-0.00015321664799112787,0.00031698232294772167,0.0010787935213086978,0.000667584737808222,7.4941665388857809e-05,0.00030695438979649024,0.34728280756010321
427,3,3.9340218562374179e-05,7.9038304736207918e-05,1.7902849119969117e-05,-0.0020377344544686023,-0.00043119745770838077,0.00027497926327196506,0.00090421156750832715,0.87089467585025204
428,3,-0.00011794251035252459,-5.5839913115122365e-05,-6.4918367084802812e-05,0.00019004620863741087,-0.0011247818262940035,0.00063088156790370423,0.00061291459706607019,0.67160473042886859
429,3,0.000215027684607521,0.00025838717116666407,-5.16507627012761e-05,-0.0012461061944723933,-0.0005483090335089895,0.00081218312557751276,0.00081700001106622012,0.27369201674150573
430,3,-0.00032751497561506925,-0.00011179790099778007,-8.6594293250643716e-05,0.00046852180530718076,0.00020690161089135088,-0.00088327882405311148,0.00084833015413451895,0.58303949004381561
431,3,0.00035929883143596974,-7.9733520369042565e-05,0.00010254790866756767,0.00034540115971610954,-0.00069890740179199737,0.00057399673426459358,0.00054319171874064529,0.096284823404502881
432,3,-0.00062326852128911372,8.6705894476700015e-05,0.00014899787612505092,-0.00031075998621171946,-0.00012178504911598961,-0.00082243717023611608,0.0002862706503416451,0.10893220721767455
433,3,-5.5154511168884003e-05,0.00043839245079873809,-0.00043943721038898389,0.001018804084498046,0.00022464579413681825,0.00014395338021351182,0.00084298466004386144,0.35885919289600665
434,3,0.0004991602492200669,0.00020265019754858856,1.1164370590793987e-05,-0.00074017873716080438,0.00011268545878234866,-8.3830868882696846e-05,0.00028419022820119435,0.41349812693075644
435,3,0.00027192836215297628,0.00026966650951079505,-0.0002028460978631265,-0.00017723479244437641,-0.00031975755022123299,-0.00028286145566633401,0.00020338545424368603,0.091169826041847174
436,3,0.00012783829536007404,-0.00028214152647205895,0.00033799415109506229,-0.0009821365473306838,0.0023581856631546116,0.00011485114492666579,0.00032244508545173887,0.16682013783268212
437,3,-8.0785287388994987e-05,0.0003008514457186801,0.00014114633367902932,0.00075059398537877936,-0.00012356188188135858,0.00011548020020096122,0.00058593569965758685,0.10558060612435359
438,3,0.00017814929799065253,0.00042899003331281613,-8.2716758187683628e-05,-0.00034327610082464854,-0.00036574881256624589,0.0014036207709867085,0.00022962961730350851,0.05806051843186831
439,3,-1.3910055711613334e-05,-0.00011883342769979022,-5.885310659782591e-05,-0.0013418390866911192,-0.00019048615022426496,-0.0016979427237182457,5.1284416318420288e-05,0.20390226697094313
440,3,0.00022159521320664282,0.00015100378987380913,-0.0002521970200920893,-4.9500953821976653e-05,-0.00039862619996969457,-0.00038616493840567498,0.00010932825000039547,0.40431087274500732
441,3,-0.00011014344289738229,0.00018597575099394597,-3.0870614885554692e-05,0.00022354757560221055,-0.0015887859163116348,0.00026121047875273657,0.00074390614354800726,0.78021048907260726
442,3,1.3053122828535144e-05,2.9227029281759017e-05,0.00021512382934155082,-0.00040179894951592398,-0.0019716745065806408,8.5192055751088066e-05,0.000749364993614693,0.092336738851145794
443,3,-0.0002393664394569584,0.00025095335184010316,-9.1054795274711956e-05,-0.00013107124925729692,2.7962900007110804e-05,-0.00092942840431358483,0.00077636849011397636,0.25729679931988686
444,3,3.723035880688036e-05,3.1716345525414161e-05,-0.00019384546083608313,0.00025001559931239498,-0.001534774438954459,1.2926168860156345e-05,0.00053017202237783936,0.47399350330552859
445,3,-0.00034383468432192687,0.00049156249637813496,1.1997976425227005e-06,0.00030942182016847723,-0.00067489690276325621,0.00014111441122925265,0.00068674627887800751,0.45108603582795165
446,3,-4.629169071902994e-05,0.00024528774806605356,-0.00019164122620600067,0.00019438589912874321,-0.00071646136152074037,-0.00046785671041558465,1.3971463267829721e-05,0.18264139456819364
447,3,2.309113264530268e-05,-5.9022481614943779e-05,-5.7135389620104552e-05,-0.0016213973754064289,0.0012881164496586666,-9.2108777627218917e-05,0.00094487288246776122,0.61008390594926598
448,3,0.00029195258761849336,2.7799204122731714e-05,0.00027093220044117216,4.7467391703954847e-05,4.4771039093045087e-05,0.0013050841885895708,0.00052602954004061012,0.0051525815042560204
449,3,-0.00017987263223239608,-0.00020061489758922311,0.00025383115823822292,0.0020258479473592617,0.00072818417796002778,9.9330353261184586e-05,0.00054012643599080177,0.2096751407104793
450,3,0.00052493654756540636,-0.00017799717382888317,-0.00012969998372466083,-0.00020276651492980643,-0.00016645764381674811,-7.3841956420866875e-06,0.0009852979013844766,0.85301914710123372
451,3,-0.00012636882304735368,0.00011604674990601197,-9.2425067381674903e-06,-0.00094860055061142415,-9.4282815801374943e-05,0.0002062280807746124,0.00065947512367245571,0.57829906957556343
452,3,0.00021456103333434355,1.1389110730696006e-05,-0.00013055519657674121,-0.0012772300346231039,1.1866907140429241e-05,0.00051997855883840712,7.2891629452928044e-05,0.55020638959874391
453,3,-5.9076168364733628e-05,0.00019729483455876304,3.8105317033095653e-05,-2.6420355255105723e-05,0.00046294966637265892,0.00066634385854323392,0.00021137430241995259,0.93127918781696883
454,3,-4.000871555322106e-05,-0.00021251734590329471,0.00026642866546414248,0.00055200818700753662,0.0010174682877976274,0.00063208128657924628,0.00042925651702816636,0.78765967382881819
455,3,-0.00032826980292092144,-0.00048730862928381423,5.5934708443754801e-05,0.0002684519140314438,-1.9810970919837735e-05,0.0002470243205345609,0.00025844713638448257,0.7058704127202714
456,3,7.2975864832905171e-05,8.3403084740201863e-05,-0.00027275760938879614,-0.00041690166305438138,-5.1953636314454478e-05,-0.00028221923792408658,0.00024848926312012656,0.21665838974522003
457,3,0.00012871285470641199,5.4657918379255668e-05,-0.00038978155090669322,0.00089113512061853289,-0.00042310312845293858,-0.0010269625713539901,0.00034196490837214312,0.79988047213823843
458,3,-0.00035327560494483349,-0.00024999737199901618,-0.0003296581936142527,0.0011019395401004853,-0.00010423255891868938,0.00093681636514810461,0.00044899332212548418,0.34784514031985109
459,3,-2.6670662578982515e-05,-0.00010642829956443746,-0.00029490147547622407,-0.001374833963342191,0.00030584207265869478,0.00048049012812858075,5.8205168602828763e-05,0.058165018181014952
460,3,-0.00014987507520011027,4.1884812151165364e-05,0.00027664884486864022,0.00070420724940376868,2.5312480612711159e-06,0.0008718734484154956,0.00093026972296337651,0.023657221983130576
461,3,-2.8704038468880467e-05,-0.00035238994315850826,6.65566201001534e-05,0.00037858533208808367,0.0011057790523213169,-0.00062828947068581983,0.00071351551833935729,0.37415030525108173
462,3,-0.00015552101874699966,-0.00019230338369842693,3.1177036180617093e-05,0.00041025372158586362,-0.0013030957647651399,0.00044792200223954623,0.00086386130323433592,0.87819756806852722
463,3,-8.2319906913716864e-05,-0.00017857040208352432,-3.1457791960729161e-05,-0.00077093281987509902,0.00024281655483032708,0.00047040397781601809,0.00094693003481074718,0.7154748406098006
464,3,0.00027911916450496221,0.0001123353070404494,-0.00011544541935811542,0.00065562694940142626,-0.00024572566666135424,-0.0013012001834836206,0.00012184386179673745,0.86275799971918865
465,3,0.00011286270129785921,-2.659691599735417e-05,-8.9411271417194101e-05,-0.00046853593010198828,0.00046181420918003192,0.00017521383948204835,0.00039781936969358466,0.26669362449764711
466,3,0.00046672325704802544,-8.8030876268410083e-05,-0.00013144402212877522,-0.0017509331977680581,-0.00030501785076482424,-0.00084543078793177591,0.00033152915271534878,0.72274263155208551
467,3,4.1199270789819627e-05,0.00014282908054196017,-0.00024449114254240692,-0.0012226920912338981,0.00017401953235249892,-0.00063646436656699822,0.00026722600765969782,0.60306501087462372
468,3,-0.00012605959398584698,5.3146769000509012e-05,6.2817865237201295e-05,-0.00011553793490360234,4.7091825251610599e-05,0.00047170439658221432,5.3662259795846378e-05,0.55180115700551058
469,3,-0.00037395386648818221,0.00022988909801651683,2.9423758628747667e-05,0.0015322784109442942,-0.00046121231717764137,-0.00015353994893893506,0.00020969386162975225,0.81548328213840526
470,3,-0.00013696806889571339,-0.00015786643071783905,8.8773330879958021e-05,0.00037869386669928085,0.00078442776844575199,0.0012465665410605394,0.00081866290302320423,0.09232363927285564
471,3,-7.968691486316207e-05,0.00029847000642725929,-0.00015425731310276784,0.00055331055719639558,-0.0025704555859520678,-0.00026738970684517661,0.0006024062009329853,0.52646380306882512
472,3,0.00011069695557992192,-0.00014204548391360308,0.0003826531007343661,-0.0015635424219134252,0.00061057250934121957,0.00049413818351201914,0.00061994220769510488,0.30191094984155281
473,3,0.00031263825824908326,7.446948464024785e-05,7.2473679234314432e-05,-0.0003248810280636244,-0.0019788170769562724,-0.00045940972037111484,0.00057280234799362824,0.76955963384722259
474,3,-2.5805806676589074e-05,-5.283023040434619e-05,-0.00010581047731659412,0.00058501052468866758,0.0004468877147478716,-0.0025640855592170592,0.0007738618052128527,0.65454008461629265
475,3,9.6429352999993448e-05,7.2040078204914815e-05,6.249703499768305e-05,-0.0012086082131994203,-0.0003353115180595296,-0.0001076730639070773,0.00052406218078140021,0.23385225339024021
476,3,0.00013855341830173041,7.0481043257540363e-05,8.2863137611270465e-05,-0.00030568557283526814,0.00067877768104632663,-0.0020937074982714551,0.00016459267630055508,0.93139353088260379
477,3,-9.9672620231293456e-06,0.00032411287894971389,0.0002012933496356319,-0.00036490197593049261,-1.0648612305628222e-05,-0.00065826060331835776,0.00062268589507706107,0.3982773394109147
478,3,-7.4836475933568868e-05,7.2821333703296752e-05,-6.9041763026598982e-05,-0.0010989128467451001,-0.00074749396915839731,0.0010869947636759515,0.00067260912880249147,0.55325297959779218
479,3,-0.00018917831461355013,2.9660494053682653e-05,-3.1500990902807615e-05,0.00072216193736448792,-0.0006490932325036795,0.0006204711024968265,0.00031018480272372383,0.73107470807366681
480,3,-0.00011445456969702425,0.00041841722709620781,-0.00029706248957764791,-0.00027358422157401099,-0.00082242601025180246,0.00024026733605115,0.00082200943737020414,0.88456025911704639
481,3,0.00027973327719217595,4.8789715663736189e-05,-0.00013399929477815616,0.00067734988467592068,-0.00013028671677848443,-0.00071068919021769871,0.00076817727529609906,0.3366415514109618
482,3,0.00022273147771867846,6.7656337714759184e-05,-0.00029139310385101842,-0.0011504724100284908,-0.0016321369359363729,0.0001027628429915983,0.00040260886325248956,0.25778477415866513
483,3,-2.085118965243396e-06,6.485906629944297e-05,-0.00016953577384975422,-0.00031390222524436484,-5.3361716166595651e-05,0.001492499218717535,0.0001922105881690509,0.91909266769072895
484,3,9.4061009824132982e-05,0.00053285767529152135,4.7789182842022297e-05,-0.00057105503856984285,0.00040495243599317156,-0.00069315171857901696,0.00056228720290606648,0.13442310222763376
485,3,-0.00011605789503635474,0.00024464809048274682,-0.00020564825376029534,-0.00084152664905542312,0.00035968197291828233,-0.00093033843395304804,0.00029495879606594423,0.027319806492473064
486,3,-0.00026722672430758203,-0.00031374940158091088,-8.309119008366278e-05,-0.00032900840159587628,0.0011122673211488507,-0.00049986377120411546,0.00025485543599881465,0.45119084669012915
487,3,0.00037635467853277182,-8.3434911072650307e-05,0.00014855607095831273,0.0002669299025420816,-0.0003890363658426313,0.0011610280402085454,0.00062585843679953824,0.80833095677304212
488,3,7.7641398046293094e-05,-0.00014894196295070776,0.00027094427865178374,0.001171988076276758,-0.00042106632920382956,-0.00062768802394482458,0.00089227496249116368,0.9021692612769534
489,3,5.9133003468409477e-05,6.8657271161627661e-05,-0.00027676299364599497,-2.7524308650527184e-05,0.00030165024216473015,0.0017180230431958663,0.00054245582858751388,0.55342831523766856
490,3,1.5782343671003723e-05,-0.00059469338686946743,0.00013048876534925115,0.00030345283191768118,0.0003351626856053588,-8.8972228579969027e-05,0.00084943869771808946,0.26820521345065695
491,3,0.00012077462746059578,-5.0916068149539721e-05,-0.00012339748434877118,-0.001321562144033898,-0.00035921406917359161,0.0007334396700453636,6.1319894491466804e-05,0.32952989175975617
492,3,-0.00010168031074347326,9.6831726291025377e-05,0.00020309184190237876,0.0003221766434338048,-0.00072054776744925788,0.00022719656781526465,0.00062986097552057902,0.44417812274689955
493,3,-0.00016508118739027815,-0.00030700099818578623,0.00023417501297995838,-0.0016139983580444376,0.0001346647763295054,-0.00083172888338420075,0.00050696079223430603,0.89506507269635027
494,3,-3.4850703498394169e-05,6.2564411533927629e-05,-0.00024888767420336153,0.00061837373928946002,-0.0015582570172202755,0.00024161722535027283,0.00040506831605556271,0.23659475915470379
495,3,0.00028694246466685571,-1.5662436468647188e-05,-0.00027666186916632039,0.0016136261343017121,0.0014607338077299665,3.1523269020273929e-05,0.00061449982674368134,0.59191850347373165
496,3,1.908528580023536e-05,3.1223885010638337e-05,-0.00016545383566303227,0.00088232839130409388,0.0012600021321002447,0.0017189508595669418,0.00052820404827575969,0.33028486747999336
497,3,0.00013319975087407868,6.8143628468024409e-05,0.00011577536094796964,-0.00055697050588500224,-0.00028330318422408401,0.00044133035966864776,0.0008069562813471145,0.53833380313216161
498,3,8.838696251703945e-05,-8.4763997800837236e-06,0.0001263310259554425,0.00024723354290999829,8.9678153880354576e-05,0.00011704459883079567,0.00087991660191515325,0.25086606960919811
499,3,0.00032127361188959575,0.00016874845456469673,0.00057254428946834927,-0.00051784850111131987,0.00019198728505537624,0.0005066957818636251,0.00099877520068480984,0.15576142592104589
500,3,-0.00029509235003661764,-0.00010651539420495196,-5.2551133886352944e-05,-0.00031823144420661359,0.00070983645704002707,5.6903238623061564e-05,0.00081560758610710131,0.69522970685533769
501,3,-0.00034259815192627576,-0.00022291054890906105,0.00031589087603339739,0.0014341049971521376,-0.00037312386527777011,-0.00048790717115898042,8.5384559082005702e-05,0.15334278461774054
502,3,0.0004088790270130531,-0.0002271360171407463,0.00020362779499390605,-0.0010374008347334778,-0.00057422541473687075,0.00015959227914575915,0.00082911903686435056,0.068437548531063222
503,3,-0.00014167578428442344,-1.5117125053063202e-05,3.2429890381446995e-05,8.9867474775076443e-05,3.8221186965933325e-06,0.00045111183990243636,0.00031456266803316915,0.26815515777349019
504,3,-0.00011326629982930637,-2.3791293252569986e-05,8.6796251039491699e-05,0.00071130689748894328,0.0012978201800317257,-0.00050461103451338637,0.00086903298403772961,0.13427615887311242
505,3,-8.2179355683149858e-05,1.3041799827971537e-06,-0.00019185746327643444,-0.0011040439744046627,0.00098713862711731428,9.8314219898872367e-05,0.00054283994187259146,0.3260260645921868
506,3,0.00011380130942201614,0.00036587983378553524,-0.00041043411059005967,2.458479479828229e-05,0.00038786492119875966,-3.2602975186311054e-05,8.1922869236486737e-05,0.75163477155599301
507,3,0.00010464593923818226,6.3978985145650836e-05,-0.00029109974971472456,-0.0011247181012764638,0.0014722696872487922,-1.0124070684253833e-05,6.6747075064542801e-05,0.88812715401644571
508,3,-0.00033654830436730316,-2.3017055131599342e-05,-0.00030558197325963361,0.00021157796269951948,-0.00029982230225458301,0.0012311840902756402,0.00089161706731102062,0.82016070375429173
509,3,3.1885101710249764e-05,-0.00014652684963254885,0.00022364196694537886,5.8102849059039317e-05,-0.00030834568823205383,1.5386302531124411e-05,0.00079345070060315938,0.93198881685852053
510,3,3.9123908972869438e-06,-0.0003651932840276781,-3.7822896562542786e-05,-6.2096278148599405e-05,-0.00092912172984033247,0.00057700812264533687,0.0008878008299276173,0.01503635743913702
511,3,1.5732860785334543e-05,0.00015421500486821887,-2.4914188712432402e-05,-0.00032027403063646212,0.00024915169031082822,0.0006204580574592503,0.00089471967980422136,0.16276957962429395
512,3,-2.9367799716854911e-05,1.2309223024400195e-05,0.00045717160525234269,-0.0011098913439152442,-0.00017122709721075543,0.00064980323317188025,0.00097324689503410259,0.8224779258095436
513,3,-3.0684839409746382e-05,0.00015925218955987479,0.00011307156310435918,-0.00061982354413974339,0.00076224599336988162,0.00063700524518030092,0.00059458186712333652,0.45073915535617665
514,3,5.2497645003050769e-05,0.0001238712897996121,-2.8008889897402258e-05,-0.00029722499073655693,0.00062136388678460841,-0.0002859223937972617,4.6263543885413981e-05,0.71191523384325373
515,3,-0.00012497472001759581,-0.00027254568684975168,0.00011613512635541236,-0.00041363904883654943,0.001057232254482207,-0.00032599201070993597,0.00070049560923227377,0.065168368151741013
516,3,3.5872206594433446e-05,-0.00023206659457752874,0.00047160239297372995,0.00023736444635261004,0.00025024322226525897,-5.1419683800437582e-05,0.00036319854235648287,0.52919447766485928
517,3,0,0,0,0,0,0,0,0
518,3,0,0,0,0,0,0,0,0
519,3,0,0,0,0,0,0,0,0
520,3,0,0,0,0.0001,0.0001,0,0,0
521,3,3.0000000000000001e-05,3.0000000000000001e-05,0,6.9999999999999994e-05,6.9999999999999994e-05,0,0,0
522,3,0.0001,0.0001,0,0,0,0,0,0
523,3,0,0,0,0.0001,0.0001,9.9999999999999998e-20,0,0
524,3,3.0000000000000001e-05,3.0000000000000001e-05,2.9999999999999997e-20,6.9999999999999994e-05,6.9999999999999994e-05,6.9999999999999989e-20,0,0
525,3,0.0001,0.0001,9.9999999999999998e-20,0,0,0,0,0
526,3,0,0,0,0,0,0.001,0,0
527,3,0,0,0.00029999999999999997,0,0,0.00069999999999999999,0,0
528,3,0,0,0.001,0,0,0,0,0
529,3,-0,0,0,-0.001,0.00020000000000000001,0,0,0
530,3,-0.00029999999999999997,6.0000000000000002e-05,0,-0.00069999999999999999,0.00013999999999999999,0,0,0
531,3,-0.001,0.00020000000000000001,0,-0,0,0,0,0
532,3,0,-0,0,0.00029999999999999997,-6.0000000000000002e-05,0,0,0
533,3,8.9999999999999992e-05,-1.8e-05,0,0.00020999999999999998,-4.1999999999999998e-05,0,0,0
534,3,0.00029999999999999997,-6.0000000000000002e-05,0,0,-0,0,0,0
535,4,-0.00028105225901805934,-0.00017054342867139983,0.00035895641632396544,-8.4105455445001275e-06,0.0010612735890397264,-0.0011147885563883471,0.00025423357428042983,0.57082719549357219
536,4,-5.0976057784616936e-06,0.00017206189249095307,-9.8460124462241866e-05,0.00020500318178646608,0.00067377503406292234,0.0025287306121635866,0.00092714901002974174,0.55128015418097731
537,4,-0.00030822622128452688,8.4152052545418473e-05,-8.9788851792067898e-05,-0.00085456091760671184,0.00044733379961670858,-0.00082663996251806395,0.00061642367143107952,0.8933166497514462
538,4,2.8540613709627745e-05,-0.00023956499292074684,7.3060590541783451e-05,-0.0005473363666174617,0.001128745192998629,-0.00012533767545675265,0.0006295774701421794,0.72533708931724394
539,4,7.9398171072416312e-05,-0.00011693355428042745,0.0001879876309513577,-0.00066543013597936628,0.00037200096986334907,-0.00062975127891193371,0.0003730181410655442,0.82929148252612783
540,4,-0.00027098127669288882,0.00011145159417980464,-0.00013057693868970616,0.00062709360241329699,-0.0004431302910955831,0.00050024372970938519,0.00020050819101215646,0.033623513942588952
541,4,-0.00037746291172781251,-0.00010717187574774122,1.6686096057595952e-05,0.00050703976344129589,0.0006921659572995362,0.00016233835201072075,0.00076999761685119645,0.87439558269341933
542,4,7.8455537636121461e-05,0.00011513925525639668,-9.2444161346409267e-05,-7.8709935142716499e-05,0.00085991231202353798,-0.0020677666300812783,0.00093141771220472827,0.54283570458464603
543,4,-0.0001162903671898723,-0.00017117911041274829,4.5239158781697668e-05,0.00085686830264897445,-0.00058248411013292478,0.0010068580173830935,0.00069026136828016402,0.93023889977054885
544,4,-0.00044918045964799803,8.4242276335283958e-05,-0.00017293937610098515,0.0011582551283941273,-0.00068437109618315532,-0.00078436664311478093,0.00066162077201174785,0.050317020393545436
545,4,-6.9221502247463393e-05,-0.0001091671172902504,0.00011717974518646982,0.0014138410098126701,-0.00010834021038573657,-0.00049514279278718872,0.00016292861534169178,0.90498550409543843
546,4,-0.00014072947915744403,7.7471544679103636e-05,0.00021123781549138885,0.00054637966524045793,0.00015723991228367367,0.00091203398772939244,0.00034207685505852937,0.020874069510673676
547,4,0.00024992347777872792,0.00026853149506414904,-0.0005653893800438033,0.00068997931929559589,-0.00035094267637287722,0.0017065444563941316,0.00014464745856578243,0.10647850272321344
548,4,0.0001814228080899143,-3.4899699070394622e-05,-0.00018962393668414671,0.00088532955718818515,-0.00013070084569977028,0.00023564407937422038,0.00022482185990091208,0.65756299666873874
549,4,1.8153577257666903e-05,0.00016223917262304572,-0.00015461719229795397,-0.0012045662596307156,-0.00023503586303960699,0.0019806233735690814,8.6960562074139274e-05,0.79330563454391545
550,4,0.00029405894626385008,0.00028271359747444527,-5.1040710524711352e-05,-0.00018267145351212526,-0.001647483427340477,0.00014470269615509529,0.00043325183368925679,0.78393388269965081
551,4,-0.00028653790816226442,-0.00016598365573962891,0.00013338980680437494,3.6601761904624119e-05,-0.0002646812153183478,-0.00067615360836765527,0.0001279158261327409,0.21416743632713042
552,4,0.00010853157579850796,0.00015985132202704744,-4.8627817434022273e-05,-0.00050726194945789106,-0.00022399344602460817,0.00063246947233001145,0.00094868590727463368,0.94656522052012271
553,4,-7.5988028693407247e-05,9.7380036378378587e-05,0.00020976265489320225,0.00042046160193776885,-0.00083952170565235477,-0.00052111630919717032,0.00020664820506442261,0.027339052375164458
554,4,2.0013068844831379e-05,0.00011532369584045815,-0.00037377067875786176,0.00044669612595500468,-0.00021391105772414884,-0.0010408016020553076,7.2786957815964675e-05,0.74391904478624971
555,4,-0.00017359463119460478,4.7944432582730664e-05,-2.6781288904071917e-05,2.7691825440482611e-05,0.00073524645540071361,-0.00048388994876972233,0.00073014962773104567,0.44743262725796457
556,4,0.00011086284836548055,-0.00020683037478393237,4.3963418223579282e-05,0.00021282088528497143,5.9268897770644246e-05,-0.00012898287231410095,0.00068106143677910589,0.18216187146269658
557,4,-0.00043218127040716938,-6.5718323478299102e-05,-3.5990981233882359e-06,-0.00052904211826542585,0.0012143205425039769,-2.0086053915672862e-06,0.00090577423992958849,0.59756102101082653
558,4,0.00019983761334035037,-0.00029989871945177034,0.00017821927315255187,-0.00064708969492309606,0.00020425849722253801,-0.00032652485967982691,0.00052212261654053171,0.093633718218117085
559,4,-2.5094199998255093e-05,6.2380673923828305e-05,8.7627890783383667e-05,-0.00050481421173275093,0.0010026857935948575,0.0011640848019596548,0.00018261995248275076,0.47770221266595475
560,4,-0.00012453375488085292,0.00022490261111261073,-9.7895514426363172e-05,-0.00043086697446534535,-0.00092726077759157192,0.00052044813241384428,0.00018700237936313712,0.92958540408655221
561,4,-0.00024270443084679449,0.00028118707122181535,-4.2109758539008013e-05,-0.000559464028015981,0.00060019815776631989,-0.00035194031320151726,0.00096385359325839443,0.030194350764865801
562,4,9.0934521273940212e-05,-8.1163950469622219e-05,0.00011923514562673721,-0.0010346479784321765,0.00029153936333886225,-0.00076805532741420579,0.0006621941833798578,0.13575887198763756
563,4,0.0001482808403621703,5.8252558642794551e-05,-0.00028325993760774368,0.00041468940893658114,-0.0007406201458962044,-0.00024139752802780802,0.00029783543506526467,0.87435115591780466
564,4,-1.8178478097320307e-06,0.00028928479804007782,-5.9682999914728524e-08,0.00066124988511252574,-0.0012907769325751772,-0.00046329772986664124,0.00050511738624804637,0.17639397779496641
565,4,1.5159687974583076e-05,-2.8961684092783427e-05,0.00017886170584959564,0.0010443792948038632,-0.00036116301045619565,-0.00034485397749765443,0.00044545959950625382,0.04404527489227085
566,4,0.0001457893328078329,6.1084331750880158e-05,-1.1624368956890275e-05,-0.00016587910303956054,-0.00011673146869474064,-0.00026590372297889795,0.0006574395001912311,0.48241749349873675
567,4,-0.0001327799055456685,-0.00023339709866610888,-0.00022362057800385198,0.00072031481526765222,0.00068317108479710889,0.001056045537394868,0.00068661722090586461,0.72576547088739474
568,4,0.00016889091304542382,0.00034137110267563946,-1.8681676063757588e-05,0.00075137436491769325,0.00020398388918934279,-0.00058944708429782967,0.00080555870786811509,0.67829365264025465
569,4,0.00019539327595841056,-6.3299573857582023e-05,0.00030227358575380477,0.0016028116731414614,0.00023414214494552472,-0.0011180090491031643,0.00098757589633590923,0.17163731030795851
570,4,0.00012849220118965756,0.000216324573291128,-1.9790726466152874e-05,0.0014803287327546668,-0.00096421590009371488,0.001642160922819098,0.0002018287135022111,0.077886554722122039
571,4,6.8744794249962218e-05,-8.8962868655152291e-05,-5.7122679286124853e-06,-0.00046194755729729185,0.00018767677680581147,-0.00070045115913900378,0.0003694298615209183,0.21609570206942255
572,4,-0.00019685011017149702,-4.4112104839872156e-05,-6.2529096370788557e-05,0.00048480420562493855,0.0012590842794089733,-0.00020341961149051245,0.00064383725936317674,0.76950822024157417
573,4,0.00024986183965649541,3.7281164644582477e-05,-1.7687459092842496e-05,-0.00093221209832564751,-0.00024823068676123989,-0.00068780952097811021,0.00032372494700342371,0.33800458376177428
574,4,-6.8111172879282164e-05,1.4581618211829007e-05,0.00018147455526534089,-0.00041886812991892092,-0.0008809031185735963,0.00040051084313069956,0.00053078602306600711,0.051031446005498061
575,4,-0.00044467269667355426,-0.00063000944420215548,0.00012245064153655415,0.00037756992831976602,0.0021516360035404624,0.0010025096721833647,0.00044126432305299567,0.57856072313008577
576,4,0.00029460533973911578,-0.00028623931409767407,-0.00019074157652751615,-0.00013712440100437074,-0.00019723740026398413,0.00055915582259022964,0.00081724206176090166,0.15997873191712628
577,4,3.8580209580552884e-05,4.0661677534252744e-05,3.3438875269499667e-05,0.0016066626149251525,-0.0016026208771273991,0.00026207010597257858,0.00097552151631620228,0.67278433402983717
578,4,0.00024312635057291001,0.00015939251604309973,0.00015524848283839709,-0.0011668657300184363,-0.00027661681233569495,0.00052937791543830061,0.00071151116104999903,0.075332201512201893
579,4,-7.4715246766563813e-05,-0.00019380069206767454,-0.00011520404137397531,0.0019970452410442855,7.8322313414914979e-06,-0.00094379244046918472,0.0005960644900988764,0.10212194767608933
580,4,-0.00015913909630196725,7.6136241853941717e-05,-0.000259718797028204,-1.3846155803704522e-05,0.00062993392741492594,-0.00075838416836207902,0.00040039438647261708,0.30948234553903936
581,4,-0.00012869400628374533,-0.00032542912435845476,2.9453910059174609e-05,-0.00096591546815753913,-0.00045212863074270231,-0.00079099237216329304,0.00077884505005284318,0.48184268312449013
582,4,-4.7880241067560651e-05,0.00011468172353722217,-1.5549635222226462e-06,-0.00017080236168046686,0.0001006255459748977,0.0011597803568284986,0.00084095837800789999,0.26087664814452655
583,4,8.5472148999547087e-05,-5.9429478856619223e-05,-0.00015860710208985852,-0.00023846866493788506,0.0010166268518758622,-0.0007292575745349696,0.00048226146254274119,0.38049850406646318
584,4,-7.8125260483766489e-05,-0.0002137210040421115,-2.1895147596130148e-05,-0.00024525939284214657,0.00080238436695637106,-0.0012700384516055538,0.0005624854717403222,0.01094945896236032
585,4,3.5387233430618678e-05,0.00031267189999549148,-0.00017250023718990131,-0.00020953075036642818,0.00073509906307792376,0.00020082779386643946,0.00090966806325740027,0.23694434605815592
586,4,0.00013533264712385759,1.3446183043629662e-06,8.995690215189021e-05,-0.00075650478474540317,-0.00075494409629842303,-0.00089660547285873359,2.4547962664134948e-05,0.56022864834123132
587,4,8.7684870009999098e-05,0.00021326121405608906,-0.0002280290649537018,0.00011599367753647767,0.001001879069324583,-0.0001496111731283861,0.00082537453027904932,0.0039844570927606068
588,4,9.4235271913442034e-05,-0.00048608518195956187,0.00021327743505646397,-0.0014033727802636575,-0.00050771991239054897,-0.00054207294515384158,2.7526541081959843e-05,0.33158288633307925
589,4,-0.00019335343585293177,4.564796042813312e-05,-0.00012393591931730987,0.0014813063537630075,-0.00050806092004684346,0.0012717263360743671,5.1976305206102191e-05,0.46320946784224981
590,4,-0.00030396139693501583,7.9206769261188292e-05,8.6082088238099004e-05,0.00092462608096048008,6.6877114340810193e-05,8.0423246585497151e-05,0.00023078863103305204,0.43785558387794576
591,4,-0.00022351717876951764,0.00031230991344716934,0.0001377754436178348,0.00015883234063729471,-0.00025404515756450316,0.0018923589036528928,0.00092375931904465529,0.057408169158315148
592,4,-2.3284270605655355e-05,-0.0002426223290561807,6.3341547809140608e-05,0.001389990518409515,0.00051178016515977158,0.0009474654679587864,0.00088248349293176375,0.9233644494064821
593,4,-0.00026949121452105013,-0.00033762349340591563,-0.00012927535991676573,0.001159505686952119,0.00036350730807757929,0.00043772933095498194,0.00047642353253258077,0.19406304164789789
594,4,-0.00022881168311794788,0.00015245214993659103,0.00033496834681111639,3.1306461566720732e-05,-0.0010352682134379698,3.7659510346051551e-05,1.3567282616633091e-05,0.59795846041809075
595,4,-0.00025642706488140894,0.00019248296065259643,-1.969412233089245e-05,0.0010005980979221482,-0.00060232624527093619,-0.0010601456086663439,0.00064897285526115502,0.25542671672038303
596,4,-0.00012669091521080617,-0.00030813677263675642,0.00015455409105333148,0.00038216702018900963,-0.00031813907062553987,0.00057998816499912269,0.00039148722520509984,0.56168011772568183
597,4,0.00027279673287036846,-0.00032990455993189247,-0.00029342455723026711,0.00083806950034220635,0.00048286282139048685,4.535826575331048e-05,0.00037596924822341906,0.85603691166459028
598,4,0.00035583369536197585,-0.00032888167675313248,-0.00018974993990634046,-0.0011206171525545063,8.2790787530687322e-05,0.00082389997175323583,0.00072153051393968905,0.021856024351748493
599,4,0.00029327005803230042,0.00042648622552150632,1.3598459745349093e-05,-0.00073575339797276196,-0.00035229348059599925,0.00059983851163818787,0.00012777399481250995,0.055936831460527393
600,4,-0.000142366328966881,0.00014365630119801426,0.00015335223983693733,-0.00035830077507971068,-0.00034846321366305147,0.0003357307908374653,0.0003315235458001378,0.7982254999595213
601,4,-0.00029182759063846271,-0.00028519819657869062,-2.1896459424868369e-05,0.00081149717087093914,-8.0301928971923762e-05,-5.7482536569397816e-05,0.00084209661412092032,0.60051054387836778
602,4,-0.00043548562669551292,-0.00019451425702315836,3.8053182810314914e-06,-0.00037578446594141462,0.00064441093114876681,0.00032671464370651222,5.4069355827167766e-05,0.84589947688808353
603,4,-0.00011552060290056508,0.00036877328197922992,1.5638856397506372e-05,-0.00072054766917900646,-0.0016550812733918164,5.3379832523418102e-06,0.0005679275706536686,0.3830224329359509
604,4,6.3147865750162271e-05,-0.00029609004596355213,9.7970957399508643e-05,-0.0015021453648243451,0.0016161460621069656,-0.0013692263711751378,0.00023749403201541464,0.70447218315707183
605,4,-1.4773670070245201e-05,0.00020534915436000469,9.3276582525085331e-05,0.00079276213144860235,0.00069630545297989137,-0.00098677285850474355,0.00043480906888758431,0.15175505369747888
606,4,5.3027484411170768e-06,0.0002657862386076954,-9.8575542099499266e-05,-0.00013215249045243536,-0.0024680579670705465,0.0010049326955800652,0.00053848464986053733,0.86139065933100056
607,4,-0.0001178945120198869,-0.00033519504737339941,0.00022783904046962819,2.3480042157455897e-07,-0.00089490593192893754,-0.00074045718546316471,0.00083479647170021725,0.82002876649157985
608,4,-0.00029177324282806907,0.00036391212730325521,0.00012523723684280098,0.0004554929037435546,-0.0014173876229304795,-0.0015071930586681274,0.0008991695037875192,0.14984607399207545
609,4,0.00038328090135538936,0.00017730765378340643,0.0002238048608235455,0.00043179742668896729,-0.0014181500563980761,0.00034462626073800243,0.000672286232230703,0.30944097850678337
610,4,0.00012475805905268084,3.8100098709624721e-05,0.00014765864927802954,0.0010791826300931755,-6.1092560914766204e-05,-0.0024327275427114044,0.00099474873358633832,0.19044545457755926
611,4,-0.00016424587467239781,-1.9476999064766007e-05,6.2251263491808475e-05,0.00014537001543281155,-0.00041653605346521908,-7.7459242780146333e-05,0.00025533566160548305,0.88393655935932536
612,4,-3.7793347859371159e-05,-0.00048457271035937756,-0.00011628200589581463,-0.00040277240425845855,0.00021022907806942184,0.00059150775177018399,0.00017271941555142435,0.16502459297648292
613,4,2.6283549904820321e-05,-0.00018933040333329805,0.00016440610176446388,0.0012318480020583667,0.0013702805765614576,-3.9883280834828561e-05,0.00034442858922418938,0.067277835533672184
614,4,0.00032989153814412433,-0.00025215630419974814,0.00017741201591369224,0.00041689088566168695,0.00081307261717529977,-0.0017109568394274592,3.3460226472374459e-05,0.52531232878981049
615,4,-0.00032484749231502741,-0.00036271469252048029,-0.00020632051260614161,0.0011193697261243734,0.00094618272461910479,0.00068460093776235079,0.00053736536822270281,0.80106413154456257
616,4,-2.5888986305989826e-05,-0.00013477196847221535,0.00017772793040775071,0.0010456574756061003,0.00063323947640787329,-0.00097013077647829858,0.00028461945136542611,0.73941364129493126
617,4,0.00018845544312009503,-9.6489616059833766e-05,0.00013599943739881252,0.00015718414340177089,0.00025070247919917269,-0.00084244634000078637,0.00017955176737986513,0.37466127160447238
618,4,-0.00011678227619815343,-9.1076755826404007e-05,0.00017242797108413772,0.00050376316009953677,0.00074375819871460495,-1.4463287662353261e-05,0.00092233418984851323,0.7714316553986218
619,4,0.00012145021144353745,0.00011148736694766512,5.3260725013333335e-06,-0.00046237052165458252,-0.00018922038180602742,7.2166170949580636e-05,0.00051568332337325771,0.27778090872714534
620,4,-7.1367710227823028e-05,5.4523309724084012e-05,-0.0002159387998919007,-2.0163234133297497e-05,-0.00069179158551852958,0.00040024492055077207,0.00045415518572219693,0.25259829169320108
621,4,-6.9844695976025025e-05,1.0348944004359818e-05,-3.2161224465715511e-05,-0.00039839403655364368,-0.0010128368411712833,0.0014145571832649222,0.00062070732776688727,0.90473513067250821
622,4,3.0868638936297686e-05,0.00010799941447457358,0.00027907568484125043,0.00027844511420188552,-0.00073268745017687873,-0.0011293193259872645,0.00051527956945212705,0.8860815883278782
623,4,-0.00013145667271031441,0.00023276209350881627,2.7778214392312725e-05,-0.00029919279843693808,-0.00019164742667450601,-0.00027672065064563822,0.00030421175064836669,0.099387070393646956
624,4,0.00025127280944331655,-4.1261495164520772e-05,-0.00018202036754070837,-0.00096996947247678491,0.00018840355339251721,0.00016235953485103563,0.0008840948911889978,0.37457996280814965
625,4,-5.6187650671119472e-05,-9.3663483580569591e-05,3.0188024174204589e-05,-0.00047962240456189784,-0.00010981592612455582,0.0004499978672454489,0.0009207823303836629,0.64106398907335194
626,4,-0.00014070363289475697,5.3416484363274957e-05,-2.1514161369422688e-05,0.00035957613744632121,0.00027200602864896453,-0.00024877522791736441,0.00047180332158116921,0.85303790462935192
627,4,0.00014083558241558382,-0.0002686561610158983,1.8962239913393933e-05,-0.00048691214816267331,9.5675574086105864e-05,-0.0015629449391070011,4.416755487999469e-06,0.058083613795453022
628,4,-0.00015114069944171193,0.00013582862419686103,-0.00036150637848516941,0.0005005358025784916,-0.0010130408495107072,0.00021367312284778633,0.00013971101696192789,0.70232458669989495
629,4,-6.573260228137103e-05,0.00018165748078978244,0.00013770962764789936,4.1637979644077686e-05,0.0011606794394877968,-0.00019721033584485951,2.9751139535442727e-05,0.36658635113439536
630,4,-0.00018233221646765397,-0.00037733709017030378,0.00013772736615904241,0.0022554869105982193,0.00067960089530213629,-0.00042272040442040907,0.00080579243545395084,0.54046910715419227
631,4,-1.1207481663266277e-05,0.00018331067143571666,-0.00013466931637047202,-0.0010161744575353036,0.0010734618171638671,-0.00010858043208347801,0.00047627502890861098,0.42673708139720018
632,4,1.9503245583548044e-05,-0.00014071573028379527,8.4435827348865321e-05,-0.0014090067482232381,0.00078752902567443667,-0.00076088726505888057,0.00091348668973942121,0.79578471762856196
633,4,-0.00015210385476981458,3.8447926543632481e-05,0.00019366311207212532,-0.00033287228544416105,-6.6990159387866682e-05,0.00014006211081321626,0.00039298486257167341,0.82370685176127678
634,4,2.1130920900629539e-05,5.60874142468052e-05,-0.00025997046594235641,-0.00068959829424996308,-0.00030975209097688764,0.00016138292050219688,0.00050834569621276571,0.027025990008875254
635,4,0.00018286752763031625,-0.00015591522021818872,0.00013301533562912139,-0.0014401996054309715,0.0010271311942585029,0.0013078213884925973,0.00062581904052423393,0.7488568769986762
636,4,-0.00010014009863737553,1.4749331662224212e-05,4.4945556403371562e-05,-0.001208536388107977,-0.001278499639825618,0.00052818706789819504,0.00037127713577528776,0.31990122542628702
637,4,-0.0002250591253040958,0.00024535102840646424,-0.00022201497245841613,0.0020293673167451568,-0.0014190882281345418,-0.00062047891812968365,0.0008171195387123068,0.195719681102797
638,4,-0.000328817802537814,0.00010660223722212586,0.00010381493834205795,0.0012911216185066308,-0.00064502632507614074,-0.0003468576461424836,0.00031348659679591453,0.038289993264983342
639,4,0.00022448251696030518,5.5648743247770031e-05,0.00017197729587421193,-0.0011615728032415363,-0.0010743673078857112,-0.00036678693116255095,0.00039092681992115651,0.38096032611470415
640,4,0.0002058439320954324,-9.2518885727718519e-06,0.00021694363220997484,-9.4066252353013544e-05,-0.0001775147507210487,-0.00090256368881831369,0.00069503609582537173,0.58407447933406298
641,4,-2.5130039274345472e-05,0.00028107792321372413,7.798253170314664e-05,-0.0016114544893384162,-0.0015743737817046784,-0.0012550890149904839,0.00077882021744153066,0.00641211080966359
642,4,0.00014997344000881437,3.7707316853514478e-05,-0.00017351794575790657,-0.0004666541437073178,-4.7218577814949195e-05,-0.00045787384580382924,0.00044060740302802873,0.017091835449193564
643,4,-6.282230854743149e-05,-5.6069281368116914e-06,-0.00013449202163675887,0.00037854261195516059,0.00023795883081218823,0.00083150727076092799,0.00057028280639600268,0.097872233297569305
644,4,7.8889104202876725e-05,-0.00028988841745851646,-0.00010818382795690008,0.00071559683437001837,-0.00046622301197909657,0.0005980640974572385,0.00040776940985071418,0.26733481241672857
645,4,-1.3539261039328293e-05,8.3056213566445411e-05,-0.00022104823311637749,0.0014240770475282148,0.00054679022291303776,-0.00064698656261678216,3.0094225630102777e-05,0.028702341322499013
646,4,-5.7609607830361737e-05,-5.9016497364364075e-05,0.00037100511774689637,0.0010726427227456469,-0.00014368996330548531,0.00029939648536255115,0.00085768663373600028,0.61561094894471968
647,4,0.00040902250719796699,-0.00053468653628025592,4.0245499831435578e-05,-0.0013349940719630936,-0.0002384823230817168,0.00054064037047366477,8.3124087151763453e-05,0.32403141440547656
648,4,3.5514585944062536e-05,-0.00011664591097472692,-0.00028067149534976844,1.1116218590689955e-05,0.0012489375911906495,0.0012138651776897847,0.00035079679898015624,0.039382912577393576
649,4,5.1730355834258747e-05,-1.101819995527258e-08,-0.0001383588338263265,2.597420547828414e-05,0.00047463727563486333,-0.0012747119073267777,0.000912533651786499,0.73386573473491801
650,4,0.00013392329753970361,-8.5559449476906472e-05,-0.00012619595010836084,-0.00095439686028810848,-0.00053063396967631589,0.00086442399328472163,0.00048482236749619411,0.048679347126866286
651,4,-3.0157361845946235e-05,-0.00018385736318362347,5.2785532913158172e-05,-0.00037323844261133795,0.001747055765671269,-0.00054613582084219901,0.00037416544499330163,0.70860830121297991
652,4,-0.00010938835538744472,-0.00037379786913677924,0.00060699305622559602,-0.00085802764952719638,-5.0414403463496372e-05,-0.00090227155895860613,0.00042011770463539313,0.65361458256214189
653,4,-7.8075809453543419e-05,-5.1679042644325494e-05,-1.8300590328194887e-05,-0.0013069705558430987,-0.0012575676446755992,0.0005766354303864302,0.00080564666406208693,0.74343626383116634
654,4,0.0002054661421759486,0.00024057015323609364,-1.2332073343005319e-05,-0.00068120317476413265,-0.00055850422808111978,-0.00077268964351364018,0.00067923532737193938,0.46616698888418423
655,4,-0.00029619106105503403,-7.5094034704927798e-05,0.00012788992234020894,-0.00020657155007272301,0.0010183216899989826,-0.00062793678022159127,0.0001617695818394397,0.59446914121041405
656,4,-2.9880221278740023e-05,-0.00013172528696635082,0.00025964684914136821,-0.00026461106495902215,0.0001679913180327742,0.00052605913144723878,0.00060147696101021855,0.62126246697181153
657,4,-8.2113686987761713e-05,0.00016804667197032819,0.00028686338702635009,-0.00016985852508707281,0.00012116466386323985,-0.0012202362811597099,0.00075554052889824309,0.23655096388220598
658,4,0.00021905996971539708,7.8192911070099042e-05,1.1078305159711363e-05,-4.0853590220712673e-06,0.00035437116749733363,0.00038753207042814249,0.00024250950336798051,0.67236711285813189
659,4,-0.00014585962757893348,0.00015635523323551055,-0.00019412073119436023,-0.00068256641418373626,-0.0012896841201291375,-0.00049705361402165938,0.0002136666124675094,0.5847606168252768
660,4,-0.00021254389832801217,-0.00013958613519709882,-6.2042468674376625e-05,0.00080162729747173189,0.00047543618965263299,-0.00078093262658070835,0.00085213366821801221,0.35268749882389572
661,4,-0.00020464906129036162,-0.00011902438174391615,2.9152724280254805e-05,0.00028633890147079831,0.0006914220537391914,9.9258084317011019e-05,0.00019693655389147645,0.75246859177099634
662,4,9.8065269700029986e-05,0.00016690469818439829,-3.2763673307657185e-05,2.3084880530178269e-05,7.6590742423539906e-05,-0.00033584468964447327,0.00024841289051568061,0.80250780627618656
663,4,0.00024648081455765856,-0.00026870404897531261,-1.8986345343947542e-05,0.00025275062174445734,-0.00048863916242506745,0.00035446093621535174,0.0005998682591025899,0.26398656023150491
664,4,0.00016266149126989375,-0.00018782008007662746,-7.7352623641257682e-05,-0.00049672936895239642,6.8141006774851497e-05,0.00047181159249975622,7.319162287895154e-05,0.82565865289218787
665,4,0.00013073198538749741,3.6867843445647151e-05,-0.0002413102441645195,0.0018725123586238168,0.0015087005025198371,0.0017342367055490097,0.00055384081952192785,0.64104408710094463
666,4,0.00018000673998727409,0.00034222821340433536,0.00019490455105901244,-0.00032644989912871867,9.946775284479291e-05,-0.00064716951662600842,0.00062294023522943055,0.16900168063790855
667,4,0.0001609116076987338,0.00034860961572142355,-0.00022611209140867641,0.0013897322184960727,-0.00013478430157979178,-0.0010537294944081353,0.00013481983604524605,0.70379209136653897
668,4,-6.3709252128464763e-05,-0.0002161711102852161,-6.4976343860465678e-05,5.7102187109412365e-05,0.0010999789565220718,0.0010155927341786652,0.0006467300925390632,0.61316566544753859
669,4,-0.00028027891560479632,0.00014662948997379364,0.00012885158202387962,-0.00030977950994707799,0.0011044743982890778,-0.00028377658650476008,0.00069176121233241266,0.48010944443643483
670,4,-0.00012257513999461506,-7.0517594483046899e-05,-5.3987764244004137e-05,-0.00039692140906441456,0.00060438731545439195,-0.00088733888204917978,0.00063206636891448883,0.04897626021394702
671,4,-0.00036886510657899385,-0.00010692924993808492,-6.9085449839369415e-05,0.00010920440222748321,0.0002028113337662526,-0.00021601871176331675,0.00044827349959501017,0.35825222214951047
672,4,0.00013895523409842588,-0.00013903335727494853,-0.00032703770725340788,-0.00012771591320495109,0.00083045863047497535,0.00037823543024526085,0.00046022549657109759,0.1298436108662557
673,4,0.00013020230427126703,0.00010148589803870181,0.00017338303887346975,0.00094201415460621685,-0.00082977137806013743,-0.00029274791300065565,0.00091468390584173768,0.58947459271772706
674,4,-0.00030732887133003714,-3.5321410644518338e-05,-8.7780092488721383e-06,0.00057679236915619001,-0.00014573591476604327,0.00011578116303835778,0.00065983475457891713,0.19976127264076241
675,4,-0.00014024218588625729,-0.00015448957378811658,-0.00030415577217837887,-0.00048198886270786406,0.00060644948874578213,-0.00032584347537322698,0.00015748194313400165,0.10180169840666178
676,4,-0.00023242846835362589,0.00016175493337211854,-0.00046421002196722334,-0.00057859562879884687,0.00012523094240747833,0.0014169173980297682,0.00068765456017478763,0.84647098809831312
677,4,0.00025330232469151245,-2.8015277553422074e-05,-0.00025739970028536687,-0.0013409363382716586,-7.6939292801208589e-05,0.0014531521315690257,0.0002105812623201635,0.64921684917080769
678,4,-0.00020302733470796116,-0.00051167779117749991,-4.8038988839251661e-05,-0.00092255736940497846,0.0026277038752316028,0.00096186512835649601,0.00057359139698550049,0.22230947076401172
679,4,6.2227843171121179e-05,0.00026519579155442555,-6.4916249619235152e-07,-0.00045155836448427297,-0.00037305641509464575,-7.3765631963597971e-05,0.00045236029486902531,0.2233318795280852
680,4,-0.00029816310727327994,6.7387656735131145e-05,0.00012386033478345939,-4.1769273079437358e-05,-0.00013618238506858709,-0.0019823683531397058,0.00031183801705258362,0.088715920590039882
681,4,9.0980872025475253e-05,0.00021429714787737548,2.3766721422152061e-05,-0.0015807360405421401,-0.00034447491993290144,0.00063609822597044752,0.00095203293558445638,0.066761449350999189
682,4,-0.00024355638487182524,-0.00026164260585163169,-0.00025150129959536312,0.0012557939790125842,5.7420670261219223e-05,0.0014958621817216247,0.00026996750240838218,0.48668675342911183
683,4,0.00016280738795761799,6.1213029090950242e-05,0.00014781409922949015,0.0010993533979565871,0.00042165454963804134,-0.001789551403767726,0.00090813914769995803,0.4829885382356659
684,4,0.00031428043615304126,0.000122883103937912,-9.2818459472320032e-05,-0.00012308257869227376,-0.00054371268169681685,-0.00020899962785276443,1.7285009137965156e-05,0.086556100173527287
685,4,-0.00021425247275475099,2.4546527864140704e-06,-0.00028648240354745875,-0.00032670239557151186,0.00080364415205898634,7.722274939443198e-05,0.00042335424891129883,0.42047564974919133
686,4,4.3666135516611948e-05,6.2320134828222737e-05,0.0001169406091151998,0.00025701797260261076,-0.00035585942232959771,-0.00044222991204564808,0.00072263314498430969,0.57941699960898718
687,4,0.00021514723959224186,0.00018495488736378342,4.4316003380925716e-06,-0.00087988034369552038,-5.1277698674258223e-05,-0.00035704530220608178,0.00033487338130653855,0.35746211617966633
688,4,-5.3757788626779013e-05,0.00013169352073483015,6.567523471766331e-07,0.00033685441005972656,-0.0016807408905005756,0.00048954234389550716,0.00048013633714316949,0.69980994645609973
689,4,0.00027963625126432195,-0.00010459539007111481,-0.00022258874640820482,-0.00052070374344020248,0.00075568889783652964,0.0015806826896972634,0.00039457483951855078,0.36227220921000886
690,4,5.1369208880385721e-05,-8.9976045956577215e-05,-0.00045844802931722272,0.00012457140978331069,0.0010907010486113067,0.00091821483759635121,0.00078360698257638132,0.93488782447784657
691,4,0.00015031329346886079,1.2095534663311929e-05,-0.00011715248505847375,-7.1975134701698581e-05,-0.00041559388372064399,-0.0017057673290662239,0.00084157842250321519,0.68425747323628094
692,4,0.00021444228645396677,0.00023007782672808169,0.00019588917474691196,-0.0006314853481811729,-0.0010561522999228651,-0.0002107706100718266,0.00040435375024569135,0.047884965329765473
693,4,-3.4283811353327813e-07,0.00047564914780548153,-6.6514422185868683e-05,0.00068203451333764288,1.0278327898140564e-05,-0.0005510135727014397,0.00054477486862702798,0.80638898197127906
694,4,-0.00037092419220888863,0.00026967739144106062,0.00026094611233422213,-0.00079352529489273437,-0.00050302224193817142,-0.00042521182564197259,0.00098906307480926391,0.19259799639081807
695,4,0,0,0,0,0,0,0,0
696,4,0,0,0,0,0,0,0,0
697,4,0,0,0,0,0,0,0,0
698,4,0,0,0,0.0001,0.0001,0,0,0
699,4,3.0000000000000001e-05,3.0000000000000001e-05,0,6.9999999999999994e-05,6.9999999999999994e-05,0,0,0
700,4,0.0001,0.0001,0,0,0,0,0,0
701,4,0,0,0,0.0001,0.0001,9.9999999999999998e-20,0,0
702,4,3.0000000000000001e-05,3.0000000000000001e-05,2.9999999999999997e-20,6.9999999999999994e-05,6.9999999999999994e-05,6.9999999999999989e-20,0,0
703,4,0.0001,0.0001,9.9999999999999998e-20,0,0,0,0,0
704,4,0,0,0,0,0,0.001,0,0
705,4,0,0,0.00029999999999999997,0,0,0.00069999999999999999,0,0
706,4,0,0,0.001,0,0,0,0,0
707,4,-0,0,0,-0.001,0.00020000000000000001,0,0,0
708,4,-0.00029999999999999997,6.0000000000000002e-05,0,-0.00069999999999999999,0.00013999999999999999,0,0,0
709,4,-0.001,0.00020000000000000001,0,-0,0,0,0,0
710,4,0,-0,0,0.00029999999999999997,-6.0000000000000002e-05,0,0,0
711,4,8.9999999999999992e-05,-1.8e-05,0,0.00020999999999999998,-4.1999999999999998e-05,0,0,0
712,4,0.00029999999999999997,-6.0000000000000002e-05,0,0,-0,0,0,0
