step,displacement_mm,cmod_mm,external_work_Nmm,elastic_energy_Nmm,damage_dissipation_Nmm,energy_balance_error_Nmm
1,2.500000000e-05,1.150142399e-05,6.029837195e-05,6.029837195e-05,0.000000000e+00,5.464921050e-16
2,5.000000000e-05,2.300284798e-05,2.411934878e-04,2.411934878e-04,0.000000000e+00,2.135878280e-15
3,7.500000000e-05,3.450427197e-05,5.426853475e-04,5.426853475e-04,0.000000000e+00,4.732976164e-15
4,1.000000000e-04,4.600569597e-05,9.647739512e-04,9.647739512e-04,0.000000000e+00,8.467618967e-15
5,1.250000000e-04,5.750711996e-05,1.507459299e-03,1.507459299e-03,0.000000000e+00,1.348660766e-14
6,1.500000000e-04,6.900854395e-05,2.170741390e-03,2.170741390e-03,0.000000000e+00,1.955597143e-14
7,1.750000000e-04,8.050996794e-05,2.954620226e-03,2.954620225e-03,0.000000000e+00,2.644802780e-14
8,2.000000000e-04,9.201139193e-05,3.859095805e-03,3.859095805e-03,0.000000000e+00,3.422696154e-14
9,2.250000000e-04,1.035128159e-04,4.884168128e-03,4.884168128e-03,0.000000000e+00,4.333165771e-14
10,2.500000000e-04,1.150142399e-04,6.029837195e-03,6.029837195e-03,0.000000000e+00,5.359775124e-14
11,2.750000000e-04,1.265156639e-04,7.296103006e-03,7.296103006e-03,0.000000000e+00,6.487865800e-14
12,3.000000000e-04,1.380170879e-04,8.682965561e-03,8.682965561e-03,0.000000000e+00,7.721080719e-14
13,3.250000000e-04,1.495185119e-04,1.019042486e-02,1.019042486e-02,0.000000000e+00,9.028541803e-14
14,3.500000000e-04,1.610199359e-04,1.181848090e-02,1.181848090e-02,0.000000000e+00,1.045361714e-13
15,3.750000000e-04,1.725213599e-04,1.356713369e-02,1.356713369e-02,0.000000000e+00,1.202805217e-13
16,4.000000000e-04,1.840227839e-04,1.543638322e-02,1.543638322e-02,0.000000000e+00,1.371402991e-13
17,4.250000000e-04,1.955242079e-04,1.742622949e-02,1.742622949e-02,0.000000000e+00,1.547893758e-13
18,4.500000000e-04,2.070256318e-04,1.953667251e-02,1.953667251e-02,0.000000000e+00,1.738748034e-13
19,4.750000000e-04,2.185270558e-04,2.176771227e-02,2.176771227e-02,0.000000000e+00,1.936159566e-13
20,5.000000000e-04,2.300284798e-04,2.411934878e-02,2.411934878e-02,0.000000000e+00,2.139607935e-13
21,5.250000000e-04,2.415299038e-04,2.659158203e-02,2.659158203e-02,0.000000000e+00,2.355997342e-13
22,5.500000000e-04,2.530313278e-04,2.918441202e-02,2.918441202e-02,0.000000000e+00,2.586021675e-13
23,5.750000000e-04,2.645327518e-04,3.189783876e-02,3.189783876e-02,0.000000000e+00,2.833427937e-13
24,6.000000000e-04,2.760341758e-04,3.473186224e-02,3.473186224e-02,0.000000000e+00,3.093497680e-13
25,6.250000000e-04,2.875355998e-04,3.768648247e-02,3.768648247e-02,0.000000000e+00,3.353012312e-13
26,6.500000000e-04,2.990370238e-04,4.076169944e-02,4.076169944e-02,0.000000000e+00,3.619674005e-13
27,6.750000000e-04,3.105384478e-04,4.395751315e-02,4.395751315e-02,0.000000000e+00,3.899380818e-13
28,7.000000000e-04,3.220398718e-04,4.727392361e-02,4.727392361e-02,0.000000000e+00,4.196018533e-13
29,7.250000000e-04,3.335412957e-04,5.071093081e-02,5.071093081e-02,0.000000000e+00,4.508476925e-13
30,7.500000000e-04,3.450427197e-04,5.426853475e-02,5.426853475e-02,0.000000000e+00,4.826486433e-13
31,7.750000000e-04,3.565441437e-04,5.794673544e-02,5.794673544e-02,0.000000000e+00,5.163230954e-13
32,8.000000000e-04,3.680455677e-04,6.174553288e-02,6.174553288e-02,0.000000000e+00,5.518988044e-13
33,8.250000000e-04,3.795469917e-04,6.566492705e-02,6.566492705e-02,0.000000000e+00,5.880990139e-13
34,8.500000000e-04,3.910484157e-04,6.970491797e-02,6.970491797e-02,0.000000000e+00,6.243894290e-13
35,8.750000000e-04,4.025498397e-04,7.386550564e-02,7.386550564e-02,0.000000000e+00,6.615541448e-13
36,9.000000000e-04,4.140512637e-04,7.814669005e-02,7.814669005e-02,0.000000000e+00,7.000927615e-13
37,9.250000000e-04,4.255526877e-04,8.254847120e-02,8.254847120e-02,0.000000000e+00,7.396860902e-13
38,9.500000000e-04,4.370541117e-04,8.707084909e-02,8.707084909e-02,0.000000000e+00,7.799316748e-13
39,9.750000000e-04,4.485555357e-04,9.171382373e-02,9.171382373e-02,0.000000000e+00,8.205658375e-13
40,1.000000000e-03,4.600569597e-04,9.647739512e-02,9.647739512e-02,0.000000000e+00,8.632816684e-13
41,1.025000000e-03,4.715583836e-04,1.013615632e-01,1.013615632e-01,0.000000000e+00,9.081208008e-13
42,1.050000000e-03,4.830598076e-04,1.063663281e-01,1.063663281e-01,0.000000000e+00,9.533068779e-13
43,1.075000000e-03,4.945612316e-04,1.114916897e-01,1.114916897e-01,0.000000000e+00,9.984790772e-13
44,1.100000000e-03,5.060626556e-04,1.167376481e-01,1.167376481e-01,0.000000000e+00,1.045358244e-12
45,1.125000000e-03,5.175640796e-04,1.221042032e-01,1.221042032e-01,0.000000000e+00,1.093639068e-12
46,1.150000000e-03,5.290655036e-04,1.275913550e-01,1.275913550e-01,0.000000000e+00,1.142641537e-12
47,1.175000000e-03,5.405669276e-04,1.331991036e-01,1.331991036e-01,0.000000000e+00,1.192962396e-12
48,1.200000000e-03,5.520683516e-04,1.389274490e-01,1.389274490e-01,0.000000000e+00,1.244587766e-12
49,1.225000000e-03,5.635697756e-04,1.447763911e-01,1.447763910e-01,0.000000000e+00,1.296712737e-12
50,1.250000000e-03,5.750711996e-04,1.507459299e-01,1.507459299e-01,0.000000000e+00,1.350003442e-12
51,1.275000000e-03,5.865726236e-04,1.568360654e-01,1.568360654e-01,0.000000000e+00,1.404459882e-12
52,1.300000000e-03,5.980740475e-04,1.630467978e-01,1.630467977e-01,0.000000000e+00,1.459055099e-12
53,1.325000000e-03,6.095754715e-04,1.693781268e-01,1.693781268e-01,0.000000000e+00,1.515398917e-12
54,1.350000000e-03,6.210768955e-04,1.758300526e-01,1.758300526e-01,0.000000000e+00,1.571937025e-12
55,1.375000000e-03,6.325783195e-04,1.824025751e-01,1.824025751e-01,0.000000000e+00,1.629918422e-12
56,1.400000000e-03,6.440797435e-04,1.890956944e-01,1.890956944e-01,0.000000000e+00,1.692368468e-12
57,1.425000000e-03,6.555811675e-04,1.959094105e-01,1.959094105e-01,0.000000000e+00,1.754485446e-12
58,1.450000000e-03,6.670825915e-04,2.028437232e-01,2.028437232e-01,0.000000000e+00,1.816852224e-12
59,1.475000000e-03,6.785840155e-04,2.098986328e-01,2.098986328e-01,0.000000000e+00,1.879940648e-12
60,1.500000000e-03,6.900854395e-04,2.170741390e-01,2.170741390e-01,0.000000000e+00,1.943806227e-12
61,1.525000000e-03,7.015868635e-04,2.243702420e-01,2.243702420e-01,0.000000000e+00,2.008587741e-12
62,1.550000000e-03,7.130882875e-04,2.317869418e-01,2.317869418e-01,0.000000000e+00,2.072231275e-12
63,1.575000000e-03,7.245897115e-04,2.393242383e-01,2.393242383e-01,0.000000000e+00,2.137540145e-12
64,1.600000000e-03,7.360911354e-04,2.469821315e-01,2.469821315e-01,0.000000000e+00,2.204264549e-12
65,1.625000000e-03,7.475925594e-04,2.547606215e-01,2.547606215e-01,0.000000000e+00,2.273570221e-12
66,1.650000000e-03,7.590939834e-04,2.626597082e-01,2.626597082e-01,0.000000000e+00,2.343347738e-12
67,1.675000000e-03,7.705954074e-04,2.706793917e-01,2.706793917e-01,0.000000000e+00,2.413624856e-12
68,1.700000000e-03,7.820968314e-04,2.788196719e-01,2.788196719e-01,0.000000000e+00,2.484956685e-12
69,1.725000000e-03,7.935982554e-04,2.870805489e-01,2.870805488e-01,0.000000000e+00,2.559619183e-12
70,1.750000000e-03,8.050996794e-04,2.954620226e-01,2.954620225e-01,0.000000000e+00,2.634226171e-12
71,1.775000000e-03,8.166011034e-04,3.039640930e-01,3.039640930e-01,0.000000000e+00,2.708500091e-12
72,1.800000000e-03,8.281025274e-04,3.125867602e-01,3.125867602e-01,0.000000000e+00,2.784938946e-12
73,1.825000000e-03,8.396039514e-04,3.213300241e-01,3.213300241e-01,0.000000000e+00,2.863820292e-12
74,1.850000000e-03,8.511053754e-04,3.301938848e-01,3.301938848e-01,0.000000000e+00,2.944755551e-12
75,1.875000000e-03,8.626067993e-04,3.391783422e-01,3.391783422e-01,0.000000000e+00,3.025690809e-12
76,1.900000000e-03,8.741082233e-04,3.482833964e-01,3.482833964e-01,0.000000000e+00,3.105016244e-12
77,1.925000000e-03,8.856096473e-04,3.575090473e-01,3.575090473e-01,0.000000000e+00,3.184785768e-12
78,1.950000000e-03,8.971110713e-04,3.668552949e-01,3.668552949e-01,0.000000000e+00,3.265387960e-12
79,1.975000000e-03,9.086124953e-04,3.763221393e-01,3.763221393e-01,0.000000000e+00,3.350097977e-12
80,2.000000000e-03,9.201139193e-04,3.859095805e-01,3.859095805e-01,0.000000000e+00,3.437139462e-12
81,2.025000000e-03,9.316153433e-04,3.956176184e-01,3.956176184e-01,0.000000000e+00,3.523237257e-12
82,2.050000000e-03,9.431167673e-04,4.054462530e-01,4.054462530e-01,0.000000000e+00,3.610778343e-12
83,2.075000000e-03,9.546181913e-04,4.153954844e-01,4.153954844e-01,0.000000000e+00,3.696987161e-12
84,2.100000000e-03,9.661196153e-04,4.254653125e-01,4.254653125e-01,0.000000000e+00,3.786082559e-12
85,2.125000000e-03,9.776210393e-04,4.356557373e-01,4.356557373e-01,0.000000000e+00,3.876288179e-12
86,2.150000000e-03,9.891224633e-04,4.459667589e-01,4.459667589e-01,0.000000000e+00,3.971323270e-12
87,2.175000000e-03,1.000623887e-03,4.563983773e-01,4.563983773e-01,0.000000000e+00,4.065248138e-12
88,2.200000000e-03,1.012125311e-03,4.669505924e-01,4.669505924e-01,0.000000000e+00,4.156675004e-12
89,2.225000000e-03,1.023626735e-03,4.776234042e-01,4.776234042e-01,0.000000000e+00,4.251654584e-12
90,2.250000000e-03,1.035128159e-03,4.884168128e-01,4.884168128e-01,0.000000000e+00,4.346412119e-12
91,2.275000000e-03,1.046629583e-03,4.993308181e-01,4.993308181e-01,0.000000000e+00,4.443112545e-12
92,2.300000000e-03,1.058131007e-03,5.103654202e-01,5.103654202e-01,0.000000000e+00,4.542366483e-12
93,2.325000000e-03,1.069632431e-03,5.215206190e-01,5.215206190e-01,0.000000000e+00,4.642286555e-12
94,2.350000000e-03,1.081133855e-03,5.327964145e-01,5.327964145e-01,0.000000000e+00,4.741429471e-12
95,2.375000000e-03,1.092635279e-03,5.441928068e-01,5.441928068e-01,0.000000000e+00,4.844458168e-12
96,2.400000000e-03,1.104136703e-03,5.557097959e-01,5.557097959e-01,0.000000000e+00,4.950706511e-12
97,2.425000000e-03,1.115638127e-03,5.673473817e-01,5.673473817e-01,0.000000000e+00,5.055178498e-12
98,2.450000000e-03,1.127139551e-03,5.791055642e-01,5.791055642e-01,0.000000000e+00,5.158318217e-12
99,2.475000000e-03,1.138640975e-03,5.909843435e-01,5.909843435e-01,0.000000000e+00,5.265343717e-12
100,2.500000000e-03,1.150142399e-03,6.029837195e-01,6.029837195e-01,0.000000000e+00,5.372369216e-12
101,2.525000000e-03,1.161643823e-03,6.151036923e-01,6.151036922e-01,0.000000000e+00,5.481837206e-12
102,2.550000000e-03,1.173145247e-03,6.273442618e-01,6.273442618e-01,0.000000000e+00,5.591305197e-12
103,2.575000000e-03,1.184646671e-03,6.397054280e-01,6.397054280e-01,0.000000000e+00,5.699551942e-12
104,2.600000000e-03,1.196148095e-03,6.521871910e-01,6.521871910e-01,0.000000000e+00,5.806022330e-12
105,2.625000000e-03,1.207649519e-03,6.647895507e-01,6.647895507e-01,0.000000000e+00,5.915268275e-12
106,2.650000000e-03,1.219150943e-03,6.775125072e-01,6.775125072e-01,0.000000000e+00,6.027733868e-12
107,2.675000000e-03,1.230652367e-03,6.903560604e-01,6.903560604e-01,0.000000000e+00,6.144085241e-12
108,2.700000000e-03,1.242153791e-03,7.033202104e-01,7.033202104e-01,0.000000000e+00,6.260325591e-12
109,2.725000000e-03,1.253655215e-03,7.164049571e-01,7.164049571e-01,0.000000000e+00,6.382450124e-12
110,2.750000000e-03,1.265156639e-03,7.296103006e-01,7.296103006e-01,0.000000000e+00,6.499023542e-12
111,2.775000000e-03,1.276658063e-03,7.429362408e-01,7.429362408e-01,0.000000000e+00,6.616041048e-12
112,2.800000000e-03,1.288159487e-03,7.563827777e-01,7.563827777e-01,0.000000000e+00,6.734390823e-12
113,2.825000000e-03,1.299660911e-03,7.699499114e-01,7.699499114e-01,0.000000000e+00,6.853739798e-12
114,2.850000000e-03,1.311162335e-03,7.836376419e-01,7.836376418e-01,0.000000000e+00,6.976752509e-12
115,2.875000000e-03,1.322663759e-03,7.974459690e-01,7.974459690e-01,0.000000000e+00,7.096656596e-12
116,2.900000000e-03,1.334165183e-03,8.113748929e-01,8.113748929e-01,0.000000000e+00,7.222111797e-12
117,2.925000000e-03,1.345666607e-03,8.254244136e-01,8.254244136e-01,0.000000000e+00,7.342015884e-12
118,2.950000000e-03,1.357168031e-03,8.395945310e-01,8.395945310e-01,0.000000000e+00,7.471023800e-12
119,2.975000000e-03,1.368669455e-03,8.538852452e-01,8.538852452e-01,0.000000000e+00,7.597478202e-12
120,3.000000000e-03,1.380170879e-03,8.682965561e-01,8.682965561e-01,0.000000000e+00,7.725819984e-12
121,3.025000000e-03,1.391672303e-03,8.828284637e-01,8.828284637e-01,0.000000000e+00,7.854161765e-12
122,3.050000000e-03,1.403173727e-03,8.974809681e-01,8.974809681e-01,0.000000000e+00,7.985501149e-12
123,3.075000000e-03,1.414675151e-03,9.122540692e-01,9.122540692e-01,0.000000000e+00,8.113398842e-12
124,3.100000000e-03,1.426176575e-03,9.271477671e-01,9.271477671e-01,0.000000000e+00,8.245737426e-12
125,3.125000000e-03,1.437677999e-03,9.421620617e-01,9.421620617e-01,0.000000000e+00,8.381295658e-12
126,3.150000000e-03,1.449179423e-03,9.572969531e-01,9.572969531e-01,0.000000000e+00,8.516187755e-12
127,3.175000000e-03,1.460680847e-03,9.725524412e-01,9.725524412e-01,0.000000000e+00,8.654743588e-12
128,3.200000000e-03,1.472182271e-03,9.879285260e-01,9.879285260e-01,0.000000000e+00,8.789524664e-12
129,3.225000000e-03,1.483683695e-03,1.003425208e+00,1.003425208e+00,0.000000000e+00,8.926859252e-12
130,3.250000000e-03,1.495185119e-03,1.019042486e+00,1.019042486e+00,0.000000000e+00,9.067857576e-12
131,3.275000000e-03,1.506686543e-03,1.034780361e+00,1.034780361e+00,0.000000000e+00,9.206191365e-12
132,3.300000000e-03,1.518187967e-03,1.050638833e+00,1.050638833e+00,0.000000000e+00,9.344969243e-12
133,3.325000000e-03,1.529689391e-03,1.066617901e+00,1.066617901e+00,0.000000000e+00,9.487077790e-12
134,3.350000000e-03,1.541190815e-03,1.082717567e+00,1.082717567e+00,0.000000000e+00,9.630296560e-12
135,3.375000000e-03,1.552692239e-03,1.098937829e+00,1.098937829e+00,0.000000000e+00,9.775291687e-12
136,3.400000000e-03,1.564193663e-03,1.115278688e+00,1.115278688e+00,0.000000000e+00,9.916956145e-12
137,3.425000000e-03,1.575695087e-03,1.131740143e+00,1.131740143e+00,0.000000000e+00,1.006417172e-11
138,3.450000000e-03,1.587196511e-03,1.148322195e+00,1.148322195e+00,0.000000000e+00,1.021138729e-11
139,3.475000000e-03,1.598697935e-03,1.165024844e+00,1.165024844e+00,0.000000000e+00,1.035749264e-11
140,3.500000000e-03,1.610199359e-03,1.181848090e+00,1.181848090e+00,0.000000000e+00,1.050537435e-11
141,3.525000000e-03,1.621700783e-03,1.198791933e+00,1.198791933e+00,0.000000000e+00,1.065836308e-11
142,3.550000000e-03,1.633202207e-03,1.215856372e+00,1.215856372e+00,0.000000000e+00,1.081601475e-11
143,3.575000000e-03,1.644703631e-03,1.233041408e+00,1.233041408e+00,0.000000000e+00,1.096900348e-11
144,3.600000000e-03,1.656205055e-03,1.250347041e+00,1.250347041e+00,0.000000000e+00,1.111999381e-11
145,3.625000000e-03,1.667706479e-03,1.267773270e+00,1.267770736e+00,2.534075950e-06,1.127786380e-11
146,3.650000000e-03,1.679216933e-03,1.285320079e+00,1.285282949e+00,3.711057062e-05,1.927526333e-08
147,3.675000000e-03,1.690841211e-03,1.302987227e+00,1.302894610e+00,9.221233354e-05,4.043559784e-07
148,3.700000000e-03,1.702538300e-03,1.320774351e+00,1.320613177e+00,1.600261225e-04,1.147753154e-06
149,3.725000000e-03,1.714280271e-03,1.338681220e+00,1.338443353e+00,2.357134749e-04,2.153258372e-06
150,3.750000000e-03,1.726049836e-03,1.356707694e+00,1.356388105e+00,3.162597060e-04,3.328918443e-06
151,3.775000000e-03,1.737836257e-03,1.374853685e+00,1.374449293e+00,3.997851814e-04,4.605861508e-06
152,3.800000000e-03,1.749632878e-03,1.393119139e+00,1.392628081e+00,4.851211732e-04,5.937368846e-06
153,3.825000000e-03,1.761435586e-03,1.411504026e+00,1.410925188e+00,5.715445509e-04,7.293425355e-06
154,3.850000000e-03,1.773241858e-03,1.430008324e+00,1.429341058e+00,6.586107271e-04,8.655440750e-06
155,3.875000000e-03,1.785050155e-03,1.448632025e+00,1.447875964e+00,7.460483899e-04,1.001224556e-05
156,3.900000000e-03,1.796859547e-03,1.467375120e+00,1.466530069e+00,8.336933591e-04,1.135733862e-05
157,3.925000000e-03,1.808669477e-03,1.486237606e+00,1.485303471e+00,9.214472330e-04,1.268709047e-05
158,3.950000000e-03,1.820479618e-03,1.505219481e+00,1.504196230e+00,1.009251698e-03,1.399960685e-05
159,3.975000000e-03,1.832289778e-03,1.524320746e+00,1.523208379e+00,1.097072678e-03,1.529402504e-05
160,4.000000000e-03,1.844099848e-03,1.543541398e+00,1.542339938e+00,1.184890633e-03,1.657008497e-05
161,4.025000000e-03,1.855909768e-03,1.562881440e+00,1.561590917e+00,1.272694657e-03,1.782787118e-05
162,4.050000000e-03,1.867719507e-03,1.582340870e+00,1.580961323e+00,1.360478926e-03,1.906765940e-05
163,4.075000000e-03,1.879529051e-03,1.601919690e+00,1.600451159e+00,1.448240571e-03,2.028982637e-05
164,4.100000000e-03,1.891338394e-03,1.621617899e+00,1.620060426e+00,1.535978415e-03,2.149479747e-05
165,4.125000000e-03,1.903147537e-03,1.641435499e+00,1.639789123e+00,1.623692234e-03,2.268301683e-05
166,4.150000000e-03,1.914956484e-03,1.661372489e+00,1.659637252e+00,1.711382324e-03,2.385493049e-05
167,4.175000000e-03,1.926765239e-03,1.681428871e+00,1.679604811e+00,1.799049250e-03,2.501097731e-05
168,4.200000000e-03,1.938573808e-03,1.701604645e+00,1.699691799e+00,1.886693708e-03,2.615158423e-05
169,4.225000000e-03,1.950382196e-03,1.721899810e+00,1.719898217e+00,1.974316443e-03,2.727716404e-05
170,4.250000000e-03,1.962190409e-03,1.742314369e+00,1.740224062e+00,2.061918205e-03,2.838811453e-05
171,4.275000000e-03,1.973998453e-03,1.762848320e+00,1.760669336e+00,2.149499730e-03,2.948481839e-05
172,4.300000000e-03,1.985806334e-03,1.783501665e+00,1.781234036e+00,2.237061723e-03,3.056764361e-05
173,4.325000000e-03,1.997614056e-03,1.804274404e+00,1.801918162e+00,2.324604859e-03,3.163694389e-05
174,4.350000000e-03,2.009421624e-03,1.825166537e+00,1.822721714e+00,2.412129776e-03,3.269305937e-05
175,4.375000000e-03,2.021229044e-03,1.846178065e+00,1.843644692e+00,2.499637080e-03,3.373631720e-05
176,4.400000000e-03,2.033036319e-03,1.867308988e+00,1.864687093e+00,2.587127342e-03,3.476703218e-05
177,4.425000000e-03,2.044843455e-03,1.888559306e+00,1.885848919e+00,2.674601105e-03,3.578550740e-05
178,4.450000000e-03,2.056650455e-03,1.909929019e+00,1.907130168e+00,2.762058880e-03,3.679203479e-05
179,4.475000000e-03,2.068457323e-03,1.931418129e+00,1.928530841e+00,2.849501151e-03,3.778689569e-05
180,4.500000000e-03,2.080264063e-03,1.953026635e+00,1.950050936e+00,2.936928379e-03,3.877036138e-05
181,4.525000000e-03,2.092070679e-03,1.974754537e+00,1.971690453e+00,3.024340997e-03,3.974269354e-05
182,4.550000000e-03,2.103877174e-03,1.996601836e+00,1.993449393e+00,3.111739420e-03,4.070414472e-05
183,4.575000000e-03,2.115683551e-03,2.018568533e+00,2.015327754e+00,3.199124038e-03,4.165495881e-05
184,4.600000000e-03,2.127489813e-03,2.040654626e+00,2.037325536e+00,3.286495225e-03,4.259537136e-05
185,4.625000000e-03,2.139295965e-03,2.062860118e+00,2.059442739e+00,3.373853335e-03,4.352561006e-05
186,4.650000000e-03,2.151102008e-03,2.085185007e+00,2.081679362e+00,3.461198706e-03,4.444589503e-05
187,4.675000000e-03,2.162907945e-03,2.107629294e+00,2.104035406e+00,3.548531659e-03,4.535643917e-05
188,4.700000000e-03,2.174713779e-03,2.130192980e+00,2.126510870e+00,3.635852499e-03,4.625744852e-05
189,4.725000000e-03,2.186519513e-03,2.152876065e+00,2.149105754e+00,3.723161521e-03,4.714912251e-05
190,4.750000000e-03,2.198325149e-03,2.175678548e+00,2.171820057e+00,3.810459002e-03,4.803165427e-05
191,4.775000000e-03,2.210130689e-03,2.198600430e+00,2.194653780e+00,3.897745210e-03,4.890523091e-05
192,4.800000000e-03,2.221936137e-03,2.221641711e+00,2.217606921e+00,3.985020400e-03,4.977003374e-05
193,4.825000000e-03,2.233741493e-03,2.244802392e+00,2.240679481e+00,4.072284816e-03,5.062623853e-05
194,4.850000000e-03,2.245546760e-03,2.268082473e+00,2.263871460e+00,4.159538691e-03,5.147401576e-05
195,4.875000000e-03,2.257351941e-03,2.291481954e+00,2.287182858e+00,4.246782251e-03,5.231353080e-05
196,4.900000000e-03,2.269157037e-03,2.315000834e+00,2.310613674e+00,4.334015709e-03,5.314494414e-05
197,4.925000000e-03,2.280962051e-03,2.338639115e+00,2.334163907e+00,4.421239273e-03,5.396841155e-05
198,4.950000000e-03,2.292766983e-03,2.362396796e+00,2.357814790e+00,4.527222725e-03,5.478408433e-05
199,4.975000000e-03,2.304626906e-03,2.386273783e+00,2.381567867e+00,4.650115335e-03,5.580019344e-05
200,5.000000000e-03,2.316534425e-03,2.410269891e+00,2.405429228e+00,4.783614078e-03,5.704894859e-05
201,5.025000000e-03,2.328470888e-03,2.434384983e+00,2.429403180e+00,4.923352235e-03,5.845132670e-05
202,5.050000000e-03,2.340424129e-03,2.458618973e+00,2.453492382e+00,5.066650014e-03,5.994028334e-05
203,5.075000000e-03,2.352386878e-03,2.482971811e+00,2.477698392e+00,5.211946929e-03,6.147213549e-05
204,5.100000000e-03,2.364354961e-03,2.507443469e+00,2.502022090e+00,5.358358333e-03,6.302094735e-05
205,5.125000000e-03,2.376326034e-03,2.532033933e+00,2.526463970e+00,5.505390507e-03,6.457204740e-05
206,5.150000000e-03,2.388298798e-03,2.556743193e+00,2.551024305e+00,5.652770788e-03,6.611740107e-05
207,5.175000000e-03,2.400272541e-03,2.581571245e+00,2.575703243e+00,5.800349823e-03,6.765273783e-05
208,5.200000000e-03,2.412246873e-03,2.606518087e+00,2.600500865e+00,5.948046408e-03,6.917587493e-05
209,5.225000000e-03,2.424221583e-03,2.631583717e+00,2.625417215e+00,6.095816727e-03,7.068577038e-05
210,5.250000000e-03,2.436196558e-03,2.656768134e+00,2.650452315e+00,6.243637348e-03,7.218199795e-05
211,5.275000000e-03,2.448171738e-03,2.682071338e+00,2.675606178e+00,6.391495890e-03,7.366445961e-05
212,5.300000000e-03,2.460147089e-03,2.707493329e+00,2.700878810e+00,6.539385919e-03,7.513322947e-05
213,5.325000000e-03,2.472122595e-03,2.733034106e+00,2.726270214e+00,6.687304183e-03,7.658846969e-05
214,5.350000000e-03,2.484098247e-03,2.758693670e+00,2.751774549e+00,6.841089818e-03,7.803038552e-05
215,5.375000000e-03,2.496087905e-03,2.784471991e+00,2.777370948e+00,7.021505530e-03,7.953757698e-05
216,5.400000000e-03,2.508141367e-03,2.810368918e+00,2.803064923e+00,7.222526040e-03,8.146855076e-05
217,5.425000000e-03,2.520246423e-03,2.836384227e+00,2.828861393e+00,7.439056702e-03,8.377717051e-05
218,5.450000000e-03,2.532390181e-03,2.862517747e+00,2.854764615e+00,7.666759094e-03,8.637324998e-05
219,5.475000000e-03,2.544561627e-03,2.888769355e+00,2.880777854e+00,7.902330626e-03,8.917027643e-05
220,5.500000000e-03,2.556752466e-03,2.915138960e+00,2.906903454e+00,8.143407012e-03,9.209938973e-05
221,5.525000000e-03,2.568956804e-03,2.941626502e+00,2.933143045e+00,8.388347456e-03,9.511014201e-05
222,5.550000000e-03,2.581170578e-03,2.968231938e+00,2.959497739e+00,8.636031629e-03,9.816716979e-05
223,5.575000000e-03,2.593391028e-03,2.994955236e+00,2.985968289e+00,8.885701416e-03,1.012463353e-04
224,5.600000000e-03,2.605616292e-03,3.021796377e+00,3.012555199e+00,9.136846437e-03,1.043314609e-04
225,5.625000000e-03,2.617845125e-03,3.048755343e+00,3.039258807e+00,9.389124055e-03,1.074118600e-04
226,5.650000000e-03,2.630076690e-03,3.075832124e+00,3.066079339e+00,9.642304452e-03,1.104805690e-04
227,5.675000000e-03,2.642310429e-03,3.103026711e+00,3.093016945e+00,9.896233315e-03,1.135331184e-04
228,5.700000000e-03,2.654545969e-03,3.130339097e+00,3.120071723e+00,1.015080666e-02,1.165666955e-04
229,5.725000000e-03,2.666783057e-03,3.157769275e+00,3.147240698e+00,1.040899776e-02,1.195795796e-04
230,5.750000000e-03,2.679028427e-03,3.185317228e+00,3.174516247e+00,1.067840155e-02,1.225787287e-04
231,5.775000000e-03,2.691299126e-03,3.212982890e+00,3.201906875e+00,1.095042770e-02,1.255872632e-04
232,5.800000000e-03,2.703575517e-03,3.240766202e+00,3.229414851e+00,1.122278611e-02,1.285640140e-04
233,5.825000000e-03,2.715852522e-03,3.268667151e+00,3.257040660e+00,1.149499020e-02,1.315004238e-04
234,5.850000000e-03,2.728129117e-03,3.296685737e+00,3.284784294e+00,1.176704409e-02,1.343988035e-04
235,5.875000000e-03,2.740405354e-03,3.324821961e+00,3.312645642e+00,1.203905569e-02,1.372635176e-04
236,5.900000000e-03,2.752681497e-03,3.353075825e+00,3.340624597e+00,1.231112964e-02,1.400984413e-04
237,5.925000000e-03,2.764957789e-03,3.381447328e+00,3.368721077e+00,1.258334456e-02,1.429064992e-04
238,5.950000000e-03,2.777234414e-03,3.409936470e+00,3.396935027e+00,1.285575408e-02,1.456897821e-04
239,5.975000000e-03,2.789511493e-03,3.438543251e+00,3.425266408e+00,1.312839280e-02,1.484497676e-04
240,6.000000000e-03,2.801789102e-03,3.467267667e+00,3.453715197e+00,1.340128210e-02,1.511875118e-04
241,6.025000000e-03,2.814067288e-03,3.496109718e+00,3.482281379e+00,1.367443451e-02,1.539037910e-04
242,6.050000000e-03,2.826346079e-03,3.525069401e+00,3.510964945e+00,1.394785681e-02,1.565991977e-04
243,6.075000000e-03,2.838625487e-03,3.554146715e+00,3.539764412e+00,1.422302784e-02,1.592742049e-04
244,6.100000000e-03,2.850908519e-03,3.583341650e+00,3.568658126e+00,1.452158055e-02,1.619435297e-04
245,6.125000000e-03,2.863239118e-03,3.612654104e+00,3.597651098e+00,1.483813301e-02,1.648735719e-04
246,6.150000000e-03,2.875607243e-03,3.642083905e+00,3.626748528e+00,1.516730817e-02,1.680682587e-04
247,6.175000000e-03,2.888002021e-03,3.671630925e+00,3.655954308e+00,1.550516170e-02,1.714556309e-04
248,6.200000000e-03,2.900415176e-03,3.701295078e+00,3.685271172e+00,1.584893693e-02,1.749692330e-04
249,6.225000000e-03,2.912840825e-03,3.731076303e+00,3.714701000e+00,1.619674523e-02,1.785586395e-04
250,6.250000000e-03,2.925274911e-03,3.760974561e+00,3.744244291e+00,1.654808170e-02,1.821880671e-04
251,6.275000000e-03,2.937716205e-03,3.790989819e+00,3.773898545e+00,1.690544134e-02,1.858328200e-04
252,6.300000000e-03,2.950169420e-03,3.821122041e+00,3.803663099e+00,1.726946684e-02,1.894755246e-04
253,6.325000000e-03,2.962635554e-03,3.851371176e+00,3.833542454e+00,1.763563009e-02,1.930920417e-04
254,6.350000000e-03,2.975105531e-03,3.881737189e+00,3.863538328e+00,1.800220185e-02,1.966592421e-04
255,6.375000000e-03,2.987575933e-03,3.912220071e+00,3.893651317e+00,1.836858044e-02,2.001728182e-04
256,6.400000000e-03,3.000045623e-03,3.942819820e+00,3.923881566e+00,1.873461922e-02,2.036356583e-04
257,6.425000000e-03,3.012514369e-03,3.973536441e+00,3.954229046e+00,1.910034183e-02,2.070526088e-04
258,6.450000000e-03,3.024982265e-03,4.004369935e+00,3.984693683e+00,1.946582335e-02,2.104284293e-04
259,6.475000000e-03,3.037449494e-03,4.035320305e+00,4.015252347e+00,1.985419037e-02,2.137671417e-04
260,6.500000000e-03,3.049963442e-03,4.066387463e+00,4.045908153e+00,2.026191361e-02,2.173959334e-04
261,6.525000000e-03,3.062515984e-03,4.097571243e+00,4.076665650e+00,2.068425137e-02,2.213416681e-04
262,6.550000000e-03,3.075097468e-03,4.128871513e+00,4.107528444e+00,2.111753130e-02,2.255376049e-04
263,6.575000000e-03,3.087700602e-03,4.160288173e+00,4.138499337e+00,2.155891992e-02,2.299159798e-04
264,6.600000000e-03,3.100319745e-03,4.191821150e+00,4.169580412e+00,2.200631789e-02,2.344209270e-04
265,6.625000000e-03,3.112950697e-03,4.223470390e+00,4.200773166e+00,2.245821356e-02,2.390097323e-04
266,6.650000000e-03,3.125590422e-03,4.255235851e+00,4.232078665e+00,2.291353486e-02,2.436508762e-04
267,6.675000000e-03,3.138236761e-03,4.287117504e+00,4.263497657e+00,2.337152590e-02,2.483215260e-04
268,6.700000000e-03,3.150888189e-03,4.319115326e+00,4.295030667e+00,2.383165382e-02,2.530053101e-04
269,6.725000000e-03,3.163543631e-03,4.351229299e+00,4.326678067e+00,2.429354177e-02,2.576905637e-04
270,6.750000000e-03,3.176202324e-03,4.383459408e+00,4.358440118e+00,2.475692188e-02,2.623690156e-04
271,6.775000000e-03,3.188863729e-03,4.415805642e+00,4.390317004e+00,2.522160260e-02,2.670348290e-04
272,6.800000000e-03,3.201527459e-03,4.448267989e+00,4.422308860e+00,2.568744597e-02,2.716839089e-04
273,6.825000000e-03,3.214193234e-03,4.480846442e+00,4.454415777e+00,2.615435186e-02,2.763134051e-04
274,6.850000000e-03,3.226860853e-03,4.513540992e+00,4.486637824e+00,2.662224691e-02,2.809213567e-04
275,6.875000000e-03,3.239530168e-03,4.546351632e+00,4.518975048e+00,2.709107676e-02,2.855064368e-04
276,6.900000000e-03,3.252201069e-03,4.579278354e+00,4.551427486e+00,2.756080060e-02,2.900677709e-04
277,6.925000000e-03,3.264873474e-03,4.612321153e+00,4.583995161e+00,2.803138727e-02,2.946048062e-04
278,6.950000000e-03,3.277547318e-03,4.645480023e+00,4.616670813e+00,2.851009260e-02,2.991172187e-04
279,6.975000000e-03,3.290235464e-03,4.678754930e+00,4.649453406e+00,2.899789539e-02,3.036287849e-04
280,7.000000000e-03,3.302939727e-03,4.712145814e+00,4.682346944e+00,2.949072746e-02,3.081421393e-04
281,7.025000000e-03,3.315652865e-03,4.745652623e+00,4.715353849e+00,2.998614129e-02,3.126331202e-04
282,7.050000000e-03,3.328370431e-03,4.779275332e+00,4.748475422e+00,3.048282170e-02,3.170879962e-04
283,7.075000000e-03,3.341090041e-03,4.813013925e+00,4.781712283e+00,3.098014021e-02,3.215016569e-04
284,7.100000000e-03,3.353810567e-03,4.846868398e+00,4.815053119e+00,3.148940555e-02,3.258739788e-04
285,7.125000000e-03,3.366552363e-03,4.880838705e+00,4.848498046e+00,3.201036557e-02,3.302935196e-04
286,7.150000000e-03,3.379314865e-03,4.914924764e+00,4.882051672e+00,3.253832560e-02,3.347659566e-04
287,7.175000000e-03,3.392089583e-03,4.949126508e+00,4.915705326e+00,3.308193117e-02,3.392511743e-04
288,7.200000000e-03,3.404891287e-03,4.983443858e+00,4.949455100e+00,3.364492017e-02,3.438373720e-04
289,7.225000000e-03,3.417726554e-03,5.017876691e+00,4.983306882e+00,3.422118864e-02,3.486204546e-04
290,7.250000000e-03,3.430584916e-03,5.052424893e+00,5.017264892e+00,3.480644440e-02,3.535571745e-04
291,7.275000000e-03,3.443458850e-03,5.087088386e+00,5.051331979e+00,3.539781087e-02,3.585956914e-04
292,7.300000000e-03,3.456343288e-03,5.121867117e+00,5.085510023e+00,3.599339799e-02,3.636962317e-04
293,7.325000000e-03,3.469234897e-03,5.156761051e+00,5.119800245e+00,3.659197524e-02,3.688306838e-04
294,7.350000000e-03,3.482131498e-03,5.191770163e+00,5.154203440e+00,3.719274270e-02,3.739796469e-04
295,7.375000000e-03,3.495031675e-03,5.226894434e+00,5.188720126e+00,3.779517784e-02,3.791298009e-04
296,7.400000000e-03,3.507934499e-03,5.262133853e+00,5.223350645e+00,3.839893576e-02,3.842719759e-04
297,7.425000000e-03,3.520839355e-03,5.297488408e+00,5.258093787e+00,3.900522118e-02,3.893998222e-04
298,7.450000000e-03,3.533748785e-03,5.332958088e+00,5.292936914e+00,3.962666300e-02,3.945102540e-04
299,7.475000000e-03,3.546686582e-03,5.368542832e+00,5.327885465e+00,4.025771253e-02,3.996546061e-04
300,7.500000000e-03,3.559642590e-03,5.404242557e+00,5.362931856e+00,4.090587860e-02,4.048222195e-04
301,7.525000000e-03,3.572628966e-03,5.440057174e+00,5.398072020e+00,4.157501054e-02,4.101436357e-04
302,7.550000000e-03,3.585651596e-03,5.475986555e+00,5.433311509e+00,4.225931475e-02,4.157317832e-04
303,7.575000000e-03,3.598699886e-03,5.512030578e+00,5.468654314e+00,4.295473430e-02,4.215302039e-04
304,7.600000000e-03,3.611766746e-03,5.548189155e+00,5.504102234e+00,4.365944045e-02,4.274807431e-04
305,7.625000000e-03,3.624848967e-03,5.584462217e+00,5.539648690e+00,4.437998781e-02,4.335397327e-04
306,7.650000000e-03,3.637957435e-03,5.620849683e+00,5.575290037e+00,4.511994180e-02,4.397040206e-04
307,7.675000000e-03,3.651098843e-03,5.657351435e+00,5.611026968e+00,4.587848817e-02,4.459785747e-04
308,7.700000000e-03,3.664271714e-03,5.693967348e+00,5.646866290e+00,4.664869889e-02,4.523598065e-04
309,7.725000000e-03,3.677464335e-03,5.730697325e+00,5.682812450e+00,4.742608252e-02,4.587929709e-04
310,7.750000000e-03,3.690669060e-03,5.767541303e+00,5.718868211e+00,4.820785601e-02,4.652367457e-04
311,7.775000000e-03,3.703881135e-03,5.804499246e+00,5.755035226e+00,4.899235455e-02,4.716652204e-04
312,7.800000000e-03,3.717097707e-03,5.841571131e+00,5.791314457e+00,4.977860945e-02,4.780637081e-04
313,7.825000000e-03,3.730317106e-03,5.878756942e+00,5.827706446e+00,5.056607115e-02,4.844246524e-04
314,7.850000000e-03,3.743538380e-03,5.916056672e+00,5.864211491e+00,5.135443627e-02,4.907447149e-04
315,7.875000000e-03,3.756760995e-03,5.953470313e+00,5.900829747e+00,5.214354313e-02,4.970229192e-04
316,7.900000000e-03,3.769984662e-03,5.990997862e+00,5.937561292e+00,5.293330989e-02,5.032595341e-04
317,7.925000000e-03,3.783209230e-03,6.028639312e+00,5.974406158e+00,5.372369870e-02,5.094554288e-04
318,7.950000000e-03,3.796434626e-03,6.066394662e+00,6.011364355e+00,5.451469506e-02,5.156117137e-04
319,7.975000000e-03,3.809660814e-03,6.104263906e+00,6.048423784e+00,5.531839291e-02,5.217295488e-04
320,8.000000000e-03,3.822907079e-03,6.142247004e+00,6.085578284e+00,5.614079940e-02,5.279198593e-04
321,8.025000000e-03,3.836182817e-03,6.180343856e+00,6.122828289e+00,5.698134493e-02,5.342217279e-04
322,8.050000000e-03,3.849487285e-03,6.218554347e+00,6.160181502e+00,5.783222640e-02,5.406180376e-04
323,8.075000000e-03,3.862808380e-03,6.256878387e+00,6.197641923e+00,5.868940544e-02,5.470585686e-04
324,8.100000000e-03,3.876139637e-03,6.295315926e+00,6.235208357e+00,5.955405846e-02,5.535103359e-04
325,8.125000000e-03,3.889482700e-03,6.333866920e+00,6.272868024e+00,6.043891302e-02,5.599832348e-04
326,8.150000000e-03,3.902857138e-03,6.372531283e+00,6.310625586e+00,6.133907385e-02,5.666233498e-04
327,8.175000000e-03,3.916255511e-03,6.411308906e+00,6.348485658e+00,6.224984482e-02,5.734030025e-04
328,8.200000000e-03,3.929670383e-03,6.450199708e+00,6.386447973e+00,6.317146671e-02,5.802691495e-04
329,8.225000000e-03,3.943102230e-03,6.489203624e+00,6.424504382e+00,6.411203778e-02,5.872046711e-04
330,8.250000000e-03,3.956564107e-03,6.528320562e+00,6.462660961e+00,6.506532219e-02,5.942784526e-04
331,8.275000000e-03,3.970045928e-03,6.567550425e+00,6.500921935e+00,6.602703397e-02,6.014551755e-04
332,8.300000000e-03,3.983540973e-03,6.606893148e+00,6.539287124e+00,6.699733302e-02,6.086906557e-04
333,8.325000000e-03,3.997049041e-03,6.646348681e+00,6.577758830e+00,6.797389599e-02,6.159545887e-04
334,8.350000000e-03,4.010566456e-03,6.685916978e+00,6.616336622e+00,6.895713981e-02,6.232158244e-04
335,8.375000000e-03,4.024093508e-03,6.725598001e+00,6.655023209e+00,6.994433938e-02,6.304521087e-04
336,8.400000000e-03,4.037626094e-03,6.765391717e+00,6.693820275e+00,7.093380012e-02,6.376418105e-04
337,8.425000000e-03,4.051161659e-03,6.805298110e+00,6.732715275e+00,7.193805998e-02,6.447751539e-04
338,8.450000000e-03,4.064719012e-03,6.845317128e+00,6.771688688e+00,7.297645686e-02,6.519830436e-04
339,8.475000000e-03,4.078327263e-03,6.885448624e+00,6.810750596e+00,7.403851615e-02,6.595122398e-04
340,8.500000000e-03,4.091970387e-03,6.925692428e+00,6.849908248e+00,7.511691328e-02,6.672669815e-04
341,8.525000000e-03,4.105637329e-03,6.966048419e+00,6.889166808e+00,7.620645254e-02,6.751580148e-04
342,8.550000000e-03,4.119320257e-03,7.006516516e+00,6.928529835e+00,7.730356087e-02,6.831208214e-04
343,8.575000000e-03,4.133013809e-03,7.047096665e+00,6.967999699e+00,7.840585354e-02,6.911119749e-04
344,8.600000000e-03,4.146714427e-03,7.087788828e+00,7.007577953e+00,7.951177127e-02,6.991033845e-04
345,8.625000000e-03,4.160419802e-03,7.128592979e+00,7.047265594e+00,8.062030701e-02,7.070773682e-04
346,8.650000000e-03,4.174128459e-03,7.169509100e+00,7.087062174e+00,8.173190247e-02,7.150230448e-04
347,8.675000000e-03,4.187841058e-03,7.210537175e+00,7.126959505e+00,8.285473116e-02,7.229386793e-04
348,8.700000000e-03,4.201569595e-03,7.251677164e+00,7.166958841e+00,8.398745349e-02,7.308686481e-04
349,8.725000000e-03,4.215312319e-03,7.292929004e+00,7.207063936e+00,8.512625087e-02,7.388168372e-04
350,8.750000000e-03,4.229063709e-03,7.334292650e+00,7.247272206e+00,8.627368237e-02,7.467614533e-04
351,8.775000000e-03,4.242827393e-03,7.375768061e+00,7.287574455e+00,8.743887452e-02,7.547309493e-04
352,8.800000000e-03,4.256616407e-03,7.417355159e+00,7.327976503e+00,8.861582378e-02,7.628327929e-04
353,8.825000000e-03,4.270422016e-03,7.459053862e+00,7.368482023e+00,8.980082375e-02,7.710146338e-04
354,8.850000000e-03,4.284238827e-03,7.500864111e+00,7.409093458e+00,9.099141735e-02,7.792354255e-04
355,8.875000000e-03,4.298063267e-03,7.542785869e+00,7.449812430e+00,9.218597231e-02,7.874667503e-04
356,8.900000000e-03,4.311892969e-03,7.584819108e+00,7.490640007e+00,9.338341204e-02,7.956894993e-04
357,8.925000000e-03,4.325726377e-03,7.626963810e+00,7.531576888e+00,9.458303076e-02,8.038911196e-04
358,8.950000000e-03,4.339562476e-03,7.669219960e+00,7.572612011e+00,9.579588472e-02,8.120635300e-04
359,8.975000000e-03,4.353416727e-03,7.711587514e+00,7.613742025e+00,9.702517748e-02,8.203117228e-04
360,9.000000000e-03,4.367293678e-03,7.754066390e+00,7.654959423e+00,9.827827548e-02,8.286920988e-04
361,9.025000000e-03,4.381203963e-03,7.796656476e+00,7.696267237e+00,9.955198890e-02,8.372496479e-04
362,9.050000000e-03,4.395143025e-03,7.839357645e+00,7.737671687e+00,1.008399857e-01,8.459730131e-04
363,9.075000000e-03,4.409101892e-03,7.882169802e+00,7.779177280e+00,1.021377196e-01,8.548032191e-04
364,9.100000000e-03,4.423074136e-03,7.925092880e+00,7.820787142e+00,1.034420485e-01,8.636896625e-04
365,9.125000000e-03,4.437055303e-03,7.968126833e+00,7.862503372e+00,1.047508654e-01,8.725959018e-04
366,9.150000000e-03,4.451042409e-03,8.011271632e+00,7.904327351e+00,1.060627837e-01,8.814972249e-04
367,9.175000000e-03,4.465033494e-03,8.054527254e+00,7.946252196e+00,1.073846812e-01,8.903773953e-04
368,9.200000000e-03,4.479037869e-03,8.097893665e+00,7.988270057e+00,1.087243011e-01,8.993070637e-04
369,9.225000000e-03,4.493066017e-03,8.141370789e+00,8.030384397e+00,1.100779989e-01,9.083935639e-04
370,9.250000000e-03,4.507112932e-03,8.184958538e+00,8.072595287e+00,1.114456507e-01,9.176006359e-04
371,9.275000000e-03,4.521178371e-03,8.228656837e+00,8.114895745e+00,1.128341837e-01,9.269086505e-04
372,9.300000000e-03,4.535271655e-03,8.272465590e+00,8.157290086e+00,1.142391220e-01,9.363822189e-04
373,9.325000000e-03,4.549386634e-03,8.316384696e+00,8.199783010e+00,1.156556946e-01,9.459907782e-04
374,9.350000000e-03,4.563516784e-03,8.360414079e+00,8.242377854e+00,1.170805443e-01,9.556813107e-04
375,9.375000000e-03,4.577657513e-03,8.404553687e+00,8.285076953e+00,1.185113211e-01,9.654122529e-04
376,9.400000000e-03,4.591805612e-03,8.448803479e+00,8.327877321e+00,1.199510040e-01,9.751540138e-04
377,9.425000000e-03,4.605965046e-03,8.493163418e+00,8.370773549e+00,1.214049581e-01,9.849108602e-04
378,9.450000000e-03,4.620143032e-03,8.537633441e+00,8.413770668e+00,1.228680584e-01,9.947152392e-04
379,9.475000000e-03,4.634332823e-03,8.582213487e+00,8.456871753e+00,1.243371934e-01,1.004540264e-03
380,9.500000000e-03,4.648530231e-03,8.626903514e+00,8.500078127e+00,1.258110250e-01,1.014361890e-03
381,9.525000000e-03,4.662733518e-03,8.671703495e+00,8.543376088e+00,1.273032442e-01,1.024163040e-03
382,9.550000000e-03,4.676960674e-03,8.716613369e+00,8.586768880e+00,1.288104099e-01,1.034079562e-03
383,9.575000000e-03,4.691207047e-03,8.761633048e+00,8.630260927e+00,1.303280187e-01,1.044101815e-03
384,9.600000000e-03,4.705466635e-03,8.806762465e+00,8.673855203e+00,1.318530792e-01,1.054182616e-03
385,9.625000000e-03,4.719735447e-03,8.852001573e+00,8.717553782e+00,1.333835038e-01,1.064287356e-03
386,9.650000000e-03,4.734010703e-03,8.897350339e+00,8.761358025e+00,1.349179222e-01,1.074391456e-03
387,9.675000000e-03,4.748290583e-03,8.942808738e+00,8.805268851e+00,1.364554085e-01,1.084478698e-03
388,9.700000000e-03,4.762573861e-03,8.988376753e+00,8.849283800e+00,1.379984145e-01,1.094538283e-03
389,9.725000000e-03,4.776863658e-03,9.034054361e+00,8.893395057e+00,1.395547138e-01,1.104589971e-03
390,9.750000000e-03,4.791170116e-03,9.079841514e+00,8.937589798e+00,1.411370121e-01,1.114703321e-03
391,9.775000000e-03,4.805509969e-03,9.125738110e+00,8.981866553e+00,1.427465714e-01,1.124986028e-03
392,9.800000000e-03,4.819885099e-03,9.171744013e+00,9.026232558e+00,1.443759947e-01,1.135459470e-03
393,9.825000000e-03,4.834285873e-03,9.217859100e+00,9.070689219e+00,1.460238163e-01,1.146064103e-03
394,9.850000000e-03,4.848710741e-03,9.264083274e+00,9.115242735e+00,1.476837908e-01,1.156748565e-03
395,9.875000000e-03,4.863151295e-03,9.310416457e+00,9.159898079e+00,1.493509091e-01,1.167468822e-03
396,9.900000000e-03,4.877600742e-03,9.356858600e+00,9.204657891e+00,1.510225181e-01,1.178190385e-03
397,9.925000000e-03,4.892055519e-03,9.403409673e+00,9.249513559e+00,1.527072219e-01,1.188891998e-03
398,9.950000000e-03,4.906526202e-03,9.450069632e+00,9.294460093e+00,1.544098673e-01,1.199671762e-03
399,9.975000000e-03,4.921018761e-03,9.496838399e+00,9.339500915e+00,1.561268805e-01,1.210603386e-03
400,1.000000000e-02,4.935528678e-03,9.543715891e+00,9.384639520e+00,1.578547223e-01,1.221648828e-03
401,1.002500000e-02,4.950051473e-03,9.590702045e+00,9.429873211e+00,1.595960743e-01,1.232759175e-03
402,1.005000000e-02,4.964590398e-03,9.637796800e+00,9.475196782e+00,1.613560733e-01,1.243945298e-03
403,1.007500000e-02,4.979151746e-03,9.685000076e+00,9.520613809e+00,1.631310053e-01,1.255260885e-03
404,1.010000000e-02,4.993730895e-03,9.732311788e+00,9.566126027e+00,1.649190784e-01,1.266682528e-03
405,1.012500000e-02,5.008325574e-03,9.779731866e+00,9.611731264e+00,1.667224230e-01,1.278178207e-03
406,1.015000000e-02,5.022938379e-03,9.827260240e+00,9.657429638e+00,1.685408551e-01,1.289746635e-03
407,1.017500000e-02,5.037569098e-03,9.874896834e+00,9.703226031e+00,1.703694218e-01,1.301381269e-03
408,1.020000000e-02,5.052211669e-03,9.922641587e+00,9.749123577e+00,1.722049643e-01,1.313045690e-03
409,1.022500000e-02,5.066862171e-03,9.970494455e+00,9.795124268e+00,1.740454754e-01,1.324711641e-03
410,1.025000000e-02,5.081518111e-03,1.001845541e+01,9.841229359e+00,1.758896913e-01,1.336360130e-03
411,1.027500000e-02,5.096177922e-03,1.006652443e+01,9.887424315e+00,1.777521389e-01,1.347978941e-03
412,1.030000000e-02,5.110858964e-03,1.011470147e+01,9.933711369e+00,1.796303763e-01,1.359720695e-03
413,1.032500000e-02,5.125558332e-03,1.016298643e+01,9.980088838e+00,1.815260189e-01,1.371572197e-03
414,1.035000000e-02,5.140278500e-03,1.021137924e+01,1.002656297e+01,1.834327756e-01,1.383498217e-03
415,1.037500000e-02,5.155011558e-03,1.025987983e+01,1.007313535e+01,1.853490242e-01,1.395459866e-03
416,1.040000000e-02,5.169755471e-03,1.030848815e+01,1.011980430e+01,1.872764128e-01,1.407430381e-03
417,1.042500000e-02,5.184512471e-03,1.035720415e+01,1.016657320e+01,1.892115531e-01,1.419395351e-03
418,1.045000000e-02,5.199278713e-03,1.040602778e+01,1.021344294e+01,1.911535017e-01,1.431333542e-03
419,1.047500000e-02,5.214052897e-03,1.045495901e+01,1.026040294e+01,1.931128251e-01,1.443245774e-03
420,1.050000000e-02,5.228847372e-03,1.050399778e+01,1.030743938e+01,1.951031672e-01,1.455235446e-03
421,1.052500000e-02,5.243678204e-03,1.055314398e+01,1.035455921e+01,1.971173248e-01,1.467446002e-03
422,1.055000000e-02,5.258536835e-03,1.060239747e+01,1.040176481e+01,1.991528287e-01,1.479836873e-03
423,1.057500000e-02,5.273420365e-03,1.065175815e+01,1.044905642e+01,2.012093738e-01,1.492358172e-03
424,1.060000000e-02,5.288328678e-03,1.070122591e+01,1.049644048e+01,2.032804608e-01,1.504975546e-03
425,1.062500000e-02,5.303254244e-03,1.075080068e+01,1.054392165e+01,2.053613864e-01,1.517638225e-03
426,1.065000000e-02,5.318191337e-03,1.080048238e+01,1.059150306e+01,2.074490153e-01,1.530308652e-03
427,1.067500000e-02,5.333136106e-03,1.085027100e+01,1.063917888e+01,2.095491570e-01,1.542961302e-03
428,1.070000000e-02,5.348094995e-03,1.090016647e+01,1.068694182e+01,2.116689826e-01,1.555666056e-03
429,1.072500000e-02,5.363076065e-03,1.095016872e+01,1.073479472e+01,2.138054788e-01,1.568520325e-03
430,1.075000000e-02,5.378075768e-03,1.100027768e+01,1.078274133e+01,2.159548490e-01,1.581499480e-03
431,1.077500000e-02,5.393089649e-03,1.105049326e+01,1.083078171e+01,2.181169894e-01,1.594553267e-03
432,1.080000000e-02,5.408117469e-03,1.110081541e+01,1.087891068e+01,2.202970640e-01,1.607665546e-03
433,1.082500000e-02,5.423164995e-03,1.115124406e+01,1.092712257e+01,2.225006075e-01,1.620880874e-03
434,1.085000000e-02,5.438238483e-03,1.120177910e+01,1.097541783e+01,2.247270267e-01,1.634246948e-03
435,1.087500000e-02,5.453337285e-03,1.125242045e+01,1.102380335e+01,2.269693497e-01,1.647750790e-03
436,1.090000000e-02,5.468453490e-03,1.130316799e+01,1.107227826e+01,2.292284005e-01,1.661336975e-03
437,1.092500000e-02,5.483588350e-03,1.135402167e+01,1.112084106e+01,2.315056333e-01,1.674970987e-03
438,1.095000000e-02,5.498743864e-03,1.140498139e+01,1.116949416e+01,2.337985982e-01,1.688628760e-03
439,1.097500000e-02,5.513917243e-03,1.145604709e+01,1.121823869e+01,2.361060895e-01,1.702301325e-03
440,1.100000000e-02,5.529107168e-03,1.150721868e+01,1.126707915e+01,2.384235412e-01,1.715985783e-03
441,1.102500000e-02,5.544308412e-03,1.155849612e+01,1.131601626e+01,2.407502048e-01,1.729659753e-03
442,1.105000000e-02,5.559519878e-03,1.160987937e+01,1.136503770e+01,2.430983372e-01,1.743328435e-03
443,1.107500000e-02,5.574754808e-03,1.166136834e+01,1.141414913e+01,2.454620781e-01,1.757136420e-03
444,1.110000000e-02,5.590006629e-03,1.171296297e+01,1.146335463e+01,2.478373036e-01,1.771036090e-03
445,1.112500000e-02,5.605270662e-03,1.176466318e+01,1.151265718e+01,2.502210234e-01,1.784983251e-03
446,1.115000000e-02,5.620543494e-03,1.181646894e+01,1.156205888e+01,2.526111120e-01,1.798945218e-03
447,1.117500000e-02,5.635822701e-03,1.186838020e+01,1.161155791e+01,2.550093883e-01,1.812898860e-03
448,1.120000000e-02,5.651110238e-03,1.192039694e+01,1.166114104e+01,2.574290492e-01,1.826851895e-03
449,1.122500000e-02,5.666420526e-03,1.197251909e+01,1.171080499e+01,2.598731778e-01,1.840919864e-03
450,1.125000000e-02,5.681756936e-03,1.202474654e+01,1.176054905e+01,2.623423373e-01,1.855157392e-03
451,1.127500000e-02,5.697120004e-03,1.207707919e+01,1.181037882e+01,2.648307919e-01,1.869580698e-03
452,1.130000000e-02,5.712503442e-03,1.212951694e+01,1.186029926e+01,2.673335494e-01,1.884134323e-03
453,1.132500000e-02,5.727901740e-03,1.218205971e+01,1.191031421e+01,2.698467407e-01,1.898762428e-03
454,1.135000000e-02,5.743310617e-03,1.223470744e+01,1.196042647e+01,2.723675548e-01,1.913421850e-03
455,1.137500000e-02,5.758726967e-03,1.228746011e+01,1.201063800e+01,2.748940258e-01,1.928081822e-03
456,1.140000000e-02,5.774148618e-03,1.234031767e+01,1.206094759e+01,2.774273548e-01,1.942721264e-03
457,1.142500000e-02,5.789576878e-03,1.239328010e+01,1.211134688e+01,2.799758849e-01,1.957334288e-03
458,1.145000000e-02,5.805020623e-03,1.244634736e+01,1.216182536e+01,2.825499973e-01,1.971999360e-03
459,1.147500000e-02,5.820490879e-03,1.249951934e+01,1.221238842e+01,2.851440915e-01,1.986835012e-03
460,1.150000000e-02,5.835981733e-03,1.255279596e+01,1.226303228e+01,2.877618799e-01,2.001802960e-03
461,1.152500000e-02,5.851497387e-03,1.260617712e+01,1.231374917e+01,2.904110527e-01,2.016892764e-03
462,1.155000000e-02,5.867045934e-03,1.265966269e+01,1.236453628e+01,2.930942423e-01,2.032165248e-03
463,1.157500000e-02,5.882629930e-03,1.271325254e+01,1.241539886e+01,2.958060150e-01,2.047656340e-03
464,1.160000000e-02,5.898243562e-03,1.276694652e+01,1.246634348e+01,2.985397081e-01,2.063334170e-03
465,1.162500000e-02,5.913880041e-03,1.282074453e+01,1.251737531e+01,3.012901022e-01,2.079121238e-03
466,1.165000000e-02,5.929533847e-03,1.287464649e+01,1.256849794e+01,3.040535928e-01,2.094958222e-03
467,1.167500000e-02,5.945201249e-03,1.292865233e+01,1.261971561e+01,3.068259093e-01,2.110803836e-03
468,1.170000000e-02,5.960877525e-03,1.298276200e+01,1.267103146e+01,3.096039068e-01,2.126629986e-03
469,1.172500000e-02,5.976559126e-03,1.303697547e+01,1.272244545e+01,3.123876077e-01,2.142419011e-03
470,1.175000000e-02,5.992246395e-03,1.309129273e+01,1.277395710e+01,3.151774603e-01,2.158162262e-03
471,1.177500000e-02,6.007939745e-03,1.314571373e+01,1.282555797e+01,3.179819069e-01,2.173852829e-03
472,1.180000000e-02,6.023647597e-03,1.320023845e+01,1.287724444e+01,3.208044237e-01,2.189583745e-03
473,1.182500000e-02,6.039373272e-03,1.325486680e+01,1.292902100e+01,3.236403864e-01,2.205419967e-03
474,1.185000000e-02,6.055111975e-03,1.330959873e+01,1.298088917e+01,3.264882469e-01,2.221318659e-03
475,1.187500000e-02,6.070862501e-03,1.336443418e+01,1.303284956e+01,3.293473740e-01,2.237245793e-03
476,1.190000000e-02,6.086623908e-03,1.341937310e+01,1.308489416e+01,3.322257474e-01,2.253191475e-03
477,1.192500000e-02,6.102404228e-03,1.347441542e+01,1.313702463e+01,3.351215701e-01,2.269223577e-03
478,1.195000000e-02,6.118201669e-03,1.352956107e+01,1.318923313e+01,3.380426104e-01,2.285337071e-03
479,1.197500000e-02,6.134024363e-03,1.358480996e+01,1.324151430e+01,3.409941052e-01,2.301556975e-03
480,1.200000000e-02,6.149877366e-03,1.364016198e+01,1.329387193e+01,3.439720953e-01,2.317948652e-03
481,1.202500000e-02,6.165756605e-03,1.369561699e+01,1.334631312e+01,3.469693670e-01,2.334502884e-03
482,1.205000000e-02,6.181654704e-03,1.375117491e+01,1.339884327e+01,3.499804853e-01,2.351158254e-03
483,1.207500000e-02,6.197566060e-03,1.380683567e+01,1.345146623e+01,3.530015818e-01,2.367862722e-03
484,1.210000000e-02,6.213486681e-03,1.386259922e+01,1.350417698e+01,3.560376605e-01,2.384578689e-03
485,1.212500000e-02,6.229422011e-03,1.391846550e+01,1.355697306e+01,3.590911275e-01,2.401311312e-03
486,1.215000000e-02,6.245374496e-03,1.397443445e+01,1.360985449e+01,3.621618767e-01,2.418082087e-03
487,1.217500000e-02,6.261343945e-03,1.403050600e+01,1.366281200e+01,3.652591061e-01,2.434896863e-03
488,1.220000000e-02,6.277338913e-03,1.408668006e+01,1.371584909e+01,3.683790749e-01,2.451893669e-03
489,1.222500000e-02,6.293355622e-03,1.414295652e+01,1.376896524e+01,3.715222332e-01,2.469049878e-03
490,1.225000000e-02,6.309394393e-03,1.419933529e+01,1.382216067e+01,3.746882798e-01,2.486346977e-03
491,1.227500000e-02,6.325454858e-03,1.425581628e+01,1.387544088e+01,3.778716344e-01,2.503769006e-03
492,1.230000000e-02,6.341531505e-03,1.431239941e+01,1.392879719e+01,3.810809471e-01,2.521271046e-03
493,1.232500000e-02,6.357632538e-03,1.436908458e+01,1.398223359e+01,3.843120670e-01,2.538916226e-03
494,1.235000000e-02,6.373753921e-03,1.442587169e+01,1.403575578e+01,3.875592211e-01,2.556686427e-03
495,1.237500000e-02,6.389889988e-03,1.448276068e+01,1.408936792e+01,3.908182313e-01,2.574530588e-03
496,1.240000000e-02,6.406036603e-03,1.453975148e+01,1.414307076e+01,3.940883117e-01,2.592407433e-03
497,1.242500000e-02,6.422193079e-03,1.459684405e+01,1.419686633e+01,3.973674303e-01,2.610288798e-03
498,1.245000000e-02,6.438357424e-03,1.465403835e+01,1.425075738e+01,4.006528167e-01,2.628154794e-03
499,1.247500000e-02,6.454526854e-03,1.471133434e+01,1.430474466e+01,4.039436918e-01,2.645989007e-03
500,1.250000000e-02,6.470700555e-03,1.476873201e+01,1.435880888e+01,4.072593434e-01,2.663787710e-03
501,1.252500000e-02,6.486896756e-03,1.482623129e+01,1.441295391e+01,4.105956490e-01,2.681731313e-03
502,1.255000000e-02,6.503111709e-03,1.488383209e+01,1.446718190e+01,4.139504099e-01,2.699784036e-03
503,1.257500000e-02,6.519343350e-03,1.494153433e+01,1.452149817e+01,4.173182499e-01,2.717912067e-03
504,1.260000000e-02,6.535586519e-03,1.499933796e+01,1.457590539e+01,4.206964877e-01,2.736075602e-03
505,1.262500000e-02,6.551838585e-03,1.505724291e+01,1.463039174e+01,4.240969187e-01,2.754249900e-03
506,1.265000000e-02,6.568110839e-03,1.511524914e+01,1.468495749e+01,4.275191415e-01,2.772503819e-03
507,1.267500000e-02,6.584402909e-03,1.517335654e+01,1.473960755e+01,4.309581305e-01,2.790858979e-03
508,1.270000000e-02,6.600710016e-03,1.523156505e+01,1.479434605e+01,4.344097189e-01,2.809281614e-03
509,1.272500000e-02,6.617028145e-03,1.528987461e+01,1.484917400e+01,4.378728704e-01,2.827737061e-03
510,1.275000000e-02,6.633356254e-03,1.534828516e+01,1.490407171e+01,4.413672417e-01,2.846210791e-03
511,1.277500000e-02,6.649712811e-03,1.540679663e+01,1.495903886e+01,4.448929142e-01,2.864856774e-03
512,1.280000000e-02,6.666097931e-03,1.546540890e+01,1.501408118e+01,4.484440082e-01,2.883711635e-03
513,1.282500000e-02,6.682506370e-03,1.552412184e+01,1.506920519e+01,4.520139343e-01,2.902715167e-03
514,1.285000000e-02,6.698931784e-03,1.558293537e+01,1.512441611e+01,4.555974580e-01,2.921805647e-03
515,1.287500000e-02,6.715369064e-03,1.564184943e+01,1.517971627e+01,4.591922257e-01,2.940935627e-03
516,1.290000000e-02,6.731815867e-03,1.570086398e+01,1.523509472e+01,4.628091738e-01,2.960082876e-03
517,1.292500000e-02,6.748281971e-03,1.575997894e+01,1.529055006e+01,4.664495072e-01,2.979369692e-03
518,1.295000000e-02,6.764768595e-03,1.581919423e+01,1.534608579e+01,4.701096341e-01,2.998803189e-03
519,1.297500000e-02,6.781272457e-03,1.587850976e+01,1.540170711e+01,4.737843128e-01,3.018335722e-03
520,1.300000000e-02,6.797788635e-03,1.593792546e+01,1.545741581e+01,4.774717405e-01,3.037918053e-03
521,1.302500000e-02,6.814315419e-03,1.599744130e+01,1.551320113e+01,4.811826458e-01,3.057523829e-03
522,1.305000000e-02,6.830862491e-03,1.605705718e+01,1.556905712e+01,4.849228363e-01,3.077228631e-03
523,1.307500000e-02,6.847434988e-03,1.611677302e+01,1.562499088e+01,4.886850227e-01,3.097114351e-03
524,1.310000000e-02,6.864026408e-03,1.617658871e+01,1.568100461e+01,4.924669723e-01,3.117127418e-03
525,1.312500000e-02,6.880634688e-03,1.623650418e+01,1.573709655e+01,4.962703959e-01,3.137227647e-03
526,1.315000000e-02,6.897261523e-03,1.629651934e+01,1.579326770e+01,5.000942436e-01,3.157394117e-03
527,1.317500000e-02,6.913906324e-03,1.635663411e+01,1.584951995e+01,5.039365612e-01,3.177600970e-03
528,1.320000000e-02,6.930567527e-03,1.641684843e+01,1.590584026e+01,5.078103501e-01,3.197821659e-03
529,1.322500000e-02,6.947256683e-03,1.647716219e+01,1.596223655e+01,5.117074459e-01,3.218193228e-03
530,1.325000000e-02,6.963966454e-03,1.653757529e+01,1.601871518e+01,5.156214477e-01,3.238665742e-03
531,1.327500000e-02,6.980690832e-03,1.659808766e+01,1.607527730e+01,5.195511689e-01,3.259188518e-03
532,1.330000000e-02,6.997428447e-03,1.665869923e+01,1.613191976e+01,5.234997225e-01,3.279746056e-03
533,1.332500000e-02,7.014181965e-03,1.671940994e+01,1.618864040e+01,5.274691866e-01,3.300352747e-03
534,1.335000000e-02,7.030953587e-03,1.678021972e+01,1.624543344e+01,5.314652676e-01,3.321006617e-03
535,1.337500000e-02,7.047748989e-03,1.684112847e+01,1.630230109e+01,5.354856577e-01,3.341720105e-03
536,1.340000000e-02,7.064566279e-03,1.690213609e+01,1.635925012e+01,5.395234814e-01,3.362490440e-03
537,1.342500000e-02,7.081399077e-03,1.696324252e+01,1.641628537e+01,5.435738647e-01,3.383285156e-03
538,1.345000000e-02,7.098242768e-03,1.702444770e+01,1.647340254e+01,5.476410819e-01,3.404076396e-03
539,1.347500000e-02,7.115100795e-03,1.708575156e+01,1.653059588e+01,5.517307611e-01,3.424917538e-03
540,1.350000000e-02,7.131977973e-03,1.714715404e+01,1.658786570e+01,5.558424857e-01,3.445853305e-03
541,1.352500000e-02,7.148873819e-03,1.720865505e+01,1.664521479e+01,5.599733755e-01,3.466892292e-03
542,1.355000000e-02,7.165785706e-03,1.727025453e+01,1.670264127e+01,5.641252537e-01,3.488007198e-03
543,1.357500000e-02,7.182715172e-03,1.733195238e+01,1.676013905e+01,5.683041184e-01,3.509210816e-03
544,1.360000000e-02,7.199667294e-03,1.739374853e+01,1.681770560e+01,5.725123680e-01,3.530565897e-03
545,1.362500000e-02,7.216643920e-03,1.745564287e+01,1.687534202e+01,5.767487322e-01,3.552119815e-03
546,1.365000000e-02,7.233643941e-03,1.751763529e+01,1.693304682e+01,5.810146158e-01,3.573859286e-03
547,1.367500000e-02,7.250668838e-03,1.757972569e+01,1.699082126e+01,5.853086881e-01,3.595749936e-03
548,1.370000000e-02,7.267717640e-03,1.764191396e+01,1.704866050e+01,5.896357077e-01,3.617752418e-03
549,1.372500000e-02,7.284794446e-03,1.770419999e+01,1.710656761e+01,5.939924966e-01,3.639887714e-03
550,1.375000000e-02,7.301896246e-03,1.776658367e+01,1.716454637e+01,5.983751304e-01,3.662169439e-03
551,1.377500000e-02,7.319019699e-03,1.782906489e+01,1.722259911e+01,6.027811976e-01,3.684575233e-03
552,1.380000000e-02,7.336162774e-03,1.789164355e+01,1.728072697e+01,6.072095143e-01,3.707075006e-03
553,1.382500000e-02,7.353324253e-03,1.795431959e+01,1.733893054e+01,6.116593957e-01,3.729660747e-03
554,1.385000000e-02,7.370503392e-03,1.801709292e+01,1.739721497e+01,6.161256285e-01,3.752327492e-03
555,1.387500000e-02,7.387695735e-03,1.807996347e+01,1.745557361e+01,6.206148269e-01,3.775036669e-03
556,1.390000000e-02,7.404906547e-03,1.814293117e+01,1.751400464e+01,6.251286772e-01,3.797855681e-03
557,1.392500000e-02,7.422137196e-03,1.820599593e+01,1.757250960e+01,6.296655356e-01,3.820801941e-03
558,1.395000000e-02,7.439386364e-03,1.826915767e+01,1.763109334e+01,6.342204901e-01,3.843845126e-03
559,1.397500000e-02,7.456649823e-03,1.833241632e+01,1.768976029e+01,6.387890875e-01,3.866946505e-03
560,1.400000000e-02,7.473923738e-03,1.839577181e+01,1.774850917e+01,6.433725681e-01,3.890069078e-03
561,1.402500000e-02,7.491209447e-03,1.845922410e+01,1.780733980e+01,6.479711050e-01,3.913194401e-03
562,1.405000000e-02,7.508507415e-03,1.852277313e+01,1.786625041e+01,6.525863962e-01,3.936316763e-03
563,1.407500000e-02,7.525818990e-03,1.858641884e+01,1.792524098e+01,6.572184225e-01,3.959434838e-03
564,1.410000000e-02,7.543144223e-03,1.865016118e+01,1.798431331e+01,6.618653255e-01,3.982547886e-03
565,1.412500000e-02,7.560481706e-03,1.871400009e+01,1.804346456e+01,6.665298818e-01,4.005648347e-03
566,1.415000000e-02,7.577833428e-03,1.877793552e+01,1.810268995e+01,6.712167816e-01,4.028786051e-03
567,1.417500000e-02,7.595203486e-03,1.884196738e+01,1.816198427e+01,6.759311258e-01,4.051982755e-03
568,1.420000000e-02,7.612595681e-03,1.890609560e+01,1.822134374e+01,6.806765466e-01,4.075309945e-03
569,1.422500000e-02,7.630012771e-03,1.897032007e+01,1.828076929e+01,6.854519856e-01,4.098792820e-03
570,1.425000000e-02,7.647453839e-03,1.903464068e+01,1.834026305e+01,6.902552041e-01,4.122425685e-03
571,1.427500000e-02,7.664917246e-03,1.909905732e+01,1.839982318e+01,6.950879717e-01,4.146176538e-03
572,1.430000000e-02,7.682404194e-03,1.916356991e+01,1.845944941e+01,6.999504284e-01,4.170070716e-03
573,1.432500000e-02,7.699914448e-03,1.922817833e+01,1.851914765e+01,7.048365436e-01,4.194142173e-03
574,1.435000000e-02,7.717442993e-03,1.929288250e+01,1.857891918e+01,7.097449785e-01,4.218341637e-03
575,1.437500000e-02,7.734988573e-03,1.935768232e+01,1.863876430e+01,7.146753745e-01,4.242648609e-03
576,1.440000000e-02,7.752550941e-03,1.942257773e+01,1.869867158e+01,7.196390875e-01,4.267054646e-03
577,1.442500000e-02,7.770139385e-03,1.948756862e+01,1.875864193e+01,7.246350585e-01,4.291627004e-03
578,1.445000000e-02,7.787752930e-03,1.955265488e+01,1.881867155e+01,7.296669681e-01,4.316365128e-03
579,1.447500000e-02,7.805394652e-03,1.961783640e+01,1.887876652e+01,7.347285961e-01,4.341281370e-03
580,1.450000000e-02,7.823059604e-03,1.968311306e+01,1.893893158e+01,7.398151403e-01,4.366333462e-03
581,1.452500000e-02,7.840743979e-03,1.974848476e+01,1.899916664e+01,7.449266505e-01,4.391471805e-03
582,1.455000000e-02,7.858448046e-03,1.981395142e+01,1.905947926e+01,7.500554844e-01,4.416671077e-03
583,1.457500000e-02,7.876165452e-03,1.987951296e+01,1.911986729e+01,7.552037809e-01,4.441892106e-03
584,1.460000000e-02,7.893897516e-03,1.994516933e+01,1.918032381e+01,7.603783522e-01,4.467171042e-03
585,1.462500000e-02,7.911649459e-03,2.001092044e+01,1.924085366e+01,7.655742117e-01,4.492570508e-03
586,1.465000000e-02,7.929417338e-03,2.007676621e+01,1.930146214e+01,7.707860285e-01,4.518048665e-03
587,1.467500000e-02,7.947196845e-03,2.014270658e+01,1.936215297e+01,7.760100511e-01,4.543564439e-03
588,1.470000000e-02,7.964984924e-03,2.020874150e+01,1.942292872e+01,7.812437010e-01,4.569087363e-03
589,1.472500000e-02,7.982779472e-03,2.027487094e+01,1.948379036e+01,7.864859811e-01,4.594596119e-03
590,1.475000000e-02,8.000579645e-03,2.034109485e+01,1.954473278e+01,7.917419924e-01,4.620079285e-03
591,1.477500000e-02,8.018389448e-03,2.040741321e+01,1.960575078e+01,7.970168785e-01,4.645555848e-03
592,1.480000000e-02,8.036213102e-03,2.047382596e+01,1.966683917e+01,8.023157288e-01,4.671060606e-03
593,1.482500000e-02,8.054054463e-03,2.054033302e+01,1.972799961e+01,8.076367440e-01,4.696667377e-03
594,1.485000000e-02,8.071912103e-03,2.060693432e+01,1.978922229e+01,8.129896568e-01,4.722374888e-03
595,1.487500000e-02,8.089793593e-03,2.067362977e+01,1.985050725e+01,8.183742698e-01,4.748250960e-03
596,1.490000000e-02,8.107698942e-03,2.074041926e+01,1.991185944e+01,8.237855237e-01,4.774294308e-03
597,1.492500000e-02,8.125624268e-03,2.080730268e+01,1.997328040e+01,8.292218313e-01,4.800449765e-03
598,1.495000000e-02,8.143568338e-03,2.087427996e+01,2.003477345e+01,8.346798238e-01,4.826691865e-03
599,1.497500000e-02,8.161528334e-03,2.094135102e+01,2.009633786e+01,8.401601478e-01,4.853008272e-03
600,1.500000000e-02,8.179504529e-03,2.100851577e+01,2.015796159e+01,8.456747601e-01,4.879425406e-03
601,1.502500000e-02,8.197505971e-03,2.107577413e+01,2.021963978e+01,8.512283211e-01,4.906033687e-03
602,1.505000000e-02,8.215536384e-03,2.114312598e+01,2.028136878e+01,8.568243261e-01,4.932869889e-03
603,1.507500000e-02,8.233598434e-03,2.121057117e+01,2.034315342e+01,8.624577898e-01,4.959964391e-03
604,1.510000000e-02,8.251688207e-03,2.127810958e+01,2.040499465e+01,8.681276551e-01,4.987276673e-03
605,1.512500000e-02,8.269804697e-03,2.134574108e+01,2.046690129e+01,8.738249819e-01,5.014803761e-03
606,1.515000000e-02,8.287941085e-03,2.141346556e+01,2.052887966e+01,8.795434226e-01,5.042472059e-03
607,1.517500000e-02,8.306092430e-03,2.148128294e+01,2.059093099e+01,8.852817320e-01,5.070221801e-03
608,1.520000000e-02,8.324257736e-03,2.154919316e+01,2.065305993e+01,8.910352182e-01,5.098019749e-03
609,1.522500000e-02,8.342433428e-03,2.161719616e+01,2.071526811e+01,8.968022193e-01,5.125833210e-03
610,1.525000000e-02,8.360618309e-03,2.168529189e+01,2.077755923e+01,9.025790269e-01,5.153639361e-03
611,1.527500000e-02,8.378809445e-03,2.175348032e+01,2.083992445e+01,9.083744502e-01,5.181420109e-03
612,1.530000000e-02,8.397013263e-03,2.182176139e+01,2.090236160e+01,9.141905293e-01,5.209262075e-03
613,1.532500000e-02,8.415231231e-03,2.189013504e+01,2.096486894e+01,9.200289069e-01,5.237192941e-03
614,1.535000000e-02,8.433464581e-03,2.195860120e+01,2.102744423e+01,9.258917745e-01,5.265202006e-03
615,1.537500000e-02,8.451715171e-03,2.202715980e+01,2.109009393e+01,9.317725884e-01,5.293279222e-03
616,1.540000000e-02,8.469978068e-03,2.209581077e+01,2.115282219e+01,9.376671829e-01,5.321390792e-03
617,1.542500000e-02,8.488250064e-03,2.216455404e+01,2.121562712e+01,9.435774197e-01,5.349508543e-03
618,1.545000000e-02,8.506532535e-03,2.223338959e+01,2.127849465e+01,9.495173051e-01,5.377635655e-03
619,1.547500000e-02,8.524836103e-03,2.230231733e+01,2.134142642e+01,9.554850393e-01,5.405867531e-03
620,1.550000000e-02,8.543159414e-03,2.237133716e+01,2.140442419e+01,9.614787582e-01,5.434217502e-03
621,1.552500000e-02,8.561500924e-03,2.244044901e+01,2.146747667e+01,9.675096652e-01,5.462674997e-03
622,1.555000000e-02,8.579868683e-03,2.250965277e+01,2.153058948e+01,9.735719665e-01,5.491326262e-03
623,1.557500000e-02,8.598258636e-03,2.257894833e+01,2.159376922e+01,9.796589814e-01,5.520132047e-03
624,1.560000000e-02,8.616665789e-03,2.264833560e+01,2.165701983e+01,9.857667333e-01,5.549034877e-03
625,1.562500000e-02,8.635087115e-03,2.271781450e+01,2.172034036e+01,9.918961456e-01,5.577995806e-03
626,1.565000000e-02,8.653523211e-03,2.278738497e+01,2.178372401e+01,9.980539379e-01,5.607019599e-03
627,1.567500000e-02,8.671978842e-03,2.285704693e+01,2.184715904e+01,1.004251708e+00,5.636176386e-03
628,1.570000000e-02,8.690462469e-03,2.292680026e+01,2.191064051e+01,1.010494196e+00,5.665557079e-03
629,1.572500000e-02,8.708978059e-03,2.299664483e+01,2.197416944e+01,1.016780219e+00,5.695174673e-03
630,1.575000000e-02,8.727524925e-03,2.306658051e+01,2.203774674e+01,1.023108772e+00,5.725000483e-03
631,1.577500000e-02,8.746102132e-03,2.313660715e+01,2.210137873e+01,1.029473394e+00,5.755021363e-03
632,1.580000000e-02,8.764704789e-03,2.320672463e+01,2.216507106e+01,1.035868357e+00,5.785206719e-03
633,1.582500000e-02,8.783328885e-03,2.327693284e+01,2.222882523e+01,1.042292113e+00,5.815494711e-03
634,1.585000000e-02,8.801973576e-03,2.334723168e+01,2.229264551e+01,1.048740334e+00,5.845843022e-03
635,1.587500000e-02,8.820635797e-03,2.341762109e+01,2.235653882e+01,1.055206049e+00,5.876214659e-03
636,1.590000000e-02,8.839310212e-03,2.348810098e+01,2.242050735e+01,1.061687049e+00,5.906576361e-03
637,1.592500000e-02,8.857994908e-03,2.355867130e+01,2.248455022e+01,1.068184166e+00,5.936916063e-03
638,1.595000000e-02,8.876690268e-03,2.362933202e+01,2.254866555e+01,1.074699225e+00,5.967241330e-03
639,1.597500000e-02,8.895397507e-03,2.370008307e+01,2.261283961e+01,1.081245883e+00,5.997569129e-03
640,1.600000000e-02,8.914126286e-03,2.377092437e+01,2.267707655e+01,1.087819792e+00,6.028030486e-03
641,1.602500000e-02,8.932873489e-03,2.384185584e+01,2.274137889e+01,1.094418344e+00,6.058604064e-03
642,1.605000000e-02,8.951637324e-03,2.391287739e+01,2.280574130e+01,1.101046835e+00,6.089249513e-03
643,1.607500000e-02,8.970422040e-03,2.398398894e+01,2.287016255e+01,1.107706424e+00,6.119963224e-03
644,1.610000000e-02,8.989228771e-03,2.405519039e+01,2.293464205e+01,1.114397588e+00,6.150744370e-03
645,1.612500000e-02,9.008057851e-03,2.412648164e+01,2.299918325e+01,1.121116773e+00,6.181617268e-03
646,1.615000000e-02,9.026906541e-03,2.419786261e+01,2.306378228e+01,1.127867753e+00,6.212573348e-03
647,1.617500000e-02,9.045777169e-03,2.426933319e+01,2.312843738e+01,1.134652145e+00,6.243661661e-03
648,1.620000000e-02,9.064670842e-03,2.434089329e+01,2.319314901e+01,1.141469391e+00,6.274894020e-03
649,1.622500000e-02,9.083587096e-03,2.441254281e+01,2.325791432e+01,1.148322219e+00,6.306264167e-03
650,1.625000000e-02,9.102528017e-03,2.448428163e+01,2.332274065e+01,1.155203214e+00,6.337763702e-03
651,1.627500000e-02,9.121488327e-03,2.455610967e+01,2.338762945e+01,1.162110868e+00,6.369349442e-03
652,1.630000000e-02,9.140466735e-03,2.462802683e+01,2.345258511e+01,1.169040708e+00,6.401009922e-03
653,1.632500000e-02,9.159460169e-03,2.470003304e+01,2.351759837e+01,1.176001960e+00,6.432709158e-03
654,1.635000000e-02,9.178474557e-03,2.477212822e+01,2.358266240e+01,1.183001297e+00,6.464521749e-03
655,1.637500000e-02,9.197514626e-03,2.484431226e+01,2.364777601e+01,1.190039732e+00,6.496509092e-03
656,1.640000000e-02,9.216581046e-03,2.491658504e+01,2.371293594e+01,1.197120406e+00,6.528688413e-03
657,1.642500000e-02,9.235675806e-03,2.498894644e+01,2.377814540e+01,1.204239955e+00,6.561080185e-03
658,1.645000000e-02,9.254796623e-03,2.506139633e+01,2.384341038e+01,1.211392298e+00,6.593650368e-03
659,1.647500000e-02,9.273939221e-03,2.513393461e+01,2.390873854e+01,1.218569715e+00,6.626357120e-03
660,1.650000000e-02,9.293098133e-03,2.520656119e+01,2.397413005e+01,1.225771999e+00,6.659139867e-03
661,1.652500000e-02,9.312273098e-03,2.527927598e+01,2.403958420e+01,1.232999801e+00,6.691979043e-03
662,1.655000000e-02,9.331464548e-03,2.535207892e+01,2.410510054e+01,1.240253510e+00,6.724874848e-03
663,1.657500000e-02,9.350672870e-03,2.542496993e+01,2.417068577e+01,1.247526337e+00,6.757818080e-03
664,1.660000000e-02,9.369893259e-03,2.549794893e+01,2.423633739e+01,1.254820759e+00,6.790776589e-03
665,1.662500000e-02,9.389127461e-03,2.557101587e+01,2.430205107e+01,1.262141050e+00,6.823747194e-03
666,1.665000000e-02,9.408378516e-03,2.564417067e+01,2.436782188e+01,1.269492035e+00,6.856755223e-03
667,1.667500000e-02,9.427649303e-03,2.571741326e+01,2.443365542e+01,1.276867950e+00,6.889889951e-03
668,1.670000000e-02,9.446935917e-03,2.579074354e+01,2.449955576e+01,1.284264668e+00,6.923106447e-03
669,1.672500000e-02,9.466235574e-03,2.586416144e+01,2.456552185e+01,1.291683228e+00,6.956363563e-03
670,1.675000000e-02,9.485548987e-03,2.593766691e+01,2.463154970e+01,1.299127573e+00,6.989644616e-03
671,1.677500000e-02,9.504878780e-03,2.601125988e+01,2.469764032e+01,1.306596569e+00,7.022990652e-03
672,1.680000000e-02,9.524224431e-03,2.608494026e+01,2.476378188e+01,1.314101986e+00,7.056390546e-03
673,1.682500000e-02,9.543593848e-03,2.615870796e+01,2.482997485e+01,1.321643181e+00,7.089925576e-03
674,1.685000000e-02,9.562986597e-03,2.623256288e+01,2.489621603e+01,1.329223244e+00,7.123608194e-03
675,1.687500000e-02,9.582404478e-03,2.630650491e+01,2.496250749e+01,1.336839941e+00,7.157477195e-03
676,1.690000000e-02,9.601845973e-03,2.638053394e+01,2.502884803e+01,1.344494401e+00,7.191503748e-03
677,1.692500000e-02,9.621311884e-03,2.645464984e+01,2.509524627e+01,1.352177909e+00,7.225667323e-03
678,1.695000000e-02,9.640796319e-03,2.652885253e+01,2.516170949e+01,1.359883130e+00,7.259915948e-03
679,1.697500000e-02,9.660294282e-03,2.660314193e+01,2.522823701e+01,1.367610717e+00,7.294200690e-03
680,1.700000000e-02,9.679806252e-03,2.667751798e+01,2.529482031e+01,1.375369148e+00,7.328522501e-03
681,1.702500000e-02,9.699337522e-03,2.675198058e+01,2.536145610e+01,1.383161492e+00,7.362988455e-03
682,1.705000000e-02,9.718889989e-03,2.682652966e+01,2.542814022e+01,1.390991804e+00,7.397635973e-03
683,1.707500000e-02,9.738466294e-03,2.690116511e+01,2.549487029e+01,1.398862338e+00,7.432481027e-03
684,1.710000000e-02,9.758067911e-03,2.697588680e+01,2.556165115e+01,1.406768114e+00,7.467530562e-03
685,1.712500000e-02,9.777691488e-03,2.705069463e+01,2.562848394e+01,1.414707946e+00,7.502742727e-03
686,1.715000000e-02,9.797336293e-03,2.712558849e+01,2.569536565e+01,1.422684762e+00,7.538078413e-03
687,1.717500000e-02,9.817004243e-03,2.720056829e+01,2.576230061e+01,1.430694145e+00,7.573531985e-03
688,1.720000000e-02,9.836692536e-03,2.727563392e+01,2.582929627e+01,1.438728563e+00,7.609080668e-03
689,1.722500000e-02,9.856396201e-03,2.735078529e+01,2.589634997e+01,1.446790646e+00,7.644678777e-03
690,1.725000000e-02,9.876117045e-03,2.742602234e+01,2.596346254e+01,1.454879485e+00,7.680314477e-03
691,1.727500000e-02,9.895854569e-03,2.750134497e+01,2.603064050e+01,1.462988492e+00,7.715976038e-03
692,1.730000000e-02,9.915604408e-03,2.757675313e+01,2.609787564e+01,1.471125853e+00,7.751635824e-03
693,1.732500000e-02,9.935371790e-03,2.765224674e+01,2.616517016e+01,1.479289200e+00,7.787376444e-03
694,1.735000000e-02,9.955155179e-03,2.772782572e+01,2.623252904e+01,1.487473484e+00,7.823196265e-03
695,1.737500000e-02,9.974951182e-03,2.780349001e+01,2.629995624e+01,1.495674722e+00,7.859054265e-03
696,1.740000000e-02,9.994757080e-03,2.787923956e+01,2.636744606e+01,1.503898582e+00,7.894918054e-03
697,1.742500000e-02,1.001457649e-02,2.795507429e+01,2.643499279e+01,1.512150673e+00,7.930828008e-03
698,1.745000000e-02,1.003441302e-02,2.803099415e+01,2.650259790e+01,1.520429431e+00,7.966822775e-03
699,1.747500000e-02,1.005426555e-02,2.810699905e+01,2.657024766e+01,1.528748493e+00,8.002894423e-03
700,1.750000000e-02,1.007414261e-02,2.818308889e+01,2.663793688e+01,1.537112860e+00,8.039156171e-03
701,1.752500000e-02,1.009404749e-02,2.825926356e+01,2.670567249e+01,1.545515432e+00,8.075638535e-03
702,1.755000000e-02,1.011397581e-02,2.833552293e+01,2.677346371e+01,1.553946947e+00,8.112280354e-03
703,1.757500000e-02,1.013392149e-02,2.841186691e+01,2.684131712e+01,1.562400773e+00,8.149014501e-03
704,1.760000000e-02,1.015388023e-02,2.848829542e+01,2.690923539e+01,1.570874250e+00,8.185788439e-03
705,1.762500000e-02,1.017385044e-02,2.856480841e+01,2.697720975e+01,1.579376088e+00,8.222569141e-03
706,1.765000000e-02,1.019383781e-02,2.864140580e+01,2.704522822e+01,1.587918196e+00,8.259392955e-03
707,1.767500000e-02,1.021384952e-02,2.871808751e+01,2.711328906e+01,1.596502045e+00,8.296399115e-03
708,1.770000000e-02,1.023388642e-02,2.879485340e+01,2.718139379e+01,1.605125972e+00,8.333635737e-03
709,1.772500000e-02,1.025394743e-02,2.887170337e+01,2.724953097e+01,1.613801338e+00,8.371063513e-03
710,1.775000000e-02,1.027403957e-02,2.894863728e+01,2.731770431e+01,1.622524229e+00,8.408743821e-03
711,1.777500000e-02,1.029416053e-02,2.902565500e+01,2.738592004e+01,1.631288326e+00,8.446637292e-03
712,1.780000000e-02,1.031430633e-02,2.910275640e+01,2.745418562e+01,1.640086095e+00,8.484688485e-03
713,1.782500000e-02,1.033447221e-02,2.917994138e+01,2.752250527e+01,1.648913268e+00,8.522837557e-03
714,1.785000000e-02,1.035465541e-02,2.925720984e+01,2.759088629e+01,1.657762501e+00,8.561047569e-03
715,1.787500000e-02,1.037485122e-02,2.933456172e+01,2.765933364e+01,1.666628795e+00,8.599279333e-03
716,1.790000000e-02,1.039505640e-02,2.941199695e+01,2.772785065e+01,1.675508796e+00,8.637501161e-03
717,1.792500000e-02,1.041526878e-02,2.948951550e+01,2.779643955e+01,1.684400264e+00,8.675690699e-03
718,1.795000000e-02,1.043548691e-02,2.956711733e+01,2.786508993e+01,1.693313564e+00,8.713832625e-03
719,1.797500000e-02,1.045571714e-02,2.964480240e+01,2.793379967e+01,1.702250708e+00,8.752015290e-03
720,1.800000000e-02,1.047596076e-02,2.972257063e+01,2.800257020e+01,1.711210173e+00,8.790258190e-03
721,1.802500000e-02,1.049621685e-02,2.980042197e+01,2.807140544e+01,1.720188001e+00,8.828532860e-03
722,1.805000000e-02,1.051648290e-02,2.987835637e+01,2.814029561e+01,1.729193941e+00,8.866815065e-03
723,1.807500000e-02,1.053676483e-02,2.995637374e+01,2.820923909e+01,1.738229469e+00,8.905184047e-03
724,1.810000000e-02,1.055706364e-02,3.003447403e+01,2.827822745e+01,1.747302937e+00,8.943640283e-03
725,1.812500000e-02,1.057738456e-02,3.011265712e+01,2.834724773e+01,1.756427171e+00,8.982221383e-03
726,1.815000000e-02,1.059773540e-02,3.019092291e+01,2.841630724e+01,1.765594599e+00,9.021065854e-03
727,1.817500000e-02,1.061811158e-02,3.026927125e+01,2.848541443e+01,1.774796690e+00,9.060124176e-03
728,1.820000000e-02,1.063850778e-02,3.034770204e+01,2.855456530e+01,1.784037413e+00,9.099322340e-03
729,1.822500000e-02,1.065892662e-02,3.042621518e+01,2.862376270e+01,1.793313842e+00,9.138645304e-03
730,1.825000000e-02,1.067936664e-02,3.050481057e+01,2.869301415e+01,1.802618365e+00,9.178057694e-03
731,1.827500000e-02,1.069982319e-02,3.058348812e+01,2.876232035e+01,1.811950258e+00,9.217511355e-03
732,1.830000000e-02,1.072029585e-02,3.066224776e+01,2.883166070e+01,1.821330066e+00,9.256994589e-03
733,1.832500000e-02,1.074079712e-02,3.074108937e+01,2.890103382e+01,1.830758888e+00,9.296664172e-03
734,1.835000000e-02,1.076132771e-02,3.082001283e+01,2.897044103e+01,1.840235233e+00,9.336569998e-03
735,1.837500000e-02,1.078188674e-02,3.089901801e+01,2.903987272e+01,1.849768626e+00,9.376668097e-03
736,1.840000000e-02,1.080247963e-02,3.097810476e+01,2.910934023e+01,1.859347501e+00,9.417027410e-03
737,1.842500000e-02,1.082309930e-02,3.105727295e+01,2.917884901e+01,1.868966361e+00,9.457575231e-03
738,1.845000000e-02,1.084374236e-02,3.113652244e+01,2.924840748e+01,1.878616718e+00,9.498248944e-03
739,1.847500000e-02,1.086440350e-02,3.121585316e+01,2.931802312e+01,1.888291042e+00,9.538995770e-03
740,1.850000000e-02,1.088507800e-02,3.129526502e+01,2.938769831e+01,1.897986944e+00,9.579770107e-03
741,1.852500000e-02,1.090576450e-02,3.137475797e+01,2.945743572e+01,1.907701703e+00,9.620546314e-03
742,1.855000000e-02,1.092646147e-02,3.145433194e+01,2.952723489e+01,1.917435749e+00,9.661300613e-03
743,1.857500000e-02,1.094716933e-02,3.153398688e+01,2.959709509e+01,1.927189771e+00,9.702020286e-03
744,1.860000000e-02,1.096788854e-02,3.161372275e+01,2.966701259e+01,1.936967459e+00,9.742702020e-03
745,1.862500000e-02,1.098862140e-02,3.169353949e+01,2.973697866e+01,1.946777442e+00,9.783383964e-03
746,1.865000000e-02,1.100937297e-02,3.177343701e+01,2.980699880e+01,1.956614044e+00,9.824162786e-03
747,1.867500000e-02,1.103013974e-02,3.185341524e+01,2.987707092e+01,1.966479326e+00,9.865002510e-03
748,1.870000000e-02,1.105092271e-02,3.193347411e+01,2.994718761e+01,1.976380593e+00,9.905913553e-03
749,1.872500000e-02,1.107172611e-02,3.201361353e+01,3.001734338e+01,1.986323200e+00,9.946957619e-03
750,1.875000000e-02,1.109255301e-02,3.209383340e+01,3.008753429e+01,1.996310947e+00,9.988160554e-03
751,1.877500000e-02,1.111340576e-02,3.217413359e+01,3.015775155e+01,2.006352485e+00,1.002955621e-02
752,1.880000000e-02,1.113428955e-02,3.225451398e+01,3.022800002e+01,2.016442737e+00,1.007122381e-02
753,1.882500000e-02,1.115520138e-02,3.233497443e+01,3.029828932e+01,2.026571985e+00,1.011312501e-02
754,1.885000000e-02,1.117613532e-02,3.241551482e+01,3.036862524e+01,2.036734398e+00,1.015518461e-02
755,1.887500000e-02,1.119708786e-02,3.249613506e+01,3.043901244e+01,2.046925281e+00,1.019734469e-02
756,1.890000000e-02,1.121805622e-02,3.257683507e+01,3.050944908e+01,2.057146422e+00,1.023956536e-02
757,1.892500000e-02,1.123904135e-02,3.265761476e+01,3.057993055e+01,2.067402370e+00,1.028184138e-02
758,1.895000000e-02,1.126004595e-02,3.273847405e+01,3.065045592e+01,2.077693927e+00,1.032420819e-02
759,1.897500000e-02,1.128107030e-02,3.281941285e+01,3.072102030e+01,2.088025843e+00,1.036671293e-02
760,1.900000000e-02,1.130211696e-02,3.290043106e+01,3.079161892e+01,2.098402714e+00,1.040942926e-02
761,1.902500000e-02,1.132318844e-02,3.298152856e+01,3.086224828e+01,2.108827915e+00,1.045236664e-02
762,1.905000000e-02,1.134428665e-02,3.306270523e+01,3.093290940e+01,2.119300285e+00,1.049554706e-02
763,1.907500000e-02,1.136541119e-02,3.314396095e+01,3.100361266e+01,2.129809368e+00,1.053892317e-02
764,1.910000000e-02,1.138655594e-02,3.322529560e+01,3.107436180e+01,2.140351371e+00,1.058242760e-02
765,1.912500000e-02,1.140771890e-02,3.330670909e+01,3.114516277e+01,2.150920303e+00,1.062601571e-02
766,1.915000000e-02,1.142889646e-02,3.338820135e+01,3.121601711e+01,2.161514587e+00,1.066965210e-02
767,1.917500000e-02,1.145008761e-02,3.346977230e+01,3.128692699e+01,2.172131991e+00,1.071332424e-02
768,1.920000000e-02,1.147129117e-02,3.355142189e+01,3.135789358e+01,2.182771301e+00,1.075701271e-02
769,1.922500000e-02,1.149250669e-02,3.363315005e+01,3.142891899e+01,2.193430364e+00,1.080070173e-02
770,1.925000000e-02,1.151373293e-02,3.371495673e+01,3.150000533e+01,2.204107024e+00,1.084438137e-02
771,1.927500000e-02,1.153496853e-02,3.379684188e+01,3.157113663e+01,2.214817209e+00,1.088804939e-02
772,1.930000000e-02,1.155622236e-02,3.387880544e+01,3.164231013e+01,2.225563467e+00,1.093184696e-02
773,1.932500000e-02,1.157749621e-02,3.396084731e+01,3.171352311e+01,2.236348433e+00,1.097576275e-02
774,1.935000000e-02,1.159879145e-02,3.404296740e+01,3.178477237e+01,2.247175177e+00,1.101984629e-02
775,1.937500000e-02,1.162010980e-02,3.412516560e+01,3.185605224e+01,2.258049227e+00,1.106413003e-02
776,1.940000000e-02,1.164145426e-02,3.420744179e+01,3.192736715e+01,2.268965990e+00,1.110865874e-02
777,1.942500000e-02,1.166282211e-02,3.428979587e+01,3.199870906e+01,2.279933399e+00,1.115340759e-02
778,1.945000000e-02,1.168421784e-02,3.437222771e+01,3.207008619e+01,2.290943077e+00,1.119843773e-02
779,1.947500000e-02,1.170563648e-02,3.445473718e+01,3.214149877e+01,2.301994713e+00,1.124370278e-02
780,1.950000000e-02,1.172707792e-02,3.453732419e+01,3.221294975e+01,2.313085271e+00,1.128916509e-02
781,1.952500000e-02,1.174854033e-02,3.461998862e+01,3.228444751e+01,2.324206305e+00,1.133480687e-02
782,1.955000000e-02,1.177001892e-02,3.470273039e+01,3.235599699e+01,2.335352819e+00,1.138058380e-02
783,1.957500000e-02,1.179151088e-02,3.478554943e+01,3.242759222e+01,2.346530744e+00,1.142646338e-02
784,1.960000000e-02,1.181301934e-02,3.486844565e+01,3.249923385e+01,2.357739298e+00,1.147250623e-02
785,1.962500000e-02,1.183454383e-02,3.495141899e+01,3.257090448e+01,2.368995784e+00,1.151872203e-02
786,1.965000000e-02,1.185609389e-02,3.503446934e+01,3.264260536e+01,2.380298725e+00,1.156525268e-02
787,1.967500000e-02,1.187766880e-02,3.511759658e+01,3.271432760e+01,2.391656870e+00,1.161211174e-02
788,1.970000000e-02,1.189927358e-02,3.520080058e+01,3.278607476e+01,2.403066486e+00,1.165933390e-02
789,1.972500000e-02,1.192090619e-02,3.528408121e+01,3.285785681e+01,2.414517487e+00,1.170690700e-02
790,1.975000000e-02,1.194256089e-02,3.536743834e+01,3.292968320e+01,2.426000367e+00,1.175476834e-02
791,1.977500000e-02,1.196423215e-02,3.545087188e+01,3.300155756e+01,2.437511452e+00,1.180286980e-02
792,1.980000000e-02,1.198591783e-02,3.553438176e+01,3.307348583e+01,2.449044745e+00,1.185118611e-02
793,1.982500000e-02,1.200761451e-02,3.561796791e+01,3.314547071e+01,2.460597500e+00,1.189970057e-02
794,1.985000000e-02,1.202932057e-02,3.570163028e+01,3.321751101e+01,2.472170854e+00,1.194841123e-02
795,1.987500000e-02,1.205103663e-02,3.578536881e+01,3.328960523e+01,2.483766248e+00,1.199733858e-02
796,1.990000000e-02,1.207276388e-02,3.586918346e+01,3.336175079e+01,2.495386175e+00,1.204649691e-02
797,1.992500000e-02,1.209450378e-02,3.595307416e+01,3.343394437e+01,2.507033877e+00,1.209591389e-02
798,1.995000000e-02,1.211625815e-02,3.603704085e+01,3.350617733e+01,2.518717871e+00,1.214564807e-02
799,1.997500000e-02,1.213803147e-02,3.612108345e+01,3.357843695e+01,2.530450662e+00,1.219583665e-02
800,2.000000000e-02,1.215983059e-02,3.620520184e+01,3.365071912e+01,2.542236109e+00,1.224660954e-02
801,2.002500000e-02,1.218165754e-02,3.628939590e+01,3.372302618e+01,2.554071685e+00,1.229804166e-02
802,2.005000000e-02,1.220351092e-02,3.637366550e+01,3.379536221e+01,2.565953150e+00,1.235014426e-02
803,2.007500000e-02,1.222538838e-02,3.645801053e+01,3.386772688e+01,2.577880741e+00,1.240290771e-02
804,2.010000000e-02,1.224728994e-02,3.654243085e+01,3.394011635e+01,2.589858096e+00,1.245640048e-02
805,2.012500000e-02,1.226921770e-02,3.662692635e+01,3.401253091e+01,2.601884752e+00,1.251068725e-02
806,2.015000000e-02,1.229117152e-02,3.671149691e+01,3.408497884e+01,2.613952274e+00,1.256579927e-02
807,2.017500000e-02,1.231314681e-02,3.679614241e+01,3.415746478e+01,2.626055892e+00,1.262174129e-02
808,2.020000000e-02,1.233514098e-02,3.688086276e+01,3.422999019e+01,2.638194030e+00,1.267853558e-02
809,2.022500000e-02,1.235715308e-02,3.696565785e+01,3.430254939e+01,2.650372210e+00,1.273624986e-02
810,2.025000000e-02,1.237918605e-02,3.705052761e+01,3.437512610e+01,2.662606488e+00,1.279501925e-02
811,2.027500000e-02,1.240124935e-02,3.713547191e+01,3.444770953e+01,2.674907415e+00,1.285495911e-02
812,2.030000000e-02,1.242334909e-02,3.722049059e+01,3.452028230e+01,2.687292199e+00,1.291609040e-02
813,2.032500000e-02,1.244549456e-02,3.730558346e+01,3.459283612e+01,2.699768842e+00,1.297850317e-02
814,2.035000000e-02,1.246768992e-02,3.739075032e+01,3.466536996e+01,2.712338174e+00,1.304217634e-02
815,2.037500000e-02,1.248993524e-02,3.747599091e+01,3.473788823e+01,2.724995629e+00,1.310705671e-02
816,2.040000000e-02,1.251222771e-02,3.756130503e+01,3.481040126e+01,2.737730726e+00,1.317304216e-02
817,2.042500000e-02,1.253456137e-02,3.764669247e+01,3.488291404e+01,2.750538417e+00,1.324000364e-02
818,2.045000000e-02,1.255693329e-02,3.773215303e+01,3.495543116e+01,2.763414031e+00,1.330783604e-02
819,2.047500000e-02,1.257934072e-02,3.781768655e+01,3.502795878e+01,2.776351317e+00,1.337645265e-02
820,2.050000000e-02,1.260178014e-02,3.790329286e+01,3.510050028e+01,2.789346819e+00,1.344576557e-02
821,2.052500000e-02,1.262424949e-02,3.798897182e+01,3.517306188e+01,2.802394239e+00,1.351570311e-02
822,2.055000000e-02,1.264674525e-02,3.807472329e+01,3.524564157e+01,2.815495527e+00,1.358619668e-02
823,2.057500000e-02,1.266926847e-02,3.816054714e+01,3.531824241e+01,2.828647520e+00,1.365721759e-02
824,2.060000000e-02,1.269181739e-02,3.824644325e+01,3.539084117e+01,2.841873365e+00,1.372871432e-02
825,2.062500000e-02,1.271440467e-02,3.833241146e+01,3.546343570e+01,2.855174937e+00,1.380081747e-02
826,2.065000000e-02,1.273703125e-02,3.841845158e+01,3.553602566e+01,2.868552352e+00,1.387357198e-02
827,2.067500000e-02,1.275969733e-02,3.850456344e+01,3.560861297e+01,2.882003552e+00,1.394691268e-02
828,2.070000000e-02,1.278240195e-02,3.859074684e+01,3.568120542e+01,2.895520621e+00,1.402080303e-02
829,2.072500000e-02,1.280514081e-02,3.867700163e+01,3.575380012e+01,2.909106329e+00,1.409517898e-02
830,2.075000000e-02,1.282791508e-02,3.876332763e+01,3.582639799e+01,2.922759586e+00,1.417005821e-02
831,2.077500000e-02,1.285072405e-02,3.884972469e+01,3.589900010e+01,2.936479171e+00,1.424541587e-02
832,2.080000000e-02,1.287356676e-02,3.893619263e+01,3.597161013e+01,2.950261256e+00,1.432123962e-02
833,2.082500000e-02,1.289644108e-02,3.902273131e+01,3.604423083e+01,2.964103010e+00,1.439746957e-02
834,2.085000000e-02,1.291934561e-02,3.910934057e+01,3.611685799e+01,2.978008517e+00,1.447405913e-02
835,2.087500000e-02,1.294228268e-02,3.919602026e+01,3.618950167e+01,2.991967562e+00,1.455103183e-02
836,2.090000000e-02,1.296524682e-02,3.928277025e+01,3.626216850e+01,3.005973435e+00,1.462831957e-02
837,2.092500000e-02,1.298823430e-02,3.936959042e+01,3.633485665e+01,3.020027901e+00,1.470586240e-02
838,2.095000000e-02,1.301124587e-02,3.945648064e+01,3.640756322e+01,3.034133758e+00,1.478366078e-02
839,2.097500000e-02,1.303428276e-02,3.954344081e+01,3.648028193e+01,3.048297120e+00,1.486175169e-02
840,2.100000000e-02,1.305734798e-02,3.963047078e+01,3.655300896e+01,3.062521625e+00,1.494019648e-02
841,2.102500000e-02,1.308044330e-02,3.971757042e+01,3.662574887e+01,3.076802538e+00,1.501900425e-02
842,2.105000000e-02,1.310356617e-02,3.980473958e+01,3.669850165e+01,3.091139798e+00,1.509812557e-02
843,2.107500000e-02,1.312671673e-02,3.989197813e+01,3.677126977e+01,3.105530834e+00,1.517753059e-02
844,2.110000000e-02,1.314989363e-02,3.997928595e+01,3.684405251e+01,3.119976266e+00,1.525717270e-02
845,2.112500000e-02,1.317309712e-02,4.006666289e+01,3.691685163e+01,3.134474224e+00,1.533704129e-02
846,2.115000000e-02,1.319632633e-02,4.015410884e+01,3.698967095e+01,3.149020766e+00,1.541712821e-02
847,2.117500000e-02,1.321957908e-02,4.024162367e+01,3.706251479e+01,3.163611478e+00,1.549741030e-02
848,2.120000000e-02,1.324285306e-02,4.032920728e+01,3.713537906e+01,3.178250355e+00,1.557786630e-02
849,2.122500000e-02,1.326615033e-02,4.041685955e+01,3.720825936e+01,3.192941653e+00,1.565854180e-02
850,2.125000000e-02,1.328947298e-02,4.050458037e+01,3.728115325e+01,3.207687641e+00,1.573947785e-02
851,2.127500000e-02,1.331282242e-02,4.059236960e+01,3.735405216e+01,3.222496761e+00,1.582068140e-02
852,2.130000000e-02,1.333620307e-02,4.068022711e+01,3.742695988e+01,3.237364996e+00,1.590223654e-02
853,2.132500000e-02,1.335961286e-02,4.076815276e+01,3.749987801e+01,3.252290648e+00,1.598410143e-02
854,2.135000000e-02,1.338305102e-02,4.085614641e+01,3.757280391e+01,3.267276251e+00,1.606624211e-02
855,2.137500000e-02,1.340651854e-02,4.094420791e+01,3.764573555e+01,3.282323666e+00,1.614869102e-02
856,2.140000000e-02,1.343001644e-02,4.103233713e+01,3.771867855e+01,3.297427116e+00,1.623146052e-02
857,2.142500000e-02,1.345354175e-02,4.112053393e+01,3.779163354e+01,3.312585900e+00,1.631449016e-02
858,2.145000000e-02,1.347709387e-02,4.120879817e+01,3.786459031e+01,3.327810103e+00,1.639775868e-02
859,2.147500000e-02,1.350067781e-02,4.129712972e+01,3.793755036e+01,3.343098033e+00,1.648133113e-02
860,2.150000000e-02,1.352429267e-02,4.138552843e+01,3.801052125e+01,3.358441970e+00,1.656520623e-02
861,2.152500000e-02,1.354793446e-02,4.147399415e+01,3.808351008e+01,3.373834746e+00,1.664931894e-02
862,2.155000000e-02,1.357159955e-02,4.156252676e+01,3.815652384e+01,3.389269310e+00,1.673360652e-02
863,2.157500000e-02,1.359528424e-02,4.165112616e+01,3.822956819e+01,3.404739946e+00,1.681801835e-02
864,2.160000000e-02,1.361898547e-02,4.173979225e+01,3.830263554e+01,3.420254193e+00,1.690251513e-02
865,2.162500000e-02,1.364270690e-02,4.182852495e+01,3.837571533e+01,3.435822453e+00,1.698716992e-02
866,2.165000000e-02,1.366645380e-02,4.191732414e+01,3.844879231e+01,3.451459773e+00,1.707205600e-02
867,2.167500000e-02,1.369023395e-02,4.200618967e+01,3.852186013e+01,3.467172264e+00,1.715727520e-02
868,2.170000000e-02,1.371405062e-02,4.209512139e+01,3.859492018e+01,3.482958372e+00,1.724283362e-02
869,2.172500000e-02,1.373790314e-02,4.218411911e+01,3.866798272e+01,3.498807669e+00,1.732872143e-02
870,2.175000000e-02,1.376178598e-02,4.227318268e+01,3.874105050e+01,3.514717283e+00,1.741489904e-02
871,2.177500000e-02,1.378569763e-02,4.236231196e+01,3.881412997e+01,3.530680666e+00,1.750132015e-02
872,2.180000000e-02,1.380963477e-02,4.245150681e+01,3.888721739e+01,3.546701481e+00,1.758794439e-02
873,2.182500000e-02,1.383359918e-02,4.254076711e+01,3.896031467e+01,3.562777622e+00,1.767482075e-02
874,2.185000000e-02,1.385758965e-02,4.263009273e+01,3.903342260e+01,3.578908199e+00,1.776193077e-02
875,2.187500000e-02,1.388160572e-02,4.271948354e+01,3.910654660e+01,3.595087652e+00,1.784928888e-02
876,2.190000000e-02,1.390564448e-02,4.280893942e+01,3.917969246e+01,3.611310115e+00,1.793685001e-02
877,2.192500000e-02,1.392970289e-02,4.289846027e+01,3.925285721e+01,3.627578498e+00,1.802456442e-02
878,2.195000000e-02,1.395378235e-02,4.298804599e+01,3.932603027e+01,3.643903266e+00,1.811244663e-02
879,2.197500000e-02,1.397788818e-02,4.307769645e+01,3.939921730e+01,3.660278578e+00,1.820056870e-02
880,2.200000000e-02,1.400201745e-02,4.316741154e+01,3.947241089e+01,3.676711759e+00,1.828888555e-02
881,2.202500000e-02,1.402617382e-02,4.325719113e+01,3.954560536e+01,3.693208306e+00,1.837746274e-02
882,2.205000000e-02,1.405035994e-02,4.334703508e+01,3.961879994e+01,3.709768800e+00,1.846634691e-02
883,2.207500000e-02,1.407457619e-02,4.343694326e+01,3.969200275e+01,3.726384984e+00,1.855552793e-02
884,2.210000000e-02,1.409881835e-02,4.352691551e+01,3.976520859e+01,3.743061983e+00,1.864494455e-02
885,2.212500000e-02,1.412308877e-02,4.361695172e+01,3.983841633e+01,3.759800751e+00,1.873463680e-02
886,2.215000000e-02,1.414738779e-02,4.370705174e+01,3.991162770e+01,3.776599419e+00,1.882461459e-02
887,2.217500000e-02,1.417171477e-02,4.379721543e+01,3.998485138e+01,3.793449208e+00,1.891484116e-02
888,2.220000000e-02,1.419606532e-02,4.388744267e+01,4.005809465e+01,3.810342756e+00,1.900525803e-02
889,2.222500000e-02,1.422043568e-02,4.397773334e+01,4.013136304e+01,3.827274494e+00,1.909581468e-02
890,2.225000000e-02,1.424482297e-02,4.406808737e+01,4.020464441e+01,3.844256487e+00,1.918647097e-02
891,2.227500000e-02,1.426923314e-02,4.415850464e+01,4.027792595e+01,3.861301408e+00,1.927728405e-02
892,2.230000000e-02,1.429367235e-02,4.424898503e+01,4.035119878e+01,3.878417867e+00,1.936838903e-02
893,2.232500000e-02,1.431814470e-02,4.433952840e+01,4.042446269e+01,3.895605834e+00,1.945987216e-02
894,2.235000000e-02,1.434265019e-02,4.443013457e+01,4.049772060e+01,3.912862242e+00,1.955172620e-02
895,2.237500000e-02,1.436718735e-02,4.452080338e+01,4.057097479e+01,3.930184677e+00,1.964392029e-02
896,2.240000000e-02,1.439175498e-02,4.461153470e+01,4.064421823e+01,3.947580050e+00,1.973642657e-02
897,2.242500000e-02,1.441635653e-02,4.470232836e+01,4.071745112e+01,3.965047971e+00,1.982926925e-02
898,2.245000000e-02,1.444099192e-02,4.479318420e+01,4.079068229e+01,3.982579482e+00,1.992242735e-02
899,2.247500000e-02,1.446565681e-02,4.488410207e+01,4.086391230e+01,4.000173928e+00,2.001584547e-02
900,2.250000000e-02,1.449035070e-02,4.497508183e+01,4.093714931e+01,4.017822981e+00,2.010954075e-02
901,2.252500000e-02,1.451506938e-02,4.506612334e+01,4.101040062e+01,4.035519250e+00,2.020346310e-02
902,2.255000000e-02,1.453980911e-02,4.515722649e+01,4.108367208e+01,4.053256851e+00,2.029755804e-02
903,2.257500000e-02,1.456456691e-02,4.524839118e+01,4.115696486e+01,4.071034546e+00,2.039177985e-02
904,2.260000000e-02,1.458934209e-02,4.533961733e+01,4.123027268e+01,4.088858525e+00,2.048612451e-02
905,2.262500000e-02,1.461413758e-02,4.543090484e+01,4.130359635e+01,4.106727828e+00,2.058066071e-02
906,2.265000000e-02,1.463895280e-02,4.552225359e+01,4.137692240e+01,4.124655824e+00,2.067537384e-02
907,2.267500000e-02,1.466379426e-02,4.561366349e+01,4.145024224e+01,4.142650898e+00,2.077035802e-02
908,2.270000000e-02,1.468866593e-02,4.570513439e+01,4.152355836e+01,4.160710342e+00,2.086568242e-02
909,2.272500000e-02,1.471356643e-02,4.579666614e+01,4.159687080e+01,4.178834023e+00,2.096132127e-02
910,2.275000000e-02,1.473849578e-02,4.588825861e+01,4.167018450e+01,4.197016871e+00,2.105723853e-02
911,2.277500000e-02,1.476345154e-02,4.597991165e+01,4.174349422e+01,4.215264023e+00,2.115340564e-02
912,2.280000000e-02,1.478843610e-02,4.607162513e+01,4.181680212e+01,4.233573157e+00,2.124985450e-02
913,2.282500000e-02,1.481344854e-02,4.616339891e+01,4.189011121e+01,4.251941150e+00,2.134655391e-02
914,2.285000000e-02,1.483848731e-02,4.625523286e+01,4.196341807e+01,4.270371323e+00,2.144346653e-02
915,2.287500000e-02,1.486355399e-02,4.634712684e+01,4.203672785e+01,4.288858384e+00,2.154060453e-02
916,2.290000000e-02,1.488864613e-02,4.643908073e+01,4.211004127e+01,4.307401510e+00,2.163794866e-02
917,2.292500000e-02,1.491376348e-02,4.653109440e+01,4.218334793e+01,4.326010968e+00,2.173549743e-02
918,2.295000000e-02,1.493891104e-02,4.662316771e+01,4.225663990e+01,4.344694462e+00,2.183334507e-02
919,2.297500000e-02,1.496409245e-02,4.671530052e+01,4.232991571e+01,4.363453249e+00,2.193156242e-02
920,2.300000000e-02,1.498930807e-02,4.680749265e+01,4.240317506e+01,4.382287419e+00,2.203017850e-02
921,2.302500000e-02,1.501455776e-02,4.689974396e+01,4.247641637e+01,4.401198420e+00,2.212916383e-02
922,2.305000000e-02,1.503984207e-02,4.699205425e+01,4.254964077e+01,4.420184964e+00,2.222852033e-02
923,2.307500000e-02,1.506516033e-02,4.708442338e+01,4.262285588e+01,4.439239272e+00,2.232823258e-02
924,2.310000000e-02,1.509050884e-02,4.717685119e+01,4.269606300e+01,4.458359953e+00,2.242823316e-02
925,2.312500000e-02,1.511588704e-02,4.726933753e+01,4.276926670e+01,4.477542311e+00,2.252851624e-02
926,2.315000000e-02,1.514129280e-02,4.736188225e+01,4.284247493e+01,4.496778267e+00,2.262905324e-02
927,2.317500000e-02,1.516672221e-02,4.745448525e+01,4.291568821e+01,4.516067249e+00,2.272978914e-02
928,2.320000000e-02,1.519217504e-02,4.754714639e+01,4.298890966e+01,4.535406032e+00,2.283070072e-02
929,2.322500000e-02,1.521764978e-02,4.763986558e+01,4.306214551e+01,4.554788308e+00,2.293175783e-02
930,2.325000000e-02,1.524314333e-02,4.773264270e+01,4.313539330e+01,4.574216472e+00,2.303292579e-02
931,2.327500000e-02,1.526865674e-02,4.782547766e+01,4.320863911e+01,4.593704319e+00,2.313423619e-02
932,2.330000000e-02,1.529419643e-02,4.791837035e+01,4.328188072e+01,4.613253819e+00,2.323581696e-02
933,2.332500000e-02,1.531976312e-02,4.801132064e+01,4.335511344e+01,4.632869506e+00,2.333769581e-02
934,2.335000000e-02,1.534535897e-02,4.810432839e+01,4.342833387e+01,4.652554616e+00,2.343990317e-02
935,2.337500000e-02,1.537098543e-02,4.819739345e+01,4.350154249e+01,4.672308507e+00,2.354245396e-02
936,2.340000000e-02,1.539664210e-02,4.829051568e+01,4.357474423e+01,4.692126131e+00,2.364532542e-02
937,2.342500000e-02,1.542232646e-02,4.838369493e+01,4.364792714e+01,4.712019310e+00,2.374848060e-02
938,2.345000000e-02,1.544804420e-02,4.847693106e+01,4.372108926e+01,4.731989855e+00,2.385193829e-02
939,2.347500000e-02,1.547379608e-02,4.857022389e+01,4.379423261e+01,4.752035540e+00,2.395574065e-02
940,2.350000000e-02,1.549958106e-02,4.866357327e+01,4.386736591e+01,4.772147472e+00,2.405989049e-02
941,2.352500000e-02,1.552539480e-02,4.875697904e+01,4.394049741e+01,4.792317296e+00,2.416434057e-02
942,2.355000000e-02,1.555123337e-02,4.885044108e+01,4.401363318e+01,4.812538866e+00,2.426903082e-02
943,2.357500000e-02,1.557709390e-02,4.894395926e+01,4.408677217e+01,4.832813186e+00,2.437390818e-02
944,2.360000000e-02,1.560297709e-02,4.903753348e+01,4.415990453e+01,4.853150003e+00,2.447894450e-02
945,2.362500000e-02,1.562888761e-02,4.913116361e+01,4.423301619e+01,4.873563171e+00,2.458424730e-02
946,2.365000000e-02,1.565483169e-02,4.922484950e+01,4.430609585e+01,4.894063710e+00,2.468994342e-02
947,2.367500000e-02,1.568081438e-02,4.931859099e+01,4.437914759e+01,4.914647294e+00,2.479610251e-02
948,2.370000000e-02,1.570683353e-02,4.941238788e+01,4.445217693e+01,4.935308283e+00,2.490266776e-02
949,2.372500000e-02,1.573288650e-02,4.950624001e+01,4.452518147e+01,4.956048947e+00,2.500959048e-02
950,2.375000000e-02,1.575897463e-02,4.960014721e+01,4.459816638e+01,4.976863972e+00,2.511686066e-02
951,2.377500000e-02,1.578509529e-02,4.969410933e+01,4.467113610e+01,4.997748764e+00,2.522445969e-02
952,2.380000000e-02,1.581124630e-02,4.978812620e+01,4.474409888e+01,5.018694943e+00,2.533237651e-02
953,2.382500000e-02,1.583742358e-02,4.988219769e+01,4.481706147e+01,5.039695668e+00,2.544055094e-02
954,2.385000000e-02,1.586362396e-02,4.997632367e+01,4.489003091e+01,5.060743834e+00,2.554892488e-02
955,2.387500000e-02,1.588984400e-02,5.007050405e+01,4.496301253e+01,5.081834065e+00,2.565745000e-02
956,2.390000000e-02,1.591608109e-02,5.016473872e+01,4.503600477e+01,5.102967858e+00,2.576608796e-02
957,2.392500000e-02,1.594233603e-02,5.025902759e+01,4.510900064e+01,5.124152121e+00,2.587483477e-02
958,2.395000000e-02,1.596861210e-02,5.035337058e+01,4.518199004e+01,5.145396797e+00,2.598374025e-02
959,2.397500000e-02,1.599491380e-02,5.044776755e+01,4.525497628e+01,5.166698367e+00,2.609290388e-02
960,2.400000000e-02,1.602123923e-02,5.054221839e+01,4.532795001e+01,5.188066075e+00,2.620230823e-02
961,2.402500000e-02,1.604759258e-02,5.063672297e+01,4.540089802e+01,5.209512943e+00,2.631200475e-02
962,2.405000000e-02,1.607397983e-02,5.073128114e+01,4.547381697e+01,5.231042087e+00,2.642208380e-02
963,2.407500000e-02,1.610040235e-02,5.082589272e+01,4.554670192e+01,5.252658249e+00,2.653255835e-02
964,2.410000000e-02,1.612686216e-02,5.092055755e+01,4.561955713e+01,5.274356939e+00,2.664348021e-02
965,2.412500000e-02,1.615335712e-02,5.101527544e+01,4.569238462e+01,5.296136005e+00,2.675481582e-02
966,2.415000000e-02,1.617988628e-02,5.111004623e+01,4.576519027e+01,5.317989402e+00,2.686655824e-02
967,2.417500000e-02,1.620644692e-02,5.120486975e+01,4.583798302e+01,5.339908082e+00,2.697864798e-02
968,2.420000000e-02,1.623303488e-02,5.129974586e+01,4.591077102e+01,5.361883824e+00,2.709101627e-02
969,2.422500000e-02,1.625964638e-02,5.139467443e+01,4.598355807e+01,5.383912750e+00,2.720360346e-02
970,2.425000000e-02,1.628627972e-02,5.148965535e+01,4.605634377e+01,5.405995201e+00,2.731637156e-02
971,2.427500000e-02,1.631293517e-02,5.158468850e+01,4.612911012e+01,5.428149085e+00,2.742929962e-02
972,2.430000000e-02,1.633962118e-02,5.167977376e+01,4.620185033e+01,5.450380915e+00,2.754252155e-02
973,2.432500000e-02,1.636634053e-02,5.177491098e+01,4.627455679e+01,5.472698057e+00,2.765613611e-02
974,2.435000000e-02,1.639309635e-02,5.187009998e+01,4.634722547e+01,5.495104307e+00,2.777020121e-02
975,2.437500000e-02,1.641989014e-02,5.196534059e+01,4.641986324e+01,5.517592579e+00,2.788477165e-02
976,2.440000000e-02,1.644671847e-02,5.206063262e+01,4.649247513e+01,5.540157719e+00,2.799976719e-02
977,2.442500000e-02,1.647357895e-02,5.215597592e+01,4.656506740e+01,5.562793388e+00,2.811513053e-02
978,2.445000000e-02,1.650046869e-02,5.225137033e+01,4.663764322e+01,5.585496299e+00,2.823080910e-02
979,2.447500000e-02,1.652738611e-02,5.234681571e+01,4.671020401e+01,5.608264911e+00,2.834678538e-02
980,2.450000000e-02,1.655433046e-02,5.244231193e+01,4.678275479e+01,5.631094083e+00,2.846305320e-02
981,2.452500000e-02,1.658129936e-02,5.253785885e+01,4.685530236e+01,5.653976923e+00,2.857956470e-02
982,2.455000000e-02,1.660828967e-02,5.263345636e+01,4.692784658e+01,5.676913511e+00,2.869626746e-02
983,2.457500000e-02,1.663530149e-02,5.272910435e+01,4.700039062e+01,5.699900576e+00,2.881315506e-02
984,2.460000000e-02,1.666233338e-02,5.282480271e+01,4.707293544e+01,5.722937064e+00,2.893019813e-02
985,2.462500000e-02,1.668938495e-02,5.292055134e+01,4.714547808e+01,5.746025885e+00,2.904736845e-02
986,2.465000000e-02,1.671645750e-02,5.301635013e+01,4.721800320e+01,5.769182233e+00,2.916469999e-02
987,2.467500000e-02,1.674355808e-02,5.311219897e+01,4.729048958e+01,5.792427097e+00,2.928229405e-02
988,2.470000000e-02,1.677069597e-02,5.320809770e+01,4.736293948e+01,5.815757902e+00,2.940032222e-02
989,2.472500000e-02,1.679786978e-02,5.330404614e+01,4.743535309e+01,5.839174254e+00,2.951879575e-02
990,2.475000000e-02,1.682507936e-02,5.340004410e+01,4.750772689e+01,5.862679539e+00,2.963767517e-02
991,2.477500000e-02,1.685232632e-02,5.349609143e+01,4.758006672e+01,5.886267703e+00,2.975700588e-02
992,2.480000000e-02,1.687960791e-02,5.359218793e+01,4.765238131e+01,5.909929859e+00,2.987676576e-02
993,2.482500000e-02,1.690691995e-02,5.368833346e+01,4.772467163e+01,5.933664937e+00,2.999689766e-02
994,2.485000000e-02,1.693426191e-02,5.378452787e+01,4.779693705e+01,5.957473414e+00,3.011740266e-02
995,2.487500000e-02,1.696163395e-02,5.388077100e+01,4.786917475e+01,5.981357973e+00,3.023827106e-02
996,2.490000000e-02,1.698903711e-02,5.397706270e+01,4.794138848e+01,6.005314717e+00,3.035950312e-02
997,2.492500000e-02,1.701646961e-02,5.407340283e+01,4.801358578e+01,6.029335969e+00,3.048107834e-02
998,2.495000000e-02,1.704392797e-02,5.416979125e+01,4.808576707e+01,6.053421251e+00,3.060293382e-02
999,2.497500000e-02,1.707141195e-02,5.426622783e+01,4.815792627e+01,6.077576502e+00,3.072505360e-02
1000,2.500000000e-02,1.709892415e-02,5.436271243e+01,4.823005460e+01,6.101810370e+00,3.084746011e-02
1001,2.502500000e-02,1.712646840e-02,5.445924490e+01,4.830215322e+01,6.126121407e+00,3.097027642e-02
1002,2.505000000e-02,1.715404386e-02,5.455582509e+01,4.837421716e+01,6.150514460e+00,3.109347962e-02
1003,2.507500000e-02,1.718165266e-02,5.465245284e+01,4.844625139e+01,6.174984363e+00,3.121709611e-02
1004,2.510000000e-02,1.720929241e-02,5.474912799e+01,4.851825288e+01,6.199534032e+00,3.134108719e-02
1005,2.512500000e-02,1.723696455e-02,5.484585038e+01,4.859021966e+01,6.224165268e+00,3.146545313e-02
1006,2.515000000e-02,1.726466980e-02,5.494261986e+01,4.866215904e+01,6.248870600e+00,3.159021391e-02
1007,2.517500000e-02,1.729240468e-02,5.503943625e+01,4.873407948e+01,6.273641459e+00,3.171530963e-02
1008,2.520000000e-02,1.732016539e-02,5.513629943e+01,4.880598845e+01,6.298470318e+00,3.184067126e-02
1009,2.522500000e-02,1.734794858e-02,5.523320928e+01,4.887788646e+01,6.323356577e+00,3.196624154e-02
1010,2.525000000e-02,1.737575404e-02,5.533016567e+01,4.894977091e+01,6.348302769e+00,3.209198979e-02
1011,2.527500000e-02,1.740358313e-02,5.542716850e+01,4.902163443e+01,6.373316144e+00,3.221791861e-02
1012,2.530000000e-02,1.743143918e-02,5.552421762e+01,4.909347538e+01,6.398398180e+00,3.234406360e-02
1013,2.532500000e-02,1.745932280e-02,5.562131292e+01,4.916529570e+01,6.423546797e+00,3.247043139e-02
1014,2.535000000e-02,1.748723300e-02,5.571845426e+01,4.923708904e+01,6.448768191e+00,3.259703161e-02
1015,2.537500000e-02,1.751517251e-02,5.581564149e+01,4.930884433e+01,6.474073196e+00,3.272396442e-02
1016,2.540000000e-02,1.754314592e-02,5.591287447e+01,4.938054901e+01,6.499474106e+00,3.285135477e-02
1017,2.542500000e-02,1.757115835e-02,5.601015301e+01,4.945219892e+01,6.524974793e+00,3.297930141e-02
1018,2.545000000e-02,1.759921137e-02,5.610747692e+01,4.952380466e+01,6.550564461e+00,3.310780544e-02
1019,2.547500000e-02,1.762729998e-02,5.620484602e+01,4.959537751e+01,6.576231746e+00,3.323677225e-02
1020,2.550000000e-02,1.765541918e-02,5.630226014e+01,4.966691955e+01,6.601974483e+00,3.336610707e-02
1021,2.552500000e-02,1.768356810e-02,5.639971914e+01,4.973843507e+01,6.627788288e+00,3.349577288e-02
1022,2.555000000e-02,1.771174492e-02,5.649722285e+01,4.980992144e+01,6.653675661e+00,3.362574852e-02
1023,2.557500000e-02,1.773995091e-02,5.659477115e+01,4.988137942e+01,6.679635705e+00,3.375602453e-02
1024,2.560000000e-02,1.776818575e-02,5.669236389e+01,4.995281121e+01,6.705666094e+00,3.388658982e-02
1025,2.562500000e-02,1.779644852e-02,5.679000093e+01,5.002420773e+01,6.731775807e+00,3.401739593e-02
1026,2.565000000e-02,1.782474318e-02,5.688768213e+01,5.009556772e+01,6.757965922e+00,3.414848647e-02
1027,2.567500000e-02,1.785307016e-02,5.698540732e+01,5.016688956e+01,6.784237870e+00,3.427989344e-02
1028,2.570000000e-02,1.788143008e-02,5.708317635e+01,5.023816808e+01,6.810596609e+00,3.441165694e-02
1029,2.572500000e-02,1.790982499e-02,5.718098905e+01,5.030940806e+01,6.837037156e+00,3.454382973e-02
1030,2.575000000e-02,1.793825254e-02,5.727884526e+01,5.038061196e+01,6.863556935e+00,3.467636730e-02
1031,2.577500000e-02,1.796671160e-02,5.737674482e+01,5.045177830e+01,6.890157277e+00,3.480924211e-02
1032,2.580000000e-02,1.799520268e-02,5.747468758e+01,5.052291301e+01,6.916832086e+00,3.494248300e-02
1033,2.582500000e-02,1.802372290e-02,5.757267339e+01,5.059401658e+01,6.943580766e+00,3.507604093e-02
1034,2.585000000e-02,1.805227205e-02,5.767070209e+01,5.066508820e+01,6.970404019e+00,3.520987526e-02
1035,2.587500000e-02,1.808085051e-02,5.776877355e+01,5.073612414e+01,6.997305448e+00,3.534396703e-02
1036,2.590000000e-02,1.810945999e-02,5.786688762e+01,5.080712405e+01,7.024285226e+00,3.547834736e-02
1037,2.592500000e-02,1.813810039e-02,5.796504415e+01,5.087808662e+01,7.051344488e+00,3.561303644e-02
1038,2.595000000e-02,1.816677218e-02,5.806324298e+01,5.094901580e+01,7.078479140e+00,3.574803962e-02
1039,2.597500000e-02,1.819547366e-02,5.816148396e+01,5.101991792e+01,7.105682699e+00,3.588333723e-02
1040,2.600000000e-02,1.822420200e-02,5.825976696e+01,5.109078840e+01,7.132959675e+00,3.601888186e-02
1041,2.602500000e-02,1.825295935e-02,5.835809183e+01,5.116161196e+01,7.160325173e+00,3.615470244e-02
1042,2.605000000e-02,1.828175237e-02,5.845645843e+01,5.123238038e+01,7.187787120e+00,3.629092726e-02
1043,2.607500000e-02,1.831058409e-02,5.855486657e+01,5.130309159e+01,7.215347338e+00,3.642763657e-02
1044,2.610000000e-02,1.833945495e-02,5.865331606e+01,5.137375497e+01,7.242996242e+00,3.656484771e-02
1045,2.612500000e-02,1.836836052e-02,5.875180673e+01,5.144436797e+01,7.270736277e+00,3.670247994e-02
1046,2.615000000e-02,1.839730176e-02,5.885033839e+01,5.151492685e+01,7.298571012e+00,3.684053299e-02
1047,2.617500000e-02,1.842628030e-02,5.894891089e+01,5.158543563e+01,7.326496218e+00,3.697903649e-02
1048,2.620000000e-02,1.845529435e-02,5.904752402e+01,5.165590488e+01,7.354501209e+00,3.711793133e-02
1049,2.622500000e-02,1.848433934e-02,5.914617764e+01,5.172634514e+01,7.382575356e+00,3.725714240e-02
1050,2.625000000e-02,1.851341068e-02,5.924487160e+01,5.179676475e+01,7.410710247e+00,3.739659846e-02
1051,2.627500000e-02,1.854250477e-02,5.934360577e+01,5.186716436e+01,7.438905175e+00,3.753624011e-02
1052,2.630000000e-02,1.857162135e-02,5.944238005e+01,5.193754218e+01,7.467161828e+00,3.767603989e-02
1053,2.632500000e-02,1.860076130e-02,5.954119430e+01,5.200789877e+01,7.495479552e+00,3.781598242e-02
1054,2.635000000e-02,1.862992436e-02,5.964004843e+01,5.207820731e+01,7.523885054e+00,3.795606562e-02
1055,2.637500000e-02,1.865912201e-02,5.973894227e+01,5.214845988e+01,7.552385798e+00,3.809659635e-02
1056,2.640000000e-02,1.868835692e-02,5.983787567e+01,5.221866161e+01,7.580976446e+00,3.823761652e-02
1057,2.642500000e-02,1.871762652e-02,5.993684845e+01,5.228881971e+01,7.609649688e+00,3.837905385e-02
1058,2.645000000e-02,1.874692762e-02,6.003586043e+01,5.235893600e+01,7.638403608e+00,3.852082577e-02
1059,2.647500000e-02,1.877625951e-02,6.013491147e+01,5.242900467e+01,7.667243896e+00,3.866290338e-02
1060,2.650000000e-02,1.880562485e-02,6.023400141e+01,5.249901940e+01,7.696176688e+00,3.880531793e-02
1061,2.652500000e-02,1.883502632e-02,6.033313007e+01,5.256897493e+01,7.725207017e+00,3.894812229e-02
1062,2.655000000e-02,1.886446602e-02,6.043229728e+01,5.263887844e+01,7.754327517e+00,3.909132546e-02
1063,2.657500000e-02,1.889394052e-02,6.053150286e+01,5.270873748e+01,7.783530492e+00,3.923488971e-02
1064,2.660000000e-02,1.892344648e-02,6.063074665e+01,5.277854991e+01,7.812817964e+00,3.937877752e-02
1065,2.662500000e-02,1.895298502e-02,6.073002849e+01,5.284831721e+01,7.842188289e+00,3.952298779e-02
1066,2.665000000e-02,1.898255532e-02,6.082934822e+01,5.291804645e+01,7.871634233e+00,3.966752988e-02
1067,2.667500000e-02,1.901215430e-02,6.092870569e+01,5.298774318e+01,7.901150158e+00,3.981234751e-02
1068,2.670000000e-02,1.904177957e-02,6.102810076e+01,5.305739970e+01,7.930743651e+00,3.995741218e-02
1069,2.672500000e-02,1.907143441e-02,6.112753330e+01,5.312700213e+01,7.960428376e+00,4.010279364e-02
1070,2.675000000e-02,1.910112456e-02,6.122700315e+01,5.319653988e+01,7.990214652e+00,4.024861711e-02
1071,2.677500000e-02,1.913085406e-02,6.132651013e+01,5.326601351e+01,8.020101665e+00,4.039495366e-02
1072,2.680000000e-02,1.916062225e-02,6.142605404e+01,5.333543332e+01,8.050078949e+00,4.054176755e-02
1073,2.682500000e-02,1.919042461e-02,6.152563471e+01,5.340480177e+01,8.080143958e+00,4.068898102e-02
1074,2.685000000e-02,1.922026019e-02,6.162525197e+01,5.347412718e+01,8.110288205e+00,4.083658228e-02
1075,2.687500000e-02,1.925012549e-02,6.172490567e+01,5.354341725e+01,8.140503916e+00,4.098450159e-02
1076,2.690000000e-02,1.928001733e-02,6.182459565e+01,5.361267872e+01,8.170784265e+00,4.113266931e-02
1077,2.692500000e-02,1.930993290e-02,6.192432181e+01,5.368191508e+01,8.201125706e+00,4.128102489e-02
1078,2.695000000e-02,1.933987066e-02,6.202408402e+01,5.375112040e+01,8.231534077e+00,4.142953424e-02
1079,2.697500000e-02,1.936983326e-02,6.212388215e+01,5.382029601e+01,8.262007930e+00,4.157821096e-02
1080,2.700000000e-02,1.939982003e-02,6.222371609e+01,5.388944503e+01,8.292544023e+00,4.172704399e-02
1081,2.702500000e-02,1.942982960e-02,6.232358573e+01,5.395856686e+01,8.323142867e+00,4.187600491e-02
1082,2.705000000e-02,1.945986238e-02,6.242349093e+01,5.402765028e+01,8.353815564e+00,4.202509113e-02
1083,2.707500000e-02,1.948992321e-02,6.252343158e+01,5.409667322e+01,8.384583922e+00,4.217443835e-02
1084,2.710000000e-02,1.952002103e-02,6.262340753e+01,5.416562674e+01,8.415456503e+00,4.232428750e-02
1085,2.712500000e-02,1.955015894e-02,6.272341857e+01,5.423450364e+01,8.446440250e+00,4.247468082e-02
1086,2.715000000e-02,1.958033959e-02,6.282346452e+01,5.430330839e+01,8.477530486e+00,4.262564322e-02
1087,2.717500000e-02,1.961056086e-02,6.292354517e+01,5.437204396e+01,8.508724082e+00,4.277712736e-02
1088,2.720000000e-02,1.964082134e-02,6.302366033e+01,5.444071032e+01,8.540020867e+00,4.292914724e-02
1089,2.722500000e-02,1.967112086e-02,6.312380981e+01,5.450931274e+01,8.571415371e+00,4.308169408e-02
1090,2.725000000e-02,1.970145717e-02,6.322399342e+01,5.457785833e+01,8.602900375e+00,4.323471394e-02
1091,2.727500000e-02,1.973182730e-02,6.332421098e+01,5.464635842e+01,8.634464432e+00,4.338812960e-02
1092,2.730000000e-02,1.976222648e-02,6.342446235e+01,5.471481477e+01,8.666105714e+00,4.354186701e-02
1093,2.732500000e-02,1.979265408e-02,6.352474738e+01,5.478322984e+01,8.697821614e+00,4.369592748e-02
1094,2.735000000e-02,1.982310886e-02,6.362506593e+01,5.485160071e+01,8.729614923e+00,4.385029254e-02
1095,2.737500000e-02,1.985359198e-02,6.372541786e+01,5.491992943e+01,8.761483450e+00,4.400497530e-02
1096,2.740000000e-02,1.988410239e-02,6.382580302e+01,5.498820859e+01,8.793434495e+00,4.415993806e-02
1097,2.742500000e-02,1.991464317e-02,6.392622128e+01,5.505643736e+01,8.825468681e+00,4.431523700e-02
1098,2.745000000e-02,1.994521458e-02,6.402667249e+01,5.512460642e+01,8.857595163e+00,4.447089855e-02
1099,2.747500000e-02,1.997582037e-02,6.412715647e+01,5.519271137e+01,8.889818087e+00,4.462701506e-02
1100,2.750000000e-02,2.000646211e-02,6.422767307e+01,5.526075411e+01,8.922135344e+00,4.478361323e-02
1101,2.752500000e-02,2.003713882e-02,6.432822210e+01,5.532874144e+01,8.954540003e+00,4.494065994e-02
1102,2.755000000e-02,2.006784757e-02,6.442880340e+01,5.539667865e+01,8.987026670e+00,4.509808395e-02
1103,2.757500000e-02,2.009858614e-02,6.452941682e+01,5.546456689e+01,9.019594091e+00,4.525583485e-02
1104,2.760000000e-02,2.012935411e-02,6.463006220e+01,5.553240752e+01,9.052240799e+00,4.541388326e-02
1105,2.762500000e-02,2.016015085e-02,6.473073941e+01,5.560020449e+01,9.084962713e+00,4.557219961e-02
1106,2.765000000e-02,2.019097491e-02,6.483144829e+01,5.566795629e+01,9.117761250e+00,4.573074735e-02
1107,2.767500000e-02,2.022182703e-02,6.493218872e+01,5.573566061e+01,9.150638547e+00,4.588956451e-02
1108,2.770000000e-02,2.025270803e-02,6.503296055e+01,5.580331966e+01,9.183592204e+00,4.604868859e-02
1109,2.772500000e-02,2.028361673e-02,6.513376365e+01,5.587092184e+01,9.216633707e+00,4.620809545e-02
1110,2.775000000e-02,2.031455796e-02,6.523459785e+01,5.593846523e+01,9.249764759e+00,4.636786555e-02
1111,2.777500000e-02,2.034553215e-02,6.533546301e+01,5.600593534e+01,9.282999664e+00,4.652800440e-02
1112,2.780000000e-02,2.037654524e-02,6.543635895e+01,5.607332937e+01,9.316340896e+00,4.668868235e-02
1113,2.782500000e-02,2.040759776e-02,6.553728547e+01,5.614064473e+01,9.349790853e+00,4.684988367e-02
1114,2.785000000e-02,2.043869069e-02,6.563824239e+01,5.620787883e+01,9.383351970e+00,4.701158868e-02
1115,2.787500000e-02,2.046982491e-02,6.573922950e+01,5.627504087e+01,9.417014790e+00,4.717384529e-02
1116,2.790000000e-02,2.050099627e-02,6.584024661e+01,5.634214044e+01,9.450769570e+00,4.733660106e-02
1117,2.792500000e-02,2.053220073e-02,6.594129356e+01,5.640918084e+01,9.484612940e+00,4.749977458e-02
1118,2.795000000e-02,2.056343705e-02,6.604237017e+01,5.647616451e+01,9.518542315e+00,4.766334398e-02
1119,2.797500000e-02,2.059470420e-02,6.614347629e+01,5.654309517e+01,9.552553842e+00,4.782727475e-02
1120,2.800000000e-02,2.062600068e-02,6.624461176e+01,5.660998211e+01,9.586638129e+00,4.799152357e-02
1121,2.802500000e-02,2.065732274e-02,6.634577646e+01,5.667682956e+01,9.620790871e+00,4.815602865e-02
1122,2.805000000e-02,2.068866874e-02,6.644697025e+01,5.674362886e+01,9.655020644e+00,4.832073968e-02
1123,2.807500000e-02,2.072004224e-02,6.654819300e+01,5.681038121e+01,9.689326091e+00,4.848569907e-02
1124,2.810000000e-02,2.075144270e-02,6.664944457e+01,5.687707950e+01,9.723714162e+00,4.865091365e-02
1125,2.812500000e-02,2.078287311e-02,6.675072484e+01,5.694370907e+01,9.758199297e+00,4.881646969e-02
1126,2.815000000e-02,2.081433946e-02,6.685203362e+01,5.701027006e+01,9.792781072e+00,4.898249007e-02
1127,2.817500000e-02,2.084584114e-02,6.695337076e+01,5.707676451e+01,9.827457273e+00,4.914898060e-02
1128,2.820000000e-02,2.087737704e-02,6.705473608e+01,5.714319392e+01,9.862226233e+00,4.931592670e-02
1129,2.822500000e-02,2.090894634e-02,6.715612941e+01,5.720955737e+01,9.897088752e+00,4.948328768e-02
1130,2.825000000e-02,2.094054948e-02,6.725755059e+01,5.727585529e+01,9.932044198e+00,4.965110469e-02
1131,2.827500000e-02,2.097218599e-02,6.735899945e+01,5.734209422e+01,9.967085891e+00,4.981934013e-02
1132,2.830000000e-02,2.100385309e-02,6.746047584e+01,5.740827190e+01,1.000221600e+01,4.998794246e-02
1133,2.832500000e-02,2.103555174e-02,6.756197960e+01,5.747438648e+01,1.003743616e+01,5.015695564e-02
1134,2.835000000e-02,2.106728249e-02,6.766351056e+01,5.754043306e+01,1.007275111e+01,5.032638990e-02
1135,2.837500000e-02,2.109904726e-02,6.776506857e+01,5.760640828e+01,1.010816401e+01,5.049627177e-02
1136,2.840000000e-02,2.113084715e-02,6.786665345e+01,5.767231433e+01,1.014367252e+01,5.066660273e-02
1137,2.842500000e-02,2.116268121e-02,6.796826504e+01,5.773815529e+01,1.017927241e+01,5.083734642e-02
1138,2.845000000e-02,2.119454779e-02,6.806990317e+01,5.780392529e+01,1.021496941e+01,5.100847681e-02
1139,2.847500000e-02,2.122644945e-02,6.817156767e+01,5.786963156e+01,1.025075608e+01,5.118003237e-02
1140,2.850000000e-02,2.125838285e-02,6.827325838e+01,5.793527074e+01,1.028663568e+01,5.135196463e-02
1141,2.852500000e-02,2.129034945e-02,6.837497514e+01,5.800083680e+01,1.032261400e+01,5.152433393e-02
1142,2.855000000e-02,2.132235151e-02,6.847671777e+01,5.806632870e+01,1.035869183e+01,5.169723627e-02
1143,2.857500000e-02,2.135438896e-02,6.857848610e+01,5.813174149e+01,1.039487397e+01,5.187064881e-02
1144,2.860000000e-02,2.138646378e-02,6.868027996e+01,5.819708232e+01,1.043115309e+01,5.204456109e-02
1145,2.862500000e-02,2.141857285e-02,6.878209917e+01,5.826235366e+01,1.046752661e+01,5.221889887e-02
1146,2.865000000e-02,2.145071530e-02,6.888394356e+01,5.832756320e+01,1.050398673e+01,5.239362808e-02
1147,2.867500000e-02,2.148288793e-02,6.898581296e+01,5.839271109e+01,1.054053318e+01,5.256869886e-02
1148,2.870000000e-02,2.151509082e-02,6.908770724e+01,5.845778936e+01,1.057717377e+01,5.274410730e-02
1149,2.872500000e-02,2.154732711e-02,6.918962623e+01,5.852279249e+01,1.061391384e+01,5.291990029e-02
1150,2.875000000e-02,2.157959896e-02,6.929156976e+01,5.858772148e+01,1.065075216e+01,5.309611719e-02
1151,2.877500000e-02,2.161190583e-02,6.939353765e+01,5.865258142e+01,1.068768346e+01,5.327277433e-02
1152,2.880000000e-02,2.164424546e-02,6.949552975e+01,5.871737559e+01,1.072470431e+01,5.344984441e-02
1153,2.882500000e-02,2.167661645e-02,6.959754590e+01,5.878210722e+01,1.076181135e+01,5.362732437e-02
1154,2.885000000e-02,2.170901740e-02,6.969958593e+01,5.884677618e+01,1.079900459e+01,5.380516005e-02
1155,2.887500000e-02,2.174144866e-02,6.980164970e+01,5.891138101e+01,1.083628532e+01,5.398337320e-02
1156,2.890000000e-02,2.177391070e-02,6.990373706e+01,5.897591566e+01,1.087365941e+01,5.416199237e-02
1157,2.892500000e-02,2.180640561e-02,7.000584785e+01,5.904038351e+01,1.091112332e+01,5.434103272e-02
1158,2.895000000e-02,2.183893164e-02,7.010798192e+01,5.910477729e+01,1.094868417e+01,5.452045011e-02
1159,2.897500000e-02,2.187149189e-02,7.021013909e+01,5.916909801e+01,1.098634073e+01,5.470035341e-02
1160,2.900000000e-02,2.190408552e-02,7.031231921e+01,5.923333657e+01,1.102410193e+01,5.488071714e-02
1161,2.902500000e-02,2.193671650e-02,7.041452210e+01,5.929748207e+01,1.106197850e+01,5.506152809e-02
1162,2.905000000e-02,2.196938906e-02,7.051674757e+01,5.936154055e+01,1.109996415e+01,5.524286448e-02
1163,2.907500000e-02,2.200210032e-02,7.061899542e+01,5.942551509e+01,1.113805565e+01,5.542468185e-02
1164,2.910000000e-02,2.203484917e-02,7.072126547e+01,5.948940040e+01,1.117625812e+01,5.560695169e-02
1165,2.912500000e-02,2.206763781e-02,7.082355753e+01,5.955320398e+01,1.121456380e+01,5.578974411e-02
1166,2.915000000e-02,2.210046273e-02,7.092587142e+01,5.961693025e+01,1.125296817e+01,5.597299908e-02
1167,2.917500000e-02,2.213332209e-02,7.102820696e+01,5.968058088e+01,1.129146940e+01,5.615669034e-02
1168,2.920000000e-02,2.216621533e-02,7.113056399e+01,5.974416113e+01,1.133006205e+01,5.634081235e-02
1169,2.922500000e-02,2.219914022e-02,7.123294234e+01,5.980766914e+01,1.136874788e+01,5.652531473e-02
1170,2.925000000e-02,2.223209766e-02,7.133534186e+01,5.987109943e+01,1.140753219e+01,5.671023655e-02
1171,2.927500000e-02,2.226508973e-02,7.143776237e+01,5.993445398e+01,1.144641276e+01,5.689564230e-02
1172,2.930000000e-02,2.229811524e-02,7.154020372e+01,5.999773403e+01,1.148538819e+01,5.708149917e-02
1173,2.932500000e-02,2.233117353e-02,7.164266574e+01,6.006093747e+01,1.152446043e+01,5.726782857e-02
1174,2.935000000e-02,2.236426512e-02,7.174514826e+01,6.012406048e+01,1.156363315e+01,5.745462117e-02
1175,2.937500000e-02,2.239739145e-02,7.184765111e+01,6.018710094e+01,1.160290832e+01,5.764184961e-02
1176,2.940000000e-02,2.243055338e-02,7.195017413e+01,6.025005020e+01,1.164229440e+01,5.782953332e-02
1177,2.942500000e-02,2.246375412e-02,7.205271713e+01,6.031290941e+01,1.168178997e+01,5.801775740e-02
1178,2.945000000e-02,2.249699282e-02,7.215527992e+01,6.037568324e+01,1.172139018e+01,5.820650315e-02
1179,2.947500000e-02,2.253026756e-02,7.225786231e+01,6.043837503e+01,1.176109160e+01,5.839569250e-02
1180,2.950000000e-02,2.256357735e-02,7.236046414e+01,6.050099179e+01,1.180088704e+01,5.858530944e-02
1181,2.952500000e-02,2.259691931e-02,7.246308524e+01,6.056353969e+01,1.184077024e+01,5.877531419e-02
1182,2.955000000e-02,2.263029098e-02,7.256572545e+01,6.062602810e+01,1.188073172e+01,5.896563668e-02
1183,2.957500000e-02,2.266368878e-02,7.266838463e+01,6.068845372e+01,1.192077470e+01,5.915620733e-02
1184,2.960000000e-02,2.269711423e-02,7.277106265e+01,6.075080569e+01,1.196090992e+01,5.934703973e-02
1185,2.962500000e-02,2.273057177e-02,7.287375936e+01,6.081307545e+01,1.200114567e+01,5.953823697e-02
1186,2.965000000e-02,2.276406447e-02,7.297647459e+01,6.087525429e+01,1.204149039e+01,5.972990285e-02
1187,2.967500000e-02,2.279759539e-02,7.307920816e+01,6.093733123e+01,1.208195484e+01,5.992209367e-02
1188,2.970000000e-02,2.283116843e-02,7.318195990e+01,6.099930982e+01,1.212253521e+01,6.011487051e-02
1189,2.972500000e-02,2.286478182e-02,7.328472958e+01,6.106118845e+01,1.216323294e+01,6.030818801e-02
1190,2.975000000e-02,2.289843631e-02,7.338751702e+01,6.112297313e+01,1.220404181e+01,6.050209133e-02
1191,2.977500000e-02,2.293212901e-02,7.349032203e+01,6.118467163e+01,1.224495387e+01,6.069652996e-02
1192,2.980000000e-02,2.296585676e-02,7.359314442e+01,6.124629024e+01,1.228596275e+01,6.089143645e-02
1193,2.982500000e-02,2.299961710e-02,7.369598403e+01,6.130782909e+01,1.232706818e+01,6.108675254e-02
1194,2.985000000e-02,2.303341014e-02,7.379884068e+01,6.136927807e+01,1.236828012e+01,6.128249188e-02
1195,2.987500000e-02,2.306724003e-02,7.390171422e+01,6.143063712e+01,1.240959838e+01,6.147871962e-02
1196,2.990000000e-02,2.310110649e-02,7.400460446e+01,6.149191495e+01,1.245101407e+01,6.167544311e-02
1197,2.992500000e-02,2.313500575e-02,7.410751123e+01,6.155311910e+01,1.249251954e+01,6.187258822e-02
1198,2.995000000e-02,2.316893489e-02,7.421043438e+01,6.161424633e+01,1.253411796e+01,6.207007962e-02
1199,2.997500000e-02,2.320289547e-02,7.431337374e+01,6.167529177e+01,1.257581397e+01,6.226800423e-02
1200,3.000000000e-02,2.323688914e-02,7.441632917e+01,6.173625697e+01,1.261760581e+01,6.246638960e-02
1201,3.002500000e-02,2.327091486e-02,7.451930049e+01,6.179713753e+01,1.265949778e+01,6.266518229e-02
1202,3.005000000e-02,2.330497455e-02,7.462228755e+01,6.185793456e+01,1.270148855e+01,6.286443304e-02
1203,3.007500000e-02,2.333906751e-02,7.472529018e+01,6.191863267e+01,1.274359336e+01,6.306414612e-02
1204,3.010000000e-02,2.337319974e-02,7.482830819e+01,6.197923337e+01,1.278581041e+01,6.326442326e-02
1205,3.012500000e-02,2.340737029e-02,7.493134141e+01,6.203973690e+01,1.282813929e+01,6.346522743e-02
1206,3.015000000e-02,2.344157904e-02,7.503438965e+01,6.210014293e+01,1.287058017e+01,6.366654391e-02
1207,3.017500000e-02,2.347582602e-02,7.513745271e+01,6.216045621e+01,1.291312815e+01,6.386835496e-02
1208,3.020000000e-02,2.351010930e-02,7.524053042e+01,6.222068638e+01,1.295577340e+01,6.407064061e-02
1209,3.022500000e-02,2.354442487e-02,7.534362260e+01,6.228083948e+01,1.299850980e+01,6.427331796e-02
1210,3.025000000e-02,2.357877052e-02,7.544672910e+01,6.234091377e+01,1.304133903e+01,6.447631156e-02
1211,3.027500000e-02,2.361314709e-02,7.554984977e+01,6.240091515e+01,1.308425502e+01,6.467960934e-02
1212,3.030000000e-02,2.364755229e-02,7.565298446e+01,6.246083467e+01,1.312726663e+01,6.488316245e-02
1213,3.032500000e-02,2.368198999e-02,7.575613302e+01,6.252065482e+01,1.317039107e+01,6.508711933e-02
1214,3.035000000e-02,2.371646660e-02,7.585929526e+01,6.258036491e+01,1.321363876e+01,6.529158939e-02
1215,3.037500000e-02,2.375098572e-02,7.596247101e+01,6.263996188e+01,1.325701245e+01,6.549668519e-02
1216,3.040000000e-02,2.378554809e-02,7.606566005e+01,6.269945275e+01,1.330050488e+01,6.570242113e-02
1217,3.042500000e-02,2.382015053e-02,7.616886218e+01,6.275883709e+01,1.334411635e+01,6.590873713e-02
1218,3.045000000e-02,2.385479344e-02,7.627207720e+01,6.281812599e+01,1.338783558e+01,6.611564015e-02
1219,3.047500000e-02,2.388947203e-02,7.637530493e+01,6.287732027e+01,1.343166162e+01,6.632304217e-02
1220,3.050000000e-02,2.392418624e-02,7.647854519e+01,6.293642507e+01,1.347558920e+01,6.653092136e-02
1221,3.052500000e-02,2.395893412e-02,7.658179781e+01,6.299545053e+01,1.351960804e+01,6.673924412e-02
1222,3.055000000e-02,2.399371164e-02,7.668506262e+01,6.305439581e+01,1.356371887e+01,6.694794508e-02
1223,3.057500000e-02,2.402851931e-02,7.678833949e+01,6.311326280e+01,1.360791967e+01,6.715701736e-02
1224,3.060000000e-02,2.406335640e-02,7.689162825e+01,6.317204481e+01,1.365221700e+01,6.736644606e-02
1225,3.062500000e-02,2.409822568e-02,7.699492876e+01,6.323074335e+01,1.369660914e+01,6.757627631e-02
1226,3.065000000e-02,2.413312623e-02,7.709824086e+01,6.328934353e+01,1.374111085e+01,6.778648473e-02
1227,3.067500000e-02,2.416806400e-02,7.720156438e+01,6.334783614e+01,1.378573102e+01,6.799722440e-02
1228,3.070000000e-02,2.420304202e-02,7.730489914e+01,6.340622657e+01,1.383046405e+01,6.820851538e-02
1229,3.072500000e-02,2.423805787e-02,7.740824494e+01,6.346451981e+01,1.387530485e+01,6.842028123e-02
1230,3.075000000e-02,2.427310960e-02,7.751160161e+01,6.352270559e+01,1.392026353e+01,6.863249069e-02
1231,3.077500000e-02,2.430820135e-02,7.761496896e+01,6.358078712e+01,1.396533655e+01,6.884527968e-02
1232,3.080000000e-02,2.434333127e-02,7.771834680e+01,6.363876983e+01,1.401051836e+01,6.905860576e-02
1233,3.082500000e-02,2.437849709e-02,7.782173495e+01,6.369666098e+01,1.405580154e+01,6.927242560e-02
1234,3.085000000e-02,2.441369596e-02,7.792513323e+01,6.375445234e+01,1.410119421e+01,6.948668537e-02
1235,3.087500000e-02,2.444893142e-02,7.802854149e+01,6.381214924e+01,1.414669078e+01,6.970146675e-02
1236,3.090000000e-02,2.448420095e-02,7.813195953e+01,6.386975920e+01,1.419228362e+01,6.991670726e-02
1237,3.092500000e-02,2.451950151e-02,7.823538721e+01,6.392728103e+01,1.423797385e+01,7.013233398e-02
1238,3.095000000e-02,2.455483357e-02,7.833882435e+01,6.398472210e+01,1.428375394e+01,7.034832064e-02
1239,3.097500000e-02,2.459019424e-02,7.844227082e+01,6.404207506e+01,1.432963116e+01,7.056460613e-02
1240,3.100000000e-02,2.462558691e-02,7.854572646e+01,6.409932363e+01,1.437562160e+01,7.078122830e-02
1241,3.102500000e-02,2.466101784e-02,7.864919110e+01,6.415645361e+01,1.442173915e+01,7.099833745e-02
1242,3.105000000e-02,2.469649231e-02,7.875266454e+01,6.421345696e+01,1.446799153e+01,7.121605827e-02
1243,3.107500000e-02,2.473201264e-02,7.885614658e+01,6.427033549e+01,1.451437660e+01,7.143449330e-02
1244,3.110000000e-02,2.476757747e-02,7.895963699e+01,6.432708956e+01,1.456089384e+01,7.165358734e-02
1245,3.112500000e-02,2.480318665e-02,7.906313556e+01,6.438372987e+01,1.460753235e+01,7.187334635e-02
1246,3.115000000e-02,2.483883555e-02,7.916664209e+01,6.444026057e+01,1.465428785e+01,7.209366447e-02
1247,3.117500000e-02,2.487452273e-02,7.927015638e+01,6.449669310e+01,1.470114877e+01,7.231451249e-02
1248,3.120000000e-02,2.491024384e-02,7.937367826e+01,6.455303738e+01,1.474810506e+01,7.253582227e-02
1249,3.122500000e-02,2.494599527e-02,7.947720757e+01,6.460930263e+01,1.479514743e+01,7.275751403e-02
1250,3.125000000e-02,2.498177376e-02,7.958074415e+01,6.466548543e+01,1.484227921e+01,7.297951589e-02
1251,3.127500000e-02,2.501758125e-02,7.968428787e+01,6.472158138e+01,1.488950468e+01,7.320181655e-02
1252,3.130000000e-02,2.505341953e-02,7.978783858e+01,6.477759131e+01,1.493682281e+01,7.342446176e-02
1253,3.132500000e-02,2.508928789e-02,7.989139613e+01,6.483350840e+01,1.498424028e+01,7.364746199e-02
1254,3.135000000e-02,2.512518873e-02,7.999496037e+01,6.488931021e+01,1.503177928e+01,7.387088233e-02
1255,3.137500000e-02,2.516113068e-02,8.009853112e+01,6.494499910e+01,1.507943709e+01,7.409493107e-02
1256,3.140000000e-02,2.519711169e-02,8.020210819e+01,6.500058134e+01,1.512720731e+01,7.431954038e-02
1257,3.142500000e-02,2.523312914e-02,8.030569139e+01,6.505605730e+01,1.517508944e+01,7.454464966e-02
1258,3.145000000e-02,2.526918290e-02,8.040928054e+01,6.511142334e+01,1.522308694e+01,7.477026106e-02
1259,3.147500000e-02,2.530527442e-02,8.051287546e+01,6.516668129e+01,1.527119777e+01,7.499639789e-02
1260,3.150000000e-02,2.534140288e-02,8.061647598e+01,6.522183313e+01,1.531941982e+01,7.522302347e-02
1261,3.152500000e-02,2.537756754e-02,8.072008190e+01,6.527687760e+01,1.536775419e+01,7.545010765e-02
1262,3.155000000e-02,2.541376893e-02,8.082369305e+01,6.533181838e+01,1.541619697e+01,7.567770819e-02
1263,3.157500000e-02,2.545000537e-02,8.092730926e+01,6.538666162e+01,1.546474184e+01,7.590579781e-02
1264,3.160000000e-02,2.548627433e-02,8.103093036e+01,6.544140900e+01,1.551338703e+01,7.613433124e-02
1265,3.162500000e-02,2.552257513e-02,8.113455619e+01,6.549606322e+01,1.556212971e+01,7.636326528e-02
1266,3.165000000e-02,2.555890672e-02,8.123818659e+01,6.555061758e+01,1.561097645e+01,7.659256391e-02
1267,3.167500000e-02,2.559527192e-02,8.134182140e+01,6.560506365e+01,1.565993549e+01,7.682225835e-02
1268,3.170000000e-02,2.563167370e-02,8.144546045e+01,6.565938910e+01,1.570901894e+01,7.705241732e-02
1269,3.172500000e-02,2.566811682e-02,8.154910355e+01,6.571358452e+01,1.575823586e+01,7.728316885e-02
1270,3.175000000e-02,2.570460431e-02,8.165275050e+01,6.576764277e+01,1.580759311e+01,7.751461784e-02
1271,3.177500000e-02,2.574113837e-02,8.175640108e+01,6.582156343e+01,1.585709084e+01,7.774680619e-02
1272,3.180000000e-02,2.577771876e-02,8.186005506e+01,6.587535233e+01,1.590672304e+01,7.797969946e-02
1273,3.182500000e-02,2.581434285e-02,8.196371224e+01,6.592901689e+01,1.595648211e+01,7.821323471e-02
1274,3.185000000e-02,2.585100772e-02,8.206737241e+01,6.598256349e+01,1.600636155e+01,7.844736144e-02
1275,3.187500000e-02,2.588771115e-02,8.217103536e+01,6.603600446e+01,1.605634888e+01,7.868202044e-02
1276,3.190000000e-02,2.592444866e-02,8.227470092e+01,6.608934726e+01,1.610643654e+01,7.891712203e-02
1277,3.192500000e-02,2.596121785e-02,8.237836893e+01,6.614260112e+01,1.615661521e+01,7.915260558e-02
1278,3.195000000e-02,2.599801539e-02,8.248203924e+01,6.619577136e+01,1.620687947e+01,7.938841148e-02
1279,3.197500000e-02,2.603483957e-02,8.258571170e+01,6.624885621e+01,1.625723100e+01,7.962448443e-02
1280,3.200000000e-02,2.607169126e-02,8.268938618e+01,6.630185020e+01,1.630767512e+01,7.986085596e-02
1281,3.202500000e-02,2.610857231e-02,8.279306255e+01,6.635474399e+01,1.635822102e+01,8.009753817e-02
1282,3.205000000e-02,2.614548629e-02,8.289674064e+01,6.640751825e+01,1.640888776e+01,8.033462683e-02
1283,3.207500000e-02,2.618244043e-02,8.300042028e+01,6.646017257e+01,1.645967536e+01,8.057234801e-02
1284,3.210000000e-02,2.621943354e-02,8.310410129e+01,6.651270655e+01,1.651058410e+01,8.081064223e-02
1285,3.212500000e-02,2.625646554e-02,8.320778348e+01,6.656512140e+01,1.656161257e+01,8.104950431e-02
1286,3.215000000e-02,2.629353571e-02,8.331146665e+01,6.661742129e+01,1.661275646e+01,8.128889069e-02
1287,3.217500000e-02,2.633064251e-02,8.341515062e+01,6.666961204e+01,1.666400982e+01,8.152876209e-02
1288,3.220000000e-02,2.636778377e-02,8.351883522e+01,6.672169640e+01,1.671536971e+01,8.176910399e-02
1289,3.222500000e-02,2.640495847e-02,8.362252027e+01,6.677367065e+01,1.676683972e+01,8.200989979e-02
1290,3.225000000e-02,2.644216814e-02,8.372620562e+01,6.682554105e+01,1.681841337e+01,8.225119903e-02
1291,3.227500000e-02,2.647940999e-02,8.382989109e+01,6.687730751e+01,1.687009064e+01,8.249293941e-02
1292,3.230000000e-02,2.651668423e-02,8.393357652e+01,6.692896887e+01,1.692187253e+01,8.273512026e-02
1293,3.232500000e-02,2.655399120e-02,8.403726176e+01,6.698051921e+01,1.697376483e+01,8.297771614e-02
1294,3.235000000e-02,2.659133328e-02,8.414094662e+01,6.703193948e+01,1.702578641e+01,8.322072876e-02
1295,3.237500000e-02,2.662871781e-02,8.424463093e+01,6.708323275e+01,1.707793389e+01,8.346429246e-02
1296,3.240000000e-02,2.666614283e-02,8.434831449e+01,6.713440018e+01,1.713020592e+01,8.370839211e-02
1297,3.242500000e-02,2.670360788e-02,8.445199711e+01,6.718543483e+01,1.718260924e+01,8.395303751e-02
1298,3.245000000e-02,2.674111563e-02,8.455567858e+01,6.723631975e+01,1.723516048e+01,8.419835187e-02
1299,3.247500000e-02,2.677867230e-02,8.465935869e+01,6.728705290e+01,1.728786136e+01,8.444443139e-02
1300,3.250000000e-02,2.681627770e-02,8.476303721e+01,6.733764130e+01,1.734070465e+01,8.469125644e-02
1301,3.252500000e-02,2.685392878e-02,8.486671392e+01,6.738809577e+01,1.739367937e+01,8.493877271e-02
1302,3.255000000e-02,2.689162138e-02,8.497038860e+01,6.743842835e+01,1.744677334e+01,8.518690826e-02
1303,3.257500000e-02,2.692935115e-02,8.507406105e+01,6.748864825e+01,1.749997723e+01,8.543556736e-02
1304,3.260000000e-02,2.696711499e-02,8.517773111e+01,6.753876768e+01,1.755327876e+01,8.568467678e-02
1305,3.262500000e-02,2.700490847e-02,8.528139861e+01,6.758879655e+01,1.760666791e+01,8.593415046e-02
1306,3.265000000e-02,2.704272823e-02,8.538506342e+01,6.763874075e+01,1.766013875e+01,8.618391309e-02
1307,3.267500000e-02,2.708057241e-02,8.548872539e+01,6.768859156e+01,1.771369992e+01,8.643390878e-02
1308,3.270000000e-02,2.711844449e-02,8.559238439e+01,6.773834703e+01,1.776735317e+01,8.668418898e-02
1309,3.272500000e-02,2.715634503e-02,8.569604030e+01,6.778800011e+01,1.782110545e+01,8.693474492e-02
1310,3.275000000e-02,2.719427682e-02,8.579969296e+01,6.783753097e+01,1.787497635e+01,8.718564350e-02
1311,3.277500000e-02,2.723224738e-02,8.590334220e+01,6.788693153e+01,1.792897354e+01,8.743713032e-02
1312,3.280000000e-02,2.727025836e-02,8.600698784e+01,6.793619882e+01,1.798309978e+01,8.768923964e-02
1313,3.282500000e-02,2.730831027e-02,8.611062968e+01,6.798534020e+01,1.803734754e+01,8.794193912e-02
1314,3.285000000e-02,2.734639999e-02,8.621426753e+01,6.803436761e+01,1.809170477e+01,8.819515308e-02
1315,3.287500000e-02,2.738452313e-02,8.631790121e+01,6.808328439e+01,1.814616803e+01,8.844878543e-02
1316,3.290000000e-02,2.742267890e-02,8.642153056e+01,6.813209130e+01,1.820073640e+01,8.870285641e-02
1317,3.292500000e-02,2.746086700e-02,8.652515541e+01,6.818078430e+01,1.825541374e+01,8.895737226e-02
1318,3.295000000e-02,2.749908896e-02,8.662877561e+01,6.822936916e+01,1.831019407e+01,8.921238118e-02
1319,3.297500000e-02,2.753734215e-02,8.673239099e+01,6.827783939e+01,1.836508379e+01,8.946780734e-02
1320,3.300000000e-02,2.757562943e-02,8.683600139e+01,6.832618539e+01,1.842009232e+01,8.972367976e-02
1321,3.302500000e-02,2.761395445e-02,8.693960664e+01,6.837439358e+01,1.847523304e+01,8.998002542e-02
1322,3.305000000e-02,2.765232195e-02,8.704320654e+01,6.842245836e+01,1.853051127e+01,9.023691006e-02
1323,3.307500000e-02,2.769073365e-02,8.714680090e+01,6.847038363e+01,1.858592286e+01,9.049440728e-02
1324,3.310000000e-02,2.772918758e-02,8.725038950e+01,6.851817735e+01,1.864145968e+01,9.075246540e-02
1325,3.312500000e-02,2.776768089e-02,8.735397215e+01,6.856582887e+01,1.869713224e+01,9.101103647e-02
1326,3.315000000e-02,2.780621816e-02,8.745754864e+01,6.861333026e+01,1.875294811e+01,9.127027089e-02
1327,3.317500000e-02,2.784480153e-02,8.756111878e+01,6.866068371e+01,1.880890483e+01,9.153024759e-02
1328,3.320000000e-02,2.788342937e-02,8.766468234e+01,6.870788791e+01,1.886500349e+01,9.179094208e-02
1329,3.322500000e-02,2.792210190e-02,8.776823912e+01,6.875494775e+01,1.892123901e+01,9.205236007e-02
1330,3.325000000e-02,2.796081717e-02,8.787178889e+01,6.880187560e+01,1.897759887e+01,9.231441666e-02
1331,3.327500000e-02,2.799957062e-02,8.797533146e+01,6.884868578e+01,1.903406866e+01,9.257701631e-02
1332,3.330000000e-02,2.803835718e-02,8.807886666e+01,6.889539151e+01,1.909063510e+01,9.284005405e-02
1333,3.332500000e-02,2.807717235e-02,8.818239432e+01,6.894199723e+01,1.914729366e+01,9.310343631e-02
1334,3.335000000e-02,2.811601494e-02,8.828591432e+01,6.898850448e+01,1.920404274e+01,9.336709946e-02
1335,3.337500000e-02,2.815488467e-02,8.838942650e+01,6.903490950e+01,1.926088600e+01,9.363099678e-02
1336,3.340000000e-02,2.819378315e-02,8.849293073e+01,6.908121647e+01,1.931781910e+01,9.389515676e-02
1337,3.342500000e-02,2.823270866e-02,8.859642688e+01,6.912742230e+01,1.937484502e+01,9.415955814e-02
1338,3.345000000e-02,2.827166250e-02,8.869991480e+01,6.917350999e+01,1.943198058e+01,9.442423298e-02
1339,3.347500000e-02,2.831065114e-02,8.880339435e+01,6.921946002e+01,1.948924496e+01,9.468936323e-02
1340,3.350000000e-02,2.834968117e-02,8.890686534e+01,6.926526980e+01,1.954664038e+01,9.495515974e-02
1341,3.352500000e-02,2.838875206e-02,8.901032758e+01,6.931094823e+01,1.960415778e+01,9.522156784e-02
1342,3.355000000e-02,2.842786007e-02,8.911378088e+01,6.935650795e+01,1.966178444e+01,9.548848787e-02
1343,3.357500000e-02,2.846700069e-02,8.921722507e+01,6.940195256e+01,1.971951670e+01,9.575580850e-02
1344,3.360000000e-02,2.850617326e-02,8.932065998e+01,6.944727912e+01,1.977735736e+01,9.602350314e-02
1345,3.362500000e-02,2.854537930e-02,8.942408546e+01,6.949248480e+01,1.983530902e+01,9.629163976e-02
1346,3.365000000e-02,2.858461961e-02,8.952750135e+01,6.953756719e+01,1.989337389e+01,9.656026397e-02
1347,3.367500000e-02,2.862389478e-02,8.963090746e+01,6.958252215e+01,1.995155596e+01,9.682935757e-02
1348,3.370000000e-02,2.866320614e-02,8.973430365e+01,6.962733333e+01,2.000987141e+01,9.709891112e-02
1349,3.372500000e-02,2.870255998e-02,8.983768971e+01,6.967198579e+01,2.006833491e+01,9.736899851e-02
1350,3.375000000e-02,2.874196140e-02,8.994106543e+01,6.971648306e+01,2.012694266e+01,9.763971246e-02
1351,3.377500000e-02,2.878140831e-02,9.004443061e+01,6.976083747e+01,2.018568208e+01,9.791106401e-02
1352,3.380000000e-02,2.882089584e-02,9.014778503e+01,6.980505952e+01,2.024454255e+01,9.818296562e-02
1353,3.382500000e-02,2.886042027e-02,9.025112851e+01,6.984913989e+01,2.030353327e+01,9.845533788e-02
1354,3.385000000e-02,2.889998588e-02,9.035446085e+01,6.989307351e+01,2.036265909e+01,9.872825105e-02
1355,3.387500000e-02,2.893959407e-02,9.045778187e+01,6.993685844e+01,2.042192159e+01,9.900184323e-02
1356,3.390000000e-02,2.897924487e-02,9.056109137e+01,6.998048467e+01,2.048133058e+01,9.927612136e-02
1357,3.392500000e-02,2.901894184e-02,9.066438912e+01,7.002395905e+01,2.054087891e+01,9.955116381e-02
1358,3.395000000e-02,2.905868154e-02,9.076767493e+01,7.006729626e+01,2.060055179e+01,9.982688107e-02
1359,3.397500000e-02,2.909845843e-02,9.087094859e+01,7.011051101e+01,2.066033443e+01,1.001031513e-01
1360,3.400000000e-02,2.913826750e-02,9.097420993e+01,7.015360999e+01,2.072022007e+01,1.003798619e-01
1361,3.402500000e-02,2.917810683e-02,9.107745879e+01,7.019659842e+01,2.078020344e+01,1.006569315e-01
1362,3.405000000e-02,2.921797481e-02,9.118069503e+01,7.023948116e+01,2.084027959e+01,1.009342851e-01
1363,3.407500000e-02,2.925786981e-02,9.128391851e+01,7.028226252e+01,2.090044412e+01,1.012118709e-01
1364,3.410000000e-02,2.929779056e-02,9.138712909e+01,7.032494431e+01,2.096069511e+01,1.014896643e-01
1365,3.412500000e-02,2.933773657e-02,9.149032664e+01,7.036752571e+01,2.102103326e+01,1.017676660e-01
1366,3.415000000e-02,2.937770819e-02,9.159351104e+01,7.040999559e+01,2.108146960e+01,1.020458587e-01
1367,3.417500000e-02,2.941770989e-02,9.169668215e+01,7.045232618e+01,2.114203161e+01,1.023243640e-01
1368,3.420000000e-02,2.945775213e-02,9.179983981e+01,7.049450599e+01,2.120273031e+01,1.026035074e-01
1369,3.422500000e-02,2.949783733e-02,9.190298382e+01,7.053654243e+01,2.126355808e+01,1.028833037e-01
1370,3.425000000e-02,2.953796182e-02,9.200611399e+01,7.057845041e+01,2.132449993e+01,1.031636499e-01
1371,3.427500000e-02,2.957812007e-02,9.210923014e+01,7.062024263e+01,2.138554308e+01,1.034444289e-01
1372,3.430000000e-02,2.961830780e-02,9.221233211e+01,7.066191603e+01,2.144669054e+01,1.037255379e-01
1373,3.432500000e-02,2.965852717e-02,9.231541975e+01,7.070345812e+01,2.150795457e+01,1.040070639e-01
1374,3.435000000e-02,2.969878281e-02,9.241849291e+01,7.074485951e+01,2.156934429e+01,1.042891081e-01
1375,3.437500000e-02,2.973907721e-02,9.252155139e+01,7.078611947e+01,2.163086023e+01,1.045716850e-01
1376,3.440000000e-02,2.977941015e-02,9.262459503e+01,7.082722687e+01,2.169251340e+01,1.048547490e-01
1377,3.442500000e-02,2.981978617e-02,9.272762362e+01,7.086817205e+01,2.175431323e+01,1.051383446e-01
1378,3.445000000e-02,2.986020830e-02,9.283063696e+01,7.090895919e+01,2.181625519e+01,1.054225766e-01
1379,3.447500000e-02,2.990067413e-02,9.293363484e+01,7.094960080e+01,2.187832658e+01,1.057074564e-01
1380,3.450000000e-02,2.994117866e-02,9.303661706e+01,7.099010368e+01,2.194052049e+01,1.059928875e-01
1381,3.452500000e-02,2.998171983e-02,9.313958344e+01,7.103046872e+01,2.200283593e+01,1.062787933e-01
1382,3.455000000e-02,3.002229794e-02,9.324253380e+01,7.107069349e+01,2.206527516e+01,1.065651498e-01
1383,3.457500000e-02,3.006291396e-02,9.334546796e+01,7.111077465e+01,2.212784124e+01,1.068520702e-01
1384,3.460000000e-02,3.010356868e-02,9.344838574e+01,7.115069330e+01,2.219055283e+01,1.071396072e-01
1385,3.462500000e-02,3.014426934e-02,9.355128694e+01,7.119045084e+01,2.225340818e+01,1.074279223e-01
1386,3.465000000e-02,3.018501389e-02,9.365417135e+01,7.123005853e+01,2.231639585e+01,1.077169698e-01
1387,3.467500000e-02,3.022579766e-02,9.375703878e+01,7.126952416e+01,2.237950800e+01,1.080066233e-01
1388,3.470000000e-02,3.026661804e-02,9.385988903e+01,7.130886119e+01,2.244273107e+01,1.082967769e-01
1389,3.472500000e-02,3.030747036e-02,9.396272194e+01,7.134807698e+01,2.250605765e+01,1.085873172e-01
1390,3.475000000e-02,3.034835248e-02,9.406553735e+01,7.138717802e+01,2.256948117e+01,1.088781546e-01
1391,3.477500000e-02,3.038926247e-02,9.416833511e+01,7.142617309e+01,2.263299280e+01,1.091692233e-01
1392,3.480000000e-02,3.043019751e-02,9.427111510e+01,7.146506218e+01,2.269659247e+01,1.094604526e-01
1393,3.482500000e-02,3.047115822e-02,9.437387718e+01,7.150384524e+01,2.276028007e+01,1.097518718e-01
1394,3.485000000e-02,3.051214464e-02,9.447662123e+01,7.154251662e+01,2.282406116e+01,1.100434458e-01
1395,3.487500000e-02,3.055315926e-02,9.457934712e+01,7.158106266e+01,2.288794923e+01,1.103352368e-01
1396,3.490000000e-02,3.059420716e-02,9.468205471e+01,7.161946169e+01,2.295196556e+01,1.106274586e-01
1397,3.492500000e-02,3.063529562e-02,9.478474381e+01,7.165771346e+01,2.301611000e+01,1.109203546e-01
1398,3.495000000e-02,3.067642272e-02,9.488741426e+01,7.169582988e+01,2.308037054e+01,1.112138458e-01
1399,3.497500000e-02,3.071758371e-02,9.499006588e+01,7.173381693e+01,2.314474114e+01,1.115078113e-01
1400,3.500000000e-02,3.075877685e-02,9.509269850e+01,7.177167738e+01,2.320921895e+01,1.118021610e-01
1401,3.502500000e-02,3.080000162e-02,9.519531196e+01,7.180940195e+01,2.327381316e+01,1.120968432e-01
1402,3.505000000e-02,3.084126211e-02,9.529790611e+01,7.184698378e+01,2.333853029e+01,1.123920435e-01
1403,3.507500000e-02,3.088255978e-02,9.540048078e+01,7.188441669e+01,2.340337633e+01,1.126877626e-01
1404,3.510000000e-02,3.092389652e-02,9.550303578e+01,7.192169612e+01,2.346835567e+01,1.129839851e-01
1405,3.512500000e-02,3.096527404e-02,9.560557092e+01,7.195881268e+01,2.353347756e+01,1.132806859e-01
1406,3.515000000e-02,3.100669572e-02,9.570808602e+01,7.199576492e+01,2.359874313e+01,1.135779743e-01
1407,3.517500000e-02,3.104816141e-02,9.581058086e+01,7.203256440e+01,2.366414055e+01,1.138759210e-01
1408,3.520000000e-02,3.108966605e-02,9.591305526e+01,7.206921789e+01,2.372966293e+01,1.141744410e-01
1409,3.522500000e-02,3.113120758e-02,9.601550902e+01,7.210572932e+01,2.379530624e+01,1.144734519e-01
1410,3.525000000e-02,3.117278507e-02,9.611794196e+01,7.214210732e+01,2.386106173e+01,1.147729111e-01
1411,3.527500000e-02,3.121439537e-02,9.622035394e+01,7.217834292e+01,2.392693825e+01,1.150727643e-01
1412,3.530000000e-02,3.125604256e-02,9.632274477e+01,7.221442344e+01,2.399294812e+01,1.153732119e-01
1413,3.532500000e-02,3.129773034e-02,9.642511428e+01,7.225033478e+01,2.405910516e+01,1.156743306e-01
1414,3.535000000e-02,3.133946350e-02,9.652746226e+01,7.228607621e+01,2.412540981e+01,1.159762401e-01
1415,3.537500000e-02,3.138124058e-02,9.662978852e+01,7.232165837e+01,2.419185131e+01,1.162788360e-01
1416,3.540000000e-02,3.142305770e-02,9.673209284e+01,7.235709693e+01,2.425841392e+01,1.165819905e-01
1417,3.542500000e-02,3.146490958e-02,9.683437504e+01,7.239240173e+01,2.432508774e+01,1.168855725e-01
1418,3.545000000e-02,3.150679334e-02,9.693663496e+01,7.242758313e+01,2.439186235e+01,1.171894791e-01
1419,3.547500000e-02,3.154870576e-02,9.703887245e+01,7.246264892e+01,2.445872990e+01,1.174936294e-01
1420,3.550000000e-02,3.159064473e-02,9.714108737e+01,7.249760516e+01,2.452568427e+01,1.177979399e-01
1421,3.552500000e-02,3.163260867e-02,9.724327960e+01,7.253245525e+01,2.459272198e+01,1.181023689e-01
1422,3.555000000e-02,3.167459670e-02,9.734544901e+01,7.256720239e+01,2.465983968e+01,1.184069406e-01
1423,3.557500000e-02,3.171660762e-02,9.744759549e+01,7.260183943e+01,2.472704442e+01,1.187116425e-01
1424,3.560000000e-02,3.175864436e-02,9.754971893e+01,7.263635114e+01,2.479435120e+01,1.190165862e-01
1425,3.562500000e-02,3.180071221e-02,9.765181918e+01,7.267071089e+01,2.486178632e+01,1.193219629e-01
1426,3.565000000e-02,3.184282019e-02,9.775389609e+01,7.270491545e+01,2.492935262e+01,1.196280137e-01
1427,3.567500000e-02,3.188496745e-02,9.785594947e+01,7.273896947e+01,2.499704535e+01,1.199346469e-01
1428,3.570000000e-02,3.192715205e-02,9.795797914e+01,7.277288580e+01,2.506485158e+01,1.202417658e-01
1429,3.572500000e-02,3.196936919e-02,9.805998494e+01,7.280667377e+01,2.513276191e+01,1.205492562e-01
1430,3.575000000e-02,3.201161600e-02,9.816196671e+01,7.284032589e+01,2.520078376e+01,1.208570642e-01
1431,3.577500000e-02,3.205389605e-02,9.826392430e+01,7.287383060e+01,2.526892836e+01,1.211653431e-01
1432,3.580000000e-02,3.209621288e-02,9.836585754e+01,7.290717670e+01,2.533720672e+01,1.214741198e-01
1433,3.582500000e-02,3.213857051e-02,9.846776626e+01,7.294036504e+01,2.540561781e+01,1.217834051e-01
1434,3.585000000e-02,3.218096778e-02,9.856965026e+01,7.297339010e+01,2.547416698e+01,1.220931824e-01
1435,3.587500000e-02,3.222340690e-02,9.867150937e+01,7.300625300e+01,2.554285282e+01,1.224035427e-01
1436,3.590000000e-02,3.226588686e-02,9.877334338e+01,7.303896095e+01,2.561166790e+01,1.227145287e-01
1437,3.592500000e-02,3.230840440e-02,9.887515211e+01,7.307151994e+01,2.568060611e+01,1.230260482e-01
1438,3.595000000e-02,3.235095770e-02,9.897693538e+01,7.310393193e+01,2.574966542e+01,1.233380273e-01
1439,3.597500000e-02,3.239354668e-02,9.907869303e+01,7.313620431e+01,2.581883828e+01,1.236504361e-01
1440,3.600000000e-02,3.243616837e-02,9.918042488e+01,7.316832093e+01,2.588814074e+01,1.239632112e-01
1441,3.602500000e-02,3.247882968e-02,9.928213078e+01,7.320026943e+01,2.595758482e+01,1.242765322e-01
1442,3.605000000e-02,3.252153431e-02,9.938381053e+01,7.323203745e+01,2.602718257e+01,1.245905070e-01
1443,3.607500000e-02,3.256428623e-02,9.948546392e+01,7.326363040e+01,2.609692829e+01,1.249052287e-01
1444,3.610000000e-02,3.260708206e-02,9.958709074e+01,7.329506455e+01,2.616680559e+01,1.252206045e-01
1445,3.612500000e-02,3.264991568e-02,9.968869081e+01,7.332635558e+01,2.623679874e+01,1.255364874e-01
1446,3.615000000e-02,3.269278197e-02,9.979026395e+01,7.335750962e+01,2.630690158e+01,1.258527461e-01
1447,3.617500000e-02,3.273567967e-02,9.989181000e+01,7.338854170e+01,2.637709900e+01,1.261692932e-01
1448,3.620000000e-02,3.277860371e-02,9.999332881e+01,7.341946375e+01,2.644737903e+01,1.264860347e-01
1449,3.622500000e-02,3.282155041e-02,1.000948203e+02,7.345028287e+01,2.651773452e+01,1.268028889e-01
1450,3.625000000e-02,3.286451776e-02,1.001962843e+02,7.348100042e+01,2.658816405e+01,1.271198145e-01
1451,3.627500000e-02,3.290750564e-02,1.002977207e+02,7.351161641e+01,2.665866748e+01,1.274368296e-01
1452,3.630000000e-02,3.295051414e-02,1.003991295e+02,7.354211972e+01,2.672925585e+01,1.277539312e-01
1453,3.632500000e-02,3.299354775e-02,1.005005105e+02,7.357249127e+01,2.679994798e+01,1.280712520e-01
1454,3.635000000e-02,3.303661277e-02,1.006018636e+02,7.360270599e+01,2.687076867e+01,1.283889273e-01
1455,3.637500000e-02,3.307971796e-02,1.007031886e+02,7.363275735e+01,2.694172403e+01,1.287072307e-01
1456,3.640000000e-02,3.312286359e-02,1.008044854e+02,7.366265675e+01,2.701280252e+01,1.290261198e-01
1457,3.642500000e-02,3.316604464e-02,1.009057537e+02,7.369241947e+01,2.708398880e+01,1.293454633e-01
1458,3.645000000e-02,3.320925581e-02,1.010069935e+02,7.372205517e+01,2.715527319e+01,1.296651332e-01
1459,3.647500000e-02,3.325249435e-02,1.011082045e+02,7.375155691e+01,2.722666256e+01,1.299850618e-01
1460,3.650000000e-02,3.329576369e-02,1.012093867e+02,7.378091166e+01,2.729816966e+01,1.303053758e-01
1461,3.652500000e-02,3.333906825e-02,1.013105398e+02,7.381010114e+01,2.736981255e+01,1.306261531e-01
1462,3.655000000e-02,3.338241436e-02,1.014116638e+02,7.383912608e+01,2.744159026e+01,1.309474446e-01
1463,3.657500000e-02,3.342580032e-02,1.015127584e+02,7.386798761e+01,2.751350152e+01,1.312692320e-01
1464,3.660000000e-02,3.346922575e-02,1.016138234e+02,7.389668299e+01,2.758554884e+01,1.315915339e-01
1465,3.662500000e-02,3.351269173e-02,1.017148586e+02,7.392521316e+01,2.765773103e+01,1.319144318e-01
1466,3.665000000e-02,3.355619710e-02,1.018158639e+02,7.395358259e+01,2.773004351e+01,1.322378496e-01
1467,3.667500000e-02,3.359974051e-02,1.019168392e+02,7.398179652e+01,2.780248091e+01,1.325617148e-01
1468,3.670000000e-02,3.364332055e-02,1.020177841e+02,7.400986177e+01,2.787503631e+01,1.328859814e-01
1469,3.672500000e-02,3.368693477e-02,1.021186985e+02,7.403778188e+01,2.794770606e+01,1.332105745e-01
1470,3.675000000e-02,3.373058240e-02,1.022195824e+02,7.406553947e+01,2.802050737e+01,1.335355132e-01
1471,3.677500000e-02,3.377427038e-02,1.023204354e+02,7.409313050e+01,2.809344385e+01,1.338610653e-01
1472,3.680000000e-02,3.381799878e-02,1.024212575e+02,7.412055096e+01,2.816651931e+01,1.341872340e-01
1473,3.682500000e-02,3.386176865e-02,1.025220484e+02,7.414780996e+01,2.823972442e+01,1.345140489e-01
1474,3.685000000e-02,3.390557570e-02,1.026228080e+02,7.417492072e+01,2.831304593e+01,1.348413764e-01
1475,3.687500000e-02,3.394941547e-02,1.027235361e+02,7.420189338e+01,2.838647364e+01,1.351690968e-01
1476,3.690000000e-02,3.399328478e-02,1.028242326e+02,7.422874209e+01,2.845999336e+01,1.354971066e-01
1477,3.692500000e-02,3.403717906e-02,1.029248972e+02,7.425547764e+01,2.853359426e+01,1.358253014e-01
1478,3.695000000e-02,3.408109521e-02,1.030255299e+02,7.428211262e+01,2.860726372e+01,1.361535946e-01
1479,3.697500000e-02,3.412502926e-02,1.031261307e+02,7.430864586e+01,2.868100290e+01,1.364819048e-01
1480,3.700000000e-02,3.416898226e-02,1.032266993e+02,7.433507051e+01,2.875481852e+01,1.368102571e-01
1481,3.702500000e-02,3.421295698e-02,1.033272357e+02,7.436137766e+01,2.882871938e+01,1.371386668e-01
1482,3.705000000e-02,3.425695669e-02,1.034277398e+02,7.438755521e+01,2.890271738e+01,1.374672302e-01
1483,3.707500000e-02,3.430098543e-02,1.035282115e+02,7.441359065e+01,2.897682477e+01,1.377960768e-01
1484,3.710000000e-02,3.434504709e-02,1.036286506e+02,7.443946811e+01,2.905105723e+01,1.381252584e-01
1485,3.712500000e-02,3.438914740e-02,1.037290570e+02,7.446519023e+01,2.912541171e+01,1.384550210e-01
1486,3.715000000e-02,3.443328318e-02,1.038294304e+02,7.449076882e+01,2.919987635e+01,1.387852666e-01
1487,3.717500000e-02,3.447744987e-02,1.039297708e+02,7.451621553e+01,2.927443945e+01,1.391158628e-01
1488,3.720000000e-02,3.452164358e-02,1.040300781e+02,7.454153325e+01,2.934909812e+01,1.394466868e-01
1489,3.722500000e-02,3.456586417e-02,1.041303519e+02,7.456670963e+01,2.942386456e+01,1.397777521e-01
1490,3.725000000e-02,3.461011667e-02,1.042305924e+02,7.459171738e+01,2.949876578e+01,1.401092067e-01
1491,3.727500000e-02,3.465441090e-02,1.043307991e+02,7.461655414e+01,2.957380383e+01,1.404411781e-01
1492,3.730000000e-02,3.469874539e-02,1.044309721e+02,7.464121979e+01,2.964897868e+01,1.407736490e-01
1493,3.732500000e-02,3.474312012e-02,1.045311111e+02,7.466571726e+01,2.972428724e+01,1.411066047e-01
1494,3.735000000e-02,3.478753411e-02,1.046312159e+02,7.469004454e+01,2.979973131e+01,1.414400552e-01
1495,3.737500000e-02,3.483198813e-02,1.047312864e+02,7.471420950e+01,2.987530283e+01,1.417740222e-01
1496,3.740000000e-02,3.487647886e-02,1.048313223e+02,7.473821615e+01,2.995099768e+01,1.421084260e-01
1497,3.742500000e-02,3.492100553e-02,1.049313235e+02,7.476206973e+01,3.002681052e+01,1.424432213e-01
1498,3.745000000e-02,3.496556634e-02,1.050312898e+02,7.478578539e+01,3.010272606e+01,1.427783526e-01
1499,3.747500000e-02,3.501015575e-02,1.051312211e+02,7.480936348e+01,3.017874393e+01,1.431137164e-01
1500,3.750000000e-02,3.505477476e-02,1.052311173e+02,7.483279280e+01,3.025487514e+01,1.434493658e-01
1501,3.752500000e-02,3.509942815e-02,1.053309782e+02,7.485606971e+01,3.033112297e+01,1.437855063e-01
1502,3.755000000e-02,3.514411566e-02,1.054308036e+02,7.487918590e+01,3.040749556e+01,1.441221510e-01
1503,3.757500000e-02,3.518884036e-02,1.055305934e+02,7.490214228e+01,3.048399177e+01,1.444593878e-01
1504,3.760000000e-02,3.523360027e-02,1.056303475e+02,7.492494542e+01,3.056060494e+01,1.447971242e-01
1505,3.762500000e-02,3.527839292e-02,1.057300656e+02,7.494760922e+01,3.063732113e+01,1.451352414e-01
1506,3.765000000e-02,3.532321360e-02,1.058297476e+02,7.497014556e+01,3.071412843e+01,1.454736172e-01
1507,3.767500000e-02,3.536805879e-02,1.059293934e+02,7.499256698e+01,3.079101430e+01,1.458121439e-01
1508,3.770000000e-02,3.541292476e-02,1.060290029e+02,7.501487599e+01,3.086797620e+01,1.461507216e-01
1509,3.772500000e-02,3.545781176e-02,1.061285760e+02,7.503707505e+01,3.094501160e+01,1.464893087e-01
1510,3.775000000e-02,3.550271941e-02,1.062281125e+02,7.505916158e+01,3.102212299e+01,1.468279251e-01
1511,3.777500000e-02,3.554764890e-02,1.063276124e+02,7.508113026e+01,3.109931553e+01,1.471666132e-01
1512,3.780000000e-02,3.559260202e-02,1.064270756e+02,7.510296118e+01,3.117660894e+01,1.475054599e-01
1513,3.782500000e-02,3.563758597e-02,1.065265019e+02,7.512465365e+01,3.125400362e+01,1.478446263e-01
1514,3.785000000e-02,3.568259914e-02,1.066258912e+02,7.514621071e+01,3.133149645e+01,1.481840705e-01
1515,3.787500000e-02,3.572764044e-02,1.067252435e+02,7.516762382e+01,3.140909584e+01,1.485237942e-01
1516,3.790000000e-02,3.577271337e-02,1.068245584e+02,7.518889307e+01,3.148680139e+01,1.488639571e-01
1517,3.792500000e-02,3.581781615e-02,1.069238360e+02,7.521003040e+01,3.156460114e+01,1.492044483e-01
1518,3.795000000e-02,3.586294450e-02,1.070230760e+02,7.523103677e+01,3.164249412e+01,1.495451436e-01
1519,3.797500000e-02,3.590809889e-02,1.071222784e+02,7.525189039e+01,3.172050201e+01,1.498860291e-01
1520,3.800000000e-02,3.595328861e-02,1.072214430e+02,7.527257068e+01,3.179864508e+01,1.502272832e-01
1521,3.802500000e-02,3.599852004e-02,1.073205697e+02,7.529307367e+01,3.187692693e+01,1.505690930e-01
1522,3.805000000e-02,3.604379244e-02,1.074196582e+02,7.531340628e+01,3.195534048e+01,1.509114510e-01
1523,3.807500000e-02,3.608910288e-02,1.075187084e+02,7.533357966e+01,3.203387446e+01,1.512543053e-01
1524,3.810000000e-02,3.613444737e-02,1.076177202e+02,7.535358961e+01,3.211253298e+01,1.515975714e-01
1525,3.812500000e-02,3.617982868e-02,1.077166932e+02,7.537343777e+01,3.219131414e+01,1.519413435e-01
1526,3.815000000e-02,3.622524532e-02,1.078156275e+02,7.539312219e+01,3.227021978e+01,1.522855704e-01
1527,3.817500000e-02,3.627069853e-02,1.079145229e+02,7.541265227e+01,3.234924035e+01,1.526302370e-01
1528,3.820000000e-02,3.631618418e-02,1.080133791e+02,7.543203703e+01,3.242836677e+01,1.529752574e-01
1529,3.822500000e-02,3.636169957e-02,1.081121960e+02,7.545128260e+01,3.250759284e+01,1.533205450e-01
1530,3.825000000e-02,3.640724309e-02,1.082109735e+02,7.547039659e+01,3.258691085e+01,1.536660882e-01
1531,3.827500000e-02,3.645281217e-02,1.083097115e+02,7.548937001e+01,3.266632966e+01,1.540118444e-01
1532,3.830000000e-02,3.649841098e-02,1.084084099e+02,7.550819505e+01,3.274585682e+01,1.543579992e-01
1533,3.832500000e-02,3.654404133e-02,1.085070684e+02,7.552685426e+01,3.282550958e+01,1.547045943e-01
1534,3.835000000e-02,3.658970950e-02,1.086056870e+02,7.554534995e+01,3.290528533e+01,1.550517594e-01
1535,3.837500000e-02,3.663541257e-02,1.087042655e+02,7.556369312e+01,3.298517305e+01,1.553993783e-01
1536,3.840000000e-02,3.668114657e-02,1.088028038e+02,7.558189639e+01,3.306516008e+01,1.557473205e-01
1537,3.842500000e-02,3.672690746e-02,1.089013016e+02,7.559997030e+01,3.314523587e+01,1.560954667e-01
1538,3.845000000e-02,3.677269229e-02,1.089997590e+02,7.561792942e+01,3.322538583e+01,1.564437164e-01
1539,3.847500000e-02,3.681849653e-02,1.090981757e+02,7.563577945e+01,3.330560425e+01,1.567919645e-01
1540,3.850000000e-02,3.686431927e-02,1.091965516e+02,7.565351672e+01,3.338589472e+01,1.571402013e-01
1541,3.852500000e-02,3.691016239e-02,1.092948868e+02,7.567112803e+01,3.346627028e+01,1.574884855e-01
1542,3.855000000e-02,3.695603082e-02,1.093931810e+02,7.568860513e+01,3.354673897e+01,1.578369445e-01
1543,3.857500000e-02,3.700192621e-02,1.094914343e+02,7.570594431e+01,3.362730437e+01,1.581855868e-01
1544,3.860000000e-02,3.704784958e-02,1.095896463e+02,7.572314922e+01,3.370796268e+01,1.585344316e-01
1545,3.862500000e-02,3.709379928e-02,1.096878171e+02,7.574022960e+01,3.378870410e+01,1.588834323e-01
1546,3.865000000e-02,3.713977179e-02,1.097859465e+02,7.575718833e+01,3.386952572e+01,1.592324838e-01
1547,3.867500000e-02,3.718576709e-02,1.098840344e+02,7.577401416e+01,3.395043864e+01,1.595816314e-01
1548,3.870000000e-02,3.723178965e-02,1.099820807e+02,7.579070193e+01,3.403144778e+01,1.599310352e-01
1549,3.872500000e-02,3.727783981e-02,1.100800853e+02,7.580724446e+01,3.411256022e+01,1.602806341e-01
1550,3.875000000e-02,3.732392052e-02,1.101780480e+02,7.582363236e+01,3.419378522e+01,1.606304426e-01
1551,3.877500000e-02,3.737003490e-02,1.102759687e+02,7.583985031e+01,3.427513785e+01,1.609805845e-01
1552,3.880000000e-02,3.741618782e-02,1.103738473e+02,7.585589010e+01,3.435662599e+01,1.613312167e-01
1553,3.882500000e-02,3.746238087e-02,1.104716835e+02,7.587175854e+01,3.443824261e+01,1.616823956e-01
1554,3.885000000e-02,3.750861042e-02,1.105694773e+02,7.588746667e+01,3.451997662e+01,1.620340117e-01
1555,3.887500000e-02,3.755487286e-02,1.106672284e+02,7.590301076e+01,3.460183168e+01,1.623859566e-01
1556,3.890000000e-02,3.760117062e-02,1.107649367e+02,7.591837446e+01,3.468382396e+01,1.627382584e-01
1557,3.892500000e-02,3.764751001e-02,1.108626020e+02,7.593355948e+01,3.476595151e+01,1.630910009e-01
1558,3.895000000e-02,3.769388840e-02,1.109602242e+02,7.594858558e+01,3.484819448e+01,1.634441014e-01
1559,3.897500000e-02,3.774029865e-02,1.110578030e+02,7.596346131e+01,3.493054429e+01,1.637974120e-01
1560,3.900000000e-02,3.778673875e-02,1.111553384e+02,7.597819985e+01,3.501298768e+01,1.641508976e-01
1561,3.902500000e-02,3.783320435e-02,1.112528302e+02,7.599281591e+01,3.509550989e+01,1.645044523e-01
1562,3.905000000e-02,3.787969083e-02,1.113502784e+02,7.600732046e+01,3.517809996e+01,1.648579571e-01
1563,3.907500000e-02,3.792619519e-02,1.114476827e+02,7.602171023e+01,3.526076118e+01,1.652113198e-01
1564,3.910000000e-02,3.797271999e-02,1.115450432e+02,7.603597368e+01,3.534350488e+01,1.655646465e-01
1565,3.912500000e-02,3.801926950e-02,1.116423597e+02,7.605009421e+01,3.542634743e+01,1.659180668e-01
1566,3.915000000e-02,3.806584911e-02,1.117396321e+02,7.606406382e+01,3.550929662e+01,1.662716757e-01
1567,3.917500000e-02,3.811246040e-02,1.118368603e+02,7.607789359e+01,3.559234122e+01,1.666254890e-01
1568,3.920000000e-02,3.815909822e-02,1.119340441e+02,7.609159860e+01,3.567546617e+01,1.669793760e-01
1569,3.922500000e-02,3.820575742e-02,1.120311835e+02,7.610519400e+01,3.575865633e+01,1.673331977e-01
1570,3.925000000e-02,3.825243334e-02,1.121282784e+02,7.611868270e+01,3.584190883e+01,1.676868244e-01
1571,3.927500000e-02,3.829912639e-02,1.122253285e+02,7.613204766e+01,3.592524064e+01,1.680402452e-01
1572,3.930000000e-02,3.834584377e-02,1.123223340e+02,7.614528050e+01,3.600865989e+01,1.683936224e-01
1573,3.932500000e-02,3.839258725e-02,1.124192947e+02,7.615838708e+01,3.609216057e+01,1.687469999e-01
1574,3.935000000e-02,3.843935388e-02,1.125162103e+02,7.617137922e+01,3.617573082e+01,1.691003043e-01
1575,3.937500000e-02,3.848613968e-02,1.126130810e+02,7.618425598e+01,3.625937161e+01,1.694534225e-01
1576,3.940000000e-02,3.853294633e-02,1.127099065e+02,7.619702518e+01,3.634307498e+01,1.698063908e-01
1577,3.942500000e-02,3.857977043e-02,1.128066869e+02,7.620969841e+01,3.642682933e+01,1.701591349e-01
1578,3.945000000e-02,3.862660811e-02,1.129034219e+02,7.622228127e+01,3.651062911e+01,1.705115487e-01
1579,3.947500000e-02,3.867345806e-02,1.130001116e+02,7.623475508e+01,3.659449300e+01,1.708635606e-01
1580,3.950000000e-02,3.872032899e-02,1.130967559e+02,7.624709927e+01,3.667844118e+01,1.712154957e-01
1581,3.952500000e-02,3.876722655e-02,1.131933547e+02,7.625930654e+01,3.676248081e+01,1.715673950e-01
1582,3.955000000e-02,3.881415179e-02,1.132899079e+02,7.627136775e+01,3.684662083e+01,1.719193554e-01
1583,3.957500000e-02,3.886110713e-02,1.133864154e+02,7.628327572e+01,3.693086822e+01,1.722714483e-01
1584,3.960000000e-02,3.890809439e-02,1.134828770e+02,7.629502300e+01,3.701523030e+01,1.726236780e-01
1585,3.962500000e-02,3.895511594e-02,1.135792926e+02,7.630661317e+01,3.709970330e+01,1.729760862e-01
1586,3.965000000e-02,3.900216975e-02,1.136756620e+02,7.631804234e+01,3.718429105e+01,1.733285862e-01
1587,3.967500000e-02,3.904925831e-02,1.137719851e+02,7.632930633e+01,3.726899760e+01,1.736811878e-01
1588,3.970000000e-02,3.909638271e-02,1.138682618e+02,7.634041596e+01,3.735381195e+01,1.740338981e-01
1589,3.972500000e-02,3.914353820e-02,1.139644919e+02,7.635138575e+01,3.743871953e+01,1.743866379e-01
1590,3.975000000e-02,3.919071982e-02,1.140606753e+02,7.636222631e+01,3.752370970e+01,1.747393139e-01
1591,3.977500000e-02,3.923792464e-02,1.141568119e+02,7.637295292e+01,3.760876712e+01,1.750918789e-01
1592,3.980000000e-02,3.928514773e-02,1.142529016e+02,7.638358188e+01,3.769387548e+01,1.754442179e-01
1593,3.982500000e-02,3.933238413e-02,1.143489443e+02,7.639412343e+01,3.777902463e+01,1.757962098e-01
1594,3.985000000e-02,3.937963134e-02,1.144449399e+02,7.640458859e+01,3.786420355e+01,1.761477663e-01
1595,3.987500000e-02,3.942688637e-02,1.145408885e+02,7.641497204e+01,3.794941762e+01,1.764987994e-01
1596,3.990000000e-02,3.947415254e-02,1.146367899e+02,7.642526977e+01,3.803467077e+01,1.768493405e-01
1597,3.992500000e-02,3.952143129e-02,1.147326441e+02,7.643547217e+01,3.811997248e+01,1.771994839e-01
1598,3.995000000e-02,3.956872624e-02,1.148284512e+02,7.644557291e+01,3.820532885e+01,1.775493923e-01
1599,3.997500000e-02,3.961603824e-02,1.149242109e+02,7.645556489e+01,3.829074688e+01,1.778991021e-01
1600,4.000000000e-02,3.966336936e-02,1.150199232e+02,7.646545635e+01,3.837621825e+01,1.782486322e-01
1601,4.002500000e-02,3.971071557e-02,1.151155882e+02,7.647525665e+01,3.846173364e+01,1.785978762e-01
1602,4.005000000e-02,3.975807416e-02,1.152112056e+02,7.648495808e+01,3.854730077e+01,1.789467403e-01
1603,4.007500000e-02,3.980544931e-02,1.153067755e+02,7.649454733e+01,3.863293279e+01,1.792953428e-01
1604,4.010000000e-02,3.985284537e-02,1.154022977e+02,7.650402109e+01,3.871863278e+01,1.796438324e-01
1605,4.012500000e-02,3.990026240e-02,1.154977722e+02,7.651339230e+01,3.880438776e+01,1.799921751e-01
1606,4.015000000e-02,3.994769538e-02,1.155931990e+02,7.652267840e+01,3.889018030e+01,1.803402710e-01
1607,4.017500000e-02,3.999513862e-02,1.156885779e+02,7.653189567e+01,3.897599418e+01,1.806880147e-01
1608,4.020000000e-02,4.004258725e-02,1.157839089e+02,7.654104913e+01,3.906182443e+01,1.810353108e-01
1609,4.022500000e-02,4.009004090e-02,1.158791920e+02,7.655013595e+01,3.914767384e+01,1.813821904e-01
1610,4.025000000e-02,4.013750076e-02,1.159744272e+02,7.655915656e+01,3.923354193e+01,1.817286708e-01
1611,4.027500000e-02,4.018496641e-02,1.160696144e+02,7.656810229e+01,3.931943738e+01,1.820747210e-01
1612,4.030000000e-02,4.023244220e-02,1.161647536e+02,7.657696972e+01,3.940536355e+01,1.824203726e-01
1613,4.032500000e-02,4.027992859e-02,1.162598449e+02,7.658572889e+01,3.949135027e+01,1.827657190e-01
1614,4.035000000e-02,4.032743710e-02,1.163548881e+02,7.659436423e+01,3.957741259e+01,1.831112270e-01
1615,4.037500000e-02,4.037496965e-02,1.164498831e+02,7.660286073e+01,3.966356536e+01,1.834569778e-01
1616,4.040000000e-02,4.042253086e-02,1.165448298e+02,7.661121935e+01,3.974980750e+01,1.838029818e-01
1617,4.042500000e-02,4.047011908e-02,1.166397282e+02,7.661944694e+01,3.983613205e+01,1.841492262e-01
1618,4.045000000e-02,4.051773163e-02,1.167345781e+02,7.662752343e+01,3.992255905e+01,1.844956468e-01
1619,4.047500000e-02,4.056537796e-02,1.168293795e+02,7.663544821e+01,4.000908876e+01,1.848424836e-01
1620,4.050000000e-02,4.061305513e-02,1.169241321e+02,7.664323812e+01,4.009570419e+01,1.851897468e-01
1621,4.052500000e-02,4.066075627e-02,1.170188358e+02,7.665090693e+01,4.018239159e+01,1.855373082e-01
1622,4.055000000e-02,4.070847753e-02,1.171134907e+02,7.665846389e+01,4.026914166e+01,1.858851127e-01
1623,4.057500000e-02,4.075621663e-02,1.172080965e+02,7.666591620e+01,4.035594714e+01,1.862331515e-01
1624,4.060000000e-02,4.080397156e-02,1.173026532e+02,7.667327185e+01,4.044279995e+01,1.865814229e-01
1625,4.062500000e-02,4.085173951e-02,1.173971608e+02,7.668053316e+01,4.052969777e+01,1.869298748e-01
1626,4.065000000e-02,4.089951964e-02,1.174916192e+02,7.668769779e+01,4.061664293e+01,1.872784551e-01
1627,4.067500000e-02,4.094731375e-02,1.175860283e+02,7.669477044e+01,4.070363072e+01,1.876271325e-01
1628,4.070000000e-02,4.099511990e-02,1.176803881e+02,7.670175420e+01,4.079065801e+01,1.879758610e-01
1629,4.072500000e-02,4.104293679e-02,1.177746985e+02,7.670864480e+01,4.087772910e+01,1.883245829e-01
1630,4.075000000e-02,4.109076697e-02,1.178689595e+02,7.671544264e+01,4.096484340e+01,1.886734386e-01
1631,4.077500000e-02,4.113860922e-02,1.179631710e+02,7.672214227e+01,4.105200633e+01,1.890223931e-01
1632,4.080000000e-02,4.118646611e-02,1.180573330e+02,7.672872766e+01,4.113923379e+01,1.893715239e-01
1633,4.082500000e-02,4.123434244e-02,1.181514454e+02,7.673519227e+01,4.122653212e+01,1.897209546e-01
1634,4.085000000e-02,4.128223909e-02,1.182455080e+02,7.674152047e+01,4.131391694e+01,1.900706295e-01
1635,4.087500000e-02,4.133016216e-02,1.183395210e+02,7.674769205e+01,4.140140822e+01,1.904206789e-01
1636,4.090000000e-02,4.137811751e-02,1.184334840e+02,7.675369824e+01,4.148901446e+01,1.907712533e-01
1637,4.092500000e-02,4.142610660e-02,1.185273969e+02,7.675954697e+01,4.157672758e+01,1.911223825e-01
1638,4.095000000e-02,4.147412525e-02,1.186212597e+02,7.676525371e+01,4.166453206e+01,1.914739562e-01
1639,4.097500000e-02,4.152216811e-02,1.187150722e+02,7.677083325e+01,4.175241315e+01,1.918258344e-01
1640,4.100000000e-02,4.157023097e-02,1.188088343e+02,7.677630207e+01,4.184035438e+01,1.921778856e-01
1641,4.102500000e-02,4.161830902e-02,1.189025460e+02,7.678166751e+01,4.192834846e+01,1.925299887e-01
1642,4.105000000e-02,4.166640110e-02,1.189962070e+02,7.678693658e+01,4.201638838e+01,1.928820716e-01
1643,4.107500000e-02,4.171450549e-02,1.190898175e+02,7.679209783e+01,4.210448556e+01,1.932341076e-01
1644,4.110000000e-02,4.176262774e-02,1.191833773e+02,7.679714387e+01,4.219264722e+01,1.935861994e-01
1645,4.112500000e-02,4.181076920e-02,1.192768863e+02,7.680207500e+01,4.228087296e+01,1.939383720e-01
1646,4.115000000e-02,4.185892903e-02,1.193703445e+02,7.680688608e+01,4.236916785e+01,1.942906097e-01
1647,4.117500000e-02,4.190710965e-02,1.194637519e+02,7.681154503e+01,4.245756383e+01,1.946429942e-01
1648,4.120000000e-02,4.195532362e-02,1.195571082e+02,7.681603837e+01,4.254607379e+01,1.949959924e-01
1649,4.122500000e-02,4.200357138e-02,1.196504133e+02,7.682035962e+01,4.263470413e+01,1.953495629e-01
1650,4.125000000e-02,4.205185416e-02,1.197436672e+02,7.682449688e+01,4.272346664e+01,1.957036555e-01
1651,4.127500000e-02,4.210017679e-02,1.198368696e+02,7.682844518e+01,4.281236612e+01,1.960583077e-01
1652,4.130000000e-02,4.214853999e-02,1.199300204e+02,7.683221667e+01,4.290139021e+01,1.964135705e-01
1653,4.132500000e-02,4.219693759e-02,1.200231195e+02,7.683582225e+01,4.299052794e+01,1.967693307e-01
1654,4.135000000e-02,4.224536679e-02,1.201161667e+02,7.683926577e+01,4.307977534e+01,1.971255705e-01
1655,4.137500000e-02,4.229382636e-02,1.202091618e+02,7.684255745e+01,4.316912210e+01,1.974822515e-01
1656,4.140000000e-02,4.234231244e-02,1.203021048e+02,7.684570603e+01,4.325855948e+01,1.978392449e-01
1657,4.142500000e-02,4.239082269e-02,1.203949954e+02,7.684871348e+01,4.334808552e+01,1.981964273e-01
1658,4.145000000e-02,4.243935801e-02,1.204878337e+02,7.685158147e+01,4.343769848e+01,1.985537582e-01
1659,4.147500000e-02,4.248791831e-02,1.205806195e+02,7.685431928e+01,4.352738901e+01,1.989111990e-01
1660,4.150000000e-02,4.253650033e-02,1.206733527e+02,7.685694403e+01,4.361713998e+01,1.992686570e-01
1661,4.152500000e-02,4.258509841e-02,1.207660332e+02,7.685947224e+01,4.370693491e+01,1.996260227e-01
1662,4.155000000e-02,4.263370771e-02,1.208586609e+02,7.686191832e+01,4.379675943e+01,1.999831900e-01
1663,4.157500000e-02,4.268232423e-02,1.209512359e+02,7.686429103e+01,4.388660481e+01,2.003400644e-01
1664,4.160000000e-02,4.273094614e-02,1.210437581e+02,7.686658599e+01,4.397647546e+01,2.006966063e-01
1665,4.162500000e-02,4.277957630e-02,1.211362274e+02,7.686879018e+01,4.406638424e+01,2.010529480e-01
1666,4.165000000e-02,4.282821939e-02,1.212286438e+02,7.687088891e+01,4.415634573e+01,2.014091607e-01
1667,4.167500000e-02,4.287688021e-02,1.213210073e+02,7.687286851e+01,4.424637333e+01,2.017654584e-01
1668,4.170000000e-02,4.292556156e-02,1.214133178e+02,7.687470443e+01,4.433649148e+01,2.021218655e-01
1669,4.172500000e-02,4.297427209e-02,1.215055752e+02,7.687638989e+01,4.442670665e+01,2.024786221e-01
1670,4.175000000e-02,4.302301129e-02,1.215977793e+02,7.687792456e+01,4.451701904e+01,2.028357194e-01
1671,4.177500000e-02,4.307177854e-02,1.216899302e+02,7.687931695e+01,4.460742007e+01,2.031931463e-01
1672,4.180000000e-02,4.312057007e-02,1.217820276e+02,7.688058138e+01,4.469789538e+01,2.035507964e-01
1673,4.182500000e-02,4.316938105e-02,1.218740714e+02,7.688173219e+01,4.478843068e+01,2.039085341e-01
1674,4.185000000e-02,4.321820747e-02,1.219660616e+02,7.688277598e+01,4.487901941e+01,2.042662340e-01
1675,4.187500000e-02,4.326704821e-02,1.220579982e+02,7.688372542e+01,4.496964892e+01,2.046238258e-01
1676,4.190000000e-02,4.331589925e-02,1.221498810e+02,7.688457987e+01,4.506031988e+01,2.049812116e-01
1677,4.192500000e-02,4.336476292e-02,1.222417100e+02,7.688533914e+01,4.515103244e+01,2.053383719e-01
1678,4.195000000e-02,4.341363910e-02,1.223334851e+02,7.688599873e+01,4.524179107e+01,2.056953055e-01
1679,4.197500000e-02,4.346252967e-02,1.224252064e+02,7.688655054e+01,4.533260378e+01,2.060520584e-01
1680,4.200000000e-02,4.351143759e-02,1.225168737e+02,7.688699344e+01,4.542347150e+01,2.064087364e-01
1681,4.202500000e-02,4.356036197e-02,1.226084870e+02,7.688733000e+01,4.551439166e+01,2.067652993e-01
1682,4.205000000e-02,4.360930197e-02,1.227000462e+02,7.688752100e+01,4.560540342e+01,2.071217431e-01
1683,4.207500000e-02,4.365827424e-02,1.227915512e+02,7.688752297e+01,4.569654965e+01,2.074785680e-01
1684,4.210000000e-02,4.370729065e-02,1.228830019e+02,7.688732533e+01,4.578784053e+01,2.078360608e-01
1685,4.212500000e-02,4.375635025e-02,1.229743982e+02,7.688693772e+01,4.587926629e+01,2.081941734e-01
1686,4.215000000e-02,4.380544802e-02,1.230657398e+02,7.688637780e+01,4.597080922e+01,2.085527744e-01
1687,4.217500000e-02,4.385457776e-02,1.231570266e+02,7.688566080e+01,4.606245411e+01,2.089117186e-01
1688,4.220000000e-02,4.390373538e-02,1.232482585e+02,7.688479503e+01,4.615419258e+01,2.092709215e-01
1689,4.222500000e-02,4.395291950e-02,1.233394354e+02,7.688378097e+01,4.624602407e+01,2.096303792e-01
1690,4.225000000e-02,4.400213033e-02,1.234305572e+02,7.688262925e+01,4.633793786e+01,2.099900440e-01
1691,4.227500000e-02,4.405136451e-02,1.235216236e+02,7.688135505e+01,4.642991878e+01,2.103498086e-01
1692,4.230000000e-02,4.410061748e-02,1.236126348e+02,7.687997253e+01,4.652195270e+01,2.107095530e-01
1693,4.232500000e-02,4.414988530e-02,1.237035905e+02,7.687849836e+01,4.661402298e+01,2.110691787e-01
1694,4.235000000e-02,4.419916275e-02,1.237944908e+02,7.687694198e+01,4.670612024e+01,2.114285843e-01
1695,4.237500000e-02,4.424844772e-02,1.238853356e+02,7.687530489e+01,4.679824298e+01,2.117877161e-01
1696,4.240000000e-02,4.429774074e-02,1.239761248e+02,7.687359274e+01,4.689038550e+01,2.121465956e-01
1697,4.242500000e-02,4.434703941e-02,1.240668585e+02,7.687181075e+01,4.698254262e+01,2.125051611e-01
1698,4.245000000e-02,4.439634271e-02,1.241575367e+02,7.686996521e+01,4.707470809e+01,2.128633549e-01
1699,4.247500000e-02,4.444564906e-02,1.242481592e+02,7.686806410e+01,4.716687396e+01,2.132211297e-01
1700,4.250000000e-02,4.449495610e-02,1.243387261e+02,7.686610806e+01,4.725903964e+01,2.135784279e-01
1701,4.252500000e-02,4.454426443e-02,1.244292375e+02,7.686407453e+01,4.735122768e+01,2.139352619e-01
1702,4.255000000e-02,4.459358314e-02,1.245196932e+02,7.686193778e+01,4.744346351e+01,2.142919401e-01
1703,4.257500000e-02,4.464291885e-02,1.246100933e+02,7.685967094e+01,4.753577376e+01,2.146486241e-01
1704,4.260000000e-02,4.469227997e-02,1.247004377e+02,7.685725602e+01,4.762817610e+01,2.150055915e-01
1705,4.262500000e-02,4.474166959e-02,1.247907263e+02,7.685469764e+01,4.772066574e+01,2.153628877e-01
1706,4.265000000e-02,4.479108357e-02,1.248809589e+02,7.685201273e+01,4.781322581e+01,2.157203664e-01
1707,4.267500000e-02,4.484051611e-02,1.249711355e+02,7.684920620e+01,4.790585148e+01,2.160778631e-01
1708,4.270000000e-02,4.488996733e-02,1.250612561e+02,7.684628417e+01,4.799853658e+01,2.164353368e-01
1709,4.272500000e-02,4.493943529e-02,1.251513204e+02,7.684325652e+01,4.809127118e+01,2.167927483e-01
1710,4.275000000e-02,4.498891704e-02,1.252413286e+02,7.684011955e+01,4.818405903e+01,2.171500052e-01
1711,4.277500000e-02,4.503841593e-02,1.253312804e+02,7.683687989e+01,4.827689344e+01,2.175071064e-01
1712,4.280000000e-02,4.508792880e-02,1.254211759e+02,7.683352421e+01,4.836978770e+01,2.178640200e-01
1713,4.282500000e-02,4.513746222e-02,1.255110150e+02,7.683004886e+01,4.846274517e+01,2.182209897e-01
1714,4.285000000e-02,4.518701528e-02,1.256007976e+02,7.682645757e+01,4.855576203e+01,2.185780258e-01
1715,4.287500000e-02,4.523658587e-02,1.256905237e+02,7.682275837e+01,4.864883027e+01,2.189350451e-01
1716,4.290000000e-02,4.528617118e-02,1.257801931e+02,7.681895119e+01,4.874194997e+01,2.192919540e-01
1717,4.292500000e-02,4.533577289e-02,1.258698059e+02,7.681503131e+01,4.883512583e+01,2.196487207e-01
1718,4.295000000e-02,4.538539316e-02,1.259593619e+02,7.681099309e+01,4.892836344e+01,2.200053552e-01
1719,4.297500000e-02,4.543503376e-02,1.260488611e+02,7.680681107e+01,4.902168806e+01,2.203619465e-01
1720,4.300000000e-02,4.548470426e-02,1.261383034e+02,7.680247828e+01,4.911510621e+01,2.207188985e-01
1721,4.302500000e-02,4.553440225e-02,1.262276887e+02,7.679800163e+01,4.920861097e+01,2.210761030e-01
1722,4.305000000e-02,4.558412485e-02,1.263170169e+02,7.679338685e+01,4.930219658e+01,2.214334588e-01
1723,4.307500000e-02,4.563387072e-02,1.264062879e+02,7.678864291e+01,4.939585409e+01,2.217908867e-01
1724,4.310000000e-02,4.568363757e-02,1.264955016e+02,7.678378654e+01,4.948956676e+01,2.221482938e-01
1725,4.312500000e-02,4.573342004e-02,1.265846579e+02,7.677882117e+01,4.958333118e+01,2.225055694e-01
1726,4.315000000e-02,4.578321911e-02,1.266737568e+02,7.677374791e+01,4.967714616e+01,2.228627609e-01
1727,4.317500000e-02,4.583303426e-02,1.267627982e+02,7.676857270e+01,4.977100569e+01,2.232198640e-01
1728,4.320000000e-02,4.588286330e-02,1.268517821e+02,7.676330747e+01,4.986489782e+01,2.235768258e-01
1729,4.322500000e-02,4.593270160e-02,1.269407084e+02,7.675796604e+01,4.995880884e+01,2.239335411e-01
1730,4.325000000e-02,4.598254532e-02,1.270295771e+02,7.675256178e+01,5.005272540e+01,2.242899064e-01
1731,4.327500000e-02,4.603239085e-02,1.271183881e+02,7.674710018e+01,5.014664212e+01,2.246458318e-01
1732,4.330000000e-02,4.608223766e-02,1.272071415e+02,7.674157867e+01,5.024056161e+01,2.250012593e-01
1733,4.332500000e-02,4.613208758e-02,1.272958373e+02,7.673599616e+01,5.033448492e+01,2.253562342e-01
1734,4.335000000e-02,4.618194048e-02,1.273844755e+02,7.673035633e+01,5.042840834e+01,2.257107856e-01
1735,4.337500000e-02,4.623179472e-02,1.274730560e+02,7.672465268e+01,5.052233842e+01,2.260648583e-01
1736,4.340000000e-02,4.628165387e-02,1.275615788e+02,7.671886462e+01,5.061629563e+01,2.264185645e-01
1737,4.342500000e-02,4.633152492e-02,1.276500440e+02,7.671298431e+01,5.071028757e+01,2.267721258e-01
1738,4.345000000e-02,4.638140823e-02,1.277384515e+02,7.670700623e+01,5.080431973e+01,2.271255392e-01
1739,4.347500000e-02,4.643130564e-02,1.278268013e+02,7.670092621e+01,5.089839614e+01,2.274789103e-01
1740,4.350000000e-02,4.648121735e-02,1.279150932e+02,7.669474027e+01,5.099252073e+01,2.278322269e-01
1741,4.352500000e-02,4.653114487e-02,1.280033274e+02,7.668845282e+01,5.108668900e+01,2.281855412e-01
1742,4.355000000e-02,4.658108525e-02,1.280915036e+02,7.668205532e+01,5.118090952e+01,2.285387531e-01
1743,4.357500000e-02,4.663104275e-02,1.281796219e+02,7.667554710e+01,5.127518279e+01,2.288919878e-01
1744,4.360000000e-02,4.668101561e-02,1.282676822e+02,7.666892236e+01,5.136951462e+01,2.292451736e-01
1745,4.362500000e-02,4.673100742e-02,1.283556844e+02,7.666217416e+01,5.146391192e+01,2.295982759e-01
1746,4.365000000e-02,4.678102050e-02,1.284436284e+02,7.665530060e+01,5.155837643e+01,2.299513858e-01
1747,4.367500000e-02,4.683105454e-02,1.285315142e+02,7.664830066e+01,5.165290906e+01,2.303045275e-01
1748,4.370000000e-02,4.688110967e-02,1.286193418e+02,7.664118100e+01,5.174750305e+01,2.306577379e-01
1749,4.372500000e-02,4.693118299e-02,1.287071110e+02,7.663395114e+01,5.184214888e+01,2.310109337e-01
1750,4.375000000e-02,4.698127177e-02,1.287948217e+02,7.662661712e+01,5.193684054e+01,2.313640257e-01
1751,4.377500000e-02,4.703137484e-02,1.288824739e+02,7.661918240e+01,5.203157456e+01,2.317169557e-01
1752,4.380000000e-02,4.708149216e-02,1.289700676e+02,7.661164852e+01,5.212634939e+01,2.320696967e-01
1753,4.382500000e-02,4.713162387e-02,1.290576027e+02,7.660402610e+01,5.222115438e+01,2.324222349e-01
1754,4.385000000e-02,4.718176535e-02,1.291450792e+02,7.659633206e+01,5.231597263e+01,2.327744974e-01
1755,4.387500000e-02,4.723191121e-02,1.292324970e+02,7.658858291e+01,5.241078771e+01,2.331263854e-01
1756,4.390000000e-02,4.728205687e-02,1.293198562e+02,7.658077222e+01,5.250560614e+01,2.334778087e-01
1757,4.392500000e-02,4.733220684e-02,1.294071567e+02,7.657287586e+01,5.260045193e+01,2.338288671e-01
1758,4.395000000e-02,4.738237013e-02,1.294943985e+02,7.656486516e+01,5.269535352e+01,2.341798141e-01
1759,4.397500000e-02,4.743255484e-02,1.295815816e+02,7.655672175e+01,5.279032896e+01,2.345308812e-01
1760,4.400000000e-02,4.748276418e-02,1.296687059e+02,7.654844433e+01,5.288537944e+01,2.348821111e-01
1761,4.402500000e-02,4.753299667e-02,1.297557713e+02,7.654004563e+01,5.298049226e+01,2.352334115e-01
1762,4.405000000e-02,4.758324762e-02,1.298427778e+02,7.653154227e+01,5.307565083e+01,2.355846595e-01
1763,4.407500000e-02,4.763351193e-02,1.299297252e+02,7.652293924e+01,5.317085020e+01,2.359357656e-01
1764,4.410000000e-02,4.768378953e-02,1.300166136e+02,7.651424398e+01,5.326608283e+01,2.362867549e-01
1765,4.412500000e-02,4.773407751e-02,1.301034428e+02,7.650547013e+01,5.336133515e+01,2.366375302e-01
1766,4.415000000e-02,4.778437161e-02,1.301902129e+02,7.649662790e+01,5.345659705e+01,2.369879764e-01
1767,4.417500000e-02,4.783466994e-02,1.302769239e+02,7.648773029e+01,5.355185557e+01,2.373380153e-01
1768,4.420000000e-02,4.788496839e-02,1.303635757e+02,7.647879103e+01,5.364709707e+01,2.376875616e-01
1769,4.422500000e-02,4.793526312e-02,1.304501683e+02,7.646980784e+01,5.374232392e+01,2.380365360e-01
1770,4.425000000e-02,4.798555716e-02,1.305367018e+02,7.646075987e+01,5.383755689e+01,2.383850429e-01
1771,4.427500000e-02,4.803585781e-02,1.306231762e+02,7.645162966e+01,5.393281322e+01,2.387333028e-01
1772,4.430000000e-02,4.808616859e-02,1.307095914e+02,7.644240641e+01,5.402810366e+01,2.390813612e-01
1773,4.432500000e-02,4.813649216e-02,1.307959475e+02,7.643308948e+01,5.412342874e+01,2.394292775e-01
1774,4.435000000e-02,4.818682747e-02,1.308822443e+02,7.642368805e+01,5.421877925e+01,2.397770412e-01
1775,4.437500000e-02,4.823717079e-02,1.309684820e+02,7.641421617e+01,5.431414123e+01,2.401245460e-01
1776,4.440000000e-02,4.828751777e-02,1.310546603e+02,7.640467896e+01,5.440950966e+01,2.404716784e-01
1777,4.442500000e-02,4.833786845e-02,1.311407794e+02,7.639507524e+01,5.450488563e+01,2.408184769e-01
1778,4.445000000e-02,4.838822331e-02,1.312268391e+02,7.638539568e+01,5.460027851e+01,2.411649447e-01
1779,4.447500000e-02,4.843858623e-02,1.313128396e+02,7.637563550e+01,5.469569296e+01,2.415111524e-01
1780,4.450000000e-02,4.848895796e-02,1.313987808e+02,7.636578630e+01,5.479113739e+01,2.418570798e-01
1781,4.452500000e-02,4.853934242e-02,1.314846626e+02,7.635582695e+01,5.488663284e+01,2.422027933e-01
1782,4.455000000e-02,4.858974706e-02,1.315704850e+02,7.634574824e+01,5.498218820e+01,2.425485635e-01
1783,4.457500000e-02,4.864017189e-02,1.316562480e+02,7.633555084e+01,5.507780273e+01,2.428944032e-01
1784,4.460000000e-02,4.869061564e-02,1.317419514e+02,7.632524198e+01,5.517346915e+01,2.432402891e-01
1785,4.462500000e-02,4.874107589e-02,1.318275953e+02,7.631482284e+01,5.526918627e+01,2.435861592e-01
1786,4.465000000e-02,4.879155283e-02,1.319131795e+02,7.630429636e+01,5.536495108e+01,2.439320388e-01
1787,4.467500000e-02,4.884204486e-02,1.319987040e+02,7.629366566e+01,5.546076049e+01,2.442778507e-01
1788,4.470000000e-02,4.889255196e-02,1.320841688e+02,7.628293413e+01,5.555661109e+01,2.446235474e-01
1789,4.472500000e-02,4.894307309e-02,1.321695737e+02,7.627210988e+01,5.565249478e+01,2.449690760e-01
1790,4.475000000e-02,4.899360550e-02,1.322549189e+02,7.626120790e+01,5.574839660e+01,2.453143765e-01
1791,4.477500000e-02,4.904414380e-02,1.323402041e+02,7.625024419e+01,5.584430061e+01,2.456593414e-01
1792,4.480000000e-02,4.909468354e-02,1.324254295e+02,7.623922144e+01,5.594020423e+01,2.460038657e-01
1793,4.482500000e-02,4.914522597e-02,1.325105950e+02,7.622814161e+01,5.603610551e+01,2.463479247e-01
1794,4.485000000e-02,4.919577096e-02,1.325957007e+02,7.621700812e+01,5.613200104e+01,2.466915299e-01
1795,4.487500000e-02,4.924631757e-02,1.326807465e+02,7.620580897e+01,5.622790281e+01,2.470346727e-01
1796,4.490000000e-02,4.929687132e-02,1.327657324e+02,7.619453062e+01,5.632382422e+01,2.473775162e-01
1797,4.492500000e-02,4.934743578e-02,1.328506584e+02,7.618315455e+01,5.641978366e+01,2.477201513e-01
1798,4.495000000e-02,4.939801736e-02,1.329355245e+02,7.617167080e+01,5.651579084e+01,2.480628180e-01
1799,4.497500000e-02,4.944861585e-02,1.330203306e+02,7.616008373e+01,5.661184136e+01,2.484055002e-01
1800,4.500000000e-02,4.949922820e-02,1.331050767e+02,7.614840838e+01,5.670792025e+01,2.487480787e-01
1801,4.502500000e-02,4.954984938e-02,1.331897628e+02,7.613666189e+01,5.680401045e+01,2.490904253e-01
1802,4.505000000e-02,4.960047441e-02,1.332743888e+02,7.612484299e+01,5.690011335e+01,2.494324204e-01
1803,4.507500000e-02,4.965110674e-02,1.333589547e+02,7.611295287e+01,5.699622762e+01,2.497741535e-01
1804,4.510000000e-02,4.970174451e-02,1.334434604e+02,7.610099551e+01,5.709234935e+01,2.501155817e-01
1805,4.512500000e-02,4.975238666e-02,1.335279061e+02,7.608897786e+01,5.718847161e+01,2.504566562e-01
1806,4.515000000e-02,4.980303090e-02,1.336122917e+02,7.607689798e+01,5.728459639e+01,2.507973187e-01
1807,4.517500000e-02,4.985367934e-02,1.336966171e+02,7.606474654e+01,5.738073297e+01,2.511376297e-01
1808,4.520000000e-02,4.990433528e-02,1.337808825e+02,7.605250988e+01,5.747689488e+01,2.514777023e-01
1809,4.522500000e-02,4.995500258e-02,1.338650876e+02,7.604019169e+01,5.757307832e+01,2.518176346e-01
1810,4.525000000e-02,5.000567781e-02,1.339492326e+02,7.602780104e+01,5.766927426e+01,2.521573427e-01
1811,4.527500000e-02,5.005635845e-02,1.340333175e+02,7.601534256e+01,5.776547812e+01,2.524967852e-01
1812,4.530000000e-02,5.010704371e-02,1.341173421e+02,7.600282164e+01,5.786168445e+01,2.528359821e-01
1813,4.532500000e-02,5.015773115e-02,1.342013065e+02,7.599024727e+01,5.795788436e+01,2.531748496e-01
1814,4.535000000e-02,5.020841791e-02,1.342852107e+02,7.597762739e+01,5.805407001e+01,2.535132901e-01
1815,4.537500000e-02,5.025910237e-02,1.343690547e+02,7.596496571e+01,5.815023777e+01,2.538512161e-01
1816,4.540000000e-02,5.030978422e-02,1.344528385e+02,7.595226612e+01,5.824638383e+01,2.541885839e-01
1817,4.542500000e-02,5.036046274e-02,1.345365622e+02,7.593950953e+01,5.834252735e+01,2.545253509e-01
1818,4.545000000e-02,5.041114746e-02,1.346202258e+02,7.592666686e+01,5.843869716e+01,2.548617507e-01
1819,4.547500000e-02,5.046184677e-02,1.347038292e+02,7.591372095e+01,5.853491023e+01,2.551980012e-01
1820,4.550000000e-02,5.051256365e-02,1.347873724e+02,7.590065760e+01,5.863118054e+01,2.555342541e-01
1821,4.552500000e-02,5.056330119e-02,1.348708554e+02,7.588747146e+01,5.872751328e+01,2.558706162e-01
1822,4.555000000e-02,5.061405975e-02,1.349542780e+02,7.587417095e+01,5.882389997e+01,2.562071059e-01
1823,4.557500000e-02,5.066483516e-02,1.350376403e+02,7.586076819e+01,5.892032851e+01,2.565436121e-01
1824,4.560000000e-02,5.071562412e-02,1.351209422e+02,7.584726881e+01,5.901679334e+01,2.568800282e-01
1825,4.562500000e-02,5.076642671e-02,1.352041836e+02,7.583367178e+01,5.911329542e+01,2.572163672e-01
1826,4.565000000e-02,5.081724297e-02,1.352873645e+02,7.581997654e+01,5.920983531e+01,2.575526035e-01
1827,4.567500000e-02,5.086807359e-02,1.353704848e+02,7.580619258e+01,5.930640350e+01,2.578887159e-01
1828,4.570000000e-02,5.091891363e-02,1.354535445e+02,7.579233608e+01,5.940298385e+01,2.582246115e-01
1829,4.572500000e-02,5.096975815e-02,1.355365437e+02,7.577841731e+01,5.949956620e+01,2.585601757e-01
1830,4.575000000e-02,5.102060533e-02,1.356194822e+02,7.576443815e+01,5.959614874e+01,2.588953195e-01
1831,4.577500000e-02,5.107145603e-02,1.357023601e+02,7.575040463e+01,5.969272543e+01,2.592300524e-01
1832,4.580000000e-02,5.112230822e-02,1.357851774e+02,7.573632232e+01,5.978929077e+01,2.595643322e-01
1833,4.582500000e-02,5.117316043e-02,1.358679341e+02,7.572219748e+01,5.988583853e+01,2.598981063e-01
1834,4.585000000e-02,5.122401115e-02,1.359506302e+02,7.570803449e+01,5.998236442e+01,2.602313254e-01
1835,4.587500000e-02,5.127485979e-02,1.360332658e+02,7.569381818e+01,6.007888361e+01,2.605639884e-01
1836,4.590000000e-02,5.132571347e-02,1.361158408e+02,7.567954281e+01,6.017540170e+01,2.608962693e-01
1837,4.592500000e-02,5.137657164e-02,1.361983552e+02,7.566520174e+01,6.027192532e+01,2.612281786e-01
1838,4.595000000e-02,5.142743709e-02,1.362808091e+02,7.565078412e+01,6.036846515e+01,2.615598682e-01
1839,4.597500000e-02,5.147831208e-02,1.363632025e+02,7.563628897e+01,6.046502210e+01,2.618914379e-01
1840,4.600000000e-02,5.152919500e-02,1.364455353e+02,7.562172416e+01,6.056158833e+01,2.622228003e-01
1841,4.602500000e-02,5.158008283e-02,1.365278075e+02,7.560710088e+01,6.065815273e+01,2.625538622e-01
1842,4.605000000e-02,5.163097203e-02,1.366100191e+02,7.559242531e+01,6.075470924e+01,2.628845316e-01
1843,4.607500000e-02,5.168186185e-02,1.366921701e+02,7.557769371e+01,6.085126160e+01,2.632147841e-01
1844,4.610000000e-02,5.173275467e-02,1.367742605e+02,7.556289782e+01,6.094781799e+01,2.635447109e-01
1845,4.612500000e-02,5.178365257e-02,1.368562904e+02,7.554803683e+01,6.104437920e+01,2.638743465e-01
1846,4.615000000e-02,5.183455489e-02,1.369382597e+02,7.553311128e+01,6.114094469e+01,2.642036806e-01
1847,4.617500000e-02,5.188546146e-02,1.370201683e+02,7.551811908e+01,6.123751658e+01,2.645326770e-01
1848,4.620000000e-02,5.193637342e-02,1.371020164e+02,7.550306698e+01,6.133408807e+01,2.648613674e-01
1849,4.622500000e-02,5.198728750e-02,1.371838039e+02,7.548795749e+01,6.143065674e+01,2.651896818e-01
1850,4.625000000e-02,5.203820449e-02,1.372655308e+02,7.547278563e+01,6.152722752e+01,2.655176676e-01
1851,4.627500000e-02,5.208912598e-02,1.373471971e+02,7.545755469e+01,6.162379702e+01,2.658454065e-01
1852,4.630000000e-02,5.214004960e-02,1.374288028e+02,7.544227137e+01,6.172035863e+01,2.661728291e-01
1853,4.632500000e-02,5.219097368e-02,1.375103479e+02,7.542694471e+01,6.181690339e+01,2.664998461e-01
1854,4.635000000e-02,5.224189536e-02,1.375918325e+02,7.541158096e+01,6.191342515e+01,2.668263821e-01
1855,4.637500000e-02,5.229281351e-02,1.376732565e+02,7.539618302e+01,6.200992108e+01,2.671523872e-01
1856,4.640000000e-02,5.234372866e-02,1.377546200e+02,7.538073771e+01,6.210640442e+01,2.674778266e-01
1857,4.642500000e-02,5.239464667e-02,1.378359229e+02,7.536523455e+01,6.220288558e+01,2.678027847e-01
1858,4.645000000e-02,5.244556992e-02,1.379171654e+02,7.534965834e+01,6.229937967e+01,2.681273861e-01
1859,4.647500000e-02,5.249650316e-02,1.379983474e+02,7.533399630e+01,6.239589921e+01,2.684518463e-01
1860,4.650000000e-02,5.254744831e-02,1.380794688e+02,7.531823743e+01,6.249245517e+01,2.687762032e-01
1861,4.652500000e-02,5.259840925e-02,1.381605297e+02,7.530237251e+01,6.258905662e+01,2.691005583e-01
1862,4.655000000e-02,5.264938741e-02,1.382415300e+02,7.528639963e+01,6.268570536e+01,2.694249828e-01
1863,4.657500000e-02,5.270038257e-02,1.383224696e+02,7.527033085e+01,6.278238935e+01,2.697494095e-01
1864,4.660000000e-02,5.275138978e-02,1.384033486e+02,7.525417409e+01,6.287910075e+01,2.700737218e-01
1865,4.662500000e-02,5.280240803e-02,1.384841668e+02,7.523792354e+01,6.297584537e+01,2.703978694e-01
1866,4.665000000e-02,5.285344128e-02,1.385649242e+02,7.522158458e+01,6.307261773e+01,2.707219292e-01
1867,4.667500000e-02,5.290448460e-02,1.386456209e+02,7.520517104e+01,6.316940405e+01,2.710458146e-01
1868,4.670000000e-02,5.295553409e-02,1.387262568e+02,7.518869825e+01,6.326618909e+01,2.713694232e-01
1869,4.672500000e-02,5.300658522e-02,1.388068318e+02,7.517216953e+01,6.336296961e+01,2.716926515e-01
1870,4.675000000e-02,5.305763899e-02,1.388873460e+02,7.515558962e+01,6.345974090e+01,2.720154969e-01
1871,4.677500000e-02,5.310869387e-02,1.389677994e+02,7.513896605e+01,6.355649545e+01,2.723379223e-01
1872,4.680000000e-02,5.315974740e-02,1.390481920e+02,7.512230231e+01,6.365322985e+01,2.726598666e-01
1873,4.682500000e-02,5.321079930e-02,1.391285239e+02,7.510560583e+01,6.374993675e+01,2.729812827e-01
1874,4.685000000e-02,5.326184745e-02,1.392087950e+02,7.508888164e+01,6.384661119e+01,2.733021137e-01
1875,4.687500000e-02,5.331289112e-02,1.392890053e+02,7.507213204e+01,6.394325097e+01,2.736223086e-01
1876,4.690000000e-02,5.336393035e-02,1.393691550e+02,7.505535649e+01,6.403985663e+01,2.739418959e-01
1877,4.692500000e-02,5.341496528e-02,1.394492441e+02,7.503855093e+01,6.413643222e+01,2.742609127e-01
1878,4.695000000e-02,5.346599740e-02,1.395292725e+02,7.502169549e+01,6.423299759e+01,2.745794302e-01
1879,4.697500000e-02,5.351703485e-02,1.396092404e+02,7.500477282e+01,6.432956983e+01,2.748977133e-01
1880,4.700000000e-02,5.356808018e-02,1.396891476e+02,7.498778628e+01,6.442614555e+01,2.752158151e-01
1881,4.702500000e-02,5.361912970e-02,1.397689943e+02,7.497074454e+01,6.452271615e+01,2.755336375e-01
1882,4.705000000e-02,5.367018099e-02,1.398487804e+02,7.495365436e+01,6.461927494e+01,2.758511188e-01
1883,4.707500000e-02,5.372123207e-02,1.399285059e+02,7.493652505e+01,6.471581268e+01,2.761682146e-01
1884,4.710000000e-02,5.377228020e-02,1.400081709e+02,7.491935561e+01,6.481233045e+01,2.764848435e-01
1885,4.712500000e-02,5.382332760e-02,1.400877753e+02,7.490213773e+01,6.490883650e+01,2.768010993e-01
1886,4.715000000e-02,5.387437682e-02,1.401673192e+02,7.488486541e+01,6.500533673e+01,2.771170800e-01
1887,4.717500000e-02,5.392542825e-02,1.402468026e+02,7.486754073e+01,6.510182914e+01,2.774327481e-01
1888,4.720000000e-02,5.397648064e-02,1.403262255e+02,7.485016816e+01,6.519830930e+01,2.777480470e-01
1889,4.722500000e-02,5.402753303e-02,1.404055879e+02,7.483275234e+01,6.529477261e+01,2.780629466e-01
1890,4.725000000e-02,5.407858396e-02,1.404848898e+02,7.481529232e+01,6.539122007e+01,2.783774253e-01
1891,4.727500000e-02,5.412963480e-02,1.405641313e+02,7.479777722e+01,6.548766250e+01,2.786915530e-01
1892,4.730000000e-02,5.418068980e-02,1.406433123e+02,7.478020553e+01,6.558410133e+01,2.790054192e-01
1893,4.732500000e-02,5.423174736e-02,1.407224328e+02,7.476258827e+01,6.568052562e+01,2.793189577e-01
1894,4.735000000e-02,5.428280346e-02,1.408014930e+02,7.474493093e+01,6.577692997e+01,2.796320789e-01
1895,4.737500000e-02,5.433385757e-02,1.408804927e+02,7.472723803e+01,6.587330994e+01,2.799447326e-01
1896,4.740000000e-02,5.438490932e-02,1.409594320e+02,7.470950580e+01,6.596966935e+01,2.802568732e-01
1897,4.742500000e-02,5.443596137e-02,1.410383110e+02,7.469172969e+01,6.606601276e+01,2.805685385e-01
1898,4.745000000e-02,5.448701456e-02,1.411171296e+02,7.467390806e+01,6.616234178e+01,2.808797616e-01
1899,4.747500000e-02,5.453806926e-02,1.411958879e+02,7.465602867e+01,6.625866862e+01,2.811906086e-01
1900,4.750000000e-02,5.458912992e-02,1.412745859e+02,7.463807642e+01,6.635500820e+01,2.815012411e-01
1901,4.752500000e-02,5.464020024e-02,1.413532235e+02,7.462004650e+01,6.645136525e+01,2.818117518e-01
1902,4.755000000e-02,5.469128024e-02,1.414318008e+02,7.460192050e+01,6.654775813e+01,2.821221610e-01
1903,4.757500000e-02,5.474237757e-02,1.415103177e+02,7.458369099e+01,6.664419409e+01,2.824326463e-01
1904,4.760000000e-02,5.479349121e-02,1.415887742e+02,7.456536731e+01,6.674066380e+01,2.827431410e-01
1905,4.762500000e-02,5.484461696e-02,1.416671703e+02,7.454695220e+01,6.683716458e+01,2.830535285e-01
1906,4.765000000e-02,5.489575614e-02,1.417455059e+02,7.452844462e+01,6.693369747e+01,2.833638031e-01
1907,4.767500000e-02,5.494690903e-02,1.418237809e+02,7.450985193e+01,6.703025503e+01,2.836739825e-01
1908,4.770000000e-02,5.499807175e-02,1.419019955e+02,7.449119274e+01,6.712681875e+01,2.839839726e-01
1909,4.772500000e-02,5.504923833e-02,1.419801494e+02,7.447248556e+01,6.722337018e+01,2.842936570e-01
1910,4.775000000e-02,5.510040392e-02,1.420582428e+02,7.445373479e+01,6.731990507e+01,2.846029307e-01
1911,4.777500000e-02,5.515156938e-02,1.421362756e+02,7.443494716e+01,6.741641668e+01,2.849117945e-01
1912,4.780000000e-02,5.520273268e-02,1.422142480e+02,7.441612826e+01,6.751289948e+01,2.852202165e-01
1913,4.782500000e-02,5.525389219e-02,1.422921598e+02,7.439727979e+01,6.760935184e+01,2.855281458e-01
1914,4.785000000e-02,5.530504842e-02,1.423700111e+02,7.437841077e+01,6.770576481e+01,2.858355500e-01
1915,4.787500000e-02,5.535619831e-02,1.424478021e+02,7.435952831e+01,6.780213137e+01,2.861423770e-01
1916,4.790000000e-02,5.540734043e-02,1.425255326e+02,7.434063910e+01,6.789844492e+01,2.864485795e-01
1917,4.792500000e-02,5.545847266e-02,1.426032028e+02,7.432175116e+01,6.799469754e+01,2.867541138e-01
1918,4.795000000e-02,5.550959244e-02,1.426808128e+02,7.430286336e+01,6.809089048e+01,2.870589315e-01
1919,4.797500000e-02,5.556070167e-02,1.427583625e+02,7.428396653e+01,6.818703289e+01,2.873630921e-01
1920,4.800000000e-02,5.561180377e-02,1.428358521e+02,7.426503247e+01,6.828315298e+01,2.876666555e-01
1921,4.802500000e-02,5.566291007e-02,1.429132816e+02,7.424603800e+01,6.837927358e+01,2.879700067e-01
1922,4.805000000e-02,5.571402308e-02,1.429906510e+02,7.422698410e+01,6.847539368e+01,2.882731974e-01
1923,4.807500000e-02,5.576513967e-02,1.430679603e+02,7.420788002e+01,6.857150412e+01,2.885761322e-01
1924,4.810000000e-02,5.581625695e-02,1.431452095e+02,7.418873218e+01,6.866759855e+01,2.888787366e-01
1925,4.812500000e-02,5.586737361e-02,1.432223986e+02,7.416954713e+01,6.876367048e+01,2.891809755e-01
1926,4.815000000e-02,5.591848781e-02,1.432995276e+02,7.415032617e+01,6.885971867e+01,2.894828045e-01
1927,4.817500000e-02,5.596959994e-02,1.433765967e+02,7.413107041e+01,6.895574200e+01,2.897842640e-01
1928,4.820000000e-02,5.602070933e-02,1.434536057e+02,7.411177210e+01,6.905174826e+01,2.900853338e-01
1929,4.822500000e-02,5.607181970e-02,1.435305547e+02,7.409242885e+01,6.914773977e+01,2.903861102e-01
1930,4.825000000e-02,5.612293010e-02,1.436074438e+02,7.407304718e+01,6.924371007e+01,2.906865537e-01
1931,4.827500000e-02,5.617403768e-02,1.436842729e+02,7.405363864e+01,6.933964769e+01,2.909865804e-01
1932,4.830000000e-02,5.622513903e-02,1.437610421e+02,7.403419572e+01,6.943556028e+01,2.912861039e-01
1933,4.832500000e-02,5.627623981e-02,1.438377514e+02,7.401471061e+01,6.953145554e+01,2.915852598e-01
1934,4.835000000e-02,5.632734062e-02,1.439144008e+02,7.399518165e+01,6.962733512e+01,2.918840776e-01
1935,4.837500000e-02,5.637844175e-02,1.439909904e+02,7.397560986e+01,6.972319804e+01,2.921825317e-01
1936,4.840000000e-02,5.642954271e-02,1.440675202e+02,7.395599308e+01,6.981904647e+01,2.924806292e-01
1937,4.842500000e-02,5.648064424e-02,1.441439901e+02,7.393633678e+01,6.991487501e+01,2.927783295e-01
1938,4.845000000e-02,5.653174491e-02,1.442204002e+02,7.391664579e+01,7.001067887e+01,2.930755826e-01
1939,4.847500000e-02,5.658284373e-02,1.442967506e+02,7.389691671e+01,7.010646153e+01,2.933723616e-01
1940,4.850000000e-02,5.663394353e-02,1.443730412e+02,7.387714952e+01,7.020222297e+01,2.936687145e-01
1941,4.852500000e-02,5.668504287e-02,1.444492721e+02,7.385734115e+01,7.029796627e+01,2.939646576e-01
1942,4.855000000e-02,5.673614342e-02,1.445254432e+02,7.383747755e+01,7.039370541e+01,2.942602775e-01
1943,4.857500000e-02,5.678725005e-02,1.446015547e+02,7.381755210e+01,7.048944691e+01,2.945556972e-01
1944,4.860000000e-02,5.683836329e-02,1.446776065e+02,7.379756070e+01,7.058519481e+01,2.948509735e-01
1945,4.862500000e-02,5.688948393e-02,1.447535985e+02,7.377748766e+01,7.068096477e+01,2.951461162e-01
1946,4.865000000e-02,5.694061893e-02,1.448295309e+02,7.375732623e+01,7.077676337e+01,2.954413008e-01
1947,4.867500000e-02,5.699176661e-02,1.449054035e+02,7.373707943e+01,7.087258761e+01,2.957364836e-01
1948,4.870000000e-02,5.704292536e-02,1.449812164e+02,7.371674896e+01,7.096843582e+01,2.960315783e-01
1949,4.872500000e-02,5.709409588e-02,1.450569694e+02,7.369633095e+01,7.106431190e+01,2.963265605e-01
1950,4.875000000e-02,5.714527992e-02,1.451326626e+02,7.367583459e+01,7.116020659e+01,2.966214664e-01
1951,4.877500000e-02,5.719647190e-02,1.452082960e+02,7.365527864e+01,7.125610120e+01,2.969161946e-01
1952,4.880000000e-02,5.724766618e-02,1.452838696e+02,7.363468124e+01,7.135197769e+01,2.972106299e-01
1953,4.882500000e-02,5.729885810e-02,1.453593832e+02,7.361404715e+01,7.144783143e+01,2.975046693e-01
1954,4.885000000e-02,5.735004834e-02,1.454348371e+02,7.359338240e+01,7.154365640e+01,2.977983102e-01
1955,4.887500000e-02,5.740123519e-02,1.455102312e+02,7.357268991e+01,7.163944975e+01,2.980915208e-01
1956,4.890000000e-02,5.745241839e-02,1.455855655e+02,7.355197216e+01,7.173520906e+01,2.983842566e-01
1957,4.892500000e-02,5.750359795e-02,1.456608401e+02,7.353123878e+01,7.183092478e+01,2.986764897e-01
1958,4.895000000e-02,5.755477035e-02,1.457360549e+02,7.351049730e+01,7.192658947e+01,2.989681661e-01
1959,4.897500000e-02,5.760593390e-02,1.458112102e+02,7.348975452e+01,7.202219642e+01,2.992592364e-01
1960,4.900000000e-02,5.765708695e-02,1.458863058e+02,7.346901868e+01,7.211773749e+01,2.995496604e-01
1961,4.902500000e-02,5.770822683e-02,1.459613420e+02,7.344829668e+01,7.221320589e+01,2.998393937e-01
1962,4.905000000e-02,5.775935157e-02,1.460363186e+02,7.342758577e+01,7.230860448e+01,3.001283925e-01
1963,4.907500000e-02,5.781046404e-02,1.461112360e+02,7.340687996e+01,7.240393930e+01,3.004166907e-01
1964,4.910000000e-02,5.786156586e-02,1.461860940e+02,7.338616188e+01,7.249922773e+01,3.007043416e-01
1965,4.912500000e-02,5.791266409e-02,1.462608927e+02,7.336540249e+01,7.259449863e+01,3.009915758e-01
1966,4.915000000e-02,5.796376678e-02,1.463356322e+02,7.334458978e+01,7.268976380e+01,3.012786458e-01
1967,4.917500000e-02,5.801487293e-02,1.464103125e+02,7.332372938e+01,7.278501768e+01,3.015654851e-01
1968,4.920000000e-02,5.806597986e-02,1.464849337e+02,7.330282623e+01,7.288025543e+01,3.018520154e-01
1969,4.922500000e-02,5.811708687e-02,1.465594956e+02,7.328188546e+01,7.297547195e+01,3.021382045e-01
1970,4.925000000e-02,5.816819248e-02,1.466339984e+02,7.326091060e+01,7.307066376e+01,3.024240384e-01
1971,4.927500000e-02,5.821929591e-02,1.467084420e+02,7.323990909e+01,7.316582341e+01,3.027095294e-01
1972,4.930000000e-02,5.827039432e-02,1.467828266e+02,7.321888248e+01,7.326094947e+01,3.029946091e-01
1973,4.932500000e-02,5.832148864e-02,1.468571520e+02,7.319782563e+01,7.335604709e+01,3.032792852e-01
1974,4.935000000e-02,5.837258105e-02,1.469314184e+02,7.317673851e+01,7.345111625e+01,3.035636408e-01
1975,4.937500000e-02,5.842366993e-02,1.470056258e+02,7.315562803e+01,7.354615013e+01,3.038476251e-01
1976,4.940000000e-02,5.847475302e-02,1.470797742e+02,7.313450034e+01,7.364114269e+01,3.041311636e-01
1977,4.942500000e-02,5.852582936e-02,1.471538637e+02,7.311335048e+01,7.373609893e+01,3.044142418e-01
1978,4.945000000e-02,5.857690184e-02,1.472278942e+02,7.309216928e+01,7.383102797e+01,3.046969542e-01
1979,4.947500000e-02,5.862797262e-02,1.473018659e+02,7.307095883e+01,7.392592773e+01,3.049793212e-01
1980,4.950000000e-02,5.867903952e-02,1.473757787e+02,7.304971370e+01,7.402080374e+01,3.052612844e-01
1981,4.952500000e-02,5.873010626e-02,1.474496327e+02,7.302842884e+01,7.411566101e+01,3.055429004e-01
1982,4.955000000e-02,5.878117346e-02,1.475234280e+02,7.300710757e+01,7.421049625e+01,3.058241573e-01
1983,4.957500000e-02,5.883223979e-02,1.475971644e+02,7.298575111e+01,7.430530830e+01,3.061050149e-01
1984,4.960000000e-02,5.888330586e-02,1.476708421e+02,7.296435900e+01,7.440009766e+01,3.063854731e-01
1985,4.962500000e-02,5.893437201e-02,1.477444611e+02,7.294293346e+01,7.449486211e+01,3.066655470e-01
1986,4.965000000e-02,5.898543685e-02,1.478180214e+02,7.292146691e+01,7.458960923e+01,3.069452434e-01
1987,4.967500000e-02,5.903650407e-02,1.478915230e+02,7.289995545e+01,7.468434286e+01,3.072246648e-01
1988,4.970000000e-02,5.908757356e-02,1.479649659e+02,7.287840135e+01,7.477906075e+01,3.075038092e-01
1989,4.972500000e-02,5.913864431e-02,1.480383502e+02,7.285679294e+01,7.487377456e+01,3.077826871e-01
1990,4.975000000e-02,5.918972217e-02,1.481116758e+02,7.283511545e+01,7.496849895e+01,3.080614387e-01
1991,4.977500000e-02,5.924081039e-02,1.481849428e+02,7.281336184e+01,7.506324082e+01,3.083401691e-01
1992,4.980000000e-02,5.929190944e-02,1.482581512e+02,7.279152643e+01,7.515800588e+01,3.086188575e-01
1993,4.982500000e-02,5.934302065e-02,1.483313008e+02,7.276960693e+01,7.525279640e+01,3.088975057e-01
1994,4.985000000e-02,5.939414439e-02,1.484043918e+02,7.274760147e+01,7.534761426e+01,3.091760609e-01
1995,4.987500000e-02,5.944528206e-02,1.484774240e+02,7.272551757e+01,7.544245189e+01,3.094545669e-01
1996,4.990000000e-02,5.949642822e-02,1.485503975e+02,7.270337320e+01,7.553729138e+01,3.097329308e-01
1997,4.992500000e-02,5.954757746e-02,1.486233122e+02,7.268118759e+01,7.563211360e+01,3.100110371e-01
1998,4.995000000e-02,5.959872460e-02,1.486961682e+02,7.265897077e+01,7.572690864e+01,3.102887806e-01
1999,4.997500000e-02,5.964986831e-02,1.487689654e+02,7.263672683e+01,7.582167247e+01,3.105661208e-01
2000,5.000000000e-02,5.970100839e-02,1.488417040e+02,7.261446000e+01,7.591640091e+01,3.108430475e-01
2001,5.002500000e-02,5.975214411e-02,1.489143838e+02,7.259217314e+01,7.601109116e+01,3.111195165e-01
2002,5.005000000e-02,5.980327529e-02,1.489870051e+02,7.256987597e+01,7.610573359e+01,3.113954995e-01
2003,5.007500000e-02,5.985439856e-02,1.490595677e+02,7.254757880e+01,7.620031795e+01,3.116709469e-01
2004,5.010000000e-02,5.990551113e-02,1.491320718e+02,7.252528580e+01,7.629484020e+01,3.119458078e-01
2005,5.012500000e-02,5.995661283e-02,1.492045174e+02,7.250300381e+01,7.638929359e+01,3.122200464e-01
2006,5.015000000e-02,6.000770132e-02,1.492769047e+02,7.248074051e+01,7.648367054e+01,3.124936247e-01
2007,5.017500000e-02,6.005877449e-02,1.493492336e+02,7.245850022e+01,7.657796685e+01,3.127665037e-01
2008,5.020000000e-02,6.010983206e-02,1.494215042e+02,7.243628479e+01,7.667218076e+01,3.130386619e-01
2009,5.022500000e-02,6.016087393e-02,1.494937167e+02,7.241408975e+01,7.676631683e+01,3.133100997e-01
2010,5.025000000e-02,6.021190227e-02,1.495658711e+02,7.239191131e+01,7.686037885e+01,3.135808938e-01
2011,5.027500000e-02,6.026291692e-02,1.496379674e+02,7.236972582e+01,7.695439055e+01,3.138510394e-01
2012,5.030000000e-02,6.031392901e-02,1.497100058e+02,7.234750343e+01,7.704838149e+01,3.141208864e-01
2013,5.032500000e-02,6.036494373e-02,1.497819863e+02,7.232523713e+01,7.714235861e+01,3.143905567e-01
2014,5.035000000e-02,6.041595964e-02,1.498539089e+02,7.230292708e+01,7.723632181e+01,3.146599807e-01
2015,5.037500000e-02,6.046697708e-02,1.499257736e+02,7.228057758e+01,7.733026685e+01,3.149291364e-01
2016,5.040000000e-02,6.051799417e-02,1.499975804e+02,7.225819157e+01,7.742419083e+01,3.151979941e-01
2017,5.042500000e-02,6.056901051e-02,1.500693294e+02,7.223577566e+01,7.751808713e+01,3.154665748e-01
2018,5.045000000e-02,6.062002331e-02,1.501410205e+02,7.221333476e+01,7.761195094e+01,3.157348113e-01
2019,5.047500000e-02,6.067103187e-02,1.502126539e+02,7.219087545e+01,7.770577575e+01,3.160026649e-01
2020,5.050000000e-02,6.072203411e-02,1.502842294e+02,7.216839888e+01,7.779956048e+01,3.162700869e-01
2021,5.052500000e-02,6.077303105e-02,1.503557473e+02,7.214590198e+01,7.789330821e+01,3.165371192e-01
2022,5.055000000e-02,6.082402349e-02,1.504272075e+02,7.212338916e+01,7.798701457e+01,3.168037686e-01
2023,5.057500000e-02,6.087500915e-02,1.504986100e+02,7.210086070e+01,7.808067936e+01,3.170699762e-01
2024,5.060000000e-02,6.092598932e-02,1.505699550e+02,7.207831265e+01,7.817430652e+01,3.173357973e-01
2025,5.062500000e-02,6.097696476e-02,1.506412423e+02,7.205573779e+01,7.826790332e+01,3.176012370e-01
2026,5.065000000e-02,6.102793824e-02,1.507124722e+02,7.203313580e+01,7.836147007e+01,3.178663257e-01
2027,5.067500000e-02,6.107890837e-02,1.507836445e+02,7.201051004e+01,7.845500348e+01,3.181310159e-01
2028,5.070000000e-02,6.112987464e-02,1.508547594e+02,7.198785555e+01,7.854850858e+01,3.183952898e-01
2029,5.072500000e-02,6.118084048e-02,1.509258169e+02,7.196516876e+01,7.864198889e+01,3.186592057e-01
2030,5.075000000e-02,6.123180548e-02,1.509968169e+02,7.194245034e+01,7.873544382e+01,3.189227415e-01
2031,5.077500000e-02,6.128277021e-02,1.510677595e+02,7.191970189e+01,7.882887175e+01,3.191858964e-01
2032,5.080000000e-02,6.133373378e-02,1.511386448e+02,7.189692659e+01,7.892226958e+01,3.194486625e-01
2033,5.082500000e-02,6.138469505e-02,1.512094728e+02,7.187411659e+01,7.901564517e+01,3.197110370e-01
2034,5.085000000e-02,6.143565817e-02,1.512802435e+02,7.185126641e+01,7.910900392e+01,3.199731272e-01
2035,5.087500000e-02,6.148662324e-02,1.513509568e+02,7.182838445e+01,7.920233743e+01,3.202349438e-01
2036,5.090000000e-02,6.153758655e-02,1.514216129e+02,7.180547535e+01,7.929564116e+01,3.204964309e-01
2037,5.092500000e-02,6.158854848e-02,1.514922118e+02,7.178252782e+01,7.938892641e+01,3.207575806e-01
2038,5.095000000e-02,6.163951424e-02,1.515627535e+02,7.175952646e+01,7.948220846e+01,3.210185567e-01
2039,5.097500000e-02,6.169048714e-02,1.516332379e+02,7.173646340e+01,7.957549506e+01,3.212794682e-01
2040,5.100000000e-02,6.174146764e-02,1.517036652e+02,7.171332963e+01,7.966879527e+01,3.215402814e-01
2041,5.102500000e-02,6.179245970e-02,1.517740352e+02,7.169012072e+01,7.976211348e+01,3.218010430e-01
2042,5.105000000e-02,6.184346319e-02,1.518443481e+02,7.166683854e+01,7.985544780e+01,3.220617236e-01
2043,5.107500000e-02,6.189447688e-02,1.519146036e+02,7.164349181e+01,7.994878949e+01,3.223223363e-01
2044,5.110000000e-02,6.194549594e-02,1.519848020e+02,7.162009627e+01,8.004212290e+01,3.225827963e-01
2045,5.112500000e-02,6.199651577e-02,1.520549430e+02,7.159666985e+01,8.013543018e+01,3.228429996e-01
2046,5.115000000e-02,6.204753148e-02,1.521250269e+02,7.157322125e+01,8.022870277e+01,3.231028510e-01
2047,5.117500000e-02,6.209854213e-02,1.521950535e+02,7.154975263e+01,8.032193855e+01,3.233623214e-01
2048,5.120000000e-02,6.214954809e-02,1.522650230e+02,7.152626526e+01,8.041513630e+01,3.236214000e-01
2049,5.122500000e-02,6.220054972e-02,1.523349353e+02,7.150276332e+01,8.050829191e+01,3.238800526e-01
2050,5.125000000e-02,6.225154590e-02,1.524047905e+02,7.147925584e+01,8.060139643e+01,3.241382462e-01
2051,5.127500000e-02,6.230253367e-02,1.524745887e+02,7.145575224e+01,8.069444052e+01,3.243959337e-01
2052,5.130000000e-02,6.235351047e-02,1.525443299e+02,7.143225872e+01,8.078741810e+01,3.246530657e-01
2053,5.132500000e-02,6.240447536e-02,1.526140141e+02,7.140878258e+01,8.088032195e+01,3.249096071e-01
2054,5.135000000e-02,6.245542582e-02,1.526836415e+02,7.138533046e+01,8.097314555e+01,3.251655218e-01
2055,5.137500000e-02,6.250636002e-02,1.527532121e+02,7.136190517e+01,8.106588620e+01,3.254207730e-01
2056,5.140000000e-02,6.255727838e-02,1.528227260e+02,7.133850810e+01,8.115854260e+01,3.256753442e-01
2057,5.142500000e-02,6.260818064e-02,1.528921833e+02,7.131513989e+01,8.125111421e+01,3.259292194e-01
2058,5.145000000e-02,6.265906701e-02,1.529615841e+02,7.129179470e+01,8.134360696e+01,3.261823991e-01
2059,5.147500000e-02,6.270993997e-02,1.530309283e+02,7.126846964e+01,8.143602374e+01,3.264349502e-01
2060,5.150000000e-02,6.276079913e-02,1.531002162e+02,7.124516320e+01,8.152836615e+01,3.266868637e-01
2061,5.152500000e-02,6.281164523e-02,1.531694478e+02,7.122185090e+01,8.162065873e+01,3.269381632e-01
2062,5.155000000e-02,6.286248952e-02,1.532386231e+02,7.119850408e+01,8.171292983e+01,3.271892070e-01
2063,5.157500000e-02,6.291333608e-02,1.533077422e+02,7.117511226e+01,8.180518991e+01,3.274400579e-01
2064,5.160000000e-02,6.296418608e-02,1.533768051e+02,7.115167663e+01,8.189743781e+01,3.276906993e-01
2065,5.162500000e-02,6.301503801e-02,1.534458119e+02,7.112820032e+01,8.198967042e+01,3.279411105e-01
2066,5.165000000e-02,6.306589086e-02,1.535147624e+02,7.110469147e+01,8.208187964e+01,3.281912933e-01
2067,5.167500000e-02,6.311674141e-02,1.535836568e+02,7.108115583e+01,8.217405978e+01,3.284411729e-01
2068,5.170000000e-02,6.316758898e-02,1.536524950e+02,7.105760222e+01,8.226620211e+01,3.286907134e-01
2069,5.172500000e-02,6.321843065e-02,1.537212772e+02,7.103404231e+01,8.235829503e+01,3.289398558e-01
2070,5.175000000e-02,6.326926326e-02,1.537900033e+02,7.101048253e+01,8.245033223e+01,3.291885359e-01
2071,5.177500000e-02,6.332008643e-02,1.538586734e+02,7.098692222e+01,8.254231444e+01,3.294367431e-01
2072,5.180000000e-02,6.337090128e-02,1.539272875e+02,7.096335933e+01,8.263424368e+01,3.296845417e-01
2073,5.182500000e-02,6.342170746e-02,1.539958458e+02,7.093978818e+01,8.272612570e+01,3.299319159e-01
2074,5.185000000e-02,6.347250757e-02,1.540643482e+02,7.091620283e+01,8.281796642e+01,3.301789451e-01
2075,5.187500000e-02,6.352330263e-02,1.541327948e+02,7.089259801e+01,8.290977118e+01,3.304256020e-01
2076,5.190000000e-02,6.357409501e-02,1.542011856e+02,7.086897497e+01,8.300153872e+01,3.306719254e-01
2077,5.192500000e-02,6.362488235e-02,1.542695207e+02,7.084533789e+01,8.309326494e+01,3.309178791e-01
2078,5.195000000e-02,6.367566386e-02,1.543378001e+02,7.082168600e+01,8.318495068e+01,3.311634315e-01
2079,5.197500000e-02,6.372644159e-02,1.544060239e+02,7.079801147e+01,8.327660378e+01,3.314085948e-01
2080,5.200000000e-02,6.377721790e-02,1.544741920e+02,7.077430916e+01,8.336822939e+01,3.316534233e-01
2081,5.202500000e-02,6.382799448e-02,1.545423045e+02,7.075058009e+01,8.345982649e+01,3.318979291e-01
2082,5.205000000e-02,6.387876949e-02,1.546103615e+02,7.072682981e+01,8.355138958e+01,3.321420916e-01
2083,5.207500000e-02,6.392954096e-02,1.546783629e+02,7.070304886e+01,8.364292818e+01,3.323858826e-01
2084,5.210000000e-02,6.398031473e-02,1.547463089e+02,7.067923039e+01,8.373444904e+01,3.326294213e-01
2085,5.212500000e-02,6.403109047e-02,1.548141993e+02,7.065538230e+01,8.382594427e+01,3.328727244e-01
2086,5.215000000e-02,6.408186459e-02,1.548820343e+02,7.063151047e+01,8.391740808e+01,3.331157370e-01
2087,5.217500000e-02,6.413263689e-02,1.549498138e+02,7.060762006e+01,8.400883536e+01,3.333584257e-01
2088,5.220000000e-02,6.418340536e-02,1.550175380e+02,7.058371477e+01,8.410022247e+01,3.336007462e-01
2089,5.222500000e-02,6.423417004e-02,1.550852068e+02,7.055977818e+01,8.419158588e+01,3.338427155e-01
2090,5.225000000e-02,6.428493877e-02,1.551528202e+02,7.053578754e+01,8.428294812e+01,3.340845682e-01
2091,5.227500000e-02,6.433571594e-02,1.552203784e+02,7.051173839e+01,8.437431361e+01,3.343263502e-01
2092,5.230000000e-02,6.438650057e-02,1.552878812e+02,7.048762701e+01,8.446568614e+01,3.345680140e-01
2093,5.232500000e-02,6.443729502e-02,1.553553286e+02,7.046345341e+01,8.455706561e+01,3.348096130e-01
2094,5.235000000e-02,6.448809606e-02,1.554227208e+02,7.043922351e+01,8.464844618e+01,3.350510933e-01
2095,5.237500000e-02,6.453890228e-02,1.554900576e+02,7.041494662e+01,8.473981853e+01,3.352924399e-01
2096,5.240000000e-02,6.458970973e-02,1.555573391e+02,7.039063883e+01,8.483116666e+01,3.355335648e-01
2097,5.242500000e-02,6.464051385e-02,1.556245652e+02,7.036630821e+01,8.492248261e+01,3.357743769e-01
2098,5.245000000e-02,6.469131398e-02,1.556917361e+02,7.034195727e+01,8.501376394e+01,3.360148573e-01
2099,5.247500000e-02,6.474211034e-02,1.557588517e+02,7.031759122e+01,8.510500545e+01,3.362549872e-01
2100,5.250000000e-02,6.479290137e-02,1.558259120e+02,7.029321384e+01,8.519620347e+01,3.364947238e-01
2101,5.252500000e-02,6.484368681e-02,1.558929172e+02,7.026883335e+01,8.528734985e+01,3.367340320e-01
2102,5.255000000e-02,6.489446406e-02,1.559598673e+02,7.024445910e+01,8.537843532e+01,3.369728675e-01
2103,5.257500000e-02,6.494523060e-02,1.560267623e+02,7.022009762e+01,8.546945345e+01,3.372111834e-01
2104,5.260000000e-02,6.499598532e-02,1.560936022e+02,7.019575669e+01,8.556039656e+01,3.374489459e-01
2105,5.262500000e-02,6.504672564e-02,1.561603872e+02,7.017144446e+01,8.565125661e+01,3.376861203e-01
2106,5.265000000e-02,6.509744939e-02,1.562271173e+02,7.014716401e+01,8.574203063e+01,3.379226726e-01
2107,5.267500000e-02,6.514815715e-02,1.562937926e+02,7.012291855e+01,8.583271548e+01,3.381585915e-01
2108,5.270000000e-02,6.519884769e-02,1.563604132e+02,7.009871318e+01,8.592330618e+01,3.383938622e-01
2109,5.272500000e-02,6.524951939e-02,1.564269792e+02,7.007455109e+01,8.601379965e+01,3.386284653e-01
2110,5.275000000e-02,6.530017179e-02,1.564934906e+02,7.005042588e+01,8.610420237e+01,3.388624008e-01
2111,5.277500000e-02,6.535080793e-02,1.565599476e+02,7.002633275e+01,8.619451916e+01,3.390957421e-01
2112,5.280000000e-02,6.540142802e-02,1.566263503e+02,7.000227308e+01,8.628474871e+01,3.393284921e-01
2113,5.282500000e-02,6.545203104e-02,1.566926986e+02,6.997824221e+01,8.637489579e+01,3.395606309e-01
2114,5.285000000e-02,6.550261968e-02,1.567589928e+02,6.995420955e+01,8.646499102e+01,3.397922208e-01
2115,5.287500000e-02,6.555320703e-02,1.568252328e+02,6.993013896e+01,8.655507025e+01,3.400236168e-01
2116,5.290000000e-02,6.560379958e-02,1.568914188e+02,6.990601879e+01,8.664514505e+01,3.402549129e-01
2117,5.292500000e-02,6.565439753e-02,1.569575506e+02,6.988184898e+01,8.673521550e+01,3.404861024e-01
2118,5.295000000e-02,6.570499979e-02,1.570236283e+02,6.985763753e+01,8.682527362e+01,3.407171794e-01
2119,5.297500000e-02,6.575560279e-02,1.570896520e+02,6.983339090e+01,8.691531304e+01,3.409480636e-01
2120,5.300000000e-02,6.580620567e-02,1.571556216e+02,6.980911913e+01,8.700532376e+01,3.411787148e-01
2121,5.302500000e-02,6.585680498e-02,1.572215372e+02,6.978483511e+01,8.709529299e+01,3.414090656e-01
2122,5.305000000e-02,6.590739729e-02,1.572873987e+02,6.976054962e+01,8.718521004e+01,3.416390475e-01
2123,5.307500000e-02,6.595798028e-02,1.573532063e+02,6.973627336e+01,8.727506435e+01,3.418686008e-01
2124,5.310000000e-02,6.600855109e-02,1.574189600e+02,6.971200992e+01,8.736485239e+01,3.420976727e-01
2125,5.312500000e-02,6.605911038e-02,1.574846598e+02,6.968775430e+01,8.745457923e+01,3.423262932e-01
2126,5.315000000e-02,6.610966008e-02,1.575503059e+02,6.966349345e+01,8.754425789e+01,3.425545213e-01
2127,5.317500000e-02,6.616020483e-02,1.576158982e+02,6.963921695e+01,8.763389876e+01,3.427824530e-01
2128,5.320000000e-02,6.621074613e-02,1.576814368e+02,6.961492392e+01,8.772350279e+01,3.430100680e-01
2129,5.322500000e-02,6.626128380e-02,1.577469217e+02,6.959061338e+01,8.781307099e+01,3.432373689e-01
2130,5.325000000e-02,6.631181773e-02,1.578123531e+02,6.956628694e+01,8.790260176e+01,3.434643553e-01
2131,5.327500000e-02,6.636234735e-02,1.578777308e+02,6.954194806e+01,8.799209174e+01,3.436909991e-01
2132,5.330000000e-02,6.641287205e-02,1.579430550e+02,6.951759712e+01,8.808154060e+01,3.439172657e-01
2133,5.332500000e-02,6.646339226e-02,1.580083257e+02,6.949322703e+01,8.817095546e+01,3.441431583e-01
2134,5.335000000e-02,6.651391249e-02,1.580735428e+02,6.946883152e+01,8.826034256e+01,3.443687612e-01
2135,5.337500000e-02,6.656443220e-02,1.581387066e+02,6.944441299e+01,8.834969952e+01,3.445940668e-01
2136,5.340000000e-02,6.661495018e-02,1.582038169e+02,6.941996856e+01,8.843902929e+01,3.448190568e-01
2137,5.342500000e-02,6.666546837e-02,1.582688738e+02,6.939549087e+01,8.852833919e+01,3.450437623e-01
2138,5.345000000e-02,6.671598937e-02,1.583338774e+02,6.937098243e+01,8.861762668e+01,3.452682652e-01
2139,5.347500000e-02,6.676651018e-02,1.583988276e+02,6.934644963e+01,8.870688540e+01,3.454925266e-01
2140,5.350000000e-02,6.681702993e-02,1.584637244e+02,6.932190004e+01,8.879610788e+01,3.457165095e-01
2141,5.352500000e-02,6.686754590e-02,1.585285680e+02,6.929734159e+01,8.888528624e+01,3.459401677e-01
2142,5.355000000e-02,6.691805594e-02,1.585933583e+02,6.927277830e+01,8.897441655e+01,3.461634521e-01
2143,5.357500000e-02,6.696856022e-02,1.586580954e+02,6.924820659e+01,8.906350247e+01,3.463863409e-01
2144,5.360000000e-02,6.701906121e-02,1.587227793e+02,6.922360605e+01,8.915256437e+01,3.466088953e-01
2145,5.362500000e-02,6.706956727e-02,1.587874101e+02,6.919896019e+01,8.924161853e+01,3.468313639e-01
2146,5.365000000e-02,6.712007919e-02,1.588519877e+02,6.917426825e+01,8.933066573e+01,3.470537435e-01
2147,5.367500000e-02,6.717059593e-02,1.589165123e+02,6.914953460e+01,8.941970167e+01,3.472759912e-01
2148,5.370000000e-02,6.722111527e-02,1.589809837e+02,6.912475993e+01,8.950872567e+01,3.474980808e-01
2149,5.372500000e-02,6.727163761e-02,1.590454020e+02,6.909994515e+01,8.959773681e+01,3.477200379e-01
2150,5.375000000e-02,6.732216159e-02,1.591097672e+02,6.907509925e+01,8.968672612e+01,3.479418479e-01
2151,5.377500000e-02,6.737268342e-02,1.591740794e+02,6.905023177e+01,8.977568417e+01,3.481634359e-01
2152,5.380000000e-02,6.742320136e-02,1.592383385e+02,6.902534363e+01,8.986461010e+01,3.483847538e-01
2153,5.382500000e-02,6.747371681e-02,1.593025446e+02,6.900043994e+01,8.995349883e+01,3.486058075e-01
2154,5.385000000e-02,6.752422737e-02,1.593666977e+02,6.897552852e+01,9.004234260e+01,3.488265580e-01
2155,5.387500000e-02,6.757473098e-02,1.594307978e+02,6.895061422e+01,9.013113667e+01,3.490469573e-01
2156,5.390000000e-02,6.762522724e-02,1.594948451e+02,6.892570273e+01,9.021987540e+01,3.492669713e-01
2157,5.392500000e-02,6.767571458e-02,1.595588395e+02,6.890079910e+01,9.030855384e+01,3.494865586e-01
2158,5.395000000e-02,6.772619241e-02,1.596227811e+02,6.887591027e+01,9.039716515e+01,3.497056860e-01
2159,5.397500000e-02,6.777665827e-02,1.596866700e+02,6.885104441e+01,9.048570124e+01,3.499243200e-01
2160,5.400000000e-02,6.782710982e-02,1.597505062e+02,6.882620653e+01,9.057415721e+01,3.501424255e-01
2161,5.402500000e-02,6.787754641e-02,1.598142898e+02,6.880139888e+01,9.066253090e+01,3.503599781e-01
2162,5.405000000e-02,6.792796815e-02,1.598780208e+02,6.877662544e+01,9.075081842e+01,3.505769664e-01
2163,5.407500000e-02,6.797837337e-02,1.599416994e+02,6.875189137e+01,9.083901470e+01,3.507933694e-01
2164,5.410000000e-02,6.802876062e-02,1.600053257e+02,6.872720138e+01,9.092711515e+01,3.510091666e-01
2165,5.412500000e-02,6.807912869e-02,1.600688997e+02,6.870255088e+01,9.101512446e+01,3.512243401e-01
2166,5.415000000e-02,6.812948073e-02,1.601324215e+02,6.867793305e+01,9.110304945e+01,3.514389616e-01
2167,5.417500000e-02,6.817981759e-02,1.601958911e+02,6.865334725e+01,9.119089084e+01,3.516530479e-01
2168,5.420000000e-02,6.823013862e-02,1.602593088e+02,6.862879670e+01,9.127864550e+01,3.518665836e-01
2169,5.422500000e-02,6.828044264e-02,1.603226745e+02,6.860427787e+01,9.136631707e+01,3.520795468e-01
2170,5.425000000e-02,6.833073231e-02,1.603859883e+02,6.857977109e+01,9.145392523e+01,3.522919970e-01
2171,5.427500000e-02,6.838101536e-02,1.604492503e+02,6.855524284e+01,9.154150336e+01,3.525041261e-01
2172,5.430000000e-02,6.843130210e-02,1.605124606e+02,6.853066909e+01,9.162907532e+01,3.527161817e-01
2173,5.432500000e-02,6.848159444e-02,1.605756191e+02,6.850604626e+01,9.171664466e+01,3.529281809e-01
2174,5.435000000e-02,6.853189157e-02,1.606387259e+02,6.848137834e+01,9.180420742e+01,3.531401130e-01
2175,5.437500000e-02,6.858219159e-02,1.607017809e+02,6.845667272e+01,9.189175627e+01,3.533519187e-01
2176,5.440000000e-02,6.863249239e-02,1.607647842e+02,6.843194152e+01,9.197927915e+01,3.535635463e-01
2177,5.442500000e-02,6.868279014e-02,1.608277358e+02,6.840719818e+01,9.206676272e+01,3.537749225e-01
2178,5.445000000e-02,6.873308145e-02,1.608906357e+02,6.838245332e+01,9.215419644e+01,3.539859793e-01
2179,5.447500000e-02,6.878336424e-02,1.609534840e+02,6.835771774e+01,9.224156963e+01,3.541966588e-01
2180,5.450000000e-02,6.883363570e-02,1.610162807e+02,6.833300119e+01,9.232887263e+01,3.544069106e-01
2181,5.452500000e-02,6.888389343e-02,1.610790259e+02,6.830830650e+01,9.241610271e+01,3.546166908e-01
2182,5.455000000e-02,6.893413817e-02,1.611417196e+02,6.828362631e+01,9.250326728e+01,3.548260246e-01
2183,5.457500000e-02,6.898437309e-02,1.612043619e+02,6.825894515e+01,9.259038182e+01,3.550349689e-01
2184,5.460000000e-02,6.903460373e-02,1.612669529e+02,6.823425522e+01,9.267745407e+01,3.552436288e-01
2185,5.462500000e-02,6.908482967e-02,1.613294926e+02,6.820955265e+01,9.276448794e+01,3.554520047e-01
2186,5.465000000e-02,6.913505260e-02,1.613919810e+02,6.818483298e+01,9.285148790e+01,3.556601249e-01
2187,5.467500000e-02,6.918527283e-02,1.614544182e+02,6.816009846e+01,9.293845175e+01,3.558679911e-01
2188,5.470000000e-02,6.923548989e-02,1.615168042e+02,6.813535356e+01,9.302537506e+01,3.560755731e-01
2189,5.472500000e-02,6.928570199e-02,1.615791390e+02,6.811060304e+01,9.311225314e+01,3.562828393e-01
2190,5.475000000e-02,6.933590811e-02,1.616414227e+02,6.808584364e+01,9.319908930e+01,3.564897739e-01
2191,5.477500000e-02,6.938611236e-02,1.617036553e+02,6.806106691e+01,9.328589200e+01,3.566964358e-01
2192,5.480000000e-02,6.943631548e-02,1.617658369e+02,6.803627185e+01,9.337266221e+01,3.569028636e-01
2193,5.482500000e-02,6.948651643e-02,1.618279675e+02,6.801145914e+01,9.345939929e+01,3.571090447e-01
2194,5.485000000e-02,6.953671513e-02,1.618900471e+02,6.798662392e+01,9.354610817e+01,3.573149589e-01
2195,5.487500000e-02,6.958691496e-02,1.619520757e+02,6.796176224e+01,9.363279274e+01,3.575206811e-01
2196,5.490000000e-02,6.963711540e-02,1.620140533e+02,6.793687485e+01,9.371945226e+01,3.577262316e-01
2197,5.492500000e-02,6.968731636e-02,1.620759801e+02,6.791196777e+01,9.380608075e+01,3.579315886e-01
2198,5.495000000e-02,6.973751509e-02,1.621378560e+02,6.788705098e+01,9.389266830e+01,3.581367089e-01
2199,5.497500000e-02,6.978770830e-02,1.621996810e+02,6.786212686e+01,9.397921262e+01,3.583415382e-01
2200,5.500000000e-02,6.983789702e-02,1.622614552e+02,6.783719737e+01,9.406571181e+01,3.585460540e-01
2201,5.502500000e-02,6.988808057e-02,1.623231787e+02,6.781226431e+01,9.415216413e+01,3.587502349e-01
2202,5.505000000e-02,6.993825928e-02,1.623848514e+02,6.778732220e+01,9.423857512e+01,3.589540617e-01
2203,5.507500000e-02,6.998843621e-02,1.624464734e+02,6.776235102e+01,9.432496471e+01,3.591576600e-01
2204,5.510000000e-02,7.003861772e-02,1.625080447e+02,6.773733571e+01,9.441134784e+01,3.593611953e-01
2205,5.512500000e-02,7.008880511e-02,1.625695654e+02,6.771227939e+01,9.449772140e+01,3.595646591e-01
2206,5.515000000e-02,7.013899459e-02,1.626310355e+02,6.768718841e+01,9.458407912e+01,3.597679754e-01
2207,5.517500000e-02,7.018918555e-02,1.626924549e+02,6.766206567e+01,9.467041811e+01,3.599711429e-01
2208,5.520000000e-02,7.023937639e-02,1.627538237e+02,6.763691324e+01,9.475673635e+01,3.601741368e-01
2209,5.522500000e-02,7.028956747e-02,1.628151419e+02,6.761173351e+01,9.484303146e+01,3.603769704e-01
2210,5.525000000e-02,7.033975684e-02,1.628764096e+02,6.758652710e+01,9.492930289e+01,3.605795958e-01
2211,5.527500000e-02,7.038994592e-02,1.629376267e+02,6.756129945e+01,9.501554519e+01,3.607820246e-01
2212,5.530000000e-02,7.044013232e-02,1.629987932e+02,6.753606008e+01,9.510174891e+01,3.609842199e-01
2213,5.532500000e-02,7.049031325e-02,1.630599093e+02,6.751081650e+01,9.518790663e+01,3.611861304e-01
2214,5.535000000e-02,7.054048722e-02,1.631209748e+02,6.748557551e+01,9.527401161e+01,3.613877159e-01
2215,5.537500000e-02,7.059065257e-02,1.631819900e+02,6.746034132e+01,9.536005975e+01,3.615889363e-01
2216,5.540000000e-02,7.064080933e-02,1.632429548e+02,6.743512002e+01,9.544604502e+01,3.617897589e-01
2217,5.542500000e-02,7.069095532e-02,1.633038693e+02,6.740991785e+01,9.553196127e+01,3.619901522e-01
2218,5.545000000e-02,7.074108893e-02,1.633647335e+02,6.738474108e+01,9.561780234e+01,3.621900843e-01
2219,5.547500000e-02,7.079120862e-02,1.634255476e+02,6.735959194e+01,9.570356609e+01,3.623895262e-01
2220,5.550000000e-02,7.084131536e-02,1.634863115e+02,6.733447351e+01,9.578924950e+01,3.625884686e-01
2221,5.552500000e-02,7.089140753e-02,1.635470253e+02,6.730939101e+01,9.587484744e+01,3.627868943e-01
2222,5.555000000e-02,7.094148352e-02,1.636076893e+02,6.728434936e+01,9.596035511e+01,3.629847837e-01
2223,5.557500000e-02,7.099154198e-02,1.636683033e+02,6.725935251e+01,9.604576863e+01,3.631821190e-01
2224,5.560000000e-02,7.104158189e-02,1.637288675e+02,6.723439948e+01,9.613108909e+01,3.633788851e-01
2225,5.562500000e-02,7.109160439e-02,1.637893819e+02,6.720948370e+01,9.621632313e+01,3.635751026e-01
2226,5.565000000e-02,7.114161190e-02,1.638498468e+02,6.718460130e+01,9.630147464e+01,3.637708255e-01
2227,5.567500000e-02,7.119160445e-02,1.639102620e+02,6.715975393e+01,9.638654204e+01,3.639660528e-01
2228,5.570000000e-02,7.124158102e-02,1.639706278e+02,6.713494477e+01,9.647152227e+01,3.641607674e-01
2229,5.572500000e-02,7.129154071e-02,1.640309442e+02,6.711016710e+01,9.655642211e+01,3.643549541e-01
2230,5.575000000e-02,7.134148770e-02,1.640912112e+02,6.708540848e+01,9.664125401e+01,3.645486906e-01
2231,5.577500000e-02,7.139142525e-02,1.641514289e+02,6.706065272e+01,9.672603415e+01,3.647420644e-01
2232,5.580000000e-02,7.144135863e-02,1.642115975e+02,6.703587173e+01,9.681079053e+01,3.649352010e-01
2233,5.582500000e-02,7.149129683e-02,1.642717168e+02,6.701104474e+01,9.689554374e+01,3.651283233e-01
2234,5.585000000e-02,7.154124099e-02,1.643317870e+02,6.698616772e+01,9.698029781e+01,3.653214447e-01
2235,5.587500000e-02,7.159119119e-02,1.643918080e+02,6.696124859e+01,9.706504486e+01,3.655145347e-01
2236,5.590000000e-02,7.164114368e-02,1.644517798e+02,6.693630191e+01,9.714977038e+01,3.657075246e-01
2237,5.592500000e-02,7.169109418e-02,1.645117025e+02,6.691134235e+01,9.723445980e+01,3.659003405e-01
2238,5.595000000e-02,7.174103891e-02,1.645715760e+02,6.688638123e+01,9.731910189e+01,3.660929158e-01
2239,5.597500000e-02,7.179097558e-02,1.646314005e+02,6.686142733e+01,9.740368797e+01,3.662851941e-01
2240,5.600000000e-02,7.184090206e-02,1.646911759e+02,6.683648937e+01,9.748820941e+01,3.664771280e-01
2241,5.602500000e-02,7.189081618e-02,1.647509023e+02,6.681157494e+01,9.757265872e+01,3.666686756e-01
2242,5.605000000e-02,7.194071618e-02,1.648105798e+02,6.678668845e+01,9.765703157e+01,3.668598008e-01
2243,5.607500000e-02,7.199060149e-02,1.648702085e+02,6.676181971e+01,9.774133827e+01,3.670504775e-01
2244,5.610000000e-02,7.204047836e-02,1.649297883e+02,6.673695357e+01,9.782559390e+01,3.672408101e-01
2245,5.612500000e-02,7.209034958e-02,1.649893194e+02,6.671208041e+01,9.790980809e+01,3.674308673e-01
2246,5.615000000e-02,7.214021671e-02,1.650488017e+02,6.668719040e+01,9.799399065e+01,3.676206898e-01
2247,5.617500000e-02,7.219008299e-02,1.651082355e+02,6.666227813e+01,9.807814702e+01,3.678103061e-01
2248,5.620000000e-02,7.223994863e-02,1.651676205e+02,6.663734439e+01,9.816227639e+01,3.679997205e-01
2249,5.622500000e-02,7.228981389e-02,1.652269569e+02,6.661239400e+01,9.824637404e+01,3.681889058e-01
2250,5.625000000e-02,7.233967629e-02,1.652862448e+02,6.658743396e+01,9.833043300e+01,3.683778278e-01
2251,5.627500000e-02,7.238953422e-02,1.653454841e+02,6.656246856e+01,9.841444904e+01,3.685664637e-01
2252,5.630000000e-02,7.243938823e-02,1.654046748e+02,6.653749489e+01,9.849842512e+01,3.687548036e-01
2253,5.632500000e-02,7.248923975e-02,1.654638171e+02,6.651250630e+01,9.858236789e+01,3.689428769e-01
2254,5.635000000e-02,7.253909048e-02,1.655229109e+02,6.648749986e+01,9.866628026e+01,3.691307348e-01
2255,5.637500000e-02,7.258893960e-02,1.655819562e+02,6.646247609e+01,9.875016179e+01,3.693183513e-01
2256,5.640000000e-02,7.263878758e-02,1.656409532e+02,6.643743493e+01,9.883401253e+01,3.695057419e-01
2257,5.642500000e-02,7.268863534e-02,1.656999018e+02,6.641237197e+01,9.891783688e+01,3.696929428e-01
2258,5.645000000e-02,7.273848419e-02,1.657588020e+02,6.638728720e+01,9.900163485e+01,3.698799766e-01
2259,5.647500000e-02,7.278833307e-02,1.658176539e+02,6.636218811e+01,9.908539901e+01,3.700668187e-01
2260,5.650000000e-02,7.283817882e-02,1.658764576e+02,6.633708147e+01,9.916912267e+01,3.702534189e-01
2261,5.652500000e-02,7.288802036e-02,1.659352129e+02,6.631197303e+01,9.925280014e+01,3.704397424e-01
2262,5.655000000e-02,7.293785593e-02,1.659939200e+02,6.628686389e+01,9.933643038e+01,3.706257614e-01
2263,5.657500000e-02,7.298768642e-02,1.660525790e+02,6.626175757e+01,9.942000993e+01,3.708114596e-01
2264,5.660000000e-02,7.303751054e-02,1.661111898e+02,6.623666121e+01,9.950353174e+01,3.709968121e-01
2265,5.662500000e-02,7.308732595e-02,1.661697525e+02,6.621157842e+01,9.958699225e+01,3.711817872e-01
2266,5.665000000e-02,7.313713279e-02,1.662282671e+02,6.618648763e+01,9.967041309e+01,3.713663928e-01
2267,5.667500000e-02,7.318694265e-02,1.662867338e+02,6.616136312e+01,9.975381974e+01,3.715509192e-01
2268,5.670000000e-02,7.323675625e-02,1.663451525e+02,6.613620658e+01,9.983721051e+01,3.717353779e-01
2269,5.672500000e-02,7.328657057e-02,1.664035232e+02,6.611102926e+01,9.992057424e+01,3.719197035e-01
2270,5.675000000e-02,7.333638178e-02,1.664618460e+02,6.608583738e+01,1.000039048e+02,3.721038224e-01
2271,5.677500000e-02,7.338619008e-02,1.665201209e+02,6.606062708e+01,1.000872060e+02,3.722877454e-01
2272,5.680000000e-02,7.343599721e-02,1.665783479e+02,6.603538979e+01,1.001704866e+02,3.724715035e-01
2273,5.682500000e-02,7.348580579e-02,1.666365270e+02,6.601012237e+01,1.002537495e+02,3.726551265e-01
2274,5.685000000e-02,7.353561550e-02,1.666946583e+02,6.598483141e+01,1.003369882e+02,3.728386201e-01
2275,5.687500000e-02,7.358542354e-02,1.667527417e+02,6.595952798e+01,1.004201918e+02,3.730219397e-01
2276,5.690000000e-02,7.363522660e-02,1.668107774e+02,6.593422095e+01,1.005033514e+02,3.732050322e-01
2277,5.692500000e-02,7.368502299e-02,1.668687653e+02,6.590891773e+01,1.005864597e+02,3.733878544e-01
2278,5.695000000e-02,7.373481122e-02,1.669267054e+02,6.588362421e+01,1.006695108e+02,3.735703700e-01
2279,5.697500000e-02,7.378459043e-02,1.669845979e+02,6.585834733e+01,1.007524980e+02,3.737525489e-01
2280,5.700000000e-02,7.383435826e-02,1.670424428e+02,6.583309308e+01,1.008354153e+02,3.739343607e-01
2281,5.702500000e-02,7.388411351e-02,1.671002401e+02,6.580786554e+01,1.009182587e+02,3.741157763e-01
2282,5.705000000e-02,7.393385549e-02,1.671579898e+02,6.578266611e+01,1.010010270e+02,3.742967720e-01
2283,5.707500000e-02,7.398358503e-02,1.672156922e+02,6.575749671e+01,1.010837182e+02,3.744773388e-01
2284,5.710000000e-02,7.403330103e-02,1.672733472e+02,6.573236039e+01,1.011663293e+02,3.746574634e-01
2285,5.712500000e-02,7.408300238e-02,1.673309549e+02,6.570725865e+01,1.012488591e+02,3.748371283e-01
2286,5.715000000e-02,7.413268892e-02,1.673885154e+02,6.568219440e+01,1.013313046e+02,3.750163187e-01
2287,5.717500000e-02,7.418235975e-02,1.674460287e+02,6.565717071e+01,1.014136629e+02,3.751950188e-01
2288,5.720000000e-02,7.423201395e-02,1.675034949e+02,6.563218728e+01,1.014959344e+02,3.753732136e-01
2289,5.722500000e-02,7.428165241e-02,1.675609141e+02,6.560723819e+01,1.015781250e+02,3.755509180e-01
2290,5.725000000e-02,7.433127748e-02,1.676182864e+02,6.558231947e+01,1.016602388e+02,3.757281836e-01
2291,5.727500000e-02,7.438088916e-02,1.676756119e+02,6.555743261e+01,1.017422742e+02,3.759050095e-01
2292,5.730000000e-02,7.443048645e-02,1.677328905e+02,6.553258077e+01,1.018242283e+02,3.760813800e-01
2293,5.732500000e-02,7.448006845e-02,1.677901224e+02,6.550776092e+01,1.019061042e+02,3.762572806e-01
2294,5.735000000e-02,7.452963757e-02,1.678473077e+02,6.548296556e+01,1.019879094e+02,3.764327504e-01
2295,5.737500000e-02,7.457919610e-02,1.679044464e+02,6.545818695e+01,1.020696516e+02,3.766078428e-01
2296,5.740000000e-02,7.462874572e-02,1.679615385e+02,6.543342246e+01,1.021513335e+02,3.767826066e-01
2297,5.742500000e-02,7.467828586e-02,1.680185842e+02,6.540865309e+01,1.022329741e+02,3.769570256e-01
2298,5.745000000e-02,7.472782677e-02,1.680755835e+02,6.538384440e+01,1.023146077e+02,3.771313466e-01
2299,5.747500000e-02,7.477737636e-02,1.681325363e+02,6.535898200e+01,1.023962486e+02,3.773057153e-01
2300,5.750000000e-02,7.482693387e-02,1.681894427e+02,6.533407429e+01,1.024778884e+02,3.774800997e-01
2301,5.752500000e-02,7.487649507e-02,1.682463028e+02,6.530913630e+01,1.025595120e+02,3.776544266e-01
2302,5.755000000e-02,7.492605553e-02,1.683031164e+02,6.528418276e+01,1.026411050e+02,3.778286219e-01
2303,5.757500000e-02,7.497561150e-02,1.683598836e+02,6.525922606e+01,1.027226549e+02,3.780026195e-01
2304,5.760000000e-02,7.502516001e-02,1.684166045e+02,6.523427551e+01,1.028041526e+02,3.781763625e-01
2305,5.762500000e-02,7.507469931e-02,1.684732791e+02,6.520933852e+01,1.028855908e+02,3.783498031e-01
2306,5.765000000e-02,7.512422771e-02,1.685299074e+02,6.518442236e+01,1.029669621e+02,3.785229014e-01
2307,5.767500000e-02,7.517374340e-02,1.685864895e+02,6.515953326e+01,1.030482606e+02,3.786956222e-01
2308,5.770000000e-02,7.522324504e-02,1.686430255e+02,6.513467231e+01,1.031294852e+02,3.788679350e-01
2309,5.772500000e-02,7.527273392e-02,1.686995154e+02,6.510983803e+01,1.032106375e+02,3.790398212e-01
2310,5.775000000e-02,7.532221108e-02,1.687559592e+02,6.508502161e+01,1.032917263e+02,3.792113252e-01
2311,5.777500000e-02,7.537167933e-02,1.688123571e+02,6.506020883e+01,1.033727658e+02,3.793825233e-01
2312,5.780000000e-02,7.542114269e-02,1.688687091e+02,6.503538229e+01,1.034537733e+02,3.795535033e-01
2313,5.782500000e-02,7.547060612e-02,1.689250153e+02,6.501053216e+01,1.035347588e+02,3.797243113e-01
2314,5.785000000e-02,7.552007143e-02,1.689812755e+02,6.498565902e+01,1.036157216e+02,3.798949640e-01
2315,5.787500000e-02,7.556953685e-02,1.690374900e+02,6.496076644e+01,1.036966581e+02,3.800654317e-01
2316,5.790000000e-02,7.561900151e-02,1.690936586e+02,6.493586235e+01,1.037775606e+02,3.802356946e-01
2317,5.792500000e-02,7.566846262e-02,1.691497815e+02,6.491095110e+01,1.038584247e+02,3.804057174e-01
2318,5.795000000e-02,7.571792137e-02,1.692058586e+02,6.488603275e+01,1.039392503e+02,3.805754908e-01
2319,5.797500000e-02,7.576737697e-02,1.692618900e+02,6.486110870e+01,1.040200363e+02,3.807450079e-01
2320,5.800000000e-02,7.581682888e-02,1.693178757e+02,6.483617467e+01,1.041007867e+02,3.809142646e-01
2321,5.802500000e-02,7.586627982e-02,1.693738157e+02,6.481122310e+01,1.041815093e+02,3.810833068e-01
2322,5.805000000e-02,7.591573084e-02,1.694297101e+02,6.478625738e+01,1.042622006e+02,3.812521590e-01
2323,5.807500000e-02,7.596517977e-02,1.694855590e+02,6.476127920e+01,1.043428590e+02,3.814207959e-01
2324,5.810000000e-02,7.601462822e-02,1.695413622e+02,6.473628379e+01,1.044234892e+02,3.815892347e-01
2325,5.812500000e-02,7.606407789e-02,1.695971199e+02,6.471127284e+01,1.045040896e+02,3.817575124e-01
2326,5.815000000e-02,7.611352584e-02,1.696528321e+02,6.468625393e+01,1.045846526e+02,3.819255947e-01
2327,5.817500000e-02,7.616297001e-02,1.697084988e+02,6.466123249e+01,1.046651729e+02,3.820934420e-01
2328,5.820000000e-02,7.621240943e-02,1.697641201e+02,6.463621270e+01,1.047456463e+02,3.822610305e-01
2329,5.822500000e-02,7.626184310e-02,1.698196959e+02,6.461120021e+01,1.048260674e+02,3.824283346e-01
2330,5.825000000e-02,7.631126912e-02,1.698752264e+02,6.458620182e+01,1.049064292e+02,3.825953271e-01
2331,5.827500000e-02,7.636068548e-02,1.699307115e+02,6.456122001e+01,1.049867295e+02,3.827619773e-01
2332,5.830000000e-02,7.641009307e-02,1.699861513e+02,6.453625877e+01,1.050669643e+02,3.829282684e-01
2333,5.832500000e-02,7.645949050e-02,1.700415460e+02,6.451131694e+01,1.051471349e+02,3.830941824e-01
2334,5.835000000e-02,7.650888044e-02,1.700968955e+02,6.448638194e+01,1.052272538e+02,3.832597393e-01
2335,5.837500000e-02,7.655826692e-02,1.701521998e+02,6.446143329e+01,1.053073414e+02,3.834250831e-01
2336,5.840000000e-02,7.660765431e-02,1.702074591e+02,6.443646139e+01,1.053874074e+02,3.835903480e-01
2337,5.842500000e-02,7.665704194e-02,1.702626733e+02,6.441147128e+01,1.054674465e+02,3.837555052e-01
2338,5.845000000e-02,7.670642706e-02,1.703178425e+02,6.438647033e+01,1.055474517e+02,3.839204947e-01
2339,5.847500000e-02,7.675580818e-02,1.703729667e+02,6.436145745e+01,1.056274240e+02,3.840852816e-01
2340,5.850000000e-02,7.680518756e-02,1.704280459e+02,6.433642339e+01,1.057073726e+02,3.842498960e-01
2341,5.852500000e-02,7.685456803e-02,1.704830802e+02,6.431136034e+01,1.057873055e+02,3.844143852e-01
2342,5.855000000e-02,7.690395161e-02,1.705380695e+02,6.428626888e+01,1.058672218e+02,3.845787942e-01
2343,5.857500000e-02,7.695333566e-02,1.705930139e+02,6.426115963e+01,1.059471112e+02,3.847430841e-01
2344,5.860000000e-02,7.700271671e-02,1.706479134e+02,6.423604471e+01,1.060269615e+02,3.849072002e-01
2345,5.862500000e-02,7.705209156e-02,1.707027680e+02,6.421093101e+01,1.061067659e+02,3.850710895e-01
2346,5.865000000e-02,7.710145970e-02,1.707575778e+02,6.418582351e+01,1.061865196e+02,3.852347158e-01
2347,5.867500000e-02,7.715082048e-02,1.708123428e+02,6.416072909e+01,1.062662156e+02,3.853980502e-01
2348,5.870000000e-02,7.720017154e-02,1.708670630e+02,6.413565532e+01,1.063458466e+02,3.855610619e-01
2349,5.872500000e-02,7.724951088e-02,1.709217385e+02,6.411060862e+01,1.064254062e+02,3.857237206e-01
2350,5.875000000e-02,7.729883695e-02,1.709763694e+02,6.408559197e+01,1.065048914e+02,3.858859996e-01
2351,5.877500000e-02,7.734815020e-02,1.710309557e+02,6.406060677e+01,1.065843010e+02,3.860478850e-01
2352,5.880000000e-02,7.739745040e-02,1.710854975e+02,6.403565623e+01,1.066636319e+02,3.862093669e-01
2353,5.882500000e-02,7.744673625e-02,1.711399948e+02,6.401074423e+01,1.067428802e+02,3.863704297e-01
2354,5.885000000e-02,7.749600665e-02,1.711944478e+02,6.398587233e+01,1.068220444e+02,3.865310585e-01
2355,5.887500000e-02,7.754526149e-02,1.712488564e+02,6.396104175e+01,1.069011234e+02,3.866912408e-01
2356,5.890000000e-02,7.759450056e-02,1.713032208e+02,6.393625468e+01,1.069801152e+02,3.868509654e-01
2357,5.892500000e-02,7.764372311e-02,1.713575411e+02,6.391151351e+01,1.070590174e+02,3.870102209e-01
2358,5.895000000e-02,7.769292853e-02,1.714118173e+02,6.388681631e+01,1.071378319e+02,3.871689971e-01
2359,5.897500000e-02,7.774211844e-02,1.714660494e+02,6.386215654e+01,1.072165655e+02,3.873273154e-01
2360,5.900000000e-02,7.779129509e-02,1.715202376e+02,6.383752922e+01,1.072952232e+02,3.874852244e-01
2361,5.902500000e-02,7.784045892e-02,1.715743820e+02,6.381293421e+01,1.073738050e+02,3.876427262e-01
2362,5.905000000e-02,7.788960946e-02,1.716284825e+02,6.378837206e+01,1.074523106e+02,3.877998092e-01
2363,5.907500000e-02,7.793874698e-02,1.716825393e+02,6.376383997e+01,1.075307428e+02,3.879564762e-01
2364,5.910000000e-02,7.798787286e-02,1.717365524e+02,6.373933714e+01,1.076091025e+02,3.881127545e-01
2365,5.912500000e-02,7.803698641e-02,1.717905219e+02,6.371486286e+01,1.076873904e+02,3.882686385e-01
2366,5.915000000e-02,7.808608836e-02,1.718444478e+02,6.369041098e+01,1.077656127e+02,3.884241481e-01
2367,5.917500000e-02,7.813518095e-02,1.718983302e+02,6.366596852e+01,1.078437824e+02,3.885793388e-01
2368,5.920000000e-02,7.818426834e-02,1.719521692e+02,6.364151597e+01,1.079219190e+02,3.887342972e-01
2369,5.922500000e-02,7.823335708e-02,1.720059648e+02,6.361702721e+01,1.080000485e+02,3.888891423e-01
2370,5.925000000e-02,7.828245507e-02,1.720597170e+02,6.359248877e+01,1.080781842e+02,3.890440288e-01
2371,5.927500000e-02,7.833156059e-02,1.721134258e+02,6.356790945e+01,1.081563174e+02,3.891989270e-01
2372,5.930000000e-02,7.838066933e-02,1.721670912e+02,6.354330395e+01,1.082344334e+02,3.893537673e-01
2373,5.932500000e-02,7.842977706e-02,1.722207132e+02,6.351868673e+01,1.083125180e+02,3.895084802e-01
2374,5.935000000e-02,7.847888013e-02,1.722742918e+02,6.349407041e+01,1.083905584e+02,3.896630045e-01
2375,5.937500000e-02,7.852797559e-02,1.723278271e+02,6.346946554e+01,1.084685443e+02,3.898172881e-01
2376,5.940000000e-02,7.857706106e-02,1.723813191e+02,6.344488042e+01,1.085464674e+02,3.899712879e-01
2377,5.942500000e-02,7.862613484e-02,1.724347679e+02,6.342032084e+01,1.086243221e+02,3.901249688e-01
2378,5.945000000e-02,7.867519607e-02,1.724881735e+02,6.339579101e+01,1.087021041e+02,3.902783032e-01
2379,5.947500000e-02,7.872424411e-02,1.725415359e+02,6.337129347e+01,1.087798112e+02,3.904312698e-01
2380,5.950000000e-02,7.877327894e-02,1.725948553e+02,6.334683154e+01,1.088574399e+02,3.905838539e-01
2381,5.952500000e-02,7.882229943e-02,1.726481317e+02,6.332240941e+01,1.089349862e+02,3.907360420e-01
2382,5.955000000e-02,7.887130424e-02,1.727013651e+02,6.329801772e+01,1.090124596e+02,3.908878208e-01
2383,5.957500000e-02,7.892029948e-02,1.727545557e+02,6.327363184e+01,1.090898845e+02,3.910393263e-01
2384,5.960000000e-02,7.896929123e-02,1.728077035e+02,6.324923369e+01,1.091672791e+02,3.911906647e-01
2385,5.962500000e-02,7.901828409e-02,1.728608084e+02,6.322481161e+01,1.092446550e+02,3.913418543e-01
2386,5.965000000e-02,7.906728100e-02,1.729138707e+02,6.320036015e+01,1.093220176e+02,3.914929424e-01
2387,5.967500000e-02,7.911628110e-02,1.729668901e+02,6.317588738e+01,1.093993588e+02,3.916439257e-01
2388,5.970000000e-02,7.916528095e-02,1.730198669e+02,6.315140013e+01,1.094766720e+02,3.917947652e-01
2389,5.972500000e-02,7.921428073e-02,1.730728009e+02,6.312690327e+01,1.095539522e+02,3.919454407e-01
2390,5.975000000e-02,7.926327785e-02,1.731256922e+02,6.310240268e+01,1.096311936e+02,3.920959249e-01
2391,5.977500000e-02,7.931227097e-02,1.731785409e+02,6.307789976e+01,1.097083949e+02,3.922461907e-01
2392,5.980000000e-02,7.936126077e-02,1.732313469e+02,6.305339514e+01,1.097855556e+02,3.923962346e-01
2393,5.982500000e-02,7.941024656e-02,1.732841104e+02,6.302888884e+01,1.098626755e+02,3.925460547e-01
2394,5.985000000e-02,7.945922936e-02,1.733368313e+02,6.300437725e+01,1.099397584e+02,3.926956771e-01
2395,5.987500000e-02,7.950821064e-02,1.733895097e+02,6.297985621e+01,1.100168083e+02,3.928451363e-01
2396,5.990000000e-02,7.955719147e-02,1.734421456e+02,6.295532351e+01,1.100938276e+02,3.929944314e-01
2397,5.992500000e-02,7.960617276e-02,1.734947390e+02,6.293077802e+01,1.101708174e+02,3.931435956e-01
2398,5.995000000e-02,7.965515298e-02,1.735472899e+02,6.290622605e+01,1.102477713e+02,3.932926252e-01
2399,5.997500000e-02,7.970412934e-02,1.735997985e+02,6.288167109e+01,1.103246859e+02,3.934414819e-01
2400,6.000000000e-02,7.975310222e-02,1.736522647e+02,6.285711709e+01,1.104015574e+02,3.935901466e-01
2401,6.002500000e-02,7.980206940e-02,1.737046885e+02,6.283256799e+01,1.104783819e+02,3.937385909e-01
2402,6.005000000e-02,7.985103082e-02,1.737570700e+02,6.280802937e+01,1.105551539e+02,3.938867919e-01
2403,6.007500000e-02,7.989998400e-02,1.738094093e+02,6.278350857e+01,1.106318660e+02,3.940347212e-01
2404,6.010000000e-02,7.994892686e-02,1.738617063e+02,6.275901128e+01,1.107085127e+02,3.941823481e-01
2405,6.012500000e-02,7.999785833e-02,1.739139611e+02,6.273453785e+01,1.107850936e+02,3.943296474e-01
2406,6.015000000e-02,8.004678051e-02,1.739661739e+02,6.271008379e+01,1.108616135e+02,3.944766182e-01
2407,6.017500000e-02,8.009569512e-02,1.740183445e+02,6.268564759e+01,1.109380737e+02,3.946232752e-01
2408,6.020000000e-02,8.014460091e-02,1.740704732e+02,6.266123239e+01,1.110144712e+02,3.947696068e-01
2409,6.022500000e-02,8.019349709e-02,1.741225599e+02,6.263683335e+01,1.110908109e+02,3.949156188e-01
2410,6.025000000e-02,8.024238635e-02,1.741746047e+02,6.261243525e+01,1.111671080e+02,3.950614038e-01
2411,6.027500000e-02,8.029127366e-02,1.742266076e+02,6.258802371e+01,1.112433768e+02,3.952070740e-01
2412,6.030000000e-02,8.034016062e-02,1.742785687e+02,6.256359870e+01,1.113196173e+02,3.953526374e-01
2413,6.032500000e-02,8.038904556e-02,1.743304879e+02,6.253916400e+01,1.113958259e+02,3.954980536e-01
2414,6.035000000e-02,8.043792752e-02,1.743823654e+02,6.251472128e+01,1.114720008e+02,3.956433005e-01
2415,6.037500000e-02,8.048680658e-02,1.744342011e+02,6.249026715e+01,1.115481456e+02,3.957883807e-01
2416,6.040000000e-02,8.053568569e-02,1.744859951e+02,6.246579033e+01,1.116242714e+02,3.959333496e-01
2417,6.042500000e-02,8.058456778e-02,1.745377474e+02,6.244128730e+01,1.117003818e+02,3.960782669e-01
2418,6.045000000e-02,8.063345070e-02,1.745894579e+02,6.241676818e+01,1.117764666e+02,3.962230994e-01
2419,6.047500000e-02,8.068233085e-02,1.746411268e+02,6.239224505e+01,1.118525139e+02,3.963677960e-01
2420,6.050000000e-02,8.073120506e-02,1.746927540e+02,6.236772559e+01,1.119285161e+02,3.965123075e-01
2421,6.052500000e-02,8.078007269e-02,1.747443396e+02,6.234321403e+01,1.120044689e+02,3.966565970e-01
2422,6.055000000e-02,8.082893300e-02,1.747958836e+02,6.231871686e+01,1.120803661e+02,3.968006422e-01
2423,6.057500000e-02,8.087778408e-02,1.748473860e+02,6.229424105e+01,1.121562006e+02,3.969444150e-01
2424,6.060000000e-02,8.092662412e-02,1.748988470e+02,6.226979023e+01,1.122319689e+02,3.970878895e-01
2425,6.062500000e-02,8.097545343e-02,1.749502665e+02,6.224536611e+01,1.123076693e+02,3.972310516e-01
2426,6.065000000e-02,8.102427159e-02,1.750016446e+02,6.222097202e+01,1.123832987e+02,3.973738898e-01
2427,6.067500000e-02,8.107307726e-02,1.750529815e+02,6.219661105e+01,1.124588540e+02,3.975163878e-01
2428,6.070000000e-02,8.112186953e-02,1.751042770e+02,6.217228632e+01,1.125343322e+02,3.976585301e-01
2429,6.072500000e-02,8.117064757e-02,1.751555314e+02,6.214800070e+01,1.126097303e+02,3.978003022e-01
2430,6.075000000e-02,8.121941064e-02,1.752067446e+02,6.212375668e+01,1.126850462e+02,3.979416912e-01
2431,6.077500000e-02,8.126815815e-02,1.752579167e+02,6.209955640e+01,1.127602776e+02,3.980826865e-01
2432,6.080000000e-02,8.131688960e-02,1.753090478e+02,6.207540175e+01,1.128354228e+02,3.982232789e-01
2433,6.082500000e-02,8.136560454e-02,1.753601380e+02,6.205129424e+01,1.129104803e+02,3.983634608e-01
2434,6.085000000e-02,8.141430264e-02,1.754111874e+02,6.202723519e+01,1.129854489e+02,3.985032260e-01
2435,6.087500000e-02,8.146298361e-02,1.754621959e+02,6.200321853e+01,1.130603348e+02,3.986425696e-01
2436,6.090000000e-02,8.151165118e-02,1.755131637e+02,6.197923621e+01,1.131351460e+02,3.987815515e-01
2437,6.092500000e-02,8.156030640e-02,1.755640909e+02,6.195528584e+01,1.132098849e+02,3.989201904e-01
2438,6.095000000e-02,8.160894942e-02,1.756149775e+02,6.193136769e+01,1.132845514e+02,3.990584814e-01
2439,6.097500000e-02,8.165758019e-02,1.756658236e+02,6.190747840e+01,1.133591488e+02,3.991964227e-01
2440,6.100000000e-02,8.170620061e-02,1.757166292e+02,6.188361591e+01,1.134336792e+02,3.993340450e-01
2441,6.102500000e-02,8.175481022e-02,1.757673943e+02,6.185978259e+01,1.135081404e+02,3.994713474e-01
2442,6.105000000e-02,8.180340781e-02,1.758181192e+02,6.183598228e+01,1.135825286e+02,3.996083165e-01
2443,6.107500000e-02,8.185199221e-02,1.758688037e+02,6.181220276e+01,1.136568560e+02,3.997449374e-01
2444,6.110000000e-02,8.190057092e-02,1.759194479e+02,6.178842567e+01,1.137311409e+02,3.998813590e-01
2445,6.112500000e-02,8.194914648e-02,1.759700520e+02,6.176464181e+01,1.138053925e+02,4.000176218e-01
2446,6.115000000e-02,8.199772098e-02,1.760206159e+02,6.174084095e+01,1.138796212e+02,4.001537410e-01
2447,6.117500000e-02,8.204629835e-02,1.760711396e+02,6.171700628e+01,1.139538435e+02,4.002898229e-01
2448,6.120000000e-02,8.209488312e-02,1.761216232e+02,6.169313115e+01,1.140280661e+02,4.004259457e-01
2449,6.122500000e-02,8.214347299e-02,1.761720666e+02,6.166922464e+01,1.141022799e+02,4.005620683e-01
2450,6.125000000e-02,8.219206482e-02,1.762224700e+02,6.164530041e+01,1.141764714e+02,4.006981316e-01
2451,6.127500000e-02,8.224065444e-02,1.762728332e+02,6.162137169e+01,1.142506274e+02,4.008340789e-01
2452,6.130000000e-02,8.228923852e-02,1.763231563e+02,6.159744930e+01,1.143247371e+02,4.009698607e-01
2453,6.132500000e-02,8.233781454e-02,1.763734393e+02,6.157354163e+01,1.143987923e+02,4.011054354e-01
2454,6.135000000e-02,8.238638063e-02,1.764236823e+02,6.154965570e+01,1.144727859e+02,4.012407687e-01
2455,6.137500000e-02,8.243493526e-02,1.764738854e+02,6.152579535e+01,1.145467142e+02,4.013758318e-01
2456,6.140000000e-02,8.248347833e-02,1.765240485e+02,6.150196393e+01,1.146205740e+02,4.015106036e-01
2457,6.142500000e-02,8.253200918e-02,1.765741718e+02,6.147816488e+01,1.146943618e+02,4.016450676e-01
2458,6.145000000e-02,8.258052703e-02,1.766242552e+02,6.145440025e+01,1.147680758e+02,4.017792089e-01
2459,6.147500000e-02,8.262903190e-02,1.766742989e+02,6.143067302e+01,1.148417129e+02,4.019130166e-01
2460,6.150000000e-02,8.267752247e-02,1.767243029e+02,6.140698123e+01,1.149152752e+02,4.020464807e-01
2461,6.152500000e-02,8.272600038e-02,1.767742673e+02,6.138330896e+01,1.149887787e+02,4.021796360e-01
2462,6.155000000e-02,8.277447357e-02,1.768241921e+02,6.135963052e+01,1.150622490e+02,4.023125930e-01
2463,6.157500000e-02,8.282294839e-02,1.768740774e+02,6.133593000e+01,1.151357019e+02,4.024454527e-01
2464,6.160000000e-02,8.287142674e-02,1.769239232e+02,6.131220456e+01,1.152091404e+02,4.025782339e-01
2465,6.162500000e-02,8.291990871e-02,1.769737294e+02,6.128845353e+01,1.152825650e+02,4.027109423e-01
2466,6.165000000e-02,8.296839411e-02,1.770234962e+02,6.126467765e+01,1.153559750e+02,4.028435811e-01
2467,6.167500000e-02,8.301688314e-02,1.770732235e+02,6.124088258e+01,1.154293648e+02,4.029761378e-01
2468,6.170000000e-02,8.306537210e-02,1.771229113e+02,6.121707658e+01,1.155027262e+02,4.031085744e-01
2469,6.172500000e-02,8.311385931e-02,1.771725597e+02,6.119326738e+01,1.155760515e+02,4.032408559e-01
2470,6.175000000e-02,8.316234270e-02,1.772221687e+02,6.116945449e+01,1.156493412e+02,4.033729552e-01
2471,6.177500000e-02,8.321082428e-02,1.772717383e+02,6.114563717e+01,1.157225962e+02,4.035048906e-01
2472,6.180000000e-02,8.325930333e-02,1.773212685e+02,6.112181906e+01,1.157958128e+02,4.036366615e-01
2473,6.182500000e-02,8.330777929e-02,1.773707594e+02,6.109800314e+01,1.158689880e+02,4.037682519e-01
2474,6.185000000e-02,8.335625189e-02,1.774202110e+02,6.107419244e+01,1.159421189e+02,4.038996509e-01
2475,6.187500000e-02,8.340471981e-02,1.774696233e+02,6.105038563e+01,1.160152068e+02,4.040308513e-01
2476,6.190000000e-02,8.345318440e-02,1.775189964e+02,6.102657423e+01,1.160882603e+02,4.041618864e-01
2477,6.192500000e-02,8.350164879e-02,1.775683303e+02,6.100275356e+01,1.161612839e+02,4.042928071e-01
2478,6.195000000e-02,8.355011146e-02,1.776176250e+02,6.097892581e+01,1.162342756e+02,4.044236044e-01
2479,6.197500000e-02,8.359857227e-02,1.776668806e+02,6.095509578e+01,1.163072306e+02,4.045542600e-01
2480,6.200000000e-02,8.364702893e-02,1.777160971e+02,6.093126975e+01,1.163801426e+02,4.046847488e-01
2481,6.202500000e-02,8.369548012e-02,1.777652745e+02,6.090745284e+01,1.164530066e+02,4.048150435e-01
2482,6.205000000e-02,8.374392470e-02,1.778144128e+02,6.088365127e+01,1.165258164e+02,4.049451239e-01
2483,6.207500000e-02,8.379236046e-02,1.778635121e+02,6.085987114e+01,1.165985660e+02,4.050749657e-01
2484,6.210000000e-02,8.384078577e-02,1.779125725e+02,6.083611694e+01,1.166712510e+02,4.052045454e-01
2485,6.212500000e-02,8.388919955e-02,1.779615940e+02,6.081238678e+01,1.167438734e+02,4.053338428e-01
2486,6.215000000e-02,8.393760551e-02,1.780105766e+02,6.078867410e+01,1.168164396e+02,4.054628735e-01
2487,6.217500000e-02,8.398600430e-02,1.780595204e+02,6.076498120e+01,1.168889475e+02,4.055916422e-01
2488,6.220000000e-02,8.403439378e-02,1.781084254e+02,6.074131373e+01,1.169613915e+02,4.057201315e-01
2489,6.222500000e-02,8.408277218e-02,1.781572917e+02,6.071767566e+01,1.170337677e+02,4.058483225e-01
2490,6.225000000e-02,8.413113878e-02,1.782061194e+02,6.069405930e+01,1.171060839e+02,4.059762106e-01
2491,6.227500000e-02,8.417949852e-02,1.782549084e+02,6.067044202e+01,1.171783625e+02,4.061039021e-01
2492,6.230000000e-02,8.422785876e-02,1.783036589e+02,6.064680958e+01,1.172506178e+02,4.062315177e-01
2493,6.232500000e-02,8.427621949e-02,1.783523708e+02,6.062316442e+01,1.173228473e+02,4.063590519e-01
2494,6.235000000e-02,8.432457845e-02,1.784010442e+02,6.059950691e+01,1.173950508e+02,4.064864638e-01
2495,6.237500000e-02,8.437293676e-02,1.784496791e+02,6.057583929e+01,1.174672260e+02,4.066137649e-01
2496,6.240000000e-02,8.442129323e-02,1.784982755e+02,6.055216518e+01,1.175393694e+02,4.067409360e-01
2497,6.242500000e-02,8.446964738e-02,1.785468334e+02,6.052848333e+01,1.176114821e+02,4.068679774e-01
2498,6.245000000e-02,8.451799993e-02,1.785953529e+02,6.050479207e+01,1.176835660e+02,4.069949155e-01
2499,6.247500000e-02,8.456635058e-02,1.786438341e+02,6.048109054e+01,1.177556218e+02,4.071217437e-01
2500,6.250000000e-02,8.461470018e-02,1.786922768e+02,6.045737998e+01,1.178276483e+02,4.072484791e-01
2501,6.252500000e-02,8.466304649e-02,1.787406811e+02,6.043366832e+01,1.178996377e+02,4.073750913e-01
2502,6.255000000e-02,8.471138734e-02,1.787890471e+02,6.040996258e+01,1.179715830e+02,4.075015425e-01
2503,6.257500000e-02,8.475972160e-02,1.788373748e+02,6.038627009e+01,1.180434769e+02,4.076278016e-01
2504,6.260000000e-02,8.480804696e-02,1.788856643e+02,6.036259593e+01,1.181153145e+02,4.077538402e-01
2505,6.262500000e-02,8.485636282e-02,1.789339155e+02,6.033894142e+01,1.181870944e+02,4.078796383e-01
2506,6.265000000e-02,8.490467040e-02,1.789821285e+02,6.031530793e+01,1.182588154e+02,4.080051884e-01
2507,6.267500000e-02,8.495296926e-02,1.790303034e+02,6.029169924e+01,1.183304737e+02,4.081304809e-01
2508,6.270000000e-02,8.500125778e-02,1.790784402e+02,6.026811984e+01,1.184020649e+02,4.082555011e-01
2509,6.272500000e-02,8.504953466e-02,1.791265390e+02,6.024457368e+01,1.184735851e+02,4.083802348e-01
2510,6.275000000e-02,8.509779885e-02,1.791745998e+02,6.022106408e+01,1.185450311e+02,4.085046695e-01
2511,6.277500000e-02,8.514604948e-02,1.792226227e+02,6.019759372e+01,1.186164002e+02,4.086287951e-01
2512,6.280000000e-02,8.519428590e-02,1.792706078e+02,6.017416475e+01,1.186876904e+02,4.087526034e-01
2513,6.282500000e-02,8.524250759e-02,1.793185550e+02,6.015077829e+01,1.187589006e+02,4.088760882e-01
2514,6.285000000e-02,8.529071426e-02,1.793664645e+02,6.012743539e+01,1.188300299e+02,4.089992441e-01
2515,6.287500000e-02,8.533890566e-02,1.794143364e+02,6.010413700e+01,1.189010773e+02,4.091220667e-01
2516,6.290000000e-02,8.538708155e-02,1.794621706e+02,6.008088325e+01,1.189720428e+02,4.092445521e-01
2517,6.292500000e-02,8.543524192e-02,1.795099673e+02,6.005767416e+01,1.190429265e+02,4.093666973e-01
2518,6.295000000e-02,8.548338689e-02,1.795577266e+02,6.003451008e+01,1.191137280e+02,4.094884991e-01
2519,6.297500000e-02,8.553151635e-02,1.796054484e+02,6.001138524e+01,1.191844532e+02,4.096099549e-01
2520,6.300000000e-02,8.557963375e-02,1.796531329e+02,5.998829136e+01,1.192551104e+02,4.097311155e-01
2521,6.302500000e-02,8.562774043e-02,1.797007801e+02,5.996522625e+01,1.193257018e+02,4.098520038e-01
2522,6.305000000e-02,8.567583600e-02,1.797483901e+02,5.994218812e+01,1.193962293e+02,4.099726161e-01
2523,6.307500000e-02,8.572392167e-02,1.797959629e+02,5.991917346e+01,1.194666964e+02,4.100929653e-01
2524,6.310000000e-02,8.577199847e-02,1.798434985e+02,5.989618172e+01,1.195371037e+02,4.102130701e-01
2525,6.312500000e-02,8.582006570e-02,1.798909971e+02,5.987321568e+01,1.196074485e+02,4.103329239e-01
2526,6.315000000e-02,8.586812224e-02,1.799384586e+02,5.985027639e+01,1.196777297e+02,4.104525129e-01
2527,6.317500000e-02,8.591616837e-02,1.799858832e+02,5.982735821e+01,1.197479532e+02,4.105718441e-01
2528,6.320000000e-02,8.596420682e-02,1.800332708e+02,5.980445446e+01,1.198181254e+02,4.106909739e-01
2529,6.322500000e-02,8.601223874e-02,1.800806216e+02,5.978154224e+01,1.198882694e+02,4.108099158e-01
2530,6.325000000e-02,8.606027625e-02,1.801279354e+02,5.975858529e+01,1.199584212e+02,4.109288991e-01
2531,6.327500000e-02,8.610832537e-02,1.801752124e+02,5.973557456e+01,1.200285899e+02,4.110480082e-01
2532,6.330000000e-02,8.615638354e-02,1.802224526e+02,5.971251988e+01,1.200987655e+02,4.111671977e-01
2533,6.332500000e-02,8.620444702e-02,1.802696559e+02,5.968943538e+01,1.201689341e+02,4.112864057e-01
2534,6.335000000e-02,8.625251187e-02,1.803168223e+02,5.966633506e+01,1.202390816e+02,4.114055726e-01
2535,6.337500000e-02,8.630057453e-02,1.803639518e+02,5.964323103e+01,1.203091962e+02,4.115246462e-01
2536,6.340000000e-02,8.634863216e-02,1.804110445e+02,5.962013323e+01,1.203792677e+02,4.116435824e-01
2537,6.342500000e-02,8.639668251e-02,1.804581004e+02,5.959704971e+01,1.204492884e+02,4.117623450e-01
2538,6.345000000e-02,8.644472383e-02,1.805051196e+02,5.957398629e+01,1.205192524e+02,4.118809045e-01
2539,6.347500000e-02,8.649275518e-02,1.805521020e+02,5.955094707e+01,1.205891556e+02,4.119992370e-01
2540,6.350000000e-02,8.654077589e-02,1.805990477e+02,5.952793481e+01,1.206589955e+02,4.121173242e-01
2541,6.352500000e-02,8.658878572e-02,1.806459567e+02,5.950495311e+01,1.207287685e+02,4.122351528e-01
2542,6.355000000e-02,8.663678344e-02,1.806928292e+02,5.948200494e+01,1.207984716e+02,4.123527106e-01
2543,6.357500000e-02,8.668476828e-02,1.807396652e+02,5.945909288e+01,1.208681023e+02,4.124699863e-01
2544,6.360000000e-02,8.673273962e-02,1.807864647e+02,5.943621905e+01,1.209376587e+02,4.125869703e-01
2545,6.362500000e-02,8.678069702e-02,1.808332278e+02,5.941338175e+01,1.210071424e+02,4.127036548e-01
2546,6.365000000e-02,8.682864267e-02,1.808799545e+02,5.939057152e+01,1.210765629e+02,4.128200395e-01
2547,6.367500000e-02,8.687658164e-02,1.809266449e+02,5.936777233e+01,1.211459364e+02,4.129361948e-01
2548,6.370000000e-02,8.692451719e-02,1.809732991e+02,5.934497464e+01,1.212152722e+02,4.130521855e-01
2549,6.372500000e-02,8.697245072e-02,1.810199170e+02,5.932216697e+01,1.212845820e+02,4.131680295e-01
2550,6.375000000e-02,8.702038741e-02,1.810664987e+02,5.929933934e+01,1.213538756e+02,4.132838110e-01
2551,6.377500000e-02,8.706832685e-02,1.811130443e+02,5.927649147e+01,1.214231533e+02,4.133995280e-01
2552,6.380000000e-02,8.711626998e-02,1.811595536e+02,5.925361934e+01,1.214924191e+02,4.135151682e-01
2553,6.382500000e-02,8.716421864e-02,1.812060269e+02,5.923071968e+01,1.215616764e+02,4.136307585e-01
2554,6.385000000e-02,8.721217172e-02,1.812524639e+02,5.920780066e+01,1.216309170e+02,4.137462916e-01
2555,6.387500000e-02,8.726012526e-02,1.812988648e+02,5.918487391e+01,1.217001292e+02,4.138617304e-01
2556,6.390000000e-02,8.730807583e-02,1.813452296e+02,5.916194289e+01,1.217693097e+02,4.139770345e-01
2557,6.392500000e-02,8.735602469e-02,1.813915583e+02,5.913900583e+01,1.218384603e+02,4.140922080e-01
2558,6.395000000e-02,8.740397316e-02,1.814378509e+02,5.911606067e+01,1.219075830e+02,4.142072641e-01
2559,6.397500000e-02,8.745192247e-02,1.814841075e+02,5.909311058e+01,1.219766747e+02,4.143222011e-01
2560,6.400000000e-02,8.749987010e-02,1.815303280e+02,5.907016298e+01,1.220457280e+02,4.144369989e-01
2561,6.402500000e-02,8.754781341e-02,1.815765125e+02,5.904722542e+01,1.221147355e+02,4.145516302e-01
2562,6.405000000e-02,8.759575024e-02,1.816226611e+02,5.902430447e+01,1.221836905e+02,4.146660687e-01
2563,6.407500000e-02,8.764367884e-02,1.816687737e+02,5.900140375e+01,1.222525896e+02,4.147802915e-01
2564,6.410000000e-02,8.769159905e-02,1.817148504e+02,5.897851879e+01,1.223214373e+02,4.148942954e-01
2565,6.412500000e-02,8.773951384e-02,1.817608913e+02,5.895563421e+01,1.223902489e+02,4.150081269e-01
2566,6.415000000e-02,8.778742941e-02,1.818068963e+02,5.893273958e+01,1.224590349e+02,4.151218595e-01
2567,6.417500000e-02,8.783534467e-02,1.818528656e+02,5.890983991e+01,1.225277902e+02,4.152354958e-01
2568,6.420000000e-02,8.788325682e-02,1.818987991e+02,5.888694059e+01,1.225965095e+02,4.153490074e-01
2569,6.422500000e-02,8.793116555e-02,1.819446969e+02,5.886404712e+01,1.226651874e+02,4.154623724e-01
2570,6.425000000e-02,8.797906859e-02,1.819905589e+02,5.884116681e+01,1.227338165e+02,4.155755684e-01
2571,6.427500000e-02,8.802696377e-02,1.820363853e+02,5.881830619e+01,1.228023905e+02,4.156885709e-01
2572,6.430000000e-02,8.807484947e-02,1.820821760e+02,5.879546991e+01,1.228709047e+02,4.158013586e-01
2573,6.432500000e-02,8.812272502e-02,1.821279311e+02,5.877265602e+01,1.229393612e+02,4.159139173e-01
2574,6.435000000e-02,8.817059404e-02,1.821736507e+02,5.874986078e+01,1.230077637e+02,4.160262668e-01
2575,6.437500000e-02,8.821845474e-02,1.822193348e+02,5.872708869e+01,1.230761077e+02,4.161384024e-01
2576,6.440000000e-02,8.826630538e-02,1.822649835e+02,5.870433925e+01,1.231443939e+02,4.162503083e-01
2577,6.442500000e-02,8.831414813e-02,1.823105967e+02,5.868160473e+01,1.232126300e+02,4.163620132e-01
2578,6.445000000e-02,8.836198509e-02,1.823561746e+02,5.865887929e+01,1.232808217e+02,4.164735609e-01
2579,6.447500000e-02,8.840981703e-02,1.824017171e+02,5.863616518e+01,1.233489670e+02,4.165849444e-01
2580,6.450000000e-02,8.845764221e-02,1.824472243e+02,5.861346038e+01,1.234170678e+02,4.166961452e-01
2581,6.452500000e-02,8.850546346e-02,1.824926963e+02,5.859075795e+01,1.234851311e+02,4.168072269e-01
2582,6.455000000e-02,8.855328033e-02,1.825381330e+02,5.856805947e+01,1.235531553e+02,4.169181811e-01
2583,6.457500000e-02,8.860109181e-02,1.825835345e+02,5.854536310e+01,1.236211424e+02,4.170289850e-01
2584,6.460000000e-02,8.864889971e-02,1.826289009e+02,5.852266850e+01,1.236890927e+02,4.171396594e-01
2585,6.462500000e-02,8.869670366e-02,1.826742321e+02,5.849997964e+01,1.237570022e+02,4.172501969e-01
2586,6.465000000e-02,8.874450202e-02,1.827195282e+02,5.847730120e+01,1.238248664e+02,4.173605783e-01
2587,6.467500000e-02,8.879229370e-02,1.827647892e+02,5.845463732e+01,1.238926811e+02,4.174707830e-01
2588,6.470000000e-02,8.884007786e-02,1.828100152e+02,5.843198797e+01,1.239604464e+02,4.175807926e-01
2589,6.472500000e-02,8.888785624e-02,1.828552061e+02,5.840934408e+01,1.240281714e+02,4.176906401e-01
2590,6.475000000e-02,8.893563180e-02,1.829003622e+02,5.838669440e+01,1.240958674e+02,4.178003816e-01
2591,6.477500000e-02,8.898340723e-02,1.829454832e+02,5.836403456e+01,1.241635386e+02,4.179100627e-01
2592,6.480000000e-02,8.903118090e-02,1.829905693e+02,5.834136889e+01,1.242311808e+02,4.180196640e-01
2593,6.482500000e-02,8.907895196e-02,1.830356206e+02,5.831870453e+01,1.242987869e+02,4.181291560e-01
2594,6.485000000e-02,8.912671772e-02,1.830806369e+02,5.829604965e+01,1.243663488e+02,4.182385083e-01
2595,6.487500000e-02,8.917447605e-02,1.831256185e+02,5.827340820e+01,1.244338626e+02,4.183476923e-01
2596,6.490000000e-02,8.922222784e-02,1.831705652e+02,5.825078353e+01,1.245013249e+02,4.184566932e-01
2597,6.492500000e-02,8.926997152e-02,1.832154771e+02,5.822817796e+01,1.245687336e+02,4.185654941e-01
2598,6.495000000e-02,8.931770714e-02,1.832603543e+02,5.820559383e+01,1.246360864e+02,4.186740843e-01
2599,6.497500000e-02,8.936543410e-02,1.833051968e+02,5.818303431e+01,1.247033801e+02,4.187824536e-01
2600,6.500000000e-02,8.941315135e-02,1.833500047e+02,5.816050284e+01,1.247706113e+02,4.188905895e-01
2601,6.502500000e-02,8.946085791e-02,1.833947780e+02,5.813800254e+01,1.248377770e+02,4.189984809e-01
2602,6.505000000e-02,8.950855293e-02,1.834395167e+02,5.811553606e+01,1.249048745e+02,4.191061180e-01
2603,6.507500000e-02,8.955623573e-02,1.834842209e+02,5.809310561e+01,1.249719018e+02,4.192134929e-01
2604,6.510000000e-02,8.960390577e-02,1.835288907e+02,5.807071300e+01,1.250388571e+02,4.193205992e-01
2605,6.512500000e-02,8.965156260e-02,1.835735262e+02,5.804835949e+01,1.251057392e+02,4.194274319e-01
2606,6.515000000e-02,8.969920593e-02,1.836181272e+02,5.802604582e+01,1.251725474e+02,4.195339872e-01
2607,6.517500000e-02,8.974683558e-02,1.836626940e+02,5.800377274e+01,1.252392810e+02,4.196402619e-01
2608,6.520000000e-02,8.979445139e-02,1.837072266e+02,5.798154094e+01,1.253059394e+02,4.197462535e-01
2609,6.522500000e-02,8.984205319e-02,1.837517250e+02,5.795935106e+01,1.253725220e+02,4.198519601e-01
2610,6.525000000e-02,8.988964084e-02,1.837961894e+02,5.793720364e+01,1.254390283e+02,4.199573800e-01
2611,6.527500000e-02,8.993721424e-02,1.838406196e+02,5.791509843e+01,1.255054587e+02,4.200625125e-01
2612,6.530000000e-02,8.998477345e-02,1.838850159e+02,5.789302892e+01,1.255718197e+02,4.201673567e-01
2613,6.532500000e-02,9.003232235e-02,1.839293783e+02,5.787098623e+01,1.256381201e+02,4.202719639e-01
2614,6.535000000e-02,9.007986221e-02,1.839737068e+02,5.784896461e+01,1.257043658e+02,4.203763536e-01
2615,6.537500000e-02,9.012739483e-02,1.840180014e+02,5.782694503e+01,1.257705759e+02,4.204805453e-01
2616,6.540000000e-02,9.017492990e-02,1.840622623e+02,5.780490006e+01,1.258367775e+02,4.205847279e-01
2617,6.542500000e-02,9.022246979e-02,1.841064894e+02,5.778282674e+01,1.259029737e+02,4.206889446e-01
2618,6.545000000e-02,9.027001245e-02,1.841506827e+02,5.776073327e+01,1.259691562e+02,4.207931644e-01
2619,6.547500000e-02,9.031755497e-02,1.841948422e+02,5.773862688e+01,1.260353180e+02,4.208973470e-01
2620,6.550000000e-02,9.036509610e-02,1.842389680e+02,5.771650767e+01,1.261014588e+02,4.210014728e-01
2621,6.552500000e-02,9.041263722e-02,1.842830600e+02,5.769437551e+01,1.261675789e+02,4.211055672e-01
2622,6.555000000e-02,9.046017751e-02,1.843271183e+02,5.767223457e+01,1.262336741e+02,4.212096099e-01
2623,6.557500000e-02,9.050771574e-02,1.843711429e+02,5.765008748e+01,1.262997418e+02,4.213135745e-01
2624,6.560000000e-02,9.055525211e-02,1.844151338e+02,5.762793256e+01,1.263657838e+02,4.214174499e-01
2625,6.562500000e-02,9.060278835e-02,1.844590910e+02,5.760576629e+01,1.264318035e+02,4.215212630e-01
2626,6.565000000e-02,9.065032448e-02,1.845030146e+02,5.758359099e+01,1.264977986e+02,4.216250189e-01
2627,6.567500000e-02,9.069785874e-02,1.845469046e+02,5.756141348e+01,1.265637624e+02,4.217286908e-01
2628,6.570000000e-02,9.074538893e-02,1.845907609e+02,5.753924146e+01,1.266296872e+02,4.218322478e-01
2629,6.572500000e-02,9.079291304e-02,1.846345837e+02,5.751708194e+01,1.266955661e+02,4.219356611e-01
2630,6.575000000e-02,9.084042938e-02,1.846783729e+02,5.749494083e+01,1.267613931e+02,4.220389067e-01
2631,6.577500000e-02,9.088793661e-02,1.847221286e+02,5.747282299e+01,1.268271636e+02,4.221419643e-01
2632,6.580000000e-02,9.093543368e-02,1.847658508e+02,5.745073230e+01,1.268928737e+02,4.222448177e-01
2633,6.582500000e-02,9.098291973e-02,1.848095396e+02,5.742867174e+01,1.269585204e+02,4.223474538e-01
2634,6.585000000e-02,9.103039421e-02,1.848531950e+02,5.740664197e+01,1.270241032e+02,4.224498622e-01
2635,6.587500000e-02,9.107785777e-02,1.848968171e+02,5.738464465e+01,1.270896204e+02,4.225520367e-01
2636,6.590000000e-02,9.112530961e-02,1.849404059e+02,5.736268190e+01,1.271550701e+02,4.226539717e-01
2637,6.592500000e-02,9.117274910e-02,1.849839615e+02,5.734075552e+01,1.272204503e+02,4.227556614e-01
2638,6.595000000e-02,9.122017581e-02,1.850274839e+02,5.731886691e+01,1.272857599e+02,4.228571012e-01
2639,6.597500000e-02,9.126758940e-02,1.850709732e+02,5.729701561e+01,1.273509993e+02,4.229582876e-01
2640,6.600000000e-02,9.131499073e-02,1.851144294e+02,5.727519769e+01,1.274161725e+02,4.230592213e-01
2641,6.602500000e-02,9.136238259e-02,1.851578526e+02,5.725340721e+01,1.274812854e+02,4.231599134e-01
2642,6.605000000e-02,9.140976600e-02,1.852012428e+02,5.723164052e+01,1.275463419e+02,4.232603788e-01
2643,6.607500000e-02,9.145714218e-02,1.852446000e+02,5.720989771e+01,1.276113417e+02,4.233606292e-01
2644,6.610000000e-02,9.150450999e-02,1.852879244e+02,5.718818118e+01,1.276762826e+02,4.234606638e-01
2645,6.612500000e-02,9.155186832e-02,1.853312160e+02,5.716649186e+01,1.277411636e+02,4.235604767e-01
2646,6.615000000e-02,9.159921722e-02,1.853744747e+02,5.714482350e+01,1.278059912e+02,4.236600652e-01
2647,6.617500000e-02,9.164656203e-02,1.854177007e+02,5.712316594e+01,1.278707753e+02,4.237594531e-01
2648,6.620000000e-02,9.169390492e-02,1.854608940e+02,5.710151010e+01,1.279355253e+02,4.238586588e-01
2649,6.622500000e-02,9.174124861e-02,1.855040546e+02,5.707984279e+01,1.280002541e+02,4.239577642e-01
2650,6.625000000e-02,9.178859596e-02,1.855471825e+02,5.705815709e+01,1.280649686e+02,4.240568191e-01
2651,6.627500000e-02,9.183594634e-02,1.855902778e+02,5.703645342e+01,1.281296686e+02,4.241558323e-01
2652,6.630000000e-02,9.188329870e-02,1.856333405e+02,5.701472682e+01,1.281943588e+02,4.242547918e-01
2653,6.632500000e-02,9.193065746e-02,1.856763705e+02,5.699296203e+01,1.282590547e+02,4.243537679e-01
2654,6.635000000e-02,9.197802813e-02,1.857193678e+02,5.697115361e+01,1.283237614e+02,4.244527986e-01
2655,6.637500000e-02,9.202540816e-02,1.857623326e+02,5.694931100e+01,1.283884697e+02,4.245518655e-01
2656,6.640000000e-02,9.207279314e-02,1.858052647e+02,5.692744713e+01,1.284531666e+02,4.246509248e-01
2657,6.642500000e-02,9.212017927e-02,1.858481641e+02,5.690557377e+01,1.285178404e+02,4.247499325e-01
2658,6.645000000e-02,9.216756348e-02,1.858910309e+02,5.688370086e+01,1.285824812e+02,4.248488501e-01
2659,6.647500000e-02,9.221494333e-02,1.859338652e+02,5.686183650e+01,1.286470810e+02,4.249476451e-01
2660,6.650000000e-02,9.226231691e-02,1.859766668e+02,5.683998719e+01,1.287116333e+02,4.250462908e-01
2661,6.652500000e-02,9.230968271e-02,1.860194359e+02,5.681815692e+01,1.287761342e+02,4.251447657e-01
2662,6.655000000e-02,9.235704045e-02,1.860621725e+02,5.679634572e+01,1.288405837e+02,4.252430567e-01
2663,6.657500000e-02,9.240439114e-02,1.861048766e+02,5.677455418e+01,1.289049813e+02,4.253411649e-01
2664,6.660000000e-02,9.245173372e-02,1.861475484e+02,5.675277826e+01,1.289693310e+02,4.254390842e-01
2665,6.662500000e-02,9.249907207e-02,1.861901877e+02,5.673099979e+01,1.290336510e+02,4.255368699e-01
2666,6.665000000e-02,9.254641318e-02,1.862327946e+02,5.670920772e+01,1.290979523e+02,4.256345950e-01
2667,6.667500000e-02,9.259375523e-02,1.862753692e+02,5.668740787e+01,1.291622291e+02,4.257322586e-01
2668,6.670000000e-02,9.264109528e-02,1.863179115e+02,5.666560895e+01,1.292264727e+02,4.258298325e-01
2669,6.672500000e-02,9.268843082e-02,1.863604215e+02,5.664381886e+01,1.292906754e+02,4.259272874e-01
2670,6.675000000e-02,9.273575987e-02,1.864028992e+02,5.662204119e+01,1.293548334e+02,4.260245980e-01
2671,6.677500000e-02,9.278308337e-02,1.864453447e+02,5.660026624e+01,1.294189567e+02,4.261217561e-01
2672,6.680000000e-02,9.283040855e-02,1.864877579e+02,5.657847942e+01,1.294830596e+02,4.262188641e-01
2673,6.682500000e-02,9.287773442e-02,1.865301390e+02,5.655668297e+01,1.295471401e+02,4.263159298e-01
2674,6.685000000e-02,9.292505857e-02,1.865724878e+02,5.653488403e+01,1.296111909e+02,4.264129218e-01
2675,6.687500000e-02,9.297237884e-02,1.866148045e+02,5.651308815e+01,1.296752066e+02,4.265098064e-01
2676,6.690000000e-02,9.301969490e-02,1.866570891e+02,5.649130183e+01,1.297391807e+02,4.266065583e-01
2677,6.692500000e-02,9.306700461e-02,1.866993416e+02,5.646953174e+01,1.298031067e+02,4.267031556e-01
2678,6.695000000e-02,9.311430622e-02,1.867415620e+02,5.644778196e+01,1.298669805e+02,4.267995788e-01
2679,6.697500000e-02,9.316159958e-02,1.867837504e+02,5.642605529e+01,1.299307993e+02,4.268958140e-01
2680,6.700000000e-02,9.320888392e-02,1.868259067e+02,5.640435470e+01,1.299945602e+02,4.269918499e-01
2681,6.702500000e-02,9.325615834e-02,1.868680311e+02,5.638268000e+01,1.300582635e+02,4.270876759e-01
2682,6.705000000e-02,9.330342362e-02,1.869101237e+02,5.636102606e+01,1.301219143e+02,4.271832984e-01
2683,6.707500000e-02,9.335068216e-02,1.869521843e+02,5.633938947e+01,1.301855161e+02,4.272787504e-01
2684,6.710000000e-02,9.339793431e-02,1.869942131e+02,5.631777086e+01,1.302490682e+02,4.273740374e-01
2685,6.712500000e-02,9.344517923e-02,1.870362101e+02,5.629617284e+01,1.303125681e+02,4.274691534e-01
2686,6.715000000e-02,9.349241592e-02,1.870781754e+02,5.627459843e+01,1.303760129e+02,4.275640883e-01
2687,6.717500000e-02,9.353964347e-02,1.871201090e+02,5.625305040e+01,1.304393997e+02,4.276588315e-01
2688,6.720000000e-02,9.358686113e-02,1.871620108e+02,5.623153125e+01,1.305027262e+02,4.277533731e-01
2689,6.722500000e-02,9.363406824e-02,1.872038811e+02,5.621004319e+01,1.305659902e+02,4.278477042e-01
2690,6.725000000e-02,9.368126426e-02,1.872457198e+02,5.618858804e+01,1.306291899e+02,4.279418176e-01
2691,6.727500000e-02,9.372844877e-02,1.872875269e+02,5.616716726e+01,1.306923239e+02,4.280357071e-01
2692,6.730000000e-02,9.377562141e-02,1.873293025e+02,5.614578065e+01,1.307553925e+02,4.281293678e-01
2693,6.732500000e-02,9.382278305e-02,1.873710468e+02,5.612442780e+01,1.308183962e+02,4.282227980e-01
2694,6.735000000e-02,9.386993356e-02,1.874127596e+02,5.610310961e+01,1.308813340e+02,4.283159970e-01
2695,6.737500000e-02,9.391707233e-02,1.874544411e+02,5.608182486e+01,1.309442072e+02,4.284089624e-01
2696,6.740000000e-02,9.396420095e-02,1.874960912e+02,5.606057098e+01,1.310070186e+02,4.285016968e-01
2697,6.742500000e-02,9.401132048e-02,1.875377102e+02,5.603934810e+01,1.310697679e+02,4.285942051e-01
2698,6.745000000e-02,9.405843008e-02,1.875792979e+02,5.601815699e+01,1.311324545e+02,4.286864857e-01
2699,6.747500000e-02,9.410552964e-02,1.876208545e+02,5.599698808e+01,1.311950879e+02,4.287785451e-01
2700,6.750000000e-02,9.415262505e-02,1.876623800e+02,5.597581660e+01,1.312576929e+02,4.288704957e-01
2701,6.752500000e-02,9.419972351e-02,1.877038744e+02,5.595462402e+01,1.313202880e+02,4.289624426e-01
2702,6.755000000e-02,9.424682528e-02,1.877453378e+02,5.593341249e+01,1.313828709e+02,4.290543889e-01
2703,6.757500000e-02,9.429392828e-02,1.877867701e+02,5.591218605e+01,1.314454377e+02,4.291463058e-01
2704,6.760000000e-02,9.434103239e-02,1.878281713e+02,5.589094058e+01,1.315079925e+02,4.292382041e-01
2705,6.762500000e-02,9.438813901e-02,1.878695415e+02,5.586967442e+01,1.315705370e+02,4.293301229e-01
2706,6.765000000e-02,9.443524628e-02,1.879108807e+02,5.584839589e+01,1.316330628e+02,4.294220292e-01
2707,6.767500000e-02,9.448235161e-02,1.879521888e+02,5.582711414e+01,1.316955608e+02,4.295138856e-01
2708,6.770000000e-02,9.452945274e-02,1.879934660e+02,5.580583736e+01,1.317580230e+02,4.296056586e-01
2709,6.772500000e-02,9.457654781e-02,1.880347122e+02,5.578457235e+01,1.318204425e+02,4.296973199e-01
2710,6.775000000e-02,9.462363536e-02,1.880759274e+02,5.576332455e+01,1.318828140e+02,4.297888464e-01
2711,6.777500000e-02,9.467071426e-02,1.881171118e+02,5.574209773e+01,1.319451338e+02,4.298802196e-01
2712,6.780000000e-02,9.471778375e-02,1.881582652e+02,5.572089514e+01,1.320073987e+02,4.299714243e-01
2713,6.782500000e-02,9.476484320e-02,1.881993878e+02,5.569971947e+01,1.320696059e+02,4.300624479e-01
2714,6.785000000e-02,9.481189205e-02,1.882404797e+02,5.567857300e+01,1.321317534e+02,4.301532801e-01
2715,6.787500000e-02,9.485892987e-02,1.882815407e+02,5.565745751e+01,1.321938393e+02,4.302439127e-01
2716,6.790000000e-02,9.490595631e-02,1.883225711e+02,5.563637192e+01,1.322558648e+02,4.303343389e-01
2717,6.792500000e-02,9.495297265e-02,1.883635708e+02,5.561530489e+01,1.323178413e+02,4.304245694e-01
2718,6.795000000e-02,9.499998483e-02,1.884045399e+02,5.559424469e+01,1.323797805e+02,4.305146709e-01
2719,6.797500000e-02,9.504699405e-02,1.884454784e+02,5.557319007e+01,1.324416836e+02,4.306046619e-01
2720,6.800000000e-02,9.509399918e-02,1.884863863e+02,5.555214479e+01,1.325035470e+02,4.306945327e-01
2721,6.802500000e-02,9.514099866e-02,1.885272637e+02,5.553111378e+01,1.325653656e+02,4.307842668e-01
2722,6.805000000e-02,9.518799104e-02,1.885681106e+02,5.551009923e+01,1.326271375e+02,4.308738474e-01
2723,6.807500000e-02,9.523497640e-02,1.886089270e+02,5.548909566e+01,1.326888681e+02,4.309632763e-01
2724,6.810000000e-02,9.528195759e-02,1.886497130e+02,5.546809725e+01,1.327505631e+02,4.310526017e-01
2725,6.812500000e-02,9.532893523e-02,1.886904685e+02,5.544710496e+01,1.328122218e+02,4.311418255e-01
2726,6.815000000e-02,9.537590826e-02,1.887311937e+02,5.542612045e+01,1.328738424e+02,4.312309335e-01
2727,6.817500000e-02,9.542287678e-02,1.887718886e+02,5.540514387e+01,1.329354248e+02,4.313199176e-01
2728,6.820000000e-02,9.546984104e-02,1.888125531e+02,5.538417768e+01,1.329969666e+02,4.314087756e-01
2729,6.822500000e-02,9.551679977e-02,1.888531873e+02,5.536322635e+01,1.330584635e+02,4.314974937e-01
2730,6.825000000e-02,9.556375163e-02,1.888937912e+02,5.534229410e+01,1.331199111e+02,4.315860575e-01
2731,6.827500000e-02,9.561069549e-02,1.889343650e+02,5.532138444e+01,1.331813061e+02,4.316744539e-01
2732,6.830000000e-02,9.565763049e-02,1.889749085e+02,5.530049485e+01,1.332426510e+02,4.317626715e-01
2733,6.832500000e-02,9.570455915e-02,1.890154218e+02,5.527961701e+01,1.333039541e+02,4.318507446e-01
2734,6.835000000e-02,9.575148338e-02,1.890559051e+02,5.525874742e+01,1.333652190e+02,4.319387031e-01
2735,6.837500000e-02,9.579840281e-02,1.890963582e+02,5.523788842e+01,1.334264433e+02,4.320265408e-01
2736,6.840000000e-02,9.584531622e-02,1.891367813e+02,5.521704427e+01,1.334876228e+02,4.321142426e-01
2737,6.842500000e-02,9.589222235e-02,1.891771744e+02,5.519621936e+01,1.335487532e+02,4.322017926e-01
2738,6.845000000e-02,9.593912009e-02,1.892175374e+02,5.517541754e+01,1.336098307e+02,4.322891771e-01
2739,6.847500000e-02,9.598600854e-02,1.892578705e+02,5.515464159e+01,1.336708525e+02,4.323763844e-01
2740,6.850000000e-02,9.603288710e-02,1.892981737e+02,5.513389240e+01,1.337318179e+02,4.324634049e-01
2741,6.852500000e-02,9.607975633e-02,1.893384470e+02,5.511317143e+01,1.337927253e+02,4.325502322e-01
2742,6.855000000e-02,9.612661561e-02,1.893786904e+02,5.509248066e+01,1.338535729e+02,4.326368612e-01
2743,6.857500000e-02,9.617346432e-02,1.894189041e+02,5.507182187e+01,1.339143589e+02,4.327232863e-01
2744,6.860000000e-02,9.622030200e-02,1.894590880e+02,5.505119582e+01,1.339750826e+02,4.328095030e-01
2745,6.862500000e-02,9.626712898e-02,1.894992422e+02,5.503060002e+01,1.340357466e+02,4.328955099e-01
2746,6.865000000e-02,9.631394785e-02,1.895393667e+02,5.501002864e+01,1.340963567e+02,4.329813167e-01
2747,6.867500000e-02,9.636075972e-02,1.895794616e+02,5.498948022e+01,1.341569145e+02,4.330669377e-01
2748,6.870000000e-02,9.640756447e-02,1.896195270e+02,5.496895579e+01,1.342174188e+02,4.331523809e-01
2749,6.872500000e-02,9.645436129e-02,1.896595627e+02,5.494845718e+01,1.342778679e+02,4.332376449e-01
2750,6.875000000e-02,9.650114940e-02,1.896995690e+02,5.492798635e+01,1.343382600e+02,4.333227252e-01
2751,6.877500000e-02,9.654792812e-02,1.897395459e+02,5.490754383e+01,1.343985944e+02,4.334076168e-01
2752,6.880000000e-02,9.659469772e-02,1.897794933e+02,5.488712510e+01,1.344588758e+02,4.334923158e-01
2753,6.882500000e-02,9.664146219e-02,1.898194113e+02,5.486672142e+01,1.345191130e+02,4.335768356e-01
2754,6.885000000e-02,9.668822438e-02,1.898593000e+02,5.484632897e+01,1.345793098e+02,4.336612014e-01
2755,6.887500000e-02,9.673498296e-02,1.898991593e+02,5.482595099e+01,1.346394629e+02,4.337454166e-01
2756,6.890000000e-02,9.678173598e-02,1.899389894e+02,5.480559048e+01,1.346995695e+02,4.338294717e-01
2757,6.892500000e-02,9.682848268e-02,1.899787903e+02,5.478523973e+01,1.347596372e+02,4.339133683e-01
2758,6.895000000e-02,9.687522729e-02,1.900185619e+02,5.476488107e+01,1.348196836e+02,4.339971935e-01
2759,6.897500000e-02,9.692197465e-02,1.900583043e+02,5.474450656e+01,1.348797168e+02,4.340809886e-01
2760,6.900000000e-02,9.696872707e-02,1.900980176e+02,5.472410846e+01,1.349397443e+02,4.341647726e-01
2761,6.902500000e-02,9.701548776e-02,1.901377016e+02,5.470367944e+01,1.349997736e+02,4.342485822e-01
2762,6.905000000e-02,9.706225716e-02,1.901773565e+02,5.468322094e+01,1.350598031e+02,4.343324256e-01
2763,6.907500000e-02,9.710903215e-02,1.902169822e+02,5.466274274e+01,1.351198232e+02,4.344162763e-01
2764,6.910000000e-02,9.715580925e-02,1.902565788e+02,5.464224835e+01,1.351798303e+02,4.345000983e-01
2765,6.912500000e-02,9.720258972e-02,1.902961461e+02,5.462173245e+01,1.352398297e+02,4.345839280e-01
2766,6.915000000e-02,9.724937376e-02,1.903356843e+02,5.460119645e+01,1.352998201e+02,4.346677814e-01
2767,6.917500000e-02,9.729615947e-02,1.903751934e+02,5.458064756e+01,1.353597942e+02,4.347516335e-01
2768,6.920000000e-02,9.734294448e-02,1.904146733e+02,5.456009398e+01,1.354197439e+02,4.348354529e-01
2769,6.922500000e-02,9.738972663e-02,1.904541241e+02,5.453953380e+01,1.354796711e+02,4.349192103e-01
2770,6.925000000e-02,9.743651096e-02,1.904935458e+02,5.451895648e+01,1.355395863e+02,4.350029539e-01
2771,6.927500000e-02,9.748329820e-02,1.905329384e+02,5.449835761e+01,1.355994940e+02,4.350867133e-01
2772,6.930000000e-02,9.753008902e-02,1.905723018e+02,5.447773424e+01,1.356593971e+02,4.351704894e-01
2773,6.932500000e-02,9.757688386e-02,1.906116363e+02,5.445708582e+01,1.357192961e+02,4.352542901e-01
2774,6.935000000e-02,9.762368189e-02,1.906509416e+02,5.443641802e+01,1.357791855e+02,4.353380934e-01
2775,6.937500000e-02,9.767048098e-02,1.906902178e+02,5.441574008e+01,1.358390559e+02,4.354218697e-01
2776,6.940000000e-02,9.771727813e-02,1.907294650e+02,5.439506167e+01,1.358988977e+02,4.355055865e-01
2777,6.942500000e-02,9.776407095e-02,1.907686831e+02,5.437439088e+01,1.359587030e+02,4.355892149e-01
2778,6.945000000e-02,9.781085762e-02,1.908078722e+02,5.435373388e+01,1.360184656e+02,4.356727314e-01
2779,6.947500000e-02,9.785763686e-02,1.908470323e+02,5.433309523e+01,1.360781809e+02,4.357561175e-01
2780,6.950000000e-02,9.790440774e-02,1.908861634e+02,5.431247505e+01,1.361378490e+02,4.358393582e-01
2781,6.952500000e-02,9.795117270e-02,1.909252656e+02,5.429186176e+01,1.361974814e+02,4.359224666e-01
2782,6.955000000e-02,9.799793902e-02,1.909643389e+02,5.427124457e+01,1.362570888e+02,4.360054991e-01
2783,6.957500000e-02,9.804470397e-02,1.910033833e+02,5.425062551e+01,1.363166693e+02,4.360884519e-01
2784,6.960000000e-02,9.809146776e-02,1.910423988e+02,5.423000110e+01,1.363762264e+02,4.361713336e-01
2785,6.962500000e-02,9.813823145e-02,1.910813855e+02,5.420937239e+01,1.364357590e+02,4.362541542e-01
2786,6.965000000e-02,9.818499307e-02,1.911203434e+02,5.418874597e+01,1.364952605e+02,4.363368976e-01
2787,6.967500000e-02,9.823175042e-02,1.911592725e+02,5.416812858e+01,1.365547244e+02,4.364195420e-01
2788,6.970000000e-02,9.827850176e-02,1.911981728e+02,5.414752582e+01,1.366141449e+02,4.365020673e-01
2789,6.972500000e-02,9.832524580e-02,1.912370443e+02,5.412694213e+01,1.366735177e+02,4.365844565e-01
2790,6.975000000e-02,9.837198157e-02,1.912758871e+02,5.410638106e+01,1.367328394e+02,4.366666961e-01
2791,6.977500000e-02,9.841870829e-02,1.913147012e+02,5.408584532e+01,1.367921071e+02,4.367487752e-01
2792,6.980000000e-02,9.846542542e-02,1.913534867e+02,5.406533144e+01,1.368513246e+02,4.368306849e-01
2793,6.982500000e-02,9.851213539e-02,1.913922436e+02,5.404483399e+01,1.369104972e+02,4.369124473e-01
2794,6.985000000e-02,9.855884003e-02,1.914309719e+02,5.402435087e+01,1.369696269e+02,4.369940830e-01
2795,6.987500000e-02,9.860553922e-02,1.914696716e+02,5.400388309e+01,1.370287130e+02,4.370755924e-01
2796,6.990000000e-02,9.865223231e-02,1.915083429e+02,5.398343152e+01,1.370877544e+02,4.371569686e-01
2797,6.992500000e-02,9.869891965e-02,1.915469856e+02,5.396299789e+01,1.371467495e+02,4.372382044e-01
2798,6.995000000e-02,9.874560032e-02,1.915855999e+02,5.394258515e+01,1.372056955e+02,4.373192903e-01
2799,6.997500000e-02,9.879227331e-02,1.916241858e+02,5.392219607e+01,1.372645896e+02,4.374002167e-01
2800,7.000000000e-02,9.883893780e-02,1.916627434e+02,5.390183301e+01,1.373234294e+02,4.374809752e-01
2801,7.002500000e-02,9.888559315e-02,1.917012725e+02,5.388149793e+01,1.373822131e+02,4.375615589e-01
2802,7.005000000e-02,9.893223883e-02,1.917397734e+02,5.386119241e+01,1.374409390e+02,4.376419619e-01
2803,7.007500000e-02,9.897887443e-02,1.917782460e+02,5.384091774e+01,1.374996061e+02,4.377221796e-01
2804,7.010000000e-02,9.902549966e-02,1.918166904e+02,5.382067464e+01,1.375582136e+02,4.378022085e-01
2805,7.012500000e-02,9.907211448e-02,1.918551067e+02,5.380046206e+01,1.376167625e+02,4.378820460e-01
2806,7.015000000e-02,9.911872005e-02,1.918934947e+02,5.378027988e+01,1.376752532e+02,4.379616929e-01
2807,7.017500000e-02,9.916531562e-02,1.919318547e+02,5.376012936e+01,1.377336842e+02,4.380411484e-01
2808,7.020000000e-02,9.921190069e-02,1.919701867e+02,5.374001151e+01,1.377920548e+02,4.381204108e-01
2809,7.022500000e-02,9.925847499e-02,1.920084906e+02,5.371992467e+01,1.378503665e+02,4.381994783e-01
2810,7.025000000e-02,9.930504061e-02,1.920467666e+02,5.369986741e+01,1.379086208e+02,4.382783558e-01
2811,7.027500000e-02,9.935159710e-02,1.920850147e+02,5.367984056e+01,1.379668171e+02,4.383570446e-01
2812,7.030000000e-02,9.939814391e-02,1.921232349e+02,5.365984517e+01,1.380249541e+02,4.384355434e-01
2813,7.032500000e-02,9.944468062e-02,1.921614272e+02,5.363988213e+01,1.380830312e+02,4.385138507e-01
2814,7.035000000e-02,9.949120693e-02,1.921995917e+02,5.361995184e+01,1.381410479e+02,4.385919652e-01
2815,7.037500000e-02,9.953772268e-02,1.922377285e+02,5.360005473e+01,1.381990039e+02,4.386698860e-01
2816,7.040000000e-02,9.958422772e-02,1.922758376e+02,5.358019122e+01,1.382568988e+02,4.387476120e-01
2817,7.042500000e-02,9.963072191e-02,1.923139190e+02,5.356036169e+01,1.383147322e+02,4.388251426e-01
2818,7.045000000e-02,9.967720515e-02,1.923519728e+02,5.354056647e+01,1.383725038e+02,4.389024774e-01
2819,7.047500000e-02,9.972367736e-02,1.923899990e+02,5.352080383e+01,1.384302156e+02,4.389796161e-01
2820,7.050000000e-02,9.977013970e-02,1.924279977e+02,5.350107229e+01,1.384878688e+02,4.390565627e-01
2821,7.052500000e-02,9.981659259e-02,1.924659688e+02,5.348136558e+01,1.385454699e+02,4.391333203e-01
2822,7.055000000e-02,9.986303952e-02,1.925039126e+02,5.346167107e+01,1.386030315e+02,4.392099613e-01
2823,7.057500000e-02,9.990948277e-02,1.925418289e+02,5.344198475e+01,1.386605576e+02,4.392865153e-01
2824,7.060000000e-02,9.995592228e-02,1.925797178e+02,5.342230797e+01,1.387180468e+02,4.393629806e-01
2825,7.062500000e-02,1.000023570e-01,1.926175793e+02,5.340264360e+01,1.387754963e+02,4.394393466e-01
2826,7.065000000e-02,1.000487861e-01,1.926554135e+02,5.338298210e+01,1.388329158e+02,4.395156026e-01
2827,7.067500000e-02,1.000952182e-01,1.926932203e+02,5.336329470e+01,1.388903338e+02,4.395918600e-01
2828,7.070000000e-02,1.001416586e-01,1.927309999e+02,5.334356843e+01,1.389477633e+02,4.396682037e-01
2829,7.072500000e-02,1.001881054e-01,1.927687522e+02,5.332381105e+01,1.390051965e+02,4.397446148e-01
2830,7.075000000e-02,1.002345552e-01,1.928064771e+02,5.330403417e+01,1.390626219e+02,4.398210524e-01
2831,7.077500000e-02,1.002810049e-01,1.928441747e+02,5.328424857e+01,1.391200287e+02,4.398974775e-01
2832,7.080000000e-02,1.003274521e-01,1.928818450e+02,5.326446038e+01,1.391774108e+02,4.399738566e-01
2833,7.082500000e-02,1.003738966e-01,1.929194881e+02,5.324467082e+01,1.392347671e+02,4.400501770e-01
2834,7.085000000e-02,1.004203390e-01,1.929571038e+02,5.322488180e+01,1.392920956e+02,4.401264396e-01
2835,7.087500000e-02,1.004667784e-01,1.929946923e+02,5.320509437e+01,1.393493953e+02,4.402026301e-01
2836,7.090000000e-02,1.005132155e-01,1.930322536e+02,5.318530583e+01,1.394066690e+02,4.402787535e-01
2837,7.092500000e-02,1.005596513e-01,1.930697877e+02,5.316551580e+01,1.394639170e+02,4.403548241e-01
2838,7.095000000e-02,1.006060849e-01,1.931072945e+02,5.314572826e+01,1.395211354e+02,4.404308305e-01
2839,7.097500000e-02,1.006525148e-01,1.931447742e+02,5.312594848e+01,1.395783190e+02,4.405067545e-01
2840,7.100000000e-02,1.006989396e-01,1.931822267e+02,5.310618146e+01,1.396354627e+02,4.405825782e-01
2841,7.102500000e-02,1.007453579e-01,1.932196521e+02,5.308643146e+01,1.396925624e+02,4.406582861e-01
2842,7.105000000e-02,1.007917687e-01,1.932570504e+02,5.306670129e+01,1.397496153e+02,4.407338651e-01
2843,7.107500000e-02,1.008381717e-01,1.932944217e+02,5.304698254e+01,1.398066298e+02,4.408093069e-01
2844,7.110000000e-02,1.008845724e-01,1.933317659e+02,5.302726388e+01,1.398636174e+02,4.408846679e-01
2845,7.112500000e-02,1.009309726e-01,1.933690831e+02,5.300754376e+01,1.399205794e+02,4.409599707e-01
2846,7.115000000e-02,1.009773714e-01,1.934063733e+02,5.298782563e+01,1.399775125e+02,4.410352086e-01
2847,7.117500000e-02,1.010237672e-01,1.934436365e+02,5.296811435e+01,1.400344118e+02,4.411103669e-01
2848,7.120000000e-02,1.010701586e-01,1.934808728e+02,5.294841462e+01,1.400912728e+02,4.411854298e-01
2849,7.122500000e-02,1.011165443e-01,1.935180822e+02,5.292873044e+01,1.401480913e+02,4.412603826e-01
2850,7.125000000e-02,1.011629232e-01,1.935552646e+02,5.290906513e+01,1.402048643e+02,4.413352128e-01
2851,7.127500000e-02,1.012092946e-01,1.935924202e+02,5.288942149e+01,1.402615888e+02,4.414099098e-01
2852,7.130000000e-02,1.012556577e-01,1.936295489e+02,5.286980183e+01,1.403182626e+02,4.414844648e-01
2853,7.132500000e-02,1.013020121e-01,1.936666509e+02,5.285020804e+01,1.403748840e+02,4.415588708e-01
2854,7.135000000e-02,1.013483573e-01,1.937037261e+02,5.283064165e+01,1.404314513e+02,4.416331222e-01
2855,7.137500000e-02,1.013946930e-01,1.937407745e+02,5.281110388e+01,1.404879634e+02,4.417072143e-01
2856,7.140000000e-02,1.014410188e-01,1.937777963e+02,5.279159561e+01,1.405444196e+02,4.417811439e-01
2857,7.142500000e-02,1.014873347e-01,1.938147914e+02,5.277211725e+01,1.406008193e+02,4.418549081e-01
2858,7.145000000e-02,1.015336405e-01,1.938517599e+02,5.275266928e+01,1.406571622e+02,4.419285049e-01
2859,7.147500000e-02,1.015799362e-01,1.938887019e+02,5.273325217e+01,1.407134478e+02,4.420019323e-01
2860,7.150000000e-02,1.016262216e-01,1.939256173e+02,5.271386117e+01,1.407696810e+02,4.420751890e-01
2861,7.152500000e-02,1.016724999e-01,1.939625062e+02,5.269448578e+01,1.408258721e+02,4.421483133e-01
2862,7.155000000e-02,1.017187738e-01,1.939993687e+02,5.267511988e+01,1.408820275e+02,4.422213369e-01
2863,7.157500000e-02,1.017650439e-01,1.940362048e+02,5.265576213e+01,1.409381484e+02,4.422942606e-01
2864,7.160000000e-02,1.018113115e-01,1.940730144e+02,5.263640941e+01,1.409942379e+02,4.423670821e-01
2865,7.162500000e-02,1.018575779e-01,1.941097976e+02,5.261706126e+01,1.410502966e+02,4.424398060e-01
2866,7.165000000e-02,1.019038421e-01,1.941465545e+02,5.259772095e+01,1.411063211e+02,4.425124330e-01
2867,7.167500000e-02,1.019501028e-01,1.941832851e+02,5.257839257e+01,1.411623076e+02,4.425849547e-01
2868,7.170000000e-02,1.019963583e-01,1.942199893e+02,5.255907990e+01,1.412182521e+02,4.426573605e-01
2869,7.172500000e-02,1.020426077e-01,1.942566673e+02,5.253978620e+01,1.412741514e+02,4.427296400e-01
2870,7.175000000e-02,1.020888500e-01,1.942933190e+02,5.252051413e+01,1.413300031e+02,4.428017842e-01
2871,7.177500000e-02,1.021350845e-01,1.943299445e+02,5.250126356e+01,1.413858071e+02,4.428737854e-01
2872,7.180000000e-02,1.021813124e-01,1.943665438e+02,5.248203285e+01,1.414415653e+02,4.429456416e-01
2873,7.182500000e-02,1.022275352e-01,1.944031169e+02,5.246281816e+01,1.414972814e+02,4.430173594e-01
2874,7.185000000e-02,1.022737550e-01,1.944396639e+02,5.244361764e+01,1.415529573e+02,4.430889523e-01
2875,7.187500000e-02,1.023199699e-01,1.944761848e+02,5.242443223e+01,1.416085922e+02,4.431604175e-01
2876,7.190000000e-02,1.023661799e-01,1.945126797e+02,5.240526160e+01,1.416641863e+02,4.432317528e-01
2877,7.192500000e-02,1.024123854e-01,1.945491485e+02,5.238610764e+01,1.417197379e+02,4.433029558e-01
2878,7.195000000e-02,1.024585852e-01,1.945855913e+02,5.236696848e+01,1.417752488e+02,4.433740204e-01
2879,7.197500000e-02,1.025047810e-01,1.946220081e+02,5.234784239e+01,1.418307207e+02,4.434449642e-01
2880,7.200000000e-02,1.025509730e-01,1.946583989e+02,5.232872778e+01,1.418861554e+02,4.435157935e-01
2881,7.202500000e-02,1.025971633e-01,1.946947639e+02,5.230962332e+01,1.419415540e+02,4.435865144e-01
2882,7.205000000e-02,1.026433510e-01,1.947311029e+02,5.229053124e+01,1.419969145e+02,4.436571264e-01
2883,7.207500000e-02,1.026895345e-01,1.947674161e+02,5.227145491e+01,1.420522335e+02,4.437276213e-01
2884,7.210000000e-02,1.027357127e-01,1.948037034e+02,5.225239314e+01,1.421075122e+02,4.437979902e-01
2885,7.212500000e-02,1.027818879e-01,1.948399649e+02,5.223334178e+01,1.421627548e+02,4.438682501e-01
2886,7.215000000e-02,1.028280596e-01,1.948762005e+02,5.221430258e+01,1.422179596e+02,4.439384047e-01
2887,7.217500000e-02,1.028742266e-01,1.949124105e+02,5.219527806e+01,1.422731240e+02,4.440084454e-01
2888,7.220000000e-02,1.029203884e-01,1.949485947e+02,5.217626082e+01,1.423282555e+02,4.440783684e-01
2889,7.222500000e-02,1.029665510e-01,1.949847531e+02,5.215722135e+01,1.423833835e+02,4.441482505e-01
2890,7.225000000e-02,1.030127245e-01,1.950208859e+02,5.213812699e+01,1.424385407e+02,4.442182519e-01
2891,7.227500000e-02,1.030589144e-01,1.950569930e+02,5.211897003e+01,1.424937345e+02,4.442884383e-01
2892,7.230000000e-02,1.031051174e-01,1.950930743e+02,5.209976133e+01,1.425489542e+02,4.443587802e-01
2893,7.232500000e-02,1.031513291e-01,1.951291299e+02,5.208051538e+01,1.426041853e+02,4.444292265e-01
2894,7.235000000e-02,1.031975454e-01,1.951651597e+02,5.206124567e+01,1.426594143e+02,4.444997275e-01
2895,7.237500000e-02,1.032437631e-01,1.952011637e+02,5.204196163e+01,1.427146318e+02,4.445702410e-01
2896,7.240000000e-02,1.032899812e-01,1.952371419e+02,5.202266987e+01,1.427698313e+02,4.446407376e-01
2897,7.242500000e-02,1.033361983e-01,1.952730945e+02,5.200337711e+01,1.428250061e+02,4.447111947e-01
2898,7.245000000e-02,1.033824121e-01,1.953090212e+02,5.198408972e+01,1.428801499e+02,4.447815898e-01
2899,7.247500000e-02,1.034286213e-01,1.953449223e+02,5.196481244e+01,1.429352579e+02,4.448519032e-01
2900,7.250000000e-02,1.034748250e-01,1.953807976e+02,5.194554951e+01,1.429903260e+02,4.449221188e-01
2901,7.252500000e-02,1.035210221e-01,1.954166473e+02,5.192630455e+01,1.430453505e+02,4.449922236e-01
2902,7.255000000e-02,1.035672118e-01,1.954524713e+02,5.190708038e+01,1.431003287e+02,4.450622068e-01
2903,7.257500000e-02,1.036133936e-01,1.954882697e+02,5.188787357e+01,1.431552641e+02,4.451320601e-01
2904,7.260000000e-02,1.036595706e-01,1.955240425e+02,5.186867416e+01,1.432101665e+02,4.452018197e-01
2905,7.262500000e-02,1.037057448e-01,1.955597898e+02,5.184947860e+01,1.432650397e+02,4.452715115e-01
2906,7.265000000e-02,1.037519155e-01,1.955955115e+02,5.183028430e+01,1.433198861e+02,4.453411297e-01
2907,7.267500000e-02,1.037980875e-01,1.956312077e+02,5.181108667e+01,1.433747104e+02,4.454106891e-01
2908,7.270000000e-02,1.038442584e-01,1.956668784e+02,5.179188632e+01,1.434295119e+02,4.454801860e-01
2909,7.272500000e-02,1.038904301e-01,1.957025237e+02,5.177268039e+01,1.434842936e+02,4.455496281e-01
2910,7.275000000e-02,1.039366022e-01,1.957381434e+02,5.175347214e+01,1.435390523e+02,4.456190196e-01
2911,7.277500000e-02,1.039827721e-01,1.957737377e+02,5.173426847e+01,1.435937809e+02,4.456883445e-01
2912,7.280000000e-02,1.040289378e-01,1.958093066e+02,5.171507511e+01,1.436484739e+02,4.457575846e-01
2913,7.282500000e-02,1.040750978e-01,1.958448501e+02,5.169589666e+01,1.437031267e+02,4.458267245e-01
2914,7.285000000e-02,1.041212511e-01,1.958803681e+02,5.167673662e+01,1.437577358e+02,4.458957515e-01
2915,7.287500000e-02,1.041673969e-01,1.959158609e+02,5.165759769e+01,1.438122985e+02,4.459646555e-01
2916,7.290000000e-02,1.042135347e-01,1.959513282e+02,5.163848195e+01,1.438668129e+02,4.460334287e-01
2917,7.292500000e-02,1.042596640e-01,1.959867703e+02,5.161939102e+01,1.439212772e+02,4.461020647e-01
2918,7.295000000e-02,1.043057846e-01,1.960221872e+02,5.160032414e+01,1.439756925e+02,4.461705585e-01
2919,7.297500000e-02,1.043518976e-01,1.960575788e+02,5.158126873e+01,1.440300711e+02,4.462389174e-01
2920,7.300000000e-02,1.043980102e-01,1.960929452e+02,5.156221016e+01,1.440844278e+02,4.463072178e-01
2921,7.302500000e-02,1.044441234e-01,1.961282864e+02,5.154314835e+01,1.441387626e+02,4.463754762e-01
2922,7.305000000e-02,1.044902356e-01,1.961636025e+02,5.152408771e+01,1.441930711e+02,4.464436843e-01
2923,7.307500000e-02,1.045363451e-01,1.961988934e+02,5.150503329e+01,1.442473483e+02,4.465118271e-01
2924,7.310000000e-02,1.045824505e-01,1.962341592e+02,5.148598965e+01,1.443015896e+02,4.465798896e-01
2925,7.312500000e-02,1.046285506e-01,1.962693999e+02,5.146696060e+01,1.443557914e+02,4.466478583e-01
2926,7.315000000e-02,1.046746444e-01,1.963046155e+02,5.144794934e+01,1.444099504e+02,4.467157216e-01
2927,7.317500000e-02,1.047207312e-01,1.963398060e+02,5.142895841e+01,1.444640642e+02,4.467834699e-01
2928,7.320000000e-02,1.047668103e-01,1.963749716e+02,5.140998983e+01,1.445181307e+02,4.468510953e-01
2929,7.322500000e-02,1.048128814e-01,1.964101121e+02,5.139104528e+01,1.445721483e+02,4.469185915e-01
2930,7.325000000e-02,1.048589441e-01,1.964452278e+02,5.137212609e+01,1.446261157e+02,4.469859535e-01
2931,7.327500000e-02,1.049049980e-01,1.964803184e+02,5.135323331e+01,1.446800319e+02,4.470531770e-01
2932,7.330000000e-02,1.049510429e-01,1.965153842e+02,5.133436657e+01,1.447338974e+02,4.471202591e-01
2933,7.332500000e-02,1.049970798e-01,1.965504252e+02,5.131552516e+01,1.447877128e+02,4.471871985e-01
2934,7.335000000e-02,1.050431087e-01,1.965854413e+02,5.129670975e+01,1.448414776e+02,4.472539952e-01
2935,7.337500000e-02,1.050891289e-01,1.966204327e+02,5.127792050e+01,1.448951915e+02,4.473206475e-01
2936,7.340000000e-02,1.051351410e-01,1.966553993e+02,5.125915759e+01,1.449488545e+02,4.473871542e-01
2937,7.342500000e-02,1.051811447e-01,1.966903412e+02,5.124042179e+01,1.450024658e+02,4.474535144e-01
2938,7.345000000e-02,1.052271398e-01,1.967252584e+02,5.122171397e+01,1.450560247e+02,4.475197265e-01
2939,7.347500000e-02,1.052731258e-01,1.967601509e+02,5.120303369e+01,1.451095315e+02,4.475857894e-01
2940,7.350000000e-02,1.053191036e-01,1.967950189e+02,5.118437913e+01,1.451629881e+02,4.476517040e-01
2941,7.352500000e-02,1.053650743e-01,1.968298623e+02,5.116574978e+01,1.452163950e+02,4.477174737e-01
2942,7.355000000e-02,1.054110372e-01,1.968646812e+02,5.114714654e+01,1.452697515e+02,4.477830980e-01
2943,7.357500000e-02,1.054569918e-01,1.968994755e+02,5.112857029e+01,1.453230566e+02,4.478485756e-01
2944,7.360000000e-02,1.055029379e-01,1.969342454e+02,5.111002175e+01,1.453763097e+02,4.479139050e-01
2945,7.362500000e-02,1.055488752e-01,1.969689908e+02,5.109150154e+01,1.454295102e+02,4.479790851e-01
2946,7.365000000e-02,1.055948033e-01,1.970037119e+02,5.107301012e+01,1.454826577e+02,4.480441152e-01
2947,7.367500000e-02,1.056407223e-01,1.970384086e+02,5.105454787e+01,1.455357517e+02,4.481089948e-01
2948,7.370000000e-02,1.056866320e-01,1.970730810e+02,5.103611507e+01,1.455887922e+02,4.481737235e-01
2949,7.372500000e-02,1.057325323e-01,1.971077290e+02,5.101771172e+01,1.456417790e+02,4.482383014e-01
2950,7.375000000e-02,1.057784231e-01,1.971423529e+02,5.099933770e+01,1.456947124e+02,4.483027283e-01
2951,7.377500000e-02,1.058243046e-01,1.971769525e+02,5.098099302e+01,1.457475924e+02,4.483670045e-01
2952,7.380000000e-02,1.058701766e-01,1.972115279e+02,5.096267775e+01,1.458004190e+02,4.484311296e-01
2953,7.382500000e-02,1.059160392e-01,1.972460792e+02,5.094439197e+01,1.458531921e+02,4.484951036e-01
2954,7.385000000e-02,1.059618924e-01,1.972806064e+02,5.092613538e+01,1.459059121e+02,4.485589266e-01
2955,7.387500000e-02,1.060077363e-01,1.973151095e+02,5.090790594e+01,1.459585809e+02,4.486225992e-01
2956,7.390000000e-02,1.060535724e-01,1.973495886e+02,5.088970278e+01,1.460111996e+02,4.486861254e-01
2957,7.392500000e-02,1.060994004e-01,1.973840436e+02,5.087152476e+01,1.460637694e+02,4.487495062e-01
2958,7.395000000e-02,1.061452211e-01,1.974184747e+02,5.085336300e+01,1.461162990e+02,4.488127545e-01
2959,7.397500000e-02,1.061910385e-01,1.974528819e+02,5.083520539e+01,1.461688006e+02,4.488759467e-01
2960,7.400000000e-02,1.062368537e-01,1.974872652e+02,5.081705070e+01,1.462212754e+02,4.489390953e-01
2961,7.402500000e-02,1.062826661e-01,1.975216245e+02,5.079889905e+01,1.462737233e+02,4.490021937e-01
2962,7.405000000e-02,1.063284764e-01,1.975559600e+02,5.078074375e+01,1.463261510e+02,4.490652510e-01
2963,7.407500000e-02,1.063742878e-01,1.975902716e+02,5.076257454e+01,1.463785688e+02,4.491283178e-01
2964,7.410000000e-02,1.064201015e-01,1.976245594e+02,5.074438794e+01,1.464309800e+02,4.491913973e-01
2965,7.412500000e-02,1.064659183e-01,1.976588233e+02,5.072618516e+01,1.464833836e+02,4.492544905e-01
2966,7.415000000e-02,1.065117368e-01,1.976930634e+02,5.070797228e+01,1.465357735e+02,4.493175787e-01
2967,7.417500000e-02,1.065575549e-01,1.977272796e+02,5.068975616e+01,1.465881428e+02,4.493806383e-01
2968,7.420000000e-02,1.066033709e-01,1.977614720e+02,5.067153578e+01,1.466404926e+02,4.494436499e-01
2969,7.422500000e-02,1.066491892e-01,1.977956407e+02,5.065329798e+01,1.466928360e+02,4.495066519e-01
2970,7.425000000e-02,1.066950121e-01,1.978297855e+02,5.063503803e+01,1.467451778e+02,4.495696866e-01
2971,7.427500000e-02,1.067408375e-01,1.978639065e+02,5.061676267e+01,1.467975111e+02,4.496327412e-01
2972,7.430000000e-02,1.067866631e-01,1.978980037e+02,5.059848008e+01,1.468498278e+02,4.496957901e-01
2973,7.432500000e-02,1.068324867e-01,1.979320772e+02,5.058019754e+01,1.469021208e+02,4.497588085e-01
2974,7.435000000e-02,1.068783067e-01,1.979661268e+02,5.056191466e+01,1.469543904e+02,4.498217751e-01
2975,7.437500000e-02,1.069241262e-01,1.980001527e+02,5.054362348e+01,1.470066445e+02,4.498847036e-01
2976,7.440000000e-02,1.069699482e-01,1.980341549e+02,5.052532163e+01,1.470588857e+02,4.499476154e-01
2977,7.442500000e-02,1.070157716e-01,1.980681333e+02,5.050701375e+01,1.471111091e+02,4.500105007e-01
2978,7.445000000e-02,1.070615945e-01,1.981020880e+02,5.048870592e+01,1.471633088e+02,4.500733422e-01
2979,7.447500000e-02,1.071074149e-01,1.981360190e+02,5.047040157e+01,1.472154813e+02,4.501361227e-01
2980,7.450000000e-02,1.071532326e-01,1.981699263e+02,5.045209782e+01,1.472676297e+02,4.501988401e-01
2981,7.452500000e-02,1.071990495e-01,1.982038100e+02,5.043379148e+01,1.473197570e+02,4.502615211e-01
2982,7.455000000e-02,1.072448657e-01,1.982376700e+02,5.041548448e+01,1.473718613e+02,4.503241638e-01
2983,7.457500000e-02,1.072906801e-01,1.982715063e+02,5.039718083e+01,1.474239387e+02,4.503867566e-01
2984,7.460000000e-02,1.073364912e-01,1.983053190e+02,5.037888469e+01,1.474759850e+02,4.504492854e-01
2985,7.462500000e-02,1.073822981e-01,1.983391081e+02,5.036059991e+01,1.475279964e+02,4.505117366e-01
2986,7.465000000e-02,1.074280996e-01,1.983728736e+02,5.034232976e+01,1.475799697e+02,4.505740986e-01
2987,7.467500000e-02,1.074738950e-01,1.984066155e+02,5.032407696e+01,1.476319022e+02,4.506363614e-01
2988,7.470000000e-02,1.075196838e-01,1.984403339e+02,5.030584370e+01,1.476837917e+02,4.506985167e-01
2989,7.472500000e-02,1.075654652e-01,1.984740288e+02,5.028763179e+01,1.477356365e+02,4.507605579e-01
2990,7.475000000e-02,1.076112391e-01,1.985077003e+02,5.026944267e+01,1.477874351e+02,4.508224796e-01
2991,7.477500000e-02,1.076570050e-01,1.985413482e+02,5.025127751e+01,1.478391865e+02,4.508842774e-01
2992,7.480000000e-02,1.077027628e-01,1.985749728e+02,5.023313725e+01,1.478908896e+02,4.509459480e-01
2993,7.482500000e-02,1.077485121e-01,1.986085740e+02,5.021502264e+01,1.479425439e+02,4.510074888e-01
2994,7.485000000e-02,1.077942529e-01,1.986421518e+02,5.019693429e+01,1.479941486e+02,4.510688975e-01
2995,7.487500000e-02,1.078399850e-01,1.986757063e+02,5.017887269e+01,1.480457035e+02,4.511301727e-01
2996,7.490000000e-02,1.078857084e-01,1.987092375e+02,5.016083822e+01,1.480972080e+02,4.511913133e-01
2997,7.492500000e-02,1.079314229e-01,1.987427455e+02,5.014283120e+01,1.481486620e+02,4.512523183e-01
2998,7.495000000e-02,1.079771285e-01,1.987762303e+02,5.012485020e+01,1.482000669e+02,4.513131873e-01
2999,7.497500000e-02,1.080228268e-01,1.988096918e+02,5.010688917e+01,1.482514287e+02,4.513739239e-01
3000,7.500000000e-02,1.080685220e-01,1.988431302e+02,5.008894373e+01,1.483027520e+02,4.514345465e-01
3001,7.502500000e-02,1.081142132e-01,1.988765455e+02,5.007101466e+01,1.483540358e+02,4.514950631e-01
3002,7.505000000e-02,1.081598996e-01,1.989099377e+02,5.005310373e+01,1.484052785e+02,4.515554731e-01
3003,7.507500000e-02,1.082055801e-01,1.989433068e+02,5.003521223e+01,1.484564788e+02,4.516157731e-01
3004,7.510000000e-02,1.082512546e-01,1.989766529e+02,5.001734044e+01,1.485076365e+02,4.516759596e-01
3005,7.512500000e-02,1.082969232e-01,1.990099760e+02,4.999948942e+01,1.485587505e+02,4.517360297e-01
3006,7.515000000e-02,1.083425850e-01,1.990432760e+02,4.998166050e+01,1.486098195e+02,4.517959803e-01
3007,7.517500000e-02,1.083882397e-01,1.990765531e+02,4.996385215e+01,1.486608452e+02,4.518558084e-01
3008,7.520000000e-02,1.084338890e-01,1.991098073e+02,4.994606415e+01,1.487118276e+02,4.519155162e-01
3009,7.522500000e-02,1.084795320e-01,1.991430386e+02,4.992829563e+01,1.487627678e+02,4.519751042e-01
3010,7.525000000e-02,1.085251710e-01,1.991762470e+02,4.991054241e+01,1.488136700e+02,4.520345791e-01
3011,7.527500000e-02,1.085708072e-01,1.992094325e+02,4.989280305e+01,1.488645355e+02,4.520939522e-01
3012,7.530000000e-02,1.086164390e-01,1.992425953e+02,4.987507400e+01,1.489153680e+02,4.521532217e-01
3013,7.532500000e-02,1.086620691e-01,1.992757352e+02,4.985734699e+01,1.489661758e+02,4.522124275e-01
3014,7.535000000e-02,1.087076983e-01,1.993088524e+02,4.983961982e+01,1.490169610e+02,4.522715832e-01
3015,7.537500000e-02,1.087533265e-01,1.993419468e+02,4.982189011e+01,1.490677260e+02,4.523306848e-01
3016,7.540000000e-02,1.087989555e-01,1.993750184e+02,4.980415663e+01,1.491184721e+02,4.523897382e-01
3017,7.542500000e-02,1.088445854e-01,1.994080673e+02,4.978642183e+01,1.491691968e+02,4.524487491e-01
3018,7.545000000e-02,1.088902149e-01,1.994410935e+02,4.976868813e+01,1.492198977e+02,4.525077090e-01
3019,7.547500000e-02,1.089358448e-01,1.994740970e+02,4.975095645e+01,1.492705740e+02,4.525666123e-01
3020,7.550000000e-02,1.089814745e-01,1.995070778e+02,4.973322932e+01,1.493212230e+02,4.526254543e-01
3021,7.552500000e-02,1.090271024e-01,1.995400359e+02,4.971551009e+01,1.493718416e+02,4.526842246e-01
3022,7.555000000e-02,1.090727277e-01,1.995729714e+02,4.969780230e+01,1.494224262e+02,4.527429136e-01
3023,7.557500000e-02,1.091183488e-01,1.996058842e+02,4.968010548e+01,1.494729773e+02,4.528015120e-01
3024,7.560000000e-02,1.091639681e-01,1.996387745e+02,4.966241595e+01,1.495234985e+02,4.528600335e-01
3025,7.562500000e-02,1.092095850e-01,1.996716421e+02,4.964473579e+01,1.495739878e+02,4.529184798e-01
3026,7.565000000e-02,1.092551981e-01,1.997044872e+02,4.962706697e+01,1.496244434e+02,4.529768431e-01
3027,7.567500000e-02,1.093008075e-01,1.997373097e+02,4.960940888e+01,1.496748657e+02,4.530351193e-01
3028,7.570000000e-02,1.093464141e-01,1.997701097e+02,4.959176200e+01,1.497252544e+02,4.530933118e-01
3029,7.572500000e-02,1.093920165e-01,1.998028872e+02,4.957412925e+01,1.497756065e+02,4.531514164e-01
3030,7.575000000e-02,1.094376137e-01,1.998356422e+02,4.955651347e+01,1.498259193e+02,4.532094256e-01
3031,7.577500000e-02,1.094832048e-01,1.998683748e+02,4.953891672e+01,1.498761907e+02,4.532673325e-01
3032,7.580000000e-02,1.095287892e-01,1.999010849e+02,4.952134069e+01,1.499264191e+02,4.533251316e-01
3033,7.582500000e-02,1.095743666e-01,1.999337726e+02,4.950378296e+01,1.499766068e+02,4.533828187e-01
3034,7.585000000e-02,1.096199393e-01,1.999664380e+02,4.948622998e+01,1.500267676e+02,4.534404253e-01
3035,7.587500000e-02,1.096655132e-01,1.999990810e+02,4.946867000e+01,1.500769130e+02,4.534980172e-01
3036,7.590000000e-02,1.097110880e-01,2.000317017e+02,4.945110429e+01,1.501270418e+02,4.535555995e-01
3037,7.592500000e-02,1.097566619e-01,2.000643000e+02,4.943353409e+01,1.501771528e+02,4.536131592e-01
3038,7.595000000e-02,1.098022366e-01,2.000968760e+02,4.941595650e+01,1.502272488e+02,4.536707024e-01
3039,7.597500000e-02,1.098478120e-01,2.001294298e+02,4.939837346e+01,1.502773281e+02,4.537282317e-01
3040,7.600000000e-02,1.098933863e-01,2.001619612e+02,4.938078795e+01,1.503273875e+02,4.537857314e-01
3041,7.602500000e-02,1.099389600e-01,2.001944704e+02,4.936319324e+01,1.503774339e+02,4.538432059e-01
3042,7.605000000e-02,1.099845369e-01,2.002269573e+02,4.934557483e+01,1.504274817e+02,4.539007025e-01
3043,7.607500000e-02,1.100301197e-01,2.002594219e+02,4.932792597e+01,1.504775376e+02,4.539582736e-01
3044,7.610000000e-02,1.100757081e-01,2.002918642e+02,4.931025080e+01,1.505275975e+02,4.540159128e-01
3045,7.612500000e-02,1.101213001e-01,2.003242843e+02,4.929255709e+01,1.505776536e+02,4.540735956e-01
3046,7.615000000e-02,1.101668933e-01,2.003566821e+02,4.927485268e+01,1.506276981e+02,4.541312948e-01
3047,7.617500000e-02,1.102124857e-01,2.003890576e+02,4.925714210e+01,1.506777266e+02,4.541889852e-01
3048,7.620000000e-02,1.102580784e-01,2.004214109e+02,4.923942073e+01,1.507277435e+02,4.542466614e-01
3049,7.622500000e-02,1.103036763e-01,2.004537420e+02,4.922168280e+01,1.507777548e+02,4.543043409e-01
3050,7.625000000e-02,1.103492775e-01,2.004860507e+02,4.920393416e+01,1.508277546e+02,4.543620171e-01
3051,7.627500000e-02,1.103948785e-01,2.005183373e+02,4.918618268e+01,1.508777349e+02,4.544196685e-01
3052,7.630000000e-02,1.104404775e-01,2.005506016e+02,4.916843366e+01,1.509276907e+02,4.544772747e-01
3053,7.632500000e-02,1.104860739e-01,2.005828437e+02,4.915069185e+01,1.509776170e+02,4.545348213e-01
3054,7.635000000e-02,1.105316662e-01,2.006150636e+02,4.913296151e+01,1.510275098e+02,4.545922961e-01
3055,7.637500000e-02,1.105772532e-01,2.006472613e+02,4.911524595e+01,1.510773657e+02,4.546496883e-01
3056,7.640000000e-02,1.106228341e-01,2.006794369e+02,4.909754760e+01,1.511271823e+02,4.547069891e-01
3057,7.642500000e-02,1.106684086e-01,2.007115904e+02,4.907986838e+01,1.511769578e+02,4.547641917e-01
3058,7.645000000e-02,1.107139760e-01,2.007437217e+02,4.906220288e+01,1.512266975e+02,4.548212908e-01
3059,7.647500000e-02,1.107595411e-01,2.007758310e+02,4.904453903e+01,1.512764136e+02,4.548783372e-01
3060,7.650000000e-02,1.108051047e-01,2.008079182e+02,4.902687569e+01,1.513261071e+02,4.549353421e-01
3061,7.652500000e-02,1.108506658e-01,2.008399834e+02,4.900921608e+01,1.513757750e+02,4.549922969e-01
3062,7.655000000e-02,1.108962234e-01,2.008720265e+02,4.899156058e+01,1.514254167e+02,4.550491890e-01
3063,7.657500000e-02,1.109417784e-01,2.009040476e+02,4.897390694e+01,1.514750347e+02,4.551060220e-01
3064,7.660000000e-02,1.109873323e-01,2.009360468e+02,4.895625485e+01,1.515246291e+02,4.551628078e-01
3065,7.662500000e-02,1.110328849e-01,2.009680239e+02,4.893860671e+01,1.515741977e+02,4.552195433e-01
3066,7.665000000e-02,1.110784348e-01,2.009999792e+02,4.892096598e+01,1.516237370e+02,4.552762199e-01
3067,7.667500000e-02,1.111239811e-01,2.010319124e+02,4.890333604e+01,1.516732436e+02,4.553328278e-01
3068,7.670000000e-02,1.111695227e-01,2.010638238e+02,4.888571981e+01,1.517227146e+02,4.553893573e-01
3069,7.672500000e-02,1.112150589e-01,2.010957132e+02,4.886811973e+01,1.517721477e+02,4.554458004e-01
3070,7.675000000e-02,1.112605890e-01,2.011275808e+02,4.885053779e+01,1.518215408e+02,4.555021501e-01
3071,7.677500000e-02,1.113061127e-01,2.011594265e+02,4.883297562e+01,1.518708925e+02,4.555584007e-01
3072,7.680000000e-02,1.113516295e-01,2.011912504e+02,4.881543452e+01,1.519202013e+02,4.556145474e-01
3073,7.682500000e-02,1.113971390e-01,2.012230525e+02,4.879791553e+01,1.519694663e+02,4.556705866e-01
3074,7.685000000e-02,1.114426412e-01,2.012548328e+02,4.878041952e+01,1.520186868e+02,4.557265152e-01
3075,7.687500000e-02,1.114881357e-01,2.012865914e+02,4.876294716e+01,1.520678619e+02,4.557823309e-01
3076,7.690000000e-02,1.115336225e-01,2.013183282e+02,4.874549899e+01,1.521169912e+02,4.558380318e-01
3077,7.692500000e-02,1.115791013e-01,2.013500434e+02,4.872807531e+01,1.521660745e+02,4.558936166e-01
3078,7.695000000e-02,1.116245723e-01,2.013817370e+02,4.871067508e+01,1.522151128e+02,4.559490841e-01
3079,7.697500000e-02,1.116700363e-01,2.014134089e+02,4.869329718e+01,1.522641073e+02,4.560044343e-01
3080,7.700000000e-02,1.117154938e-01,2.014450592e+02,4.867594179e+01,1.523130578e+02,4.560596681e-01
3081,7.702500000e-02,1.117609441e-01,2.014766880e+02,4.865860988e+01,1.523619633e+02,4.561147848e-01
3082,7.705000000e-02,1.118063868e-01,2.015082952e+02,4.864130224e+01,1.524108232e+02,4.561697831e-01
3083,7.707500000e-02,1.118518217e-01,2.015398810e+02,4.862401938e+01,1.524596369e+02,4.562246621e-01
3084,7.710000000e-02,1.118972487e-01,2.015714452e+02,4.860676115e+01,1.525084046e+02,4.562794209e-01
3085,7.712500000e-02,1.119426681e-01,2.016029880e+02,4.858952052e+01,1.525571334e+02,4.563340627e-01
3086,7.715000000e-02,1.119880854e-01,2.016345094e+02,4.857228519e+01,1.526058356e+02,4.563886392e-01
3087,7.717500000e-02,1.120335005e-01,2.016660094e+02,4.855505556e+01,1.526545107e+02,4.564431610e-01
3088,7.720000000e-02,1.120789122e-01,2.016974880e+02,4.853783462e+01,1.527031558e+02,4.564976223e-01
3089,7.722500000e-02,1.121243195e-01,2.017289453e+02,4.852062555e+01,1.527517677e+02,4.565520140e-01
3090,7.725000000e-02,1.121697217e-01,2.017603812e+02,4.850343089e+01,1.528003439e+02,4.566063275e-01
3091,7.727500000e-02,1.122151181e-01,2.017917958e+02,4.848625275e+01,1.528488825e+02,4.566605555e-01
3092,7.730000000e-02,1.122605085e-01,2.018231891e+02,4.846909213e+01,1.528973822e+02,4.567146920e-01
3093,7.732500000e-02,1.123058932e-01,2.018545611e+02,4.845194887e+01,1.529458435e+02,4.567687339e-01
3094,7.735000000e-02,1.123512728e-01,2.018859119e+02,4.843482365e+01,1.529942656e+02,4.568226799e-01
3095,7.737500000e-02,1.123966466e-01,2.019172414e+02,4.841771798e+01,1.530426469e+02,4.568765271e-01
3096,7.740000000e-02,1.124420140e-01,2.019485498e+02,4.840063315e+01,1.530909864e+02,4.569302723e-01
3097,7.742500000e-02,1.124873747e-01,2.019798370e+02,4.838357013e+01,1.531392830e+02,4.569839129e-01
3098,7.745000000e-02,1.125327282e-01,2.020111031e+02,4.836652974e+01,1.531875359e+02,4.570374470e-01
3099,7.747500000e-02,1.125780744e-01,2.020423481e+02,4.834951261e+01,1.532357446e+02,4.570908730e-01
3100,7.750000000e-02,1.126234132e-01,2.020735719e+02,4.833251922e+01,1.532839085e+02,4.571441898e-01
3101,7.752500000e-02,1.126687443e-01,2.021047748e+02,4.831554990e+01,1.533320275e+02,4.571973966e-01
3102,7.755000000e-02,1.127140677e-01,2.021359566e+02,4.829860457e+01,1.533801015e+02,4.572504929e-01
3103,7.757500000e-02,1.127593834e-01,2.021671174e+02,4.828168326e+01,1.534281306e+02,4.573034784e-01
3104,7.760000000e-02,1.128046914e-01,2.021982572e+02,4.826478607e+01,1.534761148e+02,4.573563526e-01
3105,7.762500000e-02,1.128499917e-01,2.022293761e+02,4.824791312e+01,1.535240539e+02,4.574091153e-01
3106,7.765000000e-02,1.128952842e-01,2.022604741e+02,4.823106451e+01,1.535719478e+02,4.574617662e-01
3107,7.767500000e-02,1.129405689e-01,2.022915512e+02,4.821424033e+01,1.536197966e+02,4.575143050e-01
3108,7.770000000e-02,1.129858458e-01,2.023226075e+02,4.819744057e+01,1.536676002e+02,4.575667317e-01
3109,7.772500000e-02,1.130311150e-01,2.023536429e+02,4.818066442e+01,1.537153595e+02,4.576190463e-01
3110,7.775000000e-02,1.130763772e-01,2.023846576e+02,4.816391171e+01,1.537630746e+02,4.576712495e-01
3111,7.777500000e-02,1.131216321e-01,2.024156515e+02,4.814718279e+01,1.538107453e+02,4.577233414e-01
3112,7.780000000e-02,1.131668796e-01,2.024466246e+02,4.813047800e+01,1.538583713e+02,4.577753217e-01
3113,7.782500000e-02,1.132121195e-01,2.024775771e+02,4.811379727e+01,1.539059526e+02,4.578271903e-01
3114,7.785000000e-02,1.132573520e-01,2.025085088e+02,4.809713899e+01,1.539534909e+02,4.578789478e-01
3115,7.787500000e-02,1.133025781e-01,2.025394199e+02,4.808050249e+01,1.540009869e+02,4.579305968e-01
3116,7.790000000e-02,1.133477978e-01,2.025703104e+02,4.806388818e+01,1.540484401e+02,4.579821383e-01
3117,7.792500000e-02,1.133930107e-01,2.026011803e+02,4.804729667e+01,1.540958501e+02,4.580335720e-01
3118,7.795000000e-02,1.134382165e-01,2.026320297e+02,4.803072763e+01,1.541432172e+02,4.580848977e-01
3119,7.797500000e-02,1.134834157e-01,2.026628585e+02,4.801417681e+01,1.541905456e+02,4.581361181e-01
3120,7.800000000e-02,1.135286109e-01,2.026936668e+02,4.799763956e+01,1.542378400e+02,4.581872539e-01
3121,7.802500000e-02,1.135738025e-01,2.027244546e+02,4.798111107e+01,1.542851052e+02,4.582383112e-01
3122,7.805000000e-02,1.136189934e-01,2.027552219e+02,4.796458026e+01,1.543323523e+02,4.582893298e-01
3123,7.807500000e-02,1.136641857e-01,2.027859688e+02,4.794804132e+01,1.543795871e+02,4.583403504e-01
3124,7.810000000e-02,1.137093786e-01,2.028166952e+02,4.793149678e+01,1.544268070e+02,4.583913690e-01
3125,7.812500000e-02,1.137545707e-01,2.028474012e+02,4.791495113e+01,1.544740077e+02,4.584423712e-01
3126,7.815000000e-02,1.137997606e-01,2.028780867e+02,4.789840525e+01,1.545211882e+02,4.584933422e-01
3127,7.817500000e-02,1.138449499e-01,2.029087519e+02,4.788185974e+01,1.545683479e+02,4.585442814e-01
3128,7.820000000e-02,1.138901376e-01,2.029393967e+02,4.786531811e+01,1.546154834e+02,4.585951802e-01
3129,7.822500000e-02,1.139353225e-01,2.029700210e+02,4.784877551e+01,1.546625995e+02,4.586460283e-01
3130,7.825000000e-02,1.139805102e-01,2.030006250e+02,4.783221624e+01,1.547097119e+02,4.586968826e-01
3131,7.827500000e-02,1.140257022e-01,2.030312087e+02,4.781563840e+01,1.547568225e+02,4.587477697e-01
3132,7.830000000e-02,1.140708971e-01,2.030617720e+02,4.779904750e+01,1.548039258e+02,4.587986764e-01
3133,7.832500000e-02,1.141160929e-01,2.030923149e+02,4.778245010e+01,1.548510152e+02,4.588495834e-01
3134,7.835000000e-02,1.141612878e-01,2.031228374e+02,4.776585209e+01,1.548980849e+02,4.589004720e-01
3135,7.837500000e-02,1.142064803e-01,2.031533397e+02,4.774925638e+01,1.549451320e+02,4.589513260e-01
3136,7.840000000e-02,1.142516705e-01,2.031838216e+02,4.773265659e+01,1.549921628e+02,4.590021451e-01
3137,7.842500000e-02,1.142968622e-01,2.032142832e+02,4.771604288e+01,1.550391873e+02,4.590529792e-01
3138,7.845000000e-02,1.143420562e-01,2.032447244e+02,4.769941609e+01,1.550862045e+02,4.591038318e-01
3139,7.847500000e-02,1.143872510e-01,2.032751454e+02,4.768278123e+01,1.551332095e+02,4.591546889e-01
3140,7.850000000e-02,1.144324452e-01,2.033055461e+02,4.766614407e+01,1.551801965e+02,4.592055325e-01
3141,7.852500000e-02,1.144776371e-01,2.033359265e+02,4.764950984e+01,1.552271603e+02,4.592563460e-01
3142,7.855000000e-02,1.145228256e-01,2.033662866e+02,4.763288289e+01,1.552740966e+02,4.593071151e-01
3143,7.857500000e-02,1.145680097e-01,2.033966264e+02,4.761626669e+01,1.553210019e+02,4.593578284e-01
3144,7.860000000e-02,1.146131888e-01,2.034269461e+02,4.759965932e+01,1.553678783e+02,4.594084763e-01
3145,7.862500000e-02,1.146583672e-01,2.034572454e+02,4.758304919e+01,1.554147372e+02,4.594590896e-01
3146,7.865000000e-02,1.147035468e-01,2.034875246e+02,4.756642990e+01,1.554615850e+02,4.595096912e-01
3147,7.867500000e-02,1.147487285e-01,2.035177836e+02,4.754980081e+01,1.555084225e+02,4.595602919e-01
3148,7.870000000e-02,1.147939112e-01,2.035480224e+02,4.753316588e+01,1.555552457e+02,4.596108828e-01
3149,7.872500000e-02,1.148390934e-01,2.035782411e+02,4.751653025e+01,1.556020494e+02,4.596614493e-01
3150,7.875000000e-02,1.148842734e-01,2.036084395e+02,4.749989873e+01,1.556488288e+02,4.597119770e-01
3151,7.877500000e-02,1.149294501e-01,2.036386178e+02,4.748327538e+01,1.556955800e+02,4.597624531e-01
3152,7.880000000e-02,1.149746226e-01,2.036687759e+02,4.746666338e+01,1.557422997e+02,4.598128672e-01
3153,7.882500000e-02,1.150197900e-01,2.036989140e+02,4.745006503e+01,1.557889857e+02,4.598632106e-01
3154,7.885000000e-02,1.150649521e-01,2.037290319e+02,4.743347943e+01,1.558356390e+02,4.599134766e-01
3155,7.887500000e-02,1.151101104e-01,2.037591298e+02,4.741690364e+01,1.558822625e+02,4.599636647e-01
3156,7.890000000e-02,1.151552687e-01,2.037892075e+02,4.740033487e+01,1.559288589e+02,4.600137861e-01
3157,7.892500000e-02,1.152004252e-01,2.038192653e+02,4.738377523e+01,1.559754262e+02,4.600638419e-01
3158,7.895000000e-02,1.152455787e-01,2.038493030e+02,4.736722730e+01,1.560219619e+02,4.601138272e-01
3159,7.897500000e-02,1.152907282e-01,2.038793207e+02,4.735069335e+01,1.560684636e+02,4.601637362e-01
3160,7.900000000e-02,1.153358729e-01,2.039093185e+02,4.733417531e+01,1.561149296e+02,4.602135634e-01
3161,7.902500000e-02,1.153810123e-01,2.039392962e+02,4.731767469e+01,1.561613582e+02,4.602633041e-01
3162,7.905000000e-02,1.154261459e-01,2.039692541e+02,4.730119266e+01,1.562077485e+02,4.603129547e-01
3163,7.907500000e-02,1.154712733e-01,2.039991920e+02,4.728473017e+01,1.562540993e+02,4.603625119e-01
3164,7.910000000e-02,1.155163942e-01,2.040291100e+02,4.726828595e+01,1.563004121e+02,4.604119731e-01
3165,7.912500000e-02,1.155615103e-01,2.040590082e+02,4.725185927e+01,1.563466876e+02,4.604613397e-01
3166,7.915000000e-02,1.156066213e-01,2.040888865e+02,4.723545089e+01,1.563929250e+02,4.605106128e-01
3167,7.917500000e-02,1.156517266e-01,2.041187450e+02,4.721905944e+01,1.564391258e+02,4.605597909e-01
3168,7.920000000e-02,1.156968294e-01,2.041485837e+02,4.720268026e+01,1.564852946e+02,4.606088820e-01
3169,7.922500000e-02,1.157419303e-01,2.041784027e+02,4.718631253e+01,1.565314322e+02,4.606578949e-01
3170,7.925000000e-02,1.157870277e-01,2.042082018e+02,4.716995800e+01,1.565775370e+02,4.607068276e-01
3171,7.927500000e-02,1.158321207e-01,2.042379813e+02,4.715361893e+01,1.566236067e+02,4.607556757e-01
3172,7.930000000e-02,1.158772087e-01,2.042677410e+02,4.713729734e+01,1.566696393e+02,4.608044346e-01
3173,7.932500000e-02,1.159222910e-01,2.042974811e+02,4.712099483e+01,1.567156332e+02,4.608531010e-01
3174,7.935000000e-02,1.159673671e-01,2.043272015e+02,4.710470786e+01,1.567615919e+02,4.609016721e-01
3175,7.937500000e-02,1.160124397e-01,2.043569022e+02,4.708843263e+01,1.568075194e+02,4.609501641e-01
3176,7.940000000e-02,1.160575103e-01,2.043865834e+02,4.707216740e+01,1.568534174e+02,4.609985845e-01
3177,7.942500000e-02,1.161025791e-01,2.044162449e+02,4.705591152e+01,1.568992864e+02,4.610469356e-01
3178,7.945000000e-02,1.161476458e-01,2.044458868e+02,4.703966615e+01,1.569451255e+02,4.610952175e-01
3179,7.947500000e-02,1.161927097e-01,2.044755092e+02,4.702343150e+01,1.569909343e+02,4.611434262e-01
3180,7.950000000e-02,1.162377720e-01,2.045051121e+02,4.700720655e+01,1.570367140e+02,4.611915622e-01
3181,7.952500000e-02,1.162828328e-01,2.045346954e+02,4.699099242e+01,1.570824633e+02,4.612396257e-01
3182,7.955000000e-02,1.163278905e-01,2.045642592e+02,4.697479148e+01,1.571281801e+02,4.612876125e-01
3183,7.957500000e-02,1.163729443e-01,2.045938035e+02,4.695860187e+01,1.571738661e+02,4.613355177e-01
3184,7.960000000e-02,1.164179964e-01,2.046233284e+02,4.694241230e+01,1.572195327e+02,4.613833709e-01
3185,7.962500000e-02,1.164630518e-01,2.046528338e+02,4.692621527e+01,1.572651873e+02,4.614312085e-01
3186,7.965000000e-02,1.165081096e-01,2.046823197e+02,4.691001283e+01,1.573108279e+02,4.614790331e-01
3187,7.967500000e-02,1.165531679e-01,2.047117863e+02,4.689380664e+01,1.573564528e+02,4.615268334e-01
3188,7.970000000e-02,1.165982280e-01,2.047412334e+02,4.687759636e+01,1.574020624e+02,4.615746099e-01
3189,7.972500000e-02,1.166432882e-01,2.047706611e+02,4.686138620e+01,1.574476525e+02,4.616223555e-01
3190,7.975000000e-02,1.166883469e-01,2.048000693e+02,4.684517810e+01,1.574932212e+02,4.616700584e-01
3191,7.977500000e-02,1.167334055e-01,2.048294582e+02,4.682896983e+01,1.575387707e+02,4.617177245e-01
3192,7.980000000e-02,1.167784632e-01,2.048588277e+02,4.681276404e+01,1.575842984e+02,4.617653529e-01
3193,7.982500000e-02,1.168235185e-01,2.048881779e+02,4.679656358e+01,1.576298014e+02,4.618129338e-01
3194,7.985000000e-02,1.168685717e-01,2.049175087e+02,4.678036933e+01,1.576752789e+02,4.618604586e-01
3195,7.987500000e-02,1.169136235e-01,2.049468202e+02,4.676418260e+01,1.577207297e+02,4.619079249e-01
3196,7.990000000e-02,1.169586723e-01,2.049761123e+02,4.674800656e+01,1.577661504e+02,4.619553280e-01
3197,7.992500000e-02,1.170037171e-01,2.050053852e+02,4.673184399e+01,1.578115385e+02,4.620026611e-01
3198,7.995000000e-02,1.170487569e-01,2.050346387e+02,4.671569698e+01,1.578568918e+02,4.620499188e-01
3199,7.997500000e-02,1.170937913e-01,2.050638731e+02,4.669956713e+01,1.579022088e+02,4.620970967e-01
3200,8.000000000e-02,1.171388198e-01,2.050930881e+02,4.668345564e+01,1.579474883e+02,4.621441914e-01
3201,8.002500000e-02,1.171838423e-01,2.051222840e+02,4.666736342e+01,1.579927294e+02,4.621912004e-01
3202,8.005000000e-02,1.172288584e-01,2.051514607e+02,4.665128732e+01,1.580379352e+02,4.622381217e-01
3203,8.007500000e-02,1.172738710e-01,2.051806182e+02,4.663521820e+01,1.580831150e+02,4.622849783e-01
3204,8.010000000e-02,1.173188828e-01,2.052097565e+02,4.661915001e+01,1.581282747e+02,4.623318017e-01
3205,8.012500000e-02,1.173638938e-01,2.052388757e+02,4.660308325e+01,1.581734139e+02,4.623785942e-01
3206,8.015000000e-02,1.174089030e-01,2.052679758e+02,4.658702101e+01,1.582185295e+02,4.624253478e-01
3207,8.017500000e-02,1.174539093e-01,2.052970568e+02,4.657096675e+01,1.582636180e+02,4.624720531e-01
3208,8.020000000e-02,1.174989117e-01,2.053261187e+02,4.655492356e+01,1.583086764e+02,4.625187012e-01
3209,8.022500000e-02,1.175439095e-01,2.053551615e+02,4.653889393e+01,1.583537023e+02,4.625652848e-01
3210,8.025000000e-02,1.175889021e-01,2.053841853e+02,4.652287983e+01,1.583986937e+02,4.626117980e-01
3211,8.027500000e-02,1.176338891e-01,2.054131900e+02,4.650688279e+01,1.584436490e+02,4.626582365e-01
3212,8.030000000e-02,1.176788702e-01,2.054421758e+02,4.649090398e+01,1.584885672e+02,4.627045966e-01
3213,8.032500000e-02,1.177238450e-01,2.054711425e+02,4.647494230e+01,1.585334493e+02,4.627508757e-01
3214,8.035000000e-02,1.177688149e-01,2.055000903e+02,4.645898727e+01,1.585783059e+02,4.627970854e-01
3215,8.037500000e-02,1.178137867e-01,2.055290191e+02,4.644302168e+01,1.586231541e+02,4.628432885e-01
3216,8.040000000e-02,1.178587633e-01,2.055579290e+02,4.642704215e+01,1.586679974e+02,4.628895049e-01
3217,8.042500000e-02,1.179037420e-01,2.055868200e+02,4.641105427e+01,1.587128300e+02,4.629357263e-01
3218,8.045000000e-02,1.179487205e-01,2.056156920e+02,4.639506159e+01,1.587576485e+02,4.629819369e-01
3219,8.047500000e-02,1.179936995e-01,2.056445451e+02,4.637905953e+01,1.588024575e+02,4.630281404e-01
3220,8.050000000e-02,1.180386814e-01,2.056733793e+02,4.636304356e+01,1.588472614e+02,4.630743611e-01
3221,8.052500000e-02,1.180836646e-01,2.057021946e+02,4.634701738e+01,1.588920567e+02,4.631205906e-01
3222,8.055000000e-02,1.181286486e-01,2.057309910e+02,4.633098669e+01,1.589368375e+02,4.631668138e-01
3223,8.057500000e-02,1.181736314e-01,2.057597685e+02,4.631495719e+01,1.589815983e+02,4.632130158e-01
3224,8.060000000e-02,1.182186114e-01,2.057885271e+02,4.629893351e+01,1.590263344e+02,4.632591829e-01
3225,8.062500000e-02,1.182635877e-01,2.058172669e+02,4.628291924e+01,1.590710423e+02,4.633053039e-01
3226,8.065000000e-02,1.183085594e-01,2.058459878e+02,4.626691723e+01,1.591157192e+02,4.633513700e-01
3227,8.067500000e-02,1.183535259e-01,2.058746898e+02,4.625092952e+01,1.591603629e+02,4.633973741e-01
3228,8.070000000e-02,1.183984869e-01,2.059033731e+02,4.623495758e+01,1.592049722e+02,4.634433108e-01
3229,8.072500000e-02,1.184434420e-01,2.059320375e+02,4.621900260e+01,1.592495457e+02,4.634891757e-01
3230,8.075000000e-02,1.184883911e-01,2.059606832e+02,4.620306550e+01,1.592940827e+02,4.635349652e-01
3231,8.077500000e-02,1.185333340e-01,2.059893101e+02,4.618714704e+01,1.593385824e+02,4.635806768e-01
3232,8.080000000e-02,1.185782704e-01,2.060179183e+02,4.617124525e+01,1.593830467e+02,4.636263081e-01
3233,8.082500000e-02,1.186232020e-01,2.060465077e+02,4.615535529e+01,1.594274806e+02,4.636718661e-01
3234,8.085000000e-02,1.186681309e-01,2.060750785e+02,4.613947394e+01,1.594718872e+02,4.637173679e-01
3235,8.087500000e-02,1.187130575e-01,2.061036307e+02,4.612360132e+01,1.595162665e+02,4.637628176e-01
3236,8.090000000e-02,1.187579812e-01,2.061321642e+02,4.610773901e+01,1.595606169e+02,4.638082130e-01
3237,8.092500000e-02,1.188029012e-01,2.061606790e+02,4.609188793e+01,1.596049375e+02,4.638535497e-01
3238,8.095000000e-02,1.188478179e-01,2.061891752e+02,4.607604508e+01,1.596492313e+02,4.638988279e-01
3239,8.097500000e-02,1.188927342e-01,2.062176529e+02,4.606020619e+01,1.596935026e+02,4.639440645e-01
3240,8.100000000e-02,1.189376487e-01,2.062461119e+02,4.604437349e+01,1.597377492e+02,4.639892577e-01
3241,8.102500000e-02,1.189825601e-01,2.062745524e+02,4.602854513e+01,1.597819729e+02,4.640343991e-01
3242,8.105000000e-02,1.190274714e-01,2.063029743e+02,4.601271196e+01,1.598261829e+02,4.640795182e-01
3243,8.107500000e-02,1.190723839e-01,2.063313777e+02,4.599687139e+01,1.598703817e+02,4.641246343e-01
3244,8.110000000e-02,1.191172967e-01,2.063597626e+02,4.598102655e+01,1.599145663e+02,4.641697402e-01
3245,8.112500000e-02,1.191622083e-01,2.063881289e+02,4.596518216e+01,1.599587319e+02,4.642148227e-01
3246,8.115000000e-02,1.192071174e-01,2.064164767e+02,4.594934266e+01,1.600028742e+02,4.642598686e-01
3247,8.117500000e-02,1.192520231e-01,2.064448061e+02,4.593351181e+01,1.600469894e+02,4.643048670e-01
3248,8.120000000e-02,1.192969244e-01,2.064731169e+02,4.591769253e+01,1.600910745e+02,4.643498088e-01
3249,8.122500000e-02,1.193418208e-01,2.065014092e+02,4.590188579e+01,1.601351288e+02,4.643946871e-01
3250,8.125000000e-02,1.193867132e-01,2.065296831e+02,4.588609248e+01,1.601791512e+02,4.644394981e-01
3251,8.127500000e-02,1.194316008e-01,2.065579386e+02,4.587031448e+01,1.602231399e+02,4.644842382e-01
3252,8.130000000e-02,1.194764829e-01,2.065861757e+02,4.585455335e+01,1.602670934e+02,4.645289038e-01
3253,8.132500000e-02,1.195213592e-01,2.066143944e+02,4.583881023e+01,1.603110106e+02,4.645734916e-01
3254,8.135000000e-02,1.195662293e-01,2.066425947e+02,4.582308595e+01,1.603548907e+02,4.646179995e-01
3255,8.137500000e-02,1.196110930e-01,2.066707766e+02,4.580738113e+01,1.603987331e+02,4.646624256e-01
3256,8.140000000e-02,1.196559504e-01,2.066989403e+02,4.579169622e+01,1.604425373e+02,4.647067685e-01
3257,8.142500000e-02,1.197008013e-01,2.067270856e+02,4.577603153e+01,1.604863030e+02,4.647510273e-01
3258,8.145000000e-02,1.197456456e-01,2.067552127e+02,4.576038731e+01,1.605300302e+02,4.647952012e-01
3259,8.147500000e-02,1.197904833e-01,2.067833215e+02,4.574476374e+01,1.605737185e+02,4.648392898e-01
3260,8.150000000e-02,1.198353143e-01,2.068114121e+02,4.572916077e+01,1.606173680e+02,4.648832927e-01
3261,8.152500000e-02,1.198801388e-01,2.068394845e+02,4.571357832e+01,1.606609789e+02,4.649272096e-01
3262,8.155000000e-02,1.199249566e-01,2.068675387e+02,4.569801636e+01,1.607045513e+02,4.649710401e-01
3263,8.157500000e-02,1.199697679e-01,2.068955747e+02,4.568247494e+01,1.607480850e+02,4.650147840e-01
3264,8.160000000e-02,1.200145727e-01,2.069235926e+02,4.566695412e+01,1.607915801e+02,4.650584407e-01
3265,8.162500000e-02,1.200593708e-01,2.069515924e+02,4.565145400e+01,1.608350364e+02,4.651020102e-01
3266,8.165000000e-02,1.201041623e-01,2.069795741e+02,4.563597466e+01,1.608784540e+02,4.651454921e-01
3267,8.167500000e-02,1.201489473e-01,2.070075378e+02,4.562051617e+01,1.609218328e+02,4.651888863e-01
3268,8.170000000e-02,1.201937256e-01,2.070354834e+02,4.560507858e+01,1.609651726e+02,4.652321927e-01
3269,8.172500000e-02,1.202384973e-01,2.070634110e+02,4.558966196e+01,1.610084737e+02,4.652754114e-01
3270,8.175000000e-02,1.202832624e-01,2.070913206e+02,4.557426631e+01,1.610517358e+02,4.653185422e-01
3271,8.177500000e-02,1.203280209e-01,2.071192123e+02,4.555889159e+01,1.610949591e+02,4.653615855e-01
3272,8.180000000e-02,1.203727727e-01,2.071470860e+02,4.554353620e+01,1.611381453e+02,4.654045411e-01
3273,8.182500000e-02,1.204175195e-01,2.071749418e+02,4.552819104e+01,1.611813033e+02,4.654474208e-01
3274,8.185000000e-02,1.204622665e-01,2.072027797e+02,4.551284399e+01,1.612244454e+02,4.654902766e-01
3275,8.187500000e-02,1.205070134e-01,2.072305997e+02,4.549749566e+01,1.612675709e+02,4.655331160e-01
3276,8.190000000e-02,1.205517592e-01,2.072584018e+02,4.548214915e+01,1.613106767e+02,4.655759319e-01
3277,8.192500000e-02,1.205965027e-01,2.072861861e+02,4.546680622e+01,1.613537612e+02,4.656187146e-01
3278,8.195000000e-02,1.206412450e-01,2.073139525e+02,4.545146866e+01,1.613968224e+02,4.656614573e-01
3279,8.197500000e-02,1.206859848e-01,2.073417011e+02,4.543613944e+01,1.614398575e+02,4.657041527e-01
3280,8.200000000e-02,1.207307212e-01,2.073694318e+02,4.542082106e+01,1.614828640e+02,4.657467935e-01
3281,8.202500000e-02,1.207754534e-01,2.073971448e+02,4.540551555e+01,1.615258399e+02,4.657893739e-01
3282,8.205000000e-02,1.208201811e-01,2.074248400e+02,4.539022453e+01,1.615687835e+02,4.658318889e-01
3283,8.207500000e-02,1.208649036e-01,2.074525173e+02,4.537494928e+01,1.616116937e+02,4.658743348e-01
3284,8.210000000e-02,1.209096208e-01,2.074801770e+02,4.535969078e+01,1.616545695e+02,4.659167085e-01
3285,8.212500000e-02,1.209543323e-01,2.075078189e+02,4.534444982e+01,1.616974101e+02,4.659590079e-01
3286,8.215000000e-02,1.209990381e-01,2.075354431e+02,4.532922657e+01,1.617402153e+02,4.660012310e-01
3287,8.217500000e-02,1.210437382e-01,2.075630496e+02,4.531401828e+01,1.617829880e+02,4.660433784e-01
3288,8.220000000e-02,1.210884348e-01,2.075906385e+02,4.529882172e+01,1.618257313e+02,4.660854628e-01
3289,8.222500000e-02,1.211331284e-01,2.076182097e+02,4.528363664e+01,1.618684456e+02,4.661274871e-01
3290,8.225000000e-02,1.211778181e-01,2.076457633e+02,4.526846429e+01,1.619111295e+02,4.661694492e-01
3291,8.227500000e-02,1.212225036e-01,2.076732992e+02,4.525330597e+01,1.619537819e+02,4.662113457e-01
3292,8.230000000e-02,1.212671843e-01,2.077008176e+02,4.523816294e+01,1.619964015e+02,4.662531733e-01
3293,8.232500000e-02,1.213118598e-01,2.077283184e+02,4.522303626e+01,1.620389872e+02,4.662949293e-01
3294,8.235000000e-02,1.213565298e-01,2.077558017e+02,4.520792679e+01,1.620815383e+02,4.663366111e-01
3295,8.237500000e-02,1.214011942e-01,2.077832674e+02,4.519283518e+01,1.621240540e+02,4.663782171e-01
3296,8.240000000e-02,1.214458528e-01,2.078107156e+02,4.517776197e+01,1.621665339e+02,4.664197458e-01
3297,8.242500000e-02,1.214905054e-01,2.078381463e+02,4.516270756e+01,1.622089776e+02,4.664611962e-01
3298,8.245000000e-02,1.215351520e-01,2.078655596e+02,4.514767225e+01,1.622513848e+02,4.665025675e-01
3299,8.247500000e-02,1.215797925e-01,2.078929554e+02,4.513265629e+01,1.622937553e+02,4.665438591e-01
3300,8.250000000e-02,1.216244268e-01,2.079203338e+02,4.511765985e+01,1.623360889e+02,4.665850707e-01
3301,8.252500000e-02,1.216690549e-01,2.079476948e+02,4.510268305e+01,1.623783856e+02,4.666262020e-01
3302,8.255000000e-02,1.217136768e-01,2.079750384e+02,4.508772199e+01,1.624206492e+02,4.666672529e-01
3303,8.257500000e-02,1.217582957e-01,2.080023647e+02,4.507276854e+01,1.624628879e+02,4.667082367e-01
3304,8.260000000e-02,1.218029145e-01,2.080296736e+02,4.505781744e+01,1.625051070e+02,4.667491765e-01
3305,8.262500000e-02,1.218475330e-01,2.080569653e+02,4.504286942e+01,1.625473058e+02,4.667900741e-01
3306,8.265000000e-02,1.218921504e-01,2.080842395e+02,4.502792612e+01,1.625894825e+02,4.668309251e-01
3307,8.267500000e-02,1.219367664e-01,2.081114965e+02,4.501299002e+01,1.626316348e+02,4.668717250e-01
3308,8.270000000e-02,1.219813798e-01,2.081387362e+02,4.499806080e+01,1.626737630e+02,4.669124683e-01
3309,8.272500000e-02,1.220259922e-01,2.081659587e+02,4.498313249e+01,1.627158730e+02,4.669531683e-01
3310,8.275000000e-02,1.220706057e-01,2.081931639e+02,4.496820027e+01,1.627579697e+02,4.669938543e-01
3311,8.277500000e-02,1.221152201e-01,2.082203518e+02,4.495326513e+01,1.628000521e+02,4.670345279e-01
3312,8.280000000e-02,1.221598343e-01,2.082475225e+02,4.493833046e+01,1.628421168e+02,4.670751811e-01
3313,8.282500000e-02,1.222044470e-01,2.082746760e+02,4.492339712e+01,1.628841630e+02,4.671158037e-01
3314,8.285000000e-02,1.222490594e-01,2.083018122e+02,4.490845903e+01,1.629261968e+02,4.671564055e-01
3315,8.287500000e-02,1.222936755e-01,2.083289312e+02,4.489350514e+01,1.629682291e+02,4.671970242e-01
3316,8.290000000e-02,1.223382968e-01,2.083560331e+02,4.487853157e+01,1.630102638e+02,4.672376866e-01
3317,8.292500000e-02,1.223829220e-01,2.083831177e+02,4.486354292e+01,1.630522964e+02,4.672783826e-01
3318,8.295000000e-02,1.224275490e-01,2.084101851e+02,4.484854546e+01,1.630943205e+02,4.673190942e-01
3319,8.297500000e-02,1.224721759e-01,2.084372353e+02,4.483354503e+01,1.631363305e+02,4.673598041e-01
3320,8.300000000e-02,1.225168014e-01,2.084642683e+02,4.481854647e+01,1.631783213e+02,4.674004972e-01
3321,8.302500000e-02,1.225614243e-01,2.084912841e+02,4.480355367e+01,1.632202893e+02,4.674411615e-01
3322,8.305000000e-02,1.226060438e-01,2.085182828e+02,4.478856818e+01,1.632622328e+02,4.674817873e-01
3323,8.307500000e-02,1.226506606e-01,2.085452643e+02,4.477358479e+01,1.633041571e+02,4.675223770e-01
3324,8.310000000e-02,1.226952781e-01,2.085722287e+02,4.475859576e+01,1.633460699e+02,4.675629622e-01
3325,8.312500000e-02,1.227398955e-01,2.085991759e+02,4.474360386e+01,1.633879685e+02,4.676035413e-01
3326,8.315000000e-02,1.227845116e-01,2.086261060e+02,4.472861335e+01,1.634298485e+02,4.676441039e-01
3327,8.317500000e-02,1.228291251e-01,2.086530189e+02,4.471362804e+01,1.634717062e+02,4.676846396e-01
3328,8.320000000e-02,1.228737351e-01,2.086799148e+02,4.469865100e+01,1.635135386e+02,4.677251393e-01
3329,8.322500000e-02,1.229183410e-01,2.087067935e+02,4.468368462e+01,1.635553433e+02,4.677655954e-01
3330,8.325000000e-02,1.229629424e-01,2.087336552e+02,4.466873077e+01,1.635971185e+02,4.678060021e-01
3331,8.327500000e-02,1.230075389e-01,2.087604999e+02,4.465379090e+01,1.636388626e+02,4.678463545e-01
3332,8.330000000e-02,1.230521301e-01,2.087873275e+02,4.463886613e+01,1.636805747e+02,4.678866489e-01
3333,8.332500000e-02,1.230967160e-01,2.088141380e+02,4.462395731e+01,1.637222538e+02,4.679268823e-01
3334,8.335000000e-02,1.231412963e-01,2.088409316e+02,4.460906489e+01,1.637638997e+02,4.679670523e-01
3335,8.337500000e-02,1.231858709e-01,2.088677082e+02,4.459418905e+01,1.638055120e+02,4.680071572e-01
3336,8.340000000e-02,1.232304400e-01,2.088944678e+02,4.457932768e+01,1.638470929e+02,4.680471954e-01
3337,8.342500000e-02,1.232750054e-01,2.089212105e+02,4.456448017e+01,1.638886431e+02,4.680871695e-01
3338,8.345000000e-02,1.233195662e-01,2.089479362e+02,4.454964543e+01,1.639301637e+02,4.681270791e-01
3339,8.347500000e-02,1.233641258e-01,2.089746451e+02,4.453481957e+01,1.639716586e+02,4.681669321e-01
3340,8.350000000e-02,1.234086846e-01,2.090013370e+02,4.452000214e+01,1.640131282e+02,4.682067348e-01
3341,8.352500000e-02,1.234532413e-01,2.090280121e+02,4.450519481e+01,1.640545708e+02,4.682464857e-01
3342,8.355000000e-02,1.234977949e-01,2.090546703e+02,4.449039931e+01,1.640959848e+02,4.682861814e-01
3343,8.357500000e-02,1.235423447e-01,2.090813117e+02,4.447561707e+01,1.641373688e+02,4.683258182e-01
3344,8.360000000e-02,1.235868902e-01,2.091079363e+02,4.446084925e+01,1.641787216e+02,4.683653932e-01
3345,8.362500000e-02,1.236314311e-01,2.091345440e+02,4.444609681e+01,1.642200423e+02,4.684049038e-01
3346,8.365000000e-02,1.236759671e-01,2.091611350e+02,4.443135731e+01,1.642613333e+02,4.684443478e-01
3347,8.367500000e-02,1.237205000e-01,2.091877092e+02,4.441662149e+01,1.643026040e+02,4.684837448e-01
3348,8.370000000e-02,1.237650332e-01,2.092142666e+02,4.440188150e+01,1.643438620e+02,4.685231319e-01
3349,8.372500000e-02,1.238095669e-01,2.092408073e+02,4.438713630e+01,1.643851085e+02,4.685625128e-01
3350,8.375000000e-02,1.238541012e-01,2.092673313e+02,4.437238753e+01,1.644263419e+02,4.686018814e-01
3351,8.377500000e-02,1.238986356e-01,2.092938385e+02,4.435763868e+01,1.644675586e+02,4.686412304e-01
3352,8.380000000e-02,1.239431688e-01,2.093203290e+02,4.434289217e+01,1.645087563e+02,4.686805505e-01
3353,8.382500000e-02,1.239877018e-01,2.093468028e+02,4.432814598e+01,1.645499370e+02,4.687198380e-01
3354,8.385000000e-02,1.240322373e-01,2.093732599e+02,4.431339935e+01,1.645911015e+02,4.687590970e-01
3355,8.387500000e-02,1.240767727e-01,2.093997004e+02,4.429865642e+01,1.646322456e+02,4.687983223e-01
3356,8.390000000e-02,1.241213061e-01,2.094261241e+02,4.428392098e+01,1.646733656e+02,4.688375055e-01
3357,8.392500000e-02,1.241658362e-01,2.094525312e+02,4.426919590e+01,1.647144586e+02,4.688766394e-01
3358,8.395000000e-02,1.242103625e-01,2.094789216e+02,4.425448140e+01,1.647555245e+02,4.689157184e-01
3359,8.397500000e-02,1.242548862e-01,2.095052954e+02,4.423977592e+01,1.647965647e+02,4.689547452e-01
3360,8.400000000e-02,1.242994069e-01,2.095316525e+02,4.422508106e+01,1.648375778e+02,4.689937192e-01
3361,8.402500000e-02,1.243439237e-01,2.095579931e+02,4.421039510e+01,1.648785654e+02,4.690326369e-01
3362,8.405000000e-02,1.243884387e-01,2.095843171e+02,4.419571586e+01,1.649195297e+02,4.690715069e-01
3363,8.407500000e-02,1.244329526e-01,2.096106245e+02,4.418104331e+01,1.649604709e+02,4.691103356e-01
3364,8.410000000e-02,1.244774649e-01,2.096369154e+02,4.416637877e+01,1.650013875e+02,4.691491211e-01
3365,8.412500000e-02,1.245219750e-01,2.096631897e+02,4.415171969e+01,1.650422821e+02,4.691878597e-01
3366,8.415000000e-02,1.245664865e-01,2.096894474e+02,4.413705581e+01,1.650831651e+02,4.692265753e-01
3367,8.417500000e-02,1.246110024e-01,2.097156887e+02,4.412238436e+01,1.651240391e+02,4.692652852e-01
3368,8.420000000e-02,1.246555205e-01,2.097419134e+02,4.410770715e+01,1.651649023e+02,4.693039858e-01
3369,8.422500000e-02,1.247000405e-01,2.097681217e+02,4.409302698e+01,1.652057520e+02,4.693426703e-01
3370,8.425000000e-02,1.247445610e-01,2.097943134e+02,4.407834670e+01,1.652465854e+02,4.693813299e-01
3371,8.427500000e-02,1.247890821e-01,2.098204887e+02,4.406366632e+01,1.652874024e+02,4.694199582e-01
3372,8.430000000e-02,1.248336055e-01,2.098466474e+02,4.404898137e+01,1.653282075e+02,4.694585595e-01
3373,8.432500000e-02,1.248781333e-01,2.098727897e+02,4.403428654e+01,1.653690060e+02,4.694971593e-01
3374,8.435000000e-02,1.249226636e-01,2.098989155e+02,4.401958593e+01,1.654097939e+02,4.695357538e-01
3375,8.437500000e-02,1.249671944e-01,2.099250249e+02,4.400488450e+01,1.654505661e+02,4.695743320e-01
3376,8.440000000e-02,1.250117241e-01,2.099511178e+02,4.399018651e+01,1.654913184e+02,4.696128829e-01
3377,8.442500000e-02,1.250562516e-01,2.099771943e+02,4.397549535e+01,1.655320475e+02,4.696513974e-01
3378,8.445000000e-02,1.251007760e-01,2.100032543e+02,4.396081367e+01,1.655727508e+02,4.696898683e-01
3379,8.447500000e-02,1.251452966e-01,2.100292979e+02,4.394614347e+01,1.656134261e+02,4.697282896e-01
3380,8.450000000e-02,1.251898130e-01,2.100553251e+02,4.393148631e+01,1.656540722e+02,4.697666571e-01
3381,8.452500000e-02,1.252343247e-01,2.100813359e+02,4.391684210e+01,1.656946889e+02,4.698049673e-01
3382,8.455000000e-02,1.252788332e-01,2.101073304e+02,4.390220963e+01,1.657352776e+02,4.698432201e-01
3383,8.457500000e-02,1.253233387e-01,2.101333085e+02,4.388758900e+01,1.657758381e+02,4.698814168e-01
3384,8.460000000e-02,1.253678404e-01,2.101592703e+02,4.387298130e+01,1.658163694e+02,4.699195560e-01
3385,8.462500000e-02,1.254123378e-01,2.101852157e+02,4.385838763e+01,1.658568705e+02,4.699576350e-01
3386,8.465000000e-02,1.254568306e-01,2.102111449e+02,4.384380888e+01,1.658973404e+02,4.699956515e-01
3387,8.467500000e-02,1.255013184e-01,2.102370578e+02,4.382924577e+01,1.659377784e+02,4.700336037e-01
3388,8.470000000e-02,1.255458012e-01,2.102629544e+02,4.381469883e+01,1.659781841e+02,4.700714900e-01
3389,8.472500000e-02,1.255902787e-01,2.102888348e+02,4.380016848e+01,1.660185570e+02,4.701093092e-01
3390,8.475000000e-02,1.256347509e-01,2.103146989e+02,4.378565507e+01,1.660588968e+02,4.701470605e-01
3391,8.477500000e-02,1.256792177e-01,2.103405469e+02,4.377115885e+01,1.660992033e+02,4.701847432e-01
3392,8.480000000e-02,1.257236790e-01,2.103663786e+02,4.375668000e+01,1.661394763e+02,4.702223567e-01
3393,8.482500000e-02,1.257681348e-01,2.103921942e+02,4.374221808e+01,1.661797163e+02,4.702599008e-01
3394,8.485000000e-02,1.258125856e-01,2.104179937e+02,4.372777301e+01,1.662199233e+02,4.702973752e-01
3395,8.487500000e-02,1.258570314e-01,2.104437770e+02,4.371334506e+01,1.662600972e+02,4.703347800e-01
3396,8.490000000e-02,1.259014718e-01,2.104695442e+02,4.369893454e+01,1.663002376e+02,4.703721149e-01
3397,8.492500000e-02,1.259459069e-01,2.104952954e+02,4.368454165e+01,1.663403443e+02,4.704093795e-01
3398,8.495000000e-02,1.259903364e-01,2.105210304e+02,4.367016651e+01,1.663804174e+02,4.704465739e-01
3399,8.497500000e-02,1.260347604e-01,2.105467495e+02,4.365580922e+01,1.664204565e+02,4.704836980e-01
3400,8.500000000e-02,1.260791788e-01,2.105724525e+02,4.364146984e+01,1.664604619e+02,4.705207517e-01
3401,8.502500000e-02,1.261235917e-01,2.105981394e+02,4.362714841e+01,1.665004333e+02,4.705577352e-01
3402,8.505000000e-02,1.261679989e-01,2.106238104e+02,4.361284500e+01,1.665403708e+02,4.705946486e-01
3403,8.507500000e-02,1.262124005e-01,2.106494655e+02,4.359855961e+01,1.665802744e+02,4.706314920e-01
3404,8.510000000e-02,1.262567966e-01,2.106751046e+02,4.358429219e+01,1.666201441e+02,4.706682655e-01
3405,8.512500000e-02,1.263011870e-01,2.107007277e+02,4.357004259e+01,1.666599802e+02,4.707049694e-01
3406,8.515000000e-02,1.263455720e-01,2.107263350e+02,4.355581020e+01,1.666997832e+02,4.707416038e-01
3407,8.517500000e-02,1.263899521e-01,2.107519263e+02,4.354159427e+01,1.667395539e+02,4.707781693e-01
3408,8.520000000e-02,1.264343281e-01,2.107775018e+02,4.352739054e+01,1.667792966e+02,4.708146684e-01
3409,8.522500000e-02,1.264787047e-01,2.108030615e+02,4.351319331e+01,1.668190170e+02,4.708511160e-01
3410,8.525000000e-02,1.265230796e-01,2.108286053e+02,4.349900301e+01,1.668587148e+02,4.708875148e-01
3411,8.527500000e-02,1.265674530e-01,2.108541333e+02,4.348481476e+01,1.668983946e+02,4.709238733e-01
3412,8.530000000e-02,1.266118277e-01,2.108796454e+02,4.347062263e+01,1.669380626e+02,4.709602191e-01
3413,8.532500000e-02,1.266562034e-01,2.109051418e+02,4.345642713e+01,1.669777181e+02,4.709965556e-01
3414,8.535000000e-02,1.267005789e-01,2.109306224e+02,4.344223160e+01,1.670173579e+02,4.710328749e-01
3415,8.537500000e-02,1.267449529e-01,2.109560872e+02,4.342803838e+01,1.670569796e+02,4.710691676e-01
3416,8.540000000e-02,1.267893260e-01,2.109815362e+02,4.341384464e+01,1.670965861e+02,4.711054326e-01
3417,8.542500000e-02,1.268337010e-01,2.110069695e+02,4.339964638e+01,1.671361814e+02,4.711416893e-01
3418,8.545000000e-02,1.268780772e-01,2.110323870e+02,4.338544507e+01,1.671757639e+02,4.711779376e-01
3419,8.547500000e-02,1.269224533e-01,2.110577887e+02,4.337124421e+01,1.672153303e+02,4.712141687e-01
3420,8.550000000e-02,1.269668280e-01,2.110831747e+02,4.335704739e+01,1.672548769e+02,4.712503726e-01
3421,8.552500000e-02,1.270112002e-01,2.111085449e+02,4.334285773e+01,1.672944007e+02,4.712865406e-01
3422,8.555000000e-02,1.270555691e-01,2.111338995e+02,4.332867774e+01,1.673338991e+02,4.713226655e-01
3423,8.557500000e-02,1.270999343e-01,2.111592383e+02,4.331450936e+01,1.673733702e+02,4.713587419e-01
3424,8.560000000e-02,1.271442951e-01,2.111845615e+02,4.330035408e+01,1.674128126e+02,4.713947655e-01
3425,8.562500000e-02,1.271886513e-01,2.112098689e+02,4.328621184e+01,1.674522264e+02,4.714307328e-01
3426,8.565000000e-02,1.272330039e-01,2.112351607e+02,4.327208302e+01,1.674916111e+02,4.714666425e-01
3427,8.567500000e-02,1.272773524e-01,2.112604369e+02,4.325796857e+01,1.675309659e+02,4.715024932e-01
3428,8.570000000e-02,1.273216964e-01,2.112856975e+02,4.324386938e+01,1.675702898e+02,4.715382832e-01
3429,8.572500000e-02,1.273660355e-01,2.113109424e+02,4.322978371e+01,1.676095847e+02,4.715740111e-01
3430,8.575000000e-02,1.274103711e-01,2.113361718e+02,4.321570712e+01,1.676488550e+02,4.716096827e-01
3431,8.577500000e-02,1.274547053e-01,2.113613855e+02,4.320163110e+01,1.676881091e+02,4.716453133e-01
3432,8.580000000e-02,1.274990431e-01,2.113865837e+02,4.318754286e+01,1.677273599e+02,4.716809535e-01
3433,8.582500000e-02,1.275433847e-01,2.114117664e+02,4.317344177e+01,1.677666080e+02,4.717166177e-01
3434,8.585000000e-02,1.275877287e-01,2.114369335e+02,4.315933181e+01,1.678058494e+02,4.717522985e-01
3435,8.587500000e-02,1.276320736e-01,2.114620851e+02,4.314521767e+01,1.678450794e+02,4.717879836e-01
3436,8.590000000e-02,1.276764179e-01,2.114872211e+02,4.313110365e+01,1.678842938e+02,4.718236609e-01
3437,8.592500000e-02,1.277207605e-01,2.115123416e+02,4.311699331e+01,1.679234889e+02,4.718593194e-01
3438,8.595000000e-02,1.277651006e-01,2.115374465e+02,4.310288954e+01,1.679626620e+02,4.718949504e-01
3439,8.597500000e-02,1.278094375e-01,2.115625359e+02,4.308879204e+01,1.680018134e+02,4.719305463e-01
3440,8.600000000e-02,1.278537735e-01,2.115876099e+02,4.307469400e+01,1.680409498e+02,4.719661195e-01
3441,8.602500000e-02,1.278981103e-01,2.116126683e+02,4.306059164e+01,1.680800750e+02,4.720016890e-01
3442,8.605000000e-02,1.279424469e-01,2.116377113e+02,4.304648812e+01,1.681191859e+02,4.720372505e-01
3443,8.607500000e-02,1.279867818e-01,2.116627387e+02,4.303238727e+01,1.681582787e+02,4.720727944e-01
3444,8.610000000e-02,1.280311142e-01,2.116877507e+02,4.301829233e+01,1.681973501e+02,4.721083120e-01
3445,8.612500000e-02,1.280754433e-01,2.117127473e+02,4.300420586e+01,1.682363976e+02,4.721437955e-01
3446,8.615000000e-02,1.281197686e-01,2.117377284e+02,4.299012986e+01,1.682754193e+02,4.721792390e-01
3447,8.617500000e-02,1.281640897e-01,2.117626941e+02,4.297606586e+01,1.683144136e+02,4.722146376e-01
3448,8.620000000e-02,1.282084063e-01,2.117876443e+02,4.296201502e+01,1.683533793e+02,4.722499877e-01
3449,8.622500000e-02,1.282527182e-01,2.118125792e+02,4.294797824e+01,1.683923157e+02,4.722852864e-01
3450,8.625000000e-02,1.282970252e-01,2.118374987e+02,4.293395623e+01,1.684312219e+02,4.723205312e-01
3451,8.627500000e-02,1.283413272e-01,2.118624028e+02,4.291994952e+01,1.684700976e+02,4.723557204e-01
3452,8.630000000e-02,1.283856241e-01,2.118872916e+02,4.290595835e+01,1.685089424e+02,4.723908528e-01
3453,8.632500000e-02,1.284299160e-01,2.119121651e+02,4.289198192e+01,1.685477572e+02,4.724259273e-01
3454,8.635000000e-02,1.284742040e-01,2.119370232e+02,4.287801995e+01,1.685865423e+02,4.724609443e-01
3455,8.637500000e-02,1.285184875e-01,2.119618661e+02,4.286407315e+01,1.686252970e+02,4.724959037e-01
3456,8.640000000e-02,1.285627662e-01,2.119866936e+02,4.285013707e+01,1.686640258e+02,4.725308044e-01
3457,8.642500000e-02,1.286070442e-01,2.120115060e+02,4.283620011e+01,1.687027402e+02,4.725656825e-01
3458,8.645000000e-02,1.286513229e-01,2.120363030e+02,4.282225929e+01,1.687414432e+02,4.726005554e-01
3459,8.647500000e-02,1.286956014e-01,2.120610849e+02,4.280831677e+01,1.687801327e+02,4.726354190e-01
3460,8.650000000e-02,1.287398787e-01,2.120858515e+02,4.279437610e+01,1.688188051e+02,4.726702646e-01
3461,8.652500000e-02,1.287841538e-01,2.121106029e+02,4.278044068e+01,1.688574571e+02,4.727050834e-01
3462,8.655000000e-02,1.288284258e-01,2.121353390e+02,4.276651336e+01,1.688960858e+02,4.727398679e-01
3463,8.657500000e-02,1.288726941e-01,2.121600600e+02,4.275259617e+01,1.689346892e+02,4.727746120e-01
3464,8.660000000e-02,1.289169583e-01,2.121847658e+02,4.273869066e+01,1.689732658e+02,4.728093112e-01
3465,8.662500000e-02,1.289612180e-01,2.122094564e+02,4.272479804e+01,1.690118144e+02,4.728439617e-01
3466,8.665000000e-02,1.290054732e-01,2.122341318e+02,4.271091926e+01,1.690503340e+02,4.728785607e-01
3467,8.667500000e-02,1.290497235e-01,2.122587921e+02,4.269705504e+01,1.690888240e+02,4.729131059e-01
3468,8.670000000e-02,1.290939688e-01,2.122834373e+02,4.268320592e+01,1.691272838e+02,4.729475956e-01
3469,8.672500000e-02,1.291382091e-01,2.123080674e+02,4.266937234e+01,1.691657131e+02,4.729820283e-01
3470,8.675000000e-02,1.291824443e-01,2.123326824e+02,4.265555431e+01,1.692041117e+02,4.730164031e-01
3471,8.677500000e-02,1.292266745e-01,2.123572824e+02,4.264175209e+01,1.692424796e+02,4.730507191e-01
3472,8.680000000e-02,1.292708997e-01,2.123818673e+02,4.262796599e+01,1.692808163e+02,4.730849755e-01
3473,8.682500000e-02,1.293151197e-01,2.124064371e+02,4.261419624e+01,1.693191217e+02,4.731191719e-01
3474,8.685000000e-02,1.293593346e-01,2.124309919e+02,4.260044301e+01,1.693573956e+02,4.731533078e-01
3475,8.687500000e-02,1.294035442e-01,2.124555318e+02,4.258670644e+01,1.693956380e+02,4.731873829e-01
3476,8.690000000e-02,1.294477485e-01,2.124800566e+02,4.257298661e+01,1.694338486e+02,4.732213971e-01
3477,8.692500000e-02,1.294919474e-01,2.125045665e+02,4.255928362e+01,1.694720276e+02,4.732553501e-01
3478,8.695000000e-02,1.295361411e-01,2.125290615e+02,4.254559604e+01,1.695101762e+02,4.732892420e-01
3479,8.697500000e-02,1.295803310e-01,2.125535415e+02,4.253191482e+01,1.695483036e+02,4.733230820e-01
3480,8.700000000e-02,1.296245240e-01,2.125780067e+02,4.251822830e+01,1.695864214e+02,4.733569119e-01
3481,8.702500000e-02,1.296687195e-01,2.126024569e+02,4.250453704e+01,1.696245291e+02,4.733907387e-01
3482,8.705000000e-02,1.297129159e-01,2.126268922e+02,4.249084428e+01,1.696626234e+02,4.734245557e-01
3483,8.707500000e-02,1.297571118e-01,2.126513126e+02,4.247715345e+01,1.697007008e+02,4.734583541e-01
3484,8.710000000e-02,1.298013062e-01,2.126757182e+02,4.246346751e+01,1.697387586e+02,4.734921256e-01
3485,8.712500000e-02,1.298454981e-01,2.127001089e+02,4.244978562e+01,1.697767974e+02,4.735258634e-01
3486,8.715000000e-02,1.298896906e-01,2.127244847e+02,4.243609988e+01,1.698148252e+02,4.735595844e-01
3487,8.717500000e-02,1.299338852e-01,2.127488457e+02,4.242240744e+01,1.698528450e+02,4.735933049e-01
3488,8.720000000e-02,1.299780804e-01,2.127731918e+02,4.240871169e+01,1.698908531e+02,4.736270196e-01
3489,8.722500000e-02,1.300222748e-01,2.127975231e+02,4.239501669e+01,1.699288457e+02,4.736607192e-01
3490,8.725000000e-02,1.300664674e-01,2.128218396e+02,4.238132595e+01,1.699668192e+02,4.736943946e-01
3491,8.727500000e-02,1.301106573e-01,2.128461412e+02,4.236764227e+01,1.700047709e+02,4.737280384e-01
3492,8.730000000e-02,1.301548438e-01,2.128704281e+02,4.235396780e+01,1.700426986e+02,4.737616446e-01
3493,8.732500000e-02,1.301990265e-01,2.128947001e+02,4.234030417e+01,1.700806007e+02,4.737952086e-01
3494,8.735000000e-02,1.302432051e-01,2.129189574e+02,4.232665264e+01,1.701184760e+02,4.738287267e-01
3495,8.737500000e-02,1.302873794e-01,2.129431999e+02,4.231301416e+01,1.701563235e+02,4.738621961e-01
3496,8.740000000e-02,1.303315490e-01,2.129674276e+02,4.229938945e+01,1.701941426e+02,4.738956145e-01
3497,8.742500000e-02,1.303757140e-01,2.129916406e+02,4.228577908e+01,1.702319326e+02,4.739289804e-01
3498,8.745000000e-02,1.304198742e-01,2.130158389e+02,4.227218341e+01,1.702696932e+02,4.739622924e-01
3499,8.747500000e-02,1.304640296e-01,2.130400225e+02,4.225860275e+01,1.703074242e+02,4.739955495e-01
3500,8.750000000e-02,1.305081800e-01,2.130641914e+02,4.224503732e+01,1.703451253e+02,4.740287509e-01
3501,8.752500000e-02,1.305523255e-01,2.130883456e+02,4.223148733e+01,1.703827964e+02,4.740618961e-01
3502,8.755000000e-02,1.305964660e-01,2.131124852e+02,4.221795293e+01,1.704204373e+02,4.740949844e-01
3503,8.757500000e-02,1.306406016e-01,2.131366102e+02,4.220443428e+01,1.704580479e+02,4.741280156e-01
3504,8.760000000e-02,1.306847320e-01,2.131607205e+02,4.219093146e+01,1.704956281e+02,4.741609895e-01
3505,8.762500000e-02,1.307288575e-01,2.131848162e+02,4.217744455e+01,1.705331778e+02,4.741939057e-01
3506,8.765000000e-02,1.307729779e-01,2.132088974e+02,4.216397362e+01,1.705706970e+02,4.742267643e-01
3507,8.767500000e-02,1.308170932e-01,2.132329640e+02,4.215051871e+01,1.706081857e+02,4.742595651e-01
3508,8.770000000e-02,1.308612034e-01,2.132570160e+02,4.213707971e+01,1.706456440e+02,4.742923082e-01
3509,8.772500000e-02,1.309053088e-01,2.132810536e+02,4.212365547e+01,1.706830731e+02,4.743249937e-01
3510,8.775000000e-02,1.309494106e-01,2.133050766e+02,4.211024537e+01,1.707204736e+02,4.743576230e-01
3511,8.777500000e-02,1.309935083e-01,2.133290851e+02,4.209684985e+01,1.707578450e+02,4.743901963e-01
3512,8.780000000e-02,1.310376018e-01,2.133530791e+02,4.208346932e+01,1.707951871e+02,4.744227131e-01
3513,8.782500000e-02,1.310816907e-01,2.133770587e+02,4.207010408e+01,1.708324994e+02,4.744551732e-01
3514,8.785000000e-02,1.311257749e-01,2.134010238e+02,4.205675382e+01,1.708697824e+02,4.744875762e-01
3515,8.787500000e-02,1.311698549e-01,2.134249745e+02,4.204341559e+01,1.709070390e+02,4.745199234e-01
3516,8.790000000e-02,1.312139328e-01,2.134489108e+02,4.203008231e+01,1.709442762e+02,4.745522224e-01
3517,8.792500000e-02,1.312580120e-01,2.134728326e+02,4.201674754e+01,1.709815006e+02,4.745845018e-01
3518,8.795000000e-02,1.313020931e-01,2.134967401e+02,4.200341077e+01,1.710187126e+02,4.746167687e-01
3519,8.797500000e-02,1.313461750e-01,2.135206332e+02,4.199007425e+01,1.710559100e+02,4.746490192e-01
3520,8.800000000e-02,1.313902565e-01,2.135445120e+02,4.197674085e+01,1.710930899e+02,4.746812465e-01
3521,8.802500000e-02,1.314343365e-01,2.135683763e+02,4.196341323e+01,1.711302497e+02,4.747134441e-01
3522,8.805000000e-02,1.314784142e-01,2.135922264e+02,4.195009361e+01,1.711673871e+02,4.747456061e-01
3523,8.807500000e-02,1.315224889e-01,2.136160620e+02,4.193678376e+01,1.712045005e+02,4.747777278e-01
3524,8.810000000e-02,1.315665603e-01,2.136398834e+02,4.192348503e+01,1.712415885e+02,4.748098055e-01
3525,8.812500000e-02,1.316106279e-01,2.136636904e+02,4.191019847e+01,1.712786501e+02,4.748418362e-01
3526,8.815000000e-02,1.316546914e-01,2.136874831e+02,4.189692489e+01,1.713156844e+02,4.748738177e-01
3527,8.817500000e-02,1.316987507e-01,2.137112615e+02,4.188366494e+01,1.713526908e+02,4.749057480e-01
3528,8.820000000e-02,1.317428055e-01,2.137350257e+02,4.187041912e+01,1.713896689e+02,4.749376259e-01
3529,8.822500000e-02,1.317868559e-01,2.137587756e+02,4.185718782e+01,1.714266183e+02,4.749694502e-01
3530,8.825000000e-02,1.318309016e-01,2.137825112e+02,4.184397133e+01,1.714635387e+02,4.750012202e-01
3531,8.827500000e-02,1.318749426e-01,2.138062327e+02,4.183076991e+01,1.715004298e+02,4.750329352e-01
3532,8.830000000e-02,1.319189789e-01,2.138299399e+02,4.181758373e+01,1.715372916e+02,4.750645947e-01
3533,8.832500000e-02,1.319630103e-01,2.138536330e+02,4.180441293e+01,1.715741238e+02,4.750961985e-01
3534,8.835000000e-02,1.320070370e-01,2.138773119e+02,4.179125352e+01,1.716109306e+02,4.751277463e-01
3535,8.837500000e-02,1.320510619e-01,2.139009766e+02,4.177809696e+01,1.716477203e+02,4.751592629e-01
3536,8.840000000e-02,1.320950869e-01,2.139246271e+02,4.176493922e+01,1.716844972e+02,4.751907685e-01
3537,8.842500000e-02,1.321391122e-01,2.139482636e+02,4.175178105e+01,1.717212603e+02,4.752222632e-01
3538,8.845000000e-02,1.321831366e-01,2.139718859e+02,4.173862497e+01,1.717580072e+02,4.752537411e-01
3539,8.847500000e-02,1.322271595e-01,2.139954941e+02,4.172547365e+01,1.717947352e+02,4.752851953e-01
3540,8.850000000e-02,1.322711800e-01,2.140190882e+02,4.171232945e+01,1.718314421e+02,4.753166193e-01
3541,8.852500000e-02,1.323151974e-01,2.140426681e+02,4.169919428e+01,1.718681259e+02,4.753480077e-01
3542,8.855000000e-02,1.323592115e-01,2.140662340e+02,4.168606966e+01,1.719047850e+02,4.753793564e-01
3543,8.857500000e-02,1.324032217e-01,2.140897859e+02,4.167295677e+01,1.719414184e+02,4.754106619e-01
3544,8.860000000e-02,1.324472279e-01,2.141133236e+02,4.165985655e+01,1.719780251e+02,4.754419215e-01
3545,8.862500000e-02,1.324912298e-01,2.141368473e+02,4.164676972e+01,1.720146045e+02,4.754731332e-01
3546,8.865000000e-02,1.325352274e-01,2.141603570e+02,4.163369677e+01,1.720511560e+02,4.755042953e-01
3547,8.867500000e-02,1.325792204e-01,2.141838527e+02,4.162063808e+01,1.720876792e+02,4.755354067e-01
3548,8.870000000e-02,1.326232088e-01,2.142073344e+02,4.160759390e+01,1.721241740e+02,4.755664664e-01
3549,8.872500000e-02,1.326671927e-01,2.142308021e+02,4.159455978e+01,1.721606448e+02,4.755974738e-01
3550,8.875000000e-02,1.327111766e-01,2.142542558e+02,4.158152457e+01,1.721971028e+02,4.756284455e-01
3551,8.877500000e-02,1.327551646e-01,2.142776956e+02,4.156847844e+01,1.722335577e+02,4.756594224e-01
3552,8.880000000e-02,1.327991557e-01,2.143011214e+02,4.155542217e+01,1.722700088e+02,4.756904097e-01
3553,8.882500000e-02,1.328431490e-01,2.143245333e+02,4.154235820e+01,1.723064537e+02,4.757214002e-01
3554,8.885000000e-02,1.328871439e-01,2.143479312e+02,4.152929059e+01,1.723428882e+02,4.757523865e-01
3555,8.887500000e-02,1.329311386e-01,2.143713152e+02,4.151622391e+01,1.723793079e+02,4.757833591e-01
3556,8.890000000e-02,1.329751319e-01,2.143946852e+02,4.150315879e+01,1.724157121e+02,4.758143096e-01
3557,8.892500000e-02,1.330191257e-01,2.144180414e+02,4.149008540e+01,1.724521107e+02,4.758452503e-01
3558,8.895000000e-02,1.330631274e-01,2.144413836e+02,4.147699549e+01,1.724885119e+02,4.758762114e-01
3559,8.897500000e-02,1.331071341e-01,2.144647118e+02,4.146389336e+01,1.725249113e+02,4.759071913e-01
3560,8.900000000e-02,1.331511433e-01,2.144880262e+02,4.145078446e+01,1.725613036e+02,4.759381789e-01
3561,8.902500000e-02,1.331951532e-01,2.145113266e+02,4.143767345e+01,1.725976840e+02,4.759691628e-01
3562,8.905000000e-02,1.332391624e-01,2.145346132e+02,4.142456411e+01,1.726340489e+02,4.760001332e-01
3563,8.907500000e-02,1.332831701e-01,2.145578858e+02,4.141145939e+01,1.726703953e+02,4.760310818e-01
3564,8.910000000e-02,1.333271754e-01,2.145811445e+02,4.139836160e+01,1.727067209e+02,4.760620021e-01
3565,8.912500000e-02,1.333711778e-01,2.146043894e+02,4.138527254e+01,1.727430240e+02,4.760928888e-01
3566,8.915000000e-02,1.334151768e-01,2.146276204e+02,4.137219362e+01,1.727793030e+02,4.761237378e-01
3567,8.917500000e-02,1.334591722e-01,2.146508375e+02,4.135912592e+01,1.728155570e+02,4.761545458e-01
3568,8.920000000e-02,1.335031636e-01,2.146740408e+02,4.134607029e+01,1.728517852e+02,4.761853104e-01
3569,8.922500000e-02,1.335471510e-01,2.146972302e+02,4.133302740e+01,1.728879868e+02,4.762160293e-01
3570,8.925000000e-02,1.335911341e-01,2.147204058e+02,4.131999775e+01,1.729241614e+02,4.762467012e-01
3571,8.927500000e-02,1.336351129e-01,2.147435677e+02,4.130698174e+01,1.729603086e+02,4.762773247e-01
3572,8.930000000e-02,1.336790872e-01,2.147667157e+02,4.129397823e+01,1.729964296e+02,4.763078990e-01
3573,8.932500000e-02,1.337230585e-01,2.147898500e+02,4.128098341e+01,1.730325281e+02,4.763384250e-01
3574,8.935000000e-02,1.337670324e-01,2.148129705e+02,4.126799170e+01,1.730686099e+02,4.763689148e-01
3575,8.937500000e-02,1.338110073e-01,2.148360773e+02,4.125500421e+01,1.731046737e+02,4.763993731e-01
3576,8.940000000e-02,1.338549812e-01,2.148591703e+02,4.124202353e+01,1.731407170e+02,4.764297967e-01
3577,8.942500000e-02,1.338989528e-01,2.148822496e+02,4.122905185e+01,1.731767376e+02,4.764601815e-01
3578,8.945000000e-02,1.339429215e-01,2.149053152e+02,4.121609080e+01,1.732127339e+02,4.764905243e-01
3579,8.947500000e-02,1.339868866e-01,2.149283671e+02,4.120314157e+01,1.732487047e+02,4.765208223e-01
3580,8.950000000e-02,1.340308479e-01,2.149514053e+02,4.119020501e+01,1.732846492e+02,4.765510737e-01
3581,8.952500000e-02,1.340748051e-01,2.149744298e+02,4.117728046e+01,1.733205681e+02,4.765812770e-01
3582,8.955000000e-02,1.341187591e-01,2.149974407e+02,4.116436465e+01,1.733564646e+02,4.766114345e-01
3583,8.957500000e-02,1.341627119e-01,2.150204379e+02,4.115145581e+01,1.733923406e+02,4.766415574e-01
3584,8.960000000e-02,1.342066638e-01,2.150434216e+02,4.113855293e+01,1.734281970e+02,4.766716478e-01
3585,8.962500000e-02,1.342506158e-01,2.150663915e+02,4.112565407e+01,1.734640358e+02,4.767017074e-01
3586,8.965000000e-02,1.342945685e-01,2.150893479e+02,4.111275898e+01,1.734998572e+02,4.767317396e-01
3587,8.967500000e-02,1.343385206e-01,2.151122907e+02,4.109986961e+01,1.735356593e+02,4.767617423e-01
3588,8.970000000e-02,1.343824710e-01,2.151352199e+02,4.108698758e+01,1.735714406e+02,4.767917115e-01
3589,8.972500000e-02,1.344264195e-01,2.151581355e+02,4.107410902e+01,1.736072048e+02,4.768216456e-01
3590,8.975000000e-02,1.344703712e-01,2.151810375e+02,4.106121906e+01,1.736429669e+02,4.768515751e-01
3591,8.977500000e-02,1.345143292e-01,2.152039260e+02,4.104830863e+01,1.736787358e+02,4.768815404e-01
3592,8.980000000e-02,1.345582929e-01,2.152268009e+02,4.103537949e+01,1.737145099e+02,4.769115445e-01
3593,8.982500000e-02,1.346022604e-01,2.152496622e+02,4.102243703e+01,1.737502836e+02,4.769415757e-01
3594,8.985000000e-02,1.346462299e-01,2.152725100e+02,4.100948695e+01,1.737860514e+02,4.769716201e-01
3595,8.987500000e-02,1.346901996e-01,2.152953442e+02,4.099653422e+01,1.738218083e+02,4.770016648e-01
3596,8.990000000e-02,1.347341685e-01,2.153181648e+02,4.098358283e+01,1.738575503e+02,4.770316992e-01
3597,8.992500000e-02,1.347781356e-01,2.153409719e+02,4.097063589e+01,1.738932743e+02,4.770617148e-01
3598,8.995000000e-02,1.348221002e-01,2.153637655e+02,4.095769578e+01,1.739289780e+02,4.770917050e-01
3599,8.997500000e-02,1.348660618e-01,2.153865455e+02,4.094476431e+01,1.739646595e+02,4.771216646e-01
3600,9.000000000e-02,1.349100201e-01,2.154093120e+02,4.093184287e+01,1.740003175e+02,4.771515896e-01
3601,9.002500000e-02,1.349539746e-01,2.154320649e+02,4.091893186e+01,1.740359516e+02,4.771814770e-01
3602,9.005000000e-02,1.349979259e-01,2.154548044e+02,4.090603048e+01,1.740715626e+02,4.772113250e-01
3603,9.007500000e-02,1.350418747e-01,2.154775304e+02,4.089313790e+01,1.741071514e+02,4.772411342e-01
3604,9.010000000e-02,1.350858220e-01,2.155002429e+02,4.088025298e+01,1.741427190e+02,4.772709047e-01
3605,9.012500000e-02,1.351297689e-01,2.155229420e+02,4.086737421e+01,1.741782671e+02,4.773006382e-01
3606,9.015000000e-02,1.351737161e-01,2.155456276e+02,4.085450126e+01,1.742137960e+02,4.773303355e-01
3607,9.017500000e-02,1.352176627e-01,2.155682997e+02,4.084163542e+01,1.742493043e+02,4.773599968e-01
3608,9.020000000e-02,1.352616076e-01,2.155909585e+02,4.082877830e+01,1.742847906e+02,4.773896197e-01
3609,9.022500000e-02,1.353055501e-01,2.156136038e+02,4.081593126e+01,1.743202533e+02,4.774192018e-01
3610,9.025000000e-02,1.353494894e-01,2.156362357e+02,4.080309543e+01,1.743556916e+02,4.774487408e-01
3611,9.027500000e-02,1.353934254e-01,2.156588543e+02,4.079027165e+01,1.743911044e+02,4.774782350e-01
3612,9.030000000e-02,1.354373576e-01,2.156814594e+02,4.077746058e+01,1.744264912e+02,4.775076831e-01
3613,9.032500000e-02,1.354812858e-01,2.157040512e+02,4.076466270e+01,1.744618514e+02,4.775370840e-01
3614,9.035000000e-02,1.355252100e-01,2.157266297e+02,4.075187837e+01,1.744971849e+02,4.775664370e-01
3615,9.037500000e-02,1.355691300e-01,2.157491948e+02,4.073910788e+01,1.745324912e+02,4.775957415e-01
3616,9.040000000e-02,1.356130456e-01,2.157717466e+02,4.072635142e+01,1.745677702e+02,4.776249971e-01
3617,9.042500000e-02,1.356569570e-01,2.157942851e+02,4.071360573e+01,1.746030252e+02,4.776542036e-01
3618,9.045000000e-02,1.357008684e-01,2.158168103e+02,4.070086131e+01,1.746382656e+02,4.776833839e-01
3619,9.047500000e-02,1.357447803e-01,2.158393223e+02,4.068811671e+01,1.746734930e+02,4.777125501e-01
3620,9.050000000e-02,1.357886916e-01,2.158618209e+02,4.067537445e+01,1.747087048e+02,4.777416989e-01
3621,9.052500000e-02,1.358326010e-01,2.158843063e+02,4.066263724e+01,1.747438983e+02,4.777708247e-01
3622,9.055000000e-02,1.358765079e-01,2.159067785e+02,4.064990734e+01,1.747790712e+02,4.777999218e-01
3623,9.057500000e-02,1.359204118e-01,2.159292374e+02,4.063718648e+01,1.748142219e+02,4.778289860e-01
3624,9.060000000e-02,1.359643121e-01,2.159516831e+02,4.062447596e+01,1.748493491e+02,4.778580137e-01
3625,9.062500000e-02,1.360082088e-01,2.159741156e+02,4.061177676e+01,1.748844518e+02,4.778870022e-01
3626,9.065000000e-02,1.360521016e-01,2.159965348e+02,4.059908961e+01,1.749195293e+02,4.779159495e-01
3627,9.067500000e-02,1.360959903e-01,2.160189409e+02,4.058641506e+01,1.749545810e+02,4.779448540e-01
3628,9.070000000e-02,1.361398748e-01,2.160413338e+02,4.057375351e+01,1.749896066e+02,4.779737144e-01
3629,9.072500000e-02,1.361837551e-01,2.160637136e+02,4.056110528e+01,1.750246057e+02,4.780025300e-01
3630,9.075000000e-02,1.362276311e-01,2.160860801e+02,4.054847061e+01,1.750595782e+02,4.780313000e-01
3631,9.077500000e-02,1.362715027e-01,2.161084336e+02,4.053584968e+01,1.750945239e+02,4.780600240e-01
3632,9.080000000e-02,1.363153700e-01,2.161307739e+02,4.052324260e+01,1.751294426e+02,4.780887014e-01
3633,9.082500000e-02,1.363592330e-01,2.161531012e+02,4.051064947e+01,1.751643344e+02,4.781173321e-01
3634,9.085000000e-02,1.364030915e-01,2.161754153e+02,4.049807034e+01,1.751991991e+02,4.781459158e-01
3635,9.087500000e-02,1.364469456e-01,2.161977164e+02,4.048550520e+01,1.752340368e+02,4.781744525e-01
3636,9.090000000e-02,1.364907953e-01,2.162200045e+02,4.047295408e+01,1.752688474e+02,4.782029419e-01
3637,9.092500000e-02,1.365346407e-01,2.162422794e+02,4.046041698e+01,1.753036311e+02,4.782313840e-01
3638,9.095000000e-02,1.365784816e-01,2.162645414e+02,4.044789391e+01,1.753383877e+02,4.782597787e-01
3639,9.097500000e-02,1.366223181e-01,2.162867903e+02,4.043538488e+01,1.753731173e+02,4.782881258e-01
3640,9.100000000e-02,1.366661503e-01,2.163090263e+02,4.042288991e+01,1.754078199e+02,4.783164255e-01
3641,9.102500000e-02,1.367099781e-01,2.163312492e+02,4.041040837e+01,1.754424962e+02,4.783446776e-01
3642,9.105000000e-02,1.367538027e-01,2.163534592e+02,4.039793607e+01,1.754771503e+02,4.783728841e-01
3643,9.107500000e-02,1.367976292e-01,2.163756562e+02,4.038546744e+01,1.755117878e+02,4.784010572e-01
3644,9.110000000e-02,1.368414550e-01,2.163978403e+02,4.037300478e+01,1.755464064e+02,4.784291991e-01
3645,9.112500000e-02,1.368852786e-01,2.164200115e+02,4.036054949e+01,1.755810047e+02,4.784573067e-01
3646,9.115000000e-02,1.369291004e-01,2.164421697e+02,4.034809816e+01,1.756155862e+02,4.784853817e-01
3647,9.117500000e-02,1.369729236e-01,2.164643150e+02,4.033564541e+01,1.756501562e+02,4.785134440e-01
3648,9.120000000e-02,1.370167480e-01,2.164864475e+02,4.032319135e+01,1.756847146e+02,4.785414965e-01
3649,9.122500000e-02,1.370605724e-01,2.165085670e+02,4.031073851e+01,1.757192589e+02,4.785695339e-01
3650,9.125000000e-02,1.371043957e-01,2.165306736e+02,4.029828976e+01,1.757537863e+02,4.785975497e-01
3651,9.127500000e-02,1.371482170e-01,2.165527673e+02,4.028584756e+01,1.757882942e+02,4.786255381e-01
3652,9.130000000e-02,1.371920356e-01,2.165748482e+02,4.027341385e+01,1.758227808e+02,4.786534942e-01
3653,9.132500000e-02,1.372358510e-01,2.165969162e+02,4.026099009e+01,1.758572447e+02,4.786814147e-01
3654,9.135000000e-02,1.372796628e-01,2.166189713e+02,4.024857738e+01,1.758916846e+02,4.787092966e-01
3655,9.137500000e-02,1.373234709e-01,2.166410136e+02,4.023617373e+01,1.759261028e+02,4.787371380e-01
3656,9.140000000e-02,1.373672779e-01,2.166630431e+02,4.022377186e+01,1.759605063e+02,4.787649538e-01
3657,9.142500000e-02,1.374110861e-01,2.166850598e+02,4.021136690e+01,1.759949001e+02,4.787927639e-01
3658,9.145000000e-02,1.374548950e-01,2.167070636e+02,4.019895957e+01,1.760292835e+02,4.788205692e-01
3659,9.147500000e-02,1.374987037e-01,2.167290547e+02,4.018655267e+01,1.760636537e+02,4.788483634e-01
3660,9.150000000e-02,1.375425111e-01,2.167510329e+02,4.017414917e+01,1.760980076e+02,4.788761394e-01
3661,9.152500000e-02,1.375863165e-01,2.167729984e+02,4.016175166e+01,1.761323429e+02,4.789038910e-01
3662,9.155000000e-02,1.376301191e-01,2.167949511e+02,4.014936215e+01,1.761666573e+02,4.789316130e-01
3663,9.157500000e-02,1.376739186e-01,2.168168910e+02,4.013698220e+01,1.762009495e+02,4.789593015e-01
3664,9.160000000e-02,1.377177145e-01,2.168388182e+02,4.012461295e+01,1.762352183e+02,4.789869535e-01
3665,9.162500000e-02,1.377615067e-01,2.168607326e+02,4.011225523e+01,1.762694628e+02,4.790145668e-01
3666,9.165000000e-02,1.378052950e-01,2.168826343e+02,4.009990622e+01,1.763036859e+02,4.790421396e-01
3667,9.167500000e-02,1.378490816e-01,2.169045232e+02,4.008756203e+01,1.763378915e+02,4.790696805e-01
3668,9.170000000e-02,1.378928682e-01,2.169263995e+02,4.007522099e+01,1.763720813e+02,4.790971992e-01
3669,9.172500000e-02,1.379366546e-01,2.169482631e+02,4.006288374e+01,1.764062546e+02,4.791246974e-01
3670,9.175000000e-02,1.379804401e-01,2.169701139e+02,4.005055174e+01,1.764404100e+02,4.791521728e-01
3671,9.177500000e-02,1.380242239e-01,2.169919521e+02,4.003822647e+01,1.764745460e+02,4.791796221e-01
3672,9.180000000e-02,1.380680056e-01,2.170137776e+02,4.002590929e+01,1.765086613e+02,4.792070417e-01
3673,9.182500000e-02,1.381117846e-01,2.170355905e+02,4.001360135e+01,1.765427547e+02,4.792344285e-01
3674,9.185000000e-02,1.381555607e-01,2.170573907e+02,4.000130361e+01,1.765768253e+02,4.792617798e-01
3675,9.187500000e-02,1.381993334e-01,2.170791783e+02,3.998901686e+01,1.766108723e+02,4.792890933e-01
3676,9.190000000e-02,1.382431026e-01,2.171009532e+02,3.997674172e+01,1.766448952e+02,4.793163671e-01
3677,9.192500000e-02,1.382868681e-01,2.171227156e+02,3.996447872e+01,1.766788933e+02,4.793435998e-01
3678,9.195000000e-02,1.383306298e-01,2.171444653e+02,3.995222827e+01,1.767128663e+02,4.793707900e-01
3679,9.197500000e-02,1.383743876e-01,2.171662025e+02,3.993999066e+01,1.767468139e+02,4.793979368e-01
3680,9.200000000e-02,1.384181414e-01,2.171879271e+02,3.992776598e+01,1.767807361e+02,4.794250396e-01
3681,9.202500000e-02,1.384618912e-01,2.172096391e+02,3.991555353e+01,1.768146335e+02,4.794520977e-01
3682,9.205000000e-02,1.385056380e-01,2.172313386e+02,3.990335329e+01,1.768485062e+02,4.794791113e-01
3683,9.207500000e-02,1.385493814e-01,2.172530256e+02,3.989116571e+01,1.768823538e+02,4.795060804e-01
3684,9.210000000e-02,1.385931210e-01,2.172747000e+02,3.987899120e+01,1.769161758e+02,4.795330043e-01
3685,9.212500000e-02,1.386368567e-01,2.172963620e+02,3.986683007e+01,1.769499720e+02,4.795598826e-01
3686,9.215000000e-02,1.386805884e-01,2.173180114e+02,3.985468237e+01,1.769837423e+02,4.795867149e-01
3687,9.217500000e-02,1.387243161e-01,2.173396484e+02,3.984254790e+01,1.770174870e+02,4.796135012e-01
3688,9.220000000e-02,1.387680401e-01,2.173612729e+02,3.983042679e+01,1.770512059e+02,4.796402414e-01
3689,9.222500000e-02,1.388117601e-01,2.173828850e+02,3.981831933e+01,1.770848987e+02,4.796669353e-01
3690,9.225000000e-02,1.388554760e-01,2.174044847e+02,3.980622570e+01,1.771185654e+02,4.796935829e-01
3691,9.227500000e-02,1.388991877e-01,2.174260719e+02,3.979414602e+01,1.771522057e+02,4.797201841e-01
3692,9.230000000e-02,1.389428951e-01,2.174476467e+02,3.978208035e+01,1.771858196e+02,4.797467390e-01
3693,9.232500000e-02,1.389865983e-01,2.174692092e+02,3.977002872e+01,1.772194072e+02,4.797732475e-01
3694,9.235000000e-02,1.390302972e-01,2.174907592e+02,3.975799115e+01,1.772529684e+02,4.797997097e-01
3695,9.237500000e-02,1.390739919e-01,2.175122969e+02,3.974596467e+01,1.772865061e+02,4.798261258e-01
3696,9.240000000e-02,1.391176850e-01,2.175338223e+02,3.973393751e+01,1.773200323e+02,4.798525158e-01
3697,9.242500000e-02,1.391613823e-01,2.175553353e+02,3.972189797e+01,1.773535584e+02,4.798789197e-01
3698,9.245000000e-02,1.392050847e-01,2.175768360e+02,3.970984506e+01,1.773870856e+02,4.799053487e-01
3699,9.247500000e-02,1.392487902e-01,2.175983244e+02,3.969778241e+01,1.774206102e+02,4.799317966e-01
3700,9.250000000e-02,1.392924973e-01,2.176198004e+02,3.968571434e+01,1.774541278e+02,4.799582529e-01
3701,9.252500000e-02,1.393362047e-01,2.176412641e+02,3.967364470e+01,1.774876347e+02,4.799847074e-01
3702,9.255000000e-02,1.393799114e-01,2.176627154e+02,3.966157685e+01,1.775211274e+02,4.800111514e-01
3703,9.257500000e-02,1.394236164e-01,2.176841545e+02,3.964951266e+01,1.775546043e+02,4.800375778e-01
3704,9.260000000e-02,1.394673204e-01,2.177055812e+02,3.963745213e+01,1.775880651e+02,4.800639817e-01
3705,9.262500000e-02,1.395110242e-01,2.177269957e+02,3.962539079e+01,1.776215145e+02,4.800903678e-01
3706,9.265000000e-02,1.395547301e-01,2.177483978e+02,3.961332358e+01,1.776549574e+02,4.801167552e-01
3707,9.267500000e-02,1.395984366e-01,2.177697876e+02,3.960125338e+01,1.776883911e+02,4.801431423e-01
3708,9.270000000e-02,1.396421426e-01,2.177911652e+02,3.958918373e+01,1.777218119e+02,4.801695216e-01
3709,9.272500000e-02,1.396858469e-01,2.178125305e+02,3.957711763e+01,1.777552169e+02,4.801958861e-01
3710,9.275000000e-02,1.397295490e-01,2.178338835e+02,3.956505739e+01,1.777886038e+02,4.802222295e-01
3711,9.277500000e-02,1.397732483e-01,2.178552242e+02,3.955300479e+01,1.778219709e+02,4.802485472e-01
3712,9.280000000e-02,1.398169445e-01,2.178765527e+02,3.954096117e+01,1.778553167e+02,4.802748354e-01
3713,9.282500000e-02,1.398606373e-01,2.178978689e+02,3.952892753e+01,1.778886403e+02,4.803010910e-01
3714,9.285000000e-02,1.399043265e-01,2.179191730e+02,3.951690466e+01,1.779219410e+02,4.803273119e-01
3715,9.287500000e-02,1.399480120e-01,2.179404648e+02,3.950489315e+01,1.779552181e+02,4.803534962e-01
3716,9.290000000e-02,1.399916937e-01,2.179617443e+02,3.949289344e+01,1.779884713e+02,4.803796427e-01
3717,9.292500000e-02,1.400353714e-01,2.179830117e+02,3.948090588e+01,1.780217001e+02,4.804057502e-01
3718,9.295000000e-02,1.400790452e-01,2.180042670e+02,3.946893075e+01,1.780549044e+02,4.804318180e-01
3719,9.297500000e-02,1.401227150e-01,2.180255100e+02,3.945696825e+01,1.780880839e+02,4.804578454e-01
3720,9.300000000e-02,1.401663808e-01,2.180467409e+02,3.944501490e+01,1.781212422e+02,4.804838319e-01
3721,9.302500000e-02,1.402100472e-01,2.180679597e+02,3.943306080e+01,1.781543891e+02,4.805098016e-01
3722,9.305000000e-02,1.402537158e-01,2.180891663e+02,3.942109769e+01,1.781875328e+02,4.805357711e-01
3723,9.307500000e-02,1.402973905e-01,2.181103608e+02,3.940911532e+01,1.782206837e+02,4.805617720e-01
3724,9.310000000e-02,1.403410708e-01,2.181315432e+02,3.939711477e+01,1.782538406e+02,4.805878091e-01
3725,9.312500000e-02,1.403847547e-01,2.181527134e+02,3.938510104e+01,1.782869985e+02,4.806138717e-01
3726,9.315000000e-02,1.404284406e-01,2.181738715e+02,3.937307957e+01,1.783201520e+02,4.806399466e-01
3727,9.317500000e-02,1.404721268e-01,2.181950174e+02,3.936105506e+01,1.783532964e+02,4.806660220e-01
3728,9.320000000e-02,1.405158123e-01,2.182161513e+02,3.934903134e+01,1.783864279e+02,4.806920882e-01
3729,9.322500000e-02,1.405594961e-01,2.182372730e+02,3.933701139e+01,1.784195435e+02,4.807181377e-01
3730,9.325000000e-02,1.406031776e-01,2.182583826e+02,3.932499748e+01,1.784526409e+02,4.807441645e-01
3731,9.327500000e-02,1.406468564e-01,2.182794801e+02,3.931299132e+01,1.784857186e+02,4.807701641e-01
3732,9.330000000e-02,1.406905320e-01,2.183005655e+02,3.930099420e+01,1.785187751e+02,4.807961331e-01
3733,9.332500000e-02,1.407342044e-01,2.183216388e+02,3.928900708e+01,1.785518096e+02,4.808220686e-01
3734,9.335000000e-02,1.407778732e-01,2.183427000e+02,3.927703069e+01,1.785848213e+02,4.808479688e-01
3735,9.337500000e-02,1.408215384e-01,2.183637491e+02,3.926506558e+01,1.786178097e+02,4.808738321e-01
3736,9.340000000e-02,1.408651998e-01,2.183847863e+02,3.925311216e+01,1.786507744e+02,4.808996573e-01
3737,9.342500000e-02,1.409088574e-01,2.184058113e+02,3.924117072e+01,1.786837152e+02,4.809254434e-01
3738,9.345000000e-02,1.409525112e-01,2.184268244e+02,3.922924148e+01,1.787166317e+02,4.809511898e-01
3739,9.347500000e-02,1.409961610e-01,2.184478254e+02,3.921732461e+01,1.787495239e+02,4.809768959e-01
3740,9.350000000e-02,1.410398069e-01,2.184688145e+02,3.920542028e+01,1.787823916e+02,4.810025613e-01
3741,9.352500000e-02,1.410834489e-01,2.184897915e+02,3.919352859e+01,1.788152347e+02,4.810281856e-01
3742,9.355000000e-02,1.411270868e-01,2.185107566e+02,3.918164964e+01,1.788480532e+02,4.810537685e-01
3743,9.357500000e-02,1.411707208e-01,2.185317097e+02,3.916978350e+01,1.788808469e+02,4.810793100e-01
3744,9.360000000e-02,1.412143508e-01,2.185526509e+02,3.915793023e+01,1.789136158e+02,4.811048099e-01
3745,9.362500000e-02,1.412579767e-01,2.185735801e+02,3.914608988e+01,1.789463600e+02,4.811302680e-01
3746,9.365000000e-02,1.413015987e-01,2.185944974e+02,3.913426248e+01,1.789790793e+02,4.811556844e-01
3747,9.367500000e-02,1.413452166e-01,2.186154029e+02,3.912244689e+01,1.790117749e+02,4.811810590e-01
3748,9.370000000e-02,1.413888321e-01,2.186362964e+02,3.911063668e+01,1.790444533e+02,4.812063987e-01
3749,9.372500000e-02,1.414324495e-01,2.186571780e+02,3.909882325e+01,1.790771230e+02,4.812317293e-01
3750,9.375000000e-02,1.414760677e-01,2.186780478e+02,3.908700787e+01,1.791097828e+02,4.812570537e-01
3751,9.377500000e-02,1.415196855e-01,2.186989057e+02,3.907519342e+01,1.791424299e+02,4.812823669e-01
3752,9.380000000e-02,1.415633020e-01,2.187197517e+02,3.906338265e+01,1.791750614e+02,4.813076634e-01
3753,9.382500000e-02,1.416069163e-01,2.187405858e+02,3.905157775e+01,1.792076752e+02,4.813329381e-01
3754,9.385000000e-02,1.416505280e-01,2.187614082e+02,3.903978042e+01,1.792402695e+02,4.813581868e-01
3755,9.387500000e-02,1.416941367e-01,2.187822186e+02,3.902799196e+01,1.792728433e+02,4.813834063e-01
3756,9.390000000e-02,1.417377422e-01,2.188030173e+02,3.901621333e+01,1.793053954e+02,4.814085941e-01
3757,9.392500000e-02,1.417813442e-01,2.188238041e+02,3.900444526e+01,1.793379251e+02,4.814337483e-01
3758,9.395000000e-02,1.418249426e-01,2.188445792e+02,3.899268829e+01,1.793704320e+02,4.814588673e-01
3759,9.397500000e-02,1.418685373e-01,2.188653424e+02,3.898094285e+01,1.794029156e+02,4.814839500e-01
3760,9.400000000e-02,1.419121282e-01,2.188860938e+02,3.896920923e+01,1.794353756e+02,4.815089955e-01
3761,9.402500000e-02,1.419557153e-01,2.189068335e+02,3.895748769e+01,1.794678118e+02,4.815340032e-01
3762,9.405000000e-02,1.419992985e-01,2.189275615e+02,3.894577840e+01,1.795002241e+02,4.815589726e-01
3763,9.407500000e-02,1.420428778e-01,2.189482777e+02,3.893408151e+01,1.795326122e+02,4.815839033e-01
3764,9.410000000e-02,1.420864532e-01,2.189689821e+02,3.892239711e+01,1.795649762e+02,4.816087951e-01
3765,9.412500000e-02,1.421300247e-01,2.189896749e+02,3.891072528e+01,1.795973159e+02,4.816336476e-01
3766,9.415000000e-02,1.421735922e-01,2.190103559e+02,3.889906608e+01,1.796296314e+02,4.816584609e-01
3767,9.417500000e-02,1.422171558e-01,2.190310252e+02,3.888741796e+01,1.796619240e+02,4.816832348e-01
3768,9.420000000e-02,1.422607170e-01,2.190516829e+02,3.887577831e+01,1.796941966e+02,4.817079726e-01
3769,9.422500000e-02,1.423042767e-01,2.190723289e+02,3.886414638e+01,1.797264499e+02,4.817326779e-01
3770,9.425000000e-02,1.423478345e-01,2.190929633e+02,3.885252289e+01,1.797586830e+02,4.817573507e-01
3771,9.427500000e-02,1.423913901e-01,2.191135860e+02,3.884090867e+01,1.797908953e+02,4.817819900e-01
3772,9.430000000e-02,1.424349429e-01,2.191341970e+02,3.882930447e+01,1.798230859e+02,4.818065949e-01
3773,9.432500000e-02,1.424784928e-01,2.191547965e+02,3.881770858e+01,1.798552567e+02,4.818311642e-01
3774,9.435000000e-02,1.425220413e-01,2.191753843e+02,3.880611578e+01,1.798874128e+02,4.818557075e-01
3775,9.437500000e-02,1.425655906e-01,2.191959605e+02,3.879452237e+01,1.799195579e+02,4.818802411e-01
3776,9.440000000e-02,1.426091410e-01,2.192165251e+02,3.878292855e+01,1.799516918e+02,4.819047668e-01
3777,9.442500000e-02,1.426526916e-01,2.192370782e+02,3.877133619e+01,1.799838127e+02,4.819292807e-01
3778,9.445000000e-02,1.426962415e-01,2.192576196e+02,3.875974749e+01,1.800159183e+02,4.819537778e-01
3779,9.447500000e-02,1.427397899e-01,2.192781495e+02,3.874816440e+01,1.800480068e+02,4.819782534e-01
3780,9.450000000e-02,1.427833362e-01,2.192986678e+02,3.873658854e+01,1.800800765e+02,4.820027036e-01
3781,9.452500000e-02,1.428268801e-01,2.193191745e+02,3.872502115e+01,1.801121262e+02,4.820271251e-01
3782,9.455000000e-02,1.428704211e-01,2.193396697e+02,3.871346320e+01,1.801441550e+02,4.820515155e-01
3783,9.457500000e-02,1.429139589e-01,2.193601533e+02,3.870191543e+01,1.801761620e+02,4.820758730e-01
3784,9.460000000e-02,1.429574935e-01,2.193806255e+02,3.869037843e+01,1.802081469e+02,4.821001960e-01
3785,9.462500000e-02,1.430010246e-01,2.194010861e+02,3.867885261e+01,1.802401090e+02,4.821244833e-01
3786,9.465000000e-02,1.430445522e-01,2.194215352e+02,3.866733832e+01,1.802720481e+02,4.821487342e-01
3787,9.467500000e-02,1.430880761e-01,2.194419728e+02,3.865583580e+01,1.803039641e+02,4.821729479e-01
3788,9.470000000e-02,1.431315963e-01,2.194623989e+02,3.864434525e+01,1.803358566e+02,4.821971241e-01
3789,9.472500000e-02,1.431751128e-01,2.194828136e+02,3.863286420e+01,1.803677282e+02,4.822212623e-01
3790,9.475000000e-02,1.432186288e-01,2.195032168e+02,3.862138809e+01,1.803995834e+02,4.822453711e-01
3791,9.477500000e-02,1.432621439e-01,2.195236086e+02,3.860991750e+01,1.804314217e+02,4.822694530e-01
3792,9.480000000e-02,1.433056575e-01,2.195439889e+02,3.859845388e+01,1.804632416e+02,4.822935067e-01
3793,9.482500000e-02,1.433491688e-01,2.195643578e+02,3.858699854e+01,1.804950418e+02,4.823175301e-01
3794,9.485000000e-02,1.433926775e-01,2.195847153e+02,3.857555251e+01,1.805268213e+02,4.823415213e-01
3795,9.487500000e-02,1.434361833e-01,2.196050614e+02,3.856411656e+01,1.805585794e+02,4.823654789e-01
3796,9.490000000e-02,1.434796859e-01,2.196253961e+02,3.855269129e+01,1.805903154e+02,4.823894017e-01
3797,9.492500000e-02,1.435231852e-01,2.196457194e+02,3.854127715e+01,1.806220290e+02,4.824132887e-01
3798,9.495000000e-02,1.435666811e-01,2.196660313e+02,3.852987448e+01,1.806537197e+02,4.824371394e-01
3799,9.497500000e-02,1.436101734e-01,2.196863319e+02,3.851848353e+01,1.806853874e+02,4.824609531e-01
3800,9.500000000e-02,1.436536620e-01,2.197066211e+02,3.850710450e+01,1.807170319e+02,4.824847296e-01
3801,9.502500000e-02,1.436971470e-01,2.197268990e+02,3.849573754e+01,1.807486530e+02,4.825084685e-01
3802,9.505000000e-02,1.437406283e-01,2.197471656e+02,3.848438275e+01,1.807802507e+02,4.825321698e-01
3803,9.507500000e-02,1.437841058e-01,2.197674208e+02,3.847304022e+01,1.808118248e+02,4.825558332e-01
3804,9.510000000e-02,1.438275796e-01,2.197876648e+02,3.846171001e+01,1.808433753e+02,4.825794587e-01
3805,9.512500000e-02,1.438710496e-01,2.198078974e+02,3.845039216e+01,1.808749022e+02,4.826030463e-01
3806,9.515000000e-02,1.439145158e-01,2.198281188e+02,3.843908670e+01,1.809064056e+02,4.826265959e-01
3807,9.517500000e-02,1.439579783e-01,2.198483290e+02,3.842779365e+01,1.809378852e+02,4.826501078e-01
3808,9.520000000e-02,1.440014369e-01,2.198685279e+02,3.841651302e+01,1.809693413e+02,4.826735817e-01
3809,9.522500000e-02,1.440448918e-01,2.198887155e+02,3.840524489e+01,1.810007736e+02,4.826970179e-01
3810,9.525000000e-02,1.440883428e-01,2.199088919e+02,3.839398924e+01,1.810321823e+02,4.827204165e-01
3811,9.527500000e-02,1.441317900e-01,2.199290571e+02,3.838274183e+01,1.810635715e+02,4.827437774e-01
3812,9.530000000e-02,1.441752367e-01,2.199492111e+02,3.837149450e+01,1.810949495e+02,4.827671232e-01
3813,9.532500000e-02,1.442186845e-01,2.199693540e+02,3.836024415e+01,1.811263193e+02,4.827904684e-01
3814,9.535000000e-02,1.442621332e-01,2.199894856e+02,3.834899178e+01,1.811576800e+02,4.828138126e-01
3815,9.537500000e-02,1.443055820e-01,2.200096060e+02,3.833773901e+01,1.811890299e+02,4.828371509e-01
3816,9.540000000e-02,1.443490306e-01,2.200297153e+02,3.832648674e+01,1.812203681e+02,4.828604782e-01
3817,9.542500000e-02,1.443924794e-01,2.200498134e+02,3.831523690e+01,1.812516927e+02,4.828837914e-01
3818,9.545000000e-02,1.444359270e-01,2.200699003e+02,3.830399206e+01,1.812830012e+02,4.829070861e-01
3819,9.547500000e-02,1.444793726e-01,2.200899761e+02,3.829275414e+01,1.813142916e+02,4.829303580e-01
3820,9.550000000e-02,1.445228158e-01,2.201100407e+02,3.828152448e+01,1.813455627e+02,4.829536039e-01
3821,9.552500000e-02,1.445662561e-01,2.201300942e+02,3.827030400e+01,1.813768134e+02,4.829768212e-01
3822,9.555000000e-02,1.446096934e-01,2.201501366e+02,3.825909340e+01,1.814080432e+02,4.830000080e-01
3823,9.557500000e-02,1.446531274e-01,2.201701678e+02,3.824789298e+01,1.814392517e+02,4.830231629e-01
3824,9.560000000e-02,1.446965587e-01,2.201901880e+02,3.823669937e+01,1.814704423e+02,4.830462855e-01
3825,9.562500000e-02,1.447399933e-01,2.202101970e+02,3.822550829e+01,1.815016193e+02,4.830693847e-01
3826,9.565000000e-02,1.447834290e-01,2.202301950e+02,3.821432121e+01,1.815327813e+02,4.830924616e-01
3827,9.567500000e-02,1.448268645e-01,2.202501818e+02,3.820313994e+01,1.815639264e+02,4.831155136e-01
3828,9.570000000e-02,1.448702988e-01,2.202701576e+02,3.819196598e+01,1.815950531e+02,4.831385379e-01
3829,9.572500000e-02,1.449137312e-01,2.202901224e+02,3.818080055e+01,1.816261603e+02,4.831615322e-01
3830,9.575000000e-02,1.449571613e-01,2.203100761e+02,3.816964459e+01,1.816572470e+02,4.831844946e-01
3831,9.577500000e-02,1.450005887e-01,2.203300187e+02,3.815849880e+01,1.816883125e+02,4.832074238e-01
3832,9.580000000e-02,1.450440131e-01,2.203499503e+02,3.814736373e+01,1.817193563e+02,4.832303185e-01
3833,9.582500000e-02,1.450874343e-01,2.203698709e+02,3.813623980e+01,1.817503779e+02,4.832531782e-01
3834,9.585000000e-02,1.451308522e-01,2.203897805e+02,3.812512730e+01,1.817813772e+02,4.832760021e-01
3835,9.587500000e-02,1.451742667e-01,2.204096791e+02,3.811402646e+01,1.818123538e+02,4.832987899e-01
3836,9.590000000e-02,1.452176777e-01,2.204295667e+02,3.810293742e+01,1.818433077e+02,4.833215413e-01
3837,9.592500000e-02,1.452610852e-01,2.204494433e+02,3.809186030e+01,1.818742388e+02,4.833442561e-01
3838,9.595000000e-02,1.453044891e-01,2.204693090e+02,3.808079518e+01,1.819051469e+02,4.833669343e-01
3839,9.597500000e-02,1.453478893e-01,2.204891637e+02,3.806974213e+01,1.819360320e+02,4.833895757e-01
3840,9.600000000e-02,1.453912860e-01,2.205090075e+02,3.805870119e+01,1.819668941e+02,4.834121804e-01
3841,9.602500000e-02,1.454346789e-01,2.205288403e+02,3.804767237e+01,1.819977332e+02,4.834347484e-01
3842,9.605000000e-02,1.454780683e-01,2.205486623e+02,3.803665274e+01,1.820285523e+02,4.834572796e-01
3843,9.607500000e-02,1.455214604e-01,2.205684733e+02,3.802563652e+01,1.820593570e+02,4.834797840e-01
3844,9.610000000e-02,1.455648532e-01,2.205882735e+02,3.801462478e+01,1.820901464e+02,4.835022651e-01
3845,9.612500000e-02,1.456082451e-01,2.206080627e+02,3.800361949e+01,1.821209185e+02,4.835247206e-01
3846,9.615000000e-02,1.456516350e-01,2.206278411e+02,3.799262225e+01,1.821516717e+02,4.835471480e-01
3847,9.617500000e-02,1.456950225e-01,2.206476086e+02,3.798163299e+01,1.821824061e+02,4.835695450e-01
3848,9.620000000e-02,1.457384087e-01,2.206673653e+02,3.797064902e+01,1.822131243e+02,4.835919119e-01
3849,9.622500000e-02,1.457817966e-01,2.206871111e+02,3.795966748e+01,1.822438293e+02,4.836142545e-01
3850,9.625000000e-02,1.458251854e-01,2.207068460e+02,3.794868496e+01,1.822745245e+02,4.836365758e-01
3851,9.627500000e-02,1.458685779e-01,2.207265702e+02,3.793769437e+01,1.823052169e+02,4.836588928e-01
3852,9.630000000e-02,1.459119771e-01,2.207462835e+02,3.792668940e+01,1.823359128e+02,4.836812310e-01
3853,9.632500000e-02,1.459553812e-01,2.207659859e+02,3.791567244e+01,1.823666099e+02,4.837035908e-01
3854,9.635000000e-02,1.459987885e-01,2.207856776e+02,3.790464551e+01,1.823973061e+02,4.837259640e-01
3855,9.637500000e-02,1.460421999e-01,2.208053584e+02,3.789360501e+01,1.824280050e+02,4.837483539e-01
3856,9.640000000e-02,1.460856166e-01,2.208250283e+02,3.788254910e+01,1.824587085e+02,4.837707726e-01
3857,9.642500000e-02,1.461290364e-01,2.208446875e+02,3.787148230e+01,1.824894120e+02,4.837932141e-01
3858,9.645000000e-02,1.461724578e-01,2.208643358e+02,3.786040933e+01,1.825201108e+02,4.838156683e-01
3859,9.647500000e-02,1.462158795e-01,2.208839732e+02,3.784933409e+01,1.825508010e+02,4.838381261e-01
3860,9.650000000e-02,1.462593005e-01,2.209035999e+02,3.783825963e+01,1.825814797e+02,4.838605795e-01
3861,9.652500000e-02,1.463027202e-01,2.209232157e+02,3.782718831e+01,1.826121443e+02,4.838830220e-01
3862,9.655000000e-02,1.463461380e-01,2.209428206e+02,3.781612201e+01,1.826427932e+02,4.839054485e-01
3863,9.657500000e-02,1.463895535e-01,2.209624148e+02,3.780506216e+01,1.826734248e+02,4.839278548e-01
3864,9.660000000e-02,1.464329665e-01,2.209819982e+02,3.779400992e+01,1.827040380e+02,4.839502378e-01
3865,9.662500000e-02,1.464763766e-01,2.210015707e+02,3.778296615e+01,1.827346320e+02,4.839725947e-01
3866,9.665000000e-02,1.465197838e-01,2.210211325e+02,3.777193155e+01,1.827652060e+02,4.839949236e-01
3867,9.667500000e-02,1.465631878e-01,2.210406835e+02,3.776090664e+01,1.827957597e+02,4.840172228e-01
3868,9.670000000e-02,1.466065887e-01,2.210602238e+02,3.774989186e+01,1.828262924e+02,4.840394911e-01
3869,9.672500000e-02,1.466499862e-01,2.210797533e+02,3.773888751e+01,1.828568040e+02,4.840617274e-01
3870,9.675000000e-02,1.466933804e-01,2.210992720e+02,3.772789387e+01,1.828872942e+02,4.840839311e-01
3871,9.677500000e-02,1.467367712e-01,2.211187800e+02,3.771691114e+01,1.829177628e+02,4.841061014e-01
3872,9.680000000e-02,1.467801585e-01,2.211382773e+02,3.770593946e+01,1.829482096e+02,4.841282380e-01
3873,9.682500000e-02,1.468235424e-01,2.211577639e+02,3.769497896e+01,1.829786346e+02,4.841503404e-01
3874,9.685000000e-02,1.468669228e-01,2.211772398e+02,3.768402617e+01,1.830090412e+02,4.841724084e-01
3875,9.687500000e-02,1.469103054e-01,2.211967050e+02,3.767307140e+01,1.830394391e+02,4.841944646e-01
3876,9.690000000e-02,1.469536900e-01,2.212161595e+02,3.766211352e+01,1.830698294e+02,4.842165176e-01
3877,9.692500000e-02,1.469970762e-01,2.212356033e+02,3.765115346e+01,1.831002113e+02,4.842385652e-01
3878,9.695000000e-02,1.470404636e-01,2.212550365e+02,3.764019324e+01,1.831305827e+02,4.842606037e-01
3879,9.697500000e-02,1.470838509e-01,2.212744590e+02,3.762923551e+01,1.831609409e+02,4.842826284e-01
3880,9.700000000e-02,1.471272369e-01,2.212938708e+02,3.761828244e+01,1.831912838e+02,4.843046347e-01
3881,9.702500000e-02,1.471706212e-01,2.213132720e+02,3.760733567e+01,1.832216097e+02,4.843266189e-01
3882,9.705000000e-02,1.472140031e-01,2.213326625e+02,3.759639644e+01,1.832519175e+02,4.843485780e-01
3883,9.707500000e-02,1.472573825e-01,2.213520424e+02,3.758546562e+01,1.832822063e+02,4.843705099e-01
3884,9.710000000e-02,1.473007590e-01,2.213714117e+02,3.757454381e+01,1.833124755e+02,4.843924129e-01
3885,9.712500000e-02,1.473441328e-01,2.213907704e+02,3.756363089e+01,1.833427252e+02,4.844142857e-01
3886,9.715000000e-02,1.473875040e-01,2.214101184e+02,3.755272709e+01,1.833729552e+02,4.844361277e-01
3887,9.717500000e-02,1.474308727e-01,2.214294559e+02,3.754183291e+01,1.834031650e+02,4.844579380e-01
3888,9.720000000e-02,1.474742385e-01,2.214487827e+02,3.753094880e+01,1.834333542e+02,4.844797159e-01
3889,9.722500000e-02,1.475176013e-01,2.214680990e+02,3.752007508e+01,1.834635225e+02,4.845014610e-01
3890,9.725000000e-02,1.475609611e-01,2.214874047e+02,3.750921201e+01,1.834936696e+02,4.845231727e-01
3891,9.727500000e-02,1.476043176e-01,2.215066999e+02,3.749835947e+01,1.835237956e+02,4.845448510e-01
3892,9.730000000e-02,1.476476711e-01,2.215259845e+02,3.748751191e+01,1.835539061e+02,4.845664968e-01
3893,9.732500000e-02,1.476910257e-01,2.215452586e+02,3.747665804e+01,1.835840124e+02,4.845881391e-01
3894,9.735000000e-02,1.477343837e-01,2.215645222e+02,3.746579543e+01,1.836141170e+02,4.846097894e-01
3895,9.737500000e-02,1.477777444e-01,2.215837752e+02,3.745492639e+01,1.836442174e+02,4.846314454e-01
3896,9.740000000e-02,1.478211065e-01,2.216030177e+02,3.744405425e+01,1.836743104e+02,4.846531009e-01
3897,9.742500000e-02,1.478644687e-01,2.216222497e+02,3.743318217e+01,1.837043928e+02,4.846747493e-01
3898,9.745000000e-02,1.479078302e-01,2.216414712e+02,3.742231128e+01,1.837344635e+02,4.846963846e-01
3899,9.747500000e-02,1.479511930e-01,2.216606821e+02,3.741144214e+01,1.837645220e+02,4.847180045e-01
3900,9.750000000e-02,1.479945556e-01,2.216798826e+02,3.740057697e+01,1.837945660e+02,4.847396056e-01
3901,9.752500000e-02,1.480379170e-01,2.216990725e+02,3.738971764e+01,1.838245937e+02,4.847611845e-01
3902,9.755000000e-02,1.480812767e-01,2.217182519e+02,3.737886557e+01,1.838546036e+02,4.847827383e-01
3903,9.757500000e-02,1.481246341e-01,2.217374209e+02,3.736802186e+01,1.838845948e+02,4.848042646e-01
3904,9.760000000e-02,1.481679890e-01,2.217565794e+02,3.735718731e+01,1.839145663e+02,4.848257617e-01
3905,9.762500000e-02,1.482113410e-01,2.217757274e+02,3.734636253e+01,1.839445177e+02,4.848472284e-01
3906,9.765000000e-02,1.482546901e-01,2.217948650e+02,3.733554798e+01,1.839744484e+02,4.848686637e-01
3907,9.767500000e-02,1.482980360e-01,2.218139921e+02,3.732474398e+01,1.840043581e+02,4.848900669e-01
3908,9.770000000e-02,1.483413787e-01,2.218331088e+02,3.731395078e+01,1.840342466e+02,4.849114375e-01
3909,9.772500000e-02,1.483847181e-01,2.218522151e+02,3.730316856e+01,1.840641138e+02,4.849327751e-01
3910,9.775000000e-02,1.484280542e-01,2.218713110e+02,3.729239744e+01,1.840939595e+02,4.849540795e-01
3911,9.777500000e-02,1.484713868e-01,2.218903964e+02,3.728163752e+01,1.841237836e+02,4.849753504e-01
3912,9.780000000e-02,1.485147161e-01,2.219094715e+02,3.727088887e+01,1.841535861e+02,4.849965878e-01
3913,9.782500000e-02,1.485580420e-01,2.219285362e+02,3.726015154e+01,1.841833669e+02,4.850177916e-01
3914,9.785000000e-02,1.486013644e-01,2.219475905e+02,3.724942557e+01,1.842131260e+02,4.850389617e-01
3915,9.787500000e-02,1.486446834e-01,2.219666345e+02,3.723871099e+01,1.842428634e+02,4.850600982e-01
3916,9.790000000e-02,1.486879989e-01,2.219856681e+02,3.722800781e+01,1.842725791e+02,4.850812010e-01
3917,9.792500000e-02,1.487313110e-01,2.220046914e+02,3.721731604e+01,1.843022731e+02,4.851022701e-01
3918,9.795000000e-02,1.487746196e-01,2.220237044e+02,3.720663570e+01,1.843319454e+02,4.851233057e-01
3919,9.797500000e-02,1.488179248e-01,2.220427071e+02,3.719596678e+01,1.843615960e+02,4.851443078e-01
3920,9.800000000e-02,1.488612265e-01,2.220616994e+02,3.718530929e+01,1.843912249e+02,4.851652763e-01
3921,9.802500000e-02,1.489045248e-01,2.220806815e+02,3.717466323e+01,1.844208321e+02,4.851862114e-01
3922,9.805000000e-02,1.489478196e-01,2.220996533e+02,3.716402859e+01,1.844504176e+02,4.852071132e-01
3923,9.807500000e-02,1.489911110e-01,2.221186148e+02,3.715340537e+01,1.844799815e+02,4.852279817e-01
3924,9.810000000e-02,1.490343990e-01,2.221375661e+02,3.714279357e+01,1.845095237e+02,4.852488169e-01
3925,9.812500000e-02,1.490776835e-01,2.221565071e+02,3.713219170e+01,1.845390458e+02,4.852696191e-01
3926,9.815000000e-02,1.491209668e-01,2.221754379e+02,3.712159077e+01,1.845685567e+02,4.852903961e-01
3927,9.817500000e-02,1.491642585e-01,2.221943585e+02,3.711097858e+01,1.845980687e+02,4.853111745e-01
3928,9.820000000e-02,1.492075549e-01,2.222132688e+02,3.710035815e+01,1.846275787e+02,4.853319589e-01
3929,9.822500000e-02,1.492508531e-01,2.222321689e+02,3.708973454e+01,1.846570817e+02,4.853527428e-01
3930,9.825000000e-02,1.492941512e-01,2.222510588e+02,3.707911177e+01,1.846865735e+02,4.853735188e-01
3931,9.827500000e-02,1.493374480e-01,2.222699385e+02,3.706849275e+01,1.847160515e+02,4.853942810e-01
3932,9.830000000e-02,1.493807430e-01,2.222888080e+02,3.705787954e+01,1.847455134e+02,4.854150249e-01
3933,9.832500000e-02,1.494240356e-01,2.223076672e+02,3.704727110e+01,1.847749604e+02,4.854357470e-01
3934,9.835000000e-02,1.494673287e-01,2.223265163e+02,3.703666198e+01,1.848043979e+02,4.854564570e-01
3935,9.837500000e-02,1.495106241e-01,2.223453552e+02,3.702604924e+01,1.848338288e+02,4.854771661e-01
3936,9.840000000e-02,1.495539211e-01,2.223641839e+02,3.701543410e+01,1.848632519e+02,4.854978731e-01
3937,9.842500000e-02,1.495972185e-01,2.223830024e+02,3.700481923e+01,1.848926646e+02,4.855185727e-01
3938,9.845000000e-02,1.496405152e-01,2.224018107e+02,3.699420730e+01,1.849220642e+02,4.855392594e-01
3939,9.847500000e-02,1.496838103e-01,2.224206089e+02,3.698360047e+01,1.849514485e+02,4.855599285e-01
3940,9.850000000e-02,1.497271034e-01,2.224393969e+02,3.697300039e+01,1.849808160e+02,4.855805765e-01
3941,9.852500000e-02,1.497703940e-01,2.224581748e+02,3.696240828e+01,1.850101653e+02,4.856012006e-01
3942,9.855000000e-02,1.498136819e-01,2.224769425e+02,3.695182504e+01,1.850394957e+02,4.856217988e-01
3943,9.857500000e-02,1.498569668e-01,2.224957001e+02,3.694125128e+01,1.850688064e+02,4.856423696e-01
3944,9.860000000e-02,1.499002486e-01,2.225144475e+02,3.693068748e+01,1.850980971e+02,4.856629119e-01
3945,9.862500000e-02,1.499435273e-01,2.225331848e+02,3.692013398e+01,1.851273674e+02,4.856834249e-01
3946,9.865000000e-02,1.499868027e-01,2.225519120e+02,3.690959101e+01,1.851566171e+02,4.857039080e-01
3947,9.867500000e-02,1.500300748e-01,2.225706292e+02,3.689905877e+01,1.851858460e+02,4.857243608e-01
3948,9.870000000e-02,1.500733436e-01,2.225893362e+02,3.688853737e+01,1.852150541e+02,4.857447830e-01
3949,9.872500000e-02,1.501166090e-01,2.226080332e+02,3.687802692e+01,1.852442411e+02,4.857651742e-01
3950,9.875000000e-02,1.501598710e-01,2.226267201e+02,3.686752749e+01,1.852734070e+02,4.857855345e-01
3951,9.877500000e-02,1.502031297e-01,2.226453969e+02,3.685703914e+01,1.853025519e+02,4.858058636e-01
3952,9.880000000e-02,1.502463850e-01,2.226640637e+02,3.684656189e+01,1.853316757e+02,4.858261615e-01
3953,9.882500000e-02,1.502896369e-01,2.226827205e+02,3.683609577e+01,1.853607783e+02,4.858464281e-01
3954,9.885000000e-02,1.503328854e-01,2.227013672e+02,3.682564069e+01,1.853898599e+02,4.858666635e-01
3955,9.887500000e-02,1.503761305e-01,2.227200040e+02,3.681519664e+01,1.854189205e+02,4.858868675e-01
3956,9.890000000e-02,1.504193723e-01,2.227386307e+02,3.680475991e+01,1.854479638e+02,4.859070402e-01
3957,9.892500000e-02,1.504626133e-01,2.227572475e+02,3.679432678e+01,1.854769935e+02,4.859271909e-01
3958,9.895000000e-02,1.505058552e-01,2.227758542e+02,3.678389582e+01,1.855060111e+02,4.859473268e-01
3959,9.897500000e-02,1.505490975e-01,2.227944510e+02,3.677346770e+01,1.855350159e+02,4.859674490e-01
3960,9.900000000e-02,1.505923396e-01,2.228130378e+02,3.676304374e+01,1.855640065e+02,4.859875556e-01
3961,9.902500000e-02,1.506355806e-01,2.228316147e+02,3.675262275e+01,1.855929843e+02,4.860076443e-01
3962,9.905000000e-02,1.506788231e-01,2.228501816e+02,3.674219838e+01,1.856219555e+02,4.860277261e-01
3963,9.907500000e-02,1.507220689e-01,2.228687385e+02,3.673176655e+01,1.856509242e+02,4.860478166e-01
3964,9.910000000e-02,1.507653175e-01,2.228872855e+02,3.672132844e+01,1.856798892e+02,4.860679155e-01
3965,9.912500000e-02,1.508085674e-01,2.229058226e+02,3.671088712e+01,1.857088475e+02,4.860880165e-01
3966,9.915000000e-02,1.508518175e-01,2.229243497e+02,3.670044577e+01,1.857377958e+02,4.861081127e-01
3967,9.917500000e-02,1.508950668e-01,2.229428669e+02,3.669000710e+01,1.857667316e+02,4.861281979e-01
3968,9.920000000e-02,1.509383146e-01,2.229613741e+02,3.667957323e+01,1.857956526e+02,4.861482673e-01
3969,9.922500000e-02,1.509815604e-01,2.229798714e+02,3.666914579e+01,1.858245573e+02,4.861683172e-01
3970,9.925000000e-02,1.510248039e-01,2.229983588e+02,3.665872598e+01,1.858534445e+02,4.861883447e-01
3971,9.927500000e-02,1.510680447e-01,2.230168363e+02,3.664831471e+01,1.858823132e+02,4.862083476e-01
3972,9.930000000e-02,1.511112826e-01,2.230353038e+02,3.663791263e+01,1.859111629e+02,4.862283243e-01
3973,9.932500000e-02,1.511545176e-01,2.230537615e+02,3.662751845e+01,1.859399948e+02,4.862482737e-01
3974,9.935000000e-02,1.511977522e-01,2.230722093e+02,3.661712785e+01,1.859688132e+02,4.862682020e-01
3975,9.937500000e-02,1.512409883e-01,2.230906472e+02,3.660673827e+01,1.859976208e+02,4.862881185e-01
3976,9.940000000e-02,1.512842250e-01,2.231090752e+02,3.659635048e+01,1.860264167e+02,4.863080235e-01
3977,9.942500000e-02,1.513274615e-01,2.231274934e+02,3.658596624e+01,1.860551993e+02,4.863279136e-01
3978,9.945000000e-02,1.513706967e-01,2.231459018e+02,3.657558732e+01,1.860839667e+02,4.863477853e-01
3979,9.947500000e-02,1.514139302e-01,2.231643002e+02,3.656521517e+01,1.861127174e+02,4.863676356e-01
3980,9.950000000e-02,1.514571615e-01,2.231826889e+02,3.655485093e+01,1.861414505e+02,4.863874621e-01
3981,9.952500000e-02,1.515003902e-01,2.232010677e+02,3.654449545e+01,1.861701649e+02,4.864072629e-01
3982,9.955000000e-02,1.515436161e-01,2.232194366e+02,3.653414933e+01,1.861988603e+02,4.864270368e-01
3983,9.957500000e-02,1.515868391e-01,2.232377958e+02,3.652381299e+01,1.862275360e+02,4.864467827e-01
3984,9.960000000e-02,1.516300590e-01,2.232561451e+02,3.651348675e+01,1.862561919e+02,4.864664998e-01
3985,9.962500000e-02,1.516732759e-01,2.232744847e+02,3.650317088e+01,1.862848276e+02,4.864861876e-01
3986,9.965000000e-02,1.517164896e-01,2.232928144e+02,3.649286555e+01,1.863134431e+02,4.865058456e-01
3987,9.967500000e-02,1.517597000e-01,2.233111344e+02,3.648257090e+01,1.863420381e+02,4.865254735e-01
3988,9.970000000e-02,1.518029073e-01,2.233294447e+02,3.647228703e+01,1.863706126e+02,4.865450712e-01
3989,9.972500000e-02,1.518461112e-01,2.233477451e+02,3.646201408e+01,1.863991664e+02,4.865646384e-01
3990,9.975000000e-02,1.518893119e-01,2.233660359e+02,3.645175212e+01,1.864276996e+02,4.865841751e-01
3991,9.977500000e-02,1.519325092e-01,2.233843169e+02,3.644150116e+01,1.864562120e+02,4.866036811e-01
3992,9.980000000e-02,1.519757033e-01,2.234025881e+02,3.643126121e+01,1.864847038e+02,4.866231566e-01
3993,9.982500000e-02,1.520188940e-01,2.234208497e+02,3.642103227e+01,1.865131748e+02,4.866426014e-01
3994,9.985000000e-02,1.520620814e-01,2.234391015e+02,3.641081435e+01,1.865416252e+02,4.866620156e-01
3995,9.987500000e-02,1.521052655e-01,2.234573437e+02,3.640060745e+01,1.865700548e+02,4.866813992e-01
3996,9.990000000e-02,1.521484463e-01,2.234755762e+02,3.639041159e+01,1.865984638e+02,4.867007522e-01
3997,9.992500000e-02,1.521916238e-01,2.234937990e+02,3.638022675e+01,1.866268522e+02,4.867200747e-01
3998,9.995000000e-02,1.522347980e-01,2.235120121e+02,3.637005294e+01,1.866552198e+02,4.867393667e-01
3999,9.997500000e-02,1.522779689e-01,2.235302156e+02,3.635989017e+01,1.866835668e+02,4.867586283e-01
4000,1.000000000e-01,1.523211365e-01,2.235484095e+02,3.634973842e+01,1.867118932e+02,4.867778594e-01
