normalized_time,displacement_mm,cmod_mm,load_N
0,0,0,-0
0.00025000001187436283,-2.4999999368446879e-05,1.1597544471442234e-05,4.892524778842926
0.00050000002374872565,-4.9999998736893758e-05,2.3195088942884468e-05,9.7850495576858521
0.00075000000651925802,-7.5000003562308848e-05,3.4792633414326701e-05,14.677574634552002
0.0010000000474974513,-9.9999997473787516e-05,4.6390177885768935e-05,19.570099115371704
0.0012499999720603228,-0.00012500000593718141,5.798771780973766e-05,24.462624073028564
0.001500000013038516,-0.0001500000071246177,6.9585266828653403e-05,29.355149269104004
0.0017500000540167093,-0.00017499999376013875,8.1182806752622128e-05,34.247673988342285
0.0020000000949949026,-0.00019999999494757503,9.278035577153787e-05,39.140198230743408
0.0022499999031424522,-0.00022499999613501132,0.00010437790297146421,44.032723903656006
0.0024999999441206455,-0.00025000001187436283,0.00011597543561947532,48.925248146057129
0.0027499999850988388,-0.00027499999850988388,0.00012757298463839106,53.81777286529541
0.0030000000260770321,-0.00030000001424923539,0.00013917053365730681,58.710298538208008
0.0032500000670552254,-0.00032500000088475645,0.00015076806448632851,63.602823257446289
0.0035000001080334187,-0.0003499999875202775,0.00016236561350524426,68.49534797668457
0.0037499999161809683,-0.00037500000325962901,0.00017396316252416,73.387875080108643
0.0040000001899898052,-0.00039999998989515007,0.00018556071154307574,78.280396461486816
0.0042500002309679985,-0.00042500000563450158,0.00019715824237209745,83.172922134399414
0.0044999998062849045,-0.00044999999227002263,0.00020875580594292842,88.065447807312012
0.0047499998472630978,-0.00047500000800937414,0.00022035333677195013,92.957972526550293
0.004999999888241291,-0.00050000002374872565,0.00023195087123895064,97.850496292114258
0.0052499999292194843,-0.00052499998128041625,0.00024354843480978161,102.74302387237549
0.0054999999701976776,-0.00054999999701976776,0.00025514596927678213,107.63554573059082
0.0057500000111758709,-0.00057500001275911927,0.00026674350374378264,112.52806949615479
0.0060000000521540642,-0.00060000002849847078,0.00027834106731461361,117.42059707641602
0.0062500000931322575,-0.00062499998603016138,0.00028993859450565651,122.31312084197998
0.0065000001341104507,-0.00065000000176951289,0.00030153612897265702,127.20564651489258
0.006750000175088644,-0.0006750000175088644,0.000313133692543488,132.09817028045654
0.0070000002160668373,-0.000699999975040555,0.00032473122701048851,136.99069595336914
0.0072499997913837433,-0.00072499999077990651,0.00033632879058131948,141.88322353363037
0.0074999998323619366,-0.00075000000651925802,0.00034792632504832,146.77575016021729
0.0077499998733401299,-0.00077500002225860953,0.00035952385951532051,151.66827011108398
0.0080000003799796104,-0.00079999997979030013,0.00037112142308615148,156.56079292297363
0.0082499999552965164,-0.00082499999552965164,0.00038271897938102484,161.45331764221191
0.008500000461935997,-0.00085000001126900315,0.0003943164847441949,166.34584426879883
0.008750000037252903,-0.00087500002700835466,0.00040591404831502587,171.23836898803711
0.008999999612569809,-0.00089999998454004526,0.00041751161188585684,176.13089561462402
0.0092500001192092896,-0.00092500000027939677,0.00042910911724902689,181.0234203338623
0.0094999996945261955,-0.00095000001601874828,0.00044070667354390025,185.91594505310059
0.0097500002011656761,-0.00097499997355043888,0.00045230424439068884,190.80846786499023
0.0099999997764825821,-0.0010000000474974513,0.00046390174247790128,195.70099258422852
0.010250000283122063,-0.0010250000050291419,0.00047549931332468987,200.59351921081543
0.010499999858438969,-0.0010499999625608325,0.00048709686961956322,205.48604774475098
0.010750000365078449,-0.0010750000365078449,0.00049869436770677567,210.37857055664062
0.010999999940395355,-0.0010999999940395355,0.00051029193855356425,215.27109146118164
0.011250000447034836,-0.0011249999515712261,0.00052188949484843761,220.16361808776855
0.011500000022351742,-0.0011500000255182385,0.00053348700748756528,225.05613899230957
0.011749999597668648,-0.0011749999830499291,0.00054508456378243864,229.94866943359375
0.012000000104308128,-0.0012000000569969416,0.00055668213462922722,234.84119415283203
0.012249999679625034,-0.0012250000145286322,0.00056827963271643966,239.73371887207031
0.012500000186264515,-0.0012499999720603228,0.00057987718901131302,244.62624168395996
0.012749999761581421,-0.0012750000460073352,0.00059147475985810161,249.51876831054688
0.013000000268220901,-0.0013000000035390258,0.00060307225794531405,254.41129302978516
0.013249999843537807,-0.0013249999610707164,0.00061466982879210263,259.3038158416748
0.013500000350177288,-0.0013500000350177288,0.00062626738508697599,264.19634056091309
0.013749999925494194,-0.0013749999925494194,0.00063786495593376458,269.08886528015137
0.014000000432133675,-0.00139999995008111,0.00064946245402097702,273.98139190673828
0.014250000007450581,-0.0014250000240281224,0.00066106002486776561,278.87391471862793
0.014499999582767487,-0.001449999981559813,0.00067265758116263896,283.76644706726074
0.014750000089406967,-0.0014750000555068254,0.00068425507924985141,288.65896224975586
0.014999999664723873,-0.001500000013038516,0.00069585265009663999,293.55150032043457
0.015250000171363354,-0.0015249999705702066,0.00070745020639151335,298.44401168823242
0.01549999974668026,-0.0015500000445172191,0.00071904771903064102,303.33654022216797
0.01575000025331974,-0.0015750000020489097,0.00073064527532551438,308.22905731201172
0.016000000759959221,-0.0015999999595806003,0.00074224284617230296,313.12158584594727
0.016249999403953552,-0.0016250000335276127,0.0007538403442595154,318.01412200927734
0.016499999910593033,-0.0016499999910593033,0.00076543795876204967,322.90663528442383
0.016750000417232513,-0.0016749999485909939,0.00077703541319351643,327.79916381835938
0.017000000923871994,-0.0017000000225380063,0.00078863296948838979,332.69168853759766
0.017249999567866325,-0.0017249999800696969,0.00080023054033517838,337.5842170715332
0.017500000074505806,-0.0017500000540167093,0.00081182809663005173,342.47673797607422
0.017750000581145287,-0.0017750000115483999,0.00082342566747684032,347.36926651000977
0.017999999225139618,-0.0017999999690800905,0.00083502322377171367,352.26179122924805
0.018249999731779099,-0.0018250000430271029,0.00084662067820318043,357.15431976318359
0.018500000238418579,-0.0018500000005587935,0.00085821823449805379,362.04684066772461
0.01875000074505806,-0.0018749999580904841,0.00086981579079292715,366.93935394287109
0.018999999389052391,-0.0019000000320374966,0.0008814133470878005,371.83189010620117
0.019249999895691872,-0.0019249999895691872,0.00089301093248650432,376.72441482543945
0.019500000402331352,-0.0019499999471008778,0.00090460848878137767,381.61693572998047
0.019750000908970833,-0.0019749999046325684,0.0009162059286609292,386.50946426391602
0.019999999552965164,-0.0020000000949949026,0.00092780348495580256,391.40198516845703
0.020250000059604645,-0.0020250000525265932,0.00093940104125067592,396.29450988769531
0.020500000566244125,-0.0020500000100582838,0.00095099862664937973,401.18703842163086
0.020749999210238457,-0.0020749999675899744,0.00096259618294425309,406.07955932617188
0.020999999716877937,-0.002099999925121665,0.00097419373923912644,410.97209548950195
0.021250000223517418,-0.0021250001154839993,0.00098579117911867797,415.86460876464844
0.021500000730156898,-0.0021500000730156898,0.00099738873541355133,420.75714111328125
0.02174999937415123,-0.0021750000305473804,0.0010089863208122551,425.64966201782227
0.02199999988079071,-0.002199999988079071,0.0010205838771071285,430.54218292236328
0.022250000387430191,-0.0022249999456107616,0.0010321814334020019,435.4347038269043
0.022500000894069672,-0.0022499999031424522,0.0010437789896968752,440.32723617553711
0.022749999538064003,-0.0022750000935047865,0.001055376575095579,445.21976470947266
0.023000000044703484,-0.0023000000510364771,0.0010669740149751306,450.11227798461914
0.023250000551342964,-0.0023250000085681677,0.0010785715712700039,455.00481414794922
0.023499999195337296,-0.0023499999660998583,0.0010901691275648773,459.8973388671875
0.023749999701976776,-0.0023749999236315489,0.0011017666838597506,464.78985977172852
0.024000000208616257,-0.0024000001139938831,0.0011133642692584544,469.68238830566406
0.024250000715255737,-0.0024250000715255737,0.0011249618255533278,474.57491683959961
0.024499999359250069,-0.0024500000290572643,0.0011365592654328793,479.46743774414062
0.024749999865889549,-0.0024749999865889549,0.0011481568217277527,484.35995483398438
0.02500000037252903,-0.0024999999441206455,0.001159754378022626,489.25248336791992
0.02525000087916851,-0.0025249999016523361,0.0011713519634213299,494.14501953125
0.025499999523162842,-0.0025500000920146704,0.0011829495197162032,499.03753662109375
0.025750000029802322,-0.002575000049546361,0.0011945470760110766,503.93004989624023
0.026000000536441803,-0.0026000000070780516,0.0012061445158906281,508.82258605957031
0.026249999180436134,-0.0026249999646097422,0.0012177421012893319,513.71511459350586
0.026499999687075615,-0.0026499999221414328,0.0012293396575842053,518.60763168334961
0.026750000193715096,-0.002675000112503767,0.0012409372138790786,523.50015258789062
0.027000000700354576,-0.0027000000700354576,0.001252534770173952,528.39268112182617
0.027249999344348907,-0.0027250000275671482,0.0012641323264688253,533.28521728515625
0.027499999850988388,-0.0027499999850988388,0.0012757299118675292,538.17773056030273
0.027750000357627869,-0.0027749999426305294,0.0012873273517470807,543.07025909423828
0.028000000864267349,-0.00279999990016222,0.001298924908041954,547.96278381347656
0.028249999508261681,-0.0028250000905245543,0.0013105224643368274,552.85530090332031
0.028500000014901161,-0.0028500000480562449,0.0013221200497355312,557.74782943725586
0.028750000521540642,-0.0028750000055879354,0.0013337176060304046,562.64035797119141
0.028999999165534973,-0.002899999963119626,0.0013453151623252779,567.53289413452148
0.029249999672174454,-0.0029249999206513166,0.0013569126022048295,572.42539596557617
0.029500000178813934,-0.0029500001110136509,0.0013685101584997028,577.31792449951172
0.029750000685453415,-0.0029750000685453415,0.0013801077438984066,582.2104606628418
0.029999999329447746,-0.0030000000260770321,0.00139170530019328,587.10300064086914
0.030249999836087227,-0.0030249999836087227,0.0014033028564881533,591.99551010131836
0.030500000342726707,-0.0030499999411404133,0.0014149004127830267,596.88802337646484
0.030750000849366188,-0.0030749998986721039,0.0014264978526625782,601.78056335449219
0.030999999493360519,-0.0031000000890344381,0.001438095438061282,606.67308044433594
0.03125,-0.0031250000465661287,0.0014496929943561554,611.56561279296875
0.031500000506639481,-0.0031500000040978193,0.0014612905506510288,616.45811462402344
0.031750001013278961,-0.0031749999616295099,0.0014728881069459021,621.35065460205078
0.032000001519918442,-0.0031999999191612005,0.0014844856923446059,626.24317169189453
0.032249998301267624,-0.0032250001095235348,0.0014960831322241575,631.13570404052734
0.032499998807907104,-0.0032500000670552254,0.0015076806885190308,636.02824401855469
0.032749999314546585,-0.003275000024586916,0.0015192782448139042,640.92076110839844
0.032999999821186066,-0.0032999999821186066,0.0015308759175240993,645.81327056884766
0.033250000327825546,-0.0033249999396502972,0.0015424733865074813,650.70580291748047
0.033500000834465027,-0.0033499998971819878,0.0015540708263870329,655.59832763671875
0.033750001341104507,-0.003375000087544322,0.0015656684990972281,660.49086761474609
0.034000001847743988,-0.0034000000450760126,0.0015772659389767796,665.38337707519531
0.03424999862909317,-0.0034250000026077032,0.0015888636116869748,670.27589416503906
0.034499999135732651,-0.0034499999601393938,0.0016004610806703568,675.16843414306641
0.034749999642372131,-0.0034749999176710844,0.0016120585205499083,680.06095123291016
0.035000000149011612,-0.0035000001080334187,0.0016236561932601035,684.95347595214844
0.035250000655651093,-0.0035250000655651093,0.001635253633139655,689.84600067138672
0.035500001162290573,-0.0035500000230967999,0.0016468513349536806,694.73853302001953
0.035750001668930054,-0.0035749999806284904,0.0016584487748332322,699.63105010986328
0.035999998450279236,-0.003599999938160181,0.0016702559369150549,704.4896240234375
0.036249998956918716,-0.0036249998956918716,0.0016821915050968528,709.32746887207031
0.036499999463558197,-0.0036500000860542059,0.001694131235126406,714.16461181640625
0.036749999970197678,-0.0036750000435858965,0.0017060718382708728,719.00163269042969
0.037000000476837158,-0.0037000000011175871,0.0017180116847157478,723.83880615234375
0.037250000983476639,-0.0037249999586492777,0.0017299505998380482,728.67613220214844
0.037500001490116119,-0.0037499999161809683,0.0017418893985450268,733.51351928710938
0.037749998271465302,-0.0037750001065433025,0.0017538286047056317,738.35085296630859
0.037999998778104782,-0.0038000000640749931,0.0017657685675658286,743.18806457519531
0.038249999284744263,-0.0038250000216066837,0.0017777094617486,748.02519226074219
0.038499999791383743,-0.0038499999791383743,0.0017896505887620151,752.86222076416016
0.038750000298023224,-0.0038749999366700649,0.0018015922978520393,757.69922637939453
0.039000000804662704,-0.0038999998942017555,0.00181353441439569,762.53618621826172
0.039250001311302185,-0.0039249998517334461,0.0018254766473546624,767.37310028076172
0.039500001817941666,-0.0039499998092651367,0.0018374194041825831,772.20998382568359
0.039749998599290848,-0.0039750002324581146,0.0018493625684641302,777.04679107666016
0.039999999105930328,-0.0040000001899898052,0.0018613060819916427,781.88355255126953
0.040249999612569809,-0.0040250001475214958,0.0018732501193881035,786.72027587890625
0.04050000011920929,-0.0040500001050531864,0.001885194331407547,791.55695343017578
0.04075000062584877,-0.004075000062584877,0.0018971391255035996,796.39358520507812
0.041000001132488251,-0.0041000000201165676,0.0019090842688456178,801.23016357421875
0.041250001639127731,-0.0041249999776482582,0.0019210294703952968,806.06671905517578
0.041499998420476913,-0.0041499999351799488,0.0019329753122292459,810.90321350097656
0.041749998927116394,-0.0041749998927116394,0.0019449212704785168,815.73966979980469
0.041999999433755875,-0.00419999985024333,0.0019568678108043969,820.57608032226562
0.042249999940395355,-0.0042249998077750206,0.0019688144675455987,825.4124755859375
0.042500000447034836,-0.0042500002309679985,0.0019807616481557488,830.24880218505859
0.042750000953674316,-0.0042750001884996891,0.0019927089451812208,835.08510589599609
0.043000001460313797,-0.0043000001460313797,0.0020046565914526582,839.92135620117188
0.043249998241662979,-0.0043250001035630703,0.0020166045869700611,844.75758361816406
0.04349999874830246,-0.0043500000610947609,0.0020285528735257685,849.59376525878906
0.04374999925494194,-0.0043750000186264515,0.0020405015093274415,854.42992401123047
0.043999999761581421,-0.0043999999761581421,0.0020524502033367753,859.26602935791016
0.044250000268220901,-0.0044249999336898327,0.0020643995376303792,864.10211944580078
0.044500000774860382,-0.0044499998912215233,0.0020763488719239831,868.93815612792969
0.044750001281499863,-0.0044749998487532139,0.0020882986136712134,873.774169921875
0.045000001788139343,-0.0044999998062849045,0.0021002485882490873,878.61016082763672
0.045249998569488525,-0.0045250002294778824,0.0021121989702805877,883.44610595703125
0.045499999076128006,-0.004550000187009573,0.002124149352312088,888.28201293945312
0.045749999582767487,-0.0045750001445412636,0.0021361001417972147,893.11790466308594
0.046000000089406967,-0.0046000001020729542,0.0021480511641129851,897.95375061035156
0.046250000596046448,-0.0046250000596046448,0.0021600023028440773,902.78959655761719
0.046500001102685928,-0.0046500000171363354,0.0021719537326134741,907.6253662109375
0.046750001609325409,-0.004674999974668026,0.0021839055116288364,912.46113586425781
0.046999998390674591,-0.0046999999321997166,0.0021958575816825032,917.29689788818359
0.047249998897314072,-0.0047249998897314072,0.0022078097681514919,922.13259887695312
0.047499999403953552,-0.0047499998472630978,0.0022197621874511242,926.96827697753906
0.047749999910593033,-0.0047749998047947884,0.002231714955996722,931.80390167236328
0.048000000417232513,-0.0048000002279877663,0.0022436677827499807,936.63954925537109
0.048250000923871994,-0.0048250001855194569,0.0022556209587492049,941.47515106201172
0.048500001430511475,-0.0048500001430511475,0.0022675741347484291,946.31072235107422
0.048749998211860657,-0.0048750001005828381,0.0022795276599936187,951.14627838134766
0.048999998718500137,-0.0049000000581145287,0.002291481476277113,955.98180389404297
0.049249999225139618,-0.0049250000156462193,0.0023034353507682681,960.81729888916016
0.049499999731779099,-0.0049499999731779099,0.0023153895162977278,965.65275573730469
0.049750000238418579,-0.0049749999307096004,0.0023273437400348485,970.48822784423828
0.05000000074505806,-0.004999999888241291,0.0023392983130179346,975.32363128662109
0.05025000125169754,-0.0050249998457729816,0.0023512528860010207,980.15904998779297
0.050500001758337021,-0.0050499998033046722,0.0023632078082300723,984.99443054199219
0.050749998539686203,-0.0050750002264976501,0.0023751629632897675,989.82979583740234
0.050999999046325684,-0.0051000001840293407,0.0023871182347647846,994.66512298583984
0.051249999552965164,-0.0051250001415610313,0.0023990737972781062,999.50044250488281
0.051500000059604645,-0.0051500000990927219,0.0024110293597914279,1004.3357162475586
0.051750000566244125,-0.0051750000566244125,0.0024229850387200713,1009.1709899902344
0.052000001072883606,-0.0052000000141561031,0.0024349410086870193,1014.0062484741211
0.052250001579523087,-0.0052249999716877937,0.002446897211484611,1018.8415069580078
0.052499998360872269,-0.0052499999292194843,0.0024588535306975245,1023.6767196655273
0.052749998867511749,-0.0052749998867511749,0.0024708098499104381,1028.5118789672852
0.05299999937415123,-0.0052999998442828655,0.0024827872985042632,1033.3438262939453
0.05324999988079071,-0.0053249998018145561,0.0024948772042989731,1038.1581420898438
0.053500000387430191,-0.005350000225007534,0.0025069733965210617,1042.971435546875
0.053750000894069672,-0.0053750001825392246,0.0025190701126120985,1047.7846527099609
0.054000001400709152,-0.0054000001400709152,0.0025311648496426642,1052.5981903076172
0.054249998182058334,-0.0054250000976026058,0.0025432580732740462,1057.4119567871094
0.054499998688697815,-0.0054500000551342964,0.0025553511804901063,1062.2257843017578
0.054749999195337296,-0.005475000012665987,0.0025674446951597929,1067.0395050048828
0.054999999701976776,-0.0054999999701976776,0.0025795385590754449,1071.8531723022461
0.055250000208616257,-0.0055249999277293682,0.0025916330050677061,1076.6667785644531
0.055500000715255737,-0.0055499998852610588,0.0026037272764369845,1081.4803695678711
0.055750001221895218,-0.0055749998427927494,0.0026158217806369066,1086.2940063476562
0.056000001728534698,-0.00559999980032444,0.0026279165758751333,1091.1075668334961
0.056249998509883881,-0.0056250002235174179,0.0026400111964903772,1095.9211196899414
0.056499999016523361,-0.0056500001810491085,0.0026521060499362648,1100.7346572875977
0.056749999523162842,-0.0056750001385807991,0.0026644444442354143,1105.5081024169922
0.057000000029802322,-0.0057000000961124897,0.0026769235264509916,1110.2583084106445
0.057250000536441803,-0.0057250000536441803,0.0026894145994447172,1115.0065612792969
0.057500001043081284,-0.0057500000111758709,0.0027018999098800123,1119.7557144165039
0.057750001549720764,-0.0057749999687075615,0.0027143855695612729,1124.5047912597656
0.057999998331069946,-0.0057999999262392521,0.0027268718113191426,1129.2537307739258
0.058249998837709427,-0.0058249998837709427,0.0027393595082685351,1134.0024185180664
0.058499999344348907,-0.0058499998413026333,0.0027518523274920881,1138.7502822875977
0.058749999850988388,-0.0058749997988343239,0.0027643448556773365,1143.4981307983398
0.059000000357627869,-0.0059000002220273018,0.0027768368017859757,1148.2460861206055
0.059250000864267349,-0.0059250001795589924,0.0027893292135559022,1152.9939193725586
0.05950000137090683,-0.005950000137090683,0.0028018227894790471,1157.7415466308594
0.059749998152256012,-0.0059750000946223736,0.0028143179370090365,1162.4889068603516
0.059999998658895493,-0.0060000000521540642,0.0028268148307688534,1167.2359771728516
0.060249999165534973,-0.0060250000096857548,0.0028393132379278541,1171.9827423095703
0.060499999672174454,-0.0060499999672174454,0.0028518126928247511,1176.7292861938477
0.060750000178813934,-0.006074999924749136,0.0028643132536672056,1181.4757308959961
0.061000000685453415,-0.0060999998822808266,0.002876814513001591,1186.2219619750977
0.061250001192092896,-0.0061249998398125172,0.0028893164708279073,1190.9680480957031
0.061500001698732376,-0.0061499997973442078,0.0029018194181844592,1195.713981628418
0.061749998480081558,-0.0061750002205371857,0.0029143234132789075,1200.4597702026367
0.061999998986721039,-0.0062000001780688763,0.0029268283396959305,1205.2053604125977
0.062249999493360519,-0.0062250001356005669,0.002939334255643189,1209.9507598876953
0.0625,-0.0062500000931322575,0.002951841161120683,1214.6959991455078
0.062749996781349182,-0.0062750000506639481,0.0029643488232977688,1219.4410400390625
0.063000001013278961,-0.0063000000081956387,0.0029768575332127512,1224.1859588623047
0.063249997794628143,-0.0063249999657273293,0.0029893670580349863,1228.9306793212891
0.063500002026557922,-0.0063499999232590199,0.0030018773977644742,1233.6752777099609
0.063749998807907104,-0.0063749998807907104,0.0030143887270241976,1238.4197235107422
0.064000003039836884,-0.006399999838322401,0.0030269008129835129,1243.1640167236328
0.064249999821186066,-0.0064249997958540916,0.0030394135974347591,1247.9081268310547
0.064499996602535248,-0.0064500002190470695,0.0030519272550009191,1252.6521301269531
0.064750000834465027,-0.0064750001765787601,0.0030644420185126364,1257.3959350585938
0.064999997615814209,-0.0065000001341104507,0.0030769571894779801,1262.1396484375
0.065250001847743988,-0.0065250000916421413,0.0030894733499735594,1266.8832397460938
0.06549999862909317,-0.0065500000491738319,0.0031019900925457478,1271.6266632080078
0.065750002861022949,-0.0065750000067055225,0.0031145206303335726,1276.3681030273438
0.065999999642372131,-0.0065999999642372131,0.0031270611798390746,1281.1083068847656
0.066249996423721313,-0.0066249999217689037,0.003139601438306272,1285.8486022949219
0.066500000655651093,-0.0066499998793005943,0.0031521589844487607,1290.5865478515625
0.066749997437000275,-0.0066749998368322849,0.003164717520121485,1295.3244018554688
0.067000001668930054,-0.0066999997943639755,0.0031772761140018702,1300.062255859375
0.067249998450279236,-0.0067250002175569534,0.0031898869783617556,1304.7915191650391
0.067500002682209015,-0.006750000175088644,0.0032026677508838475,1309.4933929443359
0.067749999463558197,-0.0067750001326203346,0.0032156517263501883,1314.163818359375
0.068000003695487976,-0.0068000000901520252,0.0032286394853144884,1318.8339080810547
0.068250000476837158,-0.0068250000476837158,0.0032416610629297793,1323.4992218017578
0.06849999725818634,-0.0068500000052154064,0.0032546927686780691,1328.1630401611328
0.068750001490116119,-0.006874999962747097,0.0032677252311259508,1332.8267669677734
0.068999998271465302,-0.0068999999202787876,0.003280758042819798,1337.4904022216797
0.069250002503395081,-0.0069249998778104782,0.0032937919604592025,1342.1539001464844
0.069499999284744263,-0.0069499998353421688,0.0033068262855522335,1346.8172454833984
0.069750003516674042,-0.0069749997928738594,0.003319860843475908,1351.4805297851562
0.070000000298023224,-0.0070000002160668373,0.0033328963327221572,1356.1436614990234
0.070249997079372406,-0.0070250001735985279,0.003345932113006711,1360.8067626953125
0.070500001311302185,-0.0070500001311302185,0.0033589682425372303,1365.4697113037109
0.070749998092651367,-0.0070750000886619091,0.0033720046631060541,1370.1326446533203
0.071000002324581146,-0.0071000000461935997,0.0033850418985821307,1374.7954559326172
0.071249999105930328,-0.0071250000037252903,0.0033980791922658682,1379.4582061767578
0.071500003337860107,-0.0071499999612569809,0.003411116951610893,1384.1208801269531
0.07175000011920929,-0.0071749999187886715,0.0034241558169014752,1388.7834625244141
0.071999996900558472,-0.0071999998763203621,0.0034371948568150401,1393.4459228515625
0.072250001132488251,-0.0072249998338520527,0.0034502340131439269,1398.1083221435547
0.072499997913837433,-0.0072499997913837433,0.003463274275418371,1402.7706451416016
0.072750002145767212,-0.0072750002145767212,0.003476314595900476,1407.4329071044922
0.072999998927116394,-0.0073000001721084118,0.0034894436248578131,1412.0809173583984
0.073250003159046173,-0.0073250001296401024,0.0035026694531552494,1416.7132720947266
0.073499999940395355,-0.007350000087171793,0.0035159041872248054,1421.3439483642578
0.073749996721744537,-0.0073750000447034836,0.0035292026586830616,1425.9645080566406
0.074000000953674316,-0.0074000000022351742,0.003542559570632875,1430.5763092041016
0.074249997735023499,-0.0074249999597668648,0.0035559157258830965,1435.1882476806641
0.074500001966953278,-0.0074499999172985554,0.0035692712990567088,1439.80029296875
0.07474999874830246,-0.007474999874830246,0.0035826277453452349,1444.4122924804688
0.075000002980232239,-0.0074999998323619366,0.0035959851811639965,1449.0241088867188
0.075249999761581421,-0.0075249997898936272,0.0036093441303819418,1453.6356201171875
0.075499996542930603,-0.0075500002130866051,0.0036227048840373755,1458.2468414306641
0.075750000774860382,-0.0075750001706182957,0.0036360668018460274,1462.8578033447266
0.075999997556209564,-0.0076000001281499863,0.0036494295345619321,1467.4686431884766
0.076250001788139343,-0.0076250000856816769,0.0036627929657697678,1472.0792999267578
0.076499998569488525,-0.0076500000432133675,0.0036761567462235689,1476.6898498535156
0.076750002801418304,-0.0076750000007450581,0.0036895211087539792,1481.3002319335938
0.076999999582767487,-0.0076999999582767487,0.0037028862861916423,1485.9104766845703
0.077249996364116669,-0.0077249999158084393,0.00371625239495188,1490.5205688476562
0.077500000596046448,-0.0077499998733401299,0.0037296199006959796,1495.1305084228516
0.07774999737739563,-0.0077749998308718204,0.0037429878721013665,1499.7402496337891
0.078000001609325409,-0.007799999788403511,0.0037563573569059372,1504.3497467041016
0.078249998390674591,-0.007825000211596489,0.0037698851665481925,1508.9345245361328
0.07850000262260437,-0.0078499997034668922,0.0037834333488717675,1513.5160217285156
0.078749999403953552,-0.0078750001266598701,0.003797098295763135,1518.0789337158203
0.079000003635883331,-0.0078999996185302734,0.0038107923464849591,1522.6371154785156
0.079250000417232513,-0.0079250000417232513,0.0038244822062551975,1527.1956787109375
0.079499997198581696,-0.0079500004649162292,0.0038381648482754827,1531.7553558349609
0.079750001430511475,-0.0079749999567866325,0.0038518395740538836,1536.316162109375
0.079999998211860657,-0.0080000003799796104,0.0038655099924653769,1540.8775939941406
0.080250002443790436,-0.0080249998718500137,0.0038791800616309047,1545.4389801025391
0.080499999225139618,-0.0080500002950429916,0.0038928532740101218,1549.9998931884766
0.080750003457069397,-0.0080749997869133949,0.0039065293967723846,1554.5602722167969
0.081000000238418579,-0.0081000002101063728,0.0039202086627483368,1559.1201477050781
0.081249997019767761,-0.0081249997019767761,0.003933889209292829,1563.6798706054688
0.08150000125169754,-0.008150000125169754,0.0039475697558373213,1568.2395172119141
0.081749998033046722,-0.0081749996170401573,0.0039612496038898826,1572.7992401123047
0.082000002264976501,-0.0082000000402331352,0.0039749289862811565,1577.3589630126953
0.082249999046325684,-0.0082250004634261131,0.003988608717918396,1581.9186706542969
0.082500003278255463,-0.0082499999552965164,0.0040022882167249918,1586.478271484375
0.082750000059604645,-0.0082750003784894943,0.0040159686468541622,1591.0377502441406
0.082999996840953827,-0.0082999998703598976,0.0040296493098139763,1595.5970916748047
0.083250001072883606,-0.0083250002935528755,0.0040433304384350777,1600.1562652587891
0.083499997854232788,-0.0083499997854232788,0.0040570427663624287,1604.7104034423828
0.083750002086162567,-0.0083750002086162567,0.0040708902524784207,1609.2426147460938
0.083999998867511749,-0.00839999970048666,0.0040847536874935031,1613.7720336914062
0.084250003099441528,-0.0084250001236796379,0.0040986655512824655,1618.29345703125
0.08449999988079071,-0.0084499996155500412,0.0041126231662929058,1622.8076782226562
0.084749996662139893,-0.0084750000387430191,0.0041265815962105989,1627.3217163085938
0.085000000894069672,-0.008500000461935997,0.0041405399097129703,1631.8358306884766
0.085249997675418854,-0.0085249999538064003,0.0041544982232153416,1636.3500061035156
0.085500001907348633,-0.0085500003769993782,0.0041684568859636784,1640.8639678955078
0.085749998688697815,-0.0085749998688697815,0.0041824174113571644,1645.3776702880859
0.086000002920627594,-0.0086000002920627594,0.0041963801486417651,1649.8910369873047
0.086249999701976776,-0.0086249997839331627,0.0042103438172489405,1654.4039764404297
0.086499996483325958,-0.0086500002071261406,0.0042243098141625524,1658.9166717529297
0.086750000715255737,-0.0086749996989965439,0.0042382760439068079,1663.4290161132812
0.086999997496604919,-0.0087000001221895218,0.0042522442527115345,1667.9410705566406
0.087250001728534698,-0.0087249996140599251,0.0042662129271775484,1672.4529113769531
0.087499998509883881,-0.008750000037252903,0.0042801826493814588,1676.9644622802734
0.08775000274181366,-0.0087750004604458809,0.0042941541178151965,1681.4757690429688
0.087999999523162842,-0.0087999999523162842,0.0043081262847408652,1685.98681640625
0.088249996304512024,-0.0088250003755092621,0.0043221000814810395,1690.4975891113281
0.088500000536441803,-0.0088499998673796654,0.0043360749259591103,1695.0081481933594
0.088749997317790985,-0.0088750002905726433,0.0043500509345903993,1699.5184478759766
0.089000001549720764,-0.0088999997824430466,0.0043640609364956617,1704.0233154296875
0.089249998331069946,-0.0089250002056360245,0.0043782487045973539,1708.499267578125
0.089500002562999725,-0.0089499996975064278,0.0043925122590735555,1712.9629516601562
0.089749999344348907,-0.0089750001206994057,0.0044067831477150321,1717.4253234863281
0.090000003576278687,-0.008999999612569809,0.0044210478663444519,1721.8885803222656
0.090250000357627869,-0.0090250000357627869,0.0044353031553328037,1726.353271484375
0.090499997138977051,-0.0090500004589557648,0.0044495513429865241,1730.819091796875
0.09075000137090683,-0.0090749999508261681,0.0044637962710112333,1735.2853698730469
0.090999998152256012,-0.009100000374019146,0.004478042246773839,1739.7513580322266
0.091250002384185791,-0.0091249998658895493,0.0044922922970727086,1744.2166442871094
0.091499999165534973,-0.0091500002890825272,0.0045065461890771985,1748.6811676025391
0.091750003397464752,-0.0091749997809529305,0.0045208032242953777,1753.1450805664062
0.092000000178813934,-0.0092000002041459084,0.004535062238574028,1757.6086273193359
0.092249996960163116,-0.0092249996960163116,0.0045493220677599311,1762.0719299316406
0.092500001192092896,-0.0092500001192092896,0.0045635815476998687,1766.5351715087891
0.092749997973442078,-0.0092749996110796928,0.0045778414933010936,1770.9983215332031
0.093000002205371857,-0.0093000000342726707,0.0045921019045636058,1775.4612579345703
0.093249998986721039,-0.0093250004574656487,0.0046063628979027271,1779.9240264892578
0.093500003218650818,-0.0093499999493360519,0.0046206247061491013,1784.3865203857422
0.09375,-0.0093750003725290298,0.0046350056072697043,1788.8295135498047
0.093999996781349182,-0.0093999998643994331,0.0046494503039866686,1793.2619171142578
0.094250001013278961,-0.009425000287592411,0.004663956118747592,1797.6841583251953
0.094499997794628143,-0.0094499997794628143,0.0046784761361777782,1802.1040496826172
0.094750002026557922,-0.0094750002026557922,0.0046929941745474935,1806.5240936279297
0.094999998807907104,-0.0094999996945261955,0.0047075101174414158,1810.9444122314453
0.095250003039836884,-0.0095250001177191734,0.0047220259439200163,1815.3646850585938
0.095499999821186066,-0.0095499996095895767,0.0047365431673824787,1819.7846832275391
0.095749996602535248,-0.0095750000327825546,0.0047510627191513777,1824.2042236328125
0.096000000834465027,-0.0096000004559755325,0.0047655859962105751,1828.6230316162109
0.096249997615814209,-0.0096249999478459358,0.0047801125328987837,1833.0413055419922
0.096500001847743988,-0.0096500003710389137,0.0047946408158168197,1837.4590148925781
0.09674999862909317,-0.009674999862909317,0.0048091821372509003,1841.8747711181641
0.097000002861022949,-0.0097000002861022949,0.0048237253213301301,1846.2901458740234
0.097249999642372131,-0.0097249997779726982,0.0048382688546553254,1850.7054138183594
0.097499996423721313,-0.0097500002011656761,0.0048528122715651989,1855.1204833984375
0.097750000655651093,-0.0097749996930360794,0.0048673615092411637,1859.5346527099609
0.097999997437000275,-0.0098000001162290573,0.0048819180810824037,1863.9476928710938
0.098250001668930054,-0.0098249996080994606,0.0048964789602905512,1868.3600006103516
0.098499998450279236,-0.0098500000312924385,0.004911042982712388,1872.7718200683594
0.098750002682209015,-0.0098750004544854164,0.0049256692873314023,1877.1738128662109
0.098999999463558197,-0.0098999999463558197,0.0049403809243813157,1881.5618133544922
0.099250003695487976,-0.0099250003695487976,0.0049551876727491617,1885.9341583251953
0.099500000476837158,-0.0099499998614192009,0.0049700272502377629,1890.3008728027344
0.09974999725818634,-0.0099750002846121788,0.0049848832422867417,1894.6647491455078
0.10000000149011612,-0.0099999997764825821,0.0049997384194284678,1899.0285339355469
0.1002499982714653,-0.01002500019967556,0.0050145890563726425,1903.3929138183594
0.10050000250339508,-0.010049999691545963,0.0050294343382120132,1907.7581176757812
0.10074999928474426,-0.010075000114738941,0.0050442765932530165,1912.1236877441406
0.10100000351667404,-0.010099999606609344,0.0050591184990480542,1916.4890747070312
0.10125000029802322,-0.010125000029802322,0.0050739635480567813,1920.8539886474609
0.10149999707937241,-0.0101500004529953,0.0050888123223558068,1925.2180328369141
0.10175000131130219,-0.010174999944865704,0.0051036651711910963,1929.5814361572266
0.10199999809265137,-0.010200000368058681,0.0051185210468247533,1933.9442138671875
0.10225000232458115,-0.010224999859929085,0.005133378435857594,1938.3065490722656
0.10249999910593033,-0.010250000283122063,0.005148236989043653,1942.668701171875
0.10275000333786011,-0.010274999774992466,0.0051630963571369648,1947.0305938720703
0.10300000011920929,-0.010300000198185444,0.0051779556088149548,1951.3923492431641
0.10324999690055847,-0.010324999690055847,0.0051928465254604816,1955.748779296875
0.10350000113248825,-0.010350000113248825,0.0052078161388635635,1960.092041015625
0.10374999791383743,-0.010374999605119228,0.0052229303400963545,1964.4111633300781
0.10400000214576721,-0.010400000028312206,0.0052380462875589728,1968.7298126220703
0.10424999892711639,-0.010425000451505184,0.005253153620287776,1973.0497131347656
0.10450000315904617,-0.010449999943375587,0.0052682486129924655,1977.3714752197266
0.10474999994039536,-0.010475000366568565,0.0052833355730399489,1981.6944580078125
0.10499999672174454,-0.010499999858438969,0.0052984210196882486,1986.0175018310547
0.10525000095367432,-0.010525000281631947,0.0053135235793888569,1990.3376922607422
0.1054999977350235,-0.01054999977350235,0.0053286494221538305,1994.6542358398438
0.10575000196695328,-0.010575000196695328,0.0053437802707776427,1998.9697723388672
0.10599999874830246,-0.010599999688565731,0.0053589388262480497,2003.281005859375
0.10625000298023224,-0.010625000111758709,0.0053741169394925237,2007.5896301269531
0.10649999976158142,-0.010649999603629112,0.0053892940049991012,2011.8982696533203
0.1067499965429306,-0.01067500002682209,0.0054044697899371386,2016.2070922851562
0.10700000077486038,-0.010700000450015068,0.0054196458077058196,2020.5158233642578
0.10724999755620956,-0.010724999941885471,0.0054348232224583626,2024.8240509033203
0.10750000178813934,-0.010750000365078449,0.0054500035475939512,2029.1316375732422
0.10774999856948853,-0.010774999856948853,0.005465201917104423,2033.4361572265625
0.1080000028014183,-0.01080000028014183,0.0054804723476991057,2037.7291107177734
0.10824999958276749,-0.010824999772012234,0.0054958151886239648,2042.0105743408203
0.10849999636411667,-0.010850000195205212,0.0055111744441092014,2046.2892761230469
0.10875000059604645,-0.010874999687075615,0.0055265733972191811,2050.5614318847656
0.10899999737739563,-0.010900000110268593,0.0055420403368771076,2054.8220367431641
0.10925000160932541,-0.010924999602138996,0.0055575232254341245,2059.0796356201172
0.10949999839067459,-0.010950000025331974,0.0055730171734467149,2063.3353271484375
0.10975000262260437,-0.010975000448524952,0.0055885146139189601,2067.5902252197266
0.10999999940395355,-0.010999999940395355,0.0056040096096694469,2071.8451690673828
0.11025000363588333,-0.011025000363588333,0.0056194999488070607,2076.1008453369141
0.11050000041723251,-0.011049999855458736,0.0056349858641624451,2080.35693359375
0.1107499971985817,-0.011075000278651714,0.0056504708481952548,2084.6131896972656
0.11100000143051147,-0.011099999770522118,0.0056659575784578919,2088.8689880371094
0.11124999821186066,-0.011125000193715096,0.0056814478011801839,2093.1241302490234
0.11150000244379044,-0.011149999685585499,0.0056969422148540616,2097.3784790039062
0.11174999922513962,-0.011175000108778477,0.0057124396553263068,2101.6321411132812
0.1120000034570694,-0.01119999960064888,0.0057279391912743449,2105.8853912353516
0.11225000023841858,-0.011225000023841858,0.0057434722548350692,2110.1328735351562
0.11249999701976776,-0.011250000447034836,0.0057590476935729384,2114.3732604980469
0.11275000125169754,-0.011274999938905239,0.0057747004320845008,2118.600830078125
0.11299999803304672,-0.011300000362098217,0.0057904481654986739,2122.8126220703125
0.1132500022649765,-0.01132499985396862,0.0058062562020495534,2127.0144500732422
0.11349999904632568,-0.011350000277161598,0.0058220728533342481,2131.2149047851562
0.11375000327825546,-0.011374999769032001,0.0058378911344334483,2135.4149475097656
0.11400000005960464,-0.011400000192224979,0.0058537159347906709,2139.6140747070312
0.11424999684095383,-0.011424999684095383,0.0058695424813777208,2143.8128662109375
0.11450000107288361,-0.011450000107288361,0.0058853712398558855,2148.0112152099609
0.11474999785423279,-0.011474999599158764,0.0059012031415477395,2152.2090148925781
0.11500000208616257,-0.011500000022351742,0.0059170376043766737,2156.4060974121094
0.11524999886751175,-0.01152500044554472,0.0059328745119273663,2160.6026458740234
0.11550000309944153,-0.011549999937415123,0.0059487135149538517,2164.7987365722656
0.11574999988079071,-0.011575000360608101,0.0059645544970408082,2168.9942779541016
0.11599999666213989,-0.011599999852478504,0.0059803964104503393,2173.1893920898438
0.11625000089406967,-0.011625000275671482,0.0059962396044284105,2177.3841552734375
0.11649999767541885,-0.011649999767541885,0.0060120847774669528,2181.5784759521484
0.11675000190734863,-0.011675000190734863,0.0060279394965618849,2185.7709045410156
0.11699999868869781,-0.011699999682605267,0.0060438519576564431,2189.9535522460938
0.11725000292062759,-0.011725000105798244,0.0060598048148676753,2194.1293029785156
0.11749999970197678,-0.011749999597668648,0.0060757595347240567,2198.3046569824219
0.11774999648332596,-0.011775000020861626,0.0060917141381651163,2202.4797515869141
0.11800000071525574,-0.011800000444054604,0.006107700988650322,2206.6494293212891
0.11824999749660492,-0.011824999935925007,0.0061237526824697852,2210.8076477050781
0.1185000017285347,-0.011850000359117985,0.0061398227699100971,2214.9626617431641
0.11874999850988388,-0.011874999850988388,0.0061559355817735195,2219.1102447509766
0.11900000274181366,-0.011900000274181366,0.0061720452504232526,2223.2582244873047
0.11924999952316284,-0.011924999766051769,0.0061881564324721694,2227.4058685302734
0.11949999630451202,-0.011950000189244747,0.0062042714562267065,2231.5528411865234
0.1197500005364418,-0.01197499968111515,0.0062203886918723583,2235.6993408203125
0.11999999731779099,-0.012000000104308128,0.0062365193152800202,2239.8435821533203
0.12025000154972076,-0.012024999596178532,0.0062526771798729897,2243.9832458496094
0.12049999833106995,-0.01205000001937151,0.0062688632169738412,2248.1181182861328
0.12075000256299973,-0.012075000442564487,0.0062850606627762318,2252.2510070800781
0.12099999934434891,-0.012099999934434891,0.0063012865139171481,2256.3791198730469
0.12125000357627869,-0.012125000357627869,0.0063175549730658531,2260.4997406005859
0.12150000035762787,-0.012149999849498272,0.0063338542822748423,2264.6150054931641
0.12174999713897705,-0.01217500027269125,0.0063501603435724974,2268.7291107177734
0.12200000137090683,-0.012199999764561653,0.006366487592458725,2272.8394927978516
0.12224999815225601,-0.012225000187754631,0.0063828725833445787,2276.9395599365234
0.12250000238418579,-0.012249999679625034,0.0063992736395448446,2281.0366973876953
0.12274999916553497,-0.012275000102818012,0.0064156821463257074,2285.1324920654297
0.12300000339746475,-0.012299999594688416,0.0064320961246266961,2289.2274780273438
0.12325000017881393,-0.012325000017881393,0.0064485166221857071,2293.3210296630859
0.12349999696016312,-0.012350000441074371,0.006464937818236649,2297.4145355224609
0.1237500011920929,-0.012374999932944775,0.0064813578501343727,2301.5079650878906
0.12399999797344208,-0.012400000356137753,0.0064977796282619238,2305.6009368896484
0.12425000220537186,-0.012424999848008156,0.0065142047824338078,2309.6932678222656
0.12449999898672104,-0.012450000271201134,0.0065306335454806685,2313.7847137451172
0.12475000321865082,-0.012474999763071537,0.0065470656845718622,2317.8754730224609
0.125,-0.012500000186264515,0.0065635002683848143,2321.9654998779297
0.12524999678134918,-0.012524999678134918,0.006579937064088881,2326.0550537109375
0.12549999356269836,-0.012550000101327896,0.0065963985398411751,2330.1402740478516
0.12575000524520874,-0.012574999593198299,0.006612938828766346,2334.2119598388672
0.12600000202655792,-0.012600000016391277,0.006629519397392869,2338.2767639160156
0.1262499988079071,-0.012625000439584255,0.006646112771704793,2342.3393859863281
0.12649999558925629,-0.012649999931454659,0.0066627069609239697,2346.4017028808594
0.12675000727176666,-0.012675000354647636,0.006679300800897181,2350.4638977050781
0.12700000405311584,-0.01269999984651804,0.0066959324758499861,2354.5193786621094
0.12725000083446503,-0.012725000269711018,0.0067126213107258081,2358.5647888183594
0.12749999761581421,-0.012749999761581421,0.0067293228348717093,2362.6077728271484
0.12774999439716339,-0.012775000184774399,0.0067460450809448957,2366.6468963623047
0.12800000607967377,-0.012799999676644802,0.0067627928219735622,2370.6816253662109
0.12825000286102295,-0.01282500009983778,0.0067795653594657779,2374.712158203125
0.12849999964237213,-0.012849999591708183,0.0067963505862280726,2378.7405700683594
0.12874999642372131,-0.012875000014901161,0.0068131354637444019,2382.7687377929688
0.1289999932050705,-0.012900000438094139,0.0068299219710752368,2386.7967071533203
0.12925000488758087,-0.012924999929964542,0.0068467110395431519,2390.8240203857422
0.12950000166893005,-0.01295000035315752,0.0068635147763416171,2394.8488311767578
0.12974999845027924,-0.012974999845027924,0.0068803548347204924,2398.8670349121094
0.12999999523162842,-0.013000000268220901,0.0068972315639257431,2402.8787231445312
0.13025000691413879,-0.013024999760091305,0.006914114230312407,2406.88916015625
0.13050000369548798,-0.013050000183284283,0.0069310002727434039,2410.8988494873047
0.13075000047683716,-0.013074999675154686,0.0069479284575209022,2414.9008483886719
0.13099999725818634,-0.013100000098347664,0.0069648964563384652,2418.8956146240234
0.13124999403953552,-0.013124999590218067,0.0069818689953535795,2422.8894958496094
0.1315000057220459,-0.013150000013411045,0.0069988439790904522,2426.8827056884766
0.13175000250339508,-0.013175000436604023,0.007015820243395865,2430.8752746582031
0.13199999928474426,-0.013199999928474426,0.0070328080328181386,2434.8659057617188
0.13224999606609344,-0.013225000351667404,0.0070497980341315269,2438.8559875488281
0.13249999284744263,-0.013249999843537807,0.0070667890831828117,2442.8456420898438
0.132750004529953,-0.013275000266730785,0.0070837837411090732,2446.8344421386719
0.13300000131130219,-0.013299999758601189,0.0071008013328537345,2450.8192443847656
0.13324999809265137,-0.013325000181794167,0.0071178228827193379,2454.8032531738281
0.13349999487400055,-0.01334999967366457,0.0071348645724356174,2458.783447265625
0.13375000655651093,-0.013375000096857548,0.0071519097546115518,2462.7630920410156
0.13400000333786011,-0.013399999588727951,0.0071689893957227468,2466.7364807128906
0.13425000011920929,-0.013425000011920929,0.0071861059404909611,2470.7033386230469
0.13449999690055847,-0.013450000435113907,0.0072032654425129294,2474.6625671386719
0.13474999368190765,-0.01347499992698431,0.0072204279713332653,2478.6211853027344
0.13500000536441803,-0.013500000350177288,0.0072375886375084519,2482.579833984375
0.13525000214576721,-0.013524999842047691,0.0072547490708529949,2486.5383911132812
0.13549999892711639,-0.013550000265240669,0.0072719400050118566,2490.4913940429688
0.13574999570846558,-0.013574999757111073,0.0072891972959041595,2494.4326171875
0.13600000739097595,-0.01360000018030405,0.0073064916068688035,2498.3672485351562
0.13625000417232513,-0.013624999672174454,0.0073238239856436849,2502.2951354980469
0.13650000095367432,-0.013650000095367432,0.0073411528719589114,2506.2234497070312
0.1367499977350235,-0.013674999587237835,0.0073584747733548284,2510.1526794433594
0.13699999451637268,-0.013700000010430813,0.0073757919017225504,2514.0827026367188
0.13725000619888306,-0.013725000433623791,0.007393107982352376,2518.0126342773438
0.13750000298023224,-0.013749999925494194,0.0074104287195950747,2521.9418029785156
0.13774999976158142,-0.013775000348687172,0.0074277567910030484,2525.8695068359375
0.1379999965429306,-0.013799999840557575,0.0074451357359066606,2529.7881164550781
0.13824999332427979,-0.013825000263750553,0.0074625469278544188,2533.7008972167969
0.13850000500679016,-0.013849999755620956,0.0074799743015319109,2537.610595703125
0.13875000178813934,-0.013875000178813934,0.0074974516173824668,2541.5111389160156
0.13899999856948853,-0.013899999670684338,0.0075149671174585819,2545.4043579101562
0.13924999535083771,-0.013925000093877316,0.0075325046200305223,2549.2937927246094
0.13950000703334808,-0.013949999585747719,0.0075500482926145196,2553.18212890625
0.13975000381469727,-0.013975000008940697,0.0075675932457670569,2557.0701293945312
0.14000000059604645,-0.014000000432133675,0.0075851568253710866,2560.9550476074219
0.14024999737739563,-0.014024999924004078,0.0076027339091524482,2564.8377685546875
0.14049999415874481,-0.014050000347197056,0.0076203300850465894,2568.7169494628906
0.14075000584125519,-0.014074999839067459,0.0076379288220778108,2572.5954895019531
0.14100000262260437,-0.014100000262260437,0.0076555304694920778,2576.4732666015625
0.14124999940395355,-0.01412499975413084,0.0076731650624424219,2580.3451843261719
0.14149999618530273,-0.014150000177323818,0.0076908400515094399,2584.2104797363281
0.14174999296665192,-0.014174999669194221,0.0077085740631446242,2588.0658569335938
0.14200000464916229,-0.014200000092387199,0.0077263240236788988,2591.9185180664062
0.14225000143051147,-0.014224999584257603,0.0077440683962777257,2595.7718505859375
0.14249999821186066,-0.014250000007450581,0.007761799031868577,2599.6270751953125
0.14274999499320984,-0.014275000430643559,0.007779542007483542,2603.4798583984375
0.14300000667572021,-0.014299999922513962,0.007797294994816184,2607.3307800292969
0.1432500034570694,-0.01432500034570694,0.0078151443740352988,2611.1646728515625
0.14350000023841858,-0.014349999837577343,0.0078330428805202246,2614.9898986816406
0.14374999701976776,-0.014375000260770321,0.0078510007588192821,2618.804443359375
0.14399999380111694,-0.014399999752640724,0.0078689624788239598,2622.6182861328125
0.14425000548362732,-0.014425000175833702,0.0078869282733649015,2626.4311218261719
0.1445000022649765,-0.014449999667704105,0.0079049109481275082,2630.2412719726562
0.14474999904632568,-0.014475000090897083,0.0079228971153497696,2634.0505981445312
0.14499999582767487,-0.014499999582767487,0.0079408887540921569,2637.85888671875
0.14524999260902405,-0.014525000005960464,0.0079588873777538538,2641.666015625
0.14550000429153442,-0.014550000429153442,0.0079769277945160866,2645.4656372070312
0.14575000107288361,-0.014574999921023846,0.0079949701903387904,2649.2650146484375
0.14599999785423279,-0.014600000344216824,0.0080130116548389196,2653.0642395019531
0.14624999463558197,-0.014624999836087227,0.0080310574267059565,2656.8626403808594
0.14650000631809235,-0.014650000259280205,0.0080491849221289158,2660.646240234375
0.14675000309944153,-0.014674999751150608,0.008067381801083684,2664.4176635742188
0.14699999988079071,-0.014700000174343586,0.008085590205155313,2668.1868591308594
0.14724999666213989,-0.014724999666213989,0.0081038047792389989,2671.9549255371094
0.14749999344348907,-0.014750000089406967,0.0081220618449151516,2675.715087890625
0.14775000512599945,-0.01477499958127737,0.0081403267104178667,2679.4739074707031
0.14800000190734863,-0.014800000004470348,0.0081586237065494061,2683.2268371582031
0.14824999868869781,-0.014825000427663326,0.0081769359530881047,2686.9771423339844
0.148499995470047,-0.01484999991953373,0.008195249829441309,2690.726806640625
0.14875000715255737,-0.014875000342726707,0.0082135662669315934,2694.47607421875
0.14900000393390656,-0.014899999834597111,0.0082318851491436362,2698.224853515625
0.14925000071525574,-0.014925000257790089,0.0082502162549644709,2701.9710083007812
0.14949999749660492,-0.014949999749660492,0.0082685638917610049,2705.7139587402344
0.1497499942779541,-0.01497500017285347,0.0082869192119687796,2709.4555358886719
0.15000000596046448,-0.014999999664723873,0.008305281400680542,2713.1956481933594
0.15025000274181366,-0.015025000087916851,0.0083236499922350049,2716.9345092773438
0.15049999952316284,-0.015049999579787254,0.0083420546725392342,2720.6669311523438
0.15074999630451202,-0.015075000002980232,0.0083605227991938591,2724.3878784179688
0.15099999308586121,-0.01510000042617321,0.0083790603093802929,2728.0965270996094
0.15125000476837158,-0.015124999918043613,0.0083976557943969965,2731.7944946289062
0.15150000154972076,-0.015150000341236591,0.008416261407546699,2735.4905090332031
0.15174999833106995,-0.015174999833106995,0.0084348905365914106,2739.1822204589844
0.15199999511241913,-0.015200000256299973,0.0084535543574020267,2742.8672180175781
0.1522500067949295,-0.015224999748170376,0.0084722202736884356,2746.5516357421875
0.15250000357627869,-0.015250000171363354,0.0084909104043617845,2750.2316284179688
0.15275000035762787,-0.015274999663233757,0.0085096132243052125,2753.9091796875
0.15299999713897705,-0.015300000086426735,0.0085283208172768354,2757.5858764648438
0.15324999392032623,-0.015324999578297138,0.0085470344638451934,2761.2610778808594
0.15350000560283661,-0.015350000001490116,0.0085657783783972263,2764.93115234375
0.15375000238418579,-0.015375000424683094,0.0085845234571024776,2768.600830078125
0.15399999916553497,-0.015399999916553497,0.0086032674880698323,2772.2704467773438
0.15424999594688416,-0.015425000339746475,0.0086220115190371871,2775.9398498535156
0.15449999272823334,-0.015449999831616879,0.0086407593917101622,2779.6083679199219
0.15475000441074371,-0.015475000254809856,0.0086595523171126842,2783.2684326171875
0.1550000011920929,-0.01549999974668026,0.0086783607257530093,2786.9254760742188
0.15524999797344208,-0.015525000169873238,0.0086972317658364773,2790.57080078125
0.15549999475479126,-0.015549999661743641,0.0087161626433953643,2794.2057189941406
0.15575000643730164,-0.015575000084936619,0.0087351046968251467,2797.83837890625
0.15600000321865082,-0.015599999576807022,0.0087540544336661696,2801.4696044921875
0.15625,-0.015625,0.008773036883212626,2805.0946044921875
0.15649999678134918,-0.015650000423192978,0.008792031672783196,2808.7174377441406
0.15674999356269836,-0.015675000846385956,0.0088110512588173151,2812.3357849121094
0.15700000524520874,-0.015699999406933784,0.0088300748029723763,2815.9530639648438
0.15725000202655792,-0.015724999830126762,0.0088491040514782071,2819.5691833496094
0.1574999988079071,-0.01575000025331974,0.0088681370252743363,2823.1842651367188
0.15774999558925629,-0.015775000676512718,0.0088871922343969345,2826.7951049804688
0.15800000727176666,-0.015799999237060547,0.0089062519837170839,2830.4049682617188
0.15825000405311584,-0.015824999660253525,0.0089253141777589917,2834.0140991210938
0.15850000083446503,-0.015850000083446503,0.0089443799806758761,2837.6223754882812
0.15874999761581421,-0.015875000506639481,0.0089634704636409879,2841.2258605957031
0.15899999439716339,-0.015900000929832458,0.0089826215989887714,2844.8182678222656
0.15925000607967377,-0.015924999490380287,0.0090018160408362746,2848.4027709960938
0.15950000286102295,-0.015949999913573265,0.0090210442431271076,2851.9809875488281
0.15974999964237213,-0.015975000336766243,0.0090403088834136724,2855.5525817871094
0.15999999642372131,-0.016000000759959221,0.009059587842784822,2859.1212768554688
0.1602499932050705,-0.01602499932050705,0.0090788692468777299,2862.6893310546875
0.16050000488758087,-0.016049999743700027,0.009098152513615787,2866.2566223144531
0.16075000166893005,-0.016075000166893005,0.0091174432309344411,2869.8226318359375
0.16099999845027924,-0.016100000590085983,0.0091367760905995965,2873.3805541992188
0.16124999523162842,-0.016124999150633812,0.009156158659607172,2876.929443359375
0.16150000691413879,-0.01614999957382679,0.0091755447210744023,2880.4774169921875
0.16175000369548798,-0.016174999997019768,0.0091949319466948509,2884.0247497558594
0.16200000047683716,-0.016200000420212746,0.0092143234796822071,2887.5713806152344
0.16224999725818634,-0.016225000843405724,0.0092337243258953094,2891.1158752441406
0.16249999403953552,-0.016249999403953552,0.0092531318077817559,2894.6591186523438
0.1627500057220459,-0.01627499982714653,0.0092725831782445312,2898.1945495605469
0.16300000250339508,-0.016300000250339508,0.0092920456081628799,2901.7278747558594
0.16324999928474426,-0.016325000673532486,0.0093115826603025198,2905.2477416992188
0.16349999606609344,-0.016349999234080315,0.0093311371747404337,2908.76416015625
0.16374999284744263,-0.016374999657273293,0.009350710897706449,2912.2768859863281
0.164000004529953,-0.01640000008046627,0.0093703328166157007,2915.7804260253906
0.16425000131130219,-0.016425000503659248,0.0093899751082062721,2919.280029296875
0.16449999809265137,-0.016450000926852226,0.009409617749042809,2922.7791442871094
0.16474999487400055,-0.016474999487400055,0.0094292626017704606,2926.2777709960938
0.16500000655651093,-0.016499999910593033,0.0094489088514819741,2929.7758483886719
0.16525000333786011,-0.016525000333786011,0.0094685588264837861,2933.2729187011719
0.16550000011920929,-0.016550000756978989,0.0094882457051426172,2936.7631225585938
0.16574999690055847,-0.016574999317526817,0.0095079452730715275,2940.2507019042969
0.16599999368190765,-0.016599999740719795,0.0095276900101453066,2943.7300415039062
0.16625000536441803,-0.016625000163912773,0.00954744394402951,2947.2076721191406
0.16650000214576721,-0.016650000587105751,0.0095671969465911388,2950.68505859375
0.16674999892711639,-0.01667499914765358,0.0095869606593623757,2954.1607360839844
0.16699999570846558,-0.016699999570846558,0.0096067535923793912,2957.6312866210938
0.16725000739097595,-0.016724999994039536,0.0096265781903639436,2961.0964965820312
0.16750000417232513,-0.016750000417232513,0.0096464084926992655,2964.5603942871094
0.16775000095367432,-0.016775000840425491,0.0096662698779255152,2968.0182800292969
0.1679999977350235,-0.01679999940097332,0.0096861645579338074,2971.4696655273438
0.16824999451637268,-0.016824999824166298,0.0097061039414256811,2974.9124755859375
0.16850000619888306,-0.016850000247359276,0.0097260646289214492,2978.3509521484375
0.16875000298023224,-0.016875000670552254,0.0097460628021508455,2981.7823791503906
0.16899999976158142,-0.016899999231100082,0.0097660636529326439,2985.212890625
0.1692499965429306,-0.01692499965429306,0.0097860684618353844,2988.6426391601562
0.16949999332427979,-0.016950000077486038,0.0098061248427256942,2992.0629577636719
0.16975000500679016,-0.016975000500679016,0.009826233028434217,2995.4744567871094
0.17000000178813934,-0.017000000923871994,0.0098463641479611397,2998.8821105957031
0.17024999856948853,-0.017024999484419823,0.0098665471887215972,3002.2804565429688
0.17049999535083771,-0.017049999907612801,0.0098867358174175024,3005.6775512695312
0.17075000703334808,-0.017075000330805779,0.0099069309653714299,3009.0730895996094
0.17100000381469727,-0.017100000753998756,0.009927143226377666,3012.4651184082031
0.17125000059604645,-0.017124999314546585,0.0099473667796701193,3015.8543701171875
0.17149999737739563,-0.017149999737739563,0.0099675939418375492,3019.2427978515625
0.17174999415874481,-0.017175000160932541,0.0099878227338194847,3022.6305236816406
0.17200000584125519,-0.017200000584125519,0.010008055367507041,3026.0175476074219
0.17225000262260437,-0.017224999144673347,0.010028290911577642,3029.4036254882812
0.17249999940395355,-0.017249999567866325,0.010048531461507082,3032.7887878417969
0.17274999618530273,-0.017274999991059303,0.010068808915093541,3036.1668395996094
0.17299999296665192,-0.017300000414252281,0.010089137591421604,3039.5352172851562
0.17325000464916229,-0.017325000837445259,0.010109515627846122,3042.8948364257812
0.17350000143051147,-0.017349999397993088,0.01012994151096791,3046.2457275390625
0.17374999821186066,-0.017374999821186066,0.010150388348847628,3049.5924377441406
0.17399999499320984,-0.017400000244379044,0.01017085590865463,3052.9351196289062
0.17425000667572021,-0.017425000667572021,0.010191329405643046,3056.2765502929688
0.1745000034570694,-0.01744999922811985,0.010211805580183864,3059.6170959472656
0.17475000023841858,-0.017474999651312828,0.010232285130769014,3062.9567260742188
0.17499999701976776,-0.017500000074505806,0.010252791456878185,3066.2908325195312
0.17524999380111694,-0.017525000497698784,0.010273314663209021,3069.6217041015625
0.17550000548362732,-0.017550000920891762,0.010293846135027707,3072.9507446289062
0.1757500022649765,-0.01757499948143959,0.010314386221580207,3076.2782592773438
0.17599999904632568,-0.017599999904632568,0.010334933875128627,3079.6038818359375
0.17624999582767487,-0.017625000327825546,0.0103555244859308,3082.9214172363281
0.17649999260902405,-0.017650000751018524,0.010376141173765063,3086.2337951660156
0.17675000429153442,-0.017674999311566353,0.010396785917691886,3089.5410461425781
0.17700000107288361,-0.017699999734759331,0.010417470126412809,3092.840576171875
0.17724999785423279,-0.017725000157952309,0.01043817272875458,3096.1364440917969
0.17749999463558197,-0.017750000581145287,0.010458923643454909,3099.423095703125
0.17775000631809235,-0.017774999141693115,0.010479702497832477,3102.7044677734375
0.17800000309944153,-0.017799999564886093,0.010500532574951649,3105.9765625
0.17824999988079071,-0.017824999988079071,0.010521406540647149,3109.2406005859375
0.17849999666213989,-0.017850000411272049,0.010542285977862775,3112.50341796875
0.17874999344348907,-0.017875000834465027,0.01056317426264286,3115.7646484375
0.17900000512599945,-0.017899999395012856,0.010584069532342255,3119.0245971679688
0.17925000190734863,-0.017924999818205833,0.010604972369037569,3122.2831115722656
0.17949999868869781,-0.017950000241398811,0.010625877883285284,3125.5409240722656
0.179749995470047,-0.017975000664591789,0.010646787355653942,3128.797607421875
0.18000000715255737,-0.017999999225139618,0.010667726979590952,3132.0486755371094
0.18025000393390656,-0.018024999648332596,0.010688693379051983,3135.2951049804688
0.18050000071525574,-0.018050000071525574,0.010709663154557347,3138.5407104492188
0.18074999749660492,-0.018075000494718552,0.010730638285167515,3141.78515625
0.1809999942779541,-0.01810000091791153,0.01075165078509599,3145.0226745605469
0.18125000596046448,-0.018124999478459358,0.010772686684504151,3148.2558898925781
0.18150000274181366,-0.018149999901652336,0.010793747846037149,3151.4840698242188
0.18174999952316284,-0.018175000324845314,0.010814817622303963,3154.7105712890625
0.18199999630451202,-0.018200000748038292,0.010835913009941578,3157.932373046875
0.18224999308586121,-0.018224999308586121,0.010857040761038661,3161.1482238769531
0.18250000476837158,-0.018249999731779099,0.010878205997869372,3164.3566589355469
0.18275000154972076,-0.018275000154972076,0.010899422224611044,3167.5555114746094
0.18299999833106995,-0.018300000578165054,0.010920662898570299,3170.7494201660156
0.18324999511241913,-0.018324999138712883,0.010941910790279508,3173.9418029785156
0.1835000067949295,-0.018349999561905861,0.010963184991851449,3177.1290588378906
0.18375000357627869,-0.018374999985098839,0.010984482243657112,3180.3118896484375
0.18400000035762787,-0.018400000408291817,0.011005825828760862,3183.4864196777344
0.18424999713897705,-0.018425000831484795,0.011027182103134692,3186.6582641601562
0.18449999392032623,-0.018449999392032623,0.011048543034121394,3189.8290100097656
0.18475000560283661,-0.018474999815225601,0.011069909203797579,3192.998779296875
0.18500000238418579,-0.018500000238418579,0.011091278633102775,3196.1677856445312
0.18524999916553497,-0.018525000661611557,0.01111266459338367,3199.3334350585938
0.18549999594688416,-0.018549999222159386,0.011134136701002717,3202.4830932617188
0.18574999272823334,-0.018574999645352364,0.011155672720633447,3205.62109375
0.18600000441074371,-0.018600000068545341,0.011177218868397176,3208.7568664550781
0.1862500011920929,-0.018625000491738319,0.01119880739133805,3211.8841552734375
0.18649999797344208,-0.018650000914931297,0.011220397427678108,3215.0110168457031
0.18674999475479126,-0.018674999475479126,0.011241985484957695,3218.1377563476562
0.18700000643730164,-0.018699999898672104,0.011263571679592133,3221.2646179199219
0.18725000321865082,-0.018725000321865082,0.011285160202533007,3224.3905639648438
0.1875,-0.01875000074505806,0.011306785861961544,3227.5096130371094
0.18774999678134918,-0.018774999305605888,0.011328416527248919,3230.6275329589844
0.18799999356269836,-0.018799999728798866,0.011350052198395133,3233.7440795898438
0.18825000524520874,-0.018825000151991844,0.011371694738045335,3236.8595275878906
0.18850000202655792,-0.018850000575184822,0.011393354507163167,3239.9713745117188
0.1887499988079071,-0.018874999135732651,0.011415036045946181,3243.0789489746094
0.18899999558925629,-0.018899999558925629,0.011436721310019493,3246.1856994628906
0.18925000727176666,-0.018924999982118607,0.011458433233201504,3249.2868957519531
0.18950000405311584,-0.018950000405311584,0.011480164946988225,3252.3842163085938
0.18975000083446503,-0.018975000828504562,0.011501922970637679,3255.4764099121094
0.18999999761581421,-0.018999999389052391,0.01152369100600481,3258.5665893554688
0.19024999439716339,-0.019024999812245369,0.0115454844199121,3261.6520385742188
0.19050000607967377,-0.019050000235438347,0.011567310430109501,3264.7315368652344
0.19075000286102295,-0.019075000658631325,0.011589180096052587,3267.802734375
0.19099999964237213,-0.019099999219179153,0.011611096793785691,3270.8651123046875
0.19124999642372131,-0.019124999642372131,0.011633050511591136,3273.9202270507812
0.1914999932050705,-0.019150000065565109,0.011655037524178624,3276.9688110351562
0.19175000488758087,-0.019175000488758087,0.01167702057864517,3280.0177612304688
0.19200000166893005,-0.019200000911951065,0.011699015973135829,3283.0638122558594
0.19224999845027924,-0.019224999472498894,0.011721019865944982,3286.1080932617188
0.19249999523162842,-0.019249999895691872,0.011743055772967637,3289.1465148925781
0.19275000691413879,-0.01927500031888485,0.011765117291361094,3292.1797485351562
0.19300000369548798,-0.019300000742077827,0.011787202092818916,3295.2085876464844
0.19325000047683716,-0.019324999302625656,0.011809358722530305,3298.2233581542969
0.19349999725818634,-0.019349999725818634,0.011831543524749577,3301.2325439453125
0.19374999403953552,-0.019375000149011612,0.011853732052259147,3304.2410278320312
0.1940000057220459,-0.01940000057220459,0.011875930591486394,3307.2471923828125
0.19425000250339508,-0.019424999132752419,0.011898169526830316,3310.2459106445312
0.19449999928474426,-0.019449999555945396,0.011920417076908052,3313.2425537109375
0.19474999606609344,-0.019474999979138374,0.011942688375711441,3316.2347717285156
0.19499999284744263,-0.019500000402331352,0.011964981444180012,3319.2225036621094
0.195250004529953,-0.01952500082552433,0.011987278354354203,3322.2095031738281
0.19550000131130219,-0.019549999386072159,0.012009577476419508,3325.1957702636719
0.19574999809265137,-0.019574999809265137,0.012031873920932412,3328.1821899414062
0.19599999487400055,-0.019600000232458115,0.012054177117533982,3331.1669311523438
0.19625000655651093,-0.019625000655651093,0.012076513958163559,3334.1453247070312
0.19650000333786011,-0.019649999216198921,0.012098881066776812,3337.1182250976562
0.19675000011920929,-0.019674999639391899,0.012121251435019076,3340.0902404785156
0.19699999690055847,-0.019700000062584877,0.01214362564496696,3343.0614013671875
0.19724999368190765,-0.019725000485777855,0.012166004395112395,3346.0315856933594
0.19750000536441803,-0.019750000908970833,0.012188397464342415,3348.998779296875
0.19775000214576721,-0.019774999469518661,0.012210813816636801,3351.9616394042969
0.19799999892711639,-0.019799999892711639,0.012233277433551848,3354.91552734375
0.19824999570846558,-0.019825000315904617,0.012255782494321465,3357.8616027832031
0.19850000739097595,-0.019850000739097595,0.012278307345695794,3360.8035583496094
0.19875000417232513,-0.019874999299645424,0.012300852686166763,3363.7416076660156
0.19900000095367432,-0.019899999722838402,0.012323411996476352,3366.676513671875
0.1992499977350235,-0.01992500014603138,0.012346018804237247,3369.6019592285156
0.19949999451637268,-0.019950000569224358,0.0123686408624053,3372.5246276855469
0.19975000619888306,-0.019974999129772186,0.012391269556246698,3375.4458618164062
0.20000000298023224,-0.019999999552965164,0.01241390616632998,3378.3655395507812
0.20024999976158142,-0.020024999976158142,0.012436562334187329,3381.28173828125
0.2004999965429306,-0.02005000039935112,0.012459248537197709,3384.1924438476562
0.20074999332427979,-0.020075000822544098,0.01248199469409883,3387.0917663574219
0.20100000500679016,-0.020099999383091927,0.012504801969043911,3389.9790954589844
0.20125000178813934,-0.020124999806284904,0.012527637067250907,3392.8606872558594
0.20149999856948853,-0.020150000229477882,0.012550488812848926,3395.7386779785156
0.20174999535083771,-0.02017500065267086,0.012573342770338058,3398.6161193847656
0.20200000703334808,-0.020199999213218689,0.012596199288964272,3401.4926147460938
0.20225000381469727,-0.020224999636411667,0.012619080138392746,3404.3643493652344
0.20250000059604645,-0.020250000059604645,0.012641984620131552,3407.2316589355469
0.20274999737739563,-0.020275000482797623,0.012664968613535166,3410.0840759277344
0.20299999415874481,-0.020300000905990601,0.01268795772921294,3412.9351196289062
0.20325000584125519,-0.020324999466538429,0.012710967217572033,3415.7823486328125
0.20350000262260437,-0.020349999889731407,0.012733988114632666,3418.6268920898438
0.20374999940395355,-0.020375000312924385,0.012757018324919045,3421.4696350097656
0.20399999618530273,-0.020400000736117363,0.012780058430507779,3424.3105773925781
0.20424999296665192,-0.020424999296665192,0.01280310086440295,3427.1507263183594
0.20450000464916229,-0.02044999971985817,0.012826147605665028,3429.9900512695312
0.20475000143051147,-0.020475000143051147,0.01284921052865684,3432.8258666992188
0.20499999821186066,-0.020500000566244125,0.012872296036221087,3435.6573486328125
0.20524999499320984,-0.020524999126791954,0.012895392836071551,3438.4862365722656
0.20550000667572021,-0.020549999549984932,0.012918533408083022,3441.3064575195312
0.2057500034570694,-0.02057499997317791,0.012941682361997664,3444.1246643066406
0.20600000023841858,-0.020600000396370888,0.012964855064637959,3446.9380493164062
0.20624999701976776,-0.020625000819563866,0.01298803836107254,3449.7491760253906
0.20649999380111694,-0.020649999380111694,0.01301128719933331,3452.5476684570312
0.20675000548362732,-0.020674999803304672,0.013034583535045385,3455.3369445800781
0.2070000022649765,-0.02070000022649765,0.013057901291176677,3458.1218872070312
0.20724999904632568,-0.020725000649690628,0.013081225799396634,3460.9052429199219
0.20749999582767487,-0.020749999210238457,0.01310455403290689,3463.6878967285156
0.20774999260902405,-0.020774999633431435,0.013127886224538088,3466.4695129394531
0.20800000429153442,-0.020800000056624413,0.01315122377127409,3469.2498168945312
0.20825000107288361,-0.02082500047981739,0.013174583669751883,3472.0257263183594
0.20849999785423279,-0.020850000903010368,0.013197948923334479,3474.8004760742188
0.20874999463558197,-0.020874999463558197,0.013221320929005742,3477.5736389160156
0.20900000631809235,-0.020899999886751175,0.013244738103821874,3480.3381958007812
0.20925000309944153,-0.020925000309944153,0.013268239330500364,3483.0867004394531
0.20949999988079071,-0.020950000733137131,0.013291807845234871,3485.8219299316406
0.20974999666213989,-0.020974999293684959,0.013315426418557763,3488.5474548339844
0.20999999344348907,-0.020999999716877937,0.013339085970073938,3491.2648010253906
0.21025000512599945,-0.021025000140070915,0.013362760888412595,3493.9789733886719
0.21050000190734863,-0.021050000563263893,0.013386492850258946,3496.6821594238281
0.21074999868869781,-0.021074999123811722,0.013410246931016445,3499.3812255859375
0.210999995470047,-0.0210999995470047,0.013434005668386817,3502.0791320800781
0.21125000715255737,-0.021124999970197678,0.013457769760861993,3504.7757873535156
0.21150000393390656,-0.021150000393390656,0.013481539208441973,3507.4713134765625
0.21175000071525574,-0.021175000816583633,0.013505317270755768,3510.1650085449219
0.21199999749660492,-0.021199999377131462,0.013529150281101465,3512.84765625
0.2122499942779541,-0.02122499980032444,0.013552994700148702,3515.5278930664062
0.21250000596046448,-0.021250000223517418,0.013576850295066833,3518.2056579589844
0.21275000274181366,-0.021275000646710396,0.013600716833025217,3520.8808288574219
0.21299999952316284,-0.021299999207258224,0.013624594546854496,3523.5537109375
0.21324999630451202,-0.021324999630451202,0.013648482505232096,3526.2240905761719
0.21349999308586121,-0.02135000005364418,0.013672435423359275,3528.8818664550781
0.21375000476837158,-0.021375000476837158,0.013696448877453804,3531.5276489257812
0.21400000154972076,-0.021400000900030136,0.013720475370064378,3534.1708679199219
0.21424999833106995,-0.021424999460577965,0.013744514435529709,3536.811767578125
0.21449999511241913,-0.021449999883770943,0.013768564909696579,3539.4500732421875
0.2147500067949295,-0.021475000306963921,0.013792626559734344,3542.0859375
0.21500000357627869,-0.021500000730156898,0.013816746650263667,3544.7110290527344
0.21525000035762787,-0.021524999290704727,0.013840897241607308,3547.329833984375
0.21549999713897705,-0.021549999713897705,0.013865082059055567,3549.94189453125
0.21574999392032623,-0.021575000137090683,0.013889314373955131,3552.5450439453125
0.21600000560283661,-0.021600000560283661,0.013913552975282073,3555.1465148925781
0.21625000238418579,-0.02162499912083149,0.013937812997028232,3557.743408203125
0.21649999916553497,-0.021649999544024467,0.013962076744064689,3560.3392639160156
0.21674999594688416,-0.021674999967217445,0.013986348174512386,3562.9337768554688
0.21699999272823334,-0.021700000390410423,0.014010661980137229,3565.5199890136719
0.21725000441074371,-0.021725000813603401,0.01403500372543931,3568.1007690429688
0.2175000011920929,-0.02174999937415123,0.014059355948120356,3570.6790466308594
0.21774999797344208,-0.021774999797344208,0.014083753805607557,3573.2487487792969
0.21799999475479126,-0.021800000220537186,0.014108185889199376,3575.8113708496094
0.21825000643730164,-0.021825000643730164,0.014132671989500523,3578.3638610839844
0.21850000321865082,-0.021849999204277992,0.014157258905470371,3580.8966674804688
0.21875,-0.02187499962747097,0.014181896112859249,3583.41943359375
0.21899999678134918,-0.021900000050663948,0.014206587569788098,3585.9319763183594
0.21924999356269836,-0.021925000473856926,0.014231302542611957,3588.439453125
0.21950000524520874,-0.021950000897049904,0.014256023801863194,3590.9458312988281
0.21975000202655792,-0.021974999457597733,0.014280746225267649,3593.4518737792969
0.2199999988079071,-0.02199999988079071,0.014305472606793046,3595.9570922851562
0.22024999558925629,-0.022025000303983688,0.014330222504213452,3598.4579772949219
0.22050000727176666,-0.022050000727176666,0.014355018269270658,3600.9498901367188
0.22075000405311584,-0.022074999287724495,0.014379826607182622,3603.4393005371094
0.22100000083446503,-0.022099999710917473,0.014404647285118699,3605.9261779785156
0.22124999761581421,-0.022125000134110451,0.014429478440433741,3608.4104309082031
0.22149999439716339,-0.022150000557303429,0.014454338932409883,3610.8887023925781
0.22175000607967377,-0.022174999117851257,0.014479234116151929,3613.3591918945312
0.22200000286102295,-0.022199999541044235,0.014504137448966503,3615.8279418945312
0.22224999964237213,-0.022224999964237213,0.014529085485264659,3618.2880249023438
0.22249999642372131,-0.022250000387430191,0.014554054709151387,3620.7432861328125
0.2227499932050705,-0.022275000810623169,0.014579062582924962,3623.1914978027344
0.22300000488758087,-0.022299999371170998,0.014604098862037063,3625.6336059570312
0.22325000166893005,-0.022324999794363976,0.014629151672124863,3628.0724487304688
0.22349999845027924,-0.022350000217556953,0.01465423172339797,3630.5061645507812
0.22374999523162842,-0.022375000640749931,0.014679357642307878,3632.9307556152344
0.22400000691413879,-0.02239999920129776,0.014704493805766106,3635.3531799316406
0.22425000369548798,-0.022424999624490738,0.014729670947417617,3637.767333984375
0.22450000047683716,-0.022450000047683716,0.014754875795915723,3640.176025390625
0.22474999725818634,-0.022475000470876694,0.014780093217268586,3642.5822448730469
0.22499999403953552,-0.022500000894069672,0.01480532088316977,3644.9861755371094
0.2252500057220459,-0.0225249994546175,0.014830580679699779,3647.3834533691406
0.22550000250339508,-0.022549999877810478,0.014855861663818359,3649.7766723632812
0.22574999928474426,-0.022575000301003456,0.01488116686232388,3652.1648559570312
0.22599999606609344,-0.022600000724196434,0.014906524214893579,3654.543212890625
0.22624999284744263,-0.022624999284744263,0.014931912533938885,3656.9151611328125
0.226500004529953,-0.022649999707937241,0.014957367442548275,3659.2743835449219
0.22675000131130219,-0.022675000131130219,0.014982903376221657,3661.617919921875
0.22699999809265137,-0.022700000554323196,0.015008480288088322,3663.9534301757812
0.22724999487400055,-0.022724999114871025,0.015034071868285537,3666.2861938476562
0.22750000655651093,-0.022749999538064003,0.015059713972732425,3668.6082153320312
0.22775000333786011,-0.022774999961256981,0.015085396822541952,3670.9222106933594
0.22800000011920929,-0.022800000384449959,0.015111083630472422,3673.2346496582031
0.22824999690055847,-0.022825000807642937,0.015136776026338339,3675.5463256835938
0.22849999368190765,-0.022849999368190765,0.015162474475800991,3677.8561096191406
0.22875000536441803,-0.022874999791383743,0.015188183169811964,3680.1640319824219
0.22900000214576721,-0.022900000214576721,0.015213904669508338,3682.4690246582031
0.22924999892711639,-0.022925000637769699,0.015239682048559189,3684.7630004882812
0.22949999570846558,-0.022949999198317528,0.01526547409594059,3687.0537719726562
0.22975000739097595,-0.022974999621510506,0.01529130688868463,3689.3365478515625
0.23000000417232513,-0.023000000044703484,0.015317169716581702,3691.6131896972656
0.23025000095367432,-0.023025000467896461,0.015343053732067347,3693.8857727050781
0.2304999977350235,-0.023050000891089439,0.015368939377367496,3696.1575622558594
0.23074999451637268,-0.023074999451637268,0.015394830610603094,3698.427978515625
0.23100000619888306,-0.023099999874830246,0.015420783078297973,3700.6867065429688
0.23125000298023224,-0.023125000298023224,0.015446776058524847,3702.9371643066406
0.23149999976158142,-0.023150000721216202,0.015472830273211002,3705.17578125
0.2317499965429306,-0.02317499928176403,0.015498897060751915,3707.4115600585938
0.23199999332427979,-0.023199999704957008,0.015525006223469973,3709.6390380859375
0.23225000500679016,-0.023225000128149986,0.015551136806607246,3711.8619995117188
0.23250000178813934,-0.023250000551342964,0.015577294398099184,3714.079833984375
0.23274999856948853,-0.023274999111890793,0.015603487379848957,3716.2908020019531
0.23299999535083771,-0.023299999535083771,0.015629723900929093,3718.4937744140625
0.23325000703334808,-0.023324999958276749,0.015655977884307504,3720.6927490234375
0.23350000381469727,-0.023350000381469727,0.015682238154113293,3722.8903503417969
0.23375000059604645,-0.023375000804662704,0.015708505641669035,3725.08642578125
0.23399999737739563,-0.023399999365210533,0.015734777087345719,3727.2812194824219
0.23424999415874481,-0.023424999788403511,0.015761062735691667,3729.4727478027344
0.23450000584125519,-0.023450000211596489,0.015787399839609861,3731.6544189453125
0.23475000262260437,-0.023475000634789467,0.015813822159543633,3733.819580078125
0.23499999940395355,-0.023499999195337296,0.01584033272229135,3735.9677124023438
0.23524999618530273,-0.023524999618530273,0.015866868430748582,3738.1113891601562
0.23549999296665192,-0.023550000041723251,0.015893489122390747,3740.2383422851562
0.23575000464916229,-0.023575000464916229,0.015920120058581233,3742.3632202148438
0.23600000143051147,-0.023600000888109207,0.015946765895932913,3744.4850158691406
0.23624999821186066,-0.023624999448657036,0.015973459696397185,3746.5974426269531
0.23649999499320984,-0.023649999871850014,0.016000164207071066,3748.7071838378906
0.23675000667572021,-0.023675000295042992,0.016026885015890002,3750.8140258789062
0.2370000034570694,-0.02370000071823597,0.016053620725870132,3752.9173889160156
0.23725000023841858,-0.023724999278783798,0.016080372966825962,3755.0176391601562
0.23749999701976776,-0.023749999701976776,0.016107138246297836,3757.1145324707031
0.23774999380111694,-0.023775000125169754,0.016133940313011408,3759.2041320800781
0.23800000548362732,-0.023800000548362732,0.016160794533789158,3761.2836303710938
0.2382500022649765,-0.023824999108910561,0.016187678556889296,3763.3565979003906
0.23849999904632568,-0.023849999532103539,0.016214583767578006,3765.4255065917969
0.23874999582767487,-0.023874999955296516,0.016241496428847313,3767.4925537109375
0.23899999260902405,-0.023900000378489494,0.016268434002995491,3769.5543823242188
0.23925000429153442,-0.023925000801682472,0.016295409295707941,3771.6094360351562
0.23950000107288361,-0.023949999362230301,0.01632241252809763,3773.6587829589844
0.23974999785423279,-0.023974999785423279,0.01634946814738214,3775.6978454589844
0.23999999463558197,-0.024000000208616257,0.01637656893581152,3777.728271484375
0.24025000631809235,-0.024025000631809235,0.016403707442805171,3779.750732421875
0.24050000309944153,-0.024049999192357063,0.016430864809080958,3781.7690734863281
0.24074999988079071,-0.024074999615550041,0.016458050813525915,3783.7815551757812
0.24099999666213989,-0.024100000038743019,0.016485249623656273,3785.7912902832031
0.24124999344348907,-0.024125000461935997,0.01651247963309288,3787.7944030761719
0.24150000512599945,-0.024150000885128975,0.016539735486730933,3789.7922973632812
0.24175000190734863,-0.024174999445676804,0.016567008104175329,3791.7873840332031
0.24199999868869781,-0.024199999868869781,0.016594314249232411,3793.7757873535156
0.242249995470047,-0.024225000292062759,0.016621632967144251,3795.7612915039062
0.24250000715255737,-0.024250000715255737,0.016648968681693077,3797.74365234375
0.24275000393390656,-0.024274999275803566,0.016676321160048246,3799.7223205566406
0.24300000071525574,-0.024299999698996544,0.016703694593161345,3801.6970520019531
0.24324999749660492,-0.024325000122189522,0.016731186071410775,3803.6488037109375
0.2434999942779541,-0.0243500005453825,0.016758750891312957,3805.5862426757812
0.24375000596046448,-0.024374999105930328,0.016786345280706882,3807.5178833007812
0.24400000274181366,-0.024399999529123306,0.016814006026834249,3809.4355773925781
0.24424999952316284,-0.024424999952316284,0.016841689590364695,3811.3488159179688
0.24449999630451202,-0.024450000375509262,0.016869372688233852,3813.2614135742188
0.24474999308586121,-0.02447500079870224,0.016897090245038271,3815.1676025390625
0.24500000476837158,-0.024499999359250069,0.016924846218898892,3817.065673828125
0.24525000154972076,-0.024524999782443047,0.016952621517702937,3818.9598693847656
0.24549999833106995,-0.024550000205636024,0.016980404499918222,3820.8524780273438
0.24574999511241913,-0.024575000628829002,0.017008191673085093,3822.7438354492188
0.2460000067949295,-0.024599999189376831,0.017035986762493849,3824.6333618164062
0.24625000357627869,-0.024624999612569809,0.017063791630789638,3826.5207824707031
0.24650000035762787,-0.024650000035762787,0.017091658432036638,3828.3956298828125
0.24674999713897705,-0.024675000458955765,0.017119583440944552,3830.2596130371094
0.24699999392032623,-0.024700000882148743,0.017147557344287634,3832.1140441894531
0.24725000560283661,-0.024724999442696571,0.017175566637888551,3833.9617919921875
0.24750000238418579,-0.024749999865889549,0.017203616444021463,3835.8017272949219
0.24774999916553497,-0.024775000289082527,0.017231666017323732,3837.6410522460938
0.24799999594688416,-0.024800000712275505,0.017259716056287289,3839.4804992675781
0.24824999272823334,-0.024824999272823334,0.017287781229242682,3841.3155822753906
0.24850000441074371,-0.024849999696016312,0.01731588551774621,3843.1432800292969
0.2487500011920929,-0.02487500011920929,0.017344099003821611,3844.9500427246094
0.24899999797344208,-0.024900000542402267,0.017372329486533999,3846.7530212402344
0.24924999475479126,-0.024924999102950096,0.017400575103238225,3848.5530090332031
0.24950000643730164,-0.024949999526143074,0.017428833059966564,3850.3503723144531
0.24975000321865082,-0.024974999949336052,0.017457131296396255,3852.1394958496094
0.25,-0.02500000037252903,0.017485469579696655,3853.9205627441406
0.25025001168251038,-0.025025000795722008,0.017513816244900227,3855.6994934082031
0.25049999356269836,-0.025049999356269836,0.017542170826345682,3857.4765014648438
0.25075000524520874,-0.025074999779462814,0.017570539144799113,3859.2508850097656
0.25099998712539673,-0.025100000202655792,0.017598921898752451,3861.0222778320312
0.2512499988079071,-0.02512500062584877,0.017627321416512132,3862.7898559570312
0.25150001049041748,-0.025149999186396599,0.017655793577432632,3864.5431213378906
0.25174999237060547,-0.025174999609589577,0.017684338847175241,3866.2820739746094
0.25200000405311584,-0.025200000032782555,0.017712939530611038,3868.0103759765625
0.25224998593330383,-0.025225000455975533,0.017741587478667498,3869.7296752929688
0.25249999761581421,-0.02525000087916851,0.017770250560715795,3871.4457397460938
0.25275000929832458,-0.025274999439716339,0.017798978136852384,3873.1492919921875
0.25299999117851257,-0.025299999862909317,0.017827711766585708,3874.8511352539062
0.25325000286102295,-0.025325000286102295,0.017856452846899629,3876.5516662597656
0.25350001454353333,-0.025350000709295273,0.017885251436382532,3878.2403259277344
0.25374999642372131,-0.025374999269843102,0.017914077267050743,3879.9232177734375
0.25400000810623169,-0.025399999693036079,0.017942941747605801,3881.5979919433594
0.25424998998641968,-0.025425000116229057,0.01797181461006403,3883.2711181640625
0.25450000166893005,-0.025450000539422035,0.018000695155933499,3884.94287109375
0.25475001335144043,-0.025474999099969864,0.018029602011665702,3886.6090087890625
0.25499999523162842,-0.025499999523162842,0.018058535642921925,3888.2701721191406
0.25525000691413879,-0.02552499994635582,0.018087504897266626,3889.9239807128906
0.25549998879432678,-0.025550000369548798,0.018116496969014406,3891.5735473632812
0.25575000047683716,-0.025575000792741776,0.018145577982068062,3893.2054138183594
0.25600001215934753,-0.025599999353289604,0.01817466551437974,3894.8356323242188
0.25624999403953552,-0.025624999776482582,0.018203756306320429,3896.465087890625
0.2565000057220459,-0.02565000019967556,0.01823284849524498,3898.0938415527344
0.25674998760223389,-0.025675000622868538,0.018261969089508057,3899.7169189453125
0.25699999928474426,-0.025699999183416367,0.018291142303496599,3901.3294372558594
0.25725001096725464,-0.025724999606609344,0.018320385366678238,3902.9283752441406
0.25749999284744263,-0.025750000029802322,0.01834966684691608,3904.5195617675781
0.257750004529953,-0.0257750004529953,0.018378960900008678,3906.10791015625
0.25799998641014099,-0.025800000876188278,0.018408262636512518,3907.6943664550781
0.25824999809265137,-0.025824999436736107,0.018437574151903391,3909.2787780761719
0.25850000977516174,-0.025849999859929085,0.018466948997229338,3910.8502197265625
0.25874999165534973,-0.025875000283122063,0.018496340606361628,3912.4184875488281
0.25900000333786011,-0.025900000706315041,0.018525751074776053,3913.9833374023438
0.2592499852180481,-0.025924999266862869,0.018555174581706524,3915.5450439453125
0.25949999690055847,-0.025949999690055847,0.018584614619612694,3917.1036376953125
0.25975000858306885,-0.025975000113248825,0.018614108208566904,3918.6511840820312
0.25999999046325684,-0.026000000536441803,0.018643636722117662,3920.1922607421875
0.26025000214576721,-0.026024999096989632,0.018673198064789176,3921.7265319824219
0.26050001382827759,-0.02604999952018261,0.018702840665355325,3923.2454528808594
0.26074999570846558,-0.026074999943375587,0.018732506781816483,3924.7598571777344
0.26100000739097595,-0.026100000366568565,0.018762195948511362,3926.2694396972656
0.26124998927116394,-0.026125000789761543,0.018791925627738237,3927.7708740234375
0.26150000095367432,-0.026149999350309372,0.018821701407432556,3929.2625732421875
0.26175001263618469,-0.02617499977350235,0.018851503729820251,3930.7493896484375
0.26199999451637268,-0.026200000196695328,0.018881329102441669,3932.2313232421875
0.26225000619888306,-0.026225000619888306,0.018911219434812665,3933.7008056640625
0.26249998807907104,-0.026249999180436134,0.01894113072194159,3935.1659545898438
0.26274999976158142,-0.026274999603629112,0.01897106715478003,3936.6257934570312
0.2630000114440918,-0.02630000002682209,0.019001017557457089,3938.0829772949219
0.26324999332427979,-0.026325000450015068,0.019030971918255091,3939.5387878417969
0.26350000500679016,-0.026350000873208046,0.019060933729633689,3940.9932861328125
0.26374998688697815,-0.026374999433755875,0.019090926041826606,3942.4418334960938
0.26399999856948853,-0.026399999856948853,0.019120968645438552,3943.8803405761719
0.2642500102519989,-0.02642500028014183,0.019151094602420926,3945.3023071289062
0.26449999213218689,-0.026450000703334808,0.019181226613000035,3946.7230224609375
0.26475000381469727,-0.026474999263882637,0.019211362348869443,3948.1423950195312
0.26499998569488525,-0.026499999687075615,0.019241522997617722,3949.5573425292969
0.26524999737739563,-0.026525000110268593,0.019271690165624022,3950.9706115722656
0.26550000905990601,-0.026550000533461571,0.019301867578178644,3952.3819580078125
0.26574999094009399,-0.026574999094009399,0.01933213509619236,3953.776123046875
0.26600000262260437,-0.026599999517202377,0.01936244685202837,3955.1617431640625
0.26625001430511475,-0.026624999940395355,0.019392807269468904,3956.5369873046875
0.26649999618530273,-0.026650000363588333,0.019423177465796471,3957.9102478027344
0.26675000786781311,-0.026675000786781311,0.019453551154583693,3959.2828063964844
0.2669999897480011,-0.02669999934732914,0.019483935553580523,3960.6520385742188
0.26725000143051147,-0.026724999770522118,0.019514353014528751,3962.0145568847656
0.26750001311302185,-0.026750000193715096,0.019544784678146243,3963.3742370605469
0.26774999499320984,-0.026775000616908073,0.019575232639908791,3964.7308959960938
0.26800000667572021,-0.026799999177455902,0.019605695735663176,3966.0840454101562
0.2682499885559082,-0.02682499960064888,0.019636222627013922,3967.4248962402344
0.26850000023841858,-0.026850000023841858,0.019666770473122597,3968.76123046875
0.26875001192092896,-0.026875000447034836,0.019697336014360189,3970.0940551757812
0.26899999380111694,-0.026900000870227814,0.019727943930774927,3971.4189147949219
0.26925000548362732,-0.026924999430775642,0.019758638460189104,3972.7272644042969
0.26949998736381531,-0.02694999985396862,0.019789379555732012,3974.0265502929688
0.26974999904632568,-0.026975000277161598,0.01982015953399241,3975.3179931640625
0.27000001072883606,-0.027000000700354576,0.019850943004712462,3976.608642578125
0.27024999260902405,-0.027024999260902405,0.019881748128682375,3977.8944396972656
0.27050000429153442,-0.027049999684095383,0.019912565127015114,3979.1780700683594
0.27074998617172241,-0.027075000107288361,0.019943424500524998,3980.4529724121094
0.27099999785423279,-0.027100000530481339,0.019974347902461886,3981.7159118652344
0.27125000953674316,-0.027124999091029167,0.020005321828648448,3982.9689331054688
0.27149999141693115,-0.027149999514222145,0.020036302041262388,3984.2203063964844
0.27175000309944153,-0.027174999937415123,0.020067287608981133,3985.4703979492188
0.2720000147819519,-0.027200000360608101,0.020098281325772405,3986.7187194824219
0.27224999666213989,-0.027225000783801079,0.020129279000684619,3987.9658203125
0.27250000834465027,-0.027249999344348907,0.020160309271886945,3989.2065734863281
0.27274999022483826,-0.027274999767541885,0.020191411254927516,3990.4333801269531
0.27300000190734863,-0.027300000190734863,0.020222546998411417,3991.6534423828125
0.27325001358985901,-0.027325000613927841,0.020253705326467752,3992.86865234375
0.273499995470047,-0.02734999917447567,0.020284883910790086,3994.0793762207031
0.27375000715255737,-0.027374999597668648,0.020316062262281775,3995.2899169921875
0.27399998903274536,-0.027400000020861626,0.020347241312265396,3996.5004272460938
0.27425000071525574,-0.027425000444054604,0.020378424087539315,3997.7101135253906
0.27450001239776611,-0.027450000867247581,0.020409676944836974,3998.9066162109375
0.2747499942779541,-0.02747499942779541,0.020440969849005342,4000.094970703125
0.27500000596046448,-0.027499999850988388,0.020472323289141059,4001.2714538574219
0.27524998784065247,-0.027525000274181366,0.020503685344010592,4002.4455871582031
0.27549999952316284,-0.027550000697374344,0.020535052753984928,4003.6183471679688
0.27575001120567322,-0.027574999257922173,0.020566431572660804,4004.7884216308594
0.27599999308586121,-0.02759999968111515,0.020597857190296054,4005.9488220214844
0.27625000476837158,-0.027625000104308128,0.020629293052479625,4007.10693359375
0.27649998664855957,-0.027650000527501106,0.020660739159211516,4008.2627868652344
0.27674999833106995,-0.027674999088048935,0.020692229038104415,4009.4107971191406
0.27700001001358032,-0.027699999511241913,0.020723748719319701,4010.5523986816406
0.27724999189376831,-0.027724999934434891,0.02075527235865593,4011.6932678222656
0.27750000357627869,-0.027750000357627869,0.020786820212379098,4012.8299255371094
0.27774998545646667,-0.027775000780820847,0.02081844350323081,4013.9523620605469
0.27799999713897705,-0.027799999341368675,0.02085014944896102,4015.0587463378906
0.27825000882148743,-0.027824999764561653,0.02088189753703773,4016.1569213867188
0.27849999070167542,-0.027850000187754631,0.020913668675348163,4017.2503967285156
0.27875000238418579,-0.027875000610947609,0.020945443538948894,4018.3427124023438
0.27900001406669617,-0.027899999171495438,0.020977230044081807,4019.4329528808594
0.27924999594688416,-0.027924999594688416,0.021009061951190233,4020.5145874023438
0.27950000762939453,-0.027950000017881393,0.02104092575609684,4021.5901184082031
0.27974998950958252,-0.027975000441074371,0.021072826813906431,4022.6583251953125
0.2800000011920929,-0.028000000864267349,0.021104803076013923,4023.7118225097656
0.28025001287460327,-0.028024999424815178,0.021136797498911619,4024.7616577148438
0.28049999475479126,-0.028049999848008156,0.021168789360672235,4025.8113403320312
0.28075000643730164,-0.028075000271201134,0.021200778195634484,4026.8615112304688
0.28099998831748962,-0.028100000694394112,0.021232761675491929,4027.9121398925781
0.28125,-0.02812499925494194,0.021264761919155717,4028.9590759277344
0.28150001168251038,-0.028149999678134918,0.021296820137649775,4029.9948425292969
0.28174999356269836,-0.028175000101327896,0.021328922361135483,4031.0218200683594
0.28200000524520874,-0.028200000524520874,0.021361063234508038,4032.0411682128906
0.28224998712539673,-0.028224999085068703,0.021393234143033624,4033.0553588867188
0.2824999988079071,-0.028249999508261681,0.021425409475341439,4034.0680847167969
0.28275001049041748,-0.028274999931454659,0.02145758830010891,4035.0801391601562
0.28299999237060547,-0.028300000354647636,0.021489766659215093,4036.0923461914062
0.28325000405311584,-0.028325000777840614,0.021521944319829345,4037.1040649414062
0.28349998593330383,-0.028349999338388443,0.021554183447733521,4038.10400390625
0.28374999761581421,-0.028374999761581421,0.02158646029420197,4039.0960083007812
0.28400000929832458,-0.028400000184774399,0.02161879139021039,4040.0767211914062
0.28424999117851257,-0.028425000607967377,0.021651134360581636,4041.0551147460938
0.28450000286102295,-0.028449999168515205,0.021683485014364123,4042.0319519042969
0.28475001454353333,-0.028474999591708183,0.021715841023251414,4043.0071411132812
0.28499999642372131,-0.028500000014901161,0.021748251747339964,4043.9716796875
0.28525000810623169,-0.028525000438094139,0.021780673181638122,4044.9337463378906
0.28549998998641968,-0.028550000861287117,0.021813144208863378,4045.8859252929688
0.28575000166893005,-0.028574999421834946,0.021845642244443297,4046.8334045410156
0.28600001335144043,-0.028599999845027924,0.021878158673644066,4047.7769775390625
0.28624999523162842,-0.028625000268220901,0.021910715149715543,4048.7138061523438
0.28650000691413879,-0.028650000691413879,0.021943326340988278,4049.640625
0.28674998879432678,-0.028674999251961708,0.021975981071591377,4050.5591735839844
0.28700000047683716,-0.028699999675154686,0.022008707514032722,4051.464111328125
0.28725001215934753,-0.028725000098347664,0.022041467251256108,4052.3623046875
0.28749999403953552,-0.028750000521540642,0.022074232809245586,4053.2588195800781
0.2877500057220459,-0.02877499908208847,0.022107013734057546,4054.1514587402344
0.28799998760223389,-0.028799999505281448,0.022139801876619458,4055.0425720214844
0.28824999928474426,-0.028824999928474426,0.022172613069415092,4055.9290161132812
0.28850001096725464,-0.028850000351667404,0.022205447079613805,4056.8106994628906
0.28874999284744263,-0.028875000774860382,0.022238293197005987,4057.68994140625
0.289000004529953,-0.028899999335408211,0.022271194728091359,4058.5582580566406
0.28924998641014099,-0.028924999758601189,0.022304148180410266,4059.4162292480469
0.28949999809265137,-0.028950000181794167,0.02233711420558393,4060.2710571289062
0.28975000977516174,-0.028975000604987144,0.022370083490386605,4061.1252136230469
0.28999999165534973,-0.028999999165534973,0.022403049748390913,4061.9794616699219
0.29025000333786011,-0.029024999588727951,0.02243603253737092,4062.8301086425781
0.2904999852180481,-0.029050000011920929,0.022469062823802233,4063.6713562011719
0.29074999690055847,-0.029075000435113907,0.022502138512209058,4064.5039978027344
0.29100000858306885,-0.029100000858306885,0.022535260301083326,4065.3279113769531
0.29124999046325684,-0.029124999418854713,0.022568394895642996,4066.1485900878906
0.29150000214576721,-0.029149999842047691,0.022601542063057423,4066.9672546386719
0.29175001382827759,-0.029175000265240669,0.022634693188592792,4067.7846984863281
0.29199999570846558,-0.029200000688433647,0.022667845943942666,4068.601806640625
0.29225000739097595,-0.029224999248981476,0.022700999863445759,4069.4181518554688
0.29249998927116394,-0.029249999672174454,0.022734189638867974,4070.227783203125
0.29275000095367432,-0.029275000095367432,0.022767436923459172,4071.0256958007812
0.29300001263618469,-0.02930000051856041,0.022800737991929054,4071.812744140625
0.29324999451637268,-0.029324999079108238,0.022834079805761576,4072.5917663574219
0.29350000619888306,-0.029349999502301216,0.022867427673190832,4073.3692016601562
0.29374998807907104,-0.029374999925494194,0.022900778567418456,4074.1458740234375
0.29399999976158142,-0.029400000348687172,0.022934134816750884,4074.9210205078125
0.2942500114440918,-0.02942500077188015,0.022967568831518292,4075.6810302734375
0.29449999332427979,-0.029449999332427979,0.023001059656962752,4076.4303894042969
0.29475000500679016,-0.029474999755620956,0.023034570971503854,4077.1752319335938
0.29499998688697815,-0.029500000178813934,0.023068105336278677,4077.9161987304688
0.29524999856948853,-0.029525000602006912,0.023101653903722763,4078.6548156738281
0.2955000102519989,-0.029549999162554741,0.023135235533118248,4079.3871154785156
0.29574999213218689,-0.029574999585747719,0.023168871877714992,4080.1085205078125
0.29600000381469727,-0.029600000008940697,0.023202524054795504,4080.8268737792969
0.29624998569488525,-0.029625000432133675,0.023236245848238468,4081.5312805175781
0.29649999737739563,-0.029650000855326653,0.023270025616511703,4082.2242126464844
0.29675000905990601,-0.029674999415874481,0.023303809342905879,4082.9157409667969
0.29699999094009399,-0.029699999839067459,0.023337594466283917,4083.6069030761719
0.29725000262260437,-0.029725000262260437,0.023371378891170025,4084.2978515625
0.29750001430511475,-0.029750000685453415,0.023405162850394845,4084.9885864257812
0.29774999618530273,-0.029774999246001244,0.02343899174593389,4085.6707763671875
0.29800000786781311,-0.029799999669194221,0.023472835309803486,4086.3498840332031
0.2982499897480011,-0.029825000092387199,0.023506696801632643,4087.0248413085938
0.29850000143051147,-0.029850000515580177,0.023540640482679009,4087.6836242675781
0.29875001311302185,-0.029874999076128006,0.023574636317789555,4088.3313598632812
0.29899999499320984,-0.029899999499320984,0.023608635878190398,4088.9779357910156
0.29925000667572021,-0.029924999922513962,0.02364263404160738,4089.6244201660156
0.2994999885559082,-0.02995000034570694,0.023676655720919371,4090.2664794921875
0.29975000023841858,-0.029975000768899918,0.023710752371698618,4090.8937377929688
0.30000001192092896,-0.029999999329447746,0.023744888370856643,4091.5142822265625
0.30024999380111694,-0.030024999752640724,0.023779066512361169,4092.1258544921875
0.30050000548362732,-0.030050000175833702,0.023813250474631786,4092.7357482910156
0.30074998736381531,-0.03007500059902668,0.023847438162192702,4093.34521484375
0.30099999904632568,-0.030099999159574509,0.023881623055785894,4093.9542846679688
0.30125001072883606,-0.030124999582767487,0.023915809113532305,4094.5629577636719
0.30149999260902405,-0.030150000005960464,0.023949996568262577,4095.1707153320312
0.30175000429153442,-0.030175000429153442,0.023984205443412066,4095.7735290527344
0.30199998617172241,-0.03020000085234642,0.024018471827730536,4096.3645935058594
0.30224999785423279,-0.030224999412894249,0.024052813183516264,4096.9403991699219
0.30250000953674316,-0.030249999836087227,0.024087244877591729,4097.4980773925781
0.30274999141693115,-0.030275000259280205,0.024121730355545878,4098.0449523925781
0.30300000309944153,-0.030300000682473183,0.024156258907169104,4098.5835266113281
0.3032500147819519,-0.030324999243021011,0.024190810043364763,4099.1174011230469
0.30349999666213989,-0.030349999666213989,0.024225416593253613,4099.6413879394531
0.30375000834465027,-0.030375000089406967,0.024260086240246892,4100.1535339355469
0.30399999022483826,-0.030400000512599945,0.024294766364619136,4100.6632385253906
0.30425000190734863,-0.030424999073147774,0.02432946627959609,4101.1693420410156
0.30450001358985901,-0.030449999496340752,0.024364184821024537,4101.6713562011719
0.304749995470047,-0.03047499991953373,0.024398955050855875,4102.1628112792969
0.30500000715255737,-0.030500000342726707,0.024433810962364078,4102.6371459960938
0.30524998903274536,-0.030525000765919685,0.024468716233968735,4103.1015014648438
0.30550000071525574,-0.030549999326467514,0.024503697408363223,4103.5508728027344
0.30575001239776611,-0.030574999749660492,0.024538722122088075,4103.991455078125
0.3059999942779541,-0.03060000017285347,0.024573762901127338,4104.4286193847656
0.30625000596046448,-0.030625000596046448,0.024608813924714923,4104.8631896972656
0.30649998784065247,-0.030649999156594276,0.024643874727189541,4105.295654296875
0.30674999952316284,-0.030674999579787254,0.024678949499502778,4105.7253112792969
0.30700001120567322,-0.030700000002980232,0.024714038241654634,4106.1511840820312
0.30724999308586121,-0.03072500042617321,0.024749168427661061,4106.5682373046875
0.30750000476837158,-0.030750000849366188,0.024784347973763943,4106.9755554199219
0.30774998664855957,-0.030774999409914017,0.024819588754326105,4107.3708190917969
0.30799999833106995,-0.030799999833106995,0.024854901479557157,4107.7516174316406
0.30825001001358032,-0.030825000256299973,0.024890282889828086,4108.1185913085938
0.30849999189376831,-0.03085000067949295,0.02492571622133255,4108.4750061035156
0.30875000357627869,-0.030874999240040779,0.024961242452263832,4108.8136596679688
0.30899998545646667,-0.030899999663233757,0.024996791034936905,4109.1474304199219
0.30924999713897705,-0.030925000086426735,0.025032347301021218,4109.4795837402344
0.30950000882148743,-0.030950000509619713,0.025067940121516585,4109.8049011230469
0.30974999070167542,-0.030974999070167542,0.025103545049205422,4110.1275634765625
0.31000000238418579,-0.030999999493360519,0.025139164179563522,4110.4475402832031
0.31025001406669617,-0.031024999916553497,0.025174793321639299,4110.7645568847656
0.31049999594688416,-0.031050000339746475,0.025210438529029489,4111.078369140625
0.31075000762939453,-0.031075000762939453,0.025246102130040526,4111.387939453125
0.31099998950958252,-0.031099999323487282,0.025281788315623999,4111.6925048828125
0.3112500011920929,-0.03112499974668026,0.025317607447504997,4111.9706115722656
0.31150001287460327,-0.031150000169873238,0.025353480828925967,4112.2378540039062
0.31174999475479126,-0.031175000593066216,0.025389372603967786,4112.5013732910156
0.31200000643730164,-0.031199999153614044,0.025425329571589828,4112.7525939941406
0.31224998831748962,-0.031224999576807022,0.025461360812187195,4112.9893188476562
0.3125,-0.03125,0.025497431168332696,4113.2183837890625
0.31275001168251038,-0.031275000423192978,0.025533567881211638,4113.4342956542969
0.31299999356269836,-0.031300000846385956,0.02556973765604198,4113.643310546875
0.31325000524520874,-0.031325001269578934,0.025605910923331976,4113.8516845703125
0.31349998712539673,-0.031350001692771912,0.025642127962782979,4114.0517578125
0.3137499988079071,-0.031374998390674591,0.025678401114419103,4114.2406311035156
0.31400001049041748,-0.031399998813867569,0.025714708492159843,4114.4225463867188
0.31424999237060547,-0.031424999237060547,0.025751084089279175,4114.5908508300781
0.31450000405311584,-0.031449999660253525,0.025787523947656155,4114.7467346191406
0.31474998593330383,-0.031475000083446503,0.025824023643508554,4114.8905029296875
0.31499999761581421,-0.031500000506639481,0.025860582711175084,4115.0228881835938
0.31525000929832458,-0.031525000929832458,0.025897155748680234,4115.1525573730469
0.31549999117851257,-0.031550001353025436,0.025933734839782119,4115.2803344726562
0.31575000286102295,-0.031575001776218414,0.02597032324410975,4115.4061584472656
0.31600001454353333,-0.031599998474121094,0.026006919099017978,4115.5300598144531
0.31624999642372131,-0.031624998897314072,0.026043525198474526,4115.6509704589844
0.31650000810623169,-0.03164999932050705,0.026080148993059993,4115.7685546875
0.31674998998641968,-0.031674999743700027,0.026116790948435664,4115.8817443847656
0.31700000166893005,-0.031700000166893005,0.026153517188504338,4115.9778137207031
0.31725001335144043,-0.031725000590085983,0.026190299307927489,4116.0627136230469
0.31749999523162842,-0.031750001013278961,0.026227104011923075,4116.1429443359375
0.31775000691413879,-0.031775001436471939,0.026263963431119919,4116.2127990722656
0.31799998879432678,-0.031800001859664917,0.026300959289073944,4116.2566833496094
0.31825000047683716,-0.031824998557567596,0.026337974239140749,4116.2964477539062
0.31850001215934753,-0.031849998980760574,0.026375005254521966,4116.3333740234375
0.31874999403953552,-0.031874999403953552,0.026412085629999638,4116.3604736328125
0.3190000057220459,-0.03189999982714653,0.026449204655364156,4116.3804626464844
0.31924998760223389,-0.031925000250339508,0.026486339746043086,4116.3969116210938
0.31949999928474426,-0.031950000673532486,0.026523484848439693,4116.4105834960938
0.31975001096725464,-0.031975001096725464,0.026560643222182989,4116.4214477539062
0.31999999284744263,-0.032000001519918442,0.026597841642796993,4116.4240112304688
0.320250004529953,-0.032024998217821121,0.026635140180587769,4116.4075012207031
0.32049998641014099,-0.032049998641014099,0.02667256398126483,4116.3659057617188
0.32074999809265137,-0.032074999064207077,0.026710041798651218,4116.3137817382812
0.32100000977516174,-0.032099999487400055,0.026747537543997169,4116.2576904296875
0.32124999165534973,-0.032124999910593033,0.026785032358020544,4116.2017822265625
0.32150000333786011,-0.032150000333786011,0.026822529500350356,4116.1452941894531
0.3217499852180481,-0.032175000756978989,0.026860028272494674,4116.0882873535156
0.32199999690055847,-0.032200001180171967,0.026897570118308067,4116.0234985351562
0.32225000858306885,-0.032225001603364944,0.026935167843475938,4115.9478759765625
0.32249999046325684,-0.032249998301267624,0.026972775813192129,4115.8699645996094
0.32275000214576721,-0.032274998724460602,0.027010477380827069,4115.7737426757812
0.32300001382827759,-0.03229999914765358,0.027048230404034257,4115.6671447753906
0.32324999570846558,-0.032324999570846558,0.02708605257794261,4115.5477600097656
0.32350000739097595,-0.032349999994039536,0.027123940642923117,4115.415771484375
0.32374998927116394,-0.032375000417232513,0.027161870151758194,4115.275146484375
0.32400000095367432,-0.032400000840425491,0.027199807344004512,4115.1331787109375
0.32425001263618469,-0.032425001263618469,0.027237745933234692,4114.990478515625
0.32449999451637268,-0.032450001686811447,0.027275732485577464,4114.8382263183594
0.32475000619888306,-0.032474998384714127,0.02731374790892005,4114.6801147460938
0.32499998807907104,-0.032499998807907104,0.027351775439456105,4114.5195007324219
0.32524999976158142,-0.032524999231100082,0.027389808325096965,4114.3572082519531
0.3255000114440918,-0.03254999965429306,0.027427846798673272,4114.1936340332031
0.32574999332427979,-0.032575000077486038,0.027465894818305969,4114.0276489257812
0.32600000500679016,-0.032600000500679016,0.027503993129357696,4113.8525390625
0.32624998688697815,-0.032625000923871994,0.027542122174054384,4113.6712951660156
0.32649999856948853,-0.032650001347064972,0.027580282650887966,4113.4833374023438
0.3267500102519989,-0.03267500177025795,0.02761847386136651,4113.2895812988281
0.32699999213218689,-0.032699998468160629,0.027656736085191369,4113.08154296875
0.32725000381469727,-0.032724998891353607,0.02769515267573297,4112.8435668945312
0.32749998569488525,-0.032749999314546585,0.027733614668250084,4112.5965881347656
0.32774999737739563,-0.032774999737739563,0.027772096684202552,4112.3456115722656
0.32800000905990601,-0.032800000160932541,0.027810575906187296,4112.0950317382812
0.32824999094009399,-0.032825000584125519,0.027849043253809214,4111.8463134765625
0.32850000262260437,-0.032850001007318497,0.02788752899505198,4111.594970703125
0.32875001430511475,-0.032875001430511475,0.027926047099754214,4111.3371276855469
0.32899999618530273,-0.032900001853704453,0.027964614797383547,4111.0697021484375
0.32925000786781311,-0.032924998551607132,0.028003273066133261,4110.7850341796875
0.3294999897480011,-0.03294999897480011,0.028041952289640903,4110.4959716796875
0.32975000143051147,-0.032974999397993088,0.028080647345632315,4110.2035827636719
0.33000001311302185,-0.032999999821186066,0.028119351947680116,4109.9087524414062
0.33024999499320984,-0.033025000244379044,0.028158065630123019,4109.6117858886719
0.33050000667572021,-0.033050000667572021,0.028196871746331453,4109.2968444824219
0.3307499885559082,-0.033075001090764999,0.028235752368345857,4108.967041015625
0.33100000023841858,-0.033100001513957977,0.028274649288505316,4108.6339721679688
0.33125001192092896,-0.033124998211860657,0.028313597431406379,4108.291015625
0.33149999380111694,-0.033149998635053635,0.028352569555863738,4107.943603515625
0.33175000548362732,-0.033174999058246613,0.028391545405611396,4107.5958862304688
0.33199998736381531,-0.03319999948143959,0.028430520324036479,4107.2480163574219
0.33224999904632568,-0.033224999904632568,0.02846949826925993,4106.8998413085938
0.33250001072883606,-0.033250000327825546,0.028508541872724891,4106.5398559570312
0.33274999260902405,-0.033275000751018524,0.028547686990350485,4106.1607055664062
0.33300000429153442,-0.033300001174211502,0.028586882399395108,4105.7708740234375
0.33324998617172241,-0.03332500159740448,0.0286260936409235,4105.3778991699219
0.33349999785423279,-0.033349998295307159,0.028665314428508282,4104.9831237792969
0.33375000953674316,-0.033374998718500137,0.028704538475722075,4104.5870361328125
0.33399999141693115,-0.033399999141693115,0.028743844013661146,4104.1764526367188
0.33425000309944153,-0.033424999564886093,0.028783190762624145,4103.7576599121094
0.3345000147819519,-0.033449999988079071,0.028822577092796564,4103.3309326171875
0.33474999666213989,-0.033475000411272049,0.028861996601335704,4102.8971862792969
0.33500000834465027,-0.033500000834465027,0.028901440324261785,4102.4588317871094
0.33524999022483826,-0.033525001257658005,0.02894089394249022,4102.0177307128906
0.33550000190734863,-0.033550001680850983,0.028980350703932345,4101.5755615234375
0.33575001358985901,-0.033574998378753662,0.029019808163866401,4101.1329650878906
0.335999995470047,-0.03359999880194664,0.029059264459647238,4100.6903076171875
0.33625000715255737,-0.033624999225139618,0.029098769067786634,4100.2388916015625
0.33649998903274536,-0.033649999648332596,0.029138316633179784,4099.7791442871094
0.33675000071525574,-0.033675000071525574,0.029177936143241823,4099.3057556152344
0.33700001239776611,-0.033700000494718552,0.029217571718618274,4098.8291625976562
0.3372499942779541,-0.03372500091791153,0.029257280519232154,4098.338134765625
0.33750000596046448,-0.033750001341104507,0.02929700305685401,4097.8448486328125
0.33774998784065247,-0.033775001764297485,0.029336749576032162,4097.3462829589844
0.33799999952316284,-0.033799998462200165,0.029376519611105323,4096.8438415527344
0.33825001120567322,-0.033824998885393143,0.029416330042295158,4096.3334655761719
0.33849999308586121,-0.033849999308586121,0.029456200893037021,4095.8118896484375
0.33875000476837158,-0.033874999731779099,0.02949609188362956,4095.2860107421875
0.33899998664855957,-0.033900000154972076,0.029536018613725901,4094.7532958984375
0.33924999833106995,-0.033925000578165054,0.029575949185527861,4094.218994140625
0.33950001001358032,-0.033950001001358032,0.029615898733027279,4093.6814880371094
0.33974999189376831,-0.03397500142455101,0.029655863996595144,4093.140380859375
0.34000000357627869,-0.034000001847743988,0.029695840668864548,4092.5976867675781
0.34024998545646667,-0.034024998545646667,0.029735840857028961,4092.0504455566406
0.34049999713897705,-0.034049998968839645,0.029775881906971335,4091.4954223632812
0.34075000882148743,-0.034074999392032623,0.029815992806106806,4090.927001953125
0.34099999070167542,-0.034099999815225601,0.029856107430532575,4090.3576354980469
0.34125000238418579,-0.034125000238418579,0.029896228807047009,4089.7873229980469
0.34150001406669617,-0.034150000661611557,0.02993640978820622,4089.2052307128906
0.34174999594688416,-0.034175001084804535,0.029976602527312934,4088.6209716796875
0.34200000762939453,-0.034200001507997513,0.030016823322512209,4088.0310363769531
0.34224998950958252,-0.034224998205900192,0.030057174037210643,4087.418212890625
0.3425000011920929,-0.03424999862909317,0.030097575159743428,4086.7944641113281
0.34275001287460327,-0.034274999052286148,0.030138045782223344,4086.1576232910156
0.34299999475479126,-0.034299999475479126,0.030178544111549854,4085.5154418945312
0.34325000643730164,-0.034324999898672104,0.030219057924114168,4084.8697204589844
0.34349998831748962,-0.034350000321865082,0.03025957487989217,4084.2235107421875
0.34375,-0.03437500074505806,0.030300086713396013,4083.5777282714844
0.34400001168251038,-0.034400001168251038,0.030340596451424062,4082.9326477050781
0.34424999356269836,-0.034425001591444016,0.030381154152564704,4082.2774047851562
0.34450000524520874,-0.034449998289346695,0.030421723844483495,4081.619873046875
0.34474998712539673,-0.034474998712539673,0.030462301452644169,4080.9601745605469
0.3449999988079071,-0.034499999135732651,0.030502890585921705,4080.2984619140625
0.34525001049041748,-0.034524999558925629,0.030543487169779837,4079.6354064941406
0.34549999237060547,-0.034549999982118607,0.03058408317156136,4078.9717102050781
0.34575000405311584,-0.034575000405311584,0.030624713515862823,4078.3019714355469
0.34599998593330383,-0.034600000828504562,0.030665392521768808,4077.6221008300781
0.34624999761581421,-0.03462500125169754,0.030706103891134262,4076.93603515625
0.34650000929832458,-0.034650001674890518,0.0307468231767416,4076.248046875
0.34674999117851257,-0.034674998372793198,0.030787605908699334,4075.5491638183594
0.34700000286102295,-0.034699998795986176,0.030828473973087966,4074.8345642089844
0.34725001454353333,-0.034724999219179153,0.030869366601109505,4074.1146850585938
0.34749999642372131,-0.034749999642372131,0.03091032849624753,4073.3807373046875
0.34775000810623169,-0.034775000065565109,0.030951302265748382,4072.6444091796875
0.34799998998641968,-0.034800000488758087,0.030992319108918309,4071.8992919921875
0.34825000166893005,-0.034825000911951065,0.031033360050059855,4071.1487426757812
0.34850001335144043,-0.034850001335144043,0.031074424041435122,4070.3941345214844
0.34874999523162842,-0.034875001758337021,0.031115527846850455,4069.6317749023438
0.34900000691413879,-0.0348999984562397,0.031156663200818002,4068.8640747070312
0.34924998879432678,-0.034924998879432678,0.031197831034660339,4068.0902709960938
0.34950000047683716,-0.034949999302625656,0.031239014700986445,4067.3135986328125
0.34975001215934753,-0.034974999725818634,0.031280210125260055,4066.5342102050781
0.34999999403953552,-0.035000000149011612,0.03132142114918679,4065.7521667480469
0.3502500057220459,-0.03502500057220459,0.031362730311229825,4064.9500732421875
0.35049998760223389,-0.035050000995397568,0.031404059147462249,4064.14501953125
0.35074999928474426,-0.035075001418590546,0.031445399625226855,4063.3372497558594
0.35100001096725464,-0.035100001841783524,0.031486763968132436,4062.5245361328125
0.35124999284744263,-0.035124998539686203,0.031528140068985522,4061.7096557617188
0.351500004529953,-0.035149998962879181,0.03156957239843905,4060.8833312988281
0.35174998641014099,-0.035174999386072159,0.03161107818596065,4060.0426635742188
0.35199999809265137,-0.035199999809265137,0.031652652658522129,4059.1886596679688
0.35225000977516174,-0.035225000232458115,0.031694344244897366,4058.3126831054688
0.35249999165534973,-0.035250000655651093,0.03173609625082463,4057.4257202148438
0.35275000333786011,-0.03527500107884407,0.031777897151187062,4056.5285949707031
0.3529999852180481,-0.035300001502037048,0.031819775002077222,4055.6166687011719
0.35324999690055847,-0.035324998199939728,0.03186168905813247,4054.6979675292969
0.35350000858306885,-0.035349998623132706,0.031903603114187717,4053.7780456542969
0.35374999046325684,-0.035374999046325684,0.031945519614964724,4052.8582153320312
0.35400000214576721,-0.035399999469518661,0.031987430760636926,4051.9390258789062
0.35425001382827759,-0.035424999892711639,0.032029340625740588,4051.0201110839844
0.35449999570846558,-0.035450000315904617,0.032071293564513326,4050.0919189453125
0.35475000739097595,-0.035475000739097595,0.032113385968841612,4049.1365356445312
0.35499998927116394,-0.035500001162290573,0.032155494554899633,4048.1773986816406
0.35525000095367432,-0.035525001585483551,0.032197614898905158,4047.2156066894531
0.35550001263618469,-0.03554999828338623,0.032239802530966699,4046.2409057617188
0.35574999451637268,-0.035574998706579208,0.032282014260999858,4045.2611694335938
0.35600000619888306,-0.035599999129772186,0.032324233558028936,4044.2799377441406
0.35624998807907104,-0.035624999552965164,0.032366484054364264,4043.2935485839844
0.35649999976158142,-0.035649999976158142,0.032408771221525967,4042.2997131347656
0.3567500114440918,-0.03567500039935112,0.032451082486659288,4041.3009643554688
0.35699999332427979,-0.035700000822544098,0.032493417267687619,4040.2981872558594
0.35725000500679016,-0.035725001245737076,0.032535751815885305,4039.2944030761719
0.35749998688697815,-0.035750001668930054,0.032578089041635394,4038.2899780273438
0.35774999856948853,-0.035774998366832733,0.032620428944937885,4037.2848205566406
0.3580000102519989,-0.035799998790025711,0.03266288829036057,4036.25732421875
0.35824999213218689,-0.035824999213218689,0.032705442048609257,4035.2116088867188
0.35850000381469727,-0.035849999636411667,0.032748090103268623,4034.1472473144531
0.35874998569488525,-0.035875000059604645,0.032790811615996063,4033.0692443847656
0.35899999737739563,-0.035900000482797623,0.032833627075888216,4031.9717102050781
0.35925000905990601,-0.035925000905990601,0.032876490149646997,4030.8658447265625
0.35949999094009399,-0.035950001329183578,0.03291935648303479,4029.7593688964844
0.35975000262260437,-0.035975001752376556,0.032962250057607889,4028.6471557617188
0.36000001430511475,-0.035999998450279236,0.033005175646394491,4027.5297241210938
0.36024999618530273,-0.036024998873472214,0.033048112760297954,4026.4105834960938
0.36050000786781311,-0.036049999296665192,0.03309108130633831,4025.2857666015625
0.3607499897480011,-0.03607499971985817,0.033134139142930508,4024.142822265625
0.36100000143051147,-0.036100000143051147,0.033177253091707826,4022.9901123046875
0.36125001311302185,-0.036125000566244125,0.033220447949133813,4021.8216552734375
0.36149999499320984,-0.036150000989437103,0.033263687044382095,4020.6440124511719
0.36175000667572021,-0.036175001412630081,0.033306990866549313,4019.4539794921875
0.3619999885559082,-0.036200001835823059,0.033350310288369656,4018.2611389160156
0.36225000023841858,-0.036224998533725739,0.033393633202649653,4017.0668334960938
0.36250001192092896,-0.036249998956918716,0.033436962636187673,4015.8720703125
0.36274999380111694,-0.036274999380111694,0.033480287180282176,4014.6772155761719
0.36300000548362732,-0.036299999803304672,0.033523710677400231,4013.4631652832031
0.36324998736381531,-0.03632500022649765,0.033567249425686896,4012.2261047363281
0.36349999904632568,-0.036350000649690628,0.033610844169743359,4010.979248046875
0.36375001072883606,-0.036375001072883606,0.033654500031843781,4009.7193298339844
0.36399999260902405,-0.036400001496076584,0.033698179759085178,4008.4548950195312
0.36425000429153442,-0.036424998193979263,0.033741862396709621,4007.1901550292969
0.36449998617172241,-0.036449998617172241,0.033785535837523639,4005.9270324707031
0.36474999785423279,-0.036474999040365219,0.033829191816039383,4004.6659240722656
0.36500000953674316,-0.036499999463558197,0.03387284919153899,4003.4059448242188
0.36524999141693115,-0.036524999886751175,0.033916562679223716,4002.1344909667969
0.36550000309944153,-0.036550000309944153,0.033960373722948134,4000.845458984375
0.3657500147819519,-0.036575000733137131,0.034004205255769193,3999.5513916015625
0.36599999666213989,-0.036600001156330109,0.034048060420900583,3998.2532348632812
0.36625000834465027,-0.036625001579523087,0.034091931185685098,3996.9517211914062
0.36649999022483826,-0.036649998277425766,0.034135857713408768,3995.6396484375
0.36675000190734863,-0.036674998700618744,0.034179796348325908,3994.3244018554688
0.36700001358985901,-0.036699999123811722,0.0342237981967628,3992.9975891113281
0.367249995470047,-0.0367249995470047,0.034267844166606665,3991.6623229980469
0.36750000715255737,-0.036749999970197678,0.034311901777982712,3990.3243713378906
0.36774998903274536,-0.036775000393390656,0.034355982206761837,3988.9818420410156
0.36800000071525574,-0.036800000816583633,0.034400089760310948,3987.6337890625
0.36825001239776611,-0.036825001239776611,0.034444228745996952,3986.2799682617188
0.3684999942779541,-0.036850001662969589,0.034488399513065815,3984.9195556640625
0.36875000596046448,-0.036874998360872269,0.034532663063146174,3983.5420532226562
0.36899998784065247,-0.036899998784065247,0.034577011363580823,3982.1493530273438
0.36924999952316284,-0.036924999207258224,0.03462142520584166,3980.7438659667969
0.36950001120567322,-0.036949999630451202,0.034665870713070035,3979.3324890136719
0.36974999308586121,-0.03697500005364418,0.034710433334112167,3977.899658203125
0.37000000476837158,-0.037000000476837158,0.034755080938339233,3976.4504089355469
0.37024998664855957,-0.037025000900030136,0.034799771849066019,3974.9937133789062
0.37049999833106995,-0.037050001323223114,0.034844502224586904,3973.5300598144531
0.37075001001358032,-0.037075001746416092,0.034889264381490648,3972.0594177246094
0.37099999189376831,-0.037099998444318771,0.034934082417748868,3970.5785217285156
0.37125000357627869,-0.037124998867511749,0.034978932118974626,3969.0914916992188
0.37149998545646667,-0.037149999290704727,0.035023797187022865,3967.6022338867188
0.37174999713897705,-0.037174999713897705,0.035068665631115437,3966.1113586425781
0.37200000882148743,-0.037200000137090683,0.035113540827296674,3964.6196594238281
0.37224999070167542,-0.037225000560283661,0.035158479353412986,3963.11474609375
0.37250000238418579,-0.037250000983476639,0.035203462350182235,3961.6008911132812
0.37275001406669617,-0.037275001406669617,0.035248461295850575,3960.0839233398438
0.37299999594688416,-0.037300001829862595,0.035293491207994521,3958.5614318847656
0.37325000762939453,-0.037324998527765274,0.035338589339517057,3957.0254211425781
0.37349998950958252,-0.037349998950958252,0.035383698996156454,3955.4870300292969
0.3737500011920929,-0.03737499937415123,0.035428880248218775,3953.9348754882812
0.37400001287460327,-0.037399999797344208,0.035474065225571394,3952.3813171386719
0.37424999475479126,-0.037425000220537186,0.03551927674561739,3950.8233947753906
0.37450000643730164,-0.037450000643730164,0.035564488032832742,3949.2649536132812
0.37474998831748962,-0.037475001066923141,0.035609721438959241,3947.7027587890625
0.375,-0.037500001490116119,0.035655018873512745,3946.1287231445312
0.37525001168251038,-0.037524998188018799,0.035700347973033786,3944.5489196777344
0.37549999356269836,-0.037549998611211777,0.035745700937695801,3942.9645080566406
0.37575000524520874,-0.037574999034404755,0.03579106112010777,3941.3791809082031
0.37599998712539673,-0.037599999457597733,0.035836416645906866,3939.7936401367188
0.3762499988079071,-0.03762499988079071,0.035881790216080844,3938.2052001953125
0.37650001049041748,-0.037650000303983688,0.035927199176512659,3936.6105346679688
0.37674999237060547,-0.037675000727176666,0.035972700105048716,3934.9989624023438
0.37700000405311584,-0.037700001150369644,0.036018229206092656,3933.3815307617188
0.37724998593330383,-0.037725001573562622,0.036063785897567868,3931.7591247558594
0.37749999761581421,-0.037749998271465302,0.036109357955865562,3930.1334533691406
0.37775000929832458,-0.037774998694658279,0.036154936999082565,3928.5058288574219
0.37799999117851257,-0.037799999117851257,0.036200530477799475,3926.8747253417969
0.37825000286102295,-0.037824999541044235,0.036246183095499873,3925.2326965332031
0.37850001454353333,-0.037849999964237213,0.036291936412453651,3923.5726318359375
0.37874999642372131,-0.037875000387430191,0.036337779369205236,3921.8958435058594
0.37900000810623169,-0.037900000810623169,0.036383651080541313,3920.2127380371094
0.37924998998641968,-0.037925001233816147,0.036429565749131143,3918.5225219726562
0.37950000166893005,-0.037950001657009125,0.036475612549111247,3916.8094787597656
0.37975001335144043,-0.037974998354911804,0.036521703354083002,3915.0882263183594
0.37999999523162842,-0.037999998778104782,0.036567849689163268,3913.3569641113281
0.38025000691413879,-0.03802499920129776,0.036614068667404354,3911.6123657226562
0.38049998879432678,-0.038049999624490738,0.036660299054346979,3909.8651733398438
0.38075000047683716,-0.038075000047683716,0.036706572631374002,3908.1089172363281
0.38100001215934753,-0.038100000470876694,0.03675285738427192,3906.3513488769531
0.38124999403953552,-0.038125000894069672,0.03679914097301662,3904.59423828125
0.3815000057220459,-0.03815000131726265,0.036845422582700849,3902.8375549316406
0.38174998760223389,-0.038175001740455627,0.036891763797029853,3901.069580078125
0.38199999928474426,-0.038199998438358307,0.036938198260031641,3899.2833862304688
0.38225001096725464,-0.038224998861551285,0.036984709207899868,3897.4826965332031
0.38249999284744263,-0.038249999284744263,0.037031223648227751,3895.6808471679688
0.382750004529953,-0.038274999707937241,0.037077768007293344,3893.8737182617188
0.38299998641014099,-0.038300000131130219,0.037124315742403269,3892.0652770996094
0.38324999809265137,-0.038325000554323196,0.037170858471654356,3890.2579956054688
0.38350000977516174,-0.038350000977516174,0.037217390723526478,3888.4530639648438
0.38374999165534973,-0.038375001400709152,0.037263930309563875,3886.6469116210938
0.38400000333786011,-0.03840000182390213,0.037310473155230284,3884.8402099609375
0.3842499852180481,-0.03842499852180481,0.037357014953158796,3883.0336303710938
0.38449999690055847,-0.038449998944997787,0.037403562804684043,3881.2264709472656
0.38475000858306885,-0.038474999368190765,0.037450185278430581,3879.4044494628906
0.38499999046325684,-0.038499999791383743,0.0374968396499753,3877.5769653320312
0.38525000214576721,-0.038525000214576721,0.037543542683124542,3875.739501953125
0.38550001382827759,-0.038550000637769699,0.03759026515763253,3873.8988952636719
0.38574999570846558,-0.038575001060962677,0.037636994617059827,3872.0569152832031
0.38600000739097595,-0.038600001484155655,0.037683730712160468,3870.2135620117188
0.38624998927116394,-0.038624998182058334,0.037730485550127923,3868.3671875
0.38650000095367432,-0.038649998605251312,0.037777283578179777,3866.5128784179688
0.38675001263618469,-0.03867499902844429,0.037824152852408588,3864.6459350585938
0.38699999451637268,-0.038699999451637268,0.037871086504310369,3862.7669677734375
0.38725000619888306,-0.038724999874830246,0.037918023765087128,3860.8865356445312
0.38749998807907104,-0.038750000298023224,0.03796495555434376,3859.0077209472656
0.38774999976158142,-0.038775000721216202,0.038011869648471475,3857.1317138671875
0.3880000114440918,-0.03880000114440918,0.038058800040744245,3855.2542724609375
0.38824999332427979,-0.038825001567602158,0.038105750572867692,3853.3728332519531
0.38850000500679016,-0.038849998265504837,0.038152728811837733,3851.4864807128906
0.38874998688697815,-0.038874998688697815,0.038199815433472395,3849.5809020996094
0.38899999856948853,-0.038899999111890793,0.038247000076808035,3847.6563110351562
0.3892500102519989,-0.038924999535083771,0.038294293568469584,3845.7113037109375
0.38949999213218689,-0.038949999958276749,0.038341658189892769,3843.7544250488281
0.38975000381469727,-0.038975000381469727,0.038389062043279409,3841.7911376953125
0.38999998569488525,-0.039000000804662704,0.038436485570855439,3839.8235778808594
0.39024999737739563,-0.039025001227855682,0.038483979413285851,3837.8447265625
0.39050000905990601,-0.03905000165104866,0.038531517260707915,3835.8569946289062
0.39074999094009399,-0.03907499834895134,0.038579086540266871,3833.86376953125
0.39100000262260437,-0.039099998772144318,0.038626655004918575,3831.8707580566406
0.39125001430511475,-0.039124999195337296,0.038674233015626669,3829.876953125
0.39149999618530273,-0.039149999618530273,0.038721850258298218,3827.8757934570312
0.39175000786781311,-0.039175000041723251,0.038769475184381008,3825.8725891113281
0.3919999897480011,-0.039200000464916229,0.038817103137262166,3823.8685607910156
0.39225000143051147,-0.039225000888109207,0.038864761008881032,3821.8596801757812
0.39250001311302185,-0.039250001311302185,0.03891246288549155,3819.8413391113281
0.39274999499320984,-0.039275001734495163,0.038960176287218928,3817.8208923339844
0.39300000667572021,-0.039299998432397842,0.039007892482914031,3815.7998962402344
0.3932499885559082,-0.03932499885559082,0.03905563079752028,3813.7751770019531
0.39350000023841858,-0.039349999278783798,0.039103376562707126,3811.7489013671875
0.39375001192092896,-0.039374999701976776,0.039151125471107662,3809.7222290039062
0.39399999380111694,-0.039400000125169754,0.039198869024403393,3807.6965637207031
0.39425000548362732,-0.039425000548362732,0.039246603031642735,3805.6728210449219
0.39449998736381531,-0.03945000097155571,0.039294337970204651,3803.6489868164062
0.39474999904632568,-0.039475001394748688,0.039342128438875079,3801.6152954101562
0.39500001072883606,-0.039500001817941666,0.039389934507198632,3799.5784606933594
0.39524999260902405,-0.039524998515844345,0.039437771658413112,3797.5366516113281
0.39550000429153442,-0.039549998939037323,0.039485612302087247,3795.4938659667969
0.39574998617172241,-0.039574999362230301,0.039533451781608164,3793.4517822265625
0.39599999785423279,-0.039599999785423279,0.03958128159865737,3791.4115600585938
0.39625000953674316,-0.039625000208616257,0.03962919267360121,3789.3592224121094
0.39649999141693115,-0.039650000631809235,0.03967724135145545,3787.281005859375
0.39675000309944153,-0.039675001055002213,0.039725390612147748,3785.1846008300781
0.3970000147819519,-0.03970000147819519,0.039773576078005135,3783.0809326171875
0.39724999666213989,-0.03972499817609787,0.039821809041313827,3780.9674377441406
0.39750000834465027,-0.039749998599290848,0.039870048989541829,3778.852783203125
0.39774999022483826,-0.039774999022483826,0.039918267750181258,3776.7412414550781
0.39800000190734863,-0.039799999445676804,0.039966446813195944,3774.6379699707031
0.39825001358985901,-0.039824999868869781,0.040014599682763219,3772.5400695800781
0.398499995470047,-0.039850000292062759,0.04006274335552007,3770.4441223144531
0.39875000715255737,-0.039875000715255737,0.040110897156409919,3768.3477783203125
0.39899998903274536,-0.039900001138448715,0.040159139665775001,3766.2358093261719
0.39925000071525574,-0.039925001561641693,0.040207479265518486,3764.1061706542969
0.39950001239776611,-0.039949998259544373,0.040255878702737391,3761.9651489257812
0.3997499942779541,-0.03997499868273735,0.040304353344254196,3759.8114013671875
0.40000000596046448,-0.039999999105930328,0.040352851268835366,3757.6540222167969
0.40024998784065247,-0.040024999529123306,0.040401364210993052,3755.4942016601562
0.40049999952316284,-0.040049999952316284,0.040449911379255354,3753.3289184570312
0.40075001120567322,-0.040075000375509262,0.040498557616956532,3751.1465759277344
0.40099999308586121,-0.04010000079870224,0.040547296754084527,3748.9469299316406
0.40125000476837158,-0.040125001221895218,0.040596051374450326,3746.7443237304688
0.40149998664855957,-0.040150001645088196,0.040644804714247584,3744.5411376953125
0.40174999833106995,-0.040174998342990875,0.040693575865589082,3742.33544921875
0.40200001001358032,-0.040199998766183853,0.040742346434853971,3740.1292114257812
0.40224999189376831,-0.040224999189376831,0.040791111532598734,3737.9248352050781
0.40250000357627869,-0.040249999612569809,0.040839855093508959,3735.7239685058594
0.40274998545646667,-0.040275000035762787,0.040888567920774221,3733.5291442871094
0.40299999713897705,-0.040300000458955765,0.040937294601462781,3731.3328247070312
0.40325000882148743,-0.040325000882148743,0.040986029081977904,3729.1343994140625
0.40349999070167542,-0.040350001305341721,0.04103477846365422,3726.9338073730469
0.40375000238418579,-0.040375001728534698,0.04108357522636652,3724.7239074707031
0.40400001406669617,-0.040399998426437378,0.041132387472316623,3722.5113220214844
0.40424999594688416,-0.040424998849630356,0.041181202861480415,3720.2981567382812
0.40450000762939453,-0.040449999272823334,0.041230012662708759,3718.0864562988281
0.40474998950958252,-0.040474999696016312,0.041278847143985331,3715.8712768554688
0.4050000011920929,-0.04050000011920929,0.041327693616040051,3713.6537475585938
0.40525001287460327,-0.040525000542402267,0.041376551031135023,3711.4348449707031
0.40549999475479126,-0.040550000965595245,0.041425407398492098,3709.21630859375
0.40575000643730164,-0.040575001388788223,0.041474289377219975,3706.9942016601562
0.40599998831748962,-0.040600001811981201,0.041523235733620822,3704.7600402832031
0.40625,-0.040624998509883881,0.041572233429178596,3702.5170593261719
0.40650001168251038,-0.040649998933076859,0.041621290147304535,3700.2640075683594
0.40674999356269836,-0.040674999356269836,0.0416703982045874,3698.0017700195312
0.40700000524520874,-0.040699999779462814,0.041719505796208978,3695.7390747070312
0.40724998712539673,-0.040725000202655792,0.041768603841774166,3693.4788208007812
0.4074999988079071,-0.04075000062584877,0.041817690362222493,3691.2222900390625
0.40775001049041748,-0.040775001049041748,0.041866804123856127,3688.9602966308594
0.40799999237060547,-0.040800001472234726,0.041915929177775979,3686.696533203125
0.40825000405311584,-0.040824998170137405,0.041965053300373256,3684.4329833984375
0.40849998593330383,-0.040849998593330383,0.04201417532749474,3682.16943359375
0.40874999761581421,-0.040874999016523361,0.042063300497829914,3679.9058227539062
0.40900000929832458,-0.040899999439716339,0.042112424154765904,3677.6435546875
0.40924999117851257,-0.040924999862909317,0.042161534307524562,3675.3836364746094
0.40950000286102295,-0.040950000286102295,0.042210654355585575,3673.1231384277344
0.40975001454353333,-0.040975000709295273,0.042259850888513029,3670.8491516113281
0.40999999642372131,-0.041000001132488251,0.042309134849347174,3668.5606384277344
0.41025000810623169,-0.041025001555681229,0.042358494363725185,3666.2593688964844
0.41049998998641968,-0.041049998253583908,0.042407893342897296,3663.9516296386719
0.41075000166893005,-0.041074998676776886,0.042457416071556509,3661.6219787597656
0.41100001335144043,-0.041099999099969864,0.042507019243203104,3659.2765502929688
0.41124999523162842,-0.041124999523162842,0.042556653497740626,3656.9255981445312
0.41150000691413879,-0.04114999994635582,0.042606282164342701,3654.5765991210938
0.41174998879432678,-0.041175000369548798,0.04265590850263834,3652.2290344238281
0.41200000047683716,-0.041200000792741776,0.042705569416284561,3649.8761596679688
0.41225001215934753,-0.041225001215934753,0.042755241505801678,3647.5216674804688
0.41249999403953552,-0.041250001639127731,0.042804904864169657,3645.1681213378906
0.4127500057220459,-0.041274998337030411,0.042854550876654685,3642.8176574707031
0.41299998760223389,-0.041299998760223389,0.042904174886643887,3640.4716796875
0.41324999928474426,-0.041324999183416367,0.042953768977895379,3638.1314086914062
0.41350001096725464,-0.041349999606609344,0.043003332917578518,3635.7972412109375
0.41374999284744263,-0.041375000029802322,0.043052865308709443,3633.4689331054688
0.414000004529953,-0.0414000004529953,0.043102425057440996,3631.1365966796875
0.41424998641014099,-0.041425000876188278,0.04315205302555114,3628.7921142578125
0.41449999809265137,-0.041450001299381256,0.043201705091632903,3626.4424743652344
0.41475000977516174,-0.041475001722574234,0.043251372524537146,3624.0902709960938
0.41499999165534973,-0.041499998420476913,0.04330104251857847,3621.73779296875
0.41525000333786011,-0.041524998843669891,0.043350749649107456,3619.3793334960938
0.4154999852180481,-0.041549999266862869,0.043400472262874246,3617.0185241699219
0.41574999690055847,-0.041574999690055847,0.043450194061733782,3614.6577453613281
0.41600000858306885,-0.041600000113248825,0.043499925057403743,3612.2971801757812
0.41624999046325684,-0.041625000536441803,0.043549699359573424,3609.9290161132812
0.41650000214576721,-0.041650000959634781,0.04359949694480747,3607.5570983886719
0.41675001382827759,-0.041675001382827759,0.043649337836541235,3605.1775512695312
0.41699999570846558,-0.041700001806020737,0.043699193396605551,3602.7960510253906
0.41725000739097595,-0.041724998503923416,0.043749075499363244,3600.4105529785156
0.41749998927116394,-0.041749998927116394,0.043798957136459649,3598.0249328613281
0.41775000095367432,-0.041774999350309372,0.043848832952789962,3595.6413879394531
0.41800001263618469,-0.04179999977350235,0.04389868734870106,3593.2616271972656
0.41824999451637268,-0.041825000196695328,0.043948538135737181,3590.8839416503906
0.41850000619888306,-0.041850000619888306,0.043998424545861781,3588.5001220703125
0.41874998807907104,-0.041875001043081284,0.044048318639397621,3586.1144104003906
0.41899999976158142,-0.041900001466274261,0.044098215526901186,3583.728515625
0.4192500114440918,-0.041924998164176941,0.044148122193291783,3581.3418884277344
0.41949999332427979,-0.041949998587369919,0.04419802816119045,3578.9554443359375
0.41975000500679016,-0.041974999010562897,0.044247921206988394,3576.5708312988281
0.41999998688697815,-0.041999999433755875,0.044297800515778363,3574.1900329589844
0.42024999856948853,-0.042024999856948853,0.044347668532282114,3571.8127746582031
0.4205000102519989,-0.04205000028014183,0.044397576944902539,3569.4283447265625
0.42074999213218689,-0.042075000703334808,0.044447568245232105,3567.03173828125
0.42100000381469727,-0.042100001126527786,0.044497675844468176,3564.6152038574219
0.42124998569488525,-0.042125001549720764,0.044547822675667703,3562.1926879882812
0.42149999737739563,-0.042149998247623444,0.044598101638257504,3559.7459411621094
0.42175000905990601,-0.042174998670816422,0.044648424373008311,3557.2906188964844
0.42199999094009399,-0.042199999094009399,0.044698749319650233,3554.8357543945312
0.42225000262260437,-0.042224999517202377,0.044749048654921353,3552.3858337402344
0.42250001430511475,-0.042249999940395355,0.044799329130910337,3549.9415893554688
0.42274999618530273,-0.042275000363588333,0.044849664554931223,3547.4879455566406
0.42300000786781311,-0.042300000786781311,0.044900011387653649,3545.0325317382812
0.4232499897480011,-0.042325001209974289,0.0449503572890535,3542.5770263671875
0.42350000143051147,-0.042350001633167267,0.045000693993642926,3540.1234741210938
0.42375001311302185,-0.042374998331069946,0.045051009161397815,3537.6734619140625
0.42399999499320984,-0.042399998754262924,0.0451013024430722,3535.2283020019531
0.42425000667572021,-0.042424999177455902,0.045151562080718577,3532.7890930175781
0.4244999885559082,-0.04244999960064888,0.045201791683211923,3530.3560180664062
0.42475000023841858,-0.042475000023841858,0.045251985895447433,3527.9307250976562
0.42500001192092896,-0.042500000447034836,0.045302223414182663,3525.4985046386719
0.42524999380111694,-0.042525000870227814,0.045352481189183891,3523.061767578125
0.42550000548362732,-0.042550001293420792,0.045402766088955104,3520.6207275390625
0.42574998736381531,-0.04257500171661377,0.045453066239133477,3518.1773071289062
0.42599999904632568,-0.042599998414516449,0.045503424829803407,3515.7237854003906
0.42625001072883606,-0.042624998837709427,0.045553802396170795,3513.2676086425781
0.42649999260902405,-0.042649999260902405,0.045604170649312437,3510.8135986328125
0.42675000429153442,-0.042674999684095383,0.045654517831280828,3508.3636474609375
0.42699998617172241,-0.042700000107288361,0.045704829040914774,3505.9226989746094
0.42724999785423279,-0.042725000530481339,0.045755151659250259,3503.4799194335938
0.42750000953674316,-0.042750000953674316,0.045805517351254821,3501.0304870605469
0.42774999141693115,-0.042775001376867294,0.045855926466174424,3498.5734558105469
0.42800000309944153,-0.042800001800060272,0.045906374580226839,3496.1098022460938
0.4282500147819519,-0.042824998497962952,0.045956841902807355,3493.6426391601562
0.42849999666213989,-0.04284999892115593,0.046007319702766836,3491.1749877929688
0.42875000834465027,-0.042874999344348907,0.046057784580625594,3488.7096252441406
0.42899999022483826,-0.042899999767541885,0.04610822384711355,3486.249267578125
0.42925000190734863,-0.042925000190734863,0.046158623183146119,3483.7979736328125
0.42950001358985901,-0.042950000613927841,0.046209041960537434,3481.3432922363281
0.429749995470047,-0.042975001037120819,0.046259468188509345,3478.8875122070312
0.43000000715255737,-0.043000001460313797,0.04630989336874336,3476.4317626953125
0.43024998903274536,-0.043024998158216476,0.046360320877283812,3473.9768676757812
0.43050000071525574,-0.043049998581409454,0.046410743030719459,3471.52392578125
0.43075001239776611,-0.043074999004602432,0.046461152262054384,3469.0733642578125
0.4309999942779541,-0.04309999942779541,0.046511540072970092,3466.6272277832031
0.43125000596046448,-0.043124999850988388,0.046561884693801403,3464.1908569335938
0.43149998784065247,-0.043150000274181366,0.046612256672233343,3461.7503662109375
0.43174999952316284,-0.043175000697374344,0.04666263225954026,3459.3091125488281
0.43200001120567322,-0.043200001120567322,0.046713129617273808,3456.8504333496094
0.43224999308586121,-0.0432250015437603,0.046763703343458474,3454.3780517578125
0.43250000476837158,-0.043249998241662979,0.046814316534437239,3451.8995056152344
0.43274998664855957,-0.043274998664855957,0.046865069540217519,3449.3966674804688
0.43299999833106995,-0.043299999088048935,0.04691585002001375,3446.8886108398438
0.43325001001358032,-0.043324999511241913,0.046966617228463292,3444.3830261230469
0.43349999189376831,-0.043349999934434891,0.047017338220030069,3441.8861999511719
0.43375000357627869,-0.043375000357627869,0.047068040468730032,3439.3953552246094
0.43399998545646667,-0.043400000780820847,0.047118781716562808,3436.8980712890625
0.43424999713897705,-0.043425001204013824,0.047169542289339006,3434.3978576660156
0.43450000882148743,-0.043450001627206802,0.047220302047207952,3431.8984680175781
0.43474999070167542,-0.043474998325109482,0.047271040733903646,3429.4023742675781
0.43500000238418579,-0.04349999874830246,0.047321753576397896,3426.9115905761719
0.43525001406669617,-0.043524999171495438,0.047372428933158517,3424.427734375
0.43549999594688416,-0.043549999594688416,0.047423066338524222,3421.9515686035156
0.43575000762939453,-0.043575000017881393,0.047473658225499094,3419.4832153320312
0.43599998950958252,-0.043600000441074371,0.047524212277494371,3417.0225219726562
0.4362500011920929,-0.043625000864267349,0.047574734664522111,3414.5702514648438
0.43650001287460327,-0.043650001287460327,0.047625269275158644,3412.115234375
0.43674999475479126,-0.043675001710653305,0.047675859299488366,3409.6510925292969
0.43700000643730164,-0.043699998408555984,0.047726469114422798,3407.1834411621094
0.43724998831748962,-0.043724998831748962,0.047777145751751959,3404.7046508789062
0.4375,-0.04374999925494194,0.047827821807004511,3402.2261962890625
0.43775001168251038,-0.043774999678134918,0.047878479235805571,3399.7531127929688
0.43799999356269836,-0.043800000101327896,0.047929119784384966,3397.2833862304688
0.43825000524520874,-0.043825000524520874,0.047979730763472617,3394.8197326660156
0.43849998712539673,-0.043850000947713852,0.04803027817979455,3392.3694458007812
0.4387499988079071,-0.04387500137090683,0.048080841079354286,3389.9169616699219
0.43900001049041748,-0.043900001794099808,0.048131415154784918,3387.4627685546875
0.43924999237060547,-0.043924998492002487,0.048182076308876276,3384.9945678710938
0.43950000405311584,-0.043949998915195465,0.048232785309664905,3382.517333984375
0.43974998593330383,-0.043974999338388443,0.048283513053320348,3380.0378723144531
0.43999999761581421,-0.043999999761581421,0.048334231367334723,3377.5606079101562
0.44025000929832458,-0.044025000184774399,0.04838492872659117,3375.0873413085938
0.44049999117851257,-0.044050000607967377,0.048435592441819608,3372.6208801269531
0.44075000286102295,-0.044075001031160355,0.048486193059943616,3370.1676025390625
0.44100001454353333,-0.044100001454353333,0.048536767484620214,3367.7203369140625
0.44124999642372131,-0.044124998152256012,0.048587345634587109,3365.2721557617188
0.44150000810623169,-0.04414999857544899,0.048637926811352372,3362.8237609863281
0.44174998998641968,-0.044174998998641968,0.048688507056795061,3360.3762512207031
0.44200000166893005,-0.044199999421834946,0.048739093355834484,3357.9291687011719
0.44225001335144043,-0.044224999845027924,0.048789678956381977,3355.48291015625
0.44249999523162842,-0.044250000268220901,0.048840243718586862,3353.040283203125
0.44275000691413879,-0.044275000691413879,0.048890779027715325,3350.6033630371094
0.44299998879432678,-0.044300001114606857,0.048941254965029657,3348.1799926757812
0.44325000047683716,-0.044325001537799835,0.048991750227287412,3345.7539672851562
0.44350001215934753,-0.044349998235702515,0.049042245256714523,3343.3278503417969
0.44374999403953552,-0.044374998658895493,0.0490927699720487,3340.8993530273438
0.4440000057220459,-0.04439999908208847,0.049143446027301252,3338.4467163085938
0.44424998760223389,-0.044424999505281448,0.049194153980351985,3335.9886474609375
0.44449999928474426,-0.044449999928474426,0.049244881374761462,3333.527587890625
0.44475001096725464,-0.044475000351667404,0.049295671400614083,3331.0559997558594
0.44499999284744263,-0.044500000774860382,0.0493464688770473,3328.5835876464844
0.445250004529953,-0.04452500119805336,0.049397252616472542,3326.1146240234375
0.44549998641014099,-0.044550001621246338,0.049448019242845476,3323.6493225097656
0.44574999809265137,-0.044574998319149017,0.049498731270432472,3321.1950988769531
0.44600000977516174,-0.044599998742341995,0.049549441668204963,3318.7429809570312
0.44624999165534973,-0.044624999165534973,0.049600183265283704,3316.2860107421875
0.44650000333786011,-0.044649999588727951,0.049650924396701157,3313.8289489746094
0.4467499852180481,-0.044675000011920929,0.049701652489602566,3311.374267578125
0.44699999690055847,-0.044700000435113907,0.049752359162084758,3308.9241027832031
0.44725000858306885,-0.044725000858306885,0.049803032423369586,3306.4804992675781
0.44749999046325684,-0.044750001281499863,0.049853664124384522,3304.0446472167969
0.44775000214576721,-0.044775001704692841,0.04990425007417798,3301.6175842285156
0.44800001382827759,-0.04479999840259552,0.049954786780290306,3299.1992797851562
0.44824999570846558,-0.044824998825788498,0.050005285418592393,3296.7895202636719
0.44850000739097595,-0.044849999248981476,0.050055729574523866,3294.3912353515625
0.44874998927116394,-0.044874999672174454,0.050106185139156878,3291.9913024902344
0.44900000095367432,-0.044900000095367432,0.050156660377979279,3289.5881958007812
0.44925001263618469,-0.04492500051856041,0.050207218737341464,3287.1717529296875
0.44949999451637268,-0.044950000941753387,0.050257824594154954,3284.7472229003906
0.44975000619888306,-0.044975001364946365,0.050308429170399904,3282.3237915039062
0.44999998807907104,-0.045000001788139343,0.050359012675471604,3279.9044189453125
0.45024999976158142,-0.045024998486042023,0.050409558811224997,3277.4926452636719
0.4505000114440918,-0.045049998909235001,0.050460051279515028,3275.0906677246094
0.45074999332427979,-0.045074999332427979,0.050510493805631995,3272.6993408203125
0.45100000500679016,-0.045099999755620956,0.050560840871185064,3270.3276062011719
0.45124998688697815,-0.045125000178813934,0.050611215527169406,3267.9518432617188
0.45149999856948853,-0.045150000602006912,0.050661609973758459,3265.5728149414062
0.4517500102519989,-0.04517500102519989,0.050712103256955743,3263.1777954101562
0.45199999213218689,-0.045200001448392868,0.050762684317305684,3260.7672119140625
0.45225000381469727,-0.045224998146295547,0.050813269102945924,3258.355712890625
0.45249998569488525,-0.045249998569488525,0.050863840384408832,3255.9477844238281
0.45274999737739563,-0.045274998992681503,0.050914370454847813,3253.5472717285156
0.45300000905990601,-0.045299999415874481,0.05096485058311373,3251.1567687988281
0.45324999094009399,-0.045324999839067459,0.051015269127674401,3248.7776794433594
0.45350000262260437,-0.045350000262260437,0.05106557160615921,3246.4224243164062
0.45375001430511475,-0.045375000685453415,0.051115881884470582,3244.0660095214844
0.45399999618530273,-0.045400001108646393,0.051166235585696995,3241.7028503417969
0.45425000786781311,-0.045425001531839371,0.051216624910011888,3239.3336486816406
0.4544999897480011,-0.04544999822974205,0.051267025293782353,3236.9638366699219
0.45475000143051147,-0.045474998652935028,0.051317412871867418,3234.5963134765625
0.45500001311302185,-0.045499999076128006,0.051367771346122026,3232.2341003417969
0.45524999499320984,-0.045524999499320984,0.051418092218227684,3229.87939453125
0.45550000667572021,-0.045549999922513962,0.051468346617184579,3227.5383605957031
0.4557499885559082,-0.04557500034570694,0.051518559106625617,3225.2067260742188
0.45600000023841858,-0.045600000768899918,0.051568775321356952,3222.8743896484375
0.45625001192092896,-0.045625001192092896,0.051618998870253563,3220.5416564941406
0.45649999380111694,-0.045650001615285873,0.051669248845428228,3218.2062683105469
0.45675000548362732,-0.045674998313188553,0.051719605689868331,3215.8557739257812
0.45699998736381531,-0.045699998736381531,0.051770054502412677,3213.4894104003906
0.45724999904632568,-0.045724999159574509,0.051820507156662643,3211.1219177246094
0.45750001072883606,-0.045749999582767487,0.051870942465029657,3208.7580261230469
0.45774999260902405,-0.045775000005960464,0.051921330741606653,3206.4046325683594
0.45800000429153442,-0.045800000429153442,0.051971721928566694,3204.0519409179688
0.45824998617172241,-0.04582500085234642,0.052022112533450127,3201.6995544433594
0.45849999785423279,-0.045850001275539398,0.052072490565478802,3199.3496704101562
0.45875000953674316,-0.045875001698732376,0.052122851135209203,3197.0037841796875
0.45899999141693115,-0.045899998396635056,0.052173173404298723,3194.6664428710938
0.45925000309944153,-0.045924998819828033,0.052223502541892231,3192.3287658691406
0.4595000147819519,-0.045949999243021011,0.05227386299520731,3189.986328125
0.45974999666213989,-0.045974999666213989,0.052324218908324838,3187.6442565917969
0.46000000834465027,-0.046000000089406967,0.052374561666510999,3185.3054504394531
0.46024999022483826,-0.046025000512599945,0.052424871479161084,3182.9722290039062
0.46050000190734863,-0.046050000935792923,0.052475143922492862,3180.6466369628906
0.46075001358985901,-0.046075001358985901,0.052525370847433805,3178.32958984375
0.460999995470047,-0.046100001782178879,0.052575548645108938,3176.0216064453125
0.46125000715255737,-0.046124998480081558,0.052625680807977915,3173.7229309082031
0.46149998903274536,-0.046149998903274536,0.05267576384358108,3171.4330749511719
0.46175000071525574,-0.046174999326467514,0.05272580950986594,3169.1507263183594
0.46200001239776611,-0.046199999749660492,0.052775837015360594,3166.8738708496094
0.4622499942779541,-0.04622500017285347,0.052825912018306553,3164.5897827148438
0.46250000596046448,-0.046250000596046448,0.052876078290864825,3162.2910461425781
0.46274998784065247,-0.046275001019239426,0.052926256321370602,3159.9898681640625
0.46299999952316284,-0.046300001442432404,0.052976433420553803,3157.6893615722656
0.46325001120567322,-0.046324998140335083,0.053026597015559673,3155.3926696777344
0.46349999308586121,-0.046349998563528061,0.053076710901223123,3153.1056823730469
0.46375000476837158,-0.046374998986721039,0.053126796265132725,3150.8240051269531
0.46399998664855957,-0.046399999409914017,0.053176848334260285,3148.5494384765625
0.46424999833106995,-0.046424999833106995,0.053226851625367999,3146.2833557128906
0.46450001001358032,-0.046450000256299973,0.053276809398084879,3144.0264282226562
0.46474999189376831,-0.04647500067949295,0.05332668824121356,3141.7856140136719
0.46500000357627869,-0.046500001102685928,0.05337659060023725,3139.5411376953125
0.46524998545646667,-0.046525001525878906,0.053426540223881602,3137.2890625
0.46549999713897705,-0.046549998223781586,0.053476620931178331,3135.0159606933594
0.46575000882148743,-0.046574998646974564,0.053526713396422565,3132.7405090332031
0.46599999070167542,-0.046599999070167542,0.05357680469751358,3130.466064453125
0.46625000238418579,-0.046624999493360519,0.05362687143497169,3128.1955871582031
0.46650001406669617,-0.046649999916553497,0.053676900919526815,3125.9327087402344
0.46674999594688416,-0.046675000339746475,0.053726880811154842,3123.6794128417969
0.46700000762939453,-0.046700000762939453,0.053776774439029396,3121.4429626464844
0.46724998950958252,-0.046725001186132431,0.053826630814000964,3119.2142944335938
0.4675000011920929,-0.046750001609325409,0.053876529796980321,3116.9807434082031
0.46775001287460327,-0.046774998307228088,0.053926440770737827,3114.7447509765625
0.46799999475479126,-0.046799998730421066,0.053976366645656526,3112.5070190429688
0.46825000643730164,-0.046824999153614044,0.054026287980377674,3110.2697143554688
0.46849998831748962,-0.046849999576807022,0.054076192318461835,3108.0354614257812
0.46875,-0.046875,0.054126071510836482,3105.8065795898438
0.46900001168251038,-0.046900000423192978,0.054175917524844408,3103.5843200683594
0.46924999356269836,-0.046925000846385956,0.054225726518779993,3101.3692321777344
0.46950000524520874,-0.046950001269578934,0.054275469155982137,3099.1686096191406
0.46974998712539673,-0.046975001692771912,0.054325223434716463,3096.9661254882812
0.4699999988079071,-0.046999998390674591,0.054374985164031386,3094.7629089355469
0.47025001049041748,-0.047024998813867569,0.054424746078439057,3092.5602111816406
0.47049999237060547,-0.047049999237060547,0.054474509553983808,3090.3585815429688
0.47075000405311584,-0.047074999660253525,0.054524311213754117,3088.1525268554688
0.47099998593330383,-0.047100000083446503,0.054574151989072561,3085.94091796875
0.47124999761581421,-0.047125000506639481,0.054624047945253551,3083.7208862304688
0.47150000929832458,-0.047150000929832458,0.054673963226377964,3081.4983825683594
0.47174999117851257,-0.047175001353025436,0.054723865818232298,3079.2782897949219
0.47200000286102295,-0.047200001776218414,0.054773747688159347,3077.0619812011719
0.47225001454353333,-0.047224998474121094,0.054823600221425295,3074.8523864746094
0.47249999642372131,-0.047249998897314072,0.054873390006832778,3072.6558837890625
0.47275000810623169,-0.04727499932050705,0.054923187475651503,3070.4581909179688
0.47299998998641968,-0.047299999743700027,0.054972988553345203,3068.2598876953125
0.47325000166893005,-0.047325000166893005,0.055022784741595387,3066.062744140625
0.47350001335144043,-0.047350000590085983,0.055072563700377941,3063.8689880371094
0.47374999523162842,-0.047375001013278961,0.055122345103882253,3061.6759033203125
0.47400000691413879,-0.047400001436471939,0.055172125808894634,3059.4834899902344
0.47424998879432678,-0.047425001859664917,0.055221929214894772,3057.2879333496094
0.47450000047683716,-0.047449998557567596,0.055271736113354564,3055.0923767089844
0.47475001215934753,-0.047474998980760574,0.055321530206128955,3052.8994750976562
0.47499999403953552,-0.047499999403953552,0.055371291702613235,3050.7117004394531
0.4752500057220459,-0.04752499982714653,0.05542101978790015,3048.5312194824219
0.47549998760223389,-0.047550000250339508,0.055470698978751898,3046.3591003417969
0.47574999928474426,-0.047575000673532486,0.055520336725749075,3044.1956481933594
0.47600001096725464,-0.047600001096725464,0.055569929536432028,3042.0399169921875
0.47624999284744263,-0.047625001519918442,0.055619493126869202,3039.8907165527344
0.476500004529953,-0.047649998217821121,0.055669042398221791,3037.7465515136719
0.47674998641014099,-0.047674998641014099,0.055718667223118246,3035.5912170410156
0.47699999809265137,-0.047699999064207077,0.055768363294191658,3033.4250793457031
0.47725000977516174,-0.047724999487400055,0.055818111286498606,3031.2495727539062
0.47749999165534973,-0.047749999910593033,0.055867870454676449,3029.0731811523438
0.47775000333786011,-0.047775000333786011,0.055917605175636709,3026.9001159667969
0.4779999852180481,-0.047800000756978989,0.055967306485399604,3024.7339782714844
0.47824999690055847,-0.047825001180171967,0.056016950984485447,3022.5771484375
0.47850000858306885,-0.047850001603364944,0.056066545774228871,3020.4303588867188
0.47874999046325684,-0.047874998301267624,0.056116083753295243,3018.2933654785156
0.47900000214576721,-0.047899998724460602,0.056165576446801424,3016.1649169921875
0.47925001382827759,-0.04792499914765358,0.056215032236650586,3014.0430603027344
0.47949999570846558,-0.047949999570846558,0.056264462415128946,3011.9279479980469
0.47975000739097595,-0.047974999994039536,0.056313888169825077,3009.8136901855469
0.47999998927116394,-0.048000000417232513,0.056363328942097723,3007.697998046875
0.48025000095367432,-0.048025000840425491,0.056412884034216404,3005.5658569335938
0.48050001263618469,-0.048050001263618469,0.056462454958818853,3003.4305419921875
0.48074999451637268,-0.048075001686811447,0.056512033101171255,3001.2943115234375
0.48100000619888306,-0.048099998384714127,0.05656163755338639,2999.1552124023438
0.48124998807907104,-0.048124998807907104,0.056611249572597444,2997.0150756835938
0.48149999976158142,-0.048149999231100082,0.056660849251784384,2994.8771667480469
0.4817500114440918,-0.04817499965429306,0.056710427743382752,2992.7444458007812
0.48199999332427979,-0.048200000077486038,0.05675996548961848,2990.6187438964844
0.48225000500679016,-0.048225000500679016,0.056809462024830282,2988.5010375976562
0.48249998688697815,-0.048250000923871994,0.056858925381675363,2986.3902893066406
0.48274999856948853,-0.048275001347064972,0.056908366503193974,2984.2853698730469
0.4830000102519989,-0.04830000177025795,0.056957827182486653,2982.1775817871094
0.48324999213218689,-0.048324998468160629,0.057007303577847779,2980.0670776367188
0.48350000381469727,-0.048349998891353607,0.057056783465668559,2977.9554138183594
0.48374998569488525,-0.048374999314546585,0.057106262305751443,2975.8450927734375
0.48399999737739563,-0.048399999737739563,0.057155724265612662,2973.7381896972656
0.48425000905990601,-0.048425000160932541,0.057205153396353126,2971.6367797851562
0.48449999094009399,-0.048450000584125519,0.05725454946514219,2969.5421142578125
0.48475000262260437,-0.048475001007318497,0.057303908513858914,2967.4544372558594
0.48500001430511475,-0.048500001430511475,0.05735320586245507,2965.3791809082031
0.48524999618530273,-0.048525001853704453,0.057402506470680237,2963.3041687011719
0.48550000786781311,-0.048549998551607132,0.057451810804195702,2961.228271484375
0.4857499897480011,-0.04857499897480011,0.057501130038872361,2959.1518859863281
0.48600000143051147,-0.048599999397993088,0.057550456374883652,2957.0746154785156
0.48625001311302185,-0.048624999821186066,0.057599817286245525,2954.9933776855469
0.48649999499320984,-0.048650000244379044,0.057649197406135499,2952.9093017578125
0.48675000667572021,-0.048675000667572021,0.057698576594702899,2950.8260803222656
0.4869999885559082,-0.048700001090764999,0.057747958693653345,2948.7438354492188
0.48725000023841858,-0.048725001513957977,0.057797367684543133,2946.6587524414062
0.48750001192092896,-0.048749998211860657,0.057846780051477253,2944.5733947753906
0.48774999380111694,-0.048774998635053635,0.05789618007838726,2942.489990234375
0.48800000548362732,-0.048799999058246613,0.057945562759414315,2940.4109497070312
0.48824998736381531,-0.04882499948143959,0.057994908886030316,2938.3378295898438
0.48849999904632568,-0.048849999904632568,0.058044208795763552,2936.2751159667969
0.48875001072883606,-0.048875000327825546,0.058093516388908029,2934.2112121582031
0.48899999260902405,-0.048900000751018524,0.0581428351579234,2932.1461181640625
0.48925000429153442,-0.048925001174211502,0.058192149735987186,2930.0811157226562
0.48949998617172241,-0.04895000159740448,0.058241459308192134,2928.0178527832031
0.48974999785423279,-0.048974998295307159,0.058290762826800346,2925.9571838378906
0.49000000953674316,-0.048999998718500137,0.058340058312751353,2923.8971557617188
0.49024999141693115,-0.049024999141693115,0.058389336569234729,2921.8408813476562
0.49050000309944153,-0.049049999564886093,0.058438605861738324,2919.7869567871094
0.4907500147819519,-0.049074999988079071,0.058487890171818435,2917.7319030761719
0.49099999666213989,-0.049100000411272049,0.058537174016237259,2915.67724609375
0.49125000834465027,-0.049125000834465027,0.058586445287801325,2913.6248474121094
0.49149999022483826,-0.049150001257658005,0.058635699679143727,2911.5763244628906
0.49175000190734863,-0.049175001680850983,0.058684920659288764,2909.5345458984375
0.49200001358985901,-0.049199998378753662,0.058734124759212136,2907.4960021972656
0.492249995470047,-0.04922499880194664,0.058783335261978209,2905.4581909179688
0.49250000715255737,-0.049249999225139618,0.058832549373619258,2903.4195251464844
0.49274998903274536,-0.049274999648332596,0.058881766395643353,2901.3811645507812
0.49300000071525574,-0.049300000071525574,0.058930978644639254,2899.3434753417969
0.49325001239776611,-0.049325000494718552,0.05898020148742944,2897.3041687011719
0.4934999942779541,-0.04935000091791153,0.059029443538747728,2895.2623901367188
0.49375000596046448,-0.049375001341104507,0.059078736579976976,2893.2120666503906
0.49399998784065247,-0.049400001764297485,0.059128036955371499,2891.1609497070312
0.49424999952316284,-0.049424998462200165,0.059177321032620966,2889.112060546875
0.49450001120567322,-0.049449998885393143,0.059226580313406885,2887.06787109375
0.49474999308586121,-0.049474999308586121,0.059275810373947024,2885.0298156738281
0.49500000476837158,-0.049499999731779099,0.059325007721781731,2882.9980773925781
0.49524998664855957,-0.049525000154972076,0.059374159784056246,2880.9761657714844
0.49549999833106995,-0.049550000578165054,0.059423291590064764,2878.95849609375
0.49575001001358032,-0.049575001001358032,0.059472394757904112,2876.9466552734375
0.49599999189376831,-0.04960000142455101,0.059521461138501763,2874.9413146972656
0.49625000357627869,-0.049625001847743988,0.059570485609583557,2872.9456176757812
0.49649998545646667,-0.049649998545646667,0.059619501582346857,2870.9515075683594
0.49674999713897705,-0.049674998968839645,0.059668583679012954,2868.9479370117188
0.49700000882148743,-0.049699999392032623,0.059717741212807596,2866.9317321777344
0.49724999070167542,-0.049724999815225601,0.059766934020444751,2864.9097290039062
0.49750000238418579,-0.049750000238418579,0.05981612647883594,2862.8873291015625
0.49775001406669617,-0.049775000661611557,0.059865309973247349,2860.8671875
0.49799999594688416,-0.049800001084804535,0.059914483921602368,2858.8491516113281
0.49825000762939453,-0.049825001507997513,0.059963657637126744,2856.8307495117188
0.49849998950958252,-0.049849998205900192,0.060012830421328545,2854.8132629394531
0.4987500011920929,-0.04987499862909317,0.060061994474381208,2852.7977600097656
0.49900001287460327,-0.049899999052286148,0.06011114944703877,2850.7848205566406
0.49924999475479126,-0.049924999475479126,0.060160295572131872,2848.7743225097656
0.49950000643730164,-0.049949999898672104,0.060209448100067675,2846.7642517089844
0.49974998831748962,-0.049975000321865082,0.060258647659793496,2844.7472839355469
0.5,-0.05000000074505806,0.060307847219519317,2842.7293395996094
0.50024998188018799,-0.050025001168251038,0.060357045847922564,2840.7124328613281
0.50050002336502075,-0.050050001591444016,0.060406223870813847,2838.6986389160156
0.50075000524520874,-0.050074998289346695,0.06045537709724158,2836.6893005371094
0.50099998712539673,-0.050099998712539673,0.060504501336254179,2834.6852722167969
0.50125002861022949,-0.050124999135732651,0.060553596820682287,2832.6864624023438
0.50150001049041748,-0.050149999558925629,0.060602671350352466,2830.69189453125
0.50174999237060547,-0.050174999982118607,0.060651732957921922,2828.7002258300781
0.50199997425079346,-0.050200000405311584,0.060700829024426639,2826.7039794921875
0.50225001573562622,-0.050225000828504562,0.060749940923415124,2824.7046508789062
0.50249999761581421,-0.05025000125169754,0.060799072030931711,2822.7032165527344
0.5027499794960022,-0.050275001674890518,0.060848214430734515,2820.700439453125
0.50300002098083496,-0.050299998372793198,0.060897363931871951,2818.6976928710938
0.50325000286102295,-0.050324998795986176,0.06094651622697711,2816.69580078125
0.50349998474121094,-0.050349999219179153,0.060995675274170935,2814.6936340332031
0.5037500262260437,-0.050374999642372131,0.061044865055009723,2812.6879272460938
0.50400000810623169,-0.050400000065565109,0.061094102216884494,2810.675048828125
0.50424998998641968,-0.050425000488758087,0.061143354396335781,2808.6610107421875
0.50449997186660767,-0.050450000911951065,0.061192661407403648,2806.6383056640625
0.50475001335144043,-0.050475001335144043,0.061241975985467434,2804.6148986816406
0.50499999523162842,-0.050500001758337021,0.061291277990676463,2802.5934143066406
0.50524997711181641,-0.0505249984562397,0.061340551474131644,2800.5766296386719
0.50550001859664917,-0.050549998879432678,0.06138979212846607,2798.5658569335938
0.50575000047683716,-0.050574999302625656,0.061439003795385361,2796.5608520507812
0.50599998235702515,-0.050599999725818634,0.061488213366828859,2794.5582885742188
0.50625002384185791,-0.050625000149011612,0.061537439003586769,2792.5521850585938
0.5065000057220459,-0.05065000057220459,0.061586688039824367,2790.5426940917969
0.50674998760223389,-0.050675000995397568,0.061635952326469123,2788.531005859375
0.50700002908706665,-0.050700001418590546,0.061685223830863833,2786.5185852050781
0.50725001096725464,-0.050725001841783524,0.061734510352835059,2784.5041809082031
0.50749999284744263,-0.050749998539686203,0.061783827841281891,2782.4859008789062
0.50774997472763062,-0.050774998962879181,0.061833152663893998,2780.4671020507812
0.50800001621246338,-0.050799999386072159,0.06188249250408262,2778.4456176757812
0.50824999809265137,-0.050824999809265137,0.06193183979485184,2776.4231567382812
0.50849997997283936,-0.050850000232458115,0.061981186270713806,2774.4016265869141
0.50875002145767212,-0.050875000655651093,0.062030523782595992,2772.3827819824219
0.50900000333786011,-0.05090000107884407,0.062079836381599307,2770.3681182861328
0.5092499852180481,-0.050925001502037048,0.062129148049280047,2768.3546752929688
0.50950002670288086,-0.050949998199939728,0.062178459018468857,2766.3423004150391
0.50975000858306885,-0.050974998623132706,0.062227776856161654,2764.3293609619141
0.50999999046325684,-0.050999999046325684,0.062277102144435048,2762.3159484863281
0.51024997234344482,-0.051024999469518661,0.062326426734216511,2760.3033294677734
0.51050001382827759,-0.051049999892711639,0.062375742592848837,2758.2923126220703
0.51074999570846558,-0.051075000315904617,0.062425072770565748,2756.2811126708984
0.51099997758865356,-0.051100000739097595,0.062474403064697981,2754.2690124511719
0.51125001907348633,-0.051125001162290573,0.06252376374322921,2752.2545013427734
0.51150000095367432,-0.051150001585483551,0.062573140254244208,2750.2367401123047
0.5117499828338623,-0.05117499828338623,0.062622516183182597,2748.2191162109375
0.51200002431869507,-0.051199998706579208,0.062671883497387171,2746.2033843994141
0.51225000619888306,-0.051224999129772186,0.062721233582124114,2744.19140625
0.51249998807907104,-0.051249999552965164,0.062770575284957886,2742.1809844970703
0.51275002956390381,-0.051274999976158142,0.062819908023811877,2740.1732940673828
0.5130000114440918,-0.05130000039935112,0.062869223998859525,2738.1689758300781
0.51324999332427979,-0.051325000822544098,0.06291852321010083,2736.1683807373047
0.51349997520446777,-0.051350001245737076,0.062967805424705148,2734.1714477539062
0.51375001668930054,-0.051375001668930054,0.06301706307567656,2732.1786346435547
0.51399999856948853,-0.051399998366832733,0.063066320028156042,2730.1866455078125
0.51424998044967651,-0.051424998790025711,0.063115576049312949,2728.1959381103516
0.51450002193450928,-0.051449999213218689,0.063164847204461694,2726.2031097412109
0.51475000381469727,-0.051474999636411667,0.063214180874638259,2724.2016143798828
0.51499998569488525,-0.051500000059604645,0.063263561809435487,2722.1925354003906
0.51525002717971802,-0.051525000482797623,0.063312950194813311,2720.1829528808594
0.51550000905990601,-0.051550000905990601,0.06336232228204608,2718.1751098632812
0.51574999094009399,-0.051575001329183578,0.063411684823222458,2716.1707916259766
0.51599997282028198,-0.051600001752376556,0.063461054814979434,2714.1652679443359
0.51625001430511475,-0.051624998450279236,0.063510431908071041,2712.1597595214844
0.51649999618530273,-0.051649998873472214,0.063559800619259477,2710.1556396484375
0.51674997806549072,-0.051674999296665192,0.063609160599298775,2708.1534271240234
0.51700001955032349,-0.05169999971985817,0.063658511848188937,2706.1535186767578
0.51725000143051147,-0.051725000143051147,0.063707854249514639,2704.1558532714844
0.51749998331069946,-0.051750000566244125,0.063757187803275883,2702.1604461669922
0.51775002479553223,-0.051775000989437103,0.063806559308432043,2700.1614379882812
0.51800000667572021,-0.051800001412630081,0.06385593896266073,2698.1602935791016
0.5182499885559082,-0.051825001835823059,0.063905318384058774,2696.1586456298828
0.51849997043609619,-0.051849998533725739,0.06395468907430768,2694.1588439941406
0.51875001192092896,-0.051874998956918716,0.064004043000750244,2692.1625366210938
0.51899999380111694,-0.051899999380111694,0.064053372014313936,2690.1707763671875
0.51924997568130493,-0.051924999803304672,0.064102676464244723,2688.1836395263672
0.5195000171661377,-0.05195000022649765,0.064151956466957927,2686.2004547119141
0.51974999904632568,-0.051975000649690628,0.064201226807199419,2684.2212829589844
0.51999998092651367,-0.052000001072883606,0.064250520430505276,2682.239501953125
0.52025002241134644,-0.052025001496076584,0.064299813937395811,2680.25732421875
0.52050000429153442,-0.052049998193979263,0.064349106862209737,2678.2756652832031
0.52074998617172241,-0.052074998617172241,0.064398398855701089,2676.295166015625
0.52100002765655518,-0.052099999040365219,0.064447690034285188,2674.3158416748047
0.52125000953674316,-0.052124999463558197,0.064496980397962034,2672.3375244140625
0.52149999141693115,-0.052149999886751175,0.064546284964308143,2670.3594512939453
0.52174997329711914,-0.052175000309944153,0.064595605130307376,2668.3790283203125
0.5220000147819519,-0.052200000733137131,0.064644987694919109,2666.3904113769531
0.52224999666213989,-0.052225001156330109,0.064694378175772727,2664.4001922607422
0.52249997854232788,-0.052250001579523087,0.064743791124783456,2662.4080200195312
0.52275002002716064,-0.052274998277425766,0.064793235389515758,2660.4116516113281
0.52300000190734863,-0.052299998700618744,0.064842671505175531,2658.4159240722656
0.52324998378753662,-0.052324999123811722,0.064892098540440202,2656.4232788085938
0.52350002527236938,-0.0523499995470047,0.064941485761664808,2654.435791015625
0.52375000715255737,-0.052374999970197678,0.064990847837179899,2652.4543304443359
0.52399998903274536,-0.052400000393390656,0.065040177083574235,2650.4788665771484
0.52424997091293335,-0.052425000816583633,0.065089474082924426,2648.5086975097656
0.52450001239776611,-0.052450001239776611,0.065138776903040707,2646.5408477783203
0.5247499942779541,-0.052475001662969589,0.065188088221475482,2644.5702056884766
0.52499997615814209,-0.052499998360872269,0.065237422473728657,2642.5969390869141
0.52525001764297485,-0.052524998784065247,0.065286771976388991,2640.6221313476562
0.52549999952316284,-0.052549999207258224,0.065336113679222763,2638.6471862792969
0.52574998140335083,-0.052574999630451202,0.065385461784899235,2636.673828125
0.52600002288818359,-0.05260000005364418,0.065434785676188767,2634.7038421630859
0.52625000476837158,-0.052625000476837158,0.065484124119393528,2632.7335205078125
0.52649998664855957,-0.052650000900030136,0.065533477813005447,2630.7615509033203
0.52675002813339233,-0.052675001323223114,0.065582870622165501,2628.7835693359375
0.52700001001358032,-0.052700001746416092,0.065632255515083671,2626.8061065673828
0.52724999189376831,-0.052724998444318771,0.065681631327606738,2624.8314819335938
0.5274999737739563,-0.052749998867511749,0.065730982576496899,2622.8611450195312
0.52775001525878906,-0.052774999290704727,0.065780300879850984,2620.8974456787109
0.52799999713897705,-0.052799999713897705,0.065829610684886575,2618.9358062744141
0.52824997901916504,-0.052825000137090683,0.065878911758773029,2616.9762725830078
0.5285000205039978,-0.052850000560283661,0.065928227035328746,2615.017333984375
0.52875000238418579,-0.052875000983476639,0.065977542428299785,2613.0579071044922
0.52899998426437378,-0.052900001406669617,0.066026857122778893,2611.0990295410156
0.52925002574920654,-0.052925001829862595,0.066076178918592632,2609.1407623291016
0.52950000762939453,-0.052949998527765274,0.066125508048571646,2607.1818084716797
0.52974998950958252,-0.052974998950958252,0.066174829029478133,2605.2238616943359
0.52999997138977051,-0.05299999937415123,0.066224140929989517,2603.2687377929688
0.53025001287460327,-0.053024999797344208,0.066273451433517039,2601.31591796875
0.53049999475479126,-0.053050000220537186,0.066322761937044561,2599.3625335693359
0.53074997663497925,-0.053075000643730164,0.066372071858495474,2597.4095916748047
0.53100001811981201,-0.053100001066923141,0.066421380848623812,2595.4581756591797
0.53125,-0.053125001490116119,0.066470681107603014,2593.5092620849609
0.53149998188018799,-0.053149998188018799,0.066519964602775872,2591.5637969970703
0.53175002336502075,-0.053174998611211777,0.066569223767146468,2589.6224975585938
0.53200000524520874,-0.053199999034404755,0.06661845080088824,2587.6858367919922
0.53224998712539673,-0.053224999457597733,0.066667660721577704,2585.75390625
0.53250002861022949,-0.05324999988079071,0.06671684596221894,2583.8263854980469
0.53275001049041748,-0.053275000303983688,0.066765998955816031,2581.9041595458984
0.53299999237060547,-0.053300000727176666,0.066815151018090546,2579.9833984375
0.53324997425079346,-0.053325001150369644,0.066864287247881293,2578.0643768310547
0.53350001573562622,-0.053350001573562622,0.066913445247337222,2576.1458129882812
0.53374999761581421,-0.053374998271465302,0.066962690325453877,2574.2136993408203
0.5339999794960022,-0.053399998694658279,0.067011951003223658,2572.2791748046875
0.53425002098083496,-0.053424999117851257,0.067061211098916829,2570.3447113037109
0.53450000286102295,-0.053449999541044235,0.067110462463460863,2568.4122161865234
0.53474998474121094,-0.053474999964237213,0.067159696947783232,2566.4832000732422
0.5350000262260437,-0.053500000387430191,0.067208938649855554,2564.5539703369141
0.53525000810623169,-0.053525000810623169,0.067258172202855349,2562.6260528564453
0.53549998998641968,-0.053550001233816147,0.067307389224879444,2560.7009735107422
0.53574997186660767,-0.053575001657009125,0.067356589483097196,2558.7798461914062
0.53600001335144043,-0.053599998354911804,0.067405765643343329,2556.8626098632812
0.53624999523162842,-0.053624998778104782,0.067454932490363717,2554.948974609375
0.53649997711181641,-0.05364999920129776,0.067504082806408405,2553.0385284423828
0.53675001859664917,-0.053674999624490738,0.067553224158473313,2551.1312866210938
0.53700000047683716,-0.053700000047683716,0.067602341645397246,2549.2269592285156
0.53724998235702515,-0.053725000470876694,0.067651473334990442,2547.3231964111328
0.53750002384185791,-0.053750000894069672,0.06770062108989805,2545.4155578613281
0.5377500057220459,-0.05377500131726265,0.067749776062555611,2543.5077056884766
0.53799998760223389,-0.053800001740455627,0.067798922536894679,2541.6014556884766
0.53825002908706665,-0.053824998438358307,0.067848052596673369,2539.6979064941406
0.53850001096725464,-0.053849998861551285,0.067897166009061038,2537.7979888916016
0.53874999284744263,-0.053874999284744263,0.067946246243081987,2535.9051818847656
0.53899997472763062,-0.053899999707937241,0.067995333927683532,2534.0118713378906
0.53925001621246338,-0.053925000131130219,0.068044421263039112,2532.1190032958984
0.53949999809265137,-0.053950000554323196,0.068093507783487439,2530.2275848388672
0.53974997997283936,-0.053975000977516174,0.068142585689201951,2528.3384399414062
0.54000002145767212,-0.054000001400709152,0.068191647180356085,2526.4522857666016
0.54025000333786011,-0.05402500182390213,0.068240691907703876,2524.5697326660156
0.5404999852180481,-0.05404999852180481,0.068289719638414681,2522.6917572021484
0.54075002670288086,-0.054074998944997787,0.068338747136294842,2520.8138732910156
0.54100000858306885,-0.054099999368190765,0.068387789069674909,2518.9361572265625
0.54124999046325684,-0.054124999791383743,0.068436846835538745,2517.0553436279297
0.54149997234344482,-0.054150000214576721,0.068485927418805659,2515.1725311279297
0.54175001382827759,-0.054175000637769699,0.068535007419995964,2513.2906494140625
0.54199999570846558,-0.054200001060962677,0.068584078806452453,2511.41064453125
0.54224997758865356,-0.054225001484155655,0.068633196409791708,2509.5260467529297
0.54250001907348633,-0.054249998182058334,0.068682314245961607,2507.6405029296875
0.54275000095367432,-0.054274998605251312,0.068731431267224252,2505.7557373046875
0.5429999828338623,-0.05429999902844429,0.068780539440922439,2503.8735656738281
0.54325002431869507,-0.054324999451637268,0.068829615833237767,2501.9955902099609
0.54350000619888306,-0.054349999874830246,0.068878667429089546,2500.1225891113281
0.54374998807907104,-0.054375000298023224,0.068927686661481857,2498.2550659179688
0.54400002956390381,-0.054400000721216202,0.068976681213825941,2496.3926086425781
0.5442500114440918,-0.05442500114440918,0.069025666220113635,2494.5345001220703
0.54449999332427979,-0.054450001567602158,0.069074651692062616,2492.6750640869141
0.54474997520446777,-0.054474998265504837,0.069123652065172791,2490.8144989013672
0.54500001668930054,-0.054499998688697815,0.069172652205452323,2488.9540100097656
0.54524999856948853,-0.054524999111890793,0.069221644080244005,2487.094970703125
0.54549998044967651,-0.054549999535083771,0.069270626991055906,2485.2386474609375
0.54575002193450928,-0.054574999958276749,0.069319585920311511,2483.3858642578125
0.54600000381469727,-0.054600000381469727,0.06936852796934545,2481.5373382568359
0.54624998569488525,-0.054625000804662704,0.069417445454746485,2479.693359375
0.54650002717971802,-0.054650001227855682,0.069466338027268648,2477.8547973632812
0.54675000905990601,-0.05467500165104866,0.069515261333435774,2476.0129547119141
0.54699999094009399,-0.05469999834895134,0.069564232253469527,2474.1630401611328
0.54724997282028198,-0.054724998772144318,0.069613203057087958,2472.3126678466797
0.54750001430511475,-0.054749999195337296,0.069662165362387896,2470.4639434814453
0.54774999618530273,-0.054774999618530273,0.069711111020296812,2468.6187438964844
0.54799997806549072,-0.054800000041723251,0.069760023849084973,2466.7801055908203
0.54825001955032349,-0.054825000464916229,0.069808927946723998,2464.9438934326172
0.54850000143051147,-0.054850000888109207,0.069857815862633288,2463.110595703125
0.54874998331069946,-0.054875001311302185,0.069906687363982201,2461.2803497314453
0.54900002479553223,-0.054900001734495163,0.069955565268173814,2459.4526672363281
0.54925000667572021,-0.054924998432397842,0.070004443055950105,2457.6249237060547
0.5494999885559082,-0.05494999885559082,0.070053335861302912,2455.7961883544922
0.54974997043609619,-0.054974999278783798,0.070102243684232235,2453.966552734375
0.55000001192092896,-0.054999999701976776,0.07015115104150027,2452.1370544433594
0.55024999380111694,-0.055025000125169754,0.070200057700276375,2450.3086547851562
0.55049997568130493,-0.055050000548362732,0.070248955860733986,2448.4821319580078
0.5507500171661377,-0.05507500097155571,0.070297853089869022,2446.6568298339844
0.55099999904632568,-0.055100001394748688,0.070346757653169334,2444.8313751220703
0.55124998092651367,-0.055125001817941666,0.070395653950981796,2443.0072021484375
0.55150002241134644,-0.055149998515844345,0.07044453383423388,2441.1859130859375
0.55175000429153442,-0.055174998939037323,0.070493381936103106,2439.3687438964844
0.55199998617172241,-0.055199999362230301,0.070542212924920022,2437.5563201904297
0.55225002765655518,-0.055224999785423279,0.070591011783108115,2435.7489013671875
0.55250000953674316,-0.055250000208616257,0.070639778627082705,2433.9463195800781
0.55274999141693115,-0.055275000631809235,0.070688528474420309,2432.1481018066406
0.55299997329711914,-0.055300001055002213,0.070737254223786294,2430.3537445068359
0.5532500147819519,-0.05532500147819519,0.070786009833682328,2428.5584869384766
0.55349999666213989,-0.05534999817609787,0.070834797224961221,2426.7577972412109
0.55374997854232788,-0.055374998599290848,0.070883592474274337,2424.9553833007812
0.55400002002716064,-0.055399999022483826,0.070932394883129746,2423.1528625488281
0.55425000190734863,-0.055424999445676804,0.070981188793666661,2421.3519897460938
0.55449998378753662,-0.055449999868869781,0.07102995878085494,2419.5543975830078
0.55475002527236938,-0.055475000292062759,0.071078727312851697,2417.7592010498047
0.55500000715255737,-0.055500000715255737,0.071127526694908738,2415.9608764648438
0.55524998903274536,-0.055525001138448715,0.071176326193381101,2414.1616668701172
0.55549997091293335,-0.055550001561641693,0.071225132793188095,2412.3627319335938
0.55575001239776611,-0.055574998259544373,0.071273923385888338,2410.5656127929688
0.5559999942779541,-0.05559999868273735,0.071322704898193479,2408.7718505859375
0.55624997615814209,-0.055624999105930328,0.071371454512700438,2406.9826965332031
0.55650001764297485,-0.055649999529123306,0.071420179330743849,2405.1988372802734
0.55674999952316284,-0.055674999952316284,0.071468864451162517,2403.4204711914062
0.55699998140335083,-0.055700000375509262,0.071517524891532958,2401.6471557617188
0.55725002288818359,-0.05572500079870224,0.071566168568097055,2399.8779907226562
0.55750000476837158,-0.055750001221895218,0.071614796004723758,2398.1114654541016
0.55774998664855957,-0.055775001645088196,0.071663422684650868,2396.3462982177734
0.55800002813339233,-0.055799998342990875,0.071712048607878387,2394.5823211669922
0.55825001001358032,-0.055824998766183853,0.071760658756829798,2392.8198394775391
0.55849999189376831,-0.055849999189376831,0.071809267799835652,2391.0593872070312
0.5587499737739563,-0.055874999612569809,0.071857860719319433,2389.3012847900391
0.55900001525878906,-0.055900000035762787,0.071906444965861738,2387.5456237792969
0.55924999713897705,-0.055925000458955765,0.071955005289055407,2385.7931976318359
0.55949997901916504,-0.055950000882148743,0.072003548382781446,2384.0457153320312
0.5597500205039978,-0.055975001305341721,0.072052098636049777,2382.2983856201172
0.56000000238418579,-0.056000001728534698,0.072100648831110448,2380.5507659912109
0.56024998426437378,-0.056024998426437378,0.072149268875364214,2378.7957153320312
0.56050002574920654,-0.056049998849630356,0.072197889036033303,2377.0397491455078
0.56075000762939453,-0.056074999272823334,0.072246515948791057,2375.2848815917969
0.56099998950958252,-0.056099999696016312,0.072295118938200176,2373.5329437255859
0.56124997138977051,-0.05612500011920929,0.072343720938079059,2371.7828216552734
0.56150001287460327,-0.056150000542402267,0.072392299014609307,2370.0361480712891
0.56174999475479126,-0.056175000965595245,0.072440852760337293,2368.2939605712891
0.56199997663497925,-0.056200001388788223,0.072489381942432374,2366.5564117431641
0.56225001811981201,-0.056225001811981201,0.072537886735517532,2364.8233947753906
0.5625,-0.056249998509883881,0.072586374764796346,2363.0945129394531
0.56274998188018799,-0.056274998933076859,0.072634854353964329,2361.3676147460938
0.56300002336502075,-0.056299999356269836,0.072683356935158372,2359.6387634277344
0.56325000524520874,-0.056324999779462814,0.072731874883174896,2357.9080657958984
0.56349998712539673,-0.056350000202655792,0.072780400281772017,2356.1766510009766
0.56375002861022949,-0.05637500062584877,0.072828917647711933,2354.4458160400391
0.56400001049041748,-0.056400001049041748,0.072877426340710372,2352.7174224853516
0.56424999237060547,-0.056425001472234726,0.072925910819321871,2350.9928894042969
0.56449997425079346,-0.056449998170137405,0.072974370792508125,2349.2729949951172
0.56475001573562622,-0.056474998593330383,0.073022798052988946,2347.5596160888672
0.56499999761581421,-0.056499999016523361,0.073071224731393158,2345.8472900390625
0.5652499794960022,-0.056524999439716339,0.073119674227200449,2344.1329345703125
0.56550002098083496,-0.056549999862909317,0.073168155155144632,2342.4136199951172
0.56575000286102295,-0.056575000286102295,0.073216635908465832,2340.6943969726562
0.56599998474121094,-0.056600000709295273,0.073265115788672119,2338.9765167236328
0.5662500262260437,-0.056625001132488251,0.073313602828420699,2337.2590789794922
0.56650000810623169,-0.056650001555681229,0.073362112569157034,2335.5401916503906
0.56674998998641968,-0.056674998253583908,0.073410630226135254,2333.81982421875
0.56699997186660767,-0.056699998676776886,0.07345914002507925,2332.0997924804688
0.56725001335144043,-0.056724999099969864,0.073507640918251127,2330.3826446533203
0.56749999523162842,-0.056749999523162842,0.073556109680794179,2328.6705932617188
0.56774997711181641,-0.05677499994635582,0.073604538454674184,2326.9649047851562
0.56800001859664917,-0.056800000369548798,0.073652934690471739,2325.2654418945312
0.56825000047683716,-0.056825000792741776,0.073701291170436889,2323.5714111328125
0.56849998235702515,-0.056850001215934753,0.073749630711972713,2321.8820037841797
0.56875002384185791,-0.056875001639127731,0.073797946271952242,2320.1959686279297
0.5690000057220459,-0.056899998337030411,0.073846253042574972,2318.5126342773438
0.56924998760223389,-0.056924998760223389,0.07389454374788329,2316.8316040039062
0.56950002908706665,-0.056949999183416367,0.073942818387877196,2315.1526947021484
0.56975001096725464,-0.056974999606609344,0.073991084413137287,2313.4761352539062
0.56999999284744263,-0.057000000029802322,0.074039334198459983,2311.8022766113281
0.57024997472763062,-0.0570250004529953,0.074087567743845284,2310.1312255859375
0.57050001621246338,-0.057050000876188278,0.074135792441666126,2308.4630279541016
0.57074999809265137,-0.057075001299381256,0.074184016149956733,2306.7969512939453
0.57099997997283936,-0.057100001722574234,0.074232247599866241,2305.1302337646484
0.57125002145767212,-0.057124998420476913,0.074280493776313961,2303.4635009765625
0.57150000333786011,-0.057149998843669891,0.074328778660856187,2301.7922821044922
0.5717499852180481,-0.057174999266862869,0.074377071461640298,2300.1192932128906
0.57200002670288086,-0.057199999690055847,0.074425402795895934,2298.4416656494141
0.57225000858306885,-0.057225000113248825,0.074473726330325007,2296.7642059326172
0.57249999046325684,-0.057250000536441803,0.074522048817016184,2295.08837890625
0.57274997234344482,-0.057275000959634781,0.074570370779838413,2293.4133758544922
0.57300001382827759,-0.057300001382827759,0.074618691927753389,2291.7399291992188
0.57324999570846558,-0.057325001806020737,0.074666997068561614,2290.0685729980469
0.57349997758865356,-0.057349998503923416,0.074715285911224782,2288.4000854492188
0.57375001907348633,-0.057374998927116394,0.074763558281119913,2286.7351531982422
0.57400000095367432,-0.057399999350309372,0.074811806669458747,2285.0734710693359
0.5742499828338623,-0.05742499977350235,0.074860077467747033,2283.4110717773438
0.57450002431869507,-0.057450000196695328,0.074908364156726748,2281.7456512451172
0.57475000619888306,-0.057475000619888306,0.074956666387151927,2280.0778656005859
0.57499998807907104,-0.057500001043081284,0.075004976126365364,2278.4091491699219
0.57525002956390381,-0.057525001466274261,0.075053277716506273,2276.7410736083984
0.5755000114440918,-0.057549998164176941,0.075101570575498044,2275.0754241943359
0.57574999332427979,-0.057574998587369919,0.0751498470781371,2273.4126739501953
0.57599997520446777,-0.057599999010562897,0.07519812264945358,2271.7515716552734
0.57625001668930054,-0.057624999433755875,0.075246405845973641,2270.08935546875
0.57649999856948853,-0.057649999856948853,0.075294704525731504,2268.4251251220703
0.57674998044967651,-0.05767500028014183,0.07534301036503166,2266.7609252929688
0.57700002193450928,-0.057700000703334808,0.075391300371848047,2265.0986480712891
0.57725000381469727,-0.057725001126527786,0.075439581589307636,2263.4391632080078
0.57749998569488525,-0.057750001549720764,0.075487838825210929,2261.7831115722656
0.57775002717971802,-0.057774998247623444,0.075536079588346183,2260.1305541992188
0.57800000905990601,-0.057799998670816422,0.075584303820505738,2258.4814147949219
0.57824999094009399,-0.057824999094009399,0.075632504129316658,2256.8355407714844
0.57849997282028198,-0.057849999517202377,0.07568070333218202,2255.1916351318359
0.57875001430511475,-0.057874999940395355,0.075728926167357713,2253.5438690185547
0.57899999618530273,-0.057900000363588333,0.075777164194732904,2251.8948669433594
0.57924997806549072,-0.057925000786781311,0.075825401989277452,2250.2455902099609
0.57950001955032349,-0.057950001209974289,0.075873639027122408,2248.5974426269531
0.57975000143051147,-0.057975001633167267,0.075921860057860613,2246.9514465332031
0.57999998331069946,-0.057999998331069946,0.075970064790453762,2245.3084259033203
0.58025002479553223,-0.058024998754262924,0.076018245541490614,2243.6686553955078
0.58050000667572021,-0.058049999177455902,0.076066417328547686,2242.0321807861328
0.5807499885559082,-0.05807499960064888,0.076114565250463784,2240.3987884521484
0.58099997043609619,-0.058100000023841858,0.076162696990650147,2238.7680511474609
0.58125001192092896,-0.058125000447034836,0.076210835541132838,2237.1384124755859
0.58149999380111694,-0.058150000870227814,0.076258973742369562,2235.5091400146484
0.58174997568130493,-0.058175001293420792,0.076307119335979223,2233.8795318603516
0.5820000171661377,-0.05820000171661377,0.076355279656127095,2232.2495422363281
0.58224999904632568,-0.058224998414516449,0.076403432409279048,2230.6194610595703
0.58249998092651367,-0.058249998837709427,0.07645159208914265,2228.9899597167969
0.58275002241134644,-0.058274999260902405,0.076499735878314823,2227.3621063232422
0.58300000429153442,-0.058299999684095383,0.07654787105275318,2225.7364501953125
0.58324998617172241,-0.058325000107288361,0.076596036728005856,2224.1083984375
0.58350002765655518,-0.058350000530481339,0.07664420222863555,2222.4804992675781
0.58375000953674316,-0.058375000953674316,0.076692351954989135,2220.8540191650391
0.58399999141693115,-0.058400001376867294,0.076740500633604825,2219.2299041748047
0.58424997329711914,-0.058425001800060272,0.076788640348240733,2217.6090393066406
0.5845000147819519,-0.058449998497962952,0.076836787629872561,2215.9878082275391
0.58474999666213989,-0.05847499892115593,0.076884997077286243,2214.3593444824219
0.58499997854232788,-0.058499999344348907,0.076933206641115248,2212.7301788330078
0.58525002002716064,-0.058524999767541885,0.076981408172287047,2211.1015319824219
0.58550000190734863,-0.058550000190734863,0.077029601263348013,2209.4747619628906
0.58574998378753662,-0.058575000613927841,0.07707778544863686,2207.8507080078125
0.58600002527236938,-0.058600001037120819,0.077125938434619457,2206.2295074462891
0.58625000715255737,-0.058625001460313797,0.077174082456622273,2204.6113739013672
0.58649998903274536,-0.058649998158216476,0.077222210355103016,2202.9958648681641
0.58674997091293335,-0.058674998581409454,0.077270345180295408,2201.3809509277344
0.58700001239776611,-0.058699999004602432,0.07731850357959047,2199.7624816894531
0.5872499942779541,-0.05872499942779541,0.07736667717108503,2198.1427001953125
0.58749997615814209,-0.058749999850988388,0.07741485838778317,2196.5222473144531
0.58775001764297485,-0.058775000274181366,0.077463054389227182,2194.9012908935547
0.58799999952316284,-0.058800000697374344,0.077511250216048211,2193.2805023193359
0.58824998140335083,-0.058825001120567322,0.077559468627441674,2191.6583251953125
0.58850002288818359,-0.0588500015437603,0.077607694896869361,2190.03466796875
0.58875000476837158,-0.058874998241662979,0.07765594421653077,2188.4084625244141
0.58899998664855957,-0.058899998664855957,0.077704201394226402,2186.7803955078125
0.58925002813339233,-0.058924999088048935,0.077752458164468408,2185.1527709960938
0.58950001001358032,-0.058949999511241913,0.07780070643639192,2183.5272979736328
0.58974999189376831,-0.058974999934434891,0.077848930843174458,2181.9049224853516
0.5899999737739563,-0.059000000357627869,0.077897146053146571,2180.2862548828125
0.59025001525878906,-0.059025000780820847,0.07794540049508214,2178.6622772216797
0.59049999713897705,-0.059050001204013824,0.077993670245632529,2177.0367279052734
0.59074997901916504,-0.059075001627206802,0.078041978529654443,2175.4072723388672
0.5910000205039978,-0.059099998325109482,0.07809029461350292,2173.7764739990234
0.59125000238418579,-0.05912499874830246,0.078138610406313092,2172.1459655761719
0.59149998426437378,-0.059149999171495438,0.078186917875427753,2170.5172271728516
0.59175002574920654,-0.059174999594688416,0.078235208988189697,2168.8915100097656
0.59200000762939453,-0.059200000017881393,0.078283483511768281,2167.2694396972656
0.59224998950958252,-0.059225000441074371,0.078331726486794651,2165.6512298583984
0.59249997138977051,-0.059250000864267349,0.078379952872637659,2164.0367889404297
0.59275001287460327,-0.059275001287460327,0.07842816284392029,2162.4257049560547
0.59299999475479126,-0.059300001710653305,0.078476349008269608,2160.8174438476562
0.59324997663497925,-0.059324998408555984,0.078524526616092771,2159.2115173339844
0.59350001811981201,-0.059349998831748962,0.078572688333224505,2157.6075592041016
0.59375,-0.05937499925494194,0.078620849177241325,2156.0051116943359
0.59399998188018799,-0.059399999678134918,0.07866899436339736,2154.4041595458984
0.59425002336502075,-0.059425000101327896,0.078717138676438481,2152.8046875
0.59450000524520874,-0.059450000524520874,0.078765274723991752,2151.2067565917969
0.59474998712539673,-0.059475000947713852,0.078813402447849512,2149.6105041503906
0.59500002861022949,-0.05950000137090683,0.078861521964427084,2148.0155487060547
0.59525001049041748,-0.059525001794099808,0.078909640898928046,2146.4217681884766
0.59549999237060547,-0.059549998492002487,0.078957759018521756,2144.8294372558594
0.59574997425079346,-0.059574998915195465,0.079005868872627616,2143.2387390136719
0.59600001573562622,-0.059599999338388443,0.079053970170207322,2141.6501312255859
0.59624999761581421,-0.059624999761581421,0.079102071176748723,2140.0620880126953
0.5964999794960022,-0.059650000184774399,0.079150171601213515,2138.4750518798828
0.59675002098083496,-0.059675000607967377,0.079198263818398118,2136.8896636962891
0.59700000286102295,-0.059700001031160355,0.07924634765367955,2135.3061065673828
0.59724998474121094,-0.059725001454353333,0.079294438357464969,2133.7236175537109
0.5975000262260437,-0.059749998152256012,0.079342529003042728,2132.1408843994141
0.59775000810623169,-0.05977499857544899,0.079390619124751538,2130.5588226318359
0.59799998998641968,-0.059799998998641968,0.07943869341397658,2128.9784545898438
0.59824997186660767,-0.059824999421834946,0.079486759088467807,2127.4002990722656
0.59850001335144043,-0.059849999845027924,0.079534816031809896,2125.8250427246094
0.59874999523162842,-0.059875000268220901,0.079582864651456475,2124.2511596679688
0.59899997711181641,-0.059900000691413879,0.079630952095612884,2122.6727600097656
0.59925001859664917,-0.059925001114606857,0.079679094487801194,2121.0871124267578
0.59950000047683716,-0.059950001537799835,0.079727267846465111,2119.4977874755859
0.59974998235702515,-0.059974998235702515,0.079775449354201555,2117.9061126708984
0.60000002384185791,-0.059999998658895493,0.079823638137895614,2116.3140258789062
0.6002500057220459,-0.06002499908208847,0.07987182610668242,2114.7234191894531
0.60049998760223389,-0.060049999505281448,0.079919990268535912,2113.1357421875
0.60075002908706665,-0.060074999928474426,0.079968130448833108,2111.5518951416016
0.60100001096725464,-0.060100000351667404,0.080016246472951025,2109.9719696044922
0.60124999284744263,-0.060125000774860382,0.080064345616847277,2108.3967132568359
0.60149997472763062,-0.06015000119805336,0.080112467869184911,2106.8191070556641
0.60175001621246338,-0.060175001621246338,0.08016059041256085,2105.2404632568359
0.60199999809265137,-0.060199998319149017,0.080208720231894404,2103.6614227294922
0.60224997997283936,-0.060224998742341995,0.080256849760189652,2102.0827484130859
0.60250002145767212,-0.060249999165534973,0.080304978648200631,2100.5051116943359
0.60275000333786011,-0.060274999588727951,0.080353099154308438,2098.9293670654297
0.6029999852180481,-0.060300000011920929,0.080401203653309494,2097.3561096191406
0.60325002670288086,-0.060325000435113907,0.080449291912373155,2095.7857971191406
0.60350000858306885,-0.060350000858306885,0.080497363931499422,2094.2184143066406
0.60374999046325684,-0.060375001281499863,0.080545427219476551,2092.6539916992188
0.60399997234344482,-0.060400001704692841,0.080593474442139268,2091.0918426513672
0.60425001382827759,-0.06042499840259552,0.080641529290005565,2089.5290222167969
0.60449999570846558,-0.060449998825788498,0.080689591530244797,2087.9656372070312
0.60474997758865356,-0.060474999248981476,0.080737661104649305,2086.4019317626953
0.60500001907348633,-0.060499999672174454,0.080785761761944741,2084.8341369628906
0.60525000095367432,-0.060525000095367432,0.080833885993342847,2083.2628326416016
0.6054999828338623,-0.06055000051856041,0.080882017442490906,2081.6915740966797
0.60575002431869507,-0.060575000941753387,0.080930133000947535,2080.1223297119141
0.60600000619888306,-0.060600001364946365,0.080978239653632045,2078.5563354492188
0.60624998807907104,-0.060625001788139343,0.081026314757764339,2076.9943695068359
0.60650002956390381,-0.060649998486042023,0.081074365647509694,2075.4365539550781
0.6067500114440918,-0.060674998909235001,0.081122392497491091,2073.8827514648438
0.60699999332427979,-0.060699999332427979,0.081170402991119772,2072.3322906494141
0.60724997520446777,-0.060724999755620956,0.08121840504463762,2070.783935546875
0.60750001668930054,-0.060750000178813934,0.0812664141994901,2069.2361297607422
0.60774999856948853,-0.060775000602006912,0.081314423237927258,2067.6884002685547
0.60799998044967651,-0.06080000102519989,0.081362439494114369,2066.1406402587891
0.60825002193450928,-0.060825001448392868,0.081410455401055515,2064.5933380126953
0.60850000381469727,-0.060849998146295547,0.081458478409331292,2063.0464630126953
0.60874998569488525,-0.060874998569488525,0.081506485934369266,2061.5005493164062
0.60900002717971802,-0.060899998992681503,0.081554492528084666,2059.9564056396484
0.60925000905990601,-0.060924999415874481,0.08160250645596534,2058.411865234375
0.60949999094009399,-0.060949999839067459,0.081650535343214869,2056.8667449951172
0.60974997282028198,-0.060975000262260437,0.081698556488845497,2055.3220977783203
0.61000001430511475,-0.061000000685453415,0.081746576877776533,2053.7788696289062
0.61024999618530273,-0.061025001108646393,0.081794588826596737,2052.2379455566406
0.61049997806549072,-0.061050001531839371,0.081842584360856563,2050.7003784179688
0.61075001955032349,-0.06107499822974205,0.081890571862459183,2049.1641540527344
0.61100000143051147,-0.061099998652935028,0.08193855092395097,2047.6298828125
0.61124998331069946,-0.061124999076128006,0.081986521428916603,2046.0980834960938
0.61150002479553223,-0.061149999499320984,0.082034475810360163,2044.5689239501953
0.61175000667572021,-0.061174999922513962,0.082082414068281651,2043.0424041748047
0.6119999885559082,-0.06120000034570694,0.082130328693892807,2041.5184936523438
0.61224997043609619,-0.061225000768899918,0.082178234762977809,2039.9970245361328
0.61250001192092896,-0.061250001192092896,0.082226132275536656,2038.4778747558594
0.61274999380111694,-0.061275001615285873,0.082274006446823478,2036.9608764648438
0.61299997568130493,-0.061299998313188553,0.082321902795229107,2035.4435882568359
0.6132500171661377,-0.061324998736381531,0.082369861891493201,2033.9183654785156
0.61349999904632568,-0.061349999159574509,0.082417860277928412,2032.3874206542969
0.61374998092651367,-0.061374999582767487,0.082465905230492353,2030.8510284423828
0.61400002241134644,-0.061400000005960464,0.082513973931781948,2029.3104248046875
0.61425000429153442,-0.061425000429153442,0.082562144030816853,2027.7573394775391
0.61449998617172241,-0.06145000085234642,0.082610345561988652,2026.1996154785156
0.61475002765655518,-0.061475001275539398,0.082658546511083841,2024.6430816650391
0.61500000953674316,-0.061500001698732376,0.082706715969834477,2023.0905456542969
0.61524999141693115,-0.061524998396635056,0.082754853181540966,2021.5438232421875
0.61549997329711914,-0.061549998819828033,0.08280295052099973,2020.00341796875
0.6157500147819519,-0.061574999243021011,0.082851015613414347,2018.4690246582031
0.61599999666213989,-0.061599999666213989,0.082899048808030784,2016.9397735595703
0.61624997854232788,-0.061625000089406967,0.082947057962883264,2015.4143676757812
0.61650002002716064,-0.061650000512599945,0.08299505099421367,2013.8917388916016
0.61675000190734863,-0.061675000935792923,0.083043035760056227,2012.3708648681641
0.61699998378753662,-0.061700001358985901,0.083091012551449239,2010.850830078125
0.61725002527236938,-0.061725001782178879,0.083138996444176883,2009.3311462402344
0.61750000715255737,-0.061749998480081558,0.083186979871243238,2007.8120269775391
0.61774998903274536,-0.061774998903274536,0.08323495538206771,2006.2937927246094
0.61799997091293335,-0.061799999326467514,0.083282937994226813,2004.7756042480469
0.61825001239776611,-0.061824999749660492,0.083330928231589496,2003.2569427490234
0.6184999942779541,-0.06185000017285347,0.083378918236121535,2001.7382507324219
0.61874997615814209,-0.061875000596046448,0.083426907600369304,2000.2206420898438
0.61900001764297485,-0.061900001019239426,0.083474881190340966,1998.7049407958984
0.61924999952316284,-0.061925001442432404,0.083522846281994134,1997.1915283203125
0.61949998140335083,-0.061949998140335083,0.083570818300358951,1995.6794586181641
0.61975002288818359,-0.061974998563528061,0.083618821518030018,1994.1634979248047
0.62000000476837158,-0.061999998986721039,0.083666817110497504,1992.6473693847656
0.62024998664855957,-0.062024999409914017,0.08371481200447306,1991.1326599121094
0.62050002813339233,-0.062049999833106995,0.083762790833134204,1989.6203918457031
0.62075001001358032,-0.062075000256299973,0.083810753305442631,1988.1113128662109
0.62099999189376831,-0.06210000067949295,0.083858691854402423,1986.6057586669922
0.6212499737739563,-0.062125001102685928,0.08390660653822124,1985.1038818359375
0.62150001525878906,-0.062150001525878906,0.08395450486568734,1983.6052398681641
0.62174999713897705,-0.062174998223781586,0.084002379502635449,1982.109619140625
0.62199997901916504,-0.062199998646974564,0.084050245524849743,1980.6166534423828
0.6222500205039978,-0.062224999070167542,0.084098095656372607,1979.1259002685547
0.62250000238418579,-0.062249999493360519,0.08414593746419996,1977.636962890625
0.62274998426437378,-0.062274999916553497,0.084193778573535383,1976.1495208740234
0.62300002574920654,-0.062300000339746475,0.084241611650213599,1974.6631622314453
0.62325000762939453,-0.062325000762939453,0.084289444086607546,1973.1778564453125
0.62349998950958252,-0.062350001186132431,0.084337268490344286,1971.6937713623047
0.62374997138977051,-0.062375001609325409,0.084385092137381434,1970.2112274169922
0.62400001287460327,-0.062399998307228088,0.084432915202341974,1968.7296905517578
0.62424999475479126,-0.062424998730421066,0.084480738034471869,1967.2486267089844
0.62449997663497925,-0.062449999153614044,0.084528552717529237,1965.7688751220703
0.62475001811981201,-0.062474999576807022,0.084576359076891094,1964.2911071777344
0.625,-0.0625,0.084624164504930377,1962.8152770996094
0.62524998188018799,-0.062524996697902679,0.084671969700139016,1961.3397979736328
0.62550002336502075,-0.062550000846385956,0.084719766979105771,1959.865234375
0.62575000524520874,-0.062574997544288635,0.084767563501372933,1958.39208984375
0.62599998712539673,-0.062600001692771912,0.084815344191156328,1956.9207916259766
0.62625002861022949,-0.062624998390674591,0.084863116382621229,1955.4519500732422
0.62650001049041748,-0.062650002539157867,0.084910872392356396,1953.9857940673828
0.62674999237060547,-0.062674999237060547,0.084958604769781232,1952.5225372314453
0.62699997425079346,-0.062700003385543823,0.085006321023683995,1951.0622100830078
0.62725001573562622,-0.062725000083446503,0.085054036229848862,1949.6041412353516
0.62749999761581421,-0.062749996781349182,0.08510181400924921,1948.1383819580078
0.6277499794960022,-0.062775000929832458,0.085149622755125165,1946.6692962646484
0.62800002098083496,-0.062799997627735138,0.085197439708281308,1945.1974639892578
0.62825000286102295,-0.062825001776218414,0.085245279420632869,1943.7241973876953
0.62849998474121094,-0.062849998474121094,0.085293142416048795,1942.2480010986328
0.6287500262260437,-0.06287500262260437,0.085341005527880043,1940.7709808349609
0.62900000810623169,-0.06289999932050705,0.085388868057634681,1939.2950744628906
0.62924998998641968,-0.062925003468990326,0.085436714463867247,1937.8219757080078
0.62949997186660767,-0.062950000166893005,0.085484536772128195,1936.3528289794922
0.62975001335144043,-0.062974996864795685,0.085532327590044588,1934.8878784179688
0.62999999523162842,-0.063000001013278961,0.085580101818777621,1933.4269256591797
0.63024997711181641,-0.063024997711181641,0.085627859807573259,1931.9692230224609
0.63050001859664917,-0.063050001859664917,0.085675633104983717,1930.5107116699219
0.63075000047683716,-0.063074998557567596,0.085723421827424318,1929.0503082275391
0.63099998235702515,-0.063100002706050873,0.085771225800272077,1927.5883636474609
0.63125002384185791,-0.063124999403953552,0.085819029889535159,1926.1257781982422
0.6315000057220459,-0.063150003552436829,0.085866841080132872,1924.6634826660156
0.63174998760223389,-0.063175000250339508,0.085914644238073379,1923.2023620605469
0.63200002908706665,-0.063199996948242188,0.085962431505322456,1921.7434234619141
0.63225001096725464,-0.063225001096725464,0.086010210157837719,1920.2871551513672
0.63249999284744263,-0.063249997794628143,0.086057965061627328,1918.8342132568359
0.63274997472763062,-0.06327500194311142,0.086105703609064221,1917.3847351074219
0.63300001621246338,-0.063299998641014099,0.086153418349567801,1915.9386291503906
0.63324999809265137,-0.063325002789497375,0.086201109283138067,1914.4957427978516
0.63349997997283936,-0.063349999487400055,0.086248791601974517,1913.0556335449219
0.63375002145767212,-0.063375003635883331,0.086296458088327199,1911.6174468994141
0.63400000333786011,-0.063400000333786011,0.086344178416766226,1910.1749877929688
0.6342499852180481,-0.06342499703168869,0.086391938209999353,1908.7264556884766
0.63450002670288086,-0.063450001180171967,0.086439713311847299,1907.2762451171875
0.63475000858306885,-0.063474997878074646,0.086487488297279924,1905.8258666992188
0.63499999046325684,-0.063500002026557922,0.08653525507543236,1904.3770446777344
0.63524997234344482,-0.063524998724460602,0.086583005788270384,1902.9307556152344
0.63550001382827759,-0.063550002872943878,0.086630740202963352,1901.4878387451172
0.63574999570846558,-0.063574999570846558,0.086678458319511265,1900.0481567382812
0.63599997758865356,-0.063600003719329834,0.086726160370744765,1898.6113739013672
0.63625001907348633,-0.063625000417232513,0.086773854040075094,1897.1767730712891
0.63650000095367432,-0.063649997115135193,0.086821539443917572,1895.7440185546875
0.6367499828338623,-0.063675001263618469,0.086869216640479863,1894.3128509521484
0.63700002431869507,-0.063699997961521149,0.086916885629761964,1892.88330078125
0.63725000619888306,-0.063725002110004425,0.086964546353556216,1891.4554290771484
0.63749998807907104,-0.063749998807907104,0.087012206437066197,1890.0289459228516
0.63775002956390381,-0.063775002956390381,0.087059858487918973,1888.6036529541016
0.6380000114440918,-0.06379999965429306,0.087107509840279818,1887.1797180175781
0.63824999332427979,-0.06382499635219574,0.087155152985360473,1885.7571716308594
0.63849997520446777,-0.063850000500679016,0.087202819238882512,1884.3324432373047
0.63875001668930054,-0.063874997198581696,0.087250492942985147,1882.9075317382812
0.63899999856948853,-0.063900001347064972,0.087298166123218834,1881.4834289550781
0.63924998044967651,-0.063924998044967651,0.087345831096172333,1880.0612030029297
0.63950002193450928,-0.063950002193450928,0.087393472495023161,1878.6415710449219
0.63975000381469727,-0.063974998891353607,0.087441105162724853,1877.2250823974609
0.63999998569488525,-0.064000003039836884,0.087488713790662587,1875.8127899169922
0.64025002717971802,-0.064024999737739563,0.08753632172010839,1874.4019165039062
0.64050000905990601,-0.064049996435642242,0.087583914049901068,1872.992546081543
0.64074999094009399,-0.064075000584125519,0.087631505681201816,1871.5847473144531
0.64099997282028198,-0.064099997282028198,0.087679088988807052,1870.1787109375
0.64125001430511475,-0.064125001430511475,0.087726656522136182,1868.7744903564453
0.64149999618530273,-0.064149998128414154,0.0877742157317698,1867.3723602294922
0.64174997806549072,-0.06417500227689743,0.087821758992504328,1865.9724731445312
0.64200001955032349,-0.06419999897480011,0.087869286304339767,1864.5748748779297
0.64225000143051147,-0.064225003123283386,0.087916797667276114,1863.1797103881836
0.64249998331069946,-0.064249999821186066,0.087964300473686308,1861.7869262695312
0.64275002479553223,-0.064274996519088745,0.088011787505820394,1860.3962860107422
0.64300000667572021,-0.064300000667572021,0.088059273897670209,1859.0068969726562
0.6432499885559082,-0.064324997365474701,0.088106767507269979,1857.6180419921875
0.64349997043609619,-0.064350001513957977,0.088154253433458507,1856.2294158935547
0.64375001192092896,-0.064374998211860657,0.088201746460981667,1854.8414154052734
0.64399999380111694,-0.064400002360343933,0.088249231339432299,1853.4546432495117
0.64424997568130493,-0.064424999058246613,0.088296700385399163,1852.0700073242188
0.6445000171661377,-0.064450003206729889,0.0883441919577308,1850.6849670410156
0.64474999904632568,-0.064474999904632568,0.088391824101563543,1849.2834091186523
0.64499998092651367,-0.064499996602535248,0.088439527433365583,1847.8704681396484
0.64525002241134644,-0.064525000751018524,0.088487253931816667,1846.454833984375
0.64550000429153442,-0.064549997448921204,0.088534972572233528,1845.039680480957
0.64574998617172241,-0.06457500159740448,0.088582675030920655,1843.6273574829102
0.64600002765655518,-0.064599998295307159,0.088630345417186618,1842.2208251953125
0.64625000953674316,-0.064625002443790436,0.088678022846579552,1840.8154144287109
0.64649999141693115,-0.064649999141693115,0.088725700275972486,1839.4095840454102
0.64674997329711914,-0.064675003290176392,0.088773377530742437,1838.0038757324219
0.6470000147819519,-0.064699999988079071,0.0888210543198511,1836.5989227294922
0.64724999666213989,-0.06472499668598175,0.0888687385013327,1835.1938934326172
0.64749997854232788,-0.064750000834465027,0.088916429900564253,1833.7891464233398
0.64775002002716064,-0.064774997532367706,0.088964105700142682,1832.3858642578125
0.64800000190734863,-0.064800001680850983,0.089011765492614359,1830.9850387573242
0.64824998378753662,-0.064824998378753662,0.08905941661214456,1829.5871505737305
0.64850002527236938,-0.064850002527236938,0.089107044041156769,1828.1924133300781
0.64875000715255737,-0.064874999225139618,0.089154647837858647,1826.8006439208984
0.64899998903274536,-0.064900003373622894,0.08920224301982671,1825.411506652832
0.64924997091293335,-0.064925000071525574,0.089249822311103344,1824.0246810913086
0.64950001239776611,-0.064949996769428253,0.089297385769896209,1822.640022277832
0.6497499942779541,-0.06497500091791153,0.089344940963201225,1821.257209777832
0.64999997615814209,-0.064999997615814209,0.089392487774603069,1819.8763046264648
0.65025001764297485,-0.065025001764297485,0.089440018928144127,1818.497184753418
0.65049999952316284,-0.065049998462200165,0.089487541699782014,1817.120002746582
0.65074998140335083,-0.065075002610683441,0.08953505614772439,1815.7447128295898
0.65100002288818359,-0.065099999308586121,0.089582554821390659,1814.3716201782227
0.65125000476837158,-0.065125003457069397,0.089630037546157837,1813.0006484985352
0.65149998664855957,-0.065150000154972076,0.089677511889021844,1811.6319198608398
0.65175002813339233,-0.065174996852874756,0.089724970341194421,1810.2655029296875
0.65200001001358032,-0.065200001001358032,0.089772412902675569,1808.901252746582
0.65224999189376831,-0.065224997699260712,0.089819847140461206,1807.5390777587891
0.6524999737739563,-0.065250001847743988,0.089867311646230519,1806.1759490966797
0.65275001525878906,-0.065274998545646667,0.089914799958933145,1804.8084869384766
0.65299999713897705,-0.065300002694129944,0.089962295722216368,1803.4408493041992
0.65324997901916504,-0.065324999392032623,0.090009783452842385,1802.0742416381836
0.6535000205039978,-0.0653500035405159,0.09005726280156523,1800.7096481323242
0.65375000238418579,-0.065375000238418579,0.090104718576185405,1799.3476638793945
0.65399998426437378,-0.065399996936321259,0.090152158227283508,1797.9888076782227
0.65425002574920654,-0.065425001084804535,0.090199574129655957,1796.6331558227539
0.65450000762939453,-0.065449997782707214,0.090246973850298673,1795.2805938720703
0.65474998950958252,-0.065475001931190491,0.090294357563834637,1793.9308242797852
0.65499997138977051,-0.06549999862909317,0.090341740346048027,1792.5830688476562
0.65525001287460327,-0.065525002777576447,0.090389122837223113,1791.236083984375
0.65549999475479126,-0.065549999475479126,0.090436512720771134,1789.8889923095703
0.65574997663497925,-0.065575003623962402,0.090483902487903833,1788.5419921875
0.65600001811981201,-0.065600000321865082,0.090531314723193645,1787.1943817138672
0.65625,-0.065624997019767761,0.090578726958483458,1785.8466110229492
0.65649998188018799,-0.065650001168251038,0.090626131335739046,1784.499626159668
0.65675002336502075,-0.065674997866153717,0.090673527389299124,1783.154426574707
0.65700000524520874,-0.065700002014636993,0.090720914944540709,1781.8116073608398
0.65724998712539673,-0.065724998712539673,0.090768278925679624,1780.4716033935547
0.65750002861022949,-0.065750002861022949,0.090815619332715869,1779.1346282958984
0.65775001049041748,-0.065774999558925629,0.090862943499814719,1777.8007278442383
0.65799999237060547,-0.065800003707408905,0.090910251601599157,1776.4695587158203
0.65824997425079346,-0.065825000405311584,0.090957543696276844,1775.1408920288086
0.65850001573562622,-0.065849997103214264,0.091004827409051359,1773.8145446777344
0.65874999761581421,-0.06587500125169754,0.091052102914545685,1772.4899063110352
0.6589999794960022,-0.06589999794960022,0.091099378420040011,1771.1651077270508
0.65925002098083496,-0.065925002098083496,0.091146661143284291,1769.8404388427734
0.65950000286102295,-0.065949998795986176,0.091193943575490266,1768.5162887573242
0.65974998474121094,-0.065975002944469452,0.091241217916831374,1767.1933746337891
0.6600000262260437,-0.065999999642372131,0.091288483992684633,1765.8722534179688
0.66025000810623169,-0.066024996340274811,0.091335734177846462,1764.5535049438477
0.66049998998641968,-0.066050000488758087,0.091382968297693878,1763.2374267578125
0.66074997186660767,-0.066074997186660767,0.091430178901646286,1761.9241561889648
0.66100001335144043,-0.066100001335144043,0.091477380890864879,1760.6136322021484
0.66124999523162842,-0.066124998033046722,0.091524566931184381,1759.3056106567383
0.66149997711181641,-0.066150002181529999,0.091571737139020115,1757.9998168945312
0.66175001859664917,-0.066174998879432678,0.091618898964952677,1756.6959762573242
0.66200000047683716,-0.066200003027915955,0.091666052583605051,1755.3940734863281
0.66224998235702515,-0.066224999725818634,0.091713190486188978,1754.0939331054688
0.66250002384185791,-0.066249996423721313,0.091760320065077394,1752.7957229614258
0.6627500057220459,-0.06627500057220459,0.091807441436685622,1751.4992980957031
0.66299998760223389,-0.066299997270107269,0.091854546975810081,1750.2048263549805
0.66325002908706665,-0.066325001418590546,0.09190164424944669,1748.912467956543
0.66350001096725464,-0.066349998116493225,0.09194874094100669,1747.6213150024414
0.66374999284744263,-0.066375002264976501,0.091995892173144966,1746.3239135742188
0.66399997472763062,-0.066399998962879181,0.092043059063144028,1745.0242614746094
0.66425001621246338,-0.066425003111362457,0.092090241378173232,1743.7230224609375
0.66449999809265137,-0.066449999809265137,0.092137423693202436,1742.4212417602539
0.66474997997283936,-0.066474996507167816,0.092184613225981593,1741.1200561523438
0.66500002145767212,-0.066500000655651093,0.092231833201367408,1739.8173599243164
0.66525000333786011,-0.066524997353553772,0.092279068427160382,1738.513557434082
0.6654999852180481,-0.066550001502037048,0.092326296085957438,1737.2096176147461
0.66575002670288086,-0.066574998199939728,0.092373523220885545,1735.9067001342773
0.66600000858306885,-0.066600002348423004,0.092420734465122223,1734.6059722900391
0.66624999046325684,-0.066624999046325684,0.092467929527629167,1733.3083648681641
0.66649997234344482,-0.06665000319480896,0.092515093274414539,1732.0142364501953
0.66675001382827759,-0.066674999892711639,0.092562240781262517,1730.7236175537109
0.66699999570846558,-0.066699996590614319,0.092609372222796082,1729.4356536865234
0.66724997758865356,-0.066725000739097595,0.092656549764797091,1728.1443252563477
0.66750001907348633,-0.066749997437000275,0.092703743022866547,1726.8504333496094
0.66775000095367432,-0.066775001585483551,0.092750951822381467,1725.5544967651367
0.6679999828338623,-0.06679999828338623,0.092798168421722949,1724.2574996948242
0.66825002431869507,-0.066825002431869507,0.092845392122399062,1722.9608993530273
0.66850000619888306,-0.066849999129772186,0.09289260022342205,1721.6659698486328
0.66874998807907104,-0.066875003278255463,0.092939799826126546,1720.373420715332
0.66900002956390381,-0.066899999976158142,0.092986983479931951,1719.0835342407227
0.6692500114440918,-0.066924996674060822,0.093034158635418862,1717.7962188720703
0.66949999332427979,-0.066950000822544098,0.093081310275010765,1716.5116195678711
0.66974997520446777,-0.066974997520446777,0.093128445907495916,1715.2296829223633
0.67000001668930054,-0.067000001668930054,0.093175565591081977,1713.9503402709961
0.67024999856948853,-0.067024998366832733,0.093222684459760785,1712.6729507446289
0.67049998044967651,-0.06705000251531601,0.093269795353990048,1711.3966827392578
0.67075002193450928,-0.067074999213218689,0.093316921091172844,1710.1202621459961
0.67100000381469727,-0.067100003361701965,0.093364062195178121,1708.84228515625
0.67124998569488525,-0.067125000059604645,0.093411203299183398,1707.5642471313477
0.67150002717971802,-0.067149996757507324,0.093458351562730968,1706.2867202758789
0.67175000905990601,-0.067175000905990601,0.093505499302409589,1705.0101699829102
0.67199999094009399,-0.06719999760389328,0.093552654143422842,1703.7345123291016
0.67224997282028198,-0.067225001752376556,0.093599793675821275,1702.4594573974609
0.67250001430511475,-0.067249998450279236,0.093646932684350759,1701.1857070922852
0.67274999618530273,-0.067275002598762512,0.093694055802188814,1699.9139175415039
0.67299997806549072,-0.067299999296665192,0.093741162971127778,1698.6448135375977
0.67325001955032349,-0.067325003445148468,0.093788253958337009,1697.3788528442383
0.67350000143051147,-0.067350000143051147,0.093835383653640747,1696.1092147827148
0.67374998331069946,-0.067374996840953827,0.093882536282762885,1694.8376998901367
0.67400002479553223,-0.067400000989437103,0.093929704278707504,1693.5647048950195
0.67425000667572021,-0.067424997687339783,0.093976872391067445,1692.2912902832031
0.6744999885559082,-0.067450001835823059,0.094024047488346696,1691.0185852050781
0.67474997043609619,-0.067474998533725739,0.094071199302561581,1689.7480621337891
0.67500001192092896,-0.067500002682209015,0.094118334935046732,1688.4807052612305
0.67524999380111694,-0.067524999380111694,0.094165446818806231,1687.2167892456055
0.67549997568130493,-0.067550003528594971,0.094212550087831914,1685.9557952880859
0.6757500171661377,-0.06757500022649765,0.094259645149577409,1684.6966705322266
0.67599999904632568,-0.06759999692440033,0.094306732295081019,1683.4386978149414
0.67624998092651367,-0.067625001072883606,0.094353819033131003,1682.1813354492188
0.67650002241134644,-0.067649997770786285,0.094400905421935022,1680.9247512817383
0.67675000429153442,-0.067675001919269562,0.09444799181073904,1679.6679458618164
0.67699998617172241,-0.067699998617172241,0.094495085475500673,1678.4111709594727
0.67725002765655518,-0.067725002765655518,0.094542171165812761,1677.1556091308594
0.67750000953674316,-0.067749999463558197,0.094589248532429338,1675.9020538330078
0.67774999141693115,-0.067775003612041473,0.094636333116795868,1674.6488418579102
0.67799997329711914,-0.067800000309944153,0.094683410075958818,1673.3959350585938
0.6782500147819519,-0.067824997007846832,0.09473048645304516,1672.1440811157227
0.67849999666213989,-0.067850001156330109,0.094777554681058973,1670.8940658569336
0.67874997854232788,-0.067874997854232788,0.094824607018381357,1669.6462478637695
0.67900002002716064,-0.067900002002716064,0.09487164334859699,1668.4011611938477
0.67925000190734863,-0.067924998700618744,0.094918663613498211,1667.1588287353516
0.67949998378753662,-0.06795000284910202,0.094965660420712084,1665.9192504882812
0.67975002527236938,-0.0679749995470047,0.095012648846022785,1664.6819534301758
0.68000000715255737,-0.068000003695487976,0.095059621438849717,1663.4467620849609
0.68024998903274536,-0.068025000393390656,0.095106585882604122,1662.2132568359375
0.68049997091293335,-0.068049997091293335,0.095153542119078338,1660.9814910888672
0.68075001239776611,-0.068075001239776611,0.095200490206480026,1659.7513198852539
0.6809999942779541,-0.068099997937679291,0.095247430144809186,1658.5226669311523
0.68124997615814209,-0.068125002086162567,0.095294392958749086,1657.2927627563477
0.68150001764297485,-0.068149998784065247,0.095341395353898406,1656.0563049316406
0.68174999952316284,-0.068175002932548523,0.095388412941247225,1654.8189849853516
0.68199998140335083,-0.068199999630451202,0.095435430237557739,1653.5820999145508
0.68225002288818359,-0.068224996328353882,0.095482431876007468,1652.3467788696289
0.68250000476837158,-0.068250000476837158,0.095529425132554024,1651.1138763427734
0.68274998664855957,-0.068274997174739838,0.095576441148295999,1649.8796997070312
0.68300002813339233,-0.068300001323223114,0.09562346461461857,1648.6453247070312
0.68325001001358032,-0.068324998021125793,0.095670480281114578,1647.411491394043
0.68349999189376831,-0.06835000216960907,0.095717495656572282,1646.1782608032227
0.6837499737739563,-0.068374998867511749,0.095764549390878528,1644.9421463012695
0.68400001525878906,-0.068400003015995026,0.095811595616396517,1643.7058258056641
0.68424999713897705,-0.068424999713897705,0.095858641376253217,1642.4703979492188
0.68449997901916504,-0.068449996411800385,0.095905671420041472,1641.236946105957
0.6847500205039978,-0.068475000560283661,0.095952685573138297,1640.0058212280273
0.68500000238418579,-0.06849999725818634,0.095999683602713048,1638.777587890625
0.68524998426437378,-0.068525001406669617,0.09604666568338871,1637.5519256591797
0.68550002574920654,-0.068549998104572296,0.096093624364584684,1636.3288955688477
0.68575000762939453,-0.068575002253055573,0.096140582056250423,1635.1080551147461
0.68599998950958252,-0.068599998950958252,0.096187516581267118,1633.8892364501953
0.68624997138977051,-0.068625003099441528,0.096234442899003625,1632.6721343994141
0.68650001287460327,-0.068649999797344208,0.0962813685182482,1631.4567184448242
0.68674999475479126,-0.068674996495246887,0.096328271087259054,1630.2428817749023
0.68699997663497925,-0.068700000643730164,0.096375172957777977,1629.0305862426758
0.68725001811981201,-0.068724997341632843,0.096422059170436114,1627.8200531005859
0.6875,-0.068750001490116119,0.096468937117606401,1626.6113357543945
0.68774998188018799,-0.068774998188018799,0.0965158068574965,1625.4044799804688
0.68800002336502075,-0.068800002336502075,0.096562660881318152,1624.1996154785156
0.68825000524520874,-0.068824999034404755,0.096609506581444293,1622.9967575073242
0.68849998712539673,-0.068850003182888031,0.09665632905671373,1621.7957916259766
0.68875002861022949,-0.06887499988079071,0.096703150717075914,1620.5969696044922
0.68900001049041748,-0.06889999657869339,0.096749956661369652,1619.3999862670898
0.68924999237060547,-0.068925000727176666,0.096796746889594942,1618.2049560546875
0.68949997425079346,-0.068949997425079346,0.096843528852332383,1617.01171875
0.68975001573562622,-0.068975001573562622,0.096890302607789636,1615.8202514648438
0.68999999761581421,-0.068999998271465302,0.096937060705386102,1614.6305999755859
0.6902499794960022,-0.069025002419948578,0.096983810653910041,1613.4427719116211
0.69050002098083496,-0.069049999117851257,0.09703055233694613,1612.2566146850586
0.69075000286102295,-0.069075003266334534,0.097077278420329094,1611.072151184082
0.69099998474121094,-0.069099999964237213,0.097124011430423707,1609.8889007568359
0.6912500262260437,-0.069124996662139893,0.097170736640691757,1608.7065200805664
0.69150000810623169,-0.069150000810623169,0.097217476752121001,1607.5239181518555
0.69174998998641968,-0.069174997508525848,0.097264232288580388,1606.339973449707
0.69199997186660767,-0.069200001657009125,0.097310995275620371,1605.1557312011719
0.69225001335144043,-0.069224998354911804,0.097357765480410308,1603.9719924926758
0.69249999523162842,-0.069250002503395081,0.097404527827166021,1602.7893447875977
0.69274997711181641,-0.06927499920129776,0.097451281966641545,1601.6082611083984
0.69300001859664917,-0.069300003349781036,0.097498020390048623,1600.4293975830078
0.69325000047683716,-0.069325000047683716,0.097544750373344868,1599.2528305053711
0.69349998235702515,-0.069349996745586395,0.097591464465949684,1598.0786590576172
0.69375002384185791,-0.069375000894069672,0.097638162667863071,1596.9069213867188
0.6940000057220459,-0.069399997591972351,0.097684845037292689,1595.7374114990234
0.69424998760223389,-0.069425001740455627,0.097731519083026797,1594.5697860717773
0.69450002908706665,-0.069449998438358307,0.097778184979688376,1593.4038543701172
0.69475001096725464,-0.069475002586841583,0.097824835276696831,1592.2396240234375
0.69499999284744263,-0.069499999284744263,0.097871477482840419,1591.0768280029297
0.69524997472763062,-0.069525003433227539,0.09791811159811914,1589.91552734375
0.69550001621246338,-0.069550000131130219,0.097964737564325333,1588.7557525634766
0.69574999809265137,-0.069574996829032898,0.098011355439666659,1587.5975646972656
0.69599997997283936,-0.069600000977516174,0.098057965107727796,1586.4410781860352
0.69625002145767212,-0.069624997675418854,0.098104559117928147,1585.286376953125
0.69650000333786011,-0.06965000182390213,0.098151144862640649,1584.1335525512695
0.6967499852180481,-0.06967499852180481,0.098197714891284704,1582.9828262329102
0.69700002670288086,-0.069700002670288086,0.09824427665444091,1581.8339462280273
0.69725000858306885,-0.069724999368190765,0.098290822701528668,1580.6870040893555
0.69749999046325684,-0.069750003516674042,0.09833736065775156,1579.5416946411133
0.69774997234344482,-0.069775000214576721,0.098383921256754547,1578.3955764770508
0.69800001382827759,-0.069799996912479401,0.098430504905991256,1577.2476654052734
0.69824999570846558,-0.069825001060962677,0.098477089079096913,1576.0980834960938
0.69849997758865356,-0.069849997758865356,0.098523680702783167,1574.9481582641602
0.69875001907348633,-0.069875001907348633,0.098570271802600473,1573.7992248535156
0.69900000095367432,-0.069899998605251312,0.098616839677561074,1572.6523895263672
0.6992499828338623,-0.069925002753734589,0.098663391487207264,1571.5084686279297
0.69950002431869507,-0.069949999451637268,0.09870992717333138,1570.3676071166992
0.69975000619888306,-0.069975003600120544,0.098756439343560487,1569.2296371459961
0.69999998807907104,-0.070000000298023224,0.098802935506682843,1568.0943145751953
0.70025002956390381,-0.070024996995925903,0.098849423346109688,1566.9611434936523
0.7005000114440918,-0.07005000114440918,0.098895895527675748,1565.8298873901367
0.70074999332427979,-0.070074997842311859,0.098942359501961619,1564.7002716064453
0.70099997520446777,-0.070100001990795135,0.098988815443590283,1563.5721130371094
0.70125001668930054,-0.070124998688697815,0.099035263352561742,1562.4453201293945
0.70149999856948853,-0.070150002837181091,0.099081695661880076,1561.3200302124023
0.70174998044967651,-0.070174999535083771,0.099128127389121801,1560.1961364746094
0.70200002193450928,-0.070200003683567047,0.099174551083706319,1559.0737152099609
0.70225000381469727,-0.070225000381469727,0.099220982170663774,1557.951301574707
0.70249998569488525,-0.070249997079372406,0.099267428333405405,1556.828239440918
0.70275002717971802,-0.070275001227855682,0.099313866987358779,1555.7052154541016
0.70300000905990601,-0.070299997925758362,0.099360305292066187,1554.5829315185547
0.70324999094009399,-0.070325002074241638,0.099406742956489325,1553.4621276855469
0.70349997282028198,-0.070349998772144318,0.099453164963051677,1552.3432464599609
0.70375001430511475,-0.070375002920627594,0.09949957113713026,1551.2265701293945
0.70399999618530273,-0.070399999618530273,0.099545968871098012,1550.1123199462891
0.70424997806549072,-0.070424996316432953,0.099592350830789655,1549.0003204345703
0.70450001955032349,-0.070450000464916229,0.099638747924473137,1547.8878402709961
0.70475000143051147,-0.070474997162818909,0.099685175635386258,1546.7731475830078
0.70499998331069946,-0.070500001311302185,0.09973161161178723,1545.6560821533203
0.70525002479553223,-0.070524998009204865,0.099778070580214262,1544.5371322631836
0.70550000667572021,-0.070550002157688141,0.099824529606848955,1543.4176559448242
0.7057499885559082,-0.07057499885559082,0.099870980717241764,1542.299186706543
0.70599997043609619,-0.070600003004074097,0.099917423503939062,1541.1827697753906
0.70625001192092896,-0.070624999701976776,0.09996385034173727,1540.0690307617188
0.70649999380111694,-0.070649996399879456,0.10001028398983181,1538.9570999145508
0.70674997568130493,-0.070675000548362732,0.1000567328883335,1537.8440704345703
0.7070000171661377,-0.070699997246265411,0.1001031895284541,1536.7299575805664
0.70724999904632568,-0.070725001394748688,0.10014964611036703,1535.6157531738281
0.70749998092651367,-0.070749998092651367,0.10019609483424574,1534.5024185180664
0.70775002241134644,-0.070775002241134644,0.10024253535084426,1533.3910522460938
0.70800000429153442,-0.070799998939037323,0.10028895986033604,1532.2822647094727
0.70824998617172241,-0.070825003087520599,0.10033536091214046,1531.1762313842773
0.70850002765655518,-0.070849999785423279,0.10038176854141057,1530.0725936889648
0.70875000953674316,-0.070874996483325958,0.10042819957016036,1528.9659118652344
0.70899999141693115,-0.070900000631809235,0.1004746695398353,1527.8546752929688
0.70924997329711914,-0.070924997329711914,0.1005211936426349,1526.7378768920898
0.7095000147819519,-0.07095000147819519,0.10056772502139211,1525.6212997436523
0.70974999666213989,-0.07097499817609787,0.10061425593448803,1524.5060272216797
0.70999997854232788,-0.071000002324581146,0.10066079458920285,1523.3900375366211
0.71025002002716064,-0.071024999022483826,0.10070734069449827,1522.2739944458008
0.71050000190734863,-0.071050003170967102,0.10075388650875539,1521.1584167480469
0.71074998378753662,-0.071074999868869781,0.1008004320319742,1520.0436477661133
0.71100002527236938,-0.071099996566772461,0.10084697743877769,1518.9289321899414
0.71125000715255737,-0.071125000715255737,0.10089351516216993,1517.8147201538086
0.71149998903274536,-0.071149997413158417,0.10094005224527791,1516.701904296875
0.71174997091293335,-0.071175001561641693,0.1009865811211057,1515.5909805297852
0.71200001239776611,-0.071199998259544373,0.10103309416444972,1514.4822692871094
0.7122499942779541,-0.071225002408027649,0.10107959143351763,1513.3757476806641
0.71249997615814209,-0.071249999105930328,0.1011260804370977,1512.2712783813477
0.71275001764297485,-0.071275003254413605,0.10117256885860115,1511.1681137084961
0.71299999952316284,-0.071299999952316284,0.10121904930565506,1510.0660781860352
0.71324998140335083,-0.071324996650218964,0.10126552934525535,1508.9650344848633
0.71350002288818359,-0.07135000079870224,0.101312008977402,1507.8650512695312
0.71375000476837158,-0.071374997496604919,0.10135848831851035,1506.7656707763672
0.71399998664855957,-0.071400001645088196,0.10140496742678806,1505.6667251586914
0.71425002813339233,-0.071424998342990875,0.10145144630223513,1504.5683975219727
0.71450001001358032,-0.071450002491474152,0.10149790981085971,1503.4709625244141
0.71474999189376831,-0.071474999189376831,0.10154437267920002,1502.3751220703125
0.7149999737739563,-0.071500003337860107,0.10159081983147189,1501.2810974121094
0.71525001525878906,-0.071525000035762787,0.10163725883467123,1500.1888046264648
0.71549999713897705,-0.071549996733665466,0.10168370488099754,1499.0974807739258
0.71574997901916504,-0.071575000882148743,0.10173014318570495,1498.0066986083984
0.7160000205039978,-0.071599997580051422,0.10177658119937405,1496.9164428710938
0.71625000238418579,-0.071625001728534698,0.10182301880558953,1495.8272323608398
0.71649998426437378,-0.071649998426437378,0.10186944820452482,1494.739616394043
0.71675002574920654,-0.071675002574920654,0.10191585449501872,1493.654109954834
0.71700000762939453,-0.071699999272823334,0.10196225234540179,1492.570858001709
0.71724998950958252,-0.07172500342130661,0.1020086269127205,1491.4899406433105
0.71749997138977051,-0.07175000011920929,0.1020549931563437,1490.4112854003906
0.71775001287460327,-0.071774996817111969,0.10210134374210611,1489.334400177002
0.71799999475479126,-0.071800000965595245,0.10214768612058833,1488.2592315673828
0.71824997663497925,-0.071824997663497925,0.10219402040820569,1487.185619354248
0.71850001811981201,-0.071850001811981201,0.1022403467213735,1486.1133689880371
0.71875,-0.071874998509883881,0.10228666494367644,1485.04248046875
0.71899998188018799,-0.071900002658367157,0.10233296768274158,1483.9729690551758
0.71925002336502075,-0.071924999356269836,0.10237926978152245,1482.9050102233887
0.71950000524520874,-0.071950003504753113,0.10242556384764612,1481.83837890625
0.71974998712539673,-0.071975000202655792,0.10247188049834222,1480.7710800170898
0.72000002861022949,-0.071999996900558472,0.10251819749828428,1479.7026100158691
0.72025001049041748,-0.072025001049041748,0.10256452963221818,1478.6332893371582
0.72049999237060547,-0.072049997746944427,0.10261086927494034,1477.5636863708496
0.72074997425079346,-0.072075001895427704,0.1026572011760436,1476.4945983886719
0.72100001573562622,-0.072099998593330383,0.10270353255327791,1475.426830291748
0.72124999761581421,-0.07212500274181366,0.10274984815623611,1474.361156463623
0.7214999794960022,-0.072149999439716339,0.10279614041792229,1473.2979507446289
0.72175002098083496,-0.072175003588199615,0.10284242418128997,1472.2373352050781
0.72200000286102295,-0.072200000286102295,0.10288868460338563,1471.1791648864746
0.72224998474121094,-0.072224996984004974,0.10293493675999343,1470.1231536865234
0.7225000262260437,-0.072250001132488251,0.10298117320053279,1469.0689849853516
0.72275000810623169,-0.07227499783039093,0.10302740160841495,1468.0163078308105
0.72299998998641968,-0.072300001978874207,0.1030736604006961,1466.9622192382812
0.72324997186660767,-0.072324998676776886,0.10311992710921913,1465.9065399169922
0.72350001335144043,-0.072350002825260162,0.10316620167577639,1464.8495979309082
0.72374999523162842,-0.072374999523162842,0.10321247630054131,1463.7923812866211
0.72399997711181641,-0.072400003671646118,0.10325875063426793,1462.7357406616211
0.72425001859664917,-0.072425000369548798,0.10330501693533733,1461.6804046630859
0.72450000047683716,-0.072449997067451477,0.10335127502912655,1460.6270637512207
0.72474998235702515,-0.072475001215934753,0.10339751729043201,1459.5758895874023
0.72500002384185791,-0.072499997913837433,0.10344374371925369,1458.5270309448242
0.7252500057220459,-0.072525002062320709,0.1034899617661722,1457.4804420471191
0.72549998760223389,-0.072549998760223389,0.10353617201326415,1456.4349250793457
0.72575002908706665,-0.072575002908706665,0.10358239733614028,1455.3885498046875
0.72600001096725464,-0.072599999606609344,0.1036286304006353,1454.3414192199707
0.72624999284744263,-0.072624996304512024,0.10367486340692267,1453.2941703796387
0.72649997472763062,-0.0726500004529953,0.10372108867159113,1452.2473793029785
0.72675001621246338,-0.07267499715089798,0.10376731335418299,1451.2020301818848
0.72699999809265137,-0.072700001299381256,0.1038135148701258,1450.1585922241211
0.72724997997283936,-0.072724997997283936,0.1038597080623731,1449.1173477172852
0.72750002145767212,-0.072750002145767212,0.10390588542213663,1448.0785522460938
0.72775000333786011,-0.072774998843669891,0.10395204700762406,1447.0417900085449
0.7279999852180481,-0.072800002992153168,0.10399820032762364,1446.0069580078125
0.72825002670288086,-0.072824999690055847,0.10404434567317367,1444.9736175537109
0.72850000858306885,-0.072849996387958527,0.10409049835288897,1443.9401931762695
0.72874999046325684,-0.072875000536441803,0.10413665091618896,1442.9069900512695
0.72899997234344482,-0.072899997234344482,0.10418279567966238,1441.8744201660156
0.72925001382827759,-0.072925001382827759,0.10422894003568217,1440.8428993225098
0.72949999570846558,-0.072949998080730438,0.1042750763008371,1439.8128089904785
0.72974997758865356,-0.072975002229213715,0.10432119690813124,1438.7844429016113
0.73000001907348633,-0.072999998927116394,0.10436730179935694,1437.7582397460938
0.73025000095367432,-0.07302500307559967,0.10441339848330244,1436.7339706420898
0.7304999828338623,-0.07304999977350235,0.10445947939297184,1435.7117195129395
0.73075002431869507,-0.073074996471405029,0.10450554464478046,1434.6912651062012
0.73100000619888306,-0.073100000619888306,0.1045516092563048,1433.6724815368652
0.73124998807907104,-0.073124997317790985,0.10459765832638368,1432.6551742553711
0.73150002956390381,-0.073150001466274261,0.10464369197143242,1431.6391372680664
0.7317500114440918,-0.073174998164176941,0.10468973248498514,1430.6243934631348
0.73199999332427979,-0.073200002312660217,0.10473575757350773,1429.6109275817871
0.73224997520446777,-0.073224999010562897,0.10478177468758076,1428.5988426208496
0.73250001668930054,-0.073250003159046173,0.10482778371078894,1427.5880432128906
0.73274999856948853,-0.073274999856948853,0.10487380000995472,1426.5779342651367
0.73299998044967651,-0.073299996554851532,0.10491983144311234,1425.5673408508301
0.73325002193450928,-0.073325000703334808,0.10496586299268529,1424.5562705993652
0.73350000381469727,-0.073349997401237488,0.10501190938521177,1423.545238494873
0.73374998569488525,-0.073375001549720764,0.10505795548669994,1422.5347671508789
0.73400002717971802,-0.073399998247623444,0.10510398616315797,1421.5256385803223
0.73425000905990601,-0.07342500239610672,0.10515000857412815,1420.5184173583984
0.73449999094009399,-0.073449999094009399,0.10519600770203397,1419.5136680603027
0.73474997282028198,-0.073475003242492676,0.10524199088104069,1418.5112495422363
0.73500001430511475,-0.073499999940395355,0.10528795816935599,1417.5113563537598
0.73524999618530273,-0.073524996638298035,0.1053339097998105,1416.5134658813477
0.73549997806549072,-0.073550000786781311,0.10537985322298482,1415.5171813964844
0.73575001955032349,-0.07357499748468399,0.10542578872991726,1414.5221138000488
0.73600000143051147,-0.073600001633167267,0.10547171637881547,1413.5280914306641
0.73624998331069946,-0.073624998331069946,0.1055176435620524,1412.5348968505859
0.73650002479553223,-0.073650002479553223,0.1055635628872551,1411.5427627563477
0.73675000667572021,-0.073674999177455902,0.10560948174679652,1410.5518569946289
0.7369999885559082,-0.073700003325939178,0.10565538506489247,1409.5622749328613
0.73724997043609619,-0.073725000023841858,0.10570128035033122,1408.5742835998535
0.73750001192092896,-0.073749996721744537,0.10574715997790918,1407.5880355834961
0.73774999380111694,-0.073775000870227814,0.10579303151462227,1406.6033134460449
0.73799997568130493,-0.073799997568130493,0.10583889490226284,1405.6203994750977
0.7382500171661377,-0.07382500171661377,0.10588475019903854,1404.638973236084
0.73849999904632568,-0.073849998414516449,0.10593058995436877,1403.6590995788574
0.73874998092651367,-0.073875002562999725,0.1059764216770418,1402.6805648803711
0.73900002241134644,-0.073899999260902405,0.10602225281763822,1401.7034530639648
0.73925000429153442,-0.073925003409385681,0.10606806859141216,1400.7275581359863
0.73949998617172241,-0.073950000107288361,0.10611388378310949,1399.7529258728027
0.73975002765655518,-0.07397499680519104,0.10615969111677259,1398.7792892456055
0.74000000953674316,-0.074000000953674316,0.10620549047598615,1397.8069267272949
0.74024999141693115,-0.074024997651576996,0.10625128931133077,1396.8358459472656
0.74049997329711914,-0.074050001800060272,0.10629708779742941,1395.8656959533691
0.7407500147819519,-0.074074998497962952,0.10634290147572756,1394.8946838378906
0.74099999666213989,-0.074100002646446228,0.10638872307026759,1393.9225234985352
0.74124997854232788,-0.074124999344348907,0.10643455234821886,1392.9495735168457
0.74150002002716064,-0.074150003492832184,0.10648038907675073,1391.9766044616699
0.74175000190734863,-0.074175000190734863,0.10652622568886727,1391.0037841796875
0.74199998378753662,-0.074199996888637543,0.10657208494376391,1390.0302276611328
0.74225002527236938,-0.074225001037120819,0.10661793686449528,1389.0563545227051
0.74250000715255737,-0.074249997735023499,0.10666379582835361,1388.0833511352539
0.74274998903274536,-0.074275001883506775,0.10670963162556291,1387.1121406555176
0.74299997091293335,-0.074299998581409454,0.10675545159028843,1386.1435165405273
0.74325001239776611,-0.074325002729892731,0.10680126305669546,1385.1775894165039
0.7434999942779541,-0.07434999942779541,0.1068470511236228,1384.2141723632812
0.74374997615814209,-0.074375003576278687,0.1068928234744817,1383.2529258728027
0.74400001764297485,-0.074400000274181366,0.10693858767626807,1382.2934226989746
0.74424999952316284,-0.074424996972084045,0.10698434390360489,1381.3353576660156
0.74449998140335083,-0.074450001120567322,0.10703009215649217,1380.3782844543457
0.74475002288818359,-0.074474997818470001,0.10707583994371817,1379.4222793579102
0.74500000476837158,-0.074500001966953278,0.107121572480537,1378.4671440124512
0.74524998664855957,-0.074524998664855957,0.10716730449348688,1377.5131187438965
0.74550002813339233,-0.074550002813339233,0.10721302864840254,1376.5602569580078
0.74575001001358032,-0.074574999511241913,0.10725874471245334,1375.6086235046387
0.74599999189376831,-0.074600003659725189,0.10730445280205458,1374.6585006713867
0.7462499737739563,-0.074625000357627869,0.10735014535021037,1373.7098846435547
0.74650001525878906,-0.074649997055530548,0.10739582986570895,1372.7627639770508
0.74674999713897705,-0.074675001204013824,0.107441506232135,1371.8172225952148
0.74699997901916504,-0.074699997901916504,0.10748717450769618,1370.8731880187988
0.7472500205039978,-0.07472500205039978,0.10753282730001956,1369.9307136535645
0.74750000238418579,-0.07474999874830246,0.10757847951026633,1368.9896469116211
0.74774998426437378,-0.074775002896785736,0.1076241162372753,1368.0500144958496
0.74800002574920654,-0.074799999594688416,0.10766975244041532,1367.1117324829102
0.74825000762939453,-0.074824996292591095,0.10771538829430938,1366.1741218566895
0.74849998950958252,-0.074850000441074371,0.10776102397358045,1365.2369918823242
0.74874997138977051,-0.074874997138977051,0.10780665942002088,1364.3005142211914
0.74900001287460327,-0.074900001287460327,0.10785231000045314,1363.3633193969727
0.74924999475479126,-0.074924997985363007,0.10789797594770789,1362.4249801635742
0.74949997663497925,-0.074950002133846283,0.10794364212779328,1361.4859046936035
0.74975001811981201,-0.074974998831748962,0.10798931575845927,1360.5466995239258
0.75,-0.075000002980232239,0.10803498147288337,1359.6086082458496
0.75024998188018799,-0.075024999678134918,0.10808063898002729,1358.6722946166992
0.75050002336502075,-0.075049996376037598,0.1081262732623145,1357.7382316589355
0.75075000524520874,-0.075075000524520874,0.10817189910449088,1356.8065147399902
0.75099998712539673,-0.075099997222423553,0.10821750934701413,1355.8767395019531
0.75125002861022949,-0.07512500137090683,0.10826311161508784,1354.9483604431152
0.75150001049041748,-0.075149998068809509,0.10830872843507677,1354.0206718444824
0.75174999237060547,-0.075175002217292786,0.10835438378853723,1353.0897407531738
0.75199997425079346,-0.075199998915195465,0.10840007022488862,1352.1552314758301
0.75225001573562622,-0.075225003063678741,0.10844579513650388,1351.2173233032227
0.75249999761581421,-0.075249999761581421,0.10849152808077633,1350.2774314880371
0.7527499794960022,-0.0752749964594841,0.10853726096684113,1349.3376045227051
0.75300002098083496,-0.075300000607967377,0.10858297807862982,1348.3998527526855
0.75325000286102295,-0.075324997305870056,0.1086286716745235,1347.4651527404785
0.75349998474121094,-0.075350001454353333,0.10867434873944148,1346.5346641540527
0.7537500262260437,-0.075374998152256012,0.10872002557152882,1345.6047019958496
0.75400000810623169,-0.075400002300739288,0.10876574803842232,1344.6725807189941
0.75424998998641968,-0.075424998998641968,0.1088114861631766,1343.7385368347168
0.75449997186660767,-0.075450003147125244,0.10885723971296102,1342.8028335571289
0.75475001335144043,-0.075474999845027924,0.1089030391885899,1341.8641319274902
0.75499999523162842,-0.075499996542930603,0.10894885490415618,1340.9216728210449
0.75524997711181641,-0.075525000691413879,0.10899467032868415,1339.9800071716309
0.75550001859664917,-0.075549997389316559,0.10904046997893602,1339.0404357910156
0.75575000047683716,-0.075575001537799835,0.10908624605508521,1338.1038970947266
0.75599998235702515,-0.075599998235702515,0.10913199849892408,1337.1705589294434
0.75625002384185791,-0.075625002384185791,0.10917773505207151,1336.2399368286133
0.7565000057220459,-0.07564999908208847,0.1092234558891505,1335.3112487792969
0.75674998760223389,-0.075675003230571747,0.10926918394397944,1334.3831367492676
0.75700002908706665,-0.075699999928474426,0.10931493458338082,1333.4542999267578
0.75725001096725464,-0.075724996626377106,0.10936069308081642,1332.5240631103516
0.75749999284744263,-0.075750000774860382,0.10940645937807858,1331.5928153991699
0.75774997472763062,-0.075774997472763062,0.10945223306771368,1330.6616859436035
0.75800001621246338,-0.075800001621246338,0.10949799133231863,1329.7316589355469
0.75824999809265137,-0.075824998319149017,0.10954373382264748,1328.8037185668945
0.75849997997283936,-0.075850002467632294,0.10958946798928082,1327.8781433105469
0.75875002145767212,-0.075874999165534973,0.10963518643984571,1326.9548053741455
0.75900000333786011,-0.07590000331401825,0.10968090436654165,1326.0326957702637
0.7592499852180481,-0.075925000011920929,0.10972662962740287,1325.110860824585
0.75950002670288086,-0.075949996709823608,0.10977236245526001,1324.1887435913086
0.75975000858306885,-0.075975000858306885,0.10981810273369774,1323.2666110992432
0.75999999046325684,-0.075999997556209564,0.10986383527051657,1322.3448677062988
0.76024997234344482,-0.076025001704692841,0.10990956734167412,1321.4244518280029
0.76050001382827759,-0.07604999840259552,0.10995527630439028,1320.505708694458
0.76074999570846558,-0.076075002551078796,0.11000097700161859,1319.5891094207764
0.76099997758865356,-0.076099999248981476,0.11004665441578254,1318.6746578216553
0.76125001907348633,-0.076125003397464752,0.11009232368087396,1317.7621974945068
0.76150000095367432,-0.076150000095367432,0.11013797734631225,1316.8513793945312
0.7617499828338623,-0.076174996793270111,0.110183623037301,1315.9417667388916
0.76200002431869507,-0.076200000941753387,0.11022926087025553,1315.0332527160645
0.76225000619888306,-0.076224997639656067,0.11027489829575643,1314.1257209777832
0.76249998807907104,-0.076250001788139343,0.11032052780501544,1313.2191276550293
0.76275002956390381,-0.076274998486042023,0.11036615690682083,1312.3136196136475
0.7630000114440918,-0.076300002634525299,0.11041177058359608,1311.4094619750977
0.76324999332427979,-0.076324999332427979,0.11045737622771412,1310.5065155029297
0.76349997520446777,-0.076350003480911255,0.11050297383917496,1309.6051330566406
0.76375001668930054,-0.076375000178813934,0.11054856335977092,1308.705249786377
0.76399999856948853,-0.076399996876716614,0.11059413745533675,1307.8068103790283
0.76424998044967651,-0.07642500102519989,0.11063971091061831,1306.909782409668
0.76450002193450928,-0.07644999772310257,0.11068526894086972,1306.0140838623047
0.76475000381469727,-0.076475001871585846,0.11073082668008283,1305.1193237304688
0.76499998569488525,-0.076499998569488525,0.11077643069438636,1304.2200489044189
0.76525002717971802,-0.076525002717971802,0.11082205013372004,1303.3193626403809
0.76550000905990601,-0.076549999415874481,0.11086767725646496,1302.4178638458252
0.76574999094009399,-0.076575003564357758,0.11091329681221396,1301.5165157318115
0.76599997282028198,-0.076600000262260437,0.11095890845172107,1300.6162490844727
0.76625001430511475,-0.076624996960163116,0.11100451945094392,1299.7176914215088
0.76649999618530273,-0.076650001108646393,0.11105013062478974,1298.8185558319092
0.76674997806549072,-0.076674997806549072,0.11109574919100851,1297.9196910858154
0.76700001955032349,-0.076700001955032349,0.11114135995740071,1297.0215263366699
0.76725000143051147,-0.076724998652935028,0.11118696280755103,1296.1245079040527
0.76749998331069946,-0.076750002801418304,0.11123255011625588,1295.2290916442871
0.76775002479553223,-0.076774999499320984,0.1112781367264688,1294.3353805541992
0.76800000667572021,-0.07680000364780426,0.11132370022824034,1293.4435005187988
0.7682499885559082,-0.07682500034570694,0.11136925558093935,1292.5534744262695
0.76849997043609619,-0.076849997043609619,0.1114148028427735,1291.6649188995361
0.76875001192092896,-0.076875001192092896,0.1114603421301581,1290.7777996063232
0.76899999380111694,-0.076899997889995575,0.11150586599251255,1289.8918361663818
0.76924997568130493,-0.076925002038478851,0.11155138938920572,1289.0070648193359
0.7695000171661377,-0.076949998736381531,0.11159690492786467,1288.1233081817627
0.76974999904632568,-0.076975002884864807,0.11164241255028173,1287.2405185699463
0.76999998092651367,-0.076999999582767487,0.11168792739044875,1286.3583011627197
0.77025002241134644,-0.077024996280670166,0.11173347308067605,1285.4731884002686
0.77050000429153442,-0.077050000429153442,0.11177901888731867,1284.5875778198242
0.77074998617172241,-0.077074997127056122,0.11182457202812657,1283.7022171020508
0.77100002765655518,-0.077100001275539398,0.11187011725269258,1282.8177909851074
0.77125000953674316,-0.077124997973442078,0.11191565450280905,1281.934757232666
0.77149999141693115,-0.077150002121925354,0.11196117615327239,1281.0535259246826
0.77174997329711914,-0.077174998819828033,0.11200668208766729,1280.1742916107178
0.7720000147819519,-0.07720000296831131,0.1120521723642014,1279.2970199584961
0.77224999666213989,-0.077224999666213989,0.11209765449166298,1278.4214611053467
0.77249997854232788,-0.077249996364116669,0.11214312858646736,1277.5473537445068
0.77275002002716064,-0.077275000512599945,0.11218859470682219,1276.6745586395264
0.77300000190734863,-0.077299997210502625,0.11223404546035454,1275.8028335571289
0.77324998378753662,-0.077325001358985901,0.11227950325701386,1274.9319972991943
0.77350002527236938,-0.07734999805688858,0.11232496856246144,1274.0610198974609
0.77375000715255737,-0.077375002205371857,0.11237043386790901,1273.1896743774414
0.77399998903274536,-0.077399998903274536,0.11241590656572953,1272.3184623718262
0.77424997091293335,-0.077425003051757812,0.11246137152193114,1271.4479904174805
0.77450001239776611,-0.077449999749660492,0.11250683595426381,1270.5786228179932
0.7747499942779541,-0.077474996447563171,0.11255228490335867,1269.7107124328613
0.77499997615814209,-0.077500000596046448,0.11259772576158866,1268.8445930480957
0.77525001764297485,-0.077524997293949127,0.11264315096195787,1267.9801597595215
0.77549999952316284,-0.077550001442432404,0.11268856812966987,1267.117374420166
0.77574998140335083,-0.077574998140335083,0.11273396975593641,1266.2560062408447
0.77600002288818359,-0.077600002288818359,0.11277936340775341,1265.3960456848145
0.77625000476837158,-0.077624998986721039,0.11282474914332852,1264.5371723175049
0.77649998664855957,-0.077650003135204315,0.11287013444234617,1263.6793537139893
0.77675002813339233,-0.077674999833106995,0.11291551185422577,1262.822566986084
0.77700001001358032,-0.077699996531009674,0.11296087389928289,1261.9668922424316
0.77724999189376831,-0.07772500067949295,0.11300623547867872,1261.1123447418213
0.7774999737739563,-0.07774999737739563,0.11305158914183266,1260.2589626312256
0.77775001525878906,-0.077775001525878906,0.11309693483053707,1259.4068241119385
0.77799999713897705,-0.077799998223781586,0.11314227257389575,1258.55592918396
0.77824997901916504,-0.077825002372264862,0.11318760237190872,1257.7062244415283
0.7785000205039978,-0.077849999070167542,0.11323292419547215,1256.8578300476074
0.77875000238418579,-0.077875003218650818,0.11327823807368986,1256.0105514526367
0.77899998426437378,-0.077899999916553497,0.11332354400656186,1255.1645660400391
0.77925002574920654,-0.077924996614456177,0.11336884199408814,1254.3197994232178
0.77950000762939453,-0.077950000762939453,0.11341413203626871,1253.4761905670166
0.77974998950958252,-0.077974997460842133,0.11345941413310356,1252.6338768005371
0.77999997138977051,-0.078000001609325409,0.11350468831369653,1251.7926664352417
0.78025001287460327,-0.078024998307228088,0.11354995457804762,1250.9525671005249
0.78049999475479126,-0.078050002455711365,0.11359521289705299,1250.1136922836304
0.78074997663497925,-0.078074999153614044,0.11364046327071264,1249.2759895324707
0.78100001811981201,-0.078100003302097321,0.11368570569902658,1248.4395780563354
0.78125,-0.078125,0.11373094018199481,1247.604341506958
0.78149998188018799,-0.078149996697902679,0.11377616671961732,1246.7702560424805
0.78175002336502075,-0.078175000846385956,0.11382138534099795,1245.9373903274536
0.78200000524520874,-0.078199997544288635,0.11386659601703286,1245.1057329177856
0.78224998712539673,-0.078225001692771912,0.11391179877682589,1244.2751588821411
0.78250002861022949,-0.078249998390674591,0.11395700110006146,1243.4457025527954
0.78275001049041748,-0.078275002539157867,0.11400221093208529,1242.6162586212158
0.78299999237060547,-0.078299999237060547,0.11404743586899713,1241.7863502502441
0.78324997425079346,-0.078325003385543823,0.11409266834380105,1240.956151008606
0.78350001573562622,-0.078350000083446503,0.11413790078950115,1240.1259622573853
0.78374999761581421,-0.078374996781349182,0.11418314042384736,1239.2964963912964
0.7839999794960022,-0.078400000929832458,0.11422836466226727,1238.4681377410889
0.78425002098083496,-0.078424997627735138,0.11427357327193022,1237.6415252685547
0.78450000286102295,-0.078450001776218414,0.11431877367431298,1236.8168821334839
0.78474998474121094,-0.078474998474121094,0.11436395093915053,1235.9942035675049
0.7850000262260437,-0.07850000262260437,0.11440912005491555,1235.1732149124146
0.78525000810623169,-0.07852499932050705,0.11445427368744276,1234.3536891937256
0.78549998998641968,-0.078550003468990326,0.11449942685430869,1233.5353031158447
0.78574997186660767,-0.078575000166893005,0.11454457222134806,1232.7177257537842
0.78600001335144043,-0.078599996864795685,0.11458970984676853,1231.9008960723877
0.78624999523162842,-0.078625001013278961,0.11463485460262746,1231.0847434997559
0.78649997711181641,-0.078649997711181641,0.11467998410807922,1230.2694511413574
0.78675001859664917,-0.078675001859664917,0.11472511320607737,1229.4551982879639
0.78700000047683716,-0.078699998557567596,0.11477023435872979,1228.6421384811401
0.78724998235702515,-0.078725002706050873,0.11481534753693268,1227.8303174972534
0.78750002384185791,-0.078749999403953552,0.11486044529010542,1227.0199432373047
0.7877500057220459,-0.078775003552436829,0.11490554246120155,1226.2108306884766
0.78799998760223389,-0.078800000250339508,0.1149506242654752,1225.4029531478882
0.78825002908706665,-0.078824996948242188,0.1149956980952993,1224.5963220596313
0.78850001096725464,-0.078850001096725464,0.11504077148856595,1223.7907266616821
0.78874999284744263,-0.078874997794628143,0.11508583699469455,1222.9863109588623
0.78899997472763062,-0.07890000194311142,0.11513088719220832,1222.1828317642212
0.78925001621246338,-0.078924998641014099,0.11517593695316464,1221.380407333374
0.78949999809265137,-0.078950002789497375,0.11522097879787907,1220.5790405273438
0.78974997997283936,-0.078974999487400055,0.11526602020603605,1219.7788209915161
0.79000002145767212,-0.079000003635883331,0.11531104627647437,1218.9797611236572
0.79025000333786011,-0.079025000333786011,0.11535606440156698,1218.1817979812622
0.7904999852180481,-0.07904999703168869,0.11540107463952154,1217.3849477767944
0.79075002670288086,-0.079075001180171967,0.11544608438271098,1216.5892553329468
0.79100000858306885,-0.079099997878074646,0.11549107875907794,1215.7947382926941
0.79124999046325684,-0.079125002026557922,0.11553607269888744,1215.0013060569763
0.79149997234344482,-0.079149998724460602,0.11558105872245505,1214.20902967453
0.79175001382827759,-0.079175002872943878,0.11562602940830402,1213.417778968811
0.79199999570846558,-0.079199999570846558,0.1156709996284917,1212.627676486969
0.79224997758865356,-0.079225003719329834,0.11571596196154132,1211.8386015892029
0.79250001907348633,-0.079250000417232513,0.1157609164074529,1211.0506591796875
0.79275000095367432,-0.079274997115135193,0.11580586296622641,1210.2638645172119
0.7929999828338623,-0.079300001263618469,0.11585081668454222,1209.4777803421021
0.79325002431869507,-0.079324997961521149,0.11589578585699201,1208.6904683113098
0.79350000619888306,-0.079350002110004425,0.11594077030895278,1207.9021201133728
0.79374998807907104,-0.079374998807907104,0.11598576232790947,1207.1134738922119
0.79400002956390381,-0.079400002956390381,0.116030739096459,1206.3254380226135
0.7942500114440918,-0.07942499965429306,0.11607570777414367,1205.539032459259
0.79449999332427979,-0.07944999635219574,0.11612066818634048,1204.7546029090881
0.79474997520446777,-0.079475000500679016,0.11616560546099208,1203.9722418785095
0.79500001668930054,-0.079499997198581696,0.11621052716509439,1203.1915965080261
0.79524999856948853,-0.079525001347064972,0.11625544825801626,1202.41241979599
0.79549998044967651,-0.079549998044967651,0.11630035404232331,1201.6343331336975
0.79575002193450928,-0.079575002193450928,0.11634525944828056,1200.8571228981018
0.79600000381469727,-0.079599998891353607,0.11639017987181433,1200.0797691345215
0.79624998569488525,-0.079625003039836884,0.11643513120361604,1199.2995266914368
0.79650002717971802,-0.079649999737739563,0.11648009039345197,1198.5182023048401
0.79675000905990601,-0.079674996435642242,0.11652505709207617,1197.736652135849
0.79699999094009399,-0.079700000584125519,0.11657001607818529,1196.9556872844696
0.79724997282028198,-0.079724997282028198,0.11661496703163721,1196.1760609149933
0.79750001430511475,-0.079750001430511475,0.11665990977780893,1195.398401260376
0.79774999618530273,-0.079774998128414154,0.11670482941553928,1194.6227052211761
0.79799997806549072,-0.07980000227689743,0.11674974084598944,1193.8488085269928
0.79825001955032349,-0.07982499897480011,0.11679464421467856,1193.0765388011932
0.79850000143051147,-0.079850003123283386,0.11683953218744136,1192.3055803775787
0.79874998331069946,-0.079874999821186066,0.11688441972364672,1191.5356228351593
0.79900002479553223,-0.079899996519088745,0.1169292994600255,1190.7664878368378
0.79925000667572021,-0.079925000667572021,0.11697417142568156,1189.9981596469879
0.7994999885559082,-0.079949997365474701,0.11701904304209165,1189.2305693626404
0.79974997043609619,-0.079975001513957977,0.11706392196356319,1188.4634668827057
0.80000001192092896,-0.079999998211860657,0.1171088085975498,1187.6956495046616
0.80024999380111694,-0.080025002360343933,0.11715371822356246,1186.9260938167572
0.80049997568130493,-0.080049999058246613,0.11719864333281294,1186.1548418998718
0.8007500171661377,-0.080075003206729889,0.11724356858758256,1185.3832459449768
0.80099999904632568,-0.080099999904632568,0.11728848604252562,1184.6123806238174
0.80124998092651367,-0.080124996602535248,0.11733339540660381,1183.8432000279427
0.80150002241134644,-0.080150000751018524,0.11737829653429799,1183.0760731697083
0.80175000429153442,-0.080174997448921204,0.11742318197502755,1182.3110456466675
0.80199998617172241,-0.08020000159740448,0.11746805929578841,1181.547682851553
0.80225002765655518,-0.080224998295307159,0.1175129211624153,1180.7856782227755
0.80250000953674316,-0.080250002443790436,0.1175577825633809,1180.0248886570334
0.80274999141693115,-0.080274999141693115,0.11760262865573168,1179.2649651020765
0.80299997329711914,-0.080300003290176392,0.11764747434062883,1178.5060999691486
0.8032500147819519,-0.080324999988079071,0.11769231219659559,1177.7481612563133
0.80349999666213989,-0.08034999668598175,0.11773714219452813,1176.9912414550781
0.80374997854232788,-0.080375000834465027,0.11778196436353028,1176.2352215647697
0.80400002002716064,-0.080399997532367706,0.11782677873270586,1175.4799875020981
0.80425000190734863,-0.080425001680850983,0.11787159269442782,1174.7258290052414
0.80449998378753662,-0.080449998378753662,0.11791640633600764,1173.9724694490433
0.80475002527236938,-0.080475002527236938,0.11796121220686473,1173.2198952436447
0.80500000715255737,-0.080499999225139618,0.11800601781578735,1172.4680072069168
0.80524998903274536,-0.080525003373622894,0.11805082316277549,1171.7168569564819
0.80549997091293335,-0.080550000071525574,0.11809562824782915,1170.9663777351379
0.80575001239776611,-0.080574996769428253,0.11814043298363686,1170.2166438102722
0.8059999942779541,-0.08060000091791153,0.11818522994872183,1169.4677984714508
0.80624997615814209,-0.080624997615814209,0.11823003407334909,1168.7196004390717
0.80650001764297485,-0.080650001764297485,0.11827483042725362,1167.9722278118134
0.80674999952316284,-0.080674998462200165,0.11831961886491627,1167.225777387619
0.80699998140335083,-0.080700002610683441,0.11836439941544086,1166.4805560112
0.80725002288818359,-0.080724999308586121,0.11840918709640391,1165.7358770370483
0.80750000476837158,-0.080750003457069397,0.11845398234436288,1164.9908678531647
0.80774998664855957,-0.080775000154972076,0.11849880771478638,1164.2449090480804
0.80800002813339233,-0.080799996852874756,0.1185436561354436,1163.4968905448914
0.80825001001358032,-0.080825001001358032,0.11858853514422663,1162.7467353343964
0.80849999189376831,-0.080849997699260712,0.11863341458956711,1161.9952392578125
0.8087499737739563,-0.080875001847743988,0.11867829388938844,1161.2440123558044
0.80900001525878906,-0.080899998545646667,0.11872315008076839,1160.4946842193604
0.80924999713897705,-0.080925002694129944,0.11876799011952244,1159.7490510940552
0.80949997901916504,-0.080949999392032623,0.11881283007096499,1159.0037636756897
0.8097500205039978,-0.0809750035405159,0.11885768509819172,1158.2579965591431
0.81000000238418579,-0.081000000238418579,0.11890254789614119,1157.5114126205444
0.81024998426437378,-0.081024996936321259,0.11894741826108657,1156.7644753456116
0.81050002574920654,-0.081050001084804535,0.1189922884805128,1156.0177617073059
0.81075000762939453,-0.081074997782707214,0.11903715826338157,1155.2722144126892
0.81099998950958252,-0.081100001931190491,0.11908200505422428,1154.5281519889832
0.81124997138977051,-0.08112499862909317,0.11912684363778681,1153.7861223220825
0.81150001287460327,-0.081150002777576447,0.11917166659259237,1153.0459895133972
0.81174999475479126,-0.081174999475479126,0.11921648145653307,1152.3074474334717
0.81199997663497925,-0.081200003623962402,0.11926128092454746,1151.570095539093
0.81225001811981201,-0.081225000321865082,0.11930608004331589,1150.8337159156799
0.8125,-0.081249997019767761,0.11935087139136158,1150.0979895591736
0.81274998188018799,-0.081275001168251038,0.1193956624774728,1149.3629012107849
0.81300002336502075,-0.081299997866153717,0.11944046852295287,1148.6275582313538
0.81325000524520874,-0.081325002014636993,0.11948529758956283,1147.8902254104614
0.81349998712539673,-0.081349998712539673,0.11953014187747613,1147.1518883705139
0.81375002861022949,-0.081375002861022949,0.11957500121206976,1146.4130487442017
0.81400001049041748,-0.081399999558925629,0.11961986790993251,1145.6742949485779
0.81424999237060547,-0.081425003707408905,0.11966472686617635,1144.9363050460815
0.81449997425079346,-0.081450000405311584,0.11970959298196249,1144.199152469635
0.81475001573562622,-0.081474997103214264,0.11975448977318592,1143.460072517395
0.81499999761581421,-0.08150000125169754,0.11979940978926606,1142.7185997962952
0.8152499794960022,-0.08152499794960022,0.11984433789621107,1141.9753165245056
0.81550002098083496,-0.081550002098083496,0.11988928110804409,1141.2314882278442
0.81575000286102295,-0.081574998795986176,0.11993422478553839,1140.4864816665649
0.81599998474121094,-0.081600002944469452,0.11997917588450946,1139.7414989471436
0.8162500262260437,-0.081624999642372131,0.12002411918365397,1138.9974031448364
0.81650000810623169,-0.081649996340274811,0.12006905442103744,1138.2547957897186
0.81674998998641968,-0.081675000488758087,0.12011397408787161,1137.5140452384949
0.81699997186660767,-0.081699997186660767,0.12015888560563326,1136.7749979496002
0.81725001335144043,-0.081725001335144043,0.12020378903253004,1136.0374810695648
0.81749999523162842,-0.081749998033046722,0.12024867706350051,1135.3013048171997
0.81774997711181641,-0.081775002181529999,0.12029356465791352,1134.5661795139313
0.81800001859664917,-0.081799998879432678,0.12033844439429231,1133.8320505619049
0.81825000047683716,-0.081825003027915955,0.12038331635994837,1133.0988233089447
0.81849998235702515,-0.081849999725818634,0.12042818052577786,1132.3663141727448
0.81875002384185791,-0.081874996423721313,0.12047303686267696,1131.6347630023956
0.8190000057220459,-0.08190000057220459,0.12051789287943393,1130.9039766788483
0.81924998760223389,-0.081924997270107269,0.1205627410672605,1130.1741523742676
0.81950002908706665,-0.081950001418590546,0.12060758142615668,1129.4452373981476
0.81975001096725464,-0.081974998116493225,0.12065241395612247,1128.7173649072647
0.81999999284744263,-0.082000002264976501,0.12069723859895021,1127.9903948307037
0.82024997472763062,-0.082024998962879181,0.12074206286342815,1127.2644803524017
0.82050001621246338,-0.082050003111362457,0.12078687179018743,1126.5395710468292
0.82074999809265137,-0.082074999809265137,0.12083168030949309,1125.8157194852829
0.82099997997283936,-0.082099996507167816,0.12087648097076453,1125.0928828716278
0.82125002145767212,-0.082125000655651093,0.12092127377400175,1124.370975792408
0.82150000333786011,-0.082149997353553772,0.12096605874830857,1123.6501090526581
0.8217499852180481,-0.082175001502037048,0.12101083586458117,1122.9302295744419
0.82200002670288086,-0.082199998199939728,0.12105561257340014,1122.2112891376019
0.82225000858306885,-0.082225002348423004,0.12110037400270812,1121.4933089353144
0.82249999046325684,-0.082249999046325684,0.12114513505366631,1120.7763266861439
0.82274997234344482,-0.08227500319480896,0.1211898882756941,1120.0602501630783
0.82300001382827759,-0.082299999892711639,0.12123463363968767,1119.3451834321022
0.82324999570846558,-0.082324996590614319,0.12127937117475085,1118.6310393214226
0.82349997758865356,-0.082350000739097595,0.1213241008517798,1117.9178500175476
0.82375001907348633,-0.082374997437000275,0.12136883015045896,1117.2057164907455
0.82400000095367432,-0.082400001585483551,0.12141354416962713,1116.4944496154785
0.8242499828338623,-0.08242499828338623,0.1214582578104455,1115.7841730117798
0.82450002431869507,-0.082450002431869507,0.12150296359322965,1115.0747995376587
0.82475000619888306,-0.082474999129772186,0.12154766154708341,1114.3664455413818
0.82499998807907104,-0.082500003278255463,0.12159235912258737,1113.6590458154678
0.82525002956390381,-0.082524999976158142,0.12163704138947651,1112.9525755643845
0.8255000114440918,-0.082549996674060822,0.12168172327801585,1112.2470915317535
0.82574999332427979,-0.082575000822544098,0.1217263973376248,1111.5424935817719
0.82599997520446777,-0.082599997520446777,0.12177106356830336,1110.8389410972595
0.82625001668930054,-0.082625001668930054,0.12181572197005153,1110.1362383365631
0.82649999856948853,-0.082649998366832733,0.1218603725428693,1109.4345467090607
0.82674998044967651,-0.08267500251531601,0.12190502270823345,1108.7337665557861
0.82700002193450928,-0.082699999213218689,0.12194965762319043,1108.0339286327362
0.82725000381469727,-0.082725003361701965,0.12199429215979762,1107.3350429534912
0.82749998569488525,-0.082750000059604645,0.12203891883837059,1106.6370086669922
0.82775002717971802,-0.082774996757507324,0.122083537717117,1105.9400150775909
0.82800000905990601,-0.082800000905990601,0.12212815621751361,1105.2439143657684
0.82824999094009399,-0.08282499760389328,0.1221727594092954,1104.5487313270569
0.82849997282028198,-0.082850001752376556,0.12221736225183122,1103.8545060157776
0.82875001430511475,-0.082874998450279236,0.12226195726543665,1103.1612553596497
0.82899999618530273,-0.082900002598762512,0.12230654445011169,1102.4688301086426
0.82924997806549072,-0.082924999296665192,0.12235113125643693,1101.7774467468262
0.82950001955032349,-0.082950003445148468,0.12239570278325118,1101.086941242218
0.82975000143051147,-0.082975000143051147,0.12244027393171564,1100.3973803520203
0.82999998331069946,-0.082999996840953827,0.1224848372512497,1099.7087287902832
0.83025002479553223,-0.083025000989437103,0.1225293927709572,1099.0210490226746
0.83050000667572021,-0.083049997687339783,0.12257394046173431,1098.3341755867004
0.8307499885559082,-0.083075001835823059,0.12261848783236928,1097.6482253074646
0.83099997043609619,-0.083099998533725739,0.1226630425080657,1096.9625463485718
0.83125001192092896,-0.083125002682209015,0.12270762812113389,1096.2737078666687
0.83149999380111694,-0.083149999380111694,0.12275222895550542,1095.5838751792908
0.83174997568130493,-0.083175003528594971,0.12279683738597669,1094.8935313224792
0.8320000171661377,-0.08320000022649765,0.1228414457582403,1094.2032251358032
0.83224999904632568,-0.08322499692440033,0.12288604638888501,1093.5135235786438
0.83249998092651367,-0.083250001072883606,0.12293063910328783,1092.8250870704651
0.83275002241134644,-0.083274997770786285,0.12297522378503345,1092.1381497383118
0.83300000429153442,-0.083300001919269562,0.1230197929253336,1091.4528346061707
0.83324998617172241,-0.083324998617172241,0.12306434661149979,1090.768946647644
0.83350002765655518,-0.083350002765655518,0.12310889980290085,1090.0863184928894
0.83375000953674316,-0.083374999463558197,0.12315344516537152,1089.4046478271484
0.83399999141693115,-0.083400003612041473,0.12319799020770006,1088.7237777709961
0.83424997329711914,-0.083425000309944153,0.12324252747930586,1088.0436310768127
0.8345000147819519,-0.083449997007846832,0.1232870570383966,1087.3641586303711
0.83474999666213989,-0.083475001156330109,0.12333158630644903,1086.6853885650635
0.83499997854232788,-0.083499997854232788,0.12337610777467489,1086.0074443817139
0.83525002002716064,-0.083525002002716064,0.12342062150128186,1085.3302669525146
0.83550000190734863,-0.083549998700618744,0.1234651348204352,1084.6539754867554
0.83574998378753662,-0.08357500284910202,0.12350963288918138,1083.9786167144775
0.83600002527236938,-0.0835999995470047,0.12355413060868159,1083.3041887283325
0.83625000715255737,-0.083625003695487976,0.12359862047014758,1082.6306409835815
0.83649998903274536,-0.083650000393390656,0.1236431099823676,1081.9579696655273
0.83674997091293335,-0.083674997091293335,0.12368758424418047,1081.2862596511841
0.83700001239776611,-0.083700001239776611,0.1237320581858512,1080.6152648925781
0.8372499942779541,-0.083724997937679291,0.1237765469122678,1079.9443206787109
0.83749997615814209,-0.083750002086162567,0.12382104326388799,1079.2728700637817
0.83775001764297485,-0.083774998784065247,0.12386553973192349,1078.6009654998779
0.83799999952316284,-0.083800002932548523,0.1239100435632281,1077.929162979126
0.83824998140335083,-0.083824999630451202,0.12395453965291381,1077.258020401001
0.83850002288818359,-0.083849996328353882,0.12399902782635763,1076.5881280899048
0.83875000476837158,-0.083875000476837158,0.12404350051656365,1075.9196634292603
0.83899998664855957,-0.083899997174739838,0.12408796523232013,1075.2526588439941
0.83925002813339233,-0.083925001323223114,0.12413242194452323,1074.5870046615601
0.83950001001358032,-0.083949998021125793,0.12417686337721534,1073.922384262085
0.83974999189376831,-0.08397500216960907,0.12422130443155766,1073.258602142334
0.8399999737739563,-0.083999998867511749,0.12426574519486167,1072.5955839157104
0.84025001525878906,-0.084025003015995026,0.12431017076596618,1071.9331836700439
0.84049999713897705,-0.084049999713897705,0.12435460352571681,1071.2715110778809
0.84074997901916504,-0.084074996411800385,0.12439902106416412,1070.6105470657349
0.8410000205039978,-0.084100000560283661,0.12444343828246929,1069.9504108428955
0.84125000238418579,-0.08412499725818634,0.12448785512242466,1069.2911834716797
0.84149998426437378,-0.084150001406669617,0.12453225671197288,1068.6328573226929
0.84175002574920654,-0.084174998104572296,0.1245766579231713,1067.9754037857056
0.84200000762939453,-0.084200002253055573,0.12462104388396256,1067.3188314437866
0.84224998950958252,-0.084224998950958252,0.12466543694608845,1066.6631689071655
0.84249997138977051,-0.084250003099441528,0.12470981475780718,1066.0083408355713
0.84275001287460327,-0.084274999797344208,0.12475419222027995,1065.3543453216553
0.84299999475479126,-0.084299996495246887,0.12479855446144938,1064.7011308670044
0.84324997663497925,-0.084325000643730164,0.12484291638247669,1064.0487642288208
0.84350001811981201,-0.084349997341632843,0.12488727795425802,1063.3972501754761
0.84375,-0.084375001490116119,0.1249316242756322,1062.746570110321
0.84399998188018799,-0.084399998188018799,0.12497597024776042,1062.0967578887939
0.84425002336502075,-0.084425002336502075,0.12502031587064266,1061.4478087425232
0.84450000524520874,-0.084449999034404755,0.12506464624311775,1060.7996892929077
0.84474998712539673,-0.084475003182888031,0.12510897632455453,1060.1523499488831
0.84500002861022949,-0.08449999988079071,0.12515330628957599,1059.5054492950439
0.84525001049041748,-0.08452499657869339,0.12519765124307014,1058.8584003448486
0.84549999237060547,-0.084550000727176666,0.12524201130145229,1058.2107853889465
0.84574997425079346,-0.084574997425079346,0.12528637153445743,1057.5629329681396
0.84600001573562622,-0.084600001573562622,0.12533074658131227,1056.9151587486267
0.84624999761581421,-0.084624998271465302,0.1253751213371288,1056.2680778503418
0.8464999794960022,-0.084650002419948578,0.12541946579585783,1055.6222505569458
0.84675002098083496,-0.084674999117851257,0.12546380964340642,1054.9779996871948
0.84700000286102295,-0.084700003266334534,0.12550813792040572,1054.3353123664856
0.84724998474121094,-0.084724999964237213,0.12555245074327104,1053.6940979957581
0.8475000262260437,-0.084749996662139893,0.12559674819931388,1053.0539689064026
0.84775000810623169,-0.084775000810623169,0.12564104533521459,1052.4146122932434
0.84799998998641968,-0.084799997508525848,0.12568534229649231,1051.7757077217102
0.84824997186660767,-0.084825001657009125,0.12572963908314705,1051.1371946334839
0.84850001335144043,-0.084849998354911804,0.12577393572428264,1050.4991273880005
0.84874999523162842,-0.084875002503395081,0.12581821720232256,1049.8615684509277
0.84899997711181641,-0.08489999920129776,0.1258625133195892,1049.2248125076294
0.84925001859664917,-0.084925003349781036,0.12590679412824102,1048.5889272689819
0.84950000047683716,-0.084950000047683716,0.12595105965738185,1047.9540128707886
0.84974998235702515,-0.084974996745586395,0.12599532477906905,1047.3201279640198
0.85000002384185791,-0.085000000894069672,0.12603958952240646,1046.6872391700745
0.8502500057220459,-0.085024997591972351,0.12608383898623288,1046.0552735328674
0.85049998760223389,-0.085050001740455627,0.12612808812991716,1045.4240589141846
0.85075002908706665,-0.085074998438358307,0.12617232205229811,1044.7936680316925
0.85100001096725464,-0.085100002586841583,0.12621657058480196,1044.163955450058
0.85124999284744263,-0.085124999284744263,0.12626080395421013,1043.5349354743958
0.85149997472763062,-0.085150003433227539,0.12630502210231498,1042.9066731929779
0.85175001621246338,-0.085175000131130219,0.12634923993027769,1042.2791378498077
0.85199999809265137,-0.085199996829032898,0.12639345743809827,1041.6524953842163
0.85224997997283936,-0.085225000977516174,0.12643767462577671,1041.0266451835632
0.85250002145767212,-0.085249997675418854,0.12648187656304799,1040.4015884399414
0.85275000333786011,-0.08527500182390213,0.12652607820928097,1039.7773633003235
0.8529999852180481,-0.08529999852180481,0.12657027950626798,1039.1538987159729
0.85325002670288086,-0.085325002670288086,0.12661446558195166,1038.5312333106995
0.85350000858306885,-0.085349999368190765,0.12665865133749321,1037.9093642234802
0.85374999046325684,-0.085375003516674042,0.12670282187173143,1037.288348197937
0.85399997234344482,-0.085400000214576721,0.12674699211493134,1036.6680583953857
0.85425001382827759,-0.085424996912479401,0.12679116200888529,1036.0485941171646
0.85449999570846558,-0.085450001060962677,0.12683533161180094,1035.4298840761185
0.85474997758865356,-0.085474997758865356,0.12687948596430942,1034.8119336366653
0.85500001907348633,-0.085500001907348633,0.1269236400257796,1034.1948299407959
0.85525000095367432,-0.085524998605251312,0.12696777886594646,1033.5784604549408
0.8554999828338623,-0.085550002753734589,0.127011917415075,1032.9628884792328
0.85575002431869507,-0.085574999451637268,0.12705605561495759,1032.3480416536331
0.85600000619888306,-0.085600003600120544,0.12710019352380186,1031.7340155243874
0.85624998807907104,-0.085625000298023224,0.12714431624044664,1031.1207172870636
0.85650002956390381,-0.085649996995925903,0.12718845362542197,1030.5081048607826
0.8567500114440918,-0.08567500114440918,0.12723259162157774,1029.8939298093319
0.85699999332427979,-0.085699997842311859,0.12727675985661335,1029.2785849273205
0.85724997520446777,-0.085725001990795135,0.12732092832447961,1028.6624764502048
0.85750001668930054,-0.085749998688697815,0.12736508171656169,1028.0467168428004
0.85774999856948853,-0.085775002837181091,0.12740923464298248,1027.4321542829275
0.85799998044967651,-0.085799999535083771,0.12745337208616547,1026.8191711902618
0.85825002193450928,-0.085825003683567047,0.12749749404611066,1026.2076117694378
0.85850000381469727,-0.085850000381469727,0.1275416154821869,1025.5973961949348
0.85874998569488525,-0.085874997079372406,0.12758573656901717,1024.9880636930466
0.85900002717971802,-0.085900001227855682,0.12762984249275178,1024.3794614672661
0.85925000905990601,-0.085924997925758362,0.12767394815455191,1023.7714163064957
0.85949999094009399,-0.085950002074241638,0.12771805361262523,1023.1639369726181
0.85974997282028198,-0.085974998772144318,0.12776215877966024,1022.5570061206818
0.86000001430511475,-0.086000002920627594,0.12780624887091108,1021.9507588148117
0.86024999618530273,-0.086024999618530273,0.12785035383421928,1021.3445526361465
0.86049997806549072,-0.086049996316432953,0.12789450446143746,1020.7361738681793
0.86075001955032349,-0.086075000464916229,0.12793865575804375,1020.1259881258011
0.86100000143051147,-0.086099997162818909,0.12798283729352988,1019.514545083046
0.86124998331069946,-0.086125001311302185,0.12802701894543134,1018.9026176929474
0.86150002479553223,-0.086149998009204865,0.12807118540513329,1018.2913324832916
0.86175000667572021,-0.086175002157688141,0.12811535128275864,1017.681512594223
0.8619999885559082,-0.08619999885559082,0.12815948665956967,1017.0735113620758
0.86224997043609619,-0.086225003004074097,0.1282036064658314,1016.4672718048096
0.86250001192092896,-0.086249999701976776,0.12824772574822418,1015.8623530864716
0.86274999380111694,-0.086274996399879456,0.12829184462316334,1015.2584552764893
0.86299997568130493,-0.086300000548362732,0.12833596329437569,1014.6551141738892
0.8632500171661377,-0.086324997246265411,0.12838006686070003,1014.0522079467773
0.86349999904632568,-0.086350001394748688,0.12842417028150521,1013.4497413635254
0.86374998092651367,-0.086374998092651367,0.12846827346947975,1012.8478000164032
0.86400002241134644,-0.086400002241134644,0.12851237639551982,1012.2464919090271
0.86425000429153442,-0.086424998939037323,0.12855646407115273,1011.646071434021
0.86449998617172241,-0.086450003087520599,0.12860055142664351,1011.0464611053467
0.86475002765655518,-0.086474999785423279,0.12864462350262329,1010.4477353096008
0.86500000953674316,-0.086499996483325958,0.12868871018872596,1009.8498320579529
0.86524999141693115,-0.086525000631809235,0.12873276675236411,1009.2526111602783
0.86549997329711914,-0.086549997329711914,0.12877683792612515,1008.6561946868896
0.8657500147819519,-0.08657500147819519,0.12882089393679053,1008.0604138374329
0.86599999666213989,-0.08659999817609787,0.12886494965641759,1007.4653167724609
0.86624997854232788,-0.086625002324581146,0.12890900517231785,1006.870795249939
0.86650002002716064,-0.086649999022483826,0.12895306051359512,1006.2766227722168
0.86675000190734863,-0.086675003170967102,0.12899714653030969,1005.6805577278137
0.86699998378753662,-0.086699999868869781,0.12904124808846973,1005.0827913284302
0.86725002527236938,-0.086724996566772461,0.12908536492614076,1004.484037399292
0.86750000715255737,-0.086750000715255737,0.12912948170560412,1003.8853397369385
0.86774998903274536,-0.086774997413158417,0.12917358311824501,1003.2878675460815
0.86799997091293335,-0.086800001561641693,0.1292176689603366,1002.6920914649963
0.86825001239776611,-0.086824998259544373,0.1292617543367669,1002.097608089447
0.8684999942779541,-0.086850002408027649,0.1293058394221589,1001.5037822723389
0.86874997615814209,-0.086874999105930328,0.12934992439113557,1000.9102182388306
0.86900001764297485,-0.086900003254413605,0.12939402411575429,1000.3169870376587
0.86924999952316284,-0.086924999952316284,0.12943810876458883,999.72410678863525
0.86949998140335083,-0.086949996650218964,0.12948222333216108,999.13080930709839
0.86975002288818359,-0.08697500079870224,0.1295263378706295,998.53740692138672
0.87000000476837158,-0.086999997496604919,0.1295704522926826,997.94431161880493
0.87024998664855957,-0.087025001645088196,0.12961456651100889,997.35165452957153
0.87050002813339233,-0.087049998342990875,0.12965866550803185,996.75975179672241
0.87075001001358032,-0.087075002491474152,0.12970276415580884,996.16873693466187
0.87099999189376831,-0.087099999189376831,0.12974686245433986,995.57870626449585
0.8712499737739563,-0.087125003337860107,0.1297909454733599,994.98961687088013
0.87150001525878906,-0.087150000035762787,0.12983502820134163,994.40116310119629
0.87174999713897705,-0.087174996733665466,0.12987909576622769,993.81345367431641
0.87199997901916504,-0.087200000882148743,0.12992317799944431,993.22627925872803
0.8722500205039978,-0.087224997580051422,0.12996726005803794,992.63957023620605
0.87250000238418579,-0.087250001728534698,0.13001132701174356,992.05338191986084
0.87274998426437378,-0.087274998426437378,0.13005540863377973,991.46780109405518
0.87300002574920654,-0.087300002574920654,0.13009947503451258,990.88298797607422
0.87325000762939453,-0.087324999272823334,0.13014352618483827,990.29898548126221
0.87349998950958252,-0.08735000342130661,0.13018757704412565,989.71586990356445
0.87374997138977051,-0.08737500011920929,0.13023162755416706,989.13358020782471
0.87400001287460327,-0.087399996817111969,0.13027567774406634,988.55199813842773
0.87424999475479126,-0.087425000965595245,0.13031971274176612,987.97118377685547
0.87449997663497925,-0.087449997663497925,0.13036373254726641,987.39113140106201
0.87475001811981201,-0.087475001811981201,0.13040776699199341,986.8116979598999
0.875,-0.087499998509883881,0.13045178624452092,986.23295593261719
0.87524998188018799,-0.087525002658367157,0.13049580526421778,985.65492820739746
0.87550002336502075,-0.087549999356269836,0.130539824051084,985.077392578125
0.87575000524520874,-0.087575003504753113,0.13058384272153489,984.5002908706665
0.87599998712539673,-0.087600000202655792,0.13062786115915515,983.92374706268311
0.87625002861022949,-0.087624996900558472,0.13067187936394475,983.34777450561523
0.87650001049041748,-0.087650001049041748,0.13071588237653486,982.77262020111084
0.87674999237060547,-0.087674997746944427,0.13075988501077518,982.19831466674805
0.87699997425079346,-0.087700001895427704,0.1308038723655045,981.62496662139893
0.87725001573562622,-0.087724998593330383,0.13084785940009169,981.05247783660889
0.87749999761581421,-0.08775000274181366,0.13089184608543292,980.48077487945557
0.8777499794960022,-0.087774999439716339,0.13093581760767847,979.90973567962646
0.87800002098083496,-0.087800003588199615,0.13097978886798956,979.33938694000244
0.87825000286102295,-0.087825000286102295,0.13102375986636616,978.76958751678467
0.87849998474121094,-0.087849996984004974,0.13106771575985476,978.20046710968018
0.8787500262260437,-0.087875001132488251,0.13111167136230506,977.63193511962891
0.87900000810623169,-0.08789999783039093,0.13115562667371705,977.06418323516846
0.87924998998641968,-0.087925001978874207,0.13119958172319457,976.49708843231201
0.87949997186660767,-0.087949998676776886,0.13124353656894527,975.93038082122803
0.87975001335144043,-0.087975002825260162,0.13128749129828066,975.36399173736572
0.87999999523162842,-0.087999999523162842,0.13133146078325808,974.79789352416992
0.88024997711181641,-0.088025003671646118,0.1313754151633475,974.23227405548096
0.88050001859664917,-0.088050000369548798,0.13141936928150244,973.66734313964844
0.88075000047683716,-0.088074997067451477,0.13146330820745789,973.1032075881958
0.88099998235702515,-0.088100001215934753,0.1315072467259597,972.5399341583252
0.88125002384185791,-0.088124997913837433,0.13155116999405436,971.97766399383545
0.8815000057220459,-0.088150002062320709,0.13159510787227191,971.41610145568848
0.88174998760223389,-0.088174998760223389,0.13163903084932826,970.85442066192627
0.88200002908706665,-0.088200002908706665,0.1316829688148573,970.29232120513916
0.88225001096725464,-0.088224999606609344,0.13172692171065137,969.73001194000244
0.88249999284744263,-0.088249996304512024,0.13177087449003011,969.16802215576172
0.88274997472763062,-0.0882750004529953,0.13181481210631318,968.60667705535889
0.88300001621246338,-0.08829999715089798,0.13185873444308527,968.04632472991943
0.88324999809265137,-0.088325001299381256,0.13190267124446109,967.48708820343018
0.88349997997283936,-0.088349997997283936,0.13194657786516473,966.92892169952393
0.88375002145767212,-0.088375002145767212,0.13199048407841474,966.37170124053955
0.88400000333786011,-0.088399998843669891,0.13203438997152261,965.81528186798096
0.8842499852180481,-0.088425002992153168,0.13207828075974248,965.25948715209961
0.88450002670288086,-0.088449999690055847,0.13212220175773837,964.70294380187988
0.88475000858306885,-0.088474996387958527,0.13216613806434907,964.14538097381592
0.88499999046325684,-0.088500000536441803,0.13221008965047076,963.58688163757324
0.88524997234344482,-0.088524997234344482,0.13225404135300778,963.02803993225098
0.88550001382827759,-0.088550001382827759,0.13229799291002564,962.46950626373291
0.88574999570846558,-0.088574998080730438,0.13234195913537405,961.91144275665283
0.88599997758865356,-0.088600002229213715,0.1323859253898263,961.35297679901123
0.88625001907348633,-0.088624998927116394,0.13242990680737421,960.79380512237549
0.88650000095367432,-0.08865000307559967,0.1324739033007063,960.23397636413574
0.8867499828338623,-0.08867499977350235,0.13251788477646187,959.67442035675049
0.88700002431869507,-0.088699996471405029,0.13256185094360262,959.1159782409668
0.88725000619888306,-0.088725000619888306,0.13260583160445094,958.558669090271
0.88749998807907104,-0.088749997317790985,0.13264979707309976,958.00235843658447
0.88775002956390381,-0.088775001466274261,0.1326937623671256,957.44656181335449
0.8880000114440918,-0.088799998164176941,0.13273772754473612,956.89106273651123
0.88824999332427979,-0.088825002312660217,0.13278169251861982,956.33596420288086
0.88849997520446777,-0.088849999010562897,0.13282565728877671,955.78140830993652
0.88875001668930054,-0.088875003159046173,0.1328696217678953,955.22762298583984
0.88899999856948853,-0.088899999856948853,0.1329135560663417,954.67465114593506
0.88924998044967651,-0.088924996554851532,0.13295750491670333,954.1226224899292
0.88950002193450928,-0.088950000703334808,0.1330014385166578,953.57140254974365
0.88975000381469727,-0.088974997401237488,0.13304537182557397,953.02098274230957
0.88999998569488525,-0.089000001549720764,0.13308929000049829,952.47119331359863
0.89025002717971802,-0.089024998247623444,0.13313320794259198,951.92193603515625
0.89050000905990601,-0.08905000239610672,0.13317712573916651,951.37310409545898
0.89074999094009399,-0.089074999094009399,0.13322108908323571,950.82199668884277
0.89099997282028198,-0.089100003242492676,0.13326503781718202,950.26995944976807
0.89125001430511475,-0.089124999940395355,0.13330900153960101,949.71775341033936
0.89149999618530273,-0.089149996638298035,0.13335296508739702,949.16581916809082
0.89174997806549072,-0.089175000786781311,0.13339691338478588,948.61491012573242
0.89200001955032349,-0.08919999748468399,0.13344084625714459,948.06529903411865
0.89225000143051147,-0.089225001633167267,0.13348477863473818,947.51703548431396
0.89249998331069946,-0.089249998331069946,0.13352869561640546,946.9699821472168
0.89275002479553223,-0.089275002479553223,0.13357261224882677,946.42386531829834
0.89300000667572021,-0.089299999177455902,0.13361651371815242,945.87837409973145
0.8932499885559082,-0.089325003325939178,0.13366042994312011,945.33333778381348
0.89349997043609619,-0.089350000023841858,0.13370433109230362,944.78871154785156
0.89375001192092896,-0.089374996721744537,0.13374823206686415,944.24442195892334
0.89399999380111694,-0.089400000870227814,0.13379213283769786,943.70066738128662
0.89424997568130493,-0.089424997568130493,0.13383601847453974,943.15750885009766
0.8945000171661377,-0.08945000171661377,0.13387991869240068,942.61511325836182
0.89474999904632568,-0.089474998414516449,0.13392378884600475,942.07338714599609
0.89499998092651367,-0.089500002562999725,0.13396767358062789,941.53251171112061
0.89525002241134644,-0.089524999260902405,0.13401154318125919,940.99222183227539
0.89550000429153442,-0.089550003409385681,0.13405541249085218,940.45265483856201
0.89574998617172241,-0.089575000107288361,0.13409926666645333,939.9136905670166
0.89600002765655518,-0.08959999680519104,0.13414313548128121,939.3753662109375
0.89625000953674316,-0.089625000953674316,0.13418698916211724,938.83762073516846
0.89649999141693115,-0.089649997651576996,0.13423082770896144,938.30050754547119
0.89674997329711914,-0.089675001800060272,0.13427469608723186,937.76326370239258
0.8970000147819519,-0.089699998497962952,0.13431858012336306,937.22410297393799
0.89724999666213989,-0.089725002646446228,0.13436246436322108,936.68437671661377
0.89749997854232788,-0.089749999344348907,0.13440634854487143,936.14478492736816
0.89775002002716064,-0.089775003492832184,0.13445021753432229,935.60590934753418
0.89800000190734863,-0.089800000190734863,0.13449408602900803,935.06826019287109
0.89824998378753662,-0.089824996888637543,0.13453793912776746,934.53187274932861
0.89850002527236938,-0.089850001037120819,0.13458179181907326,933.99658298492432
0.89875000715255737,-0.089874997735023499,0.13462564430665225,933.46195030212402
0.89899998903274536,-0.089900001883506775,0.1346695123356767,932.92589282989502
0.89924997091293335,-0.089924998581409454,0.13471339558600448,932.38898658752441
0.89950001239776611,-0.089950002729892731,0.13475727889453992,931.85178565979004
0.8997499942779541,-0.08997499942779541,0.13480114712729119,931.31510448455811
0.89999997615814209,-0.090000003576278687,0.13484501501079649,930.77923679351807
0.90025001764297485,-0.090025000274181366,0.1348888824286405,930.24456310272217
0.90049999952316284,-0.090049996972084045,0.13493273453786969,929.71099948883057
0.90074998140335083,-0.090075001120567322,0.13497657136758789,929.17837619781494
0.90100002288818359,-0.090099997818470001,0.13502042277832516,928.64657878875732
0.90125000476837158,-0.090125001966953278,0.13506424415390939,928.11539030075073
0.90149998664855957,-0.090149998664855957,0.135108080226928,927.58469390869141
0.90175002813339233,-0.090175002813339233,0.13515191606711596,927.05453109741211
0.90200001001358032,-0.090199999511241913,0.13519573683151975,926.52492094039917
0.90224999189376831,-0.090225003659725189,0.13523955733398907,925.99586153030396
0.9024999737739563,-0.090250000357627869,0.13528336270246655,925.46740674972534
0.90275001525878906,-0.090274997055530548,0.13532718273927458,924.93963956832886
0.90299999713897705,-0.090300001204013824,0.13537098761298694,924.41246461868286
0.90324997901916504,-0.090324997901916504,0.1354147772944998,923.88594913482666
0.9035000205039978,-0.09035000205039978,0.13545858167344704,923.36003828048706
0.90375000238418579,-0.09037499874830246,0.13550237094750628,922.83468580245972
0.90399998426437378,-0.090400002896785736,0.13554617488989606,922.30983924865723
0.90425002574920654,-0.090424999594688416,0.13558996372739784,921.78547382354736
0.90450000762939453,-0.090449996292591095,0.13563373743090779,921.261794090271
0.90474998950958252,-0.090475000441074371,0.13567752574454062,920.7387638092041
0.90499997138977051,-0.090499997138977051,0.13572129892418161,920.21635437011719
0.90525001287460327,-0.090525001287460327,0.13576505694072694,919.69468307495117
0.90549999475479126,-0.090549997985363007,0.13580882959649898,919.17360591888428
0.90574997663497925,-0.090575002133846283,0.13585258708917536,918.6531867980957
0.90600001811981201,-0.090599998831748962,0.13589634434902109,918.1334080696106
0.90625,-0.090625002980232239,0.13594008647487499,917.61415958404541
0.90649998188018799,-0.090649999678134918,0.13598384326905943,917.09553623199463
0.90675002336502075,-0.090674996376037598,0.13602758492925204,916.57751035690308
0.90700000524520874,-0.090700000524520874,0.13607131145545281,916.06005191802979
0.90724998712539673,-0.090724997222423553,0.13611505264998414,915.54321241378784
0.90750002861022949,-0.09075000137090683,0.13615877868141979,915.02700138092041
0.90775001049041748,-0.090774998068809509,0.13620250450912863,914.51135969161987
0.90799999237060547,-0.090800002217292786,0.13624621514463797,913.99637603759766
0.90824997425079346,-0.090824998915195465,0.1362899255764205,913.48198747634888
0.90850001573562622,-0.090850003063678741,0.13633363574626856,912.9682502746582
0.90874999761581421,-0.090874999761581421,0.13637734568328597,912.45509433746338
0.9089999794960022,-0.0908999964594841,0.13642104048631154,911.94255208969116
0.90925002098083496,-0.090925000607967377,0.13646474998677149,911.43053245544434
0.90950000286102295,-0.090949997305870056,0.13650844438234344,910.91906189918518
0.90974998474121094,-0.090975001454353333,0.13655212364392355,910.40816020965576
0.9100000262260437,-0.090999998152256012,0.13659581763204187,909.89776802062988
0.91025000810623169,-0.091025002300739288,0.13663952655042522,909.38704991340637
0.91049998998641968,-0.091049998998641968,0.13668323575984687,908.87542986869812
0.91074997186660767,-0.091075003147125244,0.13672697503352538,908.3629674911499
0.91100001335144043,-0.091099999845027924,0.13677069955156185,907.85005903244019
0.91124999523162842,-0.091124996542930603,0.13681443891255185,907.33726072311401
0.91149997711181641,-0.091150000691413879,0.13685816311044618,906.82514953613281
0.91175001859664917,-0.091174997389316559,0.13690187197062187,906.31415486335754
0.91200000047683716,-0.091200001537799835,0.13694558036513627,905.80442190170288
0.91224998235702515,-0.091224998235702515,0.13698927342193201,905.29586982727051
0.91250002384185791,-0.091250002384185791,0.1370329512283206,904.78817820549011
0.9127500057220459,-0.09127499908208847,0.13707664367393591,904.281245470047
0.91299998760223389,-0.091300003230571747,0.13712032104376704,903.77466058731079
0.91325002908706665,-0.091324999928474426,0.13716399826807901,903.26846265792847
0.91350001096725464,-0.091349996626377106,0.13720767534687184,902.76258742809296
0.91374999284744263,-0.091375000774860382,0.13725135228014551,902.25711727142334
0.91399997472763062,-0.091399997472763062,0.13729502898058854,901.75219118595123
0.91425001621246338,-0.091425001621246338,0.13733869057614356,901.24776804447174
0.91449999809265137,-0.091449998319149017,0.13738235193886794,900.74404323101044
0.91474997997283936,-0.091475002467632294,0.13742599813849665,900.24087023735046
0.91500002145767212,-0.091499999165534973,0.13746965900645591,899.73835599422455
0.91525000333786011,-0.09152500331401825,0.13751330476952717,899.23634815216064
0.9154999852180481,-0.091550000011920929,0.13755695029976778,898.73489773273468
0.91575002670288086,-0.091574996709823608,0.13760058072512038,898.23403066396713
0.91600000858306885,-0.091600000858306885,0.13764422581880353,897.73365861177444
0.91624999046325684,-0.091624997556209564,0.13768785586580634,897.23371613025665
0.91649997234344482,-0.091650001704692841,0.13773150084307417,896.7335284948349
0.91675001382827759,-0.09167499840259552,0.13777514593675733,896.23296540975571
0.91699999570846558,-0.091700002551078796,0.1378188059607055,895.73228514194489
0.91724997758865356,-0.091724999248981476,0.1378624509088695,895.23186096549034
0.91750001907348633,-0.091750003397464752,0.13790611049626023,894.73214868456125
0.91775000095367432,-0.091775000095367432,0.13794973999029025,894.23331126570702
0.9179999828338623,-0.091799996793270111,0.13799338400713168,893.73529830574989
0.91825002431869507,-0.091825000941753387,0.13803699795971625,893.23805373907089
0.91850000619888306,-0.091849997639656067,0.1380806265224237,892.74152633547783
0.91874998807907104,-0.091875001788139343,0.13812423998024315,892.24557441473007
0.91900002956390381,-0.091899998486042023,0.13816785323433578,891.75008744001389
0.9192500114440918,-0.091925002634525299,0.1382114662847016,891.25512129068375
0.91949999332427979,-0.091949999332427979,0.13825506428838708,890.76052641868591
0.91974997520446777,-0.091975003480911255,0.13829867698950693,890.26639080047607
0.92000001668930054,-0.092000000178813934,0.13834227464394644,889.77268242835999
0.92024999856948853,-0.092024996876716614,0.13838587209465913,889.27934265136719
0.92049998044967651,-0.09205000102519989,0.13842946937074885,888.78652489185333
0.92075002193450928,-0.09207499772310257,0.13847305154195055,888.29419958591461
0.92100000381469727,-0.092100001871585846,0.13851664841058664,887.80237233638763
0.92124998569488525,-0.092124998569488525,0.13856023014523089,887.31110978126526
0.92150002717971802,-0.092150002717971802,0.13860381170525216,886.82039272785187
0.92175000905990601,-0.092174999415874481,0.13864737813128158,886.33015263080597
0.92199999094009399,-0.092200003564357758,0.13869095928384922,885.84043455123901
0.92224997282028198,-0.092225000262260437,0.13873452533152886,885.3511860370636
0.92250001430511475,-0.092249996960163116,0.13877809117548168,884.86242151260376
0.92274999618530273,-0.092275001108646393,0.13882165681570768,884.37418651580811
0.92299997806549072,-0.092299997806549072,0.13886520735104568,883.88645172119141
0.92325001955032349,-0.092325001955032349,0.1389087577117607,883.39915561676025
0.92350000143051147,-0.092349998652935028,0.1389523078687489,882.91236209869385
0.92374998331069946,-0.092375002801418304,0.13899585782201029,882.42610812187195
0.92400002479553223,-0.092399999499320984,0.13903940757154487,881.9403223991394
0.92425000667572021,-0.09242500364780426,0.13908294221619144,881.45503997802734
0.9244999885559082,-0.09245000034570694,0.1391264766571112,880.97027611732483
0.92474997043609619,-0.092474997043609619,0.13917001092340797,880.48600697517395
0.92500001192092896,-0.092500001192092896,0.1392135449568741,880.00222039222717
0.92524999380111694,-0.092524997889995575,0.13925706391455606,879.51893281936646
0.92549997568130493,-0.092550002038478851,0.13930059759877622,879.03611707687378
0.9257500171661377,-0.092574998736381531,0.13934411617810838,878.55374193191528
0.92599999904632568,-0.092600002884864807,0.13938763458281755,878.07183408737183
0.92624998092651367,-0.092624999582767487,0.13943113785353489,877.59047031402588
0.92650002241134644,-0.092649996280670166,0.13947465587989427,877.1095609664917
0.92675000429153442,-0.092675000429153442,0.1395181588595733,876.62901735305786
0.92699998617172241,-0.092699997127056122,0.13956167679862119,876.14841604232788
0.92725002765655518,-0.092725001275539398,0.13960520981345326,875.66749715805054
0.92750000953674316,-0.092749997973442078,0.13964875793317333,875.18610382080078
0.92774999141693115,-0.092775002121925354,0.13969230616930872,874.70449686050415
0.92799997329711914,-0.092799998819828033,0.13973585434723645,874.22305297851562
0.9282500147819519,-0.09282500296831131,0.13977940229233354,873.74211025238037
0.92849999666213989,-0.092849999666213989,0.13982293498702347,873.26200771331787
0.92874997854232788,-0.092874996364116669,0.13986646730336361,872.78295469284058
0.92900002002716064,-0.092900000512599945,0.13990998431108892,872.30478096008301
0.92925000190734863,-0.092924997210502625,0.1399535009986721,871.82743406295776
0.92949998378753662,-0.092950001358985901,0.13999700258136727,871.3506178855896
0.92975002527236938,-0.09297499805688858,0.14004050398943946,870.87427759170532
0.93000000715255737,-0.093000002205371857,0.14008400528109632,870.39815998077393
0.93024998903274536,-0.093024998903274536,0.1401275064854417,869.92221307754517
0.93049997091293335,-0.093050003051757812,0.14017100760247558,869.44660568237305
0.93075001239776611,-0.093074999749660492,0.14021450857399032,868.9713249206543
0.9309999942779541,-0.093099996447563171,0.14025800937088206,868.49655866622925
0.93124997615814209,-0.093125000596046448,0.14030149503378198,868.02227354049683
0.93150001764297485,-0.093149997293949127,0.14034498049295507,867.54853582382202
0.93174999952316284,-0.093175001442432404,0.1403884656901937,867.07536792755127
0.93199998140335083,-0.093199998140335083,0.14043195071280934,866.60277509689331
0.93225002288818359,-0.093225002288818359,0.14047542060143314,866.13065528869629
0.93250000476837158,-0.093249998986721039,0.14051889031543396,865.65900564193726
0.93274998664855957,-0.093275003135204315,0.14056235988391563,865.18777894973755
0.93300002813339233,-0.093299999833106995,0.14060582924867049,864.7170238494873
0.93325001001358032,-0.093324996531009674,0.14064929843880236,864.2466516494751
0.93349999189376831,-0.09335000067949295,0.14069275255315006,863.77679109573364
0.9337499737739563,-0.09337499737739563,0.14073622139403597,863.30730772018433
0.93400001525878906,-0.093400001525878906,0.1407796751591377,862.83837080001831
0.93424999713897705,-0.093424998223781586,0.14082312872051261,862.3698296546936
0.93449997901916504,-0.093450002372264862,0.14086656717699952,861.90184164047241
0.9347500205039978,-0.093474999070167542,0.14091002036002465,861.43432712554932
0.93500000238418579,-0.093500003218650818,0.14095345846726559,860.9672212600708
0.93524998426437378,-0.093524999916553497,0.14099689637077972,860.50060749053955
0.93550002574920654,-0.093549996614456177,0.14104033409967087,860.03449058532715
0.93575000762939453,-0.093575000762939453,0.14108375672367401,859.56873893737793
0.93599998950958252,-0.093599997460842133,0.1411271941033192,859.10348224639893
0.93624997138977051,-0.093625001609325409,0.14117061637807637,858.63869762420654
0.93650001287460327,-0.093649998307228088,0.14121403847821057,858.17439937591553
0.93674999475479126,-0.093675002455711365,0.14125746040372178,857.71051502227783
0.93699997663497925,-0.093699999153614044,0.14130088212550618,857.24710178375244
0.93725001811981201,-0.093725003302097321,0.1413442887715064,856.78415584564209
0.9375,-0.09375,0.14138769524288364,856.32165336608887
0.93774998188018799,-0.093774996697902679,0.14143110151053406,855.85960483551025
0.93800002336502075,-0.093800000846385956,0.14147450763266534,855.39802742004395
0.93825000524520874,-0.093824997544288635,0.14151791352196597,854.93692016601562
0.93849998712539673,-0.093850001692771912,0.14156130436458625,854.47623729705811
0.93875002861022949,-0.093874998390674591,0.14160469503258355,854.01602458953857
0.93900001049041748,-0.093900002539157867,0.14164808549685404,853.55626773834229
0.93924999237060547,-0.093924999237060547,0.14169147578650154,853.09698390960693
0.93949997425079346,-0.093950003385543823,0.14173486590152606,852.63812828063965
0.93975001573562622,-0.093975000083446503,0.14177824094076641,852.17979526519775
0.93999999761581421,-0.093999996781349182,0.14182161577627994,851.72182750701904
0.9402499794960022,-0.094025000929832458,0.14186499043717049,851.26428413391113
0.94050002098083496,-0.094049997627735138,0.14190836492343806,850.80724716186523
0.94075000286102295,-0.094075001776218414,0.14195172433392145,850.35067272186279
0.94099998474121094,-0.094099998474121094,0.14199509847094305,849.89452075958252
0.9412500262260437,-0.09412500262260437,0.14203847249154933,849.43860816955566
0.94150000810623169,-0.09414999932050705,0.14208190792123787,848.97796821594238
0.94174998998641968,-0.094175003468990326,0.14212535883416422,848.5158109664917
0.94199997186660767,-0.094200000166893005,0.14216881000902504,848.05289268493652
0.94225001335144043,-0.094224996864795685,0.14221226115478203,847.59010982513428
0.94249999523162842,-0.094250001013278961,0.14225571206770837,847.1279354095459
0.94274997711181641,-0.094274997711181641,0.14229914770112373,846.66665744781494
0.94300001859664917,-0.094300001859664917,0.14234258295618929,846.20632839202881
0.94325000047683716,-0.094324998557567596,0.14238600298995152,845.74690723419189
0.94349998235702515,-0.094350002706050873,0.14242942276177928,845.28815078735352
0.94375002384185791,-0.094374999403953552,0.14247284227167256,844.83004570007324
0.9440000057220459,-0.094400003552436829,0.14251624670578167,844.37238216400146
0.94424998760223389,-0.094425000250339508,0.14255966589553282,843.91509342193604
0.94450002908706665,-0.094449996948242188,0.14260307003860362,843.45822715759277
0.94475001096725464,-0.094475001096725464,0.14264647403615527,843.00167274475098
0.94499999284744263,-0.094499997794628143,0.14268987788818777,842.54541301727295
0.94524997472763062,-0.09452500194311142,0.14273328156559728,842.08959770202637
0.94550001621246338,-0.094549998641014099,0.14277667019632645,841.63420963287354
0.94574999809265137,-0.094575002789497375,0.14282007352449,841.17930603027344
0.94599997997283936,-0.094599999487400055,0.14286346177686937,840.72484111785889
0.94625002145767212,-0.094625003635883331,0.14290684985462576,840.27076435089111
0.94650000333786011,-0.094650000333786011,0.14295022285659797,839.8171854019165
0.9467499852180481,-0.09467499703168869,0.1429936105851084,839.36403942108154
0.94700002670288086,-0.094700001180171967,0.14303698326693848,838.91124057769775
0.94725000858306885,-0.094724997878074646,0.1430803558032494,838.45881175994873
0.94749999046325684,-0.094750002026557922,0.14312372819404118,838.00682353973389
0.94774997234344482,-0.094774998724460602,0.14316710041020997,837.55525875091553
0.94800001382827759,-0.094800002872943878,0.14321047245175578,837.10407257080078
0.94824999570846558,-0.094824999570846558,0.14325382941751741,836.65328216552734
0.94849997758865356,-0.094850003719329834,0.14329720113892108,836.20296859741211
0.94875001907348633,-0.094875000417232513,0.14334055793005973,835.75277614593506
0.94900000095367432,-0.094899997115135193,0.14338394481455907,835.30214881896973
0.9492499828338623,-0.094925001263618469,0.14342734700767323,834.85049533843994
0.94950002431869507,-0.094949997961521149,0.14347074952092953,834.39806079864502
0.94975000619888306,-0.094975002110004425,0.14351415203418583,833.94562244415283
0.94999998807907104,-0.094999998807907104,0.14355755425640382,833.4938497543335
0.95025002956390381,-0.095025002956390381,0.14360094114090316,833.04311752319336
0.9505000114440918,-0.09504999965429306,0.14364431265858002,832.59352874755859
0.95074999332427979,-0.09507499635219574,0.14368768385611475,832.14481449127197
0.95099997520446777,-0.095100000500679016,0.1437310398905538,831.69669628143311
0.95125001668930054,-0.095124997198581696,0.1437744106806349,831.24899196624756
0.95149999856948853,-0.095150001347064972,0.14381776648224331,830.80151081085205
0.95174998044967651,-0.095174998044967651,0.14386112219654024,830.35426425933838
0.95200002193450928,-0.095200002193450928,0.14390449269558303,829.9073314666748
0.95225000381469727,-0.095224998891353607,0.14394784811884165,829.46070861816406
0.95249998569488525,-0.095250003039836884,0.14399118852452375,829.01458168029785
0.95275002717971802,-0.095274999737739563,0.14403454362764023,828.56884384155273
0.95300000905990601,-0.095299996435642242,0.14407789855613373,828.12360954284668
0.95324999094009399,-0.095325000584125519,0.14412123837973922,827.67878913879395
0.95349997282028198,-0.095349997282028198,0.14416457805782557,827.23435020446777
0.95375001430511475,-0.095375001430511475,0.14420791761949658,826.7902660369873
0.95399999618530273,-0.095399998128414154,0.14425125703564845,826.34646797180176
0.95424997806549072,-0.09542500227689743,0.14429459630628116,825.90308380126953
0.95450001955032349,-0.09544999897480011,0.1443379205011297,825.46013069152832
0.95475000143051147,-0.095475003123283386,0.14438125945162028,825.01755714416504
0.95499998331069946,-0.095499999821186066,0.14442459825659171,824.57527732849121
0.95525002479553223,-0.095524996519088745,0.14446792207309045,824.1331615447998
0.95550000667572021,-0.095550000667572021,0.14451126070343889,823.69135093688965
0.9557499885559082,-0.095574997365474701,0.14455459918826818,823.24971961975098
0.95599997043609619,-0.095600001513957977,0.14459796767914668,822.80766677856445
0.95625001192092896,-0.095624998211860657,0.14464133643195964,822.36478996276855
0.95649999380111694,-0.095650002360343933,0.14468473521992564,821.92136192321777
0.95674997568130493,-0.095674999058246613,0.14472813400789164,821.47774314880371
0.9570000171661377,-0.095700003206729889,0.14477153265033849,821.03450775146484
0.95724999904632568,-0.095724999904632568,0.14481493103085086,820.59201049804688
0.95749998092651367,-0.095749996602535248,0.14485829920158722,820.15045928955078
0.95775002241134644,-0.095775000751018524,0.14490166702307761,819.70995712280273
0.95800000429153442,-0.095799997448921204,0.14494501959416084,819.27030754089355
0.95824998617172241,-0.09582500159740448,0.14498837193241343,818.83127784729004
0.95850002765655518,-0.095849998295307159,0.14503172409604304,818.39270210266113
0.95875000953674316,-0.095875002443790436,0.14507507617236115,817.95434379577637
0.95899999141693115,-0.095899999141693115,0.14511841328931041,817.51609802246094
0.95924997329711914,-0.095925003290176392,0.14516176522010937,817.07804870605469
0.9595000147819519,-0.095949999988079071,0.14520511709270068,816.64017486572266
0.95974999666213989,-0.09597499668598175,0.14524846879066899,816.20264625549316
0.95999997854232788,-0.096000000834465027,0.14529180544195697,815.76558685302734
0.96025002002716064,-0.096024997532367706,0.1453351418604143,815.32900428771973
0.96050000190734863,-0.096050001680850983,0.14537847807514481,814.89305114746094
0.96074998378753662,-0.096074998378753662,0.14542181408614852,814.45756721496582
0.96100002527236938,-0.096100002527236938,0.14546513502136804,814.0225715637207
0.96125000715255737,-0.096124999225139618,0.14550845578196459,813.58803176879883
0.96149998903274536,-0.096150003373622894,0.14555179138551466,813.15369415283203
0.96174997091293335,-0.096175000071525574,0.14559511197148822,812.71958160400391
0.96200001239776611,-0.096199996769428253,0.14563843244104646,812.28578186035156
0.9622499942779541,-0.09622500091791153,0.14568175273598172,811.85238456726074
0.96249997615814209,-0.096249997615814209,0.14572507285629399,811.41944885253906
0.96275001764297485,-0.096275001764297485,0.14576839283108711,810.98698425292969
0.96299999952316284,-0.096299998462200165,0.1458116976718884,810.55495071411133
0.96324998140335083,-0.096325002610683441,0.14585501726833172,810.12339019775391
0.96350002288818359,-0.096349999308586121,0.14589832178899087,809.69217872619629
0.96375000476837158,-0.096375003457069397,0.14594162616413087,809.26141166687012
0.96399998664855957,-0.096400000154972076,0.14598494584788568,808.82976341247559
0.96425002813339233,-0.096424996852874756,0.14602828089846298,808.39706611633301
0.96450001001358032,-0.096450001001358032,0.1460716312576551,807.96343421936035
0.96474999189376831,-0.096474997699260712,0.14611498173326254,807.52932167053223
0.9649999737739563,-0.096500001847743988,0.14615833215066232,807.09548187255859
0.96525001525878906,-0.096524998545646667,0.1462016673758626,806.66238784790039
0.96549999713897705,-0.096550002694129944,0.14624500219360925,806.23020172119141
0.96574997901916504,-0.096574999392032623,0.14628832176094875,805.79896926879883
0.9660000205039978,-0.0966000035405159,0.14633164100814611,805.36849403381348
0.96625000238418579,-0.096625000238418579,0.14637496005161665,804.93847465515137
0.96649998426437378,-0.096649996936321259,0.14641829393804073,804.50867080688477
0.96675002574920654,-0.096675001084804535,0.14646161286509596,804.07888984680176
0.96700000762939453,-0.096699997782707214,0.14650494663510472,803.64925956726074
0.96724998950958252,-0.096725001931190491,0.14654828028869815,803.21986389160156
0.96749997138977051,-0.09674999862909317,0.14659159889561124,802.79095649719238
0.96775001287460327,-0.096775002777576447,0.14663493217085488,802.36253929138184
0.96799999475479126,-0.096799999475479126,0.14667823541094549,801.93480110168457
0.96824997663497925,-0.096825003623962402,0.14672155334847048,801.50756645202637
0.96850001811981201,-0.096850000321865082,0.14676485621021129,801.0808219909668
0.96875,-0.096874997019767761,0.14680814399616793,800.65446662902832
0.96899998188018799,-0.096900001168251038,0.14685144656687044,800.22847938537598
0.96925002336502075,-0.096924997866153717,0.14689474902115762,799.80271339416504
0.96950000524520874,-0.096950002014636993,0.14693803645786829,799.37728118896484
0.96974998712539673,-0.096974998712539673,0.14698133862111717,798.95220756530762
0.97000002861022949,-0.097000002861022949,0.14702462576678954,798.5274772644043
0.97025001049041748,-0.097024999558925629,0.14706791270873509,798.10324096679688
0.97049999237060547,-0.097050003707408905,0.14711119947605766,797.67947769165039
0.97074997425079346,-0.097075000405311584,0.14715447116759606,797.25614356994629
0.97100001573562622,-0.097099997103214264,0.14719775758567266,796.83333587646484
0.97124999761581421,-0.09712500125169754,0.14724102889886126,796.41091728210449
0.9714999794960022,-0.09714999794960022,0.1472843000665307,795.98898887634277
0.97175002098083496,-0.097175002098083496,0.14732755615841597,795.56739616394043
0.97200000286102295,-0.097199998795986176,0.14737082700594328,795.14621925354004
0.97224998474121094,-0.097225002944469452,0.14741408280679025,794.72539901733398
0.9725000262260437,-0.097249999642372131,0.14745735342148691,794.30486106872559
0.97275000810623169,-0.097274996340274811,0.14750062394887209,793.88465118408203
0.97299998998641968,-0.097300000488758087,0.14754387945868075,793.46462631225586
0.97324997186660767,-0.097324997186660767,0.14758714972413145,793.04501152038574
0.97350001335144043,-0.097350001335144043,0.14763040491379797,792.62582015991211
0.97374999523162842,-0.097374998033046722,0.14767365989973769,792.20722961425781
0.97399997711181641,-0.097400002181529999,0.14771691468195058,791.78903579711914
0.97425001859664917,-0.097424998879432678,0.14776015438837931,791.37132263183594
0.97450000047683716,-0.097450003027915955,0.14780340890865773,790.95379447937012
0.97474998235702515,-0.097474999725818634,0.14784667882486247,790.53475761413574
0.97500002384185791,-0.097499996423721313,0.14788997886353172,790.11464691162109
0.9752500057220459,-0.09752500057220459,0.1479332642047666,789.69394493103027
0.97549998760223389,-0.097549997270107269,0.14797656438895501,789.27350044250488
0.97575002908706665,-0.097575001418590546,0.14801984938094392,788.85382080078125
0.97600001096725464,-0.097599998116493225,0.14806311906431802,788.43530464172363
0.97624999284744263,-0.097625002264976501,0.14810638834023848,788.01779174804688
0.97649997472763062,-0.097649998962879181,0.14814964245306328,787.60103988647461
0.97675001621246338,-0.097675003111362457,0.14819289633305743,787.18481254577637
0.97699999809265137,-0.097699999809265137,0.14823615006753244,786.7689380645752
0.97724997997283936,-0.097724996507167816,0.14827940371469595,786.35329437255859
0.97750002145767212,-0.097750000655651093,0.1483226572163403,785.93796348571777
0.97775000333786011,-0.097774997353553772,0.14836589572951198,785.52292633056641
0.9779999852180481,-0.097800001502037048,0.14840914899832569,785.10823631286621
0.97825002670288086,-0.097824998199939728,0.14845238719135523,784.69385528564453
0.97850000858306885,-0.097850002348423004,0.14849562526796944,784.27991485595703
0.97874999046325684,-0.097874999046325684,0.14853886316996068,783.86638069152832
0.97899997234344482,-0.09790000319480896,0.14858210089732893,783.4532585144043
0.97925001382827759,-0.097924999892711639,0.14862533853738569,783.04046440124512
0.97949999570846558,-0.097949996590614319,0.14866859116591513,782.62753868103027
0.97974997758865356,-0.097975000739097595,0.14871184402727522,782.21414947509766
0.98000001907348633,-0.097999997437000275,0.14875511199352331,781.80030059814453
0.98025000095367432,-0.098025001585483551,0.14879839497734793,781.3861141204834
0.9804999828338623,-0.09804999828338623,0.14884170808363706,780.97124099731445
0.98075002431869507,-0.098075002431869507,0.148885036673164,780.55493354797363
0.98100000619888306,-0.098099999129772186,0.14892838068772107,780.13723945617676
0.98124998807907104,-0.098125003278255463,0.14897173983626999,779.71889877319336
0.98150002956390381,-0.098149999976158142,0.14901508396724239,779.30087471008301
0.9817500114440918,-0.098174996674060822,0.14905842766165733,778.88387107849121
0.98199999332427979,-0.098200000822544098,0.1491017410880886,778.46824073791504
0.98224997520446777,-0.098224997520446777,0.14914505399065092,778.05390739440918
0.98250001668930054,-0.098250001668930054,0.14918835161370225,777.64064025878906
0.98274999856948853,-0.098274998366832733,0.14923164897481911,777.22796821594238
0.98299998044967651,-0.09830000251531601,0.14927494621952064,776.81564140319824
0.98325002193450928,-0.098324999213218689,0.14931824337691069,776.40345001220703
0.98350000381469727,-0.098350003361701965,0.14936154047609307,775.99141502380371
0.98374998569488525,-0.098375000059604645,0.14940483751706779,775.5794677734375
0.98400002717971802,-0.098399996757507324,0.14944811956956983,775.16782569885254
0.98425000905990601,-0.098425000905990601,0.14949141640681773,774.7564811706543
0.98449999094009399,-0.09844999760389328,0.14953471306944266,774.34547805786133
0.98474997282028198,-0.098475001752376556,0.14957799468538724,773.93497848510742
0.98500001430511475,-0.098499998450279236,0.149621276097605,773.52491760253906
0.98524999618530273,-0.098525002598762512,0.14966454246314242,773.11525726318359
0.98549997806549072,-0.098549999296665192,0.14970782355521806,772.7060604095459
0.98575001955032349,-0.098575003445148468,0.14975108957150951,772.29729270935059
0.98600000143051147,-0.098600000143051147,0.14979437034344301,771.88892364501953
0.98624998331069946,-0.098624996840953827,0.14983763606869616,771.48093032836914
0.98650002479553223,-0.098650000989437103,0.14988088674726896,771.07327461242676
0.98675000667572021,-0.098674997687339783,0.14992415215237997,770.66604804992676
0.9869999885559082,-0.098700001835823059,0.14996741744107567,770.2592658996582
0.98724997043609619,-0.098724998533725739,0.15001066765398718,769.85278511047363
0.98750001192092896,-0.098750002682209015,0.15005391772137955,769.44669342041016
0.98774999380111694,-0.098774999380111694,0.15009716764325276,769.04098701477051
0.98799997568130493,-0.098800003528594971,0.15014041739050299,768.63571357727051
0.9882500171661377,-0.09882500022649765,0.15018365209107287,768.23083114624023
0.98849999904632568,-0.09884999692440033,0.15022690151818097,767.82631683349609
0.98874998092651367,-0.098875001072883606,0.15027013592771254,767.42224502563477
0.98900002241134644,-0.098899997770786285,0.15031337016262114,767.01845169067383
0.98925000429153442,-0.098925001919269562,0.15035660425201058,766.61514282226562
0.98949998617172241,-0.098949998617172241,0.15039983819588087,766.21213531494141
0.98975002765655518,-0.098975002765655518,0.15044305709307082,765.80960845947266
0.99000000953674316,-0.098999999463558197,0.15048627584474161,765.40738296508789
0.99024999141693115,-0.099025003612041473,0.15052950932295062,765.00558090209961
0.99049997329711914,-0.099050000309944153,0.15057271288242191,764.60420989990234
0.9907500147819519,-0.099074997007846832,0.15061593116843142,764.20316696166992
0.99099999666213989,-0.099100001156330109,0.15065914930892177,763.8024787902832
0.99124997854232788,-0.099124997854232788,0.15070235240273178,763.40224838256836
0.99150002002716064,-0.099150002002716064,0.15074557022307999,763.00238418579102
0.99175000190734863,-0.099174998700618744,0.15078877299674787,762.60284805297852
0.99199998378753662,-0.09920000284910202,0.15083196072373539,762.2037353515625
0.99225002527236938,-0.0992249995470047,0.15087516320636496,761.80505752563477
0.99250000715255737,-0.099250003695487976,0.15091836554347537,761.40681076049805
0.99274998903274536,-0.099275000393390656,0.15096155280480161,761.00879287719727
0.99299997091293335,-0.099299997091293335,0.15100473994971253,760.6112060546875
0.99325001239776611,-0.099325001239776611,0.15104792692000046,760.21403503417969
0.9934999942779541,-0.099349997937679291,0.15109111374476925,759.81729125976562
0.99374997615814209,-0.099375002086162567,0.15113430042401887,759.42085647583008
0.99400001764297485,-0.099399998784065247,0.15117747205658816,759.02484130859375
0.99424999952316284,-0.099425002932548523,0.15122064354363829,758.62912368774414
0.99449998140335083,-0.099449999630451202,0.15126381488516927,758.23384094238281
0.99475002288818359,-0.099474996328353882,0.15130698605207726,757.8389778137207
0.99500000476837158,-0.099500000476837158,0.15135015710256994,757.44448471069336
0.99524998664855957,-0.099524997174739838,0.15139332797843963,757.05030059814453
0.99550002813339233,-0.099550001323223114,0.15143648380762897,756.65654373168945
0.99575001001358032,-0.099574998021125793,0.15147963949129917,756.26320648193359
0.99599999189376831,-0.09960000216960907,0.15152279502945021,755.87017822265625
0.9962499737739563,-0.099624998867511749,0.1515659504220821,755.47757720947266
0.99650001525878906,-0.099650003015995026,0.15160910566919483,755.08526992797852
0.99674999713897705,-0.099674999713897705,0.15165224586962722,754.69346237182617
0.99699997901916504,-0.099699996411800385,0.15169538592454046,754.30194473266602
0.9972500205039978,-0.099725000560283661,0.15173852580483072,753.91091537475586
0.99750000238418579,-0.09974999725818634,0.15178166556870565,753.52013778686523
0.99774998426437378,-0.099775001406669617,0.1518248051579576,753.12982177734375
0.99800002574920654,-0.099799998104572296,0.15186794463079423,752.73982238769531
0.99825000762939453,-0.099825002253055573,0.15191106902784668,752.35023498535156
0.99849998950958252,-0.099849998950958252,0.15195419327937998,751.96101379394531
0.99874997138977051,-0.099875003099441528,0.15199731741449796,751.5721549987793
0.99900001287460327,-0.099899999797344208,0.15204044137499295,751.18366622924805
0.99924999475479126,-0.099924996495246887,0.15208356518996879,750.79551696777344
0.99949997663497925,-0.099950000643730164,0.15212668885942549,750.40787124633789
0.99975001811981201,-0.099974997341632843,0.15216979751130566,750.02045440673828
1,-0.10000000149011612,0.15221290598856285,749.63351058959961
