# cmod[mm], load[N]
8.824757e-06, 3.717553e+00
1.764951e-05, 7.435105e+00
2.647427e-05, 1.115266e+01
3.529903e-05, 1.487021e+01
4.412378e-05, 1.858776e+01
5.294854e-05, 2.230532e+01
6.177330e-05, 2.602287e+01
7.059806e-05, 2.974042e+01
7.942281e-05, 3.345797e+01
8.824757e-05, 3.717553e+01
9.707233e-05, 4.089308e+01
1.058971e-04, 4.461063e+01
1.147218e-04, 4.832818e+01
1.235466e-04, 5.204574e+01
1.323714e-04, 5.576329e+01
1.411961e-04, 5.948084e+01
1.500209e-04, 6.319839e+01
1.588456e-04, 6.691595e+01
1.676704e-04, 7.063350e+01
1.764951e-04, 7.435105e+01
1.853199e-04, 7.806860e+01
1.941447e-04, 8.178616e+01
2.029694e-04, 8.550371e+01
2.117942e-04, 8.922126e+01
2.206189e-04, 9.293881e+01
2.294437e-04, 9.665637e+01
2.382684e-04, 1.003739e+02
2.470932e-04, 1.040915e+02
2.559180e-04, 1.078090e+02
2.647427e-04, 1.115266e+02
2.735675e-04, 1.152441e+02
2.823922e-04, 1.189617e+02
2.912170e-04, 1.226792e+02
3.000417e-04, 1.263968e+02
3.088665e-04, 1.301143e+02
3.176913e-04, 1.338319e+02
3.265160e-04, 1.375494e+02
3.353408e-04, 1.412670e+02
3.441655e-04, 1.449846e+02
3.529903e-04, 1.487021e+02
3.618150e-04, 1.524197e+02
3.706398e-04, 1.561372e+02
3.794645e-04, 1.598548e+02
3.882893e-04, 1.635723e+02
3.971141e-04, 1.672899e+02
4.059388e-04, 1.710074e+02
4.147636e-04, 1.747250e+02
4.235883e-04, 1.784425e+02
4.324131e-04, 1.821601e+02
4.412378e-04, 1.858776e+02
4.500626e-04, 1.895952e+02
4.588874e-04, 1.933127e+02
4.677121e-04, 1.970303e+02
4.765369e-04, 2.007478e+02
4.853616e-04, 2.044654e+02
4.941864e-04, 2.081829e+02
5.030111e-04, 2.119005e+02
5.118359e-04, 2.156180e+02
5.206607e-04, 2.193356e+02
5.294854e-04, 2.230532e+02
5.383102e-04, 2.267707e+02
5.471349e-04, 2.304883e+02
5.559597e-04, 2.342058e+02
5.647844e-04, 2.379234e+02
5.736092e-04, 2.416409e+02
5.824340e-04, 2.453585e+02
5.912587e-04, 2.490760e+02
6.000835e-04, 2.527936e+02
6.089082e-04, 2.565111e+02
6.177330e-04, 2.602287e+02
6.265577e-04, 2.639462e+02
6.353825e-04, 2.676638e+02
6.442073e-04, 2.713813e+02
6.530320e-04, 2.750989e+02
6.618568e-04, 2.788164e+02
6.706815e-04, 2.825340e+02
6.795063e-04, 2.862515e+02
6.883310e-04, 2.899691e+02
6.971558e-04, 2.936867e+02
7.059806e-04, 2.974042e+02
7.148053e-04, 3.011218e+02
7.236301e-04, 3.048393e+02
7.324548e-04, 3.085569e+02
7.412796e-04, 3.122744e+02
7.501043e-04, 3.159920e+02
7.589291e-04, 3.197095e+02
7.677539e-04, 3.234271e+02
7.765786e-04, 3.271446e+02
7.854034e-04, 3.308622e+02
7.942281e-04, 3.345797e+02
8.030529e-04, 3.382973e+02
8.118776e-04, 3.420148e+02
8.207024e-04, 3.457324e+02
8.295272e-04, 3.494499e+02
8.383519e-04, 3.531675e+02
8.471767e-04, 3.568850e+02
8.560014e-04, 3.606026e+02
8.648262e-04, 3.643202e+02
8.736509e-04, 3.680377e+02
8.824757e-04, 3.717553e+02
8.913005e-04, 3.754728e+02
9.001252e-04, 3.791904e+02
9.089500e-04, 3.829079e+02
9.177747e-04, 3.866255e+02
9.265995e-04, 3.903430e+02
9.354242e-04, 3.940606e+02
9.442490e-04, 3.977781e+02
9.530738e-04, 4.014957e+02
9.618985e-04, 4.052132e+02
9.707233e-04, 4.089308e+02
9.795480e-04, 4.126483e+02
9.883728e-04, 4.163659e+02
9.971975e-04, 4.200834e+02
1.006022e-03, 4.238010e+02
1.014847e-03, 4.275185e+02
1.023672e-03, 4.312361e+02
1.032497e-03, 4.349537e+02
1.041321e-03, 4.386712e+02
1.050146e-03, 4.423888e+02
1.058971e-03, 4.461063e+02
1.067796e-03, 4.498239e+02
1.076620e-03, 4.535414e+02
1.085445e-03, 4.572590e+02
1.094270e-03, 4.609765e+02
1.103095e-03, 4.646941e+02
1.111919e-03, 4.684116e+02
1.120744e-03, 4.721292e+02
1.129569e-03, 4.758467e+02
1.138394e-03, 4.795643e+02
1.147218e-03, 4.832818e+02
1.156043e-03, 4.869994e+02
1.164868e-03, 4.907169e+02
1.173693e-03, 4.944345e+02
1.182517e-03, 4.981520e+02
1.191342e-03, 5.018696e+02
1.200167e-03, 5.055871e+02
1.208992e-03, 5.093047e+02
1.217816e-03, 5.130223e+02
1.226641e-03, 5.167398e+02
1.235466e-03, 5.204574e+02
1.244291e-03, 5.241749e+02
1.253115e-03, 5.278925e+02
1.261940e-03, 5.316100e+02
1.270765e-03, 5.353276e+02
1.279590e-03, 5.390451e+02
1.288415e-03, 5.427627e+02
1.297239e-03, 5.464802e+02
1.306064e-03, 5.501978e+02
1.314889e-03, 5.539153e+02
1.323714e-03, 5.576329e+02
1.332538e-03, 5.613504e+02
1.341363e-03, 5.650680e+02
1.350188e-03, 5.687855e+02
1.359013e-03, 5.725031e+02
1.367837e-03, 5.762206e+02
1.376662e-03, 5.799382e+02
1.385487e-03, 5.836558e+02
1.394312e-03, 5.873733e+02
1.403136e-03, 5.910909e+02
1.411961e-03, 5.948084e+02
1.420786e-03, 5.985260e+02
1.429611e-03, 6.022435e+02
1.438435e-03, 6.059611e+02
1.447260e-03, 6.096786e+02
1.456085e-03, 6.133962e+02
1.464910e-03, 6.171137e+02
1.473734e-03, 6.208313e+02
1.482559e-03, 6.245488e+02
1.491384e-03, 6.282664e+02
1.500209e-03, 6.319839e+02
1.509033e-03, 6.357015e+02
1.517858e-03, 6.394190e+02
1.526683e-03, 6.431366e+02
1.535508e-03, 6.468541e+02
1.544332e-03, 6.505717e+02
1.553157e-03, 6.542893e+02
1.561982e-03, 6.580068e+02
1.570807e-03, 6.617244e+02
1.579631e-03, 6.654419e+02
1.588456e-03, 6.691595e+02
1.597281e-03, 6.728770e+02
1.606106e-03, 6.765946e+02
1.614931e-03, 6.803121e+02
1.623755e-03, 6.840297e+02
1.632580e-03, 6.877472e+02
1.641405e-03, 6.914648e+02
1.650230e-03, 6.951823e+02
1.659054e-03, 6.988999e+02
1.667960e-03, 7.026052e+02
1.676970e-03, 7.062950e+02
1.686030e-03, 7.099771e+02
1.695115e-03, 7.136555e+02
1.704213e-03, 7.173320e+02
1.713316e-03, 7.210077e+02
1.722423e-03, 7.246829e+02
1.731532e-03, 7.283578e+02
1.740641e-03, 7.320326e+02
1.749751e-03, 7.357073e+02
1.758862e-03, 7.393819e+02
1.767973e-03, 7.430565e+02
1.777085e-03, 7.467310e+02
1.786197e-03, 7.504055e+02
1.795309e-03, 7.540800e+02
1.804422e-03, 7.577544e+02
1.813535e-03, 7.614288e+02
1.822648e-03, 7.651031e+02
1.831762e-03, 7.687774e+02
1.840876e-03, 7.724517e+02
1.849990e-03, 7.761259e+02
1.859105e-03, 7.798001e+02
1.868220e-03, 7.834742e+02
1.877335e-03, 7.871484e+02
1.886450e-03, 7.908224e+02
1.895566e-03, 7.944965e+02
1.904682e-03, 7.981705e+02
1.913799e-03, 8.018445e+02
1.922915e-03, 8.055184e+02
1.932032e-03, 8.091924e+02
1.941150e-03, 8.128663e+02
1.950267e-03, 8.165401e+02
1.959385e-03, 8.202139e+02
1.968503e-03, 8.238877e+02
1.977621e-03, 8.275615e+02
1.986739e-03, 8.312352e+02
1.995858e-03, 8.349090e+02
2.004977e-03, 8.385826e+02
2.014097e-03, 8.422563e+02
2.023216e-03, 8.459299e+02
2.032336e-03, 8.496035e+02
2.041456e-03, 8.532771e+02
2.050576e-03, 8.569506e+02
2.059696e-03, 8.606241e+02
2.068817e-03, 8.642976e+02
2.077938e-03, 8.679711e+02
2.087059e-03, 8.716446e+02
2.096180e-03, 8.753180e+02
2.105302e-03, 8.789914e+02
2.114423e-03, 8.826647e+02
2.123545e-03, 8.863381e+02
2.132668e-03, 8.900114e+02
2.141790e-03, 8.936847e+02
2.150912e-03, 8.973580e+02
2.160035e-03, 9.010313e+02
2.169158e-03, 9.047045e+02
2.178281e-03, 9.083777e+02
2.187405e-03, 9.120509e+02
2.196528e-03, 9.157241e+02
2.205652e-03, 9.193972e+02
2.214776e-03, 9.230703e+02
2.223900e-03, 9.267435e+02
2.233024e-03, 9.304165e+02
2.242148e-03, 9.340896e+02
2.251273e-03, 9.377627e+02
2.260398e-03, 9.414357e+02
2.269522e-03, 9.451087e+02
2.278648e-03, 9.487817e+02
2.287773e-03, 9.524547e+02
2.296898e-03, 9.561276e+02
2.306024e-03, 9.598006e+02
2.315149e-03, 9.634735e+02
2.324275e-03, 9.671464e+02
2.333401e-03, 9.708193e+02
2.342528e-03, 9.744921e+02
2.351654e-03, 9.781650e+02
2.360780e-03, 9.818378e+02
2.369907e-03, 9.855106e+02
2.379034e-03, 9.891835e+02
2.388161e-03, 9.928562e+02
2.397288e-03, 9.965290e+02
2.406415e-03, 1.000202e+03
2.415542e-03, 1.003875e+03
2.424670e-03, 1.007547e+03
2.433797e-03, 1.011220e+03
2.442925e-03, 1.014893e+03
2.452053e-03, 1.018565e+03
2.461181e-03, 1.022238e+03
2.470309e-03, 1.025911e+03
2.479437e-03, 1.029583e+03
2.488566e-03, 1.033256e+03
2.497694e-03, 1.036928e+03
2.506823e-03, 1.040601e+03
2.515952e-03, 1.044274e+03
2.525081e-03, 1.047946e+03
2.534210e-03, 1.051619e+03
2.543339e-03, 1.055291e+03
2.552468e-03, 1.058964e+03
2.561597e-03, 1.062636e+03
2.570727e-03, 1.066309e+03
2.579856e-03, 1.069981e+03
2.588986e-03, 1.073654e+03
2.598116e-03, 1.077326e+03
2.607246e-03, 1.080999e+03
2.616376e-03, 1.084671e+03
2.625506e-03, 1.088344e+03
2.634636e-03, 1.092016e+03
2.643770e-03, 1.095688e+03
2.652933e-03, 1.099356e+03
2.662107e-03, 1.103022e+03
2.671285e-03, 1.106687e+03
2.680465e-03, 1.110353e+03
2.689654e-03, 1.114017e+03
2.698866e-03, 1.117677e+03
2.708121e-03, 1.121331e+03
2.717477e-03, 1.124969e+03
2.726911e-03, 1.128596e+03
2.736397e-03, 1.132214e+03
2.745919e-03, 1.135827e+03
2.755464e-03, 1.139437e+03
2.765024e-03, 1.143044e+03
2.774595e-03, 1.146650e+03
2.784171e-03, 1.150255e+03
2.793753e-03, 1.153859e+03
2.803337e-03, 1.157462e+03
2.812924e-03, 1.161065e+03
2.822512e-03, 1.164668e+03
2.832101e-03, 1.168271e+03
2.841692e-03, 1.171874e+03
2.851283e-03, 1.175476e+03
2.860876e-03, 1.179079e+03
2.870468e-03, 1.182681e+03
2.880062e-03, 1.186283e+03
2.889656e-03, 1.189885e+03
2.899251e-03, 1.193487e+03
2.908846e-03, 1.197089e+03
2.918442e-03, 1.200691e+03
2.928038e-03, 1.204292e+03
2.937635e-03, 1.207894e+03
2.947233e-03, 1.211495e+03
2.956831e-03, 1.215097e+03
2.966429e-03, 1.218698e+03
2.976028e-03, 1.222299e+03
2.985628e-03, 1.225900e+03
2.995228e-03, 1.229501e+03
3.004829e-03, 1.233102e+03
3.014430e-03, 1.236703e+03
3.024031e-03, 1.240304e+03
3.033633e-03, 1.243905e+03
3.043236e-03, 1.247506e+03
3.052839e-03, 1.251106e+03
3.062442e-03, 1.254707e+03
3.072046e-03, 1.258307e+03
3.081650e-03, 1.261908e+03
3.091255e-03, 1.265508e+03
3.100860e-03, 1.269108e+03
3.110466e-03, 1.272708e+03
3.120072e-03, 1.276309e+03
3.129678e-03, 1.279909e+03
3.139285e-03, 1.283509e+03
3.148893e-03, 1.287108e+03
3.158500e-03, 1.290708e+03
3.168109e-03, 1.294308e+03
3.177717e-03, 1.297908e+03
3.187335e-03, 1.301506e+03
3.196978e-03, 1.305100e+03
3.206641e-03, 1.308692e+03
3.216324e-03, 1.312280e+03
3.226045e-03, 1.315863e+03
3.235800e-03, 1.319441e+03
3.245583e-03, 1.323014e+03
3.255383e-03, 1.326585e+03
3.265198e-03, 1.330154e+03
3.275026e-03, 1.333721e+03
3.284861e-03, 1.337287e+03
3.294699e-03, 1.340852e+03
3.304538e-03, 1.344417e+03
3.314379e-03, 1.347982e+03
3.324219e-03, 1.351548e+03
3.334060e-03, 1.355113e+03
3.343901e-03, 1.358678e+03
3.353742e-03, 1.362243e+03
3.363583e-03, 1.365808e+03
3.373424e-03, 1.369373e+03
3.383269e-03, 1.372937e+03
3.393126e-03, 1.376500e+03
3.402991e-03, 1.380061e+03
3.412909e-03, 1.383615e+03
3.422884e-03, 1.387161e+03
3.432898e-03, 1.390700e+03
3.442947e-03, 1.394235e+03
3.453022e-03, 1.397765e+03
3.463114e-03, 1.401293e+03
3.473215e-03, 1.404820e+03
3.483323e-03, 1.408346e+03
3.493435e-03, 1.411871e+03
3.503550e-03, 1.415395e+03
3.513667e-03, 1.418920e+03
3.523786e-03, 1.422444e+03
3.533907e-03, 1.425967e+03
3.544029e-03, 1.429491e+03
3.554152e-03, 1.433014e+03
3.564282e-03, 1.436536e+03
3.574422e-03, 1.440057e+03
3.584568e-03, 1.443577e+03
3.594717e-03, 1.447096e+03
3.604868e-03, 1.450615e+03
3.615020e-03, 1.454134e+03
3.625173e-03, 1.457653e+03
3.635327e-03, 1.461172e+03
3.645482e-03, 1.464690e+03
3.655637e-03, 1.468209e+03
3.665793e-03, 1.471727e+03
3.675950e-03, 1.475245e+03
3.686107e-03, 1.478763e+03
3.696265e-03, 1.482281e+03
3.706424e-03, 1.485799e+03
3.716583e-03, 1.489317e+03
3.726743e-03, 1.492835e+03
3.736903e-03, 1.496352e+03
3.747064e-03, 1.499870e+03
3.757226e-03, 1.503387e+03
3.767388e-03, 1.506905e+03
3.777551e-03, 1.510422e+03
3.787727e-03, 1.513937e+03
3.797941e-03, 1.517447e+03
3.808199e-03, 1.520949e+03
3.818499e-03, 1.524446e+03
3.828829e-03, 1.527938e+03
3.839180e-03, 1.531427e+03
3.849543e-03, 1.534914e+03
3.859915e-03, 1.538400e+03
3.870294e-03, 1.541885e+03
3.880676e-03, 1.545369e+03
3.891060e-03, 1.548853e+03
3.901447e-03, 1.552336e+03
3.911841e-03, 1.555819e+03
3.922237e-03, 1.559301e+03
3.932634e-03, 1.562783e+03
3.943032e-03, 1.566265e+03
3.953429e-03, 1.569747e+03
3.963827e-03, 1.573229e+03
3.974225e-03, 1.576710e+03
3.984633e-03, 1.580191e+03
3.995049e-03, 1.583670e+03
4.005469e-03, 1.587149e+03
4.015892e-03, 1.590627e+03
4.026321e-03, 1.594104e+03
4.036774e-03, 1.597578e+03
4.047258e-03, 1.601047e+03
4.057766e-03, 1.604512e+03
4.068298e-03, 1.607974e+03
4.078860e-03, 1.611432e+03
4.089443e-03, 1.614886e+03
4.100039e-03, 1.618339e+03
4.110645e-03, 1.621789e+03
4.121258e-03, 1.625239e+03
4.131875e-03, 1.628688e+03
4.142495e-03, 1.632136e+03
4.153118e-03, 1.635584e+03
4.163742e-03, 1.639032e+03
4.174367e-03, 1.642480e+03
4.184994e-03, 1.645927e+03
4.195621e-03, 1.649374e+03
4.206250e-03, 1.652821e+03
4.216879e-03, 1.656268e+03
4.227509e-03, 1.659714e+03
4.238140e-03, 1.663161e+03
4.248772e-03, 1.666607e+03
4.259405e-03, 1.670053e+03
4.270038e-03, 1.673499e+03
4.280677e-03, 1.676944e+03
4.291329e-03, 1.680388e+03
4.301987e-03, 1.683830e+03
4.312650e-03, 1.687272e+03
4.323315e-03, 1.690713e+03
4.333997e-03, 1.694152e+03
4.344693e-03, 1.697588e+03
4.355401e-03, 1.701023e+03
4.366116e-03, 1.704456e+03
4.376837e-03, 1.707889e+03
4.387577e-03, 1.711319e+03
4.398336e-03, 1.714745e+03
4.409109e-03, 1.718170e+03
4.419900e-03, 1.721592e+03
4.430710e-03, 1.725011e+03
4.441531e-03, 1.728428e+03
4.452372e-03, 1.731842e+03
4.463225e-03, 1.735255e+03
4.474084e-03, 1.738666e+03
4.484948e-03, 1.742077e+03
4.495814e-03, 1.745488e+03
4.506686e-03, 1.748897e+03
4.517574e-03, 1.752304e+03
4.528475e-03, 1.755709e+03
4.539387e-03, 1.759113e+03
4.550305e-03, 1.762516e+03
4.561227e-03, 1.765918e+03
4.572153e-03, 1.769320e+03
4.583091e-03, 1.772720e+03
4.594046e-03, 1.776117e+03
4.605013e-03, 1.779512e+03
4.615988e-03, 1.782907e+03
4.626984e-03, 1.786298e+03
4.637998e-03, 1.789686e+03
4.649024e-03, 1.793073e+03
4.660075e-03, 1.796456e+03
4.671147e-03, 1.799835e+03
4.682233e-03, 1.803213e+03
4.693330e-03, 1.806588e+03
4.704435e-03, 1.809963e+03
4.715545e-03, 1.813336e+03
4.726659e-03, 1.816709e+03
4.737775e-03, 1.820081e+03
4.748909e-03, 1.823451e+03
4.760056e-03, 1.826819e+03
4.771213e-03, 1.830185e+03
4.782378e-03, 1.833550e+03
4.793548e-03, 1.836914e+03
4.804722e-03, 1.840277e+03
4.815898e-03, 1.843640e+03
4.827076e-03, 1.847002e+03
4.838256e-03, 1.850365e+03
4.849437e-03, 1.853727e+03
4.860620e-03, 1.857088e+03
4.871807e-03, 1.860449e+03
4.883005e-03, 1.863809e+03
4.894210e-03, 1.867167e+03
4.905419e-03, 1.870524e+03
4.916632e-03, 1.873881e+03
4.927846e-03, 1.877238e+03
4.939062e-03, 1.880594e+03
4.950284e-03, 1.883950e+03
4.961527e-03, 1.887302e+03
4.972801e-03, 1.890649e+03
4.984099e-03, 1.893993e+03
4.995414e-03, 1.897334e+03
5.006742e-03, 1.900673e+03
5.018078e-03, 1.904010e+03
5.029423e-03, 1.907346e+03
5.040785e-03, 1.910680e+03
5.052161e-03, 1.914011e+03
5.063545e-03, 1.917341e+03
5.074935e-03, 1.920670e+03
5.086330e-03, 1.923998e+03
5.097728e-03, 1.927326e+03
5.109129e-03, 1.930653e+03
5.120535e-03, 1.933979e+03
5.131948e-03, 1.937305e+03
5.143365e-03, 1.940629e+03
5.154784e-03, 1.943954e+03
5.166205e-03, 1.947278e+03
5.177627e-03, 1.950602e+03
5.189050e-03, 1.953925e+03
5.200482e-03, 1.957248e+03
5.211942e-03, 1.960566e+03
5.223427e-03, 1.963880e+03
5.234928e-03, 1.967191e+03
5.246441e-03, 1.970501e+03
5.257962e-03, 1.973809e+03
5.269504e-03, 1.977114e+03
5.281061e-03, 1.980417e+03
5.292630e-03, 1.983717e+03
5.304207e-03, 1.987017e+03
5.315797e-03, 1.990314e+03
5.327396e-03, 1.993610e+03
5.339002e-03, 1.996905e+03
5.350611e-03, 2.000199e+03
5.362223e-03, 2.003493e+03
5.373837e-03, 2.006786e+03
5.385452e-03, 2.010079e+03
5.397069e-03, 2.013372e+03
5.408692e-03, 2.016663e+03
5.420327e-03, 2.019953e+03
5.431968e-03, 2.023242e+03
5.443616e-03, 2.026530e+03
5.455266e-03, 2.029817e+03
5.466920e-03, 2.033103e+03
5.478575e-03, 2.036390e+03
5.490232e-03, 2.039676e+03
5.501896e-03, 2.042961e+03
5.513565e-03, 2.046245e+03
5.525241e-03, 2.049528e+03
5.536933e-03, 2.052809e+03
5.548638e-03, 2.056087e+03
5.560352e-03, 2.059364e+03
5.572085e-03, 2.062638e+03
5.583854e-03, 2.065907e+03
5.595661e-03, 2.069169e+03
5.607509e-03, 2.072426e+03
5.619386e-03, 2.075678e+03
5.631282e-03, 2.078926e+03
5.643191e-03, 2.082173e+03
5.655109e-03, 2.085418e+03
5.667041e-03, 2.088661e+03
5.678986e-03, 2.091902e+03
5.690941e-03, 2.095142e+03
5.702902e-03, 2.098380e+03
5.714869e-03, 2.101618e+03
5.726838e-03, 2.104855e+03
5.738810e-03, 2.108092e+03
5.750784e-03, 2.111328e+03
5.762759e-03, 2.114564e+03
5.774736e-03, 2.117800e+03
5.786714e-03, 2.121035e+03
5.798693e-03, 2.124270e+03
5.810672e-03, 2.127505e+03
5.822653e-03, 2.130740e+03
5.834634e-03, 2.133975e+03
5.846626e-03, 2.137208e+03
5.858646e-03, 2.140436e+03
5.870690e-03, 2.143661e+03
5.882751e-03, 2.146883e+03
5.894837e-03, 2.150100e+03
5.906945e-03, 2.153314e+03
5.919070e-03, 2.156526e+03
5.931206e-03, 2.159735e+03
5.943351e-03, 2.162943e+03
5.955512e-03, 2.166149e+03
5.967686e-03, 2.169352e+03
5.979869e-03, 2.172554e+03
5.992059e-03, 2.175754e+03
6.004253e-03, 2.178954e+03
6.016451e-03, 2.182153e+03
6.028652e-03, 2.185352e+03
6.040855e-03, 2.188550e+03
6.053060e-03, 2.191748e+03
6.065266e-03, 2.194945e+03
6.077478e-03, 2.198142e+03
6.089698e-03, 2.201337e+03
6.101929e-03, 2.204531e+03
6.114166e-03, 2.207724e+03
6.126407e-03, 2.210916e+03
6.138650e-03, 2.214107e+03
6.150901e-03, 2.217298e+03
6.163157e-03, 2.220488e+03
6.175423e-03, 2.223676e+03
6.187706e-03, 2.226861e+03
6.200015e-03, 2.230042e+03
6.212358e-03, 2.233218e+03
6.224726e-03, 2.236389e+03
6.237115e-03, 2.239557e+03
6.249518e-03, 2.242723e+03
6.261931e-03, 2.245887e+03
6.274351e-03, 2.249050e+03
6.286777e-03, 2.252212e+03
6.299206e-03, 2.255373e+03
6.311644e-03, 2.258533e+03
6.324090e-03, 2.261692e+03
6.336542e-03, 2.264849e+03
6.348997e-03, 2.268006e+03
6.361456e-03, 2.271163e+03
6.373916e-03, 2.274319e+03
6.386378e-03, 2.277475e+03
6.398846e-03, 2.280629e+03
6.411332e-03, 2.283782e+03
6.423829e-03, 2.286932e+03
6.436332e-03, 2.290082e+03
6.448844e-03, 2.293230e+03
6.461362e-03, 2.296377e+03
6.473910e-03, 2.299519e+03
6.486492e-03, 2.302657e+03
6.499103e-03, 2.305789e+03
6.511741e-03, 2.308917e+03
6.524403e-03, 2.312041e+03
6.537083e-03, 2.315162e+03
6.549775e-03, 2.318282e+03
6.562476e-03, 2.321400e+03
6.575182e-03, 2.324516e+03
6.587893e-03, 2.327632e+03
6.600607e-03, 2.330748e+03
6.613324e-03, 2.333863e+03
6.626043e-03, 2.336977e+03
6.638769e-03, 2.340091e+03
6.651506e-03, 2.343202e+03
6.664252e-03, 2.346312e+03
6.677005e-03, 2.349421e+03
6.689771e-03, 2.352528e+03
6.702547e-03, 2.355633e+03
6.715330e-03, 2.358737e+03
6.728117e-03, 2.361840e+03
6.740908e-03, 2.364943e+03
6.753702e-03, 2.368045e+03
6.766500e-03, 2.371146e+03
6.779310e-03, 2.374246e+03
6.792147e-03, 2.377341e+03
6.805019e-03, 2.380430e+03
6.817921e-03, 2.383514e+03
6.830850e-03, 2.386594e+03
6.843803e-03, 2.389670e+03
6.856774e-03, 2.392744e+03
6.869756e-03, 2.395815e+03
6.882747e-03, 2.398885e+03
6.895743e-03, 2.401954e+03
6.908745e-03, 2.405022e+03
6.921750e-03, 2.408089e+03
6.934757e-03, 2.411156e+03
6.947767e-03, 2.414222e+03
6.960779e-03, 2.417288e+03
6.973795e-03, 2.420353e+03
6.986823e-03, 2.423416e+03
6.999862e-03, 2.426477e+03
7.012909e-03, 2.429537e+03
7.025963e-03, 2.432596e+03
7.039021e-03, 2.435654e+03
7.052088e-03, 2.438710e+03
7.065172e-03, 2.441763e+03
7.078275e-03, 2.444813e+03
7.091401e-03, 2.447860e+03
7.104550e-03, 2.450903e+03
7.117719e-03, 2.453942e+03
7.130906e-03, 2.456978e+03
7.144106e-03, 2.460012e+03
7.157315e-03, 2.463045e+03
7.170530e-03, 2.466076e+03
7.183753e-03, 2.469106e+03
7.196999e-03, 2.472132e+03
7.210264e-03, 2.475155e+03
7.223543e-03, 2.478176e+03
7.236833e-03, 2.481194e+03
7.250131e-03, 2.484212e+03
7.263440e-03, 2.487227e+03
7.276754e-03, 2.490242e+03
7.290074e-03, 2.493256e+03
7.303398e-03, 2.496269e+03
7.316725e-03, 2.499281e+03
7.330055e-03, 2.502293e+03
7.343394e-03, 2.505303e+03
7.356748e-03, 2.508310e+03
7.370117e-03, 2.511316e+03
7.383501e-03, 2.514318e+03
7.396897e-03, 2.517319e+03
7.410309e-03, 2.520317e+03
7.423736e-03, 2.523312e+03
7.437179e-03, 2.526304e+03
7.450646e-03, 2.529293e+03
7.464134e-03, 2.532278e+03
7.477640e-03, 2.535260e+03
7.491159e-03, 2.538239e+03
7.504689e-03, 2.541217e+03
7.518228e-03, 2.544193e+03
7.531781e-03, 2.547167e+03
7.545349e-03, 2.550138e+03
7.558930e-03, 2.553107e+03
7.572525e-03, 2.556074e+03
7.586134e-03, 2.559039e+03
7.599756e-03, 2.562001e+03
7.613387e-03, 2.564962e+03
7.627025e-03, 2.567922e+03
7.640684e-03, 2.570878e+03
7.654363e-03, 2.573831e+03
7.668056e-03, 2.576781e+03
7.681760e-03, 2.579730e+03
7.695482e-03, 2.582675e+03
7.709229e-03, 2.585616e+03
7.722994e-03, 2.588554e+03
7.736775e-03, 2.591489e+03
7.750568e-03, 2.594423e+03
7.764370e-03, 2.597354e+03
7.778179e-03, 2.600284e+03
7.791996e-03, 2.603213e+03
7.805827e-03, 2.606140e+03
7.819670e-03, 2.609064e+03
7.833521e-03, 2.611987e+03
7.847381e-03, 2.614908e+03
7.861245e-03, 2.617828e+03
7.875116e-03, 2.620748e+03
7.888994e-03, 2.623666e+03
7.902879e-03, 2.626583e+03
7.916775e-03, 2.629498e+03
7.930680e-03, 2.632411e+03
7.944601e-03, 2.635322e+03
7.958536e-03, 2.638230e+03
7.972484e-03, 2.641136e+03
7.986445e-03, 2.644040e+03
8.000423e-03, 2.646941e+03
8.014418e-03, 2.649839e+03
8.028429e-03, 2.652734e+03
8.042464e-03, 2.655626e+03
8.056521e-03, 2.658513e+03
8.070599e-03, 2.661397e+03
8.084704e-03, 2.664276e+03
8.098833e-03, 2.667152e+03
8.112981e-03, 2.670024e+03
8.127150e-03, 2.672893e+03
8.141335e-03, 2.675759e+03
8.155531e-03, 2.678623e+03
8.169736e-03, 2.681486e+03
8.183948e-03, 2.684347e+03
8.198166e-03, 2.687207e+03
8.212394e-03, 2.690065e+03
8.226633e-03, 2.692921e+03
8.240882e-03, 2.695776e+03
8.255137e-03, 2.698630e+03
8.269398e-03, 2.701482e+03
8.283665e-03, 2.704333e+03
8.297935e-03, 2.707183e+03
8.312211e-03, 2.710033e+03
8.326499e-03, 2.712880e+03
8.340799e-03, 2.715725e+03
8.355110e-03, 2.718568e+03
8.369441e-03, 2.721408e+03
8.383792e-03, 2.724244e+03
8.398165e-03, 2.727076e+03
8.412557e-03, 2.729905e+03
8.426965e-03, 2.732732e+03
8.441384e-03, 2.735556e+03
8.455812e-03, 2.738379e+03
8.470250e-03, 2.741200e+03
8.484699e-03, 2.744019e+03
8.499158e-03, 2.746836e+03
8.513624e-03, 2.749652e+03
8.528105e-03, 2.752465e+03
8.542602e-03, 2.755275e+03
8.557113e-03, 2.758083e+03
8.571635e-03, 2.760890e+03
8.586166e-03, 2.763694e+03
8.600707e-03, 2.766497e+03
8.615260e-03, 2.769297e+03
8.629821e-03, 2.772096e+03
8.644398e-03, 2.774893e+03
8.658995e-03, 2.777686e+03
8.673612e-03, 2.780476e+03
8.688244e-03, 2.783263e+03
8.702888e-03, 2.786048e+03
8.717551e-03, 2.788830e+03
8.732231e-03, 2.791608e+03
8.746926e-03, 2.794385e+03
8.761631e-03, 2.797159e+03
8.776346e-03, 2.799931e+03
8.791067e-03, 2.802703e+03
8.805795e-03, 2.805473e+03
8.820531e-03, 2.808241e+03
8.835278e-03, 2.811008e+03
8.850036e-03, 2.813773e+03
8.864810e-03, 2.816534e+03
8.879603e-03, 2.819293e+03
8.894416e-03, 2.822048e+03
8.909249e-03, 2.824800e+03
8.924095e-03, 2.827550e+03
8.938952e-03, 2.830298e+03
8.953818e-03, 2.833044e+03
8.968707e-03, 2.835786e+03
8.983627e-03, 2.838523e+03
8.998578e-03, 2.841255e+03
9.013557e-03, 2.843983e+03
9.028559e-03, 2.846706e+03
9.043577e-03, 2.849427e+03
9.058611e-03, 2.852145e+03
9.073657e-03, 2.854862e+03
9.088713e-03, 2.857576e+03
9.103777e-03, 2.860289e+03
9.118846e-03, 2.863001e+03
9.133921e-03, 2.865712e+03
9.149000e-03, 2.868422e+03
9.164086e-03, 2.871131e+03
9.179183e-03, 2.873838e+03
9.194290e-03, 2.876543e+03
9.209405e-03, 2.879247e+03
9.224528e-03, 2.881949e+03
9.239657e-03, 2.884650e+03
9.254795e-03, 2.887349e+03
9.269943e-03, 2.890046e+03
9.285101e-03, 2.892742e+03
9.300273e-03, 2.895435e+03
9.315470e-03, 2.898124e+03
9.330689e-03, 2.900809e+03
9.345927e-03, 2.903491e+03
9.361187e-03, 2.906169e+03
9.376470e-03, 2.908842e+03
9.391773e-03, 2.911513e+03
9.407098e-03, 2.914179e+03
9.422441e-03, 2.916842e+03
9.437798e-03, 2.919503e+03
9.453167e-03, 2.922162e+03
9.468545e-03, 2.924819e+03
9.483934e-03, 2.927474e+03
9.499340e-03, 2.930126e+03
9.514763e-03, 2.932775e+03
9.530198e-03, 2.935422e+03
9.545642e-03, 2.938068e+03
9.561096e-03, 2.940711e+03
9.576564e-03, 2.943352e+03
9.592046e-03, 2.945991e+03
9.607542e-03, 2.948627e+03
9.623052e-03, 2.951261e+03
9.638575e-03, 2.953893e+03
9.654114e-03, 2.956522e+03
9.669665e-03, 2.959149e+03
9.685231e-03, 2.961773e+03
9.700812e-03, 2.964394e+03
9.716406e-03, 2.967013e+03
9.732011e-03, 2.969630e+03
9.747631e-03, 2.972244e+03
9.763269e-03, 2.974855e+03
9.778924e-03, 2.977463e+03
9.794593e-03, 2.980068e+03
9.810275e-03, 2.982671e+03
9.825970e-03, 2.985272e+03
9.841681e-03, 2.987870e+03
9.857411e-03, 2.990465e+03
9.873156e-03, 2.993056e+03
9.888914e-03, 2.995646e+03
9.904683e-03, 2.998233e+03
9.920467e-03, 3.000818e+03
9.936260e-03, 3.003401e+03
9.952062e-03, 3.005983e+03
9.967874e-03, 3.008563e+03
9.983696e-03, 3.011141e+03
9.999532e-03, 3.013716e+03
1.001538e-02, 3.016289e+03
1.003124e-02, 3.018860e+03
1.004712e-02, 3.021429e+03
1.006300e-02, 3.023996e+03
1.007890e-02, 3.026560e+03
1.009482e-02, 3.029120e+03
1.011076e-02, 3.031677e+03
1.012672e-02, 3.034231e+03
1.014269e-02, 3.036782e+03
1.015868e-02, 3.039330e+03
1.017468e-02, 3.041876e+03
1.019070e-02, 3.044419e+03
1.020673e-02, 3.046960e+03
1.022277e-02, 3.049498e+03
1.023884e-02, 3.052033e+03
1.025491e-02, 3.054566e+03
1.027101e-02, 3.057095e+03
1.028711e-02, 3.059622e+03
1.030323e-02, 3.062147e+03
1.031936e-02, 3.064670e+03
1.033550e-02, 3.067192e+03
1.035164e-02, 3.069712e+03
1.036781e-02, 3.072228e+03
1.038400e-02, 3.074741e+03
1.040020e-02, 3.077250e+03
1.041642e-02, 3.079757e+03
1.043266e-02, 3.082262e+03
1.044891e-02, 3.084764e+03
1.046517e-02, 3.087263e+03
1.048144e-02, 3.089760e+03
1.049774e-02, 3.092253e+03
1.051406e-02, 3.094743e+03
1.053039e-02, 3.097229e+03
1.054674e-02, 3.099713e+03
1.056311e-02, 3.102193e+03
1.057950e-02, 3.104671e+03
1.059590e-02, 3.107146e+03
1.061232e-02, 3.109617e+03
1.062875e-02, 3.112087e+03
1.064519e-02, 3.114555e+03
1.066164e-02, 3.117021e+03
1.067810e-02, 3.119486e+03
1.069456e-02, 3.121949e+03
1.071104e-02, 3.124411e+03
1.072753e-02, 3.126869e+03
1.074404e-02, 3.129324e+03
1.076058e-02, 3.131774e+03
1.077713e-02, 3.134221e+03
1.079370e-02, 3.136665e+03
1.081029e-02, 3.139106e+03
1.082690e-02, 3.141544e+03
1.084353e-02, 3.143978e+03
1.086017e-02, 3.146409e+03
1.087683e-02, 3.148837e+03
1.089351e-02, 3.151262e+03
1.091020e-02, 3.153684e+03
1.092691e-02, 3.156103e+03
1.094363e-02, 3.158520e+03
1.096035e-02, 3.160936e+03
1.097709e-02, 3.163350e+03
1.099383e-02, 3.165762e+03
1.101058e-02, 3.168174e+03
1.102733e-02, 3.170584e+03
1.104410e-02, 3.172992e+03
1.106087e-02, 3.175398e+03
1.107766e-02, 3.177801e+03
1.109447e-02, 3.180202e+03
1.111129e-02, 3.182600e+03
1.112813e-02, 3.184994e+03
1.114498e-02, 3.187386e+03
1.116185e-02, 3.189776e+03
1.117872e-02, 3.192165e+03
1.119561e-02, 3.194550e+03
1.121251e-02, 3.196932e+03
1.122944e-02, 3.199311e+03
1.124638e-02, 3.201687e+03
1.126334e-02, 3.204060e+03
1.128032e-02, 3.206428e+03
1.129732e-02, 3.208793e+03
1.131434e-02, 3.211155e+03
1.133138e-02, 3.213513e+03
1.134844e-02, 3.215867e+03
1.136552e-02, 3.218219e+03
1.138261e-02, 3.220567e+03
1.139972e-02, 3.222913e+03
1.141684e-02, 3.225257e+03
1.143396e-02, 3.227600e+03
1.145110e-02, 3.229941e+03
1.146824e-02, 3.232280e+03
1.148540e-02, 3.234616e+03
1.150258e-02, 3.236951e+03
1.151976e-02, 3.239282e+03
1.153696e-02, 3.241612e+03
1.155417e-02, 3.243938e+03
1.157140e-02, 3.246262e+03
1.158865e-02, 3.248584e+03
1.160590e-02, 3.250903e+03
1.162317e-02, 3.253219e+03
1.164046e-02, 3.255532e+03
1.165778e-02, 3.257841e+03
1.167511e-02, 3.260146e+03
1.169246e-02, 3.262448e+03
1.170983e-02, 3.264747e+03
1.172722e-02, 3.267043e+03
1.174461e-02, 3.269337e+03
1.176202e-02, 3.271628e+03
1.177944e-02, 3.273917e+03
1.179688e-02, 3.276204e+03
1.181434e-02, 3.278487e+03
1.183182e-02, 3.280766e+03
1.184932e-02, 3.283040e+03
1.186684e-02, 3.285311e+03
1.188438e-02, 3.287580e+03
1.190194e-02, 3.289845e+03
1.191951e-02, 3.292107e+03
1.193711e-02, 3.294365e+03
1.195472e-02, 3.296620e+03
1.197235e-02, 3.298872e+03
1.198999e-02, 3.301122e+03
1.200765e-02, 3.303369e+03
1.202531e-02, 3.305615e+03
1.204299e-02, 3.307858e+03
1.206068e-02, 3.310098e+03
1.207840e-02, 3.312334e+03
1.209613e-02, 3.314568e+03
1.211387e-02, 3.316799e+03
1.213162e-02, 3.319027e+03
1.214940e-02, 3.321253e+03
1.216718e-02, 3.323476e+03
1.218499e-02, 3.325695e+03
1.220281e-02, 3.327912e+03
1.222065e-02, 3.330126e+03
1.223849e-02, 3.332338e+03
1.225635e-02, 3.334548e+03
1.227421e-02, 3.336756e+03
1.229209e-02, 3.338963e+03
1.230997e-02, 3.341167e+03
1.232788e-02, 3.343368e+03
1.234579e-02, 3.345567e+03
1.236373e-02, 3.347761e+03
1.238170e-02, 3.349951e+03
1.239969e-02, 3.352137e+03
1.241770e-02, 3.354319e+03
1.243572e-02, 3.356498e+03
1.245376e-02, 3.358674e+03
1.247183e-02, 3.360846e+03
1.248991e-02, 3.363015e+03
1.250800e-02, 3.365181e+03
1.252612e-02, 3.367344e+03
1.254424e-02, 3.369505e+03
1.256238e-02, 3.371663e+03
1.258053e-02, 3.373820e+03
1.259868e-02, 3.375975e+03
1.261685e-02, 3.378128e+03
1.263502e-02, 3.380280e+03
1.265320e-02, 3.382430e+03
1.267139e-02, 3.384578e+03
1.268959e-02, 3.386725e+03
1.270780e-02, 3.388868e+03
1.272603e-02, 3.391009e+03
1.274429e-02, 3.393145e+03
1.276257e-02, 3.395277e+03
1.278088e-02, 3.397403e+03
1.279922e-02, 3.399524e+03
1.281759e-02, 3.401640e+03
1.283597e-02, 3.403752e+03
1.285438e-02, 3.405861e+03
1.287281e-02, 3.407966e+03
1.289125e-02, 3.410069e+03
1.290970e-02, 3.412169e+03
1.292816e-02, 3.414267e+03
1.294664e-02, 3.416363e+03
1.296513e-02, 3.418456e+03
1.298363e-02, 3.420547e+03
1.300215e-02, 3.422635e+03
1.302068e-02, 3.424720e+03
1.303923e-02, 3.426804e+03
1.305779e-02, 3.428885e+03
1.307635e-02, 3.430964e+03
1.309493e-02, 3.433041e+03
1.311353e-02, 3.435115e+03
1.313215e-02, 3.437185e+03
1.315078e-02, 3.439252e+03
1.316944e-02, 3.441315e+03
1.318811e-02, 3.443375e+03
1.320680e-02, 3.445432e+03
1.322552e-02, 3.447485e+03
1.324426e-02, 3.449533e+03
1.326302e-02, 3.451577e+03
1.328180e-02, 3.453617e+03
1.330060e-02, 3.455654e+03
1.331942e-02, 3.457688e+03
1.333825e-02, 3.459719e+03
1.335709e-02, 3.461747e+03
1.337595e-02, 3.463774e+03
1.339481e-02, 3.465798e+03
1.341369e-02, 3.467821e+03
1.343257e-02, 3.469843e+03
1.345146e-02, 3.471863e+03
1.347036e-02, 3.473880e+03
1.348928e-02, 3.475894e+03
1.350821e-02, 3.477905e+03
1.352717e-02, 3.479913e+03
1.354615e-02, 3.481914e+03
1.356517e-02, 3.483910e+03
1.358422e-02, 3.485902e+03
1.360329e-02, 3.487888e+03
1.362237e-02, 3.489872e+03
1.364148e-02, 3.491852e+03
1.366060e-02, 3.493830e+03
1.367973e-02, 3.495804e+03
1.369889e-02, 3.497775e+03
1.371806e-02, 3.499743e+03
1.373725e-02, 3.501708e+03
1.375645e-02, 3.503670e+03
1.377567e-02, 3.505630e+03
1.379489e-02, 3.507587e+03
1.381412e-02, 3.509543e+03
1.383337e-02, 3.511498e+03
1.385262e-02, 3.513451e+03
1.387187e-02, 3.515403e+03
1.389114e-02, 3.517352e+03
1.391042e-02, 3.519299e+03
1.392971e-02, 3.521243e+03
1.394902e-02, 3.523185e+03
1.396835e-02, 3.525123e+03
1.398768e-02, 3.527059e+03
1.400704e-02, 3.528992e+03
1.402642e-02, 3.530920e+03
1.404581e-02, 3.532846e+03
1.406522e-02, 3.534769e+03
1.408465e-02, 3.536688e+03
1.410411e-02, 3.538602e+03
1.412359e-02, 3.540511e+03
1.414310e-02, 3.542416e+03
1.416263e-02, 3.544317e+03
1.418218e-02, 3.546214e+03
1.420174e-02, 3.548108e+03
1.422133e-02, 3.549998e+03
1.424094e-02, 3.551884e+03
1.426057e-02, 3.553767e+03
1.428022e-02, 3.555646e+03
1.429988e-02, 3.557523e+03
1.431955e-02, 3.559397e+03
1.433924e-02, 3.561268e+03
1.435895e-02, 3.563136e+03
1.437867e-02, 3.565001e+03
1.439842e-02, 3.566862e+03
1.441819e-02, 3.568719e+03
1.443798e-02, 3.570572e+03
1.445779e-02, 3.572421e+03
1.447762e-02, 3.574265e+03
1.449748e-02, 3.576106e+03
1.451735e-02, 3.577943e+03
1.453724e-02, 3.579777e+03
1.455715e-02, 3.581607e+03
1.457708e-02, 3.583435e+03
1.459702e-02, 3.585260e+03
1.461697e-02, 3.587083e+03
1.463693e-02, 3.588904e+03
1.465690e-02, 3.590724e+03
1.467687e-02, 3.592542e+03
1.469686e-02, 3.594358e+03
1.471685e-02, 3.596172e+03
1.473687e-02, 3.597983e+03
1.475690e-02, 3.599790e+03
1.477696e-02, 3.601593e+03
1.479704e-02, 3.603392e+03
1.481714e-02, 3.605186e+03
1.483727e-02, 3.606977e+03
1.485741e-02, 3.608764e+03
1.487757e-02, 3.610549e+03
1.489774e-02, 3.612331e+03
1.491793e-02, 3.614109e+03
1.493814e-02, 3.615885e+03
1.495837e-02, 3.617657e+03
1.497862e-02, 3.619424e+03
1.499890e-02, 3.621187e+03
1.501921e-02, 3.622944e+03
1.503954e-02, 3.624698e+03
1.505989e-02, 3.626447e+03
1.508026e-02, 3.628193e+03
1.510065e-02, 3.629937e+03
1.512105e-02, 3.631676e+03
1.514148e-02, 3.633413e+03
1.516192e-02, 3.635145e+03
1.518238e-02, 3.636875e+03
1.520285e-02, 3.638601e+03
1.522336e-02, 3.640322e+03
1.524388e-02, 3.642040e+03
1.526442e-02, 3.643754e+03
1.528499e-02, 3.645463e+03
1.530557e-02, 3.647170e+03
1.532617e-02, 3.648873e+03
1.534678e-02, 3.650574e+03
1.536740e-02, 3.652273e+03
1.538804e-02, 3.653969e+03
1.540869e-02, 3.655662e+03
1.542936e-02, 3.657352e+03
1.545005e-02, 3.659038e+03
1.547075e-02, 3.660722e+03
1.549147e-02, 3.662403e+03
1.551219e-02, 3.664082e+03
1.553294e-02, 3.665757e+03
1.555370e-02, 3.667430e+03
1.557447e-02, 3.669101e+03
1.559526e-02, 3.670768e+03
1.561606e-02, 3.672433e+03
1.563687e-02, 3.674095e+03
1.565771e-02, 3.675754e+03
1.567857e-02, 3.677408e+03
1.569946e-02, 3.679056e+03
1.572038e-02, 3.680700e+03
1.574132e-02, 3.682341e+03
1.576227e-02, 3.683977e+03
1.578324e-02, 3.685611e+03
1.580422e-02, 3.687242e+03
1.582522e-02, 3.688871e+03
1.584624e-02, 3.690496e+03
1.586727e-02, 3.692118e+03
1.588833e-02, 3.693736e+03
1.590940e-02, 3.695350e+03
1.593049e-02, 3.696961e+03
1.595160e-02, 3.698569e+03
1.597273e-02, 3.700173e+03
1.599388e-02, 3.701773e+03
1.601506e-02, 3.703368e+03
1.603627e-02, 3.704957e+03
1.605751e-02, 3.706541e+03
1.607876e-02, 3.708121e+03
1.610004e-02, 3.709697e+03
1.612134e-02, 3.711270e+03
1.614265e-02, 3.712841e+03
1.616397e-02, 3.714409e+03
1.618530e-02, 3.715975e+03
1.620664e-02, 3.717538e+03
1.622800e-02, 3.719099e+03
1.624939e-02, 3.720655e+03
1.627079e-02, 3.722208e+03
1.629221e-02, 3.723757e+03
1.631365e-02, 3.725302e+03
1.633511e-02, 3.726844e+03
1.635659e-02, 3.728383e+03
1.637809e-02, 3.729918e+03
1.639961e-02, 3.731448e+03
1.642115e-02, 3.732976e+03
1.644271e-02, 3.734500e+03
1.646428e-02, 3.736021e+03
1.648588e-02, 3.737538e+03
1.650749e-02, 3.739052e+03
1.652911e-02, 3.740564e+03
1.655076e-02, 3.742071e+03
1.657242e-02, 3.743575e+03
1.659411e-02, 3.745076e+03
1.661581e-02, 3.746572e+03
1.663754e-02, 3.748064e+03
1.665929e-02, 3.749552e+03
1.668106e-02, 3.751037e+03
1.670285e-02, 3.752517e+03
1.672466e-02, 3.753995e+03
1.674649e-02, 3.755468e+03
1.676834e-02, 3.756938e+03
1.679019e-02, 3.758406e+03
1.681207e-02, 3.759871e+03
1.683395e-02, 3.761333e+03
1.685584e-02, 3.762794e+03
1.687775e-02, 3.764251e+03
1.689968e-02, 3.765705e+03
1.692163e-02, 3.767156e+03
1.694359e-02, 3.768603e+03
1.696558e-02, 3.770045e+03
1.698760e-02, 3.771483e+03
1.700965e-02, 3.772916e+03
1.703172e-02, 3.774343e+03
1.705383e-02, 3.775765e+03
1.707596e-02, 3.777181e+03
1.709812e-02, 3.778594e+03
1.712030e-02, 3.780002e+03
1.714250e-02, 3.781406e+03
1.716472e-02, 3.782807e+03
1.718695e-02, 3.784205e+03
1.720919e-02, 3.785601e+03
1.723145e-02, 3.786993e+03
1.725373e-02, 3.788383e+03
1.727602e-02, 3.789770e+03
1.729832e-02, 3.791155e+03
1.732063e-02, 3.792538e+03
1.734295e-02, 3.793918e+03
1.736529e-02, 3.795296e+03
1.738765e-02, 3.796669e+03
1.741002e-02, 3.798040e+03
1.743242e-02, 3.799407e+03
1.745483e-02, 3.800771e+03
1.747726e-02, 3.802131e+03
1.749972e-02, 3.803485e+03
1.752221e-02, 3.804836e+03
1.754472e-02, 3.806181e+03
1.756724e-02, 3.807524e+03
1.758979e-02, 3.808863e+03
1.761235e-02, 3.810199e+03
1.763492e-02, 3.811532e+03
1.765751e-02, 3.812863e+03
1.768012e-02, 3.814189e+03
1.770275e-02, 3.815512e+03
1.772541e-02, 3.816829e+03
1.774809e-02, 3.818142e+03
1.777080e-02, 3.819452e+03
1.779352e-02, 3.820757e+03
1.781627e-02, 3.822058e+03
1.783904e-02, 3.823356e+03
1.786182e-02, 3.824649e+03
1.788463e-02, 3.825939e+03
1.790746e-02, 3.827225e+03
1.793030e-02, 3.828507e+03
1.795317e-02, 3.829786e+03
1.797606e-02, 3.831060e+03
1.799898e-02, 3.832329e+03
1.802191e-02, 3.833595e+03
1.804487e-02, 3.834856e+03
1.806785e-02, 3.836114e+03
1.809085e-02, 3.837368e+03
1.811387e-02, 3.838619e+03
1.813691e-02, 3.839865e+03
1.815998e-02, 3.841106e+03
1.818307e-02, 3.842344e+03
1.820618e-02, 3.843577e+03
1.822931e-02, 3.844806e+03
1.825246e-02, 3.846032e+03
1.827563e-02, 3.847254e+03
1.829882e-02, 3.848473e+03
1.832202e-02, 3.849690e+03
1.834523e-02, 3.850904e+03
1.836846e-02, 3.852114e+03
1.839172e-02, 3.853321e+03
1.841500e-02, 3.854522e+03
1.843831e-02, 3.855719e+03
1.846165e-02, 3.856910e+03
1.848502e-02, 3.858094e+03
1.850842e-02, 3.859274e+03
1.853184e-02, 3.860450e+03
1.855528e-02, 3.861621e+03
1.857874e-02, 3.862790e+03
1.860222e-02, 3.863955e+03
1.862570e-02, 3.865119e+03
1.864920e-02, 3.866280e+03
1.867271e-02, 3.867438e+03
1.869624e-02, 3.868592e+03
1.871980e-02, 3.869742e+03
1.874337e-02, 3.870887e+03
1.876697e-02, 3.872029e+03
1.879059e-02, 3.873167e+03
1.881424e-02, 3.874301e+03
1.883790e-02, 3.875431e+03
1.886157e-02, 3.876558e+03
1.888527e-02, 3.877682e+03
1.890897e-02, 3.878803e+03
1.893269e-02, 3.879922e+03
1.895643e-02, 3.881038e+03
1.898019e-02, 3.882149e+03
1.900397e-02, 3.883256e+03
1.902779e-02, 3.884357e+03
1.905163e-02, 3.885453e+03
1.907550e-02, 3.886545e+03
1.909939e-02, 3.887632e+03
1.912330e-02, 3.888716e+03
1.914723e-02, 3.889796e+03
1.917117e-02, 3.890874e+03
1.919513e-02, 3.891948e+03
1.921912e-02, 3.893018e+03
1.924312e-02, 3.894084e+03
1.926715e-02, 3.895145e+03
1.929120e-02, 3.896204e+03
1.931526e-02, 3.897258e+03
1.933935e-02, 3.898309e+03
1.936347e-02, 3.899354e+03
1.938761e-02, 3.900394e+03
1.941179e-02, 3.901429e+03
1.943599e-02, 3.902458e+03
1.946023e-02, 3.903482e+03
1.948449e-02, 3.904501e+03
1.950877e-02, 3.905516e+03
1.953307e-02, 3.906527e+03
1.955739e-02, 3.907535e+03
1.958172e-02, 3.908540e+03
1.960606e-02, 3.909542e+03
1.963042e-02, 3.910542e+03
1.965479e-02, 3.911539e+03
1.967918e-02, 3.912533e+03
1.970358e-02, 3.913525e+03
1.972800e-02, 3.914513e+03
1.975244e-02, 3.915497e+03
1.977690e-02, 3.916477e+03
1.980139e-02, 3.917453e+03
1.982589e-02, 3.918425e+03
1.985042e-02, 3.919393e+03
1.987497e-02, 3.920357e+03
1.989955e-02, 3.921315e+03
1.992415e-02, 3.922270e+03
1.994876e-02, 3.923221e+03
1.997340e-02, 3.924169e+03
1.999806e-02, 3.925113e+03
2.002273e-02, 3.926053e+03
2.004743e-02, 3.926989e+03
2.007215e-02, 3.927921e+03
2.009688e-02, 3.928850e+03
2.012164e-02, 3.929775e+03
2.014642e-02, 3.930695e+03
2.017123e-02, 3.931610e+03
2.019608e-02, 3.932519e+03
2.022095e-02, 3.933422e+03
2.024586e-02, 3.934321e+03
2.027079e-02, 3.935213e+03
2.029575e-02, 3.936101e+03
2.032073e-02, 3.936985e+03
2.034574e-02, 3.937863e+03
2.037077e-02, 3.938739e+03
2.039582e-02, 3.939610e+03
2.042088e-02, 3.940479e+03
2.044596e-02, 3.941344e+03
2.047106e-02, 3.942206e+03
2.049618e-02, 3.943063e+03
2.052133e-02, 3.943916e+03
2.054651e-02, 3.944763e+03
2.057172e-02, 3.945605e+03
2.059696e-02, 3.946441e+03
2.062222e-02, 3.947272e+03
2.064751e-02, 3.948098e+03
2.067282e-02, 3.948921e+03
2.069815e-02, 3.949740e+03
2.072350e-02, 3.950557e+03
2.074885e-02, 3.951370e+03
2.077423e-02, 3.952180e+03
2.079964e-02, 3.952985e+03
2.082506e-02, 3.953786e+03
2.085050e-02, 3.954584e+03
2.087596e-02, 3.955378e+03
2.090145e-02, 3.956167e+03
2.092697e-02, 3.956950e+03
2.095252e-02, 3.957728e+03
2.097810e-02, 3.958500e+03
2.100371e-02, 3.959268e+03
2.102934e-02, 3.960031e+03
2.105499e-02, 3.960790e+03
2.108066e-02, 3.961545e+03
2.110635e-02, 3.962296e+03
2.113207e-02, 3.963043e+03
2.115779e-02, 3.963788e+03
2.118353e-02, 3.964529e+03
2.120930e-02, 3.965266e+03
2.123508e-02, 3.966000e+03
2.126089e-02, 3.966729e+03
2.128672e-02, 3.967453e+03
2.131257e-02, 3.968174e+03
2.133845e-02, 3.968891e+03
2.136435e-02, 3.969602e+03
2.139028e-02, 3.970308e+03
2.141624e-02, 3.971009e+03
2.144222e-02, 3.971705e+03
2.146823e-02, 3.972397e+03
2.149427e-02, 3.973083e+03
2.152033e-02, 3.973766e+03
2.154640e-02, 3.974444e+03
2.157250e-02, 3.975120e+03
2.159861e-02, 3.975792e+03
2.162473e-02, 3.976461e+03
2.165087e-02, 3.977128e+03
2.167702e-02, 3.977792e+03
2.170318e-02, 3.978453e+03
2.172938e-02, 3.979109e+03
2.175559e-02, 3.979761e+03
2.178183e-02, 3.980409e+03
2.180809e-02, 3.981053e+03
2.183436e-02, 3.981694e+03
2.186065e-02, 3.982332e+03
2.188697e-02, 3.982965e+03
2.191331e-02, 3.983592e+03
2.193968e-02, 3.984216e+03
2.196607e-02, 3.984835e+03
2.199248e-02, 3.985450e+03
2.201891e-02, 3.986061e+03
2.204537e-02, 3.986668e+03
2.207185e-02, 3.987270e+03
2.209835e-02, 3.987869e+03
2.212486e-02, 3.988465e+03
2.215140e-02, 3.989056e+03
2.217795e-02, 3.989644e+03
2.220454e-02, 3.990225e+03
2.223117e-02, 3.990801e+03
2.225782e-02, 3.991371e+03
2.228451e-02, 3.991934e+03
2.231124e-02, 3.992491e+03
2.233800e-02, 3.993042e+03
2.236480e-02, 3.993586e+03
2.239163e-02, 3.994125e+03
2.241848e-02, 3.994658e+03
2.244537e-02, 3.995186e+03
2.247227e-02, 3.995711e+03
2.249919e-02, 3.996231e+03
2.252614e-02, 3.996747e+03
2.255310e-02, 3.997260e+03
2.258008e-02, 3.997770e+03
2.260708e-02, 3.998277e+03
2.263409e-02, 3.998781e+03
2.266111e-02, 3.999282e+03
2.268815e-02, 3.999780e+03
2.271521e-02, 4.000274e+03
2.274229e-02, 4.000766e+03
2.276938e-02, 4.001253e+03
2.279650e-02, 4.001737e+03
2.282365e-02, 4.002214e+03
2.285084e-02, 4.002686e+03
2.287806e-02, 4.003151e+03
2.290530e-02, 4.003612e+03
2.293258e-02, 4.004067e+03
2.295987e-02, 4.004518e+03
2.298720e-02, 4.004964e+03
2.301455e-02, 4.005405e+03
2.304193e-02, 4.005841e+03
2.306934e-02, 4.006270e+03
2.309679e-02, 4.006693e+03
2.312427e-02, 4.007110e+03
2.315179e-02, 4.007521e+03
2.317934e-02, 4.007925e+03
2.320692e-02, 4.008324e+03
2.323453e-02, 4.008718e+03
2.326216e-02, 4.009108e+03
2.328981e-02, 4.009494e+03
2.331748e-02, 4.009876e+03
2.334516e-02, 4.010255e+03
2.337286e-02, 4.010632e+03
2.340057e-02, 4.011005e+03
2.342830e-02, 4.011376e+03
2.345604e-02, 4.011744e+03
2.348379e-02, 4.012110e+03
2.351156e-02, 4.012472e+03
2.353935e-02, 4.012830e+03
2.356717e-02, 4.013184e+03
2.359502e-02, 4.013533e+03
2.362288e-02, 4.013877e+03
2.365077e-02, 4.014218e+03
2.367869e-02, 4.014554e+03
2.370663e-02, 4.014885e+03
2.373460e-02, 4.015211e+03
2.376259e-02, 4.015531e+03
2.379062e-02, 4.015846e+03
2.381868e-02, 4.016156e+03
2.384677e-02, 4.016460e+03
2.387487e-02, 4.016761e+03
2.390300e-02, 4.017058e+03
2.393115e-02, 4.017350e+03
2.395932e-02, 4.017638e+03
2.398752e-02, 4.017922e+03
2.401574e-02, 4.018200e+03
2.404400e-02, 4.018473e+03
2.407229e-02, 4.018739e+03
2.410063e-02, 4.018998e+03
2.412900e-02, 4.019250e+03
2.415740e-02, 4.019496e+03
2.418583e-02, 4.019737e+03
2.421429e-02, 4.019972e+03
2.424277e-02, 4.020204e+03
2.427126e-02, 4.020431e+03
2.429978e-02, 4.020656e+03
2.432831e-02, 4.020877e+03
2.435685e-02, 4.021095e+03
2.438541e-02, 4.021310e+03
2.441399e-02, 4.021522e+03
2.444258e-02, 4.021731e+03
2.447119e-02, 4.021937e+03
2.449981e-02, 4.022140e+03
2.452846e-02, 4.022339e+03
2.455712e-02, 4.022535e+03
2.458580e-02, 4.022727e+03
2.461450e-02, 4.022917e+03
2.464321e-02, 4.023103e+03
2.467194e-02, 4.023286e+03
2.470070e-02, 4.023464e+03
2.472949e-02, 4.023636e+03
2.475831e-02, 4.023804e+03
2.478717e-02, 4.023965e+03
2.481605e-02, 4.024121e+03
2.484496e-02, 4.024272e+03
2.487391e-02, 4.024416e+03
2.490288e-02, 4.024556e+03
2.493188e-02, 4.024690e+03
2.496091e-02, 4.024820e+03
2.498997e-02, 4.024943e+03
2.501907e-02, 4.025060e+03
2.504821e-02, 4.025171e+03
2.507738e-02, 4.025275e+03
2.510659e-02, 4.025372e+03
2.513583e-02, 4.025462e+03
2.516512e-02, 4.025545e+03
2.519444e-02, 4.025622e+03
2.522380e-02, 4.025692e+03
2.525318e-02, 4.025757e+03
2.528259e-02, 4.025818e+03
2.531201e-02, 4.025874e+03
2.534146e-02, 4.025926e+03
2.537092e-02, 4.025976e+03
2.540040e-02, 4.026022e+03
2.542989e-02, 4.026065e+03
2.545940e-02, 4.026106e+03
2.548891e-02, 4.026144e+03
2.551844e-02, 4.026180e+03
2.554799e-02, 4.026213e+03
2.557755e-02, 4.026243e+03
2.560712e-02, 4.026269e+03
2.563673e-02, 4.026290e+03
2.566636e-02, 4.026307e+03
2.569602e-02, 4.026319e+03
2.572570e-02, 4.026327e+03
2.575540e-02, 4.026331e+03
2.578512e-02, 4.026332e+03
2.581486e-02, 4.026328e+03
2.584463e-02, 4.026320e+03
2.587442e-02, 4.026307e+03
2.590424e-02, 4.026289e+03
2.593409e-02, 4.026265e+03
2.596397e-02, 4.026237e+03
2.599387e-02, 4.026205e+03
2.602379e-02, 4.026168e+03
2.605375e-02, 4.026126e+03
2.608373e-02, 4.026078e+03
2.611375e-02, 4.026025e+03
2.614379e-02, 4.025966e+03
2.617385e-02, 4.025904e+03
2.620394e-02, 4.025837e+03
2.623404e-02, 4.025766e+03
2.626416e-02, 4.025693e+03
2.629430e-02, 4.025616e+03
2.632446e-02, 4.025535e+03
2.635464e-02, 4.025450e+03
2.638485e-02, 4.025360e+03
2.641508e-02, 4.025266e+03
2.644534e-02, 4.025167e+03
2.647561e-02, 4.025064e+03
2.650591e-02, 4.024957e+03
2.653625e-02, 4.024844e+03
2.656661e-02, 4.024726e+03
2.659700e-02, 4.024602e+03
2.662744e-02, 4.024470e+03
2.665791e-02, 4.024333e+03
2.668841e-02, 4.024190e+03
2.671894e-02, 4.024041e+03
2.674950e-02, 4.023886e+03
2.678009e-02, 4.023725e+03
2.681070e-02, 4.023561e+03
2.684134e-02, 4.023392e+03
2.687199e-02, 4.023220e+03
2.690266e-02, 4.023044e+03
2.693335e-02, 4.022865e+03
2.696407e-02, 4.022681e+03
2.699480e-02, 4.022494e+03
2.702556e-02, 4.022302e+03
2.705634e-02, 4.022107e+03
2.708713e-02, 4.021909e+03
2.711794e-02, 4.021707e+03
2.714878e-02, 4.021501e+03
2.717964e-02, 4.021291e+03
2.721052e-02, 4.021077e+03
2.724143e-02, 4.020858e+03
2.727237e-02, 4.020633e+03
2.730333e-02, 4.020404e+03
2.733432e-02, 4.020170e+03
2.736534e-02, 4.019931e+03
2.739640e-02, 4.019685e+03
2.742748e-02, 4.019435e+03
2.745859e-02, 4.019179e+03
2.748973e-02, 4.018920e+03
2.752088e-02, 4.018656e+03
2.755206e-02, 4.018388e+03
2.758327e-02, 4.018114e+03
2.761451e-02, 4.017835e+03
2.764578e-02, 4.017550e+03
2.767707e-02, 4.017261e+03
2.770839e-02, 4.016968e+03
2.773973e-02, 4.016669e+03
2.777110e-02, 4.016365e+03
2.780252e-02, 4.016055e+03
2.783397e-02, 4.015737e+03
2.786545e-02, 4.015413e+03
2.789697e-02, 4.015084e+03
2.792851e-02, 4.014749e+03
2.796008e-02, 4.014410e+03
2.799167e-02, 4.014067e+03
2.802329e-02, 4.013719e+03
2.805492e-02, 4.013368e+03
2.808658e-02, 4.013012e+03
2.811826e-02, 4.012653e+03
2.814995e-02, 4.012291e+03
2.818166e-02, 4.011926e+03
2.821339e-02, 4.011557e+03
2.824514e-02, 4.011184e+03
2.827692e-02, 4.010807e+03
2.830871e-02, 4.010426e+03
2.834053e-02, 4.010041e+03
2.837237e-02, 4.009652e+03
2.840424e-02, 4.009258e+03
2.843614e-02, 4.008859e+03
2.846807e-02, 4.008455e+03
2.850002e-02, 4.008046e+03
2.853201e-02, 4.007631e+03
2.856402e-02, 4.007211e+03
2.859606e-02, 4.006786e+03
2.862813e-02, 4.006356e+03
2.866022e-02, 4.005922e+03
2.869234e-02, 4.005482e+03
2.872449e-02, 4.005039e+03
2.875665e-02, 4.004591e+03
2.878884e-02, 4.004139e+03
2.882105e-02, 4.003683e+03
2.885328e-02, 4.003223e+03
2.888554e-02, 4.002759e+03
2.891781e-02, 4.002292e+03
2.895010e-02, 4.001821e+03
2.898240e-02, 4.001347e+03
2.901473e-02, 4.000870e+03
2.904708e-02, 4.000388e+03
2.907944e-02, 3.999904e+03
2.911182e-02, 3.999416e+03
2.914423e-02, 3.998925e+03
2.917666e-02, 3.998428e+03
2.920914e-02, 3.997924e+03
2.924165e-02, 3.997414e+03
2.927420e-02, 3.996897e+03
2.930678e-02, 3.996374e+03
2.933940e-02, 3.995846e+03
2.937204e-02, 3.995313e+03
2.940470e-02, 3.994775e+03
2.943738e-02, 3.994235e+03
2.947007e-02, 3.993691e+03
2.950278e-02, 3.993145e+03
2.953550e-02, 3.992596e+03
2.956822e-02, 3.992046e+03
2.960096e-02, 3.991494e+03
2.963371e-02, 3.990939e+03
2.966648e-02, 3.990381e+03
2.969927e-02, 3.989820e+03
2.973207e-02, 3.989255e+03
2.976490e-02, 3.988687e+03
2.979775e-02, 3.988115e+03
2.983061e-02, 3.987539e+03
2.986350e-02, 3.986961e+03
2.989640e-02, 3.986378e+03
2.992933e-02, 3.985791e+03
2.996229e-02, 3.985199e+03
2.999528e-02, 3.984601e+03
3.002830e-02, 3.983999e+03
3.006133e-02, 3.983393e+03
3.009439e-02, 3.982783e+03
3.012747e-02, 3.982169e+03
3.016057e-02, 3.981552e+03
3.019369e-02, 3.980931e+03
3.022683e-02, 3.980306e+03
3.025999e-02, 3.979677e+03
3.029316e-02, 3.979046e+03
3.032636e-02, 3.978412e+03
3.035957e-02, 3.977774e+03
3.039280e-02, 3.977132e+03
3.042606e-02, 3.976486e+03
3.045934e-02, 3.975836e+03
3.049265e-02, 3.975182e+03
3.052597e-02, 3.974525e+03
3.055931e-02, 3.973865e+03
3.059266e-02, 3.973202e+03
3.062603e-02, 3.972536e+03
3.065942e-02, 3.971867e+03
3.069284e-02, 3.971194e+03
3.072627e-02, 3.970518e+03
3.075973e-02, 3.969837e+03
3.079320e-02, 3.969153e+03
3.082670e-02, 3.968465e+03
3.086022e-02, 3.967774e+03
3.089377e-02, 3.967078e+03
3.092734e-02, 3.966378e+03
3.096093e-02, 3.965674e+03
3.099456e-02, 3.964965e+03
3.102821e-02, 3.964251e+03
3.106188e-02, 3.963533e+03
3.109559e-02, 3.962810e+03
3.112931e-02, 3.962083e+03
3.116307e-02, 3.961350e+03
3.119685e-02, 3.960614e+03
3.123065e-02, 3.959872e+03
3.126448e-02, 3.959128e+03
3.129832e-02, 3.958380e+03
3.133217e-02, 3.957630e+03
3.136605e-02, 3.956876e+03
3.139995e-02, 3.956118e+03
3.143387e-02, 3.955355e+03
3.146782e-02, 3.954589e+03
3.150178e-02, 3.953819e+03
3.153576e-02, 3.953046e+03
3.156975e-02, 3.952271e+03
3.160376e-02, 3.951493e+03
3.163777e-02, 3.950713e+03
3.167180e-02, 3.949931e+03
3.170584e-02, 3.949147e+03
3.173990e-02, 3.948360e+03
3.177397e-02, 3.947571e+03
3.180805e-02, 3.946780e+03
3.184214e-02, 3.945987e+03
3.187624e-02, 3.945192e+03
3.191036e-02, 3.944394e+03
3.194450e-02, 3.943593e+03
3.197866e-02, 3.942788e+03
3.201283e-02, 3.941980e+03
3.204703e-02, 3.941169e+03
3.208126e-02, 3.940352e+03
3.211552e-02, 3.939530e+03
3.214981e-02, 3.938703e+03
3.218412e-02, 3.937871e+03
3.221847e-02, 3.937034e+03
3.225283e-02, 3.936193e+03
3.228722e-02, 3.935349e+03
3.232162e-02, 3.934501e+03
3.235603e-02, 3.933650e+03
3.239047e-02, 3.932797e+03
3.242491e-02, 3.931941e+03
3.245937e-02, 3.931082e+03
3.249384e-02, 3.930222e+03
3.252832e-02, 3.929360e+03
3.256281e-02, 3.928496e+03
3.259732e-02, 3.927629e+03
3.263184e-02, 3.926759e+03
3.266638e-02, 3.925887e+03
3.270093e-02, 3.925012e+03
3.273551e-02, 3.924133e+03
3.277010e-02, 3.923251e+03
3.280472e-02, 3.922364e+03
3.283936e-02, 3.921474e+03
3.287402e-02, 3.920580e+03
3.290870e-02, 3.919682e+03
3.294340e-02, 3.918782e+03
3.297812e-02, 3.917877e+03
3.301287e-02, 3.916969e+03
3.304763e-02, 3.916058e+03
3.308241e-02, 3.915143e+03
3.311721e-02, 3.914225e+03
3.315202e-02, 3.913304e+03
3.318685e-02, 3.912380e+03
3.322170e-02, 3.911454e+03
3.325656e-02, 3.910525e+03
3.329145e-02, 3.909592e+03
3.332635e-02, 3.908657e+03
3.336127e-02, 3.907718e+03
3.339621e-02, 3.906776e+03
3.343116e-02, 3.905832e+03
3.346612e-02, 3.904886e+03
3.350109e-02, 3.903939e+03
3.353606e-02, 3.902992e+03
3.357104e-02, 3.902043e+03
3.360602e-02, 3.901094e+03
3.364102e-02, 3.900141e+03
3.367606e-02, 3.899184e+03
3.371111e-02, 3.898223e+03
3.374619e-02, 3.897259e+03
3.378128e-02, 3.896292e+03
3.381638e-02, 3.895323e+03
3.385150e-02, 3.894352e+03
3.388663e-02, 3.893378e+03
3.392178e-02, 3.892402e+03
3.395693e-02, 3.891425e+03
3.399210e-02, 3.890445e+03
3.402728e-02, 3.889463e+03
3.406248e-02, 3.888478e+03
3.409770e-02, 3.887491e+03
3.413294e-02, 3.886500e+03
3.416821e-02, 3.885504e+03
3.420351e-02, 3.884503e+03
3.423883e-02, 3.883499e+03
3.427417e-02, 3.882492e+03
3.430953e-02, 3.881481e+03
3.434491e-02, 3.880466e+03
3.438031e-02, 3.879449e+03
3.441572e-02, 3.878428e+03
3.445115e-02, 3.877405e+03
3.448660e-02, 3.876380e+03
3.452206e-02, 3.875352e+03
3.455753e-02, 3.874321e+03
3.459302e-02, 3.873289e+03
3.462851e-02, 3.872256e+03
3.466402e-02, 3.871220e+03
3.469953e-02, 3.870183e+03
3.473507e-02, 3.869143e+03
3.477062e-02, 3.868100e+03
3.480619e-02, 3.867054e+03
3.484177e-02, 3.866007e+03
3.487736e-02, 3.864957e+03
3.491295e-02, 3.863907e+03
3.494854e-02, 3.862856e+03
3.498414e-02, 3.861805e+03
3.501974e-02, 3.860754e+03
3.505535e-02, 3.859700e+03
3.509098e-02, 3.858645e+03
3.512661e-02, 3.857588e+03
3.516226e-02, 3.856530e+03
3.519791e-02, 3.855470e+03
3.523357e-02, 3.854409e+03
3.526924e-02, 3.853346e+03
3.530491e-02, 3.852284e+03
3.534058e-02, 3.851221e+03
3.537624e-02, 3.850159e+03
3.541190e-02, 3.849098e+03
3.544757e-02, 3.848036e+03
3.548323e-02, 3.846975e+03
3.551890e-02, 3.845914e+03
3.555456e-02, 3.844852e+03
3.559023e-02, 3.843791e+03
3.562591e-02, 3.842728e+03
3.566160e-02, 3.841664e+03
3.569731e-02, 3.840597e+03
3.573303e-02, 3.839528e+03
3.576877e-02, 3.838456e+03
3.580451e-02, 3.837383e+03
3.584027e-02, 3.836309e+03
3.587604e-02, 3.835232e+03
3.591182e-02, 3.834154e+03
3.594760e-02, 3.833075e+03
3.598339e-02, 3.831994e+03
3.601920e-02, 3.830912e+03
3.605500e-02, 3.829830e+03
3.609082e-02, 3.828746e+03
3.612664e-02, 3.827661e+03
3.616248e-02, 3.826573e+03
3.619834e-02, 3.825482e+03
3.623422e-02, 3.824389e+03
3.627010e-02, 3.823295e+03
3.630599e-02, 3.822199e+03
3.634189e-02, 3.821102e+03
3.637780e-02, 3.820003e+03
3.641373e-02, 3.818901e+03
3.644968e-02, 3.817797e+03
3.648564e-02, 3.816691e+03
3.652160e-02, 3.815583e+03
3.655757e-02, 3.814475e+03
3.659355e-02, 3.813365e+03
3.662953e-02, 3.812254e+03
3.666552e-02, 3.811142e+03
3.670152e-02, 3.810030e+03
3.673751e-02, 3.808917e+03
3.677350e-02, 3.807805e+03
3.680949e-02, 3.806693e+03
3.684547e-02, 3.805582e+03
3.688145e-02, 3.804472e+03
3.691743e-02, 3.803362e+03
3.695341e-02, 3.802253e+03
3.698938e-02, 3.801145e+03
3.702534e-02, 3.800037e+03
3.706131e-02, 3.798930e+03
3.709727e-02, 3.797823e+03
3.713324e-02, 3.796716e+03
3.716920e-02, 3.795610e+03
3.720516e-02, 3.794505e+03
3.724111e-02, 3.793400e+03
3.727707e-02, 3.792296e+03
3.731303e-02, 3.791191e+03
3.734900e-02, 3.790085e+03
3.738499e-02, 3.788976e+03
3.742099e-02, 3.787866e+03
3.745700e-02, 3.786753e+03
3.749302e-02, 3.785640e+03
3.752905e-02, 3.784524e+03
3.756509e-02, 3.783409e+03
3.760113e-02, 3.782292e+03
3.763719e-02, 3.781174e+03
3.767327e-02, 3.780052e+03
3.770938e-02, 3.778927e+03
3.774551e-02, 3.777798e+03
3.778165e-02, 3.776666e+03
3.781781e-02, 3.775532e+03
3.785399e-02, 3.774396e+03
3.789018e-02, 3.773258e+03
3.792638e-02, 3.772118e+03
3.796258e-02, 3.770978e+03
3.799878e-02, 3.769838e+03
3.803498e-02, 3.768697e+03
3.807118e-02, 3.767557e+03
3.810738e-02, 3.766418e+03
3.814359e-02, 3.765277e+03
3.817982e-02, 3.764134e+03
3.821606e-02, 3.762990e+03
3.825231e-02, 3.761844e+03
3.828856e-02, 3.760697e+03
3.832482e-02, 3.759549e+03
3.836110e-02, 3.758399e+03
3.839738e-02, 3.757248e+03
3.843368e-02, 3.756095e+03
3.847001e-02, 3.754937e+03
3.850636e-02, 3.753776e+03
3.854273e-02, 3.752611e+03
3.857912e-02, 3.751443e+03
3.861553e-02, 3.750274e+03
3.865193e-02, 3.749102e+03
3.868835e-02, 3.747930e+03
3.872476e-02, 3.746758e+03
3.876118e-02, 3.745586e+03
3.879759e-02, 3.744415e+03
3.883399e-02, 3.743244e+03
3.887039e-02, 3.742075e+03
3.890678e-02, 3.740906e+03
3.894316e-02, 3.739739e+03
3.897954e-02, 3.738573e+03
3.901591e-02, 3.737409e+03
3.905228e-02, 3.736245e+03
3.908864e-02, 3.735082e+03
3.912500e-02, 3.733920e+03
3.916136e-02, 3.732758e+03
3.919772e-02, 3.731597e+03
3.923407e-02, 3.730437e+03
3.927041e-02, 3.729278e+03
3.930674e-02, 3.728121e+03
3.934307e-02, 3.726965e+03
3.937939e-02, 3.725811e+03
3.941570e-02, 3.724659e+03
3.945200e-02, 3.723507e+03
3.948831e-02, 3.722356e+03
3.952461e-02, 3.721205e+03
3.956092e-02, 3.720053e+03
3.959725e-02, 3.718901e+03
3.963358e-02, 3.717746e+03
3.966995e-02, 3.716588e+03
3.970633e-02, 3.715426e+03
3.974273e-02, 3.714262e+03
3.977915e-02, 3.713095e+03
3.981559e-02, 3.711926e+03
3.985204e-02, 3.710754e+03
3.988850e-02, 3.709579e+03
3.992498e-02, 3.708403e+03
3.996147e-02, 3.707226e+03
3.999797e-02, 3.706046e+03
4.003448e-02, 3.704865e+03
4.007099e-02, 3.703683e+03
4.010752e-02, 3.702500e+03
4.014404e-02, 3.701316e+03
4.018056e-02, 3.700133e+03
4.021708e-02, 3.698950e+03
4.025360e-02, 3.697767e+03
4.029013e-02, 3.696584e+03
4.032665e-02, 3.695401e+03
4.036317e-02, 3.694218e+03
4.039971e-02, 3.693034e+03
4.043626e-02, 3.691848e+03
4.047283e-02, 3.690659e+03
4.050942e-02, 3.689467e+03
4.054602e-02, 3.688272e+03
4.058264e-02, 3.687075e+03
4.061927e-02, 3.685876e+03
4.065591e-02, 3.684676e+03
4.069254e-02, 3.683475e+03
4.072918e-02, 3.682275e+03
4.076581e-02, 3.681075e+03
4.080245e-02, 3.679875e+03
4.083908e-02, 3.678675e+03
4.087571e-02, 3.677475e+03
4.091235e-02, 3.676276e+03
4.094898e-02, 3.675076e+03
4.098561e-02, 3.673877e+03
4.102226e-02, 3.672676e+03
4.105891e-02, 3.671474e+03
4.109557e-02, 3.670271e+03
4.113224e-02, 3.669067e+03
4.116892e-02, 3.667862e+03
4.120560e-02, 3.666656e+03
4.124229e-02, 3.665449e+03
4.127897e-02, 3.664242e+03
4.131566e-02, 3.663035e+03
4.135235e-02, 3.661828e+03
4.138903e-02, 3.660621e+03
4.142572e-02, 3.659414e+03
4.146241e-02, 3.658207e+03
4.149910e-02, 3.656999e+03
4.153579e-02, 3.655792e+03
4.157248e-02, 3.654584e+03
4.160918e-02, 3.653375e+03
4.164588e-02, 3.652166e+03
4.168258e-02, 3.650956e+03
4.171930e-02, 3.649744e+03
4.175604e-02, 3.648529e+03
4.179280e-02, 3.647312e+03
4.182958e-02, 3.646090e+03
4.186640e-02, 3.644863e+03
4.190326e-02, 3.643629e+03
4.194016e-02, 3.642391e+03
4.197709e-02, 3.641146e+03
4.201405e-02, 3.639896e+03
4.205105e-02, 3.638641e+03
4.208806e-02, 3.637382e+03
4.212510e-02, 3.636120e+03
4.216215e-02, 3.634855e+03
4.219921e-02, 3.633588e+03
4.223629e-02, 3.632319e+03
4.227337e-02, 3.631049e+03
4.231047e-02, 3.629776e+03
4.234757e-02, 3.628503e+03
4.238467e-02, 3.627229e+03
4.242178e-02, 3.625954e+03
4.245889e-02, 3.624679e+03
4.249600e-02, 3.623404e+03
4.253312e-02, 3.622127e+03
4.257024e-02, 3.620850e+03
4.260739e-02, 3.619569e+03
4.264457e-02, 3.618285e+03
4.268179e-02, 3.616994e+03
4.271905e-02, 3.615697e+03
4.275634e-02, 3.614393e+03
4.279367e-02, 3.613084e+03
4.283103e-02, 3.611770e+03
4.286840e-02, 3.610453e+03
4.290580e-02, 3.609132e+03
4.294321e-02, 3.607809e+03
4.298063e-02, 3.606483e+03
4.301806e-02, 3.605156e+03
4.305551e-02, 3.603826e+03
4.309296e-02, 3.602495e+03
4.313042e-02, 3.601163e+03
4.316788e-02, 3.599830e+03
4.320535e-02, 3.598496e+03
4.324283e-02, 3.597162e+03
4.328031e-02, 3.595826e+03
4.331780e-02, 3.594489e+03
4.335530e-02, 3.593150e+03
4.339281e-02, 3.591809e+03
4.343033e-02, 3.590467e+03
4.346786e-02, 3.589122e+03
4.350540e-02, 3.587775e+03
4.354296e-02, 3.586427e+03
4.358052e-02, 3.585077e+03
4.361809e-02, 3.583726e+03
4.365566e-02, 3.582373e+03
4.369325e-02, 3.581020e+03
4.373083e-02, 3.579666e+03
4.376843e-02, 3.578311e+03
4.380604e-02, 3.576953e+03
4.384366e-02, 3.575594e+03
4.388129e-02, 3.574233e+03
4.391893e-02, 3.572870e+03
4.395661e-02, 3.571503e+03
4.399430e-02, 3.570132e+03
4.403202e-02, 3.568758e+03
4.406977e-02, 3.567379e+03
4.410754e-02, 3.565996e+03
4.414533e-02, 3.564609e+03
4.418315e-02, 3.563219e+03
4.422099e-02, 3.561825e+03
4.425885e-02, 3.560427e+03
4.429673e-02, 3.559027e+03
4.433463e-02, 3.557624e+03
4.437254e-02, 3.556218e+03
4.441045e-02, 3.554811e+03
4.444838e-02, 3.553402e+03
4.448632e-02, 3.551991e+03
4.452427e-02, 3.550579e+03
4.456222e-02, 3.549167e+03
4.460018e-02, 3.547753e+03
4.463814e-02, 3.546339e+03
4.467611e-02, 3.544923e+03
4.471411e-02, 3.543504e+03
4.475211e-02, 3.542083e+03
4.479014e-02, 3.540659e+03
4.482819e-02, 3.539231e+03
4.486626e-02, 3.537801e+03
4.490435e-02, 3.536367e+03
4.494247e-02, 3.534929e+03
4.498060e-02, 3.533488e+03
4.501874e-02, 3.532046e+03
4.505690e-02, 3.530601e+03
4.509506e-02, 3.529155e+03
4.513323e-02, 3.527708e+03
4.517140e-02, 3.526260e+03
4.520958e-02, 3.524812e+03
4.524776e-02, 3.523363e+03
4.528595e-02, 3.521913e+03
4.532415e-02, 3.520461e+03
4.536236e-02, 3.519009e+03
4.540057e-02, 3.517555e+03
4.543879e-02, 3.516100e+03
4.547703e-02, 3.514643e+03
4.551527e-02, 3.513185e+03
4.555353e-02, 3.511725e+03
4.559180e-02, 3.510264e+03
4.563007e-02, 3.508801e+03
4.566835e-02, 3.507338e+03
4.570665e-02, 3.505873e+03
4.574495e-02, 3.504406e+03
4.578327e-02, 3.502937e+03
4.582160e-02, 3.501467e+03
4.585996e-02, 3.499995e+03
4.589832e-02, 3.498519e+03
4.593671e-02, 3.497041e+03
4.597512e-02, 3.495560e+03
4.601354e-02, 3.494077e+03
4.605197e-02, 3.492592e+03
4.609042e-02, 3.491105e+03
4.612888e-02, 3.489616e+03
4.616735e-02, 3.488126e+03
4.620582e-02, 3.486635e+03
4.624431e-02, 3.485144e+03
4.628280e-02, 3.483650e+03
4.632130e-02, 3.482156e+03
4.635982e-02, 3.480660e+03
4.639834e-02, 3.479164e+03
4.643687e-02, 3.477666e+03
4.647541e-02, 3.476166e+03
4.651396e-02, 3.474665e+03
4.655252e-02, 3.473163e+03
4.659109e-02, 3.471660e+03
4.662965e-02, 3.470157e+03
4.666823e-02, 3.468654e+03
4.670680e-02, 3.467150e+03
4.674538e-02, 3.465645e+03
4.678398e-02, 3.464139e+03
4.682257e-02, 3.462632e+03
4.686118e-02, 3.461125e+03
4.689978e-02, 3.459617e+03
4.693840e-02, 3.458108e+03
4.697702e-02, 3.456598e+03
4.701565e-02, 3.455087e+03
4.705429e-02, 3.453574e+03
4.709294e-02, 3.452061e+03
4.713159e-02, 3.450547e+03
4.717025e-02, 3.449032e+03
4.720890e-02, 3.447517e+03
4.724757e-02, 3.446002e+03
4.728624e-02, 3.444486e+03
4.732491e-02, 3.442970e+03
4.736358e-02, 3.441454e+03
4.740225e-02, 3.439938e+03
4.744093e-02, 3.438421e+03
4.747961e-02, 3.436904e+03
4.751830e-02, 3.435387e+03
4.755700e-02, 3.433869e+03
4.759571e-02, 3.432350e+03
4.763441e-02, 3.430831e+03
4.767312e-02, 3.429312e+03
4.771182e-02, 3.427793e+03
4.775052e-02, 3.426275e+03
4.778923e-02, 3.424757e+03
4.782795e-02, 3.423238e+03
4.786667e-02, 3.421719e+03
4.790539e-02, 3.420199e+03
4.794412e-02, 3.418679e+03
4.798284e-02, 3.417160e+03
4.802157e-02, 3.415641e+03
4.806028e-02, 3.414124e+03
4.809900e-02, 3.412607e+03
4.813770e-02, 3.411092e+03
4.817640e-02, 3.409578e+03
4.821509e-02, 3.408065e+03
4.825378e-02, 3.406553e+03
4.829249e-02, 3.405040e+03
4.833121e-02, 3.403525e+03
4.836994e-02, 3.402009e+03
4.840867e-02, 3.400492e+03
4.844742e-02, 3.398974e+03
4.848616e-02, 3.397455e+03
4.852491e-02, 3.395937e+03
4.856366e-02, 3.394418e+03
4.860241e-02, 3.392901e+03
4.864115e-02, 3.391384e+03
4.867988e-02, 3.389869e+03
4.871861e-02, 3.388354e+03
4.875736e-02, 3.386838e+03
4.879611e-02, 3.385322e+03
4.883488e-02, 3.383803e+03
4.887366e-02, 3.382283e+03
4.891246e-02, 3.380761e+03
4.895126e-02, 3.379239e+03
4.899006e-02, 3.377715e+03
4.902886e-02, 3.376192e+03
4.906766e-02, 3.374669e+03
4.910646e-02, 3.373147e+03
4.914525e-02, 3.371626e+03
4.918405e-02, 3.370105e+03
4.922285e-02, 3.368584e+03
4.926166e-02, 3.367062e+03
4.930047e-02, 3.365540e+03
4.933928e-02, 3.364018e+03
4.937809e-02, 3.362495e+03
4.941691e-02, 3.360974e+03
4.945571e-02, 3.359453e+03
4.949452e-02, 3.357933e+03
4.953331e-02, 3.356414e+03
4.957210e-02, 3.354898e+03
4.961087e-02, 3.353383e+03
4.964964e-02, 3.351870e+03
4.968841e-02, 3.350357e+03
4.972718e-02, 3.348845e+03
4.976595e-02, 3.347333e+03
4.980472e-02, 3.345821e+03
4.984350e-02, 3.344308e+03
4.988228e-02, 3.342796e+03
4.992106e-02, 3.341284e+03
4.995984e-02, 3.339773e+03
4.999861e-02, 3.338262e+03
5.003738e-02, 3.336752e+03
5.007614e-02, 3.335244e+03
5.011489e-02, 3.333737e+03
5.015364e-02, 3.332232e+03
5.019238e-02, 3.330728e+03
5.023111e-02, 3.329225e+03
5.026985e-02, 3.327722e+03
5.030858e-02, 3.326220e+03
5.034731e-02, 3.324720e+03
5.038603e-02, 3.323221e+03
5.042474e-02, 3.321723e+03
5.046346e-02, 3.320225e+03
5.050218e-02, 3.318728e+03
5.054090e-02, 3.317230e+03
5.057963e-02, 3.315732e+03
5.061836e-02, 3.314235e+03
5.065709e-02, 3.312737e+03
5.069581e-02, 3.311241e+03
5.073453e-02, 3.309746e+03
5.077324e-02, 3.308252e+03
5.081196e-02, 3.306757e+03
5.085068e-02, 3.305263e+03
5.088941e-02, 3.303768e+03
5.092815e-02, 3.302272e+03
5.096688e-02, 3.300776e+03
5.100562e-02, 3.299281e+03
5.104435e-02, 3.297786e+03
5.108308e-02, 3.296292e+03
5.112181e-02, 3.294799e+03
5.116052e-02, 3.293307e+03
5.119925e-02, 3.291815e+03
5.123797e-02, 3.290324e+03
5.127669e-02, 3.288833e+03
5.131541e-02, 3.287343e+03
5.135414e-02, 3.285852e+03
5.139287e-02, 3.284361e+03
5.143161e-02, 3.282870e+03
5.147035e-02, 3.281378e+03
5.150910e-02, 3.279886e+03
5.154784e-02, 3.278395e+03
5.158658e-02, 3.276904e+03
5.162532e-02, 3.275414e+03
5.166406e-02, 3.273925e+03
5.170280e-02, 3.272436e+03
5.174154e-02, 3.270946e+03
5.178029e-02, 3.269456e+03
5.181905e-02, 3.267965e+03
5.185781e-02, 3.266475e+03
5.189656e-02, 3.264985e+03
5.193532e-02, 3.263496e+03
5.197406e-02, 3.262007e+03
5.201280e-02, 3.260521e+03
5.205154e-02, 3.259035e+03
5.209027e-02, 3.257549e+03
5.212900e-02, 3.256065e+03
5.216773e-02, 3.254582e+03
5.220645e-02, 3.253099e+03
5.224516e-02, 3.251618e+03
5.228387e-02, 3.250139e+03
5.232257e-02, 3.248660e+03
5.236127e-02, 3.247183e+03
5.239995e-02, 3.245708e+03
5.243864e-02, 3.244234e+03
5.247732e-02, 3.242760e+03
5.251599e-02, 3.241288e+03
5.255467e-02, 3.239816e+03
5.259336e-02, 3.238344e+03
5.263204e-02, 3.236871e+03
5.267073e-02, 3.235399e+03
5.270942e-02, 3.233927e+03
5.274810e-02, 3.232455e+03
5.278679e-02, 3.230984e+03
5.282549e-02, 3.229512e+03
5.286419e-02, 3.228038e+03
5.290291e-02, 3.226563e+03
5.294163e-02, 3.225087e+03
5.298035e-02, 3.223611e+03
5.301908e-02, 3.222134e+03
5.305781e-02, 3.220657e+03
5.309654e-02, 3.219181e+03
5.313527e-02, 3.217705e+03
5.317401e-02, 3.216228e+03
5.321275e-02, 3.214751e+03
5.325149e-02, 3.213272e+03
5.329025e-02, 3.211792e+03
5.332902e-02, 3.210311e+03
5.336780e-02, 3.208828e+03
5.340658e-02, 3.207344e+03
5.344537e-02, 3.205860e+03
5.348418e-02, 3.204374e+03
5.352299e-02, 3.202887e+03
5.356181e-02, 3.201400e+03
5.360064e-02, 3.199911e+03
5.363947e-02, 3.198421e+03
5.367834e-02, 3.196928e+03
5.371722e-02, 3.195432e+03
5.375613e-02, 3.193934e+03
5.379505e-02, 3.192432e+03
5.383399e-02, 3.190928e+03
5.387294e-02, 3.189422e+03
5.391191e-02, 3.187915e+03
5.395088e-02, 3.186406e+03
5.398986e-02, 3.184896e+03
5.402885e-02, 3.183385e+03
5.406786e-02, 3.181872e+03
5.410687e-02, 3.180358e+03
5.414589e-02, 3.178843e+03
5.418492e-02, 3.177327e+03
5.422395e-02, 3.175811e+03
5.426298e-02, 3.174294e+03
5.430201e-02, 3.172778e+03
5.434104e-02, 3.171262e+03
5.438007e-02, 3.169746e+03
5.441910e-02, 3.168231e+03
5.445812e-02, 3.166716e+03
5.449715e-02, 3.165202e+03
5.453617e-02, 3.163689e+03
5.457518e-02, 3.162177e+03
5.461419e-02, 3.160666e+03
5.465318e-02, 3.159156e+03
5.469218e-02, 3.157648e+03
5.473117e-02, 3.156140e+03
5.477017e-02, 3.154632e+03
5.480917e-02, 3.153124e+03
5.484816e-02, 3.151617e+03
5.488716e-02, 3.150110e+03
5.492614e-02, 3.148605e+03
5.496512e-02, 3.147101e+03
5.500410e-02, 3.145598e+03
5.504306e-02, 3.144096e+03
5.508202e-02, 3.142596e+03
5.512097e-02, 3.141098e+03
5.515991e-02, 3.139601e+03
5.519884e-02, 3.138106e+03
5.523776e-02, 3.136613e+03
5.527666e-02, 3.135121e+03
5.531556e-02, 3.133632e+03
5.535445e-02, 3.132144e+03
5.539333e-02, 3.130657e+03
5.543222e-02, 3.129171e+03
5.547110e-02, 3.127685e+03
5.551000e-02, 3.126199e+03
5.554890e-02, 3.124712e+03
5.558781e-02, 3.123223e+03
5.562673e-02, 3.121734e+03
5.566567e-02, 3.120242e+03
5.570462e-02, 3.118749e+03
5.574357e-02, 3.117255e+03
5.578253e-02, 3.115761e+03
5.582150e-02, 3.114265e+03
5.586047e-02, 3.112769e+03
5.589945e-02, 3.111272e+03
5.593843e-02, 3.109776e+03
5.597741e-02, 3.108279e+03
5.601639e-02, 3.106783e+03
5.605536e-02, 3.105287e+03
5.609433e-02, 3.103792e+03
5.613331e-02, 3.102298e+03
5.617229e-02, 3.100803e+03
5.621128e-02, 3.099307e+03
5.625028e-02, 3.097810e+03
5.628929e-02, 3.096312e+03
5.632830e-02, 3.094814e+03
5.636731e-02, 3.093317e+03
5.640632e-02, 3.091819e+03
5.644532e-02, 3.090323e+03
5.648432e-02, 3.088827e+03
5.652332e-02, 3.087333e+03
5.656231e-02, 3.085839e+03
5.660130e-02, 3.084346e+03
5.664028e-02, 3.082855e+03
5.667927e-02, 3.081363e+03
5.671826e-02, 3.079872e+03
5.675726e-02, 3.078380e+03
5.679626e-02, 3.076888e+03
5.683527e-02, 3.075395e+03
5.687427e-02, 3.073903e+03
5.691328e-02, 3.072411e+03
5.695229e-02, 3.070920e+03
5.699130e-02, 3.069428e+03
5.703030e-02, 3.067937e+03
5.706931e-02, 3.066447e+03
5.710831e-02, 3.064957e+03
5.714731e-02, 3.063469e+03
5.718630e-02, 3.061981e+03
5.722531e-02, 3.060494e+03
5.726432e-02, 3.059005e+03
5.730334e-02, 3.057515e+03
5.734238e-02, 3.056024e+03
5.738143e-02, 3.054532e+03
5.742048e-02, 3.053039e+03
5.745954e-02, 3.051546e+03
5.749860e-02, 3.050052e+03
5.753767e-02, 3.048558e+03
5.757674e-02, 3.047063e+03
5.761581e-02, 3.045569e+03
5.765490e-02, 3.044074e+03
5.769399e-02, 3.042577e+03
5.773310e-02, 3.041080e+03
5.777220e-02, 3.039583e+03
5.781131e-02, 3.038085e+03
5.785042e-02, 3.036588e+03
5.788952e-02, 3.035092e+03
5.792861e-02, 3.033597e+03
5.796770e-02, 3.032103e+03
5.800678e-02, 3.030610e+03
5.804585e-02, 3.029120e+03
5.808492e-02, 3.027630e+03
5.812397e-02, 3.026143e+03
5.816301e-02, 3.024657e+03
5.820205e-02, 3.023173e+03
5.824107e-02, 3.021692e+03
5.828009e-02, 3.020211e+03
5.831912e-02, 3.018730e+03
5.835815e-02, 3.017248e+03
5.839719e-02, 3.015767e+03
5.843622e-02, 3.014286e+03
5.847525e-02, 3.012806e+03
5.851427e-02, 3.011326e+03
5.855329e-02, 3.009848e+03
5.859230e-02, 3.008371e+03
5.863130e-02, 3.006896e+03
5.867029e-02, 3.005423e+03
5.870927e-02, 3.003951e+03
5.874825e-02, 3.002480e+03
5.878723e-02, 3.001010e+03
5.882621e-02, 2.999539e+03
5.886520e-02, 2.998068e+03
5.890419e-02, 2.996597e+03
5.894319e-02, 2.995126e+03
5.898218e-02, 2.993655e+03
5.902118e-02, 2.992184e+03
5.906018e-02, 2.990712e+03
5.909919e-02, 2.989241e+03
5.913819e-02, 2.987770e+03
5.917719e-02, 2.986300e+03
5.921619e-02, 2.984829e+03
5.925520e-02, 2.983359e+03
5.929420e-02, 2.981890e+03
5.933320e-02, 2.980421e+03
5.937219e-02, 2.978953e+03
5.941117e-02, 2.977487e+03
5.945014e-02, 2.976022e+03
5.948911e-02, 2.974559e+03
5.952807e-02, 2.973097e+03
5.956702e-02, 2.971637e+03
5.960597e-02, 2.970178e+03
5.964490e-02, 2.968720e+03
5.968384e-02, 2.967264e+03
5.972276e-02, 2.965809e+03
5.976169e-02, 2.964355e+03
5.980062e-02, 2.962901e+03
5.983955e-02, 2.961448e+03
5.987848e-02, 2.959994e+03
5.991742e-02, 2.958540e+03
5.995637e-02, 2.957086e+03
5.999532e-02, 2.955632e+03
6.003428e-02, 2.954176e+03
6.007324e-02, 2.952721e+03
6.011220e-02, 2.951266e+03
6.015115e-02, 2.949812e+03
6.019011e-02, 2.948358e+03
6.022907e-02, 2.946904e+03
6.026802e-02, 2.945451e+03
6.030696e-02, 2.944000e+03
6.034590e-02, 2.942549e+03
6.038483e-02, 2.941100e+03
6.042377e-02, 2.939651e+03
6.046270e-02, 2.938203e+03
6.050162e-02, 2.936757e+03
6.054054e-02, 2.935310e+03
6.057947e-02, 2.933864e+03
6.061840e-02, 2.932418e+03
6.065733e-02, 2.930971e+03
6.069627e-02, 2.929524e+03
6.073521e-02, 2.928077e+03
6.077415e-02, 2.926630e+03
6.081310e-02, 2.925182e+03
6.085205e-02, 2.923734e+03
6.089102e-02, 2.922284e+03
6.093000e-02, 2.920833e+03
6.096899e-02, 2.919381e+03
6.100798e-02, 2.917929e+03
6.104698e-02, 2.916476e+03
6.108598e-02, 2.915023e+03
6.112497e-02, 2.913570e+03
6.116397e-02, 2.912117e+03
6.120297e-02, 2.910665e+03
6.124196e-02, 2.909214e+03
6.128096e-02, 2.907762e+03
6.131996e-02, 2.906310e+03
6.135896e-02, 2.904859e+03
6.139796e-02, 2.903408e+03
6.143695e-02, 2.901958e+03
6.147594e-02, 2.900508e+03
6.151492e-02, 2.899060e+03
6.155390e-02, 2.897612e+03
6.159288e-02, 2.896165e+03
6.163185e-02, 2.894720e+03
6.167082e-02, 2.893275e+03
6.170978e-02, 2.891830e+03
6.174875e-02, 2.890386e+03
6.178773e-02, 2.888941e+03
6.182670e-02, 2.887497e+03
6.186568e-02, 2.886052e+03
6.190467e-02, 2.884607e+03
6.194364e-02, 2.883162e+03
6.198262e-02, 2.881718e+03
6.202160e-02, 2.880275e+03
6.206057e-02, 2.878832e+03
6.209953e-02, 2.877390e+03
6.213850e-02, 2.875949e+03
6.217746e-02, 2.874509e+03
6.221642e-02, 2.873069e+03
6.225538e-02, 2.871628e+03
6.229435e-02, 2.870188e+03
6.233333e-02, 2.868747e+03
6.237231e-02, 2.867305e+03
6.241130e-02, 2.865863e+03
6.245030e-02, 2.864420e+03
6.248930e-02, 2.862976e+03
6.252831e-02, 2.861531e+03
6.256732e-02, 2.860086e+03
6.260634e-02, 2.858640e+03
6.264535e-02, 2.857194e+03
6.268438e-02, 2.855748e+03
6.272340e-02, 2.854301e+03
6.276243e-02, 2.852855e+03
6.280146e-02, 2.851407e+03
6.284051e-02, 2.849959e+03
6.287956e-02, 2.848510e+03
6.291861e-02, 2.847060e+03
6.295768e-02, 2.845609e+03
6.299677e-02, 2.844156e+03
6.303587e-02, 2.842700e+03
6.307498e-02, 2.841243e+03
6.311411e-02, 2.839784e+03
6.315325e-02, 2.838323e+03
6.319240e-02, 2.836860e+03
6.323156e-02, 2.835397e+03
6.327072e-02, 2.833932e+03
6.330990e-02, 2.832466e+03
6.334908e-02, 2.831000e+03
6.338827e-02, 2.829533e+03
6.342746e-02, 2.828065e+03
6.346666e-02, 2.826597e+03
6.350586e-02, 2.825128e+03
6.354505e-02, 2.823660e+03
6.358425e-02, 2.822192e+03
6.362346e-02, 2.820723e+03
6.366266e-02, 2.819255e+03
6.370186e-02, 2.817787e+03
6.374106e-02, 2.816319e+03
6.378026e-02, 2.814852e+03
6.381946e-02, 2.813385e+03
6.385865e-02, 2.811918e+03
6.389785e-02, 2.810452e+03
6.393705e-02, 2.808985e+03
6.397627e-02, 2.807517e+03
6.401549e-02, 2.806048e+03
6.405472e-02, 2.804578e+03
6.409395e-02, 2.803108e+03
6.413318e-02, 2.801637e+03
6.417242e-02, 2.800165e+03
6.421165e-02, 2.798694e+03
6.425089e-02, 2.797223e+03
6.429012e-02, 2.795752e+03
6.432938e-02, 2.794281e+03
6.436865e-02, 2.792806e+03
6.440795e-02, 2.791328e+03
6.444728e-02, 2.789847e+03
6.448662e-02, 2.788364e+03
6.452598e-02, 2.786878e+03
6.456534e-02, 2.785391e+03
6.460472e-02, 2.783902e+03
6.464412e-02, 2.782412e+03
6.468352e-02, 2.780919e+03
6.472294e-02, 2.779425e+03
6.476238e-02, 2.777929e+03
6.480182e-02, 2.776432e+03
6.484128e-02, 2.774933e+03
6.488073e-02, 2.773434e+03
6.492019e-02, 2.771935e+03
6.495965e-02, 2.770435e+03
6.499911e-02, 2.768936e+03
6.503858e-02, 2.767436e+03
6.507804e-02, 2.765937e+03
6.511750e-02, 2.764438e+03
6.515696e-02, 2.762938e+03
6.519642e-02, 2.761439e+03
6.523589e-02, 2.759939e+03
6.527536e-02, 2.758439e+03
6.531483e-02, 2.756940e+03
6.535430e-02, 2.755440e+03
6.539377e-02, 2.753941e+03
6.543324e-02, 2.752441e+03
6.547271e-02, 2.750942e+03
6.551219e-02, 2.749442e+03
6.555167e-02, 2.747941e+03
6.559115e-02, 2.746441e+03
6.563064e-02, 2.744940e+03
6.567013e-02, 2.743440e+03
6.570963e-02, 2.741938e+03
6.574916e-02, 2.740434e+03
6.578871e-02, 2.738927e+03
6.582827e-02, 2.737417e+03
6.586786e-02, 2.735905e+03
6.590745e-02, 2.734392e+03
6.594706e-02, 2.732876e+03
6.598667e-02, 2.731360e+03
6.602629e-02, 2.729842e+03
6.606592e-02, 2.728324e+03
6.610557e-02, 2.726803e+03
6.614524e-02, 2.725281e+03
6.618492e-02, 2.723756e+03
6.622462e-02, 2.722229e+03
6.626433e-02, 2.720700e+03
6.630405e-02, 2.719170e+03
6.634379e-02, 2.717638e+03
6.638354e-02, 2.716104e+03
6.642331e-02, 2.714568e+03
6.646310e-02, 2.713030e+03
6.650290e-02, 2.711489e+03
6.654272e-02, 2.709947e+03
6.658255e-02, 2.708403e+03
6.662239e-02, 2.706858e+03
6.666224e-02, 2.705311e+03
6.670209e-02, 2.703764e+03
6.674196e-02, 2.702216e+03
6.678182e-02, 2.700667e+03
6.682169e-02, 2.699119e+03
6.686155e-02, 2.697570e+03
6.690142e-02, 2.696022e+03
6.694129e-02, 2.694473e+03
6.698116e-02, 2.692925e+03
6.702103e-02, 2.691377e+03
6.706090e-02, 2.689828e+03
6.710078e-02, 2.688280e+03
6.714066e-02, 2.686731e+03
6.718054e-02, 2.685183e+03
6.722042e-02, 2.683634e+03
6.726029e-02, 2.682086e+03
6.730017e-02, 2.680538e+03
6.734005e-02, 2.678991e+03
6.737993e-02, 2.677444e+03
6.741980e-02, 2.675897e+03
6.745967e-02, 2.674352e+03
6.749953e-02, 2.672807e+03
6.753939e-02, 2.671263e+03
6.757925e-02, 2.669720e+03
6.761910e-02, 2.668178e+03
6.765895e-02, 2.666637e+03
6.769880e-02, 2.665096e+03
6.773865e-02, 2.663555e+03
6.777851e-02, 2.662013e+03
6.781838e-02, 2.660471e+03
6.785825e-02, 2.658928e+03
6.789814e-02, 2.657385e+03
6.793803e-02, 2.655840e+03
6.797792e-02, 2.654294e+03
6.801782e-02, 2.652749e+03
6.805772e-02, 2.651203e+03
6.809762e-02, 2.649658e+03
6.813751e-02, 2.648112e+03
6.817741e-02, 2.646568e+03
6.821731e-02, 2.645023e+03
6.825721e-02, 2.643477e+03
6.829712e-02, 2.641932e+03
6.833704e-02, 2.640386e+03
6.837695e-02, 2.638840e+03
6.841687e-02, 2.637294e+03
6.845679e-02, 2.635749e+03
6.849671e-02, 2.634203e+03
6.853664e-02, 2.632658e+03
6.857656e-02, 2.631113e+03
6.861649e-02, 2.629568e+03
6.865642e-02, 2.628023e+03
6.869636e-02, 2.626477e+03
6.873630e-02, 2.624931e+03
6.877625e-02, 2.623385e+03
6.881622e-02, 2.621837e+03
6.885621e-02, 2.620287e+03
6.889622e-02, 2.618734e+03
6.893625e-02, 2.617179e+03
6.897628e-02, 2.615624e+03
6.901633e-02, 2.614067e+03
6.905638e-02, 2.612509e+03
6.909644e-02, 2.610950e+03
6.913649e-02, 2.609392e+03
6.917655e-02, 2.607834e+03
6.921660e-02, 2.606277e+03
6.925665e-02, 2.604720e+03
6.929670e-02, 2.603164e+03
6.933675e-02, 2.601608e+03
6.937681e-02, 2.600052e+03
6.941687e-02, 2.598495e+03
6.945693e-02, 2.596939e+03
6.949700e-02, 2.595382e+03
6.953707e-02, 2.593826e+03
6.957714e-02, 2.592269e+03
6.961722e-02, 2.590712e+03
6.965730e-02, 2.589155e+03
6.969738e-02, 2.587598e+03
6.973745e-02, 2.586042e+03
6.977753e-02, 2.584486e+03
6.981760e-02, 2.582932e+03
6.985767e-02, 2.581378e+03
6.989773e-02, 2.579825e+03
6.993779e-02, 2.578274e+03
6.997784e-02, 2.576724e+03
7.001788e-02, 2.575175e+03
7.005791e-02, 2.573628e+03
7.009793e-02, 2.572082e+03
7.013795e-02, 2.570538e+03
7.017796e-02, 2.568995e+03
7.021797e-02, 2.567453e+03
7.025799e-02, 2.565910e+03
7.029804e-02, 2.564366e+03
7.033810e-02, 2.562819e+03
7.037818e-02, 2.561270e+03
7.041826e-02, 2.559720e+03
7.045836e-02, 2.558169e+03
7.049847e-02, 2.556616e+03
7.053859e-02, 2.555062e+03
7.057872e-02, 2.553507e+03
7.061885e-02, 2.551952e+03
7.065899e-02, 2.550396e+03
7.069912e-02, 2.548841e+03
7.073925e-02, 2.547287e+03
7.077938e-02, 2.545733e+03
7.081950e-02, 2.544181e+03
7.085962e-02, 2.542630e+03
7.089972e-02, 2.541080e+03
7.093982e-02, 2.539531e+03
7.097992e-02, 2.537984e+03
7.102000e-02, 2.536439e+03
7.106007e-02, 2.534895e+03
7.110013e-02, 2.533353e+03
7.114019e-02, 2.531813e+03
7.118023e-02, 2.530275e+03
7.122025e-02, 2.528739e+03
7.126027e-02, 2.527205e+03
7.130028e-02, 2.525673e+03
7.134027e-02, 2.524143e+03
7.138025e-02, 2.522615e+03
7.142022e-02, 2.521089e+03
7.146018e-02, 2.519565e+03
7.150014e-02, 2.518042e+03
7.154008e-02, 2.516522e+03
7.158002e-02, 2.515003e+03
7.161994e-02, 2.513485e+03
7.165985e-02, 2.511970e+03
7.169975e-02, 2.510457e+03
7.173964e-02, 2.508946e+03
7.177952e-02, 2.507436e+03
7.181939e-02, 2.505929e+03
7.185925e-02, 2.504423e+03
7.189910e-02, 2.502919e+03
7.193895e-02, 2.501417e+03
7.197880e-02, 2.499915e+03
7.201864e-02, 2.498415e+03
7.205849e-02, 2.496915e+03
7.209833e-02, 2.495416e+03
7.213818e-02, 2.493918e+03
7.217803e-02, 2.492419e+03
7.221788e-02, 2.490921e+03
7.225774e-02, 2.489423e+03
7.229759e-02, 2.487926e+03
7.233746e-02, 2.486428e+03
7.237733e-02, 2.484930e+03
7.241721e-02, 2.483431e+03
7.245709e-02, 2.481932e+03
7.249698e-02, 2.480433e+03
7.253687e-02, 2.478934e+03
7.257675e-02, 2.477435e+03
7.261664e-02, 2.475938e+03
7.265651e-02, 2.474442e+03
7.269638e-02, 2.472946e+03
7.273624e-02, 2.471453e+03
7.277609e-02, 2.469961e+03
7.281593e-02, 2.468471e+03
7.285576e-02, 2.466982e+03
7.289558e-02, 2.465496e+03
7.293540e-02, 2.464010e+03
7.297523e-02, 2.462524e+03
7.301507e-02, 2.461038e+03
7.305492e-02, 2.459550e+03
7.309477e-02, 2.458063e+03
7.313463e-02, 2.456575e+03
7.317449e-02, 2.455087e+03
7.321436e-02, 2.453599e+03
7.325423e-02, 2.452111e+03
7.329411e-02, 2.450623e+03
7.333399e-02, 2.449134e+03
7.337387e-02, 2.447646e+03
7.341375e-02, 2.446158e+03
7.345362e-02, 2.444672e+03
7.349349e-02, 2.443186e+03
7.353336e-02, 2.441701e+03
7.357323e-02, 2.440216e+03
7.361310e-02, 2.438732e+03
7.365296e-02, 2.437249e+03
7.369281e-02, 2.435768e+03
7.373266e-02, 2.434287e+03
7.377250e-02, 2.432809e+03
7.381234e-02, 2.431331e+03
7.385216e-02, 2.429855e+03
7.389198e-02, 2.428381e+03
7.393179e-02, 2.426909e+03
7.397158e-02, 2.425438e+03
7.401137e-02, 2.423970e+03
7.405114e-02, 2.422503e+03
7.409092e-02, 2.421037e+03
7.413068e-02, 2.419572e+03
7.417045e-02, 2.418109e+03
7.421021e-02, 2.416647e+03
7.424997e-02, 2.415185e+03
7.428973e-02, 2.413724e+03
7.432950e-02, 2.412262e+03
7.436927e-02, 2.410800e+03
7.440904e-02, 2.409339e+03
7.444880e-02, 2.407879e+03
7.448856e-02, 2.406419e+03
7.452831e-02, 2.404961e+03
7.456806e-02, 2.403503e+03
7.460782e-02, 2.402046e+03
7.464757e-02, 2.400589e+03
7.468732e-02, 2.399133e+03
7.472708e-02, 2.397677e+03
7.476684e-02, 2.396221e+03
7.480659e-02, 2.394766e+03
7.484635e-02, 2.393312e+03
7.488610e-02, 2.391859e+03
7.492585e-02, 2.390406e+03
7.496560e-02, 2.388954e+03
7.500535e-02, 2.387502e+03
7.504510e-02, 2.386051e+03
7.508484e-02, 2.384601e+03
7.512457e-02, 2.383152e+03
7.516430e-02, 2.381705e+03
7.520401e-02, 2.380260e+03
7.524373e-02, 2.378815e+03
7.528343e-02, 2.377373e+03
7.532312e-02, 2.375931e+03
7.536280e-02, 2.374492e+03
7.540248e-02, 2.373055e+03
7.544214e-02, 2.371619e+03
7.548179e-02, 2.370185e+03
7.552142e-02, 2.368754e+03
7.556105e-02, 2.367324e+03
7.560067e-02, 2.365895e+03
7.564029e-02, 2.364469e+03
7.567989e-02, 2.363044e+03
7.571949e-02, 2.361621e+03
7.575908e-02, 2.360199e+03
7.579866e-02, 2.358778e+03
7.583825e-02, 2.357358e+03
7.587783e-02, 2.355939e+03
7.591743e-02, 2.354519e+03
7.595704e-02, 2.353099e+03
7.599665e-02, 2.351679e+03
7.603626e-02, 2.350259e+03
7.607587e-02, 2.348839e+03
7.611548e-02, 2.347420e+03
7.615508e-02, 2.346002e+03
7.619468e-02, 2.344585e+03
7.623427e-02, 2.343170e+03
7.627385e-02, 2.341756e+03
7.631342e-02, 2.340343e+03
7.635298e-02, 2.338933e+03
7.639253e-02, 2.337524e+03
7.643208e-02, 2.336116e+03
7.647163e-02, 2.334709e+03
7.651118e-02, 2.333302e+03
7.655072e-02, 2.331897e+03
7.659026e-02, 2.330493e+03
7.662978e-02, 2.329090e+03
7.666931e-02, 2.327688e+03
7.670884e-02, 2.326286e+03
7.674837e-02, 2.324885e+03
7.678790e-02, 2.323483e+03
7.682742e-02, 2.322083e+03
7.686694e-02, 2.320683e+03
7.690646e-02, 2.319284e+03
7.694597e-02, 2.317887e+03
7.698547e-02, 2.316490e+03
7.702497e-02, 2.315095e+03
7.706447e-02, 2.313700e+03
7.710397e-02, 2.312305e+03
7.714348e-02, 2.310911e+03
7.718297e-02, 2.309518e+03
7.722247e-02, 2.308126e+03
7.726196e-02, 2.306734e+03
7.730144e-02, 2.305344e+03
7.734092e-02, 2.303955e+03
7.738039e-02, 2.302568e+03
7.741985e-02, 2.301182e+03
7.745931e-02, 2.299797e+03
7.749876e-02, 2.298414e+03
7.753821e-02, 2.297032e+03
7.757765e-02, 2.295651e+03
7.761709e-02, 2.294271e+03
7.765653e-02, 2.292891e+03
7.769598e-02, 2.291511e+03
7.773545e-02, 2.290130e+03
7.777492e-02, 2.288749e+03
7.781440e-02, 2.287366e+03
7.785389e-02, 2.285983e+03
7.789338e-02, 2.284600e+03
7.793287e-02, 2.283217e+03
7.797236e-02, 2.281834e+03
7.801186e-02, 2.280452e+03
7.805135e-02, 2.279071e+03
7.809083e-02, 2.277690e+03
7.813031e-02, 2.276311e+03
7.816978e-02, 2.274932e+03
7.820924e-02, 2.273556e+03
7.824870e-02, 2.272181e+03
7.828814e-02, 2.270807e+03
7.832758e-02, 2.269435e+03
7.836700e-02, 2.268065e+03
7.840642e-02, 2.266697e+03
7.844583e-02, 2.265330e+03
7.848524e-02, 2.263963e+03
7.852464e-02, 2.262598e+03
7.856405e-02, 2.261234e+03
7.860345e-02, 2.259871e+03
7.864284e-02, 2.258508e+03
7.868224e-02, 2.257145e+03
7.872164e-02, 2.255784e+03
7.876103e-02, 2.254423e+03
7.880042e-02, 2.253063e+03
7.883981e-02, 2.251704e+03
7.887919e-02, 2.250345e+03
7.891858e-02, 2.248987e+03
7.895796e-02, 2.247630e+03
7.899733e-02, 2.246275e+03
7.903670e-02, 2.244921e+03
7.907606e-02, 2.243568e+03
7.911540e-02, 2.242217e+03
7.915474e-02, 2.240868e+03
7.919407e-02, 2.239520e+03
7.923339e-02, 2.238175e+03
7.927270e-02, 2.236830e+03
7.931200e-02, 2.235488e+03
7.935129e-02, 2.234147e+03
7.939057e-02, 2.232808e+03
7.942984e-02, 2.231471e+03
7.946910e-02, 2.230136e+03
7.950837e-02, 2.228801e+03
7.954764e-02, 2.227466e+03
7.958693e-02, 2.226130e+03
7.962623e-02, 2.224793e+03
7.966553e-02, 2.223456e+03
7.970483e-02, 2.222118e+03
7.974414e-02, 2.220781e+03
7.978344e-02, 2.219444e+03
7.982274e-02, 2.218108e+03
7.986203e-02, 2.216773e+03
7.990132e-02, 2.215439e+03
7.994060e-02, 2.214106e+03
7.997987e-02, 2.212775e+03
8.001913e-02, 2.211446e+03
8.005838e-02, 2.210118e+03
8.009762e-02, 2.208792e+03
8.013684e-02, 2.207468e+03
8.017606e-02, 2.206145e+03
8.021527e-02, 2.204825e+03
8.025445e-02, 2.203507e+03
8.029363e-02, 2.202192e+03
8.033279e-02, 2.200879e+03
8.037193e-02, 2.199569e+03
8.041106e-02, 2.198260e+03
8.045017e-02, 2.196954e+03
8.048928e-02, 2.195650e+03
8.052838e-02, 2.194347e+03
8.056747e-02, 2.193046e+03
8.060655e-02, 2.191747e+03
8.064562e-02, 2.190450e+03
8.068467e-02, 2.189154e+03
8.072372e-02, 2.187860e+03
8.076276e-02, 2.186568e+03
8.080178e-02, 2.185278e+03
8.084080e-02, 2.183990e+03
8.087980e-02, 2.182703e+03
8.091881e-02, 2.181418e+03
8.095780e-02, 2.180133e+03
8.099680e-02, 2.178850e+03
8.103578e-02, 2.177568e+03
8.107476e-02, 2.176287e+03
8.111373e-02, 2.175007e+03
8.115270e-02, 2.173729e+03
8.119167e-02, 2.172451e+03
8.123064e-02, 2.171174e+03
8.126961e-02, 2.169898e+03
8.130858e-02, 2.168622e+03
8.134754e-02, 2.167347e+03
8.138649e-02, 2.166073e+03
8.142544e-02, 2.164800e+03
8.146438e-02, 2.163529e+03
8.150331e-02, 2.162259e+03
8.154224e-02, 2.160991e+03
8.158115e-02, 2.159724e+03
8.162006e-02, 2.158459e+03
8.165895e-02, 2.157196e+03
8.169784e-02, 2.155933e+03
8.173673e-02, 2.154672e+03
8.177562e-02, 2.153412e+03
8.181450e-02, 2.152152e+03
8.185338e-02, 2.150894e+03
8.189226e-02, 2.149636e+03
8.193115e-02, 2.148378e+03
8.197004e-02, 2.147120e+03
8.200893e-02, 2.145862e+03
8.204783e-02, 2.144603e+03
8.208673e-02, 2.143345e+03
8.212562e-02, 2.142087e+03
8.216451e-02, 2.140830e+03
8.220340e-02, 2.139574e+03
8.224230e-02, 2.138318e+03
8.228119e-02, 2.137062e+03
8.232009e-02, 2.135806e+03
8.235899e-02, 2.134551e+03
8.239789e-02, 2.133296e+03
8.243679e-02, 2.132042e+03
8.247568e-02, 2.130788e+03
8.251457e-02, 2.129535e+03
8.255345e-02, 2.128284e+03
8.259232e-02, 2.127034e+03
8.263119e-02, 2.125785e+03
8.267005e-02, 2.124537e+03
8.270890e-02, 2.123291e+03
8.274776e-02, 2.122045e+03
8.278662e-02, 2.120799e+03
8.282548e-02, 2.119553e+03
8.286435e-02, 2.118308e+03
8.290322e-02, 2.117062e+03
8.294209e-02, 2.115816e+03
8.298097e-02, 2.114570e+03
8.301985e-02, 2.113324e+03
8.305874e-02, 2.112078e+03
8.309764e-02, 2.110831e+03
8.313652e-02, 2.109585e+03
8.317541e-02, 2.108340e+03
8.321429e-02, 2.107095e+03
8.325317e-02, 2.105852e+03
8.329204e-02, 2.104609e+03
8.333090e-02, 2.103368e+03
8.336975e-02, 2.102128e+03
8.340861e-02, 2.100889e+03
8.344745e-02, 2.099651e+03
8.348630e-02, 2.098414e+03
8.352514e-02, 2.097178e+03
8.356398e-02, 2.095942e+03
8.360282e-02, 2.094707e+03
8.364165e-02, 2.093474e+03
8.368048e-02, 2.092241e+03
8.371930e-02, 2.091010e+03
8.375812e-02, 2.089779e+03
8.379693e-02, 2.088550e+03
8.383573e-02, 2.087322e+03
8.387453e-02, 2.086095e+03
8.391332e-02, 2.084870e+03
8.395210e-02, 2.083646e+03
8.399088e-02, 2.082423e+03
8.402965e-02, 2.081201e+03
8.406841e-02, 2.079981e+03
8.410717e-02, 2.078763e+03
8.414592e-02, 2.077545e+03
8.418468e-02, 2.076327e+03
8.422344e-02, 2.075110e+03
8.426221e-02, 2.073893e+03
8.430097e-02, 2.072676e+03
8.433973e-02, 2.071460e+03
8.437850e-02, 2.070244e+03
8.441728e-02, 2.069027e+03
8.445606e-02, 2.067809e+03
8.449485e-02, 2.066592e+03
8.453365e-02, 2.065374e+03
8.457244e-02, 2.064156e+03
8.461124e-02, 2.062938e+03
8.465004e-02, 2.061721e+03
8.468884e-02, 2.060504e+03
8.472763e-02, 2.059287e+03
8.476642e-02, 2.058072e+03
8.480521e-02, 2.056857e+03
8.484398e-02, 2.055644e+03
8.488276e-02, 2.054431e+03
8.492152e-02, 2.053220e+03
8.496028e-02, 2.052010e+03
8.499902e-02, 2.050802e+03
8.503776e-02, 2.049594e+03
8.507650e-02, 2.048388e+03
8.511522e-02, 2.047184e+03
8.515393e-02, 2.045980e+03
8.519264e-02, 2.044779e+03
8.523134e-02, 2.043578e+03
8.527004e-02, 2.042379e+03
8.530874e-02, 2.041179e+03
8.534744e-02, 2.039980e+03
8.538614e-02, 2.038781e+03
8.542484e-02, 2.037582e+03
8.546354e-02, 2.036384e+03
8.550224e-02, 2.035187e+03
8.554093e-02, 2.033990e+03
8.557962e-02, 2.032794e+03
8.561830e-02, 2.031599e+03
8.565697e-02, 2.030404e+03
8.569564e-02, 2.029211e+03
8.573431e-02, 2.028019e+03
8.577297e-02, 2.026828e+03
8.581163e-02, 2.025638e+03
8.585028e-02, 2.024448e+03
8.588893e-02, 2.023260e+03
8.592757e-02, 2.022072e+03
8.596621e-02, 2.020886e+03
8.600484e-02, 2.019700e+03
8.604347e-02, 2.018516e+03
8.608208e-02, 2.017333e+03
8.612069e-02, 2.016152e+03
8.615930e-02, 2.014971e+03
8.619789e-02, 2.013792e+03
8.623648e-02, 2.012614e+03
8.627507e-02, 2.011437e+03
8.631365e-02, 2.010260e+03
8.635225e-02, 2.009083e+03
8.639085e-02, 2.007905e+03
8.642945e-02, 2.006728e+03
8.646806e-02, 2.005550e+03
8.650667e-02, 2.004373e+03
8.654527e-02, 2.003196e+03
8.658387e-02, 2.002020e+03
8.662247e-02, 2.000844e+03
8.666106e-02, 1.999670e+03
8.669965e-02, 1.998496e+03
8.673823e-02, 1.997323e+03
8.677681e-02, 1.996152e+03
8.681539e-02, 1.994980e+03
8.685398e-02, 1.993809e+03
8.689256e-02, 1.992638e+03
8.693114e-02, 1.991468e+03
8.696971e-02, 1.990298e+03
8.700828e-02, 1.989129e+03
8.704685e-02, 1.987961e+03
8.708541e-02, 1.986794e+03
8.712396e-02, 1.985628e+03
8.716252e-02, 1.984463e+03
8.720107e-02, 1.983298e+03
8.723962e-02, 1.982134e+03
8.727819e-02, 1.980969e+03
8.731676e-02, 1.979803e+03
8.735533e-02, 1.978638e+03
8.739391e-02, 1.977472e+03
8.743249e-02, 1.976306e+03
8.747107e-02, 1.975141e+03
8.750965e-02, 1.973976e+03
8.754823e-02, 1.972812e+03
8.758680e-02, 1.971649e+03
8.762537e-02, 1.970486e+03
8.766393e-02, 1.969324e+03
8.770249e-02, 1.968163e+03
8.774105e-02, 1.967003e+03
8.777961e-02, 1.965843e+03
8.781816e-02, 1.964684e+03
8.785671e-02, 1.963527e+03
8.789525e-02, 1.962370e+03
8.793379e-02, 1.961214e+03
8.797232e-02, 1.960060e+03
8.801084e-02, 1.958906e+03
8.804937e-02, 1.957754e+03
8.808788e-02, 1.956602e+03
8.812639e-02, 1.955452e+03
8.816489e-02, 1.954303e+03
8.820339e-02, 1.953155e+03
8.824188e-02, 1.952008e+03
8.828036e-02, 1.950863e+03
8.831884e-02, 1.949718e+03
8.835731e-02, 1.948575e+03
8.839577e-02, 1.947433e+03
8.843423e-02, 1.946293e+03
8.847267e-02, 1.945154e+03
8.851111e-02, 1.944016e+03
8.854955e-02, 1.942878e+03
8.858799e-02, 1.941742e+03
8.862642e-02, 1.940607e+03
8.866485e-02, 1.939472e+03
8.870329e-02, 1.938338e+03
8.874175e-02, 1.937202e+03
8.878022e-02, 1.936066e+03
8.881869e-02, 1.934928e+03
8.885718e-02, 1.933791e+03
8.889566e-02, 1.932652e+03
8.893416e-02, 1.931514e+03
8.897266e-02, 1.930375e+03
8.901117e-02, 1.929236e+03
8.904968e-02, 1.928096e+03
8.908819e-02, 1.926956e+03
8.912670e-02, 1.925817e+03
8.916522e-02, 1.924677e+03
8.920375e-02, 1.923537e+03
8.924229e-02, 1.922396e+03
8.928083e-02, 1.921254e+03
8.931938e-02, 1.920113e+03
8.935792e-02, 1.918972e+03
8.939647e-02, 1.917831e+03
8.943501e-02, 1.916690e+03
8.947355e-02, 1.915551e+03
8.951209e-02, 1.914412e+03
8.955063e-02, 1.913273e+03
8.958917e-02, 1.912135e+03
8.962770e-02, 1.910998e+03
8.966623e-02, 1.909862e+03
8.970476e-02, 1.908727e+03
8.974328e-02, 1.907592e+03
8.978179e-02, 1.906459e+03
8.982029e-02, 1.905328e+03
8.985879e-02, 1.904197e+03
8.989727e-02, 1.903068e+03
8.993575e-02, 1.901940e+03
8.997422e-02, 1.900814e+03
9.001269e-02, 1.899688e+03
9.005115e-02, 1.898565e+03
9.008959e-02, 1.897442e+03
9.012803e-02, 1.896321e+03
9.016646e-02, 1.895201e+03
9.020489e-02, 1.894083e+03
9.024330e-02, 1.892966e+03
9.028170e-02, 1.891851e+03
9.032010e-02, 1.890737e+03
9.035848e-02, 1.889625e+03
9.039686e-02, 1.888514e+03
9.043523e-02, 1.887405e+03
9.047358e-02, 1.886297e+03
9.051193e-02, 1.885191e+03
9.055027e-02, 1.884086e+03
9.058860e-02, 1.882983e+03
9.062692e-02, 1.881881e+03
9.066523e-02, 1.880781e+03
9.070354e-02, 1.879682e+03
9.074184e-02, 1.878584e+03
9.078014e-02, 1.877487e+03
9.081844e-02, 1.876390e+03
9.085674e-02, 1.875294e+03
9.089504e-02, 1.874198e+03
9.093334e-02, 1.873103e+03
9.097163e-02, 1.872008e+03
9.100991e-02, 1.870915e+03
9.104819e-02, 1.869822e+03
9.108647e-02, 1.868731e+03
9.112475e-02, 1.867640e+03
9.116305e-02, 1.866547e+03
9.120135e-02, 1.865454e+03
9.123966e-02, 1.864361e+03
9.127798e-02, 1.863267e+03
9.131630e-02, 1.862173e+03
9.135462e-02, 1.861079e+03
9.139294e-02, 1.859985e+03
9.143126e-02, 1.858892e+03
9.146957e-02, 1.857800e+03
9.150787e-02, 1.856708e+03
9.154617e-02, 1.855618e+03
9.158447e-02, 1.854529e+03
9.162275e-02, 1.853441e+03
9.166103e-02, 1.852354e+03
9.169930e-02, 1.851268e+03
9.173757e-02, 1.850184e+03
9.177582e-02, 1.849102e+03
9.181407e-02, 1.848020e+03
9.185231e-02, 1.846939e+03
9.189055e-02, 1.845860e+03
9.192878e-02, 1.844781e+03
9.196701e-02, 1.843704e+03
9.200523e-02, 1.842627e+03
9.204345e-02, 1.841552e+03
9.208166e-02, 1.840477e+03
9.211987e-02, 1.839404e+03
9.215807e-02, 1.838333e+03
9.219625e-02, 1.837262e+03
9.223444e-02, 1.836193e+03
9.227261e-02, 1.835125e+03
9.231077e-02, 1.834059e+03
9.234893e-02, 1.832994e+03
9.238707e-02, 1.831930e+03
9.242521e-02, 1.830868e+03
9.246334e-02, 1.829807e+03
9.250146e-02, 1.828748e+03
9.253957e-02, 1.827690e+03
9.257767e-02, 1.826634e+03
9.261576e-02, 1.825579e+03
9.265385e-02, 1.824525e+03
9.269192e-02, 1.823473e+03
9.272999e-02, 1.822423e+03
9.276804e-02, 1.821374e+03
9.280609e-02, 1.820326e+03
9.284415e-02, 1.819279e+03
9.288221e-02, 1.818231e+03
9.292027e-02, 1.817184e+03
9.295834e-02, 1.816137e+03
9.299641e-02, 1.815090e+03
9.303448e-02, 1.814043e+03
9.307255e-02, 1.812997e+03
9.311061e-02, 1.811951e+03
9.314867e-02, 1.810907e+03
9.318672e-02, 1.809863e+03
9.322477e-02, 1.808821e+03
9.326281e-02, 1.807780e+03
9.330084e-02, 1.806740e+03
9.333886e-02, 1.805701e+03
9.337688e-02, 1.804663e+03
9.341489e-02, 1.803627e+03
9.345289e-02, 1.802592e+03
9.349090e-02, 1.801557e+03
9.352892e-02, 1.800523e+03
9.356694e-02, 1.799487e+03
9.360496e-02, 1.798452e+03
9.364298e-02, 1.797418e+03
9.368100e-02, 1.796383e+03
9.371902e-02, 1.795349e+03
9.375703e-02, 1.794316e+03
9.379504e-02, 1.793284e+03
9.383304e-02, 1.792252e+03
9.387103e-02, 1.791222e+03
9.390902e-02, 1.790193e+03
9.394700e-02, 1.789165e+03
9.398497e-02, 1.788138e+03
9.402294e-02, 1.787112e+03
9.406091e-02, 1.786087e+03
9.409888e-02, 1.785063e+03
9.413684e-02, 1.784039e+03
9.417479e-02, 1.783017e+03
9.421274e-02, 1.781996e+03
9.425068e-02, 1.780976e+03
9.428861e-02, 1.779957e+03
9.432654e-02, 1.778940e+03
9.436445e-02, 1.777924e+03
9.440236e-02, 1.776909e+03
9.444026e-02, 1.775895e+03
9.447815e-02, 1.774883e+03
9.451603e-02, 1.773872e+03
9.455391e-02, 1.772863e+03
9.459177e-02, 1.771855e+03
9.462963e-02, 1.770848e+03
9.466747e-02, 1.769843e+03
9.470531e-02, 1.768840e+03
9.474314e-02, 1.767837e+03
9.478096e-02, 1.766836e+03
9.481877e-02, 1.765837e+03
9.485657e-02, 1.764839e+03
9.489436e-02, 1.763842e+03
9.493214e-02, 1.762847e+03
9.496992e-02, 1.761853e+03
9.500768e-02, 1.760860e+03
9.504544e-02, 1.759869e+03
9.508318e-02, 1.758879e+03
9.512092e-02, 1.757891e+03
9.515865e-02, 1.756904e+03
9.519638e-02, 1.755918e+03
9.523410e-02, 1.754933e+03
9.527184e-02, 1.753948e+03
9.530957e-02, 1.752963e+03
9.534732e-02, 1.751977e+03
9.538507e-02, 1.750991e+03
9.542283e-02, 1.750005e+03
9.546058e-02, 1.749019e+03
9.549834e-02, 1.748033e+03
9.553609e-02, 1.747048e+03
9.557383e-02, 1.746063e+03
9.561158e-02, 1.745080e+03
9.564933e-02, 1.744096e+03
9.568709e-02, 1.743112e+03
9.572486e-02, 1.742127e+03
9.576264e-02, 1.741141e+03
9.580042e-02, 1.740156e+03
9.583819e-02, 1.739170e+03
9.587597e-02, 1.738185e+03
9.591375e-02, 1.737200e+03
9.595152e-02, 1.736216e+03
9.598928e-02, 1.735233e+03
9.602705e-02, 1.734251e+03
9.606481e-02, 1.733269e+03
9.610256e-02, 1.732289e+03
9.614031e-02, 1.731309e+03
9.617805e-02, 1.730331e+03
9.621578e-02, 1.729354e+03
9.625351e-02, 1.728378e+03
9.629122e-02, 1.727404e+03
9.632893e-02, 1.726430e+03
9.636664e-02, 1.725458e+03
9.640433e-02, 1.724488e+03
9.644201e-02, 1.723518e+03
9.647969e-02, 1.722550e+03
9.651737e-02, 1.721583e+03
9.655504e-02, 1.720616e+03
9.659271e-02, 1.719651e+03
9.663038e-02, 1.718686e+03
9.666805e-02, 1.717721e+03
9.670572e-02, 1.716757e+03
9.674339e-02, 1.715794e+03
9.678105e-02, 1.714832e+03
9.681871e-02, 1.713870e+03
9.685636e-02, 1.712910e+03
9.689401e-02, 1.711950e+03
9.693165e-02, 1.710992e+03
9.696929e-02, 1.710035e+03
9.700693e-02, 1.709078e+03
9.704457e-02, 1.708122e+03
9.708220e-02, 1.707167e+03
9.711983e-02, 1.706212e+03
9.715746e-02, 1.705259e+03
9.719508e-02, 1.704306e+03
9.723270e-02, 1.703354e+03
9.727032e-02, 1.702404e+03
9.730793e-02, 1.701454e+03
9.734554e-02, 1.700505e+03
9.738313e-02, 1.699558e+03
9.742073e-02, 1.698611e+03
9.745834e-02, 1.697665e+03
9.749594e-02, 1.696718e+03
9.753355e-02, 1.695771e+03
9.757116e-02, 1.694825e+03
9.760877e-02, 1.693878e+03
9.764637e-02, 1.692933e+03
9.768397e-02, 1.691988e+03
9.772156e-02, 1.691044e+03
9.775914e-02, 1.690101e+03
9.779672e-02, 1.689159e+03
9.783429e-02, 1.688218e+03
9.787186e-02, 1.687278e+03
9.790942e-02, 1.686339e+03
9.794696e-02, 1.685402e+03
9.798451e-02, 1.684465e+03
9.802204e-02, 1.683530e+03
9.805957e-02, 1.682596e+03
9.809709e-02, 1.681663e+03
9.813462e-02, 1.680731e+03
9.817215e-02, 1.679798e+03
9.820968e-02, 1.678867e+03
9.824720e-02, 1.677935e+03
9.828473e-02, 1.677004e+03
9.832226e-02, 1.676073e+03
9.835978e-02, 1.675143e+03
9.839731e-02, 1.674213e+03
9.843483e-02, 1.673284e+03
9.847236e-02, 1.672354e+03
9.850989e-02, 1.671425e+03
9.854742e-02, 1.670496e+03
9.858495e-02, 1.669568e+03
9.862247e-02, 1.668640e+03
9.865998e-02, 1.667713e+03
9.869749e-02, 1.666787e+03
9.873500e-02, 1.665863e+03
9.877249e-02, 1.664939e+03
9.880998e-02, 1.664016e+03
9.884747e-02, 1.663094e+03
9.888494e-02, 1.662174e+03
9.892241e-02, 1.661254e+03
9.895987e-02, 1.660336e+03
9.899733e-02, 1.659419e+03
9.903477e-02, 1.658503e+03
9.907221e-02, 1.657588e+03
9.910964e-02, 1.656674e+03
9.914706e-02, 1.655762e+03
9.918448e-02, 1.654851e+03
9.922188e-02, 1.653941e+03
9.925928e-02, 1.653032e+03
9.929668e-02, 1.652124e+03
9.933406e-02, 1.651217e+03
9.937144e-02, 1.650311e+03
9.940881e-02, 1.649407e+03
9.944617e-02, 1.648504e+03
9.948352e-02, 1.647601e+03
9.952087e-02, 1.646700e+03
9.955821e-02, 1.645801e+03
9.959554e-02, 1.644902e+03
9.963287e-02, 1.644004e+03
9.967018e-02, 1.643108e+03
9.970749e-02, 1.642213e+03
9.974479e-02, 1.641318e+03
9.978209e-02, 1.640425e+03
9.981938e-02, 1.639533e+03
9.985666e-02, 1.638643e+03
9.989393e-02, 1.637753e+03
9.993120e-02, 1.636864e+03
9.996846e-02, 1.635977e+03
1.000057e-01, 1.635090e+03
1.000430e-01, 1.634205e+03
1.000802e-01, 1.633320e+03
1.001175e-01, 1.632435e+03
1.001547e-01, 1.631551e+03
1.001920e-01, 1.630666e+03
1.002292e-01, 1.629781e+03
1.002665e-01, 1.628896e+03
1.003038e-01, 1.628011e+03
1.003410e-01, 1.627127e+03
1.003783e-01, 1.626244e+03
1.004156e-01, 1.625360e+03
1.004528e-01, 1.624478e+03
1.004901e-01, 1.623597e+03
1.005273e-01, 1.622716e+03
1.005645e-01, 1.621836e+03
1.006018e-01, 1.620956e+03
1.006390e-01, 1.620078e+03
1.006763e-01, 1.619200e+03
1.007135e-01, 1.618323e+03
1.007507e-01, 1.617448e+03
1.007879e-01, 1.616573e+03
1.008251e-01, 1.615699e+03
1.008623e-01, 1.614825e+03
1.008996e-01, 1.613952e+03
1.009368e-01, 1.613079e+03
1.009740e-01, 1.612206e+03
1.010112e-01, 1.611334e+03
1.010484e-01, 1.610463e+03
1.010856e-01, 1.609592e+03
1.011228e-01, 1.608722e+03
1.011600e-01, 1.607854e+03
1.011972e-01, 1.606986e+03
1.012344e-01, 1.606119e+03
1.012715e-01, 1.605253e+03
1.013087e-01, 1.604388e+03
1.013459e-01, 1.603524e+03
1.013830e-01, 1.602661e+03
1.014202e-01, 1.601799e+03
1.014573e-01, 1.600938e+03
1.014944e-01, 1.600078e+03
1.015316e-01, 1.599219e+03
1.015687e-01, 1.598362e+03
1.016058e-01, 1.597505e+03
1.016429e-01, 1.596649e+03
1.016800e-01, 1.595795e+03
1.017171e-01, 1.594941e+03
1.017542e-01, 1.594088e+03
1.017913e-01, 1.593234e+03
1.018284e-01, 1.592380e+03
1.018655e-01, 1.591525e+03
1.019026e-01, 1.590671e+03
1.019398e-01, 1.589816e+03
1.019769e-01, 1.588961e+03
1.020140e-01, 1.588106e+03
1.020512e-01, 1.587252e+03
1.020883e-01, 1.586397e+03
1.021254e-01, 1.585544e+03
1.021626e-01, 1.584691e+03
1.021997e-01, 1.583839e+03
1.022368e-01, 1.582988e+03
1.022739e-01, 1.582137e+03
1.023110e-01, 1.581287e+03
1.023481e-01, 1.580438e+03
1.023852e-01, 1.579589e+03
1.024223e-01, 1.578741e+03
1.024594e-01, 1.577893e+03
1.024965e-01, 1.577045e+03
1.025336e-01, 1.576198e+03
1.025707e-01, 1.575352e+03
1.026078e-01, 1.574507e+03
1.026449e-01, 1.573662e+03
1.026820e-01, 1.572818e+03
1.027190e-01, 1.571975e+03
1.027561e-01, 1.571133e+03
1.027931e-01, 1.570292e+03
1.028302e-01, 1.569452e+03
1.028672e-01, 1.568613e+03
1.029043e-01, 1.567775e+03
1.029413e-01, 1.566938e+03
1.029783e-01, 1.566101e+03
1.030154e-01, 1.565266e+03
1.030524e-01, 1.564431e+03
1.030894e-01, 1.563596e+03
1.031264e-01, 1.562761e+03
1.031635e-01, 1.561925e+03
1.032005e-01, 1.561089e+03
1.032376e-01, 1.560252e+03
1.032746e-01, 1.559415e+03
1.033117e-01, 1.558578e+03
1.033487e-01, 1.557741e+03
1.033858e-01, 1.556905e+03
1.034228e-01, 1.556069e+03
1.034599e-01, 1.555234e+03
1.034969e-01, 1.554400e+03
1.035340e-01, 1.553566e+03
1.035710e-01, 1.552734e+03
1.036080e-01, 1.551902e+03
1.036450e-01, 1.551071e+03
1.036820e-01, 1.550240e+03
1.037190e-01, 1.549411e+03
1.037560e-01, 1.548583e+03
1.037930e-01, 1.547755e+03
1.038300e-01, 1.546928e+03
1.038670e-01, 1.546102e+03
1.039040e-01, 1.545276e+03
1.039410e-01, 1.544451e+03
1.039780e-01, 1.543627e+03
1.040149e-01, 1.542803e+03
1.040519e-01, 1.541980e+03
1.040889e-01, 1.541158e+03
1.041258e-01, 1.540336e+03
1.041628e-01, 1.539516e+03
1.041998e-01, 1.538695e+03
1.042367e-01, 1.537876e+03
1.042737e-01, 1.537057e+03
1.043106e-01, 1.536239e+03
1.043476e-01, 1.535421e+03
1.043845e-01, 1.534605e+03
1.044214e-01, 1.533789e+03
1.044584e-01, 1.532973e+03
1.044953e-01, 1.532159e+03
1.045322e-01, 1.531345e+03
1.045692e-01, 1.530532e+03
1.046061e-01, 1.529719e+03
1.046430e-01, 1.528906e+03
1.046799e-01, 1.528093e+03
1.047169e-01, 1.527281e+03
1.047538e-01, 1.526469e+03
1.047907e-01, 1.525658e+03
1.048277e-01, 1.524847e+03
1.048646e-01, 1.524037e+03
1.049015e-01, 1.523227e+03
1.049384e-01, 1.522419e+03
1.049753e-01, 1.521610e+03
1.050123e-01, 1.520803e+03
1.050492e-01, 1.519996e+03
1.050861e-01, 1.519189e+03
1.051230e-01, 1.518382e+03
1.051599e-01, 1.517576e+03
1.051968e-01, 1.516770e+03
1.052337e-01, 1.515964e+03
1.052706e-01, 1.515159e+03
1.053075e-01, 1.514355e+03
1.053444e-01, 1.513551e+03
1.053813e-01, 1.512748e+03
1.054182e-01, 1.511946e+03
1.054551e-01, 1.511144e+03
1.054920e-01, 1.510343e+03
1.055289e-01, 1.509542e+03
1.055658e-01, 1.508741e+03
1.056027e-01, 1.507941e+03
1.056396e-01, 1.507142e+03
1.056764e-01, 1.506344e+03
1.057133e-01, 1.505546e+03
1.057502e-01, 1.504749e+03
1.057870e-01, 1.503953e+03
1.058239e-01, 1.503158e+03
1.058608e-01, 1.502363e+03
1.058976e-01, 1.501569e+03
1.059345e-01, 1.500776e+03
1.059713e-01, 1.499983e+03
1.060082e-01, 1.499190e+03
1.060450e-01, 1.498396e+03
1.060819e-01, 1.497602e+03
1.061187e-01, 1.496809e+03
1.061556e-01, 1.496015e+03
1.061925e-01, 1.495221e+03
1.062293e-01, 1.494427e+03
1.062662e-01, 1.493633e+03
1.063031e-01, 1.492839e+03
1.063400e-01, 1.492046e+03
1.063768e-01, 1.491252e+03
1.064137e-01, 1.490459e+03
1.064506e-01, 1.489666e+03
1.064874e-01, 1.488873e+03
1.065243e-01, 1.488082e+03
1.065612e-01, 1.487290e+03
1.065980e-01, 1.486498e+03
1.066349e-01, 1.485706e+03
1.066718e-01, 1.484914e+03
1.067087e-01, 1.484121e+03
1.067456e-01, 1.483329e+03
1.067824e-01, 1.482538e+03
1.068193e-01, 1.481746e+03
1.068562e-01, 1.480955e+03
1.068931e-01, 1.480165e+03
1.069299e-01, 1.479375e+03
1.069668e-01, 1.478585e+03
1.070037e-01, 1.477796e+03
1.070405e-01, 1.477008e+03
1.070774e-01, 1.476220e+03
1.071142e-01, 1.475433e+03
1.071511e-01, 1.474646e+03
1.071880e-01, 1.473860e+03
1.072248e-01, 1.473074e+03
1.072617e-01, 1.472289e+03
1.072985e-01, 1.471503e+03
1.073354e-01, 1.470718e+03
1.073722e-01, 1.469933e+03
1.074091e-01, 1.469147e+03
1.074459e-01, 1.468363e+03
1.074828e-01, 1.467578e+03
1.075196e-01, 1.466794e+03
1.075565e-01, 1.466010e+03
1.075933e-01, 1.465227e+03
1.076302e-01, 1.464444e+03
1.076670e-01, 1.463662e+03
1.077039e-01, 1.462881e+03
1.077407e-01, 1.462101e+03
1.077775e-01, 1.461321e+03
1.078143e-01, 1.460541e+03
1.078512e-01, 1.459763e+03
1.078880e-01, 1.458985e+03
1.079248e-01, 1.458208e+03
1.079616e-01, 1.457431e+03
1.079984e-01, 1.456655e+03
1.080352e-01, 1.455879e+03
1.080720e-01, 1.455103e+03
1.081088e-01, 1.454328e+03
1.081456e-01, 1.453553e+03
1.081824e-01, 1.452779e+03
1.082192e-01, 1.452005e+03
1.082560e-01, 1.451232e+03
1.082928e-01, 1.450460e+03
1.083296e-01, 1.449689e+03
1.083664e-01, 1.448918e+03
1.084031e-01, 1.448147e+03
1.084399e-01, 1.447378e+03
1.084767e-01, 1.446609e+03
1.085134e-01, 1.445841e+03
1.085502e-01, 1.445074e+03
1.085869e-01, 1.444307e+03
1.086237e-01, 1.443541e+03
1.086604e-01, 1.442776e+03
1.086972e-01, 1.442012e+03
1.087339e-01, 1.441248e+03
1.087706e-01, 1.440485e+03
1.088073e-01, 1.439723e+03
1.088441e-01, 1.438962e+03
1.088808e-01, 1.438201e+03
1.089175e-01, 1.437441e+03
1.089542e-01, 1.436682e+03
1.089909e-01, 1.435923e+03
1.090276e-01, 1.435166e+03
1.090643e-01, 1.434409e+03
1.091009e-01, 1.433652e+03
1.091376e-01, 1.432897e+03
1.091743e-01, 1.432142e+03
1.092110e-01, 1.431388e+03
1.092476e-01, 1.430634e+03
1.092843e-01, 1.429882e+03
1.093209e-01, 1.429130e+03
1.093576e-01, 1.428378e+03
1.093942e-01, 1.427628e+03
1.094309e-01, 1.426878e+03
1.094675e-01, 1.426129e+03
1.095041e-01, 1.425381e+03
1.095408e-01, 1.424633e+03
1.095774e-01, 1.423886e+03
1.096140e-01, 1.423140e+03
1.096506e-01, 1.422394e+03
1.096873e-01, 1.421649e+03
1.097239e-01, 1.420904e+03
1.097605e-01, 1.420160e+03
1.097971e-01, 1.419417e+03
1.098337e-01, 1.418675e+03
1.098703e-01, 1.417933e+03
1.099069e-01, 1.417192e+03
1.099435e-01, 1.416451e+03
1.099801e-01, 1.415710e+03
1.100167e-01, 1.414970e+03
1.100532e-01, 1.414230e+03
1.100898e-01, 1.413491e+03
1.101264e-01, 1.412751e+03
1.101631e-01, 1.412010e+03
1.101997e-01, 1.411269e+03
1.102363e-01, 1.410528e+03
1.102729e-01, 1.409786e+03
1.103095e-01, 1.409045e+03
1.103462e-01, 1.408302e+03
1.103828e-01, 1.407560e+03
1.104195e-01, 1.406817e+03
1.104561e-01, 1.406074e+03
1.104928e-01, 1.405332e+03
1.105294e-01, 1.404590e+03
1.105661e-01, 1.403848e+03
1.106027e-01, 1.403106e+03
1.106393e-01, 1.402365e+03
1.106760e-01, 1.401625e+03
1.107126e-01, 1.400885e+03
1.107492e-01, 1.400146e+03
1.107859e-01, 1.399406e+03
1.108225e-01, 1.398667e+03
1.108591e-01, 1.397928e+03
1.108958e-01, 1.397190e+03
1.109324e-01, 1.396451e+03
1.109690e-01, 1.395713e+03
1.110057e-01, 1.394976e+03
1.110423e-01, 1.394238e+03
1.110789e-01, 1.393500e+03
1.111156e-01, 1.392763e+03
1.111522e-01, 1.392025e+03
1.111888e-01, 1.391288e+03
1.112255e-01, 1.390551e+03
1.112621e-01, 1.389815e+03
1.112987e-01, 1.389079e+03
1.113354e-01, 1.388343e+03
1.113720e-01, 1.387608e+03
1.114086e-01, 1.386873e+03
1.114453e-01, 1.386138e+03
1.114819e-01, 1.385403e+03
1.115185e-01, 1.384669e+03
1.115552e-01, 1.383935e+03
1.115918e-01, 1.383202e+03
1.116284e-01, 1.382470e+03
1.116650e-01, 1.381738e+03
1.117016e-01, 1.381007e+03
1.117383e-01, 1.380276e+03
1.117749e-01, 1.379546e+03
1.118115e-01, 1.378816e+03
1.118481e-01, 1.378087e+03
1.118847e-01, 1.377358e+03
1.119213e-01, 1.376630e+03
1.119579e-01, 1.375902e+03
1.119945e-01, 1.375175e+03
1.120311e-01, 1.374449e+03
1.120677e-01, 1.373723e+03
1.121042e-01, 1.372998e+03
1.121408e-01, 1.372274e+03
1.121774e-01, 1.371550e+03
1.122140e-01, 1.370827e+03
1.122506e-01, 1.370105e+03
1.122871e-01, 1.369382e+03
1.123237e-01, 1.368659e+03
1.123603e-01, 1.367936e+03
1.123969e-01, 1.367213e+03
1.124335e-01, 1.366491e+03
1.124700e-01, 1.365768e+03
1.125066e-01, 1.365046e+03
1.125432e-01, 1.364324e+03
1.125798e-01, 1.363603e+03
1.126163e-01, 1.362883e+03
1.126529e-01, 1.362163e+03
1.126895e-01, 1.361443e+03
1.127260e-01, 1.360724e+03
1.127626e-01, 1.360005e+03
1.127991e-01, 1.359287e+03
1.128357e-01, 1.358568e+03
1.128723e-01, 1.357850e+03
1.129088e-01, 1.357132e+03
1.129454e-01, 1.356415e+03
1.129819e-01, 1.355698e+03
1.130185e-01, 1.354982e+03
1.130550e-01, 1.354266e+03
1.130916e-01, 1.353551e+03
1.131281e-01, 1.352836e+03
1.131647e-01, 1.352122e+03
1.132012e-01, 1.351409e+03
1.132377e-01, 1.350696e+03
1.132742e-01, 1.349984e+03
1.133108e-01, 1.349273e+03
1.133473e-01, 1.348563e+03
1.133838e-01, 1.347853e+03
1.134203e-01, 1.347143e+03
1.134568e-01, 1.346435e+03
1.134933e-01, 1.345727e+03
1.135298e-01, 1.345019e+03
1.135663e-01, 1.344313e+03
1.136028e-01, 1.343607e+03
1.136392e-01, 1.342901e+03
1.136757e-01, 1.342197e+03
1.137122e-01, 1.341493e+03
1.137486e-01, 1.340790e+03
1.137851e-01, 1.340087e+03
1.138216e-01, 1.339385e+03
1.138580e-01, 1.338684e+03
1.138945e-01, 1.337983e+03
1.139309e-01, 1.337283e+03
1.139673e-01, 1.336584e+03
1.140038e-01, 1.335886e+03
1.140402e-01, 1.335188e+03
1.140766e-01, 1.334491e+03
1.141130e-01, 1.333794e+03
1.141495e-01, 1.333098e+03
1.141859e-01, 1.332403e+03
1.142223e-01, 1.331709e+03
1.142587e-01, 1.331015e+03
1.142951e-01, 1.330322e+03
1.143315e-01, 1.329629e+03
1.143679e-01, 1.328937e+03
1.144043e-01, 1.328245e+03
1.144407e-01, 1.327553e+03
1.144771e-01, 1.326861e+03
1.145135e-01, 1.326169e+03
1.145499e-01, 1.325478e+03
1.145863e-01, 1.324786e+03
1.146227e-01, 1.324094e+03
1.146591e-01, 1.323403e+03
1.146955e-01, 1.322712e+03
1.147320e-01, 1.322021e+03
1.147684e-01, 1.321329e+03
1.148048e-01, 1.320638e+03
1.148412e-01, 1.319947e+03
1.148776e-01, 1.319256e+03
1.149141e-01, 1.318566e+03
1.149505e-01, 1.317876e+03
1.149869e-01, 1.317186e+03
1.150233e-01, 1.316497e+03
1.150597e-01, 1.315808e+03
1.150962e-01, 1.315120e+03
1.151326e-01, 1.314432e+03
1.151690e-01, 1.313745e+03
1.152054e-01, 1.313058e+03
1.152418e-01, 1.312371e+03
1.152782e-01, 1.311684e+03
1.153146e-01, 1.310996e+03
1.153511e-01, 1.310308e+03
1.153875e-01, 1.309621e+03
1.154239e-01, 1.308933e+03
1.154603e-01, 1.308246e+03
1.154968e-01, 1.307558e+03
1.155332e-01, 1.306872e+03
1.155696e-01, 1.306185e+03
1.156060e-01, 1.305499e+03
1.156425e-01, 1.304813e+03
1.156789e-01, 1.304126e+03
1.157153e-01, 1.303439e+03
1.157518e-01, 1.302752e+03
1.157882e-01, 1.302065e+03
1.158247e-01, 1.301377e+03
1.158611e-01, 1.300690e+03
1.158975e-01, 1.300004e+03
1.159340e-01, 1.299317e+03
1.159704e-01, 1.298631e+03
1.160069e-01, 1.297944e+03
1.160434e-01, 1.297257e+03
1.160798e-01, 1.296569e+03
1.161163e-01, 1.295882e+03
1.161527e-01, 1.295195e+03
1.161892e-01, 1.294507e+03
1.162257e-01, 1.293820e+03
1.162622e-01, 1.293133e+03
1.162986e-01, 1.292447e+03
1.163351e-01, 1.291760e+03
1.163715e-01, 1.291074e+03
1.164080e-01, 1.290389e+03
1.164445e-01, 1.289704e+03
1.164809e-01, 1.289020e+03
1.165174e-01, 1.288336e+03
1.165538e-01, 1.287653e+03
1.165902e-01, 1.286971e+03
1.166267e-01, 1.286289e+03
1.166631e-01, 1.285608e+03
1.166995e-01, 1.284927e+03
1.167360e-01, 1.284247e+03
1.167724e-01, 1.283568e+03
1.168088e-01, 1.282889e+03
1.168452e-01, 1.282211e+03
1.168816e-01, 1.281533e+03
1.169180e-01, 1.280857e+03
1.169544e-01, 1.280180e+03
1.169908e-01, 1.279505e+03
1.170272e-01, 1.278830e+03
1.170636e-01, 1.278156e+03
1.171000e-01, 1.277482e+03
1.171364e-01, 1.276809e+03
1.171728e-01, 1.276135e+03
1.172091e-01, 1.275462e+03
1.172455e-01, 1.274790e+03
1.172819e-01, 1.274118e+03
1.173183e-01, 1.273446e+03
1.173547e-01, 1.272775e+03
1.173910e-01, 1.272105e+03
1.174274e-01, 1.271434e+03
1.174638e-01, 1.270765e+03
1.175002e-01, 1.270095e+03
1.175365e-01, 1.269426e+03
1.175729e-01, 1.268758e+03
1.176093e-01, 1.268090e+03
1.176456e-01, 1.267422e+03
1.176820e-01, 1.266755e+03
1.177184e-01, 1.266089e+03
1.177547e-01, 1.265424e+03
1.177911e-01, 1.264759e+03
1.178274e-01, 1.264094e+03
1.178638e-01, 1.263431e+03
1.179001e-01, 1.262767e+03
1.179364e-01, 1.262105e+03
1.179728e-01, 1.261443e+03
1.180091e-01, 1.260782e+03
1.180454e-01, 1.260122e+03
1.180817e-01, 1.259462e+03
1.181181e-01, 1.258803e+03
1.181544e-01, 1.258144e+03
1.181907e-01, 1.257487e+03
1.182270e-01, 1.256829e+03
1.182633e-01, 1.256173e+03
1.182995e-01, 1.255517e+03
1.183358e-01, 1.254862e+03
1.183721e-01, 1.254207e+03
1.184084e-01, 1.253553e+03
1.184447e-01, 1.252900e+03
1.184809e-01, 1.252248e+03
1.185172e-01, 1.251596e+03
1.185535e-01, 1.250944e+03
1.185897e-01, 1.250294e+03
1.186260e-01, 1.249644e+03
1.186622e-01, 1.248994e+03
1.186984e-01, 1.248346e+03
1.187347e-01, 1.247698e+03
1.187709e-01, 1.247050e+03
1.188071e-01, 1.246404e+03
1.188434e-01, 1.245758e+03
1.188796e-01, 1.245112e+03
1.189158e-01, 1.244467e+03
1.189520e-01, 1.243823e+03
1.189882e-01, 1.243180e+03
1.190244e-01, 1.242537e+03
1.190606e-01, 1.241894e+03
1.190968e-01, 1.241252e+03
1.191330e-01, 1.240610e+03
1.191692e-01, 1.239969e+03
1.192054e-01, 1.239329e+03
1.192416e-01, 1.238689e+03
1.192778e-01, 1.238050e+03
1.193140e-01, 1.237411e+03
1.193502e-01, 1.236773e+03
1.193863e-01, 1.236136e+03
1.194225e-01, 1.235499e+03
1.194587e-01, 1.234863e+03
1.194948e-01, 1.234228e+03
1.195310e-01, 1.233593e+03
1.195671e-01, 1.232959e+03
1.196033e-01, 1.232325e+03
1.196394e-01, 1.231693e+03
1.196755e-01, 1.231060e+03
1.197117e-01, 1.230429e+03
1.197478e-01, 1.229798e+03
1.197839e-01, 1.229168e+03
1.198200e-01, 1.228538e+03
1.198562e-01, 1.227909e+03
1.198923e-01, 1.227281e+03
1.199284e-01, 1.226653e+03
1.199645e-01, 1.226026e+03
1.200006e-01, 1.225398e+03
1.200367e-01, 1.224771e+03
1.200728e-01, 1.224143e+03
1.201089e-01, 1.223515e+03
1.201451e-01, 1.222886e+03
1.201812e-01, 1.222258e+03
1.202173e-01, 1.221630e+03
1.202534e-01, 1.221002e+03
1.202896e-01, 1.220374e+03
1.203257e-01, 1.219746e+03
1.203618e-01, 1.219119e+03
1.203979e-01, 1.218493e+03
1.204340e-01, 1.217866e+03
1.204701e-01, 1.217240e+03
1.205063e-01, 1.216614e+03
1.205424e-01, 1.215988e+03
1.205785e-01, 1.215362e+03
1.206146e-01, 1.214736e+03
1.206507e-01, 1.214110e+03
1.206868e-01, 1.213485e+03
1.207230e-01, 1.212860e+03
1.207591e-01, 1.212236e+03
1.207952e-01, 1.211612e+03
1.208313e-01, 1.210988e+03
1.208674e-01, 1.210365e+03
1.209035e-01, 1.209743e+03
1.209396e-01, 1.209121e+03
1.209756e-01, 1.208500e+03
1.210117e-01, 1.207879e+03
1.210478e-01, 1.207259e+03
1.210839e-01, 1.206640e+03
1.211200e-01, 1.206021e+03
1.211560e-01, 1.205403e+03
1.211921e-01, 1.204785e+03
1.212281e-01, 1.204168e+03
1.212642e-01, 1.203551e+03
1.213002e-01, 1.202936e+03
1.213363e-01, 1.202320e+03
1.213723e-01, 1.201706e+03
1.214084e-01, 1.201091e+03
1.214444e-01, 1.200477e+03
1.214805e-01, 1.199863e+03
1.215165e-01, 1.199250e+03
1.215525e-01, 1.198637e+03
1.215886e-01, 1.198025e+03
1.216246e-01, 1.197413e+03
1.216606e-01, 1.196802e+03
1.216966e-01, 1.196191e+03
1.217327e-01, 1.195581e+03
1.217687e-01, 1.194971e+03
1.218047e-01, 1.194362e+03
1.218407e-01, 1.193753e+03
1.218767e-01, 1.193144e+03
1.219128e-01, 1.192536e+03
1.219488e-01, 1.191928e+03
1.219848e-01, 1.191320e+03
1.220208e-01, 1.190713e+03
1.220568e-01, 1.190106e+03
1.220928e-01, 1.189500e+03
1.221288e-01, 1.188894e+03
1.221648e-01, 1.188289e+03
1.222008e-01, 1.187684e+03
1.222368e-01, 1.187079e+03
1.222729e-01, 1.186474e+03
1.223089e-01, 1.185869e+03
1.223449e-01, 1.185265e+03
1.223809e-01, 1.184660e+03
1.224169e-01, 1.184056e+03
1.224529e-01, 1.183452e+03
1.224889e-01, 1.182848e+03
1.225249e-01, 1.182245e+03
1.225609e-01, 1.181643e+03
1.225969e-01, 1.181041e+03
1.226330e-01, 1.180439e+03
1.226690e-01, 1.179838e+03
1.227050e-01, 1.179236e+03
1.227410e-01, 1.178636e+03
1.227770e-01, 1.178035e+03
1.228130e-01, 1.177435e+03
1.228490e-01, 1.176836e+03
1.228850e-01, 1.176236e+03
1.229210e-01, 1.175638e+03
1.229570e-01, 1.175039e+03
1.229930e-01, 1.174440e+03
1.230290e-01, 1.173841e+03
1.230650e-01, 1.173242e+03
1.231010e-01, 1.172642e+03
1.231371e-01, 1.172041e+03
1.231731e-01, 1.171441e+03
1.232091e-01, 1.170840e+03
1.232452e-01, 1.170240e+03
1.232812e-01, 1.169639e+03
1.233172e-01, 1.169039e+03
1.233533e-01, 1.168438e+03
1.233893e-01, 1.167838e+03
1.234254e-01, 1.167238e+03
1.234614e-01, 1.166637e+03
1.234975e-01, 1.166038e+03
1.235335e-01, 1.165438e+03
1.235696e-01, 1.164839e+03
1.236056e-01, 1.164240e+03
1.236417e-01, 1.163642e+03
1.236777e-01, 1.163044e+03
1.237137e-01, 1.162447e+03
1.237498e-01, 1.161851e+03
1.237858e-01, 1.161255e+03
1.238218e-01, 1.160659e+03
1.238578e-01, 1.160065e+03
1.238938e-01, 1.159470e+03
1.239298e-01, 1.158877e+03
1.239659e-01, 1.158284e+03
1.240019e-01, 1.157691e+03
1.240379e-01, 1.157100e+03
1.240738e-01, 1.156508e+03
1.241098e-01, 1.155918e+03
1.241458e-01, 1.155328e+03
1.241818e-01, 1.154739e+03
1.242178e-01, 1.154150e+03
1.242537e-01, 1.153562e+03
1.242897e-01, 1.152974e+03
1.243257e-01, 1.152387e+03
1.243616e-01, 1.151801e+03
1.243976e-01, 1.151215e+03
1.244335e-01, 1.150630e+03
1.244695e-01, 1.150046e+03
1.245054e-01, 1.149462e+03
1.245413e-01, 1.148879e+03
1.245773e-01, 1.148296e+03
1.246132e-01, 1.147714e+03
1.246491e-01, 1.147133e+03
1.246850e-01, 1.146552e+03
1.247209e-01, 1.145972e+03
1.247569e-01, 1.145392e+03
1.247928e-01, 1.144813e+03
1.248287e-01, 1.144235e+03
1.248646e-01, 1.143657e+03
1.249004e-01, 1.143080e+03
1.249363e-01, 1.142503e+03
1.249722e-01, 1.141927e+03
1.250081e-01, 1.141352e+03
1.250440e-01, 1.140777e+03
1.250798e-01, 1.140203e+03
1.251157e-01, 1.139631e+03
1.251515e-01, 1.139060e+03
1.251874e-01, 1.138489e+03
1.252232e-01, 1.137920e+03
1.252590e-01, 1.137351e+03
1.252949e-01, 1.136783e+03
1.253307e-01, 1.136216e+03
1.253665e-01, 1.135649e+03
1.254023e-01, 1.135083e+03
1.254381e-01, 1.134518e+03
1.254739e-01, 1.133953e+03
1.255097e-01, 1.133389e+03
1.255455e-01, 1.132825e+03
1.255813e-01, 1.132263e+03
1.256171e-01, 1.131700e+03
1.256529e-01, 1.131138e+03
1.256886e-01, 1.130577e+03
1.257244e-01, 1.130016e+03
1.257602e-01, 1.129456e+03
1.257959e-01, 1.128897e+03
1.258317e-01, 1.128338e+03
1.258674e-01, 1.127780e+03
1.259032e-01, 1.127222e+03
1.259389e-01, 1.126665e+03
1.259747e-01, 1.126108e+03
1.260104e-01, 1.125552e+03
1.260462e-01, 1.124997e+03
1.260819e-01, 1.124442e+03
1.261176e-01, 1.123887e+03
1.261533e-01, 1.123334e+03
1.261890e-01, 1.122780e+03
1.262248e-01, 1.122228e+03
1.262605e-01, 1.121675e+03
1.262962e-01, 1.121123e+03
1.263319e-01, 1.120571e+03
1.263676e-01, 1.120019e+03
1.264034e-01, 1.119468e+03
1.264391e-01, 1.118914e+03
1.264749e-01, 1.118360e+03
1.265107e-01, 1.117804e+03
1.265465e-01, 1.117248e+03
1.265823e-01, 1.116691e+03
1.266181e-01, 1.116133e+03
1.266539e-01, 1.115575e+03
1.266897e-01, 1.115018e+03
1.267255e-01, 1.114460e+03
1.267613e-01, 1.113903e+03
1.267971e-01, 1.113345e+03
1.268329e-01, 1.112789e+03
1.268687e-01, 1.112232e+03
1.269045e-01, 1.111675e+03
1.269403e-01, 1.111119e+03
1.269761e-01, 1.110561e+03
1.270120e-01, 1.110004e+03
1.270478e-01, 1.109446e+03
1.270836e-01, 1.108888e+03
1.271194e-01, 1.108330e+03
1.271553e-01, 1.107772e+03
1.271911e-01, 1.107215e+03
1.272269e-01, 1.106658e+03
1.272628e-01, 1.106101e+03
1.272986e-01, 1.105544e+03
1.273344e-01, 1.104988e+03
1.273702e-01, 1.104433e+03
1.274060e-01, 1.103878e+03
1.274418e-01, 1.103323e+03
1.274777e-01, 1.102769e+03
1.275135e-01, 1.102214e+03
1.275493e-01, 1.101659e+03
1.275851e-01, 1.101104e+03
1.276210e-01, 1.100548e+03
1.276568e-01, 1.099993e+03
1.276926e-01, 1.099437e+03
1.277285e-01, 1.098882e+03
1.277643e-01, 1.098327e+03
1.278001e-01, 1.097773e+03
1.278359e-01, 1.097218e+03
1.278718e-01, 1.096665e+03
1.279076e-01, 1.096111e+03
1.279434e-01, 1.095558e+03
1.279792e-01, 1.095006e+03
1.280150e-01, 1.094454e+03
1.280508e-01, 1.093902e+03
1.280866e-01, 1.093351e+03
1.281224e-01, 1.092800e+03
1.281582e-01, 1.092249e+03
1.281941e-01, 1.091698e+03
1.282299e-01, 1.091148e+03
1.282657e-01, 1.090597e+03
1.283015e-01, 1.090047e+03
1.283373e-01, 1.089498e+03
1.283731e-01, 1.088949e+03
1.284089e-01, 1.088400e+03
1.284447e-01, 1.087851e+03
1.284805e-01, 1.087303e+03
1.285163e-01, 1.086756e+03
1.285521e-01, 1.086209e+03
1.285879e-01, 1.085663e+03
1.286237e-01, 1.085117e+03
1.286595e-01, 1.084571e+03
1.286952e-01, 1.084026e+03
1.287310e-01, 1.083482e+03
1.287668e-01, 1.082938e+03
1.288025e-01, 1.082394e+03
1.288383e-01, 1.081851e+03
1.288741e-01, 1.081309e+03
1.289098e-01, 1.080767e+03
1.289456e-01, 1.080225e+03
1.289813e-01, 1.079685e+03
1.290171e-01, 1.079144e+03
1.290528e-01, 1.078604e+03
1.290885e-01, 1.078064e+03
1.291243e-01, 1.077525e+03
1.291600e-01, 1.076985e+03
1.291958e-01, 1.076447e+03
1.292315e-01, 1.075908e+03
1.292673e-01, 1.075370e+03
1.293030e-01, 1.074832e+03
1.293387e-01, 1.074295e+03
1.293745e-01, 1.073758e+03
1.294102e-01, 1.073222e+03
1.294459e-01, 1.072687e+03
1.294816e-01, 1.072151e+03
1.295173e-01, 1.071616e+03
1.295531e-01, 1.071082e+03
1.295888e-01, 1.070548e+03
1.296245e-01, 1.070015e+03
1.296602e-01, 1.069482e+03
1.296959e-01, 1.068950e+03
1.297316e-01, 1.068418e+03
1.297673e-01, 1.067887e+03
1.298029e-01, 1.067356e+03
1.298386e-01, 1.066826e+03
1.298743e-01, 1.066296e+03
1.299100e-01, 1.065767e+03
1.299457e-01, 1.065238e+03
1.299813e-01, 1.064710e+03
1.300170e-01, 1.064182e+03
1.300527e-01, 1.063655e+03
1.300883e-01, 1.063128e+03
1.301240e-01, 1.062602e+03
1.301596e-01, 1.062077e+03
1.301953e-01, 1.061551e+03
1.302309e-01, 1.061027e+03
1.302666e-01, 1.060502e+03
1.303022e-01, 1.059978e+03
1.303379e-01, 1.059455e+03
1.303735e-01, 1.058931e+03
1.304091e-01, 1.058409e+03
1.304448e-01, 1.057887e+03
1.304804e-01, 1.057365e+03
1.305160e-01, 1.056844e+03
1.305516e-01, 1.056323e+03
1.305873e-01, 1.055803e+03
1.306229e-01, 1.055283e+03
1.306585e-01, 1.054764e+03
1.306941e-01, 1.054246e+03
1.307297e-01, 1.053727e+03
1.307653e-01, 1.053210e+03
1.308009e-01, 1.052692e+03
1.308365e-01, 1.052176e+03
1.308721e-01, 1.051659e+03
1.309077e-01, 1.051144e+03
1.309432e-01, 1.050628e+03
1.309788e-01, 1.050114e+03
1.310144e-01, 1.049599e+03
1.310500e-01, 1.049085e+03
1.310855e-01, 1.048572e+03
1.311211e-01, 1.048059e+03
1.311567e-01, 1.047547e+03
1.311922e-01, 1.047035e+03
1.312278e-01, 1.046524e+03
1.312633e-01, 1.046013e+03
1.312989e-01, 1.045503e+03
1.313344e-01, 1.044993e+03
1.313700e-01, 1.044483e+03
1.314055e-01, 1.043975e+03
1.314410e-01, 1.043466e+03
1.314766e-01, 1.042958e+03
1.315121e-01, 1.042451e+03
1.315476e-01, 1.041944e+03
1.315831e-01, 1.041437e+03
1.316187e-01, 1.040932e+03
1.316542e-01, 1.040426e+03
1.316897e-01, 1.039921e+03
1.317252e-01, 1.039417e+03
1.317607e-01, 1.038913e+03
1.317962e-01, 1.038409e+03
1.318317e-01, 1.037906e+03
1.318672e-01, 1.037403e+03
1.319027e-01, 1.036901e+03
1.319382e-01, 1.036400e+03
1.319736e-01, 1.035899e+03
1.320091e-01, 1.035398e+03
1.320446e-01, 1.034898e+03
1.320801e-01, 1.034398e+03
1.321155e-01, 1.033899e+03
1.321510e-01, 1.033400e+03
1.321865e-01, 1.032902e+03
1.322219e-01, 1.032404e+03
1.322574e-01, 1.031907e+03
1.322928e-01, 1.031410e+03
1.323283e-01, 1.030913e+03
1.323637e-01, 1.030417e+03
1.323992e-01, 1.029922e+03
1.324346e-01, 1.029427e+03
1.324700e-01, 1.028932e+03
1.325055e-01, 1.028438e+03
1.325409e-01, 1.027944e+03
1.325764e-01, 1.027449e+03
1.326118e-01, 1.026953e+03
1.326473e-01, 1.026458e+03
1.326827e-01, 1.025962e+03
1.327182e-01, 1.025465e+03
1.327537e-01, 1.024969e+03
1.327891e-01, 1.024473e+03
1.328246e-01, 1.023977e+03
1.328601e-01, 1.023481e+03
1.328955e-01, 1.022985e+03
1.329310e-01, 1.022490e+03
1.329665e-01, 1.021995e+03
1.330019e-01, 1.021500e+03
1.330374e-01, 1.021006e+03
1.330728e-01, 1.020512e+03
1.331083e-01, 1.020018e+03
1.331437e-01, 1.019525e+03
1.331791e-01, 1.019033e+03
1.332146e-01, 1.018540e+03
1.332500e-01, 1.018049e+03
1.332854e-01, 1.017557e+03
1.333209e-01, 1.017066e+03
1.333563e-01, 1.016576e+03
1.333917e-01, 1.016086e+03
1.334271e-01, 1.015596e+03
1.334625e-01, 1.015107e+03
1.334979e-01, 1.014618e+03
1.335334e-01, 1.014130e+03
1.335688e-01, 1.013642e+03
1.336042e-01, 1.013154e+03
1.336396e-01, 1.012668e+03
1.336749e-01, 1.012181e+03
1.337103e-01, 1.011695e+03
1.337457e-01, 1.011209e+03
1.337811e-01, 1.010724e+03
1.338165e-01, 1.010240e+03
1.338519e-01, 1.009755e+03
1.338872e-01, 1.009271e+03
1.339226e-01, 1.008788e+03
1.339580e-01, 1.008305e+03
1.339934e-01, 1.007822e+03
1.340287e-01, 1.007339e+03
1.340641e-01, 1.006857e+03
1.340995e-01, 1.006375e+03
1.341348e-01, 1.005893e+03
1.341702e-01, 1.005412e+03
1.342056e-01, 1.004931e+03
1.342409e-01, 1.004450e+03
1.342763e-01, 1.003970e+03
1.343117e-01, 1.003490e+03
1.343470e-01, 1.003010e+03
1.343824e-01, 1.002531e+03
1.344177e-01, 1.002053e+03
1.344531e-01, 1.001574e+03
1.344884e-01, 1.001097e+03
1.345238e-01, 1.000619e+03
1.345591e-01, 1.000140e+03
1.345945e-01, 9.996620e+02
1.346298e-01, 9.991837e+02
1.346652e-01, 9.987055e+02
1.347006e-01, 9.982274e+02
1.347359e-01, 9.977496e+02
1.347713e-01, 9.972721e+02
1.348066e-01, 9.967949e+02
1.348420e-01, 9.963181e+02
1.348774e-01, 9.958416e+02
1.349127e-01, 9.953655e+02
1.349481e-01, 9.948898e+02
1.349834e-01, 9.944145e+02
1.350187e-01, 9.939396e+02
1.350541e-01, 9.934651e+02
1.350894e-01, 9.929910e+02
1.351247e-01, 9.925174e+02
1.351601e-01, 9.920442e+02
1.351954e-01, 9.915714e+02
1.352307e-01, 9.910990e+02
1.352660e-01, 9.906271e+02
1.353013e-01, 9.901556e+02
1.353367e-01, 9.896845e+02
1.353720e-01, 9.892139e+02
1.354073e-01, 9.887437e+02
1.354426e-01, 9.882739e+02
1.354779e-01, 9.878044e+02
1.355132e-01, 9.873354e+02
1.355485e-01, 9.868667e+02
1.355838e-01, 9.863984e+02
1.356191e-01, 9.859305e+02
1.356544e-01, 9.854631e+02
1.356896e-01, 9.849961e+02
1.357249e-01, 9.845294e+02
1.357602e-01, 9.840628e+02
1.357955e-01, 9.835962e+02
1.358308e-01, 9.831295e+02
1.358661e-01, 9.826628e+02
1.359014e-01, 9.821958e+02
1.359367e-01, 9.817284e+02
1.359720e-01, 9.812608e+02
1.360074e-01, 9.807931e+02
1.360427e-01, 9.803253e+02
1.360780e-01, 9.798576e+02
1.361133e-01, 9.793901e+02
1.361487e-01, 9.789228e+02
1.361840e-01, 9.784557e+02
1.362193e-01, 9.779888e+02
1.362546e-01, 9.775221e+02
1.362900e-01, 9.770555e+02
1.363253e-01, 9.765891e+02
1.363606e-01, 9.761229e+02
1.363960e-01, 9.756564e+02
1.364313e-01, 9.751896e+02
1.364667e-01, 9.747224e+02
1.365020e-01, 9.742551e+02
1.365374e-01, 9.737876e+02
1.365727e-01, 9.733202e+02
1.366081e-01, 9.728529e+02
1.366434e-01, 9.723858e+02
1.366788e-01, 9.719190e+02
1.367141e-01, 9.714525e+02
1.367495e-01, 9.709863e+02
1.367848e-01, 9.705205e+02
1.368202e-01, 9.700551e+02
1.368555e-01, 9.695901e+02
1.368908e-01, 9.691254e+02
1.369262e-01, 9.686612e+02
1.369615e-01, 9.681974e+02
1.369968e-01, 9.677340e+02
1.370321e-01, 9.672710e+02
1.370675e-01, 9.668085e+02
1.371028e-01, 9.663464e+02
1.371381e-01, 9.658847e+02
1.371734e-01, 9.654235e+02
1.372087e-01, 9.649627e+02
1.372440e-01, 9.645023e+02
1.372793e-01, 9.640423e+02
1.373146e-01, 9.635828e+02
1.373499e-01, 9.631238e+02
1.373852e-01, 9.626651e+02
1.374205e-01, 9.622069e+02
1.374558e-01, 9.617492e+02
1.374911e-01, 9.612919e+02
1.375263e-01, 9.608350e+02
1.375616e-01, 9.603785e+02
1.375969e-01, 9.599225e+02
1.376321e-01, 9.594669e+02
1.376674e-01, 9.590117e+02
1.377027e-01, 9.585570e+02
1.377379e-01, 9.581027e+02
1.377732e-01, 9.576489e+02
1.378084e-01, 9.571954e+02
1.378437e-01, 9.567424e+02
1.378789e-01, 9.562899e+02
1.379142e-01, 9.558377e+02
1.379494e-01, 9.553860e+02
1.379847e-01, 9.549348e+02
1.380199e-01, 9.544839e+02
1.380551e-01, 9.540335e+02
1.380903e-01, 9.535835e+02
1.381256e-01, 9.531339e+02
1.381608e-01, 9.526848e+02
1.381960e-01, 9.522361e+02
1.382312e-01, 9.517878e+02
1.382664e-01, 9.513400e+02
1.383016e-01, 9.508925e+02
1.383368e-01, 9.504455e+02
1.383720e-01, 9.499989e+02
1.384072e-01, 9.495528e+02
1.384424e-01, 9.491070e+02
1.384776e-01, 9.486617e+02
1.385128e-01, 9.482165e+02
1.385480e-01, 9.477715e+02
1.385832e-01, 9.473267e+02
1.386184e-01, 9.468819e+02
1.386536e-01, 9.464374e+02
1.386888e-01, 9.459931e+02
1.387240e-01, 9.455491e+02
1.387592e-01, 9.451054e+02
1.387944e-01, 9.446620e+02
1.388296e-01, 9.442190e+02
1.388648e-01, 9.437764e+02
1.389000e-01, 9.433341e+02
1.389352e-01, 9.428923e+02
1.389704e-01, 9.424508e+02
1.390056e-01, 9.420098e+02
1.390407e-01, 9.415691e+02
1.390759e-01, 9.411288e+02
1.391111e-01, 9.406887e+02
1.391463e-01, 9.402489e+02
1.391814e-01, 9.398093e+02
1.392166e-01, 9.393701e+02
1.392518e-01, 9.389312e+02
1.392870e-01, 9.384927e+02
1.393221e-01, 9.380545e+02
1.393573e-01, 9.376167e+02
1.393925e-01, 9.371794e+02
1.394276e-01, 9.367424e+02
1.394628e-01, 9.363058e+02
1.394979e-01, 9.358696e+02
1.395331e-01, 9.354338e+02
1.395682e-01, 9.349985e+02
1.396034e-01, 9.345635e+02
1.396385e-01, 9.341289e+02
1.396737e-01, 9.336948e+02
1.397088e-01, 9.332610e+02
1.397439e-01, 9.328277e+02
1.397791e-01, 9.323948e+02
1.398142e-01, 9.319622e+02
1.398493e-01, 9.315301e+02
1.398844e-01, 9.310984e+02
1.399195e-01, 9.306671e+02
1.399547e-01, 9.302362e+02
1.399898e-01, 9.298057e+02
1.400249e-01, 9.293756e+02
1.400600e-01, 9.289459e+02
1.400951e-01, 9.285166e+02
1.401302e-01, 9.280877e+02
1.401653e-01, 9.276592e+02
1.402004e-01, 9.272311e+02
1.402355e-01, 9.268034e+02
1.402706e-01, 9.263761e+02
1.403056e-01, 9.259492e+02
1.403407e-01, 9.255227e+02
1.403758e-01, 9.250967e+02
1.404109e-01, 9.246710e+02
1.404459e-01, 9.242457e+02
1.404810e-01, 9.238208e+02
1.405161e-01, 9.233962e+02
1.405511e-01, 9.229721e+02
1.405862e-01, 9.225484e+02
1.406213e-01, 9.221251e+02
1.406563e-01, 9.217021e+02
1.406914e-01, 9.212789e+02
1.407265e-01, 9.208551e+02
1.407615e-01, 9.204307e+02
1.407966e-01, 9.200059e+02
1.408317e-01, 9.195808e+02
1.408668e-01, 9.191556e+02
1.409019e-01, 9.187302e+02
1.409370e-01, 9.183050e+02
1.409721e-01, 9.178798e+02
1.410072e-01, 9.174549e+02
1.410423e-01, 9.170301e+02
1.410773e-01, 9.166056e+02
1.411124e-01, 9.161813e+02
1.411475e-01, 9.157573e+02
1.411826e-01, 9.153336e+02
1.412177e-01, 9.149101e+02
1.412527e-01, 9.144870e+02
1.412878e-01, 9.140642e+02
1.413229e-01, 9.136417e+02
1.413580e-01, 9.132195e+02
1.413931e-01, 9.127969e+02
1.414281e-01, 9.123741e+02
1.414632e-01, 9.119510e+02
1.414983e-01, 9.115279e+02
1.415334e-01, 9.111048e+02
1.415685e-01, 9.106817e+02
1.416036e-01, 9.102588e+02
1.416387e-01, 9.098361e+02
1.416738e-01, 9.094135e+02
1.417089e-01, 9.089912e+02
1.417440e-01, 9.085691e+02
1.417791e-01, 9.081472e+02
1.418142e-01, 9.077257e+02
1.418493e-01, 9.073045e+02
1.418844e-01, 9.068836e+02
1.419195e-01, 9.064630e+02
1.419546e-01, 9.060427e+02
1.419897e-01, 9.056229e+02
1.420247e-01, 9.052033e+02
1.420598e-01, 9.047841e+02
1.420949e-01, 9.043651e+02
1.421300e-01, 9.039456e+02
1.421651e-01, 9.035255e+02
1.422002e-01, 9.031052e+02
1.422353e-01, 9.026845e+02
1.422704e-01, 9.022638e+02
1.423055e-01, 9.018432e+02
1.423406e-01, 9.014226e+02
1.423757e-01, 9.010021e+02
1.424108e-01, 9.005819e+02
1.424459e-01, 9.001620e+02
1.424810e-01, 8.997422e+02
1.425161e-01, 8.993228e+02
1.425512e-01, 8.989037e+02
1.425863e-01, 8.984849e+02
1.426214e-01, 8.980664e+02
1.426565e-01, 8.976482e+02
1.426915e-01, 8.972304e+02
1.427266e-01, 8.968129e+02
1.427617e-01, 8.963958e+02
1.427968e-01, 8.959790e+02
1.428318e-01, 8.955626e+02
1.428669e-01, 8.951465e+02
1.429020e-01, 8.947307e+02
1.429370e-01, 8.943153e+02
1.429721e-01, 8.939003e+02
1.430072e-01, 8.934856e+02
1.430422e-01, 8.930713e+02
1.430773e-01, 8.926573e+02
1.431123e-01, 8.922437e+02
1.431474e-01, 8.918304e+02
1.431824e-01, 8.914175e+02
1.432175e-01, 8.910049e+02
1.432525e-01, 8.905926e+02
1.432875e-01, 8.901806e+02
1.433226e-01, 8.897688e+02
1.433576e-01, 8.893572e+02
1.433927e-01, 8.889454e+02
1.434277e-01, 8.885333e+02
1.434628e-01, 8.881210e+02
1.434978e-01, 8.877085e+02
1.435329e-01, 8.872959e+02
1.435680e-01, 8.868834e+02
1.436030e-01, 8.864709e+02
1.436381e-01, 8.860586e+02
1.436731e-01, 8.856463e+02
1.437082e-01, 8.852343e+02
1.437433e-01, 8.848224e+02
1.437783e-01, 8.844107e+02
1.438134e-01, 8.839993e+02
1.438485e-01, 8.835882e+02
1.438835e-01, 8.831774e+02
1.439186e-01, 8.827669e+02
1.439536e-01, 8.823568e+02
1.439887e-01, 8.819469e+02
1.440238e-01, 8.815374e+02
1.440588e-01, 8.811282e+02
1.440938e-01, 8.807194e+02
1.441289e-01, 8.803108e+02
1.441639e-01, 8.799027e+02
1.441990e-01, 8.794948e+02
1.442340e-01, 8.790873e+02
1.442690e-01, 8.786802e+02
1.443041e-01, 8.782734e+02
1.443391e-01, 8.778669e+02
1.443741e-01, 8.774608e+02
1.444092e-01, 8.770550e+02
1.444442e-01, 8.766496e+02
1.444792e-01, 8.762445e+02
1.445142e-01, 8.758398e+02
1.445492e-01, 8.754354e+02
1.445842e-01, 8.750313e+02
1.446192e-01, 8.746276e+02
1.446542e-01, 8.742243e+02
1.446892e-01, 8.738213e+02
1.447242e-01, 8.734186e+02
1.447592e-01, 8.730163e+02
1.447942e-01, 8.726143e+02
1.448292e-01, 8.722127e+02
1.448642e-01, 8.718114e+02
1.448992e-01, 8.714105e+02
1.449342e-01, 8.710099e+02
1.449692e-01, 8.706096e+02
1.450042e-01, 8.702097e+02
1.450391e-01, 8.698101e+02
1.450741e-01, 8.694109e+02
1.451091e-01, 8.690120e+02
1.451440e-01, 8.686135e+02
1.451790e-01, 8.682153e+02
1.452140e-01, 8.678174e+02
1.452489e-01, 8.674199e+02
1.452839e-01, 8.670227e+02
1.453189e-01, 8.666259e+02
1.453538e-01, 8.662294e+02
1.453888e-01, 8.658332e+02
1.454237e-01, 8.654374e+02
1.454587e-01, 8.650419e+02
1.454936e-01, 8.646467e+02
1.455285e-01, 8.642519e+02
1.455635e-01, 8.638574e+02
1.455984e-01, 8.634633e+02
1.456333e-01, 8.630695e+02
1.456683e-01, 8.626760e+02
1.457032e-01, 8.622829e+02
1.457381e-01, 8.618901e+02
1.457730e-01, 8.614976e+02
1.458080e-01, 8.611055e+02
1.458429e-01, 8.607137e+02
1.458778e-01, 8.603222e+02
1.459127e-01, 8.599311e+02
1.459476e-01, 8.595403e+02
1.459825e-01, 8.591498e+02
1.460174e-01, 8.587597e+02
1.460523e-01, 8.583699e+02
1.460872e-01, 8.579805e+02
1.461221e-01, 8.575913e+02
1.461570e-01, 8.572025e+02
1.461919e-01, 8.568140e+02
1.462268e-01, 8.564255e+02
1.462617e-01, 8.560370e+02
1.462966e-01, 8.556487e+02
1.463316e-01, 8.552606e+02
1.463665e-01, 8.548726e+02
1.464014e-01, 8.544848e+02
1.464363e-01, 8.540973e+02
1.464712e-01, 8.537100e+02
1.465061e-01, 8.533230e+02
1.465410e-01, 8.529364e+02
1.465759e-01, 8.525500e+02
1.466107e-01, 8.521639e+02
1.466456e-01, 8.517780e+02
1.466805e-01, 8.513923e+02
1.467154e-01, 8.510067e+02
1.467503e-01, 8.506213e+02
1.467852e-01, 8.502361e+02
1.468201e-01, 8.498512e+02
1.468550e-01, 8.494665e+02
1.468899e-01, 8.490822e+02
1.469248e-01, 8.486981e+02
1.469597e-01, 8.483144e+02
1.469946e-01, 8.479309e+02
1.470295e-01, 8.475478e+02
1.470643e-01, 8.471650e+02
1.470992e-01, 8.467825e+02
1.471341e-01, 8.464004e+02
1.471690e-01, 8.460185e+02
1.472038e-01, 8.456368e+02
1.472387e-01, 8.452553e+02
1.472736e-01, 8.448740e+02
1.473085e-01, 8.444930e+02
1.473434e-01, 8.441122e+02
1.473782e-01, 8.437318e+02
1.474131e-01, 8.433516e+02
1.474480e-01, 8.429717e+02
1.474828e-01, 8.425921e+02
1.475177e-01, 8.422128e+02
1.475526e-01, 8.418339e+02
1.475874e-01, 8.414553e+02
1.476223e-01, 8.410770e+02
1.476572e-01, 8.406990e+02
1.476920e-01, 8.403213e+02
1.477269e-01, 8.399440e+02
1.477617e-01, 8.395670e+02
1.477966e-01, 8.391903e+02
1.478314e-01, 8.388140e+02
1.478662e-01, 8.384379e+02
1.479011e-01, 8.380622e+02
1.479359e-01, 8.376868e+02
1.479708e-01, 8.373118e+02
1.480056e-01, 8.369370e+02
1.480404e-01, 8.365626e+02
1.480752e-01, 8.361885e+02
1.481101e-01, 8.358147e+02
1.481449e-01, 8.354413e+02
1.481797e-01, 8.350682e+02
1.482145e-01, 8.346953e+02
1.482494e-01, 8.343229e+02
1.482842e-01, 8.339507e+02
1.483190e-01, 8.335788e+02
1.483538e-01, 8.332073e+02
1.483886e-01, 8.328361e+02
1.484234e-01, 8.324652e+02
1.484582e-01, 8.320946e+02
1.484930e-01, 8.317244e+02
1.485278e-01, 8.313544e+02
1.485626e-01, 8.309848e+02
1.485974e-01, 8.306155e+02
1.486322e-01, 8.302465e+02
1.486669e-01, 8.298778e+02
1.487017e-01, 8.295095e+02
1.487365e-01, 8.291414e+02
1.487713e-01, 8.287737e+02
1.488061e-01, 8.284063e+02
1.488408e-01, 8.280392e+02
1.488756e-01, 8.276724e+02
1.489104e-01, 8.273059e+02
1.489451e-01, 8.269398e+02
1.489799e-01, 8.265739e+02
1.490147e-01, 8.262084e+02
1.490494e-01, 8.258432e+02
1.490842e-01, 8.254783e+02
1.491189e-01, 8.251137e+02
1.491537e-01, 8.247494e+02
1.491884e-01, 8.243855e+02
1.492232e-01, 8.240218e+02
1.492579e-01, 8.236585e+02
1.492927e-01, 8.232954e+02
1.493274e-01, 8.229327e+02
1.493621e-01, 8.225703e+02
1.493969e-01, 8.222082e+02
1.494316e-01, 8.218464e+02
1.494663e-01, 8.214849e+02
1.495011e-01, 8.211234e+02
1.495358e-01, 8.207613e+02
1.495706e-01, 8.203988e+02
1.496053e-01, 8.200357e+02
1.496401e-01, 8.196723e+02
1.496748e-01, 8.193087e+02
1.497096e-01, 8.189450e+02
1.497443e-01, 8.185812e+02
1.497791e-01, 8.182174e+02
1.498138e-01, 8.178537e+02
1.498486e-01, 8.174901e+02
1.498834e-01, 8.171267e+02
1.499181e-01, 8.167635e+02
1.499529e-01, 8.164004e+02
1.499876e-01, 8.160376e+02
1.500224e-01, 8.156750e+02
1.500571e-01, 8.153127e+02
1.500919e-01, 8.149506e+02
1.501266e-01, 8.145888e+02
1.501613e-01, 8.142272e+02
1.501961e-01, 8.138659e+02
1.502308e-01, 8.135049e+02
1.502655e-01, 8.131441e+02
1.503003e-01, 8.127837e+02
1.503350e-01, 8.124235e+02
1.503697e-01, 8.120636e+02
1.504044e-01, 8.117040e+02
1.504392e-01, 8.113446e+02
1.504739e-01, 8.109856e+02
1.505086e-01, 8.106268e+02
1.505433e-01, 8.102683e+02
1.505780e-01, 8.099102e+02
1.506127e-01, 8.095523e+02
1.506474e-01, 8.091947e+02
1.506821e-01, 8.088374e+02
1.507169e-01, 8.084803e+02
1.507516e-01, 8.081236e+02
1.507863e-01, 8.077672e+02
1.508209e-01, 8.074110e+02
1.508556e-01, 8.070552e+02
1.508903e-01, 8.066996e+02
1.509250e-01, 8.063443e+02
1.509597e-01, 8.059893e+02
1.509944e-01, 8.056346e+02
1.510291e-01, 8.052802e+02
1.510638e-01, 8.049261e+02
1.510984e-01, 8.045723e+02
1.511331e-01, 8.042188e+02
1.511678e-01, 8.038655e+02
1.512024e-01, 8.035126e+02
1.512371e-01, 8.031599e+02
1.512718e-01, 8.028075e+02
1.513064e-01, 8.024555e+02
1.513411e-01, 8.021037e+02
1.513758e-01, 8.017522e+02
1.514104e-01, 8.014010e+02
1.514451e-01, 8.010500e+02
1.514797e-01, 8.006994e+02
1.515144e-01, 8.003490e+02
1.515490e-01, 7.999990e+02
1.515837e-01, 7.996492e+02
1.516183e-01, 7.992997e+02
1.516529e-01, 7.989505e+02
1.516876e-01, 7.986016e+02
1.517222e-01, 7.982530e+02
1.517568e-01, 7.979047e+02
1.517915e-01, 7.975566e+02
1.518261e-01, 7.972089e+02
1.518607e-01, 7.968613e+02
1.518954e-01, 7.965136e+02
1.519300e-01, 7.961654e+02
1.519647e-01, 7.958167e+02
1.519994e-01, 7.954677e+02
1.520340e-01, 7.951184e+02
1.520687e-01, 7.947691e+02
1.521034e-01, 7.944198e+02
1.521381e-01, 7.940705e+02
1.521727e-01, 7.937214e+02
1.522074e-01, 7.933724e+02
1.522421e-01, 7.930235e+02
1.522768e-01, 7.926749e+02
1.523114e-01, 7.923265e+02
1.523461e-01, 7.919783e+02
1.523808e-01, 7.916304e+02
1.524154e-01, 7.912827e+02
1.524501e-01, 7.909352e+02
1.524848e-01, 7.905878e+02
1.525194e-01, 7.902403e+02
1.525541e-01, 7.898928e+02
1.525888e-01, 7.895453e+02
1.526235e-01, 7.891980e+02
1.526581e-01, 7.888509e+02
1.526928e-01, 7.885040e+02
1.527275e-01, 7.881572e+02
1.527622e-01, 7.878107e+02
1.527968e-01, 7.874642e+02
1.528315e-01, 7.871180e+02
1.528662e-01, 7.867718e+02
1.529009e-01, 7.864259e+02
1.529356e-01, 7.860802e+02
1.529702e-01, 7.857346e+02
1.530049e-01, 7.853894e+02
1.530396e-01, 7.850441e+02
1.530743e-01, 7.846985e+02
1.531090e-01, 7.843526e+02
1.531437e-01, 7.840064e+02
1.531784e-01, 7.836599e+02
1.532131e-01, 7.833129e+02
1.532478e-01, 7.829656e+02
1.532825e-01, 7.826180e+02
1.533173e-01, 7.822702e+02
1.533520e-01, 7.819223e+02
1.533867e-01, 7.815745e+02
1.534214e-01, 7.812267e+02
1.534562e-01, 7.808791e+02
1.534909e-01, 7.805316e+02
1.535256e-01, 7.801843e+02
1.535603e-01, 7.798372e+02
1.535951e-01, 7.794904e+02
1.536298e-01, 7.791438e+02
1.536645e-01, 7.787975e+02
1.536992e-01, 7.784514e+02
1.537339e-01, 7.781055e+02
1.537687e-01, 7.777600e+02
1.538034e-01, 7.774147e+02
1.538381e-01, 7.770696e+02
1.538728e-01, 7.767248e+02
1.539075e-01, 7.763803e+02
1.539422e-01, 7.760361e+02
1.539769e-01, 7.756921e+02
1.540116e-01, 7.753485e+02
1.540463e-01, 7.750050e+02
1.540810e-01, 7.746619e+02
1.541157e-01, 7.743191e+02
1.541504e-01, 7.739765e+02
1.541851e-01, 7.736342e+02
1.542198e-01, 7.732922e+02
1.542545e-01, 7.729505e+02
1.542891e-01, 7.726090e+02
1.543238e-01, 7.722679e+02
1.543585e-01, 7.719270e+02
1.543932e-01, 7.715864e+02
1.544279e-01, 7.712460e+02
1.544625e-01, 7.709060e+02
1.544972e-01, 7.705662e+02
1.545319e-01, 7.702267e+02
1.545665e-01, 7.698875e+02
1.546012e-01, 7.695485e+02
1.546359e-01, 7.692098e+02
1.546705e-01, 7.688714e+02
1.547052e-01, 7.685333e+02
1.547398e-01, 7.681955e+02
1.547745e-01, 7.678579e+02
1.548091e-01, 7.675206e+02
1.548438e-01, 7.671836e+02
1.548784e-01, 7.668468e+02
1.549131e-01, 7.665103e+02
1.549477e-01, 7.661741e+02
1.549824e-01, 7.658382e+02
1.550170e-01, 7.655025e+02
1.550516e-01, 7.651672e+02
1.550863e-01, 7.648320e+02
1.551209e-01, 7.644972e+02
1.551555e-01, 7.641626e+02
1.551902e-01, 7.638283e+02
1.552248e-01, 7.634943e+02
1.552594e-01, 7.631606e+02
1.552940e-01, 7.628271e+02
1.553287e-01, 7.624939e+02
1.553633e-01, 7.621609e+02
1.553979e-01, 7.618283e+02
1.554325e-01, 7.614959e+02
1.554671e-01, 7.611637e+02
1.555017e-01, 7.608319e+02
1.555363e-01, 7.605003e+02
1.555710e-01, 7.601690e+02
1.556056e-01, 7.598379e+02
1.556402e-01, 7.595071e+02
1.556748e-01, 7.591766e+02
1.557094e-01, 7.588463e+02
1.557439e-01, 7.585163e+02
1.557785e-01, 7.581866e+02
1.558131e-01, 7.578571e+02
1.558477e-01, 7.575280e+02
1.558823e-01, 7.571990e+02
1.559169e-01, 7.568704e+02
1.559515e-01, 7.565420e+02
1.559861e-01, 7.562138e+02
1.560206e-01, 7.558859e+02
1.560552e-01, 7.555583e+02
1.560898e-01, 7.552310e+02
1.561244e-01, 7.549039e+02
1.561589e-01, 7.545771e+02
1.561935e-01, 7.542505e+02
1.562281e-01, 7.539243e+02
1.562626e-01, 7.535982e+02
1.562972e-01, 7.532725e+02
1.563317e-01, 7.529470e+02
1.563663e-01, 7.526217e+02
1.564009e-01, 7.522968e+02
1.564354e-01, 7.519721e+02
1.564700e-01, 7.516476e+02
1.565045e-01, 7.513234e+02
1.565391e-01, 7.509995e+02
1.565736e-01, 7.506758e+02
1.566081e-01, 7.503524e+02
1.566427e-01, 7.500293e+02
1.566772e-01, 7.497064e+02
1.567118e-01, 7.493838e+02
1.567463e-01, 7.490615e+02
1.567808e-01, 7.487394e+02
1.568154e-01, 7.484175e+02
1.568499e-01, 7.480960e+02
1.568844e-01, 7.477747e+02
1.569189e-01, 7.474536e+02
1.569535e-01, 7.471328e+02
1.569880e-01, 7.468123e+02
1.570225e-01, 7.464920e+02
1.570570e-01, 7.461720e+02
1.570915e-01, 7.458523e+02
1.571260e-01, 7.455328e+02
1.571606e-01, 7.452135e+02
1.571951e-01, 7.448946e+02
1.572296e-01, 7.445758e+02
1.572641e-01, 7.442574e+02
1.572986e-01, 7.439392e+02
1.573331e-01, 7.436212e+02
1.573676e-01, 7.433035e+02
1.574021e-01, 7.429861e+02
1.574366e-01, 7.426689e+02
1.574711e-01, 7.423520e+02
1.575055e-01, 7.420353e+02
1.575400e-01, 7.417188e+02
1.575745e-01, 7.414025e+02
1.576090e-01, 7.410862e+02
1.576435e-01, 7.407699e+02
1.576780e-01, 7.404537e+02
1.577125e-01, 7.401376e+02
1.577470e-01, 7.398216e+02
1.577815e-01, 7.395058e+02
1.578161e-01, 7.391902e+02
1.578506e-01, 7.388748e+02
1.578851e-01, 7.385596e+02
1.579196e-01, 7.382446e+02
1.579540e-01, 7.379298e+02
1.579885e-01, 7.376153e+02
1.580230e-01, 7.373011e+02
1.580575e-01, 7.369871e+02
1.580920e-01, 7.366733e+02
1.581265e-01, 7.363598e+02
1.581610e-01, 7.360465e+02
1.581955e-01, 7.357335e+02
1.582300e-01, 7.354207e+02
1.582644e-01, 7.351082e+02
1.582989e-01, 7.347960e+02
1.583334e-01, 7.344839e+02
1.583679e-01, 7.341722e+02
1.584023e-01, 7.338607e+02
1.584368e-01, 7.335494e+02
1.584713e-01, 7.332384e+02
1.585057e-01, 7.329276e+02
1.585402e-01, 7.326170e+02
1.585747e-01, 7.323067e+02
1.586091e-01, 7.319966e+02
1.586436e-01, 7.316867e+02
1.586781e-01, 7.313771e+02
1.587125e-01, 7.310678e+02
1.587470e-01, 7.307587e+02
1.587814e-01, 7.304499e+02
1.588159e-01, 7.301413e+02
1.588503e-01, 7.298329e+02
1.588848e-01, 7.295248e+02
1.589192e-01, 7.292170e+02
1.589537e-01, 7.289094e+02
1.589881e-01, 7.286021e+02
1.590225e-01, 7.282950e+02
1.590570e-01, 7.279881e+02
1.590914e-01, 7.276815e+02
1.591259e-01, 7.273752e+02
1.591603e-01, 7.270691e+02
1.591947e-01, 7.267632e+02
1.592291e-01, 7.264576e+02
1.592636e-01, 7.261522e+02
1.592980e-01, 7.258471e+02
1.593324e-01, 7.255422e+02
1.593668e-01, 7.252376e+02
1.594013e-01, 7.249332e+02
1.594357e-01, 7.246291e+02
1.594701e-01, 7.243252e+02
1.595045e-01, 7.240216e+02
1.595389e-01, 7.237182e+02
1.595733e-01, 7.234150e+02
1.596077e-01, 7.231121e+02
1.596421e-01, 7.228094e+02
1.596765e-01, 7.225070e+02
1.597109e-01, 7.222048e+02
1.597453e-01, 7.219028e+02
1.597797e-01, 7.216007e+02
1.598142e-01, 7.212980e+02
1.598486e-01, 7.209947e+02
1.598830e-01, 7.206911e+02
1.599175e-01, 7.203872e+02
1.599519e-01, 7.200831e+02
1.599863e-01, 7.197790e+02
1.600208e-01, 7.194748e+02
1.600552e-01, 7.191707e+02
1.600896e-01, 7.188666e+02
1.601241e-01, 7.185626e+02
1.601585e-01, 7.182588e+02
1.601929e-01, 7.179552e+02
1.602273e-01, 7.176517e+02
1.602618e-01, 7.173484e+02
1.602962e-01, 7.170453e+02
1.603306e-01, 7.167423e+02
1.603650e-01, 7.164396e+02
1.603995e-01, 7.161371e+02
1.604339e-01, 7.158348e+02
1.604683e-01, 7.155327e+02
1.605027e-01, 7.152308e+02
1.605371e-01, 7.149291e+02
1.605715e-01, 7.146277e+02
1.606059e-01, 7.143264e+02
1.606403e-01, 7.140254e+02
1.606747e-01, 7.137246e+02
1.607091e-01, 7.134241e+02
1.607435e-01, 7.131237e+02
1.607779e-01, 7.128236e+02
1.608123e-01, 7.125236e+02
1.608468e-01, 7.122232e+02
1.608812e-01, 7.119222e+02
1.609156e-01, 7.116204e+02
1.609501e-01, 7.113182e+02
1.609845e-01, 7.110156e+02
1.610189e-01, 7.107128e+02
1.610534e-01, 7.104099e+02
1.610878e-01, 7.101068e+02
1.611223e-01, 7.098033e+02
1.611568e-01, 7.094995e+02
1.611912e-01, 7.091955e+02
1.612257e-01, 7.088915e+02
1.612602e-01, 7.085875e+02
1.612947e-01, 7.082835e+02
1.613291e-01, 7.079796e+02
1.613636e-01, 7.076759e+02
1.613981e-01, 7.073723e+02
1.614325e-01, 7.070689e+02
1.614670e-01, 7.067657e+02
1.615015e-01, 7.064627e+02
1.615359e-01, 7.061599e+02
1.615704e-01, 7.058573e+02
1.616048e-01, 7.055549e+02
1.616393e-01, 7.052527e+02
1.616738e-01, 7.049508e+02
1.617082e-01, 7.046490e+02
1.617427e-01, 7.043475e+02
1.617771e-01, 7.040462e+02
1.618116e-01, 7.037452e+02
1.618460e-01, 7.034444e+02
1.618805e-01, 7.031437e+02
1.619149e-01, 7.028434e+02
1.619493e-01, 7.025432e+02
1.619838e-01, 7.022433e+02
1.620182e-01, 7.019436e+02
1.620527e-01, 7.016441e+02
1.620871e-01, 7.013448e+02
1.621215e-01, 7.010458e+02
1.621560e-01, 7.007470e+02
1.621904e-01, 7.004484e+02
1.622248e-01, 7.001501e+02
1.622592e-01, 6.998520e+02
1.622937e-01, 6.995541e+02
1.623281e-01, 6.992564e+02
1.623625e-01, 6.989590e+02
1.623969e-01, 6.986617e+02
1.624313e-01, 6.983648e+02
1.624657e-01, 6.980680e+02
1.625002e-01, 6.977715e+02
1.625346e-01, 6.974751e+02
1.625690e-01, 6.971790e+02
1.626034e-01, 6.968832e+02
1.626378e-01, 6.965875e+02
1.626722e-01, 6.962921e+02
1.627066e-01, 6.959969e+02
1.627410e-01, 6.957020e+02
1.627754e-01, 6.954072e+02
1.628098e-01, 6.951127e+02
1.628442e-01, 6.948184e+02
1.628786e-01, 6.945244e+02
1.629129e-01, 6.942305e+02
1.629473e-01, 6.939369e+02
1.629817e-01, 6.936435e+02
1.630161e-01, 6.933503e+02
1.630505e-01, 6.930574e+02
1.630849e-01, 6.927646e+02
1.631192e-01, 6.924721e+02
1.631536e-01, 6.921798e+02
1.631880e-01, 6.918878e+02
1.632224e-01, 6.915959e+02
1.632567e-01, 6.913043e+02
1.632911e-01, 6.910129e+02
1.633255e-01, 6.907217e+02
1.633598e-01, 6.904308e+02
1.633942e-01, 6.901401e+02
1.634286e-01, 6.898495e+02
1.634629e-01, 6.895593e+02
1.634973e-01, 6.892692e+02
1.635316e-01, 6.889793e+02
1.635660e-01, 6.886897e+02
1.636003e-01, 6.884003e+02
1.636347e-01, 6.881111e+02
1.636690e-01, 6.878221e+02
1.637034e-01, 6.875332e+02
1.637377e-01, 6.872446e+02
1.637721e-01, 6.869562e+02
1.638064e-01, 6.866680e+02
1.638408e-01, 6.863800e+02
1.638751e-01, 6.860922e+02
1.639094e-01, 6.858046e+02
1.639438e-01, 6.855173e+02
1.639781e-01, 6.852302e+02
1.640125e-01, 6.849433e+02
1.640468e-01, 6.846566e+02
1.640811e-01, 6.843702e+02
1.641155e-01, 6.840839e+02
1.641498e-01, 6.837979e+02
1.641841e-01, 6.835121e+02
1.642184e-01, 6.832264e+02
1.642528e-01, 6.829408e+02
1.642871e-01, 6.826555e+02
1.643214e-01, 6.823703e+02
1.643557e-01, 6.820853e+02
1.643901e-01, 6.818005e+02
1.644244e-01, 6.815159e+02
1.644587e-01, 6.812315e+02
1.644930e-01, 6.809473e+02
1.645274e-01, 6.806633e+02
1.645617e-01, 6.803795e+02
1.645960e-01, 6.800959e+02
1.646303e-01, 6.798124e+02
1.646646e-01, 6.795292e+02
1.646990e-01, 6.792462e+02
1.647333e-01, 6.789634e+02
1.647676e-01, 6.786808e+02
1.648019e-01, 6.783984e+02
1.648362e-01, 6.781162e+02
1.648705e-01, 6.778342e+02
1.649048e-01, 6.775525e+02
1.649391e-01, 6.772710e+02
1.649734e-01, 6.769896e+02
1.650077e-01, 6.767085e+02
1.650420e-01, 6.764277e+02
1.650763e-01, 6.761470e+02
1.651106e-01, 6.758665e+02
1.651449e-01, 6.755863e+02
1.651792e-01, 6.753063e+02
1.652135e-01, 6.750265e+02
1.652478e-01, 6.747469e+02
1.652821e-01, 6.744675e+02
1.653163e-01, 6.741884e+02
1.653506e-01, 6.739094e+02
1.653849e-01, 6.736307e+02
1.654192e-01, 6.733522e+02
1.654535e-01, 6.730739e+02
1.654877e-01, 6.727958e+02
1.655220e-01, 6.725179e+02
1.655563e-01, 6.722402e+02
1.655905e-01, 6.719627e+02
1.656248e-01, 6.716855e+02
1.656591e-01, 6.714085e+02
1.656933e-01, 6.711316e+02
1.657276e-01, 6.708550e+02
1.657619e-01, 6.705786e+02
1.657961e-01, 6.703024e+02
1.658304e-01, 6.700264e+02
1.658646e-01, 6.697507e+02
1.658989e-01, 6.694751e+02
1.659331e-01, 6.691998e+02
1.659674e-01, 6.689246e+02
1.660016e-01, 6.686497e+02
1.660359e-01, 6.683749e+02
1.660701e-01, 6.681004e+02
1.661044e-01, 6.678261e+02
1.661386e-01, 6.675520e+02
1.661729e-01, 6.672781e+02
1.662071e-01, 6.670044e+02
1.662413e-01, 6.667310e+02
1.662756e-01, 6.664577e+02
1.663098e-01, 6.661844e+02
1.663440e-01, 6.659110e+02
1.663783e-01, 6.656374e+02
1.664125e-01, 6.653636e+02
1.664468e-01, 6.650898e+02
1.664810e-01, 6.648159e+02
1.665153e-01, 6.645420e+02
1.665495e-01, 6.642682e+02
1.665838e-01, 6.639943e+02
1.666181e-01, 6.637202e+02
1.666523e-01, 6.634459e+02
1.666866e-01, 6.631716e+02
1.667209e-01, 6.628972e+02
1.667552e-01, 6.626228e+02
1.667895e-01, 6.623485e+02
1.668238e-01, 6.620742e+02
1.668581e-01, 6.618001e+02
1.668923e-01, 6.615261e+02
1.669266e-01, 6.612523e+02
1.669609e-01, 6.609786e+02
1.669952e-01, 6.607052e+02
1.670295e-01, 6.604321e+02
1.670638e-01, 6.601594e+02
1.670980e-01, 6.598868e+02
1.671323e-01, 6.596146e+02
1.671666e-01, 6.593425e+02
1.672008e-01, 6.590707e+02
1.672351e-01, 6.587990e+02
1.672694e-01, 6.585276e+02
1.673036e-01, 6.582564e+02
1.673379e-01, 6.579854e+02
1.673722e-01, 6.577146e+02
1.674064e-01, 6.574441e+02
1.674407e-01, 6.571737e+02
1.674750e-01, 6.569035e+02
1.675092e-01, 6.566336e+02
1.675435e-01, 6.563638e+02
1.675777e-01, 6.560943e+02
1.676120e-01, 6.558249e+02
1.676462e-01, 6.555558e+02
1.676805e-01, 6.552869e+02
1.677147e-01, 6.550182e+02
1.677490e-01, 6.547496e+02
1.677832e-01, 6.544813e+02
1.678174e-01, 6.542132e+02
1.678517e-01, 6.539453e+02
1.678859e-01, 6.536776e+02
1.679201e-01, 6.534101e+02
1.679544e-01, 6.531428e+02
1.679886e-01, 6.528757e+02
1.680228e-01, 6.526088e+02
1.680571e-01, 6.523422e+02
1.680913e-01, 6.520757e+02
1.681255e-01, 6.518094e+02
1.681598e-01, 6.515433e+02
1.681940e-01, 6.512774e+02
1.682282e-01, 6.510118e+02
1.682624e-01, 6.507463e+02
1.682966e-01, 6.504810e+02
1.683308e-01, 6.502160e+02
1.683651e-01, 6.499511e+02
1.683993e-01, 6.496864e+02
1.684335e-01, 6.494220e+02
1.684677e-01, 6.491577e+02
1.685019e-01, 6.488937e+02
1.685361e-01, 6.486298e+02
1.685703e-01, 6.483661e+02
1.686045e-01, 6.481027e+02
1.686387e-01, 6.478394e+02
1.686729e-01, 6.475764e+02
1.687071e-01, 6.473135e+02
1.687413e-01, 6.470508e+02
1.687755e-01, 6.467884e+02
1.688097e-01, 6.465261e+02
1.688439e-01, 6.462641e+02
1.688781e-01, 6.460022e+02
1.689123e-01, 6.457405e+02
1.689465e-01, 6.454791e+02
1.689806e-01, 6.452178e+02
1.690148e-01, 6.449567e+02
1.690490e-01, 6.446959e+02
1.690832e-01, 6.444352e+02
1.691174e-01, 6.441747e+02
1.691515e-01, 6.439144e+02
1.691857e-01, 6.436544e+02
1.692199e-01, 6.433945e+02
1.692541e-01, 6.431348e+02
1.692882e-01, 6.428753e+02
1.693224e-01, 6.426160e+02
1.693566e-01, 6.423569e+02
1.693907e-01, 6.420980e+02
1.694249e-01, 6.418393e+02
1.694591e-01, 6.415808e+02
1.694932e-01, 6.413225e+02
1.695274e-01, 6.410644e+02
1.695615e-01, 6.408064e+02
1.695957e-01, 6.405487e+02
1.696298e-01, 6.402912e+02
1.696640e-01, 6.400338e+02
1.696981e-01, 6.397767e+02
1.697323e-01, 6.395197e+02
1.697664e-01, 6.392630e+02
1.698006e-01, 6.390064e+02
1.698347e-01, 6.387501e+02
1.698689e-01, 6.384939e+02
1.699030e-01, 6.382378e+02
1.699372e-01, 6.379818e+02
1.699713e-01, 6.377258e+02
1.700055e-01, 6.374700e+02
1.700396e-01, 6.372144e+02
1.700738e-01, 6.369589e+02
1.701079e-01, 6.367036e+02
1.701421e-01, 6.364485e+02
1.701762e-01, 6.361935e+02
1.702103e-01, 6.359388e+02
1.702445e-01, 6.356842e+02
1.702786e-01, 6.354298e+02
1.703128e-01, 6.351756e+02
1.703469e-01, 6.349216e+02
1.703810e-01, 6.346678e+02
1.704152e-01, 6.344141e+02
1.704493e-01, 6.341607e+02
1.704834e-01, 6.339075e+02
1.705176e-01, 6.336544e+02
1.705517e-01, 6.334015e+02
1.705858e-01, 6.331489e+02
1.706199e-01, 6.328964e+02
1.706540e-01, 6.326441e+02
1.706882e-01, 6.323920e+02
1.707223e-01, 6.321401e+02
1.707564e-01, 6.318884e+02
1.707905e-01, 6.316368e+02
1.708246e-01, 6.313855e+02
1.708588e-01, 6.311344e+02
1.708929e-01, 6.308834e+02
1.709270e-01, 6.306326e+02
1.709611e-01, 6.303820e+02
1.709952e-01, 6.301316e+02
1.710293e-01, 6.298814e+02
1.710634e-01, 6.296314e+02
1.710975e-01, 6.293816e+02
1.711316e-01, 6.291319e+02
1.711657e-01, 6.288825e+02
1.711998e-01, 6.286332e+02
1.712339e-01, 6.283841e+02
1.712680e-01, 6.281352e+02
1.713021e-01, 6.278865e+02
1.713362e-01, 6.276380e+02
1.713703e-01, 6.273897e+02
1.714043e-01, 6.271415e+02
1.714384e-01, 6.268936e+02
1.714725e-01, 6.266458e+02
1.715066e-01, 6.263982e+02
1.715407e-01, 6.261508e+02
1.715748e-01, 6.259036e+02
1.716088e-01, 6.256565e+02
1.716429e-01, 6.254097e+02
1.716770e-01, 6.251630e+02
1.717111e-01, 6.249165e+02
1.717451e-01, 6.246703e+02
1.717792e-01, 6.244241e+02
1.718133e-01, 6.241782e+02
1.718474e-01, 6.239325e+02
1.718814e-01, 6.236869e+02
1.719155e-01, 6.234416e+02
1.719495e-01, 6.231964e+02
1.719836e-01, 6.229514e+02
1.720177e-01, 6.227065e+02
1.720517e-01, 6.224619e+02
1.720858e-01, 6.222174e+02
1.721198e-01, 6.219732e+02
1.721539e-01, 6.217291e+02
1.721879e-01, 6.214852e+02
1.722220e-01, 6.212415e+02
1.722560e-01, 6.209979e+02
1.722901e-01, 6.207546e+02
1.723241e-01, 6.205114e+02
1.723582e-01, 6.202684e+02
1.723922e-01, 6.200256e+02
1.724263e-01, 6.197829e+02
1.724603e-01, 6.195405e+02
1.724944e-01, 6.192982e+02
1.725284e-01, 6.190561e+02
1.725624e-01, 6.188142e+02
1.725965e-01, 6.185725e+02
1.726305e-01, 6.183309e+02
1.726645e-01, 6.180896e+02
1.726986e-01, 6.178483e+02
1.727326e-01, 6.176067e+02
1.727666e-01, 6.173647e+02
1.728007e-01, 6.171222e+02
1.728347e-01, 6.168793e+02
1.728688e-01, 6.166362e+02
1.729028e-01, 6.163929e+02
1.729369e-01, 6.161494e+02
1.729709e-01, 6.159059e+02
1.730050e-01, 6.156623e+02
1.730391e-01, 6.154188e+02
1.730731e-01, 6.151753e+02
1.731072e-01, 6.149318e+02
1.731412e-01, 6.146885e+02
1.731753e-01, 6.144452e+02
1.732093e-01, 6.142020e+02
1.732434e-01, 6.139590e+02
1.732774e-01, 6.137161e+02
1.733115e-01, 6.134733e+02
1.733455e-01, 6.132307e+02
1.733796e-01, 6.129882e+02
1.734136e-01, 6.127458e+02
1.734476e-01, 6.125036e+02
1.734817e-01, 6.122616e+02
1.735157e-01, 6.120196e+02
1.735498e-01, 6.117778e+02
1.735838e-01, 6.115361e+02
1.736179e-01, 6.112946e+02
1.736519e-01, 6.110531e+02
1.736860e-01, 6.108119e+02
1.737200e-01, 6.105707e+02
1.737540e-01, 6.103298e+02
1.737881e-01, 6.100890e+02
1.738221e-01, 6.098484e+02
1.738561e-01, 6.096079e+02
1.738902e-01, 6.093677e+02
1.739242e-01, 6.091275e+02
1.739582e-01, 6.088876e+02
1.739923e-01, 6.086478e+02
1.740263e-01, 6.084082e+02
1.740603e-01, 6.081688e+02
1.740944e-01, 6.079295e+02
1.741284e-01, 6.076905e+02
1.741624e-01, 6.074515e+02
1.741964e-01, 6.072128e+02
1.742304e-01, 6.069742e+02
1.742645e-01, 6.067358e+02
1.742985e-01, 6.064976e+02
1.743325e-01, 6.062595e+02
1.743665e-01, 6.060216e+02
1.744005e-01, 6.057839e+02
1.744345e-01, 6.055463e+02
1.744685e-01, 6.053090e+02
1.745025e-01, 6.050717e+02
1.745366e-01, 6.048347e+02
1.745706e-01, 6.045978e+02
1.746046e-01, 6.043609e+02
1.746386e-01, 6.041239e+02
1.746726e-01, 6.038868e+02
1.747066e-01, 6.036495e+02
1.747407e-01, 6.034121e+02
1.747747e-01, 6.031746e+02
1.748087e-01, 6.029373e+02
1.748428e-01, 6.026999e+02
1.748768e-01, 6.024627e+02
1.749108e-01, 6.022255e+02
1.749449e-01, 6.019885e+02
1.749789e-01, 6.017517e+02
1.750129e-01, 6.015149e+02
1.750469e-01, 6.012784e+02
1.750810e-01, 6.010420e+02
1.751150e-01, 6.008057e+02
1.751490e-01, 6.005696e+02
1.751830e-01, 6.003337e+02
1.752171e-01, 6.000979e+02
1.752511e-01, 5.998623e+02
1.752851e-01, 5.996269e+02
1.753191e-01, 5.993916e+02
1.753531e-01, 5.991565e+02
1.753872e-01, 5.989216e+02
1.754212e-01, 5.986868e+02
1.754552e-01, 5.984522e+02
1.754892e-01, 5.982178e+02
1.755232e-01, 5.979835e+02
1.755572e-01, 5.977494e+02
1.755912e-01, 5.975155e+02
1.756252e-01, 5.972817e+02
1.756592e-01, 5.970481e+02
1.756932e-01, 5.968146e+02
1.757272e-01, 5.965810e+02
1.757612e-01, 5.963472e+02
1.757952e-01, 5.961130e+02
1.758293e-01, 5.958785e+02
1.758633e-01, 5.956439e+02
1.758973e-01, 5.954091e+02
1.759313e-01, 5.951743e+02
1.759653e-01, 5.949395e+02
1.759994e-01, 5.947047e+02
1.760334e-01, 5.944701e+02
1.760674e-01, 5.942355e+02
1.761014e-01, 5.940010e+02
1.761354e-01, 5.937667e+02
1.761695e-01, 5.935325e+02
1.762035e-01, 5.932984e+02
1.762375e-01, 5.930641e+02
1.762716e-01, 5.928297e+02
1.763056e-01, 5.925953e+02
1.763396e-01, 5.923607e+02
1.763737e-01, 5.921262e+02
1.764077e-01, 5.918918e+02
1.764418e-01, 5.916575e+02
1.764758e-01, 5.914233e+02
1.765099e-01, 5.911892e+02
1.765439e-01, 5.909552e+02
1.765780e-01, 5.907214e+02
1.766120e-01, 5.904877e+02
1.766461e-01, 5.902542e+02
1.766801e-01, 5.900204e+02
1.767142e-01, 5.897863e+02
1.767483e-01, 5.895520e+02
1.767824e-01, 5.893174e+02
1.768165e-01, 5.890826e+02
1.768506e-01, 5.888478e+02
1.768847e-01, 5.886130e+02
1.769188e-01, 5.883783e+02
1.769529e-01, 5.881436e+02
1.769870e-01, 5.879090e+02
1.770210e-01, 5.876745e+02
1.770551e-01, 5.874402e+02
1.770892e-01, 5.872060e+02
1.771233e-01, 5.869720e+02
1.771574e-01, 5.867381e+02
1.771915e-01, 5.865043e+02
1.772256e-01, 5.862708e+02
1.772597e-01, 5.860373e+02
1.772938e-01, 5.858041e+02
1.773279e-01, 5.855710e+02
1.773619e-01, 5.853381e+02
1.773960e-01, 5.851053e+02
1.774301e-01, 5.848727e+02
1.774642e-01, 5.846403e+02
1.774983e-01, 5.844080e+02
1.775324e-01, 5.841759e+02
1.775664e-01, 5.839440e+02
1.776005e-01, 5.837122e+02
1.776346e-01, 5.834806e+02
1.776686e-01, 5.832492e+02
1.777027e-01, 5.830179e+02
1.777368e-01, 5.827868e+02
1.777709e-01, 5.825559e+02
1.778049e-01, 5.823251e+02
1.778390e-01, 5.820945e+02
1.778731e-01, 5.818640e+02
1.779071e-01, 5.816337e+02
1.779412e-01, 5.814036e+02
1.779752e-01, 5.811736e+02
1.780093e-01, 5.809439e+02
1.780434e-01, 5.807142e+02
1.780774e-01, 5.804847e+02
1.781115e-01, 5.802554e+02
1.781455e-01, 5.800263e+02
1.781796e-01, 5.797973e+02
1.782136e-01, 5.795685e+02
1.782477e-01, 5.793398e+02
1.782817e-01, 5.791113e+02
1.783158e-01, 5.788830e+02
1.783498e-01, 5.786548e+02
1.783839e-01, 5.784268e+02
1.784179e-01, 5.781990e+02
1.784519e-01, 5.779713e+02
1.784860e-01, 5.777438e+02
1.785200e-01, 5.775164e+02
1.785541e-01, 5.772892e+02
1.785881e-01, 5.770622e+02
1.786221e-01, 5.768353e+02
1.786562e-01, 5.766086e+02
1.786902e-01, 5.763820e+02
1.787242e-01, 5.761556e+02
1.787583e-01, 5.759294e+02
1.787923e-01, 5.757033e+02
1.788263e-01, 5.754774e+02
1.788603e-01, 5.752517e+02
1.788944e-01, 5.750261e+02
1.789284e-01, 5.748006e+02
1.789624e-01, 5.745754e+02
1.789964e-01, 5.743502e+02
1.790305e-01, 5.741253e+02
1.790645e-01, 5.739005e+02
1.790985e-01, 5.736759e+02
1.791325e-01, 5.734514e+02
1.791665e-01, 5.732271e+02
1.792005e-01, 5.730029e+02
1.792345e-01, 5.727789e+02
1.792686e-01, 5.725551e+02
1.793026e-01, 5.723314e+02
1.793366e-01, 5.721079e+02
1.793706e-01, 5.718845e+02
1.794046e-01, 5.716613e+02
1.794386e-01, 5.714383e+02
1.794726e-01, 5.712154e+02
1.795066e-01, 5.709927e+02
1.795406e-01, 5.707701e+02
1.795746e-01, 5.705477e+02
1.796086e-01, 5.703254e+02
1.796426e-01, 5.701033e+02
1.796766e-01, 5.698814e+02
1.797106e-01, 5.696596e+02
1.797446e-01, 5.694380e+02
1.797785e-01, 5.692165e+02
1.798125e-01, 5.689952e+02
1.798465e-01, 5.687741e+02
1.798805e-01, 5.685531e+02
1.799145e-01, 5.683322e+02
1.799485e-01, 5.681115e+02
1.799825e-01, 5.678910e+02
1.800164e-01, 5.676706e+02
1.800504e-01, 5.674504e+02
1.800844e-01, 5.672303e+02
1.801184e-01, 5.670104e+02
1.801524e-01, 5.667907e+02
1.801863e-01, 5.665711e+02
1.802203e-01, 5.663516e+02
1.802543e-01, 5.661324e+02
1.802882e-01, 5.659132e+02
1.803222e-01, 5.656942e+02
1.803562e-01, 5.654754e+02
1.803901e-01, 5.652568e+02
1.804241e-01, 5.650382e+02
1.804581e-01, 5.648199e+02
1.804920e-01, 5.646017e+02
1.805260e-01, 5.643836e+02
1.805600e-01, 5.641657e+02
1.805939e-01, 5.639480e+02
1.806279e-01, 5.637304e+02
1.806618e-01, 5.635130e+02
1.806958e-01, 5.632957e+02
1.807297e-01, 5.630786e+02
1.807637e-01, 5.628616e+02
1.807976e-01, 5.626448e+02
1.808316e-01, 5.624281e+02
1.808655e-01, 5.622116e+02
1.808995e-01, 5.619952e+02
1.809334e-01, 5.617790e+02
1.809674e-01, 5.615629e+02
1.810013e-01, 5.613470e+02
1.810353e-01, 5.611313e+02
1.810692e-01, 5.609157e+02
1.811031e-01, 5.607002e+02
1.811371e-01, 5.604849e+02
1.811710e-01, 5.602698e+02
1.812049e-01, 5.600548e+02
1.812389e-01, 5.598400e+02
1.812728e-01, 5.596253e+02
1.813067e-01, 5.594107e+02
1.813407e-01, 5.591964e+02
1.813746e-01, 5.589821e+02
1.814085e-01, 5.587680e+02
1.814425e-01, 5.585541e+02
1.814764e-01, 5.583403e+02
1.815103e-01, 5.581267e+02
1.815442e-01, 5.579132e+02
1.815781e-01, 5.576999e+02
1.816121e-01, 5.574867e+02
1.816460e-01, 5.572737e+02
1.816799e-01, 5.570608e+02
1.817138e-01, 5.568480e+02
1.817477e-01, 5.566355e+02
1.817816e-01, 5.564230e+02
1.818156e-01, 5.562108e+02
1.818495e-01, 5.559986e+02
1.818834e-01, 5.557866e+02
1.819173e-01, 5.555748e+02
1.819512e-01, 5.553631e+02
1.819851e-01, 5.551516e+02
1.820190e-01, 5.549402e+02
1.820529e-01, 5.547289e+02
1.820868e-01, 5.545178e+02
1.821207e-01, 5.543069e+02
1.821546e-01, 5.540961e+02
1.821885e-01, 5.538855e+02
1.822224e-01, 5.536749e+02
1.822563e-01, 5.534646e+02
1.822902e-01, 5.532544e+02
1.823241e-01, 5.530443e+02
1.823580e-01, 5.528344e+02
1.823919e-01, 5.526246e+02
1.824258e-01, 5.524150e+02
1.824596e-01, 5.522055e+02
1.824935e-01, 5.519962e+02
1.825274e-01, 5.517870e+02
1.825613e-01, 5.515780e+02
1.825952e-01, 5.513691e+02
1.826291e-01, 5.511603e+02
1.826629e-01, 5.509517e+02
1.826968e-01, 5.507433e+02
1.827307e-01, 5.505349e+02
1.827646e-01, 5.503268e+02
1.827984e-01, 5.501188e+02
1.828323e-01, 5.499109e+02
1.828662e-01, 5.497032e+02
1.829001e-01, 5.494956e+02
1.829339e-01, 5.492881e+02
1.829678e-01, 5.490808e+02
1.830017e-01, 5.488737e+02
1.830355e-01, 5.486667e+02
1.830694e-01, 5.484598e+02
1.831033e-01, 5.482531e+02
1.831371e-01, 5.480466e+02
1.831710e-01, 5.478401e+02
1.832048e-01, 5.476339e+02
1.832387e-01, 5.474277e+02
1.832726e-01, 5.472217e+02
1.833064e-01, 5.470159e+02
1.833403e-01, 5.468102e+02
1.833741e-01, 5.466046e+02
1.834080e-01, 5.463992e+02
1.834418e-01, 5.461939e+02
1.834757e-01, 5.459888e+02
1.835095e-01, 5.457838e+02
1.835434e-01, 5.455790e+02
1.835772e-01, 5.453743e+02
1.836111e-01, 5.451697e+02
1.836449e-01, 5.449653e+02
1.836788e-01, 5.447610e+02
1.837126e-01, 5.445569e+02
1.837464e-01, 5.443529e+02
1.837803e-01, 5.441491e+02
1.838141e-01, 5.439454e+02
1.838480e-01, 5.437418e+02
1.838818e-01, 5.435384e+02
1.839156e-01, 5.433351e+02
1.839495e-01, 5.431320e+02
1.839833e-01, 5.429290e+02
1.840171e-01, 5.427261e+02
1.840509e-01, 5.425234e+02
1.840848e-01, 5.423208e+02
1.841186e-01, 5.421184e+02
1.841524e-01, 5.419161e+02
1.841862e-01, 5.417140e+02
1.842201e-01, 5.415120e+02
1.842539e-01, 5.413101e+02
1.842877e-01, 5.411084e+02
1.843215e-01, 5.409068e+02
1.843554e-01, 5.407053e+02
1.843892e-01, 5.405040e+02
1.844230e-01, 5.403029e+02
1.844568e-01, 5.401018e+02
1.844906e-01, 5.399006e+02
1.845245e-01, 5.396990e+02
1.845583e-01, 5.394973e+02
1.845921e-01, 5.392954e+02
1.846260e-01, 5.390934e+02
1.846598e-01, 5.388914e+02
1.846937e-01, 5.386894e+02
1.847275e-01, 5.384875e+02
1.847614e-01, 5.382856e+02
1.847952e-01, 5.380838e+02
1.848290e-01, 5.378821e+02
1.848629e-01, 5.376805e+02
1.848967e-01, 5.374788e+02
1.849306e-01, 5.372771e+02
1.849645e-01, 5.370755e+02
1.849983e-01, 5.368739e+02
1.850322e-01, 5.366723e+02
1.850660e-01, 5.364709e+02
1.850999e-01, 5.362695e+02
1.851338e-01, 5.360682e+02
1.851676e-01, 5.358671e+02
1.852015e-01, 5.356660e+02
1.852353e-01, 5.354651e+02
1.852692e-01, 5.352644e+02
1.853031e-01, 5.350637e+02
1.853369e-01, 5.348632e+02
1.853708e-01, 5.346628e+02
1.854046e-01, 5.344626e+02
1.854385e-01, 5.342625e+02
1.854723e-01, 5.340625e+02
1.855062e-01, 5.338627e+02
1.855400e-01, 5.336630e+02
1.855739e-01, 5.334634e+02
1.856077e-01, 5.332640e+02
1.856416e-01, 5.330647e+02
1.856754e-01, 5.328656e+02
1.857093e-01, 5.326666e+02
1.857431e-01, 5.324677e+02
1.857769e-01, 5.322689e+02
1.858108e-01, 5.320703e+02
1.858446e-01, 5.318719e+02
1.858785e-01, 5.316735e+02
1.859123e-01, 5.314753e+02
1.859461e-01, 5.312773e+02
1.859800e-01, 5.310793e+02
1.860138e-01, 5.308815e+02
1.860476e-01, 5.306839e+02
1.860815e-01, 5.304863e+02
1.861153e-01, 5.302889e+02
1.861491e-01, 5.300917e+02
1.861829e-01, 5.298945e+02
1.862168e-01, 5.296975e+02
1.862506e-01, 5.295007e+02
1.862844e-01, 5.293040e+02
1.863182e-01, 5.291074e+02
1.863521e-01, 5.289109e+02
1.863859e-01, 5.287146e+02
1.864197e-01, 5.285184e+02
1.864535e-01, 5.283223e+02
1.864873e-01, 5.281264e+02
1.865212e-01, 5.279307e+02
1.865550e-01, 5.277350e+02
1.865888e-01, 5.275390e+02
1.866226e-01, 5.273427e+02
1.866565e-01, 5.271459e+02
1.866903e-01, 5.269488e+02
1.867242e-01, 5.267515e+02
1.867580e-01, 5.265540e+02
1.867919e-01, 5.263564e+02
1.868257e-01, 5.261588e+02
1.868596e-01, 5.259613e+02
1.868934e-01, 5.257637e+02
1.869273e-01, 5.255662e+02
1.869611e-01, 5.253687e+02
1.869949e-01, 5.251713e+02
1.870288e-01, 5.249740e+02
1.870626e-01, 5.247768e+02
1.870965e-01, 5.245797e+02
1.871303e-01, 5.243827e+02
1.871642e-01, 5.241858e+02
1.871980e-01, 5.239890e+02
1.872318e-01, 5.237923e+02
1.872657e-01, 5.235957e+02
1.872995e-01, 5.233993e+02
1.873333e-01, 5.232029e+02
1.873672e-01, 5.230067e+02
1.874010e-01, 5.228106e+02
1.874348e-01, 5.226146e+02
1.874687e-01, 5.224188e+02
1.875025e-01, 5.222230e+02
1.875363e-01, 5.220273e+02
1.875702e-01, 5.218314e+02
1.876040e-01, 5.216352e+02
1.876379e-01, 5.214385e+02
1.876717e-01, 5.212417e+02
1.877056e-01, 5.210447e+02
1.877394e-01, 5.208476e+02
1.877733e-01, 5.206504e+02
1.878071e-01, 5.204533e+02
1.878410e-01, 5.202562e+02
1.878749e-01, 5.200592e+02
1.879087e-01, 5.198622e+02
1.879426e-01, 5.196653e+02
1.879764e-01, 5.194685e+02
1.880103e-01, 5.192718e+02
1.880441e-01, 5.190752e+02
1.880780e-01, 5.188787e+02
1.881118e-01, 5.186824e+02
1.881457e-01, 5.184861e+02
1.881795e-01, 5.182900e+02
1.882134e-01, 5.180940e+02
1.882472e-01, 5.178981e+02
1.882810e-01, 5.177023e+02
1.883149e-01, 5.175067e+02
1.883487e-01, 5.173112e+02
1.883826e-01, 5.171158e+02
1.884164e-01, 5.169205e+02
1.884502e-01, 5.167254e+02
1.884841e-01, 5.165304e+02
1.885179e-01, 5.163355e+02
1.885517e-01, 5.161407e+02
1.885856e-01, 5.159461e+02
1.886194e-01, 5.157516e+02
1.886532e-01, 5.155572e+02
1.886871e-01, 5.153630e+02
1.887209e-01, 5.151688e+02
1.887547e-01, 5.149748e+02
1.887885e-01, 5.147810e+02
1.888224e-01, 5.145872e+02
1.888562e-01, 5.143936e+02
1.888900e-01, 5.142001e+02
1.889238e-01, 5.140068e+02
1.889577e-01, 5.138135e+02
1.889915e-01, 5.136204e+02
1.890253e-01, 5.134274e+02
1.890591e-01, 5.132346e+02
1.890929e-01, 5.130418e+02
1.891267e-01, 5.128492e+02
1.891605e-01, 5.126568e+02
1.891944e-01, 5.124644e+02
1.892282e-01, 5.122722e+02
1.892620e-01, 5.120801e+02
1.892958e-01, 5.118881e+02
1.893296e-01, 5.116963e+02
1.893634e-01, 5.115045e+02
1.893972e-01, 5.113129e+02
1.894310e-01, 5.111215e+02
1.894648e-01, 5.109301e+02
1.894986e-01, 5.107389e+02
1.895324e-01, 5.105478e+02
1.895662e-01, 5.103568e+02
1.896000e-01, 5.101660e+02
1.896338e-01, 5.099753e+02
1.896676e-01, 5.097847e+02
1.897014e-01, 5.095942e+02
1.897352e-01, 5.094039e+02
1.897689e-01, 5.092137e+02
1.898027e-01, 5.090236e+02
1.898365e-01, 5.088336e+02
1.898703e-01, 5.086437e+02
1.899041e-01, 5.084540e+02
1.899379e-01, 5.082644e+02
1.899717e-01, 5.080750e+02
1.900054e-01, 5.078856e+02
1.900392e-01, 5.076964e+02
1.900730e-01, 5.075073e+02
1.901068e-01, 5.073183e+02
1.901406e-01, 5.071295e+02
1.901743e-01, 5.069407e+02
1.902081e-01, 5.067521e+02
1.902419e-01, 5.065636e+02
1.902757e-01, 5.063753e+02
1.903094e-01, 5.061871e+02
1.903432e-01, 5.059989e+02
1.903770e-01, 5.058110e+02
1.904107e-01, 5.056231e+02
1.904445e-01, 5.054354e+02
1.904783e-01, 5.052477e+02
1.905120e-01, 5.050602e+02
1.905458e-01, 5.048729e+02
1.905796e-01, 5.046856e+02
1.906133e-01, 5.044985e+02
1.906471e-01, 5.043115e+02
1.906808e-01, 5.041246e+02
1.907146e-01, 5.039379e+02
1.907483e-01, 5.037512e+02
1.907821e-01, 5.035647e+02
1.908159e-01, 5.033783e+02
1.908496e-01, 5.031921e+02
1.908834e-01, 5.030059e+02
1.909171e-01, 5.028199e+02
1.909509e-01, 5.026340e+02
1.909846e-01, 5.024482e+02
1.910183e-01, 5.022626e+02
1.910521e-01, 5.020770e+02
1.910858e-01, 5.018916e+02
1.911196e-01, 5.017063e+02
1.911533e-01, 5.015211e+02
1.911871e-01, 5.013361e+02
1.912208e-01, 5.011512e+02
1.912545e-01, 5.009664e+02
1.912883e-01, 5.007817e+02
1.913220e-01, 5.005971e+02
1.913557e-01, 5.004127e+02
1.913895e-01, 5.002283e+02
1.914232e-01, 5.000441e+02
1.914569e-01, 4.998601e+02
1.914907e-01, 4.996761e+02
1.915244e-01, 4.994923e+02
1.915581e-01, 4.993085e+02
1.915919e-01, 4.991249e+02
1.916256e-01, 4.989415e+02
1.916593e-01, 4.987581e+02
1.916930e-01, 4.985749e+02
1.917268e-01, 4.983918e+02
1.917605e-01, 4.982088e+02
1.917942e-01, 4.980259e+02
1.918279e-01, 4.978431e+02
1.918616e-01, 4.976605e+02
1.918953e-01, 4.974780e+02
1.919291e-01, 4.972956e+02
1.919628e-01, 4.971133e+02
1.919965e-01, 4.969311e+02
1.920302e-01, 4.967491e+02
1.920639e-01, 4.965672e+02
1.920976e-01, 4.963854e+02
1.921313e-01, 4.962037e+02
1.921650e-01, 4.960221e+02
1.921987e-01, 4.958407e+02
1.922324e-01, 4.956593e+02
1.922661e-01, 4.954781e+02
1.922999e-01, 4.952970e+02
1.923336e-01, 4.951161e+02
1.923673e-01, 4.949352e+02
1.924010e-01, 4.947545e+02
1.924347e-01, 4.945738e+02
1.924683e-01, 4.943933e+02
1.925020e-01, 4.942130e+02
1.925357e-01, 4.940327e+02
1.925694e-01, 4.938526e+02
1.926031e-01, 4.936725e+02
1.926368e-01, 4.934926e+02
1.926705e-01, 4.933128e+02
1.927042e-01, 4.931332e+02
1.927379e-01, 4.929536e+02
1.927716e-01, 4.927742e+02
1.928053e-01, 4.925948e+02
1.928389e-01, 4.924156e+02
1.928726e-01, 4.922365e+02
1.929063e-01, 4.920576e+02
1.929400e-01, 4.918787e+02
1.929737e-01, 4.917000e+02
1.930073e-01, 4.915213e+02
1.930410e-01, 4.913428e+02
1.930747e-01, 4.911644e+02
1.931084e-01, 4.909862e+02
1.931420e-01, 4.908080e+02
1.931757e-01, 4.906300e+02
1.932094e-01, 4.904521e+02
1.932431e-01, 4.902742e+02
1.932767e-01, 4.900966e+02
1.933104e-01, 4.899190e+02
1.933441e-01, 4.897415e+02
1.933777e-01, 4.895642e+02
1.934114e-01, 4.893869e+02
1.934451e-01, 4.892098e+02
1.934787e-01, 4.890328e+02
1.935124e-01, 4.888560e+02
1.935460e-01, 4.886792e+02
1.935797e-01, 4.885025e+02
1.936134e-01, 4.883260e+02
1.936470e-01, 4.881496e+02
1.936807e-01, 4.879733e+02
1.937143e-01, 4.877971e+02
1.937480e-01, 4.876210e+02
1.937816e-01, 4.874450e+02
1.938153e-01, 4.872692e+02
1.938489e-01, 4.870935e+02
1.938826e-01, 4.869178e+02
1.939162e-01, 4.867423e+02
1.939499e-01, 4.865670e+02
1.939835e-01, 4.863917e+02
1.940172e-01, 4.862165e+02
1.940508e-01, 4.860415e+02
1.940845e-01, 4.858665e+02
1.941181e-01, 4.856917e+02
1.941518e-01, 4.855170e+02
1.941854e-01, 4.853424e+02
1.942190e-01, 4.851680e+02
1.942527e-01, 4.849936e+02
1.942863e-01, 4.848193e+02
1.943199e-01, 4.846452e+02
1.943536e-01, 4.844712e+02
1.943872e-01, 4.842973e+02
1.944208e-01, 4.841235e+02
1.944545e-01, 4.839498e+02
1.944881e-01, 4.837762e+02
1.945217e-01, 4.836027e+02
1.945554e-01, 4.834294e+02
1.945890e-01, 4.832562e+02
1.946226e-01, 4.830830e+02
1.946562e-01, 4.829100e+02
1.946899e-01, 4.827371e+02
1.947235e-01, 4.825643e+02
1.947571e-01, 4.823917e+02
1.947907e-01, 4.822191e+02
1.948243e-01, 4.820466e+02
1.948580e-01, 4.818743e+02
1.948916e-01, 4.817020e+02
1.949252e-01, 4.815299e+02
1.949588e-01, 4.813579e+02
1.949924e-01, 4.811860e+02
1.950260e-01, 4.810142e+02
1.950597e-01, 4.808425e+02
1.950933e-01, 4.806709e+02
1.951269e-01, 4.804995e+02
1.951605e-01, 4.803281e+02
1.951941e-01, 4.801569e+02
1.952277e-01, 4.799857e+02
1.952613e-01, 4.798147e+02
1.952949e-01, 4.796438e+02
1.953285e-01, 4.794730e+02
1.953621e-01, 4.793023e+02
1.953957e-01, 4.791318e+02
1.954293e-01, 4.789613e+02
1.954629e-01, 4.787910e+02
1.954965e-01, 4.786207e+02
1.955301e-01, 4.784506e+02
1.955637e-01, 4.782806e+02
1.955973e-01, 4.781106e+02
1.956309e-01, 4.779408e+02
1.956645e-01, 4.777711e+02
1.956981e-01, 4.776016e+02
1.957317e-01, 4.774321e+02
1.957653e-01, 4.772627e+02
1.957989e-01, 4.770935e+02
1.958324e-01, 4.769243e+02
1.958660e-01, 4.767553e+02
1.958996e-01, 4.765864e+02
1.959332e-01, 4.764175e+02
1.959668e-01, 4.762488e+02
1.960004e-01, 4.760802e+02
1.960340e-01, 4.759117e+02
1.960675e-01, 4.757434e+02
1.961011e-01, 4.755751e+02
1.961347e-01, 4.754069e+02
1.961683e-01, 4.752389e+02
1.962018e-01, 4.750709e+02
1.962354e-01, 4.749031e+02
1.962690e-01, 4.747353e+02
1.963026e-01, 4.745677e+02
1.963361e-01, 4.744002e+02
1.963697e-01, 4.742328e+02
1.964033e-01, 4.740655e+02
1.964369e-01, 4.738983e+02
1.964704e-01, 4.737312e+02
1.965040e-01, 4.735643e+02
1.965376e-01, 4.733974e+02
1.965711e-01, 4.732306e+02
1.966047e-01, 4.730640e+02
1.966382e-01, 4.728974e+02
1.966718e-01, 4.727310e+02
1.967054e-01, 4.725647e+02
1.967389e-01, 4.723984e+02
1.967725e-01, 4.722323e+02
1.968060e-01, 4.720663e+02
1.968396e-01, 4.719004e+02
1.968732e-01, 4.717346e+02
1.969067e-01, 4.715689e+02
1.969403e-01, 4.714033e+02
1.969738e-01, 4.712379e+02
1.970074e-01, 4.710725e+02
1.970409e-01, 4.709072e+02
1.970745e-01, 4.707421e+02
1.971080e-01, 4.705770e+02
1.971416e-01, 4.704121e+02
1.971751e-01, 4.702473e+02
1.972087e-01, 4.700825e+02
1.972422e-01, 4.699179e+02
1.972758e-01, 4.697534e+02
1.973093e-01, 4.695890e+02
1.973428e-01, 4.694246e+02
1.973764e-01, 4.692604e+02
1.974099e-01, 4.690963e+02
1.974435e-01, 4.689323e+02
1.974770e-01, 4.687685e+02
1.975105e-01, 4.686047e+02
1.975441e-01, 4.684410e+02
1.975776e-01, 4.682774e+02
1.976111e-01, 4.681140e+02
1.976447e-01, 4.679506e+02
1.976782e-01, 4.677873e+02
1.977117e-01, 4.676242e+02
1.977453e-01, 4.674611e+02
1.977788e-01, 4.672982e+02
1.978123e-01, 4.671353e+02
1.978458e-01, 4.669726e+02
1.978794e-01, 4.668100e+02
1.979129e-01, 4.666475e+02
1.979464e-01, 4.664850e+02
1.979799e-01, 4.663227e+02
1.980135e-01, 4.661605e+02
1.980470e-01, 4.659984e+02
1.980805e-01, 4.658364e+02
1.981140e-01, 4.656745e+02
1.981475e-01, 4.655127e+02
1.981811e-01, 4.653510e+02
1.982146e-01, 4.651893e+02
1.982481e-01, 4.650276e+02
1.982816e-01, 4.648658e+02
1.983151e-01, 4.647038e+02
1.983487e-01, 4.645417e+02
1.983822e-01, 4.643796e+02
1.984157e-01, 4.642174e+02
1.984493e-01, 4.640553e+02
1.984828e-01, 4.638931e+02
1.985163e-01, 4.637311e+02
1.985499e-01, 4.635690e+02
1.985834e-01, 4.634071e+02
1.986169e-01, 4.632452e+02
1.986505e-01, 4.630835e+02
1.986840e-01, 4.629218e+02
1.987175e-01, 4.627602e+02
1.987511e-01, 4.625987e+02
1.987846e-01, 4.624373e+02
1.988181e-01, 4.622760e+02
1.988517e-01, 4.621147e+02
1.988852e-01, 4.619534e+02
1.989188e-01, 4.617920e+02
1.989523e-01, 4.616306e+02
1.989859e-01, 4.614691e+02
1.990194e-01, 4.613077e+02
1.990530e-01, 4.611462e+02
1.990865e-01, 4.609849e+02
1.991201e-01, 4.608236e+02
1.991536e-01, 4.606623e+02
1.991872e-01, 4.605011e+02
1.992208e-01, 4.603401e+02
1.992543e-01, 4.601791e+02
1.992879e-01, 4.600182e+02
1.993214e-01, 4.598574e+02
1.993550e-01, 4.596967e+02
1.993885e-01, 4.595361e+02
1.994221e-01, 4.593755e+02
1.994557e-01, 4.592151e+02
1.994892e-01, 4.590548e+02
1.995228e-01, 4.588946e+02
1.995563e-01, 4.587345e+02
1.995899e-01, 4.585745e+02
1.996234e-01, 4.584146e+02
1.996570e-01, 4.582548e+02
1.996905e-01, 4.580951e+02
1.997241e-01, 4.579356e+02
1.997576e-01, 4.577761e+02
1.997911e-01, 4.576167e+02
1.998247e-01, 4.574574e+02
1.998582e-01, 4.572982e+02
1.998918e-01, 4.571391e+02
1.999253e-01, 4.569801e+02
1.999589e-01, 4.568213e+02
1.999924e-01, 4.566625e+02
2.000259e-01, 4.565038e+02
2.000595e-01, 4.563452e+02
2.000930e-01, 4.561867e+02
2.001265e-01, 4.560284e+02
2.001601e-01, 4.558701e+02
2.001936e-01, 4.557119e+02
2.002272e-01, 4.555538e+02
2.002607e-01, 4.553959e+02
2.002942e-01, 4.552380e+02
2.003277e-01, 4.550802e+02
2.003613e-01, 4.549225e+02
2.003948e-01, 4.547650e+02
2.004283e-01, 4.546075e+02
2.004619e-01, 4.544501e+02
2.004954e-01, 4.542929e+02
2.005289e-01, 4.541357e+02
2.005624e-01, 4.539786e+02
2.005960e-01, 4.538216e+02
2.006295e-01, 4.536648e+02
2.006630e-01, 4.535080e+02
2.006965e-01, 4.533513e+02
2.007300e-01, 4.531948e+02
2.007636e-01, 4.530383e+02
2.007971e-01, 4.528819e+02
2.008306e-01, 4.527256e+02
2.008641e-01, 4.525695e+02
2.008976e-01, 4.524134e+02
2.009311e-01, 4.522574e+02
2.009647e-01, 4.521015e+02
2.009982e-01, 4.519458e+02
2.010317e-01, 4.517901e+02
2.010652e-01, 4.516345e+02
2.010987e-01, 4.514790e+02
2.011322e-01, 4.513237e+02
2.011657e-01, 4.511684e+02
2.011992e-01, 4.510132e+02
2.012327e-01, 4.508581e+02
2.012662e-01, 4.507031e+02
2.012997e-01, 4.505482e+02
2.013333e-01, 4.503934e+02
2.013668e-01, 4.502387e+02
2.014003e-01, 4.500841e+02
2.014338e-01, 4.499297e+02
2.014673e-01, 4.497753e+02
2.015008e-01, 4.496210e+02
2.015343e-01, 4.494668e+02
2.015678e-01, 4.493126e+02
2.016013e-01, 4.491586e+02
2.016347e-01, 4.490047e+02
2.016682e-01, 4.488508e+02
2.017017e-01, 4.486968e+02
2.017353e-01, 4.485428e+02
2.017688e-01, 4.483887e+02
2.018023e-01, 4.482345e+02
2.018358e-01, 4.480804e+02
2.018693e-01, 4.479264e+02
2.019028e-01, 4.477723e+02
2.019363e-01, 4.476183e+02
2.019698e-01, 4.474644e+02
2.020033e-01, 4.473106e+02
2.020368e-01, 4.471569e+02
2.020704e-01, 4.470032e+02
2.021039e-01, 4.468496e+02
2.021374e-01, 4.466962e+02
2.021709e-01, 4.465428e+02
2.022044e-01, 4.463895e+02
2.022379e-01, 4.462363e+02
2.022714e-01, 4.460832e+02
2.023049e-01, 4.459302e+02
2.023384e-01, 4.457773e+02
2.023719e-01, 4.456245e+02
2.024054e-01, 4.454718e+02
2.024389e-01, 4.453191e+02
2.024724e-01, 4.451666e+02
2.025059e-01, 4.450142e+02
2.025394e-01, 4.448619e+02
2.025729e-01, 4.447096e+02
2.026064e-01, 4.445575e+02
2.026399e-01, 4.444055e+02
2.026734e-01, 4.442535e+02
2.027069e-01, 4.441017e+02
2.027404e-01, 4.439499e+02
2.027739e-01, 4.437982e+02
2.028074e-01, 4.436467e+02
2.028409e-01, 4.434952e+02
2.028744e-01, 4.433438e+02
2.029078e-01, 4.431926e+02
2.029413e-01, 4.430414e+02
2.029748e-01, 4.428903e+02
2.030083e-01, 4.427393e+02
2.030418e-01, 4.425884e+02
2.030753e-01, 4.424376e+02
2.031088e-01, 4.422869e+02
2.031422e-01, 4.421363e+02
2.031757e-01, 4.419858e+02
2.032092e-01, 4.418353e+02
2.032427e-01, 4.416850e+02
2.032762e-01, 4.415348e+02
2.033096e-01, 4.413846e+02
2.033431e-01, 4.412346e+02
2.033766e-01, 4.410846e+02
2.034101e-01, 4.409348e+02
2.034436e-01, 4.407850e+02
2.034770e-01, 4.406353e+02
2.035105e-01, 4.404858e+02
2.035440e-01, 4.403363e+02
2.035774e-01, 4.401869e+02
2.036109e-01, 4.400376e+02
2.036444e-01, 4.398882e+02
2.036779e-01, 4.397388e+02
2.037114e-01, 4.395894e+02
2.037449e-01, 4.394399e+02
2.037784e-01, 4.392905e+02
2.038119e-01, 4.391412e+02
2.038454e-01, 4.389919e+02
2.038789e-01, 4.388426e+02
2.039123e-01, 4.386935e+02
2.039458e-01, 4.385444e+02
2.039793e-01, 4.383954e+02
2.040128e-01, 4.382465e+02
2.040463e-01, 4.380977e+02
2.040798e-01, 4.379490e+02
2.041133e-01, 4.378004e+02
2.041468e-01, 4.376519e+02
2.041803e-01, 4.375034e+02
2.042137e-01, 4.373551e+02
2.042472e-01, 4.372068e+02
2.042807e-01, 4.370586e+02
2.043142e-01, 4.369105e+02
2.043477e-01, 4.367626e+02
2.043812e-01, 4.366147e+02
2.044146e-01, 4.364668e+02
2.044481e-01, 4.363191e+02
2.044816e-01, 4.361715e+02
2.045151e-01, 4.360240e+02
2.045486e-01, 4.358764e+02
2.045820e-01, 4.357290e+02
2.046155e-01, 4.355816e+02
2.046490e-01, 4.354344e+02
2.046825e-01, 4.352871e+02
2.047160e-01, 4.351400e+02
2.047494e-01, 4.349930e+02
2.047829e-01, 4.348461e+02
2.048164e-01, 4.346992e+02
2.048499e-01, 4.345524e+02
2.048834e-01, 4.344058e+02
2.049168e-01, 4.342592e+02
2.049503e-01, 4.341127e+02
2.049838e-01, 4.339663e+02
2.050173e-01, 4.338200e+02
2.050507e-01, 4.336738e+02
2.050842e-01, 4.335277e+02
2.051177e-01, 4.333816e+02
2.051512e-01, 4.332357e+02
2.051846e-01, 4.330898e+02
2.052181e-01, 4.329439e+02
2.052516e-01, 4.327980e+02
2.052851e-01, 4.326522e+02
2.053186e-01, 4.325064e+02
2.053520e-01, 4.323608e+02
2.053855e-01, 4.322152e+02
2.054190e-01, 4.320697e+02
2.054525e-01, 4.319243e+02
2.054860e-01, 4.317789e+02
2.055194e-01, 4.316337e+02
2.055529e-01, 4.314885e+02
2.055864e-01, 4.313435e+02
2.056199e-01, 4.311985e+02
2.056533e-01, 4.310536e+02
2.056868e-01, 4.309089e+02
2.057203e-01, 4.307642e+02
2.057538e-01, 4.306196e+02
2.057872e-01, 4.304750e+02
2.058207e-01, 4.303306e+02
2.058542e-01, 4.301863e+02
2.058876e-01, 4.300420e+02
2.059211e-01, 4.298979e+02
2.059546e-01, 4.297538e+02
2.059880e-01, 4.296098e+02
2.060215e-01, 4.294659e+02
2.060550e-01, 4.293221e+02
2.060884e-01, 4.291784e+02
2.061219e-01, 4.290348e+02
2.061554e-01, 4.288913e+02
2.061888e-01, 4.287478e+02
2.062223e-01, 4.286045e+02
2.062558e-01, 4.284612e+02
2.062892e-01, 4.283180e+02
2.063227e-01, 4.281749e+02
2.063561e-01, 4.280319e+02
2.063896e-01, 4.278890e+02
2.064230e-01, 4.277462e+02
2.064565e-01, 4.276035e+02
2.064900e-01, 4.274608e+02
2.065234e-01, 4.273183e+02
2.065569e-01, 4.271758e+02
2.065903e-01, 4.270334e+02
2.066238e-01, 4.268912e+02
2.066572e-01, 4.267490e+02
2.066907e-01, 4.266068e+02
2.067241e-01, 4.264648e+02
2.067576e-01, 4.263229e+02
2.067910e-01, 4.261810e+02
2.068245e-01, 4.260393e+02
2.068579e-01, 4.258976e+02
2.068913e-01, 4.257560e+02
2.069248e-01, 4.256145e+02
2.069582e-01, 4.254731e+02
2.069917e-01, 4.253318e+02
2.070251e-01, 4.251905e+02
2.070586e-01, 4.250494e+02
2.070920e-01, 4.249083e+02
2.071254e-01, 4.247674e+02
2.071589e-01, 4.246265e+02
2.071923e-01, 4.244857e+02
2.072258e-01, 4.243450e+02
2.072592e-01, 4.242043e+02
2.072926e-01, 4.240638e+02
2.073261e-01, 4.239233e+02
2.073595e-01, 4.237830e+02
2.073929e-01, 4.236427e+02
2.074264e-01, 4.235025e+02
2.074598e-01, 4.233624e+02
2.074932e-01, 4.232224e+02
2.075267e-01, 4.230825e+02
2.075601e-01, 4.229426e+02
2.075935e-01, 4.228028e+02
2.076269e-01, 4.226632e+02
2.076604e-01, 4.225236e+02
2.076938e-01, 4.223841e+02
2.077272e-01, 4.222447e+02
2.077606e-01, 4.221052e+02
2.077941e-01, 4.219653e+02
2.078275e-01, 4.218250e+02
2.078609e-01, 4.216843e+02
2.078944e-01, 4.215433e+02
2.079278e-01, 4.214020e+02
2.079612e-01, 4.212604e+02
2.079947e-01, 4.211186e+02
2.080281e-01, 4.209767e+02
2.080615e-01, 4.208347e+02
2.080950e-01, 4.206927e+02
2.081284e-01, 4.205506e+02
2.081618e-01, 4.204084e+02
2.081953e-01, 4.202663e+02
2.082287e-01, 4.201240e+02
2.082622e-01, 4.199815e+02
2.082956e-01, 4.198386e+02
2.083290e-01, 4.196955e+02
2.083625e-01, 4.195521e+02
2.083959e-01, 4.194086e+02
2.084294e-01, 4.192650e+02
2.084628e-01, 4.191213e+02
2.084963e-01, 4.189776e+02
2.085297e-01, 4.188339e+02
2.085632e-01, 4.186902e+02
2.085966e-01, 4.185466e+02
2.086301e-01, 4.184030e+02
2.086635e-01, 4.182595e+02
2.086970e-01, 4.181161e+02
2.087304e-01, 4.179728e+02
2.087639e-01, 4.178296e+02
2.087973e-01, 4.176864e+02
2.088308e-01, 4.175433e+02
2.088642e-01, 4.174004e+02
2.088977e-01, 4.172575e+02
2.089311e-01, 4.171147e+02
2.089646e-01, 4.169720e+02
2.089980e-01, 4.168294e+02
2.090314e-01, 4.166869e+02
2.090649e-01, 4.165445e+02
2.090983e-01, 4.164021e+02
2.091318e-01, 4.162599e+02
2.091652e-01, 4.161178e+02
2.091986e-01, 4.159757e+02
2.092321e-01, 4.158338e+02
2.092655e-01, 4.156919e+02
2.092990e-01, 4.155501e+02
2.093324e-01, 4.154084e+02
2.093658e-01, 4.152668e+02
2.093993e-01, 4.151253e+02
2.094327e-01, 4.149839e+02
2.094661e-01, 4.148426e+02
2.094996e-01, 4.147013e+02
2.095330e-01, 4.145602e+02
2.095664e-01, 4.144192e+02
2.095999e-01, 4.142782e+02
2.096333e-01, 4.141373e+02
2.096667e-01, 4.139965e+02
2.097002e-01, 4.138558e+02
2.097336e-01, 4.137152e+02
2.097670e-01, 4.135747e+02
2.098005e-01, 4.134343e+02
2.098339e-01, 4.132939e+02
2.098673e-01, 4.131537e+02
2.099007e-01, 4.130135e+02
2.099342e-01, 4.128734e+02
2.099676e-01, 4.127334e+02
2.100010e-01, 4.125935e+02
2.100344e-01, 4.124537e+02
2.100679e-01, 4.123140e+02
2.101013e-01, 4.121744e+02
2.101347e-01, 4.120348e+02
2.101681e-01, 4.118953e+02
2.102015e-01, 4.117560e+02
2.102350e-01, 4.116167e+02
2.102684e-01, 4.114775e+02
2.103018e-01, 4.113384e+02
2.103352e-01, 4.111993e+02
2.103686e-01, 4.110604e+02
2.104020e-01, 4.109216e+02
2.104355e-01, 4.107828e+02
2.104689e-01, 4.106441e+02
2.105023e-01, 4.105055e+02
2.105357e-01, 4.103670e+02
2.105691e-01, 4.102286e+02
2.106025e-01, 4.100903e+02
2.106359e-01, 4.099520e+02
2.106693e-01, 4.098139e+02
2.107028e-01, 4.096758e+02
2.107362e-01, 4.095378e+02
2.107696e-01, 4.093999e+02
2.108030e-01, 4.092621e+02
2.108364e-01, 4.091244e+02
2.108698e-01, 4.089868e+02
2.109032e-01, 4.088492e+02
2.109366e-01, 4.087118e+02
2.109700e-01, 4.085744e+02
2.110034e-01, 4.084371e+02
2.110368e-01, 4.082999e+02
2.110702e-01, 4.081628e+02
2.111036e-01, 4.080258e+02
2.111370e-01, 4.078889e+02
2.111704e-01, 4.077520e+02
2.112038e-01, 4.076152e+02
2.112372e-01, 4.074786e+02
2.112706e-01, 4.073420e+02
2.113040e-01, 4.072055e+02
2.113374e-01, 4.070690e+02
2.113708e-01, 4.069327e+02
2.114042e-01, 4.067964e+02
2.114376e-01, 4.066603e+02
2.114710e-01, 4.065242e+02
2.115044e-01, 4.063882e+02
2.115378e-01, 4.062523e+02
2.115711e-01, 4.061164e+02
2.116045e-01, 4.059807e+02
2.116379e-01, 4.058450e+02
2.116713e-01, 4.057095e+02
2.117047e-01, 4.055740e+02
2.117381e-01, 4.054386e+02
2.117715e-01, 4.053032e+02
2.118049e-01, 4.051680e+02
2.118382e-01, 4.050328e+02
2.118716e-01, 4.048978e+02
2.119050e-01, 4.047628e+02
2.119384e-01, 4.046279e+02
2.119718e-01, 4.044930e+02
2.120052e-01, 4.043583e+02
2.120385e-01, 4.042237e+02
2.120719e-01, 4.040891e+02
2.121053e-01, 4.039546e+02
2.121387e-01, 4.038202e+02
2.121721e-01, 4.036859e+02
2.122054e-01, 4.035516e+02
2.122388e-01, 4.034175e+02
2.122722e-01, 4.032834e+02
2.123056e-01, 4.031494e+02
2.123389e-01, 4.030155e+02
2.123723e-01, 4.028815e+02
2.124057e-01, 4.027474e+02
2.124391e-01, 4.026132e+02
2.124725e-01, 4.024790e+02
2.125059e-01, 4.023448e+02
2.125394e-01, 4.022106e+02
2.125728e-01, 4.020765e+02
2.126062e-01, 4.019423e+02
2.126396e-01, 4.018083e+02
2.126730e-01, 4.016743e+02
2.127064e-01, 4.015404e+02
2.127398e-01, 4.014066e+02
2.127732e-01, 4.012728e+02
2.128066e-01, 4.011391e+02
2.128400e-01, 4.010055e+02
2.128734e-01, 4.008720e+02
2.129068e-01, 4.007386e+02
2.129402e-01, 4.006052e+02
2.129736e-01, 4.004719e+02
2.130070e-01, 4.003387e+02
2.130404e-01, 4.002056e+02
2.130739e-01, 4.000726e+02
2.131073e-01, 3.999396e+02
2.131407e-01, 3.998067e+02
2.131741e-01, 3.996739e+02
2.132075e-01, 3.995412e+02
2.132409e-01, 3.994086e+02
2.132743e-01, 3.992760e+02
2.133076e-01, 3.991435e+02
2.133410e-01, 3.990111e+02
2.133744e-01, 3.988788e+02
2.134078e-01, 3.987466e+02
2.134412e-01, 3.986144e+02
2.134746e-01, 3.984822e+02
2.135081e-01, 3.983500e+02
2.135415e-01, 3.982179e+02
2.135749e-01, 3.980858e+02
2.136083e-01, 3.979538e+02
2.136417e-01, 3.978219e+02
2.136751e-01, 3.976901e+02
2.137085e-01, 3.975583e+02
2.137419e-01, 3.974266e+02
2.137753e-01, 3.972950e+02
2.138087e-01, 3.971634e+02
2.138421e-01, 3.970319e+02
2.138755e-01, 3.969006e+02
2.139089e-01, 3.967693e+02
2.139424e-01, 3.966380e+02
2.139758e-01, 3.965069e+02
2.140092e-01, 3.963758e+02
2.140426e-01, 3.962448e+02
2.140760e-01, 3.961139e+02
2.141094e-01, 3.959831e+02
2.141428e-01, 3.958523e+02
2.141762e-01, 3.957217e+02
2.142096e-01, 3.955911e+02
2.142430e-01, 3.954606e+02
2.142764e-01, 3.953301e+02
2.143098e-01, 3.951998e+02
2.143432e-01, 3.950695e+02
2.143765e-01, 3.949393e+02
2.144099e-01, 3.948092e+02
2.144434e-01, 3.946791e+02
2.144768e-01, 3.945488e+02
2.145102e-01, 3.944182e+02
2.145436e-01, 3.942874e+02
2.145771e-01, 3.941564e+02
2.146105e-01, 3.940254e+02
2.146440e-01, 3.938943e+02
2.146774e-01, 3.937632e+02
2.147108e-01, 3.936321e+02
2.147443e-01, 3.935011e+02
2.147777e-01, 3.933701e+02
2.148112e-01, 3.932391e+02
2.148446e-01, 3.931082e+02
2.148781e-01, 3.929774e+02
2.149115e-01, 3.928467e+02
2.149449e-01, 3.927160e+02
2.149784e-01, 3.925853e+02
2.150118e-01, 3.924548e+02
2.150453e-01, 3.923243e+02
2.150787e-01, 3.921939e+02
2.151121e-01, 3.920636e+02
2.151456e-01, 3.919333e+02
2.151790e-01, 3.918032e+02
2.152124e-01, 3.916731e+02
2.152459e-01, 3.915430e+02
2.152793e-01, 3.914131e+02
2.153127e-01, 3.912832e+02
2.153462e-01, 3.911534e+02
2.153796e-01, 3.910237e+02
2.154130e-01, 3.908941e+02
2.154465e-01, 3.907645e+02
2.154799e-01, 3.906350e+02
2.155133e-01, 3.905056e+02
2.155467e-01, 3.903762e+02
2.155802e-01, 3.902470e+02
2.156136e-01, 3.901178e+02
2.156470e-01, 3.899887e+02
2.156804e-01, 3.898596e+02
2.157139e-01, 3.897307e+02
2.157473e-01, 3.896018e+02
2.157807e-01, 3.894730e+02
2.158141e-01, 3.893443e+02
2.158476e-01, 3.892156e+02
2.158810e-01, 3.890870e+02
2.159144e-01, 3.889585e+02
2.159478e-01, 3.888301e+02
2.159812e-01, 3.887017e+02
2.160146e-01, 3.885735e+02
2.160481e-01, 3.884453e+02
2.160815e-01, 3.883171e+02
2.161149e-01, 3.881891e+02
2.161483e-01, 3.880611e+02
2.161817e-01, 3.879332e+02
2.162151e-01, 3.878054e+02
2.162486e-01, 3.876776e+02
2.162820e-01, 3.875500e+02
2.163154e-01, 3.874224e+02
2.163488e-01, 3.872948e+02
2.163822e-01, 3.871674e+02
2.164156e-01, 3.870400e+02
2.164490e-01, 3.869127e+02
2.164824e-01, 3.867855e+02
2.165158e-01, 3.866583e+02
2.165492e-01, 3.865312e+02
2.165826e-01, 3.864042e+02
2.166161e-01, 3.862773e+02
2.166495e-01, 3.861505e+02
2.166829e-01, 3.860237e+02
2.167163e-01, 3.858970e+02
2.167497e-01, 3.857704e+02
2.167831e-01, 3.856438e+02
2.168165e-01, 3.855173e+02
2.168499e-01, 3.853909e+02
2.168833e-01, 3.852646e+02
2.169167e-01, 3.851383e+02
2.169501e-01, 3.850121e+02
2.169835e-01, 3.848860e+02
2.170169e-01, 3.847600e+02
2.170503e-01, 3.846340e+02
2.170837e-01, 3.845081e+02
2.171171e-01, 3.843823e+02
2.171504e-01, 3.842566e+02
2.171838e-01, 3.841309e+02
2.172172e-01, 3.840053e+02
2.172506e-01, 3.838798e+02
2.172840e-01, 3.837543e+02
2.173174e-01, 3.836290e+02
2.173508e-01, 3.835037e+02
2.173842e-01, 3.833784e+02
2.174176e-01, 3.832533e+02
2.174510e-01, 3.831282e+02
2.174844e-01, 3.830032e+02
2.175177e-01, 3.828783e+02
2.175511e-01, 3.827534e+02
2.175845e-01, 3.826286e+02
2.176179e-01, 3.825039e+02
2.176513e-01, 3.823793e+02
2.176847e-01, 3.822547e+02
2.177180e-01, 3.821302e+02
2.177514e-01, 3.820058e+02
2.177848e-01, 3.818814e+02
2.178182e-01, 3.817571e+02
2.178516e-01, 3.816329e+02
2.178850e-01, 3.815088e+02
2.179183e-01, 3.813847e+02
2.179517e-01, 3.812607e+02
2.179851e-01, 3.811368e+02
2.180185e-01, 3.810130e+02
2.180518e-01, 3.808892e+02
2.180852e-01, 3.807655e+02
2.181186e-01, 3.806419e+02
2.181520e-01, 3.805183e+02
2.181853e-01, 3.803949e+02
2.182187e-01, 3.802714e+02
2.182521e-01, 3.801481e+02
2.182855e-01, 3.800248e+02
2.183188e-01, 3.799017e+02
2.183522e-01, 3.797785e+02
2.183856e-01, 3.796555e+02
2.184189e-01, 3.795325e+02
2.184523e-01, 3.794096e+02
2.184857e-01, 3.792868e+02
2.185190e-01, 3.791640e+02
2.185524e-01, 3.790413e+02
2.185858e-01, 3.789187e+02
2.186191e-01, 3.787961e+02
2.186525e-01, 3.786737e+02
2.186859e-01, 3.785513e+02
2.187192e-01, 3.784289e+02
2.187526e-01, 3.783067e+02
2.187859e-01, 3.781845e+02
2.188193e-01, 3.780623e+02
2.188527e-01, 3.779403e+02
2.188860e-01, 3.778183e+02
2.189194e-01, 3.776964e+02
2.189527e-01, 3.775746e+02
2.189861e-01, 3.774528e+02
2.190195e-01, 3.773311e+02
2.190528e-01, 3.772092e+02
2.190862e-01, 3.770871e+02
2.191196e-01, 3.769650e+02
2.191530e-01, 3.768427e+02
2.191864e-01, 3.767203e+02
2.192198e-01, 3.765979e+02
2.192532e-01, 3.764755e+02
2.192866e-01, 3.763531e+02
2.193200e-01, 3.762307e+02
2.193534e-01, 3.761083e+02
2.193868e-01, 3.759860e+02
2.194202e-01, 3.758638e+02
2.194536e-01, 3.757416e+02
2.194870e-01, 3.756195e+02
2.195204e-01, 3.754974e+02
2.195538e-01, 3.753754e+02
2.195872e-01, 3.752535e+02
2.196205e-01, 3.751316e+02
2.196539e-01, 3.750098e+02
2.196873e-01, 3.748880e+02
2.197207e-01, 3.747664e+02
2.197541e-01, 3.746448e+02
2.197875e-01, 3.745232e+02
2.198209e-01, 3.744018e+02
2.198543e-01, 3.742804e+02
2.198877e-01, 3.741590e+02
2.199211e-01, 3.740378e+02
2.199545e-01, 3.739166e+02
2.199878e-01, 3.737954e+02
2.200212e-01, 3.736744e+02
2.200546e-01, 3.735534e+02
2.200880e-01, 3.734325e+02
2.201214e-01, 3.733116e+02
2.201548e-01, 3.731908e+02
2.201882e-01, 3.730701e+02
2.202215e-01, 3.729495e+02
2.202549e-01, 3.728289e+02
2.202883e-01, 3.727084e+02
2.203217e-01, 3.725879e+02
2.203551e-01, 3.724675e+02
2.203885e-01, 3.723472e+02
2.204218e-01, 3.722270e+02
2.204552e-01, 3.721068e+02
2.204886e-01, 3.719867e+02
2.205220e-01, 3.718667e+02
2.205553e-01, 3.717467e+02
2.205887e-01, 3.716268e+02
2.206221e-01, 3.715069e+02
2.206555e-01, 3.713872e+02
2.206888e-01, 3.712675e+02
2.207222e-01, 3.711478e+02
2.207556e-01, 3.710283e+02
2.207890e-01, 3.709088e+02
2.208223e-01, 3.707893e+02
2.208557e-01, 3.706700e+02
2.208891e-01, 3.705507e+02
2.209225e-01, 3.704314e+02
2.209558e-01, 3.703122e+02
2.209892e-01, 3.701931e+02
2.210226e-01, 3.700741e+02
2.210559e-01, 3.699551e+02
2.210893e-01, 3.698362e+02
2.211227e-01, 3.697174e+02
2.211560e-01, 3.695986e+02
2.211894e-01, 3.694799e+02
2.212228e-01, 3.693613e+02
2.212561e-01, 3.692427e+02
2.212895e-01, 3.691242e+02
2.213229e-01, 3.690058e+02
2.213562e-01, 3.688874e+02
2.213896e-01, 3.687691e+02
2.214229e-01, 3.686509e+02
2.214563e-01, 3.685327e+02
2.214897e-01, 3.684146e+02
2.215230e-01, 3.682966e+02
2.215564e-01, 3.681786e+02
2.215897e-01, 3.680607e+02
2.216231e-01, 3.679429e+02
2.216564e-01, 3.678251e+02
2.216898e-01, 3.677074e+02
2.217232e-01, 3.675897e+02
2.217565e-01, 3.674722e+02
2.217899e-01, 3.673546e+02
2.218232e-01, 3.672372e+02
2.218566e-01, 3.671198e+02
2.218899e-01, 3.670025e+02
2.219233e-01, 3.668853e+02
2.219566e-01, 3.667681e+02
2.219900e-01, 3.666510e+02
2.220233e-01, 3.665339e+02
2.220567e-01, 3.664169e+02
2.220900e-01, 3.663000e+02
2.221234e-01, 3.661832e+02
2.221567e-01, 3.660664e+02
2.221901e-01, 3.659496e+02
2.222234e-01, 3.658330e+02
2.222568e-01, 3.657164e+02
2.222901e-01, 3.655999e+02
2.223235e-01, 3.654834e+02
2.223568e-01, 3.653670e+02
2.223901e-01, 3.652507e+02
2.224235e-01, 3.651344e+02
2.224568e-01, 3.650182e+02
2.224902e-01, 3.649021e+02
2.225235e-01, 3.647860e+02
2.225569e-01, 3.646700e+02
2.225902e-01, 3.645540e+02
2.226235e-01, 3.644382e+02
2.226569e-01, 3.643224e+02
2.226902e-01, 3.642066e+02
2.227236e-01, 3.640909e+02
2.227569e-01, 3.639753e+02
2.227902e-01, 3.638598e+02
2.228236e-01, 3.637443e+02
2.228569e-01, 3.636288e+02
2.228902e-01, 3.635135e+02
2.229236e-01, 3.633982e+02
2.229569e-01, 3.632830e+02
2.229902e-01, 3.631678e+02
2.230236e-01, 3.630527e+02
2.230569e-01, 3.629377e+02
2.230902e-01, 3.628227e+02
2.231236e-01, 3.627078e+02
2.231569e-01, 3.625929e+02
2.231902e-01, 3.624781e+02
2.232235e-01, 3.623634e+02
2.232569e-01, 3.622487e+02
2.232902e-01, 3.621341e+02
2.233235e-01, 3.620196e+02
2.233569e-01, 3.619051e+02
2.233902e-01, 3.617907e+02
2.234235e-01, 3.616763e+02
2.234568e-01, 3.615620e+02
2.234902e-01, 3.614478e+02
2.235235e-01, 3.613337e+02
2.235568e-01, 3.612196e+02
2.235901e-01, 3.611055e+02
2.236235e-01, 3.609916e+02
2.236568e-01, 3.608777e+02
2.236901e-01, 3.607638e+02
2.237234e-01, 3.606500e+02
2.237568e-01, 3.605363e+02
2.237901e-01, 3.604227e+02
2.238234e-01, 3.603091e+02
2.238567e-01, 3.601956e+02
2.238900e-01, 3.600821e+02
2.239234e-01, 3.599687e+02
2.239567e-01, 3.598554e+02
2.239900e-01, 3.597421e+02
2.240233e-01, 3.596289e+02
2.240566e-01, 3.595158e+02
2.240899e-01, 3.594027e+02
2.241233e-01, 3.592897e+02
2.241566e-01, 3.591767e+02
2.241899e-01, 3.590638e+02
2.242232e-01, 3.589510e+02
2.242565e-01, 3.588382e+02
2.242898e-01, 3.587255e+02
2.243231e-01, 3.586129e+02
2.243564e-01, 3.585003e+02
2.243897e-01, 3.583878e+02
2.244231e-01, 3.582753e+02
2.244564e-01, 3.581629e+02
2.244897e-01, 3.580506e+02
2.245230e-01, 3.579384e+02
2.245563e-01, 3.578261e+02
2.245896e-01, 3.577140e+02
2.246229e-01, 3.576019e+02
2.246562e-01, 3.574899e+02
2.246895e-01, 3.573780e+02
2.247228e-01, 3.572661e+02
2.247561e-01, 3.571542e+02
2.247894e-01, 3.570425e+02
2.248227e-01, 3.569308e+02
2.248560e-01, 3.568191e+02
2.248893e-01, 3.567076e+02
2.249226e-01, 3.565960e+02
2.249559e-01, 3.564846e+02
2.249892e-01, 3.563732e+02
2.250225e-01, 3.562619e+02
2.250558e-01, 3.561506e+02
2.250891e-01, 3.560394e+02
2.251224e-01, 3.559282e+02
2.251557e-01, 3.558172e+02
2.251890e-01, 3.557061e+02
2.252223e-01, 3.555952e+02
2.252556e-01, 3.554843e+02
2.252889e-01, 3.553734e+02
2.253222e-01, 3.552627e+02
2.253555e-01, 3.551519e+02
2.253888e-01, 3.550413e+02
2.254221e-01, 3.549307e+02
2.254553e-01, 3.548202e+02
2.254886e-01, 3.547097e+02
2.255219e-01, 3.545993e+02
2.255552e-01, 3.544890e+02
2.255885e-01, 3.543787e+02
2.256218e-01, 3.542685e+02
2.256551e-01, 3.541583e+02
2.256884e-01, 3.540482e+02
2.257217e-01, 3.539381e+02
2.257549e-01, 3.538282e+02
2.257882e-01, 3.537183e+02
2.258215e-01, 3.536084e+02
2.258548e-01, 3.534986e+02
2.258881e-01, 3.533889e+02
2.259214e-01, 3.532792e+02
2.259546e-01, 3.531696e+02
2.259879e-01, 3.530600e+02
2.260212e-01, 3.529505e+02
2.260545e-01, 3.528411e+02
2.260878e-01, 3.527317e+02
2.261210e-01, 3.526224e+02
2.261543e-01, 3.525132e+02
2.261876e-01, 3.524040e+02
2.262209e-01, 3.522949e+02
2.262542e-01, 3.521858e+02
2.262874e-01, 3.520768e+02
2.263207e-01, 3.519678e+02
2.263540e-01, 3.518590e+02
2.263873e-01, 3.517501e+02
2.264205e-01, 3.516414e+02
2.264538e-01, 3.515327e+02
2.264871e-01, 3.514240e+02
2.265204e-01, 3.513154e+02
2.265536e-01, 3.512069e+02
2.265869e-01, 3.510984e+02
2.266202e-01, 3.509900e+02
2.266534e-01, 3.508817e+02
2.266867e-01, 3.507734e+02
2.267200e-01, 3.506652e+02
2.267532e-01, 3.505570e+02
2.267865e-01, 3.504489e+02
2.268198e-01, 3.503409e+02
2.268530e-01, 3.502329e+02
2.268863e-01, 3.501250e+02
2.269196e-01, 3.500171e+02
2.269528e-01, 3.499093e+02
2.269861e-01, 3.498016e+02
2.270194e-01, 3.496939e+02
2.270526e-01, 3.495863e+02
2.270859e-01, 3.494787e+02
2.271192e-01, 3.493712e+02
2.271524e-01, 3.492638e+02
2.271857e-01, 3.491564e+02
2.272189e-01, 3.490491e+02
2.272522e-01, 3.489419e+02
2.272855e-01, 3.488347e+02
2.273187e-01, 3.487275e+02
2.273520e-01, 3.486204e+02
2.273852e-01, 3.485134e+02
2.274185e-01, 3.484065e+02
2.274517e-01, 3.482996e+02
2.274850e-01, 3.481927e+02
2.275182e-01, 3.480859e+02
2.275515e-01, 3.479792e+02
2.275848e-01, 3.478726e+02
2.276180e-01, 3.477660e+02
2.276513e-01, 3.476594e+02
2.276845e-01, 3.475529e+02
2.277178e-01, 3.474465e+02
2.277510e-01, 3.473401e+02
2.277843e-01, 3.472338e+02
2.278175e-01, 3.471276e+02
2.278508e-01, 3.470214e+02
2.278840e-01, 3.469152e+02
2.279173e-01, 3.468092e+02
2.279505e-01, 3.467031e+02
2.279837e-01, 3.465972e+02
2.280170e-01, 3.464913e+02
2.280502e-01, 3.463854e+02
2.280835e-01, 3.462796e+02
2.281167e-01, 3.461739e+02
2.281500e-01, 3.460683e+02
2.281832e-01, 3.459626e+02
2.282165e-01, 3.458571e+02
2.282497e-01, 3.457516e+02
2.282829e-01, 3.456462e+02
2.283162e-01, 3.455408e+02
2.283494e-01, 3.454355e+02
2.283827e-01, 3.453302e+02
2.284159e-01, 3.452250e+02
2.284491e-01, 3.451199e+02
2.284824e-01, 3.450148e+02
2.285156e-01, 3.449098e+02
2.285489e-01, 3.448048e+02
2.285821e-01, 3.446999e+02
2.286153e-01, 3.445950e+02
2.286486e-01, 3.444902e+02
2.286818e-01, 3.443855e+02
2.287150e-01, 3.442808e+02
2.287483e-01, 3.441762e+02
2.287815e-01, 3.440716e+02
2.288147e-01, 3.439671e+02
2.288480e-01, 3.438627e+02
2.288812e-01, 3.437583e+02
2.289144e-01, 3.436539e+02
2.289477e-01, 3.435496e+02
2.289809e-01, 3.434454e+02
2.290141e-01, 3.433413e+02
2.290473e-01, 3.432372e+02
2.290806e-01, 3.431331e+02
2.291138e-01, 3.430291e+02
2.291470e-01, 3.429252e+02
2.291802e-01, 3.428213e+02
2.292135e-01, 3.427175e+02
2.292467e-01, 3.426137e+02
2.292799e-01, 3.425100e+02
2.293131e-01, 3.424064e+02
2.293464e-01, 3.423028e+02
2.293796e-01, 3.421992e+02
2.294128e-01, 3.420958e+02
2.294460e-01, 3.419923e+02
2.294793e-01, 3.418890e+02
2.295125e-01, 3.417857e+02
2.295457e-01, 3.416824e+02
2.295789e-01, 3.415792e+02
2.296121e-01, 3.414761e+02
2.296454e-01, 3.413730e+02
2.296786e-01, 3.412700e+02
2.297118e-01, 3.411670e+02
2.297450e-01, 3.410641e+02
2.297782e-01, 3.409612e+02
2.298114e-01, 3.408584e+02
2.298447e-01, 3.407557e+02
2.298779e-01, 3.406530e+02
2.299111e-01, 3.405504e+02
2.299443e-01, 3.404478e+02
2.299775e-01, 3.403453e+02
2.300107e-01, 3.402428e+02
2.300439e-01, 3.401404e+02
2.300771e-01, 3.400381e+02
2.301104e-01, 3.399358e+02
2.301436e-01, 3.398335e+02
2.301768e-01, 3.397314e+02
2.302100e-01, 3.396292e+02
2.302432e-01, 3.395272e+02
2.302764e-01, 3.394252e+02
2.303096e-01, 3.393232e+02
2.303428e-01, 3.392213e+02
2.303760e-01, 3.391195e+02
2.304092e-01, 3.390177e+02
2.304424e-01, 3.389159e+02
2.304756e-01, 3.388143e+02
2.305088e-01, 3.387126e+02
2.305420e-01, 3.386111e+02
2.305752e-01, 3.385096e+02
2.306084e-01, 3.384081e+02
2.306416e-01, 3.383067e+02
2.306749e-01, 3.382053e+02
2.307081e-01, 3.381040e+02
2.307413e-01, 3.380026e+02
2.307745e-01, 3.379012e+02
2.308077e-01, 3.377993e+02
2.308410e-01, 3.376970e+02
2.308742e-01, 3.375944e+02
2.309075e-01, 3.374915e+02
2.309407e-01, 3.373884e+02
2.309739e-01, 3.372851e+02
2.310072e-01, 3.371817e+02
2.310404e-01, 3.370783e+02
2.310737e-01, 3.369748e+02
2.311069e-01, 3.368712e+02
2.311402e-01, 3.367677e+02
2.311734e-01, 3.366641e+02
2.312067e-01, 3.365605e+02
2.312399e-01, 3.364570e+02
2.312732e-01, 3.363534e+02
2.313064e-01, 3.362499e+02
2.313397e-01, 3.361464e+02
2.313729e-01, 3.360430e+02
2.314062e-01, 3.359395e+02
2.314394e-01, 3.358361e+02
2.314727e-01, 3.357328e+02
2.315059e-01, 3.356295e+02
2.315392e-01, 3.355262e+02
2.315724e-01, 3.354230e+02
2.316057e-01, 3.353198e+02
2.316389e-01, 3.352166e+02
2.316722e-01, 3.351130e+02
2.317055e-01, 3.350090e+02
2.317387e-01, 3.349046e+02
2.317720e-01, 3.347999e+02
2.318053e-01, 3.346949e+02
2.318386e-01, 3.345898e+02
2.318719e-01, 3.344845e+02
2.319052e-01, 3.343790e+02
2.319385e-01, 3.342735e+02
2.319718e-01, 3.341679e+02
2.320051e-01, 3.340623e+02
2.320384e-01, 3.339566e+02
2.320716e-01, 3.338509e+02
2.321049e-01, 3.337453e+02
2.321382e-01, 3.336396e+02
2.321715e-01, 3.335340e+02
2.322048e-01, 3.334284e+02
2.322381e-01, 3.333228e+02
2.322714e-01, 3.332173e+02
2.323047e-01, 3.331118e+02
2.323380e-01, 3.330064e+02
2.323713e-01, 3.329010e+02
2.324046e-01, 3.327956e+02
2.324379e-01, 3.326903e+02
2.324712e-01, 3.325851e+02
2.325045e-01, 3.324799e+02
2.325377e-01, 3.323748e+02
2.325710e-01, 3.322697e+02
2.326043e-01, 3.321646e+02
2.326376e-01, 3.320597e+02
2.326709e-01, 3.319547e+02
2.327042e-01, 3.318499e+02
2.327375e-01, 3.317451e+02
2.327708e-01, 3.316403e+02
2.328040e-01, 3.315356e+02
2.328373e-01, 3.314310e+02
2.328706e-01, 3.313264e+02
2.329039e-01, 3.312219e+02
2.329372e-01, 3.311174e+02
2.329704e-01, 3.310130e+02
2.330037e-01, 3.309086e+02
2.330370e-01, 3.308043e+02
2.330703e-01, 3.307001e+02
2.331036e-01, 3.305959e+02
2.331368e-01, 3.304917e+02
2.331701e-01, 3.303876e+02
2.332034e-01, 3.302836e+02
2.332367e-01, 3.301797e+02
2.332699e-01, 3.300757e+02
2.333032e-01, 3.299719e+02
2.333365e-01, 3.298681e+02
2.333698e-01, 3.297643e+02
2.334030e-01, 3.296607e+02
2.334363e-01, 3.295570e+02
2.334696e-01, 3.294535e+02
2.335028e-01, 3.293499e+02
2.335361e-01, 3.292465e+02
2.335694e-01, 3.291431e+02
2.336026e-01, 3.290397e+02
2.336359e-01, 3.289364e+02
2.336692e-01, 3.288332e+02
2.337024e-01, 3.287300e+02
2.337357e-01, 3.286269e+02
2.337690e-01, 3.285238e+02
2.338022e-01, 3.284208e+02
2.338355e-01, 3.283178e+02
2.338688e-01, 3.282149e+02
2.339020e-01, 3.281120e+02
2.339353e-01, 3.280092e+02
2.339685e-01, 3.279065e+02
2.340018e-01, 3.278038e+02
2.340351e-01, 3.277012e+02
2.340683e-01, 3.275986e+02
2.341016e-01, 3.274961e+02
2.341348e-01, 3.273936e+02
2.341681e-01, 3.272912e+02
2.342013e-01, 3.271888e+02
2.342346e-01, 3.270865e+02
2.342679e-01, 3.269843e+02
2.343011e-01, 3.268821e+02
2.343344e-01, 3.267800e+02
2.343676e-01, 3.266779e+02
2.344009e-01, 3.265758e+02
2.344341e-01, 3.264739e+02
2.344674e-01, 3.263720e+02
2.345006e-01, 3.262701e+02
2.345339e-01, 3.261683e+02
2.345671e-01, 3.260665e+02
2.346004e-01, 3.259648e+02
2.346336e-01, 3.258632e+02
2.346669e-01, 3.257616e+02
2.347001e-01, 3.256601e+02
2.347333e-01, 3.255586e+02
2.347666e-01, 3.254571e+02
2.347998e-01, 3.253558e+02
2.348331e-01, 3.252544e+02
2.348663e-01, 3.251532e+02
2.348996e-01, 3.250520e+02
2.349328e-01, 3.249508e+02
2.349660e-01, 3.248497e+02
2.349993e-01, 3.247487e+02
2.350325e-01, 3.246477e+02
2.350658e-01, 3.245467e+02
2.350990e-01, 3.244458e+02
2.351322e-01, 3.243450e+02
2.351655e-01, 3.242442e+02
2.351987e-01, 3.241435e+02
2.352320e-01, 3.240428e+02
2.352652e-01, 3.239422e+02
2.352984e-01, 3.238416e+02
2.353317e-01, 3.237411e+02
2.353649e-01, 3.236407e+02
2.353981e-01, 3.235403e+02
2.354314e-01, 3.234399e+02
2.354646e-01, 3.233397e+02
2.354978e-01, 3.232394e+02
2.355310e-01, 3.231392e+02
2.355643e-01, 3.230391e+02
2.355975e-01, 3.229391e+02
2.356307e-01, 3.228390e+02
2.356640e-01, 3.227391e+02
2.356972e-01, 3.226392e+02
2.357304e-01, 3.225393e+02
2.357636e-01, 3.224395e+02
2.357969e-01, 3.223397e+02
2.358301e-01, 3.222401e+02
2.358633e-01, 3.221404e+02
2.358965e-01, 3.220408e+02
2.359298e-01, 3.219413e+02
2.359630e-01, 3.218418e+02
2.359962e-01, 3.217424e+02
2.360294e-01, 3.216430e+02
2.360626e-01, 3.215437e+02
2.360959e-01, 3.214444e+02
2.361291e-01, 3.213452e+02
2.361623e-01, 3.212460e+02
2.361955e-01, 3.211469e+02
2.362287e-01, 3.210478e+02
2.362619e-01, 3.209488e+02
2.362952e-01, 3.208499e+02
2.363284e-01, 3.207510e+02
2.363616e-01, 3.206521e+02
2.363948e-01, 3.205533e+02
2.364280e-01, 3.204546e+02
2.364612e-01, 3.203559e+02
2.364944e-01, 3.202572e+02
2.365277e-01, 3.201586e+02
2.365609e-01, 3.200601e+02
2.365941e-01, 3.199616e+02
2.366273e-01, 3.198632e+02
2.366605e-01, 3.197648e+02
2.366937e-01, 3.196665e+02
2.367269e-01, 3.195682e+02
2.367601e-01, 3.194700e+02
2.367933e-01, 3.193718e+02
2.368265e-01, 3.192737e+02
2.368597e-01, 3.191756e+02
2.368929e-01, 3.190776e+02
2.369261e-01, 3.189797e+02
2.369593e-01, 3.188818e+02
2.369925e-01, 3.187839e+02
2.370257e-01, 3.186861e+02
2.370589e-01, 3.185883e+02
2.370922e-01, 3.184906e+02
2.371254e-01, 3.183930e+02
2.371586e-01, 3.182954e+02
2.371917e-01, 3.181978e+02
2.372249e-01, 3.181003e+02
2.372581e-01, 3.180029e+02
2.372913e-01, 3.179055e+02
2.373245e-01, 3.178082e+02
2.373577e-01, 3.177109e+02
2.373909e-01, 3.176136e+02
2.374241e-01, 3.175165e+02
2.374573e-01, 3.174193e+02
2.374905e-01, 3.173222e+02
2.375237e-01, 3.172252e+02
2.375569e-01, 3.171282e+02
2.375901e-01, 3.170313e+02
2.376233e-01, 3.169344e+02
2.376565e-01, 3.168376e+02
2.376897e-01, 3.167408e+02
2.377229e-01, 3.166441e+02
2.377560e-01, 3.165474e+02
2.377892e-01, 3.164508e+02
2.378224e-01, 3.163542e+02
2.378556e-01, 3.162577e+02
2.378888e-01, 3.161612e+02
2.379220e-01, 3.160648e+02
2.379552e-01, 3.159685e+02
2.379884e-01, 3.158721e+02
2.380215e-01, 3.157759e+02
2.380547e-01, 3.156797e+02
2.380879e-01, 3.155835e+02
2.381211e-01, 3.154874e+02
2.381543e-01, 3.153913e+02
2.381874e-01, 3.152953e+02
2.382206e-01, 3.151994e+02
2.382538e-01, 3.151035e+02
2.382870e-01, 3.150076e+02
2.383202e-01, 3.149118e+02
2.383533e-01, 3.148160e+02
2.383865e-01, 3.147203e+02
2.384197e-01, 3.146247e+02
2.384529e-01, 3.145291e+02
2.384861e-01, 3.144335e+02
2.385192e-01, 3.143380e+02
2.385524e-01, 3.142425e+02
2.385856e-01, 3.141471e+02
2.386188e-01, 3.140518e+02
2.386519e-01, 3.139565e+02
2.386851e-01, 3.138612e+02
2.387183e-01, 3.137660e+02
2.387514e-01, 3.136709e+02
2.387846e-01, 3.135758e+02
2.388178e-01, 3.134807e+02
2.388509e-01, 3.133858e+02
2.388841e-01, 3.132908e+02
2.389173e-01, 3.131960e+02
2.389504e-01, 3.131011e+02
2.389836e-01, 3.130064e+02
2.390168e-01, 3.129116e+02
2.390499e-01, 3.128170e+02
2.390831e-01, 3.127223e+02
2.391163e-01, 3.126278e+02
2.391494e-01, 3.125333e+02
2.391826e-01, 3.124388e+02
2.392157e-01, 3.123444e+02
2.392489e-01, 3.122500e+02
2.392821e-01, 3.121556e+02
2.393152e-01, 3.120614e+02
2.393484e-01, 3.119671e+02
2.393815e-01, 3.118730e+02
2.394147e-01, 3.117788e+02
2.394479e-01, 3.116848e+02
2.394810e-01, 3.115908e+02
2.395142e-01, 3.114968e+02
2.395473e-01, 3.114029e+02
2.395805e-01, 3.113090e+02
2.396136e-01, 3.112152e+02
2.396468e-01, 3.111214e+02
2.396799e-01, 3.110276e+02
2.397131e-01, 3.109340e+02
2.397462e-01, 3.108403e+02
2.397794e-01, 3.107468e+02
2.398125e-01, 3.106532e+02
2.398457e-01, 3.105597e+02
2.398788e-01, 3.104663e+02
2.399120e-01, 3.103729e+02
2.399451e-01, 3.102796e+02
2.399783e-01, 3.101863e+02
2.400114e-01, 3.100931e+02
2.400446e-01, 3.099999e+02
2.400777e-01, 3.099067e+02
2.401109e-01, 3.098136e+02
2.401440e-01, 3.097206e+02
2.401771e-01, 3.096276e+02
2.402103e-01, 3.095347e+02
2.402434e-01, 3.094418e+02
2.402766e-01, 3.093489e+02
2.403097e-01, 3.092561e+02
2.403429e-01, 3.091634e+02
2.403760e-01, 3.090707e+02
2.404091e-01, 3.089780e+02
2.404423e-01, 3.088854e+02
2.404754e-01, 3.087929e+02
2.405085e-01, 3.087003e+02
2.405417e-01, 3.086079e+02
2.405748e-01, 3.085155e+02
2.406080e-01, 3.084231e+02
2.406411e-01, 3.083308e+02
2.406742e-01, 3.082385e+02
2.407074e-01, 3.081463e+02
2.407405e-01, 3.080542e+02
2.407736e-01, 3.079620e+02
2.408068e-01, 3.078700e+02
2.408399e-01, 3.077779e+02
2.408730e-01, 3.076860e+02
2.409062e-01, 3.075940e+02
2.409393e-01, 3.075022e+02
2.409724e-01, 3.074103e+02
2.410056e-01, 3.073186e+02
2.410387e-01, 3.072268e+02
2.410718e-01, 3.071351e+02
2.411049e-01, 3.070435e+02
2.411381e-01, 3.069519e+02
2.411712e-01, 3.068604e+02
2.412043e-01, 3.067689e+02
2.412374e-01, 3.066774e+02
2.412706e-01, 3.065860e+02
2.413037e-01, 3.064947e+02
2.413368e-01, 3.064034e+02
2.413699e-01, 3.063121e+02
2.414031e-01, 3.062209e+02
2.414362e-01, 3.061298e+02
2.414693e-01, 3.060386e+02
2.415024e-01, 3.059476e+02
2.415355e-01, 3.058566e+02
2.415687e-01, 3.057656e+02
2.416018e-01, 3.056747e+02
2.416349e-01, 3.055838e+02
2.416680e-01, 3.054930e+02
2.417011e-01, 3.054022e+02
2.417343e-01, 3.053115e+02
2.417674e-01, 3.052208e+02
2.418005e-01, 3.051301e+02
2.418336e-01, 3.050395e+02
2.418667e-01, 3.049490e+02
2.418998e-01, 3.048585e+02
2.419330e-01, 3.047681e+02
2.419661e-01, 3.046777e+02
2.419992e-01, 3.045873e+02
2.420323e-01, 3.044970e+02
2.420654e-01, 3.044067e+02
2.420985e-01, 3.043165e+02
2.421316e-01, 3.042264e+02
2.421647e-01, 3.041362e+02
2.421978e-01, 3.040462e+02
2.422310e-01, 3.039561e+02
2.422641e-01, 3.038662e+02
2.422972e-01, 3.037762e+02
2.423303e-01, 3.036863e+02
2.423634e-01, 3.035965e+02
2.423965e-01, 3.035067e+02
2.424296e-01, 3.034170e+02
2.424627e-01, 3.033273e+02
2.424958e-01, 3.032376e+02
2.425289e-01, 3.031480e+02
2.425620e-01, 3.030583e+02
2.425951e-01, 3.029687e+02
2.426282e-01, 3.028792e+02
2.426613e-01, 3.027897e+02
2.426944e-01, 3.027002e+02
2.427275e-01, 3.026108e+02
2.427607e-01, 3.025214e+02
2.427938e-01, 3.024320e+02
2.428269e-01, 3.023428e+02
2.428600e-01, 3.022535e+02
2.428931e-01, 3.021643e+02
2.429262e-01, 3.020752e+02
2.429593e-01, 3.019861e+02
2.429924e-01, 3.018970e+02
2.430255e-01, 3.018080e+02
2.430586e-01, 3.017190e+02
2.430917e-01, 3.016301e+02
2.431248e-01, 3.015412e+02
2.431579e-01, 3.014524e+02
2.431910e-01, 3.013636e+02
2.432241e-01, 3.012749e+02
2.432572e-01, 3.011862e+02
2.432903e-01, 3.010976e+02
2.433234e-01, 3.010090e+02
2.433565e-01, 3.009204e+02
2.433896e-01, 3.008319e+02
2.434227e-01, 3.007435e+02
2.434558e-01, 3.006551e+02
2.434889e-01, 3.005667e+02
2.435220e-01, 3.004784e+02
2.435550e-01, 3.003901e+02
2.435881e-01, 3.003019e+02
2.436212e-01, 3.002137e+02
2.436543e-01, 3.001256e+02
2.436874e-01, 3.000375e+02
2.437205e-01, 2.999495e+02
2.437536e-01, 2.998615e+02
2.437867e-01, 2.997735e+02
2.438198e-01, 2.996856e+02
2.438529e-01, 2.995977e+02
2.438860e-01, 2.995099e+02
2.439190e-01, 2.994222e+02
2.439521e-01, 2.993344e+02
2.439852e-01, 2.992468e+02
2.440183e-01, 2.991591e+02
2.440514e-01, 2.990716e+02
2.440845e-01, 2.989840e+02
2.441176e-01, 2.988965e+02
2.441506e-01, 2.988091e+02
2.441837e-01, 2.987217e+02
2.442168e-01, 2.986343e+02
2.442499e-01, 2.985470e+02
2.442830e-01, 2.984597e+02
2.443161e-01, 2.983725e+02
2.443491e-01, 2.982853e+02
2.443822e-01, 2.981982e+02
2.444153e-01, 2.981111e+02
2.444484e-01, 2.980241e+02
2.444815e-01, 2.979371e+02
2.445145e-01, 2.978501e+02
2.445476e-01, 2.977632e+02
2.445807e-01, 2.976764e+02
2.446138e-01, 2.975896e+02
2.446468e-01, 2.975028e+02
2.446799e-01, 2.974161e+02
2.447130e-01, 2.973294e+02
2.447461e-01, 2.972428e+02
2.447791e-01, 2.971562e+02
2.448122e-01, 2.970696e+02
2.448453e-01, 2.969831e+02
2.448784e-01, 2.968967e+02
2.449114e-01, 2.968103e+02
2.449445e-01, 2.967239e+02
2.449776e-01, 2.966376e+02
2.450107e-01, 2.965513e+02
2.450437e-01, 2.964651e+02
2.450768e-01, 2.963789e+02
2.451099e-01, 2.962927e+02
2.451429e-01, 2.962066e+02
2.451760e-01, 2.961206e+02
2.452091e-01, 2.960346e+02
2.452421e-01, 2.959486e+02
2.452752e-01, 2.958627e+02
2.453083e-01, 2.957768e+02
2.453413e-01, 2.956910e+02
2.453744e-01, 2.956052e+02
2.454075e-01, 2.955194e+02
2.454405e-01, 2.954337e+02
2.454736e-01, 2.953481e+02
2.455066e-01, 2.952625e+02
2.455397e-01, 2.951769e+02
2.455728e-01, 2.950914e+02
2.456058e-01, 2.950059e+02
2.456389e-01, 2.949205e+02
2.456719e-01, 2.948351e+02
2.457050e-01, 2.947497e+02
2.457381e-01, 2.946644e+02
2.457711e-01, 2.945792e+02
2.458042e-01, 2.944939e+02
2.458372e-01, 2.944088e+02
2.458703e-01, 2.943236e+02
2.459034e-01, 2.942386e+02
2.459364e-01, 2.941535e+02
2.459695e-01, 2.940685e+02
2.460025e-01, 2.939836e+02
2.460356e-01, 2.938987e+02
2.460686e-01, 2.938138e+02
2.461017e-01, 2.937290e+02
2.461347e-01, 2.936442e+02
2.461678e-01, 2.935595e+02
2.462008e-01, 2.934748e+02
2.462339e-01, 2.933901e+02
2.462669e-01, 2.933055e+02
2.463000e-01, 2.932210e+02
2.463330e-01, 2.931365e+02
2.463661e-01, 2.930520e+02
2.463991e-01, 2.929675e+02
2.464322e-01, 2.928832e+02
2.464652e-01, 2.927988e+02
2.464983e-01, 2.927145e+02
2.465313e-01, 2.926303e+02
2.465644e-01, 2.925460e+02
2.465974e-01, 2.924619e+02
2.466305e-01, 2.923778e+02
2.466635e-01, 2.922937e+02
2.466966e-01, 2.922096e+02
2.467296e-01, 2.921256e+02
2.467626e-01, 2.920417e+02
2.467957e-01, 2.919578e+02
2.468287e-01, 2.918739e+02
2.468618e-01, 2.917901e+02
2.468948e-01, 2.917063e+02
2.469278e-01, 2.916226e+02
2.469609e-01, 2.915389e+02
2.469939e-01, 2.914552e+02
2.470270e-01, 2.913716e+02
2.470600e-01, 2.912880e+02
2.470930e-01, 2.912045e+02
2.471261e-01, 2.911210e+02
2.471591e-01, 2.910376e+02
2.471922e-01, 2.909542e+02
2.472252e-01, 2.908708e+02
2.472582e-01, 2.907875e+02
2.472913e-01, 2.907043e+02
2.473243e-01, 2.906210e+02
2.473573e-01, 2.905378e+02
2.473904e-01, 2.904547e+02
2.474234e-01, 2.903716e+02
2.474564e-01, 2.902885e+02
2.474895e-01, 2.902055e+02
2.475225e-01, 2.901226e+02
2.475555e-01, 2.900396e+02
2.475885e-01, 2.899568e+02
2.476216e-01, 2.898739e+02
2.476546e-01, 2.897911e+02
2.476876e-01, 2.897083e+02
2.477207e-01, 2.896256e+02
2.477537e-01, 2.895430e+02
2.477867e-01, 2.894603e+02
2.478197e-01, 2.893777e+02
2.478528e-01, 2.892952e+02
2.478858e-01, 2.892127e+02
2.479188e-01, 2.891302e+02
2.479519e-01, 2.890478e+02
2.479849e-01, 2.889654e+02
2.480179e-01, 2.888831e+02
2.480509e-01, 2.888008e+02
2.480839e-01, 2.887185e+02
2.481170e-01, 2.886363e+02
2.481500e-01, 2.885542e+02
2.481830e-01, 2.884720e+02
2.482160e-01, 2.883899e+02
2.482491e-01, 2.883079e+02
2.482821e-01, 2.882259e+02
2.483151e-01, 2.881439e+02
2.483481e-01, 2.880620e+02
2.483811e-01, 2.879802e+02
2.484141e-01, 2.878983e+02
2.484472e-01, 2.878165e+02
2.484802e-01, 2.877348e+02
2.485132e-01, 2.876531e+02
2.485462e-01, 2.875714e+02
2.485792e-01, 2.874898e+02
2.486122e-01, 2.874082e+02
2.486453e-01, 2.873266e+02
2.486783e-01, 2.872451e+02
2.487113e-01, 2.871637e+02
2.487443e-01, 2.870823e+02
2.487773e-01, 2.870009e+02
2.488103e-01, 2.869196e+02
2.488433e-01, 2.868383e+02
2.488763e-01, 2.867570e+02
2.489094e-01, 2.866758e+02
2.489424e-01, 2.865946e+02
2.489754e-01, 2.865135e+02
2.490084e-01, 2.864324e+02
2.490414e-01, 2.863514e+02
2.490744e-01, 2.862704e+02
2.491074e-01, 2.861894e+02
2.491404e-01, 2.861085e+02
2.491734e-01, 2.860276e+02
2.492064e-01, 2.859468e+02
2.492394e-01, 2.858660e+02
2.492724e-01, 2.857852e+02
2.493054e-01, 2.857045e+02
2.493385e-01, 2.856238e+02
2.493715e-01, 2.855432e+02
2.494045e-01, 2.854626e+02
2.494375e-01, 2.853820e+02
2.494705e-01, 2.853015e+02
2.495035e-01, 2.852210e+02
2.495365e-01, 2.851406e+02
2.495695e-01, 2.850602e+02
2.496025e-01, 2.849799e+02
2.496355e-01, 2.848996e+02
2.496685e-01, 2.848193e+02
2.497015e-01, 2.847391e+02
2.497345e-01, 2.846589e+02
2.497675e-01, 2.845787e+02
2.498005e-01, 2.844986e+02
2.498335e-01, 2.844186e+02
2.498665e-01, 2.843385e+02
2.498994e-01, 2.842586e+02
2.499324e-01, 2.841786e+02
2.499654e-01, 2.840987e+02
2.499984e-01, 2.840188e+02
2.500314e-01, 2.839390e+02
2.500644e-01, 2.838592e+02
2.500974e-01, 2.837795e+02
2.501304e-01, 2.836998e+02
2.501634e-01, 2.836201e+02
2.501964e-01, 2.835405e+02
2.502294e-01, 2.834609e+02
2.502624e-01, 2.833814e+02
2.502954e-01, 2.833019e+02
2.503284e-01, 2.832224e+02
2.503613e-01, 2.831430e+02
2.503943e-01, 2.830636e+02
2.504273e-01, 2.829843e+02
2.504603e-01, 2.829050e+02
2.504933e-01, 2.828258e+02
2.505263e-01, 2.827465e+02
2.505593e-01, 2.826674e+02
2.505923e-01, 2.825882e+02
2.506252e-01, 2.825091e+02
2.506582e-01, 2.824301e+02
2.506912e-01, 2.823510e+02
2.507242e-01, 2.822721e+02
2.507572e-01, 2.821931e+02
2.507902e-01, 2.821142e+02
2.508231e-01, 2.820354e+02
2.508561e-01, 2.819566e+02
2.508891e-01, 2.818778e+02
2.509221e-01, 2.817990e+02
2.509551e-01, 2.817203e+02
2.509881e-01, 2.816417e+02
2.510210e-01, 2.815631e+02
2.510540e-01, 2.814845e+02
2.510870e-01, 2.814059e+02
2.511200e-01, 2.813274e+02
2.511529e-01, 2.812490e+02
2.511859e-01, 2.811706e+02
2.512189e-01, 2.810922e+02
2.512519e-01, 2.810138e+02
2.512849e-01, 2.809355e+02
2.513178e-01, 2.808573e+02
2.513508e-01, 2.807790e+02
2.513838e-01, 2.807008e+02
2.514168e-01, 2.806227e+02
2.514497e-01, 2.805446e+02
2.514827e-01, 2.804665e+02
2.515157e-01, 2.803885e+02
2.515486e-01, 2.803105e+02
2.515816e-01, 2.802326e+02
2.516146e-01, 2.801547e+02
2.516476e-01, 2.800768e+02
2.516805e-01, 2.799989e+02
2.517135e-01, 2.799212e+02
2.517465e-01, 2.798434e+02
2.517794e-01, 2.797657e+02
2.518124e-01, 2.796880e+02
2.518454e-01, 2.796104e+02
2.518783e-01, 2.795328e+02
2.519113e-01, 2.794552e+02
2.519443e-01, 2.793777e+02
2.519772e-01, 2.793002e+02
2.520102e-01, 2.792228e+02
2.520432e-01, 2.791454e+02
2.520761e-01, 2.790680e+02
2.521091e-01, 2.789907e+02
2.521421e-01, 2.789134e+02
2.521750e-01, 2.788362e+02
2.522080e-01, 2.787589e+02
2.522410e-01, 2.786818e+02
2.522739e-01, 2.786046e+02
2.523069e-01, 2.785276e+02
2.523398e-01, 2.784505e+02
2.523728e-01, 2.783735e+02
2.524058e-01, 2.782965e+02
2.524387e-01, 2.782196e+02
2.524717e-01, 2.781427e+02
2.525046e-01, 2.780658e+02
2.525376e-01, 2.779890e+02
2.525706e-01, 2.779122e+02
2.526035e-01, 2.778355e+02
2.526365e-01, 2.777587e+02
2.526694e-01, 2.776821e+02
2.527024e-01, 2.776055e+02
2.527353e-01, 2.775289e+02
2.527683e-01, 2.774523e+02
2.528013e-01, 2.773758e+02
2.528342e-01, 2.772993e+02
2.528672e-01, 2.772229e+02
2.529001e-01, 2.771465e+02
2.529331e-01, 2.770701e+02
2.529660e-01, 2.769938e+02
2.529990e-01, 2.769175e+02
2.530319e-01, 2.768413e+02
2.530649e-01, 2.767650e+02
2.530978e-01, 2.766889e+02
2.531308e-01, 2.766127e+02
2.531637e-01, 2.765366e+02
2.531967e-01, 2.764604e+02
2.532296e-01, 2.763841e+02
2.532626e-01, 2.763078e+02
2.532955e-01, 2.762314e+02
2.533285e-01, 2.761550e+02
2.533615e-01, 2.760786e+02
2.533944e-01, 2.760022e+02
2.534274e-01, 2.759258e+02
2.534603e-01, 2.758494e+02
2.534933e-01, 2.757731e+02
2.535263e-01, 2.756967e+02
2.535592e-01, 2.756204e+02
2.535922e-01, 2.755441e+02
2.536252e-01, 2.754679e+02
2.536581e-01, 2.753916e+02
2.536911e-01, 2.753155e+02
2.537241e-01, 2.752393e+02
2.537570e-01, 2.751632e+02
2.537900e-01, 2.750871e+02
2.538230e-01, 2.750111e+02
2.538559e-01, 2.749350e+02
2.538889e-01, 2.748591e+02
2.539219e-01, 2.747831e+02
2.539548e-01, 2.747072e+02
2.539878e-01, 2.746314e+02
2.540207e-01, 2.745555e+02
2.540537e-01, 2.744797e+02
2.540867e-01, 2.744040e+02
2.541196e-01, 2.743283e+02
2.541526e-01, 2.742526e+02
2.541856e-01, 2.741769e+02
2.542185e-01, 2.741013e+02
2.542515e-01, 2.740257e+02
2.542844e-01, 2.739502e+02
2.543174e-01, 2.738747e+02
2.543504e-01, 2.737992e+02
2.543833e-01, 2.737238e+02
2.544163e-01, 2.736484e+02
2.544492e-01, 2.735730e+02
2.544822e-01, 2.734977e+02
2.545152e-01, 2.734224e+02
2.545481e-01, 2.733472e+02
2.545811e-01, 2.732720e+02
2.546140e-01, 2.731968e+02
2.546470e-01, 2.731217e+02
2.546799e-01, 2.730466e+02
2.547129e-01, 2.729715e+02
2.547459e-01, 2.728965e+02
2.547788e-01, 2.728215e+02
2.548118e-01, 2.727465e+02
2.548447e-01, 2.726716e+02
2.548777e-01, 2.725967e+02
2.549106e-01, 2.725218e+02
2.549436e-01, 2.724470e+02
2.549766e-01, 2.723722e+02
2.550095e-01, 2.722975e+02
2.550425e-01, 2.722228e+02
2.550754e-01, 2.721481e+02
2.551084e-01, 2.720734e+02
2.551413e-01, 2.719987e+02
2.551743e-01, 2.719239e+02
2.552073e-01, 2.718492e+02
2.552403e-01, 2.717744e+02
2.552732e-01, 2.716997e+02
2.553062e-01, 2.716250e+02
2.553392e-01, 2.715503e+02
2.553722e-01, 2.714756e+02
2.554052e-01, 2.714010e+02
2.554381e-01, 2.713263e+02
2.554711e-01, 2.712518e+02
2.555041e-01, 2.711772e+02
2.555371e-01, 2.711027e+02
2.555701e-01, 2.710282e+02
2.556030e-01, 2.709538e+02
2.556360e-01, 2.708793e+02
2.556690e-01, 2.708050e+02
2.557020e-01, 2.707306e+02
2.557349e-01, 2.706563e+02
2.557679e-01, 2.705820e+02
2.558009e-01, 2.705078e+02
2.558339e-01, 2.704336e+02
2.558669e-01, 2.703595e+02
2.558998e-01, 2.702853e+02
2.559328e-01, 2.702112e+02
2.559658e-01, 2.701372e+02
2.559988e-01, 2.700632e+02
2.560317e-01, 2.699892e+02
2.560647e-01, 2.699152e+02
2.560977e-01, 2.698413e+02
2.561307e-01, 2.697675e+02
2.561636e-01, 2.696936e+02
2.561966e-01, 2.696198e+02
2.562296e-01, 2.695460e+02
2.562626e-01, 2.694723e+02
2.562955e-01, 2.693986e+02
2.563285e-01, 2.693250e+02
2.563615e-01, 2.692513e+02
2.563944e-01, 2.691778e+02
2.564274e-01, 2.691042e+02
2.564604e-01, 2.690307e+02
2.564934e-01, 2.689572e+02
2.565263e-01, 2.688838e+02
2.565593e-01, 2.688104e+02
2.565923e-01, 2.687370e+02
2.566252e-01, 2.686636e+02
2.566582e-01, 2.685903e+02
2.566912e-01, 2.685171e+02
2.567241e-01, 2.684438e+02
2.567571e-01, 2.683707e+02
2.567901e-01, 2.682975e+02
2.568230e-01, 2.682244e+02
2.568560e-01, 2.681513e+02
2.568890e-01, 2.680782e+02
2.569219e-01, 2.680052e+02
2.569549e-01, 2.679322e+02
2.569879e-01, 2.678593e+02
2.570208e-01, 2.677864e+02
2.570538e-01, 2.677135e+02
2.570868e-01, 2.676407e+02
2.571197e-01, 2.675679e+02
2.571527e-01, 2.674951e+02
2.571857e-01, 2.674224e+02
2.572186e-01, 2.673497e+02
2.572516e-01, 2.672770e+02
2.572845e-01, 2.672044e+02
2.573175e-01, 2.671318e+02
2.573505e-01, 2.670592e+02
2.573834e-01, 2.669867e+02
2.574164e-01, 2.669142e+02
2.574494e-01, 2.668418e+02
2.574823e-01, 2.667694e+02
2.575153e-01, 2.666970e+02
2.575482e-01, 2.666247e+02
2.575812e-01, 2.665524e+02
2.576142e-01, 2.664801e+02
2.576471e-01, 2.664078e+02
2.576801e-01, 2.663356e+02
2.577130e-01, 2.662635e+02
2.577460e-01, 2.661913e+02
2.577789e-01, 2.661192e+02
2.578119e-01, 2.660472e+02
2.578449e-01, 2.659752e+02
2.578778e-01, 2.659032e+02
2.579108e-01, 2.658312e+02
2.579437e-01, 2.657593e+02
2.579767e-01, 2.656875e+02
2.580096e-01, 2.656156e+02
2.580426e-01, 2.655438e+02
2.580755e-01, 2.654721e+02
2.581085e-01, 2.654003e+02
2.581414e-01, 2.653287e+02
2.581744e-01, 2.652570e+02
2.582073e-01, 2.651854e+02
2.582403e-01, 2.651138e+02
2.582732e-01, 2.650422e+02
2.583062e-01, 2.649707e+02
2.583391e-01, 2.648992e+02
2.583721e-01, 2.648278e+02
2.584050e-01, 2.647564e+02
2.584380e-01, 2.646850e+02
2.584709e-01, 2.646137e+02
2.585039e-01, 2.645424e+02
2.585368e-01, 2.644711e+02
2.585698e-01, 2.643998e+02
2.586027e-01, 2.643286e+02
2.586357e-01, 2.642575e+02
2.586686e-01, 2.641863e+02
2.587016e-01, 2.641152e+02
2.587345e-01, 2.640442e+02
2.587675e-01, 2.639731e+02
2.588004e-01, 2.639021e+02
2.588333e-01, 2.638312e+02
2.588663e-01, 2.637603e+02
2.588992e-01, 2.636894e+02
2.589322e-01, 2.636185e+02
2.589651e-01, 2.635477e+02
2.589981e-01, 2.634769e+02
2.590310e-01, 2.634061e+02
2.590639e-01, 2.633354e+02
2.590969e-01, 2.632647e+02
2.591298e-01, 2.631941e+02
2.591628e-01, 2.631235e+02
2.591957e-01, 2.630529e+02
2.592286e-01, 2.629823e+02
2.592616e-01, 2.629118e+02
2.592945e-01, 2.628413e+02
2.593275e-01, 2.627709e+02
2.593604e-01, 2.627005e+02
2.593933e-01, 2.626301e+02
2.594263e-01, 2.625598e+02
2.594592e-01, 2.624894e+02
2.594922e-01, 2.624192e+02
2.595251e-01, 2.623489e+02
2.595580e-01, 2.622787e+02
2.595910e-01, 2.622086e+02
2.596239e-01, 2.621384e+02
2.596568e-01, 2.620683e+02
2.596898e-01, 2.619982e+02
2.597227e-01, 2.619282e+02
2.597556e-01, 2.618582e+02
2.597886e-01, 2.617882e+02
2.598215e-01, 2.617183e+02
2.598544e-01, 2.616484e+02
2.598874e-01, 2.615785e+02
2.599203e-01, 2.615087e+02
2.599532e-01, 2.614389e+02
2.599862e-01, 2.613691e+02
2.600191e-01, 2.612994e+02
2.600520e-01, 2.612297e+02
2.600850e-01, 2.611600e+02
2.601179e-01, 2.610904e+02
2.601508e-01, 2.610208e+02
2.601837e-01, 2.609513e+02
2.602167e-01, 2.608817e+02
2.602496e-01, 2.608122e+02
2.602825e-01, 2.607428e+02
2.603155e-01, 2.606733e+02
2.603484e-01, 2.606039e+02
2.603813e-01, 2.605346e+02
2.604142e-01, 2.604653e+02
2.604472e-01, 2.603960e+02
2.604801e-01, 2.603267e+02
2.605130e-01, 2.602575e+02
2.605459e-01, 2.601883e+02
2.605789e-01, 2.601191e+02
2.606118e-01, 2.600500e+02
2.606447e-01, 2.599809e+02
2.606776e-01, 2.599119e+02
2.607106e-01, 2.598428e+02
2.607435e-01, 2.597738e+02
2.607764e-01, 2.597049e+02
2.608093e-01, 2.596360e+02
2.608423e-01, 2.595671e+02
2.608752e-01, 2.594982e+02
2.609081e-01, 2.594294e+02
2.609410e-01, 2.593606e+02
2.609739e-01, 2.592918e+02
2.610069e-01, 2.592231e+02
2.610398e-01, 2.591544e+02
2.610727e-01, 2.590858e+02
2.611056e-01, 2.590172e+02
2.611385e-01, 2.589486e+02
2.611715e-01, 2.588800e+02
2.612044e-01, 2.588115e+02
2.612373e-01, 2.587430e+02
2.612702e-01, 2.586745e+02
2.613031e-01, 2.586061e+02
2.613360e-01, 2.585377e+02
2.613690e-01, 2.584694e+02
2.614019e-01, 2.584010e+02
2.614348e-01, 2.583327e+02
2.614677e-01, 2.582645e+02
2.615006e-01, 2.581963e+02
2.615335e-01, 2.581281e+02
2.615665e-01, 2.580599e+02
2.615994e-01, 2.579918e+02
2.616323e-01, 2.579237e+02
2.616652e-01, 2.578556e+02
2.616981e-01, 2.577876e+02
2.617310e-01, 2.577196e+02
2.617639e-01, 2.576516e+02
2.617968e-01, 2.575837e+02
2.618298e-01, 2.575158e+02
2.618627e-01, 2.574479e+02
2.618956e-01, 2.573801e+02
2.619285e-01, 2.573123e+02
2.619614e-01, 2.572445e+02
2.619943e-01, 2.571768e+02
2.620272e-01, 2.571091e+02
2.620601e-01, 2.570414e+02
2.620930e-01, 2.569738e+02
2.621259e-01, 2.569062e+02
2.621588e-01, 2.568386e+02
2.621918e-01, 2.567711e+02
2.622247e-01, 2.567036e+02
2.622576e-01, 2.566361e+02
2.622905e-01, 2.565687e+02
2.623234e-01, 2.565013e+02
2.623563e-01, 2.564339e+02
2.623892e-01, 2.563665e+02
2.624221e-01, 2.562992e+02
2.624550e-01, 2.562319e+02
2.624879e-01, 2.561646e+02
2.625208e-01, 2.560971e+02
2.625537e-01, 2.560297e+02
2.625867e-01, 2.559622e+02
2.626196e-01, 2.558947e+02
2.626525e-01, 2.558272e+02
2.626854e-01, 2.557597e+02
2.627184e-01, 2.556922e+02
2.627513e-01, 2.556247e+02
2.627842e-01, 2.555572e+02
2.628172e-01, 2.554898e+02
2.628501e-01, 2.554223e+02
2.628830e-01, 2.553549e+02
2.629160e-01, 2.552876e+02
2.629489e-01, 2.552202e+02
2.629818e-01, 2.551529e+02
2.630148e-01, 2.550857e+02
2.630477e-01, 2.550184e+02
2.630806e-01, 2.549512e+02
2.631135e-01, 2.548840e+02
2.631465e-01, 2.548168e+02
2.631794e-01, 2.547497e+02
2.632123e-01, 2.546826e+02
2.632453e-01, 2.546156e+02
2.632782e-01, 2.545485e+02
2.633111e-01, 2.544815e+02
2.633440e-01, 2.544146e+02
2.633770e-01, 2.543476e+02
2.634099e-01, 2.542807e+02
2.634428e-01, 2.542138e+02
2.634758e-01, 2.541470e+02
2.635087e-01, 2.540802e+02
2.635416e-01, 2.540134e+02
2.635745e-01, 2.539467e+02
2.636075e-01, 2.538800e+02
2.636404e-01, 2.538133e+02
2.636733e-01, 2.537466e+02
2.637062e-01, 2.536800e+02
2.637392e-01, 2.536134e+02
2.637721e-01, 2.535469e+02
2.638050e-01, 2.534803e+02
2.638379e-01, 2.534138e+02
2.638709e-01, 2.533474e+02
2.639038e-01, 2.532810e+02
2.639367e-01, 2.532146e+02
2.639696e-01, 2.531482e+02
2.640026e-01, 2.530819e+02
2.640355e-01, 2.530156e+02
2.640684e-01, 2.529493e+02
2.641013e-01, 2.528830e+02
2.641342e-01, 2.528168e+02
2.641672e-01, 2.527507e+02
2.642001e-01, 2.526845e+02
2.642330e-01, 2.526184e+02
2.642659e-01, 2.525523e+02
2.642988e-01, 2.524863e+02
2.643318e-01, 2.524202e+02
2.643647e-01, 2.523542e+02
2.643976e-01, 2.522883e+02
2.644305e-01, 2.522224e+02
2.644634e-01, 2.521565e+02
2.644963e-01, 2.520906e+02
2.645293e-01, 2.520248e+02
2.645622e-01, 2.519590e+02
2.645951e-01, 2.518932e+02
2.646280e-01, 2.518275e+02
2.646609e-01, 2.517617e+02
2.646938e-01, 2.516961e+02
2.647268e-01, 2.516304e+02
2.647597e-01, 2.515648e+02
2.647926e-01, 2.514992e+02
2.648255e-01, 2.514337e+02
2.648584e-01, 2.513682e+02
2.648913e-01, 2.513027e+02
2.649242e-01, 2.512372e+02
2.649572e-01, 2.511718e+02
2.649901e-01, 2.511064e+02
2.650230e-01, 2.510410e+02
2.650559e-01, 2.509757e+02
2.650888e-01, 2.509104e+02
2.651217e-01, 2.508451e+02
2.651546e-01, 2.507799e+02
2.651875e-01, 2.507146e+02
2.652204e-01, 2.506495e+02
2.652534e-01, 2.505843e+02
2.652863e-01, 2.505192e+02
2.653192e-01, 2.504541e+02
2.653521e-01, 2.503890e+02
2.653850e-01, 2.503240e+02
2.654179e-01, 2.502590e+02
2.654508e-01, 2.501941e+02
2.654837e-01, 2.501291e+02
2.655166e-01, 2.500642e+02
2.655495e-01, 2.499994e+02
2.655824e-01, 2.499345e+02
2.656153e-01, 2.498697e+02
2.656482e-01, 2.498049e+02
2.656812e-01, 2.497402e+02
2.657141e-01, 2.496755e+02
2.657470e-01, 2.496108e+02
2.657799e-01, 2.495461e+02
2.658128e-01, 2.494815e+02
2.658457e-01, 2.494169e+02
2.658786e-01, 2.493523e+02
2.659115e-01, 2.492878e+02
2.659444e-01, 2.492233e+02
2.659773e-01, 2.491588e+02
2.660102e-01, 2.490944e+02
2.660431e-01, 2.490299e+02
2.660760e-01, 2.489656e+02
2.661089e-01, 2.489012e+02
2.661418e-01, 2.488369e+02
2.661747e-01, 2.487726e+02
2.662076e-01, 2.487083e+02
2.662405e-01, 2.486441e+02
2.662734e-01, 2.485799e+02
2.663063e-01, 2.485157e+02
2.663392e-01, 2.484516e+02
2.663721e-01, 2.483875e+02
2.664050e-01, 2.483234e+02
2.664379e-01, 2.482593e+02
2.664708e-01, 2.481953e+02
2.665037e-01, 2.481313e+02
2.665366e-01, 2.480674e+02
2.665695e-01, 2.480035e+02
2.666024e-01, 2.479396e+02
2.666353e-01, 2.478757e+02
2.666682e-01, 2.478119e+02
2.667011e-01, 2.477480e+02
2.667340e-01, 2.476843e+02
2.667669e-01, 2.476205e+02
2.667998e-01, 2.475568e+02
2.668326e-01, 2.474931e+02
2.668655e-01, 2.474295e+02
2.668984e-01, 2.473658e+02
2.669313e-01, 2.473022e+02
2.669642e-01, 2.472387e+02
2.669971e-01, 2.471751e+02
2.670300e-01, 2.471116e+02
2.670629e-01, 2.470481e+02
2.670958e-01, 2.469847e+02
2.671287e-01, 2.469213e+02
2.671616e-01, 2.468579e+02
2.671945e-01, 2.467945e+02
2.672274e-01, 2.467312e+02
2.672602e-01, 2.466679e+02
2.672931e-01, 2.466046e+02
2.673260e-01, 2.465414e+02
2.673589e-01, 2.464782e+02
2.673918e-01, 2.464150e+02
2.674247e-01, 2.463519e+02
2.674576e-01, 2.462887e+02
2.674905e-01, 2.462257e+02
2.675234e-01, 2.461626e+02
2.675562e-01, 2.460996e+02
2.675891e-01, 2.460366e+02
2.676220e-01, 2.459736e+02
2.676549e-01, 2.459107e+02
2.676878e-01, 2.458477e+02
2.677207e-01, 2.457849e+02
2.677536e-01, 2.457220e+02
2.677864e-01, 2.456592e+02
2.678193e-01, 2.455964e+02
2.678522e-01, 2.455336e+02
2.678851e-01, 2.454709e+02
2.679180e-01, 2.454082e+02
2.679509e-01, 2.453455e+02
2.679837e-01, 2.452829e+02
2.680166e-01, 2.452203e+02
2.680495e-01, 2.451577e+02
2.680824e-01, 2.450951e+02
2.681153e-01, 2.450326e+02
2.681482e-01, 2.449701e+02
2.681810e-01, 2.449076e+02
2.682139e-01, 2.448452e+02
2.682468e-01, 2.447828e+02
2.682797e-01, 2.447204e+02
2.683126e-01, 2.446580e+02
2.683454e-01, 2.445957e+02
2.683783e-01, 2.445334e+02
2.684112e-01, 2.444712e+02
2.684441e-01, 2.444089e+02
2.684770e-01, 2.443467e+02
2.685098e-01, 2.442845e+02
2.685427e-01, 2.442224e+02
2.685756e-01, 2.441603e+02
2.686085e-01, 2.440982e+02
2.686413e-01, 2.440361e+02
2.686742e-01, 2.439741e+02
2.687071e-01, 2.439121e+02
2.687400e-01, 2.438501e+02
2.687728e-01, 2.437882e+02
2.688057e-01, 2.437263e+02
2.688386e-01, 2.436644e+02
2.688715e-01, 2.436025e+02
2.689043e-01, 2.435407e+02
2.689372e-01, 2.434789e+02
2.689701e-01, 2.434171e+02
2.690030e-01, 2.433554e+02
2.690358e-01, 2.432937e+02
2.690687e-01, 2.432320e+02
2.691016e-01, 2.431704e+02
2.691345e-01, 2.431087e+02
2.691673e-01, 2.430471e+02
2.692002e-01, 2.429856e+02
2.692331e-01, 2.429240e+02
2.692659e-01, 2.428625e+02
2.692988e-01, 2.428010e+02
2.693317e-01, 2.427396e+02
2.693646e-01, 2.426782e+02
2.693974e-01, 2.426168e+02
2.694303e-01, 2.425554e+02
2.694632e-01, 2.424941e+02
2.694960e-01, 2.424328e+02
2.695289e-01, 2.423715e+02
2.695618e-01, 2.423102e+02
2.695946e-01, 2.422490e+02
2.696275e-01, 2.421878e+02
2.696604e-01, 2.421267e+02
2.696932e-01, 2.420655e+02
2.697261e-01, 2.420044e+02
2.697590e-01, 2.419433e+02
2.697918e-01, 2.418823e+02
2.698247e-01, 2.418213e+02
2.698576e-01, 2.417603e+02
2.698904e-01, 2.416993e+02
2.699233e-01, 2.416384e+02
2.699562e-01, 2.415775e+02
2.699890e-01, 2.415166e+02
2.700219e-01, 2.414557e+02
2.700547e-01, 2.413949e+02
2.700876e-01, 2.413341e+02
2.701205e-01, 2.412734e+02
2.701533e-01, 2.412126e+02
2.701862e-01, 2.411519e+02
2.702191e-01, 2.410912e+02
2.702519e-01, 2.410306e+02
2.702848e-01, 2.409700e+02
2.703176e-01, 2.409094e+02
2.703505e-01, 2.408488e+02
2.703834e-01, 2.407883e+02
2.704162e-01, 2.407278e+02
2.704491e-01, 2.406673e+02
2.704819e-01, 2.406068e+02
2.705148e-01, 2.405464e+02
2.705477e-01, 2.404860e+02
2.705805e-01, 2.404256e+02
2.706134e-01, 2.403653e+02
2.706462e-01, 2.403050e+02
2.706791e-01, 2.402447e+02
2.707119e-01, 2.401844e+02
2.707448e-01, 2.401242e+02
2.707777e-01, 2.400640e+02
2.708105e-01, 2.400038e+02
2.708434e-01, 2.399437e+02
2.708762e-01, 2.398836e+02
2.709091e-01, 2.398235e+02
2.709419e-01, 2.397634e+02
2.709748e-01, 2.397034e+02
2.710076e-01, 2.396434e+02
2.710405e-01, 2.395834e+02
2.710733e-01, 2.395235e+02
2.711062e-01, 2.394635e+02
2.711391e-01, 2.394037e+02
2.711719e-01, 2.393438e+02
2.712048e-01, 2.392840e+02
2.712376e-01, 2.392241e+02
2.712705e-01, 2.391644e+02
2.713033e-01, 2.391046e+02
2.713362e-01, 2.390449e+02
2.713690e-01, 2.389852e+02
2.714019e-01, 2.389255e+02
2.714347e-01, 2.388659e+02
2.714676e-01, 2.388063e+02
2.715004e-01, 2.387467e+02
2.715333e-01, 2.386871e+02
2.715661e-01, 2.386276e+02
2.715990e-01, 2.385681e+02
2.716318e-01, 2.385086e+02
2.716647e-01, 2.384492e+02
2.716975e-01, 2.383897e+02
2.717303e-01, 2.383303e+02
2.717632e-01, 2.382710e+02
2.717960e-01, 2.382116e+02
2.718289e-01, 2.381523e+02
2.718617e-01, 2.380930e+02
2.718946e-01, 2.380338e+02
2.719274e-01, 2.379746e+02
2.719603e-01, 2.379154e+02
2.719931e-01, 2.378562e+02
2.720260e-01, 2.377970e+02
2.720588e-01, 2.377379e+02
2.720916e-01, 2.376788e+02
2.721245e-01, 2.376198e+02
2.721573e-01, 2.375607e+02
2.721902e-01, 2.375017e+02
2.722230e-01, 2.374428e+02
2.722559e-01, 2.373838e+02
2.722887e-01, 2.373249e+02
2.723215e-01, 2.372660e+02
2.723544e-01, 2.372071e+02
2.723872e-01, 2.371483e+02
2.724201e-01, 2.370894e+02
2.724529e-01, 2.370306e+02
2.724857e-01, 2.369719e+02
2.725186e-01, 2.369132e+02
2.725514e-01, 2.368544e+02
2.725843e-01, 2.367958e+02
2.726171e-01, 2.367371e+02
2.726499e-01, 2.366785e+02
2.726828e-01, 2.366199e+02
2.727156e-01, 2.365613e+02
2.727485e-01, 2.365028e+02
2.727813e-01, 2.364442e+02
2.728141e-01, 2.363858e+02
2.728470e-01, 2.363273e+02
2.728798e-01, 2.362689e+02
2.729126e-01, 2.362104e+02
2.729455e-01, 2.361521e+02
2.729783e-01, 2.360937e+02
2.730112e-01, 2.360354e+02
2.730440e-01, 2.359771e+02
2.730768e-01, 2.359188e+02
2.731097e-01, 2.358606e+02
2.731425e-01, 2.358023e+02
2.731753e-01, 2.357441e+02
2.732082e-01, 2.356860e+02
2.732410e-01, 2.356278e+02
2.732738e-01, 2.355696e+02
2.733066e-01, 2.355113e+02
2.733395e-01, 2.354529e+02
2.733723e-01, 2.353943e+02
2.734051e-01, 2.353358e+02
2.734379e-01, 2.352772e+02
2.734707e-01, 2.352185e+02
2.735035e-01, 2.351598e+02
2.735363e-01, 2.351011e+02
2.735691e-01, 2.350423e+02
2.736019e-01, 2.349836e+02
2.736348e-01, 2.349249e+02
2.736676e-01, 2.348661e+02
2.737004e-01, 2.348074e+02
2.737332e-01, 2.347487e+02
2.737660e-01, 2.346900e+02
2.737988e-01, 2.346313e+02
2.738316e-01, 2.345726e+02
2.738644e-01, 2.345140e+02
2.738972e-01, 2.344553e+02
2.739300e-01, 2.343967e+02
2.739628e-01, 2.343381e+02
2.739956e-01, 2.342795e+02
2.740284e-01, 2.342210e+02
2.740612e-01, 2.341625e+02
2.740940e-01, 2.341040e+02
2.741269e-01, 2.340455e+02
2.741597e-01, 2.339870e+02
2.741925e-01, 2.339286e+02
2.742253e-01, 2.338702e+02
2.742581e-01, 2.338118e+02
2.742909e-01, 2.337534e+02
2.743237e-01, 2.336951e+02
2.743565e-01, 2.336368e+02
2.743893e-01, 2.335785e+02
2.744221e-01, 2.335202e+02
2.744549e-01, 2.334620e+02
2.744877e-01, 2.334037e+02
2.745205e-01, 2.333456e+02
2.745533e-01, 2.332874e+02
2.745861e-01, 2.332292e+02
2.746189e-01, 2.331711e+02
2.746517e-01, 2.331130e+02
2.746845e-01, 2.330550e+02
2.747173e-01, 2.329969e+02
2.747501e-01, 2.329389e+02
2.747829e-01, 2.328809e+02
2.748157e-01, 2.328229e+02
2.748485e-01, 2.327650e+02
2.748813e-01, 2.327071e+02
2.749141e-01, 2.326492e+02
2.749469e-01, 2.325913e+02
2.749797e-01, 2.325335e+02
2.750125e-01, 2.324755e+02
2.750453e-01, 2.324175e+02
2.750781e-01, 2.323593e+02
2.751109e-01, 2.323010e+02
2.751437e-01, 2.322425e+02
2.751765e-01, 2.321840e+02
2.752093e-01, 2.321255e+02
2.752421e-01, 2.320669e+02
2.752749e-01, 2.320083e+02
2.753076e-01, 2.319497e+02
2.753404e-01, 2.318911e+02
2.753732e-01, 2.318325e+02
2.754060e-01, 2.317739e+02
2.754388e-01, 2.317153e+02
2.754716e-01, 2.316568e+02
2.755044e-01, 2.315982e+02
2.755372e-01, 2.315397e+02
2.755700e-01, 2.314812e+02
2.756028e-01, 2.314228e+02
2.756356e-01, 2.313643e+02
2.756684e-01, 2.313059e+02
2.757012e-01, 2.312475e+02
2.757340e-01, 2.311892e+02
2.757667e-01, 2.311308e+02
2.757995e-01, 2.310725e+02
2.758323e-01, 2.310142e+02
2.758651e-01, 2.309560e+02
2.758979e-01, 2.308977e+02
2.759307e-01, 2.308395e+02
2.759635e-01, 2.307813e+02
2.759963e-01, 2.307231e+02
2.760291e-01, 2.306650e+02
2.760619e-01, 2.306069e+02
2.760947e-01, 2.305488e+02
2.761275e-01, 2.304907e+02
2.761603e-01, 2.304327e+02
2.761931e-01, 2.303746e+02
2.762259e-01, 2.303167e+02
2.762587e-01, 2.302587e+02
2.762915e-01, 2.302007e+02
2.763242e-01, 2.301428e+02
2.763570e-01, 2.300849e+02
2.763898e-01, 2.300271e+02
2.764226e-01, 2.299692e+02
2.764554e-01, 2.299114e+02
2.764882e-01, 2.298536e+02
2.765210e-01, 2.297958e+02
2.765538e-01, 2.297381e+02
2.765866e-01, 2.296804e+02
2.766194e-01, 2.296227e+02
2.766522e-01, 2.295650e+02
2.766850e-01, 2.295073e+02
2.767178e-01, 2.294497e+02
2.767506e-01, 2.293921e+02
2.767834e-01, 2.293345e+02
2.768162e-01, 2.292770e+02
2.768490e-01, 2.292195e+02
2.768817e-01, 2.291620e+02
2.769145e-01, 2.291045e+02
2.769473e-01, 2.290471e+02
2.769801e-01, 2.289896e+02
2.770129e-01, 2.289322e+02
2.770457e-01, 2.288749e+02
2.770785e-01, 2.288175e+02
2.771113e-01, 2.287602e+02
2.771441e-01, 2.287029e+02
2.771769e-01, 2.286456e+02
2.772097e-01, 2.285884e+02
2.772425e-01, 2.285311e+02
2.772753e-01, 2.284739e+02
2.773081e-01, 2.284168e+02
2.773409e-01, 2.283596e+02
2.773736e-01, 2.283025e+02
2.774064e-01, 2.282454e+02
2.774392e-01, 2.281883e+02
2.774720e-01, 2.281313e+02
2.775048e-01, 2.280742e+02
2.775376e-01, 2.280172e+02
2.775704e-01, 2.279603e+02
2.776032e-01, 2.279033e+02
2.776360e-01, 2.278464e+02
2.776688e-01, 2.277895e+02
2.777016e-01, 2.277326e+02
2.777344e-01, 2.276758e+02
2.777672e-01, 2.276189e+02
2.778000e-01, 2.275621e+02
2.778328e-01, 2.275054e+02
2.778655e-01, 2.274486e+02
2.778983e-01, 2.273919e+02
2.779311e-01, 2.273352e+02
2.779639e-01, 2.272785e+02
2.779967e-01, 2.272219e+02
2.780295e-01, 2.271652e+02
2.780623e-01, 2.271086e+02
2.780951e-01, 2.270521e+02
2.781279e-01, 2.269955e+02
2.781607e-01, 2.269390e+02
2.781935e-01, 2.268825e+02
2.782263e-01, 2.268260e+02
2.782590e-01, 2.267695e+02
2.782918e-01, 2.267131e+02
2.783246e-01, 2.266567e+02
2.783574e-01, 2.266003e+02
2.783902e-01, 2.265440e+02
2.784230e-01, 2.264877e+02
2.784558e-01, 2.264314e+02
2.784886e-01, 2.263751e+02
2.785214e-01, 2.263188e+02
2.785542e-01, 2.262626e+02
2.785870e-01, 2.262064e+02
2.786197e-01, 2.261502e+02
2.786525e-01, 2.260941e+02
2.786853e-01, 2.260379e+02
2.787181e-01, 2.259818e+02
2.787509e-01, 2.259257e+02
2.787837e-01, 2.258697e+02
2.788165e-01, 2.258137e+02
2.788493e-01, 2.257577e+02
2.788821e-01, 2.257017e+02
2.789149e-01, 2.256457e+02
2.789476e-01, 2.255898e+02
2.789804e-01, 2.255339e+02
2.790132e-01, 2.254780e+02
2.790460e-01, 2.254221e+02
2.790788e-01, 2.253663e+02
2.791116e-01, 2.253105e+02
2.791444e-01, 2.252547e+02
2.791772e-01, 2.251990e+02
2.792100e-01, 2.251432e+02
2.792427e-01, 2.250875e+02
2.792755e-01, 2.250318e+02
2.793083e-01, 2.249762e+02
2.793411e-01, 2.249205e+02
2.793739e-01, 2.248649e+02
2.794067e-01, 2.248093e+02
2.794395e-01, 2.247538e+02
2.794723e-01, 2.246983e+02
2.795051e-01, 2.246427e+02
2.795378e-01, 2.245873e+02
2.795706e-01, 2.245318e+02
2.796034e-01, 2.244764e+02
2.796362e-01, 2.244209e+02
2.796690e-01, 2.243656e+02
2.797018e-01, 2.243102e+02
2.797346e-01, 2.242549e+02
2.797673e-01, 2.241995e+02
2.798001e-01, 2.241443e+02
2.798329e-01, 2.240890e+02
2.798657e-01, 2.240338e+02
2.798985e-01, 2.239785e+02
2.799313e-01, 2.239233e+02
2.799641e-01, 2.238682e+02
2.799968e-01, 2.238130e+02
2.800296e-01, 2.237579e+02
2.800624e-01, 2.237028e+02
2.800952e-01, 2.236478e+02
2.801280e-01, 2.235927e+02
2.801608e-01, 2.235377e+02
2.801936e-01, 2.234827e+02
2.802263e-01, 2.234277e+02
2.802591e-01, 2.233728e+02
2.802919e-01, 2.233179e+02
2.803247e-01, 2.232630e+02
2.803575e-01, 2.232081e+02
2.803903e-01, 2.231533e+02
2.804230e-01, 2.230984e+02
2.804558e-01, 2.230436e+02
2.804886e-01, 2.229889e+02
2.805214e-01, 2.229341e+02
2.805542e-01, 2.228794e+02
2.805870e-01, 2.228247e+02
2.806197e-01, 2.227700e+02
2.806525e-01, 2.227154e+02
2.806853e-01, 2.226607e+02
2.807181e-01, 2.226061e+02
2.807509e-01, 2.225516e+02
2.807837e-01, 2.224970e+02
2.808164e-01, 2.224425e+02
2.808492e-01, 2.223880e+02
2.808820e-01, 2.223335e+02
2.809148e-01, 2.222790e+02
2.809476e-01, 2.222246e+02
2.809803e-01, 2.221702e+02
2.810131e-01, 2.221158e+02
2.810459e-01, 2.220614e+02
2.810787e-01, 2.220071e+02
2.811115e-01, 2.219528e+02
2.811442e-01, 2.218985e+02
2.811770e-01, 2.218443e+02
2.812098e-01, 2.217900e+02
2.812426e-01, 2.217358e+02
2.812754e-01, 2.216816e+02
2.813081e-01, 2.216274e+02
2.813409e-01, 2.215733e+02
2.813737e-01, 2.215192e+02
2.814065e-01, 2.214651e+02
2.814393e-01, 2.214110e+02
2.814720e-01, 2.213570e+02
2.815048e-01, 2.213030e+02
2.815376e-01, 2.212490e+02
2.815704e-01, 2.211950e+02
2.816032e-01, 2.211410e+02
2.816359e-01, 2.210871e+02
2.816687e-01, 2.210332e+02
2.817015e-01, 2.209793e+02
2.817343e-01, 2.209255e+02
2.817670e-01, 2.208717e+02
2.817998e-01, 2.208179e+02
2.818326e-01, 2.207641e+02
2.818654e-01, 2.207103e+02
2.818981e-01, 2.206566e+02
2.819309e-01, 2.206029e+02
2.819637e-01, 2.205492e+02
2.819965e-01, 2.204955e+02
2.820292e-01, 2.204419e+02
2.820620e-01, 2.203883e+02
2.820948e-01, 2.203347e+02
2.821276e-01, 2.202811e+02
2.821603e-01, 2.202276e+02
2.821931e-01, 2.201741e+02
2.822259e-01, 2.201206e+02
2.822587e-01, 2.200671e+02
2.822914e-01, 2.200137e+02
2.823242e-01, 2.199603e+02
2.823570e-01, 2.199069e+02
2.823898e-01, 2.198535e+02
2.824225e-01, 2.198001e+02
2.824553e-01, 2.197468e+02
2.824881e-01, 2.196935e+02
2.825209e-01, 2.196402e+02
2.825536e-01, 2.195870e+02
2.825864e-01, 2.195338e+02
2.826192e-01, 2.194806e+02
2.826519e-01, 2.194274e+02
2.826847e-01, 2.193742e+02
2.827175e-01, 2.193211e+02
2.827503e-01, 2.192680e+02
2.827830e-01, 2.192149e+02
2.828158e-01, 2.191618e+02
2.828486e-01, 2.191087e+02
2.828814e-01, 2.190557e+02
2.829141e-01, 2.190027e+02
2.829469e-01, 2.189497e+02
2.829797e-01, 2.188967e+02
2.830124e-01, 2.188438e+02
2.830452e-01, 2.187909e+02
2.830780e-01, 2.187380e+02
2.831108e-01, 2.186851e+02
2.831435e-01, 2.186323e+02
2.831763e-01, 2.185794e+02
2.832091e-01, 2.185266e+02
2.832419e-01, 2.184739e+02
2.832746e-01, 2.184211e+02
2.833074e-01, 2.183684e+02
2.833402e-01, 2.183157e+02
2.833729e-01, 2.182630e+02
2.834057e-01, 2.182103e+02
2.834385e-01, 2.181577e+02
2.834713e-01, 2.181051e+02
2.835040e-01, 2.180525e+02
2.835368e-01, 2.179999e+02
2.835696e-01, 2.179474e+02
2.836023e-01, 2.178948e+02
2.836351e-01, 2.178423e+02
2.836679e-01, 2.177898e+02
2.837007e-01, 2.177374e+02
2.837334e-01, 2.176849e+02
2.837662e-01, 2.176325e+02
2.837990e-01, 2.175801e+02
2.838318e-01, 2.175277e+02
2.838646e-01, 2.174751e+02
2.838974e-01, 2.174224e+02
2.839303e-01, 2.173694e+02
2.839631e-01, 2.173164e+02
2.839960e-01, 2.172632e+02
2.840288e-01, 2.172099e+02
2.840617e-01, 2.171566e+02
2.840945e-01, 2.171033e+02
2.841274e-01, 2.170500e+02
2.841603e-01, 2.169967e+02
2.841931e-01, 2.169434e+02
2.842260e-01, 2.168901e+02
2.842589e-01, 2.168369e+02
2.842917e-01, 2.167836e+02
2.843246e-01, 2.167304e+02
2.843574e-01, 2.166772e+02
2.843903e-01, 2.166240e+02
2.844232e-01, 2.165708e+02
2.844560e-01, 2.165177e+02
2.844889e-01, 2.164646e+02
2.845218e-01, 2.164115e+02
2.845546e-01, 2.163584e+02
2.845875e-01, 2.163054e+02
2.846203e-01, 2.162524e+02
2.846532e-01, 2.161994e+02
2.846861e-01, 2.161464e+02
2.847189e-01, 2.160934e+02
2.847518e-01, 2.160405e+02
2.847847e-01, 2.159876e+02
2.848175e-01, 2.159347e+02
2.848504e-01, 2.158818e+02
2.848832e-01, 2.158290e+02
2.849161e-01, 2.157762e+02
2.849490e-01, 2.157234e+02
2.849818e-01, 2.156706e+02
2.850147e-01, 2.156178e+02
2.850475e-01, 2.155651e+02
2.850804e-01, 2.155124e+02
2.851133e-01, 2.154597e+02
2.851461e-01, 2.154071e+02
2.851790e-01, 2.153544e+02
2.852118e-01, 2.153018e+02
2.852447e-01, 2.152492e+02
2.852775e-01, 2.151967e+02
2.853104e-01, 2.151441e+02
2.853433e-01, 2.150916e+02
2.853761e-01, 2.150391e+02
2.854090e-01, 2.149866e+02
2.854418e-01, 2.149342e+02
2.854747e-01, 2.148817e+02
2.855075e-01, 2.148293e+02
2.855404e-01, 2.147769e+02
2.855733e-01, 2.147246e+02
2.856061e-01, 2.146722e+02
2.856390e-01, 2.146199e+02
2.856718e-01, 2.145676e+02
2.857047e-01, 2.145153e+02
2.857375e-01, 2.144631e+02
2.857704e-01, 2.144108e+02
2.858032e-01, 2.143586e+02
2.858361e-01, 2.143065e+02
2.858690e-01, 2.142543e+02
2.859018e-01, 2.142022e+02
2.859347e-01, 2.141500e+02
2.859675e-01, 2.140979e+02
2.860004e-01, 2.140459e+02
2.860332e-01, 2.139938e+02
2.860661e-01, 2.139418e+02
2.860989e-01, 2.138898e+02
2.861318e-01, 2.138378e+02
2.861646e-01, 2.137858e+02
2.861975e-01, 2.137339e+02
2.862303e-01, 2.136820e+02
2.862632e-01, 2.136301e+02
2.862960e-01, 2.135782e+02
2.863289e-01, 2.135264e+02
2.863617e-01, 2.134746e+02
2.863946e-01, 2.134228e+02
2.864274e-01, 2.133710e+02
2.864603e-01, 2.133192e+02
2.864931e-01, 2.132675e+02
2.865260e-01, 2.132158e+02
2.865588e-01, 2.131641e+02
2.865917e-01, 2.131124e+02
2.866245e-01, 2.130608e+02
2.866574e-01, 2.130091e+02
2.866902e-01, 2.129575e+02
2.867231e-01, 2.129060e+02
2.867559e-01, 2.128544e+02
2.867888e-01, 2.128029e+02
2.868216e-01, 2.127513e+02
2.868545e-01, 2.126999e+02
2.868873e-01, 2.126484e+02
2.869202e-01, 2.125969e+02
2.869530e-01, 2.125455e+02
2.869859e-01, 2.124941e+02
2.870187e-01, 2.124427e+02
2.870516e-01, 2.123914e+02
2.870844e-01, 2.123400e+02
2.871172e-01, 2.122887e+02
2.871501e-01, 2.122374e+02
2.871829e-01, 2.121862e+02
2.872158e-01, 2.121349e+02
2.872486e-01, 2.120837e+02
2.872815e-01, 2.120325e+02
2.873143e-01, 2.119813e+02
2.873472e-01, 2.119302e+02
2.873800e-01, 2.118790e+02
2.874128e-01, 2.118279e+02
2.874457e-01, 2.117768e+02
2.874785e-01, 2.117258e+02
2.875114e-01, 2.116747e+02
2.875442e-01, 2.116237e+02
2.875771e-01, 2.115727e+02
2.876099e-01, 2.115217e+02
2.876427e-01, 2.114707e+02
2.876756e-01, 2.114198e+02
2.877084e-01, 2.113689e+02
2.877413e-01, 2.113180e+02
2.877741e-01, 2.112671e+02
2.878070e-01, 2.112163e+02
2.878398e-01, 2.111654e+02
2.878726e-01, 2.111146e+02
2.879055e-01, 2.110638e+02
2.879383e-01, 2.110131e+02
2.879712e-01, 2.109623e+02
2.880040e-01, 2.109116e+02
2.880368e-01, 2.108609e+02
2.880697e-01, 2.108103e+02
2.881025e-01, 2.107596e+02
2.881354e-01, 2.107090e+02
2.881682e-01, 2.106584e+02
2.882010e-01, 2.106078e+02
2.882339e-01, 2.105572e+02
2.882667e-01, 2.105067e+02
2.882995e-01, 2.104562e+02
2.883324e-01, 2.104057e+02
2.883652e-01, 2.103552e+02
2.883981e-01, 2.103047e+02
2.884309e-01, 2.102543e+02
2.884637e-01, 2.102039e+02
2.884966e-01, 2.101535e+02
2.885294e-01, 2.101031e+02
2.885622e-01, 2.100528e+02
2.885951e-01, 2.100024e+02
2.886279e-01, 2.099521e+02
2.886607e-01, 2.099019e+02
2.886936e-01, 2.098516e+02
2.887264e-01, 2.098014e+02
2.887592e-01, 2.097511e+02
2.887921e-01, 2.097009e+02
2.888249e-01, 2.096508e+02
2.888577e-01, 2.096006e+02
2.888906e-01, 2.095505e+02
2.889234e-01, 2.095004e+02
2.889562e-01, 2.094503e+02
2.889891e-01, 2.094002e+02
2.890219e-01, 2.093502e+02
2.890547e-01, 2.093002e+02
2.890876e-01, 2.092502e+02
2.891204e-01, 2.092002e+02
2.891532e-01, 2.091502e+02
2.891861e-01, 2.091003e+02
2.892189e-01, 2.090504e+02
2.892517e-01, 2.090005e+02
2.892846e-01, 2.089506e+02
2.893174e-01, 2.089008e+02
2.893502e-01, 2.088509e+02
2.893830e-01, 2.088011e+02
2.894159e-01, 2.087513e+02
2.894487e-01, 2.087016e+02
2.894815e-01, 2.086518e+02
2.895144e-01, 2.086021e+02
2.895472e-01, 2.085524e+02
2.895800e-01, 2.085027e+02
2.896128e-01, 2.084531e+02
2.896457e-01, 2.084034e+02
2.896785e-01, 2.083538e+02
2.897113e-01, 2.083042e+02
2.897442e-01, 2.082547e+02
2.897770e-01, 2.082051e+02
2.898098e-01, 2.081556e+02
2.898426e-01, 2.081061e+02
2.898755e-01, 2.080566e+02
2.899083e-01, 2.080071e+02
2.899411e-01, 2.079577e+02
2.899739e-01, 2.079083e+02
2.900068e-01, 2.078589e+02
2.900396e-01, 2.078095e+02
2.900724e-01, 2.077601e+02
2.901052e-01, 2.077108e+02
2.901381e-01, 2.076615e+02
2.901709e-01, 2.076122e+02
2.902037e-01, 2.075629e+02
2.902365e-01, 2.075136e+02
2.902694e-01, 2.074644e+02
2.903022e-01, 2.074152e+02
2.903350e-01, 2.073660e+02
2.903678e-01, 2.073168e+02
2.904006e-01, 2.072677e+02
2.904335e-01, 2.072186e+02
2.904663e-01, 2.071695e+02
2.904991e-01, 2.071204e+02
2.905319e-01, 2.070713e+02
2.905648e-01, 2.070223e+02
2.905976e-01, 2.069733e+02
2.906304e-01, 2.069243e+02
2.906632e-01, 2.068753e+02
2.906960e-01, 2.068263e+02
2.907289e-01, 2.067774e+02
2.907617e-01, 2.067285e+02
2.907945e-01, 2.066796e+02
2.908273e-01, 2.066307e+02
2.908601e-01, 2.065819e+02
2.908930e-01, 2.065330e+02
2.909258e-01, 2.064842e+02
2.909586e-01, 2.064354e+02
2.909914e-01, 2.063867e+02
2.910242e-01, 2.063379e+02
2.910570e-01, 2.062892e+02
2.910899e-01, 2.062405e+02
2.911227e-01, 2.061918e+02
2.911555e-01, 2.061432e+02
2.911883e-01, 2.060945e+02
2.912211e-01, 2.060459e+02
2.912539e-01, 2.059973e+02
2.912868e-01, 2.059487e+02
2.913196e-01, 2.059002e+02
2.913524e-01, 2.058516e+02
2.913852e-01, 2.058031e+02
2.914180e-01, 2.057546e+02
2.914508e-01, 2.057061e+02
2.914837e-01, 2.056577e+02
2.915165e-01, 2.056093e+02
2.915493e-01, 2.055608e+02
2.915821e-01, 2.055125e+02
2.916149e-01, 2.054641e+02
2.916477e-01, 2.054157e+02
2.916805e-01, 2.053674e+02
2.917133e-01, 2.053191e+02
2.917462e-01, 2.052708e+02
2.917790e-01, 2.052225e+02
2.918118e-01, 2.051743e+02
2.918446e-01, 2.051261e+02
2.918774e-01, 2.050779e+02
2.919102e-01, 2.050297e+02
2.919430e-01, 2.049815e+02
2.919758e-01, 2.049334e+02
2.920087e-01, 2.048853e+02
2.920415e-01, 2.048372e+02
2.920743e-01, 2.047891e+02
2.921071e-01, 2.047410e+02
2.921399e-01, 2.046930e+02
2.921727e-01, 2.046450e+02
2.922055e-01, 2.045970e+02
2.922383e-01, 2.045490e+02
2.922711e-01, 2.045010e+02
2.923039e-01, 2.044531e+02
2.923367e-01, 2.044052e+02
2.923696e-01, 2.043573e+02
2.924024e-01, 2.043094e+02
2.924352e-01, 2.042616e+02
2.924680e-01, 2.042137e+02
2.925008e-01, 2.041659e+02
2.925336e-01, 2.041181e+02
2.925664e-01, 2.040704e+02
2.925992e-01, 2.040226e+02
2.926320e-01, 2.039749e+02
2.926648e-01, 2.039272e+02
2.926976e-01, 2.038795e+02
2.927304e-01, 2.038318e+02
2.927632e-01, 2.037842e+02
2.927960e-01, 2.037365e+02
2.928288e-01, 2.036889e+02
2.928617e-01, 2.036413e+02
2.928945e-01, 2.035938e+02
2.929273e-01, 2.035462e+02
2.929601e-01, 2.034987e+02
2.929929e-01, 2.034512e+02
2.930257e-01, 2.034037e+02
2.930585e-01, 2.033562e+02
2.930913e-01, 2.033088e+02
2.931241e-01, 2.032614e+02
2.931569e-01, 2.032139e+02
2.931898e-01, 2.031662e+02
2.932226e-01, 2.031183e+02
2.932555e-01, 2.030702e+02
2.932884e-01, 2.030219e+02
2.933213e-01, 2.029736e+02
2.933542e-01, 2.029252e+02
2.933871e-01, 2.028768e+02
2.934200e-01, 2.028283e+02
2.934529e-01, 2.027799e+02
2.934858e-01, 2.027314e+02
2.935187e-01, 2.026830e+02
2.935516e-01, 2.026346e+02
2.935845e-01, 2.025862e+02
2.936174e-01, 2.025378e+02
2.936503e-01, 2.024894e+02
2.936832e-01, 2.024410e+02
2.937161e-01, 2.023927e+02
2.937490e-01, 2.023444e+02
2.937818e-01, 2.022961e+02
2.938147e-01, 2.022478e+02
2.938476e-01, 2.021995e+02
2.938805e-01, 2.021513e+02
2.939134e-01, 2.021031e+02
2.939463e-01, 2.020549e+02
2.939792e-01, 2.020067e+02
2.940121e-01, 2.019585e+02
2.940450e-01, 2.019104e+02
2.940779e-01, 2.018623e+02
2.941108e-01, 2.018142e+02
2.941437e-01, 2.017661e+02
2.941766e-01, 2.017180e+02
2.942095e-01, 2.016700e+02
2.942424e-01, 2.016220e+02
2.942753e-01, 2.015740e+02
2.943082e-01, 2.015260e+02
2.943411e-01, 2.014781e+02
2.943740e-01, 2.014301e+02
2.944069e-01, 2.013822e+02
2.944398e-01, 2.013343e+02
2.944727e-01, 2.012864e+02
2.945056e-01, 2.012386e+02
2.945384e-01, 2.011907e+02
2.945713e-01, 2.011429e+02
2.946042e-01, 2.010951e+02
2.946371e-01, 2.010474e+02
2.946700e-01, 2.009996e+02
2.947029e-01, 2.009519e+02
2.947358e-01, 2.009042e+02
2.947687e-01, 2.008565e+02
2.948016e-01, 2.008088e+02
2.948345e-01, 2.007611e+02
2.948674e-01, 2.007135e+02
2.949003e-01, 2.006659e+02
2.949331e-01, 2.006183e+02
2.949660e-01, 2.005707e+02
2.949989e-01, 2.005232e+02
2.950318e-01, 2.004756e+02
2.950647e-01, 2.004281e+02
2.950976e-01, 2.003806e+02
2.951305e-01, 2.003332e+02
2.951634e-01, 2.002857e+02
2.951963e-01, 2.002383e+02
2.952291e-01, 2.001909e+02
2.952620e-01, 2.001435e+02
2.952949e-01, 2.000961e+02
2.953278e-01, 2.000487e+02
2.953607e-01, 2.000014e+02
2.953936e-01, 1.999541e+02
2.954265e-01, 1.999068e+02
2.954593e-01, 1.998595e+02
2.954922e-01, 1.998123e+02
2.955251e-01, 1.997650e+02
2.955580e-01, 1.997178e+02
2.955909e-01, 1.996706e+02
2.956238e-01, 1.996234e+02
2.956567e-01, 1.995763e+02
2.956895e-01, 1.995292e+02
2.957224e-01, 1.994820e+02
2.957553e-01, 1.994349e+02
2.957882e-01, 1.993879e+02
2.958211e-01, 1.993408e+02
2.958540e-01, 1.992938e+02
2.958868e-01, 1.992468e+02
2.959197e-01, 1.991998e+02
2.959526e-01, 1.991528e+02
2.959855e-01, 1.991058e+02
2.960184e-01, 1.990589e+02
2.960513e-01, 1.990120e+02
2.960841e-01, 1.989651e+02
2.961170e-01, 1.989182e+02
2.961499e-01, 1.988714e+02
2.961828e-01, 1.988246e+02
2.962157e-01, 1.987778e+02
2.962485e-01, 1.987310e+02
2.962814e-01, 1.986842e+02
2.963143e-01, 1.986375e+02
2.963472e-01, 1.985907e+02
2.963800e-01, 1.985440e+02
2.964129e-01, 1.984973e+02
2.964458e-01, 1.984507e+02
2.964787e-01, 1.984040e+02
2.965116e-01, 1.983574e+02
2.965444e-01, 1.983108e+02
2.965773e-01, 1.982642e+02
2.966102e-01, 1.982176e+02
2.966431e-01, 1.981710e+02
2.966759e-01, 1.981245e+02
2.967088e-01, 1.980780e+02
2.967417e-01, 1.980315e+02
2.967746e-01, 1.979850e+02
2.968074e-01, 1.979386e+02
2.968403e-01, 1.978921e+02
2.968732e-01, 1.978457e+02
2.969061e-01, 1.977993e+02
2.969389e-01, 1.977529e+02
2.969718e-01, 1.977066e+02
2.970047e-01, 1.976603e+02
2.970376e-01, 1.976139e+02
2.970704e-01, 1.975676e+02
2.971033e-01, 1.975214e+02
2.971362e-01, 1.974751e+02
2.971690e-01, 1.974289e+02
2.972019e-01, 1.973826e+02
2.972348e-01, 1.973364e+02
2.972677e-01, 1.972903e+02
2.973005e-01, 1.972441e+02
2.973334e-01, 1.971979e+02
2.973663e-01, 1.971518e+02
2.973991e-01, 1.971057e+02
2.974320e-01, 1.970596e+02
2.974649e-01, 1.970136e+02
2.974978e-01, 1.969675e+02
2.975306e-01, 1.969214e+02
2.975635e-01, 1.968753e+02
2.975964e-01, 1.968292e+02
2.976293e-01, 1.967832e+02
2.976622e-01, 1.967371e+02
2.976951e-01, 1.966911e+02
2.977279e-01, 1.966450e+02
2.977608e-01, 1.965990e+02
2.977937e-01, 1.965530e+02
2.978266e-01, 1.965070e+02
2.978595e-01, 1.964611e+02
2.978924e-01, 1.964152e+02
2.979252e-01, 1.963692e+02
2.979581e-01, 1.963233e+02
2.979910e-01, 1.962774e+02
2.980239e-01, 1.962316e+02
2.980568e-01, 1.961857e+02
2.980897e-01, 1.961399e+02
2.981225e-01, 1.960941e+02
2.981554e-01, 1.960483e+02
2.981883e-01, 1.960026e+02
2.982212e-01, 1.959568e+02
2.982541e-01, 1.959111e+02
2.982869e-01, 1.958654e+02
2.983198e-01, 1.958197e+02
2.983527e-01, 1.957740e+02
2.983856e-01, 1.957284e+02
2.984185e-01, 1.956827e+02
2.984513e-01, 1.956371e+02
2.984842e-01, 1.955915e+02
2.985171e-01, 1.955459e+02
2.985500e-01, 1.955004e+02
2.985829e-01, 1.954548e+02
2.986157e-01, 1.954093e+02
2.986486e-01, 1.953638e+02
2.986815e-01, 1.953183e+02
2.987144e-01, 1.952728e+02
2.987473e-01, 1.952274e+02
2.987802e-01, 1.951819e+02
2.988130e-01, 1.951365e+02
2.988459e-01, 1.950911e+02
2.988788e-01, 1.950457e+02
2.989117e-01, 1.950003e+02
2.989446e-01, 1.949550e+02
2.989774e-01, 1.949096e+02
2.990103e-01, 1.948643e+02
2.990432e-01, 1.948190e+02
2.990761e-01, 1.947738e+02
2.991090e-01, 1.947285e+02
2.991418e-01, 1.946833e+02
2.991747e-01, 1.946381e+02
2.992076e-01, 1.945929e+02
2.992405e-01, 1.945477e+02
2.992733e-01, 1.945025e+02
2.993062e-01, 1.944574e+02
2.993391e-01, 1.944123e+02
2.993720e-01, 1.943672e+02
2.994049e-01, 1.943221e+02
2.994377e-01, 1.942770e+02
2.994706e-01, 1.942320e+02
2.995035e-01, 1.941869e+02
2.995364e-01, 1.941419e+02
2.995692e-01, 1.940969e+02
2.996021e-01, 1.940520e+02
2.996350e-01, 1.940070e+02
2.996679e-01, 1.939621e+02
2.997007e-01, 1.939172e+02
2.997336e-01, 1.938723e+02
2.997665e-01, 1.938274e+02
2.997994e-01, 1.937825e+02
2.998322e-01, 1.937377e+02
2.998651e-01, 1.936929e+02
2.998980e-01, 1.936481e+02
2.999308e-01, 1.936033e+02
2.999637e-01, 1.935585e+02
2.999966e-01, 1.935138e+02
3.000295e-01, 1.934691e+02
3.000623e-01, 1.934244e+02
3.000952e-01, 1.933797e+02
3.001281e-01, 1.933350e+02
3.001610e-01, 1.932903e+02
3.001938e-01, 1.932457e+02
3.002267e-01, 1.932011e+02
3.002596e-01, 1.931565e+02
3.002924e-01, 1.931119e+02
3.003253e-01, 1.930674e+02
3.003582e-01, 1.930228e+02
3.003910e-01, 1.929783e+02
3.004239e-01, 1.929338e+02
3.004568e-01, 1.928893e+02
3.004897e-01, 1.928449e+02
3.005225e-01, 1.928004e+02
3.005554e-01, 1.927560e+02
3.005883e-01, 1.927116e+02
3.006211e-01, 1.926672e+02
3.006540e-01, 1.926228e+02
3.006869e-01, 1.925785e+02
3.007197e-01, 1.925341e+02
3.007526e-01, 1.924898e+02
3.007855e-01, 1.924455e+02
3.008183e-01, 1.924012e+02
3.008512e-01, 1.923570e+02
3.008841e-01, 1.923127e+02
3.009169e-01, 1.922685e+02
3.009498e-01, 1.922243e+02
3.009827e-01, 1.921801e+02
3.010155e-01, 1.921359e+02
3.010484e-01, 1.920918e+02
3.010812e-01, 1.920477e+02
3.011141e-01, 1.920035e+02
3.011470e-01, 1.919593e+02
3.011799e-01, 1.919148e+02
3.012128e-01, 1.918701e+02
3.012457e-01, 1.918253e+02
3.012786e-01, 1.917804e+02
3.013114e-01, 1.917354e+02
3.013443e-01, 1.916904e+02
3.013772e-01, 1.916454e+02
3.014101e-01, 1.916003e+02
3.014430e-01, 1.915552e+02
3.014759e-01, 1.915102e+02
3.015088e-01, 1.914651e+02
3.015417e-01, 1.914200e+02
3.015746e-01, 1.913750e+02
3.016075e-01, 1.913299e+02
3.016403e-01, 1.912849e+02
3.016732e-01, 1.912399e+02
3.017061e-01, 1.911949e+02
3.017390e-01, 1.911499e+02
3.017719e-01, 1.911049e+02
3.018048e-01, 1.910599e+02
3.018377e-01, 1.910150e+02
3.018706e-01, 1.909700e+02
3.019034e-01, 1.909251e+02
3.019363e-01, 1.908802e+02
3.019692e-01, 1.908353e+02
3.020021e-01, 1.907904e+02
3.020350e-01, 1.907456e+02
3.020679e-01, 1.907007e+02
3.021007e-01, 1.906559e+02
3.021336e-01, 1.906111e+02
3.021665e-01, 1.905663e+02
3.021994e-01, 1.905215e+02
3.022323e-01, 1.904767e+02
3.022652e-01, 1.904320e+02
3.022980e-01, 1.903873e+02
3.023309e-01, 1.903425e+02
3.023638e-01, 1.902978e+02
3.023967e-01, 1.902532e+02
3.024296e-01, 1.902085e+02
3.024625e-01, 1.901638e+02
3.024953e-01, 1.901192e+02
3.025282e-01, 1.900746e+02
3.025611e-01, 1.900300e+02
3.025940e-01, 1.899854e+02
3.026269e-01, 1.899408e+02
3.026597e-01, 1.898962e+02
3.026926e-01, 1.898517e+02
3.027255e-01, 1.898072e+02
3.027584e-01, 1.897627e+02
3.027913e-01, 1.897182e+02
3.028241e-01, 1.896737e+02
3.028570e-01, 1.896292e+02
3.028899e-01, 1.895848e+02
3.029228e-01, 1.895404e+02
3.029556e-01, 1.894959e+02
3.029885e-01, 1.894515e+02
3.030214e-01, 1.894072e+02
3.030543e-01, 1.893628e+02
3.030872e-01, 1.893184e+02
3.031200e-01, 1.892741e+02
3.031529e-01, 1.892298e+02
3.031858e-01, 1.891855e+02
3.032187e-01, 1.891412e+02
3.032515e-01, 1.890969e+02
3.032844e-01, 1.890527e+02
3.033173e-01, 1.890084e+02
3.033502e-01, 1.889642e+02
3.033830e-01, 1.889200e+02
3.034159e-01, 1.888758e+02
3.034488e-01, 1.888317e+02
3.034816e-01, 1.887875e+02
3.035145e-01, 1.887434e+02
3.035474e-01, 1.886992e+02
3.035803e-01, 1.886551e+02
3.036131e-01, 1.886110e+02
3.036460e-01, 1.885669e+02
3.036789e-01, 1.885229e+02
3.037118e-01, 1.884788e+02
3.037446e-01, 1.884348e+02
3.037775e-01, 1.883908e+02
3.038104e-01, 1.883468e+02
3.038432e-01, 1.883028e+02
3.038761e-01, 1.882588e+02
3.039090e-01, 1.882149e+02
3.039418e-01, 1.881710e+02
3.039747e-01, 1.881270e+02
3.040076e-01, 1.880831e+02
3.040405e-01, 1.880393e+02
3.040733e-01, 1.879954e+02
3.041062e-01, 1.879515e+02
3.041391e-01, 1.879077e+02
3.041719e-01, 1.878639e+02
3.042048e-01, 1.878201e+02
3.042377e-01, 1.877763e+02
3.042705e-01, 1.877325e+02
3.043034e-01, 1.876887e+02
3.043363e-01, 1.876450e+02
3.043691e-01, 1.876013e+02
3.044020e-01, 1.875576e+02
3.044349e-01, 1.875139e+02
3.044677e-01, 1.874702e+02
3.045006e-01, 1.874265e+02
3.045335e-01, 1.873829e+02
3.045663e-01, 1.873392e+02
3.045992e-01, 1.872956e+02
3.046321e-01, 1.872520e+02
3.046649e-01, 1.872084e+02
3.046978e-01, 1.871649e+02
3.047306e-01, 1.871213e+02
3.047635e-01, 1.870778e+02
3.047964e-01, 1.870343e+02
3.048292e-01, 1.869908e+02
3.048621e-01, 1.869473e+02
3.048950e-01, 1.869038e+02
3.049278e-01, 1.868603e+02
3.049607e-01, 1.868169e+02
3.049935e-01, 1.867735e+02
3.050264e-01, 1.867301e+02
3.050593e-01, 1.866867e+02
3.050921e-01, 1.866433e+02
3.051250e-01, 1.865999e+02
3.051579e-01, 1.865566e+02
3.051907e-01, 1.865133e+02
3.052236e-01, 1.864699e+02
3.052565e-01, 1.864264e+02
3.052893e-01, 1.863826e+02
3.053222e-01, 1.863386e+02
3.053551e-01, 1.862945e+02
3.053880e-01, 1.862503e+02
3.054209e-01, 1.862060e+02
3.054538e-01, 1.861617e+02
3.054867e-01, 1.861173e+02
3.055196e-01, 1.860729e+02
3.055524e-01, 1.860285e+02
3.055853e-01, 1.859842e+02
3.056182e-01, 1.859398e+02
3.056511e-01, 1.858954e+02
3.056840e-01, 1.858510e+02
3.057169e-01, 1.858066e+02
3.057498e-01, 1.857622e+02
3.057827e-01, 1.857179e+02
3.058156e-01, 1.856735e+02
3.058485e-01, 1.856292e+02
3.058813e-01, 1.855849e+02
3.059142e-01, 1.855406e+02
3.059471e-01, 1.854963e+02
3.059800e-01, 1.854520e+02
3.060129e-01, 1.854078e+02
3.060458e-01, 1.853635e+02
3.060787e-01, 1.853193e+02
3.061116e-01, 1.852751e+02
3.061444e-01, 1.852309e+02
3.061773e-01, 1.851868e+02
3.062102e-01, 1.851426e+02
3.062431e-01, 1.850985e+02
3.062760e-01, 1.850544e+02
3.063089e-01, 1.850103e+02
3.063417e-01, 1.849662e+02
3.063746e-01, 1.849221e+02
3.064075e-01, 1.848781e+02
3.064404e-01, 1.848340e+02
3.064733e-01, 1.847900e+02
3.065062e-01, 1.847460e+02
3.065390e-01, 1.847020e+02
3.065719e-01, 1.846581e+02
3.066048e-01, 1.846141e+02
3.066377e-01, 1.845702e+02
3.066706e-01, 1.845263e+02
3.067035e-01, 1.844824e+02
3.067363e-01, 1.844385e+02
3.067692e-01, 1.843947e+02
3.068021e-01, 1.843508e+02
3.068350e-01, 1.843070e+02
3.068679e-01, 1.842632e+02
3.069007e-01, 1.842194e+02
3.069336e-01, 1.841756e+02
3.069665e-01, 1.841319e+02
3.069994e-01, 1.840882e+02
3.070323e-01, 1.840444e+02
3.070651e-01, 1.840007e+02
3.070980e-01, 1.839570e+02
3.071309e-01, 1.839134e+02
3.071638e-01, 1.838697e+02
3.071966e-01, 1.838261e+02
3.072295e-01, 1.837825e+02
3.072624e-01, 1.837389e+02
3.072953e-01, 1.836953e+02
3.073282e-01, 1.836517e+02
3.073610e-01, 1.836082e+02
3.073939e-01, 1.835647e+02
3.074268e-01, 1.835211e+02
3.074597e-01, 1.834776e+02
3.074925e-01, 1.834342e+02
3.075254e-01, 1.833907e+02
3.075583e-01, 1.833473e+02
3.075911e-01, 1.833038e+02
3.076240e-01, 1.832604e+02
3.076569e-01, 1.832170e+02
3.076898e-01, 1.831736e+02
3.077226e-01, 1.831303e+02
3.077555e-01, 1.830869e+02
3.077884e-01, 1.830436e+02
3.078213e-01, 1.830003e+02
3.078541e-01, 1.829570e+02
3.078870e-01, 1.829137e+02
3.079199e-01, 1.828705e+02
3.079527e-01, 1.828272e+02
3.079856e-01, 1.827840e+02
3.080185e-01, 1.827408e+02
3.080514e-01, 1.826976e+02
3.080842e-01, 1.826544e+02
3.081171e-01, 1.826113e+02
3.081500e-01, 1.825682e+02
3.081828e-01, 1.825250e+02
3.082157e-01, 1.824819e+02
3.082486e-01, 1.824388e+02
3.082814e-01, 1.823958e+02
3.083143e-01, 1.823527e+02
3.083472e-01, 1.823097e+02
3.083800e-01, 1.822667e+02
3.084129e-01, 1.822237e+02
3.084458e-01, 1.821807e+02
3.084786e-01, 1.821377e+02
3.085115e-01, 1.820948e+02
3.085444e-01, 1.820518e+02
3.085772e-01, 1.820089e+02
3.086101e-01, 1.819660e+02
3.086430e-01, 1.819231e+02
3.086758e-01, 1.818802e+02
3.087087e-01, 1.818374e+02
3.087416e-01, 1.817946e+02
3.087744e-01, 1.817517e+02
3.088073e-01, 1.817089e+02
3.088401e-01, 1.816662e+02
3.088730e-01, 1.816234e+02
3.089059e-01, 1.815807e+02
3.089387e-01, 1.815379e+02
3.089716e-01, 1.814952e+02
3.090045e-01, 1.814525e+02
3.090373e-01, 1.814098e+02
3.090702e-01, 1.813672e+02
3.091030e-01, 1.813245e+02
3.091359e-01, 1.812819e+02
3.091688e-01, 1.812393e+02
3.092016e-01, 1.811967e+02
3.092345e-01, 1.811541e+02
3.092673e-01, 1.811115e+02
3.093002e-01, 1.810690e+02
3.093331e-01, 1.810264e+02
3.093659e-01, 1.809839e+02
3.093988e-01, 1.809414e+02
3.094316e-01, 1.808990e+02
3.094645e-01, 1.808565e+02
3.094974e-01, 1.808140e+02
3.095302e-01, 1.807716e+02
3.095631e-01, 1.807292e+02
3.095959e-01, 1.806868e+02
3.096288e-01, 1.806444e+02
3.096616e-01, 1.806021e+02
3.096945e-01, 1.805597e+02
3.097274e-01, 1.805174e+02
3.097602e-01, 1.804751e+02
3.097931e-01, 1.804328e+02
3.098259e-01, 1.803905e+02
3.098588e-01, 1.803482e+02
3.098916e-01, 1.803060e+02
3.099245e-01, 1.802638e+02
3.099573e-01, 1.802216e+02
3.099902e-01, 1.801794e+02
3.100230e-01, 1.801372e+02
3.100559e-01, 1.800950e+02
3.100887e-01, 1.800529e+02
3.101216e-01, 1.800107e+02
3.101545e-01, 1.799686e+02
3.101873e-01, 1.799265e+02
3.102202e-01, 1.798845e+02
3.102530e-01, 1.798424e+02
3.102859e-01, 1.798003e+02
3.103187e-01, 1.797583e+02
3.103516e-01, 1.797163e+02
3.103844e-01, 1.796743e+02
3.104173e-01, 1.796323e+02
3.104501e-01, 1.795904e+02
3.104830e-01, 1.795484e+02
3.105158e-01, 1.795065e+02
3.105487e-01, 1.794646e+02
3.105815e-01, 1.794227e+02
3.106144e-01, 1.793808e+02
3.106472e-01, 1.793389e+02
3.106801e-01, 1.792971e+02
3.107129e-01, 1.792552e+02
3.107457e-01, 1.792134e+02
3.107786e-01, 1.791716e+02
3.108114e-01, 1.791298e+02
3.108443e-01, 1.790881e+02
3.108771e-01, 1.790463e+02
3.109100e-01, 1.790046e+02
3.109428e-01, 1.789629e+02
3.109757e-01, 1.789212e+02
3.110085e-01, 1.788795e+02
3.110414e-01, 1.788378e+02
3.110742e-01, 1.787961e+02
3.111071e-01, 1.787545e+02
3.111399e-01, 1.787129e+02
3.111727e-01, 1.786713e+02
3.112056e-01, 1.786297e+02
3.112384e-01, 1.785881e+02
3.112713e-01, 1.785466e+02
3.113041e-01, 1.785050e+02
3.113370e-01, 1.784635e+02
3.113698e-01, 1.784220e+02
3.114026e-01, 1.783805e+02
3.114355e-01, 1.783391e+02
3.114683e-01, 1.782976e+02
3.115012e-01, 1.782562e+02
3.115340e-01, 1.782147e+02
3.115669e-01, 1.781733e+02
3.115997e-01, 1.781319e+02
3.116325e-01, 1.780906e+02
3.116654e-01, 1.780492e+02
3.116982e-01, 1.780079e+02
3.117311e-01, 1.779665e+02
3.117639e-01, 1.779252e+02
3.117967e-01, 1.778839e+02
3.118296e-01, 1.778426e+02
3.118624e-01, 1.778014e+02
3.118953e-01, 1.777601e+02
3.119281e-01, 1.777189e+02
3.119609e-01, 1.776777e+02
3.119938e-01, 1.776365e+02
3.120266e-01, 1.775953e+02
3.120594e-01, 1.775542e+02
3.120923e-01, 1.775130e+02
3.121251e-01, 1.774719e+02
3.121579e-01, 1.774308e+02
3.121908e-01, 1.773897e+02
3.122236e-01, 1.773486e+02
3.122565e-01, 1.773075e+02
3.122893e-01, 1.772665e+02
3.123221e-01, 1.772254e+02
3.123550e-01, 1.771844e+02
3.123878e-01, 1.771434e+02
3.124206e-01, 1.771024e+02
3.124535e-01, 1.770614e+02
3.124863e-01, 1.770205e+02
3.125191e-01, 1.769795e+02
3.125520e-01, 1.769386e+02
3.125848e-01, 1.768977e+02
3.126176e-01, 1.768568e+02
3.126505e-01, 1.768159e+02
3.126833e-01, 1.767751e+02
3.127161e-01, 1.767342e+02
3.127490e-01, 1.766934e+02
3.127818e-01, 1.766526e+02
3.128146e-01, 1.766118e+02
3.128475e-01, 1.765710e+02
3.128803e-01, 1.765303e+02
3.129131e-01, 1.764895e+02
3.129459e-01, 1.764488e+02
3.129788e-01, 1.764081e+02
3.130116e-01, 1.763674e+02
3.130444e-01, 1.763267e+02
3.130773e-01, 1.762860e+02
3.131101e-01, 1.762454e+02
3.131429e-01, 1.762047e+02
3.131757e-01, 1.761641e+02
3.132086e-01, 1.761235e+02
3.132414e-01, 1.760829e+02
3.132742e-01, 1.760424e+02
3.133071e-01, 1.760018e+02
3.133399e-01, 1.759613e+02
3.133727e-01, 1.759207e+02
3.134055e-01, 1.758802e+02
3.134384e-01, 1.758397e+02
3.134712e-01, 1.757993e+02
3.135040e-01, 1.757588e+02
3.135368e-01, 1.757184e+02
3.135697e-01, 1.756779e+02
3.136025e-01, 1.756375e+02
3.136353e-01, 1.755971e+02
3.136681e-01, 1.755567e+02
3.137010e-01, 1.755164e+02
3.137338e-01, 1.754760e+02
3.137666e-01, 1.754357e+02
3.137994e-01, 1.753954e+02
3.138323e-01, 1.753551e+02
3.138651e-01, 1.753148e+02
3.138979e-01, 1.752745e+02
3.139307e-01, 1.752343e+02
3.139636e-01, 1.751940e+02
3.139964e-01, 1.751538e+02
3.140292e-01, 1.751136e+02
3.140620e-01, 1.750734e+02
3.140948e-01, 1.750332e+02
3.141277e-01, 1.749931e+02
3.141605e-01, 1.749529e+02
3.141933e-01, 1.749128e+02
3.142261e-01, 1.748727e+02
3.142589e-01, 1.748326e+02
3.142918e-01, 1.747925e+02
3.143246e-01, 1.747524e+02
3.143574e-01, 1.747124e+02
3.143902e-01, 1.746723e+02
3.144230e-01, 1.746323e+02
3.144559e-01, 1.745923e+02
3.144887e-01, 1.745523e+02
3.145215e-01, 1.745124e+02
3.145543e-01, 1.744724e+02
3.145871e-01, 1.744325e+02
3.146199e-01, 1.743925e+02
3.146528e-01, 1.743526e+02
3.146856e-01, 1.743127e+02
3.147184e-01, 1.742729e+02
3.147512e-01, 1.742330e+02
3.147840e-01, 1.741932e+02
3.148168e-01, 1.741533e+02
3.148497e-01, 1.741135e+02
3.148825e-01, 1.740737e+02
3.149153e-01, 1.740339e+02
3.149481e-01, 1.739942e+02
3.149809e-01, 1.739544e+02
3.150137e-01, 1.739147e+02
3.150465e-01, 1.738749e+02
3.150794e-01, 1.738352e+02
3.151122e-01, 1.737955e+02
3.151450e-01, 1.737559e+02
3.151778e-01, 1.737162e+02
3.152106e-01, 1.736766e+02
3.152434e-01, 1.736369e+02
3.152762e-01, 1.735973e+02
3.153090e-01, 1.735577e+02
3.153419e-01, 1.735181e+02
3.153747e-01, 1.734786e+02
3.154075e-01, 1.734390e+02
3.154403e-01, 1.733995e+02
3.154731e-01, 1.733600e+02
3.155059e-01, 1.733205e+02
3.155387e-01, 1.732810e+02
3.155715e-01, 1.732415e+02
3.156043e-01, 1.732020e+02
3.156372e-01, 1.731626e+02
3.156700e-01, 1.731232e+02
3.157028e-01, 1.730837e+02
3.157356e-01, 1.730443e+02
3.157684e-01, 1.730050e+02
3.158012e-01, 1.729656e+02
3.158340e-01, 1.729262e+02
3.158668e-01, 1.728869e+02
3.158996e-01, 1.728476e+02
3.159324e-01, 1.728083e+02
3.159652e-01, 1.727690e+02
3.159980e-01, 1.727297e+02
3.160308e-01, 1.726905e+02
3.160637e-01, 1.726512e+02
3.160965e-01, 1.726120e+02
3.161293e-01, 1.725728e+02
3.161621e-01, 1.725336e+02
3.161949e-01, 1.724944e+02
3.162277e-01, 1.724552e+02
3.162605e-01, 1.724161e+02
3.162933e-01, 1.723769e+02
3.163261e-01, 1.723378e+02
3.163589e-01, 1.722987e+02
3.163917e-01, 1.722596e+02
3.164245e-01, 1.722205e+02
3.164573e-01, 1.721815e+02
3.164901e-01, 1.721424e+02
3.165229e-01, 1.721034e+02
3.165557e-01, 1.720644e+02
3.165885e-01, 1.720254e+02
3.166213e-01, 1.719864e+02
3.166541e-01, 1.719474e+02
3.166869e-01, 1.719085e+02
3.167197e-01, 1.718695e+02
3.167525e-01, 1.718306e+02
3.167853e-01, 1.717917e+02
3.168181e-01, 1.717528e+02
3.168509e-01, 1.717139e+02
3.168837e-01, 1.716750e+02
3.169165e-01, 1.716362e+02
3.169493e-01, 1.715974e+02
3.169821e-01, 1.715585e+02
3.170149e-01, 1.715197e+02
3.170477e-01, 1.714810e+02
3.170805e-01, 1.714422e+02
3.171133e-01, 1.714034e+02
3.171461e-01, 1.713647e+02
3.171789e-01, 1.713259e+02
3.172117e-01, 1.712872e+02
3.172445e-01, 1.712485e+02
3.172773e-01, 1.712099e+02
3.173101e-01, 1.711712e+02
3.173429e-01, 1.711325e+02
3.173757e-01, 1.710939e+02
3.174085e-01, 1.710553e+02
3.174413e-01, 1.710167e+02
3.174741e-01, 1.709781e+02
3.175069e-01, 1.709395e+02
3.175397e-01, 1.709009e+02
3.175725e-01, 1.708624e+02
3.176053e-01, 1.708238e+02
3.176381e-01, 1.707853e+02
3.176709e-01, 1.707468e+02
3.177037e-01, 1.707083e+02
