1 2609 2610 2611 2612
2 2613 2614 2615 2616
3 2609 2611 2617 2618
4 2619 2609 2610 2611
5 2609 2611 2619 2620
6 2609 2621 2612 2622
7 2609 2623 2621 2624
8 2609 2623 2624 2620
9 2625 2626 2627 2628
10 2625 2627 2629 2630
11 2625 2631 2632 2633
12 2625 2629 2634 2630
13 2625 2633 2635 2636
14 2625 2630 2636 2635
15 2637 2638 2639 2640
16 2640 2641 2637 2638
17 2642 2640 2643 2644
18 2640 2645 2646 2647
19 2640 2637 2642 2648
20 2649 2650 2651 2652
21 2640 2643 2644 2653
22 2640 2648 2645 2647
23 2654 2655 2656 2657
24 2655 2612 2621 2658
25 2654 2659 2655 2612
26 2659 2654 2660 2612
27 2654 2655 2661 2662
28 2663 2664 2665 2666
29 2654 2655 2662 2656
30 2654 2660 2667 2668
31 2669 2670 2671 2672
32 1732 2673 1739 2674
33 2592 2675 2608 301
34 2676 2677 2678 2679
35 2669 2680 2681 2682
36 1737 2683 2684 2685
37 2669 2686 2682 2687
38 2688 2681 2689 2669
39 2690 2691 2692 2693
40 2694 2690 2695 2696
41 2690 2691 2696 2694
42 2690 2697 2698 2695
43 2608 1641 2607 286
44 2690 2694 2695 2698
45 2690 2698 2699 2694
46 2690 2692 2691 2700
47 2701 2702 2621 2703
48 2701 2704 2705 2706
49 2701 2706 2707 2704
50 2701 2702 2707 2708
51 2709 2710 2711 2712
52 2701 2705 2713 2706
53 2714 2715 2716 2717
54 2714 2718 2715 2719
55 2714 2720 2717 2716
56 2714 2720 2721 2722
57 2723 2591 2592 2608
58 2714 2718 2724 2725
59 2714 2719 2720 2722
60 2611 2618 2612 2726
61 2727 2611 2619 2610
62 2610 2728 2727 2611
63 2729 1008 2730 1233
64 2731 2619 2639 2732
65 2607 285 1641 1640
66 2611 2618 2726 2733
67 2611 2639 2726 2728
68 2734 2606 2590 2607
69 2622 2618 2735 2736
70 2715 2622 2719 2618
71 2622 2737 2717 2719
72 2618 2622 2719 2617
73 2730 1008 1261 1233
74 2622 2658 2737 2719
75 2609 2622 2617 2738
76 2622 2658 2738 2621
77 2739 2740 2741 2742
78 429 2674 430 2743
79 2739 2744 2740 2745
80 2746 2747 1633 284
81 2739 2744 2748 2749
82 2739 2749 2750 2751
83 2739 2741 2752 2753
84 2754 2755 2752 2756
85 2754 2752 2755 2757
86 2757 2758 2754 2741
87 2759 2754 2760 2758
88 2759 2761 2741 2758
89 2754 2760 2762 2763
90 2754 2760 2758 2764
91 2765 2766 2767 2768
92 2765 2769 2770 2771
93 2772 2765 2766 2773
94 2765 2771 2772 2774
95 2765 2770 2767 2773
96 2768 2775 2767 2765
97 2765 2775 2776 2777
98 580 2778 573 2779
99 2780 2781 2782 2783
100 2781 2784 2785 2783
101 2781 2786 2784 2787
102 2781 2785 2788 2783
103 2781 2789 2782 2790
104 2781 2791 2789 2790
105 2781 2791 2792 2788
106 2609 2612 2611 2618
107 2793 2639 2733 2611
108 2794 2618 2795 2617
109 2796 2797 2798 2799
110 2800 2665 2801 2802
111 2794 2611 2618 2617
112 2617 2718 2618 2795
113 2793 2794 2611 2618
114 2617 2618 2718 2719
115 2609 2618 2622 2612
116 2803 2804 2805 2806
117 2803 2807 2808 2804
118 2803 2809 2810 2805
119 2810 2809 2803 2811
120 2803 2808 2807 2811
121 2812 2748 2813 2814
122 2812 2813 2748 2815
123 2812 2697 2816 2813
124 2812 2817 2749 2818
125 2812 2813 2815 2819
126 2820 2821 2822 2823
127 2823 2821 2822 2824
128 2825 2826 2827 2822
129 2828 629 2829 645
130 2821 2830 2826 2831
131 2821 2823 2832 2824
132 2821 2832 2833 2824
133 2834 2821 2833 2822
134 2821 2822 2834 2827
135 2821 2832 2835 2833
136 2836 2837 2838 2839
137 2836 2840 2841 2842
138 2836 2840 2843 2844
139 2734 2590 2591 2607
140 2836 2841 2845 2846
141 2836 2841 2847 2845
142 2836 2838 2848 2843
143 1074 163 2849 1090
144 2836 2838 2850 2848
145 2732 2647 2731 2646
146 2620 2851 2852 2732
147 1640 2606 284 2747
148 629 2829 645 2853
149 2611 2732 2619 2620
150 2732 2794 2852 2620
151 2620 2794 2611 2732
152 826 2854 819 2855
153 2851 2647 2856 2857
154 2858 2859 2860 2861
155 2858 2862 2860 2863
156 2858 2864 2862 2863
157 2858 2859 2861 2865
158 2858 2866 2867 2863
159 2858 2859 2865 2868
160 2858 2864 2867 2868
161 2869 2870 2871 2872
162 2872 2869 2873 2871
163 2869 2874 2873 2871
164 2875 2876 2604 2588
165 2869 2874 2877 2873
166 2869 2878 2693 2879
167 2869 2874 2880 2881
168 655 672 2882 671
169 2883 1726 1733 305
170 2880 2881 2693 2869
171 2628 2884 2885 2886
172 2873 2887 2871 2874
173 2888 2874 2818 2751
174 2746 2590 2606 2589
175 2888 2889 2890 2751
176 2888 2751 2891 2892
177 2888 2889 2893 2894
178 2888 2895 2896 2894
179 2888 2895 2894 2893
180 2888 2895 2892 2896
181 2832 2824 2823 2897
182 168 2371 596 597
183 2821 2832 2823 2831
184 2832 2898 2831 2835
185 2899 2900 2901 2902
186 2859 2902 2903 2901
187 2900 2899 2901 2904
188 2900 2905 2906 2907
189 2908 2746 2589 2590
190 2900 2899 2907 2906
191 2900 2902 2735 2859
192 2623 2621 2624 2909
193 2701 2623 2909 2621
194 2609 2738 2910 2624
195 1604 2876 2604 2875
196 2701 2623 2655 2713
197 2705 2701 2713 2623
198 2623 2609 2621 2612
199 2623 2612 2621 2655
200 2911 2912 2913 2914
201 2911 2915 2916 2917
202 2911 2912 2917 2913
203 2911 2918 2919 2920
204 2911 2921 2918 2920
205 2922 2923 2924 421
206 2911 2917 2916 2913
207 2911 2915 2925 2926
208 2911 2925 2914 2927
209 2676 2928 2678 2677
210 2911 2915 2917 2912
211 2911 2912 2925 2915
212 2911 2918 2925 2927
213 2618 2735 2736 2726
214 2929 2930 2931 2932
215 2611 2639 2733 2726
216 2910 2620 2794 2611
217 2910 2852 2933 2794
218 2934 2910 2852 2933
219 2794 2910 2852 2620
220 2935 2931 2936 2937
221 2910 2620 2624 2934
222 2794 2795 2938 2933
223 2795 2617 2933 2794
224 2618 2612 2726 2736
225 2618 2793 2794 2939
226 2618 2939 2733 2793
227 2875 2603 281 2940
228 2794 2938 2793 2852
229 2618 2733 2941 2726
230 2622 2735 2618 2715
231 2611 2639 2732 2793
232 2942 2824 2943 2944
233 2942 2824 2944 2897
234 2942 2945 2823 2897
235 2876 2605 2588 2589
236 2946 2947 2948 2949
237 2950 2931 2936 2935
238 2951 2952 2953 2946
239 2954 2951 2953 2955
240 2929 2931 2936 2950
241 2946 2952 2953 2956
242 2957 2958 2959 2960
243 2957 2961 2960 2962
244 2959 2957 2963 2964
245 2957 2965 2966 2963
246 2936 2931 2967 2937
247 2875 2968 1660 1604
248 2705 2839 2842 2969
249 2970 2971 2972 2973
250 2974 2975 2976 2977
251 2704 2705 2978 2979
252 2705 2839 2706 2978
253 2705 2980 2842 2981
254 2982 2983 2984 2985
255 2983 2986 2985 2938
256 2983 2852 2987 2988
257 2983 2987 2989 2982
258 2987 2983 2984 2982
259 2983 2989 2852 2938
260 2875 2603 2604 282
261 2990 2991 2752 2992
262 2752 2990 2893 2993
263 2994 2995 2996 2997
264 2990 2892 2998 2999
265 2990 3000 2751 2892
266 2990 2752 3001 2993
267 2940 2603 2602 2586
268 2940 3002 1672 1660
269 2990 3003 2998 2892
270 2990 2893 3003 2892
271 2695 3004 3005 3006
272 2877 2696 3007 3004
273 2695 3004 2877 3008
274 3009 2970 2971 3010
275 3011 3012 3013 3014
276 3010 2970 2971 2972
277 3011 3013 3015 3016
278 3011 3012 3014 3017
279 2939 2637 2793 3018
280 2939 2986 2793 2938
281 2940 2602 2603 281
282 2618 2733 2939 2941
283 3019 2889 3020 2894
284 3019 3020 3021 3022
285 3019 3023 3024 3025
286 3026 3027 3025 3019
287 3028 3026 3027 3025
288 3019 3021 3025 3024
289 2697 2819 2817 2690
290 2690 2697 2770 2698
291 2690 2699 2770 3029
292 2819 3030 2770 2775
293 3031 3032 3033 3034
294 2697 3035 2818 2816
295 2819 2775 2770 2697
296 2768 2767 2775 2816
297 2767 2775 2816 2697
298 2812 2697 2813 2819
299 2697 2775 2813 2819
300 2900 2715 2735 3036
301 2715 2900 2901 3036
302 2900 2735 2715 2859
303 2735 2859 2941 2715
304 2735 2941 2902 3037
305 2900 3036 2735 3038
306 2634 2629 3039 3040
307 3039 2634 3041 3042
308 3043 3044 3045 3046
309 2625 2634 2631 3047
310 2634 3040 3041 3048
311 2813 3049 2775 3050
312 2813 3049 2819 2775
313 588 1144 581 2849
314 3051 2601 2585 2602
315 2813 2816 2768 2775
316 2812 2814 2749 2748
317 2601 1597 280 2602
318 2813 2748 3052 2814
319 2697 2816 2813 2775
320 2817 3053 3054 2880
321 2817 3055 3054 3053
322 2817 2874 2818 2881
323 2817 2819 3054 3055
324 2817 2690 2881 2697
325 3056 2601 2600 2584
326 2697 2818 3035 2881
327 3057 3058 1695 1696
328 3059 3060 3061 3062
329 3059 3063 3064 2657
330 3059 2702 2708 3065
331 3059 2702 2656 2708
332 3059 2702 3066 3063
333 2862 3067 3068 3069
334 2862 3070 3071 3067
335 3051 3056 2601 1597
336 2862 2864 3072 3071
337 2841 3073 2978 3074
338 2841 3075 2847 3076
339 2841 3077 3075 3076
340 2841 3074 2978 2981
341 2841 3075 2981 2840
342 3056 2601 2584 2585
343 3078 3079 3080 3081
344 3078 3082 3083 3084
345 1636 3085 1598 2600
346 3086 3087 3015 3088
347 3085 2599 2583 2600
348 3086 2748 2745 3052
349 3089 3085 2599 2583
350 3086 3052 3090 3091
351 3086 2815 3052 3091
352 3086 2748 2815 3054
353 3059 3092 3065 2708
354 2600 1636 2599 278
355 2598 2582 1620 2599
356 3093 3059 3060 3061
357 3094 3089 2582 2583
358 2702 2621 2703 3063
359 2708 2702 2655 2701
360 2702 2655 2701 2621
361 3059 2702 3065 3066
362 2702 3063 2658 2621
363 3095 3096 3097 3098
364 3095 3099 3100 3101
365 3095 3102 3103 3104
366 3095 3098 3102 3096
367 3105 3106 3107 3108
368 3108 3107 3109 3110
369 3111 3108 3105 3112
370 3108 3113 3114 3115
371 3108 3111 3116 3112
372 3117 3118 3119 3120
373 3108 3121 3122 3116
374 3123 3124 3125 3126
375 3127 2598 3128 1610
376 3129 3124 3125 2678
377 3124 3126 3123 3130
378 3124 3131 3126 3130
379 3124 3130 3132 3133
380 3124 2678 3133 3132
381 3134 3135 3136 3137
382 3134 3135 3137 3138
383 1646 3139 3140 3141
384 3142 3134 3143 3144
385 3134 3145 3138 3137
386 3146 3147 3148 3149
387 2745 3150 2814 2744
388 3150 3151 3152 3153
389 3150 3154 3155 3156
390 3150 3157 3156 3155
391 3150 2744 3158 3155
392 2658 2612 2621 2622
393 2654 2737 2667 2660
394 2658 2737 2719 3159
395 2622 2658 2719 2738
396 2820 3160 2831 2823
397 2821 2830 2820 2822
398 2821 2827 2831 2826
399 2823 2820 2821 2831
400 2830 3161 2822 2826
401 2830 3162 3163 3164
402 2830 3160 2820 3162
403 2830 3160 2831 2820
404 3165 3166 3167 3168
405 3168 3165 3169 3170
406 2597 3127 1610 2598
407 3168 3165 3170 3171
408 2737 2667 3170 3062
409 3172 3173 1005 998
410 2322 515 3174 2278
411 2656 3175 2667 3062
412 3168 3062 3175 3167
413 3168 3165 3166 3169
414 3176 3177 3178 3179
415 3176 3180 3111 3112
416 3176 3181 3177 3179
417 3182 3176 3106 3105
418 3176 3183 3182 3184
419 3176 3185 3105 3183
420 3186 3187 3188 3189
421 3176 3177 3190 3183
422 3089 1565 2599 1636
423 3176 3105 3112 3111
424 3191 3192 3138 3137
425 3191 3193 3194 2886
426 2696 3195 3196 3007
427 2695 2696 3197 2694
428 2695 2877 2696 2881
429 3198 2902 2906 2899
430 3198 3199 2902 3200
431 3198 2903 3200 2902
432 2836 2842 2841 2978
433 2836 2839 2842 2978
434 2837 2850 2838 3201
435 2837 2838 3202 3201
436 2837 3203 2839 3204
437 2598 1610 2597 276
438 2837 2839 3202 2838
439 2699 3205 3206 3207
440 3207 3205 3206 3208
441 3207 3209 3210 3211
442 3207 2772 2771 3209
443 3212 3213 3214 3215
444 3216 3217 3218 3212
445 3212 3205 3219 3220
446 3221 3222 3223 3224
447 3216 3225 3226 3212
448 3212 3217 3226 3216
449 3212 3205 3220 3226
450 2870 2872 3227 2871
451 2870 3228 3229 3230
452 77 3231 393 398
453 2870 3232 3233 3234
454 2870 3234 3230 3229
455 2870 3233 3227 3235
456 2870 3236 3237 3238
457 2870 3228 3235 3237
458 2614 3239 3240 1738
459 2596 3241 3242 1631
460 3243 627 610 611
461 2870 3229 3236 3244
462 2928 3245 3246 3247
463 2676 3248 2678 2928
464 2928 3246 3245 2677
465 2928 3249 3250 3247
466 2928 3251 3249 2677
467 3252 3253 3133 3254
468 3252 3133 3255 3256
469 3252 3257 2912 3258
470 3252 2912 3256 3259
471 3252 2912 3257 2914
472 3252 2912 2914 2913
473 2751 2990 2893 2752
474 2752 3155 2992 3260
475 2752 2755 2757 3261
476 3150 3155 3158 3262
477 2744 2992 2814 2749
478 2744 2757 2740 3158
479 3263 1631 2597 1610
480 3150 2744 3155 3154
481 2739 2744 2745 2748
482 2744 3154 2992 3155
483 2739 2751 2752 2749
484 2752 2744 2992 3155
485 2993 3264 3265 2893
486 894 3266 900 895
487 701 3267 3268 3269
488 3264 3026 2889 2763
489 3270 2889 2763 2753
490 2889 2763 2753 3264
491 2754 3264 2741 2763
492 2752 2741 3264 2753
493 2986 2984 3271 3272
494 2939 2793 2986 3018
495 2986 3273 3018 2857
496 2597 275 1631 2596
497 2986 3018 3161 2822
498 2925 2912 3257 3274
499 2915 3274 3275 3276
500 2391 3277 3278 2413
501 2915 3279 3274 3280
502 2812 3000 2818 2749
503 2992 2749 2744 2752
504 3150 3157 3152 3156
505 2964 2901 2959 2903
506 2957 2958 2964 2959
507 2957 2958 3281 3282
508 2903 2964 3283 2959
509 2964 3283 2958 3282
510 2964 3284 3285 3283
511 2964 3283 3285 2899
512 2846 2837 2836 3204
513 2705 2839 2978 2842
514 3286 3287 3237 3288
515 2839 3289 3290 2969
516 2837 3204 2846 3203
517 2702 2657 2658 3063
518 2654 2660 2658 2737
519 357 3291 363 358
520 2595 3242 1632 2596
521 3292 3293 3294 3295
522 2737 3296 2657 3297
523 3242 1632 2596 1631
524 3298 3170 3299 2717
525 2737 3297 3062 3170
526 3169 2717 2737 3170
527 3242 2596 2579 2580
528 3300 3301 3302 3303
529 2737 3169 2667 2660
530 3304 1613 2595 1632
531 2667 3170 3062 3168
532 2869 2874 2871 2880
533 2881 2874 3035 3008
534 2874 3035 2818 2881
535 2874 3035 3008 3305
536 2751 2888 2891 2818
537 3305 2874 2818 2888
538 3300 3303 3302 3306
539 3306 3302 3307 3308
540 3273 3161 3309 3310
541 3311 82 3312 2856
542 3313 3314 3315 3316
543 3313 3317 3314 3316
544 3313 3318 3317 3319
545 3313 3320 3321 3315
546 3313 3315 3318 3320
547 3322 3313 3320 3321
548 3313 3315 3321 3316
549 2963 3323 3324 2965
550 3325 2965 2963 2966
551 3326 3327 3328 3329
552 3327 3328 3329 3325
553 3325 3330 3331 3332
554 3325 2965 2966 3329
555 3325 3327 3323 2965
556 3333 3334 3335 3301
557 3035 2881 2695 2697
558 2698 3206 2773 2699
559 2698 3336 3035 2767
560 2698 2773 3206 3337
561 2773 3336 3006 2698
562 2695 3006 2698 3197
563 2698 3337 2694 3197
564 3338 3097 3339 3340
565 3338 3341 3342 3343
566 3338 3341 3343 3317
567 3344 3345 3346 3347
568 3344 3348 3349 3347
569 3344 3346 3345 3350
570 3346 3351 3352 3350
571 3344 3353 3354 3355
572 3344 3356 3357 3348
573 3358 3355 3357 3344
574 3344 3357 3359 3348
575 3344 3348 3359 3349
576 3165 3060 3167 3360
577 3165 3361 3170 3330
578 3165 3362 3330 3171
579 3165 3363 3362 3364
580 3165 3362 3363 3365
581 3165 3169 3362 3365
582 3366 3367 3365 3166
583 3368 3369 442 3370
584 3083 3371 3372 3373
585 3083 3373 3372 3082
586 3078 3083 3374 3375
587 3083 3373 3082 3376
588 3078 3083 3375 3084
589 2886 3193 3377 3191
590 3193 3378 3194 3379
591 3193 2884 2627 3380
592 3193 2627 3381 3380
593 3193 3382 3194 2886
594 3379 3193 3382 3194
595 2627 2885 2884 3377
596 3193 2884 2952 3382
597 2812 2697 2818 2816
598 3035 3305 2818 2891
599 3369 3383 3384 3385
600 2695 3035 3008 2881
601 2698 3006 3035 3336
602 2595 1613 2594 273
603 3386 3387 3388 3389
604 3386 3390 3391 3392
605 3386 3393 3391 3394
606 3386 3392 3389 3390
607 2832 2897 2823 3395
608 2824 2944 2868 2943
609 3396 2939 2943 2868
610 2824 2823 3018 2822
611 2824 2867 2944 3397
612 3398 2594 2593 2577
613 2821 2822 2824 2833
614 2637 2641 2943 2638
615 2942 2641 2637 2642
616 3369 3385 3384 438
617 2942 2823 2648 3018
618 2637 2793 2639 2733
619 2939 2637 3018 2943
620 2622 2737 2658 2660
621 2654 2612 2658 2660
622 2617 2933 2794 2910
623 2617 2719 2718 2933
624 3399 79 80 408
625 3304 2594 2595 1613
626 2910 2624 2738 2933
627 3400 2708 2707 3065
628 2738 2719 2722 3159
629 2738 3401 2624 2703
630 2413 602 174 603
631 3357 3358 3402 3355
632 3355 3357 3344 3356
633 3357 3093 3403 3404
634 3357 3061 3093 3060
635 3405 3406 3407 3408
636 3409 3410 3411 3412
637 3410 3411 3412 3408
638 3410 3412 3413 3408
639 3414 3410 3412 3413
640 3160 3408 3406 3405
641 3408 3415 2831 3160
642 3416 3413 3415 3408
643 3408 3164 3417 3410
644 3410 3408 3416 3417
645 3408 3405 3160 3164
646 3346 3348 3418 3419
647 3344 3346 3348 3347
648 3346 3420 3348 3347
649 3369 3385 437 3370
650 3345 3421 3352 3346
651 2900 2859 2715 2901
652 2901 2902 2903 2899
653 2718 2859 2716 2715
654 2859 2941 2795 2868
655 3398 1627 2594 1613
656 2903 2859 2860 3200
657 2735 2941 2859 2902
658 3170 3169 2667 2737
659 2660 2717 2737 3169
660 2594 1627 2593 272
661 3169 2660 3036 3422
662 3423 3424 3425 2920
663 3423 3426 3427 3425
664 3428 3429 3430 3423
665 3423 3431 2919 3427
666 3423 3426 3432 3433
667 2888 2887 2894 2896
668 3369 438 3384 443
669 2895 3434 3435 3003
670 2895 2893 2892 3003
671 2714 2715 2717 2719
672 2900 3169 2904 3436
673 3437 514 513 143
674 2735 2736 2726 3438
675 3189 29 354 30
676 2859 2941 2715 2718
677 2622 2736 2735 3036
678 3439 3440 3441 3442
679 3443 3444 3445 2740
680 2752 3155 3261 2757
681 2990 2749 2751 3000
682 2740 2742 3443 2761
683 3446 2745 2739 2742
684 2698 2767 2770 2773
685 3447 2816 3336 3448
686 2816 3336 3448 2767
687 2767 2768 2766 3448
688 3035 2816 2767 3336
689 2697 2881 2817 2818
690 2767 2766 2773 3336
691 3449 3450 3451 3452
692 3004 3453 3454 3455
693 3008 2872 3454 3004
694 3004 2872 3454 3453
695 2695 3005 3004 3008
696 3004 3456 3197 3007
697 3457 3458 3459 3460
698 3004 2877 3008 2872
699 2911 2919 2914 2913
700 1669 1627 271 3461
701 3462 998 261 262
702 2925 3463 3280 3274
703 2911 3464 2926 2918
704 2911 2927 2919 2918
705 2925 2927 3465 2914
706 3466 2479 2480 2496
707 3258 3467 3257 3468
708 3258 3467 3468 3254
709 3258 3469 3470 3471
710 3255 3258 3259 3469
711 3472 3473 3474 3475
712 3473 3472 3476 3477
713 3472 3474 3478 3479
714 3472 3480 3481 3479
715 2625 3047 2631 2633
716 3482 3483 3484 3437
717 3485 3486 3487 2631
718 3076 3488 3077 3489
719 2634 2630 3040 3490
720 2634 2631 3491 3492
721 2631 2626 3493 3494
722 2631 3487 3492 3494
723 2634 2626 2631 3494
724 3461 262 263 1005
725 2634 2631 3492 3494
726 3336 3335 3495 3448
727 3496 3497 3337 3498
728 3496 3336 3006 2773
729 2675 287 286 23
730 3499 3497 3500 3496
731 3501 3335 3495 3336
732 3496 3497 3502 3499
733 3496 3503 3006 3336
734 3496 3503 3336 3501
735 2964 3436 2963 2901
736 3436 3362 3365 3504
737 3436 3362 3504 3324
738 3505 1754 301 302
739 3436 2963 3324 3284
740 3361 3436 2963 3330
741 2901 3436 2963 3361
742 3169 3361 3436 2901
743 2964 2959 2901 2963
744 3436 3330 3362 2963
745 3436 3362 3330 3361
746 3506 3507 3508 3509
747 3510 3123 3506 3511
748 810 3512 809 817
749 3513 3514 3515 3516
750 3513 3517 3518 2949
751 3513 2627 3514 3517
752 3513 2627 3380 3381
753 3381 2949 3380 3513
754 2952 3381 2949 3380
755 3519 3489 3520 3521
756 3522 3324 3363 3323
757 3523 3524 3525 3526
758 2963 3362 3325 3330
759 3362 3527 3330 3171
760 3330 3362 3165 3361
761 3165 3362 3171 3364
762 3362 3324 3363 3504
763 3528 3529 3530 3531
764 3528 3532 3533 3534
765 3528 3535 3536 3537
766 3528 3532 3534 3529
767 2607 1641 285 286
768 3528 3530 3535 3537
769 3538 2790 2791 3539
770 3538 2789 2790 3540
771 3538 3541 3542 3543
772 3538 2791 3544 3542
773 3538 3543 3542 3545
774 3538 2791 3542 3539
775 3538 3541 3546 3542
776 2740 2742 2761 2741
777 2742 3547 2741 3548
778 2742 3443 3549 3550
779 2739 2753 2752 2751
780 2742 3445 3551 2745
781 2742 3443 3550 3551
782 2740 2761 3444 2757
783 2740 2742 3445 3443
784 2844 2840 3552 3523
785 2869 2874 2881 2877
786 3553 3554 3555 3556
787 2869 2877 2878 2872
788 2871 3557 2887 3558
789 2871 3227 3557 3558
790 3065 3559 3560 3561
791 3562 3065 3561 3400
792 3059 3060 3062 3064
793 3059 3065 3092 3093
794 3563 3564 3565 3065
795 3065 3093 3565 3560
796 3556 3566 3567 3554
797 3284 2963 3324 2957
798 2957 2966 2965 3568
799 2963 2964 3284 3436
800 2964 2958 3283 2959
801 3556 3569 2844 3553
802 2958 3568 3281 3570
803 3571 2610 2661 2659
804 3571 3178 3572 3179
805 3571 3573 3574 3121
806 3571 3573 3121 3575
807 2690 2819 2817 2693
808 3576 3577 2691 2692
809 2690 3030 2692 3029
810 2690 2770 2697 2819
811 2697 2881 2695 2690
812 3578 2727 3106 3579
813 3578 3580 3581 3582
814 3578 3583 3584 3585
815 3578 2843 2969 3584
816 3586 1779 3587 3588
817 3586 1779 119 451
818 3589 3590 3591 3081
819 3589 3592 3593 3594
820 3589 3595 3596 3594
821 3595 3597 3591 3589
822 2623 2980 2705 2909
823 2705 2839 2969 3289
824 2909 2620 2623 2980
825 2623 2980 2620 2619
826 2980 2909 3598 3599
827 2980 2909 3599 2981
828 2705 2713 2706 2839
829 2980 2620 3600 3598
830 2705 2980 2981 2909
831 2861 3601 3602 3603
832 3601 2865 3603 2861
833 2861 3602 3072 3603
834 2606 284 285 1640
835 2859 2903 2860 3604
836 2859 2861 2865 3604
837 2862 2861 3072 2864
838 2862 2861 3605 3072
839 2858 2865 2861 2864
840 3586 120 1779 1780
841 3449 3451 3450 3482
842 3606 3451 3607 3608
843 3451 3607 3608 3449
844 3449 3609 3610 3611
845 3449 3610 3609 3612
846 3449 3609 3611 3613
847 3449 3607 3614 3452
848 3449 3614 3615 3452
849 3616 3617 3618 3619
850 3620 3616 3617 3618
851 3619 3621 3622 3623
852 3619 3624 3625 3616
853 3619 3621 3623 3626
854 3619 3625 3624 3627
855 3619 3617 3621 3626
856 2851 2852 2988 3598
857 2732 2857 2851 2852
858 2851 3598 2988 3628
859 2851 3598 3629 3630
860 2851 3598 3628 3629
861 2851 2620 3598 3600
862 2851 3630 3311 2856
863 2851 3630 3628 3311
864 3631 3632 3633 3634
865 2705 2981 2842 2978
866 2701 2623 2705 2909
867 3635 2706 2704 3400
868 2839 2706 3636 2713
869 2706 2708 2707 3400
870 2706 3637 2708 3400
871 2706 2978 3204 3638
872 2774 2766 3428 3639
873 3640 1056 1025 1049
874 3207 3205 3641 3219
875 3207 3642 3209 3429
876 2774 2772 2765 2766
877 3207 3208 3206 3642
878 3207 2772 3206 2771
879 3207 2699 2771 3206
880 2772 3639 3209 3642
881 2699 2771 3206 2773
882 3643 3644 3645 3646
883 2705 2619 3289 2969
884 3647 3648 3649 3650
885 2843 3651 2840 2842
886 3652 1169 1191 1151
887 2842 3584 2969 2843
888 2842 2619 3584 3600
889 2980 3651 2842 2981
890 2746 2747 2590 2908
891 3653 3275 3276 3354
892 3654 2687 3655 3275
893 2682 3654 2687 3655
894 3654 2687 2671 2669
895 3275 3654 3656 3354
896 3275 3655 3654 3653
897 3276 3653 3350 3657
898 3275 3276 3274 3657
899 3279 2687 2915 3275
900 3658 2680 3659 3660
901 2680 2885 3661 3658
902 3658 2635 2628 2632
903 3645 3662 3663 2505
904 2628 3658 2885 2627
905 3658 2627 3514 3377
906 3323 3527 3664 3325
907 3665 3527 3364 3666
908 3364 3667 3527 3665
909 3665 3668 3364 3667
910 3325 3330 3527 3331
911 3667 3527 3664 3323
912 3667 3668 3364 3669
913 3325 3362 3527 3330
914 3527 3669 3323 3667
915 2640 2731 2646 3670
916 2647 2731 2640 2639
917 2639 2731 3670 3579
918 2639 2728 2653 3671
919 2640 2639 2637 2647
920 2640 2644 2642 2641
921 2623 2713 3289 2655
922 3289 2655 2661 2610
923 3289 2655 3573 2661
924 2623 2705 2980 2619
925 3571 2727 3289 2610
926 2839 3290 3289 2713
927 2895 2893 2889 2894
928 3019 3022 2894 3020
929 3019 3022 2895 2894
930 3019 2894 2895 2889
931 3647 3672 3648 3650
932 2890 3027 3270 2889
933 2995 3673 3674 3675
934 2889 2894 2890 3020
935 3348 3676 3359 3349
936 3344 3358 3677 3359
937 3344 3350 3353 3351
938 3663 3678 3679 2505
939 3346 3347 3345 3680
940 3350 3344 3346 3351
941 3681 3682 3683 3684
942 3685 3686 3687 3681
943 2606 2746 2605 284
944 2876 2589 2588 2572
945 3681 3688 3682 3685
946 3689 3690 3663 3632
947 2908 2573 2574 2590
948 3691 3692 3693 3694
949 2746 3695 2589 2876
950 3681 3694 3692 3685
951 3696 3697 3698 3699
952 2572 2589 3695 2876
953 3700 3701 3702 3703
954 3704 3699 3696 3705
955 3706 3703 3701 3707
956 3704 3696 3525 3566
957 3704 3708 3709 3520
958 3704 3696 3566 3705
959 3704 3525 3696 3709
960 2637 2733 2638 2943
961 2876 2605 283 2604
962 2611 2618 2733 2793
963 2733 2943 2941 3037
964 2733 3037 2941 2726
965 2939 2943 2868 2941
966 2939 2637 2943 2733
967 2752 3261 3260 3710
968 3260 3321 3711 3712
969 2739 2752 2740 2744
970 2893 2752 3264 2751
971 3713 3321 3155 3260
972 2992 3260 3155 3154
973 2961 3714 2962 3715
974 2957 2961 2962 2966
975 2961 3716 2960 3714
976 2961 3568 3717 3718
977 2957 3568 2961 2966
978 2958 3719 2961 3568
979 3157 3315 3314 3156
980 3157 3314 3720 3721
981 3150 3157 3155 3262
982 3722 3723 3724 3155
983 3706 3725 3726 3727
984 3157 3155 3713 3156
985 2705 2704 3728 2979
986 2875 3729 3730 2940
987 3731 840 847 839
988 3732 3573 3113 3290
989 2571 2875 2588 2572
990 3106 2969 3574 2727
991 3536 3528 3733 3734
992 2839 3204 2706 2978
993 2705 2969 2842 2619
994 2842 2619 2969 3584
995 2839 2969 3290 2838
996 3735 3361 2720 2716
997 3361 2720 2716 2717
998 3170 3299 2717 2737
999 2737 2717 2719 3299
1000 2717 3361 3298 3170
1001 3736 591 583 584
1002 3169 2717 3361 3036
1003 2622 2717 2737 2660
1004 3723 3737 3738 3739
1005 3740 3723 3737 3738
1006 3741 3742 3743 3744
1007 3739 3720 3745 3746
1008 3739 3747 3745 3738
1009 3748 3747 3746 3739
1010 2784 3739 3748 3749
1011 3739 2784 2783 3750
1012 3739 3723 2783 3738
1013 3238 2870 2872 3227
1014 3232 3751 3752 3753
1015 3754 3532 3755 3533
1016 3232 3756 3757 3751
1017 3232 3757 3758 3752
1018 2875 2588 2604 2587
1019 3758 3232 3020 3757
1020 3232 3020 3233 3759
1021 3760 3741 3761 3762
1022 2870 3232 3234 3763
1023 2698 2767 2773 3336
1024 3764 3532 3765 3755
1025 2765 2773 2772 2771
1026 2773 3206 3208 3642
1027 3208 2773 3337 3206
1028 3766 3767 3768 3769
1029 2698 2773 2770 2699
1030 2771 3206 2773 2772
1031 3338 3770 3340 3317
1032 3338 3340 3770 3097
1033 3532 3771 3529 3531
1034 3097 3339 3249 3338
1035 3772 3339 3249 3097
1036 3339 3772 3249 3773
1037 3339 3774 3772 3773
1038 3338 3246 3339 3249
1039 3339 3246 3247 3249
1040 3339 3319 3774 3247
1041 3775 2989 2987 2982
1042 2989 3776 3777 3778
1043 2989 2934 2987 2852
1044 3532 3771 3779 3529
1045 2824 2833 2822 3396
1046 2823 2831 3395 3160
1047 2823 3780 2945 3160
1048 2823 3395 3780 3160
1049 2823 3781 3160 2945
1050 2942 2648 2823 2642
1051 2823 3018 2820 2648
1052 2823 2820 3781 2642
1053 3761 3782 3531 3783
1054 2749 3000 2818 2751
1055 2749 3054 2748 2750
1056 2699 3784 3785 2700
1057 2699 3213 2694 3206
1058 2699 3029 3785 3219
1059 2698 2699 2694 3206
1060 3029 2770 2769 2699
1061 3760 3782 3761 3783
1062 3207 3786 2699 3219
1063 3787 2587 2586 2570
1064 2699 2771 2769 3786
1065 3157 3713 3155 3723
1066 3260 3155 3713 3261
1067 3062 3060 3788 3789
1068 3059 3064 3093 3060
1069 3062 3064 3060 3789
1070 3367 3165 3166 3167
1071 3167 3062 3061 3060
1072 3790 1306 1361 1322
1073 3062 3171 3788 3060
1074 3168 3062 3060 3171
1075 3170 3062 3171 3788
1076 3062 2657 2667 2656
1077 3791 3792 3793 3794
1078 3791 3795 3796 3797
1079 3791 3792 3798 3799
1080 3791 3794 3800 3792
1081 3791 3792 3799 3801
1082 3519 3802 3803 3804
1083 3519 3488 3489 3803
1084 3519 3805 3521 3806
1085 2940 2968 3002 1660
1086 3519 3520 3489 3488
1087 3519 3802 3804 3805
1088 2990 2893 2892 2751
1089 2751 2752 3264 2753
1090 3035 2818 3000 2891
1091 2812 2992 3000 2749
1092 2940 2603 2586 2587
1093 2992 3447 3000 3807
1094 3807 2990 2892 3000
1095 2813 2992 3808 2816
1096 3787 2587 2570 2571
1097 2893 2993 3003 3265
1098 3809 2986 2939 2938
1099 2938 3810 2933 3811
1100 2794 2938 2852 2933
1101 2938 2985 3811 3809
1102 2984 2986 2985 2983
1103 3063 2657 3159 3296
1104 3059 2656 2702 2657
1105 3065 3561 3400 3559
1106 3059 3064 3063 3066
1107 3812 3296 3813 3064
1108 2708 3400 3637 3559
1109 2621 3159 2738 2703
1110 2623 2705 3289 2713
1111 2655 2708 3814 2656
1112 3814 2656 2662 2655
1113 2706 2713 2708 3637
1114 2701 2706 2708 2707
1115 3604 2959 2962 2901
1116 2904 2899 2901 2964
1117 2959 3815 3816 3283
1118 2899 2903 2964 3283
1119 3817 3818 3819 3820
1120 2959 2962 3821 3604
1121 2959 2860 3821 3815
1122 3764 3531 3822 3823
1123 3764 3822 3824 3825
1124 3764 3822 3826 3824
1125 3764 3755 3827 3826
1126 3828 3829 3830 3831
1127 3828 3832 3833 3834
1128 3828 3834 3833 3835
1129 3828 3836 3837 3835
1130 3838 2586 2585 2569
1131 3828 3836 3829 3837
1132 3828 3830 3836 3833
1133 3839 3840 3841 3842
1134 3817 3843 3844 3845
1135 2901 2959 2962 2963
1136 2962 2901 3846 3604
1137 2962 2959 2957 2963
1138 3847 3848 3849 3850
1139 2942 2642 2637 2648
1140 2944 2866 3851 3397
1141 2944 3852 3397 3851
1142 2944 3397 3852 2897
1143 2944 3853 3854 3851
1144 2944 2897 3855 3856
1145 3056 2585 2584 2568
1146 2942 2897 2944 3856
1147 3051 2585 2586 2602
1148 3838 2570 2586 2569
1149 2944 3854 3853 2641
1150 3857 3858 2923 3859
1151 2673 3860 3416 3240
1152 3857 3861 3164 3858
1153 3857 3417 3860 3858
1154 3857 3417 3858 3164
1155 3862 3667 3328 3327
1156 3187 349 3863 3189
1157 3323 2965 3864 3522
1158 3324 3363 3323 3362
1159 3850 3865 3866 3867
1160 3527 3171 3331 3330
1161 3323 3864 2965 3327
1162 2831 3417 3164 2826
1163 2831 3417 2827 3868
1164 2832 2835 2833 3869
1165 3817 3843 3845 3870
1166 2833 3871 3396 2867
1167 2833 3872 2867 3397
1168 3873 3047 3568 2636
1169 3874 3281 3875 3873
1170 3847 3848 3850 3817
1171 3873 2633 3876 3874
1172 2957 2965 3873 3568
1173 3284 3522 3281 2957
1174 3284 2957 3324 3522
1175 3873 3877 3864 3522
1176 2568 2585 2569 3056
1177 2888 2894 3557 2890
1178 2892 3807 2891 2999
1179 3264 2763 2753 2741
1180 3026 2889 3265 3264
1181 2888 2893 2751 2892
1182 3878 2890 2874 3557
1183 2817 3054 2749 2750
1184 2873 2887 2874 3305
1185 2874 2871 3878 3557
1186 2818 2888 2891 3305
1187 2888 2874 2751 2890
1188 2696 3879 2878 3196
1189 3819 3880 3881 3882
1190 3883 3884 3885 3195
1191 3819 3886 3887 3888
1192 3195 3196 3007 3889
1193 2600 1598 279 2601
1194 3195 3883 3884 3890
1195 3891 2686 3137 3136
1196 3892 3893 611 612
1197 3894 2682 3895 3896
1198 3819 3882 3881 3820
1199 3897 3891 3898 3659
1200 3894 3899 3895 3900
1201 3894 3901 3891 3902
1202 3894 3899 3898 3896
1203 3035 3000 3807 2891
1204 2992 3711 3260 3154
1205 2752 3260 3261 3155
1206 3151 3903 3052 2813
1207 3035 3000 2818 2816
1208 2767 2816 2768 3448
1209 3448 2816 3808 3447
1210 2813 3904 2768 3808
1211 2812 2992 2749 2814
1212 3193 2952 3381 3379
1213 3194 2886 3382 3905
1214 3085 2584 2583 2567
1215 3382 3216 3906 3194
1216 3817 3819 3818 3888
1217 3194 3382 3379 3906
1218 2952 3379 3193 3382
1219 3907 3908 3909 3910
1220 3911 3908 3909 3912
1221 3912 3908 3909 3907
1222 2938 2939 2794 2793
1223 2942 2897 3856 2945
1224 2821 2832 2831 2835
1225 3018 2793 2857 2648
1226 3913 616 615 599
1227 2986 3018 2822 3396
1228 3018 2939 2943 3396
1229 2824 3397 2944 2897
1230 2824 3018 3396 2822
1231 2939 2868 3396 3809
1232 2640 3670 2639 2731
1233 2823 2642 2648 2820
1234 2637 2647 2793 2648
1235 2637 2793 3018 2648
1236 2934 2620 2852 2910
1237 2609 2624 2621 2738
1238 2980 2620 3598 2909
1239 2701 2705 3728 2909
1240 2732 2852 2793 2857
1241 2910 2933 2934 2624
1242 2620 2934 2909 2624
1243 2889 2890 2751 2753
1244 2888 2893 2889 2751
1245 3819 3880 3914 3881
1246 2889 3020 2890 3027
1247 2894 2896 3915 3022
1248 3264 2751 2753 2889
1249 3265 2889 3026 3019
1250 2894 3557 3558 2887
1251 2890 2874 3557 2888
1252 2785 2783 3723 3916
1253 2785 2783 3916 3917
1254 2785 2783 3917 2788
1255 2785 2755 2758 3917
1256 2785 2783 2784 3750
1257 2785 2755 3723 3722
1258 3918 3786 3919 2769
1259 3920 1636 3085 1598
1260 3918 3921 3786 2769
1261 3922 3923 3118 3119
1262 3924 3919 3786 3925
1263 3918 2769 3919 3926
1264 3923 3927 3928 3929
1265 3918 3930 3921 3931
1266 3918 3924 3930 3932
1267 3089 3933 3934 1565
1268 3785 3784 3935 3577
1269 3785 3784 3936 3935
1270 2699 2700 3213 3784
1271 3937 1702 1709 1701
1272 3938 2699 3212 3213
1273 3785 3577 3029 2700
1274 3939 3928 3923 3940
1275 3941 3942 3577 3029
1276 2963 3361 3846 2901
1277 3330 3361 3846 2963
1278 2714 2719 2717 2720
1279 2717 3298 3361 2720
1280 3361 3170 3330 3298
1281 3361 3735 2901 2716
1282 3943 3944 3945 3834
1283 3943 3946 3947 3948
1284 3943 3948 3949 3950
1285 3943 3951 3952 3949
1286 2624 3953 3954 2934
1287 2934 3598 2909 3955
1288 2983 2852 2989 2987
1289 3094 2583 2582 2566
1290 3923 3956 3118 3957
1291 3939 3923 3958 3940
1292 3598 2934 2620 2852
1293 2934 2852 3955 2987
1294 2714 2716 2715 2718
1295 2658 3159 2621 3063
1296 2738 2933 3401 2724
1297 2622 2660 2736 3036
1298 2714 2719 2724 2718
1299 2622 2660 2612 2736
1300 3439 3959 3960 3961
1301 2845 2846 3488 3802
1302 2837 2845 3962 2846
1303 2845 3959 3963 2850
1304 3154 2813 3808 3904
1305 3904 3316 3964 3965
1306 3904 3965 3966 3316
1307 3904 3966 3808 3154
1308 3904 3967 2777 3968
1309 3904 2775 2768 2777
1310 3904 3969 3903 3050
1311 3089 2599 2582 2583
1312 2765 2768 2775 2777
1313 2775 2770 2776 3970
1314 2775 3030 2770 3970
1315 2812 2748 2749 3054
1316 2812 2815 2748 3054
1317 2813 3904 2775 2768
1318 3085 2583 2584 2600
1319 3808 2768 2777 3904
1320 2812 2813 2816 2992
1321 2992 3154 2814 2813
1322 2697 2767 2775 2770
1323 3971 3972 3973 3974
1324 3974 3975 3976 3977
1325 3974 3971 3972 3978
1326 3974 3979 3980 3981
1327 3974 3982 3976 3983
1328 3974 3972 3975 3984
1329 2686 3985 2670 3986
1330 2669 2686 2687 2670
1331 2686 2926 2687 2670
1332 2686 3135 3136 2926
1333 2686 3985 3135 2926
1334 2686 2885 3659 3137
1335 3659 2686 3137 3891
1336 3987 2997 2930 3988
1337 3989 147 515 146
1338 3987 2994 3988 3990
1339 3987 2997 3988 2994
1340 3987 3991 2997 3992
1341 3993 3992 3994 2996
1342 3976 3995 3755 3754
1343 3996 2049 3997 3998
1344 3665 2681 3668 3667
1345 3666 3665 3360 3364
1346 3527 3999 3666 4000
1347 4001 4002 4003 3592
1348 4001 4004 4005 4006
1349 4001 4007 4008 4009
1350 4001 4005 4007 4009
1351 4001 4010 4003 4002
1352 4001 4006 4011 4004
1353 4010 4001 4012 4013
1354 4003 4007 4008 4001
1355 3975 3977 4014 4015
1356 3975 3977 4015 4016
1357 3444 4017 3750 4018
1358 4019 3444 3445 3443
1359 2785 3722 3444 2757
1360 3444 3445 2740 3158
1361 3444 3158 4017 3445
1362 3444 2761 3443 3549
1363 3094 1620 3128 2582
1364 3444 3158 2757 3722
1365 2681 2689 2669 3654
1366 3127 3128 3263 1610
1367 2681 3668 3667 4020
1368 2681 4020 3667 3660
1369 2681 2682 4021 3655
1370 2669 2681 3654 2682
1371 3241 2565 3127 2581
1372 2723 2559 2560 2576
1373 2681 3655 3654 2682
1374 2681 3667 4021 3660
1375 4022 4023 4024 4016
1376 4023 4024 4016 3975
1377 2690 2692 2819 2693
1378 3206 3337 3214 3213
1379 2698 2694 3337 3206
1380 2691 2694 3213 2696
1381 3213 2691 3784 2700
1382 3213 3337 3214 3197
1383 2985 2982 4025 2984
1384 4026 4027 4028 4029
1385 3314 3745 3340 3315
1386 3157 3745 3314 3315
1387 3157 3713 3723 3740
1388 3157 3156 3713 3315
1389 3314 3317 3340 3770
1390 3314 3156 3964 3152
1391 3157 3152 3314 3721
1392 3316 3964 3341 3317
1393 3964 3314 3317 3316
1394 3314 3156 3316 3964
1395 3474 3734 4030 4031
1396 3479 3474 4030 4032
1397 4033 3269 4034 4035
1398 4033 4034 4036 4037
1399 4033 4038 4039 3267
1400 4033 4040 4041 4042
1401 4033 4034 4043 4035
1402 4033 4034 3269 3267
1403 4033 4038 4044 4042
1404 4045 4046 4047 4048
1405 4045 4049 4050 4046
1406 4045 4046 4051 4047
1407 4051 4052 4053 4054
1408 4055 3077 4056 4057
1409 4045 4058 4050 4059
1410 4045 4050 4058 4060
1411 2728 2610 3178 4061
1412 3965 3967 4062 3511
1413 4055 4063 4026 4028
1414 4064 3341 4065 3965
1415 3965 4065 3511 4062
1416 4064 3964 3969 4066
1417 3965 3964 3341 3316
1418 3093 3060 3064 3404
1419 3357 3093 4067 3403
1420 3565 3061 3560 3093
1421 3564 3565 3065 3093
1422 3241 2597 3127 3263
1423 3093 3061 3560 3092
1424 3065 3066 3563 3564
1425 4068 4069 4070 3935
1426 4071 3936 4072 4073
1427 4074 4071 4075 4076
1428 4071 4077 4078 4070
1429 3127 2581 2582 2598
1430 4079 4080 4081 4082
1431 4079 4083 4084 4085
1432 4079 4086 4087 3836
1433 4088 3183 3671 3184
1434 4088 4089 3671 4090
1435 4088 3671 4089 2644
1436 4088 3182 4091 4092
1437 4088 4093 3182 4092
1438 4088 3182 4093 3183
1439 4088 2653 4091 3182
1440 2644 2643 4094 4088
1441 3739 2783 2780 3738
1442 2783 3738 3723 3740
1443 4095 2782 2792 4096
1444 4097 2787 2780 2784
1445 2781 2789 2780 2782
1446 2783 3738 4098 4096
1447 4095 4098 4096 2792
1448 4098 4096 2792 2783
1449 4099 4100 4101 4102
1450 4099 4102 4103 3881
1451 4099 4100 4104 4105
1452 4099 3881 4100 4102
1453 4099 4106 4103 4107
1454 2909 3599 3955 3598
1455 3242 4108 4109 1632
1456 2980 2620 2619 3600
1457 2980 3651 3599 3598
1458 2909 2979 4110 2981
1459 2980 2981 3599 3651
1460 3205 3138 3135 4111
1461 3242 2579 2563 2580
1462 3205 3641 4111 3211
1463 3207 3211 3205 4112
1464 4113 529 528 521
1465 1628 770 207 1629
1466 3212 3225 3226 3220
1467 28 4114 27 4115
1468 3205 3138 3145 3226
1469 3207 3205 3211 3641
1470 3050 3903 4116 3969
1471 4117 4118 4119 4120
1472 4066 3903 3964 3969
1473 3304 2579 2595 2578
1474 3050 3969 2775 3904
1475 2813 2814 3052 3151
1476 3969 3125 4121 3931
1477 3969 2777 3125 3931
1478 3020 4122 2894 3557
1479 3020 2890 3027 4123
1480 2894 2890 3020 3557
1481 3019 3022 3021 3024
1482 2895 3019 4124 3022
1483 4118 4026 4120 4117
1484 2774 3931 2777 2776
1485 3639 2766 3428 3642
1486 2774 3428 3126 3639
1487 2777 2766 3428 2774
1488 3967 2766 3428 2777
1489 2765 2768 2777 2766
1490 2690 2692 3030 2819
1491 2765 2774 2777 2776
1492 2772 3639 2774 2771
1493 4125 4126 4127 3470
1494 3469 4126 4107 3470
1495 3469 4107 4126 4128
1496 3469 4126 4129 4128
1497 3469 4130 3253 4131
1498 3469 3255 4130 4128
1499 3469 3470 4132 4131
1500 3891 3137 3897 4133
1501 4133 3515 3378 4134
1502 4133 4134 4135 3515
1503 4136 4133 3515 3378
1504 4137 4134 4133 3897
1505 4026 4117 4138 4120
1506 4133 3144 4139 3891
1507 4133 3144 3134 3142
1508 4133 4135 4134 4137
1509 4133 4140 3891 4139
1510 2706 3635 3637 3400
1511 2839 3204 2978 2836
1512 2705 2978 2979 2981
1513 2841 3488 2846 3073
1514 2841 2981 3075 3074
1515 2978 2979 2981 3074
1516 4141 4055 4056 4142
1517 3046 2810 3021 4143
1518 4144 2810 3021 3046
1519 3020 2810 4144 2809
1520 2803 2810 4145 4146
1521 2803 2805 2808 2809
1522 4143 4145 4147 2810
1523 2785 2755 3916 3723
1524 2754 2755 2758 2757
1525 2756 3917 3916 4148
1526 2756 2993 4148 4149
1527 2756 3916 3710 4149
1528 2755 2764 2758 3917
1529 3377 2627 3514 3193
1530 2627 2630 3517 2629
1531 3658 4150 4151 3897
1532 2596 2595 274 1632
1533 3658 2885 2627 3377
1534 2635 2628 2625 2627
1535 2632 2635 2628 2625
1536 2627 2630 4152 3517
1537 2625 2629 2627 2626
1538 2627 4152 2630 2635
1539 2630 3568 3490 3047
1540 2630 3718 4152 3517
1541 2630 2629 3792 3517
1542 2639 2728 3671 2726
1543 2639 2638 2733 2726
1544 2639 3579 2727 2731
1545 3990 2929 2932 2930
1546 2639 2728 2727 3579
1547 2639 2726 3671 2638
1548 3289 2969 2619 2727
1549 3290 3573 3113 3574
1550 3289 2969 2727 3574
1551 2969 4153 3106 3290
1552 2836 3204 2978 2846
1553 2727 3584 2731 3579
1554 3578 3579 3106 3581
1555 3578 2727 3579 3584
1556 2751 2890 2874 2750
1557 2890 2753 3548 2750
1558 4154 4155 3548 2890
1559 2890 4154 4123 3757
1560 3019 2889 3027 3020
1561 2889 2890 2753 3270
1562 2890 3557 3878 3757
1563 3304 4109 4156 1613
1564 2812 3054 2819 2815
1565 3990 4157 4158 4159
1566 2739 2748 3446 2750
1567 3086 3052 2745 3090
1568 2739 2742 2741 3548
1569 2739 2742 3548 3446
1570 2812 2992 2816 3000
1571 2812 2749 2817 3054
1572 3959 3960 4160 3201
1573 4161 4162 4163 4158
1574 2845 3959 2850 3960
1575 4164 3959 4160 3201
1576 3959 4165 4164 4166
1577 3959 3201 4165 2850
1578 3304 2562 2563 2579
1579 2622 3036 2735 2715
1580 2941 2868 2902 3853
1581 2617 2933 2738 2719
1582 2715 2618 2941 2735
1583 2609 2623 2620 2619
1584 2718 2715 2618 2941
1585 4158 4167 4168 4161
1586 2859 2865 2868 2795
1587 3857 3860 3416 2673
1588 3417 2825 2826 2827
1589 3417 4169 2826 2825
1590 3857 3417 3164 3410
1591 3417 3408 3416 2831
1592 3417 3164 4169 3858
1593 4170 4171 4172 3387
1594 3386 4173 4174 3393
1595 3386 4175 3387 3392
1596 3386 3392 4174 4175
1597 3386 4176 4173 3393
1598 3387 4177 3392 4175
1599 3387 4172 4177 4178
1600 3386 3387 3389 3392
1601 3387 4170 4171 3389
1602 2660 2612 2736 2659
1603 2612 2654 2658 2655
1604 2655 2658 2657 2654
1605 3994 2994 4158 4162
1606 2737 2719 3159 3299
1607 2658 2738 3159 2719
1608 2612 2658 2660 2622
1609 2693 2690 2881 2817
1610 2695 3197 2698 2694
1611 3035 3005 2891 3807
1612 2696 2693 2881 2877
1613 3030 2770 3029 2690
1614 2697 2698 3035 2767
1615 2695 3005 3035 3006
1616 2701 2623 2621 2655
1617 2609 2612 2623 2610
1618 2658 2737 3159 2657
1619 2654 2658 2657 2737
1620 3059 2702 3063 2657
1621 2702 2707 3063 2703
1622 2701 2708 2713 2655
1623 3654 4179 3354 3653
1624 3654 3358 4180 3354
1625 3275 3654 2687 2671
1626 3665 4181 2681 3667
1627 2681 3654 4180 2689
1628 2669 2688 2681 2680
1629 3060 3171 3788 3666
1630 3357 3060 3402 3666
1631 3357 3060 3666 3360
1632 3357 3061 3167 3676
1633 3060 3666 3789 3402
1634 4182 4183 4184 4185
1635 4186 4187 4188 4189
1636 4186 4189 4190 4187
1637 4186 4189 4191 4192
1638 4182 4192 4183 4186
1639 4186 4189 4192 4190
1640 4186 4193 4192 4183
1641 4186 4194 4193 4183
1642 3398 4195 2593 1627
1643 4196 4158 4167 4168
1644 3169 3361 3170 3165
1645 2900 3436 2904 2901
1646 3169 3036 2907 3422
1647 2717 2719 3299 2720
1648 2900 2904 3169 2907
1649 3169 3361 2717 3170
1650 3170 3171 3330 3788
1651 4197 2676 4198 4199
1652 3304 1632 3242 4109
1653 4197 4200 4201 4199
1654 4197 2676 4202 3248
1655 4203 4204 994 995
1656 4197 4200 4205 4206
1657 4206 4200 4201 4197
1658 3461 1627 271 2593
1659 4207 4196 4208 4209
1660 2833 2834 3070 4210
1661 3070 4210 3067 3069
1662 2862 3070 3069 2863
1663 3070 2867 2863 2864
1664 4210 2833 2867 3070
1665 4211 3846 4212 2962
1666 3198 2903 2902 2899
1667 2903 3200 2860 3815
1668 2963 2901 3846 2962
1669 2959 2903 3815 3283
1670 3135 2918 2920 3211
1671 3135 4213 2926 2918
1672 3135 4111 4213 2918
1673 2769 2770 2776 2765
1674 3207 3206 2772 3642
1675 3212 3214 3206 4214
1676 2773 3642 3208 3497
1677 3398 2578 2577 2561
1678 3337 2694 3213 3206
1679 3262 2745 4215 4216
1680 2749 2744 2752 2739
1681 2740 3444 3158 2757
1682 3158 3724 3722 4017
1683 3155 3156 3154 3321
1684 2992 3154 2813 3808
1685 2744 3158 3155 2757
1686 2978 3204 3073 2846
1687 3204 2846 3203 4217
1688 3204 4218 3636 3635
1689 3204 3635 4219 4218
1690 2841 2978 3073 2846
1691 3871 2822 2833 3396
1692 2822 4220 3396 3871
1693 2831 2820 2821 2830
1694 2822 4221 2825 2826
1695 2822 4221 4222 3271
1696 2822 4222 4221 2826
1697 4223 1366 1436 1648
1698 4222 2826 3161 3163
1699 2821 2830 2822 2826
1700 2660 2736 4224 2659
1701 2611 2793 2732 2794
1702 3169 2660 2717 3036
1703 3169 2660 3422 2667
1704 3059 3062 2656 2657
1705 2900 3169 3036 2907
1706 2737 3159 2657 3296
1707 3036 4224 2736 3038
1708 2660 3036 4224 2736
1709 3015 4225 3016 3013
1710 3086 3015 2815 4226
1711 2774 3921 2771 3639
1712 3639 2927 2919 4227
1713 3639 3209 3429 2919
1714 3639 3130 2927 4227
1715 3639 3209 3921 2771
1716 3639 2927 3921 3209
1717 4065 2678 3125 3511
1718 3915 4122 3227 3558
1719 3915 4122 4144 4228
1720 2894 4122 3915 3558
1721 3327 3568 3873 2965
1722 3873 2636 3327 2633
1723 4229 4158 4196 4159
1724 3362 3323 3324 2963
1725 3325 2966 2963 3332
1726 3568 3718 2966 2965
1727 2836 2978 2841 2846
1728 2839 2842 2969 2838
1729 3204 4230 3073 4231
1730 2706 3637 3635 3636
1731 3635 3400 4232 4233
1732 3400 4232 4233 3562
1733 3635 4234 4232 4230
1734 3635 3400 4235 3637
1735 3635 4234 4230 4219
1736 2845 4236 3960 3962
1737 2836 2842 2839 2838
1738 3400 3635 4232 2704
1739 4237 4238 4239 3413
1740 4237 2898 3415 4240
1741 4237 4241 4242 4240
1742 4237 4243 4238 4244
1743 4237 4245 4242 4246
1744 4237 4241 3415 3413
1745 4247 3292 4248 4249
1746 4250 4251 4252 4253
1747 3469 4128 4129 3255
1748 3258 4254 3471 3470
1749 3469 3470 4107 4132
1750 4126 4255 4129 4256
1751 4126 4129 4128 4256
1752 3470 4126 4127 3469
1753 2939 2941 2733 2943
1754 2985 3809 4257 4258
1755 4259 2172 4260 2240
1756 3271 2984 2986 2985
1757 2852 2987 2988 3955
1758 3462 4195 3461 2577
1759 2611 2726 2612 2610
1760 2646 2647 2856 2851
1761 2983 2986 2857 2988
1762 3134 3137 3136 3891
1763 4111 3205 3211 3135
1764 3138 3226 4261 4262
1765 3135 3211 3424 4261
1766 3191 3138 3145 3137
1767 3207 3205 3208 4112
1768 3220 3641 4111 3205
1769 3226 3205 3220 3145
1770 3344 3358 3355 3354
1771 3358 3666 3402 4000
1772 4263 4264 4265 4266
1773 3357 3360 3358 3359
1774 3665 4180 3358 3360
1775 3680 4267 3346 3420
1776 4268 4269 4270 4271
1777 4272 4269 4270 4268
1778 4269 4268 4273 4267
1779 4268 4274 4273 4267
1780 4265 4266 4275 4276
1781 4267 4277 4274 4273
1782 3348 3420 4267 4274
1783 3252 2912 2913 3256
1784 2912 3471 3257 3274
1785 2912 4278 3471 3274
1786 3469 3471 3259 4127
1787 3258 3259 3469 3471
1788 3259 2917 3256 4279
1789 3259 4280 2917 4279
1790 2915 4278 3276 4281
1791 2915 2687 2926 3464
1792 2669 3654 2687 2682
1793 3981 4266 4282 4283
1794 2682 3279 3896 3655
1795 3895 3279 3896 2682
1796 2687 2670 2926 3464
1797 2669 2670 2687 2671
1798 4110 2979 4284 4142
1799 4110 4285 4286 4287
1800 4110 4141 2981 2979
1801 4110 4286 3953 4287
1802 4110 4288 4289 3953
1803 4110 4289 4141 4142
1804 3377 3659 2885 3137
1805 3658 3377 3897 3659
1806 3377 2884 3193 2886
1807 4290 2513 4291 2529
1808 2627 2884 3193 3377
1809 3378 3191 3377 3193
1810 3130 2913 2914 4227
1811 3130 3133 4292 3132
1812 3124 3130 3133 3129
1813 3126 3930 3131 3931
1814 3639 2927 3130 3930
1815 3130 4293 3133 3129
1816 3130 2927 4227 2914
1817 2874 2818 3035 3305
1818 2888 2892 2891 3305
1819 4263 3790 4294 4295
1820 3000 2891 2751 2892
1821 2754 2756 2764 2755
1822 2813 3154 2814 3151
1823 3035 3000 2816 3447
1824 2719 2933 2724 2718
1825 2933 3954 2624 3401
1826 3600 2732 2731 2851
1827 2933 2795 3811 2725
1828 2933 2718 2725 2724
1829 3505 1754 302 1747
1830 2933 3954 2934 2624
1831 2830 2820 2822 3161
1832 2942 2637 3018 2648
1833 3018 3161 2822 2820
1834 2835 4188 3869 2898
1835 2821 2835 2827 2834
1836 4263 4296 4265 4264
1837 2831 4238 3868 4189
1838 2835 4191 4188 4189
1839 2835 4188 4191 2834
1840 2835 4189 2827 4297
1841 2983 2982 2938 2985
1842 2822 2825 4221 4298
1843 3070 4210 2863 2867
1844 4265 4299 4300 4296
1845 3396 4220 3809 3871
1846 4301 4302 4303 4304
1847 4305 4306 2723 1641
1848 4301 4102 3881 4307
1849 4301 4308 4102 4307
1850 4271 4309 4301 4302
1851 4302 4271 4304 4301
1852 4301 4271 4304 4308
1853 3118 1755 1644 2675
1854 2609 2738 2617 2910
1855 2723 2592 2591 2575
1856 2609 2621 2622 2738
1857 2609 2622 2618 2617
1858 2701 2706 2713 2708
1859 2655 2612 2659 2610
1860 2715 2716 3361 2901
1861 4310 4265 4311 4312
1862 2654 2656 2662 2668
1863 4144 4122 3022 3020
1864 2895 3003 3435 4313
1865 2894 3915 4122 3022
1866 3232 3557 3757 2871
1867 4314 4315 1517 1578
1868 3557 2888 2874 2887
1869 2871 3558 2887 2873
1870 2785 4316 4317 4318
1871 3444 4018 4317 4316
1872 3739 3750 3723 3720
1873 3750 3723 3720 3724
1874 3739 3750 2783 3723
1875 3750 3722 3724 4017
1876 3444 3722 3750 4017
1877 2957 2964 3284 2963
1878 3527 3788 3331 3171
1879 2957 2965 2963 3324
1880 2964 3436 2904 3284
1881 4319 3330 3846 3332
1882 3330 3846 3332 2963
1883 4299 4300 4311 4265
1884 3169 2667 3422 3166
1885 3361 3846 2901 3735
1886 3131 3124 3125 3129
1887 2678 3248 2676 4198
1888 2678 3133 4320 4198
1889 3248 2678 2928 3245
1890 3124 3133 2678 3129
1891 4233 4232 4234 4311
1892 4311 3562 4233 4232
1893 3562 3400 3561 4233
1894 3563 3562 3065 3561
1895 3065 3400 3562 2707
1896 3562 2707 4321 3066
1897 3562 4322 4232 4311
1898 3604 2860 3821 2959
1899 2901 3604 3735 3846
1900 3436 3362 3324 2963
1901 357 4323 358 352
1902 2964 3436 2901 2904
1903 2834 3871 2822 2833
1904 2867 2864 3809 2868
1905 2939 3809 2938 2795
1906 2939 3809 2795 2868
1907 2866 2863 3872 2867
1908 4324 4325 4326 4327
1909 3872 2833 2867 4210
1910 2833 2835 4210 3869
1911 3070 2867 2864 3871
1912 3853 2868 2866 2944
1913 2868 2866 2944 2867
1914 2660 3036 3422 4224
1915 2660 4328 3422 2667
1916 2735 2736 3438 3038
1917 2622 2617 2738 2719
1918 2612 2726 2659 2610
1919 2735 2941 3037 2726
1920 4329 4330 4331 4332
1921 4333 4334 3201 4160
1922 4334 4335 4160 4333
1923 3032 4334 4336 4337
1924 4338 4339 4335 4334
1925 3935 4340 4341 3576
1926 3032 3031 4334 4342
1927 4334 4343 4335 4344
1928 4334 3031 3033 4344
1929 2992 3808 3711 3154
1930 3904 3968 3808 3966
1931 3808 3448 3334 4345
1932 2734 2607 4306 1640
1933 3711 3334 3300 4346
1934 3808 3711 3302 3807
1935 3302 3334 3300 3711
1936 3448 2768 2777 3808
1937 2697 2698 2767 2770
1938 3151 3904 3316 3964
1939 2765 2773 2767 2766
1940 2691 4340 3935 3576
1941 2916 3464 2921 4347
1942 2915 2671 2916 4281
1943 2671 2916 4347 3464
1944 2915 2916 4278 4281
1945 301 23 2675 2608
1946 2669 2682 2686 2680
1947 4348 4349 4350 4351
1948 2669 2686 2670 2672
1949 2670 3985 2926 3464
1950 2670 4347 3464 2671
1951 2927 4352 2914 3930
1952 3921 2927 3210 3209
1953 3639 3921 2927 3930
1954 2925 3465 2927 2918
1955 3252 3255 3259 3256
1956 2911 2927 2914 2919
1957 3639 2927 3209 2919
1958 2879 2869 2870 3756
1959 2696 2691 2693 3879
1960 2869 3756 2879 2693
1961 2878 3196 3236 4353
1962 2696 3196 4354 3879
1963 2878 4355 3879 3244
1964 2878 2870 3236 3244
1965 3335 3496 3336 3501
1966 3448 3496 3336 3335
1967 3495 3447 3448 3335
1968 3495 4356 3336 3005
1969 3495 4356 3005 3333
1970 4071 4357 3935 3936
1971 2621 2703 2738 2624
1972 3168 3062 3171 3170
1973 3168 2667 3169 3166
1974 3062 3789 3297 3064
1975 3165 3666 3060 3360
1976 2702 2707 3065 3066
1977 2737 3170 3299 3297
1978 2702 3066 3063 2707
1979 3059 3065 3064 3066
1980 2858 2868 2867 2866
1981 3396 2867 3809 2868
1982 2867 3872 2866 3397
1983 2858 2863 3199 2866
1984 2863 4358 3199 2866
1985 2863 3872 4210 3069
1986 3935 4070 4340 4077
1987 3195 3218 3213 3890
1988 3195 3218 4359 3213
1989 2734 2575 2591 2574
1990 3195 4359 3831 3889
1991 3884 4360 4361 3830
1992 2908 2574 2573 2557
1993 3784 3213 3890 4354
1994 3884 3830 3885 3831
1995 2737 2657 3062 3297
1996 3036 2900 2901 3169
1997 3999 3666 3788 3527
1998 3666 3788 3527 3171
1999 2734 4362 2559 2558
2000 3171 3331 3330 3788
2001 3788 3331 3999 3527
2002 3062 3788 3170 3297
2003 3059 3062 3061 3175
2004 3809 2868 2865 2795
2005 2985 4220 4363 4257
2006 2985 3811 4258 4364
2007 2793 2986 2983 2938
2008 3809 3072 2865 2864
2009 3809 2864 4257 3072
2010 3654 3358 3354 4179
2011 3665 4179 3654 4181
2012 3354 3358 4180 3677
2013 3275 3276 3354 3656
2014 3275 3653 3279 3655
2015 3344 3355 3419 3353
2016 3657 3275 3276 3653
2017 3656 4365 3276 3354
2018 3654 3653 3655 4179
2019 3344 3354 3353 3350
2020 3354 3350 3677 4365
2021 4366 4367 4368 4369
2022 4369 4370 4371 4366
2023 4369 4050 4366 4371
2024 4369 4371 4372 4050
2025 4369 4368 4373 4367
2026 4369 4368 4374 4373
2027 3323 3324 2965 3522
2028 2633 2636 3327 3660
2029 3935 4375 3577 4341
2030 3327 4151 3660 2636
2031 3718 4152 3326 3327
2032 3375 4376 4377 4378
2033 2799 4379 3374 2798
2034 3375 4379 3374 2799
2035 3375 4147 3374 4379
2036 3375 4377 2799 4380
2037 4381 4382 3254 4383
2038 4381 3254 4382 4384
2039 4381 4198 3254 3129
2040 3935 3936 4375 4069
2041 4385 4386 4387 4388
2042 4381 2676 4383 4198
2043 4381 4389 4386 4388
2044 4381 4385 4383 4388
2045 4381 2676 4389 4388
2046 3658 4151 3659 3897
2047 4151 3898 3659 3897
2048 3658 3660 4151 2635
2049 3658 4151 3660 3659
2050 4151 3660 4021 3862
2051 4151 3862 4150 3326
2052 3659 3660 4021 4151
2053 2680 3659 3660 4021
2054 4390 4355 3883 4391
2055 4390 4355 4392 3883
2056 4390 4393 4394 4395
2057 4390 4396 4391 3883
2058 4390 4361 4396 3883
2059 3106 3290 3107 3113
2060 3113 3106 3574 3111
2061 3113 3573 3121 3574
2062 3108 3115 3114 4397
2063 4398 4399 4400 4401
2064 3573 3290 2713 3289
2065 2783 3723 3916 3740
2066 2935 4223 1399 1436
2067 2785 2755 3917 3916
2068 2785 2755 3722 2757
2069 2785 3750 3722 3723
2070 2784 4317 4402 4403
2071 2784 4317 4403 2787
2072 3157 3723 3739 3737
2073 3749 2784 4097 3748
2074 4404 4405 4406 3228
2075 4407 4408 2651 4398
2076 3228 4405 4409 3286
2077 3287 3286 4409 3288
2078 4409 3287 4406 3228
2079 3228 3287 3237 3286
2080 2686 3661 2885 3986
2081 3658 2635 4150 3514
2082 3659 2682 4021 2680
2083 3314 3343 3721 3152
2084 3156 3151 3964 3152
2085 3156 3151 3966 3316
2086 3156 3966 3154 3321
2087 4410 4411 4412 4413
2088 4410 3222 4414 4415
2089 4398 2652 4416 4417
2090 2661 3573 3575 4418
2091 4410 4419 4412 4420
2092 2590 2908 2573 2589
2093 4421 4410 4422 4423
2094 4424 4421 4425 4410
2095 3366 3367 3166 4399
2096 4410 4420 4426 4425
2097 4410 4420 4424 4419
2098 4398 4400 4399 4417
2099 4386 2679 4388 4389
2100 2679 4389 4386 4427
2101 4064 3341 4428 2679
2102 3964 4064 3341 4428
2103 2679 4428 4064 4427
2104 3245 4065 2678 2677
2105 3341 4065 2677 2679
2106 4429 4430 4431 4432
2107 3124 3125 3126 3131
2108 2678 4389 4064 3125
2109 3756 2693 3053 2879
2110 4154 3756 3757 3878
2111 3756 3878 4154 4433
2112 3232 3756 3751 3763
2113 2869 2693 2878 2877
2114 3756 3751 2879 3053
2115 3258 4434 4131 3253
2116 4126 4435 3421 4127
2117 3259 3255 4129 4279
2118 4126 4107 4256 4128
2119 4429 4436 4437 4438
2120 4129 4439 4256 4440
2121 4439 4256 4128 4129
2122 4429 4441 4438 4442
2123 2731 2619 3600 3584
2124 2732 2647 2639 2731
2125 2619 2639 2732 2611
2126 2981 3651 3552 3599
2127 2981 4141 3599 3075
2128 2785 3444 3722 3750
2129 2862 3069 3068 2860
2130 3068 3682 3683 3688
2131 3068 4443 3067 4444
2132 2862 3068 3605 2860
2133 3068 3605 2860 3688
2134 2754 2993 3264 2762
2135 4445 4446 4447 4448
2136 3155 3261 3722 3723
2137 3261 3723 3740 3916
2138 2756 4149 3001 2993
2139 3261 3723 3713 3740
2140 4429 4442 4449 4441
2141 2627 2626 2884 2628
2142 3658 3897 3377 3514
2143 4151 4150 2635 4152
2144 2628 3658 3661 2885
2145 3134 3143 3144 3901
2146 2911 2926 2925 2918
2147 2671 3275 3276 2915
2148 2925 4213 2926 3280
2149 3135 3136 2926 4213
2150 3012 4450 3087 4451
2151 3012 3087 4450 4452
2152 3011 3088 3015 3012
2153 3011 3014 3013 3016
2154 4453 4451 4454 3014
2155 4451 4454 3014 3012
2156 3015 3012 3087 3013
2157 3011 3012 3015 3013
2158 3012 3017 3011 3088
2159 2731 3584 3600 4455
2160 2646 2647 2731 2640
2161 2980 2619 2842 3600
2162 2620 2909 2934 3598
2163 2621 2909 2703 2624
2164 3289 2727 2619 2610
2165 2851 3600 3598 3630
2166 2624 2909 2620 2623
2167 2939 2794 2618 2795
2168 4456 3443 4457 3551
2169 4458 4459 4460 4461
2170 2739 2750 2749 2748
2171 3549 4462 4463 3550
2172 3550 2742 4464 4463
2173 2992 3000 3447 2816
2174 4465 2742 3547 2761
2175 2742 2741 3547 2761
2176 2874 3305 3008 2873
2177 2813 3052 2748 2815
2178 3086 3088 3090 3446
2179 3015 3013 3054 4225
2180 3054 3087 4466 2880
2181 2812 2697 2819 2817
2182 3086 3015 3054 2815
2183 3011 3010 4226 3652
2184 3054 3087 3446 4466
2185 2789 4177 2787 3392
2186 2792 2783 4096 2782
2187 1225 4467 4468 1181
2188 2789 2782 4170 3392
2189 2943 2638 2641 3037
2190 2832 4240 2898 3869
2191 4469 4470 4471 4472
2192 2858 2863 3200 3199
2193 3200 3199 2902 2859
2194 2859 3199 2902 2868
2195 2858 2864 2868 2865
2196 4317 2786 4473 2787
2197 4317 4318 4316 4473
2198 4474 3423 3424 3425
2199 4317 4018 4475 4473
2200 3750 2784 4317 4402
2201 2781 2789 2787 2780
2202 4476 3001 4149 2993
2203 4476 4477 4478 4479
2204 4476 4480 4481 4482
2205 4476 2998 3003 4480
2206 4483 2250 2293 2309
2207 4476 4478 4481 4479
2208 4476 3003 2993 4479
2209 3965 3316 4062 3966
2210 4484 4261 4112 4214
2211 3126 3930 3639 3130
2212 3904 3967 3968 3966
2213 3510 4062 3967 3511
2214 3967 2777 3968 2766
2215 2746 2747 2606 2590
2216 3125 2777 3126 3931
2217 3510 3967 3123 3511
2218 2604 1604 282 283
2219 2915 3274 3276 4278
2220 2915 2687 3464 2671
2221 2688 4485 4486 4487
2222 3276 3350 4488 3657
2223 4365 3276 3354 3350
2224 3276 4365 3656 4281
2225 4020 4489 4485 4490
2226 4491 2693 4492 2879
2227 2693 2879 4491 3053
2228 2878 3879 2693 2879
2229 2869 2881 2693 2877
2230 2817 3053 2693 3055
2231 2808 3046 2811 2809
2232 2805 3230 4493 3233
2233 2805 2804 3230 2806
2234 2805 3234 3230 3233
2235 2805 2809 3233 4493
2236 3020 4146 2805 3759
2237 2805 3234 3233 3759
2238 4494 4495 4150 4152
2239 468 4496 4497 4498
2240 4494 4150 4499 4500
2241 4494 4501 3329 3326
2242 4502 4503 3081 4504
2243 4502 4011 4505 4506
2244 3702 3706 3701 3727
2245 4502 3079 4507 4508
2246 4502 4509 3079 4510
2247 4502 3079 4503 4510
2248 2686 3986 3135 3985
2249 3191 4262 3192 2886
2250 3191 4262 3138 3192
2251 3659 3137 3897 3891
2252 2885 3659 2680 2686
2253 3189 349 354 29
2254 2686 2680 3661 2672
2255 3137 3897 4133 3377
2256 3138 3986 3137 3192
2257 3357 3356 3404 3403
2258 3212 3218 3213 3215
2259 3218 3216 3906 4360
2260 3884 3218 4360 4511
2261 3884 4361 4360 4512
2262 3218 4359 3213 3215
2263 3884 3218 4512 4360
2264 3218 3216 4511 3217
2265 3217 3218 3212 3215
2266 3165 3170 3171 3330
2267 3165 3060 3666 3171
2268 3325 3527 3664 3331
2269 3527 3666 3665 4000
2270 3665 2681 4181 3654
2271 3364 3665 3360 3668
2272 3194 3216 3226 3217
2273 2686 3136 3135 3137
2274 2940 2875 2968 1660
2275 3191 3226 3194 3378
2276 3191 3226 3138 4262
2277 3225 3938 3212 3216
2278 3212 3206 3205 4214
2279 2773 2770 2699 2771
2280 3212 3215 3214 4214
2281 2696 3007 2878 2877
2282 4513 4514 4500 4515
2283 2699 3784 3213 3938
2284 2735 3438 2726 3037
2285 3037 3038 2900 2735
2286 2660 4328 2667 2668
2287 4516 2720 2721 2714
2288 2933 2718 2795 2725
2289 3169 3036 3361 2901
2290 2714 2719 2722 2724
2291 4517 4518 4519 3899
2292 2636 3327 3568 3873
2293 3568 3717 3490 3719
2294 3568 3490 3281 3570
2295 2958 2959 3816 3283
2296 2958 3570 3281 3282
2297 3716 3717 3801 2961
2298 2957 2961 2958 2960
2299 3253 3258 3254 3252
2300 3133 3467 3130 3252
2301 4147 4145 4520 3371
2302 2803 4145 4147 3371
2303 4147 4145 4521 4520
2304 4147 2810 2811 4143
2305 3730 3729 2875 4522
2306 4147 4145 4523 4521
2307 4147 3590 3374 4524
2308 4147 4525 3590 4524
2309 2987 2984 4526 4025
2310 4527 4528 4529 4530
2311 2987 4531 4532 3778
2312 2987 4533 2988 3955
2313 3955 4533 4534 2987
2314 2989 3778 2987 4532
2315 2993 2752 3264 2893
2316 2745 2739 2742 2740
2317 2739 2753 3548 2741
2318 3264 3026 2762 3265
2319 2754 2752 2741 3264
2320 4513 4528 4527 4530
2321 2753 3547 3270 3548
2322 3002 1660 1617 1672
2323 2753 3547 2741 2763
2324 2890 2750 3548 3878
2325 2777 3126 3931 2774
2326 2729 4377 4378 986
2327 3969 2775 3904 2777
2328 2775 2776 3969 3050
2329 2815 2813 3049 2819
2330 4535 1273 1247 1219
2331 3050 3904 2813 3903
2332 4527 4529 4536 4519
2333 3510 2766 3967 3968
2334 2772 3209 3639 2771
2335 2772 2773 2766 3642
2336 4485 4537 4538 4489
2337 3429 3639 3428 3642
2338 3787 2571 2570 2554
2339 3207 3211 4112 3429
2340 2920 3211 2919 3429
2341 3211 2927 2919 3209
2342 3207 3210 3209 3786
2343 2752 3710 2756 3261
2344 3155 3713 3156 3321
2345 2748 2814 2745 3052
2346 3086 3446 2748 3054
2347 2868 2858 2859 3199
2348 2863 3200 3199 4358
2349 3199 4539 2866 4358
2350 3199 2866 4539 3851
2351 3199 4540 2866 3851
2352 3198 2906 2902 4540
2353 3198 4541 3285 2906
2354 3668 4485 4487 4542
2355 4232 4234 4543 4230
2356 3635 4232 4234 4233
2357 4233 3635 4219 4234
2358 4234 4233 4265 4544
2359 4545 4546 4547 4548
2360 4234 4265 4233 4311
2361 4233 4549 4550 4544
2362 3093 3404 3064 3564
2363 3165 3169 3365 3166
2364 3169 3436 3361 3362
2365 2859 2861 3604 2860
2366 2668 2659 2654 2660
2367 2667 2668 4328 2656
2368 4551 4552 4553 4554
2369 4545 4555 4556 4557
2370 4554 3772 3100 4558
2371 3095 4559 3099 4560
2372 3095 4554 3103 3098
2373 3095 4554 3772 3100
2374 4554 3100 4551 4558
2375 3095 4554 4559 3103
2376 3155 3722 3261 2757
2377 3840 1607 1597 1672
2378 2756 2755 3916 3917
2379 2755 3261 3723 3722
2380 2785 3723 2783 3750
2381 2744 3158 2740 2745
2382 3262 4216 4215 4441
2383 2755 3261 3722 2757
2384 3750 2784 4402 3749
2385 4545 4557 4561 4555
2386 3750 3722 3723 3724
2387 3252 3255 3133 3253
2388 3189 3187 349 29
2389 3133 3256 4320 3255
2390 4293 4352 3130 3467
2391 2678 4320 3133 3132
2392 2678 3133 4198 3129
2393 4562 4546 4545 4555
2394 4563 4564 4565 3048
2395 4563 3793 4566 4567
2396 4563 3793 4567 3490
2397 4566 4568 4569 4563
2398 4570 4566 4568 4569
2399 4563 4571 3048 4565
2400 4563 4571 4569 3041
2401 2658 2621 3159 2738
2402 2934 3953 4532 3955
2403 2624 3401 4286 2703
2404 2728 2726 4061 3671
2405 2909 3953 4110 4286
2406 4572 4573 3564 4321
2407 4574 4572 4575 4576
2408 4572 4577 4574 4573
2409 4572 4321 3564 3563
2410 2946 4578 4579 2949
2411 4580 4581 4576 4277
2412 4572 3563 3403 4582
2413 4572 4277 4582 3403
2414 4572 4299 3563 4582
2415 4572 4582 4581 4299
2416 3196 4355 3879 2878
2417 3197 2695 3004 2696
2418 3195 3883 3196 3885
2419 3196 3236 4353 4583
2420 3195 4354 3196 3883
2421 2878 3196 4353 3007
2422 3195 4359 3889 3007
2423 4357 3890 3935 3784
2424 4357 3938 3890 3784
2425 3906 4584 4073 4585
2426 4586 4587 4588 4536
2427 3218 4512 4357 3890
2428 4357 3890 4077 3935
2429 4071 4357 4585 4077
2430 4589 4590 4124 3024
2431 3022 4590 4124 4591
2432 3022 2896 4590 4591
2433 2894 3557 4122 3558
2434 2895 2894 3022 2896
2435 3023 3024 4124 3019
2436 3020 3758 4123 4592
2437 2888 3557 2894 2887
2438 3838 2569 2553 2570
2439 4590 3024 3021 3022
2440 3022 4590 4144 3021
2441 2625 2636 3047 2633
2442 2686 3659 2680 2682
2443 3658 2635 4151 4150
2444 3191 2885 2886 3192
2445 4577 4321 4572 4299
2446 3193 3378 4134 3377
2447 3658 3660 4593 2680
2448 3381 3193 4134 3514
2449 2632 2628 3658 3661
2450 3327 3862 3326 3328
2451 2681 3660 2680 4020
2452 3275 2687 3655 3279
2453 3327 3660 3667 3669
2454 2681 3660 4021 2680
2455 3667 3660 4020 3669
2456 3667 4021 3660 3862
2457 2696 2695 3004 2877
2458 3495 3005 3336 3447
2459 2812 2697 2817 2818
2460 2775 2767 2765 2770
2461 3005 3336 3447 3035
2462 4594 4536 4595 4587
2463 4596 4588 4536 4586
2464 2739 2753 2751 2750
2465 2752 3001 2756 3710
2466 3155 2757 3158 3722
2467 3150 2744 2745 3158
2468 3156 3151 3154 3966
2469 3321 3155 3260 3154
2470 2629 4597 4579 3039
2471 2630 3717 3517 3792
2472 2629 3380 3039 4579
2473 2629 4597 3039 3040
2474 2627 2626 2629 3380
2475 2629 3380 2626 3039
2476 2795 2938 2939 2794
2477 2618 2939 2795 2941
2478 2983 2852 2988 2857
2479 4536 4595 4518 4519
2480 2733 2726 2638 3037
2481 2732 2731 2619 3600
2482 2732 2851 3600 2620
2483 2986 3809 3396 4220
2484 2989 2933 2934 2852
2485 2986 3018 3273 3161
2486 2939 3018 2986 3396
2487 2851 2988 2852 2857
2488 3135 3205 3211 4261
2489 2927 2918 4598 3210
2490 2919 3211 2920 2918
2491 3649 2569 2568 2552
2492 3205 3138 3226 4261
2493 2569 3056 3649 2568
2494 3211 4112 3424 4261
2495 3135 3985 4599 3424
2496 3211 3135 3424 2920
2497 2918 4111 4213 3210
2498 4600 2568 2567 2551
2499 4111 3211 2918 3135
2500 3135 3138 4261 4599
2501 4533 4118 4534 4117
2502 4533 4118 4117 4601
2503 2988 4533 4602 3628
2504 4603 3628 4604 4602
2505 4602 2988 2987 4533
2506 4602 2984 4526 2987
2507 4536 4595 4587 4518
2508 4601 3955 3628 4533
2509 4602 4601 3628 4533
2510 4605 4371 4606 4607
2511 4059 4050 4372 4058
2512 4050 4372 4058 4371
2513 3085 2584 2567 2568
2514 4369 4374 4050 4372
2515 2671 4487 4486 4608
2516 4371 4370 4607 4366
2517 4371 4606 4607 4609
2518 4369 4372 4371 4370
2519 2787 2780 2784 2781
2520 3150 2814 3151 3153
2521 3723 3724 3155 3157
2522 3089 2599 3085 1636
2523 3150 3156 3151 3154
2524 3150 3152 3157 3262
2525 4610 525 524 517
2526 3750 3724 3720 4017
2527 4611 649 633 650
2528 2785 3444 3750 4317
2529 3323 3327 3669 3864
2530 3325 3323 3328 3664
2531 3327 3568 3718 2636
2532 3327 4151 3862 3660
2533 2965 3873 3522 2957
2534 3325 3332 2963 3330
2535 2901 3604 2959 2903
2536 2962 2963 2966 3846
2537 4612 1832 1852 1813
2538 4613 4614 1710 4615
2539 3522 2957 3324 2965
2540 2957 3282 3281 3284
2541 4616 4325 4617 4326
2542 4616 4618 4617 4325
2543 4616 4619 4620 4325
2544 4616 4621 4620 4622
2545 1014 136 506 135
2546 4616 4623 4624 4625
2547 4616 3752 3751 3753
2548 4616 4624 4626 3751
2549 4616 4623 4627 4626
2550 2837 3202 2839 3203
2551 3562 3400 4232 2707
2552 4628 1592 1575 1591
2553 4322 2707 4321 3562
2554 2708 2707 3065 2702
2555 2702 2656 2708 2655
2556 4219 3204 4218 4217
2557 3562 4233 3561 3563
2558 2708 3814 3559 3637
2559 3400 4233 4235 3561
2560 2878 3236 2872 4353
2561 2817 2750 2874 2880
2562 3359 4629 4630 4631
2563 2874 2877 2873 3008
2564 2877 2872 2869 2873
2565 2692 2819 3055 4225
2566 3030 3049 2775 2819
2567 3004 2696 3007 3197
2568 2872 2870 3236 2878
2569 4632 4633 4634 4635
2570 4632 4635 4634 4271
2571 4267 4635 4632 4271
2572 4632 4295 4277 4269
2573 4632 4636 4637 4295
2574 4267 3418 4632 4635
2575 3793 3800 3792 4597
2576 4563 4566 3793 4597
2577 3793 3796 3490 3717
2578 4563 3793 3490 3040
2579 4638 1313 1226 1283
2580 3793 4567 3796 3794
2581 3791 3717 3793 3792
2582 3549 3550 4463 2742
2583 2754 2752 3264 2993
2584 2758 2761 2741 2757
2585 2741 4639 2763 3547
2586 4639 2759 2761 2741
2587 2754 2755 2764 2758
2588 2739 2750 3446 3548
2589 2752 2757 2744 3155
2590 2895 3265 3003 4313
2591 2699 2770 2769 2771
2592 2768 3448 2777 2766
2593 2765 2774 2776 2769
2594 4640 4641 4642 3217
2595 4484 4262 4599 4261
2596 3217 4642 3215 4214
2597 4484 4643 4599 4641
2598 4214 4642 3215 4644
2599 4484 4644 4214 4645
2600 4643 4261 4112 4484
2601 3423 3432 4474 3429
2602 3430 3432 3429 4646
2603 3639 2919 3429 3428
2604 3430 3642 2766 3497
2605 3430 4646 3642 3497
2606 3430 3642 3428 2766
2607 3430 4647 2766 3428
2608 3430 3428 3433 4647
2609 2669 2680 2672 2688
2610 3527 3664 3665 3667
2611 3354 3653 3350 3276
2612 2681 2682 2680 4021
2613 3659 3896 3898 4021
2614 3654 3354 2689 3656
2615 2926 2686 2687 3136
2616 3665 3668 2681 4180
2617 3463 3257 4648 4649
2618 2925 3463 3274 3257
2619 3463 4649 3274 3257
2620 3463 3280 4650 4651
2621 3463 4652 4650 4649
2622 2870 3235 3238 3237
2623 3236 4653 3244 3229
2624 3236 4353 4583 3237
2625 3930 4293 4654 4655
2626 2878 3244 3879 2879
2627 2878 3007 4353 2872
2628 3228 3230 4404 3229
2629 3230 3233 3235 4493
2630 2870 3228 3237 3229
2631 2870 3230 3233 3235
2632 3063 3064 2657 3296
2633 3331 4656 4657 4658
2634 3065 3564 3093 3064
2635 2657 3297 3296 3064
2636 3366 3367 4399 4398
2637 3366 3367 4398 2651
2638 4659 951 4660 4661
2639 3365 3366 2652 2651
2640 2652 3365 4662 3422
2641 3366 4399 3166 4417
2642 3365 3166 2652 3366
2643 4662 4663 2649 2652
2644 4261 3138 3135 3205
2645 3653 4179 4664 3655
2646 3653 3351 4665 3353
2647 3653 3350 3657 3351
2648 4666 4667 4668 4447
2649 4669 4666 4670 3393
2650 4666 4671 4173 4672
2651 4666 4673 4674 4668
2652 4666 4173 3393 4675
2653 4360 3905 4511 3216
2654 3216 4360 3905 3382
2655 3884 4512 3218 3890
2656 3218 3216 4360 4511
2657 3218 4360 3906 4512
2658 3212 3217 3215 4214
2659 3276 3274 4488 4278
2660 3344 3351 3353 3419
2661 3344 3355 3356 3419
2662 4662 4676 2652 4677
2663 3656 3275 3276 2671
2664 3350 4678 3352 3345
2665 3674 4679 4680 4681
2666 3350 3352 4488 3351
2667 2741 2758 2754 2759
2668 4360 4682 2954 3832
2669 4360 3832 3830 3831
2670 3094 2566 2550 2567
2671 4360 3830 4683 4361
2672 3195 3884 4359 3218
2673 3228 4684 3229 4404
2674 3020 3557 3233 4122
2675 3089 3934 1620 1565
2676 3232 4618 3759 3753
2677 4662 4663 2652 4676
2678 2870 3235 3227 3238
2679 2879 2878 2870 2869
2680 2869 2870 3756 2871
2681 2870 3233 3230 3234
2682 3230 3287 2808 4493
2683 2686 3137 3986 2885
2684 4685 4686 2652 4677
2685 4423 4687 4422 4688
2686 2635 3660 2633 4593
2687 3660 2633 3864 3327
2688 3327 3660 3669 3864
2689 3660 3864 2633 4020
2690 3873 2965 3522 3864
2691 3323 3325 2963 3362
2692 3094 2583 2566 2567
2693 3513 2627 3517 3380
2694 2625 2636 2630 3047
2695 2630 3568 3718 3717
2696 3873 2965 3864 3327
2697 2889 2895 3265 2893
2698 4685 2652 4417 4416
2699 4689 4690 3188 4691
2700 3434 3003 2998 4480
2701 2895 3435 3434 4591
2702 3434 4692 4693 4694
2703 3434 4695 2887 2896
2704 3434 2896 4693 4695
2705 4696 4697 4698 4699
2706 4398 4416 2652 2650
2707 4699 4698 4700 4506
2708 4696 4700 4510 4699
2709 3422 4662 2652 4686
2710 4699 4701 4697 4505
2711 4699 4697 4701 4702
2712 4699 4697 4702 4703
2713 4704 4702 4696 4510
2714 4704 4705 4696 4702
2715 4702 4705 4696 4703
2716 4706 3956 3922 3923
2717 4706 4707 4708 3700
2718 4706 4707 3700 4709
2719 4706 4710 3923 3119
2720 4706 4707 4709 4711
2721 4712 4713 4714 4710
2722 4706 4715 4710 4712
2723 3658 3377 3659 2885
2724 3327 3862 4151 3326
2725 2681 4020 2680 2688
2726 2681 4181 3654 3655
2727 2681 3667 4181 4021
2728 2680 4593 2672 2688
2729 2627 3517 4152 3514
2730 3260 3321 3154 3711
2731 3150 3262 3158 2745
2732 3156 3321 3316 3966
2733 3728 2979 2704 4716
2734 2701 2909 3728 2703
2735 2841 2842 2981 2978
2736 3728 2703 4717 2707
2737 2703 2707 2701 2702
2738 2969 3290 2838 4153
2739 3578 2838 3583 3582
2740 2978 3204 3638 3073
2741 2838 2848 3583 3582
2742 2837 3203 2846 3962
2743 2837 3960 2845 2850
2744 2837 3960 3201 3202
2745 2838 3032 3202 3201
2746 4718 4719 4720 4721
2747 3289 2655 2713 3573
2748 2656 2708 3814 3092
2749 2708 3637 2713 3814
2750 3207 3642 4112 3208
2751 2769 3921 2771 2774
2752 3642 2772 3639 2766
2753 2927 3210 3209 3211
2754 2927 3210 3211 2918
2755 2927 2914 2919 4227
2756 2810 4146 4592 4145
2757 4146 4592 4145 3371
2758 2810 3021 4145 4592
2759 2810 4145 4147 2803
2760 3759 2803 2806 3371
2761 3651 3552 3569 4722
2762 2842 2843 3651 3600
2763 4722 2843 3651 2840
2764 3651 3599 3629 3552
2765 2841 2981 2842 2840
2766 2981 2840 3075 3552
2767 3728 2701 2704 2705
2768 2839 3636 3204 3203
2769 3191 4262 3194 3226
2770 2952 3381 3379 4723
2771 2952 3379 2956 4723
2772 2952 2951 3382 2884
2773 2946 2951 2952 3380
2774 2946 3380 2952 2949
2775 2952 3379 2953 2956
2776 4478 4481 4313 4724
2777 4478 4725 4726 4477
2778 4689 4727 4728 4729
2779 4478 4730 4481 4724
2780 4478 4482 4481 4730
2781 4478 4731 4732 4482
2782 4476 4732 4478 4477
2783 4589 4590 3024 4733
2784 4589 3024 4124 3023
2785 4589 4734 4735 3023
2786 4589 4734 4736 4735
2787 4589 4737 4738 4734
2788 4589 4734 4739 4736
2789 2659 2726 4061 2610
2790 2659 2736 2726 2612
2791 2989 2934 4532 2987
2792 3036 3038 2907 3422
2793 2725 2795 2865 2718
2794 2639 2638 3671 2653
2795 3438 2659 2736 2726
2796 2943 2868 2941 3853
2797 2618 2718 2941 2795
2798 2637 2639 2793 2647
2799 2726 3037 4740 2638
2800 4741 4634 4633 4635
2801 4741 4308 4742 4634
2802 4741 3421 4307 4309
2803 4741 3421 4309 3680
2804 4741 4633 4743 3352
2805 4741 3680 3346 3421
2806 3671 2653 3184 2728
2807 4061 2610 3178 2659
2808 3571 2610 2659 3178
2809 2610 2726 4061 2728
2810 2623 2655 3289 2610
2811 3465 3257 2925 2914
2812 2911 2925 2912 2914
2813 3207 2772 3209 3642
2814 3252 2913 3130 3133
2815 2927 3465 4352 4598
2816 4598 3921 2927 3210
2817 3210 3211 2918 4111
2818 2766 2772 3639 2774
2819 2765 2774 2766 2777
2820 3015 2815 3010 4225
2821 3086 2815 3091 4226
2822 2815 3091 3050 3052
2823 2815 3010 4744 4226
2824 4745 4746 3453 4720
2825 4744 2815 3091 3050
2826 2813 3050 2815 3049
2827 2690 2694 2699 2700
2828 2819 2815 4225 3049
2829 3967 3966 4062 3968
2830 4456 4747 3550 4748
2831 4456 3550 4747 4749
2832 4456 3551 4750 4751
2833 4456 3550 4749 4752
2834 4456 4752 4753 4457
2835 4751 4456 3551 4748
2836 4456 4457 4753 4754
2837 2944 2867 2866 3397
2838 2617 2910 2738 2933
2839 2832 2833 2824 3397
2840 3809 2795 2865 3811
2841 2640 2638 2639 2653
2842 3708 4755 2850 3963
2843 3556 3708 4755 2850
2844 3959 3440 3963 4755
2845 3963 3705 4755 3806
2846 3704 3705 3963 3806
2847 3519 3963 3520 3488
2848 4088 3671 2644 2653
2849 4740 2638 4756 4061
2850 2638 4756 4061 3671
2851 2728 3671 4061 3178
2852 3015 3012 3088 3087
2853 2819 4225 3030 3049
2854 3054 3087 2880 3053
2855 2692 3055 2693 2691
2856 4757 4718 4758 4759
2857 4760 4542 4761 4408
2858 4762 4401 4763 4760
2859 3189 4764 3186 3187
2860 4765 4542 4761 4760
2861 4760 4765 4542 4762
2862 4766 45 4767 46
2863 3889 4768 4718 4721
2864 3127 2566 3094 2582
2865 4760 4763 4542 4408
2866 4769 4770 4036 4771
2867 4769 4036 4772 4039
2868 3267 4773 4774 4769
2869 4775 1143 4776 4777
2870 4745 4720 4718 4778
2871 2836 2842 2843 2840
2872 2845 3962 2846 4236
2873 3074 3077 3075 2841
2874 3074 2979 4142 4716
2875 3074 3638 4779 3073
2876 988 4780 996 989
2877 3074 3073 4781 3488
2878 3074 3073 4779 4781
2879 3074 4142 4141 4056
2880 3245 3246 3247 4782
2881 2678 3245 4320 3132
2882 4783 4718 4719 4720
2883 4784 3245 4320 3248
2884 3245 3248 4784 4785
2885 3245 4065 4782 3511
2886 3245 3132 3511 4786
2887 3780 4787 2897 4788
2888 3780 3412 3160 3415
2889 3780 4787 3412 3415
2890 3780 3406 2945 3160
2891 3780 3412 3406 3160
2892 4789 4790 4791 4792
2893 4789 3617 4793 3620
2894 4794 4793 3620 4795
2895 4796 4797 4798 4799
2896 4789 4800 4795 4793
2897 4789 4795 4801 3620
2898 4789 4792 3620 4801
2899 4802 3604 4803 4516
2900 3604 3821 4804 4212
2901 2962 3821 3604 4212
2902 2962 3604 3846 4212
2903 3604 4802 3846 4212
2904 3604 3821 3605 4804
2905 4805 4211 3846 4212
2906 2860 2903 2959 3604
2907 3169 2904 3436 3365
2908 4806 4807 4808 4809
2909 2990 3001 4810 2999
2910 4806 4811 4812 4813
2911 4806 4814 4815 4813
2912 3241 2565 2548 2549
2913 4816 4806 4811 4817
2914 3128 1610 1563 1509
2915 4807 4809 4814 4818
2916 4806 4811 4817 4812
2917 3445 4457 3551 4750
2918 2740 3445 2742 2745
2919 2740 3443 3444 2761
2920 3443 3445 4457 3551
2921 4017 4019 3444 3445
2922 4819 4820 4821 4621
2923 2742 3549 3443 2761
2924 3020 4592 4123 3027
2925 4123 3757 4154 3752
2926 4822 4823 1093 1076
2927 3752 4824 4620 4123
2928 4825 528 527 520
2929 4123 4826 4592 4824
2930 2997 4827 4828 4829
2931 2997 4827 3991 3729
2932 4830 4831 4832 1026
2933 2997 2996 2994 3987
2934 3987 3994 4833 3992
2935 3987 4833 3990 2929
2936 3217 4640 4511 4834
2937 3217 4641 4262 4640
2938 3226 4261 3217 4214
2939 4484 4262 3217 4641
2940 3194 3217 3226 4262
2941 4003 4010 4001 4012
2942 4008 4003 4406 4835
2943 4008 4001 4012 4003
2944 4003 4836 4835 4007
2945 4003 4837 4838 3596
2946 4001 4003 4007 4836
2947 4839 4840 4058 4606
2948 4839 4841 4842 4843
2949 4839 4844 4845 4223
2950 4839 4846 4058 4842
2951 4839 4841 4846 4842
2952 3315 3318 4847 3745
2953 2972 2973 4848 4849
2954 3339 3772 3774 4850
2955 3339 3340 3097 3772
2956 3314 3770 3340 3745
2957 2972 4851 4852 4849
2958 4555 4853 4854 4683
2959 387 67 66 1015
2960 4853 3830 3833 3836
2961 4853 3830 3836 4396
2962 4853 3830 4361 4683
2963 4853 3830 3832 3833
2964 3156 3964 3151 3316
2965 3903 3152 3153 4855
2966 3903 4066 3964 4856
2967 4857 1251 1277 1235
2968 4116 3969 4858 3050
2969 4859 3941 4851 4848
2970 3965 3969 3967 3125
2971 2972 3016 4848 2973
2972 3903 3052 4116 3153
2973 4795 4860 4861 4862
2974 4795 3620 4794 4863
2975 4795 4862 4861 4864
2976 4789 4864 4795 4800
2977 4789 4801 4795 4864
2978 4793 3620 4795 4789
2979 3583 2844 2843 4722
2980 2836 2841 2840 2847
2981 2838 3583 2848 2843
2982 3578 3584 3583 2843
2983 3583 4455 3584 3585
2984 3583 2843 4455 4722
2985 4865 4866 4867 4868
2986 3030 3049 3010 4869
2987 4868 4870 4871 4015
2988 4868 3977 3979 4870
2989 4872 4866 4868 4873
2990 4868 4874 4871 4870
2991 3344 3348 3419 3356
2992 3355 3419 3353 4875
2993 3665 3360 3358 3666
2994 3358 4000 3355 4179
2995 3354 3355 3353 4179
2996 4876 4877 4878 4879
2997 4876 4243 4879 4880
2998 4879 4244 4245 4881
2999 4879 4882 4245 4877
3000 4879 4880 4244 4046
3001 4879 4876 4048 4878
3002 4879 4880 4046 4048
3003 3449 3612 4883 3610
3004 3609 3611 4884 4885
3005 3609 3608 4886 4887
3006 3609 3612 4888 4889
3007 3609 3612 4886 3608
3008 3449 3450 4883 3612
3009 4890 4891 4892 4893
3010 4894 4895 4316 4896
3011 4894 2759 4318 4316
3012 4894 2759 42 4897
3013 4898 4890 4899 4900
3014 4901 4897 4902 4894
3015 4903 4890 4904 4905
3016 4902 4897 4318 4894
3017 4894 4318 4902 2786
3018 4318 2786 4473 4317
3019 3876 3873 3877 3864
3020 3873 3522 3875 3877
3021 4151 2635 3660 2636
3022 4152 2636 3327 3718
3023 2965 3718 2966 3329
3024 3323 3522 3864 3669
3025 3660 3669 3864 4020
3026 4906 4907 4908 4909
3027 4049 4374 4910 4059
3028 4059 4374 4910 4372
3029 4050 4911 4912 4374
3030 4913 4605 4911 4050
3031 4890 4892 4914 4893
3032 3625 4043 4915 4916
3033 4554 3103 3625 4559
3034 3625 3624 4915 4043
3035 3625 4917 3616 4918
3036 3625 4916 4559 4918
3037 3625 4559 4560 4918
3038 4919 4920 4861 4921
3039 4919 4922 4923 3843
3040 4919 4924 4922 4921
3041 4919 4925 4923 4926
3042 4926 4919 4861 4864
3043 4904 4890 4898 4905
3044 3450 4927 3451 4928
3045 4929 3449 3482 3451
3046 4930 938 946 945
3047 3450 4927 4931 3482
3048 3451 3608 4929 3449
3049 3450 3482 4931 4932
3050 3915 4933 3558 4934
3051 3915 4935 2896 4695
3052 4228 4122 3227 3915
3053 4122 4493 4228 3227
3054 2894 3558 3915 2896
3055 3020 3758 4146 3759
3056 3558 3915 4934 3227
3057 3020 3759 2805 3233
3058 2889 2893 3264 2751
3059 4936 3142 4937 4139
3060 4938 4939 4892 4890
3061 3144 4940 4937 4941
3062 3891 4133 3144 3134
3063 3134 3891 3136 3901
3064 4903 4942 4905 4943
3065 3144 4940 4941 3901
3066 3144 3891 3901 4139
3067 4944 4945 4946 4947
3068 4944 4948 4945 4949
3069 4944 4950 3703 4951
3070 4944 4952 4953 4947
3071 4944 4954 4953 4955
3072 4944 4955 4950 4956
3073 4944 4952 3703 4955
3074 3244 3236 2878 4355
3075 3196 4355 4354 3879
3076 4355 4653 4393 4957
3077 4355 3244 4653 4957
3078 4958 3848 4101 4100
3079 4904 4959 4960 4914
3080 4961 3880 3914 4962
3081 4963 3914 3819 4303
3082 4963 4102 4303 4964
3083 4963 3881 4100 3820
3084 4963 3847 3848 3849
3085 3881 3914 3819 4963
3086 3332 4805 4211 3846
3087 3332 3329 4965 4966
3088 3330 3332 4319 3331
3089 3332 4805 4319 4657
3090 3332 3328 4966 3331
3091 3332 4319 3331 4657
3092 4967 4968 4969 4970
3093 4968 4971 4970 4967
3094 4971 4970 4972 4968
3095 4968 4973 4969 4974
3096 4961 3881 3880 3882
3097 3800 4566 4973 4969
3098 4968 4975 4974 4976
3099 4968 4977 4975 4976
3100 4301 3914 4961 3881
3101 4978 4979 4980 4981
3102 4978 4982 4983 4984
3103 4978 4985 4984 4201
3104 4978 4201 4983 4986
3105 3216 3906 3225 3938
3106 4987 4988 4989 3971
3107 3218 3906 3216 3938
3108 4642 3215 4990 3217
3109 3215 4991 4359 4992
3110 4359 4992 3214 3215
3111 4961 4962 4993 4994
3112 4644 4484 4214 4642
3113 3217 3215 4990 4511
3114 4511 3217 4834 4990
3115 4511 4991 4359 3215
3116 4995 4996 2485 4997
3117 4998 4099 4999 5000
3118 4998 5001 5002 5003
3119 4998 5004 4999 5003
3120 4099 5000 4998 4132
3121 4998 4106 4132 4131
3122 4201 4105 5001 4998
3123 5005 4995 2517 5006
3124 4998 4106 4131 4200
3125 4998 4999 4106 4105
3126 4759 3829 3885 3836
3127 3828 3836 3830 3829
3128 5007 3831 3828 3832
3129 5006 5005 5008 2517
3130 3831 3885 3829 3830
3131 4768 3831 3885 3829
3132 4360 2954 4682 3382
3133 4360 3830 3832 4683
3134 3830 3885 4396 4361
3135 4853 3830 4683 3832
3136 5009 4827 3839 3650
3137 5009 2995 4828 3673
3138 5009 2995 4679 5010
3139 5009 3647 3673 5011
3140 5009 2995 3673 4679
3141 5012 4934 5013 5014
3142 5012 5015 5014 5016
3143 4995 5017 2533 2534
3144 2872 5015 3227 5012
3145 5012 2873 3227 2872
3146 5012 5016 3454 5015
3147 2501 2502 2485 4995
3148 4472 5018 3986 4599
3149 3192 4641 4599 5018
3150 3192 4599 4641 4262
3151 3192 5018 3986 3661
3152 2628 5019 2886 3192
3153 4995 4996 2518 2502
3154 3204 2846 4231 3073
3155 3635 4218 3637 4235
3156 4218 3636 3637 5020
3157 4218 4235 5021 5022
3158 4554 3625 3103 4553
3159 3095 4560 3103 4559
3160 4554 3103 3098 4552
3161 3095 3100 3099 4559
3162 3619 4917 3103 5023
3163 3625 3103 4560 4559
3164 3095 3104 3103 4560
3165 3619 3625 3103 4917
3166 3619 3627 3624 3617
3167 5024 5025 4451 4491
3168 4616 4624 3751 4625
3169 4995 5026 5006 5005
3170 4154 4433 4625 3751
3171 4995 5017 5005 2533
3172 4624 3053 5027 5028
3173 4624 4433 3053 3751
3174 4624 4453 4450 4623
3175 4624 4453 4451 4450
3176 4197 4198 2676 3248
3177 4381 2676 4198 3129
3178 4995 5017 2534 2518
3179 2679 4389 2676 4388
3180 4008 4013 4009 5029
3181 4008 4405 4406 4404
3182 4008 4406 4405 4409
3183 4008 4405 4404 5030
3184 4008 4405 5030 5031
3185 5031 4008 5032 5033
3186 4008 4012 5029 5030
3187 4008 5034 4405 5032
3188 4855 5035 5036 3343
3189 4441 3721 3262 3724
3190 4436 4441 3720 3721
3191 3314 3720 3721 3770
3192 3262 3721 3157 3724
3193 3721 3720 5037 3770
3194 3721 3720 4436 5037
3195 3343 5035 5036 5037
3196 5038 4550 5039 5040
3197 5041 5040 5042 5043
3198 5044 5045 5046 5041
3199 4866 5047 5041 5045
3200 5047 5041 5048 4866
3201 5048 5040 5042 5041
3202 5047 5044 5049 4549
3203 5047 5050 5040 5038
3204 3297 3299 5051 5052
3205 3788 3298 3297 5053
3206 5054 5055 4972 5056
3207 3297 3789 5051 3064
3208 2738 2722 2724 3401
3209 2659 3178 4061 3572
3210 2726 3438 2659 4061
3211 3571 3575 2659 2661
3212 4679 5057 5058 4681
3213 3175 2667 3062 3168
3214 2609 2910 2620 2624
3215 4490 5059 4485 4259
3216 3877 4259 4761 5060
3217 5060 5059 4260 3877
3218 4259 5059 3877 4490
3219 3877 5059 4260 3876
3220 5059 4260 4489 5061
3221 2920 3985 2921 2918
3222 3275 3279 3274 2915
3223 2926 2918 3464 3985
3224 2687 2682 3895 3136
3225 2686 2687 3136 2682
3226 2687 2670 3464 2671
3227 5062 4161 5063 3675
3228 4030 5064 5065 5066
3229 5066 4032 5067 4030
3230 5066 5068 5069 4032
3231 5054 3675 3631 5070
3232 3473 4032 5071 5066
3233 5066 5072 5068 5071
3234 4161 3675 2996 2994
3235 5073 4973 5074 5075
3236 4968 4972 4974 4970
3237 4968 5076 4975 4977
3238 4975 5077 4976 4248
3239 4975 4976 5077 4974
3240 4976 4968 4972 4974
3241 2984 2982 4025 2987
3242 2989 3810 2982 5078
3243 2982 3811 4364 3810
3244 3350 4678 4488 3352
3245 4488 3352 4125 5079
3246 4488 3274 3471 4278
3247 3276 3350 4678 4488
3248 4488 3352 4127 4125
3249 5080 2503 5081 2519
3250 3003 2990 2993 2893
3251 3003 4479 3265 2993
3252 2896 2895 2892 3434
3253 3434 3003 2892 2998
3254 2713 3732 3637 3636
3255 3290 5082 3203 3202
3256 4153 3106 3290 3107
3257 2839 3203 3290 3636
3258 3578 2969 2727 3584
3259 3126 3123 3428 3967
3260 3126 3428 3123 4227
3261 2914 4227 2913 2919
3262 2912 3259 3471 4278
3263 3130 3131 3930 4293
3264 2470 5083 2454 5084
3265 3474 3473 4032 3475
3266 3533 3734 3754 3532
3267 3734 3741 3742 3761
3268 3734 3532 3761 3742
3269 3532 3734 3754 3742
3270 3734 4031 5085 3533
3271 3734 4030 4031 3754
3272 3134 3135 4111 3136
3273 3134 3901 3144 3891
3274 2719 2722 3299 2720
3275 2738 3159 2722 3401
3276 3048 3047 2634 3490
3277 3490 3281 3048 3047
3278 3568 3490 3047 3281
3279 3406 2643 5086 2945
3280 5087 3406 3407 2643
3281 3408 3406 3407 3412
3282 5088 5084 2470 4996
3283 3780 2945 3406 5089
3284 3407 2643 5090 5087
3285 3780 5091 3406 3412
3286 3406 3781 3160 3405
3287 4188 4210 5092 5093
3288 4188 4210 5093 2834
3289 2833 3872 3869 4210
3290 2835 4189 4297 4191
3291 4545 4547 4546 5094
3292 4545 3947 5095 4548
3293 5096 4545 4547 4548
3294 5097 5098 5026 5099
3295 5100 5101 5102 5096
3296 4545 5101 5094 4561
3297 4545 5096 5100 3947
3298 4545 5100 4557 3947
3299 4564 3490 3048 4563
3300 3794 5073 4566 4567
3301 4563 4597 3793 3040
3302 3791 3794 3793 3796
3303 5103 5104 5105 5106
3304 4996 5080 2502 2486
3305 5103 3948 5107 5108
3306 5103 5109 5105 5055
3307 3943 3948 3951 3949
3308 3943 3944 3834 3833
3309 3943 3952 3951 5110
3310 3943 3946 3944 5095
3311 3946 4967 5111 5112
3312 3946 5113 4548 3947
3313 3946 4556 5111 3944
3314 3332 4319 4805 3846
3315 4319 3298 3788 5053
3316 4319 5052 3298 5053
3317 4319 3298 5052 4803
3318 4805 4803 3846 4319
3319 5114 4083 5031 4084
3320 4083 5031 4084 4405
3321 4008 4012 4404 4406
3322 4008 5032 5115 4007
3323 4405 5030 4684 4404
3324 5001 4985 5116 5117
3325 5001 5116 4985 5118
3326 5001 4201 4985 4105
3327 3589 4508 4011 4002
3328 4507 4011 4006 4505
3329 5088 5119 2487 2471
3330 3012 4452 3088 3087
3331 3345 4435 5120 5121
3332 3011 3015 3010 3016
3333 3012 4454 3088 4452
3334 3088 4226 5122 3652
3335 3088 5123 4452 4454
3336 4226 3011 3652 3088
3337 3960 5124 3202 3962
3338 3960 3201 3033 4160
3339 3959 3440 4166 3961
3340 3033 3960 5124 3202
3341 3960 3962 4236 5125
3342 3439 3440 3959 3961
3343 2837 3962 3960 3202
3344 3667 3862 3328 3664
3345 4151 4150 3862 4021
3346 3862 3328 5126 4515
3347 3328 3664 5126 3331
3348 3327 2633 3864 3873
3349 3332 3328 3329 4966
3350 3862 4501 3328 4515
3351 3328 3329 4501 3326
3352 2891 3305 5127 3005
3353 3150 2744 3154 2814
3354 3054 2819 2815 4225
3355 2999 2990 2892 3807
3356 3035 3807 3000 3447
3357 3150 2814 3154 3151
3358 2990 2992 3000 2991
3359 2990 3000 3807 2991
3360 2866 4539 5128 3872
3361 4358 2866 2863 3872
3362 2866 3397 3872 5128
3363 2733 2943 3037 2638
3364 2866 4540 3853 3851
3365 4267 4632 4277 4269
3366 4572 4277 3403 4576
3367 4267 4268 4274 3420
3368 4295 4277 5129 4581
3369 3348 4067 3676 3349
3370 4267 4632 3418 4277
3371 4067 3403 3565 4274
3372 4274 3403 4582 4277
3373 4267 4277 4273 4269
3374 4277 4576 3418 3403
3375 2640 2645 2642 2643
3376 3671 2644 2638 4089
3377 4088 4090 2644 4089
3378 3178 3671 3177 3184
3379 2702 2658 2657 2655
3380 4632 4633 4635 3418
3381 2611 2728 2726 2610
3382 2727 2619 2731 3584
3383 3671 2653 2638 2644
3384 5130 4221 5131 4298
3385 4298 4221 5131 5132
3386 4633 4743 4665 5133
3387 2826 2827 2822 2821
3388 2822 2827 4298 2834
3389 4743 5133 5134 5135
3390 5106 5105 5136 5137
3391 5055 5104 5056 3631
3392 5103 5104 5056 5055
3393 4681 5055 5057 5109
3394 5055 5057 5109 5105
3395 5105 5106 5136 5109
3396 5105 5137 5106 5104
3397 5133 5138 4634 5134
3398 3133 4198 3253 4320
3399 4197 4202 2676 4199
3400 4197 4199 4198 4130
3401 4198 4199 4434 3253
3402 4198 4434 3254 3253
3403 3133 4198 3129 3254
3404 2803 2805 2810 4146
3405 4147 4520 4521 4379
3406 2803 3083 3371 4147
3407 5135 5133 5139 4665
3408 5140 4521 5141 4145
3409 4145 3371 5140 4520
3410 4145 3021 5142 4592
3411 3439 4419 4236 4420
3412 3439 3961 3960 4236
3413 3963 3440 3806 4755
3414 3440 4755 5143 5144
3415 3440 5144 3442 3806
3416 3440 4166 5143 4755
3417 3959 4166 3440 4755
3418 3441 3961 5145 5143
3419 3961 3440 5143 3441
3420 4025 4526 5146 5147
3421 2987 4025 3778 3775
3422 4025 3271 2985 2984
3423 4025 2984 4526 3271
3424 4025 4363 4526 5147
3425 4363 4025 3271 2985
3426 2982 5148 4025 3775
3427 3338 3097 5149 5150
3428 3098 5149 5151 3096
3429 3338 2677 5150 3341
3430 2677 3338 3097 3249
3431 3249 3097 3098 3772
3432 5150 5149 5151 3098
3433 3338 3097 3770 5152
3434 3338 3342 3341 5150
3435 4665 5133 5139 4875
3436 5153 5154 5155 4897
3437 5154 2788 4897 3917
3438 5154 5156 2788 3917
3439 5154 5157 5156 5158
3440 5154 2788 5157 3544
3441 5154 5157 5155 3544
3442 3532 3779 3823 3765
3443 5102 5159 5160 5096
3444 3182 3579 3106 3184
3445 2643 5161 4094 4088
3446 4088 5161 4094 4092
3447 2653 3671 3184 4088
3448 4088 3184 3182 3183
3449 3480 3481 5162 5163
3450 3481 5162 5163 5164
3451 5164 3843 4920 3460
3452 5164 5165 5162 4920
3453 5164 3481 5162 5165
3454 2706 3636 2713 3637
3455 3732 4418 3573 3814
3456 3113 3732 3115 3573
3457 3571 3573 3289 3574
3458 5103 4972 4970 5166
3459 3943 3945 4967 3950
3460 3948 5108 3949 5107
3461 3946 5112 4548 5113
3462 3946 3948 5113 3947
3463 5113 5167 3947 3948
3464 5096 5113 5167 3947
3465 3948 3947 3951 5168
3466 3948 5168 5108 5167
3467 5167 5100 5168 5169
3468 5133 3418 3419 4633
3469 4633 3419 5133 4665
3470 4267 3346 3418 4635
3471 4633 4665 3351 3419
3472 4633 3351 4743 3352
3473 3656 4365 2689 5170
3474 4596 4179 4664 3653
3475 2279 935 250 251
3476 3656 5171 4608 2671
3477 4972 5166 5172 5160
3478 4487 2689 4608 2671
3479 2689 4608 2671 3656
3480 4127 4488 4278 4678
3481 3354 3350 3653 3353
3482 4971 5056 4972 3950
3483 2689 3654 3656 2671
3484 2939 2637 2733 2793
3485 2943 3396 2824 3018
3486 2648 2820 2642 2645
3487 2942 3856 2944 2641
3488 3018 2648 3161 2820
3489 2832 3397 2824 2897
3490 2820 3309 2648 3161
3491 3273 2648 2857 2856
3492 3639 3930 3931 3921
3493 3210 3641 3143 5173
3494 3210 4213 5174 4111
3495 3210 3143 4111 5174
3496 2672 4537 5175 4486
3497 2688 4489 4020 4593
3498 2672 4489 3661 5176
3499 3660 4593 4020 2633
3500 2672 4486 2688 4485
3501 2672 3661 4472 5176
3502 2686 2672 3661 3986
3503 3862 4181 4528 3664
3504 3862 3664 4528 5126
3505 3276 2671 4281 3656
3506 4515 4021 4181 3862
3507 4180 3354 2689 3654
3508 2681 4020 2688 3668
3509 3527 4000 3665 3664
3510 3357 3060 3360 3167
3511 3552 2844 3569 4722
3512 2840 3075 3552 3523
3513 3992 5177 5178 5179
3514 2836 2850 2847 2844
3515 2836 2840 2844 2847
3516 2841 2840 2847 3075
3517 3123 4227 5180 4292
3518 3130 4227 3123 4292
3519 3123 4292 5180 3132
3520 3428 2777 3126 3967
3521 3510 4647 3509 3506
3522 3123 3431 4227 3428
3523 3123 3431 5180 4227
3524 3510 3968 4345 3500
3525 3510 3967 2766 3428
3526 3406 3412 5091 3407
3527 2830 2831 3160 3164
3528 4237 2898 4238 3415
3529 2830 3160 3162 3164
3530 3160 3405 3162 3164
3531 2831 3395 3160 3415
3532 4788 3780 2945 2897
3533 3160 3781 2820 3405
3534 4012 4404 4332 5030
3535 4001 4013 4009 4008
3536 4001 5181 4004 5182
3537 4001 4002 4011 4010
3538 4013 4012 4008 4001
3539 4008 4409 4835 4406
3540 5183 5177 5179 2476
3541 2961 3568 3718 2966
3542 3718 3327 2965 3568
3543 3490 3048 3281 3570
3544 3281 3048 3047 3491
3545 3281 3491 3047 3874
3546 3864 3876 2633 4020
3547 2957 2958 2961 3568
3548 3522 3281 2957 3873
3549 3281 3875 3522 3284
3550 2719 3299 2722 3159
3551 2718 2795 2617 2933
3552 2722 3159 5184 3401
3553 2720 5052 3298 4803
3554 2714 2720 2716 4516
3555 2621 2703 3063 3159
3556 2720 3299 2717 3298
3557 2721 2714 5185 4516
3558 2722 2720 2721 3299
3559 2714 2725 5186 4516
3560 2720 2716 4516 4803
3561 3599 4288 5187 4141
3562 2896 4590 4935 3915
3563 3558 2887 5188 4695
3564 2871 3878 3756 2880
3565 3227 3915 4934 4228
3566 5012 3227 3558 4934
3567 3915 4228 4144 5189
3568 2871 3558 2873 3227
3569 3558 2887 2873 5188
3570 3558 2887 4695 2896
3571 3647 4827 5190 5011
3572 3647 5011 5190 3679
3573 3679 3663 3646 3649
3574 5183 5191 3992 5177
3575 3647 3649 3838 3650
3576 5009 3647 5011 4827
3577 5009 3673 3647 3672
3578 3647 3673 3648 3672
3579 3647 3663 3649 3648
3580 4360 3831 4682 3832
3581 4682 3831 5192 5007
3582 5179 2476 5177 2492
3583 4682 2954 5193 5194
3584 4682 3382 5194 3905
3585 4360 3382 4682 3905
3586 4682 3831 4511 5192
3587 5195 5099 5026 5196
3588 5005 5026 5006 5195
3589 5197 5198 5199 5200
3590 5195 5201 5198 5202
3591 5195 5200 5203 5204
3592 5195 5006 5005 5197
3593 4670 5205 4671 3766
3594 4176 4671 3394 5206
3595 4671 3394 5206 4670
3596 4670 5207 5208 5209
3597 4670 5207 3767 3766
3598 5179 2476 2475 5183
3599 3167 3166 4399 3175
3600 3357 3167 3360 3676
3601 3060 3789 3666 3788
3602 3060 3789 3064 3404
3603 3167 3061 3175 5210
3604 3062 2657 3064 3297
3605 5056 5054 5211 4972
3606 5183 5179 5212 2491
3607 5103 5106 5107 5104
3608 5103 5106 5105 5109
3609 5103 5213 5106 5109
3610 5103 4972 5056 3950
3611 5214 5215 635 636
3612 3904 3151 3316 3966
3613 3965 4064 3964 3969
3614 3343 4428 4856 3964
3615 3969 3903 3964 3904
3616 3965 3316 3341 4065
3617 5214 3277 5216 619
3618 3964 4428 3341 3343
3619 5036 3343 4428 4856
3620 5217 4697 5218 5219
3621 619 3277 618 5214
3622 5218 5219 5220 5217
3623 5221 5222 4847 5223
3624 5221 5222 5224 4847
3625 2709 5224 2711 5221
3626 5225 5226 5214 667
3627 5227 5208 2710 5221
3628 5221 2711 2710 4850
3629 2752 2756 3001 2993
3630 4464 2742 3547 4465
3631 4464 4463 4465 5228
3632 2752 3260 2992 2991
3633 4464 3550 4463 5229
3634 5230 3550 2742 4464
3635 4464 4463 5228 5229
3636 3270 4464 5228 4826
3637 2890 4826 4464 3270
3638 3402 3356 4575 3404
3639 3357 3355 3402 3356
3640 3357 3676 3360 3359
3641 3358 3359 3360 4180
3642 3402 3999 5231 4000
3643 3358 3355 4000 3402
3644 4945 5232 4059 5233
3645 4945 4954 4949 5233
3646 4944 4946 4945 4948
3647 4945 4953 5234 4947
3648 4945 4946 4947 4053
3649 4945 4059 5234 4953
3650 4052 4945 4846 4059
3651 4945 4059 4052 4053
3652 5235 5236 3920 5136
3653 5235 4600 5081 5237
3654 5235 5081 5238 5098
3655 5235 5236 5097 3933
3656 5235 3933 5097 3094
3657 5235 5098 3094 5097
3658 4667 4446 4447 4669
3659 4667 5239 2712 4558
3660 3100 4447 4668 4667
3661 5214 651 5215 667
3662 4447 3100 5239 4667
3663 3101 4447 3100 5239
3664 4667 5240 3100 4558
3665 4667 4673 5240 3766
3666 3764 5241 5242 3827
3667 5241 5243 5242 5244
3668 5241 3755 3995 3827
3669 5241 3995 3755 3976
3670 5241 5245 3982 5244
3671 5241 3982 5245 3983
3672 5241 3976 5243 3982
3673 5175 5246 4461 5247
3674 5175 4458 4461 4470
3675 4486 2670 4347 5175
3676 5175 5246 5247 5248
3677 5175 5249 4469 5250
3678 4616 4627 4623 4621
3679 5250 5175 4486 5248
3680 5175 4458 4470 4472
3681 4017 3724 3720 4441
3682 4017 4429 4402 5251
3683 3443 5252 4019 5253
3684 5254 5216 5214 3277
3685 4017 5251 4402 4018
3686 3444 4019 5253 3443
3687 3444 3549 4316 2761
3688 5255 1508 1504 1435
3689 4853 4396 4394 4361
3690 4396 4394 5256 4853
3691 5257 857 850 858
3692 4390 4391 4396 4393
3693 4396 5258 4086 3836
3694 3181 1874 3180 1858
3695 5259 5260 5261 5262
3696 5263 1786 873 1768
3697 4396 4086 5264 3836
3698 2666 5265 2664 2802
3699 4396 4086 4391 5264
3700 4396 3885 3883 4361
3701 2835 3869 4188 4210
3702 2831 2898 3395 3415
3703 4237 2898 5266 4187
3704 2831 2835 4189 2827
3705 5267 5268 1229 5269
3706 2898 3869 5266 4187
3707 5270 1431 1470 1400
3708 2832 5271 4240 3869
3709 4238 4187 2898 4237
3710 5272 25 5273 329
3711 5274 1267 1212 1240
3712 4123 4824 4620 4826
3713 3232 3757 3752 3751
3714 5158 45 44 888
3715 3020 3233 2805 2809
3716 3757 3752 3751 4154
3717 4123 3757 3752 3758
3718 4826 3027 2890 4123
3719 4155 2890 4826 4464
3720 4123 4826 3027 4592
3721 5275 5276 5277 5278
3722 3231 1777 76 393
3723 2916 5277 5275 5279
3724 5275 4459 5280 4460
3725 5281 970 963 257
3726 5282 3939 5283 5284
3727 3939 1742 5285 5286
3728 5287 1748 1740 1741
3729 3939 5285 1742 5288
3730 5285 3939 3929 5288
3731 3939 3923 3929 5288
3732 5289 5290 5291 5292
3733 5291 5289 5293 5290
3734 5294 5216 5214 5254
3735 5289 5295 5290 5296
3736 5289 4703 5296 5297
3737 1621 1411 5298 5289
3738 5289 5292 5298 1621
3739 36 5299 5300 38
3740 3474 3481 3472 3475
3741 4032 3865 5165 5301
3742 5302 2666 4115 5303
3743 5304 1197 1250 1222
3744 4032 3847 5069 3865
3745 2971 1147 1170 1187
3746 3479 3865 5305 5165
3747 5188 5306 5307 4692
3748 2973 1239 1187 1213
3749 929 1818 5308 245
3750 4690 5309 3188 3863
3751 5067 3865 5305 3479
3752 4761 3522 3363 3669
3753 2666 5302 4114 3186
3754 3504 5310 5311 3284
3755 37 38 5299 36
3756 822 5261 814 821
3757 3873 3874 3047 2633
3758 3284 5310 5311 3875
3759 2630 3490 3568 3717
3760 5312 5313 1450 1495
3761 3490 3796 4567 5314
3762 5315 128 5316 483
3763 5160 5166 5113 4970
3764 5214 5294 5215 5216
3765 5317 726 743 742
3766 4968 4969 4970 4974
3767 5318 418 5319 413
3768 5320 487 492 486
3769 4968 5211 4976 4972
3770 5076 5321 5322 4968
3771 4967 5103 3950 4970
3772 5323 1710 1718 1717
3773 5211 4971 5056 4972
3774 4970 3950 4967 4971
3775 5324 1206 1173 1171
3776 4498 124 463 458
3777 3586 5325 5326 5327
3778 3329 4965 5328 3715
3779 4985 4924 3621 5329
3780 4985 5116 5117 5329
3781 4978 4985 4105 5117
3782 5001 5330 4199 5331
3783 4978 4983 4201 4984
3784 4978 4985 5117 4924
3785 5332 430 2743 425
3786 3426 3433 4646 3432
3787 5333 540 533 541
3788 3426 5334 3433 5335
3789 3423 3426 3433 3427
3790 3426 3425 5336 3427
3791 3426 3425 5337 5336
3792 5338 5339 5340 5341
3793 3426 3432 5342 5337
3794 5001 5117 4999 4105
3795 5001 4999 5116 5003
3796 4999 5116 4958 5117
3797 4517 1482 1514 1451
3798 5343 525 518 526
3799 4998 4132 5000 5344
3800 5344 4199 5002 4998
3801 5345 5346 5347 1905
3802 3608 3612 4886 4932
3803 4998 4200 4201 4105
3804 4211 3714 5348 5349
3805 3998 1987 2069 2049
3806 5350 543 535 536
3807 4979 5117 4105 4100
3808 4999 4958 4100 5117
3809 4080 5351 4082 5352
3810 4670 3766 4667 5207
3811 4079 4080 5352 4083
3812 4774 702 685 686
3813 4080 4079 5353 4085
3814 5354 1661 778 779
3815 4080 5355 5034 4085
3816 5302 4764 3187 3186
3817 2651 4407 2649 5356
3818 3459 616 600 617
3819 4892 4080 5034 5357
3820 4080 5358 5357 4892
3821 5359 841 189 188
3822 5360 4080 5355 5034
3823 2663 2800 2665 2801
3824 2994 3675 2996 2995
3825 5361 3675 2994 2995
3826 5063 5361 3675 2994
3827 5009 4679 3673 3672
3828 2995 4680 3674 4679
3829 5362 5363 855 191
3830 2995 5361 4680 5364
3831 5054 3674 3675 5361
3832 4966 5365 5126 4515
3833 5366 1462 1391 1428
3834 2995 5361 5364 3988
3835 4733 3024 3021 4590
3836 5367 645 646 662
3837 5018 3986 4599 3192
3838 5368 1167 1186 1205
3839 3523 5369 3552 3569
3840 3192 5370 4262 4641
3841 778 199 198 1661
3842 5371 744 743 727
3843 4599 3986 4472 3985
3844 4484 4641 4599 4262
3845 5372 578 570 571
3846 3138 4599 3192 4262
3847 5373 1324 1296 1272
3848 3635 3400 4233 4235
3849 2381 785 209 786
3850 3204 4230 3635 3638
3851 2623 2705 2619 3289
3852 5374 1776 5375 5376
3853 3204 3073 4230 3638
3854 4230 4231 5377 3073
3855 4779 3638 4543 5377
3856 5378 375 381 380
3857 4769 5379 5380 5381
3858 5382 788 787 2416
3859 3638 4543 5377 4230
3860 4544 4234 4233 4549
3861 4543 4549 4310 5383
3862 4966 4965 5373 5384
3863 4901 42 898 43
3864 4777 853 860 852
3865 5385 5386 5387 5388
3866 4656 4965 5389 5373
3867 1036 91 444 445
3868 4549 4543 5390 5383
3869 4502 4510 4505 4509
3870 3078 3079 4508 4507
3871 3078 3590 3081 3080
3872 5391 348 347 342
3873 3078 3375 4376 3084
3874 3080 3078 3374 5392
3875 2855 812 819 811
3876 5393 5394 5395 5396
3877 3078 3374 3083 3590
3878 3079 3080 3081 4503
3879 4508 4502 4011 4507
3880 5397 1105 1086 1067
3881 3078 3079 4507 5398
3882 5399 348 4323 5391
3883 5400 905 904 899
3884 2961 2966 3718 3715
3885 3715 3718 3329 2966
3886 4494 4152 3718 4495
3887 2630 2636 4152 3718
3888 2961 3719 3716 3717
3889 3718 3517 4495 4152
3890 4659 959 958 951
3891 5401 3932 5402 5403
3892 3718 3801 3517 3717
3893 4115 3187 28 4114
3894 3718 3517 3801 5404
3895 2729 1001 993 994
3896 2928 3245 3247 4785
3897 3245 4065 2677 3246
3898 4965 4966 5373 4656
3899 4785 3248 2928 3245
3900 3245 4784 4320 3132
3901 2678 2676 2679 4389
3902 3248 3250 4206 5405
3903 4234 4310 4549 4544
3904 514 2278 143 3437
3905 5333 541 548 540
3906 2901 3036 3361 2715
3907 4233 4265 4544 4582
3908 5406 476 477 482
3909 4233 4250 4544 4550
3910 4233 4582 3563 4299
3911 3369 443 437 438
3912 4192 4191 5407 4297
3913 4233 4582 4250 3561
3914 4659 959 966 958
3915 4966 5126 5408 4658
3916 3315 3321 3713 3712
3917 1030 87 9 448
3918 3315 3737 4847 3320
3919 5044 5045 5409 5046
3920 5410 5046 5409 5411
3921 5041 5045 5046 4866
3922 5412 5041 5390 5413
3923 5044 4549 4310 5049
3924 5047 4549 5049 5038
3925 5044 5049 4276 3980
3926 5414 1551 1589 1577
3927 5415 851 844 852
3928 4008 4405 5034 4409
3929 5032 4083 5031 5416
3930 5032 5416 5417 5352
3931 4080 4083 5032 5352
3932 2598 2581 2597 3127
3933 5418 2849 1074 587
3934 449 117 5419 5420
3935 2801 2665 2664 2802
3936 5421 4938 5115 5032
3937 5032 5357 5417 5421
3938 287 23 2675 301
3939 5032 4007 5034 5357
3940 2727 3184 3178 3574
3941 4061 3178 3671 3177
3942 4410 4413 5422 4422
3943 5423 439 445 444
3944 3131 4384 5424 4654
3945 3112 1877 1841 1858
3946 4571 4565 5425 3048
3947 4563 4571 4565 4568
3948 4569 3042 3041 4571
3949 5426 2320 2269 2347
3950 4886 5427 4889 5428
3951 3122 1922 1882 1898
3952 4571 5425 4565 5429
3953 4724 1787 1791 1788
3954 3386 3390 3389 3394
3955 5430 1140 1156 1173
3956 4571 3042 3041 5431
3957 2925 2915 3280 2926
3958 3985 2921 2918 3464
3959 3210 5174 4213 4598
3960 3481 3475 5432 3477
3961 2918 4213 3465 4598
3962 5269 1229 1415 1185
3963 5433 1249 1308 1314
3964 2925 3463 3465 4213
3965 3280 2687 2915 3279
3966 3985 2918 2920 3135
3967 5434 402 403 408
3968 2659 4224 5435 3438
3969 5436 1343 1320 1287
3970 4646 5334 5437 3433
3971 4328 2656 3175 2667
3972 2662 2656 3175 4328
3973 5438 827 834 187
3974 2659 2668 2661 3575
3975 2737 3296 3299 3159
3976 5439 1309 1372 1333
3977 5440 2446 5441 2462
3978 2668 4328 5435 4224
3979 5442 5443 1979 4416
3980 2989 2933 3810 5444
3981 3168 3165 3060 3167
3982 5445 5446 5447 3372
3983 3307 1907 1891 1871
3984 1096 4621 1128 1111
3985 5448 5446 5447 5449
3986 5450 5449 1116 5451
3987 1566 5102 1595 1592
3988 3497 3498 3502 4797
3989 5447 5452 3084 5448
3990 5448 5447 3372 3084
3991 3327 3667 3660 3862
3992 3510 2766 3968 3500
3993 5453 5448 3084 5452
3994 5454 1278 1244 1300
3995 5448 5450 5452 5453
3996 3093 3404 3564 3403
3997 5212 2491 2474 2475
3998 3014 1170 1150 1188
3999 3357 3348 3356 3403
4000 5455 2336 2386 2392
4001 4155 5456 4625 4154
4002 3676 5457 3349 4067
4003 5458 1785 1784 1792
4004 5459 715 716 732
4005 5460 631 647 630
4006 5461 1561 1474 1505
4007 3676 3061 5457 4067
4008 3093 3061 3676 4067
4009 3351 3352 5079 4743
4010 5462 2226 2189 2161
4011 3351 4633 3346 3352
4012 5463 5244 5464 5465
4013 2915 2671 4281 3276
4014 3351 3657 4588 5079
4015 5466 568 576 575
4016 595 594 611 2350
4017 4588 3351 4665 3653
4018 3353 3653 4596 4665
4019 3760 3783 3761 5467
4020 660 5468 3893 5469
4021 4678 5470 4127 4435
4022 5471 1657 1671 1676
4023 3350 3351 4488 3657
4024 2911 2921 2916 3464
4025 5170 4365 5470 4281
4026 5319 413 418 412
4027 5472 1868 1888 1911
4028 5473 292 1142 1166
4029 3029 3942 3919 3941
4030 4678 4127 5470 4280
4031 4678 4127 4280 4278
4032 3276 4278 4678 4281
4033 3907 5474 5475 5476
4034 291 292 1758 1259
4035 5477 1686 1678 1679
4036 3907 3910 5478 5479
4037 3907 5480 5476 5478
4038 2432 2384 314 5481
4039 3907 5475 3912 5482
4040 5482 5475 5483 5484
4041 5475 5483 5484 5485
4042 5486 110 80 109
4043 3429 3642 4646 4112
4044 5479 2882 5485 5475
4045 3369 443 442 437
4046 4081 5487 5488 5489
4047 5490 1195 1176 1274
4048 5475 5478 5485 5479
4049 3691 3294 5075 3694
4050 3294 3687 4370 3295
4051 3294 3686 3687 3295
4052 5491 5492 5493 5494
4053 3294 3686 3681 3687
4054 4607 3681 3687 3294
4055 3694 3294 3686 3681
4056 792 799 5495 182
4057 639 622 5388 5385
4058 4081 5355 5496 5360
4059 1814 215 791 214
4060 3800 5112 3798 4579
4061 3800 5321 4566 4969
4062 3800 5321 5112 4597
4063 3800 3794 3795 4973
4064 3800 3791 3798 3795
4065 5073 4973 3794 4566
4066 5497 1123 5498 4431
4067 4081 5496 5355 5353
4068 3137 2885 3192 3986
4069 5499 3424 4643 4599
4070 5500 3768 2120 3769
4071 5501 2393 2344 2375
4072 4081 5488 5487 5502
4073 3658 3659 2680 2885
4074 5503 5504 899 222
4075 3891 3898 3659 3894
4076 5505 1184 1194 1149
4077 5506 4312 5507 1193
4078 3134 4111 3138 3145
4079 2276 1679 296 1680
4080 5508 401 5509 5510
4081 5511 699 715 698
4082 3145 3134 4133 3137
4083 1761 390 71 72
4084 1761 71 390 389
4085 3058 1702 1695 1703
4086 2720 3299 3298 5052
4087 2734 2575 2723 2591
4088 2722 3159 5512 5184
4089 3578 2969 2838 4153
4090 2722 3299 5512 3159
4091 2714 2722 5185 2724
4092 5512 3299 2721 5052
4093 4081 5502 3837 5513
4094 5321 4597 3039 5112
4095 5321 4569 4566 5514
4096 5515 5516 5517 5518
4097 5321 4967 5112 5111
4098 4100 3848 4979 5117
4099 5004 4999 5116 4958
4100 4105 4104 5519 4979
4101 4963 3820 4100 3848
4102 5485 5259 5262 5260
4103 5520 879 880 885
4104 4188 3869 4911 4210
4105 5271 3397 2832 3852
4106 1111 1128 4627 4621
4107 5138 1389 1420 1368
4108 363 3291 5521 5522
4109 5523 1198 1243 1224
4110 4204 4509 5524 2730
4111 3869 3397 2832 5271
4112 2898 5266 3869 4240
4113 5271 4911 5266 3869
4114 4081 5489 5488 5360
4115 5525 1133 1112 1101
4116 5090 408 403 79
4117 5526 665 648 649
4118 5527 4911 5271 3872
4119 642 4889 5428 658
4120 5528 531 5529 538
4121 5530 469 109 108
4122 4908 4907 4906 5531
4123 5532 706 723 722
4124 4148 5533 5534 5535
4125 5536 4906 4907 5137
4126 4907 4908 4909 4943
4127 5537 5538 5539 5540
4128 2792 4098 3917 5535
4129 1605 1377 5244 1606
4130 5535 5156 4767 5534
4131 5535 5541 5533 5534
4132 5542 4844 5543 5544
4133 5535 5533 5541 2792
4134 5535 4767 5157 5545
4135 5441 315 2400 314
4136 5546 1678 2383 2304
4137 5547 1684 1692 1691
4138 5548 1831 1832 1803
4139 5535 2788 5545 5157
4140 5549 2214 2308 2257
4141 5550 1334 1399 1366
4142 5235 3920 5551 5136
4143 4887 673 150 657
4144 5551 3649 3663 3648
4145 5551 3648 3920 3649
4146 5552 2354 2333 2388
4147 5553 1554 1501 1564
4148 5099 5554 5026 5097
4149 3989 609 146 593
4150 4909 5555 5556 5557
4151 5551 3646 4600 5237
4152 5558 3837 5559 3829
4153 5558 4759 5560 4757
4154 5558 3837 5561 5559
4155 5179 2524 2507 2508
4156 5562 2210 2149 2187
4157 5563 2084 2022 2056
4158 5564 1521 1460 1487
4159 5558 5353 3837 4759
4160 5565 1325 1292 1340
4161 5558 3837 5353 5566
4162 5567 2404 2394 2412
4163 5558 4758 4759 4757
4164 5568 2497 2481 2498
4165 5322 4968 4971 5076
4166 5321 4967 4968 4969
4167 5460 5163 647 631
4168 681 5162 697 5569
4169 5570 964 5571 3291
4170 4970 4969 4967 5113
4171 5103 3950 4970 4972
4172 3951 5555 5110 5572
4173 2436 5573 2419 2435
4174 4689 4323 4690 5391
4175 4689 2800 5574 2802
4176 3948 5103 3950 4967
4177 3946 3948 4967 5113
4178 3946 4967 5112 5113
4179 3946 4967 3945 5111
4180 4908 5557 4943 5575
4181 2678 3129 4389 3125
4182 2928 4202 3251 2677
4183 3426 5335 5336 5337
4184 4065 2678 2677 2679
4185 3125 3129 4389 3131
4186 3129 4384 4389 3131
4187 3459 601 600 2406
4188 4381 4389 3129 4384
4189 3130 3129 3131 4293
4190 3133 4292 3132 4320
4191 4409 5576 4406 3288
4192 4409 4085 5577 3286
4193 4405 4084 4083 4085
4194 3633 2365 2410 2396
4195 5318 3399 3405 5578
4196 3424 4474 4470 5499
4197 4405 4085 3286 4084
4198 5118 4984 3621 4985
4199 4978 5117 4105 4979
4200 4978 4924 5117 4979
4201 5579 5330 4986 4983
4202 5330 4986 4983 4201
4203 4201 4197 5330 4206
4204 4201 4986 4200 4206
4205 5580 2917 2916 5279
4206 5581 2251 5582 5583
4207 4986 4200 4105 4201
4208 4978 4105 4986 4980
4209 3207 3429 4112 3642
4210 3207 3209 2771 3786
4211 2669 2686 2672 2680
4212 3642 3429 3430 3428
4213 4843 1337 1366 1648
4214 3430 3429 3642 4646
4215 5584 1584 1560 1507
4216 3645 2489 2488 2472
4217 5083 5585 2455 2439
4218 3429 4112 4474 3424
4219 3919 3786 3925 5173
4220 3013 4451 3087 3053
4221 3055 4451 3016 3013
4222 4491 3055 4451 3016
4223 5586 4952 5587 2192
4224 3841 1617 1559 1557
4225 3011 3010 3652 3009
4226 2874 2887 2871 3557
4227 2692 2819 4225 3030
4228 3015 4225 3054 2815
4229 5588 5589 1844 1846
4230 3894 3900 3895 3901
4231 2692 3055 3576 3016
4232 3439 3442 4420 3805
4233 3519 3805 3804 3521
4234 2845 2846 3802 4236
4235 2846 3802 4217 4231
4236 5303 5394 5393 4733
4237 3439 2845 3802 4236
4238 5590 2117 2051 2083
4239 3802 4231 3073 3803
4240 5591 1786 1809 1798
4241 1765 48 1 25
4242 5024 1168 1188 1150
4243 5592 48 5593 47
4244 5594 4724 5595 5596
4245 3325 3328 3331 3664
4246 883 5592 46 878
4247 3362 3527 3171 3364
4248 3873 3281 3047 3874
4249 5596 5593 5597 1773
4250 3669 3667 3527 3364
4251 3323 3327 3667 3669
4252 5598 27 47 26
4253 3862 4150 4500 4021
4254 5598 47 27 46
4255 5272 4736 27 4115
4256 5395 1800 5599 1812
4257 3877 4761 3864 3522
4258 5596 1787 1788 1765
4259 3863 346 345 340
4260 5600 28 46 27
4261 4171 810 811 818
4262 5601 5209 5602 2083
4263 2808 4837 5603 3287
4264 2805 2808 3230 2804
4265 5604 978 2796 985
4266 5600 46 28 45
4267 2808 4837 2804 2807
4268 5605 381 387 386
4269 3147 1365 1338 1307
4270 5606 32 33 41
4271 5607 29 45 28
4272 3070 2863 4210 3069
4273 2835 2834 2821 2833
4274 5158 44 893 888
4275 5158 45 883 46
4276 4482 1856 1837 1820
4277 3871 5608 2834 4220
4278 3809 3871 4220 4257
4279 2833 2867 3070 3871
4280 4728 335 341 340
4281 5174 5609 5610 3925
4282 5611 3924 5612 3925
4283 5613 2855 811 812
4284 4274 4067 5614 3565
4285 3266 894 220 889
4286 817 4172 824 825
4287 30 5607 29 44
4288 3348 4274 3349 3420
4289 5615 880 875 881
4290 4274 5616 3420 5617
4291 3280 3901 3900 4651
4292 5618 1182 1227 1221
4293 5619 3308 5620 1921
4294 4274 3349 3420 5616
4295 3543 5621 5622 3541
4296 5153 5155 44 43
4297 4277 4582 4273 5129
4298 4940 4941 3901 4651
4299 4747 1062 4821 1076
4300 4940 4651 3901 5174
4301 375 5623 374 380
4302 3856 2644 5624 5625
4303 2916 2921 5336 4459
4304 2644 5626 5086 5624
4305 4468 1179 1223 1201
4306 5627 1798 1808 1794
4307 831 839 832 5628
4308 5376 1802 1833 1776
4309 5629 1889 1901 1941
4310 5630 31 359 364
4311 2797 985 978 986
4312 5631 1082 1091 1068
4313 5632 2796 5633 367
4314 5634 41 42 32
4315 5635 2644 5624 5626
4316 2644 4094 5626 5636
4317 4747 1046 1078 1064
4318 2658 3063 2657 3159
4319 2759 4639 5637 5638
4320 2640 2644 2641 2638
4321 2644 5086 5626 2643
4322 5639 3309 3405 3162
4323 5640 5641 33 34
4324 3162 3405 2820 3309
4325 5300 5641 39 5642
4326 5606 33 40 41
4327 5643 1117 1104 1085
4328 2826 3161 3163 2830
4329 4019 4216 5644 4750
4330 4792 5645 5215 5646
4331 3163 3309 3312 3162
4332 3136 3895 3280 3901
4333 5647 5641 5606 5648
4334 994 5524 987 2729
4335 3162 5649 3861 5639
4336 1778 5650 4338 5419
4337 5641 40 33 34
4338 5651 5652 5653 5640
4339 1025 4 1033 37
4340 2830 2826 3164 3163
4341 2976 918 917 912
4342 5654 916 915 910
4343 5655 1062 1046 1040
4344 4399 3175 5210 3167
4345 5623 5378 375 5656
4346 5657 386 1020 385
4347 5656 369 370 375
4348 3676 3349 5658 3359
4349 5659 1044 5660 1033
4350 3676 5658 3349 5457
4351 3357 3348 3676 3359
4352 4274 3349 5616 4067
4353 3211 2919 3429 3209
4354 5633 5517 371 5656
4355 5661 4821 4622 4621
4356 5634 31 32 42
4357 5662 2500 5663 2516
4358 1033 240 928 4
4359 3549 4895 4465 4462
4360 5662 2531 5664 2515
4361 5662 2532 5665 2531
4362 5662 5664 2499 2515
4363 1033 37 4 928
4364 2532 5008 2516 5662
4365 5662 5666 5667 5664
4366 1017 4 37 3
4367 2976 918 912 913
4368 5668 1049 1064 1085
4369 5662 5663 5667 5665
4370 5445 3371 4520 5140
4371 1034 927 240 241
4372 5140 3371 3758 5445
4373 5395 1812 1826 1800
4374 5669 5445 4824 3758
4375 1786 239 1 48
4376 4288 4118 5187 4026
4377 4120 4118 4119 5670
4378 1781 329 2 49
4379 1782 330 329 49
4380 5670 4026 4120 4118
4381 3599 5187 3552 3075
4382 3599 4601 5671 4118
4383 4533 4117 4534 4602
4384 5672 4729 4728 4727
4385 353 5399 348 4323
4386 4533 4601 4117 4602
4387 5592 47 873 48
4388 3235 5673 4493 3227
4389 1768 873 238 239
4390 3235 5673 5674 4493
4391 50 331 51 1783
4392 330 50 49 1782
4393 3235 3238 5015 3227
4394 2855 811 819 818
4395 3657 3279 4588 4649
4396 1764 870 236 871
4397 3772 5239 4558 5675
4398 1783 330 50 331
4399 3772 3249 3773 4552
4400 3340 3745 3746 4446
4401 5265 2664 2802 1815
4402 5676 886 880 881
4403 4850 3340 3318 3339
4404 4598 5610 5677 5678
4405 3773 3339 3247 3249
4406 3095 3772 3101 3100
4407 931 4930 939 932
4408 3772 4448 5239 3340
4409 4323 352 347 353
4410 5672 52 51 1783
4411 4820 4625 4819 4748
4412 3490 3796 3719 3717
4413 1789 333 332 52
4414 4445 2780 3392 3391
4415 1814 791 1774 5679
4416 4690 347 352 346
4417 333 1789 54 53
4418 1789 5680 54 929
4419 3391 2780 4096 5227
4420 3391 4174 4445 4669
4421 5672 4729 1783 331
4422 3747 4669 5208 3391
4423 1789 53 333 52
4424 4689 2802 4727 4729
4425 3382 2954 2951 2953
4426 3391 3747 5227 5208
4427 4728 336 342 341
4428 5681 887 5676 882
4429 3391 3393 4669 3394
4430 4690 4691 340 3863
4431 3386 3394 3391 3390
4432 5681 5676 5615 882
4433 3390 3391 4096 5682
4434 5683 5684 5685 2854
4435 4579 4578 2948 5686
4436 5393 5396 5589 5687
4437 330 4729 4728 331
4438 5688 4874 4865 4867
4439 5688 4867 5689 4931
4440 4728 337 342 336
4441 4931 5688 5690 5689
4442 5691 5688 5690 4931
4443 335 4729 4728 330
4444 5688 4874 5692 5693
4445 3863 344 350 349
4446 5688 5692 5690 5693
4447 1767 872 237 238
4448 4088 2653 3182 3184
4449 2728 2727 3178 2610
4450 5680 54 936 55
4451 336 331 4728 337
4452 235 869 1763 19
4453 2727 3184 3574 3106
4454 2639 2653 2728 3579
4455 3571 3289 2727 3574
4456 2611 2910 2617 2794
4457 5694 332 333 338
4458 5694 342 337 343
4459 5672 332 331 51
4460 5695 5696 2947 2949
4461 5680 333 54 55
4462 3578 3585 3579 3580
4463 3182 3106 3579 3581
4464 3578 3579 3585 3584
4465 335 5272 340 4691
4466 5164 3844 3481 5301
4467 5164 3457 3460 3458
4468 3481 5163 3477 3457
4469 4032 5301 3481 3475
4470 4729 330 1783 331
4471 3481 5165 3479 3480
4472 900 5697 5698 5699
4473 3168 3170 3169 2667
4474 4728 335 336 341
4475 5164 3481 5165 5301
4476 2846 3962 3203 4217
4477 5694 338 343 337
4478 3517 4578 3799 3518
4479 3962 4236 5125 5700
4480 3962 5701 4217 5700
4481 5680 56 343 338
4482 5702 791 216 217
4483 2837 3203 3962 3202
4484 2839 2713 3636 3290
4485 957 5399 964 4323
4486 2946 2955 2951 4579
4487 5654 911 916 910
4488 3962 3203 4217 5701
4489 3962 3203 5082 3202
4490 5082 3962 5701 3203
4491 5703 5704 5705 5706
4492 5680 56 55 943
4493 5707 5708 5709 5710
4494 1732 2615 1725 3239
4495 791 5679 1814 790
4496 5703 5711 4087 5704
4497 5703 5712 5256 5713
4498 4143 5302 2663 3186
4499 4570 4566 5514 5076
4500 5714 4557 5258 5110
4501 5703 4087 5258 5110
4502 3291 4323 358 357
4503 5703 5256 5712 4557
4504 3863 350 344 345
4505 5319 417 418 423
4506 3837 5353 5566 5715
4507 5716 355 350 356
4508 4114 3863 3187 344
4509 5391 343 348 342
4510 4555 4557 5256 5258
4511 5272 340 339 334
4512 5717 5718 5719 5720
4513 245 5 929 1789
4514 5717 5721 5722 5723
4515 5717 5723 4662 4676
4516 4690 4323 352 347
4517 5717 5724 5725 4662
4518 5391 56 57 343
4519 5717 5725 5722 5719
4520 5726 1787 5597 1794
4521 957 5391 950 57
4522 5727 1763 1764 870
4523 3835 5502 3837 5559
4524 3667 3668 3669 4020
4525 3664 4000 4528 5231
4526 3862 4515 4528 4181
4527 5391 57 348 343
4528 5613 797 5728 790
4529 3664 3999 5729 3331
4530 5730 30 31 43
4531 5731 2011 5732 2029
4532 29 5733 30 4764
4533 5558 5734 3829 5559
4534 5735 3833 3952 3835
4535 2798 957 958 965
4536 5353 4758 4759 5558
4537 3667 3862 4181 4021
4538 5449 1053 1116 1072
4539 3402 3999 3789 5736
4540 3402 3789 4575 5736
4541 3666 3789 3402 3999
4542 3059 3065 3093 3064
4543 5558 3837 3829 4759
4544 3789 3404 4575 3813
4545 3789 3064 3813 5051
4546 3297 3064 5051 3296
4547 362 3291 5521 363
4548 5053 3788 5737 5051
4549 3788 5737 5051 3789
4550 5574 1818 1830 2011
4551 5738 4675 5739 4174
4552 2743 1732 2674 2673
4553 5399 5391 957 58
4554 4173 5738 5740 5741
4555 4173 5742 5738 5741
4556 58 5391 57 348
4557 5740 4675 5739 5738
4558 4173 4672 5743 5740
4559 2670 2671 2672 4486
4560 4485 4489 4020 2688
4561 5273 1772 1781 25
4562 5676 5744 891 5745
4563 3658 2635 4593 3660
4564 4599 3985 4472 5499
4565 2670 2672 4472 5175
4566 4593 2672 2688 4489
4567 5517 365 366 371
4568 4110 4288 3599 4141
4569 3599 3955 3629 4601
4570 3291 358 5399 5522
4571 4026 5670 4288 4118
4572 5187 3075 4055 4027
4573 5503 899 904 222
4574 5399 59 58 964
4575 5187 3075 4141 4055
4576 4396 5746 4394 4393
4577 3651 3600 4455 3630
4578 5671 3599 5187 3552
4579 5632 362 367 361
4580 5747 951 943 944
4581 4286 3953 3954 2624
4582 5748 1209 1185 1121
4583 3075 3076 3077 4055
4584 3075 3076 4055 4027
4585 3075 5749 3076 4027
4586 5744 890 896 5698
4587 367 5604 368 5521
4588 5187 4055 4141 4288
4589 5747 951 950 943
4590 3075 3076 3523 2847
4591 349 5716 3863 3189
4592 5517 366 365 360
4593 3599 5187 3075 4141
4594 5400 900 905 899
4595 5750 361 355 356
4596 5391 5751 950 943
4597 5518 359 354 360
4598 2840 3075 3523 2847
4599 4458 4459 5247 4460
4600 5752 897 903 902
4601 2670 2671 4486 4347
4602 42 5638 5637 5730
4603 5175 4458 4347 5247
4604 5676 885 891 890
4605 5175 4469 4470 4461
4606 5175 5247 4347 4486
4607 4486 5250 5753 4537
4608 4210 3872 4911 4605
4609 5521 362 368 367
4610 2863 3069 4358 3872
4611 3291 4323 964 5399
4612 3070 3071 3871 2864
4613 5028 5754 5505 4626
4614 5521 61 363 60
4615 2793 2648 2647 2857
4616 4085 5032 4080 4083
4617 4405 4409 4085 5034
4618 3228 4405 3286 4684
4619 2802 1815 1830 1790
4620 34 5653 33 5640
4621 5518 365 359 360
4622 5630 364 5755 32
4623 4012 4008 4003 4406
4624 5756 861 860 853
4625 5517 361 366 360
4626 5352 5416 5417 5757
4627 5758 1947 1924 1899
4628 5759 4377 986 2797
4629 3126 3123 3967 3125
4630 5437 3430 4647 2766
4631 3479 3481 3472 3474
4632 2798 965 972 964
4633 4032 5301 3847 3865
4634 973 5392 966 965
4635 915 5654 910 5760
4636 2664 1830 1815 1826
4637 2928 2677 2676 4202
4638 5761 371 5633 372
4639 4389 4064 5424 4427
4640 5521 362 363 368
4641 4389 3131 4384 5424
4642 61 978 5521 5604
4643 2679 4389 4427 4064
4644 992 63 999 5762
4645 5521 368 363 61
4646 2678 4065 3125 4064
4647 5121 5763 5764 5765
4648 930 5308 937 5731
4649 5698 5766 901 896
4650 3125 4389 5424 3131
4651 3167 3676 3061 5658
4652 3064 3564 3404 4573
4653 5767 920 919 914
4654 5656 369 364 370
4655 3063 3064 3812 3066
4656 5652 5623 5768 5769
4657 3064 4573 3404 3813
4658 373 5604 368 367
4659 5633 372 366 367
4660 3175 3167 3062 3061
4661 3357 3402 3060 3404
4662 5770 3189 5771 354
4663 372 2796 5604 367
4664 3059 2656 3175 3092
4665 3357 3093 3676 4067
4666 5761 378 383 377
4667 4435 5470 4255 5772
4668 5773 5774 5775 5776
4669 5773 5777 5778 5774
4670 1880 5396 5589 1844
4671 5773 5778 5777 5779
4672 4935 5780 5781 5782
4673 2730 1261 1207 1233
4674 4435 4255 5783 5784
4675 5779 5778 5785 5773
4676 5773 5776 4938 5774
4677 5786 1082 1068 1054
4678 5618 5787 1255 5788
4679 1020 386 68 385
4680 5773 5789 4900 4939
4681 5773 5789 5785 4900
4682 3884 4360 3830 3831
4683 3218 3217 4511 3215
4684 4683 2953 5790 2956
4685 5378 381 375 376
4686 5714 4683 4556 3832
4687 5791 5761 5762 5792
4688 5604 62 63 373
4689 5521 5604 368 61
4690 5760 909 223 904
4691 5551 5137 5531 5136
4692 2796 2799 2798 5571
4693 5104 5105 5055 5103
4694 5791 5761 382 5605
4695 5793 243 1035 1043
4696 5106 4908 5108 4906
4697 5105 3673 3631 3674
4698 5106 4908 5213 5108
4699 5378 370 376 375
4700 5123 5122 5794 1129
4701 4623 1128 1149 1168
4702 5784 4255 5795 4435
4703 5106 5213 5136 5109
4704 5761 382 376 377
4705 385 1021 69 1020
4706 5623 379 34 374
4707 5604 62 985 992
4708 5103 5108 5106 5213
4709 5607 29 44 45
4710 5796 4125 5797 3470
4711 5657 386 380 381
4712 4126 5783 4435 4255
4713 63 999 5762 5792
4714 4909 5108 5798 5555
4715 5791 1042 1019 1015
4716 3172 264 1669 265
4717 385 5799 5800 1021
4718 4909 4905 4904 4907
4719 5604 378 5762 372
4720 4475 5801 5802 5253
4721 4909 5358 4903 5351
4722 5605 381 382 387
4723 4909 5351 5803 5358
4724 382 383 5792 388
4725 4909 5803 5555 5798
4726 4731 1805 1840 1820
4727 4909 4904 4906 4907
4728 4563 4597 3040 3041
4729 5768 5449 5769 5804
4730 4489 4260 3486 5061
4731 3793 3792 3800 3794
4732 5805 4569 3039 5321
4733 3241 2581 2564 2565
4734 4597 3039 3040 3041
4735 4625 4621 4623 5806
4736 3793 4566 4567 3794
4737 5807 3098 3251 5151
4738 3241 2565 2564 2548
4739 5807 3251 5579 5330
4740 65 5792 5791 1006
4741 5659 1033 928 37
4742 3250 3251 5579 5808
4743 3251 5579 5808 5807
4744 5809 1045 1053 1072
4745 3103 5807 4553 3622
4746 5330 3623 5579 5807
4747 1019 387 67 386
4748 1015 6 388 65
4749 5807 3622 3623 4553
4750 5810 2801 1904 1999
4751 3313 3316 4065 3246
4752 5791 387 388 1015
4753 3157 3739 3720 3745
4754 4125 4743 5797 5079
4755 3320 3737 3712 3315
4756 5716 356 5750 355
4757 2666 5302 2663 5303
4758 3318 3340 3745 3315
4759 3316 3966 3322 4062
4760 2729 1000 1001 1008
4761 5599 1812 1800 1797
4762 3316 4065 3246 3341
4763 3965 3341 3964 4064
4764 5811 3593 4504 5812
4765 384 385 1021 69
4766 5811 3593 5182 3594
4767 5657 385 380 386
4768 5182 5811 5813 5812
4769 5814 5785 5199 5197
4770 926 242 5815 925
4771 3593 4504 3081 3591
4772 5816 1006 999 1007
4773 3593 5812 4506 4504
4774 70 1032 36 3
4775 4502 3593 4011 4506
4776 4689 5574 5751 4727
4777 4502 4011 4507 4505
4778 67 386 68 1019
4779 3589 3594 3593 3591
4780 5817 5808 3250 5579
4781 5818 916 911 917
4782 5817 5819 5579 5820
4783 1015 66 388 6
4784 5817 5821 5808 5822
4785 4704 989 981 982
4786 5817 5823 3623 5819
4787 1015 387 388 66
4788 5817 3623 5823 5822
4789 5579 3623 5819 5817
4790 4983 5579 3623 5819
4791 4908 5575 4943 5097
4792 5659 5660 928 1033
4793 4909 4908 5108 5557
4794 5255 5213 5236 4908
4795 5824 5825 5666 5826
4796 5827 1769 392 391
4797 5828 1777 1769 1801
4798 4908 5557 5575 5255
4799 5106 5213 4908 5531
4800 5829 4802 5830 5831
4801 389 1761 7 104
4802 5826 5667 5666 5664
4803 1761 71 389 7
4804 5831 5368 5185 5832
4805 5831 4516 5185 5186
4806 894 5504 900 3266
4807 5831 4802 4803 4516
4808 1761 5833 104 389
4809 5831 4803 2721 4516
4810 5831 2721 5830 5832
4811 3067 3069 4605 3068
4812 4114 339 340 345
4813 1762 391 390 72
4814 5834 1682 1683 1690
4815 3069 5835 3682 2860
4816 2862 3070 2864 3071
4817 5836 1251 1196 1222
4818 4188 3869 2898 4187
4819 5837 389 390 395
4820 5838 395 5837 390
4821 4188 4911 4187 5839
4822 5092 4605 3067 4210
4823 4605 3067 4210 3069
4824 3070 2834 3871 5093
4825 5840 1885 5841 5842
4826 4919 4924 4793 5843
4827 5707 5844 5845 5407
4828 73 392 1769 391
4829 391 73 72 1762
4830 5834 1683 1682 1834
4831 4985 3621 4924 4982
4832 4924 4982 4793 5843
4833 5837 394 389 395
4834 4924 4793 4982 3621
4835 3567 484 112 111
4836 393 1777 75 74
4837 3031 1811 1827 1799
4838 4985 5117 4924 5329
4839 5838 395 390 396
4840 5323 1703 1704 1711
4841 394 5846 399 400
4842 4978 4924 4981 4982
4843 1769 74 392 73
4844 5814 5785 5197 5667
4845 4447 4445 4448 5847
4846 4666 4669 5848 3393
4847 3778 5849 5850 5851
4848 392 74 5852 393
4849 76 1777 75 393
4850 5853 79 109 80
4851 4666 5854 4674 4673
4852 4667 4668 3100 4673
4853 5855 5856 1806 1796
4854 4447 4445 5848 4669
4855 5857 1162 1146 1125
4856 5858 1215 1175 1190
4857 4877 1956 1879 1911
4858 5343 519 526 518
4859 76 8 75 1777
4860 5846 394 399 103
4861 4447 4448 5859 5847
4862 4447 5859 4448 3101
4863 5838 391 396 390
4864 4589 4590 4737 4124
4865 5860 415 409 410
4866 2896 4591 4693 4590
4867 1683 1761 300 1775
4868 4590 4737 5189 5393
4869 3242 5666 3304 4109
4870 4590 4737 4935 5189
4871 5189 5782 5588 4737
4872 5508 394 395 400
4873 5861 5189 5782 5588
4874 5852 397 392 398
4875 4589 4739 4738 5599
4876 4589 5393 5599 5588
4877 5509 391 397 396
4878 5064 3533 4031 3754
4879 5814 3242 4108 4109
4880 3976 4870 3765 5243
4881 3976 3983 5862 5064
4882 3976 3754 5064 5862
4883 3976 3765 3533 3755
4884 3976 3765 3755 5243
4885 3740 3713 3710 3712
4886 5434 402 408 407
4887 3740 3737 3712 5222
4888 3158 4017 4441 3724
4889 3720 4017 3749 3750
4890 5863 544 545 552
4891 5856 1806 1785 1792
4892 4090 3190 5864 5865
4893 3260 3261 3713 3710
4894 3261 3916 3740 3710
4895 5846 404 102 399
4896 4909 5556 5351 4903
4897 5351 4903 5866 5417
4898 5867 5555 5868 5352
4899 5508 395 396 401
4900 5846 399 102 103
4901 5869 5870 5871 1890
4902 3319 3774 5872 5873
4903 4080 5358 5351 5357
4904 4909 5351 5556 5555
4905 400 5846 399 405
4906 5351 4903 5556 5866
4907 5874 480 486 485
4908 5852 5828 1777 1769
4909 4238 3868 4190 5875
4910 5838 5508 5837 395
4911 5508 400 406 405
4912 5509 401 396 402
4913 4615 4238 4243 5876
4914 3114 5877 5878 4397
4915 4238 4244 4243 5876
4916 5879 5880 5881 1853
4917 5852 397 5882 5509
4918 5852 3231 393 1777
4919 5882 402 397 403
4920 4237 4239 4238 4243
4921 3231 5882 398 77
4922 4243 4237 4245 4244
4923 4238 5883 3416 4614
4924 5698 5766 900 901
4925 5884 1898 1917 1940
4926 5543 5885 1278 5886
4927 4238 3413 3416 5883
4928 4616 4326 4619 4325
4929 4616 4620 3752 4325
4930 3752 4620 4625 4155
4931 1761 5833 1683 104
4932 3752 4824 3758 4325
4933 3586 120 119 1779
4934 405 5887 5846 5860
4935 399 5846 404 405
4936 4229 5888 3990 2932
4937 4248 4229 4196 5889
4938 4229 5890 5889 4248
4939 4229 4159 4949 3990
4940 4229 5888 4158 3990
4941 5860 404 405 410
4942 4229 4159 3990 4158
4943 5887 1704 5891 5892
4944 5654 5400 904 5893
4945 3687 5894 3686 5835
4946 3687 5895 3682 4607
4947 5896 5838 5837 5827
4948 3294 4607 4845 4609
4949 3294 3295 3694 3686
4950 3687 5835 3682 5895
4951 5897 408 413 407
4952 2922 416 421 415
4953 4816 4987 4808 5072
4954 3224 5898 3223 3221
4955 5090 79 403 78
4956 5072 4987 4808 5899
4957 4987 3972 3978 4808
4958 5900 1171 1145 1193
4959 5072 5064 4988 4987
4960 5891 101 404 409
4961 3319 5901 3774 5873
4962 5891 414 100 409
4963 4987 5064 3973 3972
4964 4987 3973 3971 3972
4965 5872 5902 3998 4782
4966 5663 5006 4997 5903
4967 5891 409 100 101
4968 2468 2452 5904 4997
4969 5846 1697 1690 102
4970 5663 5006 2501 2485
4971 4498 123 124 458
4972 3737 3320 5222 4847
4973 5663 5903 5905 5667
4974 5697 5893 5503 5400
4975 4090 5636 5865 5864
4976 5860 409 404 410
4977 5846 1704 1697 101
4978 5328 3715 3718 3329
4979 3718 3715 5404 2961
4980 5860 410 405 411
4981 2961 3717 3568 3719
4982 3801 2961 5404 3716
4983 2962 3714 4211 3715
4984 3341 3343 4428 3342
4985 87 1030 1024 5906
4986 5907 2976 913 918
4987 2961 2960 3716 3719
4988 2922 415 410 416
4989 5908 3322 5909 4346
4990 5910 1851 1865 1850
4991 5897 412 407 413
4992 1782 2802 1790 1815
4993 3323 3363 3669 3364
4994 5911 76 8 105
4995 5912 106 5913 107
4996 5400 5503 899 904
4997 5910 1851 1850 1831
4998 5914 414 419 99
4999 2904 3284 3436 3504
5000 3362 3527 3364 3323
5001 3332 3329 2966 4211
5002 5860 414 409 415
5003 4782 5902 3998 5909
5004 2743 429 97 424
5005 5891 99 100 414
5006 5508 5837 394 5846
5007 5321 4569 4597 4566
5008 4967 4969 5112 5113
5009 4973 4975 4968 4566
5010 4972 5160 4974 4970
5011 415 420 2922 414
5012 5860 5915 406 405
5013 4970 4969 5113 5160
5014 4968 5076 5321 4566
5015 3310 4604 3384 84
5016 4968 4971 5211 4972
5017 4106 4103 4128 5916
5018 5318 413 81 418
5019 4099 4132 4106 4107
5020 5892 5891 1718 1711
5021 5917 111 112 82
5022 5272 340 334 335
5023 4099 5796 4132 4107
5024 2922 421 420 415
5025 5318 413 80 81
5026 4106 4200 5918 4128
5027 5919 1858 1841 1821
5028 5920 1244 1216 1195
5029 5921 82 5922 81
5030 5923 1142 1058 1124
5031 4998 4199 5001 4201
5032 3319 3318 5901 5909
5033 419 5914 98 424
5034 4106 4200 4128 4131
5035 4956 4157 5924 5925
5036 425 2924 419 424
5037 4833 3990 2929 5926
5038 2928 2678 2677 3245
5039 5914 419 98 99
5040 3987 3992 4833 3991
5041 4833 3991 3992 5925
5042 4522 4833 3991 5927
5043 5327 457 452 458
5044 2924 421 420 2922
5045 3072 4444 5490 3602
5046 3004 3006 3456 3503
5047 3004 5928 3455 5929
5048 3004 3007 3453 3456
5049 3197 2694 3213 3337
5050 1031 90 91 445
5051 5731 5930 5931 5747
5052 2696 2694 3213 3197
5053 426 421 5932 427
5054 5932 416 422 421
5055 2691 2696 3213 4354
5056 1732 2674 96 2743
5057 3368 442 448 447
5058 5639 82 418 81
5059 3197 3337 3214 3456
5060 5639 418 82 423
5061 4025 5933 4534 5146
5062 5709 1159 1160 1115
5063 3004 3197 3456 3006
5064 2695 3197 3004 3006
5065 5934 2558 2557 2541
5066 5892 5935 1704 1711
5067 3072 3071 5490 4444
5068 420 425 2924 419
5069 4079 4084 4086 5264
5070 5315 127 128 478
5071 4083 4087 5711 5757
5072 5352 4087 5704 5936
5073 424 5914 98 97
5074 5555 5352 5110 4082
5075 5351 4082 5352 5555
5076 5937 125 126 468
5077 4080 5351 5352 5357
5078 5803 5488 5358 5351
5079 5332 425 431 430
5080 5416 4083 5352 5032
5081 426 421 420 2924
5082 4238 5875 5876 4613
5083 5352 5704 4087 5757
5084 3614 3736 3607 5938
5085 3614 3452 5939 3615
5086 5914 2924 2615 2743
5087 5940 445 1031 1036
5088 2743 430 429 424
5089 5941 1950 2018 2002
5090 5473 1166 5942 1259
5091 1760 1058 1142 293
5092 3554 479 480 485
5093 3614 3615 5943 3613
5094 5917 82 112 83
5095 3449 3615 3614 3613
5096 5944 3384 5945 5906
5097 3385 436 431 437
5098 2616 1718 2613 5323
5099 3613 3614 3607 5946
5100 4938 5789 5201 5776
5101 4938 5357 4892 5947
5102 5771 3186 3189 4764
5103 5948 1084 1055 1069
5104 5332 3385 436 431
5105 5949 1142 1124 1166
5106 5942 5845 1217 1166
5107 1710 1702 1709 3058
5108 5950 565 130 129
5109 4938 4903 4890 4892
5110 5951 411 417 416
5111 4938 4890 4903 5789
5112 2743 429 96 97
5113 4938 4903 5201 5789
5114 4774 5952 4039 5953
5115 3291 357 363 362
5116 4774 3267 4038 3268
5117 4774 3268 669 685
5118 2927 4598 3930 3921
5119 3124 3130 3123 3132
5120 4227 4292 5580 5180
5121 5954 5955 5146 1063
5122 5580 4227 3431 2913
5123 3126 3130 4227 3123
5124 3506 3123 3431 5180
5125 1031 446 90 445
5126 2919 2913 3427 3431
5127 5956 5957 5958 3385
5128 2919 3428 3431 3423
5129 4227 2919 3428 3431
5130 3384 5906 443 86
5131 3370 437 442 436
5132 5406 487 481 482
5133 5959 83 112 113
5134 5960 5957 5961 2674
5135 3384 84 85 433
5136 5960 5940 5962 5923
5137 3199 5963 4540 4539
5138 435 430 5964 5332
5139 2807 2811 2808 3045
5140 5406 486 481 487
5141 3557 3233 3232 3020
5142 5965 503 502 497
5143 3046 2811 4143 4525
5144 5964 95 96 434
5145 3273 3161 3310 3272
5146 3046 3045 2811 4525
5147 5687 3044 3043 3046
5148 2962 2966 3715 4211
5149 2811 2808 3045 3046
5150 2634 2630 3490 3047
5151 3851 4539 5966 5967
5152 2958 3719 3568 3570
5153 5961 436 5332 3385
5154 3793 4567 3490 3796
5155 3281 3282 3048 5968
5156 5956 3383 5957 3385
5157 4126 4127 4255 4435
5158 4741 4742 5796 4125
5159 5130 5969 5147 5970
5160 5710 1084 1115 1141
5161 2849 580 588 587
5162 5971 5972 1141 5710
5163 4678 3352 3421 4127
5164 3346 3680 4741 4635
5165 3421 3680 3346 3345
5166 3421 4309 3680 5973
5167 4250 4253 5974 4251
5168 3310 5975 5976 3384
5169 4250 4253 3565 4273
5170 5444 5977 5978 3777
5171 5964 95 439 94
5172 4250 4582 4544 5129
5173 5423 439 440 445
5174 4250 4544 5979 5129
5175 3604 2860 3605 3821
5176 5034 4008 4007 5032
5177 1036 93 92 10
5178 4406 2804 3287 4837
5179 4012 2804 4837 4010
5180 4003 4838 4837 5980
5181 2862 3071 3072 4444
5182 3524 114 5981 115
5183 5945 86 3384 85
5184 5958 5957 426 5332
5185 3384 438 86 443
5186 5948 1084 1060 1055
5187 5603 4837 5980 3287
5188 4837 5980 3287 4406
5189 4603 114 84 113
5190 5982 116 86 115
5191 3288 3287 4406 4409
5192 3370 442 441 436
5193 3368 443 448 442
5194 4409 5983 5034 4835
5195 2922 5932 421 416
5196 2804 4012 4406 4404
5197 3228 3230 3235 3287
5198 5851 5984 1075 1047
5199 2897 4788 3852 3855
5200 446 90 89 1031
5201 5423 439 444 94
5202 1036 93 444 92
5203 5047 4550 4549 5038
5204 5044 4549 5041 5390
5205 4549 5038 4550 4544
5206 4405 5032 5034 4085
5207 4008 4007 5115 4009
5208 4405 4409 3286 4085
5209 5032 4938 5115 4007
5210 5985 1028 1057 1088
5211 3356 5736 4575 5986
5212 5360 4892 4080 5034
5213 4409 5034 5355 4085
5214 5906 87 1030 448
5215 5987 494 489 495
5216 5961 441 446 440
5217 5034 5357 4007 5947
5218 5034 4892 5357 5947
5219 4117 5988 5989 115
5220 4409 4406 5576 4835
5221 5990 494 500 5981
5222 4330 3234 4404 2806
5223 5991 447 448 88
5224 2803 2805 2804 2808
5225 5992 3235 5673 5674
5226 3235 4493 5674 3287
5227 5906 448 443 87
5228 1036 92 444 91
5229 1014 1013 135 507
5230 4493 2809 5687 3043
5231 5687 4493 4228 2809
5232 1022 138 1037 504
5233 3235 5993 3238 3237
5234 3235 3287 5674 3288
5235 3020 2810 2805 4146
5236 2743 430 424 425
5237 4493 4228 3227 5673
5238 5940 1058 1031 1060
5239 4122 4228 4493 2809
5240 3696 5320 5990 5994
5241 5995 3516 5996 5997
5242 5657 5799 380 385
5243 5970 1101 1102 1069
5244 5998 3516 5996 5999
5245 3066 3564 4321 3563
5246 4723 5695 2949 5998
5247 3513 5999 5998 3518
5248 5998 3518 6000 5695
5249 4760 4398 4401 6001
5250 3359 6001 4629 5658
5251 6000 5998 5999 3518
5252 4760 6001 4763 4408
5253 384 1021 1032 70
5254 6002 4010 3082 3373
5255 3373 2804 4010 2807
5256 2803 2804 3373 2807
5257 1031 446 447 89
5258 3299 3159 6003 5512
5259 6004 500 505 499
5260 2722 6005 3401 5184
5261 3159 6006 2703 6007
5262 6008 1050 1069 1055
5263 2654 2668 2662 2661
5264 2655 2610 2659 2661
5265 2616 5323 1711 1718
5266 2660 2668 2659 4224
5267 1030 9 88 448
5268 3159 2703 6006 3401
5269 6009 1192 1152 1172
5270 3367 4398 6001 4399
5271 3103 5807 3098 5808
5272 6010 1148 1126 1167
5273 3103 5807 5808 4553
5274 3103 5808 3098 4552
5275 3098 5808 3251 3249
5276 3103 3098 5807 3102
5277 6011 540 532 533
5278 4760 4398 6001 4408
5279 5807 3098 5151 3102
5280 11 105 1766 8
5281 3359 3677 6012 4180
5282 3349 4631 3359 4630
5283 3676 3359 5658 3360
5284 3665 2681 3654 4180
5285 5506 1193 1154 1196
5286 4000 6013 3402 3355
5287 6014 1178 1222 1196
5288 3422 3365 3166 2652
5289 5650 6015 6016 6017
5290 511 1933 140 510
5291 3690 3632 5567 6018
5292 6001 3359 4180 3360
5293 3359 5658 3360 6001
5294 6019 107 77 106
5295 6020 6021 2013 1922
5296 108 109 6022 79
5297 6023 1126 1125 1146
5298 3351 3353 3419 4665
5299 6022 108 78 107
5300 4335 1827 1866 1849
5301 3653 3350 3351 3353
5302 5325 5326 6015 3588
5303 4488 4125 4127 3471
5304 4488 3352 4678 4127
5305 5984 1047 1077 1075
5306 3236 3237 3238 4353
5307 3238 4353 5993 4745
5308 3109 1845 1828 1861
5309 5993 3235 3288 3237
5310 3228 3287 3235 3237
5311 3421 3680 3345 4435
5312 4120 4119 5989 1039
5313 5486 110 81 80
5314 2615 2616 2923 5892
5315 4635 4271 4309 4308
5316 5842 1952 1932 1909
5317 4277 4581 4582 5129
5318 110 109 6024 474
5319 3344 3346 3419 3348
5320 5921 82 81 111
5321 5987 484 485 490
5322 4741 4743 4633 4634
5323 6025 1193 1235 1218
5324 6026 1108 1126 1148
5325 4632 4633 5133 4634
5326 3346 4633 3418 4635
5327 6009 1205 1192 1172
5328 5987 494 113 489
5329 4741 4635 4309 4308
5330 4635 3680 4267 3346
5331 5894 3295 6027 6028
5332 3295 3293 6029 4207
5333 3295 4370 4367 6030
5334 5981 115 114 499
5335 6031 1126 1108 1092
5336 6032 5104 3689 3633
5337 5982 87 5906 86
5338 3292 5075 3294 3293
5339 3295 4367 5889 4207
5340 3793 3800 4566 3794
5341 3800 5321 4597 4566
5342 4967 4968 4971 5322
5343 494 113 3524 5987
5344 1024 1016 9 87
5345 5988 1023 6033 4029
5346 6034 6035 553 6036
5347 5850 1075 1092 1108
5348 4566 5514 5076 5321
5349 4248 6037 4977 4975
5350 4975 4566 5074 5076
5351 3567 489 112 484
5352 6033 1023 1037 1052
5353 6038 115 85 114
5354 3675 5054 5063 5062
5355 4566 5074 5076 6039
5356 5073 4566 4567 5074
5357 4973 3794 4566 3800
5358 4567 5074 4566 6039
5359 6040 5916 6041 6042
5360 1016 116 12 87
5361 6040 4439 6043 5916
5362 6040 5916 6043 6044
5363 6040 5916 6044 6041
5364 6040 6045 4439 6046
5365 6040 5916 6042 5918
5366 4328 4417 2652 3166
5367 3555 5530 6047 474
5368 4328 3166 2652 3422
5369 4685 4328 4417 2652
5370 2622 2612 2618 2736
5371 4328 5435 4224 4685
5372 5420 450 449 117
5373 2668 5435 4328 6048
5374 2668 2661 3575 6049
5375 5321 5111 5805 5322
5376 3800 4597 4579 3792
5377 3792 3791 3798 3800
5378 5686 4579 3798 5112
5379 450 1779 451 118
5380 5420 118 450 117
5381 6050 1032 1045 1054
5382 3665 3358 3654 4179
5383 3800 4969 4973 6051
5384 3587 456 5326 455
5385 5112 4579 2955 5686
5386 3808 3711 3966 4346
5387 2812 2813 2992 2814
5388 3966 3321 6052 3711
5389 2813 3903 3052 3050
5390 3808 3154 3966 3711
5391 5299 1041 3640 1025
5392 118 1779 451 119
5393 3904 3969 2777 3967
5394 6053 1780 139 509
5395 4189 2827 5844 3868
5396 5839 4188 4182 4186
5397 5641 34 39 40
5398 4186 5839 4194 4182
5399 2833 3070 2834 3871
5400 3869 4210 3872 4911
5401 4186 4187 4193 5839
5402 2942 2641 2642 5086
5403 120 5327 452 453
5404 4186 4193 4187 4190
5405 4189 4190 5844 4192
5406 5533 6054 3916 4149
5407 5533 4098 3916 6054
5408 5533 4098 6055 2792
5409 6056 478 477 472
5410 5533 4149 3916 4148
5411 5533 6057 5627 6058
5412 6055 5541 6058 5533
5413 121 122 13 1780
5414 6059 6055 5541 6058
5415 6060 6061 2482 2498
5416 6060 6062 5664 6063
5417 121 453 1780 120
5418 6060 5664 5666 2531
5419 3242 2564 2563 2547
5420 6060 5824 6062 6061
5421 5824 5664 5666 6060
5422 6060 2499 5664 2515
5423 6064 465 471 470
5424 6060 6065 5824 4291
5425 6060 4291 5824 6061
5426 4790 4791 4792 5294
5427 4791 6066 5294 4790
5428 4790 6067 4926 5843
5429 4790 5843 6066 6067
5430 5326 462 467 461
5431 4790 4925 6068 3277
5432 4790 5294 6069 6066
5433 5166 4972 4970 5160
5434 3639 3428 4227 2919
5435 3129 3131 4293 4384
5436 5528 538 537 530
5437 3586 451 119 452
5438 4293 4384 3131 4654
5439 3124 3130 3129 3131
5440 3130 3123 3132 4292
5441 6070 459 464 107
5442 4293 3254 4384 4382
5443 3587 1779 451 450
5444 5326 461 455 456
5445 4293 4382 3467 3254
5446 3785 3219 3029 3942
5447 3219 5173 3786 3942
5448 3358 3677 3359 4180
5449 3785 3936 3220 6071
5450 5327 453 1780 122
5451 3588 1817 1780 1779
5452 3212 4214 3226 3217
5453 3207 3219 2699 3205
5454 5327 516 123 122
5455 5327 452 453 458
5456 3206 4214 3214 3208
5457 3785 3220 3936 3938
5458 4498 463 462 457
5459 4596 4665 4586 6072
5460 4316 2758 4318 2785
5461 3157 3315 3737 3745
5462 2755 3723 3261 3916
5463 2739 3548 2753 2750
5464 5530 469 474 109
5465 3157 3314 3152 3156
5466 4441 4017 3749 3720
5467 5326 456 457 462
5468 6070 465 459 460
5469 3157 3740 3315 3713
5470 3356 6013 5986 4875
5471 3210 3786 3641 5173
5472 4498 458 463 457
5473 3207 3641 3211 3210
5474 2773 2766 3642 3497
5475 2699 3786 2769 3029
5476 6073 5231 6074 5729
5477 4629 6012 6075 4763
5478 3210 3925 3924 3786
5479 4496 467 468 473
5480 5326 461 456 462
5481 3429 4112 4645 4474
5482 6076 6077 6078 5325
5483 4498 468 463 125
5484 3209 3921 2771 3786
5485 3642 4646 3208 3497
5486 4496 472 467 473
5487 3011 3016 2971 3014
5488 4450 3012 4454 4451
5489 3011 3652 3088 3017
5490 3805 3802 6079 4420
5491 468 4498 462 467
5492 3802 6079 6080 3804
5493 6012 4763 4762 6075
5494 6015 461 466 460
5495 4496 467 472 466
5496 3439 3519 3806 3805
5497 3960 5125 4236 3961
5498 3962 4217 4236 5700
5499 2837 3201 3960 2850
5500 2846 3802 4231 3073
5501 3204 2846 4217 4231
5502 2846 4236 3962 4217
5503 2698 2773 3337 3006
5504 5530 469 108 464
5505 3786 3925 5173 3210
5506 4498 463 468 462
5507 5326 467 466 461
5508 2771 3786 3921 2769
5509 33 5653 374 369
5510 3510 2766 4647 3428
5511 2765 2770 2773 2771
5512 4498 125 463 124
5513 3969 3967 3125 2777
5514 2773 3497 3496 2766
5515 2766 5437 3497 3500
5516 3373 2807 4010 3376
5517 2804 2806 4332 4404
5518 3230 2804 4404 2806
5519 2805 2806 3230 3234
5520 6056 473 478 472
5521 4837 4012 4406 2804
5522 2805 4493 2808 2809
5523 2808 3287 2804 4837
5524 3397 5128 5271 3872
5525 2944 2897 3852 3855
5526 2832 2898 4240 3395
5527 6012 4629 6075 6081
5528 4605 5092 4913 4911
5529 2822 2823 3018 2820
5530 2824 2868 2944 2867
5531 6082 5950 565 6083
5532 3199 4539 3200 5963
5533 2983 2986 2988 2984
5534 2858 2863 2860 3200
5535 4107 4102 4099 5796
5536 5796 4742 4308 6084
5537 5339 517 516 509
5538 4126 4107 5796 4307
5539 1780 509 13 139
5540 6085 475 481 480
5541 128 129 6082 483
5542 5796 4308 6086 6084
5543 5796 4102 6086 4308
5544 2735 3036 2736 3038
5545 3651 3629 3599 3598
5546 5937 4498 125 468
5547 3651 3598 3630 3629
5548 3651 4722 2840 3552
5549 3651 3600 3630 3598
5550 5937 126 125 537
5551 3651 4455 4722 6087
5552 2732 2639 2647 2793
5553 5863 6088 6089 5143
5554 3599 4118 5187 4288
5555 551 5315 127 128
5556 2836 2850 2845 2847
5557 5132 2826 4169 2825
5558 2831 3417 2826 2827
5559 3567 479 484 111
5560 3415 3416 2831 4238
5561 2834 4220 4298 2822
5562 2826 4169 3163 5975
5563 2830 3309 2820 3161
5564 475 3554 6047 474
5565 2822 2826 3161 4222
5566 2830 3163 3162 3309
5567 6047 471 476 470
5568 6056 477 471 472
5569 3418 3356 3403 4576
5570 4267 4635 4268 3680
5571 4632 4633 3418 5133
5572 4580 4632 4295 4277
5573 479 3553 3554 474
5574 3348 4277 3403 4274
5575 6056 476 471 477
5576 6070 464 108 107
5577 4277 4580 3418 4576
5578 4274 5617 3420 4268
5579 5616 4067 5614 4274
5580 4706 3927 4710 4715
5581 4707 6090 3922 4708
5582 4707 3727 6090 4708
5583 4706 4715 4709 3700
5584 5760 847 224 225
5585 6091 473 5937 5315
5586 4707 4709 4711 6092
5587 4706 4708 4707 3922
5588 483 5315 6091 5316
5589 4324 4824 5652 6093
5590 6094 1932 2025 1955
5591 125 530 4498 537
5592 3567 113 112 489
5593 4324 6095 6096 6097
5594 4324 6093 6095 6097
5595 5528 545 5529 5863
5596 4324 4620 4619 4325
5597 4324 4620 4824 6093
5598 6035 546 6098 539
5599 4324 4325 4619 4326
5600 4324 6099 5446 4327
5601 5874 480 481 486
5602 4324 5446 6099 6095
5603 4164 6047 4165 6100
5604 4164 6101 3201 4333
5605 4164 4166 6078 6076
5606 4497 537 5937 4498
5607 4164 2848 4336 6100
5608 6102 6012 4608 4487
5609 4164 6101 4336 3201
5610 3201 2848 4336 4164
5611 6064 464 465 470
5612 510 1817 140 139
5613 3233 4122 4493 2809
5614 2871 3233 3232 3557
5615 3567 3569 3553 111
5616 3554 484 479 485
5617 6103 5295 5293 6104
5618 5290 6103 5295 5293
5619 5289 5298 5293 5218
5620 5295 5293 5218 5289
5621 4696 5218 5295 6104
5622 5161 6022 6019 4091
5623 3748 6105 5847 4445
5624 5656 5653 369 374
5625 6106 3748 6105 5847
5626 5406 483 488 482
5627 4445 3392 6107 4175
5628 4445 4669 4174 5848
5629 6098 525 532 524
5630 4445 4174 3392 4175
5631 3391 3747 4445 2780
5632 5994 491 485 486
5633 5161 4091 5853 6022
5634 4445 3392 4097 6107
5635 5161 5087 2643 5626
5636 5950 492 487 493
5637 4099 4104 4100 3881
5638 4999 5000 5004 4998
5639 124 4498 125 530
5640 4099 4102 4107 4103
5641 6108 4304 6086 4964
5642 6091 5863 551 544
5643 4304 6086 4964 4102
5644 4102 4103 4307 4107
5645 5796 4307 4102 4308
5646 4498 5325 523 516
5647 5914 1725 2743 2615
5648 4979 4104 5519 3820
5649 5161 5090 5087 6109
5650 2727 3578 3106 2969
5651 3182 3580 3579 4091
5652 78 5161 6022 6019
5653 4667 3100 5240 4673
5654 3569 6087 111 5917
5655 3100 5240 4559 4551
5656 5987 489 484 490
5657 6110 1052 1066 1081
5658 4554 3100 4559 4551
5659 3772 5239 3100 4558
5660 2907 2899 2904 5719
5661 5161 6109 78 5090
5662 6111 552 559 551
5663 2907 3038 2900 2905
5664 2907 6112 3038 2905
5665 2907 3365 4662 5725
5666 3361 3362 3165 3169
5667 5161 2643 5853 4091
5668 6082 128 5316 558
5669 5320 492 5950 497
5670 2900 3036 3038 2907
5671 2907 3422 4686 4662
5672 2907 4686 3422 3038
5673 4173 5742 4176 3388
5674 129 5950 488 130
5675 5073 6113 6114 3796
5676 4566 5074 5073 4973
5677 5073 3795 3794 4973
5678 5073 3795 3796 3794
5679 6085 475 476 481
5680 5073 6115 6114 6113
5681 5528 523 4497 5338
5682 6116 6117 4289 4057
5683 5073 4973 5075 6115
5684 3346 3421 3352 4741
5685 3704 3709 3696 3697
5686 3344 3354 3350 3677
5687 4029 6004 5988 115
5688 5986 3356 4875 6118
5689 4666 4667 4673 4668
5690 3356 4875 6118 3419
5691 4271 4636 4637 4632
5692 3355 6013 3356 4875
5693 4179 6013 4000 3355
5694 3419 3353 4875 4665
5695 5950 498 492 493
5696 4793 3626 3621 3617
5697 6119 567 559 560
5698 5950 487 488 493
5699 4793 3626 4982 3621
5700 4793 6120 4794 3618
5701 495 5990 494 500
5702 5950 130 131 493
5703 6121 6122 5911 5912
5704 5965 496 497 502
5705 4919 4924 5843 4922
5706 5329 6120 4794 4793
5707 4309 4268 6123 4962
5708 4741 3421 3352 4125
5709 4301 4307 4309 4308
5710 4635 4268 4309 4271
5711 4309 6123 3680 5973
5712 4174 5848 4675 6124
5713 3393 4176 4671 3394
5714 4871 6125 4016 4870
5715 5320 5950 487 6083
5716 4670 3766 3767 5205
5717 138 12 1037 116
5718 3779 3771 6125 6126
5719 3779 3765 4870 3823
5720 3779 4016 3765 3533
5721 3635 4218 4235 4219
5722 4233 4550 4235 3561
5723 3562 4232 4322 2707
5724 1022 504 505 137
5725 5466 576 568 569
5726 4446 2712 5208 4669
5727 3059 3093 3092 3061
5728 501 6127 5990 500
5729 2706 3204 3635 3638
5730 4549 4234 4233 4219
5731 5807 6128 5330 4984
5732 3098 3251 5151 2677
5733 5807 4984 5330 3623
5734 131 6129 498 132
5735 3249 2677 3098 3097
5736 5985 1027 1057 1028
5737 5108 3951 3949 5798
5738 4497 468 5937 473
5739 1014 506 507 135
5740 5103 5109 5167 5213
5741 5103 5055 4972 5166
5742 4909 5798 5108 4906
5743 5106 4908 4906 5531
5744 5106 6130 4906 5798
5745 5106 4906 5137 5531
5746 3786 3029 3919 2769
5747 3785 3219 6071 3220
5748 2692 3577 3029 4848
5749 3029 3970 4848 4859
5750 3029 3926 3919 2769
5751 6004 504 115 499
5752 138 504 116 1037
5753 3941 3029 3926 3919
5754 3205 3206 3208 4214
5755 6131 6132 1027 1018
5756 6004 504 1022 1037
5757 1018 1022 505 137
5758 3970 3029 2770 2769
5759 4605 3872 5895 3069
5760 6129 503 508 502
5761 6129 1013 586 1027
5762 6127 505 500 506
5763 3068 3069 3682 2860
5764 3872 4605 5895 4366
5765 4605 5092 4911 4210
5766 4188 4187 2898 4189
5767 1013 508 133 14
5768 4188 2834 5093 4191
5769 5616 5614 6133 6134
5770 1013 507 508 134
5771 498 6135 5950 497
5772 4911 5271 3872 3869
5773 3349 5457 4631 6136
5774 4494 4499 4150 4495
5775 4150 6137 3898 3897
5776 5965 6135 6129 498
5777 4150 3897 6138 6137
5778 3897 4150 4151 3898
5779 3329 3327 2965 3718
5780 2635 4152 4150 3514
5781 4494 4495 3718 5328
5782 4494 4150 4500 3326
5783 4494 3326 4500 4501
5784 3986 4599 3138 3135
5785 3211 3429 3424 4112
5786 3210 4111 3143 3641
5787 6127 506 500 501
5788 4213 5174 4111 3901
5789 3142 3143 4940 3144
5790 3145 3142 3134 3143
5791 1018 137 505 136
5792 3360 3364 4408 3367
5793 4111 3220 3143 3641
5794 3145 3205 3220 4111
5795 6139 6140 3468 4254
5796 6139 6141 3468 6142
5797 6139 6143 6144 6145
5798 6139 6143 6141 6144
5799 4254 3468 4434 3258
5800 6139 6143 4434 6141
5801 6136 6146 6147 6148
5802 6149 3526 5981 6004
5803 6129 586 132 579
5804 3313 3246 4782 3319
5805 6150 2679 3341 2677
5806 1074 586 1027 6151
5807 2678 2679 4064 4389
5808 5616 5457 6136 6133
5809 6047 474 469 475
5810 3245 4785 3511 4782
5811 2679 4064 3341 4065
5812 3965 3125 4065 4064
5813 3965 3511 4065 3125
5814 3026 2762 6152 2763
5815 4122 3022 3020 2894
5816 523 531 524 5528
5817 5419 117 449 11
5818 3024 4124 3019 3022
5819 6014 1132 1155 1178
5820 5909 4346 6153 5908
5821 3023 3026 3025 3019
5822 4338 1810 1799 1827
5823 6047 476 475 470
5824 5530 464 6064 469
5825 3439 3519 3963 3806
5826 6070 464 459 465
5827 1178 1197 6014 1222
5828 4496 471 466 472
5829 2706 3204 3636 3635
5830 2706 2704 2705 2978
5831 2837 3962 2845 3960
5832 3586 457 456 451
5833 3203 5082 3636 6154
5834 3962 3202 5082 5124
5835 482 477 5406 483
5836 1933 4610 510 511
5837 4359 3831 4768 4991
5838 4354 2696 3213 3195
5839 4610 517 510 518
5840 6019 77 107 78
5841 3222 4865 5689 3221
5842 3213 3784 3890 3938
5843 3127 2565 2549 2566
5844 3212 3213 3218 3938
5845 3218 3890 4357 3938
5846 5383 6155 5836 6156
5847 4991 4990 3215 4511
5848 4610 510 511 518
5849 3214 3197 3456 4992
5850 3995 1586 1564 1532
5851 3197 4359 4992 3214
5852 3779 6125 4016 6157
5853 4079 4087 4083 5352
5854 611 3892 595 6158
5855 5900 1156 1145 1171
5856 4396 3885 3836 5264
5857 4086 5711 4087 5256
5858 565 6082 558 129
5859 3830 3836 4396 3885
5860 5256 4396 5258 4086
5861 5343 511 512 519
5862 6159 675 692 691
5863 5339 510 509 139
5864 5746 4391 4396 4086
5865 5406 6085 476 481
5866 3553 479 111 110
5867 3553 474 479 110
5868 6153 5908 6160 3997
5869 5909 5908 3997 4782
5870 4098 3916 6054 6161
5871 1955 511 141 512
5872 2783 2781 2782 2792
5873 4098 6162 5223 3738
5874 3510 3123 3428 4647
5875 2785 3444 4317 4316
5876 2783 3740 4098 3738
5877 6163 2059 2086 2122
5878 2269 2223 6125 6157
5879 5535 4148 3917 5156
5880 3740 4098 6161 3916
5881 4098 2792 4095 6055
5882 3740 3737 5222 6162
5883 5064 3983 5862 3973
5884 4987 5899 5064 3972
5885 5064 3973 5862 5065
5886 5066 4031 5899 3473
5887 6164 2273 2160 2233
5888 6165 143 513 142
5889 5066 5064 5899 4031
5890 5066 5072 5064 5065
5891 5066 5064 4031 4030
5892 3721 4441 5035 4436
5893 555 5333 547 6166
5894 4782 5908 3997 3507
5895 3989 145 146 515
5896 2350 3243 610 611
5897 3989 145 165 15
5898 4880 4243 4879 4244
5899 4880 3929 4710 4714
5900 4880 4714 4710 4712
5901 4880 4710 4048 4712
5902 144 514 2278 143
5903 3989 2322 145 515
5904 4825 521 528 520
5905 3097 5152 4448 3770
5906 2278 514 144 515
5907 6167 5411 5046 4426
5908 6168 4714 5283 4876
5909 4085 5264 5353 5577
5910 3802 4217 4231 6079
5911 3608 550 557 549
5912 4230 4543 5377 4231
5913 3802 6080 4231 3803
5914 4231 4543 5377 5383
5915 6080 5383 6079 4231
5916 6169 147 148 522
5917 5412 4217 5390 4219
5918 4217 5390 4219 4231
5919 3204 4230 4231 4219
5920 4420 3805 6170 6079
5921 5499 5018 6171 4472
5922 6171 4472 4471 5499
5923 6171 6172 5499 4471
5924 6173 4472 4471 6171
5925 6171 6173 4641 6174
5926 3989 146 15 593
5927 4697 4702 6175 4701
5928 4697 6176 5218 4698
5929 4011 6177 4508 4507
5930 5046 3224 4866 3222
5931 4502 4011 3593 4508
5932 4502 4504 3593 4506
5933 5406 488 487 482
5934 4699 4702 4505 4510
5935 4334 4335 4338 3031
5936 6082 6091 483 5406
5937 5327 122 509 516
5938 4502 3079 4509 4507
5939 5528 538 545 537
5940 5343 511 519 518
5941 6089 545 546 553
5942 4610 518 525 517
5943 4505 4702 4701 4509
5944 3668 4020 4490 3669
5945 2958 2959 6178 3816
5946 3325 3362 3323 3527
5947 5863 551 544 552
5948 5950 572 131 130
5949 4494 5328 3329 4501
5950 5339 5340 1908 1817
5951 6179 6167 5465 5046
5952 2962 2966 4211 3846
5953 6165 513 520 512
5954 513 3437 520 521
5955 526 519 6180 527
5956 6181 5895 4539 5835
5957 6156 1316 1286 1250
5958 3989 515 522 3174
5959 5895 4539 5835 4358
5960 4425 3224 3222 3221
5961 3199 3853 2866 4540
5962 5527 6182 4366 3872
5963 3989 15 165 593
5964 3199 2858 2859 3200
5965 4113 521 514 522
5966 3989 147 522 515
5967 3069 5835 2860 2863
5968 4539 5895 3872 4358
5969 5098 5137 6183 4907
5970 4425 5898 3224 3221
5971 6184 5536 6185 6186
5972 5536 6187 6183 5501
5973 6188 6189 5700 6190
5974 5536 6184 2344 5501
5975 4425 6191 3224 5898
5976 5406 6082 6083 488
5977 5536 6130 2306 6184
5978 4498 516 523 123
5979 5536 6185 6186 4906
5980 5536 4906 6130 6185
5981 4410 4415 4414 4413
5982 5338 6053 5340 5339
5983 6032 5106 5104 6130
5984 4059 4058 4846 4052
5985 6035 554 546 547
5986 4687 4410 4415 4423
5987 4944 4956 4949 4954
5988 6192 6193 6088 6036
5989 4313 3435 6194 4481
5990 4478 4724 4313 5594
5991 4410 4412 5422 4413
5992 6098 532 531 524
5993 4412 6036 4413 6195
5994 6182 5527 4368 5941
5995 4412 4420 4419 3441
5996 533 534 6180 5333
5997 6196 549 548 541
5998 4412 6193 3805 3442
5999 4410 4426 4412 4411
6000 4412 4420 6197 4426
6001 4412 4420 3441 3442
6002 4113 522 529 521
6003 4113 522 514 515
6004 4412 4420 3442 3805
6005 3750 4317 4018 4402
6006 1725 5914 1718 2615
6007 2763 2759 2754 2760
6008 6169 529 148 149
6009 2785 2784 2786 4317
6010 3261 3710 3740 3713
6011 6169 625 641 148
6012 2756 3261 3710 3916
6013 2754 2752 2993 2756
6014 2785 3917 2758 4318
6015 3439 4420 3441 4419
6016 4410 4423 4687 4422
6017 4410 4420 4425 4424
6018 4424 4236 4217 5700
6019 5950 497 492 498
6020 524 5338 523 5528
6021 4497 5528 537 530
6022 6198 1114 1103 1155
6023 4420 6079 4426 5046
6024 6199 6200 6186 4907
6025 5320 497 496 491
6026 6199 5196 6201 5006
6027 460 6015 461 455
6028 5554 5017 3127 5005
6029 6199 6200 5099 5026
6030 5343 526 533 525
6031 6199 5099 5196 5026
6032 3606 6166 6196 555
6033 6199 6202 5006 6201
6034 540 532 6035 6011
6035 2803 2810 2811 4147
6036 6203 520 3437 3483
6037 6098 538 531 539
6038 3371 2806 5669 6204
6039 6180 512 1955 2091
6040 3759 5669 2806 4329
6041 553 6034 560 561
6042 3232 3759 3234 3753
6043 3020 2810 4592 3021
6044 4825 535 527 528
6045 5428 6169 609 625
6046 611 2350 594 610
6047 2871 3757 3756 3878
6048 3020 4146 3758 4592
6049 3020 4122 3233 2809
6050 3371 4146 3759 2803
6051 3889 3885 4759 4768
6052 6169 529 149 536
6053 528 5350 535 536
6054 3889 4768 3831 3885
6055 3889 4353 4745 4758
6056 4369 4372 6205 4374
6057 6206 1811 1845 1848
6058 4343 6207 1883 6208
6059 3889 3007 3453 4745
6060 3196 3889 4583 4353
6061 3889 3453 3007 4721
6062 3685 3688 3682 2860
6063 3681 4607 3684 3693
6064 4498 468 5937 4497
6065 544 5315 551 6091
6066 3068 3682 6209 3684
6067 2862 2860 2863 3069
6068 5994 485 491 490
6069 3687 4607 4366 5895
6070 3682 4607 6209 3684
6071 6203 6163 2122 2091
6072 3682 6209 4607 4605
6073 6035 539 540 547
6074 6210 2193 4872 6211
6075 3069 3682 5895 4605
6076 4987 3971 3973 4988
6077 546 6098 538 545
6078 3973 3974 4283 3971
6079 3783 739 723 740
6080 3973 3983 6212 6213
6081 6214 3973 3971 4988
6082 4607 4606 3684 4845
6083 3973 6215 6214 4283
6084 5064 3973 5065 4988
6085 3973 5862 5065 6212
6086 4987 3973 5064 4988
6087 3083 3590 2811 3376
6088 3606 556 563 555
6089 4887 151 673 689
6090 6169 543 536 150
6091 6169 536 149 150
6092 542 4929 3608 543
6093 3590 4524 4525 6216
6094 3590 3597 6216 4525
6095 3590 3080 6217 3081
6096 3078 3081 3590 3376
6097 4211 4212 5348 3714
6098 4212 3821 2960 2962
6099 2961 2960 2962 3714
6100 2962 4212 4211 3714
6101 5965 503 497 498
6102 5406 6083 5320 487
6103 5950 498 493 131
6104 3643 3632 6218 6219
6105 6098 6089 545 546
6106 3643 3689 6032 5137
6107 6135 572 5950 565
6108 2614 3239 1724 2613
6109 3643 3646 3645 3663
6110 544 5315 127 551
6111 6091 558 6220 6083
6112 5551 3646 3643 3663
6113 5551 3689 3648 3663
6114 3696 3705 3699 6220
6115 5406 481 476 482
6116 5551 5237 3643 3646
6117 560 568 6034 6221
6118 561 554 553 6034
6119 5551 3689 3643 5137
6120 5072 5068 5071 3886
6121 6222 2348 2398 2376
6122 1250 6156 6223 5304
6123 5118 5001 5330 4985
6124 589 6221 582 581
6125 5333 548 555 547
6126 4200 4130 4131 4199
6127 4106 5916 4128 5918
6128 542 4929 6196 549
6129 6166 562 554 555
6130 4102 6086 4101 5000
6131 4197 5330 4202 4199
6132 3606 548 549 556
6133 4197 4130 4200 4199
6134 4200 4205 5918 4130
6135 4887 151 543 150
6136 4197 4205 4200 4130
6137 2350 595 594 166
6138 5001 4985 4201 5330
6139 165 594 2312 6224
6140 4188 4191 5092 4182
6141 3948 3951 5108 5168
6142 5103 5106 5108 5107
6143 5108 5167 5103 3948
6144 3951 5555 5168 5867
6145 4887 151 550 543
6146 3951 5555 5867 5110
6147 3951 5110 3952 5572
6148 547 6166 554 555
6149 3951 5798 5555 5572
6150 5835 4358 2863 3069
6151 6131 1018 1028 1022
6152 2731 3670 3579 3585
6153 5406 5874 6085 481
6154 553 6036 6119 560
6155 5108 5107 5798 3949
6156 3947 5110 3943 3951
6157 3554 3553 3555 6047
6158 4210 3069 3872 4605
6159 558 5316 6082 6083
6160 3709 6225 6226 6227
6161 6089 552 5863 545
6162 6228 6229 6230 6231
6163 5950 130 565 572
6164 4079 3837 5264 3836
6165 6089 545 553 552
6166 5110 4082 5572 5555
6167 6232 643 659 642
6168 3606 555 548 556
6169 3684 3683 5886 3067
6170 6233 1650 1645 1663
6171 4368 4374 5941 5527
6172 5351 5868 5352 5417
6173 5352 4082 5735 5110
6174 5333 548 547 540
6175 6234 5568 6235 6236
6176 4369 4368 4366 4374
6177 4079 4080 4082 5352
6178 5688 5692 5691 5690
6179 4909 5351 5555 5803
6180 5351 5357 5358 4903
6181 4887 557 550 152
6182 5428 626 625 609
6183 585 578 5938 6237
6184 3383 3368 5991 3370
6185 3368 442 3369 443
6186 5466 583 582 575
6187 5991 6238 448 3368
6188 1030 5991 6238 448
6189 4130 4320 4197 4205
6190 6131 505 6004 500
6191 5950 6083 488 487
6192 5325 4497 4498 523
6193 2678 4064 2679 4065
6194 6129 132 503 498
6195 2677 3341 6150 5150
6196 3583 6239 6240 6241
6197 493 130 488 5950
6198 6131 1028 1018 1027
6199 5820 4206 5405 4205
6200 5950 6135 498 131
6201 4787 6242 6243 3852
6202 6111 559 558 551
6203 2614 2613 2615 3239
6204 6244 559 6111 552
6205 2928 3251 4206 3250
6206 2928 3250 3248 5405
6207 3772 3100 5239 3101
6208 6111 566 558 559
6209 583 5466 582 590
6210 3251 5330 4206 5579
6211 4202 3251 2677 6245
6212 6246 5514 6247 5322
6213 6166 561 569 568
6214 3606 563 570 562
6215 1629 6248 770 753
6216 6221 581 574 582
6217 6246 6249 4570 5076
6218 5532 6250 691 690
6219 3606 562 555 563
6220 5076 4971 5322 6246
6221 6180 4688 6163 2091
6222 6246 5076 5514 5322
6223 5871 6242 6243 4787
6224 6251 152 689 705
6225 5455 4971 6252 6246
6226 6246 5514 4570 6253
6227 4788 3855 5870 5869
6228 6254 570 577 569
6229 5946 6237 578 571
6230 4292 6255 3256 6256
6231 3252 3130 2914 3467
6232 6251 153 152 705
6233 3123 3506 3132 5180
6234 4352 3130 3467 2914
6235 4292 3256 5580 6256
6236 4227 4292 2913 5580
6237 5428 5427 626 6224
6238 6227 1028 1088 1066
6239 4405 4406 3228 4409
6240 5089 6257 4788 5624
6241 6129 133 586 1013
6242 4788 5624 6257 5870
6243 4405 5031 4684 5030
6244 2779 2778 6258 2849
6245 4684 3229 4404 5030
6246 6259 5418 1074 587
6247 4684 6260 4084 4653
6248 4684 4084 6260 5031
6249 3524 5671 113 114
6250 6151 5418 1027 1074
6251 6004 115 504 116
6252 4488 3657 3351 5079
6253 4787 5089 6261 5871
6254 4488 5079 4125 3471
6255 4741 4308 4309 4307
6256 6221 567 560 568
6257 6119 567 566 559
6258 4309 5973 4307 4961
6259 3680 3345 4435 5120
6260 6221 575 567 568
6261 5372 563 564 571
6262 4309 4268 3680 6123
6263 3351 3344 3346 3419
6264 6221 574 567 575
6265 6166 569 561 562
6266 5428 641 6169 625
6267 4126 4107 4307 5783
6268 3274 4488 3471 3657
6269 6262 3470 5000 5796
6270 571 6237 155 154
6271 6251 154 564 153
6272 3606 6254 569 570
6273 4125 3471 5797 3470
6274 6254 577 584 576
6275 6263 722 705 706
6276 705 6251 4884 689
6277 4741 4308 5796 4742
6278 5111 4579 2951 2955
6279 5112 5111 2955 4579
6280 2946 3380 4579 2951
6281 5112 5686 2955 4548
6282 2955 4556 4548 4546
6283 6257 4788 5871 5089
6284 6165 513 512 142
6285 5418 1074 1090 1057
6286 3944 4556 5111 2954
6287 4556 5111 2954 2955
6288 6151 5418 1074 6259
6289 6129 508 507 502
6290 2955 5111 2954 2951
6291 5965 496 502 501
6292 4420 4424 5413 4425
6293 6165 6180 2091 512
6294 6094 1932 5842 1952
6295 4414 4411 4928 6179
6296 4414 5046 3222 4425
6297 4420 5046 4425 5413
6298 4125 3471 5079 5797
6299 566 2778 573 574
6300 2778 2849 580 581
6301 3608 4887 557 550
6302 3471 3657 6264 3274
6303 6139 4254 3468 4434
6304 3258 3471 6264 3257
6305 3276 3657 4488 3274
6306 3174 6224 6169 3989
6307 5372 578 577 570
6308 3252 3253 3258 3255
6309 3259 4255 4129 4127
6310 3471 3274 6264 3257
6311 6221 582 574 575
6312 6265 5812 4698 6266
6313 3760 757 740 741
6314 3704 3705 3566 3708
6315 6267 6268 6269 6266
6316 6265 6270 4700 6271
6317 6265 4700 6270 4696
6318 6265 4698 5812 4700
6319 555 6196 5333 6166
6320 6254 577 576 569
6321 6265 4700 6272 6271
6322 6233 6273 5939 1663
6323 571 6237 578 155
6324 5938 584 577 585
6325 5938 585 592 584
6326 6237 208 158 16
6327 6265 6272 4700 6268
6328 6265 4696 4698 4700
6329 3759 2806 3234 3753
6330 3759 3758 5669 4618
6331 4329 2806 3753 4330
6332 3371 3759 3758 5669
6333 3230 2804 2808 3287
6334 3371 6204 3373 2806
6335 2805 2803 2806 3759
6336 4123 4824 4592 3758
6337 4826 4824 4620 6093
6338 1013 508 14 134
6339 164 586 133 1013
6340 6135 572 131 5950
6341 3696 5874 3566 6274
6342 6248 1674 1629 1628
6343 4826 6275 4824 6093
6344 6259 580 579 572
6345 6259 579 580 587
6346 5466 576 583 575
6347 6259 580 572 573
6348 4826 6276 3270 3027
6349 496 491 5990 5320
6350 5343 532 6098 525
6351 3974 5050 4873 3979
6352 6244 566 6111 559
6353 3554 5994 5987 485
6354 5049 5050 5979 3981
6355 5050 5040 5038 6277
6356 5047 5040 5050 4873
6357 3981 5049 5050 3979
6358 5463 1406 1606 1377
6359 1264 581 6221 589
6360 587 6259 586 1074
6361 3974 3979 4873 3977
6362 3760 773 756 757
6363 2662 3814 4418 6278
6364 6237 155 156 578
6365 545 6098 538 5529
6366 3092 2656 2662 3814
6367 4328 3166 6279 4417
6368 6280 2662 4328 2668
6369 6254 584 583 576
6370 2662 4418 2661 6049
6371 3696 3698 6135 3699
6372 2662 3092 6278 6279
6373 4328 3175 2662 6279
6374 5938 592 158 591
6375 3087 3053 4433 2880
6376 6251 6237 6263 4884
6377 3699 3704 3806 3705
6378 3903 4116 3052 3050
6379 3608 543 550 542
6380 2816 2812 3000 2818
6381 4225 3030 3010 2972
6382 2748 3054 3446 2750
6383 2849 588 580 581
6384 3086 3446 3090 2745
6385 6129 503 133 508
6386 2814 3052 3153 2745
6387 4576 3403 3404 3356
6388 1013 507 134 135
6389 6259 586 579 587
6390 163 586 1074 587
6391 3355 3353 4179 6013
6392 3402 5736 3356 6013
6393 3349 4067 5457 5616
6394 3418 3356 4576 6118
6395 3736 591 590 583
6396 3355 4875 3353 6013
6397 3566 5994 5987 3554
6398 3356 4576 4575 3404
6399 6128 5270 6245 6281
6400 6282 5270 6245 6128
6401 6283 6120 6282 5461
6402 6283 5270 5003 6284
6403 589 161 160 1623
6404 5938 592 591 584
6405 2870 2879 3763 3244
6406 4355 3236 2878 3196
6407 6237 156 157 585
6408 3736 591 1664 1645
6409 3196 4355 4391 3883
6410 3244 4492 2879 6285
6411 4355 3879 3244 6286
6412 1664 159 1645 591
6413 3244 2879 2878 2870
6414 4390 4392 4355 4393
6415 2878 2872 2877 3007
6416 3350 4678 3345 4365
6417 6237 5938 592 158
6418 6237 155 737 753
6419 3696 3525 5987 6149
6420 486 5994 5320 5874
6421 4633 4743 3351 4665
6422 3657 6264 3274 4649
6423 3657 4488 3471 5079
6424 2849 588 162 587
6425 3657 4649 3274 3279
6426 3653 3351 3657 4588
6427 6287 3468 4648 6288
6428 6287 3468 6142 6140
6429 6287 6140 5079 6264
6430 163 164 1074 586
6431 1264 589 161 588
6432 1264 161 162 588
6433 6289 6140 6290 6287
6434 6140 6290 1567 6289
6435 2828 3892 5468 6126
6436 6287 3468 6264 4648
6437 2811 2809 2803 2808
6438 3371 3759 5669 2806
6439 4145 3371 4592 5140
6440 5994 5874 486 485
6441 1645 160 590 159
6442 589 160 590 1623
6443 4146 3758 3371 3759
6444 3375 4147 4379 4520
6445 4147 4524 4523 4143
6446 6237 157 16 592
6447 3340 4446 5239 4850
6448 3745 4446 4850 2710
6449 3696 3525 3566 5987
6450 3059 2708 2656 3092
6451 6003 3296 3813 3812
6452 3063 3159 2703 6007
6453 3812 3064 4573 3066
6454 5210 3560 5457 3061
6455 158 591 1664 5938
6456 6291 5401 6292 5402
6457 3168 3166 3167 3175
6458 3061 5210 3092 3175
6459 3167 5210 5658 3061
6460 6237 158 208 1629
6461 3676 5457 3061 5658
6462 3315 3321 3712 3320
6463 3151 3903 3152 3153
6464 3150 3262 3153 3152
6465 3150 3151 3156 3152
6466 3904 3965 3967 3966
6467 3156 3315 3321 3713
6468 4825 527 535 534
6469 3260 3321 3712 3713
6470 3989 2322 165 145
6471 3966 3711 6052 4346
6472 2835 4297 2827 2834
6473 4911 5839 4188 4182
6474 2898 3395 3415 4240
6475 3913 2411 599 6293
6476 3185 3176 3190 3183
6477 2367 596 595 167
6478 6294 2349 2315 2268
6479 3105 6295 3183 3185
6480 3106 3111 3108 3105
6481 3176 3112 3105 5919
6482 3507 3510 3509 3506
6483 6296 5581 6297 6298
6484 515 3174 2278 4113
6485 6232 642 659 658
6486 2350 167 595 166
6487 542 4929 535 6196
6488 6062 5826 6298 5537
6489 643 626 6232 3243
6490 2278 515 144 145
6491 6224 610 594 2312
6492 5350 4113 3174 529
6493 6062 6236 6061 5824
6494 5432 2398 2348 2374
6495 6060 5664 6062 5824
6496 6169 609 625 147
6497 6062 6236 5537 5539
6498 6062 5539 5537 5581
6499 5244 1532 1605 1586
6500 2808 5674 4493 3287
6501 6299 1738 3239 1739
6502 2803 2806 3373 2804
6503 5427 626 3243 6232
6504 5689 2053 2086 2059
6505 2803 3373 2811 2807
6506 6251 153 705 721
6507 6224 609 593 610
6508 4887 6169 150 543
6509 2808 4837 3045 5603
6510 2808 3043 3046 2809
6511 3590 6300 2811 3376
6512 2811 2807 3376 6300
6513 2807 4002 4837 4010
6514 2807 3376 6300 4002
6515 2742 3445 3443 3551
6516 2371 596 597 2828
6517 6052 4346 6153 5909
6518 4463 5647 5229 6301
6519 4463 2742 4465 3549
6520 2367 168 596 167
6521 4463 5647 4465 5228
6522 3131 3125 4121 5424
6523 2399 169 598 597
6524 2326 6302 6303 6304
6525 3930 4293 3131 4654
6526 3131 4121 3125 3931
6527 3220 3145 3143 3142
6528 3220 6305 3145 3142
6529 2853 597 6306 2399
6530 168 2347 596 2371
6531 3205 3219 2699 3212
6532 3220 3936 3938 4073
6533 3785 3219 3942 6071
6534 2853 630 613 614
6535 3219 3220 3641 5173
6536 6053 509 5339 516
6537 3220 6305 3225 3145
6538 3220 3938 3225 4073
6539 3157 3720 3723 3724
6540 3157 3155 3262 3724
6541 2399 598 169 170
6542 2411 598 170 599
6543 3155 3724 3158 3262
6544 2742 4464 3548 5230
6545 4441 3720 3721 3724
6546 598 6293 615 599
6547 6053 1817 139 1780
6548 2411 599 170 171
6549 3158 4216 2745 3262
6550 6307 1589 5414 1551
6551 3913 599 2411 171
6552 3913 599 171 600
6553 2813 2815 3050 3052
6554 3423 3429 2920 2919
6555 3423 3433 3430 3428
6556 4112 4261 4643 3424
6557 4112 4484 4645 4643
6558 3429 3423 3424 4474
6559 4214 4484 4645 4112
6560 3219 3220 5173 6071
6561 3195 3884 3885 3831
6562 3209 3786 3210 3921
6563 2406 2398 172 600
6564 3913 616 632 615
6565 2997 4827 3992 3991
6566 4827 3729 3787 6308
6567 630 6293 5460 631
6568 2414 2406 173 601
6569 4827 3992 6308 5212
6570 601 600 2406 172
6571 4827 3729 3839 3787
6572 3586 1780 6053 5327
6573 5009 3672 3647 3650
6574 4336 5913 4337 6309
6575 4336 3582 3032 4337
6576 4336 2848 3582 6240
6577 5338 5340 6053 3588
6578 6016 6101 6100 4164
6579 6053 5339 1817 5340
6580 4336 6100 2848 6240
6581 3335 3500 3448 3496
6582 601 173 172 2406
6583 6053 5339 139 1817
6584 4244 5266 4245 4881
6585 4192 4191 4182 4184
6586 6310 5205 6311 6312
6587 3459 2414 601 2406
6588 5420 450 455 449
6589 5214 635 651 634
6590 173 601 602 2413
6591 2774 2771 2769 2765
6592 3497 3500 3496 2766
6593 3497 3208 2773 3337
6594 6313 2115 2189 2143
6595 6314 6315 6316 2352
6596 6317 4424 5422 4421
6597 6317 5422 4419 5145
6598 6317 6094 6318 5840
6599 3273 3310 3312 6319
6600 2648 2647 2856 2645
6601 2413 603 174 175
6602 4109 1476 1613 1632
6603 6320 2319 2270 2227
6604 6321 1446 1496 1616
6605 5608 2834 4220 4298
6606 2830 2831 3164 2826
6607 3408 3164 3410 3861
6608 4301 4302 4962 3914
6609 4301 4102 4304 4303
6610 5796 4125 4742 5797
6611 5796 3470 5000 4132
6612 4102 4308 4304 6086
6613 5500 2195 2120 2157
6614 604 2415 176 175
6615 5796 6086 4102 5000
6616 4307 4107 4103 5783
6617 4102 3881 4307 4103
6618 3571 2661 3289 3573
6619 5267 1344 6322 5269
6620 5267 6323 6322 1344
6621 3767 2120 2117 2157
6622 2909 4286 4110 2979
6623 2377 606 177 178
6624 2654 2667 2737 2657
6625 2352 177 605 176
6626 2624 3954 4286 3401
6627 4286 6006 2703 3401
6628 2229 210 787 6324
6629 4286 3953 4287 3954
6630 671 5388 655 654
6631 4110 4286 4285 4284
6632 4286 2979 4284 4110
6633 3164 3858 6325 4169
6634 5385 606 178 607
6635 6326 2227 2157 2228
6636 5387 605 606 622
6637 3412 3408 3411 3407
6638 2832 2823 2831 3395
6639 3162 3861 3164 3405
6640 6327 5495 624 608
6641 3780 3412 4787 5091
6642 3421 3352 4125 4127
6643 3348 3403 4277 3418
6644 5617 4268 4274 4273
6645 3344 3347 3677 3345
6646 3346 3348 3420 4267
6647 5260 806 807 814
6648 178 607 2380 5385
6649 6148 4268 3680 3420
6650 5839 4060 4194 4182
6651 6328 180 2401 209
6652 3349 6136 3420 5616
6653 3420 4268 5617 6148
6654 3760 3783 6329 3782
6655 3760 725 3741 741
6656 6327 623 624 640
6657 3783 725 5467 3760
6658 3760 6330 3762 773
6659 806 5495 799 183
6660 608 2380 180 179
6661 3741 6330 3762 3760
6662 5876 2685 5284 6331
6663 3760 3762 3761 3782
6664 6324 794 786 787
6665 6328 181 608 180
6666 740 3760 3783 6329
6667 5385 623 622 606
6668 5510 6332 6333 6334
6669 6335 806 813 184
6670 6328 181 180 17
6671 5510 6332 5828 6336
6672 5510 6333 5434 5882
6673 5510 6334 6333 5882
6674 5509 5852 5827 5510
6675 5510 5882 5852 5828
6676 4166 6076 5143 6077
6677 4164 4160 4166 6076
6678 6169 148 529 522
6679 4164 3201 4160 4333
6680 4166 4165 6337 4755
6681 3989 6169 147 609
6682 519 512 6180 520
6683 3959 3961 4166 4160
6684 4160 4166 5143 3961
6685 6076 4166 5143 4160
6686 2870 3236 3238 2872
6687 676 659 675 5469
6688 2870 3244 3763 3229
6689 3756 2870 3232 2871
6690 4825 521 4113 528
6691 3244 6285 2879 5028
6692 3232 3753 3763 3751
6693 612 3892 595 611
6694 2870 3232 2871 3233
6695 6224 594 593 165
6696 2853 598 614 597
6697 3756 3763 2879 3751
6698 2828 612 596 613
6699 3751 4154 3756 3757
6700 5839 4046 4193 4194
6701 3742 3532 3755 3754
6702 6338 6339 6340 6341
6703 6293 2411 599 598
6704 2853 614 613 597
6705 3538 2790 2789 2791
6706 2789 5683 6340 3540
6707 4177 2787 6107 6339
6708 3387 4177 4175 4178
6709 4177 6341 4175 5628
6710 3913 600 616 599
6711 6340 2787 2789 4177
6712 4177 3392 6107 2787
6713 631 614 630 6293
6714 4177 3392 4175 6107
6715 4860 6342 6343 6344
6716 4670 4669 3393 3394
6717 5526 3458 632 648
6718 4666 3766 5854 4673
6719 4667 4669 4666 4670
6720 4881 4912 6345 4049
6721 5225 5215 6346 684
6722 4881 4245 6345 4912
6723 2352 6314 6315 604
6724 6347 618 602 3277
6725 4447 4448 4446 5239
6726 3696 5994 3566 5874
6727 3696 6127 3698 6149
6728 5216 620 619 603
6729 3277 618 602 619
6730 6314 605 621 604
6731 3696 5994 5987 3566
6732 5215 651 635 652
6733 1160 1159 5709 5707
6734 5707 2825 6348 3868
6735 5707 5844 2827 3868
6736 5707 2825 6349 6348
6737 5707 5132 5708 5710
6738 5707 5845 6348 5972
6739 6350 2226 2316 2260
6740 6351 5427 6352 3612
6741 5385 6353 623 607
6742 6354 2157 6326 3768
6743 5387 638 654 637
6744 3612 6351 6355 4932
6745 5382 802 801 794
6746 3609 4886 3612 4889
6747 6327 608 624 607
6748 5259 6328 785 792
6749 3450 3612 5691 4883
6750 5385 622 623 639
6751 5387 5386 606 2377
6752 3911 1649 1668 1496
6753 6328 785 792 181
6754 2869 3756 2693 2880
6755 1700 5477 1692 4713
6756 5495 182 624 608
6757 5012 2872 5015 3454
6758 3244 3879 2879 4492
6759 3244 6356 3763 3229
6760 3035 3008 3305 3005
6761 2869 2871 3756 2880
6762 3238 4353 4745 2872
6763 5028 3244 6356 3763
6764 1675 6329 3782 3762
6765 3510 2766 3500 4647
6766 3868 3240 3860 6348
6767 3510 3509 3500 4345
6768 3509 5908 3507 3508
6769 3313 3317 3316 3246
6770 3243 626 610 627
6771 3968 4062 5908 4346
6772 1645 591 159 590
6773 2775 2777 3969 2776
6774 6299 6348 5923 3860
6775 5471 1671 1657 1606
6776 4713 5477 1692 5547
6777 3969 2777 3931 2776
6778 5428 641 625 642
6779 3893 627 611 628
6780 2828 629 628 612
6781 3893 644 660 643
6782 6357 1555 1527 1462
6783 2774 2777 3126 3428
6784 3965 3967 3511 3125
6785 2886 2884 5194 5370
6786 2828 644 628 645
6787 2853 629 613 630
6788 5019 5018 3192 2628
6789 3191 4133 3145 3378
6790 3898 4150 4151 4021
6791 2359 2358 6358 6359
6792 3897 4134 4133 3377
6793 3459 600 601 617
6794 2886 5019 2884 5370
6795 2886 5370 4262 3192
6796 3191 3194 3193 3378
6797 2406 3913 600 3459
6798 3331 3999 3527 3664
6799 632 615 631 3913
6800 3459 633 632 616
6801 3664 3999 4000 5231
6802 3357 3358 3666 3402
6803 3402 5231 3999 5736
6804 3999 5729 3788 5737
6805 618 5214 635 619
6806 5569 697 6360 5162
6807 3666 3999 3402 4000
6808 3789 5737 3999 3788
6809 4713 5477 6361 1700
6810 4741 4635 4308 4634
6811 5216 636 619 620
6812 634 5214 635 618
6813 6314 652 636 653
6814 5387 622 638 621
6815 4635 3680 4309 4268
6816 4308 6362 4271 4304
6817 6363 701 717 700
6818 636 619 5214 5216
6819 3767 2194 2117 2156
6820 6314 636 620 637
6821 699 5459 715 716
6822 4125 5796 3421 4126
6823 4301 4309 4307 4961
6824 4308 4634 4271 6362
6825 5382 795 787 788
6826 5796 3470 4132 4107
6827 5952 5388 5479 2882
6828 6327 2882 656 5485
6829 5385 606 607 623
6830 5388 638 639 655
6831 4710 4048 4712 4715
6832 4125 5796 4126 3470
6833 3469 4127 3259 4129
6834 4127 3470 3471 4125
6835 6327 5495 640 624
6836 3469 4131 4132 4128
6837 5495 182 183 624
6838 4712 4711 6364 5477
6839 3470 6262 6365 5797
6840 3470 4131 6143 4132
6841 6365 6262 5000 6366
6842 6367 3188 6368 5570
6843 5495 183 640 624
6844 5372 563 556 564
6845 5716 5771 5309 3188
6846 3614 1664 5938 6273
6847 6369 5690 2086 5689
6848 3243 627 643 626
6849 4713 5547 4711 5477
6850 6224 6355 2312 2322
6851 4885 689 673 690
6852 6281 5330 6128 5118
6853 6166 5333 547 6034
6854 5309 5771 5516 6367
6855 674 4889 657 673
6856 3291 6367 5570 4323
6857 6367 5516 3291 5571
6858 4556 3944 5714 3832
6859 5916 4104 5552 6042
6860 3893 628 644 627
6861 4106 5916 6042 4104
6862 2955 2954 4556 2953
6863 2946 4546 2955 2948
6864 3946 2955 4556 4548
6865 3893 644 643 627
6866 3946 4556 5095 4548
6867 2853 646 629 630
6868 3681 3682 3684 4607
6869 3295 3292 3293 5889
6870 3294 3295 4370 3292
6871 3682 4607 3681 3687
6872 5075 3294 3293 3694
6873 2853 645 629 646
6874 679 696 5162 6370
6875 5852 392 5827 1769
6876 3472 5460 3477 3480
6877 4128 5916 4439 5918
6878 5460 646 647 663
6879 5460 647 646 630
6880 3292 3691 3294 5075
6881 3460 5526 5162 3458
6882 2628 3486 2631 5019
6883 2626 2631 2628 2625
6884 2632 4593 3876 4489
6885 5163 647 631 648
6886 2631 3486 3487 5019
6887 6371 1670 1655 1666
6888 2631 2628 2625 2632
6889 5526 649 648 632
6890 2632 2633 3485 3876
6891 5569 713 697 714
6892 650 667 5214 5226
6893 6372 6067 6373 2334
6894 3191 2886 3194 4262
6895 3896 2682 3659 3894
6896 4140 4133 3897 4137
6897 5294 6069 6066 6350
6898 5214 651 650 634
6899 6374 1551 1530 1574
6900 5215 651 668 667
6901 4038 654 670 653
6902 4133 3142 3378 4136
6903 5215 668 651 652
6904 5916 6375 4104 4103
6905 6376 800 793 801
6906 2884 2885 2886 3377
6907 3985 4470 3424 2920
6908 6377 4437 1209 6378
6909 2926 3280 4213 3136
6910 6379 1405 1445 1376
6911 5262 6353 2321 2401
6912 5363 190 752 736
6913 5952 702 686 703
6914 5203 5200 3263 5204
6915 3130 2914 4352 3930
6916 2670 3985 4458 4472
6917 3134 3135 3138 4111
6918 2686 2926 2670 3985
6919 5484 672 688 671
6920 6040 6380 4205 6046
6921 6335 184 185 656
6922 4200 5918 4205 4206
6923 4205 6046 6380 4784
6924 184 5495 183 640
6925 5882 77 78 398
6926 6381 5820 6382 4205
6927 5916 6375 6043 6044
6928 3316 3317 3341 3246
6929 3966 6052 3321 3322
6930 2765 2776 2775 2770
6931 6251 564 154 571
6932 4885 674 690 673
6933 6169 657 149 641
6934 3314 3152 3964 3343
6935 4889 5428 657 4887
6936 3808 4346 3968 4345
6937 3608 557 556 549
6938 3511 3124 3125 3123
6939 3510 5908 4062 3507
6940 4062 4782 3511 3507
6941 4065 4062 4782 3511
6942 3736 584 5938 591
6943 2829 3530 660 661
6944 2895 2892 3434 3003
6945 2889 3026 3270 2763
6946 4920 4860 5569 4861
6947 643 5469 659 660
6948 661 2829 644 660
6949 4264 4294 6383 4266
6950 4155 4123 2890 4154
6951 3026 3270 2763 6152
6952 3733 694 710 693
6953 3547 3270 4464 5228
6954 6384 2358 2296 2334
6955 5460 662 646 663
6956 3270 4639 2763 6152
6957 5371 744 6385 6343
6958 2751 2890 2750 2753
6959 3270 4465 6276 5228
6960 6386 695 694 678
6961 6387 1638 1642 775
6962 3530 660 661 677
6963 4639 4465 6276 3270
6964 3290 3636 5082 3114
6965 3732 3814 5020 4418
6966 3290 3202 3107 5082
6967 5163 664 663 647
6968 6388 6389 2265 2348
6969 4218 3203 3636 6154
6970 5526 665 664 648
6971 2713 3732 3573 3814
6972 2738 2724 2719 2933
6973 2713 3290 3732 3636
6974 5226 666 650 667
6975 6282 1400 1439 1375
6976 3866 3867 1670 1622
6977 2839 3290 3203 3202
6978 3213 3197 3214 4359
6979 4992 3007 4721 4359
6980 3884 3890 3883 4361
6981 6390 653 669 652
6982 3205 3226 4214 4261
6983 5164 5165 4920 5301
6984 4733 3021 5141 4143
6985 4733 5394 4143 5302
6986 3044 3046 5687 4733
6987 5214 635 5215 651
6988 4733 5394 3044 4143
6989 2810 3046 4144 2809
6990 6346 685 701 684
6991 2790 2782 6391 6392
6992 5387 605 622 621
6993 6343 5371 6393 6385
6994 5261 807 808 815
6995 2790 3540 6392 3546
6996 3538 2790 3546 3540
6997 6346 701 700 684
6998 2781 2787 2789 2786
6999 2790 6392 6391 3539
7000 2782 3390 4170 3392
7001 5261 808 800 801
7002 2782 3392 4096 3390
7003 6335 820 186 185
7004 6328 209 17 180
7005 2781 2783 2780 2784
7006 2782 2783 4096 2780
7007 2782 6391 6392 6394
7008 2782 6391 6394 4095
7009 2789 2782 3392 2780
7010 2817 2880 2881 2693
7011 4887 152 151 689
7012 5896 6336 5827 1775
7013 4889 4885 673 674
7014 3756 3053 2693 2880
7015 4932 2230 6164 6355
7016 6395 2563 2562 2546
7017 739 5532 723 722
7018 4492 4341 3576 3055
7019 3055 4341 3576 3016
7020 6355 2273 2312 2230
7021 6396 3016 4341 4491
7022 6251 557 152 153
7023 6343 744 6385 6360
7024 3055 4491 4451 3053
7025 6397 362 356 357
7026 6397 361 356 362
7027 3015 3016 4225 3010
7028 4872 2153 2088 2077
7029 6398 4217 5413 5412
7030 5701 6398 4219 4217
7031 661 3537 678 662
7032 6399 5532 723 739
7033 5700 4424 5413 4217
7034 6126 3529 5468 2828
7035 4217 4420 3802 4236
7036 4231 4217 5390 6079
7037 3733 6386 3537 3536
7038 3537 677 661 678
7039 6342 1639 199 778
7040 4920 6343 6400 6401
7041 4032 3888 3847 5301
7042 3474 4031 3473 5085
7043 3472 3475 3481 3477
7044 3865 4032 3479 5067
7045 3291 363 358 5522
7046 778 5354 1639 1661
7047 6402 1602 1655 1581
7048 5165 4032 3479 3865
7049 3479 6402 3478 6403
7050 6404 3479 3480 3472
7051 3472 6386 5367 5460
7052 6405 1445 1477 1407
7053 680 664 5162 681
7054 3472 3480 6386 5460
7055 4032 3474 4030 5066
7056 4552 6406 5822 6407
7057 3848 3817 3820 3870
7058 5226 683 682 666
7059 6408 2189 2115 2161
7060 3474 4030 3734 3744
7061 5225 683 667 684
7062 3475 4032 3474 3481
7063 682 699 5226 5511
7064 638 639 622 5388
7065 5354 746 763 762
7066 4234 4543 4549 4310
7067 3125 4064 4121 5424
7068 3125 3123 3967 3511
7069 3904 3965 3969 3967
7070 5952 687 670 671
7071 2777 2766 3448 3968
7072 6346 684 668 685
7073 6409 6410 4956 4948
7074 6409 5926 6411 4948
7075 685 4774 686 669
7076 6322 1446 1479 1496
7077 5484 687 688 704
7078 6409 5926 6412 6413
7079 6409 5926 4948 4956
7080 5952 686 670 687
7081 6409 6412 5926 5927
7082 2609 2910 2611 2620
7083 3202 4153 3107 3034
7084 608 182 6328 5495
7085 3960 3201 3202 3033
7086 3202 3032 3034 3033
7087 4218 4219 5701 5021
7088 4885 689 706 705
7089 4272 5129 4269 4273
7090 4885 690 706 689
7091 6237 208 16 157
7092 577 5938 5946 3607
7093 2838 3201 2850 2848
7094 3532 3761 3826 3531
7095 675 6232 659 658
7096 3782 6414 3824 3826
7097 2838 3201 2848 3032
7098 3223 1997 2053 3221
7099 4713 4706 4710 4712
7100 5689 2123 2086 2053
7101 5938 578 585 577
7102 6273 1629 1674 1664
7103 4887 4885 673 4889
7104 59 5521 60 971
7105 6159 691 708 707
7106 3892 596 612 595
7107 4263 4299 4265 4296
7108 4289 4287 3953 6415
7109 4263 6416 4295 4581
7110 4710 4048 4053 4047
7111 4710 5234 4048 4715
7112 4880 4710 4047 4048
7113 4880 4046 4193 4244
7114 6417 5440 2462 6418
7115 5467 693 709 692
7116 6419 1533 1554 1581
7117 4706 3922 3119 3923
7118 3733 710 709 693
7119 6212 1464 1437 1501
7120 4710 3119 4714 3929
7121 744 6385 728 727
7122 4571 3041 5425 5431
7123 4571 5429 4565 4568
7124 4565 3048 4564 6420
7125 4565 6421 6420 6422
7126 5317 6330 1642 6423
7127 6421 3048 5425 4565
7128 4565 4564 5429 6422
7129 3538 5683 2789 3540
7130 5683 3540 5685 6340
7131 680 5162 697 681
7132 6372 6424 2252 2296
7133 5683 6340 5685 5684
7134 5440 3707 6418 6417
7135 5683 6425 6338 5684
7136 3687 3685 3682 5835
7137 3681 3694 3685 3686
7138 5511 698 682 699
7139 4607 4845 4609 4606
7140 3294 3292 4845 5542
7141 667 684 5215 5225
7142 6418 6417 2511 2494
7143 3294 4609 3292 4370
7144 3294 4845 4607 3693
7145 6374 1537 1574 1530
7146 3266 826 221 222
7147 5354 779 778 762
7148 3740 3737 6162 3738
7149 2783 3740 3916 4098
7150 3727 6417 2511 6418
7151 6363 717 733 716
7152 4828 6426 5011 3690
7153 4774 701 685 702
7154 4829 4827 5212 3992
7155 6427 1445 1407 1376
7156 4828 6426 3690 6428
7157 4828 4161 2996 6429
7158 1477 6430 6431 1496
7159 4828 6428 3690 6432
7160 4828 6429 2996 4829
7161 3767 2117 2194 2157
7162 3943 5110 5095 3833
7163 5351 5556 5555 5868
7164 4904 4909 5358 4903
7165 4909 4905 4903 4904
7166 6335 5260 813 806
7167 5438 186 187 688
7168 4909 5798 4906 5803
7169 5108 5555 5557 5168
7170 2809 3046 2811 2810
7171 3020 2890 4123 3757
7172 2804 2806 6002 4332
7173 6237 585 578 156
7174 2804 2807 4837 4010
7175 4390 4355 4391 4393
7176 4390 4361 3890 6433
7177 590 5466 582 589
7178 6417 6434 2479 2463
7179 4390 4395 4394 6433
7180 6159 691 692 708
7181 5532 723 706 707
7182 558 129 6082 128
7183 1673 773 204 772
7184 3196 4355 3883 4354
7185 690 5532 707 691
7186 6166 554 562 561
7187 3783 707 708 724
7188 3239 1724 1725 1732
7189 4497 6091 473 5937
7190 3196 3236 4583 4391
7191 3196 3889 3885 4583
7192 3195 3890 3884 3218
7193 4357 3938 3936 4073
7194 3681 3693 3294 4607
7195 3741 725 742 741
7196 5467 708 709 725
7197 3294 4370 3687 4607
7198 3068 3069 4605 3682
7199 6404 710 694 711
7200 3727 3701 6435 6417
7201 5067 4030 6419 5065
7202 3872 4366 4911 4605
7203 3762 1653 773 6330
7204 6417 6418 3727 3701
7205 4607 4366 5895 4605
7206 3687 6030 5895 4366
7207 3687 6181 5895 6030
7208 6417 6418 2478 2494
7209 6360 713 696 697
7210 6370 711 695 712
7211 5569 697 698 714
7212 6360 713 712 696
7213 5003 5344 6436 5002
7214 4987 5072 5064 5899
7215 6437 746 762 745
7216 3983 3972 5064 3976
7217 5065 5072 5064 4988
7218 3976 4023 3765 3975
7219 5064 4031 4023 5899
7220 3976 3533 3765 4023
7221 700 699 5459 5225
7222 5354 731 747 730
7223 3374 6368 4524 6438
7224 6363 717 716 700
7225 5354 763 779 762
7226 2798 2799 4380 3374
7227 6354 2157 3768 2194
7228 3374 4380 2798 4660
7229 3083 3374 3375 4147
7230 4405 4684 4084 3286
7231 5577 4409 3288 5576
7232 4405 5032 4085 4083
7233 4079 4083 4087 4086
7234 4770 1618 1649 1477
7235 6439 718 702 719
7236 4080 5352 5032 5357
7237 4405 5032 4083 5031
7238 5034 4835 5983 5947
7239 6440 718 717 701
7240 6440 733 717 734
7241 6440 717 718 734
7242 6439 5381 734 735
7243 4806 4272 3978 4816
7244 4272 4989 6441 4269
7245 4272 4989 4269 5129
7246 4272 4989 5129 5974
7247 5438 6442 834 827
7248 2381 786 6324 6376
7249 4272 5974 4273 4253
7250 4272 4268 4270 5617
7251 4272 4270 4815 5617
7252 184 5495 640 656
7253 3965 3967 3966 4062
7254 3262 3153 4215 2745
7255 5363 855 191 190
7256 3903 4855 3153 4116
7257 3964 3152 4855 3343
7258 3343 4856 5036 4855
7259 3262 3153 4855 4215
7260 5035 4441 3721 3262
7261 6263 705 6251 4884
7262 3736 1645 590 591
7263 6263 754 737 738
7264 6237 6251 154 571
7265 3150 3262 2745 3153
7266 6237 156 753 769
7267 3157 3723 3737 3740
7268 3607 577 5372 5946
7269 3248 4784 4205 4320
7270 6443 754 755 771
7271 6444 1630 1676 1628
7272 5693 2160 2123 2233
7273 6263 738 721 722
7274 5468 3529 660 2829
7275 4105 4200 5918 4106
7276 4200 4130 5918 4128
7277 3783 723 707 724
7278 3893 612 628 611
7279 773 757 3760 6330
7280 3760 724 3783 725
7281 4130 5918 4128 4439
7282 3469 4130 4131 4128
7283 4200 4131 4130 4128
7284 3469 3253 4130 3255
7285 4130 4439 4128 3255
7286 3305 2892 6445 2887
7287 5317 6387 6423 1642
7288 3760 725 741 724
7289 2752 2741 2740 2757
7290 6404 711 727 710
7291 5371 759 743 760
7292 2750 2874 2751 2817
7293 2744 2748 2749 2814
7294 6446 2395 2374 2364
7295 6447 6423 6402 6403
7296 6448 776 777 200
7297 6404 727 726 710
7298 6449 5256 6450 5711
7299 6449 5746 5256 5711
7300 6360 713 729 712
7301 711 6385 727 728
7302 4998 4999 5001 5003
7303 6066 6067 6451 2338
7304 5713 6450 6452 5256
7305 6449 5256 5746 4394
7306 6357 1527 1533 6453
7307 128 5316 551 5315
7308 6449 4394 5746 4393
7309 731 5511 715 714
7310 6449 4394 6454 6452
7311 6449 6455 5746 6450
7312 3419 3351 4633 3346
7313 6365 6262 3470 5000
7314 6456 1577 1582 1561
7315 5459 748 731 732
7316 4130 3253 4131 4199
7317 2157 6326 5500 2227
7318 730 731 5511 5354
7319 732 5459 715 731
7320 4131 4434 4199 3253
7321 6363 732 716 733
7322 4131 4199 4434 6143
7323 6457 748 764 747
7324 4998 5344 4131 4132
7325 5215 635 636 652
7326 4131 4199 6143 5344
7327 3470 6143 4131 4254
7328 5003 5116 6284 6307
7329 6363 732 5459 716
7330 3246 3341 4065 2677
7331 6323 1344 1345 1479
7332 4467 6458 4468 1181
7333 2731 3584 4455 3585
7334 2640 3670 2646 2645
7335 6459 6442 835 834
7336 6460 5482 5484 6439
7337 6241 4455 2731 2646
7338 688 186 672 5438
7339 2646 5486 3670 6241
7340 2646 2856 5922 5921
7341 2851 2732 2731 2646
7342 2851 4455 3600 3630
7343 2646 2856 5921 4455
7344 3469 3470 3471 4127
7345 6304 4440 6302 4256
7346 4256 4255 5784 5783
7347 5003 6307 5004 5116
7348 4126 4256 5783 4255
7349 4107 4256 6043 5783
7350 6443 739 755 738
7351 4128 4256 6043 4107
7352 6237 157 592 585
7353 6263 738 737 721
7354 4405 4084 4684 5031
7355 4953 5234 4952 5587
7356 3286 3288 3237 5577
7357 3228 4684 3286 3237
7358 4684 3229 4653 3237
7359 6263 754 753 737
7360 3760 740 724 741
7361 5471 6461 1676 1671
7362 5532 707 6399 723
7363 6461 1628 1676 1674
7364 3228 3229 4684 3237
7365 4409 4835 5576 5983
7366 5034 4085 5032 4080
7367 3228 3286 4409 3287
7368 4409 4085 5355 5577
7369 3193 3380 2952 2884
7370 6342 6448 761 777
7371 3760 756 740 757
7372 5317 775 774 758
7373 4945 4053 4947 5234
7374 4872 2088 2193 2077
7375 3193 3379 3381 3378
7376 3377 3897 4134 3514
7377 5371 760 743 744
7378 5317 726 727 743
7379 3513 3514 3381 3515
7380 3513 3518 5998 2949
7381 2627 2884 2626 3380
7382 3514 3193 4134 3377
7383 6448 760 744 761
7384 6437 730 746 729
7385 5371 6387 759 775
7386 4134 3515 3381 3514
7387 4134 3514 3516 3515
7388 2885 2628 3192 3661
7389 1510 1474 6462 1561
7390 5001 5330 5331 6281
7391 4199 5001 5002 4998
7392 4998 4105 4106 4200
7393 2615 1725 2743 1732
7394 4201 5330 4984 4983
7395 3623 4984 5330 4983
7396 6457 747 731 748
7397 6363 749 748 732
7398 5111 3944 2954 6463
7399 5354 747 746 730
7400 5226 683 666 667
7401 6440 750 733 734
7402 5160 5113 6051 4969
7403 3946 5111 3945 3944
7404 3946 4556 3944 5095
7405 5103 5166 5113 5167
7406 2683 5876 4613 6331
7407 6464 1562 1601 1475
7408 3946 2955 5112 5111
7409 2955 4579 2948 5686
7410 6465 5645 4801 3620
7411 6465 3620 4791 5645
7412 6465 3620 4863 3616
7413 750 733 749 6440
7414 2912 3256 3259 2917
7415 5381 750 751 767
7416 735 6466 751 752
7417 848 5363 5359 189
7418 6442 828 820 821
7419 736 735 6466 6460
7420 4301 4309 4962 4302
7421 3421 4307 5973 5783
7422 4126 4256 4107 5783
7423 6466 751 752 768
7424 4550 5040 5041 5043
7425 4549 4544 5049 5038
7426 5039 4250 4251 4252
7427 4550 5021 4219 4235
7428 655 639 6327 656
7429 5259 5495 799 806
7430 4059 4953 4910 5234
7431 4234 4549 4230 4219
7432 6443 754 738 755
7433 4250 3565 3561 4582
7434 6237 769 208 157
7435 6237 16 158 592
7436 4072 4073 6071 6305
7437 4072 3942 6071 3936
7438 5943 6263 753 6237
7439 5532 6443 739 6399
7440 3936 3942 4375 4069
7441 754 6263 753 6248
7442 4072 6467 6071 6468
7443 4072 4074 6469 4069
7444 6329 739 740 756
7445 4071 4069 4072 3936
7446 2993 3265 6470 4479
7447 5943 1629 6248 6273
7448 2752 2744 2757 2740
7449 6352 5469 6159 6471
7450 3026 6152 2762 6472
7451 2762 2763 2760 6152
7452 6329 6444 755 771
7453 6195 6473 6221 6474
7454 5317 743 759 742
7455 2754 3264 2763 2762
7456 4421 5898 6475 2025
7457 2888 2890 2889 2894
7458 6400 1577 5414 6476
7459 2762 2764 2993 6477
7460 3974 3984 5050 3978
7461 6414 3783 6329 6399
7462 3982 3979 3980 3974
7463 3981 4283 3971 5979
7464 4961 6478 4994 4993
7465 774 6330 757 773
7466 3981 4266 5979 5049
7467 3981 3979 3980 5049
7468 3981 3974 4282 3980
7469 6479 4479 4477 4148
7470 4920 4611 3460 6480
7471 4148 2764 6477 2993
7472 6342 1639 200 199
7473 761 762 745 6342
7474 4148 5534 6479 5156
7475 5533 4148 6057 4149
7476 5534 6057 5627 5533
7477 4148 4149 4477 6057
7478 4148 3917 5156 6477
7479 2912 3258 3471 3259
7480 5354 763 746 747
7481 6437 6342 6344 745
7482 6457 764 763 747
7483 5171 2671 2916 4347
7484 6363 733 749 732
7485 5225 700 683 684
7486 4944 4955 4953 4952
7487 5380 750 766 749
7488 3465 5677 4598 5610
7489 3465 3257 4352 4648
7490 2918 3210 4213 4598
7491 1656 197 198 779
7492 4213 3465 4598 5174
7493 748 6481 6482 764
7494 3465 4598 5174 5610
7495 764 1654 781 765
7496 3463 3465 4648 3257
7497 3239 1731 1724 1732
7498 2925 3463 3257 3465
7499 6481 765 764 748
7500 5381 766 767 783
7501 2686 3986 2670 2672
7502 2688 2689 4180 4487
7503 5380 766 765 749
7504 6483 6466 5359 6484
7505 2632 4593 4489 3661
7506 4593 2633 3876 4020
7507 4151 4150 4152 3326
7508 6485 1643 1668 1635
7509 3377 3659 3137 3897
7510 4021 3898 3659 4151
7511 3894 3659 2686 2682
7512 5359 720 188 189
7513 3894 3896 3898 3659
7514 6466 784 783 767
7515 4328 3166 3175 6279
7516 4328 3422 4685 4224
7517 3168 3062 3167 3060
7518 3170 3298 3297 3788
7519 3527 3171 3364 3666
7520 207 770 769 1629
7521 4953 5587 4910 5234
7522 6237 769 753 1629
7523 4328 3422 2652 4685
7524 3166 3175 6279 4399
7525 6237 208 769 1629
7526 3167 4399 3166 3367
7527 3238 4353 3237 5993
7528 753 5943 1629 6248
7529 2870 3237 3236 3229
7530 1630 205 771 772
7531 6329 772 755 756
7532 6329 1630 771 772
7533 4353 3237 5993 4758
7534 3196 4391 4583 3885
7535 3236 3238 2872 4353
7536 3889 4583 4759 3885
7537 3889 4583 4353 4758
7538 6330 1653 773 774
7539 5317 759 775 758
7540 6486 2494 6418 2510
7541 3760 772 756 773
7542 2269 2158 6125 2223
7543 5371 760 776 759
7544 3453 4745 3007 2872
7545 5471 6487 1676 6461
7546 2670 4472 3986 3985
7547 2916 5275 5277 5171
7548 4365 5470 4281 4678
7549 5371 776 775 759
7550 1653 204 773 203
7551 4678 4281 4280 5470
7552 3276 4678 3350 4365
7553 3656 4281 4365 5170
7554 2671 4281 3656 5171
7555 6448 761 777 760
7556 4488 4278 4678 3276
7557 4425 3222 4414 4410
7558 4413 4687 4410 4415
7559 4412 5422 4413 6192
7560 5422 4419 5145 3441
7561 6448 777 776 760
7562 5422 4422 4413 6035
7563 6342 778 199 777
7564 5422 6098 4422 6035
7565 6342 1637 200 1639
7566 5422 6098 5145 6318
7567 6488 1474 1402 1439
7568 766 782 5381 5380
7569 763 1656 779 6482
7570 1661 778 779 198
7571 6043 4107 4103 4128
7572 3726 6489 3706 6486
7573 4106 4105 4104 6042
7574 4998 4200 4131 4199
7575 765 1618 781 782
7576 780 1654 781 764
7577 4998 4131 5344 4199
7578 4998 5003 5002 5344
7579 4197 4198 4320 4130
7580 6335 5438 186 820
7581 6466 768 784 767
7582 3746 3720 3770 5037
7583 3746 3720 4436 6106
7584 5362 5363 191 768
7585 752 736 735 6466
7586 5037 3746 5152 3770
7587 1634 782 783 194
7588 3746 3748 6106 5847
7589 6485 1668 1649 1635
7590 5362 784 768 192
7591 3340 4448 3746 3770
7592 5438 186 820 827
7593 3340 4448 5239 4446
7594 3739 3746 3748 3720
7595 3746 5847 4448 3748
7596 3746 4448 5152 3770
7597 3725 3726 6489 3706
7598 842 834 6484 6459
7599 3746 4448 6490 5152
7600 2985 4363 4220 3271
7601 2989 2852 2938 2933
7602 1628 771 206 770
7603 2983 2988 2987 2984
7604 2985 4363 4025 5148
7605 4025 2987 5933 4526
7606 207 208 1629 769
7607 2984 2988 4602 3272
7608 5934 2908 3695 2557
7609 5471 6461 1671 1663
7610 2986 2984 3272 2988
7611 3297 3789 3788 5051
7612 1630 206 771 205
7613 2737 3297 3299 3296
7614 3165 3360 3167 3367
7615 3064 4573 3066 3564
7616 3789 3999 5737 5736
7617 1673 205 772 204
7618 3452 6233 5939 6491
7619 3404 4572 4575 4573
7620 6306 6293 6492 3476
7621 3808 3807 3302 3447
7622 3808 3447 3302 3334
7623 5800 1032 6493 36
7624 3151 3903 3964 3152
7625 1642 775 202 774
7626 2813 2816 3808 2768
7627 3808 3334 3448 3447
7628 2991 3807 3302 3711
7629 1638 776 201 775
7630 4911 4881 4912 5266
7631 4187 4193 4244 4190
7632 5839 4046 4881 4244
7633 4186 5839 4193 4194
7634 6486 2510 3726 2526
7635 1642 202 203 774
7636 3779 3533 6157 4016
7637 1638 201 202 775
7638 5290 3173 5291 5292
7639 200 776 1637 6448
7640 5461 1474 1439 1505
7641 5290 3173 3172 6494
7642 5800 6493 35 36
7643 5289 6495 4703 6496
7644 5289 5296 4703 5295
7645 5290 3173 5292 3172
7646 4923 3845 6480 3843
7647 6497 1440 1402 1474
7648 6482 763 6457 764
7649 4919 4926 4861 4925
7650 197 6482 780 779
7651 4923 6480 3278 4925
7652 4923 4922 6373 3845
7653 4837 4002 3045 3596
7654 4003 3592 4002 3596
7655 4409 5355 5034 5983
7656 4003 4012 4406 4837
7657 1654 781 196 780
7658 1618 782 195 781
7659 4003 4012 4837 4010
7660 4406 5980 3287 3288
7661 6486 6498 6489 4951
7662 6486 4951 6499 6498
7663 6500 1511 1445 1475
7664 6200 5080 5026 4996
7665 6200 5084 6202 6183
7666 1618 195 196 781
7667 6199 5099 6200 4907
7668 6200 6186 4907 6183
7669 1654 196 197 780
7670 1895 6501 1917 1953
7671 1635 784 193 783
7672 2911 2915 2926 3464
7673 3123 3132 3506 3511
7674 5359 834 6484 841
7675 3132 3511 4786 3506
7676 4320 4292 3132 6255
7677 3252 2913 3133 3256
7678 5359 6484 848 841
7679 4381 2676 4388 4383
7680 5362 192 18 784
7681 3133 4292 3256 2913
7682 5362 784 193 1635
7683 3506 3123 4647 3431
7684 5362 193 18 234
7685 5362 862 234 192
7686 6502 6501 5884 6503
7687 4484 4261 4599 4643
7688 4646 3208 3497 4797
7689 3220 3641 5173 3143
7690 3212 3205 3206 2699
7691 4599 4261 3424 4643
7692 4484 3217 4262 4261
7693 6502 6504 5443 6503
7694 4599 3424 3985 5499
7695 3135 4599 4261 3424
7696 6505 2226 2260 2189
7697 607 608 2380 6327
7698 3212 3205 3226 4214
7699 6327 623 607 624
7700 2783 4098 3916 3917
7701 3157 3315 3740 3737
7702 5385 2377 5386 2271
7703 3260 3711 2991 6506
7704 3157 3724 3721 3720
7705 5952 686 687 703
7706 186 672 5438 6335
7707 3315 3713 3740 3712
7708 6324 786 210 787
7709 3740 3916 6161 3710
7710 6431 1407 1496 1479
7711 3353 4179 6013 4596
7712 5262 2277 2381 2321
7713 3653 4179 3353 4596
7714 2381 786 209 210
7715 5446 5445 5769 6095
7716 5446 6095 5809 6099
7717 5388 638 655 654
7718 5446 5669 4327 6507
7719 5259 799 792 800
7720 5446 5447 3372 5448
7721 5446 3372 5669 6508
7722 786 6376 5259 793
7723 5260 813 814 821
7724 5259 5262 2381 2401
7725 655 656 2882 672
7726 5259 792 785 793
7727 6508 5446 5448 6507
7728 3372 6508 5446 5448
7729 5447 5768 5449 5446
7730 6502 1953 5443 2031
7731 4164 6509 4166 4165
7732 793 786 785 5259
7733 3959 2850 4165 4755
7734 2846 4217 3802 4236
7735 2416 788 787 211
7736 5125 4160 3961 3960
7737 6502 1940 5884 1917
7738 2981 4141 3074 2979
7739 4445 4097 3748 6105
7740 2704 3635 4232 3638
7741 6502 6504 1940 2031
7742 214 6510 790 1814
7743 3202 3201 3032 3033
7744 3926 3029 4859 3970
7745 6510 789 213 790
7746 2769 3932 2776 5401
7747 5401 3932 3926 2769
7748 2033 789 788 212
7749 2416 212 788 211
7750 2766 2773 3336 3496
7751 3931 3932 2776 2769
7752 2769 5401 2776 3970
7753 4311 4232 4234 4543
7754 4549 4550 5412 4219
7755 5038 4544 5979 4250
7756 5221 5224 5222 6511
7757 4219 4233 4550 4235
7758 3059 3064 3062 2657
7759 6512 1887 1869 1835
7760 6513 789 788 2033
7761 4233 4582 4299 4265
7762 2033 213 789 212
7763 5702 217 218 798
7764 6162 5223 5222 6511
7765 2832 2897 3395 4240
7766 2820 2645 5578 3781
7767 2944 2943 3853 2868
7768 3969 4121 3125 4064
7769 2824 3397 2833 2867
7770 2942 2642 2823 2945
7771 3338 3246 2677 3341
7772 4033 4037 6514 4041
7773 6514 4036 6515 4037
7774 5592 6516 883 4767
7775 3907 6514 3912 3908
7776 3907 6514 5482 3912
7777 6514 6515 3912 3908
7778 6514 4036 4039 4772
7779 3907 6514 5479 5482
7780 2661 3573 4418 3814
7781 3170 3788 3330 3298
7782 791 214 790 1814
7783 2655 2662 3814 2661
7784 2722 5512 3299 2721
7785 2830 3309 3161 3163
7786 5374 872 871 1767
7787 4187 4244 5839 5266
7788 4187 5839 4244 4193
7789 3737 4847 5222 5223
7790 2827 2825 4298 5708
7791 2821 2831 2827 2835
7792 2831 2827 4189 3868
7793 870 869 1763 235
7794 2832 3395 2831 2898
7795 2822 4298 2827 2825
7796 2942 2823 2824 2897
7797 2827 5707 2825 5708
7798 3868 5707 2825 2827
7799 5702 798 791 217
7800 791 216 1763 5702
7801 3194 3216 3906 3225
7802 4682 3905 6517 4511
7803 3191 4133 3137 3145
7804 6376 801 793 794
7805 5438 187 704 688
7806 2401 5262 6327 5495
7807 3382 5194 2884 2951
7808 5222 3320 3737 3712
7809 5484 688 687 671
7810 3320 3712 5222 6518
7811 5495 6335 184 806
7812 4682 3905 5194 6517
7813 2952 3379 3382 2953
7814 2999 6519 6520 2998
7815 3292 5889 5890 4248
7816 3293 3294 3295 3694
7817 5259 5260 6335 806
7818 5382 795 794 787
7819 3687 5895 6181 5835
7820 794 786 6376 6324
7821 6513 795 788 796
7822 6521 815 808 816
7823 3294 3292 4609 4845
7824 3292 5075 4248 4249
7825 3292 3293 5889 4248
7826 4341 4491 3055 4492
7827 3389 3390 6522 3394
7828 6523 831 838 830
7829 6524 1835 1802 1814
7830 5613 812 811 804
7831 6520 5306 5127 6445
7832 5613 797 790 798
7833 6520 4692 2892 2998
7834 892 5745 886 891
7835 2693 3055 3053 4491
7836 4491 5027 6525 5274
7837 4491 4624 3053 5027
7838 791 790 798 5679
7839 4491 6525 5027 4492
7840 791 798 5702 5727
7841 6526 804 811 803
7842 4166 6509 6078 6077
7843 5613 805 804 797
7844 4164 6076 6078 6016
7845 3705 3556 4755 4165
7846 4165 3566 3705 3556
7847 4165 3556 4755 2850
7848 6100 4165 4164 2848
7849 4165 3555 2850 2848
7850 5363 191 768 752
7851 4164 6047 6078 6509
7852 5438 188 187 834
7853 4165 3554 3555 6047
7854 3375 5392 4376 4378
7855 2803 4146 3759 2805
7856 5952 670 654 671
7857 5484 703 687 704
7858 6327 5262 2401 6353
7859 5385 2271 2380 178
7860 3233 3235 4493 3227
7861 4733 5302 4143 5141
7862 5259 799 807 806
7863 5382 6513 788 2033
7864 5382 802 809 801
7865 5269 1344 1415 1229
7866 3019 3025 3021 3027
7867 3020 3021 3022 4144
7868 3021 4590 4144 4733
7869 6513 796 803 795
7870 1313 1344 4638 1229
7871 803 6526 4171 811
7872 3021 3024 5141 3025
7873 3001 2999 6527 4810
7874 5382 795 802 794
7875 3391 2780 3392 4096
7876 3544 5752 5745 5155
7877 803 804 796 6526
7878 6513 803 802 795
7879 5165 6343 4920 6401
7880 5375 1776 1767 1774
7881 3266 5622 812 3543
7882 5165 6343 6393 6385
7883 5676 3544 5745 6528
7884 5727 5621 874 875
7885 4920 6343 6385 6360
7886 5533 5541 2792 6055
7887 4920 4861 4921 4860
7888 4920 4921 6400 4860
7889 4920 6344 4860 6343
7890 5702 874 879 217
7891 5622 219 884 889
7892 4920 4921 6401 6400
7893 3519 3802 3488 3803
7894 3519 3488 2845 3963
7895 1732 3239 1739 6529
7896 4412 6197 3805 6193
7897 5359 720 189 736
7898 6335 185 672 656
7899 3805 3442 6193 3806
7900 5261 814 807 815
7901 3805 3521 3806 6530
7902 6460 720 719 703
7903 5261 807 800 808
7904 4475 5802 2975 6531
7905 5359 5438 704 6460
7906 5260 813 806 814
7907 6460 736 735 719
7908 2613 3239 1724 1725
7909 4668 5267 6532 6323
7910 4475 5251 4402 4403
7911 6353 2380 607 5385
7912 5251 4430 4403 4475
7913 4475 6533 2975 5801
7914 4475 4430 6534 5498
7915 6535 1616 1478 1446
7916 4475 4430 4473 6531
7917 4475 6531 6534 4430
7918 5338 516 6053 5339
7919 516 5325 523 5338
7920 809 801 6521 5382
7921 5338 6076 5341 5340
7922 5338 6076 3588 5325
7923 1032 1021 384 5800
7924 5224 1941 1901 1943
7925 5800 1021 384 385
7926 5601 5602 1993 2083
7927 5503 222 223 833
7928 5325 5338 6077 4497
7929 2855 818 826 825
7930 5685 833 832 825
7931 5854 4674 3908 3909
7932 5622 879 884 218
7933 4171 817 810 818
7934 5854 5743 3909 6536
7935 4666 4671 5854 3766
7936 4476 3003 4481 4480
7937 5854 4916 4673 6537
7938 812 3266 819 220
7939 5854 3908 4041 3910
7940 5854 4673 3766 6537
7941 6536 3910 3909 5854
7942 5150 6150 6538 6539
7943 6540 1634 783 1635
7944 3304 2578 2562 2579
7945 5363 6541 855 6484
7946 5262 2401 2321 2381
7947 3338 3317 3343 3770
7948 5260 820 813 821
7949 6542 1758 6543 1751
7950 3338 3339 3317 3340
7951 5150 6539 6544 6150
7952 3313 3246 3319 3317
7953 3341 5150 3342 6544
7954 5149 3097 3098 5150
7955 3065 2708 3559 3400
7956 6545 2083 2156 2117
7957 3065 2708 3092 3559
7958 3559 3561 4235 6546
7959 3065 3562 3563 3066
7960 3400 3559 3561 4235
7961 3512 816 809 817
7962 3527 4000 3664 3999
7963 3344 3359 3357 3358
7964 3666 3789 3999 3788
7965 3731 832 840 839
7966 2854 5685 826 833
7967 5766 902 901 896
7968 3076 3489 6226 3709
7969 6226 4027 4055 3076
7970 3076 6226 3077 4055
7971 4230 4231 4219 5390
7972 6162 6547 6511 6548
7973 889 3266 5622 220
7974 3266 826 819 221
7975 2609 2611 2910 2617
7976 4550 4235 6549 5021
7977 2845 3963 3488 2847
7978 3439 3805 3806 3442
7979 6442 827 828 835
7980 6398 4219 4217 5412
7981 704 5359 720 188
7982 4219 6398 5043 5412
7983 6466 751 768 767
7984 4218 4219 5021 4235
7985 5703 5258 4087 5256
7986 4086 4087 5258 5256
7987 5351 5417 5352 5357
7988 822 5261 815 814
7989 5381 735 751 734
7990 6442 828 827 820
7991 5741 837 836 829
7992 5555 5868 5352 5351
7993 5352 4087 5936 5110
7994 4083 5352 4087 5757
7995 4083 5711 4084 5114
7996 3490 5314 4564 3570
7997 3791 3792 3801 3717
7998 3512 824 823 816
7999 211 2229 210 787
8000 6521 816 808 809
8001 3305 2892 6520 6445
8002 3148 1223 1281 1248
8003 3793 3792 3717 3040
8004 5073 5075 5074 6114
8005 3791 3796 3793 3717
8006 6550 5815 5660 1059
8007 3795 3794 3800 3791
8008 3430 3497 5437 4646
8009 6551 42 41 903
8010 4524 4143 6216 2800
8011 3943 5095 3944 3833
8012 2854 826 5685 2855
8013 3943 3952 3833 3834
8014 3946 2955 5111 4556
8015 221 5504 222 899
8016 3944 5193 3832 2954
8017 3944 2954 6463 5193
8018 3686 6027 3816 6552
8019 5400 5503 5699 899
8020 3687 4607 4370 4366
8021 3694 6114 3692 3685
8022 4524 6438 6216 5930
8023 5359 841 188 834
8024 3687 4366 4370 6030
8025 6484 841 849 848
8026 3139 1646 863 864
8027 6460 704 720 703
8028 3044 5394 6216 4143
8029 5835 3686 3687 3685
8030 3686 3815 3685 5835
8031 6553 829 821 822
8032 3886 3914 4817 4303
8033 850 3139 6554 849
8034 830 5742 823 822
8035 6553 828 821 829
8036 6216 2800 5394 2801
8037 4817 4816 4302 4811
8038 4301 3881 4102 3914
8039 4126 3421 5783 4307
8040 4961 4309 4962 4301
8041 3512 824 831 823
8042 6555 4170 4171 4172
8043 6162 5223 6511 6547
8044 4438 1179 6556 4468
8045 6512 6557 6558 1869
8046 4270 4806 4811 4816
8047 4302 4271 4270 4816
8048 6555 2855 818 811
8049 4848 4849 4341 4375
8050 2630 3718 3568 2636
8051 3517 3799 3792 3801
8052 5760 224 223 909
8053 3193 2952 3380 3381
8054 6325 3858 5932 426
8055 6559 907 913 912
8056 5685 825 826 833
8057 3517 3514 5999 4495
8058 5760 847 840 224
8059 3718 4495 3517 5404
8060 4796 4646 6560 5437
8061 4796 4797 4799 4646
8062 4796 3499 6561 6562
8063 6216 2800 2801 5931
8064 5485 5479 6353 2882
8065 6484 856 848 849
8066 736 6466 5363 5359
8067 6442 835 834 827
8068 6438 6216 5931 2800
8069 4012 4332 2804 4010
8070 3228 4404 4405 4684
8071 6553 829 836 828
8072 3131 3931 4654 4121
8073 3969 4121 4064 4066
8074 3338 3339 3246 3317
8075 3322 4065 4062 4782
8076 5741 830 837 829
8077 3964 4066 4064 4856
8078 6553 836 835 828
8079 4855 3964 4856 3903
8080 3316 3966 3321 3322
8081 4064 4856 4066 4427
8082 2679 3341 4428 6544
8083 5273 2664 4739 4115
8084 6379 1314 1341 1376
8085 6563 5810 1999 5931
8086 2888 2895 2893 2892
8087 2762 6472 6152 2760
8088 2762 2993 3264 3265
8089 3086 2748 3052 2815
8090 5628 6523 5739 4175
8091 3204 4218 4217 3203
8092 4218 3636 5020 6154
8093 4177 6107 4175 6341
8094 6564 916 922 921
8095 2974 918 39 38
8096 3087 3053 4451 4433
8097 5760 225 224 914
8098 3638 3073 5377 4779
8099 3012 3087 3013 4451
8100 4230 3638 3073 5377
8101 3731 832 833 840
8102 4232 3638 4322 2704
8103 4230 4219 4549 5390
8104 3214 3337 6565 3456
8105 1635 193 194 783
8106 5363 190 189 848
8107 3197 3456 3006 3337
8108 6523 838 5628 845
8109 6565 3215 4214 3214
8110 5361 4977 4976 4248
8111 4977 5211 5063 5361
8112 4178 4172 824 817
8113 4248 5361 5063 5888
8114 5063 5888 4167 4248
8115 835 6554 842 843
8116 5361 5211 5063 5054
8117 2995 5361 3988 2994
8118 6523 845 837 838
8119 5741 843 836 844
8120 2997 3988 5010 2930
8121 5361 3988 2994 5888
8122 3258 3468 3257 6264
8123 3252 3467 2914 3257
8124 3133 4293 3467 3254
8125 3467 3254 4382 3468
8126 5628 846 838 839
8127 6523 845 844 837
8128 6566 906 907 912
8129 3467 4648 3257 3468
8130 4293 4655 3467 4382
8131 2924 2743 424 425
8132 3467 3257 4648 4352
8133 6567 853 846 854
8134 4293 4352 3467 4655
8135 4088 4092 4094 4093
8136 6568 6122 4093 4092
8137 4092 6019 6122 4091
8138 4092 6568 6569 5458
8139 5766 907 901 902
8140 4092 4091 4088 5161
8141 4092 5161 6109 6019
8142 4092 6570 4094 6571
8143 4092 6109 4094 6570
8144 4826 4592 6572 3027
8145 6572 6573 5140 6275
8146 5604 368 62 373
8147 6572 6574 5142 6575
8148 6540 6466 751 735
8149 6466 5363 768 752
8150 736 190 189 5363
8151 6484 841 842 849
8152 4624 4451 3053 4433
8153 6572 5142 4592 5140
8154 3756 3053 4433 3751
8155 3053 5027 2879 4491
8156 3535 2853 6306 3476
8157 3535 2853 2829 6306
8158 5257 844 851 843
8159 6521 823 815 816
8160 670 653 3268 4038
8161 850 6554 842 849
8162 3054 2880 4466 2750
8163 5257 851 850 843
8164 4451 3016 3014 6396
8165 3528 3536 3535 3534
8166 3528 3530 3529 3535
8167 3535 2829 3537 3530
8168 5415 858 851 859
8169 6510 6512 1835 1887
8170 2829 3537 661 5367
8171 6465 6576 6577 5645
8172 6465 4918 6427 6500
8173 4771 3267 4773 3269
8174 4901 903 5752 898
8175 6576 4771 6500 6481
8176 5815 1035 1034 1059
8177 6576 6363 6481 6577
8178 6576 5645 3269 6346
8179 3523 3708 3525 3556
8180 3960 5125 4160 3033
8181 6103 5293 5537 6578
8182 5540 5537 6269 6103
8183 6103 5537 5293 5824
8184 225 847 6579 5760
8185 5818 5654 911 916
8186 191 5362 862 855
8187 5357 4903 5417 5421
8188 6484 6580 6541 855
8189 1643 6580 856 855
8190 4909 4943 4903 4905
8191 735 6439 718 734
8192 1643 233 234 862
8193 5363 752 190 191
8194 3139 856 849 857
8195 6535 1446 1478 1415
8196 6541 862 855 1643
8197 4903 4905 4942 5201
8198 4938 5201 4903 5421
8199 4938 5789 4939 4890
8200 2838 4153 3032 3582
8201 3578 2838 2843 3583
8202 4777 5415 6523 845
8203 5741 822 830 829
8204 2836 2837 2845 2850
8205 3578 2969 4153 3106
8206 3780 3415 3160 3395
8207 3410 3414 3409 5935
8208 5756 854 861 853
8209 3204 4219 3635 4230
8210 1646 863 864 232
8211 3410 3409 3411 3859
8212 3408 3406 3412 3160
8213 6106 6377 4437 6458
8214 4488 3471 4127 4278
8215 2915 3275 2687 2671
8216 3656 5170 2689 4608
8217 4777 859 860 867
8218 6581 1185 1651 1143
8219 3960 5125 3033 5124
8220 6012 3677 5170 2689
8221 5760 5767 915 5654
8222 5170 3677 3345 4365
8223 6240 3555 5530 6100
8224 225 6579 226 919
8225 4678 3421 3352 3345
8226 4366 4371 4050 4605
8227 2848 4165 4164 3201
8228 4371 4366 4607 4605
8229 6182 4366 3872 5895
8230 5756 860 861 868
8231 2866 3397 5128 3851
8232 5793 924 227 226
8233 4366 4367 4370 6030
8234 4369 4366 4367 4370
8235 3780 2897 4787 3395
8236 3869 3397 2833 2832
8237 3070 3871 3071 5093
8238 3139 864 863 856
8239 855 5362 862 6541
8240 6580 856 855 6484
8241 5332 2743 2924 425
8242 5257 858 865 857
8243 2834 4298 5608 4191
8244 6521 823 822 815
8245 3070 3067 4210 5093
8246 5415 4777 866 859
8247 3139 857 850 5257
8248 2790 2791 3539 6391
8249 3538 2790 3539 3546
8250 3538 5683 6582 2786
8251 4902 2791 3538 2786
8252 1646 233 863 232
8253 858 1651 865 866
8254 2791 2788 3544 5157
8255 2791 2788 2786 4902
8256 5257 865 864 857
8257 6526 5728 6512 6392
8258 3691 6583 6584 6115
8259 6583 4249 6115 3691
8260 6583 6115 6585 6584
8261 867 1086 229 228
8262 6309 4336 4334 4337
8263 4776 1143 1121 1185
8264 6585 6586 5077 6587
8265 5644 4449 6588 4442
8266 6589 6586 4247 4249
8267 5815 920 921 926
8268 5756 867 860 868
8269 6587 6586 5077 6589
8270 1624 1043 228 868
8271 4775 866 867 229
8272 6590 6583 4249 6586
8273 5191 3992 3994 3993
8274 4336 6240 3582 5913
8275 3993 6591 4829 6429
8276 3993 4829 6591 6592
8277 6593 6594 6592 3993
8278 3993 4162 2996 3994
8279 3993 2996 4162 6429
8280 6466 6540 767 783
8281 1643 233 862 863
8282 6101 6309 4336 4334
8283 6595 865 231 864
8284 4334 4336 6101 3201
8285 4334 6596 4337 4342
8286 3034 4153 3031 3032
8287 4336 4337 5913 3582
8288 4336 2848 3032 3582
8289 1651 866 230 865
8290 4336 3201 3032 2848
8291 2728 3178 2727 3184
8292 3953 2909 2624 4286
8293 835 6554 843 6553
8294 2857 2732 2851 2647
8295 2646 2851 4455 2731
8296 231 864 1665 6595
8297 3512 831 830 823
8298 2732 2620 3600 2619
8299 2731 2851 4455 3600
8300 4776 1105 1121 1143
8301 3828 3833 3836 3835
8302 1651 230 231 865
8303 3910 6536 5205 6537
8304 4853 3830 4396 4361
8305 3836 5264 3885 4759
8306 868 228 20 1043
8307 4079 3836 5735 3837
8308 4086 4087 3836 5258
8309 5353 4079 3837 5264
8310 4079 4086 3836 5264
8311 2615 6529 1732 2673
8312 6514 4042 5479 4039
8313 5793 243 244 924
8314 3833 5735 5258 3836
8315 4079 3836 4087 5735
8316 3083 3375 3084 4520
8317 3078 3590 3083 3376
8318 3375 4377 4376 5452
8319 3080 5392 4659 6597
8320 3590 6217 3080 5930
8321 3589 3376 3590 3081
8322 3374 5392 4380 4659
8323 5727 874 869 875
8324 3907 3912 5474 3909
8325 3392 4097 6107 2787
8326 3748 3747 3739 2780
8327 5702 217 216 874
8328 2780 3748 4445 4097
8329 3387 3392 4177 4170
8330 2789 2780 3392 2787
8331 3386 3393 3394 4176
8332 3391 2780 5227 3747
8333 798 5679 5727 791
8334 5227 2780 3738 3747
8335 4741 4635 3680 4309
8336 3653 3279 4536 4588
8337 1725 2613 1717 1724
8338 1763 870 235 236
8339 3654 4181 4179 3655
8340 3354 4365 3677 2689
8341 3655 3653 4536 4664
8342 3677 3354 2689 4180
8343 5157 5158 6516 4767
8344 4267 3680 4268 3420
8345 3910 3909 5854 3908
8346 3704 3709 3708 3525
8347 4165 6337 3705 6509
8348 1764 871 236 237
8349 5985 3697 3698 3696
8350 3704 3806 3520 3697
8351 3541 5621 5622 805
8352 4165 6509 3705 3566
8353 3696 3566 3705 6274
8354 3705 6337 4755 5144
8355 3963 4755 3705 3708
8356 873 1786 5263 5592
8357 4198 4130 3253 4320
8358 5727 870 875 869
8359 4198 4434 4199 4383
8360 2676 4199 5331 4383
8361 6143 4131 4254 4434
8362 1768 872 238 873
8363 4106 4105 6042 5918
8364 4131 4132 5344 6143
8365 2817 2880 3054 2750
8366 2880 2750 3878 4466
8367 1786 48 873 239
8368 2874 2871 2880 3878
8369 2690 2695 2696 2881
8370 3437 520 521 4825
8371 4825 3482 3483 6196
8372 4825 4113 521 3437
8373 3483 527 520 4825
8374 6514 5482 4772 4039
8375 4825 6196 534 535
8376 5263 872 1768 873
8377 4825 3437 3482 4929
8378 4825 4113 3437 4929
8379 4825 528 4929 535
8380 6598 870 876 875
8381 19 216 1763 215
8382 5622 218 219 805
8383 3815 2903 2959 2860
8384 3198 2903 3283 3815
8385 1764 1763 236 870
8386 5727 1764 1774 1767
8387 2899 3198 2903 3283
8388 3198 3200 3815 5963
8389 3200 5835 5963 4539
8390 5835 5963 4539 6181
8391 2863 5835 2860 3200
8392 5592 878 873 47
8393 2859 2715 2901 2716
8394 3910 6354 5479 4042
8395 6559 6551 6599 913
8396 3199 4540 2902 3853
8397 2928 4202 2676 3248
8398 353 358 5399 4323
8399 3339 3318 3774 3319
8400 5263 877 872 878
8401 3338 5150 5149 3342
8402 1718 1725 2613 1717
8403 6600 1786 1768 1776
8404 3338 3341 3317 3246
8405 5520 885 884 879
8406 3598 2620 2851 2852
8407 5702 218 805 798
8408 2623 2619 2609 2610
8409 5520 874 875 880
8410 3598 2988 3628 3955
8411 2986 3161 3272 3271
8412 2735 3037 3038 3438
8413 3070 5093 4210 2834
8414 3396 3809 2867 3871
8415 880 5676 5615 5520
8416 5592 6600 5263 6516
8417 5615 881 876 882
8418 2986 3396 2822 4220
8419 4224 2660 4328 3422
8420 2986 2857 3018 2793
8421 2989 2982 3775 5078
8422 4165 3705 6337 4755
8423 6510 789 6526 1887
8424 3539 6601 6524 6602
8425 5615 876 877 882
8426 796 789 6526 797
8427 877 883 6516 5681
8428 5338 5341 524 5339
8429 5338 6077 5528 5143
8430 5272 339 26 334
8431 3588 6076 4339 6016
8432 6076 5325 6078 6016
8433 4689 5391 4727 5751
8434 6101 4333 4334 3201
8435 4166 4755 6337 5143
8436 2923 2615 2924 2673
8437 4684 3229 6603 4653
8438 955 948 6271 6604
8439 884 3543 889 890
8440 4084 5264 4583 4391
8441 4086 4084 4391 5264
8442 884 3543 890 885
8443 6260 4391 5746 4084
8444 2234 6605 941 2279
8445 4684 4653 6603 6260
8446 5745 5752 892 893
8447 5676 885 886 891
8448 6606 2234 6605 933
8449 5766 900 906 5400
8450 2632 2628 3486 2631
8451 3658 3514 2627 2635
8452 2626 5019 2884 2628
8453 5942 1166 1217 1259
8454 2886 2628 2884 5019
8455 6394 6602 6512 6558
8456 3546 2855 5613 3541
8457 5622 3543 3266 889
8458 5681 883 5158 888
8459 5376 1809 1776 1833
8460 2886 3905 5370 5194
8461 947 948 940 6271
8462 6601 1802 1847 1833
8463 2614 1724 3239 1731
8464 6605 6607 6272 6271
8465 5807 3622 3102 6128
8466 6120 5118 4984 3621
8467 6608 1927 1902 1864
8468 6551 908 903 41
8469 6605 6604 6607 6271
8470 3266 221 220 894
8471 895 890 3266 5698
8472 4984 4982 4983 3621
8473 4984 3623 3621 4983
8474 5699 826 3266 833
8475 3544 4902 5752 5155
8476 3543 3266 889 890
8477 5676 5744 890 891
8478 4984 6120 3621 3622
8479 3966 4062 4346 3322
8480 2775 3970 2776 3049
8481 889 895 890 3266
8482 1724 2613 1717 2614
8483 3000 3807 2891 2892
8484 6605 6606 6272 2234
8485 2922 2924 2923 5892
8486 2768 3448 2816 3808
8487 5698 901 900 895
8488 1725 2613 2615 1718
8489 3808 4345 3968 3448
8490 5745 5155 5752 893
8491 5158 5745 887 893
8492 2767 3448 2766 3336
8493 2775 3050 3049 2776
8494 3448 3447 3334 3335
8495 3495 3336 3448 3447
8496 4298 5132 5710 5708
8497 5676 5615 882 881
8498 4791 5646 4035 5645
8499 5699 3266 5698 900
8500 3266 5504 221 894
8501 4791 4035 4034 5645
8502 5760 909 914 224
8503 4789 4791 4790 3617
8504 5760 5654 904 5893
8505 5766 897 902 896
8506 3624 4791 4035 4034
8507 5504 900 3266 5699
8508 2834 4298 4191 4297
8509 3624 4034 6465 4791
8510 5545 5534 6609 5541
8511 4791 3620 3616 3617
8512 6055 6610 6548 6611
8513 5744 897 896 891
8514 5752 898 903 897
8515 2917 5580 3256 6256
8516 1725 2615 2613 3239
8517 5766 907 906 901
8518 3266 819 826 3543
8519 3257 2925 2914 2912
8520 5752 892 898 897
8521 3252 3258 3259 3255
8522 3259 4278 2917 4280
8523 2670 4347 5175 4458
8524 2925 2926 4213 2918
8525 2916 2917 4278 4280
8526 2616 3857 2615 2923
8527 4298 6612 4191 4297
8528 2913 2917 2916 5580
8529 4324 5652 5445 6095
8530 3915 3022 4144 4122
8531 3266 895 894 889
8532 5815 1035 242 1034
8533 5400 899 5699 900
8534 4826 6572 4592 6275
8535 4824 5140 4592 3758
8536 4826 6572 6276 3027
8537 3752 4824 4325 4620
8538 4824 5445 5652 6275
8539 4620 4123 4155 3752
8540 5892 2615 2924 2923
8541 4826 6093 5228 6275
8542 6339 6341 6613 6107
8543 5315 6091 544 5937
8544 6559 908 902 903
8545 2756 4148 2764 3917
8546 2923 5957 2924 426
8547 4298 5130 6614 6615
8548 6551 41 40 908
8549 3444 3549 5253 4316
8550 6152 5153 2760 5607
8551 6152 2760 5638 4639
8552 5699 899 5503 5504
8553 5503 223 840 833
8554 3001 3003 2990 2993
8555 3161 3272 4222 3310
8556 2754 2763 2741 2759
8557 2744 2748 2814 2745
8558 2763 2760 6152 4639
8559 1209 4431 1123 5497
8560 6616 6579 5893 5654
8561 6510 6526 5728 6512
8562 891 5744 890 896
8563 6566 6616 5684 5893
8564 6152 2760 6472 5607
8565 3026 5733 3025 3028
8566 4985 5118 4984 5330
8567 5932 427 6325 426
8568 4099 4106 4999 4105
8569 427 421 5932 422
8570 6477 4766 6617 5156
8571 5958 427 6325 428
8572 4099 4100 4999 4101
8573 4045 4048 4053 5234
8574 4059 4846 4058 5232
8575 4298 6614 5130 5608
8576 4880 5283 4193 5282
8577 6579 226 854 225
8578 4046 4193 4194 5282
8579 4045 4053 4048 4047
8580 3429 4112 4646 4645
8581 5654 905 910 904
8582 3423 2919 2920 3427
8583 1689 3057 6618 5879
8584 2916 5580 5336 2913
8585 5336 3427 2921 2913
8586 6566 912 911 906
8587 6266 5812 5182 5813
8588 904 5760 909 910
8589 3423 3428 3431 3433
8590 2914 3465 3257 4352
8591 922 2976 6564 2977
8592 3126 3931 3639 3930
8593 2927 3930 4598 4352
8594 3126 3639 4227 3130
8595 3494 2626 3493 6619
8596 3493 5019 2884 2626
8597 3661 2628 5176 3486
8598 6550 1044 1067 1059
8599 5818 911 912 917
8600 5091 6620 5548 6621
8601 3193 3381 4134 3378
8602 3589 3590 3376 6300
8603 2743 5332 5957 2674
8604 2628 3661 5176 5018
8605 5684 5893 847 840
8606 3192 5019 2886 5370
8607 2906 6622 2905 2900
8608 3367 3365 3166 3165
8609 1624 861 868 1086
8610 5503 5697 5699 5684
8611 4700 6272 6623 6268
8612 3297 3299 5052 3298
8613 915 5760 909 914
8614 3059 2656 3062 3175
8615 4504 3591 5811 6624
8616 4181 4179 3655 4528
8617 2671 3654 3656 3275
8618 6625 1035 5815 1059
8619 4664 4528 4527 3655
8620 414 2924 419 420
8621 3653 4588 3657 3279
8622 5767 6579 5654 5760
8623 6265 6607 6271 6272
8624 5767 920 914 915
8625 4180 2688 3668 2681
8626 4699 4506 4700 4510
8627 5684 2854 5699 833
8628 3135 3136 4213 4111
8629 5914 414 2924 419
8630 4181 4179 4528 4000
8631 3409 5951 5892 5915
8632 4830 1048 1026 1054
8633 2672 3661 3986 4472
8634 5793 925 6625 1035
8635 6566 6559 912 907
8636 1043 868 227 20
8637 3350 4365 3345 3677
8638 5767 921 915 916
8639 5793 227 861 226
8640 4488 5079 3351 3352
8641 3357 3358 3360 3666
8642 5793 924 226 919
8643 5079 3657 6264 3471
8644 3275 3654 3354 3653
8645 4502 4504 4506 4510
8646 2687 3279 3280 3895
8647 6626 5171 4608 3656
8648 3252 2912 3259 3258
8649 2915 2912 3274 4278
8650 4272 4989 3978 4816
8651 4989 3978 5979 5974
8652 5129 4989 4294 5979
8653 5660 240 1033 1034
8654 4698 4506 5812 4700
8655 2974 37 928 923
8656 845 853 5628 4777
8657 3602 6627 1234 1192
8658 4987 3978 4989 4816
8659 4636 6441 4294 4269
8660 1732 6529 1739 2673
8661 5815 925 920 926
8662 5932 417 422 416
8663 6441 4294 4269 4989
8664 5793 924 919 925
8665 5793 919 920 925
8666 4106 4107 4128 4103
8667 4099 4103 4106 4104
8668 5796 4126 3470 4107
8669 926 242 241 1034
8670 4197 4320 4198 3248
8671 5815 926 927 1034
8672 868 867 1086 5756
8673 4106 6042 5916 5918
8674 3469 4126 4127 4129
8675 4129 4279 3255 4439
8676 2976 917 923 922
8677 5318 5897 3411 3399
8678 4700 6624 5812 6623
8679 4447 3101 6628 5859
8680 3101 5152 5859 4448
8681 5793 924 925 243
8682 6629 3101 5152 5859
8683 5304 6080 6630 5377
8684 3745 3318 4847 4850
8685 6295 3581 3105 3182
8686 244 5793 227 1043
8687 3182 3581 6122 6295
8688 227 5793 861 868
8689 1035 243 925 242
8690 3290 2969 3574 3106
8691 4153 3032 3582 4342
8692 3574 3178 3179 3176
8693 3581 6295 4342 6122
8694 5815 926 1034 242
8695 4151 2636 3327 4152
8696 4528 3655 4513 4527
8697 5744 3544 5676 3545
8698 2613 5323 1718 1717
8699 4181 4515 4528 4513
8700 242 5815 925 1035
8701 5316 551 558 128
8702 3275 3653 3657 3279
8703 3740 4098 3738 6162
8704 3052 3091 3050 4116
8705 3153 2745 6631 4215
8706 3863 346 351 345
8707 5680 54 929 936
8708 3158 3445 4216 4017
8709 3155 3261 3723 3713
8710 3313 3315 3314 3317
8711 5308 930 929 245
8712 4316 2757 2761 2758
8713 3573 4418 3115 3121
8714 4246 4243 4237 4245
8715 6624 2231 932 2090
8716 5747 936 937 944
8717 4238 4190 4244 5876
8718 4244 4193 5283 5876
8719 4690 342 5391 347
8720 3872 3869 3397 2833
8721 2029 931 2090 6632
8722 931 246 5731 2029
8723 2831 3164 3417 3408
8724 4879 4046 4244 4881
8725 936 4727 929 5680
8726 3189 349 5716 354
8727 3804 6530 6197 6633
8728 4690 347 341 342
8729 4879 4245 4244 4243
8730 4186 4190 4192 4193
8731 5778 5293 6578 6634
8732 5777 5773 6635 5774
8733 5778 5217 5774 6176
8734 4891 2154 2119 2080
8735 4661 945 944 937
8736 3304 2595 2594 2578
8737 5217 5778 5218 6176
8738 5731 5747 937 944
8739 5773 5774 5778 5775
8740 2029 247 931 246
8741 5778 5218 6176 6578
8742 938 4930 939 931
8743 3623 3619 4553 3622
8744 5330 4202 5331 6245
8745 4984 3622 6128 6120
8746 4984 3622 3621 3623
8747 5219 1374 1312 1349
8748 3621 6120 5118 5329
8749 2807 4010 3376 4002
8750 4008 4012 5030 4404
8751 933 6605 941 2234
8752 3804 6630 3521 6636
8753 5700 6207 6637 5125
8754 4011 4013 4010 6177
8755 2090 248 932 247
8756 4012 4332 4010 5029
8757 4557 5258 5110 5703
8758 6604 956 955 948
8759 3951 3947 5936 5168
8760 5706 1430 1363 1397
8761 5352 4087 5110 5735
8762 5110 5258 5714 3833
8763 5703 5936 5110 4557
8764 558 5316 6091 551
8765 6606 940 932 933
8766 4930 938 939 946
8767 4659 4660 951 958
8768 248 6606 933 249
8769 5110 3947 5936 3951
8770 4087 5110 5735 5258
8771 5292 1447 1621 1627
8772 935 6638 6639 6640
8773 948 940 6271 6605
8774 4440 6641 6256 6642
8775 4440 6641 4279 6256
8776 6045 6304 6043 4439
8777 4440 4439 6045 6046
8778 4439 6304 6043 4256
8779 4440 4279 6302 4255
8780 956 6640 949 6604
8781 934 2234 250 249
8782 6465 3620 4801 4863
8783 4034 5645 4035 3269
8784 6576 4034 3269 5645
8785 4034 4918 4036 4037
8786 4034 4036 4918 6500
8787 4034 3267 4036 4771
8788 4390 3890 4361 3883
8789 4355 3244 4957 6286
8790 6639 251 328 21
8791 3879 6286 4354 4340
8792 4355 3883 4354 4392
8793 2879 4491 5027 4492
8794 3879 4340 2691 4492
8795 2870 2869 2878 2872
8796 2688 2671 2689 4487
8797 4399 3167 5210 5658
8798 5573 6297 2435 2436
8799 3344 3347 3349 3677
8800 6639 2417 2433 252
8801 3349 4630 3359 3677
8802 3347 4630 3677 3345
8803 3359 4180 6012 4629
8804 3348 3349 4274 4067
8805 3344 3349 3359 3677
8806 6639 252 21 2417
8807 2990 3000 2992 2749
8808 6082 129 488 483
8809 3305 2873 6445 6643
8810 5672 331 332 337
8811 4230 4543 5390 4549
8812 3434 4692 2998 2892
8813 5391 943 950 56
8814 5308 936 929 937
8815 4661 931 938 930
8816 5518 360 354 355
8817 5716 351 356 350
8818 356 361 6397 5750
8819 339 344 4114 27
8820 2889 3265 3264 2893
8821 2990 2991 4810 3001
8822 4810 2990 3807 2991
8823 2739 2740 2752 2741
8824 4334 4339 4335 4333
8825 6644 5125 4160 3961
8826 4166 3440 5143 3961
8827 4661 938 937 930
8828 4160 4333 4335 6645
8829 4160 5145 5340 5841
8830 4160 5340 4333 6645
8831 3728 2979 4716 4284
8832 941 2234 934 933
8833 6646 2434 2433 2417
8834 5731 246 5308 2011
8835 3488 4781 3077 3489
8836 4331 1164 1182 1158
8837 5841 5145 5842 4160
8838 6640 2279 935 934
8839 6605 941 940 933
8840 4224 3038 6647 3438
8841 2958 2961 3719 2960
8842 2738 2703 3159 3401
8843 6638 942 935 253
8844 2622 2715 2717 3036
8845 3361 3298 3330 3735
8846 251 2279 935 6639
8847 3422 4224 3038 4686
8848 6638 254 255 949
8849 2907 3365 3422 4662
8850 2668 6048 4328 6280
8851 5038 5974 6277 4251
8852 5047 4549 4550 5041
8853 4250 6549 4550 3561
8854 4250 5974 5038 4251
8855 4250 3561 4252 6549
8856 4323 348 353 347
8857 5633 372 371 366
8858 5309 5716 3863 351
8859 2648 2820 5922 3309
8860 2640 2645 2648 2642
8861 5931 1830 2801 1999
8862 2986 4220 2822 3271
8863 2938 2793 2852 2983
8864 3272 3273 2857 6319
8865 5811 2028 2000 1996
8866 4203 981 988 980
8867 4930 946 953 945
8868 3857 3859 3410 3861
8869 5377 4543 4779 6014
8870 3417 2825 3860 4169
8871 2547 6395 2563 5666
8872 2986 3272 2857 2988
8873 6271 954 947 955
8874 3596 6648 6649 3594
8875 6650 967 960 968
8876 3172 265 1621 5297
8877 3161 4222 3163 3310
8878 4221 4220 5130 3271
8879 2822 4298 4221 4220
8880 6605 5538 6604 2279
8881 6640 942 949 941
8882 2780 3739 3748 2784
8883 3748 4097 4432 6105
8884 4781 5377 6630 3803
8885 6638 253 254 942
8886 3747 3739 2780 3738
8887 3739 3745 3737 3738
8888 6229 1438 1403 1374
8889 3748 2784 4097 2780
8890 3748 4097 3749 4432
8891 6638 254 949 942
8892 2842 2843 3600 3584
8893 3571 3121 3574 3179
8894 6279 6280 2662 4328
8895 4690 346 352 351
8896 5308 4727 929 936
8897 3571 3574 2727 3178
8898 360 5518 361 355
8899 2839 3202 2838 3290
8900 4689 6368 2800 3186
8901 5632 367 366 361
8902 2736 2659 3438 4224
8903 2639 2653 3579 3670
8904 5524 2730 994 4204
8905 4661 945 952 944
8906 2798 964 957 965
8907 5399 58 353 348
8908 2655 2661 3814 3573
8909 6651 1230 1203 1183
8910 3412 6652 6332 6653
8911 5931 5732 2011 1975
8912 483 128 5316 6082
8913 3412 6653 3414 3413
8914 4661 951 944 952
8915 3412 6332 6333 3409
8916 3194 3216 3217 3905
8917 3194 3378 3906 3379
8918 6654 1342 1371 1311
8919 5790 3379 3382 3906
8920 3212 3213 2699 3206
8921 6655 2254 2181 2208
8922 3194 2886 3905 4262
8923 6050 5809 1054 1045
8924 6656 956 963 955
8925 6657 1447 1476 1409
8926 3217 3905 4640 4262
8927 3905 4262 5370 4640
8928 3905 4511 4640 6517
8929 3292 5890 6658 4247
8930 5888 4248 4229 4196
8931 4248 4229 4247 5888
8932 5281 956 256 963
8933 6646 2433 6639 2417
8934 5889 4248 4208 4196
8935 5889 4372 4370 5890
8936 6638 255 956 949
8937 5889 4367 4370 6659
8938 3292 5889 4370 5890
8939 6050 6493 1032 1026
8940 4323 5391 957 5399
8941 978 5521 971 60
8942 352 6397 357 4323
8943 5889 4208 4248 3293
8944 3295 3686 6027 6660
8945 4659 959 951 952
8946 2729 1000 993 1001
8947 3295 6660 6027 6029
8948 5399 358 353 59
8949 5905 5664 5667 6298
8950 5905 5664 6063 2483
8951 6661 960 952 953
8952 5518 361 5517 360
8953 5904 5663 2484 4997
8954 6493 5800 5623 5769
8955 5662 5905 5664 5667
8956 932 6662 939 940
8957 6649 2026 6663 2054
8958 5662 5663 5905 5667
8959 2817 2874 2881 2880
8960 4703 6664 6665 6496
8961 6656 955 963 962
8962 2693 4492 2879 3879
8963 5605 5657 1019 1029
8964 6650 960 961 968
8965 3398 4195 2577 2593
8966 2992 2816 3447 3808
8967 4733 5141 3021 3024
8968 3046 4733 3044 4143
8969 4143 3046 4733 3021
8970 3046 2809 5687 4144
8971 2894 2887 3558 2896
8972 3915 4590 3022 2896
8973 5281 256 956 255
8974 3915 3558 4695 2896
8975 4590 4144 5393 5189
8976 3387 4170 4177 4172
8977 5632 361 6397 362
8978 4175 5628 6341 5739
8979 6341 6124 6613 4175
8980 2798 972 971 964
8981 4666 3393 5848 4675
8982 3266 833 826 222
8983 3393 3386 3391 4174
8984 4690 347 5391 4323
8985 3387 3392 4170 3389
8986 5804 1053 5809 1045
8987 6604 2279 5538 6640
8988 3392 3390 4170 3389
8989 3392 2787 2780 4097
8990 6523 4175 5628 4178
8991 3850 3817 6401 3847
8992 2800 2801 5574 2802
8993 4627 1130 1149 1111
8994 3843 3817 6401 3850
8995 3848 3843 4921 3850
8996 5503 3266 222 833
8997 5029 6666 4331 5618
8998 4924 3848 4979 3870
8999 3398 5292 4195 1627
9000 3847 3888 5068 3819
9001 3847 3848 3817 3819
9002 4963 3848 3847 3819
9003 4963 3847 3849 4964
9004 962 6271 955 954
9005 4963 3819 3881 3820
9006 4963 3849 3848 4101
9007 5769 5800 5623 5799
9008 3847 3850 3849 3865
9009 4100 4979 3848 3820
9010 6667 976 969 977
9011 941 6604 948 949
9012 260 4290 259 984
9013 3847 6401 3850 3865
9014 3439 3440 3442 3806
9015 4425 4420 4426 5046
9016 3439 3963 3959 3440
9017 3440 3806 4755 5144
9018 378 373 5604 63
9019 4412 6195 6193 6036
9020 3442 6193 3806 5144
9021 5761 378 377 372
9022 5656 5623 374 375
9023 3439 2845 4236 3960
9024 376 371 5633 5761
9025 6193 4412 6192 3442
9026 5771 5309 5750 5716
9027 899 900 5504 5699
9028 3805 3806 6193 6530
9029 4380 965 2798 958
9030 5447 5450 5804 6668
9031 6669 1255 1203 1230
9032 5818 916 6616 5654
9033 6050 5809 1045 5799
9034 5759 5816 1007 1073
9035 5818 6599 6616 6670
9036 5818 2976 6599 6670
9037 5618 1227 1203 1255
9038 5818 6564 917 2976
9039 5570 3291 4323 964
9040 4689 6438 2800 6368
9041 4203 988 987 980
9042 6661 967 959 960
9043 221 894 5504 899
9044 4689 3186 3188 6368
9045 4689 4691 3186 2665
9046 4689 2802 4691 2665
9047 6671 976 975 968
9048 4689 4729 4691 2802
9049 5568 2481 2482 2498
9050 6672 983 982 975
9051 4203 981 980 973
9052 4689 6438 5574 2800
9053 4110 4142 4141 2979
9054 5670 4289 6415 4288
9055 984 6667 977 976
9056 6272 6673 2279 2155
9057 4288 4289 6415 6117
9058 970 4290 977 258
9059 4289 6674 4287 6415
9060 4289 4285 6674 6675
9061 4289 4141 4055 4288
9062 2909 4110 3599 2981
9063 5792 63 64 378
9064 3561 4235 6546 6676
9065 5604 62 992 63
9066 6677 3560 6676 3565
9067 6050 5800 1032 6493
9068 4250 4273 4582 5129
9069 4233 4582 3561 3563
9070 5761 376 382 381
9071 3563 3065 3565 3561
9072 3561 4235 6676 6549
9073 978 985 2797 2796
9074 4250 4582 4273 3565
9075 979 2798 972 971
9076 6050 6095 5786 5809
9077 4378 972 973 980
9078 4203 974 981 973
9079 2696 3879 4354 2691
9080 4378 979 972 980
9081 3232 3759 3233 3234
9082 6050 6095 5769 5652
9083 2871 3878 3557 3757
9084 2689 3677 4180 6012
9085 6650 961 953 954
9086 4704 975 982 974
9087 4408 3669 3363 3364
9088 6493 6097 6050 5652
9089 4629 6001 3359 4180
9090 4704 982 981 974
9091 4704 989 988 981
9092 5219 6678 6679 1312
9093 3668 4180 4763 4487
9094 983 984 6667 6494
9095 4487 2688 3668 4180
9096 3462 261 991 260
9097 2688 4487 3668 4485
9098 4020 3668 4490 4485
9099 3595 1944 3594 2000
9100 420 2922 414 2924
9101 3032 4337 3582 4342
9102 4337 6596 6121 4342
9103 260 4290 984 991
9104 4337 6121 6596 6309
9105 3172 998 1005 997
9106 4337 6121 6122 4342
9107 4336 6100 5913 6309
9108 5281 257 256 2497
9109 973 5524 980 4203
9110 4337 5913 3582 6680
9111 3073 3488 3803 4781
9112 3074 3638 4716 4779
9113 3836 3833 5735 3835
9114 992 2796 985 5604
9115 5809 1045 1072 1054
9116 3828 3832 3830 3833
9117 4079 5352 4082 5735
9118 5657 1020 386 1019
9119 5605 386 387 1019
9120 5319 5932 5951 417
9121 3894 3136 3891 3901
9122 5657 1020 1029 1021
9123 6095 5809 6099 5786
9124 3898 4021 4513 4500
9125 5393 5395 5599 5588
9126 894 899 900 5504
9127 4378 987 979 980
9128 5299 37 1017 1025
9129 4780 4704 989 988
9130 4378 986 979 987
9131 2922 5951 416 411
9132 4150 4500 3898 6137
9133 2686 2885 3661 2680
9134 6672 990 982 983
9135 3136 3894 3891 2686
9136 3898 4140 3897 6137
9137 3891 3898 4140 3897
9138 1032 5800 384 36
9139 3898 3896 3899 4513
9140 3461 271 1669 264
9141 6672 989 982 990
9142 3894 3902 3898 3899
9143 5924 3994 4162 6594
9144 5924 4950 6681 4955
9145 1008 1261 267 1009
9146 5924 4956 4950 4955
9147 5924 5549 4157 4955
9148 5860 5951 2922 411
9149 5924 4950 6682 6681
9150 2593 2577 262 3461
9151 5924 6682 5191 6594
9152 6494 998 990 991
9153 4635 4308 4634 4271
9154 4271 6441 4270 4816
9155 6683 5515 5517 5656
9156 5792 1006 64 999
9157 4271 4304 6441 4816
9158 2797 992 985 993
9159 5860 411 2922 410
9160 5604 5762 992 2796
9161 5860 5951 5915 5892
9162 5816 993 1000 992
9163 6362 4304 6684 4271
9164 5860 5891 404 409
9165 973 5392 965 972
9166 6050 5799 1045 1032
9167 5623 379 374 380
9168 4271 6441 4269 4270
9169 2729 994 993 986
9170 4308 4304 6084 6362
9171 4271 6684 6441 4304
9172 4204 994 995 1002
9173 995 4203 987 994
9174 5105 3673 3674 5057
9175 2997 5009 4828 4827
9176 3673 3674 3675 3631
9177 4828 3673 3675 3690
9178 5296 997 996 989
9179 5105 3631 3673 3689
9180 996 5296 6665 1003
9181 4204 1001 994 1002
9182 269 1073 1007 1006
9183 1003 5297 1011 1004
9184 2995 3673 4679 3674
9185 3987 2930 2997 3991
9186 5010 3839 4679 5009
9187 3872 4911 4366 5527
9188 3462 2577 262 261
9189 4780 1003 1002 995
9190 4605 4913 5092 6685
9191 3461 3172 1669 4195
9192 5297 1011 265 1010
9193 129 5950 565 6082
9194 3198 3285 3283 2899
9195 3198 2903 3815 3200
9196 3172 1005 1012 1004
9197 3462 998 991 261
9198 5296 1004 1003 996
9199 3815 3283 6552 3816
9200 6296 2317 2251 2222
9201 5835 3815 6686 3686
9202 2959 3816 3815 6178
9203 3815 3685 6178 3816
9204 2859 2941 2718 2795
9205 5792 64 383 378
9206 3198 5963 3815 6686
9207 5792 383 65 388
9208 1020 68 69 385
9209 5816 992 1000 999
9210 5791 5605 1042 6668
9211 5055 4680 4976 5172
9212 4327 1119 1137 1091
9213 5361 3674 4976 5054
9214 4780 996 1003 995
9215 5055 4976 3674 5054
9216 4976 4972 5172 4974
9217 4968 4977 4976 5211
9218 3916 5533 5535 4098
9219 3740 4098 6162 6161
9220 6425 5397 6687 6550
9221 4204 1008 1001 1009
9222 4017 4429 3749 4402
9223 3740 3712 3710 6161
9224 4204 1009 1001 1002
9225 1233 269 1007 268
9226 3314 3745 3720 3770
9227 3315 3737 3745 4847
9228 3340 3746 3745 3770
9229 3737 3738 5223 6162
9230 3737 5223 3738 4847
9231 2891 5127 3305 6520
9232 3878 4466 3548 4154
9233 2887 2874 3305 2888
9234 4464 3270 3547 3548
9235 1010 5297 1011 1003
9236 1261 4204 1009 1008
9237 3548 4155 4154 5456
9238 3305 2887 6445 2873
9239 2740 2757 2741 2761
9240 3548 3446 5230 5456
9241 3759 2806 3753 4329
9242 264 1011 3172 1012
9243 3462 262 1005 998
9244 3264 2762 3026 2763
9245 3172 1012 1011 1004
9246 2750 3548 4466 3446
9247 3203 3204 4218 3636
9248 4420 4236 4217 4424
9249 1021 384 69 70
9250 1015 1042 270 1006
9251 1233 268 1007 1008
9252 4218 3203 5701 4217
9253 5937 537 544 126
9254 2729 1007 1000 1008
9255 2713 3732 3814 3637
9256 3290 3732 3636 3114
9257 3732 3637 5020 3814
9258 4780 1003 1010 1002
9259 3732 3636 5020 3637
9260 3290 3107 3202 4153
9261 1002 1413 1009 1010
9262 4704 4705 6665 989
9263 2706 2704 3400 2707
9264 2691 3577 3935 3784
9265 3785 3784 3938 3936
9266 6104 5218 4698 4696
9267 3212 3938 3218 3216
9268 2700 2694 3213 2691
9269 3784 4340 2691 4354
9270 3785 3938 3219 3220
9271 3890 4340 4354 4392
9272 4357 3784 3936 3938
9273 3890 3784 4354 4340
9274 4567 5314 6114 6660
9275 265 1010 1619 5297
9276 3490 5314 3719 3796
9277 3461 1012 263 22
9278 4975 6037 5074 3293
9279 2629 4579 4597 3792
9280 4566 4570 6039 5076
9281 4696 4703 6672 5295
9282 4290 258 259 977
9283 6338 6339 6341 6688
9284 6671 969 961 962
9285 2912 2917 3259 4278
9286 990 3172 997 998
9287 3461 264 22 271
9288 2545 3462 2561 3173
9289 3461 263 1012 1005
9290 3252 3133 3467 3254
9291 2914 3467 4352 3257
9292 3252 3258 3467 3257
9293 4204 4780 1002 995
9294 2917 3256 5580 2913
9295 3133 3253 3255 4320
9296 4292 3256 2913 5580
9297 3256 6380 6256 6255
9298 4292 3256 6255 4320
9299 4327 5631 6099 1082
9300 3113 3121 3573 3115
9301 2701 3728 2704 2707
9302 3732 5020 3636 3114
9303 1413 1010 266 1009
9304 6650 968 975 967
9305 1413 266 267 1009
9306 989 5296 997 990
9307 4218 3637 4235 5022
9308 6167 5411 6156 6689
9309 6167 5046 6179 4426
9310 6167 5465 5046 5409
9311 6167 5409 5463 5465
9312 4156 1447 1613 1476
9313 6167 5409 6689 5463
9314 6167 4426 6690 6223
9315 2871 3227 2873 2872
9316 4290 2513 2529 258
9317 6494 983 991 990
9318 998 6494 3173 991
9319 3004 6691 3008 3005
9320 6692 6534 6688 5397
9321 4356 3005 3503 3336
9322 6236 6235 6646 6061
9323 3006 3498 3337 3456
9324 3496 2766 3448 3336
9325 3092 3175 5210 6279
9326 2662 3175 3092 6279
9327 6494 991 983 984
9328 3059 3061 3092 3175
9329 6490 6693 5859 6377
9330 3400 3637 3559 4235
9331 3172 1005 1004 997
9332 3061 3560 3092 5210
9333 4447 5848 6694 4668
9334 1023 12 116 1037
9335 6203 2091 143 6165
9336 1037 6033 5988 1023
9337 6131 6132 506 6127
9338 5981 494 499 114
9339 6695 6696 6697 1132
9340 6225 1088 1103 1114
9341 6227 6226 1081 1088
9342 3699 6151 6135 572
9343 3092 6278 3560 6546
9344 2655 2713 3573 3814
9345 6415 5849 1077 6698
9346 6004 499 5981 500
9347 5012 2873 6643 5188
9348 4603 5959 5671 113
9349 5981 500 499 494
9350 3236 4653 3237 4583
9351 6033 1028 1066 1037
9352 4745 3007 2872 4353
9353 2696 3196 2878 3007
9354 6132 1013 1014 507
9355 1018 136 505 506
9356 5987 495 489 490
9357 5326 4498 462 457
9358 1017 36 3 37
9359 5252 4019 6699 5643
9360 3443 4019 5252 4457
9361 6490 5859 6693 4467
9362 5252 4753 4752 4457
9363 1017 37 4 1025
9364 5252 4019 5801 6699
9365 2975 6550 5660 6700
9366 5252 6701 5668 5801
9367 5251 4442 6702 6703
9368 5641 39 5642 40
9369 6704 1064 1049 1041
9370 3523 3567 3556 3525
9371 4747 4821 4820 1076
9372 3523 3525 3524 5369
9373 5315 5937 126 473
9374 5300 5651 4832 35
9375 3523 3556 3567 3569
9376 5815 6564 5767 6625
9377 1017 36 1026 3
9378 6705 1838 1808 1842
9379 5990 490 491 496
9380 3075 3523 3076 5749
9381 6004 505 504 499
9382 1022 504 137 138
9383 3523 2844 3556 3569
9384 3075 3552 3523 5749
9385 4411 4426 6197 6223
9386 4410 4414 4426 4411
9387 849 857 850 3139
9388 1646 864 1665 232
9389 5363 855 190 848
9390 3139 3141 1665 864
9391 4414 4411 6179 4426
9392 6694 5267 5268 4638
9393 1634 782 194 195
9394 4411 4928 6179 6690
9395 4412 6195 4411 6197
9396 5381 766 783 782
9397 862 5362 234 6541
9398 5381 750 767 766
9399 5381 734 751 750
9400 5152 6629 5859 4467
9401 5982 116 87 86
9402 1016 12 9 87
9403 3804 3802 6079 3805
9404 4410 5422 4424 4421
9405 6706 1140 6707 6674
9406 4412 4411 4426 6197
9407 4584 5790 4585 3906
9408 6490 6377 6106 6458
9409 1016 1023 12 116
9410 6038 85 115 86
9411 1016 116 5989 1023
9412 5316 6091 483 6082
9413 4357 3906 3938 4073
9414 5933 6008 5906 1024
9415 4603 84 114 85
9416 4357 3906 4585 4512
9417 5982 115 5989 116
9418 3745 3770 3746 3720
9419 5954 1050 1038 1063
9420 3906 3379 3378 4584
9421 6026 1131 1108 1148
9422 6708 2037 2043 1988
9423 4360 3216 3906 3382
9424 5989 1016 5982 116
9425 6709 1173 1206 1190
9426 6710 1195 1174 1153
9427 3529 6126 3779 3534
9428 4603 84 6319 83
9429 4120 1061 1039 1051
9430 5989 1016 1039 1038
9431 5407 1180 1204 1159
9432 2829 3535 3534 3529
9433 5850 1098 1075 1108
9434 3529 660 2829 3530
9435 6711 1912 6712 6713
9436 5849 1077 1092 1075
9437 6021 6020 5022 5877
9438 3529 3530 5469 660
9439 3528 3761 3531 5467
9440 3528 3532 3531 3761
9441 6271 6662 6650 4700
9442 6638 949 6640 942
9443 4468 6458 5037 4436
9444 3528 3733 3761 5467
9445 367 372 373 5604
9446 3532 3529 3779 3534
9447 3461 2593 271 263
9448 4821 1096 1062 1079
9449 5799 1045 1032 1021
9450 3529 3535 3534 3528
9451 5650 5420 1779 3587
9452 5378 6714 5656 5623
9453 5315 127 478 473
9454 6099 1072 1097 1082
9455 4204 5524 4509 4203
9456 3771 3529 6126 3779
9457 3594 2000 3591 3595
9458 3354 2689 3656 4365
9459 2915 2916 2671 3464
9460 3 1032 36 1026
9461 3352 4125 5079 4743
9462 5991 447 88 89
9463 6124 6105 6378 6613
9464 5982 1038 1024 1016
9465 5989 4119 5982 1038
9466 6108 4304 6084 6086
9467 5954 1063 1038 1047
9468 4175 5738 5739 4174
9469 3271 5131 4526 5130
9470 5851 1047 1075 1063
9471 6410 6498 6489 3695
9472 4138 1051 1023 1052
9473 6410 4948 6489 4951
9474 4833 4956 6410 5925
9475 5976 84 428 83
9476 5920 1216 1244 1278
9477 5976 433 428 84
9478 4833 6410 4522 5925
9479 5125 5700 4424 6637
9480 5961 436 441 435
9481 5964 439 95 434
9482 6410 6489 6498 4951
9483 3370 447 441 442
9484 3370 447 446 441
9485 5710 1115 1084 1102
9486 3385 437 432 438
9487 3385 438 432 433
9488 5982 5906 87 1024
9489 3852 5271 4240 2832
9490 2835 4188 2834 4210
9491 3628 5959 3311 5917
9492 4666 4173 4675 4672
9493 3780 5089 3406 5091
9494 5315 126 127 473
9495 2822 3871 2834 4220
9496 2820 5922 3309 3405
9497 2897 3855 3856 4788
9498 126 544 5937 5315
9499 3291 5521 5399 964
9500 5299 1017 1041 1025
9501 2830 3162 2820 3309
9502 5657 5799 385 1021
9503 6050 6096 6095 6097
9504 372 377 5761 371
9505 1006 65 1015 5791
9506 2832 2835 3869 2898
9507 2797 993 985 986
9508 2934 3955 2852 3598
9509 5630 5518 364 359
9510 2851 2857 3628 2988
9511 5761 5605 381 382
9512 2859 2902 3200 2903
9513 1043 227 244 20
9514 6124 6105 5268 6378
9515 6625 1059 1624 1035
9516 1034 926 927 241
9517 924 244 5793 227
9518 2731 3585 3579 3584
9519 5766 5697 5698 900
9520 2859 2795 2718 2865
9521 2728 3184 2727 3579
9522 5660 927 928 240
9523 2977 922 923 928
9524 5826 6228 5825 5814
9525 6276 6715 5634 6574
9526 5826 5824 5293 5537
9527 5793 925 1035 243
9528 2977 922 928 927
9529 5660 1034 1033 1044
9530 5826 5293 6634 5537
9531 5907 918 913 39
9532 5826 5785 5667 6298
9533 5659 1033 1056 1044
9534 6716 1049 1070 1056
9535 2781 2788 2785 2786
9536 4172 831 824 832
9537 5252 5643 5668 4753
9538 6700 1044 1056 1071
9539 6702 1139 1123 1118
9540 3391 3392 4445 4174
9541 6717 4753 1100 5643
9542 5521 5399 59 5522
9543 60 61 978 5521
9544 3340 3318 3339 3317
9545 3745 3747 4446 2710
9546 6718 39 5300 38
9547 5632 5521 3291 2796
9548 6567 847 854 846
9549 3747 5208 4446 2710
9550 6483 6485 3912 6540
9551 3098 4554 3772 3095
9552 4675 5739 6124 5740
9553 5767 915 921 920
9554 5793 1624 1035 6625
9555 5793 1043 868 227
9556 230 229 866 1143
9557 5099 5196 4942 4905
9558 5660 1033 240 928
9559 4777 859 867 866
9560 4777 860 859 852
9561 1086 868 1624 228
9562 4943 4942 5099 5575
9563 4777 853 852 845
9564 6199 6200 5026 6202
9565 6199 5099 4907 4905
9566 4775 1105 4776 1143
9567 4775 1086 229 867
9568 6719 5756 5397 6567
9569 2977 5660 927 928
9570 5659 6716 1056 3640
9571 5660 1034 5815 927
9572 5099 4943 5575 5097
9573 5521 5604 978 2796
9574 4669 5208 3391 3394
9575 6200 5099 5098 4907
9576 6533 1070 1089 1071
9577 6703 1118 1089 1104
9578 5099 4907 5097 5098
9579 6700 1044 1071 1067
9580 523 124 530 4498
9581 845 5415 6523 844
9582 4498 537 5937 125
9583 6485 1634 6540 1635
9584 2857 2986 2983 2793
9585 5257 858 850 851
9586 5444 3810 6720 2724
9587 2986 4220 2985 3809
9588 5444 3954 5978 5977
9589 6721 1415 1615 1185
9590 5741 844 836 837
9591 6722 1249 1283 1226
9592 6588 1117 1136 1104
9593 3386 4174 4173 3388
9594 4172 825 832 824
9595 3140 1646 1478 1616
9596 3389 4176 6522 6513
9597 2989 3776 4532 3777
9598 6459 5480 6723 6553
9599 6439 702 703 719
9600 6312 2228 6724 6354
9601 2989 3810 5078 3777
9602 6515 1477 1649 1496
9603 6528 5375 5615 3542
9604 4437 1123 1139 1209
9605 607 6353 623 6327
9606 6322 1415 1344 1446
9607 2377 177 606 605
9608 5444 4532 3954 5977
9609 4853 4396 5258 5256
9610 4853 3833 3832 5714
9611 3512 824 816 817
9612 5679 3542 5375 3539
9613 5628 831 6523 4178
9614 801 5261 6521 6725
9615 5225 700 699 683
9616 6440 5953 734 718
9617 6482 764 780 763
9618 6431 1479 1345 1407
9619 5110 5095 3833 5714
9620 3539 5679 3546 6524
9621 5660 1034 1044 1059
9622 5703 5704 4087 5936
9623 5793 1624 6625 6579
9624 6625 5815 925 920
9625 4085 4080 5355 5353
9626 4086 5256 5746 5711
9627 3944 3833 3832 3834
9628 4360 4361 4683 4512
9629 1015 65 270 6
9630 1015 270 65 1006
9631 4683 4512 4361 6433
9632 4853 5258 4396 3836
9633 5657 5799 1021 1029
9634 5142 4764 6575 6574
9635 5605 5791 387 382
9636 5605 1029 1019 1042
9637 3831 3828 3832 3830
9638 5809 5786 1054 1072
9639 4546 2946 2953 2956
9640 2953 2954 4556 3832
9641 5727 3542 5375 5679
9642 5632 5521 367 362
9643 3832 2953 4360 4683
9644 5800 384 379 385
9645 1019 1015 67 387
9646 4853 5714 5258 3833
9647 3748 4432 3749 6106
9648 5800 385 379 380
9649 1020 1019 68 386
9650 2784 4097 2787 4403
9651 4096 5227 2780 3738
9652 5657 1020 1019 1029
9653 6726 2159 2222 2235
9654 6671 961 969 968
9655 265 1011 3172 264
9656 6667 977 969 970
9657 2782 3392 2780 4096
9658 962 6271 954 6671
9659 2784 3739 2783 2780
9660 6638 6235 2465 2449
9661 5679 5621 3542 3541
9662 257 4290 5281 970
9663 2789 4177 3392 4170
9664 4097 4403 4432 2787
9665 3374 6438 5930 4660
9666 4156 1627 1613 1447
9667 6727 1401 1435 1397
9668 5292 1669 1627 1621
9669 3590 2811 6300 4525
9670 5355 5496 6728 6729
9671 3590 3374 5930 3080
9672 3375 4520 5452 3084
9673 5538 2299 5539 6646
9674 6661 967 966 959
9675 6176 6266 5182 5181
9676 6496 1619 1621 1411
9677 5219 6679 1289 1312
9678 6665 1413 1010 1619
9679 6650 961 960 953
9680 5297 1619 265 1621
9681 4524 6438 2800 6216
9682 4702 4780 6665 6664
9683 4147 4523 4524 4379
9684 4147 4524 4143 4525
9685 5297 3172 1011 1004
9686 6730 5774 4005 4007
9687 5296 997 3172 1004
9688 5537 6236 5540 5539
9689 5774 5217 4004 6176
9690 5774 5217 4005 4004
9691 1413 1619 266 1010
9692 6672 989 6665 4705
9693 6665 1003 4780 996
9694 4204 4509 6731 4780
9695 5774 4004 5181 6176
9696 5774 4004 6635 5181
9697 973 966 6661 974
9698 974 973 4503 6661
9699 6662 954 946 947
9700 3513 5998 5999 3516
9701 4876 3937 6732 6733
9702 6734 6604 955 6271
9703 6175 1349 1289 1379
9704 6270 6671 961 954
9705 6664 1262 1413 1379
9706 5816 6668 1042 1073
9707 2625 2627 2630 2635
9708 6664 1413 1619 1379
9709 6731 1262 1261 1413
9710 1010 4780 1002 1413
9711 2949 3517 4579 3380
9712 1009 1261 267 1413
9713 2952 2884 3380 2951
9714 2796 992 985 6735
9715 5272 5273 25 26
9716 6736 1924 1972 1949
9717 964 5521 5399 59
9718 3080 5930 4659 3374
9719 3382 2951 2952 2953
9720 5640 5755 5652 5653
9721 5392 4503 5524 973
9722 3435 6737 6194 6738
9723 3039 5111 4579 2951
9724 2955 2946 2953 4546
9725 5353 5496 6729 5566
9726 3380 2951 2626 3039
9727 2880 4466 3878 4433
9728 5787 1282 1246 1227
9729 5204 1473 1509 1563
9730 5274 1212 1168 1194
9731 6661 952 960 959
9732 2695 3008 3035 3005
9733 5810 1904 1880 1926
9734 2872 2873 3008 3454
9735 4876 6739 6733 6732
9736 3004 2872 3453 3007
9737 60 5522 358 363
9738 6651 1164 1183 1203
9739 3305 6691 5127 3005
9740 6740 4619 4622 1079
9741 5300 5651 35 34
9742 5786 1072 1082 1054
9743 3008 3454 2873 6643
9744 4747 5655 4821 1062
9745 3005 3008 3305 6691
9746 6741 1119 1138 1164
9747 4992 3197 3456 3007
9748 3235 5015 3238 5993
9749 59 5522 358 60
9750 6742 6659 6743 6744
9751 6745 4207 6746 6742
9752 4239 4615 4238 4243
9753 6742 4207 6746 4196
9754 5889 4207 6742 4196
9755 4367 6028 6747 6742
9756 6742 4367 6744 6748
9757 4349 1705 1713 1712
9758 6742 4207 4367 6028
9759 3821 3605 3688 2860
9760 4804 3821 3605 3688
9761 2864 2858 2862 2861
9762 2832 2897 4240 3852
9763 3295 6660 3694 3686
9764 3068 4444 3605 4443
9765 3957 1346 1408 1608
9766 3815 3685 2860 3821
9767 4349 1698 1706 1705
9768 2861 3604 2860 3605
9769 3705 3806 3699 5144
9770 3806 3699 5144 6193
9771 3440 3442 6088 3441
9772 2675 3505 2592 2723
9773 6331 1723 1715 1716
9774 3923 3118 3117 3958
9775 6079 3805 6170 3804
9776 3906 5790 4360 3382
9777 3406 3160 3781 2945
9778 5019 2631 2626 3493
9779 3377 3378 4134 4133
9780 2632 3486 3661 4489
9781 3120 3117 1727 3119
9782 6749 1280 1319 1252
9783 3658 3514 4150 3897
9784 4489 2672 2688 4485
9785 5540 6235 6646 6236
9786 6750 1200 1180 1157
9787 3772 4552 3773 5675
9788 1733 5287 1741 1734
9789 3471 3470 4254 5797
9790 6751 1652 1373 1648
9791 4305 2723 2675 1641
9792 3058 4614 6618 4239
9793 4126 3421 4435 5783
9794 2925 3274 2915 2912
9795 3133 4198 3254 3253
9796 4130 3255 6380 4439
9797 6380 4320 3256 3255
9798 5425 6752 2163 2217
9799 6733 1702 3058 3937
9800 5032 5352 5417 5357
9801 4079 4085 5264 5353
9802 6753 1315 1287 1253
9803 4082 5572 5488 5513
9804 6754 2645 5853 2643
9805 6739 1694 1693 1686
9806 5880 6653 6652 3413
9807 3928 1280 1320 1346
9808 6755 1652 1609 1380
9809 4083 5416 5757 5114
9810 3284 3283 6756 3285
9811 4184 1180 1228 1204
9812 6349 5962 5972 5923
9813 5146 1069 1050 1083
9814 3413 4241 6757 4246
9815 2868 3199 3853 2866
9816 3873 3281 3875 3522
9817 6758 1083 1113 1101
9818 5319 412 418 417
9819 426 3858 5932 2923
9820 3249 3773 5808 3250
9821 6759 6760 2004 2042
9822 5508 5887 5837 5846
9823 5961 446 445 440
9824 5150 6761 5149 3342
9825 5310 3522 3284 3504
9826 6615 1135 1102 1112
9827 5891 1718 1711 99
9828 6615 1115 1102 1135
9829 5436 1343 1380 1320
9830 3284 2904 3285 5725
9831 2622 3036 2717 2660
9832 3332 4656 3331 4966
9833 2957 2960 2959 2962
9834 5639 81 5922 82
9835 6762 1393 1443 1353
9836 5272 5265 329 5273
9837 6612 1180 1135 1157
9838 5955 1098 1063 1075
9839 3284 5725 3504 2904
9840 3667 3328 3327 3323
9841 3378 3515 4723 3381
9842 4495 3514 4150 4152
9843 6763 1220 1200 1174
9844 3937 3058 4615 1709
9845 5521 5522 60 363
9846 3513 3514 3516 5999
9847 5944 5906 5948 6238
9848 2630 2629 3040 3792
9849 5962 1124 1058 1060
9850 2635 2633 2632 4593
9851 4150 3514 6138 3897
9852 3134 4133 3137 3891
9853 6345 2058 2079 2018
9854 4136 3378 3515 4723
9855 6257 1867 6261 5871
9856 4091 6122 4092 3182
9857 5845 1159 1217 1160
9858 3384 85 438 433
9859 6764 1320 1280 1257
9860 3191 3145 3138 3226
9861 6612 1159 1135 1180
9862 3058 1703 1710 1702
9863 2684 1722 1730 1729
9864 5399 358 59 5522
9865 4567 6660 5074 6039
9866 4567 6660 6039 4564
9867 5150 5151 6538 6150
9868 6027 4564 6660 3816
9869 5850 6031 1092 5849
9870 6420 3570 4564 3816
9871 5954 1024 1038 1050
9872 5869 1910 1930 1890
9873 1176 1152 6765 1192
9874 6766 6767 1534 1503
9875 6768 5149 6538 6761
9876 3570 3490 3048 4564
9877 3793 3490 3040 3717
9878 6711 1873 1894 1855
9879 5319 5897 412 5951
9880 4879 4877 4245 4243
9881 5147 1083 1101 1069
9882 5922 2856 3273 3312
9883 4877 4876 4243 4879
9884 4237 4242 4245 5266
9885 4245 5472 4882 4242
9886 5955 1098 1083 1063
9887 4727 5751 936 5308
9888 3311 82 5917 83
9889 4245 4243 5472 4246
9890 4826 4592 4824 6275
9891 4326 1130 1091 1137
9892 6769 1788 1797 1772
9893 3463 4213 4651 5174
9894 4293 3133 3467 3130
9895 3339 4850 3340 3772
9896 5758 1947 1899 1923
9897 3467 4352 4648 6288
9898 3274 6264 3257 4649
9899 4323 6397 357 3291
9900 6096 1068 6740 1048
9901 4744 4858 3050 3091
9902 6770 6771 5861 1881
9903 5631 4326 1068 1091
9904 4744 3091 4226 6772
9905 4562 1515 1452 1489
9906 5345 1899 1905 1860
9907 2815 4226 4744 3091
9908 3338 3249 2677 3246
9909 1897 1923 5013 1881
9910 4869 3010 6773 6292
9911 6606 2231 248 932
9912 3010 4744 6292 4869
9913 6605 940 6606 933
9914 6096 1048 1054 1068
9915 38 36 35 5300
9916 6740 1079 1048 1068
9917 2788 4902 4897 4318
9918 5154 3917 4897 5156
9919 6050 1026 1032 1054
9920 4749 4747 4456 4822
9921 5154 5157 2788 5156
9922 4832 6493 36 35
9923 5156 5154 5155 5153
9924 5535 4098 3917 3916
9925 2785 2788 4318 2786
9926 2791 2792 6774 6391
9927 4327 1082 1097 1091
9928 2797 978 979 986
9929 2791 2788 4902 3544
9930 2791 5157 6528 6774
9931 2788 5545 5157 6774
9932 3455 6775 6776 4720
9933 4992 3456 5928 3455
9934 3227 4934 5015 5992
9935 3456 5928 3455 3004
9936 6632 2028 6624 2090
9937 6605 6604 941 2279
9938 3455 3453 4746 4720
9939 6104 6103 6269 6578
9940 5149 6538 6761 5150
9941 6271 947 948 955
9942 5573 326 2420 2419
9943 5928 3503 3004 3456
9944 4963 4102 4100 3881
9945 6777 1221 1227 1246
9946 4978 4924 4979 4981
9947 4924 3848 4921 6778
9948 6061 6236 5539 6646
9949 5538 2272 2323 2279
9950 4100 3848 5117 4958
9951 5787 1227 1255 1282
9952 5198 1403 1441 1371
9953 4979 5519 4981 3870
9954 6665 1010 4780 1003
9955 6236 4291 6234 5568
9956 4204 1413 1009 1002
9957 5219 1312 1289 1349
9958 5001 4999 5117 5116
9959 4104 4100 4979 4105
9960 4105 4980 4979 5519
9961 4978 4201 4986 4105
9962 6779 1493 1448 1519
9963 5582 327 2419 2418
9964 5281 2513 257 2497
9965 4978 4982 4985 4924
9966 3398 1613 4156 1627
9967 4709 6780 5586 6781
9968 4707 3700 4709 3701
9969 4709 4711 6092 5546
9970 4707 3922 6092 4711
9971 4709 6780 3701 6782
9972 3924 3210 3921 4598
9973 6296 2222 2274 2317
9974 2774 3639 3126 3931
9975 3934 1508 1563 1565
9976 3211 3424 3429 2920
9977 6352 3771 5468 3892
9978 6671 969 976 968
9979 2911 2921 2919 2913
9980 2927 2914 4352 3465
9981 4213 3280 4651 3901
9982 2681 2689 4180 2688
9983 3897 6137 4137 6138
9984 5469 3893 643 6471
9985 2715 2717 3361 2716
9986 644 660 5468 3893
9987 2715 2717 3036 3361
9988 4319 3298 4803 3735
9989 3893 5468 2828 3892
9990 3384 438 85 86
9991 3860 2673 6299 3240
9992 628 644 2828 3893
9993 10 1036 93 1760
9994 5976 83 3312 84
9995 6238 443 5906 448
9996 2720 3298 3735 4803
9997 3297 5053 5051 3788
9998 1031 1036 445 91
9999 5423 93 94 444
10000 3168 3165 3171 3060
10001 6783 5964 94 1753
10002 5961 445 5940 5423
10003 5962 1060 5991 6238
10004 5418 2779 587 6259
10005 6238 5906 1030 448
10006 5991 1031 1030 1060
10007 5906 86 87 443
10008 6008 1024 1050 1055
10009 9 87 1030 1024
10010 3064 3296 3813 5051
10011 5991 89 1031 447
10012 2654 2657 2656 2667
10013 3527 3364 3323 3669
10014 3279 3895 4518 4650
10015 3135 2918 2926 3985
10016 4025 3775 5955 3778
10017 5962 1141 1124 1060
10018 1760 5923 5949 1142
10019 3276 4281 4678 4365
10020 3465 4648 4352 5677
10021 5948 1055 6238 5906
10022 5971 1141 5962 1060
10023 5971 1141 1060 1084
10024 5709 1159 1115 1135
10025 2911 2920 2919 2921
10026 5649 83 428 423
10027 2912 3471 3258 3257
10028 2917 3256 4279 6256
10029 2669 2689 2688 2671
10030 4238 5876 4615 4613
10031 2925 3465 2918 4213
10032 2915 2926 2687 3280
10033 3463 3280 3274 4649
10034 2673 5957 2924 2923
10035 6784 2215 2258 2184
10036 5543 1335 1301 1278
10037 5271 6345 5941 6785
10038 6586 1396 1432 1399
10039 4266 5979 4263 4294
10040 4987 4989 6441 4816
10041 4272 5974 4253 4251
10042 3399 5090 6754 79
10043 6786 1152 1113 1131
10044 5957 3858 5958 426
10045 6259 5418 3699 6151
10046 2723 2607 2608 1641
10047 3978 6277 5974 4809
10048 5050 6277 3978 3984
10049 4272 3978 5974 4809
10050 6119 567 574 566
10051 496 6127 5990 501
10052 3972 3984 3978 4808
10053 4023 3533 4031 5064
10054 6132 507 506 501
10055 6132 507 501 502
10056 1013 164 14 133
10057 5320 497 491 492
10058 4987 4808 3978 4816
10059 6132 1014 1027 1018
10060 3229 6356 3234 4330
10061 3229 4653 4957 6603
10062 3235 5992 3227 5015
10063 2870 3763 3234 3229
10064 1014 1018 506 136
10065 6132 1014 1018 506
10066 6083 6082 558 565
10067 6151 586 6129 579
10068 5985 5418 1057 1027
10069 1931 6208 6207 6189
10070 2696 2878 2693 2877
10071 581 2778 573 580
10072 5418 1074 1057 1027
10073 3213 4354 3784 2691
10074 1027 1013 586 164
10075 6132 1027 1014 1013
10076 3763 3234 3229 6356
10077 3244 3229 4653 4957
10078 6370 6385 696 5162
10079 3747 3738 5227 2710
10080 4447 4445 5847 5848
10081 4666 4667 3766 4673
10082 1653 203 773 774
10083 5372 570 563 571
10084 6387 727 5317 6787
10085 742 6330 3741 741
10086 3811 2725 2795 2865
10087 587 2779 580 6259
10088 2849 587 2779 580
10089 5242 1586 1605 1657
10090 741 6330 757 758
10091 2865 4516 2725 2716
10092 5245 1372 1347 1412
10093 2865 2725 6788 3811
10094 3809 4258 2865 3072
10095 6236 6234 5540 6235
10096 2942 3018 2824 2823
10097 6789 1645 6233 6790
10098 5143 4160 5145 6076
10099 5308 2011 245 1818
10100 6789 1645 6790 1623
10101 3783 724 740 723
10102 6119 552 560 559
10103 6035 546 554 553
10104 6035 539 547 546
10105 4160 4343 4335 4334
10106 2861 2864 2865 3072
10107 3809 2865 4258 3811
10108 4343 3033 4334 4160
10109 4940 3142 4937 6791
10110 5308 937 5747 936
10111 4940 6792 3143 6791
10112 4940 6793 4937 4941
10113 3437 2162 2278 143
10114 2883 2560 2544 304
10115 3144 4940 3901 3143
10116 3144 4139 3901 4941
10117 6223 1263 1291 1250
10118 5304 1263 1250 1197
10119 1883 4344 6206 1848
10120 3509 6794 5437 6795
10121 3509 6794 3506 4647
10122 3509 3500 6795 5437
10123 6259 573 565 566
10124 6017 6015 460 455
10125 3509 4345 6160 3335
10126 3509 6160 4345 5908
10127 3509 6795 3335 6160
10128 4238 4187 4244 4190
10129 6636 1263 1197 1626
10130 4063 6796 1080 1065
10131 6227 1066 1088 1081
10132 4238 4190 5876 5875
10133 4238 5875 2614 3416
10134 6797 1626 1103 1120
10135 6004 1022 1028 1037
10136 4190 4193 5876 2685
10137 2685 4190 4183 6798
10138 5839 4182 4913 4060
10139 4237 4244 4187 5266
10140 1646 864 3139 1665
10141 4238 3413 3415 3416
10142 4366 4911 4374 5527
10143 3139 6580 856 1643
10144 1646 1643 863 233
10145 6442 835 6553 6459
10146 4605 4606 4913 6685
10147 4371 4609 4607 4370
10148 6722 1226 6799 1249
10149 3292 5890 4370 4609
10150 6322 1344 1479 1446
10151 5308 937 5731 5747
10152 3389 6513 6522 6526
10153 6800 6326 4916 4040
10154 5889 4367 6742 4207
10155 5381 6540 783 767
10156 5145 5842 4160 6644
10157 1654 1618 781 765
10158 5842 6645 4160 4343
10159 6580 1643 1646 1668
10160 5381 6540 767 751
10161 6801 2271 2227 2228
10162 4229 5889 6659 4196
10163 5889 6659 4370 4372
10164 6314 621 620 604
10165 5438 704 5484 688
10166 4371 4370 4372 4609
10167 1651 866 1143 230
10168 5415 866 858 859
10169 5807 3251 3098 5808
10170 5415 852 859 851
10171 6721 1478 1615 1415
10172 5151 6245 6150 2677
10173 5415 6802 844 851
10174 3103 4552 4553 5808
10175 3141 1478 1646 1665
10176 2928 3249 3251 3250
10177 3619 3618 5023 6120
10178 4984 6120 6128 5118
10179 1646 1665 3139 3141
10180 4789 4791 3620 4792
10181 3141 1478 1665 1615
10182 6566 5400 5654 5893
10183 5498 1089 1123 1087
10184 4475 6533 6699 6703
10185 4917 3103 4560 3625
10186 5330 6128 5118 4984
10187 6803 5447 2799 6735
10188 6803 2799 4377 2797
10189 2974 918 38 923
10190 6688 1105 1067 1087
10191 5143 6088 6089 3441
10192 3508 2049 2068 2006
10193 6317 5125 4424 6637
10194 1169 3652 1191 6804
10195 992 5816 2797 6735
10196 2992 2991 3260 3711
10197 5907 2974 6718 5802
10198 5762 6735 5816 992
10199 5628 839 838 831
10200 6803 5759 5450 5816
10201 3640 1049 1025 1041
10202 6700 6533 6534 1071
10203 6074 5736 6805 6806
10204 6074 6013 6805 5736
10205 6074 4528 4664 5231
10206 4749 4753 6704 1064
10207 6074 4664 4528 4529
10208 6377 1209 1202 1229
10209 5640 33 5641 5648
10210 6074 5729 6806 6073
10211 3755 5243 3765 3764
10212 5628 838 846 845
10213 3528 3533 3734 3536
10214 5747 2011 5574 5931
10215 2642 3781 2945 2643
10216 4775 1143 229 1105
10217 5308 936 5747 5751
10218 5497 1087 1123 1121
10219 5756 853 6567 854
10220 4777 5628 6567 853
10221 6551 40 913 908
10222 2644 2643 2642 5086
10223 6625 5815 920 5767
10224 2823 2642 3781 2945
10225 5545 5592 4767 6516
10226 2942 3856 5086 2945
10227 5907 913 40 39
10228 2942 5086 3856 2641
10229 5299 1025 3640 37
10230 38 5299 6718 37
10231 5854 5743 6536 4671
10232 5299 6718 37 3640
10233 4832 6493 1026 36
10234 4832 5299 5300 36
10235 6740 1062 1048 1079
10236 4831 1040 1041 1017
10237 4669 4446 4447 4445
10238 5854 4673 6807 4674
10239 5854 6537 4041 4916
10240 4621 4625 4819 4820
10241 4673 4559 5240 4916
10242 2692 2693 3055 2819
10243 3218 3215 4511 4359
10244 3004 2877 2872 3007
10245 6458 1163 1181 1139
10246 6699 1085 1104 1070
10247 5251 6702 5498 6703
10248 3879 4354 2691 4340
10249 3577 2691 2692 2700
10250 6198 1132 1114 1155
10251 4057 1109 1094 1099
10252 6698 1077 1106 1092
10253 3784 2691 3577 2700
10254 3116 1877 1895 1917
10255 5430 1156 1171 1173
10256 6808 1065 1052 1081
10257 6117 1094 1122 1080
10258 6674 1106 1122 1140
10259 3784 3935 2691 4340
10260 4975 4248 6587 5077
10261 4248 5888 4247 6589
10262 4975 3293 4248 6037
10263 5989 4119 1038 1039
10264 4248 4249 5075 6587
10265 2856 82 3312 5922
10266 2891 2999 3807 6809
10267 6695 1109 1154 1145
10268 3915 3022 4590 4144
10269 2891 2892 2999 6520
10270 2891 6809 3807 3005
10271 2187 2116 5562 6745
10272 4028 1052 1065 1051
10273 3963 2847 3520 3488
10274 2888 3305 2887 2892
10275 2888 2896 2892 2887
10276 4344 1883 1866 1848
10277 6810 1242 1206 1218
10278 3371 3372 3373 6204
10279 6674 1106 1095 1122
10280 2803 3371 3373 2806
10281 3376 6177 4508 4002
10282 3589 4508 3376 3081
10283 6695 1109 1099 1132
10284 4224 3438 6647 5435
10285 3169 3365 2907 2904
10286 6415 6811 1095 1077
10287 3764 3823 3532 3531
10288 3505 2576 303 302
10289 2904 5719 5725 2907
10290 6812 6675 1156 5430
10291 3981 4283 5979 4266
10292 4306 2607 1641 1640
10293 4063 1061 1051 1080
10294 4063 1051 1065 1080
10295 5979 4250 5974 5038
10296 4544 5049 4265 4310
10297 5143 5528 5529 5863
10298 4233 4250 4550 3561
10299 6131 505 1018 1022
10300 5129 4250 5974 5979
10301 6014 1178 1155 1197
10302 6813 1173 1190 1162
10303 6814 1945 1964 1920
10304 3606 6196 4929 549
10305 4233 4544 4250 4582
10306 2942 2642 2945 5086
10307 4220 3271 4363 5130
10308 4221 5130 4220 4298
10309 2898 4238 3415 2831
10310 5426 2273 2233 2320
10311 6263 722 721 705
10312 1628 206 207 770
10313 2939 2795 2941 2868
10314 6443 771 770 754
10315 6352 3892 3893 6158
10316 3871 4257 2864 3071
10317 1628 771 1630 206
10318 6329 6444 771 1630
10319 2639 2611 2619 2727
10320 6815 1564 1586 1612
10321 6815 1586 1675 1612
10322 3764 3531 3532 3826
10323 725 3741 742 726
10324 5471 6461 5939 6816
10325 6745 4209 2187 2213
10326 1673 1630 772 205
10327 6808 4027 4055 6226
10328 3737 6162 5223 5222
10329 3063 3159 6003 3296
10330 6213 1412 1437 1372
10331 3571 3289 2661 2610
10332 3077 4056 4057 6817
10333 3159 3401 6006 5184
10334 3736 6233 1645 1664
10335 4781 3077 3489 6696
10336 2722 2724 6005 5185
10337 2662 3814 2661 4418
10338 6329 6399 739 6444
10339 3728 2707 4717 2704
10340 2705 3728 2909 2979
10341 4120 1039 1061 1047
10342 2659 6048 2668 3575
10343 4119 1047 1038 1039
10344 3953 4532 5977 3954
10345 5989 1023 1039 1016
10346 3412 3409 3414 6653
10347 6653 5880 5881 5834
10348 6050 1054 5809 5786
10349 3414 6618 5935 5883
10350 5804 1029 1053 1045
10351 3414 3413 6653 5880
10352 5450 1116 1053 1073
10353 3414 3413 4239 5883
10354 4239 3414 5880 3413
10355 1006 1073 5816 1042
10356 5816 999 1000 1007
10357 2884 2951 5194 6619
10358 3906 4584 3378 3225
10359 6808 1081 1099 1065
10360 6796 1065 1094 1080
10361 4136 3378 4723 4584
10362 3378 4723 4584 3379
10363 2946 2952 2956 2949
10364 3379 2953 2956 5790
10365 5890 4372 4609 5232
10366 6712 1873 6711 6818
10367 4229 5889 5890 5232
10368 3076 3523 3708 3526
10369 6614 1112 1157 1135
10370 6819 6820 2022 2002
10371 4845 6658 3292 4609
10372 3292 4247 6658 5542
10373 5850 3778 5078 3777
10374 6821 1902 1927 1946
10375 3776 3777 5850 6031
10376 3776 3777 6031 6698
10377 3776 5670 4532 5977
10378 6532 1345 1283 1314
10379 2178 6746 2147 2213
10380 5267 1345 1344 1283
10381 3776 5977 6415 5670
10382 3776 3777 6698 5977
10383 4622 1111 1079 1130
10384 380 5799 5378 5623
10385 4026 4120 4063 4288
10386 2849 162 163 587
10387 3030 2692 4848 4225
10388 4225 3013 3055 3016
10389 6259 572 565 573
10390 2990 2992 2752 2749
10391 1261 1008 268 1233
10392 3054 3055 3013 3053
10393 2739 3446 2748 2745
10394 4464 5456 3548 5230
10395 3446 3551 5230 4751
10396 3446 4452 5230 5456
10397 5960 6822 5961 5940
10398 3446 4751 5230 4452
10399 3446 2745 3551 3090
10400 5128 5941 5967 6785
10401 2832 3852 3397 2897
10402 4188 3869 4187 4911
10403 3412 4241 3415 4787
10404 2842 2969 2838 2843
10405 5878 5877 5020 5022
10406 5400 5697 5699 5503
10407 5685 2855 826 825
10408 6687 1067 1086 1059
10409 2831 2835 2898 4189
10410 6823 6190 6208 1863
10411 6021 1922 1940 2013
10412 1178 1154 6014 1132
10413 6817 6198 1132 1114
10414 4174 5848 6124 6105
10415 4445 6105 4175 6107
10416 4097 4445 2780 3392
10417 4175 4178 6523 3388
10418 5701 6398 6188 6824
10419 6028 6745 5562 6747
10420 4175 4174 5739 6124
10421 4267 4635 4271 4268
10422 3569 5917 111 112
10423 4636 4269 4632 4271
10424 5072 6441 4303 4816
10425 6817 1114 1132 1099
10426 6825 2543 2544 2560
10427 164 1074 586 1027
10428 6441 4987 5072 4988
10429 6017 459 454 460
10430 4272 4270 6441 4816
10431 6117 1095 1080 1122
10432 5043 5021 6824 6398
10433 6826 1872 5494 1915
10434 5984 1077 1047 1061
10435 3776 3778 4532 4531
10436 6588 1136 1118 1104
10437 5406 6083 6082 6091
10438 4550 5021 6549 5043
10439 6693 6799 1226 1225
10440 5406 6509 6056 6085
10441 6703 1089 1070 1104
10442 5498 1087 1071 1089
10443 5498 1089 1118 1123
10444 6716 1071 1056 1070
10445 5406 6091 6509 6274
10446 6651 1164 1203 1182
10447 5406 477 6056 6091
10448 6827 1165 1207 1183
10449 5406 5874 481 486
10450 1001 2730 1008 4204
10451 486 5406 5320 487
10452 5406 6056 476 6085
10453 4550 3561 6549 4235
10454 5630 5755 6715 32
10455 4659 965 958 966
10456 5770 6715 6574 31
10457 5453 1165 1116 1073
10458 2729 1008 1233 1007
10459 5770 5630 31 359
10460 5791 5762 5605 6668
10461 5770 5630 359 5518
10462 5770 5518 5771 6575
10463 5606 5642 4896 40
10464 5655 1040 1048 1062
10465 5300 38 39 35
10466 5598 5595 25 5596
10467 5770 5771 4764 6575
10468 3631 5105 5055 5104
10469 6828 6829 1350 6830
10470 5695 6000 5996 1556
10471 5105 3648 3673 5057
10472 5730 43 31 42
10473 6831 3301 1976 1938
10474 5611 1325 1360 1304
10475 6745 4209 2213 6746
10476 4976 5055 4972 5054
10477 5300 5647 5299 4832
10478 3673 3690 3689 3631
10479 4556 4555 5714 4557
10480 5905 5667 5903 6298
10481 1430 5705 5713 1498
10482 6832 1158 1198 1184
10483 5300 35 39 34
10484 3637 5022 5020 6546
10485 2946 2948 2947 4546
10486 3759 4329 4618 5669
10487 2956 4555 4683 4546
10488 2946 3380 2949 4579
10489 4557 3947 5936 5110
10490 6811 1077 1061 1095
10491 6811 1061 1080 1095
10492 4556 3944 5095 5714
10493 4557 4556 4545 5095
10494 4289 4285 6675 6116
10495 4019 6717 5644 5643
10496 5644 1134 1161 1117
10497 2705 2980 2619 2842
10498 6717 1110 1134 1100
10499 4491 5025 5027 5274
10500 2975 5801 6718 5802
10501 6548 1876 1901 1857
10502 4289 4288 4055 6117
10503 6833 2232 2030 2276
10504 2428 2427 2397 318
10505 3599 4601 4118 3955
10506 5187 4026 4029 4027
10507 6570 1813 1823 1795
10508 3004 3455 6691 5929
10509 6643 6691 5127 3305
10510 6834 1200 1228 1180
10511 6834 1253 1228 1200
10512 2887 5188 4695 6445
10513 3019 3026 3265 3023
10514 6643 5012 6835 3454
10515 6836 1120 1103 1090
10516 3915 4695 3558 4933
10517 3348 4067 4274 3403
10518 6652 3413 5910 5880
10519 4664 4179 6013 4000
10520 3561 6676 3565 4252
10521 3653 3655 4536 3279
10522 6837 1183 1164 1138
10523 2672 4472 5175 4537
10524 5656 370 364 365
10525 5571 2798 971 964
10526 5804 1045 5809 5799
10527 3355 3419 4875 3356
10528 5300 5641 5651 34
10529 3062 3297 3789 3788
10530 6001 4180 3668 3360
10531 3665 3358 4000 3666
10532 6838 1868 5472 6757
10533 4181 3664 4000 4528
10534 6008 5944 4526 5906
10535 3165 3360 3367 3364
10536 5964 94 1746 95
10537 3664 3331 5729 5126
10538 3325 3328 3332 3331
10539 5323 6618 1703 1710
10540 6299 2673 6529 3240
10541 3340 4446 3746 4448
10542 4458 4459 4347 5247
10543 574 6119 566 2778
10544 6473 1208 1144 1264
10545 4458 4461 4470 4459
10546 3097 3101 5152 6629
10547 4610 510 5339 1908
10548 3157 3314 3745 3720
10549 5471 5939 1663 1606
10550 6258 1144 1120 1090
10551 4065 3313 3322 3316
10552 3521 6225 3697 6836
10553 6839 1120 1208 1263
10554 6088 5863 6089 6244
10555 3101 4448 5239 3772
10556 5275 5247 4347 4459
10557 5473 1259 292 1166
10558 3314 3156 3315 3316
10559 97 1725 2743 5914
10560 1739 1732 2674 96
10561 4112 3208 4645 4214
10562 5964 435 440 434
10563 1955 512 141 142
10564 6709 1190 1206 1232
10565 3126 4227 3639 3428
10566 2670 2672 5175 4486
10567 3642 4112 3208 4646
10568 1704 6618 1703 5323
10569 5275 4459 4460 5247
10570 6698 1106 1125 1092
10571 3463 4213 3280 4651
10572 3133 3129 4293 3254
10573 5177 2476 6593 2460
10574 6840 1253 1279 1315
10575 3126 3130 3131 3930
10576 3126 3967 2777 3125
10577 4198 4383 3254 4434
10578 6652 5880 1851 1816
10579 3966 3968 4346 4062
10580 3930 4352 4655 5678
10581 4223 4843 4844 1366
10582 6716 1049 5668 1070
10583 6699 6703 1070 1104
10584 3054 3053 3013 3087
10585 4747 1062 1076 1046
10586 4747 1076 1078 1046
10587 4823 1127 1107 1150
10588 4822 1093 1078 1076
10589 4622 1096 1079 1111
10590 6841 4486 6842 5247
10591 5229 6097 5651 6093
10592 6226 1088 1114 1081
10593 6004 1022 504 505
10594 4381 3254 4198 4383
10595 5836 1222 6156 1286
10596 6843 1196 5836 1251
10597 4486 6842 5247 4347
10598 6836 1090 1103 1057
10599 6581 1615 1651 1185
10600 2979 4716 4284 4142
10601 4110 4287 4289 4285
10602 3346 3347 3680 3420
10603 1233 1073 1007 269
10604 3075 4141 4055 3077
10605 2841 3074 3488 3073
10606 5759 5453 1233 2729
10607 4110 3953 3599 4288
10608 3074 4056 4141 3077
10609 4324 4824 5445 5652
10610 3078 3376 3083 3082
10611 3988 5888 2932 3990
10612 6668 1073 1053 1042
10613 2797 5816 992 993
10614 6121 1799 1770 1796
10615 5275 5247 6842 4347
10616 6415 1106 1077 1095
10617 5368 1146 1186 1167
10618 4158 2994 3990 5888
10619 5886 1241 1216 1278
10620 3987 4833 2929 3991
10621 2930 3990 3987 3988
10622 5407 6750 1180 6612
10623 5171 6842 4608 4486
10624 6191 6398 5413 5041
10625 5368 1167 1126 1146
10626 6783 5940 1036 5423
10627 6698 1125 1106 1140
10628 5041 5413 6191 3224
10629 5044 4276 5049 4310
10630 5389 1268 1258 1296
10631 5041 5042 5048 3224
10632 5921 81 110 111
10633 4689 4728 4727 5391
10634 5410 5041 5044 5046
10635 5044 4549 5390 5383
10636 6031 1125 1126 1092
10637 5794 1093 1127 1129
10638 5383 5044 4310 6844
10639 4820 4621 1128 1096
10640 2692 4848 3029 3030
10641 3195 3884 3831 4359
10642 4821 1076 1062 1096
10643 2692 3016 4225 3055
10644 3148 1247 1281 1223
10645 4045 4059 4050 4049
10646 6292 1293 1260 1288
10647 5839 4060 4046 4194
10648 5839 4911 4913 4182
10649 4186 4192 4191 4182
10650 5122 6845 6717 1151
10651 5122 1151 1110 1129
10652 4442 6702 1118 4438
10653 6116 1094 1109 1122
10654 4050 4060 5839 4913
10655 5507 1145 1154 1193
10656 6846 1040 1046 1041
10657 4182 4188 4911 5092
10658 5901 1984 1966 1941
10659 3998 6847 2133 2057
10660 4911 5092 4913 4182
10661 4186 5839 4188 4187
10662 4785 5872 6847 3998
10663 6225 1103 1088 1057
10664 5530 474 3555 6024
10665 3869 4187 4911 5266
10666 1264 1144 588 162
10667 6119 6036 6193 2778
10668 2964 3285 3284 2904
10669 2778 1264 581 6221
10670 6848 1414 1291 1208
10671 2959 6178 3815 3821
10672 6221 589 5466 6474
10673 6473 1414 1208 1264
10674 6846 1046 1064 1041
10675 6839 1263 1208 1291
10676 3283 3816 6420 6552
10677 3200 2860 3815 5835
10678 6034 6166 554 547
10679 3198 3199 4540 2902
10680 570 6254 3607 3606
10681 3283 3282 6420 3570
10682 3815 6552 3283 6686
10683 4614 5323 1717 1710
10684 6114 5075 3691 6115
10685 1128 4820 1096 1107
10686 4567 3794 5073 3796
10687 4627 1137 1149 1130
10688 4567 5074 6660 6114
10689 5073 6114 6115 5075
10690 6849 1928 1944 1926
10691 6832 1198 1224 1184
10692 6114 6178 3685 6660
10693 5074 6660 6114 5075
10694 4597 3039 5112 4579
10695 5870 1890 6818 1854
10696 6765 1176 1133 1152
10697 6114 6178 6850 3692
10698 6113 3796 6850 6114
10699 6851 1231 1268 1245
10700 4690 5309 351 352
10701 3720 3749 4436 6106
10702 5832 1186 1146 1175
10703 1186 1205 5830 5368
10704 6717 1134 1117 1100
10705 1096 4820 1076 1107
10706 4748 5806 4625 4450
10707 5794 1110 1093 1129
10708 4823 1093 1076 1107
10709 3343 3314 3317 3964
10710 4821 4621 4820 1096
10711 4823 1093 1107 1127
10712 5208 3391 3394 5682
10713 3745 3737 3738 4847
10714 6241 2646 5921 4455
10715 6116 1109 1145 1122
10716 3739 3749 3750 3720
10717 537 530 4498 4497
10718 3721 3770 5037 3343
10719 3314 3315 3340 3317
10720 5840 1885 1932 1933
10721 3314 3770 3721 3343
10722 3017 1147 1127 1170
10723 4690 4728 342 341
10724 5396 5810 5395 1904
10725 6852 1224 1194 1184
10726 6853 1230 1262 1289
10727 5417 6854 6654 6855
10728 6741 1138 6837 1164
10729 4690 5309 352 4323
10730 5115 6856 6857 6654
10731 5047 5044 4549 5041
10732 6731 1207 1261 1262
10733 5759 1000 2729 1007
10734 4550 5043 5041 5412
10735 4704 988 4203 981
10736 6858 1230 1207 1262
10737 5041 6398 5412 5043
10738 6712 1873 1893 1912
10739 5390 5413 4217 5412
10740 5315 551 6091 5316
10741 6859 1131 1098 1108
10742 6859 1131 1113 1098
10743 6786 1133 1113 1152
10744 4543 4234 4549 4230
10745 5410 5413 5041 5046
10746 5852 5828 1769 5827
10747 6398 5413 5041 5412
10748 6840 1253 1200 1220
10749 4690 4728 5391 342
10750 5251 4449 6703 6699
10751 5534 5591 5592 6609
10752 5629 1901 1889 1857
10753 3971 4283 3981 3974
10754 5047 3979 5045 4866
10755 4438 1118 1136 1163
10756 3731 5628 4172 832
10757 1946 5224 6860 6511
10758 4438 1163 1139 1118
10759 4868 3979 5045 4870
10760 3979 5243 5045 4870
10761 3331 5053 3788 5729
10762 3325 3332 3328 3329
10763 4019 4018 5801 4449
10764 4319 5053 3331 4657
10765 4638 1313 1229 1202
10766 2623 2655 2610 2612
10767 2963 3846 3332 2966
10768 5644 1161 1136 1117
10769 3328 3331 5126 4966
10770 6545 5601 2083 5209
10771 3013 3053 3055 4451
10772 6861 1191 1219 1177
10773 3669 4408 3668 3364
10774 3652 1169 1151 1129
10775 2959 2962 2960 3821
10776 6796 1099 1094 1065
10777 3112 1877 1861 1841
10778 3185 1821 1806 1792
10779 6862 1841 1806 1821
10780 2960 3821 6850 6178
10781 2960 4212 3714 4804
10782 5784 6478 2294 2339
10783 2960 6850 3821 4804
10784 2960 3719 6850 3716
10785 3873 2636 2633 3047
10786 5328 3718 3715 5404
10787 2961 2962 2966 3715
10788 4482 6863 6864 1856
10789 3009 1189 1147 1187
10790 2962 4212 3714 2960
10791 5730 44 30 43
10792 6519 3307 1891 1871
10793 5603 6648 6865 6663
10794 5392 3078 4376 3079
10795 4076 1425 1404 1354
10796 3079 5524 4503 4203
10797 1107 5806 1128 4820
10798 6866 1855 1836 1819
10799 5392 4503 6661 3080
10800 4503 6867 4504 4510
10801 6701 5299 6718 5300
10802 5801 5253 4018 4019
10803 6868 1157 1174 1200
10804 5454 1195 1274 1244
10805 2667 3175 4328 3166
10806 3812 2707 4321 4717
10807 6869 1153 6614 1133
10808 2703 6007 4284 4717
10809 6710 1174 1157 1153
10810 6009 1172 1148 1205
10811 2708 2655 3814 2713
10812 3732 3115 4418 5020
10813 2701 2703 2621 2909
10814 2659 2668 6048 5435
10815 2660 2668 4224 4328
10816 5427 6355 6158 2312
10817 6701 3640 4752 5668
10818 6636 1626 1197 1155
10819 3732 3115 3573 4418
10820 3204 2837 2836 2839
10821 3065 3559 3092 3560
10822 3412 5091 5910 4787
10823 5956 3383 3385 3384
10824 5740 4173 5741 5743
10825 5743 5740 6723 6870
10826 6827 1165 1233 1207
10827 6575 5630 6573 6715
10828 5453 1233 1165 1073
10829 4173 4174 5738 3388
10830 4173 3393 4176 4671
10831 6809 6519 3307 5619
10832 6772 1191 1177 1151
10833 5743 4173 5741 5742
10834 6863 3306 3307 1886
10835 6194 1822 1807 1791
10836 6551 42 5637 41
10837 5743 3909 5480 6723
10838 6236 4291 5568 6061
10839 6346 669 685 668
10840 5433 1308 1249 1284
10841 5743 3909 6536 5480
10842 5743 4671 6871 6536
10843 3086 3088 3446 3087
10844 3035 3336 3006 3005
10845 3205 4112 4214 3208
10846 3016 4225 2972 4848
10847 4848 4225 2972 3030
10848 4362 2542 2543 2559
10849 5089 4788 5871 4787
10850 4670 5205 3767 5206
10851 4468 1181 1163 1201
10852 3218 3213 3890 3938
10853 3035 2816 3336 3447
10854 6872 1840 4731 1824
10855 3412 3411 3409 6333
10856 4110 4289 4287 3953
10857 6799 1226 1225 1249
10858 1201 1223 4468 1248
10859 6873 1458 6874 1442
10860 4110 4141 4289 4288
10861 3395 3780 2897 2823
10862 3408 3416 2831 3415
10863 5081 3644 2504 2503
10864 2934 4532 3953 3954
10865 3600 4455 3584 2843
10866 2595 1632 1613 273
10867 5496 2019 2046 1990
10868 6663 2054 2026 1992
10869 3557 4122 3558 3227
10870 4147 4523 4145 4143
10871 4146 3371 3758 4592
10872 6450 1395 1625 1327
10873 3020 3757 4123 3758
10874 2890 3757 3878 4154
10875 6875 1327 1275 1302
10876 3094 2582 3089 1620
10877 3644 2487 2471 2488
10878 6572 6276 3027 5142
10879 4826 6276 6572 6275
10880 6572 5140 6575 5142
10881 6572 4592 6275 5140
10882 6595 865 1651 231
10883 6595 1651 865 858
10884 4145 5142 3021 5141
10885 4702 4703 6664 6665
10886 6595 3141 1665 1615
10887 5415 4777 859 852
10888 3412 6334 6332 5091
10889 3147 1273 1293 1307
10890 3406 5089 2945 5624
10891 6861 1191 1260 1219
10892 5188 6876 5306 6877
10893 6773 1288 1260 1236
10894 2781 2792 2783 2788
10895 4702 6853 4509 6731
10896 3009 1189 1236 1211
10897 6878 2001 5929 1978
10898 4702 4509 4780 6731
10899 4702 4701 6853 6175
10900 4697 6175 4702 4703
10901 6804 1191 1211 1260
10902 6879 1256 1271 1238
10903 5387 622 5388 638
10904 6813 1190 1175 1162
10905 4449 4017 4019 4018
10906 3110 1863 1845 1882
10907 6707 1162 1125 1140
10908 5387 6316 621 637
10909 5099 4905 4942 4943
10910 6206 1848 3031 1811
10911 5937 473 468 126
10912 5201 4905 4942 5196
10913 6199 5196 5006 5026
10914 5197 5196 5195 5006
10915 5013 5012 5188 4933
10916 5122 1129 3652 1151
10917 2712 4667 4669 4446
10918 5647 5640 5228 5229
10919 6454 1378 1388 1348
10920 4445 4448 5847 3748
10921 3739 3720 3748 3749
10922 4447 4448 5239 3101
10923 3745 4847 3738 2710
10924 1174 6763 1220 1216
10925 473 4496 4497 468
10926 6880 1335 1394 1370
10927 3747 3746 3739 3745
10928 5886 1279 6881 1220
10929 4590 4591 4693 4737
10930 4733 3024 6882 5141
10931 4589 3024 3023 6882
10932 3021 3027 3025 5142
10933 3021 4592 3027 5142
10934 4589 4733 6882 5303
10935 6614 1153 1157 1112
10936 6675 1156 1140 1122
10937 6675 1145 1156 1122
10938 6882 3025 5141 3024
10939 5387 6316 637 653
10940 6810 1218 1206 1171
10941 6843 1196 1251 1235
10942 6156 1250 1286 1222
10943 2661 2654 2659 2655
10944 2714 2718 2725 2716
10945 6627 1234 1192 1205
10946 6024 6087 6241 110
10947 5387 6316 653 3268
10948 2725 4364 3811 3810
10949 6840 1220 1279 1253
10950 2724 2725 5186 2714
10951 6358 2388 5552 2333
10952 5186 2714 5185 2724
10953 2933 2724 2725 3810
10954 2951 2954 5193 6463
10955 6790 1623 1650 1414
10956 5463 1316 1406 1377
10957 5387 4044 6316 3268
10958 2951 2953 2955 2946
10959 3513 2627 3381 3514
10960 2778 574 6221 581
10961 5466 6221 575 582
10962 3193 2627 3514 3381
10963 2626 3493 6619 2884
10964 6695 1132 1154 1109
10965 2951 2954 5194 5193
10966 4133 3191 3377 3378
10967 2886 2884 3382 5194
10968 1178 1196 6014 1154
10969 6883 1466 1384 1442
10970 2824 3396 2868 2867
10971 5433 1284 1339 1308
10972 3578 3580 3579 3581
10973 5420 455 454 449
10974 3147 1247 1273 1307
10975 2659 2668 5435 4224
10976 3764 3532 3823 3765
10977 6884 1177 1199 1161
10978 3671 4089 2638 4756
10979 3438 3037 4740 2726
10980 2638 3037 4740 2641
10981 2942 2641 2944 2943
10982 6885 1963 1981 1962
10983 3208 4644 4214 6565
10984 3208 4214 4644 4645
10985 3532 3531 3823 3771
10986 6886 1429 1388 1378
10987 6017 454 455 460
10988 2874 3008 2881 2877
10989 3970 2769 2770 2776
10990 3496 3006 3498 3337
10991 6887 1194 1224 1240
10992 3423 3429 3424 2920
10993 3497 3208 3337 4797
10994 3208 6565 3337 4797
10995 3212 3206 3214 3213
10996 3207 3210 3786 3641
10997 3815 6178 3685 3821
10998 3602 1176 1192 1274
10999 2860 3821 3685 3688
11000 3181 6866 6826 1872
11001 3686 3685 3816 6660
11002 3295 4370 3292 5889
11003 3682 2860 5835 3685
11004 6866 1872 1836 1855
11005 4239 5883 4614 6618
11006 3681 3685 3682 3687
11007 5241 3976 3755 5243
11008 3685 6850 6178 3692
11009 5920 1216 1174 1195
11010 4067 3403 3093 3565
11011 3279 4518 3896 4527
11012 3404 4576 4575 4572
11013 3402 4575 3356 5736
11014 3403 3093 3565 3564
11015 6888 1217 1159 1204
11016 4678 4365 5470 3345
11017 3348 3347 3420 3349
11018 6764 1257 1280 1252
11019 3060 3404 3402 3789
11020 3779 3765 4016 4870
11021 1161 6889 1136 1179
11022 4535 1199 1247 1223
11023 3020 4144 4122 2809
11024 3230 4493 3235 3287
11025 6722 1283 1249 1314
11026 3779 3823 6125 3771
11027 6532 1345 1314 1376
11028 3769 2120 2051 2117
11029 4085 3286 5264 5577
11030 3230 3229 3234 4404
11031 6327 639 640 656
11032 5259 799 5495 792
11033 2938 3809 3811 2795
11034 5426 6352 3771 5692
11035 6606 6662 6623 2231
11036 5933 4534 2987 4025
11037 6854 1371 1336 1311
11038 2986 2938 3809 2985
11039 3271 4222 4526 5131
11040 5110 5735 3833 3952
11041 6662 6624 6623 2231
11042 3944 5095 5714 3833
11043 4930 952 945 953
11044 6857 1312 1342 1282
11045 6856 1246 1311 1302
11046 4556 5095 4557 5714
11047 4683 4556 4555 5714
11048 4683 6433 4361 4854
11049 4556 4546 2953 4683
11050 4853 4361 4394 4854
11051 4853 4683 5714 3832
11052 4853 4854 4683 4361
11053 2792 5541 2788 6774
11054 2781 2789 2791 2786
11055 2790 2792 2791 6391
11056 5857 1175 1146 1162
11057 2789 6340 4177 4170
11058 3565 5614 6676 6677
11059 6582 2786 6890 4902
11060 5683 2786 6891 6582
11061 6455 1327 1625 1299
11062 5931 1999 1975 2011
11063 5523 1276 1224 1243
11064 6890 4473 4894 2786
11065 5683 2786 2787 6891
11066 2090 932 931 247
11067 6892 1276 1243 1299
11068 5683 6891 5684 5697
11069 5523 1198 1221 1243
11070 2786 6891 4473 2787
11071 3918 3930 3931 3932
11072 6893 1468 1430 1397
11073 2678 3245 3511 4065
11074 5274 1194 1240 1212
11075 3465 4598 5677 4352
11076 3930 3131 3931 4654
11077 6396 1213 1170 1188
11078 3823 4874 6125 5692
11079 3439 3961 4236 4419
11080 6894 1212 1267 1237
11081 5456 4452 4748 4450
11082 2973 1210 1187 1239
11083 6895 1285 1266 1239
11084 4420 4217 6079 5413
11085 2971 1187 1170 1213
11086 4231 3073 3803 5377
11087 5611 6896 1326 5403
11088 4719 2098 2067 2050
11089 3823 3825 4870 4874
11090 4420 6079 5046 5413
11091 4412 3442 3441 6192
11092 5411 5383 5410 6079
11093 5383 6079 4231 5390
11094 6897 1962 2007 2001
11095 6898 2001 1969 1937
11096 6773 1265 1236 1210
11097 5410 5046 6079 5413
11098 3194 3905 3217 4262
11099 3009 1210 1236 1189
11100 3380 2951 3039 4579
11101 3792 4579 3517 2629
11102 5886 1216 1241 1220
11103 5321 5111 3039 5805
11104 5830 1186 1231 1205
11105 6899 2004 1960 1985
11106 3602 1192 1234 1274
11107 3607 3452 6254 3614
11108 3039 2626 3494 6619
11109 6889 1161 5644 6845
11110 5721 1982 1961 2023
11111 3449 3609 3613 3608
11112 5419 5420 6017 454
11113 5096 5160 5113 6051
11114 3702 4708 3725 3727
11115 3702 3706 3725 6489
11116 6489 3702 4951 4948
11117 5552 2370 2388 2357
11118 6500 1511 6481 4770
11119 6342 5354 762 6900
11120 4215 6889 6901 6556
11121 1248 4467 4468 1225
11122 6068 2391 2403 2360
11123 3449 4883 3452 3615
11124 6342 199 200 777
11125 3508 5908 3507 3997
11126 3702 6902 6489 3725
11127 3702 3703 4947 3700
11128 4770 1618 1477 1511
11129 4215 4442 6889 6556
11130 6500 1511 1477 1445
11131 701 718 4774 6440
11132 5650 1778 1810 1779
11133 6903 1475 1405 1440
11134 1561 1582 6456 6462
11135 6488 1402 1375 1439
11136 3706 4951 3702 3703
11137 3076 4027 3526 6226
11138 3699 3704 3696 3697
11139 4944 3702 3703 4947
11140 6901 1161 1199 1179
11141 3325 3327 2965 3329
11142 4913 4840 4606 4058
11143 6861 1219 1199 1177
11144 3076 3526 4027 5749
11145 4839 4058 4609 4606
11146 4050 5839 4046 4881
11147 4050 4605 4911 4366
11148 6904 1339 1400 1375
11149 4045 4059 4049 5234
11150 6459 834 835 842
11151 4881 5839 4911 4050
11152 5590 5602 2083 2051
11153 4058 4913 4840 4060
11154 6856 1282 1311 1246
11155 3704 3520 3709 3697
11156 5787 1282 1255 1312
11157 3076 3708 2847 3520
11158 3523 2847 3708 3556
11159 6679 1289 1312 1255
11160 6679 1230 1289 1255
11161 6727 1468 1397 1435
11162 4638 1283 1344 1313
11163 3963 2850 3708 2847
11164 2840 2847 3523 2844
11165 3568 3490 3570 3719
11166 2842 2981 3651 2840
11167 3517 4152 3514 4495
11168 4134 6138 3514 3897
11169 1231 1186 5830 1214
11170 3520 3489 6225 3521
11171 4579 3517 2629 3380
11172 3718 2961 5404 3801
11173 4494 3718 4152 3326
11174 5492 1935 1894 1912
11175 6905 1238 1258 1214
11176 4494 3718 3329 5328
11177 5494 1915 1872 1894
11178 6906 1459 1484 1419
11179 4494 4150 3326 4152
11180 6907 1389 1368 1310
11181 5024 1188 1168 1212
11182 6894 1213 1188 1237
11183 3327 3326 3718 3329
11184 2634 2631 3047 3491
11185 2630 2635 4152 2636
11186 4689 5391 4690 4728
11187 4279 3256 6380 6256
11188 6894 1237 1285 1213
11189 6791 1423 1421 1454
11190 4131 4254 4434 3258
11191 6896 1288 1265 1304
11192 3258 4434 3254 3468
11193 4396 4391 3883 3885
11194 3196 3236 4391 4355
11195 3116 1917 1898 1877
11196 6908 1232 1215 1190
11197 4391 4653 6260 4393
11198 4015 6210 4014 2114
11199 3196 3007 3889 4353
11200 4355 3879 6286 4354
11201 6909 1214 1215 1238
11202 4355 4653 4391 4393
11203 6910 6911 4137 4314
11204 3365 5724 5725 3504
11205 4689 4729 4728 4691
11206 5490 1176 1195 1153
11207 3284 6756 3283 3282
11208 6821 2021 6557 5601
11209 6912 1966 1916 1941
11210 6913 1364 1293 1326
11211 6885 1995 1981 1963
11212 6914 1486 1481 1514
11213 3522 3504 5310 3363
11214 3669 3668 4761 4490
11215 5402 1326 1293 1288
11216 6915 2040 2012 2001
11217 3284 5311 3504 5725
11218 3436 2904 3504 3365
11219 2651 3504 3365 3363
11220 3504 5310 3363 2651
11221 3800 5321 4969 5112
11222 3517 3792 3799 4578
11223 6686 3686 5894 5835
11224 6025 1235 1254 1218
11225 4564 6660 3816 5314
11226 6916 1242 1218 1290
11227 3570 4564 3816 5314
11228 5314 6660 3816 6178
11229 6892 1299 1332 1276
11230 4564 4567 3490 4563
11231 4620 4625 4819 4621
11232 6917 1243 1221 1275
11233 3704 3806 3963 3520
11234 3709 3696 3697 5985
11235 6918 1137 1158 1184
11236 6919 1299 1275 1327
11237 6916 1295 1290 1254
11238 6920 1295 1389 1310
11239 6367 3188 5570 4323
11240 5317 6404 727 726
11241 3696 5320 5994 5874
11242 3671 4090 4756 3177
11243 6122 4093 4092 3182
11244 2644 2638 4089 2641
11245 2653 3182 3579 4091
11246 4296 1254 1306 1295
11247 3571 3572 2659 3575
11248 3176 3179 3180 3181
11249 4690 3188 5309 4323
11250 6502 6504 6921 1940
11251 6916 1254 1290 1218
11252 3863 3189 5716 3188
11253 4874 5693 4871 6125
11254 5339 517 509 510
11255 3968 3500 3448 4345
11256 3188 5771 3186 3189
11257 3050 2776 5401 3049
11258 1309 4275 6155 1251
11259 6689 1347 1316 1377
11260 5401 3050 3969 2776
11261 4744 3049 3050 4858
11262 4004 6176 5217 4006
11263 5466 569 6254 576
11264 6156 1250 1291 1316
11265 4001 4004 4007 4005
11266 6163 2059 2122 2091
11267 6165 2091 142 512
11268 6203 6165 520 6180
11269 6922 2043 2073 2016
11270 5774 5777 6176 5181
11271 4004 4007 6635 4836
11272 6923 1242 1270 1232
11273 1290 1295 6916 1310
11274 5773 5775 5778 6228
11275 5778 5775 5774 5217
11276 5774 4004 4007 6635
11277 4099 4106 4105 4104
11278 4440 6046 6045 6642
11279 6916 1242 1290 1310
11280 3998 2069 2057 2133
11281 3848 3820 4979 3870
11282 4438 4468 6458 1163
11283 3848 4101 4100 4963
11284 6768 1284 1225 1248
11285 4099 4106 4998 4999
11286 3940 1351 1280 1346
11287 5330 4202 4199 5331
11288 4985 4201 5330 4984
11289 4071 4073 4357 3936
11290 3213 3215 4359 3214
11291 6924 1967 1972 1924
11292 6925 2054 2119 2082
11293 6273 1664 1674 1663
11294 5943 4884 3613 3611
11295 1630 6329 6444 1675
11296 4541 6899 5719 2906
11297 4541 3285 6756 6686
11298 4540 6899 6926 4541
11299 6461 1663 1674 1671
11300 626 5427 3243 6224
11301 6927 4540 6899 6926
11302 6149 6127 6131 500
11303 6928 6221 5466 6474
11304 1392 6215 6213 6383
11305 4541 3285 2906 5719
11306 4931 6369 3484 5689
11307 4541 6926 5963 6759
11308 6461 1671 1674 1676
11309 6164 5690 5693 2160
11310 5471 6487 5242 1657
11311 4541 5963 4540 2906
11312 5471 1671 1606 1663
11313 6443 754 6263 738
11314 4306 1640 1641 1659
11315 6355 2230 2312 2322
11316 4224 3038 4686 6647
11317 2723 2675 2608 2592
11318 3422 4224 4686 4685
11319 2902 3199 3853 2868
11320 3732 3573 3290 2713
11321 2738 2933 2624 3401
11322 6929 1297 1240 1276
11323 2907 2899 5719 2906
11324 1285 1267 6894 6930
11325 5365 1324 1355 1381
11326 6931 1455 1449 1480
11327 3604 2901 2859 2903
11328 3198 6686 4541 5963
11329 3198 2899 2906 3285
11330 6932 1215 1232 1256
11331 6933 1450 1526 1491
11332 3198 3199 3200 5963
11333 5584 1584 1611 1560
11334 2902 3853 4540 6622
11335 2902 6622 3037 3853
11336 5771 5309 3188 6367
11337 3464 4458 2921 4347
11338 2745 6631 3052 3153
11339 2937 1472 1399 1432
11340 4223 1399 1436 1366
11341 3967 3123 3428 3510
11342 2967 1559 1472 1506
11343 3968 4345 4346 5908
11344 2776 3932 3931 4121
11345 3050 3049 5401 4858
11346 3972 3975 4808 5899
11347 6934 2335 2363 2389
11348 5979 4294 4283 3971
11349 4989 6214 3971 4988
11350 6586 1396 1471 1432
11351 4168 2255 2298 2213
11352 5050 5979 3981 3971
11353 3974 3972 3976 3975
11354 3974 3972 3973 3983
11355 6761 1248 1305 1284
11356 3974 5050 3979 3981
11357 5038 5049 5050 5979
11358 5270 1400 1470 1439
11359 3020 2810 2809 2805
11360 2805 4493 3230 2808
11361 6004 5985 1028 6131
11362 4122 2809 4144 4228
11363 3229 6603 5030 4684
11364 6367 4521 4523 5771
11365 4330 6603 5030 3229
11366 4387 1431 1398 1444
11367 6935 1541 1536 1567
11368 3147 1307 3146 1247
11369 3234 4404 2806 3230
11370 4535 1199 1219 1247
11371 5346 1899 1924 1905
11372 3270 4826 3027 2890
11373 6918 1158 1119 1164
11374 3228 3230 3287 4404
11375 6854 1302 1311 1336
11376 4618 3752 3232 3758
11377 3763 5028 3751 3753
11378 6856 1342 1311 1282
11379 6624 2028 2231 2090
11380 4574 5986 4576 4575
11381 5618 1203 1227 1182
11382 4574 5986 4575 6936
11383 6937 4576 4572 4574
11384 6937 4577 6923 4574
11385 6400 6476 1614 1577
11386 6367 3188 5771 4523
11387 4574 4575 6923 6936
11388 3188 5771 4523 3186
11389 4221 3271 5131 4222
11390 5825 5814 6228 6657
11391 4689 3188 3186 4691
11392 5825 5291 4156 5298
11393 5825 5814 6657 4109
11394 989 4780 996 6665
11395 6623 2028 2121 2231
11396 4109 5666 3304 5825
11397 6938 1342 1312 1374
11398 6939 1371 1342 1403
11399 5581 6297 6298 6062
11400 3083 3373 3376 2811
11401 328 6639 6646 2323
11402 4520 5447 5515 2799
11403 3375 2799 4520 4379
11404 4145 4521 4520 5140
11405 2810 3046 2811 4143
11406 6230 1374 1409 1438
11407 5009 3673 4828 5011
11408 6131 6004 1022 1028
11409 5140 5445 5768 4520
11410 4520 5445 5768 5447
11411 5861 1860 1846 1881
11412 6940 1317 1354 1328
11413 6941 1332 1378 1348
11414 4520 5447 3372 5445
11415 4045 4059 4052 4058
11416 5014 1923 1899 1881
11417 4880 4046 4047 5282
11418 4190 2683 6798 2685
11419 5060 2092 2165 2131
11420 4244 5876 5283 4243
11421 3602 1234 1359 1274
11422 4189 4297 4192 5844
11423 3839 4679 5009 3672
11424 4374 4369 4050 4366
11425 4244 4190 4193 5876
11426 4050 4881 4912 4911
11427 4186 4191 4188 4182
11428 3686 5894 3687 3295
11429 4229 4949 5232 2950
11430 3673 3631 3675 3690
11431 6307 1574 1589 1551
11432 4839 4609 4845 4606
11433 4369 4370 4367 4372
11434 6658 3292 4609 5890
11435 5889 4372 5890 5232
11436 6942 1297 1348 1317
11437 4605 3068 6209 3067
11438 6876 1918 1896 1954
11439 3906 3938 4073 3225
11440 2970 1266 1265 1210
11441 4069 1354 1358 1328
11442 6943 5057 6944 6945
11443 4071 4073 4072 4074
11444 4071 4585 4357 4073
11445 4852 1265 1292 1304
11446 2007 6885 1981 1962
11447 4357 4077 4512 4585
11448 4071 4357 4077 3935
11449 4071 4584 4075 4078
11450 4679 5058 5057 6945
11451 6946 1494 1443 1460
11452 4071 4584 4078 4585
11453 6851 1258 1268 1231
11454 1929 1884 6785 4242
11455 5753 4485 4538 4765
11456 6947 6948 1321 6851
11457 5753 6102 4485 4765
11458 6949 1330 1268 1296
11459 5753 4485 6102 4487
11460 6841 6102 4608 4486
11461 5753 4538 4537 5250
11462 4537 5175 4486 5250
11463 6455 1332 1299 1625
11464 5753 5248 4486 6841
11465 3169 3166 3422 3365
11466 6950 1363 1395 1327
11467 6950 1363 1327 1302
11468 1399 2935 1436 1472
11469 3170 3297 3298 3299
11470 6412 5584 6409 1611
11471 2738 2719 2724 2722
11472 4803 3846 4319 3735
11473 3702 4708 3700 4946
11474 6746 2146 2178 2147
11475 2875 2571 2588 2587
11476 5543 1303 1241 1301
11477 3330 4319 3298 3788
11478 2258 6951 6784 2214
11479 2720 3735 2716 4803
11480 6755 1343 1652 1380
11481 3846 3735 4803 3604
11482 4229 6659 5889 5232
11483 3839 2967 5010 6952
11484 3604 4803 4516 2716
11485 4841 1648 1436 1560
11486 3332 4211 2966 3846
11487 6435 6953 3727 6825
11488 2642 5086 2643 2945
11489 2644 2641 4089 5625
11490 1303 1279 6881 5886
11491 5549 6954 2308 2258
11492 4844 1366 1337 1303
11493 5086 3856 2644 5624
11494 4952 2302 2215 2267
11495 5086 5626 5087 5624
11496 5161 4091 4088 2643
11497 2640 2653 2644 2638
11498 5543 1241 1278 1301
11499 5544 1303 1301 1334
11500 6920 1322 1295 1306
11501 4903 4942 5866 5201
11502 5195 5554 3934 5204
11503 6955 2103 2137 2073
11504 5197 5196 5785 5201
11505 5351 5357 4903 5417
11506 6956 1536 1520 1567
11507 6957 2245 2206 2241
11508 2221 2183 6958 2265
11509 6959 1964 1988 2016
11510 6635 5773 4938 5774
11511 5196 5785 5201 5789
11512 5773 5779 4939 4900
11513 6952 3841 1559 1557
11514 5720 2004 2023 1980
11515 4944 4951 3702 4948
11516 6960 3707 6961 6962
11517 5885 1335 1278 1300
11518 6963 1335 1300 1362
11519 6964 2109 6965 2148
11520 6947 1268 1269 1245
11521 6762 6946 1443 1460
11522 3244 6356 3229 4957
11523 4092 6571 6569 6570
11524 2696 3195 4359 3213
11525 3146 1307 1338 1281
11526 4390 3890 4392 6433
11527 6966 6967 1903 1889
11528 2690 2770 2819 3030
11529 6379 1341 1405 1376
11530 4357 3936 3784 3935
11531 3088 3446 3087 4452
11532 3703 3707 6962 3701
11533 4225 2692 4848 3016
11534 660 3893 643 5469
11535 2691 2693 2690 2696
11536 3608 5372 564 4887
11537 520 3483 6203 6180
11538 3214 6565 3208 4214
11539 4857 1277 1251 1309
11540 4554 3103 4552 4553
11541 3100 3099 4559 6968
11542 3619 3618 3621 3617
11543 4559 4560 4918 6807
11544 6969 1280 1351 1319
11545 6739 1694 1701 1693
11546 3100 4673 4559 5240
11547 4673 4559 4916 6807
11548 3076 3520 2847 3488
11549 3937 1708 1701 1709
11550 1319 5286 1757 1351
11551 3708 3525 3709 3526
11552 3638 4322 4543 4232
11553 2840 4722 2843 2844
11554 6970 2047 2072 2114
11555 3523 2844 3569 3552
11556 3556 3566 3705 3708
11557 6970 2047 2045 2072
11558 6230 1409 1374 1349
11559 949 6604 948 956
11560 3963 2847 3708 3520
11561 5538 2323 6640 2279
11562 4934 5014 6770 5013
11563 2836 2842 2838 2843
11564 3078 5398 3084 4376
11565 3079 3080 5392 3078
11566 4944 4951 4948 4956
11567 1232 6936 6932 1270
11568 4502 3079 4508 3081
11569 4529 1385 1323 1357
11570 5060 2092 2131 2071
11571 6971 3122 1898 3116
11572 4001 4010 4011 4013
11573 4697 6176 4006 5217
11574 6805 1390 1329 1368
11575 1968 4416 1998 1936
11576 6806 1270 1329 1294
11577 4011 3593 5182 4506
11578 5492 1912 1960 1935
11579 4011 3593 3592 5182
11580 3589 6300 3376 4002
11581 4502 4505 4510 4506
11582 6136 6955 6972 6147
11583 5442 1968 1913 1936
11584 6973 1390 1419 1357
11585 3589 3593 4508 3081
11586 2276 1680 296 297
11587 2714 2716 2725 4516
11588 2722 2714 5185 2721
11589 2861 3604 3601 2865
11590 2901 3735 3604 2716
11591 4843 1648 1373 1337
11592 4803 3604 4802 3846
11593 3706 4951 3703 3707
11594 2735 3037 2902 2900
11595 6753 1315 1343 1287
11596 3978 3971 5050 3974
11597 4266 5979 4294 4283
11598 6974 1238 1271 1272
11599 4271 4267 4268 4269
11600 6974 1238 1272 1258
11601 4989 6441 4294 6214
11602 4987 3972 4808 5899
11603 6879 1271 1256 1294
11604 6131 500 6127 505
11605 4704 4203 974 981
11606 5297 3172 265 1011
11607 4989 4988 6441 6214
11608 4989 3978 3971 5979
11609 5925 4950 5177 5191
11610 1627 4195 3461 1669
11611 5296 3172 997 990
11612 3981 5049 4282 4266
11613 1623 161 1264 589
11614 4272 4269 4268 4273
11615 6474 1623 1414 1264
11616 5463 6690 1406 1316
11617 6975 1348 1388 1354
11618 5047 5050 5038 5049
11619 3978 3984 4809 4808
11620 4806 4808 3978 4809
11621 4852 1265 1266 1292
11622 6976 4351 2464 2448
11623 6561 2008 2061 2035
11624 310 311 2448 4351
11625 313 2384 2432 312
11626 6977 1684 4351 311
11627 3702 4946 3700 4947
11628 2432 6976 2448 6977
11629 3391 5682 5227 4096
11630 5565 1292 1325 1304
11631 2783 2792 4098 3917
11632 2784 3749 4403 4402
11633 1321 6948 6947 1331
11634 5966 1973 2002 2022
11635 3578 3581 4153 3582
11636 3184 3182 3176 3106
11637 3289 2969 3574 3290
11638 6930 1267 1317 1285
11639 4936 1483 1512 1454
11640 6469 1318 1358 1340
11641 2909 3728 4286 2979
11642 3113 3290 3574 3106
11643 6942 1267 1297 1317
11644 6133 2063 2043 2037
11645 6007 3063 2707 2703
11646 6745 2213 2187 2147
11647 4944 4947 3703 4952
11648 5087 6978 3231 6621
11649 6979 1503 6586 1471
11650 6090 6953 2883 6825
11651 6090 3727 6953 6825
11652 5087 5882 6334 3231
11653 6980 1394 1335 1362
11654 3956 6090 4305 4708
11655 6981 1331 1410 1362
11656 5244 1412 1605 1532
11657 6090 3118 3922 3956
11658 4707 6953 6090 3727
11659 4708 6090 4305 6982
11660 6383 1372 1392 1333
11661 3894 3891 3898 3902
11662 3382 5790 4360 2953
11663 3379 4584 5790 4723
11664 5087 4612 5624 5626
11665 3378 3145 6305 3142
11666 4133 3378 3142 3145
11667 3191 3226 3378 3145
11668 5961 441 440 435
11669 3378 3225 6305 3145
11670 4473 6339 2787 6891
11671 4473 5253 4316 4018
11672 4894 4896 4473 6890
11673 4402 4018 4475 4317
11674 2783 2792 3917 2788
11675 5585 2423 2372 2393
11676 4473 6339 6891 6692
11677 4475 5251 5498 6703
11678 6699 4449 5801 4475
11679 4473 6692 6891 6531
11680 3953 4287 5977 6415
11681 5187 5749 3524 5671
11682 3412 5091 6332 6652
11683 970 962 969 6656
11684 2987 3775 2982 4025
11685 2704 3074 3638 4716
11686 2934 2909 3953 3955
11687 5091 5087 6334 6621
11688 6761 1281 1305 1248
11689 2933 3810 2725 3811
11690 3273 2648 5922 3309
11691 3955 2988 3628 4533
11692 3407 6334 5087 5882
11693 6967 3303 1919 6153
11694 2980 3651 3598 3600
11695 2989 2934 5444 4532
11696 5089 5624 5087 6621
11697 3086 3015 3087 3054
11698 3886 3888 5071 3887
11699 6958 2183 2221 2151
11700 5245 1347 1377 1412
11701 5108 3951 5555 5168
11702 6690 1316 1291 1406
11703 5095 3947 5110 3943
11704 2742 3446 3551 5230
11705 6983 1292 1318 1340
11706 6895 1328 1318 1285
11707 3780 3415 3395 4787
11708 3410 3413 5883 3416
11709 6805 1368 1329 1310
11710 5138 1389 1434 1420
11711 2831 4238 3416 3868
11712 4237 3413 4246 4241
11713 3412 3413 4241 5910
11714 6949 1353 1330 1352
11715 1271 6879 6974 1298
11716 4315 1517 1455 1480
11717 4237 4243 4246 4239
11718 2789 2782 2790 4170
11719 5408 1355 1324 1298
11720 4894 2786 4902 6890
11721 5280 2239 2167 2196
11722 4149 4477 6872 4732
11723 2756 2764 4148 2993
11724 4148 4479 4477 2993
11725 6949 1330 1321 1268
11726 2752 3710 3260 3001
11727 6054 4149 6057 6872
11728 6984 1353 1352 1393
11729 2649 2036 2071 2034
11730 2756 3001 4149 3710
11731 4806 4815 4272 4270
11732 5072 6985 6441 4988
11733 5718 1961 1982 1934
11734 4529 1356 1323 1385
11735 6985 5072 6441 4303
11736 5796 3421 4126 4307
11737 4811 4302 4268 4270
11738 4309 4302 4271 4268
11739 6131 1022 6004 505
11740 4302 4816 4817 4303
11741 4561 1545 1489 1538
11742 5899 5072 4817 4808
11743 3754 3976 5064 3533
11744 5100 1498 1528 1552
11745 6986 1553 1528 1504
11746 5584 1584 1507 1585
11747 5072 5068 3886 4303
11748 5956 5976 5975 3384
11749 2062 2010 4401 6987
11750 6981 1410 1331 1353
11751 6988 1443 1494 1463
11752 3163 4169 5976 5975
11753 4169 5976 5975 5956
11754 1321 6851 1268 6947
11755 6948 1331 1321 1353
11756 5956 6325 4169 5976
11757 5956 6325 3858 4169
11758 5956 4169 5960 6349
11759 5956 4169 3858 5957
11760 6989 1397 1363 1336
11761 5255 1435 1504 1468
11762 5958 5956 6325 3858
11763 6855 1401 1336 1371
11764 3549 4316 2761 4895
11765 3549 2761 4465 4895
11766 6828 1365 1384 1398
11767 2110 6990 2057 2144
11768 5167 5169 5213 5109
11769 5252 3549 4752 6701
11770 6437 746 745 729
11771 3549 4462 6701 5253
11772 3459 6347 617 601
11773 5129 4299 4581 4582
11774 4594 1419 1484 1453
11775 5167 3947 5168 5100
11776 4250 4550 5039 5038
11777 6708 2037 1988 2013
11778 5366 6991 1391 6992
11779 3403 3565 4582 3563
11780 5050 5974 5038 5979
11781 5312 1469 1450 1434
11782 4265 5979 5049 4544
11783 4256 6993 6994 6304
11784 5312 1391 1469 1434
11785 4233 4299 3563 4311
11786 4669 2712 5208 5207
11787 2038 6795 1995 2008
11788 4666 5848 4447 4668
11789 4447 3100 6628 3101
11790 5611 1383 1326 1360
11791 6468 1421 1369 1387
11792 4173 5742 4671 4176
11793 4174 3393 4675 5848
11794 4666 3393 4173 4671
11795 5419 5420 454 449
11796 6464 1601 1511 1475
11797 3747 2780 3748 4445
11798 4174 4675 5739 6124
11799 5255 5557 6995 5213
11800 4174 4173 5738 4675
11801 5379 1634 1618 782
11802 3386 4175 4174 3388
11803 6314 5215 5216 636
11804 6312 6376 5262 2277
11805 6903 1440 1562 1475
11806 6996 6315 2270 2352
11807 766 5381 750 5380
11808 6996 2319 2352 2270
11809 4611 682 665 666
11810 4862 5511 5354 6900
11811 3386 3389 4176 3394
11812 6497 1510 1440 1474
11813 5511 715 714 698
11814 6997 1603 1661 1656
11815 6408 3769 2120 2087
11816 3792 4579 3798 4578
11817 3733 726 709 710
11818 3983 6212 6213 6998
11819 5550 2935 1399 2937
11820 3517 3792 3717 3801
11821 3791 3717 3797 3796
11822 6470 4479 5594 6479
11823 5703 4557 5712 5705
11824 6873 1442 1383 1458
11825 6470 5600 4735 3023
11826 6999 1516 1548 1540
11827 6477 6470 2762 6472
11828 5611 1360 1326 1304
11829 6830 1364 1350 1293
11830 6472 5600 6617 6470
11831 7000 1492 1523 1444
11832 6470 4124 3265 3023
11833 3308 1921 1907 1938
11834 6470 4734 4124 3023
11835 5202 1401 1441 1473
11836 4313 4479 6470 3265
11837 6855 1397 1336 1401
11838 6617 6470 6477 6472
11839 2696 4359 3195 3007
11840 7001 4708 7002 4946
11841 5759 993 2729 1000
11842 932 6606 933 248
11843 5462 2270 2226 2195
11844 6807 6431 6427 6405
11845 5601 5682 5227 5602
11846 2747 2908 2734 2590
11847 2967 7003 1585 7004
11848 3007 4359 4992 3197
11849 6784 2215 2184 2148
11850 3496 3498 3006 3503
11851 3337 3497 3496 2773
11852 4350 2496 308 307
11853 3530 693 692 676
11854 6487 1657 1675 1586
11855 4022 6958 6389 2221
11856 2908 2557 2558 2574
11857 117 5419 5420 1778
11858 3725 4362 6982 2734
11859 6998 1437 1412 1532
11860 5419 454 106 105
11861 3218 3938 4357 3906
11862 2828 597 613 596
11863 3706 3707 6486 4951
11864 1675 6329 6444 6487
11865 2818 2817 2749 2751
11866 2891 3305 2892 6520
11867 3537 678 694 677
11868 3537 694 693 677
11869 6998 1437 1532 1501
11870 5467 709 708 692
11871 3903 3904 2813 3151
11872 7005 1352 1324 1381
11873 3756 4433 3053 2880
11874 3807 3302 3447 3333
11875 3807 3333 3447 3005
11876 3702 7002 4946 6902
11877 3205 4112 4261 4214
11878 6073 1323 1356 1298
11879 6017 454 459 106
11880 6940 1317 1348 1354
11881 4625 4433 5456 4450
11882 2920 2921 4470 3425
11883 2919 2920 3427 2921
11884 3259 4279 3256 3255
11885 4078 1388 1425 1354
11886 6878 1978 1954 1969
11887 3423 3429 3430 3432
11888 3207 3429 3209 3211
11889 2920 2921 3425 3427
11890 4229 2932 3990 2950
11891 5361 5077 5364 6589
11892 2994 3990 5888 3988
11893 1239 1266 2973 1210
11894 6469 1318 1328 1358
11895 4229 4158 5888 4196
11896 3988 3990 2932 2930
11897 6973 1329 1390 1357
11898 3559 3637 6546 4235
11899 7006 1427 1390 1368
11900 7007 1526 1542 1547
11901 4707 3922 6090 6953
11902 3637 6546 4235 5022
11903 3400 2704 4232 2707
11904 6469 1358 1387 1340
11905 2707 2704 4322 4717
11906 4314 1578 1517 1525
11907 2708 3559 3814 3092
11908 2668 2662 6049 6280
11909 3562 3066 4321 3563
11910 7008 1487 1424 1455
11911 4315 1455 1517 1487
11912 7009 1416 1424 1381
11913 2623 2610 3289 2619
11914 3113 3732 3114 3115
11915 4594 1385 1453 1417
11916 2836 2838 2837 2850
11917 3330 4319 3846 3735
11918 3856 4788 5624 2945
11919 5408 1356 1355 1298
11920 7010 6982 7002 4708
11921 5089 4788 3780 2945
11922 3406 5089 5087 5091
11923 5089 5091 5548 6621
11924 4702 6664 6731 4780
11925 5089 5091 6621 5087
11926 3187 349 28 344
11927 4186 4189 4188 4191
11928 4371 4606 4058 4913
11929 3725 6982 4362 3727
11930 4371 4609 4058 4606
11931 4143 4523 5302 3186
11932 4058 4846 4609 5232
11933 6941 1297 1332 1348
11934 4911 5527 5271 4912
11935 4050 4881 4046 4049
11936 2957 3284 2964 3282
11937 4024 2114 2151 2188
11938 2959 2960 6178 3821
11939 6402 1581 1554 1602
11940 6404 711 694 695
11941 3283 3816 3570 6420
11942 708 725 5467 3783
11943 2716 3604 2901 2859
11944 3685 3821 6178 6850
11945 2859 3604 2865 2716
11946 3200 2859 2860 2858
11947 3815 2860 3685 5835
11948 6590 1334 1396 1399
11949 6498 2524 2541 2540
11950 4567 6114 5073 5074
11951 3295 6660 6029 3293
11952 5198 1401 1371 1441
11953 5314 6114 6660 6178
11954 2483 5905 5662 2500
11955 2936 1436 1472 1507
11956 2540 2557 2541 3695
11957 4567 6114 5314 3796
11958 3695 2540 2557 2556
11959 4953 5587 4952 7011
11960 4841 1560 1652 1648
11961 3706 6489 3702 4951
11962 6660 6029 3293 6039
11963 6591 6426 2408 6592
11964 6954 2258 2302 2308
11965 5050 5038 5974 6277
11966 5045 5243 3982 5465
11967 6539 1398 1367 1338
11968 1260 6773 1236 1211
11969 5045 5409 5046 5465
11970 5044 5409 5045 3980
11971 5545 6609 5592 6600
11972 5045 5047 5041 5044
11973 5045 6179 7012 5465
11974 3147 1365 1307 1350
11975 6828 1365 1350 1384
11976 7013 1582 1577 1614
11977 7014 7015 4860 1639
11978 4611 682 681 665
11979 6066 2338 2260 2316
11980 3222 5046 4867 4866
11981 6437 713 730 729
11982 762 745 6342 6437
11983 5046 4867 4866 5045
11984 5045 6179 5046 4867
11985 4074 1387 1422 1456
11986 4234 4310 4311 4543
11987 7016 1325 1340 1369
11988 5050 6277 3984 4873
11989 3981 5049 3980 4282
11990 3297 3299 3296 5051
11991 3864 2633 3876 3873
11992 3036 3038 3422 4224
11993 4076 1358 1354 1404
11994 4616 4627 4617 5754
11995 7017 1568 1556 1594
11996 3700 5586 4947 4715
11997 6910 1480 1546 1517
11998 3669 3668 4408 4761
11999 3165 3364 3666 3360
12000 6229 1438 1600 1403
12001 4763 6001 4180 3668
12002 3360 4408 3668 6001
12003 6662 947 946 939
12004 6939 1374 1403 1342
12005 3360 3367 4408 6001
12006 6466 6541 1635 5362
12007 820 5260 6335 5438
12008 6321 1668 1616 1496
12009 3344 3358 3354 3677
12010 668 6390 6346 669
12011 6403 5305 3479 6402
12012 6460 719 720 736
12013 6419 5067 5305 6402
12014 6466 1635 783 784
12015 6376 5259 800 5261
12016 6402 6419 6371 5305
12017 6459 3139 849 6554
12018 5305 5067 3867 3865
12019 1634 1635 194 783
12020 6483 6485 6580 3911
12021 5305 6419 6371 3867
12022 5165 3866 5305 6393
12023 4706 4711 4709 4715
12024 6371 5305 3867 3866
12025 5305 6403 6393 6447
12026 6371 6447 6402 5305
12027 3957 1608 1408 1667
12028 2786 6890 4473 6891
12029 7002 1659 1609 1662
12030 1747 2675 1755 1748
12031 4706 3700 4708 3927
12032 4148 2764 3917 6477
12033 3747 3746 4448 3748
12034 2304 1679 295 296
12035 3738 5227 5223 4096
12036 4097 2787 4432 6107
12037 4349 3922 6092 6953
12038 3391 4174 4669 3393
12039 3749 4403 4402 4429
12040 712 711 6385 6370
12041 4403 5251 4402 4429
12042 6309 5419 5650 6017
12043 758 757 774 6330
12044 6552 6686 5894 5563
12045 3743 1599 1564 1612
12046 6347 4611 3278 3459
12047 6339 4403 4473 2787
12048 4403 4432 2787 6339
12049 2822 4221 3271 4220
12050 3160 2820 3162 3405
12051 3128 1563 1610 1620
12052 3395 3415 4240 4787
12053 6231 1600 1476 1632
12054 3412 6333 6332 6334
12055 6650 975 974 967
12056 2958 6178 2960 3719
12057 5662 2515 2499 2516
12058 6061 6063 2451 5583
12059 6638 2465 254 2449
12060 2529 259 2545 4290
12061 5995 1578 1588 1521
12062 6762 1393 1460 1443
12063 5720 1960 2004 1980
12064 2822 3161 3271 4222
12065 6980 1362 1426 1394
12066 2640 2637 2648 2647
12067 3459 6347 2414 3278
12068 2897 3395 4240 4787
12069 6450 1395 1461 1625
12070 2897 3852 4788 4787
12071 3259 3471 4278 4127
12072 6480 3278 3459 7018
12073 1360 1418 5611 1383
12074 7019 1921 1963 1962
12075 4595 1548 1514 1482
12076 6552 6420 6422 4564
12077 3279 3896 4518 3895
12078 3135 3986 3137 3138
12079 5443 1953 1979 2031
12080 1482 4595 4587 1453
12081 6935 1540 1548 1536
12082 3896 3895 3899 4518
12083 6552 6756 7020 6420
12084 1567 6289 1541 1524
12085 4076 1404 1425 1448
12086 5016 1983 2009 1965
12087 3192 4599 3138 3986
12088 2686 3894 3891 3659
12089 3898 3896 4513 4021
12090 3894 3896 3895 3899
12091 5609 1457 1418 1386
12092 2877 3008 2872 2873
12093 4854 4555 7021 4562
12094 6468 1340 1387 1369
12095 7022 1386 1325 1369
12096 1386 1369 7022 1423
12097 3495 3447 3335 3333
12098 7023 1457 1516 1485
12099 2696 3213 4359 3197
12100 3970 3049 2775 3030
12101 5270 1439 1470 1505
12102 7024 1529 1495 1500
12103 3495 3447 3333 3005
12104 4801 6457 7025 5459
12105 3495 3501 3336 4356
12106 5569 698 681 682
12107 7021 4555 7026 4562
12108 3005 3503 3336 3006
12109 4128 6043 4439 5916
12110 6505 2260 2212 2189
12111 3258 4131 3469 3253
12112 4129 4128 4439 3255
12113 7021 6433 6975 4585
12114 3259 4279 4129 4255
12115 6456 1551 1577 1561
12116 4256 6043 5784 6993
12117 7027 1499 1431 1523
12118 1656 763 779 6997
12119 3258 3469 3255 3253
12120 7028 1571 1529 1573
12121 6390 6314 6316 653
12122 5134 1427 1450 1491
12123 3268 669 685 6346
12124 7021 2956 7029 7026
12125 6390 5215 5646 6314
12126 6390 6314 5646 4035
12127 6390 3269 4035 5646
12128 7030 1490 1465 1426
12129 6314 4044 4035 6390
12130 5645 5646 3269 6346
12131 7021 4078 7031 7029
12132 6820 2056 2022 2002
12133 7032 1490 1463 1518
12134 6655 3952 7033 7034
12135 6583 6584 6585 6590
12136 4874 7012 3825 5045
12137 5050 3971 3978 5979
12138 5041 5046 5413 3224
12139 5046 3222 4425 3224
12140 6303 7035 2285 5772
12141 5411 5046 6079 5410
12142 3952 7033 7034 3949
12143 5047 5044 5045 3979
12144 2784 3749 4097 4403
12145 6956 1459 1520 1484
12146 2758 4318 3917 4897
12147 5337 2128 2167 2093
12148 4475 4317 4403 4402
12149 4448 3747 4445 4446
12150 6478 2294 2332 2253
12151 5533 4098 6054 6055
12152 5270 5002 5003 7027
12153 1365 3147 1338 1398
12154 2756 2755 3917 2764
12155 3443 4752 5252 3549
12156 6407 2057 2032 2075
12157 2762 6470 3265 6472
12158 6829 1384 1364 1442
12159 5306 6877 1954 7036
12160 2741 3547 2761 4639
12161 2759 2763 2741 4639
12162 5549 2257 2308 2343
12163 7037 1633 1662 1611
12164 5562 2149 2116 2187
12165 5572 3949 7033 3952
12166 3923 3940 3957 3958
12167 2752 3260 2991 3001
12168 3134 3145 4133 3142
12169 3733 6404 726 710
12170 2788 4318 2786 4902
12171 4295 6992 6416 3790
12172 2762 2764 6477 2760
12173 4317 4473 4316 4018
12174 4894 4318 2786 4473
12175 7038 5312 1450 1434
12176 7000 1431 1444 1523
12177 4666 4669 4667 4447
12178 4447 5848 5847 6694
12179 4631 7039 7040 6133
12180 3095 4559 4554 3100
12181 7028 1529 1571 1542
12182 4850 3318 3774 3339
12183 3100 6968 4673 4668
12184 5164 3844 3460 3457
12185 3100 3099 6968 6628
12186 1358 1387 4074 6469
12187 6467 1456 1421 1387
12188 3095 3101 3096 3099
12189 6168 2684 5283 5285
12190 6168 5283 2684 1722
12191 1490 7041 1569 1518
12192 1545 4547 7042 1566
12193 4714 5283 4876 4880
12194 5395 5599 1800 2664
12195 6732 4876 6168 5283
12196 3937 5283 6732 1715
12197 5283 6732 1715 6168
12198 1707 4714 1714 6168
12199 7042 1594 1566 1590
12200 1707 6168 1715 6361
12201 6361 6168 1715 6732
12202 1497 1490 7043 1569
12203 2865 6788 2725 4516
12204 5198 6855 1401 5202
12205 2725 3810 5186 4364
12206 6646 5583 2418 2299
12207 2985 2982 5148 4025
12208 5444 2933 3954 2934
12209 7044 1554 1564 1599
12210 3530 677 676 660
12211 4023 4022 4024 6958
12212 4022 2268 2188 2221
12213 6330 1642 1653 774
12214 6437 6344 729 745
12215 5444 6720 3810 3777
12216 3810 2724 5186 6720
12217 2989 5444 2934 2933
12218 2982 5078 3810 4364
12219 6951 2215 2302 2258
12220 1754 1755 1747 2675
12221 1634 195 1618 782
12222 5444 5978 3401 2724
12223 5380 4770 1654 1618
12224 2938 3811 2933 2795
12225 1618 782 5380 5379
12226 2989 2938 2982 3810
12227 5475 5476 5485 5478
12228 2938 3811 2982 3810
12229 2954 5193 3832 4682
12230 6515 4770 5379 1649
12231 5387 6316 2377 605
12232 1654 765 764 6481
12233 1653 204 1673 773
12234 3381 3379 4723 3378
12235 2626 6619 2951 2884
12236 3762 773 1653 1673
12237 4683 2956 5790 7021
12238 6329 1673 1675 1630
12239 3762 1673 1612 1675
12240 5317 1642 6330 774
12241 2946 2955 4579 2948
12242 3379 5790 2956 4723
12243 5233 4949 4159 4954
12244 6417 2479 2495 2478
12245 4944 4953 4945 4947
12246 5365 1416 1381 1355
12247 4945 4846 4949 6411
12248 4945 5232 4949 4846
12249 4833 6410 4956 5927
12250 1417 4529 1385 1356
12251 4514 1355 1356 1382
12252 4833 4949 3990 5926
12253 7009 1449 1455 1416
12254 4514 1416 1355 1382
12255 4949 5926 4956 4948
12256 4420 6079 6170 4426
12257 4236 4420 4419 4424
12258 5609 1458 1418 1485
12259 1418 5611 7022 1360
12260 6317 4419 5422 4424
12261 6935 1540 1536 1541
12262 4419 3961 5125 6644
12263 5107 7045 7046 7033
12264 6478 2339 2370 2332
12265 6145 1567 1547 1543
12266 6317 5422 5145 6318
12267 6317 6207 5125 6637
12268 6142 1543 1492 1524
12269 6883 1442 1488 1466
12270 4519 1382 1356 1417
12271 1451 4517 1482 1417
12272 2947 2956 7026 4723
12273 2947 7017 5696 5695
12274 2947 5094 4546 7042
12275 2946 2947 2949 2956
12276 5696 2947 2949 2948
12277 2947 2948 5696 7042
12278 2946 4579 4578 2948
12279 2911 2915 3464 2916
12280 6255 4786 3132 4784
12281 6467 1421 1456 1483
12282 4814 2137 2180 2108
12283 3764 3532 3755 3826
12284 5366 1469 1391 1462
12285 7045 5107 7047 3950
12286 6992 1361 1391 1322
12287 2680 4593 2688 4020
12288 4134 3381 3515 3378
12289 2680 3661 2672 4593
12290 2814 3151 3153 3052
12291 7048 2073 2045 2016
12292 4181 4513 3655 4021
12293 2670 3464 4458 3985
12294 7008 1424 1460 1393
12295 3680 5120 4435 5973
12296 7009 1416 1455 1424
12297 4741 4743 4634 4742
12298 6452 1461 1378 1625
12299 3421 4309 5973 4307
12300 4636 4271 6684 6441
12301 4632 4637 4271 4634
12302 5706 1395 1363 1430
12303 3348 4274 4267 4277
12304 5713 1498 1467 1430
12305 4162 2343 2300 2257
12306 4268 4270 5617 4811
12307 7049 2219 2259 2182
12308 6584 1396 1433 1471
12309 3949 7034 3945 7045
12310 3418 3419 3356 6118
12311 6766 1506 1472 1432
12312 3828 3832 3834 5007
12313 3944 3832 3833 5714
12314 4853 5714 4555 5258
12315 2597 275 276 1610
12316 4683 5714 4555 4853
12317 4853 5258 3836 3833
12318 6952 1506 1557 1559
12319 4177 6341 6339 6107
12320 4177 2787 6339 6340
12321 6766 1506 1432 1503
12322 5683 6692 6891 6339
12323 4098 6547 4095 5223
12324 6586 5550 6590 1399
12325 6924 1924 5758 1947
12326 5108 5167 5168 5213
12327 3459 6347 4611 633
12328 7050 1550 1569 1590
12329 4430 6339 4403 4473
12330 6436 1574 1537 1571
12331 3130 3133 2913 4292
12332 5046 4425 4414 4426
12333 5267 5268 4638 1229
12334 7051 2177 2110 2185
12335 3635 4230 4232 3638
12336 6436 1570 1537 1523
12337 6374 1505 1530 1551
12338 7052 4971 7045 7047
12339 6844 5410 5383 5044
12340 6952 1583 1557 1534
12341 3948 5108 3951 3949
12342 5111 2951 6463 2954
12343 5200 1600 1509 1441
12344 5008 2533 2516 2517
12345 2957 2958 3568 3281
12346 4579 4578 3517 2949
12347 5111 6619 3039 5805
12348 7053 1448 1425 1502
12349 7031 1452 1425 1388
12350 7017 1594 1556 1515
12351 7026 1515 1502 1452
12352 5489 2113 2074 2046
12353 4597 3039 3041 4569
12354 6452 1461 1429 1378
12355 2634 3039 2626 3494
12356 3195 3889 3831 3885
12357 7054 1603 1656 1562
12358 3831 5192 4991 4511
12359 3191 2886 2885 3377
12360 4795 4864 4861 4800
12361 4682 5192 4511 6517
12362 3884 3831 4359 4511
12363 749 748 765 6481
12364 6598 871 870 1764
12365 5426 2320 6158 2273
12366 4888 6471 6250 6232
12367 1663 1606 5939 1650
12368 3950 5322 4971 7045
12369 3284 5311 3282 3875
12370 2634 2630 2629 3040
12371 5427 6355 6351 6158
12372 2722 5184 5512 6005
12373 5464 1406 1650 1606
12374 2957 3873 3281 3568
12375 3782 1675 6815 6487
12376 2958 3570 3816 6178
12377 6790 1645 1650 1623
12378 3606 6166 555 562
12379 1654 781 1618 196
12380 2958 3719 3570 6178
12381 5314 3796 6178 3719
12382 1618 5380 765 1654
12383 5314 3570 3719 6178
12384 3950 3945 5322 7045
12385 5890 2950 6658 4247
12386 5379 1618 1634 1649
12387 6485 1649 1634 1635
12388 719 718 735 6439
12389 703 6439 6460 5484
12390 5381 1634 5379 782
12391 4306 1640 1659 1662
12392 3948 5168 5167 3947
12393 4949 3990 5926 2950
12394 7055 1658 1611 1584
12395 4229 5232 4159 6659
12396 2607 1640 2606 285
12397 5232 4372 5233 6659
12398 2734 2723 2607 2591
12399 6685 4913 4840 4606
12400 3561 4252 6549 6676
12401 3520 3489 3709 6225
12402 3959 4755 3963 2850
12403 3519 3806 3521 3520
12404 6739 1686 1679 1687
12405 4349 1712 1713 1720
12406 6435 2512 2495 2496
12407 4350 307 2512 2496
12408 5615 871 877 876
12409 3439 3519 3805 3802
12410 3520 6225 3709 3697
12411 2595 1632 273 274
12412 3806 3520 3697 3521
12413 2533 4995 2517 5005
12414 3704 3520 3963 3708
12415 4088 3671 3183 4090
12416 3176 3574 3111 3179
12417 2597 275 1610 1631
12418 3178 4061 3572 3177
12419 3105 6295 4153 3581
12420 6886 1452 1429 1489
12421 3628 3955 3629 3598
12422 6886 1452 1388 1429
12423 4153 3105 3109 6295
12424 3182 3581 3580 6122
12425 6595 1665 231 1615
12426 3182 3183 3105 6295
12427 3140 1668 1646 1616
12428 6521 809 7056 816
12429 6595 5257 864 3141
12430 2023 5723 2060 5722
12431 6931 1480 1449 1481
12432 7057 1512 1481 1486
12433 3182 6295 6122 4093
12434 4088 2644 4090 4094
12435 1449 1451 7058 1481
12436 3182 3579 3580 3581
12437 2678 3245 3248 4320
12438 4514 1382 1449 1416
12439 4197 4202 5330 4206
12440 6949 5389 7005 1296
12441 23 2608 286 2675
12442 4587 1536 1548 1513
12443 5918 4105 6042 4986
12444 6072 1427 1459 1390
12445 4099 4105 4999 4100
12446 6906 1459 1419 1390
12447 5807 6128 4984 3622
12448 3098 2677 5151 5150
12449 6897 2040 2001 2007
12450 2928 4206 3248 3250
12451 4197 4206 3248 4202
12452 5135 1427 1491 1459
12453 7038 1389 1322 1434
12454 4205 4206 5918 5820
12455 4105 5001 4998 4999
12456 3251 5579 4206 3250
12457 5138 1420 1427 1368
12458 5313 1495 1542 1526
12459 4353 4583 3237 4758
12460 1420 1434 5138 1450
12461 4809 6970 7048 4818
12462 5138 1427 1420 1450
12463 7041 1568 1518 1544
12464 5352 5417 5868 5757
12465 7059 2009 1989 1965
12466 4075 1448 1493 1456
12467 4219 4549 4550 4233
12468 3213 3890 4354 3195
12469 5101 1538 1552 1566
12470 4311 6810 4321 4322
12471 4595 1417 1453 1482
12472 3561 3560 6676 6546
12473 7058 1451 1449 1382
12474 3305 3008 2873 6643
12475 7060 7019 1962 6898
12476 5609 1458 1383 1418
12477 5264 4583 3885 4759
12478 6142 1466 1488 1524
12479 3889 4759 4583 4758
12480 5258 5714 4555 4557
12481 6874 1458 1541 1488
12482 4359 4768 3889 4721
12483 3604 3735 4803 2716
12484 6874 1488 1442 1458
12485 6370 696 695 679
12486 2622 2717 2715 2719
12487 679 6386 678 695
12488 3604 4212 3601 4802
12489 3065 3093 3560 3092
12490 2983 2989 2938 2982
12491 2958 3282 3283 3570
12492 2675 2608 286 1641
12493 4804 3821 3688 6850
12494 3480 6787 6404 695
12495 6212 1501 1533 1464
12496 3294 3292 5542 3691
12497 3821 3688 6850 3685
12498 6114 3692 3685 6178
12499 6114 6178 3796 6850
12500 5553 1554 1533 1501
12501 2808 2807 3045 4837
12502 2805 3759 2806 3234
12503 4835 4007 4836 5947
12504 3065 2707 3562 3066
12505 6307 6374 5003 7061
12506 4406 4835 5980 5576
12507 4404 2804 3287 4406
12508 5713 1498 1522 1467
12509 5713 1430 1467 1395
12510 4003 4406 5980 4837
12511 2808 3043 5674 5603
12512 5968 6752 5425 7062
12513 2981 3599 3552 3075
12514 6584 1497 1471 1433
12515 5159 1595 1550 1590
12516 2722 3401 6005 2724
12517 3159 6007 6003 5184
12518 3401 2724 5978 6005
12519 7063 1571 1573 1574
12520 3401 3954 6006 5978
12521 6424 2296 2207 2252
12522 3049 4869 3970 5401
12523 3030 3049 4869 3970
12524 6584 1396 1370 1433
12525 6766 1503 1534 1506
12526 3917 2758 4897 6477
12527 6895 1285 6930 1328
12528 3378 4136 3142 6305
12529 6585 1471 1497 1531
12530 6930 6525 6894 4341
12531 2992 3711 3807 2991
12532 2815 3049 4744 3010
12533 6359 2357 2388 2385
12534 3260 3713 3712 3710
12535 4478 4477 4732 4731
12536 4313 3435 6737 6194
12537 4313 6470 4479 5594
12538 3003 4313 4481 3435
12539 6874 1524 1488 1541
12540 6792 1457 1386 1423
12541 4476 6527 4480 4482
12542 4476 3003 4479 4481
12543 6142 1466 1524 1492
12544 3003 4313 3265 4479
12545 6883 1384 1466 1444
12546 2993 7064 4148 4479
12547 4313 6470 5594 4734
12548 3986 3661 5018 4472
12549 3274 3280 3279 4649
12550 3655 3279 3896 4527
12551 4628 1572 1591 1558
12552 3280 3895 4650 3900
12553 2628 2632 3486 3661
12554 7043 1531 1497 1550
12555 5159 1550 1595 1572
12556 2916 2913 2921 2911
12557 3279 4649 3280 4650
12558 4628 1591 1572 1592
12559 6584 1465 1497 1433
12560 6979 1558 1503 1531
12561 3280 3895 3900 3901
12562 2925 3280 2915 3274
12563 5678 3924 3930 4598
12564 1549 1573 7065 1529
12565 2183 2256 7066 2265
12566 3467 4655 4352 6288
12567 4992 4990 3215 4991
12568 4991 4992 6776 4721
12569 2596 1631 1632 274
12570 4991 7067 4768 4721
12571 2772 2773 3642 3206
12572 4645 4646 4797 3208
12573 3226 3217 4261 4262
12574 6930 6940 1317 1267
12575 3215 4992 3214 6565
12576 2598 1610 276 1620
12577 3263 1631 1610 1509
12578 3205 3211 4261 4112
12579 4613 5875 7068 2614
12580 7027 1470 1431 1499
12581 2614 4613 1738 7068
12582 5875 6798 2683 7068
12583 5875 3868 6798 6348
12584 6456 1551 1561 1505
12585 7027 1470 1499 1530
12586 6462 1510 1561 1582
12587 779 6997 1661 1656
12588 6482 7054 6457 1656
12589 713 5569 6437 730
12590 6940 6525 1267 6930
12591 3195 3885 3196 3889
12592 3236 4391 4653 4583
12593 7069 1510 1603 1562
12594 6400 5414 1577 7013
12595 6497 1510 1562 1440
12596 6997 7069 7014 1603
12597 2699 2700 3785 3029
12598 4683 4512 4585 5790
12599 893 5158 888 887
12600 6343 6344 6342 6448
12601 3890 4361 4512 6433
12602 3218 3906 4357 4512
12603 5193 3832 4682 5007
12604 6482 1656 779 197
12605 5569 4611 7070 682
12606 6946 1521 1494 1460
12607 4360 4683 2953 5790
12608 6949 1296 1352 1330
12609 2905 3038 2900 3037
12610 2964 2904 2899 3285
12611 6930 4068 6940 4341
12612 3198 6686 3815 3283
12613 6482 780 1654 197
12614 6482 6457 763 1656
12615 4770 1654 1618 1511
12616 6481 1601 1654 1511
12617 2900 2901 3169 3436
12618 3285 5719 5725 2904
12619 856 1643 863 3139
12620 3038 3037 5491 3438
12621 3141 5257 864 3139
12622 3742 3761 3762 3782
12623 3742 3762 3761 3741
12624 3742 3826 3761 3782
12625 3742 3827 3826 6815
12626 2594 1613 272 273
12627 5298 1411 1621 1447
12628 3532 3761 3742 3826
12629 3742 3755 3826 3827
12630 3734 3733 3744 3741
12631 4315 1487 1517 1578
12632 3965 4064 3969 3125
12633 4256 4440 6302 4255
12634 3485 4260 3486 3876
12635 4783 2027 2100 2009
12636 3639 3429 3209 3642
12637 3924 3930 4598 3921
12638 3918 3921 3930 3924
12639 4587 1484 1513 1453
12640 4517 1514 1481 1451
12641 5995 1521 1487 1578
12642 6793 1457 1423 1486
12643 2769 3970 3926 5401
12644 3151 3904 2813 3154
12645 3786 3924 3921 3918
12646 6793 1486 1516 1457
12647 6289 6142 1524 1567
12648 1298 5373 1272 1324
12649 7057 1512 1480 1481
12650 2690 2699 3029 2700
12651 3474 3734 3536 3744
12652 7042 1590 1568 1594
12653 6779 1556 1539 1519
12654 3976 5064 3975 3972
12655 3734 3533 5085 3536
12656 3474 3734 4031 5085
12657 4031 4023 5085 3533
12658 3443 3550 4456 4752
12659 3550 4462 4463 6301
12660 3551 3550 4456 3443
12661 7071 1493 1483 1456
12662 4936 1454 1421 1483
12663 5279 4279 6641 6256
12664 7057 1512 1483 1546
12665 2066 4798 7072 2070
12666 3445 4019 4750 4216
12667 1494 6988 1463 1518
12668 7017 1556 1568 1544
12669 3444 4018 4316 5253
12670 2874 3878 2880 2750
12671 1494 1521 6946 1544
12672 3469 4128 4132 4107
12673 7073 3445 4216 2745
12674 3446 3551 4751 3090
12675 2742 5230 3548 3446
12676 3486 7074 5061 4260
12677 2736 3038 4224 3438
12678 2640 2642 2637 2641
12679 5609 1485 1418 1457
12680 7075 1458 1485 1541
12681 3905 6517 4640 5194
12682 2989 3777 5444 3810
12683 2611 2728 2727 2639
12684 7050 1569 1568 1590
12685 3463 4648 3465 4652
12686 2900 2904 2907 2899
12687 3038 3438 5491 6647
12688 2862 3069 3070 3067
12689 2176 7076 7077 7078
12690 2644 5086 2642 2641
12691 2732 2852 2794 2793
12692 5713 1467 1522 1461
12693 3037 3853 6622 3854
12694 4740 3438 5491 3037
12695 2643 2653 4088 2644
12696 1465 7043 1497 1490
12697 3037 3853 3854 2641
12698 2638 2641 4740 4089
12699 7079 1576 1647 1549
12700 4944 4950 4951 4956
12701 6389 2265 2314 2221
12702 2826 3164 3163 4169
12703 2826 5132 4221 2825
12704 4221 4298 2825 5132
12705 3857 3417 3410 3416
12706 4189 5844 2827 4297
12707 3259 4127 4278 4280
12708 5398 2730 4509 6731
12709 1661 199 1639 778
12710 5398 4376 2730 5453
12711 5398 3084 6837 3082
12712 5354 1639 6342 778
12713 4263 5129 4299 4581
12714 6997 1603 7054 7069
12715 7014 1582 1639 1603
12716 5118 6456 5461 6284
12717 7069 1582 1603 1510
12718 3078 5398 3082 3084
12719 4058 5232 4609 4372
12720 3294 5542 4845 3693
12721 5890 5232 4609 6658
12722 4269 4295 4277 5129
12723 2917 6256 5279 5580
12724 5129 4269 4295 4294
12725 5038 4251 6277 5039
12726 6910 1546 1525 1517
12727 6910 1483 1525 1546
12728 4975 6587 5075 4973
12729 4563 4597 4569 4566
12730 5890 4248 4229 4247
12731 4937 1454 1512 1486
12732 7057 1546 1480 1512
12733 5074 3293 6037 6039
12734 2970 2973 1210 2971
12735 5074 6039 6660 3293
12736 7080 5073 3795 3796
12737 6660 3685 3694 3686
12738 3694 6114 5075 3691
12739 1267 6940 1317 6942
12740 4314 1525 1539 1578
12741 3930 3931 3932 4654
12742 3292 3691 5075 4249
12743 5073 3796 7080 6113
12744 7081 1541 1485 1540
12745 7081 1516 1540 1485
12746 7082 1514 1548 1516
12747 7082 1486 1514 1516
12748 3357 3093 3404 3060
12749 7043 1497 1569 1550
12750 7041 1568 1569 1518
12751 3325 3328 3323 3327
12752 2703 6007 4717 2707
12753 3168 3175 2667 3166
12754 3366 3363 3365 3367
12755 5313 1542 1495 1529
12756 7007 1571 1587 1542
12757 6141 1466 1492 1444
12758 7083 1367 1431 1400
12759 3366 3363 3367 2651
12760 6794 2038 2006 2068
12761 5724 2651 3504 3365
12762 2957 3282 2964 2958
12763 2676 2677 6150 4202
12764 4662 3365 5724 5725
12765 7027 1530 1499 1537
12766 2942 2637 2641 2943
12767 7027 1499 1523 1537
12768 2644 3856 2641 5625
12769 2942 3018 2943 2824
12770 7084 1647 1589 1573
12771 3856 5624 5870 5625
12772 1571 6366 7085 1570
12773 4352 5677 6288 4655
12774 2944 3856 3855 2641
12775 3856 5870 4788 3855
12776 5151 6150 6245 6538
12777 1637 1638 776 201
12778 5331 7086 7083 6245
12779 695 3480 679 6386
12780 7015 6342 1637 6343
12781 7087 7086 7083 5331
12782 5677 6873 6288 4655
12783 7088 1637 1614 1666
12784 7088 1637 1666 1638
12785 6360 745 728 729
12786 6360 745 744 728
12787 2918 2927 2919 3211
12788 2292 7089 7090 2293
12789 7091 2119 2054 2080
12790 4555 4561 4562 5712
12791 4387 6539 7087 4388
12792 7086 5331 6150 6245
12793 7086 6538 6150 6539
12794 7086 4388 6539 6150
12795 3212 3220 3219 3938
12796 3497 5437 3502 3499
12797 3206 3208 3214 3337
12798 3841 1583 1607 1557
12799 3055 2691 3576 4492
12800 3862 4500 4150 3326
12801 4150 4021 3898 4500
12802 7092 1579 1583 1534
12803 2885 3192 2628 2886
12804 4168 2255 2213 2178
12805 2335 4161 2255 5062
12806 7092 1579 1596 1583
12807 4179 4528 4000 4664
12808 2737 2667 3062 2657
12809 3862 4515 4021 4500
12810 3862 3326 4501 4500
12811 2841 3076 2847 3488
12812 287 2675 1754 301
12813 3638 2706 2704 3635
12814 5270 1505 1470 1530
12815 2981 3075 3074 4141
12816 2602 1597 280 1672
12817 3842 1597 1607 1583
12818 3960 5124 3962 5125
12819 5070 5062 6934 2335
12820 5610 5677 5612 5609
12821 6429 2369 2300 2343
12822 7055 1585 1604 1584
12823 3802 4231 6080 6079
12824 6079 4217 4420 3802
12825 2968 1617 1660 1585
12826 6498 2541 2524 2525
12827 3073 4781 3803 5377
12828 3590 5930 3597 6217
12829 3590 3081 6217 3591
12830 3376 3082 4508 6177
12831 3079 5398 2730 4509
12832 4502 3593 3081 4508
12833 4502 3081 3593 4504
12834 4502 4505 4507 4509
12835 3081 4503 3080 4504
12836 5252 5253 3549 6701
12837 7093 1580 1535 1598
12838 7093 1636 1598 1535
12839 4019 4750 6717 4457
12840 4019 4449 6588 5644
12841 4018 3444 4019 5253
12842 4019 4449 6699 6588
12843 5252 4019 5643 4457
12844 2646 5922 2645 5486
12845 2637 2942 3018 2943
12846 1661 1656 198 779
12847 6997 1639 1661 1603
12848 3273 3310 3309 3312
12849 5094 1489 1545 1515
12850 3408 3164 3861 3405
12851 3682 3068 6209 4605
12852 3118 6090 5287 4305
12853 2902 2900 2901 2859
12854 5713 6452 1522 5712
12855 5435 3572 7094 7095
12856 7089 2355 2289 2331
12857 3852 3397 5128 5271
12858 2824 2867 2833 3396
12859 7041 1544 1518 1494
12860 3068 3688 4443 3605
12861 2944 2641 3855 3854
12862 2989 5444 3777 4532
12863 3037 4740 2641 3854
12864 5935 5883 6618 5323
12865 5996 1544 1521 1588
12866 1539 5996 5995 1588
12867 5996 1539 1556 1588
12868 6876 5307 1896 1918
12869 3414 5834 5935 6618
12870 3414 5896 5935 5834
12871 5935 3409 5887 5896
12872 6447 1655 1638 1666
12873 6402 7044 6423 1602
12874 6447 1602 1638 1655
12875 6370 712 695 696
12876 5164 3457 3458 5163
12877 5323 2616 1711 5935
12878 5935 2616 1711 5892
12879 5467 725 3733 3741
12880 6402 6371 6419 1581
12881 6423 1638 1602 1642
12882 6423 1642 1602 1599
12883 5935 3409 2616 5892
12884 5935 1697 5887 1704
12885 1642 1638 202 775
12886 5204 1508 3934 5575
12887 5935 5887 1697 5834
12888 7096 1531 1572 1558
12889 4589 4739 5303 6882
12890 4590 4124 3024 3022
12891 2895 3022 4124 4591
12892 4589 5393 4590 4733
12893 7097 1531 1550 1572
12894 4590 4737 4124 4591
12895 1638 6423 6447 6387
12896 6423 6447 6387 6403
12897 6436 1537 1570 1571
12898 7079 1527 1533 1576
12899 3818 2341 2301 2357
12900 6402 5305 3479 5067
12901 3867 1576 1581 1670
12902 3479 6393 6403 6787
12903 7093 1598 1596 1580
12904 6403 6387 3478 6787
12905 3678 2506 2505 2489
12906 5610 7081 5677 5609
12907 1602 6447 6423 6402
12908 6447 6402 5305 6403
12909 6944 1591 1593 1579
12910 4939 4891 5947 4892
12911 2672 2688 4486 2671
12912 2628 5018 5176 5019
12913 5105 3689 5104 3631
12914 1672 3051 2602 1597
12915 3054 2819 4225 3055
12916 1636 1598 278 2600
12917 3842 1596 1597 1583
12918 3002 1607 1672 1617
12919 2631 2632 2633 3485
12920 3135 4599 3985 3986
12921 2687 3280 2926 3136
12922 3226 3145 3220 3225
12923 5677 4652 7075 7081
12924 4473 5253 5802 4896
12925 6986 1593 1575 1553
12926 5169 1528 1575 1552
12927 1642 774 203 1653
12928 6551 4896 5637 4894
12929 5677 4648 6288 7075
12930 2759 4895 4316 4894
12931 3762 1653 1612 1673
12932 6330 758 742 5317
12933 5111 3944 6463 3945
12934 42 4897 4901 4894
12935 4475 5802 4473 5253
12936 6330 1653 1642 1599
12937 6403 6387 6393 6447
12938 2409 5191 6594 2397
12939 281 2940 2602 1672
12940 5535 2788 5157 5156
12941 3929 3119 4714 5288
12942 3952 7034 6655 3835
12943 3953 3954 5977 4287
12944 2983 2793 2852 2857
12945 3842 1607 3841 1583
12946 2934 2987 3955 4532
12947 4531 4118 3955 5670
12948 5444 4532 5977 3777
12949 2984 4602 2988 2987
12950 2432 6976 5481 2431
12951 3969 5401 4121 4858
12952 3711 2991 3300 3302
12953 2753 2763 3270 3547
12954 2754 2752 2757 2741
12955 283 2876 2604 1604
12956 2444 2397 2427 2443
12957 3087 4451 4450 4433
12958 2968 1604 1585 1660
12959 3260 3710 6506 3001
12960 2734 2591 2590 2574
12961 3262 3152 4855 3153
12962 3750 4017 4402 4018
12963 4505 6176 4698 4506
12964 3943 3946 3945 3944
12965 6176 4698 6266 6578
12966 4697 4006 4505 4701
12967 1597 3056 2601 1598
12968 4479 7064 4148 6479
12969 4478 4724 5594 5726
12970 4148 6479 5534 4477
12971 5533 4149 6057 6054
12972 4476 2993 3003 3001
12973 5535 2792 5541 2788
12974 4149 6057 6872 4477
12975 2754 2764 2762 2760
12976 6218 2424 2393 2405
12977 5526 4920 5569 4611
12978 3460 6480 4611 3459
12979 6476 1589 1622 1577
12980 2940 3840 3051 1672
12981 3460 6480 7018 3843
12982 697 5162 680 696
12983 3867 1622 1647 1670
12984 3460 6480 3459 7018
12985 7076 2205 6841 6842
12986 7084 1622 1589 1647
12987 3913 3457 3458 3459
12988 5193 5007 7098 7099
12989 5745 887 893 892
12990 7034 3834 3835 3952
12991 2831 2898 4238 4189
12992 4920 4611 6480 4861
12993 7015 1637 1639 1614
12994 3866 1622 1666 1614
12995 6997 763 779 5354
12996 6997 4862 4801 5354
12997 2614 2615 2673 6529
12998 3417 3164 2826 4169
12999 3410 3412 3409 3414
13000 3416 2673 2614 3857
13001 5190 2539 2538 2522
13002 3415 4787 4241 4240
13003 279 280 2601 1597
13004 3413 6757 4241 5910
13005 4792 5225 5226 5214
13006 6487 1657 1676 1675
13007 5294 5646 4035 4791
13008 4791 4792 5645 3620
13009 4919 4789 4864 4926
13010 4789 4926 4790 5254
13011 4792 5645 3620 4801
13012 4572 3403 3404 4576
13013 4827 6308 3787 5190
13014 3565 4273 4253 5614
13015 4250 4252 3565 4253
13016 7034 3945 7100 3834
13017 7101 7102 6642 6255
13018 3560 6676 3565 3561
13019 4416 1968 1979 5442
13020 5331 2676 6150 4202
13021 4784 4786 3132 3245
13022 7070 4611 634 650
13023 3095 3101 3097 3096
13024 3096 3097 3098 5149
13025 6237 5938 158 1629
13026 3772 3098 3249 4552
13027 3098 3249 4552 5808
13028 3835 5559 5007 7099
13029 6233 1645 1664 1663
13030 4320 4197 4205 3248
13031 5074 3293 6660 5075
13032 4412 6193 6195 6197
13033 3517 3792 4578 4579
13034 2953 4546 4556 2955
13035 4411 6195 4413 6928
13036 3281 3282 5968 3875
13037 6733 1694 1695 1702
13038 3491 3048 3047 2634
13039 3039 3042 6619 3494
13040 6977 311 312 1684
13041 3039 3042 5805 6619
13042 5547 1684 1685 1692
13043 4348 4351 6092 4349
13044 3800 3792 4579 3798
13045 6977 1684 312 1677
13046 5275 5277 5276 5279
13047 5277 5276 5279 7035
13048 2384 6977 312 1677
13049 891 5745 886 5676
13050 5277 5470 6626 5772
13051 5275 5278 5277 6842
13052 5277 7103 5171 6842
13053 5277 5470 7035 4280
13054 878 877 883 6516
13055 1677 2384 24 312
13056 5277 6626 7103 5772
13057 3985 2920 2921 4470
13058 3207 2771 2699 3786
13059 2925 3463 4213 3280
13060 4111 3143 3220 3145
13061 3786 3210 3921 3924
13062 3207 3786 3219 3641
13063 2383 1677 294 1678
13064 3786 3029 3942 3919
13065 2890 4154 3878 3548
13066 6195 6928 6034 4413
13067 1692 4713 1699 1700
13068 2990 2749 2752 2751
13069 2742 4463 4465 4464
13070 1756 289 1351 1608
13071 2383 1678 294 295
13072 1744 6542 1737 6543
13073 1756 1351 289 290
13074 3270 3027 6276 3028
13075 4826 5228 3270 6276
13076 4351 6092 1691 1684
13077 4411 6195 6928 6848
13078 2304 1678 295 1679
13079 3359 6012 3677 4630
13080 6733 1701 1694 1702
13081 3367 4398 4408 6001
13082 3355 3402 3356 6013
13083 1380 7104 3928 1408
13084 2675 2723 2608 1641
13085 4494 3329 3718 3326
13086 2662 6279 6049 6280
13087 1677 7105 1684 1685
13088 3360 4399 3367 6001
13089 5622 3541 812 3543
13090 6435 4348 3466 6434
13091 3928 1380 1346 1320
13092 3361 3735 2720 3298
13093 4272 5617 4253 4273
13094 6195 6197 6839 6848
13095 4815 4272 5617 4253
13096 3194 3216 3905 3382
13097 297 1681 298 1958
13098 6733 1687 1680 1688
13099 3906 4512 5790 4585
13100 5213 5108 5167 5103
13101 5879 1682 1681 298
13102 1958 298 1888 1681
13103 4396 5264 4391 3885
13104 3906 5790 3379 4584
13105 5509 402 396 397
13106 4304 6084 6086 4308
13107 1742 5288 3117 3958
13108 5833 103 104 394
13109 4301 4102 4303 3914
13110 6441 6985 4304 6684
13111 4806 4815 4270 4811
13112 5879 299 298 1888
13113 6474 6195 6848 6928
13114 5879 1853 299 1888
13115 5508 400 401 406
13116 1834 1683 1682 299
13117 4544 4265 5979 5129
13118 4307 4961 5973 5783
13119 4301 4303 4302 3914
13120 5796 4102 4307 4107
13121 5103 5167 5109 5166
13122 6195 6928 6474 6221
13123 5846 404 101 102
13124 6195 6928 6221 6034
13125 5103 3950 5056 5107
13126 104 1761 300 1683
13127 5172 4972 5160 4974
13128 1834 300 1683 299
13129 5833 1690 1683 103
13130 4351 1684 1691 311
13131 1677 7105 1685 1678
13132 3800 5112 6051 3798
13133 4967 3950 5322 4971
13134 6051 5113 5112 4969
13135 3348 3356 3418 3419
13136 3330 3331 4319 3788
13137 3167 3676 5658 3360
13138 3402 3789 3404 4575
13139 4573 3564 3404 4572
13140 4321 4572 4299 3563
13141 5477 1685 1678 1686
13142 3346 3350 3352 3345
13143 5231 4000 6013 3402
13144 6739 1687 1679 1680
13145 5477 1693 1685 1686
13146 3065 3565 3561 3560
13147 4216 2745 4215 7073
13148 2992 3807 3808 3447
13149 6825 2527 2528 2544
13150 7001 1659 1408 1609
13151 1757 1319 290 291
13152 6739 1687 1694 1686
13153 1701 1693 1700 6739
13154 2761 4639 4895 2759
13155 5879 1689 1681 1682
13156 3057 1888 5879 1681
13157 4017 4019 4018 3444
13158 3057 1695 6733 1688
13159 4711 5547 5546 6364
13160 4462 4752 3550 3549
13161 5012 2873 3558 3227
13162 1696 1689 3057 6618
13163 1696 1689 6618 1697
13164 2750 3878 4466 3548
13165 5188 3558 5012 2873
13166 3027 3025 6276 3028
13167 6195 2778 6221 6473
13168 4464 4155 3548 5456
13169 1682 1834 5879 5834
13170 5860 411 405 406
13171 3019 2895 3265 2889
13172 5834 1689 1682 1690
13173 3763 3756 2870 3232
13174 3438 4740 5491 4061
13175 4351 1698 310 1691
13176 2867 3871 3809 2864
13177 2728 3184 3671 3178
13178 2900 6622 2905 3037
13179 2733 2637 2638 2639
13180 4351 1691 310 311
13181 2699 3938 3785 3784
13182 2686 3137 3135 3986
13183 3194 3378 3226 3225
13184 2953 3379 3382 5790
13185 3220 3938 3212 3225
13186 2696 3007 3197 4359
13187 5477 1692 1685 1693
13188 2627 3380 2629 3517
13189 3195 3890 4354 3883
13190 4242 1929 1879 2058
13191 5477 1700 1692 1693
13192 5703 4087 5110 5936
13193 7001 1408 1380 1609
13194 5586 2236 2318 2267
13195 4305 6090 5287 2723
13196 4713 1707 1699 1700
13197 6733 1694 1687 1695
13198 1688 1689 1681 3057
13199 3937 1709 1716 1708
13200 6749 1259 1252 1319
13201 6305 3220 4073 6071
13202 6305 3378 4584 3225
13203 5942 1259 1217 1252
13204 6888 1217 1204 1252
13205 1758 291 1259 1319
13206 2616 1718 5892 2615
13207 3906 3225 4073 4584
13208 4682 4360 3905 4511
13209 2699 2700 2694 3213
13210 3057 1696 1695 1688
13211 5434 5509 402 401
13212 1696 6618 1703 1704
13213 4246 7106 5472 4242
13214 2922 411 416 410
13215 6433 4392 4395 4077
13216 6975 4078 7031 7021
13217 4229 5232 4949 4159
13218 6618 4239 3414 5880
13219 5510 5896 6332 6336
13220 5951 412 411 406
13221 4351 1698 1705 309
13222 1698 1706 1699 4349
13223 3988 5364 2930 2932
13224 4229 5888 2932 4247
13225 6732 6361 1708 1715
13226 5547 1698 1691 1699
13227 4351 2480 2464 309
13228 3988 5364 5010 2930
13229 4229 2950 4247 2932
13230 5888 4196 4158 4167
13231 3764 3823 3822 3825
13232 4390 6433 4392 4395
13233 3822 3771 3823 3531
13234 3822 7107 3531 6414
13235 3764 5242 3825 3824
13236 3764 5241 5243 5242
13237 1755 289 1608 288
13238 3822 3610 7107 6414
13239 3720 4436 3749 4441
13240 1681 6733 3057 7108
13241 5441 2446 2430 2447
13242 5897 5434 401 5915
13243 3152 3262 3721 3157
13244 3808 3966 3968 4346
13245 2675 1754 301 3505
13246 3260 3711 6506 3712
13247 3772 5239 5675 4850
13248 5436 1257 1287 1320
13249 3770 3343 3342 5037
13250 5915 5897 5951 406
13251 4613 1716 1709 1717
13252 3746 3720 5037 4436
13253 2924 426 425 420
13254 5891 1711 1704 100
13255 5520 884 5622 879
13256 1759 1142 292 293
13257 5752 893 898 892
13258 413 5897 5319 5318
13259 4351 308 2496 2480
13260 3711 2991 6506 3300
13261 4390 4395 4392 4393
13262 6962 2318 2382 2366
13263 303 2883 304 2560
13264 4349 1706 1713 1705
13265 4351 1705 308 309
13266 3505 1747 302 303
13267 4520 5447 2799 5452
13268 4021 2682 3659 3896
13269 6090 5287 3120 3118
13270 3279 4518 4536 4588
13271 1641 4306 1659 1667
13272 4876 6733 4243 3937
13273 4683 7021 4854 4555
13274 5287 3120 1734 1733
13275 3118 1667 1644 1608
13276 4713 1706 1699 1707
13277 3894 3901 3902 3900
13278 6361 1708 1700 1701
13279 3463 4650 3280 4649
13280 3895 4518 4650 3900
13281 7109 1315 1373 1343
13282 6435 2512 2511 2495
13283 4713 1706 1707 1714
13284 4910 4953 4059 5233
13285 4713 1713 1706 1714
13286 4613 1717 1709 1710
13287 4921 4800 6778 7013
13288 4921 3850 6401 6400
13289 4192 6888 5844 5407
13290 3848 3870 4921 3843
13291 6361 1707 1700 1708
13292 4920 4921 3843 6401
13293 5286 1743 1750 1742
13294 4854 4394 6886 6433
13295 3686 3815 6686 6552
13296 5625 5869 6818 5870
13297 3068 3067 3684 6209
13298 2989 2938 3810 2933
13299 3199 4358 3200 4539
13300 2862 4444 3068 3067
13301 5323 1710 1703 1711
13302 3872 4539 5128 6182
13303 2862 3605 3068 4444
13304 5972 5710 5709 1141
13305 4350 307 308 1712
13306 3891 3901 4139 3902
13307 5500 6800 6326 4916
13308 4040 4044 6996 6320
13309 4040 4044 6800 6996
13310 4350 1719 307 1712
13311 4033 4041 4040 4043
13312 1755 1608 1644 288
13313 4040 6326 4042 6320
13314 4040 4035 6800 4044
13315 4040 4035 4033 4043
13316 2916 4280 5277 5279
13317 2669 2688 2672 2671
13318 3165 3171 3666 3364
13319 6782 4952 2267 6960
13320 3373 3376 4010 3082
13321 5630 364 32 31
13322 3119 3117 1727 1728
13323 6331 1723 1730 1722
13324 2383 2382 5546 2280
13325 3589 3593 3081 3591
13326 4010 3376 4002 6177
13327 3589 4002 3596 6300
13328 6331 1723 1722 1715
13329 3590 3374 4524 5930
13330 3020 3557 3757 3232
13331 3373 6002 6204 3082
13332 4184 1257 1204 1228
13333 2811 6300 4525 3045
13334 2820 3405 5578 5922
13335 3210 4598 3925 5174
13336 2675 1754 1644 287
13337 4097 3749 4432 4403
13338 2786 4902 6582 3538
13339 4613 1716 1717 1724
13340 5323 1711 1718 1710
13341 5683 6340 2787 2789
13342 5914 1725 1718 98
13343 2785 2758 2755 2757
13344 4139 7057 6911 6931
13345 4175 5628 4178 4177
13346 5683 6339 6338 6692
13347 6825 2527 2511 2528
13348 2744 2814 2992 3154
13349 3153 2745 3150 2814
13350 3750 4017 3749 4402
13351 3710 3001 7110 6506
13352 6911 4136 4936 3142
13353 4350 306 307 1719
13354 3749 4429 4436 6106
13355 2760 6477 5153 4897
13356 6911 4136 4133 4135
13357 1754 287 288 1644
13358 6168 1721 1714 1722
13359 4463 4462 3549 4465
13360 3549 4316 4895 5253
13361 2751 2817 2749 2750
13362 3119 1714 1721 1713
13363 3120 1726 1727 1734
13364 4713 4714 1714 1707
13365 4613 1716 6331 4615
13366 5285 1721 1729 1728
13367 4139 4936 6911 7057
13368 3864 3669 4761 4490
13369 2885 3192 3986 3661
13370 2675 5287 1747 3505
13371 7111 2232 2276 2304
13372 4054 5436 7112 1380
13373 5285 1729 1721 1722
13374 2631 3485 3047 3491
13375 3873 3281 3568 3047
13376 4494 4499 4495 5328
13377 3329 4965 4501 5328
13378 6911 7071 4135 4314
13379 4698 5812 4506 5182
13380 6265 6266 6268 5812
13381 5111 5322 6463 5805
13382 4613 1730 6331 1723
13383 4699 4697 4703 4696
13384 5778 6578 5777 6634
13385 5914 1718 2615 5892
13386 6104 6103 5295 6607
13387 6176 4698 4506 5182
13388 6247 5322 7100 3945
13389 5964 95 1746 1739
13390 4505 4698 4697 4699
13391 83 5649 5976 3312
13392 4697 5218 4703 4696
13393 2883 1726 306 1719
13394 2496 2479 6435 3466
13395 6715 5630 5770 6575
13396 6104 6578 6265 4698
13397 2883 1719 3120 1726
13398 4522 3992 5178 6308
13399 5925 3992 5178 4522
13400 5361 5077 4976 4680
13401 5361 2932 5364 3988
13402 2883 1726 305 306
13403 2997 4828 2996 4829
13404 3991 3729 6308 4522
13405 3120 1733 1726 1734
13406 4833 4157 4949 4956
13407 5111 5805 6463 6619
13408 3793 3800 4597 4566
13409 3117 1735 1727 1728
13410 2734 2574 2558 2575
13411 4350 4351 1705 308
13412 5922 5639 3309 3405
13413 1728 3119 1720 1727
13414 3513 3518 3517 5999
13415 4882 4877 1879 5472
13416 4546 4545 4555 4556
13417 3944 3945 3834 6463
13418 5285 1735 1728 1736
13419 5322 7100 3945 6463
13420 5633 5762 372 2796
13421 3939 5288 1742 3958
13422 5407 5845 5707 1159
13423 2955 2948 4546 4548
13424 1738 4613 1731 1730
13425 5009 4827 5011 4828
13426 7113 4483 6619 7100
13427 4184 1257 1252 1204
13428 6299 3239 3240 6529
13429 5958 5332 431 3385
13430 7068 1745 1737 1738
13431 4183 6888 6764 6749
13432 5768 6573 5515 5656
13433 5172 5055 5166 4972
13434 3385 433 3384 438
13435 5958 432 426 427
13436 425 5332 426 2924
13437 5007 7099 5193 3834
13438 3672 6945 4679 3648
13439 5964 1739 96 95
13440 3672 3648 3842 6945
13441 3672 3842 3839 7092
13442 1732 2615 2673 2743
13443 3857 3410 5883 3416
13444 2883 3505 303 1740
13445 2723 2559 2576 2575
13446 3945 7100 3834 6463
13447 3441 6088 6089 6192
13448 4305 1644 1667 1641
13449 3958 1755 3118 1748
13450 2883 1733 304 305
13451 5287 3505 2723 2883
13452 6098 3441 5422 5145
13453 3441 5529 5145 6098
13454 3440 3442 5144 6088
13455 4423 4425 5898 4421
13456 3961 4160 5145 5143
13457 4412 4420 3805 6197
13458 3439 4419 3441 3961
13459 3117 1727 1735 1734
13460 7010 1408 1659 1667
13461 5809 5449 1072 1053
13462 5477 6739 1693 1686
13463 3442 3441 6192 6088
13464 5193 3834 7099 7100
13465 5735 3952 5572 5513
13466 5360 4080 4081 5355
13467 5285 1728 1729 1736
13468 3837 5735 3835 3836
13469 6102 7077 7076 4608
13470 6969 6764 1280 6749
13471 5285 1735 1736 1743
13472 6542 1259 6749 1319
13473 6753 1343 5436 1287
13474 1737 1729 2684 1730
13475 3286 4084 5264 4583
13476 1737 1730 2684 2683
13477 6543 1751 1743 1744
13478 1752 7068 1745 6542
13479 5072 5065 5068 6985
13480 6543 1743 1736 1744
13481 3847 3865 3849 5069
13482 2683 1730 1738 1737
13483 5065 5068 5069 5066
13484 3271 4222 3272 4526
13485 5332 425 426 431
13486 5068 3886 4303 3819
13487 3368 6238 448 443
13488 6822 1760 5923 1753
13489 6783 1760 1753 93
13490 6815 1564 3743 3995
13491 1036 6783 1760 1058
13492 5332 430 431 436
13493 5069 5066 5067 5065
13494 4032 3847 5068 5069
13495 5132 5710 5971 5948
13496 3896 4527 4518 3899
13497 3505 1747 303 1740
13498 1740 2883 304 303
13499 3889 4745 3453 4718
13500 4393 6260 4391 5746
13501 6391 5541 6774 6601
13502 6391 6558 4095 7114
13503 6528 2791 3544 5157
13504 2781 2791 2788 2786
13505 6391 6394 4095 6558
13506 5753 4485 4487 4486
13507 2675 5287 3505 2723
13508 2789 2787 5683 2786
13509 1734 3958 1741 1742
13510 6543 6969 2684 5286
13511 2781 2790 2782 2792
13512 3940 1608 1351 1346
13513 2790 6391 2782 2792
13514 6391 6394 6602 6392
13515 5068 3819 3888 3886
13516 7115 7011 2215 2192
13517 6969 2684 5286 3939
13518 6969 6543 6749 1319
13519 6969 1280 3940 1351
13520 3847 5068 5069 4964
13521 3914 4102 4963 3881
13522 6653 3409 3414 5896
13523 4032 5066 5067 5069
13524 5072 3886 5071 4817
13525 4963 5068 3847 4964
13526 7068 3240 6299 1738
13527 4184 6764 1257 4185
13528 6543 1744 1736 1737
13529 6815 1586 6487 1675
13530 6441 6985 6684 4988
13531 5282 4185 4051 5436
13532 6299 1746 1738 1739
13533 5964 5423 439 440
13534 5282 6969 6764 3940
13535 5282 4051 3928 5436
13536 6299 1745 1738 1746
13537 4277 4582 4274 4273
13538 4572 3403 3563 3564
13539 2672 4537 4485 4489
13540 5964 429 434 96
13541 2883 4350 1719 306
13542 3505 2576 2560 303
13543 2675 1641 287 1644
13544 6123 6148 4268 3680
13545 4962 4811 4302 4268
13546 1755 1754 288 1644
13547 3898 6137 7116 4140
13548 4302 4271 4816 4304
13549 4989 4269 5129 4294
13550 7090 7113 6619 3493
13551 3493 7090 3494 6619
13552 2675 287 1641 286
13553 2723 2591 2608 2607
13554 3493 7113 5194 7090
13555 7113 5194 5193 6619
13556 5286 1750 1749 1742
13557 7090 7113 5194 7117
13558 5287 1748 1747 1740
13559 5194 7090 5370 3493
13560 6543 1751 1750 1743
13561 3958 1756 1608 1755
13562 3958 1748 1749 1756
13563 3958 1749 1748 1741
13564 6543 2684 1737 1736
13565 5286 1749 1750 1757
13566 4520 4521 4379 5515
13567 4145 4523 4521 5141
13568 6543 1750 1751 1758
13569 3083 3372 3371 4520
13570 5473 1752 5949 1759
13571 5473 1759 1751 1752
13572 6542 1752 1751 1744
13573 4824 5669 3758 4325
13574 3371 6204 5669 3372
13575 3240 7068 6299 6348
13576 2916 4281 2671 5171
13577 3373 3376 2811 2807
13578 3655 2687 2682 3279
13579 4683 4546 2953 2956
13580 6299 5949 1752 1753
13581 1760 1759 293 1142
13582 5473 1759 1142 292
13583 6299 1745 1746 1753
13584 5110 5095 5714 4557
13585 5964 434 440 439
13586 4526 2987 5933 4602
13587 3236 4355 3244 4653
13588 5660 240 1034 927
13589 2723 4305 2675 5287
13590 5831 5185 6010 5186
13591 2675 1755 1644 1754
13592 3884 4512 3890 4361
13593 3884 3885 3830 4361
13594 2675 5287 1748 1747
13595 2886 5370 3905 4262
13596 6433 4512 4585 4683
13597 2630 3568 3047 2636
13598 6178 3719 3796 6850
13599 3719 3717 3796 3797
13600 3719 3796 6850 3797
13601 301 3505 2592 2675
13602 3118 1644 1755 1608
13603 2961 3717 3801 3718
13604 2957 2966 2962 2963
13605 1756 1608 1755 289
13606 4378 2729 5524 4376
13607 6090 5287 2883 3120
13608 4376 5452 4377 5759
13609 3958 1755 1748 1756
13610 4376 5453 5452 5759
13611 3958 1608 1756 1351
13612 5286 1756 1749 1757
13613 1756 1351 290 1757
13614 5285 5288 1735 1742
13615 5398 3084 5453 6827
13616 6543 1757 1750 1758
13617 4376 3084 5453 5398
13618 5473 1759 292 1758
13619 1758 1319 1757 291
13620 6661 4504 6217 3080
13621 5398 4507 6669 6858
13622 4803 5052 5830 2721
13623 6542 1319 1758 1259
13624 5473 5942 6542 1259
13625 5473 1759 1758 1751
13626 5473 1759 5949 1142
13627 5738 837 5741 830
13628 5738 6523 844 837
13629 1753 1760 5923 5949
13630 1142 1760 5923 1058
13631 5949 1760 1759 1752
13632 6783 6822 1760 1058
13633 5738 3512 5742 3388
13634 5738 6581 5415 6523
13635 3386 3388 4173 4176
13636 6783 5964 5423 94
13637 6783 93 1753 94
13638 5738 5740 6581 5739
13639 4675 4173 5738 5740
13640 4521 5771 4764 4523
13641 3371 5669 5445 3372
13642 5768 4520 5515 5140
13643 6600 1809 6609 5591
13644 237 871 872 1767
13645 3372 5445 3371 4520
13646 6600 5374 5263 6528
13647 4482 1840 1856 1820
13648 2807 4837 4002 3045
13649 5592 878 47 46
13650 3083 4147 2811 3590
13651 4521 4523 4764 5141
13652 6705 1838 1824 1808
13653 4145 5140 5142 5141
13654 5591 48 1 1773
13655 5745 5744 891 892
13656 4657 5052 5053 7118
13657 1765 2 25 1
13658 5598 26 48 25
13659 6575 4521 5141 5140
13660 3652 1147 1169 1129
13661 5592 7119 46 47
13662 4999 4101 4100 4958
13663 2677 6245 6150 4202
13664 6815 1612 3743 1564
13665 5375 1774 1802 1776
13666 5052 4803 5830 7120
13667 2667 4328 3422 3166
13668 5755 369 33 32
13669 5520 874 880 879
13670 6078 6509 6047 6056
13671 5325 6053 516 4498
13672 4610 6098 5529 524
13673 3319 3246 3339 3317
13674 2558 2734 2575 2559
13675 4198 4130 4199 3253
13676 5405 4785 3248 2928
13677 2676 4198 4199 4383
13678 3251 5330 4202 4206
13679 5826 6298 5537 6634
13680 5778 6578 5293 5218
13681 6645 4343 5842 1885
13682 6104 4698 5218 6578
13683 5825 5220 5293 5298
13684 6103 6236 5824 6234
13685 6104 5295 5293 5218
13686 6823 1900 6190 1863
13687 3523 3525 3708 3526
13688 5291 6103 5824 6234
13689 6022 78 108 79
13690 6706 1173 1162 1140
13691 2907 4662 4686 6112
13692 4517 7058 1382 1451
13693 1770 105 1766 11
13694 3324 3522 3363 3504
13695 4392 4340 6286 6940
13696 6121 5855 4342 6596
13697 5855 1828 1796 1806
13698 5636 6571 5458 4090
13699 2966 4211 3329 3715
13700 6756 5311 3282 3284
13701 3504 2904 5725 3365
13702 5856 1796 1785 1806
13703 6971 1898 1861 1877
13704 5755 369 32 364
13705 6010 1205 1148 1167
13706 5911 77 76 106
13707 5454 1274 1300 1244
13708 5911 106 76 105
13709 1799 6596 6121 4338
13710 5971 6238 5948 1060
13711 3789 3064 3404 3813
13712 6615 5710 1102 1115
13713 1793 76 1777 8
13714 6815 3762 1612 1675
13715 6121 1770 5911 1785
13716 6022 79 5853 78
13717 4235 6676 6549 5022
13718 3562 3563 4321 4311
13719 3053 3751 5028 4624
13720 6309 5913 5912 106
13721 2659 3572 3438 5435
13722 2662 6278 4418 6049
13723 5836 1286 1251 1222
13724 6711 1912 1894 1873
13725 5851 5955 1063 1075
13726 5926 6412 6413 4841
13727 6571 1804 1784 1795
13728 2909 3599 4110 3953
13729 5864 1819 1821 1792
13730 3561 4582 3565 3563
13731 3180 1895 1858 1874
13732 4274 4582 3565 4273
13733 3879 4340 4492 6286
13734 5636 1804 1795 1823
13735 6571 5458 6569 1784
13736 3190 1821 1819 1836
13737 6765 1176 1153 1133
13738 3231 1777 1793 76
13739 2662 3092 3814 6278
13740 4572 4582 4277 4581
13741 6022 107 6680 108
13742 5635 1854 1839 1823
13743 3321 3320 3322 6052
13744 5458 1792 5856 1785
13745 4405 5031 4008 5032
13746 2943 3853 2941 3037
13747 5052 7120 5830 6905
13748 6569 1784 1766 1771
13749 4012 4010 4013 5029
13750 4003 4010 4837 4002
13751 4824 5140 5445 6275
13752 5828 1777 1801 1803
13753 2803 3083 4147 2811
13754 4003 4835 4008 4007
13755 77 7121 6978 6109
13756 6571 1784 1771 1795
13757 5929 2001 2012 1978
13758 6995 1468 1528 1498
13759 1899 1860 5345 1881
13760 5597 1787 1773 1794
13761 3759 4329 3753 4618
13762 5591 1773 5593 48
13763 5596 5597 1787 1773
13764 4899 2111 2186 2154
13765 6929 1240 1224 1276
13766 4523 5302 3186 4764
13767 6892 1243 1275 1299
13768 5273 25 1781 329
13769 4758 3286 5264 4583
13770 2661 4418 3575 6049
13771 5971 1060 5962 6238
13772 3453 4992 3007 4721
13773 3915 4934 4228 4933
13774 2732 2857 2793 2647
13775 4724 1807 1788 1791
13776 4730 1820 1822 1791
13777 2713 2705 3289 2839
13778 1179 1199 6901 1223
13779 4694 1859 1822 1837
13780 5726 4730 1805 4731
13781 4623 1150 1128 1168
13782 2801 1999 1830 1904
13783 1765 48 5596 1773
13784 6272 2279 2234 2155
13785 3597 2000 1975 1944
13786 5444 5978 2724 6720
13787 6854 1302 1336 1363
13788 2981 3552 3651 2840
13789 6875 1275 1246 1302
13790 7122 2019 2044 2076
13791 6777 1275 1221 1246
13792 2724 3401 5444 2933
13793 7123 2107 2121 2089
13794 6230 1411 1409 1349
13795 7059 1989 1967 1947
13796 6666 1221 1198 1182
13797 6832 1182 1198 1158
13798 4684 3237 4653 4583
13799 6769 4724 5595 6737
13800 3954 5978 5977 4287
13801 2647 2732 2851 2646
13802 3011 3016 3010 2971
13803 1029 5605 5657 5799
13804 5273 1781 1772 1800
13805 2654 2668 2667 2656
13806 5680 5751 936 4727
13807 5630 6715 5755 6573
13808 6876 5306 1954 1896
13809 3041 3491 5425 3492
13810 5449 6507 6099 1116
13811 3048 3041 3491 5425
13812 2631 3485 3492 3487
13813 6769 1800 5273 1772
13814 5782 1846 1829 1862
13815 5265 2664 1815 1781
13816 3492 3491 5425 7062
13817 3494 3042 7124 3492
13818 3010 4869 6773 2970
13819 3492 3042 5431 3041
13820 3492 7125 3485 7062
13821 5871 1867 1884 1910
13822 5870 1890 1852 1867
13823 4185 1257 1228 1287
13824 6834 1287 1228 1253
13825 6785 1950 1910 1929
13826 3492 3042 7124 5431
13827 4360 3906 4512 5790
13828 1795 1771 6570 1813
13829 4642 4484 4214 3217
13830 5636 1839 1804 1823
13831 5871 1890 1867 1910
13832 3465 5610 5174 4652
13833 3219 3786 3029 3942
13834 6168 1722 1714 1715
13835 3639 3931 2774 3921
13836 3011 3015 4226 3010
13837 3937 1715 1708 1716
13838 6751 1373 1652 1343
13839 7108 1958 2030 1911
13840 6881 1303 1337 1279
13841 3313 3318 3315 3317
13842 2927 4598 2918 3465
13843 3130 2927 2914 3930
13844 5180 6255 4786 3132
13845 6598 1767 871 1764
13846 19 869 1763 216
13847 5702 869 216 1763
13848 872 5615 5263 5374
13849 5727 869 1763 870
13850 6598 876 870 871
13851 3124 3132 3123 3511
13852 1767 238 1768 872
13853 3918 3926 3919 3924
13854 4226 3088 3015 3011
13855 2725 3811 4364 6788
13856 871 1764 1767 237
13857 2851 3630 3629 3628
13858 6600 1768 5374 1776
13859 4359 3831 4991 4511
13860 5790 7029 7021 2956
13861 6804 4744 6292 3010
13862 5681 5745 5676 887
13863 5613 804 805 812
13864 5615 872 877 871
13865 796 6526 804 797
13866 803 4171 810 811
13867 6513 810 802 803
13868 5155 898 893 43
13869 4111 3138 3145 3205
13870 4073 4585 4357 3906
13871 2762 3265 6470 2993
13872 2742 3446 2745 3551
13873 6055 4095 6547 6608
13874 791 1763 1774 5727
13875 5158 883 45 888
13876 6311 2194 2156 2229
13877 5387 638 637 621
13878 5387 654 653 637
13879 2229 211 2416 787
13880 2808 3045 3046 3043
13881 5474 3140 3139 6723
13882 6725 787 5382 794
13883 5155 43 893 44
13884 4313 4124 6470 4734
13885 6601 6602 1847 1802
13886 6069 2391 2338 2407
13887 5259 800 807 799
13888 6725 794 5382 801
13889 6510 790 213 214
13890 5971 5948 1084 1060
13891 6431 1376 1407 1345
13892 5590 7126 5207 2712
13893 3010 4226 3652 6804
13894 2352 605 604 176
13895 3769 2087 2051 2120
13896 2895 4124 4313 3435
13897 3434 2896 4591 4693
13898 5971 5962 1141 5972
13899 2879 3751 5028 3053
13900 3123 4647 3431 3428
13901 2917 4280 5279 4279
13902 6800 5500 6326 2270
13903 5613 2855 5728 811
13904 5873 1984 1991 2032
13905 3252 3130 2913 2914
13906 4638 1313 1202 1226
13907 3749 4403 4429 4432
13908 5224 1941 5901 6912
13909 4775 5756 6567 5397
13910 808 809 801 6521
13911 6545 2083 1957 2156
13912 6693 1225 1226 1181
13913 2712 2709 7127 2711
13914 6595 6721 6802 3141
13915 3907 5479 6514 3910
13916 6829 1364 1384 1350
13917 6768 1284 1249 1225
13918 5500 3768 2157 2120
13919 6511 1925 1902 1946
13920 4066 3969 4858 4116
13921 817 4172 825 4171
13922 3334 3301 6153 6160
13923 5971 5948 5710 1084
13924 7022 1418 1386 5609
13925 5602 1993 2083 2051
13926 5085 4023 6294 3533
13927 3481 4032 3474 3479
13928 6557 1869 1957 2021
13929 6377 1139 1202 1209
13930 5601 2021 2083 1993
13931 3472 5367 6386 3536
13932 4031 5085 4023 3473
13933 3472 3474 5085 3536
13934 3472 3474 3744 3478
13935 6693 1181 1226 1202
13936 7127 2017 1993 2051
13937 5901 1941 1943 1984
13938 4032 5165 3481 5301
13939 6558 1869 1927 1847
13940 1307 1293 3147 1350
13941 6602 1847 1835 1869
13942 1963 1995 6831 6885
13943 6860 1971 1946 1993
13944 5497 1123 1209 1121
13945 5205 3767 5206 2194
13946 5592 5591 5593 48
13947 6600 1809 1786 1776
13948 3474 3744 3478 4030
13949 5727 1774 1764 1763
13950 6404 3536 3744 3472
13951 3551 4751 7073 4750
13952 1526 7007 5313 6933
13953 4344 1827 1848 1866
13954 3551 4748 5230 4751
13955 2742 4465 3549 2761
13956 4857 4300 4312 1235
13957 6098 531 532 539
13958 5796 6262 6086 5000
13959 4580 7038 5138 6416
13960 4750 4456 4754 4457
13961 4826 5229 4464 5228
13962 4688 2059 2091 2025
13963 4463 5647 6301 4462
13964 1955 141 511 1933
13965 5242 1606 1657 1605
13966 2699 3219 3785 3938
13967 4413 5333 4687 4927
13968 3719 3717 3797 3716
13969 3554 3567 479 484
13970 6689 1316 1347 1286
13971 6509 6056 6085 6047
13972 3791 3797 3717 3801
13973 3791 3794 3796 3795
13974 6125 2269 2233 2158
13975 4677 7095 4685 4686
13976 2952 3381 4723 2949
13977 5244 1605 1412 1377
13978 4319 4803 4657 4805
13979 5463 6689 1377 7128
13980 5841 5340 1908 4610
13981 4333 4339 6645 5340
13982 3658 4593 2632 3661
13983 6024 3553 111 110
13984 6076 3588 4339 5340
13985 109 6022 79 5853
13986 6025 1193 1218 1171
13987 5650 4338 4339 1810
13988 3329 3715 4211 4965
13989 6758 1083 1098 1113
13990 3055 4492 2693 2691
13991 6020 1922 2013 1945
13992 6973 1329 1357 1294
13993 5506 1196 1235 1193
13994 2879 6285 5027 5028
13995 4391 4084 4653 4583
13996 4616 5754 4618 3753
13997 3753 3752 3232 4618
13998 6797 1155 1103 1626
13999 3752 4625 3751 4154
14000 6015 461 455 5326
14001 3235 3227 5992 5673
14002 2986 3271 2822 3161
14003 2614 2616 2613 5883
14004 4343 5124 6207 6208
14005 4343 1909 1866 1883
14006 6101 6016 5650 4339
14007 7129 6189 1931 1952
14008 4169 3164 3163 6325
14009 6017 107 106 459
14010 6206 1883 1863 6208
14011 4339 1810 1827 1849
14012 4498 4496 467 468
14013 478 6091 473 6056
14014 4169 6325 3163 5976
14015 3031 1848 1827 1811
14016 2826 4222 5132 5975
14017 5145 6098 4610 5840
14018 5956 5957 3858 5958
14019 4169 5957 5960 3860
14020 5956 4169 6349 5975
14021 6502 1917 1953 1940
14022 4662 6112 4676 4677
14023 3079 4376 5524 2730
14024 4497 544 5937 537
14025 6206 1863 1848 1845
14026 6189 1952 1909 1931
14027 6190 1900 1906 1863
14028 6082 129 5950 488
14029 3165 3364 3367 3363
14030 5836 1286 6156 6155
14031 6155 1347 1309 1286
14032 676 692 5469 675
14033 4147 4524 3374 4379
14034 4274 4273 5614 5616
14035 2853 6306 613 2829
14036 3078 3590 3080 3374
14037 6805 1310 1329 1270
14038 4147 2811 4525 4143
14039 6222 2314 2348 2376
14040 3375 3374 5392 4380
14041 105 5911 1766 8
14042 3084 3372 6508 3082
14043 3083 3084 3082 3372
14044 3294 3694 3691 3693
14045 6862 5919 1821 3185
14046 6923 1206 1242 1232
14047 1945 6824 6020 1900
14048 3181 1874 1858 1836
14049 6502 2031 1940 1953
14050 6806 1294 1256 1270
14051 7130 1828 1845 1811
14052 3822 3610 3824 6816
14053 3109 1841 1861 1828
14054 3610 6816 7131 3824
14055 3610 3611 7131 3615
14056 3612 6351 5691 5692
14057 6009 7132 1148 1172
14058 4857 6843 4275 1251
14059 5052 5051 6908 5512
14060 3038 4686 6647 6112
14061 6818 1890 1893 1854
14062 5494 1855 1872 6866
14063 3330 3298 4319 3735
14064 5643 1100 1117 1085
14065 3612 6352 6351 5692
14066 6878 7060 5929 2001
14067 1765 48 1773 1
14068 6933 7007 7133 1547
14069 6845 1151 1177 1134
14070 789 6526 797 6510
14071 6845 1177 1161 1134
14072 3609 4888 3610 3611
14073 6058 1825 1808 1798
14074 5726 5596 5597 1787
14075 7012 3822 6816 4883
14076 3610 7107 6352 3822
14077 5692 4883 5691 3610
14078 7134 1219 1260 1273
14079 3295 5889 3293 4207
14080 4731 1805 1824 1840
14081 6864 1875 1837 1871
14082 4724 1788 5596 1787
14083 3017 1129 1127 1147
14084 6895 1318 1266 1285
14085 6804 1211 1191 1169
14086 6872 1824 1870 1840
14087 4975 4248 5075 6587
14088 5726 1787 1805 1791
14089 6872 1838 1870 1824
14090 5073 6113 7080 6115
14091 3609 4884 3613 4887
14092 5619 1921 1891 1907
14093 4248 4977 4208 4167
14094 6532 5267 6722 1283
14095 4248 6037 3293 4208
14096 5889 3293 4207 4208
14097 3146 1338 1305 1281
14098 7135 4799 4645 6172
14099 6518 5629 6912 1889
14100 7135 3498 6565 4797
14101 7135 6172 4645 4644
14102 4438 1179 1163 1136
14103 5300 5641 34 39
14104 7135 4797 4799 4798
14105 6775 5929 5928 2012
14106 7135 4797 4798 3498
14107 4468 1163 1179 1201
14108 6510 1887 214 213
14109 6057 6705 6058 7136
14110 7135 4644 6565 7072
14111 7126 2087 2052 2017
14112 4886 5428 4889 4887
14113 6458 1181 1202 1139
14114 4938 5357 5947 4007
14115 4938 4007 5774 6730
14116 4004 5181 4836 6635
14117 5598 48 26 47
14118 4725 1805 1794 1824
14119 4725 1808 1824 1794
14120 4001 4007 4004 4836
14121 5029 4012 4008 4013
14122 543 5350 3608 4887
14123 5591 1773 1786 1798
14124 5597 1794 1773 1798
14125 2709 2017 1971 1993
14126 2711 1943 1991 1984
14127 4001 4013 4006 4005
14128 4203 3079 4510 4503
14129 5350 3608 4887 4886
14130 4506 4700 4504 5812
14131 3076 3520 3489 3709
14132 2850 2836 2848 2844
14133 2836 2848 2844 2843
14134 5698 5766 896 5744
14135 6161 5629 5222 6518
14136 4334 3201 4160 3033
14137 3728 4716 4717 4284
14138 6327 640 639 623
14139 2846 3488 3802 3073
14140 2882 672 5484 671
14141 5124 5082 3962 5701
14142 5433 1308 1341 1314
14143 6510 1887 213 789
14144 6451 2338 2297 2260
14145 5207 7126 5590 3769
14146 4217 4424 5413 4420
14147 3204 4219 4231 4217
14148 5385 2377 178 606
14149 4932 4886 3608 4929
14150 4170 4172 6555 3540
14151 6314 5216 620 636
14152 6903 1445 1405 1475
14153 4177 4172 4170 6340
14154 5604 61 985 62
14155 6328 180 608 2401
14156 785 6328 2401 209
14157 5438 688 5484 672
14158 6394 2782 3390 4170
14159 5388 5385 622 5387
14160 5485 6335 5259 5260
14161 5495 792 6328 5259
14162 2380 6327 608 2401
14163 5604 61 978 985
14164 4175 5739 6341 6124
14165 179 607 608 2380
14166 2401 2380 180 608
14167 2695 3035 2698 3006
14168 2815 4225 3049 3010
14169 3807 2999 4810 3302
14170 2352 2377 6996 6316
14171 635 636 619 5214
14172 63 378 5762 5604
14173 3035 3807 3447 3005
14174 6353 2401 2380 2321
14175 5385 6801 2882 6353
14176 4918 6500 6405 6427
14177 2891 6809 6520 2999
14178 5340 1849 1908 1817
14179 5728 6510 797 6526
14180 3305 6445 6520 5127
14181 4498 123 5327 516
14182 1780 453 121 122
14183 13 509 1780 122
14184 4268 6123 4811 5617
14185 3565 6677 3560 5457
14186 3403 3565 4274 4582
14187 5617 4273 4272 4268
14188 6047 475 469 470
14189 5419 11 1778 117
14190 5528 530 523 531
14191 523 516 5338 524
14192 4339 1817 1810 1849
14193 4272 4989 4816 6441
14194 3586 5327 452 120
14195 4272 5974 4251 4809
14196 5420 1779 118 1778
14197 5604 62 368 61
14198 5400 906 905 900
14199 6148 3680 3347 3420
14200 6016 6070 6017 6015
14201 3586 451 452 457
14202 6564 6687 6625 6550
14203 5818 6566 6616 6599
14204 5419 1778 11 1770
14205 2895 4591 4124 3435
14206 1810 1778 5650 4338
14207 5419 1770 11 105
14208 5650 3588 1779 1810
14209 5419 1778 1770 1799
14210 6121 1770 1785 1796
14211 3434 4692 4694 4480
14212 5911 105 1766 1770
14213 5304 1263 6636 6633
14214 3730 2556 2555 2539
14215 6470 3265 6472 3023
14216 5439 1309 1347 1372
14217 3915 4590 5189 4144
14218 4015 2077 2114 2153
14219 4264 1333 1306 1277
14220 5690 2160 2086 2123
14221 4169 5132 6349 5975
14222 2825 5132 6349 4169
14223 6510 6602 5728 6524
14224 6510 790 6524 5728
14225 2322 515 2278 145
14226 5132 6349 5707 2825
14227 4927 6196 5333 3483
14228 4222 3310 5944 5975
14229 6734 6656 6667 969
14230 2826 4222 5975 3163
14231 4222 5944 3272 4526
14232 5085 3473 6294 4023
14233 658 4889 5428 657
14234 3174 6355 6224 2322
14235 3174 529 6169 5350
14236 3827 1532 5244 1586
14237 3459 3458 3913 632
14238 2312 166 2350 594
14239 3161 3271 4222 3272
14240 4871 2123 2088 2158
14241 5245 7128 1377 1347
14242 5427 6355 6224 5428
14243 2825 6348 3868 3860
14244 534 6180 527 526
14245 3689 5104 6032 5137
14246 3174 2230 2322 2278
14247 4113 521 3437 514
14248 6369 2160 2162 2086
14249 3484 2086 2162 2122
14250 6667 6672 5295 6671
14251 3689 3633 3632 6032
14252 5057 3648 5136 5105
14253 104 1761 7 300
14254 5105 3648 5551 3689
14255 3689 3632 3631 3690
14256 5881 1834 1853 1816
14257 5834 1690 1697 1689
14258 5509 391 392 397
14259 5846 101 5891 1704
14260 5827 1762 1775 1769
14261 5105 3674 5055 5057
14262 5880 5881 5834 5879
14263 5838 5827 5509 391
14264 4239 3057 6838 6618
14265 5290 5295 6667 5296
14266 5833 104 389 394
14267 5852 1777 74 1769
14268 1762 1761 72 390
14269 2990 2752 2991 3001
14270 4810 3807 3302 2991
14271 3444 2757 2761 4316
14272 1769 391 1762 73
14273 5896 5834 1683 1690
14274 5887 5846 1697 1690
14275 5827 391 1762 1769
14276 5253 5252 4019 5801
14277 6618 1704 1697 5935
14278 5882 78 403 398
14279 3721 3262 3152 4855
14280 6652 1816 1851 1831
14281 5852 5509 392 397
14282 2836 2837 2846 2845
14283 4183 4182 4194 4185
14284 5827 1769 1775 1801
14285 4192 5407 4184 6888
14286 4190 3868 5844 6798
14287 4192 6798 5844 6888
14288 312 2384 24 313
14289 6483 3911 3912 6485
14290 6168 1714 1707 1715
14291 6483 6541 6484 6580
14292 6483 5483 6484 5359
14293 6483 3912 3911 5474
14294 6483 6580 6459 5474
14295 6483 5483 6459 6484
14296 3733 3537 693 5467
14297 4351 6977 2448 6976
14298 6977 311 2432 312
14299 313 2432 2384 314
14300 3733 693 3537 694
14301 5317 3733 726 3741
14302 3741 3733 726 725
14303 6667 6671 5295 6734
14304 725 3733 726 709
14305 3536 6386 6404 3733
14306 6977 1677 7105 1684
14307 833 5684 840 5503
14308 2445 2428 2409 2429
14309 6498 5934 2525 6486
14310 3733 3744 3741 5317
14311 694 3733 6404 6386
14312 5293 6103 5824 5291
14313 2683 5876 4190 5875
14314 6977 2384 6976 7105
14315 3408 3412 3413 3415
14316 905 5654 911 5400
14317 6364 2232 2304 2280
14318 4238 3413 5883 4239
14319 7037 1633 1611 1658
14320 7137 2430 2429 316
14321 5481 314 2366 2382
14322 7002 1611 1662 1609
14323 6594 2369 2343 2397
14324 3857 3858 3860 2673
14325 7138 3045 3044 4525
14326 2746 1633 1658 283
14327 5477 6739 6361 1700
14328 6499 2493 2509 2492
14329 3043 7138 3045 3044
14330 3940 3928 1346 1280
14331 5543 1335 1370 1301
14332 7109 1279 1337 1315
14333 7109 1373 1315 1337
14334 2112 5587 7115 2192
14335 3044 5396 7138 5810
14336 3044 4143 6216 4525
14337 2192 5586 2236 7139
14338 7139 2125 2192 2112
14339 3675 3690 7140 4828
14340 4828 5011 3673 3690
14341 2525 6486 2509 6498
14342 6594 6954 6682 2368
14343 4606 7109 6840 6881
14344 6489 5934 3695 6498
14345 5934 2908 2557 2558
14346 7141 2058 2112 2079
14347 7141 2079 2112 2148
14348 2648 2647 2857 2856
14349 4877 5472 1911 1879
14350 5285 1743 1742 1735
14351 4878 2236 2125 2232
14352 1688 1681 6733 3057
14353 6733 1688 1680 1681
14354 6733 1688 1695 1687
14355 5290 6103 6667 5295
14356 5934 6486 6489 3726
14357 5654 911 910 905
14358 5935 6618 1704 5323
14359 3413 5880 4246 6757
14360 4569 3039 5321 4597
14361 5934 2908 2558 3726
14362 6486 5934 2542 3726
14363 3057 1696 6618 3058
14364 906 6566 907 5766
14365 1737 6542 1744 1745
14366 7106 1865 1868 1879
14367 3067 6710 5920 6763
14368 6978 1771 76 1793
14369 3231 1793 1777 1803
14370 4633 4634 4743 5133
14371 4612 6257 5870 1852
14372 6336 1834 1816 1775
14373 5838 390 1762 391
14374 3348 4267 3346 3418
14375 5837 1762 390 1761
14376 1775 1834 300 1683
14377 2279 250 935 934
14378 5120 7142 5121 4435
14379 5120 5121 5765 5763
14380 6657 1476 1438 1409
14381 5103 5113 4967 3948
14382 6231 1476 1600 1438
14383 5166 5169 5102 5096
14384 6640 934 942 941
14385 5730 30 6574 31
14386 5713 1467 1461 1395
14387 6247 6246 6253 5514
14388 5015 5016 5758 5014
14389 7143 2309 2337 2362
14390 5167 5109 5166 5169
14391 4083 4086 4084 5711
14392 6648 1974 2026 1996
14393 6918 1137 1119 1158
14394 4082 5735 5513 4081
14395 6512 6602 5728 6510
14396 5416 5033 5115 6856
14397 5200 1600 1441 1403
14398 6246 5076 6252 6249
14399 4792 5294 5646 5215
14400 7144 1992 1972 2020
14401 5663 2501 2484 2485
14402 6246 5514 5076 4570
14403 5202 1401 1473 1435
14404 6510 1887 1835 214
14405 4454 1170 1127 1150
14406 4792 5225 7025 5226
14407 6925 6726 6267 2159
14408 5451 1183 1138 1165
14409 4789 3620 4791 3617
14410 4792 5645 4801 7025
14411 5861 5588 1846 5589
14412 4690 347 346 341
14413 4728 330 336 335
14414 344 4114 27 28
14415 5505 5754 1149 4626
14416 5760 5654 910 904
14417 4739 5303 6882 4115
14418 2664 1815 1800 1826
14419 26 5272 4736 27
14420 5645 5225 7025 4792
14421 6465 4801 5645 6577
14422 6465 3616 4791 3620
14423 4567 6039 4566 4568
14424 340 346 4690 3863
14425 5645 5459 5225 6346
14426 2 25 1781 1772
14427 6455 1378 1332 1625
14428 5195 5204 3934 5575
14429 5395 2801 2664 1826
14430 4327 6099 1097 1082
14431 3686 3816 6027 6660
14432 2625 2631 2634 2626
14433 6941 1332 1297 1276
14434 4140 6911 4133 4137
14435 3590 3597 4525 6300
14436 3193 3382 2886 2884
14437 5346 1949 1905 1924
14438 5810 7138 1926 1880
14439 6606 6623 2234 2231
14440 3492 3494 3042 2634
14441 2421 2373 2437 7145
14442 7146 7145 2373 7147
14443 7148 7146 2373 7147
14444 4570 5429 4568 6249
14445 5395 1844 1826 1812
14446 911 5400 906 905
14447 7138 5687 6771 5589
14448 3186 2663 2666 5302
14449 6887 1297 1267 1240
14450 6201 7146 7145 6202
14451 5861 1846 1862 1881
14452 6268 2155 2121 2107
14453 5429 4569 4568 4571
14454 6853 6858 1230 6669
14455 2231 2090 248 932
14456 932 2090 931 4930
14457 7147 7146 7145 6201
14458 7146 6202 4996 5084
14459 7146 7148 4997 7147
14460 2076 2044 7122 2104
14461 4893 2111 2154 2080
14462 7146 4997 6201 7147
14463 5867 5555 5352 5110
14464 5347 1905 1928 1880
14465 6865 1949 6648 1928
14466 5572 7049 5798 5803
14467 7149 2054 6925 6649
14468 4959 5803 5572 5488
14469 6849 1880 1928 1926
14470 6249 5076 6039 4570
14471 1772 25 1765 2
14472 3744 6423 3478 7044
14473 5726 1791 4724 1787
14474 6579 5654 5760 5893
14475 3550 4748 5230 3551
14476 5592 7119 4767 46
14477 6519 5619 7036 1891
14478 5726 1805 1787 1794
14479 3744 3754 3743 7044
14480 3741 3734 3733 3761
14481 3472 3744 3474 3536
14482 5596 1773 1787 1765
14483 3463 4651 4650 4652
14484 4650 6999 4649 4652
14485 7150 1234 1205 1245
14486 5869 6818 1890 1893
14487 4650 6290 4649 6999
14488 1274 1359 3602 1300
14489 6927 1942 1893 1930
14490 4650 4651 7151 6999
14491 5422 6035 6192 6098
14492 4587 4518 7152 6290
14493 6926 1985 1942 1973
14494 1980 2023 5720 1961
14495 6501 1913 1895 1874
14496 5719 5720 6899 7153
14497 6229 6228 6230 5775
14498 3588 1779 1810 1817
14499 7154 7058 1449 7009
14500 3280 3900 4650 4651
14501 4650 4649 6290 4518
14502 1752 6299 1745 7068
14503 5519 3820 5552 6359
14504 5519 4981 6384 4980
14505 1839 7155 5865 1873
14506 4677 5718 1934 1915
14507 5865 1804 1839 1819
14508 2944 3851 3854 3855
14509 5721 5720 1961 5718
14510 7132 1172 1131 1148
14511 7156 4257 6765 4258
14512 6751 4841 6413 1652
14513 7155 1854 1873 1839
14514 6257 1852 1832 1867
14515 3397 3851 3852 5128
14516 6109 5882 77 78
14517 4258 2865 6788 3811
14518 3858 2923 3859 5932
14519 6978 1813 1771 1793
14520 4612 1823 1813 1852
14521 5219 4697 5218 6495
14522 6621 1803 1832 1813
14523 6261 1850 1867 1832
14524 5525 1133 1101 1113
14525 5825 5220 6657 6228
14526 5880 1816 1853 1851
14527 3399 80 413 408
14528 6754 78 5853 79
14529 4258 3603 6627 6788
14530 6927 1942 1912 1893
14531 6209 6881 6763 5886
14532 3974 3982 3983 4282
14533 2905 6899 5720 5492
14534 3982 7128 3980 5465
14535 5241 3983 5245 6998
14536 5775 5774 5217 4005
14537 2614 5323 2613 1717
14538 4756 6866 6711 5494
14539 5826 5825 5666 5814
14540 5411 6156 5304 6170
14541 6818 1873 1854 1893
14542 6170 6633 3804 6197
14543 3961 5145 4419 3441
14544 4160 6644 3961 5145
14545 7052 7047 2379 2386
14546 6808 6796 1065 1099
14547 2055 6820 6748 4373
14548 5885 3683 4443 5886
14549 3602 1274 5490 1176
14550 6785 1929 1910 1884
14551 5130 7156 6614 5525
14552 4242 1879 1929 1884
14553 5967 1950 1930 1910
14554 4613 2614 4238 5875
14555 3692 6980 3691 7157
14556 4882 2058 1879 1956
14557 4613 1723 1716 1724
14558 3519 3963 3806 3520
14559 4236 5125 5700 4424
14560 6417 5441 2463 2462
14561 1680 1958 2276 6833
14562 6733 1958 1681 1680
14563 2511 6418 2510 3727
14564 6317 4419 6644 5145
14565 6079 5411 6170 4426
14566 1715 6361 1708 1707
14567 4009 5788 4013 4005
14568 5472 1868 7106 6757
14569 5941 1929 6345 2018
14570 5941 6785 6345 1929
14571 4243 7108 4877 5472
14572 5620 6898 1937 7019
14573 6653 6336 5881 1816
14574 2462 5440 2446 2445
14575 2267 5586 2236 2192
14576 4835 5947 4836 7158
14577 6090 5287 2723 2883
14578 7139 2125 2236 2192
14579 5547 4713 1699 1692
14580 6301 4752 6846 4749
14581 6951 5549 2258 6954
14582 4349 1712 1720 1719
14583 5032 5416 5031 5033
14584 5634 5606 5637 41
14585 4009 6856 5033 5787
14586 5826 5220 5825 6228
14587 5570 958 957 950
14588 31 5630 5770 6715
14589 929 1789 5 54
14590 5265 1782 329 1781
14591 2663 2801 2665 2664
14592 3853 3854 3851 4540
14593 2935 6658 2950 4247
14594 5396 5810 5394 5395
14595 5220 6657 6228 6230
14596 5731 5747 5931 2011
14597 4690 5309 3863 351
14598 5265 1782 1781 1815
14599 6658 4223 2935 4841
14600 5272 340 4691 4114
14601 2930 2931 2932 2937
14602 5272 26 25 334
14603 4949 2950 5926 4846
14604 1781 1782 329 49
14605 6769 1772 1765 1788
14606 6769 1797 1800 1772
14607 3987 3990 3994 2994
14608 6740 1068 4619 1079
14609 5308 930 937 929
14610 5308 246 245 2011
14611 5241 5862 3976 3983
14612 4401 4629 4763 6001
14613 4629 5658 6001 4401
14614 4115 5303 6882 5302
14615 5747 943 936 944
14616 4729 1790 1818 1783
14617 4629 5658 7039 4631
14618 4729 1782 1783 330
14619 3359 4629 4631 5658
14620 2886 5194 3382 3905
14621 5265 330 329 1782
14622 5680 936 5751 943
14623 4616 4622 4627 4621
14624 6741 6002 6837 6508
14625 5265 335 329 330
14626 5754 1184 1149 1137
14627 6736 6865 1949 6663
14628 4139 3902 6914 6931
14629 4139 6911 4936 3142
14630 5781 1881 1862 1897
14631 3144 4139 4941 4937
14632 4139 3902 4941 6914
14633 5505 1194 1168 1149
14634 4139 6931 6911 4140
14635 6611 6518 1889 5629
14636 5347 1860 1905 1880
14637 5127 5306 6519 7036
14638 5588 1846 1844 1812
14639 6452 1522 1429 1461
14640 5456 4748 4625 4450
14641 4716 5507 4717 5900
14642 3594 1996 2000 1944
14643 4543 5390 4231 4230
14644 2800 5931 5574 2801
14645 3594 1996 2026 2089
14646 6648 1974 1996 1944
14647 3571 2661 3573 3575
14648 4661 952 4930 6597
14649 3635 4218 3636 3637
14650 5812 3593 5182 5811
14651 5302 4114 3187 4115
14652 4616 3752 3753 4618
14653 3973 3983 5862 6212
14654 4987 4989 4988 6441
14655 6060 4291 2514 6065
14656 3074 2979 2704 2978
14657 4328 6280 4685 4417
14658 4550 5412 4219 5043
14659 5241 3982 5243 5244
14660 6271 6671 962 6734
14661 2279 2323 6639 251
14662 5582 2419 327 326
14663 5583 2451 2434 2435
14664 4549 5412 4550 5041
14665 3450 4927 3482 3451
14666 2545 3398 2561 2562
14667 6639 252 935 251
14668 6638 5281 956 255
14669 4927 3483 4687 3482
14670 6646 2299 328 2323
14671 7145 2373 323 324
14672 4927 4687 3483 5333
14673 6849 1928 5347 6865
14674 6986 1575 1528 1553
14675 5235 5238 5081 4600
14676 4927 4687 4413 4415
14677 4927 4928 6928 7159
14678 4927 4928 7159 3451
14679 5672 1789 332 52
14680 1783 1782 50 330
14681 5694 338 337 332
14682 5672 5694 332 1789
14683 4803 6851 4805 4802
14684 3332 4656 4211 4805
14685 2907 6112 5725 4662
14686 1786 1768 239 873
14687 5042 7160 5048 7161
14688 3979 4873 3977 4868
14689 4825 4113 4929 528
14690 7160 2015 1986 2047
14691 6812 5507 1154 6697
14692 6614 6612 1135 1157
14693 4928 7012 6179 6491
14694 2720 4803 4516 2721
14695 4328 4685 6048 5435
14696 4266 4265 5979 5049
14697 4610 5343 511 1933
14698 3357 3676 3093 3061
14699 5898 2025 1952 1997
14700 4343 1909 1885 1866
14701 6475 2025 1997 2059
14702 5870 1854 1852 1890
14703 5911 1785 1770 1766
14704 2859 2902 2941 2868
14705 5703 5256 4087 5711
14706 4854 5256 4853 4555
14707 5864 1804 1819 1792
14708 5458 1784 1804 1792
14709 5256 4854 6452 5712
14710 5703 5705 5936 4557
14711 6893 1430 1468 1498
14712 5256 4555 4854 5712
14713 3903 4856 4116 4066
14714 5575 1473 1508 1435
14715 4769 4036 4770 4772
14716 6771 5589 5861 1860
14717 2766 3968 3500 3448
14718 4856 4066 3147 7134
14719 6901 4855 4535 4116
14720 5592 1786 48 873
14721 3983 4282 5245 6213
14722 5600 6617 4766 45
14723 5726 4725 1794 5597
14724 3983 6998 5862 6212
14725 3411 5319 5951 5897
14726 5879 1834 1682 299
14727 4064 4427 4066 4121
14728 5880 1868 1851 1853
14729 4856 4116 4066 7134
14730 5044 5045 3979 3980
14731 3982 5245 3983 4282
14732 5050 3978 6277 5974
14733 3399 5882 5090 403
14734 5880 3414 5834 6653
14735 1761 1775 5837 1762
14736 7155 1839 5635 1854
14737 1817 5339 510 1908
14738 3980 7128 6844 5409
14739 7128 5245 5463 5465
14740 6317 4421 6637 4424
14741 5327 122 123 453
14742 7128 4282 3982 3980
14743 4756 6711 4089 4740
14744 4756 6826 3177 6866
14745 4733 5302 6882 5303
14746 5931 2011 5574 1830
14747 334 329 5272 335
14748 5588 1812 1829 1846
14749 4746 6877 1978 1983
14750 4756 4061 7094 5491
14751 5589 1844 1846 1860
14752 5016 1939 5013 6835
14753 4756 5491 6711 4740
14754 5395 1844 1904 1826
14755 7122 2009 4783 2100
14756 4756 7094 6826 5494
14757 2638 4740 4756 4089
14758 5396 1880 1904 1844
14759 6182 4539 5895 3872
14760 2253 4813 2206 2180
14761 3067 5092 6868 6763
14762 2862 3067 3071 4444
14763 6058 1825 1842 1808
14764 1151 6845 6717 1134
14765 3088 3652 5122 5123
14766 6511 1902 1925 1876
14767 5668 1070 1049 1085
14768 4050 5839 4060 4046
14769 5534 5627 4726 5597
14770 3995 5862 3976 5241
14771 3067 5093 6868 5092
14772 3067 6710 5093 3071
14773 3270 2763 4639 3547
14774 5766 902 6559 907
14775 6557 1869 2021 1927
14776 4476 3001 2998 6527
14777 6821 2021 1946 1927
14778 6459 6554 842 835
14779 4476 6527 2998 4480
14780 7110 4482 6527 4732
14781 5391 5570 4689 4323
14782 245 1789 929 1818
14783 5731 930 5308 246
14784 6632 931 2090 4930
14785 5931 1830 1999 2011
14786 4730 1791 1805 1820
14787 7110 6527 4482 6863
14788 6795 2006 2038 1995
14789 6872 7162 4732 6863
14790 5941 6785 1929 1950
14791 7162 4732 6863 7110
14792 5865 1839 1855 1819
14793 1718 2613 2615 2616
14794 7110 6527 3306 4810
14795 6336 1831 1801 1816
14796 5689 2059 3221 2053
14797 3221 1997 2053 2059
14798 5333 533 534 541
14799 3764 5241 3755 5243
14800 6101 6100 4164 4336
14801 7161 1994 1977 1948
14802 4858 3050 3969 5401
14803 5908 6160 3508 3509
14804 3510 3509 4345 5908
14805 3754 5862 3976 3995
14806 6614 1135 6615 1112
14807 6094 2025 1932 1952
14808 3499 3496 3335 3501
14809 3510 3968 5908 4345
14810 2950 5926 4841 6412
14811 7144 2020 2054 1992
14812 7122 1989 2009 2044
14813 3742 3755 3995 3754
14814 5255 1504 1528 1468
14815 6986 1553 1504 1535
14816 6791 1369 1421 1423
14817 2950 5926 4846 4841
14818 4625 5806 4820 4621
14819 4959 2182 2218 2150
14820 6887 6942 6525 1267
14821 1860 5345 1881 6771
14822 6409 4948 6411 6902
14823 6648 1974 1992 2026
14824 6648 1928 1974 1944
14825 4982 4985 4984 4978
14826 3046 3044 4525 4143
14827 4949 4846 5926 6411
14828 6736 1972 1992 1949
14829 6648 1949 1992 1974
14830 6865 1905 1949 1928
14831 6610 1842 1864 1876
14832 6409 7055 6489 7037
14833 6409 6489 6902 7037
14834 3005 6809 4356 5127
14835 7136 1857 1838 1842
14836 6611 5629 1889 1857
14837 4833 5926 2929 5927
14838 4238 4239 4614 4615
14839 5876 5283 4243 3937
14840 5876 3937 4243 4615
14841 4539 5966 5967 7163
14842 6757 1868 1865 1851
14843 5510 3409 5896 5915
14844 2800 2663 2665 3186
14845 5875 2683 5876 4613
14846 3057 1696 1688 1689
14847 5970 1112 1102 1101
14848 5548 1850 1832 1831
14849 5319 422 5649 6325
14850 5876 2685 6331 2683
14851 6261 1850 1884 1867
14852 3621 3623 3626 4983
14853 3245 4786 4785 4784
14854 6904 3102 6282 6245
14855 6311 2229 2156 2033
14856 6510 1835 1814 214
14857 5807 6128 3102 6245
14858 6513 809 802 810
14859 7164 1957 1869 1887
14860 5330 6281 6128 6245
14861 3254 4434 4383 4382
14862 4691 3188 4114 3863
14863 2815 4744 3049 3050
14864 3132 4784 4320 6255
14865 6895 1239 1213 1285
14866 3245 4786 3511 4785
14867 1149 4626 5754 4627
14868 4382 4381 4385 4383
14869 6894 1237 1188 1212
14870 7053 1425 1452 1502
14871 6930 1317 1328 1285
14872 4293 3129 4384 3254
14873 3835 3837 5502 5513
14874 4734 4736 5598 5595
14875 5013 1939 1923 1897
14876 5513 3837 5735 3835
14877 4730 4731 1820 1805
14878 5782 1862 1829 1843
14879 5303 2666 4115 2664
14880 3835 7034 6655 7099
14881 6728 1972 1967 1990
14882 4682 5193 5007 6517
14883 3813 7165 6923 6936
14884 3215 6565 4644 4990
14885 3226 3225 3378 3145
14886 4461 2197 2179 2134
14887 4642 4990 7166 4834
14888 4266 4264 5439 6383
14889 7129 1977 1997 1952
14890 5979 5129 4265 4263
14891 4809 4251 4814 7048
14892 4809 4014 4808 3984
14893 6922 2043 2103 2073
14894 3122 1922 1898 1940
14895 675 6232 658 6250
14896 4857 1277 1254 1235
14897 7048 2108 2045 2073
14898 4224 5435 6647 4686
14899 5836 6014 1222 1196
14900 4276 6155 7128 4275
14901 1920 6190 6188 6824
14902 1964 1945 6814 1988
14903 4806 4808 4807 4817
14904 6190 1906 1900 1920
14905 4806 4809 4815 4814
14906 3502 3498 6915 4798
14907 3499 3502 4796 5437
14908 6020 1945 2013 1988
14909 5616 6134 6955 6922
14910 6864 1875 1859 1837
14911 4627 4626 5754 4616
14912 4778 1983 2027 2009
14913 6915 3502 3503 3498
14914 6562 3499 3501 3502
14915 2666 3186 4691 2665
14916 4623 1150 5806 1128
14917 5077 4680 6767 5172
14918 3502 4798 4797 3498
14919 5157 6528 5681 5745
14920 7167 1822 1820 1837
14921 4739 1800 5599 2664
14922 5599 4738 5588 1812
14923 3937 4243 4876 5283
14924 4738 1829 1797 1807
14925 4880 4046 5282 4193
14926 4738 1812 1797 1829
14927 4623 5806 4621 1128
14928 4244 5283 4880 4243
14929 5697 6891 5684 6566
14930 1181 1225 1201 4468
14931 4876 4048 4878 4712
14932 6610 1825 1864 1842
14933 7114 1847 1864 1833
14934 6608 1864 1902 1876
14935 5154 2788 3544 4902
14936 4879 4878 4048 7139
14937 3701 6435 6417 6434
14938 4975 4248 4976 4977
14939 4719 2067 2100 2027
14940 6438 5931 5930 5747
14941 4854 6886 6452 5712
14942 4707 6435 6953 3727
14943 5361 5063 3675 5054
14944 2511 3727 6825 6435
14945 5306 1875 1914 1896
14946 6435 2511 6417 2495
14947 5055 4680 5172 4681
14948 5306 1914 1954 1896
14949 5307 1859 1875 1896
14950 4526 5906 5933 6008
14951 4976 5172 4680 5077
14952 7036 1914 1969 1954
14953 3517 4495 5999 7168
14954 4914 2150 2186 2111
14955 5619 1921 1937 1891
14956 4623 4627 1149 1128
14957 3481 5162 5165 3480
14958 3303 1938 1919 3301
14959 6772 5122 3652 1151
14960 4032 3481 5165 3479
14961 3475 3473 4032 5071
14962 4032 3847 3888 5068
14963 3430 3497 2766 5437
14964 5781 7169 1897 1878
14965 5307 1878 1859 1896
14966 4692 5188 7169 5307
14967 5486 5578 80 81
14968 5368 5185 6720 6010
14969 5305 3867 3866 3865
14970 5635 1854 1823 1852
14971 3718 4495 5404 5328
14972 5224 1971 1943 1925
14973 5130 5970 6615 5969
14974 6153 5909 3997 1966
14975 5067 3867 3865 5069
14976 6610 1857 1842 1876
14977 6059 1833 1864 1825
14978 4617 5754 4618 4616
14979 6040 6380 4439 5918
14980 3255 4279 3256 6380
14981 6823 1863 1882 1900
14982 3331 4966 4658 5126
14983 6022 3580 3585 6239
14984 6022 3580 6239 6680
14985 3110 1882 1845 1861
14986 6046 6380 6255 4440
14987 1592 5102 1595 1572
14988 4331 6832 1158 1182
14989 7170 2220 2274 2191
14990 6648 6649 3594 2026
14991 7091 2020 2080 2054
14992 6255 4440 6642 6046
14993 4255 4440 4129 4256
14994 4279 4255 4440 4129
14995 3258 3469 4131 3470
14996 7171 2191 2159 2119
14997 4006 5788 6679 6678
14998 6138 4495 3514 4150
14999 7172 2048 2080 2020
15000 3401 6005 5978 5184
15001 5444 3954 3401 5978
15002 2718 2865 2725 2716
15003 2938 2985 2982 3811
15004 4286 4287 4285 6006
15005 5978 4287 6707 5977
15006 5732 2029 1975 2000
15007 4748 4823 4820 5806
15008 5732 1975 2029 2011
15009 4820 1128 4621 5806
15010 5716 349 350 355
15011 6524 1835 6510 6602
15012 6602 1847 1802 1835
15013 6311 2416 2229 2033
15014 4671 6536 6310 6871
15015 2033 1887 789 213
15016 6513 788 789 796
15017 4666 4672 4675 4668
15018 6526 796 6513 789
15019 4671 5205 6536 3766
15020 6526 803 6513 796
15021 3910 4042 4041 6354
15022 5854 5743 4671 4672
15023 4173 4671 5743 4672
15024 3328 4515 4966 5126
15025 6555 818 2855 825
15026 6984 4499 5384 4501
15027 2638 2726 4061 4740
15028 5382 2416 2033 788
15029 4965 4501 5328 6984
15030 4851 4849 1318 1292
15031 4966 4501 5384 4515
15032 3177 3179 7173 3572
15033 6863 1856 1870 1886
15034 3177 3181 6866 6826
15035 6519 1871 1891 1875
15036 6863 1871 1856 1886
15037 5770 6574 30 31
15038 4837 3596 5603 4838
15039 3177 6826 7094 3572
15040 6025 4312 4300 1235
15041 3019 3021 3020 3027
15042 5142 3025 4764 6574
15043 7150 5829 4802 5830
15044 6909 1175 1215 1214
15045 3025 6276 6574 5142
15046 6932 1256 1238 1215
15047 5608 6612 6614 7174
15048 6453 7175 6357 1527
15049 6023 5857 5368 1146
15050 3028 3025 6276 6574
15051 5142 3025 5141 4764
15052 4012 4404 2804 4332
15053 4147 4379 4521 4523
15054 3181 1836 1858 1821
15055 6572 6276 6574 6715
15056 6501 1895 1913 1953
15057 4603 6319 3311 83
15058 3190 3185 5864 1821
15059 3925 3924 3919 5611
15060 5889 6659 6742 4367
15061 5565 3941 3926 3919
15062 782 5381 5380 5379
15063 5381 6540 1634 783
15064 735 5381 6540 6439
15065 6519 3307 5619 1891
15066 5781 5861 1862 1881
15067 6876 5013 7169 1918
15068 5953 5381 734 6439
15069 4450 4453 4454 5806
15070 5028 6852 6887 5505
15071 5781 1878 1897 1862
15072 5307 1918 1878 1896
15073 4814 2137 2108 2073
15074 7129 1977 1952 1931
15075 3223 1977 2024 1997
15076 6188 1920 1948 1906
15077 3919 6983 3941 3942
15078 6190 1883 1906 1931
15079 6611 5629 1857 6548
15080 5381 4772 6439 5953
15081 5953 4769 750 5381
15082 4904 4890 5358 4914
15083 7114 1847 1927 1864
15084 3162 5639 3861 3405
15085 4904 4960 4890 4914
15086 4688 1955 2025 2091
15087 5343 512 6180 519
15088 5840 1955 1933 1932
15089 3925 7022 3919 5173
15090 4960 4890 4898 4904
15091 3786 5173 3919 3942
15092 6332 6336 6653 6652
15093 4645 7176 4474 6172
15094 5510 6332 3409 6333
15095 5343 533 532 525
15096 4927 5333 6034 4413
15097 3919 5173 6983 3942
15098 5343 1955 512 511
15099 5841 1908 1885 1933
15100 5842 1932 1885 1909
15101 6332 6620 6334 5828
15102 5510 5915 5434 6333
15103 5340 1908 1849 1885
15104 5420 3587 6017 455
15105 6645 1885 1849 1866
15106 3828 3835 3829 5007
15107 3835 5513 6655 3952
15108 510 1933 140 1908
15109 5510 5838 5509 5508
15110 4084 4653 4583 4684
15111 5339 517 524 516
15112 5034 4835 5947 4007
15113 5757 4083 5352 5416
15114 1150 4823 4454 5806
15115 3231 1803 6621 1793
15116 5910 5548 1850 6261
15117 1150 5806 1128 1107
15118 2614 1738 3240 7068
15119 3683 5543 5886 5885
15120 5130 5147 5525 5970
15121 5758 1947 1923 1965
15122 7169 1918 1897 1878
15123 4079 4080 4083 4085
15124 4849 1318 1292 1266
15125 5345 1881 6770 5014
15126 3228 3287 4406 4404
15127 6519 1891 1914 1875
15128 3303 1886 1919 1907
15129 3301 5620 3308 1938
15130 5416 5417 6854 6856
15131 4083 5114 5757 5711
15132 3833 3952 3835 3834
15133 5687 6771 5347 7138
15134 3273 3018 2857 2648
15135 6804 1189 1211 1169
15136 3840 3051 1672 1597
15137 1966 1951 6153 1916
15138 6052 6153 6967 5909
15139 3307 1907 1871 1886
15140 4694 1822 1859 1843
15141 2940 3787 2586 3051
15142 4222 4526 5131 5944
15143 5832 1214 1186 1175
15144 2940 3051 2586 2602
15145 4118 5671 4117 4601
15146 3177 3181 3176 3190
15147 5572 6655 3952 7033
15148 7095 1872 1915 1892
15149 2458 2457 2474 6018
15150 7177 1892 1913 1874
15151 4677 5718 4676 1934
15152 3309 2648 3161 3273
15153 3840 3842 3051 1597
15154 3778 3775 2989 2987
15155 3272 4604 4526 5944
15156 7178 1959 1936 1934
15157 1269 7179 1234 1359
15158 7177 1936 1913 1892
15159 3272 4526 4604 4602
15160 1323 6973 1357 1294
15161 7134 1260 1293 1273
15162 6142 1543 1524 1567
15163 6994 6304 6993 2353
15164 3272 4604 3310 6319
15165 4007 5357 5032 4938
15166 3840 3841 3842 1607
15167 6829 6830 6913 1364
15168 6966 1903 1919 1886
15169 3650 3840 3051 3787
15170 5122 5794 1129 1110
15171 4938 4007 5947 6635
15172 4747 4819 4821 5655
15173 6884 1151 6845 5122
15174 7180 1857 1889 1870
15175 4810 3306 3302 3307
15176 2781 2790 2792 2791
15177 6578 6266 5777 7181
15178 5777 6176 6578 5778
15179 6578 7181 6634 5537
15180 7173 1872 1892 1874
15181 3589 4011 4508 3593
15182 3181 1872 1874 1836
15183 3311 83 3312 82
15184 6862 5919 3112 1841
15185 3180 1895 1877 1858
15186 3589 3376 4508 4002
15187 5132 5948 5971 6238
15188 5572 5513 3952 6655
15189 3589 6300 3596 3595
15190 6912 1889 1941 1916
15191 3596 3592 3594 6649
15192 3596 3595 6300 3045
15193 5016 6835 4746 1983
15194 2685 6542 6749 6543
15195 6682 2444 2445 2461
15196 7122 2019 1989 2044
15197 6924 1947 1967 1924
15198 5712 1522 1489 1429
15199 2211 7098 5734 2266
15200 6729 2019 1990 1967
15201 6425 6564 6670 6550
15202 4561 1498 1538 1522
15203 7122 2100 2044 2009
15204 6917 6875 6919 1275
15205 4003 3596 4838 3592
15206 6425 6338 5397 6692
15207 6425 6616 6670 6564
15208 6728 1972 1990 2020
15209 6941 1276 6892 1332
15210 6775 2012 2027 1978
15211 6425 6891 5683 6692
15212 6616 5684 6719 6425
15213 5352 5936 5704 5867
15214 6566 6616 6599 6891
15215 6566 6582 5697 6891
15216 6025 6810 1218 6916
15217 6566 5766 6582 6559
15218 3121 6501 5884 3116
15219 5187 5671 3552 5749
15220 5400 5697 5893 6566
15221 5110 5572 5735 3952
15222 5869 1893 1890 1930
15223 4063 6796 6117 1080
15224 5152 5037 3342 7182
15225 3790 1333 1361 1306
15226 6210 2077 2015 2047
15227 6383 1392 1361 1333
15228 6215 1428 1392 1464
15229 6991 1428 1361 1392
15230 6213 1464 1392 1437
15231 2371 169 2399 597
15232 5350 529 6169 536
15233 5149 5152 6768 6629
15234 3721 3152 3343 4855
15235 4264 1309 1333 1277
15236 4164 6076 6016 4333
15237 4871 2158 2088 2153
15238 6251 557 153 564
15239 6502 5884 6501 1917
15240 3097 5149 6629 5152
15241 6211 2193 2024 1994
15242 6210 2077 2047 2114
15243 4081 5353 3837 5715
15244 4448 5847 6490 5859
15245 4017 4441 3749 4429
15246 6357 1462 1428 1555
15247 3904 3154 3151 3966
15248 5152 6490 4467 5859
15249 6991 1428 1391 1361
15250 6357 1428 1464 1555
15251 4014 2151 2114 2072
15252 6955 2137 2103 2241
15253 4927 6034 5333 6166
15254 5239 4850 2712 5675
15255 3338 3770 3343 3342
15256 6637 7129 1952 6189
15257 3947 5095 5110 4557
15258 2685 6542 5942 6749
15259 2791 6774 6528 3542
15260 5157 5545 4767 6516
15261 6190 1863 1906 1883
15262 5377 6630 5304 6014
15263 4496 6015 5326 466
15264 3190 6866 1836 1819
15265 2788 6774 5541 5545
15266 5158 5154 5155 5156
15267 3959 3960 3201 2850
15268 5157 4767 5156 5158
15269 5154 5157 5158 5155
15270 5938 6273 1629 5943
15271 6148 5973 6123 4993
15272 1664 5938 6273 1629
15273 6833 2030 1958 2276
15274 4877 2030 1956 1911
15275 1694 6739 1701 6733
15276 7139 1956 2030 2125
15277 1958 1680 297 1681
15278 5943 6263 4884 3611
15279 5943 3615 7131 3611
15280 5943 6263 7131 6248
15281 6750 6612 1157 1180
15282 3614 6273 5943 3615
15283 6988 1463 1410 1443
15284 6963 1359 1362 1300
15285 6248 6263 753 5943
15286 5469 6352 6159 3531
15287 6123 6146 6148 6957
15288 6181 6819 6820 5563
15289 5967 1973 1950 2002
15290 5625 5635 5870 6818
15291 5967 1950 1973 1930
15292 4841 6413 1652 1560
15293 3771 6352 3531 3822
15294 3822 5692 3823 3771
15295 2116 2084 6747 2056
15296 5876 4613 6331 4615
15297 4888 6352 3612 3610
15298 6744 2109 2184 2146
15299 6352 3893 3892 5468
15300 4842 6751 6413 7112
15301 6750 6868 6834 1200
15302 7143 2356 2337 2310
15303 6352 6351 5692 5426
15304 6123 4811 4813 4994
15305 2922 3859 5892 2923
15306 6345 1929 2058 2018
15307 7022 1386 1360 1325
15308 1454 1486 4937 1423
15309 7183 7184 2138 2190
15310 4387 1384 1444 1398
15311 6873 1442 1364 1383
15312 6352 6351 6158 5427
15313 6123 4993 4962 4994
15314 4858 7134 6292 5402
15315 6913 1364 1326 1383
15316 6861 6901 6884 1199
15317 6232 5427 4888 6352
15318 6232 6352 3893 3243
15319 6352 3771 3892 5426
15320 3480 5460 662 6386
15321 3016 3010 2971 2972
15322 3681 3694 3294 3693
15323 1916 1951 6153 1919
15324 4798 2040 2035 2070
15325 6386 5460 662 5367
15326 6967 1903 1889 1916
15327 6148 4993 5765 5120
15328 5855 1811 1796 1828
15329 2645 5578 3781 6754
15330 6386 3480 679 662
15331 3929 5285 4714 5283
15332 6713 5492 1912 1960
15333 3472 3536 3476 5367
15334 6927 7185 1893 6712
15335 1359 7186 6963 1331
15336 3472 3478 6404 3479
15337 4325 4326 7187 4617
15338 7132 1131 1172 1152
15339 2678 4198 4320 3248
15340 6840 6763 6881 1220
15341 6710 1174 6763 6868
15342 6926 1985 1973 2022
15343 7150 7179 1234 1269
15344 5944 6008 5948 5906
15345 6386 3537 3536 5367
15346 1889 1870 6966 7180
15347 2887 6445 2873 5188
15348 6967 1903 1916 1919
15349 1903 1886 6966 1870
15350 6407 2075 2032 2052
15351 6378 5847 6105 5268
15352 6084 6362 7024 5312
15353 2853 5367 5460 3476
15354 6906 4664 6074 4529
15355 5486 6241 2646 5921
15356 6647 6112 5718 2905
15357 6621 1813 1793 1803
15358 5878 1922 1900 1882
15359 6020 1922 1945 1900
15360 4821 4820 1076 1096
15361 2853 2829 645 5367
15362 5492 1915 1894 1935
15363 1894 5494 1855 1872
15364 646 2853 5460 630
15365 4263 3790 4264 4294
15366 6261 5871 1884 6243
15367 4443 5454 3602 6963
15368 4250 5974 4273 5129
15369 5941 1950 1929 2018
15370 5446 6507 6099 5449
15371 6694 5859 6693 6377
15372 6835 1939 1954 1983
15373 4272 4815 4251 4253
15374 3562 4233 3563 4311
15375 6007 5324 7188 7189
15376 5129 4263 4294 4295
15377 5129 4263 4295 4581
15378 1955 142 2091 512
15379 5129 4263 4299 4265
15380 6165 142 2091 143
15381 4820 4823 1107 5806
15382 2122 6203 2091 143
15383 2416 2033 788 212
15384 6180 5333 534 3483
15385 5382 788 6513 795
15386 7024 7028 7065 6084
15387 6165 6203 513 143
15388 6511 1901 1876 1925
15389 4176 3512 7056 6513
15390 229 866 1143 4775
15391 39 2974 6718 5907
15392 4296 1254 1277 1306
15393 6676 6708 6134 6959
15394 5060 2131 2099 2071
15395 2016 1988 6959 2043
15396 4308 6362 6084 4634
15397 6970 2045 2047 1986
15398 7048 2045 1986 2016
15399 7190 1569 7041 1568
15400 6084 5134 4742 4634
15401 2091 6203 6180 6165
15402 6012 4763 6102 4762
15403 6165 6203 520 513
15404 3179 3572 6501 7173
15405 3559 6546 3814 3092
15406 3176 3179 3111 3180
15407 3177 7173 3179 3181
15408 7150 1231 1245 1205
15409 7150 1269 1234 1245
15410 7095 1934 1892 1915
15411 3581 4342 3582 3580
15412 6927 1973 1942 1930
15413 4153 3581 4342 3582
15414 6779 1519 1448 1502
15415 6295 4342 5855 7130
15416 3501 6885 6897 7019
15417 4642 7184 7191 7183
15418 1448 4074 1404 1422
15419 4342 6295 4153 7130
15420 4074 1358 1404 1422
15421 6295 5856 4093 3185
15422 7036 1914 1937 1969
15423 4753 1085 1064 1100
15424 3105 3106 4153 3107
15425 3009 1210 1189 1187
15426 5595 1772 5273 25
15427 7036 1891 1937 1914
15428 6295 3183 3185 4093
15429 3182 3183 6295 4093
15430 3389 7164 6526 6522
15431 6526 6522 2033 6513
15432 6551 6599 913 5907
15433 6696 6630 6014 1155
15434 5802 5907 5642 6718
15435 7076 7077 7078 4608
15436 5907 40 6551 4896
15437 6877 1978 1983 1954
15438 7164 6522 1887 6526
15439 3307 5619 1891 1907
15440 3017 3652 1129 1147
15441 5395 1844 5588 5589
15442 5907 5642 40 4896
15443 4960 2150 2218 2186
15444 5236 1508 1535 1504
15445 6670 5802 2976 6599
15446 2974 5907 2976 5802
15447 6234 5540 6103 6236
15448 6074 5231 4664 6013
15449 4704 6665 4702 4780
15450 6061 2483 2482 2466
15451 6925 2159 2082 2119
15452 6118 5133 3418 3419
15453 6672 975 976 983
15454 4891 2191 2119 2154
15455 6814 1970 1920 1964
15456 4696 975 4705 4704
15457 5836 5304 6156 1222
15458 4016 4871 2223 6125
15459 6383 1361 6991 3790
15460 5048 6211 7161 7160
15461 3221 3222 4425 6475
15462 4702 4704 4780 4203
15463 6761 1305 1339 1284
15464 6522 2156 6545 1957
15465 4704 974 6650 975
15466 5748 1209 1229 1185
15467 1927 1902 6821 6608
15468 1548 4595 4587 1482
15469 4704 6270 4696 975
15470 6538 1367 1339 1305
15471 4459 5336 5280 5337
15472 6153 1966 1987 1951
15473 4704 982 4705 989
15474 5902 1984 5873 2014
15475 6600 5263 6516 6528
15476 1991 1971 2711 2017
15477 7192 2017 2052 1991
15478 5767 919 6579 5760
15479 6862 3109 1828 1841
15480 2711 1991 1943 1971
15481 4596 4875 4665 6072
15482 7192 2052 2032 1991
15483 5767 6616 5654 6579
15484 4776 6613 5748 1121
15485 5601 1946 2021 1993
15486 5767 6616 6625 6564
15487 6545 2021 1957 2083
15488 6391 7114 6602 6558
15489 5760 919 6579 225
15490 7127 2087 2017 2051
15491 7161 7160 6211 1994
15492 6475 3221 2059 1997
15493 7193 1970 1948 1920
15494 6188 1906 1948 1931
15495 5767 6616 6579 6625
15496 7130 3110 1845 3109
15497 6149 6004 500 6131
15498 6739 6833 6733 1680
15499 919 914 5760 5767
15500 4711 4706 4713 4712
15501 2383 2304 1678 295
15502 7111 6833 6739 2276
15503 3730 2555 2572 2571
15504 2304 296 2276 1679
15505 6739 7111 2276 5477
15506 5793 5767 919 6579
15507 6805 4875 6118 5986
15508 5477 7111 2276 2304
15509 6780 2280 2382 2318
15510 5546 2383 2280 2304
15511 6716 5801 3640 6718
15512 5546 6364 5547 1685
15513 5801 3640 6718 6701
15514 6701 5668 5801 3640
15515 5477 1685 6364 1678
15516 1678 7105 1685 5546
15517 5547 1691 1692 1699
15518 5252 5668 6701 4752
15519 6781 4878 7111 2232
15520 6784 6744 2184 2214
15521 5477 7111 2304 6364
15522 4878 2125 2030 2232
15523 6862 5855 5856 1806
15524 1331 7186 6947 1269
15525 6701 5642 5801 5253
15526 6763 5920 3067 5886
15527 6586 1471 6585 6979
15528 4182 6753 4185 6834
15529 6862 1828 5855 1806
15530 2997 5009 5010 2995
15531 1556 7026 6779 5695
15532 5252 6701 5801 5253
15533 6915 2040 2066 2012
15534 4561 1538 1489 1522
15535 5016 1939 1965 1923
15536 5083 2439 2422 2423
15537 6200 6183 5083 5084
15538 5083 7194 7145 5084
15539 5083 2423 5585 2439
15540 6691 6878 5929 6877
15541 6898 2001 1937 1962
15542 6878 1978 1969 2001
15543 5083 7194 6183 5501
15544 3335 5620 6831 3501
15545 6831 1963 7019 1921
15546 1902 6821 6608 6547
15547 5016 1939 1983 1965
15548 3015 3010 2815 4226
15549 5442 1979 1953 1968
15550 5249 5176 4472 6173
15551 3054 4225 3013 3055
15552 1251 4275 6155 6843
15553 1385 1357 4529 1419
15554 5721 5718 1961 1982
15555 6647 2905 5718 5492
15556 1323 1271 6073 1294
15557 6647 5492 5491 2905
15558 3450 5691 3612 4932
15559 7178 1934 1936 1892
15560 5718 1961 1934 1915
15561 3655 4536 3279 4527
15562 5492 1961 1915 1935
15563 6905 1231 1214 1258
15564 4883 7012 5464 6816
15565 5780 1878 1843 1859
15566 6831 1963 1921 1938
15567 7019 1937 1921 1962
15568 6971 1882 1861 1898
15569 2409 2397 2444 5191
15570 4021 4513 4500 4515
15571 4274 3565 5614 4273
15572 3612 6355 4886 4932
15573 6786 7195 1152 7132
15574 7116 7058 6931 7154
15575 4401 2118 2062 2085
15576 4883 3822 5692 7012
15577 5492 5718 1915 1961
15578 3822 3610 6816 4883
15579 4883 3452 3615 5939
15580 5142 4764 5141 6575
15581 6472 3023 3026 3025
15582 4594 1419 1453 1385
15583 6876 1939 1918 1954
15584 4144 5189 4228 5687
15585 5013 1918 1939 1897
15586 3509 3500 3335 6795
15587 3026 6152 6472 5733
15588 3024 6882 3025 3023
15589 3705 6274 6509 6337
15590 6504 2031 2013 1940
15591 3357 3676 3348 4067
15592 4343 5842 6644 4160
15593 5133 5139 4875 6118
15594 6935 1541 6289 1540
15595 4559 3099 4560 6968
15596 3301 1976 1938 1951
15597 4333 6101 4334 4339
15598 6896 1288 1304 1326
15599 3306 1907 3307 1886
15600 5106 5108 5798 4906
15601 6773 1236 1265 1288
15602 4875 4665 6072 5139
15603 7196 5280 2239 4460
15604 3998 2133 3996 2049
15605 3631 3633 3632 3689
15606 3633 5104 3689 3631
15607 5104 3631 3633 7197
15608 2268 6389 2314 2221
15609 5680 5391 343 56
15610 7048 2108 2072 2045
15611 4529 6073 1323 1356
15612 7046 5107 7198 7047
15613 7198 5104 5056 5107
15614 7051 6382 2177 7199
15615 5137 5106 5104 6032
15616 5106 5536 6032 5137
15617 6211 2193 2088 2024
15618 6207 1909 1883 1931
15619 5442 1968 1953 1913
15620 6073 1323 1298 1271
15621 4762 2168 2118 2132
15622 2225 6382 2177 2144
15623 7200 7201 2060 2092
15624 7202 1934 4676 1959
15625 4923 4926 4925 6068
15626 4919 4923 6480 3843
15627 5496 2076 6729 5566
15628 5188 5013 6876 6835
15629 4789 4919 4793 4926
15630 4326 1137 4627 1130
15631 4611 633 634 650
15632 6408 2087 2161 2115
15633 6904 1339 1375 1308
15634 7203 1402 1405 1341
15635 5216 620 603 604
15636 7204 1375 1341 1308
15637 4919 4926 4923 5843
15638 7203 1405 6379 1341
15639 2415 603 604 5216
15640 4923 4922 6067 6373
15641 4793 3620 3617 3618
15642 2090 2029 247 931
15643 4789 4793 4919 4800
15644 930 931 246 5731
15645 4923 4926 6068 6067
15646 4923 6068 4925 3278
15647 4790 6066 5843 3617
15648 6745 2187 2116 2147
15649 4163 2214 2257 2178
15650 2967 1472 1559 1507
15651 6952 1534 1557 1506
15652 6382 2177 2144 7051
15653 5216 4790 5254 5294
15654 5023 3618 4917 6488
15655 4975 3293 5074 5075
15656 6965 2079 2109 2055
15657 5821 6990 2057 2110
15658 6744 2147 2081 2146
15659 2214 6744 2184 2146
15660 7205 7206 6981 1362
15661 6990 7051 2110 5821
15662 7155 6818 6711 1873
15663 3622 6120 5023 6128
15664 3103 3102 5023 3104
15665 4314 1539 1525 1493
15666 6081 2176 2136 2139
15667 6779 1539 1493 1519
15668 6562 2035 2040 2007
15669 4587 1536 1513 1484
15670 2916 5275 5171 4347
15671 5680 5694 5391 4727
15672 5506 5507 6697 1154
15673 6992 1391 1434 1322
15674 7077 2168 2139 2118
15675 7049 5107 7033 5798
15676 5572 5798 7033 3949
15677 3348 3418 3356 3403
15678 6185 4906 7049 5803
15679 6956 1520 1536 1484
15680 5135 1520 1459 1491
15681 4906 7049 5803 5798
15682 5248 2243 2329 2281
15683 7207 2202 2165 2237
15684 6823 5878 1882 4397
15685 6793 6792 4937 1423
15686 6987 2062 2039 2085
15687 4416 2005 1998 1959
15688 5680 338 5694 333
15689 1186 5830 1214 5832
15690 2650 1998 2005 2039
15691 5277 5470 4280 6626
15692 5798 6130 4906 7049
15693 6130 5107 5798 5106
15694 2093 5334 6560 5342
15695 2106 7208 7166 2138
15696 7125 4260 2202 2284
15697 3951 5936 5867 5168
15698 4681 5055 5109 5166
15699 2920 3135 3424 3985
15700 5555 5168 5867 5557
15701 7209 6118 5139 5138
15702 3455 4992 6776 5928
15703 5345 5346 1905 1899
15704 6878 5929 6877 1978
15705 6142 6883 1488 1466
15706 2599 278 1636 277
15707 5620 3308 1938 1921
15708 6160 1987 1976 1951
15709 3301 1951 1938 1919
15710 3307 6809 5619 3308
15711 5606 5641 33 5648
15712 3016 2973 6396 4341
15713 2069 1987 3998 1966
15714 6160 1976 1987 2006
15715 6479 5726 5594 5596
15716 4477 6479 4478 4479
15717 6108 7065 7024 7175
15718 7119 5594 5596 6479
15719 3351 4665 5079 4588
15720 7210 2010 2065 2041
15721 6479 5534 4477 4726
15722 3223 2088 6211 4872
15723 6213 1372 5245 1412
15724 5594 4766 5598 6470
15725 4766 6479 5594 7119
15726 6920 1295 1322 1389
15727 6025 6810 5900 1171
15728 6972 2135 2241 2103
15729 6907 6937 1310 1368
15730 6689 1286 6156 1316
15731 2031 7210 7211 2041
15732 4766 5156 7064 6479
15733 7040 2124 2065 2095
15734 4478 5726 5594 6479
15735 5597 6479 5726 4726
15736 5398 3082 6837 6669
15737 6972 2164 2241 2135
15738 4809 6970 4818 4014
15739 6936 1232 6923 1270
15740 6916 6923 1310 6937
15741 6990 2057 2144 2133
15742 3508 1987 2049 2006
15743 4127 4435 5470 4255
15744 6177 4507 4011 4006
15745 5814 5197 5199 4108
15746 5902 2069 1966 2014
15747 5100 1552 1538 1498
15748 4006 4697 5219 4701
15749 5255 5575 5236 1508
15750 4960 2218 2307 2262
15751 5496 5715 2046 5566
15752 4507 6731 5398 4509
15753 5680 5694 343 5391
15754 5680 943 5391 56
15755 5680 5391 943 5751
15756 4507 4509 6853 6731
15757 5621 5622 5702 879
15758 4507 4006 6177 6679
15759 812 220 219 5622
15760 7203 1405 1402 1440
15761 4507 4701 6679 6853
15762 6735 6683 2796 5633
15763 5816 2797 6735 6803
15764 6803 6735 2799 2797
15765 7204 1402 1341 1375
15766 6482 764 6457 748
15767 6803 2799 5452 4377
15768 6803 5447 5450 5452
15769 6271 940 6662 6606
15770 6175 1411 1349 1379
15771 6735 6714 5633 5605
15772 7123 2121 2028 2089
15773 5811 2028 1996 2089
15774 4001 5182 4011 3592
15775 6803 5447 6735 6668
15776 6735 6714 5605 6668
15777 3439 4420 3802 3805
15778 4378 4377 979 986
15779 6632 2090 2000 2028
15780 4930 4661 6632 931
15781 4235 5022 6546 6676
15782 2024 7161 1994 1977
15783 7212 1406 1291 1414
15784 4234 4311 4310 4265
15785 6189 6190 1931 6208
15786 7161 1994 1948 1970
15787 5584 6412 2936 1560
15788 6748 2055 2081 2056
15789 6745 2147 2116 2081
15790 6748 2109 2081 2055
15791 7115 2192 2215 2148
15792 4163 2300 4168 2257
15793 5785 5667 6298 5903
15794 5233 6784 7115 7011
15795 4416 1959 1998 1936
15796 5860 5892 2922 5951
15797 1998 4416 1968 1979
15798 5622 220 219 889
15799 6972 2103 2063 2135
15800 7213 2094 2023 2004
15801 1244 1278 5454 5920
15802 4540 5966 6927 7185
15803 3679 3649 2537 2553
15804 6981 1410 1353 1443
15805 5860 5915 5951 406
15806 5887 405 5915 5860
15807 5773 6228 5776 5775
15808 4110 4285 4289 4142
15809 4286 3401 3954 6006
15810 4663 2003 1982 2036
15811 5721 1982 2023 2036
15812 5919 3185 3176 3190
15813 4676 1982 1959 1934
15814 5826 5824 5664 5666
15815 6755 1609 1652 1611
15816 3573 3121 3575 4418
15817 5284 6969 6543 6749
15818 4841 6658 2950 2935
15819 3074 4716 4142 4056
15820 6960 4952 2267 2302
15821 5201 5198 5199 5197
15822 7070 5226 666 650
15823 3439 3519 2845 3963
15824 4829 6426 6592 5183
15825 6327 2380 6353 2401
15826 6448 776 5371 760
15827 3115 5884 4418 6921
15828 5479 5482 5952 5475
15829 3108 3121 3115 3122
15830 5257 5741 6802 844
15831 3108 4397 3114 3107
15832 6724 2228 2277 2321
15833 2380 6801 2321 2271
15834 5720 1980 1961 1935
15835 3732 3115 5020 3114
15836 1518 7032 1490 7041
15837 3115 5877 5020 3114
15838 5720 1980 1935 1960
15839 6831 1938 1976 1963
15840 3115 5877 3114 4397
15841 6795 1995 1976 2006
15842 3115 4418 5877 6921
15843 6772 1151 3652 1191
15844 5718 4676 1934 1982
15845 6759 2042 2004 1985
15846 3179 6501 3121 3116
15847 3115 5884 3121 4418
15848 3801 6988 3799 3795
15849 5805 7143 7214 6253
15850 6899 1985 1960 1942
15851 5493 5718 4677 1915
15852 3517 3801 7168 3799
15853 5619 6898 1937 5620
15854 3282 6420 3048 5968
15855 3517 5404 4495 7168
15856 6831 1995 1963 1976
15857 5785 5667 5903 5197
15858 3966 3322 4346 6052
15859 3801 3799 6988 7168
15860 6539 4387 1367 1398
15861 5622 5702 805 5621
15862 6885 1962 6897 7019
15863 5806 4823 1107 1150
15864 5159 1595 1590 1566
15865 6562 2008 2035 1981
15866 3313 3322 3320 3318
15867 3320 3318 5901 5224
15868 3320 5222 5629 6518
15869 4015 2223 2153 2188
15870 4015 2188 2153 2114
15871 3223 2088 2053 2024
15872 5629 3320 5224 5222
15873 5409 5463 7128 6689
15874 3839 3840 3002 3841
15875 3320 3318 5909 5901
15876 1938 3308 3303 1907
15877 3320 5224 5222 4847
15878 3320 6518 6052 3712
15879 3320 5909 3322 6052
15880 6775 2027 1983 1978
15881 6779 1556 1519 1515
15882 2691 4340 3576 4492
15883 4856 4427 3149 3147
15884 5001 5118 5003 5116
15885 1570 6145 1587 1543
15886 7075 6289 1541 7081
15887 6829 4385 4387 1444
15888 4387 1398 1431 1367
15889 7215 2102 2049 2133
15890 3922 6953 4349 3120
15891 7216 2049 2102 2068
15892 6144 1570 1523 1492
15893 7217 2281 2330 2286
15894 3922 1720 3119 3120
15895 7083 5270 6282 1400
15896 3119 7218 1713 3922
15897 6539 1338 1305 3146
15898 3319 5902 5909 5901
15899 3313 3319 3322 3318
15900 3119 3923 3929 4710
15901 6649 2054 2082 2026
15902 4706 3922 4707 4711
15903 3646 2521 2504 2505
15904 4706 3956 4708 3922
15905 5705 5712 1498 4561
15906 4959 2145 2182 2150
15907 2936 2937 1472 2935
15908 6218 3644 6219 5585
15909 6646 2433 2434 2450
15910 2975 5801 6533 6716
15911 6943 1593 1553 1580
15912 4475 5801 2975 5802
15913 2975 6550 6531 6670
15914 2975 6718 6716 5659
15915 2975 6531 5802 6670
15916 6737 1807 6194 6738
15917 4078 1388 7031 1425
15918 5496 2048 1990 2046
15919 4001 4009 4013 4005
15920 5220 6230 5219 6495
15921 4893 2048 2111 2080
15922 4807 2216 2183 2141
15923 6828 1384 6829 4387
15924 5622 5702 879 218
15925 2975 6718 5659 2974
15926 3090 2745 6631 3052
15927 7160 2015 1970 1986
15928 6210 2077 2193 2015
15929 7084 1647 1573 1549
15930 7101 2169 2102 2133
15931 7219 2385 2358 2402
15932 4116 6631 6901 4855
15933 4385 1431 7000 7087
15934 7086 6539 7087 7083
15935 6476 1614 1577 1622
15936 7215 7101 2133 6847
15937 3338 3342 5149 5152
15938 5540 6656 6640 5281
15939 3153 6631 3052 4116
15940 6892 6260 5746 6919
15941 5489 2048 2046 2074
15942 4541 2906 4540 6899
15943 4856 4116 7134 4535
15944 7042 4547 1590 1566
15945 7059 1965 1989 1947
15946 6729 1989 2019 1967
15947 4116 6861 6631 3091
15948 4116 4066 7134 4858
15949 5487 2145 2150 2074
15950 5487 2113 2145 2074
15951 6078 5325 6077 4497
15952 6078 466 6064 6015
15953 7220 2219 2145 2181
15954 7144 7091 2054 2020
15955 5496 2019 2076 2046
15956 4166 6077 5143 6337
15957 5520 5622 3543 5621
15958 5338 523 4497 5325
15959 4164 6100 6078 6047
15960 3959 4165 4166 4755
15961 6565 5928 3456 3498
15962 6776 2066 2097 2050
15963 3337 6565 3498 4797
15964 6396 4341 1285 6894
15965 6775 2012 2050 2027
15966 7135 7072 6565 3498
15967 4719 2050 2067 2027
15968 4177 5628 6340 6341
15969 4172 4178 831 5628
15970 4172 5685 6340 3731
15971 4754 1110 1100 1078
15972 6936 1270 6805 6806
15973 6622 4540 2906 6899
15974 4719 2130 2100 2067
15975 6031 5849 6698 1092
15976 6504 2031 7211 2013
15977 1979 2010 5443 2041
15978 5869 6242 7185 1930
15979 4120 1047 4119 1039
15980 4400 2010 1979 1998
15981 3543 3266 819 812
15982 2010 4400 6987 1998
15983 4857 4300 1235 1254
15984 5628 839 832 3731
15985 3367 4398 2651 4408
15986 7213 2078 2126 2094
15987 5431 2275 2331 2289
15988 4540 5963 6926 5966
15989 7201 2649 5310 5724
15990 7205 1426 1362 1410
15991 5723 2060 2071 2036
15992 3504 2651 5724 5310
15993 3363 2651 4761 4408
15994 4798 2061 2070 2035
15995 4799 2152 2106 2105
15996 5830 1205 7150 5829
15997 6759 2084 2042 2022
15998 7095 4685 4686 5435
15999 6421 2200 2142 2174
16000 4328 4685 6280 6048
16001 7213 2078 2094 2004
16002 6759 2042 1985 2022
16003 5107 7046 7198 6130
16004 805 3541 812 5622
16005 4685 6280 5442 4416
16006 4036 6515 4770 4772
16007 5036 3148 3149 7182
16008 3851 4539 4540 5966
16009 4685 7177 5435 7095
16010 4434 4385 4382 6141
16011 4685 5442 6048 7177
16012 1545 7017 5094 1515
16013 3686 3685 3815 3816
16014 3282 7221 3875 5311
16015 5996 1544 1588 1556
16016 5600 7222 3023 6472
16017 2211 7223 2199 2170
16018 5600 45 4766 46
16019 6775 1978 5929 2012
16020 7166 2127 2097 2138
16021 3552 3629 5959 4601
16022 5600 5598 46 4766
16023 7212 1414 1650 1406
16024 5600 45 5607 6617
16025 5600 5607 28 7222
16026 4141 4055 3077 4056
16027 2828 3893 612 628
16028 4057 6117 4289 4055
16029 5187 4055 4026 4027
16030 7224 7225 2166 5280
16031 2909 3955 3599 3953
16032 6584 1394 1433 1370
16033 6744 6743 2214 6784
16034 5544 1396 1334 1370
16035 6421 2142 2101 2174
16036 5187 4026 4117 7226
16037 3934 1508 1565 1535
16038 4313 6194 6737 4724
16039 5566 2140 2113 2076
16040 3599 3552 4601 3629
16041 3933 1565 1636 1535
16042 5487 2145 2113 2181
16043 7190 7050 1569 1568
16044 4070 1348 6975 1354
16045 5489 2048 2074 2111
16046 3242 5665 2548 2547
16047 7172 1990 2048 2020
16048 4288 4055 4063 4026
16049 2941 3853 2902 3037
16050 5500 2195 2161 2120
16051 4286 6006 3954 4287
16052 6406 2115 2075 2052
16053 2521 3663 3646 3679
16054 3998 2049 2069 2133
16055 5822 2143 2110 2075
16056 3102 7204 6904 6488
16057 6291 1288 6896 1326
16058 6106 6378 4437 6377
16059 6256 6641 7102 6642
16060 3646 2553 2552 2536
16061 4533 4118 4601 3955
16062 701 3269 3268 6346
16063 5823 2212 2185 2143
16064 7054 7069 1562 4863
16065 6683 5632 3291 2796
16066 6406 2087 2115 2052
16067 6735 6683 2799 2796
16068 6683 5632 5517 5516
16069 5822 2115 2143 2075
16070 2227 6326 5500 2270
16071 5772 4435 7227 5795
16072 5820 5819 7199 5821
16073 5003 6374 6307 6284
16074 6683 2799 5571 5515
16075 5947 7091 4891 4939
16076 3146 1338 1398 6539
16077 4939 7091 4891 7171
16078 4673 4674 4668 6968
16079 4939 7228 6635 7171
16080 4939 5779 7228 7229
16081 4918 4034 6465 3624
16082 6313 2212 2143 2189
16083 6451 2252 2212 2297
16084 5208 5209 5590 5602
16085 6408 2161 2087 2120
16086 5196 5903 5006 5197
16087 5485 5438 5260 5476
16088 4866 3223 4865 3222
16089 2779 6258 6836 2849
16090 5343 5840 1955 1933
16091 4939 4900 7229 4899
16092 4939 4890 4899 4891
16093 5773 4939 5779 6635
16094 4865 2123 2053 2088
16095 6789 583 3736 590
16096 4679 3839 5010 6952
16097 6475 5898 1997 2025
16098 5361 4680 5364 5077
16099 6471 6232 675 6250
16100 3765 4870 3977 4016
16101 5903 5779 4900 7170
16102 3673 3689 3690 3663
16103 3647 3648 3673 3663
16104 5055 4976 4680 3674
16105 6960 3703 4952 4955
16106 6987 2039 2034 2085
16107 5721 4676 5718 1982
16108 3219 6071 5173 3942
16109 4534 5146 5955 4025
16110 5389 1272 1296 1258
16111 3707 3703 6960 6681
16112 5723 5721 2023 2036
16113 2650 2005 2034 2039
16114 6960 6962 3703 3707
16115 7005 1352 1296 1324
16116 5814 5665 5197 4108
16117 6960 6782 3703 6962
16118 4600 2552 2535 2536
16119 5384 1424 1393 1381
16120 2036 5723 2060 2023
16121 7008 1487 1460 1424
16122 6605 948 940 941
16123 6662 954 953 946
16124 401 5897 406 407
16125 6960 6782 6962 2318
16126 6960 6782 2318 2267
16127 4504 4930 6217 6624
16128 5508 5837 395 394
16129 6648 6663 6649 2026
16130 5135 4742 5134 4743
16131 4678 4435 3345 5470
16132 4743 5134 5133 4634
16133 6918 5754 4617 1137
16134 5662 5666 5664 2531
16135 4741 4125 4743 4742
16136 5581 2251 2272 2235
16137 6267 2155 2107 2235
16138 4743 4665 5133 5135
16139 5797 4743 5135 5079
16140 6662 6606 940 932
16141 4125 5797 4743 4742
16142 6605 6271 6606 940
16143 4930 939 6662 946
16144 4663 2003 2036 2034
16145 4663 1982 2003 1959
16146 4967 3950 3945 5322
16147 4663 2003 2005 1959
16148 5779 7230 7228 7170
16149 7201 2092 2071 2060
16150 1995 6885 1981 2008
16151 7231 7232 7225 2166
16152 3943 3947 3946 5095
16153 2008 6795 1995 6885
16154 4548 6051 5159 5096
16155 3198 4540 5963 2906
16156 3487 7233 7234 7090
16157 6562 1981 2035 2007
16158 5113 5167 5166 5096
16159 6075 2139 2095 2118
16160 5246 2197 2281 2249
16161 2649 2099 2034 2071
16162 7040 2095 2136 2124
16163 4967 5111 5322 3945
16164 6622 6899 2906 2905
16165 5167 5096 3947 5100
16166 2066 7208 7166 2106
16167 4545 5096 3947 4548
16168 6750 7174 1157 6612
16169 6104 6269 6265 6578
16170 5544 1301 1370 1334
16171 2473 6018 3645 3662
16172 6266 5777 6726 5181
16173 6747 2149 2084 2116
16174 6176 4698 6578 5218
16175 3308 6809 5619 5620
16176 6265 6266 4698 6578
16177 6266 5182 5181 5813
16178 7231 2068 2129 2096
16179 6561 2038 2064 2008
16180 6931 7058 1449 7154
16181 6176 6266 4698 5182
16182 5645 4035 3269 5646
16183 5077 6766 6767 5364
16184 6999 1540 7081 1516
16185 6075 2118 2095 2062
16186 7039 2065 2062 2095
16187 5645 4792 4791 5646
16188 4026 4063 4120 4138
16189 4941 7057 6914 1486
16190 7082 6914 4517 1514
16191 6560 2064 2093 2061
16192 7082 1514 4595 1548
16193 4035 6314 5646 6315
16194 1450 1427 5134 5138
16195 4033 4035 4044 3269
16196 2949 4578 5696 2948
16197 2949 4578 3518 5696
16198 5111 2951 3039 6619
16199 7060 6915 3503 5928
16200 1093 4754 1078 1110
16201 5364 5010 6766 6952
16202 5061 2284 2287 2240
16203 6561 2008 2064 2061
16204 5998 4723 5695 6779
16205 7231 2166 2128 2096
16206 6794 2096 2064 2038
16207 6298 7230 7235 6296
16208 5060 7201 7200 2092
16209 5998 6779 3515 4723
16210 2946 2949 2948 4578
16211 7039 2065 2010 2062
16212 4663 1959 4676 1982
16213 6820 2002 4373 2055
16214 5443 2041 2031 1979
16215 4663 7202 4676 1959
16216 3943 3945 3949 3952
16217 5114 6919 5031 6875
16218 4762 2132 2118 2085
16219 4936 7057 1512 1483
16220 5356 2099 2132 2085
16221 7102 2102 7215 7101
16222 5416 5757 6854 5417
16223 7051 2144 2110 2177
16224 6767 6952 4680 5364
16225 5872 2057 2069 2014
16226 5757 5711 6919 6450
16227 3148 7182 4468 1248
16228 6406 2087 7126 6408
16229 5757 5706 6989 5704
16230 5757 5704 6450 5706
16231 5757 5417 6989 6854
16232 6964 2109 2148 2184
16233 6744 2109 2146 2081
16234 5169 1575 1592 1552
16235 5101 1566 1552 1592
16236 5101 1538 1566 1545
16237 5868 6989 5757 5417
16238 5936 5867 6995 6893
16239 3951 5572 3949 5798
16240 3943 4967 3946 3948
16241 6449 5711 6450 5746
16242 4229 5890 4247 2950
16243 4070 1354 6975 4078
16244 4939 6635 5773 4938
16245 6775 4719 2027 2050
16246 5566 2113 2046 2076
16247 5561 2140 2181 2113
16248 5936 5704 5867 6893
16249 5110 3833 5735 5258
16250 4008 4409 5034 4835
16251 7148 2345 5573 7236
16252 325 2421 2373 7148
16253 2995 5361 3674 4680
16254 6728 2020 7144 1972
16255 4471 2179 2190 2152
16256 4036 4771 4770 6500
16257 7205 1463 1426 1410
16258 7102 2201 6642 6641
16259 2995 5010 3988 5364
16260 4541 6759 6760 6899
16261 4289 6675 6674 6117
16262 325 7148 5573 2420
16263 7213 2094 2126 2060
16264 7148 5573 5904 7236
16265 1539 5995 4314 1578
16266 2023 5720 1961 5721
16267 4972 5054 5211 4976
16268 7213 2094 2060 2023
16269 6760 2042 2078 2004
16270 7148 5904 2436 2452
16271 7148 2437 2420 2421
16272 3925 5611 3919 7022
16273 6586 6589 6766 5077
16274 4802 5830 6851 7150
16275 7237 2210 2174 2149
16276 7238 5159 1550 7050
16277 3736 583 6254 584
16278 6589 6766 5077 5364
16279 6250 691 690 674
16280 3925 5174 7023 6792
16281 4022 2315 2223 2268
16282 2853 6293 5460 630
16283 3925 5174 6792 3143
16284 5117 4958 6778 5116
16285 522 529 6169 3174
16286 3530 693 676 677
16287 4889 642 6232 658
16288 5426 2320 2233 2269
16289 3243 6158 611 2350
16290 5469 676 659 660
16291 5092 4911 4210 4188
16292 5693 2123 2158 2233
16293 4099 5000 4102 4101
16294 7129 1931 1948 1977
16295 4958 7239 5004 4101
16296 4058 4060 4840 4052
16297 2902 6622 4540 2906
16298 5772 5764 2198 2290
16299 3281 3284 3282 3875
16300 6622 6712 4740 3854
16301 6622 4740 6713 5491
16302 7067 2127 2170 2098
16303 7072 4799 4798 7135
16304 914 5767 915 5760
16305 7016 5565 6983 1340
16306 4470 4469 4471 4461
16307 4893 2080 7172 2048
16308 5334 2128 2064 2096
16309 5023 6488 4917 3104
16310 3619 5023 3103 3622
16311 3619 3621 6120 3622
16312 4917 6488 3618 6497
16313 7208 2152 2138 2106
16314 4917 3616 6903 6497
16315 6217 4661 5732 6632
16316 5662 2516 2499 2500
16317 6605 6604 948 941
16318 4917 4560 6427 4918
16319 4917 6903 3616 6427
16320 4554 4915 3625 4553
16321 6272 2155 2234 2121
16322 6623 2234 2231 2121
16323 2594 1613 1627 272
16324 249 2231 248 6606
16325 1294 6073 1323 6973
16326 6133 2063 2037 2041
16327 5764 2176 2198 2136
16328 6407 2057 2075 2110
16329 5873 2057 2014 2032
16330 3313 4065 4782 3246
16331 6521 5261 808 815
16332 5495 5262 6327 5485
16333 5257 6870 5741 843
16334 4427 6830 4386 3147
16335 2229 2416 6311 6725
16336 6324 2229 210 2277
16337 6312 6324 6376 2277
16338 5259 5262 6376 2381
16339 7089 2355 2293 2292
16340 7233 2264 7074 7234
16341 4259 2240 2204 2172
16342 5380 5381 750 4769
16343 4460 7217 2281 2239
16344 4799 5342 7176 2105
16345 3499 6885 6561 6562
16346 4427 3146 4386 6544
16347 4856 4427 4428 3149
16348 4427 4066 4121 5402
16349 6972 2164 2135 2124
16350 5356 2172 2132 2099
16351 6416 6992 1322 3790
16352 4237 4238 4187 4244
16353 6920 6907 6937 1310
16354 2642 2643 2645 3781
16355 4856 3148 4855 4535
16356 5342 7176 2105 2134
16357 7040 2124 2063 2065
16358 2310 2331 7214 2275
16359 4836 6649 5181 3592
16360 4314 4936 7071 1483
16361 6663 7149 7144 7158
16362 7158 7149 7144 7091
16363 4836 4838 4003 7158
16364 7072 2066 2070 2106
16365 7017 5696 6000 1568
16366 4046 4051 4194 4060
16367 4836 4838 7158 6663
16368 6767 1579 1534 1558
16369 6767 1503 1558 1534
16370 854 225 847 6579
16371 6979 1531 1503 1471
16372 2257 4162 5549 4163
16373 4836 7091 6635 7149
16374 4090 3190 3177 3183
16375 3105 5919 3185 3176
16376 4168 2255 2178 2257
16377 4209 2261 2187 2213
16378 1433 1394 6584 1465
16379 4161 2335 6934 5062
16380 5070 2389 2361 2335
16381 4088 3183 4093 4090
16382 7030 1465 1394 1426
16383 4641 5370 7240 5018
16384 2709 5221 2711 2710
16385 3183 4093 5864 3185
16386 3183 4093 4090 5864
16387 2104 2044 7122 2100
16388 4812 2216 2256 2183
16389 3360 6001 5658 4399
16390 5760 840 5893 5503
16391 5987 6149 5990 3696
16392 4440 6642 6045 6302
16393 4814 2180 2141 2108
16394 3323 3522 3669 3363
16395 6591 2408 2394 2369
16396 5176 5249 4537 4489
16397 7229 2220 2191 2154
16398 2423 322 323 2372
16399 3903 3152 4855 3964
16400 6074 5231 6073 4528
16401 4914 2150 2111 2074
16402 6855 5202 6727 1401
16403 6958 2151 2221 2188
16404 4179 4596 4664 6013
16405 7241 1970 1964 1986
16406 4807 2216 2141 2180
16407 7160 1970 2015 1994
16408 4596 4664 6906 4536
16409 4000 4664 5231 6013
16410 3668 4490 4485 4542
16411 5366 5312 1391 1469
16412 6124 1185 6581 5748
16413 4664 4529 4527 4528
16414 6378 1209 6377 1229
16415 5760 5503 223 840
16416 6595 6581 6721 1615
16417 5260 5261 814 807
16418 5822 2110 2143 2185
16419 3655 4527 4664 4536
16420 6346 5215 668 684
16421 4423 4687 4688 6475
16422 4687 4415 3482 3484
16423 5795 4435 7227 5784
16424 5510 5509 5838 5827
16425 4687 3484 3483 6203
16426 6482 197 1654 1601
16427 1654 6482 764 780
16428 6925 2159 2107 2082
16429 4687 4422 4688 6180
16430 4687 3483 6180 6203
16431 4410 4422 4687 4413
16432 4687 6180 5333 6011
16433 4552 6406 5675 4558
16434 5582 326 2251 2317
16435 5582 2299 2251 326
16436 4319 4657 4803 5052
16437 5203 3241 5005 3127
16438 2484 5904 7242 5905
16439 3773 4552 6407 7192
16440 6646 5583 2450 2434
16441 2299 2323 5538 2272
16442 6061 2467 2466 2450
16443 3422 4685 4686 2652
16444 5717 5722 5725 5724
16445 6482 748 6457 5459
16446 7227 7142 5772 2290
16447 6829 4384 4655 6913
16448 2865 2718 2859 2716
16449 3284 5725 3285 5311
16450 5703 5936 5705 5704
16451 4769 4036 4039 3267
16452 4070 4069 4068 1354
16453 5256 5703 5713 6450
16454 6972 2063 2124 2135
16455 3828 3835 3837 3829
16456 4854 4394 6452 6886
16457 5053 6932 7118 6908
16458 4296 6920 1295 1306
16459 4854 4555 4562 5712
16460 6911 6910 7057 4936
16461 6081 2136 2095 2139
16462 4683 4854 7021 6433
16463 4854 4562 7021 6886
16464 4855 4535 3148 6556
16465 4518 7152 4595 4587
16466 2758 2761 4316 2759
16467 2992 3000 2991 3807
16468 3313 3322 3319 4782
16469 4415 4423 4410 3222
16470 5422 4421 4410 4422
16471 6084 5312 7024 5313
16472 5135 1547 1520 1491
16473 5312 1495 1450 1469
16474 4415 4928 4931 4867
16475 4931 4415 4867 5689
16476 6956 1520 1547 1567
16477 4552 5675 7192 3773
16478 4293 4654 4655 4384
16479 4443 3068 3067 3683
16480 5342 2134 2105 2093
16481 4993 7142 2294 6957
16482 5334 2064 2128 2093
16483 3684 4606 6881 4845
16484 3684 6881 6209 5886
16485 3347 3349 3677 4630
16486 5895 4539 6182 6181
16487 6482 1656 197 1601
16488 6577 6482 6481 6464
16489 6776 2012 2066 2050
16490 2105 7072 2070 2106
16491 5675 4558 6406 7126
16492 7067 2097 2098 2050
16493 3067 3683 5886 4443
16494 4209 2298 2261 2213
16495 4605 5092 3067 6209
16496 6482 1601 6481 6464
16497 6850 7205 7206 6981
16498 6182 5941 5128 5527
16499 6174 2209 2190 2224
16500 4605 4371 4050 4913
16501 7243 2126 2092 2060
16502 7125 2324 2284 2237
16503 6182 5941 4368 7163
16504 4471 2190 2179 2224
16505 5176 5249 7233 6173
16506 7244 2211 2250 2266
16507 7032 1463 1490 1426
16508 5894 6027 5563 6747
16509 4746 6775 3455 4720
16510 7245 2295 6253 2310
16511 6931 7058 6914 1481
16512 6775 2050 6776 4719
16513 4554 3625 4915 4559
16514 7243 2163 2092 2126
16515 6752 2217 2165 2163
16516 1271 6073 1294 6879
16517 6775 4720 4719 6776
16518 7079 1527 1576 1549
16519 6360 729 728 712
16520 6775 6776 2050 2012
16521 7024 1462 1527 1500
16522 2297 6372 6067 6451
16523 3867 1670 1647 1576
16524 6419 1581 1576 1533
16525 6357 1533 1555 1464
16526 7241 1986 1964 2016
16527 3455 5928 6775 5929
16528 7246 2141 2183 2151
16529 3455 6776 6775 5928
16530 6123 4994 4813 6957
16531 4818 2141 2072 2108
16532 6211 2193 1994 2015
16533 4818 2141 2151 2072
16534 5675 4558 7126 2712
16535 7049 2259 2263 2182
16536 5585 2424 2440 2423
16537 3576 2691 3577 3935
16538 5062 2361 2298 2335
16539 3497 4797 3337 3498
16540 2747 2606 2734 1640
16541 7247 4898 4900 6201
16542 1593 1591 6944 1575
16543 3448 4345 3335 3334
16544 6944 1593 1596 1579
16545 4850 2711 5675 5873
16546 3300 4346 3334 6153
16547 3162 3164 3861 3163
16548 7034 2309 2311 2266
16549 5559 5561 5734 2208
16550 3334 4346 6160 6153
16551 3300 3334 3302 3301
16552 4893 2048 5489 2111
16553 5496 5566 2046 2076
16554 5675 3773 3774 5873
16555 5433 7248 6799 1249
16556 6375 5784 2339 6478
16557 6067 2334 2297 2360
16558 7219 2390 2402 2358
16559 3970 4859 5401 4869
16560 3333 3334 3301 3302
16561 4345 3335 3334 6160
16562 7249 2252 2185 2212
16563 4818 4814 2108 7048
16564 3277 2415 603 2413
16565 6982 7010 7002 4306
16566 6492 3476 6222 3473
16567 6121 5419 105 1770
16568 6121 6596 1796 5855
16569 6121 1796 6596 1799
16570 680 5162 663 679
16571 680 679 696 5162
16572 6336 1816 1801 1775
16573 6121 5856 1796 1785
16574 4813 2253 2216 2180
16575 1622 3866 1666 1670
16576 7065 1549 1500 1527
16577 6371 1670 1581 1655
16578 7250 2341 2305 2256
16579 5526 665 4611 681
16580 6302 6642 6045 2248
16581 5164 3457 3481 3844
16582 7065 1549 1529 1500
16583 6121 1785 5911 5856
16584 4246 3057 4239 4243
16585 4757 2104 2140 2076
16586 5734 2175 2140 2104
16587 5560 2130 2104 2100
16588 5080 5026 4996 5017
16589 6525 4491 4341 4492
16590 4243 3058 3937 6733
16591 4237 4245 4244 5266
16592 3920 5136 5236 7093
16593 6879 6806 1294 1256
16594 4193 5282 5283 5284
16595 2812 3054 2817 2819
16596 7020 2101 2078 2042
16597 6421 2142 2078 2101
16598 7237 2174 2101 2149
16599 3067 6710 6763 6868
16600 7020 2084 2101 2042
16601 4243 3058 4239 4615
16602 4492 2693 2691 3879
16603 5876 3937 6331 5283
16604 4860 6437 6900 6342
16605 4860 6344 6437 6342
16606 4860 5511 5569 4861
16607 4860 4862 5511 4861
16608 3673 3689 3663 3648
16609 4139 4937 7057 4941
16610 7014 7015 7013 4860
16611 4394 5746 4396 5256
16612 6252 2261 2336 2295
16613 4853 5256 4854 4394
16614 2747 7002 1662 4306
16615 3943 3834 3945 3952
16616 5561 2140 2208 2181
16617 5734 2175 2211 2208
16618 5159 5102 1595 1566
16619 2747 7037 1662 7002
16620 4290 3462 991 260
16621 7191 2171 2127 2138
16622 5704 5711 6450 5703
16623 5734 2175 2208 2140
16624 5100 5168 5936 3947
16625 5705 5100 5936 4557
16626 2936 1436 1507 1560
16627 4545 4561 4557 5100
16628 3087 4452 3446 4466
16629 2967 1559 1585 1507
16630 4557 4555 5712 4561
16631 5936 5168 6995 5867
16632 7093 1535 3933 1636
16633 3054 2750 4466 3446
16634 6779 5997 1539 1556
16635 4628 1591 1579 1558
16636 4093 5856 6568 5458
16637 2295 7245 6253 6249
16638 7041 7032 1490 7190
16639 4511 4640 6517 4834
16640 4899 2186 2220 2154
16641 6646 5539 5583 2299
16642 6297 5583 2435 2451
16643 5097 5575 5099 5554
16644 4584 4136 6305 7071
16645 7049 2259 2219 2303
16646 4584 4723 6779 7029
16647 7220 2219 2182 2145
16648 2303 7220 6655 2219
16649 4081 5502 5487 5715
16650 4974 5077 6585 6979
16651 6455 6892 1299 1332
16652 4584 4078 4585 7029
16653 4908 5255 5575 5236
16654 3905 4640 5370 5194
16655 7034 2311 2303 2254
16656 7029 4584 5790 4585
16657 6312 2228 2194 2277
16658 7048 4252 6959 4251
16659 6312 2194 2229 2277
16660 6521 7056 809 5382
16661 6249 2210 2261 2295
16662 7251 2210 5429 6422
16663 5562 2261 2210 2187
16664 2289 2292 7089 7252
16665 4444 5454 5490 3602
16666 5047 5050 3979 4873
16667 4809 4251 4815 4814
16668 4251 4814 4253 4815
16669 3462 2561 3173 4195
16670 991 6494 3173 4290
16671 2085 4407 5356 2034
16672 6706 1140 5430 1173
16673 7224 2238 2166 2201
16674 5250 2287 2249 2283
16675 3502 6562 6897 3501
16676 3501 6562 6897 6885
16677 5434 407 401 402
16678 6203 2162 143 2122
16679 4927 4931 4415 4928
16680 6203 513 3437 520
16681 6885 3501 6831 7019
16682 6203 143 3437 513
16683 7060 3502 6897 3501
16684 6295 5856 6121 6122
16685 3050 4858 4116 3091
16686 3889 4353 3007 4745
16687 6369 2160 2230 2162
16688 5526 681 664 665
16689 6363 5459 732 748
16690 6295 4153 7130 3109
16691 3501 6831 3335 3499
16692 3501 7060 4356 7019
16693 4710 4715 3927 5234
16694 6373 2390 2358 2334
16695 3459 3913 3457 2406
16696 5462 2226 2161 2195
16697 4050 5839 4911 4913
16698 5385 606 5386 2377
16699 5354 731 6457 747
16700 2270 6800 5462 2316
16701 2316 6800 5462 6350
16702 2279 2234 934 941
16703 2279 2234 250 934
16704 5586 4715 7139 5234
16705 5337 2093 2167 2134
16706 4715 7139 5234 4048
16707 4048 4881 7139 4049
16708 5280 2166 2196 2128
16709 6910 7057 1546 1480
16710 3461 2577 262 3462
16711 2171 7184 2138 7191
16712 3462 2561 4195 2577
16713 3912 6515 4772 5379
16714 3912 6439 6460 6540
16715 3912 6439 5381 4772
16716 2200 5429 7214 2246
16717 7253 4209 2298 2261
16718 5365 1381 5384 1324
16719 4032 5067 3865 5069
16720 3475 3888 7250 6388
16721 6388 3473 5432 3475
16722 4093 4090 5864 5458
16723 5425 2200 2275 2217
16724 6421 2078 2142 2126
16725 5560 2130 2175 2104
16726 3475 3888 3844 7250
16727 4719 2130 2067 2098
16728 991 4290 984 6494
16729 4662 5723 4663 4676
16730 3472 3477 3481 3480
16731 7214 6253 7143 2310
16732 4033 4036 6514 4037
16733 6752 2165 2092 2163
16734 4471 2152 7176 2179
16735 3481 3475 5301 3844
16736 6999 6289 7081 1540
16737 6222 3477 5432 3473
16738 3477 5432 3473 3475
16739 3468 6264 4254 6140
16740 4383 7087 5331 4388
16741 2928 3247 3246 3249
16742 6957 2206 2137 2241
16743 7024 1462 1500 1469
16744 4279 6256 6380 4440
16745 6040 4439 6380 6046
16746 6040 6043 4439 6045
16747 6262 7007 7085 7133
16748 4130 4439 6380 5918
16749 4130 3255 4320 6380
16750 7067 2127 2098 2097
16751 2678 2676 3129 4198
16752 6655 2266 2254 2208
16753 3107 3105 3109 4153
16754 6631 6845 3090 6884
16755 5337 2197 2134 2167
16756 3153 4215 6631 4855
16757 5246 2249 2281 2329
16758 4538 2204 2283 2243
16759 7254 2238 2201 2288
16760 6631 3091 6884 3090
16761 6631 4215 6889 6901
16762 3105 6295 3185 6862
16763 5248 2243 2283 2329
16764 4116 6901 6631 6861
16765 7086 4388 6150 5331
16766 6468 6791 1421 6467
16767 6809 3302 3308 3307
16768 3183 5864 4090 3190
16769 4994 2301 2253 2332
16770 2992 3711 3808 3807
16771 7101 2169 2203 2173
16772 6074 6073 6973 4529
16773 7176 2179 2152 2134
16774 4796 6562 6561 4798
16775 4195 1005 3173 3462
16776 3005 3333 4356 6809
16777 6809 7036 4356 5127
16778 5778 5777 5779 6634
16779 5620 6809 5619 4356
16780 3126 3931 3131 3125
16781 5204 3128 3934 1563
16782 6726 2222 2159 2191
16783 6933 1526 1547 1491
16784 3671 4089 4756 4090
16785 7040 2136 2164 2124
16786 4785 5405 6990 5872
16787 6990 4785 4784 5405
16788 5313 1450 1495 1526
16789 5278 2247 2325 2285
16790 7255 2198 2245 2164
16791 3173 998 3172 6494
16792 4418 6921 5884 6503
16793 4785 3998 4782 5872
16794 4994 2332 3880 2301
16795 3248 4784 4785 5405
16796 4960 2218 2262 2186
16797 4785 3247 5405 5872
16798 3242 2563 2564 2580
16799 5352 5868 5867 5704
16800 6950 6989 5706 1363
16801 3015 3054 3013 3087
16802 2678 3125 3511 3124
16803 3760 5467 3741 725
16804 2367 2350 167 595
16805 169 168 597 2371
16806 4064 3125 4389 5424
16807 6294 2349 2268 2314
16808 6148 5616 6136 6146
16809 2928 4785 3247 5405
16810 3409 5887 5915 5892
16811 4898 2262 2220 2186
16812 6586 6585 1471 1396
16813 3409 5915 5887 5896
16814 7146 6202 5084 7145
16815 3410 3861 3859 3411
16816 5616 4253 5614 6134
16817 6200 4907 5098 6183
16818 5088 2471 2487 2470
16819 4942 5575 6727 5202
16820 4974 7043 7256 6585
16821 6746 4209 2213 4168
16822 6185 2182 2263 2218
16823 6133 6677 7211 5614
16824 6184 2263 2344 2307
16825 3412 5091 6652 5910
16826 3412 6334 3407 6333
16827 6390 668 652 669
16828 6801 2271 2228 2321
16829 2407 176 2352 604
16830 6390 5215 652 668
16831 6315 2352 2316 2270
16832 3409 5915 6333 5897
16833 3565 5457 5614 6677
16834 606 5386 5387 5385
16835 5616 5614 5457 6133
16836 3439 3802 4420 4236
16837 2882 5388 655 671
16838 5060 2202 2172 2131
16839 3708 2847 2850 3556
16840 2657 2655 2656 2702
16841 2847 2850 3556 2844
16842 5335 5280 2128 2166
16843 6841 2205 2168 2243
16844 6874 7075 1541 1458
16845 4631 7040 6972 6133
16846 5247 2286 2243 2281
16847 7006 6906 4875 6805
16848 3461 1005 4195 3462
16849 3440 5143 3441 6088
16850 6999 7151 7152 1548
16851 6073 6879 1271 1298
16852 6973 6073 1323 4529
16853 5431 2289 2217 2275
16854 4765 2168 2132 2204
16855 4252 6922 6134 4253
16856 4253 6922 6134 5616
16857 3443 5252 5253 3549
16858 7062 7207 2237 7125
16859 4781 3803 6630 3489
16860 3488 4781 3489 3803
16861 5740 6721 6535 3141
16862 5575 5099 5554 5195
16863 6250 6232 658 4889
16864 2347 596 2371 2828
16865 5195 5554 5204 5203
16866 5195 4942 5201 5202
16867 6224 2312 165 2322
16868 5614 5457 6133 6677
16869 3243 6232 643 3893
16870 6164 2160 2273 2230
16871 4942 6727 5556 5866
16872 5428 625 626 642
16873 6158 2350 2312 2273
16874 5532 4885 690 706
16875 5198 5195 5197 5201
16876 6638 5281 255 2465
16877 4909 4908 4906 5108
16878 6957 2294 2206 2245
16879 6299 3860 5923 5960
16880 4813 2206 2180 2137
16881 3565 6676 5614 4252
16882 5614 6676 6134 4252
16883 6413 1560 1611 1652
16884 6348 5923 3860 6349
16885 6962 2318 2366 2340
16886 7137 6682 7257 6681
16887 2526 3726 4362 2510
16888 5547 6092 1691 1698
16889 6781 2236 2232 2280
16890 5586 2236 2280 2318
16891 6638 6235 5281 2465
16892 2199 7191 2127 2170
16893 7184 2171 2138 2190
16894 7184 2138 7191 7183
16895 6640 6646 5540 6235
16896 5960 5962 6349 5923
16897 5960 3383 5962 5940
16898 6947 5348 7186 1331
16899 6421 2200 2163 2142
16900 5960 3383 5940 5961
16901 6784 6964 2184 6744
16902 5210 6677 7211 6133
16903 1453 1482 1513 4587
16904 6470 5598 4734 4735
16905 7217 2330 2281 2239
16906 4589 4736 4739 6882
16907 7232 2201 2166 2129
16908 4851 4852 4849 1292
16909 7231 2129 2166 2096
16910 7023 7081 1516 7151
16911 5763 7255 4631 6081
16912 6145 1587 1543 1547
16913 3915 4590 4935 5189
16914 3003 4313 4479 4481
16915 7224 2166 2238 2196
16916 6148 6146 6147 6957
16917 4366 4368 6182 5527
16918 4539 5128 7163 5967
16919 6046 2291 2248 2203
16920 6642 2173 2203 2248
16921 5278 2247 2286 2325
16922 6235 6638 6639 2433
16923 6302 2326 2288 2248
16924 6382 2328 2225 2177
16925 6819 4539 5963 6181
16926 4724 5594 6737 4313
16927 4734 5595 5598 5594
16928 4734 4739 4736 5595
16929 4363 5130 5147 5525
16930 3571 3178 2727 2610
16931 6638 6639 2433 253
16932 4539 7163 6181 6819
16933 6963 3602 1359 1300
16934 2985 2982 3811 4364
16935 4363 7156 5130 5525
16936 4259 2172 2204 2132
16937 5060 2131 2172 2099
16938 7125 2237 2284 2202
16939 3518 5695 5696 6000
16940 4363 4257 5130 7156
16941 5778 5293 5220 5218
16942 6104 4696 6265 6607
16943 2357 2332 3882 2370
16944 6104 4696 6607 5295
16945 5772 2244 2247 2285
16946 3851 5128 4539 5967
16947 4508 4507 6177 3082
16948 5764 2290 2245 2198
16949 7076 2176 2205 2247
16950 5075 6115 4249 3691
16951 4587 7152 6935 6290
16952 4505 4507 4509 4701
16953 4011 4002 4508 6177
16954 6177 6669 4013 7258
16955 6177 4013 6679 4006
16956 4011 4004 4006 6176
16957 7217 2330 2325 2286
16958 7076 6842 2247 2205
16959 4429 4430 4403 5251
16960 7101 2203 2169 2225
16961 5251 4429 4430 4431
16962 7101 2169 2173 2102
16963 1524 6289 1541 6874
16964 6382 2225 2328 2203
16965 7063 1574 7061 1571
16966 2169 7101 2225 2144
16967 5251 4442 4429 6702
16968 5251 6703 4449 4442
16969 6794 3508 2068 2006
16970 3507 7215 7216 3996
16971 4475 5253 4018 5801
16972 4449 5251 4475 6699
16973 4540 4539 5963 5966
16974 5248 2329 2283 2249
16975 6932 6806 6879 1256
16976 6841 2205 2243 2286
16977 6551 4896 6890 5907
16978 6891 6599 6566 6559
16979 6599 6559 913 912
16980 5248 5247 6841 2243
16981 1298 6879 6974 5408
16982 6891 6531 6599 6890
16983 3603 4258 2865 6788
16984 6891 6599 6559 6890
16985 5818 6564 6670 6616
16986 3887 2301 4812 3880
16987 6134 6955 2103 6133
16988 5818 6670 6564 2976
16989 5439 1347 5245 1372
16990 663 662 3480 5460
16991 645 644 661 2829
16992 6599 6531 6670 5802
16993 4358 3200 4539 5835
16994 5672 4728 337 5694
16995 4611 3459 633 5526
16996 5672 4727 1783 4729
16997 4850 3318 5224 5901
16998 7250 2341 2364 2305
16999 6067 2338 2360 2297
17000 2791 3539 6774 3542
17001 6041 2207 2333 2328
17002 5157 6516 5681 6528
17003 669 4774 686 670
17004 175 2415 603 604
17005 601 2414 2413 173
17006 5535 5545 2788 5541
17007 3538 6582 5697 3545
17008 5672 1783 51 331
17009 5433 7248 1314 1341
17010 3277 2413 2391 2415
17011 5432 2374 2348 2305
17012 6391 6774 3539 6601
17013 7065 7024 1527 1500
17014 4993 2253 6957 2294
17015 5485 5259 5495 5262
17016 5134 5312 5313 1450
17017 7061 6374 5003 6436
17018 7063 1574 1589 7061
17019 656 5495 640 6327
17020 2397 6593 2443 2444
17021 5484 5485 5438 672
17022 6681 2340 2378 2302
17023 6591 2369 2397 2408
17024 6682 2460 6499 5177
17025 5485 6335 672 656
17026 5483 5485 5438 5484
17027 5485 6335 5260 5438
17028 2442 6428 2408 2426
17029 7055 1604 1658 1584
17030 6352 3612 3610 5692
17031 664 663 680 5162
17032 2445 2444 2409 2428
17033 2267 2215 4952 2192
17034 5672 332 51 52
17035 6962 6961 2366 5441
17036 2300 2335 4161 2255
17037 5455 2362 2392 2386
17038 5455 2362 2356 2392
17039 6426 2475 2474 2458
17040 6385 6370 711 6787
17041 6934 2363 2404 2389
17042 728 712 711 6385
17043 319 6428 2394 7259
17044 3480 6370 679 5162
17045 6370 3480 6385 5162
17046 5077 6766 6586 6979
17047 5672 52 1783 1789
17048 6945 6944 6943 1596
17049 679 5162 663 3480
17050 7257 6682 2445 2461
17051 6370 696 6385 712
17052 4113 4886 5350 3174
17053 5350 4113 528 4929
17054 5543 1303 4844 5886
17055 5350 528 529 536
17056 529 4113 3174 522
17057 6218 2456 5585 2440
17058 4113 514 3437 2278
17059 4113 5350 528 529
17060 4160 5125 4343 3033
17061 6210 2047 7160 6970
17062 4343 6644 5125 4160
17063 6317 6644 5125 6207
17064 4871 2223 2158 2153
17065 4022 2268 2223 2188
17066 3519 3521 3804 3803
17067 6157 2315 2269 2223
17068 6079 6170 6080 3804
17069 4164 6076 4333 4160
17070 3805 6197 6170 3804
17071 3802 3804 6080 3803
17072 4337 3580 6122 6680
17073 4334 3032 4336 3201
17074 7183 2152 2190 2138
17075 5275 4459 5336 5280
17076 4469 2179 2197 2249
17077 4469 2224 2179 2249
17078 6309 5650 5419 4338
17079 4247 6586 2937 5550
17080 6309 106 5419 6017
17081 5175 4461 5246 4469
17082 7200 7201 7260 2060
17083 5753 4485 4486 4537
17084 7074 2284 2324 2264
17085 7233 2264 2224 2287
17086 5425 2200 2217 2163
17087 7252 2292 7089 7090
17088 7062 2217 2237 2165
17089 3875 5310 7200 5060
17090 7062 2217 2289 2237
17091 6231 1438 6657 1476
17092 5913 6100 6070 6309
17093 6119 6089 552 6244
17094 6036 6193 6088 6119
17095 6119 574 6036 2778
17096 5582 5583 2299 2418
17097 4727 1783 1789 5672
17098 6119 553 552 6089
17099 6119 6244 559 566
17100 5387 6316 5386 2377
17101 1781 2 329 25
17102 5387 2377 606 605
17103 6320 2319 2227 2271
17104 5386 2319 2271 2377
17105 6158 2350 2273 2320
17106 5320 5965 496 497
17107 1818 4727 1783 1789
17108 6443 771 6444 1628
17109 6158 2350 595 611
17110 6159 6250 6471 675
17111 6224 5427 3243 2312
17112 5320 3698 6127 5965
17113 2964 3282 3284 3283
17114 5662 2500 2499 2483
17115 4094 6570 5626 5636
17116 7242 2484 2483 2467
17117 4094 5161 2643 5626
17118 2986 3272 3273 2857
17119 4094 4093 5458 4090
17120 5128 5271 6785 3852
17121 650 5214 634 7070
17122 2644 4094 5636 4090
17123 4035 6315 5646 5294
17124 5462 2270 5500 6800
17125 5952 5482 4039 5953
17126 7214 2310 2275 2246
17127 6422 2200 2174 2246
17128 4678 4281 4278 4280
17129 5279 4279 6302 6641
17130 5279 4280 7035 6302
17131 2921 3425 3427 5336
17132 7245 2246 2210 2295
17133 7203 1445 6427 6379
17134 2916 4280 4281 5171
17135 5275 5171 4347 6842
17136 6504 2013 7211 6021
17137 2690 2694 2700 2691
17138 2916 5279 5275 5336
17139 7203 6497 6903 1440
17140 4917 7203 6497 6903
17141 7077 2168 2205 2139
17142 7203 7204 1341 6379
17143 5392 4378 972 973
17144 7077 2205 2176 2139
17145 5759 1007 2729 1233
17146 6803 6735 5816 6668
17147 5759 5816 1000 1007
17148 7024 5312 1495 5313
17149 6005 5858 5857 6813
17150 2073 6922 2016 7048
17151 3818 2341 2256 2301
17152 4378 5524 980 973
17153 3882 2301 2332 2357
17154 4994 2253 2301 2216
17155 4964 5069 7079 6985
17156 7024 1469 1500 1495
17157 3198 3283 3285 6686
17158 4378 2729 986 987
17159 4804 3821 2960 4212
17160 7191 2171 2199 2127
17161 4378 980 5524 987
17162 2729 5524 987 4378
17163 7233 2209 2224 2264
17164 6974 5373 1272 1298
17165 5759 1073 5453 5450
17166 6626 7103 5772 7078
17167 4378 4377 4380 979
17168 3550 3443 3549 4752
17169 5647 5228 5640 5648
17170 5280 2196 2167 2128
17171 5647 6301 4462 5299
17172 5448 6508 6507 5451
17173 6301 4752 3550 4462
17174 7261 7027 7000 6436
17175 7262 2170 2211 2175
17176 2729 4377 986 5759
17177 4010 3082 3376 6177
17178 7244 2250 2211 2199
17179 5712 4561 1489 1522
17180 7234 2289 2292 2324
17181 3645 2456 3644 6218
17182 6218 3645 6018 3632
17183 4798 7072 2070 2105
17184 5246 4460 2281 2197
17185 7117 2242 2199 2171
17186 2209 7117 2171 2242
17187 2649 5723 2071 2036
17188 6842 2205 2286 2247
17189 4500 7154 7009 7058
17190 2131 2165 5060 2202
17191 3645 3662 2505 2489
17192 4260 2240 2172 2202
17193 3427 3433 3431 5335
17194 6303 2327 2244 2285
17195 6025 6810 1171 1218
17196 5772 2244 2198 2176
17197 3645 2473 3662 2489
17198 5311 5722 7213 7260
17199 7125 2289 2324 2237
17200 3645 2505 3663 3646
17201 3662 3632 3645 3663
17202 3277 4790 5254 5216
17203 6990 5872 5821 2057
17204 6743 2214 2178 2146
17205 5549 2214 2258 2308
17206 3645 2504 3646 3644
17207 3903 4116 4856 4855
17208 4059 5233 5232 4372
17209 3496 3499 3502 3501
17210 6820 7163 6181 6030
17211 4369 6205 4372 4367
17212 5212 2490 2474 2491
17213 6592 2443 6426 2408
17214 3091 6884 3090 6772
17215 7067 7262 2170 7191
17216 4744 3091 6292 4858
17217 3838 3056 3649 2569
17218 5172 7096 6979 7256
17219 6292 3091 6861 4858
17220 2972 3030 3970 4848
17221 3634 2410 2389 2404
17222 2919 3429 3428 3423
17223 3678 2490 2489 2473
17224 3496 3503 3502 3498
17225 3898 4500 4513 7116
17226 3056 3920 4600 3085
17227 5179 5177 2508 2492
17228 2907 2904 3365 5725
17229 3604 3601 4516 4802
17230 4460 2197 2239 2281
17231 4139 6914 4941 7057
17232 4936 6467 1483 1421
17233 2862 2861 2860 3605
17234 6517 7223 4834 4640
17235 6130 2346 2306 2259
17236 3450 4932 3449 3482
17237 4841 1436 4223 2935
17238 3449 3608 4929 4932
17239 6943 1553 1535 1580
17240 5181 6925 6267 5813
17241 2200 5429 2246 6422
17242 3450 3452 4883 4928
17243 5455 6247 6246 6253
17244 5030 6917 6666 6777
17245 2266 6655 7034 7099
17246 3449 4883 3450 3452
17247 6389 2348 2314 2265
17248 3482 3437 4932 4929
17249 4415 5689 4931 3484
17250 6359 2359 2385 2388
17251 6446 2364 2402 2395
17252 5163 648 664 647
17253 3743 3741 6330 3762
17254 7250 2374 2305 2364
17255 6446 2364 2341 2385
17256 4927 6196 3482 3451
17257 4927 3482 4415 4931
17258 6388 2305 2265 2256
17259 6357 5366 1428 1462
17260 5993 4778 7122 7059
17261 6492 2376 2349 2314
17262 6446 2364 2385 2402
17263 7018 2374 2395 2406
17264 4589 5588 4737 5393
17265 3684 3693 4845 5886
17266 4108 3263 1600 1631
17267 2517 5663 2501 2500
17268 4737 4693 4935 5782
17269 3398 5292 1627 4156
17270 2452 4997 2469 2453
17271 2436 6297 5904 5573
17272 4737 5189 5782 4935
17273 3557 3227 3233 4122
17274 4606 4840 6840 7109
17275 3915 4695 4933 4935
17276 5557 5255 6893 6727
17277 5189 6770 4935 4228
17278 5333 6196 548 541
17279 5577 6729 5355 6728
17280 5757 6950 5706 6450
17281 6950 6875 5757 6854
17282 5060 5356 2099 2172
17283 4260 2284 2240 2202
17284 6475 3222 4425 4423
17285 4775 229 1086 1105
17286 5249 2287 2224 2249
17287 7184 2209 2171 2190
17288 4957 6603 6852 6356
17289 4687 3483 5333 6180
17290 7263 2292 2209 2264
17291 5333 534 3483 6196
17292 4530 4529 1356 6073
17293 3899 4517 6914 7058
17294 5558 4757 5561 5566
17295 5333 6011 533 540
17296 5057 4681 6944 5058
17297 253 6638 6639 935
17298 6209 4606 6685 6840
17299 3643 6187 3644 5237
17300 6604 6640 6656 956
17301 3672 7092 4679 6945
17302 3647 3663 3673 5011
17303 5105 5057 5109 5136
17304 3673 4679 5057 3648
17305 5055 5109 5166 5103
17306 2352 2377 605 177
17307 5055 3674 4681 5057
17308 6316 2352 2377 605
17309 6996 2352 2319 2377
17310 1486 7082 6914 4941
17311 3818 2385 2341 2357
17312 7254 2238 2288 2285
17313 6425 5397 6338 6719
17314 6957 2294 2253 2206
17315 2325 2238 5278 2285
17316 7224 2282 2196 2238
17317 1367 7087 1431 4387
17318 6338 4775 6688 6341
17319 6338 6341 6567 4775
17320 6425 6719 6338 5684
17321 4460 2239 2197 2167
17322 6289 7081 1540 1541
17323 7196 2282 2239 2196
17324 6338 3731 6340 5684
17325 7007 1587 1547 1542
17326 6338 6340 3731 6567
17327 6290 4587 1536 6935
17328 4843 7109 4842 4839
17329 6303 2327 2285 2288
17330 6340 6339 5683 2787
17331 6340 6341 6567 6338
17332 6255 7102 7215 7101
17333 7102 2102 2173 2129
17334 5628 6340 6341 6567
17335 6994 2353 2387 2326
17336 6304 2353 2326 2291
17337 4483 2337 2293 2331
17338 3619 3622 6120 5023
17339 6365 6262 7085 7133
17340 5997 5996 5995 1539
17341 7117 2250 2199 2242
17342 3618 3621 4793 6120
17343 6120 5461 5329 4794
17344 3621 3626 4982 4983
17345 4126 3421 4125 4127
17346 2264 2292 7234 7263
17347 6283 6120 5118 6128
17348 4721 7067 4719 6776
17349 3619 3616 3625 4917
17350 6283 6282 5270 6284
17351 3095 3098 3103 3102
17352 6041 2333 2354 2328
17353 4985 5329 3621 5118
17354 4385 4387 1444 1431
17355 4538 2204 2240 2283
17356 3850 3865 3867 3849
17357 4958 3849 7239 4101
17358 5250 2240 2287 2283
17359 228 868 867 1086
17360 3849 6476 3850 7239
17361 6303 2327 2288 2326
17362 4742 4743 5135 5797
17363 5139 5135 6072 1427
17364 7227 2290 2244 2327
17365 5764 7255 2198 2245
17366 5414 6778 6476 7239
17367 6778 6476 7239 3850
17368 4529 6973 1357 1323
17369 6642 2201 2173 2248
17370 5772 2244 2176 2247
17371 6446 3844 7250 2374
17372 7249 2252 2207 2185
17373 3850 3866 6401 6400
17374 4921 3850 6400 6778
17375 7199 2207 2328 2177
17376 5820 7264 6381 7199
17377 4815 6146 4813 4814
17378 5079 5797 7133 5135
17379 7034 2311 2254 2266
17380 3643 6218 3645 3644
17381 5105 3673 3648 3689
17382 3672 3842 3648 3650
17383 4483 2309 2293 2337
17384 5797 6140 5079 7133
17385 6719 5756 6567 854
17386 2254 6655 2303 7034
17387 3631 7140 3632 3634
17388 7243 6752 7200 2092
17389 3471 5797 6264 5079
17390 3675 3690 3631 7140
17391 853 4775 860 5756
17392 3631 5054 5070 5056
17393 638 5387 654 5388
17394 6462 1510 4863 6497
17395 5004 7063 7239 7061
17396 4773 749 6481 6363
17397 5387 654 5388 4038
17398 7033 2351 2346 2303
17399 2266 7244 7098 7099
17400 4038 5387 653 3268
17401 669 670 653 3268
17402 3471 6264 5797 4254
17403 4774 4038 4039 5952
17404 4774 4038 670 3268
17405 4038 670 654 5952
17406 6154 5020 5878 3114
17407 2310 6253 7143 2356
17408 6154 5701 6190 6824
17409 6130 7198 6032 2365
17410 1521 6946 1544 7265
17411 6154 6190 5701 5082
17412 7124 7089 2289 2331
17413 4959 2150 5487 2145
17414 7197 2389 2410 2379
17415 2356 6253 7143 2362
17416 6200 5088 4996 5084
17417 5083 6200 5119 6183
17418 5080 5238 5081 5098
17419 2428 317 2397 2409
17420 6593 2444 2460 2443
17421 3094 5017 5097 5098
17422 5481 5441 2431 2447
17423 6682 2460 2444 2461
17424 1279 1241 5886 1303
17425 6682 6954 6681 2368
17426 4678 3421 4435 4127
17427 2876 1604 283 1658
17428 5081 5080 5119 2503
17429 5455 2392 2356 2295
17430 6515 4770 1477 6405
17431 7266 7008 1460 1393
17432 1301 1370 5543 5544
17433 5080 2519 5081 2535
17434 5080 5088 2486 4996
17435 5337 5280 4460 2167
17436 5080 5119 2503 5088
17437 2362 2311 6247 2309
17438 7238 7050 1550 1569
17439 7245 2310 2246 2295
17440 5854 6536 6537 3766
17441 6200 5098 5080 5119
17442 7143 2310 2337 2331
17443 4196 4158 4168 4163
17444 4196 4159 4163 6743
17445 6746 6743 6742 4196
17446 3293 4207 4208 6029
17447 3912 6515 6485 3911
17448 4996 2470 2486 2469
17449 2950 5890 5232 4229
17450 7146 2437 2454 2453
17451 5888 5361 5063 2994
17452 5367 646 2853 5460
17453 5756 1086 868 861
17454 7267 2315 2371 2347
17455 6546 6021 6708 5022
17456 7267 2371 2315 2349
17457 5164 3458 5162 5163
17458 615 614 631 6293
17459 4235 6549 5021 5022
17460 4716 2979 2704 3074
17461 6154 5022 5021 6824
17462 6126 2347 2269 2315
17463 7044 1602 1554 1599
17464 6306 2349 2399 2371
17465 6549 6824 5022 6814
17466 2829 6306 613 2828
17467 6492 2376 2399 2349
17468 6549 4252 5039 6959
17469 6549 5021 6824 5043
17470 5022 6676 6814 6708
17471 4036 4770 6515 6405
17472 6021 5020 5022 6546
17473 4692 2887 2892 3434
17474 3158 4441 4017 4216
17475 5582 326 327 2299
17476 2993 4476 4477 4149
17477 6161 3710 4149 7268
17478 4317 2787 4473 4403
17479 3610 7107 7131 4888
17480 5610 5174 4652 7081
17481 5610 5677 7081 4652
17482 4036 6405 6515 4037
17483 3423 2920 3425 3427
17484 3529 3771 6126 5468
17485 6158 2367 2350 2320
17486 693 3537 3530 5467
17487 4873 4872 6210 4015
17488 3925 7023 5174 5609
17489 5610 3924 5612 5678
17490 6315 2316 2352 2407
17491 5610 5677 5678 5612
17492 6069 2407 2338 2316
17493 2415 5216 604 2407
17494 6900 1639 6342 5354
17495 7014 6900 5354 1639
17496 5287 4305 2675 3118
17497 6468 6791 7016 1369
17498 3922 4711 7218 6092
17499 4474 4471 6172 7176
17500 7176 2134 2152 2105
17501 4707 6953 4348 6092
17502 7251 7237 5562 2210
17503 7207 7125 4260 2202
17504 7074 2287 2284 2264
17505 6825 6953 4350 6435
17506 7196 2330 2239 2282
17507 6514 6515 3908 4037
17508 2512 4350 2496 6435
17509 5247 2281 7217 2286
17510 6783 6822 5964 1753
17511 5247 6841 2243 2286
17512 6090 4708 3727 6982
17513 7074 7125 2284 4260
17514 6953 2883 4350 3120
17515 3740 6161 6162 5222
17516 7142 2339 2294 2290
17517 3158 3724 4441 3262
17518 7227 2339 2290 2327
17519 5616 6955 6146 6922
17520 6879 6073 1294 6806
17521 7196 2282 2238 2325
17522 5772 2244 2290 2198
17523 7041 6000 5696 1568
17524 7251 6249 5429 2210
17525 3745 3747 3746 4446
17526 6338 6340 6339 5683
17527 3916 3710 4149 6161
17528 7052 2351 2362 2386
17529 7099 2250 2309 2266
17530 6547 6162 4098 6055
17531 6161 6162 5222 6548
17532 3838 2585 3051 3056
17533 6162 6511 5222 6548
17534 4475 4018 4402 5251
17535 7196 2330 2282 2325
17536 6174 7183 2190 7184
17537 3427 3431 7225 5335
17538 7117 2293 2250 2242
17539 2758 2760 2759 4897
17540 7234 2324 7125 2289
17541 2261 7269 2210 6249
17542 4473 4896 4316 5253
17543 6372 2334 2296 2252
17544 6783 6822 1058 5940
17545 5354 7025 6457 731
17546 7199 2207 2177 2185
17547 6068 2391 2360 2338
17548 6909 1238 6905 1214
17549 6909 1238 6932 7118
17550 6909 6905 5858 5832
17551 6994 2353 2339 2387
17552 7142 2290 2294 2245
17553 6347 7070 634 3277
17554 6909 5858 1175 5832
17555 6993 2353 2354 2370
17556 6909 5858 1215 1175
17557 4459 4460 5337 5280
17558 3678 5011 2490 2474
17559 7047 2361 2379 2386
17560 3679 2522 2521 2505
17561 3645 2489 2472 2473
17562 6076 5340 5145 5341
17563 4162 5549 6954 2343
17564 5338 6076 5325 6077
17565 1058 1036 293 1760
17566 6247 2351 2311 2362
17567 7033 2311 2351 2303
17568 6077 6509 6091 6337
17569 7034 2266 7099 2309
17570 3225 6305 3220 4073
17571 662 6386 678 679
17572 6078 4497 4496 5325
17573 5145 6076 5341 5143
17574 4497 5338 6077 5528
17575 3458 648 5163 632
17576 5163 648 631 632
17577 631 3913 5163 632
17578 3473 7066 6388 6389
17579 530 4497 5528 523
17580 5338 6053 5325 3588
17581 4513 4527 3899 4519
17582 2967 3841 7004 1559
17583 5734 2104 5560 2175
17584 4168 2300 2255 2257
17585 4519 4513 4530 4514
17586 2916 2917 4280 5279
17587 3664 5231 5126 5729
17588 7055 2876 1658 1604
17589 4181 4528 3655 4513
17590 3661 3486 5176 4489
17591 5056 7198 7047 7197
17592 2911 2918 2921 3464
17593 4546 4555 4683 4556
17594 2600 1598 278 279
17595 3834 6463 7100 5193
17596 5084 2438 7146 7145
17597 3944 5193 6463 3834
17598 3832 5193 3834 5007
17599 2951 6463 5193 6619
17600 4682 3382 2954 5194
17601 3993 3992 4829 5183
17602 6517 5007 7098 5193
17603 4360 4683 5790 4512
17604 444 5423 93 1036
17605 3460 7018 3459 3457
17606 2853 646 5367 645
17607 6448 744 745 761
17608 2853 598 6293 614
17609 3913 615 631 6293
17610 6976 2384 2432 5481
17611 2431 6976 5481 2447
17612 4258 5148 4364 7195
17613 2982 4364 3775 5078
17614 4364 6010 5078 5186
17615 4423 4688 4421 6475
17616 4662 2651 2649 5724
17617 5717 5724 4662 5723
17618 4023 4022 6958 6389
17619 2650 2651 2652 4398
17620 4662 4677 2652 4686
17621 4662 4677 4686 6112
17622 5717 5719 5722 5720
17623 2347 596 3892 2367
17624 3892 595 2367 596
17625 5564 1487 5995 1521
17626 5717 4662 5725 6112
17627 7089 2355 2292 2289
17628 3875 3522 3284 5310
17629 3459 3278 2414 7018
17630 4657 4803 6851 4805
17631 2383 2384 294 1677
17632 5552 2354 2388 2370
17633 6046 2203 2328 2291
17634 6994 2387 2327 2326
17635 5722 5311 7213 7153
17636 6993 2339 2353 2370
17637 6539 6538 1305 1367
17638 6044 2354 2291 2328
17639 4328 4417 6279 6280
17640 3296 3813 5051 6003
17641 7255 2241 2164 2245
17642 6478 2294 2339 2332
17643 2662 6279 6278 6049
17644 3064 3063 3812 3296
17645 4631 6136 6133 6972
17646 2327 2339 6994 7227
17647 6993 2354 2353 2291
17648 4586 6956 1459 6072
17649 3501 3503 7060 3502
17650 3447 3333 3302 3334
17651 3501 4356 5620 7019
17652 6809 5619 4356 7036
17653 3501 3503 4356 7060
17654 6358 2358 2359 2296
17655 3005 6691 4356 3503
17656 7253 2336 2261 2298
17657 7163 6820 2002 4373
17658 7253 2361 2336 2298
17659 4356 5127 7036 6878
17660 4356 6878 6691 5127
17661 7046 2379 2346 2351
17662 4356 7060 3503 6878
17663 5819 5823 7249 2185
17664 6358 2333 2359 2388
17665 4331 5618 6651 7258
17666 5029 6777 5787 5033
17667 6372 2334 2252 2297
17668 5030 6666 5029 6777
17669 5822 5823 2143 6313
17670 5423 93 1036 6783
17671 5029 4332 4331 6666
17672 3627 4553 3619 3625
17673 6389 4023 6294 3473
17674 5618 5029 6777 5787
17675 6347 617 634 633
17676 4009 5029 5787 5033
17677 3375 4520 2799 5452
17678 6997 763 6457 1656
17679 6347 3278 2413 2414
17680 6347 618 601 602
17681 5216 2415 2391 2407
17682 6422 2210 2246 2174
17683 5062 2335 2298 2255
17684 1036 93 1760 6783
17685 4161 2335 2300 2363
17686 5447 6683 6735 6714
17687 5454 3602 6963 1300
17688 3291 6683 5571 5516
17689 7194 2344 6184 5501
17690 5447 6714 6668 5804
17691 7046 2365 2346 2379
17692 6803 4377 5452 5759
17693 6735 2796 2799 2797
17694 6426 2458 2442 2459
17695 6683 5515 5571 5516
17696 2799 5515 4379 5571
17697 5778 5826 6634 5785
17698 5776 5198 5199 5201
17699 614 615 598 6293
17700 5776 5201 6654 5198
17701 3459 7018 2414 2406
17702 7091 6635 4939 5947
17703 4611 665 649 666
17704 4817 4807 4812 7066
17705 5789 4939 4890 4900
17706 4611 666 649 650
17707 6347 601 618 617
17708 2402 2390 3845 2395
17709 6446 3818 2385 2341
17710 7015 1582 1614 1639
17711 7079 1549 7065 1527
17712 5553 1554 6419 1533
17713 6040 6044 6043 6045
17714 5789 5776 5785 5201
17715 5765 7255 5764 2245
17716 34 5653 374 33
17717 5172 5077 6979 6767
17718 5364 4680 6767 5077
17719 4968 5211 5076 4977
17720 600 2398 172 171
17721 5055 5172 4976 4972
17722 6373 7219 6384 2358
17723 3913 600 3459 616
17724 4681 6767 4679 4680
17725 5172 4680 6767 4681
17726 6426 2442 2443 2459
17727 4679 6945 5057 3648
17728 5058 4681 6767 4679
17729 6783 5423 6822 5940
17730 6952 4680 5364 5010
17731 5083 2372 2423 2422
17732 7259 319 2412 2394
17733 5083 2439 2438 2422
17734 4679 5010 4680 6952
17735 4706 3927 4708 3956
17736 6767 1579 7096 5058
17737 6090 6825 6982 3727
17738 2425 6018 2442 7259
17739 6428 2426 319 2408
17740 7259 2394 5567 6428
17741 7270 2396 2405 2375
17742 3127 2565 2582 2581
17743 2373 2437 7145 7146
17744 7259 2412 319 320
17745 3089 3933 1565 1636
17746 5585 2472 2471 2455
17747 7259 320 2426 2425
17748 7259 6018 6428 5567
17749 7259 2412 6018 5567
17750 6090 4708 3956 3922
17751 5120 4435 5973 4993
17752 5121 5772 4435 7142
17753 2478 6418 2462 7257
17754 5120 5765 5121 7142
17755 7137 6961 2400 2378
17756 5121 5470 5772 5170
17757 6594 2409 2397 2368
17758 3345 5121 5170 5470
17759 5121 7078 4630 5170
17760 6982 4708 7010 4305
17761 6081 5121 7078 4630
17762 5121 4630 6081 5763
17763 7271 2361 2386 2336
17764 2295 6253 2310 2356
17765 5070 2379 2361 2389
17766 7096 5172 4628 5160
17767 5172 4628 5160 5166
17768 5166 5172 4628 4681
17769 5573 326 2317 325
17770 5055 4681 3674 4680
17771 5096 5166 5160 5102
17772 5166 5160 5102 4628
17773 5113 5096 5166 5160
17774 5167 5168 5213 5169
17775 2407 2415 176 604
17776 5216 2415 603 3277
17777 3459 6347 601 2414
17778 603 3277 619 5216
17779 6066 6350 2316 2260
17780 3894 3136 3901 3895
17781 3144 3142 4937 4940
17782 2670 4472 2672 3986
17783 6465 6577 4863 4801
17784 4923 3278 6480 7272
17785 1638 776 5371 1637
17786 4961 3882 3880 6478
17787 6424 2296 2333 2207
17788 7272 2403 2390 2360
17789 6373 2390 2334 2360
17790 4917 3104 6488 7203
17791 3985 4470 4472 5499
17792 4139 6911 4133 4140
17793 3894 3900 3902 3899
17794 6390 4044 3269 3268
17795 2413 175 2415 603
17796 3277 603 602 2413
17797 5645 5225 5215 6346
17798 4923 4926 6067 5843
17799 6347 617 618 634
17800 6315 4044 4035 6314
17801 5646 5216 5294 6315
17802 5646 5215 5294 5216
17803 5060 5059 3877 4259
17804 3923 3956 7104 3927
17805 2427 2443 2408 2426
17806 2443 2397 2427 2408
17807 4761 4760 5356 4765
17808 3864 4490 4761 3877
17809 4490 4259 4761 3877
17810 4151 4152 2635 2636
17811 2424 322 2393 321
17812 7135 4645 4797 4644
17813 7135 4644 7072 7208
17814 4644 6565 3215 4214
17815 2423 2422 2372 323
17816 5083 7194 5501 2372
17817 6402 6447 1655 1602
17818 3457 2398 2374 2406
17819 5755 5656 369 364
17820 2870 2871 3227 3233
17821 4645 4797 4646 4799
17822 2411 2399 170 598
17823 6293 2376 2411 2399
17824 7135 4797 6565 4644
17825 3337 6565 3456 3498
17826 6293 2411 2376 2398
17827 7135 4644 7208 6172
17828 6358 2296 2359 2333
17829 4112 3424 4643 4474
17830 6359 2359 2358 2385
17831 6393 5371 6447 6387
17832 5114 5031 6919 6260
17833 5711 5746 6919 6450
17834 2413 601 602 6347
17835 7018 2414 2406 2395
17836 3458 5163 648 664
17837 7272 2414 2395 2403
17838 6202 5084 7145 7194
17839 7197 2365 2379 2410
17840 6032 2365 2375 2306
17841 5735 5513 4081 3837
17842 6347 2414 2413 601
17843 6961 2340 2400 2378
17844 5441 2463 2446 2447
17845 4079 4081 5353 3837
17846 5358 5488 5360 4080
17847 4305 7104 1667 3957
17848 4083 4087 4086 5711
17849 5536 4907 6186 6183
17850 4905 6186 4904 4907
17851 4904 4906 6186 6185
17852 4909 4903 4943 5556
17853 4904 4907 6186 4906
17854 2429 316 317 2409
17855 2408 6592 2443 2397
17856 6186 6199 4905 4898
17857 4909 4906 4904 5803
17858 6202 6199 6200 6186
17859 3645 2488 2489 2505
17860 4907 6199 4905 6186
17861 3425 4470 4461 4459
17862 5585 2423 2393 2424
17863 4470 4459 2921 4458
17864 2921 3425 5336 4459
17865 3426 3427 5336 5335
17866 7259 2405 2412 320
17867 3423 3426 3425 3432
17868 4038 3267 4044 3268
17869 2425 321 2405 320
17870 5386 4044 6316 5387
17871 6390 6314 652 5215
17872 4033 4044 3267 3269
17873 4040 4042 4044 6320
17874 4044 6316 6996 5386
17875 6062 5581 5583 5539
17876 6638 2449 253 2433
17877 4394 6886 6433 6454
17878 6640 2323 6639 2279
17879 6646 2418 2417 328
17880 4545 4548 4556 4546
17881 326 5573 5582 2419
17882 4393 5746 4391 4396
17883 3836 3837 4759 3829
17884 5775 6938 5219 6230
17885 5573 2345 325 2317
17886 2450 2433 6235 6646
17887 5582 2418 2299 327
17888 3625 4917 4918 4560
17889 6061 2467 2483 2466
17890 3625 4553 4915 3627
17891 4915 3627 6350 3624
17892 324 325 2421 2373
17893 7148 2373 325 2345
17894 7148 7147 2373 2345
17895 7236 2345 2317 2274
17896 7148 2421 2420 325
17897 7148 4997 7147 5904
17898 7145 2342 323 2373
17899 3627 4553 6313 5823
17900 2405 2425 7259 6018
17901 5084 5088 2470 5083
17902 7145 323 2342 2372
17903 2423 322 2372 2393
17904 2454 5084 2438 7146
17905 3089 1620 2599 1565
17906 7145 324 2421 2373
17907 3627 6066 3617 3626
17908 3627 3617 6066 3624
17909 2424 2405 321 2393
17910 6313 6505 5462 4915
17911 4915 6505 5462 6350
17912 2425 2424 2405 321
17913 320 2425 7259 2405
17914 4386 4384 4385 6829
17915 2424 2423 2393 322
17916 7010 7104 1667 4305
17917 6219 2375 2405 2393
17918 2679 6150 6544 4388
17919 4427 3147 4386 3146
17920 6218 2424 2405 2425
17921 7010 7104 4305 4708
17922 4427 5424 4386 6830
17923 2408 6428 2394 319
17924 7259 320 319 2426
17925 2427 319 2408 318
17926 3146 6544 6539 4386
17927 4707 3701 6435 3727
17928 4009 5787 5029 5788
17929 2428 318 2397 317
17930 2427 318 2408 2397
17931 2427 2426 2408 319
17932 5980 7158 4835 4003
17933 4008 5030 5029 5033
17934 5030 6777 5031 6917
17935 4706 3922 4711 4713
17936 2875 1604 1660 282
17937 5416 5031 5033 6875
17938 2429 2428 2409 317
17939 7137 2378 316 2409
17940 6681 2302 2378 2368
17941 4712 4713 6361 4714
17942 5416 5033 6856 6875
17943 4709 3700 6782 3701
17944 7137 2445 2429 2446
17945 7137 316 2378 2400
17946 5179 2475 2492 2491
17947 4009 6857 5115 6856
17948 6961 2400 2340 2366
17949 5441 314 2400 2366
17950 4009 5115 5033 6856
17951 3851 5966 4540 7185
17952 314 5441 5481 2366
17953 4713 1714 3119 1713
17954 5441 2447 2430 2431
17955 2866 4539 3851 5128
17956 2725 6788 4364 5186
17957 5481 2384 314 2382
17958 5441 2430 2400 315
17959 5481 314 2432 2431
17960 3199 3851 4539 4540
17961 5481 7105 2384 2382
17962 4054 3928 5436 1380
17963 4529 6906 6973 6074
17964 4713 1700 6361 1707
17965 2448 4351 2464 310
17966 2384 2432 312 6977
17967 5568 2482 2481 2465
17968 6646 2418 2434 2417
17969 2433 6235 6646 6639
17970 2435 5582 2418 5583
17971 6235 6639 6640 6646
17972 3668 4542 4763 4408
17973 3664 5126 5231 4528
17974 2419 2435 5582 2418
17975 4711 5546 5547 6092
17976 2453 4997 2469 7146
17977 5581 2235 2222 2251
17978 3668 6001 4408 4763
17979 3677 5170 2689 4365
17980 5231 5729 6073 5126
17981 5011 3663 3662 3678
17982 5011 4829 4827 5212
17983 6062 6063 5583 6297
17984 4828 4829 5011 6426
17985 7148 2437 2421 2373
17986 7148 5904 5573 2436
17987 7148 2437 2436 2420
17988 7147 2313 2342 2373
17989 7145 2438 2421 2422
17990 7147 2345 2313 2373
17991 7194 2307 2372 2342
17992 2474 6018 3678 5011
17993 5083 2454 2438 2455
17994 5083 5119 2471 5585
17995 7194 2344 2372 2307
17996 4713 7218 4711 5547
17997 5011 2506 3678 2490
17998 5011 3678 2506 3679
17999 6074 4529 4528 6073
18000 5083 5088 2470 2471
18001 5585 2440 2456 2439
18002 2426 2442 2443 2408
18003 3999 5737 5736 5729
18004 5585 2456 2472 2455
18005 5585 2440 2439 2423
18006 3359 4630 4629 6012
18007 5736 5729 6806 6074
18008 3999 5736 5231 5729
18009 5736 6936 5986 6805
18010 6072 4875 6906 4596
18011 4289 4287 6674 4285
18012 6218 2441 2440 2424
18013 5179 5183 2475 2491
18014 2473 6218 2457 2456
18015 5567 2396 2404 2412
18016 6218 2441 2457 2440
18017 4287 6706 4285 6006
18018 3063 3812 2707 3066
18019 5670 3599 3953 4288
18020 5004 5344 6436 5003
18021 6018 2405 2412 7259
18022 2441 6018 2458 2442
18023 5653 33 5640 5755
18024 3953 4532 5670 5977
18025 6593 2460 2459 2443
18026 7137 6681 6961 2378
18027 284 2746 2605 283
18028 5440 5441 2430 2400
18029 5441 2462 2446 2463
18030 3915 5189 4935 4228
18031 7257 2445 2462 2461
18032 6960 2340 6961 6681
18033 6417 2478 2462 2479
18034 5934 2525 2542 2541
18035 7137 2400 5440 2430
18036 2445 7137 2409 6682
18037 6445 6520 4692 2892
18038 3434 4692 4695 4693
18039 4695 5188 4692 6445
18040 6435 6825 2511 2512
18041 6417 6434 2463 5441
18042 7105 1685 5546 5547
18043 5344 6366 5004 6436
18044 3080 5930 6597 4659
18045 2482 6235 2466 2465
18046 5623 374 34 5653
18047 6060 2515 2498 2499
18048 6646 2323 5538 2299
18049 6438 2798 6368 5570
18050 6438 6216 5930 5931
18051 6678 5775 5219 5217
18052 6438 2800 5931 5574
18053 6235 6234 5540 5281
18054 6438 5751 5570 6368
18055 5344 5000 6366 6143
18056 4689 5574 6438 5751
18057 4855 4535 4116 4856
18058 5568 6061 2498 2482
18059 3969 4121 4066 4858
18060 2451 6063 7242 6297
18061 5583 2451 2450 2434
18062 4066 4858 4121 5402
18063 4116 4858 7134 6861
18064 3511 4785 3507 4782
18065 4928 6491 6179 6690
18066 7236 2274 2313 2345
18067 5904 6297 2436 2452
18068 5582 6297 2435 5573
18069 4883 4928 6491 7012
18070 7148 7236 7147 2345
18071 7146 2437 2438 2454
18072 3450 4928 3451 3452
18073 4414 4415 3222 4867
18074 7148 2453 2452 2436
18075 4927 6928 4928 4413
18076 5501 2344 2393 2372
18077 4928 4867 7012 4931
18078 3684 4606 6209 6881
18079 7145 2342 7194 2372
18080 7146 2470 2469 2453
18081 1620 2599 1565 277
18082 2598 2599 1620 277
18083 5080 5098 3094 5238
18084 3094 3089 3933 3934
18085 3683 3068 3067 3684
18086 5585 2456 2455 2439
18087 3067 5920 4444 4443
18088 5088 2487 5119 2503
18089 4371 4058 4050 4913
18090 5236 1535 3934 3933
18091 174 173 602 2413
18092 3644 2471 2472 2488
18093 6429 2300 2369 2363
18094 4609 6658 5232 4846
18095 6018 6218 7270 2405
18096 6218 2457 2456 2440
18097 3679 2506 2522 2505
18098 5567 7140 6432 2404
18099 2412 7259 2394 5567
18100 6432 2394 2363 2369
18101 5183 2476 2475 2459
18102 6432 2394 2404 2363
18103 2457 6018 2473 2474
18104 3687 3295 6030 4370
18105 6757 7106 5472 4246
18106 6594 2397 2343 2368
18107 3414 5883 4239 6618
18108 4614 4613 2614 4238
18109 6410 5925 4951 6498
18110 5551 3663 3643 3689
18111 2459 6593 5183 2476
18112 6954 2368 2308 2302
18113 6592 6593 2459 2443
18114 6426 2475 2458 2459
18115 2445 5440 2446 7137
18116 4237 3413 4239 4246
18117 6954 2368 2343 2308
18118 7257 2462 2478 2461
18119 6895 2973 1239 1266
18120 6499 2477 2476 2460
18121 6499 2493 2476 2477
18122 6417 2462 2463 2479
18123 4842 7109 6751 7112
18124 6895 1328 6930 4068
18125 6895 4341 6396 2973
18126 3466 2464 2447 6976
18127 6434 5441 2447 2463
18128 3120 1726 1719 1727
18129 3466 2480 2479 2463
18130 4713 7218 1699 1706
18131 6895 6930 1285 4341
18132 6895 4068 4341 4375
18133 6895 4068 1318 1328
18134 6895 4849 1266 1318
18135 3466 2464 2463 2447
18136 6895 4849 4375 4341
18137 4351 309 310 1698
18138 2999 4810 2990 3807
18139 7242 2452 2468 2451
18140 6638 2465 255 254
18141 6061 2451 2467 2450
18142 5539 2251 5583 2299
18143 3304 1632 4109 1613
18144 6235 2466 2449 2450
18145 7242 2468 2467 2451
18146 5281 2481 255 2465
18147 4744 3010 3049 4869
18148 4744 3091 6772 6292
18149 3462 3461 1005 262
18150 6506 3710 7162 7110
18151 4132 5000 5344 6143
18152 7170 2191 2274 2222
18153 3904 3969 3965 3964
18154 4066 4858 5402 7134
18155 3091 6772 3090 4226
18156 6060 2499 2498 2482
18157 2435 5573 2419 5582
18158 4744 6772 4226 6804
18159 6061 6063 2467 2451
18160 7117 7090 5370 5194
18161 3113 3111 3108 3106
18162 5903 7170 7235 7230
18163 4236 4424 4419 5125
18164 7146 2454 5084 2470
18165 4997 7148 2453 2452
18166 4996 2485 2486 2502
18167 7273 2262 2342 2313
18168 4337 6680 6122 5912
18169 3581 3105 3182 3106
18170 5083 2372 5585 2423
18171 4337 3580 4342 6122
18172 5204 1563 1508 1473
18173 2598 277 1620 276
18174 3644 2488 2504 2487
18175 5083 2438 2439 2455
18176 3646 3679 2537 2521
18177 2503 5088 2486 5080
18178 3094 2567 3089 2583
18179 7130 3031 4153 4342
18180 6018 6218 2457 2473
18181 3644 2472 5585 2456
18182 4153 3031 3032 4342
18183 4996 2486 2485 2469
18184 3109 4153 7130 3107
18185 5088 2487 2486 2470
18186 5088 2503 2486 2487
18187 4060 4185 4051 4194
18188 4046 4048 4045 4049
18189 4134 3897 4137 6138
18190 5266 5839 4911 4881
18191 1598 3056 2601 2600
18192 6218 2425 2441 2424
18193 3645 2472 2456 2473
18194 4046 5282 4051 4047
18195 3634 2404 2396 2410
18196 5429 6249 4570 7245
18197 7270 2405 2396 2412
18198 4945 4846 4059 5232
18199 5282 4194 4185 4183
18200 3678 2473 2474 2490
18201 4567 4568 4564 6039
18202 1597 3051 2602 2601
18203 4880 5283 5282 3929
18204 5235 4600 3920 5238
18205 2409 2397 2428 2444
18206 6682 2461 6499 2460
18207 6682 2368 2378 2409
18208 3493 7090 5019 3487
18209 4879 4048 4046 4881
18210 6593 2460 2476 2459
18211 5282 4194 4051 4185
18212 6187 6032 6219 5501
18213 3690 5567 3632 7140
18214 772 756 6329 3760
18215 2444 2397 2428 2427
18216 4712 5477 4713 4711
18217 3760 740 3783 724
18218 5212 2507 2506 2490
18219 4712 4715 4878 6781
18220 2523 5178 2524 5179
18221 5179 2492 2475 2476
18222 2476 6593 5183 5177
18223 2541 3695 6498 2540
18224 7257 2478 2477 2461
18225 4712 4715 6781 6364
18226 6960 2318 2340 2267
18227 3782 3826 6487 6815
18228 2747 1633 1640 1662
18229 4372 6205 6659 4367
18230 4712 5477 7111 6361
18231 5329 6778 5414 5116
18232 6499 2509 2508 2492
18233 5414 5329 7013 6778
18234 2908 2734 2590 2574
18235 4789 5254 4792 4864
18236 6977 2448 2432 311
18237 5329 7013 4800 4794
18238 6657 1409 1411 1447
18239 6061 2450 5583 2451
18240 5281 2497 256 2481
18241 2593 272 1627 271
18242 3742 3782 6815 3826
18243 5329 4800 7013 6778
18244 7230 2235 7181 6726
18245 6267 2107 2159 2235
18246 4921 4922 3870 4924
18247 6120 5118 5329 5461
18248 4291 2514 2513 2497
18249 5329 6456 4794 5461
18250 3761 3531 3782 3826
18251 2516 2517 5663 5008
18252 4959 6185 2182 7049
18253 5220 5298 6230 6495
18254 2485 4997 2469 2468
18255 7146 2470 2453 2454
18256 3891 4140 3898 3902
18257 4640 7117 5194 6517
18258 2485 4997 2468 2484
18259 6062 6236 5824 5537
18260 7247 2262 2313 2220
18261 4960 4899 4914 2186
18262 3782 6414 3826 3531
18263 3934 1563 1620 1565
18264 2486 5080 2502 2503
18265 4641 4642 3217 4484
18266 4073 4075 4584 6305
18267 5080 2519 2502 2503
18268 4995 2518 2517 2501
18269 5083 5088 2471 5119
18270 3978 4809 3984 6277
18271 6018 2425 6218 2405
18272 4809 6277 4014 3984
18273 2502 2485 4995 4996
18274 5039 5040 7160 6277
18275 5236 1508 3934 1535
18276 4809 6277 7048 6970
18277 7048 4251 4814 4253
18278 3679 2537 2538 2554
18279 7274 1596 1598 1597
18280 4251 7241 6277 5039
18281 6347 2413 3278 3277
18282 4977 7271 7253 5062
18283 3644 2487 2504 2503
18284 3782 6414 6329 3824
18285 5038 5039 4250 4251
18286 3644 5585 2472 2471
18287 4251 7048 6277 7241
18288 5179 6308 5212 2523
18289 281 2875 1660 282
18290 2523 5179 2507 5212
18291 4859 3926 6896 4851
18292 3500 3448 3496 2766
18293 3030 2972 4869 3010
18294 4859 4869 6291 5401
18295 1579 6767 7092 5058
18296 3840 3842 1597 1607
18297 6499 2476 2493 2492
18298 2477 6486 2493 2494
18299 5178 6499 2508 5177
18300 6960 2340 2302 2267
18301 5441 314 2431 315
18302 2477 6418 2494 2478
18303 7139 5587 2192 5586
18304 4880 3929 5282 4047
18305 3782 3760 3762 6329
18306 6480 3845 7272 7018
18307 6833 4876 4877 4878
18308 6417 2511 2494 2495
18309 5441 315 2431 2430
18310 4880 4712 4876 4714
18311 4880 4046 4048 4047
18312 4193 5282 5284 4183
18313 4045 4059 5234 4053
18314 4879 4048 4881 7139
18315 6417 2495 2494 2478
18316 4350 1705 4349 1712
18317 2792 5541 6391 4095
18318 4350 2528 2512 306
18319 2784 2786 4317 2787
18320 4350 1712 308 1705
18321 311 2448 4351 6977
18322 4290 3462 260 2545
18323 4920 4861 5569 4611
18324 5535 5545 5534 4767
18325 1422 1358 1387 4074
18326 6656 970 962 963
18327 4291 2498 2514 2497
18328 6469 6468 1340 1387
18329 4072 6468 6469 4074
18330 6065 3398 2562 6395
18331 6469 4068 1328 1318
18332 4919 6480 4925 4861
18333 6060 2515 2514 2498
18334 4919 4920 3843 6480
18335 5002 5331 7087 5270
18336 6469 4069 4068 4375
18337 4108 1631 1600 1632
18338 5776 5421 6654 5201
18339 6469 6983 4069 4375
18340 6469 1340 6983 1318
18341 6139 4434 3468 6141
18342 6103 6234 6667 6656
18343 5200 1509 1473 1441
18344 5202 5575 1435 1473
18345 3650 3649 3838 7274
18346 4995 5026 5017 4996
18347 6727 5202 5575 1435
18348 4959 6185 2218 2182
18349 4434 7000 7261 4385
18350 4434 7000 6143 7261
18351 2917 5279 6256 4279
18352 4440 4439 6046 6380
18353 5663 2501 2500 2484
18354 6040 5918 4205 6380
18355 4995 2518 2534 2517
18356 4995 2501 2502 2518
18357 5272 27 26 339
18358 6218 2424 5585 2393
18359 5393 5395 5588 5589
18360 4106 4132 4131 4128
18361 2676 4383 5331 4388
18362 3633 2365 2396 2375
18363 3248 5405 4205 4784
18364 4383 4382 4434 4385
18365 6556 4442 5035 4215
18366 4215 4855 6556 6901
18367 3730 6308 2523 2539
18368 6060 6061 6063 2483
18369 6187 5119 6183 5585
18370 5081 2503 2504 2520
18371 4215 4216 7073 6845
18372 3838 2553 2554 2570
18373 3645 2504 2488 2505
18374 4215 6889 4216 6845
18375 3842 7274 3051 1597
18376 3302 2991 3300 4810
18377 6945 3842 1596 7274
18378 6429 6432 2363 2369
18379 5002 5331 7261 7087
18380 4215 4442 4216 6889
18381 6586 5550 1399 2937
18382 7130 6596 5855 1811
18383 6682 2444 2409 2445
18384 5212 2491 2507 2490
18385 3445 3158 4216 2745
18386 2745 6631 4215 7073
18387 6527 6519 6864 3307
18388 6486 2510 2493 2494
18389 5179 2508 2507 2491
18390 5344 6436 5002 7261
18391 3807 6809 2999 3302
18392 2892 2999 6520 2998
18393 5179 2524 2523 2507
18394 6809 5127 6519 7036
18395 6809 6520 2999 6519
18396 5179 2491 2492 2508
18397 4427 6544 4428 3149
18398 6544 4428 3149 3342
18399 6486 2510 2509 2493
18400 6499 2477 2460 2461
18401 4386 6544 6539 4388
18402 7257 2477 6499 2461
18403 7130 5855 3109 1828
18404 2525 5934 2542 6486
18405 2684 1737 1736 1729
18406 2494 6418 2510 2511
18407 3341 5150 6544 6150
18408 4114 339 5272 340
18409 2526 6486 2509 2525
18410 4351 4348 3466 4350
18411 4388 4386 4387 6539
18412 5150 6761 6544 6539
18413 3958 1742 1749 1741
18414 6417 6418 2462 2478
18415 3117 1735 1742 1734
18416 3503 6878 5929 6691
18417 4349 1705 4351 1698
18418 1684 7105 6977 4351
18419 4350 4349 1719 1712
18420 934 6640 942 935
18421 4291 5281 2497 2513
18422 6638 6640 956 5281
18423 3304 4156 3398 1613
18424 4114 5272 339 27
18425 7275 2529 2530 2546
18426 3304 5825 6395 5291
18427 3454 3455 6691 3004
18428 5003 6281 5002 5270
18429 6266 5777 6176 6578
18430 6091 6083 6082 5316
18431 4354 6286 4392 4340
18432 2695 2697 2698 3035
18433 2531 2514 6395 6060
18434 5124 6823 3033 5082
18435 2707 6007 4717 3812
18436 5002 7261 6436 7027
18437 5124 3033 4343 5125
18438 3076 3488 2841 3077
18439 5662 2515 2516 2532
18440 3173 3398 5291 5292
18441 5777 7171 7228 6726
18442 3908 4037 6430 6807
18443 3263 1600 1631 1509
18444 5008 2532 2533 2549
18445 3912 3908 6515 3911
18446 5008 5665 5662 2532
18447 4944 4955 4956 4954
18448 5080 2534 2518 2535
18449 3909 3912 5474 3911
18450 4947 5234 4053 3927
18451 6430 3909 3911 3908
18452 6265 6607 6272 6269
18453 3094 2550 2551 2567
18454 7273 2307 2342 2262
18455 4700 5812 6268 6623
18456 6186 7273 2262 2307
18457 5081 2503 2520 2519
18458 5080 2535 2518 2519
18459 6130 2263 2259 2306
18460 3079 5524 4376 5392
18461 6755 7001 7002 6902
18462 6755 7001 1609 7002
18463 3646 2537 2553 2536
18464 6755 4054 6413 7112
18465 6755 6902 1611 6413
18466 1609 6755 7002 1611
18467 5102 1566 4547 5101
18468 2259 2303 7049 2346
18469 3646 2521 2520 2504
18470 3679 2554 2553 2537
18471 3841 1557 1607 1617
18472 5119 2471 3644 2487
18473 2555 5190 2539 2538
18474 5212 2523 2506 2507
18475 6755 7001 1380 1609
18476 7130 3110 6206 1845
18477 3374 4660 4659 4380
18478 2936 2967 7003 1585
18479 2875 4522 7055 7276
18480 4509 4203 3079 4510
18481 7004 1585 1559 1617
18482 6498 2509 2525 2508
18483 2523 2506 5190 5212
18484 5191 2460 6593 2444
18485 3730 2540 2556 2539
18486 6661 4503 974 6867
18487 6498 2525 2524 2508
18488 6661 3080 6597 5392
18489 3730 2540 2539 2523
18490 4502 4503 4504 4510
18491 3591 5811 3593 4504
18492 4504 5812 6624 5811
18493 4362 2543 2526 2527
18494 3703 6782 3700 3701
18495 5833 5846 5887 1690
18496 3695 2573 2556 2557
18497 4944 4949 4956 4948
18498 5191 2444 6682 2460
18499 284 2747 1633 1640
18500 2542 6486 2526 2525
18501 6632 6217 6624 3591
18502 2908 2558 2734 2574
18503 4504 4930 6624 6662
18504 2510 3726 4362 3727
18505 4362 2543 2542 2526
18506 3593 4506 5812 5182
18507 4504 4503 3080 6661
18508 6217 3080 6597 6661
18509 4504 6661 6217 4930
18510 4350 4351 308 2496
18511 4506 4504 4700 4510
18512 2723 2592 2575 2576
18513 4707 4348 6435 3701
18514 7275 2546 2562 2545
18515 5816 5791 1006 1042
18516 5791 5761 5605 5762
18517 4290 259 984 977
18518 6395 2547 2563 2546
18519 5315 483 478 128
18520 4944 4945 4954 4949
18521 5776 6939 5198 6654
18522 6060 2514 2515 2531
18523 5792 382 5791 5761
18524 7147 7247 7273 2313
18525 7275 2546 2545 2529
18526 6395 5825 5666 5824
18527 5825 6657 5298 4156
18528 5791 5605 387 1019
18529 1042 5791 1006 1015
18530 5791 5605 1019 1042
18531 2515 6060 2531 5664
18532 3703 3700 4952 4947
18533 2596 1631 274 275
18534 5662 2531 2515 2532
18535 5488 5487 4959 4914
18536 5008 2532 2516 2533
18537 3398 6395 5291 3304
18538 3127 2549 3241 5005
18539 4995 2534 2533 2517
18540 5017 2549 2533 2550
18541 6938 6857 1312 1342
18542 6395 2562 3304 3398
18543 6395 3304 2562 2563
18544 5825 3304 6395 5666
18545 5012 4934 3558 4933
18546 2536 5081 2520 2519
18547 5826 5825 5293 5824
18548 6060 2514 6395 6065
18549 6395 2563 5666 3304
18550 6395 6065 2530 2546
18551 2551 2534 3094 5238
18552 3646 2537 2520 2521
18553 3094 2551 2550 2534
18554 4475 5251 6703 6699
18555 4475 6531 2975 6533
18556 3056 2585 2569 3838
18557 5802 2976 2975 6670
18558 4846 4052 4842 6411
18559 3631 7197 3634 3633
18560 3646 2537 2536 2520
18561 2571 3730 2555 3787
18562 2975 6550 6670 2977
18563 3679 2538 2521 2522
18564 3679 2538 2537 2521
18565 5536 6183 6186 6184
18566 3839 6952 7092 3841
18567 2975 6700 6531 6550
18568 2975 6533 6531 6700
18569 5190 2539 2522 2523
18570 6091 477 478 483
18571 7046 7045 5107 7047
18572 2940 281 1660 1672
18573 6425 6550 6531 6692
18574 2540 5178 2524 2523
18575 7137 7257 6682 2445
18576 6891 6425 6531 6692
18577 4403 6339 4430 4432
18578 3730 2572 2555 2556
18579 6028 5562 6745 4207
18580 3229 4330 3234 4404
18581 6550 2977 6564 6670
18582 6616 5684 6891 6566
18583 6531 6599 6425 6891
18584 6599 6531 5802 6890
18585 6982 2747 2734 4306
18586 3695 2556 2573 2572
18587 6425 6531 6550 6670
18588 6425 6564 6687 6616
18589 3391 3390 3394 5682
18590 5848 5267 4675 5268
18591 1648 4841 1436 4223
18592 5934 2542 2558 2541
18593 7002 1662 4306 1659
18594 2734 2607 1640 2606
18595 5848 5268 4675 6124
18596 4670 3393 4671 3394
18597 6825 4350 2528 2512
18598 5848 6694 5268 5847
18599 6825 2543 2527 2544
18600 4446 3747 4445 4669
18601 3466 4350 2496 4351
18602 4447 6694 5847 5859
18603 6774 5541 5545 5376
18604 5545 6600 6516 6528
18605 5535 5534 5545 5541
18606 5157 5545 6516 6528
18607 3462 2577 261 2561
18608 5290 6103 6234 6667
18609 5141 3021 4145 4143
18610 4189 4238 4187 2898
18611 6395 2547 2530 2531
18612 3462 260 2545 2561
18613 6607 6734 6270 6271
18614 4239 4246 5880 6838
18615 4241 5910 7106 6261
18616 4239 4246 6838 3057
18617 5298 4156 6657 1447
18618 6395 2547 2546 2530
18619 3413 4239 4246 5880
18620 3242 2564 2547 2548
18621 5665 2532 2548 2531
18622 2690 2699 2698 2770
18623 5197 3241 4108 5665
18624 5665 2548 2547 2531
18625 3057 4239 4243 3058
18626 4934 4933 6770 4228
18627 3270 6152 3028 4639
18628 5199 5200 4108 5197
18629 2532 3241 2548 2549
18630 5800 380 5623 5799
18631 5017 2549 5005 2533
18632 3127 2582 2565 2566
18633 5017 2533 2534 2550
18634 3058 4614 1710 6618
18635 2549 2566 5017 3127
18636 5800 384 35 379
18637 5080 2519 2518 2502
18638 6943 7093 5136 5057
18639 4552 3773 6407 5822
18640 3098 3102 3096 5151
18641 3772 4552 5675 4558
18642 4552 5808 5822 4553
18643 3094 3128 1620 3934
18644 4552 6406 4558 4551
18645 5833 5837 5846 394
18646 4600 2568 2551 2552
18647 4600 2551 2535 2552
18648 379 5800 380 5623
18649 5800 5623 379 35
18650 4831 36 1026 1017
18651 5367 2829 3537 3535
18652 5680 333 55 338
18653 5659 6700 1044 1056
18654 661 5367 645 2829
18655 3535 3536 3537 5367
18656 5327 458 453 123
18657 6121 4338 5419 1799
18658 3105 3109 6295 6862
18659 3535 3530 3529 2829
18660 6129 132 133 503
18661 2666 5272 4115 5273
18662 4114 345 344 339
18663 3528 3537 5467 3530
18664 3537 5367 662 661
18665 662 5367 645 661
18666 6386 694 3537 678
18667 4887 689 4885 4884
18668 721 6263 705 6251
18669 5906 1024 1055 1030
18670 4554 4552 4558 4551
18671 4884 689 4885 705
18672 4884 5372 3613 4887
18673 3096 3104 3099 7248
18674 4884 5372 5946 3613
18675 5385 2271 178 2377
18676 5478 5205 6312 6354
18677 4884 6237 6263 5943
18678 3439 2845 3960 3959
18679 4420 6170 6197 4426
18680 36 1032 70 384
18681 5815 926 921 927
18682 6167 6156 6170 6223
18683 922 927 6564 921
18684 4164 6509 4165 6047
18685 6475 5689 2059 3221
18686 6064 471 465 466
18687 5693 2158 4871 6125
18688 4687 4422 6180 6011
18689 3608 542 550 549
18690 2977 5660 6564 927
18691 5679 1802 6524 5375
18692 3439 3806 3963 3440
18693 3535 5085 3534 3536
18694 4964 7065 3849 4101
18695 2828 628 629 645
18696 5569 698 697 681
18697 5414 6456 1577 7013
18698 7054 1601 1562 1656
18699 6363 748 6482 5459
18700 3805 6530 6193 6197
18701 6521 5261 815 822
18702 3779 6125 3823 4870
18703 3976 3755 3533 3754
18704 3765 3975 4023 4016
18705 5539 2299 2272 2251
18706 6103 6607 6734 5295
18707 6977 2384 2432 6976
18708 3104 4917 3103 4560
18709 3120 1719 1720 1727
18710 6951 4955 2302 7011
18711 7106 1884 1865 1879
18712 5961 5964 440 5423
18713 3765 3975 4016 3977
18714 5243 3765 3764 4870
18715 6607 6604 6734 6271
18716 6297 5582 2435 5583
18717 3242 3241 2580 2564
18718 6397 351 352 357
18719 3085 2600 1636 2599
18720 3764 4870 3765 3823
18721 4055 6226 3077 6808
18722 6230 6231 6657 6228
18723 6397 351 357 356
18724 5951 412 417 411
18725 1834 5896 6336 5881
18726 7108 1958 6733 6833
18727 407 5897 406 412
18728 4055 4057 4142 4289
18729 4025 4363 5147 6758
18730 5419 449 454 105
18731 5420 450 3587 455
18732 3586 5327 457 452
18733 6645 5340 4339 1849
18734 3587 455 450 456
18735 3811 4258 4364 6788
18736 4526 5131 6008 5147
18737 4602 4534 2987 5933
18738 5761 383 382 377
18739 5759 1000 5816 993
18740 6397 5750 5716 356
18741 6863 1840 1870 1856
18742 2978 3074 3638 2704
18743 3098 3251 2677 3249
18744 2801 2802 2664 1830
18745 5684 840 3731 833
18746 2855 818 819 826
18747 5745 887 892 886
18748 5150 3338 3097 2677
18749 5676 882 887 881
18750 2798 2796 971 978
18751 5681 882 877 883
18752 6609 1825 1798 1809
18753 5833 5837 389 1761
18754 5676 887 886 881
18755 3747 2710 5227 5208
18756 5672 5694 337 332
18757 951 4660 5570 958
18758 3863 350 345 351
18759 5694 1789 333 332
18760 5799 1029 1045 1021
18761 1021 5799 5800 1032
18762 5659 6700 5660 1044
18763 6064 469 464 470
18764 3239 6529 1732 2615
18765 3073 4781 5377 4779
18766 4231 5377 3803 6080
18767 5681 882 883 888
18768 5383 5390 4231 4543
18769 2801 1830 1826 1904
18770 5035 4438 4441 4442
18771 6609 5376 6059 1825
18772 5383 5377 6014 4543
18773 2976 917 918 923
18774 5304 5377 5383 6080
18775 5598 25 5595 26
18776 2671 5171 4486 4347
18777 2664 1815 1781 1800
18778 5277 4280 5171 6626
18779 5509 5827 392 391
18780 6598 5615 875 876
18781 331 330 336 4728
18782 5275 6842 5277 5171
18783 2916 5275 4347 4459
18784 4659 6597 952 4661
18785 6853 1379 1289 1262
18786 5035 4468 4436 4438
18787 7149 2054 7144 7091
18788 350 349 5716 3863
18789 5035 5036 4468 3148
18790 4203 4780 995 988
18791 5035 3148 4855 5036
18792 3731 839 847 846
18793 6559 907 902 908
18794 5171 4486 4347 6842
18795 6579 226 861 854
18796 5171 7076 4608 6842
18797 5699 5503 833 3266
18798 6559 4901 903 902
18799 6564 916 917 922
18800 6559 907 908 913
18801 3439 3441 4420 3442
18802 5189 4228 5687 6771
18803 5171 7103 6626 7076
18804 6132 1014 506 507
18805 5990 496 495 490
18806 6004 504 1037 116
18807 6696 1132 6014 6697
18808 5413 4425 6191 3224
18809 5681 888 887 882
18810 5535 4148 5533 3916
18811 5681 5676 6528 5615
18812 3802 3803 3073 3488
18813 881 880 5676 5615
18814 5520 3542 5676 5615
18815 6522 1957 2033 2156
18816 5613 805 797 798
18817 5158 46 4767 45
18818 371 377 5761 376
18819 6050 5769 5809 5799
18820 5592 5263 878 6516
18821 6600 1809 5591 1786
18822 5818 917 6564 916
18823 7217 5275 5247 6842
18824 5591 1786 1 48
18825 5657 1020 1021 385
18826 5221 5227 6860 6547
18827 5263 873 878 872
18828 978 979 2798 2797
18829 5451 1138 1116 1165
18830 4901 898 42 903
18831 5630 6573 5755 5656
18832 6534 1071 1087 1067
18833 812 3543 3541 819
18834 5679 1774 5727 791
18835 6191 5898 4424 6637
18836 5837 1775 5833 5896
18837 7129 5700 6637 6191
18838 5698 896 895 890
18839 5308 5574 2011 1818
18840 4425 6191 5898 4424
18841 1775 5833 1683 1761
18842 5744 891 892 897
18843 6523 838 837 830
18844 6849 3045 7138 4525
18845 5745 6528 5681 5676
18846 5374 1776 1768 1767
18847 4729 1790 1783 1782
18848 6598 5727 5621 5615
18849 5615 876 881 875
18850 4525 6300 3597 3595
18851 5420 117 1778 118
18852 3586 6053 1780 3588
18853 4497 4498 523 530
18854 6015 460 466 465
18855 5277 5171 7103 6626
18856 4034 4036 6500 4771
18857 7274 3649 3838 3056
18858 3838 7274 3051 3650
18859 6185 2263 2307 2218
18860 6130 2365 2306 2346
18861 3056 2584 3085 2568
18862 6032 2306 2375 2344
18863 2803 3371 4146 4145
18864 5017 3094 3127 2566
18865 6184 2306 2344 2263
18866 5930 4659 3374 4660
18867 4465 3547 3270 4639
18868 6276 5634 5228 4465
18869 6276 3028 5730 4639
18870 4290 991 3462 3173
18871 4525 6300 3595 3045
18872 3444 3158 3722 4017
18873 3372 6508 5448 3084
18874 5518 364 359 365
18875 3025 7222 3023 6882
18876 3026 3027 3270 3028
18877 5792 383 64 65
18878 3266 5698 3545 5699
18879 5521 971 964 3291
18880 5698 901 895 896
18881 5378 370 371 376
18882 5833 103 5846 1690
18883 6687 1624 6719 6579
18884 4193 2685 5284 5876
18885 5649 423 82 83
18886 4613 1724 1731 1723
18887 5767 5793 920 6625
18888 5649 6325 428 5976
18889 2666 5272 4691 4114
18890 5369 113 5959 112
18891 2890 2753 3270 3548
18892 5225 684 6346 700
18893 6579 1624 6719 861
18894 868 5793 861 1624
18895 5961 5957 3385 5332
18896 3239 1731 1732 1739
18897 7025 5459 715 699
18898 6325 428 427 422
18899 6261 1884 1850 1865
18900 5319 5932 417 422
18901 5472 1879 1868 1911
18902 2323 6646 5540 6640
18903 5347 5673 5687 3043
18904 5583 2435 2434 2418
18905 1624 1043 868 5793
18906 699 5225 5226 7025
18907 5845 1124 1160 1166
18908 5459 6346 700 5225
18909 2924 2615 2743 2673
18910 6852 6832 1184 5754
18911 5827 1775 6336 1801
18912 5649 428 422 423
18913 3869 5271 4240 5266
18914 2986 3161 3273 3272
18915 5770 359 31 30
18916 3412 5091 3407 6334
18917 5958 432 427 433
18918 4442 4216 5644 4449
18919 5518 5716 354 5771
18920 4689 2665 2800 2802
18921 3406 3407 5091 5087
18922 3407 5882 5087 5090
18923 5528 531 538 530
18924 3542 3543 3541 5621
18925 3369 3385 438 437
18926 3406 3405 3407 3781
18927 5528 545 544 537
18928 6849 6865 6648 1928
18929 1999 6563 1975 1926
18930 5931 6563 1975 1999
18931 6858 1183 1207 1230
18932 5770 354 359 30
18933 4216 4750 6845 5644
18934 5420 3587 450 1779
18935 3407 3411 3399 3405
18936 3334 3808 3711 3302
18937 5419 11 449 105
18938 3313 3322 3316 3321
18939 2991 4810 3001 6506
18940 4441 3158 3262 4216
18941 1904 5395 2801 5810
18942 958 951 950 5570
18943 5716 350 3863 351
18944 5140 6573 5445 6275
18945 6579 861 6719 854
18946 5308 930 245 246
18947 1926 5810 1999 6563
18948 5308 5747 2011 5574
18949 6216 5931 2801 5810
18950 6216 5931 5810 6563
18951 919 6579 226 5793
18952 5810 5395 2801 5394
18953 331 4728 337 5672
18954 5810 1999 1904 1926
18955 5931 5810 1999 2801
18956 6514 6515 4036 4772
18957 5396 1904 5395 1844
18958 4114 3188 3187 3863
18959 2801 2664 1826 1830
18960 6216 5810 2801 5394
18961 3187 3188 3189 3863
18962 348 5399 58 5391
18963 3044 4525 6216 6563
18964 4143 2800 2663 5394
18965 4524 3186 4143 2800
18966 6057 4725 4726 5627
18967 6849 6648 1944 1928
18968 5016 5014 5013 1923
18969 4728 5391 5694 4727
18970 2800 2663 5394 2801
18971 5035 4215 3262 4855
18972 4216 7073 6845 4750
18973 588 1264 581 1144
18974 6839 1208 1120 1144
18975 2849 1144 162 588
18976 5418 2849 1090 1074
18977 587 1074 163 2849
18978 2849 163 1144 1090
18979 567 6119 574 6036
18980 6473 6474 1264 6221
18981 2849 1144 163 162
18982 4216 4449 4442 4441
18983 6238 1055 1060 1030
18984 5958 428 433 427
18985 5972 1160 1124 1141
18986 5959 5917 112 83
18987 2674 2743 2673 5957
18988 3385 437 431 432
18989 5146 1063 1083 1050
18990 1153 6614 1133 1112
18991 5958 5976 433 428
18992 5969 1084 1069 1102
18993 6862 1806 1841 1828
18994 5185 5857 5832 5368
18995 5420 6017 454 455
18996 5493 7095 6826 1915
18997 6010 6026 1148 7132
18998 5123 4454 5794 4452
18999 1127 1150 4823 4454
19000 7178 1934 7202 1959
19001 4119 4120 5989 4117
19002 3179 3575 3121 6501
19003 4296 4300 1254 1295
19004 7129 5898 1952 1997
19005 7180 1857 1870 1838
19006 7167 4482 1820 4730
19007 6864 1856 1871 1837
19008 5619 7036 1891 1937
19009 5158 5155 893 44
19010 5306 6519 7036 1914
19011 5903 7230 5779 7170
19012 7242 2484 2467 2468
19013 4890 4960 4899 4914
19014 7220 4959 5487 2145
19015 5788 1255 6669 6679
19016 4898 4899 2186 2220
19017 5298 1447 5292 4156
19018 5618 5029 7258 4331
19019 6656 956 6640 5281
19020 6452 5712 6886 1429
19021 6729 7122 4757 2076
19022 5715 2046 5566 2113
19023 5813 2107 2089 2082
19024 5813 2082 2089 2026
19025 4577 6916 6920 6937
19026 2777 3808 3968 3448
19027 6240 6241 6239 109
19028 1309 4857 4264 4275
19029 5071 6388 7066 3887
19030 6155 1251 1286 1309
19031 6334 5828 6620 3231
19032 3119 1721 1720 1713
19033 1698 6092 1691 4351
19034 4138 1039 1023 1051
19035 6117 1122 6674 1095
19036 6695 6116 4057 1109
19037 4289 6415 6117 6674
19038 5078 5850 6031 6026
19039 6825 2560 2559 2543
19040 5024 1212 6894 1188
19041 3088 5123 3017 3652
19042 6876 1939 5013 1918
19043 5024 5274 6894 1212
19044 3016 6396 2973 2971
19045 2973 2971 1213 1187
19046 6828 3147 1350 1365
19047 6922 6146 4814 2073
19048 5877 5878 4397 1922
19049 7089 2355 2331 2293
19050 4519 4517 7058 1382
19051 5310 5060 5356 7201
19052 3033 6206 3034 6823
19053 5772 5764 2176 2198
19054 4104 3882 6375 5552
19055 1548 7152 6935 4587
19056 7082 6793 4941 1486
19057 4587 1482 1513 1548
19058 6905 7118 1258 1238
19059 3033 6206 3031 3034
19060 4482 4731 6872 1840
19061 6885 7019 6831 1963
19062 6885 1962 7019 1963
19063 5629 1857 6548 1901
19064 3583 2848 6024 6240
19065 6161 6055 6611 6054
19066 3142 6791 6467 4936
19067 2127 7166 7067 7191
19068 6831 1976 6795 1995
19069 6898 5619 1937 7036
19070 2061 6560 4798 2105
19071 7139 2125 2112 1956
19072 4710 5234 3927 4053
19073 4876 6361 6739 6732
19074 7106 4242 1884 1879
19075 7108 4877 4876 4243
19076 3940 6764 3928 1280
19077 6739 1701 6733 6732
19078 5477 2304 1679 1678
19079 6361 1701 6732 1708
19080 3202 5082 5124 3033
19081 6781 6364 2280 2232
19082 6076 5340 4160 5145
19083 1937 5620 1921 5619
19084 5619 1907 3308 1921
19085 4420 3805 6197 6170
19086 3307 3308 5619 1907
19087 6864 6519 1871 3307
19088 3320 6052 6912 5909
19089 5794 4454 5123 1127
19090 3017 3009 1147 2971
19091 6809 7036 6519 5619
19092 3306 3308 3307 1907
19093 4451 5024 3014 4453
19094 564 3608 557 556
19095 3824 5471 6487 5242
19096 5464 6491 5939 1650
19097 4887 4885 689 673
19098 5690 2123 5693 2160
19099 6443 1628 770 771
19100 5946 571 5372 6251
19101 3825 5464 6816 5242
19102 5428 658 641 642
19103 1161 1179 6901 6889
19104 3090 4751 5122 6845
19105 3033 6823 3034 5082
19106 5794 4822 4823 1093
19107 2889 3026 3027 3270
19108 361 6397 5750 5632
19109 4327 1091 1097 1119
19110 4326 1091 1130 1068
19111 1116 6507 6099 1097
19112 6507 1119 1097 1138
19113 4619 1130 1079 1068
19114 6507 1097 1116 1138
19115 6050 1032 5800 5799
19116 6275 5755 5648 6715
19117 3189 4764 29 30
19118 4341 3016 4848 3576
19119 4482 4730 4731 1820
19120 5189 5861 6771 5589
19121 4623 1168 4453 1150
19122 1995 6831 6885 6795
19123 5680 343 5694 338
19124 4116 6861 4535 6901
19125 3652 1191 6804 6772
19126 4356 7060 6898 7019
19127 3510 3967 4062 3968
19128 6884 1177 6845 1151
19129 4314 6910 4315 4137
19130 6687 1059 1086 1624
19131 921 6564 5767 5815
19132 5124 5082 6190 6823
19133 2974 38 37 923
19134 2977 922 2976 923
19135 6190 6189 5700 5124
19136 4114 3863 344 345
19137 3186 4691 3188 4114
19138 1790 2802 1818 1830
19139 2801 2802 1830 5574
19140 344 3187 349 3863
19141 5570 4660 2798 958
19142 2666 4114 4115 5272
19143 5780 1878 1862 1843
19144 6864 1871 6519 1875
19145 4850 3318 4847 5224
19146 6514 5482 3912 4772
19147 6878 7036 1969 1954
19148 6737 4724 1807 1788
19149 6738 1843 1807 1822
19150 7136 1838 6872 6705
19151 6470 4735 5600 5598
19152 5395 5394 5303 2664
19153 6519 7036 1914 1891
19154 3307 2999 6527 6519
19155 4746 5929 1978 6877
19156 4934 4228 6770 5014
19157 5637 6551 4894 42
19158 6863 1886 3307 1871
19159 5473 5845 5942 1166
19160 6257 1867 5870 1852
19161 5709 1160 1141 1115
19162 5636 5865 1804 1839
19163 6571 5458 1784 1804
19164 6739 6833 1680 2276
19165 1888 5472 7108 3057
19166 297 1680 1958 2276
19167 6723 6535 4672 3909
19168 4876 6739 7111 6833
19169 4882 4242 1879 2058
19170 7108 1958 1911 1888
19171 6739 2276 1680 1679
19172 4712 7111 5477 6364
19173 3014 4454 1150 1170
19174 3017 4454 1127 5123
19175 6396 3014 1188 1170
19176 3017 5123 1127 1129
19177 4745 4720 4778 4746
19178 3711 3300 6052 4346
19179 4454 4453 1150 5806
19180 3266 819 220 221
19181 220 3266 5622 812
19182 3266 5504 222 221
19183 3543 5520 885 884
19184 5400 5654 911 6566
19185 3545 5766 5744 5752
19186 890 5698 3545 3266
19187 6566 5400 906 911
19188 819 3543 3541 2854
19189 6788 6009 5829 6627
19190 4794 6456 6462 5461
19191 6066 6505 6350 2260
19192 6068 6066 2338 6067
19193 6532 7248 6379 1314
19194 6673 2272 2155 2235
19195 6673 2279 2155 2272
19196 6667 969 6671 6734
19197 4807 4812 2216 4813
19198 6935 6290 1567 1536
19199 3910 5480 6536 3909
19200 3909 5474 6321 3911
19201 4962 4812 4994 3880
19202 4999 4958 5004 4101
19203 1542 1526 7007 5313
19204 6933 1450 5134 5313
19205 4812 2301 2256 2216
19206 5911 1766 6569 1785
19207 3043 3045 6849 6865
19208 3122 5877 4397 1922
19209 7177 6501 1874 1913
19210 3177 6826 3572 7173
19211 5626 5635 5636 6570
19212 2645 5486 5922 5578
19213 5636 6570 1823 1795
19214 6866 6711 5494 1855
19215 5857 6005 5978 6720
19216 3406 5624 5086 5087
19217 5857 5832 5368 1146
19218 6009 5829 6627 1205
19219 6711 5494 1855 1894
19220 6713 1894 6711 1912
19221 6712 6818 1893 1873
19222 6820 7163 6030 4373
19223 4725 1794 5627 1808
19224 5598 5594 5596 7119
19225 5592 7119 47 5593
19226 6458 4468 1181 1163
19227 5680 333 1789 54
19228 6610 6548 6611 1857
19229 5659 3640 1056 1025
19230 3189 4764 3187 29
19231 4624 4625 4623 4450
19232 4753 1078 1100 1064
19233 5122 3652 1129 5123
19234 1179 6889 1136 4442
19235 4456 4754 4753 4749
19236 4951 3707 7257 4950
19237 5924 6681 6682 6954
19238 6982 4305 7010 4306
19239 2967 6766 1472 2937
19240 6060 2499 2482 2483
19241 5825 5291 3304 4156
19242 6656 5281 963 956
19243 6235 2449 2466 2465
19244 5581 5539 2251 5583
19245 4627 1111 1149 1128
19246 5655 1048 6740 1062
19247 4622 1096 1111 4621
19248 4456 4753 4752 4749
19249 2808 3043 5603 3045
19250 4623 5025 4453 1168
19251 4623 4626 1149 4627
19252 366 5633 5632 5517
19253 6508 7187 6507 1119
19254 6050 5786 6095 6096
19255 3043 6865 5603 3045
19256 5761 5792 383 378
19257 6668 1042 1053 1029
19258 4314 5995 4315 1578
19259 7201 5723 2060 2071
19260 5830 5368 5832 1186
19261 5249 6173 4469 2224
19262 6793 7023 7151 4940
19263 4760 4401 4407 4762
19264 5719 5722 5720 7153
19265 5832 5368 1146 1186
19266 5723 2036 4663 4676
19267 4725 6057 6872 6705
19268 5404 6762 6981 5349
19269 5722 2060 7213 7260
19270 6421 2142 2163 2126
19271 4746 6835 6877 1983
19272 4778 4746 4720 1983
19273 4562 5712 4561 1489
19274 6793 1516 7082 7151
19275 6560 2061 2093 2105
19276 4517 7058 1481 6914
19277 1514 1486 7082 6914
19278 7082 7151 1548 7152
19279 6794 2096 2038 2068
19280 3497 3499 3500 5437
19281 6831 6795 1976 6160
19282 2093 5335 2128 5334
19283 5565 4851 1292 1304
19284 6884 1151 6772 1177
19285 6831 5620 3301 1938
19286 2238 5278 2285 7254
19287 3187 28 349 29
19288 5607 7222 29 28
19289 5393 5396 5395 5589
19290 6194 6738 1822 4694
19291 5302 5394 2663 5303
19292 3176 3112 5919 3180
19293 7165 6936 6932 1232
19294 3776 4531 5670 6415
19295 7165 6923 6936 1232
19296 5443 1953 6503 5442
19297 5324 1173 6706 5430
19298 6921 5884 1940 3122
19299 4677 4676 7202 1934
19300 3110 3109 1861 1845
19301 3043 5674 6865 5346
19302 2201 6302 6641 7254
19303 2649 6987 2651 2650
19304 5857 5832 1146 1175
19305 1310 6936 6805 6937
19306 7188 1171 6810 1206
19307 5175 5246 5248 4469
19308 3391 5208 5227 5682
19309 7035 7103 2285 5772
19310 7082 6914 3900 4517
19311 7082 7151 1516 1548
19312 5278 7217 2325 2286
19313 7196 2325 7217 2330
19314 3044 6563 6216 5810
19315 4928 6690 7212 6491
19316 6351 5692 5426 5693
19317 658 6250 674 675
19318 6250 4885 674 690
19319 6471 6232 643 659
19320 6306 597 2828 2371
19321 5463 6690 5465 5464
19322 3437 2162 2230 2278
19323 3608 4887 550 543
19324 2652 7202 4677 4676
19325 6765 1176 3602 5490
19326 3629 5959 3628 5917
19327 6280 4416 5443 5442
19328 1936 5442 1968 4416
19329 7077 6075 2139 6081
19330 7040 2065 6133 7039
19331 3179 3575 6501 3572
19332 4756 7094 3177 6826
19333 3438 6647 7094 5491
19334 7188 6810 6923 1206
19335 3043 6849 3045 7138
19336 1895 1917 6501 3116
19337 3181 3180 5919 1858
19338 7210 5443 4400 2010
19339 7177 6501 7173 1874
19340 6955 2241 6146 2137
19341 2099 7201 2071 2649
19342 3646 3649 2552 2553
19343 5104 6130 7198 6032
19344 7093 5236 1535 6943
19345 3645 3644 2472 2488
19346 2471 5083 2454 2470
19347 6185 7049 6130 2263
19348 3678 2506 2489 2490
19349 6187 5119 5585 3644
19350 6354 2194 2228 2157
19351 3043 5346 5673 5674
19352 4586 1536 6956 6290
19353 6935 6999 6289 6290
19354 2689 6012 4180 4487
19355 3061 4067 3565 5457
19356 5345 5347 5673 5687
19357 5764 6081 5121 7078
19358 4882 1956 2112 2058
19359 6839 1263 1626 1120
19360 6119 2779 6193 6244
19361 4415 6475 3222 5689
19362 3482 3437 3484 6369
19363 6820 2055 2056 2002
19364 6057 6055 6054 7136
19365 4373 2055 2002 2018
19366 4966 4515 5384 5365
19367 2302 6951 6954 4955
19368 6965 2079 2055 2018
19369 6746 6743 2178 2146
19370 2146 6743 2214 6744
19371 4526 4602 5933 5945
19372 5550 1399 4223 1366
19373 2857 6319 3628 3272
19374 2935 2937 1472 1399
19375 4223 4844 5544 1366
19376 5112 5686 6051 3798
19377 3717 3716 3801 3797
19378 4486 6102 4608 4487
19379 5384 7008 6984 1393
19380 4658 6974 5408 5373
19381 5729 6879 6806 6073
19382 1959 7178 4416 7202
19383 7095 7178 1892 1934
19384 6851 1245 7150 1231
19385 2649 2036 4663 5723
19386 2943 3037 2641 3853
19387 3176 3106 3111 3574
19388 6010 5829 1205 5368
19389 5533 6055 6057 6058
19390 5148 4025 6758 4363
19391 5403 6291 6896 1326
19392 6382 2203 7101 2225
19393 7102 2173 2201 2129
19394 4536 6906 4594 4529
19395 3311 6319 3628 2857
19396 6556 4468 1179 1223
19397 7216 2102 2129 2068
19398 6760 6686 4541 6756
19399 5830 6851 7150 1231
19400 6502 6503 5443 1953
19401 6009 6010 1148 7132
19402 5368 5829 5830 5831
19403 7095 1892 7177 7173
19404 7177 1936 5442 1913
19405 4756 5865 6711 6866
19406 4398 4416 2650 6987
19407 5078 6026 6010 7132
19408 6005 5857 5858 5832
19409 3408 3410 3416 3413
19410 6157 6125 2269 6126
19411 3537 677 3530 661
19412 3764 5242 3826 3827
19413 5809 6099 5786 1072
19414 7187 1137 4327 1119
19415 2944 2943 2641 3853
19416 5631 5786 6099 1082
19417 6099 1082 5786 1072
19418 7243 7200 7260 2060
19419 6762 7266 1460 1393
19420 1331 7186 6963 7206
19421 1494 1544 6946 7041
19422 5384 1381 7005 1324
19423 5091 5910 4787 5548
19424 4184 6888 1204 1252
19425 5324 5900 1171 5430
19426 5324 4717 6007 7188
19427 4416 5442 7178 1936
19428 5627 5533 6609 5534
19429 6709 5324 7188 1206
19430 6709 6923 1232 1206
19431 6138 4499 5564 7266
19432 6007 6813 5324 7189
19433 6813 5857 1162 1175
19434 7118 6932 6879 1238
19435 2820 2645 5922 5578
19436 5722 2004 5720 7153
19437 6010 5368 1167 1126
19438 4444 4443 5920 5454
19439 3572 7095 7173 6826
19440 2727 3106 3579 3184
19441 3169 3422 2907 3365
19442 5491 6711 6713 5494
19443 3311 3630 5921 2856
19444 7213 7153 6760 2004
19445 4540 6927 5966 6926
19446 4574 4575 4573 6923
19447 4515 4514 5365 4530
19448 7120 6851 1231 1258
19449 5373 5408 1298 6974
19450 5717 5724 5723 5722
19451 6880 6584 1396 1370
19452 4367 6748 6964 6744
19453 5680 5694 1789 333
19454 6588 5644 1136 1117
19455 4442 6889 1136 5644
19456 4446 2710 5208 2712
19457 54 1789 5 53
19458 6702 1118 4438 1139
19459 3550 6301 5229 4819
19460 3090 6884 5122 6772
19461 5680 4727 5391 5751
19462 1907 1938 1919 3303
19463 4226 3652 6804 6772
19464 3319 5873 5902 5901
19465 6885 6897 2007 6562
19466 4356 7019 6898 5620
19467 6897 7019 1962 7060
19468 4720 4719 4783 2027
19469 4395 4393 4394 6941
19470 7057 6914 1486 1481
19471 7067 4719 2098 2130
19472 5193 7100 7099 7244
19473 2972 4849 4852 2970
19474 4356 5620 6898 5619
19475 7059 4778 2009 5016
19476 6886 1489 5712 4562
19477 4078 7031 7053 1425
19478 6106 6378 4431 4437
19479 3711 3712 6052 6506
19480 4775 860 5756 867
19481 6394 6512 7164 6557
19482 6322 6323 1496 1479
19483 3748 3749 3720 6106
19484 5767 6625 6579 5793
19485 6722 6693 1226 4638
19486 2827 5708 4298 4297
19487 3163 6325 5649 5976
19488 3857 2615 2923 2673
19489 5649 428 6325 422
19490 5319 6325 5932 422
19491 5035 4436 4441 4438
19492 4624 5027 4491 5025
19493 7169 5013 1897 1918
19494 7180 6611 6518 1889
19495 3090 5122 6884 6845
19496 3300 6153 3301 3303
19497 6040 4439 5916 5918
19498 6303 7254 6302 2288
19499 3302 3308 3303 3301
19500 3333 3301 5620 3308
19501 4442 6588 1136 1118
19502 4237 3415 4238 3413
19503 6884 6772 1151 5122
19504 4869 6292 6773 6291
19505 6057 5534 5627 4726
19506 2650 2649 2034 4663
19507 2650 6987 4416 1998
19508 3691 3692 7157 3693
19509 5389 5373 1296 1272
19510 5060 4260 2172 2202
19511 4966 5373 5365 5384
19512 7201 7260 2060 5723
19513 2649 7201 2071 5723
19514 7243 2163 6421 6752
19515 7120 5830 1231 6851
19516 7005 5373 1324 1296
19517 4761 5356 5310 5060
19518 2649 2034 4663 2036
19519 4968 4566 4975 5076
19520 6020 5878 5877 1922
19521 2650 4416 2005 1998
19522 4416 2650 2005 7202
19523 2652 4663 2650 7202
19524 1982 5721 4676 2036
19525 6940 1348 6942 4395
19526 6603 5523 6917 6892
19527 4778 2009 5016 1983
19528 3319 4782 5872 3247
19529 6779 4075 7053 1448
19530 4071 4069 4070 4076
19531 5094 4561 1545 1489
19532 5489 5496 5715 2046
19533 5758 5014 1923 1899
19534 6832 5523 1224 1198
19535 3456 3503 3498 5928
19536 3487 7234 7074 7125
19537 4090 5636 5864 5458
19538 5710 5132 4298 5969
19539 5419 5912 105 106
19540 6022 6241 3585 3670
19541 6571 6570 1795 1771
19542 5161 6754 5090 78
19543 3231 77 6109 5882
19544 6978 6570 6569 1771
19545 8 5911 1766 6569
19546 6569 8 1771 1766
19547 3217 3905 4511 4640
19548 7040 7255 2164 2136
19549 5365 5408 1324 5373
19550 4595 7152 4518 7082
19551 4300 4581 4296 4299
19552 6253 7245 4569 4570
19553 6075 6081 2095 2139
19554 5349 7005 1352 6949
19555 5334 5342 2093 5335
19556 1543 6145 1567 6142
19557 6915 5928 7060 2001
19558 6561 6795 6794 2038
19559 5611 6896 5565 1304
19560 4852 6896 6291 1265
19561 7196 4460 2239 7217
19562 4651 7023 7151 7081
19563 4327 4326 1091 1137
19564 4449 4019 4017 4216
19565 3763 3753 6356 5028
19566 5297 6665 1003 1010
19567 6375 2339 5784 6993
19568 2648 5922 2820 2645
19569 5765 6957 6147 2241
19570 4741 4125 3352 4743
19571 4577 4581 4300 4299
19572 6388 2348 2265 2305
19573 2332 3880 3882 6478
19574 4964 6985 7079 7175
19575 7077 4762 6102 2168
19576 3304 2594 3398 2578
19577 6508 6002 6837 3082
19578 1149 4627 5754 1137
19579 4625 4450 5806 4623
19580 5810 7138 6563 1926
19581 3021 3046 4733 4144
19582 6771 1860 5861 1881
19583 3273 6319 3272 3310
19584 5016 6835 1983 1939
19585 1923 5016 1939 5013
19586 6876 1954 6835 1939
19587 6835 6877 1983 1954
19588 6887 6942 1297 6929
19589 3026 6472 3025 5733
19590 3057 6838 5879 1888
19591 5828 5827 6336 1801
19592 6620 1831 1803 1801
19593 5639 3162 5649 3312
19594 7106 6243 6261 1884
19595 3310 84 3384 5976
19596 1775 1834 5896 6336
19597 3411 5897 6333 3399
19598 1398 3147 1338 3146
19599 5456 4748 4819 4625
19600 5902 1984 2014 1966
19601 6889 6845 6884 1161
19602 6884 1161 6845 1177
19603 6861 6884 6772 1177
19604 7041 3799 3795 7190
19605 2165 5060 2202 7207
19606 5248 4538 5753 5250
19607 5564 4315 5995 1487
19608 4315 1578 5995 1487
19609 6931 1481 7057 1480
19610 4566 4570 5514 4569
19611 6745 6746 2147 6744
19612 4528 4530 5126 6073
19613 5264 5353 4758 4759
19614 7266 1393 6984 7008
19615 4259 5356 5060 2172
19616 4471 2224 6174 2190
19617 1452 7026 4562 7031
19618 6012 7077 6075 4762
19619 7071 4936 6467 1483
19620 6247 6246 4971 5455
19621 6279 6503 6049 6280
19622 5560 2100 4719 2130
19623 6913 6829 6873 4655
19624 4072 4069 6469 6983
19625 6396 2973 2971 1213
19626 6939 5775 6857 5776
19627 3498 6915 7072 5928
19628 6915 6562 4798 2040
19629 3012 3014 3017 4454
19630 6415 6698 1106 6674
19631 6706 6675 1140 6674
19632 5850 5849 1092 1075
19633 6023 1146 5368 1126
19634 3578 2838 2969 2843
19635 4055 6808 6796 4028
19636 6706 6813 6707 1162
19637 6709 1190 6813 1173
19638 5173 5565 7016 7022
19639 7143 5322 6247 5514
19640 4461 5337 2134 7176
19641 4518 7082 4517 4595
19642 5753 4765 4538 6102
19643 4073 4074 4071 4075
19644 3004 3453 3455 3456
19645 5337 5280 2167 2128
19646 5247 4460 7217 2281
19647 5503 904 223 222
19648 5400 5893 5503 904
19649 5760 840 223 224
19650 905 5654 5400 904
19651 5760 5503 904 223
19652 3266 5698 900 895
19653 5760 847 5893 840
19654 5503 222 3266 5504
19655 6502 5443 6504 2031
19656 3121 3116 5884 3122
19657 7210 2031 5443 2041
19658 5435 6048 3572 7177
19659 6501 6048 3572 3575
19660 6503 6501 1913 1953
19661 3472 3477 5460 3476
19662 6360 5569 6344 713
19663 6480 4925 4861 4611
19664 5552 5519 6358 6041
19665 3734 3754 4031 3533
19666 2696 3196 3195 4354
19667 4253 6922 4814 7048
19668 6317 4421 5422 6318
19669 6036 6034 560 553
19670 2778 1144 6258 2849
19671 4717 5900 5324 4284
19672 3572 7177 6501 7173
19673 6280 5442 5443 6503
19674 6921 1922 6021 5877
19675 5512 6908 5858 7189
19676 6048 7177 5442 6503
19677 6503 5442 1953 1913
19678 7177 1913 6503 6501
19679 5443 5442 1979 1953
19680 6355 6158 2312 2273
19681 4927 4415 4413 4928
19682 610 2350 594 2312
19683 2312 3243 610 2350
19684 4871 2123 5693 4865
19685 6985 6453 4988 5065
19686 4758 5577 5993 6729
19687 6158 2367 595 2350
19688 3892 2367 2320 2347
19689 3243 6158 2350 2312
19690 7005 1393 1381 5384
19691 6694 6722 6628 5267
19692 4650 7082 7152 7151
19693 6694 5847 6377 5268
19694 4594 4595 1417 1453
19695 6287 6874 3468 6288
19696 4595 1548 4587 7152
19697 4594 4529 6906 1419
19698 7180 7162 7268 6872
19699 4551 7126 3769 6408
19700 1943 5224 1925 1901
19701 4216 6889 5644 6845
19702 5402 6913 1293 1326
19703 6052 6967 6518 6912
19704 7215 6847 2133 3996
19705 6520 6519 5127 5306
19706 896 5744 5766 897
19707 3149 3147 3148 4856
19708 1284 1248 6768 6761
19709 6539 7087 4388 7086
19710 5027 6285 4492 6525
19711 6876 6835 1954 6877
19712 5188 6835 6876 6877
19713 6852 1224 6887 1194
19714 5024 1150 4453 1168
19715 5523 6929 1224 1276
19716 5523 1276 6892 6929
19717 6941 1348 6942 1297
19718 6852 5523 6929 1224
19719 6285 6887 6852 6929
19720 6894 6525 4491 4341
19721 5013 5016 6835 5012
19722 4718 4783 7122 4778
19723 6975 6454 1388 1348
19724 6171 4642 6174 4641
19725 4330 6832 6852 5754
19726 5673 5758 5345 5014
19727 1360 1418 1386 7022
19728 6561 6794 5334 2064
19729 5611 1325 7022 1360
19730 6739 1687 6733 1694
19731 5848 5847 5268 6105
19732 1695 6733 1702 3058
19733 3937 6732 1701 1708
19734 6733 1680 6833 1958
19735 1958 1888 7108 1681
19736 5848 5268 6694 5267
19737 1382 4519 4514 7058
19738 3899 4517 7058 4519
19739 6660 6027 6039 4564
19740 1352 7005 1393 1381
19741 4499 7266 6984 7008
19742 5365 7009 1381 1416
19743 4596 6072 4586 6906
19744 4325 4324 4620 4824
19745 3146 6828 1398 3147
19746 4859 3926 6291 6896
19747 1304 5611 6896 1326
19748 5403 6913 5402 1326
19749 5402 6913 6830 1293
19750 3926 4851 5565 6896
19751 7023 7081 1485 1516
19752 3335 6795 6831 6160
19753 1054 6050 4830 6096
19754 6097 4324 5661 6096
19755 4260 3877 7207 5060
19756 5454 3602 1274 5490
19757 5389 7005 1296 5373
19758 6974 7118 6879 1238
19759 5059 4538 4259 5061
19760 5564 7154 1487 7008
19761 7043 7238 7256 1550
19762 1588 1521 5996 5995
19763 5831 5186 6010 5829
19764 6295 3185 6862 5856
19765 3112 1861 3109 1841
19766 6971 3110 3109 1861
19767 6509 6274 3566 3554
19768 7130 6206 3031 1811
19769 6240 6239 108 109
19770 3454 6877 4746 6835
19771 6775 4746 1978 1983
19772 5189 4228 6771 6770
19773 4957 6929 6852 5523
19774 5024 5274 1212 1168
19775 3970 3030 2770 3029
19776 4940 6792 5174 3143
19777 3932 3926 2769 3918
19778 5514 5805 6253 7143
19779 3538 3545 3544 6582
19780 4744 4869 4858 6292
19781 6878 6898 1969 7036
19782 5928 5929 2001 2012
19783 2070 2040 2066 4798
19784 6898 7036 1937 1969
19785 7166 2097 6776 2066
19786 1152 6765 1192 7195
19787 3602 7179 1234 6627
19788 5454 6963 5885 1300
19789 1278 5920 5886 5885
19790 3544 6582 5752 4902
19791 6784 2148 7115 2215
19792 4804 6963 3602 7186
19793 6747 2081 2056 6748
19794 1205 7179 1234 7150
19795 1176 1192 6765 3602
19796 2652 4676 4663 7202
19797 5729 6879 6932 6806
19798 2649 2034 2099 5356
19799 2687 3136 3895 3280
19800 4636 4637 4295 6992
19801 6072 5135 1459 1427
19802 4814 7048 2073 2108
19803 6025 6810 4312 5507
19804 4632 5133 4580 4634
19805 6483 6460 5359 6466
19806 5371 6447 1638 7088
19807 5466 575 6221 568
19808 6233 5939 6491 1650
19809 5471 5464 1606 5242
19810 4883 5464 6491 5939
19811 4608 7076 6841 6842
19812 4572 3564 3404 3403
19813 5475 5483 5485 5476
19814 2247 2176 7103 7076
19815 5310 7201 5356 2649
19816 5247 6842 6841 2286
19817 7040 6081 2136 2095
19818 4498 523 124 123
19819 6053 509 5327 1780
19820 544 127 5315 126
19821 2987 3955 4531 4534
19822 5327 122 1780 509
19823 5327 1780 120 3586
19824 453 1780 120 5327
19825 6194 1791 4730 1822
19826 5638 5637 5730 4639
19827 1871 6863 6864 3307
19828 4935 7169 5781 5780
19829 6738 1843 1829 1807
19830 4725 1824 4731 1805
19831 5607 5153 6617 44
19832 7272 2390 2403 2395
19833 7249 2212 6451 2252
19834 3820 6359 3882 5552
19835 3278 2413 2414 2403
19836 6042 6381 7264 6041
19837 3677 6012 5170 4630
19838 7028 1542 5313 1529
19839 4924 4921 3848 3870
19840 5079 7133 6140 6956
19841 7028 7024 1529 5313
19842 7007 7085 7133 1547
19843 6145 7085 1547 7133
19844 1530 1505 6374 5270
19845 3826 6414 3822 3531
19846 4888 6250 5532 4885
19847 3783 692 5467 708
19848 5469 3531 3783 3530
19849 6386 695 3480 6404
19850 3733 5467 693 709
19851 5317 6787 727 6404
19852 5164 3843 3460 3844
19853 6402 7044 1602 1554
19854 3742 6815 3743 3995
19855 7246 2151 4818 2141
19856 1419 1484 6906 4594
19857 7255 2198 2136 5764
19858 6142 6141 6883 1466
19859 6083 5316 6091 558
19860 6111 558 566 565
19861 5320 5965 6127 496
19862 4654 3932 5403 5402
19863 2791 2788 5157 6774
19864 5736 6805 6806 6936
19865 2627 2635 3514 4152
19866 5138 6416 6907 4580
19867 4580 4637 7038 6416
19868 7209 1368 6805 6937
19869 6907 5138 1368 1389
19870 6905 5830 1214 1231
19871 5724 2649 5723 7201
19872 5408 4966 5373 5365
19873 6949 6851 1268 1321
19874 5310 7200 7201 7260
19875 6851 6947 1245 1268
19876 6984 7005 1393 1352
19877 7181 6267 6726 2235
19878 2279 6272 6605 5538
19879 3172 1669 5292 1621
19880 6933 7133 5135 1547
19881 6956 1520 5135 1547
19882 6774 5375 3542 3539
19883 6933 5313 1526 1450
19884 3544 5745 5752 5744
19885 4594 4595 1453 4587
19886 4518 4517 4519 4595
19887 7247 2274 2220 2313
19888 7149 4836 7158 6663
19889 5182 6649 5813 3594
19890 6650 6867 6662 953
19891 6741 6651 4331 1164
19892 3544 5676 3545 3542
19893 5029 5788 5787 5618
19894 2089 5813 2026 3594
19895 5094 4547 7042 1545
19896 3714 5348 5349 6981
19897 5159 5102 1566 4547
19898 5996 6000 7265 1544
19899 6988 6946 7041 1494
19900 7080 6980 7205 7030
19901 6927 6899 1960 1942
19902 6713 1894 5492 5494
19903 5533 6057 6055 6054
19904 5724 5722 7260 5723
19905 1172 1152 6009 7132
19906 4937 6791 4936 1454
19907 5611 1304 5565 1325
19908 4070 4395 6975 1348
19909 5246 4460 4461 5247
19910 5800 36 35 384
19911 5800 380 5799 385
19912 6493 1026 36 1032
19913 4830 1040 1026 1048
19914 6097 6050 5652 6095
19915 5623 35 34 379
19916 6173 7240 6174 2224
19917 6172 7183 2152 2190
19918 4137 6910 4315 6931
19919 4650 6999 7152 6290
19920 4538 6102 2168 6841
19921 6565 3498 7072 5928
19922 4851 6983 5565 1292
19923 4624 4623 4626 5025
19924 6057 6055 7136 6058
19925 3238 4745 5993 5015
19926 6286 6942 6887 6929
19927 4281 5470 6626 4280
19928 4356 6898 7036 5619
19929 7122 6729 7059 1989
19930 3080 5930 6217 6597
19931 3749 4429 4441 4436
19932 4838 6649 6648 6663
19933 6055 6547 4095 4098
19934 4228 5345 6771 6770
19935 7187 4327 1137 4326
19936 4589 4738 4737 5588
19937 3595 1944 6648 3594
19938 3591 6632 2000 5811
19939 1949 6648 1928 1974
19940 3590 3597 3591 6217
19941 6055 6054 7136 6611
19942 3454 4746 5016 6835
19943 5704 5705 5706 6893
19944 6924 6736 1924 1972
19945 6007 5324 6813 6706
19946 3185 5856 1792 1806
19947 3190 5864 5865 1819
19948 6568 6122 5856 4093
19949 6862 3109 5855 1828
19950 6162 6055 6547 6548
19951 5144 6220 5863 6111
19952 6569 1785 1784 5458
19953 5458 1792 3185 5856
19954 6596 1796 1811 1799
19955 4093 5458 3185 5856
19956 3552 4601 5671 3599
19957 573 2778 581 574
19958 5422 4422 6098 6318
19959 5471 5242 1606 1657
19960 7114 6059 6608 4095
19961 6221 6036 560 567
19962 6221 6036 567 574
19963 561 560 568 6034
19964 6928 6848 6474 7212
19965 6789 590 3736 1645
19966 5466 1623 6474 589
19967 6474 1623 1264 589
19968 6195 6221 2778 6036
19969 580 2779 573 6259
19970 6748 6744 2081 2109
19971 4839 4223 4843 4844
19972 5941 4373 2002 2018
19973 7004 3002 1617 3841
19974 3706 3701 3727 6418
19975 6748 6747 6820 2056
19976 3283 3285 6686 6756
19977 6793 7023 1457 1516
19978 5336 5280 5337 5335
19979 3901 3900 4651 4941
19980 7016 1369 7022 1325
19981 1369 7022 1423 7016
19982 6469 4074 1358 4069
19983 7135 7208 7072 4799
19984 3486 7233 5249 7074
19985 7008 6984 4499 5384
19986 6762 6984 7266 1393
19987 5373 4965 5389 7005
19988 4500 7058 7009 4514
19989 7009 5384 1381 1424
19990 7154 1455 4315 1487
19991 5564 1460 7008 1487
19992 6204 3372 6508 5669
19993 4757 5566 2076 2140
19994 4778 4783 2009 2027
19995 7122 7059 2009 1989
19996 7122 2076 6729 2019
19997 855 1643 6580 6541
19998 6724 6312 5262 2277
19999 6161 6611 6055 6548
20000 7120 6851 1258 5389
20001 6909 5858 6905 6908
20002 3438 7094 6647 5435
20003 4658 5408 6974 6879
20004 6909 7118 6905 1238
20005 6908 1232 7165 6932
20006 6974 5373 5389 1272
20007 6106 5847 6105 6378
20008 6702 1123 5498 1118
20009 6631 6901 6889 6884
20010 5401 5403 5402 6291
20011 3394 5209 6545 5206
20012 6283 6128 5118 6281
20013 5822 5821 6407 2110
20014 3010 6773 6804 3009
20015 6794 5334 2064 2096
20016 5483 6460 5438 5359
20017 4385 1431 7087 4387
20018 3773 5872 5873 6407
20019 3506 7216 6794 3508
20020 6828 3146 6539 4386
20021 3501 5620 6831 7019
20022 3037 6622 5491 4740
20023 5717 4676 6112 5718
20024 7120 6974 1258 7118
20025 4788 5871 5869 5870
20026 7150 5829 1205 7179
20027 6627 7179 1234 1205
20028 1231 5830 1205 7150
20029 6106 4432 4431 6378
20030 3351 4665 4743 5079
20031 5278 7217 7196 2325
20032 2164 7255 2198 2136
20033 6365 4254 6145 6143
20034 5795 6994 2327 6304
20035 1427 5134 5138 5139
20036 6935 1548 6999 7152
20037 4586 4587 1484 1536
20038 6906 1390 6072 1459
20039 6933 1491 5134 1450
20040 5134 1450 7038 5312
20041 4586 1536 6290 4587
20042 6490 6458 6106 4436
20043 5596 1765 25 48
20044 6194 4724 1791 1807
20045 5591 5593 1773 5597
20046 6490 5847 6106 6377
20047 4429 6106 4432 4431
20048 5595 1772 25 1765
20049 48 5596 1773 5593
20050 4429 4436 6106 4437
20051 5612 6913 1326 1383
20052 6560 5342 2105 2093
20053 6795 6160 2006 1976
20054 5337 5335 2128 2093
20055 5337 2128 5335 5280
20056 5611 7022 1325 5565
20057 7075 7081 1541 1485
20058 6874 7075 6289 1541
20059 6873 5612 1383 6913
20060 5609 7075 1485 7081
20061 3433 7231 5335 5334
20062 7196 5280 2196 2239
20063 7196 7217 2239 2330
20064 4818 4014 2072 2151
20065 1277 1309 4857 4264
20066 6020 1900 5878 1922
20067 5082 6823 4397 5878
20068 4173 3388 5738 5742
20069 6210 6970 2114 2047
20070 1324 5408 1298 5373
20071 5408 1298 6073 1356
20072 5059 4489 4485 4538
20073 1449 4514 7009 7058
20074 4514 7058 1449 1382
20075 2635 3660 2636 2633
20076 5384 4500 4499 7009
20077 5461 6284 1505 1439
20078 6462 1561 5461 6456
20079 1474 6462 1561 5461
20080 4077 4070 6975 4078
20081 7067 5560 2130 7262
20082 6124 1185 6721 6581
20083 7067 2130 2170 7262
20084 4070 4078 4076 1354
20085 6941 6454 1348 1378
20086 4069 3942 4375 6983
20087 4768 4721 4719 4718
20088 7166 7191 2138 7183
20089 7223 2199 7191 2171
20090 5739 5628 6341 4777
20091 7067 4834 5192 7191
20092 3425 3432 4474 3423
20093 4175 6341 6107 6613
20094 5739 4777 6341 4776
20095 4538 4765 2204 2168
20096 5248 2281 5247 2243
20097 3658 2627 2628 2635
20098 6102 6841 2205 2168
20099 6841 2286 6842 2205
20100 4588 4586 6290 4587
20101 3167 4399 3360 5658
20102 5752 5155 898 893
20103 5634 5606 32 5648
20104 4752 4749 6704 6846
20105 5375 5376 1802 6601
20106 5328 6984 6762 5349
20107 5476 5438 5260 6442
20108 5738 3388 4175 6523
20109 7240 7184 6174 2209
20110 7062 6752 2165 7207
20111 6949 6851 5389 1268
20112 7237 5563 6747 2084
20113 6752 7200 2092 2165
20114 6949 5349 1353 1352
20115 6759 7020 6760 2042
20116 3601 7186 3602 7179
20117 7179 6627 3601 5829
20118 3072 6765 3602 5490
20119 6851 5389 1268 1258
20120 7179 5829 1205 6627
20121 4025 4363 3271 4526
20122 7179 1359 1269 7186
20123 1270 6936 6932 6806
20124 6908 7165 1232 7189
20125 6932 6879 1238 1256
20126 6908 1190 7189 1232
20127 6280 4417 4400 4416
20128 6932 1270 1256 1232
20129 5740 6721 6802 6581
20130 4443 5886 5920 5885
20131 6581 6124 5740 6721
20132 7208 2106 4799 2152
20133 3306 3300 6966 6506
20134 4799 2105 7176 2152
20135 3925 6792 7023 7022
20136 7208 6776 7072 2066
20137 4798 6560 2061 2035
20138 4798 6562 6561 2035
20139 3919 5611 5565 7022
20140 4798 6562 2035 2040
20141 6071 6791 6468 6467
20142 5928 7060 2001 5929
20143 4069 1328 4068 1354
20144 6737 1797 1788 1807
20145 4476 4481 4478 4732
20146 5593 5597 7119 5596
20147 5598 47 5593 48
20148 5598 7119 5593 47
20149 5726 1794 4725 1805
20150 6071 3142 6467 6305
20151 7023 1485 5609 1457
20152 4281 5470 5170 6626
20153 4071 4076 4070 4078
20154 6885 3499 3501 6562
20155 5337 2167 4460 2197
20156 4461 4469 2179 2197
20157 5337 5342 2134 7176
20158 5278 2325 7196 2238
20159 4652 7075 7081 6289
20160 7231 5334 2096 2128
20161 2035 4798 6560 6561
20162 5280 4460 2167 2239
20163 6144 6143 7000 6436
20164 2248 6642 2201 6302
20165 7224 5276 7196 2238
20166 5278 2286 6842 7217
20167 5275 7196 4460 5280
20168 7224 7196 5280 2196
20169 5825 3304 4109 4156
20170 5181 6925 6726 6267
20171 5219 6938 6678 1312
20172 6395 6065 2546 2562
20173 5421 6855 5201 5866
20174 6665 1619 6664 1413
20175 6657 4156 1476 1447
20176 5737 6932 6936 6806
20177 7210 7211 2041 6133
20178 7210 7039 6133 2065
20179 5739 6341 5748 4776
20180 3389 6394 6512 7164
20181 4401 4400 2010 7039
20182 5896 6332 6653 3409
20183 5910 6757 7106 1865
20184 4882 1879 4877 1956
20185 6838 1853 1888 1868
20186 3058 1695 1696 1703
20187 4241 4242 4240 6243
20188 3389 6394 6392 6512
20189 5875 2683 6798 4190
20190 5027 5505 5028 6887
20191 5758 5016 1965 1923
20192 7122 4778 4783 2009
20193 4778 2027 4720 4783
20194 1329 6806 6973 6805
20195 4118 4533 4534 3955
20196 5210 7210 6133 7211
20197 1270 6805 6806 1329
20198 6392 3389 6512 6526
20199 6936 1310 6923 6937
20200 6806 1270 1256 6932
20201 6923 1270 1310 6936
20202 1242 6923 1270 1310
20203 7120 5830 6905 1231
20204 2230 3437 4932 6369
20205 4113 5350 4886 4929
20206 5488 7220 5487 5502
20207 5703 5706 6450 5704
20208 5007 5559 7098 7099
20209 5556 5557 6727 5575
20210 6950 6875 1327 6919
20211 5523 1243 6892 1276
20212 6450 5713 1395 5706
20213 4562 1452 6886 1489
20214 4893 5489 4914 2111
20215 5712 4561 1522 1498
20216 4172 825 5685 832
20217 5801 5253 5642 5802
20218 4748 4456 3551 3550
20219 7180 7162 6872 6863
20220 6588 5644 1117 5643
20221 4442 6556 1179 6889
20222 4438 4468 1163 1179
20223 3042 7124 7214 7143
20224 7045 2311 6247 2351
20225 6759 6760 6686 4541
20226 7245 6253 7214 2310
20227 1590 5159 4547 7050
20228 7043 6585 1531 7256
20229 7042 7050 5696 1568
20230 7017 1515 7026 5094
20231 3518 5696 7041 6000
20232 2303 7049 2346 7033
20233 5101 5100 5102 1552
20234 2392 5455 2336 2295
20235 7097 5159 5102 1572
20236 3386 4176 3389 3388
20237 5255 6995 6893 1468
20238 4137 5564 7154 4315
20239 6247 6253 5455 2362
20240 7041 1544 6000 1568
20241 6896 5565 3926 5611
20242 3389 4176 3394 6522
20243 4646 6560 5342 4799
20244 3347 4631 3349 4630
20245 2692 3577 4848 3576
20246 7216 3506 6794 3431
20247 6769 1797 6737 4738
20248 5680 4727 929 1789
20249 2663 5394 2801 2664
20250 2666 2802 4691 5265
20251 4691 335 5265 4729
20252 7164 3390 6522 3389
20253 3052 6631 3090 3091
20254 6470 4734 5598 5594
20255 5475 5474 5483 5476
20256 4529 4519 1417 4594
20257 1417 4517 1482 4595
20258 4517 1417 1382 4519
20259 1451 4517 1417 1382
20260 1356 4519 1417 4529
20261 1356 4514 4519 4530
20262 6483 3912 5483 6460
20263 1382 1356 4514 4519
20264 7103 2247 5772 2176
20265 3303 3306 1907 3308
20266 5035 6556 3148 4468
20267 6912 1916 6967 1889
20268 5606 4896 41 40
20269 6511 5629 6548 1901
20270 6966 6967 1919 1903
20271 2753 3548 2741 3547
20272 3301 6153 1951 1919
20273 6153 6160 1951 1987
20274 3249 3773 4552 5808
20275 1886 6966 1870 6863
20276 6931 1455 4315 7154
20277 5564 1487 7154 4315
20278 7154 1487 7008 1455
20279 7009 7154 7008 1455
20280 6931 6910 1480 7057
20281 6460 5438 704 5484
20282 4761 5060 4259 5356
20283 5249 2224 7233 6173
20284 4499 5564 7266 7008
20285 1449 7154 1455 6931
20286 5564 7265 1460 1521
20287 6483 6540 3912 6460
20288 6984 7005 1352 5349
20289 1353 5349 6948 6981
20290 5384 6984 7005 1393
20291 6946 1460 7265 1521
20292 5687 5396 5589 7138
20293 5396 5810 1904 1880
20294 5396 1844 5395 5589
20295 4589 5599 5393 5303
20296 5589 1880 1860 7138
20297 5346 5347 1905 6865
20298 5347 6865 1928 1905
20299 5451 5449 1116 6507
20300 5570 2798 964 957
20301 4975 6587 4973 4974
20302 4524 6368 3186 2800
20303 3430 4646 3433 3432
20304 7232 7225 2166 2201
20305 3431 6794 7216 7231
20306 5437 6794 6561 6795
20307 7231 7225 5335 2166
20308 1223 4468 1248 3148
20309 3194 3225 3226 3216
20310 4448 6490 5152 5859
20311 7134 5402 3147 1293
20312 6460 6466 736 5359
20313 4530 1356 5408 6073
20314 4500 5365 4515 4514
20315 6879 5408 1298 6073
20316 6974 1298 1272 1271
20317 1355 1356 5365 4514
20318 5365 1324 5408 1355
20319 5356 4408 2651 4407
20320 5807 5579 5808 3623
20321 4400 5443 1979 2010
20322 4574 6937 6805 6936
20323 6987 2039 1998 2650
20324 4765 4407 2085 4762
20325 6987 4407 2034 2649
20326 5356 4407 2085 4765
20327 2034 4407 5356 2649
20328 4448 3097 3772 3101
20329 2649 4407 2651 6987
20330 1936 1959 7178 4416
20331 6987 2010 2039 2062
20332 5764 7255 6081 2136
20333 5765 6147 7255 2241
20334 2290 2245 7142 5764
20335 7040 6081 7255 2136
20336 6972 7255 6147 2241
20337 5765 2241 7255 2245
20338 5139 4665 6072 5135
20339 7078 5764 6081 2176
20340 6153 1951 6160 3301
20341 5424 6830 5402 6913
20342 2105 6560 4798 4799
20343 5612 5611 5609 1383
20344 3926 5611 5403 6896
20345 6160 3301 1951 1976
20346 4116 4535 6861 7134
20347 3096 5151 3102 6904
20348 4784 6255 7101 6046
20349 4346 6153 5908 6160
20350 6828 4387 1398 1384
20351 3147 6828 1398 1365
20352 6772 6292 3091 6861
20353 6830 1293 6913 1364
20354 2649 5310 5724 2651
20355 4259 4490 4761 4765
20356 4527 4530 4529 4519
20357 5753 6102 4538 6841
20358 4530 4519 1356 4529
20359 5365 5408 1356 1355
20360 6780 6364 6781 4709
20361 4349 3922 1720 1713
20362 4876 4712 4878 7111
20363 3119 5288 1728 1721
20364 5997 7071 3515 6779
20365 5128 5271 5527 5941
20366 5285 2684 1736 1729
20367 6168 1715 5283 1722
20368 4876 7111 6739 6361
20369 4046 4881 4048 4049
20370 4953 4910 7011 5233
20371 4712 4713 5477 6361
20372 2747 2734 4306 1640
20373 2928 3248 4206 4202
20374 7104 7010 1667 1408
20375 4362 2542 2559 2558
20376 6417 2462 5440 5441
20377 2495 6435 2479 6417
20378 6779 7026 1502 7053
20379 5346 6865 1905 1949
20380 5992 5346 5758 6924
20381 6090 6982 2723 4305
20382 4492 6525 6940 4341
20383 4859 4852 4851 6896
20384 6915 3502 6897 7060
20385 4851 6896 1304 5565
20386 6773 6291 1288 1265
20387 4552 5808 3773 5822
20388 6776 7166 7208 4990
20389 6983 1340 5565 1292
20390 4725 5627 1794 5597
20391 5594 5596 5726 4724
20392 6057 6058 6705 5627
20393 5726 4725 4731 1805
20394 6058 6610 1842 1825
20395 5153 5156 44 5155
20396 7114 6601 6602 1847
20397 5591 1786 1773 1
20398 5535 4148 5156 5534
20399 4725 1824 6872 4731
20400 5841 6645 4160 5842
20401 6636 6630 1155 1197
20402 6189 7129 5700 6637
20403 1264 581 1144 2778
20404 5688 5689 4865 5690
20405 5343 6011 6035 532
20406 6697 6696 4779 6014
20407 5463 1316 6689 6690
20408 4414 3222 5046 4867
20409 3637 5020 3814 6546
20410 5952 5484 5482 6439
20411 5878 1882 4397 1922
20412 3657 5079 4649 4588
20413 1154 6014 1132 6697
20414 5978 5857 6707 6813
20415 6921 6504 6021 1940
20416 3474 5066 4031 4030
20417 3179 3181 7173 3180
20418 3777 6707 6031 6698
20419 4120 6811 5984 1061
20420 4289 6116 6675 6117
20421 6812 6675 6116 1145
20422 6675 5430 1140 1156
20423 6707 5857 1125 1162
20424 5608 7156 6614 5130
20425 4685 7177 7178 5442
20426 7189 5184 6813 5858
20427 3068 3683 3682 3684
20428 5608 6614 6869 7174
20429 5969 1069 5147 5970
20430 6038 4601 5671 4603
20431 5952 703 6439 702
20432 5093 6710 6868 7174
20433 4118 4531 4534 4119
20434 4690 3863 3188 4691
20435 5345 5346 1899 5758
20436 4727 4729 1818 1783
20437 671 5952 5388 654
20438 5952 4042 5388 4038
20439 3698 3697 5985 5418
20440 341 340 346 4690
20441 4691 4114 340 3863
20442 2665 3186 2663 2666
20443 3698 5985 6149 6131
20444 6490 6458 5037 4467
20445 5620 3333 3335 3301
20446 3509 6794 6795 3508
20447 4654 5402 5403 6913
20448 3220 3142 6071 6305
20449 3508 1987 6160 3997
20450 6831 6160 1976 3301
20451 6795 6160 3508 2006
20452 2049 3997 3998 1987
20453 7216 2068 3508 2049
20454 4865 5689 2053 2123
20455 3698 6149 6127 6131
20456 7254 5276 7224 2238
20457 4650 7152 6999 7151
20458 6641 7232 2201 7225
20459 4066 7134 5402 3147
20460 5335 2166 7225 5280
20461 4450 5806 4623 4453
20462 4748 5806 4820 4625
20463 4452 4748 5806 4823
20464 4528 4530 6073 4529
20465 2998 6519 6864 6527
20466 4762 2085 4401 4407
20467 4485 4487 4542 6102
20468 2118 4762 2085 4401
20469 7009 7008 1424 1455
20470 4538 2168 6102 4765
20471 4527 4519 4513 4530
20472 4536 4594 4519 4529
20473 4762 4765 6102 2168
20474 4538 2168 2243 6841
20475 6143 7000 6436 7261
20476 6642 2201 6302 6641
20477 3941 6983 4851 4375
20478 5279 5276 6641 6302
20479 7231 6794 2096 5334
20480 3124 3511 2678 3132
20481 4784 6046 7101 6382
20482 7261 7000 7027 7087
20483 4385 6141 7000 1444
20484 1458 5612 1383 6873
20485 4655 5612 6873 6913
20486 6287 6142 6874 6289
20487 6873 6913 1383 1364
20488 4991 4834 5192 7067
20489 1358 4069 1328 6469
20490 5189 5861 4935 6770
20491 5126 5365 5408 4530
20492 3698 5965 6129 6132
20493 6422 4564 5429 7251
20494 1352 5349 1353 6984
20495 3696 6220 3699 6135
20496 6752 7207 7200 2165
20497 7062 2237 7207 2165
20498 7207 2237 7125 2202
20499 5447 5515 6683 6714
20500 6483 6459 5483 5474
20501 5176 4472 6173 5018
20502 7151 6793 4941 7082
20503 3925 7023 5609 7022
20504 4459 4460 4461 5337
20505 3426 5335 5342 5334
20506 5335 5342 2093 5337
20507 3320 5901 5909 6912
20508 4467 7182 1248 4468
20509 3147 1247 3146 3148
20510 6768 1284 6761 1339
20511 6761 6538 1339 1305
20512 3785 2700 3784 3577
20513 6377 1202 6693 4638
20514 5483 5482 6460 3912
20515 6505 6350 2260 2226
20516 5823 2212 6505 6451
20517 5822 2115 6406 6313
20518 4560 7203 6427 6379
20519 5823 7249 2185 2212
20520 4105 5519 6042 4980
20521 6427 1376 6379 1445
20522 6350 3627 4915 6505
20523 3773 5822 5821 6407
20524 3696 6149 5990 6127
20525 5630 6715 31 32
20526 6572 6575 5140 6573
20527 3045 3595 6849 6648
20528 4627 5754 1137 4617
20529 5755 33 369 5653
20530 5634 6715 5648 32
20531 5320 3698 5965 6135
20532 5080 2535 5238 2534
20533 5238 2567 4600 3085
20534 5905 6063 6298 6297
20535 7229 4899 4898 2220
20536 5612 5611 1383 1326
20537 5403 1326 5612 6913
20538 6873 7075 1458 5612
20539 5609 5612 1383 1458
20540 3942 3577 3935 4375
20541 5677 5609 7081 7075
20542 6288 6873 7075 6874
20543 2972 4869 2970 4852
20544 6873 6874 1458 7075
20545 6088 6193 5144 6244
20546 3632 7270 6018 6218
20547 7003 5927 2936 5584
20548 6952 1583 3841 1557
20549 6036 4412 6192 6193
20550 1251 6155 5836 6843
20551 6048 7177 6503 6501
20552 4572 4321 4577 4573
20553 5049 4282 4266 4276
20554 1986 2016 7241 7048
20555 6812 1154 5507 1145
20556 2614 5323 5883 2613
20557 6529 1739 2673 6299
20558 426 3858 2923 5957
20559 5958 432 3385 431
20560 5949 5845 1166 1124
20561 3239 1739 6529 6299
20562 4003 4837 3596 4002
20563 6332 6620 5091 6334
20564 6375 6044 5552 2354
20565 5116 6307 5414 6456
20566 3620 3618 4863 3616
20567 4926 4925 6068 4790
20568 6088 6119 6089 6036
20569 7224 5276 7225 5280
20570 6287 6264 3468 6140
20571 5275 7196 7217 4460
20572 5275 7217 5278 6842
20573 6776 4990 6565 4992
20574 5336 5335 7225 5280
20575 7224 7225 6641 2201
20576 6045 2291 6993 6304
20577 6088 6244 5144 5863
20578 1427 5135 5134 5139
20579 3082 6204 6508 6002
20580 6792 7022 1386 7023
20581 2803 3083 3373 3371
20582 6793 1486 4937 4941
20583 5997 1539 5995 4314
20584 4642 4640 7191 7184
20585 6089 5143 5529 5863
20586 4937 4941 1486 7057
20587 4937 1454 4936 1512
20588 3516 6138 4137 5564
20589 4651 4940 4941 7151
20590 3441 5143 5529 6089
20591 7252 7125 3487 3492
20592 4075 1493 6779 7071
20593 4471 6172 2152 2190
20594 4513 4528 4530 4515
20595 6468 1369 7016 1340
20596 6919 6892 1275 1299
20597 6286 6941 6942 6929
20598 2076 6729 5566 4757
20599 6450 6919 1327 6455
20600 5773 5776 6228 5785
20601 4006 5217 6678 5219
20602 6455 6941 1332 1378
20603 6455 6941 6892 1332
20604 6989 6893 5706 1397
20605 6880 7157 6980 1335
20606 6750 7174 6868 1157
20607 6710 6868 1157 1174
20608 5349 1353 6762 6981
20609 6002 6204 6508 6741
20610 4489 5061 3486 5249
20611 6167 5411 6689 5409
20612 6249 6252 2295 2261
20613 6776 5928 2066 2012
20614 7166 7067 6776 2097
20615 7046 7033 2346 7049
20616 4719 4783 2027 2100
20617 2971 3010 3011 3009
20618 4746 3455 6691 3454
20619 4340 6940 4068 4341
20620 4798 2105 2070 2061
20621 6561 6794 2064 2038
20622 5403 5612 1326 5611
20623 3924 5403 5611 5612
20624 3275 3279 3657 3274
20625 4654 6913 5403 5612
20626 5411 6155 5383 6156
20627 6794 2038 6795 2006
20628 5410 5411 5409 6844
20629 6167 6170 4426 6223
20630 5035 4442 6556 4438
20631 5224 2711 5901 1943
20632 4429 6702 4437 4431
20633 6912 6967 1916 1966
20634 3026 6152 5733 3028
20635 6631 6861 6901 6884
20636 6807 6405 6430 6431
20637 6435 6953 4350 4348
20638 2267 6782 2318 5586
20639 5440 6961 5441 2400
20640 3466 6434 2447 2463
20641 3714 5348 7206 7186
20642 6027 7237 5563 6747
20643 7237 2084 2101 7020
20644 1331 1321 1269 6947
20645 6756 7213 7153 6760
20646 6765 1192 7195 6627
20647 5722 2023 5720 2004
20648 7243 7213 2060 7260
20649 6895 6396 1213 2973
20650 6469 4375 4068 1318
20651 6469 4375 1318 6983
20652 6775 5928 6776 2012
20653 4644 6172 7183 7208
20654 6930 6940 4068 1328
20655 4069 4076 1358 1354
20656 2980 2842 3651 3600
20657 1292 1318 4851 6983
20658 4848 4849 2973 4341
20659 5929 4746 6775 3455
20660 3320 5224 5901 6912
20661 4476 4732 7110 6527
20662 2006 3508 1987 6160
20663 6829 6883 4385 1444
20664 6041 6424 2333 2207
20665 3507 3997 3996 3508
20666 6912 1889 5629 1941
20667 5224 6912 5629 1941
20668 5236 5575 3934 1508
20669 7145 7147 7273 2342
20670 3934 3933 1535 1565
20671 5097 3934 3094 3933
20672 3466 2463 2464 2480
20673 5481 2366 6962 2382
20674 4351 2464 310 309
20675 6435 2479 6417 6434
20676 4351 4349 1698 6092
20677 4351 309 308 2480
20678 7105 2382 2383 2384
20679 7218 1713 4349 1706
20680 5687 6771 5345 5347
20681 4764 6575 6574 5770
20682 2890 3270 4464 3548
20683 5012 5014 5013 5016
20684 4764 6882 3025 5141
20685 4781 5377 6014 6630
20686 1923 5013 1881 5014
20687 5758 5014 5016 1923
20688 5345 5347 1860 1905
20689 5346 1899 5758 1924
20690 4456 4751 4822 4748
20691 3303 3306 3300 6966
20692 6161 6611 6548 5629
20693 5596 5597 6479 5726
20694 6518 1889 6912 6967
20695 5518 361 355 5750
20696 5521 2796 367 5604
20697 5571 3291 6367 5570
20698 370 5656 371 365
20699 3516 7265 5564 5995
20700 5998 5695 5996 5997
20701 4470 4471 7176 4461
20702 6791 4936 1421 6467
20703 4937 6791 1454 1423
20704 5695 5996 5997 1556
20705 4314 6910 1517 4315
20706 5425 5431 7214 4571
20707 3523 5749 3552 5369
20708 1566 1590 5159 4547
20709 3515 4135 7071 5997
20710 5425 6421 2163 6752
20711 5734 2266 2208 2211
20712 4834 7166 7191 7067
20713 4078 4076 1354 1425
20714 6775 2027 4720 1983
20715 6775 1983 4720 4746
20716 6775 4746 5929 1978
20717 7067 2050 6776 2097
20718 7208 4644 4990 7183
20719 7067 4719 2050 2098
20720 6775 4719 4720 2027
20721 6204 5669 6508 7187
20722 5348 6981 1331 6948
20723 4965 5349 7005 6984
20724 3875 7200 6752 7207
20725 5310 7200 5060 7201
20726 7266 5564 7265 1460
20727 5059 4485 4489 4490
20728 1353 6762 6981 1443
20729 6981 5349 6948 5348
20730 7266 6946 1460 7265
20731 3096 6904 3102 7204
20732 1308 7204 6904 5433
20733 2868 3396 2824 2943
20734 7182 1281 3149 6761
20735 5433 7204 1341 1308
20736 5623 35 5651 34
20737 4616 4627 4622 4619
20738 4831 1017 1026 1040
20739 5300 36 35 4832
20740 6050 4830 6097 6493
20741 4055 4063 6117 4288
20742 3640 4752 5299 6701
20743 6699 1104 6588 6703
20744 6846 1041 4831 1040
20745 6501 1917 1953 6502
20746 4118 5187 4117 5671
20747 5658 7210 7039 6133
20748 2063 7040 2065 6133
20749 5737 7165 6936 6932
20750 6709 1206 7188 6923
20751 6709 1232 7189 1190
20752 6709 7165 1232 6923
20753 6908 6932 1215 1232
20754 5676 886 885 880
20755 5520 5676 885 880
20756 5679 1774 1814 1802
20757 4526 6008 5933 5146
20758 5627 1794 5597 1798
20759 5374 872 1767 1768
20760 5679 5621 3541 798
20761 3544 5745 5744 5676
20762 4222 5131 5132 5944
20763 2649 4662 5723 4663
20764 1434 5138 1450 7038
20765 6214 6215 6991 6383
20766 4667 4446 2712 5239
20767 6133 2043 2103 6134
20768 5134 5138 7038 1450
20769 7038 1434 5138 1389
20770 7209 6937 6907 1368
20771 5674 5346 6924 6736
20772 5631 1068 5786 1082
20773 5623 6714 5768 5799
20774 4327 5631 1082 1091
20775 4326 4617 4627 1137
20776 4619 5631 4326 1068
20777 4622 1079 4619 1130
20778 5734 5560 7262 2175
20779 3835 5559 7099 6655
20780 2170 7223 2199 7191
20781 5560 4719 2100 4783
20782 7223 2171 7191 7184
20783 5722 7213 2004 7153
20784 4802 7179 5829 7150
20785 5491 6713 5492 5494
20786 5721 5720 5722 2023
20787 4656 5389 7120 6974
20788 5131 5132 5944 5948
20789 5131 5147 5130 5969
20790 5722 2060 7260 5723
20791 6756 6420 7221 6421
20792 3279 4649 4650 4518
20793 3425 5337 4459 4461
20794 4205 6046 6382 6381
20795 4588 4586 6956 6290
20796 5384 1324 7005 5373
20797 5365 5384 5373 1324
20798 7243 6760 6756 6421
20799 5365 1355 4514 1416
20800 5311 6756 7221 7213
20801 7009 5384 1424 7008
20802 2634 3041 3492 3491
20803 3096 6538 5151 6904
20804 5384 7008 1393 1424
20805 4585 4584 4073 4071
20806 1260 6773 6804 6292
20807 3097 3096 6629 5149
20808 3503 5928 5929 7060
20809 3935 4341 4068 4375
20810 4849 2970 2973 1266
20811 4849 4848 2972 4851
20812 6565 7072 6776 5928
20813 7126 3769 6408 2087
20814 5822 6313 2143 2115
20815 5426 5693 6125 2233
20816 3771 6126 5426 6125
20817 5464 5465 5244 5242
20818 692 5469 675 6159
20819 6164 6355 2230 2273
20820 1464 6212 6357 1533
20821 691 5532 707 6399
20822 4476 4479 2993 4477
20823 2758 2759 4318 4897
20824 6864 1859 5307 4694
20825 4692 6864 6519 5307
20826 6059 1864 6610 1825
20827 4726 4725 5597 5627
20828 7136 6705 1842 1838
20829 6161 6518 6611 5629
20830 4072 6468 6071 6983
20831 4070 4069 1354 4076
20832 4493 3043 5673 5674
20833 2138 2106 2097 7166
20834 2106 4799 2105 7072
20835 4071 4074 4069 4076
20836 4074 4069 4076 1358
20837 4069 1328 6469 4068
20838 6366 6436 1571 7061
20839 5131 5944 6008 5948
20840 6307 6284 6374 1551
20841 5002 7027 5270 7087
20842 6358 6041 6424 2333
20843 6358 6384 2296 6424
20844 6154 5082 5878 6190
20845 4980 6358 6041 6424
20846 6084 7028 5313 7024
20847 3930 5678 4654 3932
20848 3847 3817 6401 5301
20849 3997 3996 3508 2049
20850 5909 6912 1966 6967
20851 5180 7216 7215 7232
20852 5180 7102 6641 7232
20853 5580 7232 6641 7225
20854 5424 6829 6830 6913
20855 4707 4708 3700 3701
20856 6825 2511 2512 2528
20857 6953 4348 6092 4349
20858 2747 2590 2734 2606
20859 4350 4351 4349 1705
20860 1699 4349 5547 1698
20861 3922 7218 1713 4349
20862 3492 7062 7252 7125
20863 5543 5886 1278 1241
20864 7052 5455 2386 2362
20865 6931 6911 4137 6910
20866 5346 6736 6865 1949
20867 3485 7207 7062 7125
20868 7223 7117 2171 7184
20869 3096 6538 5149 5151
20870 5101 4547 5094 1545
20871 7244 7099 2266 2250
20872 6154 6824 6190 5878
20873 6225 6198 6226 1114
20874 6398 5021 6824 5701
20875 4234 4544 4265 4310
20876 6189 6207 1931 1909
20877 4265 4857 4300 4312
20878 5411 6689 6155 6156
20879 6824 6190 1900 1920
20880 5877 6020 5022 5878
20881 6007 6706 4284 5324
20882 5324 7188 1171 5900
20883 5022 6021 6708 6020
20884 6020 5877 6021 1922
20885 4455 3651 2843 3600
20886 6941 6892 1276 6929
20887 6941 6260 5746 6892
20888 6455 6454 6941 1378
20889 4744 4869 3049 4858
20890 6433 6975 4395 6454
20891 6941 4395 1348 6454
20892 5025 4451 4491 4624
20893 3043 5347 5346 6865
20894 4330 6832 4331 6666
20895 6154 5022 5878 5020
20896 5703 5713 5706 5705
20897 3758 4618 4325 5669
20898 5022 5878 6824 6154
20899 6852 6887 1224 6929
20900 2317 326 5573 5582
20901 7236 7147 6201 5904
20902 5582 5583 2251 2299
20903 5905 6298 7235 6297
20904 989 5296 6665 996
20905 2452 6297 2436 2435
20906 5573 2436 2419 2420
20907 4219 5701 5021 6398
20908 3654 2669 2671 2689
20909 4108 5200 5199 1600
20910 2254 2266 6655 7034
20911 5100 5167 5096 5169
20912 6854 6989 1336 6855
20913 4628 7097 5102 1572
20914 6945 1596 5058 6944
20915 5080 2535 5081 5238
20916 7261 4385 7000 7087
20917 2978 3074 3073 3638
20918 3773 7192 6407 5873
20919 3997 2049 3508 1987
20920 3319 5902 5873 5872
20921 6382 6990 2144 7101
20922 6624 5811 7123 2028
20923 932 6662 4930 939
20924 6272 2279 6673 5538
20925 5199 5201 5785 5776
20926 5812 6268 7123 5813
20927 6265 6268 6269 6272
20928 4003 7158 4835 4836
20929 3597 6300 3589 3595
20930 7157 5885 6963 1335
20931 3331 5729 4658 5053
20932 7062 2165 6752 2217
20933 3279 2687 2682 3895
20934 3575 6501 6048 6503
20935 4802 6851 6947 7150
20936 3571 3179 3575 3121
20937 7224 6641 7225 5276
20938 3463 4652 5174 4651
20939 7102 6641 7232 2201
20940 4518 4649 6290 4588
20941 3349 5658 3359 4631
20942 7254 7224 5276 6641
20943 3133 3256 4292 4320
20944 4382 6883 6141 4385
20945 6994 6993 5784 2339
20946 6304 6302 2248 2326
20947 6460 6439 719 735
20948 6722 7248 1249 6799
20949 3657 4649 5079 6264
20950 6576 6346 6363 5459
20951 6505 3627 4915 6313
20952 6537 3768 6354 6326
20953 6722 6693 6799 1226
20954 7248 6379 1314 1341
20955 6378 1229 5748 1209
20956 6322 5269 4672 5267
20957 5037 4468 4467 6458
20958 5267 6323 1344 1345
20959 5227 5223 6547 5221
20960 5952 5484 703 687
20961 5415 6595 1651 6581
20962 6322 1446 6321 6535
20963 3140 6580 1646 1668
20964 5500 6408 2120 2161
20965 6500 6903 6464 1475
20966 6314 636 637 653
20967 1685 7105 1684 5547
20968 5731 4661 931 2029
20969 6486 6499 2493 2509
20970 7257 4951 6499 6486
20971 4362 2527 6825 2543
20972 4842 6413 6751 4841
20973 6486 7257 2477 6499
20974 3922 4349 6092 7218
20975 2480 2464 3466 4351
20976 6435 3727 6417 2511
20977 3695 2557 2541 5934
20978 6902 6411 6413 6755
20979 5673 5345 5346 5347
20980 5999 6946 7265 6000
20981 5999 7266 7265 6946
20982 5040 4550 5039 5043
20983 7062 7125 2237 2289
20984 7205 1410 6988 1463
20985 6946 6000 1544 7265
20986 1544 6946 7041 6000
20987 4161 2363 6934 2335
20988 6499 5177 2492 2508
20989 6504 6021 1940 2013
20990 7211 6133 2037 2041
20991 3115 4397 3122 5877
20992 1988 6708 2013 6020
20993 7211 6133 2043 2037
20994 5731 4660 944 4661
20995 6049 6280 6503 6048
20996 6921 1940 6021 1922
20997 6215 6991 1392 1428
20998 6383 3790 1333 1361
20999 6155 4275 1309 7128
21000 6473 6474 6195 6848
21001 5731 5308 5747 2011
21002 5439 6383 1333 1372
21003 1309 7128 1347 6155
21004 3223 1997 7129 1977
21005 5124 6189 6208 6190
21006 5731 2029 246 2011
21007 5362 234 1635 193
21008 1635 6541 1643 234
21009 5362 234 18 192
21010 5362 18 193 784
21011 6541 5362 234 1635
21012 191 5362 192 862
21013 856 6580 3139 849
21014 5044 3980 3979 5049
21015 4642 6174 7184 7183
21016 5370 7240 7090 7117
21017 4314 1493 1483 7071
21018 4642 6172 6174 7183
21019 4472 6173 4471 4469
21020 3516 4314 5995 4315
21021 6910 1546 7057 1483
21022 3697 1057 6225 5985
21023 5987 3554 3567 3566
21024 5320 496 6127 5990
21025 3804 6080 3803 6630
21026 6227 6004 5985 1028
21027 3523 3525 5369 3567
21028 6797 1103 6836 1120
21029 6131 506 1018 505
21030 5345 6771 1860 5347
21031 5031 6260 6603 6917
21032 4228 5345 6770 5014
21033 5345 6770 1881 6771
21034 5345 5014 5758 1899
21035 7059 5758 5016 1965
21036 5346 6924 6736 1924
21037 5980 6736 7144 6663
21038 5272 329 334 25
21039 5598 4736 4735 27
21040 6470 4479 6479 7064
21041 2666 5265 5273 2664
21042 6527 2998 4480 6864
21043 5731 4661 944 937
21044 6754 5853 80 79
21045 4094 4090 5458 6571
21046 491 486 5994 5320
21047 6122 6680 6019 5912
21048 4665 6956 6072 5135
21049 5731 5930 5747 4660
21050 5139 1368 5138 1427
21051 7040 7039 2095 2065
21052 5763 7255 5765 6147
21053 2219 7220 6655 2181
21054 5703 5713 5705 5712
21055 5536 6184 6185 6130
21056 6450 6455 1327 1625
21057 6919 6455 6892 1299
21058 6200 5080 5098 5026
21059 4890 4892 5358 4914
21060 5561 2113 5566 2140
21061 4133 4137 6911 4135
21062 5903 7235 7236 5904
21063 5775 6938 6857 6678
21064 6298 6634 5779 7230
21065 5775 6229 6938 6230
21066 7229 7247 7170 2220
21067 7047 7271 2386 7052
21068 7220 6655 7033 2303
21069 5109 4628 5169 6944
21070 5731 5930 5732 5931
21071 4168 4161 5062 2255
21072 2386 7052 2351 2379
21073 5731 2011 5931 5732
21074 7080 6113 7205 6980
21075 4229 4196 6659 4159
21076 4168 6746 2178 2213
21077 6691 4746 6877 5929
21078 6895 4375 1318 4068
21079 4848 4375 4851 4849
21080 6643 6835 5188 6877
21081 4491 6396 5024 6894
21082 6930 6894 6525 1267
21083 6396 6894 1285 1213
21084 6895 4375 4849 1318
21085 7243 2078 6421 2126
21086 4443 5920 5454 5885
21087 6762 6988 1443 6946
21088 4136 7071 4135 6911
21089 6039 6037 7269 6029
21090 6247 2309 7143 2362
21091 6759 5563 7020 2084
21092 6253 5455 2362 2356
21093 4404 5030 4330 4332
21094 5004 6366 7061 6436
21095 6076 4339 6016 4333
21096 6210 6970 4014 2114
21097 3461 271 22 263
21098 3461 1012 22 264
21099 3461 2593 263 262
21100 1669 264 3172 3461
21101 2593 4195 3461 1627
21102 2577 4195 3461 2593
21103 3549 4752 6701 4462
21104 1710 6618 1703 3058
21105 6618 4614 1710 5323
21106 6618 1703 3058 1696
21107 5801 6718 5802 5642
21108 4876 7108 6733 6833
21109 7108 2030 4877 1911
21110 4243 4615 3937 3058
21111 4245 5266 4912 4881
21112 6838 1888 5472 1868
21113 5860 5892 5887 5891
21114 4614 4615 3058 1710
21115 4316 5253 4896 4895
21116 4246 6838 5472 6757
21117 4940 6791 4937 6792
21118 7184 2209 7240 7117
21119 6910 4936 1483 7057
21120 6910 1517 4315 1480
21121 1480 6931 1455 4315
21122 4314 1517 6910 1525
21123 4314 1525 6910 1483
21124 5019 5370 7240 7090
21125 6931 1480 6910 4315
21126 6931 7058 1481 1449
21127 3148 6556 1223 4468
21128 4442 4438 1179 6556
21129 4442 1136 4438 1118
21130 1223 1199 6901 4535
21131 3772 3774 4850 5675
21132 3320 6518 5629 6912
21133 1199 1161 6901 6884
21134 6506 6966 6518 6967
21135 6966 1889 6518 6967
21136 3303 1886 6966 1919
21137 3303 6966 6967 1919
21138 3303 1907 3306 1886
21139 6845 6631 6889 6884
21140 3001 2999 2998 6527
21141 6863 6966 3306 1886
21142 7180 6518 6966 1889
21143 7180 6863 6966 7162
21144 6872 1824 6705 1838
21145 5554 3094 3934 3128
21146 5204 5575 1473 1508
21147 5573 5582 6296 2317
21148 6063 6297 2451 5583
21149 1565 2599 1636 277
21150 3316 4065 4062 3322
21151 4263 4581 4299 4296
21152 4818 7048 2108 2072
21153 4813 6146 6957 2137
21154 6146 5616 6136 6955
21155 4018 5251 4475 4449
21156 4411 6223 6848 6690
21157 6970 4818 4014 2072
21158 6970 7160 1986 2047
21159 4806 4813 4807 4814
21160 6219 3633 3632 7270
21161 3787 2554 2555 2571
21162 3632 3634 5567 7270
21163 6995 5100 1498 1528
21164 5253 4895 5642 4896
21165 2457 2441 6018 2458
21166 5461 1439 6488 6282
21167 3624 6066 5294 4791
21168 6904 6538 7083 1400
21169 4983 5819 5823 7249
21170 6904 6538 1400 1339
21171 7204 7248 1341 6379
21172 412 413 5897 5319
21173 6024 6087 110 111
21174 5318 5639 418 81
21175 2649 5356 2099 7201
21176 4259 2132 5356 2172
21177 7201 5356 2099 5060
21178 3487 3486 3485 7125
21179 2085 4765 2132 5356
21180 5356 2034 2099 2085
21181 4760 5356 4765 4407
21182 4965 7005 5384 6984
21183 4285 6675 6706 6674
21184 4414 4415 4928 4413
21185 5039 7193 7241 7160
21186 6277 6970 7241 7048
21187 5318 5319 418 5639
21188 5318 5639 81 5578
21189 4684 3286 4583 4084
21190 5238 3085 3089 2567
21191 3089 2567 3085 2583
21192 3920 5238 3085 3933
21193 5083 2438 7145 2422
21194 3056 2600 3085 2584
21195 2582 1620 2599 3089
21196 5081 4600 2536 3646
21197 3649 2553 2569 2552
21198 5238 2551 4600 2567
21199 6945 7274 1596 7093
21200 3555 5530 6100 6047
21201 4344 4343 4335 1866
21202 4756 3177 5865 6866
21203 6645 5340 1849 1885
21204 3509 6795 6160 3508
21205 5035 3721 3343 4855
21206 5221 5223 6547 6511
21207 5318 5578 3405 5639
21208 5148 7195 6786 7132
21209 6009 6627 7195 1192
21210 7156 7195 1152 6786
21211 1192 6765 3602 6627
21212 5318 80 3399 5578
21213 1152 7156 1133 6765
21214 6765 7195 1152 7156
21215 2645 5853 2643 3670
21216 2905 6899 5492 6713
21217 4364 7195 5148 7132
21218 3273 3311 6319 3312
21219 7168 7041 6988 6946
21220 4913 4605 4371 4606
21221 4856 7134 3147 4535
21222 4427 3147 5402 6830
21223 3997 6160 3508 5908
21224 3507 3997 3998 3996
21225 6847 3998 2133 3996
21226 6153 1916 6967 1966
21227 4858 6861 6292 7134
21228 1987 3998 1966 3997
21229 632 5526 649 633
21230 6052 6912 5909 6967
21231 7114 6608 1864 1927
21232 7114 6059 6601 1833
21233 3049 5401 4858 4869
21234 5699 5504 5503 3266
21235 4429 6702 4438 4437
21236 6702 4431 1123 4437
21237 4901 5752 903 902
21238 664 5162 681 5526
21239 4475 6533 5498 6534
21240 6639 2323 328 251
21241 6639 2417 21 328
21242 6639 252 251 21
21243 6639 2433 253 252
21244 6646 6639 6640 2323
21245 6638 2449 254 253
21246 252 935 253 6639
21247 5526 3459 632 3458
21248 5124 6208 6823 6190
21249 5526 5569 681 4611
21250 5526 3458 648 664
21251 5506 6014 1154 6697
21252 6817 1114 1099 1081
21253 6227 6033 6004 1028
21254 5874 6085 481 480
21255 6817 6198 6696 1132
21256 5284 4183 6764 6749
21257 6543 2684 1736 1743
21258 1929 6345 4242 6785
21259 7141 5587 7115 2112
21260 3460 3459 5526 3458
21261 7108 6833 2030 1958
21262 6542 1737 6543 2685
21263 5242 5465 5244 5243
21264 3071 6869 6765 5490
21265 4578 3517 2949 3518
21266 6124 1185 5748 1229
21267 4233 4311 4265 4299
21268 6812 1154 6695 6697
21269 4312 4543 5506 5507
21270 4717 5900 5507 6810
21271 2891 3005 5127 6809
21272 4779 5506 6697 6014
21273 4250 3561 3565 4252
21274 6025 5507 4312 1193
21275 5508 5509 401 396
21276 5508 401 400 395
21277 5510 6336 5828 5827
21278 74 5852 393 1777
21279 1775 5837 1762 5827
21280 5852 393 398 392
21281 5510 5896 5827 5838
21282 3347 4631 6136 3349
21283 7271 6252 2336 2386
21284 4568 6039 7251 4564
21285 7206 1331 1362 6963
21286 7045 2351 6247 7052
21287 3825 7012 6816 5464
21288 3822 3610 5692 6352
21289 3517 3799 7168 3518
21290 7090 7234 7252 2292
21291 5425 7062 6752 2217
21292 6986 6995 1528 5169
21293 7247 7273 2313 2262
21294 7220 7033 7049 2303
21295 6943 1593 1596 6944
21296 5255 1435 5575 1508
21297 5561 5715 5566 2113
21298 5559 6655 2208 2266
21299 5514 6247 7143 6253
21300 6130 2346 7049 7046
21301 5936 5705 6893 6995
21302 5489 7172 5496 2048
21303 5909 3998 3997 1966
21304 3764 5241 3827 3755
21305 7012 4883 5691 5692
21306 3825 7012 3822 6816
21307 6153 5909 1966 6967
21308 4673 4559 6807 6968
21309 5036 3149 4856 4428
21310 3431 7231 7225 5335
21311 6302 2288 2201 2248
21312 1502 1452 7053 7026
21313 6975 6454 6886 1388
21314 6517 7244 7223 7117
21315 4641 6173 7240 6174
21316 5100 5936 4557 3947
21317 4075 4074 1448 1456
21318 6779 5997 7071 1493
21319 4075 7071 6467 1456
21320 3610 7131 7107 6414
21321 7071 6467 1456 1483
21322 4575 3813 6923 6936
21323 4666 4668 4674 4672
21324 6629 6799 4467 6768
21325 2052 6407 6406 7192
21326 5207 5590 5208 5209
21327 6968 6532 6431 6323
21328 7192 2017 7126 2052
21329 5851 4119 5984 1047
21330 5850 5955 1075 1098
21331 5850 5955 5851 1075
21332 6038 4602 5945 5982
21333 4534 4531 3778 5851
21334 5411 5409 6844 6689
21335 6415 1095 6674 1106
21336 6415 6117 6674 1095
21337 4757 5561 5566 2140
21338 4874 3825 3822 3823
21339 5561 5715 2113 2181
21340 5558 5559 5561 5734
21341 5559 2266 2208 5734
21342 5734 5561 2140 2208
21343 3088 3090 3446 4751
21344 2170 7262 2130 2175
21345 7262 2130 2175 5560
21346 2104 4783 4757 5560
21347 4356 6878 7036 6898
21348 5526 3459 633 632
21349 5319 3861 5932 6325
21350 4924 4793 3621 5329
21351 5461 6282 6284 1439
21352 6281 5001 5330 5118
21353 5224 2711 5221 4850
21354 5497 5498 1123 1087
21355 6702 1139 4438 4437
21356 5251 5498 6702 4431
21357 5156 5158 4767 45
21358 6702 4431 5498 1123
21359 4437 4431 1123 1209
21360 3634 7197 2389 2410
21361 6219 6218 5585 2393
21362 6200 6183 5098 5119
21363 3662 3690 5011 6018
21364 3634 7140 2404 2389
21365 6018 5567 2412 7270
21366 5104 3633 6032 7198
21367 6218 5585 2424 2440
21368 4386 6828 6829 4387
21369 3861 5932 6325 3858
21370 7215 2133 7101 2102
21371 7215 2049 7216 3996
21372 7264 6041 2207 6424
21373 4266 4283 4294 6383
21374 5765 6957 2241 2245
21375 1491 1427 5135 5134
21376 4637 6992 5312 7038
21377 3857 2923 3858 2673
21378 2137 2241 6146 6957
21379 6118 5139 7006 7209
21380 5764 2136 6081 2176
21381 3416 3868 3240 3860
21382 3417 3858 4169 3860
21383 6383 4283 4282 4266
21384 6134 2043 7211 6133
21385 4685 5435 7177 6048
21386 6708 2013 6020 6021
21387 4169 3860 3858 5957
21388 6676 6814 6708 6959
21389 6123 6957 4813 6146
21390 1988 6959 2043 6708
21391 3861 3858 6325 3164
21392 1964 1988 6814 6959
21393 6920 6916 1310 6937
21394 6916 1310 6923 1242
21395 6025 4300 4312 6810
21396 4577 6810 6916 6923
21397 4311 4543 4312 4322
21398 2010 5443 2041 7210
21399 6810 1218 6916 1242
21400 656 2882 672 5485
21401 6327 6353 623 639
21402 5485 656 5495 6335
21403 6648 3594 1996 2026
21404 5524 4204 994 4203
21405 6648 3594 1944 1996
21406 3076 3523 3526 5749
21407 6648 1949 6865 6663
21408 6648 6663 2026 1992
21409 6917 6666 1221 5523
21410 4329 6741 4331 6918
21411 6648 6663 1992 1949
21412 5189 5589 5687 5393
21413 7004 2967 1559 1585
21414 4827 3992 3991 6308
21415 6308 3991 4522 3992
21416 5733 30 4764 6574
21417 7086 6539 7083 6538
21418 5819 2207 7249 7264
21419 5817 5820 3250 5821
21420 7083 7087 5270 1431
21421 6140 1547 6956 7133
21422 7249 6372 2252 6451
21423 6829 4386 4387 4385
21424 6375 3882 2370 5552
21425 7142 5765 6957 4993
21426 4596 4665 4588 4586
21427 6043 6304 6045 6993
21428 5121 7142 5764 5772
21429 6040 6044 6045 6046
21430 3258 3253 3254 4434
21431 6288 6874 7075 6289
21432 6829 6883 4384 4385
21433 6993 6304 2291 2353
21434 7142 5772 2290 5764
21435 6375 6993 2370 2339
21436 7227 5784 7142 2339
21437 6760 6899 7153 4541
21438 2056 2055 6820 6748
21439 3504 5724 5725 5311
21440 3683 7157 5543 5885
21441 7052 5455 4971 6252
21442 6030 6748 6747 6820
21443 5274 6894 1212 1267
21444 6887 1240 6929 1297
21445 6942 6525 1267 6940
21446 6930 6940 6525 4341
21447 1237 1285 1267 6894
21448 6286 6940 6942 4395
21449 6929 1297 6941 6942
21450 1276 6929 1297 6941
21451 6941 6942 1348 4395
21452 6940 1317 6942 1348
21453 7122 6729 1989 2019
21454 4778 4720 2027 1983
21455 2884 5019 3493 5370
21456 5564 7265 1521 5995
21457 7240 6174 2224 2209
21458 7266 7008 5564 1460
21459 4499 5564 7008 7154
21460 5902 3319 4782 5872
21461 6544 3146 6539 6761
21462 6847 5872 2057 3998
21463 5901 6912 1941 1966
21464 4387 6539 1367 7087
21465 6046 6044 6045 2291
21466 5873 2032 6407 2057
21467 5902 2014 5872 2069
21468 5872 3998 2069 2057
21469 5821 6407 2110 2057
21470 6990 5872 2057 6847
21471 3696 3698 5985 6149
21472 3431 7225 7231 7232
21473 3525 3526 3524 5981
21474 7231 6794 2068 2096
21475 6795 6561 2008 2038
21476 6794 2006 6795 3508
21477 6506 7162 6518 6966
21478 1906 1920 6190 6188
21479 6824 1920 1945 6814
21480 1945 6814 1988 6020
21481 6190 1931 6208 1883
21482 1900 6824 6020 5878
21483 6190 1883 6208 1863
21484 6823 5878 6190 1900
21485 3034 3110 6823 6206
21486 1920 6188 7193 6824
21487 5763 5764 5765 7255
21488 5763 6081 5764 7255
21489 2288 2326 6302 6303
21490 6957 7142 2294 2245
21491 3523 5749 5369 3524
21492 5973 5120 6148 3680
21493 3586 1779 3588 1780
21494 6053 1780 3588 1817
21495 4339 1817 3588 1810
21496 6078 6016 6015 6064
21497 3587 456 450 451
21498 3586 3587 451 456
21499 3586 119 120 452
21500 6053 516 5327 509
21501 6053 5325 5327 4498
21502 6768 1339 6761 6538
21503 6799 5433 6629 7248
21504 5433 6768 6538 1339
21505 5433 6768 1249 6799
21506 6768 6799 1225 1249
21507 4467 6693 6458 1181
21508 4692 6445 5188 5306
21509 6615 1135 5709 1115
21510 6614 5970 5525 1112
21511 5958 431 426 432
21512 5707 5972 5709 1160
21513 5875 7068 2614 3240
21514 422 427 6325 5932
21515 5960 5957 2674 2673
21516 3286 3237 4758 5577
21517 6303 5795 6302 7035
21518 6140 6145 1547 7133
21519 7103 2285 5772 2247
21520 6303 7227 5795 5772
21521 5133 5134 5139 5138
21522 6023 6031 1125 1126
21523 5858 1175 6813 1190
21524 3177 3181 3190 6866
21525 5858 5832 5857 1175
21526 4305 3118 1667 1644
21527 2559 2734 2575 2723
21528 4362 6825 2723 2559
21529 5287 1747 3505 1740
21530 2883 3120 1733 1726
21531 4713 7218 1706 1713
21532 4350 4348 3466 6435
21533 2723 4306 2607 1641
21534 4398 4401 4400 6987
21535 6974 6879 1271 1238
21536 5051 6908 7165 6932
21537 6154 5021 5701 6824
21538 6075 6081 7040 2095
21539 1998 6987 4416 4400
21540 6932 6879 5729 7118
21541 2005 7202 1959 4416
21542 3434 3003 4480 3435
21543 4416 5443 1979 4400
21544 3434 4694 4693 3435
21545 1270 1310 6936 6805
21546 6805 1310 6937 1368
21547 6805 1368 7006 1390
21548 5737 4575 6936 3813
21549 7209 6805 1368 7006
21550 5139 1427 7006 1368
21551 1390 6906 7006 6805
21552 4692 4480 2998 6864
21553 4624 5505 5025 4626
21554 4626 1168 5505 5025
21555 4624 4433 4625 4450
21556 5505 1149 5754 1184
21557 6887 6929 1240 1224
21558 6852 5505 5754 1184
21559 6103 6269 6578 5537
21560 4692 7169 4693 5780
21561 4718 7122 4783 4757
21562 5983 7144 7172 7091
21563 3021 4145 4143 2810
21564 6675 6117 1122 6674
21565 6812 1156 5900 5430
21566 6706 1140 6675 5430
21567 6675 6674 1122 1140
21568 6116 1122 6117 1094
21569 6812 6675 1145 1156
21570 7223 7098 2211 7244
21571 7191 4834 5192 7223
21572 5019 7233 7090 7240
21573 1429 6886 1489 5712
21574 4692 4693 4694 5780
21575 4718 4778 4720 4783
21576 3287 3288 5980 5674
21577 4778 1983 5016 4746
21578 5394 5393 4733 3044
21579 3890 3784 4340 3935
21580 4329 4617 6918 5754
21581 5302 3186 3187 4114
21582 3043 6849 7138 5347
21583 4330 6832 6918 4331
21584 1928 1880 6849 5347
21585 5347 1880 7138 1860
21586 6771 7138 5589 1860
21587 5963 6819 6759 6926
21588 4196 4167 4208 4209
21589 3799 7168 7041 6988
21590 7205 6988 7032 1463
21591 3128 1620 3934 1563
21592 5203 3127 3128 3263
21593 5195 5204 5575 5202
21594 5204 5202 1473 5575
21595 6520 6445 4692 5306
21596 3128 1610 2598 1620
21597 3128 2598 2582 1620
21598 4692 2998 6519 6864
21599 6992 5312 1434 1391
21600 6416 1322 7038 1389
21601 6991 6992 1361 1391
21602 1389 6416 6907 5138
21603 3237 5993 4758 5577
21604 3838 3051 2585 2586
21605 6238 1030 5906 1055
21606 5132 5969 5710 5948
21607 5971 1084 5710 1141
21608 1459 4586 6906 1484
21609 6906 6973 1419 4529
21610 6956 5135 1520 1459
21611 6906 6072 1390 7006
21612 6072 1390 7006 1427
21613 5139 6072 7006 1427
21614 4851 4848 2972 4859
21615 5031 6917 6777 6875
21616 3837 5561 5715 5566
21617 4733 3046 5687 4144
21618 5189 6770 6771 5861
21619 3046 5687 2809 3043
21620 6104 4698 6265 4696
21621 3589 4002 3592 3596
21622 6268 2107 5813 6267
21623 5812 6624 7123 6623
21624 4898 6201 6199 4900
21625 5813 5811 3594 2089
21626 6175 1379 6496 1411
21627 7258 6669 5788 6651
21628 6268 6623 7123 2121
21629 6267 6726 2235 2159
21630 2164 7040 6972 7255
21631 4762 2132 4765 2168
21632 4762 4765 2132 2085
21633 1294 1329 6806 6973
21634 5901 5902 1966 1984
21635 3838 2586 3787 3051
21636 2014 5872 5873 5902
21637 5902 2069 5872 3998
21638 5902 3998 1966 2069
21639 4850 5901 5224 2711
21640 4449 4442 6703 6588
21641 3103 3622 5023 3102
21642 3838 3650 3051 3787
21643 5684 5699 5503 833
21644 6032 7198 3633 2365
21645 6219 6032 3633 2375
21646 7270 3633 3634 2396
21647 5238 3094 3089 3933
21648 7197 2410 3633 2365
21649 6219 6218 2393 2405
21650 3644 6218 2456 5585
21651 3838 5190 3650 3787
21652 5160 5102 4628 7097
21653 3056 7274 3051 3838
21654 5100 4561 1498 1538
21655 6452 6886 6454 1378
21656 6886 6454 1378 1388
21657 6886 7031 1388 1452
21658 3679 5190 3647 3838
21659 6975 1348 4395 6454
21660 4991 6776 7166 7067
21661 4546 7042 5094 4547
21662 4562 7031 6886 1452
21663 7017 1544 6000 1556
21664 3838 3679 2553 3649
21665 7102 2173 6642 2201
21666 6450 6452 1625 1461
21667 7220 2303 7049 2219
21668 4628 7096 1558 1579
21669 5502 5715 5561 2181
21670 7220 5487 2181 2145
21671 4959 5487 2150 4914
21672 2386 6252 2336 5455
21673 6710 1195 5920 1174
21674 1216 6763 1220 5886
21675 5454 5920 1195 1244
21676 5886 5920 1216 6763
21677 6840 7109 1315 1279
21678 1216 1278 5920 5886
21679 4053 6411 4946 4054
21680 5707 5972 5710 5709
21681 3838 3649 2553 2569
21682 5543 5885 7157 1335
21683 3617 4789 4793 4790
21684 6225 6226 6227 1088
21685 6836 2849 5418 2779
21686 6832 6666 5523 1198
21687 6924 5674 5980 3288
21688 5219 6495 6230 1349
21689 6917 1275 6892 1243
21690 6852 5505 1184 1194
21691 4751 4452 5123 5794
21692 7180 7162 6966 6518
21693 4478 4724 5726 4730
21694 6470 6472 5600 3023
21695 4896 5637 4894 4895
21696 5646 4792 4791 5294
21697 4793 4790 5843 3617
21698 6739 1693 1700 5477
21699 7112 6413 4052 4054
21700 2447 2448 2431 6976
21701 6825 2723 2559 2560
21702 3701 6780 5481 6962
21703 6417 3707 6418 3701
21704 5024 5025 1168 4453
21705 5505 1168 5274 5025
21706 1194 5505 1168 5274
21707 6396 3014 5024 1188
21708 5027 5274 5025 5505
21709 4623 4626 5025 1168
21710 4919 4793 4926 5843
21711 1149 4626 1168 5505
21712 6051 5159 7238 7050
21713 7238 5159 7097 1550
21714 5159 7050 1590 1550
21715 6465 6903 3616 4863
21716 5102 1595 1572 5159
21717 6576 6500 4034 6465
21718 5621 3541 798 805
21719 3541 819 2855 812
21720 5613 805 3541 812
21721 5679 1814 6524 1802
21722 5613 811 5728 804
21723 5520 875 5621 5615
21724 5727 1763 5702 791
21725 5622 884 219 218
21726 5727 5702 869 874
21727 5622 219 812 805
21728 5702 879 218 217
21729 7025 5511 715 731
21730 7070 666 5226 682
21731 1639 7015 4860 6342
21732 4795 4861 4860 4800
21733 1614 7015 1637 6400
21734 6372 6373 6384 2334
21735 4206 5405 4205 3248
21736 4795 7069 7013 7014
21737 5645 5646 6346 5215
21738 4777 6581 1651 1143
21739 4776 5748 6581 1185
21740 844 852 845 5415
21741 6554 3141 3139 5257
21742 4795 4862 4864 4801
21743 6124 6581 5739 5748
21744 6721 1185 5269 1415
21745 6721 1415 6535 1478
21746 5257 3139 6554 850
21747 4795 7014 4862 7069
21748 6595 1651 6581 1615
21749 6721 6535 1415 5269
21750 5150 6539 6538 6761
21751 6365 6144 6145 7085
21752 4385 1444 7000 1431
21753 7027 7000 1431 7087
21754 6141 7000 1444 1492
21755 6883 6874 1488 1442
21756 7249 6424 2207 2252
21757 6118 4580 3418 5133
21758 6829 1350 6830 1364
21759 6829 1444 4387 1384
21760 4252 6134 6922 6959
21761 4795 4793 4800 4794
21762 7210 7039 2065 2010
21763 3620 4794 4863 3618
21764 6003 7188 7165 7189
21765 6810 6923 1206 1242
21766 6133 2065 2041 7210
21767 1988 6814 6959 6708
21768 7193 7241 7160 1970
21769 6824 1900 6190 5878
21770 4793 3620 3618 4794
21771 6637 1909 6189 1952
21772 1900 1920 1945 6824
21773 6508 5448 3084 5451
21774 5759 1007 1233 1073
21775 6397 362 3291 5632
21776 3688 7157 7206 3692
21777 7221 7243 6752 7200
21778 7206 1331 6981 1362
21779 6760 7020 6756 6421
21780 5311 7260 7243 7200
21781 3067 5886 5920 4443
21782 4802 7150 6947 7179
21783 4212 7179 6947 7186
21784 5909 1966 5902 3998
21785 3088 4751 3446 4452
21786 4535 6901 6556 4855
21787 6861 4535 1199 1219
21788 6861 6772 1260 1191
21789 6901 1223 6556 1179
21790 4535 1223 6556 6901
21791 4429 4442 4438 6702
21792 4118 5187 4026 4117
21793 1179 6901 6889 6556
21794 4027 3524 3526 4029
21795 4692 5780 5307 7169
21796 5395 1812 5588 1844
21797 5782 5588 4738 1829
21798 5781 5861 5782 1862
21799 4695 4692 7169 4693
21800 4589 4737 4734 4124
21801 7169 1918 5307 6876
21802 5781 7169 5013 1897
21803 4737 5782 5588 4738
21804 931 4661 6632 2029
21805 945 4661 952 4930
21806 3593 3592 5182 3594
21807 6632 2090 2029 2000
21808 5811 3594 1996 2000
21809 5811 3594 2089 1996
21810 4703 6672 5295 5296
21811 955 6734 962 6656
21812 4930 6662 953 946
21813 5840 5842 6094 1932
21814 4027 3526 6226 6110
21815 6475 4688 2025 2059
21816 554 553 6034 6035
21817 4415 6163 6475 5689
21818 4421 6094 6637 5898
21819 6992 7038 1434 5312
21820 1392 6383 1361 6991
21821 5366 6991 1428 1391
21822 5187 3075 5749 3552
21823 6991 6992 3790 1361
21824 5366 6992 1391 5312
21825 6992 1322 3790 1361
21826 6992 7038 1322 1434
21827 4637 7038 6416 6992
21828 2935 1560 4841 1436
21829 4844 6881 5886 1303
21830 4223 4843 1648 4841
21831 6763 5920 1216 1174
21832 6209 6840 6763 6881
21833 2116 6747 2081 2056
21834 4373 4369 6964 6965
21835 5233 6951 6784 7011
21836 6169 641 149 148
21837 610 6224 609 626
21838 6169 625 148 147
21839 5350 6169 543 536
21840 6224 609 3989 593
21841 6169 657 150 149
21842 3989 146 609 147
21843 4026 4138 4029 4028
21844 6123 4994 6957 4993
21845 4130 4320 3255 3253
21846 7028 7063 6366 1571
21847 2245 7142 5764 5765
21848 6043 6375 5784 6993
21849 4994 4993 2253 6957
21850 5916 5552 6044 6041
21851 4994 2253 6478 2332
21852 6046 2203 6382 2328
21853 6046 6382 2203 7101
21854 4027 4028 4029 6110
21855 6283 5461 6282 6284
21856 6990 7101 6847 2133
21857 2173 6642 7101 7102
21858 6883 6141 1444 1466
21859 5820 7199 6382 5821
21860 3698 6135 3699 6151
21861 6022 6239 6241 109
21862 4093 5458 5864 3185
21863 3959 3201 4164 4165
21864 3183 3190 3185 5864
21865 6370 6787 695 711
21866 4980 6358 6424 6384
21867 7016 6792 7022 1423
21868 6468 1387 6467 1421
21869 6791 4936 1454 1421
21870 6071 6468 7016 6983
21871 4937 7057 1486 1512
21872 6469 6468 6983 1340
21873 6693 4638 1202 1226
21874 6377 1139 6458 1202
21875 4438 6458 1139 1163
21876 4896 6890 5907 5802
21877 4442 4438 1136 1179
21878 3101 3096 3099 6629
21879 4467 6768 6799 1225
21880 1247 3146 3148 1281
21881 3146 3149 1281 6761
21882 1273 4535 3147 7134
21883 1293 3147 1350 6830
21884 3147 1293 5402 6830
21885 4129 4440 4279 4439
21886 3976 3979 5243 3982
21887 6294 2315 7267 6157
21888 6294 6389 2314 2268
21889 388 5792 5791 65
21890 5792 65 64 1006
21891 5792 999 64 63
21892 5791 1006 5792 999
21893 382 5791 387 388
21894 5605 5804 5799 1029
21895 5791 1019 387 1015
21896 6714 5378 5799 5623
21897 5734 4757 2140 5561
21898 5559 6655 2181 2208
21899 5152 6768 7182 5149
21900 5982 1038 5954 1024
21901 6758 5146 5955 1083
21902 6622 2905 6713 6899
21903 5969 1102 5710 1084
21904 6786 7156 5525 1133
21905 6614 1112 5525 1133
21906 6859 7132 6786 1131
21907 6758 6786 5525 1113
21908 5148 6758 6786 5525
21909 4467 5152 6768 7182
21910 6054 7268 6872 7136
21911 3335 6160 6831 3301
21912 3347 3345 5121 4630
21913 3926 5403 6291 6896
21914 5403 6291 1326 5402
21915 6291 6896 1288 1265
21916 6291 1326 5402 1288
21917 6292 6291 5402 1288
21918 6804 6292 6772 1260
21919 3499 6795 6885 6831
21920 4859 4852 6896 6291
21921 5277 7035 5278 5276
21922 4869 4852 6291 6773
21923 4894 4318 4473 4316
21924 6292 1260 6773 1288
21925 3486 2628 5176 5019
21926 5559 2181 5502 5561
21927 2311 6247 2309 7034
21928 4495 6762 6984 7266
21929 5249 2287 5250 5061
21930 2362 2356 2337 7143
21931 5559 2266 7099 6655
21932 3835 3834 7099 5007
21933 5560 2100 2104 4783
21934 7122 2104 4757 2076
21935 7122 4783 4757 2104
21936 5558 5734 4757 5560
21937 5734 4757 2104 2140
21938 4757 6729 5566 4758
21939 5149 6761 7182 3342
21940 6810 1242 6916 6923
21941 4311 4300 6810 4312
21942 1295 4300 1254 6916
21943 6025 1254 6916 1218
21944 6647 7095 4677 4686
21945 4310 6843 6155 4275
21946 4543 5506 6843 4312
21947 6814 7241 1964 6959
21948 6814 7193 1920 1970
21949 6214 6357 6684 6991
21950 3096 3104 7248 7204
21951 3559 3561 6546 3560
21952 7161 6188 1948 7129
21953 4779 5506 5507 6697
21954 5755 6573 5653 5656
21955 5755 369 5656 5653
21956 6275 5640 5755 5652
21957 5633 367 2796 372
21958 5141 6882 5302 4764
21959 5570 5571 964 2798
21960 5571 4379 5516 5515
21961 5768 6573 5656 5653
21962 6714 5633 5378 5656
21963 5656 375 374 369
21964 5656 5623 5653 374
21965 3535 6294 5085 3476
21966 6294 7267 2349 6306
21967 6696 1155 6014 1132
21968 6797 1626 6636 1155
21969 3176 3106 3105 3111
21970 1883 1931 6208 6207
21971 5836 5304 1222 6014
21972 5048 3223 6211 4872
21973 2779 3697 6836 6193
21974 5746 6892 6455 6941
21975 5101 4561 5100 1538
21976 6452 6455 1378 6454
21977 6919 6455 1299 1327
21978 6449 6941 6455 6454
21979 5332 430 436 435
21980 3972 4808 3975 3984
21981 5708 6612 4297 5407
21982 5875 3240 6348 7068
21983 428 83 5649 5976
21984 6988 7041 1518 1494
21985 3874 7062 7207 6752
21986 6988 6946 1494 1443
21987 7032 7041 1518 6988
21988 7205 6988 1410 6981
21989 1443 6981 6988 6762
21990 4150 6138 4495 4499
21991 5514 6253 5805 4569
21992 7080 7030 6584 6980
21993 5299 4831 6846 1041
21994 6846 6704 1041 1064
21995 6096 5786 1068 1054
21996 6704 3640 4752 5299
21997 4808 6958 5899 4024
21998 5730 6574 30 5733
21999 5626 6978 4612 6570
22000 6620 5548 1803 1831
22001 5910 6757 1865 1851
22002 5880 6757 1851 1868
22003 6652 1831 6336 1816
22004 5834 5879 6618 5880
22005 5910 1851 5880 6757
22006 3231 6620 6621 1803
22007 3399 5434 5882 403
22008 5881 1816 6336 1834
22009 6216 3597 5930 5931
22010 3044 6563 5810 7138
22011 5931 5732 1975 3597
22012 5518 5517 5656 365
22013 5731 931 4661 930
22014 1003 5296 6665 5297
22015 5771 3189 5716 354
22016 6849 6563 7138 1926
22017 3096 5433 5149 6538
22018 4386 6828 4387 6539
22019 4808 5899 6958 7066
22020 4440 6642 6302 6641
22021 4808 4817 7066 4807
22022 6144 7000 6141 1492
22023 6255 7101 6046 6642
22024 6329 3760 3762 772
22025 6329 739 756 755
22026 6329 3783 739 6399
22027 6444 6461 1628 1676
22028 3530 5467 692 693
22029 3892 6158 2320 2367
22030 6444 1630 1628 771
22031 6443 755 6444 771
22032 6443 6444 6248 1628
22033 3974 3976 3979 3977
22034 2851 2646 4455 2856
22035 2857 2856 3311 3273
22036 5407 5709 6612 1159
22037 6750 1157 6868 1200
22038 5808 3623 5822 4553
22039 4388 4385 7087 4387
22040 2057 6847 2133 6990
22041 4785 5872 6990 6847
22042 5821 7199 6382 7051
22043 6046 6381 2328 6382
22044 6381 7264 2328 7199
22045 5821 2057 5872 6407
22046 7191 7262 2170 7223
22047 5696 2948 5686 7042
22048 6880 6980 1394 1335
22049 4570 6253 6249 6246
22050 7117 6517 4640 7223
22051 1515 1452 7026 4562
22052 7223 7262 2170 2211
22053 7090 2293 7117 2292
22054 7100 7034 7099 2309
22055 5114 5757 5711 6919
22056 5204 3128 1563 1509
22057 5665 5666 2531 2547
22058 5198 1441 5202 1401
22059 5204 3934 1508 1563
22060 5198 1403 5200 1441
22061 3776 6698 6031 5849
22062 4534 5851 5954 4119
22063 6319 3312 83 84
22064 3311 6319 3312 83
22065 4025 5146 4526 5933
22066 3176 3184 3177 3183
22067 4190 5875 3868 6798
22068 6038 5982 86 115
22069 3310 84 5976 3312
22070 5639 5578 5922 81
22071 3311 5959 83 5917
22072 2709 6860 1993 1971
22073 2712 7192 2711 7127
22074 5224 5629 1901 1941
22075 6490 6377 6458 6693
22076 2711 1971 5224 2709
22077 2057 2014 5872 5873
22078 1984 5873 2014 2032
22079 5909 6912 5901 1966
22080 1971 5224 6860 1946
22081 4850 2711 5873 5901
22082 5224 1943 5901 1941
22083 5388 2882 655 639
22084 3267 4773 701 4774
22085 639 6353 623 5385
22086 5952 6439 703 5484
22087 4283 6214 3973 3971
22088 5952 671 5484 687
22089 6483 6540 6466 6485
22090 2882 639 6327 655
22091 4674 6431 6430 6323
22092 6996 2270 6320 2319
22093 4915 5462 6800 6350
22094 5485 6327 2882 6353
22095 5557 5575 5255 6727
22096 6219 5585 5501 2393
22097 4806 4272 4809 3978
22098 6032 2365 3633 2375
22099 5098 5026 5099 6200
22100 5459 5225 699 7025
22101 6464 7054 1562 4863
22102 4036 6500 4770 6405
22103 683 699 5225 5226
22104 6577 4863 6464 6465
22105 5459 5225 7025 5645
22106 5225 667 5214 5215
22107 6314 4044 6316 6315
22108 5404 6762 6988 6981
22109 6686 6760 6759 7020
22110 5431 2217 5425 2275
22111 7243 6752 2092 2163
22112 7237 2084 6747 2149
22113 6622 4540 6927 3854
22114 7253 2298 5062 2361
22115 1396 6585 1471 6584
22116 7043 7030 1465 6584
22117 3973 3972 5064 3983
22118 7032 7030 1426 1490
22119 3795 7190 7043 7032
22120 6124 5740 5269 4675
22121 5601 5602 6860 1993
22122 5601 1993 6860 1946
22123 5682 5602 5601 5209
22124 4176 6522 6513 5382
22125 3769 2117 5590 3767
22126 5214 5226 7070 650
22127 5214 634 7070 3277
22128 3294 4370 4607 4609
22129 5216 604 2407 6315
22130 4792 5214 5226 5254
22131 700 5459 716 6363
22132 4923 3278 7272 6068
22133 6068 3277 3278 2391
22134 5918 5820 7264 6381
22135 2328 6046 6044 6381
22136 3866 1666 7088 1614
22137 4945 5234 4059 4053
22138 4953 5233 7011 4954
22139 6400 7015 7013 1614
22140 4599 4641 5499 5018
22141 7100 2250 4483 2309
22142 6247 2362 7052 2351
22143 7100 7244 2250 7099
22144 7124 3492 7252 3494
22145 2310 7214 2331 7143
22146 7100 2309 7099 2250
22147 6247 2362 7143 6253
22148 4060 4182 6753 4185
22149 6988 3799 3795 7041
22150 5149 5152 3342 7182
22151 6010 6023 5368 1126
22152 6026 1148 7132 1131
22153 6859 6026 7132 1131
22154 5849 1075 5984 1077
22155 5850 6859 1108 6026
22156 6707 1162 6813 5857
22157 5850 1098 6859 5955
22158 5850 1108 6031 6026
22159 4945 5233 4949 5232
22160 4173 4174 3393 4675
22161 6322 6535 1415 1446
22162 5478 5262 6724 6312
22163 4672 6322 6535 5269
22164 6322 6323 1479 1344
22165 830 5738 6523 3512
22166 6442 5474 5476 5483
22167 6416 4296 3790 1306
22168 6959 4251 7241 7048
22169 6416 4296 1306 6920
22170 1295 6916 1310 6920
22171 4577 6810 4300 6916
22172 4915 6800 4916 4043
22173 6549 5039 5043 6814
22174 4794 6462 6456 7013
22175 7239 7063 1589 7061
22176 4921 6400 4860 7013
22177 6497 6462 1474 5461
22178 6343 6400 3866 7088
22179 4860 6900 4862 7014
22180 6400 6476 3866 1614
22181 1637 6400 7088 1614
22182 7015 7014 7013 1582
22183 6373 6384 2334 2358
22184 6446 6359 7219 2385
22185 7069 6462 1582 1510
22186 6496 1379 1619 1411
22187 6665 6664 4780 1413
22188 5524 980 4203 987
22189 994 4203 987 5524
22190 6170 5411 6080 5304
22191 4554 4551 4915 4553
22192 6207 4343 6644 5125
22193 6089 6098 3441 6192
22194 6208 3033 4343 5124
22195 5124 6189 6207 6208
22196 2245 5765 6957 7142
22197 4993 6123 6148 6957
22198 4742 5135 6933 7133
22199 5500 4551 5462 4916
22200 7227 6994 5795 5784
22201 6303 5795 7227 2327
22202 4551 5462 4916 4915
22203 3980 7128 5409 5465
22204 7045 7047 2379 7052
22205 7093 1580 6943 1535
22206 6944 1593 6986 6943
22207 5255 1468 6727 1435
22208 7274 1596 7093 1598
22209 5058 7092 1579 1596
22210 5057 5109 6944 4681
22211 5169 5102 1552 1592
22212 7042 4547 7050 1590
22213 1593 6986 1575 6944
22214 5236 1535 6986 1504
22215 5879 1853 5881 1834
22216 5318 413 3399 80
22217 3399 403 5090 408
22218 5434 5882 403 402
22219 5318 3861 3405 3411
22220 3399 6754 80 79
22221 3839 3002 7004 3841
22222 4612 5635 1852 5870
22223 4784 7215 6847 7101
22224 3468 6142 6883 6874
22225 4654 3932 5612 5403
22226 4442 5035 4215 4441
22227 5120 6148 3680 3347
22228 6829 6873 1364 6913
22229 6883 6873 6874 1442
22230 6829 6873 1442 1364
22231 6415 6698 1077 1106
22232 6110 6227 1081 1066
22233 3526 4029 6033 6110
22234 6033 1066 1052 1037
22235 5325 6015 4496 6078
22236 3698 5418 3699 3697
22237 5369 5987 3524 113
22238 5987 5990 5981 494
22239 1739 1731 1738 3239
22240 1753 6299 1745 1752
22241 5964 1753 1746 94
22242 434 5964 435 429
22243 3839 3841 7004 2967
22244 2614 3239 6529 3240
22245 5940 1031 445 446
22246 5845 1217 1166 1160
22247 3997 4782 3998 5909
22248 4215 6631 6889 6845
22249 3148 3146 3149 1281
22250 4850 3774 5901 5873
22251 1248 6768 6761 7182
22252 7182 6761 1248 1281
22253 4428 3342 5036 3149
22254 6380 6255 4784 6046
22255 5577 6728 6924 6729
22256 7172 7144 2020 7091
22257 6728 6729 5496 1990
22258 4938 6635 5774 4007
22259 6924 1967 6728 1972
22260 5992 5993 3235 3288
22261 2019 5496 2076 6729
22262 5716 355 354 349
22263 2116 6747 2149 5562
22264 5454 1300 5885 1278
22265 1394 6584 1465 7030
22266 7157 6963 1362 1335
22267 6759 6899 6926 1985
22268 6181 6819 7163 6820
22269 6963 5885 1300 1335
22270 6980 7030 1394 1426
22271 6630 6014 1155 1197
22272 5144 6244 6111 5863
22273 1197 6014 1222 5304
22274 3077 6198 6817 6226
22275 6797 6198 1103 1155
22276 5121 7142 5765 5764
22277 4435 4255 5795 5772
22278 4953 7011 4910 5587
22279 5079 4665 5135 6956
22280 6303 2326 6304 2327
22281 4935 5781 6770 5861
22282 4935 6770 5781 5013
22283 5393 5599 5395 5303
22284 4910 4049 5587 7141
22285 5012 6643 2873 3454
22286 5588 4738 1829 1812
22287 4401 2085 6987 4407
22288 4045 4051 4046 4060
22289 4760 4762 4407 4765
22290 4542 4762 4765 6102
22291 2062 4401 2085 6987
22292 2916 5171 5277 4280
22293 6075 7039 2062 2095
22294 5383 5836 5304 6156
22295 5022 6708 6814 6020
22296 5506 5836 1196 6014
22297 5043 7193 6188 6824
22298 6637 1952 7129 5898
22299 6188 6189 6190 1931
22300 6530 6197 6839 6258
22301 6530 6258 6839 1120
22302 1250 5304 6223 1263
22303 5304 6630 1197 6014
22304 588 589 581 1264
22305 6839 6636 1626 1263
22306 6119 560 6036 567
22307 6797 6198 6225 1103
22308 6549 5022 6676 6814
22309 2169 7101 2144 2133
22310 4784 6847 6990 7101
22311 2144 7051 2110 6990
22312 5405 6990 5872 5821
22313 7101 2144 2133 6990
22314 5819 7051 5821 2185
22315 5606 5648 33 32
22316 5155 4897 43 5153
22317 5647 5651 5640 5229
22318 5114 6919 5711 5746
22319 5219 1349 6230 1374
22320 4081 5513 5488 5502
22321 6938 6678 5775 5219
22322 1942 1973 6927 6926
22323 4444 6710 5490 5920
22324 5128 5967 5941 7163
22325 5211 4977 7271 6252
22326 3078 4508 3082 4507
22327 4009 6856 5787 6857
22328 3045 6849 6865 6648
22329 6661 973 4503 5392
22330 4910 7141 4374 4049
22331 7171 6635 4939 7091
22332 4376 4377 4378 2729
22333 268 267 1008 1261
22334 4862 4864 4801 7025
22335 6679 6678 1255 1312
22336 4702 6175 6853 6664
22337 6099 1116 1072 5449
22338 6924 7059 1947 5758
22339 1312 5787 6857 6678
22340 5304 6636 1197 6630
22341 6014 5383 5836 5304
22342 4862 4864 5511 4861
22343 1197 5304 1263 6636
22344 3804 6633 5304 6636
22345 3804 5304 6630 6636
22346 3108 3113 3121 3111
22347 5701 6188 6190 6824
22348 5304 6156 1222 1250
22349 4862 7014 6997 7069
22350 3601 7179 3602 6627
22351 4708 7104 3927 7001
22352 5966 2022 6926 1973
22353 6869 1133 6765 1153
22354 5186 6009 6010 5829
22355 4485 4765 4259 4538
22356 7187 1119 6918 1137
22357 4331 6651 1182 1164
22358 6666 5523 1198 1221
22359 5497 6534 5498 1087
22360 1105 6688 1121 1087
22361 5683 5697 5684 2854
22362 5684 5893 5503 5697
22363 3319 3317 3339 3318
22364 6533 1089 5498 1071
22365 5628 3731 846 839
22366 4795 4863 4794 6462
22367 6566 906 5400 5766
22368 5696 3799 7190 4578
22369 6902 6413 6409 1611
22370 6412 4841 2935 1560
22371 4954 6951 4955 5549
22372 4578 5686 3798 7190
22373 5179 3992 6308 5178
22374 5147 5525 5970 1101
22375 6615 5969 1102 5710
22376 5970 1101 5525 1112
22377 6614 6869 1133 7156
22378 6614 6612 6615 1135
22379 4058 4846 4052 4842
22380 5969 5970 1102 1069
22381 6375 6044 2354 6993
22382 4961 4993 5784 6478
22383 6118 4580 6907 6937
22384 6375 6478 2339 2370
22385 6043 6044 6993 6045
22386 5784 7142 2339 2294
22387 4993 2294 5784 6478
22388 5916 6041 6042 5552
22389 6303 2244 7227 5772
22390 5686 4548 4547 2948
22391 6953 3120 4350 4349
22392 6090 2883 6953 3120
22393 3927 4054 7104 3928
22394 4306 4305 1667 1641
22395 6182 4368 6030 7163
22396 4709 4715 6781 5586
22397 5934 3726 2558 2542
22398 4957 6941 6929 6892
22399 4957 6929 5523 6892
22400 3829 5559 5734 7098
22401 7059 6729 1967 1989
22402 6729 5496 1990 2019
22403 5963 5966 6819 6926
22404 3271 4526 4363 5130
22405 3602 1359 7179 7186
22406 6622 6927 6713 6712
22407 5686 7190 6051 3798
22408 1278 5454 5920 5885
22409 3602 7179 1359 1234
22410 5677 7075 6873 5612
22411 7085 6145 6365 7133
22412 6304 2291 2248 6045
22413 7027 6436 1523 7000
22414 2326 6304 2291 2248
22415 6044 6993 2291 2354
22416 5819 2185 7249 2207
22417 6365 5000 3470 6143
22418 4543 5506 6014 5836
22419 6814 7193 1970 7241
22420 6170 5304 6633 6223
22421 5660 1059 5815 1034
22422 927 6564 921 5815
22423 6564 5660 5815 927
22424 6550 5660 6700 1044
22425 6719 1086 1624 6687
22426 6425 5684 6891 6616
22427 6564 5660 6550 5815
22428 3544 3545 5744 5752
22429 5432 6222 6389 2348
22430 3476 2853 6306 6293
22431 3459 2406 3457 7018
22432 3459 633 616 617
22433 633 5526 649 4611
22434 5164 5301 4920 3843
22435 5165 4920 5301 6401
22436 7024 1469 5366 1462
22437 6400 7015 1637 6343
22438 5163 3457 6293 3477
22439 4818 2108 4814 2141
22440 5991 1030 1031 89
22441 5991 6238 1060 1030
22442 5991 1030 89 88
22443 5991 1030 88 448
22444 5961 5423 440 445
22445 5940 1031 446 447
22446 6238 3368 3369 443
22447 3516 5995 5996 7265
22448 1521 5996 5995 7265
22449 5996 7265 1521 1544
22450 5996 1556 6000 1544
22451 5996 5997 1556 1539
22452 7017 5696 5695 6000
22453 3142 6911 4136 4133
22454 1588 1539 1578 5995
22455 5967 5941 2002 1950
22456 6685 6840 6753 6834
22457 6888 1217 5942 5845
22458 1373 1343 6751 7109
22459 4839 4844 4843 6881
22460 6840 7109 1279 6881
22461 6030 4373 6748 6820
22462 6748 2055 4373 2109
22463 4196 4163 4168 6746
22464 4910 5587 7011 7115
22465 5111 2951 6619 6463
22466 1220 1241 5886 1279
22467 6763 6881 1220 5886
22468 4568 5429 7251 6249
22469 7041 5696 3799 7190
22470 1518 6988 1463 7032
22471 7205 7206 1362 6980
22472 7124 5431 2331 2289
22473 7190 1568 5696 7050
22474 7190 1568 7041 5696
22475 5321 5514 5322 5805
22476 3449 3611 3610 3615
22477 3450 4927 4928 4931
22478 3614 3452 6254 6233
22479 5466 6928 6474 6790
22480 4865 5690 2123 5693
22481 7107 7131 6250 6399
22482 4421 2025 6475 4688
22483 5688 4865 5693 5690
22484 5464 6491 1650 1406
22485 6273 6461 1663 1674
22486 6140 1547 6145 1567
22487 6145 1547 7085 1587
22488 7085 6145 1587 1570
22489 6144 6145 1492 6141
22490 6143 6141 6144 7000
22491 7027 5002 5003 6436
22492 7004 2968 1617 3002
22493 6139 6145 6144 6141
22494 4255 4256 5795 6302
22495 6142 6145 6141 1492
22496 6302 4440 6641 4279
22497 4434 4385 6141 7000
22498 4980 7249 6372 6424
22499 2248 6302 6304 6045
22500 6139 6140 6145 6142
22501 5658 7039 4401 4629
22502 2291 6046 2248 6045
22503 6044 2328 6041 2354
22504 4938 5774 5776 6730
22505 5179 5177 5178 2508
22506 2967 1507 2936 1472
22507 3663 2505 3679 2521
22508 4939 6635 7228 5779
22509 2995 4828 3673 3675
22510 2997 4829 2996 3992
22511 3730 2555 6308 2539
22512 6746 2147 2213 6745
22513 4444 3602 4443 5454
22514 4168 5062 2298 2255
22515 6586 6583 6587 6585
22516 3089 1636 3085 3933
22517 4600 3085 2567 2568
22518 5017 2550 3094 2566
22519 4845 5886 4844 6881
22520 2634 3048 3490 3040
22521 6980 7157 1362 1335
22522 3816 4564 6552 6027
22523 3688 7157 5885 6963
22524 5707 5709 5708 5407
22525 2004 6899 7153 6760
22526 6113 7080 6115 6980
22527 4443 5454 6963 5885
22528 7186 6963 3602 1359
22529 6963 1331 1362 1359
22530 7177 5442 1936 7178
22531 3579 3580 3585 3670
22532 4685 4416 5442 7178
22533 7177 6503 1913 5442
22534 7177 1874 7173 1892
22535 7177 1892 7178 1936
22536 6507 5448 5451 5449
22537 3084 6837 6508 5451
22538 3043 6865 6849 5347
22539 6507 1097 4327 6099
22540 7187 6508 6507 5669
22541 5398 6827 2730 6858
22542 5603 6865 6736 6663
22543 3043 7138 5687 5347
22544 5455 2336 2295 6252
22545 6635 5777 7228 5779
22546 4007 4009 6730 5115
22547 7124 5431 2289 7252
22548 5211 5063 5062 4977
22549 4961 4994 6478 3880
22550 4993 2294 6478 2253
22551 4993 5784 2294 7142
22552 5918 7264 4986 6042
22553 4994 4993 6478 2253
22554 1303 5543 5544 1301
22555 3067 5886 6209 6763
22556 1396 5544 6880 1370
22557 5544 6590 1334 1396
22558 5550 6590 1399 1334
22559 6742 6746 6745 6744
22560 6745 6742 6748 6747
22561 3684 5886 4845 6881
22562 6537 3768 5500 3769
22563 5738 6802 5740 5741
22564 6532 5267 1283 1345
22565 6323 4674 4668 6322
22566 5590 5209 2083 5602
22567 5267 1283 4638 6722
22568 2033 6311 5382 6522
22569 2033 6526 789 1887
22570 6522 6311 5382 4176
22571 3512 7056 809 816
22572 6522 6545 6557 1957
22573 3387 4171 4172 4178
22574 4857 6843 1235 4312
22575 4265 4857 4264 4296
22576 4581 4296 6416 6920
22577 5506 6843 1235 1196
22578 1196 6014 1154 5506
22579 5506 6843 1196 5836
22580 1286 1251 6155 5836
22581 4836 5947 6635 7091
22582 4707 4708 3701 3727
22583 4310 6843 4857 4312
22584 4747 4822 1076 4820
22585 5252 5668 5643 6699
22586 5794 5123 1129 1127
22587 5794 1127 4823 4454
22588 4452 4823 5806 4454
22589 4823 1107 1076 4820
22590 6034 560 6221 6036
22591 4687 4413 4422 6011
22592 5181 7171 7149 6635
22593 1623 160 590 1645
22594 6034 6166 561 554
22595 6925 5181 7171 7149
22596 4413 540 6035 6011
22597 6233 6790 1650 6491
22598 519 6180 527 520
22599 535 6196 534 542
22600 7243 2060 7213 2126
22601 7243 2126 7213 2078
22602 7213 6760 6756 7243
22603 5722 2023 7213 2060
22604 5722 2004 7213 2023
22605 7213 2004 6760 2078
22606 7243 7200 2060 2092
22607 7269 6249 5076 6039
22608 5715 5489 4081 5496
22609 6449 6450 6452 6455
22610 3837 5561 5502 5715
22611 6655 2219 2254 2303
22612 6986 1575 6944 5169
22613 4082 5488 5351 4080
22614 5866 6727 6855 5202
22615 5559 5561 2208 2181
22616 5559 5502 2181 6655
22617 5353 5715 5496 5566
22618 3831 3829 5192 5007
22619 5033 6875 6777 6856
22620 5192 6517 7098 7223
22621 5983 7172 4893 7091
22622 6989 1336 6855 1397
22623 5416 6875 6856 6854
22624 4136 7071 4936 6467
22625 6174 7184 2190 2209
22626 4471 4469 2224 2179
22627 6172 7208 2152 7183
22628 7263 7233 7240 7090
22629 4641 6174 7240 7184
22630 4708 7002 4946 3702
22631 6646 5583 2434 2418
22632 2417 328 6639 6646
22633 6061 2450 6646 5583
22634 2418 2299 328 6646
22635 327 2418 2299 328
22636 3885 4768 3829 4759
22637 6235 2450 6061 2466
22638 6640 6235 5540 5281
22639 5399 59 353 58
22640 957 5391 57 58
22641 58 5399 964 957
22642 5632 5309 3291 6397
22643 5522 5521 60 59
22644 59 971 964 5521
22645 5521 3291 2796 971
22646 5571 3291 971 2796
22647 4323 358 5399 3291
22648 4109 1632 6231 1476
22649 1438 6231 6657 6230
22650 6230 5298 1411 6495
22651 6657 6230 1409 1438
22652 3829 7098 5007 5559
22653 6657 6230 1411 1409
22654 5814 6228 6657 6231
22655 3185 1792 5864 1821
22656 5458 5864 3185 1792
22657 5161 6109 6019 78
22658 7192 6407 2032 2052
22659 5873 5901 2711 1984
22660 5558 5560 3829 5734
22661 5817 5820 5821 5819
22662 2709 7127 2711 2017
22663 3829 4768 5192 7262
22664 7126 2017 7127 2087
22665 2711 1984 5901 1943
22666 5096 5159 4547 5102
22667 5734 3829 7262 5560
22668 2266 7098 5559 7099
22669 5030 6666 6917 5523
22670 6691 3008 3305 6643
22671 7021 4562 7026 7031
22672 2293 7089 7090 4483
22673 6986 5169 1528 1575
22674 5058 6944 1596 1579
22675 3951 5572 3952 3949
22676 4563 4567 4568 4564
22677 5235 3094 5238 3933
22678 7096 7256 7097 1531
22679 7097 1550 5159 1572
22680 4196 4167 4209 4168
22681 6247 7052 2362 5455
22682 7097 7256 1550 1531
22683 6717 1117 5643 1100
22684 6588 1104 5643 1117
22685 4895 5642 5606 4462
22686 5668 6699 1085 5643
22687 4749 4753 1064 1078
22688 4753 1100 5643 1085
22689 5668 6704 1064 1049
22690 4019 4750 5644 6717
22691 3829 4768 5560 4759
22692 6322 6321 3909 6535
22693 6465 6500 6903 6464
22694 3618 6462 6497 5461
22695 4915 6408 5462 6313
22696 4044 3267 3269 3268
22697 6545 3394 3390 5209
22698 4394 6454 6452 6886
22699 6449 6455 6452 6454
22700 6452 6455 1625 1378
22701 6450 6452 6455 1625
22702 6452 6886 1378 1429
22703 6452 5712 1429 1522
22704 7099 5193 7244 7098
22705 5999 7265 5996 6000
22706 4491 4451 5024 6396
22707 3294 3691 5542 3693
22708 2242 2293 2292 7117
22709 7100 4483 7143 2309
22710 4584 4075 6779 7071
22711 3670 5486 5853 6241
22712 4091 6022 3580 3670
22713 3181 1872 6826 7173
22714 3181 7173 1874 1872
22715 3190 5864 1819 1821
22716 3177 3181 6826 7173
22717 3181 1821 3190 1836
22718 5865 6711 6866 1855
22719 5319 423 422 417
22720 2923 426 421 5932
22721 5318 5578 81 80
22722 5318 5319 3861 3411
22723 5883 6618 5323 4614
22724 5319 417 5951 412
22725 5883 3857 2614 2616
22726 3407 3411 6333 3399
22727 5649 3312 83 82
22728 2709 5208 5602 5221
22729 3100 4668 6628 6968
22730 6722 4638 1226 1283
22731 6406 6408 2115 2087
22732 3692 6113 3691 6980
22733 6377 6693 1202 6458
22734 6377 6458 1139 4437
22735 4467 6693 1181 1225
22736 4467 1248 7182 6768
22737 6693 1202 6458 1181
22738 846 845 853 5628
22739 5227 6821 5601 6860
22740 4432 6378 6613 4431
22741 3490 5314 3570 3719
22742 3692 3693 3694 3681
22743 3691 5543 5542 3693
22744 5550 4223 4247 5542
22745 6435 3466 2479 6434
22746 1730 4613 1731 1723
22747 1735 1742 5288 3117
22748 7104 4305 4708 3956
22749 3957 3958 1608 3118
22750 3939 5286 3940 3958
22751 5035 4438 6556 4468
22752 6702 4437 1123 1139
22753 4381 4386 4385 4388
22754 4438 6458 4437 1139
22755 6511 5224 5629 1901
22756 4436 6458 4438 4468
22757 6912 5629 3320 5224
22758 4707 6435 4348 6953
22759 3268 4038 5387 4044
22760 6390 653 6316 3268
22761 654 5952 5388 4038
22762 4035 6800 6315 6350
22763 4774 5952 702 686
22764 751 735 5381 6540
22765 3681 3692 3693 3683
22766 4774 670 4038 5952
22767 5854 4041 3908 4037
22768 2058 1929 6345 4242
22769 5967 6785 5941 1950
22770 3467 6288 3468 4382
22771 1884 6243 5871 6785
22772 1884 6785 4242 6243
22773 6930 4341 6894 1285
22774 4073 6305 4074 4075
22775 3468 6141 4382 6883
22776 5028 5754 6852 5505
22777 3921 3931 2774 2769
22778 6887 1267 5274 1240
22779 6852 1224 6832 5523
22780 4434 4382 3468 6141
22781 6129 133 132 586
22782 6129 1013 507 508
22783 6129 508 133 1013
22784 6129 579 131 572
22785 132 579 131 6129
22786 4019 6588 5643 5644
22787 4750 5644 6717 6845
22788 5644 6845 1161 1134
22789 6889 1136 5644 1161
22790 4442 6588 5644 1136
22791 6717 6845 5644 1134
22792 6139 6142 3468 6140
22793 1161 6901 6884 6889
22794 7264 6041 2328 2207
22795 7051 5821 6990 6382
22796 7083 5331 5270 7087
22797 7051 5819 5821 7199
22798 5821 2185 5822 5819
22799 6544 3146 6761 3149
22800 3338 5152 3770 3342
22801 7199 6381 5820 6382
22802 6447 7088 1666 1638
22803 3460 3843 7018 3844
22804 1464 6212 6215 6357
22805 3866 6447 7088 1666
22806 6393 3866 6447 7088
22807 4057 6116 6117 1094
22808 3489 6696 6198 6630
22809 6812 1145 6695 1154
22810 6695 6817 1132 1099
22811 6116 6675 1122 1145
22812 6116 6675 6117 1122
22813 3630 6087 3569 5917
22814 1145 6812 1156 5900
22815 6374 1551 6284 1505
22816 1505 6374 5270 6284
22817 6307 6374 1574 1551
22818 4998 5003 5344 5004
22819 6043 6375 6993 6044
22820 6139 4254 6145 6140
22821 7027 6436 6374 1537
22822 1537 1574 6436 6374
22823 5270 1439 6282 1400
22824 1474 5461 1439 6488
22825 4427 6544 3149 3146
22826 5270 6282 1439 6284
22827 6282 6488 1375 1439
22828 6904 6282 6488 1375
22829 5822 6407 2075 2110
22830 6888 6749 5942 1252
22831 4184 6750 6834 1180
22832 4184 5407 1180 1204
22833 7109 6881 1337 1279
22834 6736 6663 1949 1992
22835 6736 1992 7144 6663
22836 5346 6736 1949 1924
22837 1972 6736 1992 7144
22838 6728 6729 1990 1967
22839 5674 5346 6736 6865
22840 5346 6924 1924 5758
22841 4659 4661 952 951
22842 4659 4380 958 965
22843 4661 945 937 938
22844 5930 5931 3597 5732
22845 4745 5993 5015 4778
22846 4700 6623 6662 6624
22847 4661 5732 6632 2029
22848 6624 932 6662 4930
22849 3188 3863 5309 5716
22850 5140 5445 6573 5768
22851 6661 953 6867 960
22852 6632 3591 3597 6217
22853 3591 6632 5811 6624
22854 5980 6736 6728 7144
22855 3131 5424 4121 4654
22856 4565 6422 5425 6421
22857 7206 5348 6981 1331
22858 4386 5424 4384 6829
22859 5850 1108 6859 1098
22860 6023 6707 5857 1125
22861 4563 3040 3490 3048
22862 3108 3106 3107 3113
22863 4531 5984 6415 5849
22864 5954 4119 1047 1038
22865 6698 6674 1140 1106
22866 6707 6698 1140 1125
22867 6023 6026 6031 1126
22868 4552 4553 5822 6406
22869 3964 4064 4428 4856
22870 7083 6245 6538 6904
22871 4467 6768 1225 1248
22872 4467 6693 1225 6799
22873 7192 5873 2711 1991
22874 4786 5180 7215 6255
22875 4468 1225 1201 1248
22876 5223 4096 6547 4095
22877 3148 7182 1281 3149
22878 1570 6366 7085 6144
22879 7085 1570 1587 1571
22880 5004 4101 7239 7063
22881 4126 4127 4129 4255
22882 6365 6144 7085 6366
22883 6366 1571 6436 1570
22884 6436 1571 7061 1574
22885 1574 6436 6374 7061
22886 6144 6436 1523 1570
22887 5438 820 6442 827
22888 3912 5482 6460 6439
22889 5740 6554 6723 6870
22890 3139 863 1646 1643
22891 6515 6485 1649 5379
22892 5260 6553 5261 5480
22893 5495 799 183 182
22894 5474 3140 3911 6580
22895 6322 5269 1344 1415
22896 4064 4856 4427 4428
22897 6460 5359 720 704
22898 6541 6485 1635 1643
22899 855 6484 848 5363
22900 5927 6410 4522 4833
22901 4679 3839 6952 7092
22902 2967 1506 6952 1559
22903 3840 1607 3002 3841
22904 6584 7043 1497 1465
22905 6952 1506 6766 1534
22906 2875 7055 2876 7276
22907 6952 7092 3841 1583
22908 5438 186 827 187
22909 5438 188 704 187
22910 6335 672 185 186
22911 6335 820 185 813
22912 4064 5424 4427 4121
22913 5483 5359 5438 6442
22914 5483 5438 6460 5484
22915 115 4029 3524 7226
22916 6808 1065 4028 1052
22917 6110 6227 1066 6033
22918 5985 6131 3698 1027
22919 3526 6110 6227 6226
22920 6004 5981 499 115
22921 5670 4120 5984 4119
22922 4029 1023 6033 1052
22923 6808 4028 1065 6796
22924 4142 4284 4285 6812
22925 6727 5202 1435 1401
22926 4557 5705 4561 5712
22927 5255 6727 5575 1435
22928 6777 5618 1227 1221
22929 5757 6950 6450 6919
22930 5201 5198 6855 6654
22931 5557 5867 6893 6995
22932 5502 6655 5513 7220
22933 5007 7098 5192 6517
22934 3143 6792 7016 6791
22935 7016 5565 1340 1325
22936 3432 5337 7176 5342
22937 3426 5337 5342 5335
22938 7081 5609 5610 5174
22939 4427 4066 5402 3147
22940 7016 1369 6791 1423
22941 4990 3217 4834 4642
22942 3142 4936 4937 6791
22943 6071 5173 3942 6983
22944 6792 7022 1423 1386
22945 1386 7023 1457 6792
22946 4940 6793 7023 6792
22947 4622 4627 4621 1111
22948 4619 1068 4326 1130
22949 6096 5631 1068 5786
22950 5804 5450 1053 6668
22951 4747 4819 4820 4821
22952 4882 6345 4242 2058
22953 4245 4882 6345 4242
22954 4952 7011 2215 2302
22955 5092 6840 6834 6868
22956 4374 7141 6965 6345
22957 6965 5941 2018 4373
22958 4046 4051 5282 4194
22959 2112 2058 7141 4882
22960 6411 7001 6755 6902
22961 3835 5513 5502 6655
22962 7042 2948 5686 4547
22963 5056 4971 5211 7271
22964 1566 1545 1594 7042
22965 7117 4483 2250 2293
22966 7042 2947 7017 5696
22967 7113 7117 4483 7244
22968 6779 5695 5997 1556
22969 7017 6000 5695 1556
22970 4809 4818 7048 4814
22971 6970 7048 4818 2072
22972 3420 5616 6148 5617
22973 4806 4807 4813 4812
22974 4807 4818 4814 2141
22975 4636 6991 6992 3790
22976 2088 3223 4865 4872
22977 5431 7214 4571 3042
22978 3223 7129 1997 5898
22979 6155 6689 6844 7128
22980 5042 7161 7193 7160
22981 4285 6706 6675 5430
22982 3708 3556 3566 3525
22983 6188 1948 7129 1931
22984 6814 7241 1970 1964
22985 3042 5805 7143 7214
22986 6814 6824 6020 1945
22987 7241 1986 7160 1970
22988 7241 6959 2016 1964
22989 2016 7241 7048 6959
22990 5413 6191 5700 6398
22991 6970 7241 7048 1986
22992 2015 6210 2047 7160
22993 5779 7170 7229 4900
22994 5112 3039 5111 4579
22995 3263 5204 1509 3128
22996 5774 5181 6635 5777
22997 4546 4547 2948 7042
22998 4995 4996 6202 5026
22999 6231 6229 1438 1600
23000 5200 5202 1441 1473
23001 5204 1473 5200 1509
23002 4819 3550 4748 5456
23003 5746 4396 5256 4086
23004 4752 4753 5668 6704
23005 4895 5606 4896 5637
23006 6717 1151 1110 5122
23007 6531 6700 6533 6534
23008 5668 3640 6704 1049
23009 5299 3640 1041 6704
23010 6533 5498 1089 6703
23011 4429 6106 4431 4437
23012 5659 2974 928 5660
23013 5907 40 5642 39
23014 37 5299 1017 36
23015 3083 3372 4520 3084
23016 4685 4416 7178 7202
23017 6647 5493 5491 5492
23018 3042 2634 3041 3492
23019 4056 6695 6116 4057
23020 6909 1214 5832 1175
23021 5858 6908 1190 7189
23022 3042 7143 6619 4483
23023 4329 4617 4618 7187
23024 5633 376 5378 371
23025 5804 1029 5605 6668
23026 5605 386 5657 381
23027 3499 6885 3501 6831
23028 6831 1921 7019 5620
23029 6831 5620 1938 1921
23030 4732 6863 4482 6872
23031 5306 7036 1954 1914
23032 5306 6519 1914 1875
23033 5307 1875 6864 6519
23034 5127 5306 7036 6877
23035 6876 5306 6877 1954
23036 6876 5307 5306 1896
23037 2806 5669 6204 4329
23038 7079 6453 1533 1527
23039 4617 5754 4329 4618
23040 5434 5915 5510 401
23041 5508 5887 405 5915
23042 3399 413 5897 408
23043 5915 406 5508 401
23044 5433 6768 1284 1249
23045 5838 396 5508 395
23046 76 77 3231 393
23047 5882 397 398 403
23048 2854 3543 5699 826
23049 5528 538 5529 545
23050 560 553 552 6119
23051 3697 3699 3704 3806
23052 5528 6091 6077 4497
23053 5145 5840 5841 5842
23054 3753 4626 4616 5754
23055 3804 5304 6633 6170
23056 6637 6189 1909 6207
23057 6089 6098 6035 546
23058 6089 6036 6119 553
23059 4444 5490 5454 5920
23060 5454 5920 5490 1195
23061 4329 4618 5669 7187
23062 4539 6819 5966 7163
23063 5128 3852 6785 6242
23064 5454 5490 1274 1195
23065 5454 3602 1300 1274
23066 5148 5525 6786 7156
23067 6786 1131 7132 1152
23068 6786 7156 1133 1152
23069 6786 1133 5525 1113
23070 7067 6776 2050 4719
23071 2097 2127 7166 7067
23072 2098 7067 2130 2170
23073 2170 7191 2127 7067
23074 7067 2130 5560 4719
23075 4077 6975 4070 4395
23076 4019 4017 4216 3445
23077 4356 3333 5620 6809
23078 3039 4569 3042 3041
23079 4617 7187 4325 4618
23080 5529 5528 5341 524
23081 5528 531 524 5529
23082 5143 5528 5341 5529
23083 4610 5341 524 5529
23084 6053 3588 5340 1817
23085 5528 5863 544 545
23086 4610 5840 1933 5841
23087 5343 6318 5840 6098
23088 7130 1845 6206 1811
23089 4344 1827 3031 1848
23090 4338 1799 3031 1827
23091 6121 5855 1796 5856
23092 3033 4344 6206 6208
23093 7130 5855 1828 1811
23094 4339 6101 4334 4338
23095 6295 5855 6121 5856
23096 5590 2051 3769 2087
23097 7127 5602 2051 1993
23098 5590 2051 7127 5602
23099 7192 7127 2017 2711
23100 2709 7127 1993 5602
23101 6490 4467 6693 6458
23102 5093 6750 7174 6868
23103 4240 4242 6785 6243
23104 5869 6818 5870 1890
23105 4616 3753 3751 4626
23106 6614 6869 1157 1153
23107 5956 3384 5975 3383
23108 6614 7174 6612 1157
23109 6614 1133 5525 7156
23110 5719 2905 6899 5720
23111 4482 1820 4731 1840
23112 6863 6872 1870 1840
23113 7162 3306 6863 6966
23114 6527 4482 6863 6864
23115 1856 1871 6863 6864
23116 4816 6441 4987 5072
23117 4812 4994 2301 2216
23118 7065 7024 1500 1529
23119 7065 7024 7175 1527
23120 7024 5366 1469 5312
23121 6357 5366 6991 1428
23122 3475 5432 7250 3844
23123 4171 6526 803 6513
23124 817 4171 810 3512
23125 6680 107 5913 108
23126 5530 6070 108 6240
23127 5419 6017 106 454
23128 6122 6019 6680 6022
23129 3399 5434 408 5897
23130 5509 402 5882 5434
23131 5828 5827 1801 1769
23132 3231 1793 6978 76
23133 5852 392 5509 5827
23134 3407 5090 3399 5882
23135 5004 6366 7063 7061
23136 4742 7007 6933 5313
23137 1573 7063 1574 1589
23138 7007 6366 7085 1571
23139 7007 5313 7028 1542
23140 7063 7061 6366 1571
23141 2811 3045 2807 6300
23142 4106 4128 4107 4132
23143 6751 1373 4843 1648
23144 7109 4843 1337 6881
23145 4223 1648 4843 1366
23146 4844 6881 1303 1337
23147 4421 2025 6094 5898
23148 6317 6637 5842 6207
23149 6094 1952 5898 2025
23150 5842 6637 1909 6207
23151 3489 6225 3521 6797
23152 5270 1431 7027 1470
23153 7027 7000 1523 1431
23154 5270 7027 1530 1470
23155 5270 1505 6284 1439
23156 7027 6436 1537 1523
23157 7027 1537 6374 1530
23158 3751 3753 5028 4626
23159 2513 4290 5281 257
23160 970 258 257 4290
23161 3398 7275 2545 3173
23162 5281 963 256 257
23163 3232 3763 3753 3234
23164 5666 6060 6395 5824
23165 6639 2279 935 6640
23166 2529 2530 4291 7275
23167 5825 5814 4109 5666
23168 3462 260 2561 261
23169 6578 5537 6269 7181
23170 6656 963 5281 970
23171 5281 255 2481 256
23172 4290 6667 977 984
23173 4616 3752 4618 4325
23174 6640 942 935 6638
23175 6245 7083 5270 6282
23176 4979 5519 3870 3820
23177 5270 7027 1431 7087
23178 5003 5270 6374 6284
23179 5270 7027 6374 1530
23180 7246 4818 4809 4807
23181 3975 4024 4015 4014
23182 4123 3752 4824 3758
23183 6212 6357 1533 6453
23184 7024 5366 7175 1462
23185 6215 1464 6357 1428
23186 7175 1462 6357 1527
23187 5764 7078 5121 5772
23188 7078 2176 5772 5764
23189 5979 4266 4263 4265
23190 6012 7077 4762 6102
23191 7006 6072 4875 6906
23192 4123 4155 2890 4826
23193 7077 6081 2139 2176
23194 6738 4738 1807 1829
23195 5307 7169 5780 1878
23196 4524 6216 4143 4525
23197 4695 4693 7169 4935
23198 6737 6194 1807 4724
23199 5781 1862 5780 1878
23200 1859 5307 1875 6864
23201 7205 1463 7032 1426
23202 7205 6981 1410 1362
23203 7206 5348 1331 7186
23204 7206 1362 7157 6963
23205 6742 4207 6028 6745
23206 4209 6029 4207 5562
23207 7205 6980 1426 7030
23208 4824 6275 4592 5140
23209 6823 5878 1900 1882
23210 6309 6017 5650 6016
23211 3033 6823 6208 6206
23212 3108 3107 3110 4397
23213 3107 7130 3109 3110
23214 6208 4344 6206 1883
23215 1848 1883 1863 6206
23216 3108 6971 3112 3116
23217 6823 3110 1882 1863
23218 6143 6144 6366 6436
23219 4998 5004 5344 5000
23220 6044 6045 2291 6993
23221 4255 6302 5795 7035
23222 4961 5784 6375 6478
23223 7219 6373 4922 3845
23224 6375 2370 6993 2354
23225 5552 2354 6044 6041
23226 5552 6041 2333 2354
23227 2291 2328 6046 6044
23228 6046 6642 2203 2248
23229 6141 4434 7000 6143
23230 5004 5000 4101 7063
23231 6245 6904 7083 6282
23232 7264 7199 2207 2328
23233 6381 2328 7264 6041
23234 7249 7264 2207 6424
23235 6287 6288 6289 6874
23236 5819 7199 2185 2207
23237 6296 5582 2251 2317
23238 5198 6855 1371 1401
23239 2437 7148 7146 2373
23240 7148 2437 2453 2436
23241 5421 6654 5201 6855
23242 1496 1477 1407 6431
23243 6500 1475 6464 1511
23244 7203 1440 6903 1405
23245 4792 5215 5225 5214
23246 3912 6485 5379 6540
23247 4769 5380 4771 4773
23248 4757 4759 5560 4718
23249 4457 6717 5643 4753
23250 6717 5644 5643 1117
23251 1134 1151 1110 6717
23252 4754 4753 1078 1100
23253 6717 5644 1117 1134
23254 4751 6717 1110 5122
23255 3445 2745 7073 3551
23256 7179 6947 1269 7150
23257 7186 1359 1269 1331
23258 6948 5348 6947 1331
23259 4212 6947 5348 7186
23260 1269 7186 6947 7179
23261 5311 3285 7153 5722
23262 6947 7150 1245 1269
23263 5299 4831 1041 1017
23264 5661 4620 4622 4619
23265 4747 5655 1046 6846
23266 5655 6846 4831 1040
23267 4751 4750 6717 6845
23268 4752 3443 4457 4456
23269 5647 5651 5300 5641
23270 1669 3172 265 1621
23271 969 6656 6667 970
23272 6667 4290 977 970
23273 4751 6717 5122 6845
23274 4747 4822 4749 1078
23275 4754 4753 4749 1078
23276 4747 1078 4749 1064
23277 4457 4754 6717 4753
23278 4749 6846 1064 6704
23279 4462 5606 5641 5642
23280 5606 5637 41 4896
23281 6719 1086 5756 861
23282 861 5793 6579 1624
23283 6579 854 6719 847
23284 4759 5560 4718 4768
23285 5767 5815 920 921
23286 915 5654 5767 916
23287 6550 6687 6625 1059
23288 5793 244 243 1043
23289 5397 6550 6534 1067
23290 6893 1397 6727 1468
23291 6950 1363 5706 1395
23292 5713 5705 5712 1498
23293 5706 1430 5705 5713
23294 6950 6875 1302 1327
23295 4024 7246 6958 2151
23296 3880 4817 4812 3887
23297 6362 5366 5312 6992
23298 6684 5366 6992 6991
23299 6958 2151 7246 2183
23300 4806 4807 4809 4814
23301 6684 6357 5366 6991
23302 7231 2128 5335 5334
23303 3433 7231 5334 6794
23304 7216 2129 7231 2068
23305 7216 2068 6794 3508
23306 7231 5335 2128 2166
23307 7231 7232 2166 2129
23308 3913 6293 2398 2411
23309 6294 2314 6492 2349
23310 3889 4718 4768 4759
23311 6293 2411 598 2399
23312 2399 6293 6492 6306
23313 5432 3477 3457 3481
23314 5432 2398 6222 2348
23315 6293 3913 5163 631
23316 599 6293 615 3913
23317 5426 6158 6164 2273
23318 4932 6164 6369 5690
23319 4927 6196 3451 6166
23320 3174 2278 3437 2230
23321 6196 542 541 534
23322 4932 6355 3174 2230
23323 4113 3437 3174 2278
23324 4113 2278 515 514
23325 4929 4113 3437 4886
23326 512 6180 520 6165
23327 514 513 521 3437
23328 515 2322 3174 3989
23329 6547 1876 6608 1902
23330 3890 6433 4077 4392
23331 5679 1802 5375 1774
23332 6610 6608 6548 1876
23333 4768 4721 7067 4719
23334 5376 6601 6059 1833
23335 5376 6059 1825 1833
23336 7136 6610 6611 1857
23337 6958 6389 2221 2265
23338 7066 4812 2256 2183
23339 4807 2141 7246 4818
23340 6214 6991 4636 3790
23341 6084 5313 5134 5312
23342 4807 4812 7066 2183
23343 5432 7250 3844 2374
23344 3880 4812 4994 2301
23345 3887 2256 4812 2301
23346 4269 4294 4636 4295
23347 4768 5192 7262 7067
23348 6184 6185 6130 2263
23349 7145 7147 2342 2373
23350 5501 5585 2372 2393
23351 6183 7194 6184 5501
23352 5501 6032 2375 2344
23353 6219 5501 2375 2393
23354 3643 5137 6187 5237
23355 5119 3644 2471 5585
23356 7146 7148 2453 4997
23357 5686 6051 4548 5112
23358 4546 7026 4562 5094
23359 7117 4483 7244 2250
23360 4483 2337 7143 2309
23361 7100 7244 4483 2250
23362 7100 2309 6247 7034
23363 3487 7234 7252 7090
23364 3042 7124 5431 7214
23365 3353 4596 6013 4875
23366 4483 2331 7143 2337
23367 7124 4483 2331 7143
23368 4331 1182 5618 6666
23369 6837 1183 6651 1164
23370 6669 1230 6679 1255
23371 5788 6679 6678 1255
23372 6837 6669 1230 6858
23373 4006 6678 4005 5788
23374 5826 5785 6298 6634
23375 3375 5452 2799 4377
23376 6706 1162 6707 1140
23377 3829 7262 5560 4768
23378 4165 6047 3555 6100
23379 5857 5185 6720 5368
23380 5977 6698 3776 6415
23381 6707 6698 6674 1140
23382 2908 6489 5934 3695
23383 6755 6413 1611 1652
23384 6755 1380 7112 1343
23385 6409 4956 6410 5927
23386 6412 6413 1560 1611
23387 3729 3002 2940 2968
23388 2589 2908 2573 3695
23389 3831 4768 4991 5192
23390 5282 4047 3928 4051
23391 6412 4841 1560 6413
23392 3939 3923 5288 3958
23393 5477 1678 6364 2304
23394 3958 3118 1741 1748
23395 3118 3958 1741 1734
23396 3958 3118 1755 1608
23397 5285 5286 1743 2684
23398 5286 1756 3958 1749
23399 3940 3957 1346 3928
23400 3956 4305 3118 3957
23401 3692 7157 7206 6980
23402 5558 4759 3829 5560
23403 7020 6760 2042 2078
23404 6552 7237 7020 5563
23405 6745 4209 5562 2187
23406 5563 6820 6747 2056
23407 6102 5753 4486 6841
23408 4541 6899 6926 6759
23409 5543 5886 1241 1303
23410 6590 6880 5542 3691
23411 1370 5543 5544 6880
23412 6745 2081 6744 2147
23413 6359 3882 5552 2357
23414 6358 5552 6041 2333
23415 4611 3460 5526 4920
23416 6012 5170 7078 4608
23417 3819 3882 3818 3880
23418 6982 4362 2723 2734
23419 2734 2723 4306 2607
23420 3725 6982 7002 2747
23421 2746 2747 7037 1633
23422 6982 7002 4708 3725
23423 2747 4306 1662 1640
23424 5934 3695 6498 2541
23425 6418 7257 2477 6486
23426 3172 4195 5292 1669
23427 3304 3398 2594 1613
23428 3398 2562 2578 2561
23429 3398 2578 2594 2577
23430 3172 3461 1005 4195
23431 3398 2594 1627 2593
23432 4281 6626 5171 4280
23433 5538 6272 6605 6607
23434 6638 956 6640 949
23435 948 6271 6604 6605
23436 6640 941 2279 934
23437 6234 5540 5281 6656
23438 6604 6640 941 2279
23439 6887 1240 5274 1194
23440 2689 6012 4608 5170
23441 3502 6915 6897 6562
23442 5027 6887 6525 5274
23443 6887 6942 1267 1297
23444 6887 6525 5274 1267
23445 6396 3014 1170 2971
23446 5274 1267 6525 6894
23447 5024 5274 1168 5025
23448 4451 5024 4453 5025
23449 1147 1169 1189 3652
23450 3017 3014 1170 4454
23451 3009 2970 6773 1210
23452 3010 3009 2970 6773
23453 1266 2973 1210 2970
23454 4487 6102 4763 4542
23455 6396 1213 2971 1170
23456 3446 5456 4466 4452
23457 5227 5221 6860 5602
23458 6821 5601 1946 2021
23459 7164 1869 6512 1887
23460 2789 2790 3540 4170
23461 4259 4538 4765 2204
23462 2651 4761 5356 5310
23463 5059 5061 4259 4260
23464 5249 2249 5250 2287
23465 4458 4461 4460 5247
23466 5248 2243 4538 2283
23467 2204 4538 2168 2243
23468 3632 6018 7270 5567
23469 4679 5058 6945 7092
23470 3643 3632 3645 6218
23471 7030 7032 7080 7043
23472 5070 7271 5062 2361
23473 5455 7052 2386 6252
23474 6136 6955 6133 6972
23475 6970 6277 7241 7160
23476 6970 7241 1986 7160
23477 6970 1986 7048 2045
23478 6167 5465 5463 6690
23479 6970 4014 2114 2072
23480 6970 7048 2072 2045
23481 5724 7201 5723 7260
23482 3816 6552 4564 6420
23483 4211 6949 5349 6948
23484 6324 2277 210 2381
23485 5259 792 793 800
23486 6376 801 5261 800
23487 6327 5485 656 5495
23488 807 5260 5261 5259
23489 2401 785 2381 5259
23490 6725 5261 6376 801
23491 5171 4281 3656 6626
23492 6725 6324 787 794
23493 5260 821 6442 820
23494 6057 6705 7136 6872
23495 6609 1809 5376 1825
23496 5158 4767 46 883
23497 6055 6058 6610 7136
23498 5592 6600 6609 5591
23499 5156 6617 5153 44
23500 4693 5780 6738 4694
23501 7180 7136 7268 6611
23502 5597 5591 5593 7119
23503 5598 26 4736 27
23504 5376 1833 1825 1809
23505 6600 5374 1768 5263
23506 6815 3827 6487 1586
23507 4282 6213 5439 5245
23508 6214 3790 6383 6991
23509 6215 1428 6357 6991
23510 4266 4264 4275 5439
23511 6213 1372 1392 6383
23512 4809 7246 4014 4818
23513 7144 6663 1992 2054
23514 7149 6649 6663 2054
23515 5489 2046 5715 2113
23516 5787 6678 1312 1255
23517 2688 4485 3668 4020
23518 6728 7144 6736 1972
23519 5034 5983 5360 4892
23520 7172 5496 2048 1990
23521 7083 1431 5270 1400
23522 6538 1400 1367 7083
23523 1339 6538 1400 1367
23524 3147 4427 3149 3146
23525 7083 7087 1431 1367
23526 6904 1400 6282 1375
23527 6904 7083 6282 1400
23528 4983 4982 4980 7249
23529 6539 6828 4387 1398
23530 7243 6760 6421 2078
23531 7243 2126 6421 2163
23532 3846 4802 4803 4805
23533 7020 2101 6421 2078
23534 7020 2174 7237 6422
23535 5425 2163 6421 2200
23536 2200 6422 6421 5425
23537 2174 2200 6422 6421
23538 5425 5429 7214 2200
23539 7221 7243 6421 6752
23540 3668 4487 4763 4542
23541 6422 5425 2200 5429
23542 7099 3834 3835 7034
23543 6455 6941 6449 5746
23544 4561 1545 5101 5094
23545 6655 2303 7034 7033
23546 7100 5322 6247 7143
23547 4971 7045 6247 7052
23548 7043 1550 7256 1531
23549 6051 7238 7190 7050
23550 6051 7256 7238 7097
23551 4971 6247 5455 7052
23552 3800 4969 6051 5112
23553 6449 6941 6454 4394
23554 7100 7143 6247 2309
23555 4392 4395 4077 4070
23556 4649 6999 6290 6289
23557 7103 7078 2176 5772
23558 2176 7103 7076 7078
23559 5278 7103 6842 2247
23560 5277 7035 5772 7103
23561 4536 4586 4594 6906
23562 4665 4586 6072 6956
23563 7254 2238 5278 5276
23564 4254 6140 7133 6145
23565 5278 6842 2286 2247
23566 5244 3982 5465 5245
23567 3914 4817 4303 4302
23568 4283 3981 3974 4282
23569 3346 4741 3352 4633
23570 3973 6213 6212 6215
23571 4264 4296 1277 1306
23572 7128 4275 1309 5439
23573 6689 7128 6155 1347
23574 4873 4015 6210 4014
23575 6211 2015 6210 2193
23576 5989 5982 4117 115
23577 4025 5955 6758 5146
23578 1024 5933 5954 5982
23579 6038 4603 114 85
23580 1023 4138 4029 5988
23581 5982 1016 1024 87
23582 4596 4586 4536 6906
23583 2806 4332 4329 6002
23584 4392 4340 4070 4077
23585 5993 6924 7059 6729
23586 4683 7021 4555 2956
23587 7184 7117 2171 2209
23588 7223 2171 7117 2199
23589 2199 7244 7117 7223
23590 7113 7117 7090 4483
23591 4483 2293 7117 7090
23592 4723 6779 7026 5695
23593 4204 2730 1008 1261
23594 3084 5451 6827 6837
23595 5398 6827 6858 6837
23596 1230 6837 1183 6651
23597 6741 6837 6651 1164
23598 6508 5451 6837 1138
23599 3596 3595 6648 3594
23600 4409 5577 5355 5576
23601 5392 965 4380 4659
23602 6731 1262 6858 1207
23603 6853 6858 1262 1230
23604 4145 5141 4143 4523
23605 6867 6661 967 974
23606 6853 6679 6669 1230
23607 6827 1183 6858 6837
23608 6215 6383 1392 6991
23609 7246 4818 2151 4014
23610 3180 6501 1874 7173
23611 3179 3180 6501 3116
23612 3578 3106 4153 3581
23613 6022 3585 6241 6239
23614 3112 5919 1858 1841
23615 3112 3180 3116 1877
23616 6862 1821 5919 1841
23617 6862 1841 3112 3109
23618 1291 6156 6689 6223
23619 4883 7012 5691 4931
23620 5464 6690 6491 1406
23621 4392 4393 4395 6286
23622 3224 3223 5898 7129
23623 7212 6491 1406 1650
23624 6223 6156 1250 1291
23625 6415 1077 5849 5984
23626 6415 4288 6811 5670
23627 5977 6674 6707 6698
23628 5851 5849 1075 5984
23629 5849 6698 1092 1077
23630 6223 1263 6839 1291
23631 6790 7212 1650 6491
23632 3780 5089 5091 4787
23633 6192 6098 3441 5422
23634 6221 1264 589 6474
23635 6790 7212 1414 1650
23636 6928 5466 6034 6166
23637 6195 6034 6221 6036
23638 6011 5333 4413 540
23639 6689 6155 1286 1347
23640 6689 1377 7128 1347
23641 5507 4779 4716 4322
23642 5245 3982 5465 7128
23643 6689 6156 1286 6155
23644 6689 6690 1316 1291
23645 6223 6689 1291 6690
23646 4394 6433 4395 6454
23647 3945 7100 6247 7034
23648 3828 3835 5007 3834
23649 5094 4546 4545 4562
23650 4502 4503 3079 3081
23651 5663 2484 5905 5904
23652 6395 2531 5666 2547
23653 3173 4195 3398 5292
23654 5290 4290 6234 3173
23655 6062 6298 6063 6297
23656 4701 6175 6679 6853
23657 6266 6726 7181 6267
23658 6684 6357 7175 5366
23659 6012 7078 4630 6081
23660 3849 7084 7079 3867
23661 7239 5414 1589 6476
23662 7024 7175 1527 1462
23663 6262 7007 7028 6366
23664 4980 6041 7264 6424
23665 7175 6357 1462 5366
23666 2256 7066 2265 6388
23667 4032 5068 3888 5071
23668 4924 3848 6778 5117
23669 4828 6429 6432 6934
23670 3678 6018 2473 3662
23671 6429 2363 4161 2300
23672 7259 2426 319 6428
23673 7259 2426 2442 2425
23674 2441 2425 6018 2442
23675 4830 4831 1026 1040
23676 6301 5655 4747 6846
23677 6301 4747 4749 6846
23678 4747 1064 6846 1046
23679 5647 5648 5640 5641
23680 4454 5794 4452 4823
23681 4748 4823 4822 4820
23682 4822 4823 1076 4820
23683 3088 3090 5122 4226
23684 5087 6621 5624 4612
23685 4024 4014 7246 2151
23686 2183 6958 2265 7066
23687 2216 4813 2180 4807
23688 4807 2183 7246 2141
23689 4808 7066 6958 7246
23690 4807 4812 2183 2216
23691 6213 6998 1412 5245
23692 5858 6813 1175 5857
23693 6909 6905 5832 1214
23694 6909 5858 6908 1215
23695 5858 1190 6813 7189
23696 5858 1190 6908 1215
23697 3767 5590 5209 2117
23698 7126 2087 5590 3769
23699 5590 2087 7127 2051
23700 5590 2083 5209 2117
23701 5208 5590 7127 5602
23702 3773 6407 5821 5872
23703 2712 5590 7126 7127
23704 7252 7062 2289 7125
23705 7041 6946 7168 6000
23706 4483 7124 3494 3042
23707 5431 7252 7062 2289
23708 2292 7234 7252 2289
23709 4483 2331 7089 7124
23710 6864 4694 1837 1859
23711 6527 3307 6863 3306
23712 7167 4730 1820 1822
23713 3856 5624 4788 5870
23714 4694 5780 1843 1859
23715 6738 4694 5780 1843
23716 7024 5313 1495 1529
23717 7024 1495 5312 1469
23718 6684 7175 7024 5366
23719 4876 4712 6361 4714
23720 2148 7141 6965 7115
23721 5271 6345 6785 4242
23722 7106 4241 4246 6757
23723 4184 6888 5407 1204
23724 5942 1252 6749 1259
23725 4185 6834 1287 1228
23726 6840 6834 1200 1253
23727 1343 6755 1652 6751
23728 6753 6834 1253 1287
23729 6840 6834 6868 1200
23730 6391 6601 3539 6602
23731 3406 5087 5086 2643
23732 4775 5397 1086 5756
23733 4431 6378 1209 4437
23734 1121 5497 6613 1209
23735 1139 6377 4437 1209
23736 6702 1118 5498 6703
23737 2467 2451 6063 7242
23738 2646 2647 2645 2856
23739 7235 6297 5573 5904
23740 7158 5983 7144 6728
23741 7230 7228 2222 6726
23742 3649 3920 4600 3056
23743 3085 1598 2600 3056
23744 3729 3839 3787 3002
23745 3631 5070 7140 7197
23746 2601 1598 279 1597
23747 3838 3787 2554 5190
23748 3176 3184 3178 3177
23749 3180 3116 1877 1895
23750 3180 1874 6501 1895
23751 3111 3112 3180 3116
23752 4844 1337 4843 6881
23753 4844 1303 5543 5544
23754 4883 5939 6816 5464
23755 4844 4843 1337 1366
23756 4839 4843 4223 4841
23757 1334 5544 1303 1366
23758 5544 1303 1366 4844
23759 6821 6547 1946 6860
23760 6871 5742 6521 4671
23761 5251 4431 4430 5498
23762 4776 4777 1143 6581
23763 4596 4664 6013 6906
23764 7114 6059 1864 6608
23765 6522 2156 6311 5206
23766 6821 5601 6860 1946
23767 4616 4623 4625 4621
23768 4624 4491 3053 4451
23769 4624 4623 5025 4453
23770 4623 4626 1168 1149
23771 4623 4453 5806 1150
23772 3222 4423 4410 4425
23773 1128 4627 4621 4623
23774 7242 5905 2483 2484
23775 6441 6214 6684 4636
23776 4808 7246 4807 7066
23777 3914 3880 3819 3887
23778 4813 2137 6957 2206
23779 5165 3865 6401 5301
23780 4807 7246 2183 7066
23781 4613 4615 1709 1716
23782 2614 1731 4613 1724
23783 3937 6732 1708 1715
23784 2683 1738 7068 1737
23785 4298 5608 6612 6614
23786 4913 4060 6685 4840
23787 7012 3825 3822 4874
23788 5473 6542 1752 1751
23789 3871 2834 5608 5093
23790 4182 4184 6834 4185
23791 7012 5691 4874 5692
23792 6742 6745 6748 6744
23793 7237 2149 5562 2210
23794 5045 7012 4867 4874
23795 2116 5562 6745 6747
23796 6747 2149 5562 7237
23797 3714 6981 7206 5348
23798 7251 5562 7269 2210
23799 4545 4557 5095 3947
23800 7205 7032 7030 1426
23801 7190 7041 1569 1490
23802 1490 7043 1569 7190
23803 1490 7030 1465 7043
23804 3797 7032 7205 6988
23805 7080 7205 7032 7030
23806 6751 7109 4843 1373
23807 4237 4241 4246 4242
23808 7109 1337 4843 1373
23809 1343 6751 7109 7112
23810 4842 6751 4843 4841
23811 5233 6784 6951 6743
23812 3530 692 5469 676
23813 3764 3824 3826 5242
23814 3983 3974 4283 3973
23815 3783 6399 723 739
23816 7012 4931 4874 5691
23817 6259 566 2779 573
23818 6259 6151 3699 572
23819 6129 572 131 6135
23820 6259 6151 572 579
23821 6259 2779 566 6111
23822 7012 4867 4874 4931
23823 3554 480 5874 485
23824 3699 6220 565 6135
23825 6220 551 6111 558
23826 6244 6111 5863 552
23827 6225 6198 1114 1103
23828 3556 3553 3554 3567
23829 6091 544 5528 5863
23830 6111 551 5863 552
23831 3725 2747 7037 2908
23832 7212 6690 1406 6491
23833 7212 6690 1291 1406
23834 6848 6474 7212 1414
23835 6790 1414 6474 1623
23836 7159 7212 6790 6491
23837 4874 4865 4871 5693
23838 5044 4310 6844 4276
23839 5048 6210 6211 7160
23840 6211 4872 2088 2193
23841 2024 3223 1997 2053
23842 3221 2053 3223 4865
23843 4423 6475 5898 4425
23844 5709 1135 6612 1159
23845 4298 6615 5710 5969
23846 3857 2614 2615 2673
23847 5707 1159 5709 5407
23848 6798 4183 2685 6888
23849 5709 5710 1115 1141
23850 6615 5709 1135 6612
23851 4192 4297 5407 5844
23852 6543 2685 1737 2684
23853 4238 5875 3416 3868
23854 5972 1141 5709 1160
23855 3163 5649 3312 5976
23856 3405 5639 5578 5922
23857 3301 5620 6831 3335
23858 4559 4916 6807 4918
23859 6629 4467 6799 6693
23860 6394 6512 6557 6558
23861 5861 5589 5189 5588
23862 6770 5014 1881 5013
23863 5782 5588 1829 1846
23864 4764 3187 29 7222
23865 5861 5589 1846 1860
23866 6771 1860 5347 7138
23867 5345 5014 1899 1881
23868 4030 5065 5553 6419
23869 5317 774 6330 758
23870 5317 759 758 742
23871 5317 6387 775 759
23872 6423 6447 1602 1638
23873 5371 1638 775 776
23874 3473 4023 6958 6389
23875 4860 6343 7015 6400
23876 5371 1637 7088 1638
23877 4795 7013 4860 7014
23878 7146 7148 2437 2453
23879 7236 2313 7147 2345
23880 7002 3725 3702 4708
23881 3725 2747 2908 2734
23882 2452 2469 4997 2468
23883 7247 4900 7170 5903
23884 3494 7089 4483 7090
23885 3492 5431 7062 5425
23886 7124 2331 5431 7214
23887 6911 4137 4314 4135
23888 5289 5292 5291 5298
23889 266 265 1010 1619
23890 5292 1627 4156 1447
23891 5292 4195 1627 1669
23892 6495 6496 5289 1411
23893 6665 4780 1010 1413
23894 5296 983 6494 990
23895 5291 5292 3398 4156
23896 3606 549 3608 556
23897 7131 3615 6248 6461
23898 6369 3437 2162 2230
23899 6179 5464 6690 6491
23900 689 6251 4884 4887
23901 6982 2747 4306 7002
23902 5636 1804 5865 5864
23903 3671 3177 3183 4090
23904 6571 1795 5636 1804
23905 7155 6818 1873 1854
23906 1873 7155 5865 6711
23907 6711 1873 1855 5865
23908 5865 6866 1819 1855
23909 5865 1819 5864 1804
23910 6351 5426 6158 6164
23911 2929 5927 6412 2936
23912 4571 5425 5429 7214
23913 5429 6422 2210 2246
23914 6253 2295 5455 2356
23915 7245 7214 2246 2310
23916 7269 5562 2261 2210
23917 7245 4569 7214 6253
23918 7269 2210 6249 7251
23919 7245 6249 4570 6253
23920 2246 2200 2275 7214
23921 4276 7128 5439 4275
23922 6277 6210 6970 4014
23923 1437 6213 1372 1392
23924 6351 4932 5691 5690
23925 5147 5146 1083 1069
23926 6008 5948 1055 1069
23927 6614 6615 5970 1112
23928 3369 3383 3385 3370
23929 5131 5969 5948 6008
23930 5933 1050 5954 5146
23931 6329 3783 740 739
23932 6351 5690 5692 5693
23933 5943 6237 1629 5938
23934 7131 6248 6443 6444
23935 4885 674 4889 6250
23936 6461 5939 6816 3615
23937 3139 3140 3141 6723
23938 808 801 5261 6521
23939 5485 5438 672 6335
23940 5952 5482 5479 4039
23941 3911 6485 1668 1649
23942 6351 5692 5690 5691
23943 4674 6430 6322 6323
23944 670 3268 669 4774
23945 6515 6430 6405 1477
23946 3767 3769 2117 2120
23947 2117 3767 2156 6545
23948 6883 4385 1444 6141
23949 6829 6883 1444 1384
23950 6145 1567 6142 6140
23951 6288 6883 6873 6874
23952 6044 6381 6046 6040
23953 6829 1442 6883 1384
23954 6142 6874 1524 1488
23955 3612 5691 6351 4932
23956 6515 1477 4770 1649
23957 4770 5379 1649 1618
23958 782 5380 765 1618
23959 5233 6784 6743 6744
23960 4051 5436 4054 3928
23961 6784 7115 7011 2215
23962 6964 2184 6744 2109
23963 2109 6965 2148 2079
23964 6205 6965 7115 6964
23965 7141 6965 6345 2079
23966 3084 5451 5453 6827
23967 6731 6853 6858 1262
23968 6827 1207 6858 1183
23969 6858 4507 6731 5398
23970 6351 6355 4932 6164
23971 5466 6221 6034 568
23972 6848 7212 6690 1291
23973 6119 6193 6088 6244
23974 6191 6637 7129 5898
23975 4872 4866 3223 4865
23976 6839 6633 6636 1263
23977 6532 1345 6431 6323
23978 5675 7192 5873 2711
23979 3623 4553 5823 5822
23980 6694 6722 4638 6693
23981 6055 4095 6059 5541
23982 3612 6355 6351 5427
23983 5433 1314 7248 1249
23984 7274 3056 3051 1597
23985 3649 2568 4600 2552
23986 3838 3787 2570 2554
23987 3838 2554 3679 5190
23988 3838 2553 3679 2554
23989 3051 3056 2585 2601
23990 2538 5190 2554 2555
23991 2940 3787 2587 2586
23992 5914 1725 98 97
23993 2743 1732 97 96
23994 5433 7204 7248 1341
23995 5914 1718 99 98
23996 3240 2673 2614 3416
23997 2806 4404 4330 4332
23998 7209 1368 6907 5138
23999 2871 3233 3557 3227
24000 6275 5652 5755 6573
24001 6275 6093 5640 5652
24002 6093 5229 5640 5651
24003 4821 6740 1079 1062
24004 4327 5631 1091 4326
24005 4414 4928 4867 6179
24006 6317 6094 4421 6318
24007 4516 2865 3604 2716
24008 5343 6180 512 1955
24009 549 542 541 6196
24010 4937 1423 6792 6791
24011 4937 1512 4936 7057
24012 2699 3029 3219 3786
24013 6681 3703 6960 4955
24014 6413 6409 1611 6412
24015 6960 6681 4955 2302
24016 3607 5946 5372 3613
24017 5052 6905 2721 5512
24018 6248 1674 6273 1629
24019 3606 3607 570 563
24020 3736 577 5938 584
24021 769 770 753 1629
24022 6237 592 5938 585
24023 721 6237 737 6263
24024 5943 3615 6273 6248
24025 6273 5939 1663 6461
24026 5198 6855 6654 1371
24027 5198 1441 5200 5202
24028 5199 6229 1600 1403
24029 6854 1371 6855 1336
24030 6855 1401 6727 1397
24031 4899 4914 2186 2111
24032 7220 7049 2182 2219
24033 6989 5706 1363 1397
24034 5630 5518 5656 364
24035 5633 5517 366 371
24036 6204 7187 6508 6741
24037 5518 365 5656 364
24038 5515 6573 5630 5656
24039 2724 6005 5185 6720
24040 5656 371 365 5517
24041 4247 2935 5550 2937
24042 5550 1366 4223 5544
24043 4209 6745 4207 6746
24044 4839 6658 4841 4223
24045 1448 4075 1493 6779
24046 2907 3038 6112 4686
24047 6779 7053 1502 1448
24048 3835 5559 6655 5502
24049 1448 4078 1425 4076
24050 1452 7053 7026 7031
24051 7053 7031 1452 1425
24052 4074 1448 1456 1422
24053 6305 4075 7071 6467
24054 1555 6357 1527 1533
24055 3362 3323 3364 3363
24056 6985 6357 6453 7175
24057 6294 6492 2314 6389
24058 6213 5439 1372 6383
24059 2721 5185 6005 5832
24060 6645 4335 1866 1849
24061 5842 1885 4343 1909
24062 4333 6645 4339 4335
24063 4343 1883 6207 1909
24064 3033 4344 6208 4343
24065 3705 3566 6509 6274
24066 4344 6208 4343 1883
24067 4344 1866 4335 1827
24068 4201 4206 5330 4986
24069 6046 2248 6045 6642
24070 3507 7216 3508 3996
24071 6382 2177 7199 2328
24072 6381 6041 6044 2328
24073 6382 5821 6990 5820
24074 3501 7019 6897 7060
24075 5577 4758 3286 5264
24076 7051 6382 6990 2144
24077 2144 7101 2225 6382
24078 6148 3347 6136 3420
24079 4211 6948 5349 5348
24080 4657 5053 4658 7118
24081 6851 6947 7150 1245
24082 2721 5832 5512 6905
24083 4527 4536 4518 4519
24084 6949 1321 1353 6948
24085 4965 6949 7005 5349
24086 5311 7243 7260 7213
24087 5941 7163 2002 4373
24088 6115 6980 3691 6113
24089 5831 5185 2721 5832
24090 3067 4444 5920 6710
24091 5895 6182 6030 6181
24092 6965 6345 2079 2018
24093 4840 7112 6753 7109
24094 6999 1516 7081 7151
24095 6935 4587 1536 1548
24096 6999 7151 1548 1516
24097 4388 5331 2676 6150
24098 4961 5783 4103 6375
24099 3684 5886 6209 3067
24100 7011 5587 2192 7115
24101 3939 3940 5286 6969
24102 4224 4685 5435 4686
24103 2192 2112 2148 7115
24104 7115 2112 2148 7141
24105 2192 4952 5587 7011
24106 4951 3702 3703 4944
24107 5705 1430 6893 1498
24108 5831 4516 2721 5185
24109 3949 7045 7033 7034
24110 5109 5169 6986 6944
24111 5169 5100 1552 5102
24112 5096 5101 5102 4547
24113 3814 6278 3092 6546
24114 5480 6723 6553 6870
24115 6553 5260 821 6442
24116 6069 2407 5216 2391
24117 6066 2338 6451 2260
24118 6427 6431 1376 1407
24119 6540 6439 5381 3912
24120 6451 2260 2212 6505
24121 2297 6451 2260 2212
24122 6505 6313 2189 2212
24123 5462 6505 2189 2226
24124 701 3269 6363 4773
24125 6569 76 8 5911
24126 7121 76 5911 77
24127 6309 6101 6016 5650
24128 6862 3185 1806 5856
24129 6569 5856 5911 1785
24130 6019 6109 7121 77
24131 7130 3109 1845 1828
24132 3571 3178 2659 3572
24133 6568 5856 5911 6569
24134 1766 6569 1785 1784
24135 3818 7250 2256 2341
24136 6388 3887 2256 7066
24137 6388 2256 7250 2305
24138 3887 7066 4812 2256
24139 5068 4964 6985 5069
24140 2689 6012 4487 4608
24141 3818 2357 6359 2385
24142 3775 7132 6859 6026
24143 3777 6698 5977 6707
24144 2861 3605 3072 3602
24145 5955 5146 1063 1083
24146 4526 5945 5944 4604
24147 6130 2365 6032 2306
24148 7046 7198 6130 2365
24149 828 6442 835 6553
24150 6130 7049 2259 2263
24151 2306 5536 2344 6032
24152 7046 7049 5107 7033
24153 5099 4907 4943 5097
24154 4906 6130 6185 7049
24155 5536 5501 2344 6032
24156 4767 4766 5156 45
24157 5534 4767 5592 7119
24158 5600 27 4735 28
24159 4478 4482 4730 4731
24160 4895 2759 4639 5637
24161 5156 6617 6477 5153
24162 5921 5922 5486 81
24163 6754 5578 5853 2645
24164 5486 5853 80 5578
24165 6812 6695 1145 6116
24166 2838 3202 3032 4153
24167 6010 5368 6023 6720
24168 3889 4758 4745 4718
24169 3068 4443 3688 3683
24170 3599 4118 5670 3955
24171 682 5511 7070 5569
24172 6457 5459 748 731
24173 6360 729 6344 745
24174 6459 5480 6553 6442
24175 4925 5254 4861 7070
24176 6030 6747 5563 6820
24177 6880 1396 6584 6590
24178 3909 5474 5480 6723
24179 3691 6880 5543 7157
24180 5543 1278 5885 1335
24181 6880 1370 5543 1335
24182 6880 1335 5543 7157
24183 7123 2028 5811 2089
24184 7123 6623 2028 2121
24185 6268 7123 5813 2107
24186 6268 2121 7123 2107
24187 6650 954 6270 961
24188 6270 4700 6650 4510
24189 5812 5813 7123 5811
24190 4701 6175 5219 6679
24191 6213 5439 5245 1372
24192 1464 1392 6215 6213
24193 4264 4275 5439 1309
24194 4264 6383 3790 1333
24195 4282 5439 7128 5245
24196 5439 5245 1347 7128
24197 5439 7128 1347 1309
24198 4857 4264 4296 1277
24199 5891 1711 100 99
24200 5480 3907 3910 5478
24201 424 2924 419 5914
24202 5833 1683 104 103
24203 5914 2743 424 2924
24204 5290 3173 6234 5291
24205 97 2743 424 5914
24206 405 5508 400 5846
24207 6629 5433 6799 6768
24208 1732 97 1725 2743
24209 4949 4846 5232 2950
24210 5925 4951 6498 6499
24211 2343 6429 6594 4162
24212 4168 4209 2213 2298
24213 7257 6682 2461 6499
24214 970 4290 5281 6656
24215 4950 6682 6499 5177
24216 6656 962 969 6734
24217 6954 2302 6681 2368
24218 5212 6426 4829 5183
24219 4159 5549 4163 6743
24220 5927 5584 6412 2936
24221 2982 5148 3775 4364
24222 6859 6786 1113 1131
24223 3778 5850 3775 5955
24224 6758 5955 1098 1083
24225 6859 1108 6026 1131
24226 7192 6406 2052 7126
24227 5822 5819 2185 5823
24228 5281 5568 6235 6234
24229 3096 7204 5433 6904
24230 5433 6538 6904 1339
24231 7204 6904 6488 1375
24232 5278 5276 2238 7196
24233 7254 7035 5278 2285
24234 5275 7196 5278 7217
24235 5278 2285 7103 2247
24236 5433 6768 1339 1284
24237 5702 5621 879 874
24238 6667 6494 984 4290
24239 5621 5679 5727 798
24240 5702 216 869 874
24241 215 791 216 1763
24242 5702 5621 798 805
24243 5622 805 5702 218
24244 5181 6925 6649 7149
24245 7171 2119 7149 7091
24246 5290 3173 6494 4290
24247 7091 4836 7158 7149
24248 7149 7091 2119 2054
24249 7149 7144 2054 6663
24250 6746 2146 6744 6743
24251 6745 6748 6744 2081
24252 5542 5550 4223 5544
24253 4196 6743 4163 6746
24254 5550 1366 5544 1334
24255 6746 2147 6744 2146
24256 4163 6746 6743 2178
24257 7163 6030 4373 4368
24258 7166 2106 2097 2066
24259 6172 2152 4799 7176
24260 4133 4139 3142 6911
24261 5908 6153 5909 3997
24262 6560 5342 4799 2105
24263 3432 4799 5342 7176
24264 7135 6172 7208 4799
24265 4645 6172 4799 7176
24266 6856 6857 1282 5787
24267 6917 1275 6919 6892
24268 6777 1227 5787 1246
24269 6856 6854 1302 1311
24270 6856 6654 1311 1342
24271 3643 3689 3663 3632
24272 3663 3646 2505 2521
24273 5159 4548 4547 5686
24274 4969 4974 6051 5160
24275 6029 7269 5562 4209
24276 6051 7043 7238 7256
24277 2634 3494 3042 3039
24278 6252 7052 2386 7271
24279 4893 4899 2154 2111
24280 6939 6857 1342 6654
24281 6938 6857 6678 1312
24282 6938 6939 5775 6857
24283 6856 6854 1311 6654
24284 1282 1312 5787 6857
24285 3645 2505 3646 2504
24286 4009 6857 5787 6678
24287 6808 1099 6817 4057
24288 5988 116 5989 115
24289 1052 4138 4029 1023
24290 4138 5989 1023 1039
24291 5988 4138 5989 1023
24292 7016 1325 7022 5565
24293 2679 4388 2676 6150
24294 7016 6792 1423 6791
24295 6468 7016 6983 1340
24296 6468 1387 4074 6467
24297 1647 1549 7084 7079
24298 6446 7219 2402 2385
24299 5116 7239 5414 6307
24300 6480 3278 4925 4611
24301 3867 7084 1647 1622
24302 5968 6421 5425 6752
24303 4444 3605 4443 3602
24304 3492 5431 7252 7062
24305 7214 2331 7143 7124
24306 3382 5194 2951 2954
24307 6878 1969 6898 2001
24308 4356 6878 6898 7060
24309 6878 6877 1954 1978
24310 5437 3433 5334 6794
24311 6898 7019 1962 1937
24312 6898 7060 2001 1962
24313 7019 5620 1921 1937
24314 4149 6872 6054 7268
24315 3920 3649 4600 5551
24316 5376 6601 1833 1802
24317 7110 6506 3306 7162
24318 6610 1876 6548 1857
24319 6610 6608 1876 1864
24320 5238 3933 3089 3085
24321 2534 2535 5238 2551
24322 5081 5237 2504 3644
24323 5137 4907 5531 4906
24324 5080 3094 5017 2534
24325 5190 3647 3838 3650
24326 3643 3644 6187 6219
24327 5805 4569 6253 7214
24328 5017 2534 3094 2550
24329 5238 2567 3094 2551
24330 3094 3089 3934 1620
24331 6373 6384 4922 6372
24332 5117 4105 4100 4999
24333 6067 2360 6373 2334
24334 6446 3818 2341 7250
24335 6372 6451 2297 2252
24336 4795 4801 4863 7069
24337 6372 2334 6384 2296
24338 6635 7091 7171 7149
24339 4006 5217 4005 6678
24340 4504 6661 4930 6867
24341 6651 6669 1230 6837
24342 6858 6837 1183 1230
24343 4524 2800 6438 6368
24344 5788 1203 5618 6651
24345 1227 5618 5787 1255
24346 5451 5453 5448 3084
24347 6669 6651 1230 1203
24348 5788 1203 6669 1255
24349 2947 4723 2949 2956
24350 7100 3834 7099 7034
24351 5321 5112 4967 4969
24352 2947 7026 4546 5094
24353 1538 4561 1545 5101
24354 2947 7026 7017 5695
24355 4006 6679 5219 6678
24356 5813 2107 7123 2089
24357 5813 2089 7123 5811
24358 5813 2026 3594 6649
24359 5813 2026 6649 2082
24360 6925 6267 5813 2107
24361 6909 1215 6908 6932
24362 5264 4758 5353 5577
24363 5389 6974 4656 5373
24364 6974 5389 1258 1272
24365 1215 6909 1238 6932
24366 6905 5052 7120 7118
24367 7135 4797 4645 4799
24368 3646 2552 3649 4600
24369 5734 4757 5560 2104
24370 5558 5734 5561 4757
24371 6450 6452 5256 6449
24372 4854 5712 4562 6886
24373 2211 2266 7244 7098
24374 4564 6422 6027 7251
24375 7026 7017 1556 1515
24376 7042 7017 5094 1545
24377 3042 5805 7214 4569
24378 3800 3798 6051 4973
24379 5094 1515 4562 1489
24380 6779 1515 1502 7026
24381 1519 6779 1515 1502
24382 5094 1489 4562 4561
24383 4547 4545 5101 5094
24384 4675 5268 5267 5269
24385 1344 4638 1229 5267
24386 3646 3649 2553 2537
24387 5267 1344 5269 1229
24388 6377 1229 4638 5268
24389 1202 6377 1229 4638
24390 4551 6408 6406 7126
24391 6694 4638 6377 6693
24392 5268 6124 6378 1229
24393 4346 3322 5909 6052
24394 5207 5590 3767 3769
24395 6124 1229 5269 1185
24396 5551 3646 3663 3649
24397 4423 4422 4421 4688
24398 3484 2122 6163 2086
24399 6163 5689 2086 2059
24400 6163 2091 4688 2059
24401 6203 2122 3484 2162
24402 3451 3606 6196 4929
24403 533 6180 5343 6011
24404 6475 6163 4688 2059
24405 4646 4112 3208 4645
24406 4825 3483 3482 3437
24407 3845 2374 6446 2395
24408 6358 6359 2388 2359
24409 3818 6359 2357 3882
24410 3649 3679 3663 3647
24411 6375 2370 3882 6478
24412 3882 2370 5552 2357
24413 7028 7065 7063 1573
24414 6086 7028 7065 7063
24415 6086 6366 7028 7063
24416 3818 3882 2301 3880
24417 2332 3882 2370 6478
24418 2301 2332 3880 3882
24419 6375 2354 5552 2370
24420 5824 5291 6065 6395
24421 6060 6065 6395 5824
24422 5905 2484 2500 2483
24423 6395 6065 2514 2530
24424 6060 6061 2483 2482
24425 6062 6236 5539 6061
24426 6124 6613 6378 5748
24427 3646 5081 4600 5237
24428 1209 5497 6613 6378
24429 3394 6522 5206 6545
24430 6692 5397 6550 6534
24431 4475 4449 5801 4018
24432 5249 5061 7074 2287
24433 4537 5250 4538 5061
24434 5250 2283 4538 2240
24435 5061 2240 4260 2284
24436 4259 5061 4538 2240
24437 7074 7234 2264 2324
24438 5401 6292 5402 4858
24439 4478 5726 4731 4730
24440 4766 7119 46 4767
24441 5598 5596 48 5593
24442 5596 7119 5593 5598
24443 4477 4725 6872 4731
24444 4725 6705 1824 1808
24445 4767 5534 6479 7119
24446 5598 46 7119 47
24447 6225 1114 6226 1088
24448 6797 1120 6636 1626
24449 3489 6797 6630 6198
24450 6797 1155 6636 6630
24451 6696 6198 1155 1132
24452 6817 6226 6198 1114
24453 6823 3110 4397 1882
24454 5431 5425 2217 7062
24455 5431 7062 2217 2289
24456 2520 3646 2504 5081
24457 2331 7214 2275 5431
24458 7214 2200 2275 5425
24459 2275 5431 7214 5425
24460 5235 5237 5551 4600
24461 7124 7252 2289 7089
24462 6699 6588 1104 5643
24463 6699 6533 1070 6703
24464 6699 5643 1104 1085
24465 4446 2712 5239 4850
24466 6588 6703 1104 1118
24467 6703 4442 1118 6588
24468 3875 7207 5060 7200
24469 5060 7207 2165 7200
24470 5060 2202 7207 4260
24471 5059 4259 5060 4260
24472 5060 2071 7201 2092
24473 5060 7201 2071 2099
24474 5060 7200 2165 2092
24475 6882 3187 7222 4115
24476 3187 29 7222 28
24477 5395 5599 2664 5303
24478 5598 5596 25 48
24479 7119 4766 5598 5594
24480 4935 5013 4933 6770
24481 6470 7064 6479 4766
24482 6737 6738 4738 1807
24483 4589 4739 5599 5303
24484 3888 5071 3887 6388
24485 5069 7079 6419 3867
24486 3867 6419 1581 1576
24487 7084 7065 1573 7063
24488 7079 7065 7175 1527
24489 6446 3818 6359 2385
24490 4534 4119 5954 5933
24491 4716 6812 4056 6697
24492 4057 6116 1094 1109
24493 3552 5369 5671 5959
24494 6796 6117 1080 1094
24495 6796 4057 1094 1099
24496 6695 6817 6696 1132
24497 5082 6823 5878 6190
24498 6459 6484 849 6580
24499 5381 3912 5379 6540
24500 5475 5482 5952 5484
24501 6483 6460 6466 6540
24502 3649 3679 2537 3646
24503 5381 1634 782 783
24504 5381 750 5953 734
24505 734 6439 718 5953
24506 5381 6540 5379 1634
24507 719 703 6439 6460
24508 6466 6485 6540 1635
24509 857 864 5257 3139
24510 841 189 848 5359
24511 7007 1542 7028 1571
24512 5778 5220 5775 5217
24513 4979 4981 5519 4980
24514 7028 7065 1529 7024
24515 7028 1573 7063 1571
24516 7065 6084 6108 7024
24517 1573 7065 1529 7028
24518 5775 5217 6678 4005
24519 7007 7085 1587 1571
24520 5591 1798 5597 1773
24521 7119 5591 5593 5592
24522 5545 5592 5534 4767
24523 5627 5597 5591 1798
24524 5592 5591 48 1786
24525 5534 5627 5597 5591
24526 5545 6600 5376 6609
24527 6556 4535 3148 1223
24528 6531 6692 6534 4430
24529 3148 7182 1248 1281
24530 3148 1223 4535 1247
24531 1247 3148 3147 4535
24532 3223 5898 1997 3221
24533 5776 5775 6857 6730
24534 1977 3223 2024 7161
24535 2024 3223 2088 6211
24536 5692 5426 5693 6125
24537 4917 6427 7203 6903
24538 7203 7204 6488 1402
24539 7203 6427 1445 6903
24540 7203 6379 4560 7204
24541 7204 1375 6488 1402
24542 1375 1308 7204 6904
24543 3625 4915 4559 4916
24544 3096 5433 7204 7248
24545 5775 6229 6228 6939
24546 5414 6476 1577 1589
24547 1582 6456 6462 7013
24548 6456 7013 1582 1577
24549 6456 5414 5329 7013
24550 6456 1505 5461 6284
24551 6456 1505 6284 1551
24552 3870 7219 6446 6359
24553 7239 7084 3849 6476
24554 6307 5414 6456 1551
24555 1561 6456 1505 5461
24556 3989 6169 3174 522
24557 3174 6224 3989 2322
24558 6224 593 3989 165
24559 3989 6169 522 147
24560 3989 146 145 15
24561 7140 6934 2404 2389
24562 7197 7198 2379 2365
24563 7197 2365 3633 7198
24564 2379 7052 2351 7045
24565 3634 3633 2410 2396
24566 3993 5191 6593 6594
24567 5062 4168 4167 4161
24568 3675 4161 6934 5062
24569 6979 6766 1503 6767
24570 3993 2996 6429 4829
24571 5921 5486 110 81
24572 4220 5130 4257 5608
24573 4342 7130 3031 6596
24574 4333 6101 4339 6016
24575 2653 4091 3579 3670
24576 6024 6241 109 110
24577 3074 4141 3075 3077
24578 5486 5853 109 80
24579 5778 5826 5220 5293
24580 6216 4525 3597 6563
24581 4935 5781 5861 5782
24582 5931 6563 3597 1975
24583 1926 6563 1975 1944
24584 6563 1975 1944 3597
24585 4331 6002 7258 6741
24586 3020 3027 3021 4592
24587 3591 3597 3595 2000
24588 6216 5931 6563 3597
24589 3374 2798 6368 6438
24590 3595 3597 6563 1944
24591 7258 6002 4010 3082
24592 5870 1867 5871 1890
24593 5871 6785 1910 1884
24594 6261 1884 5871 1867
24595 6785 6243 5871 6242
24596 2056 6820 2022 5563
24597 5869 6242 1930 1910
24598 4364 6788 7195 6009
24599 4241 7106 5910 6757
24600 5472 4242 7106 1879
24601 5548 6261 6257 1832
24602 5910 5548 1831 1850
24603 4241 6243 4787 6261
24604 6257 1832 6261 1867
24605 5091 6652 5548 6620
24606 6242 4788 4787 5871
24607 7253 7271 2336 2361
24608 5562 2261 4209 7269
24609 2187 5562 2261 4209
24610 7253 7269 2261 6252
24611 3691 6584 6880 6980
24612 7238 7043 6051 7190
24613 3648 3920 7093 5136
24614 4887 550 151 152
24615 4887 150 673 151
24616 5946 3614 3607 5938
24617 5220 6230 5775 5219
24618 5350 5428 4887 6169
24619 5427 4888 6352 3612
24620 6224 3989 609 6169
24621 4887 6169 657 150
24622 5428 6169 641 657
24623 6064 469 6047 5530
24624 6006 6007 6706 4284
24625 3581 6122 4342 3580
24626 6813 1173 6706 5324
24627 3034 3107 6823 3110
24628 6317 5125 4419 4424
24629 4781 6696 6630 6014
24630 6696 6198 6630 1155
24631 4056 6695 6696 6697
24632 4875 5139 6072 7006
24633 5133 5134 5135 5139
24634 5139 7209 5138 1368
24635 5139 7209 1368 7006
24636 6228 6230 5775 5220
24637 6118 7209 6907 5138
24638 3208 4797 4645 4644
24639 4055 4063 4028 6796
24640 6808 6226 6817 1081
24641 6695 4057 1099 1109
24642 4056 6695 6817 6696
24643 6817 1081 6226 1114
24644 6945 5058 1596 7092
24645 4628 7096 7097 1572
24646 5160 7096 7256 7097
24647 6051 7043 4973 3798
24648 5070 7047 7271 2361
24649 4628 5169 6944 1575
24650 1580 6943 1593 1596
24651 6466 6540 783 1635
24652 6515 3911 6430 1496
24653 3140 1616 6321 1668
24654 6485 5379 1634 1649
24655 6485 6540 1634 5379
24656 3139 864 856 857
24657 4995 4996 5017 2518
24658 4900 4890 4899 4939
24659 5778 5826 5785 6228
24660 3241 2564 2581 2580
24661 2500 5905 5662 5663
24662 5814 5667 5197 5665
24663 7146 2470 5084 4996
24664 4960 4898 4899 2186
24665 2484 4997 2468 5904
24666 4997 2452 5904 7148
24667 6939 6654 1342 1371
24668 6200 6202 4996 5026
24669 3242 5666 2547 2563
24670 5666 5814 4109 3242
24671 6952 1534 6766 6767
24672 5104 6130 5107 7198
24673 6187 5237 5119 3644
24674 3675 5070 5062 6934
24675 5056 7047 5070 7197
24676 4628 1579 6944 5058
24677 4628 5102 1592 1572
24678 6767 1558 7096 1579
24679 1534 1579 6767 7092
24680 1591 4628 1579 6944
24681 4163 2178 4168 6746
24682 6051 7097 5160 7256
24683 6583 6585 6586 6590
24684 4163 2178 6743 2214
24685 7253 2298 4168 5062
24686 4163 2257 4168 2178
24687 4163 4161 4168 2300
24688 4168 4161 2255 2300
24689 5195 5202 5198 5200
24690 7236 6296 2274 2317
24691 6939 5198 1371 1403
24692 5947 4893 4891 7091
24693 5488 5555 5351 5803
24694 7194 2307 6184 2344
24695 5080 5017 4996 2518
24696 5686 6051 5159 4548
24697 6199 6201 4898 7273
24698 4681 5058 4628 6944
24699 4971 6252 7271 7052
24700 7253 7271 6252 2336
24701 5058 4681 7096 6767
24702 7197 5104 5056 7198
24703 4628 1558 7096 1572
24704 6979 7096 1531 7256
24705 7096 7097 1572 1531
24706 5549 4159 4163 4157
24707 5866 6727 6989 6855
24708 6986 5255 5213 5236
24709 5572 7049 7220 7033
24710 5705 6893 1430 5706
24711 6989 1397 6855 6727
24712 4082 4081 5513 5488
24713 5488 5489 5487 4914
24714 4628 5102 5169 1592
24715 6893 5706 1397 1430
24716 5255 6893 6727 1468
24717 1344 5267 1283 4638
24718 5686 6051 7050 5159
24719 6532 6722 7248 1314
24720 6051 5160 7097 5159
24721 6722 7248 1314 1249
24722 5161 6754 78 5853
24723 5686 7050 6051 7190
24724 5090 403 5882 78
24725 4788 5870 6257 5871
24726 6240 6239 3582 5913
24727 6122 3580 6022 6680
24728 4237 2898 4240 5266
24729 5089 6621 5548 6257
24730 4612 6978 1813 6570
24731 3399 5090 79 408
24732 6924 7059 6729 1967
24733 7059 1965 5016 2009
24734 7059 1947 5758 1965
24735 6924 1947 7059 1967
24736 5015 4778 7059 5016
24737 7122 7059 4778 2009
24738 4957 6603 6260 6892
24739 3721 3262 4855 5035
24740 3455 4992 3456 3453
24741 6038 114 7226 115
24742 4286 4284 6006 4285
24743 3569 3629 5917 5959
24744 4603 4604 6319 84
24745 4531 5849 5851 5984
24746 3630 5917 5921 6087
24747 4287 6706 6707 6674
24748 3453 3455 4992 4720
24749 1771 6570 1813 6978
24750 6621 6978 1793 1813
24751 4612 1813 6621 1832
24752 6257 5870 1867 5871
24753 6978 6569 4092 7121
24754 7121 6978 6569 1771
24755 4920 5301 6401 3843
24756 7175 6453 6985 7079
24757 6370 3480 679 695
24758 6480 3843 3845 7018
24759 3866 1614 6476 1622
24760 3867 3866 6476 1622
24761 6371 6447 1666 1655
24762 5067 5069 5065 6419
24763 6393 6385 5371 6787
24764 6371 6447 5305 3866
24765 3817 3818 6446 7250
24766 3817 6446 3845 3844
24767 5432 2305 7250 2374
24768 4891 7091 2080 2119
24769 7171 7228 6726 2191
24770 4991 7166 4990 4834
24771 4893 4891 7091 2080
24772 4893 4899 2111 4914
24773 7229 2154 4899 2220
24774 5355 6729 5353 5496
24775 4890 4893 4899 4891
24776 7171 6925 7149 2119
24777 5196 4900 6201 5903
24778 5428 657 4887 6169
24779 3612 5427 4886 6355
24780 4889 6250 674 658
24781 658 657 674 4889
24782 4886 6355 5427 5428
24783 626 5428 642 6232
24784 2950 2935 6412 4841
24785 4955 6681 6954 2302
24786 4157 4159 4954 5549
24787 4839 4842 4058 4840
24788 2258 2302 6951 6954
24789 2395 3845 2402 6446
24790 6359 2358 7219 2385
24791 6446 7250 2341 2364
24792 6373 7219 2358 2390
24793 4205 4784 6382 6046
24794 3848 4958 3849 3850
24795 4101 7084 7239 7063
24796 6359 5552 2388 2357
24797 7238 1550 7097 7256
24798 5160 7097 5159 5102
24799 7238 1569 7190 7050
24800 5686 4547 5159 7050
24801 5159 5160 5096 6051
24802 4359 4992 4991 4721
24803 526 533 534 6180
24804 3450 4883 5691 4931
24805 6034 561 6166 568
24806 5010 6952 2967 6766
24807 6952 1534 7092 1583
24808 3730 2556 7276 2572
24809 2967 2936 2937 1472
24810 1472 2935 1436 2936
24811 2936 1560 2935 1436
24812 2931 4247 2935 2950
24813 4167 2994 4161 4158
24814 5487 5502 2181 5715
24815 5487 5715 2181 2113
24816 2181 2219 2254 6655
24817 7220 5487 5502 2181
24818 2074 2113 5489 5487
24819 5487 4914 2074 2150
24820 6950 6854 1363 1302
24821 2113 5489 5487 5715
24822 5776 6857 6939 6654
24823 6229 1374 6230 1438
24824 6939 6938 1342 6857
24825 6939 5198 6654 1371
24826 4959 4904 6185 5803
24827 6939 1374 6229 1403
24828 7228 5779 7170 7229
24829 5199 5200 1403 1600
24830 3371 4592 5140 3758
24831 5618 1221 6666 1182
24832 5618 1182 6651 1203
24833 5788 1255 5618 1203
24834 5788 6669 1203 6651
24835 6777 6666 5618 1221
24836 4703 6665 5296 5297
24837 5029 5618 6777 6666
24838 5788 5029 7258 5618
24839 2967 6766 6952 1506
24840 7003 7004 2968 1585
24841 2930 2967 2937 6766
24842 6952 6767 7092 1534
24843 6586 6979 6766 1503
24844 6979 1558 6767 1503
24845 3806 3521 3697 6836
24846 6258 1090 2849 1144
24847 5144 6337 5143 5863
24848 6839 6636 1120 1626
24849 1090 2849 5418 6836
24850 5406 6274 5874 6083
24851 6925 5813 6649 2082
24852 7171 6726 6925 2159
24853 2054 6925 6649 2082
24854 6925 7149 2119 2054
24855 6925 2107 5813 2082
24856 7171 7091 4891 2119
24857 6925 6267 2107 2159
24858 7072 6776 4990 6565
24859 2293 4483 2331 7089
24860 3042 4483 7124 7143
24861 5431 3492 7252 7124
24862 6533 5498 6534 1071
24863 3890 3935 4340 4077
24864 6582 6890 4901 4902
24865 5498 6534 1071 1087
24866 5498 6703 1118 1089
24867 5462 6350 6505 2226
24868 5462 6505 6313 2189
24869 5500 2227 2195 2157
24870 6532 6431 6427 4560
24871 5462 6408 2189 6313
24872 5500 6408 3769 2120
24873 6537 4916 5240 5500
24874 3622 5023 3102 6128
24875 7204 6379 4560 7248
24876 6408 6313 2115 2189
24877 6918 6832 1184 1158
24878 6832 6666 1198 1182
24879 6852 1184 6832 1224
24880 4330 6832 6666 5523
24881 6741 1119 6918 7187
24882 4331 5618 1182 6651
24883 4758 7122 5993 4778
24884 5993 7059 6924 5758
24885 4330 6918 6832 5754
24886 5673 5345 5758 5346
24887 6755 4054 7112 1380
24888 5436 3928 1320 1380
24889 6751 6755 1652 6413
24890 6753 1287 4185 6834
24891 3007 4992 3453 3456
24892 1343 7109 6753 7112
24893 5707 5407 5708 5844
24894 6750 4191 5093 6612
24895 3138 4599 4262 4261
24896 7253 6252 2261 2336
24897 7271 7047 5056 4971
24898 3672 4679 7092 3839
24899 4229 4949 2950 3990
24900 6585 6590 1396 6586
24901 6766 2937 1432 1472
24902 2929 2936 2931 2967
24903 2937 5364 6766 6589
24904 4974 6979 6585 7256
24905 5720 5717 5721 5722
24906 5493 1915 6826 5494
24907 3178 3177 3572 3179
24908 4685 7095 7178 7177
24909 3072 6765 6627 3602
24910 2905 5718 5492 5720
24911 4740 6712 6713 6711
24912 6899 2004 5720 1960
24913 5492 1935 5720 1961
24914 5640 5651 5641 34
24915 4616 4627 4326 4617
24916 4830 1026 4832 6493
24917 4619 1130 4326 4627
24918 5640 5651 34 5653
24919 1774 1767 5375 5727
24920 6598 871 5374 5615
24921 2791 2792 2788 6774
24922 5727 5702 1763 869
24923 215 791 1763 1774
24924 5070 7271 7047 5056
24925 5727 5702 874 5621
24926 6598 871 5615 876
24927 5519 6359 6358 6384
24928 3103 5023 4917 3104
24929 6358 6359 5552 2388
24930 4101 7065 7084 7063
24931 6359 7219 2358 6384
24932 5172 4974 7256 6979
24933 5519 6358 6359 5552
24934 7033 3949 5107 7045
24935 5172 6979 7096 6767
24936 3674 3675 5361 2995
24937 1503 6586 1471 1432
24938 5070 2389 7197 2379
24939 3950 4970 4972 4971
24940 5309 6397 351 352
24941 5391 957 5570 4323
24942 5309 6397 352 4323
24943 4690 351 3863 346
24944 5751 5391 5570 4689
24945 353 352 358 4323
24946 3374 2798 4379 6368
24947 341 4728 340 4690
24948 6384 6373 4922 7219
24949 6400 7013 1577 1614
24950 4968 5211 4971 5076
24951 3870 6359 6384 7219
24952 5414 1577 6456 1551
24953 7239 6307 1589 5414
24954 4981 4980 4982 6372
24955 940 6662 939 947
24956 938 931 4661 4930
24957 6624 6623 2231 2028
24958 6624 2028 7123 6623
24959 6662 932 6624 2231
24960 954 6662 6650 6271
24961 5398 6731 6858 2730
24962 5812 6268 6623 7123
24963 6416 1306 3790 1322
24964 6416 1389 6920 1322
24965 6916 6920 1295 4300
24966 4300 6920 1295 4296
24967 4580 4295 6416 4581
24968 6416 6920 1389 6907
24969 6920 6907 1310 1389
24970 6416 1322 6992 7038
24971 6079 6170 5411 6080
24972 3014 4454 4453 1150
24973 3017 2971 1147 1170
24974 5024 1188 3014 1150
24975 6396 5024 6894 1188
24976 3017 1170 3014 2971
24977 3011 3017 3014 2971
24978 6396 1188 6894 1213
24979 6298 5779 5903 7230
24980 5814 4108 6231 4109
24981 6939 5199 5198 1403
24982 6229 6938 6230 1374
24983 5351 5868 5417 5866
24984 5307 4694 1859 5780
24985 4692 5306 5307 6519
24986 5307 5306 1896 1875
24987 5307 5188 7169 6876
24988 5307 1878 5780 1859
24989 5307 5306 1875 6519
24990 706 707 690 5532
24991 674 691 675 6250
24992 6352 5468 3771 5469
24993 3610 4883 3615 6816
24994 6159 691 6399 6250
24995 6352 3243 5427 6158
24996 7131 3611 4888 5532
24997 6329 755 6444 739
24998 6159 3783 692 5469
24999 6329 772 1673 1630
25000 4888 3611 4885 5532
25001 4882 2112 7139 7141
25002 4876 4243 6733 7108
25003 3937 4615 1716 1709
25004 3928 1320 6764 5436
25005 6764 6749 1252 1280
25006 4184 4185 1228 6834
25007 5876 4615 6331 3937
25008 6413 7112 6751 6755
25009 1315 1343 7109 6753
25010 6497 5461 1474 6488
25011 4578 5686 5696 2948
25012 5968 3874 3281 3875
25013 3627 6066 6505 6350
25014 4918 6405 6807 6427
25015 5023 6120 6282 6128
25016 6120 5461 6488 6282
25017 7228 2222 6726 2191
25018 7229 7170 7228 2191
25019 7229 7228 4891 2191
25020 7171 4891 2191 2119
25021 6265 4700 5812 6268
25022 6297 5904 5905 7242
25023 6819 2002 7163 6820
25024 7185 5967 1973 1930
25025 6242 5967 1910 6785
25026 3071 4257 6765 6869
25027 5967 1910 6785 1950
25028 3852 6242 6243 6785
25029 5966 5967 2002 1973
25030 5967 5941 7163 2002
25031 3489 3521 6630 6797
25032 6024 3553 3569 111
25033 5921 111 5917 82
25034 6064 6047 470 471
25035 5921 6241 6087 110
25036 2634 3048 3041 3491
25037 4563 3040 3048 3041
25038 5124 6190 5701 5700
25039 3569 112 5959 5917
25040 5364 6952 6766 6767
25041 4208 4209 4167 7253
25042 2967 6766 1506 1472
25043 6286 6525 6887 6942
25044 5034 5355 5360 5983
25045 6887 1194 5274 5505
25046 5027 6887 5274 5505
25047 6852 1194 6887 5505
25048 5015 7059 5758 5016
25049 6356 6285 5028 6852
25050 4086 4084 5711 5746
25051 5168 5557 6995 5867
25052 4557 5256 5258 5703
25053 7047 2386 7271 2361
25054 7045 2311 7033 7034
25055 7033 2303 7034 2311
25056 7045 2351 7033 2311
25057 7045 6247 2311 7034
25058 5803 4959 7049 6185
25059 1593 6986 6943 1553
25060 3664 3323 3328 3667
25061 1528 5100 5169 6995
25062 5557 5255 6995 6893
25063 6995 1498 6893 1468
25064 2259 6130 2346 7049
25065 2685 2683 6542 1737
25066 5288 4714 5285 1721
25067 3300 3306 3302 4810
25068 3039 3042 4569 5805
25069 5286 6969 1319 6543
25070 5473 1259 6542 1758
25071 4964 7175 7079 7065
25072 3887 3818 2301 3880
25073 3820 3818 3882 6359
25074 3887 2301 3818 2256
25075 3818 3882 2357 2301
25076 4567 4564 5314 6660
25077 4919 5843 4923 4922
25078 3887 3818 7250 2256
25079 7047 2379 7197 7198
25080 2346 7046 2351 7033
25081 2951 5193 5194 6619
25082 3875 3874 7207 6752
25083 3492 3491 7062 3485
25084 5160 4628 7096 7097
25085 3945 6247 7045 7034
25086 5113 5096 4548 3947
25087 5572 7033 7220 6655
25088 5868 5704 6893 5867
25089 5213 6995 6986 5169
25090 5705 1498 6995 5100
25091 1552 1528 5100 5169
25092 3875 3877 5060 7207
25093 5107 7049 7046 6130
25094 5255 1508 5236 1504
25095 6430 6323 6431 1496
25096 6427 1445 6405 1407
25097 6431 6323 1345 1479
25098 1376 6431 6427 6532
25099 4037 5854 4916 6807
25100 6431 6323 1479 1496
25101 6532 6379 1376 1314
25102 6521 4671 6310 6871
25103 5625 5869 6712 6818
25104 5635 1823 5636 6570
25105 5625 6711 7155 6818
25106 3871 4220 4257 5608
25107 5635 5870 6818 1854
25108 2651 4761 4408 5356
25109 3328 4966 4515 4501
25110 4401 7039 2010 2062
25111 4400 4416 1998 1979
25112 4211 4656 5389 6851
25113 2650 6987 2034 2649
25114 6987 4407 2085 2034
25115 3300 3306 4810 6506
25116 7039 4400 5658 4401
25117 6249 6252 5455 2295
25118 6246 6249 5455 6253
25119 6249 2261 7269 6252
25120 7245 5429 2246 7214
25121 4262 5370 4640 4641
25122 7245 5429 2210 2246
25123 6742 6746 6744 6743
25124 6985 4988 6357 6684
25125 3328 4501 3329 4966
25126 5553 6212 1501 1533
25127 4871 4872 2153 2088
25128 4808 4817 5899 7066
25129 3362 3365 3504 3363
25130 2265 6388 7066 6389
25131 6958 2183 7246 7066
25132 4016 2223 4022 6157
25133 3001 4476 4149 7110
25134 2759 2758 4318 4316
25135 5909 1966 5901 5902
25136 3147 4535 3148 4856
25137 4446 3747 3746 4448
25138 4902 4901 5155 4897
25139 4120 4063 6811 1061
25140 4029 1052 4028 4138
25141 4063 1080 6811 1061
25142 6796 1094 4057 6117
25143 3525 3567 5987 5369
25144 4028 6796 4063 1065
25145 6110 6227 6226 1081
25146 2924 5914 2615 5892
25147 3299 3296 5051 6003
25148 421 2923 2924 426
25149 5860 410 2922 415
25150 5897 406 412 5951
25151 5884 3116 1917 1898
25152 6921 5877 3122 1922
25153 3108 3105 3112 3109
25154 4418 5877 6921 6021
25155 6921 1922 3122 1940
25156 6501 3575 3121 6503
25157 5835 3200 5963 3815
25158 3122 4397 1882 1922
25159 6971 3110 1861 1882
25160 3108 6971 3122 4397
25161 6748 6964 2109 4373
25162 6552 6027 6422 7237
25163 6784 2184 6964 2148
25164 6784 2214 2184 2258
25165 2079 2148 7141 6965
25166 6965 4373 2018 2055
25167 4840 7109 4842 7112
25168 4839 7109 6881 4843
25169 2280 6780 6364 6781
25170 5233 6659 6743 4159
25171 4372 6205 5233 6659
25172 6562 6885 1981 2007
25173 1962 7060 2001 6897
25174 6915 2001 6897 2040
25175 1962 6897 2007 6885
25176 6915 5928 2001 2012
25177 6915 5928 2012 2066
25178 7084 6476 1589 1622
25179 7084 7063 1573 1589
25180 3867 6476 7084 1622
25181 3353 4596 4875 4665
25182 7084 7065 1549 1573
25183 1549 7084 7079 7065
25184 7239 7084 6476 1589
25185 7239 6307 7061 1589
25186 7239 7084 1589 7063
25187 3820 6446 3818 6359
25188 7159 7212 4928 6928
25189 5241 3827 5244 5242
25190 3783 6399 707 723
25191 3356 6013 5736 5986
25192 3474 4031 5066 3473
25193 4808 4024 7246 6958
25194 4024 2151 6958 2188
25195 4988 6453 6357 6212
25196 3733 6404 5317 726
25197 4180 6012 4629 4763
25198 6213 1437 6212 1464
25199 6167 6690 5463 6689
25200 4024 4015 2114 2188
25201 2077 4015 4872 2153
25202 4015 6210 2114 2077
25203 5862 6998 3995 6212
25204 4513 4021 4181 4515
25205 4024 4014 2151 2114
25206 4024 4015 4014 2114
25207 5050 6277 4873 5040
25208 5191 6593 5183 3993
25209 6410 4522 5925 5178
25210 4162 2994 4158 4161
25211 4827 4828 4829 5011
25212 5549 4163 6743 2214
25213 5549 6954 2343 2308
25214 4162 4163 2300 4161
25215 5462 2316 2226 2270
25216 5478 6312 6724 6354
25217 4553 3619 3625 3103
25218 5462 5500 2161 6408
25219 4551 3769 5500 6408
25220 6320 4038 5386 5388
25221 4180 4629 6001 4763
25222 2270 2227 2195 5500
25223 6326 5500 3768 2157
25224 5241 3976 3982 3983
25225 5241 3827 3995 6998
25226 2828 2347 7267 2371
25227 4024 4015 2188 2223
25228 6958 2188 4022 4024
25229 2221 6958 2188 4022
25230 3975 5899 4023 4024
25231 3841 6952 2967 3839
25232 3943 3946 4967 3945
25233 3991 7003 4522 5927
25234 2930 7003 2929 2967
25235 7004 3841 1617 1559
25236 7004 1617 2968 1585
25237 2967 2936 1507 1585
25238 3994 4833 5925 4157
25239 5944 6238 3384 5906
25240 5962 5940 1060 1058
25241 5962 5972 5923 1124
25242 4056 6812 6116 6695
25243 4716 5507 6812 6697
25244 5900 1171 5430 1156
25245 4087 5757 5704 5711
25246 5900 5507 1193 1145
25247 1193 5900 6025 5507
25248 6812 5507 5900 1145
25249 5324 5430 1171 1173
25250 3300 6967 6052 6153
25251 6502 6921 6504 6503
25252 3728 4286 4284 2703
25253 3076 3709 6226 3526
25254 6921 6503 4418 6504
25255 7094 5493 6826 5494
25256 3572 7095 7177 7173
25257 7095 1892 7173 1872
25258 6826 1872 6866 5494
25259 7095 7177 1892 7178
25260 3719 3716 3797 6850
25261 5365 7009 5384 1381
25262 7009 4500 4499 7154
25263 1416 1449 4514 7009
25264 7009 7154 1455 1449
25265 2876 7276 2572 2875
25266 3695 2876 7055 7276
25267 5179 2508 5178 2524
25268 3730 4522 5178 6308
25269 2540 7276 3730 2556
25270 6586 6583 4249 6589
25271 5178 6498 3695 2540
25272 2510 2509 2526 6486
25273 6410 6498 3695 5178
25274 4742 7133 6933 7007
25275 7261 4383 7087 5331
25276 6381 6382 7199 2328
25277 5868 5556 6727 5866
25278 5868 5757 6989 5704
25279 4948 6902 6489 3702
25280 2950 2936 6412 2935
25281 5924 6594 4162 6954
25282 4162 4163 2257 2300
25283 6951 2258 5549 2214
25284 5549 2257 4163 2214
25285 2343 2257 4162 5549
25286 6486 3726 2510 6418
25287 4157 4954 4955 5549
25288 6412 2936 1560 2935
25289 3994 4162 4158 4157
25290 3300 6506 6967 6966
25291 5550 2935 4247 4223
25292 5542 5550 5544 6590
25293 6586 2937 1399 1432
25294 5550 2935 4223 1399
25295 4196 4168 4209 6746
25296 6586 6766 2937 1432
25297 5550 1334 5544 6590
25298 6728 7172 1990 5496
25299 4893 7172 2080 7091
25300 5489 4914 2111 2074
25301 6875 6856 6854 1302
25302 5489 5487 4914 2074
25303 5355 7172 6728 5496
25304 7172 7091 2020 2080
25305 6728 7172 2020 1990
25306 5640 5648 5755 33
25307 6301 4831 4832 5655
25308 4752 5299 6846 6704
25309 4747 4822 1078 1076
25310 4747 1064 4749 6846
25311 5655 6846 1040 1046
25312 5661 6740 4619 4622
25313 6811 6117 1095 1080
25314 6811 5984 1061 1077
25315 4120 4138 1051 1039
25316 4028 1051 4138 1052
25317 3552 5671 4601 5959
25318 4120 5989 4117 4138
25319 6415 6811 1077 5984
25320 5624 5635 5626 4612
25321 3412 4241 4787 5910
25322 5089 5548 6261 6257
25323 3407 6333 6334 5882
25324 4787 6261 6243 5871
25325 5936 5704 6893 5705
25326 6307 6374 7061 1574
25327 6307 1551 6456 6284
25328 6307 7061 1589 1574
25329 4301 4304 4102 4308
25330 5552 5916 6375 4104
25331 6724 2321 6801 2228
25332 5262 6376 2381 2277
25333 6354 2194 6312 2228
25334 6725 801 6376 794
25335 3908 4037 6515 6430
25336 3173 3172 4195 5292
25337 3172 1005 3461 1012
25338 264 3172 3461 1012
25339 998 6494 990 3172
25340 3173 1005 998 3462
25341 5592 6600 5591 1786
25342 5157 6774 5545 6528
25343 5541 5376 6601 6059
25344 6600 5374 5376 1776
25345 790 798 5679 5613
25346 6502 6503 1953 6501
25347 6502 6921 5884 1940
25348 1917 6501 3116 5884
25349 5884 1898 3122 3116
25350 6503 3575 3121 4418
25351 5884 1940 3122 1898
25352 5264 4583 4759 4758
25353 3180 3116 1895 6501
25354 6502 5884 6921 6503
25355 4284 5324 5430 5900
25356 7079 1533 6419 1576
25357 5713 5703 5706 6450
25358 4294 5979 4263 5129
25359 6371 3867 1670 3866
25360 3849 7065 7079 7084
25361 5065 5553 6419 6453
25362 7079 1647 3867 7084
25363 7079 7175 6453 1527
25364 4687 3484 3482 3483
25365 4687 6475 4415 6163
25366 3222 5689 6475 3221
25367 6475 6163 2059 5689
25368 6928 7159 6790 5466
25369 4410 4412 4426 4420
25370 6475 1997 5898 3221
25371 6355 6351 6158 6164
25372 3614 5943 5938 5946
25373 570 3606 562 569
25374 5372 571 5946 578
25375 5372 3607 556 563
25376 4887 3608 557 564
25377 569 3606 562 6166
25378 6148 5765 6957 6147
25379 4268 6148 6123 5617
25380 4742 6933 5134 5313
25381 5120 4993 5765 7142
25382 6933 5135 4742 5134
25383 6933 1547 5135 1491
25384 6933 5134 1491 5135
25385 5868 6893 5704 6989
25386 3174 5428 6224 6355
25387 6224 165 3989 2322
25388 166 165 594 2312
25389 5757 5711 6450 5704
25390 6224 593 594 610
25391 4886 5428 3174 6355
25392 4302 4816 4303 4304
25393 6224 5428 6169 609
25394 5427 2312 6224 6355
25395 5048 7160 5040 6210
25396 5463 1377 6689 1316
25397 4271 6362 4637 4636
25398 4871 4872 4015 2153
25399 6210 2077 4015 4872
25400 3974 3979 3976 3982
25401 4988 5065 6453 6212
25402 5052 7120 7118 4657
25403 5569 4611 682 681
25404 3278 7018 7272 2414
25405 4302 4811 4962 4817
25406 3845 7219 6373 2390
25407 3627 6350 3624 6066
25408 3845 7272 7018 2395
25409 2334 2297 6372 6067
25410 6851 4657 7120 4803
25411 1785 5458 6569 5856
25412 4092 6571 5458 6569
25413 5856 5458 6569 6568
25414 5458 5636 5864 1804
25415 5458 5864 1792 1804
25416 4475 6531 4473 5802
25417 3009 1187 2971 1210
25418 4811 4962 4812 4994
25419 6895 4849 2973 1266
25420 4852 2970 1265 6773
25421 2970 6773 1210 1265
25422 2973 2971 1187 1210
25423 3899 3902 7058 6914
25424 3661 5176 5018 4472
25425 4536 4586 4587 4594
25426 5247 6842 2286 7217
25427 5246 4461 2197 4469
25428 5246 2197 4461 4460
25429 4806 4812 4817 4807
25430 2709 1993 7127 2017
25431 2709 5208 2712 7127
25432 4436 4437 4438 6458
25433 5222 6511 5629 6548
25434 2776 5401 4121 3969
25435 3016 4491 3055 4341
25436 4869 2970 4852 6773
25437 3502 4798 6915 6562
25438 5230 4748 5456 4452
25439 3009 2970 1210 2971
25440 6713 6711 1894 5494
25441 4657 4805 6851 4656
25442 6713 1912 5492 1894
25443 5492 5720 1935 1960
25444 6899 5492 1960 5720
25445 5492 5494 1894 1915
25446 5492 1961 5720 5718
25447 3332 4657 4656 4805
25448 7046 2365 6130 2346
25449 5109 6944 6986 6943
25450 7093 1535 5236 3933
25451 6941 6449 5746 4393
25452 5256 6452 4854 4394
25453 7046 2379 7198 2365
25454 7046 2351 7033 7045
25455 7046 2351 7045 2379
25456 7047 7046 7045 2379
25457 4049 7139 5587 7141
25458 1280 3928 1320 6764
25459 5436 7112 1380 1343
25460 6764 5436 1257 4185
25461 6753 7112 5436 1343
25462 5436 4185 1287 1257
25463 6753 5436 4185 1287
25464 6840 7109 6753 1315
25465 4050 4374 4912 4049
25466 5775 6939 6938 6229
25467 5201 6855 5198 5202
25468 4939 4900 5779 7229
25469 7229 4891 2154 2191
25470 6939 1342 6938 1374
25471 6104 6103 6578 5293
25472 4702 4780 4509 4203
25473 4930 6624 932 2090
25474 4268 6123 4962 4811
25475 6266 6267 6268 5813
25476 976 983 984 6667
25477 6234 4291 4290 5281
25478 7102 7232 2129 2201
25479 6123 4962 4811 4994
25480 4784 6382 7101 6990
25481 5580 7225 6641 5276
25482 2203 2173 6642 7101
25483 2129 7102 7215 7232
25484 4649 4648 4652 6289
25485 6040 6381 4205 5918
25486 6146 5617 4813 6123
25487 6498 2508 6499 2509
25488 5011 2490 5212 2506
25489 5934 2541 6498 2525
25490 2967 2931 2930 2937
25491 6410 5925 4956 4951
25492 4362 3726 2734 3725
25493 2408 2442 2443 6426
25494 2429 2445 7137 2409
25495 4950 5924 5191 5925
25496 5924 5925 4950 4956
25497 4679 7092 6767 5058
25498 5070 5062 2335 2361
25499 5109 6944 4681 4628
25500 5617 4813 6123 4811
25501 5166 5169 4628 5102
25502 5107 7198 7047 5056
25503 7047 7198 7046 2379
25504 4344 6206 1848 3031
25505 4344 3033 4334 4343
25506 4344 4343 1866 1883
25507 4344 3031 1827 4335
25508 2829 6306 2828 3534
25509 2828 629 612 613
25510 2853 597 2399 598
25511 5165 6393 3479 6787
25512 613 2829 629 2853
25513 2828 2829 5468 644
25514 3535 2853 3476 5367
25515 5661 6301 4819 5229
25516 6389 6388 3473 5432
25517 3867 1581 6371 1670
25518 6819 2002 5966 7163
25519 6819 6686 6759 5563
25520 6589 2937 6586 6766
25521 6820 2022 5563 6819
25522 2084 6747 2056 5563
25523 4806 3978 4808 4816
25524 7020 2078 6421 6760
25525 2149 7237 2084 2101
25526 3779 6157 6126 6125
25527 3529 3771 5468 5469
25528 4963 3820 3848 3819
25529 2223 6125 6157 4016
25530 6126 2269 6157 2315
25531 6389 4022 2268 6294
25532 4016 4024 2223 4015
25533 3817 7250 6446 3844
25534 3870 3845 6446 7219
25535 6778 6476 6400 5414
25536 5066 5068 5072 5065
25537 6446 2374 7250 2364
25538 6299 2674 5964 1739
25539 5962 5923 1058 1124
25540 2674 2743 429 96
25541 2674 430 2743 5332
25542 5961 435 5332 436
25543 7077 7078 4608 6012
25544 4803 4657 7120 5052
25545 4658 6879 6974 7118
25546 6709 7188 7189 7165
25547 4717 7188 5900 6810
25548 4418 6021 6921 6504
25549 7188 5900 6810 1171
25550 6362 6992 6684 5366
25551 2195 5462 2270 5500
25552 5462 6408 2161 2189
25553 5462 5500 2195 2161
25554 5312 4634 6084 6362
25555 3627 3626 6505 6066
25556 6986 1535 6943 1553
25557 5255 1504 6986 1528
25558 5255 6995 1468 1528
25559 5235 5551 5237 5531
25560 5081 5098 5237 5119
25561 5321 5514 5805 4569
25562 5213 5255 6986 6995
25563 6542 1319 6543 1758
25564 5796 4102 4099 5000
25565 6543 1758 1319 1757
25566 5286 6969 1351 1319
25567 6168 1722 5285 1721
25568 2684 5286 1743 6543
25569 6276 5634 5730 6574
25570 5647 4465 5606 4462
25571 5730 5634 31 6574
25572 6276 3028 6574 5730
25573 6575 6715 6574 5770
25574 5221 6860 6511 6547
25575 5253 4895 4462 5642
25576 6237 6251 721 154
25577 4884 6263 705 4885
25578 7107 6414 7131 6399
25579 154 6237 737 721
25580 4885 3609 4888 4889
25581 6237 5943 1629 753
25582 154 6237 155 737
25583 571 5372 6251 564
25584 5130 5525 6614 5970
25585 3781 2643 5090 3407
25586 7094 3572 6826 7095
25587 3071 6869 6710 7174
25588 6084 6362 6108 7024
25589 6242 1910 5967 1930
25590 5869 1893 6712 6818
25591 5869 7185 6712 1893
25592 5869 1890 5871 1910
25593 5966 7185 5967 1973
25594 3854 7185 6927 6712
25595 6961 2378 6681 2340
25596 6962 2366 6961 2340
25597 6961 2366 5441 2400
25598 7137 5440 2446 2430
25599 7137 6961 5440 2400
25600 6960 6681 2302 2340
25601 2215 4952 2192 7011
25602 5441 6434 3701 6417
25603 7216 3996 2049 3508
25604 7216 7231 2129 7232
25605 7216 7231 6794 2068
25606 7215 2102 7216 2049
25607 2102 2129 7102 7215
25608 6642 7101 6046 2203
25609 3019 4124 3023 3265
25610 7215 3996 2133 2049
25611 5244 5242 1586 1605
25612 5244 6998 5245 1412
25613 6213 1412 6998 1437
25614 6998 1501 6212 1437
25615 4032 3475 5071 3888
25616 3827 3995 6998 1532
25617 1501 3995 5553 1564
25618 6213 6998 6212 1437
25619 3975 4024 4016 4015
25620 4581 6920 6416 6907
25621 4581 6937 6920 6907
25622 6955 6146 2241 6147
25623 2241 6146 6957 6147
25624 6146 4814 2073 2137
25625 6118 7209 6937 6907
25626 3345 5121 4630 5170
25627 6146 4815 4253 4814
25628 4813 4814 2137 2180
25629 4263 4264 4266 4294
25630 3223 4866 4872 5048
25631 5423 1036 444 445
25632 96 2674 5964 429
25633 429 435 430 5964
25634 5964 2674 96 1739
25635 5940 1058 1036 1031
25636 4679 4680 6767 6952
25637 6362 5366 6684 7024
25638 5070 7140 2389 6934
25639 3648 3650 3842 7274
25640 6934 2404 6432 7140
25641 2363 6934 2404 6432
25642 4531 5851 4119 5984
25643 5121 4435 5772 5470
25644 4025 3775 6758 5955
25645 2985 4364 4258 5148
25646 5850 6031 1108 1092
25647 5850 5851 5849 1075
25648 3358 3354 4179 3355
25649 5255 5236 6986 1504
25650 5083 5585 2471 2455
25651 7194 6186 6184 2307
25652 4960 4959 4904 6185
25653 6185 7049 2263 2182
25654 7078 5121 5772 5170
25655 4893 7172 5489 2048
25656 4893 4891 2080 2154
25657 5983 5360 4893 7172
25658 5489 5496 2046 2048
25659 5488 4959 7220 5572
25660 6211 6210 2015 7160
25661 6211 7160 2015 1994
25662 6211 7161 1994 2024
25663 7161 3223 2024 6211
25664 5048 6211 6210 4872
25665 6973 6805 6074 6906
25666 2077 6210 2193 4872
25667 5048 7161 6211 3223
25668 7114 1833 6601 1847
25669 6394 6821 6557 5601
25670 7114 6558 1847 6602
25671 6055 6548 6610 6608
25672 6059 6610 1864 6608
25673 5535 2788 5156 3917
25674 6477 4897 5156 5153
25675 6055 6608 6547 6548
25676 5679 1774 5375 5727
25677 6891 6559 6566 6582
25678 6058 5533 6609 5627
25679 6600 1776 5376 1809
25680 6883 4384 4655 6829
25681 6829 6883 1442 6873
25682 6041 5519 6358 4980
25683 4386 6830 6828 3147
25684 2158 6125 2223 4871
25685 5121 5764 5763 6081
25686 4871 2153 4015 2223
25687 4016 2223 4871 4015
25688 4868 4871 4872 4015
25689 3449 3450 3612 4932
25690 5693 6125 2233 2158
25691 4865 2088 4871 2123
25692 6164 6355 2273 6158
25693 3534 6157 7267 6126
25694 5731 944 4660 5747
25695 6438 4660 5570 5747
25696 4380 972 2798 965
25697 5570 4323 957 964
25698 5515 6575 5518 5630
25699 2797 993 5759 5816
25700 5771 5518 5716 5750
25701 357 6397 362 3291
25702 2797 4380 4377 979
25703 3190 1819 5865 6866
25704 3190 1821 5919 3185
25705 6121 1799 5419 1770
25706 6008 1055 5948 5906
25707 5969 5710 5948 1084
25708 5147 6008 5146 1069
25709 5948 6238 1055 1060
25710 3310 4604 84 6319
25711 4526 5146 5147 6008
25712 743 6387 727 5317
25713 7079 3867 1576 6419
25714 6403 6787 6393 6387
25715 1670 3866 1666 6371
25716 6371 3866 1666 6447
25717 7079 1576 3867 1647
25718 3140 3911 1668 6321
25719 6012 4630 7078 5170
25720 6515 3911 1496 1649
25721 843 842 850 6554
25722 3140 6535 1616 1478
25723 6322 6535 5269 1415
25724 5634 5606 41 32
25725 4216 4442 5644 6889
25726 4465 5637 5634 5606
25727 4792 5214 5294 5215
25728 2360 7272 6068 6067
25729 4401 4763 4760 6001
25730 4923 3845 6373 7272
25731 5843 6067 6372 6451
25732 4923 7272 6373 6067
25733 7040 4631 6081 6075
25734 3845 7272 2390 6373
25735 6066 6505 2260 6451
25736 6067 2297 6451 2338
25737 6069 2316 6315 2407
25738 5511 7070 5569 4861
25739 4864 5511 5226 7025
25740 6081 4629 6075 4631
25741 7069 7013 7014 1582
25742 3626 6066 6451 6505
25743 4554 4559 4915 4551
25744 2695 2881 3008 2877
25745 159 158 591 1664
25746 5938 1629 1664 158
25747 5943 6237 5938 5946
25748 4990 6776 4991 4992
25749 3006 3456 3503 3498
25750 5946 577 5372 578
25751 578 5938 6237 5946
25752 4786 7215 3507 6847
25753 7102 7101 2173 2102
25754 5180 7102 7232 7215
25755 7215 7216 2102 2129
25756 7215 7216 2129 7232
25757 4598 3925 5610 3924
25758 5928 4992 6776 6565
25759 4023 4016 4022 6157
25760 3760 6329 740 756
25761 3528 3733 3734 3761
25762 6294 2315 4022 2268
25763 4022 4024 2188 2223
25764 6294 6157 4022 2315
25765 4022 6157 2223 2315
25766 5241 5244 6998 5245
25767 2221 4022 2268 6389
25768 6105 4432 6378 6613
25769 3455 3453 3454 4746
25770 6378 5268 1229 6377
25771 6124 5268 5269 1229
25772 5497 6613 6378 4431
25773 5782 1829 6738 1843
25774 3435 6738 6194 4694
25775 6738 1822 4694 1843
25776 4313 6470 4124 3265
25777 6194 4724 4730 1791
25778 4737 4734 4313 6737
25779 5600 6472 5607 7222
25780 5244 5245 5463 1377
25781 5244 1606 5242 1605
25782 5464 1606 5463 1406
25783 5463 5245 7128 1377
25784 3765 4016 4023 3533
25785 5471 1676 6487 1657
25786 1606 5939 1650 5464
25787 5433 1339 6904 1308
25788 6097 5651 5652 6493
25789 5652 5755 6573 5653
25790 6095 5631 5786 6099
25791 4324 5446 5445 5669
25792 4747 1046 5655 1062
25793 5652 5651 5623 6493
25794 6050 4830 6096 6097
25795 5653 5651 34 5623
25796 5647 5641 5640 5651
25797 4748 4747 4820 4822
25798 5661 6740 6096 4619
25799 5445 6275 6573 5652
25800 5606 33 5641 40
25801 5570 5571 2798 6368
25802 5571 3291 964 971
25803 5672 4728 5694 4727
25804 5521 3291 5399 5522
25805 4927 6166 5333 6196
25806 4687 6475 6163 4688
25807 4610 5343 1933 5840
25808 5343 6011 532 533
25809 5343 6180 1955 4688
25810 6180 4688 2091 1955
25811 660 2829 644 5468
25812 3529 5468 660 5469
25813 4868 4871 4874 4865
25814 6158 595 2367 3892
25815 4993 5120 6148 5973
25816 4902 4901 5752 5155
25817 2854 819 2855 3541
25818 5681 5745 5158 5157
25819 5470 5772 5170 6626
25820 6567 846 3731 847
25821 4901 5155 43 898
25822 3827 1586 5244 5242
25823 1377 5244 1606 5463
25824 5796 6262 3470 5797
25825 5464 5242 5244 1606
25826 3827 6998 5244 1532
25827 5244 5245 1377 1412
25828 5244 1532 6998 1412
25829 5241 5244 3827 6998
25830 4015 4870 4871 4016
25831 5783 4107 4103 6043
25832 6004 6033 1037 1028
25833 3526 6227 6033 6004
25834 6149 5981 5990 500
25835 6004 6033 5988 1037
25836 3526 6004 4029 5981
25837 6227 1066 6033 1028
25838 6861 6292 1260 6772
25839 7134 6292 5402 1293
25840 6804 3652 3009 1189
25841 6292 1288 6773 6291
25842 6292 1288 5402 1293
25843 4657 4658 6974 7118
25844 3301 3308 3303 1938
25845 4744 6804 6292 6772
25846 3482 4931 4932 6369
25847 4825 3483 527 534
25848 3893 6232 643 6471
25849 6816 5471 5242 5464
25850 3764 3826 3822 3531
25851 4865 2123 5690 5689
25852 3482 4931 6369 3484
25853 6352 5469 3893 5468
25854 5470 4280 4255 7035
25855 3451 6196 3606 6166
25856 5690 5689 2123 2086
25857 6555 4171 818 825
25858 811 6526 4171 5728
25859 797 6526 804 5728
25860 6392 5728 6555 4171
25861 5728 3539 6524 6602
25862 3542 6528 2791 3544
25863 6774 6528 5375 5376
25864 4170 4172 3540 6340
25865 3544 5752 6582 3545
25866 6555 4171 811 818
25867 6394 5601 4096 6821
25868 3540 2855 5685 6555
25869 825 4171 818 817
25870 6341 4777 5628 6567
25871 6341 4776 6613 5748
25872 4115 28 4735 27
25873 3435 7167 4694 6194
25874 2663 5394 2664 5303
25875 7222 4115 28 4735
25876 5395 5394 2664 2801
25877 4589 4739 4734 4738
25878 2397 2444 5191 6593
25879 2875 2876 7055 1604
25880 2746 1658 2876 283
25881 2746 2605 2876 2589
25882 2572 2875 2588 2876
25883 2573 2572 2589 3695
25884 2876 2588 2605 2604
25885 4256 4440 4439 6304
25886 2746 2747 2908 7037
25887 7134 1293 3147 1273
25888 1247 1273 4535 3147
25889 5784 4435 4993 5783
25890 4382 4384 4655 6883
25891 6861 1260 7134 1219
25892 7134 6292 1293 1260
25893 6861 6901 1199 4535
25894 5924 6954 4162 5549
25895 6594 2343 4162 6954
25896 6594 6954 2368 2343
25897 4829 6426 6428 6591
25898 6429 6591 2369 6594
25899 6426 6018 5011 3690
25900 6429 4162 2300 4161
25901 4657 7120 7118 6974
25902 2721 6905 5830 5832
25903 4485 4490 4259 4765
25904 7120 1258 6974 5389
25905 4761 3864 3522 3669
25906 6974 1258 7118 1238
25907 4324 5631 4327 4326
25908 6507 4327 1097 1119
25909 6508 6507 1138 1119
25910 7187 4326 1137 4617
25911 6354 5205 3910 5478
25912 6537 6326 5500 3768
25913 4774 5952 5953 702
25914 5385 5388 6801 5386
25915 179 178 607 2380
25916 4773 4774 4769 6440
25917 3104 7203 7204 6488
25918 1562 6497 6903 4863
25919 5843 6451 6066 6067
25920 4795 7013 7069 6462
25921 4773 3269 6363 4771
25922 7203 6379 1405 1445
25923 4076 4074 1404 1448
25924 4075 4074 1456 6467
25925 4074 4076 1404 1358
25926 6469 4074 6468 1387
25927 4074 1456 6467 1387
25928 4072 6468 4074 6467
25929 4075 7071 1456 1493
25930 7184 7240 4640 7117
25931 6468 6791 1369 1421
25932 5910 6652 5880 1851
25933 5548 6261 1832 1850
25934 6652 1831 6620 6336
25935 6621 1803 5548 1832
25936 4560 6532 6379 6427
25937 5239 4558 5675 2712
25938 6537 4041 4916 6326
25939 4551 5462 6408 5500
25940 7203 6903 1445 1405
25941 7203 1341 7204 1402
25942 4445 5848 6105 5847
25943 5205 3910 5478 6536
25944 6427 6431 1407 6405
25945 6427 6532 6379 1376
25946 6500 6903 1475 1445
25947 3995 6998 1501 6212
25948 1564 3995 1532 1501
25949 4256 5784 4255 5795
25950 726 3741 742 5317
25951 3743 1564 5553 3995
25952 3995 1532 1501 6998
25953 3827 3995 1532 1586
25954 6815 3762 3743 1612
25955 3529 3771 5469 3531
25956 6142 1488 6883 6874
25957 3468 6883 6142 6141
25958 6874 6142 1524 6289
25959 6142 1492 6141 1466
25960 6142 6145 1492 1543
25961 5026 6202 4995 5006
25962 6199 5026 5006 6202
25963 5168 5100 6995 5169
25964 4899 4960 4890 4898
25965 4939 4891 7229 7228
25966 4939 7229 4891 4899
25967 7229 4891 4899 2154
25968 4914 5358 4904 4959
25969 4255 7035 4280 6302
25970 4256 6304 6043 6993
25971 4264 3790 1306 1333
25972 4857 1277 4296 1254
25973 4857 4275 1309 1251
25974 4577 6920 6916 4300
25975 4310 4275 4857 6843
25976 6237 5946 4884 6251
25977 6416 1322 6920 1306
25978 5196 5197 5785 5903
25979 1357 4529 1419 6973
25980 6906 1419 6973 1390
25981 4401 4762 6075 2118
25982 6973 6805 1390 1329
25983 7077 6075 2118 2139
25984 3464 4458 3985 2921
25985 6973 6073 6806 1294
25986 5891 1704 101 100
25987 414 2924 5892 5914
25988 5891 414 5914 99
25989 5891 99 5914 1718
25990 5887 5846 5891 1704
25991 5846 1697 102 101
25992 5892 1718 5891 5914
25993 5204 5200 1473 5202
25994 3263 5204 5200 1509
25995 5203 5204 3263 3128
25996 5665 3241 2548 2532
25997 5195 5204 5202 5200
25998 3241 1631 2597 3263
25999 5554 5204 3128 3934
26000 3107 6823 3110 4397
26001 3034 7130 6206 3031
26002 3582 3585 3580 6239
26003 3110 6206 1845 1863
26004 6823 3110 1863 6206
26005 6971 1882 3122 4397
26006 5042 7161 7129 6188
26007 5383 6155 6843 5836
26008 5039 6814 7241 7193
26009 7161 1970 7160 1994
26010 1948 1920 6188 7193
26011 4310 4265 4312 4857
26012 4276 6155 4310 6844
26013 4634 5134 7038 5312
26014 6814 7193 6824 1920
26015 6814 6020 6708 1988
26016 4368 5941 4373 7163
26017 3687 6030 5894 6181
26018 6710 5920 6763 1174
26019 6840 6763 1200 6868
26020 4374 6965 4373 5941
26021 3071 6710 6869 5490
26022 6763 6868 1174 1200
26023 6840 1253 6753 6834
26024 6710 7174 1157 6868
26025 6975 1388 6886 7031
26026 6305 4075 6467 4074
26027 6779 5997 1493 1539
26028 7029 6779 4075 7053
26029 4071 4078 4075 4076
26030 7053 4078 1425 1448
26031 4076 4075 1448 4078
26032 4074 4075 1448 4076
26033 917 922 2976 6564
26034 5667 5006 5197 5665
26035 2974 2975 5660 5659
26036 6718 38 2974 39
26037 5907 39 2974 918
26038 6531 6550 6700 6534
26039 2977 923 2974 928
26040 2974 5660 2975 2977
26041 5635 5636 1823 1839
26042 4756 5865 7155 6711
26043 4094 5636 6571 6570
26044 7155 5635 1839 5636
26045 3408 3861 3411 3405
26046 5625 6818 6712 6711
26047 4612 1832 6621 6257
26048 3826 6487 6815 3827
26049 772 3760 3762 773
26050 6815 3995 3827 1586
26051 6159 3531 3783 5469
26052 5862 5553 6212 3995
26053 6312 6324 2277 2229
26054 7261 5344 4199 5002
26055 210 2381 786 6324
26056 6324 2381 6376 2277
26057 6725 6324 794 6376
26058 5262 5261 6312 5478
26059 793 794 786 6376
26060 5807 3102 5151 6245
26061 5860 5915 5887 5892
26062 3399 408 5434 403
26063 5887 1697 5846 1704
26064 5510 5882 5434 5509
26065 1711 5935 1704 5323
26066 6332 6652 6620 6336
26067 4117 5982 4119 4602
26068 5988 115 6004 116
26069 5988 1037 116 6004
26070 4202 6150 5331 6245
26071 116 5989 1023 5988
26072 5981 115 4029 3524
26073 5987 5981 3524 494
26074 4288 4063 6117 6811
26075 3312 2856 3273 3311
26076 1023 1037 116 5988
26077 6321 6430 3909 3911
26078 6535 6321 3909 6723
26079 5743 6870 6723 6871
26080 855 1643 863 856
26081 6580 1668 6485 1643
26082 3250 5405 3247 5821
26083 3140 6580 1668 3911
26084 5320 487 5950 492
26085 6220 6111 551 5863
26086 6220 6111 565 558
26087 5950 6083 6082 488
26088 5320 491 486 492
26089 497 6135 5950 5320
26090 6240 6100 6070 5913
26091 6259 572 3699 565
26092 4042 6320 6801 5388
26093 4044 4040 4035 4033
26094 4035 4044 6315 6800
26095 5294 5216 6069 6315
26096 7248 7204 3104 4560
26097 4038 4039 5952 4042
26098 4794 3618 5461 6462
26099 4771 6576 6363 6481
26100 6315 6800 2316 6350
26101 6996 6320 5386 2319
26102 6350 2316 2226 5462
26103 5387 6316 605 621
26104 3712 6506 7268 6518
26105 1367 6539 1338 1305
26106 3146 6761 1281 1305
26107 3250 5405 5821 5820
26108 6539 1367 7083 6538
26109 7087 6539 1367 7083
26110 1307 3146 1247 1281
26111 3146 3147 1338 1307
26112 5808 5821 3773 5822
26113 1398 3146 6539 6828
26114 5677 5609 7075 5612
26115 5611 5609 1383 1418
26116 3925 7022 5609 5611
26117 5612 7075 1458 5609
26118 7023 7081 5609 1485
26119 5609 5611 7022 1418
26120 5609 7023 1457 1386
26121 5609 1485 7075 1458
26122 4660 5747 944 951
26123 2802 4729 1790 1818
26124 3315 3712 3740 3737
26125 4063 6811 1080 6117
26126 4027 6808 6110 6226
26127 4120 5670 4288 4026
26128 4055 6117 6796 4057
26129 4055 6796 6808 4057
26130 6811 5670 4288 4120
26131 5479 6801 2882 5388
26132 3140 1646 6580 3139
26133 1446 6321 6535 1616
26134 6321 6322 1496 1446
26135 5474 3911 3140 6321
26136 6405 6430 6431 1477
26137 5205 6312 6354 2194
26138 2928 3247 3250 5405
26139 5233 6205 7115 6784
26140 5257 5741 844 843
26141 4673 6537 4916 5240
26142 3911 1668 6321 1496
26143 6430 6322 6323 1496
26144 5233 7011 4954 6951
26145 5776 6939 5775 6228
26146 4331 6666 6832 1182
26147 6572 6575 6715 6574
26148 6170 4426 6223 6197
26149 4865 4871 2088 4872
26150 5465 3825 5242 5464
26151 3451 3452 7159 6254
26152 4865 5689 3221 2053
26153 2053 2088 3223 4865
26154 5233 6659 6744 6743
26155 2158 4871 2123 5693
26156 3973 4988 6214 6215
26157 3888 6388 3887 7250
26158 4817 4812 3887 7066
26159 4963 4101 4964 3849
26160 6388 2305 5432 2348
26161 4963 3819 5068 4303
26162 7066 3473 6958 6389
26163 5910 4787 5548 6261
26164 7106 1884 6261 1865
26165 6261 1865 5910 7106
26166 7106 4242 6243 1884
26167 7106 6757 1868 1865
26168 4607 3684 4606 6209
26169 4252 6922 7048 6959
26170 6922 2073 4814 7048
26171 6546 6021 7211 6708
26172 6416 7038 5138 1389
26173 6920 4300 4581 4296
26174 6922 2016 7048 6959
26175 6922 2016 6959 2043
26176 6955 2073 6922 2103
26177 4574 6937 4577 4572
26178 6134 6708 2043 6959
26179 5156 6617 44 45
26180 7064 4766 6470 6477
26181 5607 7222 5733 29
26182 5600 4735 7222 28
26183 2760 6477 6617 5153
26184 5233 6205 6744 6659
26185 5154 5156 4897 5153
26186 4766 5156 45 6617
26187 4751 4452 5794 4748
26188 4481 6194 4724 4730
26189 3188 3186 4523 6368
26190 4324 5446 5669 4327
26191 6100 5530 6070 6064
26192 6193 2779 6258 6836
26193 6064 6015 466 465
26194 5326 5325 6015 4496
26195 6078 6509 6056 4497
26196 6024 3553 110 474
26197 3567 484 3554 5987
26198 3556 3553 3567 3569
26199 5871 5089 6261 6257
26200 5161 5853 2643 6754
26201 4612 6570 1813 1823
26202 5635 1852 5870 1854
26203 4072 6071 6467 6305
26204 4957 6603 6892 5523
26205 6252 4977 7269 5076
26206 4657 4658 4656 6974
26207 4541 6926 4540 5963
26208 7113 7100 7244 4483
26209 7026 5094 1515 4562
26210 5998 5997 6779 5695
26211 5232 6659 5233 4159
26212 7029 7026 6779 7053
26213 1515 1594 1545 7017
26214 5070 2335 6934 2389
26215 5054 5070 7271 5062
26216 5070 7140 7197 2389
26217 5070 7047 2379 7197
26218 5070 7047 2361 2379
26219 6899 6759 6760 2004
26220 4161 5063 3675 2994
26221 6552 7020 7237 6422
26222 6420 6421 7020 6422
26223 4565 5425 6422 5429
26224 4804 7206 6963 7186
26225 7020 6421 2101 2174
26226 7020 6421 2174 6422
26227 6976 4348 3466 4351
26228 3701 6092 4348 6780
26229 5054 5211 5062 7271
26230 6092 4349 5547 7218
26231 4709 6782 3700 5586
26232 4054 7001 7104 1380
26233 6755 7001 4054 1380
26234 6960 6962 2340 2318
26235 6762 1353 5349 6984
26236 5404 6762 6946 6988
26237 3631 7197 5056 5070
26238 3485 4260 7207 7125
26239 3486 7074 4260 7125
26240 6965 2109 6964 4373
26241 4374 6345 6965 5941
26242 6965 2018 5941 6345
26243 2995 5364 4680 5010
26244 4878 4877 6833 2030
26245 6965 6964 2148 7115
26246 7253 4977 5062 4167
26247 6965 4373 2055 2109
26248 4372 4374 4910 6205
26249 5396 7138 5810 1880
26250 3044 5396 5810 5394
26251 3729 2997 2930 3991
26252 1844 1880 1860 5589
26253 7138 5396 5589 1880
26254 2854 5699 833 826
26255 6687 1059 6550 1067
26256 6582 5766 5752 4901
26257 5685 825 6555 2855
26258 3731 5685 833 832
26259 5744 5766 897 5752
26260 5766 5752 902 897
26261 3025 6882 4764 7222
26262 6979 5077 6766 6767
26263 3097 3101 6629 3096
26264 43 42 4897 4901
26265 4894 6890 4901 6551
26266 6506 7162 7268 6518
26267 6055 6059 6608 6610
26268 849 6580 3139 6459
26269 4901 898 5752 5155
26270 6953 4350 4348 4349
26271 3707 5441 6417 5440
26272 4248 5063 4977 4167
26273 6394 3390 6557 7164
26274 4832 5229 5651 5647
26275 4754 4750 6717 4751
26276 3026 2762 3265 6472
26277 4752 4749 4753 6704
26278 5647 5651 4832 5300
26279 5670 4120 6811 5984
26280 5906 5944 4526 5945
26281 4298 6615 6614 6612
26282 6008 1055 5906 1024
26283 5933 5146 6008 1050
26284 6008 5146 1069 1050
26285 3867 5067 5305 6419
26286 3867 6371 1581 6419
26287 6476 7084 3849 3867
26288 6040 6381 6041 6044
26289 38 37 6718 2974
26290 5659 6716 6700 1056
26291 5300 4462 5647 5641
26292 5641 5300 4462 5642
26293 5659 1025 1033 37
26294 5659 1033 1025 1056
26295 3640 1041 6704 1049
26296 5299 1017 36 4831
26297 5907 2976 918 2974
26298 2975 6718 5801 6716
26299 6718 5659 3640 6716
26300 3710 6161 3712 7268
26301 908 6559 913 6551
26302 6533 6703 1089 1070
26303 5668 4753 5643 1085
26304 4752 5668 3640 6704
26305 3304 2563 3242 2579
26306 5196 5789 4900 5785
26307 5199 5198 1403 5200
26308 6939 5199 1403 6229
26309 6231 5199 6229 1600
26310 3389 3390 6394 7164
26311 4939 7171 4891 7228
26312 5776 6939 5199 5198
26313 3242 2548 3241 2564
26314 4942 5866 5201 5202
26315 7001 7010 7104 1408
26316 3928 1408 1346 1380
26317 4305 3118 3957 1667
26318 3957 1408 1346 3928
26319 4054 1380 7104 3928
26320 4708 7001 7002 7010
26321 3957 1667 3118 1608
26322 6125 4016 4870 3779
26323 4302 4271 4268 4270
26324 3983 6213 5245 6998
26325 4016 4022 2223 4024
26326 7251 7237 2210 6422
26327 2101 7020 2174 7237
26328 7237 6422 2174 2210
26329 4170 3389 6394 6392
26330 7237 7020 5563 2084
26331 6027 7251 7237 5562
26332 6027 7251 6422 7237
26333 6237 737 6263 753
26334 3609 4887 4886 4889
26335 6263 6251 721 6237
26336 6263 4885 706 705
26337 5532 6263 706 722
26338 6443 739 6399 6444
26339 3611 4885 5532 6263
26340 753 6248 770 754
26341 6861 1177 6772 1191
26342 6861 6884 1177 1199
26343 6861 7134 1260 6292
26344 6391 3539 6392 6602
26345 7134 1219 4535 6861
26346 1273 7134 1219 4535
26347 6153 1987 3997 6160
26348 6309 5419 106 5912
26349 6680 108 5913 6239
26350 4338 6596 6121 6309
26351 4337 6680 5912 5913
26352 5865 4090 3190 3177
26353 3582 6239 6680 5913
26354 3115 6921 5877 3122
26355 6022 6680 6239 108
26356 6019 107 6022 78
26357 4869 6291 5401 6292
26358 7208 7166 2138 7183
26359 7072 6776 5928 2066
26360 4642 7166 7183 7191
26361 4758 5566 5558 5353
26362 7166 2138 7191 2127
26363 6915 4798 7072 2066
26364 4798 2040 2066 6915
26365 2066 7166 7208 6776
26366 3935 4069 4375 4068
26367 7072 2106 4799 7208
26368 6391 4095 6059 7114
26369 4484 4642 4644 4643
26370 5969 6008 1069 5948
26371 6038 5945 4602 4604
26372 4603 4604 84 85
26373 4603 4602 4601 3628
26374 3777 5078 6031 6023
26375 4119 5982 1038 5954
26376 3370 3368 5991 447
26377 1440 1562 6497 6903
26378 6394 6392 6512 6602
26379 1510 4863 6497 1562
26380 7069 4863 6462 1510
26381 6577 6457 4801 5459
26382 4771 6481 5380 4770
26383 1562 6903 6464 4863
26384 4559 4551 5240 4916
26385 716 700 699 5459
26386 4801 5354 6457 6997
26387 4917 6497 7203 6488
26388 3618 4863 6497 6462
26389 4559 4915 4551 4916
26390 5645 5459 6577 4801
26391 4790 6068 6067 6066
26392 5511 714 730 5569
26393 4794 3618 6462 4863
26394 3624 5294 6066 6350
26395 4088 4094 4090 4093
26396 6394 6821 4096 4095
26397 2668 6049 3575 6048
26398 114 494 113 3524
26399 2987 3778 4534 4531
26400 4117 5989 5988 4138
26401 4117 115 7226 5988
26402 3709 6225 6227 5985
26403 6906 6973 6805 1390
26404 4594 4587 1453 1484
26405 4586 4594 1484 4587
26406 6072 1459 4586 6906
26407 4300 4311 4265 4312
26408 6012 6081 7077 7078
26409 3706 6486 6489 4951
26410 3703 3700 6782 4952
26411 6960 6962 6961 2340
26412 4710 4053 4048 5234
26413 4054 7001 6755 6411
26414 4952 2267 2192 5586
26415 5586 4952 2267 6782
26416 4708 7001 7010 7104
26417 3727 2510 2527 4362
26418 6184 2307 6185 2263
26419 6186 6184 2307 6185
26420 6032 6130 2306 5536
26421 6184 2263 6130 2306
26422 6184 5536 2344 2306
26423 2782 6394 3390 4096
26424 5262 5259 6376 5261
26425 5952 5953 702 6439
26426 5476 5260 5262 5261
26427 5260 6553 821 5261
26428 5260 5438 820 6442
26429 2825 5132 5708 5707
26430 5483 3912 5474 5475
26431 4258 7195 4364 6788
26432 3412 3407 3411 6333
26433 6331 5283 2684 5284
26434 3058 1702 1709 3937
26435 1730 2684 2683 6331
26436 401 5915 5510 5508
26437 6542 6543 1319 6749
26438 4298 4297 5708 6612
26439 4613 4615 1710 1709
26440 6331 3937 1716 1715
26441 1709 3058 4615 1710
26442 4613 1710 4614 1717
26443 5707 3868 6348 5844
26444 6331 1716 3937 4615
26445 6750 1200 6834 1180
26446 4614 1717 2614 4613
26447 6331 5283 3937 1715
26448 7069 7014 1603 1582
26449 4862 6900 5354 7014
26450 7069 1562 4863 1510
26451 7069 1582 6462 7013
26452 4924 4800 5329 6778
26453 2683 4613 1730 6331
26454 5536 6032 6187 5501
26455 5236 6986 1535 6943
26456 7043 6051 7190 3798
26457 3648 6945 5057 7093
26458 5097 3934 5236 5575
26459 4942 5556 6727 5575
26460 5083 5084 2438 2454
26461 6187 6219 5585 5501
26462 6130 5106 5104 5107
26463 5157 5158 5681 6516
26464 5681 6516 5158 883
26465 887 5158 888 5681
26466 5681 5745 887 5158
26467 5157 5745 5158 5155
26468 3540 2854 5685 2855
26469 5745 886 5676 887
26470 5745 5158 5155 893
26471 4553 6313 6406 6408
26472 4673 6537 5240 3766
26473 6430 1496 6321 6322
26474 6536 6537 3766 5205
26475 6431 1477 1407 6405
26476 3764 3823 3825 4870
26477 4433 5456 4450 4466
26478 5464 1606 5244 5463
26479 5471 5464 5939 1606
26480 5464 1406 5463 6690
26481 4886 5428 5350 3174
26482 5354 4862 4801 7025
26483 4862 4801 7069 6997
26484 6344 4860 6437 5569
26485 4789 4792 4801 4864
26486 6066 3617 4791 3624
26487 5511 5226 7025 699
26488 730 5511 6437 6900
26489 5354 5511 730 6900
26490 4801 7069 7054 4863
26491 5359 5438 6442 834
26492 849 6554 842 6459
26493 841 842 834 6484
26494 4995 5026 5005 5017
26495 6202 6186 7194 7273
26496 6186 4898 2262 7273
26497 2218 4960 2307 6185
26498 7194 2342 7273 2307
26499 7194 6186 2307 7273
26500 5235 5098 5531 5237
26501 4960 6186 4898 2262
26502 5103 5104 5107 5056
26503 7146 4996 2469 2470
26504 4433 4154 5456 4466
26505 4994 4813 2253 2216
26506 4813 4994 2253 6957
26507 6957 4813 2206 2253
26508 4994 2332 6478 3880
26509 4139 3901 4941 3902
26510 4811 4813 4994 4812
26511 6362 7024 5312 5366
26512 4461 2197 5337 4460
26513 4433 4625 3751 4624
26514 4461 7176 2134 2179
26515 6459 6484 842 849
26516 4461 2134 5337 2197
26517 5337 2134 5342 2093
26518 4530 5126 6073 5408
26519 6793 6792 1423 1457
26520 6335 813 185 184
26521 806 5495 183 184
26522 5012 4934 4933 5013
26523 3244 3763 5028 2879
26524 813 820 5260 6335
26525 5485 5478 5262 6724
26526 5924 4955 4157 4956
26527 4953 4952 4955 7011
26528 5924 6594 6954 6682
26529 5924 4955 6954 5549
26530 4954 6743 6951 5549
26531 4954 4955 6951 7011
26532 7011 4955 2302 4952
26533 4670 5206 3767 5209
26534 3904 3964 3151 3903
26535 3766 3767 5205 3768
26536 6310 6312 6725 5261
26537 4176 6522 6311 5206
26538 5209 3394 3390 5682
26539 6545 2117 5209 2083
26540 7171 2159 6925 2119
26541 5480 5474 5476 6442
26542 7171 7228 2191 4891
26543 7171 6726 2159 2191
26544 3586 5326 457 5327
26545 4498 457 5327 458
26546 6053 516 4498 5327
26547 2692 3029 3577 2700
26548 537 544 5528 4497
26549 4498 458 5327 123
26550 5759 5453 1073 1233
26551 5449 5448 5451 5450
26552 3044 6216 5394 5810
26553 5448 6507 5446 5449
26554 5453 5450 1116 5451
26555 6827 6837 5451 1183
26556 5451 6837 1138 1183
26557 6508 6507 5451 1138
26558 3608 549 4929 542
26559 3451 3608 3606 4929
26560 3614 3615 5939 6273
26561 4929 535 543 542
26562 3763 5028 2879 3751
26563 5012 3227 4934 5015
26564 3452 6491 7159 6233
26565 6351 5693 6164 5690
26566 3174 4886 4932 3437
26567 7021 4562 7031 6886
26568 5998 3381 3515 3513
26569 3829 7098 5734 7262
26570 6433 6975 6454 6886
26571 4957 6603 5523 6852
26572 7223 7244 2211 2199
26573 7029 4078 7053 4075
26574 5734 2211 7262 7098
26575 2175 5734 2211 7262
26576 7029 7026 7053 7031
26577 6517 7223 7244 7098
26578 2266 7098 5734 5559
26579 6725 6324 6312 2229
26580 5479 2882 6801 6353
26581 5382 6513 802 795
26582 809 6513 5382 7056
26583 5382 787 6725 2416
26584 6522 2033 6311 2156
26585 4934 4933 5013 6770
26586 5863 6091 6077 5528
26587 5530 6070 6064 464
26588 5530 6047 474 469
26589 4722 6024 3569 6087
26590 6056 6047 471 476
26591 4496 4497 6056 473
26592 3696 5994 5990 5987
26593 474 480 475 3554
26594 474 3553 3554 6047
26595 466 4496 6078 471
26596 2879 4492 5027 6285
26597 4160 6645 4335 4343
26598 417 5951 416 5932
26599 5951 416 5932 2922
26600 3859 5319 5932 5951
26601 3756 2880 3878 4433
26602 3859 2923 2616 5892
26603 5319 5639 423 418
26604 5319 5639 5649 423
26605 5319 423 5649 422
26606 5318 5897 3399 413
26607 5318 5319 3411 5897
26608 6567 5628 846 853
26609 6719 854 6567 847
26610 5156 5158 45 44
26611 6891 6582 2786 6890
26612 5684 6719 847 5893
26613 4170 4171 3389 6392
26614 5684 3731 5685 833
26615 5581 5539 2272 2251
26616 7230 6726 2222 2235
26617 6673 6267 2235 2155
26618 7228 5779 5777 7230
26619 7235 6296 7230 7170
26620 4164 6016 6078 6100
26621 6530 1120 6797 6836
26622 6100 5530 6064 6047
26623 6091 5937 4497 544
26624 6078 6064 471 6047
26625 3555 474 6047 3553
26626 6240 5913 108 6239
26627 6070 5913 107 108
26628 6122 6022 4091 6019
26629 3182 4091 6122 3580
26630 465 6015 6070 6064
26631 6240 6070 108 5913
26632 6024 111 3569 6087
26633 470 6064 469 6047
26634 6077 5863 5143 6337
26635 5125 5124 6207 4343
26636 3459 632 3913 616
26637 3844 3457 5432 2374
26638 3845 6446 2374 3844
26639 6121 6295 4342 5855
26640 3845 2402 6446 7219
26641 3845 2402 7219 2390
26642 5569 5511 714 698
26643 3795 3797 6988 7032
26644 7017 7042 1568 1594
26645 6619 7143 7100 4483
26646 7017 6000 1544 1568
26647 4337 6680 3582 3580
26648 7042 7050 1568 1590
26649 4980 7264 7249 6424
26650 4982 6372 7249 6451
26651 4864 5511 4861 7070
26652 4961 6478 6375 3882
26653 4337 6122 6121 5912
26654 6372 2296 6384 6424
26655 7249 2252 6372 6424
26656 3920 3056 1598 3085
26657 7093 6943 1580 1596
26658 5325 6016 3588 6015
26659 459 107 6070 6017
26660 107 6070 6017 5913
26661 6070 465 6064 464
26662 460 465 6015 6070
26663 6017 5913 106 107
26664 4334 6101 6309 4338
26665 6078 4164 6509 4166
26666 6309 6101 5650 4338
26667 6017 6070 460 6015
26668 3312 3162 5649 3163
26669 82 3312 5922 5639
26670 6122 6121 6295 4342
26671 3409 5897 3411 5951
26672 3409 3411 3859 5951
26673 6237 769 157 156
26674 5639 82 5649 423
26675 5704 5706 6989 6893
26676 5114 5746 6260 6919
26677 5360 4914 4893 5489
26678 6989 6727 6893 1397
26679 6286 6941 4395 6942
26680 4081 5489 5715 5487
26681 6483 5483 5359 6460
26682 6515 1496 6430 1477
26683 3911 6430 1496 6321
26684 6515 3911 1649 6485
26685 5483 6442 6459 6484
26686 5854 3910 4041 6537
26687 5854 3908 6807 4037
26688 6122 5911 6019 6568
26689 5485 5476 5260 5262
26690 3076 3708 3709 3526
26691 3567 3569 111 112
26692 3696 5320 3698 6127
26693 5749 5369 3524 5671
26694 5369 5671 5959 113
26695 6822 5923 6299 1753
26696 5960 6299 3860 2673
26697 5949 6348 5923 6299
26698 3240 6299 1738 3239
26699 2673 1739 2674 6299
26700 5911 5856 6122 6121
26701 7068 5949 1752 6299
26702 1738 7068 1745 6299
26703 4944 3703 4950 4955
26704 5924 6954 4955 6681
26705 7137 2429 2430 2446
26706 6499 5177 2460 2476
26707 6499 2492 5177 2476
26708 3992 3991 4522 5925
26709 3695 2556 7276 2540
26710 4622 1130 4619 4627
26711 4821 6740 4622 1079
26712 5661 4622 4821 6740
26713 3538 2791 2789 2786
26714 4622 1130 4627 1111
26715 4821 1079 4622 1096
26716 4821 4622 4621 1096
26717 4114 3187 28 344
26718 6438 5574 5931 5747
26719 4689 6368 3188 5570
26720 5931 5574 2801 1830
26721 5943 5946 4884 6237
26722 4114 3863 345 340
26723 2666 4691 3186 4114
26724 2666 5302 4115 4114
26725 4114 4115 5272 27
26726 2666 5265 4691 5272
26727 3451 6254 7159 6166
26728 6789 3736 583 6254
26729 1623 6789 5466 6790
26730 6166 6254 569 3606
26731 6233 6789 7159 6254
26732 1645 3736 6789 6233
26733 3736 6789 6233 6254
26734 3614 3736 1664 6233
26735 5372 3607 570 577
26736 3736 584 6254 577
26737 6205 6784 6744 6964
26738 6784 2148 6964 7115
26739 6205 6784 6964 7115
26740 2214 6951 6784 6743
26741 2302 7011 2215 6951
26742 6951 2258 6784 2215
26743 5842 1909 4343 6207
26744 6317 6637 6094 5842
26745 5338 5143 6076 6077
26746 5842 1909 6637 1952
26747 6473 1264 6474 1414
26748 6839 1144 6473 1208
26749 6848 6473 1414 1208
26750 6197 6839 6223 6633
26751 6848 1291 6839 1208
26752 6928 4413 4411 4928
26753 4411 4426 6690 6179
26754 4652 6999 6289 7081
26755 3900 6914 7082 4941
26756 4651 7082 7151 4941
26757 4595 4519 1417 4517
26758 4517 6914 1481 1514
26759 4517 4595 1514 1482
26760 3115 3122 3121 5884
26761 1451 7058 1481 4517
26762 4903 4890 4892 5358
26763 5581 6297 5583 5582
26764 5573 2317 7236 2345
26765 3108 3121 3116 3111
26766 7170 2222 7228 2191
26767 7247 2262 4898 7273
26768 6201 5903 4900 7247
26769 5774 5775 6730 4005
26770 7229 7170 2191 2220
26771 4324 4620 5661 4619
26772 4324 4326 4619 5631
26773 5669 6508 6507 5446
26774 5630 5755 364 5656
26775 5228 5634 6715 5648
26776 3574 3289 3290 3573
26777 4010 7258 4332 6002
26778 4324 4327 5631 6099
26779 4330 6852 6832 5523
26780 6550 1067 6700 6534
26781 3583 2843 3584 4455
26782 6700 6534 1067 1071
26783 6716 1071 6700 1056
26784 6566 5697 6582 5766
26785 3340 3315 3318 3317
26786 2975 6716 6533 6700
26787 4821 5655 6740 1062
26788 5035 6556 4855 3148
26789 5661 4819 5655 4821
26790 6097 4832 5651 6493
26791 6050 1054 4830 1026
26792 4324 4619 6096 5631
26793 6096 4619 1068 5631
26794 4338 1827 3031 4335
26795 4338 1810 1778 1799
26796 5419 4338 1778 1799
26797 4339 4338 1827 1810
26798 3202 5082 3033 3034
26799 6596 3031 1799 1811
26800 6596 3031 4338 1799
26801 6016 6070 6015 6064
26802 6295 6862 3109 5855
26803 6121 6309 5912 5419
26804 4218 4217 5701 4219
26805 6532 6722 1314 1283
26806 6628 6532 6722 7248
26807 5474 6459 6442 5480
26808 6694 5267 4638 6722
26809 5740 6535 6721 5269
26810 6532 5267 1345 6323
26811 3179 3121 3111 3116
26812 4704 4203 988 4780
26813 6665 6496 6664 1619
26814 5289 1621 3172 5292
26815 3704 3963 3705 3708
26816 6085 6047 476 475
26817 5406 483 6082 488
26818 6085 3554 6047 475
26819 5406 6083 487 488
26820 3554 6085 5874 480
26821 484 3554 5987 485
26822 477 5406 483 6091
26823 6340 5685 5684 3731
26824 5660 2975 2977 6550
26825 5766 4901 902 5752
26826 901 5766 900 906
26827 4245 4877 4882 5472
26828 4051 4054 5436 7112
26829 4910 7115 7141 5587
26830 3070 3067 5093 3071
26831 6840 1315 6753 1253
26832 5745 5744 892 5752
26833 6237 6251 571 5946
26834 3545 5699 2854 3543
26835 6339 6107 6613 4432
26836 6600 5374 6528 5376
26837 5744 5752 897 892
26838 885 3543 890 5676
26839 3545 890 5676 5744
26840 5535 5156 5157 4767
26841 5155 3544 5157 5745
26842 4944 4945 4953 4954
26843 4946 7001 6902 7002
26844 4061 3177 4756 7094
26845 3117 3118 3923 3119
26846 4709 5586 3700 4715
26847 5839 4046 4244 4193
26848 4879 7139 4881 4882
26849 1742 3117 1734 3958
26850 4314 7071 5997 1493
26851 4314 1483 6910 4936
26852 1525 4314 1493 1483
26853 4314 1493 5997 1539
26854 4135 5997 4314 7071
26855 4758 7122 4757 6729
26856 4783 2100 2104 7122
26857 6071 5173 6983 7016
26858 2999 6527 4810 3307
26859 4109 1476 6657 4156
26860 5825 4156 4109 6657
26861 4108 6231 1600 5199
26862 6231 6229 6230 1438
26863 5825 5298 5293 5291
26864 5814 6231 4108 5199
26865 432 433 5958 3385
26866 3384 433 5976 84
26867 3384 84 4604 85
26868 3384 6238 443 5906
26869 5130 6614 6615 5970
26870 85 4604 3384 5945
26871 4604 3384 5944 3310
26872 3383 5961 5957 3385
26873 3368 3369 3370 3383
26874 3385 3384 433 5976
26875 5971 5710 5132 5972
26876 2705 2979 2909 2981
26877 1159 5845 5707 1160
26878 4329 4330 5754 6918
26879 5407 1159 6612 1180
26880 6888 1252 6764 6749
26881 5949 5845 1124 5972
26882 5845 5972 1160 1124
26883 5949 5972 1124 5923
26884 3416 5883 2614 4614
26885 5708 5844 2827 5707
26886 3939 5284 5282 6969
26887 5781 5013 6770 1881
26888 6572 6275 6276 6715
26889 5505 5028 4626 4624
26890 4737 4124 4591 3435
26891 3238 2872 5015 3227
26892 5303 5393 5394 5395
26893 6059 6608 4095 6055
26894 6547 6608 1876 6548
26895 6459 5474 6580 3139
26896 7114 6558 6821 1927
26897 6394 6821 6558 6557
26898 3539 6392 5728 3546
26899 3227 5673 4934 5992
26900 6511 6547 1876 6548
26901 6512 6602 1835 1869
26902 6510 790 5728 797
26903 3389 4171 3512 6513
26904 6522 5206 6545 2156
26905 6545 2083 5601 2021
26906 6821 1927 6557 2021
26907 6821 6558 6557 1927
26908 4410 5422 4419 4424
26909 4027 6110 6808 4028
26910 3077 4056 6817 6696
26911 3077 6226 3489 6198
26912 3077 6808 6226 6817
26913 4029 5981 6004 115
26914 3526 4029 3524 5981
26915 3567 111 3553 479
26916 3524 494 5981 114
26917 6038 5671 7226 114
26918 6194 6738 1807 1822
26919 4481 7167 6194 4730
26920 4481 4482 7167 4730
26921 4476 3001 3003 2998
26922 7167 1837 4694 1822
26923 7167 1822 6194 4730
26924 5726 4726 6479 4478
26925 4732 4482 4731 6872
26926 5545 5592 6516 6600
26927 5541 6609 5376 6059
26928 5615 5727 3542 5375
26929 6609 5591 1809 1798
26930 6058 1825 6059 6610
26931 5545 5541 6609 5376
26932 6528 3544 5745 5157
26933 5211 4977 5062 7271
26934 4977 6252 7253 7271
26935 4208 7269 6029 4209
26936 6585 7256 6979 1531
26937 6979 1531 7096 1558
26938 6586 1503 6766 1432
26939 6979 6767 1558 7096
26940 3042 7214 4571 4569
26941 4482 6863 1856 1840
26942 7167 1820 4482 1837
26943 4482 6864 1837 1856
26944 4482 6863 1840 6872
26945 4477 4725 6057 6872
26946 6527 6864 6863 3307
26947 5904 7147 6201 4997
26948 7146 6202 6201 4997
26949 7236 7170 7247 2274
26950 7247 2220 4898 2262
26951 7247 7170 2220 2274
26952 3753 5028 4626 5754
26953 844 5738 5741 6802
26954 5738 6802 5415 6581
26955 837 844 5738 5741
26956 5738 844 5415 6802
26957 5257 6554 843 850
26958 6595 5257 6802 858
26959 802 809 6513 5382
26960 5397 6338 4775 6688
26961 5415 852 845 4777
26962 6580 3911 6485 1668
26963 6204 4329 6741 6002
26964 6580 6484 849 856
26965 5483 5359 6442 6484
26966 6536 6310 5478 5205
26967 6580 3139 1646 1643
26968 6328 785 17 209
26969 5259 6328 2401 785
26970 209 785 2381 2401
26971 6328 17 785 181
26972 6328 792 182 181
26973 2381 6376 5259 786
26974 181 608 182 6328
26975 5495 6335 656 184
26976 5873 5901 1984 5902
26977 7192 4552 6407 6406
26978 5675 7192 7126 6406
26979 5037 4467 4468 7182
26980 5873 5872 2057 6407
26981 6694 5268 6377 4638
26982 3342 6761 7182 3149
26983 3205 3219 3220 3641
26984 5873 2711 1991 1984
26985 4120 1051 4063 1061
26986 4120 5984 1047 1061
26987 4120 5984 4119 1047
26988 4120 4063 1051 4138
26989 4120 4138 1039 5989
26990 6339 6688 5497 6613
26991 6339 5497 4431 6613
26992 6688 1121 1087 5497
26993 5907 6599 5802 6890
26994 5497 6378 1209 4431
26995 6613 1209 5748 1121
26996 6378 1209 5748 6613
26997 6058 1842 7136 6705
26998 7180 1870 6872 1838
26999 6058 6705 1808 1842
27000 6055 6058 6059 6610
27001 7136 1842 6610 1857
27002 7180 7136 6611 1857
27003 4148 4149 2993 4477
27004 5080 2534 5017 2518
27005 2685 6888 6749 5942
27006 4613 2683 1730 1738
27007 6542 5942 6749 1259
27008 6542 1751 6543 1744
27009 4703 4702 4699 4696
27010 6731 2730 1261 1207
27011 5398 6858 6669 6837
27012 4507 6853 6679 6669
27013 4204 4509 2730 6731
27014 6853 1289 6679 1230
27015 3546 2854 2855 3541
27016 6524 5613 790 5679
27017 5728 6555 811 2855
27018 811 5728 4171 6555
27019 5613 798 3541 805
27020 6524 5613 5679 3546
27021 1814 6510 790 6524
27022 5728 804 811 6526
27023 7164 6522 6557 1957
27024 4051 6753 7112 5436
27025 4051 4185 6753 5436
27026 7139 7141 2112 5587
27027 7141 7115 4910 6965
27028 5271 4912 5527 6345
27029 7141 2079 6345 2058
27030 2058 7141 4882 6345
27031 3705 3806 5144 4755
27032 6695 6697 1154 1132
27033 6695 6817 1099 4057
27034 6695 1145 6116 1109
27035 4056 6812 6695 6697
27036 3537 3530 2829 661
27037 3528 3733 3537 3536
27038 709 5467 725 3733
27039 3530 5469 660 676
27040 677 693 3537 3530
27041 5966 5967 7163 2002
27042 6819 2022 5966 2002
27043 1973 6927 6926 5966
27044 5238 2534 3094 5080
27045 4367 6748 4373 6964
27046 2861 2865 3603 3072
27047 6039 6027 6029 7251
27048 7230 6296 2222 7170
27049 5581 5582 6296 6297
27050 7230 2222 5581 2235
27051 7230 7170 2222 7228
27052 6296 7170 2274 2222
27053 5218 5220 6495 5298
27054 5573 6297 6296 5582
27055 5581 6296 2251 2222
27056 5662 5665 5666 2531
27057 5663 2484 2500 5905
27058 5663 5903 4997 5904
27059 7230 2235 5581 7181
27060 6104 6269 6103 6607
27061 3241 5008 2532 5665
27062 3697 5985 5418 1057
27063 6530 3521 6797 6636
27064 6225 1057 6836 1103
27065 6220 6091 5863 551
27066 6132 502 6129 507
27067 3567 5369 112 113
27068 6571 5636 1795 6570
27069 1804 6571 5458 5636
27070 3579 3670 4091 3580
27071 5086 2643 5087 5626
27072 6571 6569 1771 1784
27073 6571 1771 6569 6570
27074 6391 6602 7114 6601
27075 5682 5209 5601 3390
27076 6558 1869 6557 1927
27077 3542 3539 5679 3546
27078 6821 1946 6547 1902
27079 5684 6719 3731 847
27080 6558 1847 6602 1869
27081 5080 5081 5119 5098
27082 234 6541 1643 862
27083 6541 1643 6580 6485
27084 6483 6541 6580 6485
27085 6483 6466 6541 6485
27086 6466 768 5362 784
27087 6466 5362 1635 784
27088 1643 862 855 863
27089 5081 5237 3644 5119
27090 856 6484 848 855
27091 6541 6484 5363 6466
27092 188 5438 704 5359
27093 5338 5341 5143 5528
27094 5177 6593 5183 5191
27095 2519 5081 2535 2536
27096 4157 4833 5925 4956
27097 6410 4522 5178 7276
27098 6498 2540 5178 2524
27099 5177 5925 5178 6499
27100 6498 5178 2508 2524
27101 4639 5730 5634 5637
27102 7167 4694 6194 1822
27103 6572 6276 5142 6574
27104 5505 4624 5027 5028
27105 5147 1101 5970 1069
27106 4363 5525 5148 7156
27107 3775 5148 4025 6758
27108 3777 6023 6031 6707
27109 6349 6238 5971 5962
27110 5078 6010 6026 6023
27111 6758 1101 5147 1083
27112 7082 1548 4595 7152
27113 7082 1514 4517 4595
27114 6278 7211 6021 6504
27115 7211 6708 2037 2043
27116 4574 6936 6923 6937
27117 4573 6923 7188 6810
27118 4401 4407 4398 4760
27119 6483 6484 6459 6580
27120 6134 6708 7211 2043
27121 6504 7210 7211 2031
27122 2041 2031 2037 7211
27123 7211 2037 6708 2013
27124 7211 6708 6021 2013
27125 6916 6937 4577 6923
27126 5614 6134 7211 6133
27127 7147 7273 2342 2313
27128 7146 2469 4996 4997
27129 6201 7273 7247 4898
27130 4259 5356 2132 4765
27131 4259 2172 5060 4260
27132 4259 5061 2240 4260
27133 4259 4538 2204 2240
27134 4259 4765 2132 2204
27135 5081 2535 2536 4600
27136 4258 7195 6765 7156
27137 4880 5283 3929 4714
27138 4245 4242 4246 5472
27139 5725 5722 3285 5311
27140 5083 2372 5501 5585
27141 7145 7194 2342 7273
27142 7194 5501 2372 2344
27143 6471 5469 659 643
27144 6471 6232 659 675
27145 6352 7107 4888 6471
27146 3451 6166 3606 6254
27147 526 533 6180 5343
27148 4422 5343 6180 6011
27149 4414 4867 5046 6179
27150 6098 5529 524 531
27151 6098 5529 531 538
27152 3555 3553 2844 6024
27153 6195 6258 2778 6473
27154 524 4610 5339 5341
27155 6094 6318 5840 4688
27156 5840 4688 1955 6094
27157 6031 6707 1125 6698
27158 6031 6026 1108 1126
27159 6031 1092 6698 1125
27160 6023 6031 6707 1125
27161 3728 2703 2707 2701
27162 6023 5857 1146 1125
27163 5185 6720 6005 5857
27164 3776 6031 5850 5849
27165 6188 6398 5700 7129
27166 4423 6475 4421 5898
27167 6167 6223 6689 6156
27168 4236 4419 3961 5125
27169 7161 6188 5042 7193
27170 7161 7193 1970 1948
27171 6188 1931 7129 6189
27172 7161 6188 7193 1948
27173 6188 1931 6190 1906
27174 7253 6252 4977 7269
27175 4208 4209 7253 7269
27176 5076 6252 6249 7269
27177 6585 1531 6979 1471
27178 5717 5719 5718 6112
27179 7043 1531 6585 1497
27180 7253 4168 4167 5062
27181 6586 1399 6590 1396
27182 4167 4168 7253 4209
27183 6242 6785 1910 5871
27184 4241 6261 7106 6243
27185 5719 5722 7153 3285
27186 6242 5967 5128 7185
27187 6242 7185 1930 5967
27188 5869 1930 7185 1893
27189 2614 2673 3240 6529
27190 3855 3854 6712 7185
27191 6778 6400 7013 5414
27192 7272 6067 2360 6373
27193 602 3277 2413 6347
27194 7272 7018 2395 2414
27195 7272 6373 2360 2390
27196 7070 4611 650 666
27197 4925 3278 6068 3277
27198 4557 5705 5100 4561
27199 5705 5100 4561 1498
27200 6995 5168 5936 5100
27201 5705 6995 1498 6893
27202 5256 5713 5712 6452
27203 6950 6450 6919 1327
27204 5085 6294 3534 3533
27205 6352 6158 5426 3892
27206 6787 6404 695 711
27207 6787 727 6404 711
27208 3162 3309 3312 5639
27209 5130 4257 5608 7156
27210 6112 4677 5718 4676
27211 7094 5493 7095 6826
27212 5512 5858 6905 5832
27213 4677 7178 1934 7202
27214 4284 6706 5430 5324
27215 975 6650 4704 6270
27216 5293 5537 6578 6634
27217 4503 4510 974 6867
27218 4930 6662 6867 953
27219 4503 974 4203 973
27220 6650 6270 975 968
27221 4705 4704 6665 4702
27222 6650 6270 968 961
27223 6661 6597 959 966
27224 5769 5445 5446 5768
27225 6459 834 6484 6442
27226 5228 6093 5229 5640
27227 5634 6715 31 6574
27228 5634 6715 32 31
27229 6275 5755 6715 6573
27230 33 5648 5755 32
27231 5648 5755 32 6715
27232 6294 2349 7267 2315
27233 7267 2347 6126 2315
27234 3535 5085 3536 3476
27235 4022 6389 4023 6294
27236 6492 6293 2399 2376
27237 597 6306 613 2853
27238 3535 2829 2853 5367
27239 6492 2376 6222 6293
27240 6306 2371 2399 597
27241 7070 682 4611 666
27242 3843 3845 7018 3844
27243 6360 712 6385 696
27244 683 682 699 5226
27245 4541 7153 5719 6899
27246 6360 6385 728 744
27247 3845 7219 3870 4922
27248 2907 5725 6112 5719
27249 4795 6462 7069 4863
27250 5511 7025 715 699
27251 6437 6344 5569 713
27252 6295 7130 5855 3109
27253 4334 6596 4342 3031
27254 4334 4338 6596 3031
27255 4109 4156 1613 1476
27256 4109 6231 6657 1476
27257 5814 6228 6231 5199
27258 3304 3242 1632 2595
27259 3304 3398 2562 2578
27260 3242 1631 4108 1632
27261 4108 6231 1632 1600
27262 3278 6068 2403 7272
27263 2403 2360 7272 6068
27264 4925 3277 6347 3278
27265 4864 7070 5226 5511
27266 4864 4919 4861 4800
27267 6068 6067 2338 2360
27268 6069 6068 6066 2338
27269 3277 5216 2415 2391
27270 4078 4585 7021 6975
27271 5192 7223 7098 7262
27272 7029 7053 4078 7031
27273 6975 4078 1354 1388
27274 4768 4719 7067 5560
27275 4392 4070 6940 4395
27276 4070 1348 6940 4395
27277 2899 2906 3285 5719
27278 4078 4075 1448 7053
27279 6827 1183 5451 1165
27280 6827 2730 1207 1233
27281 6827 6858 1207 2730
27282 5453 6827 5451 1165
27283 3078 4508 3376 3082
27284 2883 2528 306 305
27285 2883 2544 2528 305
27286 4350 2512 307 306
27287 4708 3956 3927 7104
27288 3505 2723 2576 2592
27289 2883 6825 2544 2560
27290 4362 6825 6982 2723
27291 6308 2539 5190 2523
27292 6308 5190 2539 2555
27293 5717 5725 5719 6112
27294 3992 5179 6308 5212
27295 4541 3285 5719 7153
27296 6592 2443 2397 6593
27297 3787 2940 2571 3730
27298 6308 3729 3787 3730
27299 1559 6952 2967 3841
27300 3992 5177 5179 5183
27301 6754 5853 5578 80
27302 3781 3399 6754 5578
27303 6754 79 5090 78
27304 4059 4372 4910 5233
27305 5578 5853 2645 5486
27306 3177 6866 3190 5865
27307 4089 5635 7155 5636
27308 2643 5853 4091 3670
27309 3399 80 6754 5578
27310 3658 2680 4593 3661
27311 4211 4965 5349 6949
27312 6621 1832 5548 6257
27313 6333 5434 3399 5897
27314 6620 5548 6621 1803
27315 4612 6257 1852 1832
27316 5624 4612 5870 5635
27317 3634 7197 2410 3633
27318 7270 6219 2405 6218
27319 3634 7140 2389 7197
27320 4839 6881 4845 4844
27321 5567 3634 7140 2404
27322 6058 6609 1798 5627
27323 5534 6609 5627 5591
27324 6057 4725 5627 6705
27325 5545 6609 5534 5592
27326 3744 3478 6423 5317
27327 4840 6753 6685 6840
27328 3744 3478 5317 6404
27329 6423 1642 6387 1638
27330 5317 1642 774 775
27331 3995 5553 3743 3754
27332 4058 4840 4842 4052
27333 4606 4840 6685 6840
27334 6605 6272 6606 6271
27335 6673 2155 6268 6267
27336 6272 6623 2121 2234
27337 6268 2107 6267 2155
27338 5293 5220 5218 5298
27339 986 5759 993 2729
27340 994 2730 1001 4204
27341 987 2729 986 994
27342 4204 995 4203 4780
27343 4376 2729 5759 4377
27344 5453 6827 1233 2730
27345 2729 1001 2730 1008
27346 5453 5450 1073 1116
27347 5831 5368 5832 5830
27348 4965 4501 6984 5384
27349 5717 5721 5723 4676
27350 3776 5849 4531 6415
27351 6905 1214 5830 5832
27352 3716 3797 6850 7205
27353 7120 1231 6905 1258
27354 1205 5830 5368 5829
27355 5990 501 495 496
27356 500 501 495 5990
27357 6132 6127 501 506
27358 5965 501 6127 496
27359 5985 3526 6227 3709
27360 3696 6274 6220 6083
27361 491 5990 5320 5994
27362 6274 5874 6083 3696
27363 6758 6859 1098 5955
27364 6758 5147 1101 5525
27365 6758 1083 5147 5146
27366 6758 5525 1101 1113
27367 6758 6859 1113 1098
27368 6758 1113 6859 6786
27369 3775 6859 7132 6786
27370 4117 6038 7226 115
27371 5251 4449 4429 4442
27372 4449 6699 6588 6703
27373 4019 6588 6699 5643
27374 6338 5397 4775 6567
27375 4172 4171 817 4178
27376 4172 3731 832 5685
27377 4178 3512 4171 817
27378 4172 4178 824 831
27379 6719 3731 6338 5684
27380 2975 2976 2977 6670
27381 6956 1547 5135 7133
27382 6140 1567 6956 1547
27383 5079 6956 5135 7133
27384 3332 4966 4965 4656
27385 3419 5133 4665 4875
27386 3329 4965 4966 4501
27387 6956 1567 6290 1536
27388 7016 3143 6071 5173
27389 6140 6290 6956 1567
27390 6956 1459 6072 5135
27391 4586 1484 6956 1536
27392 3402 5736 6013 5231
27393 6686 7020 6759 5563
27394 6759 2084 7020 2042
27395 6759 6926 2022 1985
27396 5563 2022 6759 6819
27397 6819 6926 5966 2022
27398 3648 5136 5105 5551
27399 4828 6428 4829 6426
27400 5567 3634 2404 2396
27401 6018 2458 6426 2474
27402 5119 3644 2503 2487
27403 5105 5551 5137 3689
27404 7109 4842 4839 4840
27405 3690 5567 7140 6432
27406 5382 6521 7056 4176
27407 6724 5262 2321 2277
27408 3909 5474 6723 6321
27409 5740 6723 3141 6535
27410 3912 5475 5483 5482
27411 6521 822 6871 5261
27412 4840 4060 6753 7112
27413 5741 6870 836 843
27414 5740 5257 3141 6554
27415 4246 5880 6838 6757
27416 4242 4241 4246 7106
27417 7108 6733 1958 1681
27418 5472 7106 1868 1879
27419 7108 1911 4877 5472
27420 7108 6833 4877 2030
27421 6096 5655 6740 5661
27422 5661 4821 5655 6740
27423 6740 5655 6096 1048
27424 4689 4728 4690 4691
27425 1815 5265 1782 2802
27426 2802 1818 1830 5574
27427 4727 2802 1818 4729
27428 3300 3303 6966 6967
27429 3302 3306 3303 3308
27430 3091 6772 6861 6884
27431 3303 6966 1886 3306
27432 1919 1916 6967 6153
27433 6153 3997 1987 1966
27434 5985 1027 3698 5418
27435 6225 5985 1057 1088
27436 6225 5985 1088 6227
27437 5874 486 5406 5320
27438 5985 1088 6227 1028
27439 6131 3698 1027 6132
27440 5994 5987 490 5990
27441 4055 4142 4057 4056
27442 3525 5987 5981 3524
27443 3554 474 480 479
27444 5994 490 5987 485
27445 5987 490 5990 495
27446 3567 5369 3569 112
27447 5987 495 5990 494
27448 5187 4027 3524 5749
27449 6077 6091 6509 4497
27450 4288 4120 4063 6811
27451 6797 6225 6836 1103
27452 4139 6931 6914 7057
27453 4537 5249 5250 5061
27454 4840 4052 7112 4842
27455 6931 7057 1481 6914
27456 3519 3803 3489 3521
27457 6195 6473 6839 6258
27458 6839 6473 1144 6258
27459 6839 6258 1144 1120
27460 6530 6636 6839 6633
27461 6223 6633 6839 1263
27462 6848 7212 1291 1414
27463 1316 1291 6156 6689
27464 4480 7167 4482 6864
27465 7167 6864 4694 1837
27466 7167 1837 4482 6864
27467 4742 6262 7007 6084
27468 4737 4313 4734 4124
27469 6347 618 3277 634
27470 3278 7272 2403 2414
27471 4792 5214 5254 5294
27472 5214 5215 636 5216
27473 6347 7070 4611 634
27474 619 3277 603 602
27475 6069 3277 2391 5216
27476 651 650 667 5214
27477 6656 4290 5281 6234
27478 5540 6607 6734 6103
27479 5220 6230 5298 6657
27480 6604 6640 949 941
27481 6272 6268 6673 2155
27482 6269 6673 6267 7181
27483 5774 4005 4007 4004
27484 4290 6667 6656 970
27485 4290 6667 5290 6234
27486 4545 4562 4561 5094
27487 5868 6989 6727 6893
27488 4960 2186 4914 2150
27489 4960 6186 2262 2307
27490 4960 2307 6185 6186
27491 5868 5866 6727 6989
27492 4960 2150 4959 2218
27493 4960 4959 6185 2218
27494 7049 5803 5572 4959
27495 4886 4113 3437 3174
27496 3174 6355 2322 2230
27497 2664 2666 4115 5273
27498 6769 4724 1788 5596
27499 329 5272 335 5265
27500 6769 1765 5595 5596
27501 4734 4739 6737 4738
27502 6737 1807 4738 1797
27503 6725 6312 6376 5261
27504 6311 5206 2156 2194
27505 5479 4042 6354 6801
27506 4176 6521 7056 5742
27507 2228 6354 2157 6326
27508 5388 5952 671 2882
27509 3498 6915 4798 7072
27510 6915 2066 7072 5928
27511 6915 6897 2001 7060
27512 6897 2040 6562 6915
27513 2007 6897 2040 6562
27514 5917 3311 3630 5921
27515 4364 6009 7132 6010
27516 6084 6262 7007 7028
27517 3778 5851 5850 5955
27518 4534 5146 5933 5954
27519 3628 4603 3311 5959
27520 3776 3778 4531 5849
27521 4020 4489 4490 3876
27522 7074 7125 2324 2284
27523 7263 7233 7234 2264
27524 4180 6012 4763 4487
27525 2324 2264 2292 7234
27526 7234 7252 2289 7125
27527 5968 3048 5425 6421
27528 3219 3938 2699 3212
27529 3877 3876 4260 3874
27530 3516 5995 5564 4315
27531 4588 4665 6956 4586
27532 3886 5071 7066 3887
27533 6097 6093 5652 5651
27534 4456 4822 4754 4749
27535 6237 753 156 155
27536 6095 6096 5786 5631
27537 6050 1026 4830 6493
27538 5661 4620 4621 4622
27539 3373 2806 6204 6002
27540 6096 6740 1068 4619
27541 6550 1059 5660 1044
27542 2975 5660 5659 6700
27543 6262 6086 6366 7028
27544 861 6719 1086 1624
27545 6550 1044 6700 1067
27546 5893 6616 5684 6719
27547 4907 5097 5098 5531
27548 3643 6032 3689 3632
27549 6202 6183 7194 6186
27550 5801 5668 6716 3640
27551 5668 4753 1064 6704
27552 5668 1085 6699 1070
27553 6716 1070 6699 6533
27554 4019 5801 6699 4449
27555 5668 4753 1085 1064
27556 4786 4784 6255 7215
27557 6539 6761 1305 6538
27558 6539 3146 1305 6761
27559 2676 4199 4202 5331
27560 4011 4505 6176 4006
27561 4837 5603 3596 3045
27562 5770 6575 5630 5518
27563 4507 6177 3082 6669
27564 4505 4507 4701 4006
27565 4380 4378 972 5392
27566 2729 5524 2730 994
27567 6365 6366 5000 6143
27568 4376 4378 5392 5524
27569 4882 7139 1956 4877
27570 7139 4878 2030 4877
27571 4879 4882 4877 7139
27572 3939 5282 3940 6969
27573 4882 5472 1879 4242
27574 6145 6365 7133 4254
27575 397 5509 402 5882
27576 3409 5951 5915 5897
27577 5915 6333 5897 5434
27578 5434 5897 407 408
27579 407 5434 401 5897
27580 5915 5897 406 401
27581 3407 5882 3399 5434
27582 6334 5828 3231 5882
27583 6701 4462 4752 5299
27584 5606 40 5641 5642
27585 4465 5606 5634 5648
27586 4747 4456 4822 4748
27587 5282 5436 6764 4185
27588 5284 4183 6749 2685
27589 2683 2684 2685 6331
27590 3940 1346 3957 1608
27591 5286 6543 1319 1757
27592 4184 6764 1252 1257
27593 4184 4183 6764 4185
27594 6764 1257 5436 1320
27595 5796 5797 4742 6262
27596 5954 5851 1047 4119
27597 4534 5955 5954 5851
27598 5954 1047 5851 1063
27599 5954 1063 5146 1050
27600 5954 1063 5851 5955
27601 5933 1050 6008 1024
27602 4876 6733 6739 6833
27603 6739 6361 1701 6732
27604 6262 7133 4742 7007
27605 1700 6739 6361 1701
27606 2304 5477 1679 2276
27607 1686 1679 5477 6739
27608 6739 1680 6733 1687
27609 4552 3098 4554 3772
27610 6328 608 5495 2401
27611 182 792 6328 5495
27612 5259 5495 2401 6328
27613 5495 6335 806 5259
27614 5485 6327 6353 5262
27615 3745 2710 4850 4847
27616 6199 6186 7273 4898
27617 2485 5006 2501 4995
27618 4996 4997 2469 2485
27619 5006 4997 2485 5663
27620 4909 4943 4908 5557
27621 6251 4887 689 152
27622 7267 6126 6157 2315
27623 2828 3529 5468 2829
27624 5426 6126 2269 6125
27625 2828 3892 6126 2347
27626 6352 6159 3531 7107
27627 6158 3893 611 3892
27628 3771 3892 6126 5468
27629 6490 5859 5847 6377
27630 3340 4850 3745 4446
27631 1356 5365 4514 4530
27632 5365 4530 1356 5408
27633 5365 7009 1416 4514
27634 3472 3473 3475 3477
27635 3478 6787 5317 6404
27636 3744 3741 5317 6330
27637 6370 6385 3480 6787
27638 3744 7044 3743 6330
27639 5066 4030 5067 5065
27640 5072 5064 5899 5066
27641 727 5371 744 6385
27642 5782 1843 6738 5780
27643 4693 5782 6738 5780
27644 5782 1843 5780 1862
27645 5782 1862 5861 1846
27646 5782 1846 5861 5588
27647 5782 6738 1829 4738
27648 6771 5189 5589 5687
27649 4733 5302 5303 5394
27650 5584 2936 1585 1507
27651 2968 1604 7055 1585
27652 3729 2940 2875 2968
27653 5584 2936 1507 1560
27654 5584 6412 1560 1611
27655 7037 1611 7055 1658
27656 6489 2746 3695 2908
27657 5153 43 5730 5638
27658 5607 5730 5153 44
27659 5188 4933 7169 5013
27660 5730 5634 42 31
27661 6572 6575 6573 6715
27662 3347 5121 3345 5120
27663 4226 6772 5122 3652
27664 4894 6551 4901 42
27665 4901 5155 4897 43
27666 4897 5638 42 43
27667 5634 5637 42 41
27668 3101 5859 6629 6628
27669 5372 6251 564 4887
27670 6694 5859 6377 5847
27671 5065 6419 7079 6453
27672 3888 3887 3818 7250
27673 3819 3818 3888 3887
27674 7079 6419 1533 6453
27675 6628 6532 5267 6722
27676 4560 6379 6532 7248
27677 6532 1376 6431 1345
27678 4965 5384 4966 4501
27679 6882 4764 7222 3187
27680 3186 4114 3188 3187
27681 6251 4887 152 557
27682 6694 5859 6628 6722
27683 6955 2103 6972 2241
27684 4868 4871 4865 4872
27685 2063 6133 2043 2103
27686 6972 7255 2241 2164
27687 5617 4815 6146 4813
27688 7040 2124 6972 2063
27689 2124 2164 7040 6972
27690 6682 6681 2378 2368
27691 4775 5397 6688 1105
27692 6688 5497 1087 6534
27693 6341 4776 6688 6613
27694 6339 6613 6341 6688
27695 6688 6534 1087 1067
27696 5767 916 6564 921
27697 6339 6340 6341 4177
27698 6425 6719 6687 5397
27699 5859 6628 6722 6629
27700 5197 3241 3263 4108
27701 6201 7236 7247 7147
27702 5006 5197 5008 5005
27703 5197 5008 5005 3241
27704 6781 4878 2232 2236
27705 7139 2125 4878 2236
27706 7139 4877 2030 1956
27707 5235 5136 5551 5531
27708 3920 3085 1636 3933
27709 7093 6945 5057 6943
27710 5136 5236 7093 6943
27711 4264 4296 1306 3790
27712 3565 5614 4253 4252
27713 3349 6136 5616 5457
27714 6118 4580 5138 6907
27715 4264 1333 5439 6383
27716 4264 1309 5439 1333
27717 3790 4264 4294 6383
27718 4663 7202 1959 2005
27719 7202 2650 2005 4663
27720 2652 7202 2650 4416
27721 6987 2651 2650 4398
27722 2003 4663 2005 2034
27723 4663 2005 2034 2650
27724 2650 6987 2039 2034
27725 4754 6717 1100 1110
27726 4822 4754 1078 1093
27727 4754 1100 6717 4753
27728 4754 4822 1078 4749
27729 5949 5923 1124 1142
27730 6299 5949 1753 5923
27731 292 1758 1259 5473
27732 6348 5845 5949 5972
27733 5949 1760 1142 1759
27734 5949 1760 1752 1753
27735 5450 1053 6668 1073
27736 5473 7068 5949 1752
27737 5453 6827 1165 1233
27738 5762 372 378 5761
27739 5791 999 5816 1006
27740 6803 5759 2797 4377
27741 5473 6348 5942 5845
27742 4380 2798 972 979
27743 5140 5515 5768 6573
27744 5804 1029 6668 1053
27745 5605 6668 1029 1042
27746 3767 2120 3768 3769
27747 3767 3768 2157 2194
27748 3767 2156 6545 5206
27749 3767 2156 5206 2194
27750 5205 3767 2194 3768
27751 5480 5261 5476 5478
27752 5207 5209 3767 5590
27753 5473 1166 5949 5845
27754 2051 3769 2117 5590
27755 3767 2157 3768 2120
27756 4725 6872 1824 6705
27757 5594 6737 4313 4734
27758 4725 1808 5627 6705
27759 3023 6882 7222 4735
27760 6808 6110 6226 1081
27761 6110 6033 1066 1052
27762 3696 5320 6135 3698
27763 6301 5655 6846 4831
27764 5299 1041 6846 6704
27765 4832 5299 36 4831
27766 4832 6097 5651 5229
27767 6432 4828 6934 7140
27768 3690 6426 6018 6428
27769 4827 5011 5212 5190
27770 5473 1142 5949 1166
27771 6592 5183 2459 6593
27772 6409 5584 6410 7055
27773 6428 6591 6426 2408
27774 6390 6346 5215 668
27775 6314 604 2352 605
27776 6320 6800 6326 2270
27777 6320 2271 5386 2319
27778 6320 6326 2227 2270
27779 4040 6320 6800 6326
27780 6801 6326 2228 2227
27781 6390 6346 3268 3269
27782 4774 5952 686 670
27783 4918 4037 4034 4043
27784 5485 5478 5476 5262
27785 6576 5645 6346 5459
27786 4774 6440 4773 701
27787 6346 685 3268 701
27788 7205 6980 1362 1426
27789 5473 6542 1751 1758
27790 7206 6980 7157 1362
27791 4965 3715 5349 5328
27792 4718 4778 4758 4745
27793 3716 6988 7205 6981
27794 4159 6743 4196 6659
27795 4745 4718 4720 3453
27796 7002 7010 1659 4306
27797 7010 1659 7001 7002
27798 5318 3405 3861 5639
27799 3861 3411 5951 3859
27800 6755 7002 1611 6902
27801 7037 7002 6902 1611
27802 4362 3726 2526 2542
27803 3706 6418 3727 3726
27804 6960 3707 6681 6961
27805 1727 3119 1720 3120
27806 3725 3727 4362 3726
27807 6175 6853 6664 1379
27808 4204 1413 6731 1261
27809 6103 5290 5291 5293
27810 6175 6853 1289 6679
27811 6731 1207 6858 2730
27812 6650 4510 974 4704
27813 6665 6496 1619 5297
27814 6604 956 6656 955
27815 1004 997 996 5296
27816 3861 3411 5319 5951
27817 6388 5432 2305 7250
27818 6492 6389 6222 2314
27819 6222 6389 2348 2314
27820 6222 6293 2376 2398
27821 3481 5432 3475 3844
27822 3457 6293 3477 6222
27823 5460 3476 3477 6293
27824 6293 2853 6306 2399
27825 6011 4413 5333 4687
27826 6369 2086 5690 2160
27827 6164 2230 6369 2160
27828 3609 4885 4884 4887
27829 3484 2086 6163 5689
27830 4415 3484 6163 5689
27831 5689 4931 6369 5690
27832 4927 3482 6196 3483
27833 3450 4883 4931 4928
27834 4928 7159 3452 6491
27835 5333 4413 547 6034
27836 3483 6180 527 534
27837 4284 5430 6812 5900
27838 3115 6921 3122 5884
27839 3179 3180 7173 6501
27840 4805 6947 4802 6851
27841 5763 3347 4631 6136
27842 3857 3861 3858 3859
27843 5977 6698 6415 6674
27844 5452 5759 5453 5450
27845 5791 5762 6668 5816
27846 1073 1007 1006 5816
27847 5791 5816 6668 1042
27848 1073 270 1006 269
27849 1042 270 1006 1073
27850 6803 2799 5447 5452
27851 7253 7271 2361 5062
27852 7253 4168 2298 4209
27853 7253 2261 7269 4209
27854 6591 6428 2394 2408
27855 6429 4161 2363 6934
27856 3993 6592 6593 5183
27857 3690 5567 6432 6428
27858 4026 4029 4138 7226
27859 7226 3524 114 5671
27860 7226 114 3524 115
27861 4026 4028 4063 4138
27862 4029 7226 115 5988
27863 3108 3105 3109 3107
27864 2909 2703 2624 4286
27865 6038 4604 4603 85
27866 4029 5988 6004 6033
27867 6673 2272 5581 5539
27868 6298 7230 5581 7181
27869 6673 2235 5581 2272
27870 5581 6296 5582 2251
27871 7230 5581 2222 6296
27872 3078 3079 3081 4508
27873 5518 360 5517 365
27874 3244 3879 4492 6286
27875 5716 5750 5518 355
27876 355 5518 5716 354
27877 5515 5656 5518 5517
27878 3102 6904 6282 6488
27879 4922 6373 6372 6067
27880 4551 6408 4553 6406
27881 3619 4917 5023 3618
27882 5820 5819 7264 7199
27883 5823 7249 2212 6451
27884 4983 4982 7249 6451
27885 3857 3410 3164 3861
27886 4238 4614 4239 5883
27887 2976 2974 923 918
27888 908 6551 903 6559
27889 6531 6534 6692 6550
27890 5818 6599 2976 912
27891 5907 5802 5642 4896
27892 6090 6825 2883 2723
27893 4362 2558 3726 2542
27894 4362 6825 2559 2543
27895 2883 2544 6825 2528
27896 2883 6825 2560 2723
27897 3727 2510 3726 6418
27898 3771 5692 3823 5426
27899 3780 2897 2823 2945
27900 5993 6729 7122 4758
27901 4927 6166 6928 6034
27902 6164 5693 2233 2160
27903 2233 6164 5426 5693
27904 6164 2160 6369 5690
27905 3174 2230 3437 4932
27906 6352 4888 6232 6471
27907 6745 6747 6748 2081
27908 4355 4957 4393 6286
27909 5542 4223 4844 5544
27910 3691 6980 6880 7157
27911 6748 2109 6964 6744
27912 6745 6747 2081 2116
27913 3693 5886 5543 4844
27914 4042 4039 5952 5479
27915 3408 3160 2831 3164
27916 5952 5475 2882 5479
27917 749 6440 5380 750
27918 3912 6515 5379 6485
27919 6576 5645 5459 6577
27920 6483 6466 6484 6541
27921 4772 3912 5379 5381
27922 6514 4041 3910 4042
27923 5953 702 6439 718
27924 3909 6535 4672 6322
27925 3922 3119 4713 4706
27926 5437 6561 6794 5334
27927 6058 6609 6059 1825
27928 7119 4767 4766 6479
27929 6058 1798 6609 1825
27930 6058 5627 1808 6705
27931 6609 1798 5627 5591
27932 6058 5627 1798 1808
27933 6600 6609 1809 5376
27934 5533 6609 5541 6058
27935 4726 5597 6479 5534
27936 7236 7147 2313 7247
27937 7235 5573 7236 5904
27938 7236 7247 2313 2274
27939 4712 6364 6781 7111
27940 5903 7247 7236 7170
27941 4947 5234 4715 5586
27942 5369 3569 112 5959
27943 5369 113 3524 5671
27944 3552 3569 5369 5959
27945 3567 489 5987 113
27946 3567 5369 113 5987
27947 4118 4117 4119 4534
27948 3567 484 5987 489
27949 3868 6798 6348 5844
27950 5395 1826 2664 1800
27951 2664 2802 1815 1830
27952 5265 330 4729 335
27953 4691 5265 2802 4729
27954 2666 2663 2664 5303
27955 5273 2664 1781 1800
27956 2664 2665 2666 2802
27957 4115 2664 4739 5303
27958 1826 1904 5395 2801
27959 6251 564 4887 557
27960 5599 1797 4738 1812
27961 5395 5599 5588 1812
27962 4589 5588 5599 4738
27963 2664 5273 4739 1800
27964 6882 4736 4115 4735
27965 6213 4283 4282 6383
27966 6213 1464 6212 6215
27967 4808 4024 4014 7246
27968 6212 5065 5553 5862
27969 5975 3384 5944 6238
27970 3383 5961 3385 3370
27971 3857 2616 3859 2923
27972 443 6238 3384 3369
27973 3369 6238 3384 3383
27974 5962 5940 1058 5923
27975 6822 1058 5940 5923
27976 429 5964 430 2674
27977 6723 5474 3140 6321
27978 3141 6535 3140 1478
27979 3141 3139 6723 6554
27980 3140 6321 1616 6535
27981 6620 1801 6336 1831
27982 6652 6620 1831 5548
27983 5087 3231 6109 5882
27984 76 7121 6978 77
27985 4048 4712 4715 4878
27986 3652 1169 1189 6804
27987 1189 3652 3009 1147
27988 1211 6773 1236 3009
27989 6804 3009 1211 1189
27990 3017 1147 3009 3652
27991 3009 6773 1236 1210
27992 3009 2971 1187 1147
27993 3011 3017 3009 3652
27994 4071 3935 4077 4070
27995 3117 1734 3120 1727
27996 3120 4350 4349 1719
27997 3120 4349 1720 1719
27998 4715 6781 7139 4878
27999 1734 5287 1741 3118
28000 1740 1741 1733 5287
28001 5918 4986 7264 5820
28002 2883 4350 306 2528
28003 3505 302 2592 2576
28004 5807 3251 5330 6245
28005 3475 5432 6388 7250
28006 3476 6492 6222 6293
28007 4099 4132 4998 4106
28008 3457 5432 2374 2398
28009 6985 7175 6684 6357
28010 3479 5305 6403 6393
28011 6343 7088 6393 5371
28012 3473 6389 5432 6222
28013 7161 7193 7160 1970
28014 7161 1977 3223 7129
28015 7161 7129 1948 1977
28016 6825 6982 2723 6090
28017 3726 2734 3725 2908
28018 4440 4279 4439 6380
28019 3725 6489 3726 2908
28020 6982 4306 2734 2723
28021 4205 5405 6990 4784
28022 2723 4362 2559 2734
28023 6090 6953 3922 3120
28024 4362 3726 2558 2734
28025 4362 2510 2527 2526
28026 2527 2511 3727 6825
28027 2271 5385 2380 6801
28028 6724 5262 6353 2321
28029 6801 6320 2227 2271
28030 6801 2227 6320 6326
28031 4042 6354 6801 6326
28032 6801 6320 5386 5388
28033 6801 5386 6320 2271
28034 2277 6312 2228 6724
28035 3484 5689 6369 2086
28036 520 3437 3483 4825
28037 4687 6163 4415 3484
28038 3484 6369 2162 2086
28039 6203 6163 3484 2122
28040 3484 2162 6369 3437
28041 5670 6415 5984 6811
28042 4716 4142 6812 4284
28043 6415 1095 6811 6117
28044 4289 4057 4142 6116
28045 6171 4642 4641 4643
28046 4641 5018 7240 6173
28047 3012 3088 4454 3017
28048 5175 4458 5247 4461
28049 5173 7016 5565 6983
28050 4471 2179 4461 4469
28051 6911 4314 6910 4936
28052 3516 4314 5997 5995
28053 4314 4936 6911 7071
28054 7263 2292 7090 7117
28055 5804 1053 5450 5449
28056 5450 5449 1053 1116
28057 5453 5451 1116 1165
28058 978 2796 2797 2798
28059 6803 5816 5450 6668
28060 5450 5816 1073 6668
28061 5398 6837 3084 6827
28062 4143 2800 3186 2663
28063 6683 5515 5516 5517
28064 6069 2407 6315 5216
28065 6315 6800 2270 2316
28066 6069 6066 6350 2316
28067 6314 620 5216 604
28068 6390 6346 5646 5215
28069 6390 3268 669 653
28070 6996 6320 2270 6800
28071 6314 620 621 637
28072 6316 6996 2352 6315
28073 6996 5386 2377 2319
28074 2377 6996 6316 5386
28075 4040 6320 6996 6800
28076 6996 6315 6800 2270
28077 4411 4928 7212 6928
28078 7159 6254 5466 6166
28079 6790 7212 6474 1414
28080 3516 4137 4315 5564
28081 6195 6036 4413 6034
28082 5466 590 1623 589
28083 6233 1650 6790 1645
28084 1645 1623 6789 590
28085 3923 3957 3118 3958
28086 3940 3958 1351 1608
28087 3923 3957 3940 3928
28088 1408 7104 3928 3957
28089 3957 7104 1667 1408
28090 3516 4315 4137 4314
28091 7043 7238 1569 7190
28092 7080 7043 6584 7030
28093 6584 7043 6585 1497
28094 6584 6585 1471 1497
28095 7043 1490 7030 7032
28096 7043 1490 7032 7190
28097 7043 7238 1550 1569
28098 6917 5523 1243 6892
28099 6917 1221 6777 1275
28100 6260 6917 6919 6892
28101 6917 6777 6875 1275
28102 6917 6777 1221 6666
28103 6777 5618 5787 1227
28104 6856 6777 5787 1246
28105 7220 4959 2182 7049
28106 7220 5502 6655 2181
28107 7220 4959 2145 2182
28108 5488 7220 4959 5487
28109 3516 4135 5997 4314
28110 5600 5598 4735 27
28111 4739 4736 5273 4115
28112 4739 5599 5303 2664
28113 5998 3516 3515 5997
28114 6470 6479 5594 4766
28115 6769 1800 5599 4739
28116 4739 5595 5273 4736
28117 5817 5808 5579 3623
28118 6406 2052 7126 2087
28119 4558 7126 4551 6406
28120 6406 6408 6313 2115
28121 5822 6406 2075 6407
28122 6629 6722 6693 6799
28123 5221 5224 6511 6860
28124 7126 5590 2087 7127
28125 6592 2408 6591 2397
28126 2369 2343 6429 6594
28127 6594 2368 6682 2409
28128 6682 2409 5191 6594
28129 3993 3994 6594 4162
28130 5191 2409 6682 2444
28131 6426 6428 2408 2442
28132 7055 5584 1584 1611
28133 7055 1584 5584 1585
28134 6410 7055 4522 7276
28135 3695 5178 7276 6410
28136 2746 7037 1658 1633
28137 5584 1611 7055 6409
28138 3516 5999 7265 5996
28139 5568 5281 2481 2497
28140 6060 2514 4291 2498
28141 6061 5583 6646 5539
28142 2465 5281 5568 6235
28143 6234 5568 4291 5281
28144 4291 6065 2530 2514
28145 2483 6060 5664 6063
28146 4700 6606 6272 6271
28147 6494 4290 6667 5290
28148 6298 6063 5664 6062
28149 7275 6065 2546 2530
28150 3939 5283 5284 2684
28151 4710 4713 4714 3119
28152 3923 3957 3928 7104
28153 6168 5285 1722 2684
28154 4245 4881 6345 4882
28155 3923 3958 3117 5288
28156 3119 1714 4714 1721
28157 3119 4706 4710 4713
28158 5285 1722 2684 1729
28159 1721 1720 1728 3119
28160 3457 7018 2374 3844
28161 6293 3457 2398 6222
28162 5564 5999 7265 3516
28163 6222 5432 3477 3457
28164 3457 5432 2398 6222
28165 3457 7018 2406 2374
28166 3913 3457 2406 2398
28167 3457 5163 6293 3913
28168 5359 5438 834 188
28169 5359 6484 834 6442
28170 189 5363 5359 736
28171 7130 6596 1811 3031
28172 6596 5855 1811 1796
28173 4342 7130 6596 5855
28174 6568 5911 5856 6122
28175 6121 5911 1770 105
28176 4337 6121 6309 5912
28177 6579 5793 861 226
28178 6579 5893 5760 847
28179 3074 3488 4781 3077
28180 5022 5877 5020 6021
28181 6687 6616 6564 6625
28182 1043 5793 1624 1035
28183 6546 6677 6708 7211
28184 6625 5815 1035 925
28185 6354 6801 6326 2228
28186 3909 6322 6430 6321
28187 3909 4674 6322 4672
28188 5480 6871 5261 6310
28189 5031 6917 6875 6919
28190 5983 7144 6728 7172
28191 6917 5523 1221 1243
28192 3043 5674 5603 6865
28193 6728 7172 7144 2020
28194 6924 6728 1967 6729
28195 3525 3524 5369 5987
28196 3805 6197 3804 6530
28197 3077 6817 6198 6696
28198 3525 3566 5987 3567
28199 6530 6836 6193 6258
28200 3554 6274 5874 6085
28201 5994 5990 490 491
28202 4589 4124 4734 3023
28203 4736 27 4115 4735
28204 5272 4736 5273 26
28205 5272 4736 4115 5273
28206 4739 4738 6769 6737
28207 5595 5273 26 25
28208 4339 3588 1817 5340
28209 4339 1849 5340 1817
28210 4339 4335 1849 1827
28211 4339 4338 4335 1827
28212 6487 1586 3827 5242
28213 6487 6444 1676 6461
28214 6444 1675 1676 1630
28215 6487 1586 5242 1657
28216 3733 3741 3761 5467
28217 6329 772 771 755
28218 5467 3530 692 3783
28219 3826 5242 6487 3827
28220 3742 6815 3762 3743
28221 6159 3783 707 708
28222 3824 6444 6329 6487
28223 3762 1675 6815 3782
28224 6159 707 6399 691
28225 3762 772 1673 6329
28226 6716 1056 3640 1049
28227 6716 1070 6533 1071
28228 6716 5668 1049 3640
28229 6716 5668 6699 1070
28230 6716 6700 1071 6533
28231 5506 6843 4312 1235
28232 5506 4312 1193 1235
28233 4543 6843 5506 5836
28234 5506 5507 1154 1193
28235 5039 6814 6959 7241
28236 4110 3599 2981 4141
28237 5374 5375 5727 5615
28238 5679 5727 3542 5621
28239 3542 5727 5615 5621
28240 6524 6601 1802 6602
28241 6774 5376 5375 6601
28242 6774 6528 3542 5375
28243 3539 5375 6524 6601
28244 5613 5679 3546 3541
28245 5375 5376 1776 1802
28246 5545 6600 6528 5376
28247 6465 4034 4918 6500
28248 4118 5670 4288 3599
28249 5225 5226 667 683
28250 6576 6481 6500 6577
28251 4037 6807 4918 6405
28252 6546 6677 7211 6278
28253 4700 4504 6624 6662
28254 6546 5020 4418 6021
28255 2530 2531 2514 6395
28256 6062 6063 6061 5583
28257 6061 6063 2483 2467
28258 6500 4770 1477 1511
28259 731 5459 715 7025
28260 7025 6457 731 5459
28261 4864 5254 7070 4861
28262 764 6481 6482 1654
28263 6530 6797 1120 6636
28264 6836 1057 5418 1090
28265 6836 1090 6258 1120
28266 5945 3384 86 5906
28267 6038 5945 85 86
28268 4604 3384 5945 5944
28269 1050 1024 5933 5954
28270 5708 5407 5709 6612
28271 6765 3072 6627 4258
28272 4602 5982 5933 5945
28273 3728 2704 4717 4716
28274 6019 5911 106 77
28275 5912 6680 107 5913
28276 2646 5921 5922 5486
28277 6121 105 5419 5912
28278 6121 5912 5911 105
28279 5912 5911 105 106
28280 6122 5912 6019 5911
28281 5124 6208 3033 6823
28282 2870 3228 3230 3235
28283 6926 1942 6899 6927
28284 1985 6926 1942 6899
28285 6927 6712 1893 1912
28286 6927 7185 1930 1893
28287 3244 6286 4492 6285
28288 6927 5966 1973 7185
28289 6713 6712 6927 1912
28290 6927 1930 7185 1973
28291 3681 3683 3682 3688
28292 5740 6723 6554 3141
28293 6721 6535 3141 1478
28294 6595 1615 6721 3141
28295 3141 3140 1646 1478
28296 6595 5257 858 865
28297 6721 1478 3141 1615
28298 4174 3388 4175 5738
28299 2827 5708 4297 5844
28300 4612 1823 5635 6570
28301 4612 6621 1813 6978
28302 5624 4612 6621 6257
28303 5161 2643 5087 5090
28304 4612 1852 5635 1823
28305 4298 6612 5708 6615
28306 4258 6765 7195 6627
28307 1942 6927 1912 1960
28308 4294 4989 3971 5979
28309 6813 6005 5978 5857
28310 1873 6711 1912 6712
28311 4496 466 5326 467
28312 2706 2978 3638 2704
28313 3348 4267 3418 4277
28314 6015 4496 6078 466
28315 6076 4333 5340 4339
28316 5528 5341 524 5338
28317 7040 2063 6972 6133
28318 4631 6075 7040 7039
28319 6677 5210 3560 5457
28320 6118 7209 7006 6805
28321 3244 6286 6285 4957
28322 6118 6937 7209 6805
28323 5079 4588 4665 6956
28324 6136 6972 7255 6147
28325 5161 2643 5090 6754
28326 5087 4612 6978 6621
28327 6019 5911 7121 6569
28328 5087 6109 3231 6978
28329 6019 6109 77 78
28330 6109 78 5090 5882
28331 6978 77 3231 76
28332 6632 5811 2028 2000
28333 6632 6624 2028 5811
28334 5732 2000 6632 2029
28335 6217 6632 5732 3597
28336 3079 2730 5398 4376
28337 5732 1975 3597 2000
28338 2704 4717 4716 4322
28339 4930 6632 6624 2090
28340 4930 945 4661 938
28341 6217 4930 6632 6624
28342 5446 6099 6507 4327
28343 4572 6937 4577 4581
28344 1097 1116 1072 6099
28345 6507 5451 1138 1116
28346 1611 7055 6409 7037
28347 2746 7055 2876 1658
28348 2746 7055 3695 2876
28349 7037 7002 1611 1662
28350 2747 1662 7037 1633
28351 3701 3702 3703 3706
28352 2646 6241 3670 2731
28353 4363 6758 5525 5147
28354 6851 4211 6949 5389
28355 3775 6758 5955 6859
28356 6009 6010 1205 1148
28357 3630 5917 3628 3311
28358 6010 6026 1126 1148
28359 6144 6145 1570 1492
28360 6144 6436 7000 1523
28361 6145 6144 1570 7085
28362 6144 6366 6436 1570
28363 6144 7000 1492 1523
28364 6145 1570 1492 1543
28365 6950 6450 1395 5706
28366 6854 6989 1363 1336
28367 6875 6777 6856 1246
28368 5115 6654 5417 6856
28369 6919 5114 5757 6875
28370 5360 5496 5489 7172
28371 6854 1311 6654 1371
28372 6854 6855 1371 6654
28373 6219 5501 6032 2375
28374 3812 3063 2707 6007
28375 3643 3644 6219 6218
28376 7270 2375 3633 2396
28377 3631 3634 7197 7140
28378 6094 1952 5842 6637
28379 6094 4688 1955 2025
28380 6094 6637 5898 1952
28381 5457 6133 5658 4631
28382 7095 6826 1872 7173
28383 7095 1934 4677 7178
28384 4685 7095 4677 7178
28385 7095 6826 1915 1872
28386 7095 1915 4677 1934
28387 5493 1915 5492 5718
28388 3347 3345 3680 5120
28389 6647 4677 5493 5718
28390 3525 6149 3526 5981
28391 3696 5320 6127 5990
28392 4543 5383 5836 6014
28393 3803 3489 3521 6630
28394 3523 3526 5749 3524
28395 3697 6836 1057 5418
28396 3523 3569 3567 5369
28397 5823 6505 2212 6313
28398 5823 2143 6313 2212
28399 3626 6451 5823 6505
28400 4983 5823 6451 7249
28401 7233 6173 2224 7240
28402 4471 6173 6174 2224
28403 4137 6931 4315 7154
28404 3486 7074 5249 5061
28405 5249 7074 7233 2287
28406 3487 7233 7074 7234
28407 7074 5061 2284 2287
28408 4359 3889 3007 4721
28409 7266 5999 7265 5564
28410 6171 4471 6173 6174
28411 5308 5751 5574 4727
28412 4727 2802 5574 1818
28413 4727 1818 5308 929
28414 4199 7261 5002 5331
28415 3866 7088 6400 1614
28416 6343 6400 7088 1637
28417 7015 1639 7014 1582
28418 7015 1582 7013 1614
28419 5623 5652 5653 5651
28420 5623 5651 35 6493
28421 6436 7027 6374 5003
28422 5800 5623 35 6493
28423 5445 5768 5652 6573
28424 3118 3119 3120 3922
28425 5477 5547 1685 1692
28426 4711 5477 5547 6364
28427 7218 4349 5547 1699
28428 4349 1706 1699 7218
28429 6283 6120 5461 5118
28430 5930 6217 5732 3597
28431 6251 153 721 154
28432 3597 6632 5732 2000
28433 6124 6378 1229 5748
28434 5748 6124 6613 6341
28435 6283 6284 5003 5118
28436 6107 6105 4175 6613
28437 4178 824 3512 817
28438 5738 830 6523 837
28439 5269 4672 5267 4675
28440 5227 4096 5601 6821
28441 5078 6023 6026 6031
28442 4184 5407 6750 1180
28443 4184 6888 1252 6764
28444 6888 1252 5942 1217
28445 5844 5845 6888 5942
28446 1217 6888 1159 5845
28447 5407 1204 6888 1159
28448 6888 1159 5845 5407
28449 5092 6840 6868 6763
28450 5639 3312 5922 3309
28451 3162 3163 3861 5649
28452 4221 3271 5130 5131
28453 5969 5147 1069 6008
28454 5969 1084 5948 1069
28455 4978 4980 4986 4983
28456 2988 3628 4602 3272
28457 5846 1690 103 102
28458 5860 5887 5846 5891
28459 5846 5891 101 404
28460 5145 5340 5841 5341
28461 5145 5529 5143 5341
28462 6644 6207 5842 4343
28463 5841 6645 1885 5340
28464 6645 1849 4339 4335
28465 6645 4343 1866 4335
28466 6645 1866 4343 1885
28467 5340 5341 4610 5841
28468 5841 5340 1885 1908
28469 5841 6645 5842 1885
28470 5840 5842 1932 1885
28471 4947 4946 3927 4053
28472 6154 3203 5701 4218
28473 141 511 1933 140
28474 5840 1932 6094 1955
28475 4425 5898 4421 4424
28476 5145 5841 4610 5341
28477 5840 1933 5841 1885
28478 2850 2848 3555 2844
28479 5343 1933 1955 511
28480 4610 5340 1908 5339
28481 3389 6526 4171 6513
28482 6394 3390 5601 6557
28483 6602 1835 6510 6512
28484 6510 1887 6526 6512
28485 6392 4171 6526 5728
28486 6392 6512 6602 5728
28487 6512 1869 6558 6602
28488 6922 2103 6134 6955
28489 2043 6922 2103 6134
28490 6972 6133 2063 2103
28491 6133 6955 2103 6972
28492 6955 6922 2073 6146
28493 6955 6146 2073 2137
28494 6955 2241 6972 6147
28495 3634 2396 5567 7270
28496 7270 6219 2375 2405
28497 6428 2442 6018 7259
28498 7259 6428 2442 2426
28499 6018 6218 2441 2457
28500 7270 6219 3633 2375
28501 3643 3632 6219 6032
28502 6595 6802 6721 6581
28503 6721 6581 1185 1615
28504 6124 5269 6721 1185
28505 5740 6721 3141 6802
28506 4028 4063 4138 1051
28507 4029 6110 1052 6033
28508 4028 4063 1051 1065
28509 5187 4288 4026 4055
28510 5187 7226 5671 3524
28511 4027 5749 3526 3524
28512 4029 4138 7226 5988
28513 6808 1052 4028 6110
28514 4767 5592 46 883
28515 878 6516 883 5592
28516 6516 6528 5615 5681
28517 6516 5158 883 4767
28518 5681 5615 877 882
28519 5374 5375 6528 5376
28520 5837 1761 390 389
28521 5896 5837 1775 5827
28522 3410 5883 5935 2616
28523 5846 5508 400 394
28524 5833 394 5846 103
28525 5896 1775 5833 1683
28526 5896 5881 1834 5834
28527 4050 4058 4060 4913
28528 5838 390 5837 1762
28529 5833 5837 394 389
28530 4536 4519 4594 4595
28531 4594 4519 1417 4595
28532 5000 5796 4132 4099
28533 4594 1385 4529 1419
28534 1484 6906 4594 4586
28535 4594 4529 1385 1417
28536 4586 1459 6956 1484
28537 1318 4851 6983 4375
28538 4852 2970 1266 1265
28539 4474 5499 4643 6172
28540 4851 1318 4849 4375
28541 6895 2973 1213 1239
28542 6895 2973 4849 4341
28543 3931 4654 4121 3932
28544 4059 4058 4372 5232
28545 3775 5148 6758 6786
28546 3134 4111 3145 3143
28547 5249 5250 2249 4469
28548 7074 5061 4260 2284
28549 7074 7234 2324 7125
28550 5553 1533 6419 6453
28551 6212 1501 3995 5553
28552 7044 5553 3743 1564
28553 3734 3744 3733 3536
28554 6402 5553 1554 6419
28555 4030 6419 6402 5067
28556 4910 4049 5234 5587
28557 5553 1533 6453 6212
28558 5065 5553 6453 6212
28559 6134 6922 6959 2043
28560 3727 4362 2527 6825
28561 5616 6955 6134 6133
28562 3706 6418 3707 3701
28563 3002 1617 3841 1607
28564 6410 4522 7055 5584
28565 3840 3002 1607 1672
28566 6982 4362 3727 6825
28567 2940 3051 3840 3787
28568 2602 1672 280 281
28569 4703 6496 6175 6664
28570 6495 6230 1349 1411
28571 6657 6230 5298 1411
28572 5298 5292 1447 1621
28573 6104 5293 6578 5218
28574 6175 6495 5219 1349
28575 6496 5297 1621 1619
28576 5289 5297 3172 1621
28577 2616 5892 1718 1711
28578 5510 6332 5896 3409
28579 5879 6838 1853 1888
28580 5881 6653 1816 5880
28581 5915 5896 5508 5887
28582 4801 6997 7054 7069
28583 1475 1562 6903 6464
28584 3702 4708 3701 3700
28585 6482 7054 1656 1601
28586 6577 6482 6457 5459
28587 7054 1562 7069 1603
28588 6997 1656 7054 1603
28589 4708 3927 3700 4946
28590 6576 6363 6577 5459
28591 5650 6017 5419 5420
28592 6070 6309 6017 5913
28593 6309 6017 5913 106
28594 5650 3588 6016 6015
28595 6017 460 6070 459
28596 5650 6015 3587 3588
28597 6567 5628 3731 846
28598 6341 6567 4775 4777
28599 6567 6719 3731 6338
28600 6719 6567 3731 847
28601 6719 861 5756 854
28602 5659 2974 37 928
28603 2975 5659 6716 6700
28604 4708 3725 3727 6982
28605 5659 37 3640 1025
28606 5512 6908 6905 5858
28607 5052 7118 6905 6908
28608 6909 7118 6932 6908
28609 6909 6905 7118 6908
28610 3365 2651 4662 5724
28611 5978 5184 6813 6706
28612 3777 5078 5850 6031
28613 4211 6851 6948 6947
28614 1330 6949 1321 1353
28615 6851 6948 1321 6949
28616 6947 1321 1269 1268
28617 6948 6981 1331 1353
28618 4204 6731 2730 1261
28619 988 987 995 4203
28620 4204 4509 4780 4203
28621 6664 1413 6731 4780
28622 6664 6853 6731 1262
28623 4507 6853 6669 6858
28624 3482 3451 6196 4929
28625 6233 1663 5939 1650
28626 6233 6273 1663 1664
28627 6790 6233 6789 7159
28628 6254 3614 3736 3607
28629 6798 7068 5942 6542
28630 7068 6299 6348 5949
28631 7068 6348 5942 5473
28632 6331 2684 1722 1730
28633 1723 4613 1716 6331
28634 3263 1509 5200 1600
28635 3263 3128 1509 1610
28636 3242 3241 2548 5665
28637 5814 4108 3242 5665
28638 3127 3128 2598 2582
28639 3263 3127 1610 2597
28640 3241 2597 1631 2596
28641 5747 4660 5570 951
28642 3188 5309 4323 6367
28643 5570 5747 950 5751
28644 4728 5694 5391 342
28645 3845 2395 7018 2374
28646 5770 3189 354 30
28647 6803 5450 5447 6668
28648 6735 6714 6683 5633
28649 5770 3189 30 4764
28650 5446 5769 5449 5809
28651 4832 4831 36 1026
28652 4832 35 5651 6493
28653 4832 5647 5299 6301
28654 6097 5661 5229 4832
28655 6050 6095 5809 5769
28656 6097 4830 5655 4832
28657 6579 847 6719 5893
28658 225 914 5760 919
28659 5760 5893 904 5503
28660 5767 5793 919 920
28661 5793 6625 925 920
28662 1624 6625 6579 6687
28663 910 5760 909 915
28664 4667 3100 5239 4558
28665 5831 5829 6010 5368
28666 6010 1167 5368 1205
28667 6009 6010 5829 1205
28668 6010 6023 1126 6026
28669 5982 4602 5933 4119
28670 6969 1319 6749 1280
28671 3939 5282 3928 3940
28672 3940 1608 3957 3958
28673 5286 1743 6543 1750
28674 5286 1351 3940 3958
28675 5282 6764 5436 3928
28676 5286 6543 1757 1750
28677 5453 2729 2730 1233
28678 5448 5453 5451 5450
28679 5398 6827 5453 2730
28680 4376 5524 2730 2729
28681 5759 5450 5816 1073
28682 3746 6490 6106 4436
28683 6279 7210 6504 5443
28684 7210 5210 5658 4400
28685 2063 6133 2065 2041
28686 6278 7210 7211 6504
28687 3092 6278 6279 5210
28688 1998 2010 2039 6987
28689 7210 4400 7039 2010
28690 2031 7211 2013 2037
28691 5859 6693 6629 6722
28692 4401 2062 6075 7039
28693 6987 4400 4398 4416
28694 3099 4560 7248 3104
28695 1696 1704 1697 6618
28696 1689 6618 1697 5834
28697 3861 5319 5649 6325
28698 5091 6621 6334 6620
28699 3410 3413 3414 5883
28700 5833 5837 5887 5846
28701 5896 1775 1683 1834
28702 3535 6306 6294 3476
28703 7267 2349 6306 2371
28704 7267 6294 3534 6306
28705 2829 3529 3534 2828
28706 5017 3127 5005 2549
28707 3094 3127 5554 5017
28708 2565 3127 2549 3241
28709 2550 2549 2566 5017
28710 6628 4668 5267 6532
28711 3127 2582 3094 3128
28712 5378 375 5656 370
28713 6968 3099 7248 6628
28714 5791 5762 5816 999
28715 5378 5656 371 370
28716 5378 5657 380 381
28717 380 5378 375 5623
28718 5768 5623 5653 5656
28719 5657 380 5799 5378
28720 6629 6722 7248 6628
28721 6714 5656 5623 5768
28722 6828 3147 6830 1350
28723 4386 6828 6830 6829
28724 4386 6828 3146 3147
28725 6828 6829 1384 1350
28726 4702 6731 6664 6853
28727 6664 1262 6731 1413
28728 6664 6496 1379 1619
28729 6664 1379 6853 1262
28730 4700 4504 6867 4510
28731 6175 1379 6664 6496
28732 4503 974 4510 4203
28733 6799 6629 6722 7248
28734 6994 2326 6304 2353
28735 6994 6993 2339 2353
28736 6994 6304 2326 2327
28737 7227 6994 5784 2339
28738 5784 7142 4435 7227
28739 4256 6994 6993 5784
28740 5567 2394 6432 6428
28741 3632 7140 5567 3634
28742 5567 6432 2394 2404
28743 6018 6218 2425 2441
28744 3646 2504 5237 3644
28745 2456 3645 2473 6218
28746 2396 5567 7270 2412
28747 6480 3459 3278 4611
28748 6458 5037 4436 6490
28749 5843 3617 6066 3626
28750 4923 6067 6068 7272
28751 3278 2391 2403 6068
28752 2413 2391 2403 3278
28753 6347 4611 633 634
28754 3459 6347 633 617
28755 4771 5380 6481 4773
28756 6481 5380 765 749
28757 6515 4770 4772 5379
28758 6500 6405 1445 1477
28759 6500 1477 4770 6405
28760 4916 5500 6800 5462
28761 6500 6427 1445 6405
28762 5379 4772 5381 4769
28763 6823 6206 1863 6208
28764 6117 4288 6811 6415
28765 5383 4543 5836 6843
28766 4218 3637 5022 5020
28767 3115 4418 5020 5877
28768 5769 5809 5804 5449
28769 5446 6099 5809 5449
28770 5804 5809 1053 5449
28771 5769 6493 5652 5623
28772 5809 1072 5449 6099
28773 6591 6432 2369 2394
28774 6591 6594 2397 2369
28775 6591 6432 2394 6428
28776 2397 6594 6592 6593
28777 6429 6591 6432 2369
28778 3647 3679 3838 3649
28779 3645 3644 2488 2504
28780 5011 5190 3679 2506
28781 3646 2504 5081 5237
28782 2472 3645 2456 3644
28783 2570 3838 2586 3787
28784 3993 6594 6429 4162
28785 2272 2299 5539 5538
28786 5581 6673 5537 7181
28787 5538 6269 5537 6673
28788 6656 6604 955 6734
28789 6671 968 6270 961
28790 5540 5538 5539 6646
28791 5540 2323 5538 6646
28792 6106 4436 6458 4437
28793 6670 2977 6564 2976
28794 6616 6579 6719 5893
28795 5767 6616 6564 916
28796 5654 5767 916 6616
28797 6566 5654 6616 5893
28798 7233 2287 7074 2264
28799 7263 7240 7233 2209
28800 7233 7240 2224 2209
28801 5249 2287 7233 2224
28802 5019 6173 7233 7240
28803 7263 2292 7234 7090
28804 7263 7233 7090 7234
28805 2968 7055 5584 1585
28806 2968 2875 4522 7055
28807 2968 3002 1660 1617
28808 7003 1585 5584 2936
28809 3729 3787 2940 3002
28810 3787 3730 2555 6308
28811 3730 2572 2875 2571
28812 5035 4436 4468 5037
28813 6268 6269 6266 6265
28814 3589 3592 4011 3593
28815 4699 4505 4698 4506
28816 3594 5811 5813 5182
28817 6671 6270 968 975
28818 5680 943 55 936
28819 5680 1789 5694 4727
28820 5672 4727 5694 1789
28821 5694 343 5391 342
28822 4689 4727 2802 5574
28823 1818 1789 929 4727
28824 5308 1818 4727 5574
28825 3374 4379 4524 6368
28826 6755 6411 6413 4054
28827 6755 7112 6751 1343
28828 7001 7104 1380 1408
28829 3700 4952 5586 6782
28830 5234 4952 5587 5586
28831 1659 7001 7002 1609
28832 7001 7010 1408 1659
28833 2390 3845 2395 7272
28834 4925 4611 6347 7070
28835 4795 6462 4794 7013
28836 6900 5511 6437 4860
28837 7015 7013 4860 6400
28838 4860 1639 6900 7014
28839 4921 4800 4860 4861
28840 5163 5162 664 3458
28841 6343 6400 6401 3866
28842 5371 6387 775 1638
28843 5739 6581 6124 5740
28844 5257 843 6554 6870
28845 6521 816 7056 823
28846 5742 822 6521 823
28847 3512 4171 810 6513
28848 5740 5257 6870 5741
28849 4857 4275 4265 4264
28850 4857 1235 6843 1251
28851 4265 4857 4296 4300
28852 4857 1254 4296 4300
28853 7229 7247 2220 4898
28854 4899 4900 7229 4898
28855 2758 3917 2764 6477
28856 5903 7235 7170 7236
28857 7142 5784 4435 4993
28858 7007 1571 7028 6366
28859 6933 7007 1547 1526
28860 7007 7085 1547 1587
28861 7028 6084 5313 7007
28862 3749 4432 4429 6106
28863 6702 6703 4442 1118
28864 3549 5253 3443 3444
28865 3130 4293 3930 4352
28866 3850 6400 6476 3866
28867 2792 4095 6055 5541
28868 3540 6392 3546 6555
28869 6466 768 5363 5362
28870 3721 5035 5037 4436
28871 2928 2677 3249 3246
28872 752 736 6466 5363
28873 5363 5359 6484 848
28874 6484 5363 6466 5359
28875 6541 5363 855 5362
28876 768 5362 192 191
28877 2084 5563 2022 6759
28878 4098 6161 6055 6162
28879 6819 2022 6759 6926
28880 6195 6848 6839 6473
28881 6848 1414 6473 6474
28882 6491 7159 7212 4928
28883 6223 1291 6848 6690
28884 6848 1208 6839 6473
28885 6774 5376 5545 6528
28886 5156 7064 6477 4766
28887 6394 4095 6558 6821
28888 4754 5794 1093 4822
28889 4748 5794 4822 4823
28890 3086 3088 3015 4226
28891 4836 7149 6635 5181
28892 1110 5794 1093 4754
28893 4751 5794 5123 5122
28894 4751 1110 5794 5122
28895 5794 4823 1127 1093
28896 3336 4356 3501 3503
28897 6153 3303 1919 3301
28898 3300 6153 3303 6967
28899 4491 5274 5024 5025
28900 3087 2880 4433 4466
28901 4491 5274 6525 6894
28902 4491 6396 6894 4341
28903 4491 6894 5024 5274
28904 5024 1150 3014 4453
28905 6856 1246 5787 1282
28906 6856 1282 6857 1342
28907 5033 6856 6777 5787
28908 6856 1342 6857 6654
28909 6311 2229 6312 2194
28910 5205 6311 2194 5206
28911 5382 4176 7056 6513
28912 6311 2033 5382 2416
28913 2416 787 6725 2229
28914 5382 6522 6513 2033
28915 5382 6310 6311 6725
28916 5374 1767 5375 1776
28917 5263 6528 5615 6516
28918 5681 6516 877 5615
28919 5520 3542 5615 5621
28920 3543 3545 890 5676
28921 3542 6528 5676 5615
28922 6774 6601 5541 5376
28923 3545 5766 5697 5698
28924 5223 4098 4096 4095
28925 5699 3266 3543 3545
28926 2778 6221 574 6036
28927 1144 581 2849 2778
28928 2778 6473 6258 1144
28929 6195 2778 6193 6036
28930 6197 6258 6193 6195
28931 2778 6473 1264 6221
28932 2778 6473 1144 1264
28933 6286 6940 6525 6942
28934 4721 4720 6776 4719
28935 3044 3045 3046 4525
28936 4992 4720 4721 3453
28937 6562 3502 4796 3499
28938 4010 5029 7258 4013
28939 6895 6930 4341 4068
28940 4068 1354 6940 4070
28941 6930 6940 1328 1317
28942 4070 1354 6940 1348
28943 4069 4070 3935 4071
28944 5569 714 730 713
28945 730 5569 6437 5511
28946 6342 1639 6900 4860
28947 4010 7258 5029 4332
28948 6360 6385 712 728
28949 5980 6924 6728 6736
28950 4525 3045 3595 6849
28951 4085 5355 5577 5353
28952 3020 2810 4146 4592
28953 6924 1972 6728 6736
28954 6945 7093 1596 6943
28955 3920 7274 1598 3056
28956 3839 3840 3787 3002
28957 3842 1583 7092 1596
28958 7274 3056 1597 1598
28959 3646 4600 2536 2552
28960 3646 5081 2520 2536
28961 3920 3649 7274 3056
28962 6218 3645 2473 6018
28963 3643 3646 5237 3644
28964 3648 7274 3920 3649
28965 6464 7054 1601 1562
28966 4003 4406 4835 5980
28967 2690 3029 2692 2700
28968 6481 1654 4770 1511
28969 7072 4799 2105 4798
28970 7208 7183 2138 2152
28971 6172 7208 4799 2152
28972 4008 5031 5030 5033
28973 7208 2066 7072 2106
28974 7072 4644 4990 7208
28975 6172 2190 6174 7183
28976 6911 6931 7057 6910
28977 6292 3010 6773 6804
28978 3009 6804 1211 6773
28979 6804 1260 6772 1191
28980 6773 6804 1211 1260
28981 4001 4011 5182 4004
28982 3775 5148 6786 7132
28983 3895 3900 3899 4518
28984 6171 4471 6174 6172
28985 4471 6172 2190 6174
28986 4084 4391 4653 6260
28987 5473 6542 7068 1752
28988 5845 5949 5473 6348
28989 5473 7068 6542 5942
28990 2683 7068 6542 1737
28991 6542 7068 1745 1737
28992 1745 6542 1744 1752
28993 2683 5875 7068 4613
28994 2614 1738 4613 1731
28995 6348 5942 5844 6798
28996 5284 6969 6749 6764
28997 5282 3940 6764 3928
28998 6969 3940 1280 6764
28999 3939 5284 6969 2684
29000 6294 6492 6306 2349
29001 6492 2314 6222 2376
29002 6492 6306 2349 2399
29003 6294 3476 6306 6492
29004 6949 7005 1352 1296
29005 6949 5389 1296 1268
29006 6949 6948 1353 5349
29007 4211 6949 6948 6851
29008 5022 6814 6824 6020
29009 5043 6814 7193 6824
29010 4838 5603 5980 6663
29011 6508 1138 6741 1119
29012 5524 5392 973 4378
29013 6507 5669 4327 7187
29014 7187 6507 1119 4327
29015 7187 6918 4617 1137
29016 6918 1164 4331 1158
29017 6918 1158 4331 6832
29018 6918 1184 5754 1137
29019 4329 7187 6918 4617
29020 4935 5013 5781 7169
29021 4325 4327 7187 4326
29022 5740 5257 5741 6802
29023 5740 3141 5257 6802
29024 6723 3141 6535 3140
29025 5261 6553 821 822
29026 5741 5743 6870 5740
29027 6723 6554 6553 6870
29028 6723 3140 6535 6321
29029 6553 6554 843 6870
29030 6870 6553 836 843
29031 6849 6563 1926 1944
29032 4143 5302 5394 2663
29033 3595 6849 6648 1944
29034 4524 4523 3186 6368
29035 4525 6849 6563 7138
29036 6849 1926 7138 1880
29037 1880 6849 5347 7138
29038 7258 6669 6651 6837
29039 6882 7222 4735 4115
29040 5081 5238 2535 4600
29041 5238 2535 4600 2551
29042 6200 5084 5083 5088
29043 5017 5080 5098 3094
29044 5554 5017 5097 3094
29045 5235 5531 5097 5236
29046 5238 3094 2567 3089
29047 3703 3701 6962 6782
29048 5481 6434 6962 5441
29049 2511 2510 2527 3727
29050 6960 4952 3703 6782
29051 6780 2382 6962 2318
29052 2250 2199 7244 7117
29053 4733 5141 6882 5302
29054 7223 2211 7098 7262
29055 4035 4043 6350 3624
29056 5294 6069 6350 6315
29057 6069 6066 2316 2338
29058 6069 6315 2316 6350
29059 6069 3277 6068 2391
29060 6069 6068 2338 2391
29061 773 772 1673 3762
29062 7107 6159 3531 6414
29063 6762 1460 7266 6946
29064 1410 1443 6981 6988
29065 4144 4733 5393 5687
29066 4495 6762 7266 6946
29067 6762 1353 6984 1393
29068 7131 6399 5532 6250
29069 6816 6461 3824 5471
29070 5471 1663 5939 6461
29071 6816 5471 5464 5939
29072 7107 4888 6471 6250
29073 3824 6487 6461 6444
29074 7114 1927 6821 6608
29075 3775 4364 5148 7132
29076 6608 4095 6547 6821
29077 4095 6821 7114 6558
29078 7114 6558 1927 1847
29079 7114 6059 1833 1864
29080 6287 3468 6874 6142
29081 5612 4655 5677 5678
29082 5275 5279 5276 5336
29083 5079 6956 6140 6290
29084 5277 6842 5278 7103
29085 7035 5278 2285 7103
29086 4255 7035 5795 5772
29087 5825 5220 5298 6657
29088 5197 5203 3241 5005
29089 3241 2580 2597 2596
29090 4108 1600 3263 5200
29091 5200 4108 5197 3263
29092 4108 4109 1632 6231
29093 2580 2596 3241 3242
29094 4071 4074 4072 4069
29095 6875 1246 6856 1302
29096 5360 4893 7172 5489
29097 3775 6026 5078 7132
29098 6950 1302 6875 6854
29099 6875 6919 1275 1327
29100 6875 6777 1246 1275
29101 6950 6450 1327 1395
29102 5757 6950 6854 6989
29103 3020 2810 3021 4144
29104 4013 5788 6669 6679
29105 5788 5787 1255 6678
29106 6228 6939 6229 5199
29107 6167 6689 6223 6690
29108 7012 6179 6491 5464
29109 5044 3980 4276 6844
29110 4411 6690 6848 7212
29111 4415 4867 5689 3222
29112 4413 6035 6034 6036
29113 6197 6223 6839 6848
29114 6223 6848 1291 6839
29115 5304 6223 1263 6633
29116 5781 1862 5782 5780
29117 5781 1878 5780 7169
29118 5781 1897 5013 1881
29119 5781 1881 6770 5861
29120 6783 1036 5940 1058
29121 5940 5991 1060 1031
29122 5940 1036 5423 445
29123 5940 447 5991 1031
29124 3368 3370 442 447
29125 5250 2249 5248 2283
29126 5246 5248 4469 2249
29127 5248 4538 2243 6841
29128 5250 4537 5175 5249
29129 5250 2283 5248 4538
29130 2806 4329 6204 6002
29131 6741 4331 6918 1164
29132 4329 7187 6741 6918
29133 4957 6852 6285 6356
29134 6918 6832 5754 1184
29135 3383 6238 5962 5991
29136 5962 5940 5991 1060
29137 5958 431 5332 426
29138 6349 5132 5971 6238
29139 5962 5972 1124 1141
29140 6349 5971 5972 5962
29141 6199 4900 4905 4898
29142 6202 6183 5084 7194
29143 5088 5083 6200 5119
29144 5083 2372 7145 7194
29145 5083 5084 6183 7194
29146 2455 2454 2471 5083
29147 5088 4996 2470 2486
29148 5083 2422 7145 2372
29149 2849 6258 6836 1090
29150 5687 4733 5393 3044
29151 3526 4029 6004 6033
29152 2779 2849 580 2778
29153 6259 6151 579 586
29154 3696 6135 5320 6083
29155 2779 2778 573 566
29156 2849 5418 2779 587
29157 5478 6312 6310 5261
29158 3044 7138 4525 6563
29159 4176 6311 5382 6310
29160 6537 5205 6354 3768
29161 4671 6310 5205 5206
29162 5742 6521 7056 823
29163 6058 7136 1842 6610
29164 6055 6611 7136 6610
29165 5541 6058 6609 6059
29166 5445 3371 3758 5669
29167 826 3543 5699 3266
29168 3543 819 826 2854
29169 4430 6688 6534 5497
29170 3545 5698 5744 5766
29171 5697 5400 900 5766
29172 5503 5684 840 5893
29173 2785 4317 3750 2784
29174 5406 6091 6274 6083
29175 551 558 6220 6091
29176 474 3555 6024 3553
29177 3044 5687 7138 5396
29178 5315 478 6091 473
29179 478 483 5315 6091
29180 6220 6274 6091 6083
29181 3672 6945 3842 7092
29182 3650 3840 3842 3051
29183 3842 7274 1597 1596
29184 6945 1596 3842 7092
29185 3842 1583 3841 7092
29186 5417 6856 6654 6854
29187 4890 4899 4893 4914
29188 4082 5513 5735 5572
29189 5417 6854 6855 6989
29190 4893 4891 2154 4899
29191 6615 5969 5970 1102
29192 6615 1115 5709 5710
29193 5708 6615 6612 5709
29194 5708 5710 6615 5709
29195 6615 5970 1112 1102
29196 6113 7205 6980 7206
29197 3385 3370 436 437
29198 3369 442 3370 437
29199 447 3370 5940 5991
29200 5961 441 3370 446
29201 3370 5940 446 447
29202 6348 5949 5473 7068
29203 3383 3368 3369 6238
29204 5991 3370 5940 3383
29205 5875 3868 6348 3240
29206 3417 3868 3416 3860
29207 5961 2674 5957 5332
29208 3368 5991 447 448
29209 663 5163 5162 664
29210 3078 3374 5392 3375
29211 4919 3843 4921 4922
29212 5526 5162 3458 664
29213 3460 3457 3844 7018
29214 3913 3458 3457 5163
29215 5526 649 4611 665
29216 5569 4861 7070 4611
29217 6135 5950 6083 565
29218 3025 5733 6472 7222
29219 6151 579 6129 572
29220 6129 1027 3698 6132
29221 6220 6135 6083 565
29222 1027 3698 5418 6151
29223 131 6135 498 6129
29224 4681 7096 4628 5058
29225 4628 7096 1579 5058
29226 1591 6944 1575 4628
29227 3020 2890 3757 3557
29228 4628 5169 1575 1592
29229 3172 6494 990 5296
29230 990 6672 989 5296
29231 6667 6672 976 983
29232 5289 4703 5297 6496
29233 5296 5297 1004 3172
29234 6672 4705 982 989
29235 2922 3859 5932 5951
29236 2922 5932 2923 421
29237 5892 5891 414 5914
29238 5892 1704 5891 1711
29239 3859 3409 5951 5892
29240 3410 3414 5935 5883
29241 2922 414 2924 5892
29242 5891 414 5860 5892
29243 409 5891 414 5860
29244 5860 414 2922 5892
29245 5214 7070 5254 3277
29246 7070 5511 682 5226
29247 3265 2895 3019 4124
29248 698 682 5569 5511
29249 4792 4864 5254 5226
29250 4139 4140 3902 6931
29251 6071 7016 6468 6791
29252 6171 5018 4641 6173
29253 6765 1153 5490 6869
29254 1176 6765 1153 5490
29255 5490 1153 6710 6869
29256 1195 5490 1153 6710
29257 6710 6869 1157 7174
29258 3775 5078 6026 5850
29259 4257 6869 7156 6765
29260 6869 6765 1133 7156
29261 6710 6869 1153 1157
29262 6614 6869 7174 1157
29263 3851 5967 5966 7185
29264 2644 4094 2643 5626
29265 6244 2779 6111 566
29266 3699 2779 3697 5418
29267 5418 2779 3697 6836
29268 6089 5529 545 5863
29269 6193 6258 2779 2778
29270 2778 6119 566 2779
29271 3520 3697 3521 6225
29272 5625 6818 7155 5635
29273 6971 1861 3112 1877
29274 3108 6971 3110 3109
29275 3112 3180 1858 5919
29276 6295 6862 5855 5856
29277 6862 3185 1821 1806
29278 3108 6971 4397 3110
29279 6971 1877 3116 1898
29280 3112 1858 3180 1877
29281 2940 3729 3730 3787
29282 2940 3787 2571 2587
29283 3650 3051 3842 7274
29284 5190 2554 2555 3787
29285 5190 3787 2555 6308
29286 1672 2940 2602 3051
29287 2940 3002 3840 1672
29288 6737 4737 6738 3435
29289 6470 2993 7064 2762
29290 5197 5201 5785 5199
29291 5289 5290 5295 5293
29292 6175 6853 1379 1289
29293 6270 4696 4700 4510
29294 5291 5298 5292 4156
29295 4737 6737 4313 3435
29296 5540 6604 6640 6656
29297 5220 5219 5775 5217
29298 5822 2143 5823 2185
29299 2110 2185 5822 5821
29300 5817 5822 5819 5821
29301 7051 2185 7199 2177
29302 7051 5819 7199 2185
29303 5819 2207 7264 7199
29304 6248 1628 6444 6461
29305 6248 1628 6461 1674
29306 6248 1628 1629 770
29307 6443 770 6248 754
29308 7131 6461 6248 6444
29309 6248 6273 1674 6461
29310 6263 6443 738 722
29311 3615 6273 6461 5939
29312 6667 6672 5296 5295
29313 4290 4291 2513 5281
29314 4291 5291 6065 5824
29315 4290 2529 259 258
29316 4290 258 257 2513
29317 2545 4290 259 260
29318 5612 3925 5609 5611
29319 4796 6560 4799 4798
29320 4737 3435 4591 4693
29321 5437 6561 5334 6560
29322 6561 6560 2064 5334
29323 2064 2093 5334 6560
29324 5371 6387 727 743
29325 6787 6385 5371 727
29326 201 200 776 1637
29327 5371 6387 1638 6447
29328 6787 6385 727 711
29329 5600 4735 3023 7222
29330 1637 776 5371 6448
29331 5371 6387 743 759
29332 6342 761 6448 745
29333 5594 6737 5595 4724
29334 6769 5596 1788 1765
29335 6769 6737 1788 4724
29336 5595 5596 1765 25
29337 5595 4736 26 5273
29338 5600 46 5598 27
29339 6769 5596 5595 4724
29340 1800 5273 4739 6769
29341 4734 4739 5595 6737
29342 3242 3241 5665 4108
29343 5197 5008 3241 5665
29344 2833 4210 2835 2834
29345 5203 3241 3127 3263
29346 3241 4108 1631 3263
29347 5008 5005 2549 2533
29348 2549 5008 2532 3241
29349 2581 3241 2597 3127
29350 3241 2581 2597 2580
29351 3181 3190 1821 5919
29352 3181 3190 6866 1836
29353 3181 5919 1821 1858
29354 3176 3181 3180 5919
29355 3181 3180 1874 7173
29356 3181 1836 6866 1872
29357 5004 7239 6307 7061
29358 4964 6108 7175 7065
29359 5713 5712 1522 1498
29360 5713 6452 1461 1522
29361 6950 1363 6854 6989
29362 5572 4959 7220 7049
29363 6450 1395 5713 1461
29364 5713 1395 5706 1430
29365 6450 1461 5713 6452
29366 6075 2095 7040 7039
29367 3775 5078 5850 3778
29368 6074 6973 6806 6805
29369 6074 6806 6973 6073
29370 5768 5445 5446 5447
29371 6287 4649 4648 6264
29372 6330 3762 1653 1612
29373 6330 6423 1599 1642
29374 3743 6330 1612 3762
29375 3760 6330 757 741
29376 3742 3743 3754 3995
29377 7044 1599 6330 6423
29378 3744 7044 6330 6423
29379 6524 6602 1802 1835
29380 6524 1835 1814 6510
29381 6524 5375 1802 6601
29382 2782 4095 6394 4096
29383 5683 5685 3540 2854
29384 3546 5728 2855 6555
29385 3546 6555 6392 5728
29386 3695 2572 2876 7276
29387 6489 2746 2908 7037
29388 3695 2746 2589 2908
29389 2747 2606 284 2746
29390 6182 7163 5128 5941
29391 3695 2572 7276 2556
29392 6410 3695 7055 7276
29393 4707 4709 6092 3701
29394 7037 1611 6902 6409
29395 2540 5178 7276 3695
29396 5128 6242 6785 5967
29397 6750 4184 4191 5407
29398 4191 6750 5407 6612
29399 5624 5870 4612 6257
29400 5092 6750 6868 6834
29401 4184 4183 6888 6764
29402 6876 6835 5013 1939
29403 5188 6876 5013 7169
29404 6876 5306 5307 5188
29405 4210 5093 3067 5092
29406 1878 7169 1918 5307
29407 7077 6102 2205 2168
29408 2205 2176 7076 7077
29409 7077 6075 4762 2118
29410 6012 7077 6081 6075
29411 7077 2176 7078 6081
29412 7077 2118 4762 2168
29413 2908 3726 2734 2558
29414 6489 2746 7055 3695
29415 3725 7037 7002 6902
29416 3725 7037 2747 7002
29417 2908 3695 2557 2573
29418 7185 5967 5128 3851
29419 5592 878 5263 873
29420 5263 878 6516 877
29421 5615 6516 877 5263
29422 6600 5263 1768 1786
29423 1786 5263 5592 6600
29424 5374 5615 6528 5375
29425 6751 1648 4843 4841
29426 6182 4539 5128 7163
29427 4842 4843 6751 7109
29428 6751 1648 4841 1652
29429 4374 4912 6345 5527
29430 5925 4157 5924 3994
29431 7003 2968 5584 1585
29432 3910 5479 6354 5478
29433 2522 2523 2506 5190
29434 6426 6428 2442 6018
29435 5212 2475 5183 2491
29436 5212 6426 2475 2474
29437 5480 6310 6536 6871
29438 4829 6591 6428 6432
29439 6426 2459 5183 2475
29440 2442 6018 2458 6426
29441 3690 6428 6018 5567
29442 6714 5378 5657 5799
29443 5605 5378 381 5657
29444 5804 1045 5799 1029
29445 6714 5804 5605 6668
29446 5761 5633 376 5378
29447 2796 985 2797 6735
29448 5605 1019 5657 386
29449 5309 3291 6397 4323
29450 992 985 6735 2797
29451 6367 3291 5309 4323
29452 5632 5516 5309 5750
29453 5632 5517 361 366
29454 5518 5632 5517 361
29455 5770 4764 5771 3189
29456 356 6397 351 5716
29457 5309 5750 5716 6397
29458 3082 7258 6837 6669
29459 6741 6002 7258 6837
29460 4525 3595 3597 6563
29461 4525 6849 3595 6563
29462 3595 6849 1944 6563
29463 3595 2000 3597 1944
29464 6466 1635 6541 6485
29465 6466 5362 5363 6541
29466 5478 6310 6312 5205
29467 6514 4772 3912 6515
29468 6460 6439 735 6540
29469 6460 720 5359 736
29470 6466 767 6540 751
29471 5289 5218 4703 6495
29472 5289 5297 5296 3172
29473 6234 6667 6656 4290
29474 6673 5538 5539 5537
29475 5826 5814 5666 5667
29476 1411 6496 5289 1621
29477 5289 1621 6496 5297
29478 5743 6723 5480 6871
29479 6671 6271 954 6270
29480 5743 3909 6723 4672
29481 5933 4119 5954 5982
29482 1016 5982 116 87
29483 3100 6628 3101 3099
29484 5480 5478 6536 6310
29485 5982 5945 86 5906
29486 6038 5982 5945 86
29487 5982 1016 5989 1038
29488 6263 6443 7131 6248
29489 5532 6263 4885 706
29490 4886 3174 4932 6355
29491 3910 6354 6537 5205
29492 5532 6250 690 4885
29493 6399 6250 691 5532
29494 3615 6248 6461 6273
29495 4513 4514 4515 4530
29496 4629 4401 6075 7039
29497 4401 2118 6075 2062
29498 2010 4401 6987 4400
29499 4471 4461 2179 7176
29500 4471 6173 2224 4469
29501 4471 6172 7176 2152
29502 6271 6734 962 955
29503 6269 6673 6272 6268
29504 6103 6667 5295 6734
29505 5540 6604 6607 5538
29506 934 249 933 2234
29507 5770 5771 5518 354
29508 6480 3278 7018 7272
29509 6216 4143 5394 2800
29510 4329 3753 5754 4330
29511 5770 5518 359 354
29512 5515 6575 5630 6573
29513 4764 7222 29 5733
29514 3025 4764 6574 5733
29515 5445 6095 5652 5769
29516 5661 4819 4620 5229
29517 5770 6574 4764 30
29518 5687 5673 5345 4228
29519 4324 6095 6099 5631
29520 2276 7111 6833 2232
29521 2276 5477 1679 6739
29522 7111 2304 6364 2232
29523 2232 7111 6833 4878
29524 4878 2232 2030 6833
29525 4876 7111 4878 6833
29526 4876 4712 7111 6361
29527 4243 5283 4880 4876
29528 4048 4878 4715 7139
29529 7139 5587 2112 2192
29530 4882 1956 7139 2112
29531 4715 7139 6781 5586
29532 7139 4878 2125 2030
29533 4714 5285 1721 6168
29534 4677 6647 6112 5718
29535 6709 6923 7188 7165
29536 5324 1171 7188 1206
29537 6709 6813 1190 7189
29538 4590 4144 4733 5393
29539 1162 6813 1173 6706
29540 2865 4516 3603 6788
29541 5726 4724 1791 4730
29542 5726 4730 1791 1805
29543 4478 5726 4725 4731
29544 4480 4694 7167 6864
29545 5726 1787 4724 5596
29546 7138 5687 3044 3043
29547 5234 7139 5586 5587
29548 3927 4054 7001 7104
29549 4950 3707 3703 4951
29550 2883 3120 1719 4350
29551 6953 4350 2883 6825
29552 2883 2544 305 304
29553 2883 2528 6825 4350
29554 4242 5266 4912 4245
29555 6345 4882 4881 7141
29556 3044 5393 5396 5394
29557 3700 4947 4946 3927
29558 6331 5876 5283 5284
29559 6486 7257 3707 6418
29560 6418 2462 7257 5440
29561 3707 7257 5440 6418
29562 6682 5924 5191 4950
29563 6499 6486 2493 2477
29564 7137 2378 6682 6681
29565 2478 7257 2477 6418
29566 6486 6418 2494 2477
29567 7137 6681 7257 6961
29568 7137 7257 2445 5440
29569 4693 4590 4935 2896
29570 3782 3824 6487 3826
29571 3760 3761 3741 5467
29572 1653 6330 1612 1599
29573 6330 1612 1599 3743
29574 7044 3743 6330 1599
29575 6815 3995 1586 1564
29576 6971 3112 1861 3109
29577 6971 1898 3122 1882
29578 6971 4397 3110 1882
29579 6971 1877 3112 3116
29580 3505 2592 302 301
29581 2576 3505 2560 2723
29582 3505 2560 2723 2883
29583 2675 3505 1747 1754
29584 2560 3505 303 2883
29585 3021 5142 3025 5141
29586 1733 304 1740 2883
29587 5287 3505 2883 1740
29588 1748 2675 1755 3118
29589 6139 6142 6145 6141
29590 6140 6142 6289 1567
29591 3497 3502 4646 4797
29592 6287 6140 6142 6289
29593 3103 3102 5807 3622
29594 4104 5552 3820 3882
29595 5279 6302 7035 5276
29596 2809 4144 4228 5687
29597 5746 6450 6455 6919
29598 3837 5559 5502 5561
29599 4718 4757 4783 5560
29600 4147 2811 3590 4525
29601 4092 6978 7121 6109
29602 4876 7108 6833 4877
29603 4190 4192 4183 6798
29604 5747 5751 936 943
29605 5747 5751 943 950
29606 5308 5751 5747 5574
29607 6661 959 6597 952
29608 5930 6217 4661 5732
29609 5570 951 950 5747
29610 6438 5747 5751 5574
29611 4689 6438 6368 5751
29612 6438 5747 5570 5751
29613 4364 7132 6009 7195
29614 6009 6627 1192 1205
29615 1152 6009 7132 7195
29616 6009 7195 1152 1192
29617 6788 6009 6627 7195
29618 3690 3632 6018 3662
29619 3645 6018 3632 3662
29620 5055 5054 3631 5056
29621 2474 6426 6018 5011
29622 6018 2405 7270 2412
29623 5881 5880 1816 1853
29624 1689 1681 3057 5879
29625 3184 2653 3182 3579
29626 1689 5879 6618 5834
29627 2644 4089 4090 5636
29628 3412 3415 4241 3413
29629 6388 2348 5432 6389
29630 7066 6389 6958 2265
29631 6388 3887 7250 2256
29632 6899 5720 2004 7153
29633 6899 6713 1960 5492
29634 1960 6927 1912 6713
29635 6713 6899 1960 6927
29636 2004 6899 6759 1985
29637 6622 6899 6713 6927
29638 5828 6620 1803 1801
29639 6334 3231 6620 6621
29640 3231 1793 6621 6978
29641 5852 5882 398 3231
29642 4094 4090 6571 5636
29643 5087 5882 6109 5090
29644 5087 5626 6978 4612
29645 6358 2333 6424 2296
29646 6358 2296 6384 2358
29647 2358 6358 6359 6384
29648 4206 3250 5579 5820
29649 5149 6538 5433 6768
29650 5854 6536 3910 6537
29651 5817 5819 5822 5823
29652 2185 7051 5821 2110
29653 5822 2075 6406 2115
29654 3096 6904 5433 6538
29655 6235 6061 2450 6646
29656 6061 6235 2466 2482
29657 6236 5824 6234 4291
29658 2449 2450 2433 6235
29659 6638 2433 6235 2449
29660 5540 5538 2323 6640
29661 5624 5625 5635 5870
29662 6487 1675 1676 6444
29663 725 724 3783 708
29664 6487 6329 3782 1675
29665 6329 3762 1675 1673
29666 5626 6978 6570 6109
29667 4773 6440 5380 749
29668 6440 733 749 4773
29669 6440 734 5953 750
29670 4769 4772 5381 5953
29671 6363 749 6481 748
29672 5380 4770 1618 5379
29673 5380 765 766 782
29674 6352 3893 3243 6158
29675 642 643 626 6232
29676 4409 5983 5576 5355
29677 6471 6352 3893 6232
29678 3893 3243 611 627
29679 626 6224 609 5428
29680 5250 5061 2240 4538
29681 6841 5248 4486 5247
29682 5250 5248 2249 4469
29683 6171 4641 5499 4643
29684 5249 4469 2249 2224
29685 3902 6914 6931 7058
29686 5250 5061 2287 2240
29687 6808 6817 1099 1081
29688 6808 4057 6796 1099
29689 6808 6110 1081 1052
29690 6508 6741 1138 6837
29691 6508 7187 1119 6741
29692 1164 6741 1119 6918
29693 3374 4659 3080 5392
29694 4038 4042 6320 4044
29695 4044 6800 6996 6315
29696 4044 5386 6996 6320
29697 6390 4044 3268 6316
29698 4038 653 5387 654
29699 6390 652 6314 653
29700 4038 5388 5387 5386
29701 6314 6316 621 605
29702 6314 5215 636 652
29703 5387 5385 622 606
29704 3174 6169 5428 5350
29705 6224 3174 6169 5428
29706 5350 4887 543 6169
29707 4929 5350 535 528
29708 5350 535 543 4929
29709 543 4929 3608 5350
29710 3174 515 522 4113
29711 4775 867 4777 860
29712 5739 4776 5748 6581
29713 6523 5738 5739 4175
29714 5415 4777 6581 1651
29715 5415 4777 6523 6581
29716 4777 845 6523 5628
29717 4775 866 4777 867
29718 4777 4775 860 853
29719 4777 1651 866 1143
29720 6840 6881 1279 1220
29721 6840 6763 1220 1200
29722 4946 6411 7001 4054
29723 4840 6840 7109 6753
29724 5374 5263 6528 5615
29725 3008 6643 6691 3454
29726 1767 5375 5727 5374
29727 5374 5615 871 872
29728 5374 1768 5263 872
29729 877 872 5615 5263
29730 5577 5576 3288 6924
29731 6598 5374 1767 5727
29732 6598 1764 5727 1767
29733 5828 6620 1801 6336
29734 6332 5828 6336 6620
29735 5828 3231 1803 6620
29736 4240 6785 3852 6243
29737 5828 1803 3231 1777
29738 2712 7126 7192 7127
29739 7192 7126 2017 7127
29740 7192 1991 2711 2017
29741 7192 5873 1991 2032
29742 7192 5873 2032 6407
29743 2075 2052 6407 6406
29744 4684 5031 6260 6603
29745 5814 3242 5666 5665
29746 3242 2579 2595 3304
29747 3242 5665 2547 5666
29748 3242 3241 4108 1631
29749 2596 2579 2595 3242
29750 5255 1528 6986 6995
29751 4359 3831 3889 4768
29752 4703 4705 6672 6665
29753 6665 1010 5297 1619
29754 6665 4704 989 4780
29755 5297 1004 1003 5296
29756 4768 7067 7262 5560
29757 1328 4068 1354 6940
29758 7021 7031 6975 6886
29759 6975 7031 4078 1388
29760 6511 1925 1946 5224
29761 5224 1925 1946 1971
29762 6511 6547 6860 1946
29763 6511 6547 1946 1902
29764 4017 4018 4449 5251
29765 6511 6548 1876 1901
29766 6511 1876 6547 1902
29767 2792 6774 6391 5541
29768 2782 4170 6394 6392
29769 5224 1925 1901 6511
29770 3057 6838 1888 5472
29771 7108 5472 4243 3057
29772 4239 3057 6618 3058
29773 2825 3860 4169 6349
29774 6838 6757 5880 1868
29775 6838 1868 5880 1853
29776 1689 5834 1682 5879
29777 6781 2232 7111 6364
29778 6781 2280 5586 2236
29779 4684 5030 5031 6603
29780 6780 5586 2318 6782
29781 6781 5586 7139 2236
29782 6781 7139 4878 2236
29783 4879 4880 4048 4876
29784 4712 4711 4715 6364
29785 4496 5326 5325 4498
29786 3586 457 5326 456
29787 3586 5326 5325 3588
29788 5326 5327 4498 457
29789 5326 6015 461 466
29790 3587 6015 5326 3588
29791 5731 4661 2029 5732
29792 5731 930 4661 937
29793 4835 5980 5576 7158
29794 5731 5930 4661 5732
29795 4660 4661 951 944
29796 4776 5748 1185 1121
29797 4776 1185 6581 1143
29798 5739 4777 6581 6523
29799 4777 6523 5739 5628
29800 1121 6613 6688 4776
29801 4775 6567 853 4777
29802 6240 6100 5530 6070
29803 3578 2838 3582 4153
29804 6076 5325 6016 3588
29805 6240 6024 109 5530
29806 3583 6241 4722 4455
29807 2808 2809 4493 3043
29808 109 6024 474 5530
29809 2844 3569 6024 3553
29810 4852 4849 1266 2970
29811 4852 6773 1265 6291
29812 1304 4851 1292 4852
29813 4852 1304 6896 1265
29814 4852 4849 1292 1266
29815 7243 2078 7213 6760
29816 6310 6311 5205 5206
29817 6310 5261 6725 6521
29818 5205 6311 6312 2194
29819 5205 6354 3768 2194
29820 6584 1394 6980 7030
29821 6585 6115 4973 6584
29822 6590 1396 5544 6880
29823 6584 6590 1396 6585
29824 6029 7269 7251 5562
29825 3078 3376 4508 3081
29826 6880 6980 6584 1394
29827 5426 2347 3892 2320
29828 5576 6924 5980 3288
29829 3836 5264 4759 3837
29830 2828 2347 596 3892
29831 4667 5207 4558 2712
29832 7126 5207 2712 4558
29833 3893 3243 6158 611
29834 5426 3892 6158 2320
29835 6352 3893 5469 6471
29836 2828 596 612 3892
29837 3187 28 7222 4115
29838 5673 4228 5014 5345
29839 4739 4115 6882 4736
29840 3434 2892 2896 2887
29841 3025 7222 4764 5733
29842 4463 4465 5647 4462
29843 6545 6557 1957 2021
29844 3390 6557 6545 5601
29845 3769 7126 5240 5207
29846 6545 2117 3767 5209
29847 6545 3767 5206 5209
29848 3390 6522 6545 6557
29849 6545 6557 2021 5601
29850 5290 5296 6667 6494
29851 3398 4195 2561 2577
29852 7275 3398 2562 6065
29853 3738 5223 2710 4847
29854 2514 2513 2530 4291
29855 5291 3398 3304 4156
29856 3304 3242 2563 5666
29857 4670 3767 5207 5209
29858 5287 1741 3118 1748
29859 3118 5287 1748 2675
29860 3118 3120 1734 5287
29861 5287 2883 1733 1740
29862 5287 1733 2883 3120
29863 6135 572 6151 6129
29864 6151 6129 586 1027
29865 6259 6111 566 565
29866 4670 4667 4669 5207
29867 5320 5965 497 6135
29868 1074 6259 586 6151
29869 6259 2779 3699 5418
29870 5406 6274 6085 5874
29871 582 6221 589 5466
29872 5466 6166 569 568
29873 5466 6254 569 6166
29874 5466 568 6034 6166
29875 6561 4798 6560 4796
29876 2008 6885 1981 6562
29877 6562 6561 2008 6885
29878 6885 6561 2008 6795
29879 2035 6560 2061 6561
29880 6561 2035 6562 2008
29881 6561 6560 2061 2064
29882 7025 5354 6457 4801
29883 5354 747 6457 763
29884 6997 7054 1656 6457
29885 4862 5354 5511 7025
29886 4801 6997 6457 7054
29887 6997 1603 7014 1639
29888 5354 762 6900 746
29889 5511 5354 731 7025
29890 5207 3766 3769 3767
29891 6481 765 5380 1654
29892 779 6482 780 763
29893 6482 1654 6481 1601
29894 6481 1511 6464 1601
29895 6482 6464 7054 1601
29896 6577 6482 6464 7054
29897 6481 5380 4770 1654
29898 7044 1599 6423 1602
29899 7044 5553 1564 1554
29900 3744 7044 3478 4030
29901 7044 1564 3743 1599
29902 5553 3743 3754 7044
29903 2796 5762 992 6735
29904 5762 2796 5604 372
29905 2796 5521 971 978
29906 5762 5816 999 992
29907 5791 5762 999 5792
29908 6735 5762 6668 5605
29909 5762 63 5792 378
29910 372 373 5604 378
29911 63 5762 992 5604
29912 4610 6098 524 525
29913 6667 6672 6671 976
29914 6098 6318 5840 5145
29915 4422 5343 6318 4688
29916 5343 6180 526 519
29917 1908 4610 510 1933
29918 6443 5532 722 6263
29919 6443 6248 6263 754
29920 6443 6444 755 739
29921 739 5532 722 6443
29922 7131 6444 6443 6399
29923 6443 6248 770 1628
29924 722 6443 738 739
29925 6710 5920 1195 5490
29926 3478 6423 5317 6387
29927 5317 6387 759 743
29928 3733 3744 5317 6404
29929 5317 6387 1642 775
29930 398 3231 393 5852
29931 5852 5828 5882 3231
29932 5852 398 5882 397
29933 5510 5509 5852 5882
29934 5852 1777 5828 3231
29935 5852 5827 5510 5828
29936 5852 1769 74 392
29937 6951 2215 6784 7011
29938 975 4696 6671 6270
29939 6951 6954 4955 5549
29940 6951 2214 5549 6743
29941 6662 947 6271 954
29942 4700 6662 6606 6271
29943 4700 4504 6662 6867
29944 6650 6271 6270 954
29945 7155 5636 1839 5865
29946 7155 1854 5635 6818
29947 3855 6242 3852 7185
29948 4285 6812 6675 6116
29949 7156 4257 5608 6869
29950 3953 4532 3955 5670
29951 5865 1873 1855 1839
29952 6725 6521 801 5382
29953 6310 6311 6725 6312
29954 6725 2416 6311 5382
29955 6725 6311 2229 6312
29956 6725 6324 2229 787
29957 6725 6376 6312 6324
29958 5426 6125 2269 2233
29959 2273 2233 6164 5426
29960 5426 3892 2347 6126
29961 627 3893 3243 643
29962 5426 6126 2347 2269
29963 6672 975 4705 4696
29964 6351 5426 6164 5693
29965 6279 4400 7210 5443
29966 7210 6504 5443 2031
29967 3813 7165 7188 6923
29968 4763 4401 4762 6075
29969 4322 4312 6810 5507
29970 5224 2709 6860 5221
29971 1971 2709 6860 5224
29972 6672 5295 6671 4696
29973 1943 2711 1971 5224
29974 2709 5602 1993 6860
29975 1971 2711 2017 2709
29976 4685 4677 7202 7178
29977 3113 3114 3290 3107
29978 4716 5900 6812 5507
29979 3179 3116 3111 3180
29980 2820 2642 2645 3781
29981 5978 6706 6813 6707
29982 4696 4705 6672 4703
29983 4285 6675 6812 5430
29984 5304 6080 6170 3804
29985 5938 3736 3607 577
29986 3736 591 5938 1664
29987 3614 6273 6233 1664
29988 6273 3614 5943 5938
29989 3614 6233 6273 5939
29990 3614 5939 3452 6233
29991 577 3607 570 6254
29992 6672 983 5296 990
29993 6673 2272 5538 2279
29994 6673 7181 2235 6267
29995 6673 5581 2235 7181
29996 6673 5539 5538 2272
29997 4852 6896 1304 4851
29998 2629 4597 3040 3792
29999 3941 4851 6983 5565
30000 3538 6582 5683 5697
30001 6109 77 3231 6978
30002 6569 1771 8 76
30003 1771 7121 76 6569
30004 1771 76 1793 8
30005 6978 7121 76 1771
30006 4092 5161 6019 4091
30007 2653 3184 2728 3579
30008 7121 5911 76 6569
30009 6513 6526 789 2033
30010 3390 3394 6545 6522
30011 6513 4171 810 803
30012 6510 789 790 797
30013 1887 6522 2033 6526
30014 5477 7111 6361 6739
30015 5477 5547 6364 1685
30016 4713 1713 3119 7218
30017 4713 5547 1699 7218
30018 6692 6425 6338 5683
30019 4706 4712 4711 4715
30020 5286 6969 3940 1351
30021 5286 3958 1756 1351
30022 5286 3958 1742 1749
30023 2789 4170 3540 6340
30024 3538 5697 5683 2854
30025 1757 1351 290 1319
30026 1351 5286 1757 1756
30027 4950 7257 6682 6681
30028 1684 6092 1691 5547
30029 6092 7105 1684 4351
30030 4348 5481 3466 6434
30031 4170 3540 6555 6392
30032 3701 6780 6962 6782
30033 3701 5481 6434 6962
30034 4709 4711 6364 4715
30035 7105 2383 1678 1677
30036 7105 2383 1677 2384
30037 3540 2855 3546 2854
30038 6878 1954 6877 7036
30039 5127 6878 6877 7036
30040 3538 3546 3539 3542
30041 6878 2001 6898 7060
30042 4470 4471 4472 5499
30043 7023 7022 1386 5609
30044 1486 1516 7082 6793
30045 6939 6229 1374 6938
30046 4340 6940 4070 4068
30047 6163 2091 6203 6180
30048 6203 2162 3484 3437
30049 4687 6203 6163 3484
30050 3483 6203 3484 3437
30051 6203 3437 143 2162
30052 6196 4929 535 4825
30053 4656 7120 5389 6851
30054 5831 4803 4802 5830
30055 6720 5368 6023 5857
30056 7120 6905 7118 1258
30057 7120 4803 5830 6851
30058 6132 1013 6129 1027
30059 6132 507 6129 1013
30060 5965 6129 6132 502
30061 3698 5965 6132 6127
30062 6151 6129 1027 3698
30063 5320 6083 6135 5950
30064 6131 1027 5985 1028
30065 3526 6149 5985 6004
30066 6131 6132 1018 506
30067 6131 505 6127 506
30068 7203 6497 1440 1402
30069 3616 6903 6497 4863
30070 6598 5374 871 1767
30071 7203 6497 1402 6488
30072 6497 6488 1474 1402
30073 6497 1474 6462 1510
30074 5498 5497 4430 6534
30075 4895 5637 4639 4465
30076 6339 4431 4432 6613
30077 6688 1067 5397 6534
30078 5683 2787 6339 6891
30079 6688 5397 1067 1105
30080 6774 3539 6601 5375
30081 4170 3389 3390 6394
30082 6340 3731 6567 5628
30083 6688 4776 1105 1121
30084 5497 1121 6613 6688
30085 880 5615 875 5520
30086 4813 6146 2137 4814
30087 5064 3975 5899 4023
30088 4807 2180 4814 4813
30089 2141 4807 2180 4814
30090 4813 4812 2216 4994
30091 6353 6801 2321 2380
30092 6801 5385 2380 6353
30093 5385 2882 639 6353
30094 5385 6801 5388 2882
30095 5385 5386 6801 2271
30096 5385 5388 639 2882
30097 3632 7270 6218 6219
30098 5236 5213 6986 5136
30099 3648 3650 7274 3649
30100 3643 6187 6032 6219
30101 5235 5136 5531 5236
30102 5057 6945 5058 6944
30103 3791 3799 3798 3795
30104 5481 2447 6434 5441
30105 6780 7105 5481 2382
30106 4953 4954 7011 4955
30107 2431 314 5441 5481
30108 5481 6962 2366 5441
30109 6976 5481 7105 2384
30110 7076 6102 6841 2205
30111 7076 2205 7077 6102
30112 7077 6102 6012 4608
30113 4608 7076 6102 6841
30114 7076 7103 2247 6842
30115 5171 7076 6842 7103
30116 3789 5736 5737 4575
30117 5083 7145 2438 5084
30118 7145 2422 324 323
30119 7145 2372 2422 323
30120 7145 2422 2421 324
30121 7145 2421 2438 2437
30122 4960 4898 2186 2262
30123 4909 4907 4943 4905
30124 4960 4959 2150 4914
30125 3088 4454 3017 5123
30126 3011 3009 3017 2971
30127 3017 3652 5123 1129
30128 3017 4454 1170 1127
30129 4553 5822 6406 6313
30130 3625 4043 4918 3624
30131 4553 5822 6313 5823
30132 4850 3340 3745 3318
30133 5817 3250 5808 5821
30134 6688 6339 4430 6692
30135 5766 4901 6559 902
30136 5818 5654 6566 911
30137 3917 6477 4897 5156
30138 4096 3390 5601 6394
30139 6582 5766 4901 6559
30140 2785 2788 3917 4318
30141 6598 5727 1764 870
30142 6599 2976 912 913
30143 4504 4930 6662 6867
30144 875 5621 5615 6598
30145 6217 4930 4661 6632
30146 6598 5615 5374 5727
30147 974 6661 967 966
30148 5646 6315 6314 5216
30149 6314 6316 637 621
30150 6314 6316 653 637
30151 6314 6316 605 2352
30152 604 6314 6315 5216
30153 6315 604 2407 2352
30154 3586 3587 5326 3588
30155 3586 451 3587 1779
30156 3587 5326 6015 455
30157 3586 6053 5325 5327
30158 3586 3587 456 5326
30159 3587 6017 455 6015
30160 5650 5420 3587 6017
30161 5420 118 1779 450
30162 5650 4339 3588 1810
30163 5846 5860 404 405
30164 5935 6618 5834 1697
30165 1704 5935 5892 5887
30166 3057 4243 6733 3058
30167 5896 5887 5834 1690
30168 5896 5887 5833 5837
30169 5887 5508 405 5846
30170 5891 5860 404 5846
30171 5887 5834 1690 1697
30172 5510 401 5509 5434
30173 5510 5827 5896 6336
30174 6647 5493 5492 5718
30175 5493 5494 5492 1915
30176 5493 7095 1915 4677
30177 6598 5727 875 5621
30178 3467 6288 4382 4655
30179 6598 875 5727 870
30180 6626 7076 7103 7078
30181 5602 5221 6860 2709
30182 4700 6271 6270 6650
30183 6272 6268 2121 6623
30184 6272 2121 6268 2155
30185 5208 2709 5602 7127
30186 6605 2234 6272 2279
30187 6607 4696 6270 6734
30188 5289 4703 5218 5295
30189 6783 94 5423 93
30190 1746 6299 1753 5964
30191 1760 1036 293 10
30192 1760 5923 1058 6822
30193 5964 5423 94 439
30194 1739 6299 1746 5964
30195 6783 6822 5423 5964
30196 5961 5940 6822 5423
30197 950 5391 957 5570
30198 5391 950 57 56
30199 5391 4323 347 348
30200 4691 5272 5265 335
30201 4728 337 5694 342
30202 5680 56 338 55
30203 3691 6880 6584 6590
30204 6880 1394 6584 1370
30205 5542 6880 5544 5543
30206 6895 1285 6396 4341
30207 3016 3014 6396 2971
30208 6895 1213 6396 1285
30209 4451 5024 6396 3014
30210 3097 3101 4448 5152
30211 4176 3394 6522 5206
30212 5741 6870 829 836
30213 5741 829 6870 822
30214 6871 5742 5741 822
30215 6580 5474 3140 3139
30216 5738 5739 6581 6523
30217 4915 4043 6350 6800
30218 6714 5605 5657 5378
30219 5447 5804 5450 5449
30220 4523 4764 5141 5302
30221 5219 6938 1374 6230
30222 5814 4109 6231 6657
30223 5219 6938 1312 1374
30224 5486 6241 109 5853
30225 6003 6908 7165 5051
30226 3176 3178 3184 3574
30227 4740 5491 6711 6713
30228 5486 81 5922 5578
30229 5486 109 6241 110
30230 6053 139 5339 509
30231 510 517 4610 5339
30232 139 5339 510 1817
30233 1908 1817 140 510
30234 5339 5341 4610 5340
30235 5338 6053 516 5325
30236 6076 5341 5143 5338
30237 517 524 4610 5339
30238 5338 6076 5340 3588
30239 5221 5208 5602 5227
30240 2828 597 6306 613
30241 612 3892 3893 2828
30242 6306 2828 3534 7267
30243 2828 7267 6306 2371
30244 644 2828 3893 5468
30245 3157 3737 3739 3745
30246 168 2367 596 2347
30247 2828 7267 2347 6126
30248 2828 2829 629 613
30249 2828 645 2829 644
30250 2398 3913 600 2406
30251 171 3913 600 2398
30252 3913 171 2411 2398
30253 3913 3457 2398 6293
30254 3913 632 3458 5163
30255 3738 5227 2710 5223
30256 4729 2802 1790 1782
30257 2802 5265 1782 4729
30258 5265 1781 5273 2664
30259 5265 5273 1781 329
30260 5265 1782 4729 330
30261 5221 4847 2710 5223
30262 2280 6780 5586 2318
30263 5546 7105 2382 2383
30264 6780 2318 6962 6782
30265 4709 4711 5546 6364
30266 5546 6364 1685 1678
30267 6780 5481 6962 2382
30268 6780 6092 4348 7105
30269 6780 6781 2280 5586
30270 4709 5586 6780 6782
30271 4711 6092 5547 7218
30272 3845 7018 3844 2374
30273 3460 5526 3459 4611
30274 4920 3460 5526 5162
30275 5164 5163 3481 3457
30276 2875 2604 2603 2587
30277 4850 5675 2711 2712
30278 2875 1604 282 2604
30279 2875 2968 1604 7055
30280 282 2603 281 2875
30281 5221 4850 2710 4847
30282 7276 3730 2572 2875
30283 5104 7198 7197 3633
30284 3632 7270 3633 3634
30285 4445 5848 4174 6105
30286 6032 6219 3633 3632
30287 3632 3645 3663 3643
30288 6076 4333 4160 5340
30289 5650 4339 6016 3588
30290 6835 5013 5012 5188
30291 2895 3022 4591 2896
30292 4935 7169 4933 5013
30293 3753 4330 6852 5754
30294 4737 5782 4738 6738
30295 3010 6804 3652 3009
30296 4176 5742 3512 3388
30297 3028 6574 5730 5733
30298 4751 5794 4754 4822
30299 2990 2998 3003 3001
30300 4819 4620 4155 4625
30301 4751 4754 1110 6717
30302 5252 4753 4457 5643
30303 3550 4748 4747 4819
30304 4748 4747 4819 4820
30305 5510 5896 5838 5508
30306 5896 5508 5887 5837
30307 5838 1762 5837 5827
30308 5838 5508 396 5509
30309 5838 5827 391 1762
30310 5838 391 5509 396
30311 6023 6720 5857 6707
30312 5148 6786 7195 7156
30313 5921 5917 3311 82
30314 5921 6087 5917 111
30315 5921 6087 111 110
30316 5921 110 5486 6241
30317 4455 6087 5921 6241
30318 3105 6862 5919 3112
30319 3105 6862 3112 3109
30320 6049 3575 6048 6503
30321 4176 4671 6310 6521
30322 6521 6310 4176 5382
30323 5740 4675 4672 5269
30324 5743 5742 5741 6871
30325 5740 4672 6723 6535
30326 6725 6521 5382 6310
30327 4790 6066 6069 6068
30328 668 667 684 5215
30329 4790 6068 6069 3277
30330 4790 6069 5216 3277
30331 5646 3269 6346 6390
30332 5646 5216 6314 5215
30333 3449 3613 3607 3608
30334 3449 3615 3610 4883
30335 5532 6263 6443 7131
30336 4883 3452 5939 6491
30337 6214 6991 6215 6357
30338 6357 6212 6215 4988
30339 4263 6416 3790 4295
30340 2760 4897 5153 5638
30341 6821 7114 6608 4095
30342 6391 6601 7114 6059
30343 5222 6511 5224 5629
30344 6057 4148 5533 5534
30345 6391 6059 5541 6601
30346 5907 6599 6890 6551
30347 5684 3731 840 847
30348 5227 4096 5682 5601
30349 4473 6692 4430 6339
30350 6425 6550 6692 5397
30351 4178 6523 3388 3512
30352 5818 6616 916 6564
30353 5818 6566 912 911
30354 5818 2976 917 912
30355 6809 2999 3302 3307
30356 7110 6863 7162 3306
30357 2692 3055 2691 3576
30358 3500 5437 3499 6795
30359 7086 4388 5331 7087
30360 7180 7268 7136 6872
30361 7180 1870 6863 6872
30362 4149 7162 4732 6872
30363 4013 5788 7258 6669
30364 4507 6858 6731 6853
30365 2000 3591 3597 6632
30366 3589 3594 3596 3592
30367 6269 5538 6272 6673
30368 5778 5826 5293 6634
30369 4700 6650 4510 6867
30370 5824 6234 4291 5291
30371 1447 5298 1411 6657
30372 5290 5296 6494 3172
30373 3077 6808 6817 4057
30374 3953 6415 5977 5670
30375 838 5628 831 6523
30376 4904 4960 6186 4898
30377 5196 4900 4905 6199
30378 4909 4943 5557 5556
30379 4904 4960 6185 6186
30380 5032 5417 5416 5115
30381 6730 6654 5115 6857
30382 7229 7247 4900 7170
30383 4177 4172 5628 4178
30384 5077 6586 6585 6979
30385 6028 6029 6027 5562
30386 6039 7251 7269 6249
30387 4607 4605 6209 4606
30388 4570 7245 4569 5429
30389 4380 4660 958 2798
30390 2798 4660 6438 3374
30391 2798 2797 979 4380
30392 4659 4380 4660 958
30393 3375 4380 4378 4377
30394 3079 5398 4509 4507
30395 3585 4455 2731 6241
30396 3781 3399 5090 6754
30397 2782 2792 6391 4095
30398 4416 6280 5443 4400
30399 4090 7155 5865 5636
30400 4171 4172 825 6555
30401 3340 3097 4448 3770
30402 822 6871 6870 5741
30403 3907 5475 5479 5478
30404 5952 2882 5484 671
30405 4670 3394 5206 5209
30406 6592 6591 6594 2397
30407 832 5628 4172 831
30408 6592 6426 2459 5183
30409 6429 4162 2343 2300
30410 6591 3993 6594 6429
30411 6592 6426 2443 2459
30412 4769 4772 4770 5379
30413 7159 6233 6491 6790
30414 3452 6233 7159 6254
30415 4769 4773 4771 3267
30416 4883 7012 6491 5464
30417 4883 6816 5939 3615
30418 4101 5000 5004 4999
30419 6465 6464 6903 4863
30420 4860 6343 6342 7015
30421 6577 6482 7054 6457
30422 4045 4047 4051 4053
30423 4709 6364 5546 6780
30424 7141 4882 4881 7139
30425 3927 4053 4946 4054
30426 4947 5234 5586 4952
30427 4839 4609 6658 4845
30428 6168 6361 1707 4714
30429 5282 5284 6764 6969
30430 4774 6440 718 5953
30431 6414 3824 6444 6329
30432 3742 6815 3995 3827
30433 3761 3783 3531 5467
30434 6294 6157 4023 4022
30435 3532 3765 3755 3533
30436 5066 3473 5899 5071
30437 3822 4874 5692 7012
30438 5101 5100 1552 1538
30439 5101 5102 1592 1552
30440 5101 4547 1545 1566
30441 4545 5100 5101 4561
30442 1592 5101 1566 5102
30443 4769 4039 4774 3267
30444 4769 750 6440 5953
30445 6440 4773 701 717
30446 4191 6834 4184 6750
30447 4189 4190 3868 5844
30448 4298 6615 5708 5710
30449 4876 3937 5283 6732
30450 4239 3058 4614 4615
30451 3414 5935 5896 3409
30452 6331 5283 1722 2684
30453 4241 6243 7106 4242
30454 4283 6215 6213 3973
30455 5245 7128 4282 3982
30456 3478 6423 6402 7044
30457 6440 4773 717 733
30458 6701 3640 6718 5299
30459 5252 6699 5801 5668
30460 5252 5668 4752 4753
30461 5300 4462 5642 6701
30462 6301 6846 4752 5299
30463 6701 6718 5801 5642
30464 5801 6699 6716 5668
30465 5733 5607 29 30
30466 44 5730 30 5607
30467 5730 42 5638 43
30468 44 5153 43 5730
30469 6152 5730 5607 5733
30470 5730 5634 5637 42
30471 4456 4750 3551 4457
30472 3476 3473 6294 5085
30473 7160 6277 7241 5039
30474 6720 5857 6707 5978
30475 3864 3877 3876 4490
30476 6947 5348 4211 4212
30477 5719 2906 6899 2905
30478 5493 6647 7095 4677
30479 5447 4520 5515 5768
30480 3605 4443 3602 6963
30481 3272 5944 3310 4604
30482 2724 6720 5978 6005
30483 2722 2721 5185 6005
30484 4657 4656 6851 7120
30485 3692 3683 3688 7157
30486 3072 4444 3602 3605
30487 2725 4516 6788 5186
30488 4781 6696 3489 6630
30489 4153 3034 7130 3107
30490 4418 6503 5884 3121
30491 3521 6836 6797 6225
30492 4164 4333 6016 6101
30493 3974 3984 3975 3977
30494 3999 3331 3788 5729
30495 3601 4804 3605 3602
30496 3072 3603 3602 6627
30497 3660 2680 4020 4593
30498 3851 7185 3855 3852
30499 3293 6037 6039 6029
30500 5895 6182 4366 6030
30501 3688 5885 4443 6963
30502 7151 4651 7081 6999
30503 4640 4641 7240 7184
30504 6137 4500 7154 4499
30505 3425 4461 7176 5337
30506 4940 4937 6793 6792
30507 7151 4940 4941 6793
30508 6793 7023 1516 7151
30509 6793 1457 7023 6792
30510 1486 4937 1423 6793
30511 4962 4817 4812 3880
30512 5361 4248 4976 5077
30513 4159 6743 4954 5549
30514 5889 4207 4196 4208
30515 4158 4163 4161 4168
30516 5233 4159 6743 4954
30517 2930 7004 7003 2967
30518 6209 6840 6685 5092
30519 5233 4954 6743 6951
30520 5576 6728 5980 6924
30521 5029 7258 4013 5788
30522 5355 5983 6728 7172
30523 4903 5789 4890 4905
30524 3819 3886 3914 3887
30525 4013 4006 4005 5788
30526 5826 5814 5667 5785
30527 7224 5276 5280 7196
30528 7224 2196 5280 2166
30529 7224 7225 2201 2166
30530 7254 6641 5276 6302
30531 7224 2238 7196 2282
30532 7224 7196 2196 2282
30533 7254 7224 6641 2201
30534 7254 2288 2201 6302
30535 6303 2327 7227 2244
30536 7227 5772 2244 2290
30537 7227 7142 2290 2339
30538 7227 7142 4435 5772
30539 7227 5795 6994 2327
30540 2387 2327 2339 6994
30541 4963 3847 5068 3819
30542 6363 6577 6482 6481
30543 4771 6576 6500 4034
30544 7054 6577 4863 6464
30545 6427 6465 6903 3616
30546 4551 4916 5500 5240
30547 6577 4801 6457 7054
30548 6577 4863 4801 7054
30549 727 6787 6387 5371
30550 662 3537 678 6386
30551 5164 3460 5162 3458
30552 5165 5305 3479 6393
30553 6294 4023 6157 3533
30554 3481 3457 5432 3844
30555 4302 4962 3914 4817
30556 4892 5358 4914 5360
30557 4390 4393 4396 4394
30558 5235 5238 3920 3933
30559 5235 5081 5098 5237
30560 5081 2503 5119 3644
30561 5098 6183 6187 5119
30562 3644 6219 5585 6187
30563 3920 3933 7093 5236
30564 4973 7043 3795 3798
30565 5235 3094 5098 5238
30566 6200 5119 5080 5088
30567 5011 3663 3678 3679
30568 4970 5166 5113 5103
30569 5998 5695 6000 5996
30570 4303 3914 3819 3886
30571 4514 4513 7058 4519
30572 5103 5107 3948 3950
30573 3627 5823 6313 6505
30574 6875 5757 6854 5416
30575 4081 5353 5715 5496
30576 5513 5488 5502 7220
30577 4939 4890 4891 4892
30578 5195 5554 5575 3934
30579 6449 5256 4394 6452
30580 4938 5357 4903 4892
30581 4903 5417 5421 5866
30582 6460 703 5484 704
30583 6044 5552 5916 6375
30584 4948 4946 6411 6902
30585 6409 5926 6413 6411
30586 6409 7055 6410 6489
30587 4945 4053 6411 4946
30588 3700 4715 4947 3927
30589 2930 6766 5010 2967
30590 4247 2932 2937 6589
30591 5232 2950 4846 6658
30592 4679 6952 6767 7092
30593 3675 5070 6934 7140
30594 5352 5757 5868 5704
30595 5357 5358 4903 4892
30596 4892 5360 4914 4893
30597 5488 5358 5360 4914
30598 4081 5715 3837 5502
30599 3907 5475 5478 5476
30600 6514 5482 4039 5479
30601 4938 5421 5776 5201
30602 5195 5196 5201 4942
30603 4903 5421 5201 5866
30604 3675 3631 5070 7140
30605 3663 3632 3690 3662
30606 5551 5137 3643 5237
30607 3648 6945 7274 3842
30608 3990 2929 2950 2932
30609 3839 3842 3841 7092
30610 3829 5007 7098 5192
30611 3944 3834 3832 5193
30612 4081 4079 5353 4080
30613 6655 5513 7220 5572
30614 4758 5353 6729 5566
30615 4390 4394 4396 4361
30616 5790 4585 7021 7029
30617 5754 4329 4618 3753
30618 3763 3234 6356 3753
30619 5027 5028 6285 6887
30620 4491 4451 6396 3016
30621 7254 7035 6302 5276
30622 7254 7224 2201 2238
30623 6303 2285 7254 2288
30624 7254 7035 5276 5278
30625 4803 4802 5830 6851
30626 3159 5512 5184 6003
30627 3571 3574 3178 3179
30628 5736 5986 6936 4575
30629 4965 6949 5389 7005
30630 4541 5963 6686 6759
30631 3299 5051 5052 5512
30632 3864 4020 3669 4490
30633 6974 4656 5373 4658
30634 3812 6003 6007 7188
30635 4518 4519 3899 4527
30636 4407 2651 6987 4398
30637 3424 2920 4470 3425
30638 6983 4072 4069 3942
30639 5275 7217 5247 4460
30640 4642 7183 4644 6172
30641 4642 7191 4834 7166
30642 4650 4652 4651 6999
30643 3143 7016 7022 5173
30644 5483 6459 6442 5474
30645 3925 5173 3143 7022
30646 6071 3142 3143 6791
30647 2952 2949 4723 2956
30648 5565 3926 5611 3919
30649 3919 3924 3926 5611
30650 3919 6983 5173 5565
30651 3327 4152 3326 4151
30652 6171 5499 6172 4643
30653 3004 5929 6691 3503
30654 4071 4073 4075 4584
30655 4071 4077 4585 4078
30656 4683 4556 3832 2953
30657 4073 4584 3225 6305
30658 5019 5370 5018 7240
30659 5176 7233 5019 6173
30660 4072 4073 6305 4074
30661 4072 6983 6071 3942
30662 3891 3902 4139 4140
30663 4072 6983 6469 6468
30664 3238 5015 2872 4745
30665 4394 6941 6454 4395
30666 5336 5276 5280 7225
30667 3470 4254 6365 6143
30668 5580 5180 7232 3431
30669 5580 7225 3427 3431
30670 5405 5821 5820 6990
30671 5279 4279 4280 6302
30672 2958 2959 2960 6178
30673 4804 7186 3714 7206
30674 4258 4257 5148 7156
30675 6963 3688 7157 7206
30676 4607 3684 3693 4845
30677 3596 3045 6648 3595
30678 6367 4379 6368 4523
30679 3233 4493 4122 3227
30680 5603 3045 6865 6648
30681 4001 4013 4011 4006
30682 4830 1048 5655 1040
30683 4830 4832 4831 5655
30684 4830 1040 5655 4831
30685 4830 1054 6096 1048
30686 6097 4830 4832 6493
30687 6466 6460 735 6540
30688 5655 6097 6096 4830
30689 4999 5003 5004 5116
30690 3951 5110 5867 5936
30691 4383 4388 4385 7087
30692 5001 5002 5003 6281
30693 4381 2676 3129 4389
30694 4986 7264 5819 7249
30695 4251 4252 4253 7048
30696 4550 5047 5040 5038
30697 3979 5045 3982 3980
30698 4961 4962 5973 4993
30699 3259 4279 4255 4280
30700 3357 4067 3348 3403
30701 3636 3114 6154 5082
30702 6483 5474 3911 6580
30703 4418 6503 3575 6049
30704 5042 7193 5043 5040
30705 6277 7160 6210 5040
30706 5779 5777 5773 6635
30707 5905 6298 6063 5664
30708 5488 5351 4080 5358
30709 4360 4682 3831 4511
30710 7050 5686 5696 7190
30711 4578 5696 3799 3518
30712 2949 5696 3518 5695
30713 4546 4548 2948 4547
30714 4546 2956 4555 7026
30715 4968 5321 5322 4967
30716 3907 3912 5475 5474
30717 6499 5925 5178 6498
30718 3993 5183 4829 6592
30719 7271 5054 5056 5070
30720 3647 5011 3679 3663
30721 3839 2997 2930 3729
30722 4222 2826 5132 4221
30723 5131 5969 6008 5147
30724 4025 6758 5147 5146
30725 5933 5982 5906 5945
30726 5187 7226 4117 5671
30727 4526 4602 5945 4604
30728 5482 5953 4772 4039
30729 5933 5982 1024 5906
30730 4666 4447 5848 4669
30731 4829 6432 6429 6591
30732 3631 7140 3690 3632
30733 6592 6591 3993 6594
30734 6429 6432 6934 2363
30735 5011 3662 3663 3690
30736 6427 4560 6431 6807
30737 4040 6800 4035 4043
30738 4915 4553 4551 6408
30739 5675 2712 7126 7192
30740 4040 6326 4041 4042
30741 4769 4771 5380 4770
30742 6500 6481 1511 6464
30743 4033 4036 4034 3267
30744 4774 3267 3268 701
30745 702 701 718 4774
30746 4774 702 5953 718
30747 4769 6440 4774 5953
30748 6769 4738 5599 1797
30749 4739 5599 6769 4738
30750 6769 6737 1797 1788
30751 6769 5599 1800 1797
30752 6769 5595 1772 5273
30753 6769 5595 1765 1772
30754 2940 2875 2603 2587
30755 2940 2875 1660 281
30756 2940 2571 2875 2587
30757 2940 3840 3002 3787
30758 3729 4522 2968 2875
30759 5632 5309 5516 3291
30760 5632 5309 6397 5750
30761 5716 6397 351 5309
30762 5475 2882 5485 5484
30763 4323 3188 4689 4690
30764 6101 4339 5650 4338
30765 464 5530 6070 108
30766 6101 6100 6309 6016
30767 3583 3585 6241 4455
30768 4334 4344 4335 3031
30769 6079 5411 5383 6080
30770 3908 6515 3911 6430
30771 4160 5841 5340 6645
30772 6100 6016 6064 6070
30773 6078 6047 6100 6064
30774 6882 3187 5302 4764
30775 3078 4376 3079 5398
30776 6882 4115 5302 3187
30777 3965 3316 4065 4062
30778 3912 5482 6439 4772
30779 3435 4480 4694 7167
30780 4738 6737 4737 6738
30781 3435 4480 7167 4481
30782 6233 3614 3736 6254
30783 4932 3449 3608 3612
30784 4928 3451 3452 7159
30785 4883 4928 3452 6491
30786 4932 3449 3482 4929
30787 4884 5372 4887 6251
30788 3449 3451 3607 3452
30789 5372 3613 4887 3608
30790 5688 4874 4931 5691
30791 4932 4931 5690 6369
30792 4415 3482 3484 4931
30793 3612 3449 3608 3609
30794 6622 6712 3854 6927
30795 3401 5184 5978 6006
30796 5491 2905 5492 6713
30797 4756 5494 6826 6866
30798 3815 5835 6686 5963
30799 5865 7155 4090 4756
30800 6279 4399 3175 5210
30801 4061 4740 5491 4756
30802 5719 6112 2905 5718
30803 6205 6744 4367 6964
30804 7163 6181 6030 6182
30805 6742 6659 6744 4367
30806 5156 5534 6479 4767
30807 5591 5534 7119 5597
30808 5597 7119 5596 6479
30809 4148 5534 6057 4477
30810 6506 3306 7162 6966
30811 5597 6479 5534 7119
30812 4726 5726 5597 4725
30813 6054 7268 7136 6611
30814 4689 2800 2665 3186
30815 556 5372 564 3608
30816 4149 4476 4477 4732
30817 3756 2879 3763 2870
30818 4329 4331 4330 6918
30819 6275 5640 5648 5755
30820 4007 4836 5947 6635
30821 6572 4592 5142 3027
30822 5228 3547 3270 4465
30823 5229 6301 4832 5661
30824 4330 5523 6603 6852
30825 2804 4010 4332 6002
30826 2984 4526 3271 3272
30827 5961 446 3370 5940
30828 5961 3385 3370 436
30829 5957 3858 2923 2673
30830 5957 2743 2924 5332
30831 5961 3370 441 436
30832 5961 440 5964 435
30833 5964 430 2674 5332
30834 5650 3587 1779 3588
30835 5650 1779 5420 1778
30836 5650 3587 6015 6017
30837 5650 5419 1778 5420
30838 3578 3582 3585 3580
30839 2731 6241 3670 3585
30840 3108 6971 3109 3112
30841 3108 6971 3116 3122
30842 3440 6088 5144 5143
30843 3108 3113 3107 3114
30844 7129 6188 6189 5700
30845 6191 5700 6398 7129
30846 3696 6083 6220 6135
30847 539 538 546 6098
30848 5700 6190 5701 6188
30849 6644 3961 5145 4419
30850 6317 5840 5842 6094
30851 5046 5413 3224 4425
30852 3583 3582 6239 3585
30853 6016 6309 6017 6070
30854 5125 5124 5700 6207
30855 3812 7188 4717 6810
30856 4884 5946 5372 6251
30857 3583 6024 4722 6241
30858 5372 3608 556 3607
30859 5045 3982 3980 5465
30860 5072 5899 4817 5071
30861 4574 4573 4577 6923
30862 5051 5512 6003 6908
30863 6353 2882 639 6327
30864 6327 2380 607 6353
30865 5262 5259 5495 2401
30866 5485 5495 5259 6335
30867 608 5495 2401 6327
30868 5372 3607 563 570
30869 5485 6724 5479 5478
30870 655 6327 2882 656
30871 5200 5195 5197 5198
30872 5814 5666 5667 5665
30873 3804 6530 6633 6636
30874 5554 3094 5097 3934
30875 6530 6197 6633 6839
30876 4942 5099 5575 5195
30877 7131 4888 6250 5532
30878 5943 6248 7131 3615
30879 6530 1120 6839 6636
30880 6352 6158 6351 5426
30881 4884 4885 3611 6263
30882 3612 4889 5427 4888
30883 5943 3613 4884 5946
30884 3609 4887 4889 4885
30885 5943 3613 3615 3611
30886 3614 3613 5943 5946
30887 6492 3476 3473 6294
30888 5862 4030 5064 5065
30889 5065 5553 5862 4030
30890 5688 5692 4874 5691
30891 3734 3754 3744 4030
30892 3744 4030 3754 7044
30893 3528 3532 3734 3533
30894 6453 6985 7079 5065
30895 4915 5462 4916 6800
30896 4667 5239 4447 4446
30897 5221 4850 4847 5224
30898 6628 6968 4668 6532
30899 2783 4096 2780 3738
30900 4177 4172 6340 5628
30901 2758 2785 4316 2757
30902 5036 3148 7182 4468
30903 3341 6544 3342 4428
30904 3315 3320 4847 3318
30905 4389 4386 4427 5424
30906 3510 3123 4647 3506
30907 4080 5488 5360 4081
30908 6519 2999 6527 2998
30909 7180 6611 7268 6518
30910 3708 3556 4755 3705
30911 6650 6867 967 974
30912 6650 6867 960 967
30913 6650 6867 953 960
30914 4700 6662 6650 6867
30915 4704 4705 982 975
30916 4702 4510 4704 4203
30917 6650 953 6662 954
30918 995 996 988 4780
30919 7275 4291 3173 6065
30920 5289 5290 3172 5296
30921 6103 5540 6656 6734
30922 6667 5296 983 6494
30923 5298 5291 5289 5293
30924 6234 5290 5291 6103
30925 6234 3173 4290 4291
30926 3172 4195 1005 3173
30927 5289 3172 5290 5292
30928 6734 5540 6656 6604
30929 6266 7181 6269 6267
30930 6065 3398 6395 5291
30931 3628 6319 4603 4604
30932 4232 2707 2704 4322
30933 3628 3311 4603 6319
30934 2865 3072 4258 3603
30935 4531 3778 5851 5849
30936 3117 3120 1734 3118
30937 3956 3922 3923 3118
30938 3117 1728 5288 1735
30939 3958 3117 1734 3118
30940 1720 3922 4349 3120
30941 4092 7121 6019 6109
30942 4092 5161 4094 6109
30943 3034 7130 3031 4153
30944 6122 5856 4093 6295
30945 6019 77 7121 5911
30946 4092 6568 6122 6019
30947 5554 5203 3128 5204
30948 5195 5196 5197 5201
30949 4903 5866 4942 5556
30950 5098 5237 5137 5531
30951 5099 4907 4905 4943
30952 5080 4996 2502 2518
30953 6551 41 5637 4896
30954 6551 903 4901 42
30955 2759 5638 5637 42
30956 6551 903 6559 4901
30957 6551 4896 40 41
30958 5907 913 6551 40
30959 4473 6890 4896 5802
30960 3806 6193 6836 3697
30961 6276 5228 6715 6275
30962 6890 6551 6559 4901
30963 6599 6566 912 5818
30964 3293 4208 6037 6029
30965 4249 6115 6587 6583
30966 2965 3325 2963 3323
30967 6029 6027 5562 7251
30968 4207 4209 4208 6029
30969 4048 4045 4049 5234
30970 6660 5075 3694 6114
30971 2994 2996 4162 3994
30972 4975 4248 3293 5075
30973 5172 4974 6979 5077
30974 4008 4009 5115 5033
30975 4083 5416 5114 5031
30976 4080 4892 5360 5358
30977 4001 4836 5181 3592
30978 4008 5029 4009 5033
30979 4835 7158 5983 5947
30980 3804 6080 6630 5304
30981 5213 5531 5136 5236
30982 4153 3581 6295 4342
30983 5052 5830 2721 6905
30984 4516 3601 3603 5829
30985 6935 1567 6289 1541
30986 6935 6999 1540 6289
30987 6935 6999 1548 1540
30988 6935 7152 6999 6290
30989 3804 6530 6636 3521
30990 6290 1567 6289 6935
30991 4037 6430 6807 6405
30992 4040 4916 4041 6326
30993 5484 5475 2882 5952
30994 4044 4038 5387 5386
30995 4915 4043 3624 6350
30996 3908 4674 6807 6430
30997 4986 6042 7264 4980
30998 4205 6380 4130 4320
30999 5344 6436 7261 6143
31000 3805 6530 3804 3521
31001 4713 3922 4711 7218
31002 5288 5285 4714 3929
31003 4713 3119 1714 4714
31004 3119 1721 4714 5288
31005 4047 4054 3927 3928
31006 4712 6781 4878 7111
31007 4710 4047 3927 3929
31008 4706 3923 4710 3927
31009 6732 6168 4876 6361
31010 2517 5005 5008 2533
31011 4577 4321 4299 4300
31012 4310 4265 4857 4275
31013 5008 3241 2549 5005
31014 5905 6298 5903 7235
31015 7229 7247 4898 4900
31016 6139 4254 4434 6143
31017 4958 6778 5116 7239
31018 6436 7061 5004 5003
31019 4980 4982 6372 7249
31020 6957 4993 5765 6148
31021 5072 4817 4303 3886
31022 5165 3480 6385 6787
31023 6120 4794 3618 5461
31024 5329 5118 5116 6456
31025 4978 4105 4980 4979
31026 6137 4137 5564 7154
31027 4501 5328 6984 4499
31028 4495 5404 5328 6762
31029 3047 3874 3491 3485
31030 2631 3487 3493 5019
31031 5719 5718 2905 5720
31032 3347 3349 6136 3420
31033 4549 5041 5390 5412
31034 5051 5737 7165 3813
31035 5858 5184 6813 6005
31036 5978 6006 5184 6706
31037 4311 4322 4312 6810
31038 4658 7118 5053 5729
31039 3506 7216 5180 3431
31040 4199 6143 5344 7261
31041 5555 5868 5556 5867
31042 3251 3250 3249 5808
31043 4784 7101 6255 7215
31044 5909 3319 4782 5902
31045 4320 4784 6380 6255
31046 4384 4381 4386 4385
31047 6622 6927 4540 6899
31048 2724 5185 5186 6720
31049 2720 4803 2721 5052
31050 4364 6788 6009 5186
31051 6552 4564 6422 6027
31052 3601 4802 7179 5829
31053 3473 5071 7066 5899
31054 4741 3421 5796 4307
31055 3479 6787 6403 3478
31056 4030 4032 5067 3479
31057 4310 4543 5383 6843
31058 3472 5085 3474 3473
31059 2754 2762 2764 2993
31060 5647 4462 5606 5641
31061 5647 4465 5648 5606
31062 4463 3550 6301 5229
31063 4215 4441 4216 4442
31064 3443 4457 5252 4752
31065 6701 5300 4462 5299
31066 4329 6002 4331 6741
31067 6204 6741 4329 7187
31068 5411 6844 5383 6155
31069 5304 5377 6014 5383
31070 5811 3594 2000 3591
31071 3083 4147 3590 3374
31072 4751 4456 4754 4750
31073 6301 4747 5655 4819
31074 6301 4462 5299 4752
31075 3550 6301 4749 4752
31076 3550 6301 4747 4749
31077 6301 5299 4831 6846
31078 5299 5300 4462 5647
31079 6301 4832 4831 5299
31080 4275 4265 4264 4266
31081 5050 3978 5974 5979
31082 4550 5043 6549 5039
31083 5049 4265 4276 4266
31084 5047 4866 5048 4873
31085 5304 5411 6080 5383
31086 4549 4219 5412 5390
31087 5064 3972 5899 3975
31088 3814 6546 4418 6278
31089 4573 4574 4572 4575
31090 5413 4425 4424 6191
31091 5051 3813 7165 6003
31092 7188 5900 5324 4717
31093 3296 3063 3812 6003
31094 5052 5512 6908 6905
31095 4061 3177 7094 3572
31096 4756 4089 6711 7155
31097 3176 3574 3184 3106
31098 2934 5444 4532 3954
31099 5491 4061 7094 3438
31100 5413 6191 4424 5700
31101 4516 2714 5185 5186
31102 7094 5494 5491 5493
31103 2639 2731 2727 2619
31104 5028 4626 4624 3751
31105 5027 6285 6525 6887
31106 5992 3288 5674 6924
31107 5189 5782 4935 5861
31108 2995 4679 5010 4680
31109 4616 3752 4625 3751
31110 6188 6398 7129 5042
31111 3077 3488 2841 3074
31112 3151 3052 3903 3153
31113 6552 5894 6027 5563
31114 3686 3816 3815 6552
31115 5411 6844 6155 6689
31116 4212 3714 7186 5348
31117 6869 7156 6614 5608
31118 6030 4367 6028 6747
31119 3853 4540 6622 3854
31120 6788 5186 5829 6009
31121 2960 6178 6850 3719
31122 5311 7221 7200 7243
31123 6627 3601 5829 3603
31124 2984 3272 4602 4526
31125 5175 5250 4469 5248
31126 4472 5018 6171 6173
31127 3134 4111 3901 3136
31128 7023 5174 7081 4651
31129 3039 2626 6619 2951
31130 5275 5278 7196 5276
31131 4796 4798 3502 6562
31132 4111 3143 3901 5174
31133 6841 5248 4538 5753
31134 5248 4486 5247 5175
31135 3279 4588 4649 4518
31136 7152 4518 7082 4650
31137 3665 3358 4179 4000
31138 4518 7152 6290 4650
31139 4650 7151 4651 7082
31140 4946 7001 6411 6902
31141 4945 5233 4953 4954
31142 4910 5233 7115 7011
31143 5234 5587 4049 7139
31144 4953 5234 4947 4952
31145 4205 4784 6990 6382
31146 2679 4427 6544 4428
31147 4206 3250 5820 5405
31148 5041 3224 6191 5042
31149 4986 7249 4980 7264
31150 4381 4386 4389 4384
31151 7086 6245 6538 7083
31152 3679 5190 2522 2506
31153 3679 2522 5190 2538
31154 3076 3489 3520 3488
31155 3678 3662 2489 2505
31156 4828 3690 7140 6432
31157 3679 5190 2554 2538
31158 4142 6116 4056 6812
31159 6915 3503 5928 3498
31160 3495 3333 3501 4356
31161 4722 4455 3651 2843
31162 3499 6885 6795 6561
31163 3433 4647 3431 6794
31164 6691 6877 5127 6878
31165 3322 5909 3319 4782
31166 6030 4366 4367 4368
31167 3674 5054 3675 3631
31168 3299 2721 5052 2720
31169 3638 4322 2704 4716
31170 4541 6756 3285 7153
31171 4212 4802 4805 6947
31172 4965 4656 5389 4211
31173 5424 4654 4384 6913
31174 4427 5424 6830 5402
31175 4292 6256 5580 5180
31176 5609 7023 5174 7081
31177 3425 4470 4474 7176
31178 3507 6847 3998 4785
31179 6287 4649 5079 6290
31180 7088 1637 5371 6343
31181 6393 5371 7088 6447
31182 5165 6393 6343 3866
31183 6343 6448 6360 6344
31184 6360 6385 5162 696
31185 4055 4028 4027 6808
31186 3272 6319 3628 4604
31187 6413 4052 4054 6411
31188 3072 3071 4257 6765
31189 3273 3312 3309 5922
31190 4258 7156 5148 7195
31191 6200 6183 6202 6186
31192 6183 7194 6186 6184
31193 5083 5585 6183 5119
31194 5083 6183 5585 5501
31195 4908 4907 5531 5097
31196 5554 5097 5575 3934
31197 5211 4976 5361 4977
31198 5172 4681 7096 4628
31199 4248 5888 4167 4196
31200 3674 5057 4679 4681
31201 5514 5805 7143 5322
31202 6051 7238 5159 7097
31203 6589 2932 5364 5361
31204 5211 6252 4971 5076
31205 5512 5832 6005 5858
31206 6005 5512 5858 5184
31207 2726 4061 3671 2638
31208 3364 3363 4408 3367
31209 3037 2902 2900 6622
31210 5512 7189 6003 6908
31211 5184 5512 5858 7189
31212 6647 7095 7094 5493
31213 2345 325 7148 5573
31214 5573 325 2420 326
31215 7148 5573 2420 2436
31216 7148 7236 5904 7147
31217 7236 6296 5573 7235
31218 4958 5116 5004 7239
31219 3820 4100 4979 4104
31220 4920 5569 4860 6344
31221 5344 6436 6143 6366
31222 4791 3617 3616 3624
31223 4035 5294 6350 6315
31224 6576 4034 4771 3269
31225 4033 4040 4042 4044
31226 3269 3267 4773 701
31227 6390 4044 6316 6314
31228 6465 3624 3616 4918
31229 4917 4560 3104 7203
31230 6697 5507 4779 4716
31231 4033 6514 4036 4039
31232 4915 6313 4553 6408
31233 3065 3064 3066 3564
31234 4044 6316 6315 6996
31235 3706 3726 6486 6418
31236 6486 2509 6498 6499
31237 4950 5925 4951 4956
31238 5183 3992 5212 5179
31239 4955 4950 6681 3703
31240 3703 4950 6681 3707
31241 5975 6238 3383 3384
31242 4709 4715 6364 6781
31243 6410 6489 7055 3695
31244 5934 6489 2908 3726
31245 2929 2932 2931 2950
31246 5166 5109 4628 5169
31247 5057 7093 5136 3648
31248 4547 4545 5096 5101
31249 5109 5136 6943 6986
31250 5361 4248 6589 5888
31251 4968 5321 4969 4566
31252 5235 3920 5236 3933
31253 3673 3672 4679 3648
31254 6986 5136 6943 5236
31255 4390 3890 3883 4392
31256 3648 3920 7274 7093
31257 5054 4976 5361 5211
31258 6114 6660 3685 3694
31259 5926 4846 6413 6411
31260 5542 4845 4223 6658
31261 4839 6658 4846 4841
31262 2950 4846 6658 4841
31263 4913 6685 4182 5092
31264 4605 6209 6685 5092
31265 4374 4050 4059 4049
31266 5975 6349 6238 5132
31267 3839 3842 3650 3840
31268 3839 3650 3787 3840
31269 4222 5975 5944 5132
31270 3647 5190 4827 3650
31271 3672 3650 3839 3842
31272 4827 3650 5190 3787
31273 2930 2967 3839 7004
31274 4760 4407 4408 5356
31275 6566 5697 5766 5400
31276 6582 4902 4901 5752
31277 5684 2854 833 5685
31278 5684 5697 5699 2854
31279 5699 5400 900 5697
31280 6425 6687 6719 6616
31281 6566 5684 5697 5893
31282 3538 4902 6582 3544
31283 3159 6007 5184 6006
31284 4284 4285 6812 5430
31285 5989 4117 5982 4119
31286 6709 5324 1206 1173
31287 6709 5324 7189 7188
31288 6709 7189 5324 6813
31289 6709 7165 7189 1232
31290 6709 5324 1173 6813
31291 3485 3874 7207 4260
31292 2631 3494 3493 3487
31293 3875 5311 7200 5310
31294 6246 6249 6252 5455
31295 5176 6173 5019 5018
31296 5019 3486 3487 7233
31297 3384 5944 3310 5975
31298 5314 3796 6114 6178
31299 4136 3515 4135 7071
31300 3214 3456 6565 4992
31301 3516 5996 5997 5998
31302 2947 5695 4723 7026
31303 4642 4641 7184 6174
31304 3516 6138 5564 5999
31305 3216 3217 3905 4511
31306 3665 4180 3654 3358
31307 2630 3792 3040 3717
31308 7071 4936 6911 4136
31309 3220 4073 6071 3936
31310 4645 4474 7176 3432
31311 3430 5437 4647 3433
31312 3433 3431 5335 7231
31313 3433 6794 3431 7231
31314 5437 3433 6794 4647
31315 3509 4647 5437 6794
31316 3746 6490 4448 5847
31317 4796 5437 6560 6561
31318 3423 3427 3433 3431
31319 4478 5594 4313 4479
31320 4478 4732 4481 4482
31321 4480 7167 4481 4482
31322 4476 3001 6527 7110
31323 6152 5730 3028 4639
31324 6470 4734 3023 4735
31325 5975 2826 4169 5132
31326 4478 5594 4479 6479
31327 4085 3286 4084 5264
31328 6286 4492 6285 6525
31329 4393 6260 5746 6941
31330 2872 4745 3454 3453
31331 4079 5264 4085 4084
31332 3235 5992 3288 5674
31333 5030 5523 4330 6666
31334 4143 4523 5141 5302
31335 4758 5577 6729 5353
31336 5011 6018 3678 3662
31337 5105 5055 3674 3631
31338 4555 4562 4561 4545
31339 4087 3836 5258 5735
31340 4909 5108 5555 5557
31341 5096 5169 5102 5100
31342 3559 3637 3814 6546
31343 5120 6148 5763 5765
31344 5049 4265 4310 4276
31345 4581 4576 6937 4580
31346 4634 5134 5138 7038
31347 6277 5040 6210 4873
31348 3475 3888 6388 5071
31349 4634 4580 5138 5133
31350 6843 4310 6155 5383
31351 5785 6298 5779 5903
31352 5825 5293 5824 5291
31353 5814 5785 6228 5199
31354 6228 6231 5199 6229
31355 5777 7181 7230 6634
31356 5774 5775 5776 6730
31357 4581 4576 4572 6937
31358 4573 3813 7188 6923
31359 4321 4573 6810 4577
31360 5457 5658 6133 5210
31361 3354 3653 4179 3353
31362 6677 6278 5210 7211
31363 4577 4300 4581 6920
31364 4577 4581 6937 6920
31365 5983 4892 4893 5360
31366 5576 7158 5980 6728
31367 5355 5496 5360 7172
31368 5947 7091 5983 4893
31369 6736 6924 5674 5980
31370 4836 6663 6649 4838
31371 4837 5980 4838 5603
31372 4603 113 83 5959
31373 6038 85 5945 4604
31374 84 4603 113 83
31375 4603 113 5671 114
31376 4722 2840 3552 2844
31377 6038 4603 5671 114
31378 4603 83 3311 5959
31379 3526 6110 6033 6227
31380 4543 4322 5507 4312
31381 3077 3489 6696 6198
31382 4027 4029 3526 6110
31383 5670 4531 4532 3955
31384 4026 4117 7226 4138
31385 4029 4028 1052 6110
31386 5009 3650 3647 4827
31387 2996 6429 4161 4162
31388 6429 6934 4828 4161
31389 4829 6592 6426 6591
31390 4828 6432 4829 6428
31391 4919 4924 4921 4800
31392 3870 3820 6359 6446
31393 5214 3277 618 634
31394 5519 6384 3870 6359
31395 3848 4958 4101 3849
31396 4919 4921 4861 4800
31397 3817 3870 6446 3820
31398 3850 3867 3866 6476
31399 4102 4101 4964 4963
31400 4987 4989 3978 3971
31401 7025 5645 4801 5459
31402 4924 5843 4922 4982
31403 4923 6480 3845 7272
31404 4789 4864 4926 5254
31405 4862 4864 7025 5511
31406 6175 6495 1349 1411
31407 6175 5219 1289 1349
31408 6175 5219 6679 1289
31409 4697 5219 6175 6495
31410 4703 6175 6496 6495
31411 6175 6495 1411 6496
31412 4702 6664 4703 6175
31413 6977 7105 1677 2384
31414 4310 6155 5383 6844
31415 7105 6977 4351 6976
31416 3466 6434 2463 2479
31417 3466 5481 2447 6434
31418 5570 4323 3188 4689
31419 4728 340 4690 4691
31420 4728 340 4691 335
31421 4728 335 4691 4729
31422 5672 331 4728 4729
31423 6309 4338 5419 6121
31424 6309 6100 6070 6016
31425 5456 4450 4466 4452
31426 4859 4851 4852 2972
31427 4869 3030 3970 2972
31428 4859 6291 4869 4852
31429 4062 3322 5908 4346
31430 4744 4226 3010 6804
31431 4796 3502 4797 4646
31432 3926 3932 5401 5403
31433 4144 5189 5687 5393
31434 5896 1690 5833 5887
31435 5935 5834 5896 5887
31436 5896 5833 1690 1683
31437 6653 5881 5896 5834
31438 4232 4543 4311 4322
31439 1761 5837 1775 5833
31440 5896 5834 1834 1683
31441 5896 5837 5838 5508
31442 4366 6030 6182 4368
31443 3693 3683 5543 5886
31444 4839 4606 7109 4840
31445 4839 4845 6658 4223
31446 3292 5542 6658 4845
31447 5093 5092 4191 6750
31448 5542 4845 3693 4844
31449 6152 5153 5730 5638
31450 5154 3544 5155 4902
31451 4149 7268 3710 7162
31452 6472 5733 5607 7222
31453 6189 5700 6207 6637
31454 4521 5141 4764 6575
31455 6204 7187 4329 5669
31456 3079 3080 4503 5392
31457 4376 5453 2729 2730
31458 5141 5140 5142 6575
31459 4589 4733 5303 5393
31460 5954 4534 5146 5955
31461 3810 4364 5078 5186
31462 5185 5186 6720 6010
31463 3401 5444 2933 3954
31464 4601 4603 5959 5671
31465 4526 6008 5131 5944
31466 4788 5624 2945 5089
31467 3861 5649 5319 5639
31468 3861 3163 6325 5649
31469 2614 2615 2616 3857
31470 3586 5325 6053 3588
31471 516 5338 524 5339
31472 5701 6398 5700 6188
31473 5325 5326 5327 4498
31474 2841 2845 3488 2847
31475 3651 6087 4722 3569
31476 4061 3438 3572 7094
31477 4217 5700 5701 6398
31478 4722 6241 6087 4455
31479 6022 109 6241 5853
31480 6022 3670 5853 6241
31481 4110 4285 4142 4284
31482 4334 6309 4337 6596
31483 3034 6206 7130 3110
31484 6149 6131 5985 6004
31485 5653 5652 5623 5768
31486 6337 6220 6091 5863
31487 5874 6083 3696 5320
31488 6035 6036 4413 6192
31489 4781 5377 4779 6014
31490 4308 6084 4742 4634
31491 6549 6959 5039 6814
31492 4294 4636 4295 3790
31493 4809 6277 4251 7048
31494 6134 4253 5614 4252
31495 4218 6154 5022 5021
31496 4252 4253 7048 6922
31497 4251 4252 6959 5039
31498 5039 4251 7241 6959
31499 5899 3473 6958 7066
31500 4411 4928 6690 7212
31501 4928 6179 7012 4867
31502 3824 3826 5242 6487
31503 5241 3983 6998 5862
31504 3528 5467 3531 3530
31505 3742 3755 3827 3995
31506 4809 4807 4808 7246
31507 5899 6958 4023 4024
31508 3983 4283 4282 6213
31509 3474 3734 5085 3536
31510 4023 6157 3533 4016
31511 5447 5768 5804 5449
31512 2828 3529 3534 6126
31513 4250 5974 4253 4273
31514 5066 5899 5072 5071
31515 5372 3613 3608 3607
31516 578 5938 5946 577
31517 3614 3736 5938 1664
31518 3449 3613 3614 3607
31519 3449 3613 3611 3615
31520 3609 3612 3610 4888
31521 5804 5799 5769 5768
31522 5445 5652 5768 5769
31523 3473 6492 6389 6222
31524 3528 3536 3534 3533
31525 5085 3533 3534 3536
31526 5071 3473 7066 6388
31527 3475 3473 5071 6388
31528 3817 5301 3888 3844
31529 5768 6714 5656 5515
31530 3479 3478 6404 6787
31531 3528 3734 3532 3761
31532 6294 6389 3473 6492
31533 5207 4667 4669 2712
31534 6532 6968 6431 4560
31535 6694 6628 4668 5267
31536 4666 3766 4670 4671
31537 3100 4551 4558 5240
31538 4674 6323 6968 6431
31539 6968 6431 4560 6807
31540 3918 2769 3931 3921
31541 6339 4430 4432 4431
31542 6776 4720 4721 4992
31543 3545 5697 2854 5699
31544 3544 5676 3542 6528
31545 3542 3545 3543 5676
31546 3538 3543 2854 3541
31547 6692 6688 6534 4430
31548 6582 5697 3545 5766
31549 3538 3545 5697 2854
31550 3545 3266 3543 890
31551 3545 5698 890 5744
31552 3545 5697 5699 5698
31553 3445 4216 4750 7073
31554 3090 4226 6772 5122
31555 3710 6506 7162 7268
31556 4856 4066 4427 3147
31557 3996 3507 6847 3998
31558 3511 3507 4786 3506
31559 4457 4750 6717 4754
31560 4019 5643 4457 6717
31561 3550 6301 4819 4747
31562 4017 4449 4216 4441
31563 4017 4429 4449 4441
31564 5154 4897 2788 4902
31565 6176 5777 6266 5181
31566 6104 6607 6265 6269
31567 5291 5825 6395 5824
31568 5291 6234 4291 3173
31569 6298 5537 6634 7181
31570 6298 7230 6296 5581
31571 6062 5581 6297 5583
31572 6062 6061 5539 5583
31573 5537 6673 5581 5539
31574 6103 6269 5540 6607
31575 6726 5777 7181 7230
31576 5778 5775 5220 6228
31577 5959 3628 4601 3629
31578 4055 4028 4026 4027
31579 5187 4029 4026 7226
31580 3701 5481 4348 6434
31581 6976 5481 4348 7105
31582 294 24 1677 2384
31583 6435 4350 2496 3466
31584 2496 4351 2480 3466
31585 6092 4349 1698 5547
31586 5547 7105 1684 6092
31587 5546 2304 6364 1678
31588 5546 2383 1678 7105
31589 4091 5853 6022 3670
31590 6019 6569 6568 5911
31591 6862 3105 5919 3185
31592 4092 6568 6019 6569
31593 6022 108 6239 109
31594 6022 3585 3580 3670
31595 6019 5912 6680 107
31596 3161 3309 3310 3163
31597 2787 6339 4432 6107
31598 5964 5961 2674 6299
31599 5960 6299 2673 2674
31600 5961 2674 5332 5964
31601 5961 5940 445 446
31602 5958 3385 5957 5332
31603 6299 1753 5964 6822
31604 6783 6822 1753 1760
31605 5907 6599 913 2976
31606 4475 6533 6703 5498
31607 6582 6890 6559 4901
31608 5801 6716 6699 6533
31609 3846 4212 4802 4805
31610 6030 6028 5894 6747
31611 6339 4430 4431 5497
31612 6027 5562 6747 6028
31613 7237 6027 5562 6747
31614 5562 6029 4207 6028
31615 3295 6028 6029 6027
31616 6747 6742 6748 4367
31617 6742 6028 6747 6745
31618 6743 6742 4196 6659
31619 6820 5563 6030 6181
31620 4610 5343 525 518
31621 4610 1908 5841 1933
31622 5145 4610 5841 5840
31623 4610 5343 518 511
31624 4610 525 5343 6098
31625 5417 5866 6989 6855
31626 6950 5757 5706 6989
31627 5421 6855 5417 6654
31628 5106 5108 5107 5798
31629 5104 3631 7197 5056
31630 6338 5397 6692 6688
31631 5136 5137 5531 5106
31632 5536 5501 6183 6184
31633 3809 2864 3871 4257
31634 5184 5512 7189 6003
31635 5978 6706 4287 6006
31636 3671 4061 3177 4756
31637 5978 6813 5184 6005
31638 6007 5184 7189 6003
31639 6734 4696 6270 6671
31640 976 6667 969 6671
31641 6495 5219 5220 5218
31642 6236 6061 5824 4291
31643 5296 6672 989 6665
31644 5289 1411 5298 6495
31645 5289 5218 6495 5298
31646 5208 5682 5209 5602
31647 3746 6490 5847 6106
31648 3100 4673 6968 4559
31649 6721 5740 5269 6124
31650 5854 3908 4674 6807
31651 4096 5223 6547 5227
31652 5683 5684 6338 6340
31653 5682 4096 3390 5601
31654 4894 5637 2759 4895
31655 5854 6807 4673 4916
31656 3314 3343 3317 3770
31657 4895 5637 4465 5606
31658 4985 5329 5118 5116
31659 6283 6120 6128 6282
31660 4917 3618 3616 6497
31661 5003 5118 6284 5116
31662 5116 6284 6456 5118
31663 6307 5116 6284 6456
31664 3738 4098 4096 5223
31665 5823 3627 3626 6505
31666 3673 3674 5057 4679
31667 3619 4917 3618 3616
31668 4920 6480 3460 3843
31669 4304 4303 4964 6985
31670 3549 5253 4895 4462
31671 4814 6146 6922 4253
31672 5617 4815 4253 6146
31673 1515 7026 6779 1556
31674 5695 7017 1556 7026
31675 7017 1594 1545 7042
31676 2947 5094 7017 7026
31677 7017 7042 5696 1568
31678 4199 4200 4201 4998
31679 5519 4104 5552 3820
31680 3843 4921 4922 3870
31681 4924 3848 5117 4979
31682 5519 4981 3870 6384
31683 4106 5916 4104 4103
31684 5059 3877 4490 3876
31685 5176 4489 3486 5249
31686 5059 4489 4260 3876
31687 4593 4020 3876 4489
31688 4484 4645 4643 4644
31689 3900 4941 3902 6914
31690 4685 7202 2652 4416
31691 4685 4417 6280 4416
31692 2659 5435 6048 3572
31693 2668 6280 6049 6048
31694 3325 3332 3329 2966
31695 5435 7177 3572 7095
31696 7177 6501 6048 3572
31697 4193 2685 4190 4183
31698 5282 3928 4047 3929
31699 3444 3750 4317 4018
31700 4372 4050 4059 4374
31701 5282 5284 4183 6764
31702 5284 6969 2684 6543
31703 6798 6542 2683 7068
31704 5132 4298 5969 5131
31705 5844 5407 6888 5845
31706 4895 5606 4465 4462
31707 3857 5883 3410 2616
31708 5253 5802 4896 5642
31709 3869 3397 5271 3872
31710 3416 3860 3857 3417
31711 3857 3410 3859 2616
31712 4364 7132 5078 6010
31713 3775 5850 6026 6859
31714 5850 3775 5955 6859
31715 6720 5186 5078 6010
31716 3775 6786 6758 6859
31717 6287 5079 4649 6264
31718 3072 6627 4258 3603
31719 3777 3778 5078 2989
31720 3776 3778 5849 5850
31721 4580 4576 6937 6118
31722 7255 6136 4631 6972
31723 6955 6146 6147 6136
31724 4102 4304 4303 4964
31725 6146 4253 5616 6922
31726 6362 4636 6684 6992
31727 6500 6577 6481 6464
31728 6500 1445 6427 6903
31729 7258 6741 6651 4331
31730 4329 4332 4331 6002
31731 5030 6777 5029 5033
31732 5416 5114 5031 6875
31733 3235 3237 3287 3288
31734 3235 5993 5992 5015
31735 5029 4332 7258 4331
31736 3855 5869 5625 5870
31737 5086 2945 3856 5624
31738 5089 4787 6261 5548
31739 2653 3670 2640 2643
31740 3852 4788 4787 6242
31741 4237 4240 4242 5266
31742 6348 6798 7068 5942
31743 6182 6181 4539 7163
31744 3872 5895 3069 4358
31745 4540 3854 7185 6927
31746 5048 4873 4872 6210
31747 4250 4550 6549 5039
31748 5041 5043 5042 6398
31749 5043 5040 7193 5039
31750 5047 4550 5040 5041
31751 5040 5039 7160 7193
31752 5048 5040 4873 6210
31753 6970 6277 7160 6210
31754 6007 7189 5184 6813
31755 6007 5184 6706 6813
31756 6677 5457 6133 5210
31757 4321 3812 4717 6810
31758 4271 6362 4634 4637
31759 4740 2726 4061 3438
31760 6546 6677 6676 6708
31761 4573 6810 4577 6923
31762 3166 4399 6279 4417
31763 2989 5078 3775 3778
31764 5670 4531 4119 5984
31765 2985 3809 4258 3811
31766 3728 4717 2703 4284
31767 6720 6010 5078 6023
31768 5978 6720 3777 6707
31769 6698 3776 6415 5849
31770 4938 5115 4007 6730
31771 6285 5028 3244 6356
31772 4225 3010 3030 3049
31773 6285 5028 6852 6887
31774 6286 6285 6887 6525
31775 3935 3942 3936 3785
31776 4653 4957 6603 6260
31777 3686 5894 3295 6027
31778 4649 6289 4652 6999
31779 3295 6028 6030 4367
31780 3686 6552 5894 6027
31781 5894 6747 6028 6027
31782 6030 5894 5563 6747
31783 3801 3795 3797 6988
31784 5563 6181 6819 6686
31785 5894 3687 3295 6030
31786 3681 3688 3692 3683
31787 3797 6113 3796 6850
31788 4804 3688 3605 6963
31789 3688 3605 6963 4443
31790 3715 5328 5404 5349
31791 6113 6850 3797 7205
31792 3504 5724 5311 5310
31793 3688 3683 5885 7157
31794 3688 4443 5885 3683
31795 3941 3577 3942 4375
31796 4225 2972 3010 3016
31797 2769 2774 2776 3931
31798 4098 5533 5535 2792
31799 4062 5908 3322 4782
31800 2972 4849 2970 2973
31801 4458 2921 4347 4459
31802 3513 3517 3514 5999
31803 3925 7022 3143 6792
31804 5275 5280 5276 7196
31805 3425 4459 5337 5336
31806 6256 6255 6642 7102
31807 6256 7102 5180 6255
31808 4664 3653 4536 4596
31809 3282 5968 7221 6420
31810 5076 6039 6037 7269
31811 3799 7041 3518 5696
31812 5686 7042 7050 5696
31813 7043 4973 6585 4974
31814 3884 4511 4360 3831
31815 4393 4395 6286 6941
31816 4684 4583 3286 3237
31817 6929 4957 6852 6285
31818 3237 5993 5577 3288
31819 5264 4583 4391 3885
31820 2698 3197 3006 3337
31821 6286 6285 6929 6887
31822 4390 4361 6433 4394
31823 4330 6603 6356 6852
31824 3335 6795 3500 3499
31825 2913 5580 5336 3427
31826 5424 4654 6913 5402
31827 3510 3968 4062 5908
31828 4121 5401 3932 5402
31829 4786 6847 4784 7215
31830 3247 3246 3339 3319
31831 4682 6517 5007 5192
31832 5256 4853 4555 5258
31833 4640 7223 7184 7117
31834 7113 5193 7244 7100
31835 4585 4078 4077 6975
31836 4512 6433 4585 4077
31837 4640 7240 4641 5370
31838 5790 4584 7029 4723
31839 4642 4641 4640 7184
31840 3431 7232 7216 5180
31841 7231 3431 7232 7216
31842 3510 3507 4062 3511
31843 5180 4786 7215 7216
31844 5180 7215 6255 7102
31845 6256 6641 5180 7102
31846 5580 7225 3431 7232
31847 4785 4786 6847 4784
31848 3427 2921 2913 2919
31849 7153 5311 7213 6756
31850 5835 5894 6686 6181
31851 4212 4802 6947 7179
31852 3687 5835 6181 5894
31853 6114 3692 6850 6113
31854 3715 3716 5349 5404
31855 4804 6850 3688 7206
31856 5067 6402 4030 3479
31857 6403 6423 3478 6387
31858 6343 6393 7088 3866
31859 5371 6787 6387 6393
31860 2915 2916 2917 4278
31861 4495 5328 6984 6762
31862 4211 3715 3714 5349
31863 3874 3876 4260 3485
31864 6948 6947 5348 4211
31865 3714 6850 7206 6981
31866 3716 3797 7205 6988
31867 3716 5404 6981 5349
31868 7168 6988 5404 6946
31869 2960 4804 3714 6850
31870 3491 3048 5425 5968
31871 6187 5585 6183 5501
31872 5536 6187 5137 6183
31873 5098 6187 5137 5237
31874 5536 6187 6032 5137
31875 3643 6187 5137 6032
31876 5211 5054 5056 7271
31877 5364 2932 2937 2930
31878 6767 4681 7096 5172
31879 3396 3809 2986 2939
31880 3366 4398 4417 2652
31881 2851 3630 2856 4455
31882 5736 6936 5737 4575
31883 6647 7094 5491 5493
31884 3063 6003 3159 6007
31885 4904 4906 6185 5803
31886 4903 4904 4890 5358
31887 4908 5097 5236 5575
31888 4079 5352 5735 4087
31889 3259 4127 4280 4255
31890 5556 6727 5557 6893
31891 4908 5531 5213 5236
31892 4908 4907 5097 4943
31893 6287 6288 4648 6289
31894 6686 5894 5563 6181
31895 6552 3686 5894 6686
31896 6686 6181 6819 5963
31897 6552 6686 5563 7020
31898 5677 4648 7075 4652
31899 4791 3624 4035 5294
31900 4791 3624 3616 6465
31901 6363 6346 700 5459
31902 4035 3624 6350 5294
31903 4043 4041 4037 4033
31904 6363 3269 701 6346
31905 4950 5925 6499 4951
31906 6498 6499 2508 5178
31907 3992 5191 5925 5177
31908 4833 3990 4949 4157
31909 5178 2523 6308 5179
31910 6961 3707 6681 7257
31911 4977 5062 4167 5063
31912 4648 6288 7075 6289
31913 5212 6426 2474 5011
31914 2474 5011 2490 5212
31915 5212 6426 5183 2475
31916 4827 3991 3729 6308
31917 5212 2523 6308 5190
31918 3295 4370 5889 4367
31919 4605 6685 6209 4606
31920 2858 2862 2861 2860
31921 4910 7115 5233 6205
31922 6411 4052 4945 4846
31923 3295 6028 4207 6029
31924 5889 5232 6659 4372
31925 5322 5076 5514 5321
31926 5277 5279 4280 7035
31927 5103 3948 5167 5113
31928 4545 4556 4548 5095
31929 6051 4548 5112 5113
31930 3835 5559 3837 3829
31931 3258 3254 3252 3467
31932 3943 5110 3833 3952
31933 4494 4501 4500 4499
31934 4513 7058 4519 3899
31935 4150 4500 6137 4499
31936 4658 4966 5373 5408
31937 5384 5365 4515 4500
31938 4352 5677 4648 6288
31939 5365 5126 5408 4966
31940 4664 4536 4527 4529
31941 3665 4181 4000 4179
31942 6914 3900 4517 3899
31943 4257 6765 4258 3072
31944 2827 4298 2834 4297
31945 2862 4444 3072 3605
31946 4756 5865 3177 4090
31947 3775 4364 7132 5078
31948 5831 5185 5368 6010
31949 4258 6788 6627 7195
31950 3071 4257 6869 5608
31951 3108 3113 3115 3121
31952 3962 5700 5125 5124
31953 2668 2662 2661 6049
31954 3121 6503 5884 6501
31955 2659 3575 3572 6048
31956 5210 7210 6278 6279
31957 6279 6280 5443 6503
31958 6503 4418 6504 6049
31959 5082 6154 3203 5701
31960 3813 3812 3064 4573
31961 3574 3179 3121 3111
31962 3571 3179 3572 3575
31963 2913 4227 3431 2919
31964 4139 4937 4936 7057
31965 4796 4646 4799 6560
31966 3901 3900 4941 3902
31967 4140 3902 6931 7116
31968 3900 4518 7082 4517
31969 4650 3900 4518 7082
31970 4651 7081 6999 4652
31971 4204 6731 1413 4780
31972 2857 2988 3272 3628
31973 4080 5032 5034 5357
31974 4584 4136 7071 6779
31975 3494 7124 7089 7252
31976 4642 4640 4834 7191
31977 6619 7090 3494 4483
31978 3192 3661 2628 5018
31979 1413 4204 1009 1261
31980 4969 6051 4974 4973
31981 5019 7240 5018 6173
31982 4637 4295 6992 6416
31983 3680 5973 6123 6148
31984 5133 5138 6118 4580
31985 6362 5312 4634 4637
31986 3887 3914 4817 3886
31987 4806 4270 4272 4816
31988 4304 6108 6684 6985
31989 5000 3470 6143 4132
31990 6302 4256 5795 6304
31991 3361 3735 3330 3846
31992 2656 3092 2662 3175
31993 3583 6241 3585 6239
31994 3709 6149 5985 3526
31995 1413 4780 1002 4204
31996 3554 6509 4165 3566
31997 6080 6630 5377 3803
31998 2729 994 2730 1001
31999 6337 6220 6274 6091
32000 6202 4995 5006 4997
32001 5026 5005 5017 5554
32002 4995 2517 5006 2501
32003 4995 4997 2485 5006
32004 5554 5026 5097 5017
32005 5195 5575 4942 5202
32006 5195 5554 5005 5026
32007 7146 4996 6202 4997
32008 6200 4996 6202 5084
32009 3683 3693 5543 7157
32010 6590 3691 6583 6584
32011 6114 6113 6115 3691
32012 7221 6756 5311 3282
32013 2899 2901 2964 2903
32014 5544 6590 6880 5542
32015 6597 5392 966 6661
32016 5392 966 6661 973
32017 4378 979 4380 972
32018 4524 4379 4523 6368
32019 4010 6177 7258 3082
32020 6270 4704 4510 6650
32021 4704 4203 4510 974
32022 6867 6650 4510 974
32023 4697 5218 6176 5217
32024 4703 6496 6665 5297
32025 5688 4874 4867 4931
32026 5330 6281 6245 5331
32027 3823 6125 4874 4870
32028 5023 6488 6120 3618
32029 3619 3616 3617 3624
32030 5023 6128 6282 3102
32031 5688 4874 5693 4865
32032 4883 4931 4928 7012
32033 7032 3797 7080 3795
32034 4975 5076 5074 6037
32035 7205 7032 3797 7080
32036 3799 3798 3795 7190
32037 3795 3798 7043 7190
32038 4578 3799 7190 3798
32039 6660 6039 6027 6029
32040 3795 7041 7032 6988
32041 3801 7168 6988 5404
32042 6253 5514 4570 4569
32043 3281 3282 3570 3048
32044 3693 3692 7157 3683
32045 4868 3979 4866 5045
32046 2987 3778 4025 4534
32047 4119 4602 5933 4534
32048 4363 4526 5147 5130
32049 4222 3272 5944 3310
32050 5201 5202 5866 6855
32051 5789 4890 4905 4900
32052 5773 4900 5785 5779
32053 5776 6228 5199 6939
32054 3697 6225 1057 6836
32055 5528 6077 5863 5143
32056 2779 6193 6244 6111
32057 3699 6193 3697 2779
32058 4734 5594 6737 5595
32059 4766 6470 6477 6617
32060 5598 5594 5595 5596
32061 5598 26 5595 4736
32062 3445 3551 7073 4750
32063 2761 4465 4895 4639
32064 6161 6162 6548 6055
32065 4452 4748 4450 5806
32066 4896 4895 5642 5606
32067 4868 4874 4867 4865
32068 5769 5799 5804 5809
32069 6050 5652 5769 6493
32070 5768 5653 5652 6573
32071 5446 5768 5449 5769
32072 5799 6050 5769 5800
32073 5800 6050 5769 6493
32074 6093 4324 4620 5661
32075 5768 5799 5769 5623
32076 2997 5009 4827 3839
32077 6489 7055 2746 7037
32078 2746 1658 7037 7055
32079 283 1633 284 2746
32080 2746 283 2876 2605
32081 2746 2606 2605 2589
32082 4775 1105 6688 4776
32083 5756 6567 853 4775
32084 1105 4775 5397 1086
32085 1086 5756 867 4775
32086 6341 4775 6688 4776
32087 4775 4777 866 1143
32088 3782 6487 3824 6329
32089 3782 6414 3783 6329
32090 3782 6414 3531 3783
32091 3824 5471 6461 6487
32092 3825 6816 3824 5242
32093 3822 3824 3825 6816
32094 3530 3531 3783 5467
32095 3532 3534 3779 3533
32096 4874 6125 5692 5693
32097 3001 7110 4810 6527
32098 5437 6561 3499 6795
32099 3086 3091 3090 4226
32100 3501 3333 3335 5620
32101 3496 3502 3497 3498
32102 2766 5437 3500 4647
32103 6441 4304 6985 4303
32104 4806 4811 4813 4815
32105 6985 4988 6453 6357
32106 4811 5617 4813 4815
32107 4267 4271 4632 4269
32108 5516 5632 5517 5518
32109 6367 6368 4379 5571
32110 4380 2799 2797 4377
32111 6367 5571 5570 6368
32112 3295 3293 3694 6660
32113 3694 6114 3691 3692
32114 3692 6113 6980 7206
32115 3684 3693 5886 3683
32116 7157 3693 5543 3691
32117 3292 4249 5542 3691
32118 3692 6113 7206 6850
32119 3693 4844 4845 5886
32120 4477 4732 4731 6872
32121 4149 6872 7268 7162
32122 7110 4810 3306 6506
32123 6599 6559 6890 6551
32124 4403 4430 4429 4432
32125 4154 4625 4433 5456
32126 4452 4450 4454 5806
32127 3230 4404 2804 3287
32128 3373 4010 2804 6002
32129 4624 4450 4451 4433
32130 2696 2878 3879 2693
32131 4534 5851 3778 5955
32132 4534 4119 4531 5851
32133 4289 3953 4288 5670
32134 4531 3955 2987 4532
32135 3628 4602 3272 4604
32136 4025 4534 3778 5955
32137 2922 5932 3859 2923
32138 5935 3409 5892 5887
32139 3409 3859 2616 5892
32140 3858 3861 5932 3859
32141 3410 3409 3859 2616
32142 5045 4867 7012 6179
32143 2922 3859 5951 5892
32144 6025 4312 1235 1193
32145 1171 1193 5900 6025
32146 6025 4300 1254 1235
32147 5243 4870 3825 5045
32148 6025 5900 6810 5507
32149 6025 6916 4300 6810
32150 6025 4300 6916 1254
32151 502 5965 501 6132
32152 5965 6129 502 503
32153 6135 5965 6129 3698
32154 6129 3698 6151 6135
32155 5965 498 6129 503
32156 6135 5965 497 498
32157 5965 501 6132 6127
32158 6259 565 3699 6111
32159 6509 3554 6085 6274
32160 5707 5972 6349 5132
32161 6193 3699 6111 2779
32162 3699 6220 5144 6111
32163 6149 5985 3696 3709
32164 3698 6151 3699 5418
32165 6220 6083 558 565
32166 5144 3699 6111 6193
32167 3699 572 6135 565
32168 4231 5383 5377 6080
32169 6079 5390 5413 4217
32170 3823 4874 5692 3822
32171 3612 4883 3610 5691
32172 7107 6159 6250 6471
32173 6159 3531 6414 3783
32174 3824 3826 6414 3822
32175 3823 5426 5692 6125
32176 5692 6352 3771 3822
32177 3783 3530 692 5469
32178 3973 4988 6212 5065
32179 3754 4030 5862 5553
32180 2825 3860 6349 6348
32181 5862 3754 5064 4030
32182 4031 5899 3473 4023
32183 3754 5064 4030 4031
32184 3973 4988 6215 6212
32185 3973 4283 3983 6213
32186 6363 4773 733 717
32187 6363 4773 749 733
32188 6363 4773 717 701
32189 6465 4791 4034 5645
32190 5380 4773 749 6481
32191 5132 5972 6349 5971
32192 6363 6482 748 6481
32193 6481 4771 4773 6363
32194 4792 5645 5225 5215
32195 6363 6577 5459 6482
32196 4033 4039 4038 4042
32197 3976 3975 5064 4023
32198 3754 5553 5862 3995
32199 3532 3742 3755 3826
32200 5241 5862 6998 3995
32201 3764 3825 5242 5243
32202 3533 3976 5064 4023
32203 3754 4030 5553 7044
32204 4675 4668 4672 5267
32205 4675 5269 6124 5268
32206 4673 4674 6968 6807
32207 3394 5208 5682 5209
32208 4445 4448 3748 3747
32209 4667 4558 5207 5240
32210 5960 6822 6299 5961
32211 4672 6322 5267 4668
32212 6323 6968 4668 4674
32213 3087 4433 4450 4466
32214 5025 5505 4624 5027
32215 2973 4341 3016 4848
32216 3055 4491 2693 4492
32217 4375 3942 3936 3935
32218 2972 4869 3010 2970
32219 6572 6275 6715 6573
32220 3088 5122 3090 4751
32221 3086 3090 3088 4226
32222 4452 4450 3012 4454
32223 4451 4454 4450 4453
32224 4452 4748 4823 5794
32225 4149 3001 7110 3710
32226 3970 5401 4859 3926
32227 3320 3322 5909 3318
32228 3495 3333 3335 3501
32229 3510 3500 3509 4647
32230 6245 3251 2677 5151
32231 4475 5253 4473 4018
32232 5182 5181 6649 3592
32233 4004 6176 5182 5181
32234 4836 7149 5181 6649
32235 4003 3592 4836 4001
32236 6635 5777 5181 7171
32237 5826 5814 5785 6228
32238 6062 6298 5826 5664
32239 4700 6606 6662 6623
32240 6060 6061 2498 4291
32241 6236 5568 6235 6061
32242 5905 7242 2483 6063
32243 5778 5220 5826 6228
32244 5281 6638 6640 6235
32245 5424 6913 4384 6829
32246 4199 7261 4383 4434
32247 3148 5036 3149 4856
32248 4793 5329 4800 4794
32249 3245 4785 4782 3247
32250 6847 6990 4785 4784
32251 6435 3701 4348 6434
32252 2495 2496 2479 6435
32253 3702 3706 3727 3725
32254 4709 6092 3701 6780
32255 4348 6780 5481 3701
32256 7105 6780 5481 4348
32257 3922 6092 6953 4707
32258 5923 3860 6349 5960
32259 4350 6435 2512 6825
32260 6019 106 5912 107
32261 6019 5912 106 5911
32262 6019 6022 107 6680
32263 5161 78 6022 5853
32264 6391 6394 6558 6602
32265 3709 3526 6227 6226
32266 2791 3539 6391 6774
32267 5535 2792 2788 3917
32268 3392 3390 3391 4096
32269 2703 6006 4284 6007
32270 4287 6674 5977 6415
32271 3113 3574 3121 3111
32272 3583 6241 6240 6024
32273 3776 4531 4532 5670
32274 5187 3524 4027 4029
32275 5670 4531 5984 6415
32276 3552 5749 5671 5369
32277 3804 3803 3521 6630
32278 6797 6630 6198 1155
32279 3489 6226 6225 6198
32280 6530 6797 3521 6836
32281 3489 6797 6198 6225
32282 3074 3077 4781 4056
32283 6530 6836 6258 1120
32284 4007 6730 4009 4005
32285 4008 5032 5033 5115
32286 4909 4904 5358 5803
32287 5773 5789 4938 5776
32288 5773 4938 5789 4939
32289 6634 5779 5778 5785
32290 5421 5417 6855 5866
32291 5551 5531 5137 5237
32292 5109 5057 6944 6943
32293 5057 5136 6943 5109
32294 5106 5136 5213 5531
32295 3648 6945 7093 7274
32296 3675 4161 2996 4828
32297 3649 4600 5551 3646
32298 3523 2847 3556 2844
32299 5105 5104 3689 5137
32300 5230 4452 4751 4748
32301 3443 3445 4019 4457
32302 4166 6078 6076 6077
32303 4696 5295 6734 6607
32304 6269 6673 6268 6267
32305 4781 4056 6696 4779
32306 6673 5537 7181 6269
32307 5207 2712 5208 5590
32308 4667 5207 3766 5240
32309 5848 4668 4675 5267
32310 5208 2712 7127 5590
32311 2710 2709 5208 2712
32312 5602 5682 5227 5208
32313 4215 4855 5035 6556
32314 4978 4981 4980 4982
32315 3258 3470 4131 4254
32316 4922 7219 3870 6384
32317 5519 6358 4980 6384
32318 3525 6149 3709 3526
32319 4980 6384 6372 4981
32320 6424 4980 6384 6372
32321 5519 6359 3870 3820
32322 6441 6214 4636 4294
32323 4263 4581 4296 6416
32324 3696 3525 6149 3709
32325 4636 4295 3790 6992
32326 4636 6684 6992 6991
32327 4296 4263 3790 4264
32328 4989 5974 5979 5129
32329 4580 6907 4581 6416
32330 4795 3620 4863 4801
32331 5329 5461 5118 6456
32332 3618 5461 6488 6120
32333 3618 3616 6497 4863
32334 4166 4164 3959 4160
32335 6497 3618 5461 6488
32336 3491 5968 5425 7062
32337 3874 6752 5968 7062
32338 2631 3047 3485 2633
32339 6039 7251 4564 6027
32340 3716 3714 6981 6850
32341 4495 4499 7266 6984
32342 3716 6981 5404 6988
32343 5349 3714 3716 3715
32344 4135 4137 3516 4134
32345 2946 2947 2956 4546
32346 2632 4489 3876 3486
32347 3167 3367 3360 4399
32348 3902 7116 7058 6931
32349 3704 3708 3566 3525
32350 7125 3485 4260 3486
32351 3875 3874 6752 5968
32352 5059 4485 4259 4538
32353 4528 4179 3655 4664
32354 6279 4399 5210 4400
32355 2651 3365 4662 2652
32356 6279 4399 4400 4417
32357 4685 6280 6048 5442
32358 4761 4408 3669 3363
32359 5831 4516 5829 4802
32360 6280 6503 6048 5442
32361 4589 4733 3024 6882
32362 3092 5210 3560 6278
32363 4192 6888 4184 4183
32364 7139 7141 4049 4881
32365 4193 5284 2685 4183
32366 4183 6749 2685 6888
32367 6798 6888 2685 5942
32368 3310 5976 3163 3312
32369 4191 4182 6834 5092
32370 4191 5092 6834 6750
32371 3781 5578 3405 3399
32372 3407 3781 3405 3399
32373 2944 3851 2866 3853
32374 3856 3855 2641 5625
32375 5161 5087 5626 6109
32376 5089 6257 5624 6621
32377 5089 5091 4787 5548
32378 5626 4612 5635 6570
32379 4089 4740 6711 6712
32380 6622 6713 4740 6712
32381 6622 2905 5491 6713
32382 3671 3184 3183 3177
32383 5625 4089 6712 3854
32384 4756 7094 5494 5491
32385 2648 2645 2856 5922
32386 3630 4455 6087 5921
32387 3037 5491 6622 2905
32388 2969 2727 3584 2619
32389 6109 6978 6570 4092
32390 6445 2887 2892 4692
32391 4632 4580 4295 4637
32392 4250 5039 6549 4252
32393 3420 5616 6136 6148
32394 7007 6084 5313 4742
32395 4771 4770 6500 6481
32396 4769 4773 6440 5380
32397 4034 4771 3269 3267
32398 4769 4036 3267 4771
32399 6465 6500 6464 6577
32400 3269 6576 6363 4771
32401 6465 6576 5645 4034
32402 5603 5674 6736 6865
32403 2806 3753 4330 3234
32404 4011 6177 4006 4013
32405 4520 5452 3084 5447
32406 6837 6741 6651 7258
32407 7258 4331 4332 6002
32408 2897 4787 4240 3852
32409 5093 7174 3071 6710
32410 3071 7174 5608 6869
32411 5577 5355 6729 5353
32412 3286 5577 4409 3288
32413 5577 3288 5993 6924
32414 4616 4626 4624 4623
32415 3454 3004 6691 3008
32416 5015 4778 4746 4745
32417 5992 5758 5993 6924
32418 5992 5014 5015 5758
32419 5992 5015 5993 5758
32420 3236 4355 4653 4391
32421 6937 4580 6907 4581
32422 4875 5986 6805 6013
32423 4737 6738 4693 5782
32424 7038 4580 4634 4637
32425 5614 6708 6134 6676
32426 4575 4573 6923 3813
32427 3038 5491 3037 2905
32428 3522 3877 4761 5310
32429 2721 5512 5832 6005
32430 4516 5829 6788 5186
32431 5831 4516 5186 5829
32432 5185 6005 5832 5857
32433 6622 2902 2900 2906
32434 5945 5906 5933 4526
32435 3312 5649 5639 82
32436 4526 5130 5131 5147
32437 4693 3435 4694 6738
32438 3273 5922 2648 2856
32439 4220 5608 4298 5130
32440 2985 2982 4364 5148
32441 4363 5148 5525 6758
32442 4363 4257 7156 5148
32443 3310 3163 3309 3312
32444 5131 4298 5969 5130
32445 2932 5888 5361 6589
32446 4159 4163 4157 4158
32447 4157 4162 5549 5924
32448 3707 6681 7257 4950
32449 4949 4954 4157 4159
32450 4207 6746 4196 4209
32451 3988 5888 5361 2932
32452 4692 5307 5780 4694
32453 5009 3672 3650 3839
32454 6278 4418 6504 6021
32455 6549 6676 6959 6814
32456 3105 4153 3106 3581
32457 5041 5390 5413 5410
32458 2702 2658 2655 2621
32459 5924 5191 3994 6594
32460 5925 5191 3992 3994
32461 6594 5191 6593 2397
32462 3993 5191 6594 3994
32463 5191 5177 6593 2460
32464 5191 2460 6682 5177
32465 4950 5925 5177 6499
32466 3421 5973 3680 4435
32467 5753 4485 4537 4538
32468 3558 4933 4695 5188
32469 5277 7035 7103 5278
32470 4213 3136 3280 3901
32471 4664 4536 4529 6906
32472 4598 4352 5678 5677
32473 4393 6286 4957 6941
32474 7223 4834 4640 7191
32475 4082 5555 5351 5488
32476 4084 5031 5114 6260
32477 5256 5712 4557 4555
32478 6919 6892 6455 5746
32479 5735 5513 3835 3952
32480 4081 4082 4080 5488
32481 4079 3837 5735 4081
32482 4915 6408 4551 5462
32483 4560 7204 3104 7203
32484 5270 6283 6128 6282
32485 4917 4918 6427 3616
32486 5807 5808 4553 3623
32487 5149 6629 6768 5433
32488 3096 3099 6629 7248
32489 7235 5573 6297 6296
32490 2887 4695 4692 6445
32491 2317 7236 6296 5573
32492 7236 7170 6296 7235
32493 2274 7236 7170 6296
32494 6298 7235 6297 6296
32495 4890 4900 4898 4905
32496 4938 4939 5947 4892
32497 7021 4555 2956 7026
32498 4584 4075 7029 6779
32499 7021 6433 6886 6975
32500 4655 4654 6913 4384
32501 3257 3468 4648 6264
32502 4655 6829 6873 6883
32503 4655 6913 4654 5612
32504 2995 2996 2997 4828
32505 4227 5180 5580 3431
32506 6137 6138 5564 4137
32507 4213 5174 3901 4651
32508 5678 4654 3932 5612
32509 4389 4386 5424 4384
32510 4563 4569 4571 4568
32511 3281 3491 5968 3048
32512 3665 4181 3664 4000
32513 3716 7205 6850 6981
32514 3801 3716 6988 3797
32515 5460 5163 3480 663
32516 2997 2930 5010 3839
32517 679 663 662 3480
32518 2997 4827 4829 3992
32519 3474 3473 5066 4032
32520 5460 647 5163 663
32521 5460 6293 3477 5163
32522 4965 6984 5328 5349
32523 2960 3716 6850 3714
32524 3570 3048 6420 4564
32525 6756 6686 7020 6760
32526 4761 4765 5356 4259
32527 5311 7200 5310 7260
32528 4565 6420 6421 3048
32529 5831 2721 4803 5830
32530 3946 4548 5112 2955
32531 3829 3885 3836 3830
32532 6051 5160 4974 7256
32533 5166 5109 4681 4628
32534 5172 5160 7256 4974
32535 6380 4279 4439 3255
32536 5383 5410 6079 5390
32537 4786 3506 7216 5180
32538 3918 3919 3786 3924
32539 6255 4292 3132 5180
32540 3448 4345 3500 3335
32541 3300 3334 3301 6153
32542 3132 3506 4786 5180
32543 4213 3901 4111 3136
32544 4827 3787 3839 3650
32545 3463 4213 5174 3465
32546 2915 2912 4278 2917
32547 4961 3880 4962 4994
32548 5171 6626 4608 7076
32549 4588 4518 4587 6290
32550 4587 4588 4536 4518
32551 5555 5867 5556 5557
32552 5136 5213 6986 5109
32553 5488 5803 5358 4959
32554 6130 5536 6032 5106
32555 4959 5358 4904 5803
32556 6756 7243 7221 7213
32557 3851 7185 4540 3854
32558 4804 3605 3602 6963
32559 4804 3688 6963 7206
32560 4212 3714 4804 7186
32561 4804 7206 3714 6850
32562 5329 5116 5414 6456
32563 3848 5117 4958 6778
32564 4924 4981 4922 3870
32565 6778 5116 7239 5414
32566 4923 3843 4922 3845
32567 4919 4920 6480 4861
32568 4920 4860 6400 6343
32569 4924 3870 4979 4981
32570 4795 4800 7013 4794
32571 3848 4958 3850 6778
32572 4958 3850 7239 3849
32573 3992 5183 5212 4829
32574 3992 3994 2996 3987
32575 4827 5190 5212 6308
32576 5179 5212 2491 2507
32577 2997 5010 5009 3839
32578 3987 2997 2996 3992
32579 4949 5926 4948 6411
32580 3993 5191 3992 5183
32581 4565 4568 5429 4564
32582 3875 7221 6752 7200
32583 3987 2994 3994 2996
32584 3282 6756 6420 7221
32585 3283 6686 6552 6756
32586 3173 2545 3462 4290
32587 3173 3398 2561 2545
32588 4195 2561 3173 3398
32589 3173 5291 6065 4291
32590 3173 6065 5291 3398
32591 7275 2545 4290 2529
32592 7275 4290 4291 2529
32593 3173 991 3462 998
32594 4547 7042 7050 5686
32595 4682 5007 3832 3831
32596 4546 4555 4562 7026
32597 3513 2949 5998 3381
32598 5111 6463 5322 3945
32599 5096 4548 4547 5159
32600 7007 6262 7085 6366
32601 3470 5797 6365 4254
32602 6365 7133 5797 6262
32603 4254 6264 5797 6140
32604 6084 6262 7028 6086
32605 5796 6084 6086 6262
32606 6086 5000 7063 4101
32607 4197 4205 3248 4206
32608 4307 4961 4103 3881
32609 4099 3881 4103 4104
32610 3282 3570 3048 6420
32611 2861 3601 3604 3605
32612 2835 2834 4191 4297
32613 4516 3603 6788 5829
32614 2861 3602 3601 3605
32615 3603 6627 6788 5829
32616 3809 2865 2868 2864
32617 4218 6154 5020 5022
32618 3729 2968 7003 7004
32619 6549 6676 4252 6959
32620 3638 4716 4779 4322
32621 2659 3572 4061 3438
32622 3108 3122 3115 4397
32623 6278 4418 6049 6504
32624 3114 5082 3107 4397
32625 3113 3290 3114 3732
32626 3114 5082 4397 5878
32627 2672 4485 4537 4486
32628 6287 6289 4649 6290
32629 3299 6003 5051 5512
32630 4760 4542 4763 4762
32631 3653 4596 4588 4536
32632 5736 5729 5737 6806
32633 3093 4067 3565 3061
32634 4657 6974 4656 7120
32635 6647 5435 7094 7095
32636 5311 7213 7221 7243
32637 3366 2651 4398 2652
32638 5725 5311 5724 5722
32639 6279 6503 6504 6049
32640 2649 2652 2651 4662
32641 6647 4686 5435 7095
32642 3991 7003 3729 4522
32643 5069 7079 6985 5065
32644 4961 3881 3914 3880
32645 4921 6401 3850 3843
32646 4793 3617 3621 3618
32647 3817 3820 6446 3818
32648 2817 2880 2693 3053
32649 4856 5036 4855 3148
32650 3219 3641 3786 5173
32651 5437 3499 6561 4796
32652 3257 4649 6264 4648
32653 3509 3500 5437 4647
32654 4796 4797 3502 4798
32655 4646 6560 5437 5334
32656 6152 4639 5638 5730
32657 2760 2759 4897 5638
32658 6152 5607 6472 5733
32659 5607 5730 30 5733
32660 5607 6617 45 44
32661 5600 28 5607 45
32662 3962 5700 5124 5701
32663 4582 4265 5129 4299
32664 6696 4779 6014 4781
32665 3202 3032 4153 3034
32666 2838 3290 3202 4153
32667 5124 5700 6207 6189
32668 3034 3107 3110 7130
32669 3729 2930 7004 7003
32670 5082 3107 4397 6823
32671 3034 3107 5082 6823
32672 4165 3556 3555 3566
32673 4346 3808 3711 3334
32674 5150 3342 6544 6761
32675 5152 6629 4467 6768
32676 4427 5424 5402 4121
32677 2997 4827 3729 3839
32678 6170 6633 6197 6223
32679 6191 4424 5700 6637
32680 4218 6154 5021 5701
32681 4995 4997 6202 4996
32682 6202 7194 7145 7273
32683 7145 6201 7273 7147
32684 6200 5080 4996 5088
32685 5196 6201 5006 5903
32686 6287 4649 6289 4648
32687 5079 6290 4588 6956
32688 3258 4254 3468 6264
32689 6365 5797 7133 4254
32690 3839 3729 2930 7004
32691 2670 5175 4472 4458
32692 6139 4254 6143 6145
32693 2912 3256 2917 2913
32694 4352 5678 5677 4655
32695 6421 7243 7221 6756
32696 4172 6555 3540 5685
32697 6552 5563 6027 7237
32698 3685 3692 3688 6850
32699 6552 6422 6420 7020
32700 5968 6752 7221 6421
32701 4565 6420 4564 6422
32702 5314 3816 3570 6178
32703 3492 5425 3041 5431
32704 5023 6488 3102 6282
32705 6283 6284 5118 5461
32706 3102 6488 3104 7204
32707 2679 2676 2677 6150
32708 6283 5118 5003 6281
32709 5023 6282 6120 6488
32710 4986 5820 5819 7264
32711 4983 3623 5823 5819
32712 3626 4983 6451 4982
32713 6338 6719 5397 6567
32714 6338 6688 6692 6339
32715 6566 907 5766 6559
32716 6425 6599 6670 6616
32717 4894 4896 6890 6551
32718 4671 5206 4176 6310
32719 3908 3909 4674 6430
32720 3910 6537 6354 4041
32721 5261 5476 5260 5480
32722 6871 6310 6521 5261
32723 843 6553 836 835
32724 6554 6553 835 6459
32725 4060 4052 7112 4840
32726 2790 3546 6392 3539
32727 4846 6411 4842 6413
32728 4172 6340 5628 3731
32729 4912 5271 4911 5266
32730 6209 6881 4606 6840
32731 4839 4606 6881 7109
32732 3976 3977 3765 4870
32733 4866 4872 5048 4873
32734 3221 4865 3223 3222
32735 3532 3779 3765 3533
32736 7107 7131 4888 6250
32737 4737 4590 4935 4693
32738 4589 6882 4735 4736
32739 4739 6737 6769 5595
32740 4739 6769 5273 5595
32741 3538 2786 2789 5683
32742 215 1814 791 1774
32743 3546 3539 6524 5728
32744 6602 6392 5728 3539
32745 2758 6477 2764 2760
32746 6391 4095 5541 6059
32747 5854 4671 6536 3766
32748 4670 5206 4671 5205
32749 6537 3769 3766 3768
32750 6537 5240 3769 5500
32751 4670 5208 4669 3394
32752 5207 3766 5240 3769
32753 4173 5740 4675 4672
32754 3389 4176 6513 3512
32755 4666 5854 4671 4672
32756 4445 4175 6105 4174
32757 5818 6616 6566 5654
32758 6595 5257 3141 6802
32759 5257 851 6802 858
32760 3538 2854 5683 3540
32761 6595 864 5257 865
32762 5257 6802 851 844
32763 5740 6870 5257 6554
32764 7131 6399 6443 5532
32765 3651 6087 3630 4455
32766 3630 3651 3629 3569
32767 6414 6399 6329 6444
32768 4851 5565 3941 3926
32769 3924 5403 3926 5611
32770 3926 5401 6291 5403
32771 3430 4646 5437 3433
32772 2916 5336 5275 4459
32773 3426 4646 5342 3432
32774 4859 3926 5401 6291
32775 3496 3501 3502 3503
32776 3214 3337 3208 6565
32777 4961 5783 5784 4993
32778 5072 4816 4303 4817
32779 5068 4303 6985 4964
32780 3887 3914 3880 4817
32781 6108 6684 7175 7024
32782 3583 2848 2844 6024
32783 6086 6084 6108 7065
32784 6362 4636 4271 6684
32785 5771 5516 5515 5518
32786 361 5750 5518 5632
32787 367 366 5633 5632
32788 6367 3291 5516 5309
32789 2796 6683 5571 3291
32790 6367 4523 4521 4379
32791 6683 6714 5656 5633
32792 4521 5771 5515 6575
32793 4376 5759 2729 5453
32794 5750 5309 5771 5516
32795 5515 5656 5630 5518
32796 3590 5930 6216 3597
32797 5542 6590 3691 4249
32798 6880 3691 5543 5542
32799 4944 4948 3702 4946
32800 4839 4609 4058 4846
32801 5542 4845 4844 4223
32802 5542 3693 5543 4844
32803 5542 6590 4249 5550
32804 3295 4367 4207 6028
32805 5613 5728 797 804
32806 5613 6524 790 5728
32807 790 5679 1814 6524
32808 5679 5613 798 3541
32809 5727 798 5702 5621
32810 5613 812 3541 2855
32811 3455 6691 5929 4746
32812 3305 5127 6643 6445
32813 3227 4228 4934 5673
32814 6570 6978 6569 4092
32815 4092 6019 7121 6569
32816 4094 6109 5161 5626
32817 6122 3580 4091 6022
32818 3176 3105 3182 3183
32819 4092 6571 4094 5458
32820 5956 3384 3385 5976
32821 5960 5923 6822 5940
32822 6349 6348 5923 5972
32823 5875 2614 3416 3240
32824 3858 5957 3860 2673
32825 5960 3383 6349 5962
32826 3383 5961 3370 5940
32827 6299 5961 2674 5960
32828 5960 6822 5923 6299
32829 5957 2743 2673 2924
32830 5707 6349 5972 6348
32831 6035 5343 6098 4422
32832 3702 4708 3727 3701
32833 4411 6223 6197 6848
32834 6035 547 6034 554
32835 6035 539 6098 532
32836 532 5343 6098 6035
32837 553 6035 6089 6036
32838 547 540 6035 4413
32839 539 540 532 6035
32840 5688 5689 4867 4865
32841 6409 5926 4956 5927
32842 3976 5243 3979 4870
32843 3610 3822 5692 4883
32844 4888 7107 6352 3610
32845 5840 6098 4610 5343
32846 4334 3201 3033 3032
32847 4422 6011 6035 5343
32848 4688 6318 5840 5343
32849 5343 4688 1955 5840
32850 5145 5529 4610 6098
32851 4927 6034 6928 4413
32852 6004 3526 6227 5985
32853 3709 5985 3697 6225
32854 5981 6149 5990 5987
32855 3489 6226 3709 6225
32856 3556 3525 3567 3566
32857 3529 3531 5469 3530
32858 3771 5426 6126 3892
32859 3779 3533 3534 6157
32860 3535 3476 3536 5367
32861 3976 4870 3979 3977
32862 4811 4816 4302 4270
32863 5038 6277 5040 5039
32864 5899 3473 4023 6958
32865 5899 7066 4817 5071
32866 3974 4873 5050 3984
32867 4809 7246 4808 4014
32868 3817 3870 3845 6446
32869 6409 6489 4948 6902
32870 3850 6778 6476 6400
32871 5165 3866 6343 6401
32872 3847 3865 5301 6401
32873 6409 6410 4948 6489
32874 710 694 3733 6404
32875 3528 3537 3733 5467
32876 3762 3742 3743 3741
32877 6386 5367 662 3537
32878 3742 3744 3754 3743
32879 3744 5317 6423 6330
32880 3479 6402 4030 3478
32881 4945 4948 4946 6411
32882 6057 4477 4726 4725
32883 4478 4479 4313 4481
32884 6479 5156 7064 4148
32885 4726 4477 6479 4478
32886 6057 5534 4726 4477
32887 5592 5534 7119 5591
32888 4478 4477 4731 4725
32889 4478 4726 4725 5726
32890 3004 3006 3503 3005
32891 4484 3217 4261 4214
32892 6565 4990 3215 4992
32893 6565 3456 5928 4992
32894 3208 6565 4797 4644
32895 4340 4341 4492 6940
32896 3577 4375 4848 4341
32897 2692 3016 3576 4848
32898 4848 2972 4859 3970
32899 2817 2874 2751 2818
32900 3807 3005 6809 3333
32901 3890 4354 3883 4392
32902 2742 5230 3551 3550
32903 4155 4826 5229 4464
32904 3447 3333 3334 3335
32905 4048 5234 4049 7139
32906 3005 4356 6691 5127
32907 3932 3918 2769 3931
32908 3807 3333 6809 3302
32909 6052 6506 6518 6967
32910 3320 6912 6052 6518
32911 2813 2775 3904 3050
32912 3260 3710 3712 6506
32913 3029 3030 4848 3970
32914 3335 3499 6831 6795
32915 4446 3747 4669 5208
32916 4096 4095 6821 6547
32917 4098 6055 6161 6054
32918 6161 7268 6611 6518
32919 4011 4505 4506 6176
32920 4004 4005 4006 5217
32921 3374 2799 4380 3375
32922 6177 7258 3082 6669
32923 4697 5219 4701 6175
32924 3078 5398 4507 3082
32925 4011 5182 4004 6176
32926 4505 4702 4509 4510
32927 4699 4505 4702 4701
32928 4702 4703 6665 4705
32929 4702 4696 4510 4699
32930 6265 4696 6270 6607
32931 3770 5152 5037 3342
32932 2785 4317 2786 4318
32933 4446 4850 2710 2712
32934 6544 4388 6150 6539
32935 5433 6629 7248 3096
32936 6245 6538 6904 5151
32937 3342 5036 3149 7182
32938 5037 5036 3342 7182
32939 5233 6744 6205 6784
32940 4910 6965 4374 7141
32941 6965 7115 4910 6205
32942 6205 6659 4367 6744
32943 4372 4910 5233 6205
32944 4369 4367 4373 6964
32945 4953 4059 5233 4945
32946 4334 6309 6596 4338
32947 4334 3031 3032 3033
32948 4344 3033 6206 3031
32949 2838 3582 3032 2848
32950 4337 5912 6309 5913
32951 3725 6902 6489 7037
32952 3583 2848 2843 2844
32953 6902 4946 3702 4948
32954 4337 3582 4342 3580
32955 4187 5839 4911 5266
32956 3067 6209 5092 6763
32957 3871 5093 5608 3071
32958 6753 4060 4185 4051
32959 5284 5876 5283 4193
32960 4165 2848 6100 3555
32961 3651 3629 3569 3552
32962 3519 3802 2845 3488
32963 4788 5869 5871 6242
32964 3074 2979 4141 4142
32965 6024 4722 6241 6087
32966 3202 3034 3107 5082
32967 6078 6077 6509 4497
32968 4287 5977 6674 6707
32969 4289 4055 4141 4142
32970 3954 5978 4287 6006
32971 5978 6707 4287 6706
32972 5978 6707 3777 5977
32973 3438 5435 3572 7094
32974 3777 6707 6720 6023
32975 3776 4532 3777 5977
32976 3855 7185 5869 6242
32977 6119 6244 566 2779
32978 6119 559 6244 552
32979 6089 6244 5863 552
32980 6089 546 6035 553
32981 6192 6089 6098 6035
32982 5529 6089 545 6098
32983 5032 5115 5421 5417
32984 4938 6730 5776 5421
32985 5947 4893 5983 4892
32986 4331 6666 4332 4330
32987 5947 4892 4891 4893
32988 4938 4903 5357 5421
32989 7158 5983 7091 7144
32990 4835 5034 4008 4007
32991 6595 231 1651 1615
32992 864 3141 1665 6595
32993 1651 5415 858 6595
32994 3855 5869 7185 6712
32995 232 231 864 1665
32996 5415 6595 6802 858
32997 5717 5718 5721 4676
32998 5718 5720 5717 5721
32999 4676 2036 4663 1982
33000 2036 5721 4676 5723
33001 5722 5721 2023 5723
33002 3855 6712 5625 5869
33003 6103 6656 6667 6734
33004 6607 5538 6604 6605
33005 6607 6269 5538 6272
33006 5540 6269 5537 5538
33007 6103 5824 6236 5537
33008 6265 6271 6607 6270
33009 6410 5178 5925 6498
33010 6090 3956 4305 3118
33011 4522 2968 7055 5584
33012 2997 4828 5009 2995
33013 4833 5925 3992 3994
33014 3729 7004 3002 2968
33015 4945 6411 4053 4052
33016 3943 3948 3950 4967
33017 5321 5112 3039 5111
33018 3793 4597 3792 3040
33019 4706 4715 3700 3927
33020 4975 6587 4974 5077
33021 5075 4249 6115 6587
33022 6039 6029 7269 7251
33023 5076 6037 4977 7269
33024 3927 4946 7001 4054
33025 4208 4977 6037 7269
33026 4295 4269 4632 4636
33027 4277 5129 4273 4269
33028 5973 4961 4309 4962
33029 6362 4637 6992 5312
33030 4047 4053 3927 4054
33031 6441 4303 4816 4304
33032 6362 4636 6992 4637
33033 5843 4982 3626 6451
33034 6451 3626 5823 4983
33035 3627 3623 3619 4553
33036 5023 3102 6488 3104
33037 3621 4985 4984 4982
33038 3623 5823 3627 3626
33039 3626 5823 4983 3623
33040 7218 3119 4713 3922
33041 3619 3627 3626 3623
33042 3619 6120 3621 3618
33043 5843 4982 6451 6372
33044 2961 3714 3715 3716
33045 5968 6420 6421 7221
33046 2907 2905 5719 6112
33047 4708 3927 4946 7001
33048 3874 3485 7207 7062
33049 3862 4500 4501 4515
33050 5059 4489 3876 4490
33051 4489 3876 3486 4260
33052 2625 2626 2634 2629
33053 6173 5249 4469 4472
33054 5059 5061 4489 4538
33055 6279 5210 7210 4400
33056 5729 5126 4658 6879
33057 4047 3928 3927 3929
33058 5729 7118 5053 6932
33059 3789 5737 3813 4575
33060 3939 5282 3929 3928
33061 3939 3923 3928 3929
33062 4184 4191 5407 4192
33063 4710 3927 4047 4053
33064 5284 2685 6543 2684
33065 2685 5876 4190 2683
33066 4190 4192 6798 5844
33067 3929 5282 3939 5283
33068 6331 5283 1715 1722
33069 5284 2685 6749 6543
33070 5285 5288 1728 1735
33071 5285 1728 5288 1721
33072 3939 5286 5285 2684
33073 1743 2684 1736 5285
33074 6168 5283 4714 5285
33075 3939 5285 5283 2684
33076 5285 5286 1742 1743
33077 3939 5286 3958 1742
33078 5283 3939 3929 5285
33079 6168 4714 1714 1721
33080 2856 5921 82 5922
33081 2856 82 5921 3311
33082 2646 2856 2645 5922
33083 3630 5917 3629 3628
33084 6319 3273 2857 3311
33085 3670 2640 2643 2645
33086 2645 5853 3670 5486
33087 2867 4210 2863 3872
33088 4277 4295 4580 4581
33089 4580 4637 6416 4295
33090 4273 4253 5616 5617
33091 5457 5616 4067 5614
33092 4580 3418 5133 4632
33093 3347 5120 5763 5121
33094 5796 6084 6262 4742
33095 4572 4577 4299 4581
33096 4743 4634 4742 5134
33097 5170 6626 5772 7078
33098 5178 2540 7276 3730
33099 3730 5178 4522 7276
33100 3730 5178 2523 6308
33101 3729 4522 3730 6308
33102 5178 3730 2523 2540
33103 3730 7276 4522 2875
33104 3730 2940 2571 2875
33105 5925 3992 5177 5178
33106 5754 6852 3753 5028
33107 4938 5357 5032 5421
33108 5030 6603 5523 6917
33109 6603 6260 6892 6917
33110 5016 5015 4778 4746
33111 4706 3923 3927 3956
33112 2862 3070 2863 2864
33113 2852 3598 3955 2988
33114 3809 4258 3072 4257
33115 4364 6010 5186 6009
33116 2985 5148 4258 4257
33117 2985 4257 4363 5148
33118 3810 5078 3777 6720
33119 3688 3682 2860 3068
33120 4757 5566 5558 4758
33121 3229 4330 6603 6356
33122 2806 4329 4332 4330
33123 5028 3053 5027 2879
33124 5030 3229 4404 4330
33125 3244 4957 6285 6356
33126 5757 6875 6950 6919
33127 4084 5114 5711 5746
33128 5030 5033 5031 6777
33129 4873 4014 6277 3984
33130 6210 4873 4014 6277
33131 5072 6985 5068 4303
33132 3977 4873 4014 4015
33133 2895 3434 2896 4591
33134 5164 3844 5301 3843
33135 4695 7169 5188 4933
33136 6152 5638 2760 5153
33137 4692 4694 6864 5307
33138 4695 4933 4935 7169
33139 4923 5843 6067 4922
33140 3035 2891 3005 3305
33141 6276 4639 5730 5634
33142 3027 5142 6276 3025
33143 2762 2760 6477 6472
33144 4423 4687 6475 4415
33145 4927 4687 4415 3482
33146 4927 3451 7159 6166
33147 4790 6068 4926 6067
33148 540 5333 4413 547
33149 4413 6035 547 6034
33150 4422 6011 4413 6035
33151 7003 4522 5584 2968
33152 2950 2929 5926 6412
33153 2929 2936 7003 5927
33154 4846 6413 4842 4841
33155 6409 5927 5584 6412
33156 5925 4833 3991 4522
33157 3812 7188 4573 3813
33158 6007 6003 7189 7188
33159 2909 4286 3728 2703
33160 5047 4873 3979 4866
33161 7188 6810 3812 4573
33162 4925 6347 3277 7070
33163 6007 5184 6006 6706
33164 5124 5082 5701 6190
33165 3898 7116 6137 4500
33166 6792 3143 7016 7022
33167 3899 3902 7116 7058
33168 3431 2913 3427 5580
33169 3930 3924 5678 3932
33170 3427 5336 5335 7225
33171 5580 5276 5336 7225
33172 5580 5336 3427 7225
33173 6560 4646 5342 5334
33174 3278 4925 4611 6347
33175 5193 5194 7244 6517
33176 5193 6619 6463 7100
33177 5321 4967 5111 5322
33178 4571 3041 3048 5425
33179 3494 7090 7252 7089
33180 3487 3486 7074 7233
33181 4571 4569 7214 5429
33182 3277 5254 4790 4925
33183 5106 5536 5137 4906
33184 5798 3949 5107 7033
33185 3950 7045 3949 3945
33186 4925 4861 4611 7070
33187 2884 3493 5194 5370
33188 5055 3674 3631 5054
33189 3096 5149 5433 6629
33190 3096 3102 3104 7204
33191 3619 3626 3627 3617
33192 4699 4700 4698 4696
33193 5778 6176 5774 5777
33194 7113 3493 5194 6619
33195 5663 5008 2517 5006
33196 4697 5218 6495 4703
33197 6266 5777 7181 6726
33198 6265 6578 6269 6266
33199 4474 5499 3424 4643
33200 3930 4598 4352 5678
33201 3220 6071 3143 5173
33202 4642 4643 6172 4644
33203 3006 2773 3337 3496
33204 3469 4129 3259 3255
33205 4645 4643 4644 6172
33206 3425 4470 7176 4461
33207 3925 3924 5612 5610
33208 4608 5170 7078 6626
33209 4400 5210 5658 4399
33210 4400 4398 4416 4417
33211 4400 6280 5443 6279
33212 4400 5658 4401 4399
33213 4630 5170 3677 3345
33214 4760 4398 4408 4407
33215 6279 4417 4400 6280
33216 5410 5383 5044 5390
33217 6137 4499 7154 5564
33218 4133 4139 3144 3142
33219 4140 7154 7116 6931
33220 4598 3925 3924 3210
33221 3516 4137 4135 4314
33222 4137 3516 4134 6138
33223 5998 2949 3518 5695
33224 5410 5044 6844 5409
33225 3516 3515 5997 4135
33226 2672 5176 4537 4489
33227 6370 3480 695 6787
33228 5165 6393 6787 6385
33229 5165 6385 3480 5162
33230 3480 5162 663 5163
33231 3481 3480 3477 5163
33232 6619 5805 7100 7143
33233 5165 5305 3866 3865
33234 3472 3476 5460 5367
33235 3733 3537 6386 694
33236 6386 6404 694 695
33237 3283 6552 6420 6756
33238 3038 2905 6647 5491
33239 5722 5725 3285 5719
33240 3601 3603 6627 3602
33241 3604 3601 4804 3605
33242 3042 5805 6619 7143
33243 2618 2941 2735 2726
33244 2955 4548 5686 2948
33245 3283 6420 3282 6756
33246 7020 6756 6421 6420
33247 6552 7020 6756 6686
33248 3513 3380 3517 2949
33249 3665 3667 3664 4181
33250 4596 6013 4875 6906
33251 3360 3364 3668 4408
33252 4581 4576 4277 4572
33253 4574 4576 6805 6937
33254 4875 7006 6118 5139
33255 3418 6118 4576 4580
33256 4986 5579 5819 5820
33257 6042 4980 6041 7264
33258 4201 4199 5001 5330
33259 6040 5918 6042 6381
33260 5675 3773 5873 7192
33261 5807 4984 3623 3622
33262 5001 5003 5118 6281
33263 5519 5552 4104 6042
33264 4199 4197 5330 4201
33265 5279 6256 6641 5580
33266 5336 2913 2921 2916
33267 2916 4281 4280 4278
33268 5556 6893 5557 5867
33269 5868 5556 5867 6893
33270 5868 6989 5417 5866
33271 4942 5866 5202 6727
33272 4942 4943 5556 5575
33273 4905 5789 5201 4903
33274 5868 5556 6893 6727
33275 5429 4569 7214 7245
33276 7245 6249 2295 2210
33277 7245 6249 2210 5429
33278 2630 3040 3490 3717
33279 6249 2295 5455 6253
33280 4922 4981 6384 3870
33281 6384 4922 6372 4981
33282 4922 6372 4981 4982
33283 4924 4982 4922 4981
33284 4924 4921 4800 6778
33285 5843 6067 4922 6372
33286 4919 4924 4800 4793
33287 4922 3843 3870 3845
33288 4795 7014 4860 4862
33289 4162 4158 4157 4163
33290 4196 4159 4158 4163
33291 2994 2997 3988 2995
33292 4161 5062 5063 4167
33293 2994 4162 2996 4161
33294 3673 5011 3663 3690
33295 3993 2996 4829 3992
33296 4828 4829 6432 6429
33297 3675 2996 2995 4828
33298 7080 6113 3797 7205
33299 6113 7206 6850 7205
33300 6980 7080 6115 6584
33301 3293 6660 5075 3694
33302 6584 6980 3691 6115
33303 3692 6850 7206 3688
33304 6114 3692 6113 3691
33305 7275 2530 4291 6065
33306 2562 6065 2546 7275
33307 7275 6065 3173 3398
33308 2562 7275 2545 3398
33309 7275 3173 4290 2545
33310 7275 3173 4291 4290
33311 2513 2529 2530 4291
33312 5101 4545 5096 5100
33313 6259 3699 2779 6111
33314 5555 5572 5798 5803
33315 7047 5107 5056 3950
33316 5108 5213 5168 5557
33317 5936 5100 5705 6995
33318 4256 6043 5783 5784
33319 4993 4435 5973 5783
33320 4795 7069 4862 4801
33321 3699 565 6220 6111
33322 4793 3617 5843 3626
33323 5678 5612 4655 4654
33324 3930 5678 4655 4654
33325 3423 3432 3430 3433
33326 3924 5678 3932 5612
33327 4940 7023 5174 6792
33328 3428 3431 3433 4647
33329 3465 5610 4652 5677
33330 3331 5729 5126 4658
33331 2681 4181 3655 4021
33332 4631 4630 6081 4629
33333 3366 3166 2652 4417
33334 4485 4542 4490 4765
33335 4608 4486 6842 6841
33336 3664 5729 3999 5231
33337 4765 4490 4761 4542
33338 4761 3877 5060 5310
33339 4763 4542 6102 4762
33340 3656 4608 6626 5170
33341 3788 5729 5053 5737
33342 4319 3331 5053 3788
33343 3366 4398 4399 4417
33344 5737 3813 6936 7165
33345 3862 4515 5126 4528
33346 4490 3668 4761 4542
33347 6805 6074 6906 6013
33348 2652 4663 2649 2650
33349 3331 4657 5053 4658
33350 4408 4760 5356 4761
33351 4398 6001 4399 4401
33352 2651 2649 5310 5356
33353 6987 4401 4407 4398
33354 5069 5065 6419 7079
33355 3849 7084 4101 7065
33356 5068 5071 3886 3888
33357 3817 3844 3888 7250
33358 3867 6476 3850 3849
33359 4808 5072 4817 4816
33360 6279 6278 6049 6504
33361 6676 4252 6959 6134
33362 4235 3635 4219 4233
33363 3812 4717 7188 6007
33364 4716 4322 4717 5507
33365 6154 3114 5878 5082
33366 4230 4232 3638 4543
33367 4256 5795 6304 6994
33368 6043 4439 4256 4128
33369 6256 4440 6642 6255
33370 4128 5916 4103 6043
33371 5916 4103 6043 6375
33372 4256 5784 5795 6994
33373 5783 5784 6043 6375
33374 4961 5973 5783 4993
33375 3806 3699 6193 3697
33376 4516 3601 5829 4802
33377 4212 3601 7186 4804
33378 6111 6193 6244 5144
33379 3601 4804 3602 7186
33380 5684 6891 5683 6425
33381 6106 6105 4432 6378
33382 3739 2784 3750 3749
33383 3260 2991 3001 6506
33384 3343 3342 5037 5036
33385 4473 6531 6890 5802
33386 5037 5036 7182 4468
33387 5152 5037 7182 4467
33388 5035 5037 4468 5036
33389 4429 4441 4436 4438
33390 4475 5251 4430 5498
33391 5227 5602 6860 5601
33392 3705 5144 3699 6220
33393 6035 6089 6036 6192
33394 6192 4412 6036 4413
33395 4412 4411 6195 4413
33396 6195 6839 6197 6258
33397 5165 3865 3866 6401
33398 5422 6192 6035 4413
33399 3441 5143 5145 5529
33400 4919 4923 4925 6480
33401 4921 7013 4860 4800
33402 4921 7013 6778 6400
33403 5329 4794 6456 7013
33404 4924 5329 5117 6778
33405 6120 3621 4793 5329
33406 5117 5329 5116 6778
33407 3619 3103 4553 3622
33408 4925 5254 4790 4926
33409 4795 4800 4860 7013
33410 4926 4925 5254 4861
33411 4790 3617 4791 6066
33412 4925 5254 7070 3277
33413 4792 4864 5226 7025
33414 5580 5180 6641 7232
33415 5279 5336 5580 5276
33416 6256 5580 5180 6641
33417 4365 3345 5170 5470
33418 4279 4255 4280 6302
33419 5277 5470 5772 7035
33420 5275 5336 5276 5280
33421 2916 4347 2921 4459
33422 4212 7179 3601 4802
33423 4211 6947 4805 6851
33424 3604 4212 4804 3601
33425 4212 7186 3601 7179
33426 3198 3285 4541 6686
33427 6824 6398 6188 5043
33428 5043 5039 7193 6814
33429 6188 5042 7193 5043
33430 5040 5047 5041 5048
33431 5042 5040 7160 7193
33432 6086 4102 4101 4964
33433 4681 5172 5055 5166
33434 5169 5167 5096 5166
33435 7045 3949 5107 3950
33436 4970 5113 4967 5103
33437 4976 4974 5172 5077
33438 3943 3950 3949 3945
33439 5172 7256 5160 7096
33440 6724 6801 2321 6353
33441 5952 6439 5482 5953
33442 5485 6724 5262 6353
33443 6724 6354 2228 6801
33444 5854 3909 5743 4672
33445 6376 5262 5261 6312
33446 5282 4183 4185 6764
33447 4047 3928 4051 4054
33448 3923 3928 3927 7104
33449 5839 5266 4244 4881
33450 4189 4191 4192 4297
33451 4050 4366 4911 4374
33452 4944 4946 3702 4947
33453 4839 4606 4845 6881
33454 4015 4868 3977 4872
33455 4870 3977 4015 4868
33456 3976 3975 3765 3977
33457 3979 3982 5045 5243
33458 4272 4273 5974 5129
33459 4868 4866 4872 4865
33460 4042 6801 6320 6326
33461 6514 3910 5479 4042
33462 5479 6724 6801 6354
33463 5388 4042 6320 4038
33464 4769 5380 5379 4770
33465 4044 4038 5386 6320
33466 4926 4790 5843 4793
33467 4864 7070 5254 5226
33468 4790 5294 5216 6069
33469 5226 5214 7070 5254
33470 4674 6807 6430 6431
33471 6322 4674 4668 4672
33472 4668 6322 5267 6323
33473 4674 6431 6968 6807
33474 6532 6323 6968 4668
33475 3848 3817 3819 3820
33476 6514 3908 3910 4041
33477 5259 6376 800 793
33478 5259 800 5261 807
33479 5259 786 785 2381
33480 5259 5260 806 807
33481 4040 4916 4043 4041
33482 4033 4044 4038 3267
33483 4034 4043 4035 3624
33484 4033 4041 6514 4042
33485 6390 4044 4035 3269
33486 4035 6350 4043 6800
33487 5440 7257 2445 2462
33488 5440 5441 2446 2430
33489 7137 5440 6961 7257
33490 3726 6486 2526 2542
33491 3707 6962 5441 6961
33492 3817 6401 5301 3843
33493 6448 5371 744 760
33494 1637 5371 6343 6448
33495 5067 5069 6419 3867
33496 744 6448 6343 5371
33497 6342 200 6448 777
33498 6342 6448 200 1637
33499 6342 1639 7015 1637
33500 2797 4377 986 979
33501 6537 4916 5500 6326
33502 6537 3766 3769 5240
33503 2797 5759 993 986
33504 6803 2797 5759 5816
33505 971 978 979 2798
33506 2798 4380 2799 2797
33507 6735 5762 5816 6668
33508 4669 4174 5848 3393
33509 6105 4175 6613 6124
33510 5221 5222 5223 6511
33511 5221 5208 2710 2709
33512 2790 4170 2782 6392
33513 6537 4041 6326 6354
33514 5223 6162 4098 6547
33515 6547 5227 6821 4096
33516 4737 5189 5393 5588
33517 3026 3265 3023 6472
33518 5589 5189 5588 5393
33519 4589 6882 3023 4735
33520 4935 6770 4933 4228
33521 4479 2993 7064 6470
33522 4693 4935 5780 7169
33523 2896 4693 4695 4935
33524 5494 4756 5491 6711
33525 7155 4090 4756 4089
33526 2640 2653 2639 3670
33527 3406 5089 5624 5087
33528 2641 5625 3854 4089
33529 3181 3176 3190 5919
33530 2653 3670 2643 4091
33531 6537 3768 3766 5205
33532 5956 5976 5958 6325
33533 433 5958 3385 5976
33534 5958 6325 427 426
33535 5958 428 6325 5976
33536 6047 6509 4165 3554
33537 2944 3851 3855 3852
33538 3566 3554 3555 4165
33539 4166 6077 6337 6509
33540 3439 3441 3440 3961
33541 6077 6337 6091 5863
33542 4165 2850 3555 3556
33543 4497 544 5528 6091
33544 2834 5093 4191 5608
33545 3980 4282 4276 7128
33546 7012 5464 5465 6179
33547 5243 3825 5242 5465
33548 5045 7012 3825 5465
33549 5304 6156 6223 6170
33550 3871 3071 5608 4257
33551 6398 7129 5042 6191
33552 6167 6170 5411 4426
33553 6167 5046 5411 5409
33554 4422 5343 4688 6180
33555 4422 6098 6318 5343
33556 4421 4688 6318 6094
33557 3439 2845 3959 3963
33558 4687 6180 4688 6163
33559 3980 4276 6844 7128
33560 3224 5042 7161 7129
33561 6191 7129 3224 5898
33562 4550 5043 4219 5021
33563 5700 6398 4217 5413
33564 6342 745 6448 6344
33565 6342 1637 6343 6448
33566 778 5354 762 6342
33567 2865 3604 3601 4516
33568 6437 6900 762 746
33569 4889 4888 6232 5427
33570 5427 3243 2312 6158
33571 5428 5427 6232 626
33572 6232 5428 642 4889
33573 5093 6612 7174 6750
33574 3243 6224 610 626
33575 2312 6224 610 3243
33576 3437 4886 4932 4929
33577 3865 3849 5069 3867
33578 4963 4100 4102 4101
33579 3817 7250 3888 3818
33580 5164 4920 5162 3460
33581 2722 2721 6005 5512
33582 5165 6787 3479 3480
33583 5066 5068 4032 5071
33584 3848 3850 4921 6778
33585 3472 5085 3476 3536
33586 3067 3071 4444 6710
33587 5085 3473 3472 3476
33588 3476 3477 6293 6222
33589 3476 6222 3473 3477
33590 3535 5085 6294 3534
33591 3535 3534 6306 2829
33592 3535 3534 6294 6306
33593 3780 4788 5089 4787
33594 2853 6293 598 2399
33595 4148 6477 5156 7064
33596 6057 6054 6872 7136
33597 5535 3916 3917 4148
33598 5533 5534 5541 6609
33599 3941 4848 4375 4851
33600 4796 3502 4646 5437
33601 3577 3576 4341 4848
33602 3196 3885 3883 4391
33603 3935 3577 3576 4341
33604 4392 4070 4340 6940
33605 3497 4646 3502 5437
33606 3941 4375 3942 6983
33607 3904 3808 3968 2777
33608 3029 3941 4848 3577
33609 3710 3712 6506 7268
33610 4149 7162 7110 4732
33611 4476 4149 7110 4732
33612 4345 6160 3334 4346
33613 3334 6160 3335 3301
33614 5127 6877 6643 5306
33615 3496 3335 3500 3499
33616 3322 3319 5909 3318
33617 5883 2616 2613 5323
33618 5935 2616 5883 5323
33619 4239 6618 6838 5880
33620 5091 6652 5910 5548
33621 4001 5182 3592 5181
33622 5182 3594 3592 6649
33623 3593 5811 3591 3594
33624 4001 4004 5181 4836
33625 5181 6649 5813 5182
33626 6925 5181 6649 5813
33627 6266 5813 5181 6267
33628 6266 5812 5813 6268
33629 5812 6624 5811 7123
33630 6672 975 4696 6671
33631 7021 7026 7029 7031
33632 2947 4546 2948 7042
33633 4696 6270 4704 4510
33634 6176 4505 4698 4697
33635 4011 6176 4506 5182
33636 4698 5182 6266 5812
33637 4703 4696 5218 5295
33638 5660 6550 2977 6564
33639 2977 927 6564 922
33640 2974 5802 2976 2975
33641 5802 2976 6599 5907
33642 2977 923 2976 2974
33643 2977 928 2974 5660
33644 4059 5234 4910 4049
33645 6205 4374 6965 4369
33646 7112 4060 6753 4051
33647 3582 3580 6680 6239
33648 6100 6101 6309 4336
33649 6317 5840 5145 5842
33650 6168 4876 6361 4714
33651 4881 7141 4049 6345
33652 4374 4912 4049 6345
33653 5271 4912 4242 5266
33654 4912 4245 6345 4242
33655 5271 4242 4912 6345
33656 5271 5527 5941 6345
33657 6205 6965 4374 4910
33658 4192 4182 4183 4184
33659 4045 4060 4052 4051
33660 6209 5092 6763 6840
33661 6244 6119 6089 6088
33662 6088 5863 5144 5143
33663 3705 6337 6220 6274
33664 3074 4056 4781 4779
33665 5144 6337 5863 6220
33666 3169 3436 3362 3365
33667 3651 3569 3630 6087
33668 4603 5959 3628 4601
33669 4360 3382 2953 2954
33670 3629 4601 3955 3628
33671 5444 3777 5978 6720
33672 3578 3583 3585 3582
33673 3752 4154 4155 4625
33674 4324 6095 5631 6096
33675 5790 4683 7021 4585
33676 5228 5648 4465 5634
33677 4324 5445 4824 5669
33678 4616 4620 4619 4622
33679 4627 4616 4326 4619
33680 6093 5651 5640 5652
33681 5661 4620 4819 4621
33682 5416 5115 5417 6856
33683 4079 4082 4081 5735
33684 5034 5947 5983 4892
33685 4009 5788 5029 4013
33686 4009 6730 6857 4005
33687 5115 5421 5417 6654
33688 4013 6679 4006 5788
33689 4012 5030 4332 5029
33690 4737 4693 6738 3435
33691 6520 6519 4692 2998
33692 4624 5025 4451 4453
33693 3434 4692 2887 4695
33694 3878 4154 4433 4466
33695 2817 3055 2693 2819
33696 4695 4692 5188 7169
33697 6643 6877 5188 5306
33698 4589 4737 4590 5393
33699 3434 3435 4480 4694
33700 3086 2745 2748 3446
33701 3088 4751 5123 5122
33702 6490 5037 3746 5152
33703 5037 3721 3343 5035
33704 6809 3333 5620 3308
33705 2678 3245 3132 3511
33706 6631 7073 6845 4215
33707 7052 4971 7047 7271
33708 5361 4976 3674 4680
33709 5063 2994 4161 4167
33710 6409 6902 6411 6413
33711 2929 2967 7003 2936
33712 4833 4949 5926 4956
33713 3729 7003 2968 4522
33714 7003 5927 5584 4522
33715 3729 3839 3002 7004
33716 2947 4723 5695 2949
33717 3681 3685 3692 3688
33718 4682 5194 5193 6517
33719 6587 4974 5077 6585
33720 4975 5074 4566 4973
33721 6583 3691 6590 4249
33722 4266 4282 5439 4276
33723 4310 4311 4543 4312
33724 3971 4294 4283 6214
33725 6214 4294 4283 6383
33726 6214 4636 6991 6684
33727 6441 6684 6214 4988
33728 4296 4263 6416 3790
33729 4790 4789 4793 4926
33730 4790 4792 5254 5294
33731 4924 4793 5329 4800
33732 2954 4556 3832 3944
33733 4800 4789 4864 4919
33734 3625 3627 4915 3624
33735 3627 5823 3623 4553
33736 4563 4597 3041 4569
33737 5361 6589 4248 5077
33738 2961 3715 5404 3716
33739 4568 6039 6249 7251
33740 3048 6420 6421 5968
33741 7190 7041 7032 3795
33742 3004 3005 3503 6691
33743 3785 3577 3935 3942
33744 4353 4758 5993 4745
33745 6433 4077 4395 6975
33746 4071 3935 4069 3936
33747 3236 3229 3237 4653
33748 6447 5305 3866 6393
33749 6402 4030 7044 5553
33750 6402 6371 1655 6447
33751 6403 6402 3478 6423
33752 3478 6387 5317 6787
33753 6402 7044 1554 5553
33754 6402 6371 1581 1655
33755 6402 6419 1554 1581
33756 5546 5547 6092 7105
33757 5546 6092 6780 7105
33758 5546 2280 6780 6364
33759 2382 5546 2280 6780
33760 5546 6780 2382 7105
33761 2947 4546 7026 2956
33762 5546 6364 2304 2280
33763 2866 2858 2868 3199
33764 3810 6720 5186 5078
33765 4534 3955 4531 4118
33766 3778 3776 3777 5850
33767 2989 4532 3776 3778
33768 3777 6023 6720 5078
33769 2644 5625 4089 5635
33770 2643 3406 3407 3781
33771 4089 4090 5636 7155
33772 2644 4089 5636 5635
33773 5625 4089 7155 6711
33774 4089 4740 6712 3854
33775 2954 3832 2953 4360
33776 5333 6180 533 6011
33777 5910 1831 6652 1851
33778 5333 6196 541 534
33779 548 555 6196 5333
33780 4825 3483 534 6196
33781 4687 6163 6203 6180
33782 6180 527 520 3483
33783 1850 6261 1865 5910
33784 3532 3823 3779 3771
33785 6157 7267 6294 3534
33786 6294 6157 3534 3533
33787 3413 5910 5880 6757
33788 3779 3534 6126 6157
33789 6126 2828 7267 3534
33790 4745 3454 3453 4746
33791 5015 5993 7059 4778
33792 5012 5015 4934 5014
33793 5015 5993 5758 7059
33794 5910 6652 1831 5548
33795 4933 5188 3558 5012
33796 4001 3592 4011 4002
33797 5446 3372 5445 5669
33798 3083 3375 4520 4147
33799 4010 7258 6177 4013
33800 3081 4504 6217 3591
33801 3375 4378 4380 5392
33802 4661 4660 4659 5930
33803 3082 6837 7258 6002
33804 6286 4957 6929 6285
33805 4957 6892 6260 6941
33806 4653 4393 4957 6260
33807 3229 6603 4957 6356
33808 4266 4276 5439 4275
33809 5045 5465 3980 5409
33810 3974 3984 3977 4873
33811 3974 3976 3972 3983
33812 6383 4283 6215 6213
33813 6214 4989 3971 4294
33814 3975 4014 4808 4024
33815 4809 4014 6277 6970
33816 4272 3978 4989 5974
33817 5456 4819 3550 5229
33818 3550 4748 5456 5230
33819 2740 3158 3445 2745
33820 3412 3413 5910 6652
33821 3548 3446 5456 4466
33822 4366 4368 5527 4374
33823 3681 3693 3684 3683
33824 3295 5894 6030 6028
33825 4368 6030 4373 4367
33826 6030 4367 6748 4373
33827 6030 4367 6747 6748
33828 5563 6030 6181 5894
33829 4157 4956 4955 4954
33830 5924 3994 4157 4162
33831 4163 4162 5549 4157
33832 3590 4524 6216 5930
33833 3990 4158 4157 3994
33834 3991 2929 7003 5927
33835 4833 4956 5926 5927
33836 5924 5191 5925 3994
33837 4950 4951 6499 7257
33838 5191 4950 5177 6682
33839 4524 4143 3186 4523
33840 3063 6007 3812 6003
33841 3813 7188 6003 3812
33842 7165 3813 7188 6003
33843 3066 3564 4573 4321
33844 3900 4651 4941 7082
33845 3898 3899 3902 7116
33846 4940 5174 7023 4651
33847 3785 6071 3942 3936
33848 4308 4309 4301 4271
33849 4634 4637 5312 7038
33850 6084 7028 7065 6086
33851 4303 4102 4963 3914
33852 6362 6108 7024 6684
33853 6108 6985 7175 6684
33854 4806 4817 4816 4808
33855 3980 3974 4282 3982
33856 3825 5465 7012 5464
33857 3982 5465 5243 5244
33858 4873 4866 4868 3979
33859 5045 5465 5046 6179
33860 4868 5045 4866 4867
33861 4868 4874 5045 4867
33862 6167 6179 5465 6690
33863 6690 5465 5464 6179
33864 6167 6690 4426 6179
33865 5168 5213 5169 6995
33866 5108 3951 5798 5555
33867 5213 5109 5169 6986
33868 5557 6995 5213 5168
33869 5103 5055 5056 4972
33870 4908 5213 5108 5557
33871 4908 5213 5557 5255
33872 5740 5269 4672 6535
33873 3746 6490 4436 5037
33874 6694 6693 5859 6722
33875 4097 6105 6107 4432
33876 6523 3512 831 830
33877 6107 6105 6613 4432
33878 4495 6984 5328 4499
33879 4563 4568 4567 4566
33880 3801 3716 5404 6988
33881 5370 5018 3192 5019
33882 2632 3876 3485 3486
33883 5999 6000 3518 7168
33884 4599 5499 4472 5018
33885 3279 4650 3280 3895
33886 4599 5499 4641 4643
33887 5930 6217 6597 4661
33888 4940 7023 7151 4651
33889 3142 4937 4139 3144
33890 4598 5610 5678 3924
33891 5731 5930 4660 4661
33892 4966 4656 4658 5373
33893 5729 5231 6074 5736
33894 3332 4657 3331 4656
33895 5051 5737 5053 6932
33896 3299 3159 3296 6003
33897 5736 6806 5737 6936
33898 4973 6584 7043 6585
33899 6587 4973 6585 6115
33900 7080 6584 7043 4973
33901 6051 4973 7043 4974
33902 6051 7256 4974 7043
33903 5314 4564 4567 3490
33904 4974 4975 4968 4973
33905 5113 5096 6051 4548
33906 7032 7080 7043 3795
33907 6584 6115 4973 7080
33908 3085 3056 2568 4600
33909 4600 3056 2568 3649
33910 3920 7274 7093 1598
33911 5551 3648 5136 3920
33912 3920 1598 7093 1636
33913 3920 5238 4600 3085
33914 3920 7093 3933 1636
33915 4501 4500 5384 4515
33916 3324 3284 3522 3504
33917 3363 4408 3367 2651
33918 2958 3283 3816 3570
33919 3875 5060 3877 5310
33920 3792 4578 3798 3799
33921 3875 7200 5311 7221
33922 3284 5311 3285 6756
33923 5724 5311 5310 7260
33924 4271 6441 4636 4269
33925 6148 5763 6147 6136
33926 4741 5796 3421 4125
33927 5457 3061 3560 3565
33928 5658 4631 6133 7039
33929 6438 5930 4660 5747
33930 5616 6148 5617 6146
33931 4629 4631 7039 6075
33932 5344 5000 5004 6366
33933 5003 7061 5004 6307
33934 4205 4320 4784 6380
33935 5001 5331 5002 6281
33936 5004 5000 7063 6366
33937 5004 5116 6307 7239
33938 6283 6281 5003 5270
33939 5279 5580 5336 2916
33940 4665 3653 4596 4588
33941 4629 4630 6081 6012
33942 4487 5753 4486 6102
33943 6626 4608 7076 7078
33944 4199 4383 7261 5331
33945 2670 3464 4347 4458
33946 3898 7116 4513 3899
33947 5176 5019 7233 3486
33948 4485 6102 4542 4765
33949 5248 5250 5753 4486
33950 3898 4140 7116 3902
33951 4940 3901 3143 5174
33952 3528 3532 3529 3531
33953 3975 3977 3984 4014
33954 3975 4024 4808 5899
33955 3975 4808 4014 3984
33956 4016 3977 4015 4870
33957 3977 3984 4014 4873
33958 4868 4873 3977 4872
33959 4987 3978 3972 3971
33960 7137 2429 2409 316
33961 2430 2400 316 7137
33962 315 2430 2400 316
33963 7137 2409 6682 2378
33964 3675 5054 5062 5070
33965 4161 6934 4828 3675
33966 3991 2930 7003 2929
33967 5926 4846 4841 6413
33968 5364 2930 6766 5010
33969 5888 4167 4158 2994
33970 2937 4247 2935 2931
33971 2994 5888 4167 5063
33972 4898 6186 4904 4905
33973 5195 5026 5099 5554
33974 5785 5779 6298 6634
33975 5196 5903 5785 4900
33976 5006 5008 5197 5665
33977 5197 5203 5200 3263
33978 2483 5664 5662 5905
33979 5197 5203 3263 3241
33980 5785 5903 5779 4900
33981 5776 6228 5785 5199
33982 5196 5789 5201 4905
33983 4908 5236 5097 5531
33984 6199 5196 5099 4905
33985 5026 5080 5098 5017
33986 5097 3933 5236 3934
33987 5235 4600 5551 3920
33988 4903 5556 4942 4943
33989 4943 5556 5575 5557
33990 5351 5868 5866 5556
33991 5195 5099 5196 4942
33992 3417 2827 3868 2825
33993 4186 4182 4194 4183
33994 5975 5944 5132 6238
33995 4238 4613 4615 4614
33996 7068 4613 1738 2683
33997 4100 3881 4104 3820
33998 5000 4099 4999 4101
33999 5001 4105 4985 5117
34000 5519 6042 6041 5552
34001 3881 3882 4104 3820
34002 4105 5519 4104 6042
34003 4980 6042 6041 5519
34004 4104 4103 6375 3882
34005 4384 4382 4381 4385
34006 6040 6042 6041 6381
34007 6040 6046 4205 6381
34008 4789 4790 4792 5254
34009 5843 3626 6066 6451
34010 5843 4793 3626 4982
34011 5843 6372 4922 4982
34012 3918 3924 3932 3926
34013 3919 5173 7022 5565
34014 3924 3926 5403 3932
34015 5610 3925 5609 5612
34016 3924 5612 3932 5403
34017 3029 4859 4848 3941
34018 5231 4528 5126 6073
34019 7118 6879 5729 4658
34020 7113 5193 7100 6619
34021 3363 4761 2651 5310
34022 5126 4658 6879 5408
34023 5052 6908 5053 7118
34024 2688 2671 4487 4486
34025 5717 4662 6112 4676
34026 5724 7260 5310 7201
34027 5724 5311 7260 5722
34028 5724 4662 5723 2649
34029 4964 4101 6086 7065
34030 4964 7079 3849 7065
34031 3849 4101 7084 7239
34032 3848 3817 3870 3843
34033 3849 5069 3867 7079
34034 4958 3850 6778 7239
34035 4919 4920 4921 3843
34036 5165 5162 4920 6385
34037 4920 6344 6343 6360
34038 5996 6000 5998 5999
34039 5569 5526 681 5162
34040 5162 4920 5569 5526
34041 3513 5998 3516 3515
34042 3419 6118 5133 4875
34043 4435 7142 4993 5120
34044 5763 6147 6136 7255
34045 5617 6146 4253 5616
34046 5763 6136 4631 7255
34047 7255 4631 6081 7040
34048 4067 3565 5457 5614
34049 3346 4633 3419 3418
34050 3426 3427 5335 3433
34051 3426 3425 3432 5337
34052 4646 5342 5334 3426
34053 3426 5334 4646 3433
34054 4645 4646 3432 4799
34055 3129 4384 3254 4381
34056 3969 3903 4116 4066
34057 6544 6150 2679 3341
34058 3343 4428 3342 5036
34059 3322 4782 5908 5909
34060 2776 4121 5401 3932
34061 6544 4386 2679 4388
34062 2679 6544 4427 4386
34063 4495 5999 7266 6138
34064 4412 4419 5422 3441
34065 4009 6678 4005 6857
34066 3596 5603 6648 3045
34067 7266 4495 6946 5999
34068 3482 4932 3437 6369
34069 4886 4929 5350 3608
34070 5691 4932 4931 5690
34071 3450 4932 4931 5691
34072 4932 6164 2230 6369
34073 6351 4932 5690 6164
34074 3612 3610 5692 5691
34075 4825 3482 6196 4929
34076 4915 6313 3627 4553
34077 4917 6427 4560 7203
34078 5999 6138 5564 7266
34079 4666 4674 5854 4672
34080 3909 3907 3910 5480
34081 6628 3100 4447 4668
34082 4041 4042 6326 6354
34083 5963 5835 6686 6181
34084 5835 4358 3069 5895
34085 3851 7185 3852 5128
34086 5128 7185 3852 6242
34087 5128 6785 5271 5941
34088 3072 5490 3071 6765
34089 5966 6819 4539 5963
34090 5963 6686 6759 6819
34091 5093 6868 5092 6750
34092 4190 4193 4183 4192
34093 3406 2945 5086 5624
34094 5875 3240 3416 3868
34095 4298 5608 4191 6612
34096 2831 3417 3868 3416
34097 5875 6348 6798 7068
34098 6000 6946 7168 5999
34099 4178 3512 831 6523
34100 6513 3512 809 810
34101 3514 5999 4495 6138
34102 3512 5742 823 830
34103 4445 6107 4097 6105
34104 3512 5742 830 5738
34105 822 5741 830 5742
34106 3907 3909 5474 5480
34107 3340 3772 4850 5239
34108 4176 6310 5206 6311
34109 4880 4876 4712 4048
34110 3514 3516 5999 6138
34111 6902 3725 3702 7002
34112 4184 6834 1228 1180
34113 4184 1228 4185 1257
34114 4769 4774 4039 5953
34115 4033 6514 4039 4042
34116 6514 3908 4041 4037
34117 4774 4039 4038 3267
34118 3907 5475 5482 5479
34119 4774 3268 685 701
34120 4860 5511 4862 6900
34121 4792 4864 7025 4801
34122 4926 5254 4864 4861
34123 1667 4306 1659 7010
34124 7010 4305 1667 4306
34125 3957 3956 4305 7104
34126 6982 4305 4306 2723
34127 4305 1641 2675 1644
34128 4305 1644 2675 3118
34129 4710 3927 3923 3929
34130 2666 4691 2802 2665
34131 2666 5272 5273 5265
34132 6500 6465 6903 6427
34133 3616 4918 6427 6465
34134 4036 6405 4918 6500
34135 3625 4918 3616 3624
34136 4040 4916 6800 4043
34137 4034 4918 4043 3624
34138 6465 6577 6576 6500
34139 5708 5407 4297 5844
34140 5956 5960 4169 5957
34141 5707 1160 5845 5972
34142 2890 4155 3548 4464
34143 3548 5456 4154 4466
34144 4464 5456 5230 3550
34145 4616 3752 4620 4625
34146 4826 4123 4155 4620
34147 5229 4620 4155 4819
34148 2762 6477 2993 7064
34149 6276 5228 5634 6715
34150 5485 2882 672 5484
34151 5484 5482 6460 5483
34152 5485 6353 5479 6724
34153 4689 5570 5751 6368
34154 5570 2798 957 958
34155 5570 4660 6438 2798
34156 5570 950 5391 5751
34157 4520 5515 5140 4521
34158 6714 5378 5633 5605
34159 6683 5632 5633 5517
34160 5633 5378 5656 371
34161 5761 5633 5378 5605
34162 5761 5633 5605 5762
34163 4170 6392 6555 4171
34164 3390 5209 5601 6545
34165 4473 4403 4430 4475
34166 2678 3129 2676 4389
34167 6124 5739 6341 5748
34168 2790 4170 6392 3540
34169 5743 5740 4672 6723
34170 5761 383 5792 382
34171 388 382 5791 5792
34172 5761 378 5762 5792
34173 5791 65 1015 388
34174 5761 5605 5378 381
34175 5761 372 5633 5762
34176 5761 381 5378 376
34177 3851 3854 3855 7185
34178 4788 3855 6242 3852
34179 5869 6242 1910 5871
34180 5961 6822 6299 5964
34181 5961 5332 435 5964
34182 5960 3383 5961 5957
34183 5961 5423 6822 5964
34184 3583 2848 6240 3582
34185 4334 3032 4342 4337
34186 6024 3555 5530 6240
34187 4755 5143 5144 6337
34188 3555 2848 6240 6024
34189 2850 3555 3556 2844
34190 6078 5325 6015 6016
34191 5406 6056 6509 6091
34192 5422 4421 4422 6318
34193 4421 4425 4410 4423
34194 5410 5411 6844 5383
34195 3222 4867 5689 4865
34196 3511 4785 4786 3507
34197 4414 6179 5046 4426
34198 5409 5465 7128 5463
34199 4413 4411 4928 4414
34200 3245 4065 3246 4782
34201 4421 4424 5898 6637
34202 6317 6637 4421 6094
34203 4421 6094 2025 4688
34204 4421 4422 6318 4688
34205 6317 6644 5842 5145
34206 6317 6644 6207 5842
34207 5047 4873 5048 5040
34208 4275 4276 6155 4310
34209 3971 5050 3974 3981
34210 4426 4425 4414 4410
34211 5383 6156 5304 5411
34212 6844 7128 4276 6155
34213 6689 6844 7128 5409
34214 6576 3269 6363 6346
34215 6346 6363 700 701
34216 669 6390 6346 3268
34217 5460 631 6293 5163
34218 3472 6386 3480 6404
34219 2853 5460 6293 3476
34220 5460 5367 646 662
34221 5460 3480 5163 3477
34222 6293 614 630 2853
34223 3475 5301 3844 3888
34224 4032 5301 3475 3888
34225 3847 3888 3817 5301
34226 3817 3843 5301 3844
34227 3817 3848 3850 3843
34228 5165 6385 4920 6343
34229 5553 4030 6419 6402
34230 6787 3479 3480 6404
34231 5807 3251 6245 5151
34232 3387 3389 3512 3388
34233 3512 5742 7056 823
34234 5738 5415 844 6523
34235 3389 4176 3512 3388
34236 3388 3387 4178 3512
34237 4172 5685 3540 6340
34238 4175 4174 6124 6105
34239 6768 5149 6761 7182
34240 2756 3916 2755 3261
34241 3097 2677 3098 5150
34242 6161 5222 3712 6518
34243 3746 3748 3720 6106
34244 6341 4777 4775 4776
34245 2781 2786 2785 2784
34246 5739 4776 6581 4777
34247 4172 5685 825 6555
34248 3387 4175 3388 4178
34249 3463 4652 3465 5174
34250 4751 5794 1110 4754
34251 4456 4822 4751 4754
34252 4751 4822 4748 5794
34253 7073 4751 6845 4750
34254 3861 3859 5951 5319
34255 3409 6332 6653 3412
34256 6332 6653 6336 5896
34257 3408 3410 3411 3861
34258 3407 3781 3399 5090
34259 3407 6333 5434 3399
34260 5318 3411 3405 3399
34261 5318 5639 3861 5319
34262 3407 3408 3411 3405
34263 6683 5656 6714 5515
34264 5516 5632 3291 6683
34265 6683 2799 2796 5571
34266 5632 5521 362 3291
34267 6683 5632 2796 5633
34268 5632 5750 5518 5516
34269 5632 5521 2796 367
34270 6544 3342 3149 6761
34271 4507 6177 6669 6679
34272 4701 4006 6679 5219
34273 4697 4505 4006 6176
34274 4699 4505 4506 4510
34275 5217 4006 4697 5219
34276 4697 6175 4703 6495
34277 5218 4696 4697 4698
34278 6687 5397 1067 6550
34279 1059 6550 5815 6625
34280 6719 5397 1086 6687
34281 5756 6719 5397 1086
34282 6425 6550 6687 6564
34283 6687 6616 6625 6579
34284 6687 6616 6579 6719
34285 6687 5397 1086 1067
34286 6687 1624 6625 1059
34287 6625 6550 5815 6564
34288 4045 4059 4053 4052
34289 4045 4051 4052 4053
34290 4839 4609 4846 6658
34291 6685 6834 5092 6840
34292 7112 4054 4052 4051
34293 4052 4842 6413 7112
34294 4052 6413 4842 6411
34295 7187 4325 4618 5669
34296 4325 5669 7187 4327
34297 4324 4325 4327 5669
34298 4324 5669 4824 4325
34299 4965 5373 5384 7005
34300 4324 6095 6093 5652
34301 6666 4332 4330 5030
34302 3753 6852 4330 6356
34303 4371 4372 4058 4609
34304 4539 4358 3872 2866
34305 4191 4182 4184 6834
34306 3412 3160 3415 3408
34307 4241 5910 6261 4787
34308 4240 5266 5271 4242
34309 4240 3852 4787 6243
34310 3521 6630 6797 6636
34311 4410 4419 5422 4412
34312 966 6597 959 4659
34313 4503 5524 973 4203
34314 5389 4211 6949 4965
34315 4659 952 6597 959
34316 3080 4504 6217 3081
34317 965 5392 966 4659
34318 972 5392 965 4380
34319 4659 5930 6597 4661
34320 4155 4819 5456 5229
34321 4625 4819 5456 4155
34322 4826 5229 5228 6093
34323 5661 4620 6093 5229
34324 3758 4618 3759 3232
34325 4123 4155 3752 4154
34326 5661 4621 4819 4821
34327 4616 4620 4621 4625
34328 5775 6730 4005 6857
34329 5776 6730 6654 5421
34330 6730 5115 6654 5421
34331 4009 6730 5115 6857
34332 4009 6678 5788 4005
34333 4079 4083 4086 4084
34334 5776 6654 6730 6857
34335 2990 3001 2999 2998
34336 7060 3503 6878 5929
34337 6809 2999 3307 6519
34338 5127 6643 6445 5306
34339 2890 2874 2750 3878
34340 3434 4693 4591 3435
34341 6809 5127 6520 6519
34342 4356 3503 6691 6878
34343 5012 2872 3454 2873
34344 3157 3739 3723 3720
34345 2760 4639 2759 5638
34346 6161 5222 5629 6548
34347 4449 4216 5644 4019
34348 6701 5253 4462 5642
34349 3800 4597 5112 4579
34350 4211 4805 4656 6851
34351 4247 6589 2937 6586
34352 4248 6589 4247 4249
34353 3293 3292 5075 4248
34354 4249 5550 6586 4247
34355 2950 2929 6412 2936
34356 6583 6587 4249 6589
34357 6583 6115 6587 6585
34358 4211 4965 3715 5349
34359 3332 4211 4656 4965
34360 6367 5516 4521 5771
34361 5140 4521 5515 6575
34362 3282 3875 7221 5968
34363 6367 5571 4379 5516
34364 3373 6204 3372 3082
34365 2803 3373 3083 2811
34366 4566 4973 4969 4968
34367 5075 4973 6587 6115
34368 4248 6589 6587 5077
34369 4973 5074 5075 4975
34370 6589 6583 6587 6586
34371 4973 6585 4974 6587
34372 4574 5986 6936 6805
34373 4576 6937 6118 6805
34374 4574 4576 5986 6805
34375 6972 7255 7040 4631
34376 3357 3060 3167 3061
34377 6232 6352 3243 5427
34378 3610 4888 7131 3611
34379 3764 4870 3825 5243
34380 3610 7131 6816 3615
34381 3822 3610 6414 3824
34382 3873 3877 3875 3874
34383 6352 7107 6471 6159
34384 2628 2631 2626 5019
34385 5328 5404 5349 6762
34386 2633 3874 3485 3876
34387 3517 7168 3801 5404
34388 7113 7244 5193 5194
34389 7113 7244 5194 7117
34390 2631 3491 3492 3485
34391 2625 2634 3047 2630
34392 3874 3491 7062 5968
34393 3874 7062 3491 3485
34394 4719 4718 5560 4768
34395 5558 3837 5566 5561
34396 3864 4020 4490 3876
34397 4511 5192 4834 6517
34398 7059 5993 6729 7122
34399 7166 4990 6776 4991
34400 5264 3837 5353 4759
34401 4361 4854 6433 4394
34402 5011 2506 5212 5190
34403 3678 3662 2473 2489
34404 3663 3678 2505 3662
34405 5719 2899 2904 3285
34406 5011 5212 6426 4829
34407 7140 4828 6934 3675
34408 5137 5105 5136 5551
34409 3678 3679 2505 2506
34410 6018 2473 2474 3678
34411 5879 1682 298 299
34412 5879 299 1853 1834
34413 5879 1888 298 1681
34414 1834 5879 5834 5881
34415 5879 1853 6838 5880
34416 5879 6618 5880 6838
34417 3630 5921 2856 4455
34418 2987 4602 4533 4534
34419 4874 4870 6125 4871
34420 3630 3629 5917 3569
34421 2851 2856 3311 2857
34422 2985 4257 3809 4220
34423 5959 3552 3569 3629
34424 3311 2857 3628 2851
34425 3538 2854 3546 3541
34426 3538 3542 3544 3545
34427 3538 3545 2854 3543
34428 5679 3539 5375 6524
34429 5679 3542 3546 3541
34430 5520 5676 3542 3543
34431 3554 480 475 6085
34432 6509 3554 6047 6085
34433 3554 479 3567 3553
34434 3554 3555 3556 3566
34435 5994 3554 3566 5874
34436 5994 3554 5874 485
34437 6976 4348 5481 3466
34438 6976 2464 2447 2448
34439 2447 6976 5481 3466
34440 2464 3466 4351 6976
34441 6976 2448 2431 2432
34442 4348 7105 4351 6976
34443 6092 4348 7105 4351
34444 6125 3771 3823 5426
34445 5992 6924 5993 3288
34446 4934 5992 5014 5015
34447 4086 4084 5746 4391
34448 5992 6924 5674 5346
34449 5673 5992 5674 5346
34450 2807 3045 4002 6300
34451 5087 6334 6621 3231
34452 5510 6334 5882 5828
34453 5510 6332 6334 5828
34454 3407 5091 5087 6334
34455 3407 5434 6333 5882
34456 4142 4056 6116 4057
34457 4781 3077 6696 4056
34458 4284 5900 4716 4717
34459 4284 4717 6007 5324
34460 4287 6674 4285 6706
34461 4779 3638 4322 4543
34462 3290 3114 5082 3107
34463 4289 6116 4142 4285
34464 6796 4055 4063 6117
34465 6706 6006 4284 4285
34466 2760 6617 6472 5607
34467 6276 4465 4639 5634
34468 6477 2760 6617 6472
34469 2760 5607 5153 6617
34470 2745 6631 7073 3090
34471 2763 2760 4639 2759
34472 4826 6276 6275 5228
34473 3915 4228 4935 4933
34474 4639 4465 5637 5634
34475 7180 6611 1889 1857
34476 7180 1838 7136 1857
34477 3707 5440 6961 5441
34478 1903 1889 1870 6966
34479 1870 7180 6863 6966
34480 7180 6518 7268 7162
34481 7180 7136 1838 6872
34482 2930 3839 2967 5010
34483 2929 2967 2931 2930
34484 6810 3812 4573 4321
34485 3563 4321 4311 4299
34486 4685 2652 7202 4677
34487 3404 4575 3813 4573
34488 4272 4269 6441 4270
34489 6549 5022 6824 5021
34490 4513 7058 4500 4514
34491 4472 5249 4469 5175
34492 6960 2302 4955 4952
34493 4537 4489 5061 4538
34494 4537 5176 4472 5249
34495 4537 5061 4489 5249
34496 5249 4537 5175 4472
34497 3896 4513 4527 3899
34498 5410 5413 6079 5390
34499 4659 5392 966 6597
34500 3589 3594 3591 3595
34501 3589 4002 4011 3592
34502 4011 6177 4010 4002
34503 6217 6597 4661 4930
34504 3700 4947 5586 4952
34505 4986 5579 4983 5819
34506 2928 4206 3251 4202
34507 2677 5151 5150 6150
34508 5817 5808 3623 5822
34509 6281 6283 6128 5270
34510 4986 4983 7249 5819
34511 3509 3508 3506 6794
34512 3506 6794 3431 4647
34513 3510 3507 3511 3506
34514 3012 4451 3013 3014
34515 5424 4121 4654 5402
34516 3467 3468 6288 4648
34517 7215 3507 6847 3996
34518 2710 2711 2712 4850
34519 3320 4847 3318 5224
34520 5221 2710 5227 5223
34521 5227 6860 6547 6821
34522 3391 4445 3747 4669
34523 2752 2756 2755 3261
34524 3745 3747 2710 3738
34525 3748 6106 6105 4432
34526 3493 5370 5019 7090
34527 5019 3487 7090 7233
34528 4136 4723 3515 6779
34529 3492 3487 3485 7125
34530 3487 3486 7125 7074
34531 4133 4136 3515 4135
34532 3211 4111 3210 3641
34533 3220 6071 3142 3143
34534 4134 3514 6138 3516
34535 2671 5171 4608 4486
34536 3701 5441 3707 6962
34537 4136 6467 6305 7071
34538 6071 6467 3142 6791
34539 6791 3143 4940 3142
34540 6486 3707 7257 4951
34541 7189 6003 6908 7165
34542 3707 5440 7257 6961
34543 4686 4677 6647 6112
34544 3332 4965 3329 4211
34545 5052 5053 5051 3297
34546 5126 4530 4515 5365
34547 4208 4248 6037 4977
34548 5074 5076 6039 6037
34549 4564 5429 7251 4568
34550 3796 7080 3797 3795
34551 3796 7080 6113 3797
34552 4566 6039 4570 4568
34553 5054 5211 5063 5062
34554 3706 6486 3707 6418
34555 4975 4977 5076 6037
34556 3347 4630 5763 4631
34557 4870 3825 5045 4874
34558 5986 6805 4576 6118
34559 7006 6805 4875 6118
34560 5986 4575 3356 4576
34561 3611 4885 3609 4888
34562 4886 4887 5350 5428
34563 673 4889 657 4887
34564 6816 7131 3824 6461
34565 3609 4887 3613 3608
34566 3609 4884 3611 3613
34567 4889 5427 6232 5428
34568 4889 6232 4888 6250
34569 4889 4888 4885 6250
34570 3612 4886 5427 4889
34571 657 658 641 5428
34572 4208 6037 6029 7269
34573 4248 4208 4196 4167
34574 4207 5562 6745 4209
34575 4208 7253 4167 4977
34576 4208 4977 7269 7253
34577 4248 6587 6589 4249
34578 4678 4435 3421 3345
34579 4304 6084 6362 6108
34580 6816 7131 6461 3615
34581 6255 4320 3256 6380
34582 3258 3471 4254 6264
34583 5797 7133 4254 6140
34584 4963 5068 4964 4303
34585 6365 6366 6143 6144
34586 6365 6143 6145 6144
34587 3835 3829 5007 5559
34588 5703 5711 6450 5256
34589 4585 4683 7021 6433
34590 7122 4757 4718 4758
34591 4991 5192 4768 7067
34592 4361 3883 3884 3885
34593 5465 5045 5243 3825
34594 5175 4472 4470 4469
34595 6816 3824 5242 5471
34596 4470 4474 7176 4471
34597 3425 7176 4474 3432
34598 5174 7081 4651 4652
34599 4458 3985 4470 4472
34600 3210 5174 3925 3143
34601 3134 3901 4111 3143
34602 6171 5499 4641 5018
34603 3819 3820 3818 3882
34604 4961 4103 3881 3882
34605 3881 4104 3882 4103
34606 3880 3819 3887 3818
34607 4961 4103 3882 6375
34608 4961 5783 6375 5784
34609 4833 3991 5927 2929
34610 3990 4158 3994 2994
34611 2929 2930 3990 3987
34612 6589 2932 2937 5364
34613 4833 3990 4157 3994
34614 3987 3991 2929 2930
34615 3991 3729 7003 2930
34616 5663 5667 5665 5006
34617 3189 5716 3188 5771
34618 5905 7235 5903 5904
34619 5773 5785 5789 5776
34620 5098 5119 6187 5237
34621 5098 6187 6183 5137
34622 5137 6183 4907 5536
34623 5235 5098 5097 5531
34624 5098 5017 5097 5026
34625 6798 2685 2683 6542
34626 6798 2685 6542 5942
34627 3410 2616 5935 3409
34628 5771 5750 5516 5518
34629 6798 5942 5844 6888
34630 5472 4243 3057 4246
34631 5845 6348 5942 5844
34632 5960 2673 3860 5957
34633 4192 6798 6888 4183
34634 4345 5908 6160 4346
34635 2891 6520 6809 5127
34636 3300 6052 6967 6506
34637 6052 3712 6518 6506
34638 3246 3319 3247 4782
34639 3343 3964 4856 4855
34640 3321 6052 3711 3712
34641 2719 2618 2718 2715
34642 2644 5626 5635 5636
34643 2643 6754 2645 3781
34644 2641 4089 3854 4740
34645 2646 5486 2645 3670
34646 2820 3781 5578 3405
34647 2986 3271 2985 4220
34648 5771 4764 4523 3186
34649 3425 4470 4459 2921
34650 3655 3896 4513 4527
34651 5771 5518 5515 6575
34652 4521 4764 5771 6575
34653 3668 4408 4761 4542
34654 3331 4966 4656 4658
34655 4426 5411 5046 6079
34656 5126 4530 4528 4515
34657 5729 6932 5053 5737
34658 5675 2711 2712 7192
34659 4850 3774 3318 5901
34660 3319 3774 5901 3318
34661 3319 3774 3247 5872
34662 3251 5330 6245 4202
34663 3773 3247 3774 5872
34664 3095 3096 3102 3104
34665 5448 5449 5447 5450
34666 3374 4524 5930 6438
34667 4521 5515 5771 5516
34668 5447 6735 6668 6714
34669 5447 6683 5515 2799
34670 4520 4379 2799 5515
34671 3084 5447 3372 4520
34672 6508 3082 6837 3084
34673 4414 4415 4867 4928
34674 3442 6193 6088 6192
34675 4410 4413 4414 4411
34676 6459 3139 6723 5474
34677 5048 3224 3223 4866
34678 4549 5383 5044 4310
34679 4423 4415 6475 3222
34680 4411 6690 4426 6223
34681 3442 5144 6088 6193
34682 5041 6191 6398 5042
34683 6167 6170 6156 5411
34684 4340 6286 6940 4492
34685 3889 4721 4718 3453
34686 6286 4492 6525 6940
34687 6286 6929 4957 6941
34688 4758 4745 4778 5993
34689 4393 6941 4957 6260
34690 6791 7016 3143 6071
34691 4072 6305 6467 4074
34692 3942 4072 4069 3936
34693 2947 7017 5094 7042
34694 3828 3831 5007 3829
34695 2625 2635 2633 2632
34696 4136 6305 3378 4584
34697 6171 4642 4643 6172
34698 4072 6071 4073 3936
34699 4584 7071 6305 4075
34700 6463 6619 5805 7100
34701 5194 7244 6517 7117
34702 3559 3092 3560 6546
34703 4717 4322 2707 4321
34704 3066 3812 2707 4321
34705 6676 6677 5614 6708
34706 4250 4544 4550 5038
34707 6546 6278 6021 4418
34708 5443 6279 6503 6504
34709 7210 6278 6279 6504
34710 6278 5210 7211 7210
34711 6546 6021 6278 7211
34712 4836 7158 5947 7091
34713 7158 5980 7144 6663
34714 7158 5947 7091 5983
34715 7149 4836 6663 6649
34716 7158 5980 6728 7144
34717 5576 7158 6728 5983
34718 7158 4838 4003 5980
34719 4835 7158 5576 5983
34720 4406 3288 5576 5980
34721 6352 3531 3822 7107
34722 6352 3771 3531 5469
34723 7107 6250 6159 6399
34724 6250 691 675 6159
34725 6159 3783 6414 6399
34726 5480 6723 6870 6871
34727 7107 6399 6159 6414
34728 6159 3783 6399 707
34729 6471 5469 6159 675
34730 5469 659 675 6471
34731 6159 3783 708 692
34732 2634 3039 2629 2626
34733 3517 5999 3518 7168
34734 2634 3040 3039 3041
34735 3791 3801 3799 3795
34736 7168 6000 3518 7041
34737 5410 5044 5041 5390
34738 5404 6946 4495 7168
34739 6762 5404 6946 4495
34740 4495 6138 7266 4499
34741 2632 4593 2633 3876
34742 3799 7041 7168 3518
34743 6459 6723 5480 5474
34744 5572 5513 7220 5488
34745 5322 3945 6247 7045
34746 4971 7047 5056 3950
34747 5211 7271 4971 6252
34748 5211 6252 5076 4977
34749 4970 4974 4969 5160
34750 6246 5076 4971 6252
34751 5006 4997 6201 6202
34752 3948 3950 5107 3949
34753 2614 3857 5883 3416
34754 2835 4188 2898 4189
34755 4237 3415 4241 4240
34756 2823 2820 3160 3781
34757 4241 4240 4787 6243
34758 4240 5271 6785 4242
34759 4240 5271 3852 6785
34760 3705 5144 6220 6337
34761 2845 3963 2847 2850
34762 3566 5874 3554 6274
34763 6149 3525 5987 5981
34764 3556 3555 3553 2844
34765 6214 4988 6684 6357
34766 6214 4988 6357 6215
34767 6214 4294 3790 4636
34768 5974 4251 4809 6277
34769 6214 4294 6383 3790
34770 6214 6383 4283 6215
34771 3472 6386 6404 3536
34772 3478 7044 6402 4030
34773 3850 3865 6401 3866
34774 3478 3479 3474 4030
34775 4041 4037 5854 4916
34776 4769 4772 5953 4039
34777 4769 6440 750 5380
34778 5479 6724 6353 6801
34779 4916 4043 4041 4037
34780 4036 4037 4918 6405
34781 4037 4034 4043 4033
34782 5854 3909 4672 4674
34783 5655 6096 1048 4830
34784 5197 5195 5203 5005
34785 5661 6301 4832 5655
34786 6095 6097 6093 5652
34787 5661 6097 6096 5655
34788 6050 6096 1054 5786
34789 4324 5445 5446 6095
34790 6056 476 6085 6047
34791 6509 6091 6337 6274
34792 5406 6509 6085 6274
34793 6078 4496 4497 6056
34794 6056 473 4497 6091
34795 5406 5320 6083 5874
34796 4496 472 6056 471
34797 6056 6091 477 478
34798 5006 5196 5195 5026
34799 4496 473 6056 472
34800 5406 6056 477 476
34801 3435 6194 4481 7167
34802 4692 4480 6864 4694
34803 4313 4724 4481 6194
34804 3434 4692 4480 2998
34805 3025 3023 7222 6472
34806 6527 6864 4480 4482
34807 4476 4482 4481 4732
34808 2754 2764 2756 2993
34809 5006 5663 2501 2517
34810 4671 5742 6521 4176
34811 4916 4037 6807 4918
34812 4916 4037 4918 4043
34813 3101 3099 6628 6629
34814 3310 5975 3163 5976
34815 4221 4222 5131 5132
34816 4220 5130 4363 4257
34817 5956 3385 5958 5976
34818 2468 2484 5904 7242
34819 4298 5969 5130 6615
34820 3858 5958 426 6325
34821 5956 6349 5960 3383
34822 3310 3312 6319 84
34823 4169 3860 5960 6349
34824 3273 3161 3018 2648
34825 2895 4313 4124 3265
34826 5663 5665 5662 5008
34827 6477 2758 4897 2760
34828 5480 5478 6310 5261
34829 3907 5476 5480 5474
34830 6553 828 6442 821
34831 6553 6871 6870 822
34832 5480 6553 6871 6870
34833 6483 5483 3912 5474
34834 3907 3910 6514 3908
34835 6442 5480 6553 5260
34836 5476 5478 5261 5262
34837 5438 5483 5476 5485
34838 6442 5483 5476 5438
34839 2500 2516 2517 5663
34840 3930 4293 4655 4352
34841 3463 4649 4648 4652
34842 4598 3925 5174 5610
34843 3465 5677 4652 4648
34844 2742 3548 4464 3547
34845 3155 3722 3158 3724
34846 4475 6534 6531 6533
34847 5497 6339 4430 6688
34848 6891 6616 6599 6425
34849 4430 5497 5498 4431
34850 5251 4429 4431 6702
34851 37 6718 2974 5659
34852 6718 5659 37 3640
34853 6718 5300 39 5642
34854 6718 38 5300 5299
34855 6718 5907 5642 39
34856 5663 5905 5903 5904
34857 6701 5300 6718 5642
34858 2975 5802 6718 2974
34859 4321 4577 6810 4300
34860 6549 5043 6824 6814
34861 3789 5051 3813 5737
34862 4779 4322 5507 4543
34863 4321 4322 6810 4717
34864 5507 4543 5506 4779
34865 4322 4717 5507 6810
34866 3076 3708 3520 3709
34867 3814 6546 5020 4418
34868 4321 4299 4300 4311
34869 4310 4312 4543 6843
34870 6020 5022 5878 6824
34871 3383 5991 5962 5940
34872 3368 3383 5991 6238
34873 6078 6056 6047 471
34874 6078 4496 6056 471
34875 6078 6064 6100 6016
34876 6509 6056 4497 6091
34877 4166 4165 6509 6337
34878 4543 4779 6014 5506
34879 5041 4866 3224 5048
34880 4310 4276 4265 4275
34881 2841 2845 2846 3488
34882 5662 5008 2516 5663
34883 3606 3607 563 556
34884 3606 6196 548 555
34885 3451 3607 3452 6254
34886 3606 6196 549 548
34887 3451 6254 3606 3607
34888 3606 3608 3607 556
34889 3606 3608 549 4929
34890 6254 3736 577 3607
34891 4997 5663 2484 2485
34892 3977 4872 4873 4015
34893 4868 5045 4874 4870
34894 3222 4865 4866 4867
34895 4866 3224 3223 3222
34896 5049 5050 3979 5047
34897 5047 5044 3979 5049
34898 5044 3980 6844 5409
34899 3239 1731 1738 2614
34900 3239 2614 6529 2615
34901 5667 5197 5006 5903
34902 1717 2614 4613 1724
34903 2614 5883 5323 4614
34904 4900 6201 6199 5196
34905 4238 3416 2614 4614
34906 2614 1717 4614 5323
34907 4301 4961 3914 4962
34908 3847 4964 5069 3849
34909 6108 6362 4304 6684
34910 3847 3819 3817 3888
34911 4964 6108 6985 7175
34912 3886 4817 3887 7066
34913 3886 4817 7066 5071
34914 5068 5069 6985 5065
34915 5072 5065 6985 4988
34916 4920 6360 5569 6344
34917 4920 6360 5162 5569
34918 4920 5162 6360 6385
34919 6360 6344 729 713
34920 6360 6448 6343 744
34921 5162 697 6360 696
34922 6360 697 5569 713
34923 6360 6448 745 6344
34924 6199 6201 7273 6202
34925 6360 6448 744 745
34926 4173 5743 4671 5742
34927 3386 3388 3387 4175
34928 4447 4668 6694 6628
34929 4670 3394 5209 5208
34930 4670 5207 4669 5208
34931 5743 6871 4671 5742
34932 3512 7056 816 823
34933 4178 831 3512 824
34934 4176 7056 3512 5742
34935 3512 3387 4178 4171
34936 6523 3388 3512 5738
34937 5742 830 5738 5741
34938 3512 7056 6513 809
34939 5415 6595 6581 6802
34940 5415 6802 851 858
34941 5415 4777 1651 866
34942 866 5415 858 1651
34943 3154 3966 3711 3321
34944 3153 6631 4116 4855
34945 6631 3091 6861 6884
34946 3547 2761 4639 4465
34947 2991 6506 3300 4810
34948 3088 4751 4452 5123
34949 6201 5903 7247 7236
34950 6201 5904 5903 7236
34951 6653 5896 5881 6336
34952 6653 1816 5880 6652
34953 6653 1816 6652 6336
34954 3414 6653 5896 5834
34955 5006 6201 4997 5903
34956 6618 3414 5834 5880
34957 6332 6652 5091 6620
34958 6661 952 6597 4930
34959 6661 6217 4930 6597
34960 6661 960 6867 967
34961 6661 4930 6867 953
34962 4503 6661 4504 6867
34963 6661 4930 953 952
34964 6646 6236 5539 5540
34965 5540 5538 6607 6269
34966 6604 6607 6734 5540
34967 6103 6236 5540 5537
34968 6235 6638 6640 6639
34969 5540 6604 5538 6640
34970 5577 5576 6924 6728
34971 5577 6924 5993 6729
34972 5353 4080 5355 4081
34973 6875 5114 5757 5416
34974 5030 4330 5523 6603
34975 5576 6728 5355 5983
34976 7146 7145 2438 2437
34977 3286 4758 3237 4583
34978 5355 5983 7172 5360
34979 2900 2906 2902 2899
34980 3417 2825 3868 3860
34981 4788 6242 3855 5869
34982 2641 5625 3855 3854
34983 2897 2945 4788 3856
34984 3855 3854 5625 6712
34985 5625 4089 5635 7155
34986 5625 4089 6711 6712
34987 2933 3810 5444 2724
34988 4824 6275 5652 6093
34989 5228 6275 5648 6715
34990 4145 4592 5142 5140
34991 3752 3758 4618 4325
34992 4425 6475 5898 3221
34993 7161 3224 3223 5048
34994 5041 4866 5046 3224
34995 6038 4603 4602 4601
34996 4117 6038 4602 4601
34997 6038 4604 4602 4603
34998 5598 4766 7119 46
34999 4734 4735 5598 4736
35000 6202 6201 7273 7145
35001 4379 5571 6368 2798
35002 6367 4379 4521 5516
35003 3375 4376 3084 5452
35004 2799 4379 2798 5571
35005 4379 5516 5515 4521
35006 3375 3078 4376 5392
35007 3044 5687 5396 5393
35008 3596 4838 6648 5603
35009 5398 6669 4507 3082
35010 3079 5392 4503 5524
35011 2808 4493 5674 3043
35012 5032 5115 5416 5033
35013 4002 3045 3596 6300
35014 5787 4009 6678 5788
35015 6177 6679 4013 6669
35016 2873 6445 6643 5188
35017 4934 5673 5014 5992
35018 3756 3751 4433 4154
35019 5188 6643 5012 6835
35020 2871 3232 3756 3757
35021 4355 4392 4354 6286
35022 6643 6445 5306 5188
35023 3698 6131 6127 6132
35024 3696 6274 3705 6220
35025 6149 6127 500 5990
35026 5981 6149 6004 500
35027 5888 4247 6589 2932
35028 4949 3990 4159 4157
35029 5361 4248 5063 4977
35030 2950 2932 2931 4247
35031 2930 5364 6766 2937
35032 741 758 742 6330
35033 6330 3741 741 3760
35034 5317 6330 3741 742
35035 3744 3741 6330 3743
35036 3742 3782 3762 6815
35037 3472 3478 3744 6404
35038 3734 3742 3744 3754
35039 3733 3536 3744 6404
35040 3734 3744 3742 3741
35041 6303 7254 2285 7035
35042 6303 5772 5795 7035
35043 6303 7254 7035 6302
35044 6303 6302 5795 6304
35045 6303 5795 2327 6304
35046 6303 5772 2285 2244
35047 3356 6118 5986 4576
35048 6013 4664 6074 6906
35049 6012 4763 4487 6102
35050 4630 4631 6081 5763
35051 6199 6202 7273 6186
35052 5457 4631 6136 6133
35053 4000 5231 4664 4528
35054 3349 5457 5658 4631
35055 3560 6546 6677 6676
35056 2884 2626 3380 2951
35057 6201 7147 7247 7273
35058 5410 5044 5409 5046
35059 3047 3485 2633 3874
35060 4997 5904 5903 6201
35061 3494 3493 3487 7090
35062 5775 4005 6678 6857
35063 3486 2632 2631 3485
35064 5176 3486 7233 5249
35065 4834 5192 7223 6517
35066 7183 7208 7166 4990
35067 7191 7223 7184 4640
35068 3889 4758 4718 4759
35069 7223 7191 7262 5192
35070 4640 5194 7117 5370
35071 5192 7191 7262 7067
35072 4720 3455 4992 6776
35073 4584 7029 4075 4078
35074 3194 3225 3906 3378
35075 4718 3453 4721 4720
35076 5554 5203 3127 3128
35077 5554 5203 5005 3127
35078 5005 5195 5203 5554
35079 3128 3094 3127 5554
35080 7108 3057 4243 6733
35081 4836 4838 6649 3592
35082 1888 7108 1681 3057
35083 6578 6269 6266 7181
35084 4246 3057 5472 6838
35085 3057 3058 6733 1695
35086 3057 5879 6838 6618
35087 1911 1888 5472 7108
35088 5895 5835 3682 3069
35089 4050 4912 4881 4049
35090 3682 4607 5895 4605
35091 6266 6267 5181 6726
35092 4913 4060 4182 6685
35093 4911 4374 5527 4912
35094 3625 4916 4918 4043
35095 4551 5240 5500 3769
35096 5773 5778 5785 6228
35097 4558 4551 7126 5240
35098 4551 5240 3769 7126
35099 4559 4560 6807 6968
35100 7126 5240 5207 4558
35101 3099 6628 6629 7248
35102 3347 4630 5121 5763
35103 6264 5797 6140 5079
35104 6045 6302 6304 4440
35105 5783 6375 6043 4103
35106 4301 4307 3881 4961
35107 5138 7038 4580 4634
35108 5763 6148 3347 6136
35109 4127 4255 5470 4280
35110 4368 5941 4374 4373
35111 4369 4374 6965 4373
35112 6965 4369 6964 6205
35113 4374 5941 5527 6345
35114 4369 6964 6205 4367
35115 4194 4060 4185 4182
35116 4374 6345 4049 7141
35117 3583 4722 6024 2844
35118 3583 3582 6240 6239
35119 4336 6240 5913 6100
35120 6100 2848 6240 3555
35121 2848 3555 2844 6024
35122 6240 109 6024 6241
35123 6240 5530 109 108
35124 3862 3328 4501 3326
35125 4386 5424 6829 6830
35126 3300 6052 4346 6153
35127 3711 3300 6506 6052
35128 3333 3308 3302 3301
35129 4938 4939 6635 5947
35130 6520 5306 4692 6519
35131 6691 5127 6877 6643
35132 2693 2690 2696 2881
35133 6925 5181 6726 7171
35134 4493 3043 5687 5673
35135 6852 3753 5028 6356
35136 3636 6154 3114 5020
35137 3599 3598 3629 3955
35138 5021 4219 6398 5043
35139 4476 6527 4482 4732
35140 6631 3052 4116 3091
35141 7110 4732 6863 4482
35142 3001 7110 6506 4810
35143 2697 2767 3035 2816
35144 7110 3306 6527 6863
35145 6527 3306 4810 3307
35146 4897 5638 43 5153
35147 4897 5154 5155 4902
35148 6479 4767 4766 5156
35149 5155 5156 44 5158
35150 2745 3551 3090 7073
35151 3333 3501 4356 5620
35152 3970 2972 4859 4869
35153 3333 3302 3308 6809
35154 3969 2776 3931 4121
35155 2999 4810 3302 3307
35156 7164 6512 1869 6557
35157 7164 6557 1869 1957
35158 6522 1887 1957 7164
35159 2033 6522 1887 1957
35160 6557 7164 3390 6522
35161 1887 6526 6512 7164
35162 5181 6726 7171 5777
35163 3389 6392 4171 6526
35164 4140 6931 4137 7154
35165 6137 7116 4140 7154
35166 2682 3655 3896 4021
35167 6911 4137 4140 6931
35168 3191 3192 3137 2885
35169 2672 5176 4472 4537
35170 3589 3597 3591 3590
35171 6578 7181 5777 6634
35172 5220 5217 5778 5218
35173 4700 4504 5812 6624
35174 6217 6624 3591 4504
35175 3590 6300 3589 3597
35176 5817 3250 5820 5579
35177 5002 7087 7261 7027
35178 5002 6281 5331 5270
35179 6406 5675 7192 4552
35180 3249 3250 3247 3773
35181 4383 7261 7087 4385
35182 4206 5579 4986 5820
35183 6635 7228 5777 7171
35184 3507 4782 3998 3997
35185 4785 3507 4782 3998
35186 3507 3506 3508 7216
35187 4785 3507 6847 4786
35188 3507 3506 7216 4786
35189 7216 4786 7215 3507
35190 5908 3510 3509 3507
35191 3509 4345 3335 3500
35192 5807 6245 5330 6128
35193 4858 6292 4869 5401
35194 3156 3315 3316 3321
35195 4458 3985 2921 4470
35196 4199 4434 6143 7261
35197 5279 5580 6641 5276
35198 4293 4382 4384 4655
35199 3254 4434 4382 3468
35200 4440 6380 6255 6256
35201 4741 4307 5796 4308
35202 6304 4440 4439 6045
35203 5246 2249 4469 2197
35204 5246 5248 2329 2281
35205 5246 2329 5248 2249
35206 5246 5248 2281 5247
35207 5246 5247 2281 4460
35208 4495 6946 5999 7168
35209 5310 4761 3522 3363
35210 4494 5328 4501 4499
35211 6981 5349 3714 3716
35212 5777 7230 6726 7228
35213 3875 3874 3877 7207
35214 7230 5779 5777 6634
35215 3875 5968 6752 7221
35216 2656 2668 4328 2662
35217 3665 4180 3360 3668
35218 5053 3298 3297 5052
35219 5051 6932 5053 6908
35220 5052 5051 5053 6908
35221 4319 5053 4657 5052
35222 5051 5737 6932 7165
35223 7080 4973 7043 3795
35224 5073 6115 7080 4973
35225 5735 5110 4082 5572
35226 5098 5137 4907 5531
35227 4578 5686 4579 3798
35228 5536 4907 4906 6186
35229 7049 5107 5798 6130
35230 5322 6247 6246 4971
35231 5106 6130 5536 4906
35232 6171 6174 4642 6172
35233 7240 4640 7117 5370
35234 4642 7183 4990 4644
35235 4641 5018 3192 5370
35236 3943 3948 3947 3951
35237 3403 3565 3563 3564
35238 3421 4435 5783 5973
35239 6118 5139 5138 5133
35240 4247 5550 5542 4249
35241 3292 4247 5542 4249
35242 5889 4196 6742 6659
35243 6590 4249 5550 6586
35244 4247 4223 2935 6658
35245 4223 4247 5542 6658
35246 4247 2932 2931 2937
35247 5890 4247 3292 4248
35248 6658 2950 5890 5232
35249 4501 5384 4500 4499
35250 3522 5310 3875 3877
35251 4499 7009 7008 5384
35252 7154 7009 7008 4499
35253 4500 7058 7116 7154
35254 3985 5499 3424 4470
35255 6137 7154 4500 7116
35256 3191 4133 3377 3137
35257 4514 7009 4500 5365
35258 5365 7009 4500 5384
35259 4513 7116 4500 7058
35260 4513 3899 7116 7058
35261 7263 7117 2209 2292
35262 7263 7090 7240 7117
35263 7117 2209 2292 2242
35264 2209 7240 7117 7263
35265 7263 2209 7233 2264
35266 4645 4799 3432 7176
35267 4645 4474 4643 6172
35268 3425 3432 5337 7176
35269 4470 5499 4474 4471
35270 4474 5499 6172 4471
35271 4112 4645 4474 4643
35272 3210 3925 5173 3143
35273 6086 4101 7063 7065
35274 6086 7063 5000 6366
35275 4964 7065 6086 6108
35276 4971 7045 7047 3950
35277 6262 6086 5000 6366
35278 5134 5312 4634 6084
35279 3345 5121 5470 4435
35280 3346 4741 4633 4635
35281 4307 4961 5783 4103
35282 7242 5904 2468 2452
35283 5663 5667 5006 5903
35284 5905 6297 7242 6063
35285 7242 6297 2452 2451
35286 7242 6063 2467 2483
35287 6297 7242 2452 5904
35288 6297 2452 2451 2435
35289 2499 2483 6060 5664
35290 5195 5200 5197 5203
35291 5322 4971 7045 6247
35292 5196 5789 4905 4900
35293 6463 5322 7100 5805
35294 5322 5805 7143 7100
35295 5741 6871 6870 5743
35296 5738 6581 5740 6802
35297 4666 4667 4670 3766
35298 822 6871 5742 6521
35299 5743 6871 5480 6536
35300 6348 5949 5923 5972
35301 5707 5844 6348 5845
35302 4238 4190 4189 4187
35303 3429 4474 4645 3432
35304 4859 3941 3926 4851
35305 3941 3577 4375 4848
35306 3919 5565 3941 6983
35307 4859 4869 2972 4852
35308 3667 4181 3862 3664
35309 2971 2972 2973 3016
35310 3086 3054 3087 3446
35311 3013 4451 3016 3014
35312 3087 4466 4450 4452
35313 2776 5401 3049 3970
35314 3130 4227 4292 2913
35315 7212 7159 6790 6928
35316 6790 6928 6474 7212
35317 4411 6928 7212 6848
35318 4927 7159 6928 6166
35319 4411 6197 6195 6848
35320 6928 5466 6221 6034
35321 6928 6166 7159 5466
35322 5126 6073 6879 5729
35323 5408 5126 6073 6879
35324 6013 6805 5736 5986
35325 6906 4875 6805 6013
35326 5729 5737 6806 6932
35327 4632 3418 4277 4580
35328 5808 3250 3773 5821
35329 3250 3773 5821 3247
35330 6628 6968 6532 7248
35331 4200 4206 4986 5918
35332 3773 3247 5872 5821
35333 3773 3774 5873 5872
35334 6406 4551 4552 4553
35335 4737 4734 6737 4738
35336 4693 5780 4935 5782
35337 4205 5820 6382 6990
35338 4205 6990 5405 5820
35339 5405 3247 5821 5872
35340 4785 5872 4782 3247
35341 6565 4644 4990 7072
35342 4991 4990 4511 4834
35343 4990 6776 7072 7208
35344 4991 4834 7067 7166
35345 4991 7067 4721 6776
35346 4642 7166 4990 7183
35347 4783 4718 5560 4719
35348 4359 4721 4991 4768
35349 4991 4834 4511 5192
35350 5929 3503 3004 5928
35351 3891 4140 4133 3897
35352 4383 4385 4434 7261
35353 3890 4392 4077 4340
35354 5331 4199 5001 5002
35355 3468 6288 6874 6883
35356 4205 4130 6380 5918
35357 3900 3899 6914 3902
35358 6883 4384 4385 4382
35359 6288 4382 4655 6883
35360 4292 6256 5180 6255
35361 3894 2682 2686 3136
35362 5998 5997 3515 6779
35363 3890 6433 4512 4077
35364 5790 2956 4723 7029
35365 4723 7029 7026 6779
35366 2956 4723 7029 7026
35367 4136 3142 6305 6467
35368 4136 3142 6467 4936
35369 4484 4642 4643 4641
35370 3974 3978 3972 3984
35371 3974 4282 3983 4283
35372 5049 3980 4282 4276
35373 5465 5245 5463 5244
35374 4282 4276 7128 5439
35375 4282 6383 5439 6213
35376 4266 6383 5439 4282
35377 4544 5129 4582 4265
35378 4355 4393 4392 6286
35379 6433 6975 4585 4077
35380 4340 3576 4492 4341
35381 4392 6940 6286 4395
35382 3831 3829 4768 5192
35383 3935 4341 4340 4068
35384 3935 4068 4340 4070
35385 4148 7064 2993 6477
35386 4149 6161 6054 3916
35387 7110 3710 7162 4149
35388 6161 6518 3712 7268
35389 6161 7268 6054 6611
35390 5352 5867 5110 5936
35391 4082 5572 5555 5488
35392 5572 7033 5798 7049
35393 3834 3945 3952 7034
35394 3946 5095 3947 4548
35395 3949 3952 3945 7034
35396 3067 6868 5093 6710
35397 2864 3072 3071 4257
35398 3872 6182 5128 5527
35399 3872 5128 5271 5527
35400 5093 5608 3071 7174
35401 3198 3199 5963 4540
35402 3071 5490 4444 6710
35403 4188 4191 5093 5092
35404 5608 6612 7174 5093
35405 3685 3816 6660 6178
35406 3200 4358 2863 5835
35407 3894 3895 2682 3136
35408 4238 3868 4189 4190
35409 6612 4191 5093 5608
35410 4191 4297 6612 5407
35411 3079 4203 4509 5524
35412 4507 4509 4701 6853
35413 4702 4509 4510 4203
35414 4702 4509 6853 4701
35415 2808 3287 5603 5674
35416 4507 6679 4701 4006
35417 3079 4509 2730 5524
35418 6093 5661 5229 6097
35419 5661 6301 5655 4819
35420 5661 6097 5655 4832
35421 6093 6097 4324 5661
35422 4324 4619 5661 6096
35423 6515 4037 6405 6430
35424 3909 4674 6430 6322
35425 5478 5480 6536 3910
35426 3900 4517 3899 4518
35427 5482 6439 4772 5953
35428 4033 4036 3267 4039
35429 5187 3075 4027 5749
35430 3076 3523 2847 3708
35431 4056 6695 4057 6817
35432 4055 6808 3077 4057
35433 4722 2844 3569 6024
35434 3074 4716 4056 4779
35435 4056 4779 6697 6696
35436 4289 6415 3953 5670
35437 3076 3489 3077 6226
35438 4142 6812 4285 6116
35439 3546 5613 2855 5728
35440 3546 5613 5728 6524
35441 3538 3540 3546 2854
35442 5934 6489 6486 6498
35443 3725 6489 2908 7037
35444 6410 4956 4948 4951
35445 6410 5584 5927 4522
35446 6409 5927 6410 5584
35447 3003 3435 4481 4480
35448 4650 3900 7082 4651
35449 4737 4313 4124 3435
35450 6470 5600 6617 4766
35451 6470 5600 4766 5598
35452 3655 4513 3896 4021
35453 3656 4281 5170 6626
35454 5600 6472 6617 5607
35455 3025 3028 5733 6574
35456 6152 5733 3028 5730
35457 5354 6900 730 746
35458 1639 7014 6997 5354
35459 5354 6997 763 6457
35460 5354 7014 6997 4862
35461 714 730 731 5511
35462 5354 6997 1661 779
35463 5354 1639 1661 6997
35464 6325 3164 3163 3861
35465 2924 5332 426 5957
35466 3861 5932 3859 5319
35467 5956 5960 5957 3383
35468 6349 5962 3383 6238
35469 5956 3383 5975 6349
35470 3860 3240 6299 6348
35471 4464 4155 5456 5229
35472 4464 5229 5456 3550
35473 4464 3547 5228 4465
35474 5647 4465 5228 5648
35475 5228 6275 5640 5648
35476 4826 6093 4620 5229
35477 4826 4620 4155 5229
35478 5228 5640 6275 6093
35479 3270 3028 6276 4639
35480 4463 5647 5228 5229
35481 5647 6301 4832 5229
35482 5520 879 5622 5621
35483 5622 3543 889 884
35484 5520 879 5621 874
35485 5676 5520 885 3543
35486 5520 3543 3542 5621
35487 3543 5520 884 5622
35488 5520 5621 875 874
35489 4648 4652 6289 7075
35490 5677 7075 6288 6873
35491 6873 5612 4655 5677
35492 6288 4655 6873 6883
35493 3468 6288 6883 4382
35494 3445 4750 4019 4457
35495 3494 7090 3487 7252
35496 4316 2761 4895 2759
35497 4894 4318 2759 4897
35498 4475 5801 6699 6533
35499 2788 3917 4318 4897
35500 2759 42 4897 5638
35501 2757 2785 4316 3444
35502 42 5637 2759 4894
35503 6152 5607 5730 5153
35504 7089 4483 7124 3494
35505 4473 4317 4403 4475
35506 6582 5766 3545 5752
35507 4894 4473 4896 4316
35508 4473 6531 6891 6890
35509 4473 6531 4430 6692
35510 6559 6599 6566 912
35511 5686 5696 7190 4578
35512 4894 4901 6890 4902
35513 3492 3494 3487 7252
35514 4017 5251 4449 4429
35515 5447 6714 5768 5515
35516 5447 2799 6735 6683
35517 6735 5605 5633 5762
35518 5571 2796 971 2798
35519 6735 5633 2796 5762
35520 6803 5452 5450 5759
35521 5448 5450 5447 5452
35522 6714 5804 5799 5605
35523 6683 5633 5656 5517
35524 3042 3494 4483 6619
35525 5799 5605 5657 6714
35526 5799 6714 5768 5804
35527 5020 4418 6021 5877
35528 5022 6546 6676 6708
35529 5020 3114 5877 5878
35530 4549 4544 4310 5049
35531 3562 4311 4321 4322
35532 5972 5710 5132 5707
35533 5975 6349 3383 6238
35534 2858 2863 2867 2864
35535 2825 5132 4298 5708
35536 4222 3310 5975 3163
35537 5132 6238 5944 5948
35538 5131 5132 5948 5969
35539 467 4498 462 5326
35540 5326 4496 467 4498
35541 6148 6147 5763 5765
35542 4496 4498 5325 4497
35543 471 466 6064 6078
35544 7129 3224 3223 7161
35545 5048 5042 7161 3224
35546 5042 5048 7160 5040
35547 5042 5043 6188 6398
35548 6191 5042 3224 7129
35549 3290 3636 3203 5082
35550 6530 6197 6258 6193
35551 6119 2778 6193 2779
35552 6195 6258 6193 2778
35553 6317 5145 5840 6318
35554 6089 6192 6088 6036
35555 3806 6530 6836 6193
35556 5943 3611 7131 6263
35557 7131 3611 5532 6263
35558 6461 7131 3824 6444
35559 3610 3824 7131 6414
35560 7131 6399 6414 6444
35561 7131 3824 6444 6414
35562 5479 4042 5388 5952
35563 5479 5388 4042 6801
35564 6123 5617 6148 6146
35565 5479 6354 5478 6724
35566 4964 3849 7079 5069
35567 3347 5120 6148 5763
35568 4304 6985 4964 6108
35569 6437 6342 762 6900
35570 4632 4637 4634 4580
35571 6437 6900 746 730
35572 4272 4809 4251 4815
35573 778 762 761 6342
35574 6437 729 6344 713
35575 777 778 761 6342
35576 4274 5617 4273 5616
35577 5511 6437 4860 5569
35578 4666 4671 4670 3393
35579 4171 3389 3512 3387
35580 3389 6512 6526 7164
35581 6553 822 6870 829
35582 6553 6870 836 829
35583 5480 5476 5260 6442
35584 5480 6553 5261 6871
35585 6459 6554 6723 3139
35586 821 5261 814 5260
35587 822 6871 5261 6553
35588 6459 6553 6723 6554
35589 5848 6124 6105 5268
35590 4560 3099 7248 6968
35591 5848 5267 6694 4668
35592 5268 6377 6378 5847
35593 5859 6629 6693 4467
35594 4447 6694 5859 6628
35595 5847 6377 6378 6106
35596 5152 6490 5037 4467
35597 4309 4962 6123 5973
35598 3026 3270 6152 3028
35599 3317 3964 3341 3343
35600 6631 4855 4215 6901
35601 3551 3090 7073 4751
35602 7073 3090 6845 4751
35603 7073 6631 6845 3090
35604 6670 6531 6599 6425
35605 6891 6582 6890 6559
35606 6891 6582 5697 5683
35607 3544 2791 3538 4902
35608 3540 6555 3546 2855
35609 7071 3515 6779 4136
35610 6671 5295 6734 4696
35611 6671 6734 6271 6270
35612 6671 962 6734 969
35613 4584 4136 6779 4723
35614 6672 4705 975 982
35615 6665 4703 5296 6672
35616 6672 6671 976 975
35617 6667 5296 6672 983
35618 954 6671 961 962
35619 6317 4419 5125 6644
35620 3441 4412 6192 5422
35621 3201 2848 4165 2850
35622 3959 4160 3960 3961
35623 5145 5341 4610 5529
35624 5529 6089 6098 3441
35625 3806 6836 6530 3521
35626 4357 3890 4512 4077
35627 3439 3519 3802 2845
35628 5030 5031 6603 6917
35629 5033 6875 5031 6777
35630 5031 6919 6260 6917
35631 5577 5576 6728 5355
35632 5030 5029 6666 4332
35633 4938 6730 5421 5115
35634 4092 4094 4093 5458
35635 4091 2653 4088 2643
35636 6570 6109 4094 5626
35637 4092 5458 4093 6568
35638 2644 5086 2641 3856
35639 2643 6754 3781 5090
35640 3406 2945 3781 2643
35641 3856 3855 5625 5870
35642 5087 5626 6109 6978
35643 5625 5635 2644 5624
35644 3217 4834 4642 4640
35645 947 6271 940 6662
35646 4700 6272 6606 6623
35647 6606 6272 2234 6623
35648 6606 932 6662 2231
35649 6606 2234 249 2231
35650 2234 249 933 6606
35651 6789 5466 590 1623
35652 6790 1623 6474 5466
35653 3897 6137 4140 4137
35654 5466 6789 590 583
35655 5466 583 6254 6789
35656 576 5466 583 6254
35657 6789 6790 7159 5466
35658 6789 7159 6254 5466
35659 4117 7226 4138 5988
35660 3955 3599 3953 5670
35661 5187 4029 7226 3524
35662 4117 4534 4602 4119
35663 4117 6038 5671 7226
35664 4117 5671 6038 4601
35665 4118 4119 5670 4531
35666 4118 3599 5187 5671
35667 5982 4117 115 6038
35668 4117 6038 5982 4602
35669 6062 5826 5537 5824
35670 6298 5537 7181 5581
35671 6062 6298 5581 5537
35672 2531 6060 6395 5666
35673 6060 6062 6063 6061
35674 5662 5665 5667 5666
35675 5826 5667 5664 6298
35676 3215 4642 4990 4644
35677 3191 3377 2885 3137
35678 3083 4147 4520 3371
35679 6367 6368 3188 4523
35680 3082 3372 6508 6204
35681 5452 4376 3084 5453
35682 5447 5768 6714 5804
35683 5140 5515 6573 6575
35684 3758 5445 4824 5140
35685 5446 5809 6095 5769
35686 3596 6649 4838 3592
35687 4838 4003 3592 4836
35688 3596 6648 4838 6649
35689 4838 5603 6663 6648
35690 4838 7158 6663 5980
35691 5603 5980 6663 6736
35692 7258 5618 6651 5788
35693 5603 5980 6736 5674
35694 3287 5603 5674 5980
35695 4554 3772 4558 4552
35696 4666 4675 5848 4668
35697 3740 6161 5222 3712
35698 4782 3313 3322 4065
35699 3095 3772 3097 3101
35700 4441 5035 4215 3262
35701 3095 4560 3099 3104
35702 3386 3391 4174 3392
35703 5555 5488 5572 5803
35704 3774 3773 3339 3247
35705 3338 3097 5152 5149
35706 4850 5873 5675 3774
35707 3772 3774 5675 3773
35708 4671 6536 5205 6310
35709 4707 3701 6092 4348
35710 3923 3119 5288 3117
35711 3725 2734 6982 2747
35712 4945 6411 4949 4948
35713 6417 5441 3707 3701
35714 6962 6434 3701 5441
35715 4950 7257 6499 6682
35716 4880 5283 4244 4193
35717 4053 4054 4052 6411
35718 4045 4046 4050 4060
35719 4947 4715 5234 3927
35720 4105 6042 4986 4980
35721 4978 4983 4982 4980
35722 4978 4985 4201 4105
35723 5003 7027 6374 5270
35724 4986 4983 4980 7249
35725 4206 5918 5820 4986
35726 5918 6042 6381 7264
35727 4205 5918 6381 5820
35728 3061 5658 5457 5210
35729 5489 4081 5496 5360
35730 3366 3365 3363 2651
35731 6074 5736 5231 6013
35732 5658 6133 5210 7210
35733 5658 4400 7039 7210
35734 4401 5658 6001 4399
35735 5616 6133 6136 6955
35736 7211 6708 6134 5614
35737 6075 4401 4629 4763
35738 3560 6677 6546 6278
35739 4273 5614 5616 4253
35740 4311 4321 6810 4300
35741 3560 6677 6278 5210
35742 3066 3812 4321 4573
35743 6708 6677 5614 7211
35744 3381 2949 5998 4723
35745 2630 3718 3517 3717
35746 2628 2627 2885 2884
35747 3658 4593 2635 2632
35748 4723 3381 3515 5998
35749 4483 7113 6619 7090
35750 2884 3493 6619 5194
35751 4134 3515 3516 4135
35752 4084 5114 5746 6260
35753 4854 7021 6433 6886
35754 7029 4585 7021 4078
35755 3884 3218 4511 4359
35756 6941 4393 4394 6449
35757 3829 7262 5192 7098
35758 7098 5193 7244 6517
35759 5488 5358 4914 4959
35760 3119 3117 1728 5288
35761 5288 3923 3929 3119
35762 4709 5546 6092 6780
35763 1713 3922 1720 3119
35764 4714 6361 1707 4713
35765 3923 7104 3956 3957
35766 6090 3922 3118 3120
35767 5915 405 5508 406
35768 3409 3411 5897 6333
35769 5510 3409 5915 6333
35770 5510 5915 5896 5508
35771 5860 406 5951 411
35772 5860 415 2922 414
35773 4880 4047 4710 3929
35774 4879 4881 4245 4882
35775 4245 5472 4243 4877
35776 3413 6653 6652 3412
35777 6331 5284 2684 2685
35778 4193 4194 5282 4183
35779 4047 4053 4054 4051
35780 4879 7139 4877 4878
35781 3937 6733 1701 6732
35782 3937 1701 6733 1702
35783 4560 6427 4918 6807
35784 5488 4914 5360 5489
35785 4563 4568 4565 4564
35786 7248 6968 6532 4560
35787 3095 3097 3772 3098
35788 3095 3099 3096 3104
35789 4570 5429 4569 4568
35790 5797 4742 6262 7133
35791 6084 5313 4742 5134
35792 4051 4052 7112 4060
35793 6685 4182 5092 6834
35794 4370 5890 4372 4609
35795 4370 4367 4372 6659
35796 4045 4060 4058 4052
35797 4060 6685 6753 4182
35798 6685 4182 6834 6753
35799 4060 4840 6753 6685
35800 4516 2865 3603 3601
35801 3198 4541 2906 5963
35802 4541 6756 7153 6760
35803 3165 3365 3363 3367
35804 3862 3328 3664 5126
35805 2725 3810 2724 5186
35806 5719 2905 2907 2906
35807 3038 6647 2905 6112
35808 6756 3285 7153 5311
35809 3037 3854 6622 4740
35810 2481 2465 5281 5568
35811 5568 6061 4291 2498
35812 5568 2498 4291 2497
35813 2465 5568 2482 6235
35814 6235 5568 2482 6061
35815 5568 2497 4291 5281
35816 6656 6234 5540 6103
35817 3043 5347 5673 5346
35818 5687 4228 5345 6771
35819 3019 2889 3026 3027
35820 4934 5014 5673 4228
35821 7234 7252 7125 3487
35822 5673 5992 5346 5758
35823 5673 5014 5992 5758
35824 3234 3753 4330 6356
35825 5673 5687 4493 4228
35826 3373 2804 2806 6002
35827 4286 4284 2703 6006
35828 2934 2909 2624 3953
35829 2654 2661 2659 2668
35830 3728 4286 2979 4284
35831 4285 6706 5430 4284
35832 4716 6697 4056 4779
35833 6812 4284 5900 4716
35834 4716 4142 4056 6812
35835 2839 2706 3204 3636
35836 7268 6161 6054 4149
35837 7064 6477 6470 2762
35838 2895 2893 3003 3265
35839 2756 4148 3916 4149
35840 3970 2769 3926 3029
35841 3000 2818 2751 2891
35842 4745 3454 4746 5015
35843 7122 4718 4778 4758
35844 6691 3454 6643 6877
35845 6691 3454 6877 4746
35846 2872 4745 5015 3454
35847 3759 3758 3232 3020
35848 5012 6835 3454 5016
35849 3454 5015 5016 4746
35850 3454 6835 6643 6877
35851 4563 4571 3041 3048
35852 4116 3091 4858 6861
35853 3808 4345 3334 4346
35854 4121 4654 5402 3932
35855 4062 3507 5908 4782
35856 4858 4121 5402 5401
35857 3321 3320 6052 3712
35858 3357 3356 3402 3404
35859 4150 6137 6138 4499
35860 3284 3436 3504 3324
35861 6137 7154 4140 4137
35862 6137 5564 6138 4499
35863 2997 3988 2995 5010
35864 5926 6412 2929 5927
35865 3987 3990 4833 3994
35866 3990 2950 2929 5926
35867 4949 4157 4954 4956
35868 5232 5233 4949 4159
35869 3102 6282 6245 6128
35870 6245 5331 5270 7083
35871 5151 6245 3102 6904
35872 6150 6245 6538 7086
35873 6281 6245 5331 5270
35874 5150 5151 5149 6538
35875 4570 4568 6039 6249
35876 5330 4986 4206 5579
35877 4986 4200 5918 4105
35878 3340 3097 3772 4448
35879 4983 3623 5579 5330
35880 7235 6297 5904 5905
35881 2499 2483 5664 5662
35882 6062 5826 5824 5664
35883 5826 5825 5220 5293
35884 4567 3796 5073 6114
35885 6298 7181 6634 7230
35886 6298 7230 5903 7235
35887 5663 5006 5665 5008
35888 4743 5135 5079 4665
35889 4649 4588 5079 6290
35890 3344 3677 3350 3345
35891 6262 7085 6366 6365
35892 5135 5797 7133 4742
35893 6287 6290 5079 6140
35894 5470 7035 4255 5772
35895 3429 4645 4646 3432
35896 7135 7072 3498 4798
35897 3424 3425 4470 4474
35898 4646 3432 4799 5342
35899 3502 3503 7060 6915
35900 5073 4973 7080 3795
35901 3941 3029 4859 3926
35902 3942 3577 3029 3785
35903 4260 3874 7207 3877
35904 2672 4593 3661 4489
35905 3874 3873 3877 3876
35906 3281 3874 5968 3491
35907 4211 6947 4212 4805
35908 3279 4527 4536 4518
35909 4544 5038 5979 5049
35910 4811 4962 4817 4812
35911 4309 4302 4268 4962
35912 4817 3914 3880 4962
35913 6123 4962 4993 5973
35914 4270 4811 4815 5617
35915 4806 4272 4815 4809
35916 3791 3797 3801 3795
35917 3800 4973 3795 3798
