# cmod[mm], load[N]
1.150142e-05, 4.823870e+00
2.300285e-05, 9.647740e+00
3.450427e-05, 1.447161e+01
4.600570e-05, 1.929548e+01
5.750712e-05, 2.411935e+01
6.900854e-05, 2.894322e+01
8.050997e-05, 3.376709e+01
9.201139e-05, 3.859096e+01
1.035128e-04, 4.341483e+01
1.150142e-04, 4.823870e+01
1.265157e-04, 5.306257e+01
1.380171e-04, 5.788644e+01
1.495185e-04, 6.271031e+01
1.610199e-04, 6.753418e+01
1.725214e-04, 7.235805e+01
1.840228e-04, 7.718192e+01
1.955242e-04, 8.200579e+01
2.070256e-04, 8.682966e+01
2.185271e-04, 9.165353e+01
2.300285e-04, 9.647740e+01
2.415299e-04, 1.013013e+02
2.530313e-04, 1.061251e+02
2.645328e-04, 1.109490e+02
2.760342e-04, 1.157729e+02
2.875356e-04, 1.205967e+02
2.990370e-04, 1.254206e+02
3.105384e-04, 1.302445e+02
3.220399e-04, 1.350684e+02
3.335413e-04, 1.398922e+02
3.450427e-04, 1.447161e+02
3.565441e-04, 1.495400e+02
3.680456e-04, 1.543638e+02
3.795470e-04, 1.591877e+02
3.910484e-04, 1.640116e+02
4.025498e-04, 1.688354e+02
4.140513e-04, 1.736593e+02
4.255527e-04, 1.784832e+02
4.370541e-04, 1.833071e+02
4.485555e-04, 1.881309e+02
4.600570e-04, 1.929548e+02
4.715584e-04, 1.977787e+02
4.830598e-04, 2.026025e+02
4.945612e-04, 2.074264e+02
5.060627e-04, 2.122503e+02
5.175641e-04, 2.170741e+02
5.290655e-04, 2.218980e+02
5.405669e-04, 2.267219e+02
5.520684e-04, 2.315457e+02
5.635698e-04, 2.363696e+02
5.750712e-04, 2.411935e+02
5.865726e-04, 2.460174e+02
5.980740e-04, 2.508412e+02
6.095755e-04, 2.556651e+02
6.210769e-04, 2.604890e+02
6.325783e-04, 2.653128e+02
6.440797e-04, 2.701367e+02
6.555812e-04, 2.749606e+02
6.670826e-04, 2.797844e+02
6.785840e-04, 2.846083e+02
6.900854e-04, 2.894322e+02
7.015869e-04, 2.942561e+02
7.130883e-04, 2.990799e+02
7.245897e-04, 3.039038e+02
7.360911e-04, 3.087277e+02
7.475926e-04, 3.135515e+02
7.590940e-04, 3.183754e+02
7.705954e-04, 3.231993e+02
7.820968e-04, 3.280231e+02
7.935983e-04, 3.328470e+02
8.050997e-04, 3.376709e+02
8.166011e-04, 3.424948e+02
8.281025e-04, 3.473186e+02
8.396040e-04, 3.521425e+02
8.511054e-04, 3.569664e+02
8.626068e-04, 3.617902e+02
8.741082e-04, 3.666141e+02
8.856096e-04, 3.714380e+02
8.971111e-04, 3.762618e+02
9.086125e-04, 3.810857e+02
9.201139e-04, 3.859096e+02
9.316153e-04, 3.907335e+02
9.431168e-04, 3.955573e+02
9.546182e-04, 4.003812e+02
9.661196e-04, 4.052051e+02
9.776210e-04, 4.100289e+02
9.891225e-04, 4.148528e+02
1.000624e-03, 4.196767e+02
1.012125e-03, 4.245005e+02
1.023627e-03, 4.293244e+02
1.035128e-03, 4.341483e+02
1.046630e-03, 4.389721e+02
1.058131e-03, 4.437960e+02
1.069632e-03, 4.486199e+02
1.081134e-03, 4.534438e+02
1.092635e-03, 4.582676e+02
1.104137e-03, 4.630915e+02
1.115638e-03, 4.679154e+02
1.127140e-03, 4.727392e+02
1.138641e-03, 4.775631e+02
1.150142e-03, 4.823870e+02
1.161644e-03, 4.872108e+02
1.173145e-03, 4.920347e+02
1.184647e-03, 4.968586e+02
1.196148e-03, 5.016825e+02
1.207650e-03, 5.065063e+02
1.219151e-03, 5.113302e+02
1.230652e-03, 5.161541e+02
1.242154e-03, 5.209779e+02
1.253655e-03, 5.258018e+02
1.265157e-03, 5.306257e+02
1.276658e-03, 5.354495e+02
1.288159e-03, 5.402734e+02
1.299661e-03, 5.450973e+02
1.311162e-03, 5.499212e+02
1.322664e-03, 5.547450e+02
1.334165e-03, 5.595689e+02
1.345667e-03, 5.643928e+02
1.357168e-03, 5.692166e+02
1.368669e-03, 5.740405e+02
1.380171e-03, 5.788644e+02
1.391672e-03, 5.836882e+02
1.403174e-03, 5.885121e+02
1.414675e-03, 5.933360e+02
1.426177e-03, 5.981598e+02
1.437678e-03, 6.029837e+02
1.449179e-03, 6.078076e+02
1.460681e-03, 6.126315e+02
1.472182e-03, 6.174553e+02
1.483684e-03, 6.222792e+02
1.495185e-03, 6.271031e+02
1.506687e-03, 6.319269e+02
1.518188e-03, 6.367508e+02
1.529689e-03, 6.415747e+02
1.541191e-03, 6.463985e+02
1.552692e-03, 6.512224e+02
1.564194e-03, 6.560463e+02
1.575695e-03, 6.608702e+02
1.587197e-03, 6.656940e+02
1.598698e-03, 6.705179e+02
1.610199e-03, 6.753418e+02
1.621701e-03, 6.801656e+02
1.633202e-03, 6.849895e+02
1.644704e-03, 6.898134e+02
1.656205e-03, 6.946372e+02
1.667706e-03, 6.994611e+02
1.679217e-03, 7.042836e+02
1.690841e-03, 7.090882e+02
1.702539e-03, 7.138815e+02
1.714282e-03, 7.186677e+02
1.726052e-03, 7.234496e+02
1.737840e-03, 7.282288e+02
1.749638e-03, 7.330063e+02
1.761441e-03, 7.377829e+02
1.773249e-03, 7.425589e+02
1.785059e-03, 7.473346e+02
1.796870e-03, 7.521101e+02
1.808681e-03, 7.568855e+02
1.820492e-03, 7.616608e+02
1.832304e-03, 7.664361e+02
1.844115e-03, 7.712114e+02
1.855927e-03, 7.759868e+02
1.867738e-03, 7.807621e+02
1.879549e-03, 7.855375e+02
1.891360e-03, 7.903129e+02
1.903170e-03, 7.950883e+02
1.914980e-03, 7.998637e+02
1.926791e-03, 8.046391e+02
1.938601e-03, 8.094146e+02
1.950410e-03, 8.141901e+02
1.962220e-03, 8.189656e+02
1.974029e-03, 8.237411e+02
1.985839e-03, 8.285166e+02
1.997648e-03, 8.332921e+02
2.009457e-03, 8.380677e+02
2.021265e-03, 8.428433e+02
2.033074e-03, 8.476189e+02
2.044883e-03, 8.523945e+02
2.056691e-03, 8.571701e+02
2.068499e-03, 8.619457e+02
2.080307e-03, 8.667214e+02
2.092115e-03, 8.714970e+02
2.103923e-03, 8.762727e+02
2.115731e-03, 8.810483e+02
2.127539e-03, 8.858240e+02
2.139346e-03, 8.905997e+02
2.151153e-03, 8.953754e+02
2.162961e-03, 9.001511e+02
2.174768e-03, 9.049269e+02
2.186575e-03, 9.097026e+02
2.198382e-03, 9.144783e+02
2.210189e-03, 9.192541e+02
2.221996e-03, 9.240299e+02
2.233802e-03, 9.288056e+02
2.245609e-03, 9.335814e+02
2.257416e-03, 9.383572e+02
2.269222e-03, 9.431330e+02
2.281028e-03, 9.479088e+02
2.292835e-03, 9.526846e+02
2.304700e-03, 9.574521e+02
2.316612e-03, 9.622129e+02
2.328552e-03, 9.669695e+02
2.340509e-03, 9.717237e+02
2.352474e-03, 9.764765e+02
2.364445e-03, 9.812285e+02
2.376419e-03, 9.859801e+02
2.388394e-03, 9.907315e+02
2.400370e-03, 9.954827e+02
2.412347e-03, 1.000234e+03
2.424324e-03, 1.004985e+03
2.436302e-03, 1.009736e+03
2.448279e-03, 1.014487e+03
2.460257e-03, 1.019238e+03
2.472235e-03, 1.023989e+03
2.484213e-03, 1.028740e+03
2.496212e-03, 1.033488e+03
2.508273e-03, 1.038226e+03
2.520385e-03, 1.042957e+03
2.532535e-03, 1.047681e+03
2.544713e-03, 1.052402e+03
2.556909e-03, 1.057119e+03
2.569119e-03, 1.061835e+03
2.581338e-03, 1.066549e+03
2.593563e-03, 1.071262e+03
2.605794e-03, 1.075975e+03
2.618028e-03, 1.080687e+03
2.630265e-03, 1.085398e+03
2.642504e-03, 1.090110e+03
2.654744e-03, 1.094821e+03
2.666987e-03, 1.099532e+03
2.679237e-03, 1.104241e+03
2.691513e-03, 1.108947e+03
2.703795e-03, 1.113652e+03
2.716077e-03, 1.118356e+03
2.728359e-03, 1.123061e+03
2.740641e-03, 1.127766e+03
2.752922e-03, 1.132470e+03
2.765204e-03, 1.137175e+03
2.777486e-03, 1.141880e+03
2.789768e-03, 1.146585e+03
2.802051e-03, 1.151289e+03
2.814335e-03, 1.155994e+03
2.826619e-03, 1.160698e+03
2.838904e-03, 1.165403e+03
2.851197e-03, 1.170105e+03
2.863539e-03, 1.174801e+03
2.875916e-03, 1.179490e+03
2.888320e-03, 1.184175e+03
2.900741e-03, 1.188858e+03
2.913175e-03, 1.193539e+03
2.925616e-03, 1.198218e+03
2.938064e-03, 1.202897e+03
2.950520e-03, 1.207574e+03
2.962988e-03, 1.212249e+03
2.975464e-03, 1.216923e+03
2.987941e-03, 1.221597e+03
3.000418e-03, 1.226270e+03
3.012895e-03, 1.230944e+03
3.025370e-03, 1.235618e+03
3.037849e-03, 1.240291e+03
3.050378e-03, 1.244957e+03
3.062945e-03, 1.249617e+03
3.075538e-03, 1.254272e+03
3.088153e-03, 1.258924e+03
3.100783e-03, 1.263574e+03
3.113425e-03, 1.268222e+03
3.126074e-03, 1.272868e+03
3.138731e-03, 1.277514e+03
3.151392e-03, 1.282159e+03
3.164057e-03, 1.286803e+03
3.176726e-03, 1.291447e+03
3.189397e-03, 1.296090e+03
3.202071e-03, 1.300733e+03
3.214746e-03, 1.305375e+03
3.227424e-03, 1.310018e+03
3.240103e-03, 1.314659e+03
3.252784e-03, 1.319301e+03
3.265466e-03, 1.323943e+03
3.278150e-03, 1.328584e+03
3.290844e-03, 1.333223e+03
3.303556e-03, 1.337860e+03
3.316278e-03, 1.342495e+03
3.329005e-03, 1.347129e+03
3.341735e-03, 1.351763e+03
3.354465e-03, 1.356396e+03
3.367215e-03, 1.361026e+03
3.379987e-03, 1.365653e+03
3.392771e-03, 1.370278e+03
3.405591e-03, 1.374898e+03
3.418443e-03, 1.379512e+03
3.431316e-03, 1.384122e+03
3.444204e-03, 1.388730e+03
3.457102e-03, 1.393337e+03
3.470006e-03, 1.397942e+03
3.482915e-03, 1.402547e+03
3.495827e-03, 1.407151e+03
3.508742e-03, 1.411755e+03
3.521659e-03, 1.416359e+03
3.534585e-03, 1.420961e+03
3.547538e-03, 1.425559e+03
3.560507e-03, 1.430155e+03
3.573517e-03, 1.434744e+03
3.586561e-03, 1.439329e+03
3.599628e-03, 1.443910e+03
3.612713e-03, 1.448487e+03
3.625813e-03, 1.453063e+03
3.638939e-03, 1.457634e+03
3.652096e-03, 1.462201e+03
3.665284e-03, 1.466762e+03
3.678492e-03, 1.471321e+03
3.691712e-03, 1.475878e+03
3.704939e-03, 1.480433e+03
3.718171e-03, 1.484988e+03
3.731405e-03, 1.489543e+03
3.744642e-03, 1.494097e+03
3.757879e-03, 1.498651e+03
3.771118e-03, 1.503205e+03
3.784358e-03, 1.507758e+03
3.797598e-03, 1.512312e+03
3.810840e-03, 1.516865e+03
3.824104e-03, 1.521415e+03
3.837402e-03, 1.525959e+03
3.850726e-03, 1.530499e+03
3.864065e-03, 1.535037e+03
3.877413e-03, 1.539574e+03
3.890782e-03, 1.544107e+03
3.904181e-03, 1.548635e+03
3.917602e-03, 1.553160e+03
3.931037e-03, 1.557683e+03
3.944497e-03, 1.562202e+03
3.957983e-03, 1.566717e+03
3.971487e-03, 1.571228e+03
3.985003e-03, 1.575739e+03
3.998527e-03, 1.580248e+03
4.012056e-03, 1.584756e+03
4.025589e-03, 1.589263e+03
4.039124e-03, 1.593770e+03
4.052661e-03, 1.598277e+03
4.066234e-03, 1.602778e+03
4.079858e-03, 1.607271e+03
4.093516e-03, 1.611759e+03
4.107200e-03, 1.616242e+03
4.120901e-03, 1.620722e+03
4.134612e-03, 1.625201e+03
4.148331e-03, 1.629678e+03
4.162055e-03, 1.634154e+03
4.175782e-03, 1.638630e+03
4.189519e-03, 1.643104e+03
4.203274e-03, 1.647575e+03
4.217040e-03, 1.652045e+03
4.230813e-03, 1.656513e+03
4.244600e-03, 1.660979e+03
4.258410e-03, 1.665441e+03
4.272237e-03, 1.669901e+03
4.286074e-03, 1.674358e+03
4.299919e-03, 1.678815e+03
4.313768e-03, 1.683271e+03
4.327622e-03, 1.687726e+03
4.341481e-03, 1.692180e+03
4.355363e-03, 1.696630e+03
4.369272e-03, 1.701076e+03
4.383217e-03, 1.705516e+03
4.397187e-03, 1.709953e+03
4.411173e-03, 1.714386e+03
4.425171e-03, 1.718818e+03
4.439177e-03, 1.723248e+03
4.453188e-03, 1.727678e+03
4.467203e-03, 1.732107e+03
4.481233e-03, 1.736533e+03
4.495287e-03, 1.740956e+03
4.509359e-03, 1.745375e+03
4.523456e-03, 1.749790e+03
4.537581e-03, 1.754201e+03
4.551725e-03, 1.758609e+03
4.565883e-03, 1.763014e+03
4.580051e-03, 1.767418e+03
4.594228e-03, 1.771820e+03
4.608423e-03, 1.776219e+03
4.622633e-03, 1.780616e+03
4.636852e-03, 1.785011e+03
4.651078e-03, 1.789406e+03
4.665308e-03, 1.793799e+03
4.679564e-03, 1.798188e+03
4.693837e-03, 1.802574e+03
4.708122e-03, 1.806959e+03
4.722416e-03, 1.811341e+03
4.736718e-03, 1.815723e+03
4.751025e-03, 1.820103e+03
4.765335e-03, 1.824483e+03
4.779656e-03, 1.828861e+03
4.794000e-03, 1.833235e+03
4.808381e-03, 1.837604e+03
4.822793e-03, 1.841967e+03
4.837230e-03, 1.846327e+03
4.851690e-03, 1.850683e+03
4.866161e-03, 1.855037e+03
4.880642e-03, 1.859389e+03
4.895130e-03, 1.863740e+03
4.909637e-03, 1.868089e+03
4.924165e-03, 1.872433e+03
4.938709e-03, 1.876775e+03
4.953266e-03, 1.881115e+03
4.967845e-03, 1.885451e+03
4.982445e-03, 1.889784e+03
4.997062e-03, 1.894114e+03
5.011697e-03, 1.898440e+03
5.026353e-03, 1.902764e+03
5.041023e-03, 1.907085e+03
5.055703e-03, 1.911404e+03
5.070388e-03, 1.915722e+03
5.085079e-03, 1.920039e+03
5.099778e-03, 1.924355e+03
5.114500e-03, 1.928667e+03
5.129243e-03, 1.932976e+03
5.144003e-03, 1.937281e+03
5.158773e-03, 1.941585e+03
5.173553e-03, 1.945888e+03
5.188345e-03, 1.950188e+03
5.203146e-03, 1.954487e+03
5.217963e-03, 1.958783e+03
5.232813e-03, 1.963074e+03
5.247694e-03, 1.967360e+03
5.262601e-03, 1.971641e+03
5.277532e-03, 1.975919e+03
5.292485e-03, 1.980193e+03
5.307453e-03, 1.984465e+03
5.322430e-03, 1.988735e+03
5.337418e-03, 1.993004e+03
5.352425e-03, 1.997269e+03
5.367452e-03, 2.001531e+03
5.382496e-03, 2.005790e+03
5.397554e-03, 2.010046e+03
5.412629e-03, 2.014300e+03
5.427733e-03, 2.018549e+03
5.442863e-03, 2.022793e+03
5.458013e-03, 2.027035e+03
5.473181e-03, 2.031273e+03
5.488366e-03, 2.035508e+03
5.503564e-03, 2.039741e+03
5.518783e-03, 2.043971e+03
5.534018e-03, 2.048198e+03
5.549264e-03, 2.052424e+03
5.564530e-03, 2.056646e+03
5.579817e-03, 2.060864e+03
5.595118e-03, 2.065081e+03
5.610429e-03, 2.069295e+03
5.625748e-03, 2.073509e+03
5.641074e-03, 2.077721e+03
5.656418e-03, 2.081929e+03
5.671789e-03, 2.086134e+03
5.687188e-03, 2.090333e+03
5.702609e-03, 2.094529e+03
5.718048e-03, 2.098722e+03
5.733499e-03, 2.102913e+03
5.748958e-03, 2.107102e+03
5.764423e-03, 2.111291e+03
5.779894e-03, 2.115478e+03
5.795378e-03, 2.119663e+03
5.810887e-03, 2.123843e+03
5.826418e-03, 2.128020e+03
5.841972e-03, 2.132193e+03
5.857561e-03, 2.136360e+03
5.873185e-03, 2.140521e+03
5.888842e-03, 2.144677e+03
5.904521e-03, 2.148829e+03
5.920219e-03, 2.152978e+03
5.935931e-03, 2.157125e+03
5.951653e-03, 2.161270e+03
5.967383e-03, 2.165413e+03
5.983118e-03, 2.169556e+03
5.998856e-03, 2.173698e+03
6.014607e-03, 2.177837e+03
6.030377e-03, 2.181974e+03
6.046160e-03, 2.186108e+03
6.061954e-03, 2.190240e+03
6.077759e-03, 2.194370e+03
6.093583e-03, 2.198497e+03
6.109426e-03, 2.202621e+03
6.125292e-03, 2.206741e+03
6.141190e-03, 2.210855e+03
6.157115e-03, 2.214965e+03
6.173063e-03, 2.219071e+03
6.189026e-03, 2.223174e+03
6.205000e-03, 2.227276e+03
6.220986e-03, 2.231375e+03
6.236989e-03, 2.235472e+03
6.253010e-03, 2.239565e+03
6.269059e-03, 2.243654e+03
6.285132e-03, 2.247739e+03
6.301227e-03, 2.251820e+03
6.317346e-03, 2.255897e+03
6.333481e-03, 2.259970e+03
6.349642e-03, 2.264040e+03
6.365824e-03, 2.268106e+03
6.382020e-03, 2.272169e+03
6.398228e-03, 2.276230e+03
6.414445e-03, 2.280290e+03
6.430671e-03, 2.284347e+03
6.446902e-03, 2.288404e+03
6.463139e-03, 2.292460e+03
6.479399e-03, 2.296511e+03
6.495678e-03, 2.300560e+03
6.511974e-03, 2.304605e+03
6.528282e-03, 2.308648e+03
6.544600e-03, 2.312689e+03
6.560938e-03, 2.316727e+03
6.577297e-03, 2.320761e+03
6.593671e-03, 2.324792e+03
6.610057e-03, 2.328821e+03
6.626454e-03, 2.332848e+03
6.642881e-03, 2.336870e+03
6.659337e-03, 2.340887e+03
6.675815e-03, 2.344901e+03
6.692309e-03, 2.348911e+03
6.708815e-03, 2.352919e+03
6.725333e-03, 2.356925e+03
6.741872e-03, 2.360927e+03
6.758431e-03, 2.364926e+03
6.775009e-03, 2.368921e+03
6.791600e-03, 2.372914e+03
6.808203e-03, 2.376905e+03
6.824832e-03, 2.380891e+03
6.841485e-03, 2.384873e+03
6.858156e-03, 2.388851e+03
6.874844e-03, 2.392827e+03
6.891549e-03, 2.396799e+03
6.908271e-03, 2.400769e+03
6.925011e-03, 2.404735e+03
6.941775e-03, 2.408697e+03
6.958560e-03, 2.412656e+03
6.975363e-03, 2.416611e+03
6.992183e-03, 2.420564e+03
7.009021e-03, 2.424513e+03
7.025872e-03, 2.428460e+03
7.042742e-03, 2.432404e+03
7.059637e-03, 2.436343e+03
7.076551e-03, 2.440280e+03
7.093481e-03, 2.444213e+03
7.110427e-03, 2.448144e+03
7.127396e-03, 2.452071e+03
7.144383e-03, 2.455995e+03
7.161390e-03, 2.459915e+03
7.178417e-03, 2.463832e+03
7.195468e-03, 2.467744e+03
7.212546e-03, 2.471652e+03
7.229645e-03, 2.475556e+03
7.246766e-03, 2.479456e+03
7.263916e-03, 2.483351e+03
7.281096e-03, 2.487241e+03
7.298302e-03, 2.491127e+03
7.315528e-03, 2.495009e+03
7.332774e-03, 2.498887e+03
7.350038e-03, 2.502762e+03
7.367319e-03, 2.506634e+03
7.384615e-03, 2.510504e+03
7.401934e-03, 2.514369e+03
7.419276e-03, 2.518230e+03
7.436636e-03, 2.522088e+03
7.454009e-03, 2.525943e+03
7.471393e-03, 2.529797e+03
7.488785e-03, 2.533649e+03
7.506187e-03, 2.537499e+03
7.523603e-03, 2.541346e+03
7.541032e-03, 2.545192e+03
7.558476e-03, 2.549034e+03
7.575935e-03, 2.552874e+03
7.593420e-03, 2.556710e+03
7.610934e-03, 2.560540e+03
7.628478e-03, 2.564365e+03
7.646044e-03, 2.568187e+03
7.663637e-03, 2.572003e+03
7.681257e-03, 2.575815e+03
7.698898e-03, 2.579623e+03
7.716558e-03, 2.583428e+03
7.734236e-03, 2.587229e+03
7.751937e-03, 2.591026e+03
7.769663e-03, 2.594819e+03
7.787416e-03, 2.598607e+03
7.805196e-03, 2.602390e+03
7.822997e-03, 2.606169e+03
7.840817e-03, 2.609945e+03
7.858654e-03, 2.613718e+03
7.876508e-03, 2.617488e+03
7.894382e-03, 2.621254e+03
7.912275e-03, 2.625017e+03
7.930183e-03, 2.628776e+03
7.948102e-03, 2.632534e+03
7.966028e-03, 2.636291e+03
7.983961e-03, 2.640046e+03
8.001903e-03, 2.643799e+03
8.019858e-03, 2.647550e+03
8.037834e-03, 2.651297e+03
8.055828e-03, 2.655041e+03
8.073847e-03, 2.658780e+03
8.091890e-03, 2.662515e+03
8.109952e-03, 2.666246e+03
8.128031e-03, 2.669974e+03
8.146130e-03, 2.673699e+03
8.164248e-03, 2.677420e+03
8.182392e-03, 2.681136e+03
8.200568e-03, 2.684846e+03
8.218777e-03, 2.688551e+03
8.237017e-03, 2.692250e+03
8.255284e-03, 2.695944e+03
8.273571e-03, 2.699635e+03
8.291874e-03, 2.703322e+03
8.310191e-03, 2.707007e+03
8.328519e-03, 2.710689e+03
8.346856e-03, 2.714370e+03
8.365202e-03, 2.718049e+03
8.383565e-03, 2.721725e+03
8.401944e-03, 2.725398e+03
8.420337e-03, 2.729068e+03
8.438747e-03, 2.732735e+03
8.457170e-03, 2.736399e+03
8.475601e-03, 2.740062e+03
8.494046e-03, 2.743722e+03
8.512514e-03, 2.747378e+03
8.531001e-03, 2.751030e+03
8.549511e-03, 2.754678e+03
8.568048e-03, 2.758322e+03
8.586606e-03, 2.761961e+03
8.605181e-03, 2.765597e+03
8.623773e-03, 2.769230e+03
8.642383e-03, 2.772860e+03
8.661020e-03, 2.776484e+03
8.679685e-03, 2.780104e+03
8.698377e-03, 2.783718e+03
8.717098e-03, 2.787327e+03
8.735849e-03, 2.790931e+03
8.754625e-03, 2.794530e+03
8.773420e-03, 2.798126e+03
8.792232e-03, 2.801718e+03
8.811057e-03, 2.805308e+03
8.829897e-03, 2.808896e+03
8.848753e-03, 2.812480e+03
8.867625e-03, 2.816062e+03
8.886519e-03, 2.819640e+03
8.905437e-03, 2.823213e+03
8.924375e-03, 2.826783e+03
8.943330e-03, 2.830350e+03
8.962302e-03, 2.833913e+03
8.981292e-03, 2.837473e+03
9.000306e-03, 2.841029e+03
9.019345e-03, 2.844580e+03
9.038409e-03, 2.848127e+03
9.057498e-03, 2.851669e+03
9.076610e-03, 2.855207e+03
9.095744e-03, 2.858741e+03
9.114900e-03, 2.862271e+03
9.134071e-03, 2.865798e+03
9.153267e-03, 2.869321e+03
9.172489e-03, 2.872839e+03
9.191739e-03, 2.876352e+03
9.211014e-03, 2.879860e+03
9.230316e-03, 2.883363e+03
9.249644e-03, 2.886861e+03
9.268993e-03, 2.890356e+03
9.288362e-03, 2.893847e+03
9.307748e-03, 2.897334e+03
9.327153e-03, 2.900819e+03
9.346571e-03, 2.904300e+03
9.366005e-03, 2.907779e+03
9.385461e-03, 2.911254e+03
9.404937e-03, 2.914725e+03
9.424429e-03, 2.918192e+03
9.443936e-03, 2.921657e+03
9.463459e-03, 2.925120e+03
9.482997e-03, 2.928579e+03
9.502554e-03, 2.932034e+03
9.522134e-03, 2.935486e+03
9.541742e-03, 2.938932e+03
9.561378e-03, 2.942373e+03
9.581038e-03, 2.945810e+03
9.600723e-03, 2.949242e+03
9.620427e-03, 2.952670e+03
9.640150e-03, 2.956095e+03
9.659895e-03, 2.959516e+03
9.679661e-03, 2.962933e+03
9.699453e-03, 2.966345e+03
9.719268e-03, 2.969753e+03
9.739109e-03, 2.973156e+03
9.758974e-03, 2.976554e+03
9.778858e-03, 2.979949e+03
9.798763e-03, 2.983339e+03
9.818685e-03, 2.986727e+03
9.838625e-03, 2.990111e+03
9.858583e-03, 2.993491e+03
9.878559e-03, 2.996869e+03
9.898556e-03, 3.000242e+03
9.918573e-03, 3.003612e+03
9.938605e-03, 3.006979e+03
9.958653e-03, 3.010342e+03
9.978717e-03, 3.013703e+03
9.998798e-03, 3.017061e+03
1.001890e-02, 3.020414e+03
1.003903e-02, 3.023762e+03
1.005918e-02, 3.027106e+03
1.007936e-02, 3.030445e+03
1.009956e-02, 3.033781e+03
1.011977e-02, 3.037113e+03
1.014000e-02, 3.040443e+03
1.016025e-02, 3.043769e+03
1.018051e-02, 3.047091e+03
1.020081e-02, 3.050407e+03
1.022114e-02, 3.053717e+03
1.024152e-02, 3.057019e+03
1.026192e-02, 3.060316e+03
1.028235e-02, 3.063608e+03
1.030280e-02, 3.066896e+03
1.032327e-02, 3.070180e+03
1.034375e-02, 3.073461e+03
1.036425e-02, 3.076739e+03
1.038476e-02, 3.080014e+03
1.040529e-02, 3.083287e+03
1.042584e-02, 3.086556e+03
1.044640e-02, 3.089821e+03
1.046699e-02, 3.093082e+03
1.048759e-02, 3.096340e+03
1.050822e-02, 3.099592e+03
1.052889e-02, 3.102837e+03
1.054961e-02, 3.106073e+03
1.057040e-02, 3.109298e+03
1.059124e-02, 3.112512e+03
1.061214e-02, 3.115715e+03
1.063310e-02, 3.118909e+03
1.065411e-02, 3.122093e+03
1.067517e-02, 3.125267e+03
1.069629e-02, 3.128430e+03
1.071747e-02, 3.131582e+03
1.073872e-02, 3.134723e+03
1.076002e-02, 3.137854e+03
1.078136e-02, 3.140975e+03
1.080276e-02, 3.144089e+03
1.082419e-02, 3.147195e+03
1.084566e-02, 3.150294e+03
1.086717e-02, 3.153385e+03
1.088871e-02, 3.156471e+03
1.091027e-02, 3.159552e+03
1.093187e-02, 3.162628e+03
1.095350e-02, 3.165696e+03
1.097517e-02, 3.168758e+03
1.099687e-02, 3.171813e+03
1.101860e-02, 3.174862e+03
1.104038e-02, 3.177903e+03
1.106218e-02, 3.180938e+03
1.108403e-02, 3.183966e+03
1.110591e-02, 3.186987e+03
1.112783e-02, 3.190002e+03
1.114978e-02, 3.193009e+03
1.117177e-02, 3.196009e+03
1.119380e-02, 3.199002e+03
1.121586e-02, 3.201988e+03
1.123797e-02, 3.204967e+03
1.126012e-02, 3.207936e+03
1.128231e-02, 3.210898e+03
1.130454e-02, 3.213853e+03
1.132681e-02, 3.216801e+03
1.134911e-02, 3.219742e+03
1.137144e-02, 3.222678e+03
1.139380e-02, 3.225608e+03
1.141619e-02, 3.228533e+03
1.143860e-02, 3.231453e+03
1.146104e-02, 3.234368e+03
1.148352e-02, 3.237275e+03
1.150603e-02, 3.240177e+03
1.152858e-02, 3.243071e+03
1.155116e-02, 3.245958e+03
1.157378e-02, 3.248839e+03
1.159643e-02, 3.251713e+03
1.161911e-02, 3.254582e+03
1.164182e-02, 3.257444e+03
1.166457e-02, 3.260299e+03
1.168737e-02, 3.263146e+03
1.171020e-02, 3.265985e+03
1.173307e-02, 3.268817e+03
1.175598e-02, 3.271642e+03
1.177893e-02, 3.274460e+03
1.180191e-02, 3.277270e+03
1.182494e-02, 3.280073e+03
1.184799e-02, 3.282870e+03
1.187109e-02, 3.285659e+03
1.189421e-02, 3.288442e+03
1.191737e-02, 3.291220e+03
1.194055e-02, 3.293993e+03
1.196376e-02, 3.296759e+03
1.198701e-02, 3.299517e+03
1.201030e-02, 3.302269e+03
1.203362e-02, 3.305015e+03
1.205697e-02, 3.307753e+03
1.208036e-02, 3.310486e+03
1.210378e-02, 3.313212e+03
1.212722e-02, 3.315933e+03
1.215070e-02, 3.318647e+03
1.217422e-02, 3.321353e+03
1.219779e-02, 3.324051e+03
1.222139e-02, 3.326742e+03
1.224503e-02, 3.329424e+03
1.226871e-02, 3.332100e+03
1.229243e-02, 3.334768e+03
1.231618e-02, 3.337430e+03
1.233997e-02, 3.340085e+03
1.236379e-02, 3.342733e+03
1.238765e-02, 3.345373e+03
1.241155e-02, 3.348007e+03
1.243548e-02, 3.350634e+03
1.245944e-02, 3.353254e+03
1.248344e-02, 3.355867e+03
1.250749e-02, 3.358472e+03
1.253156e-02, 3.361071e+03
1.255568e-02, 3.363662e+03
1.257982e-02, 3.366247e+03
1.260401e-02, 3.368824e+03
1.262825e-02, 3.371392e+03
1.265252e-02, 3.373953e+03
1.267684e-02, 3.376505e+03
1.270120e-02, 3.379049e+03
1.272560e-02, 3.381586e+03
1.275003e-02, 3.384117e+03
1.277450e-02, 3.386640e+03
1.279900e-02, 3.389156e+03
1.282354e-02, 3.391665e+03
1.284813e-02, 3.394166e+03
1.287275e-02, 3.396659e+03
1.289741e-02, 3.399146e+03
1.292210e-02, 3.401625e+03
1.294684e-02, 3.404096e+03
1.297162e-02, 3.406560e+03
1.299644e-02, 3.409016e+03
1.302130e-02, 3.411463e+03
1.304621e-02, 3.413901e+03
1.307115e-02, 3.416332e+03
1.309614e-02, 3.418755e+03
1.312116e-02, 3.421171e+03
1.314623e-02, 3.423579e+03
1.317133e-02, 3.425980e+03
1.319647e-02, 3.428372e+03
1.322167e-02, 3.430755e+03
1.324689e-02, 3.433131e+03
1.327216e-02, 3.435500e+03
1.329747e-02, 3.437861e+03
1.332281e-02, 3.440215e+03
1.334818e-02, 3.442563e+03
1.337358e-02, 3.444905e+03
1.339903e-02, 3.447239e+03
1.342450e-02, 3.449566e+03
1.345003e-02, 3.451884e+03
1.347560e-02, 3.454194e+03
1.350121e-02, 3.456495e+03
1.352686e-02, 3.458788e+03
1.355257e-02, 3.461072e+03
1.357831e-02, 3.463347e+03
1.360411e-02, 3.465613e+03
1.362994e-02, 3.467870e+03
1.365582e-02, 3.470120e+03
1.368174e-02, 3.472362e+03
1.370769e-02, 3.474597e+03
1.373368e-02, 3.476824e+03
1.375972e-02, 3.479042e+03
1.378581e-02, 3.481252e+03
1.381193e-02, 3.483452e+03
1.383811e-02, 3.485644e+03
1.386432e-02, 3.487829e+03
1.389056e-02, 3.490007e+03
1.391685e-02, 3.492177e+03
1.394317e-02, 3.494340e+03
1.396952e-02, 3.496496e+03
1.399591e-02, 3.498645e+03
1.402235e-02, 3.500785e+03
1.404883e-02, 3.502917e+03
1.407535e-02, 3.505040e+03
1.410192e-02, 3.507154e+03
1.412853e-02, 3.509260e+03
1.415519e-02, 3.511356e+03
1.418190e-02, 3.513443e+03
1.420865e-02, 3.515521e+03
1.423545e-02, 3.517590e+03
1.426229e-02, 3.519651e+03
1.428918e-02, 3.521703e+03
1.431610e-02, 3.523747e+03
1.434307e-02, 3.525783e+03
1.437009e-02, 3.527810e+03
1.439715e-02, 3.529827e+03
1.442426e-02, 3.531836e+03
1.445140e-02, 3.533837e+03
1.447859e-02, 3.535831e+03
1.450581e-02, 3.537817e+03
1.453306e-02, 3.539797e+03
1.456034e-02, 3.541770e+03
1.458767e-02, 3.543734e+03
1.461505e-02, 3.545690e+03
1.464247e-02, 3.547636e+03
1.466995e-02, 3.549571e+03
1.469747e-02, 3.551498e+03
1.472504e-02, 3.553415e+03
1.475266e-02, 3.555323e+03
1.478032e-02, 3.557222e+03
1.480803e-02, 3.559111e+03
1.483579e-02, 3.560992e+03
1.486360e-02, 3.562862e+03
1.489145e-02, 3.564724e+03
1.491935e-02, 3.566576e+03
1.494730e-02, 3.568420e+03
1.497528e-02, 3.570255e+03
1.500332e-02, 3.572082e+03
1.503140e-02, 3.573898e+03
1.505952e-02, 3.575707e+03
1.508769e-02, 3.577506e+03
1.511590e-02, 3.579299e+03
1.514414e-02, 3.581083e+03
1.517243e-02, 3.582860e+03
1.520075e-02, 3.584628e+03
1.522912e-02, 3.586389e+03
1.525753e-02, 3.588140e+03
1.528600e-02, 3.589880e+03
1.531452e-02, 3.591611e+03
1.534309e-02, 3.593332e+03
1.537171e-02, 3.595043e+03
1.540038e-02, 3.596744e+03
1.542910e-02, 3.598435e+03
1.545788e-02, 3.600115e+03
1.548671e-02, 3.601786e+03
1.551559e-02, 3.603446e+03
1.554452e-02, 3.605096e+03
1.557349e-02, 3.606738e+03
1.560251e-02, 3.608372e+03
1.563157e-02, 3.609997e+03
1.566067e-02, 3.611613e+03
1.568982e-02, 3.613220e+03
1.571902e-02, 3.614817e+03
1.574826e-02, 3.616406e+03
1.577754e-02, 3.617987e+03
1.580686e-02, 3.619561e+03
1.583621e-02, 3.621127e+03
1.586561e-02, 3.622684e+03
1.589505e-02, 3.624233e+03
1.592455e-02, 3.625771e+03
1.595410e-02, 3.627299e+03
1.598370e-02, 3.628817e+03
1.601336e-02, 3.630323e+03
1.604308e-02, 3.631819e+03
1.607284e-02, 3.633305e+03
1.610266e-02, 3.634780e+03
1.613253e-02, 3.636246e+03
1.616244e-02, 3.637702e+03
1.619241e-02, 3.639149e+03
1.622241e-02, 3.640588e+03
1.625246e-02, 3.642018e+03
1.628254e-02, 3.643441e+03
1.631268e-02, 3.644853e+03
1.634287e-02, 3.646255e+03
1.637312e-02, 3.647646e+03
1.640341e-02, 3.649028e+03
1.643374e-02, 3.650402e+03
1.646410e-02, 3.651769e+03
1.649451e-02, 3.653128e+03
1.652495e-02, 3.654479e+03
1.655544e-02, 3.655821e+03
1.658599e-02, 3.657153e+03
1.661659e-02, 3.658474e+03
1.664724e-02, 3.659785e+03
1.667794e-02, 3.661085e+03
1.670870e-02, 3.662375e+03
1.673951e-02, 3.663654e+03
1.677037e-02, 3.664923e+03
1.680128e-02, 3.666184e+03
1.683224e-02, 3.667434e+03
1.686324e-02, 3.668676e+03
1.689428e-02, 3.669909e+03
1.692536e-02, 3.671134e+03
1.695649e-02, 3.672349e+03
1.698767e-02, 3.673555e+03
1.701890e-02, 3.674750e+03
1.705019e-02, 3.675935e+03
1.708153e-02, 3.677109e+03
1.711293e-02, 3.678272e+03
1.714437e-02, 3.679425e+03
1.717587e-02, 3.680568e+03
1.720741e-02, 3.681701e+03
1.723901e-02, 3.682823e+03
1.727066e-02, 3.683937e+03
1.730235e-02, 3.685040e+03
1.733409e-02, 3.686135e+03
1.736588e-02, 3.687220e+03
1.739773e-02, 3.688293e+03
1.742964e-02, 3.689355e+03
1.746160e-02, 3.690405e+03
1.749363e-02, 3.691444e+03
1.752570e-02, 3.692472e+03
1.755783e-02, 3.693490e+03
1.759000e-02, 3.694499e+03
1.762222e-02, 3.695498e+03
1.765450e-02, 3.696486e+03
1.768682e-02, 3.697465e+03
1.771919e-02, 3.698435e+03
1.775160e-02, 3.699396e+03
1.778406e-02, 3.700347e+03
1.781658e-02, 3.701287e+03
1.784917e-02, 3.702213e+03
1.788182e-02, 3.703126e+03
1.791453e-02, 3.704028e+03
1.794730e-02, 3.704918e+03
1.798012e-02, 3.705798e+03
1.801300e-02, 3.706667e+03
1.804593e-02, 3.707525e+03
1.807892e-02, 3.708372e+03
1.811196e-02, 3.709208e+03
1.814507e-02, 3.710031e+03
1.817824e-02, 3.710842e+03
1.821146e-02, 3.711643e+03
1.824473e-02, 3.712433e+03
1.827806e-02, 3.713211e+03
1.831145e-02, 3.713978e+03
1.834489e-02, 3.714735e+03
1.837838e-02, 3.715481e+03
1.841192e-02, 3.716218e+03
1.844550e-02, 3.716947e+03
1.847913e-02, 3.717665e+03
1.851281e-02, 3.718373e+03
1.854656e-02, 3.719068e+03
1.858038e-02, 3.719749e+03
1.861427e-02, 3.720416e+03
1.864823e-02, 3.721070e+03
1.868226e-02, 3.721711e+03
1.871635e-02, 3.722338e+03
1.875051e-02, 3.722954e+03
1.878472e-02, 3.723557e+03
1.881899e-02, 3.724149e+03
1.885332e-02, 3.724730e+03
1.888770e-02, 3.725299e+03
1.892214e-02, 3.725857e+03
1.895665e-02, 3.726402e+03
1.899122e-02, 3.726934e+03
1.902585e-02, 3.727455e+03
1.906054e-02, 3.727964e+03
1.909528e-02, 3.728463e+03
1.913008e-02, 3.728950e+03
1.916492e-02, 3.729427e+03
1.919983e-02, 3.729893e+03
1.923480e-02, 3.730346e+03
1.926984e-02, 3.730786e+03
1.930494e-02, 3.731212e+03
1.934011e-02, 3.731626e+03
1.937535e-02, 3.732026e+03
1.941065e-02, 3.732413e+03
1.944603e-02, 3.732786e+03
1.948147e-02, 3.733146e+03
1.951698e-02, 3.733493e+03
1.955255e-02, 3.733827e+03
1.958817e-02, 3.734150e+03
1.962386e-02, 3.734460e+03
1.965962e-02, 3.734758e+03
1.969544e-02, 3.735042e+03
1.973132e-02, 3.735314e+03
1.976727e-02, 3.735573e+03
1.980328e-02, 3.735820e+03
1.983935e-02, 3.736055e+03
1.987547e-02, 3.736278e+03
1.991166e-02, 3.736490e+03
1.994791e-02, 3.736688e+03
1.998424e-02, 3.736872e+03
2.002063e-02, 3.737042e+03
2.005710e-02, 3.737198e+03
2.009364e-02, 3.737341e+03
2.013024e-02, 3.737469e+03
2.016692e-02, 3.737584e+03
2.020367e-02, 3.737684e+03
2.024049e-02, 3.737770e+03
2.027737e-02, 3.737844e+03
2.031431e-02, 3.737906e+03
2.035130e-02, 3.737956e+03
2.038837e-02, 3.737993e+03
2.042550e-02, 3.738016e+03
2.046271e-02, 3.738026e+03
2.049998e-02, 3.738022e+03
2.053731e-02, 3.738006e+03
2.057471e-02, 3.737976e+03
2.061217e-02, 3.737935e+03
2.064969e-02, 3.737881e+03
2.068728e-02, 3.737815e+03
2.072493e-02, 3.737735e+03
2.076265e-02, 3.737641e+03
2.080045e-02, 3.737532e+03
2.083834e-02, 3.737408e+03
2.087629e-02, 3.737268e+03
2.091433e-02, 3.737113e+03
2.095244e-02, 3.736942e+03
2.099063e-02, 3.736757e+03
2.102888e-02, 3.736559e+03
2.106720e-02, 3.736347e+03
2.110558e-02, 3.736123e+03
2.114403e-02, 3.735886e+03
2.118253e-02, 3.735637e+03
2.122111e-02, 3.735374e+03
2.125975e-02, 3.735097e+03
2.129846e-02, 3.734809e+03
2.133723e-02, 3.734507e+03
2.137606e-02, 3.734193e+03
2.141495e-02, 3.733866e+03
2.145392e-02, 3.733526e+03
2.149296e-02, 3.733171e+03
2.153207e-02, 3.732801e+03
2.157126e-02, 3.732417e+03
2.161051e-02, 3.732019e+03
2.164984e-02, 3.731607e+03
2.168926e-02, 3.731178e+03
2.172875e-02, 3.730733e+03
2.176833e-02, 3.730271e+03
2.180799e-02, 3.729794e+03
2.184773e-02, 3.729302e+03
2.188753e-02, 3.728796e+03
2.192740e-02, 3.728276e+03
2.196734e-02, 3.727744e+03
2.200734e-02, 3.727199e+03
2.204739e-02, 3.726642e+03
2.208751e-02, 3.726072e+03
2.212769e-02, 3.725491e+03
2.216793e-02, 3.724897e+03
2.220825e-02, 3.724289e+03
2.224863e-02, 3.723668e+03
2.228908e-02, 3.723033e+03
2.232961e-02, 3.722382e+03
2.237021e-02, 3.721717e+03
2.241088e-02, 3.721037e+03
2.245164e-02, 3.720342e+03
2.249247e-02, 3.719632e+03
2.253339e-02, 3.718906e+03
2.257438e-02, 3.718164e+03
2.261546e-02, 3.717406e+03
2.265662e-02, 3.716631e+03
2.269785e-02, 3.715843e+03
2.273915e-02, 3.715040e+03
2.278052e-02, 3.714223e+03
2.282196e-02, 3.713394e+03
2.286344e-02, 3.712554e+03
2.290499e-02, 3.711702e+03
2.294659e-02, 3.710839e+03
2.298825e-02, 3.709963e+03
2.302999e-02, 3.709073e+03
2.307179e-02, 3.708169e+03
2.311367e-02, 3.707251e+03
2.315564e-02, 3.706317e+03
2.319768e-02, 3.705366e+03
2.323980e-02, 3.704401e+03
2.328200e-02, 3.703420e+03
2.332428e-02, 3.702424e+03
2.336663e-02, 3.701414e+03
2.340905e-02, 3.700389e+03
2.345156e-02, 3.699348e+03
2.349415e-02, 3.698290e+03
2.353682e-02, 3.697218e+03
2.357956e-02, 3.696131e+03
2.362237e-02, 3.695030e+03
2.366524e-02, 3.693917e+03
2.370815e-02, 3.692793e+03
2.375112e-02, 3.691660e+03
2.379415e-02, 3.690514e+03
2.383725e-02, 3.689354e+03
2.388043e-02, 3.688179e+03
2.392368e-02, 3.686990e+03
2.396702e-02, 3.685785e+03
2.401044e-02, 3.684563e+03
2.405393e-02, 3.683327e+03
2.409750e-02, 3.682076e+03
2.414115e-02, 3.680809e+03
2.418487e-02, 3.679528e+03
2.422866e-02, 3.678234e+03
2.427253e-02, 3.676924e+03
2.431648e-02, 3.675598e+03
2.436051e-02, 3.674257e+03
2.440463e-02, 3.672899e+03
2.444881e-02, 3.671528e+03
2.449305e-02, 3.670144e+03
2.453735e-02, 3.668748e+03
2.458170e-02, 3.667343e+03
2.462610e-02, 3.665927e+03
2.467057e-02, 3.664497e+03
2.471512e-02, 3.663053e+03
2.475974e-02, 3.661593e+03
2.480445e-02, 3.660118e+03
2.484924e-02, 3.658626e+03
2.489411e-02, 3.657120e+03
2.493905e-02, 3.655599e+03
2.498407e-02, 3.654063e+03
2.502916e-02, 3.652513e+03
2.507432e-02, 3.650950e+03
2.511955e-02, 3.649372e+03
2.516486e-02, 3.647779e+03
2.521026e-02, 3.646169e+03
2.525574e-02, 3.644544e+03
2.530129e-02, 3.642903e+03
2.534691e-02, 3.641250e+03
2.539258e-02, 3.639585e+03
2.543831e-02, 3.637909e+03
2.548408e-02, 3.636224e+03
2.552991e-02, 3.634527e+03
2.557582e-02, 3.632816e+03
2.562181e-02, 3.631089e+03
2.566789e-02, 3.629346e+03
2.571404e-02, 3.627589e+03
2.576026e-02, 3.625817e+03
2.580656e-02, 3.624031e+03
2.585293e-02, 3.622230e+03
2.589937e-02, 3.620415e+03
2.594588e-02, 3.618587e+03
2.599247e-02, 3.616745e+03
2.603913e-02, 3.614888e+03
2.608587e-02, 3.613016e+03
2.613269e-02, 3.611127e+03
2.617959e-02, 3.609224e+03
2.622656e-02, 3.607307e+03
2.627358e-02, 3.605379e+03
2.632066e-02, 3.603440e+03
2.636779e-02, 3.601490e+03
2.641497e-02, 3.599531e+03
2.646222e-02, 3.597558e+03
2.650955e-02, 3.595570e+03
2.655696e-02, 3.593567e+03
2.660444e-02, 3.591550e+03
2.665199e-02, 3.589519e+03
2.669962e-02, 3.587473e+03
2.674732e-02, 3.585415e+03
2.679509e-02, 3.583342e+03
2.684293e-02, 3.581256e+03
2.689084e-02, 3.579156e+03
2.693882e-02, 3.577042e+03
2.698688e-02, 3.574914e+03
2.703502e-02, 3.572771e+03
2.708323e-02, 3.570613e+03
2.713151e-02, 3.568442e+03
2.717985e-02, 3.566260e+03
2.722824e-02, 3.564066e+03
2.727668e-02, 3.561863e+03
2.732516e-02, 3.559650e+03
2.737371e-02, 3.557426e+03
2.742233e-02, 3.555188e+03
2.747103e-02, 3.552936e+03
2.751980e-02, 3.550671e+03
2.756863e-02, 3.548393e+03
2.761753e-02, 3.546101e+03
2.766651e-02, 3.543796e+03
2.771555e-02, 3.541479e+03
2.776466e-02, 3.539148e+03
2.781383e-02, 3.536804e+03
2.786308e-02, 3.534448e+03
2.791238e-02, 3.532079e+03
2.796177e-02, 3.529696e+03
2.801122e-02, 3.527299e+03
2.806074e-02, 3.524890e+03
2.811032e-02, 3.522468e+03
2.815995e-02, 3.520037e+03
2.820963e-02, 3.517596e+03
2.825935e-02, 3.515147e+03
2.830912e-02, 3.512688e+03
2.835895e-02, 3.510217e+03
2.840886e-02, 3.507733e+03
2.845884e-02, 3.505237e+03
2.850888e-02, 3.502728e+03
2.855898e-02, 3.500207e+03
2.860915e-02, 3.497674e+03
2.865938e-02, 3.495130e+03
2.870967e-02, 3.492573e+03
2.876002e-02, 3.490005e+03
2.881044e-02, 3.487425e+03
2.886091e-02, 3.484834e+03
2.891145e-02, 3.482230e+03
2.896206e-02, 3.479614e+03
2.901273e-02, 3.476985e+03
2.906346e-02, 3.474346e+03
2.911425e-02, 3.471696e+03
2.916507e-02, 3.469037e+03
2.921593e-02, 3.466371e+03
2.926684e-02, 3.463697e+03
2.931779e-02, 3.461015e+03
2.936881e-02, 3.458320e+03
2.941990e-02, 3.455614e+03
2.947104e-02, 3.452897e+03
2.952224e-02, 3.450169e+03
2.957350e-02, 3.447430e+03
2.962481e-02, 3.444681e+03
2.967618e-02, 3.441921e+03
2.972761e-02, 3.439150e+03
2.977911e-02, 3.436368e+03
2.983065e-02, 3.433575e+03
2.988225e-02, 3.430772e+03
2.993392e-02, 3.427957e+03
2.998565e-02, 3.425131e+03
3.003743e-02, 3.422294e+03
3.008927e-02, 3.419447e+03
3.014114e-02, 3.416593e+03
3.019305e-02, 3.413732e+03
3.024499e-02, 3.410865e+03
3.029697e-02, 3.407990e+03
3.034900e-02, 3.405107e+03
3.040109e-02, 3.402213e+03
3.045324e-02, 3.399309e+03
3.050544e-02, 3.396396e+03
3.055768e-02, 3.393473e+03
3.060998e-02, 3.390541e+03
3.066234e-02, 3.387599e+03
3.071475e-02, 3.384647e+03
3.076721e-02, 3.381685e+03
3.081973e-02, 3.378712e+03
3.087230e-02, 3.375732e+03
3.092492e-02, 3.372742e+03
3.097759e-02, 3.369741e+03
3.103032e-02, 3.366731e+03
3.108310e-02, 3.363712e+03
3.113591e-02, 3.360686e+03
3.118875e-02, 3.357654e+03
3.124161e-02, 3.354617e+03
3.129451e-02, 3.351575e+03
3.134744e-02, 3.348527e+03
3.140042e-02, 3.345471e+03
3.145345e-02, 3.342407e+03
3.150652e-02, 3.339334e+03
3.155964e-02, 3.336253e+03
3.161281e-02, 3.333164e+03
3.166601e-02, 3.330067e+03
3.171928e-02, 3.326962e+03
3.177258e-02, 3.323847e+03
3.182594e-02, 3.320724e+03
3.187934e-02, 3.317594e+03
3.193278e-02, 3.314456e+03
3.198626e-02, 3.311311e+03
3.203979e-02, 3.308159e+03
3.209335e-02, 3.304998e+03
3.214696e-02, 3.301831e+03
3.220059e-02, 3.298658e+03
3.225425e-02, 3.295482e+03
3.230792e-02, 3.292301e+03
3.236162e-02, 3.289117e+03
3.241535e-02, 3.285929e+03
3.246911e-02, 3.282735e+03
3.252291e-02, 3.279535e+03
3.257675e-02, 3.276328e+03
3.263062e-02, 3.273116e+03
3.268453e-02, 3.269897e+03
3.273847e-02, 3.266673e+03
3.279245e-02, 3.263443e+03
3.284646e-02, 3.260207e+03
3.290051e-02, 3.256964e+03
3.295459e-02, 3.253717e+03
3.300870e-02, 3.250466e+03
3.306282e-02, 3.247210e+03
3.311698e-02, 3.243950e+03
3.317117e-02, 3.240686e+03
3.322538e-02, 3.237416e+03
3.327962e-02, 3.234143e+03
3.333388e-02, 3.230867e+03
3.338814e-02, 3.227589e+03
3.344241e-02, 3.224311e+03
3.349669e-02, 3.221031e+03
3.355099e-02, 3.217750e+03
3.360530e-02, 3.214467e+03
3.365963e-02, 3.211181e+03
3.371398e-02, 3.207892e+03
3.376836e-02, 3.204599e+03
3.382276e-02, 3.201304e+03
3.387717e-02, 3.198006e+03
3.393161e-02, 3.194706e+03
3.398606e-02, 3.191402e+03
3.404054e-02, 3.188095e+03
3.409503e-02, 3.184787e+03
3.414954e-02, 3.181476e+03
3.420405e-02, 3.178165e+03
3.425857e-02, 3.174853e+03
3.431309e-02, 3.171541e+03
3.436763e-02, 3.168227e+03
3.442219e-02, 3.164911e+03
3.447676e-02, 3.161593e+03
3.453133e-02, 3.158275e+03
3.458591e-02, 3.154956e+03
3.464050e-02, 3.151636e+03
3.469510e-02, 3.148315e+03
3.474971e-02, 3.144993e+03
3.480432e-02, 3.141671e+03
3.485895e-02, 3.138349e+03
3.491360e-02, 3.135023e+03
3.496827e-02, 3.131694e+03
3.502296e-02, 3.128362e+03
3.507767e-02, 3.125029e+03
3.513239e-02, 3.121692e+03
3.518714e-02, 3.118354e+03
3.524190e-02, 3.115013e+03
3.529668e-02, 3.111670e+03
3.535146e-02, 3.108327e+03
3.540624e-02, 3.104983e+03
3.546104e-02, 3.101639e+03
3.551584e-02, 3.098294e+03
3.557065e-02, 3.094949e+03
3.562547e-02, 3.091602e+03
3.568031e-02, 3.088254e+03
3.573516e-02, 3.084904e+03
3.579002e-02, 3.081552e+03
3.584491e-02, 3.078198e+03
3.589980e-02, 3.074842e+03
3.595471e-02, 3.071485e+03
3.600961e-02, 3.068128e+03
3.606452e-02, 3.064771e+03
3.611944e-02, 3.061415e+03
3.617438e-02, 3.058055e+03
3.622935e-02, 3.054693e+03
3.628434e-02, 3.051327e+03
3.633934e-02, 3.047960e+03
3.639436e-02, 3.044591e+03
3.644939e-02, 3.041219e+03
3.650445e-02, 3.037845e+03
3.655952e-02, 3.034469e+03
3.661459e-02, 3.031092e+03
3.666969e-02, 3.027713e+03
3.672479e-02, 3.024332e+03
3.677991e-02, 3.020949e+03
3.683505e-02, 3.017563e+03
3.689021e-02, 3.014175e+03
3.694539e-02, 3.010784e+03
3.700061e-02, 3.007388e+03
3.705586e-02, 3.003987e+03
3.711113e-02, 3.000581e+03
3.716643e-02, 2.997171e+03
3.722176e-02, 2.993758e+03
3.727710e-02, 2.990342e+03
3.733246e-02, 2.986924e+03
3.738783e-02, 2.983505e+03
3.744323e-02, 2.980082e+03
3.749866e-02, 2.976655e+03
3.755413e-02, 2.973222e+03
3.760962e-02, 2.969786e+03
3.766513e-02, 2.966347e+03
3.772067e-02, 2.962906e+03
3.777622e-02, 2.959461e+03
3.783179e-02, 2.956014e+03
3.788737e-02, 2.952567e+03
3.794296e-02, 2.949119e+03
3.799854e-02, 2.945671e+03
3.805413e-02, 2.942225e+03
3.810972e-02, 2.938778e+03
3.816532e-02, 2.935331e+03
3.822094e-02, 2.931883e+03
3.827657e-02, 2.928433e+03
3.833223e-02, 2.924981e+03
3.838790e-02, 2.921526e+03
3.844359e-02, 2.918068e+03
3.849929e-02, 2.914610e+03
3.855500e-02, 2.911151e+03
3.861072e-02, 2.907693e+03
3.866642e-02, 2.904236e+03
3.872213e-02, 2.900781e+03
3.877783e-02, 2.897326e+03
3.883357e-02, 2.893870e+03
3.888932e-02, 2.890410e+03
3.894511e-02, 2.886948e+03
3.900091e-02, 2.883482e+03
3.905673e-02, 2.880015e+03
3.911256e-02, 2.876547e+03
3.916840e-02, 2.873078e+03
3.922425e-02, 2.869609e+03
3.928009e-02, 2.866141e+03
3.933593e-02, 2.862674e+03
3.939177e-02, 2.859209e+03
3.944759e-02, 2.855746e+03
3.950342e-02, 2.852286e+03
3.955923e-02, 2.848827e+03
3.961506e-02, 2.845370e+03
3.967090e-02, 2.841911e+03
3.972676e-02, 2.838450e+03
3.978264e-02, 2.834987e+03
3.983853e-02, 2.831524e+03
3.989443e-02, 2.828060e+03
3.995034e-02, 2.824594e+03
4.000626e-02, 2.821128e+03
4.006220e-02, 2.817662e+03
4.011813e-02, 2.814195e+03
4.017406e-02, 2.810731e+03
4.022998e-02, 2.807269e+03
4.028591e-02, 2.803807e+03
4.034186e-02, 2.800344e+03
4.039782e-02, 2.796880e+03
4.045379e-02, 2.793416e+03
4.050975e-02, 2.789953e+03
4.056571e-02, 2.786492e+03
4.062166e-02, 2.783033e+03
4.067761e-02, 2.779575e+03
4.073355e-02, 2.776120e+03
4.078949e-02, 2.772668e+03
4.084543e-02, 2.769217e+03
4.090137e-02, 2.765767e+03
4.095731e-02, 2.762317e+03
4.101326e-02, 2.758869e+03
4.106921e-02, 2.755422e+03
4.112517e-02, 2.751975e+03
4.118115e-02, 2.748526e+03
4.123715e-02, 2.745074e+03
4.129318e-02, 2.741621e+03
4.134921e-02, 2.738166e+03
4.140526e-02, 2.734711e+03
4.146131e-02, 2.731255e+03
4.151735e-02, 2.727802e+03
4.157339e-02, 2.724351e+03
4.162940e-02, 2.720904e+03
4.168540e-02, 2.717461e+03
4.174139e-02, 2.714022e+03
4.179737e-02, 2.710585e+03
4.185334e-02, 2.707152e+03
4.190930e-02, 2.703721e+03
4.196526e-02, 2.700292e+03
4.202122e-02, 2.696866e+03
4.207716e-02, 2.693442e+03
4.213310e-02, 2.690021e+03
4.218904e-02, 2.686603e+03
4.224497e-02, 2.683186e+03
4.230090e-02, 2.679771e+03
4.235683e-02, 2.676358e+03
4.241276e-02, 2.672947e+03
4.246869e-02, 2.669537e+03
4.252462e-02, 2.666128e+03
4.258055e-02, 2.662721e+03
4.263651e-02, 2.659312e+03
4.269248e-02, 2.655903e+03
4.274846e-02, 2.652492e+03
4.280445e-02, 2.649081e+03
4.286046e-02, 2.645670e+03
4.291646e-02, 2.642259e+03
4.297245e-02, 2.638851e+03
4.302842e-02, 2.635447e+03
4.308438e-02, 2.632047e+03
4.314032e-02, 2.628652e+03
4.319623e-02, 2.625261e+03
4.325211e-02, 2.621877e+03
4.330798e-02, 2.618497e+03
4.336383e-02, 2.615122e+03
4.341967e-02, 2.611752e+03
4.347549e-02, 2.608385e+03
4.353130e-02, 2.605021e+03
4.358711e-02, 2.601660e+03
4.364291e-02, 2.598301e+03
4.369871e-02, 2.594945e+03
4.375452e-02, 2.591590e+03
4.381032e-02, 2.588237e+03
4.386612e-02, 2.584886e+03
4.392192e-02, 2.581536e+03
4.397771e-02, 2.578189e+03
4.403349e-02, 2.574845e+03
4.408927e-02, 2.571504e+03
4.414504e-02, 2.568164e+03
4.420082e-02, 2.564826e+03
4.425662e-02, 2.561488e+03
4.431243e-02, 2.558148e+03
4.436826e-02, 2.554808e+03
4.442408e-02, 2.551469e+03
4.447990e-02, 2.548131e+03
4.453570e-02, 2.544798e+03
4.459148e-02, 2.541469e+03
4.464724e-02, 2.538144e+03
4.470298e-02, 2.534825e+03
4.475868e-02, 2.531512e+03
4.481435e-02, 2.528205e+03
4.487000e-02, 2.524905e+03
4.492562e-02, 2.521611e+03
4.498122e-02, 2.518321e+03
4.503682e-02, 2.515035e+03
4.509241e-02, 2.511752e+03
4.514799e-02, 2.508472e+03
4.520357e-02, 2.505195e+03
4.525914e-02, 2.501921e+03
4.531471e-02, 2.498649e+03
4.537028e-02, 2.495378e+03
4.542584e-02, 2.492110e+03
4.548139e-02, 2.488845e+03
4.553694e-02, 2.485582e+03
4.559247e-02, 2.482323e+03
4.564801e-02, 2.479066e+03
4.570353e-02, 2.475813e+03
4.575904e-02, 2.472562e+03
4.581456e-02, 2.469313e+03
4.587010e-02, 2.466064e+03
4.592564e-02, 2.462815e+03
4.598119e-02, 2.459566e+03
4.603673e-02, 2.456319e+03
4.609226e-02, 2.453075e+03
4.614778e-02, 2.449835e+03
4.620328e-02, 2.446599e+03
4.625875e-02, 2.443368e+03
4.631419e-02, 2.440144e+03
4.636959e-02, 2.436927e+03
4.642497e-02, 2.433716e+03
4.648030e-02, 2.430514e+03
4.653560e-02, 2.427318e+03
4.659089e-02, 2.424128e+03
4.664617e-02, 2.420941e+03
4.670144e-02, 2.417757e+03
4.675671e-02, 2.414575e+03
4.681198e-02, 2.411397e+03
4.686723e-02, 2.408221e+03
4.692248e-02, 2.405049e+03
4.697772e-02, 2.401879e+03
4.703295e-02, 2.398711e+03
4.708818e-02, 2.395547e+03
4.714338e-02, 2.392387e+03
4.719858e-02, 2.389230e+03
4.725378e-02, 2.386076e+03
4.730897e-02, 2.382924e+03
4.736414e-02, 2.379776e+03
4.741931e-02, 2.376631e+03
4.747448e-02, 2.373488e+03
4.752966e-02, 2.370347e+03
4.758483e-02, 2.367207e+03
4.764001e-02, 2.364068e+03
4.769517e-02, 2.360932e+03
4.775033e-02, 2.357800e+03
4.780546e-02, 2.354671e+03
4.786058e-02, 2.351547e+03
4.791566e-02, 2.348429e+03
4.797072e-02, 2.345317e+03
4.802575e-02, 2.342211e+03
4.808073e-02, 2.339113e+03
4.813568e-02, 2.336022e+03
4.819059e-02, 2.332939e+03
4.824549e-02, 2.329862e+03
4.830038e-02, 2.326789e+03
4.835526e-02, 2.323718e+03
4.841014e-02, 2.320650e+03
4.846501e-02, 2.317585e+03
4.851988e-02, 2.314522e+03
4.857473e-02, 2.311463e+03
4.862958e-02, 2.308407e+03
4.868441e-02, 2.305354e+03
4.873923e-02, 2.302305e+03
4.879404e-02, 2.299260e+03
4.884883e-02, 2.296219e+03
4.890361e-02, 2.293181e+03
4.895839e-02, 2.290147e+03
4.901315e-02, 2.287116e+03
4.906789e-02, 2.284089e+03
4.912263e-02, 2.281065e+03
4.917737e-02, 2.278044e+03
4.923210e-02, 2.275025e+03
4.928683e-02, 2.272008e+03
4.934157e-02, 2.268993e+03
4.939629e-02, 2.265981e+03
4.945100e-02, 2.262972e+03
4.950570e-02, 2.259966e+03
4.956037e-02, 2.256965e+03
4.961502e-02, 2.253969e+03
4.966964e-02, 2.250980e+03
4.972423e-02, 2.247997e+03
4.977878e-02, 2.245020e+03
4.983330e-02, 2.242051e+03
4.988777e-02, 2.239089e+03
4.994221e-02, 2.236136e+03
4.999663e-02, 2.233188e+03
5.005105e-02, 2.230244e+03
5.010546e-02, 2.227302e+03
5.015987e-02, 2.224363e+03
5.021427e-02, 2.221427e+03
5.026867e-02, 2.218494e+03
5.032304e-02, 2.215565e+03
5.037741e-02, 2.212639e+03
5.043176e-02, 2.209717e+03
5.048610e-02, 2.206799e+03
5.054042e-02, 2.203884e+03
5.059473e-02, 2.200974e+03
5.064903e-02, 2.198067e+03
5.070332e-02, 2.195164e+03
5.075759e-02, 2.192263e+03
5.081186e-02, 2.189367e+03
5.086611e-02, 2.186474e+03
5.092035e-02, 2.183585e+03
5.097458e-02, 2.180699e+03
5.102881e-02, 2.177816e+03
5.108303e-02, 2.174935e+03
5.113725e-02, 2.172057e+03
5.119147e-02, 2.169181e+03
5.124567e-02, 2.166308e+03
5.129986e-02, 2.163439e+03
5.135402e-02, 2.160574e+03
5.140816e-02, 2.157715e+03
5.146227e-02, 2.154861e+03
5.151635e-02, 2.152014e+03
5.157039e-02, 2.149173e+03
5.162440e-02, 2.146340e+03
5.167838e-02, 2.143514e+03
5.173231e-02, 2.140695e+03
5.178620e-02, 2.137885e+03
5.184008e-02, 2.135079e+03
5.189396e-02, 2.132277e+03
5.194784e-02, 2.129478e+03
5.200171e-02, 2.126680e+03
5.205558e-02, 2.123885e+03
5.210944e-02, 2.121092e+03
5.216329e-02, 2.118304e+03
5.221711e-02, 2.115519e+03
5.227093e-02, 2.112738e+03
5.232474e-02, 2.109960e+03
5.237853e-02, 2.107186e+03
5.243230e-02, 2.104416e+03
5.248606e-02, 2.101650e+03
5.253981e-02, 2.098887e+03
5.259356e-02, 2.096127e+03
5.264729e-02, 2.093371e+03
5.270100e-02, 2.090619e+03
5.275471e-02, 2.087870e+03
5.280840e-02, 2.085125e+03
5.286207e-02, 2.082384e+03
5.291574e-02, 2.079646e+03
5.296940e-02, 2.076911e+03
5.302306e-02, 2.074180e+03
5.307671e-02, 2.071450e+03
5.313035e-02, 2.068723e+03
5.318398e-02, 2.066000e+03
5.323758e-02, 2.063280e+03
5.329116e-02, 2.060566e+03
5.334471e-02, 2.057858e+03
5.339824e-02, 2.055155e+03
5.345173e-02, 2.052458e+03
5.350520e-02, 2.049768e+03
5.355862e-02, 2.047084e+03
5.361201e-02, 2.044408e+03
5.366537e-02, 2.041738e+03
5.371870e-02, 2.039075e+03
5.377200e-02, 2.036418e+03
5.382531e-02, 2.033764e+03
5.387861e-02, 2.031112e+03
5.393191e-02, 2.028462e+03
5.398522e-02, 2.025814e+03
5.403851e-02, 2.023168e+03
5.409179e-02, 2.020526e+03
5.414505e-02, 2.017888e+03
5.419829e-02, 2.015255e+03
5.425152e-02, 2.012625e+03
5.430474e-02, 2.009998e+03
5.435794e-02, 2.007375e+03
5.441113e-02, 2.004756e+03
5.446431e-02, 2.002141e+03
5.451747e-02, 1.999530e+03
5.457061e-02, 1.996922e+03
5.462375e-02, 1.994318e+03
5.467687e-02, 1.991717e+03
5.472998e-02, 1.989120e+03
5.478308e-02, 1.986527e+03
5.483616e-02, 1.983938e+03
5.488922e-02, 1.981353e+03
5.494227e-02, 1.978772e+03
5.499531e-02, 1.976194e+03
5.504836e-02, 1.973618e+03
5.510140e-02, 1.971043e+03
5.515443e-02, 1.968472e+03
5.520744e-02, 1.965904e+03
5.526044e-02, 1.963340e+03
5.531341e-02, 1.960781e+03
5.536635e-02, 1.958227e+03
5.541927e-02, 1.955678e+03
5.547216e-02, 1.953135e+03
5.552502e-02, 1.950599e+03
5.557784e-02, 1.948069e+03
5.563063e-02, 1.945546e+03
5.568338e-02, 1.943029e+03
5.573610e-02, 1.940519e+03
5.578879e-02, 1.938015e+03
5.584147e-02, 1.935517e+03
5.589414e-02, 1.933022e+03
5.594681e-02, 1.930529e+03
5.599948e-02, 1.928037e+03
5.605215e-02, 1.925548e+03
5.610482e-02, 1.923061e+03
5.615746e-02, 1.920577e+03
5.621008e-02, 1.918098e+03
5.626269e-02, 1.915624e+03
5.631528e-02, 1.913153e+03
5.636787e-02, 1.910685e+03
5.642043e-02, 1.908221e+03
5.647299e-02, 1.905761e+03
5.652553e-02, 1.903304e+03
5.657805e-02, 1.900851e+03
5.663056e-02, 1.898402e+03
5.668306e-02, 1.895955e+03
5.673555e-02, 1.893512e+03
5.678803e-02, 1.891073e+03
5.684049e-02, 1.888637e+03
5.689294e-02, 1.886204e+03
5.694537e-02, 1.883777e+03
5.699777e-02, 1.881353e+03
5.705017e-02, 1.878934e+03
5.710256e-02, 1.876518e+03
5.715494e-02, 1.874104e+03
5.720732e-02, 1.871693e+03
5.725969e-02, 1.869284e+03
5.731204e-02, 1.866879e+03
5.736437e-02, 1.864477e+03
5.741669e-02, 1.862080e+03
5.746897e-02, 1.859688e+03
5.752124e-02, 1.857301e+03
5.757348e-02, 1.854919e+03
5.762568e-02, 1.852542e+03
5.767786e-02, 1.850172e+03
5.773000e-02, 1.847809e+03
5.778211e-02, 1.845451e+03
5.783418e-02, 1.843101e+03
5.788622e-02, 1.840756e+03
5.793823e-02, 1.838418e+03
5.799022e-02, 1.836086e+03
5.804219e-02, 1.833758e+03
5.809417e-02, 1.831433e+03
5.814614e-02, 1.829109e+03
5.819812e-02, 1.826786e+03
5.825010e-02, 1.824465e+03
5.830207e-02, 1.822147e+03
5.835402e-02, 1.819832e+03
5.840595e-02, 1.817522e+03
5.845786e-02, 1.815215e+03
5.850975e-02, 1.812913e+03
5.856164e-02, 1.810613e+03
5.861352e-02, 1.808317e+03
5.866538e-02, 1.806024e+03
5.871722e-02, 1.803735e+03
5.876905e-02, 1.801450e+03
5.882086e-02, 1.799169e+03
5.887266e-02, 1.796892e+03
5.892445e-02, 1.794617e+03
5.897622e-02, 1.792346e+03
5.902799e-02, 1.790078e+03
5.907974e-02, 1.787814e+03
5.913147e-02, 1.785554e+03
5.918317e-02, 1.783298e+03
5.923486e-02, 1.781048e+03
5.928652e-02, 1.778801e+03
5.933818e-02, 1.776559e+03
5.938983e-02, 1.774319e+03
5.944147e-02, 1.772082e+03
5.949310e-02, 1.769847e+03
5.954473e-02, 1.767615e+03
5.959633e-02, 1.765387e+03
5.964792e-02, 1.763163e+03
5.969947e-02, 1.760944e+03
5.975101e-02, 1.758729e+03
5.980252e-02, 1.756519e+03
5.985401e-02, 1.754315e+03
5.990546e-02, 1.752116e+03
5.995688e-02, 1.749923e+03
6.000828e-02, 1.747736e+03
6.005964e-02, 1.745554e+03
6.011097e-02, 1.743379e+03
6.016227e-02, 1.741209e+03
6.021354e-02, 1.739046e+03
6.026478e-02, 1.736889e+03
6.031599e-02, 1.734737e+03
6.036718e-02, 1.732590e+03
6.041837e-02, 1.730446e+03
6.046956e-02, 1.728305e+03
6.052075e-02, 1.726165e+03
6.057193e-02, 1.724026e+03
6.062311e-02, 1.721891e+03
6.067427e-02, 1.719758e+03
6.072542e-02, 1.717629e+03
6.077654e-02, 1.715504e+03
6.082765e-02, 1.713384e+03
6.087874e-02, 1.711267e+03
6.092983e-02, 1.709153e+03
6.098090e-02, 1.707042e+03
6.103196e-02, 1.704935e+03
6.108300e-02, 1.702831e+03
6.113401e-02, 1.700732e+03
6.118502e-02, 1.698636e+03
6.123601e-02, 1.696544e+03
6.128698e-02, 1.694455e+03
6.133795e-02, 1.692370e+03
6.138890e-02, 1.690288e+03
6.143984e-02, 1.688209e+03
6.149076e-02, 1.686135e+03
6.154166e-02, 1.684064e+03
6.159253e-02, 1.681998e+03
6.164338e-02, 1.679938e+03
6.169420e-02, 1.677882e+03
6.174501e-02, 1.675830e+03
6.179582e-02, 1.673781e+03
6.184661e-02, 1.671735e+03
6.189740e-02, 1.669692e+03
6.194817e-02, 1.667652e+03
6.199893e-02, 1.665615e+03
6.204967e-02, 1.663581e+03
6.210039e-02, 1.661552e+03
6.215109e-02, 1.659526e+03
6.220176e-02, 1.657506e+03
6.225241e-02, 1.655489e+03
6.230303e-02, 1.653478e+03
6.235363e-02, 1.651472e+03
6.240419e-02, 1.649472e+03
6.245473e-02, 1.647477e+03
6.250524e-02, 1.645488e+03
6.255572e-02, 1.643504e+03
6.260617e-02, 1.641525e+03
6.265659e-02, 1.639552e+03
6.270697e-02, 1.637586e+03
6.275733e-02, 1.635624e+03
6.280766e-02, 1.633668e+03
6.285797e-02, 1.631716e+03
6.290826e-02, 1.629769e+03
6.295855e-02, 1.627824e+03
6.300884e-02, 1.625881e+03
6.305914e-02, 1.623940e+03
6.310943e-02, 1.622000e+03
6.315971e-02, 1.620062e+03
6.320997e-02, 1.618128e+03
6.326022e-02, 1.616196e+03
6.331046e-02, 1.614268e+03
6.336068e-02, 1.612344e+03
6.341088e-02, 1.610423e+03
6.346108e-02, 1.608505e+03
6.351126e-02, 1.606590e+03
6.356144e-02, 1.604677e+03
6.361160e-02, 1.602767e+03
6.366175e-02, 1.600861e+03
6.371188e-02, 1.598959e+03
6.376199e-02, 1.597059e+03
6.381210e-02, 1.595163e+03
6.386220e-02, 1.593269e+03
6.391228e-02, 1.591378e+03
6.396236e-02, 1.589490e+03
6.401242e-02, 1.587605e+03
6.406247e-02, 1.585723e+03
6.411251e-02, 1.583844e+03
6.416252e-02, 1.581969e+03
6.421251e-02, 1.580099e+03
6.426248e-02, 1.578232e+03
6.431243e-02, 1.576370e+03
6.436237e-02, 1.574511e+03
6.441231e-02, 1.572655e+03
6.446223e-02, 1.570801e+03
6.451214e-02, 1.568950e+03
6.456205e-02, 1.567101e+03
6.461195e-02, 1.565255e+03
6.466183e-02, 1.563411e+03
6.471170e-02, 1.561570e+03
6.476156e-02, 1.559733e+03
6.481139e-02, 1.557899e+03
6.486121e-02, 1.556068e+03
6.491101e-02, 1.554242e+03
6.496078e-02, 1.552419e+03
6.501053e-02, 1.550601e+03
6.506026e-02, 1.548787e+03
6.510997e-02, 1.546978e+03
6.515965e-02, 1.545172e+03
6.520931e-02, 1.543372e+03
6.525895e-02, 1.541575e+03
6.530856e-02, 1.539784e+03
6.535814e-02, 1.537997e+03
6.540769e-02, 1.536215e+03
6.545723e-02, 1.534437e+03
6.550674e-02, 1.532664e+03
6.555624e-02, 1.530894e+03
6.560572e-02, 1.529127e+03
6.565518e-02, 1.527364e+03
6.570464e-02, 1.525604e+03
6.575411e-02, 1.523845e+03
6.580359e-02, 1.522086e+03
6.585307e-02, 1.520327e+03
6.590255e-02, 1.518570e+03
6.595202e-02, 1.516815e+03
6.600147e-02, 1.515063e+03
6.605091e-02, 1.513314e+03
6.610034e-02, 1.511567e+03
6.614976e-02, 1.509823e+03
6.619917e-02, 1.508081e+03
6.624858e-02, 1.506342e+03
6.629797e-02, 1.504605e+03
6.634736e-02, 1.502870e+03
6.639674e-02, 1.501138e+03
6.644610e-02, 1.499408e+03
6.649544e-02, 1.497682e+03
6.654478e-02, 1.495959e+03
6.659411e-02, 1.494237e+03
6.664344e-02, 1.492518e+03
6.669276e-02, 1.490801e+03
6.674207e-02, 1.489086e+03
6.679137e-02, 1.487374e+03
6.684066e-02, 1.485664e+03
6.688994e-02, 1.483956e+03
6.693921e-02, 1.482252e+03
6.698846e-02, 1.480550e+03
6.703770e-02, 1.478851e+03
6.708691e-02, 1.477156e+03
6.713612e-02, 1.475465e+03
6.718531e-02, 1.473776e+03
6.723449e-02, 1.472090e+03
6.728366e-02, 1.470406e+03
6.733282e-02, 1.468725e+03
6.738198e-02, 1.467046e+03
6.743114e-02, 1.465369e+03
6.748028e-02, 1.463693e+03
6.752942e-02, 1.462020e+03
6.757854e-02, 1.460349e+03
6.762766e-02, 1.458681e+03
6.767677e-02, 1.457014e+03
6.772586e-02, 1.455351e+03
6.777494e-02, 1.453690e+03
6.782400e-02, 1.452032e+03
6.787304e-02, 1.450378e+03
6.792207e-02, 1.448727e+03
6.797108e-02, 1.447079e+03
6.802007e-02, 1.445435e+03
6.806905e-02, 1.443795e+03
6.811800e-02, 1.442158e+03
6.816694e-02, 1.440524e+03
6.821585e-02, 1.438895e+03
6.826474e-02, 1.437269e+03
6.831360e-02, 1.435648e+03
6.836244e-02, 1.434031e+03
6.841127e-02, 1.432417e+03
6.846008e-02, 1.430806e+03
6.850888e-02, 1.429199e+03
6.855766e-02, 1.427594e+03
6.860643e-02, 1.425992e+03
6.865518e-02, 1.424394e+03
6.870394e-02, 1.422798e+03
6.875271e-02, 1.421202e+03
6.880148e-02, 1.419606e+03
6.885026e-02, 1.418010e+03
6.889904e-02, 1.416416e+03
6.894781e-02, 1.414823e+03
6.899656e-02, 1.413233e+03
6.904531e-02, 1.411645e+03
6.909404e-02, 1.410059e+03
6.914277e-02, 1.408476e+03
6.919149e-02, 1.406894e+03
6.924020e-02, 1.405314e+03
6.928891e-02, 1.403736e+03
6.933762e-02, 1.402160e+03
6.938632e-02, 1.400586e+03
6.943500e-02, 1.399014e+03
6.948368e-02, 1.397445e+03
6.953234e-02, 1.395878e+03
6.958099e-02, 1.394313e+03
6.962964e-02, 1.392751e+03
6.967828e-02, 1.391190e+03
6.972692e-02, 1.389632e+03
6.977555e-02, 1.388075e+03
6.982417e-02, 1.386521e+03
6.987278e-02, 1.384968e+03
6.992138e-02, 1.383419e+03
6.996998e-02, 1.381871e+03
7.001856e-02, 1.380326e+03
7.006713e-02, 1.378783e+03
7.011569e-02, 1.377243e+03
7.016423e-02, 1.375706e+03
7.021275e-02, 1.374172e+03
7.026126e-02, 1.372641e+03
7.030976e-02, 1.371113e+03
7.035825e-02, 1.369587e+03
7.040673e-02, 1.368063e+03
7.045521e-02, 1.366541e+03
7.050369e-02, 1.365020e+03
7.055216e-02, 1.363501e+03
7.060063e-02, 1.361984e+03
7.064909e-02, 1.360468e+03
7.069755e-02, 1.358953e+03
7.074600e-02, 1.357440e+03
7.079445e-02, 1.355930e+03
7.084288e-02, 1.354421e+03
7.089129e-02, 1.352916e+03
7.093969e-02, 1.351413e+03
7.098807e-02, 1.349913e+03
7.103644e-02, 1.348416e+03
7.108479e-02, 1.346922e+03
7.113312e-02, 1.345431e+03
7.118144e-02, 1.343943e+03
7.122975e-02, 1.342458e+03
7.127805e-02, 1.340976e+03
7.132632e-02, 1.339496e+03
7.137457e-02, 1.338021e+03
7.142281e-02, 1.336548e+03
7.147102e-02, 1.335080e+03
7.151922e-02, 1.333614e+03
7.156740e-02, 1.332152e+03
7.161557e-02, 1.330692e+03
7.166373e-02, 1.329235e+03
7.171188e-02, 1.327780e+03
7.176001e-02, 1.326328e+03
7.180813e-02, 1.324878e+03
7.185624e-02, 1.323431e+03
7.190434e-02, 1.321987e+03
7.195245e-02, 1.320544e+03
7.200057e-02, 1.319101e+03
7.204869e-02, 1.317658e+03
7.209682e-02, 1.316216e+03
7.214494e-02, 1.314775e+03
7.219305e-02, 1.313335e+03
7.224115e-02, 1.311898e+03
7.228924e-02, 1.310463e+03
7.233732e-02, 1.309030e+03
7.238539e-02, 1.307599e+03
7.243345e-02, 1.306170e+03
7.248152e-02, 1.304743e+03
7.252959e-02, 1.303316e+03
7.257766e-02, 1.301890e+03
7.262572e-02, 1.300466e+03
7.267377e-02, 1.299044e+03
7.272181e-02, 1.297623e+03
7.276984e-02, 1.296206e+03
7.281785e-02, 1.294790e+03
7.286585e-02, 1.293378e+03
7.291384e-02, 1.291967e+03
7.296183e-02, 1.290559e+03
7.300982e-02, 1.289151e+03
7.305779e-02, 1.287746e+03
7.310576e-02, 1.286343e+03
7.315372e-02, 1.284942e+03
7.320168e-02, 1.283543e+03
7.324963e-02, 1.282145e+03
7.329757e-02, 1.280749e+03
7.334550e-02, 1.279356e+03
7.339342e-02, 1.277965e+03
7.344133e-02, 1.276576e+03
7.348922e-02, 1.275190e+03
7.353710e-02, 1.273807e+03
7.358497e-02, 1.272425e+03
7.363282e-02, 1.271047e+03
7.368066e-02, 1.269671e+03
7.372849e-02, 1.268298e+03
7.377630e-02, 1.266927e+03
7.382411e-02, 1.265558e+03
7.387190e-02, 1.264192e+03
7.391969e-02, 1.262827e+03
7.396749e-02, 1.261464e+03
7.401529e-02, 1.260101e+03
7.406308e-02, 1.258739e+03
7.411087e-02, 1.257378e+03
7.415866e-02, 1.256018e+03
7.420645e-02, 1.254660e+03
7.425422e-02, 1.253304e+03
7.430197e-02, 1.251950e+03
7.434972e-02, 1.250598e+03
7.439744e-02, 1.249250e+03
7.444515e-02, 1.247904e+03
7.449284e-02, 1.246561e+03
7.454052e-02, 1.245221e+03
7.458818e-02, 1.243884e+03
7.463584e-02, 1.242549e+03
7.468348e-02, 1.241217e+03
7.473110e-02, 1.239887e+03
7.477872e-02, 1.238561e+03
7.482631e-02, 1.237237e+03
7.487388e-02, 1.235916e+03
7.492144e-02, 1.234598e+03
7.496899e-02, 1.233283e+03
7.501652e-02, 1.231970e+03
7.506406e-02, 1.230659e+03
7.511158e-02, 1.229350e+03
7.515909e-02, 1.228043e+03
7.520659e-02, 1.226738e+03
7.525409e-02, 1.225435e+03
7.530158e-02, 1.224134e+03
7.534906e-02, 1.222835e+03
7.539653e-02, 1.221537e+03
7.544400e-02, 1.220241e+03
7.549146e-02, 1.218948e+03
7.553891e-02, 1.217656e+03
7.558634e-02, 1.216367e+03
7.563377e-02, 1.215079e+03
7.568120e-02, 1.213794e+03
7.572861e-02, 1.212510e+03
7.577603e-02, 1.211227e+03
7.582344e-02, 1.209946e+03
7.587086e-02, 1.208665e+03
7.591828e-02, 1.207385e+03
7.596570e-02, 1.206105e+03
7.601313e-02, 1.204825e+03
7.606056e-02, 1.203546e+03
7.610799e-02, 1.202267e+03
7.615542e-02, 1.200990e+03
7.620284e-02, 1.199713e+03
7.625025e-02, 1.198439e+03
7.629765e-02, 1.197166e+03
7.634504e-02, 1.195896e+03
7.639242e-02, 1.194628e+03
7.643978e-02, 1.193362e+03
7.648714e-02, 1.192098e+03
7.653451e-02, 1.190835e+03
7.658187e-02, 1.189573e+03
7.662923e-02, 1.188313e+03
7.667659e-02, 1.187053e+03
7.672393e-02, 1.185796e+03
7.677126e-02, 1.184540e+03
7.681858e-02, 1.183287e+03
7.686590e-02, 1.182036e+03
7.691320e-02, 1.180787e+03
7.696049e-02, 1.179540e+03
7.700777e-02, 1.178295e+03
7.705505e-02, 1.177053e+03
7.710230e-02, 1.175812e+03
7.714955e-02, 1.174574e+03
7.719679e-02, 1.173339e+03
7.724402e-02, 1.172105e+03
7.729123e-02, 1.170874e+03
7.733843e-02, 1.169645e+03
7.738562e-02, 1.168419e+03
7.743279e-02, 1.167195e+03
7.747994e-02, 1.165974e+03
7.752708e-02, 1.164755e+03
7.757421e-02, 1.163539e+03
7.762133e-02, 1.162325e+03
7.766844e-02, 1.161113e+03
7.771553e-02, 1.159903e+03
7.776262e-02, 1.158695e+03
7.780970e-02, 1.157489e+03
7.785677e-02, 1.156284e+03
7.790383e-02, 1.155082e+03
7.795089e-02, 1.153881e+03
7.799794e-02, 1.152682e+03
7.804500e-02, 1.151483e+03
7.809205e-02, 1.150286e+03
7.813911e-02, 1.149088e+03
7.818616e-02, 1.147893e+03
7.823320e-02, 1.146698e+03
7.828024e-02, 1.145505e+03
7.832726e-02, 1.144314e+03
7.837428e-02, 1.143125e+03
7.842129e-02, 1.141937e+03
7.846829e-02, 1.140752e+03
7.851528e-02, 1.139568e+03
7.856226e-02, 1.138386e+03
7.860923e-02, 1.137207e+03
7.865619e-02, 1.136029e+03
7.870313e-02, 1.134854e+03
7.875006e-02, 1.133682e+03
7.879698e-02, 1.132511e+03
7.884389e-02, 1.131342e+03
7.889081e-02, 1.130175e+03
7.893772e-02, 1.129009e+03
7.898462e-02, 1.127844e+03
7.903151e-02, 1.126681e+03
7.907839e-02, 1.125520e+03
7.912527e-02, 1.124361e+03
7.917214e-02, 1.123204e+03
7.921900e-02, 1.122049e+03
7.926585e-02, 1.120895e+03
7.931268e-02, 1.119743e+03
7.935951e-02, 1.118594e+03
7.940633e-02, 1.117446e+03
7.945314e-02, 1.116301e+03
7.949994e-02, 1.115157e+03
7.954673e-02, 1.114015e+03
7.959352e-02, 1.112875e+03
7.964030e-02, 1.111736e+03
7.968707e-02, 1.110599e+03
7.973383e-02, 1.109464e+03
7.978059e-02, 1.108330e+03
7.982736e-02, 1.107196e+03
7.987414e-02, 1.106062e+03
7.992091e-02, 1.104929e+03
7.996768e-02, 1.103797e+03
8.001446e-02, 1.102666e+03
8.006123e-02, 1.101535e+03
8.010800e-02, 1.100405e+03
8.015477e-02, 1.099276e+03
8.020153e-02, 1.098148e+03
8.024828e-02, 1.097022e+03
8.029503e-02, 1.095897e+03
8.034176e-02, 1.094775e+03
8.038848e-02, 1.093654e+03
8.043519e-02, 1.092536e+03
8.048188e-02, 1.091419e+03
8.052857e-02, 1.090305e+03
8.057525e-02, 1.089192e+03
8.062192e-02, 1.088081e+03
8.066858e-02, 1.086972e+03
8.071524e-02, 1.085864e+03
8.076190e-02, 1.084758e+03
8.080855e-02, 1.083653e+03
8.085518e-02, 1.082550e+03
8.090181e-02, 1.081449e+03
8.094843e-02, 1.080349e+03
8.099504e-02, 1.079252e+03
8.104164e-02, 1.078156e+03
8.108823e-02, 1.077062e+03
8.113481e-02, 1.075970e+03
8.118139e-02, 1.074880e+03
8.122795e-02, 1.073791e+03
8.127451e-02, 1.072704e+03
8.132107e-02, 1.071619e+03
8.136761e-02, 1.070536e+03
8.141414e-02, 1.069454e+03
8.146066e-02, 1.068375e+03
8.150717e-02, 1.067297e+03
8.155367e-02, 1.066222e+03
8.160016e-02, 1.065148e+03
8.164664e-02, 1.064076e+03
8.169311e-02, 1.063006e+03
8.173958e-02, 1.061937e+03
8.178603e-02, 1.060871e+03
8.183248e-02, 1.059806e+03
8.187891e-02, 1.058743e+03
8.192533e-02, 1.057682e+03
8.197175e-02, 1.056622e+03
8.201818e-02, 1.055563e+03
8.206461e-02, 1.054505e+03
8.211103e-02, 1.053448e+03
8.215744e-02, 1.052392e+03
8.220386e-02, 1.051337e+03
8.225026e-02, 1.050283e+03
8.229667e-02, 1.049231e+03
8.234306e-02, 1.048180e+03
8.238944e-02, 1.047130e+03
8.243582e-02, 1.046083e+03
8.248218e-02, 1.045037e+03
8.252854e-02, 1.043993e+03
8.257489e-02, 1.042950e+03
8.262124e-02, 1.041908e+03
8.266759e-02, 1.040867e+03
8.271394e-02, 1.039828e+03
8.276028e-02, 1.038789e+03
8.280660e-02, 1.037753e+03
8.285292e-02, 1.036718e+03
8.289922e-02, 1.035685e+03
8.294551e-02, 1.034654e+03
8.299180e-02, 1.033625e+03
8.303807e-02, 1.032597e+03
8.308434e-02, 1.031571e+03
8.313062e-02, 1.030546e+03
8.317689e-02, 1.029522e+03
8.322316e-02, 1.028499e+03
8.326943e-02, 1.027476e+03
8.331570e-02, 1.026455e+03
8.336197e-02, 1.025434e+03
8.340824e-02, 1.024413e+03
8.345451e-02, 1.023394e+03
8.350078e-02, 1.022376e+03
8.354704e-02, 1.021359e+03
8.359329e-02, 1.020343e+03
8.363953e-02, 1.019329e+03
8.368576e-02, 1.018317e+03
8.373199e-02, 1.017307e+03
8.377821e-02, 1.016298e+03
8.382442e-02, 1.015291e+03
8.387061e-02, 1.014285e+03
8.391680e-02, 1.013282e+03
8.396297e-02, 1.012281e+03
8.400913e-02, 1.011282e+03
8.405527e-02, 1.010285e+03
8.410140e-02, 1.009290e+03
8.414752e-02, 1.008297e+03
8.419363e-02, 1.007306e+03
8.423974e-02, 1.006316e+03
8.428583e-02, 1.005328e+03
8.433191e-02, 1.004343e+03
8.437797e-02, 1.003359e+03
8.442403e-02, 1.002377e+03
8.447007e-02, 1.001398e+03
8.451610e-02, 1.000419e+03
8.456215e-02, 9.994422e+02
8.460820e-02, 9.984647e+02
8.465427e-02, 9.974866e+02
8.470035e-02, 9.965082e+02
8.474643e-02, 9.955297e+02
8.479250e-02, 9.945516e+02
8.483858e-02, 9.935742e+02
8.488465e-02, 9.925978e+02
8.493072e-02, 9.916225e+02
8.497678e-02, 9.906483e+02
8.502283e-02, 9.896754e+02
8.506888e-02, 9.887038e+02
8.511493e-02, 9.877336e+02
8.516097e-02, 9.867646e+02
8.520700e-02, 9.857969e+02
8.525303e-02, 9.848306e+02
8.529904e-02, 9.838659e+02
8.534505e-02, 9.829028e+02
8.539104e-02, 9.819415e+02
8.543703e-02, 9.809821e+02
8.548300e-02, 9.800244e+02
8.552897e-02, 9.790682e+02
8.557493e-02, 9.781133e+02
8.562089e-02, 9.771598e+02
8.566684e-02, 9.762078e+02
8.571279e-02, 9.752571e+02
8.575873e-02, 9.743074e+02
8.580468e-02, 9.733588e+02
8.585062e-02, 9.724113e+02
8.589655e-02, 9.714649e+02
8.594249e-02, 9.705192e+02
8.598843e-02, 9.695745e+02
8.603436e-02, 9.686308e+02
8.608028e-02, 9.676883e+02
8.612620e-02, 9.667472e+02
8.617210e-02, 9.658077e+02
8.621800e-02, 9.648697e+02
8.626388e-02, 9.639335e+02
8.630976e-02, 9.629991e+02
8.635562e-02, 9.620665e+02
8.640147e-02, 9.611358e+02
8.644731e-02, 9.602070e+02
8.649313e-02, 9.592801e+02
8.653894e-02, 9.583551e+02
8.658475e-02, 9.574319e+02
8.663055e-02, 9.565100e+02
8.667634e-02, 9.555894e+02
8.672213e-02, 9.546702e+02
8.676791e-02, 9.537524e+02
8.681368e-02, 9.528363e+02
8.685944e-02, 9.519219e+02
8.690518e-02, 9.510092e+02
8.695092e-02, 9.500983e+02
8.699664e-02, 9.491890e+02
8.704237e-02, 9.482810e+02
8.708808e-02, 9.473741e+02
8.713380e-02, 9.464682e+02
8.717951e-02, 9.455634e+02
8.722522e-02, 9.446597e+02
8.727092e-02, 9.437569e+02
8.731663e-02, 9.428549e+02
8.736233e-02, 9.419538e+02
8.740802e-02, 9.410538e+02
8.745371e-02, 9.401551e+02
8.749940e-02, 9.392574e+02
8.754509e-02, 9.383604e+02
8.759077e-02, 9.374642e+02
8.763645e-02, 9.365689e+02
8.768213e-02, 9.356746e+02
8.772780e-02, 9.347814e+02
8.777346e-02, 9.338895e+02
8.781911e-02, 9.329990e+02
8.786476e-02, 9.321096e+02
8.791041e-02, 9.312208e+02
8.795607e-02, 9.303324e+02
8.800172e-02, 9.294447e+02
8.804737e-02, 9.285579e+02
8.809302e-02, 9.276720e+02
8.813866e-02, 9.267872e+02
8.818430e-02, 9.259034e+02
8.822993e-02, 9.250208e+02
8.827555e-02, 9.241395e+02
8.832117e-02, 9.232594e+02
8.836679e-02, 9.223806e+02
8.841240e-02, 9.215030e+02
8.845800e-02, 9.206267e+02
8.850359e-02, 9.197518e+02
8.854918e-02, 9.188782e+02
8.859477e-02, 9.180056e+02
8.864036e-02, 9.171339e+02
8.868594e-02, 9.162632e+02
8.873152e-02, 9.153937e+02
8.877708e-02, 9.145255e+02
8.882265e-02, 9.136587e+02
8.886820e-02, 9.127934e+02
8.891374e-02, 9.119296e+02
8.895928e-02, 9.110673e+02
8.900481e-02, 9.102063e+02
8.905033e-02, 9.093467e+02
8.909585e-02, 9.084884e+02
8.914135e-02, 9.076316e+02
8.918685e-02, 9.067763e+02
8.923234e-02, 9.059225e+02
8.927781e-02, 9.050704e+02
8.932328e-02, 9.042200e+02
8.936873e-02, 9.033714e+02
8.941417e-02, 9.025244e+02
8.945960e-02, 9.016793e+02
8.950502e-02, 9.008359e+02
8.955042e-02, 8.999943e+02
8.959582e-02, 8.991546e+02
8.964120e-02, 8.983166e+02
8.968656e-02, 8.974805e+02
8.973192e-02, 8.966461e+02
8.977726e-02, 8.958133e+02
8.982261e-02, 8.949818e+02
8.986795e-02, 8.941512e+02
8.991329e-02, 8.933213e+02
8.995864e-02, 8.924918e+02
9.000400e-02, 8.916622e+02
9.004938e-02, 8.908319e+02
9.009478e-02, 8.900005e+02
9.014019e-02, 8.891681e+02
9.018561e-02, 8.883354e+02
9.023103e-02, 8.875025e+02
9.027645e-02, 8.866700e+02
9.032187e-02, 8.858381e+02
9.036728e-02, 8.850070e+02
9.041269e-02, 8.841768e+02
9.045809e-02, 8.833478e+02
9.050348e-02, 8.825200e+02
9.054887e-02, 8.816936e+02
9.059424e-02, 8.808685e+02
9.063960e-02, 8.800449e+02
9.068496e-02, 8.792227e+02
9.073031e-02, 8.784020e+02
9.077565e-02, 8.775826e+02
9.082099e-02, 8.767644e+02
9.086633e-02, 8.759469e+02
9.091167e-02, 8.751303e+02
9.095701e-02, 8.743143e+02
9.100235e-02, 8.734990e+02
9.104769e-02, 8.726846e+02
9.109302e-02, 8.718712e+02
9.113836e-02, 8.710587e+02
9.118369e-02, 8.702468e+02
9.122902e-02, 8.694356e+02
9.127434e-02, 8.686252e+02
9.131966e-02, 8.678157e+02
9.136498e-02, 8.670074e+02
9.141028e-02, 8.662003e+02
9.145558e-02, 8.653945e+02
9.150087e-02, 8.645900e+02
9.154615e-02, 8.637869e+02
9.159142e-02, 8.629851e+02
9.163668e-02, 8.621848e+02
9.168194e-02, 8.613859e+02
9.172718e-02, 8.605885e+02
9.177242e-02, 8.597926e+02
9.181764e-02, 8.589983e+02
9.186285e-02, 8.582056e+02
9.190806e-02, 8.574143e+02
9.195325e-02, 8.566245e+02
9.199844e-02, 8.558362e+02
9.204362e-02, 8.550493e+02
9.208879e-02, 8.542640e+02
9.213395e-02, 8.534802e+02
9.217909e-02, 8.526980e+02
9.222423e-02, 8.519172e+02
9.226937e-02, 8.511377e+02
9.231450e-02, 8.503592e+02
9.235962e-02, 8.495818e+02
9.240474e-02, 8.488055e+02
9.244986e-02, 8.480303e+02
9.249497e-02, 8.472561e+02
9.254007e-02, 8.464830e+02
9.258517e-02, 8.457110e+02
9.263026e-02, 8.449404e+02
9.267534e-02, 8.441710e+02
9.272041e-02, 8.434031e+02
9.276547e-02, 8.426365e+02
9.281052e-02, 8.418714e+02
9.285557e-02, 8.411078e+02
9.290060e-02, 8.403457e+02
9.294562e-02, 8.395851e+02
9.299063e-02, 8.388259e+02
9.303564e-02, 8.380681e+02
9.308064e-02, 8.373114e+02
9.312565e-02, 8.365556e+02
9.317065e-02, 8.358003e+02
9.321565e-02, 8.350456e+02
9.326065e-02, 8.342916e+02
9.330565e-02, 8.335381e+02
9.335066e-02, 8.327847e+02
9.339567e-02, 8.320314e+02
9.344068e-02, 8.312785e+02
9.348570e-02, 8.305257e+02
9.353073e-02, 8.297726e+02
9.357577e-02, 8.290193e+02
9.362080e-02, 8.282661e+02
9.366584e-02, 8.275130e+02
9.371088e-02, 8.267605e+02
9.375591e-02, 8.260087e+02
9.380094e-02, 8.252577e+02
9.384596e-02, 8.245077e+02
9.389098e-02, 8.237587e+02
9.393598e-02, 8.230110e+02
9.398098e-02, 8.222645e+02
9.402597e-02, 8.215192e+02
9.407095e-02, 8.207751e+02
9.411593e-02, 8.200320e+02
9.416090e-02, 8.192901e+02
9.420587e-02, 8.185492e+02
9.425083e-02, 8.178095e+02
9.429579e-02, 8.170707e+02
9.434074e-02, 8.163329e+02
9.438569e-02, 8.155963e+02
9.443064e-02, 8.148605e+02
9.447558e-02, 8.141257e+02
9.452053e-02, 8.133917e+02
9.456546e-02, 8.126587e+02
9.461039e-02, 8.119268e+02
9.465532e-02, 8.111961e+02
9.470024e-02, 8.104664e+02
9.474515e-02, 8.097376e+02
9.479006e-02, 8.090097e+02
9.483498e-02, 8.082826e+02
9.487989e-02, 8.075560e+02
9.492480e-02, 8.068300e+02
9.496971e-02, 8.061047e+02
9.501462e-02, 8.053801e+02
9.505953e-02, 8.046562e+02
9.510443e-02, 8.039331e+02
9.514933e-02, 8.032109e+02
9.519422e-02, 8.024897e+02
9.523910e-02, 8.017697e+02
9.528398e-02, 8.010508e+02
9.532884e-02, 8.003331e+02
9.537370e-02, 7.996167e+02
9.541855e-02, 7.989015e+02
9.546339e-02, 7.981877e+02
9.550822e-02, 7.974751e+02
9.555304e-02, 7.967639e+02
9.559785e-02, 7.960540e+02
9.564265e-02, 7.953455e+02
9.568745e-02, 7.946383e+02
9.573223e-02, 7.939324e+02
9.577701e-02, 7.932279e+02
9.582178e-02, 7.925245e+02
9.586655e-02, 7.918222e+02
9.591131e-02, 7.911210e+02
9.595606e-02, 7.904210e+02
9.600080e-02, 7.897222e+02
9.604554e-02, 7.890246e+02
9.609027e-02, 7.883284e+02
9.613499e-02, 7.876334e+02
9.617971e-02, 7.869394e+02
9.622443e-02, 7.862458e+02
9.626916e-02, 7.855523e+02
9.631389e-02, 7.848590e+02
9.635862e-02, 7.841660e+02
9.640336e-02, 7.834734e+02
9.644809e-02, 7.827810e+02
9.649283e-02, 7.820888e+02
9.653757e-02, 7.813969e+02
9.658230e-02, 7.807057e+02
9.662703e-02, 7.800152e+02
9.667176e-02, 7.793255e+02
9.671648e-02, 7.786366e+02
9.676120e-02, 7.779485e+02
9.680592e-02, 7.772611e+02
9.685064e-02, 7.765743e+02
9.689535e-02, 7.758882e+02
9.694007e-02, 7.752029e+02
9.698478e-02, 7.745184e+02
9.702948e-02, 7.738348e+02
9.707418e-02, 7.731522e+02
9.711888e-02, 7.724706e+02
9.716356e-02, 7.717902e+02
9.720824e-02, 7.711109e+02
9.725291e-02, 7.704327e+02
9.729758e-02, 7.697558e+02
9.734223e-02, 7.690801e+02
9.738687e-02, 7.684056e+02
9.743151e-02, 7.677324e+02
9.747614e-02, 7.670605e+02
9.752076e-02, 7.663896e+02
9.756539e-02, 7.657193e+02
9.761001e-02, 7.650497e+02
9.765463e-02, 7.643808e+02
9.769924e-02, 7.637127e+02
9.774385e-02, 7.630453e+02
9.778845e-02, 7.623790e+02
9.783305e-02, 7.617136e+02
9.787764e-02, 7.610493e+02
9.792222e-02, 7.603861e+02
9.796680e-02, 7.597239e+02
9.801137e-02, 7.590625e+02
9.805595e-02, 7.584020e+02
9.810052e-02, 7.577423e+02
9.814508e-02, 7.570835e+02
9.818964e-02, 7.564257e+02
9.823419e-02, 7.557690e+02
9.827873e-02, 7.551134e+02
9.832327e-02, 7.544588e+02
9.836780e-02, 7.538054e+02
9.841232e-02, 7.531530e+02
9.845684e-02, 7.525018e+02
9.850134e-02, 7.518518e+02
9.854585e-02, 7.512028e+02
9.859035e-02, 7.505548e+02
9.863484e-02, 7.499078e+02
9.867933e-02, 7.492618e+02
9.872381e-02, 7.486169e+02
9.876828e-02, 7.479731e+02
9.881274e-02, 7.473304e+02
9.885720e-02, 7.466888e+02
9.890166e-02, 7.460480e+02
9.894612e-02, 7.454078e+02
9.899058e-02, 7.447679e+02
9.903505e-02, 7.441281e+02
9.907952e-02, 7.434887e+02
9.912398e-02, 7.428496e+02
9.916845e-02, 7.422110e+02
9.921291e-02, 7.415731e+02
9.925737e-02, 7.409360e+02
9.930182e-02, 7.402996e+02
9.934627e-02, 7.396640e+02
9.939072e-02, 7.390291e+02
9.943516e-02, 7.383948e+02
9.947960e-02, 7.377613e+02
9.952404e-02, 7.371287e+02
9.956847e-02, 7.364968e+02
9.961290e-02, 7.358659e+02
9.965732e-02, 7.352359e+02
9.970174e-02, 7.346069e+02
9.974615e-02, 7.339789e+02
9.979056e-02, 7.333515e+02
9.983497e-02, 7.327245e+02
9.987938e-02, 7.320980e+02
9.992379e-02, 7.314721e+02
9.996819e-02, 7.308468e+02
1.000126e-01, 7.302223e+02
1.000570e-01, 7.295987e+02
1.001014e-01, 7.289761e+02
1.001457e-01, 7.283543e+02
1.001901e-01, 7.277334e+02
1.002345e-01, 7.271130e+02
1.002789e-01, 7.264932e+02
1.003233e-01, 7.258739e+02
1.003676e-01, 7.252548e+02
1.004120e-01, 7.246358e+02
1.004564e-01, 7.240168e+02
1.005008e-01, 7.233981e+02
1.005452e-01, 7.227797e+02
1.005896e-01, 7.221619e+02
1.006340e-01, 7.215448e+02
1.006783e-01, 7.209283e+02
1.007227e-01, 7.203124e+02
1.007671e-01, 7.196971e+02
1.008115e-01, 7.190821e+02
1.008559e-01, 7.184671e+02
1.009003e-01, 7.178522e+02
1.009447e-01, 7.172376e+02
1.009891e-01, 7.166233e+02
1.010335e-01, 7.160096e+02
1.010779e-01, 7.153966e+02
1.011223e-01, 7.147842e+02
1.011667e-01, 7.141723e+02
1.012110e-01, 7.135610e+02
1.012554e-01, 7.129502e+02
1.012998e-01, 7.123401e+02
1.013442e-01, 7.117308e+02
1.013886e-01, 7.111223e+02
1.014329e-01, 7.105147e+02
1.014773e-01, 7.099081e+02
1.015217e-01, 7.093025e+02
1.015660e-01, 7.086978e+02
1.016103e-01, 7.080942e+02
1.016547e-01, 7.074916e+02
1.016990e-01, 7.068901e+02
1.017433e-01, 7.062896e+02
1.017876e-01, 7.056902e+02
1.018319e-01, 7.050919e+02
1.018762e-01, 7.044947e+02
1.019205e-01, 7.038985e+02
1.019648e-01, 7.033035e+02
1.020090e-01, 7.027095e+02
1.020533e-01, 7.021166e+02
1.020976e-01, 7.015247e+02
1.021418e-01, 7.009338e+02
1.021861e-01, 7.003439e+02
1.022303e-01, 6.997551e+02
1.022745e-01, 6.991673e+02
1.023187e-01, 6.985805e+02
1.023629e-01, 6.979948e+02
1.024071e-01, 6.974102e+02
1.024513e-01, 6.968266e+02
1.024955e-01, 6.962441e+02
1.025397e-01, 6.956627e+02
1.025839e-01, 6.950823e+02
1.026280e-01, 6.945029e+02
1.026722e-01, 6.939245e+02
1.027163e-01, 6.933469e+02
1.027605e-01, 6.927703e+02
1.028046e-01, 6.921945e+02
1.028488e-01, 6.916196e+02
1.028929e-01, 6.910457e+02
1.029370e-01, 6.904726e+02
1.029811e-01, 6.899006e+02
1.030253e-01, 6.893294e+02
1.030694e-01, 6.887593e+02
1.031135e-01, 6.881901e+02
1.031576e-01, 6.876220e+02
1.032016e-01, 6.870548e+02
1.032457e-01, 6.864886e+02
1.032898e-01, 6.859234e+02
1.033339e-01, 6.853590e+02
1.033779e-01, 6.847956e+02
1.034220e-01, 6.842329e+02
1.034660e-01, 6.836709e+02
1.035101e-01, 6.831092e+02
1.035542e-01, 6.825479e+02
1.035982e-01, 6.819864e+02
1.036423e-01, 6.814249e+02
1.036864e-01, 6.808635e+02
1.037305e-01, 6.803023e+02
1.037745e-01, 6.797414e+02
1.038186e-01, 6.791811e+02
1.038627e-01, 6.786210e+02
1.039068e-01, 6.780612e+02
1.039509e-01, 6.775016e+02
1.039949e-01, 6.769425e+02
1.040390e-01, 6.763838e+02
1.040831e-01, 6.758257e+02
1.041272e-01, 6.752684e+02
1.041712e-01, 6.747117e+02
1.042153e-01, 6.741558e+02
1.042593e-01, 6.736008e+02
1.043034e-01, 6.730465e+02
1.043474e-01, 6.724927e+02
1.043915e-01, 6.719393e+02
1.044356e-01, 6.713864e+02
1.044796e-01, 6.708340e+02
1.045237e-01, 6.702823e+02
1.045677e-01, 6.697313e+02
1.046117e-01, 6.691810e+02
1.046558e-01, 6.686316e+02
1.046998e-01, 6.680830e+02
1.047438e-01, 6.675353e+02
1.047878e-01, 6.669885e+02
1.048319e-01, 6.664426e+02
1.048759e-01, 6.658976e+02
1.049199e-01, 6.653535e+02
1.049638e-01, 6.648104e+02
1.050078e-01, 6.642682e+02
1.050518e-01, 6.637267e+02
1.050958e-01, 6.631857e+02
1.051398e-01, 6.626451e+02
1.051837e-01, 6.621050e+02
1.052277e-01, 6.615655e+02
1.052717e-01, 6.610264e+02
1.053157e-01, 6.604880e+02
1.053596e-01, 6.599502e+02
1.054036e-01, 6.594132e+02
1.054476e-01, 6.588769e+02
1.054915e-01, 6.583414e+02
1.055355e-01, 6.578067e+02
1.055794e-01, 6.572730e+02
1.056233e-01, 6.567400e+02
1.056673e-01, 6.562080e+02
1.057112e-01, 6.556768e+02
1.057551e-01, 6.551463e+02
1.057990e-01, 6.546165e+02
1.058429e-01, 6.540874e+02
1.058868e-01, 6.535592e+02
1.059307e-01, 6.530318e+02
1.059746e-01, 6.525053e+02
1.060185e-01, 6.519796e+02
1.060624e-01, 6.514548e+02
1.061063e-01, 6.509306e+02
1.061502e-01, 6.504070e+02
1.061941e-01, 6.498839e+02
1.062379e-01, 6.493615e+02
1.062818e-01, 6.488397e+02
1.063257e-01, 6.483187e+02
1.063695e-01, 6.477984e+02
1.064134e-01, 6.472789e+02
1.064573e-01, 6.467600e+02
1.065011e-01, 6.462410e+02
1.065450e-01, 6.457218e+02
1.065889e-01, 6.452027e+02
1.066328e-01, 6.446837e+02
1.066767e-01, 6.441650e+02
1.067205e-01, 6.436466e+02
1.067644e-01, 6.431287e+02
1.068083e-01, 6.426113e+02
1.068522e-01, 6.420941e+02
1.068961e-01, 6.415773e+02
1.069399e-01, 6.410611e+02
1.069838e-01, 6.405453e+02
1.070277e-01, 6.400303e+02
1.070715e-01, 6.395159e+02
1.071154e-01, 6.390022e+02
1.071593e-01, 6.384893e+02
1.072031e-01, 6.379770e+02
1.072470e-01, 6.374654e+02
1.072908e-01, 6.369545e+02
1.073347e-01, 6.364443e+02
1.073785e-01, 6.359348e+02
1.074223e-01, 6.354259e+02
1.074662e-01, 6.349178e+02
1.075100e-01, 6.344105e+02
1.075538e-01, 6.339039e+02
1.075976e-01, 6.333980e+02
1.076414e-01, 6.328930e+02
1.076852e-01, 6.323888e+02
1.077290e-01, 6.318854e+02
1.077728e-01, 6.313824e+02
1.078166e-01, 6.308797e+02
1.078604e-01, 6.303775e+02
1.079042e-01, 6.298758e+02
1.079480e-01, 6.293747e+02
1.079918e-01, 6.288741e+02
1.080356e-01, 6.283743e+02
1.080794e-01, 6.278751e+02
1.081232e-01, 6.273766e+02
1.081669e-01, 6.268786e+02
1.082107e-01, 6.263809e+02
1.082545e-01, 6.258834e+02
1.082983e-01, 6.253859e+02
1.083421e-01, 6.248884e+02
1.083859e-01, 6.243908e+02
1.084297e-01, 6.238928e+02
1.084735e-01, 6.233945e+02
1.085174e-01, 6.228961e+02
1.085612e-01, 6.223977e+02
1.086050e-01, 6.218996e+02
1.086488e-01, 6.214017e+02
1.086927e-01, 6.209042e+02
1.087365e-01, 6.204070e+02
1.087803e-01, 6.199104e+02
1.088241e-01, 6.194143e+02
1.088679e-01, 6.189189e+02
1.089118e-01, 6.184241e+02
1.089556e-01, 6.179300e+02
1.089994e-01, 6.174367e+02
1.090432e-01, 6.169441e+02
1.090869e-01, 6.164522e+02
1.091307e-01, 6.159611e+02
1.091745e-01, 6.154704e+02
1.092183e-01, 6.149802e+02
1.092621e-01, 6.144904e+02
1.093059e-01, 6.140012e+02
1.093496e-01, 6.135126e+02
1.093934e-01, 6.130246e+02
1.094372e-01, 6.125372e+02
1.094809e-01, 6.120506e+02
1.095247e-01, 6.115647e+02
1.095684e-01, 6.110796e+02
1.096122e-01, 6.105951e+02
1.096559e-01, 6.101115e+02
1.096997e-01, 6.096286e+02
1.097434e-01, 6.091465e+02
1.097871e-01, 6.086652e+02
1.098308e-01, 6.081847e+02
1.098745e-01, 6.077049e+02
1.099182e-01, 6.072260e+02
1.099619e-01, 6.067478e+02
1.100056e-01, 6.062704e+02
1.100493e-01, 6.057939e+02
1.100930e-01, 6.053181e+02
1.101366e-01, 6.048431e+02
1.101803e-01, 6.043689e+02
1.102239e-01, 6.038955e+02
1.102676e-01, 6.034229e+02
1.103112e-01, 6.029511e+02
1.103549e-01, 6.024800e+02
1.103985e-01, 6.020098e+02
1.104421e-01, 6.015403e+02
1.104858e-01, 6.010715e+02
1.105294e-01, 6.006034e+02
1.105730e-01, 6.001360e+02
1.106166e-01, 5.996693e+02
1.106602e-01, 5.992033e+02
1.107038e-01, 5.987380e+02
1.107474e-01, 5.982735e+02
1.107910e-01, 5.978097e+02
1.108346e-01, 5.973466e+02
1.108781e-01, 5.968843e+02
1.109217e-01, 5.964225e+02
1.109653e-01, 5.959614e+02
1.110089e-01, 5.955009e+02
1.110524e-01, 5.950411e+02
1.110960e-01, 5.945819e+02
1.111395e-01, 5.941235e+02
1.111831e-01, 5.936658e+02
1.112266e-01, 5.932088e+02
1.112702e-01, 5.927525e+02
1.113137e-01, 5.922970e+02
1.113572e-01, 5.918422e+02
1.114007e-01, 5.913881e+02
1.114443e-01, 5.909348e+02
1.114878e-01, 5.904822e+02
1.115313e-01, 5.900304e+02
1.115748e-01, 5.895793e+02
1.116183e-01, 5.891288e+02
1.116617e-01, 5.886791e+02
1.117052e-01, 5.882302e+02
1.117487e-01, 5.877820e+02
1.117922e-01, 5.873344e+02
1.118357e-01, 5.868874e+02
1.118791e-01, 5.864409e+02
1.119226e-01, 5.859949e+02
1.119661e-01, 5.855495e+02
1.120095e-01, 5.851047e+02
1.120530e-01, 5.846605e+02
1.120964e-01, 5.842170e+02
1.121399e-01, 5.837742e+02
1.121833e-01, 5.833320e+02
1.122268e-01, 5.828905e+02
1.122702e-01, 5.824496e+02
1.123137e-01, 5.820089e+02
1.123571e-01, 5.815683e+02
1.124006e-01, 5.811274e+02
1.124440e-01, 5.806862e+02
1.124875e-01, 5.802448e+02
1.125310e-01, 5.798031e+02
1.125745e-01, 5.793613e+02
1.126180e-01, 5.789194e+02
1.126615e-01, 5.784775e+02
1.127049e-01, 5.780358e+02
1.127484e-01, 5.775943e+02
1.127919e-01, 5.771532e+02
1.128354e-01, 5.767126e+02
1.128789e-01, 5.762724e+02
1.129224e-01, 5.758328e+02
1.129659e-01, 5.753938e+02
1.130093e-01, 5.749553e+02
1.130528e-01, 5.745175e+02
1.130963e-01, 5.740803e+02
1.131397e-01, 5.736437e+02
1.131832e-01, 5.732078e+02
1.132266e-01, 5.727725e+02
1.132701e-01, 5.723379e+02
1.133135e-01, 5.719039e+02
1.133569e-01, 5.714706e+02
1.134004e-01, 5.710379e+02
1.134438e-01, 5.706060e+02
1.134872e-01, 5.701747e+02
1.135306e-01, 5.697441e+02
1.135740e-01, 5.693142e+02
1.136174e-01, 5.688849e+02
1.136608e-01, 5.684562e+02
1.137042e-01, 5.680281e+02
1.137476e-01, 5.676007e+02
1.137910e-01, 5.671740e+02
1.138344e-01, 5.667479e+02
1.138777e-01, 5.663224e+02
1.139211e-01, 5.658976e+02
1.139645e-01, 5.654735e+02
1.140078e-01, 5.650500e+02
1.140512e-01, 5.646268e+02
1.140946e-01, 5.642037e+02
1.141380e-01, 5.637807e+02
1.141813e-01, 5.633580e+02
1.142247e-01, 5.629356e+02
1.142681e-01, 5.625135e+02
1.143114e-01, 5.620919e+02
1.143548e-01, 5.616708e+02
1.143982e-01, 5.612500e+02
1.144415e-01, 5.608296e+02
1.144849e-01, 5.604097e+02
1.145283e-01, 5.599904e+02
1.145716e-01, 5.595716e+02
1.146150e-01, 5.591533e+02
1.146583e-01, 5.587353e+02
1.147017e-01, 5.583177e+02
1.147451e-01, 5.579004e+02
1.147884e-01, 5.574835e+02
1.148318e-01, 5.570670e+02
1.148751e-01, 5.566510e+02
1.149185e-01, 5.562355e+02
1.149618e-01, 5.558206e+02
1.150052e-01, 5.554062e+02
1.150485e-01, 5.549923e+02
1.150918e-01, 5.545787e+02
1.151352e-01, 5.541657e+02
1.151785e-01, 5.537531e+02
1.152218e-01, 5.533411e+02
1.152652e-01, 5.529297e+02
1.153085e-01, 5.525189e+02
1.153518e-01, 5.521086e+02
1.153951e-01, 5.516990e+02
1.154384e-01, 5.512898e+02
1.154817e-01, 5.508807e+02
1.155251e-01, 5.504713e+02
1.155684e-01, 5.500617e+02
1.156118e-01, 5.496517e+02
1.156551e-01, 5.492416e+02
1.156985e-01, 5.488315e+02
1.157419e-01, 5.484215e+02
1.157852e-01, 5.480118e+02
1.158286e-01, 5.476025e+02
1.158719e-01, 5.471935e+02
1.159153e-01, 5.467850e+02
1.159586e-01, 5.463770e+02
1.160020e-01, 5.459696e+02
1.160453e-01, 5.455627e+02
1.160886e-01, 5.451563e+02
1.161320e-01, 5.447505e+02
1.161753e-01, 5.443453e+02
1.162186e-01, 5.439406e+02
1.162619e-01, 5.435364e+02
1.163052e-01, 5.431329e+02
1.163485e-01, 5.427299e+02
1.163918e-01, 5.423275e+02
1.164351e-01, 5.419257e+02
1.164784e-01, 5.415246e+02
1.165217e-01, 5.411240e+02
1.165650e-01, 5.407241e+02
1.166083e-01, 5.403249e+02
1.166516e-01, 5.399262e+02
1.166948e-01, 5.395282e+02
1.167381e-01, 5.391308e+02
1.167814e-01, 5.387340e+02
1.168246e-01, 5.383379e+02
1.168679e-01, 5.379424e+02
1.169111e-01, 5.375475e+02
1.169544e-01, 5.371532e+02
1.169976e-01, 5.367596e+02
1.170408e-01, 5.363666e+02
1.170840e-01, 5.359742e+02
1.171273e-01, 5.355824e+02
1.171705e-01, 5.351912e+02
1.172137e-01, 5.348007e+02
1.172569e-01, 5.344108e+02
1.173001e-01, 5.340214e+02
1.173433e-01, 5.336327e+02
1.173865e-01, 5.332446e+02
1.174297e-01, 5.328570e+02
1.174729e-01, 5.324697e+02
1.175160e-01, 5.320827e+02
1.175593e-01, 5.316958e+02
1.176025e-01, 5.313090e+02
1.176457e-01, 5.309224e+02
1.176889e-01, 5.305360e+02
1.177321e-01, 5.301496e+02
1.177753e-01, 5.297631e+02
1.178185e-01, 5.293768e+02
1.178618e-01, 5.289906e+02
1.179050e-01, 5.286047e+02
1.179482e-01, 5.282192e+02
1.179914e-01, 5.278340e+02
1.180346e-01, 5.274493e+02
1.180778e-01, 5.270650e+02
1.181210e-01, 5.266810e+02
1.181643e-01, 5.262971e+02
1.182075e-01, 5.259132e+02
1.182507e-01, 5.255296e+02
1.182939e-01, 5.251462e+02
1.183371e-01, 5.247632e+02
1.183803e-01, 5.243803e+02
1.184236e-01, 5.239975e+02
1.184668e-01, 5.236147e+02
1.185100e-01, 5.232320e+02
1.185533e-01, 5.228494e+02
1.185965e-01, 5.224671e+02
1.186397e-01, 5.220852e+02
1.186829e-01, 5.217036e+02
1.187261e-01, 5.213225e+02
1.187694e-01, 5.209418e+02
1.188126e-01, 5.205616e+02
1.188558e-01, 5.201819e+02
1.188990e-01, 5.198027e+02
1.189422e-01, 5.194241e+02
1.189854e-01, 5.190459e+02
1.190286e-01, 5.186683e+02
1.190717e-01, 5.182913e+02
1.191149e-01, 5.179148e+02
1.191581e-01, 5.175389e+02
1.192013e-01, 5.171635e+02
1.192445e-01, 5.167883e+02
1.192876e-01, 5.164135e+02
1.193308e-01, 5.160389e+02
1.193740e-01, 5.156646e+02
1.194172e-01, 5.152907e+02
1.194603e-01, 5.149170e+02
1.195035e-01, 5.145438e+02
1.195467e-01, 5.141711e+02
1.195898e-01, 5.137988e+02
1.196330e-01, 5.134270e+02
1.196762e-01, 5.130556e+02
1.197193e-01, 5.126848e+02
1.197625e-01, 5.123145e+02
1.198056e-01, 5.119448e+02
1.198487e-01, 5.115755e+02
1.198919e-01, 5.112069e+02
1.199350e-01, 5.108387e+02
1.199781e-01, 5.104711e+02
1.200213e-01, 5.101040e+02
1.200644e-01, 5.097375e+02
1.201075e-01, 5.093716e+02
1.201506e-01, 5.090061e+02
1.201937e-01, 5.086413e+02
1.202368e-01, 5.082770e+02
1.202799e-01, 5.079132e+02
1.203230e-01, 5.075500e+02
1.203661e-01, 5.071873e+02
1.204091e-01, 5.068252e+02
1.204522e-01, 5.064636e+02
1.204953e-01, 5.061025e+02
1.205383e-01, 5.057420e+02
1.205814e-01, 5.053821e+02
1.206245e-01, 5.050226e+02
1.206675e-01, 5.046638e+02
1.207106e-01, 5.043054e+02
1.207536e-01, 5.039476e+02
1.207966e-01, 5.035904e+02
1.208397e-01, 5.032336e+02
1.208827e-01, 5.028775e+02
1.209257e-01, 5.025218e+02
1.209688e-01, 5.021667e+02
1.210118e-01, 5.018121e+02
1.210548e-01, 5.014581e+02
1.210978e-01, 5.011046e+02
1.211408e-01, 5.007515e+02
1.211838e-01, 5.003989e+02
1.212268e-01, 5.000467e+02
1.212698e-01, 4.996949e+02
1.213128e-01, 4.993436e+02
1.213558e-01, 4.989928e+02
1.213988e-01, 4.986425e+02
1.214418e-01, 4.982927e+02
1.214847e-01, 4.979434e+02
1.215277e-01, 4.975946e+02
1.215707e-01, 4.972463e+02
1.216137e-01, 4.968986e+02
1.216566e-01, 4.965514e+02
1.216996e-01, 4.962046e+02
1.217425e-01, 4.958584e+02
1.217855e-01, 4.955127e+02
1.218284e-01, 4.951676e+02
1.218714e-01, 4.948229e+02
1.219143e-01, 4.944787e+02
1.219573e-01, 4.941348e+02
1.220002e-01, 4.937913e+02
1.220431e-01, 4.934481e+02
1.220861e-01, 4.931053e+02
1.221290e-01, 4.927629e+02
1.221720e-01, 4.924209e+02
1.222149e-01, 4.920794e+02
1.222578e-01, 4.917384e+02
1.223007e-01, 4.913978e+02
1.223436e-01, 4.910577e+02
1.223866e-01, 4.907182e+02
1.224295e-01, 4.903791e+02
1.224724e-01, 4.900405e+02
1.225153e-01, 4.897023e+02
1.225582e-01, 4.893647e+02
1.226011e-01, 4.890275e+02
1.226440e-01, 4.886907e+02
1.226869e-01, 4.883540e+02
1.227298e-01, 4.880173e+02
1.227727e-01, 4.876807e+02
1.228156e-01, 4.873440e+02
1.228585e-01, 4.870074e+02
1.229015e-01, 4.866709e+02
1.229444e-01, 4.863347e+02
1.229873e-01, 4.859988e+02
1.230302e-01, 4.856633e+02
1.230731e-01, 4.853281e+02
1.231160e-01, 4.849934e+02
1.231589e-01, 4.846590e+02
1.232018e-01, 4.843252e+02
1.232447e-01, 4.839918e+02
1.232876e-01, 4.836588e+02
1.233305e-01, 4.833264e+02
1.233734e-01, 4.829943e+02
1.234163e-01, 4.826624e+02
1.234592e-01, 4.823306e+02
1.235021e-01, 4.819990e+02
1.235450e-01, 4.816675e+02
1.235879e-01, 4.813361e+02
1.236308e-01, 4.810047e+02
1.236737e-01, 4.806733e+02
1.237166e-01, 4.803422e+02
1.237595e-01, 4.800113e+02
1.238024e-01, 4.796807e+02
1.238453e-01, 4.793504e+02
1.238882e-01, 4.790205e+02
1.239311e-01, 4.786910e+02
1.239740e-01, 4.783619e+02
1.240168e-01, 4.780332e+02
1.240597e-01, 4.777049e+02
1.241026e-01, 4.773771e+02
1.241455e-01, 4.770497e+02
1.241883e-01, 4.767228e+02
1.242312e-01, 4.763963e+02
1.242741e-01, 4.760703e+02
1.243169e-01, 4.757447e+02
1.243598e-01, 4.754196e+02
1.244026e-01, 4.750949e+02
1.244455e-01, 4.747707e+02
1.244883e-01, 4.744470e+02
1.245311e-01, 4.741237e+02
1.245740e-01, 4.738009e+02
1.246168e-01, 4.734786e+02
1.246596e-01, 4.731567e+02
1.247025e-01, 4.728352e+02
1.247453e-01, 4.725143e+02
1.247881e-01, 4.721938e+02
1.248309e-01, 4.718737e+02
1.248737e-01, 4.715542e+02
1.249165e-01, 4.712350e+02
1.249593e-01, 4.709164e+02
1.250021e-01, 4.705981e+02
1.250449e-01, 4.702801e+02
1.250877e-01, 4.699622e+02
1.251305e-01, 4.696444e+02
1.251734e-01, 4.693266e+02
1.252162e-01, 4.690086e+02
1.252590e-01, 4.686906e+02
1.253019e-01, 4.683726e+02
1.253447e-01, 4.680544e+02
1.253876e-01, 4.677362e+02
1.254304e-01, 4.674180e+02
1.254733e-01, 4.671000e+02
1.255161e-01, 4.667821e+02
1.255590e-01, 4.664644e+02
1.256018e-01, 4.661471e+02
1.256447e-01, 4.658301e+02
1.256875e-01, 4.655135e+02
1.257303e-01, 4.651972e+02
1.257732e-01, 4.648814e+02
1.258160e-01, 4.645660e+02
1.258588e-01, 4.642510e+02
1.259017e-01, 4.639363e+02
1.259445e-01, 4.636221e+02
1.259873e-01, 4.633083e+02
1.260302e-01, 4.629949e+02
1.260730e-01, 4.626819e+02
1.261158e-01, 4.623694e+02
1.261586e-01, 4.620573e+02
1.262014e-01, 4.617456e+02
1.262442e-01, 4.614344e+02
1.262870e-01, 4.611237e+02
1.263298e-01, 4.608133e+02
1.263726e-01, 4.605032e+02
1.264154e-01, 4.601933e+02
1.264582e-01, 4.598835e+02
1.265010e-01, 4.595740e+02
1.265438e-01, 4.592648e+02
1.265866e-01, 4.589558e+02
1.266294e-01, 4.586472e+02
1.266722e-01, 4.583389e+02
1.267150e-01, 4.580310e+02
1.267578e-01, 4.577232e+02
1.268006e-01, 4.574155e+02
1.268434e-01, 4.571079e+02
1.268862e-01, 4.568005e+02
1.269290e-01, 4.564933e+02
1.269718e-01, 4.561863e+02
1.270146e-01, 4.558792e+02
1.270575e-01, 4.555721e+02
1.271003e-01, 4.552651e+02
1.271431e-01, 4.549581e+02
1.271859e-01, 4.546513e+02
1.272287e-01, 4.543448e+02
1.272715e-01, 4.540386e+02
1.273144e-01, 4.537327e+02
1.273572e-01, 4.534271e+02
1.274000e-01, 4.531219e+02
1.274428e-01, 4.528171e+02
1.274856e-01, 4.525127e+02
1.275284e-01, 4.522087e+02
1.275712e-01, 4.519051e+02
1.276139e-01, 4.516019e+02
1.276567e-01, 4.512992e+02
1.276995e-01, 4.509968e+02
1.277423e-01, 4.506949e+02
1.277851e-01, 4.503934e+02
1.278278e-01, 4.500924e+02
1.278706e-01, 4.497917e+02
1.279134e-01, 4.494915e+02
1.279561e-01, 4.491917e+02
1.279989e-01, 4.488924e+02
1.280416e-01, 4.485934e+02
1.280844e-01, 4.482949e+02
1.281271e-01, 4.479968e+02
1.281699e-01, 4.476992e+02
1.282126e-01, 4.474019e+02
1.282553e-01, 4.471051e+02
1.282981e-01, 4.468087e+02
1.283408e-01, 4.465127e+02
1.283835e-01, 4.462171e+02
1.284262e-01, 4.459220e+02
1.284689e-01, 4.456272e+02
1.285117e-01, 4.453329e+02
1.285544e-01, 4.450390e+02
1.285971e-01, 4.447456e+02
1.286398e-01, 4.444525e+02
1.286825e-01, 4.441598e+02
1.287252e-01, 4.438673e+02
1.287679e-01, 4.435750e+02
1.288106e-01, 4.432830e+02
1.288533e-01, 4.429912e+02
1.288960e-01, 4.426997e+02
1.289387e-01, 4.424085e+02
1.289814e-01, 4.421177e+02
1.290241e-01, 4.418272e+02
1.290668e-01, 4.415370e+02
1.291095e-01, 4.412473e+02
1.291522e-01, 4.409580e+02
1.291948e-01, 4.406690e+02
1.292375e-01, 4.403804e+02
1.292802e-01, 4.400921e+02
1.293229e-01, 4.398039e+02
1.293656e-01, 4.395158e+02
1.294083e-01, 4.392279e+02
1.294510e-01, 4.389402e+02
1.294936e-01, 4.386528e+02
1.295363e-01, 4.383656e+02
1.295790e-01, 4.380788e+02
1.296217e-01, 4.377923e+02
1.296644e-01, 4.375062e+02
1.297070e-01, 4.372204e+02
1.297497e-01, 4.369350e+02
1.297924e-01, 4.366500e+02
1.298350e-01, 4.363653e+02
1.298777e-01, 4.360810e+02
1.299204e-01, 4.357971e+02
1.299630e-01, 4.355136e+02
1.300057e-01, 4.352305e+02
1.300483e-01, 4.349477e+02
1.300910e-01, 4.346653e+02
1.301336e-01, 4.343833e+02
1.301762e-01, 4.341017e+02
1.302189e-01, 4.338205e+02
1.302615e-01, 4.335397e+02
1.303041e-01, 4.332591e+02
1.303468e-01, 4.329787e+02
1.303894e-01, 4.326984e+02
1.304320e-01, 4.324182e+02
1.304747e-01, 4.321381e+02
1.305173e-01, 4.318582e+02
1.305599e-01, 4.315785e+02
1.306026e-01, 4.312990e+02
1.306452e-01, 4.310195e+02
1.306879e-01, 4.307400e+02
1.307305e-01, 4.304606e+02
1.307732e-01, 4.301813e+02
1.308158e-01, 4.299021e+02
1.308585e-01, 4.296230e+02
1.309011e-01, 4.293442e+02
1.309438e-01, 4.290656e+02
1.309864e-01, 4.287873e+02
1.310291e-01, 4.285093e+02
1.310717e-01, 4.282314e+02
1.311144e-01, 4.279535e+02
1.311570e-01, 4.276756e+02
1.311997e-01, 4.273977e+02
1.312424e-01, 4.271200e+02
1.312850e-01, 4.268424e+02
1.313277e-01, 4.265651e+02
1.313703e-01, 4.262879e+02
1.314130e-01, 4.260111e+02
1.314556e-01, 4.257346e+02
1.314983e-01, 4.254583e+02
1.315409e-01, 4.251824e+02
1.315835e-01, 4.249069e+02
1.316262e-01, 4.246317e+02
1.316688e-01, 4.243568e+02
1.317114e-01, 4.240823e+02
1.317541e-01, 4.238081e+02
1.317967e-01, 4.235343e+02
1.318393e-01, 4.232609e+02
1.318819e-01, 4.229878e+02
1.319245e-01, 4.227151e+02
1.319671e-01, 4.224427e+02
1.320098e-01, 4.221707e+02
1.320524e-01, 4.218991e+02
1.320950e-01, 4.216279e+02
1.321376e-01, 4.213569e+02
1.321802e-01, 4.210862e+02
1.322228e-01, 4.208156e+02
1.322654e-01, 4.205451e+02
1.323080e-01, 4.202748e+02
1.323506e-01, 4.200048e+02
1.323932e-01, 4.197350e+02
1.324358e-01, 4.194655e+02
1.324784e-01, 4.191963e+02
1.325210e-01, 4.189274e+02
1.325636e-01, 4.186588e+02
1.326061e-01, 4.183906e+02
1.326487e-01, 4.181227e+02
1.326913e-01, 4.178551e+02
1.327339e-01, 4.175879e+02
1.327765e-01, 4.173210e+02
1.328190e-01, 4.170545e+02
1.328616e-01, 4.167883e+02
1.329042e-01, 4.165225e+02
1.329467e-01, 4.162570e+02
1.329893e-01, 4.159919e+02
1.330319e-01, 4.157271e+02
1.330744e-01, 4.154627e+02
1.331170e-01, 4.151986e+02
1.331595e-01, 4.149349e+02
1.332021e-01, 4.146715e+02
1.332446e-01, 4.144085e+02
1.332871e-01, 4.141458e+02
1.333297e-01, 4.138835e+02
1.333722e-01, 4.136215e+02
1.334147e-01, 4.133599e+02
1.334572e-01, 4.130986e+02
1.334998e-01, 4.128377e+02
1.335423e-01, 4.125772e+02
1.335848e-01, 4.123169e+02
1.336273e-01, 4.120571e+02
1.336698e-01, 4.117976e+02
1.337123e-01, 4.115384e+02
1.337548e-01, 4.112796e+02
1.337973e-01, 4.110211e+02
1.338398e-01, 4.107629e+02
1.338823e-01, 4.105051e+02
1.339248e-01, 4.102477e+02
1.339673e-01, 4.099906e+02
1.340098e-01, 4.097338e+02
1.340523e-01, 4.094774e+02
1.340947e-01, 4.092214e+02
1.341372e-01, 4.089656e+02
1.341797e-01, 4.087103e+02
1.342221e-01, 4.084552e+02
1.342646e-01, 4.082005e+02
1.343071e-01, 4.079462e+02
1.343495e-01, 4.076921e+02
1.343920e-01, 4.074383e+02
1.344344e-01, 4.071848e+02
1.344769e-01, 4.069316e+02
1.345194e-01, 4.066786e+02
1.345618e-01, 4.064260e+02
1.346043e-01, 4.061737e+02
1.346467e-01, 4.059216e+02
1.346892e-01, 4.056699e+02
1.347316e-01, 4.054185e+02
1.347741e-01, 4.051672e+02
1.348165e-01, 4.049161e+02
1.348590e-01, 4.046652e+02
1.349014e-01, 4.044146e+02
1.349439e-01, 4.041642e+02
1.349863e-01, 4.039139e+02
1.350288e-01, 4.036637e+02
1.350712e-01, 4.034136e+02
1.351137e-01, 4.031636e+02
1.351562e-01, 4.029138e+02
1.351986e-01, 4.026642e+02
1.352411e-01, 4.024149e+02
1.352835e-01, 4.021659e+02
1.353260e-01, 4.019171e+02
1.353684e-01, 4.016686e+02
1.354109e-01, 4.014205e+02
1.354533e-01, 4.011726e+02
1.354957e-01, 4.009251e+02
1.355382e-01, 4.006778e+02
1.355806e-01, 4.004309e+02
1.356231e-01, 4.001843e+02
1.356655e-01, 3.999379e+02
1.357079e-01, 3.996915e+02
1.357504e-01, 3.994452e+02
1.357928e-01, 3.991990e+02
1.358353e-01, 3.989530e+02
1.358777e-01, 3.987071e+02
1.359201e-01, 3.984614e+02
1.359626e-01, 3.982160e+02
1.360050e-01, 3.979708e+02
1.360475e-01, 3.977260e+02
1.360899e-01, 3.974814e+02
1.361323e-01, 3.972371e+02
1.361747e-01, 3.969931e+02
1.362172e-01, 3.967495e+02
1.362596e-01, 3.965061e+02
1.363020e-01, 3.962631e+02
1.363444e-01, 3.960203e+02
1.363868e-01, 3.957779e+02
1.364292e-01, 3.955358e+02
1.364716e-01, 3.952941e+02
1.365140e-01, 3.950526e+02
1.365564e-01, 3.948115e+02
1.365988e-01, 3.945706e+02
1.366412e-01, 3.943301e+02
1.366836e-01, 3.940899e+02
1.367260e-01, 3.938501e+02
1.367684e-01, 3.936105e+02
1.368108e-01, 3.933713e+02
1.368532e-01, 3.931323e+02
1.368955e-01, 3.928937e+02
1.369379e-01, 3.926554e+02
1.369803e-01, 3.924174e+02
1.370227e-01, 3.921798e+02
1.370650e-01, 3.919424e+02
1.371074e-01, 3.917053e+02
1.371497e-01, 3.914686e+02
1.371921e-01, 3.912322e+02
1.372344e-01, 3.909961e+02
1.372768e-01, 3.907603e+02
1.373191e-01, 3.905248e+02
1.373615e-01, 3.902896e+02
1.374038e-01, 3.900547e+02
1.374462e-01, 3.898202e+02
1.374885e-01, 3.895859e+02
1.375308e-01, 3.893519e+02
1.375732e-01, 3.891183e+02
1.376155e-01, 3.888850e+02
1.376578e-01, 3.886519e+02
1.377002e-01, 3.884192e+02
1.377425e-01, 3.881867e+02
1.377848e-01, 3.879543e+02
1.378271e-01, 3.877219e+02
1.378695e-01, 3.874894e+02
1.379118e-01, 3.872569e+02
1.379542e-01, 3.870244e+02
1.379965e-01, 3.867920e+02
1.380389e-01, 3.865597e+02
1.380812e-01, 3.863276e+02
1.381236e-01, 3.860957e+02
1.381659e-01, 3.858638e+02
1.382083e-01, 3.856319e+02
1.382506e-01, 3.854002e+02
1.382930e-01, 3.851686e+02
1.383353e-01, 3.849371e+02
1.383777e-01, 3.847058e+02
1.384200e-01, 3.844748e+02
1.384623e-01, 3.842440e+02
1.385047e-01, 3.840135e+02
1.385470e-01, 3.837831e+02
1.385894e-01, 3.835530e+02
1.386317e-01, 3.833230e+02
1.386741e-01, 3.830933e+02
1.387164e-01, 3.828637e+02
1.387587e-01, 3.826344e+02
1.388011e-01, 3.824053e+02
1.388434e-01, 3.821765e+02
1.388858e-01, 3.819480e+02
1.389281e-01, 3.817197e+02
1.389704e-01, 3.814918e+02
1.390128e-01, 3.812640e+02
1.390551e-01, 3.810364e+02
1.390974e-01, 3.808088e+02
1.391398e-01, 3.805814e+02
1.391821e-01, 3.803540e+02
1.392244e-01, 3.801268e+02
1.392668e-01, 3.798997e+02
1.393091e-01, 3.796729e+02
1.393515e-01, 3.794463e+02
1.393938e-01, 3.792199e+02
1.394361e-01, 3.789938e+02
1.394784e-01, 3.787679e+02
1.395208e-01, 3.785423e+02
1.395631e-01, 3.783169e+02
1.396054e-01, 3.780916e+02
1.396478e-01, 3.778664e+02
1.396901e-01, 3.776411e+02
1.397325e-01, 3.774159e+02
1.397748e-01, 3.771907e+02
1.398171e-01, 3.769656e+02
1.398595e-01, 3.767407e+02
1.399018e-01, 3.765159e+02
1.399442e-01, 3.762914e+02
1.399865e-01, 3.760670e+02
1.400288e-01, 3.758430e+02
1.400712e-01, 3.756190e+02
1.401135e-01, 3.753951e+02
1.401559e-01, 3.751712e+02
1.401982e-01, 3.749474e+02
1.402406e-01, 3.747236e+02
1.402829e-01, 3.744999e+02
1.403253e-01, 3.742763e+02
1.403676e-01, 3.740530e+02
1.404099e-01, 3.738298e+02
1.404523e-01, 3.736069e+02
1.404946e-01, 3.733842e+02
1.405370e-01, 3.731617e+02
1.405793e-01, 3.729395e+02
1.406217e-01, 3.727175e+02
1.406640e-01, 3.724958e+02
1.407063e-01, 3.722743e+02
1.407487e-01, 3.720530e+02
1.407910e-01, 3.718320e+02
1.408333e-01, 3.716112e+02
1.408757e-01, 3.713906e+02
1.409180e-01, 3.711704e+02
1.409603e-01, 3.709504e+02
1.410026e-01, 3.707307e+02
1.410449e-01, 3.705112e+02
1.410873e-01, 3.702920e+02
1.411296e-01, 3.700731e+02
1.411719e-01, 3.698544e+02
1.412142e-01, 3.696360e+02
1.412565e-01, 3.694177e+02
1.412988e-01, 3.691993e+02
1.413412e-01, 3.689811e+02
1.413835e-01, 3.687629e+02
1.414258e-01, 3.685448e+02
1.414681e-01, 3.683269e+02
1.415104e-01, 3.681092e+02
1.415528e-01, 3.678917e+02
1.415951e-01, 3.676744e+02
1.416374e-01, 3.674573e+02
1.416797e-01, 3.672405e+02
1.417220e-01, 3.670240e+02
1.417643e-01, 3.668077e+02
1.418066e-01, 3.665916e+02
1.418489e-01, 3.663759e+02
1.418912e-01, 3.661603e+02
1.419335e-01, 3.659450e+02
1.419758e-01, 3.657298e+02
1.420181e-01, 3.655146e+02
1.420604e-01, 3.652994e+02
1.421027e-01, 3.650842e+02
1.421450e-01, 3.648692e+02
1.421874e-01, 3.646543e+02
1.422297e-01, 3.644395e+02
1.422720e-01, 3.642250e+02
1.423143e-01, 3.640106e+02
1.423566e-01, 3.637965e+02
1.423989e-01, 3.635826e+02
1.424412e-01, 3.633689e+02
1.424835e-01, 3.631555e+02
1.425258e-01, 3.629423e+02
1.425680e-01, 3.627294e+02
1.426103e-01, 3.625168e+02
1.426526e-01, 3.623043e+02
1.426949e-01, 3.620922e+02
1.427372e-01, 3.618803e+02
1.427795e-01, 3.616687e+02
1.428217e-01, 3.614573e+02
1.428640e-01, 3.612462e+02
1.429063e-01, 3.610353e+02
1.429486e-01, 3.608247e+02
1.429908e-01, 3.606143e+02
1.430331e-01, 3.604043e+02
1.430753e-01, 3.601944e+02
1.431176e-01, 3.599848e+02
1.431599e-01, 3.597754e+02
1.432021e-01, 3.595660e+02
1.432444e-01, 3.593568e+02
1.432867e-01, 3.591477e+02
1.433290e-01, 3.589387e+02
1.433712e-01, 3.587299e+02
1.434135e-01, 3.585213e+02
1.434558e-01, 3.583128e+02
1.434980e-01, 3.581047e+02
1.435403e-01, 3.578967e+02
1.435825e-01, 3.576890e+02
1.436248e-01, 3.574815e+02
1.436671e-01, 3.572743e+02
1.437093e-01, 3.570673e+02
1.437516e-01, 3.568605e+02
1.437938e-01, 3.566539e+02
1.438361e-01, 3.564476e+02
1.438783e-01, 3.562415e+02
1.439206e-01, 3.560357e+02
1.439628e-01, 3.558301e+02
1.440050e-01, 3.556248e+02
1.440473e-01, 3.554197e+02
1.440895e-01, 3.552149e+02
1.441318e-01, 3.550103e+02
1.441740e-01, 3.548060e+02
1.442162e-01, 3.546019e+02
1.442584e-01, 3.543981e+02
1.443007e-01, 3.541945e+02
1.443429e-01, 3.539912e+02
1.443851e-01, 3.537881e+02
1.444273e-01, 3.535853e+02
1.444695e-01, 3.533827e+02
1.445118e-01, 3.531804e+02
1.445540e-01, 3.529783e+02
1.445962e-01, 3.527764e+02
1.446384e-01, 3.525748e+02
1.446806e-01, 3.523733e+02
1.447228e-01, 3.521718e+02
1.447650e-01, 3.519703e+02
1.448073e-01, 3.517690e+02
1.448495e-01, 3.515677e+02
1.448917e-01, 3.513665e+02
1.449339e-01, 3.511656e+02
1.449761e-01, 3.509648e+02
1.450184e-01, 3.507642e+02
1.450606e-01, 3.505639e+02
1.451028e-01, 3.503638e+02
1.451450e-01, 3.501638e+02
1.451872e-01, 3.499641e+02
1.452294e-01, 3.497647e+02
1.452716e-01, 3.495655e+02
1.453138e-01, 3.493665e+02
1.453560e-01, 3.491677e+02
1.453982e-01, 3.489692e+02
1.454404e-01, 3.487709e+02
1.454826e-01, 3.485728e+02
1.455248e-01, 3.483749e+02
1.455670e-01, 3.481771e+02
1.456092e-01, 3.479795e+02
1.456514e-01, 3.477821e+02
1.456936e-01, 3.475849e+02
1.457358e-01, 3.473879e+02
1.457779e-01, 3.471911e+02
1.458201e-01, 3.469946e+02
1.458623e-01, 3.467983e+02
1.459045e-01, 3.466022e+02
1.459467e-01, 3.464063e+02
1.459889e-01, 3.462107e+02
1.460310e-01, 3.460153e+02
1.460732e-01, 3.458201e+02
1.461154e-01, 3.456252e+02
1.461575e-01, 3.454305e+02
1.461997e-01, 3.452360e+02
1.462419e-01, 3.450418e+02
1.462840e-01, 3.448478e+02
1.463262e-01, 3.446540e+02
1.463684e-01, 3.444605e+02
1.464105e-01, 3.442672e+02
1.464527e-01, 3.440741e+02
1.464948e-01, 3.438813e+02
1.465370e-01, 3.436887e+02
1.465791e-01, 3.434963e+02
1.466212e-01, 3.433042e+02
1.466634e-01, 3.431122e+02
1.467055e-01, 3.429206e+02
1.467477e-01, 3.427291e+02
1.467898e-01, 3.425379e+02
1.468319e-01, 3.423468e+02
1.468741e-01, 3.421560e+02
1.469162e-01, 3.419653e+02
1.469583e-01, 3.417749e+02
1.470005e-01, 3.415847e+02
1.470426e-01, 3.413947e+02
1.470847e-01, 3.412049e+02
1.471268e-01, 3.410153e+02
1.471690e-01, 3.408260e+02
1.472111e-01, 3.406369e+02
1.472532e-01, 3.404480e+02
1.472953e-01, 3.402594e+02
1.473374e-01, 3.400709e+02
1.473796e-01, 3.398827e+02
1.474217e-01, 3.396946e+02
1.474638e-01, 3.395063e+02
1.475059e-01, 3.393180e+02
1.475481e-01, 3.391295e+02
1.475902e-01, 3.389411e+02
1.476323e-01, 3.387527e+02
1.476745e-01, 3.385644e+02
1.477166e-01, 3.383762e+02
1.477587e-01, 3.381882e+02
1.478009e-01, 3.380003e+02
1.478430e-01, 3.378125e+02
1.478851e-01, 3.376250e+02
1.479272e-01, 3.374376e+02
1.479694e-01, 3.372504e+02
1.480115e-01, 3.370635e+02
1.480536e-01, 3.368767e+02
1.480957e-01, 3.366901e+02
1.481378e-01, 3.365037e+02
1.481799e-01, 3.363176e+02
1.482221e-01, 3.361316e+02
1.482642e-01, 3.359457e+02
1.483063e-01, 3.357598e+02
1.483484e-01, 3.355739e+02
1.483905e-01, 3.353879e+02
1.484327e-01, 3.352021e+02
1.484748e-01, 3.350162e+02
1.485169e-01, 3.348305e+02
1.485590e-01, 3.346450e+02
1.486012e-01, 3.344596e+02
1.486433e-01, 3.342743e+02
1.486854e-01, 3.340893e+02
1.487275e-01, 3.339044e+02
1.487696e-01, 3.337197e+02
1.488117e-01, 3.335352e+02
1.488539e-01, 3.333509e+02
1.488960e-01, 3.331668e+02
1.489381e-01, 3.329829e+02
1.489802e-01, 3.327993e+02
1.490223e-01, 3.326158e+02
1.490644e-01, 3.324326e+02
1.491065e-01, 3.322495e+02
1.491486e-01, 3.320667e+02
1.491907e-01, 3.318841e+02
1.492328e-01, 3.317017e+02
1.492748e-01, 3.315195e+02
1.493169e-01, 3.313375e+02
1.493590e-01, 3.311558e+02
1.494011e-01, 3.309742e+02
1.494432e-01, 3.307929e+02
1.494853e-01, 3.306117e+02
1.495273e-01, 3.304308e+02
1.495694e-01, 3.302501e+02
1.496115e-01, 3.300696e+02
1.496536e-01, 3.298893e+02
1.496956e-01, 3.297090e+02
1.497377e-01, 3.295288e+02
1.497798e-01, 3.293486e+02
1.498219e-01, 3.291685e+02
1.498640e-01, 3.289886e+02
1.499060e-01, 3.288087e+02
1.499481e-01, 3.286291e+02
1.499902e-01, 3.284496e+02
1.500323e-01, 3.282703e+02
1.500743e-01, 3.280912e+02
1.501164e-01, 3.279123e+02
1.501585e-01, 3.277336e+02
1.502006e-01, 3.275551e+02
1.502426e-01, 3.273767e+02
1.502847e-01, 3.271986e+02
1.503267e-01, 3.270207e+02
1.503688e-01, 3.268430e+02
1.504109e-01, 3.266654e+02
1.504529e-01, 3.264881e+02
1.504950e-01, 3.263110e+02
1.505370e-01, 3.261341e+02
1.505791e-01, 3.259574e+02
1.506211e-01, 3.257809e+02
1.506631e-01, 3.256046e+02
1.507052e-01, 3.254285e+02
1.507472e-01, 3.252526e+02
1.507893e-01, 3.250769e+02
1.508313e-01, 3.249013e+02
1.508733e-01, 3.247259e+02
1.509154e-01, 3.245505e+02
1.509574e-01, 3.243751e+02
1.509995e-01, 3.241998e+02
1.510415e-01, 3.240245e+02
1.510836e-01, 3.238494e+02
1.511256e-01, 3.236745e+02
1.511677e-01, 3.234996e+02
1.512097e-01, 3.233250e+02
1.512518e-01, 3.231506e+02
1.512938e-01, 3.229763e+02
1.513358e-01, 3.228022e+02
1.513779e-01, 3.226283e+02
1.514199e-01, 3.224547e+02
1.514619e-01, 3.222812e+02
1.515040e-01, 3.221078e+02
1.515460e-01, 3.219346e+02
1.515881e-01, 3.217615e+02
1.516301e-01, 3.215885e+02
1.516721e-01, 3.214156e+02
1.517142e-01, 3.212428e+02
1.517562e-01, 3.210702e+02
1.517982e-01, 3.208977e+02
1.518403e-01, 3.207254e+02
1.518823e-01, 3.205533e+02
1.519243e-01, 3.203814e+02
1.519664e-01, 3.202097e+02
1.520084e-01, 3.200381e+02
1.520504e-01, 3.198667e+02
1.520924e-01, 3.196956e+02
1.521345e-01, 3.195246e+02
1.521765e-01, 3.193538e+02
1.522185e-01, 3.191831e+02
1.522605e-01, 3.190125e+02
1.523026e-01, 3.188421e+02
1.523446e-01, 3.186719e+02
1.523866e-01, 3.185019e+02
1.524286e-01, 3.183320e+02
1.524706e-01, 3.181623e+02
1.525127e-01, 3.179928e+02
1.525547e-01, 3.178234e+02
1.525967e-01, 3.176543e+02
1.526387e-01, 3.174853e+02
1.526807e-01, 3.173165e+02
1.527227e-01, 3.171480e+02
1.527647e-01, 3.169795e+02
1.528067e-01, 3.168111e+02
1.528488e-01, 3.166427e+02
1.528908e-01, 3.164743e+02
1.529328e-01, 3.163060e+02
1.529748e-01, 3.161377e+02
1.530168e-01, 3.159694e+02
1.530589e-01, 3.158013e+02
1.531009e-01, 3.156333e+02
1.531429e-01, 3.154655e+02
1.531849e-01, 3.152978e+02
1.532269e-01, 3.151303e+02
1.532689e-01, 3.149630e+02
1.533110e-01, 3.147958e+02
1.533530e-01, 3.146289e+02
1.533950e-01, 3.144621e+02
1.534370e-01, 3.142955e+02
1.534790e-01, 3.141291e+02
1.535210e-01, 3.139628e+02
1.535630e-01, 3.137968e+02
1.536050e-01, 3.136309e+02
1.536470e-01, 3.134652e+02
1.536890e-01, 3.132997e+02
1.537310e-01, 3.131344e+02
1.537730e-01, 3.129693e+02
1.538150e-01, 3.128043e+02
1.538569e-01, 3.126396e+02
1.538989e-01, 3.124750e+02
1.539409e-01, 3.123106e+02
1.539829e-01, 3.121464e+02
1.540249e-01, 3.119824e+02
1.540668e-01, 3.118186e+02
1.541088e-01, 3.116549e+02
1.541508e-01, 3.114914e+02
1.541928e-01, 3.113281e+02
1.542347e-01, 3.111649e+02
1.542767e-01, 3.110018e+02
1.543187e-01, 3.108388e+02
1.543607e-01, 3.106758e+02
1.544027e-01, 3.105130e+02
1.544447e-01, 3.103503e+02
1.544866e-01, 3.101878e+02
1.545286e-01, 3.100254e+02
1.545706e-01, 3.098632e+02
1.546126e-01, 3.097011e+02
1.546545e-01, 3.095393e+02
1.546965e-01, 3.093776e+02
1.547385e-01, 3.092160e+02
1.547804e-01, 3.090547e+02
1.548224e-01, 3.088936e+02
1.548644e-01, 3.087326e+02
1.549063e-01, 3.085718e+02
1.549483e-01, 3.084112e+02
1.549902e-01, 3.082507e+02
1.550322e-01, 3.080905e+02
1.550742e-01, 3.079304e+02
1.551161e-01, 3.077705e+02
1.551581e-01, 3.076108e+02
1.552000e-01, 3.074512e+02
1.552420e-01, 3.072918e+02
1.552839e-01, 3.071327e+02
1.553258e-01, 3.069736e+02
1.553678e-01, 3.068148e+02
1.554097e-01, 3.066561e+02
1.554517e-01, 3.064977e+02
1.554936e-01, 3.063393e+02
1.555355e-01, 3.061812e+02
1.555775e-01, 3.060232e+02
1.556194e-01, 3.058655e+02
1.556613e-01, 3.057079e+02
1.557033e-01, 3.055504e+02
1.557452e-01, 3.053932e+02
1.557871e-01, 3.052361e+02
1.558290e-01, 3.050792e+02
1.558709e-01, 3.049224e+02
1.559129e-01, 3.047658e+02
1.559548e-01, 3.046094e+02
1.559967e-01, 3.044532e+02
1.560386e-01, 3.042972e+02
1.560805e-01, 3.041413e+02
1.561224e-01, 3.039856e+02
1.561643e-01, 3.038301e+02
