step,displacement_mm,cmod_mm,external_work_Nmm,elastic_energy_Nmm,damage_dissipation_Nmm,energy_balance_error_Nmm
1,2.500000000e-05,1.150142399e-05,6.029837195e-05,6.029837195e-05,0.000000000e+00,5.464921050e-16
2,5.000000000e-05,2.300284798e-05,2.411934878e-04,2.411934878e-04,0.000000000e+00,2.135878280e-15
3,7.500000000e-05,3.450427197e-05,5.426853475e-04,5.426853475e-04,0.000000000e+00,4.732976164e-15
4,1.000000000e-04,4.600569597e-05,9.647739512e-04,9.647739512e-04,0.000000000e+00,8.467618967e-15
5,1.250000000e-04,5.750711996e-05,1.507459299e-03,1.507459299e-03,0.000000000e+00,1.348660766e-14
6,1.500000000e-04,6.900854395e-05,2.170741390e-03,2.170741390e-03,0.000000000e+00,1.955597143e-14
7,1.750000000e-04,8.050996794e-05,2.954620226e-03,2.954620225e-03,0.000000000e+00,2.644802780e-14
8,2.000000000e-04,9.201139193e-05,3.859095805e-03,3.859095805e-03,0.000000000e+00,3.422696154e-14
9,2.250000000e-04,1.035128159e-04,4.884168128e-03,4.884168128e-03,0.000000000e+00,4.333165771e-14
10,2.500000000e-04,1.150142399e-04,6.029837195e-03,6.029837195e-03,0.000000000e+00,5.359775124e-14
11,2.750000000e-04,1.265156639e-04,7.296103006e-03,7.296103006e-03,0.000000000e+00,6.487865800e-14
12,3.000000000e-04,1.380170879e-04,8.682965561e-03,8.682965561e-03,0.000000000e+00,7.721080719e-14
13,3.250000000e-04,1.495185119e-04,1.019042486e-02,1.019042486e-02,0.000000000e+00,9.028541803e-14
14,3.500000000e-04,1.610199359e-04,1.181848090e-02,1.181848090e-02,0.000000000e+00,1.045361714e-13
15,3.750000000e-04,1.725213599e-04,1.356713369e-02,1.356713369e-02,0.000000000e+00,1.202805217e-13
16,4.000000000e-04,1.840227839e-04,1.543638322e-02,1.543638322e-02,0.000000000e+00,1.371402991e-13
17,4.250000000e-04,1.955242079e-04,1.742622949e-02,1.742622949e-02,0.000000000e+00,1.547893758e-13
18,4.500000000e-04,2.070256318e-04,1.953667251e-02,1.953667251e-02,0.000000000e+00,1.738748034e-13
19,4.750000000e-04,2.185270558e-04,2.176771227e-02,2.176771227e-02,0.000000000e+00,1.936159566e-13
20,5.000000000e-04,2.300284798e-04,2.411934878e-02,2.411934878e-02,0.000000000e+00,2.139607935e-13
21,5.250000000e-04,2.415299038e-04,2.659158203e-02,2.659158203e-02,0.000000000e+00,2.355997342e-13
22,5.500000000e-04,2.530313278e-04,2.918441202e-02,2.918441202e-02,0.000000000e+00,2.586021675e-13
23,5.750000000e-04,2.645327518e-04,3.189783876e-02,3.189783876e-02,0.000000000e+00,2.833427937e-13
24,6.000000000e-04,2.760341758e-04,3.473186224e-02,3.473186224e-02,0.000000000e+00,3.093497680e-13
25,6.250000000e-04,2.875355998e-04,3.768648247e-02,3.768648247e-02,0.000000000e+00,3.353012312e-13
26,6.500000000e-04,2.990370238e-04,4.076169944e-02,4.076169944e-02,0.000000000e+00,3.619674005e-13
27,6.750000000e-04,3.105384478e-04,4.395751315e-02,4.395751315e-02,0.000000000e+00,3.899380818e-13
28,7.000000000e-04,3.220398718e-04,4.727392361e-02,4.727392361e-02,0.000000000e+00,4.196018533e-13
29,7.250000000e-04,3.335412957e-04,5.071093081e-02,5.071093081e-02,0.000000000e+00,4.508476925e-13
30,7.500000000e-04,3.450427197e-04,5.426853475e-02,5.426853475e-02,0.000000000e+00,4.826486433e-13
31,7.750000000e-04,3.565441437e-04,5.794673544e-02,5.794673544e-02,0.000000000e+00,5.163230954e-13
32,8.000000000e-04,3.680455677e-04,6.174553288e-02,6.174553288e-02,0.000000000e+00,5.518988044e-13
33,8.250000000e-04,3.795469917e-04,6.566492705e-02,6.566492705e-02,0.000000000e+00,5.880990139e-13
34,8.500000000e-04,3.910484157e-04,6.970491797e-02,6.970491797e-02,0.000000000e+00,6.243894290e-13
35,8.750000000e-04,4.025498397e-04,7.386550564e-02,7.386550564e-02,0.000000000e+00,6.615541448e-13
36,9.000000000e-04,4.140512637e-04,7.814669005e-02,7.814669005e-02,0.000000000e+00,7.000927615e-13
37,9.250000000e-04,4.255526877e-04,8.254847120e-02,8.254847120e-02,0.000000000e+00,7.396860902e-13
38,9.500000000e-04,4.370541117e-04,8.707084909e-02,8.707084909e-02,0.000000000e+00,7.799316748e-13
39,9.750000000e-04,4.485555357e-04,9.171382373e-02,9.171382373e-02,0.000000000e+00,8.205658375e-13
40,1.000000000e-03,4.600569597e-04,9.647739512e-02,9.647739512e-02,0.000000000e+00,8.632816684e-13
41,1.025000000e-03,4.715583836e-04,1.013615632e-01,1.013615632e-01,0.000000000e+00,9.081208008e-13
42,1.050000000e-03,4.830598076e-04,1.063663281e-01,1.063663281e-01,0.000000000e+00,9.533068779e-13
43,1.075000000e-03,4.945612316e-04,1.114916897e-01,1.114916897e-01,0.000000000e+00,9.984790772e-13
44,1.100000000e-03,5.060626556e-04,1.167376481e-01,1.167376481e-01,0.000000000e+00,1.045358244e-12
45,1.125000000e-03,5.175640796e-04,1.221042032e-01,1.221042032e-01,0.000000000e+00,1.093639068e-12
46,1.150000000e-03,5.290655036e-04,1.275913550e-01,1.275913550e-01,0.000000000e+00,1.142641537e-12
47,1.175000000e-03,5.405669276e-04,1.331991036e-01,1.331991036e-01,0.000000000e+00,1.192962396e-12
48,1.200000000e-03,5.520683516e-04,1.389274490e-01,1.389274490e-01,0.000000000e+00,1.244587766e-12
49,1.225000000e-03,5.635697756e-04,1.447763911e-01,1.447763910e-01,0.000000000e+00,1.296712737e-12
50,1.250000000e-03,5.750711996e-04,1.507459299e-01,1.507459299e-01,0.000000000e+00,1.350003442e-12
51,1.275000000e-03,5.865726236e-04,1.568360654e-01,1.568360654e-01,0.000000000e+00,1.404459882e-12
52,1.300000000e-03,5.980740475e-04,1.630467978e-01,1.630467977e-01,0.000000000e+00,1.459055099e-12
53,1.325000000e-03,6.095754715e-04,1.693781268e-01,1.693781268e-01,0.000000000e+00,1.515398917e-12
54,1.350000000e-03,6.210768955e-04,1.758300526e-01,1.758300526e-01,0.000000000e+00,1.571937025e-12
55,1.375000000e-03,6.325783195e-04,1.824025751e-01,1.824025751e-01,0.000000000e+00,1.629918422e-12
56,1.400000000e-03,6.440797435e-04,1.890956944e-01,1.890956944e-01,0.000000000e+00,1.692368468e-12
57,1.425000000e-03,6.555811675e-04,1.959094105e-01,1.959094105e-01,0.000000000e+00,1.754485446e-12
58,1.450000000e-03,6.670825915e-04,2.028437232e-01,2.028437232e-01,0.000000000e+00,1.816852224e-12
59,1.475000000e-03,6.785840155e-04,2.098986328e-01,2.098986328e-01,0.000000000e+00,1.879940648e-12
60,1.500000000e-03,6.900854395e-04,2.170741390e-01,2.170741390e-01,0.000000000e+00,1.943806227e-12
61,1.525000000e-03,7.015868635e-04,2.243702420e-01,2.243702420e-01,0.000000000e+00,2.008587741e-12
62,1.550000000e-03,7.130882875e-04,2.317869418e-01,2.317869418e-01,0.000000000e+00,2.072231275e-12
63,1.575000000e-03,7.245897115e-04,2.393242383e-01,2.393242383e-01,0.000000000e+00,2.137540145e-12
64,1.600000000e-03,7.360911354e-04,2.469821315e-01,2.469821315e-01,0.000000000e+00,2.204264549e-12
65,1.625000000e-03,7.475925594e-04,2.547606215e-01,2.547606215e-01,0.000000000e+00,2.273570221e-12
66,1.650000000e-03,7.590939834e-04,2.626597082e-01,2.626597082e-01,0.000000000e+00,2.343347738e-12
67,1.675000000e-03,7.705954074e-04,2.706793917e-01,2.706793917e-01,0.000000000e+00,2.413624856e-12
68,1.700000000e-03,7.820968314e-04,2.788196719e-01,2.788196719e-01,0.000000000e+00,2.484956685e-12
69,1.725000000e-03,7.935982554e-04,2.870805489e-01,2.870805488e-01,0.000000000e+00,2.559619183e-12
70,1.750000000e-03,8.050996794e-04,2.954620226e-01,2.954620225e-01,0.000000000e+00,2.634226171e-12
71,1.775000000e-03,8.166011034e-04,3.039640930e-01,3.039640930e-01,0.000000000e+00,2.708500091e-12
72,1.800000000e-03,8.281025274e-04,3.125867602e-01,3.125867602e-01,0.000000000e+00,2.784938946e-12
73,1.825000000e-03,8.396039514e-04,3.213300241e-01,3.213300241e-01,0.000000000e+00,2.863820292e-12
74,1.850000000e-03,8.511053754e-04,3.301938848e-01,3.301938848e-01,0.000000000e+00,2.944755551e-12
75,1.875000000e-03,8.626067993e-04,3.391783422e-01,3.391783422e-01,0.000000000e+00,3.025690809e-12
76,1.900000000e-03,8.741082233e-04,3.482833964e-01,3.482833964e-01,0.000000000e+00,3.105016244e-12
77,1.925000000e-03,8.856096473e-04,3.575090473e-01,3.575090473e-01,0.000000000e+00,3.184785768e-12
78,1.950000000e-03,8.971110713e-04,3.668552949e-01,3.668552949e-01,0.000000000e+00,3.265387960e-12
79,1.975000000e-03,9.086124953e-04,3.763221393e-01,3.763221393e-01,0.000000000e+00,3.350097977e-12
80,2.000000000e-03,9.201139193e-04,3.859095805e-01,3.859095805e-01,0.000000000e+00,3.437139462e-12
81,2.025000000e-03,9.316153433e-04,3.956176184e-01,3.956176184e-01,0.000000000e+00,3.523237257e-12
82,2.050000000e-03,9.431167673e-04,4.054462530e-01,4.054462530e-01,0.000000000e+00,3.610778343e-12
83,2.075000000e-03,9.546181913e-04,4.153954844e-01,4.153954844e-01,0.000000000e+00,3.696987161e-12
84,2.100000000e-03,9.661196153e-04,4.254653125e-01,4.254653125e-01,0.000000000e+00,3.786082559e-12
85,2.125000000e-03,9.776210393e-04,4.356557373e-01,4.356557373e-01,0.000000000e+00,3.876288179e-12
86,2.150000000e-03,9.891224633e-04,4.459667589e-01,4.459667589e-01,0.000000000e+00,3.971323270e-12
87,2.175000000e-03,1.000623887e-03,4.563983773e-01,4.563983773e-01,0.000000000e+00,4.065248138e-12
88,2.200000000e-03,1.012125311e-03,4.669505924e-01,4.669505924e-01,0.000000000e+00,4.156675004e-12
89,2.225000000e-03,1.023626735e-03,4.776234042e-01,4.776234042e-01,0.000000000e+00,4.251654584e-12
90,2.250000000e-03,1.035128159e-03,4.884168128e-01,4.884168128e-01,0.000000000e+00,4.346412119e-12
91,2.275000000e-03,1.046629583e-03,4.993308181e-01,4.993308181e-01,0.000000000e+00,4.443112545e-12
92,2.300000000e-03,1.058131007e-03,5.103654202e-01,5.103654202e-01,0.000000000e+00,4.542366483e-12
93,2.325000000e-03,1.069632431e-03,5.215206190e-01,5.215206190e-01,0.000000000e+00,4.642286555e-12
94,2.350000000e-03,1.081133855e-03,5.327964145e-01,5.327964145e-01,0.000000000e+00,4.741429471e-12
95,2.375000000e-03,1.092635279e-03,5.441928068e-01,5.441928068e-01,0.000000000e+00,4.844458168e-12
96,2.400000000e-03,1.104136703e-03,5.557097959e-01,5.557097959e-01,0.000000000e+00,4.950706511e-12
97,2.425000000e-03,1.115638127e-03,5.673473817e-01,5.673473817e-01,0.000000000e+00,5.055178498e-12
98,2.450000000e-03,1.127139551e-03,5.791055642e-01,5.791055642e-01,0.000000000e+00,5.158318217e-12
99,2.475000000e-03,1.138640975e-03,5.909843435e-01,5.909843435e-01,0.000000000e+00,5.265343717e-12
100,2.500000000e-03,1.150142399e-03,6.029837195e-01,6.029837195e-01,0.000000000e+00,5.372369216e-12
101,2.525000000e-03,1.161643823e-03,6.151036923e-01,6.151036922e-01,0.000000000e+00,5.481837206e-12
102,2.550000000e-03,1.173145247e-03,6.273442618e-01,6.273442618e-01,0.000000000e+00,5.591305197e-12
103,2.575000000e-03,1.184646671e-03,6.397054280e-01,6.397054280e-01,0.000000000e+00,5.699551942e-12
104,2.600000000e-03,1.196148095e-03,6.521871910e-01,6.521871910e-01,0.000000000e+00,5.806022330e-12
105,2.625000000e-03,1.207649519e-03,6.647895507e-01,6.647895507e-01,0.000000000e+00,5.915268275e-12
106,2.650000000e-03,1.219150943e-03,6.775125072e-01,6.775125072e-01,0.000000000e+00,6.027733868e-12
107,2.675000000e-03,1.230652367e-03,6.903560604e-01,6.903560604e-01,0.000000000e+00,6.144085241e-12
108,2.700000000e-03,1.242153791e-03,7.033202104e-01,7.033202104e-01,0.000000000e+00,6.260325591e-12
109,2.725000000e-03,1.253655215e-03,7.164049571e-01,7.164049571e-01,0.000000000e+00,6.382450124e-12
110,2.750000000e-03,1.265156639e-03,7.296103006e-01,7.296103006e-01,0.000000000e+00,6.499023542e-12
111,2.775000000e-03,1.276658063e-03,7.429362408e-01,7.429362408e-01,0.000000000e+00,6.616041048e-12
112,2.800000000e-03,1.288159487e-03,7.563827777e-01,7.563827777e-01,0.000000000e+00,6.734390823e-12
113,2.825000000e-03,1.299660911e-03,7.699499114e-01,7.699499114e-01,0.000000000e+00,6.853739798e-12
114,2.850000000e-03,1.311162335e-03,7.836376419e-01,7.836376418e-01,0.000000000e+00,6.976752509e-12
115,2.875000000e-03,1.322663759e-03,7.974459690e-01,7.974459690e-01,0.000000000e+00,7.096656596e-12
116,2.900000000e-03,1.334165183e-03,8.113748929e-01,8.113748929e-01,0.000000000e+00,7.222111797e-12
117,2.925000000e-03,1.345666607e-03,8.254244136e-01,8.254244136e-01,0.000000000e+00,7.342015884e-12
118,2.950000000e-03,1.357168031e-03,8.395945310e-01,8.395945310e-01,0.000000000e+00,7.471023800e-12
119,2.975000000e-03,1.368669455e-03,8.538852452e-01,8.538852452e-01,0.000000000e+00,7.597478202e-12
120,3.000000000e-03,1.380170879e-03,8.682965561e-01,8.682965561e-01,0.000000000e+00,7.725819984e-12
121,3.025000000e-03,1.391672303e-03,8.828284637e-01,8.828284637e-01,0.000000000e+00,7.854161765e-12
122,3.050000000e-03,1.403173727e-03,8.974809681e-01,8.974809681e-01,0.000000000e+00,7.985501149e-12
123,3.075000000e-03,1.414675151e-03,9.122540692e-01,9.122540692e-01,0.000000000e+00,8.113398842e-12
124,3.100000000e-03,1.426176575e-03,9.271477671e-01,9.271477671e-01,0.000000000e+00,8.245737426e-12
125,3.125000000e-03,1.437677999e-03,9.421620617e-01,9.421620617e-01,0.000000000e+00,8.381295658e-12
126,3.150000000e-03,1.449179423e-03,9.572969531e-01,9.572969531e-01,0.000000000e+00,8.516187755e-12
127,3.175000000e-03,1.460680847e-03,9.725524412e-01,9.725524412e-01,0.000000000e+00,8.654743588e-12
128,3.200000000e-03,1.472182271e-03,9.879285260e-01,9.879285260e-01,0.000000000e+00,8.789524664e-12
129,3.225000000e-03,1.483683695e-03,1.003425208e+00,1.003425208e+00,0.000000000e+00,8.926859252e-12
130,3.250000000e-03,1.495185119e-03,1.019042486e+00,1.019042486e+00,0.000000000e+00,9.067857576e-12
131,3.275000000e-03,1.506686543e-03,1.034780361e+00,1.034780361e+00,0.000000000e+00,9.206191365e-12
132,3.300000000e-03,1.518187967e-03,1.050638833e+00,1.050638833e+00,0.000000000e+00,9.344969243e-12
133,3.325000000e-03,1.529689391e-03,1.066617901e+00,1.066617901e+00,0.000000000e+00,9.487077790e-12
134,3.350000000e-03,1.541190815e-03,1.082717567e+00,1.082717567e+00,0.000000000e+00,9.630296560e-12
135,3.375000000e-03,1.552692239e-03,1.098937829e+00,1.098937829e+00,0.000000000e+00,9.775291687e-12
136,3.400000000e-03,1.564193663e-03,1.115278688e+00,1.115278688e+00,0.000000000e+00,9.916956145e-12
137,3.425000000e-03,1.575695087e-03,1.131740143e+00,1.131740143e+00,0.000000000e+00,1.006417172e-11
138,3.450000000e-03,1.587196511e-03,1.148322195e+00,1.148322195e+00,0.000000000e+00,1.021138729e-11
139,3.475000000e-03,1.598697935e-03,1.165024844e+00,1.165024844e+00,0.000000000e+00,1.035749264e-11
140,3.500000000e-03,1.610199359e-03,1.181848090e+00,1.181848090e+00,0.000000000e+00,1.050537435e-11
141,3.525000000e-03,1.621700783e-03,1.198791933e+00,1.198791933e+00,0.000000000e+00,1.065836308e-11
142,3.550000000e-03,1.633202207e-03,1.215856372e+00,1.215856372e+00,0.000000000e+00,1.081601475e-11
143,3.575000000e-03,1.644703631e-03,1.233041408e+00,1.233041408e+00,0.000000000e+00,1.096900348e-11
144,3.600000000e-03,1.656205055e-03,1.250347041e+00,1.250347041e+00,0.000000000e+00,1.111999381e-11
145,3.625000000e-03,1.667706479e-03,1.267773270e+00,1.267770732e+00,2.538510933e-06,1.127761704e-11
146,3.650000000e-03,1.679216949e-03,1.285320079e+00,1.285282881e+00,3.717820284e-05,1.931211190e-08
147,3.675000000e-03,1.690841452e-03,1.302987227e+00,1.302894406e+00,9.241562715e-05,4.053720551e-07
148,3.700000000e-03,1.702539025e-03,1.320774348e+00,1.320612764e+00,1.604328385e-04,1.151515699e-06
149,3.725000000e-03,1.714281722e-03,1.338681214e+00,1.338442672e+00,2.363800112e-04,2.161687322e-06
150,3.750000000e-03,1.726052211e-03,1.356707680e+00,1.356387106e+00,3.172299002e-04,3.343674643e-06
151,3.775000000e-03,1.737839710e-03,1.374853659e+00,1.374447939e+00,4.010915138e-04,4.628203329e-06
152,3.800000000e-03,1.749637521e-03,1.393119098e+00,1.392626343e+00,4.867868200e-04,5.968159891e-06
153,3.825000000e-03,1.761441499e-03,1.411503964e+00,1.410923045e+00,5.735855229e-04,7.333203320e-06
154,3.850000000e-03,1.773249094e-03,1.430008237e+00,1.429338495e+00,6.610377547e-04,8.704498539e-06
155,3.875000000e-03,1.785058748e-03,1.448631906e+00,1.447872967e+00,7.488684437e-04,1.007070327e-05
156,3.900000000e-03,1.796869520e-03,1.467374965e+00,1.466526629e+00,8.369108066e-04,1.142520003e-05
157,3.925000000e-03,1.808680845e-03,1.486237409e+00,1.485299580e+00,9.250646837e-04,1.276428429e-05
158,3.950000000e-03,1.820492386e-03,1.505219238e+00,1.504191881e+00,1.013270600e-03,1.408601546e-05
159,3.975000000e-03,1.832303951e-03,1.524320449e+00,1.523203566e+00,1.101493728e-03,1.538950382e-05
160,4.000000000e-03,1.844115426e-03,1.543541044e+00,1.542334655e+00,1.189714053e-03,1.667447491e-05
161,4.025000000e-03,1.855926751e-03,1.562881021e+00,1.561585160e+00,1.277920374e-03,1.794100695e-05
162,4.050000000e-03,1.867737893e-03,1.582340382e+00,1.580955086e+00,1.366106694e-03,1.918937431e-05
163,4.075000000e-03,1.879548838e-03,1.601919127e+00,1.600444437e+00,1.454270040e-03,2.041995536e-05
164,4.100000000e-03,1.891359581e-03,1.621617256e+00,1.620053214e+00,1.542409183e-03,2.163317884e-05
165,4.125000000e-03,1.903170121e-03,1.641434770e+00,1.639781416e+00,1.630523872e-03,2.282949312e-05
166,4.150000000e-03,1.914980462e-03,1.661371669e+00,1.659629045e+00,1.718614393e-03,2.400934900e-05
167,4.175000000e-03,1.926790609e-03,1.681427954e+00,1.679596100e+00,1.806681312e-03,2.517319021e-05
168,4.200000000e-03,1.938600567e-03,1.701603625e+00,1.699682579e+00,1.894725332e-03,2.632144854e-05
169,4.225000000e-03,1.950410342e-03,1.721898683e+00,1.719888482e+00,1.982747207e-03,2.745454154e-05
170,4.250000000e-03,1.962219940e-03,1.742313129e+00,1.740213808e+00,2.070747698e-03,2.857287157e-05
171,4.275000000e-03,1.974029367e-03,1.762846961e+00,1.760658557e+00,2.158727550e-03,2.967682576e-05
172,4.300000000e-03,1.985838628e-03,1.783500182e+00,1.781222728e+00,2.246687482e-03,3.076677628e-05
173,4.325000000e-03,1.997647729e-03,1.804272792e+00,1.801906320e+00,2.334628177e-03,3.184308089e-05
174,4.350000000e-03,2.009456674e-03,1.825164790e+00,1.822709333e+00,2.422550284e-03,3.290608355e-05
175,4.375000000e-03,2.021265469e-03,1.846176177e+00,1.843631766e+00,2.510454419e-03,3.395611507e-05
176,4.400000000e-03,2.033074117e-03,1.867306954e+00,1.864673619e+00,2.598341162e-03,3.499349376e-05
177,4.425000000e-03,2.044882624e-03,1.888557120e+00,1.885834891e+00,2.686211063e-03,3.601852605e-05
178,4.450000000e-03,2.056690994e-03,1.909926677e+00,1.907115581e+00,2.774064642e-03,3.703150706e-05
179,4.475000000e-03,2.068499230e-03,1.931415625e+00,1.928515690e+00,2.861902391e-03,3.803272119e-05
180,4.500000000e-03,2.080307336e-03,1.953023963e+00,1.950035216e+00,2.949724777e-03,3.902244261e-05
181,4.525000000e-03,2.092115317e-03,1.974751692e+00,1.971674159e+00,3.037532241e-03,4.000093581e-05
182,4.550000000e-03,2.103923174e-03,1.996598813e+00,1.993432520e+00,3.125325202e-03,4.096845603e-05
183,4.575000000e-03,2.115730913e-03,2.018565326e+00,2.015310297e+00,3.213104058e-03,4.192524969e-05
184,4.600000000e-03,2.127538536e-03,2.040651230e+00,2.037307490e+00,3.300869188e-03,4.287155482e-05
185,4.625000000e-03,2.139346046e-03,2.062856527e+00,2.059424099e+00,3.388620951e-03,4.380760146e-05
186,4.650000000e-03,2.151153446e-03,2.085181216e+00,2.081660123e+00,3.476359689e-03,4.473361200e-05
187,4.675000000e-03,2.162960740e-03,2.107625299e+00,2.104015563e+00,3.564085729e-03,4.564980151e-05
188,4.700000000e-03,2.174767928e-03,2.130188774e+00,2.126490418e+00,3.651799381e-03,4.655637813e-05
189,4.725000000e-03,2.186575016e-03,2.152871642e+00,2.149084687e+00,3.739500942e-03,4.745354330e-05
190,4.750000000e-03,2.198382004e-03,2.175673904e+00,2.171798371e+00,3.827190696e-03,4.834149208e-05
191,4.775000000e-03,2.210188895e-03,2.198595559e+00,2.194631470e+00,3.914868912e-03,4.922041345e-05
192,4.800000000e-03,2.221995692e-03,2.221636608e+00,2.217583982e+00,4.002535849e-03,5.009049049e-05
193,4.825000000e-03,2.233802397e-03,2.244797052e+00,2.240655908e+00,4.090191756e-03,5.095190075e-05
194,4.850000000e-03,2.245609012e-03,2.268076890e+00,2.263847248e+00,4.177836869e-03,5.180481631e-05
195,4.875000000e-03,2.257415539e-03,2.291476122e+00,2.287158001e+00,4.265471416e-03,5.264940421e-05
196,4.900000000e-03,2.269221980e-03,2.314994749e+00,2.310588167e+00,4.353095614e-03,5.348582644e-05
197,4.925000000e-03,2.281028337e-03,2.338632771e+00,2.334137747e+00,4.440709673e-03,5.431424030e-05
198,4.950000000e-03,2.292834613e-03,2.362390188e+00,2.357786472e+00,4.548580805e-03,5.513479852e-05
199,4.975000000e-03,2.304700286e-03,2.386266897e+00,2.381537734e+00,4.672986844e-03,5.617568308e-05
200,5.000000000e-03,2.316612312e-03,2.410262709e+00,2.405397571e+00,4.807691267e-03,5.744705063e-05
201,5.025000000e-03,2.328552398e-03,2.434377490e+00,2.429370180e+00,4.948442078e-03,5.886801561e-05
202,5.050000000e-03,2.340508735e-03,2.458611155e+00,2.453458140e+00,5.092642882e-03,6.037265461e-05
203,5.075000000e-03,2.352474285e-03,2.482963657e+00,2.477662956e+00,5.238783570e-03,6.191840500e-05
204,5.100000000e-03,2.364445013e-03,2.507434970e+00,2.501985482e+00,5.386007711e-03,6.348006892e-05
205,5.125000000e-03,2.376418651e-03,2.532025078e+00,2.526426198e+00,5.533836790e-03,6.504340223e-05
206,5.150000000e-03,2.388393941e-03,2.556733972e+00,2.550985366e+00,5.682006148e-03,6.660060376e-05
207,5.175000000e-03,2.400370189e-03,2.581561650e+00,2.575663132e+00,5.830370576e-03,6.814752674e-05
208,5.200000000e-03,2.412347017e-03,2.606508107e+00,2.600459574e+00,5.978850988e-03,6.968205339e-05
209,5.225000000e-03,2.424324220e-03,2.631573343e+00,2.625374735e+00,6.127404637e-03,7.120317594e-05
210,5.250000000e-03,2.436301688e-03,2.656757356e+00,2.650408637e+00,6.276008628e-03,7.271048671e-05
211,5.275000000e-03,2.448279361e-03,2.682060147e+00,2.675561292e+00,6.424650841e-03,7.420389819e-05
212,5.300000000e-03,2.460257207e-03,2.707481715e+00,2.700832706e+00,6.573324972e-03,7.568349108e-05
213,5.325000000e-03,2.472235210e-03,2.733022060e+00,2.726222882e+00,6.722027831e-03,7.714943209e-05
214,5.350000000e-03,2.484213360e-03,2.758681181e+00,2.751723382e+00,6.879197639e-03,7.860193004e-05
215,5.375000000e-03,2.496211695e-03,2.784459039e+00,2.777316338e+00,7.062544161e-03,8.015694527e-05
216,5.400000000e-03,2.508273062e-03,2.810355470e+00,2.803007176e+00,7.266154699e-03,8.213901248e-05
217,5.425000000e-03,2.520385184e-03,2.836370255e+00,2.828800764e+00,7.484995792e-03,8.449524711e-05
218,5.450000000e-03,2.532535308e-03,2.862503226e+00,2.854701281e+00,7.714809906e-03,8.713472507e-05
219,5.475000000e-03,2.544712629e-03,2.888754260e+00,2.880711924e+00,7.952364455e-03,8.997172543e-05
220,5.500000000e-03,2.556909027e-03,2.915123271e+00,2.906834987e+00,8.195345749e-03,9.293836820e-05
221,5.525000000e-03,2.569118734e-03,2.941610198e+00,2.933072067e+00,8.442146613e-03,9.598499321e-05
222,5.550000000e-03,2.581337771e-03,2.968214998e+00,2.959424253e+00,8.691668044e-03,9.907678362e-05
223,5.575000000e-03,2.593563428e-03,2.994937641e+00,2.985892286e+00,8.943165032e-03,1.021899534e-04
224,5.600000000e-03,2.605793877e-03,3.021778106e+00,3.012476663e+00,9.196135043e-03,1.053085405e-04
225,5.625000000e-03,2.618027889e-03,3.048736378e+00,3.039177716e+00,9.450239998e-03,1.084219856e-04
226,5.650000000e-03,2.630264641e-03,3.075812445e+00,3.065995669e+00,9.705252640e-03,1.115233975e-04
227,5.675000000e-03,2.642503580e-03,3.103006298e+00,3.092930669e+00,9.961020019e-03,1.146083471e-04
228,5.700000000e-03,2.654744335e-03,3.130317930e+00,3.119982817e+00,1.021743881e-02,1.176740429e-04
229,5.725000000e-03,2.666986655e-03,3.157747334e+00,3.147149098e+00,1.047751710e-02,1.207187753e-04
230,5.750000000e-03,2.679237352e-03,3.185294493e+00,3.174421965e+00,1.074877862e-02,1.237496470e-04
231,5.775000000e-03,2.691513309e-03,3.212959342e+00,3.201809888e+00,1.102266428e-02,1.267893977e-04
232,5.800000000e-03,2.703794959e-03,3.240741820e+00,3.229315136e+00,1.129688752e-02,1.297969523e-04
233,5.825000000e-03,2.716077237e-03,3.268641916e+00,3.256938190e+00,1.157096130e-02,1.327637820e-04
234,5.850000000e-03,2.728359117e-03,3.296659628e+00,3.284679046e+00,1.184488949e-02,1.356922224e-04
235,5.875000000e-03,2.740640649e-03,3.324794959e+00,3.312537592e+00,1.211878020e-02,1.385866689e-04
236,5.900000000e-03,2.752922098e-03,3.353047909e+00,3.340513719e+00,1.239273853e-02,1.414510278e-04
237,5.925000000e-03,2.765203710e-03,3.381418478e+00,3.368607347e+00,1.266684359e-02,1.442882514e-04
238,5.950000000e-03,2.777485668e-03,3.409906667e+00,3.396818417e+00,1.294114941e-02,1.471004529e-04
239,5.975000000e-03,2.789768094e-03,3.438512473e+00,3.425146893e+00,1.321569091e-02,1.498891276e-04
240,6.000000000e-03,2.802051066e-03,3.467235895e+00,3.453592750e+00,1.349048969e-02,1.526553449e-04
241,6.025000000e-03,2.814334632e-03,3.496076931e+00,3.482155973e+00,1.376555841e-02,1.553998909e-04
242,6.050000000e-03,2.826618817e-03,3.525035579e+00,3.510836552e+00,1.404090391e-02,1.581233655e-04
243,6.075000000e-03,2.838903636e-03,3.554111838e+00,3.539630593e+00,1.432041868e-02,1.608262471e-04
244,6.100000000e-03,2.851197005e-03,3.583305687e+00,3.568518583e+00,1.462355673e-02,1.635477372e-04
245,6.125000000e-03,2.863538544e-03,3.612617014e+00,3.597506390e+00,1.494407744e-02,1.665464779e-04
246,6.150000000e-03,2.875916414e-03,3.642045647e+00,3.626599072e+00,1.527676938e-02,1.698048001e-04
247,6.175000000e-03,2.888320019e-03,3.671591464e+00,3.655800377e+00,1.561783732e-02,1.732494135e-04
248,6.200000000e-03,2.900741367e-03,3.701254380e+00,3.685112934e+00,1.596463159e-02,1.768151889e-04
249,6.225000000e-03,2.913174795e-03,3.731034339e+00,3.714538550e+00,1.631533563e-02,1.804531218e-04
250,6.250000000e-03,2.925616397e-03,3.760931300e+00,3.744078454e+00,1.666871806e-02,1.841285293e-04
251,6.275000000e-03,2.938063520e-03,3.790945238e+00,3.773730454e+00,1.702696601e-02,1.878176910e-04
252,6.300000000e-03,2.950520301e-03,3.821076121e+00,3.803493633e+00,1.739098311e-02,1.915046220e-04
253,6.325000000e-03,2.962988293e-03,3.851323908e+00,3.833369673e+00,1.775906519e-02,1.951693889e-04
254,6.350000000e-03,2.975463948e-03,3.881688560e+00,3.863361517e+00,1.812825105e-02,1.987920992e-04
255,6.375000000e-03,2.987941379e-03,3.912170056e+00,3.893470240e+00,1.849745565e-02,2.023606633e-04
256,6.400000000e-03,3.000418481e-03,3.942768394e+00,3.923696173e+00,1.886634542e-02,2.058754015e-04
257,6.425000000e-03,3.012894654e-03,3.973483574e+00,3.954039354e+00,1.923488020e-02,2.093407708e-04
258,6.450000000e-03,3.025369875e-03,4.004315600e+00,3.984497475e+00,1.960536384e-02,2.127619178e-04
259,6.475000000e-03,3.037848912e-03,4.035264466e+00,4.015047729e+00,2.000056549e-02,2.161712500e-04
260,6.500000000e-03,3.050378352e-03,4.066330066e+00,4.045695917e+00,2.041423690e-02,2.199118018e-04
261,6.525000000e-03,3.062944501e-03,4.097512233e+00,4.076446345e+00,2.084192543e-02,2.239624713e-04
262,6.550000000e-03,3.075538409e-03,4.128810840e+00,4.107302478e+00,2.128010769e-02,2.282540869e-04
263,6.575000000e-03,3.088153087e-03,4.160225790e+00,4.138266994e+00,2.172607666e-02,2.327201312e-04
264,6.600000000e-03,3.100783138e-03,4.191757014e+00,4.169341872e+00,2.217783555e-02,2.373066241e-04
265,6.625000000e-03,3.113424562e-03,4.223404459e+00,4.200528538e+00,2.263394923e-02,2.419725338e-04
266,6.650000000e-03,3.126074473e-03,4.255168087e+00,4.231828000e+00,2.309339964e-02,2.466876366e-04
267,6.675000000e-03,3.138730819e-03,4.287047867e+00,4.263240969e+00,2.355546781e-02,2.514300324e-04
268,6.700000000e-03,3.151392149e-03,4.319043778e+00,4.294767948e+00,2.401964559e-02,2.561839974e-04
269,6.725000000e-03,3.164057434e-03,4.351155801e+00,4.326409291e+00,2.448557248e-02,2.609383071e-04
270,6.750000000e-03,3.176725946e-03,4.383383923e+00,4.358165247e+00,2.495299137e-02,2.656849851e-04
271,6.775000000e-03,3.189397165e-03,4.415728132e+00,4.390035996e+00,2.542171773e-02,2.704183903e-04
272,6.800000000e-03,3.202070719e-03,4.448188416e+00,4.422021664e+00,2.589161814e-02,2.751345558e-04
273,6.825000000e-03,3.214746337e-03,4.480764768e+00,4.454122342e+00,2.636259537e-02,2.798307153e-04
274,6.850000000e-03,3.227423824e-03,4.513457179e+00,4.486338096e+00,2.683457788e-02,2.845049613e-04
275,6.875000000e-03,3.240103034e-03,4.546265642e+00,4.518668973e+00,2.730751243e-02,2.891560012e-04
276,6.900000000e-03,3.252783860e-03,4.579190149e+00,4.551115007e+00,2.778135884e-02,2.937829818e-04
277,6.925000000e-03,3.265466221e-03,4.612230694e+00,4.583676223e+00,2.825608631e-02,2.983853634e-04
278,6.950000000e-03,3.278150054e-03,4.645387271e+00,4.616347616e+00,2.873669294e-02,3.029628297e-04
279,6.975000000e-03,3.290844211e-03,4.678659856e+00,4.649124956e+00,2.922736990e-02,3.075306090e-04
280,7.000000000e-03,3.303556157e-03,4.712048391e+00,4.682012579e+00,2.972370836e-02,3.121044224e-04
281,7.025000000e-03,3.316278116e-03,4.745552821e+00,4.715013168e+00,3.022299431e-02,3.166586825e-04
282,7.050000000e-03,3.329005161e-03,4.779173113e+00,4.748128200e+00,3.072373608e-02,3.211777664e-04
283,7.075000000e-03,3.341734587e-03,4.812909254e+00,4.781358395e+00,3.122520414e-02,3.256553065e-04
284,7.100000000e-03,3.354465082e-03,4.846761236e+00,4.814693314e+00,3.173783210e-02,3.300905736e-04
285,7.125000000e-03,3.367215419e-03,4.880729017e+00,4.848131967e+00,3.226248480e-02,3.345649168e-04
286,7.150000000e-03,3.379987042e-03,4.914812515e+00,4.881679075e+00,3.279434658e-02,3.390932888e-04
287,7.175000000e-03,3.392771247e-03,4.949011662e+00,4.915321025e+00,3.334700216e-02,3.436348366e-04
288,7.200000000e-03,3.405591349e-03,4.983326361e+00,4.949060147e+00,3.391787745e-02,3.483358543e-04
289,7.225000000e-03,3.418443114e-03,5.017756474e+00,4.982902098e+00,3.450114105e-02,3.532345622e-04
290,7.250000000e-03,3.431316434e-03,5.052301893e+00,5.016850843e+00,3.509277287e-02,3.582773754e-04
291,7.275000000e-03,3.444204239e-03,5.086962547e+00,5.050909033e+00,3.569010090e-02,3.634132757e-04
292,7.300000000e-03,3.457101819e-03,5.121738387e+00,5.085078404e+00,3.629137828e-02,3.686045409e-04
293,7.325000000e-03,3.470006086e-03,5.156629379e+00,5.119360083e+00,3.689547122e-02,3.738248456e-04
294,7.350000000e-03,3.482915033e-03,5.191635499e+00,5.153754799e+00,3.750164380e-02,3.790561270e-04
295,7.375000000e-03,3.495827356e-03,5.226756732e+00,5.188263030e+00,3.810941543e-02,3.842860187e-04
296,7.400000000e-03,3.508742198e-03,5.261993064e+00,5.222885089e+00,3.871846863e-02,3.895060184e-04
297,7.425000000e-03,3.521658994e-03,5.297344486e+00,5.257617300e+00,3.933247639e-02,3.947102425e-04
298,7.450000000e-03,3.534584880e-03,5.332810978e+00,5.292450250e+00,3.996082340e-02,3.999046246e-04
299,7.475000000e-03,3.547537658e-03,5.368392473e+00,5.327389375e+00,4.059796293e-02,4.051350873e-04
300,7.500000000e-03,3.560507142e-03,5.404088895e+00,5.362420258e+00,4.125825326e-02,4.103839821e-04
301,7.525000000e-03,3.573517495e-03,5.439900136e+00,5.397546345e+00,4.193791499e-02,4.158751300e-04
302,7.550000000e-03,3.586561107e-03,5.475826052e+00,5.432772763e+00,4.263166427e-02,4.216246876e-04
303,7.575000000e-03,3.599628486e-03,5.511866532e+00,5.468103229e+00,4.333573209e-02,4.275709736e-04
304,7.600000000e-03,3.612713072e-03,5.548021494e+00,5.503538793e+00,4.404904311e-02,4.336578485e-04
305,7.625000000e-03,3.625812928e-03,5.584290871e+00,5.539073067e+00,4.477795824e-02,4.398460986e-04
306,7.650000000e-03,3.638938690e-03,5.620674583e+00,5.574702980e+00,4.552546929e-02,4.461335048e-04
307,7.675000000e-03,3.652096086e-03,5.657172516e+00,5.610428710e+00,4.629128325e-02,4.525226662e-04
308,7.700000000e-03,3.665284436e-03,5.693784549e+00,5.646256915e+00,4.706862123e-02,4.590133928e-04
309,7.725000000e-03,3.678492284e-03,5.730510585e+00,5.682191963e+00,4.785306954e-02,4.655527367e-04
310,7.750000000e-03,3.691712119e-03,5.767350564e+00,5.718236579e+00,4.864188467e-02,4.721003613e-04
311,7.775000000e-03,3.704939256e-03,5.804304448e+00,5.754392395e+00,4.943342157e-02,4.786309113e-04
312,7.800000000e-03,3.718170876e-03,5.841372214e+00,5.790660362e+00,5.022672127e-02,4.851300327e-04
313,7.825000000e-03,3.731405328e-03,5.878553848e+00,5.827041019e+00,5.102123896e-02,4.915903862e-04
314,7.850000000e-03,3.744641667e-03,5.915849341e+00,5.863534659e+00,5.181667362e-02,4.980087886e-04
315,7.875000000e-03,3.757879363e-03,5.953258687e+00,5.900141438e+00,5.261286479e-02,5.043843830e-04
316,7.900000000e-03,3.771118131e-03,5.990781880e+00,5.936861431e+00,5.340973141e-02,5.107175363e-04
317,7.925000000e-03,3.784357820e-03,6.028418917e+00,5.973694671e+00,5.420723615e-02,5.170092000e-04
318,7.950000000e-03,3.797598356e-03,6.066169792e+00,6.010641167e+00,5.500536495e-02,5.232605552e-04
319,7.975000000e-03,3.810839707e-03,6.104034503e+00,6.047687335e+00,5.581769558e-02,5.294728234e-04
320,8.000000000e-03,3.824103512e-03,6.142013004e+00,6.084825287e+00,5.665194451e-02,5.357718507e-04
321,8.025000000e-03,3.837401875e-03,6.180105179e+00,6.122060829e+00,5.750215525e-02,5.421945084e-04
322,8.050000000e-03,3.850725689e-03,6.218310910e+00,6.159400472e+00,5.836173694e-02,5.487013499e-04
323,8.075000000e-03,3.864064602e-03,6.256630119e+00,6.196847758e+00,5.922711638e-02,5.552450174e-04
324,8.100000000e-03,3.877412867e-03,6.295062758e+00,6.234394959e+00,6.010600433e-02,5.617948512e-04
325,8.125000000e-03,3.890782235e-03,6.333608767e+00,6.272036578e+00,6.100376445e-02,5.684242753e-04
326,8.150000000e-03,3.904181019e-03,6.372268045e+00,6.309777393e+00,6.191542982e-02,5.752218002e-04
327,8.175000000e-03,3.917601531e-03,6.411040491e+00,6.347621700e+00,6.283664729e-02,5.821443941e-04
328,8.200000000e-03,3.931036863e-03,6.449926033e+00,6.385563512e+00,6.377337944e-02,5.891410949e-04
329,8.225000000e-03,3.944496717e-03,6.488924593e+00,6.423601404e+00,6.472695023e-02,5.962391890e-04
330,8.250000000e-03,3.957983177e-03,6.528036072e+00,6.461740811e+00,6.569179174e-02,6.034696452e-04
331,8.275000000e-03,3.971487338e-03,6.567260385e+00,6.499985470e+00,6.666412554e-02,6.107894020e-04
332,8.300000000e-03,3.985003261e-03,6.606597473e+00,6.538337846e+00,6.764147045e-02,6.181569805e-04
333,8.325000000e-03,3.998527022e-03,6.646047300e+00,6.576799539e+00,6.862221800e-02,6.255421710e-04
334,8.350000000e-03,4.012056061e-03,6.685609839e+00,6.615371580e+00,6.960533402e-02,6.329243331e-04
335,8.375000000e-03,4.025588718e-03,6.725285073e+00,6.654054628e+00,7.059015571e-02,6.402897286e-04
336,8.400000000e-03,4.039123923e-03,6.765072991e+00,6.692849104e+00,7.157625763e-02,6.476293309e-04
337,8.425000000e-03,4.052660981e-03,6.804973584e+00,6.731732101e+00,7.258654571e-02,6.549372583e-04
338,8.450000000e-03,4.066234336e-03,6.844986775e+00,6.770693479e+00,7.363084557e-02,6.624507025e-04
339,8.475000000e-03,4.079858217e-03,6.885112391e+00,6.809744025e+00,7.469808215e-02,6.702839461e-04
340,8.500000000e-03,4.093515877e-03,6.925350262e+00,6.848888556e+00,7.578338186e-02,6.783241696e-04
341,8.525000000e-03,4.107199648e-03,6.965700265e+00,6.888132973e+00,7.688080831e-02,6.864836504e-04
342,8.550000000e-03,4.120900634e-03,7.006162313e+00,6.927481523e+00,7.798609541e-02,6.946943258e-04
343,8.575000000e-03,4.134612485e-03,7.046736345e+00,6.966936732e+00,7.909669977e-02,7.029130812e-04
344,8.600000000e-03,4.148331424e-03,7.087422324e+00,7.006500182e+00,8.021102810e-02,7.111148053e-04
345,8.625000000e-03,4.162055113e-03,7.128220224e+00,7.046172869e+00,8.132807073e-02,7.192848198e-04
346,8.650000000e-03,4.175782089e-03,7.169130026e+00,7.085950506e+00,8.245210493e-02,7.274147782e-04
347,8.675000000e-03,4.189518656e-03,7.210151702e+00,7.125827059e+00,8.358911668e-02,7.355255664e-04
348,8.700000000e-03,4.203273702e-03,7.251285194e+00,7.165807495e+00,8.473403860e-02,7.436600635e-04
349,8.725000000e-03,4.217040023e-03,7.292530442e+00,7.205894718e+00,8.588392761e-02,7.517970804e-04
350,8.750000000e-03,4.230813305e-03,7.333887410e+00,7.246084303e+00,8.704319045e-02,7.599169974e-04
351,8.775000000e-03,4.244599853e-03,7.375356056e+00,7.286368636e+00,8.821935600e-02,7.680645024e-04
352,8.800000000e-03,4.258410404e-03,7.416936305e+00,7.326753154e+00,8.940681954e-02,7.763320560e-04
353,8.825000000e-03,4.272236817e-03,7.458628076e+00,7.367241324e+00,9.060208312e-02,7.846695573e-04
354,8.850000000e-03,4.286074009e-03,7.500431315e+00,7.407835464e+00,9.180281315e-02,7.930384468e-04
355,8.875000000e-03,4.299918593e-03,7.542345984e+00,7.448537120e+00,9.300745135e-02,8.014121174e-04
356,8.900000000e-03,4.313768315e-03,7.584372056e+00,7.489347319e+00,9.421496487e-02,8.097727438e-04
357,8.925000000e-03,4.327621687e-03,7.626509513e+00,7.530264418e+00,9.542698709e-02,8.181086819e-04
358,8.950000000e-03,4.341480978e-03,7.668758334e+00,7.571276433e+00,9.665546828e-02,8.264327195e-04
359,8.975000000e-03,4.355362916e-03,7.711118461e+00,7.612380083e+00,9.790350659e-02,8.348706784e-04
360,9.000000000e-03,4.369272043e-03,7.753589791e+00,7.653569350e+00,9.917697943e-02,8.434613249e-04
361,9.025000000e-03,4.383216821e-03,7.796172198e+00,7.694851591e+00,1.004683549e-01,8.522523440e-04
362,9.050000000e-03,4.397186503e-03,7.838865563e+00,7.736232304e+00,1.017720696e-01,8.611888871e-04
363,9.075000000e-03,4.411173234e-03,7.881669800e+00,7.777715409e+00,1.030841799e-01,8.702111283e-04
364,9.100000000e-03,4.425171422e-03,7.924584851e+00,7.819303583e+00,1.044019946e-01,8.792735233e-04
365,9.125000000e-03,4.439177253e-03,7.967610679e+00,7.860998611e+00,1.057237230e-01,8.883443783e-04
366,9.150000000e-03,4.453188191e-03,8.010747255e+00,7.902801661e+00,1.070481914e-01,8.974025417e-04
367,9.175000000e-03,4.467202576e-03,8.053994563e+00,7.944703198e+00,1.083849314e-01,9.064342504e-04
368,9.200000000e-03,4.481233331e-03,8.097352562e+00,7.986698109e+00,1.097389119e-01,9.155404361e-04
369,9.225000000e-03,4.495287178e-03,8.140821169e+00,8.028789888e+00,1.111064804e-01,9.248004711e-04
370,9.250000000e-03,4.509359092e-03,8.184400302e+00,8.070973388e+00,1.124927397e-01,9.341736060e-04
371,9.275000000e-03,4.523455948e-03,8.228089871e+00,8.113246176e+00,1.139000038e-01,9.436915060e-04
372,9.300000000e-03,4.537580787e-03,8.271889770e+00,8.155614288e+00,1.153220944e-01,9.533867995e-04
373,9.325000000e-03,4.551725155e-03,8.315799900e+00,8.198081957e+00,1.167547409e-01,9.632018446e-04
374,9.350000000e-03,4.565883206e-03,8.359820193e+00,8.240652192e+00,1.181949153e-01,9.730852654e-04
375,9.375000000e-03,4.580050793e-03,8.403950600e+00,8.283324990e+00,1.196426113e-01,9.829989085e-04
376,9.400000000e-03,4.594227866e-03,8.448191081e+00,8.326093787e+00,1.211043676e-01,9.929266823e-04
377,9.425000000e-03,4.608423192e-03,8.492541579e+00,8.368961349e+00,1.225773288e-01,1.002900865e-03
378,9.450000000e-03,4.622633054e-03,8.537002025e+00,8.411931490e+00,1.240576248e-01,1.012910397e-03
379,9.475000000e-03,4.636852275e-03,8.581572372e+00,8.455006569e+00,1.255428751e-01,1.022927615e-03
380,9.500000000e-03,4.651077645e-03,8.626252586e+00,8.498187220e+00,1.270324334e-01,1.032932172e-03
381,9.525000000e-03,4.665308264e-03,8.671042642e+00,8.541458170e+00,1.285415541e-01,1.042918432e-03
382,9.550000000e-03,4.679564039e-03,8.715942479e+00,8.584825156e+00,1.300642725e-01,1.053051086e-03
383,9.575000000e-03,4.693837107e-03,8.760952008e+00,8.628291968e+00,1.315967580e-01,1.063282010e-03
384,9.600000000e-03,4.708122389e-03,8.806071169e+00,8.671861273e+00,1.331363291e-01,1.073566705e-03
385,9.625000000e-03,4.722416328e-03,8.851299915e+00,8.715534045e+00,1.346819976e-01,1.083872571e-03
386,9.650000000e-03,4.736717725e-03,8.896638215e+00,8.759311777e+00,1.362322614e-01,1.094175903e-03
387,9.675000000e-03,4.751024635e-03,8.942086039e+00,8.803195953e+00,1.377856275e-01,1.104458525e-03
388,9.700000000e-03,4.765335053e-03,8.987643368e+00,8.847180694e+00,1.393479653e-01,1.114708643e-03
389,9.725000000e-03,4.779656454e-03,9.033310170e+00,8.891257003e+00,1.409281846e-01,1.124982939e-03
390,9.750000000e-03,4.794000320e-03,9.079086378e+00,8.935413817e+00,1.425371898e-01,1.135371155e-03
391,9.775000000e-03,4.808381118e-03,9.124971869e+00,8.979655656e+00,1.441702438e-01,1.145969121e-03
392,9.800000000e-03,4.822792983e-03,9.170966507e+00,9.023986960e+00,1.458228063e-01,1.156740712e-03
393,9.825000000e-03,4.837230239e-03,9.217070181e+00,9.068410338e+00,1.474922197e-01,1.167623519e-03
394,9.850000000e-03,4.851689589e-03,9.263282797e+00,9.112932950e+00,1.491712766e-01,1.178570654e-03
395,9.875000000e-03,4.866161190e-03,9.309604289e+00,9.157557364e+00,1.508573864e-01,1.189538347e-03
396,9.900000000e-03,4.880641599e-03,9.356034612e+00,9.202283872e+00,1.525502431e-01,1.200496805e-03
397,9.925000000e-03,4.895130187e-03,9.402573733e+00,9.247104062e+00,1.542582193e-01,1.211452261e-03
398,9.950000000e-03,4.909637235e-03,9.449221597e+00,9.292016003e+00,1.559830833e-01,1.222510693e-03
399,9.975000000e-03,4.924164868e-03,9.495978122e+00,9.337023136e+00,1.577212738e-01,1.233711377e-03
400,1.000000000e-02,4.938708570e-03,9.542843231e+00,9.382126988e+00,1.594712319e-01,1.245010478e-03
401,1.002500000e-02,4.953266313e-03,9.589816861e+00,9.427321924e+00,1.612385614e-01,1.256376455e-03
402,1.005000000e-02,4.967844970e-03,9.636898940e+00,9.472607112e+00,1.630239718e-01,1.267856733e-03
403,1.007500000e-02,4.982445360e-03,9.684089379e+00,9.517987024e+00,1.648228838e-01,1.279470629e-03
404,1.010000000e-02,4.997061772e-03,9.731388097e+00,9.563459250e+00,1.666376726e-01,1.291174531e-03
405,1.012500000e-02,5.011697082e-03,9.778795023e+00,9.609022281e+00,1.684697778e-01,1.302963724e-03
406,1.015000000e-02,5.026353062e-03,9.826310073e+00,9.654681437e+00,1.703137987e-01,1.314836920e-03
407,1.017500000e-02,5.041023103e-03,9.873933175e+00,9.700440436e+00,1.721659824e-01,1.326756604e-03
408,1.020000000e-02,5.055702546e-03,9.921664280e+00,9.746301663e+00,1.740239276e-01,1.338689497e-03
409,1.022500000e-02,5.070388402e-03,9.969503353e+00,9.792266628e+00,1.758861121e-01,1.350612710e-03
410,1.025000000e-02,5.085078776e-03,1.001745037e+01,9.838331364e+00,1.777564953e-01,1.362511343e-03
411,1.027500000e-02,5.099778382e-03,1.006550530e+01,9.884485269e+00,1.796456078e-01,1.374424132e-03
412,1.030000000e-02,5.114499782e-03,1.011366808e+01,9.930728594e+00,1.815530097e-01,1.386475993e-03
413,1.032500000e-02,5.129242917e-03,1.016193862e+01,9.977065333e+00,1.834746558e-01,1.398627118e-03
414,1.035000000e-02,5.144002849e-03,1.021031683e+01,1.002350056e+01,1.854054313e-01,1.410838267e-03
415,1.037500000e-02,5.158773149e-03,1.025880266e+01,1.007003508e+01,1.873445149e-01,1.423072721e-03
416,1.040000000e-02,5.173552803e-03,1.030739608e+01,1.011666664e+01,1.892941302e-01,1.435307951e-03
417,1.042500000e-02,5.188344764e-03,1.035609703e+01,1.016339818e+01,1.912513135e-01,1.447532585e-03
418,1.045000000e-02,5.203145723e-03,1.040490546e+01,1.021022314e+01,1.932225997e-01,1.459727599e-03
419,1.047500000e-02,5.217963254e-03,1.045382134e+01,1.025712843e+01,1.952209497e-01,1.471958572e-03
420,1.050000000e-02,5.232812614e-03,1.050284456e+01,1.030411351e+01,1.972466856e-01,1.484359672e-03
421,1.052500000e-02,5.247694085e-03,1.055197498e+01,1.035118403e+01,1.992939849e-01,1.496969169e-03
422,1.055000000e-02,5.262600707e-03,1.060121250e+01,1.039834008e+01,2.013626856e-01,1.509730702e-03
423,1.057500000e-02,5.277532400e-03,1.065055701e+01,1.044558500e+01,2.034493952e-01,1.522605260e-03
424,1.060000000e-02,5.292485395e-03,1.070000841e+01,1.049292444e+01,2.055484191e-01,1.535551436e-03
425,1.062500000e-02,5.307452948e-03,1.074956663e+01,1.054036229e+01,2.076558173e-01,1.548524411e-03
426,1.065000000e-02,5.322430234e-03,1.079923163e+01,1.058789767e+01,2.097724705e-01,1.561492566e-03
427,1.067500000e-02,5.337418028e-03,1.084900336e+01,1.063552316e+01,2.119057373e-01,1.574470262e-03
428,1.070000000e-02,5.352424572e-03,1.089888177e+01,1.068323650e+01,2.140577121e-01,1.587553753e-03
429,1.072500000e-02,5.367452141e-03,1.094886676e+01,1.073104127e+01,2.162247084e-01,1.600785404e-03
430,1.075000000e-02,5.382496403e-03,1.099895827e+01,1.077894053e+01,2.184036185e-01,1.614120945e-03
431,1.077500000e-02,5.397553690e-03,1.104915622e+01,1.082692954e+01,2.205991597e-01,1.627516248e-03
432,1.080000000e-02,5.412629250e-03,1.109946055e+01,1.087499939e+01,2.228201537e-01,1.641006306e-03
433,1.082500000e-02,5.427733047e-03,1.114987116e+01,1.092315163e+01,2.250648652e-01,1.654663320e-03
434,1.085000000e-02,5.442863155e-03,1.120038794e+01,1.097139152e+01,2.273279487e-01,1.668472420e-03
435,1.087500000e-02,5.458013482e-03,1.125101079e+01,1.101972140e+01,2.296070057e-01,1.682387902e-03
436,1.090000000e-02,5.473181465e-03,1.130173964e+01,1.106814246e+01,2.319008122e-01,1.696363449e-03
437,1.092500000e-02,5.488365833e-03,1.135257440e+01,1.111665645e+01,2.342075701e-01,1.710371989e-03
438,1.095000000e-02,5.503564393e-03,1.140351501e+01,1.116525891e+01,2.365317023e-01,1.724398178e-03
439,1.097500000e-02,5.518782528e-03,1.145456142e+01,1.121395219e+01,2.388707812e-01,1.738448280e-03
440,1.100000000e-02,5.534017851e-03,1.150571353e+01,1.126274198e+01,2.412190515e-01,1.752503499e-03
441,1.102500000e-02,5.549263704e-03,1.155697131e+01,1.131161852e+01,2.435862502e-01,1.766538360e-03
442,1.105000000e-02,5.564530473e-03,1.160833467e+01,1.136058241e+01,2.459715981e-01,1.780669833e-03
443,1.107500000e-02,5.579817078e-03,1.165980355e+01,1.140963840e+01,2.483702329e-01,1.794915849e-03
444,1.110000000e-02,5.595117997e-03,1.171137787e+01,1.145878996e+01,2.507786836e-01,1.809227905e-03
445,1.112500000e-02,5.610429255e-03,1.176305757e+01,1.150803953e+01,2.531944684e-01,1.823568546e-03
446,1.115000000e-02,5.625748007e-03,1.181484262e+01,1.155738746e+01,2.556172460e-01,1.837910886e-03
447,1.117500000e-02,5.641073802e-03,1.186673298e+01,1.160682302e+01,2.580577209e-01,1.852245767e-03
448,1.120000000e-02,5.656418360e-03,1.191872861e+01,1.165633968e+01,2.605222693e-01,1.866660211e-03
449,1.122500000e-02,5.671788650e-03,1.197082939e+01,1.170593444e+01,2.630137117e-01,1.881238305e-03
450,1.125000000e-02,5.687187664e-03,1.202303523e+01,1.175561265e+01,2.655265706e-01,1.896017972e-03
451,1.127500000e-02,5.702609396e-03,1.207534602e+01,1.180537958e+01,2.680554873e-01,1.910952656e-03
452,1.130000000e-02,5.718047927e-03,1.212776166e+01,1.185523949e+01,2.705961901e-01,1.925982794e-03
453,1.132500000e-02,5.733498524e-03,1.218028210e+01,1.190519552e+01,2.731455221e-01,1.941060300e-03
454,1.135000000e-02,5.748957687e-03,1.223290729e+01,1.195524989e+01,2.757012498e-01,1.956150235e-03
455,1.137500000e-02,5.764422947e-03,1.228563720e+01,1.200540282e+01,2.782631553e-01,1.971228373e-03
456,1.140000000e-02,5.779894052e-03,1.233847180e+01,1.205564805e+01,2.808374661e-01,1.986282304e-03
457,1.142500000e-02,5.795377660e-03,1.239141105e+01,1.210597338e+01,2.834363095e-01,2.001360844e-03
458,1.145000000e-02,5.810886693e-03,1.244445488e+01,1.215638134e+01,2.860569420e-01,2.016589790e-03
459,1.147500000e-02,5.826418257e-03,1.249760316e+01,1.220687187e+01,2.886993257e-01,2.031971699e-03
460,1.150000000e-02,5.841972452e-03,1.255085582e+01,1.225743398e+01,2.913743698e-01,2.047477131e-03
461,1.152500000e-02,5.857561006e-03,1.260421274e+01,1.230806605e+01,2.940835079e-01,2.063173318e-03
462,1.155000000e-02,5.873185172e-03,1.265767375e+01,1.235877057e+01,2.968240874e-01,2.079092889e-03
463,1.157500000e-02,5.888842029e-03,1.271123874e+01,1.240955707e+01,2.995864442e-01,2.095226084e-03
464,1.160000000e-02,5.904521291e-03,1.276490757e+01,1.246042959e+01,3.023664870e-01,2.111491270e-03
465,1.162500000e-02,5.920218884e-03,1.281868016e+01,1.251139157e+01,3.051607686e-01,2.127824605e-03
466,1.165000000e-02,5.935931189e-03,1.287255645e+01,1.256244767e+01,3.079646012e-01,2.144180893e-03
467,1.167500000e-02,5.951653029e-03,1.292653638e+01,1.261359926e+01,3.107765884e-01,2.160528603e-03
468,1.170000000e-02,5.967383071e-03,1.298061991e+01,1.266484945e+01,3.135936086e-01,2.176847595e-03
469,1.172500000e-02,5.983117713e-03,1.303480702e+01,1.271619879e+01,3.164151012e-01,2.193124592e-03
470,1.175000000e-02,5.998856322e-03,1.308909769e+01,1.276763956e+01,3.192487741e-01,2.209352747e-03
471,1.177500000e-02,6.014606904e-03,1.314349187e+01,1.281916435e+01,3.221019288e-01,2.225595629e-03
472,1.180000000e-02,6.030376639e-03,1.319798951e+01,1.287077799e+01,3.249695635e-01,2.241960165e-03
473,1.182500000e-02,6.046160352e-03,1.325259053e+01,1.292248395e+01,3.278481845e-01,2.258403443e-03
474,1.185000000e-02,6.061954400e-03,1.330729488e+01,1.297428214e+01,3.307378583e-01,2.274887686e-03
475,1.187500000e-02,6.077758988e-03,1.336210251e+01,1.302616360e+01,3.336475062e-01,2.291398024e-03
476,1.190000000e-02,6.093583368e-03,1.341701335e+01,1.307812983e+01,3.365755202e-01,2.307999563e-03
477,1.192500000e-02,6.109425819e-03,1.347202733e+01,1.313017506e+01,3.395275675e-01,2.324694687e-03
478,1.195000000e-02,6.125292218e-03,1.352714435e+01,1.318229231e+01,3.425105363e-01,2.341498961e-03
479,1.197500000e-02,6.141189532e-03,1.358236429e+01,1.323448365e+01,3.455221636e-01,2.358477017e-03
480,1.200000000e-02,6.157115323e-03,1.363768704e+01,1.328675592e+01,3.485554869e-01,2.375636065e-03
481,1.202500000e-02,6.173062667e-03,1.369311249e+01,1.333911463e+01,3.516049490e-01,2.392914042e-03
482,1.205000000e-02,6.189025905e-03,1.374864056e+01,1.339156456e+01,3.546657386e-01,2.410254713e-03
483,1.207500000e-02,6.204999954e-03,1.380427118e+01,1.344410427e+01,3.577393020e-01,2.427615595e-03
484,1.210000000e-02,6.220986278e-03,1.386000432e+01,1.349672939e+01,3.608299430e-01,2.444991777e-03
485,1.212500000e-02,6.236989339e-03,1.391583991e+01,1.354943901e+01,3.639384887e-01,2.462413368e-03
486,1.215000000e-02,6.253010056e-03,1.397177787e+01,1.360222226e+01,3.670757260e-01,2.479883815e-03
487,1.217500000e-02,6.269058915e-03,1.402781812e+01,1.365508304e+01,3.702375385e-01,2.497540887e-03
488,1.220000000e-02,6.285131540e-03,1.408396053e+01,1.370802156e+01,3.734235995e-01,2.515371190e-03
489,1.222500000e-02,6.301227399e-03,1.414020501e+01,1.376103826e+01,3.766334026e-01,2.533354646e-03
490,1.225000000e-02,6.317345872e-03,1.419655147e+01,1.381413861e+01,3.798613880e-01,2.551474315e-03
491,1.227500000e-02,6.333481427e-03,1.425299981e+01,1.386731411e+01,3.831160128e-01,2.569685280e-03
492,1.230000000e-02,6.349642080e-03,1.430954994e+01,1.392056887e+01,3.863930134e-01,2.588050855e-03
493,1.232500000e-02,6.365823666e-03,1.436620176e+01,1.397390865e+01,3.896865544e-01,2.606551803e-03
494,1.235000000e-02,6.382020436e-03,1.442295520e+01,1.402733766e+01,3.929924005e-01,2.625136085e-03
495,1.237500000e-02,6.398228184e-03,1.447981018e+01,1.408085770e+01,3.963087200e-01,2.643761611e-03
496,1.240000000e-02,6.414445138e-03,1.453676668e+01,1.413446921e+01,3.996350714e-01,2.662398595e-03
497,1.242500000e-02,6.430670943e-03,1.459382464e+01,1.418817533e+01,4.029682893e-01,2.681028364e-03
498,1.245000000e-02,6.446902403e-03,1.465098404e+01,1.424197599e+01,4.063084177e-01,2.699634003e-03
499,1.247500000e-02,6.463139464e-03,1.470824484e+01,1.429585291e+01,4.096737058e-01,2.718220721e-03
500,1.250000000e-02,6.479399407e-03,1.476560698e+01,1.434981017e+01,4.130598472e-01,2.736962495e-03
501,1.252500000e-02,6.495678289e-03,1.482307037e+01,1.440384969e+01,4.164648535e-01,2.755821755e-03
502,1.255000000e-02,6.511974240e-03,1.488063493e+01,1.445797684e+01,4.198833236e-01,2.774765108e-03
503,1.257500000e-02,6.528282065e-03,1.493830058e+01,1.451219355e+01,4.233132768e-01,2.793752669e-03
504,1.260000000e-02,6.544599788e-03,1.499606730e+01,1.456648835e+01,4.267661765e-01,2.812764388e-03
505,1.262500000e-02,6.560938410e-03,1.505393499e+01,1.462086185e+01,4.302412750e-01,2.831870181e-03
506,1.265000000e-02,6.577297244e-03,1.511190358e+01,1.467531903e+01,4.337334673e-01,2.851087791e-03
507,1.267500000e-02,6.593671412e-03,1.516997299e+01,1.472986403e+01,4.372385747e-01,2.870382350e-03
508,1.270000000e-02,6.610056877e-03,1.522814316e+01,1.478449637e+01,4.407570647e-01,2.889718903e-03
509,1.272500000e-02,6.626454001e-03,1.528641403e+01,1.483919676e+01,4.443081686e-01,2.909094490e-03
510,1.275000000e-02,6.642880894e-03,1.534478551e+01,1.489396606e+01,4.478907913e-01,2.928665742e-03
511,1.277500000e-02,6.659336576e-03,1.540325748e+01,1.494881102e+01,4.514980045e-01,2.948457780e-03
512,1.280000000e-02,6.675814517e-03,1.546182983e+01,1.500373769e+01,4.551237387e-01,2.968408807e-03
513,1.282500000e-02,6.692308930e-03,1.552050247e+01,1.505875068e+01,4.587633321e-01,2.988457953e-03
514,1.285000000e-02,6.708815360e-03,1.557927534e+01,1.511385060e+01,4.624161850e-01,3.008558123e-03
515,1.287500000e-02,6.725333104e-03,1.563814839e+01,1.516902643e+01,4.660932581e-01,3.028702798e-03
516,1.290000000e-02,6.741872002e-03,1.569712154e+01,1.522427887e+01,4.697936428e-01,3.049021187e-03
517,1.292500000e-02,6.758431345e-03,1.575619470e+01,1.527961062e+01,4.735145821e-01,3.069495863e-03
518,1.295000000e-02,6.775008751e-03,1.581536778e+01,1.533502655e+01,4.772511486e-01,3.090076353e-03
519,1.297500000e-02,6.791599714e-03,1.587464071e+01,1.539052765e+01,4.810023538e-01,3.110712695e-03
520,1.300000000e-02,6.808203112e-03,1.593401344e+01,1.544609963e+01,4.847824234e-01,3.131388066e-03
521,1.302500000e-02,6.824831673e-03,1.599348588e+01,1.550174307e+01,4.885905985e-01,3.152220293e-03
522,1.305000000e-02,6.841484678e-03,1.605305793e+01,1.555746469e+01,4.924199946e-01,3.173238934e-03
523,1.307500000e-02,6.858155898e-03,1.611272948e+01,1.561326550e+01,4.962695852e-01,3.194386929e-03
524,1.310000000e-02,6.874844357e-03,1.617250045e+01,1.566914669e+01,5.001381339e-01,3.215630307e-03
525,1.312500000e-02,6.891548964e-03,1.623237078e+01,1.572510672e+01,5.040271097e-01,3.236944352e-03
526,1.315000000e-02,6.908271376e-03,1.629234038e+01,1.578114609e+01,5.079359821e-01,3.258306938e-03
527,1.317500000e-02,6.925011059e-03,1.635240918e+01,1.583725702e+01,5.118724277e-01,3.279732888e-03
528,1.320000000e-02,6.941774711e-03,1.641257709e+01,1.589344221e+01,5.158335650e-01,3.301317472e-03
529,1.322500000e-02,6.958560057e-03,1.647284401e+01,1.594970625e+01,5.198147437e-01,3.323011304e-03
530,1.325000000e-02,6.975363080e-03,1.653320985e+01,1.600604953e+01,5.238155481e-01,3.344766712e-03
531,1.327500000e-02,6.992183121e-03,1.659367454e+01,1.606247108e+01,5.278368837e-01,3.366580066e-03
532,1.330000000e-02,7.009020765e-03,1.665423800e+01,1.611897525e+01,5.318742867e-01,3.388460842e-03
533,1.332500000e-02,7.025872018e-03,1.671490017e+01,1.617555594e+01,5.359338441e-01,3.410382901e-03
534,1.335000000e-02,7.042742432e-03,1.677566097e+01,1.623220775e+01,5.400208529e-01,3.432363415e-03
535,1.337500000e-02,7.059637428e-03,1.683652030e+01,1.628893720e+01,5.441286861e-01,3.454416639e-03
536,1.340000000e-02,7.076551321e-03,1.689747809e+01,1.634574769e+01,5.482538882e-01,3.476508377e-03
537,1.342500000e-02,7.093480699e-03,1.695853425e+01,1.640263750e+01,5.523981176e-01,3.498629980e-03
538,1.345000000e-02,7.110426644e-03,1.701968872e+01,1.645959899e+01,5.565689019e-01,3.520823377e-03
539,1.347500000e-02,7.127395558e-03,1.708094141e+01,1.651663638e+01,5.607618771e-01,3.543152202e-03
540,1.350000000e-02,7.144383460e-03,1.714229223e+01,1.657374989e+01,5.649767561e-01,3.565587328e-03
541,1.352500000e-02,7.161389972e-03,1.720374111e+01,1.663093764e+01,5.692153426e-01,3.588120651e-03
542,1.355000000e-02,7.178416556e-03,1.726528794e+01,1.668819355e+01,5.734836195e-01,3.610772559e-03
543,1.357500000e-02,7.195468171e-03,1.732693265e+01,1.674551587e+01,5.777831574e-01,3.633622579e-03
544,1.360000000e-02,7.212545959e-03,1.738867511e+01,1.680291025e+01,5.821081486e-01,3.656705641e-03
545,1.362500000e-02,7.229644832e-03,1.745051522e+01,1.686037533e+01,5.864599245e-01,3.679963042e-03
546,1.365000000e-02,7.246766159e-03,1.751245287e+01,1.691790428e+01,5.908452380e-01,3.703355485e-03
547,1.367500000e-02,7.263916010e-03,1.757448797e+01,1.697549540e+01,5.952656842e-01,3.726888434e-03
548,1.370000000e-02,7.281095817e-03,1.763662038e+01,1.703315215e+01,5.997176464e-01,3.750589726e-03
549,1.372500000e-02,7.298302180e-03,1.769884999e+01,1.709088233e+01,6.041931891e-01,3.774465062e-03
550,1.375000000e-02,7.315528139e-03,1.776117668e+01,1.714868539e+01,6.086928340e-01,3.798459288e-03
551,1.377500000e-02,7.332773822e-03,1.782360038e+01,1.720656212e+01,6.132156947e-01,3.822566810e-03
552,1.380000000e-02,7.350038384e-03,1.788612100e+01,1.726451606e+01,6.177581613e-01,3.846775594e-03
553,1.382500000e-02,7.367318714e-03,1.794873845e+01,1.732254705e+01,6.223203407e-01,3.871058716e-03
554,1.385000000e-02,7.384614747e-03,1.801145267e+01,1.738064583e+01,6.269114180e-01,3.895420753e-03
555,1.387500000e-02,7.401934328e-03,1.807426357e+01,1.743881460e+01,6.315290320e-01,3.919941282e-03
556,1.390000000e-02,7.419275684e-03,1.813717105e+01,1.749705680e+01,6.361696685e-01,3.944584100e-03
557,1.392500000e-02,7.436635763e-03,1.820017502e+01,1.755537822e+01,6.408274926e-01,3.969315429e-03
558,1.395000000e-02,7.454009453e-03,1.826327541e+01,1.761378289e+01,6.454984266e-01,3.994092829e-03
559,1.397500000e-02,7.471393180e-03,1.832647216e+01,1.767227326e+01,6.501800225e-01,4.018882554e-03
560,1.400000000e-02,7.488784795e-03,1.838976523e+01,1.773084619e+01,6.548753739e-01,4.043661873e-03
561,1.402500000e-02,7.506187076e-03,1.845315458e+01,1.778949812e+01,6.595880175e-01,4.068435102e-03
562,1.405000000e-02,7.523603064e-03,1.851664014e+01,1.784822979e+01,6.643171451e-01,4.093206425e-03
563,1.407500000e-02,7.541032202e-03,1.858022187e+01,1.790703857e+01,6.690653251e-01,4.117974885e-03
564,1.410000000e-02,7.558476485e-03,1.864389969e+01,1.796592595e+01,6.738309604e-01,4.142788521e-03
565,1.412500000e-02,7.575934517e-03,1.870767355e+01,1.802487632e+01,6.786295837e-01,4.167647495e-03
566,1.415000000e-02,7.593419571e-03,1.877154335e+01,1.808388698e+01,6.834637151e-01,4.192656583e-03
567,1.417500000e-02,7.610934098e-03,1.883550897e+01,1.814295775e+01,6.883334030e-01,4.217822260e-03
568,1.420000000e-02,7.628477800e-03,1.889957029e+01,1.820209584e+01,6.932313011e-01,4.243154099e-03
569,1.422500000e-02,7.646044296e-03,1.896372719e+01,1.826129662e+01,6.981619632e-01,4.268611483e-03
570,1.425000000e-02,7.663637177e-03,1.902797956e+01,1.832055904e+01,7.031262982e-01,4.294229210e-03
571,1.427500000e-02,7.681256998e-03,1.909232729e+01,1.837988927e+01,7.081179931e-01,4.320033567e-03
572,1.430000000e-02,7.698898309e-03,1.915677027e+01,1.843929042e+01,7.131338701e-01,4.345988956e-03
573,1.432500000e-02,7.716558286e-03,1.922130841e+01,1.849876330e+01,7.181730551e-01,4.372061646e-03
574,1.435000000e-02,7.734236039e-03,1.928594163e+01,1.855830102e+01,7.232423600e-01,4.398247956e-03
575,1.437500000e-02,7.751936840e-03,1.935066983e+01,1.861790116e+01,7.283440646e-01,4.424598764e-03
576,1.440000000e-02,7.769662796e-03,1.941549290e+01,1.867756101e+01,7.334807648e-01,4.451119029e-03
577,1.442500000e-02,7.787416064e-03,1.948041072e+01,1.873728131e+01,7.386515972e-01,4.477816209e-03
578,1.445000000e-02,7.805196261e-03,1.954542318e+01,1.879706925e+01,7.438492643e-01,4.504665265e-03
579,1.447500000e-02,7.822997460e-03,1.961053017e+01,1.885692801e+01,7.490705490e-01,4.531614073e-03
580,1.450000000e-02,7.840816803e-03,1.967573160e+01,1.891685881e+01,7.543141616e-01,4.558629883e-03
581,1.452500000e-02,7.858653517e-03,1.974102739e+01,1.897686108e+01,7.595806280e-01,4.585686004e-03
582,1.455000000e-02,7.876507687e-03,1.980641746e+01,1.903693071e+01,7.648739374e-01,4.612812866e-03
583,1.457500000e-02,7.894382193e-03,1.987190174e+01,1.909706973e+01,7.701919374e-01,4.640070081e-03
584,1.460000000e-02,7.912275348e-03,1.993748012e+01,1.915728297e+01,7.755297276e-01,4.667417972e-03
585,1.462500000e-02,7.930183461e-03,2.000315253e+01,1.921757564e+01,7.808820752e-01,4.694812464e-03
586,1.465000000e-02,7.948102108e-03,2.006891891e+01,1.927795106e+01,7.862456354e-01,4.722218496e-03
587,1.467500000e-02,7.966028464e-03,2.013477923e+01,1.933841089e+01,7.916187339e-01,4.749611700e-03
588,1.470000000e-02,7.983961104e-03,2.020073344e+01,1.939895147e+01,7.970049951e-01,4.776977345e-03
589,1.472500000e-02,8.001902798e-03,2.026678151e+01,1.945956698e+01,8.024101968e-01,4.804330480e-03
590,1.475000000e-02,8.019858113e-03,2.033292337e+01,1.952024859e+01,8.078430648e-01,4.831716886e-03
591,1.477500000e-02,8.037834133e-03,2.039915896e+01,1.958099964e+01,8.133001008e-01,4.859215147e-03
592,1.480000000e-02,8.055828014e-03,2.046548818e+01,1.964181101e+01,8.187903510e-01,4.886818906e-03
593,1.482500000e-02,8.073846697e-03,2.053191094e+01,1.970268326e+01,8.243130838e-01,4.914599697e-03
594,1.485000000e-02,8.091889649e-03,2.059842712e+01,1.976362273e+01,8.298618352e-01,4.942554674e-03
595,1.487500000e-02,8.109951823e-03,2.066503663e+01,1.982463184e+01,8.354341666e-01,4.970626739e-03
596,1.490000000e-02,8.128031429e-03,2.073173938e+01,1.988570806e+01,8.410325419e-01,4.998772739e-03
597,1.492500000e-02,8.146130254e-03,2.079853529e+01,1.994685147e+01,8.466567989e-01,5.027018547e-03
598,1.495000000e-02,8.164247974e-03,2.086542426e+01,2.000805264e+01,8.523162315e-01,5.055388847e-03
599,1.497500000e-02,8.182391628e-03,2.093240621e+01,2.006930247e+01,8.580197884e-01,5.083954743e-03
600,1.500000000e-02,8.200568112e-03,2.099948099e+01,2.013060121e+01,8.637669917e-01,5.112787168e-03
601,1.502500000e-02,8.218777232e-03,2.106664846e+01,2.019195125e+01,8.695553306e-01,5.141882727e-03
602,1.505000000e-02,8.237016857e-03,2.113390847e+01,2.025335640e+01,8.753808509e-01,5.171220994e-03
603,1.507500000e-02,8.255283829e-03,2.120126090e+01,2.031482545e+01,8.812346775e-01,5.200777517e-03
604,1.510000000e-02,8.273571310e-03,2.126870564e+01,2.037636504e+01,8.871101172e-01,5.230475242e-03
605,1.512500000e-02,8.291874065e-03,2.133624259e+01,2.043797640e+01,8.930059363e-01,5.260252591e-03
606,1.515000000e-02,8.310191094e-03,2.140387170e+01,2.049966382e+01,8.989178097e-01,5.290073963e-03
607,1.517500000e-02,8.328519052e-03,2.147159290e+01,2.056142995e+01,9.048430446e-01,5.319909364e-03
608,1.520000000e-02,8.346855898e-03,2.153940614e+01,2.062327413e+01,9.107822783e-01,5.349733569e-03
609,1.522500000e-02,8.365202126e-03,2.160731139e+01,2.068518593e+01,9.167459108e-01,5.379546136e-03
610,1.525000000e-02,8.383565237e-03,2.167530856e+01,2.074716725e+01,9.227318427e-01,5.409470214e-03
611,1.527500000e-02,8.401943686e-03,2.174339760e+01,2.080921838e+01,9.287397348e-01,5.439480282e-03
612,1.530000000e-02,8.420337211e-03,2.181157842e+01,2.087133771e+01,9.347711469e-01,5.469561138e-03
613,1.532500000e-02,8.438747149e-03,2.187985095e+01,2.093353051e+01,9.408207406e-01,5.499702445e-03
614,1.535000000e-02,8.457169506e-03,2.194821513e+01,2.099580093e+01,9.468843207e-01,5.529874119e-03
615,1.537500000e-02,8.475601030e-03,2.201667090e+01,2.105814357e+01,9.529672798e-01,5.560050084e-03
616,1.540000000e-02,8.494045694e-03,2.208521820e+01,2.112054461e+01,9.590833172e-01,5.590265245e-03
617,1.542500000e-02,8.512513824e-03,2.215385695e+01,2.118300950e+01,9.652268231e-01,5.620628026e-03
618,1.545000000e-02,8.531001264e-03,2.222258705e+01,2.124553356e+01,9.714023833e-01,5.651109393e-03
619,1.547500000e-02,8.549511263e-03,2.229140841e+01,2.130811114e+01,9.776155228e-01,5.681748950e-03
620,1.550000000e-02,8.568047821e-03,2.236032091e+01,2.137074883e+01,9.838594981e-01,5.712590434e-03
621,1.552500000e-02,8.586606151e-03,2.242932445e+01,2.143345311e+01,9.901277518e-01,5.743579066e-03
622,1.555000000e-02,8.605181316e-03,2.249841892e+01,2.149622426e+01,9.964199978e-01,5.774657799e-03
623,1.557500000e-02,8.623773022e-03,2.256760426e+01,2.155905930e+01,1.002739142e+00,5.805813002e-03
624,1.560000000e-02,8.642383220e-03,2.263688037e+01,2.162194713e+01,1.009096154e+00,5.837089746e-03
625,1.562500000e-02,8.661019907e-03,2.270624717e+01,2.168488498e+01,1.015493618e+00,5.868575983e-03
626,1.565000000e-02,8.679684893e-03,2.277570452e+01,2.174787392e+01,1.021930270e+00,5.900322904e-03
627,1.567500000e-02,8.698377195e-03,2.284525229e+01,2.181091274e+01,1.028407230e+00,5.932311477e-03
628,1.570000000e-02,8.717097682e-03,2.291489035e+01,2.187399786e+01,1.034927980e+00,5.964507147e-03
629,1.572500000e-02,8.735848911e-03,2.298461858e+01,2.193713762e+01,1.041484036e+00,5.996923334e-03
630,1.575000000e-02,8.754625092e-03,2.305443684e+01,2.200034014e+01,1.048067208e+00,6.029487604e-03
631,1.577500000e-02,8.773420201e-03,2.312434503e+01,2.206360842e+01,1.054674472e+00,6.062134768e-03
632,1.580000000e-02,8.792232112e-03,2.319434308e+01,2.212694723e+01,1.061301032e+00,6.094820684e-03
633,1.582500000e-02,8.811057270e-03,2.326443091e+01,2.219035432e+01,1.067949079e+00,6.127512218e-03
634,1.585000000e-02,8.829897345e-03,2.333460846e+01,2.225382923e+01,1.074619027e+00,6.160201916e-03
635,1.587500000e-02,8.848752692e-03,2.340487567e+01,2.231737018e+01,1.081312592e+00,6.192896048e-03
636,1.590000000e-02,8.867624649e-03,2.347523245e+01,2.238096829e+01,1.088038556e+00,6.225600933e-03
637,1.592500000e-02,8.886519264e-03,2.354567872e+01,2.244462219e+01,1.094798104e+00,6.258431273e-03
638,1.595000000e-02,8.905437387e-03,2.361621438e+01,2.250833691e+01,1.101586073e+00,6.291401215e-03
639,1.597500000e-02,8.924375170e-03,2.368683934e+01,2.257211651e+01,1.108398363e+00,6.324467096e-03
640,1.600000000e-02,8.943329527e-03,2.375755349e+01,2.263595887e+01,1.115237030e+00,6.357593532e-03
641,1.602500000e-02,8.962301670e-03,2.382835678e+01,2.269986270e+01,1.122103286e+00,6.390788299e-03
642,1.605000000e-02,8.981292496e-03,2.389924911e+01,2.276382291e+01,1.129002124e+00,6.424077501e-03
643,1.607500000e-02,9.000305741e-03,2.397023038e+01,2.282783473e+01,1.135938173e+00,6.457479928e-03
644,1.610000000e-02,9.019344774e-03,2.404130050e+01,2.289189812e+01,1.142911344e+00,6.491039988e-03
645,1.612500000e-02,9.038409441e-03,2.411245934e+01,2.295601534e+01,1.149919225e+00,6.524774460e-03
646,1.615000000e-02,9.057497822e-03,2.418370679e+01,2.302018631e+01,1.156961803e+00,6.558677014e-03
647,1.617500000e-02,9.076609796e-03,2.425504275e+01,2.308441274e+01,1.164037271e+00,6.592732146e-03
648,1.620000000e-02,9.095744364e-03,2.432646710e+01,2.314869735e+01,1.171142852e+00,6.626898280e-03
649,1.622500000e-02,9.114899522e-03,2.439797976e+01,2.321304555e+01,1.178273047e+00,6.661154466e-03
650,1.625000000e-02,9.134071220e-03,2.446958063e+01,2.327744622e+01,1.185438939e+00,6.695472050e-03
651,1.627500000e-02,9.153266788e-03,2.454126962e+01,2.334189502e+01,1.192644645e+00,6.729953894e-03
652,1.630000000e-02,9.172489095e-03,2.461304662e+01,2.340639103e+01,1.199890951e+00,6.764643796e-03
653,1.632500000e-02,9.191738572e-03,2.468491151e+01,2.347093542e+01,1.207176536e+00,6.799549176e-03
654,1.635000000e-02,9.211014104e-03,2.475686415e+01,2.353552767e+01,1.214501809e+00,6.834665214e-03
655,1.637500000e-02,9.230316089e-03,2.482890443e+01,2.360016908e+01,1.221865377e+00,6.869973921e-03
656,1.640000000e-02,9.249643723e-03,2.490103223e+01,2.366486554e+01,1.229261242e+00,6.905443056e-03
657,1.642500000e-02,9.268993178e-03,2.497324744e+01,2.372962101e+01,1.236685412e+00,6.941013706e-03
658,1.645000000e-02,9.288361531e-03,2.504554996e+01,2.379443641e+01,1.244136906e+00,6.976652435e-03
659,1.647500000e-02,9.307748019e-03,2.511793972e+01,2.385931151e+01,1.251615865e+00,7.012349810e-03
660,1.650000000e-02,9.327152561e-03,2.519041663e+01,2.392425153e+01,1.259116998e+00,7.048105503e-03
661,1.652500000e-02,9.346571419e-03,2.526298061e+01,2.398925543e+01,1.266641296e+00,7.083893062e-03
662,1.655000000e-02,9.366005108e-03,2.533563160e+01,2.405431234e+01,1.274199551e+00,7.119708703e-03
663,1.657500000e-02,9.385460918e-03,2.540836951e+01,2.411942472e+01,1.281789135e+00,7.155655319e-03
664,1.660000000e-02,9.404936990e-03,2.548119424e+01,2.418459855e+01,1.289403950e+00,7.191739457e-03
665,1.662500000e-02,9.424429092e-03,2.555410570e+01,2.424983617e+01,1.297041617e+00,7.227911339e-03
666,1.665000000e-02,9.443935884e-03,2.562710382e+01,2.431513573e+01,1.304703954e+00,7.264128831e-03
667,1.667500000e-02,9.463458535e-03,2.570018853e+01,2.438049642e+01,1.312391711e+00,7.300402040e-03
668,1.670000000e-02,9.482997485e-03,2.577335976e+01,2.444591546e+01,1.320107560e+00,7.336732471e-03
669,1.672500000e-02,9.502554274e-03,2.584661742e+01,2.451138579e+01,1.327858473e+00,7.373152729e-03
670,1.675000000e-02,9.522133635e-03,2.591996142e+01,2.457689712e+01,1.335654565e+00,7.409731151e-03
671,1.677500000e-02,9.541742403e-03,2.599339164e+01,2.464245368e+01,1.343491426e+00,7.446533019e-03
672,1.680000000e-02,9.561377757e-03,2.606690795e+01,2.470805739e+01,1.351367019e+00,7.483541869e-03
673,1.682500000e-02,9.581038328e-03,2.614051023e+01,2.477371049e+01,1.359279024e+00,7.520718966e-03
674,1.685000000e-02,9.600722544e-03,2.621419837e+01,2.483941756e+01,1.367222769e+00,7.558035190e-03
675,1.687500000e-02,9.620427361e-03,2.628797227e+01,2.490518217e+01,1.375194650e+00,7.595447008e-03
676,1.690000000e-02,9.640150256e-03,2.636183183e+01,2.497099822e+01,1.383200679e+00,7.632931590e-03
677,1.692500000e-02,9.659894720e-03,2.643577697e+01,2.503686512e+01,1.391241268e+00,7.670587304e-03
678,1.695000000e-02,9.679660850e-03,2.650980759e+01,2.510277657e+01,1.399322569e+00,7.708447944e-03
679,1.697500000e-02,9.699452763e-03,2.658392357e+01,2.516873553e+01,1.407441494e+00,7.746544264e-03
680,1.700000000e-02,9.719268366e-03,2.665812479e+01,2.523473954e+01,1.415600402e+00,7.784852682e-03
681,1.702500000e-02,9.739109145e-03,2.673241115e+01,2.530079038e+01,1.423797389e+00,7.823376623e-03
682,1.705000000e-02,9.758973716e-03,2.680678252e+01,2.536689383e+01,1.432026600e+00,7.862089506e-03
683,1.707500000e-02,9.778858173e-03,2.688123880e+01,2.543304917e+01,1.440288687e+00,7.900945459e-03
684,1.710000000e-02,9.798762849e-03,2.695577990e+01,2.549926098e+01,1.448578988e+00,7.939937581e-03
685,1.712500000e-02,9.818684922e-03,2.703040573e+01,2.556552859e+01,1.456898103e+00,7.979033635e-03
686,1.715000000e-02,9.838624920e-03,2.710511619e+01,2.563185126e+01,1.465246716e+00,8.018219055e-03
687,1.717500000e-02,9.858583487e-03,2.717991122e+01,2.569823184e+01,1.473621897e+00,8.057487451e-03
688,1.720000000e-02,9.878558761e-03,2.725479072e+01,2.576466168e+01,1.482032224e+00,8.096824452e-03
689,1.722500000e-02,9.898556036e-03,2.732975461e+01,2.583114430e+01,1.490473972e+00,8.136337951e-03
690,1.725000000e-02,9.918572788e-03,2.740480279e+01,2.589768543e+01,1.498941341e+00,8.176013665e-03
691,1.727500000e-02,9.938605172e-03,2.747993517e+01,2.596428538e+01,1.507433977e+00,8.215810421e-03
692,1.730000000e-02,9.958653161e-03,2.755515168e+01,2.603094402e+01,1.515951943e+00,8.255717642e-03
693,1.732500000e-02,9.978716599e-03,2.763045226e+01,2.609765654e+01,1.524499955e+00,8.295758757e-03
694,1.735000000e-02,9.998798489e-03,2.770583680e+01,2.616441785e+01,1.533082986e+00,8.335963873e-03
695,1.737500000e-02,1.001890187e-02,2.778130524e+01,2.623122100e+01,1.541707837e+00,8.376397283e-03
696,1.740000000e-02,1.003903097e-02,2.785685744e+01,2.629806802e+01,1.550372273e+00,8.417142907e-03
697,1.742500000e-02,1.005918434e-02,2.793249330e+01,2.636495733e+01,1.559077769e+00,8.458192637e-03
698,1.745000000e-02,1.007936288e-02,2.800821269e+01,2.643189712e+01,1.567816026e+00,8.499539061e-03
699,1.747500000e-02,1.009956123e-02,2.808401551e+01,2.649889411e+01,1.576580271e+00,8.541137151e-03
700,1.750000000e-02,1.011977497e-02,2.815990168e+01,2.656595257e+01,1.585366170e+00,8.582947282e-03
701,1.752500000e-02,1.014000120e-02,2.823587113e+01,2.663306446e+01,1.594181724e+00,8.624950528e-03
702,1.755000000e-02,1.016024513e-02,2.831192378e+01,2.670021861e+01,1.603037960e+00,8.667212024e-03
703,1.757500000e-02,1.018051377e-02,2.838805953e+01,2.676740974e+01,1.611939923e+00,8.709875458e-03
704,1.760000000e-02,1.020081028e-02,2.846427826e+01,2.683462301e+01,1.620902251e+00,8.753006204e-03
705,1.762500000e-02,1.022114391e-02,2.854057982e+01,2.690185671e+01,1.629926414e+00,8.796696634e-03
706,1.765000000e-02,1.024151582e-02,2.861696402e+01,2.696912353e+01,1.638999504e+00,8.840989881e-03
707,1.767500000e-02,1.026191784e-02,2.869343072e+01,2.703643030e+01,1.648114595e+00,8.885830407e-03
708,1.770000000e-02,1.028234540e-02,2.876997978e+01,2.710377941e+01,1.657269176e+00,8.931191329e-03
709,1.772500000e-02,1.030279681e-02,2.884661108e+01,2.717117906e+01,1.666454937e+00,8.977084476e-03
710,1.775000000e-02,1.032326674e-02,2.892332453e+01,2.723863325e+01,1.675667767e+00,9.023507230e-03
711,1.777500000e-02,1.034375255e-02,2.900012004e+01,2.730614465e+01,1.684904909e+00,9.070474358e-03
712,1.780000000e-02,1.036425246e-02,2.907699753e+01,2.737371676e+01,1.694162751e+00,9.118019414e-03
713,1.782500000e-02,1.038476415e-02,2.915395694e+01,2.744134417e+01,1.703446586e+00,9.166186272e-03
714,1.785000000e-02,1.040529080e-02,2.923099821e+01,2.750901826e+01,1.712764841e+00,9.215106321e-03
715,1.787500000e-02,1.042583771e-02,2.930812124e+01,2.757674332e+01,1.722112998e+00,9.264927770e-03
716,1.790000000e-02,1.044640208e-02,2.938532595e+01,2.764451678e+01,1.731493456e+00,9.315711466e-03
717,1.792500000e-02,1.046698542e-02,2.946261224e+01,2.771233714e+01,1.740907533e+00,9.367573083e-03
718,1.795000000e-02,1.048758863e-02,2.953998002e+01,2.778019276e+01,1.750366614e+00,9.420643590e-03
719,1.797500000e-02,1.050821921e-02,2.961742918e+01,2.784806208e+01,1.759892017e+00,9.475081008e-03
720,1.800000000e-02,1.052889110e-02,2.969495955e+01,2.791593049e+01,1.769498018e+00,9.531041770e-03
721,1.802500000e-02,1.054961359e-02,2.977257093e+01,2.798378241e+01,1.779199950e+00,9.588570038e-03
722,1.805000000e-02,1.057039591e-02,2.985026307e+01,2.805161281e+01,1.789002591e+00,9.647673593e-03
723,1.807500000e-02,1.059124078e-02,2.992803570e+01,2.811942902e+01,1.798898380e+00,9.708300180e-03
724,1.810000000e-02,1.061214341e-02,3.000588853e+01,2.818724099e+01,1.808877227e+00,9.770317801e-03
725,1.812500000e-02,1.063309729e-02,3.008382133e+01,2.825504352e+01,1.818944215e+00,9.833592500e-03
726,1.815000000e-02,1.065410520e-02,3.016183384e+01,2.832283551e+01,1.829100249e+00,9.898081360e-03
727,1.817500000e-02,1.067516782e-02,3.023992584e+01,2.839060833e+01,1.839353785e+00,9.963728958e-03
728,1.820000000e-02,1.069629022e-02,3.031809705e+01,2.845835781e+01,1.849708673e+00,1.003056417e-02
729,1.822500000e-02,1.071747429e-02,3.039634720e+01,2.852608608e+01,1.860162507e+00,1.009860584e-02
730,1.825000000e-02,1.073871824e-02,3.047467601e+01,2.859380029e+01,1.870707927e+00,1.016778683e-02
731,1.827500000e-02,1.076001726e-02,3.055308321e+01,2.866151079e+01,1.881334425e+00,1.023799393e-02
732,1.830000000e-02,1.078136460e-02,3.063156857e+01,2.872922581e+01,1.892033648e+00,1.030911349e-02
733,1.832500000e-02,1.080275502e-02,3.071013188e+01,2.879694631e+01,1.902804554e+00,1.038102147e-02
734,1.835000000e-02,1.082418778e-02,3.078877293e+01,2.886467724e+01,1.913642054e+00,1.045364404e-02
735,1.837500000e-02,1.084565989e-02,3.086749154e+01,2.893242301e+01,1.924541634e+00,1.052689623e-02
736,1.840000000e-02,1.086716874e-02,3.094628753e+01,2.900019281e+01,1.935494018e+00,1.060070181e-02
737,1.842500000e-02,1.088870849e-02,3.102516074e+01,2.906799293e+01,1.946492819e+00,1.067498475e-02
738,1.845000000e-02,1.091027495e-02,3.110411103e+01,2.913582051e+01,1.957540838e+00,1.074968042e-02
739,1.847500000e-02,1.093186952e-02,3.118313828e+01,2.920366228e+01,1.968651203e+00,1.082479595e-02
740,1.850000000e-02,1.095349984e-02,3.126224233e+01,2.927151679e+01,1.979825091e+00,1.090044958e-02
741,1.852500000e-02,1.097516660e-02,3.134142301e+01,2.933938571e+01,1.991060634e+00,1.097665617e-02
742,1.855000000e-02,1.099686856e-02,3.142068014e+01,2.940727081e+01,2.002355942e+00,1.105339610e-02
743,1.857500000e-02,1.101860470e-02,3.150001358e+01,2.947517014e+01,2.013712816e+00,1.113062042e-02
744,1.860000000e-02,1.104037610e-02,3.157942314e+01,2.954308074e+01,2.025134055e+00,1.120834066e-02
745,1.862500000e-02,1.106218427e-02,3.165890866e+01,2.961100250e+01,2.036619591e+00,1.128656968e-02
746,1.865000000e-02,1.108402894e-02,3.173846997e+01,2.967893688e+01,2.048167799e+00,1.136529395e-02
747,1.867500000e-02,1.110590909e-02,3.181810689e+01,2.974688151e+01,2.059780877e+00,1.144450421e-02
748,1.870000000e-02,1.112782590e-02,3.189781925e+01,2.981483615e+01,2.071458921e+00,1.152417898e-02
749,1.872500000e-02,1.114977943e-02,3.197760688e+01,2.988280008e+01,2.083202484e+00,1.160431521e-02
750,1.875000000e-02,1.117177001e-02,3.205746959e+01,2.995077601e+01,2.095008686e+00,1.168490252e-02
751,1.877500000e-02,1.119379589e-02,3.213740723e+01,3.001875949e+01,2.106881830e+00,1.176590928e-02
752,1.880000000e-02,1.121585973e-02,3.221741961e+01,3.008674455e+01,2.118827695e+00,1.184737053e-02
753,1.882500000e-02,1.123796500e-02,3.229750655e+01,3.015472035e+01,2.130856869e+00,1.192933045e-02
754,1.885000000e-02,1.126011798e-02,3.237766784e+01,3.022269720e+01,2.142958789e+00,1.201185398e-02
755,1.887500000e-02,1.128231227e-02,3.245790327e+01,3.029068318e+01,2.155125210e+00,1.209488034e-02
756,1.890000000e-02,1.130454273e-02,3.253821265e+01,3.035867736e+01,2.167356939e+00,1.217834713e-02
757,1.892500000e-02,1.132680957e-02,3.261859582e+01,3.042668720e+01,2.179646373e+00,1.226224900e-02
758,1.895000000e-02,1.134910860e-02,3.269905261e+01,3.049471236e+01,2.191993735e+00,1.234651806e-02
759,1.897500000e-02,1.137144017e-02,3.277958287e+01,3.056275744e+01,2.204394316e+00,1.243111389e-02
760,1.900000000e-02,1.139380153e-02,3.286018644e+01,3.063082732e+01,2.216843129e+00,1.251599355e-02
761,1.902500000e-02,1.141618953e-02,3.294086320e+01,3.069892790e+01,2.229334191e+00,1.260111405e-02
762,1.905000000e-02,1.143860043e-02,3.302161303e+01,3.076704518e+01,2.241881418e+00,1.268643450e-02
763,1.907500000e-02,1.146104203e-02,3.310243579e+01,3.083517024e+01,2.254493454e+00,1.277209911e-02
764,1.910000000e-02,1.148351911e-02,3.318333133e+01,3.090330620e+01,2.267166910e+00,1.285822486e-02
765,1.912500000e-02,1.150602961e-02,3.326429948e+01,3.097144933e+01,2.279905376e+00,1.294477248e-02
766,1.915000000e-02,1.152857566e-02,3.334534007e+01,3.103959781e+01,2.292710531e+00,1.303173196e-02
767,1.917500000e-02,1.155115848e-02,3.342645293e+01,3.110775354e+01,2.305580274e+00,1.311911467e-02
768,1.920000000e-02,1.157377704e-02,3.350763789e+01,3.117592289e+01,2.318508107e+00,1.320689809e-02
769,1.922500000e-02,1.159642736e-02,3.358889479e+01,3.124410840e+01,2.331491349e+00,1.329503642e-02
770,1.925000000e-02,1.161910764e-02,3.367022347e+01,3.131230578e+01,2.344534175e+00,1.338351189e-02
771,1.927500000e-02,1.164182022e-02,3.375162379e+01,3.138050235e+01,2.357649100e+00,1.347234308e-02
772,1.930000000e-02,1.166457227e-02,3.383309558e+01,3.144869305e+01,2.370840890e+00,1.356163909e-02
773,1.932500000e-02,1.168736646e-02,3.391463864e+01,3.151688131e+01,2.384105923e+00,1.365141092e-02
774,1.935000000e-02,1.171020081e-02,3.399625277e+01,3.158507053e+01,2.397440630e+00,1.374161401e-02
775,1.937500000e-02,1.173307307e-02,3.407793780e+01,3.165326296e+01,2.410842607e+00,1.383223675e-02
776,1.940000000e-02,1.175598199e-02,3.415969354e+01,3.172145708e+01,2.424313163e+00,1.392329182e-02
777,1.942500000e-02,1.177892801e-02,3.424151981e+01,3.178964991e+01,2.437855096e+00,1.401481127e-02
778,1.945000000e-02,1.180191257e-02,3.432341644e+01,3.185784122e+01,2.451468403e+00,1.410681623e-02
779,1.947500000e-02,1.182493557e-02,3.440538324e+01,3.192603481e+01,2.465149146e+00,1.419927971e-02
780,1.950000000e-02,1.184799473e-02,3.448742003e+01,3.199423200e+01,2.478895874e+00,1.429215059e-02
781,1.952500000e-02,1.187108917e-02,3.456952664e+01,3.206244125e+01,2.492699961e+00,1.438541980e-02
782,1.955000000e-02,1.189421393e-02,3.465170290e+01,3.213066863e+01,2.506555252e+00,1.447902050e-02
783,1.957500000e-02,1.191736538e-02,3.473394869e+01,3.219890993e+01,2.520465863e+00,1.457289550e-02
784,1.960000000e-02,1.194054585e-02,3.481626385e+01,3.226715500e+01,2.534441812e+00,1.466703908e-02
785,1.962500000e-02,1.196376087e-02,3.489864825e+01,3.233540022e+01,2.548486479e+00,1.476154786e-02
786,1.965000000e-02,1.198701243e-02,3.498110170e+01,3.240364838e+01,2.562596848e+00,1.485647699e-02
787,1.967500000e-02,1.201029880e-02,3.506362404e+01,3.247189788e+01,2.576774325e+00,1.495183097e-02
788,1.970000000e-02,1.203362057e-02,3.514621509e+01,3.254015374e+01,2.591013697e+00,1.504764744e-02
789,1.972500000e-02,1.205697467e-02,3.522887469e+01,3.260841500e+01,2.605315813e+00,1.514387097e-02
790,1.975000000e-02,1.208036153e-02,3.531160267e+01,3.267668518e+01,2.619676993e+00,1.524049653e-02
791,1.977500000e-02,1.210377893e-02,3.539439890e+01,3.274496845e+01,2.634092936e+00,1.533750491e-02
792,1.980000000e-02,1.212722446e-02,3.547726321e+01,3.281325607e+01,2.648572302e+00,1.543483653e-02
793,1.982500000e-02,1.215070288e-02,3.556019546e+01,3.288152929e+01,2.663133643e+00,1.553252790e-02
794,1.985000000e-02,1.217422459e-02,3.564319546e+01,3.294979270e+01,2.677772025e+00,1.563074358e-02
795,1.987500000e-02,1.219778682e-02,3.572626302e+01,3.301804641e+01,2.692487151e+00,1.572946258e-02
796,1.990000000e-02,1.222138944e-02,3.580939794e+01,3.308628846e+01,2.707280795e+00,1.582868659e-02
797,1.992500000e-02,1.224503353e-02,3.589260002e+01,3.315452639e+01,2.722145239e+00,1.592839390e-02
798,1.995000000e-02,1.226871472e-02,3.597586907e+01,3.322276331e+01,2.737077237e+00,1.602852878e-02
799,1.997500000e-02,1.229243105e-02,3.605920492e+01,3.329099826e+01,2.752077576e+00,1.612908825e-02
800,2.000000000e-02,1.231618275e-02,3.614260740e+01,3.335923372e+01,2.767143579e+00,1.623010003e-02
801,2.002500000e-02,1.233996821e-02,3.622607634e+01,3.342746098e+01,2.782283822e+00,1.633153870e-02
802,2.005000000e-02,1.236379228e-02,3.630961156e+01,3.349568099e+01,2.797497129e+00,1.643344259e-02
803,2.007500000e-02,1.238765425e-02,3.639321288e+01,3.356390156e+01,2.812775524e+00,1.653578944e-02
804,2.010000000e-02,1.241154960e-02,3.647688012e+01,3.363212366e+01,2.828117938e+00,1.663852502e-02
805,2.012500000e-02,1.243547758e-02,3.656061313e+01,3.370034157e+01,2.843529918e+00,1.674164403e-02
806,2.015000000e-02,1.245944104e-02,3.664441173e+01,3.376855011e+01,2.859016427e+00,1.684519450e-02
807,2.017500000e-02,1.248344305e-02,3.672827575e+01,3.383674600e+01,2.874580542e+00,1.694920329e-02
808,2.020000000e-02,1.250748522e-02,3.681220499e+01,3.390493612e+01,2.890215169e+00,1.705370334e-02
809,2.022500000e-02,1.253156364e-02,3.689619928e+01,3.397312594e+01,2.905914699e+00,1.715863740e-02
810,2.025000000e-02,1.255567540e-02,3.698025844e+01,3.404131078e+01,2.921683718e+00,1.726394168e-02
811,2.027500000e-02,1.257982317e-02,3.706438230e+01,3.410947715e+01,2.937535498e+00,1.736965701e-02
812,2.030000000e-02,1.260401401e-02,3.714857068e+01,3.417762712e+01,2.953467689e+00,1.747587043e-02
813,2.032500000e-02,1.262824654e-02,3.723282338e+01,3.424576016e+01,2.969480613e+00,1.758260758e-02
814,2.035000000e-02,1.265252078e-02,3.731714019e+01,3.431387201e+01,2.985578324e+00,1.768985964e-02
815,2.037500000e-02,1.267683886e-02,3.740152091e+01,3.438196715e+01,3.001756114e+00,1.779765239e-02
816,2.040000000e-02,1.270119817e-02,3.748596534e+01,3.445005193e+01,3.018007461e+00,1.790595720e-02
817,2.042500000e-02,1.272559505e-02,3.757047329e+01,3.451812924e+01,3.034329325e+00,1.801473036e-02
818,2.045000000e-02,1.275002768e-02,3.765504458e+01,3.458619987e+01,3.050720760e+00,1.812394911e-02
819,2.047500000e-02,1.277449552e-02,3.773967903e+01,3.465426177e+01,3.067183682e+00,1.823358348e-02
820,2.050000000e-02,1.279899963e-02,3.782437648e+01,3.472230885e+01,3.083723994e+00,1.834363868e-02
821,2.052500000e-02,1.282354318e-02,3.790913674e+01,3.479034246e+01,3.100340155e+00,1.845411741e-02
822,2.055000000e-02,1.284812552e-02,3.799395962e+01,3.485835969e+01,3.117034911e+00,1.856502003e-02
823,2.057500000e-02,1.287274801e-02,3.807884493e+01,3.492636530e+01,3.133803229e+00,1.867640867e-02
824,2.060000000e-02,1.289740782e-02,3.816379250e+01,3.499435900e+01,3.150645250e+00,1.878824492e-02
825,2.062500000e-02,1.292210491e-02,3.824880213e+01,3.506233695e+01,3.167564644e+00,1.890053793e-02
826,2.065000000e-02,1.294684099e-02,3.833387365e+01,3.513029548e+01,3.184564851e+00,1.901331882e-02
827,2.067500000e-02,1.297161771e-02,3.841900685e+01,3.519823054e+01,3.201649708e+00,1.912660650e-02
828,2.070000000e-02,1.299643701e-02,3.850420155e+01,3.526613985e+01,3.218821266e+00,1.924043830e-02
829,2.072500000e-02,1.302129997e-02,3.858945753e+01,3.533402576e+01,3.236076932e+00,1.935483514e-02
830,2.075000000e-02,1.304620513e-02,3.867477458e+01,3.540188793e+01,3.253416859e+00,1.946979624e-02
831,2.077500000e-02,1.307115244e-02,3.876015250e+01,3.546972855e+01,3.270838665e+00,1.958528814e-02
832,2.080000000e-02,1.309614067e-02,3.884559109e+01,3.553755840e+01,3.288331417e+00,1.970126798e-02
833,2.082500000e-02,1.312116393e-02,3.893109016e+01,3.560537095e+01,3.305901551e+00,1.981765688e-02
834,2.085000000e-02,1.314622577e-02,3.901664954e+01,3.567316432e+01,3.323550732e+00,1.993447985e-02
835,2.087500000e-02,1.317132700e-02,3.910226903e+01,3.574092415e+01,3.341293090e+00,2.005178680e-02
836,2.090000000e-02,1.319647485e-02,3.918794843e+01,3.580865765e+01,3.359121035e+00,2.016974090e-02
837,2.092500000e-02,1.322166507e-02,3.927368752e+01,3.587637247e+01,3.377026751e+00,2.028829816e-02
838,2.095000000e-02,1.324689344e-02,3.935948610e+01,3.594406556e+01,3.395013167e+00,2.040737651e-02
839,2.097500000e-02,1.327216174e-02,3.944534399e+01,3.601174299e+01,3.413074043e+00,2.052695423e-02
840,2.100000000e-02,1.329746676e-02,3.953126100e+01,3.607940917e+01,3.431204872e+00,2.064696088e-02
841,2.102500000e-02,1.332280589e-02,3.961723696e+01,3.614706509e+01,3.449404495e+00,2.076737192e-02
842,2.105000000e-02,1.334817842e-02,3.970327169e+01,3.621471105e+01,3.467672453e+00,2.088818146e-02
843,2.107500000e-02,1.337358402e-02,3.978936504e+01,3.628234210e+01,3.486013539e+00,2.100939655e-02
844,2.110000000e-02,1.339902510e-02,3.987551684e+01,3.634995415e+01,3.504431651e+00,2.113103230e-02
845,2.112500000e-02,1.342450357e-02,3.996172690e+01,3.641753175e+01,3.522942037e+00,2.125311655e-02
846,2.115000000e-02,1.345002748e-02,4.004799503e+01,3.648507534e+01,3.541543910e+00,2.137578377e-02
847,2.117500000e-02,1.347559647e-02,4.013432101e+01,3.655258993e+01,3.560232053e+00,2.149903318e-02
848,2.120000000e-02,1.350120778e-02,4.022070463e+01,3.662006954e+01,3.579012260e+00,2.162282416e-02
849,2.122500000e-02,1.352686441e-02,4.030714567e+01,3.668751412e+01,3.597884318e+00,2.174722889e-02
850,2.125000000e-02,1.355256593e-02,4.039364391e+01,3.675492125e+01,3.616850410e+00,2.187225178e-02
851,2.127500000e-02,1.357831349e-02,4.048019914e+01,3.682228935e+01,3.635911905e+00,2.199788930e-02
852,2.130000000e-02,1.360410760e-02,4.056681113e+01,3.688962565e+01,3.655061298e+00,2.212418904e-02
853,2.132500000e-02,1.362994419e-02,4.065347967e+01,3.695693503e+01,3.674293546e+00,2.225109391e-02
854,2.135000000e-02,1.365582058e-02,4.074020455e+01,3.702421528e+01,3.693610747e+00,2.237852349e-02
855,2.137500000e-02,1.368173806e-02,4.082698558e+01,3.709147427e+01,3.713004865e+00,2.250644422e-02
856,2.140000000e-02,1.370769250e-02,4.091382256e+01,3.715871055e+01,3.732477225e+00,2.263478747e-02
857,2.142500000e-02,1.373368444e-02,4.100071531e+01,3.722591071e+01,3.752041023e+00,2.276358511e-02
858,2.145000000e-02,1.375972058e-02,4.108766364e+01,3.729306573e+01,3.771704906e+00,2.289300822e-02
859,2.147500000e-02,1.378580525e-02,4.117466732e+01,3.736018381e+01,3.791460374e+00,2.302313491e-02
860,2.150000000e-02,1.381193405e-02,4.126172611e+01,3.742726565e+01,3.811306581e+00,2.315387813e-02
861,2.152500000e-02,1.383810649e-02,4.134883982e+01,3.749432156e+01,3.831233053e+00,2.328520785e-02
862,2.155000000e-02,1.386431694e-02,4.143600824e+01,3.756135601e+01,3.851235201e+00,2.341703454e-02
863,2.157500000e-02,1.389056304e-02,4.152323119e+01,3.762836541e+01,3.871316492e+00,2.354928410e-02
864,2.160000000e-02,1.391684656e-02,4.161050848e+01,3.769535287e+01,3.891473660e+00,2.368195564e-02
865,2.162500000e-02,1.394316583e-02,4.169783994e+01,3.776232044e+01,3.911704456e+00,2.381504057e-02
866,2.165000000e-02,1.396951957e-02,4.178522540e+01,3.782925911e+01,3.932017753e+00,2.394852902e-02
867,2.167500000e-02,1.399591218e-02,4.187266466e+01,3.789616060e+01,3.952421576e+00,2.408248287e-02
868,2.170000000e-02,1.402234766e-02,4.196015754e+01,3.796302282e+01,3.972917713e+00,2.421700413e-02
869,2.172500000e-02,1.404882681e-02,4.204770381e+01,3.802984773e+01,3.993503926e+00,2.435215809e-02
870,2.175000000e-02,1.407534826e-02,4.213530327e+01,3.809662783e+01,4.014187540e+00,2.448790086e-02
871,2.177500000e-02,1.410191584e-02,4.222295571e+01,3.816336367e+01,4.034967739e+00,2.462429421e-02
872,2.180000000e-02,1.412852906e-02,4.231066088e+01,3.823005446e+01,4.055845058e+00,2.476136515e-02
873,2.182500000e-02,1.415518827e-02,4.239841858e+01,3.829669522e+01,4.076824286e+00,2.489907230e-02
874,2.185000000e-02,1.418189591e-02,4.248622858e+01,3.836328834e+01,4.097902759e+00,2.503747320e-02
875,2.187500000e-02,1.420865051e-02,4.257409063e+01,3.842983929e+01,4.119074791e+00,2.517654252e-02
876,2.190000000e-02,1.423544901e-02,4.266200452e+01,3.849634752e+01,4.140340761e+00,2.531623468e-02
877,2.192500000e-02,1.426229169e-02,4.274997003e+01,3.856281593e+01,4.161697616e+00,2.545648417e-02
878,2.195000000e-02,1.428917699e-02,4.283798696e+01,3.862924639e+01,4.183143300e+00,2.559727150e-02
879,2.197500000e-02,1.431610383e-02,4.292605509e+01,3.869563481e+01,4.204681691e+00,2.573858601e-02
880,2.200000000e-02,1.434307406e-02,4.301417422e+01,3.876197677e+01,4.226316944e+00,2.588050222e-02
881,2.202500000e-02,1.437008953e-02,4.310234412e+01,3.882826951e+01,4.248051503e+00,2.602310662e-02
882,2.205000000e-02,1.439715117e-02,4.319056459e+01,3.889451506e+01,4.269883124e+00,2.616639902e-02
883,2.207500000e-02,1.442425785e-02,4.327883538e+01,3.896072289e+01,4.291802138e+00,2.631035042e-02
884,2.210000000e-02,1.445140456e-02,4.336715630e+01,3.902689967e+01,4.313801759e+00,2.645486672e-02
885,2.212500000e-02,1.447858790e-02,4.345552714e+01,3.909304967e+01,4.335877606e+00,2.659986450e-02
886,2.215000000e-02,1.450580576e-02,4.354394774e+01,3.915917538e+01,4.358027081e+00,2.674527964e-02
887,2.217500000e-02,1.453305683e-02,4.363241792e+01,3.922526938e+01,4.380257453e+00,2.689108501e-02
888,2.220000000e-02,1.456034462e-02,4.372093750e+01,3.929132754e+01,4.402572619e+00,2.703734345e-02
889,2.222500000e-02,1.458767110e-02,4.380950630e+01,3.935733153e+01,4.424990697e+00,2.718407627e-02
890,2.225000000e-02,1.461504532e-02,4.389812411e+01,3.942327366e+01,4.447519019e+00,2.733142391e-02
891,2.227500000e-02,1.464247089e-02,4.398679068e+01,3.948915371e+01,4.470157435e+00,2.747953681e-02
892,2.230000000e-02,1.466994752e-02,4.407550577e+01,3.955497753e+01,4.492899826e+00,2.762841425e-02
893,2.232500000e-02,1.469747206e-02,4.416426913e+01,3.962075251e+01,4.515738623e+00,2.777799521e-02
894,2.235000000e-02,1.472504064e-02,4.425308053e+01,3.968647224e+01,4.538680094e+00,2.792820463e-02
895,2.237500000e-02,1.475265624e-02,4.434193977e+01,3.975213161e+01,4.561729047e+00,2.807911089e-02
896,2.240000000e-02,1.478032115e-02,4.443084658e+01,3.981773430e+01,4.584881542e+00,2.823073790e-02
897,2.242500000e-02,1.480803334e-02,4.451980075e+01,3.988328341e+01,4.608134311e+00,2.838303303e-02
898,2.245000000e-02,1.483579120e-02,4.460880204e+01,3.994877223e+01,4.631493877e+00,2.853593552e-02
899,2.247500000e-02,1.486359812e-02,4.469785022e+01,4.001420280e+01,4.654957968e+00,2.868944691e-02
900,2.250000000e-02,1.489145275e-02,4.478694504e+01,4.007957763e+01,4.678523851e+00,2.884356671e-02
901,2.252500000e-02,1.491935382e-02,4.487608630e+01,4.014490478e+01,4.702183231e+00,2.899828302e-02
902,2.255000000e-02,1.494729717e-02,4.496527375e+01,4.021018000e+01,4.725940190e+00,2.915355586e-02
903,2.257500000e-02,1.497528465e-02,4.505450719e+01,4.027539963e+01,4.749798068e+00,2.930949546e-02
904,2.260000000e-02,1.500331773e-02,4.514378641e+01,4.034055766e+01,4.773762630e+00,2.946611273e-02
905,2.262500000e-02,1.503139922e-02,4.523311115e+01,4.040566412e+01,4.797823614e+00,2.962342454e-02
906,2.265000000e-02,1.505952410e-02,4.532248122e+01,4.047072315e+01,4.821976747e+00,2.978132361e-02
907,2.267500000e-02,1.508769043e-02,4.541189638e+01,4.053573945e+01,4.846217199e+00,2.993973255e-02
908,2.270000000e-02,1.511589587e-02,4.550135644e+01,4.060071546e+01,4.870542393e+00,3.009859184e-02
909,2.272500000e-02,1.514413914e-02,4.559086122e+01,4.066564046e+01,4.894962869e+00,3.025788956e-02
910,2.275000000e-02,1.517242537e-02,4.568041051e+01,4.073052265e+01,4.919470158e+00,3.041770034e-02
911,2.277500000e-02,1.520075032e-02,4.577000411e+01,4.079535683e+01,4.944069305e+00,3.057798171e-02
912,2.280000000e-02,1.522911634e-02,4.585964183e+01,4.086012439e+01,4.968778676e+00,3.073876171e-02
913,2.282500000e-02,1.525753227e-02,4.594932344e+01,4.092482063e+01,4.993602489e+00,3.090031539e-02
914,2.285000000e-02,1.528599984e-02,4.603904869e+01,4.098944761e+01,5.018538401e+00,3.106268311e-02
915,2.287500000e-02,1.531451783e-02,4.612881734e+01,4.105400459e+01,5.043586965e+00,3.122578025e-02
916,2.290000000e-02,1.534308664e-02,4.621862913e+01,4.111849103e+01,5.068748552e+00,3.138954101e-02
917,2.292500000e-02,1.537170658e-02,4.630848382e+01,4.118290782e+01,5.094022031e+00,3.155396405e-02
918,2.295000000e-02,1.540037693e-02,4.639838116e+01,4.124724795e+01,5.119414127e+00,3.171908558e-02
919,2.297500000e-02,1.542910075e-02,4.648832090e+01,4.131151268e+01,5.144923305e+00,3.188491710e-02
920,2.300000000e-02,1.545787718e-02,4.657830278e+01,4.137570345e+01,5.170547884e+00,3.205143993e-02
921,2.302500000e-02,1.548670532e-02,4.666832655e+01,4.143981533e+01,5.196292584e+00,3.221863224e-02
922,2.305000000e-02,1.551558744e-02,4.675839194e+01,4.150385870e+01,5.222146701e+00,3.238654019e-02
923,2.307500000e-02,1.554451835e-02,4.684849872e+01,4.156784640e+01,5.248097243e+00,3.255507220e-02
924,2.310000000e-02,1.557349177e-02,4.693864664e+01,4.163177777e+01,5.274144752e+00,3.272412453e-02
925,2.312500000e-02,1.560250788e-02,4.702883552e+01,4.169565075e+01,5.300291019e+00,3.289375178e-02
926,2.315000000e-02,1.563156736e-02,4.711906512e+01,4.175946089e+01,5.326540225e+00,3.306400537e-02
927,2.317500000e-02,1.566067201e-02,4.720933523e+01,4.182320776e+01,5.352892555e+00,3.323492184e-02
928,2.320000000e-02,1.568982178e-02,4.729964563e+01,4.188688825e+01,5.379350917e+00,3.340646325e-02
929,2.322500000e-02,1.571901793e-02,4.738999609e+01,4.195050497e+01,5.405912517e+00,3.357860850e-02
930,2.325000000e-02,1.574825901e-02,4.748038639e+01,4.201406852e+01,5.432566532e+00,3.375133776e-02
931,2.327500000e-02,1.577753986e-02,4.757081631e+01,4.207758708e+01,5.459304661e+00,3.392456331e-02
932,2.330000000e-02,1.580685652e-02,4.766128566e+01,4.214105423e+01,5.486133225e+00,3.409819941e-02
933,2.332500000e-02,1.583621227e-02,4.775179425e+01,4.220446099e+01,5.513061006e+00,3.427225022e-02
934,2.335000000e-02,1.586561137e-02,4.784234188e+01,4.226780737e+01,5.540087723e+00,3.444678372e-02
935,2.337500000e-02,1.589505365e-02,4.793292833e+01,4.233107708e+01,5.567229419e+00,3.462183355e-02
936,2.340000000e-02,1.592454687e-02,4.802355338e+01,4.239425745e+01,5.594498368e+00,3.479756959e-02
937,2.342500000e-02,1.595409662e-02,4.811421677e+01,4.245734966e+01,5.621892992e+00,3.497412190e-02
938,2.345000000e-02,1.598370169e-02,4.820491822e+01,4.252035054e+01,5.649416244e+00,3.515144026e-02
939,2.347500000e-02,1.601336354e-02,4.829565746e+01,4.258327004e+01,5.677057848e+00,3.532956773e-02
940,2.350000000e-02,1.604307720e-02,4.838643422e+01,4.264611009e+01,5.704815729e+00,3.550840350e-02
941,2.352500000e-02,1.607284172e-02,4.847724826e+01,4.270886674e+01,5.732693595e+00,3.568792659e-02
942,2.355000000e-02,1.610265886e-02,4.856809932e+01,4.277154208e+01,5.760689071e+00,3.586817526e-02
943,2.357500000e-02,1.613252739e-02,4.865898715e+01,4.283414234e+01,5.788795674e+00,3.604913732e-02
944,2.360000000e-02,1.616244390e-02,4.874991150e+01,4.289667293e+01,5.817007826e+00,3.623074307e-02
945,2.362500000e-02,1.619240577e-02,4.884087214e+01,4.295914011e+01,5.845319129e+00,3.641290205e-02
946,2.365000000e-02,1.622241007e-02,4.893186886e+01,4.302154392e+01,5.873729383e+00,3.659556026e-02
947,2.367500000e-02,1.625245661e-02,4.902290144e+01,4.308388642e+01,5.902236288e+00,3.677873879e-02
948,2.370000000e-02,1.628254414e-02,4.911396968e+01,4.314615112e+01,5.930856118e+00,3.696244415e-02
949,2.372500000e-02,1.631268039e-02,4.920507335e+01,4.320832215e+01,5.959604380e+00,3.714682747e-02
950,2.375000000e-02,1.634287235e-02,4.929621220e+01,4.327040678e+01,5.988473377e+00,3.733204832e-02
951,2.377500000e-02,1.637311612e-02,4.938738596e+01,4.333241634e+01,6.017451578e+00,3.751804757e-02
952,2.380000000e-02,1.640340624e-02,4.947859440e+01,4.339436258e+01,6.046527118e+00,3.770469998e-02
953,2.382500000e-02,1.643373720e-02,4.956983728e+01,4.345625557e+01,6.075689826e+00,3.789188939e-02
954,2.385000000e-02,1.646410426e-02,4.966111442e+01,4.351809396e+01,6.104940948e+00,3.807951701e-02
955,2.387500000e-02,1.649450815e-02,4.975242564e+01,4.357986910e+01,6.134288990e+00,3.826755097e-02
956,2.390000000e-02,1.652495284e-02,4.984377073e+01,4.364156677e+01,6.163747901e+00,3.845605743e-02
957,2.392500000e-02,1.655544499e-02,4.993514948e+01,4.370317884e+01,6.193325493e+00,3.864514359e-02
958,2.395000000e-02,1.658598834e-02,5.002656165e+01,4.376469845e+01,6.223028304e+00,3.883488829e-02
959,2.397500000e-02,1.661658604e-02,5.011800697e+01,4.382612732e+01,6.252854237e+00,3.902541967e-02
960,2.400000000e-02,1.664723670e-02,5.020948520e+01,4.388746539e+01,6.282803030e+00,3.921677963e-02
961,2.402500000e-02,1.667793994e-02,5.030099607e+01,4.394870404e+01,6.312883047e+00,3.940897917e-02
962,2.405000000e-02,1.670869962e-02,5.039253931e+01,4.400985090e+01,6.343086278e+00,3.960213321e-02
963,2.407500000e-02,1.673951164e-02,5.048411467e+01,4.407091560e+01,6.373402920e+00,3.979615002e-02
964,2.410000000e-02,1.677037138e-02,5.057572188e+01,4.413189541e+01,6.403835555e+00,3.999092146e-02
965,2.412500000e-02,1.680128000e-02,5.066736072e+01,4.419279386e+01,6.434380357e+00,4.018650089e-02
966,2.415000000e-02,1.683223541e-02,5.075903094e+01,4.425361228e+01,6.465035844e+00,4.038282275e-02
967,2.417500000e-02,1.686323691e-02,5.085073232e+01,4.431436204e+01,6.495790456e+00,4.057981527e-02
968,2.420000000e-02,1.689427896e-02,5.094246462e+01,4.437504455e+01,6.526642682e+00,4.077738482e-02
969,2.422500000e-02,1.692536086e-02,5.103422766e+01,4.443564118e+01,6.557610950e+00,4.097552607e-02
970,2.425000000e-02,1.695649125e-02,5.112602120e+01,4.449614969e+01,6.588697125e+00,4.117438480e-02
971,2.427500000e-02,1.698767083e-02,5.121784500e+01,4.455656409e+01,6.619906871e+00,4.137403732e-02
972,2.430000000e-02,1.701890216e-02,5.130969882e+01,4.461687872e+01,6.651245551e+00,4.157455240e-02
973,2.432500000e-02,1.705018768e-02,5.140158239e+01,4.467708679e+01,6.682719591e+00,4.177600999e-02
974,2.435000000e-02,1.708153029e-02,5.149349543e+01,4.473719762e+01,6.714319399e+00,4.197841917e-02
975,2.437500000e-02,1.711292536e-02,5.158543769e+01,4.479721997e+01,6.746036053e+00,4.218166202e-02
976,2.440000000e-02,1.714436863e-02,5.167740890e+01,4.485714278e+01,6.777880482e+00,4.238563221e-02
977,2.442500000e-02,1.717586537e-02,5.176940882e+01,4.491696888e+01,6.809849537e+00,4.259040091e-02
978,2.445000000e-02,1.720741418e-02,5.186143718e+01,4.497670103e+01,6.841940190e+00,4.279595381e-02
979,2.447500000e-02,1.723901354e-02,5.195349373e+01,4.503634602e+01,6.874145449e+00,4.300225445e-02
980,2.450000000e-02,1.727066017e-02,5.204557823e+01,4.509590365e+01,6.906465341e+00,4.320924056e-02
981,2.452500000e-02,1.730235401e-02,5.213769044e+01,4.515537749e+01,6.938896054e+00,4.341689830e-02
982,2.455000000e-02,1.733409330e-02,5.222983014e+01,4.521475235e+01,6.971452562e+00,4.362522250e-02
983,2.457500000e-02,1.736588495e-02,5.232199707e+01,4.527401592e+01,7.004146698e+00,4.383444834e-02
984,2.460000000e-02,1.739773405e-02,5.241419097e+01,4.533316814e+01,7.036978125e+00,4.404470877e-02
985,2.462500000e-02,1.742964000e-02,5.250641156e+01,4.539220595e+01,7.069949614e+00,4.425599845e-02
986,2.465000000e-02,1.746160407e-02,5.259865855e+01,4.545112824e+01,7.103062000e+00,4.446831214e-02
987,2.467500000e-02,1.749362651e-02,5.269093166e+01,4.550994345e+01,7.136306572e+00,4.468164455e-02
988,2.470000000e-02,1.752570319e-02,5.278323061e+01,4.556866444e+01,7.169670222e+00,4.489594678e-02
989,2.472500000e-02,1.755782797e-02,5.287555514e+01,4.562729374e+01,7.203150300e+00,4.511109891e-02
990,2.475000000e-02,1.758999972e-02,5.296790501e+01,4.568582061e+01,7.236757333e+00,4.532706430e-02
991,2.477500000e-02,1.762222349e-02,5.306027997e+01,4.574424515e+01,7.270490883e+00,4.554393023e-02
992,2.480000000e-02,1.765449888e-02,5.315267977e+01,4.580257682e+01,7.304341282e+00,4.576166310e-02
993,2.482500000e-02,1.768682153e-02,5.324510415e+01,4.586082339e+01,7.338300590e+00,4.598017171e-02
994,2.485000000e-02,1.771918785e-02,5.333755290e+01,4.591898578e+01,7.372367746e+00,4.619937236e-02
995,2.487500000e-02,1.775159744e-02,5.343002579e+01,4.597704629e+01,7.406560214e+00,4.641927710e-02
996,2.490000000e-02,1.778405813e-02,5.352252258e+01,4.603498509e+01,7.440897389e+00,4.664010243e-02
997,2.492500000e-02,1.781657860e-02,5.361504300e+01,4.609278219e+01,7.475398707e+00,4.686210210e-02
998,2.495000000e-02,1.784916734e-02,5.370758674e+01,4.615044270e+01,7.510058639e+00,4.708539927e-02
999,2.497500000e-02,1.788182117e-02,5.380015347e+01,4.620798070e+01,7.544862862e+00,4.730990683e-02
1000,2.500000000e-02,1.791453336e-02,5.389274289e+01,4.626540145e+01,7.579805959e+00,4.753547428e-02
1001,2.502500000e-02,1.794730175e-02,5.398535471e+01,4.632271680e+01,7.614875909e+00,4.776199674e-02
1002,2.505000000e-02,1.798012094e-02,5.407798866e+01,4.637991395e+01,7.650085354e+00,4.798935544e-02
1003,2.507500000e-02,1.801299697e-02,5.417064448e+01,4.643699437e+01,7.685432406e+00,4.821770349e-02
1004,2.510000000e-02,1.804592879e-02,5.426332189e+01,4.649395837e+01,7.720916422e+00,4.844709302e-02
1005,2.512500000e-02,1.807891586e-02,5.435602061e+01,4.655080003e+01,7.756543126e+00,4.867745742e-02
1006,2.515000000e-02,1.811196076e-02,5.444874036e+01,4.660750517e+01,7.792326299e+00,4.890888743e-02
1007,2.517500000e-02,1.814506955e-02,5.454148084e+01,4.666408674e+01,7.828252597e+00,4.914150978e-02
1008,2.520000000e-02,1.817823569e-02,5.463424176e+01,4.672055247e+01,7.864314088e+00,4.937519540e-02
1009,2.522500000e-02,1.821145555e-02,5.472702283e+01,4.677689785e+01,7.900515084e+00,4.960989047e-02
1010,2.525000000e-02,1.824473104e-02,5.481982377e+01,4.683312054e+01,7.936857621e+00,4.984561384e-02
1011,2.527500000e-02,1.827806330e-02,5.491264432e+01,4.688922107e+01,7.973340911e+00,5.008233982e-02
1012,2.530000000e-02,1.831145204e-02,5.500548419e+01,4.694520709e+01,8.009957003e+00,5.032008823e-02
1013,2.532500000e-02,1.834489346e-02,5.509834310e+01,4.700108646e+01,8.046697839e+00,5.055879307e-02
1014,2.535000000e-02,1.837838392e-02,5.519122079e+01,4.705686569e+01,8.083556742e+00,5.079836004e-02
1015,2.537500000e-02,1.841192052e-02,5.528411704e+01,4.711254893e+01,8.120529400e+00,5.103871059e-02
1016,2.540000000e-02,1.844550148e-02,5.537703160e+01,4.716812913e+01,8.157622675e+00,5.127980177e-02
1017,2.542500000e-02,1.847913012e-02,5.546996425e+01,4.722359171e+01,8.194850755e+00,5.152178350e-02
1018,2.545000000e-02,1.851281256e-02,5.556291473e+01,4.727890865e+01,8.232241289e+00,5.176479870e-02
1019,2.547500000e-02,1.854656092e-02,5.565588275e+01,4.733406456e+01,8.269809144e+00,5.200904750e-02
1020,2.550000000e-02,1.858038147e-02,5.574886797e+01,4.738905823e+01,8.307555000e+00,5.225474314e-02
1021,2.552500000e-02,1.861427406e-02,5.584187004e+01,4.744390129e+01,8.345466928e+00,5.250182979e-02
1022,2.555000000e-02,1.864823290e-02,5.593488862e+01,4.749859288e+01,8.383545577e+00,5.275016485e-02
1023,2.557500000e-02,1.868225850e-02,5.602792339e+01,4.755313218e+01,8.421791446e+00,5.299976370e-02
1024,2.560000000e-02,1.871635106e-02,5.612097400e+01,4.760752842e+01,8.460194935e+00,5.325064616e-02
1025,2.562500000e-02,1.875050619e-02,5.621404015e+01,4.766178502e+01,8.498752448e+00,5.350268340e-02
1026,2.565000000e-02,1.878472228e-02,5.630712153e+01,4.771591606e+01,8.537449626e+00,5.375584865e-02
1027,2.567500000e-02,1.881899282e-02,5.640021785e+01,4.776992135e+01,8.576286480e+00,5.401001419e-02
1028,2.570000000e-02,1.885331807e-02,5.649332883e+01,4.782379341e+01,8.615270206e+00,5.426521035e-02
1029,2.572500000e-02,1.888770116e-02,5.658645419e+01,4.787752580e+01,8.654406873e+00,5.452151567e-02
1030,2.575000000e-02,1.892214465e-02,5.667959364e+01,4.793111271e+01,8.693702000e+00,5.477892808e-02
1031,2.577500000e-02,1.895665085e-02,5.677274688e+01,4.798454798e+01,8.733161398e+00,5.503750297e-02
1032,2.580000000e-02,1.899122226e-02,5.686591359e+01,4.803784045e+01,8.772775809e+00,5.529733133e-02
1033,2.582500000e-02,1.902585451e-02,5.695909345e+01,4.809100520e+01,8.812529945e+00,5.555831131e-02
1034,2.585000000e-02,1.906054072e-02,5.705228619e+01,4.814404200e+01,8.852423879e+00,5.582030982e-02
1035,2.587500000e-02,1.909528120e-02,5.714549152e+01,4.819694965e+01,8.892458585e+00,5.608329156e-02
1036,2.590000000e-02,1.913007653e-02,5.723870918e+01,4.824973349e+01,8.932628426e+00,5.634726224e-02
1037,2.592500000e-02,1.916492419e-02,5.733193889e+01,4.830238414e+01,8.972942575e+00,5.661218056e-02
1038,2.595000000e-02,1.919982854e-02,5.742518039e+01,4.835487972e+01,9.013422534e+00,5.687814268e-02
1039,2.597500000e-02,1.923479915e-02,5.751843338e+01,4.840721768e+01,9.054070319e+00,5.714537104e-02
1040,2.600000000e-02,1.926983618e-02,5.761169752e+01,4.845939396e+01,9.094889638e+00,5.741391628e-02
1041,2.602500000e-02,1.930494093e-02,5.770497249e+01,4.851140803e+01,9.135880591e+00,5.768386706e-02
1042,2.605000000e-02,1.934011309e-02,5.779825796e+01,4.856326774e+01,9.177035010e+00,5.795521044e-02
1043,2.607500000e-02,1.937534859e-02,5.789155361e+01,4.861495753e+01,9.218368229e+00,5.822785257e-02
1044,2.610000000e-02,1.941065450e-02,5.798485910e+01,4.866647744e+01,9.259879733e+00,5.850192000e-02
1045,2.612500000e-02,1.944603010e-02,5.807817408e+01,4.871783074e+01,9.301565935e+00,5.877740824e-02
1046,2.615000000e-02,1.948147353e-02,5.817149823e+01,4.876903009e+01,9.343413874e+00,5.905426294e-02
1047,2.617500000e-02,1.951697889e-02,5.826483120e+01,4.882007765e+01,9.385421211e+00,5.933234164e-02
1048,2.620000000e-02,1.955254552e-02,5.835817271e+01,4.887097436e+01,9.427586732e+00,5.961161785e-02
1049,2.622500000e-02,1.958817307e-02,5.845152243e+01,4.892171654e+01,9.469913788e+00,5.989209873e-02
1050,2.625000000e-02,1.962386278e-02,5.854488006e+01,4.897229932e+01,9.512406920e+00,6.017382127e-02
1051,2.627500000e-02,1.965961669e-02,5.863824529e+01,4.902271437e+01,9.555074098e+00,6.045681508e-02
1052,2.630000000e-02,1.969543822e-02,5.873161778e+01,4.907297046e+01,9.597906202e+00,6.074112584e-02
1053,2.632500000e-02,1.973132309e-02,5.882499723e+01,4.912307411e+01,9.640896460e+00,6.102666057e-02
1054,2.635000000e-02,1.976726857e-02,5.891838331e+01,4.917302058e+01,9.684049339e+00,6.131338712e-02
1055,2.637500000e-02,1.980327671e-02,5.901177572e+01,4.922281413e+01,9.727360253e+00,6.160133613e-02
1056,2.640000000e-02,1.983934555e-02,5.910517415e+01,4.927246368e+01,9.770820025e+00,6.189044519e-02
1057,2.642500000e-02,1.987547077e-02,5.919857832e+01,4.932196124e+01,9.814436481e+00,6.218059537e-02
1058,2.645000000e-02,1.991165611e-02,5.929198792e+01,4.937128577e+01,9.858230292e+00,6.247185694e-02
1059,2.647500000e-02,1.994791060e-02,5.938540265e+01,4.942042747e+01,9.902210691e+00,6.276448396e-02
1060,2.650000000e-02,1.998423756e-02,5.947882215e+01,4.946939281e+01,9.946370724e+00,6.305861195e-02
1061,2.652500000e-02,2.002063334e-02,5.957224607e+01,4.951817761e+01,9.990714300e+00,6.335416539e-02
1062,2.655000000e-02,2.005709973e-02,5.966567408e+01,4.956677876e+01,1.003524411e+01,6.365120325e-02
1063,2.657500000e-02,2.009363762e-02,5.975910581e+01,4.961520276e+01,1.007995329e+01,6.394975845e-02
1064,2.660000000e-02,2.013024369e-02,5.985254093e+01,4.966344753e+01,1.012484367e+01,6.424973384e-02
1065,2.662500000e-02,2.016691898e-02,5.994597909e+01,4.971150202e+01,1.016992593e+01,6.455114332e-02
1066,2.665000000e-02,2.020366790e-02,6.003941994e+01,4.975937470e+01,1.021519113e+01,6.485410906e-02
1067,2.667500000e-02,2.024048628e-02,6.013286312e+01,4.980707954e+01,1.026062507e+01,6.515850351e-02
1068,2.670000000e-02,2.027736790e-02,6.022630831e+01,4.985463131e+01,1.030621283e+01,6.546416291e-02
1069,2.672500000e-02,2.031430637e-02,6.031975518e+01,4.990202670e+01,1.035195755e+01,6.577092898e-02
1070,2.675000000e-02,2.035130337e-02,6.041320347e+01,4.994924511e+01,1.039787957e+01,6.607878136e-02
1071,2.677500000e-02,2.038836851e-02,6.050665284e+01,4.999627818e+01,1.044398671e+01,6.638795070e-02
1072,2.680000000e-02,2.042550472e-02,6.060010296e+01,5.004313539e+01,1.049026905e+01,6.669852084e-02
1073,2.682500000e-02,2.046270719e-02,6.069355349e+01,5.008981262e+01,1.053673047e+01,6.701039105e-02
1074,2.685000000e-02,2.049997777e-02,6.078700409e+01,5.013631387e+01,1.058336660e+01,6.732361816e-02
1075,2.687500000e-02,2.053731444e-02,6.088045444e+01,5.018264876e+01,1.063016750e+01,6.763818161e-02
1076,2.690000000e-02,2.057471276e-02,6.097390421e+01,5.022882108e+01,1.067712916e+01,6.795397428e-02
1077,2.692500000e-02,2.061217108e-02,6.106735311e+01,5.027482338e+01,1.072425873e+01,6.827100208e-02
1078,2.695000000e-02,2.064969236e-02,6.116080082e+01,5.032065322e+01,1.077155827e+01,6.858932438e-02
1079,2.697500000e-02,2.068727708e-02,6.125424702e+01,5.036630317e+01,1.081903495e+01,6.890890712e-02
1080,2.700000000e-02,2.072492845e-02,6.134769140e+01,5.041176034e+01,1.086670132e+01,6.922974658e-02
1081,2.702500000e-02,2.076265203e-02,6.144113361e+01,5.045700719e+01,1.091457439e+01,6.955202982e-02
1082,2.705000000e-02,2.080045497e-02,6.153457328e+01,5.050204448e+01,1.096265284e+01,6.987596235e-02
1083,2.707500000e-02,2.083833592e-02,6.162801003e+01,5.054688024e+01,1.101092825e+01,7.020153928e-02
1084,2.710000000e-02,2.087629078e-02,6.172144348e+01,5.059149906e+01,1.105941570e+01,7.052871335e-02
1085,2.712500000e-02,2.091432626e-02,6.181487325e+01,5.063589941e+01,1.110811619e+01,7.085765342e-02
1086,2.715000000e-02,2.095244229e-02,6.190829895e+01,5.068010006e+01,1.115701054e+01,7.118835242e-02
1087,2.717500000e-02,2.099063004e-02,6.200172020e+01,5.072411496e+01,1.120608464e+01,7.152059849e-02
1088,2.720000000e-02,2.102888364e-02,6.209513665e+01,5.076794843e+01,1.125533401e+01,7.185420743e-02
1089,2.722500000e-02,2.106720183e-02,6.218854797e+01,5.081160132e+01,1.130475757e+01,7.218908034e-02
1090,2.725000000e-02,2.110558451e-02,6.228195384e+01,5.085508151e+01,1.135434716e+01,7.252517027e-02
1091,2.727500000e-02,2.114402814e-02,6.237535395e+01,5.089838488e+01,1.140410670e+01,7.286237609e-02
1092,2.730000000e-02,2.118253471e-02,6.246874798e+01,5.094149530e+01,1.145405188e+01,7.320080401e-02
1093,2.732500000e-02,2.122111090e-02,6.256213561e+01,5.098441809e+01,1.150417683e+01,7.354069325e-02
1094,2.735000000e-02,2.125975345e-02,6.265551650e+01,5.102716069e+01,1.155447388e+01,7.388192326e-02
1095,2.737500000e-02,2.129845921e-02,6.274889032e+01,5.106972014e+01,1.160494581e+01,7.422437045e-02
1096,2.740000000e-02,2.133722980e-02,6.284225677e+01,5.111210391e+01,1.165558473e+01,7.456812876e-02
1097,2.742500000e-02,2.137606151e-02,6.293561551e+01,5.115431268e+01,1.170638971e+01,7.491312038e-02
1098,2.745000000e-02,2.141495386e-02,6.302896625e+01,5.119631801e+01,1.175738896e+01,7.525927703e-02
1099,2.747500000e-02,2.145391961e-02,6.312230865e+01,5.123811463e+01,1.180858702e+01,7.560699890e-02
1100,2.750000000e-02,2.149295949e-02,6.321564236e+01,5.127970387e+01,1.185998221e+01,7.595629265e-02
1101,2.752500000e-02,2.153207210e-02,6.330896702e+01,5.132108709e+01,1.191157286e+01,7.630706364e-02
1102,2.755000000e-02,2.157125677e-02,6.340228225e+01,5.136226610e+01,1.196335689e+01,7.665925608e-02
1103,2.757500000e-02,2.161051249e-02,6.349558771e+01,5.140323280e+01,1.201534202e+01,7.701289451e-02
1104,2.760000000e-02,2.164984266e-02,6.358888304e+01,5.144396773e+01,1.206754726e+01,7.736804501e-02
1105,2.762500000e-02,2.168925571e-02,6.368216785e+01,5.148446356e+01,1.211997924e+01,7.772505203e-02
1106,2.765000000e-02,2.172875366e-02,6.377544173e+01,5.152472399e+01,1.217263378e+01,7.808395842e-02
1107,2.767500000e-02,2.176833429e-02,6.386870427e+01,5.156475816e+01,1.222550139e+01,7.844472298e-02
1108,2.770000000e-02,2.180799298e-02,6.396195509e+01,5.160457339e+01,1.227857453e+01,7.880715918e-02
1109,2.772500000e-02,2.184772675e-02,6.405519379e+01,5.164417936e+01,1.233184329e+01,7.917113577e-02
1110,2.775000000e-02,2.188753185e-02,6.414842001e+01,5.168358979e+01,1.238529369e+01,7.953653116e-02
1111,2.777500000e-02,2.192740249e-02,6.424163341e+01,5.172280631e+01,1.243892388e+01,7.990321171e-02
1112,2.780000000e-02,2.196733805e-02,6.433483366e+01,5.176183444e+01,1.249272808e+01,8.027113564e-02
1113,2.782500000e-02,2.200733633e-02,6.442802044e+01,5.180068291e+01,1.254669734e+01,8.064019292e-02
1114,2.785000000e-02,2.204739382e-02,6.452119344e+01,5.183934653e+01,1.260083659e+01,8.101032861e-02
1115,2.787500000e-02,2.208751294e-02,6.461435237e+01,5.187782865e+01,1.265514199e+01,8.138173064e-02
1116,2.790000000e-02,2.212769153e-02,6.470749691e+01,5.191611790e+01,1.270962470e+01,8.175431968e-02
1117,2.792500000e-02,2.216793468e-02,6.480062676e+01,5.195420234e+01,1.276429621e+01,8.212821631e-02
1118,2.795000000e-02,2.220824705e-02,6.489374159e+01,5.199208791e+01,1.281915015e+01,8.250353555e-02
1119,2.797500000e-02,2.224862506e-02,6.498684106e+01,5.202975268e+01,1.287420819e+01,8.288019658e-02
1120,2.800000000e-02,2.228907834e-02,6.507992482e+01,5.206719258e+01,1.292947374e+01,8.325849939e-02
1121,2.802500000e-02,2.232960724e-02,6.517299251e+01,5.210441248e+01,1.298494162e+01,8.363841498e-02
1122,2.805000000e-02,2.237020912e-02,6.526604375e+01,5.214141062e+01,1.304061332e+01,8.401980374e-02
1123,2.807500000e-02,2.241088486e-02,6.535907818e+01,5.217817591e+01,1.309649967e+01,8.440260772e-02
1124,2.810000000e-02,2.245163971e-02,6.545209543e+01,5.221470789e+01,1.315260056e+01,8.478698496e-02
1125,2.812500000e-02,2.249247329e-02,6.554509510e+01,5.225100336e+01,1.320891879e+01,8.517294453e-02
1126,2.815000000e-02,2.253338687e-02,6.563807682e+01,5.228705893e+01,1.326545721e+01,8.556067559e-02
1127,2.817500000e-02,2.257438128e-02,6.573104019e+01,5.232286601e+01,1.332222396e+01,8.595021148e-02
1128,2.820000000e-02,2.261545963e-02,6.582398481e+01,5.235842875e+01,1.337921442e+01,8.634163345e-02
1129,2.822500000e-02,2.265661913e-02,6.591691027e+01,5.239376638e+01,1.343640908e+01,8.673480895e-02
1130,2.825000000e-02,2.269785133e-02,6.600981620e+01,5.242888557e+01,1.349380111e+01,8.712952113e-02
1131,2.827500000e-02,2.273915369e-02,6.610270223e+01,5.246379002e+01,1.355138653e+01,8.752567269e-02
1132,2.830000000e-02,2.278052477e-02,6.619556802e+01,5.249849731e+01,1.360914753e+01,8.792317317e-02
1133,2.832500000e-02,2.282195715e-02,6.628841323e+01,5.253302244e+01,1.366706896e+01,8.832183666e-02
1134,2.835000000e-02,2.286344494e-02,6.638123758e+01,5.256737163e+01,1.372514447e+01,8.872147775e-02
1135,2.837500000e-02,2.290498624e-02,6.647404077e+01,5.260153406e+01,1.378338462e+01,8.912209480e-02
1136,2.840000000e-02,2.294658597e-02,6.656682254e+01,5.263548900e+01,1.384180965e+01,8.952389036e-02
1137,2.842500000e-02,2.298825258e-02,6.665958256e+01,5.266922714e+01,1.390042832e+01,8.992709310e-02
1138,2.845000000e-02,2.302998897e-02,6.675232051e+01,5.270275302e+01,1.395923567e+01,9.033181227e-02
1139,2.847500000e-02,2.307179203e-02,6.684503603e+01,5.273604770e+01,1.401825041e+01,9.073791484e-02
1140,2.850000000e-02,2.311367016e-02,6.693772879e+01,5.276908030e+01,1.407750290e+01,9.114559759e-02
1141,2.852500000e-02,2.315563600e-02,6.703039839e+01,5.280186491e+01,1.413697843e+01,9.155505640e-02
1142,2.855000000e-02,2.319768227e-02,6.712304443e+01,5.283441733e+01,1.419666097e+01,9.196612851e-02
1143,2.857500000e-02,2.323980219e-02,6.721566651e+01,5.286672384e+01,1.425656403e+01,9.237864588e-02
1144,2.860000000e-02,2.328200232e-02,6.730826427e+01,5.289879190e+01,1.431667956e+01,9.279281470e-02
1145,2.862500000e-02,2.332427842e-02,6.740083733e+01,5.293062592e+01,1.437700284e+01,9.320856682e-02
1146,2.865000000e-02,2.336662876e-02,6.749338531e+01,5.296222475e+01,1.443753467e+01,9.362589084e-02
1147,2.867500000e-02,2.340905378e-02,6.758590785e+01,5.299356192e+01,1.449830100e+01,9.404492263e-02
1148,2.870000000e-02,2.345156449e-02,6.767840456e+01,5.302464652e+01,1.455929209e+01,9.446595527e-02
1149,2.872500000e-02,2.349415498e-02,6.777087503e+01,5.305548795e+01,1.462049829e+01,9.488879032e-02
1150,2.875000000e-02,2.353682117e-02,6.786331888e+01,5.308608960e+01,1.468191604e+01,9.531324512e-02
1151,2.877500000e-02,2.357956179e-02,6.795573574e+01,5.311646878e+01,1.474352771e+01,9.573924464e-02
1152,2.880000000e-02,2.362236957e-02,6.804812525e+01,5.314664624e+01,1.480531244e+01,9.616657267e-02
1153,2.882500000e-02,2.366523619e-02,6.814048709e+01,5.317664073e+01,1.486725134e+01,9.659500947e-02
1154,2.885000000e-02,2.370815437e-02,6.823282097e+01,5.320646240e+01,1.492933422e+01,9.702434961e-02
1155,2.887500000e-02,2.375112077e-02,6.832512663e+01,5.323607655e+01,1.499159559e+01,9.745449111e-02
1156,2.890000000e-02,2.379415154e-02,6.841740380e+01,5.326546124e+01,1.505405662e+01,9.788594098e-02
1157,2.892500000e-02,2.383725445e-02,6.850965214e+01,5.329461230e+01,1.511672088e+01,9.831896246e-02
1158,2.895000000e-02,2.388042944e-02,6.860187130e+01,5.332351770e+01,1.517960008e+01,9.875351915e-02
1159,2.897500000e-02,2.392368124e-02,6.869406092e+01,5.335215580e+01,1.524271556e+01,9.918956965e-02
1160,2.900000000e-02,2.396701902e-02,6.878622061e+01,5.338053261e+01,1.530606059e+01,9.962741365e-02
1161,2.902500000e-02,2.401043866e-02,6.887834996e+01,5.340866566e+01,1.536961728e+01,1.000670209e-01
1162,2.905000000e-02,2.405393221e-02,6.897044858e+01,5.343654960e+01,1.543339084e+01,1.005081446e-01
1163,2.907500000e-02,2.409750276e-02,6.906251612e+01,5.346417871e+01,1.549738657e+01,1.009508347e-01
1164,2.910000000e-02,2.414115252e-02,6.915455217e+01,5.349157002e+01,1.556158695e+01,1.013952007e-01
1165,2.912500000e-02,2.418487344e-02,6.924655639e+01,5.351873283e+01,1.562598249e+01,1.018410620e-01
1166,2.915000000e-02,2.422866218e-02,6.933852841e+01,5.354564001e+01,1.569059999e+01,1.022884134e-01
1167,2.917500000e-02,2.427253047e-02,6.943046788e+01,5.357227942e+01,1.575545087e+01,1.027376005e-01
1168,2.920000000e-02,2.431648208e-02,6.952237441e+01,5.359865472e+01,1.582053095e+01,1.031887491e-01
1169,2.922500000e-02,2.436051416e-02,6.961424760e+01,5.362476928e+01,1.588583665e+01,1.036416780e-01
1170,2.925000000e-02,2.440462501e-02,6.970608705e+01,5.365064272e+01,1.595134801e+01,1.040963121e-01
1171,2.927500000e-02,2.444880624e-02,6.979789239e+01,5.367629544e+01,1.601704455e+01,1.045524046e-01
1172,2.930000000e-02,2.449304990e-02,6.988966329e+01,5.370174601e+01,1.608290757e+01,1.050097087e-01
1173,2.932500000e-02,2.453734903e-02,6.998139945e+01,5.372701175e+01,1.614891970e+01,1.054680037e-01
1174,2.935000000e-02,2.458169738e-02,7.007310059e+01,5.375209027e+01,1.621508322e+01,1.059270974e-01
1175,2.937500000e-02,2.462609720e-02,7.016476645e+01,5.377693625e+01,1.628144318e+01,1.063870239e-01
1176,2.940000000e-02,2.467056817e-02,7.025639675e+01,5.380153060e+01,1.634801767e+01,1.068484790e-01
1177,2.942500000e-02,2.471511568e-02,7.034799112e+01,5.382586168e+01,1.641481782e+01,1.073116107e-01
1178,2.945000000e-02,2.475974345e-02,7.043954919e+01,5.384992667e+01,1.648184616e+01,1.077763593e-01
1179,2.947500000e-02,2.480445202e-02,7.053107057e+01,5.387372030e+01,1.654910756e+01,1.082427085e-01
1180,2.950000000e-02,2.484924338e-02,7.062255486e+01,5.389725639e+01,1.661658758e+01,1.087108918e-01
1181,2.952500000e-02,2.489411040e-02,7.071400169e+01,5.392054083e+01,1.668428014e+01,1.091807140e-01
1182,2.955000000e-02,2.493905099e-02,7.080541068e+01,5.394356348e+01,1.675219516e+01,1.096520351e-01
1183,2.957500000e-02,2.498407008e-02,7.089678146e+01,5.396633554e+01,1.682032091e+01,1.101250037e-01
1184,2.960000000e-02,2.502916205e-02,7.098811366e+01,5.398887707e+01,1.688863704e+01,1.105995561e-01
1185,2.962500000e-02,2.507431804e-02,7.107940695e+01,5.401116379e+01,1.695716772e+01,1.110754358e-01
1186,2.965000000e-02,2.511954970e-02,7.117066097e+01,5.403318115e+01,1.702592686e+01,1.115529603e-01
1187,2.967500000e-02,2.516486227e-02,7.126187536e+01,5.405492002e+01,1.709492304e+01,1.120322980e-01
1188,2.970000000e-02,2.521025855e-02,7.135304971e+01,5.407637859e+01,1.716415757e+01,1.125135541e-01
1189,2.972500000e-02,2.525573786e-02,7.144418362e+01,5.409757630e+01,1.723361065e+01,1.129966614e-01
1190,2.975000000e-02,2.530129154e-02,7.153527670e+01,5.411853822e+01,1.730325713e+01,1.134813513e-01
1191,2.977500000e-02,2.534690968e-02,7.162632861e+01,5.413928886e+01,1.737307242e+01,1.139673400e-01
1192,2.980000000e-02,2.539258299e-02,7.171733904e+01,5.415984157e+01,1.744304311e+01,1.144543633e-01
1193,2.982500000e-02,2.543830723e-02,7.180830772e+01,5.418020403e+01,1.751316147e+01,1.149422191e-01
1194,2.985000000e-02,2.548408001e-02,7.189923438e+01,5.420035139e+01,1.758345222e+01,1.154307702e-01
1195,2.987500000e-02,2.552991304e-02,7.199011877e+01,5.422024355e+01,1.765395482e+01,1.159203945e-01
1196,2.990000000e-02,2.557582254e-02,7.208096055e+01,5.423985966e+01,1.772468915e+01,1.164117372e-01
1197,2.992500000e-02,2.562181412e-02,7.217175936e+01,5.425920093e+01,1.779565364e+01,1.169047872e-01
1198,2.995000000e-02,2.566788613e-02,7.226251479e+01,5.427827387e+01,1.786684146e+01,1.173994647e-01
1199,2.997500000e-02,2.571403553e-02,7.235322649e+01,5.429708421e+01,1.793824650e+01,1.178957701e-01
1200,3.000000000e-02,2.576025979e-02,7.244389406e+01,5.431563550e+01,1.800986481e+01,1.183937483e-01
1201,3.002500000e-02,2.580655725e-02,7.253451715e+01,5.433392779e+01,1.808169613e+01,1.188932328e-01
1202,3.005000000e-02,2.585292831e-02,7.262509541e+01,5.435196059e+01,1.815374059e+01,1.193942369e-01
1203,3.007500000e-02,2.589937319e-02,7.271562847e+01,5.436974833e+01,1.822598328e+01,1.198968613e-01
1204,3.010000000e-02,2.594588445e-02,7.280611600e+01,5.438728345e+01,1.829843168e+01,1.204008644e-01
1205,3.012500000e-02,2.599246648e-02,7.289655764e+01,5.440455101e+01,1.837110040e+01,1.209062326e-01
1206,3.015000000e-02,2.603912588e-02,7.298695305e+01,5.442153455e+01,1.844400517e+01,1.214133336e-01
1207,3.017500000e-02,2.608586803e-02,7.307730185e+01,5.443822813e+01,1.851715139e+01,1.219223352e-01
1208,3.020000000e-02,2.613269402e-02,7.316760364e+01,5.445465112e+01,1.859051924e+01,1.224332818e-01
1209,3.022500000e-02,2.617959459e-02,7.325785802e+01,5.447082788e+01,1.866408426e+01,1.229458834e-01
1210,3.025000000e-02,2.622656018e-02,7.334806466e+01,5.448677998e+01,1.873782484e+01,1.234598301e-01
1211,3.027500000e-02,2.627358298e-02,7.343822323e+01,5.450251918e+01,1.881172921e+01,1.239748445e-01
1212,3.030000000e-02,2.632065923e-02,7.352833347e+01,5.451805311e+01,1.888578965e+01,1.244907107e-01
1213,3.032500000e-02,2.636778669e-02,7.361839510e+01,5.453338425e+01,1.896000357e+01,1.250072744e-01
1214,3.035000000e-02,2.641496535e-02,7.370840786e+01,5.454846581e+01,1.903441755e+01,1.255245056e-01
1215,3.037500000e-02,2.646221595e-02,7.379837147e+01,5.456326971e+01,1.910905854e+01,1.260432262e-01
1216,3.040000000e-02,2.650954701e-02,7.388828557e+01,5.457779380e+01,1.918392812e+01,1.265636462e-01
1217,3.042500000e-02,2.655695755e-02,7.397814978e+01,5.459205523e+01,1.925900885e+01,1.270857029e-01
1218,3.045000000e-02,2.660443944e-02,7.406796374e+01,5.460605235e+01,1.933430220e+01,1.276091908e-01
1219,3.047500000e-02,2.665199441e-02,7.415772709e+01,5.461978488e+01,1.940980794e+01,1.281342757e-01
1220,3.050000000e-02,2.669962213e-02,7.424743949e+01,5.463325698e+01,1.948552166e+01,1.286608624e-01
1221,3.052500000e-02,2.674732068e-02,7.433710060e+01,5.464646774e+01,1.956144398e+01,1.291888746e-01
1222,3.055000000e-02,2.679509038e-02,7.442671005e+01,5.465941888e+01,1.963757283e+01,1.297183512e-01
1223,3.057500000e-02,2.684293022e-02,7.451626752e+01,5.467210684e+01,1.971391147e+01,1.302492100e-01
1224,3.060000000e-02,2.689084219e-02,7.460577266e+01,5.468453370e+01,1.979045754e+01,1.307814151e-01
1225,3.062500000e-02,2.693882485e-02,7.469522513e+01,5.469669108e+01,1.986721905e+01,1.313149973e-01
1226,3.065000000e-02,2.698688171e-02,7.478462457e+01,5.470856092e+01,1.994421344e+01,1.318502087e-01
1227,3.067500000e-02,2.703501994e-02,7.487397063e+01,5.472015378e+01,2.002142952e+01,1.323873308e-01
1228,3.070000000e-02,2.708323284e-02,7.496326292e+01,5.473149319e+01,2.009884363e+01,1.329261081e-01
1229,3.072500000e-02,2.713151070e-02,7.505250111e+01,5.474259884e+01,2.017643606e+01,1.334662120e-01
1230,3.075000000e-02,2.717984621e-02,7.514168488e+01,5.475347953e+01,2.025419801e+01,1.340073349e-01
1231,3.077500000e-02,2.722823723e-02,7.523081395e+01,5.476415243e+01,2.033211225e+01,1.345492649e-01
1232,3.080000000e-02,2.727667758e-02,7.531988806e+01,5.477462556e+01,2.041017071e+01,1.350917915e-01
1233,3.082500000e-02,2.732516471e-02,7.540890697e+01,5.478487352e+01,2.048839864e+01,1.356348019e-01
1234,3.085000000e-02,2.737371060e-02,7.549787041e+01,5.479485592e+01,2.056683577e+01,1.361787221e-01
1235,3.087500000e-02,2.742233152e-02,7.558677808e+01,5.480456048e+01,2.064549339e+01,1.367242142e-01
1236,3.090000000e-02,2.747102933e-02,7.567562964e+01,5.481400444e+01,2.072435393e+01,1.372712785e-01
1237,3.092500000e-02,2.751979521e-02,7.576442473e+01,5.482318920e+01,2.080341588e+01,1.378196503e-01
1238,3.095000000e-02,2.756862974e-02,7.585316303e+01,5.483211211e+01,2.088268153e+01,1.383693884e-01
1239,3.097500000e-02,2.761753378e-02,7.594184420e+01,5.484077389e+01,2.096214977e+01,1.389205427e-01
1240,3.100000000e-02,2.766650630e-02,7.603046792e+01,5.484917779e+01,2.104181713e+01,1.394730046e-01
1241,3.102500000e-02,2.771554634e-02,7.611903386e+01,5.485732053e+01,2.112168662e+01,1.400267187e-01
1242,3.105000000e-02,2.776465560e-02,7.620754170e+01,5.486519885e+01,2.120176109e+01,1.405817581e-01
1243,3.107500000e-02,2.781383438e-02,7.629599110e+01,5.487282642e+01,2.128202663e+01,1.411380597e-01
1244,3.110000000e-02,2.786307657e-02,7.638438175e+01,5.488020095e+01,2.136248534e+01,1.416954564e-01
1245,3.112500000e-02,2.791238428e-02,7.647271332e+01,5.488730039e+01,2.144315874e+01,1.422541874e-01
1246,3.115000000e-02,2.796176680e-02,7.656098550e+01,5.489412370e+01,2.152404721e+01,1.428145913e-01
1247,3.117500000e-02,2.801122229e-02,7.664919794e+01,5.490068788e+01,2.160513346e+01,1.433765984e-01
1248,3.120000000e-02,2.806074257e-02,7.673735030e+01,5.490701083e+01,2.168639960e+01,1.439398650e-01
1249,3.122500000e-02,2.811032109e-02,7.682544227e+01,5.491310916e+01,2.176782903e+01,1.445040891e-01
1250,3.125000000e-02,2.815995254e-02,7.691347359e+01,5.491900236e+01,2.184940222e+01,1.450690109e-01
1251,3.127500000e-02,2.820962935e-02,7.700144400e+01,5.492470118e+01,2.193110844e+01,1.456343786e-01
1252,3.130000000e-02,2.825934857e-02,7.708935328e+01,5.493019144e+01,2.201296181e+01,1.462000330e-01
1253,3.132500000e-02,2.830911798e-02,7.717720121e+01,5.493543402e+01,2.209500098e+01,1.467662114e-01
1254,3.135000000e-02,2.835895437e-02,7.726498752e+01,5.494040791e+01,2.217724603e+01,1.473335829e-01
1255,3.137500000e-02,2.840886355e-02,7.735271190e+01,5.494512343e+01,2.225968607e+01,1.479024022e-01
1256,3.140000000e-02,2.845883855e-02,7.744037402e+01,5.494958875e+01,2.234231284e+01,1.484724359e-01
1257,3.142500000e-02,2.850887602e-02,7.752797358e+01,5.495379736e+01,2.242513265e+01,1.490435785e-01
1258,3.145000000e-02,2.855897940e-02,7.761551028e+01,5.495775240e+01,2.250814194e+01,1.496159396e-01
1259,3.147500000e-02,2.860914699e-02,7.770298380e+01,5.496146225e+01,2.259133211e+01,1.501894509e-01
1260,3.150000000e-02,2.865937509e-02,7.779039386e+01,5.496491799e+01,2.267471184e+01,1.507640305e-01
1261,3.152500000e-02,2.870966773e-02,7.787774015e+01,5.496812032e+01,2.275828010e+01,1.513397434e-01
1262,3.155000000e-02,2.876002375e-02,7.796502238e+01,5.497108032e+01,2.284202549e+01,1.519165734e-01
1263,3.157500000e-02,2.881043809e-02,7.805224025e+01,5.497379928e+01,2.292594663e+01,1.524943424e-01
1264,3.160000000e-02,2.886091122e-02,7.813939349e+01,5.497625870e+01,2.301006168e+01,1.530731030e-01
1265,3.162500000e-02,2.891145138e-02,7.822648179e+01,5.497844921e+01,2.309437934e+01,1.536532418e-01
1266,3.165000000e-02,2.896206088e-02,7.831350484e+01,5.498038042e+01,2.317888956e+01,1.542348575e-01
1267,3.167500000e-02,2.901273393e-02,7.840046233e+01,5.498206846e+01,2.326357620e+01,1.548176640e-01
1268,3.170000000e-02,2.906346442e-02,7.848735397e+01,5.498353006e+01,2.334842258e+01,1.554013271e-01
1269,3.172500000e-02,2.911424660e-02,7.857417948e+01,5.498479183e+01,2.343340209e+01,1.559855593e-01
1270,3.175000000e-02,2.916507053e-02,7.866093864e+01,5.498586497e+01,2.351850360e+01,1.565700735e-01
1271,3.177500000e-02,2.921593354e-02,7.874763125e+01,5.498674673e+01,2.360372982e+01,1.571547012e-01
1272,3.180000000e-02,2.926683851e-02,7.883425710e+01,5.498742092e+01,2.368909662e+01,1.577395719e-01
1273,3.182500000e-02,2.931779236e-02,7.892081600e+01,5.498784476e+01,2.377464623e+01,1.583250144e-01
1274,3.185000000e-02,2.936881247e-02,7.900730769e+01,5.498801075e+01,2.386038518e+01,1.589117611e-01
1275,3.187500000e-02,2.941989762e-02,7.909373187e+01,5.498793384e+01,2.394629836e+01,1.594996675e-01
1276,3.190000000e-02,2.947104072e-02,7.918008825e+01,5.498761793e+01,2.403238181e+01,1.600885097e-01
1277,3.192500000e-02,2.952224135e-02,7.926637656e+01,5.498706166e+01,2.411863662e+01,1.606782908e-01
1278,3.195000000e-02,2.957350031e-02,7.935259654e+01,5.498627317e+01,2.420505425e+01,1.612691235e-01
1279,3.197500000e-02,2.962481287e-02,7.943874792e+01,5.498524374e+01,2.429164334e+01,1.618608374e-01
1280,3.200000000e-02,2.967618379e-02,7.952483044e+01,5.498396750e+01,2.437840946e+01,1.624534896e-01
1281,3.202500000e-02,2.972761459e-02,7.961084383e+01,5.498244105e+01,2.446535561e+01,1.630471636e-01
1282,3.205000000e-02,2.977910572e-02,7.969678780e+01,5.498067911e+01,2.455246695e+01,1.636417303e-01
1283,3.207500000e-02,2.983065114e-02,7.978266208e+01,5.497867988e+01,2.463974519e+01,1.642369992e-01
1284,3.210000000e-02,2.988225333e-02,7.986846641e+01,5.497642723e+01,2.472720597e+01,1.648332102e-01
1285,3.212500000e-02,2.993391895e-02,7.995420053e+01,5.497391562e+01,2.481485424e+01,1.654306675e-01
1286,3.215000000e-02,2.998564797e-02,8.003986413e+01,5.497115777e+01,2.490267707e+01,1.660292893e-01
1287,3.217500000e-02,3.003743426e-02,8.012545694e+01,5.496817732e+01,2.499065089e+01,1.666287242e-01
1288,3.220000000e-02,3.008926905e-02,8.021097870e+01,5.496500069e+01,2.507874937e+01,1.672286422e-01
1289,3.222500000e-02,3.014114284e-02,8.029642920e+01,5.496164661e+01,2.516695384e+01,1.678287483e-01
1290,3.225000000e-02,3.019304972e-02,8.038180826e+01,5.495811913e+01,2.525526030e+01,1.684288296e-01
1291,3.227500000e-02,3.024498977e-02,8.046711571e+01,5.495441028e+01,2.534367660e+01,1.690288338e-01
1292,3.230000000e-02,3.029696710e-02,8.055235140e+01,5.495048118e+01,2.543224124e+01,1.696289733e-01
1293,3.232500000e-02,3.034899895e-02,8.063751512e+01,5.494630765e+01,2.552097761e+01,1.702298617e-01
1294,3.235000000e-02,3.040109223e-02,8.072260662e+01,5.494190351e+01,2.560987128e+01,1.708318386e-01
1295,3.237500000e-02,3.045323814e-02,8.080762565e+01,5.493727365e+01,2.569891740e+01,1.714346045e-01
1296,3.240000000e-02,3.050543539e-02,8.089257197e+01,5.493241632e+01,2.578811754e+01,1.720381043e-01
1297,3.242500000e-02,3.055768466e-02,8.097744534e+01,5.492733701e+01,2.587746596e+01,1.726423693e-01
1298,3.245000000e-02,3.060998328e-02,8.106224552e+01,5.492202447e+01,2.596697371e+01,1.732473432e-01
1299,3.247500000e-02,3.066233660e-02,8.114697228e+01,5.491647214e+01,2.605664708e+01,1.738530496e-01
1300,3.250000000e-02,3.071474623e-02,8.123162536e+01,5.491067396e+01,2.614649189e+01,1.744595175e-01
1301,3.252500000e-02,3.076721455e-02,8.131620451e+01,5.490464621e+01,2.623649156e+01,1.750667463e-01
1302,3.255000000e-02,3.081973401e-02,8.140070947e+01,5.489840780e+01,2.632662716e+01,1.756745156e-01
1303,3.257500000e-02,3.087229794e-02,8.148514002e+01,5.489194048e+01,2.641691685e+01,1.762826995e-01
1304,3.260000000e-02,3.092491555e-02,8.156949594e+01,5.488523296e+01,2.650737128e+01,1.768917054e-01
1305,3.262500000e-02,3.097758998e-02,8.165377697e+01,5.487828476e+01,2.659799057e+01,1.775016405e-01
1306,3.265000000e-02,3.103032024e-02,8.173798287e+01,5.487112104e+01,2.668874952e+01,1.781123183e-01
1307,3.267500000e-02,3.108309544e-02,8.182211341e+01,5.486376674e+01,2.677962328e+01,1.787233833e-01
1308,3.270000000e-02,3.113590677e-02,8.190616837e+01,5.485624246e+01,2.687059138e+01,1.793345280e-01
1309,3.272500000e-02,3.118874698e-02,8.199014762e+01,5.484855975e+01,2.696164239e+01,1.799454816e-01
1310,3.275000000e-02,3.124161354e-02,8.207405100e+01,5.484071631e+01,2.705277863e+01,1.805560595e-01
1311,3.277500000e-02,3.129450913e-02,8.215787840e+01,5.483270533e+01,2.714400669e+01,1.811663786e-01
1312,3.280000000e-02,3.134743704e-02,8.224162968e+01,5.482448355e+01,2.723536958e+01,1.817765487e-01
1313,3.282500000e-02,3.140041666e-02,8.232530466e+01,5.481604028e+01,2.732687704e+01,1.823873399e-01
1314,3.285000000e-02,3.145344785e-02,8.240890313e+01,5.480738696e+01,2.741851733e+01,1.829988437e-01
1315,3.287500000e-02,3.150652388e-02,8.249242488e+01,5.479852713e+01,2.751028695e+01,1.836107935e-01
1316,3.290000000e-02,3.155964348e-02,8.257586971e+01,5.478945975e+01,2.760218679e+01,1.842231704e-01
1317,3.292500000e-02,3.161280698e-02,8.265923743e+01,5.478018385e+01,2.769421765e+01,1.848359232e-01
1318,3.295000000e-02,3.166601492e-02,8.274252782e+01,5.477068206e+01,2.778639677e+01,1.854489960e-01
1319,3.297500000e-02,3.171927560e-02,8.282574069e+01,5.476095956e+01,2.787871856e+01,1.860625604e-01
1320,3.300000000e-02,3.177258474e-02,8.290887580e+01,5.475101463e+01,2.797118467e+01,1.866764921e-01
1321,3.302500000e-02,3.182594388e-02,8.299193294e+01,5.474087296e+01,2.806376915e+01,1.872908306e-01
1322,3.305000000e-02,3.187934123e-02,8.307491192e+01,5.473053658e+01,2.815647008e+01,1.879052511e-01
1323,3.307500000e-02,3.193277827e-02,8.315781254e+01,5.471999761e+01,2.824929511e+01,1.885198293e-01
1324,3.310000000e-02,3.198625892e-02,8.324063464e+01,5.470924982e+01,2.834225007e+01,1.891347560e-01
1325,3.312500000e-02,3.203978501e-02,8.332337802e+01,5.469829669e+01,2.843533124e+01,1.897500887e-01
1326,3.315000000e-02,3.209335405e-02,8.340604248e+01,5.468715324e+01,2.852852352e+01,1.903657254e-01
1327,3.317500000e-02,3.214695908e-02,8.348862785e+01,5.467583861e+01,2.862180790e+01,1.909813329e-01
1328,3.320000000e-02,3.220059326e-02,8.357113396e+01,5.466437516e+01,2.871516219e+01,1.915966156e-01
1329,3.322500000e-02,3.225424924e-02,8.365356071e+01,5.465277386e+01,2.880857558e+01,1.922112746e-01
1330,3.325000000e-02,3.230792490e-02,8.373590800e+01,5.464103576e+01,2.890204711e+01,1.928251228e-01
1331,3.327500000e-02,3.236162172e-02,8.381817573e+01,5.462914562e+01,2.899559182e+01,1.934382903e-01
1332,3.330000000e-02,3.241534649e-02,8.390036381e+01,5.461708203e+01,2.908923086e+01,1.940509217e-01
1333,3.332500000e-02,3.246910781e-02,8.398247212e+01,5.460482970e+01,2.918297902e+01,1.946633992e-01
1334,3.335000000e-02,3.252291010e-02,8.406450050e+01,5.459239463e+01,2.927682980e+01,1.952760684e-01
1335,3.337500000e-02,3.257674785e-02,8.414644879e+01,5.457977686e+01,2.937078329e+01,1.958886414e-01
1336,3.340000000e-02,3.263062156e-02,8.422831684e+01,5.456698364e+01,2.946483207e+01,1.965011340e-01
1337,3.342500000e-02,3.268452810e-02,8.431010450e+01,5.455401657e+01,2.955897457e+01,1.971133619e-01
1338,3.345000000e-02,3.273846803e-02,8.439181164e+01,5.454086288e+01,2.965322348e+01,1.977252788e-01
1339,3.347500000e-02,3.279244767e-02,8.447343809e+01,5.452752599e+01,2.974757500e+01,1.983371103e-01
1340,3.350000000e-02,3.284646341e-02,8.455498371e+01,5.451401030e+01,2.984202465e+01,1.989487675e-01
1341,3.352500000e-02,3.290051409e-02,8.463644835e+01,5.450033196e+01,2.993655618e+01,1.995602023e-01
1342,3.355000000e-02,3.295459284e-02,8.471783187e+01,5.448650419e+01,3.003115646e+01,2.001712167e-01
1343,3.357500000e-02,3.300869573e-02,8.479913415e+01,5.447252546e+01,3.012582701e+01,2.007816839e-01
1344,3.360000000e-02,3.306282403e-02,8.488035511e+01,5.445838511e+01,3.022057829e+01,2.013917097e-01
1345,3.362500000e-02,3.311698280e-02,8.496149462e+01,5.444408602e+01,3.031540713e+01,2.020014698e-01
1346,3.365000000e-02,3.317116916e-02,8.504255257e+01,5.442962566e+01,3.041031602e+01,2.026108867e-01
1347,3.367500000e-02,3.322538458e-02,8.512352884e+01,5.441501823e+01,3.050529073e+01,2.032198771e-01
1348,3.370000000e-02,3.327962235e-02,8.520442332e+01,5.440028384e+01,3.060031133e+01,2.038281523e-01
1349,3.372500000e-02,3.333387576e-02,8.528523594e+01,5.438544267e+01,3.069535786e+01,2.044354125e-01
1350,3.375000000e-02,3.338813853e-02,8.536596664e+01,5.437050827e+01,3.079041693e+01,2.050414336e-01
1351,3.377500000e-02,3.344240676e-02,8.544661539e+01,5.435546510e+01,3.088550415e+01,2.056461468e-01
1352,3.380000000e-02,3.349668953e-02,8.552718217e+01,5.434030934e+01,3.098062306e+01,2.062497670e-01
1353,3.382500000e-02,3.355098720e-02,8.560766693e+01,5.432504704e+01,3.107576753e+01,2.068523625e-01
1354,3.385000000e-02,3.360529611e-02,8.568806963e+01,5.430965446e+01,3.117096134e+01,2.074538334e-01
1355,3.387500000e-02,3.365962843e-02,8.576839023e+01,5.429412814e+01,3.126620728e+01,2.080548139e-01
1356,3.390000000e-02,3.371398161e-02,8.584862863e+01,5.427846079e+01,3.136151265e+01,2.086551877e-01
1357,3.392500000e-02,3.376835928e-02,8.592878477e+01,5.426265950e+01,3.145687023e+01,2.092550413e-01
1358,3.395000000e-02,3.382275722e-02,8.600885856e+01,5.424673909e+01,3.155226532e+01,2.098541575e-01
1359,3.397500000e-02,3.387717009e-02,8.608884994e+01,5.423068540e+01,3.164771215e+01,2.104523916e-01
1360,3.400000000e-02,3.393160605e-02,8.616875884e+01,5.421449617e+01,3.174321253e+01,2.110501419e-01
1361,3.402500000e-02,3.398606317e-02,8.624858519e+01,5.419817680e+01,3.183876104e+01,2.116473452e-01
1362,3.405000000e-02,3.404053941e-02,8.632832890e+01,5.418173603e+01,3.193434903e+01,2.122438470e-01
1363,3.407500000e-02,3.409503219e-02,8.640798993e+01,5.416518612e+01,3.202996416e+01,2.128396520e-01
1364,3.410000000e-02,3.414953653e-02,8.648756821e+01,5.414854097e+01,3.212559260e+01,2.134346448e-01
1365,3.412500000e-02,3.420404803e-02,8.656706373e+01,5.413180385e+01,3.222123110e+01,2.140287835e-01
1366,3.415000000e-02,3.425856596e-02,8.664647646e+01,5.411496990e+01,3.231688444e+01,2.146221226e-01
1367,3.417500000e-02,3.431309270e-02,8.672580639e+01,5.409802362e+01,3.241256805e+01,2.152147283e-01
1368,3.420000000e-02,3.436763368e-02,8.680505349e+01,5.408096435e+01,3.250828243e+01,2.158067052e-01
1369,3.422500000e-02,3.442218835e-02,8.688421771e+01,5.406379305e+01,3.260402662e+01,2.163980390e-01
1370,3.425000000e-02,3.447675602e-02,8.696329901e+01,5.404653071e+01,3.269977972e+01,2.169885815e-01
1371,3.427500000e-02,3.453132750e-02,8.704229737e+01,5.402917561e+01,3.279554367e+01,2.175780898e-01
1372,3.430000000e-02,3.458590626e-02,8.712121276e+01,5.401171430e+01,3.289133184e+01,2.181666190e-01
1373,3.432500000e-02,3.464049836e-02,8.720004517e+01,5.399414598e+01,3.298714493e+01,2.187542623e-01
1374,3.435000000e-02,3.469510314e-02,8.727879456e+01,5.397648731e+01,3.308296614e+01,2.193411128e-01
1375,3.437500000e-02,3.474971267e-02,8.735746091e+01,5.395875079e+01,3.317878316e+01,2.199269539e-01
1376,3.440000000e-02,3.480432255e-02,8.743604422e+01,5.394091167e+01,3.327462098e+01,2.205115643e-01
1377,3.442500000e-02,3.485894681e-02,8.751454447e+01,5.392293663e+01,3.337051228e+01,2.210955650e-01
1378,3.445000000e-02,3.491359662e-02,8.759296162e+01,5.390482247e+01,3.346645984e+01,2.216793141e-01
1379,3.447500000e-02,3.496826975e-02,8.767129558e+01,5.388658179e+01,3.356245106e+01,2.222627300e-01
1380,3.450000000e-02,3.502296006e-02,8.774954628e+01,5.386821954e+01,3.365848113e+01,2.228456058e-01
1381,3.452500000e-02,3.507766720e-02,8.782771366e+01,5.384973142e+01,3.375455434e+01,2.234279026e-01
1382,3.455000000e-02,3.513239386e-02,8.790579767e+01,5.383111760e+01,3.385067032e+01,2.240097570e-01
1383,3.457500000e-02,3.518713970e-02,8.798379825e+01,5.381238418e+01,3.394682282e+01,2.245912516e-01
1384,3.460000000e-02,3.524190120e-02,8.806171532e+01,5.379353865e+01,3.404300438e+01,2.251722948e-01
1385,3.462500000e-02,3.529667589e-02,8.813954886e+01,5.377459409e+01,3.413920193e+01,2.257528403e-01
1386,3.465000000e-02,3.535145842e-02,8.821729883e+01,5.375556335e+01,3.423540271e+01,2.263327669e-01
1387,3.467500000e-02,3.540624342e-02,8.829496521e+01,5.373644026e+01,3.433161307e+01,2.269118775e-01
1388,3.470000000e-02,3.546103597e-02,8.837254799e+01,5.371721583e+01,3.442784182e+01,2.274903386e-01
1389,3.472500000e-02,3.551583981e-02,8.845004717e+01,5.369789491e+01,3.452408398e+01,2.280682774e-01
1390,3.475000000e-02,3.557065141e-02,8.852746271e+01,5.367847293e+01,3.462034415e+01,2.286456311e-01
1391,3.477500000e-02,3.562547381e-02,8.860479459e+01,5.365894405e+01,3.471662805e+01,2.292224865e-01
1392,3.480000000e-02,3.568030831e-02,8.868204278e+01,5.363930001e+01,3.481294387e+01,2.297989053e-01
1393,3.482500000e-02,3.573515762e-02,8.875920725e+01,5.361953378e+01,3.490929864e+01,2.303748315e-01
1394,3.485000000e-02,3.579002429e-02,8.883628795e+01,5.359964788e+01,3.500568978e+01,2.309502859e-01
1395,3.487500000e-02,3.584490658e-02,8.891328482e+01,5.357964658e+01,3.510211299e+01,2.315252390e-01
1396,3.490000000e-02,3.589980299e-02,8.899019780e+01,5.355954511e+01,3.519855299e+01,2.320997077e-01
1397,3.492500000e-02,3.595470709e-02,8.906702688e+01,5.353935924e+01,3.529499417e+01,2.326734742e-01
1398,3.495000000e-02,3.600961391e-02,8.914377204e+01,5.351910022e+01,3.539142551e+01,2.332463059e-01
1399,3.497500000e-02,3.606452106e-02,8.922043327e+01,5.349874998e+01,3.548786517e+01,2.338181305e-01
1400,3.500000000e-02,3.611943898e-02,8.929701060e+01,5.347827303e+01,3.558434805e+01,2.343895118e-01
1401,3.502500000e-02,3.617438063e-02,8.937350397e+01,5.345765588e+01,3.568088701e+01,2.349610822e-01
1402,3.505000000e-02,3.622934676e-02,8.944991333e+01,5.343690033e+01,3.577748020e+01,2.355327978e-01
1403,3.507500000e-02,3.628433563e-02,8.952623858e+01,5.341602217e+01,3.587411184e+01,2.361045742e-01
1404,3.510000000e-02,3.633934071e-02,8.960247967e+01,5.339503678e+01,3.597076659e+01,2.366762986e-01
1405,3.512500000e-02,3.639435664e-02,8.967863655e+01,5.337392306e+01,3.606746561e+01,2.372478813e-01
1406,3.515000000e-02,3.644939461e-02,8.975470917e+01,5.335268397e+01,3.616420542e+01,2.378197840e-01
1407,3.517500000e-02,3.650444938e-02,8.983069747e+01,5.333132861e+01,3.626097693e+01,2.383919281e-01
1408,3.520000000e-02,3.655951658e-02,8.990660140e+01,5.330986162e+01,3.635777566e+01,2.389641158e-01
1409,3.522500000e-02,3.661459482e-02,8.998242092e+01,5.328827479e+01,3.645460987e+01,2.395362552e-01
1410,3.525000000e-02,3.666968785e-02,9.005815598e+01,5.326657119e+01,3.655147648e+01,2.401083038e-01
1411,3.527500000e-02,3.672479410e-02,9.013380653e+01,5.324475075e+01,3.664837553e+01,2.406802546e-01
1412,3.530000000e-02,3.677991421e-02,9.020937254e+01,5.322280146e+01,3.674531892e+01,2.412521581e-01
1413,3.532500000e-02,3.683505359e-02,9.028485394e+01,5.320071932e+01,3.684231054e+01,2.418240766e-01
1414,3.535000000e-02,3.689021231e-02,9.036025066e+01,5.317849546e+01,3.693935922e+01,2.423959829e-01
1415,3.537500000e-02,3.694539427e-02,9.043556265e+01,5.315610568e+01,3.703648899e+01,2.429679745e-01
1416,3.540000000e-02,3.700060952e-02,9.051078979e+01,5.313354569e+01,3.713370374e+01,2.435403546e-01
1417,3.542500000e-02,3.705585591e-02,9.058593197e+01,5.311081841e+01,3.723100053e+01,2.441130334e-01
1418,3.545000000e-02,3.711113145e-02,9.066098907e+01,5.308792813e+01,3.732837505e+01,2.446858929e-01
1419,3.547500000e-02,3.716643494e-02,9.073596098e+01,5.306488842e+01,3.742581377e+01,2.452587912e-01
1420,3.550000000e-02,3.722176130e-02,9.081084759e+01,5.304171855e+01,3.752329758e+01,2.458314542e-01
1421,3.552500000e-02,3.727710398e-02,9.088564884e+01,5.301843045e+01,3.762081475e+01,2.464036342e-01
1422,3.555000000e-02,3.733246042e-02,9.096036466e+01,5.299503177e+01,3.771835771e+01,2.469751866e-01
1423,3.557500000e-02,3.738782910e-02,9.103499502e+01,5.297148939e+01,3.781595952e+01,2.475461104e-01
1424,3.560000000e-02,3.744322696e-02,9.110953986e+01,5.294777293e+01,3.791364975e+01,2.481171850e-01
1425,3.562500000e-02,3.749866186e-02,9.118399907e+01,5.292388531e+01,3.801142515e+01,2.486886093e-01
1426,3.565000000e-02,3.755412936e-02,9.125837253e+01,5.289984668e+01,3.810926568e+01,2.492601754e-01
1427,3.567500000e-02,3.760962078e-02,9.133266014e+01,5.287566958e+01,3.820715894e+01,2.498316106e-01
1428,3.570000000e-02,3.766513312e-02,9.140686181e+01,5.285135536e+01,3.830510367e+01,2.504027773e-01
1429,3.572500000e-02,3.772066771e-02,9.148097747e+01,5.282690275e+01,3.840310093e+01,2.509737949e-01
1430,3.575000000e-02,3.777622432e-02,9.155500705e+01,5.280233042e+01,3.850113196e+01,2.515446708e-01
1431,3.577500000e-02,3.783179423e-02,9.162895049e+01,5.277765634e+01,3.859917901e+01,2.521151335e-01
1432,3.580000000e-02,3.788737205e-02,9.170280775e+01,5.275288799e+01,3.869723481e+01,2.526849455e-01
1433,3.582500000e-02,3.794295756e-02,9.177657881e+01,5.272803991e+01,3.879528479e+01,2.532541096e-01
1434,3.585000000e-02,3.799854371e-02,9.185026369e+01,5.270312071e+01,3.889332057e+01,2.538224100e-01
1435,3.587500000e-02,3.805412953e-02,9.192386239e+01,5.267812110e+01,3.899135151e+01,2.543897716e-01
1436,3.590000000e-02,3.810972059e-02,9.199737492e+01,5.265303019e+01,3.908938829e+01,2.549564383e-01
1437,3.592500000e-02,3.816531981e-02,9.207080129e+01,5.262782842e+01,3.918745041e+01,2.555224553e-01
1438,3.595000000e-02,3.822093515e-02,9.214414147e+01,5.260250392e+01,3.928554948e+01,2.560880636e-01
1439,3.597500000e-02,3.827656928e-02,9.221739543e+01,5.257704694e+01,3.938369503e+01,2.566534500e-01
1440,3.600000000e-02,3.833222514e-02,9.229056310e+01,5.255146185e+01,3.948188254e+01,2.572187106e-01
1441,3.602500000e-02,3.838789900e-02,9.236364443e+01,5.252575300e+01,3.958010777e+01,2.577836549e-01
1442,3.605000000e-02,3.844359032e-02,9.243663935e+01,5.249993697e+01,3.967835417e+01,2.583482075e-01
1443,3.607500000e-02,3.849929249e-02,9.250954783e+01,5.247402450e+01,3.977661117e+01,2.589121581e-01
1444,3.610000000e-02,3.855500281e-02,9.258236985e+01,5.244803140e+01,3.987486307e+01,2.594753881e-01
1445,3.612500000e-02,3.861071564e-02,9.265510541e+01,5.242197867e+01,3.997308900e+01,2.600377373e-01
1446,3.615000000e-02,3.866642315e-02,9.272775452e+01,5.239587149e+01,4.007128405e+01,2.605989882e-01
1447,3.617500000e-02,3.872212554e-02,9.280031723e+01,5.236969163e+01,4.016946652e+01,2.611590849e-01
1448,3.620000000e-02,3.877783235e-02,9.287279357e+01,5.234339034e+01,4.026768486e+01,2.617183736e-01
1449,3.622500000e-02,3.883356514e-02,9.294518353e+01,5.231694522e+01,4.036596048e+01,2.622778330e-01
1450,3.625000000e-02,3.888932446e-02,9.301748704e+01,5.229035638e+01,4.046429327e+01,2.628373819e-01
1451,3.627500000e-02,3.894510855e-02,9.308970401e+01,5.226363277e+01,4.056267434e+01,2.633968951e-01
1452,3.630000000e-02,3.900091326e-02,9.316183439e+01,5.223678952e+01,4.066108865e+01,2.639562130e-01
1453,3.632500000e-02,3.905673347e-02,9.323387811e+01,5.220984203e+01,4.075952088e+01,2.645151880e-01
1454,3.635000000e-02,3.911256421e-02,9.330583513e+01,5.218279339e+01,4.085796794e+01,2.650738039e-01
1455,3.637500000e-02,3.916840453e-02,9.337770544e+01,5.215565315e+01,4.095642034e+01,2.656319474e-01
1456,3.640000000e-02,3.922425035e-02,9.344948903e+01,5.212844500e+01,4.105485463e+01,2.661893964e-01
1457,3.642500000e-02,3.928009269e-02,9.352118589e+01,5.210118107e+01,4.115325895e+01,2.667458718e-01
1458,3.645000000e-02,3.933592999e-02,9.359279608e+01,5.207385811e+01,4.125163672e+01,2.673012427e-01
1459,3.647500000e-02,3.939176582e-02,9.366431962e+01,5.204648762e+01,4.134997642e+01,2.678555812e-01
1460,3.650000000e-02,3.944759408e-02,9.373575656e+01,5.201907155e+01,4.144827628e+01,2.684087368e-01
1461,3.652500000e-02,3.950341632e-02,9.380710696e+01,5.199160898e+01,4.154653724e+01,2.689607500e-01
1462,3.655000000e-02,3.955923357e-02,9.387837088e+01,5.196407363e+01,4.164478545e+01,2.695117923e-01
1463,3.657500000e-02,3.961505789e-02,9.394954835e+01,5.193642992e+01,4.174305591e+01,2.700625126e-01
1464,3.660000000e-02,3.967090009e-02,9.402063936e+01,5.190866146e+01,4.184136474e+01,2.706131465e-01
1465,3.662500000e-02,3.972676273e-02,9.409164387e+01,5.188077544e+01,4.193970476e+01,2.711636619e-01
1466,3.665000000e-02,3.978264033e-02,9.416256183e+01,5.185278670e+01,4.203806136e+01,2.717137755e-01
1467,3.667500000e-02,3.983852808e-02,9.423339322e+01,5.182469689e+01,4.213643303e+01,2.722633075e-01
1468,3.670000000e-02,3.989442738e-02,9.430413802e+01,5.179650504e+01,4.223482068e+01,2.728123023e-01
1469,3.672500000e-02,3.995033905e-02,9.437479619e+01,5.176820979e+01,4.233322548e+01,2.733609169e-01
1470,3.675000000e-02,4.000626285e-02,9.444536773e+01,5.173981380e+01,4.243164479e+01,2.739091378e-01
1471,3.677500000e-02,4.006219766e-02,9.451585260e+01,5.171134106e+01,4.253005467e+01,2.744568665e-01
1472,3.680000000e-02,4.011813368e-02,9.458625081e+01,5.168281508e+01,4.262843187e+01,2.750038611e-01
1473,3.682500000e-02,4.017406297e-02,9.465656238e+01,5.165424628e+01,4.272676623e+01,2.755498730e-01
1474,3.685000000e-02,4.022998376e-02,9.472678738e+01,5.162559845e+01,4.282509405e+01,2.760948832e-01
1475,3.687500000e-02,4.028591431e-02,9.479692582e+01,5.159683797e+01,4.292344836e+01,2.766394984e-01
1476,3.690000000e-02,4.034186343e-02,9.486697771e+01,5.156797245e+01,4.302182137e+01,2.771838913e-01
1477,3.692500000e-02,4.039782390e-02,9.493694301e+01,5.153902347e+01,4.312019170e+01,2.777278340e-01
1478,3.695000000e-02,4.045378723e-02,9.500682170e+01,5.151000716e+01,4.321854350e+01,2.782710449e-01
1479,3.697500000e-02,4.050974938e-02,9.507661382e+01,5.148093433e+01,4.331686616e+01,2.788133225e-01
1480,3.700000000e-02,4.056570833e-02,9.514631938e+01,5.145181257e+01,4.341515215e+01,2.793546576e-01
1481,3.702500000e-02,4.062166188e-02,9.521593843e+01,5.142264265e+01,4.351340075e+01,2.798950356e-01
1482,3.705000000e-02,4.067761039e-02,9.528547103e+01,5.139342331e+01,4.361161334e+01,2.804343790e-01
1483,3.707500000e-02,4.073355496e-02,9.535491723e+01,5.136416626e+01,4.370977836e+01,2.809726057e-01
1484,3.710000000e-02,4.078949025e-02,9.542427709e+01,5.133485161e+01,4.380791587e+01,2.815096014e-01
1485,3.712500000e-02,4.084542810e-02,9.549355064e+01,5.130546315e+01,4.390604170e+01,2.820457920e-01
1486,3.715000000e-02,4.090137144e-02,9.556273794e+01,5.127600805e+01,4.400414853e+01,2.825813594e-01
1487,3.717500000e-02,4.095731451e-02,9.563183899e+01,5.124648960e+01,4.410223328e+01,2.831161111e-01
1488,3.720000000e-02,4.101325775e-02,9.570085382e+01,5.121690064e+01,4.420030316e+01,2.836500183e-01
1489,3.722500000e-02,4.106920529e-02,9.576978247e+01,5.118721873e+01,4.429838045e+01,2.841832812e-01
1490,3.725000000e-02,4.112516697e-02,9.583862493e+01,5.115742255e+01,4.439648613e+01,2.847162559e-01
1491,3.727500000e-02,4.118114877e-02,9.590738118e+01,5.112749604e+01,4.449463603e+01,2.852491106e-01
1492,3.730000000e-02,4.123715466e-02,9.597605118e+01,5.109744499e+01,4.459282424e+01,2.857819495e-01
1493,3.732500000e-02,4.129317903e-02,9.604463487e+01,5.106728503e+01,4.469103517e+01,2.863146654e-01
1494,3.735000000e-02,4.134921487e-02,9.611313220e+01,5.103702400e+01,4.478926120e+01,2.868469979e-01
1495,3.737500000e-02,4.140526118e-02,9.618154316e+01,5.100668284e+01,4.488748151e+01,2.873788073e-01
1496,3.740000000e-02,4.146131006e-02,9.624986773e+01,5.097628485e+01,4.498567303e+01,2.879098534e-01
1497,3.742500000e-02,4.151735400e-02,9.631810595e+01,5.094585223e+01,4.508381384e+01,2.884398787e-01
1498,3.745000000e-02,4.157338627e-02,9.638625786e+01,5.091540315e+01,4.518188603e+01,2.889686728e-01
1499,3.747500000e-02,4.162940183e-02,9.645432355e+01,5.088494280e+01,4.527988465e+01,2.894961061e-01
1500,3.750000000e-02,4.168540112e-02,9.652230312e+01,5.085446179e+01,4.537781920e+01,2.900221301e-01
1501,3.752500000e-02,4.174139055e-02,9.659019665e+01,5.082395408e+01,4.547569547e+01,2.905470992e-01
1502,3.755000000e-02,4.179736931e-02,9.665800424e+01,5.079341531e+01,4.557351791e+01,2.910710168e-01
1503,3.757500000e-02,4.185333896e-02,9.672572595e+01,5.076283751e+01,4.567129459e+01,2.915938524e-01
1504,3.760000000e-02,4.190930359e-02,9.679336186e+01,5.073221489e+01,4.576903128e+01,2.921156947e-01
1505,3.762500000e-02,4.196526397e-02,9.686091202e+01,5.070155635e+01,4.586671911e+01,2.926365548e-01
1506,3.765000000e-02,4.202121550e-02,9.692837649e+01,5.067086131e+01,4.596435892e+01,2.931562613e-01
1507,3.767500000e-02,4.207716077e-02,9.699575535e+01,5.064012590e+01,4.606195462e+01,2.936748309e-01
1508,3.770000000e-02,4.213310149e-02,9.706304864e+01,5.060935153e+01,4.615950476e+01,2.941923548e-01
1509,3.772500000e-02,4.218903639e-02,9.713025644e+01,5.057852741e+01,4.625702015e+01,2.947088896e-01
1510,3.775000000e-02,4.224497120e-02,9.719737880e+01,5.054765615e+01,4.635449808e+01,2.952245718e-01
1511,3.777500000e-02,4.230090212e-02,9.726441576e+01,5.051673760e+01,4.645193879e+01,2.957393799e-01
1512,3.780000000e-02,4.235682945e-02,9.733136739e+01,5.048575523e+01,4.654935884e+01,2.962533153e-01
1513,3.782500000e-02,4.241276104e-02,9.739823370e+01,5.045471063e+01,4.664675650e+01,2.967665775e-01
1514,3.785000000e-02,4.246869245e-02,9.746501475e+01,5.042361589e+01,4.674411987e+01,2.972789863e-01
1515,3.787500000e-02,4.252461990e-02,9.753171055e+01,5.039245614e+01,4.684146399e+01,2.977904225e-01
1516,3.790000000e-02,4.258055308e-02,9.759832116e+01,5.036119516e+01,4.693882470e+01,2.983012981e-01
1517,3.792500000e-02,4.263650585e-02,9.766484657e+01,5.032982449e+01,4.703621003e+01,2.988120569e-01
1518,3.795000000e-02,4.269247530e-02,9.773128676e+01,5.029835088e+01,4.713361325e+01,2.993226325e-01
1519,3.797500000e-02,4.274845784e-02,9.779764170e+01,5.026677795e+01,4.723103082e+01,2.998329240e-01
1520,3.800000000e-02,4.280445249e-02,9.786391136e+01,5.023511678e+01,4.732845178e+01,3.003428085e-01
1521,3.802500000e-02,4.286045529e-02,9.793009574e+01,5.020339020e+01,4.742585340e+01,3.008521414e-01
1522,3.805000000e-02,4.291645692e-02,9.799619485e+01,5.017162446e+01,4.752320973e+01,3.013606663e-01
1523,3.807500000e-02,4.297244873e-02,9.806220873e+01,5.013984627e+01,4.762049433e+01,3.018681252e-01
1524,3.810000000e-02,4.302842199e-02,9.812813746e+01,5.010805986e+01,4.771770333e+01,3.023742742e-01
1525,3.812500000e-02,4.308437882e-02,9.819398114e+01,5.007627324e+01,4.781482881e+01,3.028790866e-01
1526,3.815000000e-02,4.314031615e-02,9.825973988e+01,5.004450408e+01,4.791185336e+01,3.033824380e-01
1527,3.817500000e-02,4.319622744e-02,9.832541379e+01,5.001276226e+01,4.800876737e+01,3.038841521e-01
1528,3.820000000e-02,4.325211143e-02,9.839100302e+01,4.998102760e+01,4.810559119e+01,3.043842239e-01
1529,3.822500000e-02,4.330797984e-02,9.845650770e+01,4.994929366e+01,4.820233094e+01,3.048830999e-01
1530,3.825000000e-02,4.336383068e-02,9.852192795e+01,4.991755895e+01,4.829898831e+01,3.053806888e-01
1531,3.827500000e-02,4.341966504e-02,9.858726388e+01,4.988580908e+01,4.839557772e+01,3.058770736e-01
1532,3.830000000e-02,4.347548882e-02,9.865251558e+01,4.985403385e+01,4.849210934e+01,3.063723881e-01
1533,3.832500000e-02,4.353130464e-02,9.871768314e+01,4.982223317e+01,4.858858339e+01,3.068665815e-01
1534,3.835000000e-02,4.358711128e-02,9.878276665e+01,4.979040206e+01,4.868500497e+01,3.073596198e-01
1535,3.837500000e-02,4.364291180e-02,9.884776616e+01,4.975852707e+01,4.878138743e+01,3.078516585e-01
1536,3.840000000e-02,4.369871126e-02,9.891268175e+01,4.972659106e+01,4.887774785e+01,3.083428338e-01
1537,3.842500000e-02,4.375451594e-02,9.897751345e+01,4.969459732e+01,4.897408272e+01,3.088334007e-01
1538,3.845000000e-02,4.381032065e-02,9.904226129e+01,4.966256029e+01,4.907037777e+01,3.093232307e-01
1539,3.847500000e-02,4.386611984e-02,9.910692532e+01,4.963047759e+01,4.916663563e+01,3.098120999e-01
1540,3.850000000e-02,4.392191809e-02,9.917150559e+01,4.959835606e+01,4.926284940e+01,3.103001367e-01
1541,3.852500000e-02,4.397771054e-02,9.923600215e+01,4.956621191e+01,4.935900300e+01,3.107872426e-01
1542,3.855000000e-02,4.403349050e-02,9.930041508e+01,4.953403446e+01,4.945510737e+01,3.112732462e-01
1543,3.857500000e-02,4.408926708e-02,9.936474444e+01,4.950181082e+01,4.955117524e+01,3.117583739e-01
1544,3.860000000e-02,4.414504342e-02,9.942899029e+01,4.946953082e+01,4.964721663e+01,3.122428405e-01
1545,3.862500000e-02,4.420082140e-02,9.949315268e+01,4.943716261e+01,4.974326326e+01,3.127267977e-01
1546,3.865000000e-02,4.425661528e-02,9.955723161e+01,4.940468374e+01,4.983933736e+01,3.132105068e-01
1547,3.867500000e-02,4.431243000e-02,9.962122706e+01,4.937210805e+01,4.993542494e+01,3.136940792e-01
1548,3.870000000e-02,4.436825560e-02,9.968513902e+01,4.933946330e+01,5.003149847e+01,3.141772479e-01
1549,3.872500000e-02,4.442408209e-02,9.974896748e+01,4.930678246e+01,5.012752530e+01,3.146597222e-01
1550,3.875000000e-02,4.447989829e-02,9.981271248e+01,4.927409184e+01,5.022347941e+01,3.151412295e-01
1551,3.877500000e-02,4.453569693e-02,9.987637410e+01,4.924139417e+01,5.031935834e+01,3.156215852e-01
1552,3.880000000e-02,4.459148012e-02,9.993995243e+01,4.920870312e+01,5.041514857e+01,3.161007487e-01
1553,3.882500000e-02,4.464724209e-02,1.000034476e+02,4.917603638e+01,5.051083265e+01,3.165785640e-01
1554,3.885000000e-02,4.470297666e-02,1.000668597e+02,4.914340558e+01,5.060639927e+01,3.170548553e-01
1555,3.887500000e-02,4.475868095e-02,1.001301889e+02,4.911081801e+01,5.070184142e+01,3.175294798e-01
1556,3.890000000e-02,4.481435418e-02,1.001934354e+02,4.907827404e+01,5.079715898e+01,3.180023454e-01
1557,3.892500000e-02,4.486999807e-02,1.002565993e+02,4.904575998e+01,5.089236573e+01,3.184735477e-01
1558,3.895000000e-02,4.492561919e-02,1.003196807e+02,4.901325686e+01,5.098748042e+01,3.189434230e-01
1559,3.897500000e-02,4.498122335e-02,1.003826799e+02,4.898073953e+01,5.108252828e+01,3.194120514e-01
1560,3.900000000e-02,4.503682093e-02,1.004455968e+02,4.894820023e+01,5.117751689e+01,3.198796866e-01
1561,3.902500000e-02,4.509241111e-02,1.005084317e+02,4.891563796e+01,5.127244734e+01,3.203463594e-01
1562,3.905000000e-02,4.514799303e-02,1.005711845e+02,4.888305051e+01,5.136732187e+01,3.208120854e-01
1563,3.907500000e-02,4.520356800e-02,1.006338553e+02,4.885043059e+01,5.146214792e+01,3.212768061e-01
1564,3.910000000e-02,4.525913940e-02,1.006964443e+02,4.881776852e+01,5.155693506e+01,3.217406898e-01
1565,3.912500000e-02,4.531471029e-02,1.007589514e+02,4.878506228e+01,5.165168516e+01,3.222039545e-01
1566,3.915000000e-02,4.537027836e-02,1.008213767e+02,4.875231926e+01,5.174639098e+01,3.226664920e-01
1567,3.917500000e-02,4.542584065e-02,1.008837203e+02,4.871955158e+01,5.184104065e+01,3.231280994e-01
1568,3.920000000e-02,4.548139354e-02,1.009459823e+02,4.868676553e+01,5.193562809e+01,3.235886354e-01
1569,3.922500000e-02,4.553693624e-02,1.010081626e+02,4.865395195e+01,5.203016249e+01,3.240481500e-01
1570,3.925000000e-02,4.559247420e-02,1.010702614e+02,4.862110539e+01,5.212464923e+01,3.245067893e-01
1571,3.927500000e-02,4.564800823e-02,1.011322788e+02,4.858824042e+01,5.221907372e+01,3.249646371e-01
1572,3.930000000e-02,4.570352992e-02,1.011942148e+02,4.855535424e+01,5.231343902e+01,3.254215086e-01
1573,3.932500000e-02,4.575904365e-02,1.012560695e+02,4.852241373e+01,5.240777816e+01,3.258775618e-01
1574,3.935000000e-02,4.581456434e-02,1.013178429e+02,4.848939568e+01,5.250211401e+01,3.263332078e-01
1575,3.937500000e-02,4.587009726e-02,1.013795351e+02,4.845629237e+01,5.259645417e+01,3.267885685e-01
1576,3.940000000e-02,4.592564206e-02,1.014411461e+02,4.842311708e+01,5.269078537e+01,3.272436375e-01
1577,3.942500000e-02,4.598119094e-02,1.015026758e+02,4.838989828e+01,5.278507941e+01,3.276981519e-01
1578,3.945000000e-02,4.603673323e-02,1.015641244e+02,4.835665739e+01,5.287931518e+01,3.281518355e-01
1579,3.947500000e-02,4.609226355e-02,1.016254918e+02,4.832340394e+01,5.297348337e+01,3.286045300e-01
1580,3.950000000e-02,4.614778070e-02,1.016867782e+02,4.829015586e+01,5.306756621e+01,3.290561351e-01
1581,3.952500000e-02,4.620327802e-02,1.017479836e+02,4.825693553e+01,5.316154162e+01,3.295064795e-01
1582,3.955000000e-02,4.625874811e-02,1.018091082e+02,4.822375818e+01,5.325539466e+01,3.299553837e-01
1583,3.957500000e-02,4.631418715e-02,1.018701521e+02,4.819063132e+01,5.334911810e+01,3.304027106e-01
1584,3.960000000e-02,4.636959437e-02,1.019311155e+02,4.815756507e+01,5.344270207e+01,3.308483772e-01
1585,3.962500000e-02,4.642496636e-02,1.019919986e+02,4.812457287e+01,5.353613339e+01,3.312922958e-01
1586,3.965000000e-02,4.648029827e-02,1.020528014e+02,4.809163895e+01,5.362942813e+01,3.317343525e-01
1587,3.967500000e-02,4.653560197e-02,1.021135243e+02,4.805872852e+01,5.372262084e+01,3.321749674e-01
1588,3.970000000e-02,4.659088859e-02,1.021741674e+02,4.802581023e+01,5.381574278e+01,3.326143957e-01
1589,3.972500000e-02,4.664616851e-02,1.022347307e+02,4.799286946e+01,5.390880837e+01,3.330529215e-01
1590,3.975000000e-02,4.670144307e-02,1.022952145e+02,4.795990224e+01,5.400182158e+01,3.334906433e-01
1591,3.977500000e-02,4.675671218e-02,1.023556186e+02,4.792690928e+01,5.409478182e+01,3.339275171e-01
1592,3.980000000e-02,4.681197558e-02,1.024159433e+02,4.789389729e+01,5.418768247e+01,3.343635166e-01
1593,3.982500000e-02,4.686722989e-02,1.024761885e+02,4.786086396e+01,5.428052592e+01,3.347986199e-01
1594,3.985000000e-02,4.692247706e-02,1.025363544e+02,4.782780499e+01,5.437331643e+01,3.352329621e-01
1595,3.987500000e-02,4.697771780e-02,1.025964410e+02,4.779471759e+01,5.446605679e+01,3.356665908e-01
1596,3.990000000e-02,4.703295288e-02,1.026564483e+02,4.776161656e+01,5.455873242e+01,3.360993672e-01
1597,3.992500000e-02,4.708817578e-02,1.027163766e+02,4.772851514e+01,5.465133035e+01,3.365310990e-01
1598,3.995000000e-02,4.714338227e-02,1.027762258e+02,4.769539919e+01,5.474386489e+01,3.369616840e-01
1599,3.997500000e-02,4.719858266e-02,1.028359960e+02,4.766225246e+01,5.483635213e+01,3.373913924e-01
1600,4.000000000e-02,4.725378109e-02,1.028956873e+02,4.762908419e+01,5.492878275e+01,3.378203615e-01
1601,4.002500000e-02,4.730896975e-02,1.029552998e+02,4.759591121e+01,5.502114017e+01,3.382484239e-01
1602,4.005000000e-02,4.736414324e-02,1.030148336e+02,4.756272067e+01,5.511343746e+01,3.386754270e-01
1603,4.007500000e-02,4.741931177e-02,1.030742887e+02,4.752949084e+01,5.520569619e+01,3.391016133e-01
1604,4.010000000e-02,4.747448286e-02,1.031336651e+02,4.749621243e+01,5.529792540e+01,3.395273184e-01
1605,4.012500000e-02,4.752965596e-02,1.031929631e+02,4.746287927e+01,5.539013130e+01,3.399525173e-01
1606,4.015000000e-02,4.758483376e-02,1.032521825e+02,4.742950106e+01,5.548230416e+01,3.403772912e-01
1607,4.017500000e-02,4.764000876e-02,1.033113234e+02,4.739609783e+01,5.557442419e+01,3.408014245e-01
1608,4.020000000e-02,4.769517418e-02,1.033703859e+02,4.736268252e+01,5.566647869e+01,3.412247377e-01
1609,4.022500000e-02,4.775032722e-02,1.034293701e+02,4.732926723e+01,5.575845572e+01,3.416471441e-01
1610,4.025000000e-02,4.780546372e-02,1.034882760e+02,4.729586902e+01,5.585033847e+01,3.420684844e-01
1611,4.027500000e-02,4.786057784e-02,1.035471037e+02,4.726250633e+01,5.594210878e+01,3.424885898e-01
1612,4.030000000e-02,4.791566391e-02,1.036058534e+02,4.722918943e+01,5.603375667e+01,3.429072954e-01
1613,4.032500000e-02,4.797072044e-02,1.036645252e+02,4.719592654e+01,5.612527417e+01,3.433245021e-01
1614,4.035000000e-02,4.802574594e-02,1.037231193e+02,4.716273167e+01,5.621664749e+01,3.437401399e-01
1615,4.037500000e-02,4.808073473e-02,1.037816358e+02,4.712961575e+01,5.630786598e+01,3.441541086e-01
1616,4.040000000e-02,4.813568362e-02,1.038400750e+02,4.709658118e+01,5.639892754e+01,3.445663079e-01
1617,4.042500000e-02,4.819059396e-02,1.038984370e+02,4.706358526e+01,5.648987502e+01,3.449767536e-01
1618,4.045000000e-02,4.824548891e-02,1.039567221e+02,4.703058707e+01,5.658074882e+01,3.453861661e-01
1619,4.047500000e-02,4.830037707e-02,1.040149302e+02,4.699757045e+01,5.667156496e+01,3.457947849e-01
1620,4.050000000e-02,4.835525993e-02,1.040730615e+02,4.696452734e+01,5.676233150e+01,3.462026814e-01
1621,4.052500000e-02,4.841013899e-02,1.041311161e+02,4.693145643e+01,5.685304987e+01,3.466098243e-01
1622,4.055000000e-02,4.846501434e-02,1.041890941e+02,4.689836824e+01,5.694370963e+01,3.470161976e-01
1623,4.057500000e-02,4.851988015e-02,1.042469954e+02,4.686527185e+01,5.703430185e+01,3.474216901e-01
1624,4.060000000e-02,4.857473462e-02,1.043048202e+02,4.683216776e+01,5.712482613e+01,3.478263170e-01
1625,4.062500000e-02,4.862957837e-02,1.043625686e+02,4.679905442e+01,5.721528400e+01,3.482301535e-01
1626,4.065000000e-02,4.868441163e-02,1.044202406e+02,4.676593671e+01,5.730567069e+01,3.486331779e-01
1627,4.067500000e-02,4.873923234e-02,1.044778363e+02,4.673282521e+01,5.739597586e+01,3.490352475e-01
1628,4.070000000e-02,4.879403626e-02,1.045353559e+02,4.669971777e+01,5.748620188e+01,3.494362370e-01
1629,4.072500000e-02,4.884882746e-02,1.045927994e+02,4.666660173e+01,5.757636138e+01,3.498362634e-01
1630,4.075000000e-02,4.890361115e-02,1.046501669e+02,4.663347375e+01,5.766645766e+01,3.502354801e-01
1631,4.077500000e-02,4.895838638e-02,1.047074585e+02,4.660034549e+01,5.775647909e+01,3.506339091e-01
1632,4.080000000e-02,4.901314651e-02,1.047646743e+02,4.656722374e+01,5.784641914e+01,3.510313942e-01
1633,4.082500000e-02,4.906789099e-02,1.048218143e+02,4.653409217e+01,5.793629428e+01,3.514278804e-01
1634,4.085000000e-02,4.912262956e-02,1.048788788e+02,4.650093587e+01,5.802611935e+01,3.518235508e-01
1635,4.087500000e-02,4.917736624e-02,1.049358676e+02,4.646774886e+01,5.811590013e+01,3.522186436e-01
1636,4.090000000e-02,4.923210070e-02,1.049927810e+02,4.643452665e+01,5.820564116e+01,3.526131934e-01
1637,4.092500000e-02,4.928683466e-02,1.050496189e+02,4.640127130e+01,5.829534037e+01,3.530072460e-01
1638,4.095000000e-02,4.934156531e-02,1.051063814e+02,4.636799122e+01,5.838498951e+01,3.534007155e-01
1639,4.097500000e-02,4.939628895e-02,1.051630686e+02,4.633469744e+01,5.847457769e+01,3.537934938e-01
1640,4.100000000e-02,4.945100163e-02,1.052196805e+02,4.630140520e+01,5.856408986e+01,3.541854705e-01
1641,4.102500000e-02,4.950569808e-02,1.052762173e+02,4.626813306e+01,5.865350771e+01,3.545764794e-01
1642,4.105000000e-02,4.956037230e-02,1.053326789e+02,4.623489906e+01,5.874281347e+01,3.549663588e-01
1643,4.107500000e-02,4.961501888e-02,1.053890656e+02,4.620171242e+01,5.883199819e+01,3.553549580e-01
1644,4.110000000e-02,4.966963637e-02,1.054453774e+02,4.616857771e+01,5.892105755e+01,3.557421730e-01
1645,4.112500000e-02,4.972422507e-02,1.055016146e+02,4.613550646e+01,5.900998023e+01,3.561279454e-01
1646,4.115000000e-02,4.977877984e-02,1.055577773e+02,4.610251267e+01,5.909875250e+01,3.565121790e-01
1647,4.117500000e-02,4.983329607e-02,1.056138657e+02,4.606960421e+01,5.918736675e+01,3.568947661e-01
1648,4.120000000e-02,4.988777312e-02,1.056698800e+02,4.603678339e+01,5.927582095e+01,3.572756394e-01
1649,4.122500000e-02,4.994221134e-02,1.057258203e+02,4.600400942e+01,5.936415605e+01,3.576548129e-01
1650,4.125000000e-02,4.999663387e-02,1.057816868e+02,4.597123836e+01,5.945241544e+01,3.580330270e-01
1651,4.127500000e-02,5.005104950e-02,1.058374797e+02,4.593845083e+01,5.954061836e+01,3.584105265e-01
1652,4.130000000e-02,5.010546129e-02,1.058931990e+02,4.590564084e+01,5.962877080e+01,3.587874059e-01
1653,4.132500000e-02,5.015986957e-02,1.059488449e+02,4.587280850e+01,5.971687276e+01,3.591636078e-01
1654,4.135000000e-02,5.021427373e-02,1.060044173e+02,4.583996742e+01,5.980491070e+01,3.595391294e-01
1655,4.137500000e-02,5.026866666e-02,1.060599163e+02,4.580713353e+01,5.989286890e+01,3.599138369e-01
1656,4.140000000e-02,5.032304344e-02,1.061153420e+02,4.577430763e+01,5.998074672e+01,3.602876393e-01
1657,4.142500000e-02,5.037740615e-02,1.061706945e+02,4.574147988e+01,6.006855400e+01,3.606606508e-01
1658,4.145000000e-02,5.043175848e-02,1.062259740e+02,4.570865049e+01,6.015629055e+01,3.610329414e-01
1659,4.147500000e-02,5.048609874e-02,1.062811804e+02,4.567583368e+01,6.024394236e+01,3.614043948e-01
1660,4.150000000e-02,5.054042052e-02,1.063363140e+02,4.564302920e+01,6.033150992e+01,3.617748477e-01
1661,4.152500000e-02,5.059472804e-02,1.063913747e+02,4.561022698e+01,6.041900335e+01,3.621443700e-01
1662,4.155000000e-02,5.064902551e-02,1.064463627e+02,4.557741715e+01,6.050643249e+01,3.625130755e-01
1663,4.157500000e-02,5.070331569e-02,1.065012781e+02,4.554460341e+01,6.059379363e+01,3.628810487e-01
1664,4.160000000e-02,5.075759429e-02,1.065561209e+02,4.551179402e+01,6.068107869e+01,3.632482238e-01
1665,4.162500000e-02,5.081185867e-02,1.066108913e+02,4.547898952e+01,6.076828728e+01,3.636145152e-01
1666,4.165000000e-02,5.086611063e-02,1.066655893e+02,4.544619006e+01,6.085541937e+01,3.639798940e-01
1667,4.167500000e-02,5.092035058e-02,1.067202151e+02,4.541338391e+01,6.094248679e+01,3.643443622e-01
1668,4.170000000e-02,5.097458491e-02,1.067747686e+02,4.538056359e+01,6.102949679e+01,3.647082292e-01
1669,4.172500000e-02,5.102881250e-02,1.068292500e+02,4.534772624e+01,6.111645230e+01,3.650715059e-01
1670,4.175000000e-02,5.108303464e-02,1.068836594e+02,4.531486701e+01,6.120335821e+01,3.654342036e-01
1671,4.177500000e-02,5.113725266e-02,1.069379968e+02,4.528198260e+01,6.129021788e+01,3.657963506e-01
1672,4.180000000e-02,5.119146707e-02,1.069922623e+02,4.524908571e+01,6.137701867e+01,3.661579337e-01
1673,4.182500000e-02,5.124567081e-02,1.070464559e+02,4.521619381e+01,6.146374332e+01,3.665187927e-01
1674,4.185000000e-02,5.129985859e-02,1.071005778e+02,4.518332699e+01,6.155037201e+01,3.668787661e-01
1675,4.187500000e-02,5.135402347e-02,1.071546279e+02,4.515050329e+01,6.163688694e+01,3.672376991e-01
1676,4.190000000e-02,5.140816011e-02,1.072086065e+02,4.511773116e+01,6.172327993e+01,3.675954469e-01
1677,4.192500000e-02,5.146226800e-02,1.072625137e+02,4.508501453e+01,6.180954729e+01,3.679519176e-01
1678,4.195000000e-02,5.151634789e-02,1.073163497e+02,4.505236345e+01,6.189567916e+01,3.683070717e-01
1679,4.197500000e-02,5.157039498e-02,1.073701145e+02,4.501979174e+01,6.198166195e+01,3.686608302e-01
1680,4.200000000e-02,5.162440462e-02,1.074238084e+02,4.498730822e+01,6.206748711e+01,3.690131034e-01
1681,4.202500000e-02,5.167837552e-02,1.074774316e+02,4.495491807e+01,6.215314970e+01,3.693638330e-01
1682,4.205000000e-02,5.173230638e-02,1.075309842e+02,4.492261141e+01,6.223865981e+01,3.697129907e-01
1683,4.207500000e-02,5.178620328e-02,1.075844665e+02,4.489035097e+01,6.232405479e+01,3.700607034e-01
1684,4.210000000e-02,5.184008418e-02,1.076378785e+02,4.485809163e+01,6.240937934e+01,3.704075456e-01
1685,4.212500000e-02,5.189396139e-02,1.076912205e+02,4.482581318e+01,6.249465341e+01,3.707538711e-01
1686,4.215000000e-02,5.194783645e-02,1.077444924e+02,4.479350862e+01,6.257988408e+01,3.710996994e-01
1687,4.217500000e-02,5.200171077e-02,1.077976944e+02,4.476117979e+01,6.266506958e+01,3.714449974e-01
1688,4.220000000e-02,5.205558175e-02,1.078508264e+02,4.472884094e+01,6.275019576e+01,3.717897277e-01
1689,4.222500000e-02,5.210944259e-02,1.079038886e+02,4.469651220e+01,6.283524269e+01,3.721337464e-01
1690,4.225000000e-02,5.216328617e-02,1.079568811e+02,4.466419983e+01,6.292020436e+01,3.724768880e-01
1691,4.227500000e-02,5.221711390e-02,1.080098039e+02,4.463189282e+01,6.300509181e+01,3.728192383e-01
1692,4.230000000e-02,5.227093109e-02,1.080626571e+02,4.459958476e+01,6.308991136e+01,3.731609534e-01
1693,4.232500000e-02,5.232473801e-02,1.081154408e+02,4.456728660e+01,6.317465224e+01,3.735019562e-01
1694,4.235000000e-02,5.237852843e-02,1.081681551e+02,4.453500260e+01,6.325931042e+01,3.738420980e-01
1695,4.237500000e-02,5.243230372e-02,1.082208001e+02,4.450273293e+01,6.334388583e+01,3.741813827e-01
1696,4.240000000e-02,5.248606366e-02,1.082733760e+02,4.447046722e+01,6.342838891e+01,3.745198220e-01
1697,4.242500000e-02,5.253981489e-02,1.083258827e+02,4.443819925e+01,6.351282588e+01,3.748575277e-01
1698,4.245000000e-02,5.259355762e-02,1.083783203e+02,4.440593431e+01,6.359719148e+01,3.751945474e-01
1699,4.247500000e-02,5.264728778e-02,1.084306891e+02,4.437368177e+01,6.368147650e+01,3.755307980e-01
1700,4.250000000e-02,5.270100260e-02,1.084829889e+02,4.434143765e+01,6.376568507e+01,3.758662126e-01
1701,4.252500000e-02,5.275470609e-02,1.085352200e+02,4.430920666e+01,6.384981259e+01,3.762007847e-01
1702,4.255000000e-02,5.280839514e-02,1.085873825e+02,4.427698610e+01,6.393386194e+01,3.765344443e-01
1703,4.257500000e-02,5.286207371e-02,1.086394763e+02,4.424476747e+01,6.401784147e+01,3.768673984e-01
1704,4.260000000e-02,5.291574307e-02,1.086915017e+02,4.421255006e+01,6.410175188e+01,3.771997737e-01
1705,4.262500000e-02,5.296940141e-02,1.087434587e+02,4.418032242e+01,6.418560475e+01,3.775315079e-01
1706,4.265000000e-02,5.302305623e-02,1.087953473e+02,4.414807384e+01,6.426941069e+01,3.778627909e-01
1707,4.267500000e-02,5.307670778e-02,1.088471677e+02,4.411581511e+01,6.435315897e+01,3.781936143e-01
1708,4.270000000e-02,5.313034974e-02,1.088989198e+02,4.408356278e+01,6.443683323e+01,3.785238348e-01
1709,4.272500000e-02,5.318397626e-02,1.089506039e+02,4.405133279e+01,6.452041779e+01,3.788533017e-01
1710,4.275000000e-02,5.323758245e-02,1.090022199e+02,4.401914251e+01,6.460389550e+01,3.791818774e-01
1711,4.277500000e-02,5.329116268e-02,1.090537680e+02,4.398700544e+01,6.468725310e+01,3.795094310e-01
1712,4.280000000e-02,5.334471364e-02,1.091052483e+02,4.395492388e+01,6.477048854e+01,3.798358581e-01
1713,4.282500000e-02,5.339823781e-02,1.091566609e+02,4.392290183e+01,6.485359798e+01,3.801611334e-01
1714,4.285000000e-02,5.345173277e-02,1.092080061e+02,4.389094862e+01,6.493657229e+01,3.804851977e-01
1715,4.287500000e-02,5.350519503e-02,1.092592839e+02,4.385907270e+01,6.501940327e+01,3.808079703e-01
1716,4.290000000e-02,5.355862253e-02,1.093104946e+02,4.382728019e+01,6.510208503e+01,3.811293827e-01
1717,4.292500000e-02,5.361201403e-02,1.093616383e+02,4.379556984e+01,6.518461902e+01,3.814493890e-01
1718,4.295000000e-02,5.366537186e-02,1.094127151e+02,4.376393519e+01,6.526701186e+01,3.817680265e-01
1719,4.297500000e-02,5.371869864e-02,1.094637252e+02,4.373235667e+01,6.534928317e+01,3.820854083e-01
1720,4.300000000e-02,5.377200307e-02,1.095146689e+02,4.370078821e+01,6.543147894e+01,3.824017551e-01
1721,4.302500000e-02,5.382530508e-02,1.095655462e+02,4.366919662e+01,6.551363187e+01,3.827176961e-01
1722,4.305000000e-02,5.387860830e-02,1.096163571e+02,4.363757420e+01,6.559574970e+01,3.830332305e-01
1723,4.307500000e-02,5.393191360e-02,1.096671018e+02,4.360592540e+01,6.567782809e+01,3.833483240e-01
1724,4.310000000e-02,5.398521732e-02,1.097177803e+02,4.357426582e+01,6.575985152e+01,3.836629291e-01
1725,4.312500000e-02,5.403851229e-02,1.097683925e+02,4.354261615e+01,6.584179949e+01,3.839769043e-01
1726,4.315000000e-02,5.409179127e-02,1.098189387e+02,4.351099696e+01,6.592365167e+01,3.842900934e-01
1727,4.317500000e-02,5.414504780e-02,1.098694189e+02,4.347940321e+01,6.600541334e+01,3.846023526e-01
1728,4.320000000e-02,5.419828970e-02,1.099198332e+02,4.344781594e+01,6.608710331e+01,3.849139433e-01
1729,4.322500000e-02,5.425152231e-02,1.099701817e+02,4.341623706e+01,6.616871971e+01,3.852249217e-01
1730,4.325000000e-02,5.430474155e-02,1.100204645e+02,4.338467581e+01,6.625025348e+01,3.855351840e-01
1731,4.327500000e-02,5.435794433e-02,1.100706816e+02,4.335313102e+01,6.633170598e+01,3.858446473e-01
1732,4.330000000e-02,5.441113373e-02,1.101208333e+02,4.332160596e+01,6.641307394e+01,3.861533897e-01
1733,4.332500000e-02,5.446430608e-02,1.101709195e+02,4.329009761e+01,6.649436056e+01,3.864613332e-01
1734,4.335000000e-02,5.451746631e-02,1.102209404e+02,4.325860062e+01,6.657557121e+01,3.867685642e-01
1735,4.337500000e-02,5.457061479e-02,1.102708960e+02,4.322711373e+01,6.665670717e+01,3.870751467e-01
1736,4.340000000e-02,5.462375115e-02,1.103207866e+02,4.319564035e+01,6.673776514e+01,3.873810593e-01
1737,4.342500000e-02,5.467687366e-02,1.103706120e+02,4.316418013e+01,6.681874562e+01,3.876862357e-01
1738,4.345000000e-02,5.472998398e-02,1.104203725e+02,4.313273671e+01,6.689964509e+01,3.879906591e-01
1739,4.347500000e-02,5.478307989e-02,1.104700680e+02,4.310132384e+01,6.698044994e+01,3.882942680e-01
1740,4.350000000e-02,5.483615575e-02,1.105196989e+02,4.306993494e+01,6.706116696e+01,3.885969573e-01
1741,4.352500000e-02,5.488921918e-02,1.105692650e+02,4.303855723e+01,6.714180873e+01,3.888990386e-01
1742,4.355000000e-02,5.494227097e-02,1.106187666e+02,4.300718264e+01,6.722238337e+01,3.892005593e-01
1743,4.357500000e-02,5.499531399e-02,1.106682036e+02,4.297579083e+01,6.730291129e+01,3.895015145e-01
1744,4.360000000e-02,5.504835824e-02,1.107175763e+02,4.294437636e+01,6.738339777e+01,3.898021459e-01
1745,4.362500000e-02,5.510139885e-02,1.107668845e+02,4.291295446e+01,6.746382772e+01,3.901023487e-01
1746,4.365000000e-02,5.515442941e-02,1.108161285e+02,4.288154293e+01,6.754418358e+01,3.904019702e-01
1747,4.367500000e-02,5.520744439e-02,1.108653082e+02,4.285015780e+01,6.762444950e+01,3.907008669e-01
1748,4.370000000e-02,5.526043914e-02,1.109144237e+02,4.281881404e+01,6.770461076e+01,3.909989153e-01
1749,4.372500000e-02,5.531340871e-02,1.109634752e+02,4.278751845e+01,6.778466077e+01,3.912959991e-01
1750,4.375000000e-02,5.536635349e-02,1.110124628e+02,4.275627587e+01,6.786459490e+01,3.915920537e-01
1751,4.377500000e-02,5.541927247e-02,1.110613866e+02,4.272509649e+01,6.794440309e+01,3.918870371e-01
1752,4.380000000e-02,5.547216137e-02,1.111102468e+02,4.269399189e+01,6.802407403e+01,3.921808735e-01
1753,4.382500000e-02,5.552501648e-02,1.111590435e+02,4.266296726e+01,6.810360272e+01,3.924734860e-01
1754,4.385000000e-02,5.557783790e-02,1.112077768e+02,4.263202612e+01,6.818298587e+01,3.927648238e-01
1755,4.387500000e-02,5.563062508e-02,1.112564470e+02,4.260116844e+01,6.826222370e+01,3.930548582e-01
1756,4.390000000e-02,5.568337946e-02,1.113050542e+02,4.257039046e+01,6.834132010e+01,3.933436121e-01
1757,4.392500000e-02,5.573610248e-02,1.113535985e+02,4.253968961e+01,6.842027776e+01,3.936311603e-01
1758,4.395000000e-02,5.578879403e-02,1.114020802e+02,4.250904315e+01,6.849911953e+01,3.939175250e-01
1759,4.397500000e-02,5.584146708e-02,1.114504994e+02,4.247840942e+01,6.857788690e+01,3.942030374e-01
1760,4.400000000e-02,5.589413667e-02,1.114988561e+02,4.244775706e+01,6.865661084e+01,3.944881853e-01
1761,4.402500000e-02,5.594680761e-02,1.115471505e+02,4.241707516e+01,6.873530236e+01,3.947729587e-01
1762,4.405000000e-02,5.599948262e-02,1.115953826e+02,4.238637100e+01,6.881395416e+01,3.950573879e-01
1763,4.407500000e-02,5.605215500e-02,1.116435524e+02,4.235566362e+01,6.889254737e+01,3.953413748e-01
1764,4.410000000e-02,5.610481721e-02,1.116916600e+02,4.232497376e+01,6.897106143e+01,3.956247768e-01
1765,4.412500000e-02,5.615746237e-02,1.117397054e+02,4.229432073e+01,6.904947726e+01,3.959074547e-01
1766,4.415000000e-02,5.621008456e-02,1.117876889e+02,4.226370367e+01,6.912779594e+01,3.961892847e-01
1767,4.417500000e-02,5.626268844e-02,1.118356104e+02,4.223310234e+01,6.920603767e+01,3.964704099e-01
1768,4.420000000e-02,5.631528297e-02,1.118834701e+02,4.220251167e+01,6.928420748e+01,3.967509847e-01
1769,4.422500000e-02,5.636786547e-02,1.119312681e+02,4.217193520e+01,6.936230196e+01,3.970309493e-01
1770,4.425000000e-02,5.642043478e-02,1.119790044e+02,4.214137739e+01,6.944031679e+01,3.973102603e-01
1771,4.427500000e-02,5.647298910e-02,1.120266792e+02,4.211084210e+01,6.951824822e+01,3.975888842e-01
1772,4.430000000e-02,5.652552759e-02,1.120742925e+02,4.208033257e+01,6.959609314e+01,3.978668101e-01
1773,4.432500000e-02,5.657804874e-02,1.121218444e+02,4.204984135e+01,6.967385912e+01,3.981439740e-01
1774,4.435000000e-02,5.663055934e-02,1.121693351e+02,4.201935639e+01,6.975155820e+01,3.984205101e-01
1775,4.437500000e-02,5.668306152e-02,1.122167646e+02,4.198888000e+01,6.982918809e+01,3.986964758e-01
1776,4.440000000e-02,5.673555205e-02,1.122641329e+02,4.195841811e+01,6.990674299e+01,3.989718110e-01
1777,4.442500000e-02,5.678802959e-02,1.123114402e+02,4.192797569e+01,6.998421808e+01,3.992464564e-01
1778,4.445000000e-02,5.684049326e-02,1.123586866e+02,4.189755923e+01,7.006160698e+01,3.995203746e-01
1779,4.447500000e-02,5.689294014e-02,1.124058721e+02,4.186717935e+01,7.013889926e+01,3.997934917e-01
1780,4.450000000e-02,5.694536641e-02,1.124529969e+02,4.183683785e+01,7.021609330e+01,4.000657160e-01
1781,4.452500000e-02,5.699777433e-02,1.125000610e+02,4.180652220e+01,7.029320166e+01,4.003371317e-01
1782,4.455000000e-02,5.705016986e-02,1.125470646e+02,4.177621880e+01,7.037023782e+01,4.006079685e-01
1783,4.457500000e-02,5.710255550e-02,1.125940077e+02,4.174591440e+01,7.044721508e+01,4.008782559e-01
1784,4.460000000e-02,5.715493710e-02,1.126408905e+02,4.171559857e+01,7.052414382e+01,4.011481176e-01
1785,4.462500000e-02,5.720731565e-02,1.126877130e+02,4.168527767e+01,7.060101772e+01,4.014175923e-01
1786,4.465000000e-02,5.725968533e-02,1.127344752e+02,4.165496870e+01,7.067781993e+01,4.016865650e-01
1787,4.467500000e-02,5.731203981e-02,1.127811772e+02,4.162468870e+01,7.075453363e+01,4.019549011e-01
1788,4.470000000e-02,5.736437407e-02,1.128278192e+02,4.159444836e+01,7.083114834e+01,4.022224770e-01
1789,4.472500000e-02,5.741668654e-02,1.128744011e+02,4.156425752e+01,7.090765443e+01,4.024891969e-01
1790,4.475000000e-02,5.746897420e-02,1.129209232e+02,4.153411797e+01,7.098405028e+01,4.027549878e-01
1791,4.477500000e-02,5.752123893e-02,1.129673856e+02,4.150403681e+01,7.106032895e+01,4.030198308e-01
1792,4.480000000e-02,5.757347684e-02,1.130137883e+02,4.147402448e+01,7.113648019e+01,4.032836667e-01
1793,4.482500000e-02,5.762568442e-02,1.130601316e+02,4.144409146e+01,7.121249370e+01,4.035464273e-01
1794,4.485000000e-02,5.767785837e-02,1.131064155e+02,4.141424181e+01,7.128836566e+01,4.038080506e-01
1795,4.487500000e-02,5.772999949e-02,1.131526403e+02,4.138447732e+01,7.136409446e+01,4.040685077e-01
1796,4.490000000e-02,5.778210743e-02,1.131988060e+02,4.135479922e+01,7.143967902e+01,4.043277967e-01
1797,4.492500000e-02,5.783418196e-02,1.132449129e+02,4.132520751e+01,7.151511950e+01,4.045859274e-01
1798,4.495000000e-02,5.788622330e-02,1.132909611e+02,4.129569771e+01,7.159042051e+01,4.048429288e-01
1799,4.497500000e-02,5.793823380e-02,1.133369508e+02,4.126625816e+01,7.166559381e+01,4.050988598e-01
1800,4.500000000e-02,5.799021867e-02,1.133828821e+02,4.123685698e+01,7.174067129e+01,4.053538610e-01
1801,4.502500000e-02,5.804219297e-02,1.134287552e+02,4.120745635e+01,7.181569054e+01,4.056082949e-01
1802,4.505000000e-02,5.809416646e-02,1.134745701e+02,4.117803372e+01,7.189067392e+01,4.058624258e-01
1803,4.507500000e-02,5.814614262e-02,1.135203268e+02,4.114858211e+01,7.196562846e+01,4.061162599e-01
1804,4.510000000e-02,5.819812265e-02,1.135660255e+02,4.111911168e+01,7.204054405e+01,4.063697813e-01
1805,4.512500000e-02,5.825009955e-02,1.136116662e+02,4.108964144e+01,7.211540184e+01,4.066228738e-01
1806,4.515000000e-02,5.830206619e-02,1.136572488e+02,4.106019035e+01,7.219018306e+01,4.068754019e-01
1807,4.517500000e-02,5.835401643e-02,1.137027736e+02,4.103077517e+01,7.226487115e+01,4.071272376e-01
1808,4.520000000e-02,5.840594536e-02,1.137482405e+02,4.100139874e+01,7.233946347e+01,4.073782751e-01
1809,4.522500000e-02,5.845785551e-02,1.137936497e+02,4.097204761e+01,7.241397348e+01,4.076286067e-01
1810,4.525000000e-02,5.850975383e-02,1.138390013e+02,4.094271437e+01,7.248840860e+01,4.078783274e-01
1811,4.527500000e-02,5.856164036e-02,1.138842954e+02,4.091339565e+01,7.256277226e+01,4.081274617e-01
1812,4.530000000e-02,5.861351636e-02,1.139295320e+02,4.088409754e+01,7.263705844e+01,4.083760201e-01
1813,4.532500000e-02,5.866537726e-02,1.139747113e+02,4.085482650e+01,7.271126085e+01,4.086239314e-01
1814,4.535000000e-02,5.871722201e-02,1.140198333e+02,4.082558824e+01,7.278537387e+01,4.088711646e-01
1815,4.537500000e-02,5.876904784e-02,1.140648981e+02,4.079638269e+01,7.285939774e+01,4.091176687e-01
1816,4.540000000e-02,5.882085791e-02,1.141099058e+02,4.076719902e+01,7.293334334e+01,4.093634811e-01
1817,4.542500000e-02,5.887265714e-02,1.141548566e+02,4.073802906e+01,7.300721887e+01,4.096086849e-01
1818,4.545000000e-02,5.892444699e-02,1.141997505e+02,4.070887479e+01,7.308102235e+01,4.098533315e-01
1819,4.547500000e-02,5.897622471e-02,1.142445875e+02,4.067974196e+01,7.315474820e+01,4.100973602e-01
1820,4.550000000e-02,5.902798866e-02,1.142893678e+02,4.065063574e+01,7.322839135e+01,4.103407181e-01
1821,4.552500000e-02,5.907973733e-02,1.143340915e+02,4.062156562e+01,7.330194249e+01,4.105833590e-01
1822,4.555000000e-02,5.913146644e-02,1.143787586e+02,4.059254132e+01,7.337539205e+01,4.108251998e-01
1823,4.557500000e-02,5.918317364e-02,1.144233692e+02,4.056357036e+01,7.344873270e+01,4.110661681e-01
1824,4.560000000e-02,5.923485735e-02,1.144679235e+02,4.053464577e+01,7.352197153e+01,4.113062455e-01
1825,4.562500000e-02,5.928652315e-02,1.145124217e+02,4.050574678e+01,7.359512925e+01,4.115456272e-01
1826,4.565000000e-02,5.933817877e-02,1.145568637e+02,4.047685797e+01,7.366822119e+01,4.117844971e-01
1827,4.567500000e-02,5.938982712e-02,1.146012496e+02,4.044797315e+01,7.374125356e+01,4.120229042e-01
1828,4.570000000e-02,5.944146887e-02,1.146455796e+02,4.041909081e+01,7.381422795e+01,4.122608685e-01
1829,4.572500000e-02,5.949310330e-02,1.146898537e+02,4.039021726e+01,7.388713808e+01,4.124983930e-01
1830,4.575000000e-02,5.954472619e-02,1.147340720e+02,4.036136790e+01,7.395996873e+01,4.127353767e-01
1831,4.577500000e-02,5.959633188e-02,1.147782345e+02,4.033255904e+01,7.403270380e+01,4.129717077e-01
1832,4.580000000e-02,5.964791527e-02,1.148223414e+02,4.030380220e+01,7.410533193e+01,4.132072838e-01
1833,4.582500000e-02,5.969947349e-02,1.148663927e+02,4.027510058e+01,7.417785015e+01,4.134420189e-01
1834,4.585000000e-02,5.975100860e-02,1.149103887e+02,4.024645507e+01,7.425025770e+01,4.136758830e-01
1835,4.587500000e-02,5.980252027e-02,1.149543293e+02,4.021787233e+01,7.432254807e+01,4.139088552e-01
1836,4.590000000e-02,5.985400561e-02,1.149982147e+02,4.018936176e+01,7.439471204e+01,4.141408858e-01
1837,4.592500000e-02,5.990546112e-02,1.150420451e+02,4.016093002e+01,7.446674313e+01,4.143719220e-01
1838,4.595000000e-02,5.995688495e-02,1.150858206e+02,4.013257958e+01,7.453863905e+01,4.146019171e-01
1839,4.597500000e-02,6.000827785e-02,1.151295413e+02,4.010430936e+01,7.461040107e+01,4.148308482e-01
1840,4.600000000e-02,6.005964100e-02,1.151732074e+02,4.007611983e+01,7.468202885e+01,4.150587221e-01
1841,4.602500000e-02,6.011097367e-02,1.152168191e+02,4.004801593e+01,7.475351760e+01,4.152855418e-01
1842,4.605000000e-02,6.016227318e-02,1.152603764e+02,4.002000193e+01,7.482486321e+01,4.155112756e-01
1843,4.607500000e-02,6.021353863e-02,1.153038796e+02,3.999206771e+01,7.489607599e+01,4.157359130e-01
1844,4.610000000e-02,6.026477675e-02,1.153473288e+02,3.996420036e+01,7.496716884e+01,4.159596100e-01
1845,4.612500000e-02,6.031599063e-02,1.153907241e+02,3.993639274e+01,7.503814895e+01,4.161824541e-01
1846,4.615000000e-02,6.036718196e-02,1.154340657e+02,3.990861111e+01,7.510905013e+01,4.164044859e-01
1847,4.617500000e-02,6.041836960e-02,1.154773537e+02,3.988082296e+01,7.517990455e+01,4.166261665e-01
1848,4.620000000e-02,6.046955693e-02,1.155205881e+02,3.985301795e+01,7.525072257e+01,4.168475352e-01
1849,4.622500000e-02,6.052074663e-02,1.155637689e+02,3.982520248e+01,7.532149784e+01,4.170686088e-01
1850,4.625000000e-02,6.057193260e-02,1.156068963e+02,3.979738956e+01,7.539221745e+01,4.172892997e-01
1851,4.627500000e-02,6.062311064e-02,1.156499703e+02,3.976959599e+01,7.546286478e+01,4.175095075e-01
1852,4.630000000e-02,6.067427433e-02,1.156929909e+02,3.974183684e+01,7.553342491e+01,4.177291255e-01
1853,4.632500000e-02,6.072541889e-02,1.157359582e+02,3.971411888e+01,7.560389129e+01,4.179480547e-01
1854,4.635000000e-02,6.077654417e-02,1.157788724e+02,3.968643993e+01,7.567426616e+01,4.181663034e-01
1855,4.637500000e-02,6.082765206e-02,1.158217335e+02,3.965879663e+01,7.574455295e+01,4.183839078e-01
1856,4.640000000e-02,6.087874370e-02,1.158645416e+02,3.963117644e+01,7.581476432e+01,4.186008496e-01
1857,4.642500000e-02,6.092982624e-02,1.159072969e+02,3.960357158e+01,7.588490801e+01,4.188172779e-01
1858,4.645000000e-02,6.098089883e-02,1.159499993e+02,3.957598908e+01,7.595497703e+01,4.190331953e-01
1859,4.647500000e-02,6.103195683e-02,1.159926490e+02,3.954844236e+01,7.602495815e+01,4.192485149e-01
1860,4.650000000e-02,6.108299524e-02,1.160352461e+02,3.952093899e+01,7.609484397e+01,4.194631381e-01
1861,4.652500000e-02,6.113401372e-02,1.160777906e+02,3.949347541e+01,7.616463818e+01,4.196770445e-01
1862,4.655000000e-02,6.118501603e-02,1.161202827e+02,3.946604213e+01,7.623435029e+01,4.198903125e-01
1863,4.657500000e-02,6.123600505e-02,1.161627225e+02,3.943863550e+01,7.630398401e+01,4.201029695e-01
1864,4.660000000e-02,6.128698160e-02,1.162051100e+02,3.941125185e+01,7.637354310e+01,4.203150221e-01
1865,4.662500000e-02,6.133794761e-02,1.162474453e+02,3.938389074e+01,7.644302804e+01,4.205265164e-01
1866,4.665000000e-02,6.138890139e-02,1.162897285e+02,3.935656178e+01,7.651242932e+01,4.207374204e-01
1867,4.667500000e-02,6.143983853e-02,1.163319597e+02,3.932927210e+01,7.658173997e+01,4.209476610e-01
1868,4.670000000e-02,6.149075804e-02,1.163741390e+02,3.930203045e+01,7.665095137e+01,4.211572046e-01
1869,4.672500000e-02,6.154165566e-02,1.164162665e+02,3.927484621e+01,7.672005431e+01,4.213659876e-01
1870,4.675000000e-02,6.159252901e-02,1.164583423e+02,3.924772678e+01,7.678904156e+01,4.215739526e-01
1871,4.677500000e-02,6.164337650e-02,1.165003665e+02,3.922066800e+01,7.685791742e+01,4.217810682e-01
1872,4.680000000e-02,6.169420264e-02,1.165423392e+02,3.919365192e+01,7.692669984e+01,4.219874835e-01
1873,4.682500000e-02,6.174501475e-02,1.165842606e+02,3.916666178e+01,7.699540550e+01,4.221933524e-01
1874,4.685000000e-02,6.179581630e-02,1.166261308e+02,3.913968549e+01,7.706404650e+01,4.223987845e-01
1875,4.687500000e-02,6.184661094e-02,1.166679497e+02,3.911272088e+01,7.713262501e+01,4.226038429e-01
1876,4.690000000e-02,6.189739538e-02,1.167097176e+02,3.908577324e+01,7.720113588e+01,4.228084620e-01
1877,4.692500000e-02,6.194816828e-02,1.167514344e+02,3.905884717e+01,7.726957460e+01,4.230126131e-01
1878,4.695000000e-02,6.199892753e-02,1.167931002e+02,3.903195212e+01,7.733793183e+01,4.232162684e-01
1879,4.697500000e-02,6.204966888e-02,1.168347152e+02,3.900510093e+01,7.740619490e+01,4.234193448e-01
1880,4.700000000e-02,6.210038818e-02,1.168762793e+02,3.897830102e+01,7.747435655e+01,4.236217601e-01
1881,4.702500000e-02,6.215108531e-02,1.169177928e+02,3.895155674e+01,7.754241260e+01,4.238234687e-01
1882,4.705000000e-02,6.220175917e-02,1.169592557e+02,3.892487078e+01,7.761036049e+01,4.240244355e-01
1883,4.707500000e-02,6.225240986e-02,1.170006681e+02,3.889825073e+01,7.767819277e+01,4.242246363e-01
1884,4.710000000e-02,6.230303395e-02,1.170420302e+02,3.887170549e+01,7.774590072e+01,4.244240297e-01
1885,4.712500000e-02,6.235362845e-02,1.170833421e+02,3.884523966e+01,7.781347989e+01,4.246225747e-01
1886,4.715000000e-02,6.240419324e-02,1.171246039e+02,3.881885378e+01,7.788092990e+01,4.248202458e-01
1887,4.717500000e-02,6.245472928e-02,1.171658158e+02,3.879254503e+01,7.794825373e+01,4.250170341e-01
1888,4.720000000e-02,6.250523829e-02,1.172069779e+02,3.876631333e+01,7.801545156e+01,4.252129646e-01
1889,4.722500000e-02,6.255571893e-02,1.172480902e+02,3.874016308e+01,7.808251912e+01,4.254080412e-01
1890,4.725000000e-02,6.260616886e-02,1.172891531e+02,3.871409986e+01,7.814945101e+01,4.256022399e-01
1891,4.727500000e-02,6.265658606e-02,1.173301666e+02,3.868812891e+01,7.821624214e+01,4.257955347e-01
1892,4.730000000e-02,6.270696886e-02,1.173711308e+02,3.866223788e+01,7.828290502e+01,4.259879037e-01
1893,4.732500000e-02,6.275732623e-02,1.174120459e+02,3.863641092e+01,7.834945548e+01,4.261795356e-01
1894,4.735000000e-02,6.280766149e-02,1.174529121e+02,3.861064446e+01,7.841589711e+01,4.263705096e-01
1895,4.737500000e-02,6.285797344e-02,1.174937294e+02,3.858493466e+01,7.848223391e+01,4.265608112e-01
1896,4.740000000e-02,6.290826433e-02,1.175344979e+02,3.855924883e+01,7.854849862e+01,4.267504767e-01
1897,4.742500000e-02,6.295855274e-02,1.175752178e+02,3.853355301e+01,7.861472492e+01,4.269399120e-01
1898,4.745000000e-02,6.300884360e-02,1.176158892e+02,3.850783902e+01,7.868092095e+01,4.271291957e-01
1899,4.747500000e-02,6.305913671e-02,1.176565119e+02,3.848211414e+01,7.874707947e+01,4.273183190e-01
1900,4.750000000e-02,6.310942656e-02,1.176970862e+02,3.845639386e+01,7.881318512e+01,4.275071926e-01
1901,4.752500000e-02,6.315970719e-02,1.177376120e+02,3.843069384e+01,7.887922240e+01,4.276957148e-01
1902,4.755000000e-02,6.320997363e-02,1.177780893e+02,3.840502533e+01,7.894518020e+01,4.278837926e-01
1903,4.757500000e-02,6.326022356e-02,1.178185184e+02,3.837939339e+01,7.901105363e+01,4.280713548e-01
1904,4.760000000e-02,6.331045691e-02,1.178588992e+02,3.835379413e+01,7.907684665e+01,4.282584002e-01
1905,4.762500000e-02,6.336067729e-02,1.178992318e+02,3.832822655e+01,7.914256029e+01,4.284449949e-01
1906,4.765000000e-02,6.341088243e-02,1.179395164e+02,3.830268541e+01,7.920819991e+01,4.286311053e-01
1907,4.767500000e-02,6.346107687e-02,1.179797530e+02,3.827716111e+01,7.927377515e+01,4.288167650e-01
1908,4.770000000e-02,6.351126410e-02,1.180199417e+02,3.825165100e+01,7.933928860e+01,4.290020981e-01
1909,4.772500000e-02,6.356144145e-02,1.180600825e+02,3.822616329e+01,7.940473217e+01,4.291870690e-01
1910,4.775000000e-02,6.361160479e-02,1.181001756e+02,3.820070878e+01,7.947009521e+01,4.293716016e-01
1911,4.777500000e-02,6.366175029e-02,1.181402209e+02,3.817529459e+01,7.953537074e+01,4.295556181e-01
1912,4.780000000e-02,6.371187704e-02,1.181802187e+02,3.814991102e+01,7.960056859e+01,4.297390846e-01
1913,4.782500000e-02,6.376199343e-02,1.182201689e+02,3.812454670e+01,7.966570008e+01,4.299221345e-01
1914,4.785000000e-02,6.381209990e-02,1.182600717e+02,3.809920227e+01,7.973076463e+01,4.301047878e-01
1915,4.787500000e-02,6.386219580e-02,1.182999271e+02,3.807387909e+01,7.979576099e+01,4.302870102e-01
1916,4.790000000e-02,6.391228118e-02,1.183397352e+02,3.804857545e+01,7.986069094e+01,4.304687813e-01
1917,4.792500000e-02,6.396235813e-02,1.183794960e+02,3.802329318e+01,7.992555269e+01,4.306501561e-01
1918,4.795000000e-02,6.401242298e-02,1.184192097e+02,3.799803988e+01,7.999033874e+01,4.308310909e-01
1919,4.797500000e-02,6.406247336e-02,1.184588763e+02,3.797282163e+01,8.005504313e+01,4.310115392e-01
1920,4.800000000e-02,6.411250747e-02,1.184984959e+02,3.794764686e+01,8.011965756e+01,4.311914690e-01
1921,4.802500000e-02,6.416252168e-02,1.185380686e+02,3.792252434e+01,8.018417340e+01,4.313708283e-01
1922,4.805000000e-02,6.421251353e-02,1.185775944e+02,3.789745867e+01,8.024858618e+01,4.315495706e-01
1923,4.807500000e-02,6.426248241e-02,1.186170736e+02,3.787244263e+01,8.031290327e+01,4.317276626e-01
1924,4.810000000e-02,6.431243489e-02,1.186565061e+02,3.784746185e+01,8.037713900e+01,4.319052286e-01
1925,4.812500000e-02,6.436237469e-02,1.186958921e+02,3.782250424e+01,8.044130547e+01,4.320823886e-01
1926,4.815000000e-02,6.441230541e-02,1.187352317e+02,3.779756184e+01,8.050541059e+01,4.322592382e-01
1927,4.817500000e-02,6.446222768e-02,1.187745249e+02,3.777262839e+01,8.056946068e+01,4.324358106e-01
1928,4.820000000e-02,6.451214429e-02,1.188137718e+02,3.774770389e+01,8.063345573e+01,4.326121491e-01
1929,4.822500000e-02,6.456205158e-02,1.188529724e+02,3.772279443e+01,8.069738979e+01,4.327881902e-01
1930,4.825000000e-02,6.461194827e-02,1.188921269e+02,3.769790311e+01,8.076125984e+01,4.329639104e-01
1931,4.827500000e-02,6.466183328e-02,1.189312352e+02,3.767303680e+01,8.082505908e+01,4.331393035e-01
1932,4.830000000e-02,6.471170306e-02,1.189702975e+02,3.764820166e+01,8.088878149e+01,4.333143075e-01
1933,4.832500000e-02,6.476155747e-02,1.190093137e+02,3.762340425e+01,8.095242061e+01,4.334888819e-01
1934,4.835000000e-02,6.481139378e-02,1.190482841e+02,3.759865046e+01,8.101597069e+01,4.336629871e-01
1935,4.837500000e-02,6.486121063e-02,1.190872087e+02,3.757394467e+01,8.107942747e+01,4.338365858e-01
1936,4.840000000e-02,6.491100725e-02,1.191260876e+02,3.754928997e+01,8.114278798e+01,4.340096485e-01
1937,4.842500000e-02,6.496078284e-02,1.191649209e+02,3.752469225e+01,8.120604647e+01,4.341821447e-01
1938,4.845000000e-02,6.501053495e-02,1.192037086e+02,3.750015397e+01,8.126920060e+01,4.343540429e-01
1939,4.847500000e-02,6.506026449e-02,1.192424510e+02,3.747567800e+01,8.133224763e+01,4.345253268e-01
1940,4.850000000e-02,6.510996973e-02,1.192811480e+02,3.745126245e+01,8.139518959e+01,4.346959810e-01
1941,4.852500000e-02,6.515965345e-02,1.193197999e+02,3.742690729e+01,8.145802657e+01,4.348660307e-01
1942,4.855000000e-02,6.520931387e-02,1.193584067e+02,3.740261695e+01,8.152075426e+01,4.350354729e-01
1943,4.857500000e-02,6.525894896e-02,1.193969685e+02,3.737839480e+01,8.158336944e+01,4.352042857e-01
1944,4.860000000e-02,6.530855803e-02,1.194354855e+02,3.735424510e+01,8.164586797e+01,4.353724488e-01
1945,4.862500000e-02,6.535813938e-02,1.194739578e+02,3.733016745e+01,8.170825038e+01,4.355399454e-01
1946,4.865000000e-02,6.540769406e-02,1.195123854e+02,3.730615428e+01,8.177052434e+01,4.357067952e-01
1947,4.867500000e-02,6.545722606e-02,1.195507686e+02,3.728219185e+01,8.183270363e+01,4.358730858e-01
1948,4.870000000e-02,6.550674084e-02,1.195891073e+02,3.725827101e+01,8.189479742e+01,4.360389066e-01
1949,4.872500000e-02,6.555623919e-02,1.196274018e+02,3.723439222e+01,8.195680531e+01,4.362042721e-01
1950,4.875000000e-02,6.560571944e-02,1.196656521e+02,3.721055511e+01,8.201872781e+01,4.363691518e-01
1951,4.877500000e-02,6.565518276e-02,1.197038582e+02,3.718673799e+01,8.208058670e+01,4.365335243e-01
1952,4.880000000e-02,6.570464399e-02,1.197420203e+02,3.716290152e+01,8.214242109e+01,4.366977058e-01
1953,4.882500000e-02,6.575411456e-02,1.197801384e+02,3.713903080e+01,8.220424572e+01,4.368619021e-01
1954,4.885000000e-02,6.580359312e-02,1.198182126e+02,3.711513342e+01,8.226605304e+01,4.370261033e-01
1955,4.887500000e-02,6.585307378e-02,1.198562427e+02,3.709122435e+01,8.232782815e+01,4.371902221e-01
1956,4.890000000e-02,6.590255071e-02,1.198942289e+02,3.706731919e+01,8.238955559e+01,4.373541620e-01
1957,4.892500000e-02,6.595201879e-02,1.199321713e+02,3.704343203e+01,8.245122139e+01,4.375178339e-01
1958,4.895000000e-02,6.600147377e-02,1.199700697e+02,3.701957460e+01,8.251281398e+01,4.376811607e-01
1959,4.897500000e-02,6.605091242e-02,1.200079244e+02,3.699574231e+01,8.257433806e+01,4.378440802e-01
1960,4.900000000e-02,6.610034157e-02,1.200457355e+02,3.697192829e+01,8.263580048e+01,4.380066915e-01
1961,4.902500000e-02,6.614976123e-02,1.200835028e+02,3.694812818e+01,8.269720565e+01,4.381689949e-01
1962,4.905000000e-02,6.619917404e-02,1.201212266e+02,3.692434063e+01,8.275855498e+01,4.383310203e-01
1963,4.907500000e-02,6.624857887e-02,1.201589069e+02,3.690056869e+01,8.281984548e+01,4.384927468e-01
1964,4.910000000e-02,6.629797470e-02,1.201965437e+02,3.687681194e+01,8.288107762e+01,4.386541849e-01
1965,4.912500000e-02,6.634736174e-02,1.202341372e+02,3.685307269e+01,8.294224912e+01,4.388153711e-01
1966,4.915000000e-02,6.639673749e-02,1.202716873e+02,3.682935807e+01,8.300335294e+01,4.389762614e-01
1967,4.917500000e-02,6.644609894e-02,1.203091941e+02,3.680567569e+01,8.306438162e+01,4.391367973e-01
1968,4.920000000e-02,6.649544397e-02,1.203466577e+02,3.678201839e+01,8.312534242e+01,4.392969254e-01
1969,4.922500000e-02,6.654478112e-02,1.203840782e+02,3.675837159e+01,8.318624990e+01,4.394567484e-01
1970,4.925000000e-02,6.659411332e-02,1.204214557e+02,3.673473533e+01,8.324710402e+01,4.396163351e-01
1971,4.927500000e-02,6.664343711e-02,1.204587901e+02,3.671110871e+01,8.330790577e+01,4.397756490e-01
1972,4.930000000e-02,6.669275525e-02,1.204960816e+02,3.668749413e+01,8.336865280e+01,4.399346784e-01
1973,4.932500000e-02,6.674206548e-02,1.205333302e+02,3.666389683e+01,8.342933998e+01,4.400933910e-01
1974,4.935000000e-02,6.679136627e-02,1.205705359e+02,3.664031806e+01,8.348996612e+01,4.402517700e-01
1975,4.937500000e-02,6.684065772e-02,1.206076989e+02,3.661675896e+01,8.355053012e+01,4.404098328e-01
1976,4.940000000e-02,6.688993847e-02,1.206448192e+02,3.659322296e+01,8.361102865e+01,4.405675516e-01
1977,4.942500000e-02,6.693920742e-02,1.206818968e+02,3.656971655e+01,8.367145530e+01,4.407249032e-01
1978,4.945000000e-02,6.698846139e-02,1.207189318e+02,3.654624834e+01,8.373180159e+01,4.408818430e-01
1979,4.947500000e-02,6.703769749e-02,1.207559243e+02,3.652282558e+01,8.379206039e+01,4.410383267e-01
1980,4.950000000e-02,6.708691378e-02,1.207928744e+02,3.649944372e+01,8.385223635e+01,4.411943202e-01
1981,4.952500000e-02,6.713611568e-02,1.208297822e+02,3.647609088e+01,8.391234139e+01,4.413498824e-01
1982,4.955000000e-02,6.718530764e-02,1.208666477e+02,3.645275906e+01,8.397238348e+01,4.415051182e-01
1983,4.957500000e-02,6.723449042e-02,1.209034710e+02,3.642944897e+01,8.403236194e+01,4.416600731e-01
1984,4.960000000e-02,6.728366183e-02,1.209402522e+02,3.640615855e+01,8.409227892e+01,4.418147156e-01
1985,4.962500000e-02,6.733282464e-02,1.209769913e+02,3.638287597e+01,8.415214625e+01,4.419691160e-01
1986,4.965000000e-02,6.738198380e-02,1.210136885e+02,3.635959393e+01,8.421197117e+01,4.421233710e-01
1987,4.967500000e-02,6.743113833e-02,1.210503437e+02,3.633631694e+01,8.427174925e+01,4.422774684e-01
1988,4.970000000e-02,6.748028476e-02,1.210869569e+02,3.631305515e+01,8.433147043e+01,4.424313432e-01
1989,4.972500000e-02,6.752941938e-02,1.211235283e+02,3.628981065e+01,8.439113276e+01,4.425849280e-01
1990,4.975000000e-02,6.757854488e-02,1.211600580e+02,3.626657846e+01,8.445074124e+01,4.427382600e-01
1991,4.977500000e-02,6.762766274e-02,1.211965458e+02,3.624336313e+01,8.451029137e+01,4.428913390e-01
1992,4.980000000e-02,6.767676927e-02,1.212329920e+02,3.622017280e+01,8.456977510e+01,4.430441232e-01
1993,4.982500000e-02,6.772586149e-02,1.212693966e+02,3.619701227e+01,8.462918776e+01,4.431965608e-01
1994,4.985000000e-02,6.777493923e-02,1.213057596e+02,3.617388662e+01,8.468852436e+01,4.433486170e-01
1995,4.987500000e-02,6.782400079e-02,1.213420811e+02,3.615080095e+01,8.474777992e+01,4.435002577e-01
1996,4.990000000e-02,6.787304477e-02,1.213783612e+02,3.612775796e+01,8.480695184e+01,4.436514490e-01
1997,4.992500000e-02,6.792207148e-02,1.214146001e+02,3.610475971e+01,8.486603819e+01,4.438021688e-01
1998,4.995000000e-02,6.797108063e-02,1.214507976e+02,3.608180702e+01,8.492503822e+01,4.439524049e-01
1999,4.997500000e-02,6.802007234e-02,1.214869541e+02,3.605889924e+01,8.498395267e+01,4.441021579e-01
2000,5.000000000e-02,6.806904696e-02,1.215230694e+02,3.603603889e+01,8.504277911e+01,4.442514376e-01
2001,5.002500000e-02,6.811800238e-02,1.215591438e+02,3.601323082e+01,8.510151280e+01,4.444002269e-01
2002,5.005000000e-02,6.816693669e-02,1.215951774e+02,3.599047973e+01,8.516014914e+01,4.445485027e-01
2003,5.007500000e-02,6.821584837e-02,1.216311701e+02,3.596778942e+01,8.521868443e+01,4.446962440e-01
2004,5.010000000e-02,6.826473624e-02,1.216671221e+02,3.594516247e+01,8.527711624e+01,4.448434337e-01
2005,5.012500000e-02,6.831359980e-02,1.217030336e+02,3.592259230e+01,8.533545125e+01,4.449900643e-01
2006,5.015000000e-02,6.836244397e-02,1.217389046e+02,3.590007116e+01,8.539369721e+01,4.451362306e-01
2007,5.017500000e-02,6.841126996e-02,1.217747352e+02,3.587758978e+01,8.545186346e+01,4.452819549e-01
2008,5.020000000e-02,6.846008247e-02,1.218105255e+02,3.585514276e+01,8.550995541e+01,4.454273065e-01
2009,5.022500000e-02,6.850888120e-02,1.218462755e+02,3.583273216e+01,8.556797109e+01,4.455722884e-01
2010,5.025000000e-02,6.855766436e-02,1.218819854e+02,3.581035901e+01,8.562590956e+01,4.457168773e-01
2011,5.027500000e-02,6.860643233e-02,1.219176553e+02,3.578802583e+01,8.568376838e+01,4.458610608e-01
2012,5.030000000e-02,6.865518362e-02,1.219532851e+02,3.576570229e+01,8.574157798e+01,4.460048301e-01
2013,5.032500000e-02,6.870393996e-02,1.219888750e+02,3.574334844e+01,8.579937799e+01,4.461485725e-01
2014,5.035000000e-02,6.875270783e-02,1.220244250e+02,3.572095592e+01,8.585717665e+01,4.462924180e-01
2015,5.037500000e-02,6.880148410e-02,1.220599351e+02,3.569853568e+01,8.591496310e+01,4.464363064e-01
2016,5.040000000e-02,6.885026271e-02,1.220954053e+02,3.567610267e+01,8.597272248e+01,4.465801504e-01
2017,5.042500000e-02,6.889903826e-02,1.221308356e+02,3.565367114e+01,8.603044062e+01,4.467238636e-01
2018,5.045000000e-02,6.894780627e-02,1.221662261e+02,3.563125352e+01,8.608810523e+01,4.468673689e-01
2019,5.047500000e-02,6.899656309e-02,1.222015768e+02,3.560886030e+01,8.614570592e+01,4.470106006e-01
2020,5.050000000e-02,6.904530576e-02,1.222368878e+02,3.558648961e+01,8.620324467e+01,4.471535031e-01
2021,5.052500000e-02,6.909403907e-02,1.222721591e+02,3.556413171e+01,8.626073123e+01,4.472961455e-01
2022,5.055000000e-02,6.914276635e-02,1.223073908e+02,3.554178120e+01,8.631817099e+01,4.474385737e-01
2023,5.057500000e-02,6.919148844e-02,1.223425829e+02,3.551943760e+01,8.637556448e+01,4.475808040e-01
2024,5.060000000e-02,6.924020445e-02,1.223777355e+02,3.549710430e+01,8.643290838e+01,4.477228046e-01
2025,5.062500000e-02,6.928891332e-02,1.224128486e+02,3.547477946e+01,8.649020461e+01,4.478645450e-01
2026,5.065000000e-02,6.933761757e-02,1.224479223e+02,3.545246157e+01,8.654745466e+01,4.480060948e-01
2027,5.067500000e-02,6.938631520e-02,1.224829567e+02,3.543015702e+01,8.660465221e+01,4.481474289e-01
2028,5.070000000e-02,6.943500308e-02,1.225179517e+02,3.540787467e+01,8.666178849e+01,4.482884962e-01
2029,5.072500000e-02,6.948367810e-02,1.225529074e+02,3.538562289e+01,8.671885527e+01,4.484292453e-01
2030,5.075000000e-02,6.953233785e-02,1.225878239e+02,3.536339476e+01,8.677585954e+01,4.485696336e-01
2031,5.077500000e-02,6.958099100e-02,1.226227013e+02,3.534117596e+01,8.683281560e+01,4.487097585e-01
2032,5.080000000e-02,6.962964005e-02,1.226575396e+02,3.531896465e+01,8.688972531e+01,4.488496659e-01
2033,5.082500000e-02,6.967828317e-02,1.226923389e+02,3.529676485e+01,8.694658470e+01,4.489893469e-01
2034,5.085000000e-02,6.972691864e-02,1.227270992e+02,3.527457746e+01,8.700339293e+01,4.491287689e-01
2035,5.087500000e-02,6.977554821e-02,1.227618205e+02,3.525240639e+01,8.706014619e+01,4.492679225e-01
2036,5.090000000e-02,6.982416907e-02,1.227965029e+02,3.523025523e+01,8.711684094e+01,4.494067759e-01
2037,5.092500000e-02,6.987278112e-02,1.228311466e+02,3.520812375e+01,8.717347747e+01,4.495453373e-01
2038,5.095000000e-02,6.992138408e-02,1.228657514e+02,3.518601050e+01,8.723005728e+01,4.496836209e-01
2039,5.097500000e-02,6.996997863e-02,1.229003175e+02,3.516391738e+01,8.728657852e+01,4.498216232e-01
2040,5.100000000e-02,7.001856243e-02,1.229348450e+02,3.514185140e+01,8.734303427e+01,4.499593165e-01
2041,5.102500000e-02,7.006713263e-02,1.229693338e+02,3.511981986e+01,8.739941732e+01,4.500966623e-01
2042,5.105000000e-02,7.011568691e-02,1.230037842e+02,3.509782538e+01,8.745572517e+01,4.502336249e-01
2043,5.107500000e-02,7.016422611e-02,1.230381960e+02,3.507586493e+01,8.751196091e+01,4.503702055e-01
2044,5.110000000e-02,7.021275232e-02,1.230725695e+02,3.505393830e+01,8.756812479e+01,4.505064350e-01
2045,5.112500000e-02,7.026126410e-02,1.231069047e+02,3.503204487e+01,8.762421752e+01,4.506422978e-01
2046,5.115000000e-02,7.030976287e-02,1.231412016e+02,3.501017800e+01,8.768024578e+01,4.507778340e-01
2047,5.117500000e-02,7.035825128e-02,1.231754604e+02,3.498832592e+01,8.773622131e+01,4.509131189e-01
2048,5.120000000e-02,7.040673425e-02,1.232096810e+02,3.496647890e+01,8.779215386e+01,4.510482205e-01
2049,5.122500000e-02,7.045521384e-02,1.232438635e+02,3.494463393e+01,8.784804640e+01,4.511831929e-01
2050,5.125000000e-02,7.050368909e-02,1.232780080e+02,3.492278905e+01,8.790390098e+01,4.513180093e-01
2051,5.127500000e-02,7.055216235e-02,1.233121146e+02,3.490094472e+01,8.795971714e+01,4.514526991e-01
2052,5.130000000e-02,7.060063022e-02,1.233461831e+02,3.487910360e+01,8.801549229e+01,4.515872194e-01
2053,5.132500000e-02,7.064909369e-02,1.233802138e+02,3.485726462e+01,8.807122754e+01,4.517215921e-01
2054,5.135000000e-02,7.069755221e-02,1.234142065e+02,3.483543156e+01,8.812691915e+01,4.518558001e-01
2055,5.137500000e-02,7.074600445e-02,1.234481614e+02,3.481361241e+01,8.818255922e+01,4.519898128e-01
2056,5.140000000e-02,7.079444666e-02,1.234820786e+02,3.479181553e+01,8.823813945e+01,4.521235856e-01
2057,5.142500000e-02,7.084287608e-02,1.235159580e+02,3.477004850e+01,8.829365238e+01,4.522570733e-01
2058,5.145000000e-02,7.089129048e-02,1.235497997e+02,3.474831777e+01,8.834909167e+01,4.523902361e-01
2059,5.147500000e-02,7.093968807e-02,1.235836038e+02,3.472662444e+01,8.840445630e+01,4.525230405e-01
2060,5.150000000e-02,7.098807026e-02,1.236173703e+02,3.470497020e+01,8.845974468e+01,4.526554721e-01
2061,5.152500000e-02,7.103643600e-02,1.236510995e+02,3.468335701e+01,8.851495494e+01,4.527875102e-01
2062,5.155000000e-02,7.108478546e-02,1.236847912e+02,3.466178362e+01,8.857008843e+01,4.529191382e-01
2063,5.157500000e-02,7.113312036e-02,1.237184456e+02,3.464024559e+01,8.862514966e+01,4.530503524e-01
2064,5.160000000e-02,7.118144356e-02,1.237520628e+02,3.461874288e+01,8.868013872e+01,4.531811797e-01
2065,5.162500000e-02,7.122975265e-02,1.237856428e+02,3.459728016e+01,8.873505102e+01,4.533116142e-01
2066,5.165000000e-02,7.127804535e-02,1.238191857e+02,3.457586239e+01,8.878988168e+01,4.534416346e-01
2067,5.167500000e-02,7.132631988e-02,1.238526916e+02,3.455449378e+01,8.884462661e+01,4.535712197e-01
2068,5.170000000e-02,7.137457488e-02,1.238861606e+02,3.453317787e+01,8.889928235e+01,4.537003514e-01
2069,5.172500000e-02,7.142280928e-02,1.239195927e+02,3.451191746e+01,8.895384621e+01,4.538290148e-01
2070,5.175000000e-02,7.147102228e-02,1.239529880e+02,3.449070625e+01,8.900832459e+01,4.539571979e-01
2071,5.177500000e-02,7.151921884e-02,1.239863467e+02,3.446953609e+01,8.906272564e+01,4.540849811e-01
2072,5.180000000e-02,7.156740051e-02,1.240196688e+02,3.444839796e+01,8.911705843e+01,4.542123930e-01
2073,5.182500000e-02,7.161557176e-02,1.240529543e+02,3.442728641e+01,8.917132842e+01,4.543394983e-01
2074,5.185000000e-02,7.166373221e-02,1.240862034e+02,3.440620357e+01,8.922553354e+01,4.544663013e-01
2075,5.187500000e-02,7.171187990e-02,1.241194161e+02,3.438515260e+01,8.927967071e+01,4.545927779e-01
2076,5.190000000e-02,7.176001407e-02,1.241525924e+02,3.436413565e+01,8.933373788e+01,4.547189053e-01
2077,5.192500000e-02,7.180813432e-02,1.241857325e+02,3.434315209e+01,8.938773575e+01,4.548446706e-01
2078,5.195000000e-02,7.185624163e-02,1.242188364e+02,3.432219082e+01,8.944167547e+01,4.549700913e-01
2079,5.197500000e-02,7.190434300e-02,1.242519041e+02,3.430122590e+01,8.949558292e+01,4.550952788e-01
2080,5.200000000e-02,7.195245142e-02,1.242849357e+02,3.428023282e+01,8.954948246e+01,4.552204589e-01
2081,5.202500000e-02,7.200056946e-02,1.243179313e+02,3.425920920e+01,8.960337638e+01,4.553457108e-01
2082,5.205000000e-02,7.204869283e-02,1.243508908e+02,3.423816533e+01,8.965725446e+01,4.554709776e-01
2083,5.207500000e-02,7.209681709e-02,1.243838142e+02,3.421711458e+01,8.971110342e+01,4.555961854e-01
2084,5.210000000e-02,7.214493741e-02,1.244167016e+02,3.419606957e+01,8.976491073e+01,4.557212644e-01
2085,5.212500000e-02,7.219304987e-02,1.244495529e+02,3.417504103e+01,8.981866575e+01,4.558461527e-01
2086,5.215000000e-02,7.224115135e-02,1.244823683e+02,3.415403719e+01,8.987236035e+01,4.559707984e-01
2087,5.217500000e-02,7.228923997e-02,1.245151478e+02,3.413306280e+01,8.992598988e+01,4.560951586e-01
2088,5.220000000e-02,7.233731522e-02,1.245478915e+02,3.411210716e+01,8.997956513e+01,4.562192202e-01
2089,5.222500000e-02,7.238538519e-02,1.245805994e+02,3.409115548e+01,9.003310078e+01,4.563431088e-01
2090,5.225000000e-02,7.243345353e-02,1.246132715e+02,3.407020053e+01,9.008660410e+01,4.564668594e-01
2091,5.227500000e-02,7.248152181e-02,1.246459079e+02,3.404923546e+01,9.014008192e+01,4.565905238e-01
2092,5.230000000e-02,7.252959136e-02,1.246785086e+02,3.402826300e+01,9.019353153e+01,4.567141161e-01
2093,5.232500000e-02,7.257765874e-02,1.247110737e+02,3.400729246e+01,9.024694367e+01,4.568375934e-01
2094,5.235000000e-02,7.262572002e-02,1.247436032e+02,3.398633399e+01,9.030030828e+01,4.569608995e-01
2095,5.237500000e-02,7.267377181e-02,1.247760970e+02,3.396539669e+01,9.035361638e+01,4.570839810e-01
2096,5.240000000e-02,7.272181138e-02,1.248085554e+02,3.394448836e+01,9.040686023e+01,4.572067919e-01
2097,5.242500000e-02,7.276983650e-02,1.248409782e+02,3.392361508e+01,9.046003388e+01,4.573292931e-01
2098,5.245000000e-02,7.281784576e-02,1.248733657e+02,3.390277088e+01,9.051314337e+01,4.574514531e-01
2099,5.247500000e-02,7.286584643e-02,1.249057178e+02,3.388194594e+01,9.056619854e+01,4.575733227e-01
2100,5.250000000e-02,7.291384086e-02,1.249380346e+02,3.386113252e+01,9.061920714e+01,4.576949529e-01
2101,5.252500000e-02,7.296183148e-02,1.249703162e+02,3.384032962e+01,9.067217018e+01,4.578163900e-01
2102,5.255000000e-02,7.300981539e-02,1.250025626e+02,3.381954311e+01,9.072508184e+01,4.579376142e-01
2103,5.257500000e-02,7.305779036e-02,1.250347738e+02,3.379877554e+01,9.077793965e+01,4.580585936e-01
2104,5.260000000e-02,7.310575703e-02,1.250669499e+02,3.377802154e+01,9.083074904e+01,4.581793190e-01
2105,5.262500000e-02,7.315372002e-02,1.250990910e+02,3.375727624e+01,9.088351490e+01,4.582998420e-01
2106,5.265000000e-02,7.320167812e-02,1.251311970e+02,3.373654500e+01,9.093623189e+01,4.584201534e-01
2107,5.267500000e-02,7.324962806e-02,1.251632681e+02,3.371583207e+01,9.098889585e+01,4.585402200e-01
2108,5.270000000e-02,7.329756960e-02,1.251953043e+02,3.369514027e+01,9.104150402e+01,4.586600259e-01
2109,5.272500000e-02,7.334550121e-02,1.252273056e+02,3.367447449e+01,9.109405159e+01,4.587795548e-01
2110,5.275000000e-02,7.339342057e-02,1.252592721e+02,3.365384041e+01,9.114653296e+01,4.588987783e-01
2111,5.277500000e-02,7.344132577e-02,1.252912039e+02,3.363324032e+01,9.119894592e+01,4.590176681e-01
2112,5.280000000e-02,7.348921742e-02,1.253231010e+02,3.361267056e+01,9.125129420e+01,4.591362220e-01
2113,5.282500000e-02,7.353709829e-02,1.253549634e+02,3.359212965e+01,9.130357932e+01,4.592544740e-01
2114,5.285000000e-02,7.358496718e-02,1.253867913e+02,3.357162120e+01,9.135579773e+01,4.593724132e-01
2115,5.287500000e-02,7.363282241e-02,1.254185847e+02,3.355114943e+01,9.140794529e+01,4.594900194e-01
2116,5.290000000e-02,7.368066251e-02,1.254503437e+02,3.353071634e+01,9.146002010e+01,4.596072718e-01
2117,5.292500000e-02,7.372848759e-02,1.254820683e+02,3.351031491e+01,9.151202923e+01,4.597241763e-01
2118,5.295000000e-02,7.377630233e-02,1.255137586e+02,3.348993712e+01,9.156398066e+01,4.598408395e-01
2119,5.297500000e-02,7.382410695e-02,1.255454147e+02,3.346958078e+01,9.161587664e+01,4.599572654e-01
2120,5.300000000e-02,7.387190240e-02,1.255770366e+02,3.344923772e+01,9.166772537e+01,4.600734706e-01
2121,5.302500000e-02,7.391969305e-02,1.256086243e+02,3.342888887e+01,9.171954589e+01,4.601895445e-01
2122,5.305000000e-02,7.396748791e-02,1.256401779e+02,3.340852132e+01,9.177135101e+01,4.603056138e-01
2123,5.307500000e-02,7.401528506e-02,1.256716975e+02,3.338814177e+01,9.182313407e+01,4.604216599e-01
2124,5.310000000e-02,7.406308014e-02,1.257031830e+02,3.336775564e+01,9.187488973e+01,4.605376214e-01
2125,5.312500000e-02,7.411087429e-02,1.257346344e+02,3.334737006e+01,9.192661093e+01,4.606534590e-01
2126,5.315000000e-02,7.415866402e-02,1.257660519e+02,3.332699495e+01,9.197828780e+01,4.607691319e-01
2127,5.317500000e-02,7.420644559e-02,1.257974354e+02,3.330663968e+01,9.202991108e+01,4.608845942e-01
2128,5.320000000e-02,7.425421609e-02,1.258287849e+02,3.328631135e+01,9.208147373e+01,4.609998051e-01
2129,5.322500000e-02,7.430197345e-02,1.258601006e+02,3.326601581e+01,9.213297002e+01,4.611147301e-01
2130,5.325000000e-02,7.434971603e-02,1.258913824e+02,3.324575798e+01,9.218439509e+01,4.612293406e-01
2131,5.327500000e-02,7.439744247e-02,1.259226305e+02,3.322554194e+01,9.223574496e+01,4.613436128e-01
2132,5.330000000e-02,7.444515168e-02,1.259538449e+02,3.320537099e+01,9.228701642e+01,4.614575270e-01
2133,5.332500000e-02,7.449284281e-02,1.259850258e+02,3.318524357e+01,9.233821112e+01,4.615710676e-01
2134,5.335000000e-02,7.454051855e-02,1.260161730e+02,3.316515262e+01,9.238933617e+01,4.616842354e-01
2135,5.337500000e-02,7.458818436e-02,1.260472868e+02,3.314509469e+01,9.244039509e+01,4.617970637e-01
2136,5.340000000e-02,7.463583862e-02,1.260783673e+02,3.312507272e+01,9.249138498e+01,4.619095641e-01
2137,5.342500000e-02,7.468347909e-02,1.261094143e+02,3.310508983e+01,9.254230279e+01,4.620217245e-01
2138,5.345000000e-02,7.473110481e-02,1.261404281e+02,3.308514792e+01,9.259314669e+01,4.621335313e-01
2139,5.347500000e-02,7.477871509e-02,1.261714087e+02,3.306524979e+01,9.264391398e+01,4.622449739e-01
2140,5.350000000e-02,7.482630856e-02,1.262023562e+02,3.304539837e+01,9.269460180e+01,4.623560404e-01
2141,5.352500000e-02,7.487388415e-02,1.262332706e+02,3.302559617e+01,9.274520774e+01,4.624667196e-01
2142,5.355000000e-02,7.492144104e-02,1.262641521e+02,3.300583467e+01,9.279574039e+01,4.625770021e-01
2143,5.357500000e-02,7.496898608e-02,1.262950006e+02,3.298609831e+01,9.284621528e+01,4.626869820e-01
2144,5.360000000e-02,7.501652437e-02,1.263258162e+02,3.296637996e+01,9.289663954e+01,4.627967473e-01
2145,5.362500000e-02,7.506405554e-02,1.263565991e+02,3.294668119e+01,9.294701162e+01,4.629062999e-01
2146,5.365000000e-02,7.511157758e-02,1.263873492e+02,3.292700514e+01,9.299732847e+01,4.630156165e-01
2147,5.367500000e-02,7.515908961e-02,1.264180667e+02,3.290735008e+01,9.304759188e+01,4.631246878e-01
2148,5.370000000e-02,7.520659356e-02,1.264487514e+02,3.288771243e+01,9.309780544e+01,4.632335530e-01
2149,5.372500000e-02,7.525408994e-02,1.264794036e+02,3.286809211e+01,9.314796928e+01,4.633422040e-01
2150,5.375000000e-02,7.530157845e-02,1.265100232e+02,3.284848801e+01,9.319808458e+01,4.634506283e-01
2151,5.377500000e-02,7.534906059e-02,1.265406103e+02,3.282890146e+01,9.324815002e+01,4.635588432e-01
2152,5.380000000e-02,7.539653439e-02,1.265711650e+02,3.280933447e+01,9.329816367e+01,4.636668336e-01
2153,5.382500000e-02,7.544400039e-02,1.266016872e+02,3.278978767e+01,9.334812494e+01,4.637745898e-01
2154,5.385000000e-02,7.549145844e-02,1.266321771e+02,3.277026463e+01,9.339803033e+01,4.638821062e-01
2155,5.387500000e-02,7.553890604e-02,1.266626346e+02,3.275076804e+01,9.344787722e+01,4.639893605e-01
2156,5.390000000e-02,7.558634346e-02,1.266930599e+02,3.273129189e+01,9.349767165e+01,4.640963679e-01
2157,5.392500000e-02,7.563377461e-02,1.267234530e+02,3.271182956e+01,9.354742021e+01,4.642032182e-01
2158,5.395000000e-02,7.568119862e-02,1.267538139e+02,3.269238379e+01,9.359712020e+01,4.643099031e-01
2159,5.397500000e-02,7.572861353e-02,1.267841427e+02,3.267294709e+01,9.364677921e+01,4.644163917e-01
2160,5.400000000e-02,7.577602664e-02,1.268144394e+02,3.265350178e+01,9.369641481e+01,4.645228100e-01
2161,5.402500000e-02,7.582344168e-02,1.268447041e+02,3.263404218e+01,9.374603263e+01,4.646292496e-01
2162,5.405000000e-02,7.587085727e-02,1.268749367e+02,3.261456713e+01,9.379563388e+01,4.647356841e-01
2163,5.407500000e-02,7.591827532e-02,1.269051373e+02,3.259506939e+01,9.384522582e+01,4.648421087e-01
2164,5.410000000e-02,7.596569992e-02,1.269353059e+02,3.257554474e+01,9.389481260e+01,4.649485979e-01
2165,5.412500000e-02,7.601312963e-02,1.269654426e+02,3.255599953e+01,9.394438789e+01,4.650551321e-01
2166,5.415000000e-02,7.606056073e-02,1.269955472e+02,3.253644295e+01,9.399394258e+01,4.651616526e-01
2167,5.417500000e-02,7.610799059e-02,1.270256198e+02,3.251688168e+01,9.404347007e+01,4.652680994e-01
2168,5.420000000e-02,7.615541837e-02,1.270556606e+02,3.249732473e+01,9.409296140e+01,4.653744266e-01
2169,5.422500000e-02,7.620284001e-02,1.270856693e+02,3.247778171e+01,9.414240704e+01,4.654805897e-01
2170,5.425000000e-02,7.625025241e-02,1.271156462e+02,3.245826074e+01,9.419179896e+01,4.655865458e-01
2171,5.427500000e-02,7.629765319e-02,1.271455913e+02,3.243876750e+01,9.424113155e+01,4.656922588e-01
2172,5.430000000e-02,7.634504108e-02,1.271755046e+02,3.241930608e+01,9.429040080e+01,4.657976987e-01
2173,5.432500000e-02,7.639241550e-02,1.272053861e+02,3.239987578e+01,9.433960751e+01,4.659028415e-01
2174,5.435000000e-02,7.643977866e-02,1.272352360e+02,3.238045966e+01,9.438876864e+01,4.660077083e-01
2175,5.437500000e-02,7.648714126e-02,1.272650543e+02,3.236103955e+01,9.443790229e+01,4.661124217e-01
2176,5.440000000e-02,7.653450702e-02,1.272948409e+02,3.234161311e+01,9.448701078e+01,4.662170442e-01
2177,5.442500000e-02,7.658187205e-02,1.273245960e+02,3.232218869e+01,9.453608580e+01,4.663215563e-01
2178,5.445000000e-02,7.662923249e-02,1.273543196e+02,3.230277548e+01,9.458511822e+01,4.664259171e-01
2179,5.447500000e-02,7.667658516e-02,1.273840117e+02,3.228338154e+01,9.463410006e+01,4.665300867e-01
2180,5.450000000e-02,7.672392759e-02,1.274136723e+02,3.226400959e+01,9.468302868e+01,4.666340307e-01
2181,5.452500000e-02,7.677126095e-02,1.274433015e+02,3.224466198e+01,9.473190180e+01,4.667377374e-01
2182,5.455000000e-02,7.681858401e-02,1.274728994e+02,3.222534248e+01,9.478071569e+01,4.668411912e-01
2183,5.457500000e-02,7.686589518e-02,1.275024659e+02,3.220605145e+01,9.482947008e+01,4.669443717e-01
2184,5.460000000e-02,7.691319630e-02,1.275320012e+02,3.218678626e+01,9.487816765e+01,4.670472707e-01
2185,5.462500000e-02,7.696048923e-02,1.275615053e+02,3.216754598e+01,9.492680939e+01,4.671498951e-01
2186,5.465000000e-02,7.700777307e-02,1.275909782e+02,3.214833390e+01,9.497539206e+01,4.672522449e-01
2187,5.467500000e-02,7.705504554e-02,1.276204201e+02,3.212915505e+01,9.502391070e+01,4.673543046e-01
2188,5.470000000e-02,7.710230472e-02,1.276498309e+02,3.211000976e+01,9.507236504e+01,4.674560572e-01
2189,5.472500000e-02,7.714955244e-02,1.276792107e+02,3.209089404e+01,9.512075914e+01,4.675575190e-01
2190,5.475000000e-02,7.719679038e-02,1.277085596e+02,3.207180725e+01,9.516909364e+01,4.676587180e-01
2191,5.477500000e-02,7.724401722e-02,1.277378776e+02,3.205275261e+01,9.521736539e+01,4.677596473e-01
2192,5.480000000e-02,7.729123143e-02,1.277671649e+02,3.203373337e+01,9.526557122e+01,4.678602938e-01
2193,5.482500000e-02,7.733843177e-02,1.277964214e+02,3.201475211e+01,9.531370861e+01,4.679606438e-01
2194,5.485000000e-02,7.738561735e-02,1.278256472e+02,3.199581130e+01,9.536177517e+01,4.680606846e-01
2195,5.487500000e-02,7.743278734e-02,1.278548423e+02,3.197691302e+01,9.540976890e+01,4.681604050e-01
2196,5.490000000e-02,7.747994109e-02,1.278840069e+02,3.195805660e+01,9.545769054e+01,4.682597956e-01
2197,5.492500000e-02,7.752707986e-02,1.279131410e+02,3.193923285e+01,9.550554931e+01,4.683588785e-01
2198,5.495000000e-02,7.757420878e-02,1.279422447e+02,3.192043258e+01,9.555335438e+01,4.684577583e-01
2199,5.497500000e-02,7.762132834e-02,1.279713180e+02,3.190165577e+01,9.560110580e+01,4.685564447e-01
2200,5.500000000e-02,7.766843746e-02,1.280003610e+02,3.188290543e+01,9.564880064e+01,4.686549229e-01
2201,5.502500000e-02,7.771553478e-02,1.280293737e+02,3.186418487e+01,9.569643564e+01,4.687531730e-01
2202,5.505000000e-02,7.776261917e-02,1.280583561e+02,3.184549082e+01,9.574401415e+01,4.688511750e-01
2203,5.507500000e-02,7.780969551e-02,1.280873084e+02,3.182681281e+01,9.579154666e+01,4.689489769e-01
2204,5.510000000e-02,7.785676717e-02,1.281162306e+02,3.180814956e+01,9.583903444e+01,4.690466106e-01
2205,5.512500000e-02,7.790383140e-02,1.281451227e+02,3.178950629e+01,9.588647234e+01,4.691440618e-01
2206,5.515000000e-02,7.795088579e-02,1.281739847e+02,3.177087539e+01,9.593386802e+01,4.692413046e-01
2207,5.517500000e-02,7.799793921e-02,1.282028168e+02,3.175223723e+01,9.598124107e+01,4.693384680e-01
2208,5.520000000e-02,7.804499602e-02,1.282316188e+02,3.173358494e+01,9.602859824e+01,4.694356465e-01
2209,5.522500000e-02,7.809205414e-02,1.282603909e+02,3.171492432e+01,9.607593380e+01,4.695328139e-01
2210,5.525000000e-02,7.813911016e-02,1.282891331e+02,3.169626460e+01,9.612323859e+01,4.696299208e-01
2211,5.527500000e-02,7.818616081e-02,1.283178454e+02,3.167761488e+01,9.617050357e+01,4.697269186e-01
2212,5.530000000e-02,7.823320333e-02,1.283465278e+02,3.165898264e+01,9.621772135e+01,4.698237651e-01
2213,5.532500000e-02,7.828023566e-02,1.283751803e+02,3.164037071e+01,9.626488917e+01,4.699204255e-01
2214,5.535000000e-02,7.832725903e-02,1.284038030e+02,3.162177699e+01,9.631200917e+01,4.700168876e-01
2215,5.537500000e-02,7.837427600e-02,1.284323960e+02,3.160320088e+01,9.635908199e+01,4.701131545e-01
2216,5.540000000e-02,7.842128593e-02,1.284609593e+02,3.158464592e+01,9.640610418e+01,4.702092152e-01
2217,5.542500000e-02,7.846828686e-02,1.284894929e+02,3.156611380e+01,9.645307408e+01,4.703050512e-01
2218,5.545000000e-02,7.851527904e-02,1.285179969e+02,3.154760745e+01,9.649998883e+01,4.704006513e-01
2219,5.547500000e-02,7.856226091e-02,1.285464714e+02,3.152913080e+01,9.654684456e+01,4.704959988e-01
2220,5.550000000e-02,7.860923086e-02,1.285749163e+02,3.151068762e+01,9.659363756e+01,4.705910763e-01
2221,5.552500000e-02,7.865618751e-02,1.286033317e+02,3.149228116e+01,9.664036468e+01,4.706858685e-01
2222,5.555000000e-02,7.870312980e-02,1.286317177e+02,3.147391288e+01,9.668702450e+01,4.707803622e-01
2223,5.557500000e-02,7.875005774e-02,1.286600744e+02,3.145557515e+01,9.673362473e+01,4.708745568e-01
2224,5.560000000e-02,7.879697709e-02,1.286884019e+02,3.143725347e+01,9.678017987e+01,4.709685191e-01
2225,5.562500000e-02,7.884389417e-02,1.287167000e+02,3.141893917e+01,9.682669852e+01,4.710623278e-01
2226,5.565000000e-02,7.889080868e-02,1.287449690e+02,3.140063353e+01,9.687317946e+01,4.711559997e-01
2227,5.567500000e-02,7.893771832e-02,1.287732088e+02,3.138234170e+01,9.691961757e+01,4.712495143e-01
2228,5.570000000e-02,7.898462060e-02,1.288014194e+02,3.136406968e+01,9.696600692e+01,4.713428433e-01
2229,5.572500000e-02,7.903151333e-02,1.288296010e+02,3.134582306e+01,9.701234199e+01,4.714359592e-01
2230,5.575000000e-02,7.907839471e-02,1.288577535e+02,3.132759914e+01,9.705862555e+01,4.715288377e-01
2231,5.577500000e-02,7.912526907e-02,1.288858771e+02,3.130939403e+01,9.710486153e+01,4.716214959e-01
2232,5.580000000e-02,7.917213688e-02,1.289139716e+02,3.129120906e+01,9.715104861e+01,4.717139518e-01
2233,5.582500000e-02,7.921899630e-02,1.289420373e+02,3.127304844e+01,9.719718265e+01,4.718061931e-01
2234,5.585000000e-02,7.926584543e-02,1.289700741e+02,3.125491671e+01,9.724325916e+01,4.718982000e-01
2235,5.587500000e-02,7.931268264e-02,1.289980821e+02,3.123681308e+01,9.728927903e+01,4.719899538e-01
2236,5.590000000e-02,7.935951133e-02,1.290260613e+02,3.121873640e+01,9.733524341e+01,4.720814658e-01
2237,5.592500000e-02,7.940632994e-02,1.290540118e+02,3.120068991e+01,9.738114914e+01,4.721727303e-01
2238,5.595000000e-02,7.945313681e-02,1.290819336e+02,3.118266738e+01,9.742700251e+01,4.722637347e-01
2239,5.597500000e-02,7.949993745e-02,1.291098269e+02,3.116465795e+01,9.747281432e+01,4.723545870e-01
2240,5.600000000e-02,7.954673244e-02,1.291376915e+02,3.114666249e+01,9.751858373e+01,4.724452973e-01
2241,5.602500000e-02,7.959352018e-02,1.291655276e+02,3.112868549e+01,9.756430631e+01,4.725358435e-01
2242,5.605000000e-02,7.964029878e-02,1.291933353e+02,3.111073194e+01,9.760997714e+01,4.726261994e-01
2243,5.607500000e-02,7.968706659e-02,1.292211145e+02,3.109279856e+01,9.765559957e+01,4.727163404e-01
2244,5.610000000e-02,7.973382831e-02,1.292488653e+02,3.107486875e+01,9.770119016e+01,4.728063464e-01
2245,5.612500000e-02,7.978059087e-02,1.292765877e+02,3.105692260e+01,9.774676875e+01,4.728963205e-01
2246,5.615000000e-02,7.982736092e-02,1.293042817e+02,3.103895376e+01,9.779234164e+01,4.729863445e-01
2247,5.617500000e-02,7.987413534e-02,1.293319475e+02,3.102097002e+01,9.783790105e+01,4.730763956e-01
2248,5.620000000e-02,7.992090997e-02,1.293595849e+02,3.100297799e+01,9.788344046e+01,4.731664238e-01
2249,5.622500000e-02,7.996768392e-02,1.293871940e+02,3.098497692e+01,9.792896061e+01,4.732564186e-01
2250,5.625000000e-02,8.001445885e-02,1.294147747e+02,3.096696688e+01,9.797446145e+01,4.733464154e-01
2251,5.627500000e-02,8.006123322e-02,1.294423272e+02,3.094895383e+01,9.801993702e+01,4.734363883e-01
2252,5.630000000e-02,8.010800430e-02,1.294698515e+02,3.093094321e+01,9.806538197e+01,4.735262967e-01
2253,5.632500000e-02,8.015477093e-02,1.294973475e+02,3.091294051e+01,9.811079087e+01,4.736161033e-01
2254,5.635000000e-02,8.020153149e-02,1.295248153e+02,3.089495222e+01,9.815615727e+01,4.737057772e-01
2255,5.637500000e-02,8.024828358e-02,1.295522549e+02,3.087698307e+01,9.820147654e+01,4.737952880e-01
2256,5.640000000e-02,8.029502678e-02,1.295796664e+02,3.085903745e+01,9.824674433e+01,4.738846103e-01
2257,5.642500000e-02,8.034175933e-02,1.296070498e+02,3.084112004e+01,9.829195603e+01,4.739737229e-01
2258,5.645000000e-02,8.038847957e-02,1.296344051e+02,3.082323461e+01,9.833710793e+01,4.740626063e-01
2259,5.647500000e-02,8.043518649e-02,1.296617325e+02,3.080537883e+01,9.838220245e+01,4.741512454e-01
2260,5.650000000e-02,8.048188370e-02,1.296890320e+02,3.078755082e+01,9.842724148e+01,4.742396581e-01
2261,5.652500000e-02,8.052857020e-02,1.297163035e+02,3.076975021e+01,9.847222545e+01,4.743278397e-01
2262,5.655000000e-02,8.057524757e-02,1.297435472e+02,3.075197233e+01,9.851715908e+01,4.744158041e-01
2263,5.657500000e-02,8.062191817e-02,1.297707631e+02,3.073421096e+01,9.856204858e+01,4.745035844e-01
2264,5.660000000e-02,8.066858362e-02,1.297979513e+02,3.071646126e+01,9.860689883e+01,4.745912041e-01
2265,5.662500000e-02,8.071524498e-02,1.298251117e+02,3.069872362e+01,9.865170944e+01,4.746786854e-01
2266,5.665000000e-02,8.076189989e-02,1.298522445e+02,3.068100340e+01,9.869647511e+01,4.747660113e-01
2267,5.667500000e-02,8.080854614e-02,1.298793497e+02,3.066330374e+01,9.874119277e+01,4.748531578e-01
2268,5.670000000e-02,8.085518384e-02,1.299064272e+02,3.064562582e+01,9.878586128e+01,4.749401117e-01
2269,5.672500000e-02,8.090181313e-02,1.299334772e+02,3.062797242e+01,9.883047791e+01,4.750268663e-01
2270,5.675000000e-02,8.094843246e-02,1.299604997e+02,3.061034695e+01,9.887503931e+01,4.751134075e-01
2271,5.677500000e-02,8.099504053e-02,1.299874947e+02,3.059274756e+01,9.891954740e+01,4.751997212e-01
2272,5.680000000e-02,8.104164046e-02,1.300144623e+02,3.057517249e+01,9.896400396e+01,4.752858215e-01
2273,5.682500000e-02,8.108823071e-02,1.300414025e+02,3.055762275e+01,9.900840805e+01,4.753717032e-01
2274,5.685000000e-02,8.113481186e-02,1.300683154e+02,3.054009687e+01,9.905276117e+01,4.754573603e-01
2275,5.687500000e-02,8.118138547e-02,1.300952010e+02,3.052259057e+01,9.909706765e+01,4.755428045e-01
2276,5.690000000e-02,8.122795369e-02,1.301220594e+02,3.050510253e+01,9.914132882e+01,4.756280660e-01
2277,5.692500000e-02,8.127451497e-02,1.301488906e+02,3.048763588e+01,9.918554159e+01,4.757131390e-01
2278,5.695000000e-02,8.132106764e-02,1.301756947e+02,3.047019372e+01,9.922970293e+01,4.757980098e-01
2279,5.697500000e-02,8.136761054e-02,1.302024716e+02,3.045277889e+01,9.927381004e+01,4.758826635e-01
2280,5.700000000e-02,8.141414281e-02,1.302292215e+02,3.043539438e+01,9.931786000e+01,4.759670863e-01
2281,5.702500000e-02,8.146066320e-02,1.302559443e+02,3.041804300e+01,9.936185006e+01,4.760512658e-01
2282,5.705000000e-02,8.150717075e-02,1.302826402e+02,3.040072315e+01,9.940578188e+01,4.761351915e-01
2283,5.707500000e-02,8.155366809e-02,1.303093092e+02,3.038342748e+01,9.944966284e+01,4.762188973e-01
2284,5.710000000e-02,8.160015817e-02,1.303359513e+02,3.036615098e+01,9.949349793e+01,4.763024394e-01
2285,5.712500000e-02,8.164664066e-02,1.303625667e+02,3.034889425e+01,9.953728659e+01,4.763858173e-01
2286,5.715000000e-02,8.169311442e-02,1.303891552e+02,3.033165895e+01,9.958102722e+01,4.764690142e-01
2287,5.717500000e-02,8.173957929e-02,1.304157170e+02,3.031444790e+01,9.962471707e+01,4.765520124e-01
2288,5.720000000e-02,8.178603407e-02,1.304422521e+02,3.029726488e+01,9.966835240e+01,4.766347944e-01
2289,5.722500000e-02,8.183247740e-02,1.304687605e+02,3.028011342e+01,9.971192977e+01,4.767173447e-01
2290,5.725000000e-02,8.187890816e-02,1.304952424e+02,3.026299018e+01,9.975545256e+01,4.767996507e-01
2291,5.727500000e-02,8.192533027e-02,1.305216977e+02,3.024587696e+01,9.979893897e+01,4.768817732e-01
2292,5.730000000e-02,8.197175443e-02,1.305481265e+02,3.022875771e+01,9.984240495e+01,4.769638418e-01
2293,5.732500000e-02,8.201818094e-02,1.305745288e+02,3.021163340e+01,9.988584953e+01,4.770458772e-01
2294,5.735000000e-02,8.206460652e-02,1.306009047e+02,3.019451082e+01,9.992926600e+01,4.771278543e-01
2295,5.737500000e-02,8.211102814e-02,1.306272541e+02,3.017739703e+01,9.997264731e+01,4.772097393e-01
2296,5.740000000e-02,8.215744339e-02,1.306535771e+02,3.016029327e+01,1.000159923e+02,4.772915004e-01
2297,5.742500000e-02,8.220385525e-02,1.306798737e+02,3.014319586e+01,1.000593046e+02,4.773731613e-01
2298,5.745000000e-02,8.225026322e-02,1.307061439e+02,3.012610733e+01,1.001025819e+02,4.774547273e-01
2299,5.747500000e-02,8.229666502e-02,1.307323878e+02,3.010903332e+01,1.001458184e+02,4.775361745e-01
2300,5.750000000e-02,8.234305865e-02,1.307586055e+02,3.009197880e+01,1.001890092e+02,4.776174770e-01
2301,5.752500000e-02,8.238944263e-02,1.307847969e+02,3.007494797e+01,1.002321503e+02,4.776986116e-01
2302,5.755000000e-02,8.243581580e-02,1.308109620e+02,3.005794206e+01,1.002752404e+02,4.777795589e-01
2303,5.757500000e-02,8.248217946e-02,1.308371010e+02,3.004095761e+01,1.003182831e+02,4.778603143e-01
2304,5.760000000e-02,8.252853660e-02,1.308632139e+02,3.002398561e+01,1.003612874e+02,4.779409032e-01
2305,5.762500000e-02,8.257489163e-02,1.308893007e+02,3.000701727e+01,1.004042620e+02,4.780214059e-01
2306,5.765000000e-02,8.262124465e-02,1.309153614e+02,2.999005252e+01,1.004472070e+02,4.781018273e-01
2307,5.767500000e-02,8.266759490e-02,1.309413961e+02,2.997309601e+01,1.004901179e+02,4.781821479e-01
2308,5.770000000e-02,8.271393948e-02,1.309674048e+02,2.995615403e+01,1.005329884e+02,4.782623414e-01
2309,5.772500000e-02,8.276027608e-02,1.309933875e+02,2.993923227e+01,1.005758128e+02,4.783423817e-01
2310,5.775000000e-02,8.280660295e-02,1.310193442e+02,2.992233542e+01,1.006185866e+02,4.784222465e-01
2311,5.777500000e-02,8.285291877e-02,1.310452751e+02,2.990546725e+01,1.006613060e+02,4.785019176e-01
2312,5.780000000e-02,8.289922252e-02,1.310711802e+02,2.988862994e+01,1.007039688e+02,4.785813804e-01
2313,5.782500000e-02,8.294551412e-02,1.310970594e+02,2.987182295e+01,1.007465758e+02,4.786606253e-01
2314,5.785000000e-02,8.299179503e-02,1.311229129e+02,2.985503935e+01,1.007891339e+02,4.787396532e-01
2315,5.787500000e-02,8.303807013e-02,1.311487407e+02,2.983826680e+01,1.008316553e+02,4.788185261e-01
2316,5.790000000e-02,8.308434430e-02,1.311745428e+02,2.982149650e+01,1.008741490e+02,4.788973114e-01
2317,5.792500000e-02,8.313061759e-02,1.312003192e+02,2.980472915e+01,1.009166141e+02,4.789760292e-01
2318,5.795000000e-02,8.317688768e-02,1.312260701e+02,2.978796216e+01,1.009590533e+02,4.790546598e-01
2319,5.797500000e-02,8.322315797e-02,1.312517954e+02,2.977119214e+01,1.010014700e+02,4.791332369e-01
2320,5.800000000e-02,8.326942797e-02,1.312774950e+02,2.975441935e+01,1.010438639e+02,4.792117589e-01
2321,5.802500000e-02,8.331569772e-02,1.313031692e+02,2.973764196e+01,1.010862370e+02,4.792902167e-01
2322,5.805000000e-02,8.336196905e-02,1.313288178e+02,2.972085990e+01,1.011285893e+02,4.793686159e-01
2323,5.807500000e-02,8.340824111e-02,1.313544409e+02,2.970407732e+01,1.011709166e+02,4.794469442e-01
2324,5.810000000e-02,8.345451162e-02,1.313800385e+02,2.968730112e+01,1.012132122e+02,4.795251765e-01
2325,5.812500000e-02,8.350077754e-02,1.314056106e+02,2.967053814e+01,1.012554692e+02,4.796032849e-01
2326,5.815000000e-02,8.354703645e-02,1.314311573e+02,2.965379272e+01,1.012976833e+02,4.796812435e-01
2327,5.817500000e-02,8.359328759e-02,1.314566785e+02,2.963706907e+01,1.013398504e+02,4.797590320e-01
2328,5.820000000e-02,8.363952954e-02,1.314821745e+02,2.962036760e+01,1.013819702e+02,4.798366327e-01
2329,5.822500000e-02,8.368576462e-02,1.315076450e+02,2.960368742e+01,1.014240436e+02,4.799140480e-01
2330,5.825000000e-02,8.373199222e-02,1.315330903e+02,2.958703084e+01,1.014660682e+02,4.799912764e-01
2331,5.827500000e-02,8.377821063e-02,1.315585104e+02,2.957040123e+01,1.015080409e+02,4.800683072e-01
2332,5.830000000e-02,8.382441850e-02,1.315839052e+02,2.955380164e+01,1.015499585e+02,4.801451294e-01
2333,5.832500000e-02,8.387061477e-02,1.316092749e+02,2.953723460e+01,1.015918186e+02,4.802217330e-01
2334,5.835000000e-02,8.391679858e-02,1.316346195e+02,2.952070196e+01,1.016336195e+02,4.802981101e-01
2335,5.837500000e-02,8.396296936e-02,1.316599391e+02,2.950420492e+01,1.016753599e+02,4.803742541e-01
2336,5.840000000e-02,8.400912672e-02,1.316852336e+02,2.948774468e+01,1.017170388e+02,4.804501594e-01
2337,5.842500000e-02,8.405527031e-02,1.317105032e+02,2.947132201e+01,1.017586553e+02,4.805258217e-01
2338,5.845000000e-02,8.410140001e-02,1.317357479e+02,2.945493121e+01,1.018002154e+02,4.806012387e-01
2339,5.847500000e-02,8.414752110e-02,1.317609677e+02,2.943856681e+01,1.018417244e+02,4.806764548e-01
2340,5.850000000e-02,8.419363335e-02,1.317861627e+02,2.942222910e+01,1.018831821e+02,4.807514824e-01
2341,5.852500000e-02,8.423973563e-02,1.318113330e+02,2.940592013e+01,1.019245865e+02,4.808263147e-01
2342,5.855000000e-02,8.428582686e-02,1.318364785e+02,2.938964205e+01,1.019659355e+02,4.809009420e-01
2343,5.857500000e-02,8.433190621e-02,1.318615994e+02,2.937339646e+01,1.020072276e+02,4.809753552e-01
2344,5.860000000e-02,8.437797311e-02,1.318866957e+02,2.935718495e+01,1.020484612e+02,4.810495461e-01
2345,5.862500000e-02,8.442402704e-02,1.319117674e+02,2.934100832e+01,1.020896356e+02,4.811235078e-01
2346,5.865000000e-02,8.447006815e-02,1.319368146e+02,2.932485776e+01,1.021307596e+02,4.811972408e-01
2347,5.867500000e-02,8.451610432e-02,1.319618373e+02,2.930870417e+01,1.021718623e+02,4.812708525e-01
2348,5.870000000e-02,8.456214788e-02,1.319868356e+02,2.929251892e+01,1.022129721e+02,4.813445289e-01
2349,5.872500000e-02,8.460820417e-02,1.320118094e+02,2.927629366e+01,1.022540974e+02,4.814183655e-01
2350,5.875000000e-02,8.465427127e-02,1.320367588e+02,2.926003300e+01,1.022952335e+02,4.814923363e-01
2351,5.877500000e-02,8.470034664e-02,1.320616837e+02,2.924374728e+01,1.023363701e+02,4.815663934e-01
2352,5.880000000e-02,8.474642566e-02,1.320865842e+02,2.922744772e+01,1.023774960e+02,4.816404850e-01
2353,5.882500000e-02,8.479250455e-02,1.321114602e+02,2.921114427e+01,1.024186014e+02,4.817145618e-01
2354,5.885000000e-02,8.483858032e-02,1.321363118e+02,2.919484527e+01,1.024596779e+02,4.817885813e-01
2355,5.887500000e-02,8.488465059e-02,1.321611389e+02,2.917855401e+01,1.025007224e+02,4.818625081e-01
2356,5.890000000e-02,8.493071672e-02,1.321859417e+02,2.916227162e+01,1.025417337e+02,4.819363306e-01
2357,5.892500000e-02,8.497677829e-02,1.322107201e+02,2.914600176e+01,1.025827083e+02,4.820100384e-01
2358,5.895000000e-02,8.502283348e-02,1.322354741e+02,2.912974803e+01,1.026236425e+02,4.820836121e-01
2359,5.897500000e-02,8.506888184e-02,1.322602039e+02,2.911350981e+01,1.026645370e+02,4.821570339e-01
2360,5.900000000e-02,8.511492656e-02,1.322849093e+02,2.909728325e+01,1.027053958e+02,4.822303244e-01
2361,5.902500000e-02,8.516096722e-02,1.323095906e+02,2.908106983e+01,1.027462172e+02,4.823034946e-01
2362,5.905000000e-02,8.520700154e-02,1.323342476e+02,2.906487404e+01,1.027869970e+02,4.823765294e-01
2363,5.907500000e-02,8.525302765e-02,1.323588804e+02,2.904870013e+01,1.028277309e+02,4.824494100e-01
2364,5.910000000e-02,8.529904416e-02,1.323834891e+02,2.903255173e+01,1.028684153e+02,4.825221199e-01
2365,5.912500000e-02,8.534504999e-02,1.324080737e+02,2.901643177e+01,1.029090473e+02,4.825946454e-01
2366,5.915000000e-02,8.539104431e-02,1.324326343e+02,2.900034257e+01,1.029496248e+02,4.826669755e-01
2367,5.917500000e-02,8.543702650e-02,1.324571708e+02,2.898428143e+01,1.029901503e+02,4.827391015e-01
2368,5.920000000e-02,8.548299994e-02,1.324816834e+02,2.896824054e+01,1.030306319e+02,4.828110349e-01
2369,5.922500000e-02,8.552896957e-02,1.325061721e+02,2.895221431e+01,1.030710750e+02,4.828828231e-01
2370,5.925000000e-02,8.557493381e-02,1.325306369e+02,2.893620521e+01,1.031114772e+02,4.829544685e-01
2371,5.927500000e-02,8.562089092e-02,1.325550778e+02,2.892021685e+01,1.031518350e+02,4.830259582e-01
2372,5.930000000e-02,8.566683942e-02,1.325794949e+02,2.890424288e+01,1.031921547e+02,4.830972783e-01
2373,5.932500000e-02,8.571278727e-02,1.326038882e+02,2.888827480e+01,1.032324449e+02,4.831684776e-01
2374,5.935000000e-02,8.575873369e-02,1.326282577e+02,2.887231503e+01,1.032727031e+02,4.832395678e-01
2375,5.937500000e-02,8.580467621e-02,1.326526036e+02,2.885636557e+01,1.033129275e+02,4.833105352e-01
2376,5.940000000e-02,8.585061517e-02,1.326769257e+02,2.884042242e+01,1.033531219e+02,4.833813905e-01
2377,5.942500000e-02,8.589655282e-02,1.327012241e+02,2.882448056e+01,1.033932914e+02,4.834521764e-01
2378,5.945000000e-02,8.594249003e-02,1.327254989e+02,2.880854103e+01,1.034334350e+02,4.835228916e-01
2379,5.947500000e-02,8.598842520e-02,1.327497501e+02,2.879260874e+01,1.034735479e+02,4.835935184e-01
2380,5.950000000e-02,8.603435589e-02,1.327739777e+02,2.877668936e+01,1.035136243e+02,4.836640342e-01
2381,5.952500000e-02,8.608028009e-02,1.327981817e+02,2.876078792e+01,1.035536593e+02,4.837344178e-01
2382,5.955000000e-02,8.612619616e-02,1.328223621e+02,2.874490865e+01,1.035936488e+02,4.838046512e-01
2383,5.957500000e-02,8.617210285e-02,1.328465190e+02,2.872905476e+01,1.036335896e+02,4.838747195e-01
2384,5.960000000e-02,8.621799921e-02,1.328706525e+02,2.871322844e+01,1.036734795e+02,4.839446111e-01
2385,5.962500000e-02,8.626388463e-02,1.328947626e+02,2.869743162e+01,1.037133166e+02,4.840143163e-01
2386,5.965000000e-02,8.630975856e-02,1.329188492e+02,2.868166592e+01,1.037530995e+02,4.840838270e-01
2387,5.967500000e-02,8.635562053e-02,1.329429125e+02,2.866593270e+01,1.037928267e+02,4.841531370e-01
2388,5.970000000e-02,8.640147019e-02,1.329669526e+02,2.865023301e+01,1.038324973e+02,4.842222408e-01
2389,5.972500000e-02,8.644730725e-02,1.329909693e+02,2.863456772e+01,1.038721105e+02,4.842911345e-01
2390,5.975000000e-02,8.649313150e-02,1.330149629e+02,2.861893661e+01,1.039116665e+02,4.843598147e-01
2391,5.977500000e-02,8.653894362e-02,1.330389334e+02,2.860333350e+01,1.039511716e+02,4.844282866e-01
2392,5.980000000e-02,8.658474856e-02,1.330628807e+02,2.858774810e+01,1.039906360e+02,4.844966033e-01
2393,5.982500000e-02,8.663054927e-02,1.330868050e+02,2.857217845e+01,1.040300618e+02,4.845647833e-01
2394,5.985000000e-02,8.667634425e-02,1.331107062e+02,2.855662729e+01,1.040694461e+02,4.846328254e-01
2395,5.987500000e-02,8.672213161e-02,1.331345845e+02,2.854109809e+01,1.041087857e+02,4.847007182e-01
2396,5.990000000e-02,8.676790997e-02,1.331584398e+02,2.852559379e+01,1.041480775e+02,4.847684495e-01
2397,5.992500000e-02,8.681367835e-02,1.331822721e+02,2.851011678e+01,1.041873193e+02,4.848360084e-01
2398,5.995000000e-02,8.685943599e-02,1.332060816e+02,2.849466902e+01,1.042265092e+02,4.849033862e-01
2399,5.997500000e-02,8.690518232e-02,1.332298682e+02,2.847925210e+01,1.042656456e+02,4.849705757e-01
2400,6.000000000e-02,8.695091690e-02,1.332536321e+02,2.846386104e+01,1.043047335e+02,4.850375712e-01
2401,6.002500000e-02,8.699664424e-02,1.332773732e+02,2.844848497e+01,1.043437838e+02,4.851044374e-01
2402,6.005000000e-02,8.704236700e-02,1.333010915e+02,2.843311958e+01,1.043828007e+02,4.851712224e-01
2403,6.007500000e-02,8.708808483e-02,1.333247872e+02,2.841776397e+01,1.044217853e+02,4.852379243e-01
2404,6.010000000e-02,8.713379868e-02,1.333484603e+02,2.840241652e+01,1.044607392e+02,4.853045380e-01
2405,6.012500000e-02,8.717951003e-02,1.333721107e+02,2.838707809e+01,1.044996615e+02,4.853710677e-01
2406,6.015000000e-02,8.722521694e-02,1.333957384e+02,2.837174624e+01,1.045385547e+02,4.854375012e-01
2407,6.017500000e-02,8.727092423e-02,1.334193437e+02,2.835641544e+01,1.045774243e+02,4.855038822e-01
2408,6.020000000e-02,8.731662949e-02,1.334429263e+02,2.834108993e+01,1.046162662e+02,4.855702038e-01
2409,6.022500000e-02,8.736233035e-02,1.334664864e+02,2.832577510e+01,1.046550749e+02,4.856364436e-01
2410,6.025000000e-02,8.740802492e-02,1.334900240e+02,2.831047409e+01,1.046938473e+02,4.857025794e-01
2411,6.027500000e-02,8.745371375e-02,1.335135391e+02,2.829518287e+01,1.047325876e+02,4.857685957e-01
2412,6.030000000e-02,8.749940144e-02,1.335370318e+02,2.827989246e+01,1.047713048e+02,4.858345507e-01
2413,6.032500000e-02,8.754508857e-02,1.335605020e+02,2.826460166e+01,1.048099999e+02,4.859004742e-01
2414,6.035000000e-02,8.759077351e-02,1.335839498e+02,2.824931390e+01,1.048486695e+02,4.859663510e-01
2415,6.037500000e-02,8.763645445e-02,1.336073752e+02,2.823403417e+01,1.048873089e+02,4.860321566e-01
2416,6.040000000e-02,8.768212964e-02,1.336307783e+02,2.821876736e+01,1.049259130e+02,4.860978667e-01
2417,6.042500000e-02,8.772779762e-02,1.336541590e+02,2.820351779e+01,1.049644777e+02,4.861634602e-01
2418,6.045000000e-02,8.777345717e-02,1.336775173e+02,2.818828707e+01,1.050030014e+02,4.862289193e-01
2419,6.047500000e-02,8.781910885e-02,1.337008534e+02,2.817306634e+01,1.050414929e+02,4.862942430e-01
2420,6.050000000e-02,8.786476020e-02,1.337241673e+02,2.815784208e+01,1.050799657e+02,4.863595055e-01
2421,6.052500000e-02,8.791041457e-02,1.337474589e+02,2.814261032e+01,1.051184239e+02,4.864247552e-01
2422,6.055000000e-02,8.795606983e-02,1.337707284e+02,2.812737565e+01,1.051568627e+02,4.864899810e-01
2423,6.057500000e-02,8.800172340e-02,1.337939756e+02,2.811214412e+01,1.051952763e+02,4.865551572e-01
2424,6.060000000e-02,8.804737304e-02,1.338172006e+02,2.809692071e+01,1.052336596e+02,4.866202575e-01
2425,6.062500000e-02,8.809301754e-02,1.338404035e+02,2.808170544e+01,1.052720128e+02,4.866852595e-01
2426,6.065000000e-02,8.813865923e-02,1.338635842e+02,2.806649983e+01,1.053103342e+02,4.867501555e-01
2427,6.067500000e-02,8.818429679e-02,1.338867428e+02,2.805130804e+01,1.053486199e+02,4.868149340e-01
2428,6.070000000e-02,8.822992832e-02,1.339098794e+02,2.803613427e+01,1.053868655e+02,4.868795794e-01
2429,6.072500000e-02,8.827555223e-02,1.339329939e+02,2.802097687e+01,1.054250730e+02,4.869440774e-01
2430,6.075000000e-02,8.832117182e-02,1.339560864e+02,2.800583352e+01,1.054632444e+02,4.870084482e-01
2431,6.077500000e-02,8.836678667e-02,1.339791569e+02,2.799070576e+01,1.055013784e+02,4.870726937e-01
2432,6.080000000e-02,8.841239541e-02,1.340022054e+02,2.797559656e+01,1.055394721e+02,4.871368041e-01
2433,6.082500000e-02,8.845799665e-02,1.340252320e+02,2.796050796e+01,1.055775233e+02,4.872007677e-01
2434,6.085000000e-02,8.850359009e-02,1.340482368e+02,2.794543614e+01,1.056155361e+02,4.872645803e-01
2435,6.087500000e-02,8.854917921e-02,1.340712197e+02,2.793037310e+01,1.056535183e+02,4.873282764e-01
2436,6.090000000e-02,8.859476828e-02,1.340941807e+02,2.791531593e+01,1.056914729e+02,4.873918773e-01
2437,6.092500000e-02,8.864035542e-02,1.341171199e+02,2.790026812e+01,1.057293965e+02,4.874553778e-01
2438,6.095000000e-02,8.868593835e-02,1.341400374e+02,2.788523415e+01,1.057672845e+02,4.875187629e-01
2439,6.097500000e-02,8.873151523e-02,1.341629331e+02,2.787021777e+01,1.058051333e+02,4.875820171e-01
2440,6.100000000e-02,8.877708476e-02,1.341858071e+02,2.785522221e+01,1.058429398e+02,4.876451264e-01
2441,6.102500000e-02,8.882264591e-02,1.342086594e+02,2.784025019e+01,1.058807011e+02,4.877080788e-01
2442,6.105000000e-02,8.886819786e-02,1.342314901e+02,2.782530313e+01,1.059184161e+02,4.877708645e-01
2443,6.107500000e-02,8.891374066e-02,1.342542991e+02,2.781038031e+01,1.059560853e+02,4.878334762e-01
2444,6.110000000e-02,8.895927580e-02,1.342770866e+02,2.779547767e+01,1.059937130e+02,4.878959242e-01
2445,6.112500000e-02,8.900480571e-02,1.342998525e+02,2.778059326e+01,1.060313010e+02,4.879582347e-01
2446,6.115000000e-02,8.905032939e-02,1.343225969e+02,2.776572878e+01,1.060688477e+02,4.880204083e-01
2447,6.117500000e-02,8.909584547e-02,1.343453198e+02,2.775088681e+01,1.061063506e+02,4.880824356e-01
2448,6.120000000e-02,8.914135280e-02,1.343680213e+02,2.773606987e+01,1.061438072e+02,4.881443067e-01
2449,6.122500000e-02,8.918685046e-02,1.343907014e+02,2.772128013e+01,1.061812153e+02,4.882060128e-01
2450,6.125000000e-02,8.923233771e-02,1.344133602e+02,2.770651938e+01,1.062185732e+02,4.882675467e-01
2451,6.127500000e-02,8.927781400e-02,1.344359976e+02,2.769178907e+01,1.062558796e+02,4.883289028e-01
2452,6.130000000e-02,8.932327892e-02,1.344586137e+02,2.767709032e+01,1.062931333e+02,4.883900767e-01
2453,6.132500000e-02,8.936873212e-02,1.344812086e+02,2.766242402e+01,1.063303335e+02,4.884510650e-01
2454,6.135000000e-02,8.941417337e-02,1.345037823e+02,2.764779086e+01,1.063674796e+02,4.885118655e-01
2455,6.137500000e-02,8.945960248e-02,1.345263349e+02,2.763319139e+01,1.064045710e+02,4.885724765e-01
2456,6.140000000e-02,8.950501931e-02,1.345488663e+02,2.761862604e+01,1.064416074e+02,4.886328969e-01
2457,6.142500000e-02,8.955042374e-02,1.345713767e+02,2.760409512e+01,1.064785884e+02,4.886931261e-01
2458,6.145000000e-02,8.959581569e-02,1.345938660e+02,2.758959874e+01,1.065155141e+02,4.887531638e-01
2459,6.147500000e-02,8.964119516e-02,1.346163344e+02,2.757513662e+01,1.065523848e+02,4.888130103e-01
2460,6.150000000e-02,8.968656222e-02,1.346387819e+02,2.756070869e+01,1.065892005e+02,4.888726654e-01
2461,6.152500000e-02,8.973191690e-02,1.346612085e+02,2.754630854e+01,1.066259678e+02,4.889321294e-01
2462,6.155000000e-02,8.977726439e-02,1.346836142e+02,2.753192516e+01,1.066626976e+02,4.889914556e-01
2463,6.157500000e-02,8.982260804e-02,1.347059991e+02,2.751755126e+01,1.066993972e+02,4.890506711e-01
2464,6.160000000e-02,8.986795054e-02,1.347283633e+02,2.750317722e+01,1.067360763e+02,4.891098245e-01
2465,6.162500000e-02,8.991329458e-02,1.347507067e+02,2.748879486e+01,1.067727429e+02,4.891689734e-01
2466,6.165000000e-02,8.995864164e-02,1.347730294e+02,2.747439063e+01,1.068094106e+02,4.892281319e-01
2467,6.167500000e-02,9.000400114e-02,1.347953313e+02,2.745994267e+01,1.068461012e+02,4.892874004e-01
2468,6.170000000e-02,9.004938238e-02,1.348176125e+02,2.744543882e+01,1.068828268e+02,4.893468779e-01
2469,6.172500000e-02,9.009478170e-02,1.348398729e+02,2.743088676e+01,1.069195796e+02,4.894065563e-01
2470,6.175000000e-02,9.014019311e-02,1.348621125e+02,2.741629974e+01,1.069563464e+02,4.894663810e-01
2471,6.177500000e-02,9.018561144e-02,1.348843313e+02,2.740169050e+01,1.069931145e+02,4.895262952e-01
2472,6.180000000e-02,9.023103259e-02,1.349065293e+02,2.738706985e+01,1.070298732e+02,4.895862491e-01
2473,6.182500000e-02,9.027645336e-02,1.349287064e+02,2.737244647e+01,1.070666137e+02,4.896462016e-01
2474,6.185000000e-02,9.032187133e-02,1.349508628e+02,2.735782725e+01,1.071033294e+02,4.897061190e-01
2475,6.187500000e-02,9.036728463e-02,1.349729983e+02,2.734321766e+01,1.071400147e+02,4.897659740e-01
2476,6.190000000e-02,9.041269182e-02,1.349951131e+02,2.732862214e+01,1.071766652e+02,4.898257444e-01
2477,6.192500000e-02,9.045809172e-02,1.350172072e+02,2.731404425e+01,1.072132775e+02,4.898854123e-01
2478,6.195000000e-02,9.050348341e-02,1.350392805e+02,2.729948689e+01,1.072498487e+02,4.899449631e-01
2479,6.197500000e-02,9.054886616e-02,1.350613332e+02,2.728495201e+01,1.072863768e+02,4.900043851e-01
2480,6.200000000e-02,9.059423958e-02,1.350833652e+02,2.727044063e+01,1.073228609e+02,4.900636687e-01
2481,6.202500000e-02,9.063960371e-02,1.351053766e+02,2.725595369e+01,1.073593002e+02,4.901228062e-01
2482,6.205000000e-02,9.068495859e-02,1.351273675e+02,2.724149077e+01,1.073956949e+02,4.901817913e-01
2483,6.207500000e-02,9.073030538e-02,1.351493378e+02,2.722704971e+01,1.074320475e+02,4.902406219e-01
2484,6.210000000e-02,9.077564574e-02,1.351712876e+02,2.721262266e+01,1.074683656e+02,4.902993048e-01
2485,6.212500000e-02,9.082098628e-02,1.351932169e+02,2.719820076e+01,1.075046583e+02,4.903578845e-01
2486,6.215000000e-02,9.086632747e-02,1.352151258e+02,2.718378198e+01,1.075409275e+02,4.904163803e-01
2487,6.217500000e-02,9.091166926e-02,1.352370143e+02,2.716936435e+01,1.075771752e+02,4.904748010e-01
2488,6.220000000e-02,9.095701231e-02,1.352588824e+02,2.715494835e+01,1.076134008e+02,4.905331619e-01
2489,6.222500000e-02,9.100235390e-02,1.352807300e+02,2.714053899e+01,1.076495996e+02,4.905914500e-01
2490,6.225000000e-02,9.104769170e-02,1.353025573e+02,2.712614052e+01,1.076857672e+02,4.906496472e-01
2491,6.227500000e-02,9.109302455e-02,1.353243643e+02,2.711174898e+01,1.077219075e+02,4.907077430e-01
2492,6.230000000e-02,9.113835710e-02,1.353461509e+02,2.709735710e+01,1.077580280e+02,4.907657920e-01
2493,6.232500000e-02,9.118368908e-02,1.353679172e+02,2.708296604e+01,1.077941274e+02,4.908237992e-01
2494,6.235000000e-02,9.122901884e-02,1.353896632e+02,2.706858000e+01,1.078302015e+02,4.908817483e-01
2495,6.237500000e-02,9.127434459e-02,1.354113890e+02,2.705420366e+01,1.078662457e+02,4.909396192e-01
2496,6.240000000e-02,9.131966479e-02,1.354330945e+02,2.703984127e+01,1.079022558e+02,4.909973935e-01
2497,6.242500000e-02,9.136497814e-02,1.354547798e+02,2.702549634e+01,1.079382284e+02,4.910550552e-01
2498,6.245000000e-02,9.141028368e-02,1.354764449e+02,2.701117172e+01,1.079741606e+02,4.911125914e-01
2499,6.247500000e-02,9.145558063e-02,1.354980898e+02,2.699686957e+01,1.080100503e+02,4.911699915e-01
2500,6.250000000e-02,9.150086846e-02,1.355197146e+02,2.698258965e+01,1.080458977e+02,4.912272468e-01
2501,6.252500000e-02,9.154614878e-02,1.355413194e+02,2.696833206e+01,1.080817029e+02,4.912843548e-01
2502,6.255000000e-02,9.159142101e-02,1.355629040e+02,2.695409832e+01,1.081174644e+02,4.913413114e-01
2503,6.257500000e-02,9.163668437e-02,1.355844686e+02,2.693989004e+01,1.081531805e+02,4.913981114e-01
2504,6.260000000e-02,9.168193827e-02,1.356060133e+02,2.692570856e+01,1.081888499e+02,4.914547500e-01
2505,6.262500000e-02,9.172718226e-02,1.356275379e+02,2.691155501e+01,1.082244717e+02,4.915112235e-01
2506,6.265000000e-02,9.177241596e-02,1.356490427e+02,2.689743027e+01,1.082600449e+02,4.915675287e-01
2507,6.267500000e-02,9.181763910e-02,1.356705276e+02,2.688333505e+01,1.082955689e+02,4.916236633e-01
2508,6.270000000e-02,9.186285147e-02,1.356919926e+02,2.686926735e+01,1.083310457e+02,4.916796257e-01
2509,6.272500000e-02,9.190805620e-02,1.357134379e+02,2.685522492e+01,1.083664775e+02,4.917354235e-01
2510,6.275000000e-02,9.195325300e-02,1.357348634e+02,2.684120815e+01,1.084018642e+02,4.917910626e-01
2511,6.277500000e-02,9.199844089e-02,1.357562691e+02,2.682721826e+01,1.084372043e+02,4.918465420e-01
2512,6.280000000e-02,9.204361916e-02,1.357776552e+02,2.681325635e+01,1.084724970e+02,4.919018588e-01
2513,6.282500000e-02,9.208878735e-02,1.357990216e+02,2.679932334e+01,1.085077413e+02,4.919570110e-01
2514,6.285000000e-02,9.213394509e-02,1.358203684e+02,2.678541991e+01,1.085429365e+02,4.920119965e-01
2515,6.287500000e-02,9.217909216e-02,1.358416956e+02,2.677154367e+01,1.085780852e+02,4.920668141e-01
2516,6.290000000e-02,9.222423141e-02,1.358630033e+02,2.675768643e+01,1.086131954e+02,4.921214869e-01
2517,6.292500000e-02,9.226936670e-02,1.358842915e+02,2.674384234e+01,1.086482731e+02,4.921760607e-01
2518,6.295000000e-02,9.231449711e-02,1.359055602e+02,2.673001239e+01,1.086833173e+02,4.922305398e-01
2519,6.297500000e-02,9.235962150e-02,1.359268095e+02,2.671619819e+01,1.087183264e+02,4.922849162e-01
2520,6.300000000e-02,9.240473975e-02,1.359480393e+02,2.670239795e+01,1.087533022e+02,4.923391827e-01
2521,6.302500000e-02,9.244985508e-02,1.359692498e+02,2.668861058e+01,1.087882459e+02,4.923933497e-01
2522,6.305000000e-02,9.249496588e-02,1.359904409e+02,2.667483845e+01,1.088231550e+02,4.924474149e-01
2523,6.307500000e-02,9.254007067e-02,1.360116126e+02,2.666108432e+01,1.088580269e+02,4.925013685e-01
2524,6.310000000e-02,9.258516831e-02,1.360327650e+02,2.664735070e+01,1.088928591e+02,4.925552008e-01
2525,6.312500000e-02,9.263025792e-02,1.360538982e+02,2.663363965e+01,1.089276496e+02,4.926089033e-01
2526,6.315000000e-02,9.267533884e-02,1.360750121e+02,2.661995284e+01,1.089623968e+02,4.926624691e-01
2527,6.317500000e-02,9.272041054e-02,1.360961067e+02,2.660629162e+01,1.089970992e+02,4.927158929e-01
2528,6.320000000e-02,9.276547263e-02,1.361171822e+02,2.659265706e+01,1.090317560e+02,4.927691704e-01
2529,6.322500000e-02,9.281052479e-02,1.361382386e+02,2.657905000e+01,1.090663663e+02,4.928222982e-01
2530,6.325000000e-02,9.285556680e-02,1.361592758e+02,2.656547110e+01,1.091009294e+02,4.928752739e-01
2531,6.327500000e-02,9.290059848e-02,1.361802940e+02,2.655192088e+01,1.091354450e+02,4.929280956e-01
2532,6.330000000e-02,9.294561968e-02,1.362012931e+02,2.653839847e+01,1.091699139e+02,4.929807620e-01
2533,6.332500000e-02,9.299063199e-02,1.362222733e+02,2.652489862e+01,1.092043414e+02,4.930332745e-01
2534,6.335000000e-02,9.303563902e-02,1.362432344e+02,2.651141572e+01,1.092387330e+02,4.930856684e-01
2535,6.337500000e-02,9.308064148e-02,1.362641767e+02,2.649794158e+01,1.092730971e+02,4.931379592e-01
2536,6.340000000e-02,9.312564508e-02,1.362851000e+02,2.648446593e+01,1.093074439e+02,4.931902264e-01
2537,6.342500000e-02,9.317064889e-02,1.363060045e+02,2.647098981e+01,1.093417722e+02,4.932424790e-01
2538,6.345000000e-02,9.321565109e-02,1.363268900e+02,2.645751589e+01,1.093760794e+02,4.932947018e-01
2539,6.347500000e-02,9.326065102e-02,1.363477568e+02,2.644403792e+01,1.094103720e+02,4.933468876e-01
2540,6.350000000e-02,9.330565436e-02,1.363686046e+02,2.643054616e+01,1.094446594e+02,4.933991132e-01
2541,6.352500000e-02,9.335066161e-02,1.363894337e+02,2.641704138e+01,1.094789409e+02,4.934513851e-01
2542,6.355000000e-02,9.339567090e-02,1.364102439e+02,2.640352688e+01,1.095132133e+02,4.935036815e-01
2543,6.357500000e-02,9.344068197e-02,1.364310352e+02,2.638999676e+01,1.095474825e+02,4.935559885e-01
2544,6.360000000e-02,9.348570274e-02,1.364518078e+02,2.637643991e+01,1.095817595e+02,4.936083733e-01
2545,6.362500000e-02,9.353073164e-02,1.364725615e+02,2.636285824e+01,1.096160424e+02,4.936608448e-01
2546,6.365000000e-02,9.357576630e-02,1.364932964e+02,2.634925762e+01,1.096503254e+02,4.937133744e-01
2547,6.367500000e-02,9.362080479e-02,1.365140125e+02,2.633564581e+01,1.096846007e+02,4.937659332e-01
2548,6.370000000e-02,9.366584380e-02,1.365347097e+02,2.632203075e+01,1.097188605e+02,4.938184908e-01
2549,6.372500000e-02,9.371088072e-02,1.365553881e+02,2.630841896e+01,1.097530982e+02,4.938710189e-01
2550,6.375000000e-02,9.375591366e-02,1.365760478e+02,2.629481562e+01,1.097873086e+02,4.939234943e-01
2551,6.377500000e-02,9.380094118e-02,1.365966886e+02,2.628122486e+01,1.098214878e+02,4.939758979e-01
2552,6.380000000e-02,9.384596217e-02,1.366173107e+02,2.626764996e+01,1.098556325e+02,4.940282144e-01
2553,6.382500000e-02,9.389097579e-02,1.366379140e+02,2.625409354e+01,1.098897400e+02,4.940804313e-01
2554,6.385000000e-02,9.393598135e-02,1.366584986e+02,2.624055763e+01,1.099238084e+02,4.941325388e-01
2555,6.387500000e-02,9.398097836e-02,1.366790646e+02,2.622704300e+01,1.099578370e+02,4.941845287e-01
2556,6.390000000e-02,9.402596717e-02,1.366996118e+02,2.621354649e+01,1.099918290e+02,4.942363984e-01
2557,6.392500000e-02,9.407095079e-02,1.367201405e+02,2.620006551e+01,1.100257868e+02,4.942881646e-01
2558,6.395000000e-02,9.411592913e-02,1.367406506e+02,2.618660072e+01,1.100597101e+02,4.943398285e-01
2559,6.397500000e-02,9.416090129e-02,1.367611421e+02,2.617315351e+01,1.100935973e+02,4.943913843e-01
2560,6.400000000e-02,9.420586694e-02,1.367816151e+02,2.615972206e+01,1.101274502e+02,4.944428266e-01
2561,6.402500000e-02,9.425082925e-02,1.368020696e+02,2.614630403e+01,1.101612714e+02,4.944941632e-01
2562,6.405000000e-02,9.429578763e-02,1.368225056e+02,2.613290014e+01,1.101950601e+02,4.945453923e-01
2563,6.407500000e-02,9.434074162e-02,1.368429232e+02,2.611951199e+01,1.102288147e+02,4.945965093e-01
2564,6.410000000e-02,9.438569041e-02,1.368633223e+02,2.610613623e+01,1.102625385e+02,4.946475096e-01
2565,6.412500000e-02,9.443063831e-02,1.368837030e+02,2.609276945e+01,1.102962351e+02,4.946984214e-01
2566,6.415000000e-02,9.447558420e-02,1.369040653e+02,2.607941311e+01,1.103299030e+02,4.947492502e-01
2567,6.417500000e-02,9.452052636e-02,1.369244093e+02,2.606607011e+01,1.103635392e+02,4.947999874e-01
2568,6.420000000e-02,9.456546326e-02,1.369447349e+02,2.605274340e+01,1.103971409e+02,4.948506221e-01
2569,6.422500000e-02,9.461039370e-02,1.369650422e+02,2.603943557e+01,1.104307055e+02,4.949011446e-01
2570,6.425000000e-02,9.465531672e-02,1.369853313e+02,2.602614367e+01,1.104642361e+02,4.949515469e-01
2571,6.427500000e-02,9.470023591e-02,1.370056020e+02,2.601286263e+01,1.104977376e+02,4.950018534e-01
2572,6.430000000e-02,9.474515218e-02,1.370258546e+02,2.599959176e+01,1.105312108e+02,4.950520768e-01
2573,6.432500000e-02,9.479006470e-02,1.370460889e+02,2.598632695e+01,1.105646598e+02,4.951022139e-01
2574,6.435000000e-02,9.483497846e-02,1.370663051e+02,2.597306117e+01,1.105980916e+02,4.951523200e-01
2575,6.437500000e-02,9.487989246e-02,1.370865031e+02,2.595979677e+01,1.106315039e+02,4.952023953e-01
2576,6.440000000e-02,9.492480472e-02,1.371066829e+02,2.594653690e+01,1.106648936e+02,4.952524255e-01
2577,6.442500000e-02,9.496971475e-02,1.371268446e+02,2.593328114e+01,1.106982610e+02,4.953024011e-01
2578,6.445000000e-02,9.501462423e-02,1.371469882e+02,2.592002913e+01,1.107316067e+02,4.953523294e-01
2579,6.447500000e-02,9.505953099e-02,1.371671136e+02,2.590678487e+01,1.107649265e+02,4.954021989e-01
2580,6.450000000e-02,9.510443330e-02,1.371872210e+02,2.589355233e+01,1.107982166e+02,4.954519937e-01
2581,6.452500000e-02,9.514932988e-02,1.372073103e+02,2.588033481e+01,1.108314738e+02,4.955017002e-01
2582,6.455000000e-02,9.519421975e-02,1.372273815e+02,2.586713493e+01,1.108646953e+02,4.955513067e-01
2583,6.457500000e-02,9.523910219e-02,1.372474348e+02,2.585395470e+01,1.108978793e+02,4.956008041e-01
2584,6.460000000e-02,9.528397663e-02,1.372674700e+02,2.584079564e+01,1.109310242e+02,4.956501852e-01
2585,6.462500000e-02,9.532884270e-02,1.372874873e+02,2.582765890e+01,1.109641290e+02,4.956994439e-01
2586,6.465000000e-02,9.537370009e-02,1.373074867e+02,2.581454548e+01,1.109971926e+02,4.957485755e-01
2587,6.467500000e-02,9.541854855e-02,1.373274682e+02,2.580145619e+01,1.110302144e+02,4.957975760e-01
2588,6.470000000e-02,9.546338787e-02,1.373474318e+02,2.578839173e+01,1.110631936e+02,4.958464424e-01
2589,6.472500000e-02,9.550821787e-02,1.373673776e+02,2.577535244e+01,1.110961300e+02,4.958951722e-01
2590,6.475000000e-02,9.555303864e-02,1.373873056e+02,2.576233813e+01,1.111290237e+02,4.959437636e-01
2591,6.477500000e-02,9.559785057e-02,1.374072158e+02,2.574934926e+01,1.111618743e+02,4.959922154e-01
2592,6.480000000e-02,9.564265323e-02,1.374271083e+02,2.573638645e+01,1.111946813e+02,4.960405267e-01
2593,6.482500000e-02,9.568744638e-02,1.374469831e+02,2.572344996e+01,1.112274444e+02,4.960886963e-01
2594,6.485000000e-02,9.573223003e-02,1.374668402e+02,2.571053757e+01,1.112601659e+02,4.961367238e-01
2595,6.487500000e-02,9.577700650e-02,1.374866797e+02,2.569764505e+01,1.112928500e+02,4.961846142e-01
2596,6.490000000e-02,9.582177866e-02,1.375065016e+02,2.568477026e+01,1.113254990e+02,4.962323844e-01
2597,6.492500000e-02,9.586654546e-02,1.375263060e+02,2.567191451e+01,1.113581114e+02,4.962800364e-01
2598,6.495000000e-02,9.591130585e-02,1.375460927e+02,2.565907941e+01,1.113906858e+02,4.963275677e-01
2599,6.497500000e-02,9.595605901e-02,1.375658620e+02,2.564626635e+01,1.114232207e+02,4.963749750e-01
2600,6.500000000e-02,9.600080431e-02,1.375856138e+02,2.563347647e+01,1.114557151e+02,4.964222553e-01
2601,6.502500000e-02,9.604554129e-02,1.376053481e+02,2.562071069e+01,1.114881680e+02,4.964694062e-01
2602,6.505000000e-02,9.609026959e-02,1.376250651e+02,2.560796829e+01,1.115205803e+02,4.965164257e-01
2603,6.507500000e-02,9.613499033e-02,1.376447646e+02,2.559524108e+01,1.115529602e+02,4.965633262e-01
2604,6.510000000e-02,9.617970931e-02,1.376644467e+02,2.558251156e+01,1.115853250e+02,4.966101818e-01
2605,6.512500000e-02,9.622443443e-02,1.376841116e+02,2.556976699e+01,1.116176875e+02,4.966570685e-01
2606,6.515000000e-02,9.626916377e-02,1.377037590e+02,2.555701011e+01,1.116500449e+02,4.967039899e-01
2607,6.517500000e-02,9.631389459e-02,1.377233892e+02,2.554424707e+01,1.116823912e+02,4.967509241e-01
2608,6.520000000e-02,9.635862452e-02,1.377430020e+02,2.553147757e+01,1.117147266e+02,4.967978466e-01
2609,6.522500000e-02,9.640335751e-02,1.377625975e+02,2.551869731e+01,1.117470554e+02,4.968447832e-01
2610,6.525000000e-02,9.644809366e-02,1.377821757e+02,2.550590779e+01,1.117793761e+02,4.968917388e-01
2611,6.527500000e-02,9.649283114e-02,1.378017365e+02,2.549311377e+01,1.118116841e+02,4.969386951e-01
2612,6.530000000e-02,9.653756784e-02,1.378212801e+02,2.548032063e+01,1.118439738e+02,4.969856302e-01
2613,6.532500000e-02,9.658230190e-02,1.378408064e+02,2.546753329e+01,1.118762406e+02,4.970325234e-01
2614,6.535000000e-02,9.662703182e-02,1.378603154e+02,2.545475583e+01,1.119084802e+02,4.970793572e-01
2615,6.537500000e-02,9.667175643e-02,1.378798072e+02,2.544198884e+01,1.119406922e+02,4.971261173e-01
2616,6.540000000e-02,9.671647790e-02,1.378992817e+02,2.542922946e+01,1.119728794e+02,4.971728068e-01
2617,6.542500000e-02,9.676119770e-02,1.379187390e+02,2.541647488e+01,1.120050447e+02,4.972194349e-01
2618,6.545000000e-02,9.680591742e-02,1.379381791e+02,2.540372453e+01,1.120371886e+02,4.972660068e-01
2619,6.547500000e-02,9.685063578e-02,1.379576021e+02,2.539098055e+01,1.120693090e+02,4.973125194e-01
2620,6.550000000e-02,9.689535164e-02,1.379770078e+02,2.537824394e+01,1.121014049e+02,4.973589634e-01
2621,6.552500000e-02,9.694006574e-02,1.379963965e+02,2.536551655e+01,1.121334746e+02,4.974053348e-01
2622,6.555000000e-02,9.698477656e-02,1.380157680e+02,2.535280147e+01,1.121655149e+02,4.974516252e-01
2623,6.557500000e-02,9.702948274e-02,1.380351224e+02,2.534010143e+01,1.121975231e+02,4.974978259e-01
2624,6.560000000e-02,9.707418318e-02,1.380544597e+02,2.532741872e+01,1.122294971e+02,4.975439293e-01
2625,6.562500000e-02,9.711887704e-02,1.380737800e+02,2.531475516e+01,1.122614349e+02,4.975899290e-01
2626,6.565000000e-02,9.716356367e-02,1.380930833e+02,2.530211225e+01,1.122933352e+02,4.976358200e-01
2627,6.567500000e-02,9.720824257e-02,1.381123696e+02,2.528949111e+01,1.123251968e+02,4.976815983e-01
2628,6.570000000e-02,9.725291337e-02,1.381316388e+02,2.527689268e+01,1.123570189e+02,4.977272608e-01
2629,6.572500000e-02,9.729757578e-02,1.381508912e+02,2.526431766e+01,1.123888007e+02,4.977728051e-01
2630,6.575000000e-02,9.734222956e-02,1.381701267e+02,2.525176662e+01,1.124205418e+02,4.978182297e-01
2631,6.577500000e-02,9.738687454e-02,1.381893452e+02,2.523923999e+01,1.124522417e+02,4.978635331e-01
2632,6.580000000e-02,9.743151061e-02,1.382085469e+02,2.522673789e+01,1.124839003e+02,4.979087146e-01
2633,6.582500000e-02,9.747613772e-02,1.382277319e+02,2.521425312e+01,1.125155250e+02,4.979537736e-01
2634,6.585000000e-02,9.752076270e-02,1.382469000e+02,2.520177421e+01,1.125471270e+02,4.979987759e-01
2635,6.587500000e-02,9.756538639e-02,1.382660513e+02,2.518929913e+01,1.125787085e+02,4.980437403e-01
2636,6.590000000e-02,9.761000787e-02,1.382851860e+02,2.517682975e+01,1.126102675e+02,4.980886603e-01
2637,6.592500000e-02,9.765462608e-02,1.383043038e+02,2.516436859e+01,1.126418017e+02,4.981335235e-01
2638,6.595000000e-02,9.769924052e-02,1.383234050e+02,2.515191865e+01,1.126733080e+02,4.981783181e-01
2639,6.597500000e-02,9.774384974e-02,1.383424895e+02,2.513948294e+01,1.127047835e+02,4.982230331e-01
2640,6.600000000e-02,9.778845274e-02,1.383615573e+02,2.512706388e+01,1.127362257e+02,4.982676591e-01
2641,6.602500000e-02,9.783304879e-02,1.383806084e+02,2.511466342e+01,1.127676328e+02,4.983121887e-01
2642,6.605000000e-02,9.787763736e-02,1.383996430e+02,2.510228236e+01,1.127990040e+02,4.983566157e-01
2643,6.607500000e-02,9.792221890e-02,1.384186609e+02,2.508991777e+01,1.128303422e+02,4.984009393e-01
2644,6.610000000e-02,9.796679718e-02,1.384376623e+02,2.507756439e+01,1.128616527e+02,4.984451792e-01
2645,6.612500000e-02,9.801137326e-02,1.384566471e+02,2.506522118e+01,1.128929366e+02,4.984893409e-01
2646,6.615000000e-02,9.805594680e-02,1.384756154e+02,2.505288959e+01,1.129241924e+02,4.985334238e-01
2647,6.617500000e-02,9.810051609e-02,1.384945672e+02,2.504057249e+01,1.129554173e+02,4.985774216e-01
2648,6.620000000e-02,9.814507973e-02,1.385135026e+02,2.502827239e+01,1.129866089e+02,4.986213265e-01
2649,6.622500000e-02,9.818963677e-02,1.385324214e+02,2.501599098e+01,1.130177653e+02,4.986651320e-01
2650,6.625000000e-02,9.823418683e-02,1.385513239e+02,2.500372804e+01,1.130488870e+02,4.987088335e-01
2651,6.627500000e-02,9.827873112e-02,1.385702099e+02,2.499148397e+01,1.130799735e+02,4.987524300e-01
2652,6.630000000e-02,9.832326873e-02,1.385890795e+02,2.497926008e+01,1.131110235e+02,4.987959186e-01
2653,6.632500000e-02,9.836779906e-02,1.386079328e+02,2.496705745e+01,1.131420361e+02,4.988392963e-01
2654,6.635000000e-02,9.841232166e-02,1.386267698e+02,2.495487674e+01,1.131730105e+02,4.988825605e-01
2655,6.637500000e-02,9.845683627e-02,1.386455905e+02,2.494271794e+01,1.132039469e+02,4.989257091e-01
2656,6.640000000e-02,9.850134350e-02,1.386643949e+02,2.493057771e+01,1.132348485e+02,4.989687428e-01
2657,6.642500000e-02,9.854584726e-02,1.386831831e+02,2.491845346e+01,1.132657180e+02,4.990116768e-01
2658,6.645000000e-02,9.859034631e-02,1.387019551e+02,2.490634604e+01,1.132965545e+02,4.990545149e-01
2659,6.647500000e-02,9.863483957e-02,1.387207109e+02,2.489425694e+01,1.133273567e+02,4.990972537e-01
2660,6.650000000e-02,9.867932623e-02,1.387394505e+02,2.488218753e+01,1.133581231e+02,4.991398891e-01
2661,6.652500000e-02,9.872380568e-02,1.387581740e+02,2.487013898e+01,1.133888526e+02,4.991824171e-01
2662,6.655000000e-02,9.876827748e-02,1.387768813e+02,2.485811222e+01,1.134195443e+02,4.992248349e-01
2663,6.657500000e-02,9.881274129e-02,1.387955726e+02,2.484610482e+01,1.134502007e+02,4.992671399e-01
2664,6.660000000e-02,9.885720033e-02,1.388142479e+02,2.483410791e+01,1.134808306e+02,4.993093564e-01
2665,6.662500000e-02,9.890165885e-02,1.388329071e+02,2.482211289e+01,1.135114427e+02,4.993515313e-01
2666,6.665000000e-02,9.894611787e-02,1.388515503e+02,2.481011332e+01,1.135420433e+02,4.993936824e-01
2667,6.667500000e-02,9.899058106e-02,1.388701775e+02,2.479810439e+01,1.135726372e+02,4.994358510e-01
2668,6.670000000e-02,9.903504770e-02,1.388887887e+02,2.478608774e+01,1.136032229e+02,4.994780376e-01
2669,6.672500000e-02,9.907951581e-02,1.389073839e+02,2.477406777e+01,1.136337959e+02,4.995202256e-01
2670,6.675000000e-02,9.912398332e-02,1.389259631e+02,2.476204932e+01,1.136643514e+02,4.995623956e-01
2671,6.677500000e-02,9.916844849e-02,1.389445264e+02,2.475003676e+01,1.136948851e+02,4.996045299e-01
2672,6.680000000e-02,9.921290991e-02,1.389630737e+02,2.473803374e+01,1.137253933e+02,4.996466134e-01
2673,6.682500000e-02,9.925736650e-02,1.389816050e+02,2.472604174e+01,1.137558747e+02,4.996886338e-01
2674,6.685000000e-02,9.930181878e-02,1.390001205e+02,2.471405843e+01,1.137863315e+02,4.997305894e-01
2675,6.687500000e-02,9.934626941e-02,1.390186200e+02,2.470208122e+01,1.138167663e+02,4.997724997e-01
2676,6.690000000e-02,9.939071800e-02,1.390371037e+02,2.469011117e+01,1.138471782e+02,4.998143637e-01
2677,6.692500000e-02,9.943516336e-02,1.390555715e+02,2.467815079e+01,1.138775645e+02,4.998561716e-01
2678,6.695000000e-02,9.947960431e-02,1.390740234e+02,2.466620150e+01,1.139079240e+02,4.998979127e-01
2679,6.697500000e-02,9.952404168e-02,1.390924596e+02,2.465426455e+01,1.139382554e+02,4.999395795e-01
2680,6.700000000e-02,9.956847452e-02,1.391108799e+02,2.464234208e+01,1.139685566e+02,4.999811655e-01
2681,6.702500000e-02,9.961290161e-02,1.391292844e+02,2.463043614e+01,1.139988256e+02,5.000226642e-01
2682,6.705000000e-02,9.965732218e-02,1.391476732e+02,2.461854831e+01,1.140290608e+02,5.000640695e-01
2683,6.707500000e-02,9.970173571e-02,1.391660462e+02,2.460667644e+01,1.140592644e+02,5.001053766e-01
2684,6.710000000e-02,9.974614533e-02,1.391844036e+02,2.459480975e+01,1.140894472e+02,5.001466101e-01
2685,6.712500000e-02,9.979055694e-02,1.392027452e+02,2.458294109e+01,1.141196163e+02,5.001878208e-01
2686,6.715000000e-02,9.983496909e-02,1.392210711e+02,2.457107241e+01,1.141497697e+02,5.002290115e-01
2687,6.717500000e-02,9.987937988e-02,1.392393814e+02,2.455920755e+01,1.141799037e+02,5.002701698e-01
2688,6.720000000e-02,9.992378769e-02,1.392576760e+02,2.454735026e+01,1.142100145e+02,5.003112816e-01
2689,6.722500000e-02,9.996819127e-02,1.392759550e+02,2.453550376e+01,1.142400989e+02,5.003523343e-01
2690,6.725000000e-02,1.000125896e-01,1.392942184e+02,2.452367066e+01,1.142701544e+02,5.003933171e-01
2691,6.727500000e-02,1.000569821e-01,1.393124662e+02,2.451185302e+01,1.143001789e+02,5.004342216e-01
2692,6.730000000e-02,1.001013680e-01,1.393306983e+02,2.450005220e+01,1.143301711e+02,5.004750410e-01
2693,6.732500000e-02,1.001457473e-01,1.393489150e+02,2.448826291e+01,1.143601363e+02,5.005157718e-01
2694,6.735000000e-02,1.001901265e-01,1.393671161e+02,2.447647547e+01,1.143900841e+02,5.005564672e-01
2695,6.737500000e-02,1.002345046e-01,1.393853017e+02,2.446469120e+01,1.144200133e+02,5.005971323e-01
2696,6.740000000e-02,1.002788801e-01,1.394034717e+02,2.445290939e+01,1.144499246e+02,5.006377575e-01
2697,6.742500000e-02,1.003232553e-01,1.394216263e+02,2.444112060e+01,1.144798274e+02,5.006783604e-01
2698,6.745000000e-02,1.003676361e-01,1.394397654e+02,2.442931696e+01,1.145097295e+02,5.007189987e-01
2699,6.747500000e-02,1.004120221e-01,1.394578891e+02,2.441750012e+01,1.145396293e+02,5.007596734e-01
2700,6.750000000e-02,1.004564112e-01,1.394759972e+02,2.440567533e+01,1.145695215e+02,5.008003662e-01
2701,6.752500000e-02,1.005008007e-01,1.394940899e+02,2.439384831e+01,1.145994005e+02,5.008410554e-01
2702,6.755000000e-02,1.005451889e-01,1.395121671e+02,2.438202418e+01,1.146292612e+02,5.008817211e-01
2703,6.757500000e-02,1.005895739e-01,1.395302289e+02,2.437020718e+01,1.146590994e+02,5.009223465e-01
2704,6.760000000e-02,1.006339548e-01,1.395482752e+02,2.435839764e+01,1.146889147e+02,5.009629178e-01
2705,6.762500000e-02,1.006783331e-01,1.395663061e+02,2.434659291e+01,1.147187098e+02,5.010034374e-01
2706,6.765000000e-02,1.007227104e-01,1.395843217e+02,2.433479095e+01,1.147484868e+02,5.010439085e-01
2707,6.767500000e-02,1.007670884e-01,1.396023218e+02,2.432298432e+01,1.147782531e+02,5.010843316e-01
2708,6.770000000e-02,1.008114753e-01,1.396203065e+02,2.431116391e+01,1.148080179e+02,5.011247543e-01
2709,6.772500000e-02,1.008558705e-01,1.396382759e+02,2.429933037e+01,1.148377803e+02,5.011651976e-01
2710,6.775000000e-02,1.009002703e-01,1.396562299e+02,2.428748938e+01,1.148675348e+02,5.012056473e-01
2711,6.777500000e-02,1.009446718e-01,1.396741685e+02,2.427564679e+01,1.148972756e+02,5.012460834e-01
2712,6.780000000e-02,1.009890725e-01,1.396920918e+02,2.426380761e+01,1.149269977e+02,5.012864873e-01
2713,6.782500000e-02,1.010334708e-01,1.397099997e+02,2.425197594e+01,1.149566969e+02,5.013268436e-01
2714,6.785000000e-02,1.010778652e-01,1.397278922e+02,2.424015169e+01,1.149863734e+02,5.013671398e-01
2715,6.787500000e-02,1.011222592e-01,1.397457695e+02,2.422832946e+01,1.150160326e+02,5.014073932e-01
2716,6.790000000e-02,1.011666538e-01,1.397636315e+02,2.421650831e+01,1.150456755e+02,5.014476207e-01
2717,6.792500000e-02,1.012110470e-01,1.397814781e+02,2.420469170e+01,1.150752986e+02,5.014878143e-01
2718,6.795000000e-02,1.012554371e-01,1.397993095e+02,2.419288318e+01,1.151048984e+02,5.015279614e-01
2719,6.797500000e-02,1.012998229e-01,1.398171256e+02,2.418108576e+01,1.151344718e+02,5.015680506e-01
2720,6.800000000e-02,1.013442036e-01,1.398349265e+02,2.416930187e+01,1.151640166e+02,5.016080724e-01
2721,6.802500000e-02,1.013885784e-01,1.398527122e+02,2.415753339e+01,1.151935308e+02,5.016480189e-01
2722,6.805000000e-02,1.014329468e-01,1.398704827e+02,2.414578182e+01,1.152230130e+02,5.016878841e-01
2723,6.807500000e-02,1.014773084e-01,1.398882379e+02,2.413404835e+01,1.152524619e+02,5.017276629e-01
2724,6.810000000e-02,1.015216629e-01,1.399059781e+02,2.412233392e+01,1.152818768e+02,5.017673514e-01
2725,6.812500000e-02,1.015660101e-01,1.399237031e+02,2.411063928e+01,1.153112568e+02,5.018069467e-01
2726,6.815000000e-02,1.016103496e-01,1.399414130e+02,2.409896503e+01,1.153406015e+02,5.018464465e-01
2727,6.817500000e-02,1.016546815e-01,1.399591078e+02,2.408731163e+01,1.153699103e+02,5.018858489e-01
2728,6.820000000e-02,1.016990056e-01,1.399767876e+02,2.407567945e+01,1.153991830e+02,5.019251526e-01
2729,6.822500000e-02,1.017433217e-01,1.399944523e+02,2.406406877e+01,1.154284192e+02,5.019643566e-01
2730,6.825000000e-02,1.017876299e-01,1.400121021e+02,2.405247980e+01,1.154576188e+02,5.020034603e-01
2731,6.827500000e-02,1.018319300e-01,1.400297368e+02,2.404091271e+01,1.154867817e+02,5.020424632e-01
2732,6.830000000e-02,1.018762221e-01,1.400473567e+02,2.402936764e+01,1.155159077e+02,5.020813650e-01
2733,6.832500000e-02,1.019205060e-01,1.400649616e+02,2.401784469e+01,1.155449967e+02,5.021201656e-01
2734,6.835000000e-02,1.019647819e-01,1.400825516e+02,2.400634394e+01,1.155740488e+02,5.021588650e-01
2735,6.837500000e-02,1.020090496e-01,1.401001268e+02,2.399486440e+01,1.156030649e+02,5.021974635e-01
2736,6.840000000e-02,1.020533100e-01,1.401176871e+02,2.398340499e+01,1.156320461e+02,5.022359616e-01
2737,6.842500000e-02,1.020975637e-01,1.401352326e+02,2.397196555e+01,1.156609927e+02,5.022743605e-01
2738,6.845000000e-02,1.021418106e-01,1.401527633e+02,2.396054633e+01,1.156899044e+02,5.023126600e-01
2739,6.847500000e-02,1.021860503e-01,1.401702793e+02,2.394914771e+01,1.157187808e+02,5.023508596e-01
2740,6.850000000e-02,1.022302827e-01,1.401877806e+02,2.393777002e+01,1.157476216e+02,5.023889587e-01
2741,6.852500000e-02,1.022745075e-01,1.402052671e+02,2.392641354e+01,1.157764266e+02,5.024269569e-01
2742,6.855000000e-02,1.023187247e-01,1.402227389e+02,2.391507850e+01,1.158051956e+02,5.024648538e-01
2743,6.857500000e-02,1.023629340e-01,1.402401961e+02,2.390376506e+01,1.158339284e+02,5.025026493e-01
2744,6.860000000e-02,1.024071354e-01,1.402576387e+02,2.389247330e+01,1.158626250e+02,5.025403434e-01
2745,6.862500000e-02,1.024513290e-01,1.402750666e+02,2.388120324e+01,1.158912855e+02,5.025779362e-01
2746,6.865000000e-02,1.024955147e-01,1.402924800e+02,2.386995494e+01,1.159199097e+02,5.026154276e-01
2747,6.867500000e-02,1.025396924e-01,1.403098789e+02,2.385872842e+01,1.159484976e+02,5.026528180e-01
2748,6.870000000e-02,1.025838622e-01,1.403272632e+02,2.384752322e+01,1.159770498e+02,5.026901075e-01
2749,6.872500000e-02,1.026280246e-01,1.403446330e+02,2.383633588e+01,1.160055698e+02,5.027272979e-01
2750,6.875000000e-02,1.026721831e-01,1.403619883e+02,2.382516380e+01,1.160340601e+02,5.027644017e-01
2751,6.877500000e-02,1.027163372e-01,1.403793292e+02,2.381400766e+01,1.160625201e+02,5.028014215e-01
2752,6.880000000e-02,1.027604860e-01,1.403966557e+02,2.380286843e+01,1.160909489e+02,5.028383560e-01
2753,6.882500000e-02,1.028046289e-01,1.404139677e+02,2.379174548e+01,1.161193471e+02,5.028752034e-01
2754,6.885000000e-02,1.028487672e-01,1.404312654e+02,2.378063906e+01,1.161477144e+02,5.029119638e-01
2755,6.887500000e-02,1.028929000e-01,1.404485487e+02,2.376955017e+01,1.161760499e+02,5.029486367e-01
2756,6.890000000e-02,1.029370266e-01,1.404658177e+02,2.375847971e+01,1.162043528e+02,5.029852203e-01
2757,6.892500000e-02,1.029811466e-01,1.404830724e+02,2.374742821e+01,1.162326225e+02,5.030217130e-01
2758,6.895000000e-02,1.030252598e-01,1.405003128e+02,2.373639614e+01,1.162608585e+02,5.030581134e-01
2759,6.897500000e-02,1.030693659e-01,1.405175389e+02,2.372538390e+01,1.162890606e+02,5.030944205e-01
2760,6.900000000e-02,1.031134648e-01,1.405347507e+02,2.371439181e+01,1.163172283e+02,5.031306334e-01
2761,6.902500000e-02,1.031575564e-01,1.405519484e+02,2.370342011e+01,1.163453615e+02,5.031667515e-01
2762,6.905000000e-02,1.032016406e-01,1.405691318e+02,2.369246767e+01,1.163734614e+02,5.032027743e-01
2763,6.907500000e-02,1.032457189e-01,1.405863011e+02,2.368153264e+01,1.164015298e+02,5.032387062e-01
2764,6.910000000e-02,1.032897917e-01,1.406034563e+02,2.367061487e+01,1.164295669e+02,5.032745514e-01
2765,6.912500000e-02,1.033338583e-01,1.406205973e+02,2.365971513e+01,1.164575719e+02,5.033103095e-01
2766,6.915000000e-02,1.033779184e-01,1.406377243e+02,2.364882968e+01,1.164855486e+02,5.033459792e-01
2767,6.917500000e-02,1.034219763e-01,1.406548371e+02,2.363794908e+01,1.165135064e+02,5.033816000e-01
2768,6.920000000e-02,1.034660343e-01,1.406719359e+02,2.362706927e+01,1.165414494e+02,5.034172064e-01
2769,6.922500000e-02,1.035100913e-01,1.406890207e+02,2.361618466e+01,1.165693832e+02,5.034527965e-01
2770,6.925000000e-02,1.035541551e-01,1.407060914e+02,2.360528421e+01,1.165973188e+02,5.034884068e-01
2771,6.927500000e-02,1.035982270e-01,1.407231481e+02,2.359436646e+01,1.166252575e+02,5.035240648e-01
2772,6.930000000e-02,1.036423038e-01,1.407401907e+02,2.358343705e+01,1.166531939e+02,5.035597576e-01
2773,6.932500000e-02,1.036863828e-01,1.407572193e+02,2.357250197e+01,1.166811219e+02,5.035954654e-01
2774,6.935000000e-02,1.037304618e-01,1.407742339e+02,2.356156630e+01,1.167090364e+02,5.036311694e-01
2775,6.937500000e-02,1.037745392e-01,1.407912344e+02,2.355063163e+01,1.167369359e+02,5.036668535e-01
2776,6.940000000e-02,1.038186166e-01,1.408082209e+02,2.353969416e+01,1.167648243e+02,5.037025216e-01
2777,6.942500000e-02,1.038626967e-01,1.408251935e+02,2.352875078e+01,1.167927045e+02,5.037381970e-01
2778,6.945000000e-02,1.039067788e-01,1.408421520e+02,2.351780332e+01,1.168205748e+02,5.037738756e-01
2779,6.947500000e-02,1.039508612e-01,1.408590965e+02,2.350685537e+01,1.168484316e+02,5.038095442e-01
2780,6.950000000e-02,1.039949421e-01,1.408760271e+02,2.349591079e+01,1.168762711e+02,5.038451883e-01
2781,6.952500000e-02,1.040390204e-01,1.408929437e+02,2.348497295e+01,1.169040899e+02,5.038807950e-01
2782,6.955000000e-02,1.040830948e-01,1.409098463e+02,2.347404464e+01,1.169318853e+02,5.039163537e-01
2783,6.957500000e-02,1.041271647e-01,1.409267350e+02,2.346312808e+01,1.169596550e+02,5.039518558e-01
2784,6.960000000e-02,1.041712294e-01,1.409436097e+02,2.345222492e+01,1.169873975e+02,5.039872944e-01
2785,6.962500000e-02,1.042152884e-01,1.409604706e+02,2.344133647e+01,1.170151114e+02,5.040226640e-01
2786,6.965000000e-02,1.042593415e-01,1.409773175e+02,2.343045923e+01,1.170428003e+02,5.040579603e-01
2787,6.967500000e-02,1.043033940e-01,1.409941506e+02,2.341958571e+01,1.170704717e+02,5.040932046e-01
2788,6.970000000e-02,1.043474487e-01,1.410109698e+02,2.340871300e+01,1.170981284e+02,5.041284171e-01
2789,6.972500000e-02,1.043915046e-01,1.410277752e+02,2.339784288e+01,1.171257688e+02,5.041635956e-01
2790,6.975000000e-02,1.044355598e-01,1.410445668e+02,2.338697840e+01,1.171533897e+02,5.041987315e-01
2791,6.977500000e-02,1.044796128e-01,1.410613446e+02,2.337612247e+01,1.171809883e+02,5.042338155e-01
2792,6.980000000e-02,1.045236622e-01,1.410781085e+02,2.336527758e+01,1.172085621e+02,5.042688393e-01
2793,6.982500000e-02,1.045677072e-01,1.410948587e+02,2.335444570e+01,1.172361092e+02,5.043037964e-01
2794,6.985000000e-02,1.046117471e-01,1.411115951e+02,2.334362841e+01,1.172636280e+02,5.043386813e-01
2795,6.987500000e-02,1.046557813e-01,1.411283178e+02,2.333282695e+01,1.172911173e+02,5.043734899e-01
2796,6.990000000e-02,1.046998095e-01,1.411450267e+02,2.332204228e+01,1.173185762e+02,5.044082189e-01
2797,6.992500000e-02,1.047438313e-01,1.411617219e+02,2.331127513e+01,1.173460039e+02,5.044428658e-01
2798,6.995000000e-02,1.047878466e-01,1.411784035e+02,2.330052610e+01,1.173733999e+02,5.044774287e-01
2799,6.997500000e-02,1.048318551e-01,1.411950713e+02,2.328979561e+01,1.174007638e+02,5.045119062e-01
2800,7.000000000e-02,1.048758568e-01,1.412117256e+02,2.327908401e+01,1.174280953e+02,5.045462974e-01
2801,7.002500000e-02,1.049198516e-01,1.412283662e+02,2.326839157e+01,1.174553941e+02,5.045806014e-01
2802,7.005000000e-02,1.049638393e-01,1.412449933e+02,2.325771774e+01,1.174826607e+02,5.046148177e-01
2803,7.007500000e-02,1.050078208e-01,1.412616068e+02,2.324705598e+01,1.175099018e+02,5.046489513e-01
2804,7.010000000e-02,1.050518018e-01,1.412782067e+02,2.323639687e+01,1.175371268e+02,5.046830525e-01
2805,7.012500000e-02,1.050957827e-01,1.412947931e+02,2.322573908e+01,1.175643369e+02,5.047171343e-01
2806,7.015000000e-02,1.051397626e-01,1.413113660e+02,2.321508465e+01,1.175915302e+02,5.047511908e-01
2807,7.017500000e-02,1.051837401e-01,1.413279254e+02,2.320443553e+01,1.176187046e+02,5.047852117e-01
2808,7.020000000e-02,1.052277156e-01,1.413444713e+02,2.319379216e+01,1.176458599e+02,5.048191893e-01
2809,7.022500000e-02,1.052716904e-01,1.413610037e+02,2.318315580e+01,1.176729947e+02,5.048531212e-01
2810,7.025000000e-02,1.053156625e-01,1.413775226e+02,2.317252905e+01,1.177001065e+02,5.048870014e-01
2811,7.027500000e-02,1.053596308e-01,1.413940281e+02,2.316191418e+01,1.177271931e+02,5.049208230e-01
2812,7.030000000e-02,1.054035942e-01,1.414105201e+02,2.315131304e+01,1.177542525e+02,5.049545800e-01
2813,7.032500000e-02,1.054475524e-01,1.414269987e+02,2.314072690e+01,1.177812836e+02,5.049882676e-01
2814,7.035000000e-02,1.054915047e-01,1.414434640e+02,2.313015667e+01,1.178082854e+02,5.050218821e-01
2815,7.037500000e-02,1.055354509e-01,1.414599158e+02,2.311960315e+01,1.178352572e+02,5.050554204e-01
2816,7.040000000e-02,1.055793909e-01,1.414763543e+02,2.310906699e+01,1.178621984e+02,5.050888799e-01
2817,7.042500000e-02,1.056233243e-01,1.414927795e+02,2.309854870e+01,1.178891085e+02,5.051222588e-01
2818,7.045000000e-02,1.056672511e-01,1.415091913e+02,2.308804527e+01,1.179159905e+02,5.051555557e-01
2819,7.047500000e-02,1.057111763e-01,1.415255899e+02,2.307755362e+01,1.179428475e+02,5.051887831e-01
2820,7.050000000e-02,1.057550985e-01,1.415419752e+02,2.306707437e+01,1.179696789e+02,5.052219458e-01
2821,7.052500000e-02,1.057990167e-01,1.415583472e+02,2.305660884e+01,1.179964833e+02,5.052550410e-01
2822,7.055000000e-02,1.058429301e-01,1.415747060e+02,2.304615832e+01,1.180232596e+02,5.052880653e-01
2823,7.057500000e-02,1.058868380e-01,1.415910516e+02,2.303572388e+01,1.180500067e+02,5.053210153e-01
2824,7.060000000e-02,1.059307401e-01,1.416073840e+02,2.302530638e+01,1.180767237e+02,5.053538885e-01
2825,7.062500000e-02,1.059746359e-01,1.416237032e+02,2.301490651e+01,1.181034100e+02,5.053866828e-01
2826,7.065000000e-02,1.060185252e-01,1.416400092e+02,2.300452267e+01,1.181300672e+02,5.054193966e-01
2827,7.067500000e-02,1.060624104e-01,1.416563022e+02,2.299414953e+01,1.181567006e+02,5.054520417e-01
2828,7.070000000e-02,1.061062946e-01,1.416725820e+02,2.298378295e+01,1.181833144e+02,5.054846440e-01
2829,7.072500000e-02,1.061501778e-01,1.416888487e+02,2.297342294e+01,1.182099086e+02,5.055172072e-01
2830,7.075000000e-02,1.061940588e-01,1.417051024e+02,2.296307141e+01,1.182364812e+02,5.055497259e-01
2831,7.077500000e-02,1.062379364e-01,1.417213429e+02,2.295273057e+01,1.182630302e+02,5.055821932e-01
2832,7.080000000e-02,1.062818097e-01,1.417375704e+02,2.294240241e+01,1.182895534e+02,5.056146024e-01
2833,7.082500000e-02,1.063256779e-01,1.417537849e+02,2.293208854e+01,1.183160494e+02,5.056469483e-01
2834,7.085000000e-02,1.063695406e-01,1.417699864e+02,2.292179019e+01,1.183425170e+02,5.056792264e-01
2835,7.087500000e-02,1.064133973e-01,1.417861748e+02,2.291149703e+01,1.183689664e+02,5.057114337e-01
2836,7.090000000e-02,1.064572606e-01,1.418023503e+02,2.290118979e+01,1.183954169e+02,5.057436624e-01
2837,7.092500000e-02,1.065011319e-01,1.418185128e+02,2.289086530e+01,1.184218716e+02,5.057759462e-01
2838,7.095000000e-02,1.065450093e-01,1.418346624e+02,2.288052703e+01,1.184483271e+02,5.058082765e-01
2839,7.097500000e-02,1.065888902e-01,1.418507989e+02,2.287018021e+01,1.184747781e+02,5.058406347e-01
2840,7.100000000e-02,1.066327724e-01,1.418669225e+02,2.285982999e+01,1.185012195e+02,5.058730016e-01
2841,7.102500000e-02,1.066766541e-01,1.418830331e+02,2.284948084e+01,1.185276469e+02,5.059053602e-01
2842,7.105000000e-02,1.067205339e-01,1.418991308e+02,2.283913510e+01,1.185540580e+02,5.059376967e-01
2843,7.107500000e-02,1.067644123e-01,1.419152155e+02,2.282879072e+01,1.185804547e+02,5.059700020e-01
2844,7.110000000e-02,1.068082929e-01,1.419312872e+02,2.281844462e+01,1.186068403e+02,5.060022911e-01
2845,7.112500000e-02,1.068521743e-01,1.419473460e+02,2.280809971e+01,1.186332118e+02,5.060345605e-01
2846,7.115000000e-02,1.068960547e-01,1.419633919e+02,2.279775939e+01,1.186595657e+02,5.060668007e-01
2847,7.117500000e-02,1.069399328e-01,1.419794249e+02,2.278742637e+01,1.186858995e+02,5.060990026e-01
2848,7.120000000e-02,1.069838075e-01,1.419954450e+02,2.277710294e+01,1.187122109e+02,5.061311581e-01
2849,7.122500000e-02,1.070276782e-01,1.420114522e+02,2.276679097e+01,1.187384979e+02,5.061632606e-01
2850,7.125000000e-02,1.070715441e-01,1.420274465e+02,2.275649195e+01,1.187647592e+02,5.061953048e-01
2851,7.127500000e-02,1.071154049e-01,1.420434280e+02,2.274620559e+01,1.187909951e+02,5.062272861e-01
2852,7.130000000e-02,1.071592623e-01,1.420593966e+02,2.273593048e+01,1.188172069e+02,5.062592072e-01
2853,7.132500000e-02,1.072031165e-01,1.420753524e+02,2.272566681e+01,1.188433946e+02,5.062910707e-01
2854,7.135000000e-02,1.072469666e-01,1.420912955e+02,2.271541567e+01,1.188695569e+02,5.063228737e-01
2855,7.137500000e-02,1.072908120e-01,1.421072257e+02,2.270517588e+01,1.188956952e+02,5.063546128e-01
2856,7.140000000e-02,1.073346549e-01,1.421231432e+02,2.269494713e+01,1.189218098e+02,5.063862892e-01
2857,7.142500000e-02,1.073784946e-01,1.421390479e+02,2.268473088e+01,1.189478992e+02,5.064179022e-01
2858,7.145000000e-02,1.074223298e-01,1.421549400e+02,2.267452801e+01,1.189739625e+02,5.064494488e-01
2859,7.147500000e-02,1.074661609e-01,1.421708193e+02,2.266433876e+01,1.189999996e+02,5.064809267e-01
2860,7.150000000e-02,1.075099879e-01,1.421866859e+02,2.265416391e+01,1.190260096e+02,5.065123348e-01
2861,7.152500000e-02,1.075538100e-01,1.422025398e+02,2.264400460e+01,1.190519915e+02,5.065436716e-01
2862,7.155000000e-02,1.075976264e-01,1.422183811e+02,2.263386168e+01,1.190779444e+02,5.065749351e-01
2863,7.157500000e-02,1.076414369e-01,1.422342097e+02,2.262373578e+01,1.191038678e+02,5.066061237e-01
2864,7.160000000e-02,1.076852411e-01,1.422500257e+02,2.261362288e+01,1.191297656e+02,5.066372366e-01
2865,7.162500000e-02,1.077290441e-01,1.422658291e+02,2.260351366e+01,1.191556472e+02,5.066683114e-01
2866,7.165000000e-02,1.077728472e-01,1.422816200e+02,2.259340538e+01,1.191815152e+02,5.066993723e-01
2867,7.167500000e-02,1.078166493e-01,1.422973983e+02,2.258329967e+01,1.192073682e+02,5.067304169e-01
2868,7.170000000e-02,1.078604493e-01,1.423131640e+02,2.257319912e+01,1.192332034e+02,5.067614368e-01
2869,7.172500000e-02,1.079042463e-01,1.423289172e+02,2.256310623e+01,1.192590185e+02,5.067924229e-01
2870,7.175000000e-02,1.079480394e-01,1.423446578e+02,2.255302306e+01,1.192848114e+02,5.068233672e-01
2871,7.177500000e-02,1.079918280e-01,1.423603859e+02,2.254295131e+01,1.193105803e+02,5.068542632e-01
2872,7.180000000e-02,1.080356116e-01,1.423761015e+02,2.253289232e+01,1.193363241e+02,5.068851055e-01
2873,7.182500000e-02,1.080793900e-01,1.423918046e+02,2.252284525e+01,1.193620435e+02,5.069158899e-01
2874,7.185000000e-02,1.081231652e-01,1.424074953e+02,2.251280356e+01,1.193877451e+02,5.069466275e-01
2875,7.187500000e-02,1.081669412e-01,1.424231735e+02,2.250275951e+01,1.194134366e+02,5.069773511e-01
2876,7.190000000e-02,1.082107200e-01,1.424388392e+02,2.249270809e+01,1.194391230e+02,5.070080756e-01
2877,7.192500000e-02,1.082545046e-01,1.424544925e+02,2.248264633e+01,1.194648073e+02,5.070388250e-01
2878,7.195000000e-02,1.082982926e-01,1.424701334e+02,2.247257410e+01,1.194904897e+02,5.070695932e-01
2879,7.197500000e-02,1.083420862e-01,1.424857618e+02,2.246248356e+01,1.195161779e+02,5.071003854e-01
2880,7.200000000e-02,1.083858912e-01,1.425013778e+02,2.245236694e+01,1.195418796e+02,5.071312526e-01
2881,7.202500000e-02,1.084297060e-01,1.425169813e+02,2.244222712e+01,1.195675920e+02,5.071621957e-01
2882,7.205000000e-02,1.084735275e-01,1.425325724e+02,2.243207042e+01,1.195933088e+02,5.071931951e-01
2883,7.207500000e-02,1.085173527e-01,1.425481511e+02,2.242190334e+01,1.196190235e+02,5.072242281e-01
2884,7.210000000e-02,1.085611794e-01,1.425637172e+02,2.241173154e+01,1.196447304e+02,5.072552741e-01
2885,7.212500000e-02,1.086050056e-01,1.425792709e+02,2.240155724e+01,1.196704274e+02,5.072863158e-01
2886,7.215000000e-02,1.086488336e-01,1.425948122e+02,2.239138186e+01,1.196961130e+02,5.073173458e-01
2887,7.217500000e-02,1.086926616e-01,1.426103410e+02,2.238120880e+01,1.197217839e+02,5.073483545e-01
2888,7.220000000e-02,1.087364880e-01,1.426258574e+02,2.237104124e+01,1.197474369e+02,5.073793321e-01
2889,7.222500000e-02,1.087803117e-01,1.426413614e+02,2.236088176e+01,1.197730694e+02,5.074102699e-01
2890,7.225000000e-02,1.088241317e-01,1.426568530e+02,2.235073241e+01,1.197986794e+02,5.074411607e-01
2891,7.227500000e-02,1.088679475e-01,1.426723321e+02,2.234059480e+01,1.198242653e+02,5.074719990e-01
2892,7.230000000e-02,1.089117585e-01,1.426877989e+02,2.233047018e+01,1.198498259e+02,5.075027803e-01
2893,7.232500000e-02,1.089555643e-01,1.427032533e+02,2.232035955e+01,1.198753603e+02,5.075335008e-01
2894,7.235000000e-02,1.089993646e-01,1.427186954e+02,2.231026368e+01,1.199008676e+02,5.075641580e-01
2895,7.237500000e-02,1.090431593e-01,1.427341252e+02,2.230018297e+01,1.199263475e+02,5.075947496e-01
2896,7.240000000e-02,1.090869481e-01,1.427495426e+02,2.229011526e+01,1.199518021e+02,5.076252738e-01
2897,7.242500000e-02,1.091307348e-01,1.427649478e+02,2.228005379e+01,1.199772383e+02,5.076557472e-01
2898,7.245000000e-02,1.091745219e-01,1.427803407e+02,2.226999489e+01,1.200026596e+02,5.076861933e-01
2899,7.247500000e-02,1.092183078e-01,1.427957213e+02,2.225994048e+01,1.200280642e+02,5.077166108e-01
2900,7.250000000e-02,1.092620910e-01,1.428110897e+02,2.224989310e+01,1.200534496e+02,5.077469924e-01
2901,7.252500000e-02,1.093058706e-01,1.428264458e+02,2.223985493e+01,1.200788136e+02,5.077773308e-01
2902,7.255000000e-02,1.093496460e-01,1.428417898e+02,2.222982766e+01,1.201041545e+02,5.078076196e-01
2903,7.257500000e-02,1.093934166e-01,1.428571215e+02,2.221981262e+01,1.201294710e+02,5.078378537e-01
2904,7.260000000e-02,1.094371821e-01,1.428724410e+02,2.220981085e+01,1.201547621e+02,5.078680291e-01
2905,7.262500000e-02,1.094809422e-01,1.428877484e+02,2.219982314e+01,1.201800271e+02,5.078981423e-01
2906,7.265000000e-02,1.095246968e-01,1.429030435e+02,2.218985013e+01,1.202052652e+02,5.079281910e-01
2907,7.267500000e-02,1.095684457e-01,1.429183266e+02,2.217989232e+01,1.202304761e+02,5.079581729e-01
2908,7.270000000e-02,1.096121887e-01,1.429335975e+02,2.216995013e+01,1.202556593e+02,5.079880865e-01
2909,7.272500000e-02,1.096559258e-01,1.429488564e+02,2.216002388e+01,1.202808146e+02,5.080179305e-01
2910,7.275000000e-02,1.096996569e-01,1.429641031e+02,2.215011384e+01,1.203059416e+02,5.080477040e-01
2911,7.277500000e-02,1.097433818e-01,1.429793378e+02,2.214022020e+01,1.203310402e+02,5.080774063e-01
2912,7.280000000e-02,1.097871006e-01,1.429945605e+02,2.213034310e+01,1.203561103e+02,5.081070367e-01
2913,7.282500000e-02,1.098308133e-01,1.430097711e+02,2.212048268e+01,1.203811518e+02,5.081365948e-01
2914,7.285000000e-02,1.098745198e-01,1.430249697e+02,2.211063905e+01,1.204061646e+02,5.081660805e-01
2915,7.287500000e-02,1.099182200e-01,1.430401563e+02,2.210081228e+01,1.204311486e+02,5.081954935e-01
2916,7.290000000e-02,1.099619141e-01,1.430553310e+02,2.209100243e+01,1.204561037e+02,5.082248337e-01
2917,7.292500000e-02,1.100056018e-01,1.430704937e+02,2.208120955e+01,1.204810301e+02,5.082541011e-01
2918,7.295000000e-02,1.100492834e-01,1.430856445e+02,2.207143367e+01,1.205059276e+02,5.082832957e-01
2919,7.297500000e-02,1.100929586e-01,1.431007834e+02,2.206167481e+01,1.205307962e+02,5.083124176e-01
2920,7.300000000e-02,1.101366277e-01,1.431159105e+02,2.205193301e+01,1.205556360e+02,5.083414668e-01
2921,7.302500000e-02,1.101802904e-01,1.431310256e+02,2.204220827e+01,1.205804469e+02,5.083704436e-01
2922,7.305000000e-02,1.102239469e-01,1.431461289e+02,2.203250060e+01,1.206052290e+02,5.083993481e-01
2923,7.307500000e-02,1.102675972e-01,1.431612204e+02,2.202281000e+01,1.206299822e+02,5.084281805e-01
2924,7.310000000e-02,1.103112412e-01,1.431763001e+02,2.201313647e+01,1.206547066e+02,5.084569409e-01
2925,7.312500000e-02,1.103548790e-01,1.431913679e+02,2.200348002e+01,1.206794023e+02,5.084856298e-01
2926,7.315000000e-02,1.103985105e-01,1.432064241e+02,2.199384016e+01,1.207040697e+02,5.085142472e-01
2927,7.317500000e-02,1.104421363e-01,1.432214684e+02,2.198421448e+01,1.207287112e+02,5.085427947e-01
2928,7.320000000e-02,1.104857587e-01,1.432365011e+02,2.197460117e+01,1.207533286e+02,5.085712797e-01
2929,7.322500000e-02,1.105293771e-01,1.432515220e+02,2.196500091e+01,1.207779214e+02,5.085997037e-01
2930,7.325000000e-02,1.105729908e-01,1.432665313e+02,2.195541456e+01,1.208024887e+02,5.086280657e-01
2931,7.327500000e-02,1.106165994e-01,1.432815288e+02,2.194584277e+01,1.208270297e+02,5.086563643e-01
2932,7.330000000e-02,1.106602028e-01,1.432965147e+02,2.193628609e+01,1.208515441e+02,5.086845984e-01
2933,7.332500000e-02,1.107038007e-01,1.433114890e+02,2.192674488e+01,1.208760314e+02,5.087127672e-01
2934,7.335000000e-02,1.107473929e-01,1.433264517e+02,2.191721943e+01,1.209004914e+02,5.087408700e-01
2935,7.337500000e-02,1.107909793e-01,1.433414027e+02,2.190770997e+01,1.209249238e+02,5.087689064e-01
2936,7.340000000e-02,1.108345599e-01,1.433563422e+02,2.189821407e+01,1.209493312e+02,5.087968761e-01
2937,7.342500000e-02,1.108781380e-01,1.433712700e+02,2.188872904e+01,1.209737162e+02,5.088247865e-01
2938,7.345000000e-02,1.109217135e-01,1.433861864e+02,2.187925502e+01,1.209980787e+02,5.088526412e-01
2939,7.347500000e-02,1.109652858e-01,1.434010912e+02,2.186979295e+01,1.210224178e+02,5.088804392e-01
2940,7.350000000e-02,1.110088541e-01,1.434159845e+02,2.186034373e+01,1.210467325e+02,5.089081787e-01
2941,7.352500000e-02,1.110524180e-01,1.434308662e+02,2.185090814e+01,1.210710222e+02,5.089358581e-01
2942,7.355000000e-02,1.110959771e-01,1.434457365e+02,2.184148683e+01,1.210952862e+02,5.089634756e-01
2943,7.357500000e-02,1.111395312e-01,1.434605953e+02,2.183208031e+01,1.211195240e+02,5.089910302e-01
2944,7.360000000e-02,1.111830799e-01,1.434754427e+02,2.182268899e+01,1.211437352e+02,5.090185208e-01
2945,7.362500000e-02,1.112266231e-01,1.434902786e+02,2.181331318e+01,1.211679195e+02,5.090459467e-01
2946,7.365000000e-02,1.112701608e-01,1.435051031e+02,2.180395312e+01,1.211920767e+02,5.090733074e-01
2947,7.367500000e-02,1.113136927e-01,1.435199163e+02,2.179460898e+01,1.212162067e+02,5.091006025e-01
2948,7.370000000e-02,1.113572189e-01,1.435347180e+02,2.178528091e+01,1.212403093e+02,5.091278319e-01
2949,7.372500000e-02,1.114007393e-01,1.435495084e+02,2.177596900e+01,1.212643844e+02,5.091549954e-01
2950,7.375000000e-02,1.114442539e-01,1.435642874e+02,2.176667318e+01,1.212884321e+02,5.091820930e-01
2951,7.377500000e-02,1.114877628e-01,1.435790551e+02,2.175739232e+01,1.213124537e+02,5.092091249e-01
2952,7.380000000e-02,1.115312672e-01,1.435938115e+02,2.174812627e+01,1.213364492e+02,5.092360922e-01
2953,7.382500000e-02,1.115747666e-01,1.436085567e+02,2.173887543e+01,1.213604182e+02,5.092629955e-01
2954,7.385000000e-02,1.116182607e-01,1.436232905e+02,2.172964018e+01,1.213843605e+02,5.092898347e-01
2955,7.387500000e-02,1.116617493e-01,1.436380131e+02,2.172042078e+01,1.214082757e+02,5.093166095e-01
2956,7.390000000e-02,1.117052322e-01,1.436527245e+02,2.171121740e+01,1.214321638e+02,5.093433197e-01
2957,7.392500000e-02,1.117487093e-01,1.436674246e+02,2.170202750e+01,1.214560272e+02,5.093699654e-01
2958,7.395000000e-02,1.117921844e-01,1.436821136e+02,2.169284635e+01,1.214798707e+02,5.093965586e-01
2959,7.397500000e-02,1.118356587e-01,1.436967914e+02,2.168367270e+01,1.215036955e+02,5.094231099e-01
2960,7.400000000e-02,1.118791312e-01,1.437114580e+02,2.167450769e+01,1.215275007e+02,5.094496193e-01
2961,7.402500000e-02,1.119226011e-01,1.437261134e+02,2.166535267e+01,1.215512847e+02,5.094760840e-01
2962,7.405000000e-02,1.119660676e-01,1.437407577e+02,2.165620886e+01,1.215750464e+02,5.095025008e-01
2963,7.407500000e-02,1.120095301e-01,1.437553909e+02,2.164707724e+01,1.215987848e+02,5.095288671e-01
2964,7.410000000e-02,1.120529883e-01,1.437700130e+02,2.163795865e+01,1.216224991e+02,5.095551806e-01
2965,7.412500000e-02,1.120964418e-01,1.437846239e+02,2.162885371e+01,1.216461888e+02,5.095814394e-01
2966,7.415000000e-02,1.121398905e-01,1.437992238e+02,2.161976294e+01,1.216698532e+02,5.096076422e-01
2967,7.417500000e-02,1.121833340e-01,1.438138126e+02,2.161068674e+01,1.216934921e+02,5.096337878e-01
2968,7.420000000e-02,1.122267722e-01,1.438283904e+02,2.160161939e+01,1.217171112e+02,5.096598756e-01
2969,7.422500000e-02,1.122702119e-01,1.438429572e+02,2.159255002e+01,1.217407212e+02,5.096859571e-01
2970,7.425000000e-02,1.123136529e-01,1.438575129e+02,2.158347290e+01,1.217643280e+02,5.097120453e-01
2971,7.427500000e-02,1.123571012e-01,1.438720576e+02,2.157437608e+01,1.217879434e+02,5.097381729e-01
2972,7.430000000e-02,1.124005601e-01,1.438865913e+02,2.156525515e+01,1.218115718e+02,5.097643735e-01
2973,7.432500000e-02,1.124440274e-01,1.439011140e+02,2.155611366e+01,1.218352097e+02,5.097906430e-01
2974,7.435000000e-02,1.124875002e-01,1.439156256e+02,2.154695426e+01,1.218588544e+02,5.098169625e-01
2975,7.437500000e-02,1.125309807e-01,1.439301262e+02,2.153777710e+01,1.218825058e+02,5.098433320e-01
2976,7.440000000e-02,1.125744678e-01,1.439446158e+02,2.152858516e+01,1.219061609e+02,5.098697476e-01
2977,7.442500000e-02,1.126179592e-01,1.439590943e+02,2.151938334e+01,1.219298148e+02,5.098961937e-01
2978,7.445000000e-02,1.126614527e-01,1.439735617e+02,2.151017654e+01,1.219534626e+02,5.099226537e-01
2979,7.447500000e-02,1.127049465e-01,1.439880182e+02,2.150096897e+01,1.219771001e+02,5.099491129e-01
2980,7.450000000e-02,1.127484391e-01,1.440024635e+02,2.149176406e+01,1.220007239e+02,5.099755591e-01
2981,7.452500000e-02,1.127919295e-01,1.440168979e+02,2.148256440e+01,1.220243315e+02,5.100019828e-01
2982,7.455000000e-02,1.128354170e-01,1.440313212e+02,2.147337207e+01,1.220479208e+02,5.100283761e-01
2983,7.457500000e-02,1.128789010e-01,1.440457335e+02,2.146418872e+01,1.220714901e+02,5.100547328e-01
2984,7.460000000e-02,1.129223810e-01,1.440601348e+02,2.145501565e+01,1.220950381e+02,5.100810483e-01
2985,7.462500000e-02,1.129658567e-01,1.440745252e+02,2.144585388e+01,1.221185640e+02,5.101073184e-01
2986,7.465000000e-02,1.130093278e-01,1.440889045e+02,2.143670418e+01,1.221420668e+02,5.101335404e-01
2987,7.467500000e-02,1.130527941e-01,1.441032729e+02,2.142756714e+01,1.221655461e+02,5.101597116e-01
2988,7.470000000e-02,1.130962554e-01,1.441176304e+02,2.141844287e+01,1.221890017e+02,5.101858303e-01
2989,7.472500000e-02,1.131397121e-01,1.441319770e+02,2.140933131e+01,1.222124338e+02,5.102118951e-01
2990,7.475000000e-02,1.131831643e-01,1.441463126e+02,2.140023278e+01,1.222358419e+02,5.102379048e-01
2991,7.477500000e-02,1.132266119e-01,1.441606374e+02,2.139114773e+01,1.222592258e+02,5.102638584e-01
2992,7.480000000e-02,1.132700546e-01,1.441749512e+02,2.138207657e+01,1.222825849e+02,5.102897549e-01
2993,7.482500000e-02,1.133134922e-01,1.441892543e+02,2.137301959e+01,1.223059191e+02,5.103155937e-01
2994,7.485000000e-02,1.133569246e-01,1.442035464e+02,2.136397702e+01,1.223292280e+02,5.103413743e-01
2995,7.487500000e-02,1.134003518e-01,1.442178278e+02,2.135494903e+01,1.223525117e+02,5.103670962e-01
2996,7.490000000e-02,1.134437735e-01,1.442320983e+02,2.134593574e+01,1.223757698e+02,5.103927592e-01
2997,7.492500000e-02,1.134871898e-01,1.442463581e+02,2.133693722e+01,1.223990025e+02,5.104183632e-01
2998,7.495000000e-02,1.135306008e-01,1.442606071e+02,2.132795283e+01,1.224222103e+02,5.104439080e-01
2999,7.497500000e-02,1.135740071e-01,1.442748453e+02,2.131898118e+01,1.224453947e+02,5.104693948e-01
3000,7.500000000e-02,1.136174101e-01,1.442890728e+02,2.131002189e+01,1.224685561e+02,5.104948258e-01
3001,7.502500000e-02,1.136608093e-01,1.443032896e+02,2.130107540e+01,1.224916940e+02,5.105202012e-01
3002,7.505000000e-02,1.137042042e-01,1.443174956e+02,2.129214223e+01,1.225148079e+02,5.105455204e-01
3003,7.507500000e-02,1.137475946e-01,1.443316910e+02,2.128322279e+01,1.225378974e+02,5.105707830e-01
3004,7.510000000e-02,1.137909801e-01,1.443458757e+02,2.127431742e+01,1.225609623e+02,5.105959883e-01
3005,7.512500000e-02,1.138343607e-01,1.443600497e+02,2.126542628e+01,1.225840023e+02,5.106211362e-01
3006,7.515000000e-02,1.138777361e-01,1.443742131e+02,2.125654946e+01,1.226070174e+02,5.106462264e-01
3007,7.517500000e-02,1.139211063e-01,1.443883658e+02,2.124768704e+01,1.226300075e+02,5.106712586e-01
3008,7.520000000e-02,1.139644714e-01,1.444025080e+02,2.123883566e+01,1.226529761e+02,5.106962329e-01
3009,7.522500000e-02,1.140078354e-01,1.444166395e+02,2.122998561e+01,1.226759327e+02,5.107211743e-01
3010,7.525000000e-02,1.140512036e-01,1.444307605e+02,2.122113006e+01,1.226988843e+02,5.107461158e-01
3011,7.527500000e-02,1.140945760e-01,1.444448708e+02,2.121226917e+01,1.227218306e+02,5.107710628e-01
3012,7.530000000e-02,1.141379504e-01,1.444589706e+02,2.120340597e+01,1.227447687e+02,5.107960077e-01
3013,7.532500000e-02,1.141813250e-01,1.444730599e+02,2.119454381e+01,1.227676951e+02,5.108209403e-01
3014,7.535000000e-02,1.142246983e-01,1.444871385e+02,2.118568568e+01,1.227906070e+02,5.108458511e-01
3015,7.537500000e-02,1.142680694e-01,1.445012067e+02,2.117683372e+01,1.228135022e+02,5.108707323e-01
3016,7.540000000e-02,1.143114381e-01,1.445152642e+02,2.116798689e+01,1.228363818e+02,5.108955784e-01
3017,7.542500000e-02,1.143548080e-01,1.445293113e+02,2.115914402e+01,1.228592469e+02,5.109203947e-01
3018,7.545000000e-02,1.143981775e-01,1.445433478e+02,2.115030668e+01,1.228820959e+02,5.109451809e-01
3019,7.547500000e-02,1.144415452e-01,1.445573738e+02,2.114147676e+01,1.229049271e+02,5.109699322e-01
3020,7.550000000e-02,1.144849102e-01,1.445713893e+02,2.113265594e+01,1.229277387e+02,5.109946440e-01
3021,7.552500000e-02,1.145282717e-01,1.445853943e+02,2.112384558e+01,1.229505294e+02,5.110193122e-01
3022,7.555000000e-02,1.145716292e-01,1.445993888e+02,2.111504404e+01,1.229733008e+02,5.110439335e-01
3023,7.557500000e-02,1.146149855e-01,1.446133728e+02,2.110624647e+01,1.229960579e+02,5.110685198e-01
3024,7.560000000e-02,1.146583431e-01,1.446273465e+02,2.109744987e+01,1.230188035e+02,5.110930895e-01
3025,7.562500000e-02,1.147017018e-01,1.446413096e+02,2.108865488e+01,1.230415371e+02,5.111176436e-01
3026,7.565000000e-02,1.147450601e-01,1.446552623e+02,2.107986365e+01,1.230642565e+02,5.111421761e-01
3027,7.567500000e-02,1.147884167e-01,1.446692046e+02,2.107107853e+01,1.230869594e+02,5.111666804e-01
3028,7.570000000e-02,1.148317706e-01,1.446831365e+02,2.106230153e+01,1.231096438e+02,5.111911503e-01
3029,7.572500000e-02,1.148751212e-01,1.446970580e+02,2.105353426e+01,1.231323082e+02,5.112155807e-01
3030,7.575000000e-02,1.149184678e-01,1.447109691e+02,2.104477791e+01,1.231549512e+02,5.112399677e-01
3031,7.577500000e-02,1.149618102e-01,1.447248698e+02,2.103603041e+01,1.231775751e+02,5.112643085e-01
3032,7.580000000e-02,1.150051527e-01,1.447387601e+02,2.102728875e+01,1.232001828e+02,5.112886147e-01
3033,7.582500000e-02,1.150484945e-01,1.447526401e+02,2.101855336e+01,1.232227739e+02,5.113128893e-01
3034,7.585000000e-02,1.150918343e-01,1.447665097e+02,2.100982566e+01,1.232453470e+02,5.113371291e-01
3035,7.587500000e-02,1.151351714e-01,1.447803690e+02,2.100110695e+01,1.232679008e+02,5.113613298e-01
3036,7.590000000e-02,1.151785051e-01,1.447942180e+02,2.099239845e+01,1.232904341e+02,5.113854877e-01
3037,7.592500000e-02,1.152218349e-01,1.448080567e+02,2.098370115e+01,1.233129460e+02,5.114095997e-01
3038,7.595000000e-02,1.152651604e-01,1.448218851e+02,2.097501584e+01,1.233354356e+02,5.114336631e-01
3039,7.597500000e-02,1.153084814e-01,1.448357032e+02,2.096634314e+01,1.233579024e+02,5.114576761e-01
3040,7.600000000e-02,1.153517976e-01,1.448495110e+02,2.095768357e+01,1.233803458e+02,5.114816369e-01
3041,7.602500000e-02,1.153951090e-01,1.448633086e+02,2.094903110e+01,1.234027720e+02,5.115055446e-01
3042,7.605000000e-02,1.154384248e-01,1.448770960e+02,2.094037080e+01,1.234251958e+02,5.115294440e-01
3043,7.607500000e-02,1.154817490e-01,1.448908731e+02,2.093169186e+01,1.234476279e+02,5.115533732e-01
3044,7.610000000e-02,1.155250838e-01,1.449046400e+02,2.092298963e+01,1.234700730e+02,5.115773599e-01
3045,7.612500000e-02,1.155684285e-01,1.449183967e+02,2.091426630e+01,1.234925290e+02,5.116014072e-01
3046,7.615000000e-02,1.156117801e-01,1.449321431e+02,2.090552730e+01,1.235149903e+02,5.116255000e-01
3047,7.617500000e-02,1.156551359e-01,1.449458793e+02,2.089677841e+01,1.235374512e+02,5.116496204e-01
3048,7.620000000e-02,1.156984938e-01,1.449596052e+02,2.088802470e+01,1.235599067e+02,5.116737516e-01
3049,7.622500000e-02,1.157418519e-01,1.449733209e+02,2.087927034e+01,1.235823526e+02,5.116978797e-01
3050,7.625000000e-02,1.157852090e-01,1.449870263e+02,2.087051864e+01,1.236047856e+02,5.117219935e-01
3051,7.627500000e-02,1.158285641e-01,1.450007214e+02,2.086177219e+01,1.236272032e+02,5.117460840e-01
3052,7.630000000e-02,1.158719165e-01,1.450144064e+02,2.085303302e+01,1.236496032e+02,5.117701441e-01
3053,7.632500000e-02,1.159152655e-01,1.450280811e+02,2.084430270e+01,1.236719843e+02,5.117941684e-01
3054,7.635000000e-02,1.159586108e-01,1.450417457e+02,2.083558243e+01,1.236943451e+02,5.118181524e-01
3055,7.637500000e-02,1.160019520e-01,1.450554000e+02,2.082687317e+01,1.237166847e+02,5.118420928e-01
3056,7.640000000e-02,1.160452889e-01,1.450690441e+02,2.081817564e+01,1.237390025e+02,5.118659871e-01
3057,7.642500000e-02,1.160886212e-01,1.450826781e+02,2.080948931e+01,1.237612990e+02,5.118898331e-01
3058,7.645000000e-02,1.161319501e-01,1.450963020e+02,2.080081314e+01,1.237835752e+02,5.119136308e-01
3059,7.647500000e-02,1.161752764e-01,1.451099157e+02,2.079214731e+01,1.238058310e+02,5.119373818e-01
3060,7.650000000e-02,1.162185991e-01,1.451235192e+02,2.078349270e+01,1.238280655e+02,5.119610852e-01
3061,7.652500000e-02,1.162619178e-01,1.451371127e+02,2.077485007e+01,1.238502779e+02,5.119847395e-01
3062,7.655000000e-02,1.163052322e-01,1.451506961e+02,2.076622005e+01,1.238724677e+02,5.120083431e-01
3063,7.657500000e-02,1.163485420e-01,1.451642693e+02,2.075760308e+01,1.238946344e+02,5.120318950e-01
3064,7.660000000e-02,1.163918469e-01,1.451778326e+02,2.074899947e+01,1.239167777e+02,5.120553943e-01
3065,7.662500000e-02,1.164351470e-01,1.451913857e+02,2.074040945e+01,1.239388974e+02,5.120788404e-01
3066,7.665000000e-02,1.164784421e-01,1.452049289e+02,2.073183321e+01,1.239609934e+02,5.121022330e-01
3067,7.667500000e-02,1.165217322e-01,1.452184620e+02,2.072327088e+01,1.239830655e+02,5.121255716e-01
3068,7.670000000e-02,1.165650173e-01,1.452319851e+02,2.071472255e+01,1.240051137e+02,5.121488562e-01
3069,7.672500000e-02,1.166082973e-01,1.452454982e+02,2.070618827e+01,1.240271378e+02,5.121720867e-01
3070,7.675000000e-02,1.166515721e-01,1.452590013e+02,2.069766810e+01,1.240491380e+02,5.121952630e-01
3071,7.677500000e-02,1.166948419e-01,1.452724945e+02,2.068916207e+01,1.240711140e+02,5.122183852e-01
3072,7.680000000e-02,1.167381066e-01,1.452859777e+02,2.068067019e+01,1.240930661e+02,5.122414533e-01
3073,7.682500000e-02,1.167813661e-01,1.452994510e+02,2.067219249e+01,1.241149941e+02,5.122644675e-01
3074,7.685000000e-02,1.168246205e-01,1.453129144e+02,2.066372897e+01,1.241368980e+02,5.122874277e-01
3075,7.687500000e-02,1.168678699e-01,1.453263679e+02,2.065527964e+01,1.241587780e+02,5.123103343e-01
3076,7.690000000e-02,1.169111141e-01,1.453398116e+02,2.064684448e+01,1.241806339e+02,5.123331872e-01
3077,7.692500000e-02,1.169543531e-01,1.453532453e+02,2.063842349e+01,1.242024659e+02,5.123559867e-01
3078,7.695000000e-02,1.169975871e-01,1.453666692e+02,2.063001664e+01,1.242242739e+02,5.123787330e-01
3079,7.697500000e-02,1.170408160e-01,1.453800833e+02,2.062162378e+01,1.242460581e+02,5.124014262e-01
3080,7.700000000e-02,1.170840398e-01,1.453934876e+02,2.061324488e+01,1.242678186e+02,5.124240665e-01
3081,7.702500000e-02,1.171272586e-01,1.454068820e+02,2.060487990e+01,1.242895555e+02,5.124466538e-01
3082,7.705000000e-02,1.171704724e-01,1.454202667e+02,2.059652887e+01,1.243112686e+02,5.124691883e-01
3083,7.707500000e-02,1.172136811e-01,1.454336416e+02,2.058819177e+01,1.243329582e+02,5.124916701e-01
3084,7.710000000e-02,1.172568849e-01,1.454470067e+02,2.057986862e+01,1.243546240e+02,5.125140991e-01
3085,7.712500000e-02,1.173000836e-01,1.454603621e+02,2.057155943e+01,1.243762662e+02,5.125364755e-01
3086,7.715000000e-02,1.173432772e-01,1.454737078e+02,2.056326323e+01,1.243978858e+02,5.125587993e-01
3087,7.717500000e-02,1.173864673e-01,1.454870438e+02,2.055497557e+01,1.244194871e+02,5.125810748e-01
3088,7.720000000e-02,1.174296588e-01,1.455003701e+02,2.054669231e+01,1.244410744e+02,5.126033217e-01
3089,7.722500000e-02,1.174728509e-01,1.455136866e+02,2.053840983e+01,1.244626513e+02,5.126255458e-01
3090,7.725000000e-02,1.175160490e-01,1.455269936e+02,2.053012172e+01,1.244842241e+02,5.126477685e-01
3091,7.727500000e-02,1.175592524e-01,1.455402908e+02,2.052182798e+01,1.245057928e+02,5.126699998e-01
3092,7.730000000e-02,1.176024583e-01,1.455535783e+02,2.051353178e+01,1.245273543e+02,5.126922330e-01
3093,7.732500000e-02,1.176456649e-01,1.455668562e+02,2.050523279e+01,1.245489090e+02,5.127144587e-01
3094,7.735000000e-02,1.176888755e-01,1.455801245e+02,2.049692466e+01,1.245704631e+02,5.127366946e-01
3095,7.737500000e-02,1.177320919e-01,1.455933830e+02,2.048860651e+01,1.245920176e+02,5.127589539e-01
3096,7.740000000e-02,1.177753115e-01,1.456066319e+02,2.048028182e+01,1.246135689e+02,5.127812300e-01
3097,7.742500000e-02,1.178185324e-01,1.456198712e+02,2.047195451e+01,1.246351132e+02,5.128035117e-01
3098,7.745000000e-02,1.178617531e-01,1.456331008e+02,2.046362798e+01,1.246566470e+02,5.128257882e-01
3099,7.747500000e-02,1.179049724e-01,1.456463207e+02,2.045530498e+01,1.246781677e+02,5.128480505e-01
3100,7.750000000e-02,1.179481895e-01,1.456595310e+02,2.044698765e+01,1.246996731e+02,5.128702914e-01
3101,7.752500000e-02,1.179914038e-01,1.456727317e+02,2.043867767e+01,1.247211615e+02,5.128925052e-01
3102,7.755000000e-02,1.180346148e-01,1.456859227e+02,2.043037440e+01,1.247426336e+02,5.129146874e-01
3103,7.757500000e-02,1.180778249e-01,1.456991042e+02,2.042207211e+01,1.247640952e+02,5.129368473e-01
3104,7.760000000e-02,1.181210377e-01,1.457122760e+02,2.041376437e+01,1.247855526e+02,5.129590098e-01
3105,7.762500000e-02,1.181642539e-01,1.457254382e+02,2.040545124e+01,1.248070058e+02,5.129811779e-01
3106,7.765000000e-02,1.182074725e-01,1.457385908e+02,2.039713544e+01,1.248284520e+02,5.130033467e-01
3107,7.767500000e-02,1.182506916e-01,1.457517339e+02,2.038882019e+01,1.248498882e+02,5.130255083e-01
3108,7.770000000e-02,1.182939099e-01,1.457648673e+02,2.038050768e+01,1.248713120e+02,5.130476548e-01
3109,7.772500000e-02,1.183371269e-01,1.457779912e+02,2.037219374e+01,1.248927277e+02,5.130697823e-01
3110,7.775000000e-02,1.183803478e-01,1.457911055e+02,2.036387070e+01,1.249141429e+02,5.130919268e-01
3111,7.777500000e-02,1.184235726e-01,1.458042102e+02,2.035553862e+01,1.249355575e+02,5.131140961e-01
3112,7.780000000e-02,1.184667999e-01,1.458173054e+02,2.034720045e+01,1.249569686e+02,5.131362830e-01
3113,7.782500000e-02,1.185100282e-01,1.458303909e+02,2.033885971e+01,1.249783728e+02,5.131584770e-01
3114,7.785000000e-02,1.185532560e-01,1.458434670e+02,2.033051961e+01,1.249997667e+02,5.131806676e-01
3115,7.787500000e-02,1.185964824e-01,1.458565334e+02,2.032218284e+01,1.250211477e+02,5.132028460e-01
3116,7.790000000e-02,1.186397066e-01,1.458695903e+02,2.031385156e+01,1.250425138e+02,5.132250048e-01
3117,7.792500000e-02,1.186829279e-01,1.458826377e+02,2.030552747e+01,1.250638631e+02,5.132471382e-01
3118,7.795000000e-02,1.187261458e-01,1.458956755e+02,2.029721191e+01,1.250851944e+02,5.132692414e-01
3119,7.797500000e-02,1.187693600e-01,1.459087038e+02,2.028890587e+01,1.251065066e+02,5.132913110e-01
3120,7.800000000e-02,1.188125703e-01,1.459217226e+02,2.028060965e+01,1.251277996e+02,5.133133440e-01
3121,7.802500000e-02,1.188557770e-01,1.459347319e+02,2.027232361e+01,1.251490730e+02,5.133353384e-01
3122,7.805000000e-02,1.188989799e-01,1.459477317e+02,2.026404840e+01,1.251703260e+02,5.133572925e-01
3123,7.807500000e-02,1.189421787e-01,1.459607220e+02,2.025578462e+01,1.251915582e+02,5.133792047e-01
3124,7.810000000e-02,1.189853732e-01,1.459737029e+02,2.024753269e+01,1.252127692e+02,5.134010738e-01
3125,7.812500000e-02,1.190285632e-01,1.459866743e+02,2.023929293e+01,1.252339585e+02,5.134228988e-01
3126,7.815000000e-02,1.190717486e-01,1.459996363e+02,2.023106553e+01,1.252551261e+02,5.134446793e-01
3127,7.817500000e-02,1.191149293e-01,1.460125889e+02,2.022285065e+01,1.252762718e+02,5.134664145e-01
3128,7.820000000e-02,1.191581054e-01,1.460255321e+02,2.021464507e+01,1.252973989e+02,5.134881043e-01
3129,7.822500000e-02,1.192012827e-01,1.460384659e+02,2.020644140e+01,1.253185147e+02,5.135097705e-01
3130,7.825000000e-02,1.192444610e-01,1.460513903e+02,2.019823889e+01,1.253396199e+02,5.135314246e-01
3131,7.827500000e-02,1.192876385e-01,1.460643053e+02,2.019003889e+01,1.253607133e+02,5.135530638e-01
3132,7.830000000e-02,1.193308149e-01,1.460772109e+02,2.018184119e+01,1.253817951e+02,5.135746841e-01
3133,7.832500000e-02,1.193739916e-01,1.460901072e+02,2.017364610e+01,1.254028649e+02,5.135962859e-01
3134,7.835000000e-02,1.194171671e-01,1.461029942e+02,2.016545576e+01,1.254239206e+02,5.136178655e-01
3135,7.837500000e-02,1.194603406e-01,1.461158718e+02,2.015727201e+01,1.254449603e+02,5.136394183e-01
3136,7.840000000e-02,1.195035113e-01,1.461287400e+02,2.014909609e+01,1.254659830e+02,5.136609403e-01
3137,7.842500000e-02,1.195466788e-01,1.461415990e+02,2.014092897e+01,1.254869876e+02,5.136824284e-01
3138,7.845000000e-02,1.195898428e-01,1.461544486e+02,2.013277145e+01,1.255079733e+02,5.137038799e-01
3139,7.847500000e-02,1.196330031e-01,1.461672889e+02,2.012462417e+01,1.255289395e+02,5.137252927e-01
3140,7.850000000e-02,1.196761594e-01,1.461801200e+02,2.011648762e+01,1.255498857e+02,5.137466652e-01
3141,7.852500000e-02,1.197193115e-01,1.461929417e+02,2.010836222e+01,1.255708115e+02,5.137679959e-01
3142,7.855000000e-02,1.197624595e-01,1.462057542e+02,2.010024827e+01,1.255917166e+02,5.137892839e-01
3143,7.857500000e-02,1.198056030e-01,1.462185574e+02,2.009214604e+01,1.256126009e+02,5.138105282e-01
3144,7.860000000e-02,1.198487421e-01,1.462313514e+02,2.008405572e+01,1.256334640e+02,5.138317283e-01
3145,7.862500000e-02,1.198918768e-01,1.462441362e+02,2.007597748e+01,1.256543059e+02,5.138528837e-01
3146,7.865000000e-02,1.199350069e-01,1.462569118e+02,2.006791143e+01,1.256751264e+02,5.138739939e-01
3147,7.867500000e-02,1.199781325e-01,1.462696782e+02,2.005985767e+01,1.256959254e+02,5.138950588e-01
3148,7.870000000e-02,1.200212535e-01,1.462824354e+02,2.005181627e+01,1.257167030e+02,5.139160782e-01
3149,7.872500000e-02,1.200643699e-01,1.462951834e+02,2.004378729e+01,1.257374590e+02,5.139370519e-01
3150,7.875000000e-02,1.201074817e-01,1.463079222e+02,2.003577077e+01,1.257581935e+02,5.139579799e-01
3151,7.877500000e-02,1.201505888e-01,1.463206520e+02,2.002776674e+01,1.257789064e+02,5.139788622e-01
3152,7.880000000e-02,1.201936913e-01,1.463333726e+02,2.001977523e+01,1.257995976e+02,5.139996988e-01
3153,7.882500000e-02,1.202367892e-01,1.463460840e+02,2.001179624e+01,1.258202673e+02,5.140204897e-01
3154,7.885000000e-02,1.202798825e-01,1.463587864e+02,2.000382973e+01,1.258409154e+02,5.140412349e-01
3155,7.887500000e-02,1.203229711e-01,1.463714797e+02,1.999587560e+01,1.258615422e+02,5.140619347e-01
3156,7.890000000e-02,1.203660551e-01,1.463841639e+02,1.998793383e+01,1.258821475e+02,5.140825889e-01
3157,7.892500000e-02,1.204091346e-01,1.463968391e+02,1.998000442e+01,1.259027315e+02,5.141031976e-01
3158,7.895000000e-02,1.204522095e-01,1.464095052e+02,1.997208736e+01,1.259232941e+02,5.141237609e-01
3159,7.897500000e-02,1.204952799e-01,1.464221623e+02,1.996418267e+01,1.259438353e+02,5.141442786e-01
3160,7.900000000e-02,1.205383457e-01,1.464348103e+02,1.995629036e+01,1.259643552e+02,5.141647510e-01
3161,7.902500000e-02,1.205814069e-01,1.464474494e+02,1.994841043e+01,1.259848538e+02,5.141851780e-01
3162,7.905000000e-02,1.206244635e-01,1.464600794e+02,1.994054288e+01,1.260053310e+02,5.142055597e-01
3163,7.907500000e-02,1.206675156e-01,1.464727005e+02,1.993268772e+01,1.260257869e+02,5.142258961e-01
3164,7.910000000e-02,1.207105632e-01,1.464853126e+02,1.992484494e+01,1.260462215e+02,5.142461874e-01
3165,7.912500000e-02,1.207536062e-01,1.464979158e+02,1.991701454e+01,1.260666348e+02,5.142664337e-01
3166,7.915000000e-02,1.207966446e-01,1.465105100e+02,1.990919653e+01,1.260870268e+02,5.142866350e-01
3167,7.917500000e-02,1.208396785e-01,1.465230953e+02,1.990139089e+01,1.261073976e+02,5.143067914e-01
3168,7.920000000e-02,1.208827078e-01,1.465356717e+02,1.989359761e+01,1.261277472e+02,5.143269032e-01
3169,7.922500000e-02,1.209257326e-01,1.465482392e+02,1.988581669e+01,1.261480755e+02,5.143469703e-01
3170,7.925000000e-02,1.209687528e-01,1.465607978e+02,1.987804811e+01,1.261683827e+02,5.143669930e-01
3171,7.927500000e-02,1.210117686e-01,1.465733475e+02,1.987029187e+01,1.261886687e+02,5.143869713e-01
3172,7.930000000e-02,1.210547798e-01,1.465858884e+02,1.986254737e+01,1.262089341e+02,5.144069053e-01
3173,7.932500000e-02,1.210977873e-01,1.465984204e+02,1.985481226e+01,1.262291814e+02,5.144267966e-01
3174,7.935000000e-02,1.211407938e-01,1.466109436e+02,1.984708502e+01,1.262494120e+02,5.144466507e-01
3175,7.937500000e-02,1.211837985e-01,1.466234580e+02,1.983936622e+01,1.262696253e+02,5.144664686e-01
3176,7.940000000e-02,1.212268009e-01,1.466359636e+02,1.983165661e+01,1.262898207e+02,5.144862494e-01
3177,7.942500000e-02,1.212698003e-01,1.466484604e+02,1.982395686e+01,1.263099975e+02,5.145059921e-01
3178,7.945000000e-02,1.213127965e-01,1.466609483e+02,1.981626749e+01,1.263301552e+02,5.145256956e-01
3179,7.947500000e-02,1.213557890e-01,1.466734275e+02,1.980858894e+01,1.263502932e+02,5.145453590e-01
3180,7.950000000e-02,1.213987778e-01,1.466858980e+02,1.980092155e+01,1.263704115e+02,5.145649819e-01
3181,7.952500000e-02,1.214417625e-01,1.466983597e+02,1.979326556e+01,1.263905095e+02,5.145845636e-01
3182,7.955000000e-02,1.214847431e-01,1.467108126e+02,1.978562118e+01,1.264105873e+02,5.146041038e-01
3183,7.957500000e-02,1.215277196e-01,1.467232569e+02,1.977798853e+01,1.264306447e+02,5.146236023e-01
3184,7.960000000e-02,1.215706918e-01,1.467356924e+02,1.977036772e+01,1.264506816e+02,5.146430590e-01
3185,7.962500000e-02,1.216136597e-01,1.467481192e+02,1.976275883e+01,1.264706979e+02,5.146624738e-01
3186,7.965000000e-02,1.216566233e-01,1.467605373e+02,1.975516189e+01,1.264906936e+02,5.146818467e-01
3187,7.967500000e-02,1.216995826e-01,1.467729467e+02,1.974757696e+01,1.265106686e+02,5.147011778e-01
3188,7.970000000e-02,1.217425375e-01,1.467853475e+02,1.974000404e+01,1.265306230e+02,5.147204671e-01
3189,7.972500000e-02,1.217854880e-01,1.467977397e+02,1.973244314e+01,1.265505568e+02,5.147397146e-01
3190,7.975000000e-02,1.218284341e-01,1.468101232e+02,1.972489425e+01,1.265704700e+02,5.147589205e-01
3191,7.977500000e-02,1.218713759e-01,1.468224981e+02,1.971735399e+01,1.265903660e+02,5.147780849e-01
3192,7.980000000e-02,1.219143188e-01,1.468348643e+02,1.970981783e+01,1.266102493e+02,5.147972216e-01
3193,7.982500000e-02,1.219572620e-01,1.468472220e+02,1.970228632e+01,1.266301193e+02,5.148163342e-01
3194,7.985000000e-02,1.220002042e-01,1.468595711e+02,1.969476072e+01,1.266499749e+02,5.148354212e-01
3195,7.987500000e-02,1.220431449e-01,1.468719116e+02,1.968724220e+01,1.266698149e+02,5.148544802e-01
3196,7.990000000e-02,1.220860832e-01,1.468842435e+02,1.967973178e+01,1.266896382e+02,5.148735086e-01
3197,7.992500000e-02,1.221290187e-01,1.468965668e+02,1.967223028e+01,1.267094441e+02,5.148925045e-01
3198,7.995000000e-02,1.221719511e-01,1.469088816e+02,1.966473835e+01,1.267292318e+02,5.149114663e-01
3199,7.997500000e-02,1.222148801e-01,1.469211879e+02,1.965725650e+01,1.267490010e+02,5.149303927e-01
3200,8.000000000e-02,1.222578055e-01,1.469334856e+02,1.964978511e+01,1.267687512e+02,5.149492826e-01
3201,8.002500000e-02,1.223007271e-01,1.469457748e+02,1.964232450e+01,1.267884822e+02,5.149681353e-01
3202,8.005000000e-02,1.223436448e-01,1.469580555e+02,1.963487488e+01,1.268081937e+02,5.149869503e-01
3203,8.007500000e-02,1.223865585e-01,1.469703277e+02,1.962743640e+01,1.268278856e+02,5.150057272e-01
3204,8.010000000e-02,1.224294683e-01,1.469825914e+02,1.962000918e+01,1.268475578e+02,5.150244656e-01
3205,8.012500000e-02,1.224723739e-01,1.469948467e+02,1.961259330e+01,1.268672102e+02,5.150431655e-01
3206,8.015000000e-02,1.225152755e-01,1.470070935e+02,1.960518884e+01,1.268868428e+02,5.150618266e-01
3207,8.017500000e-02,1.225581730e-01,1.470193318e+02,1.959779316e+01,1.269064582e+02,5.150804488e-01
3208,8.020000000e-02,1.226010706e-01,1.470315617e+02,1.959040106e+01,1.269260616e+02,5.150990463e-01
3209,8.022500000e-02,1.226439700e-01,1.470437832e+02,1.958300840e+01,1.269456571e+02,5.151176316e-01
3210,8.025000000e-02,1.226868726e-01,1.470559962e+02,1.957560951e+01,1.269652505e+02,5.151362134e-01
3211,8.027500000e-02,1.227297826e-01,1.470682009e+02,1.956820050e+01,1.269848456e+02,5.151548121e-01
3212,8.030000000e-02,1.227726981e-01,1.470803971e+02,1.956078284e+01,1.270044408e+02,5.151734290e-01
3213,8.032500000e-02,1.228156170e-01,1.470925849e+02,1.955335990e+01,1.270240330e+02,5.151920554e-01
3214,8.035000000e-02,1.228585374e-01,1.471047643e+02,1.954593519e+01,1.270436184e+02,5.152106815e-01
3215,8.037500000e-02,1.229014579e-01,1.471169353e+02,1.953851176e+01,1.270631942e+02,5.152292985e-01
3216,8.040000000e-02,1.229443773e-01,1.471290978e+02,1.953109206e+01,1.270827579e+02,5.152478995e-01
3217,8.042500000e-02,1.229872948e-01,1.471412520e+02,1.952367802e+01,1.271023075e+02,5.152664786e-01
3218,8.045000000e-02,1.230302098e-01,1.471533978e+02,1.951627108e+01,1.271218417e+02,5.152850317e-01
3219,8.047500000e-02,1.230731219e-01,1.471655352e+02,1.950887236e+01,1.271413593e+02,5.153035554e-01
3220,8.050000000e-02,1.231160307e-01,1.471776642e+02,1.950148267e+01,1.271608595e+02,5.153220473e-01
3221,8.052500000e-02,1.231589361e-01,1.471897849e+02,1.949410265e+01,1.271803417e+02,5.153405054e-01
3222,8.055000000e-02,1.232018378e-01,1.472018972e+02,1.948673276e+01,1.271998055e+02,5.153589285e-01
3223,8.057500000e-02,1.232447357e-01,1.472140011e+02,1.947937335e+01,1.272192505e+02,5.153773153e-01
3224,8.060000000e-02,1.232876298e-01,1.472260968e+02,1.947202467e+01,1.272386764e+02,5.153956652e-01
3225,8.062500000e-02,1.233305199e-01,1.472381841e+02,1.946468341e+01,1.272580867e+02,5.154139775e-01
3226,8.065000000e-02,1.233734104e-01,1.472502631e+02,1.945734171e+01,1.272774891e+02,5.154322750e-01
3227,8.067500000e-02,1.234163030e-01,1.472623338e+02,1.944999654e+01,1.272968867e+02,5.154505780e-01
3228,8.070000000e-02,1.234591968e-01,1.472743962e+02,1.944264920e+01,1.273162781e+02,5.154688864e-01
3229,8.072500000e-02,1.235020907e-01,1.472864503e+02,1.943529918e+01,1.273356639e+02,5.154871946e-01
3230,8.075000000e-02,1.235449881e-01,1.472984961e+02,1.942794197e+01,1.273550487e+02,5.155055129e-01
3231,8.077500000e-02,1.235878892e-01,1.473105337e+02,1.942057739e+01,1.273744325e+02,5.155238500e-01
3232,8.080000000e-02,1.236307921e-01,1.473225630e+02,1.941320865e+01,1.273938121e+02,5.155421997e-01
3233,8.082500000e-02,1.236736951e-01,1.473345839e+02,1.940583890e+01,1.274131845e+02,5.155605530e-01
3234,8.085000000e-02,1.237165973e-01,1.473465966e+02,1.939847073e+01,1.274325470e+02,5.155789018e-01
3235,8.087500000e-02,1.237594980e-01,1.473586010e+02,1.939110617e+01,1.274518976e+02,5.155972392e-01
3236,8.090000000e-02,1.238023965e-01,1.473705972e+02,1.938374679e+01,1.274712348e+02,5.156155598e-01
3237,8.092500000e-02,1.238452925e-01,1.473825851e+02,1.937639385e+01,1.274905574e+02,5.156338594e-01
3238,8.095000000e-02,1.238881855e-01,1.473945647e+02,1.936904831e+01,1.275098643e+02,5.156521344e-01
3239,8.097500000e-02,1.239310755e-01,1.474065361e+02,1.936171093e+01,1.275291548e+02,5.156703823e-01
3240,8.100000000e-02,1.239739620e-01,1.474184993e+02,1.935438229e+01,1.275484284e+02,5.156886008e-01
3241,8.102500000e-02,1.240168451e-01,1.474304542e+02,1.934706286e+01,1.275676846e+02,5.157067883e-01
3242,8.105000000e-02,1.240597246e-01,1.474424009e+02,1.933975300e+01,1.275869230e+02,5.157249436e-01
3243,8.107500000e-02,1.241026004e-01,1.474543395e+02,1.933245298e+01,1.276061434e+02,5.157430656e-01
3244,8.110000000e-02,1.241454725e-01,1.474662698e+02,1.932516302e+01,1.276253456e+02,5.157611535e-01
3245,8.112500000e-02,1.241883407e-01,1.474781920e+02,1.931788327e+01,1.276445295e+02,5.157792068e-01
3246,8.115000000e-02,1.242312051e-01,1.474901059e+02,1.931061377e+01,1.276636949e+02,5.157972248e-01
3247,8.117500000e-02,1.242740656e-01,1.475020118e+02,1.930335459e+01,1.276828420e+02,5.158152074e-01
3248,8.120000000e-02,1.243169223e-01,1.475139095e+02,1.929610581e+01,1.277019705e+02,5.158331539e-01
3249,8.122500000e-02,1.243597751e-01,1.475257990e+02,1.928886751e+01,1.277210804e+02,5.158510643e-01
3250,8.125000000e-02,1.244026240e-01,1.475376804e+02,1.928163978e+01,1.277401717e+02,5.158689381e-01
3251,8.127500000e-02,1.244454690e-01,1.475495538e+02,1.927442265e+01,1.277592443e+02,5.158867753e-01
3252,8.130000000e-02,1.244883101e-01,1.475614190e+02,1.926721619e+01,1.277782982e+02,5.159045757e-01
3253,8.132500000e-02,1.245311473e-01,1.475732761e+02,1.926002042e+01,1.277973334e+02,5.159223392e-01
3254,8.135000000e-02,1.245739805e-01,1.475851252e+02,1.925283538e+01,1.278163497e+02,5.159400658e-01
3255,8.137500000e-02,1.246168098e-01,1.475969662e+02,1.924566109e+01,1.278353473e+02,5.159577554e-01
3256,8.140000000e-02,1.246596351e-01,1.476087991e+02,1.923849757e+01,1.278543261e+02,5.159754080e-01
3257,8.142500000e-02,1.247024564e-01,1.476206240e+02,1.923134482e+01,1.278732862e+02,5.159930236e-01
3258,8.145000000e-02,1.247452739e-01,1.476324409e+02,1.922420286e+01,1.278922274e+02,5.160106023e-01
3259,8.147500000e-02,1.247880873e-01,1.476442497e+02,1.921707170e+01,1.279111499e+02,5.160281442e-01
3260,8.150000000e-02,1.248308969e-01,1.476560506e+02,1.920995131e+01,1.279300536e+02,5.160456492e-01
3261,8.152500000e-02,1.248737024e-01,1.476678434e+02,1.920284171e+01,1.279489386e+02,5.160631175e-01
3262,8.155000000e-02,1.249165041e-01,1.476796283e+02,1.919574217e+01,1.279678056e+02,5.160805491e-01
3263,8.157500000e-02,1.249593032e-01,1.476914052e+02,1.918865017e+01,1.279866571e+02,5.160979460e-01
3264,8.160000000e-02,1.250021031e-01,1.477031741e+02,1.918156121e+01,1.280054976e+02,5.161153150e-01
3265,8.162500000e-02,1.250449072e-01,1.477149351e+02,1.917447127e+01,1.280243311e+02,5.161326695e-01
3266,8.165000000e-02,1.250877158e-01,1.477266881e+02,1.916737661e+01,1.280431615e+02,5.161500143e-01
3267,8.167500000e-02,1.251305321e-01,1.477384332e+02,1.916027133e+01,1.280619945e+02,5.161673674e-01
3268,8.170000000e-02,1.251733563e-01,1.477501703e+02,1.915315338e+01,1.280808322e+02,5.161847477e-01
3269,8.172500000e-02,1.252161862e-01,1.477618995e+02,1.914602524e+01,1.280996721e+02,5.162021521e-01
3270,8.175000000e-02,1.252590196e-01,1.477736208e+02,1.913888749e+01,1.281185137e+02,5.162195707e-01
3271,8.177500000e-02,1.253018588e-01,1.477853341e+02,1.913173847e+01,1.281373586e+02,5.162370082e-01
3272,8.180000000e-02,1.253447044e-01,1.477970394e+02,1.912457882e+01,1.281562061e+02,5.162544689e-01
3273,8.182500000e-02,1.253875545e-01,1.478087368e+02,1.911741168e+01,1.281750531e+02,5.162719458e-01
3274,8.185000000e-02,1.254304072e-01,1.478204262e+02,1.911024080e+01,1.281938960e+02,5.162894289e-01
3275,8.187500000e-02,1.254732607e-01,1.478321077e+02,1.910306958e+01,1.282127312e+02,5.163069089e-01
3276,8.190000000e-02,1.255161136e-01,1.478437812e+02,1.909590075e+01,1.282315561e+02,5.163243780e-01
3277,8.192500000e-02,1.255589651e-01,1.478554468e+02,1.908873643e+01,1.282503685e+02,5.163418300e-01
3278,8.195000000e-02,1.256018144e-01,1.478671044e+02,1.908157822e+01,1.282691669e+02,5.163592604e-01
3279,8.197500000e-02,1.256446611e-01,1.478787541e+02,1.907442734e+01,1.282879501e+02,5.163766655e-01
3280,8.200000000e-02,1.256875047e-01,1.478903959e+02,1.906728469e+01,1.283067172e+02,5.163940426e-01
3281,8.202500000e-02,1.257303451e-01,1.479020298e+02,1.906015093e+01,1.283254675e+02,5.164113896e-01
3282,8.205000000e-02,1.257731820e-01,1.479136558e+02,1.905302617e+01,1.283442009e+02,5.164287051e-01
3283,8.207500000e-02,1.258160159e-01,1.479252739e+02,1.904590952e+01,1.283629184e+02,5.164459883e-01
3284,8.210000000e-02,1.258588481e-01,1.479368841e+02,1.903880080e+01,1.283816201e+02,5.164632400e-01
3285,8.212500000e-02,1.259016783e-01,1.479484865e+02,1.903170051e+01,1.284003055e+02,5.164804597e-01
3286,8.215000000e-02,1.259445060e-01,1.479600809e+02,1.902460922e+01,1.284189741e+02,5.164976466e-01
3287,8.217500000e-02,1.259873307e-01,1.479716676e+02,1.901752742e+01,1.284376253e+02,5.165147998e-01
3288,8.220000000e-02,1.260301522e-01,1.479832464e+02,1.901045552e+01,1.284562589e+02,5.165319186e-01
3289,8.222500000e-02,1.260729703e-01,1.479948173e+02,1.900339382e+01,1.284748745e+02,5.165490026e-01
3290,8.225000000e-02,1.261157847e-01,1.480063805e+02,1.899634253e+01,1.284934719e+02,5.165660514e-01
3291,8.227500000e-02,1.261585955e-01,1.480179358e+02,1.898930181e+01,1.285120509e+02,5.165830646e-01
3292,8.230000000e-02,1.262014024e-01,1.480294833e+02,1.898227179e+01,1.285306115e+02,5.166000423e-01
3293,8.232500000e-02,1.262442054e-01,1.480410231e+02,1.897525253e+01,1.285491536e+02,5.166169842e-01
3294,8.235000000e-02,1.262870046e-01,1.480525550e+02,1.896824189e+01,1.285676793e+02,5.166338904e-01
3295,8.237500000e-02,1.263298036e-01,1.480640793e+02,1.896123380e+01,1.285861947e+02,5.166507738e-01
3296,8.240000000e-02,1.263726055e-01,1.480755957e+02,1.895422452e+01,1.286047035e+02,5.166676521e-01
3297,8.242500000e-02,1.264154091e-01,1.480871044e+02,1.894721504e+01,1.286232049e+02,5.166845259e-01
3298,8.245000000e-02,1.264582131e-01,1.480986054e+02,1.894020714e+01,1.286416969e+02,5.167013911e-01
3299,8.247500000e-02,1.265010166e-01,1.481100986e+02,1.893320256e+01,1.286601778e+02,5.167182428e-01
3300,8.250000000e-02,1.265438188e-01,1.481215841e+02,1.892620284e+01,1.286786462e+02,5.167350767e-01
3301,8.252500000e-02,1.265866192e-01,1.481330618e+02,1.891920924e+01,1.286971007e+02,5.167518893e-01
3302,8.255000000e-02,1.266294171e-01,1.481445319e+02,1.891222275e+01,1.287155405e+02,5.167686775e-01
3303,8.257500000e-02,1.266722123e-01,1.481559942e+02,1.890524162e+01,1.287339671e+02,5.167854392e-01
3304,8.260000000e-02,1.267150090e-01,1.481674488e+02,1.889825934e+01,1.287523873e+02,5.168021881e-01
3305,8.262500000e-02,1.267578096e-01,1.481788958e+02,1.889127264e+01,1.287708042e+02,5.168189407e-01
3306,8.265000000e-02,1.268006123e-01,1.481903350e+02,1.888428341e+01,1.287892159e+02,5.168356957e-01
3307,8.267500000e-02,1.268434154e-01,1.482017665e+02,1.887729422e+01,1.288076199e+02,5.168524473e-01
3308,8.270000000e-02,1.268862179e-01,1.482131904e+02,1.887030639e+01,1.288260148e+02,5.168691894e-01
3309,8.272500000e-02,1.269290200e-01,1.482246066e+02,1.886331614e+01,1.288444045e+02,5.168859216e-01
3310,8.275000000e-02,1.269718261e-01,1.482360151e+02,1.885631734e+01,1.288627951e+02,5.169026661e-01
3311,8.277500000e-02,1.270146384e-01,1.482474159e+02,1.884930946e+01,1.288811870e+02,5.169194297e-01
3312,8.280000000e-02,1.270574547e-01,1.482588090e+02,1.884229533e+01,1.288995775e+02,5.169362080e-01
3313,8.282500000e-02,1.271002730e-01,1.482701945e+02,1.883527826e+01,1.289179632e+02,5.169529924e-01
3314,8.285000000e-02,1.271430918e-01,1.482815723e+02,1.882826118e+01,1.289363413e+02,5.169697749e-01
3315,8.287500000e-02,1.271859101e-01,1.482929424e+02,1.882124652e+01,1.289547093e+02,5.169865485e-01
3316,8.290000000e-02,1.272287268e-01,1.483043048e+02,1.881423615e+01,1.289730654e+02,5.170033077e-01
3317,8.292500000e-02,1.272715415e-01,1.483156596e+02,1.880723154e+01,1.289914080e+02,5.170200480e-01
3318,8.295000000e-02,1.273143537e-01,1.483270068e+02,1.880023382e+01,1.290097362e+02,5.170367661e-01
3319,8.297500000e-02,1.273571631e-01,1.483383463e+02,1.879324381e+01,1.290280490e+02,5.170534594e-01
3320,8.300000000e-02,1.273999694e-01,1.483496781e+02,1.878626217e+01,1.290463458e+02,5.170701260e-01
3321,8.302500000e-02,1.274427724e-01,1.483610024e+02,1.877928938e+01,1.290646262e+02,5.170867643e-01
3322,8.305000000e-02,1.274855720e-01,1.483723190e+02,1.877232579e+01,1.290828898e+02,5.171033733e-01
3323,8.307500000e-02,1.275283681e-01,1.483836280e+02,1.876537168e+01,1.291011364e+02,5.171199520e-01
3324,8.310000000e-02,1.275711606e-01,1.483949294e+02,1.875842726e+01,1.291193657e+02,5.171364998e-01
3325,8.312500000e-02,1.276139495e-01,1.484062233e+02,1.875149268e+01,1.291375776e+02,5.171530162e-01
3326,8.315000000e-02,1.276567347e-01,1.484175095e+02,1.874456805e+01,1.291557720e+02,5.171695009e-01
3327,8.317500000e-02,1.276995163e-01,1.484287882e+02,1.873765345e+01,1.291739488e+02,5.171859537e-01
3328,8.320000000e-02,1.277422941e-01,1.484400594e+02,1.873074894e+01,1.291921081e+02,5.172023742e-01
3329,8.322500000e-02,1.277850683e-01,1.484513230e+02,1.872385459e+01,1.292102496e+02,5.172187625e-01
3330,8.325000000e-02,1.278278386e-01,1.484625791e+02,1.871697041e+01,1.292283735e+02,5.172351185e-01
3331,8.327500000e-02,1.278706053e-01,1.484738276e+02,1.871009644e+01,1.292464797e+02,5.172514420e-01
3332,8.330000000e-02,1.279133682e-01,1.484850687e+02,1.870323270e+01,1.292645682e+02,5.172677331e-01
3333,8.332500000e-02,1.279561274e-01,1.484963022e+02,1.869637918e+01,1.292826390e+02,5.172839919e-01
3334,8.335000000e-02,1.279988828e-01,1.485075282e+02,1.868953590e+01,1.293006921e+02,5.173002183e-01
3335,8.337500000e-02,1.280416345e-01,1.485187468e+02,1.868270286e+01,1.293187275e+02,5.173164124e-01
3336,8.340000000e-02,1.280843824e-01,1.485299579e+02,1.867587998e+01,1.293367454e+02,5.173325743e-01
3337,8.342500000e-02,1.281271267e-01,1.485411616e+02,1.866906722e+01,1.293547456e+02,5.173487040e-01
3338,8.345000000e-02,1.281698672e-01,1.485523578e+02,1.866226455e+01,1.293727284e+02,5.173648016e-01
3339,8.347500000e-02,1.282126041e-01,1.485635465e+02,1.865547198e+01,1.293906937e+02,5.173808670e-01
3340,8.350000000e-02,1.282553372e-01,1.485747279e+02,1.864868951e+01,1.294086415e+02,5.173969004e-01
3341,8.352500000e-02,1.282980667e-01,1.485859018e+02,1.864191714e+01,1.294265717e+02,5.174129018e-01
3342,8.355000000e-02,1.283407925e-01,1.485970683e+02,1.863515487e+01,1.294444846e+02,5.174288712e-01
3343,8.357500000e-02,1.283835146e-01,1.486082274e+02,1.862840270e+01,1.294623799e+02,5.174448087e-01
3344,8.360000000e-02,1.284262331e-01,1.486193792e+02,1.862166062e+01,1.294802578e+02,5.174607143e-01
3345,8.362500000e-02,1.284689479e-01,1.486305235e+02,1.861492863e+01,1.294981183e+02,5.174765882e-01
3346,8.365000000e-02,1.285116590e-01,1.486416605e+02,1.860820672e+01,1.295159614e+02,5.174924304e-01
3347,8.367500000e-02,1.285543664e-01,1.486527902e+02,1.860149489e+01,1.295337871e+02,5.175082410e-01
3348,8.370000000e-02,1.285970702e-01,1.486639125e+02,1.859479312e+01,1.295515954e+02,5.175240201e-01
3349,8.372500000e-02,1.286397703e-01,1.486750275e+02,1.858809851e+01,1.295693892e+02,5.175397678e-01
3350,8.375000000e-02,1.286824719e-01,1.486861351e+02,1.858140677e+01,1.295871729e+02,5.175554961e-01
3351,8.377500000e-02,1.287251760e-01,1.486972355e+02,1.857471634e+01,1.296049479e+02,5.175712152e-01
3352,8.380000000e-02,1.287678814e-01,1.487083285e+02,1.856802792e+01,1.296227136e+02,5.175869249e-01
3353,8.382500000e-02,1.288105868e-01,1.487194142e+02,1.856134290e+01,1.296404687e+02,5.176026220e-01
3354,8.385000000e-02,1.288532913e-01,1.487304926e+02,1.855466269e+01,1.296582116e+02,5.176183029e-01
3355,8.387500000e-02,1.288959940e-01,1.487415638e+02,1.854798848e+01,1.296759413e+02,5.176339644e-01
3356,8.390000000e-02,1.289386946e-01,1.487526276e+02,1.854132123e+01,1.296936568e+02,5.176496041e-01
3357,8.392500000e-02,1.289813926e-01,1.487636842e+02,1.853466167e+01,1.297113573e+02,5.176652199e-01
3358,8.395000000e-02,1.290240876e-01,1.487747335e+02,1.852801037e+01,1.297290423e+02,5.176808104e-01
3359,8.397500000e-02,1.290667797e-01,1.487857756e+02,1.852136774e+01,1.297467115e+02,5.176963745e-01
3360,8.400000000e-02,1.291094684e-01,1.487968104e+02,1.851473409e+01,1.297643644e+02,5.177119113e-01
3361,8.402500000e-02,1.291521539e-01,1.488078379e+02,1.850810964e+01,1.297820009e+02,5.177274202e-01
3362,8.405000000e-02,1.291948360e-01,1.488188583e+02,1.850149378e+01,1.297996216e+02,5.177429009e-01
3363,8.407500000e-02,1.292375163e-01,1.488298714e+02,1.849488170e+01,1.298172313e+02,5.177583572e-01
3364,8.410000000e-02,1.292802022e-01,1.488408773e+02,1.848826680e+01,1.298348367e+02,5.177738125e-01
3365,8.412500000e-02,1.293228907e-01,1.488518760e+02,1.848165010e+01,1.298524366e+02,5.177892697e-01
3366,8.415000000e-02,1.293655801e-01,1.488628675e+02,1.847503373e+01,1.298700290e+02,5.178047243e-01
3367,8.417500000e-02,1.294082693e-01,1.488738518e+02,1.846841966e+01,1.298876120e+02,5.178201708e-01
3368,8.420000000e-02,1.294509573e-01,1.488848289e+02,1.846180952e+01,1.299051838e+02,5.178356045e-01
3369,8.422500000e-02,1.294936436e-01,1.488957988e+02,1.845520459e+01,1.299227432e+02,5.178510218e-01
3370,8.425000000e-02,1.295363277e-01,1.489067615e+02,1.844860583e+01,1.299402893e+02,5.178664195e-01
3371,8.427500000e-02,1.295790094e-01,1.489177171e+02,1.844201399e+01,1.299578213e+02,5.178817955e-01
3372,8.430000000e-02,1.296216883e-01,1.489286655e+02,1.843542960e+01,1.299753387e+02,5.178971480e-01
3373,8.432500000e-02,1.296643644e-01,1.489396067e+02,1.842885309e+01,1.299928411e+02,5.179124756e-01
3374,8.435000000e-02,1.297070375e-01,1.489505408e+02,1.842228479e+01,1.300103282e+02,5.179277773e-01
3375,8.437500000e-02,1.297497076e-01,1.489614677e+02,1.841572496e+01,1.300277997e+02,5.179430523e-01
3376,8.440000000e-02,1.297923745e-01,1.489723875e+02,1.840917377e+01,1.300452555e+02,5.179583000e-01
3377,8.442500000e-02,1.298350382e-01,1.489833002e+02,1.840263139e+01,1.300626953e+02,5.179735199e-01
3378,8.445000000e-02,1.298776986e-01,1.489942058e+02,1.839609793e+01,1.300801192e+02,5.179887116e-01
3379,8.447500000e-02,1.299203558e-01,1.490051043e+02,1.838957348e+01,1.300975269e+02,5.180038749e-01
3380,8.450000000e-02,1.299630097e-01,1.490159957e+02,1.838305810e+01,1.301149186e+02,5.180190097e-01
3381,8.452500000e-02,1.300056604e-01,1.490268800e+02,1.837655184e+01,1.301322940e+02,5.180341157e-01
3382,8.455000000e-02,1.300483076e-01,1.490377572e+02,1.837005474e+01,1.301496533e+02,5.180491929e-01
3383,8.457500000e-02,1.300909516e-01,1.490486274e+02,1.836356683e+01,1.301669963e+02,5.180642412e-01
3384,8.460000000e-02,1.301335922e-01,1.490594905e+02,1.835708812e+01,1.301843231e+02,5.180792607e-01
3385,8.462500000e-02,1.301762295e-01,1.490703465e+02,1.835061864e+01,1.302016337e+02,5.180942512e-01
3386,8.465000000e-02,1.302188635e-01,1.490811956e+02,1.834415838e+01,1.302189280e+02,5.181092128e-01
3387,8.467500000e-02,1.302614941e-01,1.490920376e+02,1.833770358e+01,1.302362098e+02,5.181241456e-01
3388,8.470000000e-02,1.303041270e-01,1.491028726e+02,1.833124672e+01,1.302534868e+02,5.181390729e-01
3389,8.472500000e-02,1.303467617e-01,1.491137005e+02,1.832478752e+01,1.302707590e+02,5.181540032e-01
3390,8.475000000e-02,1.303893969e-01,1.491245215e+02,1.831832606e+01,1.302880265e+02,5.181689337e-01
3391,8.477500000e-02,1.304320345e-01,1.491353354e+02,1.831186297e+01,1.303052886e+02,5.181838619e-01
3392,8.480000000e-02,1.304746730e-01,1.491461424e+02,1.830540045e+01,1.303225432e+02,5.181987836e-01
3393,8.482500000e-02,1.305173113e-01,1.491569424e+02,1.829894050e+01,1.303397882e+02,5.182136944e-01
3394,8.485000000e-02,1.305599486e-01,1.491677353e+02,1.829248033e+01,1.303570264e+02,5.182285901e-01
3395,8.487500000e-02,1.306025911e-01,1.491785213e+02,1.828601292e+01,1.303742649e+02,5.182434943e-01
3396,8.490000000e-02,1.306452368e-01,1.491893003e+02,1.827954001e+01,1.303915018e+02,5.182584106e-01
3397,8.492500000e-02,1.306878840e-01,1.492000723e+02,1.827306363e+01,1.304087353e+02,5.182733338e-01
3398,8.495000000e-02,1.307305326e-01,1.492108373e+02,1.826658405e+01,1.304259650e+02,5.182882596e-01
3399,8.497500000e-02,1.307731834e-01,1.492215953e+02,1.826010208e+01,1.304431900e+02,5.183031865e-01
3400,8.500000000e-02,1.308158351e-01,1.492323463e+02,1.825362008e+01,1.304604081e+02,5.183181100e-01
3401,8.502500000e-02,1.308584866e-01,1.492430904e+02,1.824714006e+01,1.304776173e+02,5.183330253e-01
3402,8.505000000e-02,1.309011371e-01,1.492538275e+02,1.824066362e+01,1.304948159e+02,5.183479281e-01
3403,8.507500000e-02,1.309437861e-01,1.492645576e+02,1.823419198e+01,1.305120028e+02,5.183628152e-01
3404,8.510000000e-02,1.309864330e-01,1.492752808e+02,1.822772445e+01,1.305291786e+02,5.183776839e-01
3405,8.512500000e-02,1.310290795e-01,1.492859970e+02,1.822125566e+01,1.305463488e+02,5.183925405e-01
3406,8.515000000e-02,1.310717295e-01,1.492967062e+02,1.821478016e+01,1.305635187e+02,5.184074098e-01
3407,8.517500000e-02,1.311143827e-01,1.493074085e+02,1.820829797e+01,1.305806883e+02,5.184222966e-01
3408,8.520000000e-02,1.311570382e-01,1.493181039e+02,1.820181118e+01,1.305978555e+02,5.184371965e-01
3409,8.522500000e-02,1.311996947e-01,1.493287923e+02,1.819532225e+01,1.306150180e+02,5.184521027e-01
3410,8.525000000e-02,1.312423512e-01,1.493394738e+02,1.818883345e+01,1.306321733e+02,5.184670086e-01
3411,8.527500000e-02,1.312850069e-01,1.493501483e+02,1.818234670e+01,1.306493197e+02,5.184819086e-01
3412,8.530000000e-02,1.313276611e-01,1.493608159e+02,1.817586356e+01,1.306664556e+02,5.184967978e-01
3413,8.532500000e-02,1.313703135e-01,1.493714766e+02,1.816938519e+01,1.306835797e+02,5.185116726e-01
3414,8.535000000e-02,1.314129637e-01,1.493821303e+02,1.816291252e+01,1.307006913e+02,5.185265300e-01
3415,8.537500000e-02,1.314556114e-01,1.493927771e+02,1.815644628e+01,1.307177895e+02,5.185413676e-01
3416,8.540000000e-02,1.314982564e-01,1.494034170e+02,1.814998703e+01,1.307348738e+02,5.185561837e-01
3417,8.542500000e-02,1.315408986e-01,1.494140501e+02,1.814353523e+01,1.307519439e+02,5.185709768e-01
3418,8.545000000e-02,1.315835378e-01,1.494246762e+02,1.813709119e+01,1.307689992e+02,5.185857458e-01
3419,8.547500000e-02,1.316261740e-01,1.494352954e+02,1.813065519e+01,1.307860397e+02,5.186004898e-01
3420,8.550000000e-02,1.316688071e-01,1.494459078e+02,1.812422743e+01,1.308030651e+02,5.186152083e-01
3421,8.552500000e-02,1.317114370e-01,1.494565133e+02,1.811780806e+01,1.308200753e+02,5.186299006e-01
3422,8.555000000e-02,1.317540637e-01,1.494671119e+02,1.811139721e+01,1.308370701e+02,5.186445665e-01
3423,8.557500000e-02,1.317966872e-01,1.494777037e+02,1.810499495e+01,1.308540495e+02,5.186592056e-01
3424,8.560000000e-02,1.318393075e-01,1.494882886e+02,1.809860137e+01,1.308710134e+02,5.186738177e-01
3425,8.562500000e-02,1.318819245e-01,1.494988667e+02,1.809221651e+01,1.308879618e+02,5.186884027e-01
3426,8.565000000e-02,1.319245382e-01,1.495094380e+02,1.808584042e+01,1.309048946e+02,5.187029604e-01
3427,8.567500000e-02,1.319671486e-01,1.495200025e+02,1.807947313e+01,1.309218119e+02,5.187174908e-01
3428,8.570000000e-02,1.320097557e-01,1.495305601e+02,1.807311465e+01,1.309387135e+02,5.187319938e-01
3429,8.572500000e-02,1.320523596e-01,1.495411110e+02,1.806676502e+01,1.309555995e+02,5.187464694e-01
3430,8.575000000e-02,1.320949601e-01,1.495516551e+02,1.806042237e+01,1.309724718e+02,5.187609177e-01
3431,8.577500000e-02,1.321375613e-01,1.495621924e+02,1.805408114e+01,1.309893359e+02,5.187753484e-01
3432,8.580000000e-02,1.321801656e-01,1.495727229e+02,1.804773819e+01,1.310061950e+02,5.187897761e-01
3433,8.582500000e-02,1.322227708e-01,1.495832467e+02,1.804139514e+01,1.310230474e+02,5.188042009e-01
3434,8.585000000e-02,1.322653756e-01,1.495937637e+02,1.803505398e+01,1.310398911e+02,5.188186187e-01
3435,8.587500000e-02,1.323079791e-01,1.496042740e+02,1.802871611e+01,1.310567248e+02,5.188330254e-01
3436,8.590000000e-02,1.323505813e-01,1.496147775e+02,1.802238247e+01,1.310735476e+02,5.188474177e-01
3437,8.592500000e-02,1.323931820e-01,1.496252742e+02,1.801605399e+01,1.310903584e+02,5.188617930e-01
3438,8.595000000e-02,1.324357807e-01,1.496357642e+02,1.800973151e+01,1.311071566e+02,5.188761491e-01
3439,8.597500000e-02,1.324783770e-01,1.496462475e+02,1.800341568e+01,1.311239413e+02,5.188904844e-01
3440,8.600000000e-02,1.325209706e-01,1.496567240e+02,1.799710701e+01,1.311407122e+02,5.189047972e-01
3441,8.602500000e-02,1.325635613e-01,1.496671939e+02,1.799080586e+01,1.311574689e+02,5.189190866e-01
3442,8.605000000e-02,1.326061492e-01,1.496776570e+02,1.798451251e+01,1.311742111e+02,5.189333517e-01
3443,8.607500000e-02,1.326487340e-01,1.496881134e+02,1.797822717e+01,1.311909386e+02,5.189475919e-01
3444,8.610000000e-02,1.326913157e-01,1.496985631e+02,1.797194990e+01,1.312076514e+02,5.189618068e-01
3445,8.612500000e-02,1.327338943e-01,1.497090062e+02,1.796568080e+01,1.312243494e+02,5.189759959e-01
3446,8.615000000e-02,1.327764699e-01,1.497194425e+02,1.795941994e+01,1.312410324e+02,5.189901589e-01
3447,8.617500000e-02,1.328190423e-01,1.497298722e+02,1.795316741e+01,1.312577005e+02,5.190042955e-01
3448,8.620000000e-02,1.328616115e-01,1.497402953e+02,1.794692327e+01,1.312743536e+02,5.190184056e-01
3449,8.622500000e-02,1.329041776e-01,1.497507116e+02,1.794068758e+01,1.312909916e+02,5.190324890e-01
3450,8.625000000e-02,1.329467405e-01,1.497611214e+02,1.793446037e+01,1.313076145e+02,5.190465455e-01
3451,8.627500000e-02,1.329893003e-01,1.497715245e+02,1.792824168e+01,1.313242222e+02,5.190605751e-01
3452,8.630000000e-02,1.330318568e-01,1.497819210e+02,1.792203154e+01,1.313408149e+02,5.190745778e-01
3453,8.632500000e-02,1.330744101e-01,1.497923109e+02,1.791582996e+01,1.313573923e+02,5.190885534e-01
3454,8.635000000e-02,1.331169603e-01,1.498026941e+02,1.790963697e+01,1.313739546e+02,5.191025021e-01
3455,8.637500000e-02,1.331595072e-01,1.498130708e+02,1.790345257e+01,1.313905018e+02,5.191164237e-01
3456,8.640000000e-02,1.332020509e-01,1.498234409e+02,1.789727676e+01,1.314070338e+02,5.191303184e-01
3457,8.642500000e-02,1.332445914e-01,1.498338044e+02,1.789110956e+01,1.314235506e+02,5.191441861e-01
3458,8.645000000e-02,1.332871287e-01,1.498441613e+02,1.788495097e+01,1.314400523e+02,5.191580269e-01
3459,8.647500000e-02,1.333296628e-01,1.498545117e+02,1.787880098e+01,1.314565388e+02,5.191718408e-01
3460,8.650000000e-02,1.333721937e-01,1.498648555e+02,1.787265960e+01,1.314730102e+02,5.191856279e-01
3461,8.652500000e-02,1.334147215e-01,1.498751927e+02,1.786652682e+01,1.314894665e+02,5.191993882e-01
3462,8.655000000e-02,1.334572460e-01,1.498855235e+02,1.786040263e+01,1.315059077e+02,5.192131218e-01
3463,8.657500000e-02,1.334997673e-01,1.498958477e+02,1.785428704e+01,1.315223338e+02,5.192268287e-01
3464,8.660000000e-02,1.335422854e-01,1.499061654e+02,1.784818004e+01,1.315387448e+02,5.192405091e-01
3465,8.662500000e-02,1.335848003e-01,1.499164765e+02,1.784208163e+01,1.315551407e+02,5.192541630e-01
3466,8.665000000e-02,1.336273120e-01,1.499267812e+02,1.783599179e+01,1.315715216e+02,5.192677903e-01
3467,8.667500000e-02,1.336698206e-01,1.499370794e+02,1.782991052e+01,1.315878875e+02,5.192813914e-01
3468,8.670000000e-02,1.337123259e-01,1.499473711e+02,1.782383781e+01,1.316042383e+02,5.192949660e-01
3469,8.672500000e-02,1.337548281e-01,1.499576563e+02,1.781777366e+01,1.316205741e+02,5.193085145e-01
3470,8.675000000e-02,1.337973271e-01,1.499679351e+02,1.781171805e+01,1.316368950e+02,5.193220367e-01
3471,8.677500000e-02,1.338398229e-01,1.499782074e+02,1.780567099e+01,1.316532009e+02,5.193355329e-01
3472,8.680000000e-02,1.338823156e-01,1.499884732e+02,1.779963244e+01,1.316694918e+02,5.193490030e-01
3473,8.682500000e-02,1.339248051e-01,1.499987326e+02,1.779360242e+01,1.316857678e+02,5.193624472e-01
3474,8.685000000e-02,1.339672914e-01,1.500089856e+02,1.778758091e+01,1.317020288e+02,5.193758654e-01
3475,8.687500000e-02,1.340097746e-01,1.500192322e+02,1.778156791e+01,1.317182750e+02,5.193892579e-01
3476,8.690000000e-02,1.340522547e-01,1.500294723e+02,1.777556340e+01,1.317345063e+02,5.194026245e-01
3477,8.692500000e-02,1.340947316e-01,1.500397060e+02,1.776956739e+01,1.317507227e+02,5.194159655e-01
3478,8.695000000e-02,1.341372053e-01,1.500499334e+02,1.776357986e+01,1.317669243e+02,5.194292809e-01
3479,8.697500000e-02,1.341796759e-01,1.500601543e+02,1.775760080e+01,1.317831110e+02,5.194425707e-01
3480,8.700000000e-02,1.342221433e-01,1.500703689e+02,1.775163021e+01,1.317992829e+02,5.194558350e-01
3481,8.702500000e-02,1.342646077e-01,1.500805771e+02,1.774566807e+01,1.318154400e+02,5.194690740e-01
3482,8.705000000e-02,1.343070688e-01,1.500907789e+02,1.773971306e+01,1.318315836e+02,5.194822876e-01
3483,8.707500000e-02,1.343495292e-01,1.501009744e+02,1.773376342e+01,1.318477155e+02,5.194954786e-01
3484,8.710000000e-02,1.343919892e-01,1.501111635e+02,1.772781898e+01,1.318638359e+02,5.195086490e-01
3485,8.712500000e-02,1.344344483e-01,1.501213463e+02,1.772188030e+01,1.318799442e+02,5.195217988e-01
3486,8.715000000e-02,1.344769059e-01,1.501315228e+02,1.771594797e+01,1.318960399e+02,5.195349272e-01
3487,8.717500000e-02,1.345193616e-01,1.501416929e+02,1.771002245e+01,1.319121224e+02,5.195480335e-01
3488,8.720000000e-02,1.345618151e-01,1.501518567e+02,1.770410412e+01,1.319281915e+02,5.195611171e-01
3489,8.722500000e-02,1.346042661e-01,1.501620142e+02,1.769819329e+01,1.319442468e+02,5.195741774e-01
3490,8.725000000e-02,1.346467145e-01,1.501721654e+02,1.769228992e+01,1.319602883e+02,5.195872142e-01
3491,8.727500000e-02,1.346891607e-01,1.501823103e+02,1.768639124e+01,1.319763188e+02,5.196002278e-01
3492,8.730000000e-02,1.347316094e-01,1.501924489e+02,1.768049376e+01,1.319923419e+02,5.196132276e-01
3493,8.732500000e-02,1.347740596e-01,1.502025812e+02,1.767459824e+01,1.320083568e+02,5.196262157e-01
3494,8.735000000e-02,1.348165101e-01,1.502127073e+02,1.766870585e+01,1.320243622e+02,5.196391904e-01
3495,8.737500000e-02,1.348589601e-01,1.502228270e+02,1.766281771e+01,1.320403572e+02,5.196521499e-01
3496,8.740000000e-02,1.349014090e-01,1.502329405e+02,1.765693280e+01,1.320563426e+02,5.196650922e-01
3497,8.742500000e-02,1.349438598e-01,1.502430478e+02,1.765104732e+01,1.320723224e+02,5.196780247e-01
3498,8.745000000e-02,1.349863147e-01,1.502531487e+02,1.764515899e+01,1.320882988e+02,5.196909577e-01
3499,8.747500000e-02,1.350287726e-01,1.502632435e+02,1.763926854e+01,1.321042710e+02,5.197038912e-01
3500,8.750000000e-02,1.350712320e-01,1.502733319e+02,1.763337789e+01,1.321202372e+02,5.197168208e-01
3501,8.752500000e-02,1.351136917e-01,1.502834141e+02,1.762748899e+01,1.321361954e+02,5.197297421e-01
3502,8.755000000e-02,1.351561506e-01,1.502934901e+02,1.762160349e+01,1.321521440e+02,5.197426512e-01
3503,8.757500000e-02,1.351986081e-01,1.503035598e+02,1.761572264e+01,1.321680817e+02,5.197555451e-01
3504,8.760000000e-02,1.352410638e-01,1.503136233e+02,1.760984739e+01,1.321840075e+02,5.197684215e-01
3505,8.762500000e-02,1.352835174e-01,1.503236806e+02,1.760397845e+01,1.321999209e+02,5.197812788e-01
3506,8.765000000e-02,1.353259685e-01,1.503337316e+02,1.759811632e+01,1.322158212e+02,5.197941156e-01
3507,8.767500000e-02,1.353684170e-01,1.503437765e+02,1.759226137e+01,1.322317082e+02,5.198069311e-01
3508,8.770000000e-02,1.354108629e-01,1.503538151e+02,1.758641385e+01,1.322475815e+02,5.198197248e-01
3509,8.772500000e-02,1.354533061e-01,1.503638475e+02,1.758057395e+01,1.322634410e+02,5.198324960e-01
3510,8.775000000e-02,1.354957464e-01,1.503738737e+02,1.757474182e+01,1.322792866e+02,5.198452445e-01
3511,8.777500000e-02,1.355381839e-01,1.503838937e+02,1.756891753e+01,1.322951182e+02,5.198579702e-01
3512,8.780000000e-02,1.355806185e-01,1.503939076e+02,1.756309968e+01,1.323109372e+02,5.198706727e-01
3513,8.782500000e-02,1.356230528e-01,1.504039153e+02,1.755728337e+01,1.323267486e+02,5.198833597e-01
3514,8.785000000e-02,1.356654906e-01,1.504139168e+02,1.755146398e+01,1.323425568e+02,5.198960494e-01
3515,8.787500000e-02,1.357079315e-01,1.504239122e+02,1.754564114e+01,1.323583623e+02,5.199087456e-01
3516,8.790000000e-02,1.357503742e-01,1.504339014e+02,1.753981641e+01,1.323741635e+02,5.199214447e-01
3517,8.792500000e-02,1.357928175e-01,1.504438844e+02,1.753399181e+01,1.323899585e+02,5.199341416e-01
3518,8.795000000e-02,1.358352606e-01,1.504538613e+02,1.752816917e+01,1.324057453e+02,5.199468314e-01
3519,8.797500000e-02,1.358777026e-01,1.504638321e+02,1.752235001e+01,1.324215226e+02,5.199595103e-01
3520,8.800000000e-02,1.359201429e-01,1.504737967e+02,1.751653553e+01,1.324372890e+02,5.199721752e-01
3521,8.802500000e-02,1.359625814e-01,1.504837552e+02,1.751072660e+01,1.324530437e+02,5.199848237e-01
3522,8.805000000e-02,1.360050175e-01,1.504937075e+02,1.750492390e+01,1.324687862e+02,5.199974541e-01
3523,8.807500000e-02,1.360474513e-01,1.505036537e+02,1.749912790e+01,1.324845157e+02,5.200100651e-01
3524,8.810000000e-02,1.360898825e-01,1.505135938e+02,1.749333894e+01,1.325002322e+02,5.200226557e-01
3525,8.812500000e-02,1.361323110e-01,1.505235278e+02,1.748755727e+01,1.325159353e+02,5.200352252e-01
3526,8.815000000e-02,1.361747367e-01,1.505334557e+02,1.748178309e+01,1.325316248e+02,5.200477732e-01
3527,8.817500000e-02,1.362171597e-01,1.505433774e+02,1.747601655e+01,1.325473006e+02,5.200602991e-01
3528,8.820000000e-02,1.362595799e-01,1.505532931e+02,1.747025774e+01,1.325629626e+02,5.200728027e-01
3529,8.822500000e-02,1.363019973e-01,1.505632028e+02,1.746450675e+01,1.325786107e+02,5.200852839e-01
3530,8.825000000e-02,1.363444117e-01,1.505731063e+02,1.745876363e+01,1.325942449e+02,5.200977424e-01
3531,8.827500000e-02,1.363868233e-01,1.505830038e+02,1.745302843e+01,1.326098652e+02,5.201101783e-01
3532,8.830000000e-02,1.364292321e-01,1.505928952e+02,1.744730117e+01,1.326254714e+02,5.201225915e-01
3533,8.832500000e-02,1.364716379e-01,1.506027806e+02,1.744158186e+01,1.326410637e+02,5.201349818e-01
3534,8.835000000e-02,1.365140409e-01,1.506126599e+02,1.743587053e+01,1.326566420e+02,5.201473494e-01
3535,8.837500000e-02,1.365564409e-01,1.506225332e+02,1.743016718e+01,1.326722063e+02,5.201596943e-01
3536,8.840000000e-02,1.365988381e-01,1.506324005e+02,1.742447181e+01,1.326877567e+02,5.201720164e-01
3537,8.842500000e-02,1.366412323e-01,1.506422617e+02,1.741878442e+01,1.327032930e+02,5.201843159e-01
3538,8.845000000e-02,1.366836237e-01,1.506521170e+02,1.741310501e+01,1.327188154e+02,5.201965927e-01
3539,8.847500000e-02,1.367260122e-01,1.506619662e+02,1.740743358e+01,1.327343238e+02,5.202088469e-01
3540,8.850000000e-02,1.367683978e-01,1.506718095e+02,1.740177012e+01,1.327498183e+02,5.202210786e-01
3541,8.852500000e-02,1.368107805e-01,1.506816468e+02,1.739611463e+01,1.327652989e+02,5.202332879e-01
3542,8.855000000e-02,1.368531604e-01,1.506914781e+02,1.739046710e+01,1.327807655e+02,5.202454746e-01
3543,8.857500000e-02,1.368955373e-01,1.507013034e+02,1.738482751e+01,1.327962182e+02,5.202576391e-01
3544,8.860000000e-02,1.369379114e-01,1.507111228e+02,1.737919588e+01,1.328116571e+02,5.202697812e-01
3545,8.862500000e-02,1.369802826e-01,1.507209362e+02,1.737357217e+01,1.328270821e+02,5.202819011e-01
3546,8.865000000e-02,1.370226510e-01,1.507307436e+02,1.736795639e+01,1.328424932e+02,5.202939989e-01
3547,8.867500000e-02,1.370650164e-01,1.507405452e+02,1.736234853e+01,1.328578906e+02,5.203060746e-01
3548,8.870000000e-02,1.371073791e-01,1.507503408e+02,1.735674858e+01,1.328732741e+02,5.203181282e-01
3549,8.872500000e-02,1.371497388e-01,1.507601304e+02,1.735115652e+01,1.328886438e+02,5.203301599e-01
3550,8.875000000e-02,1.371920957e-01,1.507699142e+02,1.734557235e+01,1.329039997e+02,5.203421697e-01
3551,8.877500000e-02,1.372344498e-01,1.507796920e+02,1.733999606e+01,1.329193418e+02,5.203541576e-01
3552,8.880000000e-02,1.372768009e-01,1.507894640e+02,1.733442764e+01,1.329346702e+02,5.203661238e-01
3553,8.882500000e-02,1.373191493e-01,1.507992301e+02,1.732886708e+01,1.329499849e+02,5.203780684e-01
3554,8.885000000e-02,1.373614948e-01,1.508089902e+02,1.732331437e+01,1.329652859e+02,5.203899913e-01
3555,8.887500000e-02,1.374038375e-01,1.508187445e+02,1.731776950e+01,1.329805732e+02,5.204018927e-01
3556,8.890000000e-02,1.374461773e-01,1.508284930e+02,1.731223239e+01,1.329958468e+02,5.204137726e-01
3557,8.892500000e-02,1.374885143e-01,1.508382356e+02,1.730670302e+01,1.330111069e+02,5.204256311e-01
3558,8.895000000e-02,1.375308486e-01,1.508479723e+02,1.730118137e+01,1.330263534e+02,5.204374682e-01
3559,8.897500000e-02,1.375731800e-01,1.508577032e+02,1.729566745e+01,1.330415864e+02,5.204492839e-01
3560,8.900000000e-02,1.376155087e-01,1.508674282e+02,1.729016123e+01,1.330568059e+02,5.204610783e-01
3561,8.902500000e-02,1.376578346e-01,1.508771474e+02,1.728466273e+01,1.330720118e+02,5.204728515e-01
3562,8.905000000e-02,1.377001577e-01,1.508868608e+02,1.727916914e+01,1.330872071e+02,5.204846033e-01
3563,8.907500000e-02,1.377424817e-01,1.508965684e+02,1.727367420e+01,1.331023978e+02,5.204963476e-01
3564,8.910000000e-02,1.377848086e-01,1.509062701e+02,1.726817289e+01,1.331175891e+02,5.205080991e-01
3565,8.912500000e-02,1.378271423e-01,1.509159661e+02,1.726266295e+01,1.331327833e+02,5.205198677e-01
3566,8.915000000e-02,1.378694812e-01,1.509256562e+02,1.725714541e+01,1.331479792e+02,5.205316530e-01
3567,8.917500000e-02,1.379118240e-01,1.509353406e+02,1.725162291e+01,1.331631742e+02,5.205434491e-01
3568,8.920000000e-02,1.379541689e-01,1.509450191e+02,1.724609822e+01,1.331783656e+02,5.205552499e-01
3569,8.922500000e-02,1.379965145e-01,1.509546918e+02,1.724057365e+01,1.331935511e+02,5.205670497e-01
3570,8.925000000e-02,1.380388598e-01,1.509643587e+02,1.723505098e+01,1.332087289e+02,5.205788440e-01
3571,8.927500000e-02,1.380812043e-01,1.509740198e+02,1.722952930e+01,1.332238998e+02,5.205906293e-01
3572,8.930000000e-02,1.381235514e-01,1.509836751e+02,1.722400431e+01,1.332390683e+02,5.206024140e-01
3573,8.932500000e-02,1.381659016e-01,1.509933246e+02,1.721847541e+01,1.332542349e+02,5.206142059e-01
3574,8.935000000e-02,1.382082529e-01,1.510029683e+02,1.721294469e+01,1.332693976e+02,5.206260028e-01
3575,8.937500000e-02,1.382506043e-01,1.510126062e+02,1.720741422e+01,1.332845541e+02,5.206378000e-01
3576,8.940000000e-02,1.382929550e-01,1.510222383e+02,1.720188564e+01,1.332997030e+02,5.206495932e-01
3577,8.942500000e-02,1.383353045e-01,1.510318646e+02,1.719636019e+01,1.333148430e+02,5.206613790e-01
3578,8.945000000e-02,1.383776524e-01,1.510414851e+02,1.719083885e+01,1.333299731e+02,5.206731546e-01
3579,8.947500000e-02,1.384199985e-01,1.510510999e+02,1.718532235e+01,1.333450926e+02,5.206849178e-01
3580,8.950000000e-02,1.384623425e-01,1.510607089e+02,1.717981125e+01,1.333602009e+02,5.206966670e-01
3581,8.952500000e-02,1.385046843e-01,1.510703121e+02,1.717430420e+01,1.333752995e+02,5.207084009e-01
3582,8.955000000e-02,1.385470281e-01,1.510799095e+02,1.716879936e+01,1.333903901e+02,5.207201230e-01
3583,8.957500000e-02,1.385893732e-01,1.510895012e+02,1.716329693e+01,1.334054725e+02,5.207318354e-01
3584,8.960000000e-02,1.386317183e-01,1.510990872e+02,1.715779777e+01,1.334205459e+02,5.207435371e-01
3585,8.962500000e-02,1.386740628e-01,1.511086674e+02,1.715230275e+01,1.334356094e+02,5.207552263e-01
3586,8.965000000e-02,1.387164059e-01,1.511182419e+02,1.714681261e+01,1.334506624e+02,5.207669014e-01
3587,8.967500000e-02,1.387587474e-01,1.511278106e+02,1.714132792e+01,1.334657041e+02,5.207785612e-01
3588,8.970000000e-02,1.388010869e-01,1.511373736e+02,1.713584915e+01,1.334807342e+02,5.207902045e-01
3589,8.972500000e-02,1.388434242e-01,1.511469309e+02,1.713037661e+01,1.334957524e+02,5.208018306e-01
3590,8.975000000e-02,1.388857593e-01,1.511564824e+02,1.712491058e+01,1.335107584e+02,5.208134389e-01
3591,8.977500000e-02,1.389280919e-01,1.511660283e+02,1.711945123e+01,1.335257520e+02,5.208250290e-01
3592,8.980000000e-02,1.389704220e-01,1.511755684e+02,1.711399670e+01,1.335407351e+02,5.208366006e-01
3593,8.982500000e-02,1.390127525e-01,1.511851028e+02,1.710854268e+01,1.335557120e+02,5.208481611e-01
3594,8.985000000e-02,1.390550864e-01,1.511946316e+02,1.710308612e+01,1.335706858e+02,5.208597234e-01
3595,8.987500000e-02,1.390974235e-01,1.512041547e+02,1.709762700e+01,1.335856564e+02,5.208712892e-01
3596,8.990000000e-02,1.391397624e-01,1.512136720e+02,1.709216688e+01,1.336006223e+02,5.208828558e-01
3597,8.992500000e-02,1.391821019e-01,1.512231837e+02,1.708670753e+01,1.336155818e+02,5.208944190e-01
3598,8.995000000e-02,1.392244411e-01,1.512326897e+02,1.708125056e+01,1.336305332e+02,5.209059751e-01
3599,8.997500000e-02,1.392667792e-01,1.512421901e+02,1.707579723e+01,1.336454753e+02,5.209175210e-01
3600,9.000000000e-02,1.393091157e-01,1.512516847e+02,1.707034849e+01,1.336604072e+02,5.209290545e-01
3601,9.002500000e-02,1.393514504e-01,1.512611737e+02,1.706490503e+01,1.336753281e+02,5.209405738e-01
3602,9.005000000e-02,1.393937830e-01,1.512706571e+02,1.705946739e+01,1.336902376e+02,5.209520777e-01
3603,9.007500000e-02,1.394361133e-01,1.512801347e+02,1.705403488e+01,1.337051363e+02,5.209635652e-01
3604,9.010000000e-02,1.394784437e-01,1.512896068e+02,1.704860699e+01,1.337200247e+02,5.209750369e-01
3605,9.012500000e-02,1.395207733e-01,1.512990731e+02,1.704318428e+01,1.337349024e+02,5.209864931e-01
3606,9.015000000e-02,1.395631013e-01,1.513085339e+02,1.703776331e+01,1.337497726e+02,5.209979331e-01
3607,9.017500000e-02,1.396054338e-01,1.513179890e+02,1.703233675e+01,1.337646428e+02,5.210093802e-01
3608,9.020000000e-02,1.396477706e-01,1.513274384e+02,1.702690343e+01,1.337795142e+02,5.210208438e-01
3609,9.022500000e-02,1.396901103e-01,1.513368823e+02,1.702146489e+01,1.337943851e+02,5.210323212e-01
3610,9.025000000e-02,1.397324518e-01,1.513463205e+02,1.701602342e+01,1.338092533e+02,5.210438066e-01
3611,9.027500000e-02,1.397747939e-01,1.513557531e+02,1.701058119e+01,1.338241166e+02,5.210552945e-01
3612,9.030000000e-02,1.398171357e-01,1.513651800e+02,1.700514010e+01,1.338389732e+02,5.210667798e-01
3613,9.032500000e-02,1.398594767e-01,1.513746014e+02,1.699970163e+01,1.338538215e+02,5.210782586e-01
3614,9.035000000e-02,1.399018162e-01,1.513840171e+02,1.699426692e+01,1.338686604e+02,5.210897279e-01
3615,9.037500000e-02,1.399441540e-01,1.513934272e+02,1.698883686e+01,1.338834891e+02,5.211011853e-01
3616,9.040000000e-02,1.399864898e-01,1.514028316e+02,1.698341210e+01,1.338983069e+02,5.211126291e-01
3617,9.042500000e-02,1.400288234e-01,1.514122305e+02,1.697798958e+01,1.339131169e+02,5.211240578e-01
3618,9.045000000e-02,1.400711621e-01,1.514216238e+02,1.697256183e+01,1.339279265e+02,5.211354906e-01
3619,9.047500000e-02,1.401135059e-01,1.514310115e+02,1.696712796e+01,1.339427366e+02,5.211469355e-01
3620,9.050000000e-02,1.401558531e-01,1.514403936e+02,1.696168973e+01,1.339575454e+02,5.211583897e-01
3621,9.052500000e-02,1.401982025e-01,1.514497700e+02,1.695624929e+01,1.339723509e+02,5.211698483e-01
3622,9.055000000e-02,1.402405528e-01,1.514591409e+02,1.695080861e+01,1.339871510e+02,5.211813067e-01
3623,9.057500000e-02,1.402829032e-01,1.514685062e+02,1.694536921e+01,1.340019442e+02,5.211927605e-01
3624,9.060000000e-02,1.403252530e-01,1.514778659e+02,1.693993235e+01,1.340167294e+02,5.212042065e-01
3625,9.062500000e-02,1.403676017e-01,1.514872200e+02,1.693449905e+01,1.340315053e+02,5.212156419e-01
3626,9.065000000e-02,1.404099490e-01,1.514965686e+02,1.692907010e+01,1.340462714e+02,5.212270648e-01
3627,9.067500000e-02,1.404522946e-01,1.515059115e+02,1.692364611e+01,1.340610269e+02,5.212384733e-01
3628,9.070000000e-02,1.404946382e-01,1.515152489e+02,1.691822755e+01,1.340757715e+02,5.212498663e-01
3629,9.072500000e-02,1.405369797e-01,1.515245807e+02,1.691281478e+01,1.340905047e+02,5.212612428e-01
3630,9.075000000e-02,1.405793191e-01,1.515339070e+02,1.690740767e+01,1.341052267e+02,5.212726022e-01
3631,9.077500000e-02,1.406216567e-01,1.515432277e+02,1.690200523e+01,1.341199385e+02,5.212839440e-01
3632,9.080000000e-02,1.406639940e-01,1.515525429e+02,1.689660731e+01,1.341346403e+02,5.212952695e-01
3633,9.082500000e-02,1.407063302e-01,1.515618525e+02,1.689121443e+01,1.341493315e+02,5.213065786e-01
3634,9.085000000e-02,1.407486648e-01,1.515711566e+02,1.688582713e+01,1.341640116e+02,5.213178706e-01
3635,9.087500000e-02,1.407909975e-01,1.515804552e+02,1.688044580e+01,1.341786802e+02,5.213291448e-01
3636,9.090000000e-02,1.408333280e-01,1.515897482e+02,1.687507073e+01,1.341933371e+02,5.213404007e-01
3637,9.092500000e-02,1.408756563e-01,1.515990357e+02,1.686970213e+01,1.342079820e+02,5.213516380e-01
3638,9.095000000e-02,1.409179822e-01,1.516083177e+02,1.686434013e+01,1.342226148e+02,5.213628564e-01
3639,9.097500000e-02,1.409603057e-01,1.516175942e+02,1.685898484e+01,1.342372354e+02,5.213740557e-01
3640,9.100000000e-02,1.410026267e-01,1.516268653e+02,1.685363631e+01,1.342518437e+02,5.213852359e-01
3641,9.102500000e-02,1.410449452e-01,1.516361308e+02,1.684829458e+01,1.342664398e+02,5.213963968e-01
3642,9.105000000e-02,1.410872612e-01,1.516453908e+02,1.684295970e+01,1.342810236e+02,5.214075386e-01
3643,9.107500000e-02,1.411295748e-01,1.516546454e+02,1.683763166e+01,1.342955951e+02,5.214186611e-01
3644,9.110000000e-02,1.411718858e-01,1.516638945e+02,1.683230836e+01,1.343101564e+02,5.214297645e-01
3645,9.112500000e-02,1.412141987e-01,1.516731381e+02,1.682698358e+01,1.343247137e+02,5.214408589e-01
3646,9.115000000e-02,1.412565164e-01,1.516823763e+02,1.682165372e+01,1.343392706e+02,5.214519588e-01
3647,9.117500000e-02,1.412988369e-01,1.516916090e+02,1.681632026e+01,1.343538257e+02,5.214630642e-01
3648,9.120000000e-02,1.413411587e-01,1.517008363e+02,1.681098537e+01,1.343683767e+02,5.214741714e-01
3649,9.122500000e-02,1.413834805e-01,1.517100580e+02,1.680565100e+01,1.343829218e+02,5.214852764e-01
3650,9.125000000e-02,1.414258018e-01,1.517192744e+02,1.680031868e+01,1.343974593e+02,5.214963755e-01
3651,9.127500000e-02,1.414681218e-01,1.517284853e+02,1.679498960e+01,1.344119882e+02,5.215074659e-01
3652,9.130000000e-02,1.415104404e-01,1.517376907e+02,1.678966464e+01,1.344265076e+02,5.215185452e-01
3653,9.132500000e-02,1.415527571e-01,1.517468908e+02,1.678434446e+01,1.344410167e+02,5.215296118e-01
3654,9.135000000e-02,1.415950718e-01,1.517560853e+02,1.677902956e+01,1.344555151e+02,5.215406642e-01
3655,9.137500000e-02,1.416373843e-01,1.517652745e+02,1.677372029e+01,1.344700025e+02,5.215517014e-01
3656,9.140000000e-02,1.416796946e-01,1.517744582e+02,1.676841692e+01,1.344844786e+02,5.215627227e-01
3657,9.142500000e-02,1.417220026e-01,1.517836365e+02,1.676311967e+01,1.344989431e+02,5.215737274e-01
3658,9.145000000e-02,1.417643082e-01,1.517928094e+02,1.675782869e+01,1.345133960e+02,5.215847151e-01
3659,9.147500000e-02,1.418066115e-01,1.518019769e+02,1.675254409e+01,1.345278371e+02,5.215956855e-01
3660,9.150000000e-02,1.418489122e-01,1.518111390e+02,1.674726595e+01,1.345422664e+02,5.216066382e-01
3661,9.152500000e-02,1.418912106e-01,1.518202957e+02,1.674199186e+01,1.345566863e+02,5.216175730e-01
3662,9.155000000e-02,1.419335096e-01,1.518294470e+02,1.673671662e+01,1.345711019e+02,5.216285007e-01
3663,9.157500000e-02,1.419758121e-01,1.518385929e+02,1.673143692e+01,1.345855166e+02,5.216394362e-01
3664,9.160000000e-02,1.420181177e-01,1.518477335e+02,1.672615284e+01,1.345999303e+02,5.216503818e-01
3665,9.162500000e-02,1.420604255e-01,1.518568687e+02,1.672086592e+01,1.346143414e+02,5.216613343e-01
3666,9.165000000e-02,1.421027342e-01,1.518659985e+02,1.671557801e+01,1.346287482e+02,5.216722890e-01
3667,9.167500000e-02,1.421450431e-01,1.518751229e+02,1.671029079e+01,1.346431489e+02,5.216832417e-01
3668,9.170000000e-02,1.421873514e-01,1.518842419e+02,1.670500565e+01,1.346575421e+02,5.216941887e-01
3669,9.172500000e-02,1.422296586e-01,1.518933556e+02,1.669972372e+01,1.346719268e+02,5.217051271e-01
3670,9.175000000e-02,1.422719643e-01,1.519024639e+02,1.669444584e+01,1.346863020e+02,5.217160544e-01
3671,9.177500000e-02,1.423142683e-01,1.519115668e+02,1.668917268e+01,1.347006672e+02,5.217269689e-01
3672,9.180000000e-02,1.423565704e-01,1.519206644e+02,1.668390472e+01,1.347150219e+02,5.217378693e-01
3673,9.182500000e-02,1.423988703e-01,1.519297567e+02,1.667864233e+01,1.347293656e+02,5.217487546e-01
3674,9.185000000e-02,1.424411681e-01,1.519388436e+02,1.667338580e+01,1.347436982e+02,5.217596239e-01
3675,9.187500000e-02,1.424834636e-01,1.519479251e+02,1.666813532e+01,1.347580193e+02,5.217704766e-01
3676,9.190000000e-02,1.425257568e-01,1.519570013e+02,1.666289107e+01,1.347723290e+02,5.217813124e-01
3677,9.192500000e-02,1.425680475e-01,1.519660722e+02,1.665765315e+01,1.347866270e+02,5.217921309e-01
3678,9.195000000e-02,1.426103359e-01,1.519751378e+02,1.665242166e+01,1.348009132e+02,5.218029318e-01
3679,9.197500000e-02,1.426526218e-01,1.519841981e+02,1.664719666e+01,1.348151877e+02,5.218137149e-01
3680,9.200000000e-02,1.426949053e-01,1.519932530e+02,1.664197819e+01,1.348294504e+02,5.218244802e-01
3681,9.202500000e-02,1.427371864e-01,1.520023027e+02,1.663676631e+01,1.348437012e+02,5.218352275e-01
3682,9.205000000e-02,1.427794649e-01,1.520113471e+02,1.663156102e+01,1.348579401e+02,5.218459568e-01
3683,9.207500000e-02,1.428217410e-01,1.520203861e+02,1.662636236e+01,1.348721671e+02,5.218566680e-01
3684,9.210000000e-02,1.428640146e-01,1.520294199e+02,1.662117034e+01,1.348863822e+02,5.218673611e-01
3685,9.212500000e-02,1.429062857e-01,1.520384484e+02,1.661598496e+01,1.349005855e+02,5.218780361e-01
3686,9.215000000e-02,1.429485544e-01,1.520474717e+02,1.661080624e+01,1.349147768e+02,5.218886929e-01
3687,9.217500000e-02,1.429908205e-01,1.520564897e+02,1.660563417e+01,1.349289562e+02,5.218993317e-01
3688,9.220000000e-02,1.430330842e-01,1.520655024e+02,1.660046876e+01,1.349431237e+02,5.219099524e-01
3689,9.222500000e-02,1.430753454e-01,1.520745099e+02,1.659530873e+01,1.349572806e+02,5.219205551e-01
3690,9.225000000e-02,1.431176068e-01,1.520835121e+02,1.659015056e+01,1.349714304e+02,5.219311439e-01
3691,9.227500000e-02,1.431598724e-01,1.520925091e+02,1.658499163e+01,1.349855758e+02,5.219417293e-01
3692,9.230000000e-02,1.432021410e-01,1.521015009e+02,1.657983187e+01,1.349997167e+02,5.219523138e-01
3693,9.232500000e-02,1.432444113e-01,1.521104874e+02,1.657467241e+01,1.350138521e+02,5.219628955e-01
3694,9.235000000e-02,1.432866821e-01,1.521194688e+02,1.656951457e+01,1.350279807e+02,5.219734712e-01
3695,9.237500000e-02,1.433289526e-01,1.521284448e+02,1.656435952e+01,1.350421013e+02,5.219840385e-01
3696,9.240000000e-02,1.433712222e-01,1.521374157e+02,1.655920821e+01,1.350562129e+02,5.219945949e-01
3697,9.242500000e-02,1.434134903e-01,1.521463813e+02,1.655406137e+01,1.350703148e+02,5.220051387e-01
3698,9.245000000e-02,1.434557568e-01,1.521553418e+02,1.654891957e+01,1.350844065e+02,5.220156687e-01
3699,9.247500000e-02,1.434980214e-01,1.521642970e+02,1.654378320e+01,1.350984876e+02,5.220261838e-01
3700,9.250000000e-02,1.435402839e-01,1.521732470e+02,1.653865257e+01,1.351125577e+02,5.220366833e-01
3701,9.252500000e-02,1.435825442e-01,1.521821918e+02,1.653352791e+01,1.351266167e+02,5.220471666e-01
3702,9.255000000e-02,1.436248023e-01,1.521911314e+02,1.652840895e+01,1.351406649e+02,5.220576334e-01
3703,9.257500000e-02,1.436670587e-01,1.522000659e+02,1.652329530e+01,1.351547025e+02,5.220680836e-01
3704,9.260000000e-02,1.437093139e-01,1.522089952e+02,1.651818704e+01,1.351687296e+02,5.220785172e-01
3705,9.262500000e-02,1.437515677e-01,1.522179193e+02,1.651308443e+01,1.351827459e+02,5.220889342e-01
3706,9.265000000e-02,1.437938198e-01,1.522268382e+02,1.650798774e+01,1.351967511e+02,5.220993342e-01
3707,9.267500000e-02,1.438360699e-01,1.522357520e+02,1.650289717e+01,1.352107451e+02,5.221097171e-01
3708,9.270000000e-02,1.438783179e-01,1.522446606e+02,1.649781288e+01,1.352247276e+02,5.221200826e-01
3709,9.272500000e-02,1.439205636e-01,1.522535640e+02,1.649273497e+01,1.352386986e+02,5.221304307e-01
3710,9.275000000e-02,1.439628071e-01,1.522624624e+02,1.648766351e+01,1.352526581e+02,5.221407613e-01
3711,9.277500000e-02,1.440050482e-01,1.522713555e+02,1.648259853e+01,1.352666059e+02,5.221510744e-01
3712,9.280000000e-02,1.440472870e-01,1.522802436e+02,1.647753997e+01,1.352805423e+02,5.221613700e-01
3713,9.282500000e-02,1.440895233e-01,1.522891265e+02,1.647248783e+01,1.352944671e+02,5.221716481e-01
3714,9.285000000e-02,1.441317573e-01,1.522980044e+02,1.646744212e+01,1.353083803e+02,5.221819086e-01
3715,9.287500000e-02,1.441739890e-01,1.523068771e+02,1.646240287e+01,1.353222820e+02,5.221921515e-01
3716,9.290000000e-02,1.442162182e-01,1.523157447e+02,1.645737008e+01,1.353361722e+02,5.222023768e-01
3717,9.292500000e-02,1.442584450e-01,1.523246072e+02,1.645234377e+01,1.353500508e+02,5.222125844e-01
3718,9.295000000e-02,1.443006694e-01,1.523334646e+02,1.644732395e+01,1.353639178e+02,5.222227744e-01
3719,9.297500000e-02,1.443428914e-01,1.523423169e+02,1.644231063e+01,1.353777733e+02,5.222329468e-01
3720,9.300000000e-02,1.443851109e-01,1.523511641e+02,1.643730381e+01,1.353916172e+02,5.222431015e-01
3721,9.302500000e-02,1.444273281e-01,1.523600063e+02,1.643230349e+01,1.354054496e+02,5.222532387e-01
3722,9.305000000e-02,1.444695428e-01,1.523688434e+02,1.642730967e+01,1.354192704e+02,5.222633582e-01
3723,9.307500000e-02,1.445117552e-01,1.523776754e+02,1.642232236e+01,1.354330796e+02,5.222734603e-01
3724,9.310000000e-02,1.445539651e-01,1.523865024e+02,1.641734155e+01,1.354468773e+02,5.222835447e-01
3725,9.312500000e-02,1.445961725e-01,1.523953244e+02,1.641236592e+01,1.354606648e+02,5.222936117e-01
3726,9.315000000e-02,1.446383815e-01,1.524041412e+02,1.640739031e+01,1.354744473e+02,5.223036682e-01
3727,9.317500000e-02,1.446805972e-01,1.524129531e+02,1.640240998e+01,1.354882294e+02,5.223137302e-01
3728,9.320000000e-02,1.447228166e-01,1.524217599e+02,1.639742616e+01,1.355020099e+02,5.223237990e-01
3729,9.322500000e-02,1.447650378e-01,1.524305617e+02,1.639244089e+01,1.355157869e+02,5.223338707e-01
3730,9.325000000e-02,1.448072595e-01,1.524393584e+02,1.638745598e+01,1.355295585e+02,5.223439409e-01
3731,9.327500000e-02,1.448494809e-01,1.524481501e+02,1.638247289e+01,1.355433232e+02,5.223540062e-01
3732,9.330000000e-02,1.448917015e-01,1.524569368e+02,1.637749273e+01,1.355570800e+02,5.223640637e-01
3733,9.332500000e-02,1.449339208e-01,1.524657185e+02,1.637251633e+01,1.355708280e+02,5.223741112e-01
3734,9.335000000e-02,1.449761385e-01,1.524744951e+02,1.636754431e+01,1.355845666e+02,5.223841471e-01
3735,9.337500000e-02,1.450183544e-01,1.524832667e+02,1.636257713e+01,1.355982954e+02,5.223941703e-01
3736,9.340000000e-02,1.450605685e-01,1.524920333e+02,1.635761512e+01,1.356120140e+02,5.224041797e-01
3737,9.342500000e-02,1.451027806e-01,1.525007949e+02,1.635265855e+01,1.356257222e+02,5.224141748e-01
3738,9.345000000e-02,1.451449905e-01,1.525095515e+02,1.634770758e+01,1.356394198e+02,5.224241549e-01
3739,9.347500000e-02,1.451871984e-01,1.525183031e+02,1.634276234e+01,1.356531066e+02,5.224341198e-01
3740,9.350000000e-02,1.452294041e-01,1.525270497e+02,1.633782295e+01,1.356667827e+02,5.224440691e-01
3741,9.352500000e-02,1.452716076e-01,1.525357913e+02,1.633288948e+01,1.356804479e+02,5.224540026e-01
3742,9.355000000e-02,1.453138088e-01,1.525445280e+02,1.632796200e+01,1.356941021e+02,5.224639202e-01
3743,9.357500000e-02,1.453560079e-01,1.525532597e+02,1.632304054e+01,1.357077453e+02,5.224738217e-01
3744,9.360000000e-02,1.453982047e-01,1.525619864e+02,1.631812514e+01,1.357213775e+02,5.224837070e-01
3745,9.362500000e-02,1.454403992e-01,1.525707081e+02,1.631321417e+01,1.357350004e+02,5.224935762e-01
3746,9.365000000e-02,1.454825945e-01,1.525794249e+02,1.630830548e+01,1.357486160e+02,5.225034326e-01
3747,9.367500000e-02,1.455247901e-01,1.525881368e+02,1.630339936e+01,1.357622241e+02,5.225132777e-01
3748,9.370000000e-02,1.455669853e-01,1.525968437e+02,1.629849663e+01,1.357758239e+02,5.225231107e-01
3749,9.372500000e-02,1.456091796e-01,1.526055456e+02,1.629359799e+01,1.357894147e+02,5.225329308e-01
3750,9.375000000e-02,1.456513727e-01,1.526142426e+02,1.628870399e+01,1.358029959e+02,5.225427370e-01
3751,9.377500000e-02,1.456935642e-01,1.526229347e+02,1.628381500e+01,1.358165672e+02,5.225525289e-01
3752,9.380000000e-02,1.457357540e-01,1.526316219e+02,1.627893135e+01,1.358301282e+02,5.225623059e-01
3753,9.382500000e-02,1.457779420e-01,1.526403041e+02,1.627405323e+01,1.358436788e+02,5.225720675e-01
3754,9.385000000e-02,1.458201280e-01,1.526489815e+02,1.626918081e+01,1.358572188e+02,5.225818137e-01
3755,9.387500000e-02,1.458623120e-01,1.526576539e+02,1.626431422e+01,1.358707481e+02,5.225915441e-01
3756,9.390000000e-02,1.459044939e-01,1.526663214e+02,1.625945353e+01,1.358842666e+02,5.226012588e-01
3757,9.392500000e-02,1.459466736e-01,1.526749840e+02,1.625459881e+01,1.358977742e+02,5.226109575e-01
3758,9.395000000e-02,1.459888512e-01,1.526836417e+02,1.624975011e+01,1.359112709e+02,5.226206402e-01
3759,9.397500000e-02,1.460310267e-01,1.526922945e+02,1.624490745e+01,1.359247568e+02,5.226303070e-01
3760,9.400000000e-02,1.460731999e-01,1.527009425e+02,1.624007085e+01,1.359382316e+02,5.226399578e-01
3761,9.402500000e-02,1.461153709e-01,1.527095855e+02,1.623524034e+01,1.359516956e+02,5.226495926e-01
3762,9.405000000e-02,1.461575397e-01,1.527182237e+02,1.623041592e+01,1.359651486e+02,5.226592114e-01
3763,9.407500000e-02,1.461997062e-01,1.527268570e+02,1.622559759e+01,1.359785906e+02,5.226688144e-01
3764,9.410000000e-02,1.462418706e-01,1.527354855e+02,1.622078535e+01,1.359920218e+02,5.226784014e-01
3765,9.412500000e-02,1.462840327e-01,1.527441091e+02,1.621597920e+01,1.360054420e+02,5.226879726e-01
3766,9.415000000e-02,1.463261925e-01,1.527527279e+02,1.621117915e+01,1.360188512e+02,5.226975280e-01
3767,9.417500000e-02,1.463683502e-01,1.527613418e+02,1.620638518e+01,1.360322496e+02,5.227070675e-01
3768,9.420000000e-02,1.464105056e-01,1.527699509e+02,1.620159730e+01,1.360456370e+02,5.227165914e-01
3769,9.422500000e-02,1.464526587e-01,1.527785552e+02,1.619681549e+01,1.360590136e+02,5.227260995e-01
3770,9.425000000e-02,1.464948097e-01,1.527871546e+02,1.619203976e+01,1.360723793e+02,5.227355919e-01
3771,9.427500000e-02,1.465369584e-01,1.527957493e+02,1.618727010e+01,1.360857341e+02,5.227450688e-01
3772,9.430000000e-02,1.465791049e-01,1.528043391e+02,1.618250650e+01,1.360990781e+02,5.227545300e-01
3773,9.432500000e-02,1.466212492e-01,1.528129241e+02,1.617774895e+01,1.361124112e+02,5.227639757e-01
3774,9.435000000e-02,1.466633912e-01,1.528215043e+02,1.617299746e+01,1.361257334e+02,5.227734059e-01
3775,9.437500000e-02,1.467055310e-01,1.528300797e+02,1.616825201e+01,1.361390449e+02,5.227828206e-01
3776,9.440000000e-02,1.467476686e-01,1.528386503e+02,1.616351240e+01,1.361523457e+02,5.227922200e-01
3777,9.442500000e-02,1.467898044e-01,1.528472162e+02,1.615877742e+01,1.361656371e+02,5.228016040e-01
3778,9.445000000e-02,1.468319401e-01,1.528557772e+02,1.615404659e+01,1.361789197e+02,5.228109741e-01
3779,9.447500000e-02,1.468740749e-01,1.528643335e+02,1.614932040e+01,1.361921928e+02,5.228203301e-01
3780,9.450000000e-02,1.469162084e-01,1.528728850e+02,1.614459926e+01,1.362054561e+02,5.228296716e-01
3781,9.452500000e-02,1.469583404e-01,1.528814318e+02,1.613988349e+01,1.362187093e+02,5.228389984e-01
3782,9.455000000e-02,1.470004706e-01,1.528899738e+02,1.613517331e+01,1.362319522e+02,5.228483101e-01
3783,9.457500000e-02,1.470425989e-01,1.528985110e+02,1.613046886e+01,1.362451845e+02,5.228576067e-01
3784,9.460000000e-02,1.470847251e-01,1.529070435e+02,1.612577024e+01,1.362584064e+02,5.228668881e-01
3785,9.462500000e-02,1.471268493e-01,1.529155713e+02,1.612107749e+01,1.362716176e+02,5.228761542e-01
3786,9.465000000e-02,1.471689714e-01,1.529240943e+02,1.611639067e+01,1.362848182e+02,5.228854051e-01
3787,9.467500000e-02,1.472110914e-01,1.529326126e+02,1.611170981e+01,1.362980081e+02,5.228946406e-01
3788,9.470000000e-02,1.472532092e-01,1.529411261e+02,1.610703491e+01,1.363111874e+02,5.229038610e-01
3789,9.472500000e-02,1.472953248e-01,1.529496350e+02,1.610236599e+01,1.363243559e+02,5.229130661e-01
3790,9.475000000e-02,1.473374383e-01,1.529581391e+02,1.609770171e+01,1.363375151e+02,5.229222561e-01
3791,9.477500000e-02,1.473795518e-01,1.529666385e+02,1.609303659e+01,1.363506705e+02,5.229314361e-01
3792,9.480000000e-02,1.474216702e-01,1.529751332e+02,1.608836318e+01,1.363638294e+02,5.229406222e-01
3793,9.482500000e-02,1.474637955e-01,1.529836232e+02,1.608367888e+01,1.363769945e+02,5.229498288e-01
3794,9.485000000e-02,1.475059250e-01,1.529921086e+02,1.607898658e+01,1.363901629e+02,5.229590549e-01
3795,9.487500000e-02,1.475480569e-01,1.530005891e+02,1.607428922e+01,1.364033316e+02,5.229682951e-01
3796,9.490000000e-02,1.475901900e-01,1.530090650e+02,1.606958923e+01,1.364164983e+02,5.229775443e-01
3797,9.492500000e-02,1.476323233e-01,1.530175362e+02,1.606488845e+01,1.364296610e+02,5.229867977e-01
3798,9.495000000e-02,1.476744565e-01,1.530260027e+02,1.606018834e+01,1.364428183e+02,5.229960515e-01
3799,9.497500000e-02,1.477165889e-01,1.530344644e+02,1.605549002e+01,1.364559691e+02,5.230053025e-01
3800,9.500000000e-02,1.477587204e-01,1.530429215e+02,1.605079434e+01,1.364691126e+02,5.230145483e-01
3801,9.502500000e-02,1.478008505e-01,1.530513738e+02,1.604610196e+01,1.364822481e+02,5.230237870e-01
3802,9.505000000e-02,1.478429791e-01,1.530598215e+02,1.604141338e+01,1.364953751e+02,5.230330169e-01
3803,9.507500000e-02,1.478851061e-01,1.530682645e+02,1.603672899e+01,1.365084932e+02,5.230422370e-01
3804,9.510000000e-02,1.479272314e-01,1.530767027e+02,1.603204911e+01,1.365216022e+02,5.230514461e-01
3805,9.512500000e-02,1.479693549e-01,1.530851363e+02,1.602737398e+01,1.365347017e+02,5.230606436e-01
3806,9.515000000e-02,1.480114764e-01,1.530935653e+02,1.602270378e+01,1.365477917e+02,5.230698289e-01
3807,9.517500000e-02,1.480535960e-01,1.531019895e+02,1.601803866e+01,1.365608719e+02,5.230790015e-01
3808,9.520000000e-02,1.480957137e-01,1.531104091e+02,1.601337873e+01,1.365739422e+02,5.230881612e-01
3809,9.522500000e-02,1.481378293e-01,1.531188240e+02,1.600872409e+01,1.365870026e+02,5.230973076e-01
3810,9.525000000e-02,1.481799429e-01,1.531272343e+02,1.600407325e+01,1.366000546e+02,5.231064405e-01
3811,9.527500000e-02,1.482220564e-01,1.531356399e+02,1.599942132e+01,1.366131030e+02,5.231155659e-01
3812,9.530000000e-02,1.482641732e-01,1.531440409e+02,1.599476406e+01,1.366261521e+02,5.231247013e-01
3813,9.532500000e-02,1.483062934e-01,1.531524372e+02,1.599010125e+01,1.366392021e+02,5.231338509e-01
3814,9.535000000e-02,1.483484160e-01,1.531608289e+02,1.598543420e+01,1.366522517e+02,5.231430124e-01
3815,9.537500000e-02,1.483905400e-01,1.531692159e+02,1.598076461e+01,1.366652991e+02,5.231521816e-01
3816,9.540000000e-02,1.484326646e-01,1.531775983e+02,1.597609409e+01,1.366783428e+02,5.231613543e-01
3817,9.542500000e-02,1.484747892e-01,1.531859760e+02,1.597142406e+01,1.366913814e+02,5.231705269e-01
3818,9.545000000e-02,1.485169132e-01,1.531943491e+02,1.596675568e+01,1.367044137e+02,5.231796961e-01
3819,9.547500000e-02,1.485590362e-01,1.532027175e+02,1.596208987e+01,1.367174388e+02,5.231888596e-01
3820,9.550000000e-02,1.486011581e-01,1.532110813e+02,1.595742736e+01,1.367304560e+02,5.231980153e-01
3821,9.552500000e-02,1.486432784e-01,1.532194405e+02,1.595276870e+01,1.367434646e+02,5.232071616e-01
3822,9.555000000e-02,1.486853971e-01,1.532277950e+02,1.594811433e+01,1.367564644e+02,5.232162975e-01
3823,9.557500000e-02,1.487275139e-01,1.532361450e+02,1.594346457e+01,1.367694550e+02,5.232254219e-01
3824,9.560000000e-02,1.487696290e-01,1.532444903e+02,1.593881968e+01,1.367824361e+02,5.232345343e-01
3825,9.562500000e-02,1.488117420e-01,1.532528310e+02,1.593417984e+01,1.367954075e+02,5.232436340e-01
3826,9.565000000e-02,1.488538531e-01,1.532611670e+02,1.592954519e+01,1.368083691e+02,5.232527207e-01
3827,9.567500000e-02,1.488959621e-01,1.532694985e+02,1.592491584e+01,1.368213209e+02,5.232617941e-01
3828,9.570000000e-02,1.489380691e-01,1.532778254e+02,1.592029188e+01,1.368342626e+02,5.232708538e-01
3829,9.572500000e-02,1.489801740e-01,1.532861476e+02,1.591567335e+01,1.368471944e+02,5.232798999e-01
3830,9.575000000e-02,1.490222768e-01,1.532944653e+02,1.591106033e+01,1.368601161e+02,5.232889320e-01
3831,9.577500000e-02,1.490643775e-01,1.533027784e+02,1.590645282e+01,1.368730277e+02,5.232979502e-01
3832,9.580000000e-02,1.491064760e-01,1.533110870e+02,1.590185087e+01,1.368859291e+02,5.233069543e-01
3833,9.582500000e-02,1.491485725e-01,1.533193909e+02,1.589725449e+01,1.368988205e+02,5.233159443e-01
3834,9.585000000e-02,1.491906668e-01,1.533276903e+02,1.589266370e+01,1.369117017e+02,5.233249202e-01
3835,9.587500000e-02,1.492327589e-01,1.533359851e+02,1.588807850e+01,1.369245727e+02,5.233338820e-01
3836,9.590000000e-02,1.492748490e-01,1.533442754e+02,1.588349891e+01,1.369374337e+02,5.233428296e-01
3837,9.592500000e-02,1.493169369e-01,1.533525611e+02,1.587892493e+01,1.369502844e+02,5.233517630e-01
3838,9.595000000e-02,1.493590226e-01,1.533608423e+02,1.587435656e+01,1.369631250e+02,5.233606823e-01
3839,9.597500000e-02,1.494011063e-01,1.533691189e+02,1.586979381e+01,1.369759555e+02,5.233695875e-01
3840,9.600000000e-02,1.494431877e-01,1.533773910e+02,1.586523666e+01,1.369887758e+02,5.233784785e-01
3841,9.602500000e-02,1.494852671e-01,1.533856585e+02,1.586068513e+01,1.370015861e+02,5.233873555e-01
3842,9.605000000e-02,1.495273443e-01,1.533939216e+02,1.585613921e+01,1.370143861e+02,5.233962184e-01
3843,9.607500000e-02,1.495694194e-01,1.534021801e+02,1.585159890e+01,1.370271761e+02,5.234050672e-01
3844,9.610000000e-02,1.496114924e-01,1.534104341e+02,1.584706219e+01,1.370399580e+02,5.234139021e-01
3845,9.612500000e-02,1.496535681e-01,1.534186836e+02,1.584252401e+01,1.370527368e+02,5.234227314e-01
3846,9.615000000e-02,1.496956476e-01,1.534269285e+02,1.583798274e+01,1.370655142e+02,5.234315640e-01
3847,9.617500000e-02,1.497377286e-01,1.534351690e+02,1.583343994e+01,1.370782887e+02,5.234403995e-01
3848,9.620000000e-02,1.497798098e-01,1.534434050e+02,1.582889728e+01,1.370910585e+02,5.234492348e-01
3849,9.622500000e-02,1.498218907e-01,1.534516364e+02,1.582435612e+01,1.371038223e+02,5.234580672e-01
3850,9.625000000e-02,1.498639705e-01,1.534598634e+02,1.581981747e+01,1.371165790e+02,5.234668941e-01
3851,9.627500000e-02,1.499060492e-01,1.534680859e+02,1.581528207e+01,1.371293281e+02,5.234757139e-01
3852,9.630000000e-02,1.499481263e-01,1.534763039e+02,1.581075047e+01,1.371420689e+02,5.234845249e-01
3853,9.632500000e-02,1.499902018e-01,1.534845173e+02,1.580622306e+01,1.371548009e+02,5.234933262e-01
3854,9.635000000e-02,1.500322755e-01,1.534927263e+02,1.580170016e+01,1.371675241e+02,5.235021169e-01
3855,9.637500000e-02,1.500743474e-01,1.535009309e+02,1.579718200e+01,1.371802380e+02,5.235108963e-01
3856,9.640000000e-02,1.501164174e-01,1.535091309e+02,1.579266872e+01,1.371929425e+02,5.235196641e-01
3857,9.642500000e-02,1.501584854e-01,1.535173265e+02,1.578816047e+01,1.372056376e+02,5.235284198e-01
3858,9.645000000e-02,1.502005514e-01,1.535255176e+02,1.578365734e+01,1.372183231e+02,5.235371632e-01
3859,9.647500000e-02,1.502426154e-01,1.535337042e+02,1.577915940e+01,1.372309989e+02,5.235458941e-01
3860,9.650000000e-02,1.502846774e-01,1.535418864e+02,1.577466670e+01,1.372436651e+02,5.235546123e-01
3861,9.652500000e-02,1.503267373e-01,1.535500642e+02,1.577017928e+01,1.372563216e+02,5.235633177e-01
3862,9.655000000e-02,1.503687952e-01,1.535582375e+02,1.576569718e+01,1.372689683e+02,5.235720102e-01
3863,9.657500000e-02,1.504108511e-01,1.535664063e+02,1.576122041e+01,1.372816052e+02,5.235806898e-01
3864,9.660000000e-02,1.504529048e-01,1.535745707e+02,1.575674899e+01,1.372942324e+02,5.235893564e-01
3865,9.662500000e-02,1.504949565e-01,1.535827307e+02,1.575228294e+01,1.373068498e+02,5.235980100e-01
3866,9.665000000e-02,1.505370061e-01,1.535908863e+02,1.574782225e+01,1.373194574e+02,5.236066507e-01
3867,9.667500000e-02,1.505790537e-01,1.535990374e+02,1.574336694e+01,1.373320552e+02,5.236152783e-01
3868,9.670000000e-02,1.506210992e-01,1.536071842e+02,1.573891701e+01,1.373446432e+02,5.236238929e-01
3869,9.672500000e-02,1.506631426e-01,1.536153265e+02,1.573447246e+01,1.373572215e+02,5.236324945e-01
3870,9.675000000e-02,1.507051839e-01,1.536234644e+02,1.573003329e+01,1.373697900e+02,5.236410832e-01
3871,9.677500000e-02,1.507472232e-01,1.536315979e+02,1.572559950e+01,1.373823487e+02,5.236496589e-01
3872,9.680000000e-02,1.507892604e-01,1.536397270e+02,1.572116965e+01,1.373948991e+02,5.236582216e-01
3873,9.682500000e-02,1.508312988e-01,1.536478517e+02,1.571673974e+01,1.374074452e+02,5.236667775e-01
3874,9.685000000e-02,1.508733417e-01,1.536559721e+02,1.571230666e+01,1.374199901e+02,5.236753365e-01
3875,9.687500000e-02,1.509153882e-01,1.536640880e+02,1.570787049e+01,1.374325336e+02,5.236838998e-01
3876,9.690000000e-02,1.509574367e-01,1.536721996e+02,1.570343273e+01,1.374450744e+02,5.236924646e-01
3877,9.692500000e-02,1.509994860e-01,1.536803068e+02,1.569899508e+01,1.374576107e+02,5.237010276e-01
3878,9.695000000e-02,1.510415352e-01,1.536884096e+02,1.569455897e+01,1.374701410e+02,5.237095858e-01
3879,9.697500000e-02,1.510835836e-01,1.536965080e+02,1.569012552e+01,1.374826644e+02,5.237181370e-01
3880,9.700000000e-02,1.511256308e-01,1.537046021e+02,1.568569553e+01,1.374951799e+02,5.237266796e-01
3881,9.702500000e-02,1.511676765e-01,1.537126917e+02,1.568126959e+01,1.375076869e+02,5.237352123e-01
3882,9.705000000e-02,1.512097206e-01,1.537207771e+02,1.567684809e+01,1.375201852e+02,5.237437345e-01
3883,9.707500000e-02,1.512517628e-01,1.537288580e+02,1.567243129e+01,1.375326745e+02,5.237522454e-01
3884,9.710000000e-02,1.512938031e-01,1.537369346e+02,1.566801939e+01,1.375451544e+02,5.237607447e-01
3885,9.712500000e-02,1.513358415e-01,1.537450068e+02,1.566361252e+01,1.375576251e+02,5.237692322e-01
3886,9.715000000e-02,1.513778779e-01,1.537530747e+02,1.565921075e+01,1.375700862e+02,5.237777076e-01
3887,9.717500000e-02,1.514199124e-01,1.537611382e+02,1.565481413e+01,1.375825379e+02,5.237861708e-01
3888,9.720000000e-02,1.514619448e-01,1.537691974e+02,1.565042130e+01,1.375949815e+02,5.237946218e-01
3889,9.722500000e-02,1.515039785e-01,1.537772523e+02,1.564602925e+01,1.376074200e+02,5.238030643e-01
3890,9.725000000e-02,1.515460150e-01,1.537853028e+02,1.564163694e+01,1.376198544e+02,5.238115027e-01
3891,9.727500000e-02,1.515880531e-01,1.537933490e+02,1.563724525e+01,1.376322838e+02,5.238199369e-01
3892,9.730000000e-02,1.516300920e-01,1.538013909e+02,1.563285515e+01,1.376447074e+02,5.238283655e-01
3893,9.732500000e-02,1.516721308e-01,1.538094285e+02,1.562846751e+01,1.376571242e+02,5.238367872e-01
3894,9.735000000e-02,1.517141690e-01,1.538174617e+02,1.562408300e+01,1.376695335e+02,5.238452007e-01
3895,9.737500000e-02,1.517562064e-01,1.538254906e+02,1.561970214e+01,1.376819348e+02,5.238536052e-01
3896,9.740000000e-02,1.517982425e-01,1.538335152e+02,1.561532533e+01,1.376943279e+02,5.238619998e-01
3897,9.742500000e-02,1.518402772e-01,1.538415355e+02,1.561095285e+01,1.377067122e+02,5.238703840e-01
3898,9.745000000e-02,1.518823104e-01,1.538495515e+02,1.560658494e+01,1.377190878e+02,5.238787574e-01
3899,9.747500000e-02,1.519243418e-01,1.538575632e+02,1.560222173e+01,1.377314543e+02,5.238871196e-01
3900,9.750000000e-02,1.519663716e-01,1.538655705e+02,1.559786337e+01,1.377438117e+02,5.238954705e-01
3901,9.752500000e-02,1.520083995e-01,1.538735736e+02,1.559350993e+01,1.377561599e+02,5.239038099e-01
3902,9.755000000e-02,1.520504257e-01,1.538815724e+02,1.558916147e+01,1.377684988e+02,5.239121377e-01
3903,9.757500000e-02,1.520924499e-01,1.538895670e+02,1.558481781e+01,1.377808287e+02,5.239204537e-01
3904,9.760000000e-02,1.521344727e-01,1.538975572e+02,1.558047756e+01,1.377931509e+02,5.239287583e-01
3905,9.762500000e-02,1.521764964e-01,1.539055432e+02,1.557613982e+01,1.378054663e+02,5.239370535e-01
3906,9.765000000e-02,1.522185204e-01,1.539135249e+02,1.557180500e+01,1.378177746e+02,5.239453395e-01
3907,9.767500000e-02,1.522605442e-01,1.539215024e+02,1.556747347e+01,1.378300753e+02,5.239536161e-01
3908,9.770000000e-02,1.523025673e-01,1.539294755e+02,1.556314564e+01,1.378423680e+02,5.239618826e-01
3909,9.772500000e-02,1.523445894e-01,1.539374445e+02,1.555882184e+01,1.378546525e+02,5.239701386e-01
3910,9.775000000e-02,1.523866103e-01,1.539454091e+02,1.555450235e+01,1.378669284e+02,5.239783836e-01
3911,9.777500000e-02,1.524286297e-01,1.539533696e+02,1.555018737e+01,1.378791956e+02,5.239866172e-01
3912,9.780000000e-02,1.524706476e-01,1.539613257e+02,1.554587705e+01,1.378914539e+02,5.239948393e-01
3913,9.782500000e-02,1.525126638e-01,1.539692777e+02,1.554157153e+01,1.379037031e+02,5.240030496e-01
3914,9.785000000e-02,1.525546783e-01,1.539772254e+02,1.553727088e+01,1.379159433e+02,5.240112480e-01
3915,9.787500000e-02,1.525966909e-01,1.539851689e+02,1.553297516e+01,1.379281743e+02,5.240194344e-01
3916,9.790000000e-02,1.526387018e-01,1.539931081e+02,1.552868443e+01,1.379403961e+02,5.240276088e-01
3917,9.792500000e-02,1.526807108e-01,1.540010431e+02,1.552439870e+01,1.379526087e+02,5.240357710e-01
3918,9.795000000e-02,1.527227180e-01,1.540089739e+02,1.552011605e+01,1.379648140e+02,5.240439212e-01
3919,9.797500000e-02,1.527647273e-01,1.540169005e+02,1.551583175e+01,1.379770167e+02,5.240520682e-01
3920,9.800000000e-02,1.528067412e-01,1.540248229e+02,1.551154271e+01,1.379892200e+02,5.240602241e-01
3921,9.802500000e-02,1.528487589e-01,1.540327411e+02,1.550724910e+01,1.380014236e+02,5.240683903e-01
3922,9.805000000e-02,1.528907790e-01,1.540406550e+02,1.550295243e+01,1.380136261e+02,5.240765636e-01
3923,9.807500000e-02,1.529328004e-01,1.540485648e+02,1.549865443e+01,1.380258256e+02,5.240847402e-01
3924,9.810000000e-02,1.529748221e-01,1.540564703e+02,1.549435664e+01,1.380380208e+02,5.240929164e-01
3925,9.812500000e-02,1.530168435e-01,1.540643717e+02,1.549006031e+01,1.380502103e+02,5.241010894e-01
3926,9.815000000e-02,1.530588640e-01,1.540722688e+02,1.548576640e+01,1.380623932e+02,5.241092570e-01
3927,9.817500000e-02,1.531008835e-01,1.540801617e+02,1.548147560e+01,1.380745687e+02,5.241174175e-01
3928,9.820000000e-02,1.531429016e-01,1.540880505e+02,1.547718844e+01,1.380867365e+02,5.241255695e-01
3929,9.822500000e-02,1.531849182e-01,1.540959350e+02,1.547290531e+01,1.380988960e+02,5.241337123e-01
3930,9.825000000e-02,1.532269332e-01,1.541038154e+02,1.546862646e+01,1.381110471e+02,5.241418450e-01
3931,9.827500000e-02,1.532689465e-01,1.541116915e+02,1.546435212e+01,1.381231895e+02,5.241499672e-01
3932,9.830000000e-02,1.533109580e-01,1.541195635e+02,1.546008241e+01,1.381353230e+02,5.241580786e-01
3933,9.832500000e-02,1.533529677e-01,1.541274313e+02,1.545581746e+01,1.381474477e+02,5.241661787e-01
3934,9.835000000e-02,1.533949756e-01,1.541352950e+02,1.545155733e+01,1.381595634e+02,5.241742676e-01
3935,9.837500000e-02,1.534369816e-01,1.541431544e+02,1.544730208e+01,1.381716700e+02,5.241823448e-01
3936,9.840000000e-02,1.534789857e-01,1.541510098e+02,1.544305175e+01,1.381837676e+02,5.241904105e-01
3937,9.842500000e-02,1.535209880e-01,1.541588609e+02,1.543880637e+01,1.381958561e+02,5.241984645e-01
3938,9.845000000e-02,1.535629885e-01,1.541667079e+02,1.543456597e+01,1.382079354e+02,5.242065068e-01
3939,9.847500000e-02,1.536049870e-01,1.541745507e+02,1.543033055e+01,1.382200057e+02,5.242145372e-01
3940,9.850000000e-02,1.536469836e-01,1.541823894e+02,1.542610013e+01,1.382320668e+02,5.242225559e-01
3941,9.852500000e-02,1.536889784e-01,1.541902240e+02,1.542187471e+01,1.382441187e+02,5.242305628e-01
3942,9.855000000e-02,1.537309713e-01,1.541980544e+02,1.541765430e+01,1.382561616e+02,5.242385578e-01
3943,9.857500000e-02,1.537729623e-01,1.542058807e+02,1.541343890e+01,1.382681953e+02,5.242465411e-01
3944,9.860000000e-02,1.538149514e-01,1.542137029e+02,1.540922849e+01,1.382802199e+02,5.242545126e-01
3945,9.862500000e-02,1.538569386e-01,1.542215209e+02,1.540502309e+01,1.382922354e+02,5.242624723e-01
3946,9.865000000e-02,1.538989240e-01,1.542293349e+02,1.540082268e+01,1.383042418e+02,5.242704202e-01
3947,9.867500000e-02,1.539409074e-01,1.542371447e+02,1.539662727e+01,1.383162391e+02,5.242783563e-01
3948,9.870000000e-02,1.539828890e-01,1.542449504e+02,1.539243685e+01,1.383282273e+02,5.242862808e-01
3949,9.872500000e-02,1.540248687e-01,1.542527520e+02,1.538825143e+01,1.383402064e+02,5.242941935e-01
3950,9.875000000e-02,1.540668465e-01,1.542605495e+02,1.538407099e+01,1.383521764e+02,5.243020946e-01
3951,9.877500000e-02,1.541088225e-01,1.542683429e+02,1.537989555e+01,1.383641374e+02,5.243099839e-01
3952,9.880000000e-02,1.541507966e-01,1.542761323e+02,1.537572402e+01,1.383760904e+02,5.243178617e-01
3953,9.882500000e-02,1.541927715e-01,1.542839175e+02,1.537155374e+01,1.383880381e+02,5.243257311e-01
3954,9.885000000e-02,1.542347496e-01,1.542916987e+02,1.536738291e+01,1.383999822e+02,5.243335978e-01
3955,9.887500000e-02,1.542767298e-01,1.542994758e+02,1.536321187e+01,1.384119224e+02,5.243414623e-01
3956,9.890000000e-02,1.543187111e-01,1.543072488e+02,1.535904164e+01,1.384238578e+02,5.243493229e-01
3957,9.892500000e-02,1.543606926e-01,1.543150177e+02,1.535487327e+01,1.384357873e+02,5.243571777e-01
3958,9.895000000e-02,1.544026736e-01,1.543227826e+02,1.535070761e+01,1.384477099e+02,5.243650252e-01
3959,9.897500000e-02,1.544446536e-01,1.543305434e+02,1.534654531e+01,1.384596252e+02,5.243728642e-01
3960,9.900000000e-02,1.544866324e-01,1.543383001e+02,1.534238685e+01,1.384715325e+02,5.243806938e-01
3961,9.902500000e-02,1.545286098e-01,1.543460528e+02,1.533823255e+01,1.384834317e+02,5.243885135e-01
3962,9.905000000e-02,1.545705857e-01,1.543538014e+02,1.533408266e+01,1.384953224e+02,5.243963227e-01
3963,9.907500000e-02,1.546125598e-01,1.543615459e+02,1.532993734e+01,1.385072044e+02,5.244041212e-01
3964,9.910000000e-02,1.546545323e-01,1.543692864e+02,1.532579671e+01,1.385190778e+02,5.244119088e-01
3965,9.912500000e-02,1.546965030e-01,1.543770229e+02,1.532166083e+01,1.385309424e+02,5.244196854e-01
3966,9.915000000e-02,1.547384719e-01,1.543847553e+02,1.531752977e+01,1.385427981e+02,5.244274510e-01
3967,9.917500000e-02,1.547804390e-01,1.543924837e+02,1.531340356e+01,1.385546449e+02,5.244352053e-01
3968,9.920000000e-02,1.548224042e-01,1.544002080e+02,1.530928221e+01,1.385664829e+02,5.244429486e-01
3969,9.922500000e-02,1.548643676e-01,1.544079284e+02,1.530516575e+01,1.385783119e+02,5.244506806e-01
3970,9.925000000e-02,1.549063292e-01,1.544156447e+02,1.530105418e+01,1.385901321e+02,5.244584015e-01
3971,9.927500000e-02,1.549482889e-01,1.544233570e+02,1.529694751e+01,1.386019433e+02,5.244661112e-01
3972,9.930000000e-02,1.549902468e-01,1.544310652e+02,1.529284573e+01,1.386137457e+02,5.244738098e-01
3973,9.932500000e-02,1.550322029e-01,1.544387695e+02,1.528874885e+01,1.386255391e+02,5.244814972e-01
3974,9.935000000e-02,1.550741571e-01,1.544464698e+02,1.528465686e+01,1.386373237e+02,5.244891736e-01
3975,9.937500000e-02,1.551161094e-01,1.544541660e+02,1.528056975e+01,1.386490994e+02,5.244968388e-01
3976,9.940000000e-02,1.551580599e-01,1.544618583e+02,1.527648751e+01,1.386608663e+02,5.245044931e-01
3977,9.942500000e-02,1.552000086e-01,1.544695466e+02,1.527241013e+01,1.386726243e+02,5.245121363e-01
3978,9.945000000e-02,1.552419555e-01,1.544772308e+02,1.526833759e+01,1.386843735e+02,5.245197685e-01
3979,9.947500000e-02,1.552839005e-01,1.544849111e+02,1.526426985e+01,1.386961139e+02,5.245273898e-01
3980,9.950000000e-02,1.553258438e-01,1.544925875e+02,1.526020689e+01,1.387078456e+02,5.245350000e-01
3981,9.952500000e-02,1.553677852e-01,1.545002598e+02,1.525614868e+01,1.387195686e+02,5.245425993e-01
3982,9.955000000e-02,1.554097249e-01,1.545079282e+02,1.525209522e+01,1.387312828e+02,5.245501877e-01
3983,9.957500000e-02,1.554516627e-01,1.545155926e+02,1.524804652e+01,1.387429884e+02,5.245577650e-01
3984,9.960000000e-02,1.554935988e-01,1.545232531e+02,1.524400257e+01,1.387546852e+02,5.245653314e-01
3985,9.962500000e-02,1.555355331e-01,1.545309096e+02,1.523996339e+01,1.387663733e+02,5.245728867e-01
3986,9.965000000e-02,1.555774656e-01,1.545385622e+02,1.523592896e+01,1.387780528e+02,5.245804312e-01
3987,9.967500000e-02,1.556193964e-01,1.545462108e+02,1.523189929e+01,1.387897235e+02,5.245879646e-01
3988,9.970000000e-02,1.556613253e-01,1.545538554e+02,1.522787437e+01,1.388013856e+02,5.245954871e-01
3989,9.972500000e-02,1.557032525e-01,1.545614962e+02,1.522385420e+01,1.388130390e+02,5.246029987e-01
3990,9.975000000e-02,1.557451779e-01,1.545691330e+02,1.521983879e+01,1.388246837e+02,5.246104993e-01
3991,9.977500000e-02,1.557871015e-01,1.545767658e+02,1.521582812e+01,1.388363197e+02,5.246179890e-01
3992,9.980000000e-02,1.558290234e-01,1.545843948e+02,1.521182220e+01,1.388479471e+02,5.246254679e-01
3993,9.982500000e-02,1.558709435e-01,1.545920198e+02,1.520782102e+01,1.388595658e+02,5.246329359e-01
3994,9.985000000e-02,1.559128618e-01,1.545996409e+02,1.520382458e+01,1.388711759e+02,5.246403930e-01
3995,9.987500000e-02,1.559547783e-01,1.546072581e+02,1.519983287e+01,1.388827774e+02,5.246478393e-01
3996,9.990000000e-02,1.559966931e-01,1.546148714e+02,1.519584589e+01,1.388943702e+02,5.246552748e-01
3997,9.992500000e-02,1.560386061e-01,1.546224807e+02,1.519186363e+01,1.389059544e+02,5.246626995e-01
3998,9.995000000e-02,1.560805174e-01,1.546300862e+02,1.518788610e+01,1.389175300e+02,5.246701135e-01
3999,9.997500000e-02,1.561224269e-01,1.546376878e+02,1.518391328e+01,1.389290970e+02,5.246775167e-01
4000,1.000000000e-01,1.561643346e-01,1.546452855e+02,1.517994518e+01,1.389406554e+02,5.246849093e-01
