delta_s_mm,delta_mm,Ps_N,P_N,max_damage,mean_damage,nElem_D_ge_0p005,nElem_D_ge_0p050,nElem_D_ge_0p950,nElem_D_ge_liveThreshold,newton_iterations,relative_residual,mean_h_oliver_mm,min_h_oliver_mm,max_h_oliver_mm,saved_png
0.000164012899913038,0.000888858939947568,-8.3355288597051e-09,1205.21242892974,0,0,0,0,0,0,2,9.89529523176511e-11,7.55235794658597,1.91279658321332,16.4229189464684,
0.000328025799862306,0.00177771787974657,-8.33557965311321e-09,2410.42485608161,0,0,0,0,0,0,2,4.94888835659811e-11,7.55235794657409,1.91279658320646,16.4229189474375,
0.000492038699811577,0.00266657681954557,-8.33570368421544e-09,3615.63728323348,0,0,0,0,0,0,2,3.29815602732202e-11,7.55235794657013,1.91279658320417,16.4229189477605,
0.000656051599760847,0.00355543575934457,-8.33546215004647e-09,4820.84971038534,0,0,0,0,0,0,2,2.47361702075844e-11,7.55235794656813,1.91279658320303,16.4229189479219,
0.000812490541192381,0.00441256120286292,-1.98926649892101e-13,5965.55674816919,0.326052869210434,0.000347883272564975,31,29,0,31,5,6.01149001015384e-09,7.55182850759412,1.91232639965696,16.4361900708119,
0.000958846404364535,0.00522679944784729,-1.45312594964676e-13,7029.29626305782,0.533929872301569,0.000835475119113948,33,33,0,33,5,4.24852816398162e-12,7.55071721693497,1.91168845564004,16.4563910808357,
0.00110547198027653,0.00604197721201938,-3.49852617579152e-12,8094.82060335093,0.645848231517679,0.00107305499269035,34,33,0,34,4,2.66740719646235e-07,7.54995203852457,1.91126250978941,16.4710187026844,
0.00125150513693511,0.00685442085000229,2.60496377073316e-13,9155.09142372158,0.720147739239941,0.00123910088089697,39,35,0,39,4,4.74914140468105e-07,7.54952228671814,1.91089453270862,16.4825640512402,
0.00139473700002787,0.00765702401163087,4.95970452207839e-13,10196.83815865,0.773261557452753,0.00144391087752728,54,47,0,54,5,1.2263280900998e-10,7.54895248458873,1.91056016615675,16.493556012668,
0.00152394441500747,0.00841666319650055,-8.46495182976748e-14,11158.761426127,0.816828677523917,0.0020069891089492,93,83,0,93,5,1.70676601163979e-09,7.54863383854662,1.90981464871771,16.5094281301623,
0.00163737302657145,0.00911538673834427,-9.87700372878653e-13,12009.5292557735,0.850025622611366,0.0029415757039238,141,132,0,141,5,4.51995311132801e-11,7.54807642566269,1.90901737054228,16.5323135944251,
0.00174236192246793,0.00978072226537892,1.02610270540787e-12,12799.5121953994,0.874184267558337,0.00387617174400855,163,156,0,163,6,2.7698081173929e-10,7.54773367175544,1.90837046449663,16.5580070270544,
0.00184257853709458,0.0104271464451701,-1.02091181645655e-12,13555.3377264003,0.892365364845469,0.00472984263634174,188,176,0,188,5,1.81652831003702e-08,7.54698690325713,1.907921678529,16.5835434980883,
0.00193330867470285,0.0110351223957257,-2.10912884379688e-13,14242.5063276888,0.906937210892438,0.00576047402091086,238,225,0,238,5,9.02659188001488e-08,7.54577876734987,1.90755140937751,16.6089322890189,
0.00201353119137586,0.0116005894706716,1.24468664541855e-12,14853.2750923562,0.918527015429514,0.00697364569433562,283,265,0,283,5,1.56872769813782e-07,7.54446412669811,1.90723574434486,16.6359328003664,
0.00208555410061634,0.0121316045583364,-6.97743945954343e-13,15402.33801979,0.92793670506269,0.00826080632248777,336,312,0,336,5,7.39075591162959e-08,7.54339992624854,1.90711647665375,16.6642940394542,
0.00214963039646381,0.0126303893339717,-2.17641269589786e-12,15892.9644975161,0.935773526988516,0.00967922221895288,393,367,0,393,5,2.7689304557068e-08,7.54252004418696,1.90721581497411,16.6931228546953,
0.00220495073367675,0.0130932585556141,-2.50797646539347e-13,16317.4437189744,0.942332812938192,0.0112919548652688,446,416,0,446,6,1.09908872702146e-10,7.5420306719274,1.90782980494004,16.7220470092142,
0.00225529462384037,0.0135340388182019,-9.05382539773125e-13,16701.0382994936,0.947762171587239,0.0128646137510899,494,461,0,494,7,1.37584391133087e-10,7.54160129270885,1.9088054564305,16.7517931468207,
0.00230030801051684,0.0139536504276128,-2.49415939290731e-13,17042.5707623408,0.952421277291496,0.0145711098711024,580,531,12,580,6,4.33159907556926e-12,7.54095834115829,1.91074509111038,16.7811186566499,
0.00233855290840159,0.0143470623057219,-9.89574741594446e-13,17330.6876873578,0.956407173463961,0.016531655561923,649,598,24,649,7,8.61925749108512e-13,7.5401954828947,1.91390555220169,16.8101753140806,
0.00237108825995443,0.0147205836077642,2.49453062373117e-12,17575.7915401485,0.959857701436103,0.0185944760948617,716,664,30,716,7,2.10934014467523e-10,7.53946459893526,1.91822684932942,16.8390812863623,
0.00239929600008748,0.0150797565794977,4.79084653892681e-13,17788.1025018156,0.962870297865312,0.0206243918946491,797,720,33,797,7,1.25579312419732e-08,7.5386389554698,1.92255862956249,16.8673926597859,
0.00242170047074843,0.0154221532751154,7.2518119981213e-13,17958.1651633452,0.965517677866777,0.0228665254146601,890,807,33,890,6,4.59700307978774e-08,7.53761815557913,1.92576597025557,16.8943639800413,
0.00243834164248457,0.0157488795818599,-7.51882930916103e-13,18085.1709591762,0.967855847886231,0.025356898369877,1005,898,34,1005,7,2.24450704826614e-10,7.5366103165785,1.92815462643542,16.9198350013088,
0.00244823442851795,0.0160599485343432,-4.83724171829181e-13,18162.7835075642,0.969933518822826,0.0283014965077421,1118,997,34,1118,7,7.01198501854167e-09,7.53545746567305,1.92994288508105,16.942931903258,
0.0024482801402138,0.016354192577266,-2.17307075112139e-13,18175.5223892807,0.971801446973916,0.0321152728805721,1315,1167,34,1315,8,4.89011797042753e-10,7.53428647858882,1.93089114754504,16.9613353273231,
0.00241114158659904,0.0165966826728401,1.84940604497363e-12,17946.0683695116,0.973477039969973,0.0392773952854481,1423,1310,35,1423,126,1.11873397615502e-07,7.53247250098185,1.92943912252362,16.9580291349447,
0.0023724730469748,0.0168328798205814,-2.16095197291821e-12,17680.7771374932,0.974927137971981,0.0433139937667026,1426,1324,38,1426,12,2.24149044094518e-12,7.53106567638007,1.92826850462935,16.9524794019336,
0.00233704847722741,0.0170713878785129,-1.08657874364759e-13,17425.1871414514,0.976236053471356,0.0456627177021137,1428,1325,48,1428,10,2.87101961260671e-11,7.53006442971486,1.92737664205712,16.9481400638958,
0.0023033385300338,0.0173112252400645,2.82216958136239e-13,17175.5240340397,0.977432817676033,0.0472175607427011,1429,1325,54,1429,8,2.23159404724947e-12,7.52934177687946,1.92663789366996,16.9444491525206,
0.00227067693836198,0.017552153528287,-5.06927833043846e-13,16930.5887706621,0.978534280419584,0.0483352181236662,1429,1326,60,1429,8,6.1348492596399e-10,7.52878894760638,1.92601348671017,16.9411726774708,
0.00223877636241858,0.0177941617584399,1.02358573006445e-12,16690.0219469029,0.97955289509362,0.0491839101597481,1429,1326,74,1429,7,3.11463408581398e-07,7.52834364696042,1.92548560811727,16.9382026309341,
0.00220753888111612,0.0180373181137357,4.67638081036448e-13,16453.7351292256,0.98049804800292,0.0498516120293998,1430,1326,96,1430,8,7.4181379199934e-13,7.52797010207669,1.9250319144806,16.9354776190633,
0.00217694529981287,0.0182817582538613,-8.03891675449364e-13,16221.7557050487,0.981377993742116,0.050389135519427,1430,1326,113,1430,7,2.19667032483715e-12,7.52763914913606,1.92463614217704,16.9329262669793,
0.00214686497308352,0.0185273848463615,-5.84700690642315e-13,15993.7766276229,0.982199011438901,0.050827923498327,1430,1327,134,1430,7,1.84494524022736e-08,7.52736568179238,1.92428841986452,16.9305570468418,
0.00211719286861746,0.0187741127792558,-1.80964227977642e-12,15769.3618884749,0.982966209526379,0.051195247398536,1430,1327,160,1430,7,5.63583706873298e-09,7.52713604233005,1.9239847938182,16.9283396415659,
0.00208796294270788,0.0190219839001588,-1.12297324217359e-13,15548.5133623928,0.983684828576829,0.0515075584935233,1430,1327,199,1430,7,7.84695006913934e-09,7.52692280451983,1.92371426185017,16.9262391173469,
0.00205919247803053,0.0192710870138094,-2.52870901301661e-12,15331.3664014578,0.984359563530889,0.0517767799297115,1430,1327,266,1430,7,4.46032087314004e-08,7.52671709703679,1.92346746942779,16.9242187011391,
0.00203087787403065,0.0195214229207841,-3.23546506426908e-12,15117.9304263503,0.984994247049429,0.0520109750734999,1430,1327,330,1430,6,2.25363631089416e-08,7.52651632010965,1.92324253201901,16.9222946708006,
0.00200302698668269,0.0197729694564042,1.23991377061483e-12,14908.0998279438,0.985592122471214,0.0522162414343021,1430,1327,403,1430,6,3.13531310134611e-10,7.52633033611142,1.92303620105175,16.9204595220801,
0.00197565049552794,0.0200257116752513,-1.65558408996014e-12,14701.8143616549,0.986156116380939,0.0523975569966358,1430,1327,470,1430,6,2.016087334605e-08,7.52615614880888,1.92284549279891,16.9187062497862,
0.00194870544271685,0.020279633560103,1.33649189805463e-12,14498.9731193152,0.986687466462538,0.0525588227606863,1430,1327,530,1430,5,2.87481633887544e-08,7.52599892361941,1.92266817918568,16.9170269611475,
0.00192220883658242,0.0205347363021437,-1.31376051530629e-12,14299.5976798556,0.987189947807966,0.0527029711402605,1430,1327,596,1430,6,9.94699393857782e-08,7.52584397718542,1.92250354871369,16.915446916859,
0.00189610641549133,0.0207909795257262,-2.41844521839396e-12,14103.5423697593,0.987666032446833,0.0528324082680989,1430,1327,652,1430,6,2.66037078327115e-07,7.52569973632213,1.92235043138906,16.9139539803232,
0.00187035873525687,0.0210483474692807,-3.22231325823596e-12,13910.7259046591,0.988117606902955,0.0529492515134584,1430,1327,704,1430,7,3.75374447020136e-09,7.52556484830056,1.92220732612885,16.9125383133244,
0.00184496542991301,0.0213068326215998,6.35870479534506e-13,13721.1200750008,0.988545027899896,0.0530552366321254,1430,1327,739,1430,6,9.97679769878025e-08,7.52543617211158,1.92207382951954,16.9111944649535,
0.00181992606809635,0.0215664094025504,1.3576652822811e-12,13534.6136341107,0.988949441424082,0.0531518684424221,1430,1327,751,1430,6,1.13052697217993e-07,7.52531457742839,1.92194914181636,16.9099152699027,
0.00179523208368208,0.021827070999336,-1.14282455027093e-12,13351.1414237469,0.989334347051136,0.0532402752079755,1430,1327,765,1430,6,7.08629372704337e-08,7.52519809772694,1.92183318306487,16.9086979333895,
0.00177089596666384,0.022088800359478,3.06513278300335e-12,13170.6569487405,0.989701047457962,0.0533213948877777,1430,1327,783,1430,7,1.57731267735396e-10,7.52507937140799,1.92172479537848,16.9075298353697,
0.00174689279878375,0.0223515687490867,-1.7917698574843e-13,12993.0650162935,0.990050698636313,0.0533961063917753,1430,1327,798,1430,6,4.05443170160387e-10,7.52496765464167,1.92162268761313,16.9064039079301,
0.0017232152845811,0.0226153644354077,7.25451816674383e-13,12818.3154834866,0.990384379602694,0.0534650859980369,1430,1327,812,1430,6,1.56121995554629e-07,7.52486368857778,1.9215261969375,16.9053165568468,
0.00169985802776499,0.0228801912198651,-4.70133003707685e-12,12646.4199653068,0.990703115906734,0.0535288762705416,1430,1327,824,1430,5,1.65922870807175e-07,7.52476119740351,1.92143469076597,16.9042683697339,
0.00167681836414094,0.0231460294465342,-3.33187470669127e-13,12477.2875617408,0.991007770223952,0.0535879543561339,1430,1327,831,1430,6,6.46915226202683e-08,7.52466391819185,1.92134749534696,16.9032531429797,
0.0016540908792427,0.0234128682609136,-1.45801990272809e-12,12310.8721669506,0.99129916494394,0.0536427804458501,1430,1327,837,1430,6,2.54586348582102e-08,7.52457097432282,1.92126417320036,16.9022694967637,
0.00163166963274832,0.0236807023823809,-1.28698527529503e-12,12147.1413480023,0.991578112746256,0.053693772734429,1430,1327,839,1430,6,1.91648426311665e-09,7.5244740587904,1.92118452371869,16.9013123329907,
0.00160953531817807,0.023949499284262,2.5256836552745e-12,11985.9953753253,0.991845302766455,0.0537412940778757,1430,1327,840,1430,6,6.19073579367613e-09,7.52437756709417,1.92110823662686,16.9003782336052,
0.00158764868743259,0.0242192388010433,4.09089428998755e-13,11827.355441301,0.992101378664828,0.0537857678882824,1430,1327,842,1430,5,4.5100607228395e-08,7.52428435651422,1.92103663370494,16.8994703377084,
0.00156599614396987,0.0244898986440574,5.99487473551541e-13,11671.1643729559,0.992346935918941,0.0538275013150735,1430,1327,845,1430,6,3.12718671114655e-09,7.52419365337201,1.92097082440615,16.8985866494563,
0.00154458926422071,0.0247614619168415,-7.91059925897564e-13,11517.3831907399,0.992582549764461,0.0538667332965291,1430,1327,850,1430,5,3.38236277204189e-08,7.52410622637624,1.92090954876117,16.8977261934376,
0.00152344395052037,0.0250339165625684,-1.83979914636367e-12,11365.9615145155,0.992808767676496,0.0539036712256064,1430,1327,850,1430,6,1.66525090033312e-12,7.52402172994582,1.92085081523908,16.8968798947129,
0.0015025506473701,0.0253072378598892,-3.47237516518106e-12,11216.8357213608,0.993026070703491,0.0539385025732142,1430,1327,853,1430,5,3.27380157297225e-10,7.52394008349545,1.92079473571068,16.8960548617046,
0.00148192129942161,0.0255814096157208,1.60392098907947e-12,11069.9568384888,0.993234919806744,0.0539714052936032,1430,1327,855,1430,6,4.70913681328779e-11,7.52386238798148,1.9207409380584,16.8952471042495,
0.00146156084778176,0.0258564242512742,9.77045701289203e-13,10925.3064350458,0.993435745384032,0.0540025297449595,1430,1327,857,1430,5,2.53630108035165e-09,7.52378631129495,1.92068937687924,16.8944545758665,
0.00144146540113985,0.026132274119717,-1.35393692785035e-12,10782.861762576,0.993628951275243,0.054032008163675,1430,1327,857,1430,5,4.52746982888026e-10,7.52371210653236,1.92063980598468,16.8936762251608,
0.00142162624293289,0.0264089365435798,-2.7118671891424e-12,10642.545818967,0.993814912902409,0.0540599687110422,1430,1327,858,1430,5,7.36459658735997e-11,7.52364188891771,1.92059191575011,16.8929103951141,
0.00140203609531635,0.026686402641922,8.04298468104481e-13,10504.3305091686,0.99400216159779,0.0540865190166007,1430,1327,858,1430,5,5.03279384388409e-12,7.52357367498387,1.92054567077616,16.8921566894257,
0.00138270409059289,0.0269646690054123,-5.39690687972882e-13,10368.207684334,0.994220126778914,0.0541117544206311,1430,1327,859,1430,5,1.94020974552513e-11,7.52350664886257,1.92050108462881,16.8914156168863,
0.00136363010233398,0.0272437161032116,7.78780685772862e-13,10234.11944272,0.994427449689386,0.0541357664665029,1430,1327,859,1430,5,1.87569122695165e-12,7.52344029966518,1.92045789022672,16.8906860142316,
0.00134481393723251,0.0275235376722126,-5.93147059246846e-13,10102.0461207568,0.994624802740885,0.0541586345655388,1430,1327,860,1430,5,2.88297501904365e-13,7.52337507899183,1.92041606511286,16.8899664921038,
0.00132623701956385,0.0278041276363537,1.29652963712368e-11,9971.96344086039,0.994812812184007,0.0541804318723557,1430,1327,861,1430,4,3.87728394473045e-07,7.52330997059397,1.92037558787845,16.8892531954138,
0.00130789996270476,0.0280854646022024,1.32814046219232e-11,9843.80986870098,0.994992088220128,0.0542012317596225,1430,1327,861,1430,4,6.629904130858e-07,7.52324802234854,1.92033626238894,16.8885482838459,
0.00128979963481216,0.0283675420958129,1.61917718816129e-11,9717.57317449941,0.995163143549236,0.0542210930577567,1430,1327,862,1430,4,4.57278738586718e-07,7.5231876614785,1.92029815671658,16.8878539792535,
0.00127192913445162,0.0286503591209799,3.41016537924732e-12,9593.25280512297,0.995326464698407,0.0542400705374567,1430,1327,862,1430,4,9.99348019853509e-08,7.52312447011477,1.92026110643429,16.8871698462061,
0.00125429130990184,0.0289338888687823,3.4631906717375e-12,9470.76386931247,0.995482532501309,0.0542582236536878,1430,1327,862,1430,4,1.53415586994566e-07,7.52306322887732,1.92022496000642,16.8864948764496,
0.00123687445573969,0.0292181185960008,-6.81217235398712e-13,9350.07222135418,0.995631768114761,0.05427560151469,1430,1327,863,1430,4,3.73417626240546e-11,7.52300505198612,1.92018978299535,16.8858291534359,
0.00121967348062068,0.0295030381220491,-1.43595205170932e-13,9231.1480367628,0.995774561633355,0.0542922491645476,1430,1327,863,1430,4,3.25422934828502e-11,7.52294962829888,1.92015552891984,16.8851714044464,
0.00120268453660278,0.0297886363907573,-8.02245422870662e-13,9113.96090153063,0.995911274541046,0.0543082077196186,1430,1327,863,1430,4,2.83771395206284e-11,7.52289647721243,1.9201221736666,16.8845220474478,
0.00118590456617276,0.030074902753246,-1.38960024043122e-12,8998.48189115402,0.996042242922264,0.0543235157290928,1430,1327,863,1430,4,2.46635669018033e-11,7.52284490338269,1.92008969356071,16.883881643267,
0.00116933008554795,0.0303618269138074,-1.74644326778051e-12,8884.68228828572,0.996167779568265,0.0543382093830161,1430,1327,863,1430,4,2.15116981208315e-11,7.52279501317324,1.92005805543555,16.8832500524488,
0.00115295892742413,0.0306493990362103,6.50533446555634e-13,8772.53450498405,0.996288175558074,0.0543523216283709,1430,1327,863,1430,4,1.88748496578854e-11,7.52274775580104,1.92002720458148,16.8826269487247,
0.00113678725539403,0.0309376109197274,-6.65928250043191e-13,8662.01663692567,0.996403698874001,0.0543658802460937,1430,1327,863,1430,4,2.55983834721516e-11,7.52270144740129,1.91999715682331,16.8820122953892,
0.00112080855164721,0.0312264516027622,9.28319920934229e-14,8553.09812703282,0.996514604472092,0.0543789172394717,1430,1327,863,1430,4,1.41735459628271e-11,7.52265666162115,1.91996791428407,16.8814058640724,
0.00110501976032196,0.0315159101220737,-1.26642012848732e-12,8445.74772376388,0.996621133016907,0.0543914602528769,1430,1327,863,1430,4,1.24393500328378e-11,7.52261371947506,1.91993938057107,16.8808073313143,
0.0010894167707017,0.0318059771060383,5.91256210658031e-13,8339.93942096091,0.996723506370537,0.0544035339180637,1430,1327,863,1430,4,1.07195944166233e-11,7.52257463827309,1.9199115152855,16.8802164914189,
0.00107399752060809,0.0320966425684391,-5.22976627281846e-13,8235.64668612763,0.996821932237418,0.0544151616423076,1430,1327,863,1430,4,9.32413846284808e-12,7.52253860802632,1.91988433180708,16.8796333202989,
0.0010587588455679,0.0323878979952812,-1.00153045579088e-12,8132.84526700161,0.99691660561723,0.0544263656842161,1430,1327,863,1430,4,8.08470601829143e-12,7.52250920493597,1.91985779425607,16.879056876726,
0.00104369702916034,0.0326797334563485,3.16402286315576e-13,8031.50920654128,0.997007709033156,0.0544371669380877,1430,1327,863,1430,4,6.92584473516187e-12,7.5224896428607,1.91983190500656,16.8784880139679,
0.00102880296063548,0.0329721449435506,-2.28893813625231e-12,7931.61997846108,0.997095416728308,0.0544475843698378,1430,1327,863,1430,4,6.1321125064489e-12,7.52248031944508,1.91980685596225,16.8779293867899,
0.0010140792106621,0.0332651182064752,-1.09736872366817e-13,7833.14733238326,0.997179887041447,0.0544576357519422,1430,1327,863,1430,4,5.33793524096317e-12,7.52242242911757,1.91978241196482,16.8773780275265,
0.000999522549674078,0.0335586444949389,1.83195038999662e-12,7736.06773967447,0.997261271774231,0.0544673388391966,1430,1327,863,1430,4,4.69174128768802e-12,7.52236797815697,1.91975855650618,16.8768338267786,
0.000985129837089042,0.0338527152031356,-1.3024819937868e-12,7640.35812236916,0.99733971385638,0.0544767095899957,1430,1327,863,1430,4,4.01635914518867e-12,7.52231825579662,1.91973527355558,16.8762966830924,
0.000970897431795874,0.0341473219834728,3.48984079481807e-12,7545.99614514925,0.99741534798473,0.0544857627947735,1430,1327,863,1430,4,3.53936971907334e-12,7.5222728105452,1.91971254468267,16.8757664870687,
0.00095682096584982,0.0344424567774167,-2.63175072012789e-12,7452.96028818946,0.99748830119922,0.0544945129795901,1430,1327,863,1430,4,3.0349986070551e-12,7.5222310337072,1.91969034782967,16.8752431133089,
0.000942900361324343,0.0347381119158596,-9.2527504755302e-13,7361.22982180708,0.99755869254705,0.0545029734243113,1430,1327,863,1430,4,2.6730809539078e-12,7.52218896366541,1.91966866380378,16.8747264380786,
0.000929132053060228,0.0350342788199023,-4.62363307363045e-12,7270.78215484263,0.997626635761773,0.0545111568663844,1430,1327,863,1430,4,2.30268225617371e-12,7.52212909414833,1.9196474878613,16.8742164134337,
0.000915512601560255,0.0353309491554854,-1.66733770887162e-12,7181.59535334773,0.997692238209867,0.0545190753232099,1430,1327,864,1430,4,1.9827993106583e-12,7.52205741135861,1.91962681470405,16.87371298703,
0.000902037603951937,0.0356281155595393,-2.50294099682358e-12,7093.65058251487,0.997755601052203,0.054526739981261,1430,1327,864,1430,4,1.73173745337654e-12,7.52199499545677,1.91960674214515,16.873216518389,
0.000888706340336944,0.0359257712498382,-3.2212336097126e-12,7006.92832128473,0.997816818549142,0.0545341615199652,1430,1327,864,1430,4,1.55765686449657e-12,7.521939311726,1.91958725244269,16.8727264892984,
0.00087551723414858,0.0362239078538464,-1.29030987283674e-12,6921.40692256433,0.997875982448035,0.0545413500723537,1430,1327,864,1430,4,1.31846686947817e-12,7.52188737051369,1.91956825028092,16.8722426851422,
0.000862452130643384,0.0365225203573642,-2.74251541615422e-13,6837.07170382788,0.997933177884004,0.0545483150540499,1430,1327,864,1430,4,1.12963890784001e-12,7.52183869376987,1.91954975056979,16.8717648248809,
0.000849518181519633,0.0368215992575741,3.29760090761466e-13,6753.89938851444,0.997988487648968,0.0545550657423181,1430,1327,864,1430,4,9.89945156588908e-13,7.52179303044135,1.91953171011242,16.871293082574,
0.000836737866485358,0.0371211383093573,2.14851877608502e-12,6671.87411624774,0.998041988299453,0.0545616101441319,1430,1327,864,1430,4,8.7013163685175e-13,7.52174779505334,1.91951402667168,16.8708272535488,
0.000824091379516127,0.0374211291678404,-1.62645634807501e-12,6590.97408395644,0.998093754285111,0.0545679570012823,1430,1327,864,1430,4,7.72644038468301e-13,7.52170256192587,1.91949675531161,16.8703674378062,
0.000811572152337168,0.0377215646555843,2.40888342259438e-12,6511.18055784326,0.998143855548197,0.0545741136589258,1430,1327,864,1430,4,6.53245573153269e-13,7.52165622500417,1.91947990167626,16.8699136035015,
0.000799177625440189,0.0380224380113313,-4.09331813236435e-12,6432.47591880929,0.998192358359337,0.054580087400007,1430,1327,864,1430,4,5.59832062291682e-13,7.52161060565093,1.9194634570017,16.869465681969,
0.000786905274897473,0.0383237425909733,-3.28722422546224e-12,6354.84288269522,0.998239325744478,0.0545858858055063,1430,1327,864,1430,4,4.87805546640053e-13,7.52156653501927,1.91944741295682,16.8690236067746,
0.000774752602491626,0.0386254718647389,1.92555303299424e-12,6278.26448705734,0.99828481767595,0.0545915153771767,1430,1327,864,1430,4,4.24917008100331e-13,7.52152322333279,1.91943176143816,16.8685873096475,
0.000762716888518542,0.0389276194428003,1.41872017606071e-12,6202.72414865938,0.998328891239204,0.054596982408618,1430,1327,864,1430,4,3.78333783725937e-13,7.52148085038603,1.9194164947635,16.8681567251449,
0.000750792840859232,0.0392301793528733,9.52293799372228e-13,6128.20627965367,0.998371600673634,0.0546022931398871,1430,1327,864,1430,4,3.24635974407828e-13,7.521439358388,1.91940160755979,16.8677317782094,
0.000738974417985253,0.0395331459647923,4.46670955431272e-12,6054.69612274741,0.998412997553929,0.0546074532950841,1430,1327,864,1430,4,2.88991075593987e-13,7.52139804709908,1.91938709774656,16.8673123583291,
0.000727266141524176,0.0398365124805211,-3.2336416530554e-12,5982.17618292222,0.998453131824903,0.0546124684141952,1430,1327,864,1430,4,3.3339740426547e-13,7.52135614712118,1.91937296182563,16.8668985474212,
0.000715665649598208,0.0401402728632427,-3.8144400832385e-15,5910.6309507401,0.998492050611768,0.0546173437621875,1430,1327,864,1430,4,2.32132199996582e-13,7.52131480416516,1.9193591911228,16.866490275422,
0.00070417039082773,0.0404444210229926,9.32113110654886e-13,5840.04496920087,0.998529798861888,0.0546220843539914,1430,1327,864,1430,4,2.25741653086036e-13,7.52127307716905,1.91934577009303,16.8660874258246,
0.000692778233541695,0.0407489512489885,-3.87465667189835e-13,5770.40346441053,0.99856641950339,0.0546266947604599,1430,1327,864,1430,4,1.69181431656024e-13,7.52123140191256,1.91933269802942,16.8656899230828,
0.000681487461866,0.0410538581399711,-4.03571208569542e-12,5701.69221482127,0.998601953453669,0.0546311790915636,1430,1327,864,1430,4,2.31807435205833e-13,7.52118976274759,1.91931999264286,16.8652976270227,
0.000670295295886931,0.041359135764618,-6.63402709502603e-13,5633.89643849283,0.998636440091268,0.0546355421711719,1430,1327,864,1430,4,2.39203565606781e-13,7.5211489387937,1.91930761890719,16.8649105915156,
0.000659199582045731,0.0416647786383223,1.37665443281088e-12,5567.00207887749,0.998669916909373,0.0546397881983777,1430,1327,864,1430,4,2.24254977741512e-13,7.52110665723103,1.91929557114936,16.8645287655307,
0.00064819819346699,0.0419707813704968,-2.36659953786744e-12,5500.99533678575,0.99870241976932,0.0546439213550525,1430,1327,864,1430,4,1.95745734790975e-13,7.52106466039021,1.91928384395046,16.8641520986673,
0.00063728903500137,0.0422771386626963,9.39752182321785e-13,5435.86266435303,0.998733982985574,0.0546479454655129,1430,1327,864,1430,4,1.92200164465641e-13,7.52102373767207,1.91927243201811,16.8637805421598,
0.000626470592081532,0.0425838453405414,-9.51177721655871e-13,5371.59087065522,0.998764639409584,0.0546518638457941,1430,1327,864,1430,4,2.85499982525279e-12,7.52098353113283,1.91926133038228,16.8634141092661,
0.00061574130104041,0.0428908963103979,-1.93642779762471e-12,5308.1669795976,0.998794420499163,0.0546556797224468,1430,1327,864,1430,4,1.90185467914165e-13,7.52094428871851,1.9192505341525,16.8630528028125,
0.00060509861308642,0.0431982859331066,6.07485552313325e-10,5245.57637347173,0.998823356432073,0.0546593970970392,1430,1327,864,1430,3,9.92742155479534e-07,7.52090540553789,1.91924002909956,16.862696309982,
0.000594539645772303,0.043506010374919,6.00446407655539e-10,5183.80970472402,0.99885147598205,0.0546630191804446,1430,1327,864,1430,3,9.52911192317373e-07,7.52086390428824,1.91922982933788,16.8623449053824,
0.000584062884581993,0.0438140642030794,5.93696245052185e-10,5122.85294243485,0.998878806889823,0.0546665490726476,1430,1327,864,1430,3,9.14601381680563e-07,7.52081945016488,1.91921992079389,16.861998383752,
0.000573666399988443,0.0441224426368658,5.89200468362888e-10,5062.69393951922,0.998905375707856,0.0546699896357264,1430,1327,864,1430,3,8.77827838554046e-07,7.52077460529251,1.91921029910453,16.8616567031935,
0.000563348304436684,0.0444311409726161,5.78815282053884e-10,5003.32076260461,0.998931207909909,0.0546733436624291,1430,1327,864,1430,3,8.42495413896379e-07,7.52073042477494,1.91920096003415,16.8613198257872,
0.000553102551170863,0.0447401563125603,5.73349995627338e-10,4944.72686744621,0.998956328184939,0.0546766137127661,1430,1327,864,1430,3,8.31187824468993e-07,7.52068623849777,1.91919204368565,16.8609903882786,
0.000542930977267646,0.045049482486978,5.66224877098301e-10,4886.8958583792,0.998980759762198,0.0546798027441987,1430,1327,864,1430,3,8.0065065427725e-07,7.52064203372652,1.91918341357874,16.8606658957147,
0.000532832056995052,0.0453591149028446,5.65614988060157e-10,4829.81605007934,0.999004525165458,0.0546829133076806,1430,1327,864,1430,3,7.68079443236774e-07,7.52059758234449,1.91917505562514,16.8603461177697,
0.000522803977618794,0.0456690491669707,5.59545329016121e-10,4773.47633325852,0.999027646057718,0.0546859477391314,1430,1327,864,1430,3,7.36668682966351e-07,7.52055389535311,1.91916696615254,16.8600310184908,
0.000512844958936019,0.0459792809593249,5.54568226789672e-10,4717.86579261723,0.999050143242622,0.0546889084083187,1430,1327,864,1430,3,7.0680386412397e-07,7.52051083102058,1.91915914160109,16.8597205628151,
0.000502953239334123,0.0462898060316437,5.49902681685555e-10,4662.97370382002,0.999072036722434,0.0546917974580607,1430,1327,864,1430,3,6.77828108297556e-07,7.52046695914098,1.91915157859142,16.8594147169219,
0.000493127083421309,0.0466006202056536,5.49028941301583e-10,4608.78952815627,0.999093345732864,0.05469461711962,1430,1327,864,1430,3,6.49832004288388e-07,7.52042352988688,1.91914427378303,16.8591134476174,
0.000483364771493271,0.0469117193723405,5.42560012921963e-10,4555.30290992219,0.999114088775869,0.0546973695312033,1430,1327,864,1430,3,6.23013834109429e-07,7.52038040063361,1.91913722397407,16.8588167230686,
0.000473664607730421,0.0472230994901784,5.38670466368846e-10,4502.50367173154,0.999134283653073,0.0547000567327121,1430,1327,864,1430,3,5.97120270879123e-07,7.5203379254029,1.9191304261057,16.8585245119557,
0.00046402491995225,0.0475347565837922,5.3610051364535e-10,4450.38181119296,0.999153947497231,0.0547026806185713,1430,1327,864,1430,3,5.72143489794612e-07,7.52029632852267,1.91912387716425,16.8582367843045,
0.000454444054763235,0.0478466867428706,5.29555927239337e-10,4398.9274969189,0.999173096801982,0.0547052430478886,1430,1327,864,1430,3,5.481566064764e-07,7.52025496412167,1.91911757419307,16.8579535107307,
0.000444920380756758,0.0481588861211246,5.2110257656255e-10,4348.13106633229,0.999191747450123,0.0547077458515988,1430,1327,864,1430,3,5.24990498259557e-07,7.52021389118097,1.91911151448291,16.857674663304,
0.000435452279202473,0.0484713509345871,5.21360764022677e-10,4297.98302030638,0.999209914740524,0.0547101907585948,1430,1327,864,1430,3,5.02684316105681e-07,7.52017353526885,1.91910569524306,16.8574002146281,
0.000426038160916639,0.0487840774608084,5.14949195372545e-10,4248.4740210866,0.999227613413359,0.0547125793467252,1430,1327,864,1430,3,4.81103751493978e-07,7.5201340601792,1.91910011390474,16.8571301382262,
0.000416665453400582,0.0490970627351004,5.2180554853138e-10,4199.5964370884,0.99924485755738,0.0547149131331773,1430,1327,864,1430,3,4.59666208007224e-07,7.52009579027655,1.91909477716921,16.8568643412285,
0.000407337706479391,0.0494103027890458,5.10700469001819e-10,4151.34043136089,0.999261660937359,0.0547171937905113,1430,1327,864,1430,3,4.39342259026864e-07,7.52005788133269,1.91908967813263,16.8566028324283,
0.000398058987585018,0.0497237937154751,5.02872326326722e-10,4103.69632628675,0.999278036819598,0.0547194228672874,1430,1327,864,1430,3,4.19898635968536e-07,7.52002129030136,1.9190848097445,16.8563456232041,
0.000388827776242953,0.0500375320268729,5.00960789452838e-10,4056.65539806775,0.999293997938603,0.0547216018228587,1430,1327,864,1430,3,4.01161742677609e-07,7.51998615021726,1.91908016969832,16.856092690555,
0.000379642577424034,0.0503515142911264,5.05289222057581e-10,4010.20906754307,0.999309556579664,0.0547237317104563,1430,1327,864,1430,3,3.83169277905957e-07,7.51995186486694,1.91907575606158,16.8558440121367,
0.000370501901153259,0.0506657371312942,4.99805435076215e-10,3964.34889871824,0.999324724597403,0.0547258140099369,1430,1327,864,1430,3,3.65351561344066e-07,7.51991866447628,1.91907156644836,16.8555995668692,
0.000361404282536613,0.0509801972241656,4.96735665567096e-10,3919.06659552868,0.999339513433831,0.0547278501231021,1430,1327,864,1430,3,3.49380617563126e-07,7.51988457961388,1.91906759870212,16.8553593345351,
0.000352342241286791,0.0512948917133389,9.47142497352733e-13,3874.35496051995,0.99935393415782,0.0547298402642257,1430,1327,864,1430,4,4.3618906139607e-13,7.51985105212429,1.91906357582195,16.8551232009933,
0.000343315099927366,0.0516098168788905,4.91888845302081e-10,3830.20451095918,0.999367997484038,0.0547317864265157,1430,1327,864,1430,3,3.39916427584423e-07,7.51981932525679,1.91905943097851,16.8548909232279,
0.000334325754549876,0.0519249698103105,4.90745667429804e-10,3786.60834101766,0.999381713625515,0.0547336901482749,1430,1327,864,1430,3,3.32068731428881e-07,7.51978936353992,1.91905550276497,16.8546628662374,
0.000325373493567557,0.0522403472085997,4.88870141982948e-10,3743.55817344046,0.99939509254925,0.054735552309863,1430,1327,864,1430,3,6.91342746494665e-07,7.51976153549017,1.91905178734596,16.8544389493061,
0.000316454264728244,0.0525559462357907,1.54208929832459e-12,3701.0469421709,0.999408143842618,0.0547373737891749,1430,1327,864,1430,4,3.12321173382907e-13,7.51973571536607,1.91904829313776,16.8542192202597,
0.000307565205469919,0.05287176375366,4.85556424467638e-10,3659.06633711341,0.99942087682578,0.054739156122073,1430,1327,864,1430,3,3.41896624156308e-07,7.51971112607263,1.91904497785385,16.8540033471812,
0.000298707983555928,0.0531877968755495,4.78858543651582e-10,3617.60968801607,0.999433300480801,0.0547409003458817,1430,1327,864,1430,3,3.46126185928809e-07,7.51968877490775,1.91904186083725,16.8537915875491,
0.00028988190233847,0.0535040424736061,4.7846278881155e-10,3576.66922745758,0.999445423502838,0.054742607462254,1430,1327,864,1430,3,3.50158694390709e-07,7.51966254014765,1.91903895084822,16.8535839072639,
0.000281085616192681,0.0538204976654721,4.77861444397832e-10,3536.23779877331,0.999457254293194,0.0547442784308984,1430,1327,864,1430,3,3.53554523482401e-07,7.51962638993957,1.91903624636793,16.8533802930492,
0.000272317791647092,0.0541371596132971,4.85662820669166e-10,3496.30835926464,0.999468800978246,0.054745913910688,1430,1327,864,1430,3,3.5737677131176e-07,7.51959020653229,1.91903374521744,16.8531807316732,
0.000263577111398192,0.0544540255232868,4.77240326386208e-10,3456.873980508,0.999480071419848,0.0547475150989202,1430,1327,864,1430,3,3.60872334210641e-07,7.51955541504586,1.91903144667116,16.8529852120777,
0.00025486055601194,0.0547710928866876,4.28941856534838e-12,3417.92835069304,0.999491073226679,0.0547490828713597,1430,1327,864,1430,4,6.47975630668219e-13,7.51952167608834,1.91902936611795,16.8527938412567,
0.000246168910713086,0.0550883586446156,4.80412886230165e-10,3379.46377019354,0.999501813789245,0.0547506180841388,1430,1327,864,1430,3,3.67789139788709e-07,7.51948869455118,1.91902750146119,16.8526064763045,
0.000237499779662026,0.055405820348649,4.7598279153847e-10,3341.47443759453,0.999512300195623,0.0547521215657857,1430,1327,864,1430,3,3.71126046000678e-07,7.51945129863841,1.9190258359353,16.8524231690037,
0.000228852612441969,0.0557234752545113,4.70643429176937e-10,3303.95352106163,0.999522539355782,0.0547535941126594,1430,1327,864,1430,3,3.7444989125705e-07,7.51941203465283,1.91902436772264,16.8522438642234,
0.000220225589085495,0.0560413209765286,1.31803671709479e-12,3266.89504099347,0.999532537947789,0.0547550364575894,1430,1327,864,1430,4,5.95129717239604e-13,7.51937352030882,1.9190230785224,16.8520685100227,
0.000211683304435696,0.056359355562345,4.71076662541484e-10,3230.2941895119,0.999542302346242,0.0547564493473526,1430,1327,864,1430,3,3.75372434287024e-07,7.5193353974897,1.9190215859409,16.8518966080588,
0.000203186290682686,0.0566775762658787,2.81715509210453e-12,3194.14436441509,0.999551838863514,0.0547578335526727,1430,1327,864,1430,4,3.90307698259923e-13,7.51929156310612,1.9190201270682,16.8517286455645,
0.000194708622029517,0.056995979907256,4.68284143504295e-10,3158.43748862399,0.999561153660319,0.0547591898096142,1430,1327,864,1430,3,3.81431494674252e-07,7.51924900008858,1.91901886367487,16.8515646360973,
0.000186248400062346,0.0573145642700439,4.62151007838297e-10,3123.16822140324,0.999570252595549,0.0547605186344662,1430,1327,864,1430,3,3.83950393686773e-07,7.51920633200619,1.91901778508384,16.8514046294329,
0.000177805144419327,0.0576333268633734,4.59754722411266e-10,3088.33038450311,0.999579141381677,0.0547618207952679,1430,1327,864,1430,3,3.86766232854509e-07,7.51916367183928,1.91901689036856,16.8512485814276,
0.000169377698210072,0.0579522653268527,4.62808948011994e-10,3053.91815559635,0.999587825549206,0.0547630964986879,1430,1327,864,1430,3,3.88873414437599e-07,7.51912085422324,1.91901617856971,16.8510964880014,
0.000160964921963123,0.0582713773354793,4.68924278638864e-10,3019.92580198812,0.999596310460015,0.0547643461884932,1430,1327,864,1430,3,3.91967841070087e-07,7.51907793780125,1.91901564862786,16.8509483450406,
0.00015256568160061,0.0585906605985145,4.64182751318352e-10,2986.34767921396,0.999604601313539,0.0547655710493797,1430,1327,864,1430,3,3.9432640217825e-07,7.51903320579731,1.91901529967695,16.8508041500246,
0.000144178860665364,0.0589101128597607,4.63946976160274e-10,2953.17822942237,0.999612703152344,0.0547667717394702,1430,1327,864,1430,3,3.96537949884893e-07,7.51898624869726,1.91901513092498,16.8506639001729,
0.000135803340682002,0.0592297318962769,4.62227264384947e-10,2920.41197946872,0.999620620867757,0.0547679488975443,1430,1327,864,1430,3,4.00169394021171e-07,7.51893671868133,1.91901514147477,16.8505275942613,
0.000127438032457331,0.0595495155181316,4.64522247707252e-10,2888.04353955389,0.99962835920501,0.054769103087233,1430,1327,864,1430,3,4.01875893637037e-07,7.51888696739391,1.91901533054713,16.8503952307945,
0.000119081839745578,0.0598694615675263,4.67582104328804e-10,2856.06760171213,0.999635922768416,0.0547702348566454,1430,1327,864,1430,3,4.04023683347457e-07,7.51883818662777,1.91901569747115,16.8502668098447,
0.00011073368330387,0.0601895679190687,4.58684903427431e-10,2824.47893896138,0.999643316026098,0.0547713447389243,1430,1327,864,1430,3,4.06292428113906e-07,7.51878963942866,1.91901624137068,16.8501423307443,
0.000102392506296187,0.0605098324778674,4.68943285245049e-10,2793.27240263091,0.999650543314776,0.0547724332515527,1430,1327,864,1430,3,4.0882508150483e-07,7.51874130641853,1.91901696165142,16.8500217948657,
9.40572283208143e-05,0.0608302531799831,4.61015733400905e-10,2762.44292158267,0.999657608844163,0.0547735008828358,1430,1327,864,1430,3,4.11947071216708e-07,7.51869259561291,1.91901785782047,16.8499052035697,
8.57268209845243e-05,0.0611508279923161,4.57919332552507e-10,2731.98550227913,0.999664516701302,0.054774548026102,1430,1327,864,1430,3,4.13889869972589e-07,7.51864403854964,1.91901892898014,16.8497925586305,
7.74002353624403e-05,0.0614715549105198,4.66327574862382e-10,2701.89522389767,0.99967127085471,0.0547755750304622,1430,1327,864,1430,3,4.16268267139043e-07,7.5185950955097,1.91902017448858,16.8496838623264,
6.90833216682559e-05,0.0617924320951888,5.98767671729228e-13,2672.16761429691,0.999677875143075,0.0547765825973037,1430,1327,864,1430,4,1.09504137327936e-12,7.51854231183097,1.91902157994597,16.8495791140067,
6.07774230551903e-05,0.0621134574359136,4.60280831135994e-10,2642.79744258614,0.999684333323233,0.0547775709859429,1430,1327,864,1430,3,4.21294860490771e-07,7.51848969919967,1.91902314763379,16.8494782337735,
5.24729841156638e-05,0.0624346291577657,3.8541032344741e-12,2613.7804475765,0.999690649022808,0.0547785397436093,1430,1327,864,1430,4,2.83576298130004e-13,7.51843658609406,1.91902487960104,16.8493814060604,
4.41775419843769e-05,0.0627559452025118,4.71999474661172e-10,2585.1116983098,0.999696825781479,0.0547794896343024,1430,1327,864,1430,3,4.25283684387705e-07,7.51838280712355,1.91902674971253,16.8492886981351,
3.58804508319836e-05,0.0630774038579531,-9.5151664325499e-13,2556.78683564725,0.999702867028072,0.0547804199106709,1430,1327,864,1430,4,4.38658889065005e-13,7.51832839069086,1.91902878758553,16.8492000134911,
2.75832155709458e-05,0.0633990030929539,4.73773582756847e-10,2528.80081960146,0.999708776113797,0.0547813302612259,1430,1327,864,1430,3,4.30699736019522e-07,7.51827189849374,1.91903099880993,16.8491152553616,
1.9283025181936e-05,0.0637207412410077,4.68024828202858e-10,2501.14961997573,0.99971455626886,0.0547822234559559,1430,1327,864,1430,3,4.33554907365461e-07,7.51821399764883,1.9190333786383,16.8490345075463,
1.09795501250672e-05,0.0640426164713406,4.70644139871461e-10,2473.82873867553,0.999720210648226,0.0547831000162025,1430,1327,864,1430,3,4.35903848590148e-07,7.51815540343399,1.9190359275505,16.848957751086,
2.67184750816845e-06,0.0643646270254934,4.66604371568598e-10,2446.83387350118,0.999725742315258,0.0547839599027606,1430,1327,864,1430,3,4.38214560578219e-07,7.51809548131198,1.91903864543548,16.848884994103,
-5.64100926942715e-06,0.0646867711705777,4.76757203052118e-10,2420.1607859216,0.999731154248301,0.0547848037518458,1430,1327,864,1430,3,4.41261815147773e-07,7.51803608688687,1.91904153174626,16.8488162443071,
-1.39599502918603e-05,0.0650090471979951,4.75434098774069e-10,2393.80529854656,0.999736449343538,0.0547856320597782,1430,1327,864,1430,3,4.44579220368152e-07,7.51797794498489,1.91904458615674,16.8487515107591,
-2.22832770074378e-05,0.0653314535911129,4.75199333333474e-10,2367.76356233217,0.999741630418755,0.054786443993203,1430,1327,864,1430,3,5.60204618679258e-07,7.51791965170262,1.91904777348497,16.8486907162602,
-3.06138449229714e-05,0.0656539885456712,4.76241252271754e-10,2342.03129356456,0.999746700211875,0.054787240498482,1430,1327,864,1430,3,4.3912469686707e-07,7.51786013768607,1.91905112650579,16.8486339528729,
-3.89477248114037e-05,0.0659766505584825,4.85684949940238e-10,2316.6046495298,0.99975166138756,0.0547880224483742,1430,1327,864,1430,3,4.42083603115852e-07,7.5178007824435,1.91905461744348,16.8485803948573,
-4.72972346847278e-05,0.0662994379814315,9.48344484538732e-13,2291.47993320169,0.999756516538928,0.0547887902120153,1430,1327,864,1430,4,1.05158588698652e-12,7.51774204211996,1.91905830082797,16.8485310096855,
-5.56623196849007e-05,0.0666223491246389,4.80621852646385e-10,2266.65299005163,0.999761268197279,0.0547895441047005,1430,1327,864,1430,3,4.49058383056031e-07,7.51768362044034,1.91906218596266,16.8484857452862,
-6.40394536495012e-05,0.0669453824244684,4.84397597228826e-10,2242.11990658842,0.999765918804022,0.0547902844178062,1430,1327,864,1430,3,4.52405509205452e-07,7.51761761218927,1.91906623551175,16.8484445757695,
-7.24289504595128e-05,0.0672685362985268,4.90009571221979e-10,2217.87681112576,0.999770470750385,0.0547910114576277,1430,1327,864,1430,3,4.55188504073356e-07,7.51755141301968,1.91907045141939,16.8484074932031,
-8.08316623406753e-05,0.0675918092222625,4.92328898894605e-10,2193.9199854276,0.999774926360847,0.054791725527778,1430,1327,864,1430,3,4.57508513653499e-07,7.51748641112788,1.91907483344207,16.8483745095917,
-8.92484372626344e-05,0.0679151996921726,4.8965596226129e-10,2170.24576468155,0.999779287898029,0.0547924266937989,1430,1327,864,1430,3,4.62155036016715e-07,7.51742178536671,1.91907938385373,16.8483456384024,
-9.76801180144384e-05,0.0682387062260759,4.97403923062877e-10,2146.85053639552,0.999783557564551,0.0547931152015293,1430,1327,864,1430,3,7.42653061012861e-07,7.51735822679391,1.91908410053857,16.8483208934046,
-0.000106127517452826,0.0685623273621801,4.95570467366584e-10,2123.73073912503,0.999787737504777,0.0547937911704181,1430,1327,864,1430,3,4.67720062757722e-07,7.51729460059137,1.91908898302285,16.8483002895371,
-0.000114591464794486,0.0688860616590789,5.00276073713869e-10,2100.88286222144,0.99979182980672,0.0547944552601913,1430,1327,864,1430,3,4.72134033386791e-07,7.51723075832928,1.91909403137712,16.8482838408062,
-0.000123072765804702,0.0692099076953218,5.06100199942905e-10,2078.30344511229,0.999795836503631,0.0547951077241618,1430,1327,864,1430,3,4.7563892127879e-07,7.51716671301452,1.91909924541333,16.8482715638259,
-0.000131572228319103,0.0695338640692573,5.11690000483747e-10,2055.98907551378,0.999799759575616,0.0547957487397793,1430,1327,864,1430,3,7.03464241432728e-07,7.5171028569543,1.91910462508117,16.8482634734832,
-0.000140090649401728,0.0698579293984128,5.08951370631339e-10,2033.93638942867,0.999803600951275,0.0547963785623177,1430,1327,864,1430,3,4.82382500306945e-07,7.51703994966434,1.91911017042971,16.8482595865323,
-0.000148628786812999,0.0701821023197042,5.11302290003707e-10,2012.14207089399,0.999807362509172,0.054796997532972,1430,1327,864,1430,3,4.85922779265494e-07,7.51697654786555,1.919115881457,16.8482599201808,
-0.000157187449810625,0.0705063814885523,5.16427215119068e-10,1990.602849461,0.999811046079399,0.0547976059009504,1430,1327,864,1430,3,4.90660249989122e-07,7.51691172856244,1.91912175781786,16.8482644910183,
-0.000165767395666494,0.070830765578978,5.2224487646739e-10,1969.31550146048,0.999814653444908,0.0547982039033406,1430,1327,864,1430,3,4.94941649043399e-07,7.51684715053781,1.91912779998645,16.8482733175768,
-0.000174369381718503,0.0711552532829858,5.2292879954615e-10,1948.27684757231,0.999818186342905,0.0547987917601706,1430,1327,864,1430,3,4.97874609391821e-07,7.51678361166051,1.91913400775032,16.8482864175701,
-0.000182994151244264,0.071479843310605,5.17234457521332e-10,1927.48375286155,0.999821646466247,0.0547993697078466,1430,1327,864,1430,3,5.03311277074968e-07,7.51672074757395,1.91914038094581,16.8483038095592,
-0.000191642461718897,0.0718045343899643,5.22633905012011e-10,1906.93312756143,0.99982503546464,0.0547999379737565,1430,1327,864,1430,3,5.06222168818284e-07,7.51665724645233,1.91914692001042,16.8483255133123,
-0.000200299035146617,0.072129325338018,5.27420175133568e-10,1886.62227932428,0.999828354940706,0.054800496770072,1430,1327,864,1430,3,5.09501680536093e-07,7.51659329122258,1.91915354304012,16.8483515938617,
-0.000208981239104287,0.0724542148829446,-4.74138599475954e-12,1866.5479803411,0.999831606466517,0.054801046317915,1430,1327,864,1430,4,6.5337125205881e-13,7.51653087959299,1.91916033150856,16.84838214101,
-0.00021769046783415,0.0727792017510347,5.40119214327908e-10,1846.70715126777,0.999834791576526,0.0548015868281573,1430,1327,864,1430,3,5.20734849255918e-07,7.51646983031064,1.91916730561493,16.8484172534046,
-0.000226426146885167,0.0731042847735977,5.3961627668412e-10,1827.09690673324,0.999837911752014,0.0548021185096458,1430,1327,864,1430,3,5.2330063419276e-07,7.51640976719295,1.91917444166691,16.8484567793173,
-0.000235188637149943,0.0734294627390746,5.44489684893221e-10,1807.71429859033,0.999840968446671,0.0548026415663284,1430,1327,864,1430,3,5.29862302129734e-07,7.51635108791929,1.91918174266117,16.8485007219006,
-0.000243978609444941,0.0737547344756909,5.51499155371227e-10,1788.55648502076,0.999843963076295,0.0548031561984262,1430,1327,864,1430,3,5.33369336351354e-07,7.51629403463472,1.91918920899475,16.8485491042361,
-0.000252796728661814,0.0740800988271147,5.58087585693368e-10,1769.62066143119,0.999846897021489,0.0548036626028108,1430,1327,864,1430,3,5.38521746017144e-07,7.51623725227214,1.919196840609,16.848601946864,
-0.00026164367418479,0.0744055546525155,5.51743839093295e-10,1750.90406250942,0.99984977162863,0.0548041609732423,1430,1327,864,1430,3,5.42906362293558e-07,7.51618172510441,1.91920463773809,16.8486592739295,
-0.000270520074116092,0.0747311008266998,5.55885038846203e-10,1732.40396029063,0.999852588210845,0.0548046515005498,1430,1327,864,1430,3,5.48264145280104e-07,7.51612606541375,1.91921260002104,16.848721106864,
-0.000279426826778873,0.0750567362611925,1.00675747035858e-11,1714.11772479454,0.999855348047654,0.0548051322793341,1430,1327,864,1430,4,6.61667698194929e-13,7.5160702684317,1.91922072399471,16.8487874877906,
-0.000288363865615015,0.0753824597974764,5.62251363631257e-10,1696.04252548652,0.999858052392583,0.0548056020012083,1430,1327,864,1430,3,5.58088125907135e-07,7.51601398595318,1.91922902226353,16.8488583887663,
-0.000297332482826739,0.0757082704181125,5.64471191143168e-10,1678.17592228955,0.999860702460141,0.0548060640844081,1430,1327,864,1430,3,5.65583041323418e-07,7.51595857879783,1.91923748185078,16.8489338848775,
-0.000306333097158862,0.0760341670355805,5.74621500772435e-10,1660.51527439959,0.999863299440719,0.054806518437052,1430,1327,864,1430,3,5.7029665100462e-07,7.51589536529737,1.91924610754795,16.8490139847693,
-0.000315366323138381,0.0763601485980761,5.73382753494937e-10,1643.05803495172,0.999865844494472,0.0548069653891763,1430,1327,864,1430,3,5.77456911546339e-07,7.51583207491167,1.91925489907036,16.8490987121132,
-0.000324432729699537,0.0766862140681863,5.84884083765051e-10,1625.80169367301,0.999868338753359,0.0548074052367441,1430,1327,864,1430,3,5.81113181460011e-07,7.51576980249397,1.91926385677887,16.8491880950176,
-0.000333532872359595,0.0770123624214659,5.88854689076608e-10,1608.74377111007,0.999870783322094,0.054807838141844,1430,1327,864,1430,3,5.88021649967714e-07,7.51570817346414,1.91927297991369,16.8492821569908,
-0.000342667370492173,0.0773385926475161,5.83734759205916e-10,1591.88182255074,0.999873179278719,0.0548082639259462,1430,1327,864,1430,3,5.92387561788314e-07,7.51564803167935,1.91928226950517,16.8493809257511,
-0.000351836768218198,0.0776649037497198,5.92243454581795e-10,1575.21343750583,0.999875527675368,0.0548086830378065,1430,1327,864,1430,3,6.00408596973364e-07,7.51558952319889,1.91929172499546,16.8494844276734,
-0.000361041595795964,0.077991294743716,5.97137786591782e-10,1558.73623559185,0.999877829539027,0.0548090953975583,1430,1327,864,1430,3,6.41112499390847e-07,7.51552845622748,1.91930134656301,16.8495926887418,
-0.000370282433969188,0.0783177646594795,6.01498167029577e-10,1542.44787169907,0.999880085872149,0.0548095011579579,1430,1327,864,1430,3,6.13142195439508e-07,7.51546374010684,1.91931113288425,16.8497057380311,
-0.000379559787024099,0.0786443125385657,5.98306912477295e-10,1526.34602896918,0.999882297653308,0.0548099007024637,1430,1327,864,1430,3,6.19611139745647e-07,7.51540016027288,1.91932108591769,16.849823601479,
-0.000388874182169693,0.0789709374355936,6.07847699582963e-10,1510.42842271213,0.999884465837839,0.054810294168037,1430,1327,864,1430,3,6.26789935448538e-07,7.51533546747009,1.91933120523498,16.8499463095772,
-0.000398226114747945,0.0792976384182218,6.1172729653048e-10,1494.69280019732,0.999886591358512,0.0548106816892226,1430,1327,864,1430,3,6.33856807532239e-07,7.51526992540709,1.91934149050921,16.85007388862,
-0.000407616082156248,0.0796244145651473,6.20370278693778e-10,1479.13693584247,0.999888675126029,0.0548110633979878,1430,1327,864,1430,3,6.40245851194617e-07,7.51520415554838,1.91935194234854,16.850206368416,
-0.000417044576953782,0.079951264968028,6.26813378219911e-10,1463.75863613019,0.999890718029744,0.0548114392497997,1430,1327,864,1430,3,6.48236547534437e-07,7.51513980373596,1.9193625602514,16.8503437785044,
-0.000426512056996501,0.0802781887305534,6.30227712248091e-10,1448.55573655796,0.999892720938069,0.0548118095136226,1430,1327,864,1430,3,6.56145456131823e-07,7.51507552974607,1.9193733447335,16.8504861486502,
-0.00043601895982107,0.0806051849678444,6.39737086872635e-10,1433.5261003743,0.999894684699089,0.0548121743436232,1430,1327,864,1430,3,6.60754787298193e-07,7.51500931361799,1.91938429510695,16.8506335073142,
-0.00044556577075384,0.0809322528064414,6.41131824496641e-10,1418.66761994709,0.999896610141171,0.0548125334342948,1430,1327,864,1430,3,6.67779122392599e-07,7.5149429934557,1.91939541193679,16.8507858853998,
-0.000455152891343312,0.0812593913845194,6.45838943956478e-10,1403.97821460787,0.999898498073325,0.054812887216603,1430,1327,864,1430,3,6.78171843255993e-07,7.51487769628395,1.91940669419091,16.8509433125808,
-0.000464780744866085,0.0815865998511356,6.52168534670886e-10,1389.4558321519,0.999900349285851,0.05481323591518,1430,1327,864,1430,3,6.86611220078518e-07,7.51481335359126,1.91941814318478,16.8511058214523,
-0.000474449729251171,0.0819138773671333,6.56456173491263e-10,1375.09844727324,0.999902164550734,0.0548135767077697,1430,1327,864,1430,3,6.95518012535818e-07,7.51474715922476,1.9194297584836,16.8512734420887,
-0.000484160230130345,0.0822412231042331,6.56121239479314e-10,1360.90406173575,0.999903944622129,0.0548139100183377,1430,1327,864,1430,3,6.99363527509635e-07,7.51467945046065,1.91944154033707,16.8514462061425,
-0.000493912641314637,0.0825686362436528,6.70575894942335e-10,1346.87070228863,0.999905690236845,0.0548142388013261,1430,1327,864,1430,3,7.07332564144203e-07,7.51461090079131,1.91945348782635,16.851624144805,
-0.000503707335355369,0.0828961159785681,6.66921836224403e-10,1332.99642392672,0.999907402114785,0.0548145631430045,1430,1327,864,1430,3,7.17543629200038e-07,7.51454272769873,1.91946560096439,16.8518072904839,
-0.00051354461558219,0.0832236615117806,6.78761501757101e-10,1319.27930440936,0.999909080959314,0.0548148814504485,1430,1327,864,1430,3,7.78766638077819e-07,7.51447409218237,1.91947787902872,16.8519956752406,
-0.000523424881096272,0.0835512720569697,6.7607892504859e-10,1305.71744811958,0.999910727457844,0.0548151921115261,1430,1327,864,1430,3,7.3711223998014e-07,7.51440305264317,1.9194903226804,16.8521893333876,
-0.000533353489230739,0.0838789468977584,-2.61167552428193e-12,1292.30914048206,0.999912342282579,0.0548154983906232,1430,1327,864,1430,4,2.7134792904421e-12,7.51433253451949,1.91950292353752,16.8523883180591,
-0.000543331189624568,0.0842066852072988,6.94604993531703e-10,1279.05236832709,0.999913926091169,0.0548158004553029,1430,1327,864,1430,3,7.74196458335932e-07,7.51426337814201,1.91951570353903,16.8525926201487,
-0.000553352201170302,0.0845344862641649,-8.61621169377658e-12,1265.94541727051,0.999915479522475,0.0548160981289253,1430,1327,864,1430,4,9.33788856929909e-13,7.5141957622143,1.91952863501154,16.8528023227556,
-0.000563418453602604,0.0848623492510764,6.91327266700431e-10,1252.98629256677,0.999917003205233,0.054816391548139,1430,1327,864,1430,3,8.19241275592158e-07,7.51412951004511,1.91954174742836,16.8530174031454,
-0.000573528376417814,0.0851902735014909,-1.06912710021861e-12,1240.17341543225,0.999918497750746,0.0548166808135685,1430,1327,864,1430,4,1.09015440319381e-12,7.51406431464772,1.91955500788815,16.8532379519664,
-0.000583684056308676,0.0855182582171916,7.0843272209891e-10,1227.50483733219,0.999919963759719,0.0548169653308308,1430,1327,864,1430,3,8.65252697454005e-07,7.51399868899716,1.91956844764236,16.8534639506195,
-0.000593884340302092,0.0858463027322762,7.1830321963888e-10,1214.97897597775,0.999921401816681,0.0548172459011061,1430,1327,864,1430,3,8.89463165590459e-07,7.51393376397236,1.91958204279829,16.8536954711036,
-0.000604129895567618,0.0861744063202174,7.31123206464471e-10,1202.59407598888,0.999922812494512,0.0548175225945919,1430,1327,864,1430,3,9.15665721592865e-07,7.51386976295622,1.91959580073299,16.8539325353768,
-0.00061442098912505,0.0865025682804289,7.2898812431433e-10,1190.34845109676,0.999924196353202,0.0548177945014603,1430,1327,864,1430,3,9.40816517439082e-07,7.51380497214579,1.9196097210405,16.8541751723745,
-0.000624759210285737,0.0868307879489949,1.39734038142464e-11,1178.24051593463,0.999925553940363,0.0548180624604646,1430,1327,864,1430,4,1.0868657341703e-12,7.51374039215081,1.91962386143468,16.854423418886,
-0.000635185749351508,0.0871590647640908,7.47842105949803e-10,1166.26898159222,0.999926885805274,0.0548183265640179,1430,1327,864,1430,3,9.92381313619077e-07,7.51367658560485,1.919639472452,16.8546769991468,
-0.000645677823585078,0.0874873980712795,1.93323644853e-12,1154.4321412323,0.999928192457887,0.0548185870418453,1430,1327,864,1430,4,1.07435791551391e-12,7.51360833420574,1.91965520998366,16.8549355930109,
-0.000656224610046649,0.087815787060037,1.36825707014454e-12,1142.72807290095,0.99992947440919,0.0548188436807562,1430,1327,864,1430,4,1.938168124097e-12,7.51353952697744,1.91967112458215,16.8551996531148,
-0.000666819337679791,0.0881442310503542,1.43623090850808e-12,1131.15517074275,0.999930732158757,0.054819096579494,1430,1327,864,1430,4,1.06444268850464e-12,7.51347010427141,1.91968721714564,16.8554694490268,
-0.000677461999100527,0.0884727293933625,-8.48779651164283e-12,1119.71187648358,0.999931966195973,0.0548193458974815,1430,1327,864,1430,4,1.97805527265056e-12,7.51340087771736,1.91970348689868,16.8557450285437,
-0.00068815267333496,0.0888012814488385,3.68636338902301e-12,1108.39665128029,0.999933176999496,0.0548195915865031,1430,1327,864,1430,4,1.06472000305975e-12,7.51333295386987,1.91971993319237,16.8560264273318,
-0.000698877303276891,0.0891298866073789,-3.14208088800921e-12,1097.20811680949,0.999934365036176,0.0548198338929412,1430,1327,864,1430,4,4.644843145743e-12,7.51326679565804,1.91973650596346,16.8563138394768,
-0.000709637948789396,0.0894585442398795,7.87676130917236e-13,1086.14474512134,0.9999355307642,0.0548200726938012,1430,1327,864,1430,4,1.42551027743485e-12,7.51320129320203,1.91975321206677,16.8566072748637,
-0.000720446093052223,0.0897872537111792,-4.75867267682797e-12,1075.20493899702,0.999936674632604,0.0548203081404002,1430,1327,864,1430,4,1.27875662143161e-12,7.51313681222415,1.91977009104565,16.8569066407024,
-0.000731301725874657,0.0901160144127857,-6.07383490291297e-12,1064.38723675452,0.999937797079581,0.054820540342571,1430,1327,864,1430,4,1.38366723518405e-12,7.51307431540772,1.9197871420822,16.8572119733331,
-0.00074220481388957,0.0904448257438393,8.85730779085631e-13,1053.69019525348,0.999938898533806,0.0548207691426544,1430,1327,864,1430,4,2.10215785028461e-12,7.51301382985877,1.91980436430116,16.8575233086823,
-0.000753155304047273,0.090773687111154,-2.0962236395479e-12,1043.11238975394,0.999939979414663,0.0548209941600291,1430,1327,864,1430,4,1.30511437714883e-12,7.51295476127669,1.91982175686709,16.8578406830752,
-0.000764153118592268,0.0911025979293948,-5.47312932822064e-12,1032.6524135429,0.99994104013247,0.0548212106957186,1430,1327,864,1430,4,2.14504448636753e-12,7.512893912767,1.91983931948325,16.8581641334008,
-0.000775198167880394,0.0914315576195096,-3.9385561327078e-12,1022.30887795623,0.999942081088689,0.0548214244902324,1430,1327,864,1430,4,2.16677914546491e-12,7.51283571749823,1.91985705031864,16.8584936965708,
-0.000786286086994252,0.0917605657150613,-4.17008582612871e-12,1012.08057444826,0.999943102672778,0.0548216355623233,1430,1327,864,1430,4,8.24933519050752e-12,7.51277855038971,1.91987485507082,16.8588291857293,
-0.000797414167210148,0.0920896217113532,-1.81145463212795e-12,1001.96623970997,0.999944105267281,0.054821843838669,1430,1327,864,1430,4,1.27916997331134e-12,7.51272354198341,1.91989267642385,16.859170509203,
-0.000808588967902775,0.0924187248867966,2.42377407207173e-12,991.964277920183,0.999945089253657,0.0548220490542858,1430,1327,864,1430,4,1.61149687166897e-12,7.51267061373445,1.91991065940474,16.8595180680092,
-0.000819810167226581,0.0927478746886702,-4.60117789138556e-12,982.073370507197,0.999946055000055,0.0548222516228141,1430,1327,864,1430,4,2.32529037120177e-12,7.51261856794255,1.91992880250516,16.859871878771,
-0.000831077552023226,0.0930770705737517,-9.12259991939918e-12,972.292214166881,0.999947002866704,0.054822451617198,1430,1327,864,1430,4,1.91572526856954e-12,7.51256469407907,1.91994710436621,16.8602319780242,
-0.000842390885000895,0.0934063120055743,-1.52807955091511e-11,962.619521985717,0.999947933206157,0.0548226489305327,1430,1327,864,1430,4,2.16636749667532e-12,7.51251354755889,1.91996556356482,16.8605984022369,
-0.000853749904204296,0.0937355984543317,-6.68977687915545e-12,953.054023202623,0.999948846363471,0.0548228433563365,1430,1327,864,1430,4,3.48674041113995e-12,7.51246326621725,1.9199841786213,16.8609711878352,
-0.000865154324322962,0.0940649293967994,2.67456949599662e-12,943.594462995208,0.999949742676379,0.0548230352388421,1430,1327,864,1430,4,3.52175648204066e-12,7.51241525409627,1.92000294798426,16.8613503713473,
-0.000876595330212376,0.0943943043330897,-1.84087535254514e-12,934.239648369646,0.999950622474196,0.0548232239255802,1430,1327,864,1430,4,3.99917753878922e-12,7.51236707410044,1.92002187991472,16.8617361126345,
-0.000888076735295243,0.0947237227439096,4.69004007722443e-12,924.9883310734,0.999951486081189,0.0548234098406701,1430,1327,864,1430,4,2.30863158853327e-12,7.51231986254941,1.92004096808819,16.8621283848342,
-0.000899602396790068,0.0950531841167353,5.43238490215842e-12,915.839279510638,0.999952333814766,0.0548235933851859,1430,1327,864,1430,4,4.2922289028365e-12,7.51227118824185,1.92006020588564,16.8625271622838,
-0.000911171927821258,0.0953826879537843,4.90236440309731e-12,906.791300457644,0.999953165985025,0.0548237746122612,1430,1327,864,1430,4,2.4433058326403e-12,7.51221568341836,1.92007959147764,16.8629324809738,
-0.000922784791254267,0.0957122337689253,7.71500879403596e-12,897.843223066952,0.999953982895511,0.0548239535588506,1430,1327,864,1430,4,2.99546596115402e-12,7.51216309535158,1.92009912648859,16.8633443662348,
-0.000934445383488045,0.0960418212150333,7.46968364440971e-12,888.994062970939,0.999954784843118,0.0548241302229406,1430,1327,864,1430,4,3.47965087550162e-12,7.51210016281702,1.92011881777122,16.863761667111,
-0.000946149497951507,0.09637144967659,6.67380056383268e-12,880.242493806838,0.999955572119263,0.0548243045269987,1430,1327,864,1430,4,3.77571563093091e-12,7.51203731219349,1.92013864663736,16.864185460392,
-0.000957895763081882,0.096701118669494,5.3093957724272e-13,871.58736767415,0.999956345008839,0.054824476654393,1430,1327,864,1430,4,4.26772236436996e-12,7.51197579475053,1.92015861549876,16.8646159300817,
-0.000969683660366309,0.0970308277258528,5.0041135176023e-12,863.02756365991,0.999957103790821,0.0548246466421425,1430,1327,864,1430,4,4.08002720343679e-12,7.51191671513749,1.9201787221656,16.8650531115507,
-0.000981512655743839,0.0973605763832322,3.00812882768212e-12,854.561974369621,0.99995784873838,0.0548248142661692,1430,1327,864,1430,4,3.86315663572274e-12,7.51185735104514,1.92019896437085,16.8654970392465,
-0.000993382188626301,0.0976903641848886,2.52431586223611e-12,846.189506130577,0.999958580119011,0.0548249794358791,1430,1327,864,1430,4,3.339222797666e-12,7.51179905286991,1.92021933977503,16.8659477471483,
-0.00100529163540229,0.0980201906805208,-1.10024763178538e-11,837.909079761611,0.999959298194662,0.0548251408816689,1430,1327,864,1430,4,3.95606923623415e-12,7.51173803356982,1.92023984594837,16.8664052717941,
-0.00101724036814108,0.0983500554246971,-1.64956231589767e-12,829.719628691266,0.999960003221859,0.0548252993983132,1430,1327,864,1430,4,4.00611901810498e-12,7.5116770472182,1.92026048037906,16.8668696477286,
-0.00102922760092673,0.0986799579790875,-1.35455020511515e-11,821.620101148534,0.999960695451755,0.0548254555524973,1430,1327,864,1430,4,3.19701860942234e-12,7.51161840475098,1.92028120008448,16.867340907714,
-0.00104125258054224,0.0990098979099248,-7.21868881918816e-12,813.609457457361,0.999961375130362,0.0548256092198509,1430,1327,864,1430,4,4.22623082050179e-12,7.51156153129446,1.92030197972597,16.8678190849289,
-0.0010533147761284,0.0993398747854504,-4.15158103953136e-12,805.686667330837,0.99996204249877,0.0548257605476515,1430,1327,864,1430,4,5.08035595732324e-12,7.51150687043152,1.92032288055227,16.8683042153186,
-0.00106541341317074,0.09966988818181,-6.26565322181852e-12,797.850715671407,0.999962697792989,0.0548259086575914,1430,1327,864,1430,4,3.88260686214103e-12,7.51145279699419,1.92034390563993,16.8687963322278,
-0.0010775477742015,0.0999999376797071,-3.77766004919624e-12,790.100599648304,0.999963341244237,0.0548260544709404,1430,1327,864,1430,4,3.25188779014664e-12,7.51137115848717,1.92036504365972,16.8692954690583,
-0.00108971706331334,0.100330022865255,-3.30600434858943e-12,782.435328791386,0.999963973078971,0.0548261981893783,1430,1327,864,1430,4,5.03216447416457e-12,7.51128898805228,1.92038629143675,16.8698016585638,
-0.00110192045708162,0.100660143329561,-8.87429032372217e-12,774.853924729998,0.999964593519017,0.0548263401109034,1430,1327,864,1430,4,5.2176197704404e-12,7.5112024548385,1.92040764576885,16.8703149330532,
-0.00111415710241703,0.100990298668611,6.77955077017765e-12,767.355420985964,0.999965202781683,0.0548264799528204,1430,1327,864,1430,4,6.1758967514383e-12,7.51111842694363,1.92042910401181,16.8708353246003,
-0.00112642611829456,0.101320488483437,-1.03111619313397e-11,759.93886284668,0.999965801079834,0.0548266179860959,1430,1327,864,1430,4,3.76584353976106e-12,7.51103481410237,1.92045066229755,16.8713628653471,
-0.00113872342516104,0.101650712383474,-3.42553546292534e-12,752.603317675584,0.999966388621714,0.0548267542740828,1430,1327,864,1430,4,7.62470128335224e-12,7.51095023564679,1.92047231173126,16.871897605805,
-0.00115099522700212,0.101980970038631,-6.29731335165858e-12,745.348024360241,0.999966965606739,0.0548268888582489,1430,1327,864,1430,4,7.84911300968021e-12,7.51086437345423,1.92049395702457,16.872439895046,
-0.00116339690074418,0.10231126152072,1.571732215135e-11,738.172914551125,0.999967532225551,0.0548270198992212,1430,1327,864,1430,4,1.05402782764098e-10,7.51077859244775,1.92051582891526,16.8729888069354,
-0.00117593509215811,0.10264158647525,5.01661556804971e-12,731.077132566294,0.99996808867416,0.0548271468922001,1430,1327,864,1430,4,7.5858287666334e-12,7.51068987624996,1.9205379586203,16.8735443224372,
-0.00118850543230724,0.102971943985482,-5.96360875721076e-12,724.058704298686,0.99996863516038,0.0548272721240583,1430,1327,864,1430,4,9.12085302415207e-12,7.5106003438302,1.92056019063821,16.8741071045106,
-0.00120110728726517,0.10330233367978,-1.18062208772328e-12,717.116740964896,0.999969171872561,0.0548273957427512,1430,1327,864,1430,4,8.30823915187416e-12,7.51050493287516,1.92058250360011,16.8746771833087,
-0.00121373965483514,0.103632755191503,3.95441375499773e-12,710.250365913092,0.99996969899519,0.0548275178929207,1430,1327,864,1430,4,1.47701375278775e-11,7.51041065981184,1.92060489357393,16.8752545870303,
-0.00122640150329725,0.103963208158385,-3.65134815829074e-13,703.458713018595,0.999970216709048,0.0548276383234117,1430,1327,864,1430,4,8.29823807800294e-12,7.51031755926635,1.92062735646969,16.8758393435711,
-0.00123906419617421,0.104293692278788,-7.53562755815076e-12,696.741031595226,0.99997072519298,0.0548277567818415,1430,1327,864,1430,4,3.029221194624e-11,7.51022459609255,1.92064875259733,16.8764311477719,
-0.00125173457055195,0.104624207179225,7.85729879597408e-13,690.096438439902,0.999971224619976,0.054827873226465,1430,1327,864,1430,4,9.02961645630375e-12,7.5101327849442,1.92066941395044,16.877030124218,
-0.00126443043462178,0.104954752470657,3.84582193565033e-12,683.524024213026,0.999971715158963,0.0548279878205189,1430,1327,864,1430,4,6.19525888073572e-12,7.5100414844966,1.92069011773055,16.8776365283899,
-0.00127715064835281,0.105285327807759,-8.39000283093735e-13,677.022963567672,0.999972196976674,0.0548281006598468,1430,1327,864,1430,4,9.95909361339349e-12,7.50995044109055,1.9207108592656,16.878250385795,
-0.00128989404492518,0.105615932849315,4.42530062073898e-12,670.592440989845,0.999972670236511,0.0548282121552317,1430,1327,864,1430,4,1.07984553061709e-11,7.50986076240005,1.92073163408564,16.8788717218432,
-0.00130265943041541,0.105946567258146,-6.0224534235466e-12,664.231650673423,0.999973135098625,0.0548283223850258,1430,1327,864,1430,4,8.10112503946541e-12,7.50977173551294,1.92075243764168,16.8795005612455,
-0.00131545054554826,0.106277230756924,2.39627176608359e-12,657.940036188412,0.99997359171664,0.0548284313684389,1430,1327,864,1430,4,1.7359630088193e-11,7.50968519914039,1.92077319187511,16.8801370992667,
-0.00132827535770812,0.106607923118687,3.65889854221993e-12,651.717247675885,0.999974040238517,0.0548285391201076,1430,1327,864,1430,4,1.21651693401178e-11,7.50959957551954,1.92079375551488,16.8807816817157,
-0.00134111882419763,0.106938643862229,1.55638995615048e-11,645.561837125393,0.999974480824518,0.054828644127103,1430,1327,864,1430,4,9.87157237666904e-12,7.50951359678229,1.92081432781897,16.8814338593521,
-0.00135397964409569,0.107269392665961,-6.84993655222267e-12,639.473036297216,0.999974913622457,0.054828747445238,1430,1327,864,1430,4,1.21531731525981e-11,7.50942119434071,1.92083490355786,16.8820936548691,
-0.00136685649154351,0.107600169212094,3.43842853766253e-12,633.450086010925,0.999975338777223,0.054828849649074,1430,1327,864,1430,4,8.07163767855981e-12,7.5093310510389,1.92085547754983,16.882761090394,
-0.0013797480161823,0.107930973186597,2.66265808501146e-12,627.492236033559,0.999975756430849,0.0548289507615098,1430,1327,864,1430,4,1.06755553948468e-11,7.50923969989059,1.92087604467999,16.8834361874272,
-0.00139264758404773,0.10826180436146,4.69659032530708e-12,621.599056462807,0.999976166719134,0.0548290507977645,1430,1327,864,1430,4,1.51517074732145e-11,7.5091481190653,1.92089689880344,16.8841189112753,
-0.00140548734539848,0.108592662355356,5.26545311936273e-12,615.769683368375,0.999976569778031,0.0548291497979717,1430,1327,864,1430,4,1.52063893638387e-11,7.50905223424714,1.92091766939398,16.8848095839289,
-0.00141831414402444,0.10892354685421,7.44876613867221e-12,610.003247473182,0.999976965744397,0.054829247776611,1430,1327,864,1430,4,1.93956563368396e-11,7.50895740576044,1.92093838456261,16.8855080587041,
-0.00143114873569788,0.109254457558866,-4.92316107534972e-12,604.298987698436,0.999977354750562,0.0548293442208051,1430,1327,864,1430,4,1.95770487054977e-11,7.50886317607226,1.92095907308064,16.886214274505,
-0.00144398966456936,0.109585394173292,-1.78506762661874e-11,598.656196850862,0.999977736925133,0.0548294391415964,1430,1327,864,1430,4,1.01727411287648e-11,7.50876956540532,1.92097972972853,16.8869282496889,
-0.00145682262801606,0.1099163564428,-1.34405562105867e-11,593.074244110158,0.99997811239344,0.0548295330019787,1430,1327,864,1430,4,3.00551131322809e-11,7.50867234134703,1.92100020912959,16.8876496638674,
-0.00146965461535484,0.110247344223644,-5.88998572408506e-12,587.552617759976,0.999978481288214,0.0548296258824156,1430,1327,864,1430,4,1.92233908701808e-10,7.50857126773011,1.9210202494313,16.8883780698315,
-0.00148250649644339,0.110578357206572,2.008600357979e-12,582.090581978084,0.999978843733945,0.054829717494855,1430,1327,864,1430,4,1.04956686651274e-11,7.50847224750637,1.92104000792382,16.8891139997004,
-0.00149535173936591,0.110909394948218,1.01666740144287e-11,576.687305302596,0.999979199836717,0.0548298078546155,1430,1327,864,1430,4,3.39415250883393e-11,7.50837238638338,1.92105969771667,16.8898580141656,
-0.00150819592061022,0.111240457175846,-4.35529440474553e-12,571.34216831042,0.999979549713674,0.0548298945430616,1430,1327,864,1430,4,1.41314028526042e-11,7.5082743952253,1.92107952486794,16.8906101830349,
-0.00152103754363637,0.111571543639569,-3.43219968776138e-12,566.054682896093,0.999979893479241,0.0548299812039708,1430,1327,864,1430,4,2.79186968377062e-11,7.50819125131663,1.9210998363183,16.8913711825451,
-0.00153387322269662,0.111902654049897,-4.63191739805591e-12,560.824093553313,0.99998023124523,0.0548300699706093,1430,1327,864,1430,4,2.44827792314121e-11,7.50815301492365,1.92112033307746,16.892140875882,
-0.0015467021725147,0.112233788112177,-1.27797009793545e-11,555.649590578721,0.999980563121474,0.0548301567655927,1430,1327,864,1430,4,3.18576789906125e-11,7.50810180954532,1.92114077580472,16.8929185490516,
-0.00155952283556228,0.112564945557779,-1.38020641295914e-12,550.530522132259,0.999980889215725,0.0548302385216386,1430,1327,864,1430,4,1.80783812341856e-11,7.50799071637904,1.92116113757998,16.8937041557064,
-0.00157233354815056,0.112896126122837,8.53543200474063e-12,545.466259003627,0.999981209633656,0.0548303196682087,1430,1327,864,1430,4,3.3364270467946e-11,7.50788380922994,1.92118141256724,16.894497695488,
-0.00158513263290979,0.113227329546846,-3.67393688036196e-12,540.456179162653,0.999981524478897,0.0548304002226024,1430,1327,864,1430,4,7.30331264420561e-11,7.50778265430182,1.92120159492353,16.8952991794521,
-0.00159792298046189,0.113558555576852,5.65079027745941e-12,535.499681801823,0.999981833853641,0.0548304800931177,1430,1327,864,1430,4,3.67945738238246e-11,7.5076851312109,1.92122169314697,16.8961086613595,
-0.00161082866773678,0.11388980408096,6.76513171518752e-12,530.596537672658,0.999982137872722,0.0548305592235125,1430,1327,864,1430,4,2.22673292162512e-11,7.50758816886778,1.92124209634901,16.8969273261977,
-0.00162371941894157,0.114221074677308,6.92160297989779e-12,525.745742627661,0.999982436617767,0.0548306376433924,1430,1327,864,1430,4,1.26297832879736e-10,7.50749194925168,1.92126239658274,16.8977539674908,
-0.00163659347864438,0.114552367117073,4.94159318059097e-12,520.946702594242,0.99998273018465,0.0548307153629136,1430,1327,864,1430,4,4.37104949369987e-11,7.50739786268711,1.92128258795938,16.8985885931293,
-0.00164942412404841,0.114883681146157,-1.92970689429898e-11,516.198888679346,0.99998301866781,0.0548307919656835,1430,1327,864,1430,4,2.37318939090671e-10,7.5073055345995,1.92130294443306,16.8994314229111,
-0.00166222101383347,0.115215016524423,-5.15226557198814e-12,511.501689199913,0.999983302159259,0.0548308676939209,1430,1327,864,1430,4,9.16238098942272e-11,7.50721506095084,1.92132333141329,16.9002823610577,
-0.00167499565026129,0.11554637301568,-4.46540497110802e-12,506.854498162576,0.999983580749236,0.0548309424646415,1430,1327,864,1430,4,5.33094673890509e-11,7.50712579741049,1.92134359382883,16.9011412939106,
-0.00168774624511857,0.115877750382217,-1.85298606021839e-12,502.256748136457,0.999983854526476,0.0548310163978721,1430,1327,864,1430,4,3.40146490933243e-11,7.50703769825757,1.92136372578765,16.9020082294249,
-0.00170048018373947,0.11620914848056,-4.98622825429069e-12,497.708003563974,0.999984123580123,0.0548310896255539,1430,1327,864,1430,4,1.01003326544289e-10,7.50695158991615,1.92138363019499,16.9028829158409,
-0.00171320008853539,0.116540567118778,2.55246151769977e-12,493.207764431633,0.999984387996442,0.0548311610718972,1430,1327,864,1430,4,9.83996907800864e-11,7.50686575061754,1.92140325775257,16.9037652335596,
-0.0017258905144586,0.116872005929972,-1.07092297201949e-11,488.755294128417,0.999984647856009,0.0548312318542646,1430,1327,864,1430,4,6.42336403605782e-11,7.50678249251491,1.92142273787555,16.9046555776092,
-0.00173854962659316,0.117203464687078,-5.45697132771882e-12,484.350050507502,0.999984903240974,0.0548313020644764,1430,1327,864,1430,4,1.55135685551375e-10,7.50670169394861,1.92144206478831,16.9055539505308,
-0.00175117558590334,0.117534943165583,-1.05940632649923e-12,479.991497522198,0.999985154231932,0.0548313715989614,1430,1327,864,1430,4,8.20249175510404e-11,7.50662081496437,1.92146123274122,16.9064603541238,
-0.00176378693545332,0.117866441174411,-1.93193447079864e-12,475.679182663071,0.999985400908702,0.0548314403348489,1430,1327,864,1430,4,5.84283140017659e-11,7.50653974917041,1.92148025155855,16.9073749156461,
-0.00177640479324168,0.118197958527693,1.01102403833315e-11,471.412665945193,0.999985643349656,0.054831508407576,1430,1327,864,1430,4,4.09499012488153e-11,7.50645738062902,1.92149913298712,16.9082977742513,
-0.00178897043539575,0.11852949493894,-1.0115935527937e-11,467.191276142861,0.999985881628689,0.0548315759560257,1430,1327,864,1430,4,9.9523139040635e-11,7.50637682636873,1.92151782810828,16.9092287974216,
-0.00180139981762785,0.118861050170592,-1.23034317922512e-12,463.014567037303,0.999986115817159,0.0548316430436191,1430,1327,864,1430,4,3.254851566959e-11,7.50629783886333,1.92153626788439,16.9101687714136,
-0.00181377986389258,0.119192624042372,-4.61546827233011e-12,458.88195525223,0.999986345992163,0.054831708950433,1430,1327,864,1430,4,8.85158155450357e-11,7.50621399106992,1.92155451104337,16.9111167124823,
-0.00182601108699598,0.119524216426463,4.83136780568875e-12,454.793013725421,0.999986572223649,0.0548317743175857,1430,1327,864,1430,4,8.01117964089824e-11,7.50613071219404,1.92157268763349,16.9120718890551,
-0.0018381954765594,0.119855827024039,1.1262242176444e-11,450.747162687067,0.999986794584206,0.0548318392293575,1430,1327,864,1430,4,5.07380543629954e-11,7.50605094346789,1.92159066667438,16.9130350856116,
-0.00185033122706694,0.120187455630062,-3.72516016107884e-12,446.743912527879,0.999987013142999,0.0548319034690236,1430,1327,864,1430,4,4.49176645762978e-11,7.50597392868331,1.92160844295453,16.9140062989661,
-0.0018624572060655,0.120519102106879,1.50157326487101e-11,442.783009284259,0.9999872279686,0.0548319673000444,1430,1327,864,1430,4,1.02345659726432e-10,7.50589896294898,1.921626090656,16.9149859314856,
-0.00187435892843697,0.120850766156227,1.12459682544011e-11,438.863919517327,0.999987439121058,0.054832030434819,1430,1327,864,1430,4,5.86446822578364e-11,7.50581876743451,1.92164335133846,16.9159747787058,
-0.00188601625807272,0.121182447653582,-1.45165710100379e-11,434.98614366353,0.999987646665264,0.0548320929296251,1430,1327,864,1430,4,4.49918195360476e-11,7.50573834940285,1.92166050356603,16.916971686005,
-0.00189761537597089,0.121514146356771,1.66109006161531e-12,431.14904687535,0.999987850671947,0.0548321539494989,1430,1327,864,1430,4,4.03356459688576e-11,7.50566029309012,1.92167743227757,16.9179765891292,
-0.00190915459225278,0.121845862071987,-1.04774552206997e-12,427.352166519106,0.999988051204007,0.0548322146156742,1430,1327,864,1430,4,3.4763114279663e-11,7.50558248501379,1.9216941333479,16.9189894818432,
-0.00192063370691438,0.122177594612919,-8.37081218143382e-13,423.595053725443,0.999988248323261,0.0548322744895239,1430,1327,864,1430,4,4.82127053021217e-11,7.50550745029118,1.921710554573,16.9200103453261,
-0.00193208005720611,0.122509343924755,6.06992987773822e-12,419.87751054126,0.999988442092668,0.0548323328413094,1430,1327,864,1430,4,8.14971589744009e-11,7.5054308845937,1.92172534912781,16.9210390165655,
-0.00194345744682535,0.122841109675259,1.14675016173443e-12,416.198824772742,0.999988632568995,0.0548323901966516,1430,1327,864,1430,4,3.39252755994956e-11,7.50535252352757,1.92173989000977,16.9220757131814,
-0.00195476831414016,0.123172891681031,-2.81857158869036e-12,412.558549170697,0.99998881981065,0.0548324473548902,1430,1327,864,1430,4,8.35583193874396e-11,7.50527625418688,1.92175418465085,16.9231203728492,
-0.00196601100489678,0.123504689758936,4.6862040344129e-12,408.956246360792,0.999989003874868,0.0548325042051616,1430,1327,864,1430,4,4.63297994880439e-11,7.50520434756707,1.92176822932177,16.9241729865807,
-0.00197718387885966,0.123836503727888,-4.39213533706857e-12,405.391483848347,0.999989184817819,0.0548325608332835,1430,1327,864,1430,4,3.1518811929418e-11,7.50511500436331,1.92178202049621,16.9252335448937,
-0.0019882853083399,0.124168333408822,3.595996466094e-12,401.863833955859,0.999989362694628,0.0548326173250698,1430,1327,864,1430,4,6.07873810810724e-11,7.50502789567158,1.92179555482629,16.9263020377258,
-0.00199931368064494,0.124500178624667,7.07959027772959e-13,398.372873761511,0.999989537559393,0.0548326736992895,1430,1327,864,1430,4,4.22264340226375e-11,7.50494415711066,1.92180882910554,16.9273784544993,
-0.0020102673949763,0.124832039200331,-7.62656891849581e-13,394.918185072852,0.999989709465207,0.0548327299757639,1430,1327,864,1430,4,2.89353455768563e-11,7.50486337833742,1.92182184027547,16.9284627842539,
-0.00202114486915161,0.125163914962672,2.38674910998243e-13,391.499354346064,0.99998987846418,0.0548327861755371,1430,1327,864,1430,4,5.86200771160082e-11,7.50478531184648,1.92183458545925,16.9295550153976,
-0.00203192548079458,0.125495805750523,3.45909339041252e-12,388.116010344155,0.999990044606985,0.0548328423023128,1430,1327,864,1430,4,4.99820395952046e-11,7.50470618261791,1.92184700865197,16.9306550126223,
-0.00204262381844659,0.125827711385686,-5.93132097256865e-12,384.767715587612,0.999990207944229,0.0548328983965083,1430,1327,864,1430,4,5.49160006600868e-11,7.50463074018505,1.92185915254717,16.9317628684246,
-0.00205324127452541,0.126159631699201,4.94399424286369e-12,381.454064398697,0.999990368525249,0.0548329544853111,1430,1327,864,1430,4,1.17452543583259e-10,7.5045601686662,1.92187102298727,16.9328785888289,
-0.00206377585013393,0.126491566525946,-1.19392847659164e-11,378.17466223175,0.999990526398376,0.0548330103379176,1430,1327,864,1430,4,5.92067999137431e-11,7.50449441490902,1.92188265508252,16.9340021576147,
-0.0020742260272498,0.12682351570227,1.3020743635855e-11,374.929118175107,0.999990681611072,0.0548330659527392,1430,1327,864,1430,4,4.88615091592871e-11,7.50442262732079,1.92189404993508,16.9351335607847,
-0.00208459085633881,0.12715547906579,1.47227229864953e-11,371.717044801992,0.999990834209949,0.0548331208159516,1430,1327,864,1430,4,5.72034740833462e-11,7.50434667620435,1.92190516691438,16.9362727870692,
-0.00209486893516638,0.127487456455444,-3.11930884767941e-12,368.538059927319,0.999990984240736,0.0548331671463253,1430,1327,864,1430,4,7.10442478206076e-11,7.50426328603764,1.92191600778799,16.9374198226904,
-0.00210484138860445,0.127819447707468,-3.36134843646318e-11,365.392098093112,0.999991131741962,0.0548332134086685,1430,1327,864,1430,4,4.8008556398326e-10,7.50417909058792,1.92192606197659,16.9385772618302,
-0.00211462756477476,0.12815145266854,-1.93499193989859e-11,362.278603592078,0.999991276761492,0.0548332596794298,1430,1327,864,1430,4,1.21243229018329e-10,7.50409589644594,1.92193560999165,16.9397436400773,
-0.00212432060241414,0.128483471186748,-1.3680465966873e-11,359.197069671224,0.999991419345384,0.0548333057686514,1430,1327,864,1430,4,7.17299385323708e-11,7.50401189414981,1.92194487095225,16.9409178072276,
-0.00213391920984822,0.128815503109079,-1.70615577872388e-12,356.147131039371,0.999991559536094,0.0548333503761123,1430,1327,864,1430,4,6.72892035611764e-11,7.503926149903,1.92195384570071,16.9420997475947,
-0.00214342212116453,0.129147548284357,-4.56165967087536e-12,353.12842651901,0.9999916973753,0.0548333931148215,1430,1327,864,1430,4,7.44664567032114e-11,7.50383507048215,1.92196253605445,16.9432894444736,
-0.00215282809690142,0.129479606563179,-7.44777403269802e-12,350.140599023961,0.999991832903913,0.0548334358688689,1430,1327,864,1430,4,7.91927286147262e-11,7.50374176262711,1.92197093864925,16.94448687886,
-0.00216213591882379,0.129811677797724,-2.64244344721359e-12,347.183295482322,0.999991966162096,0.0548334786287291,1430,1327,864,1430,4,5.25000691829229e-11,7.50365408631689,1.92197905356753,16.9456920326158,
-0.0021713443981593,0.130143761841847,-7.9019488706273e-12,344.256166831595,0.999992097189282,0.0548335213543354,1430,1327,864,1430,4,1.49331020416001e-10,7.50357003924966,1.92198688114596,16.946904887289,
-0.00218045236682844,0.130475858551051,3.20452713843677e-12,341.358867959164,0.99999222602418,0.0548335639765395,1430,1327,864,1430,4,3.49749395809507e-10,7.50349118986097,1.9219944221581,16.9481254237497,
-0.00218945868310717,0.130807967782479,-1.07096869892374e-12,338.491057667699,0.999992352704798,0.0548336067200655,1430,1327,864,1430,4,6.91451064272383e-11,7.50342052692723,1.92200167745469,16.9493536229846,
-0.00219836223384012,0.131140089394914,-1.32186911427652e-11,335.652398651291,0.999992477268447,0.0548336493844696,1430,1327,864,1430,4,4.64894758734209e-11,7.50333737423742,1.92200864813787,16.9505894661004,
-0.00220714194887679,0.131472223276231,-1.30234659048798e-11,332.84258885517,0.999992599751497,0.0548336906507051,1430,1327,864,1430,4,4.03513777953564e-10,7.50321889150383,1.92201528526508,16.9518325722995,
-0.00221580534644063,0.131804369275559,-8.0563923452381e-12,330.061283745298,0.99999272019004,0.0548337318798302,1430,1327,864,1430,4,2.72494305457923e-10,7.5031105520844,1.92202161223623,16.9530830778252,
-0.00222436293670911,0.13213652724036,5.95842697555769e-13,327.30813901279,0.999992838619549,0.0548337733184995,1430,1327,864,1430,4,1.39567139521317e-10,7.50301556882151,1.92202765999997,16.9543411717679,
-0.00223281372067331,0.132468697035747,-6.80372715089993e-12,324.582832546943,0.999992955074699,0.0548338150003677,1430,1327,864,1430,4,5.18972901395059e-11,7.50293252560823,1.92203343063852,16.9556068332284,
-0.00224115672406916,0.132800878528376,-1.51024359034205e-12,321.885045933513,0.999993069589537,0.0548338569254661,1430,1327,864,1430,4,1.04219944567982e-10,7.50286101698892,1.92203892645399,16.9568800406523,
-0.00224939100016795,0.133133071586429,7.03803792792535e-12,319.214464421039,0.999993182197495,0.0548338990147506,1430,1327,864,1430,4,2.20452795328818e-10,7.50279803006575,1.92204415000791,16.9581607724871,
-0.00225751562910754,0.133465276079607,-1.42296498087895e-11,316.570776889045,0.999993292931401,0.0548339409382506,1430,1327,864,1430,4,1.79053243407069e-10,7.50273802189891,1.92204910659071,16.9594490067251,
-0.00226552956231371,0.13379749187836,1.27237748264483e-11,313.953676830708,0.999993401823483,0.0548339812601633,1430,1327,864,1430,4,6.829498109285e-11,7.5026840010119,1.92205380465419,16.9607447323465,
-0.00227340648926557,0.134129718844532,4.21875242937386e-12,311.36286156163,0.999993508905035,0.0548340217365741,1430,1327,864,1430,4,7.8083228214137e-11,7.50263181939297,1.92205820426089,16.9620480906669,
-0.00228111304020372,0.134461956837905,-1.01826119286658e-11,308.798032484011,0.9999936142067,0.0548340621263887,1430,1327,864,1430,4,3.27471193604338e-10,7.50257824545166,1.92206226378562,16.9633592786895,
-0.00228870722291211,0.134794205760497,3.91418847204075e-12,306.258887230939,0.99999371775985,0.0548341027912937,1430,1327,864,1430,4,4.17708212012455e-10,7.50252394916109,1.92206606908099,16.9646778696733,
-0.00229618826985925,0.135126465489439,-5.95679926283614e-12,303.745132368794,0.999993819594463,0.0548341419875892,1430,1327,864,1430,4,7.3821073837813e-11,7.50246435742621,1.92206963025957,16.9660038422449,
-0.00230346911322811,0.135458735836171,-1.58364541369849e-11,301.25638903066,0.999993919739492,0.0548341784019951,1430,1327,864,1430,4,9.89513090718152e-11,7.50240486878286,1.92207304803277,16.9673375312684,
-0.00231060924616935,0.13579101672748,1.0730340905098e-11,298.792431899818,0.999994018224183,0.0548342121097046,1430,1327,864,1430,4,7.32785994935418e-11,7.5023376908081,1.92207626519506,16.968678656901,
-0.00231763502551971,0.136123308065903,7.32923910364697e-12,296.353005550127,0.999994115077079,0.0548342460472893,1430,1327,864,1430,4,2.19948630230749e-10,7.50227435503035,1.92207924854599,16.9700270810519,
-0.00232454582757073,0.136455609734076,-1.69456493108455e-11,293.937830147496,0.999994210326064,0.054834280097771,1430,1327,864,1430,4,1.17871302470999e-10,7.50221742920904,1.92208200284868,16.9713827786108,
-0.00233134105255251,0.136787921616091,1.76724357803942e-13,291.546629174922,0.999994303998524,0.0548343139790078,1430,1327,864,1430,4,6.35139581084104e-11,7.50215632213415,1.9220845333292,16.9727457260486,
-0.00233802012414852,0.13712024359738,-7.25500329300591e-12,289.179129363879,0.999994396121357,0.0548343480131632,1430,1327,864,1430,4,8.71555135181874e-11,7.50210919544768,1.92208684545943,16.9741158962477,
-0.00234458249837086,0.137452575564704,-3.90705290386276e-13,286.835060676067,0.999994486720979,0.0548343824197004,1430,1327,864,1430,4,1.20284962713925e-10,7.502065276379,1.92208894494083,16.9754932618407,
-0.00235102765290556,0.137784917406145,-3.34315233374398e-12,284.514156263936,0.999994575823339,0.0548344171738435,1430,1327,864,1430,4,5.24453357883342e-11,7.50203438464312,1.92209083771192,16.9768777964301,
-0.00235735509447917,0.138117269011095,-4.99907519622544e-12,282.216152445137,0.999994663453922,0.0548344523400894,1430,1327,864,1430,4,1.07311612514434e-10,7.50209879424971,1.92209252994798,16.9782694727945,
-0.00236356435405923,0.13844963027025,3.78569758549031e-12,279.940788673292,0.999994749637761,0.0548344879475006,1430,1327,864,1430,4,1.23453658172498e-10,7.5019880508217,1.92209402804541,16.9796682635767,
-0.00236965499059782,0.138782001075699,-1.49369155011316e-12,277.68780750455,0.999994834399444,0.0548345222082624,1430,1327,864,1430,4,7.78150080332617e-11,7.50185964410631,1.92209533854902,16.9810741468644,
-0.0023756840132739,0.139114381804666,-6.54505163716519e-12,275.458379415539,0.999994917758812,0.0548345561821037,1430,1327,864,1430,4,1.54388785484359e-10,7.5017392653044,1.92209642924198,16.9824868108325,
-0.00238160391963922,0.13944677194808,-3.56807649832397e-12,273.251065158736,0.999994999743392,0.054834590500948,1430,1327,864,1430,4,1.08865110347521e-10,7.50161728703765,1.92209733546516,16.9839064497196,
-0.00238740412014108,0.139779171315274,1.18275067880922e-11,271.065361413016,0.999995080377269,0.0548346218489583,1430,1327,864,1430,4,8.31536495220101e-11,7.50149745917387,1.92209808483629,16.9853330831886,
-0.00239309055718391,0.140111579810971,-1.61599986254406e-11,268.901038849566,0.999995159683412,0.0548346492642636,1430,1327,864,1430,4,1.11305581223219e-10,7.5013760465186,1.92209869600917,16.9867666917379,
-0.00239866352851583,0.140443997333612,-9.17206808008671e-12,266.757856012659,0.999995237684305,0.0548346774771869,1430,1327,864,1430,4,9.58109801263623e-11,7.5012588100128,1.92209915761039,16.9882072467358,
-0.00240411557671503,0.140776423773661,1.32781275124366e-12,264.635554504287,0.999995314401935,0.0548347067310695,1430,1327,864,1430,4,9.15695553492392e-11,7.50114803865694,1.92209947048808,16.9896547075798,
-0.00240944641847386,0.141108859031667,5.06020495416506e-12,262.533897499002,0.999995389857997,0.0548347371752974,1430,1327,864,1430,4,1.22335161137439e-10,7.50104712505744,1.92209964302995,16.99110904437,
-0.00241465579944796,0.141441303009377,1.79880655320043e-11,260.452651056642,0.999995464073805,0.0548347687653214,1430,1327,864,1430,4,9.97184429140664e-11,7.50095323394626,1.92209968386471,16.9925702268397,
-0.00241982012526181,0.141773755735193,-6.17421967773289e-12,258.391942406124,0.999995537070454,0.0548348011657451,1430,1327,864,1430,4,1.56284481326497e-10,7.50086583046005,1.92209968899406,16.9940383120021,
-0.00242489161783583,0.142106217050444,7.51893922015627e-13,256.351375759237,0.999995608868314,0.0548348345502925,1430,1327,864,1430,4,8.82459839035466e-11,7.50077738175147,1.92209961615937,16.9955134121507,
-0.00242983180854007,0.142438686823692,-9.87604804184093e-12,254.330608698141,0.999995679487488,0.054834868758494,1430,1327,864,1430,4,1.59175570141517e-10,7.50069283871334,1.92209938544964,16.9969950076153,
-0.00243469580171647,0.142771164976447,-1.50293376122878e-11,252.329394090823,0.999995748948519,0.0548349015946598,1430,1327,864,1430,4,1.41915821166911e-10,7.50061198162679,1.92209902396264,16.9984818548863,
-0.00243943817339943,0.143103651370969,4.73299462866295e-12,250.347450120969,0.999995817270418,0.054834928718555,1430,1327,864,1430,4,1.71737310588654e-10,7.50052474232477,1.92209857023649,16.9999753443802,
-0.00244405877716802,0.143436145915723,5.06529929999511e-13,248.384559501701,0.999995884472351,0.054834952160918,1430,1327,864,1430,4,1.03609839640018e-10,7.50042244113804,1.92209803726839,17.0014754439204,
-0.00244843640732586,0.143768648477963,-6.36224377523165e-12,246.440429711639,0.999995950572055,0.0548349761130229,1430,1327,864,1430,4,2.18149356380363e-10,7.50032596273264,1.92209702960029,17.0029816751088,
-0.00245211107286391,0.144101158806978,1.05756636172065e-11,244.514553669305,0.999996015584005,0.0548350000949188,1430,1327,864,1430,4,1.26343924391298e-10,7.50022867827493,1.92209401298698,17.0044923230723,
-0.00245566564915395,0.144433677020782,9.84562332988323e-12,242.607097471362,0.99999607953169,0.0548350226983247,1430,1327,864,1430,4,1.29332149356028e-10,7.50013399266231,1.92209094960813,17.0060095094041,
-0.00245908841423358,0.144766203056436,-1.21283412424179e-11,240.717885210187,0.999996142432916,0.0548350463420073,1430,1327,864,1430,4,1.01750861682295e-10,7.50004698253918,1.92208789790206,17.0075329469747,
-0.00246239748901309,0.14509873681842,-1.46058091836376e-11,238.846722848958,0.999996204305406,0.0548350707985919,1430,1327,864,1430,4,1.52423690799369e-10,7.49996265614591,1.92208486234246,17.0090628461829,
-0.00246551097712452,0.145431278182553,-1.92964791281142e-11,236.993265613019,0.9999962651662,0.0548350951764272,1430,1327,864,1430,4,4.79509586192202e-10,7.49987532045764,1.92208164708126,17.0105989575307,
-0.00246843400360001,0.145763827089869,2.69909257704509e-12,235.157377470461,0.999996325032247,0.0548351206955081,1430,1327,864,1430,4,1.69242459266906e-10,7.49978739321222,1.92207819201379,17.0121408287104,
-0.00247127149731606,0.146096383486712,-3.84543527527431e-12,233.339001911472,0.999996383920516,0.0548351475545468,1430,1327,864,1430,4,9.36246021116489e-11,7.49970212270431,1.92207463707784,17.0136894349628,
-0.00247399133126842,0.14642894726017,-2.57941875256534e-11,231.537841361808,0.999996441847112,0.0548351758220948,1430,1327,864,1430,4,1.40075518548076e-10,7.49962122997801,1.92207111042943,17.0152444013162,
-0.00247659371631919,0.14676151832946,3.58276800019102e-12,229.753704233444,0.999996498828118,0.0548352049015809,1430,1327,864,1430,4,1.14183822875246e-10,7.49954041693349,1.92206762427969,17.016805692262,
-0.00247907888695331,0.147094096614825,1.11860714511721e-11,227.986401303021,0.999996554879342,0.0548352347729122,1430,1327,864,1430,4,1.75201057683617e-10,7.49945948323879,1.92206419068094,17.0183732719015,
-0.00248144708381709,0.147426682037544,-1.91462798848803e-12,226.235745688327,0.999996610016314,0.0548352663315081,1430,1327,864,1430,4,1.25687621851183e-10,7.49937564211041,1.92206082135022,17.0199471039828,
-0.00248369857239506,0.147759274519787,-7.58104499044409e-12,224.501552822293,0.9999966642543,0.0548352996098541,1430,1327,864,1430,4,1.27249488204084e-10,7.4992949940593,1.92205752844432,17.0215271520759,
-0.00248583362518274,0.148091873984666,-1.19634688440506e-11,222.783640406909,0.9999967176083,0.0548353347861198,1430,1327,864,1430,4,1.11033038143801e-10,7.49921876343502,1.92205432461247,17.0231133793027,
-0.00248785253742787,0.148424480356235,-2.13442230469901e-12,221.081828415643,0.999996770093058,0.0548353719318122,1430,1327,864,1430,4,1.35786935900016e-10,7.49914346640894,1.92205122244127,17.0247057489386,
-0.00248974735305341,0.148757093567522,-1.38822260300651e-11,219.395971663398,0.999996821723011,0.0548354110730681,1430,1327,864,1430,4,6.54754617111275e-11,7.49906762392634,1.92204818174161,17.0263041808465,
-0.00249159632994965,0.149089713575169,-1.19616305250571e-11,217.72597201967,0.999996872513083,0.0548354529724793,1430,1327,864,1430,4,9.94712081029929e-11,7.49899649272096,1.92204535126581,17.027909197934,
-0.00249332937707297,0.149422340265738,-8.4765121354316e-12,216.071541548495,0.999996922476612,0.0548354988027781,1430,1327,864,1430,4,7.80460273099956e-11,7.49896847022215,1.92204266054537,17.0295202322401,
-0.0024949468423849,0.149754973566926,-3.98837401635859e-12,214.432509062245,0.999996971627351,0.0548355506424732,1430,1327,864,1430,4,1.1574442927546e-10,7.49889017328008,1.92204012250625,17.0311372453627,
-0.00249644907856027,0.150087613407312,6.92483668063987e-12,212.808705479804,0.999997019978823,0.0548356137810549,1430,1327,864,1430,4,1.43205177790628e-10,7.49885814143491,1.92203774913071,17.0327601985155,
-0.00249783643952952,0.150420259716322,-1.18966132111502e-11,211.199963789051,0.999997067544314,0.0548357044926852,1430,1327,864,1430,4,2.17839066866175e-10,7.49883656349261,1.92203555043241,17.0343890519324,
-0.00249910927707453,0.150752912424227,2.31245773398003e-12,209.606119021322,0.999997114336885,0.0548358495003458,1430,1327,864,1430,4,1.30923903514092e-10,7.498854754899,1.92203353411899,17.0360237645327,
-0.0025002682775941,0.151085571462035,-5.84662201465191e-12,208.027008922565,0.999997160369375,0.0548358349836464,1430,1327,864,1430,4,1.54579277307215e-10,7.49875726361225,1.92203176187072,17.0376643128555,
-0.00250131363982813,0.151418236761926,-1.17832640075376e-11,206.4624721998,0.9999972056544,0.0548358187105058,1430,1327,864,1430,4,1.59536361445646e-10,7.49866058635461,1.92203021252365,17.0393106454235,
-0.00250227862597193,0.151750908271631,1.14217358173404e-11,204.912387732539,0.999997250204655,0.0548358369211026,1430,1327,864,1430,4,1.79246430029633e-10,7.49859603840635,1.9220289810368,17.040962816963,
-0.00250319230168855,0.152083585937059,-1.28701481980423e-12,203.376630299191,0.999997294032567,0.0548358671556329,1430,1327,864,1430,4,7.84569812627463e-11,7.49855136322876,1.92202816343404,17.0426208693561,
-0.00250398899257489,0.152416269677399,1.22530299979679e-11,201.855025502933,0.999997337149455,0.0548359003929841,1430,1327,864,1430,4,1.79619880107626e-10,7.49852960507734,1.92202755308748,17.0442846670502,
-0.00250467113144996,0.152748959419791,-7.04168331717298e-12,200.347387824404,0.999997379567159,0.0548359364068253,1430,1327,864,1430,4,9.55953234006985e-11,7.49854475478709,1.92202719722078,17.0459541158899,
-0.00250524057023309,0.1530816550946,1.03379511440065e-11,198.85354370648,0.999997421297299,0.0548359731891201,1430,1327,864,1430,4,2.79889255237608e-10,7.49849917050703,1.92202713281773,17.047629137413,
-0.00250566722996931,0.153414356644371,-1.03191641971818e-11,197.373341661454,0.999997462351075,0.0548360047542378,1430,1327,864,1430,4,4.24530431110466e-10,7.49845631416934,1.92202743540479,17.0493095244542,
-0.00250596092282403,0.153747064004353,-1.1674216904593e-11,195.906634957192,0.999997502739736,0.054836031688587,1430,1327,864,1430,4,8.71680656296377e-11,7.49841349781175,1.92202810579236,17.0509952888661,
-0.0025061443919081,0.154079777108938,-1.95487161072476e-11,194.453279773953,0.999997542474414,0.0548360594866735,1430,1327,864,1430,4,7.66484503784725e-11,7.49837410466605,1.92202911339684,17.0526865105577,
-0.00250621815672092,0.154412495897202,7.92901820047785e-12,193.013132432428,0.99999758156592,0.0548360880007249,1430,1327,864,1430,4,9.17637286558361e-11,7.49833606186216,1.92203047354756,17.054383147931,
-0.00250612328075443,0.154745220975403,9.24974821129437e-12,191.588215130156,0.999997620024023,0.0548361166030612,1430,1327,864,1430,4,6.13386645541257e-11,7.4982890442906,1.92203407352573,17.0561153774086,
-0.00250591372980574,0.155077951681702,-4.98649599801719e-12,190.176429749871,0.999997657859966,0.0548361433064517,1430,1327,864,1430,4,1.47240593587223e-10,7.4982005295069,1.92203828188936,17.0578561776479,
-0.00250559606131302,0.155410687890067,-5.81895477440829e-12,188.777419777695,0.999997695084107,0.0548361703515985,1430,1327,864,1430,4,2.58892451681571e-10,7.49812124360163,1.9220429287031,17.0596025132178,
-0.00250517086469109,0.155743429542432,7.366106233005e-12,187.391048352766,0.999997731706539,0.0548361946738543,1430,1327,864,1430,4,8.822876195912e-11,7.49803235472138,1.92204803051381,17.0613543096221,
-0.00250463874018042,0.156076176581421,7.255742447837e-12,186.017180300139,0.999997767737189,0.0548362153662695,1430,1327,864,1430,4,1.12725311982887e-10,7.49793784273452,1.9220536040913,17.0631115085999,
-0.00250400030485158,0.15640892895032,-1.82238727147038e-11,184.655682114515,0.999997803185812,0.0548362368809471,1430,1327,864,1430,4,1.96030507707456e-10,7.49784655720746,1.92205966636265,17.0648741052895,
-0.00250325617805875,0.15674168659312,-1.88942719976659e-13,183.306421932193,0.999997838062,0.0548362590801931,1430,1327,864,1430,4,8.0738665072273e-11,7.49776365861204,1.92206623389448,17.0666420529901,
-0.0025024069876644,0.157074449454478,-3.19316781675037e-12,181.969269504906,0.999997872375183,0.0548362819427051,1430,1327,864,1430,4,2.6244805484971e-10,7.49767898907657,1.92207332390604,17.0684153049942,
-0.00250145337013764,0.157407217479745,6.63169966532741e-12,180.644096183859,0.999997906134632,0.0548363046509292,1430,1327,864,1430,4,9.56010321781853e-11,7.49759064880194,1.9220809582347,17.0701938144982,
-0.00250038875700885,0.157739990585926,-1.02575283336681e-12,179.330711115562,0.999997939349595,0.0548363268003665,1430,1327,864,1430,4,3.35576007942254e-10,7.49750758794189,1.92208965810964,17.0719775317903,
-0.00249920449190144,0.158072768682266,2.44994129150466e-12,178.028906691118,0.999997972029196,0.0548363453679874,1430,1327,864,1430,4,8.74178518308273e-11,7.49742684618757,1.92210009825516,17.0737663983512,
-0.00249791810083387,0.158405551784174,9.3496636756514e-12,176.738708340263,0.99999800418192,0.0548363638613223,1430,1327,864,1430,4,1.17197799342731e-10,7.49735106926647,1.92211112970918,17.0755603703175,
-0.00249653024588731,0.158738339839561,1.69682357086583e-11,175.459993604857,0.999998035816429,0.0548363829512118,1430,1327,864,1430,4,7.88151077129245e-11,7.49727955950889,1.92212277076733,17.0773594009882,
-0.00249504159603469,0.159071132796918,1.84192854653549e-12,174.192641514686,0.999998066941239,0.0548364028553321,1430,1327,864,1430,4,1.7710397173989e-10,7.49721291023332,1.92213503993298,17.079163440811,
-0.00249347382712528,0.159403930620263,4.83191007279345e-12,172.936557832,0.99999809756486,0.0548364229050757,1430,1327,864,1430,4,1.52797753165903e-10,7.49714846146179,1.92214755319803,17.080972476771,
-0.00249181969512158,0.159736733253447,1.34810836539129e-12,171.691614520841,0.999998127695467,0.0548364422145156,1430,1327,864,1430,4,9.13031065232846e-11,7.49707447092487,1.9221604755397,17.0827864489296,
-0.00249005717510095,0.160069540636,4.05437429506009e-12,170.457680065644,0.999998157341017,0.0548364613475946,1430,1327,864,1430,4,4.45774815919891e-11,7.49699645638551,1.92217406874506,17.0846053012535,
-0.00248816977925748,0.160402352717024,-6.81955982298737e-12,169.234642689579,0.999998186509387,0.0548364808961187,1430,1327,864,1430,4,5.30859547338961e-11,7.49691236965019,1.92218830849227,17.0864290116846,
-0.0024861848639193,0.160735169450819,-1.04717165386008e-13,168.02238326834,0.999998215208536,0.0548365011674866,1430,1327,864,1430,4,4.88480312615706e-11,7.49680046267552,1.92220327981332,17.0882574916678,
-0.0024841031363993,0.161067990789455,-3.30704256026101e-12,166.820789417331,0.999998243446156,0.0548365219497982,1430,1327,864,1430,4,8.4386609144639e-11,7.49666664797963,1.92221900245173,17.0900906934947,
-0.00248192530990801,0.161400816685553,-8.550537759929e-12,165.629750115043,0.999998271229812,0.0548365426972479,1430,1327,864,1430,4,2.12909128867977e-10,7.49660936314842,1.92223549668968,17.0919285680889,
-0.00247965210139178,0.161733647092269,-1.17229405165436e-11,164.449155673065,0.999998298566939,0.0548365615297561,1430,1327,864,1430,4,1.07624112809106e-10,7.49657614998608,1.92225278515131,17.0937710671754,
-0.00247728423386004,0.162066481963345,-9.41865562051249e-12,163.278897732209,0.999998325464852,0.0548365804169684,1430,1327,864,1430,4,7.37399182927199e-11,7.49651081155745,1.92227088609273,17.095618142971,
-0.00247482243545887,0.162399321253086,7.17579562935743e-12,162.118869231769,0.999998351930739,0.0548366000931757,1430,1327,864,1430,4,8.01350976872954e-11,7.49643644579061,1.92228981992941,17.0974697459197,
-0.0024722674358601,0.1627321649163,1.20149647406275e-11,160.968964399676,0.999998377971671,0.0548366203347802,1430,1327,864,1430,4,1.41641984440697e-10,7.49637026036576,1.92230960566428,17.0993258272982,
-0.00246961997192253,0.163065012908356,2.57490499733747e-12,159.829078731918,0.999998403594598,0.0548366412656021,1430,1327,864,1430,4,1.15593416241579e-10,7.49631473798608,1.92233026678774,17.1011863399937,
-0.00246688078027827,0.163397865185099,7.0445715707741e-12,158.699108971165,0.999998428806357,0.0548366626730092,1430,1327,864,1430,4,7.47029676056402e-11,7.49626309206897,1.92235182671407,17.1030512340415,
-0.00246405060566034,0.163730721702911,-9.57044329446795e-12,157.57895310364,0.999998453613667,0.0548366849916705,1430,1327,864,1430,4,4.17668931557428e-11,7.49622557090322,1.92237430579353,17.104920459351,
-0.00246113019237039,0.164063582418682,3.69838285430718e-12,156.468510329944,0.999998478023138,0.0548367083849361,1430,1327,864,1430,4,9.03801811698642e-11,7.49619368756331,1.92239772602369,17.1067939668081,
-0.00245812029046508,0.164396447289808,1.30797321012802e-12,155.367681048377,0.999998502041268,0.0548367328260382,1430,1327,864,1430,4,6.02957061762806e-11,7.49616085609794,1.922422109864,17.1086717072259,
-0.00245502164805735,0.164729316274176,5.24013775080046e-12,154.27636685478,0.999998525674446,0.0548367582655186,1430,1327,864,1430,4,7.34105969052441e-11,7.49612866733332,1.92244748740744,17.1105536310086,
-0.00245183501867815,0.165062189330165,1.0766006406412e-11,153.194470504741,0.999998548928956,0.0548367842321002,1430,1327,864,1430,4,8.82831110750063e-11,7.49610996915182,1.92247388675792,17.112439688377,
-0.00244856116346212,0.165395066416609,8.71712113096842e-12,152.121895904622,0.999998571810976,0.0548368106510007,1430,1327,864,1430,4,9.18072336406774e-11,7.49607905113959,1.92250132039769,17.114329829532,
-0.00244520084264527,0.165727947492854,3.93612775108143e-12,151.058548104372,0.999998594326581,0.0548368387012511,1430,1327,864,1430,4,5.79897876646266e-11,7.49602557402448,1.92252981113582,17.1162240045203,
-0.00244175481835903,0.166060832518697,1.46786270208909e-11,150.004333279639,0.999998616481746,0.0548368684033877,1430,1327,864,1430,4,6.18491945553934e-11,7.4959745557597,1.92255938414723,17.1181221632015,
-0.00243822385434959,0.166393721454393,-2.29951603853524e-11,148.959158710099,0.999998638282345,0.0548368999810418,1430,1327,864,1430,4,7.31701943806049e-11,7.4959364041387,1.92259006223395,17.1200242548343,
-0.00243460871554548,0.166726614260742,4.70765660408692e-13,147.922932765303,0.999998659734155,0.0548369323144054,1430,1327,864,1430,4,5.07949633518084e-11,7.49591057486835,1.92262187874652,17.1219302290015,
-0.00243091001125111,0.167059510909462,-9.99708236860768e-12,146.895565358775,0.999998680842854,0.0548369650022364,1430,1327,864,1430,4,9.19065167158902e-11,7.49589121436889,1.92265485735921,17.1238406748786,
-0.0024271286358551,0.167392411353539,1.67494853605548e-11,145.876966611429,0.999998701614031,0.0548369993887664,1430,1327,864,1430,4,8.35288987668833e-11,7.4958776449681,1.92268901201533,17.125755026765,
-0.00242326538801493,0.167725315552996,-3.69438233802609e-12,144.86704800591,0.999998722053181,0.0548370399101821,1430,1327,864,1430,4,7.72783333773341e-11,7.49588357133115,1.92272437268824,17.1276731145974,
-0.00241932104165385,0.168058223470319,2.85037370903506e-11,143.865722149498,0.999998742165704,0.0548370880146193,1430,1327,864,1430,4,6.18598788234168e-11,7.49588321674336,1.92276096611402,17.12959488602,
-0.00241529636835834,0.168391135068427,9.86450941005586e-12,142.872902666651,0.999998761956914,0.0548371444242269,1430,1327,864,1430,4,7.02889318664963e-11,7.49589536677948,1.92279881889577,17.1315202890878,
-0.00241119214005916,0.168724050310617,-8.40959530948294e-12,141.888504185692,0.999998781432034,0.0548371795950325,1430,1327,864,1430,4,6.73777646816872e-11,7.49588321755677,1.92283795795679,17.1334493302661,
-0.00240700913258821,0.169056969160663,5.31034885728758e-12,140.912442338298,0.999998800596203,0.0548372064321798,1430,1327,864,1430,4,5.09667910827107e-11,7.49585126007097,1.92287841045999,17.135381937749,
-0.00240274810987777,0.169389891582885,-3.4559582300954e-12,139.94463370662,0.999998819454472,0.0548372323609908,1430,1327,864,1430,4,8.37787286986144e-11,7.49581623450878,1.9229202044684,17.1373180431041,
-0.00239840985545739,0.169722817541704,8.04678859526137e-12,138.984995896559,0.999998838011811,0.0548372346844783,1430,1327,864,1430,4,8.17868053524784e-11,7.49574921250767,1.92296336912208,17.139257644951,
-0.0023939951438046,0.170055747002113,2.35450841257949e-11,138.033447444174,0.999998856273105,0.0548372309852064,1430,1327,864,1430,4,4.78771973240161e-11,7.49569005834125,1.92300793071559,17.14120066245,
-0.00238950475315982,0.17038867992945,6.43160361191272e-12,137.089907829143,0.999998874243159,0.0548372281540671,1430,1327,864,1430,4,6.64427254889434e-11,7.49554225530899,1.92305392641579,17.1431470274867,
-0.00238493946015474,0.170721616289509,-2.29331978280072e-11,136.154297465403,0.9999988919267,0.0548372291246785,1430,1327,864,1430,4,8.56601820261356e-11,7.4954100960828,1.92310137946677,17.145096693552,
-0.00238030004146746,0.171054556048428,-8.24975572339022e-12,135.226537682297,0.999998909328375,0.0548372334972317,1430,1327,864,1430,4,9.7912647516764e-11,7.49529314324627,1.92315031984611,17.1470496144034,
-0.0023755872706268,0.171387499172724,1.65838356773213e-12,134.306550708552,0.999998926452754,0.0548372409184331,1430,1327,864,1430,4,8.30452260976721e-11,7.49518989277081,1.92320077842547,17.1490057438146,
-0.00237080192313592,0.171720445629364,-7.08289640317678e-12,133.394259672667,0.999998943304332,0.0548372480864397,1430,1327,864,1430,4,7.34541727441393e-11,7.4950914815339,1.92325280418794,17.1509650363033,
-0.00236594477407729,0.172053395385562,-2.54999575058021e-12,132.489588583592,0.99999895988753,0.0548372562318038,1430,1327,864,1430,4,9.29563753202412e-11,7.49499744267692,1.92330641596359,17.1529274468233,
-0.0023610165963407,0.172386348408927,-1.26176164514432e-11,131.592462322668,0.999998976206695,0.0548372660738094,1430,1327,864,1430,4,8.64794805318792e-11,7.49490777149481,1.92336164196577,17.154892930463,
-0.00235601816531026,0.172719304671834,-1.7186840600876e-14,130.702818329439,0.999998992266102,0.0548372778892208,1430,1327,864,1430,4,6.49592187401542e-11,7.4948188978888,1.92341851868726,17.1568615040766,
-0.00235088066149134,0.1730522642835,-1.16361290042463e-11,129.820764718455,0.999999,0.0548372915876493,1430,1327,864,1430,4,7.03782274691859e-11,7.49473925158424,1.92347889068061,17.1588324006004,
-0.00234564802821886,0.173385227221048,1.34451099478025e-11,128.94631638623,0.999999,0.0548373076289313,1430,1327,864,1430,4,9.51927697429935e-11,7.49467105600775,1.9235454346501,17.1608064474387,
-0.00234039631658181,0.173718193318699,2.64782875529848e-11,128.079238826826,0.999999,0.054837321703128,1430,1327,864,1430,4,1.16625087739621e-10,7.49457737998794,1.92361712735175,17.1627844292018,
-0.00233507743440713,0.174051162523041,2.44299324964493e-12,127.219335210656,0.999999,0.0548373365253858,1430,1327,864,1430,4,4.52650047752082e-11,7.49447322905195,1.92369074145353,17.1647652642546,
-0.0023296921516585,0.174384134803796,-8.39524840433575e-12,126.366535529534,0.999999,0.0548373534791294,1430,1327,864,1430,4,4.43236689729065e-11,7.49438138835011,1.92376631908243,17.1667488921775,
-0.00232424123840098,0.174717110131112,-8.97345782749359e-12,125.520770571313,0.999999,0.054837372478277,1430,1327,864,1430,4,1.00724939903609e-10,7.49429341958892,1.92384390156228,17.1687352618632,
-0.00231872546155585,0.175050088475471,2.4338285835486e-12,124.681971903475,0.999999,0.0548373931906697,1430,1327,864,1430,4,5.98683886361148e-11,7.49419235147877,1.92392353116648,17.1707243218828,
-0.00231314558672479,0.175383069807681,7.98667912132924e-12,123.850071865813,0.999999,0.0548374153599252,1430,1327,864,1430,4,8.21515239738983e-11,7.49408370281471,1.92400525028566,17.1727160200682,
-0.00230750237654747,0.175716054098873,-1.08659571547735e-11,123.025003558497,0.999999,0.0548374372921613,1430,1327,864,1430,4,6.81877010871726e-11,7.49396552043171,1.92408910807361,17.1747103040214,
-0.00230179659217381,0.176049041320552,2.66674298339238e-11,122.206700832033,0.999999,0.0548374560432931,1430,1327,864,1430,4,7.14279449523439e-11,7.49384838169473,1.92417516850761,17.176707122115,
-0.00229599625529384,0.17638203143828,-1.21147243170409e-11,121.395126143315,0.999999,0.0548374750533663,1430,1327,864,1430,4,6.12326786265375e-11,7.49374222122271,1.92426552148585,17.1787067509901,
-0.00229006200787601,0.176715024473968,-1.60801709133459e-12,120.590294954088,0.999999,0.0548374950064774,1430,1327,864,1430,4,1.20281002193505e-10,7.49363945181255,1.92435978430307,17.180703204514,
-0.00228404276052992,0.177048020391989,-5.01959730274799e-12,119.792087434067,0.999999,0.0548375157419652,1430,1327,864,1430,4,5.58552595324149e-11,7.4935463364171,1.92445580882607,17.1826976818321,
-0.00227796424204439,0.177381019128088,-1.27102912003403e-11,119.00038500251,0.999999,0.0548375371329178,1430,1327,864,1430,4,5.14610221961106e-11,7.49346343428826,1.92455424162903,17.1846944517391,
-0.00227181299284818,0.177714020704416,-1.47059089488115e-12,118.215294929923,0.999999,0.0548375589698249,1430,1327,864,1430,4,4.98365397429909e-11,7.49339632878921,1.92465774444484,17.1866930722909,
-0.00226552870436541,0.178047025176221,-7.09554830391696e-12,117.436851959148,0.999999,0.0548375798052839,1430,1327,864,1430,4,6.22444371656327e-11,7.49312144528374,1.92476487971164,17.1886892689643,
-0.00225927027525033,0.178380032724801,1.54923611510012e-11,116.665463260536,0.999999,0.0548376007692723,1430,1327,864,1430,4,5.3349299283224e-11,7.49299584820319,1.92487667677556,17.1906980778163,
-0.00225294983452745,0.178713043255727,1.03172699469087e-11,115.900781080022,0.999999,0.0548376217214355,1430,1327,864,1430,4,8.0267530594784e-11,7.49285739357807,1.92499021917466,17.1927104098175,
-0.00224648021178631,0.179046056573835,-1.34483814194378e-11,115.142437285882,0.999999,0.0548376379125606,1430,1327,864,1430,4,4.51000043548238e-11,7.49271923327531,1.92510694429918,17.1947234718148,
-0.00223976282696996,0.17937907284568,-3.08546764526962e-12,114.39090565192,0.999999,0.0548376543953099,1430,1327,864,1430,4,7.32224194823396e-11,7.49259172876668,1.92522983574823,17.1967423977018,
-0.00223287109673855,0.179712091829831,-4.49166172192348e-12,113.64563252203,0.999999,0.0548376713172622,1430,1327,864,1430,4,6.70750481048434e-11,7.49246989297177,1.9253572386594,17.1987646432545,
-0.00222586676048977,0.180045113699894,-9.53266091551722e-12,112.906929903958,0.999999,0.0548376883154552,1430,1327,864,1430,4,7.55060225224808e-11,7.49235074094203,1.92548379113266,17.2007802740039,
-0.00221856931695309,0.180378138372963,1.45314464806848e-11,112.174486356147,0.999999,0.0548377046088901,1430,1327,864,1430,4,5.16592704115238e-11,7.4922429474542,1.92561291225174,17.2027853538314,
-0.00221095526773407,0.18071116579461,-4.48009512788675e-12,111.44816668889,0.999999,0.0548377201614836,1430,1327,864,1430,4,5.94084446889261e-11,7.49214951796135,1.9257494632366,17.2047867175145,
-0.00220324984714195,0.181044195737564,-1.25050118575539e-11,110.727639246778,0.999999,0.054837735442297,1430,1327,864,1430,4,5.98911718929609e-11,7.49206714558628,1.92588979541994,17.2067901685606,
-0.00219551356433804,0.181377228244487,1.19556816026043e-12,110.01319351214,0.999999,0.0548377510572592,1430,1327,864,1430,4,4.41708749855924e-11,7.49199745592241,1.92603285072964,17.2087992260377,
-0.00218767819401482,0.181710263406801,-2.93534575986076e-12,109.304988300802,0.999999,0.0548377652001285,1430,1327,864,1430,4,6.16686512114009e-11,7.49193967504287,1.92618089290174,17.2108075781874,
-0.00217970093666795,0.182043301369968,-1.81287657005343e-12,108.603188431721,0.999999,0.0548377751890389,1430,1327,864,1430,4,3.74752189220272e-11,7.49187434532424,1.92635082160824,17.2128073697364,
-0.00217165174170553,0.182376341964638,-5.34993690380582e-12,107.907286831069,0.999999,0.0548377825292973,1430,1327,864,1430,4,6.74724594582205e-11,7.49176477619778,1.92652555092337,17.2147923792393,
-0.00216356662606239,0.182709385178442,3.04157664766241e-12,107.217342645863,0.999999,0.0548377892465862,1430,1327,864,1430,4,7.23819426167131e-11,7.49165899477745,1.92670289500413,17.2167648911047,
-0.0021555554489856,0.183042430921586,-6.13489714893856e-12,106.533173862293,0.999999,0.0548377947977747,1430,1327,864,1430,4,5.61968716263901e-11,7.49154939345253,1.92688477487055,17.2187299647194,
-0.00214777563810382,0.183375479220857,1.84017396183097e-12,105.854988318719,0.999999,0.0548378009456869,1430,1327,864,1430,4,3.8984192368698e-11,7.49144354578035,1.92707747330077,17.220697418544,
-0.0021400049826627,0.183708529927202,-3.31749449959673e-12,105.182527890524,0.999999,0.054837806633001,1430,1327,864,1430,4,5.07829727453018e-11,7.49134409333575,1.92727636484536,17.2226675372925,
-0.00213205865781387,0.184041582993966,5.4564070072643e-12,104.515558740641,0.999999,0.054837806772671,1430,1327,864,1430,4,1.01192403479174e-10,7.49123592409885,1.92748122525512,17.2246434250593,
-0.00212366728964079,0.184374638528793,1.12592619892749e-11,103.854229763065,0.999999,0.0548378070190691,1430,1327,864,1430,4,5.851533674855e-11,7.49113263956509,1.92768963162888,17.2266235470528,
-0.00211511626236069,0.184707696632614,-6.02718607444971e-12,103.198700703258,0.999999,0.0548378082937854,1430,1327,864,1430,4,6.20854712097125e-11,7.4910363093478,1.92790788042971,17.2286108068156,
-0.00210634198481423,0.185040757096568,-1.37790786403471e-11,102.549068534356,0.999999,0.0548378106819421,1430,1327,864,1430,4,4.14706916759755e-11,7.49094391944175,1.9281465572478,17.2306124428834,
-0.00209771490223838,0.185373820166414,-5.46463269329289e-12,101.90582622717,0.999999,0.0548378140204308,1430,1327,864,1430,4,5.46190004201489e-11,7.49085808850331,1.92839270124588,17.2326160665121,
-0.00208878989595108,0.185706885520742,1.06158347628997e-11,101.267817327853,0.999999,0.0548378181306749,1430,1327,864,1430,4,4.36827290711047e-11,7.49077023478638,1.92863586399409,17.2346135959404,
-0.00207988527701168,0.18603995327882,-3.02247380498232e-12,100.63534711242,0.999999,0.0548378233061053,1430,1327,864,1430,4,3.8674554222742e-11,7.49066912976976,1.92889260593922,17.2365996270155,
-0.00207102210388041,0.186373023427579,-3.95040045868354e-12,100.00857721343,0.999999,0.0548378287191571,1430,1327,864,1430,4,3.11169632270013e-11,7.49057098512822,1.92916010532899,17.2385925515569,
-0.00206181762676854,0.186706095969656,6.61166050565116e-12,99.3876642761016,0.999999,0.0548378306065686,1430,1327,864,1430,4,6.40672469568022e-11,7.49047747828933,1.92943048156258,17.2405922814094,
-0.00205234585827581,0.187039170779563,1.91377614032788e-11,98.7722309639287,0.999999,0.054837833541234,1430,1327,864,1430,4,1.48942337340963e-10,7.49038357350848,1.9296955551747,17.2425984980274,
-0.00204268144002704,0.18737224780172,2.53013382272259e-11,98.1621369173348,0.999999,0.0548378371200043,1430,1327,864,1430,4,4.3541931382756e-11,7.49027227952356,1.92995975647973,17.2446052432058,
-0.00203330684303398,0.187705327070786,-1.77178839227141e-11,97.5571252678367,0.999999,0.0548378401331814,1430,1327,864,1430,4,3.55034626121894e-11,7.49014608201044,1.93021675157033,17.2466143963749,
-0.002024229570918,0.188038408621243,3.90436887329334e-12,96.9572320148786,0.999999,0.0548378443683455,1430,1327,864,1430,4,3.41259899032926e-11,7.49003376353273,1.93047868572936,17.2486242470808,
-0.00201499975825131,0.188371492221692,1.51475820683302e-11,96.3621050520438,0.999999,0.0548378465103287,1430,1327,864,1430,4,5.89478114709914e-11,7.4899344400954,1.93074653770834,17.2506338436605,
-0.00200568560926118,0.188704577866107,1.3993912528331e-11,95.7718087156369,0.999999,0.0548378305963906,1430,1327,864,1430,4,3.47104638122103e-11,7.48983583072856,1.93101826836347,17.2526428525504,
-0.00199630199258651,0.189037665494942,2.46198180792927e-11,95.1861429773244,0.999999,0.0548378161747059,1430,1327,864,1430,4,7.52565321740021e-11,7.48972382206314,1.93129590512929,17.2546524077066,
-0.00198659881371226,0.189370755104438,-6.25153989447687e-12,94.6050511475691,0.999999,0.0548378034809839,1430,1327,864,1430,4,4.4733635928282e-11,7.48961402295373,1.93157944341695,17.256658930679,
-0.00197687921749156,0.189703846825226,-5.5250872440008e-12,94.0287481418744,0.999999,0.0548377919154444,1430,1327,864,1430,4,4.82945816916025e-11,7.48950995516192,1.93186514051495,17.2586498751997,
-0.0019673677374184,0.190036940714258,-1.25816447973888e-09,93.4573332922082,0.999999,0.0548377814532672,1430,1327,864,1430,3,9.89527241097096e-07,7.48941113971099,1.93216065261826,17.2606181169773,
-0.00195793110344718,0.190370036611463,-1.26959374554359e-09,92.8905348168673,0.999999,0.0548377732747056,1430,1327,864,1430,3,9.71773244069681e-07,7.48931990618826,1.93247260154565,17.2625902479999,
-0.00194858225425497,0.190703134518095,-1.26868334085738e-09,92.3282988714542,0.999999,0.0548377674256607,1430,1327,864,1430,3,9.48790862593602e-07,7.48922398068215,1.9327967981321,17.2645625534804,
-0.00193892092815905,0.191036234417837,-1.65718724956824e-11,91.7705155495492,0.999999,0.0548377637044478,1430,1327,864,1430,4,3.83654592463169e-11,7.48913447319282,1.93312427011245,17.2665175845433,
-0.00192938179567662,0.191369336589129,-1.30578274447791e-09,91.2176988755531,0.999999,0.0548377627056932,1430,1327,864,1430,3,8.90583673390755e-07,7.4890516569503,1.93345919860413,17.2684663148776,
-0.00192008352778132,0.191702441006129,-1.29036895309343e-09,90.669815028004,0.999999,0.0548377626642544,1430,1327,864,1430,3,8.64628940663877e-07,7.48895425271687,1.93380093450838,17.2704074476837,
-0.00191092053429518,0.192035547545031,-1.26465005207874e-09,90.1266783391523,0.999999,0.0548377648504319,1430,1327,864,1430,3,7.71289150500333e-07,7.48885155843243,1.93415921184531,17.27235261206,
-0.00190141815784187,0.192368656146177,-1.30152262611713e-09,89.5883615803483,0.999999,0.0548377697874272,1430,1327,864,1430,3,8.98635889689046e-07,7.48875544915807,1.93452451856786,17.274291129387,
-0.00189187022772857,0.192701766530178,-1.32917566676819e-09,89.0541760120714,0.999999,0.0548377775238691,1430,1327,864,1430,3,9.2929118879472e-07,7.48865862160885,1.93489930660913,17.2762305453108,
-0.00188241148956581,0.193034878867946,-1.30299575940173e-09,88.5243649778745,0.999999,0.0548377880191094,1430,1327,864,1430,3,9.69623081174815e-07,7.48855440729878,1.93528051179834,17.2781627663656,
-0.00187310929940174,0.193367993071389,-1.29112552036726e-09,87.998915631946,0.999999,0.0548378013160705,1430,1327,864,1430,3,8.72229602033963e-07,7.48844313993438,1.93567137848186,17.2800908487413,
-0.00186349938809638,0.193701109044492,-1.30707200541225e-09,87.4775462380624,0.999999,0.0548378174994993,1430,1327,864,1430,3,8.43794504204848e-07,7.48834412864503,1.93607022143187,17.2820170767108,
-0.0018539007464763,0.194034226823032,-1.30283380681741e-09,86.9605736340655,0.999999,0.0548378366000246,1430,1327,864,1430,3,8.46060918274782e-07,7.48825797229453,1.93648116095261,17.2839423229536,
-0.0018444615126657,0.194367346547592,-1.30776959974508e-09,86.4482765743295,0.999999,0.0548378587753669,1430,1327,864,1430,3,7.68012409586275e-07,7.48818466477237,1.9369113928568,17.2858772046592,
-0.00183487610885918,0.194700468250913,-1.31247550043631e-09,85.940445221459,0.999999,0.054837880968802,1430,1327,864,1430,3,7.96146690938982e-07,7.48808534688883,1.93732155168898,17.2878059127544,
-0.0018256689727148,0.195033591762194,-1.29302812543457e-09,85.4367637506837,0.999999,0.0548379065250713,1430,1327,864,1430,3,6.97639588982765e-07,7.48801258824207,1.93774240109144,17.2897394024369,
-0.00181606801839181,0.195366716877316,-1.84363116746277e-11,84.936958098085,0.999999,0.0548379248281586,1430,1327,864,1430,4,2.36164297461611e-10,7.48791815013112,1.9381910848585,17.2916767494446,
-0.00180603179372421,0.195699843765289,-1.36360440689367e-09,84.4411623847566,0.999999,0.0548379328453803,1430,1327,864,1430,3,7.53356785138036e-07,7.48782127896971,1.93864741271188,17.2936117556403,
-0.00179600469755025,0.196032972328103,-1.35212201409152e-09,83.9492119730665,0.999999,0.0548379429567412,1430,1327,864,1430,3,7.35864491285897e-07,7.48773254668116,1.93910631010776,17.2955448622315,
-0.00178560119171904,0.196366102479939,-1.39894622522933e-09,83.4610249408774,0.999999,0.0548379546106826,1430,1327,864,1430,3,6.87571896266367e-07,7.48763898975698,1.93956977591751,17.2974714419696,
-0.00177536759316143,0.196699234341521,-1.37182532850761e-09,82.976887378288,0.999999,0.0548379676536071,1430,1327,864,1430,3,7.28447941179557e-07,7.48754950369988,1.94005079804036,17.2993880922703,
-0.00176520925145056,0.197032367885661,-3.84454643616891e-12,82.4969624787976,0.999999,0.0548379790659813,1430,1327,864,1430,4,5.08587409554845e-11,7.48745954761446,1.94055367114234,17.3013094453521,
-0.00175526632830184,0.197365503050345,-1.3071683064481e-09,82.0209429327934,0.999999,0.0548379777126541,1430,1327,864,1430,3,7.10367573506596e-07,7.48734799701496,1.94106697153575,17.3032292926562,
-0.0017451489874602,0.197698639806365,-1.34428528473512e-09,81.5486256300982,0.999999,0.054837979789009,1430,1327,864,1430,3,6.26662233895805e-07,7.4872436408243,1.94158401457215,17.3051403331571,
-0.00173492281166231,0.198031778011175,-1.32163836378225e-09,81.0797609689121,0.999999,0.0548379857027969,1430,1327,864,1430,3,6.17880544436025e-07,7.4871472601852,1.94209945740127,17.3070519868975,
-0.00172500649019361,0.198364917844435,-1.30299034342902e-09,80.614596858653,0.999999,0.0548379955553579,1430,1327,864,1430,3,5.64233336027813e-07,7.48705859011529,1.94262972746493,17.3089569612252,
-0.0017148056460293,0.19869805921981,-1.368984599401e-09,80.1530898046265,0.999999,0.054838008798437,1430,1327,864,1430,3,6.22187628630166e-07,7.48697197055515,1.94318096851507,17.3108576992771,
-0.00170446886968218,0.199031202321749,-1.33751520438579e-09,79.6955702564328,0.999999,0.0548380255616481,1430,1327,864,1430,3,5.47395602642492e-07,7.48688785916144,1.94373536573324,17.3127347723637,
-0.00169463542863882,0.199364347245154,-1.25324685726713e-09,79.2418320813828,0.999999,0.0548380457547619,1430,1327,864,1430,3,5.61143579020277e-07,7.48680516197779,1.94428461321255,17.3145560517329,
-0.00168487050055477,0.199697493694437,-1.26125044940702e-09,78.7917583033815,0.999999,0.0548380592234891,1430,1327,864,1430,3,4.84794281156968e-07,7.48671677104927,1.9448486307882,17.3163788619614,
-0.00167503424218306,0.200030641770026,-1.92990111061052e-13,78.3453643385365,0.999999,0.0548380714089597,1430,1327,864,1430,4,8.00665149199601e-11,7.48663467739899,1.94541610322754,17.3181888004218,
