1 25 -12.5 50
2 25 -7.5 50
3 25 -7.5 0
4 25 -12.5 0
5 0 -7.5 50
6 0 -7.5 0
7 200 -7.5 50
8 175 -7.5 50
9 175 -7.5 0
10 200 -7.5 0
11 175 -12.5 50
12 175 -12.5 0
13 200 -12.5 50
14 200 -12.5 0
15 200 -110 50
16 200 -110 0
17 0 -110 50
18 0 -110 0
19 0 -12.5 50
20 0 -12.5 0
21 0 90 50
22 0 90 0
23 200 90 0
24 200 90 50
25 25 -10 50
26 25 -7.5 47.0588226318
27 25 -7.5 44.1176452637
28 25 -7.5 41.1764717102
29 25 -7.5 38.235294342
30 25 -7.5 35.2941169739
31 25 -7.5 32.3529396057
32 25 -7.5 29.4117641449
33 25 -7.5 26.4705886841
34 25 -7.5 23.5294113159
35 25 -7.5 20.5882358551
36 25 -7.5 17.6470584869
37 25 -7.5 14.7058820724
38 25 -7.5 11.764705658
39 25 -7.5 8.82352924347
40 25 -7.5 5.88235282898
41 25 -7.5 2.94117641449
42 25 -10 0
43 25 -12.5 2.94117641449
44 25 -12.5 5.88235282898
45 25 -12.5 8.82352924347
46 25 -12.5 11.764705658
47 25 -12.5 14.7058820724
48 25 -12.5 17.6470584869
49 25 -12.5 20.5882358551
50 25 -12.5 23.5294113159
51 25 -12.5 26.4705886841
52 25 -12.5 29.4117641449
53 25 -12.5 32.3529396057
54 25 -12.5 35.2941169739
55 25 -12.5 38.235294342
56 25 -12.5 41.1764717102
57 25 -12.5 44.1176452637
58 25 -12.5 47.0588226318
59 21.875 -7.5 50
60 18.75 -7.5 50
61 15.625 -7.5 50
62 12.5 -7.5 50
63 9.375 -7.5 50
64 6.25 -7.5 50
65 3.125 -7.5 50
66 0 -7.5 47.0588226318
67 0 -7.5 44.1176452637
68 0 -7.5 41.1764717102
69 0 -7.5 38.235294342
70 0 -7.5 35.2941169739
71 0 -7.5 32.3529396057
72 0 -7.5 29.4117641449
73 0 -7.5 26.4705886841
74 0 -7.5 23.5294113159
75 0 -7.5 20.5882358551
76 0 -7.5 17.6470584869
77 0 -7.5 14.7058820724
78 0 -7.5 11.764705658
79 0 -7.5 8.82352924347
80 0 -7.5 5.88235282898
81 0 -7.5 2.94117641449
82 3.125 -7.5 0
83 6.25 -7.5 0
84 9.375 -7.5 0
85 12.5 -7.5 0
86 15.625 -7.5 0
87 18.75 -7.5 0
88 21.875 -7.5 0
89 196.875 -7.5 50
90 193.75 -7.5 50
91 190.625 -7.5 50
92 187.5 -7.5 50
93 184.375 -7.5 50
94 181.25 -7.5 50
95 178.125 -7.5 50
96 175 -7.5 47.0588226318
97 175 -7.5 44.1176452637
98 175 -7.5 41.1764717102
99 175 -7.5 38.235294342
100 175 -7.5 35.2941169739
101 175 -7.5 32.3529396057
102 175 -7.5 29.4117641449
103 175 -7.5 26.4705886841
104 175 -7.5 23.5294113159
105 175 -7.5 20.5882358551
106 175 -7.5 17.6470584869
107 175 -7.5 14.7058820724
108 175 -7.5 11.764705658
109 175 -7.5 8.82352924347
110 175 -7.5 5.88235282898
111 175 -7.5 2.94117641449
112 178.125 -7.5 0
113 181.25 -7.5 0
114 184.375 -7.5 0
115 187.5 -7.5 0
116 190.625 -7.5 0
117 193.75 -7.5 0
118 196.875 -7.5 0
119 200 -7.5 2.94117641449
120 200 -7.5 5.88235282898
121 200 -7.5 8.82352924347
122 200 -7.5 11.764705658
123 200 -7.5 14.7058820724
124 200 -7.5 17.6470584869
125 200 -7.5 20.5882358551
126 200 -7.5 23.5294113159
127 200 -7.5 26.4705886841
128 200 -7.5 29.4117641449
129 200 -7.5 32.3529396057
130 200 -7.5 35.2941169739
131 200 -7.5 38.235294342
132 200 -7.5 41.1764717102
133 200 -7.5 44.1176452637
134 200 -7.5 47.0588226318
135 175 -10 50
136 175 -12.5 47.0588226318
137 175 -12.5 44.1176452637
138 175 -12.5 41.1764717102
139 175 -12.5 38.235294342
140 175 -12.5 35.2941169739
141 175 -12.5 32.3529396057
142 175 -12.5 29.4117641449
143 175 -12.5 26.4705886841
144 175 -12.5 23.5294113159
145 175 -12.5 20.5882358551
146 175 -12.5 17.6470584869
147 175 -12.5 14.7058820724
148 175 -12.5 11.764705658
149 175 -12.5 8.82352924347
150 175 -12.5 5.88235282898
151 175 -12.5 2.94117641449
152 175 -10 0
153 178.125 -12.5 50
154 181.25 -12.5 50
155 184.375 -12.5 50
156 187.5 -12.5 50
157 190.625 -12.5 50
158 193.75 -12.5 50
159 196.875 -12.5 50
160 200 -12.5 47.0588226318
161 200 -12.5 44.1176452637
162 200 -12.5 41.1764717102
163 200 -12.5 38.235294342
164 200 -12.5 35.2941169739
165 200 -12.5 32.3529396057
166 200 -12.5 29.4117641449
167 200 -12.5 26.4705886841
168 200 -12.5 23.5294113159
169 200 -12.5 20.5882358551
170 200 -12.5 17.6470584869
171 200 -12.5 14.7058820724
172 200 -12.5 11.764705658
173 200 -12.5 8.82352924347
174 200 -12.5 5.88235282898
175 200 -12.5 2.94117641449
176 196.875 -12.5 0
177 193.75 -12.5 0
178 190.625 -12.5 0
179 187.5 -12.5 0
180 184.375 -12.5 0
181 181.25 -12.5 0
182 178.125 -12.5 0
183 200 -21.3636360168 50
184 200 -30.2272720337 50
185 200 -39.0909080505 50
186 200 -47.9545440674 50
187 200 -56.8181800842 50
188 200 -65.6818161011 50
189 200 -74.5454559326 50
190 200 -83.4090881348 50
191 200 -92.2727279663 50
192 200 -101.136360168 50
193 200 -110 47.0588226318
194 200 -110 44.1176452637
195 200 -110 41.1764717102
196 200 -110 38.235294342
197 200 -110 35.2941169739
198 200 -110 32.3529396057
199 200 -110 29.4117641449
200 200 -110 26.4705886841
201 200 -110 23.5294113159
202 200 -110 20.5882358551
203 200 -110 17.6470584869
204 200 -110 14.7058820724
205 200 -110 11.764705658
206 200 -110 8.82352924347
207 200 -110 5.88235282898
208 200 -110 2.94117641449
209 200 -101.136360168 0
210 200 -92.2727279663 0
211 200 -83.4090881348 0
212 200 -74.5454559326 0
213 200 -65.6818161011 0
214 200 -56.8181800842 0
215 200 -47.9545440674 0
216 200 -39.0909080505 0
217 200 -30.2272720337 0
218 200 -21.3636360168 0
219 190.909088135 -110 50
220 181.81817627 -110 50
221 172.727279663 -110 50
222 163.636367798 -110 50
223 154.545455933 -110 50
224 145.454544067 -110 50
225 136.363632202 -110 50
226 127.272727966 -110 50
227 118.181816101 -110 50
228 109.090911865 -110 50
229 100 -110 50
230 90.9090881348 -110 50
231 81.8181838989 -110 50
232 72.7272720337 -110 50
233 63.6363639832 -110 50
234 54.5454559326 -110 50
235 45.4545440674 -110 50
236 36.3636360168 -110 50
237 27.2727279663 -110 50
238 18.1818180084 -110 50
239 9.09090900421 -110 50
240 0 -110 47.0588226318
241 0 -110 44.1176452637
242 0 -110 41.1764717102
243 0 -110 38.235294342
244 0 -110 35.2941169739
245 0 -110 32.3529396057
246 0 -110 29.4117641449
247 0 -110 26.4705886841
248 0 -110 23.5294113159
249 0 -110 20.5882358551
250 0 -110 17.6470584869
251 0 -110 14.7058820724
252 0 -110 11.764705658
253 0 -110 8.82352924347
254 0 -110 5.88235282898
255 0 -110 2.94117641449
256 9.09090900421 -110 0
257 18.1818180084 -110 0
258 27.2727279663 -110 0
259 36.3636360168 -110 0
260 45.4545440674 -110 0
261 54.5454559326 -110 0
262 63.6363639832 -110 0
263 72.7272720337 -110 0
264 81.8181838989 -110 0
265 90.9090881348 -110 0
266 100 -110 0
267 109.090911865 -110 0
268 118.181816101 -110 0
269 127.272727966 -110 0
270 136.363632202 -110 0
271 145.454544067 -110 0
272 154.545455933 -110 0
273 163.636367798 -110 0
274 172.727279663 -110 0
275 181.81817627 -110 0
276 190.909088135 -110 0
277 0 -101.136360168 50
278 0 -92.2727279663 50
279 0 -83.4090881348 50
280 0 -74.5454559326 50
281 0 -65.6818161011 50
282 0 -56.8181800842 50
283 0 -47.9545440674 50
284 0 -39.0909080505 50
285 0 -30.2272720337 50
286 0 -21.3636360168 50
287 0 -12.5 47.0588226318
288 0 -12.5 44.1176452637
289 0 -12.5 41.1764717102
290 0 -12.5 38.235294342
291 0 -12.5 35.2941169739
292 0 -12.5 32.3529396057
293 0 -12.5 29.4117641449
294 0 -12.5 26.4705886841
295 0 -12.5 23.5294113159
296 0 -12.5 20.5882358551
297 0 -12.5 17.6470584869
298 0 -12.5 14.7058820724
299 0 -12.5 11.764705658
300 0 -12.5 8.82352924347
301 0 -12.5 5.88235282898
302 0 -12.5 2.94117641449
303 0 -21.3636360168 0
304 0 -30.2272720337 0
305 0 -39.0909080505 0
306 0 -47.9545440674 0
307 0 -56.8181800842 0
308 0 -65.6818161011 0
309 0 -74.5454559326 0
310 0 -83.4090881348 0
311 0 -92.2727279663 0
312 0 -101.136360168 0
313 3.125 -12.5 50
314 6.25 -12.5 50
315 9.375 -12.5 50
316 12.5 -12.5 50
317 15.625 -12.5 50
318 18.75 -12.5 50
319 21.875 -12.5 50
320 21.875 -12.5 0
321 18.75 -12.5 0
322 15.625 -12.5 0
323 12.5 -12.5 0
324 9.375 -12.5 0
325 6.25 -12.5 0
326 3.125 -12.5 0
327 0 1.36363637447 50
328 0 10.2272729874 50
329 0 19.0909099579 50
330 0 27.9545459747 50
331 0 36.8181800842 50
332 0 45.6818199158 50
333 0 54.5454559326 50
334 0 63.4090919495 50
335 0 72.2727279663 50
336 0 81.1363601685 50
337 0 90 47.0588226318
338 0 90 44.1176452637
339 0 90 41.1764717102
340 0 90 38.235294342
341 0 90 35.2941169739
342 0 90 32.3529396057
343 0 90 29.4117641449
344 0 90 26.4705886841
345 0 90 23.5294113159
346 0 90 20.5882358551
347 0 90 17.6470584869
348 0 90 14.7058820724
349 0 90 11.764705658
350 0 90 8.82352924347
351 0 90 5.88235282898
352 0 90 2.94117641449
353 0 81.1363601685 0
354 0 72.2727279663 0
355 0 63.4090919495 0
356 0 54.5454559326 0
357 0 45.6818199158 0
358 0 36.8181800842 0
359 0 27.9545459747 0
360 0 19.0909099579 0
361 0 10.2272729874 0
362 0 1.36363637447 0
363 9.09090900421 90 0
364 18.1818180084 90 0
365 27.2727279663 90 0
366 36.3636360168 90 0
367 45.4545440674 90 0
368 54.5454559326 90 0
369 63.6363639832 90 0
370 72.7272720337 90 0
371 81.8181838989 90 0
372 90.9090881348 90 0
373 100 90 0
374 109.090911865 90 0
375 118.181816101 90 0
376 127.272727966 90 0
377 136.363632202 90 0
378 145.454544067 90 0
379 154.545455933 90 0
380 163.636367798 90 0
381 172.727279663 90 0
382 181.81817627 90 0
383 190.909088135 90 0
384 200 81.1363601685 0
385 200 72.2727279663 0
386 200 63.4090919495 0
387 200 54.5454559326 0
388 200 45.6818199158 0
389 200 36.8181800842 0
390 200 27.9545459747 0
391 200 19.0909099579 0
392 200 10.2272729874 0
393 200 1.36363637447 0
394 200 81.1363601685 50
395 200 72.2727279663 50
396 200 63.4090919495 50
397 200 54.5454559326 50
398 200 45.6818199158 50
399 200 36.8181800842 50
400 200 27.9545459747 50
401 200 19.0909099579 50
402 200 10.2272729874 50
403 200 1.36363637447 50
404 200 90 2.94117641449
405 200 90 5.88235282898
406 200 90 8.82352924347
407 200 90 11.764705658
408 200 90 14.7058820724
409 200 90 17.6470584869
410 200 90 20.5882358551
411 200 90 23.5294113159
412 200 90 26.4705886841
413 200 90 29.4117641449
414 200 90 32.3529396057
415 200 90 35.2941169739
416 200 90 38.235294342
417 200 90 41.1764717102
418 200 90 44.1176452637
419 200 90 47.0588226318
420 190.909088135 90 50
421 181.81817627 90 50
422 172.727279663 90 50
423 163.636367798 90 50
424 154.545455933 90 50
425 145.454544067 90 50
426 136.363632202 90 50
427 127.272727966 90 50
428 118.181816101 90 50
429 109.090911865 90 50
430 100 90 50
431 90.9090881348 90 50
432 81.8181838989 90 50
433 72.7272720337 90 50
434 63.6363639832 90 50
435 54.5454559326 90 50
436 45.4545440674 90 50
437 36.3636360168 90 50
438 27.2727279663 90 50
439 18.1818180084 90 50
440 9.09090900421 90 50
441 25 -10 47.0588226318
442 25 -10 44.1176452637
443 25 -10 41.1764717102
444 25 -10 38.235294342
445 25 -10 35.2941169739
446 25 -10 32.3529396057
447 25 -10 29.4117641449
448 25 -10 26.4705886841
449 25 -10 23.5294113159
450 25 -10 20.5882358551
451 25 -10 17.6470584869
452 25 -10 14.7058820724
453 25 -10 11.764705658
454 25 -10 8.82352924347
455 25 -10 5.88235282898
456 25 -10 2.94117641449
457 21.875 -7.5 47.0588226318
458 18.75 -7.5 47.0588226318
459 15.625 -7.5 47.0588226318
460 12.5 -7.5 47.0588226318
461 9.375 -7.5 47.0588226318
462 6.25 -7.5 47.0588226318
463 3.125 -7.5 47.0588226318
464 21.875 -7.5 44.1176452637
465 18.75 -7.5 44.1176452637
466 15.625 -7.5 44.1176452637
467 12.5 -7.5 44.1176452637
468 9.375 -7.5 44.1176452637
469 6.25 -7.5 44.1176452637
470 3.125 -7.5 44.1176452637
471 21.875 -7.5 41.1764717102
472 18.75 -7.5 41.1764717102
473 15.625 -7.5 41.1764717102
474 12.5 -7.5 41.1764717102
475 9.375 -7.5 41.1764717102
476 6.25 -7.5 41.1764717102
477 3.125 -7.5 41.1764717102
478 21.875 -7.5 38.235294342
479 18.75 -7.5 38.235294342
480 15.625 -7.5 38.235294342
481 12.5 -7.5 38.235294342
482 9.375 -7.5 38.235294342
483 6.25 -7.5 38.235294342
484 3.125 -7.5 38.235294342
485 21.875 -7.5 35.2941169739
486 18.75 -7.5 35.2941169739
487 15.625 -7.5 35.2941169739
488 12.5 -7.5 35.2941169739
489 9.375 -7.5 35.2941169739
490 6.25 -7.5 35.2941169739
491 3.125 -7.5 35.2941169739
492 21.875 -7.5 32.3529396057
493 18.75 -7.5 32.3529396057
494 15.625 -7.5 32.3529396057
495 12.5 -7.5 32.3529396057
496 9.375 -7.5 32.3529396057
497 6.25 -7.5 32.3529396057
498 3.125 -7.5 32.3529396057
499 21.875 -7.5 29.4117641449
500 18.75 -7.5 29.4117641449
501 15.625 -7.5 29.4117641449
502 12.5 -7.5 29.4117641449
503 9.375 -7.5 29.4117641449
504 6.25 -7.5 29.4117641449
505 3.125 -7.5 29.4117641449
506 21.875 -7.5 26.4705886841
507 18.75 -7.5 26.4705886841
508 15.625 -7.5 26.4705886841
509 12.5 -7.5 26.4705886841
510 9.375 -7.5 26.4705886841
511 6.25 -7.5 26.4705886841
512 3.125 -7.5 26.4705886841
513 21.875 -7.5 23.5294113159
514 18.75 -7.5 23.5294113159
515 15.625 -7.5 23.5294113159
516 12.5 -7.5 23.5294113159
517 9.375 -7.5 23.5294113159
518 6.25 -7.5 23.5294113159
519 3.125 -7.5 23.5294113159
520 21.875 -7.5 20.5882358551
521 18.75 -7.5 20.5882358551
522 15.625 -7.5 20.5882358551
523 12.5 -7.5 20.5882358551
524 9.375 -7.5 20.5882358551
525 6.25 -7.5 20.5882358551
526 3.125 -7.5 20.5882358551
527 21.875 -7.5 17.6470584869
528 18.75 -7.5 17.6470584869
529 15.625 -7.5 17.6470584869
530 12.5 -7.5 17.6470584869
531 9.375 -7.5 17.6470584869
532 6.25 -7.5 17.6470584869
533 3.125 -7.5 17.6470584869
534 21.875 -7.5 14.7058820724
535 18.75 -7.5 14.7058820724
536 15.625 -7.5 14.7058820724
537 12.5 -7.5 14.7058820724
538 9.375 -7.5 14.7058820724
539 6.25 -7.5 14.7058820724
540 3.125 -7.5 14.7058820724
541 21.875 -7.5 11.764705658
542 18.75 -7.5 11.764705658
543 15.625 -7.5 11.764705658
544 12.5 -7.5 11.764705658
545 9.375 -7.5 11.764705658
546 6.25 -7.5 11.764705658
547 3.125 -7.5 11.764705658
548 21.875 -7.5 8.82352924347
549 18.75 -7.5 8.82352924347
550 15.625 -7.5 8.82352924347
551 12.5 -7.5 8.82352924347
552 9.375 -7.5 8.82352924347
553 6.25 -7.5 8.82352924347
554 3.125 -7.5 8.82352924347
555 21.875 -7.5 5.88235282898
556 18.75 -7.5 5.88235282898
557 15.625 -7.5 5.88235282898
558 12.5 -7.5 5.88235282898
559 9.375 -7.5 5.88235282898
560 6.25 -7.5 5.88235282898
561 3.125 -7.5 5.88235282898
562 21.875 -7.5 2.94117641449
563 18.75 -7.5 2.94117641449
564 15.625 -7.5 2.94117641449
565 12.5 -7.5 2.94117641449
566 9.375 -7.5 2.94117641449
567 6.25 -7.5 2.94117641449
568 3.125 -7.5 2.94117641449
569 196.875 -7.5 47.0588226318
570 193.75 -7.5 47.0588226318
571 190.625 -7.5 47.0588226318
572 187.5 -7.5 47.0588226318
573 184.375 -7.5 47.0588226318
574 181.25 -7.5 47.0588226318
575 178.125 -7.5 47.0588226318
576 196.875 -7.5 44.1176452637
577 193.75 -7.5 44.1176452637
578 190.625 -7.5 44.1176452637
579 187.5 -7.5 44.1176452637
580 184.375 -7.5 44.1176452637
581 181.25 -7.5 44.1176452637
582 178.125 -7.5 44.1176452637
583 196.875 -7.5 41.1764717102
584 193.75 -7.5 41.1764717102
585 190.625 -7.5 41.1764717102
586 187.5 -7.5 41.1764717102
587 184.375 -7.5 41.1764717102
588 181.25 -7.5 41.1764717102
589 178.125 -7.5 41.1764717102
590 196.875 -7.5 38.235294342
591 193.75 -7.5 38.235294342
592 190.625 -7.5 38.235294342
593 187.5 -7.5 38.235294342
594 184.375 -7.5 38.235294342
595 181.25 -7.5 38.235294342
596 178.125 -7.5 38.235294342
597 196.875 -7.5 35.2941169739
598 193.75 -7.5 35.2941169739
599 190.625 -7.5 35.2941169739
600 187.5 -7.5 35.2941169739
601 184.375 -7.5 35.2941169739
602 181.25 -7.5 35.2941169739
603 178.125 -7.5 35.2941169739
604 196.875 -7.5 32.3529396057
605 193.75 -7.5 32.3529396057
606 190.625 -7.5 32.3529396057
607 187.5 -7.5 32.3529396057
608 184.375 -7.5 32.3529396057
609 181.25 -7.5 32.3529396057
610 178.125 -7.5 32.3529396057
611 196.875 -7.5 29.4117641449
612 193.75 -7.5 29.4117641449
613 190.625 -7.5 29.4117641449
614 187.5 -7.5 29.4117641449
615 184.375 -7.5 29.4117641449
616 181.25 -7.5 29.4117641449
617 178.125 -7.5 29.4117641449
618 196.875 -7.5 26.4705886841
619 193.75 -7.5 26.4705886841
620 190.625 -7.5 26.4705886841
621 187.5 -7.5 26.4705886841
622 184.375 -7.5 26.4705886841
623 181.25 -7.5 26.4705886841
624 178.125 -7.5 26.4705886841
625 196.875 -7.5 23.5294113159
626 193.75 -7.5 23.5294113159
627 190.625 -7.5 23.5294113159
628 187.5 -7.5 23.5294113159
629 184.375 -7.5 23.5294113159
630 181.25 -7.5 23.5294113159
631 178.125 -7.5 23.5294113159
632 196.875 -7.5 20.5882358551
633 193.75 -7.5 20.5882358551
634 190.625 -7.5 20.5882358551
635 187.5 -7.5 20.5882358551
636 184.375 -7.5 20.5882358551
637 181.25 -7.5 20.5882358551
638 178.125 -7.5 20.5882358551
639 196.875 -7.5 17.6470584869
640 193.75 -7.5 17.6470584869
641 190.625 -7.5 17.6470584869
642 187.5 -7.5 17.6470584869
643 184.375 -7.5 17.6470584869
644 181.25 -7.5 17.6470584869
645 178.125 -7.5 17.6470584869
646 196.875 -7.5 14.7058820724
647 193.75 -7.5 14.7058820724
648 190.625 -7.5 14.7058820724
649 187.5 -7.5 14.7058820724
650 184.375 -7.5 14.7058820724
651 181.25 -7.5 14.7058820724
652 178.125 -7.5 14.7058820724
653 196.875 -7.5 11.764705658
654 193.75 -7.5 11.764705658
655 190.625 -7.5 11.764705658
656 187.5 -7.5 11.764705658
657 184.375 -7.5 11.764705658
658 181.25 -7.5 11.764705658
659 178.125 -7.5 11.764705658
660 196.875 -7.5 8.82352924347
661 193.75 -7.5 8.82352924347
662 190.625 -7.5 8.82352924347
663 187.5 -7.5 8.82352924347
664 184.375 -7.5 8.82352924347
665 181.25 -7.5 8.82352924347
666 178.125 -7.5 8.82352924347
667 196.875 -7.5 5.88235282898
668 193.75 -7.5 5.88235282898
669 190.625 -7.5 5.88235282898
670 187.5 -7.5 5.88235282898
671 184.375 -7.5 5.88235282898
672 181.25 -7.5 5.88235282898
673 178.125 -7.5 5.88235282898
674 196.875 -7.5 2.94117641449
675 193.75 -7.5 2.94117641449
676 190.625 -7.5 2.94117641449
677 187.5 -7.5 2.94117641449
678 184.375 -7.5 2.94117641449
679 181.25 -7.5 2.94117641449
680 178.125 -7.5 2.94117641449
681 175 -10 47.0588226318
682 175 -10 44.1176452637
683 175 -10 41.1764717102
684 175 -10 38.235294342
685 175 -10 35.2941169739
686 175 -10 32.3529396057
687 175 -10 29.4117641449
688 175 -10 26.4705886841
689 175 -10 23.5294113159
690 175 -10 20.5882358551
691 175 -10 17.6470584869
692 175 -10 14.7058820724
693 175 -10 11.764705658
694 175 -10 8.82352924347
695 175 -10 5.88235282898
696 175 -10 2.94117641449
697 178.125 -12.5 47.0588226318
698 181.25 -12.5 47.0588226318
699 184.375 -12.5 47.0588226318
700 187.5 -12.5 47.0588226318
701 190.625 -12.5 47.0588226318
702 193.75 -12.5 47.0588226318
703 196.875 -12.5 47.0588226318
704 178.125 -12.5 44.1176452637
705 181.25 -12.5 44.1176452637
706 184.375 -12.5 44.1176452637
707 187.5 -12.5 44.1176452637
708 190.625 -12.5 44.1176452637
709 193.75 -12.5 44.1176452637
710 196.875 -12.5 44.1176452637
711 178.125 -12.5 41.1764717102
712 181.25 -12.5 41.1764717102
713 184.375 -12.5 41.1764717102
714 187.5 -12.5 41.1764717102
715 190.625 -12.5 41.1764717102
716 193.75 -12.5 41.1764717102
717 196.875 -12.5 41.1764717102
718 178.125 -12.5 38.235294342
719 181.25 -12.5 38.235294342
720 184.375 -12.5 38.235294342
721 187.5 -12.5 38.235294342
722 190.625 -12.5 38.235294342
723 193.75 -12.5 38.235294342
724 196.875 -12.5 38.235294342
725 178.125 -12.5 35.2941169739
726 181.25 -12.5 35.2941169739
727 184.375 -12.5 35.2941169739
728 187.5 -12.5 35.2941169739
729 190.625 -12.5 35.2941169739
730 193.75 -12.5 35.2941169739
731 196.875 -12.5 35.2941169739
732 178.125 -12.5 32.3529396057
733 181.25 -12.5 32.3529396057
734 184.375 -12.5 32.3529396057
735 187.5 -12.5 32.3529396057
736 190.625 -12.5 32.3529396057
737 193.75 -12.5 32.3529396057
738 196.875 -12.5 32.3529396057
739 178.125 -12.5 29.4117641449
740 181.25 -12.5 29.4117641449
741 184.375 -12.5 29.4117641449
742 187.5 -12.5 29.4117641449
743 190.625 -12.5 29.4117641449
744 193.75 -12.5 29.4117641449
745 196.875 -12.5 29.4117641449
746 178.125 -12.5 26.4705886841
747 181.25 -12.5 26.4705886841
748 184.375 -12.5 26.4705886841
749 187.5 -12.5 26.4705886841
750 190.625 -12.5 26.4705886841
751 193.75 -12.5 26.4705886841
752 196.875 -12.5 26.4705886841
753 178.125 -12.5 23.5294113159
754 181.25 -12.5 23.5294113159
755 184.375 -12.5 23.5294113159
756 187.5 -12.5 23.5294113159
757 190.625 -12.5 23.5294113159
758 193.75 -12.5 23.5294113159
759 196.875 -12.5 23.5294113159
760 178.125 -12.5 20.5882358551
761 181.25 -12.5 20.5882358551
762 184.375 -12.5 20.5882358551
763 187.5 -12.5 20.5882358551
764 190.625 -12.5 20.5882358551
765 193.75 -12.5 20.5882358551
766 196.875 -12.5 20.5882358551
767 178.125 -12.5 17.6470584869
768 181.25 -12.5 17.6470584869
769 184.375 -12.5 17.6470584869
770 187.5 -12.5 17.6470584869
771 190.625 -12.5 17.6470584869
772 193.75 -12.5 17.6470584869
773 196.875 -12.5 17.6470584869
774 178.125 -12.5 14.7058820724
775 181.25 -12.5 14.7058820724
776 184.375 -12.5 14.7058820724
777 187.5 -12.5 14.7058820724
778 190.625 -12.5 14.7058820724
779 193.75 -12.5 14.7058820724
780 196.875 -12.5 14.7058820724
781 178.125 -12.5 11.764705658
782 181.25 -12.5 11.764705658
783 184.375 -12.5 11.764705658
784 187.5 -12.5 11.764705658
785 190.625 -12.5 11.764705658
786 193.75 -12.5 11.764705658
787 196.875 -12.5 11.764705658
788 178.125 -12.5 8.82352924347
789 181.25 -12.5 8.82352924347
790 184.375 -12.5 8.82352924347
791 187.5 -12.5 8.82352924347
792 190.625 -12.5 8.82352924347
793 193.75 -12.5 8.82352924347
794 196.875 -12.5 8.82352924347
795 178.125 -12.5 5.88235282898
796 181.25 -12.5 5.88235282898
797 184.375 -12.5 5.88235282898
798 187.5 -12.5 5.88235282898
799 190.625 -12.5 5.88235282898
800 193.75 -12.5 5.88235282898
801 196.875 -12.5 5.88235282898
802 178.125 -12.5 2.94117641449
803 181.25 -12.5 2.94117641449
804 184.375 -12.5 2.94117641449
805 187.5 -12.5 2.94117641449
806 190.625 -12.5 2.94117641449
807 193.75 -12.5 2.94117641449
808 196.875 -12.5 2.94117641449
809 200 -21.3636360168 47.0588226318
810 200 -30.2272720337 47.0588226318
811 200 -39.0909080505 47.0588226318
812 200 -47.9545440674 47.0588226318
813 200 -56.8181800842 47.0588226318
814 200 -65.6818161011 47.0588226318
815 200 -74.5454559326 47.0588226318
816 200 -83.4090881348 47.0588226318
817 200 -92.2727279663 47.0588226318
818 200 -101.136360168 47.0588226318
819 200 -21.3636360168 44.1176452637
820 200 -30.2272720337 44.1176452637
821 200 -39.0909080505 44.1176452637
822 200 -47.9545440674 44.1176452637
823 200 -56.8181800842 44.1176452637
824 200 -65.6818161011 44.1176452637
825 200 -74.5454559326 44.1176452637
826 200 -83.4090881348 44.1176452637
827 200 -92.2727279663 44.1176452637
828 200 -101.136360168 44.1176452637
829 200 -21.3636360168 41.1764717102
830 200 -30.2272720337 41.1764717102
831 200 -39.0909080505 41.1764717102
832 200 -47.9545440674 41.1764717102
833 200 -56.8181800842 41.1764717102
834 200 -65.6818161011 41.1764717102
835 200 -74.5454559326 41.1764717102
836 200 -83.4090881348 41.1764717102
837 200 -92.2727279663 41.1764717102
838 200 -101.136360168 41.1764717102
839 200 -21.3636360168 38.235294342
840 200 -30.2272720337 38.235294342
841 200 -39.0909080505 38.235294342
842 200 -47.9545440674 38.235294342
843 200 -56.8181800842 38.235294342
844 200 -65.6818161011 38.235294342
845 200 -74.5454559326 38.235294342
846 200 -83.4090881348 38.235294342
847 200 -92.2727279663 38.235294342
848 200 -101.136360168 38.235294342
849 200 -21.3636360168 35.2941169739
850 200 -30.2272720337 35.2941169739
851 200 -39.0909080505 35.2941169739
852 200 -47.9545440674 35.2941169739
853 200 -56.8181800842 35.2941169739
854 200 -65.6818161011 35.2941169739
855 200 -74.5454559326 35.2941169739
856 200 -83.4090881348 35.2941169739
857 200 -92.2727279663 35.2941169739
858 200 -101.136360168 35.2941169739
859 200 -21.3636360168 32.3529396057
860 200 -30.2272720337 32.3529396057
861 200 -39.0909080505 32.3529396057
862 200 -47.9545440674 32.3529396057
863 200 -56.8181800842 32.3529396057
864 200 -65.6818161011 32.3529396057
865 200 -74.5454559326 32.3529396057
866 200 -83.4090881348 32.3529396057
867 200 -92.2727279663 32.3529396057
868 200 -101.136360168 32.3529396057
869 200 -21.3636360168 29.4117641449
870 200 -30.2272720337 29.4117641449
871 200 -39.0909080505 29.4117641449
872 200 -47.9545440674 29.4117641449
873 200 -56.8181800842 29.4117641449
874 200 -65.6818161011 29.4117641449
875 200 -74.5454559326 29.4117641449
876 200 -83.4090881348 29.4117641449
877 200 -92.2727279663 29.4117641449
878 200 -101.136360168 29.4117641449
879 200 -21.3636360168 26.4705886841
880 200 -30.2272720337 26.4705886841
881 200 -39.0909080505 26.4705886841
882 200 -47.9545440674 26.4705886841
883 200 -56.8181800842 26.4705886841
884 200 -65.6818161011 26.4705886841
885 200 -74.5454559326 26.4705886841
886 200 -83.4090881348 26.4705886841
887 200 -92.2727279663 26.4705886841
888 200 -101.136360168 26.4705886841
889 200 -21.3636360168 23.5294113159
890 200 -30.2272720337 23.5294113159
891 200 -39.0909080505 23.5294113159
892 200 -47.9545440674 23.5294113159
893 200 -56.8181800842 23.5294113159
894 200 -65.6818161011 23.5294113159
895 200 -74.5454559326 23.5294113159
896 200 -83.4090881348 23.5294113159
897 200 -92.2727279663 23.5294113159
898 200 -101.136360168 23.5294113159
899 200 -21.3636360168 20.5882358551
900 200 -30.2272720337 20.5882358551
901 200 -39.0909080505 20.5882358551
902 200 -47.9545440674 20.5882358551
903 200 -56.8181800842 20.5882358551
904 200 -65.6818161011 20.5882358551
905 200 -74.5454559326 20.5882358551
906 200 -83.4090881348 20.5882358551
907 200 -92.2727279663 20.5882358551
908 200 -101.136360168 20.5882358551
909 200 -21.3636360168 17.6470584869
910 200 -30.2272720337 17.6470584869
911 200 -39.0909080505 17.6470584869
912 200 -47.9545440674 17.6470584869
913 200 -56.8181800842 17.6470584869
914 200 -65.6818161011 17.6470584869
915 200 -74.5454559326 17.6470584869
916 200 -83.4090881348 17.6470584869
917 200 -92.2727279663 17.6470584869
918 200 -101.136360168 17.6470584869
919 200 -21.3636360168 14.7058820724
920 200 -30.2272720337 14.7058820724
921 200 -39.0909080505 14.7058820724
922 200 -47.9545440674 14.7058820724
923 200 -56.8181800842 14.7058820724
924 200 -65.6818161011 14.7058820724
925 200 -74.5454559326 14.7058820724
926 200 -83.4090881348 14.7058820724
927 200 -92.2727279663 14.7058820724
928 200 -101.136360168 14.7058820724
929 200 -21.3636360168 11.764705658
930 200 -30.2272720337 11.764705658
931 200 -39.0909080505 11.764705658
932 200 -47.9545440674 11.764705658
933 200 -56.8181800842 11.764705658
934 200 -65.6818161011 11.764705658
935 200 -74.5454559326 11.764705658
936 200 -83.4090881348 11.764705658
937 200 -92.2727279663 11.764705658
938 200 -101.136360168 11.764705658
939 200 -21.3636360168 8.82352924347
940 200 -30.2272720337 8.82352924347
941 200 -39.0909080505 8.82352924347
942 200 -47.9545440674 8.82352924347
943 200 -56.8181800842 8.82352924347
944 200 -65.6818161011 8.82352924347
945 200 -74.5454559326 8.82352924347
946 200 -83.4090881348 8.82352924347
947 200 -92.2727279663 8.82352924347
948 200 -101.136360168 8.82352924347
949 200 -21.3636360168 5.88235282898
950 200 -30.2272720337 5.88235282898
951 200 -39.0909080505 5.88235282898
952 200 -47.9545440674 5.88235282898
953 200 -56.8181800842 5.88235282898
954 200 -65.6818161011 5.88235282898
955 200 -74.5454559326 5.88235282898
956 200 -83.4090881348 5.88235282898
957 200 -92.2727279663 5.88235282898
958 200 -101.136360168 5.88235282898
959 200 -21.3636360168 2.94117641449
960 200 -30.2272720337 2.94117641449
961 200 -39.0909080505 2.94117641449
962 200 -47.9545440674 2.94117641449
963 200 -56.8181800842 2.94117641449
964 200 -65.6818161011 2.94117641449
965 200 -74.5454559326 2.94117641449
966 200 -83.4090881348 2.94117641449
967 200 -92.2727279663 2.94117641449
968 200 -101.136360168 2.94117641449
969 190.909088135 -110 47.0588226318
970 181.81817627 -110 47.0588226318
971 172.727279663 -110 47.0588226318
972 163.636367798 -110 47.0588226318
973 154.545455933 -110 47.0588226318
974 145.454544067 -110 47.0588226318
975 136.363632202 -110 47.0588226318
976 127.272727966 -110 47.0588226318
977 118.181816101 -110 47.0588226318
978 109.090911865 -110 47.0588226318
979 100 -110 47.0588226318
980 90.9090881348 -110 47.0588226318
981 81.8181838989 -110 47.0588226318
982 72.7272720337 -110 47.0588226318
983 63.6363639832 -110 47.0588226318
984 54.5454559326 -110 47.0588226318
985 45.4545440674 -110 47.0588226318
986 36.3636360168 -110 47.0588226318
987 27.2727279663 -110 47.0588226318
988 18.1818180084 -110 47.0588226318
989 9.09090900421 -110 47.0588226318
990 190.909088135 -110 44.1176452637
991 181.81817627 -110 44.1176452637
992 172.727279663 -110 44.1176452637
993 163.636367798 -110 44.1176452637
994 154.545455933 -110 44.1176452637
995 145.454544067 -110 44.1176452637
996 136.363632202 -110 44.1176452637
997 127.272727966 -110 44.1176452637
998 118.181816101 -110 44.1176452637
999 109.090911865 -110 44.1176452637
1000 100 -110 44.1176452637
1001 90.9090881348 -110 44.1176452637
1002 81.8181838989 -110 44.1176452637
1003 72.7272720337 -110 44.1176452637
1004 63.6363639832 -110 44.1176452637
1005 54.5454559326 -110 44.1176452637
1006 45.4545440674 -110 44.1176452637
1007 36.3636360168 -110 44.1176452637
1008 27.2727279663 -110 44.1176452637
1009 18.1818180084 -110 44.1176452637
1010 9.09090900421 -110 44.1176452637
1011 190.909088135 -110 41.1764717102
1012 181.81817627 -110 41.1764717102
1013 172.727279663 -110 41.1764717102
1014 163.636367798 -110 41.1764717102
1015 154.545455933 -110 41.1764717102
1016 145.454544067 -110 41.1764717102
1017 136.363632202 -110 41.1764717102
1018 127.272727966 -110 41.1764717102
1019 118.181816101 -110 41.1764717102
1020 109.090911865 -110 41.1764717102
1021 100 -110 41.1764717102
1022 90.9090881348 -110 41.1764717102
1023 81.8181838989 -110 41.1764717102
1024 72.7272720337 -110 41.1764717102
1025 63.6363639832 -110 41.1764717102
1026 54.5454559326 -110 41.1764717102
1027 45.4545440674 -110 41.1764717102
1028 36.3636360168 -110 41.1764717102
1029 27.2727279663 -110 41.1764717102
1030 18.1818180084 -110 41.1764717102
1031 9.09090900421 -110 41.1764717102
1032 190.909088135 -110 38.235294342
1033 181.81817627 -110 38.235294342
1034 172.727279663 -110 38.235294342
1035 163.636367798 -110 38.235294342
1036 154.545455933 -110 38.235294342
1037 145.454544067 -110 38.235294342
1038 136.363632202 -110 38.235294342
1039 127.272727966 -110 38.235294342
1040 118.181816101 -110 38.235294342
1041 109.090911865 -110 38.235294342
1042 100 -110 38.235294342
1043 90.9090881348 -110 38.235294342
1044 81.8181838989 -110 38.235294342
1045 72.7272720337 -110 38.235294342
1046 63.6363639832 -110 38.235294342
1047 54.5454559326 -110 38.235294342
1048 45.4545440674 -110 38.235294342
1049 36.3636360168 -110 38.235294342
1050 27.2727279663 -110 38.235294342
1051 18.1818180084 -110 38.235294342
1052 9.09090900421 -110 38.235294342
1053 190.909088135 -110 35.2941169739
1054 181.81817627 -110 35.2941169739
1055 172.727279663 -110 35.2941169739
1056 163.636367798 -110 35.2941169739
1057 154.545455933 -110 35.2941169739
1058 145.454544067 -110 35.2941169739
1059 136.363632202 -110 35.2941169739
1060 127.272727966 -110 35.2941169739
1061 118.181816101 -110 35.2941169739
1062 109.090911865 -110 35.2941169739
1063 100 -110 35.2941169739
1064 90.9090881348 -110 35.2941169739
1065 81.8181838989 -110 35.2941169739
1066 72.7272720337 -110 35.2941169739
1067 63.6363639832 -110 35.2941169739
1068 54.5454559326 -110 35.2941169739
1069 45.4545440674 -110 35.2941169739
1070 36.3636360168 -110 35.2941169739
1071 27.2727279663 -110 35.2941169739
1072 18.1818180084 -110 35.2941169739
1073 9.09090900421 -110 35.2941169739
1074 190.909088135 -110 32.3529396057
1075 181.81817627 -110 32.3529396057
1076 172.727279663 -110 32.3529396057
1077 163.636367798 -110 32.3529396057
1078 154.545455933 -110 32.3529396057
1079 145.454544067 -110 32.3529396057
1080 136.363632202 -110 32.3529396057
1081 127.272727966 -110 32.3529396057
1082 118.181816101 -110 32.3529396057
1083 109.090911865 -110 32.3529396057
1084 100 -110 32.3529396057
1085 90.9090881348 -110 32.3529396057
1086 81.8181838989 -110 32.3529396057
1087 72.7272720337 -110 32.3529396057
1088 63.6363639832 -110 32.3529396057
1089 54.5454559326 -110 32.3529396057
1090 45.4545440674 -110 32.3529396057
1091 36.3636360168 -110 32.3529396057
1092 27.2727279663 -110 32.3529396057
1093 18.1818180084 -110 32.3529396057
1094 9.09090900421 -110 32.3529396057
1095 190.909088135 -110 29.4117641449
1096 181.81817627 -110 29.4117641449
1097 172.727279663 -110 29.4117641449
1098 163.636367798 -110 29.4117641449
1099 154.545455933 -110 29.4117641449
1100 145.454544067 -110 29.4117641449
1101 136.363632202 -110 29.4117641449
1102 127.272727966 -110 29.4117641449
1103 118.181816101 -110 29.4117641449
1104 109.090911865 -110 29.4117641449
1105 100 -110 29.4117641449
1106 90.9090881348 -110 29.4117641449
1107 81.8181838989 -110 29.4117641449
1108 72.7272720337 -110 29.4117641449
1109 63.6363639832 -110 29.4117641449
1110 54.5454559326 -110 29.4117641449
1111 45.4545440674 -110 29.4117641449
1112 36.3636360168 -110 29.4117641449
1113 27.2727279663 -110 29.4117641449
1114 18.1818180084 -110 29.4117641449
1115 9.09090900421 -110 29.4117641449
1116 190.909088135 -110 26.4705886841
1117 181.81817627 -110 26.4705886841
1118 172.727279663 -110 26.4705886841
1119 163.636367798 -110 26.4705886841
1120 154.545455933 -110 26.4705886841
1121 145.454544067 -110 26.4705886841
1122 136.363632202 -110 26.4705886841
1123 127.272727966 -110 26.4705886841
1124 118.181816101 -110 26.4705886841
1125 109.090911865 -110 26.4705886841
1126 100 -110 26.4705886841
1127 90.9090881348 -110 26.4705886841
1128 81.8181838989 -110 26.4705886841
1129 72.7272720337 -110 26.4705886841
1130 63.6363639832 -110 26.4705886841
1131 54.5454559326 -110 26.4705886841
1132 45.4545440674 -110 26.4705886841
1133 36.3636360168 -110 26.4705886841
1134 27.2727279663 -110 26.4705886841
1135 18.1818180084 -110 26.4705886841
1136 9.09090900421 -110 26.4705886841
1137 190.909088135 -110 23.5294113159
1138 181.81817627 -110 23.5294113159
1139 172.727279663 -110 23.5294113159
1140 163.636367798 -110 23.5294113159
1141 154.545455933 -110 23.5294113159
1142 145.454544067 -110 23.5294113159
1143 136.363632202 -110 23.5294113159
1144 127.272727966 -110 23.5294113159
1145 118.181816101 -110 23.5294113159
1146 109.090911865 -110 23.5294113159
1147 100 -110 23.5294113159
1148 90.9090881348 -110 23.5294113159
1149 81.8181838989 -110 23.5294113159
1150 72.7272720337 -110 23.5294113159
1151 63.6363639832 -110 23.5294113159
1152 54.5454559326 -110 23.5294113159
1153 45.4545440674 -110 23.5294113159
1154 36.3636360168 -110 23.5294113159
1155 27.2727279663 -110 23.5294113159
1156 18.1818180084 -110 23.5294113159
1157 9.09090900421 -110 23.5294113159
1158 190.909088135 -110 20.5882358551
1159 181.81817627 -110 20.5882358551
1160 172.727279663 -110 20.5882358551
1161 163.636367798 -110 20.5882358551
1162 154.545455933 -110 20.5882358551
1163 145.454544067 -110 20.5882358551
1164 136.363632202 -110 20.5882358551
1165 127.272727966 -110 20.5882358551
1166 118.181816101 -110 20.5882358551
1167 109.090911865 -110 20.5882358551
1168 100 -110 20.5882358551
1169 90.9090881348 -110 20.5882358551
1170 81.8181838989 -110 20.5882358551
1171 72.7272720337 -110 20.5882358551
1172 63.6363639832 -110 20.5882358551
1173 54.5454559326 -110 20.5882358551
1174 45.4545440674 -110 20.5882358551
1175 36.3636360168 -110 20.5882358551
1176 27.2727279663 -110 20.5882358551
1177 18.1818180084 -110 20.5882358551
1178 9.09090900421 -110 20.5882358551
1179 190.909088135 -110 17.6470584869
1180 181.81817627 -110 17.6470584869
1181 172.727279663 -110 17.6470584869
1182 163.636367798 -110 17.6470584869
1183 154.545455933 -110 17.6470584869
1184 145.454544067 -110 17.6470584869
1185 136.363632202 -110 17.6470584869
1186 127.272727966 -110 17.6470584869
1187 118.181816101 -110 17.6470584869
1188 109.090911865 -110 17.6470584869
1189 100 -110 17.6470584869
1190 90.9090881348 -110 17.6470584869
1191 81.8181838989 -110 17.6470584869
1192 72.7272720337 -110 17.6470584869
1193 63.6363639832 -110 17.6470584869
1194 54.5454559326 -110 17.6470584869
1195 45.4545440674 -110 17.6470584869
1196 36.3636360168 -110 17.6470584869
1197 27.2727279663 -110 17.6470584869
1198 18.1818180084 -110 17.6470584869
1199 9.09090900421 -110 17.6470584869
1200 190.909088135 -110 14.7058820724
1201 181.81817627 -110 14.7058820724
1202 172.727279663 -110 14.7058820724
1203 163.636367798 -110 14.7058820724
1204 154.545455933 -110 14.7058820724
1205 145.454544067 -110 14.7058820724
1206 136.363632202 -110 14.7058820724
1207 127.272727966 -110 14.7058820724
1208 118.181816101 -110 14.7058820724
1209 109.090911865 -110 14.7058820724
1210 100 -110 14.7058820724
1211 90.9090881348 -110 14.7058820724
1212 81.8181838989 -110 14.7058820724
1213 72.7272720337 -110 14.7058820724
1214 63.6363639832 -110 14.7058820724
1215 54.5454559326 -110 14.7058820724
1216 45.4545440674 -110 14.7058820724
1217 36.3636360168 -110 14.7058820724
1218 27.2727279663 -110 14.7058820724
1219 18.1818180084 -110 14.7058820724
1220 9.09090900421 -110 14.7058820724
1221 190.909088135 -110 11.764705658
1222 181.81817627 -110 11.764705658
1223 172.727279663 -110 11.764705658
1224 163.636367798 -110 11.764705658
1225 154.545455933 -110 11.764705658
1226 145.454544067 -110 11.764705658
1227 136.363632202 -110 11.764705658
1228 127.272727966 -110 11.764705658
1229 118.181816101 -110 11.764705658
1230 109.090911865 -110 11.764705658
1231 100 -110 11.764705658
1232 90.9090881348 -110 11.764705658
1233 81.8181838989 -110 11.764705658
1234 72.7272720337 -110 11.764705658
1235 63.6363639832 -110 11.764705658
1236 54.5454559326 -110 11.764705658
1237 45.4545440674 -110 11.764705658
1238 36.3636360168 -110 11.764705658
1239 27.2727279663 -110 11.764705658
1240 18.1818180084 -110 11.764705658
1241 9.09090900421 -110 11.764705658
1242 190.909088135 -110 8.82352924347
1243 181.81817627 -110 8.82352924347
1244 172.727279663 -110 8.82352924347
1245 163.636367798 -110 8.82352924347
1246 154.545455933 -110 8.82352924347
1247 145.454544067 -110 8.82352924347
1248 136.363632202 -110 8.82352924347
1249 127.272727966 -110 8.82352924347
1250 118.181816101 -110 8.82352924347
1251 109.090911865 -110 8.82352924347
1252 100 -110 8.82352924347
1253 90.9090881348 -110 8.82352924347
1254 81.8181838989 -110 8.82352924347
1255 72.7272720337 -110 8.82352924347
1256 63.6363639832 -110 8.82352924347
1257 54.5454559326 -110 8.82352924347
1258 45.4545440674 -110 8.82352924347
1259 36.3636360168 -110 8.82352924347
1260 27.2727279663 -110 8.82352924347
1261 18.1818180084 -110 8.82352924347
1262 9.09090900421 -110 8.82352924347
1263 190.909088135 -110 5.88235282898
1264 181.81817627 -110 5.88235282898
1265 172.727279663 -110 5.88235282898
1266 163.636367798 -110 5.88235282898
1267 154.545455933 -110 5.88235282898
1268 145.454544067 -110 5.88235282898
1269 136.363632202 -110 5.88235282898
1270 127.272727966 -110 5.88235282898
1271 118.181816101 -110 5.88235282898
1272 109.090911865 -110 5.88235282898
1273 100 -110 5.88235282898
1274 90.9090881348 -110 5.88235282898
1275 81.8181838989 -110 5.88235282898
1276 72.7272720337 -110 5.88235282898
1277 63.6363639832 -110 5.88235282898
1278 54.5454559326 -110 5.88235282898
1279 45.4545440674 -110 5.88235282898
1280 36.3636360168 -110 5.88235282898
1281 27.2727279663 -110 5.88235282898
1282 18.1818180084 -110 5.88235282898
1283 9.09090900421 -110 5.88235282898
1284 190.909088135 -110 2.94117641449
1285 181.81817627 -110 2.94117641449
1286 172.727279663 -110 2.94117641449
1287 163.636367798 -110 2.94117641449
1288 154.545455933 -110 2.94117641449
1289 145.454544067 -110 2.94117641449
1290 136.363632202 -110 2.94117641449
1291 127.272727966 -110 2.94117641449
1292 118.181816101 -110 2.94117641449
1293 109.090911865 -110 2.94117641449
1294 100 -110 2.94117641449
1295 90.9090881348 -110 2.94117641449
1296 81.8181838989 -110 2.94117641449
1297 72.7272720337 -110 2.94117641449
1298 63.6363639832 -110 2.94117641449
1299 54.5454559326 -110 2.94117641449
1300 45.4545440674 -110 2.94117641449
1301 36.3636360168 -110 2.94117641449
1302 27.2727279663 -110 2.94117641449
1303 18.1818180084 -110 2.94117641449
1304 9.09090900421 -110 2.94117641449
1305 0 -101.136360168 47.0588226318
1306 0 -92.2727279663 47.0588226318
1307 0 -83.4090881348 47.0588226318
1308 0 -74.5454559326 47.0588226318
1309 0 -65.6818161011 47.0588226318
1310 0 -56.8181800842 47.0588226318
1311 0 -47.9545440674 47.0588226318
1312 0 -39.0909080505 47.0588226318
1313 0 -30.2272720337 47.0588226318
1314 0 -21.3636360168 47.0588226318
1315 0 -101.136360168 44.1176452637
1316 0 -92.2727279663 44.1176452637
1317 0 -83.4090881348 44.1176452637
1318 0 -74.5454559326 44.1176452637
1319 0 -65.6818161011 44.1176452637
1320 0 -56.8181800842 44.1176452637
1321 0 -47.9545440674 44.1176452637
1322 0 -39.0909080505 44.1176452637
1323 0 -30.2272720337 44.1176452637
1324 0 -21.3636360168 44.1176452637
1325 0 -101.136360168 41.1764717102
1326 0 -92.2727279663 41.1764717102
1327 0 -83.4090881348 41.1764717102
1328 0 -74.5454559326 41.1764717102
1329 0 -65.6818161011 41.1764717102
1330 0 -56.8181800842 41.1764717102
1331 0 -47.9545440674 41.1764717102
1332 0 -39.0909080505 41.1764717102
1333 0 -30.2272720337 41.1764717102
1334 0 -21.3636360168 41.1764717102
1335 0 -101.136360168 38.235294342
1336 0 -92.2727279663 38.235294342
1337 0 -83.4090881348 38.235294342
1338 0 -74.5454559326 38.235294342
1339 0 -65.6818161011 38.235294342
1340 0 -56.8181800842 38.235294342
1341 0 -47.9545440674 38.235294342
1342 0 -39.0909080505 38.235294342
1343 0 -30.2272720337 38.235294342
1344 0 -21.3636360168 38.235294342
1345 0 -101.136360168 35.2941169739
1346 0 -92.2727279663 35.2941169739
1347 0 -83.4090881348 35.2941169739
1348 0 -74.5454559326 35.2941169739
1349 0 -65.6818161011 35.2941169739
1350 0 -56.8181800842 35.2941169739
1351 0 -47.9545440674 35.2941169739
1352 0 -39.0909080505 35.2941169739
1353 0 -30.2272720337 35.2941169739
1354 0 -21.3636360168 35.2941169739
1355 0 -101.136360168 32.3529396057
1356 0 -92.2727279663 32.3529396057
1357 0 -83.4090881348 32.3529396057
1358 0 -74.5454559326 32.3529396057
1359 0 -65.6818161011 32.3529396057
1360 0 -56.8181800842 32.3529396057
1361 0 -47.9545440674 32.3529396057
1362 0 -39.0909080505 32.3529396057
1363 0 -30.2272720337 32.3529396057
1364 0 -21.3636360168 32.3529396057
1365 0 -101.136360168 29.4117641449
1366 0 -92.2727279663 29.4117641449
1367 0 -83.4090881348 29.4117641449
1368 0 -74.5454559326 29.4117641449
1369 0 -65.6818161011 29.4117641449
1370 0 -56.8181800842 29.4117641449
1371 0 -47.9545440674 29.4117641449
1372 0 -39.0909080505 29.4117641449
1373 0 -30.2272720337 29.4117641449
1374 0 -21.3636360168 29.4117641449
1375 0 -101.136360168 26.4705886841
1376 0 -92.2727279663 26.4705886841
1377 0 -83.4090881348 26.4705886841
1378 0 -74.5454559326 26.4705886841
1379 0 -65.6818161011 26.4705886841
1380 0 -56.8181800842 26.4705886841
1381 0 -47.9545440674 26.4705886841
1382 0 -39.0909080505 26.4705886841
1383 0 -30.2272720337 26.4705886841
1384 0 -21.3636360168 26.4705886841
1385 0 -101.136360168 23.5294113159
1386 0 -92.2727279663 23.5294113159
1387 0 -83.4090881348 23.5294113159
1388 0 -74.5454559326 23.5294113159
1389 0 -65.6818161011 23.5294113159
1390 0 -56.8181800842 23.5294113159
1391 0 -47.9545440674 23.5294113159
1392 0 -39.0909080505 23.5294113159
1393 0 -30.2272720337 23.5294113159
1394 0 -21.3636360168 23.5294113159
1395 0 -101.136360168 20.5882358551
1396 0 -92.2727279663 20.5882358551
1397 0 -83.4090881348 20.5882358551
1398 0 -74.5454559326 20.5882358551
1399 0 -65.6818161011 20.5882358551
1400 0 -56.8181800842 20.5882358551
1401 0 -47.9545440674 20.5882358551
1402 0 -39.0909080505 20.5882358551
1403 0 -30.2272720337 20.5882358551
1404 0 -21.3636360168 20.5882358551
1405 0 -101.136360168 17.6470584869
1406 0 -92.2727279663 17.6470584869
1407 0 -83.4090881348 17.6470584869
1408 0 -74.5454559326 17.6470584869
1409 0 -65.6818161011 17.6470584869
1410 0 -56.8181800842 17.6470584869
1411 0 -47.9545440674 17.6470584869
1412 0 -39.0909080505 17.6470584869
1413 0 -30.2272720337 17.6470584869
1414 0 -21.3636360168 17.6470584869
1415 0 -101.136360168 14.7058820724
1416 0 -92.2727279663 14.7058820724
1417 0 -83.4090881348 14.7058820724
1418 0 -74.5454559326 14.7058820724
1419 0 -65.6818161011 14.7058820724
1420 0 -56.8181800842 14.7058820724
1421 0 -47.9545440674 14.7058820724
1422 0 -39.0909080505 14.7058820724
1423 0 -30.2272720337 14.7058820724
1424 0 -21.3636360168 14.7058820724
1425 0 -101.136360168 11.764705658
1426 0 -92.2727279663 11.764705658
1427 0 -83.4090881348 11.764705658
1428 0 -74.5454559326 11.764705658
1429 0 -65.6818161011 11.764705658
1430 0 -56.8181800842 11.764705658
1431 0 -47.9545440674 11.764705658
1432 0 -39.0909080505 11.764705658
1433 0 -30.2272720337 11.764705658
1434 0 -21.3636360168 11.764705658
1435 0 -101.136360168 8.82352924347
1436 0 -92.2727279663 8.82352924347
1437 0 -83.4090881348 8.82352924347
1438 0 -74.5454559326 8.82352924347
1439 0 -65.6818161011 8.82352924347
1440 0 -56.8181800842 8.82352924347
1441 0 -47.9545440674 8.82352924347
1442 0 -39.0909080505 8.82352924347
1443 0 -30.2272720337 8.82352924347
1444 0 -21.3636360168 8.82352924347
1445 0 -101.136360168 5.88235282898
1446 0 -92.2727279663 5.88235282898
1447 0 -83.4090881348 5.88235282898
1448 0 -74.5454559326 5.88235282898
1449 0 -65.6818161011 5.88235282898
1450 0 -56.8181800842 5.88235282898
1451 0 -47.9545440674 5.88235282898
1452 0 -39.0909080505 5.88235282898
1453 0 -30.2272720337 5.88235282898
1454 0 -21.3636360168 5.88235282898
1455 0 -101.136360168 2.94117641449
1456 0 -92.2727279663 2.94117641449
1457 0 -83.4090881348 2.94117641449
1458 0 -74.5454559326 2.94117641449
1459 0 -65.6818161011 2.94117641449
1460 0 -56.8181800842 2.94117641449
1461 0 -47.9545440674 2.94117641449
1462 0 -39.0909080505 2.94117641449
1463 0 -30.2272720337 2.94117641449
1464 0 -21.3636360168 2.94117641449
1465 3.125 -12.5 47.0588226318
1466 6.25 -12.5 47.0588226318
1467 9.375 -12.5 47.0588226318
1468 12.5 -12.5 47.0588226318
1469 15.625 -12.5 47.0588226318
1470 18.75 -12.5 47.0588226318
1471 21.875 -12.5 47.0588226318
1472 3.125 -12.5 44.1176452637
1473 6.25 -12.5 44.1176452637
1474 9.375 -12.5 44.1176452637
1475 12.5 -12.5 44.1176452637
1476 15.625 -12.5 44.1176452637
1477 18.75 -12.5 44.1176452637
1478 21.875 -12.5 44.1176452637
1479 3.125 -12.5 41.1764717102
1480 6.25 -12.5 41.1764717102
1481 9.375 -12.5 41.1764717102
1482 12.5 -12.5 41.1764717102
1483 15.625 -12.5 41.1764717102
1484 18.75 -12.5 41.1764717102
1485 21.875 -12.5 41.1764717102
1486 3.125 -12.5 38.235294342
1487 6.25 -12.5 38.235294342
1488 9.375 -12.5 38.235294342
1489 12.5 -12.5 38.235294342
1490 15.625 -12.5 38.235294342
1491 18.75 -12.5 38.235294342
1492 21.875 -12.5 38.235294342
1493 3.125 -12.5 35.2941169739
1494 6.25 -12.5 35.2941169739
1495 9.375 -12.5 35.2941169739
1496 12.5 -12.5 35.2941169739
1497 15.625 -12.5 35.2941169739
1498 18.75 -12.5 35.2941169739
1499 21.875 -12.5 35.2941169739
1500 3.125 -12.5 32.3529396057
1501 6.25 -12.5 32.3529396057
1502 9.375 -12.5 32.3529396057
1503 12.5 -12.5 32.3529396057
1504 15.625 -12.5 32.3529396057
1505 18.75 -12.5 32.3529396057
1506 21.875 -12.5 32.3529396057
1507 3.125 -12.5 29.4117641449
1508 6.25 -12.5 29.4117641449
1509 9.375 -12.5 29.4117641449
1510 12.5 -12.5 29.4117641449
1511 15.625 -12.5 29.4117641449
1512 18.75 -12.5 29.4117641449
1513 21.875 -12.5 29.4117641449
1514 3.125 -12.5 26.4705886841
1515 6.25 -12.5 26.4705886841
1516 9.375 -12.5 26.4705886841
1517 12.5 -12.5 26.4705886841
1518 15.625 -12.5 26.4705886841
1519 18.75 -12.5 26.4705886841
1520 21.875 -12.5 26.4705886841
1521 3.125 -12.5 23.5294113159
1522 6.25 -12.5 23.5294113159
1523 9.375 -12.5 23.5294113159
1524 12.5 -12.5 23.5294113159
1525 15.625 -12.5 23.5294113159
1526 18.75 -12.5 23.5294113159
1527 21.875 -12.5 23.5294113159
1528 3.125 -12.5 20.5882358551
1529 6.25 -12.5 20.5882358551
1530 9.375 -12.5 20.5882358551
1531 12.5 -12.5 20.5882358551
1532 15.625 -12.5 20.5882358551
1533 18.75 -12.5 20.5882358551
1534 21.875 -12.5 20.5882358551
1535 3.125 -12.5 17.6470584869
1536 6.25 -12.5 17.6470584869
1537 9.375 -12.5 17.6470584869
1538 12.5 -12.5 17.6470584869
1539 15.625 -12.5 17.6470584869
1540 18.75 -12.5 17.6470584869
1541 21.875 -12.5 17.6470584869
1542 3.125 -12.5 14.7058820724
1543 6.25 -12.5 14.7058820724
1544 9.375 -12.5 14.7058820724
1545 12.5 -12.5 14.7058820724
1546 15.625 -12.5 14.7058820724
1547 18.75 -12.5 14.7058820724
1548 21.875 -12.5 14.7058820724
1549 3.125 -12.5 11.764705658
1550 6.25 -12.5 11.764705658
1551 9.375 -12.5 11.764705658
1552 12.5 -12.5 11.764705658
1553 15.625 -12.5 11.764705658
1554 18.75 -12.5 11.764705658
1555 21.875 -12.5 11.764705658
1556 3.125 -12.5 8.82352924347
1557 6.25 -12.5 8.82352924347
1558 9.375 -12.5 8.82352924347
1559 12.5 -12.5 8.82352924347
1560 15.625 -12.5 8.82352924347
1561 18.75 -12.5 8.82352924347
1562 21.875 -12.5 8.82352924347
1563 3.125 -12.5 5.88235282898
1564 6.25 -12.5 5.88235282898
1565 9.375 -12.5 5.88235282898
1566 12.5 -12.5 5.88235282898
1567 15.625 -12.5 5.88235282898
1568 18.75 -12.5 5.88235282898
1569 21.875 -12.5 5.88235282898
1570 3.125 -12.5 2.94117641449
1571 6.25 -12.5 2.94117641449
1572 9.375 -12.5 2.94117641449
1573 12.5 -12.5 2.94117641449
1574 15.625 -12.5 2.94117641449
1575 18.75 -12.5 2.94117641449
1576 21.875 -12.5 2.94117641449
1577 0 1.36363637447 47.0588226318
1578 0 10.2272729874 47.0588226318
1579 0 19.0909099579 47.0588226318
1580 0 27.9545459747 47.0588226318
1581 0 36.8181800842 47.0588226318
1582 0 45.6818199158 47.0588226318
1583 0 54.5454559326 47.0588226318
1584 0 63.4090919495 47.0588226318
1585 0 72.2727279663 47.0588226318
1586 0 81.1363601685 47.0588226318
1587 0 1.36363637447 44.1176452637
1588 0 10.2272729874 44.1176452637
1589 0 19.0909099579 44.1176452637
1590 0 27.9545459747 44.1176452637
1591 0 36.8181800842 44.1176452637
1592 0 45.6818199158 44.1176452637
1593 0 54.5454559326 44.1176452637
1594 0 63.4090919495 44.1176452637
1595 0 72.2727279663 44.1176452637
1596 0 81.1363601685 44.1176452637
1597 0 1.36363637447 41.1764717102
1598 0 10.2272729874 41.1764717102
1599 0 19.0909099579 41.1764717102
1600 0 27.9545459747 41.1764717102
1601 0 36.8181800842 41.1764717102
1602 0 45.6818199158 41.1764717102
1603 0 54.5454559326 41.1764717102
1604 0 63.4090919495 41.1764717102
1605 0 72.2727279663 41.1764717102
1606 0 81.1363601685 41.1764717102
1607 0 1.36363637447 38.235294342
1608 0 10.2272729874 38.235294342
1609 0 19.0909099579 38.235294342
1610 0 27.9545459747 38.235294342
1611 0 36.8181800842 38.235294342
1612 0 45.6818199158 38.235294342
1613 0 54.5454559326 38.235294342
1614 0 63.4090919495 38.235294342
1615 0 72.2727279663 38.235294342
1616 0 81.1363601685 38.235294342
1617 0 1.36363637447 35.2941169739
1618 0 10.2272729874 35.2941169739
1619 0 19.0909099579 35.2941169739
1620 0 27.9545459747 35.2941169739
1621 0 36.8181800842 35.2941169739
1622 0 45.6818199158 35.2941169739
1623 0 54.5454559326 35.2941169739
1624 0 63.4090919495 35.2941169739
1625 0 72.2727279663 35.2941169739
1626 0 81.1363601685 35.2941169739
1627 0 1.36363637447 32.3529396057
1628 0 10.2272729874 32.3529396057
1629 0 19.0909099579 32.3529396057
1630 0 27.9545459747 32.3529396057
1631 0 36.8181800842 32.3529396057
1632 0 45.6818199158 32.3529396057
1633 0 54.5454559326 32.3529396057
1634 0 63.4090919495 32.3529396057
1635 0 72.2727279663 32.3529396057
1636 0 81.1363601685 32.3529396057
1637 0 1.36363637447 29.4117641449
1638 0 10.2272729874 29.4117641449
1639 0 19.0909099579 29.4117641449
1640 0 27.9545459747 29.4117641449
1641 0 36.8181800842 29.4117641449
1642 0 45.6818199158 29.4117641449
1643 0 54.5454559326 29.4117641449
1644 0 63.4090919495 29.4117641449
1645 0 72.2727279663 29.4117641449
1646 0 81.1363601685 29.4117641449
1647 0 1.36363637447 26.4705886841
1648 0 10.2272729874 26.4705886841
1649 0 19.0909099579 26.4705886841
1650 0 27.9545459747 26.4705886841
1651 0 36.8181800842 26.4705886841
1652 0 45.6818199158 26.4705886841
1653 0 54.5454559326 26.4705886841
1654 0 63.4090919495 26.4705886841
1655 0 72.2727279663 26.4705886841
1656 0 81.1363601685 26.4705886841
1657 0 1.36363637447 23.5294113159
1658 0 10.2272729874 23.5294113159
1659 0 19.0909099579 23.5294113159
1660 0 27.9545459747 23.5294113159
1661 0 36.8181800842 23.5294113159
1662 0 45.6818199158 23.5294113159
1663 0 54.5454559326 23.5294113159
1664 0 63.4090919495 23.5294113159
1665 0 72.2727279663 23.5294113159
1666 0 81.1363601685 23.5294113159
1667 0 1.36363637447 20.5882358551
1668 0 10.2272729874 20.5882358551
1669 0 19.0909099579 20.5882358551
1670 0 27.9545459747 20.5882358551
1671 0 36.8181800842 20.5882358551
1672 0 45.6818199158 20.5882358551
1673 0 54.5454559326 20.5882358551
1674 0 63.4090919495 20.5882358551
1675 0 72.2727279663 20.5882358551
1676 0 81.1363601685 20.5882358551
1677 0 1.36363637447 17.6470584869
1678 0 10.2272729874 17.6470584869
1679 0 19.0909099579 17.6470584869
1680 0 27.9545459747 17.6470584869
1681 0 36.8181800842 17.6470584869
1682 0 45.6818199158 17.6470584869
1683 0 54.5454559326 17.6470584869
1684 0 63.4090919495 17.6470584869
1685 0 72.2727279663 17.6470584869
1686 0 81.1363601685 17.6470584869
1687 0 1.36363637447 14.7058820724
1688 0 10.2272729874 14.7058820724
1689 0 19.0909099579 14.7058820724
1690 0 27.9545459747 14.7058820724
1691 0 36.8181800842 14.7058820724
1692 0 45.6818199158 14.7058820724
1693 0 54.5454559326 14.7058820724
1694 0 63.4090919495 14.7058820724
1695 0 72.2727279663 14.7058820724
1696 0 81.1363601685 14.7058820724
1697 0 1.36363637447 11.764705658
1698 0 10.2272729874 11.764705658
1699 0 19.0909099579 11.764705658
1700 0 27.9545459747 11.764705658
1701 0 36.8181800842 11.764705658
1702 0 45.6818199158 11.764705658
1703 0 54.5454559326 11.764705658
1704 0 63.4090919495 11.764705658
1705 0 72.2727279663 11.764705658
1706 0 81.1363601685 11.764705658
1707 0 1.36363637447 8.82352924347
1708 0 10.2272729874 8.82352924347
1709 0 19.0909099579 8.82352924347
1710 0 27.9545459747 8.82352924347
1711 0 36.8181800842 8.82352924347
1712 0 45.6818199158 8.82352924347
1713 0 54.5454559326 8.82352924347
1714 0 63.4090919495 8.82352924347
1715 0 72.2727279663 8.82352924347
1716 0 81.1363601685 8.82352924347
1717 0 1.36363637447 5.88235282898
1718 0 10.2272729874 5.88235282898
1719 0 19.0909099579 5.88235282898
1720 0 27.9545459747 5.88235282898
1721 0 36.8181800842 5.88235282898
1722 0 45.6818199158 5.88235282898
1723 0 54.5454559326 5.88235282898
1724 0 63.4090919495 5.88235282898
1725 0 72.2727279663 5.88235282898
1726 0 81.1363601685 5.88235282898
1727 0 1.36363637447 2.94117641449
1728 0 10.2272729874 2.94117641449
1729 0 19.0909099579 2.94117641449
1730 0 27.9545459747 2.94117641449
1731 0 36.8181800842 2.94117641449
1732 0 45.6818199158 2.94117641449
1733 0 54.5454559326 2.94117641449
1734 0 63.4090919495 2.94117641449
1735 0 72.2727279663 2.94117641449
1736 0 81.1363601685 2.94117641449
1737 172.818191528 -8.63320541382 0
1738 27.1792888641 -11.3662757874 0
1739 27.1767044067 -8.63683795929 0
1740 172.820388794 -11.3644285202 0
1741 3.79000711441 -4.11766386032 0
1742 7.17329788208 -4.38776874542 0
1743 196.210037231 -15.8823060989 0
1744 192.826782227 -15.6121826172 0
1745 29.5724182129 -10.0079307556 0
1746 170.419036865 -9.99314212799 0
1747 173.318771362 -5.84433841705 0
1748 173.278793335 -14.165643692 0
1749 26.6790981293 -14.1533889771 0
1750 26.7186412811 -5.83740520477 0
1751 176.25567627 -14.9478902817 0
1752 23.7438011169 -5.05335855484 0
1753 23.5886096954 -14.9158678055 0
1754 20.1611022949 -15.1688499451 0
1755 17.2175960541 -14.8190765381 0
1756 14.1553239822 -15.7335710526 0
1757 9.56802558899 -15.7654132843 0
1758 5.19213676453 -16.444601059 0
1759 10.2787437439 -3.61922192574 0
1760 14.0202598572 -3.96913194656 0
1761 17.3178310394 -4.45869398117 0
1762 20.5391349792 -4.68503665924 0
1763 176.411071777 -5.08268642426 0
1764 179.839019775 -4.8301024437 0
1765 182.782470703 -5.18012094498 0
1766 185.845230103 -4.26359939575 0
1767 190.433334351 -4.22970628738 0
1768 194.809326172 -3.55091834068 0
1769 189.721389771 -16.3807239532 0
1770 185.979858398 -16.0308532715 0
1771 182.682250977 -15.5414133072 0
1772 179.460845947 -15.3154201508 0
1773 6.04972600937 1.02284550667 0
1774 193.950531006 -21.022808075 0
1775 29.4213428497 -7.06098365784 0
1776 170.570053101 -12.9447011948 0
1777 29.4031906128 -12.9399671555 0
1778 170.589248657 -7.05667209625 0
1779 12.4041242599 0.901885926723 0
1780 187.596389771 -20.9019603729 0
1781 17.721868515 -18.3458995819 0
1782 15.9897136688 -1.48506844044 0
1783 182.278930664 -1.64990115166 0
1784 184.010574341 -18.5151081085 0
1785 19.1007385254 -1.5887966156 0
1786 180.899520874 -18.4117527008 0
1787 22.1372337341 -17.9663219452 0
1788 177.863052368 -2.03061795235 0
1789 22.5331344604 -2.00903630257 0
1790 177.466842651 -17.99259758 0
1791 25.7612056732 -17.1792469025 0
1792 174.237625122 -2.81651544571 0
1793 25.8704090118 -2.78347945213 0
1794 174.128051758 -17.2208385468 0
1795 32.0203933716 -11.5305519104 0
1796 167.9609375 -8.46617507935 0
1797 32.0299110413 -8.50768375397 0
1798 167.949752808 -11.4985017776 0
1799 28.9880256653 -3.92778491974 0
1800 171.005432129 -16.081451416 0
1801 182.861221313 -21.7201004028 0
1802 17.13945961 1.71952998638 0
1803 21.131111145 1.41207242012 0
1804 178.86946106 -21.4137802124 0
1805 28.9531745911 -16.03383255 0
1806 171.041229248 -3.95903468132 0
1807 175.155044556 -20.6353435516 0
1808 24.8447208405 0.630743980408 0
1809 175.264801025 0.605084002018 0
1810 24.7354240417 -20.5999641418 0
1811 34.5986824036 -10.0422039032 0
1812 165.362625122 -9.95816802979 0
1813 31.8817977905 -5.35986042023 0
1814 168.100143433 -14.6550397873 0
1815 180.51071167 -25.3012580872 0
1816 19.4906101227 5.2995967865 0
1817 31.8488941193 -14.6334552765 0
1818 168.1353302 -5.35502815247 0
1819 28.3273563385 -0.513990700245 0
1820 171.669113159 -19.4967765808 0
1821 28.3077220917 -19.3991222382 0
1822 171.689544678 -0.591478466988 0
1823 176.314682007 -24.4259223938 0
1824 23.6862564087 4.42155075073 0
1825 34.6052513123 -6.94035720825 0
1826 165.3565979 -13.0765829086 0
1827 34.5634651184 -13.1153869629 0
1828 165.401519775 -6.86900663376 0
1829 31.5624580383 -1.96641528606 0
1830 168.424850464 -18.0539608002 0
1831 31.5372219086 -17.958530426 0
1832 168.451828003 -2.02428150177 0
1833 27.5870571136 -23.0694408417 0
1834 172.414047241 3.07809281349 0
1835 27.5292987823 3.21495723724 0
1836 172.469909668 -23.2255096436 0
1837 177.526138306 -28.6548042297 0
1838 22.4759845734 8.65072536469 0
1839 14.6270265579 5.94666957855 0
1840 185.374404907 -25.9472846985 0
1841 37.1934242249 -11.5956926346 0
1842 162.742614746 -8.38851833344 0
1843 37.2323799133 -8.54839229584 0
1844 162.700973511 -11.4618301392 0
1845 34.5483589172 -3.62869977951 0
1846 165.420410156 -16.4016075134 0
1847 34.4921379089 -16.3559360504 0
1848 165.480102539 -3.61634421349 0
1849 31.1113014221 -21.5537891388 0
1850 23.8047218323 -24.4123325348 0
1851 176.197021484 4.41544437408 0
1852 168.884414673 1.57298994064 0
1853 168.895370483 -21.7361297607 0
1854 31.0978717804 1.71414899826 0
1855 173.321456909 -27.2898635864 0
1856 26.6798286438 7.28031158447 0
1857 17.7260379791 9.89562034607 0
1858 182.276580811 -29.8974742889 0
1859 39.8449020386 -10.1111240387 0
1860 160.054550171 -9.88059043884 0
1861 37.339466095 -5.3590965271 0
1862 162.60017395 -14.6756982803 0
1863 37.2442207336 -14.7144193649 0
1864 162.700561523 -5.24784183502 0
1865 34.39503479 -0.033798597753 0
1866 165.58380127 -20.0038776398 0
1867 20.8681297302 -21.5807876587 0
1868 179.132446289 1.58454465866 0
1869 26.9611034393 -27.0308055878 0
1870 173.044891357 7.03474378586 0
1871 34.35206604 -19.8556861877 0
1872 165.630203247 -0.109509542584 0
1873 30.6512012482 -25.4128799438 0
1874 169.353012085 5.42950153351 0
1875 169.444000244 -25.7027282715 0
1876 30.5540657043 5.68197059631 0
1877 174.126678467 -31.7247257233 0
1878 25.8763465881 11.7161512375 0
1879 178.704269409 -33.4099998474 0
1880 21.2996482849 13.4056186676 0
1881 187.883880615 -31.3016738892 0
1882 12.1185302734 11.30098629 0
1883 39.8783416748 -13.1267948151 0
1884 160.02947998 -6.83100795746 0
1885 40.0152206421 -7.05475711823 0
1886 159.886642456 -12.9737138748 0
1887 37.4388046265 -1.90977191925 0
1888 162.514022827 -18.142999649 0
1889 34.143283844 -23.6268005371 0
1890 165.851577759 3.6631193161 0
1891 19.8425350189 -25.627073288 0
1892 180.157287598 5.63140296936 0
1893 37.3252906799 -18.0467185974 0
1894 162.632675171 -1.90015077591 0
1895 169.786819458 9.5230512619 0
1896 30.2274265289 -29.5135612488 0
1897 23.1728401184 -28.5089035034 0
1898 176.831085205 8.51334667206 0
1899 169.983200073 -29.9583454132 0
1900 30.0182247162 9.93993377686 0
1901 165.836334229 -23.8888072968 0
1902 34.1522445679 3.84981632233 0
1903 25.1834754944 16.5538806915 0
1904 174.821838379 -36.5623435974 0
1905 15.9423732758 15.2221536636 0
1906 184.061935425 -35.2242431641 0
1907 42.4169960022 -11.6335725784 0
1908 157.44921875 -8.3299446106 0
1909 42.5939865112 -8.704621315 0
1910 40.2700195312 -3.80317354202 0
1911 157.266891479 -11.304066658 0
1912 159.644805908 -16.2569179535 0
1913 40.0163764954 -16.2340507507 0
1914 159.906890869 -3.69808721542 0
1915 162.491195679 -21.9007339478 0
1916 37.4772605896 1.83909082413 0
1917 19.1283721924 -30.2043094635 0
1918 180.883178711 10.2426662445 0
1919 166.105117798 7.67419195175 0
1920 33.9044952393 -27.64179039 0
1921 37.4004020691 -21.6696548462 0
1922 162.574157715 1.73144805431 0
1923 173.573562622 11.1512975693 0
1924 26.4381790161 -31.1479167938 0
1925 166.123291016 -28.0346260071 0
1926 33.8727836609 7.99842023849 0
1927 170.428741455 -34.5216674805 0
1928 29.5752334595 14.5052728653 0
1929 20.2310504913 18.703245163 0
1930 179.775619507 -38.7080802917 0
1931 45.0288581848 -10.3596067429 0
1932 154.795120239 -9.61617565155 0
1933 42.6020011902 -14.6181182861 0
1934 157.279663086 -5.30673265457 0
1935 42.924495697 -5.6657538414 0
1936 156.944137573 -14.3869171143 0
1937 40.5374717712 -0.265961199999 0
1938 159.397155762 -19.815826416 0
1939 37.4067077637 -25.5970287323 0
1940 162.587844849 5.66021823883 0
1941 166.336456299 11.9087963104 0
1942 33.6894073486 -31.8853321075 0
1943 40.3626708984 -19.5611629486 0
1944 159.579299927 -0.35153850913 0
1945 166.360275269 -32.4276046753 0
1946 33.6408538818 12.3957700729 0
1947 170.210617065 13.8481454849 0
1948 29.813369751 -33.8436203003 0
1949 162.519271851 -25.9355049133 0
1950 37.4632987976 5.87330913544 0
1951 170.730224609 -39.406162262 0
1952 29.2765674591 19.3906383514 0
1953 184.937210083 6.31880807877 0
1954 15.0764465332 -26.2753505707 0
1955 44.666934967 -13.0411720276 0
1956 155.175842285 -6.89155960083 0
1957 43.3557510376 -2.40654039383 0
1958 45.3661613464 -7.47197341919 0
1959 156.531692505 -17.6820030212 0
1960 154.45690918 -12.5561256409 0
1961 42.6032943726 -17.4713191986 0
1962 157.300613403 -2.42961072922 0
1963 159.173522949 -23.6867656708 0
1964 40.782585144 3.59496831894 0
1965 162.640426636 9.81769943237 0
1966 37.3761138916 -29.7597103119 0
1967 166.503433228 16.3906345367 0
1968 33.538936615 -36.3757553101 0
1969 159.266418457 3.43047380447 0
1970 40.7132072449 -23.3433895111 0
1971 166.478805542 -37.0746459961 0
1972 33.5258636475 17.046661377 0
1973 162.54309082 -30.2107028961 0
1974 37.450088501 10.1534585953 0
1975 174.481231689 15.4715795517 0
1976 25.5375080109 -35.4567184448 0
1977 24.6345157623 21.8084373474 0
1978 175.374557495 -41.8181343079 0
1979 186.248657227 12.3200540543 0
1980 13.7922515869 -32.2441520691 0
1981 47.2975654602 -12.3777866364 0
1982 47.7981071472 -9.14614963531 0
1983 152.501724243 -7.55245494843 0
1984 151.984695435 -10.8465709686 0
1985 43.8254737854 1.1934876442 0
1986 156.087463379 -21.3065700531 0
1987 159.137573242 7.53486347198 0
1988 40.884059906 -27.4834136963 0
1989 43.9975280762 -20.6800327301 0
1990 155.950912476 0.786795794964 0
1991 162.491638184 -34.7009658813 0
1992 37.5085983276 14.6508178711 0
1993 162.642166138 14.1647033691 0
1994 37.396774292 -34.1157836914 0
1995 158.967254639 -27.8379669189 0
1996 41.0077362061 7.74666786194 0
1997 46.0067214966 -16.3647670746 0
1998 170.662277222 18.525598526 0
1999 29.3726444244 -38.5209579468 0
2000 153.849624634 -3.51894974709 0
2001 166.450378418 -41.9999008179 0
2002 33.5576477051 21.9740066528 0
2003 45.8522186279 -4.55014610291 0
2004 153.982437134 -15.5242776871 0
2005 29.1175117493 24.6319084167 0
2006 170.893661499 -44.6489753723 0
2007 50.4097175598 -11.0076723099 0
2008 149.334976196 -8.93407154083 0
2009 47.7679443359 -6.47295188904 0
2010 152.024658203 -13.5719709396 0
2011 46.5601043701 -1.31468987465 0
2012 153.295974731 -18.7994766235 0
2013 155.642196655 -25.2728862762 0
2014 44.2976837158 5.14767789841 0
2015 158.965423584 11.7851409912 0
2016 41.0658607483 -31.771812439 0
2017 162.533615112 18.7307357788 0
2018 37.5283699036 -38.6932754517 0
2019 155.908218384 5.06585836411 0
2020 44.2026519775 -25.0519561768 0
2021 162.310668945 -39.4168014526 0
2022 37.6941986084 19.3728923798 0
2023 158.730667114 -32.213054657 0
2024 41.258480072 12.1293439865 0
2025 166.566360474 21.1877708435 0
2026 33.4919471741 -41.1783065796 0
2027 175.451690674 20.5383663177 0
2028 24.5871315002 -40.5087547302 0
2029 49.8537750244 -14.5670938492 0
2030 166.281295776 -47.2541809082 0
2031 33.7315597534 27.2273197174 0
2032 149.925476074 -5.30610561371 0
2033 47.3347091675 -20.0666179657 0
2034 152.62071228 0.245355278254 0
2035 48.9027900696 -3.94759202003 0
2036 150.893569946 -16.1417655945 0
2037 47.2919120789 2.36910820007 0
2038 152.59413147 -22.5154895782 0
2039 49.7315635681 -18.186920166 0
2040 150.166656494 -1.58629381657 0
2041 155.503967285 9.17906951904 0
2042 44.611000061 -29.282793045 0
2043 53.0741081238 -13.0973815918 0
2044 46.7993049622 -22.90051651 0
2045 153.34942627 3.00151014328 0
2046 158.403411865 -36.7818412781 0
2047 146.639755249 -6.78024435043 0
2048 41.5950698853 16.7084884644 0
2049 158.712402344 16.2241191864 0
2050 162.275299072 23.5715961456 0
2051 41.3241500854 -36.2134170532 0
2052 37.8030815125 -43.5428085327 0
2053 50.7878837585 -7.20332813263 0
2054 155.175018311 -29.5220909119 0
2055 44.7891654968 9.39585971832 0
2056 148.957077026 -12.8235368729 0
2057 161.977294922 -44.3971633911 0
2058 38.0314941406 24.3565940857 0
2059 170.998825073 23.6664981842 0
2060 180.225830078 16.2016429901 0
2061 19.8172130585 -36.1382675171 0
2062 29.0482292175 -43.6675796509 0
2063 149.987472534 2.54680609703 0
2064 50.2134666443 -22.1325397491 0
2065 52.6534767151 -16.4979763031 0
2066 147.151611328 -3.25700211525 0
2067 53.5937690735 -9.73724460602 0
2068 146.099136353 -10.2199831009 0
2069 52.3208618164 -3.55264663696 0
2070 147.416610718 -16.5627441406 0
2071 151.859222412 -26.5802612305 0
2072 48.0602302551 6.412358284 0
2073 155.066558838 13.5565299988 0
2074 44.9421844482 -33.6587486267 0
2075 49.9502487183 -0.5222017169 0
2076 157.933319092 -41.557056427 0
2077 42.0709075928 21.4929027557 0
2078 149.868270874 -19.6211338043 0
2079 152.382049561 6.28690433502 0
2080 48.3085098267 -26.4637622833 0
2081 154.660232544 -34.0026855469 0
2082 45.3232879639 13.8848991394 0
2083 158.328552246 20.8654651642 0
2084 41.7330131531 -40.8366127014 0
2085 161.499404907 -49.6724662781 0
2086 38.5144729614 29.6316566467 0
2087 166.496292114 26.3353595734 0
2088 33.5602912903 -46.3330802917 0
2089 176.004592896 26.3652610779 0
2090 24.0447444916 -46.338104248 0
2091 29.16771698 30.1766586304 0
2092 170.916992188 -50.2692680359 0
2093 19.5375118256 24.5155563354 0
2094 180.602920532 -44.602481842 0
2095 24.3924274445 27.4533443451 0
2096 175.776748657 -47.6037940979 0
2097 181.100372314 23.0999469757 0
2098 56.1883239746 -11.7363815308 0
2099 54.52368927 -6.49151134491 0
2100 55.7208862305 -15.1167106628 0
2101 143.464157104 -8.15710449219 0
2102 145.133056641 -13.5676908493 0
2103 143.991622925 -4.63607692719 0
2104 50.9842529297 3.27050662041 0
2105 148.870758057 -23.461938858 0
2106 151.585144043 10.620967865 0
2107 48.3702430725 -31.0385971069 0
2108 154.565551758 18.1032295227 0
2109 45.4520530701 -38.1110610962 0
2110 154.076034546 -38.6661491394 0
2111 45.920085907 18.5637931824 0
2112 157.774520874 25.7384757996 0
2113 42.3093452454 -45.6953773499 0
2114 151.012466431 -31.0040588379 0
2115 48.9401283264 10.8299560547 0
2116 157.30279541 -46.5799102783 0
2117 147.966567993 7.17290019989 0
2118 42.7056808472 26.5211448669 0
2119 52.4112319946 -19.4763431549 0
2120 52.6885070801 -25.6745147705 0
2121 147.572418213 -0.110864043236 0
2122 161.854446411 28.7278461456 0
2123 38.2161865234 -48.7045860291 0
2124 53.5786094666 0.0522555932403 0
2125 34.0594558716 32.8087768555 0
2126 165.989059448 -52.8708953857 0
2127 146.16444397 -20.2729206085 0
2128 18.9646663666 -43.0307655334 0
2129 19.4789962769 30.6225395203 0
2130 181.078567505 -51.0709190369 0
2131 8.54745101929 7.04737234116 0
2132 191.453552246 -27.0476093292 0
2133 181.644287109 29.4962062836 0
2134 171.171035767 29.2466011047 0
2135 28.8574295044 -49.2509803772 0
2136 175.881896973 -53.7205314636 0
2137 24.4363250732 33.2227325439 0
2138 14.4548158646 21.2566871643 0
2139 185.658157349 -41.3026695251 0
2140 192.088912964 6.59461784363 0
2141 7.92900419235 -26.5640850067 0
2142 186.79296875 19.4332103729 0
2143 9.36564731598 17.3208675385 0
2144 190.6796875 -37.333782196 0
2145 12.6544914246 -20.7540130615 0
2146 187.351303101 0.769599676132 0
2147 58.8356704712 -13.6598873138 0
2148 140.785430908 -6.14705896378 0
2149 55.8985061646 -3.17815923691 0
2150 56.3570022583 -8.85885620117 0
2151 143.62928772 -17.0637283325 0
2152 143.259674072 -11.1327142715 0
2153 55.2229728699 -18.5236129761 0
2154 144.598495483 -0.966414093971 0
2155 54.2797622681 -21.9840259552 0
2156 145.890380859 2.77968764305 0
2157 147.731277466 -27.6652355194 0
2158 52.16664505 7.44000053406 0
2159 150.976074219 15.1722230911 0
2160 48.963092804 -35.2737236023 0
2161 54.8872871399 3.87461209297 0
2162 144.896987915 -24.2049598694 0
2163 51.2636566162 -28.9563541412 0
2164 153.346893311 -43.4988632202 0
2165 46.6556968689 23.411649704 0
2166 150.271331787 -35.7010765076 0
2167 49.7081604004 15.5433721542 0
2168 157.054580688 30.9043903351 0
2169 43.037689209 -50.8498382568 0
2170 153.910217285 22.8051223755 0
2171 46.1464653015 -42.7504768372 0
2172 17.2326946259 -22.516626358 0
2173 182.771438599 2.53089094162 0
2174 156.522216797 -51.8888626099 0
2175 43.4913406372 31.8306941986 0
2176 166.274337769 31.8341007233 0
2177 33.7568054199 -51.8352050781 0
2178 39.1366577148 35.2416419983 0
2179 160.89276123 -55.2957649231 0
2180 13.2590923309 -39.3746604919 0
2181 180.907241821 -57.4930725098 0
2182 20.0719165802 35.9435348511 0
2183 18.4976806641 -49.477268219 0
2184 29.3175830841 36.0347595215 0
2185 170.771743774 -56.2671775818 0
2186 23.6466331482 -52.4597740173 0
2187 57.8990745544 -6.34256267548 0
2188 141.530395508 -13.7733297348 0
2189 54.7286682129 -29.1518306732 0
2190 58.4270553589 -17.1429042816 0
2191 141.221282959 -2.42884969711 0
2192 143.537338257 6.14591550827 0
2193 57.3295211792 0.382815420628 0
2194 142.176635742 -20.8943576813 0
2195 147.605621338 12.1012372971 0
2196 52.118724823 -32.3584098816 0
2197 150.223724365 19.7656059265 0
2198 49.7769851685 -39.7148704529 0
2199 149.565948486 -40.4511833191 0
2200 50.4285926819 20.321231842 0
2201 146.122467041 -32.5364608765 0
2202 53.8344039917 12.3106794357 0
2203 59.3952217102 -9.91052055359 0
2204 152.427108765 -48.5540275574 0
2205 47.5793190002 28.475353241 0
2206 140.12802124 -10.0082798004 0
2207 56.4906349182 7.9338183403 0
2208 143.372894287 -28.3203105927 0
2209 153.071762085 27.7156658173 0
2210 47.0189971924 -47.6316986084 0
2211 57.9069976807 -20.8377285004 0
2212 161.309204102 34.2121925354 0
2213 38.7542152405 -54.1811676025 0
2214 141.632476807 1.93274128437 0
2215 171.224105835 35.2330169678 0
2216 44.4079818726 37.4619255066 0
2217 155.615768433 -57.5270957947 0
2218 34.4933815002 38.7108001709 0
2219 165.566390991 -58.8029098511 0
2220 17.8195266724 -56.0828361511 0
2221 6.00632572174 12.9974813461 0
2222 194.003417969 -33.0002479553 0
2223 28.8816261292 -55.1704597473 0
2224 61.6337547302 -15.5265054703 0
2225 137.979858398 -4.18270540237 0
2226 59.5204429626 -3.03643751144 0
2227 139.241897583 -17.4728488922 0
2228 58.8917160034 4.14289951324 0
2229 140.781677246 -24.8334751129 0
2230 146.741485596 16.5648479462 0
2231 53.1764755249 -36.5100708008 0
2232 61.433265686 -6.44037628174 0
2233 148.5834198 -45.2660560608 0
2234 51.416431427 25.1573219299 0
2235 137.785217285 -13.4426202774 0
2236 61.31199646 -19.1853885651 0
2237 149.291397095 24.5069351196 0
2238 50.7659225464 -44.3917388916 0
2239 145.966964722 -37.5305595398 0
2240 138.247543335 -0.449700832367 0
2241 54.0310249329 17.3618144989 0
2242 152.065856934 32.8907051086 0
2243 48.0443229675 -52.7919006348 0
2244 56.1984405518 -33.0667419434 0
2245 151.346908569 -53.8945808411 0
2246 48.6649551392 33.816242218 0
2247 156.208587646 36.3988723755 0
2248 43.8884162903 -56.3296470642 0
2249 139.670883179 5.78136301041 0
2250 39.8584289551 41.1719779968 0
2251 160.184799194 -61.2391586304 0
2252 165.981399536 37.7546386719 0
2253 176.561508179 32.545135498 0
2254 57.165435791 -25.2251338959 0
2255 144.790969849 9.66533279419 0
2256 29.4863014221 42.1831817627 0
2257 170.552093506 -62.4243431091 0
2258 141.282745361 9.64125919342 0
2259 61.6290245056 -12.450009346 0
2260 137.941986084 -7.35037183762 0
2261 63.2591094971 -9.7447719574 0
2262 136.222427368 -10.0329561234 0
2263 64.6754379272 -17.4292163849 0
2264 60.9033889771 -23.0371227264 0
2265 135.023590088 -2.22764539719 0
2266 60.7214355469 7.99444627762 0
2267 139.159805298 -28.6534233093 0
2268 61.1476135254 0.5253688097 0
2269 138.161117554 -21.6866855621 0
2270 138.206161499 2.77873921394 0
2271 58.720161438 -29.4387931824 0
2272 145.701553345 21.189825058 0
2273 54.3505516052 -41.0098991394 0
2274 63.2208023071 -2.98889255524 0
2275 145.010726929 -42.0616111755 0
2276 54.9987182617 21.9296035767 0
2277 147.372711182 -50.310131073 0
2278 135.433731079 -16.2410068512 0
2279 52.6299514771 30.2117271423 0
2280 143.593734741 13.2683343887 0
2281 150.939102173 38.390460968 0
2282 49.1827049255 -58.2830352783 0
2283 51.9216690063 -49.3148651123 0
2284 148.175003052 29.4555034637 0
2285 182.707138062 36.015247345 0
2286 39.4171905518 -59.9618606567 0
2287 49.8752784729 39.4594268799 0
2288 150.145812988 -59.5440406799 0
2289 160.695205688 40.0662269592 0
2290 171.206375122 41.7664833069 0
2291 45.4147033691 43.4115333557 0
2292 154.623428345 -63.4878616333 0
2293 135.385696411 1.51959633827 0
2294 136.099151611 5.17820978165 0
2295 64.9664764404 -13.3341236115 0
2296 65.1257858276 -6.43177318573 0
2297 134.234008789 -13.0653162003 0
2298 134.687194824 -6.36676883698 0
2299 62.8963088989 4.23582935333 0
2300 135.940155029 -19.2517604828 0
2301 58.596446991 11.8124752045 0
2302 136.83026123 -25.3926887512 0
2303 64.3362426758 -21.3276004791 0
2304 141.375534058 -32.1882476807 0
2305 137.288299561 9.11191368103 0
2306 60.7042388916 -26.4607868195 0
2307 57.7885856628 -37.3755645752 0
2308 60.6779251099 -33.3962974548 0
2309 142.306732178 17.7094402313 0
2310 141.869186401 -39.0114822388 0
2311 58.1614875793 18.8203372955 0
2312 143.701293945 -46.7931404114 0
2313 56.3044128418 26.6785354614 0
2314 138.856933594 13.8310260773 0
2315 144.506088257 25.9808578491 0
2316 55.6122245789 -45.7730445862 0
2317 65.0014419556 0.588221073151 0
2318 145.997009277 -55.6495666504 0
2319 54.0108375549 35.5507125854 0
2320 155.292312622 42.2197151184 0
2321 53.2213935852 -54.5171089172 0
2322 146.897460938 34.6671829224 0
2323 34.1121520996 -57.6716346741 0
2324 44.8257675171 -62.1326370239 0
2325 51.2193489075 45.4564857483 0
2326 148.848922729 -65.5340652466 0
2327 24.177947998 39.1328544617 0
2328 175.721282959 -59.7877616882 0
2329 34.9968948364 44.9452133179 0
2330 165.06187439 -65.0493011475 0
2331 13.8419151306 27.9381694794 0
2332 186.625686646 -48.0911064148 0
2333 176.999160767 39.1646385193 0
2334 132.870071411 -18.5016117096 0
2335 133.431869507 7.97508525848 0
2336 63.9334983826 -25.3303871155 0
2337 132.131896973 0.00376381957904 0
2338 66.8731231689 -9.79047775269 0
2339 132.664794922 -9.87654495239 0
2340 66.9848403931 -2.9965133667 0
2341 67.7751235962 -19.5521945953 0
2342 64.8245620728 8.00904941559 0
2343 135.28187561 -28.9059047699 0
2344 62.7981376648 -29.3356075287 0
2345 68.1412963867 -15.7624502182 0
2346 62.7640762329 11.8215494156 0
2347 137.25831604 -32.36977005 0
2348 59.2543296814 -42.1092376709 0
2349 141.065185547 22.4228687286 0
2350 132.650970459 3.92342996597 0
2351 131.759765625 -3.80483531952 0
2352 59.6157798767 23.1503143311 0
2353 140.405883789 -43.3443603516 0
2354 134.46546936 12.2102613449 0
2355 66.876663208 4.25299119949 0
2356 142.175491333 -51.8095932007 0
2357 57.8252258301 31.6972064972 0
2358 142.937942505 -35.4219398499 0
2359 57.0655822754 15.1758680344 0
2360 29.1713962555 -61.3314285278 0
2361 57.0001869202 -50.7678909302 0
2362 143.122955322 30.9674320221 0
2363 54.6364479065 -60.0255050659 0
2364 145.489334106 40.1776885986 0
2365 175.872070312 -65.9205703735 0
2366 24.0404129028 45.5737724304 0
2367 134.00302124 -22.3389511108 0
2368 149.728256226 44.2234230042 0
2369 159.972213745 46.208946228 0
2370 55.5795249939 41.1961936951 0
2371 144.486038208 -61.3036689758 0
2372 128.832595825 -1.63712418079 0
2373 71.1769790649 -17.786857605 0
2374 67.5414123535 -23.5866851807 0
2375 68.8110656738 -6.54280185699 0
2376 132.534408569 -15.5387973785 0
2377 68.4599380493 -12.5636825562 0
2378 130.788223267 -13.0184764862 0
2379 139.359985352 -35.842792511 0
2380 130.49937439 10.9428634644 0
2381 131.302139282 -7.03160429001 0
2382 65.3845367432 -33.0692138672 0
2383 60.6583137512 15.4964017868 0
2384 129.987442017 -20.8266849518 0
2385 66.9181442261 11.8018341064 0
2386 68.8767089844 0.547554135323 0
2387 133.191040039 -32.3773498535 0
2388 129.723983765 6.55311012268 0
2389 133.66519165 -25.9991340637 0
2390 135.245605469 16.0022239685 0
2391 137.886154175 18.8535614014 0
2392 137.54699707 -39.8468055725 0
2393 62.4428749084 19.4893836975 0
2394 129.188812256 2.37528896332 0
2395 68.9072418213 7.95122814178 0
2396 138.712875366 -48.0395088196 0
2397 63.2349662781 -38.1016387939 0
2398 61.2881736755 27.8143749237 0
2399 60.6118469238 -47.0255203247 0
2400 139.59916687 27.2421321869 0
2401 67.3963928223 -28.3447399139 0
2402 140.487014771 -57.1284980774 0
2403 59.5934066772 36.986328125 0
2404 58.550743103 -56.0091209412 0
2405 143.980056763 46.0246582031 0
2406 141.573654175 36.2084999084 0
2407 50.3925857544 -64.1122589111 0
2408 40.1171188354 -66.0665893555 0
2409 7.51969099045 24.2856636047 0
2410 192.677703857 -44.3109855652 0
2411 12.9899673462 -46.4968948364 0
2412 129.305435181 -16.6336250305 0
2413 70.4554672241 -10.0058507919 0
2414 128.779693604 -9.4915971756 0
2415 133.468612671 19.6331005096 0
2416 131.594711304 -28.6220321655 0
2417 128.628067017 -5.4447426796 0
2418 70.9819793701 -21.5682888031 0
2419 130.645797729 -24.796918869 0
2420 70.768989563 -3.14906620979 0
2421 125.752372742 0.627795100212 0
2422 70.8649291992 4.14555263519 0
2423 126.572265625 9.34931182861 0
2424 131.553894043 15.4490995407 0
2425 71.1076126099 11.6561336517 0
2426 136.342651367 23.4592666626 0
2427 64.1004180908 -43.3886909485 0
2428 64.3264312744 23.8005695343 0
2429 135.599105835 -44.2469596863 0
2430 126.078598022 4.86744451523 0
2431 136.849395752 -53.0282287598 0
2432 63.2472190857 32.7283172607 0
2433 70.9553604126 -25.5759296417 0
2434 71.7909851074 -13.8317756653 0
2435 62.2082328796 -52.0369529724 0
2436 137.938919067 32.2583580017 0
2437 69.8793029785 -32.4437065125 0
2438 60.233089447 -61.5330047607 0
2439 74.2817382812 -19.6909408569 0
2440 126.212509155 -19.3325557709 0
2441 126.920074463 -23.4148578644 0
2442 127.165481567 -13.1124944687 0
2443 72.5274429321 -6.78764104843 0
2444 125.579490662 -3.37309288979 0
2445 129.071868896 -31.9498767853 0
2446 127.279060364 14.1419525146 0
2447 73.0006637573 7.74846744537 0
2448 72.7700042725 0.338308811188 0
2449 69.1371841431 15.647321701 0
2450 132.827896118 -40.2570266724 0
2451 66.9089431763 19.7071342468 0
2452 74.1699829102 -10.3597202301 0
2453 122.524093628 2.95069289207 0
2454 74.2709274292 -23.5230617523 0
2455 71.2925186157 -29.0667152405 0
2456 133.552261353 -48.9460258484 0
2457 66.4531860352 28.341627121 0
2458 128.280975342 19.60912323 0
2459 125.535324097 -7.1754026413 0
2460 127.722137451 -27.7216320038 0
2461 67.1399536133 -40.5932540894 0
2462 122.747901917 7.3879904747 0
2463 134.56942749 28.2980213165 0
2464 65.6452865601 -48.1263656616 0
2465 131.437133789 24.2103099823 0
2466 136.111846924 37.5066146851 0
2467 134.827102661 -58.2918205261 0
2468 65.525932312 37.8876228333 0
2469 123.191986084 -21.8444538116 0
2470 74.2915267944 -27.4586315155 0
2471 73.9001312256 -31.4577560425 0
2472 74.1647033691 -16.5120716095 0
2473 77.4534225464 -21.551618576 0
2474 75.9192428589 -13.7888011932 0
2475 74.5815582275 -3.4217941761 0
2476 125.42073822 -10.3812875748 0
2477 122.395385742 -1.22175264359 0
2478 130.738082886 -36.0687141418 0
2479 75.3153610229 11.3430366516 0
2480 74.8696517944 3.86485338211 0
2481 122.37878418 -5.1932144165 0
2482 64.8049240112 15.6606044769 0
2483 73.4803237915 15.3795156479 0
2484 123.01600647 12.1521596909 0
2485 76.2986831665 -7.05781316757 0
2486 125.620849609 -15.9386558533 0
2487 68.3077926636 -36.7360649109 0
2488 69.1652526855 23.9097175598 0
2489 68.7667694092 -44.3307266235 0
2490 130.489685059 -44.7711143494 0
2491 123.753257751 -26.1927108765 0
2492 67.5120010376 -53.0596961975 0
2493 123.578529358 17.1281070709 0
2494 129.419281006 29.1143035889 0
2495 131.386886597 -53.8999671936 0
2496 68.9325561523 33.0841827393 0
2497 119.100440979 5.20459747314 0
2498 124.309143066 -31.4068088531 0
2499 139.879974365 41.7412033081 0
2500 132.633422852 33.3162460327 0
2501 61.654914856 42.5372123718 0
2502 138.631454468 -62.7421684265 0
2503 123.173652649 -13.1181793213 0
2504 78.0018997192 -10.5514850616 0
2505 122.522926331 -9.03567695618 0
2506 77.5842666626 -25.4643192291 0
2507 119.103363037 -3.17814064026 0
2508 135.153717041 -36.1270751953 0
2509 77.1178359985 7.39287471771 0
2510 77.8313827515 14.9608507156 0
2511 76.6829605103 0.0164567679167 0
2512 120.027603149 -24.2710533142 0
2513 119.082893372 0.92735683918 0
2514 71.4644241333 19.5697479248 0
2515 127.330558777 -40.1163711548 0
2516 78.4185180664 -3.72270679474 0
2517 126.763206482 -35.3201332092 0
2518 119.048873901 9.78173160553 0
2519 128.244873047 -49.5576248169 0
2520 71.2570495605 -40.3124351501 0
2521 71.7197647095 28.2824211121 0
2522 127.187889099 34.0833244324 0
2523 126.489341736 24.8319072723 0
2524 122.289596558 -17.5982646942 0
2525 64.0119628906 -57.2728347778 0
2526 70.7522888184 -48.8958778381 0
2527 77.5912322998 -29.6356430054 0
2528 77.6238861084 -17.5462112427 0
2529 118.704292297 15.0326795578 0
2530 130.530273438 38.5448379517 0
2531 71.8237533569 38.1590080261 0
2532 129.041305542 -59.0870895386 0
2533 138.08354187 47.6038627625 0
2534 119.783592224 -14.7025136948 0
2535 79.7541656494 -14.0213718414 0
2536 80.6213760376 -23.3254299164 0
2537 80.1065597534 -7.29333400726 0
2538 119.205230713 -7.19107723236 0
2539 80.1091003418 -20.108045578 0
2540 120.265007019 -28.7135677338 0
2541 79.5510864258 10.9125881195 0
2542 119.965644836 -20.666387558 0
2543 78.8888778687 3.48471355438 0
2544 115.62550354 2.99069881439 0
2545 115.731315613 -1.15873599052 0
2546 76.0361557007 19.193731308 0
2547 77.2881469727 -34.2082443237 0
2548 115.462234497 7.27163028717 0
2549 120.025909424 20.2029571533 0
2550 73.7084274292 -44.6026306152 0
2551 125.340431213 -45.3073234558 0
2552 80.6078567505 -0.342092752457 0
2553 72.9143829346 -53.8259391785 0
2554 125.81880188 -54.4405555725 0
2555 74.6783370972 32.8121795654 0
2556 72.8866195679 -35.8126182556 0
2557 124.032058716 29.4759197235 0
2558 124.8335495 39.3099327087 0
2559 69.5817184448 -58.272644043 0
2560 81.0167694092 -27.3691692352 0
2561 122.343788147 -36.9756317139 0
2562 134.139221191 43.0374946594 0
2563 65.9602279663 -62.7853240967 0
2564 83.1469497681 -20.9113750458 0
2565 116.275665283 -22.0128631592 0
2566 119.429893494 -11.2075147629 0
2567 81.8185348511 -10.7654218674 0
2568 118.035522461 -17.8260860443 0
2569 82.2718048096 -4.01300430298 0
2570 81.6065444946 -17.4470043182 0
2571 115.831214905 -5.23360347748 0
2572 81.2448883057 6.94654655457 0
2573 112.036331177 4.9242067337 0
2574 80.5694351196 18.6371021271 0
2575 82.1982803345 14.4305143356 0
2576 74.0321807861 23.6378707886 0
2577 81.2228164673 -31.8560142517 0
2578 76.6540145874 -39.6915550232 0
2579 122.912574768 -49.9149360657 0
2580 112.261138916 0.78974545002 0
2581 123.999328613 21.3375701904 0
2582 115.482192993 18.9584331512 0
2583 84.0739440918 -24.8531513214 0
2584 116.64491272 -26.5994338989 0
2585 121.512405396 24.8127326965 0
2586 82.911529541 3.05390644073 0
2587 75.2455978394 -59.0122680664 0
2588 120.051055908 -32.8450889587 0
2589 75.9790267944 -49.3788032532 0
2590 83.6206588745 -14.2936162949 0
2591 86.8630599976 -22.0602169037 0
2592 115.865257263 -13.9263725281 0
2593 83.9331283569 -7.53974628448 0
2594 115.87677002 -9.34461593628 0
2595 113.458709717 -24.98869133 0
2596 84.5356063843 -0.71031922102 0
2597 111.715324402 9.12975978851 0
2598 112.424118042 -3.26677894592 0
2599 83.7899093628 10.3773832321 0
2600 85.0802078247 17.9535083771 0
2601 115.124710083 11.6307849884 0
2602 116.599258423 -30.9973335266 0
2603 108.697166443 2.63550853729 0
2604 78.8553466797 23.1002826691 0
2605 85.3710327148 6.42073202133 0
2606 84.7172088623 -29.2292442322 0
2607 116.54914093 -36.0873222351 0
2608 120.401771545 -45.5734710693 0
2609 81.2633285522 -36.776714325 0
2610 85.4385681152 -18.026102066 0
2611 78.785484314 -44.9193344116 0
2612 120.217781067 -54.6623878479 0
2613 117.765296936 29.3401508331 0
2614 113.896209717 -18.1975154877 0
2615 71.8048019409 -63.7580413818 0
2616 116.494194031 23.6680774689 0
2617 78.3961334229 -54.3174171448 0
2618 121.451004028 34.5125999451 0
2619 85.6737518311 -11.038277626 0
2620 86.1373214722 -4.30898857117 0
2621 112.475585938 -7.25226306915 0
2622 113.045593262 -28.6784267426 0
2623 111.28289032 13.3314561844 0
2624 108.979171753 -1.38802468777 0
2625 87.6226425171 -14.6800899506 0
2626 108.282325745 6.76452302933 0
2627 86.9355392456 2.56766963005 0
2628 86.5638809204 13.7662639618 0
2629 88.0503463745 9.70569419861 0
2630 87.8372268677 -26.4019317627 0
2631 122.779846191 -41.8162155151 0
2632 83.5609970093 22.3503303528 0
2633 76.9357528687 27.8120441437 0
2634 115.682235718 35.0038719177 0
2635 114.363822937 15.3079500198 0
2636 112.272018433 -11.2412633896 0
2637 111.774543762 22.0309257507 0
2638 85.2331314087 -34.0578193665 0
2639 117.621833801 -49.9407958984 0
2640 111.45451355 -15.0749368668 0
2641 81.2448883057 -49.6368141174 0
2642 90.0046768188 -18.9434890747 0
2643 123.182556152 -59.5239639282 0
2644 80.9900970459 -59.4556617737 0
2645 118.994972229 39.8294525146 0
2646 81.2568435669 -41.2098426819 0
2647 77.7490692139 -64.434463501 0
2648 132.060424805 48.8951835632 0
2649 89.6187591553 -11.2275285721 0
2650 108.61743927 -12.6781291962 0
2651 87.8029098511 -7.78437614441 0
2652 90.753616333 -23.6019153595 0
2653 109.159484863 -5.31543445587 0
2654 109.374031067 -25.8385276794 0
2655 105.453697205 0.40334430337 0
2656 88.4686584473 -1.13383710384 0
2657 112.702056885 -33.037940979 0
2658 90.9997787476 12.8820819855 0
2659 104.90763092 4.44498443604 0
2660 85.8074264526 -39.7124061584 0
2661 109.820861816 -18.5084247589 0
2662 107.730964661 11.0191469193 0
2663 89.5361633301 5.73989582062 0
2664 89.6327972412 17.0963535309 0
2665 109.151771545 -9.08497524261 0
2666 88.1813201904 21.4535617828 0
2667 118.496879578 -41.074672699 0
2668 81.9934616089 26.9764556885 0
2669 88.7361602783 -30.9862155914 0
2670 113.080413818 40.0237464905 0
2671 115.424621582 -45.2937431335 0
2672 112.460426331 31.1622676849 0
2673 114.566017151 -54.579460144 0
2674 83.7537078857 -44.9728012085 0
2675 91.9320220947 -14.7784156799 0
2676 128.305007935 44.0608215332 0
2677 83.9300460815 -54.5397987366 0
2678 91.641242981 -7.98308897018 0
2679 106.286247253 -10.6035718918 0
2680 90.0092926025 -4.64693641663 0
2681 108.059936523 -15.7545852661 0
2682 101.687416077 2.11075806618 0
2683 105.797149658 -3.53380060196 0
2684 111.743034363 -21.8865737915 0
2685 109.071426392 -30.5604038239 0
2686 94.2463226318 15.9867668152 0
2687 104.207008362 8.60049819946 0
2688 106.053375244 -7.33527183533 0
2689 90.971496582 1.89954972267 0
2690 107.172851562 15.4774284363 0
2691 92.390625 8.76854896545 0
2692 94.5842285156 -18.2737598419 0
2693 113.465354919 -40.6863174438 0
2694 91.8848953247 -27.9318637848 0
2695 92.8706207275 20.3801383972 0
2696 86.7057723999 25.8478736877 0
2697 93.6484222412 -11.214756012 0
2698 80.3218002319 31.9345684052 0
2699 89.723197937 -35.9111633301 0
2700 112.227684021 -49.65650177 0
2701 117.283081055 -59.6424446106 0
2702 86.5776596069 -49.6192626953 0
2703 93.6817092896 -5.0703701973 0
2704 103.120773315 -9.66179180145 0
2705 105.971733093 -18.2406902313 0
2706 94.7100219727 -25.0098457336 0
2707 95.3146591187 -8.09690093994 0
2708 96.5710372925 -14.3866977692 0
2709 102.280502319 -1.82102417946 0
2710 92.3418045044 -1.74430418015 0
2711 100.862586975 6.11730909348 0
2712 93.7044143677 4.77955961227 0
2713 102.628219604 -5.72281646729 0
2714 95.5221862793 11.6896247864 0
2715 105.311203003 -28.3373031616 0
2716 97.680770874 19.0387477875 0
2717 111.137702942 17.6107387543 0
2718 103.417869568 12.9091939926 0
2719 108.536216736 -34.9109687805 0
2720 85.6862640381 30.489938736 0
2721 91.3446121216 24.7685756683 0
2722 110.162261963 -44.8640861511 0
2723 93.1844558716 -32.5474777222 0
2724 107.602958679 -21.7140216827 0
2725 88.9091262817 -44.6471710205 0
2726 90.7583999634 -40.378036499 0
2727 93.469543457 -21.5420131683 0
2728 89.6141738892 -54.45495224 0
2729 104.334785461 -14.0554351807 0
2730 108.705764771 -54.2020339966 0
2731 103.774040222 -21.1007328033 0
2732 97.419418335 -21.8654212952 0
2733 96.7062835693 -5.53629016876 0
2734 95.9429702759 -2.58378481865 0
2735 99.154510498 -7.98369455338 0
2736 96.95362854 -10.7580699921 0
2737 98.6471481323 -0.267111778259 0
2738 94.6784744263 -43.7578811646 0
2739 97.7443847656 3.5612347126 0
2740 98.6175003052 -18.0821323395 0
2741 94.892036438 0.940857231617 0
2742 99.9264450073 10.2539644241 0
2743 96.6917724609 7.52837324142 0
2744 104.963386536 -32.402053833 0
2745 98.8927078247 14.5579986572 0
2746 102.535972595 17.4377384186 0
2747 106.703529358 20.583316803 0
2748 96.2259674072 -29.1760997772 0
2749 96.3241577148 23.6019229889 0
2750 102.268814087 -17.9043464661 0
2751 94.900062561 -37.7336654663 0
2752 89.8343658447 28.614282608 0
2753 104.943336487 -24.5014019012 0
2754 107.987709045 -39.8832054138 0
2755 84.5091934204 35.8554878235 0
2756 106.757080078 -49.107749939 0
2757 92.1746444702 -49.2490501404 0
2758 111.327728271 -59.5079841614 0
2759 100.076980591 -12.0370464325 0
2760 100.672775269 -20.4850215912 0
2761 102.272735596 -26.4742698669 0
2762 99.2266082764 -3.98578691483 0
2763 98.8228683472 -26.0050430298 0
2764 97.7916564941 -33.4526863098 0
2765 100.993347168 -29.9769706726 0
2766 104.237342834 -36.5123672485 0
2767 100.373825073 -15.2931318283 0
2768 111.848098755 -36.9211502075 0
2769 101.359359741 22.0507526398 0
2770 94.6558837891 28.3868789673 0
2771 91.1905593872 33.5303688049 0
2772 108.375259399 24.7456130981 0
2773 104.966911316 -44.5146942139 0
2774 78.2426605225 37.454410553 0
2775 102.168319702 -53.2504844666 0
2776 95.5673522949 -54.0830764771 0
2777 101.317527771 -23.4053153992 0
2778 101.566917419 -33.9158935547 0
2779 102.57522583 -40.5717315674 0
2780 112.227043152 26.7639465332 0
2781 104.647323608 24.7813873291 0
2782 100.435279846 26.8978500366 0
2783 89.1523742676 39.980796814 0
2784 102.341789246 -48.0480422974 0
2785 105.212753296 -59.230682373 0
2786 97.830909729 -48.8124656677 0
2787 92.7959899902 -59.4785232544 0
2788 82.685798645 41.9102134705 0
2789 116.216018677 45.1848220825 0
2790 109.991142273 35.1374282837 0
2791 99.9044723511 -37.1641349792 0
2792 86.8293762207 -59.5940742493 0
2793 106.521118164 29.7071247101 0
2794 100.124824524 -44.4172134399 0
2795 99.2358932495 33.0326385498 0
2796 87.6577224731 46.0804252625 0
2797 95.5562362671 38.6952133179 0
2798 89.8579406738 -64.8783187866 0
2799 107.184745789 39.7677879333 0
2800 98.9644393921 -59.2244796753 0
2801 108.108894348 -64.781463623 0
2802 68.0158081055 -68.6411895752 0
2803 68.1877593994 43.4256706238 0
2804 125.902893066 49.8470878601 0
2805 122.335441589 44.7828826904 0
2806 132.60925293 -63.8168945312 0
2807 83.775062561 -64.801071167 0
2808 93.7683258057 44.1774024963 0
2809 75.5781555176 44.0884628296 0
2810 98.4366149902 -40.7289276123 0
2811 104.888893127 35.3055458069 0
2812 56.1008224487 -65.8833618164 0
2813 120.319519043 -64.8443222046 0
2814 81.459602356 48.1415863037 0
2815 61.9524726868 -67.4267120361 0
2816 126.487998962 -64.5108032227 0
2817 95.9473342896 -64.8086853027 0
2818 114.198760986 -64.9110107422 0
2819 109.759803772 45.1354560852 0
2820 34.5833053589 -63.7726249695 0
2821 23.6311092377 -58.8554496765 0
2822 187.121856689 26.4886283875 0
2823 57.4777603149 47.2368774414 0
2824 183.491653442 43.3559799194 0
2825 142.821258545 -67.2891464233 0
2826 74.2165298462 -69.5401229858 0
2827 193.062683105 15.1479721069 0
2828 6.96029186249 -35.1205406189 0
2829 165.585571289 44.1061096191 0
2830 40.6441726685 47.4330291748 0
2831 159.408615112 -67.5083694458 0
2832 148.481842041 50.3725471497 0
2833 154.327896118 48.3948478699 0
2834 45.7681541443 -68.2631988525 0
2835 177.017272949 46.3743934631 0
2836 46.4943275452 49.7090568542 0
2837 153.584503174 -69.7607345581 0
2838 142.525695801 52.2277908325 0
2839 13.2398328781 -52.715133667 0
2840 29.8077163696 48.6550102234 0
2841 170.250198364 -68.8389053345 0
2842 136.336181641 53.8716392517 0
2843 6.7284784317 -43.2076263428 0
2844 7.06873178482 -20.1783504486 0
2845 192.936569214 0.189445838332 0
2846 14.5436477661 34.9545135498 0
2847 186.713851929 -55.2328224182 0
2848 187.076766968 32.4748535156 0
2849 17.7396202087 41.8074378967 0
2850 180.104660034 -62.7534294128 0
2851 102.033973694 -64.7596817017 0
2852 177.198974609 12.3161067963 0
2853 22.8188228607 -32.2912216187 0
2854 8.19458961487 -97.9654312134 0
2855 8.04358673096 -88.2230529785 0
2856 8.16743278503 77.9834365845 0
2857 191.840698242 68.1093292236 0
2858 191.747848511 77.9228897095 0
2859 191.816452026 -98.0011062622 0
2860 8.7087726593 41.2958259583 0
2861 192.781234741 -60.2574195862 0
2862 193.061828613 31.0388050079 0
2863 7.56191682816 -79.016708374 0
2864 191.014846802 -69.3907546997 0
2865 7.57915115356 50.3836898804 0
2866 7.11479139328 -51.2504730225 0
2867 190.665618896 49.5811271667 0
2868 7.57665395737 -70.2760620117 0
2869 9.71031093597 -60.4121742249 0
2870 191.000427246 39.2808570862 0
2871 192.03024292 58.9658317566 0
2872 7.43567085266 32.2078170776 0
2873 193.133071899 -52.1108436584 0
2874 191.954162598 -79.1763076782 0
2875 7.72529172897 59.1019477844 0
2876 193.339889526 23.1923446655 0
2877 8.05676746368 68.3225860596 0
2878 191.862411499 -88.3919067383 0
2879 68.1551513672 82.4618911743 0
2880 131.661392212 -102.489639282 0
2881 131.803863525 82.4720306396 0
2882 68.2027664185 -102.453384399 0
2883 22.7719955444 -102.121994019 0
2884 177.197845459 82.0877304077 0
2885 59.089138031 82.4571762085 0
2886 22.7146110535 82.1399459839 0
2887 140.74772644 -102.423690796 0
2888 177.278915405 -102.153579712 0
2889 113.608070374 -102.507728577 0
2890 31.8544998169 -102.256240845 0
2891 159.05267334 82.3777313232 0
2892 40.9670753479 -102.379562378 0
2893 149.954437256 82.4344100952 0
2894 59.132183075 -102.435791016 0
2895 77.1964111328 82.4628982544 0
2896 122.606964111 -102.560523987 0
2897 40.918006897 82.3319702148 0
2898 159.071838379 -102.322265625 0
2899 31.7967281342 82.2325668335 0
2900 168.200454712 -102.236282349 0
2901 50.0309486389 82.4072952271 0
2902 149.891738892 -102.361404419 0
2903 168.114959717 82.2519760132 0
2904 140.863983154 82.4473571777 0
2905 50.0649833679 -102.435005188 0
2906 113.767341614 82.4397506714 0
2907 77.2786026001 -102.49634552 0
2908 104.545066833 -102.501792908 0
2909 122.805755615 82.522644043 0
2910 104.678024292 82.3621826172 0
2911 95.4734344482 -102.49848175 0
2912 86.2741699219 82.4530792236 0
2913 95.4721984863 82.3977966309 0
2914 86.3750991821 -102.50933075 0
2915 164.857559204 50.3890762329 0
2916 35.0254478455 -70.0241775513 0
2917 18.1333007812 -62.9666519165 0
2918 98.6546630859 42.7037620544 0
2919 104.961303711 -70.2946472168 0
2920 92.8426742554 50.0716018677 0
2921 92.8579177856 -70.3667831421 0
2922 86.692024231 -70.2776641846 0
2923 119.53578186 50.4458198547 0
2924 63.7188835144 -73.6948776245 0
2925 29.5855293274 -67.4963760376 0
2926 64.1679382324 48.5234718323 0
2927 136.580108643 -68.6129150391 0
2928 111.029281616 -70.3640518188 0
2929 117.318878174 -70.392791748 0
2930 70.2990341187 -74.8722000122 0
2931 103.549415588 44.1621780396 0
2932 51.5681686401 -70.2599487305 0
2933 86.6612472534 52.2794342041 0
2934 182.688400269 50.0158996582 0
2935 112.839576721 50.8183021545 0
2936 130.230056763 -69.5590362549 0
2937 153.348342896 54.7611579895 0
2938 41.4983253479 53.902141571 0
2939 57.4977111816 -72.0823287964 0
2940 40.7577209473 -72.3958358765 0
2941 159.219558716 52.5743331909 0
2942 158.567459106 -73.9401702881 0
2943 80.487953186 -70.0309829712 0
2944 35.6021080017 51.4328155518 0
2945 164.460479736 -71.5240020752 0
2946 52.7870445251 52.0474281311 0
2947 147.456619263 -71.9581451416 0
2948 24.2020015717 -65.1739120483 0
2949 182.179824829 -68.2260284424 0
2950 18.9861698151 48.4579429626 0
2951 123.802894592 -70.1546478271 0
2952 76.4242324829 50.1779136658 0
2953 147.337081909 56.6425056458 0
2954 24.0127487183 53.0308570862 0
2955 176.114334106 -73.3231735229 0
2956 129.792007446 55.1079063416 0
2957 141.240905762 58.7497062683 0
2958 98.9316635132 -70.3352127075 0
2959 170.815551758 48.7297706604 0
2960 184.079833984 -75.6475296021 0
2961 15.6337594986 -83.0510253906 0
2962 184.082214355 62.81457901 0
2963 13.8870172501 -67.563949585 0
2964 185.27130127 55.3613128662 0
2965 15.5144720078 54.4861412048 0
2966 15.5057983398 63.5731010437 0
2967 14.4767827988 -74.4251022339 0
2968 184.343887329 -83.8823623657 0
2969 184.947555542 -102.762413025 0
2970 15.0418930054 82.744430542 0
2971 154.313598633 74.8690261841 0
2972 163.494155884 -94.4697036743 0
2973 144.987609863 -94.685760498 0
2974 172.396743774 74.2570266724 0
2975 136.230148315 74.9248199463 0
2976 63.5101051331 75.0507354736 0
2977 63.7887802124 -94.8881835938 0
2978 15.0839929581 -102.715484619 0
2979 27.5073394775 -94.35987854 0
2980 36.4923324585 74.4773712158 0
2981 72.8065338135 -95.1055831909 0
2982 90.9608612061 -95.0366363525 0
2983 109.640228271 74.5849838257 0
2984 100.045089722 -95.0448760986 0
2985 90.7210845947 74.7638473511 0
2986 117.923576355 -95.3331756592 0
2987 126.692314148 -95.290725708 0
2988 135.678695679 -94.8888015747 0
2989 109.046264648 -95.133605957 0
2990 184.880462646 82.6725769043 0
2991 36.6671714783 -94.7034912109 0
2992 72.3951034546 75.0664596558 0
2993 27.2592048645 74.2755508423 0
2994 54.5915756226 74.9747009277 0
2995 45.6451835632 74.6886367798 0
2996 45.7208175659 -94.8513717651 0
2997 54.7589492798 -94.8660736084 0
2998 127.332542419 75.1924514771 0
2999 118.629699707 75.1286315918 0
3000 81.4184799194 74.8754577637 0
3001 100.214042664 74.4505615234 0
3002 81.8451690674 -95.0508270264 0
3003 163.277206421 74.6706237793 0
3004 145.267791748 74.8899688721 0
3005 172.730987549 -94.3139953613 0
3006 154.230712891 -94.585357666 0
3007 182.786407471 -93.7131881714 0
3008 17.1716003418 73.6275253296 0
3009 17.3381786346 -93.501739502 0
3010 182.538772583 73.3651733398 0
3011 13.7056369781 47.2862052917 0
3012 101.896255493 -75.7158889771 0
3013 169.265930176 54.2766571045 0
3014 107.818862915 -75.7410202026 0
3015 29.6211967468 -73.6970748901 0
3016 116.353942871 56.2671432495 0
3017 98.7572479248 47.6400260925 0
3018 164.175582886 56.4503746033 0
3019 89.6053390503 -75.694770813 0
3020 35.5155334473 -76.2726516724 0
3021 164.053741455 -78.9871063232 0
3022 35.9904785156 58.9315299988 0
3023 65.6701812744 -80.5092315674 0
3024 52.7150306702 -76.5138092041 0
3025 70.9311447144 49.3418731689 0
3026 83.4890594482 -75.5360641479 0
3027 105.165794373 50.8760604858 0
3028 59.8382492065 53.8978805542 0
3029 140.975158691 -73.4993896484 0
3030 114.134277344 -76.0288772583 0
3031 92.0728607178 56.2295265198 0
3032 80.5292892456 54.1759796143 0
3033 30.6631336212 54.3961677551 0
3034 169.404266357 -74.5512924194 0
3035 58.8074989319 -78.6231613159 0
3036 46.6687774658 -74.6033096313 0
3037 77.0567169189 -75.4435882568 0
3038 47.5065803528 56.1662368774 0
3039 152.602294922 -76.0638275146 0
3040 158.525436401 59.010848999 0
3041 134.470077515 -74.5383682251 0
3042 123.041732788 55.8537101746 0
3043 25.1220149994 -70.6020431519 0
3044 95.7794570923 -75.850189209 0
3045 120.944847107 -76.0089645386 0
3046 152.254898071 61.250125885 0
3047 127.865531921 -75.5096130371 0
3048 176.785903931 55.442943573 0
3049 134.40246582 60.657661438 0
3050 146.215499878 62.2613143921 0
3051 185.616943359 -62.2255859375 0
3052 22.6745262146 -76.8600158691 0
3053 175.433517456 65.5941314697 0
3054 24.3007507324 -85.9648895264 0
3055 101.511642456 38.944519043 0
3056 123.192199707 68.2362518311 0
3057 115.009178162 67.7676773071 0
3058 68.6751022339 -87.7624359131 0
3059 85.6371231079 66.5913314819 0
3060 77.2718200684 -87.9600982666 0
3061 76.198387146 67.6844100952 0
3062 95.167930603 67.2273483276 0
3063 105.483345032 65.0751724243 0
3064 104.634368896 -87.1283569336 0
3065 86.4360656738 -87.0382232666 0
3066 95.5769882202 -87.872756958 0
3067 113.558425903 -88.2806472778 0
3068 121.860313416 -88.4684448242 0
3069 131.457565308 67.8947906494 0
3070 130.278640747 -87.9773788452 0
3071 140.630218506 66.7525482178 0
3072 50.3653526306 67.587677002 0
3073 149.531799316 67.814125061 0
3074 139.662200928 -86.3319168091 0
3075 67.5727996826 67.9029922485 0
3076 58.9111404419 67.7205657959 0
3077 149.348220825 -87.1969528198 0
3078 59.4311294556 -86.6734390259 0
3079 41.5058364868 66.2744979858 0
3080 158.452026367 -86.1946487427 0
3081 50.5071754456 -87.7767868042 0
3082 167.899703979 -86.7559509277 0
3083 32.1009941101 66.7071914673 0
3084 41.5551338196 -86.7233886719 0
3085 158.400421143 66.7240982056 0
3086 32.7178344727 -87.3853988647 0
3087 167.10874939 67.2620849609 0
3088 178.641067505 -79.8846664429 0
3089 21.2782249451 59.474861145 0
3090 176.424102783 -86.438911438 0
3091 23.5364074707 66.2648086548 0
3092 104.766792297 -80.3356628418 0
3093 119.639945984 61.8878479004 0
3094 74.1858139038 55.0363845825 0
3095 169.398864746 60.1789894104 0
3096 30.1727333069 -80.3707580566 0
3097 110.413543701 -81.5919876099 0
3098 98.2960739136 53.7874298096 0
3099 85.8332366943 58.642414093 0
3100 67.2490844727 54.7974433899 0
3101 47.7858657837 -81.1306991577 0
3102 163.52180481 61.9252815247 0
3103 86.4793167114 -80.2228546143 0
3104 126.92098999 61.6063613892 0
3105 109.408218384 57.0216255188 0
3106 41.414932251 -78.8617324829 0
3107 92.1731872559 -81.3600006104 0
3108 54.2639961243 60.0247116089 0
3109 145.929962158 -79.4021377563 0
3110 42.7534866333 59.4347839355 0
3111 157.286636353 -79.3875198364 0
3112 53.8493423462 -82.1435775757 0
3113 73.2692260742 -81.3142471313 0
3114 80.6670379639 -81.2525100708 0
3115 117.67375946 -82.0373840332 0
3116 132.685852051 -80.8692550659 0
3117 138.744644165 -78.9282150269 0
3118 125.218154907 -81.8118438721 0
3119 172.089538574 -79.9901809692 0
3120 27.9303302765 59.8009033203 0
3121 71.206993103 61.1489830017 0
3122 63.1737098694 60.9154281616 0
3123 97.5935211182 60.2920684814 0
3124 19.7492733002 -69.5986099243 0
3125 91.2609329224 61.7965354919 0
3126 103.18939209 57.4104728699 0
3127 78.9318084717 60.546585083 0
3128 113.178924561 61.60389328 0
3129 47.2790489197 61.8975791931 0
3130 152.723831177 -81.649017334 0
3131 99.137840271 -81.3771438599 0
3132 36.2752342224 -81.9227828979 0
3133 200 81.1363601685 47.0588226318
3134 200 72.2727279663 47.0588226318
3135 200 63.4090919495 47.0588226318
3136 200 54.5454559326 47.0588226318
3137 200 45.6818199158 47.0588226318
3138 200 36.8181800842 47.0588226318
3139 200 27.9545459747 47.0588226318
3140 200 19.0909099579 47.0588226318
3141 200 10.2272729874 47.0588226318
3142 200 1.36363637447 47.0588226318
3143 200 81.1363601685 44.1176452637
3144 200 72.2727279663 44.1176452637
3145 200 63.4090919495 44.1176452637
3146 200 54.5454559326 44.1176452637
3147 200 45.6818199158 44.1176452637
3148 200 36.8181800842 44.1176452637
3149 200 27.9545459747 44.1176452637
3150 200 19.0909099579 44.1176452637
3151 200 10.2272729874 44.1176452637
3152 200 1.36363637447 44.1176452637
3153 200 81.1363601685 41.1764717102
3154 200 72.2727279663 41.1764717102
3155 200 63.4090919495 41.1764717102
3156 200 54.5454559326 41.1764717102
3157 200 45.6818199158 41.1764717102
3158 200 36.8181800842 41.1764717102
3159 200 27.9545459747 41.1764717102
3160 200 19.0909099579 41.1764717102
3161 200 10.2272729874 41.1764717102
3162 200 1.36363637447 41.1764717102
3163 200 81.1363601685 38.235294342
3164 200 72.2727279663 38.235294342
3165 200 63.4090919495 38.235294342
3166 200 54.5454559326 38.235294342
3167 200 45.6818199158 38.235294342
3168 200 36.8181800842 38.235294342
3169 200 27.9545459747 38.235294342
3170 200 19.0909099579 38.235294342
3171 200 10.2272729874 38.235294342
3172 200 1.36363637447 38.235294342
3173 200 81.1363601685 35.2941169739
3174 200 72.2727279663 35.2941169739
3175 200 63.4090919495 35.2941169739
3176 200 54.5454559326 35.2941169739
3177 200 45.6818199158 35.2941169739
3178 200 36.8181800842 35.2941169739
3179 200 27.9545459747 35.2941169739
3180 200 19.0909099579 35.2941169739
3181 200 10.2272729874 35.2941169739
3182 200 1.36363637447 35.2941169739
3183 200 81.1363601685 32.3529396057
3184 200 72.2727279663 32.3529396057
3185 200 63.4090919495 32.3529396057
3186 200 54.5454559326 32.3529396057
3187 200 45.6818199158 32.3529396057
3188 200 36.8181800842 32.3529396057
3189 200 27.9545459747 32.3529396057
3190 200 19.0909099579 32.3529396057
3191 200 10.2272729874 32.3529396057
3192 200 1.36363637447 32.3529396057
3193 200 81.1363601685 29.4117641449
3194 200 72.2727279663 29.4117641449
3195 200 63.4090919495 29.4117641449
3196 200 54.5454559326 29.4117641449
3197 200 45.6818199158 29.4117641449
3198 200 36.8181800842 29.4117641449
3199 200 27.9545459747 29.4117641449
3200 200 19.0909099579 29.4117641449
3201 200 10.2272729874 29.4117641449
3202 200 1.36363637447 29.4117641449
3203 200 81.1363601685 26.4705886841
3204 200 72.2727279663 26.4705886841
3205 200 63.4090919495 26.4705886841
3206 200 54.5454559326 26.4705886841
3207 200 45.6818199158 26.4705886841
3208 200 36.8181800842 26.4705886841
3209 200 27.9545459747 26.4705886841
3210 200 19.0909099579 26.4705886841
3211 200 10.2272729874 26.4705886841
3212 200 1.36363637447 26.4705886841
3213 200 81.1363601685 23.5294113159
3214 200 72.2727279663 23.5294113159
3215 200 63.4090919495 23.5294113159
3216 200 54.5454559326 23.5294113159
3217 200 45.6818199158 23.5294113159
3218 200 36.8181800842 23.5294113159
3219 200 27.9545459747 23.5294113159
3220 200 19.0909099579 23.5294113159
3221 200 10.2272729874 23.5294113159
3222 200 1.36363637447 23.5294113159
3223 200 81.1363601685 20.5882358551
3224 200 72.2727279663 20.5882358551
3225 200 63.4090919495 20.5882358551
3226 200 54.5454559326 20.5882358551
3227 200 45.6818199158 20.5882358551
3228 200 36.8181800842 20.5882358551
3229 200 27.9545459747 20.5882358551
3230 200 19.0909099579 20.5882358551
3231 200 10.2272729874 20.5882358551
3232 200 1.36363637447 20.5882358551
3233 200 81.1363601685 17.6470584869
3234 200 72.2727279663 17.6470584869
3235 200 63.4090919495 17.6470584869
3236 200 54.5454559326 17.6470584869
3237 200 45.6818199158 17.6470584869
3238 200 36.8181800842 17.6470584869
3239 200 27.9545459747 17.6470584869
3240 200 19.0909099579 17.6470584869
3241 200 10.2272729874 17.6470584869
3242 200 1.36363637447 17.6470584869
3243 200 81.1363601685 14.7058820724
3244 200 72.2727279663 14.7058820724
3245 200 63.4090919495 14.7058820724
3246 200 54.5454559326 14.7058820724
3247 200 45.6818199158 14.7058820724
3248 200 36.8181800842 14.7058820724
3249 200 27.9545459747 14.7058820724
3250 200 19.0909099579 14.7058820724
3251 200 10.2272729874 14.7058820724
3252 200 1.36363637447 14.7058820724
3253 200 81.1363601685 11.764705658
3254 200 72.2727279663 11.764705658
3255 200 63.4090919495 11.764705658
3256 200 54.5454559326 11.764705658
3257 200 45.6818199158 11.764705658
3258 200 36.8181800842 11.764705658
3259 200 27.9545459747 11.764705658
3260 200 19.0909099579 11.764705658
3261 200 10.2272729874 11.764705658
3262 200 1.36363637447 11.764705658
3263 200 81.1363601685 8.82352924347
3264 200 72.2727279663 8.82352924347
3265 200 63.4090919495 8.82352924347
3266 200 54.5454559326 8.82352924347
3267 200 45.6818199158 8.82352924347
3268 200 36.8181800842 8.82352924347
3269 200 27.9545459747 8.82352924347
3270 200 19.0909099579 8.82352924347
3271 200 10.2272729874 8.82352924347
3272 200 1.36363637447 8.82352924347
3273 200 81.1363601685 5.88235282898
3274 200 72.2727279663 5.88235282898
3275 200 63.4090919495 5.88235282898
3276 200 54.5454559326 5.88235282898
3277 200 45.6818199158 5.88235282898
3278 200 36.8181800842 5.88235282898
3279 200 27.9545459747 5.88235282898
3280 200 19.0909099579 5.88235282898
3281 200 10.2272729874 5.88235282898
3282 200 1.36363637447 5.88235282898
3283 200 81.1363601685 2.94117641449
3284 200 72.2727279663 2.94117641449
3285 200 63.4090919495 2.94117641449
3286 200 54.5454559326 2.94117641449
3287 200 45.6818199158 2.94117641449
3288 200 36.8181800842 2.94117641449
3289 200 27.9545459747 2.94117641449
3290 200 19.0909099579 2.94117641449
3291 200 10.2272729874 2.94117641449
3292 200 1.36363637447 2.94117641449
3293 27.1814937592 -8.63329029083 50
3294 172.820404053 -11.366361618 50
3295 172.822967529 -8.63677215576 50
3296 27.1792736053 -11.3643598557 50
3297 3.78996086121 -15.8823051453 50
3298 7.17322397232 -15.6121826172 50
3299 196.209991455 -4.11766386032 50
3300 192.826705933 -4.38776874542 50
3301 29.5801143646 -9.99315834045 50
3302 170.426742554 -10.0079498291 50
3303 173.320632935 -14.1536331177 50
3304 173.281082153 -5.83718967438 50
3305 26.680973053 -5.84456825256 50
3306 26.7209243774 -14.1654243469 50
3307 23.7442531586 -14.9477987289 50
3308 176.256134033 -5.05326890945 50
3309 10.2786073685 -16.3807239532 50
3310 14.0201349258 -16.0308532715 50
3311 17.3177528381 -15.5414113998 50
3312 20.5391483307 -15.3153934479 50
3313 176.411270142 -14.9160308838 50
3314 179.838623047 -15.1691160202 50
3315 182.781997681 -14.8194503784 50
3316 185.844299316 -15.736073494 50
3317 190.4324646 -15.7701997757 50
3318 194.808807373 -16.4490661621 50
3319 189.721252441 -3.61922192574 50
3320 185.979736328 -3.96913170815 50
3321 182.682174683 -4.45869159698 50
3322 179.460845947 -4.68501091003 50
3323 23.5888900757 -5.08276987076 50
3324 20.1610279083 -4.83010101318 50
3325 17.2175884247 -5.18008947372 50
3326 14.1549005508 -4.26353216171 50
3327 9.56679534912 -4.22964382172 50
3328 5.19075012207 -3.55088281631 50
3329 6.04947853088 -21.0228099823 50
3330 193.950271606 1.02284407616 50
3331 170.577880859 -7.06064033508 50
3332 29.4291553497 -12.9443492889 50
3333 170.596038818 -12.9403505325 50
3334 29.4099750519 -7.05705308914 50
3335 12.4036111832 -20.9019603729 50
3336 187.59588623 0.90188574791 50
3337 15.9894237518 -18.5151062012 50
3338 182.277130127 -18.3488864899 50
3339 184.010284424 -1.48506724834 50
3340 17.7213363647 -1.64983105659 50
3341 19.100479126 -18.41173172 50
3342 180.899261475 -1.58877432346 50
3343 177.862136841 -17.9670639038 50
3344 22.1370792389 -2.03070521355 50
3345 22.5331230164 -17.992483139 50
3346 177.466842651 -2.00892281532 50
3347 174.238494873 -17.1797027588 50
3348 25.7622871399 -2.81685781479 50
3349 174.12940979 -2.78315877914 50
3350 25.8717670441 -17.2205123901 50
3351 167.978088379 -11.5308980942 50
3352 32.0375137329 -8.4665222168 50
3353 167.968551636 -8.50738334656 50
3354 32.0486907959 -11.4981899261 50
3355 171.011383057 -3.92716765404 50
3356 28.993970871 -16.080821991 50
3357 17.1387863159 -21.7200813293 50
3358 182.860549927 1.71954870224 50
3359 178.868896484 1.41217851639 50
3360 21.1305427551 -21.4136734009 50
3361 171.046279907 -16.0345096588 50
3362 28.958234787 -3.95970702171 50
3363 24.8448753357 -20.6349964142 50
3364 175.155212402 0.631085813046 50
3365 24.7354164124 0.604701399803 50
3366 175.263793945 -20.5997867584 50
3367 165.398864746 -10.0422315598 50
3368 34.634853363 -9.95818901062 50
3369 168.116882324 -5.35899782181 50
3370 31.898525238 -14.6541528702 50
3371 19.4893131256 -25.3011665344 50
3372 180.509414673 5.2996878624 50
3373 168.149932861 -14.6343698502 50
3374 31.8633785248 -5.35596370697 50
3375 171.672286987 -0.513239741325 50
3376 28.3305358887 -19.496011734 50
3377 171.692153931 -19.3993473053 50
3378 28.3102817535 -0.592340111732 50
3379 23.6853218079 -24.4256095886 50
3380 176.313751221 4.42186069489 50
3381 165.392440796 -6.93947219849 50
3382 34.641040802 -13.075668335 50
3383 165.434402466 -13.1163434982 50
3384 34.5961456299 -6.86997270584 50
3385 168.436584473 -1.96517658234 50
3386 31.5741863251 -18.052690506 50
3387 168.462524414 -17.9594898224 50
3388 31.5473308563 -2.02565574646 50
3389 172.413299561 -23.0672683716 50
3390 27.5862808228 3.07712721825 50
3391 172.470565796 3.21570849419 50
3392 27.5299472809 -23.2247467041 50
3393 22.4739322662 -28.6545410156 50
3394 177.524093628 8.65098571777 50
3395 185.373001099 5.9466881752 50
3396 14.6256246567 -25.947265625 50
3397 162.803283691 -11.596373558 50
3398 37.2538490295 -8.38918018341 50
3399 162.764205933 -8.54781627655 50
3400 37.2954864502 -11.4612236023 50
3401 165.449737549 -3.6270840168 50
3402 34.5776519775 -16.3999423981 50
3403 165.50680542 -16.3575496674 50
3404 34.5180511475 -3.61810064316 50
3405 168.890136719 -21.5533676147 50
3406 176.193023682 -24.4092330933 50
3407 23.8036975861 4.41503858566 50
3408 31.1153240204 1.5713237524 50
3409 31.1040630341 -21.7347068787 50
3410 168.901565552 1.71554160118 50
3411 173.32019043 7.28098392487 50
3412 26.6785697937 -27.289182663 50
3413 182.274047852 9.89569854736 50
3414 17.7235145569 -29.8973960876 50
3415 160.150619507 -10.1112127304 50
3416 39.9406814575 -9.88062858582 50
3417 162.657440186 -5.3573975563 50
3418 37.3966369629 -14.6739397049 50
3419 162.753479004 -14.7163028717 50
3420 37.2963218689 -5.24967765808 50
3421 165.603607178 -0.0317226238549 50
3422 34.4148292542 -20.0017433167 50
3423 179.129440308 -21.5813102722 50
3424 20.8680477142 1.58447015285 50
3425 173.039413452 -27.023475647 50
3426 26.9561405182 7.033659935 50
3427 165.649108887 -19.8571281433 50
3428 34.3686103821 -0.111851587892 50
3429 169.352706909 -25.4085483551 50
3430 30.6474246979 5.42762613297 50
3431 30.5557899475 -25.7013454437 50
3432 169.445709229 5.6833281517 50
3433 174.123794556 11.7167215347 50
3434 25.8734703064 -31.724149704 50
3435 21.295917511 -33.4097671509 50
3436 178.700546265 13.4058523178 50
3437 12.1162071228 -31.3016738892 50
3438 187.881561279 11.30098629 50
3439 160.117935181 -13.1284704208 50
3440 39.9660263062 -6.83253669739 50
3441 159.980392456 -7.05335950851 50
3442 40.1087760925 -12.9722528458 50
3443 162.558685303 -1.90719807148 50
3444 37.4834136963 -18.1403408051 50
3445 165.861587524 -23.6263237 50
3446 34.1480407715 3.660374403 50
3447 180.150726318 -25.6285953522 50
3448 19.8438243866 5.63142538071 50
3449 162.674591064 -18.0494556427 50
3450 37.3648910522 -1.90294516087 50
3451 30.2144737244 9.52097702026 50
3452 169.77935791 -29.5023078918 50
3453 176.822174072 -28.5074539185 50
3454 23.1704559326 8.5128660202 50
3455 30.016834259 -29.9571075439 50
3456 169.981811523 9.94115352631 50
3457 34.1628761292 -23.8865127563 50
3458 165.846954346 3.85205698013 50
3459 174.816833496 16.5544013977 50
3460 25.1784763336 -36.5618171692 50
3461 184.057846069 15.2222108841 50
3462 15.938284874 -35.2241859436 50
3463 157.577896118 -11.6346521378 50
3464 42.5449447632 -8.3308391571 50
3465 157.400482178 -8.70393562317 50
3466 159.72605896 -3.80048561096 50
3467 42.7271957397 -11.3032779694 50
3468 40.351146698 -16.2541313171 50
3469 159.981735229 -16.2372169495 50
3470 40.0892410278 -3.70091104507 50
3471 37.5069961548 -21.8975296021 50
3472 162.520950317 1.84220027924 50
3473 180.871322632 -30.2407073975 50
3474 19.1188259125 10.2426204681 50
3475 166.105453491 -27.6368122101 50
3476 33.8953857422 7.67114639282 50
3477 162.603424072 -21.6723632812 50
3478 37.4242744446 1.72792863846 50
3479 173.561798096 -31.1399307251 50
3480 26.428396225 11.1500148773 50
3481 33.8763999939 -28.03241539 50
3482 166.12689209 8.00058460236 50
3483 29.5714893341 -34.5205764771 50
3484 170.424987793 14.5063514709 50
3485 179.769363403 18.7034683228 50
3486 20.2247962952 -38.7078552246 50
3487 154.964859009 -10.360080719 50
3488 45.1978340149 -9.61637973785 50
3489 157.394424438 -14.621134758 50
3490 42.7149963379 -5.30922889709 50
3491 157.070129395 -5.66346120834 50
3492 43.0502433777 -14.3845119476 50
3493 159.459350586 -0.262274384499 50
3494 40.5996017456 -19.8120117188 50
3495 162.603118896 -25.5980377197 50
3496 37.4115753174 5.65617465973 50
3497 33.6650238037 11.9054555893 50
3498 166.32649231 -31.8726387024 50
3499 159.638809204 -19.5656471252 50
3500 40.4176330566 -0.355472147465 50
3501 33.6397666931 -32.4256134033 50
3502 166.359176636 12.3977298737 50
3503 29.7917308807 13.8457727432 50
3504 170.194656372 -33.827331543 50
3505 37.479675293 -25.9321346283 50
3506 162.535644531 5.87659168243 50
3507 29.2702331543 -39.4051475525 50
3508 170.723876953 19.3916416168 50
3509 184.930053711 -26.3181152344 50
3510 15.0639858246 6.31899213791 50
3511 155.328048706 -13.0435323715 50
3512 44.8176345825 -6.89337015152 50
3513 156.639450073 -2.4028532505 50
3514 154.627288818 -7.4706120491 50
3515 43.4633560181 -17.6781616211 50
3516 45.5360832214 -12.5545625687 50
3517 157.395675659 -17.4759864807 50
3518 42.6948547363 -2.43333649635 50
3519 40.824180603 -23.6823234558 50
3520 159.215148926 3.59926962852 50
3521 162.641494751 -29.7564296722 50
3522 37.360042572 9.81325054169 50
3523 33.4991874695 16.3868713379 50
3524 166.482131958 -36.3551139832 50
3525 40.731552124 3.42561554909 50
3526 159.294082642 -23.3486251831 50
3527 33.5215072632 -37.0728645325 50
3528 166.47442627 17.0484161377 50
3529 37.4564819336 -30.2074699402 50
3530 162.549468994 10.1566162109 50
3531 25.52186203 15.4701519012 50
3532 174.461242676 -35.4615325928 50
3533 175.366104126 21.80900383 50
3534 24.6260604858 -41.8175621033 50
3535 186.129852295 -32.3419418335 50
3536 13.8598594666 12.3415107727 50
3537 152.696273804 -12.3801145554 50
3538 152.194580078 -9.14612865448 50
3539 47.4905014038 -7.55401706696 50
3540 48.0071296692 -10.8460693359 50
3541 156.170623779 1.19827830791 50
3542 43.9085350037 -21.3015880585 50
3543 40.8615875244 7.52932977676 50
3544 159.131607056 -27.4878101349 50
3545 44.0450782776 0.781600475311 50
3546 156.005584717 -20.6872501373 50
3547 37.5083999634 -34.6980361938 50
3548 162.491409302 14.6536931992 50
3549 37.3593978882 14.1598405838 50
3550 162.629455566 -34.1056213379 50
3551 41.0313949585 -27.8333435059 50
3552 158.990890503 7.75115776062 50
3553 153.990692139 -16.3700122833 50
3554 29.3413791656 18.5228481293 50
3555 170.635070801 -38.5051879883 50
3556 46.1441459656 -3.52268576622 50
3557 33.5501823425 -41.9982337952 50
3558 166.442901611 21.9756565094 50
3559 154.141448975 -4.54716539383 50
3560 46.0109138489 -15.5210876465 50
3561 170.883285522 24.6329956055 50
3562 29.1071357727 -44.6478805542 50
3563 149.58253479 -11.0095939636 50
3564 50.6557807922 -8.93492984772 50
3565 152.224700928 -6.47114038467 50
3566 47.9674606323 -13.5698022842 50
3567 153.434143066 -1.3102478981 50
3568 46.6980552673 -18.7947788239 50
3569 44.3549079895 -25.2671833038 50
3570 155.699447632 5.15317392349 50
3571 41.0348968506 11.7790880203 50
3572 158.96005249 -31.7728672028 50
3573 37.4691200256 18.7253417969 50
3574 162.507110596 -38.6733779907 50
3575 44.0892677307 5.0594997406 50
3576 155.808624268 -25.0612621307 50
3577 37.6896858215 -39.4141616821 50
3578 162.306137085 19.3754901886 50
3579 41.2687606812 -32.2086257935 50
3580 158.740905762 12.1336603165 50
3581 33.4376106262 21.1834087372 50
3582 166.531570435 -41.1510162354 50
3583 24.5850696564 20.5040473938 50
3584 175.38722229 -40.4977226257 50
3585 150.140808105 -14.5720720291 50
3586 50.0661315918 -5.30927705765 50
3587 33.7196311951 -47.2524299622 50
3588 166.269348145 27.2290534973 50
3589 152.666809082 -20.0758399963 50
3590 47.3738212585 0.23944722116 50
3591 151.089813232 -3.9443500042 50
3592 49.0986213684 -16.138130188 50
3593 152.703277588 2.37484526634 50
3594 47.4009284973 -22.5094585419 50
3595 150.266830444 -18.1956272125 50
3596 49.8262023926 -1.59170842171 50
3597 44.4947891235 9.1718788147 50
3598 155.410644531 -29.2925682068 50
3599 46.646446228 2.99480080605 50
3600 153.207366943 -22.9116172791 50
3601 146.91835022 -13.1020326614 50
3602 41.596572876 -36.7778129578 50
3603 53.3501396179 -6.78273820877 50
3604 158.404876709 16.7124347687 50
3605 158.713195801 -36.2081985474 50
3606 41.2890815735 16.2175521851 50
3607 37.7287750244 23.5654563904 50
3608 162.233352661 -43.5129547119 50
3609 149.203720093 -7.20245361328 50
3610 44.8231925964 -29.5161323547 50
3611 155.209030151 9.40161895752 50
3612 51.0336952209 -12.8218841553 50
3613 38.0233306885 -44.3946609497 50
3614 161.969116211 24.3590660095 50
3615 19.8817939758 16.1648712158 50
3616 29.011800766 23.6577758789 50
3617 170.950714111 -43.6405410767 50
3618 180.100418091 -36.1630439758 50
3619 50.0069694519 2.53931522369 50
3620 149.791030884 -22.1459846497 50
3621 147.342071533 -16.5061798096 50
3622 52.8394355774 -3.2618522644 50
3623 146.397140503 -9.73907375336 50
3624 53.8902816772 -10.2201871872 50
3625 147.670501709 -3.54934811592 50
3626 52.5742073059 -16.5586776733 50
3627 48.1370697021 -26.5732192993 50
3628 151.936126709 6.41908311844 50
3629 44.9334793091 13.5486879349 50
3630 155.092071533 -33.6663093567 50
3631 150.042938232 -0.517204225063 50
3632 42.0670204163 -41.5534057617 50
3633 157.929397583 21.4964885712 50
3634 50.1246070862 -19.6156826019 50
3635 47.6147460938 6.27903795242 50
3636 151.706100464 -26.4788837433 50
3637 45.3389358521 -33.9969139099 50
3638 154.675842285 13.8904953003 50
3639 158.3150177 -40.8228759766 50
3640 41.6741371155 20.858247757 50
3641 38.5015792847 -49.6698875427 50
3642 161.486495972 29.6342086792 50
3643 33.5101585388 26.3293304443 50
3644 166.442932129 -46.2951774597 50
3645 24.0608520508 26.2221469879 50
3646 175.897125244 -46.2167701721 50
3647 170.833572388 30.1779003143 50
3648 29.0843429565 -50.2680435181 50
3649 180.463226318 24.5158195496 50
3650 19.3978824615 -44.6022720337 50
3651 175.608627319 27.4540328979 50
3652 24.2243881226 -47.6031646729 50
3653 19.2575244904 22.7574882507 50
3654 180.713989258 -42.7575035095 50
3655 143.802536011 -11.7409925461 50
3656 145.466537476 -6.49094295502 50
3657 144.272537231 -15.1248073578 50
3658 56.5243225098 -8.15895271301 50
3659 54.8562049866 -13.5656614304 50
3660 55.9977836609 -4.640396595 50
3661 149.009857178 3.27729153633 50
3662 51.1231651306 -23.4546928406 50
3663 48.4130439758 10.6119375229 50
3664 151.65737915 -31.0551166534 50
3665 45.4357261658 18.0947875977 50
3666 154.595748901 -38.1136894226 50
3667 45.9238166809 -38.660900116 50
3668 154.079711914 18.5689086914 50
3669 42.2295227051 25.7304172516 50
3670 157.738449097 -45.672416687 50
3671 48.9851608276 -30.9965286255 50
3672 151.057495117 10.8371715546 50
3673 52.029094696 7.1630692482 50
3674 42.6978225708 -46.5764579773 50
3675 157.294906616 26.5245475769 50
3676 147.588195801 -19.4880867004 50
3677 147.322891235 -25.6946544647 50
3678 52.4199562073 -0.117600955069 50
3679 38.1513442993 28.7206249237 50
3680 161.795379639 -48.6671829224 50
3681 146.413269043 0.0577619932592 50
3682 165.941986084 32.8107833862 50
3683 53.8270263672 -20.2665634155 50
3684 34.0124092102 -52.8688850403 50
3685 180.522171021 30.6229343414 50
3686 18.9227695465 -51.0707168579 50
3687 191.452575684 7.04737234116 50
3688 8.54647636414 -27.0476093292 50
3689 18.5383033752 28.871963501 50
3690 181.421340942 -48.8729019165 50
3691 171.094985962 -49.1846656799 50
3692 28.8498001099 29.2034626007 50
3693 24.1198635101 -53.7198104858 50
3694 175.565246582 33.2235984802 50
3695 185.545608521 21.256772995 50
3696 14.3423099518 -41.3026275635 50
3697 192.034713745 -26.6227703094 50
3698 7.96136808395 6.62271642685 50
3699 13.7257499695 19.3804454803 50
3700 186.257492065 -39.3816146851 50
3701 190.634536743 17.3208847046 50
3702 9.32051849365 -37.333782196 50
3703 187.341171265 -20.7730808258 50
3704 12.6562623978 0.773712933064 50
3705 141.155776978 -13.6677913666 50
3706 59.2024002075 -6.15065383911 50
3707 144.091567993 -3.17524814606 50
3708 143.632873535 -8.86092090607 50
3709 56.3600196838 -17.0592308044 50
3710 56.7286376953 -11.1325073242 50
3711 144.77432251 -18.5358543396 50
3712 55.3923606873 -0.973226249218 50
3713 145.723419189 -22.0005607605 50
3714 54.1025466919 2.77098202705 50
3715 52.2640419006 -27.6565437317 50
3716 147.828765869 7.44820070267 50
3717 49.0235671997 15.1624116898 50
3718 151.078567505 -35.289516449 50
3719 145.105560303 3.88230419159 50
3720 55.0955886841 -24.1962661743 50
3721 148.757354736 -28.9775829315 50
3722 46.6533470154 -43.4941558838 50
3723 153.344528198 23.4162559509 50
3724 49.7275123596 -35.6938819885 50
3725 150.290649414 15.5503101349 50
3726 42.9510612488 30.8953304291 50
3727 156.993850708 -50.8205451965 50
3728 153.912338257 -42.7463989258 50
3729 46.092338562 22.7959518433 50
3730 182.765701294 -22.5299987793 50
3731 17.2306919098 2.53175401688 50
3732 43.478729248 -51.8853378296 50
3733 156.50958252 31.8341712952 50
3734 33.7354431152 31.8213806152 50
3735 166.197540283 -51.7835083008 50
3736 160.864822388 35.2445297241 50
3737 39.1087493896 -55.2928543091 50
3738 19.0940952301 -57.492805481 50
3739 179.929977417 35.9440994263 50
3740 170.684326172 36.0362815857 50
3741 29.2302875519 -56.2657089233 50
3742 142.090042114 -6.34291124344 50
3743 58.457408905 -13.7712993622 50
3744 145.292160034 -29.1786270142 50
3745 141.567687988 -17.1550292969 50
3746 58.7677192688 -2.43517947197 50
3747 56.4562606812 6.13463973999 50
3748 142.660934448 0.388272106647 50
3749 57.8132858276 -20.8869476318 50
3750 52.3920173645 12.0901470184 50
3751 147.913513184 -32.3822441101 50
3752 49.7772407532 19.7550983429 50
3753 150.279800415 -39.7277870178 50
3754 50.4336891174 -40.4448280334 50
3755 149.571044922 20.3274097443 50
3756 53.8744125366 -32.5272102356 50
3757 146.162536621 12.3196802139 50
3758 140.594207764 -9.9147977829 50
3759 47.5733680725 -48.5495796204 50
3760 152.421173096 28.4797058105 50
3761 59.8591499329 -10.0091514587 50
3762 56.6210899353 -28.3098506927 50
3763 143.503509521 7.94335317612 50
3764 153.042068481 -47.6203956604 50
3765 46.932220459 27.7055854797 50
3766 142.092941284 -20.8551864624 50
3767 38.698600769 34.2030181885 50
3768 161.225463867 -54.1412849426 50
3769 58.3584098816 1.92334985733 50
3770 28.8621025085 35.1010093689 50
3771 171.059951782 -55.0789756775 50
3772 155.593429565 37.4657669067 50
3773 44.3856887817 -57.5231971741 50
3774 165.508743286 38.7131576538 50
3775 34.4357719421 -58.80052948 50
3776 193.993728638 12.9974851608 50
3777 5.99664068222 -33.0002479553 50
3778 138.38142395 -15.5470275879 50
3779 62.0073890686 -4.18817663193 50
3780 140.468292236 -3.03427195549 50
3781 60.745552063 -17.4678325653 50
3782 141.099624634 4.15097093582 50
3783 59.2093925476 -24.8231887817 50
3784 53.2576217651 16.5528297424 50
3785 146.871017456 -36.5357666016 50
3786 138.554748535 -6.44199085236 50
3787 51.4165306091 -45.2603721619 50
3788 148.583618164 25.1628494263 50
3789 62.2010116577 -13.4410362244 50
3790 138.696624756 -19.2070732117 50
3791 149.303573608 -44.3999328613 50
3792 50.7109222412 24.4956302643 50
3793 54.0314979553 -37.5224761963 50
3794 61.741027832 -0.458130836487 50
3795 145.967559814 17.36992836 50
3796 152.00541687 -52.7720565796 50
3797 47.9397544861 32.8796043396 50
3798 143.835800171 -33.098991394 50
3799 48.6538658142 -53.889995575 50
3800 151.335830688 33.820690155 50
3801 43.7988700867 36.3886451721 50
3802 156.119628906 -56.2975120544 50
3803 60.3210716248 5.76874732971 50
3804 160.143768311 41.1753082275 50
3805 39.8174324036 -61.2357635498 50
3806 165.817062378 -57.6092529297 50
3807 176.392883301 -52.2489318848 50
3808 23.5476093292 32.2566947937 50
3809 34.089641571 37.6542243958 50
3810 142.843856812 -25.2492351532 50
3811 55.2047615051 9.65337085724 50
3812 170.517578125 42.1851272583 50
3813 29.4493160248 -62.4227294922 50
3814 58.7117767334 9.62762928009 50
3815 138.384552002 -12.4671287537 50
3816 62.0446357727 -7.3534655571 50
3817 136.757446289 -9.76778793335 50
3818 63.7632331848 -10.0342102051 50
3819 135.412780762 -17.4787330627 50
3820 139.102996826 -23.0621051788 50
3821 64.9631729126 -2.23528313637 50
3822 139.271057129 8.00503635406 50
3823 60.8325920105 -28.6411209106 50
3824 138.841323853 0.530459165573 50
3825 61.8272018433 -21.6778850555 50
3826 61.7837562561 2.76772046089 50
3827 141.300491333 -29.471321106 50
3828 54.2989959717 21.1769542694 50
3829 145.713989258 -41.035282135 50
3830 136.766571045 -2.98751330376 50
3831 54.9883575439 -42.0545272827 50
3832 145.000656128 21.9367866516 50
3833 64.5516204834 -16.236989975 50
3834 52.6274032593 -50.3046646118 50
3835 147.370315552 30.2169647217 50
3836 56.403213501 13.255030632 50
3837 150.846725464 -58.2510910034 50
3838 49.0684127808 38.3782463074 50
3839 148.149078369 -49.3146514893 50
3840 51.8288497925 29.4432220459 50
3841 17.4580631256 35.5452003479 50
3842 182.48866272 -55.5451545715 50
3843 150.125946045 39.4642868042 50
3844 49.8554954529 -59.538974762 50
3845 39.3435173035 40.0129394531 50
3846 160.551116943 -59.9392776489 50
3847 29.0419445038 41.2412414551 50
3848 170.8543396 -61.2128219604 50
3849 154.587402344 43.4159240723 50
3850 45.378780365 -63.4833641052 50
3851 64.6026153564 1.50880265236 50
3852 63.8911590576 5.16471672058 50
3853 135.136489868 -13.3969516754 50
3854 134.872680664 -6.44187164307 50
3855 65.7506561279 -13.064204216 50
3856 65.2984466553 -6.37111234665 50
3857 137.093307495 4.24413728714 50
3858 64.0461578369 -19.2448234558 50
3859 63.1591682434 -25.3808670044 50
3860 141.39881897 11.8231639862 50
3861 135.705581665 -21.3660144806 50
3862 58.6195716858 -32.1772232056 50
3863 62.7045249939 9.09657001495 50
3864 139.307754517 -26.4911117554 50
3865 142.262893677 -37.4130935669 50
3866 139.356445312 -33.4379997253 50
3867 57.6917572021 17.6947917938 50
3868 58.1285820007 -39.0027084351 50
3869 141.836669922 18.8296356201 50
3870 56.2980041504 -46.7866592407 50
3871 143.695327759 26.6849269867 50
3872 61.1388626099 13.8148860931 50
3873 144.461105347 -45.792766571 50
3874 55.4959754944 25.9670352936 50
3875 134.985900879 0.593082666397 50
3876 54.0034217834 -55.6437950134 50
3877 145.989685059 35.5560913086 50
3878 155.164154053 -62.0917243958 50
3879 44.7210273743 42.2015609741 50
3880 146.836868286 -54.5041656494 50
3881 53.1081619263 34.6537361145 50
3882 148.819839478 45.4458694458 50
3883 51.1539459229 -65.5278396606 50
3884 175.82510376 39.1339759827 50
3885 24.2800731659 -59.7869186401 50
3886 165.007614136 44.9480018616 50
3887 34.9392089844 -65.0468215942 50
3888 186.158828735 27.938325882 50
3889 13.3750991821 -48.091091156 50
3890 176.52432251 -58.5510292053 50
3891 23.3967685699 38.5618858337 50
3892 67.1145019531 -18.4950904846 50
3893 66.5588760376 7.95865488052 50
3894 136.08744812 -25.3667697906 50
3895 67.8545684814 -0.00654581096023 50
3896 133.131988525 -9.85686969757 50
3897 67.3194351196 -9.87828540802 50
3898 133.003417969 -2.96803092957 50
3899 132.378540039 -19.6108493805 50
3900 135.165969849 8.02041530609 50
3901 64.7087173462 -28.8918972015 50
3902 137.223983765 -29.3753757477 50
3903 132.160476685 -15.8796339035 50
3904 137.229415894 11.8335418701 50
3905 62.7350692749 -32.3569793701 50
3906 140.810958862 -42.1458511353 50
3907 58.9349708557 22.4071140289 50
3908 67.3374328613 3.9098739624 50
3909 68.2253112793 -3.81188988686 50
3910 140.382949829 23.1586933136 50
3911 59.5922546387 -43.3365135193 50
3912 65.5280227661 12.1920537949 50
3913 133.111099243 4.26158046722 50
3914 57.8231277466 -51.8026199341 50
3915 142.175552368 31.7027721405 50
3916 57.0589370728 -35.4123649597 50
3917 142.931518555 15.1856050491 50
3918 143.068267822 -50.7747306824 50
3919 56.8807678223 30.9524478912 50
3920 145.393447876 -59.9958686829 50
3921 54.5098304749 40.1646385193 50
3922 65.9835281372 -22.3287792206 50
3923 24.1251182556 -65.9182662964 50
3924 175.967681885 45.5749511719 50
3925 149.597732544 -64.0543060303 50
3926 50.2697372437 44.2125968933 50
3927 159.807067871 -66.0310821533 50
3928 40.0625038147 46.1292114258 50
3929 144.467010498 41.2002716064 50
3930 55.5141525269 -61.2959823608 50
3931 71.151725769 -1.64693892002 50
3932 129.150680542 -17.8269615173 50
3933 132.52444458 -23.6350421906 50
3934 131.135971069 -6.49993133545 50
3935 67.4495620728 -15.5353116989 50
3936 131.739959717 -12.7194957733 50
3937 69.176361084 -13.0236549377 50
3938 60.6357727051 -35.832069397 50
3939 69.4918899536 10.9232816696 50
3940 68.681930542 -7.03596973419 50
3941 134.63899231 -33.1110153198 50
3942 139.337692261 15.5073604584 50
3943 69.994102478 -20.8115558624 50
3944 133.073272705 11.8153390884 50
3945 131.11328125 0.607344508171 50
3946 66.8004455566 -32.362537384 50
3947 70.264541626 6.53637218475 50
3948 66.3229598999 -25.9859199524 50
3949 64.75025177 15.983253479 50
3950 62.111782074 18.8359680176 50
3951 62.4494781494 -39.836894989 50
3952 137.553970337 19.5002727509 50
3953 70.7973937988 2.36190700531 50
3954 131.081222534 7.96326684952 50
3955 61.2823867798 -48.0305633545 50
3956 136.808166504 -38.1415901184 50
3957 138.714065552 27.8285694122 50
3958 139.454269409 -47.0486335754 50
3959 60.4026451111 27.2252368927 50
3960 132.63092041 -28.3890972137 50
3961 59.5061340332 -57.1184997559 50
3962 140.48538208 37.0113296509 50
3963 141.498519897 -55.9995727539 50
3964 143.84854126 -65.8012466431 50
3965 55.9818115234 46.0311317444 50
3966 58.4246940613 36.1937294006 50
3967 192.480651855 24.2857112885 50
3968 7.32261800766 -44.3109931946 50
3969 70.6318130493 -16.6317310333 50
3970 129.211456299 -10.2264585495 50
3971 71.1815719604 -9.53905296326 50
3972 66.5285491943 19.6124820709 50
3973 68.3937835693 -28.6068725586 50
3974 71.3609924316 -5.47377157211 50
3975 129.058639526 -14.200258255 50
3976 129.182510376 -21.6267814636 50
3977 69.3394927979 -24.7820339203 50
3978 129.225982666 -2.99175190926 50
3979 74.2310256958 0.614678323269 50
3980 129.125442505 4.21586894989 50
3981 73.4163818359 9.32904052734 50
3982 68.4403457642 15.4282159805 50
3983 128.881668091 11.6711244583 50
3984 63.6569786072 23.4404144287 50
3985 135.950317383 -43.415725708 50
3986 135.675750732 23.8374271393 50
3987 64.3936004639 -44.2362823486 50
3988 73.9072265625 4.85062742233 50
3989 63.133895874 -53.0160522461 50
3990 136.865341187 32.8105049133 50
3991 129.120025635 -25.6368236542 50
3992 137.845108032 -52.0401268005 50
3993 62.0619010925 32.2405509949 50
3994 130.125320435 -32.4770469666 50
3995 126.017784119 -16.0329418182 50
3996 125.9741745 -19.7224140167 50
3997 73.7168807983 -19.277961731 50
3998 73.0516967773 -23.3823490143 50
3999 72.6430053711 -13.1965885162 50
4000 127.493095398 -6.5115146637 50
4001 74.4341583252 -3.42044425011 50
4002 70.9176635742 -31.9335918427 50
4003 72.7127227783 14.1193370819 50
4004 126.990196228 7.8183259964 50
4005 127.237800598 0.504748523235 50
4006 130.855911255 15.6747674942 50
4007 67.1645355225 -40.2452163696 50
4008 133.08984375 19.7575626373 50
4009 77.4624633789 2.93300271034 50
4010 125.871765137 -23.5857181549 50
4011 128.736206055 -29.1151275635 50
4012 66.4264984131 -48.9356040955 50
4013 133.65397644 28.5056190491 50
4014 126.069213867 -12.4225234985 50
4015 71.7175521851 19.5783958435 50
4016 74.5343780518 -7.3547744751 50
4017 72.2617645264 -27.7008037567 50
4018 132.88130188 -40.608253479 50
4019 77.2382278442 7.36734819412 50
4020 65.4321060181 28.2756710052 50
4021 134.395477295 -48.1275634766 50
4022 68.5645675659 24.1800689697 50
4023 63.8512611389 37.5088424683 50
4024 136.016159058 -57.2573127747 50
4025 65.1358184814 -58.2804145813 50
4026 134.849975586 38.0648574829 50
4027 122.840316772 -17.83452034 50
4028 76.7902679443 -21.7394351959 50
4029 125.768173218 -27.5090370178 50
4030 126.100799561 -31.4860076904 50
4031 122.66759491 -21.5814781189 50
4032 125.504089355 -3.23555231094 50
4033 126.004203796 -9.31143665314 50
4034 74.4906692505 -10.6257762909 50
4035 77.6401901245 -1.2654889822 50
4036 69.2537918091 -36.0551490784 50
4037 124.676048279 11.403424263 50
4038 125.134437561 4.013256073 50
4039 77.8244247437 -5.3585691452 50
4040 135.1900177 15.681473732 50
4041 126.513946533 15.4363899231 50
4042 76.972694397 12.1286096573 50
4043 122.997741699 -14.1360788345 50
4044 74.149559021 -15.9502182007 50
4045 131.697937012 -36.7566833496 50
4046 131.248138428 -44.3237686157 50
4047 130.899887085 24.0832710266 50
4048 76.2302398682 -26.1472206116 50
4049 69.4925537109 -44.7654266357 50
4050 76.4193496704 17.0982303619 50
4051 70.5638885498 29.1146373749 50
4052 68.5663604736 -53.8951568604 50
4053 80.8876495361 5.1825966835 50
4054 131.479507446 33.4442939758 50
4055 75.6841888428 -31.3881893158 50
4056 132.512573242 -53.0457267761 50
4057 139.775390625 -61.514755249 50
4058 67.3288497925 33.3211669922 50
4059 60.0778541565 41.7449417114 50
4060 119.524269104 -19.5595645905 50
4061 124.08833313 -6.88910675049 50
4062 76.1460571289 -13.3734407425 50
4063 78.0123596191 -9.70360183716 50
4064 119.773208618 -15.822634697 50
4065 123.299972534 -10.4625482559 50
4066 122.468864441 -25.5059185028 50
4067 81.099029541 -3.19572734833 50
4068 64.8398513794 -36.1148071289 50
4069 122.881278992 7.50968503952 50
4070 122.165214539 15.0438861847 50
4071 123.35320282 0.135988622904 50
4072 80.0171127319 -24.1877536774 50
4073 80.9641952515 0.905954003334 50
4074 128.558959961 19.688577652 50
4075 72.6608963013 -40.1154708862 50
4076 73.2317581177 -35.3112106323 50
4077 80.9378356934 9.75777435303 50
4078 128.717636108 -40.3215789795 50
4079 71.7132797241 -49.5660057068 50
4080 128.565063477 28.6736354828 50
4081 72.6444778442 34.220539093 50
4082 73.5073699951 24.8494644165 50
4083 77.6735534668 -17.3379535675 50
4084 129.265228271 -48.8669242859 50
4085 122.408508301 -29.6561565399 50
4086 81.294670105 15.009973526 50
4087 69.3232421875 38.6665878296 50
4088 130.404891968 -58.2309989929 50
4089 116.439903259 -17.4636955261 50
4090 121.723388672 -3.85218143463 50
4091 119.222816467 -23.3516044617 50
4092 120.082321167 -11.9540691376 50
4093 81.4059677124 -7.14678573608 50
4094 79.7489471436 -28.6804771423 50
4095 120.444252014 10.9986715317 50
4096 80.2272338867 -20.4541454315 50
4097 121.114471436 3.59189605713 50
4098 84.3939971924 2.97598171234 50
4099 84.3859558105 -1.10425174236 50
4100 123.9972229 19.3443202972 50
4101 120.615280151 -7.92649316788 50
4102 122.638137817 -34.2016448975 50
4103 84.5292739868 7.24870300293 50
4104 79.970199585 20.2535362244 50
4105 126.275436401 -44.6172599792 50
4106 74.6344299316 -45.3299102783 50
4107 74.0981903076 -54.4763412476 50
4108 126.00289917 33.5146141052 50
4109 127.074188232 -35.834487915 50
4110 80.0696487427 -13.5290679932 50
4111 75.8211364746 29.7246665955 50
4112 74.8280563354 39.634563446 50
4113 118.917663574 -27.4065322876 50
4114 77.6650695801 -36.9863853455 50
4115 127.09261322 -53.7640419006 50
4116 129.078384399 38.5575065613 50
4117 70.8671035767 -59.101436615 50
4118 138.62348938 42.575717926 50
4119 61.3457984924 -62.7320327759 50
4120 61.8083877563 47.723991394 50
4121 137.953186035 -67.3310928345 50
4122 134.009765625 -62.7559165955 50
4123 116.082992554 -21.1735687256 50
4124 83.9084701538 -21.965883255 50
4125 116.738891602 -13.6283950806 50
4126 81.7783126831 -10.4932489395 50
4127 84.5444717407 -4.96631479263 50
4128 119.358467102 -0.421606510878 50
4129 118.752929688 7.04077243805 50
4130 87.9669952393 4.91170978546 50
4131 119.454170227 18.7727203369 50
4132 117.796676636 14.5053453445 50
4133 126.107818604 23.915473938 50
4134 118.693183899 -31.7954616547 50
4135 82.7614746094 -17.2744369507 50
4136 115.646263123 -25.0437850952 50
4137 123.181861877 -39.7443809509 50
4138 77.0271987915 -49.9755439758 50
4139 87.7624359131 0.831080079079 50
4140 84.4898681641 19.0759296417 50
4141 76.0043029785 21.3607368469 50
4142 117.065437317 -9.5410900116 50
4143 83.4046554565 -26.5407238007 50
4144 117.414176941 -4.83063077927 50
4145 78.4082565308 25.0533542633 50
4146 79.9689865112 -32.8419952393 50
4147 124.046600342 -49.3507575989 50
4148 123.449821472 28.352930069 50
4149 124.628700256 -58.8625793457 50
4150 65.7423171997 43.1927604675 50
4151 71.5153045654 44.4347000122 50
4152 77.9935760498 34.990562439 50
4153 84.1707382202 -13.0327730179 50
4154 113.358795166 -15.3293218613 50
4155 112.575927734 -22.7463130951 50
4156 113.013198853 -19.0465698242 50
4157 86.5678024292 -24.8720779419 50
4158 88.2753829956 9.10929203033 50
4159 87.5977401733 -3.00358486176 50
4160 116.202575684 10.4499702454 50
4161 117.075088501 3.09506750107 50
4162 114.918762207 18.0481338501 50
4163 84.8673553467 11.6077623367 50
4164 83.432182312 -30.9733428955 50
4165 113.637138367 -11.4223089218 50
4166 91.2871856689 2.62042403221 50
4167 121.302825928 23.4141712189 50
4168 118.512191772 -36.5928268433 50
4169 115.159103394 -29.2203598022 50
4170 83.4791030884 -36.1073074341 50
4171 121.18863678 -45.0825767517 50
4172 79.5767440796 -45.6422653198 50
4173 79.6633834839 -54.7748641968 50
4174 115.423950195 -0.807480454445 50
4175 81.8654556274 30.2073726654 50
4176 113.896484375 -7.3842124939 50
4177 120.448471069 32.9694290161 50
4178 85.2858657837 -8.95451450348 50
4179 80.256439209 40.2576751709 50
4180 86.2929077148 -18.9962387085 50
4181 83.3392562866 24.1074752808 50
4182 121.521278381 -54.1281394958 50
4183 67.7778625488 49.297542572 50
4184 109.609962463 -20.5996074677 50
4185 109.958374023 -16.9672260284 50
4186 110.253425598 -13.1905345917 50
4187 87.4704589844 -6.14606809616 50
4188 86.9666061401 -28.571685791 50
4189 88.7064743042 13.3217277527 50
4190 114.627220154 6.46727561951 50
4191 90.9399642944 -1.37679302692 50
4192 91.7049636841 6.74883317947 50
4193 113.421607971 13.8298006058 50
4194 113.875724792 -3.93162512779 50
4195 88.1277618408 -12.0940170288 50
4196 77.21534729 -41.8474349976 50
4197 116.517837524 22.6540222168 50
4198 111.964393616 -26.6367206573 50
4199 85.6236419678 15.328660965 50
4200 114.662162781 -33.7422370911 50
4201 88.1374359131 22.5199966431 50
4202 113.103248596 2.47765636444 50
4203 82.3197479248 -50.0735588074 50
4204 110.553894043 -9.22723484039 50
4205 76.6629180908 -59.6013412476 50
4206 123.044769287 38.5533599854 50
4207 106.592124939 -18.6235332489 50
4208 111.762336731 -1.42101240158 50
4209 89.4426651001 -8.58227920532 50
4210 106.86806488 -14.9103031158 50
4211 86.9693832397 -15.752954483 50
4212 90.4680175781 -5.11734819412 50
4213 90.6009902954 -25.5387973785 50
4214 94.5305175781 0.234989359975 50
4215 109.12537384 -24.2217769623 50
4216 111.939094543 9.74342727661 50
4217 87.2907485962 -32.9975204468 50
4218 95.0810775757 4.35632514954 50
4219 110.940246582 -5.25998067856 50
4220 92.2446289062 11.0036430359 50
4221 110.356590271 17.1659755707 50
4222 111.777145386 21.6978397369 50
4223 81.5187606812 -41.129699707 50
4224 118.333602905 27.6358203888 50
4225 107.140800476 -11.0057210922 50
4226 110.490615845 5.65171861649 50
4227 111.212249756 -30.8593482971 50
4228 114.093528748 -38.5256271362 50
4229 84.5948791504 -45.418006897 50
4230 85.2672348022 -54.7671051025 50
4231 103.457626343 -16.6725749969 50
4232 90.764541626 -14.8212442398 50
4233 89.6198654175 -18.3081016541 50
4234 106.316764832 -22.2379798889 50
4235 109.170524597 1.51604533195 50
4236 98.3256530762 1.81047356129 50
4237 94.0783233643 -3.82688164711 50
4238 107.441192627 -6.8853468895 50
4239 90.8702316284 -30.4346351624 50
4240 103.641777039 -12.7936496735 50
4241 108.948692322 12.9067955017 50
4242 95.7655410767 8.55716323853 50
4243 92.8024291992 15.513677597 50
4244 107.602149963 8.71278381348 50
4245 108.078231812 -2.67381429672 50
4246 86.5415267944 -40.7362136841 50
4247 107.017738342 20.5185070038 50
4248 108.191429138 -27.9544525146 50
4249 117.887786865 -41.5082054138 50
4250 110.441390991 -35.4747581482 50
4251 93.2377166748 -7.70557308197 50
4252 113.291069031 26.5996742249 50
4253 87.7185745239 -49.8566055298 50
4254 82.4974594116 -59.7837753296 50
4255 118.763687134 -49.5148086548 50
4256 100.280174255 -14.6792697906 50
4257 103.164863586 -20.4981403351 50
4258 88.1923522949 -21.7978420258 50
4259 103.901947021 -8.75871276855 50
4260 104.455169678 11.6743249893 50
4261 93.3648452759 -17.4210186005 50
4262 97.6919021606 -2.25592565536 50
4263 91.9800796509 -11.3105010986 50
4264 99.1323928833 5.96813726425 50
4265 106.343490601 4.5053486824 50
4266 94.6323318481 -28.1229476929 50
4267 105.689659119 16.0010604858 50
4268 88.834236145 17.7562618256 50
4269 96.5536880493 12.9066152573 50
4270 91.1973495483 -34.8697090149 50
4271 113.427574158 -43.3564567566 50
4272 108.297370911 25.3264961243 50
4273 114.967559814 31.8885402679 50
4274 105.185501099 0.245418846607 50
4275 89.8527297974 -44.935634613 50
4276 103.921020508 -4.29931020737 50
4277 107.04045105 -32.2610015869 50
4278 109.678871155 -40.3116722107 50
4279 97.4937591553 -6.60294055939 50
4280 115.747329712 -54.0338096619 50
4281 90.9753952026 -54.4595909119 50
4282 73.3602828979 -64.5510406494 50
4283 116.903327942 37.6649436951 50
4284 88.3431015015 -59.6486434937 50
4285 118.639930725 -59.0697593689 50
4286 88.0547866821 -36.8978614807 50
4287 95.7936935425 -10.578576088 50
4288 99.9184341431 -18.4900074005 50
4289 103.228866577 -24.2819385529 50
4290 94.4088897705 -13.9476003647 50
4291 99.9765090942 -10.5151319504 50
4292 101.291343689 -0.903967916965 50
4293 92.1764907837 -21.1654224396 50
4294 101.069717407 14.5745220184 50
4295 102.268302917 3.1881582737 50
4296 100.051330566 10.1973838806 50
4297 103.308807373 7.37435626984 50
4298 94.721824646 -32.5469970703 50
4299 95.1183547974 -23.9750747681 50
4300 97.4317321777 17.5142612457 50
4301 93.3317642212 20.8916854858 50
4302 102.226257324 19.1025924683 50
4303 103.799491882 -28.5672836304 50
4304 103.362678528 23.8309421539 50
4305 106.073493958 -37.0764694214 50
4306 109.617134094 30.4941101074 50
4307 100.315567017 -4.19977474213 50
4308 108.892608643 -45.16771698 50
4309 93.2545471191 -49.3344612122 50
4310 113.066558838 -48.7115287781 50
4311 94.2117538452 -59.3087348938 50
4312 96.9499053955 -16.2982311249 50
4313 96.1579208374 -20.024356842 50
4314 99.4111175537 -22.8361663818 50
4315 98.8914794922 -30.1097831726 50
4316 97.7289047241 -26.2792358398 50
4317 94.5689544678 -36.4242591858 50
4318 102.59828186 -33.6491317749 50
4319 98.6049880981 22.2051086426 50
4320 91.7747650146 25.8970508575 50
4321 101.121757507 -6.87517404556 50
4322 105.109062195 -41.9302482605 50
4323 104.345672607 28.9574966431 50
4324 111.052070618 36.0244407654 50
4325 95.170791626 -44.2738990784 50
4326 109.853683472 -53.7784767151 50
4327 116.866851807 -45.6347160339 50
4328 96.8491668701 -53.8639144897 50
4329 100.611976624 -26.4148807526 50
4330 97.4818344116 -13.2037620544 50
4331 98.2147521973 -35.1705474854 50
4332 91.7611312866 -39.6867179871 50
4333 101.543159485 -38.4850311279 50
4334 104.095321655 -46.8837280273 50
4335 95.6848220825 25.0147151947 50
4336 99.474281311 27.0022773743 50
4337 87.2970962524 27.82280159 50
4338 105.618331909 34.313835144 50
4339 98.8608398438 -48.425655365 50
4340 107.876365662 -49.4650115967 50
4341 95.2265396118 29.1841850281 50
4342 106.132385254 -25.4526863098 50
4343 103.461494446 -52.8435096741 50
4344 91.1337890625 30.2214508057 50
4345 100.286834717 -43.2779998779 50
4346 99.7292022705 32.8554191589 50
4347 106.743469238 39.792137146 50
4348 93.7908859253 34.0840415955 50
4349 96.9242706299 -39.5530776978 50
4350 102.270812988 37.6678848267 50
4351 112.445915222 42.1040916443 50
4352 87.7106246948 34.0029945374 50
4353 101.68245697 42.7685623169 50
4354 82.7048034668 35.9283790588 50
4355 91.5360641479 39.4916191101 50
4356 85.7183380127 40.0929412842 50
4357 97.4233551025 38.5917320251 50
4358 83.0922622681 45.3293304443 50
4359 88.981552124 45.2364425659 50
4360 132.58480835 43.4701385498 50
4361 107.14289856 45.9896774292 50
4362 131.812927246 -68.5402069092 50
4363 67.3078308105 -63.8202171326 50
4364 79.4468536377 -64.9309539795 50
4365 126.391059875 43.9035797119 50
4366 121.818481445 -64.1288757324 50
4367 119.370826721 44.5935173035 50
4368 128.013885498 -63.6405639648 50
4369 91.4175262451 -64.5526046753 50
4370 85.5129699707 -64.8899230957 50
4371 77.350479126 45.1941642761 50
4372 74.0592041016 50.5182151794 50
4373 185.699386597 -45.2934837341 50
4374 14.2751111984 25.2915897369 50
4375 63.4987335205 54.1308822632 50
4376 142.768981934 47.1959114075 50
4377 17.7836704254 42.3085861206 50
4378 57.1673049927 -67.2802810669 50
4379 192.79675293 -35.3373756409 50
4380 182.146957397 -62.3057136536 50
4381 7.19605064392 15.3367042542 50
4382 165.355545044 -63.7220535278 50
4383 148.323928833 -70.1249313354 50
4384 34.5253105164 43.7812995911 50
4385 159.359954834 47.4364585876 50
4386 40.5930633545 -67.5048446655 50
4387 51.4670333862 50.3702392578 50
4388 154.183883667 -68.1992721558 50
4389 112.586669922 -58.9767074585 50
4390 45.662979126 48.3644828796 50
4391 176.222076416 -64.7755050659 50
4392 23.6812419891 44.792514801 50
4393 153.557998657 49.6901664734 50
4394 142.360412598 -71.9232788086 50
4395 46.4185028076 -69.7558517456 50
4396 57.3556060791 52.3056716919 50
4397 170.202255249 48.6567382812 50
4398 29.745595932 -68.8352508545 50
4399 192.923431396 -20.1957511902 50
4400 7.07503509521 0.195907786489 50
4401 185.457992554 34.9547615051 50
4402 13.2868318558 -55.2328186035 50
4403 12.1580114365 31.0344219208 50
4404 187.812179565 -51.0365791321 50
4405 182.264343262 41.8091506958 50
4406 19.894367218 -62.7524986267 50
4407 100.259147644 -58.9040527344 50
4408 106.475006104 -58.7910461426 50
4409 22.8242664337 12.3081045151 50
4410 177.163391113 -32.302532196 50
4411 85.9309387207 49.7291984558 50
4412 95.4323577881 44.6369285583 50
4413 8.16553878784 -97.9885177612 50
4414 8.09875392914 -88.365020752 50
4415 191.74105835 -97.9714660645 50
4416 191.844787598 77.9853515625 50
4417 191.966995239 68.3156967163 50
4418 8.25390434265 77.97240448 50
4419 7.5921792984 24.3056659698 50
4420 192.394210815 -44.3069992065 50
4421 191.292953491 41.2978897095 50
4422 7.21850776672 -60.2578430176 50
4423 5.80142450333 32.040435791 50
4424 194.183578491 -52.0420036316 50
4425 8.98880958557 -69.3987960815 50
4426 192.416687012 50.3999176025 50
4427 9.35587596893 40.042640686 50
4428 190.611846924 -60.0432548523 50
4429 7.96223068237 58.8600158691 50
4430 192.010040283 -78.8590393066 50
4431 192.565078735 32.2082366943 50
4432 6.86717605591 -52.110912323 50
4433 8.05976581573 -79.197227478 50
4434 192.258651733 59.127948761 50
4435 191.702896118 -88.2060089111 50
4436 8.27934074402 68.2078399658 50
4437 177.165298462 -102.141342163 50
4438 59.2245063782 -102.413673401 50
4439 22.7102947235 -102.147789001 50
4440 22.8368911743 82.1481018066 50
4441 140.928451538 82.4012832642 50
4442 177.299591064 82.1411209106 50
4443 40.9375991821 82.376335144 50
4444 159.042495728 -102.362358093 50
4445 50.0414085388 82.4318161011 50
4446 149.925354004 -102.400032043 50
4447 122.716194153 82.4754104614 50
4448 77.3512954712 -102.530059814 50
4449 159.084762573 82.3243026733 50
4450 40.9285697937 -102.323112488 50
4451 168.205001831 82.2319869995 50
4452 31.7937488556 -102.234062195 50
4453 149.991851807 82.3770828247 50
4454 50.1176528931 -102.35975647 50
4455 131.828125 82.4315414429 50
4456 68.3464050293 -102.501968384 50
4457 131.772369385 -102.445495605 50
4458 168.090377808 -102.273078918 50
4459 31.8917484283 82.2842559814 50
4460 140.820236206 -102.403076172 50
4461 59.1204032898 82.4401245117 50
4462 113.627105713 82.5155715942 50
4463 86.4103622437 -102.549301147 50
4464 122.702232361 -102.50050354 50
4465 77.2723083496 82.4404754639 50
4466 68.1934661865 82.440612793 50
4467 95.4702377319 -102.529647827 50
4468 104.54888916 -102.517944336 50
4469 113.633102417 -102.532501221 50
4470 95.4594268799 82.500038147 50
4471 104.544456482 82.5300216675 50
4472 86.369140625 82.4856262207 50
4473 103.357292175 -64.2340240479 50
4474 35.0069770813 50.1376457214 50
4475 164.877456665 -70.0484313965 50
4476 113.259178162 48.6935958862 50
4477 115.501869202 -64.1822280884 50
4478 124.229774475 49.0274810791 50
4479 82.5327987671 -70.2974395752 50
4480 125.293571472 -69.2871627808 50
4481 76.054473877 -70.1820220947 50
4482 136.403121948 48.4211616516 50
4483 63.3475036621 -68.6086502075 50
4484 88.8838119507 -69.7967910767 50
4485 69.6207504272 -69.5742950439 50
4486 100.685676575 49.9431152344 50
4487 18.9540195465 47.7776527405 50
4488 153.205688477 -74.5122680664 50
4489 159.150390625 -72.3698577881 50
4490 180.96534729 -67.7684173584 50
4491 46.6005783081 54.7301979065 50
4492 158.545227051 53.8858032227 50
4493 40.7180976868 52.516658783 50
4494 41.4327545166 -73.9367599487 50
4495 164.41394043 51.4306755066 50
4496 35.5367546082 -71.5205230713 50
4497 147.423309326 51.9701271057 50
4498 52.5369110107 -71.9515838623 50
4499 129.917877197 49.0955123901 50
4500 58.6084785461 58.8530464172 50
4501 17.8221950531 -68.2334136963 50
4502 181.016403198 48.4695091248 50
4503 136.083450317 -73.5253448486 50
4504 147.15562439 -76.3437652588 50
4505 52.5653953552 56.654838562 50
4506 69.9330673218 55.6791572571 50
4507 175.995681763 53.0408210754 50
4508 23.8819141388 -73.3271865845 50
4509 97.3006820679 -64.4230880737 50
4510 170.661193848 -67.5016555786 50
4511 29.2310142517 47.5496330261 50
4512 92.1624908447 51.5907440186 50
4513 109.384292603 -64.0097427368 50
4514 80.4801559448 50.6296691895 50
4515 7.85348844528 49.9627990723 50
4516 192.114761353 -69.9621047974 50
4517 15.6205558777 -83.8767929077 50
4518 184.515228271 63.5861358643 50
4519 184.474151611 54.5003318787 50
4520 16.2328090668 63.184463501 50
4521 15.9371938705 -75.6599578857 50
4522 183.730621338 -83.1647720337 50
4523 15.0404243469 -102.754806519 50
4524 184.968261719 82.745765686 50
4525 154.244659424 -94.7808761597 50
4526 136.414382935 74.7501220703 50
4527 136.086242676 -94.7964248657 50
4528 172.767150879 74.29271698 50
4529 154.418563843 74.6510238647 50
4530 172.316009521 -94.4355239868 50
4531 36.6845169067 74.7577209473 50
4532 36.5005226135 -94.466293335 50
4533 73.2486801147 -95.2661819458 50
4534 45.6861915588 74.8713760376 50
4535 100.032173157 75.1673202515 50
4536 100.04032135 -95.162979126 50
4537 118.143074036 75.0971832275 50
4538 64.2635269165 -94.8937530518 50
4539 54.6835250854 74.8814315796 50
4540 184.845474243 -102.729370117 50
4541 15.1501922607 82.7320404053 50
4542 27.2525634766 -94.3047180176 50
4543 55.0172157288 -94.6828536987 50
4544 45.7718009949 -94.5837554932 50
4545 27.6835632324 74.4691772461 50
4546 72.7708435059 74.8335952759 50
4547 82.1054153442 -95.3711547852 50
4548 63.7147254944 74.8400497437 50
4549 91.0152359009 -95.297668457 50
4550 109.133224487 -95.1979293823 50
4551 118.13759613 -95.2263259888 50
4552 109.084358215 75.1519775391 50
4553 81.9034042358 74.8849334717 50
4554 91.0165939331 75.1195983887 50
4555 127.244949341 74.8764038086 50
4556 127.050773621 -95.096824646 50
4557 163.220657349 -94.6954345703 50
4558 163.504928589 74.4497146606 50
4559 145.458724976 74.8179321289 50
4560 145.156768799 -94.7636947632 50
4561 17.1907653809 -93.7013702393 50
4562 182.847640991 73.632194519 50
4563 17.5677185059 73.5897445679 50
4564 182.419876099 -93.5726394653 50
4565 186.292907715 47.2953605652 50
4566 106.436584473 -68.4565658569 50
4567 29.504901886 54.1159744263 50
4568 170.4087677 -74.0444641113 50
4569 85.1823348999 55.2220916748 50
4570 164.356719971 -76.3941421509 50
4571 118.546234131 -69.5326080322 50
4572 35.5453720093 56.5120925903 50
4573 35.9396514893 -78.9823303223 50
4574 164.041763306 58.9206085205 50
4575 79.0513305664 -75.9448547363 50
4576 140.628372192 53.6759414673 50
4577 94.2615737915 -68.7609939575 50
4578 86.1971969604 -75.6174545288 50
4579 72.050491333 -75.5274505615 50
4580 58.9683303833 -73.4931945801 50
4581 126.107261658 55.1918182373 50
4582 169.354309082 54.3961219788 50
4583 30.588973999 -74.5480957031 50
4584 129.257980347 -74.6662750244 50
4585 158.476730347 -78.8684539795 50
4586 152.625091553 56.0995407104 50
4587 47.3943481445 -76.0595550537 50
4588 41.3844642639 59.0341300964 50
4589 65.412902832 -74.527923584 50
4590 107.737823486 52.559803009 50
4591 152.117767334 -81.0260009766 50
4592 133.591033936 54.3986434937 50
4593 53.6810112 62.2991905212 50
4594 47.675163269 61.2466049194 50
4595 141.010162354 -78.4361419678 50
4596 65.2005004883 60.801651001 50
4597 176.482772827 -71.0199356079 50
4598 185.974594116 -66.7693481445 50
4599 23.4336147308 51.0534744263 50
4600 13.9685401917 46.7728843689 50
4601 14.3841342926 -62.2280273438 50
4602 111.945770264 -69.2358398438 50
4603 119.180976868 52.0370979309 50
4604 183.983322144 -73.6865539551 50
4605 15.9627943039 53.7033729553 50
4606 21.3455677032 -79.8822250366 50
4607 178.73487854 59.4835243225 50
4608 24.6561012268 66.3606643677 50
4609 175.310165405 -86.3103790283 50
4610 77.4767074585 66.5667724609 50
4611 86.6701889038 -88.3752212524 50
4612 86.856803894 67.7153396606 50
4613 95.6909484863 67.9116592407 50
4614 104.556938171 67.8841323853 50
4615 122.394859314 -88.1087722778 50
4616 113.61504364 67.6610717773 50
4617 95.5607452393 -87.9235916138 50
4618 68.3375473022 67.5887908936 50
4619 104.735824585 -87.835395813 50
4620 113.714866638 -88.1452713013 50
4621 131.035690308 -87.6653060913 50
4622 122.566917419 67.700340271 50
4623 78.1717147827 -88.4769287109 50
4624 59.2251548767 66.7349243164 50
4625 131.708129883 66.6418991089 50
4626 140.396636963 -86.521156311 50
4627 69.669631958 -87.9808273315 50
4628 141.139358521 67.2857437134 50
4629 60.2946853638 -86.3317337036 50
4630 149.389877319 -87.6402282715 50
4631 50.4033813477 67.8190765381 50
4632 50.6428642273 -87.194694519 50
4633 149.74899292 67.4500579834 50
4634 41.5427093506 -86.1907272339 50
4635 158.554840088 66.228515625 50
4636 32.087272644 -86.7485351562 50
4637 167.926345825 66.6969833374 50
4638 41.5585212708 66.8065032959 50
4639 158.322494507 -86.6730194092 50
4640 32.8749008179 67.5961227417 50
4641 167.061828613 -87.5131835938 50
4642 97.5136489868 55.8175392151 50
4643 77.4831771851 57.4095306396 50
4644 23.5562801361 -86.4314727783 50
4645 176.484863281 66.2705535889 50
4646 23.3574047089 58.2258491516 50
4647 176.584533691 -78.1786575317 50
4648 107.211959839 -74.0129089355 50
4649 30.3751945496 60.8427047729 50
4650 169.555343628 -80.7599563599 50
4651 122.009796143 -75.2077407837 50
4652 163.554626465 -82.0417480469 50
4653 36.3476905823 62.1583099365 50
4654 93.4330673218 -74.2848510742 50
4655 146.014007568 -81.9934539795 50
4656 74.7976303101 -81.8056869507 50
4657 145.979797363 59.7947502136 50
4658 82.6045303345 -81.9213943481 50
4659 54.0425453186 -79.3983535767 50
4660 113.501358032 54.6598548889 50
4661 157.327148438 59.3917732239 50
4662 42.7101135254 -79.3836517334 50
4663 133.999221802 -80.3316040039 50
4664 67.2408218384 -80.8637390137 50
4665 71.6862030029 61.6091804504 50
4666 130.97366333 59.6796607971 50
4667 61.1918563843 -78.9229888916 50
4668 137.336730957 60.2461090088 50
4669 102.972846985 55.9344024658 50
4670 114.600242615 -75.0820465088 50
4671 100.316604614 -70.5391616821 50
4672 27.8999423981 -79.9866409302 50
4673 172.089645386 59.8014373779 50
4674 126.138305664 -81.2406845093 50
4675 118.53818512 59.8840522766 50
4676 118.102249146 -81.4705505371 50
4677 108.727264404 59.98645401 50
4678 91.5975723267 60.1611061096 50
4679 100.17653656 61.2825508118 50
4680 109.763366699 -81.0246505737 50
4681 100.251525879 -79.5612487793 50
4682 90.7862091064 -81.2806243896 50
4683 152.847167969 61.7929267883 50
4684 47.2665176392 -81.6453933716 50
4685 83.7193222046 61.4149665833 50
4686 125.97883606 61.8195533752 50
4687 9.09090900421 90 47.0588226318
4688 18.1818180084 90 47.0588226318
4689 27.2727279663 90 47.0588226318
4690 36.3636360168 90 47.0588226318
4691 45.4545440674 90 47.0588226318
4692 54.5454559326 90 47.0588226318
4693 63.6363639832 90 47.0588226318
4694 72.7272720337 90 47.0588226318
4695 81.8181838989 90 47.0588226318
4696 90.9090881348 90 47.0588226318
4697 100 90 47.0588226318
4698 109.090911865 90 47.0588226318
4699 118.181816101 90 47.0588226318
4700 127.272727966 90 47.0588226318
4701 136.363632202 90 47.0588226318
4702 145.454544067 90 47.0588226318
4703 154.545455933 90 47.0588226318
4704 163.636367798 90 47.0588226318
4705 172.727279663 90 47.0588226318
4706 181.81817627 90 47.0588226318
4707 190.909088135 90 47.0588226318
4708 9.09090900421 90 44.1176452637
4709 18.1818180084 90 44.1176452637
4710 27.2727279663 90 44.1176452637
4711 36.3636360168 90 44.1176452637
4712 45.4545440674 90 44.1176452637
4713 54.5454559326 90 44.1176452637
4714 63.6363639832 90 44.1176452637
4715 72.7272720337 90 44.1176452637
4716 81.8181838989 90 44.1176452637
4717 90.9090881348 90 44.1176452637
4718 100 90 44.1176452637
4719 109.090911865 90 44.1176452637
4720 118.181816101 90 44.1176452637
4721 127.272727966 90 44.1176452637
4722 136.363632202 90 44.1176452637
4723 145.454544067 90 44.1176452637
4724 154.545455933 90 44.1176452637
4725 163.636367798 90 44.1176452637
4726 172.727279663 90 44.1176452637
4727 181.81817627 90 44.1176452637
4728 190.909088135 90 44.1176452637
4729 9.09090900421 90 41.1764717102
4730 18.1818180084 90 41.1764717102
4731 27.2727279663 90 41.1764717102
4732 36.3636360168 90 41.1764717102
4733 45.4545440674 90 41.1764717102
4734 54.5454559326 90 41.1764717102
4735 63.6363639832 90 41.1764717102
4736 72.7272720337 90 41.1764717102
4737 81.8181838989 90 41.1764717102
4738 90.9090881348 90 41.1764717102
4739 100 90 41.1764717102
4740 109.090911865 90 41.1764717102
4741 118.181816101 90 41.1764717102
4742 127.272727966 90 41.1764717102
4743 136.363632202 90 41.1764717102
4744 145.454544067 90 41.1764717102
4745 154.545455933 90 41.1764717102
4746 163.636367798 90 41.1764717102
4747 172.727279663 90 41.1764717102
4748 181.81817627 90 41.1764717102
4749 190.909088135 90 41.1764717102
4750 9.09090900421 90 38.235294342
4751 18.1818180084 90 38.235294342
4752 27.2727279663 90 38.235294342
4753 36.3636360168 90 38.235294342
4754 45.4545440674 90 38.235294342
4755 54.5454559326 90 38.235294342
4756 63.6363639832 90 38.235294342
4757 72.7272720337 90 38.235294342
4758 81.8181838989 90 38.235294342
4759 90.9090881348 90 38.235294342
4760 100 90 38.235294342
4761 109.090911865 90 38.235294342
4762 118.181816101 90 38.235294342
4763 127.272727966 90 38.235294342
4764 136.363632202 90 38.235294342
4765 145.454544067 90 38.235294342
4766 154.545455933 90 38.235294342
4767 163.636367798 90 38.235294342
4768 172.727279663 90 38.235294342
4769 181.81817627 90 38.235294342
4770 190.909088135 90 38.235294342
4771 9.09090900421 90 35.2941169739
4772 18.1818180084 90 35.2941169739
4773 27.2727279663 90 35.2941169739
4774 36.3636360168 90 35.2941169739
4775 45.4545440674 90 35.2941169739
4776 54.5454559326 90 35.2941169739
4777 63.6363639832 90 35.2941169739
4778 72.7272720337 90 35.2941169739
4779 81.8181838989 90 35.2941169739
4780 90.9090881348 90 35.2941169739
4781 100 90 35.2941169739
4782 109.090911865 90 35.2941169739
4783 118.181816101 90 35.2941169739
4784 127.272727966 90 35.2941169739
4785 136.363632202 90 35.2941169739
4786 145.454544067 90 35.2941169739
4787 154.545455933 90 35.2941169739
4788 163.636367798 90 35.2941169739
4789 172.727279663 90 35.2941169739
4790 181.81817627 90 35.2941169739
4791 190.909088135 90 35.2941169739
4792 9.09090900421 90 32.3529396057
4793 18.1818180084 90 32.3529396057
4794 27.2727279663 90 32.3529396057
4795 36.3636360168 90 32.3529396057
4796 45.4545440674 90 32.3529396057
4797 54.5454559326 90 32.3529396057
4798 63.6363639832 90 32.3529396057
4799 72.7272720337 90 32.3529396057
4800 81.8181838989 90 32.3529396057
4801 90.9090881348 90 32.3529396057
4802 100 90 32.3529396057
4803 109.090911865 90 32.3529396057
4804 118.181816101 90 32.3529396057
4805 127.272727966 90 32.3529396057
4806 136.363632202 90 32.3529396057
4807 145.454544067 90 32.3529396057
4808 154.545455933 90 32.3529396057
4809 163.636367798 90 32.3529396057
4810 172.727279663 90 32.3529396057
4811 181.81817627 90 32.3529396057
4812 190.909088135 90 32.3529396057
4813 9.09090900421 90 29.4117641449
4814 18.1818180084 90 29.4117641449
4815 27.2727279663 90 29.4117641449
4816 36.3636360168 90 29.4117641449
4817 45.4545440674 90 29.4117641449
4818 54.5454559326 90 29.4117641449
4819 63.6363639832 90 29.4117641449
4820 72.7272720337 90 29.4117641449
4821 81.8181838989 90 29.4117641449
4822 90.9090881348 90 29.4117641449
4823 100 90 29.4117641449
4824 109.090911865 90 29.4117641449
4825 118.181816101 90 29.4117641449
4826 127.272727966 90 29.4117641449
4827 136.363632202 90 29.4117641449
4828 145.454544067 90 29.4117641449
4829 154.545455933 90 29.4117641449
4830 163.636367798 90 29.4117641449
4831 172.727279663 90 29.4117641449
4832 181.81817627 90 29.4117641449
4833 190.909088135 90 29.4117641449
4834 9.09090900421 90 26.4705886841
4835 18.1818180084 90 26.4705886841
4836 27.2727279663 90 26.4705886841
4837 36.3636360168 90 26.4705886841
4838 45.4545440674 90 26.4705886841
4839 54.5454559326 90 26.4705886841
4840 63.6363639832 90 26.4705886841
4841 72.7272720337 90 26.4705886841
4842 81.8181838989 90 26.4705886841
4843 90.9090881348 90 26.4705886841
4844 100 90 26.4705886841
4845 109.090911865 90 26.4705886841
4846 118.181816101 90 26.4705886841
4847 127.272727966 90 26.4705886841
4848 136.363632202 90 26.4705886841
4849 145.454544067 90 26.4705886841
4850 154.545455933 90 26.4705886841
4851 163.636367798 90 26.4705886841
4852 172.727279663 90 26.4705886841
4853 181.81817627 90 26.4705886841
4854 190.909088135 90 26.4705886841
4855 9.09090900421 90 23.5294113159
4856 18.1818180084 90 23.5294113159
4857 27.2727279663 90 23.5294113159
4858 36.3636360168 90 23.5294113159
4859 45.4545440674 90 23.5294113159
4860 54.5454559326 90 23.5294113159
4861 63.6363639832 90 23.5294113159
4862 72.7272720337 90 23.5294113159
4863 81.8181838989 90 23.5294113159
4864 90.9090881348 90 23.5294113159
4865 100 90 23.5294113159
4866 109.090911865 90 23.5294113159
4867 118.181816101 90 23.5294113159
4868 127.272727966 90 23.5294113159
4869 136.363632202 90 23.5294113159
4870 145.454544067 90 23.5294113159
4871 154.545455933 90 23.5294113159
4872 163.636367798 90 23.5294113159
4873 172.727279663 90 23.5294113159
4874 181.81817627 90 23.5294113159
4875 190.909088135 90 23.5294113159
4876 9.09090900421 90 20.5882358551
4877 18.1818180084 90 20.5882358551
4878 27.2727279663 90 20.5882358551
4879 36.3636360168 90 20.5882358551
4880 45.4545440674 90 20.5882358551
4881 54.5454559326 90 20.5882358551
4882 63.6363639832 90 20.5882358551
4883 72.7272720337 90 20.5882358551
4884 81.8181838989 90 20.5882358551
4885 90.9090881348 90 20.5882358551
4886 100 90 20.5882358551
4887 109.090911865 90 20.5882358551
4888 118.181816101 90 20.5882358551
4889 127.272727966 90 20.5882358551
4890 136.363632202 90 20.5882358551
4891 145.454544067 90 20.5882358551
4892 154.545455933 90 20.5882358551
4893 163.636367798 90 20.5882358551
4894 172.727279663 90 20.5882358551
4895 181.81817627 90 20.5882358551
4896 190.909088135 90 20.5882358551
4897 9.09090900421 90 17.6470584869
4898 18.1818180084 90 17.6470584869
4899 27.2727279663 90 17.6470584869
4900 36.3636360168 90 17.6470584869
4901 45.4545440674 90 17.6470584869
4902 54.5454559326 90 17.6470584869
4903 63.6363639832 90 17.6470584869
4904 72.7272720337 90 17.6470584869
4905 81.8181838989 90 17.6470584869
4906 90.9090881348 90 17.6470584869
4907 100 90 17.6470584869
4908 109.090911865 90 17.6470584869
4909 118.181816101 90 17.6470584869
4910 127.272727966 90 17.6470584869
4911 136.363632202 90 17.6470584869
4912 145.454544067 90 17.6470584869
4913 154.545455933 90 17.6470584869
4914 163.636367798 90 17.6470584869
4915 172.727279663 90 17.6470584869
4916 181.81817627 90 17.6470584869
4917 190.909088135 90 17.6470584869
4918 9.09090900421 90 14.7058820724
4919 18.1818180084 90 14.7058820724
4920 27.2727279663 90 14.7058820724
4921 36.3636360168 90 14.7058820724
4922 45.4545440674 90 14.7058820724
4923 54.5454559326 90 14.7058820724
4924 63.6363639832 90 14.7058820724
4925 72.7272720337 90 14.7058820724
4926 81.8181838989 90 14.7058820724
4927 90.9090881348 90 14.7058820724
4928 100 90 14.7058820724
4929 109.090911865 90 14.7058820724
4930 118.181816101 90 14.7058820724
4931 127.272727966 90 14.7058820724
4932 136.363632202 90 14.7058820724
4933 145.454544067 90 14.7058820724
4934 154.545455933 90 14.7058820724
4935 163.636367798 90 14.7058820724
4936 172.727279663 90 14.7058820724
4937 181.81817627 90 14.7058820724
4938 190.909088135 90 14.7058820724
4939 9.09090900421 90 11.764705658
4940 18.1818180084 90 11.764705658
4941 27.2727279663 90 11.764705658
4942 36.3636360168 90 11.764705658
4943 45.4545440674 90 11.764705658
4944 54.5454559326 90 11.764705658
4945 63.6363639832 90 11.764705658
4946 72.7272720337 90 11.764705658
4947 81.8181838989 90 11.764705658
4948 90.9090881348 90 11.764705658
4949 100 90 11.764705658
4950 109.090911865 90 11.764705658
4951 118.181816101 90 11.764705658
4952 127.272727966 90 11.764705658
4953 136.363632202 90 11.764705658
4954 145.454544067 90 11.764705658
4955 154.545455933 90 11.764705658
4956 163.636367798 90 11.764705658
4957 172.727279663 90 11.764705658
4958 181.81817627 90 11.764705658
4959 190.909088135 90 11.764705658
4960 9.09090900421 90 8.82352924347
4961 18.1818180084 90 8.82352924347
4962 27.2727279663 90 8.82352924347
4963 36.3636360168 90 8.82352924347
4964 45.4545440674 90 8.82352924347
4965 54.5454559326 90 8.82352924347
4966 63.6363639832 90 8.82352924347
4967 72.7272720337 90 8.82352924347
4968 81.8181838989 90 8.82352924347
4969 90.9090881348 90 8.82352924347
4970 100 90 8.82352924347
4971 109.090911865 90 8.82352924347
4972 118.181816101 90 8.82352924347
4973 127.272727966 90 8.82352924347
4974 136.363632202 90 8.82352924347
4975 145.454544067 90 8.82352924347
4976 154.545455933 90 8.82352924347
4977 163.636367798 90 8.82352924347
4978 172.727279663 90 8.82352924347
4979 181.81817627 90 8.82352924347
4980 190.909088135 90 8.82352924347
4981 9.09090900421 90 5.88235282898
4982 18.1818180084 90 5.88235282898
4983 27.2727279663 90 5.88235282898
4984 36.3636360168 90 5.88235282898
4985 45.4545440674 90 5.88235282898
4986 54.5454559326 90 5.88235282898
4987 63.6363639832 90 5.88235282898
4988 72.7272720337 90 5.88235282898
4989 81.8181838989 90 5.88235282898
4990 90.9090881348 90 5.88235282898
4991 100 90 5.88235282898
4992 109.090911865 90 5.88235282898
4993 118.181816101 90 5.88235282898
4994 127.272727966 90 5.88235282898
4995 136.363632202 90 5.88235282898
4996 145.454544067 90 5.88235282898
4997 154.545455933 90 5.88235282898
4998 163.636367798 90 5.88235282898
4999 172.727279663 90 5.88235282898
5000 181.81817627 90 5.88235282898
5001 190.909088135 90 5.88235282898
5002 9.09090900421 90 2.94117641449
5003 18.1818180084 90 2.94117641449
5004 27.2727279663 90 2.94117641449
5005 36.3636360168 90 2.94117641449
5006 45.4545440674 90 2.94117641449
5007 54.5454559326 90 2.94117641449
5008 63.6363639832 90 2.94117641449
5009 72.7272720337 90 2.94117641449
5010 81.8181838989 90 2.94117641449
5011 90.9090881348 90 2.94117641449
5012 100 90 2.94117641449
5013 109.090911865 90 2.94117641449
5014 118.181816101 90 2.94117641449
5015 127.272727966 90 2.94117641449
5016 136.363632202 90 2.94117641449
5017 145.454544067 90 2.94117641449
5018 154.545455933 90 2.94117641449
5019 163.636367798 90 2.94117641449
5020 172.727279663 90 2.94117641449
5021 181.81817627 90 2.94117641449
5022 190.909088135 90 2.94117641449
5023 156.517288208 -8.86593437195 26.0781230927
5024 161.181411743 -9.50374221802 29.7576217651
5025 156.234375 -10.7830142975 30.6973609924
5026 158.416519165 -11.6302223206 26.9252929688
5027 152.599151611 -10.4647436142 25.536075592
5028 152.322402954 -9.33323478699 29.6233119965
5029 154.103637695 -6.15333604813 25.2526226044
5030 155.250915527 -8.60447883606 21.0558567047
5031 155.482147217 -11.5704584122 24.4322834015
5032 161.749969482 -9.62554740906 25.6571216583
5033 46.0708045959 -3.36279916763 25.1771774292
5034 47.5439834595 -8.1370267868 25.0128211975
5035 44.4254951477 -5.89853715897 23.6926689148
5036 49.931022644 -5.44986724854 22.5977878571
5037 50.3169403076 -4.25563335419 26.8042221069
5038 50.6128501892 -1.30410683155 23.8494682312
5039 47.7019119263 -0.502322912216 26.4286308289
5040 197.739257812 -15.8658180237 21.8838634491
5041 195.058303833 -17.5527534485 17.6730632782
5042 40.9147834778 -4.44790935516 27.4146671295
5043 41.4767799377 -2.51656603813 23.5722560883
5044 44.2282066345 -1.51336789131 28.91771698
5045 43.5093841553 1.9202413559 27.8614120483
5046 48.8255462646 -1.55419754982 30.8659191132
5047 46.5724258423 -4.8037571907 32.9814147949
5048 54.1401138306 -3.87330818176 28.0686244965
5049 53.3076515198 -5.81930780411 25.1186656952
5050 55.3127326965 -3.21864247322 23.1638965607
5051 57.8432540894 -6.31075668335 25.0388298035
5052 195.444229126 -21.9666137695 19.9296245575
5053 154.178207397 -2.39625406265 24.0883197784
5054 152.630050659 2.23675298691 26.6885681152
5055 150.66569519 -1.1166652441 26.1589736938
5056 155.237197876 -1.60748100281 28.6589946747
5057 156.060577393 4.01880121231 27.173992157
5058 154.323410034 1.42828655243 22.36003685
5059 159.399993896 -3.37077260017 23.1088409424
5060 158.752944946 -0.0901035219431 26.6482448578
5061 194.891723633 -87.7849197388 17.7964248657
5062 194.51171875 -87.4527130127 26.66614151
5063 152.576385498 -0.341915547848 17.9055728912
5064 149.291366577 -3.75109791756 22.5560455322
5065 159.198150635 -5.90904188156 27.7805633545
5066 194.612518311 77.2105178833 41.1786193848
5067 159.448745728 -6.74370718002 24.2304019928
5068 155.810638428 -2.17274188995 19.2921352386
5069 152.93598938 -5.1572508812 20.4402618408
5070 158.120742798 -5.53319692612 20.6573314667
5071 105.147567749 -22.9025554657 18.4168682098
5072 103.096595764 -25.5195999146 21.2245540619
5073 105.842300415 -28.2558403015 19.9785804749
5074 107.75428009 -22.9264640808 21.1987476349
5075 109.845909119 -25.1519432068 17.3633098602
5076 106.986190796 -20.4939136505 15.6888275146
5077 104.740539551 -25.7789802551 15.6932067871
5078 99.3740997314 -24.7665920258 17.2980918884
5079 100.452697754 -22.4990310669 21.5543804169
5080 187.118347168 -1.62601006031 21.1863937378
5081 192.721908569 -5.27834749222 21.3109092712
5082 189.678207397 -1.93133330345 17.7049179077
5083 106.179771423 -19.448507309 20.6227149963
5084 127.799484253 -15.816116333 27.7254314423
5085 127.006156921 -13.5191030502 22.9273605347
5086 124.035293579 -16.9099845886 26.2847270966
5087 125.1171875 -13.0396280289 27.1504268646
5088 127.62247467 -19.4555683136 25.4802856445
5089 129.543151855 -15.9313907623 24.4800491333
5090 132.058013916 -18.4148693085 26.1103477478
5091 126.118919373 -15.7050056458 30.853313446
5092 125.59929657 -19.3605957031 30.0149517059
5093 131.406768799 -13.9460172653 26.9330654144
5094 129.360244751 -18.1220378876 30.103521347
5095 130.277359009 -13.8341093063 30.7728176117
5096 60.812412262 -4.44350481033 27.1227340698
5097 57.7452049255 -5.8500123024 31.1548137665
5098 56.1453361511 -1.29089343548 26.1175613403
5099 54.5456771851 -6.92165613174 21.1335411072
5100 53.0643196106 -10.3549995422 22.5949134827
5101 51.319152832 -8.39845752716 27.0572757721
5102 55.707775116 -8.11796569824 27.4116535187
5103 39.4583969116 -22.3502178192 28.0104045868
5104 36.0581741333 -20.7585086823 25.6776752472
5105 39.426399231 -22.3771629333 23.7713031769
5106 36.8619346619 -26.404586792 27.3271846771
5107 61.7602119446 -13.533367157 2.25272774696
5108 58.2158241272 -12.5853767395 2.67847681046
5109 38.0854301453 -18.7653770447 31.5468082428
5110 39.4355506897 -22.2169704437 32.4198493958
5111 41.6893539429 -19.5591373444 28.7061271667
5112 36.5318527222 -20.8429775238 29.2187366486
5113 154.806976318 -15.4286909103 25.0879364014
5114 157.12928772 -20.8068180084 25.3450393677
5115 154.544815063 -19.7698783875 22.5778656006
5116 157.165206909 -16.6587543488 22.0211238861
5117 153.922775269 -14.7075662613 29.3294811249
5118 153.962921143 -20.03490448 27.270154953
5119 150.117126465 -15.9556026459 26.8945884705
5120 151.635818481 -18.0501880646 29.346616745
5121 150.843063354 -15.7488222122 22.4710960388
5122 149.873260498 -20.0033893585 25.6780033112
5123 155.671112061 -11.6612434387 19.737323761
5124 158.645675659 -12.0776643753 22.6278972626
5125 196.215530396 4.56568527222 21.1553611755
5126 194.829452515 6.07845544815 16.7033023834
5127 198.247650146 5.23857593536 21.3493461609
5128 196.835220337 -3.47911167145 20.3319988251
5129 194.946289062 -3.98167252541 16.4041309357
5130 195.247116089 -3.91302418709 20.7102851868
5131 195.482116699 1.02393937111 18.5382556915
5132 145.465362549 -11.8524560928 21.4313087463
5133 148.011825562 -10.47245121 19.4415931702
5134 144.881576538 -7.99185752869 20.9513149261
5135 147.624008179 -7.01807308197 22.7827606201
5136 142.828704834 -9.57826328278 23.27202034
5137 142.53302002 -11.4191637039 19.510799408
5138 144.973892212 -14.2228631973 24.179523468
5139 148.451843262 -12.2937469482 23.3872699738
5140 146.561706543 -15.9243154526 27.1232910156
5141 141.731384277 -15.3753061295 28.0148582458
5142 143.931015015 -11.3697528839 28.0355911255
5143 147.102966309 -17.7218170166 23.2134208679
5144 147.664031982 -19.0217075348 30.8405303955
5145 149.389373779 -16.1629009247 31.3290424347
5146 147.533874512 -12.1497297287 27.6228904724
5147 152.355895996 -5.33390903473 28.5740699768
5148 155.808029175 -6.94552612305 30.1920909882
5149 151.458709717 0.178794667125 30.2681827545
5150 149.03692627 -3.93026208878 26.6235656738
5151 148.368865967 -4.22130918503 30.8440990448
5152 88.089553833 6.33948135376 25.6578807831
5153 87.0844955444 1.82445764542 25.0931892395
5154 91.7761383057 4.66205120087 28.4104232788
5155 87.1573562622 1.1171412468 29.4261245728
5156 84.1654052734 5.26857185364 28.6357059479
5157 81.9282226562 2.38227629662 24.8785991669
5158 85.1524810791 8.48438930511 22.3943977356
5159 88.9305114746 10.006146431 29.4625759125
5160 87.9768753052 4.27013254166 33.1223564148
5161 153.333267212 -23.3055229187 25.1050357819
5162 159.591186523 -21.5298156738 28.246421814
5163 156.123352051 -17.7004146576 29.4664993286
5164 161.819519043 -21.0123844147 24.5967292786
5165 156.869338989 -26.2235870361 22.8832645416
5166 157.923217773 -21.9806251526 21.4271831512
5167 159.122238159 -17.3026123047 25.0130615234
5168 194.732421875 -77.6771621704 40.9171638489
5169 196.931686401 -82.0821914673 37.1651191711
5170 194.726928711 -79.1718826294 32.3601875305
5171 45.7202224731 -13.1501054764 26.5467395782
5172 48.9229011536 -13.9176416397 23.723613739
5173 50.2736930847 -12.4927568436 27.3735847473
5174 48.1729469299 -16.003786087 28.861623764
5175 41.3434677124 -10.6980895996 28.1388168335
5176 44.7546234131 -15.713054657 29.8729228973
5177 44.6117706299 -11.1802482605 30.8180274963
5178 44.3961334229 -12.9027357101 21.9473361969
5179 41.2216644287 -13.7995185852 25.7298698425
5180 41.493850708 -9.80375003815 23.8907165527
5181 44.7947349548 -16.1300201416 23.9130916595
5182 134.766967773 -6.34546041489 42.2545166016
5183 133.213241577 -2.87988090515 38.5572967529
5184 136.459640503 -5.25931215286 40.5288887024
5185 134.871841431 -6.6782989502 38.5232276917
5186 137.469863892 -7.10246562958 26.9557952881
5187 139.815505981 -11.5102262497 24.6938037872
5188 134.921096802 -9.21983337402 26.763999939
5189 136.632980347 -6.80342006683 23.0394210815
5190 137.746078491 -10.6164178848 28.8164653778
5191 142.90032959 -7.97105026245 27.2949867249
5192 136.752182007 -11.6271467209 22.5054206848
5193 138.629623413 -15.0890302658 21.6120929718
5194 136.718734741 -13.6233158112 26.1434555054
5195 57.9058303833 -0.554062366486 47.7997703552
5196 152.434936523 -11.4490203857 21.3249435425
5197 194.995574951 -89.857711792 34.0593338013
5198 195.014968872 84.7437438965 4.87318754196
5199 161.411483765 -10.9669370651 4.56067562103
5200 158.505432129 -12.5512170792 4.07094812393
5201 158.680130005 -11.3431749344 6.19739055634
5202 159.19493103 -11.0939569473 2.39264440536
5203 122.382286072 -20.7158184052 29.7639255524
5204 122.951873779 -20.7857456207 25.4178142548
5205 121.193443298 -13.841550827 29.7487373352
5206 47.6602592468 -21.1479473114 25.6212787628
5207 42.3468322754 -20.4820423126 25.2633800507
5208 39.7930450439 -17.3095722198 26.4593601227
5209 44.7282600403 -24.3106956482 24.5391426086
5210 43.3495979309 -21.3673458099 21.8781433105
5211 109.354103088 14.2242002487 46.8602104187
5212 109.45715332 12.7435255051 41.169631958
5213 105.740646362 14.7773361206 45.9676017761
5214 108.244338989 16.0128555298 42.9406433105
5215 41.7374229431 -26.0094776154 26.5690402985
5216 40.3912124634 -17.9009304047 22.9159450531
5217 186.275253296 85.2111663818 11.2901668549
5218 188.382278442 84.3484039307 5.66945362091
5219 191.458892822 83.1977615356 10.0778846741
5220 45.8627433777 -105.074645996 27.3823928833
5221 52.9035453796 -99.3261642456 28.4851455688
5222 49.5785293579 -106.72428894 28.8342857361
5223 53.9657745361 -105.27772522 25.5342769623
5224 90.5227279663 -12.6112718582 24.532333374
5225 89.2978515625 -13.2317523956 19.8519916534
5226 88.1985778809 -9.39312458038 23.6069335938
5227 94.5636520386 -11.8593034744 21.4208679199
5228 88.9041595459 -13.3920202255 29.6624965668
5229 86.5362472534 -11.265463829 26.4060268402
5230 86.7803878784 -16.1044540405 25.2098426819
5231 134.169204712 -48.2789077759 9.87860965729
5232 131.946136475 -48.2917518616 4.24747991562
5233 137.609146118 -48.6411857605 4.23148202896
5234 131.938919067 -52.4958229065 3.74355220795
5235 93.3885803223 -10.5096607208 25.577791214
5236 92.9931411743 -15.9519701004 25.5728797913
5237 153.584442139 -15.4828853607 33.2292251587
5238 150.324615479 -21.8444919586 29.3426437378
5239 153.145675659 -20.1325855255 31.7843704224
5240 43.8294410706 3.08855485916 31.9013900757
5241 38.1904258728 2.64823818207 29.4420471191
5242 43.1870651245 5.54582309723 26.6983127594
5243 46.9921531677 5.55779600143 29.0927562714
5244 45.5641937256 4.56403970718 23.5189838409
5245 42.7043495178 2.52149701118 21.1386547089
5246 45.7119064331 -1.07899975777 21.7512378693
5247 79.2888259888 -15.6554555893 24.3299064636
5248 83.3456878662 -11.5668392181 24.5432815552
5249 85.0078430176 -13.6506671906 29.3014335632
5250 178.890365601 84.7214126587 7.9574546814
5251 83.8584136963 -19.5454292297 27.7725391388
5252 81.137260437 -19.160484314 23.9846763611
5253 79.2718658447 -20.0250816345 29.224609375
5254 77.5307388306 -21.3864059448 24.0765380859
5255 78.5228729248 -18.682767868 20.0664024353
5256 82.1539993286 -14.1072721481 20.5840244293
5257 144.890075684 -4.26755571365 26.5826091766
5258 143.152908325 -3.47463130951 22.2826423645
5259 6.9070224762 -0.8214417696 25.1878471375
5260 12.5123462677 -1.70658075809 23.5134792328
5261 7.92502880096 -0.417423695326 23.1684017181
5262 8.05613613129 2.2476375103 26.8438110352
5263 147.207382202 -13.458111763 17.7486972809
5264 144.28729248 -3.80364727974 18.4273471832
5265 140.863128662 -8.01458835602 18.9955940247
5266 143.63432312 -7.1101102829 16.8090858459
5267 61.3497390747 -7.61851835251 22.9858970642
5268 60.2466697693 -4.33002758026 23.223115921
5269 61.030330658 -8.14915084839 27.0616531372
5270 51.7378158569 -11.8496589661 18.6946372986
5271 48.2119026184 -11.6964530945 20.2733726501
5272 52.8350105286 -14.8581008911 22.368478775
5273 54.2293167114 -12.2322368622 26.3568687439
5274 175.356826782 79.9028930664 6.31404447556
5275 47.8820266724 -15.5471668243 19.9951610565
5276 48.4525756836 -18.5158176422 22.0532188416
5277 51.6003036499 -15.1954584122 18.4178791046
5278 133.501174927 -9.6852350235 42.7535591125
5279 134.790176392 -11.2382278442 47.5747413635
5280 131.637512207 -11.8320159912 43.3808097839
5281 134.951599121 -13.580663681 46.1492729187
5282 158.747253418 -17.8413963318 32.0201339722
5283 161.988357544 -14.6105928421 35.5358314514
5284 157.387298584 -14.4044065475 31.5255966187
5285 156.504684448 -15.5624818802 35.4859161377
5286 163.762664795 -20.3555164337 30.7376594543
5287 161.250610352 -17.8736057281 34.0987968445
5288 160.874237061 -21.8224830627 33.3957595825
5289 156.125427246 -18.7623386383 34.1119346619
5290 50.9180831909 -7.12398195267 3.84666395187
5291 52.0671195984 -3.07964992523 7.16141700745
5292 50.6266174316 -4.94328165054 2.20983529091
5293 48.718296051 -3.85943675041 3.4189658165
5294 96.5828323364 3.37788057327 25.5705509186
5295 98.4218444824 1.81845843792 29.0190696716
5296 93.8756332397 0.448097854853 29.2055492401
5297 94.9772033691 4.26944923401 33.3775596619
5298 98.4125823975 4.62261343002 21.6983203888
5299 100.614646912 1.84422695637 23.1053466797
5300 97.5569992065 -0.211200088263 24.9172649384
5301 94.5215454102 6.08498620987 21.7208251953
5302 95.1204071045 7.05689764023 26.6871757507
5303 99.3148727417 6.61561918259 27.2962017059
5304 91.6588516235 3.59126782417 24.4071350098
5305 94.4713897705 1.20798897743 20.6344871521
5306 92.3539657593 -1.02875387669 24.9770545959
5307 141.862380981 -104.462615967 19.403055191
5308 136.686584473 -99.5328826904 17.8148403168
5309 139.708312988 -104.4245224 11.3626251221
5310 131.978713989 -5.65173721313 22.4300384521
5311 133.024703979 -9.48040390015 22.6938495636
5312 132.086669922 -6.23864030838 26.5051002502
5313 127.508537292 -8.88709640503 22.7255153656
5314 130.785614014 -9.83573246002 26.2690582275
5315 130.226028442 -10.8108205795 20.9337596893
5316 194.624435425 40.1533203125 4.49787425995
5317 194.513061523 44.6634063721 9.7663602829
5318 127.147171021 -11.5689020157 30.1558437347
5319 127.35382843 -10.3402929306 25.9507751465
5320 132.15802002 -6.80063581467 30.4020366669
5321 129.752807617 -9.06881713867 30.2302379608
5322 134.79208374 -12.0902957916 30.4527626038
5323 126.934547424 -5.63847303391 26.6192111969
5324 124.992622375 -8.38025760651 29.5887355804
5325 41.9821357727 -8.76169681549 30.8663749695
5326 47.5291404724 -8.4722700119 33.6118278503
5327 44.4103317261 -8.9973077774 36.2977218628
5328 38.499382019 -8.17213535309 34.0459442139
5329 38.0901107788 -12.6266870499 31.1841773987
5330 41.6005592346 -9.94517230988 34.1178588867
5331 46.6724624634 -7.96110248566 29.3555793762
5332 41.5370101929 -15.3541822433 30.7053604126
5333 38.1959571838 -9.75887012482 29.0664558411
5334 38.9447479248 -6.6785774231 30.7109794617
5335 42.3640289307 -7.57723331451 27.6122341156
5336 48.8023490906 -9.07332229614 16.3522644043
5337 51.9120941162 -8.49834156036 18.8742313385
5338 43.9176177979 -13.5904226303 18.1457042694
5339 45.4089241028 -7.75784015656 16.0397148132
5340 44.8594436646 -8.64409255981 21.7116355896
5341 48.0278015137 -12.2803440094 16.4230384827
5342 41.23595047 -14.6956691742 22.6569309235
5343 43.8091163635 -17.823677063 19.8897705078
5344 151.130630493 -12.5545330048 28.0472335815
5345 150.445404053 -7.77566051483 19.9295368195
5346 148.182998657 -7.69012832642 26.9849052429
5347 194.273193359 -84.030456543 34.4421157837
5348 194.79119873 -89.556968689 39.7753257751
5349 194.947311401 -83.1722259521 40.2921638489
5350 35.6438674927 80.7733764648 23.3485412598
5351 40.5718078613 84.7446517944 21.4572925568
5352 62.7146339417 -19.0952663422 27.6467857361
5353 60.2187767029 -17.0597858429 29.4054203033
5354 62.1763572693 -15.6889953613 26.0818958282
5355 58.7899284363 -18.1455802917 25.0347156525
5356 60.8625068665 -18.8895626068 33.3547515869
5357 59.8455886841 -20.7244377136 29.366765976
5358 63.4585914612 -22.2895298004 29.406709671
5359 132.236541748 -14.096906662 23.0725803375
5360 127.912025452 -7.65739917755 18.9416656494
5361 127.520515442 -12.358332634 18.8774223328
5362 130.304092407 -11.4681816101 16.7883796692
5363 130.930557251 -14.8922100067 19.3206996918
5364 108.107597351 -12.0341768265 25.3632144928
5365 112.18258667 -9.47440433502 29.6923904419
5366 112.230979919 -14.73416996 25.4646682739
5367 110.508926392 -8.88955116272 25.0653324127
5368 106.138259888 -15.3292865753 25.6011295319
5369 105.513084412 -13.0216932297 21.1617012024
5370 111.022651672 -15.9356555939 21.2116317749
5371 111.713134766 -10.5101289749 21.1229724884
5372 108.008499146 -10.2474327087 20.9419364929
5373 106.45489502 -8.25126361847 24.8940906525
5374 104.273338318 -11.3136978149 25.1828594208
5375 161.696304321 -10.478969574 21.1534252167
5376 159.948074341 -8.71982860565 17.7786922455
5377 152.197280884 -11.3528442383 17.222114563
5378 157.002639771 -6.62638235092 15.4119310379
5379 155.594696045 -11.1992082596 16.1326503754
5380 153.693954468 -8.41045570374 16.5887241364
5381 160.449951172 -10.2025279999 37.613735199
5382 158.610641479 -12.220618248 36.070186615
5383 159.00352478 -13.4927902222 40.45570755
5384 155.798843384 -10.8302354813 40.2022018433
5385 71.0865478516 -17.5684223175 46.9035186768
5386 74.2175140381 -15.9457683563 44.1046295166
5387 72.0316162109 -14.9952840805 47.9146156311
5388 75.1215744019 -15.3730278015 47.458530426
5389 160.967422485 -8.37175273895 34.894203186
5390 163.475738525 -10.8794946671 35.9674682617
5391 161.831619263 -11.4677267075 33.8064079285
5392 156.713363647 -8.58038043976 35.9710617065
5393 162.311828613 -7.73515987396 39.0550231934
5394 160.118652344 -6.56770706177 37.8411979675
5395 153.140533447 -11.7345237732 33.5050354004
5396 149.124954224 -8.17423629761 31.0571327209
5397 147.311645508 -13.0315151215 31.669424057
5398 123.522529602 -20.8557987213 21.0634880066
5399 126.636566162 -16.6266841888 20.6469917297
5400 72.3633651733 -11.9653892517 47.1487503052
5401 24.0659694672 -72.94581604 42.6534957886
5402 29.7427501678 -80.2912216187 44.3591499329
5403 28.8204021454 -70.7657012939 44.7122383118
5404 126.319442749 -20.7137565613 19.1329174042
5405 121.503479004 -17.1092853546 17.1235847473
5406 69.8503189087 -104.744094849 9.04826068878
5407 85.7240829468 -1.7497137785 24.8319225311
5408 80.7951660156 -0.101696796715 20.8338890076
5409 86.6712646484 -1.09527599812 20.318315506
5410 83.3326568604 -2.60371804237 20.4608650208
5411 87.0322647095 2.70595145226 20.9239635468
5412 89.6864547729 -4.61694860458 25.0776844025
5413 90.8475265503 -2.59260559082 20.6725826263
5414 86.4402694702 -4.85096549988 19.875038147
5415 19.8626728058 -2.96698236465 18.406578064
5416 13.7666349411 -4.76606655121 17.2199497223
5417 18.8018112183 -4.71807336807 21.3523826599
5418 15.4717950821 -0.147361129522 21.3784294128
5419 55.0196113586 -9.26015663147 16.8099575043
5420 58.4881362915 -9.46152019501 19.4082565308
5421 58.0804862976 -10.3195619583 22.8666973114
5422 52.2984161377 -4.44284677505 19.2738456726
5423 55.4931259155 -3.83688306808 19.2873630524
5424 69.8335876465 -19.2674560547 24.9357566833
5425 67.8315582275 -14.9263830185 27.5862884521
5426 69.9168319702 -15.7040691376 22.2861480713
5427 65.152130127 -17.888250351 23.2481994629
5428 71.4762802124 -15.3473348618 29.6589012146
5429 73.1951675415 -16.9958324432 24.8300247192
5430 68.9160842896 -21.3395900726 29.2466564178
5431 73.5680923462 -22.7379207611 24.1097602844
5432 72.0917434692 -23.402053833 28.8971118927
5433 69.6150970459 -23.0124778748 24.8568439484
5434 43.4764671326 -2.93384790421 19.0023021698
5435 42.0125236511 -8.05129146576 20.15026474
5436 40.9042015076 -6.40578079224 24.0193939209
5437 40.5680999756 -12.0480613708 18.0224056244
5438 48.2938766479 -7.91229915619 20.5647621155
5439 73.8243331909 0.697327971458 21.192899704
5440 77.0466461182 4.6110458374 25.6688919067
5441 71.8730773926 -0.375657528639 25.3277244568
5442 77.0235671997 -0.987240791321 22.9593677521
5443 76.5278320312 -0.0426419638097 16.6419181824
5444 79.3298950195 -4.5355424881 20.6891365051
5445 74.6212539673 -3.48698377609 20.7245998383
5446 77.2296142578 5.42247390747 21.7141666412
5447 79.8611755371 -1.82355129719 25.2498874664
5448 74.908706665 0.0992111265659 29.3547935486
5449 74.2325515747 -3.53469848633 25.0879497528
5450 76.6550140381 2.85453772545 19.137966156
5451 36.8041572571 3.40372490883 25.6206703186
5452 32.4580574036 2.99603652954 22.1819477081
5453 34.7114677429 6.9207906723 24.8903446198
5454 36.6401557922 4.98509311676 21.9979228973
5455 37.7251243591 6.79698562622 27.1941661835
5456 39.2537689209 0.812754452229 26.2783222198
5457 35.8255767822 -0.421296566725 28.318157196
5458 41.5484657288 6.0541806221 22.1677722931
5459 38.2610092163 1.01596581936 21.9516010284
5460 35.5323371887 0.605695486069 24.2469177246
5461 13.3283815384 -5.21405267715 19.7737865448
5462 153.548202515 -4.08879613876 32.2579727173
5463 89.6646347046 -7.20298290253 20.8555049896
5464 85.6247711182 -11.1544294357 18.6886138916
5465 91.1570510864 -9.7498588562 16.5057621002
5466 89.1276473999 -12.2202386856 14.4428043365
5467 86.3933258057 -15.0946245193 20.9119529724
5468 89.4592971802 -18.8962574005 17.8229904175
5469 90.2160339355 -19.5826644897 22.7851772308
5470 91.8962402344 -16.4170303345 15.475605011
5471 92.98853302 -15.3190221786 21.0209369659
5472 92.5488891602 -9.36558437347 29.8719863892
5473 88.4293136597 -9.33265304565 29.4886474609
5474 93.0163040161 -12.9058618546 30.1060523987
5475 148.132415771 48.5660133362 5.04084730148
5476 158.912521362 -15.139415741 27.4915924072
5477 155.083221436 -15.6706428528 19.2865409851
5478 162.081359863 -15.8144073486 21.6720714569
5479 158.854431152 -13.5453653336 18.8163928986
5480 94.4174194336 -19.134475708 23.7731513977
5481 90.9672698975 -20.2640857697 27.7112312317
5482 12.6811704636 5.23290586472 18.3589134216
5483 8.99004077911 8.58751392365 18.6381263733
5484 12.8090629578 4.61884212494 23.8099308014
5485 11.8372526169 9.85128211975 23.4318313599
5486 193.54119873 -29.4684505463 5.28798913956
5487 195.307601929 -26.3341903687 4.81494283676
5488 157.093795776 9.48571395874 23.7877044678
5489 154.216567993 15.2157793045 27.5705928802
5490 158.289550781 13.9127254486 22.2164993286
5491 153.014526367 9.84819412231 22.8183765411
5492 158.079528809 4.89351129532 22.4314060211
5493 160.887908936 9.12422180176 24.8818531036
5494 160.701965332 8.73711299896 20.2154960632
5495 153.256134033 6.36626243591 24.4770488739
5496 154.204330444 6.14778757095 20.1270141602
5497 156.203460693 9.11399555206 19.0091743469
5498 95.7199783325 -3.89581131935 26.8457107544
5499 96.1154556274 -8.61128807068 29.5160617828
5500 97.1169586182 -7.96996164322 24.8291378021
5501 98.3016967773 -5.84563302994 29.0540008545
5502 93.1881408691 -5.62255144119 24.7083454132
5503 92.8629837036 -4.25998687744 29.4530582428
5504 91.2147903442 -6.98063516617 27.5294857025
5505 97.0116271973 -1.83529651165 20.451625824
5506 163.137023926 84.9239654541 6.12410974503
5507 98.4547119141 -2.33474397659 28.8787612915
5508 168.154434204 84.5740661621 43.9151649475
5509 159.181976318 84.6779556274 40.0938873291
5510 87.7722473145 -5.19005632401 31.5793361664
5511 149.137817383 -8.25771808624 15.2016067505
5512 48.0537605286 -11.2269382477 29.6011886597
5513 79.2413787842 51.5123519897 44.5877990723
5514 83.4108428955 46.6726913452 45.4197845459
5515 42.9101676941 -6.43144798279 17.5470561981
5516 46.6374549866 -4.75219488144 20.1475563049
5517 78.9676742554 -25.5379886627 24.7096233368
5518 82.9783096313 -24.8022708893 24.8593502045
5519 82.9496841431 -29.5541095734 27.3606491089
5520 83.2571868896 -28.8665237427 22.3751983643
5521 81.7174453735 -22.8334522247 29.4570331573
5522 74.7395172119 -25.9462471008 24.3806838989
5523 75.4020462036 -24.3658409119 19.9546718597
5524 77.1928100586 -29.9304218292 21.6867275238
5525 81.6001052856 -24.2862815857 20.7313461304
5526 193.411422729 -18.6464824677 24.6799564362
5527 194.763458252 -17.786365509 24.6253204346
5528 196.274993896 -23.6206188202 26.0038566589
5529 157.486541748 85.1345443726 7.87336540222
5530 16.1043510437 -99.8179397583 43.6998519897
5531 12.5610351562 -104.946510315 41.9862251282
5532 101.86390686 -18.8357467651 23.937379837
5533 101.699050903 -16.7176570892 29.5417041779
5534 100.583786011 -20.2653770447 29.3595027924
5535 102.880729675 -22.4425201416 25.7112140656
5536 103.09588623 -20.0046424866 16.189540863
5537 101.378684998 -15.5714931488 21.1603088379
5538 161.008621216 78.8837738037 5.80049800873
5539 5.76573038101 5.81072187424 21.8858509064
5540 4.56252336502 9.28956508636 26.0174484253
5541 4.13793849945 4.36781454086 22.7914428711
5542 6.28902244568 5.94262695312 23.7652282715
5543 106.885162354 -17.5804958344 30.0151042938
5544 108.74836731 -18.7536697388 25.6637268066
5545 102.705131531 -13.9855298996 27.3383483887
5546 136.741622925 -9.83787155151 18.9772434235
5547 133.453689575 -10.8067455292 18.8786869049
5548 140.230667114 -15.2596006393 24.4815807343
5549 140.437545776 -12.1818008423 30.6932086945
5550 67.0428390503 -11.1681365967 27.530954361
5551 69.3436203003 -7.38434934616 24.204328537
5552 65.6826400757 -8.71058940887 22.8742542267
5553 66.8006439209 -7.31311941147 27.3773040771
5554 67.4764480591 -12.0021944046 23.1013736725
5555 62.8253517151 -11.6326646805 26.5886325836
5556 70.3721542358 -9.57125091553 27.4053001404
5557 69.613822937 -10.5567426682 30.7758560181
5558 195.056152344 84.1802749634 15.9513721466
5559 187.961547852 85.4362258911 16.7333240509
5560 71.9767379761 -13.0481834412 24.0260124207
5561 64.4105834961 -13.8873291016 22.5355300903
5562 66.5928878784 -21.2850914001 24.9871921539
5563 67.6753692627 -18.266752243 20.5340576172
5564 66.904258728 -22.6872825623 20.8523025513
5565 158.644836426 -9.31992053986 32.8593559265
5566 158.674255371 -2.64788889885 30.936794281
5567 10.6404495239 -1.94042062759 28.2159194946
5568 5.44705486298 -3.47718787193 27.5328025818
5569 117.179458618 -41.8092269897 35.39635849
5570 118.13168335 -48.479183197 34.1700019836
5571 118.030502319 -42.069732666 30.5399913788
5572 120.840126038 -44.5539207458 35.1053123474
5573 155.255493164 -6.15768957138 34.1425132751
5574 149.947875977 84.3173751831 6.03709697723
5575 161.073425293 -13.5446062088 29.7760505676
5576 5.21621417999 -5.23868227005 38.4545021057
5577 7.35082006454 0.502090096474 37.535774231
5578 3.42150950432 -3.98597574234 40.4822387695
5579 5.22556734085 -2.42116189003 43.0464019775
5580 129.607727051 -3.32695627213 27.8749809265
5581 132.127120972 -1.68612802029 25.4703121185
5582 128.91178894 -4.15195178986 23.6139831543
5583 126.84450531 0.361477345228 24.8086471558
5584 127.837203979 0.349377810955 29.0748844147
5585 132.351745605 -0.226818099618 29.0941982269
5586 5.09877538681 -85.3092498779 44.9939689636
5587 5.56508827209 -79.4917144775 41.5518302917
5588 126.670455933 -4.45646524429 30.3497142792
5589 103.396575928 -5.81670045853 28.7965946198
5590 100.110099792 -11.0933876038 24.9712581635
5591 101.421188354 -8.11497879028 22.8541927338
5592 100.282417297 -11.2595787048 20.7194862366
5593 98.0406341553 -7.18293523788 20.3286571503
5594 100.028450012 -3.49766588211 24.8701953888
5595 101.031242371 -32.9478645325 18.6562767029
5596 98.5531539917 -33.3735733032 14.2547168732
5597 99.1463088989 -37.8698425293 15.2680273056
5598 95.9578170776 -35.1829719543 20.4214401245
5599 107.978050232 -31.7563896179 17.7362556458
5600 105.42036438 -30.0150051117 15.5117769241
5601 102.739631653 -28.9471073151 17.7758827209
5602 103.165542603 -28.7712211609 22.5332393646
5603 101.947975159 -29.9457378387 13.1398897171
5604 97.2165374756 -29.3689460754 17.7963237762
5605 103.558120728 -36.7007675171 17.2196331024
5606 103.63760376 -36.536781311 13.0544834137
5607 104.319076538 -32.668586731 12.6940422058
5608 103.021133423 -32.8409156799 21.7766895294
5609 96.205078125 -3.70844578743 17.0147895813
5610 99.4731903076 -4.24421691895 18.2295780182
5611 98.3508453369 -7.1711397171 16.0237922668
5612 94.0934829712 -5.1495051384 13.3751344681
5613 95.5438766479 -1.91417121887 13.6414499283
5614 92.3280258179 -6.98243236542 14.9972438812
5615 92.9647903442 -2.57665872574 15.4842243195
5616 94.3525085449 1.51055324078 16.3179912567
5617 98.0615463257 -0.675994277 15.5870828629
5618 101.43473053 -1.73920893669 16.2831096649
5619 13.3079032898 -4.44388484955 25.9015407562
5620 16.534034729 -2.35365247726 25.8369426727
5621 16.3738307953 -5.05146837234 23.285068512
5622 37.6126594543 -12.9846735001 2.15865254402
5623 37.7341499329 -10.095328331 2.09099149704
5624 140.782211304 -5.02911710739 26.5058097839
5625 143.606948853 -5.95293426514 30.7768688202
5626 141.179718018 -2.62075352669 30.3564472198
5627 147.547897339 -0.54254502058 29.712184906
5628 154.3646698 4.89819431305 34.6434288025
5629 155.265319824 9.04033470154 36.913230896
5630 154.670043945 9.24835586548 32.385269165
5631 151.886901855 6.4507818222 32.7690124512
5632 155.300842285 4.80997896194 39.4705085754
5633 158.162277222 6.51181125641 35.1082992554
5634 151.991943359 1.45876312256 34.2008323669
5635 156.210174561 3.22030830383 31.4113845825
5636 155.099090576 0.995563685894 36.0057640076
5637 186.975418091 -35.5073204041 17.1004619598
5638 183.226852417 -31.0957870483 18.2122631073
5639 182.457275391 -39.0314712524 13.1592664719
5640 178.969146729 -36.4907493591 18.4828071594
5641 136.869934082 10.8481264114 20.3979625702
5642 138.539138794 10.5064544678 15.4098548889
5643 137.610458374 7.82268667221 17.2756385803
5644 133.855422974 11.7854862213 17.8346595764
5645 139.232833862 13.4544878006 18.4828071594
5646 142.133483887 9.51927947998 17.3811168671
5647 20.3637657166 -5.59169483185 1.84919071198
5648 20.910446167 -4.02298307419 2.4117808342
5649 140.465896606 11.8703603745 22.9855537415
5650 134.223419189 8.15681648254 22.2012863159
5651 133.782775879 13.6790370941 22.8350830078
5652 135.971908569 16.0714035034 20.3081665039
5653 138.364959717 7.09271526337 21.6033725739
5654 137.738494873 4.01143550873 19.0486240387
5655 134.102554321 6.81751441956 17.0179157257
5656 134.212265015 3.38020944595 16.3160419464
5657 133.403625488 2.65932536125 20.5829105377
5658 137.962081909 0.0413713119924 20.5133266449
5659 138.675491333 3.19907069206 14.547003746
5660 135.883117676 -1.72632479668 15.738617897
5661 141.042953491 1.61031103134 16.8048324585
5662 138.766998291 2.97095155716 25.1223621368
5663 141.448852539 1.30270957947 21.1030654907
5664 142.445343018 5.25561141968 20.8221168518
5665 142.573638916 5.7649564743 16.3102703094
5666 163.0496521 -31.3997440338 23.9293441772
5667 163.253448486 -33.4874687195 20.2357215881
5668 166.816680908 -32.7972259521 22.7495002747
5669 166.238098145 -35.4926872253 26.1479625702
5670 160.740310669 -30.016916275 20.1879425049
5671 165.353591919 -29.3452911377 19.4420623779
5672 157.29826355 -31.8420467377 27.55834198
5673 163.13621521 -29.9029579163 27.8697662354
5674 158.133972168 -27.6783905029 26.6231842041
5675 163.810028076 -26.4859294891 22.9860992432
5676 155.806381226 -30.9509468079 22.9945030212
5677 159.388778687 -33.525592804 22.8902015686
5678 133.75680542 -16.0948238373 30.0716018677
5679 129.888427734 -19.6314544678 21.2238063812
5680 5.09323215485 -33.2054481506 29.1785907745
5681 7.27283096313 -30.9358234406 23.9866638184
5682 5.22087192535 -26.512014389 27.6445827484
5683 114.83807373 11.2584981918 20.3814334869
5684 114.708221436 14.1333017349 16.3844490051
5685 111.091148376 14.0694627762 17.6462688446
5686 113.899986267 16.7785434723 20.5017719269
5687 117.210266113 11.6222686768 24.503742218
5688 118.240249634 14.2772045135 20.4678649902
5689 99.0418930054 -25.9526767731 21.8622970581
5690 58.4485740662 -14.0121974945 23.8352050781
5691 60.3043327332 -17.1340274811 20.1656169891
5692 57.3682365417 -19.2259559631 20.6858577728
5693 55.5420036316 -15.1311883926 18.3484973907
5694 59.4460639954 -12.6639223099 18.5421028137
5695 56.0558547974 -15.8158245087 27.0259380341
5696 58.1834487915 -11.3388843536 26.8975753784
5697 54.8042221069 -20.0797576904 24.826581955
5698 36.9626655579 5.28935337067 17.9096355438
5699 39.9774856567 0.465918064117 18.8648910522
5700 44.1700134277 1.63559854031 17.5695705414
5701 47.7865562439 3.42101359367 20.3671073914
5702 42.4463729858 5.76181745529 17.9282798767
5703 96.7823867798 -16.5581607819 25.3128662109
5704 96.466255188 -13.9550409317 29.585849762
5705 103.39490509 -12.7623252869 31.629327774
5706 103.002532959 -9.52781486511 29.1260414124
5707 142.323959351 -8.97991847992 30.8855609894
5708 157.781692505 -104.372177124 8.19763565063
5709 154.308517456 -100.680015564 6.89945459366
5710 135.715942383 -8.35823535919 30.7787914276
5711 194.536727905 -14.7066297531 30.3785209656
5712 101.661911011 3.22906637192 28.1220340729
5713 103.135223389 5.55042982101 22.2243976593
5714 101.298576355 2.47952818871 16.4576931
5715 105.416770935 0.282805085182 20.3309726715
5716 101.958732605 -1.35427677631 20.5720901489
5717 101.31338501 5.75174283981 17.1045875549
5718 103.002807617 -0.881407856941 24.5793647766
5719 195.095687866 -36.6622161865 31.3206138611
5720 4.90409469604 -71.3098602295 36.2040405273
5721 148.958526611 2.78961038589 27.8861179352
5722 149.069091797 4.86106061935 22.0005817413
5723 146.648147583 0.442554324865 25.2918319702
5724 143.753875732 4.04917669296 25.0040626526
5725 145.232681274 2.95591568947 29.0548362732
5726 148.617263794 2.69810461998 33.4349937439
5727 150.137649536 1.47303962708 21.1253395081
5728 137.074279785 -16.9286899567 30.1498699188
5729 132.595504761 -20.1480903625 29.5189476013
5730 194.942169189 -22.9999217987 7.2606306076
5731 134.727233887 -15.1300373077 20.405506134
5732 130.836334229 -21.7739467621 25.2461166382
5733 154.553726196 79.8985595703 7.35793304443
5734 133.294540405 -21.427526474 20.6514968872
5735 137.591705322 -18.0345439911 25.6129493713
5736 137.483108521 -23.0583686829 25.5696659088
5737 136.527526855 -21.1918010712 29.6508769989
5738 128.839508057 -25.4732379913 21.0531978607
5739 131.734344482 -27.3904323578 23.9045619965
5740 128.224258423 -31.4333343506 23.1883735657
5741 128.422286987 -32.3782234192 18.6751728058
5742 131.296218872 -29.0544338226 17.3389720917
5743 127.564331055 -26.5856113434 17.3012428284
5744 130.613037109 -24.4831523895 16.8919219971
5745 135.053604126 -25.4875411987 21.0842323303
5746 135.094039917 -28.0282020569 15.5025634766
5747 149.947219849 -21.7040576935 33.9601097107
5748 146.788635254 -15.9548053741 33.4665603638
5749 143.431884766 -15.516374588 31.0374889374
5750 145.778549194 -22.2899227142 29.8652515411
5751 144.399734497 -18.3222637177 32.9162597656
5752 172.839035034 -9.38026618958 1.83998942375
5753 172.797470093 -10.6676006317 3.91691970825
5754 172.068283081 -11.879160881 1.7058314085
5755 158.570892334 -3.73201203346 17.8882713318
5756 160.5443573 2.11894702911 19.5157222748
5757 160.678878784 2.07862377167 15.5523920059
5758 156.656341553 -0.151664316654 15.7185325623
5759 155.978179932 -5.35737419128 18.6693248749
5760 70.5937728882 -4.41429424286 27.3434371948
5761 75.0161590576 -8.95488357544 25.1022510529
5762 75.0103912354 -7.4293050766 29.6270580292
5763 74.0481338501 -3.32925963402 29.3238868713
5764 50.0193405151 -17.5072917938 26.3242397308
5765 52.4342193604 -20.7097320557 29.2820453644
5766 50.1643829346 -23.9786167145 23.7369270325
5767 45.6728858948 -25.079498291 20.4568920135
5768 48.2755012512 -26.21849823 27.0202922821
5769 54.2840690613 1.10296607018 29.0673408508
5770 53.8993415833 0.844066441059 24.5306625366
5771 55.0113449097 -1.91584193707 31.0426025391
5772 50.768371582 -4.52721452713 31.4407234192
5773 54.2754898071 -7.34048223495 31.1684074402
5774 64.1987762451 -20.853685379 20.3391227722
5775 62.4268531799 -22.2366008759 24.8654994965
5776 49.8720436096 2.31886768341 28.6037864685
5777 36.3940010071 -12.1292009354 27.5838069916
5778 37.8332633972 -14.8389902115 28.0064544678
5779 35.1285629272 -15.8641214371 30.4124145508
5780 36.6887283325 -11.5366916656 33.9283905029
5781 40.8012542725 -15.2746114731 36.197052002
5782 41.1571769714 -7.26520204544 36.0441894531
5783 67.7137298584 -29.6477165222 28.0951519012
5784 68.9254302979 -25.0718269348 32.5322875977
5785 67.2941131592 -29.9942874908 32.1352310181
5786 71.1904830933 -27.6454715729 31.7211380005
5787 35.0627746582 -9.14391994476 27.6260032654
5788 35.8981742859 -9.11308956146 31.7117462158
5789 39.2170906067 -3.24937224388 32.8312568665
5790 35.7358932495 -5.49378490448 31.5221786499
5791 69.4426956177 5.52736997604 29.1211566925
5792 71.804649353 4.25603342056 24.925655365
5793 67.5160598755 1.50954067707 25.4136371613
5794 65.0346069336 6.88841533661 24.0256958008
5795 68.6139297485 -0.523509800434 21.2616996765
5796 72.2242584229 7.54308128357 26.7533950806
5797 73.1050567627 3.76488852501 29.0950584412
5798 70.5049362183 4.7468996048 20.7584819794
5799 73.6396102905 6.85938167572 22.6846866608
5800 69.0204772949 7.56907749176 22.8927440643
5801 151.597412109 -15.5357761383 17.9940795898
5802 151.947570801 -18.800283432 19.1018695831
5803 155.241760254 -19.5891952515 17.9918651581
5804 87.1828460693 -5.12839412689 27.7641868591
5805 84.3808822632 -5.27865123749 24.573972702
5806 141.159576416 -0.74651581049 25.6526412964
5807 139.431991577 -7.54868030548 30.6562271118
5808 139.396026611 -3.66100955009 22.5170650482
5809 56.1824569702 45.5706214905 38.3367233276
5810 60.1477355957 42.7418365479 37.8637008667
5811 57.5212783813 47.2778167725 33.5183982849
5812 62.2103767395 47.1984634399 37.6921043396
5813 105.703842163 -7.5213932991 18.324842453
5814 107.689430237 -11.5763692856 16.8798599243
5815 110.748588562 -9.44223213196 16.3254833221
5816 195.37020874 11.4498882294 19.5354156494
5817 104.195297241 -9.65093612671 20.7129936218
5818 108.660377502 -5.94187259674 20.3615627289
5819 108.834251404 -5.72456216812 15.9876585007
5820 105.926086426 -7.49177694321 11.8206863403
5821 105.466964722 -4.32969856262 15.8813695908
5822 195.471466064 5.86706829071 23.2796134949
5823 152.402587891 -7.89979457855 32.5410728455
5824 34.5925369263 2.05417156219 18.211315155
5825 35.6530189514 -0.550670444965 20.0453052521
5826 34.2616615295 -1.53703546524 16.5308971405
5827 37.071762085 -0.344750583172 14.1889791489
5828 35.4549713135 2.49998116493 14.5924663544
5829 30.7944355011 1.44684076309 13.8926420212
5830 33.0941314697 4.90816783905 16.7448291779
5831 32.5446662903 8.25804233551 18.5550117493
5832 32.7874412537 -0.890495181084 21.7509346008
5833 29.907081604 3.63642573357 19.5713863373
5834 120.364318848 18.4766788483 28.2242469788
5835 119.111335754 10.5252361298 29.3200397491
5836 122.187477112 15.0063657761 30.7574539185
5837 118.112342834 14.6861085892 31.0138721466
5838 119.187988281 22.1922740936 30.2016086578
5839 115.967353821 18.146270752 30.70728302
5840 119.121818542 18.1454353333 35.7751159668
5841 120.456764221 17.014509201 22.6316680908
5842 116.848953247 16.0056667328 25.7563476562
5843 117.600868225 24.2756195068 24.844959259
5844 123.832107544 19.5523471832 35.0125923157
5845 124.174736023 14.9261245728 26.6684951782
5846 123.127876282 21.9268436432 25.3096523285
5847 148.171432495 7.61917161942 27.4144134521
5848 152.637924194 6.4621219635 28.5590591431
5849 55.9428710938 -4.71258020401 35.1635551453
5850 58.629611969 -2.48097610474 34.7677154541
5851 59.2468528748 -1.87807512283 30.1074447632
5852 57.7562446594 -11.7267017365 30.6316242218
5853 60.5446395874 -8.89172840118 30.9163169861
5854 78.3267364502 -9.50361537933 29.0022106171
5855 84.0054321289 -9.06431102753 29.1758823395
5856 82.052947998 -6.62843227386 33.4752655029
5857 81.3815155029 -11.4783067703 31.0973033905
5858 82.3044052124 -5.70988035202 29.3118877411
5859 85.2535171509 -9.46977233887 33.6223831177
5860 79.9362640381 -13.9317026138 28.8249206543
5861 84.2186508179 -13.4362792969 33.4092750549
5862 81.6931915283 -10.9889850616 16.2360019684
5863 83.219833374 -14.2583522797 16.2982597351
5864 87.392906189 -14.2985868454 16.8868198395
5865 83.8566131592 -8.0102596283 20.4904060364
5866 51.5990486145 -18.3417663574 19.1457633972
5867 51.8981437683 -21.7751350403 20.1886520386
5868 54.9481391907 -21.4678249359 15.9460821152
5869 46.8931427002 -19.720746994 17.8639221191
5870 46.6661872864 -15.2325410843 16.5153808594
5871 50.3435440063 -15.212012291 14.7261686325
5872 51.1742744446 -21.0124092102 16.3483276367
5873 53.5650978088 -18.2116203308 15.2857847214
5874 43.1517906189 -11.7844781876 37.4835777283
5875 43.6997756958 -14.7823019028 39.0941848755
5876 44.8153648376 -12.873714447 42.0898284912
5877 41.5715255737 -12.1684741974 40.2902908325
5878 47.9401168823 -12.7350254059 36.8119277954
5879 44.4946632385 -11.9055366516 34.4599876404
5880 5.60247564316 84.1179580688 3.86477518082
5881 45.078502655 -15.8782463074 33.5647964478
5882 39.5552062988 -3.15852451324 19.4883346558
5883 41.8043899536 -1.60041880608 15.7548561096
5884 44.3885116577 37.9533309937 11.0996627808
5885 46.0463752747 42.0012817383 4.48412942886
5886 47.4665527344 37.688205719 8.30274677277
5887 44.5545387268 37.160861969 5.69619655609
5888 62.7429199219 -10.9606981277 22.4901065826
5889 63.0198554993 -10.3270540237 19.0182113647
5890 66.2637557983 -13.0571699142 19.0343608856
5891 69.8000488281 -11.8257131577 19.7421588898
5892 43.6909942627 32.491859436 10.5518426895
5893 49.4395217896 32.9237213135 11.2539186478
5894 64.029510498 -4.49058675766 23.7068805695
5895 67.9880905151 -5.74726772308 19.5554771423
5896 166.013534546 3.3929669857 33.3278198242
5897 162.627197266 0.0356506146491 32.7596969604
5898 162.914657593 5.67099523544 32.8337364197
5899 165.036712646 2.66509652138 28.0196437836
5900 160.387924194 3.19446372986 31.5839176178
5901 157.613769531 6.8653049469 30.7309513092
5902 160.213394165 3.42729115486 27.958360672
5903 161.382873535 9.10035133362 29.2745265961
5904 157.51512146 -0.990658044815 34.0605735779
5905 157.996368408 2.42280220985 34.4946403503
5906 49.9067840576 32.3060379028 3.88548111916
5907 160.98626709 4.1772851944 36.2070274353
5908 148.48223877 -16.0781173706 19.5800800323
5909 50.6828651428 39.1683731079 4.92640781403
5910 141.205184937 84.2069320679 5.92766952515
5911 62.8148460388 -13.988732338 17.4396152496
5912 140.25402832 -4.09107446671 38.4018783569
5913 138.312332153 -7.01989555359 38.6367301941
5914 136.518310547 -3.05550146103 38.4187850952
5915 161.694702148 -12.7304697037 25.4205474854
5916 48.7032623291 2.87714219093 24.6432666779
5917 41.0970344543 6.53297281265 29.7789859772
5918 40.8887367249 9.11839962006 26.8145256042
5919 45.9610862732 8.70121860504 22.2875404358
5920 45.3176078796 10.4957723618 27.2076072693
5921 138.119400024 -6.37330436707 42.6113510132
5922 142.330917358 7.96699523926 24.4326629639
5923 144.533493042 11.845249176 19.4839038849
5924 141.787094116 10.6364355087 27.9190998077
5925 138.037963867 7.95464229584 27.5751495361
5926 136.899047852 -3.08068776131 42.2870178223
5927 103.360481262 8.48593330383 25.2014770508
5928 99.8832168579 11.2466268539 27.9766120911
5929 102.676170349 6.21119594574 32.1508979797
5930 105.752845764 10.8219022751 27.6325092316
5931 104.721572876 5.4923119545 27.2849388123
5932 133.233184814 -3.04790759087 42.4818763733
5933 101.863807678 11.5433683395 23.0754528046
5934 99.2826690674 8.20997333527 22.8889102936
5935 148.771789551 -43.6770591736 20.6212596893
5936 143.196166992 -40.0704879761 24.5922603607
5937 149.868927002 -39.6101226807 26.6678371429
5938 150.531524658 -40.0262413025 21.9052906036
5939 144.574325562 -37.8330612183 20.2447185516
5940 148.369369507 -36.0973358154 23.1721229553
5941 149.623016357 -36.3707275391 18.7551727295
5942 153.331344604 -39.224407196 15.0517921448
5943 154.122543335 -38.3488235474 19.4621982574
5944 152.993972778 -44.5690460205 19.5083446503
5945 152.94682312 -36.8058815002 23.6995162964
5946 153.584655762 -43.1603736877 25.0396022797
5947 74.9962768555 -23.9002742767 15.9426012039
5948 71.1275558472 -24.5423336029 18.6559467316
5949 70.6862030029 -21.6481151581 20.2963962555
5950 74.6632995605 -19.8887863159 20.1769828796
5951 73.2947387695 -14.4433507919 20.7751998901
5952 139.276748657 84.389541626 18.552772522
5953 145.047927856 86.4418487549 16.5450210571
5954 77.7411270142 -14.0634555817 20.3970394135
5955 74.9477157593 -16.8768634796 18.2440814972
5956 77.4226531982 -19.0511207581 15.9229717255
5957 64.0371780396 -15.1517677307 30.318605423
5958 140.086227417 85.3242416382 11.8894605637
5959 62.7403526306 -11.990196228 30.548166275
5960 67.7593536377 -13.291844368 31.2087802887
5961 62.5828285217 -12.5792255402 34.2424468994
5962 65.0987625122 -10.3469371796 32.5849876404
5963 67.3612747192 -16.7833957672 34.0060501099
5964 159.684234619 1.87065351009 23.4601192474
5965 131.320755005 -26.2551517487 32.471031189
5966 131.814178467 -31.9450836182 34.1719512939
5967 129.720596313 -29.7640419006 36.7270545959
5968 128.104385376 -29.6106700897 32.3600082397
5969 133.513824463 -28.0198993683 36.1134185791
5970 129.382644653 -25.5423812866 37.0015449524
5971 132.557617188 -23.3122577667 37.6324920654
5972 133.390991211 -23.0725193024 33.3557662964
5973 136.431015015 -25.9159221649 34.9879875183
5974 109.811279297 -27.8456077576 29.7453956604
5975 103.245056152 -27.4244403839 31.749917984
5976 102.935653687 -28.2085800171 27.5117912292
5977 107.692672729 -30.9911193848 31.7098484039
5978 107.06137085 -24.3498802185 26.3435535431
5979 111.45539856 -25.2868099213 25.8606357574
5980 109.964271545 -21.9349098206 30.1510601044
5981 111.643417358 -29.5300369263 26.6260700226
5982 112.471931458 -31.8973560333 31.4379138947
5983 107.755241394 -31.1742324829 27.1075706482
5984 92.84740448 -16.2561416626 30.5606460571
5985 94.6380310059 -14.528591156 34.2163238525
5986 88.814956665 -11.6134901047 33.3428535461
5987 92.1729278564 -12.313668251 34.2385749817
5988 82.7318572998 -20.6561431885 19.4638690948
5989 144.570602417 -11.5621433258 32.0216255188
5990 149.70123291 -16.1524353027 35.261920929
5991 147.191513062 -13.2948827744 35.7122612
5992 54.2060317993 -29.1042633057 19.8042125702
5993 48.8573913574 -31.0326442719 17.4330844879
5994 52.5827674866 -34.2248954773 22.3768939972
5995 50.697227478 -27.9320011139 21.7610206604
5996 53.7414245605 -25.5699462891 22.2282714844
5997 56.9622535706 -26.2562408447 17.505859375
5998 53.1154136658 -26.1162090302 16.98985672
5999 57.6792030334 -26.1338024139 22.8068962097
6000 54.6665840149 -29.7853927612 26.3023948669
6001 52.8594398499 -32.1908454895 17.0344963074
6002 58.32006073 -31.3406009674 23.138469696
6003 56.9008827209 -30.8990936279 17.4374008179
6004 57.2593765259 -35.1412315369 22.7292881012
6005 101.318771362 -1.26363158226 33.2264671326
6006 97.8048477173 -2.48067235947 33.365688324
6007 100.561790466 -5.74979877472 37.2736587524
6008 103.317070007 -5.86656713486 33.2614250183
6009 97.8569869995 -1.93852221966 37.5666542053
6010 98.6713180542 1.97970116138 37.5758934021
6011 98.6712417603 2.36713933945 33.2855224609
6012 102.51133728 3.34796071053 37.584728241
6013 104.26763916 -0.825846195221 29.0634422302
6014 104.822982788 0.0974898561835 33.1054725647
6015 145.374908447 84.2949981689 13.1673154831
6016 40.5920295715 -1.83362579346 29.787946701
6017 43.5689849854 -0.666350066662 33.4820251465
6018 43.6437225342 -5.56962203979 30.7051315308
6019 37.3256263733 -3.9256298542 25.3571643829
6020 37.584236145 -3.90388607979 29.4618415833
6021 150.071578979 84.788269043 14.3087978363
6022 38.2107276917 -10.4750585556 25.5626277924
6023 38.0996932983 -7.19731283188 25.8867588043
6024 143.595428467 -18.4701290131 20.8438606262
6025 146.711959839 -20.6592445374 16.6515750885
6026 143.731231689 -18.510766983 14.6452054977
6027 144.87600708 -15.8823471069 16.3074607849
6028 145.218338013 -15.4912385941 20.1376972198
6029 141.181411743 -21.0004615784 21.6019306183
6030 141.655090332 -21.8146114349 17.3930511475
6031 144.604187012 -23.7484226227 21.9336795807
6032 139.780731201 -15.6730222702 17.1080551147
6033 126.349235535 -23.4049777985 16.9086017609
6034 126.105751038 -23.0480670929 21.673248291
6035 128.813766479 -19.7568302155 16.8992996216
6036 122.392333984 -21.1596660614 16.69282341
6037 160.669464111 -33.2350616455 28.7962913513
6038 169.045776367 -29.6191387177 24.7151794434
6039 168.287094116 -30.8361797333 29.9136753082
6040 168.413162231 -26.2147769928 30.2597522736
6041 74.0604476929 -16.774017334 13.6610679626
6042 76.6089630127 -13.5275707245 11.9148244858
6043 73.9695129395 -13.8922147751 16.1116027832
6044 77.0518417358 -15.6184225082 14.7623405457
6045 79.8092575073 -14.2614908218 16.1905918121
6046 82.1540756226 -18.9377326965 14.161781311
6047 77.3152160645 -17.6754322052 12.1861276627
6048 79.8448257446 -14.5700798035 11.8535165787
6049 134.741378784 3.64204525948 24.8354530334
6050 135.079803467 -1.96130371094 23.5053272247
6051 130.900054932 -1.70235347748 20.3799285889
6052 136.849105835 0.330114752054 28.6395282745
6053 131.161453247 3.48659920692 24.6066894531
6054 40.3255386353 -28.9036197662 24.6008682251
6055 45.2254180908 -29.1422195435 27.4526615143
6056 40.5018157959 -29.0482826233 19.8794174194
6057 36.5285263062 -30.3718147278 20.6108703613
6058 37.7509307861 -26.2619991302 22.6320476532
6059 39.818572998 -29.0510292053 29.5885314941
6060 133.13041687 80.6179504395 5.8313035965
6061 77.8640213013 -38.4572753906 21.0215072632
6062 78.1855926514 -34.8055458069 14.3485136032
6063 82.0936431885 -36.3116340637 19.7847480774
6064 82.6017608643 -37.1703605652 14.7153348923
6065 81.4301681519 -41.9696846008 19.8723812103
6066 82.5102157593 -39.0617980957 25.9940357208
6067 82.6673660278 -34.2543334961 23.8474941254
6068 77.1727294922 -34.0370750427 19.6430969238
6069 72.6952514648 -36.5749130249 19.2604427338
6070 75.2082366943 -39.5691795349 16.2090320587
6071 76.7553939819 -38.3573417664 24.902431488
6072 71.3824691772 -37.2536277771 24.2795200348
6073 73.9398727417 -40.5547599792 20.6098308563
6074 37.9833908081 -15.51795578 33.3191871643
6075 33.8081665039 -12.87728405 30.209810257
6076 32.1886520386 -11.7396621704 32.5953674316
6077 32.3455429077 -10.1626853943 35.1721115112
6078 32.4409217834 -8.78855323792 32.6754570007
6079 39.5929069519 -11.1962080002 37.4574546814
6080 35.2100296021 -9.54641914368 36.6366615295
6081 37.5924110413 -13.8106822968 36.3180999756
6082 35.1667060852 -7.31263828278 34.1792411804
6083 37.1551551819 -18.2128868103 20.2719936371
6084 35.4022674561 -18.0661487579 23.8348751068
6085 37.8208732605 -14.4784851074 23.969121933
6086 34.5618591309 -15.2772817612 21.8123168945
6087 33.0142173767 -20.1101837158 18.6844749451
6088 35.714679718 -21.2376556396 20.4866600037
6089 3.94853520393 66.8333969116 37.3452453613
6090 5.31647825241 69.6806335449 34.4134864807
6091 5.44957351685 67.8029556274 43.5643768311
6092 31.6558685303 -16.032579422 17.8920192719
6093 35.4342002869 -14.4858760834 18.0661830902
6094 112.435005188 1.60745072365 24.8298854828
6095 115.991783142 -2.16216111183 20.3910903931
6096 118.009620667 4.0641617775 22.0244007111
6097 117.722953796 -0.952460944653 24.3837585449
6098 112.324768066 -5.09834814072 23.7178554535
6099 116.950378418 -5.83793830872 24.1181144714
6100 117.785499573 -3.99516415596 28.3665046692
6101 117.519493103 2.39574289322 25.8700771332
6102 120.157516479 0.0949585735798 28.440038681
6103 122.769752502 0.322875291109 24.549495697
6104 121.71648407 -2.54704260826 20.488899231
6105 122.464477539 -3.86951136589 24.573972702
6106 61.9006233215 -6.8838133812 18.935667038
6107 64.0410385132 -3.02978348732 19.7682056427
6108 64.8058776855 -0.889178872108 25.2924900055
6109 59.4509239197 -4.57156276703 19.4005870819
6110 34.0177459717 -24.559381485 20.3529319763
6111 33.0867385864 -27.6982116699 23.313583374
6112 39.0188789368 -28.9701805115 15.7513628006
6113 34.8434753418 -25.2053775787 16.5333137512
6114 34.2616233826 -36.1120185852 18.9113407135
6115 36.1318855286 -34.3310966492 22.5011558533
6116 32.6713066101 -31.9203014374 21.1081142426
6117 40.7077102661 -32.5367202759 17.7864513397
6118 155.845321655 10.1910057068 27.4611415863
6119 158.655288696 14.9025583267 26.9578971863
6120 163.937850952 13.083325386 28.5950546265
6121 163.465286255 14.082195282 23.4748001099
6122 115.278289795 10.7469768524 28.6580581665
6123 116.425773621 6.17196130753 27.5078430176
6124 120.19556427 6.45941352844 27.7151813507
6125 123.452941895 9.7041387558 28.0342483521
6126 123.00528717 8.85256481171 32.5851402283
6127 117.432258606 11.2658138275 32.6433334351
6128 6.08035612106 63.9972190857 34.315196991
6129 109.401313782 -26.971124649 22.0204143524
6130 59.0900878906 -23.4046115875 26.0291690826
6131 60.8313713074 -22.1178073883 20.4084434509
6132 57.3055877686 -22.7175693512 19.3037147522
6133 54.4226951599 -23.9084873199 28.3641757965
6134 59.2569122314 -29.0304374695 27.1729545593
6135 56.3617591858 -18.9533500671 29.2685775757
6136 61.7149276733 -28.0976219177 22.5971679688
6137 11.4741401672 64.7021331787 36.4788627625
6138 139.130615234 7.16052865982 46.9844703674
6139 119.148345947 -3.29718828201 11.9831056595
6140 121.291229248 -1.97689640522 16.1521530151
6141 115.978927612 -5.06040382385 16.0479793549
6142 119.671562195 -7.16136884689 15.9820394516
6143 118.924125671 -3.76836133003 18.2049484253
6144 118.944351196 0.293158024549 18.4363956451
6145 115.823783875 -1.39910578728 16.3778305054
6146 38.6249580383 -3.37170934677 37.1680793762
6147 35.1765403748 -2.18491721153 33.1582984924
6148 37.5687561035 0.135104715824 35.2293968201
6149 33.9766235352 -0.655035257339 38.2260780334
6150 34.1251220703 -4.32142114639 35.246887207
6151 41.2020835876 -2.19420719147 35.439163208
6152 40.8133430481 -2.40227842331 41.2590370178
6153 44.0799369812 -5.95549106598 38.1934013367
6154 35.8994140625 -4.92452478409 38.3818283081
6155 33.0043716431 -24.6631011963 34.5559234619
6156 34.7842826843 -27.4236164093 36.4600296021
6157 36.3190612793 -24.4228820801 32.9829826355
6158 35.4332504272 -21.4640026093 36.1957359314
6159 27.2779006958 -23.7306518555 31.8609161377
6160 29.9324073792 -21.9589328766 29.7850856781
6161 28.3603153229 -27.5246162415 31.3148422241
6162 33.7634544373 -21.0638828278 31.5994586945
6163 33.7659339905 -23.7485866547 29.5474758148
6164 31.8525371552 -20.8933124542 34.3816947937
6165 111.318557739 17.6871471405 24.4554576874
6166 111.871284485 21.705532074 30.3759384155
6167 107.146949768 17.9517917633 25.5890808105
6168 110.786811829 17.7661476135 31.2803916931
6169 109.294975281 24.4173469543 25.8306159973
6170 113.918312073 21.966583252 25.0641937256
6171 107.348236084 22.9348506927 21.6941947937
6172 113.308425903 16.3113689423 27.908039093
6173 109.449203491 19.1720218658 20.6122875214
6174 112.711997986 20.8956241608 17.9890041351
6175 110.354034424 13.5782165527 22.3670864105
6176 109.081359863 14.7753868103 28.1959476471
6177 35.4041023254 -12.497844696 20.5015945435
6178 35.6738128662 -11.8299913406 16.3826656342
6179 38.1855392456 -10.3296995163 21.3249053955
6180 127.299606323 80.395149231 6.40610742569
6181 37.4359130859 -8.88858985901 14.1856508255
6182 38.1050071716 -12.4862384796 13.276389122
6183 38.7159194946 -8.27574062347 17.4047851562
6184 35.5535888672 -9.29124069214 17.6677589417
6185 43.179775238 -13.1954660416 13.9417114258
6186 39.0569610596 -16.3574695587 16.6876850128
6187 38.5602226257 -15.2624988556 20.0626068115
6188 37.0671958923 -5.36468935013 21.4040966034
6189 78.7810516357 -29.093290329 26.8437099457
6190 87.966178894 -27.1314697266 22.3048419952
6191 89.0942687988 -23.3464679718 22.5456809998
6192 84.6663131714 -25.3384094238 29.0376243591
6193 89.064994812 -23.9930839539 27.0341892242
6194 85.1581497192 -20.4722328186 22.7234783173
6195 122.503105164 -4.39513206482 38.1760597229
6196 127.105888367 -6.41696929932 38.2365074158
6197 121.821556091 -8.33740234375 38.0232467651
6198 125.778961182 -7.79669523239 34.0242271423
6199 164.049346924 -13.5407075882 10.1043748856
6200 164.781723022 -9.30539035797 11.1327848434
6201 167.723312378 -9.44921779633 11.8869047165
6202 166.101547241 -12.6154222488 7.41467189789
6203 125.164573669 -9.63962173462 37.1821517944
6204 126.14339447 -8.54306983948 40.7317199707
6205 128.292358398 -10.3367366791 38.4081039429
6206 95.4212875366 -5.61584329605 8.90169906616
6207 92.2906112671 -2.16033864021 11.0793743134
6208 95.0995407104 -7.15068674088 11.9011173248
6209 96.0099258423 -3.09830546379 10.7377271652
6210 123.375488281 -10.8029613495 42.8926506042
6211 125.548187256 -12.2854957581 39.2836227417
6212 30.8613109589 11.8252019882 23.3098506927
6213 33.1091156006 18.0006198883 21.7026500702
6214 34.223613739 11.3563070297 20.7408638
6215 31.2418785095 13.3402757645 17.4191493988
6216 32.8103981018 11.390504837 29.1062984467
6217 36.027256012 10.7525959015 25.3515701294
6218 35.330493927 15.9498262405 27.4068202972
6219 152.45526123 56.9491424561 44.9160079956
6220 30.938085556 7.08901977539 26.4698390961
6221 36.2596893311 15.8147315979 23.3939647675
6222 59.3025283813 29.8900814056 21.5046405792
6223 64.7361526489 31.9178409576 27.9060649872
6224 62.2967300415 26.7268390656 20.6176528931
6225 67.7045516968 31.1448135376 22.8927955627
6226 43.9164047241 -19.1199588776 15.8832807541
6227 39.0528488159 -22.2113380432 17.4087963104
6228 165.447433472 -1.01705932617 34.4674797058
6229 163.520217896 -2.53433561325 36.7944869995
6230 165.717422485 -6.40504693985 34.8669662476
6231 166.372421265 -3.54474782944 37.6664123535
6232 169.453903198 -3.07104349136 33.47215271
6233 168.011108398 -1.35690939426 36.0992431641
6234 168.286880493 -5.27131032944 35.4373397827
6235 160.57635498 -1.5510840416 35.9437980652
6236 162.600189209 1.51219856739 38.2628593445
6237 161.540039062 -4.64603281021 33.8581466675
6238 164.512023926 56.1857299805 11.2590446472
6239 163.705123901 49.7091407776 18.5016784668
6240 159.735137939 58.690284729 13.4990787506
6241 158.658279419 51.5452842712 12.4652643204
6242 169.733779907 1.71194207668 30.73163414
6243 166.331054688 -0.576033890247 30.9406681061
6244 63.1380157471 -10.0686101913 15.0217084885
6245 58.0885505676 -13.3085260391 15.6197490692
6246 61.6548347473 -17.2249774933 15.7036991119
6247 66.9871063232 -19.012594223 16.0511054993
6248 65.0668411255 -13.587890625 15.2474737167
6249 174.108062744 9.38962650299 19.8453216553
6250 179.453964233 8.54744338989 15.1411724091
6251 179.649719238 5.07905435562 18.2633323669
6252 174.420776367 5.16486501694 18.4558238983
6253 174.449157715 8.26550960541 14.0573396683
6254 176.927536011 3.23757147789 14.0469236374
6255 172.577575684 4.43919706345 21.8738021851
6256 175.54864502 1.90330708027 22.1154766083
6257 177.473937988 8.25254917145 21.9165687561
6258 168.805435181 6.07762050629 17.422668457
6259 104.186080933 21.7160129547 7.30213069916
6260 105.454994202 23.4945678711 3.97508859634
6261 99.9973068237 27.0201644897 5.52522087097
6262 106.778671265 24.5628700256 10.7076931
6263 169.806472778 2.59632158279 16.7223129272
6264 115.178611755 35.3530464172 16.4943828583
6265 117.405708313 30.5292053223 16.7406768799
6266 120.309036255 36.0660820007 18.4802379608
6267 119.834701538 34.3325843811 23.4967975616
6268 27.8273792267 -10.7971897125 1.59659397602
6269 174.617416382 1.16136276722 16.988199234
6270 112.329803467 -20.1218662262 25.7553100586
6271 115.866737366 -21.1110286713 21.6208763123
6272 112.913719177 -23.3562507629 19.7046070099
6273 116.227470398 -18.8129024506 25.8441314697
6274 110.64515686 -18.2276439667 30.1444530487
6275 116.82951355 -14.5406532288 25.7785968781
6276 114.729507446 -17.043636322 21.1465148926
6277 120.155517578 -17.625629425 25.4849185944
6278 121.853118896 -12.7082071304 25.1494731903
6279 113.500595093 -13.536151886 29.8291816711
6280 116.516418457 -10.0201234818 25.53764534
6281 116.586303711 -16.5268993378 30.0450744629
6282 104.289489746 -4.53207445145 24.4357509613
6283 102.920036316 -100.195762634 6.40723371506
6284 105.948440552 -104.562187195 9.23342418671
6285 108.839874268 -2.6309800148 24.5461654663
6286 105.301849365 -3.27698874474 20.1227874756
6287 107.316879272 1.11947000027 28.1973896027
6288 111.091674805 42.9911422729 31.2672786713
6289 116.143180847 38.0367355347 23.8111076355
6290 112.702682495 34.7727241516 27.5532283783
6291 110.234458923 40.9130096436 25.8668632507
6292 55.652759552 18.2447891235 23.7197399139
6293 54.419178009 16.1828804016 19.2020339966
6294 58.7382659912 16.3772583008 20.4233131409
6295 55.0795135498 13.8076515198 22.6427555084
6296 55.0634498596 21.0170993805 19.8665962219
6297 58.8781318665 22.238697052 19.8543319702
6298 61.9725990295 19.418214798 21.7426319122
6299 58.9805603027 18.5141925812 26.5797233582
6300 53.1289558411 19.4320869446 29.7479019165
6301 50.6488304138 22.0529518127 25.0134658813
6302 56.1942138672 22.4037361145 24.994178772
6303 59.0894699097 14.5525074005 24.5969181061
6304 134.82321167 -12.1879014969 2.59656453133
6305 138.681793213 -15.2759399414 2.00200414658
6306 138.015411377 -13.2788085938 3.88763284683
6307 124.369270325 -33.783870697 2.61689066887
6308 122.26764679 -7.54017543793 19.754611969
6309 124.735519409 -7.30998039246 15.4029321671
6310 125.508651733 -10.0004425049 17.4873809814
6311 122.304725647 -9.01657104492 15.4040708542
6312 129.088027954 -14.682012558 35.379119873
6313 132.259246826 -19.4102725983 33.8362541199
6314 128.281814575 -11.1534671783 34.7173423767
6315 132.224899292 -13.4863986969 34.8442611694
6316 18.8766994476 -0.374164074659 6.57646274567
6317 18.4959316254 3.19742536545 7.07990932465
6318 22.7118473053 -1.62714910507 8.72586345673
6319 21.5488243103 1.90335762501 5.49556684494
6320 191.056365967 -5.25083255768 25.1504974365
6321 187.659484863 -5.24981975555 23.3306827545
6322 64.4752655029 -27.1191539764 25.7562198639
6323 66.4471206665 -27.4541320801 21.8870792389
6324 4.46453714371 67.1303634644 18.1567401886
6325 66.4302062988 -24.5127315521 28.6447429657
6326 189.053649902 -4.99800777435 4.12314319611
6327 148.807846069 -22.7552871704 20.8046264648
6328 147.583557129 -24.7809581757 24.5473804474
6329 145.348114014 -19.5724391937 26.6816062927
6330 150.455123901 -25.8273658752 26.7546100616
6331 163.008850098 5.54544353485 22.4743881226
6332 155.300918579 2.15661263466 18.3738861084
6333 158.0262146 4.37788915634 18.7669811249
6334 46.8243789673 1.32376980782 30.6221809387
6335 51.5784454346 -16.5037002563 30.5743904114
6336 55.4070968628 -14.1300792694 30.1600704193
6337 61.0416221619 65.9266433716 6.35406398773
6338 60.4778900146 72.5789260864 11.6604814529
6339 55.5951461792 61.9295425415 15.6086111069
6340 62.6702842712 61.2343254089 15.7768535614
6341 173.747711182 -24.1505298615 3.1203250885
6342 44.0072517395 -10.3079051971 15.064538002
6343 47.5331382751 -10.8046693802 12.8480319977
6344 78.3633270264 33.2613945007 45.2803840637
6345 85.1194839478 31.0414104462 46.5607337952
6346 82.0274353027 29.6799850464 43.5265083313
6347 170.631195068 -32.4946136475 20.3929901123
6348 166.980789185 -32.9702033997 17.2771568298
6349 169.716751099 -28.905418396 18.5644035339
6350 170.715835571 -34.464214325 24.3564853668
6351 174.498214722 -36.5754814148 20.2426319122
6352 175.601470947 -29.5446796417 21.1085567474
6353 170.762542725 -32.7456893921 15.0878381729
6354 170.224365234 -37.0024337769 19.899389267
6355 174.386077881 -32.4457702637 17.7501907349
6356 122.609039307 -11.6086683273 20.1308364868
6357 121.110168457 -15.6454944611 21.2834701538
6358 121.639076233 -8.47092819214 24.4951095581
6359 153.222076416 -18.696931839 14.2322893143
6360 148.156524658 -16.2157421112 15.377910614
6361 148.877502441 -19.4850082397 20.5619659424
6362 152.55847168 -22.3776435852 20.4066829681
6363 116.552894592 22.6896705627 20.0636825562
6364 126.592391968 14.6733503342 22.9009590149
6365 119.410102844 17.7062587738 17.3636760712
6366 124.007316589 18.1113128662 19.6133537292
6367 122.612609863 23.2427310944 20.1909427643
6368 187.053222656 -3.92980647087 12.2786712646
6369 186.531021118 -0.382694512606 13.7339944839
6370 189.846115112 -4.95687437057 12.2753677368
6371 190.239898682 1.60894417763 10.6791276932
6372 196.7940979 14.5208406448 39.7175369263
6373 191.153793335 11.9325532913 38.0073776245
6374 194.202575684 17.7262802124 44.0849113464
6375 191.425201416 17.6583404541 40.120059967
6376 116.487380981 -8.27424716949 20.764087677
6377 112.28087616 -6.99255752563 20.2964706421
6378 114.667266846 -6.45579910278 29.1845149994
6379 108.971603394 -6.90014028549 29.0898952484
6380 172.895126343 -10.0638008118 15.6724252701
6381 8.34957504272 53.9615707397 26.3183174133
6382 8.17343616486 59.2049446106 30.7037906647
6383 5.48450517654 50.9763526917 31.8485374451
6384 161.68598938 -5.43189525604 17.8722877502
6385 162.945480347 -0.544848501682 19.8569526672
6386 162.036300659 -6.17796516418 21.809343338
6387 165.508407593 -2.34261631966 22.6565132141
6388 162.538986206 -5.05939149857 25.5492630005
6389 139.57723999 -39.3110656738 18.7884464264
6390 137.924591064 -37.6331291199 22.4603252411
6391 195.158813477 7.40064573288 10.0405101776
6392 187.600265503 11.19643116 12.0191507339
6393 192.891403198 2.02004981041 15.2754440308
6394 190.767150879 6.69786071777 18.1715602875
6395 146.010879517 -34.8680686951 16.6142024994
6396 142.555755615 -34.7086639404 18.8962802887
6397 145.01159668 -33.8535575867 22.4644393921
6398 142.03793335 -38.9246673584 12.9452466965
6399 143.917739868 -41.9828109741 19.1769351959
6400 141.860687256 -36.6469802856 25.4022216797
6401 77.4675216675 -12.201874733 24.6700725555
6402 74.91065979 -12.3934803009 29.3255577087
6403 76.7116622925 -17.2051315308 28.8166675568
6404 78.828994751 -7.01625013351 24.8401107788
6405 79.4647369385 -8.41367053986 20.3730926514
6406 5.48850440979 85.0670394897 45.7063484192
6407 49.3881492615 -4.01128864288 18.3704319
6408 25.0339069366 84.6884307861 5.77266645432
6409 68.676322937 -2.08569097519 24.4977169037
6410 74.5098571777 -7.46856546402 34.0872306824
6411 76.5552978516 -16.6732215881 32.9796409607
6412 74.2133255005 -12.8983697891 33.735332489
6413 123.99256134 5.58331155777 23.4830913544
6414 112.973129272 1.90776205063 29.2453403473
6415 113.687026978 6.34239244461 22.743057251
6416 116.8331604 0.698492348194 29.9293193817
6417 106.145652771 84.459854126 5.03136777878
6418 86.3918457031 -38.530090332 20.2311515808
6419 67.8987426758 -104.535804749 41.5561103821
6420 62.0727386475 -98.263999939 39.2329750061
6421 59.6548957825 -104.282112122 44.5518074036
6422 67.0571136475 -99.9224319458 44.0283126831
6423 83.8983840942 -44.7360229492 29.9424571991
6424 80.6753387451 -43.3962516785 25.0722942352
6425 85.1111602783 -42.287109375 23.4495258331
6426 79.6421356201 -40.569393158 29.7354221344
6427 98.1308746338 -21.0153827667 25.427154541
6428 99.8667907715 -16.2719612122 16.849281311
6429 104.335983276 -13.8570299149 16.8013515472
6430 100.430747986 -11.3571977615 16.179479599
6431 132.685623169 -100.493453979 43.4109840393
6432 140.549301147 -104.654953003 40.7110900879
6433 117.16796875 -22.9306411743 25.4341907501
6434 113.696769714 -24.0653381348 29.572763443
6435 116.171226501 -27.2948379517 24.6353302002
6436 120.183868408 -23.6613330841 20.9023094177
6437 194.772338867 -42.1837043762 43.2860374451
6438 192.220657349 -36.1026763916 41.8653030396
6439 190.854354858 -39.2843742371 45.0808944702
6440 71.7787399292 -7.06021881104 20.894323349
6441 64.7921218872 -2.29042124748 29.664648056
6442 37.8929862976 -4.74877786636 14.9159383774
6443 40.8919143677 1.49210011959 14.9246082306
6444 40.3603057861 -2.76782107353 13.4628686905
6445 45.1673126221 4.69131278992 12.4999303818
6446 45.0142211914 0.792858600616 14.2728157043
6447 42.4634857178 3.196007967 10.4270629883
6448 39.979839325 4.64995145798 13.9168920517
6449 162.406402588 60.7110328674 4.79075670242
6450 194.819534302 -26.3392162323 21.5565185547
6451 70.2043838501 -18.887802124 17.6533813477
6452 69.7220077515 -16.1791782379 18.6329879761
6453 38.5772705078 8.92232704163 19.829246521
6454 129.532119751 -5.97865200043 32.3445663452
6455 126.367996216 -3.34062504768 34.3911361694
6456 128.700805664 -2.06503582001 31.8776721954
6457 133.005859375 -3.09278726578 34.5485572815
6458 129.211517334 -5.28561210632 35.947265625
6459 51.6671524048 -11.613907814 30.9736747742
6460 57.8034629822 84.9383926392 5.36029529572
6461 48.5219078064 80.4884033203 5.78339910507
6462 54.1808547974 80.0827865601 5.77207136154
6463 72.9807052612 -28.5402545929 21.1546649933
6464 76.5042266846 -23.8993625641 27.7118644714
6465 70.0442276001 -26.9012489319 27.5201702118
6466 73.2676925659 -30.0027294159 26.6235141754
6467 76.5526733398 -32.43592453 25.1742153168
6468 138.38343811 -40.0780944824 27.7748184204
6469 135.540634155 -45.637298584 25.0973396301
6470 135.990814209 -43.325592041 30.1083564758
6471 135.151016235 -40.8564758301 24.3224258423
6472 143.956359863 -43.9960899353 25.3898677826
6473 143.037002563 -38.6271514893 29.9584789276
6474 139.099060059 -38.7053031921 32.1751480103
6475 134.360321045 -37.7433662415 29.4661960602
6476 140.544219971 -44.5039787292 30.3166809082
6477 93.2555770874 85.5758209229 5.8773727417
6478 135.033035278 -29.2917919159 26.6660900116
6479 136.793258667 -29.1272087097 22.2301692963
6480 132.370452881 -32.283821106 22.4745006561
6481 194.915283203 45.5167045593 21.8470344543
6482 194.770294189 51.6962242126 24.4587097168
6483 194.54359436 47.2156257629 27.6777420044
6484 158.202896118 -4.29339981079 35.9046401978
6485 172.183181763 -42.3177604675 46.0557441711
6486 168.430404663 -45.5247840881 46.2453117371
6487 169.77116394 -39.6370429993 45.9412536621
6488 166.565750122 -40.3642959595 40.5127410889
6489 151.280975342 -4.21738576889 36.3125038147
6490 96.9013900757 80.5087051392 6.41386556625
6491 153.184249878 -1.6188211441 36.1595916748
6492 93.5111923218 -6.97625589371 19.9944515228
6493 167.073684692 -25.5094223022 18.4151973724
6494 164.228012085 -26.7218952179 14.1835241318
6495 161.469543457 -24.7030448914 18.74650383
6496 166.770401001 -21.6682891846 16.2778568268
6497 166.664794922 -24.7482280731 11.961476326
6498 168.184249878 -29.4099521637 14.4959611893
6499 127.551750183 -24.8469734192 25.5541744232
6500 123.128936768 -25.9875450134 23.1995620728
6501 44.3536071777 -23.1305866241 27.6803760529
6502 41.1301078796 -26.245470047 31.9262485504
6503 44.9945907593 -28.9636878967 32.0976905823
6504 61.9266090393 52.7396697998 5.44234657288
6505 53.5683631897 51.3506774902 12.8692951202
6506 58.6229667664 57.8293190002 4.92447137833
6507 53.5181045532 49.7506790161 5.25415849686
6508 164.796798706 -4.7787733078 20.7222957611
6509 67.4925537109 -86.2889709473 6.97106456757
6510 189.501876831 -18.4851894379 28.8310966492
6511 189.909347534 -14.9717302322 25.8624076843
6512 125.316825867 14.4030351639 46.0096206665
6513 130.797714233 15.2481040955 41.8331832886
6514 126.175666809 17.2142276764 47.0534973145
6515 130.626831055 14.7464036942 46.569770813
6516 122.807159424 -5.41263198853 28.8836708069
6517 124.034584045 -0.0285933446139 29.2657432556
6518 47.9394454956 -11.6711778641 33.5459136963
6519 136.865859985 -3.74218773842 26.7082366943
6520 132.895614624 -3.4845790863 30.2843055725
6521 135.498504639 -6.42428445816 19.1628360748
6522 61.3427810669 -26.3156757355 6.60723018646
6523 58.9668922424 -29.0845184326 4.14391231537
6524 60.7278671265 -26.7519664764 2.49242758751
6525 63.932723999 -29.7154273987 3.53025364876
6526 119.009178162 -19.1723442078 29.7603549957
6527 114.03578949 -20.3107376099 30.2118854523
6528 118.47555542 -24.7591133118 29.266046524
6529 118.406448364 -18.1426563263 21.0819149017
6530 170.505462646 -32.0982627869 33.2361869812
6531 171.783859253 -29.3621120453 35.3423423767
6532 167.655776978 -27.6949462891 33.3797874451
6533 171.73298645 -26.8122749329 27.3421707153
6534 171.749053955 -23.2835025787 30.681438446
6535 175.393798828 -25.6296710968 32.1105995178
6536 169.403808594 -23.132068634 33.3320732117
6537 172.604782104 -24.8901443481 34.4740333557
6538 164.719360352 -24.3965187073 28.8958206177
6539 166.816146851 -22.8349838257 25.645526886
6540 168.501220703 -22.0273914337 29.9783248901
6541 194.773178101 46.7093162537 15.4825410843
6542 194.996185303 40.9563941956 19.1941490173
6543 162.871902466 -25.7449970245 32.150062561
6544 165.415313721 -23.0461177826 33.2069511414
6545 110.620780945 -19.9326534271 21.2907600403
6546 109.249664307 -13.9931621552 30.0019664764
6547 141.477600098 -20.895401001 25.6176338196
6548 132.549240112 5.62358427048 29.5063419342
6549 134.478500366 9.82326126099 27.7031574249
6550 192.23916626 -17.3049411774 45.8482513428
6551 194.074981689 -14.9176750183 42.2887649536
6552 189.968734741 -14.906917572 45.6825065613
6553 142.251571655 0.694366335869 29.6032905579
6554 146.133712769 1.36925697327 21.0898132324
6555 118.71660614 -7.00987148285 31.041261673
6556 114.670555115 -8.01456260681 33.4154777527
6557 117.101448059 -11.3436050415 29.6593570709
6558 64.316986084 -7.43930339813 30.6117782593
6559 61.2508544922 -4.50121831894 31.0406780243
6560 30.5586967468 -26.5420608521 19.2059192657
6561 28.6155948639 -23.8901615143 21.4812641144
6562 33.8029670715 -31.6080932617 25.2230567932
6563 33.4034805298 -28.5604419708 17.6427764893
6564 31.5813980103 -25.8702316284 27.0703620911
6565 28.8824558258 -22.3927307129 26.2584266663
6566 33.9893951416 -23.7904548645 24.9741172791
6567 163.48500061 6.15578651428 26.817029953
6568 163.359680176 6.28338813782 17.8993968964
6569 196.704498291 0.716034114361 25.6496276855
6570 164.90536499 10.7994251251 19.8900604248
6571 166.028182983 3.90504550934 19.7968845367
6572 164.889404297 2.60305500031 24.7078018188
6573 167.798843384 4.18642282486 24.9815731049
6574 116.010543823 -9.4140329361 16.6782436371
6575 86.1934356689 85.1290054321 5.7179274559
6576 4.57159805298 4.09952402115 19.127904892
6577 9.51109218597 -0.0611456409097 19.0851631165
6578 7.62212276459 -31.1556529999 44.96352005
6579 5.52811908722 -36.0465583801 44.9512176514
6580 83.7162322998 -1.947052598 29.4250869751
6581 80.4851379395 0.650068879128 29.2509098053
6582 171.471206665 4.97448730469 25.7228069305
6583 168.866638184 1.73366045952 22.2101840973
6584 171.321502686 -0.620078206062 24.2999477386
6585 168.654388428 9.52877140045 25.0123519897
6586 172.606124878 8.05359077454 30.335893631
6587 175.019500732 10.2671718597 25.1925163269
6588 169.392562866 7.01652383804 21.7946357727
6589 175.216583252 5.48183202744 26.2497444153
6590 173.304428101 3.91755008698 30.5386238098
6591 173.6925354 0.557145535946 28.9593067169
6592 74.1840057373 -10.197022438 36.1651077271
6593 77.6551132202 -9.97385215759 33.2208709717
6594 3.23534631729 -14.6921129227 11.4044799805
6595 72.3648071289 -13.1524467468 39.0186729431
6596 70.3058395386 -10.5823850632 35.0006942749
6597 71.1267089844 -10.0690660477 38.5983810425
6598 71.4698486328 -6.19014072418 35.0546607971
6599 74.1558456421 -7.60191345215 38.499332428
6600 155.640609741 -15.2114553452 14.8349123001
6601 158.455596924 -17.6678371429 18.1276168823
6602 160.98399353 -20.5879764557 18.8529949188
6603 160.041015625 -13.2508506775 15.5648460388
6604 158.370193481 -17.0542297363 14.6662530899
6605 161.943786621 -10.9159822464 16.3870315552
6606 161.75730896 -16.0560817719 18.286026001
6607 168.808944702 9.36378192902 13.5845088959
6608 170.776367188 11.0304803848 17.8680210114
6609 172.449920654 5.30236434937 15.181520462
6610 165.008789062 2.78295326233 15.3474464417
6611 167.981124878 5.3217792511 13.4472885132
6612 45.778591156 -4.54619932175 15.4938182831
6613 42.3913421631 -5.07890748978 14.6897182465
6614 139.959991455 73.3932189941 43.8469963074
6615 46.888004303 -1.618922472 17.2142295837
6616 3.83429837227 -5.83431863785 25.5275440216
6617 84.8931655884 -36.4650306702 30.3237686157
6618 79.8342437744 -36.2109909058 28.9843406677
6619 84.0718994141 -26.6494503021 32.8111076355
6620 79.0177001953 -28.8188858032 31.6153564453
6621 87.2438659668 -30.0416603088 27.8989772797
6622 146.400039673 -48.2110061646 26.0860977173
6623 152.452255249 -45.6600914001 29.7301826477
6624 86.5399932861 -31.2675857544 23.5253124237
6625 53.8255004883 0.740891337395 20.1950550079
6626 27.5636444092 -31.8662586212 24.6730079651
6627 27.5338020325 -26.6178207397 27.4119586945
6628 29.6023025513 -31.4706077576 30.543712616
6629 29.1160564423 -27.7335472107 24.4761772156
6630 32.6360969543 -35.9745330811 24.4783401489
6631 30.1355800629 -35.9378662109 19.3913726807
6632 27.6529865265 -27.6669368744 20.9925479889
6633 25.9369163513 -35.7606506348 19.8798599243
6634 20.2424411774 -33.3621330261 24.9705486298
6635 23.6647224426 -31.929895401 21.4355106354
6636 25.7288322449 -35.9699745178 24.8664112091
6637 24.133895874 -31.9114055634 29.3674507141
6638 21.4390544891 -28.1775722504 22.959318161
6639 145.321731567 -11.6452960968 15.4909572601
6640 147.037719727 -6.35399055481 18.5427856445
6641 146.31602478 -6.23481798172 14.6931734085
6642 145.679779053 -9.2571439743 13.1198797226
6643 66.6288070679 -11.177945137 38.4525794983
6644 65.5720443726 -12.8870544434 43.2935829163
6645 62.1522827148 -13.24061203 42.0646438599
6646 66.1560745239 -14.5663080215 39.5068588257
6647 62.1650657654 -12.1680812836 38.2934608459
6648 63.5920639038 -15.5162982941 36.3006858826
6649 63.1662635803 -15.6013364792 40.2756576538
6650 68.3849487305 -13.2745809555 35.2633895874
6651 64.1637268066 -18.0030555725 38.5540847778
6652 67.1514892578 -18.530626297 39.0897521973
6653 64.3985061646 -17.8780479431 42.4786338806
6654 66.812286377 -15.7591371536 43.0068130493
6655 70.313873291 -16.0623722076 38.5123672485
6656 68.9321136475 -12.9706878662 39.115978241
6657 196.258407593 -15.7607316971 36.3824195862
6658 192.84526062 -21.0887031555 38.0747070312
6659 194.896835327 -17.7302093506 39.815700531
6660 43.7613487244 -22.3152217865 31.5032958984
6661 46.7833862305 -19.1860637665 31.4335346222
6662 47.9271087646 -26.3374176025 32.0588874817
6663 45.4301605225 -29.3053474426 22.3695411682
6664 91.6295013428 -4.8661532402 18.1433486938
6665 86.1603469849 -5.0169672966 15.9877347946
6666 89.1199111938 -5.96933698654 13.7134151459
6667 88.1839828491 -7.86605262756 16.2855644226
6668 89.6782608032 -1.8915668726 16.5006732941
6669 168.218322754 -39.775428772 17.6053256989
6670 166.327911377 -37.2965698242 14.9345312119
6671 166.171676636 -37.1211509705 20.1960430145
6672 169.232086182 -39.6808853149 24.0625400543
6673 162.385437012 -38.9114379883 19.6724967957
6674 165.139221191 -42.8680381775 20.1477966309
6675 139.651504517 -35.7752304077 11.5111608505
6676 137.414489746 -32.2548599243 8.34255123138
6677 137.682189941 -32.3102607727 12.861410141
6678 141.547943115 -32.3471412659 8.35258769989
6679 137.136169434 -39.6751670837 9.11290931702
6680 141.670440674 -39.0535697937 8.4666852951
6681 137.089569092 -39.5149841309 14.0258512497
6682 140.106399536 -35.7965316772 15.3834161758
6683 135.234191895 -36.506187439 13.57035923
6684 144.102218628 -34.9888496399 9.06701755524
6685 141.65512085 -33.0688591003 12.8147964478
6686 66.4130172729 3.55215930939 29.5851650238
6687 62.598575592 3.62161779404 24.9089870453
6688 60.3349609375 6.33814001083 29.8517093658
6689 65.817527771 9.37937545776 27.3444480896
6690 59.0042152405 6.68548250198 24.4995517731
6691 195.144577026 -16.538898468 25.3519744873
6692 196.681289673 -14.6974029541 23.508556366
6693 196.016906738 -16.021238327 21.5215740204
6694 64.2386398315 4.46010541916 20.5101490021
6695 61.3415641785 7.49620199203 21.7212162018
6696 66.25365448 10.8176755905 17.9844989777
6697 66.0634841919 42.5930976868 25.8437519073
6698 71.3585586548 43.7698898315 26.362411499
6699 68.8614883423 38.2003593445 25.9139194489
6700 68.0666656494 42.7089538574 19.1182727814
6701 62.2612037659 45.6316223145 31.3798961639
6702 63.7746353149 38.2195205688 28.8303375244
6703 66.4038619995 42.3310317993 33.1467056274
6704 66.0034790039 37.3805770874 22.3562278748
6705 121.593666077 -2.11064934731 30.9805355072
6706 116.712341309 -4.23783826828 32.7916679382
6707 119.773193359 0.797288298607 32.6055412292
6708 123.326278687 -0.307439476252 33.5086021423
6709 122.986961365 -4.25044393539 33.4452705383
6710 138.91229248 -24.3772563934 21.4621009827
6711 142.517105103 -28.9272499084 17.7112464905
6712 138.468292236 -29.0996685028 17.305431366
6713 138.496582031 -24.597618103 17.1663131714
6714 153.176681519 -30.0968551636 27.8315944672
6715 150.63218689 -34.5119934082 32.1075134277
6716 154.694015503 -30.3100147247 32.3603363037
6717 150.547775269 -30.3972797394 32.8169059753
6718 154.710723877 -0.221451789141 31.9706726074
6719 162.799957275 -2.92136859894 45.1236495972
6720 167.280883789 -1.05796480179 44.7503089905
6721 166.674697876 -0.928692221642 42.0748939514
6722 164.177337646 0.472296923399 44.6617126465
6723 98.4602813721 -18.127872467 31.3592147827
6724 100.210601807 -23.8515853882 33.5720367432
6725 101.546737671 -19.743768692 33.7162437439
6726 96.0679550171 -19.2095661163 29.2605037689
6727 139.744735718 -33.1196098328 26.911397934
6728 99.6031188965 -14.7346382141 34.0259475708
6729 103.60811615 -15.8651971817 34.0062789917
6730 99.2795944214 -18.1902694702 37.9179458618
6731 99.7292251587 -23.6560935974 29.7702789307
6732 60.6224632263 -0.25775039196 20.7597846985
6733 57.3193817139 -0.405425429344 21.1398696899
6734 59.1285400391 1.09501779079 25.1074790955
6735 62.0256690979 -25.313703537 18.8460960388
6736 150.465026855 -29.8572807312 18.9309082031
6737 147.861297607 -27.2554512024 17.9638061523
6738 151.700088501 -26.5147609711 17.6889724731
6739 150.609283447 -29.8844547272 14.015004158
6740 62.5111961365 -29.1110076904 17.3858375549
6741 144.200683594 -24.2025985718 17.4911518097
6742 147.049606323 -27.2541980743 13.232673645
6743 142.746459961 -28.030834198 13.65442276
6744 66.2066040039 -23.8331832886 16.7517127991
6745 68.2643432617 -28.1826992035 18.2481441498
6746 148.664855957 -23.9098930359 16.6337814331
6747 144.63482666 -24.2986354828 12.8782176971
6748 61.7466583252 -25.7828025818 14.3064308167
6749 60.8390426636 -22.6314182281 15.5058288574
6750 127.495529175 -2.52114748955 20.384180069
6751 125.349731445 0.547982275486 20.7069816589
6752 124.582023621 -3.66946411133 15.6431255341
6753 21.3887329102 24.8723201752 24.0175704956
6754 24.5774898529 27.6544532776 16.5078620911
6755 19.1962738037 27.753780365 18.9297046661
6756 24.6489486694 29.0029430389 21.8402118683
6757 128.465515137 -5.57539367676 14.9055604935
6758 127.95186615 -2.24650335312 15.8564996719
6759 125.023582458 -5.27913236618 20.2968635559
6760 78.5408859253 81.6063919067 5.93827581406
6761 50.2437858582 8.95973873138 22.8377532959
6762 53.2815818787 4.31058216095 21.5672016144
6763 50.0310325623 0.387093931437 19.8941116333
6764 129.961303711 -15.450345993 15.5624284744
6765 124.671730042 -15.3405132294 15.8492603302
6766 36.4083786011 -2.42141509056 22.8013782501
6767 28.4550743103 24.2680511475 28.0898609161
6768 21.2824573517 26.0810585022 29.2665538788
6769 25.2325611115 20.4934272766 27.789270401
6770 50.1442337036 2.28654336929 33.2339096069
6771 50.8133773804 -0.959852337837 34.498714447
6772 24.3240337372 30.0249729156 27.1460208893
6773 24.7589206696 25.3525543213 32.9627075195
6774 50.5857505798 -4.61535406113 35.1778335571
6775 46.8728408813 -2.42138981819 35.703250885
6776 89.5035934448 -1.86035621166 29.5684585571
6777 54.6527252197 4.79253864288 25.0091876984
6778 161.688140869 38.4328842163 4.52565526962
6779 131.990966797 -5.07916069031 18.7170009613
6780 30.03191185 20.5457496643 19.8248310089
6781 31.8032779694 21.0867347717 24.9568786621
6782 34.9161872864 21.8866710663 20.1341018677
6783 29.6585845947 18.7902030945 30.36302948
6784 29.2052574158 23.2775363922 33.982383728
6785 154.16494751 -24.3091526031 29.8784141541
6786 163.675201416 -15.7899169922 13.8034143448
6787 163.964202881 -14.2009801865 16.4380874634
6788 166.997619629 -13.5066242218 15.4104375839
6789 164.029556274 -12.391125679 13.6915187836
6790 34.9315376282 -31.2967453003 29.3267478943
6791 87.9836196899 -26.2676944733 17.312292099
6792 86.372177124 -21.3352870941 17.7512664795
6793 91.5664749146 -29.0243625641 22.4479103088
6794 93.1096038818 -23.4000930786 24.7739429474
6795 92.1588592529 -22.2960224152 17.4449310303
6796 95.9840698242 -22.3090724945 21.5866794586
6797 94.5721588135 -26.5672206879 21.9755477905
6798 92.7749710083 -19.21459198 19.7805709839
6799 155.688827515 -21.0334949493 9.8773059845
6800 158.191757202 -18.7771091461 8.56216526031
6801 158.517944336 -23.024892807 6.04295682907
6802 155.30607605 -21.0253829956 5.79611873627
6803 161.568191528 -29.3381271362 16.0633182526
6804 32.1572036743 -12.098534584 27.0371513367
6805 34.7313766479 -14.357008934 26.2685012817
6806 162.338821411 -0.201277464628 25.0747356415
6807 152.585586548 -5.21341991425 16.5942306519
6808 112.187217712 -5.22739267349 33.0960044861
6809 106.54549408 -10.134018898 29.4118995667
6810 78.9210739136 -3.83900928497 29.3483886719
6811 172.58114624 24.9242115021 3.6216583252
6812 66.5866775513 -19.6239509583 31.528963089
6813 163.956817627 -20.2481002808 14.5312719345
6814 167.901260376 -19.3646717072 14.4790010452
6815 165.310241699 -17.8281574249 16.5286941528
6816 66.2634048462 -22.6686286926 33.5707969666
6817 61.9872055054 -22.1212749481 33.3951263428
6818 63.9717712402 -17.9480895996 33.4882774353
6819 109.686431885 -2.88471579552 29.0079059601
6820 102.567481995 -5.6451048851 20.3612346649
6821 31.5620727539 2.62254571915 26.4171390533
6822 30.2309093475 -0.504347980022 23.8203964233
6823 32.381778717 -0.786231637001 26.1636562347
6824 27.9327697754 -0.00578648597002 21.4698352814
6825 29.1452541351 2.97014141083 23.9453029633
6826 83.8030014038 -24.008523941 16.1919841766
6827 80.4307937622 -21.3364143372 16.2362804413
6828 31.1340961456 -23.6306915283 17.0814628601
6829 26.2530860901 -25.0456027985 16.8455867767
6830 31.6770801544 -20.7444095612 15.0264921188
6831 36.1225585938 -20.4598674774 15.9015951157
6832 166.835083008 -20.5636634827 11.2280874252
6833 163.56086731 -18.8983078003 8.51117324829
6834 168.015319824 -18.0044231415 8.29229259491
6835 165.724716187 -21.8123703003 7.84233188629
6836 30.8560333252 -29.7982273102 13.8164634705
6837 33.6497344971 -25.0935077667 12.6262788773
6838 130.855804443 0.823082089424 33.5702667236
6839 170.458938599 -21.983625412 10.0640134811
6840 132.234222412 -7.5055475235 34.1899757385
6841 127.467735291 1.41580724716 33.4904556274
6842 66.6859893799 84.495552063 8.02562236786
6843 37.9092025757 -6.25152444839 7.09891939163
6844 41.7570419312 -7.1750125885 9.57026195526
6845 39.7671737671 -9.00852203369 6.81434011459
6846 41.0324859619 -7.30603170395 4.67826652527
6847 115.099861145 -28.5994606018 28.2884902954
6848 187.516647339 -18.6098937988 20.4490833282
6849 190.877960205 -14.2142314911 21.9234542847
6850 189.892379761 -14.7753286362 16.7868728638
6851 186.833053589 -15.2768516541 22.7834320068
6852 162.474487305 -0.128275260329 28.8496761322
6853 166.875045776 -0.305616945028 26.8379898071
6854 165.882202148 -3.66404700279 27.4214763641
6855 162.628723145 -5.19802999496 30.0245704651
6856 65.3796081543 0.0993376895785 20.8007659912
6857 60.7734947205 2.66372966766 28.8723564148
6858 68.4201202393 -0.534546136856 29.9320774078
6859 70.9584884644 84.4866104126 5.0504026413
6860 70.0639877319 79.0409851074 5.47950601578
6861 60.7199325562 80.0253295898 6.52419185638
6862 38.536693573 -6.65351772308 4.55022144318
6863 36.8392524719 -9.02224159241 6.91319942474
6864 97.525428772 -10.4214715958 18.5345840454
6865 41.8188056946 -10.8149089813 8.53370094299
6866 42.9453887939 -11.8275613785 4.65476322174
6867 39.4805335999 -11.9217748642 4.57814121246
6868 100.131332397 -10.9146280289 29.5338306427
6869 40.2319831848 -13.6672716141 7.57638263702
6870 40.2362480164 -15.1925086975 4.61974287033
6871 37.0273666382 -14.4381742477 4.61954069138
6872 171.801528931 39.6820449829 5.88004350662
6873 73.040435791 -19.9709892273 29.1983089447
6874 38.1640739441 -10.9745187759 9.94396781921
6875 38.1948051453 -11.370221138 7.13566112518
6876 111.461395264 8.26239585876 20.2956619263
6877 112.023490906 1.69695687294 20.6043643951
6878 109.274467468 5.34726905823 22.9025783539
6879 117.979217529 8.11735343933 23.1497459412
6880 107.941871643 9.41752147675 22.7051525116
6881 114.645698547 7.01214456558 17.8146495819
6882 163.575515747 18.7594985962 21.6462402344
6883 157.071929932 19.1053237915 19.8303489685
6884 158.836074829 16.164680481 17.6302967072
6885 165.081207275 17.7594394684 27.1086101532
6886 164.532424927 22.2942085266 24.734910965
6887 160.341705322 18.7055835724 26.0266876221
6888 162.713928223 15.52044487 18.4691886902
6889 162.780700684 22.584394455 19.2597980499
6890 168.732299805 22.3276462555 20.0803623199
6891 162.941772461 18.4996376038 14.260020256
6892 166.271438599 17.4239940643 18.6109027863
6893 159.698562622 23.2467556 25.335395813
6894 151.067169189 12.1204509735 26.933216095
6895 148.26701355 8.97748374939 22.7005062103
6896 55.5617866516 13.0715045929 32.6106834412
6897 54.4656143188 8.59500598907 37.2441444397
6898 58.2813949585 9.85877513885 36.9904327393
6899 55.8790817261 13.170375824 37.114112854
6900 51.8978805542 6.28042650223 35.9912605286
6901 56.5843734741 5.50625896454 37.4803123474
6902 51.4752807617 6.74076557159 40.7739677429
6903 27.6332435608 8.67767810822 22.6386165619
6904 31.6287326813 7.07124996185 22.3782234192
6905 23.7483177185 11.8333520889 17.3484249115
6906 23.2958145142 10.4215803146 22.9212856293
6907 27.3523597717 9.11267948151 17.1208877563
6908 27.7026119232 15.4364309311 18.9349327087
6909 54.6296005249 8.9365272522 41.8009109497
6910 52.1492881775 11.6986379623 41.5387954712
6911 26.2668685913 4.66250658035 19.360212326
6912 22.1617736816 5.9374127388 19.0478401184
6913 26.7658233643 6.90823554993 26.5653457642
6914 27.2934932709 12.3227510452 26.0358524323
6915 146.690475464 13.990562439 22.3323059082
6916 150.579833984 14.0139007568 17.9156227112
6917 146.623825073 15.1239948273 17.8292808533
6918 148.909042358 7.57988595963 18.2908973694
6919 148.076705933 11.6436834335 13.1369781494
6920 147.645401001 7.84483528137 13.7707099915
6921 104.58265686 -21.852060318 34.4202461243
6922 105.196342468 -21.5483951569 29.8532028198
6923 96.0131759644 -19.277961731 33.8251152039
6924 158.041732788 -21.2412128448 16.7119979858
6925 171.293563843 5.05961418152 42.9371261597
6926 170.646789551 3.19097065926 39.890750885
6927 171.360031128 7.40613889694 40.2087593079
6928 173.845855713 3.30538463593 41.6008605957
6929 171.472335815 1.33597064018 44.6576881409
6930 41.6192131042 -24.4266929626 18.2211990356
6931 27.0315818787 -9.65017700195 39.5199966431
6932 194.599716187 -95.9833145142 33.3482475281
6933 171.268951416 -1.38946163654 42.3247337341
6934 169.824569702 -0.813949167728 39.4015312195
6935 172.752365112 -0.613572835922 39.7284736633
6936 97.3802871704 -18.0982322693 21.2021255493
6937 121.209342957 -9.03887176514 29.5444374084
6938 132.331771851 -7.85271263123 16.9375228882
6939 33.5914535522 3.43050599098 37.6324424744
6940 32.4934577942 5.05910825729 34.2542419434
6941 28.9829730988 2.9471321106 36.3122024536
6942 30.1693344116 6.34355688095 38.25
6943 34.002910614 2.27148222923 28.9135150909
6944 32.706073761 -0.382998257875 30.8672351837
6945 37.6232528687 10.6915416718 30.1432380676
6946 34.4805793762 6.90957689285 31.3138046265
6947 39.2648048401 3.9795665741 33.0769691467
6948 36.3351860046 6.95306444168 40.6398086548
6949 34.8322982788 1.28526902199 41.5355033875
6950 37.2974662781 1.8623509407 39.0373573303
6951 112.178733826 -17.7499275208 17.2278728485
6952 116.969192505 -21.4273376465 17.2982292175
6953 111.537132263 -13.7610816956 16.7774810791
6954 30.0473651886 -2.28004288673 33.3467521667
6955 27.2722816467 -3.28212714195 36.3831787109
6956 30.9985332489 -3.02305030823 36.1543502808
6957 27.839427948 -0.326677203178 34.4443435669
6958 160.393630981 8.48135185242 15.7483510971
6959 155.747329712 9.40478897095 12.9482078552
6960 158.719390869 11.9862928391 17.5614070892
6961 154.771209717 14.205696106 17.582036972
6962 154.937438965 13.4713964462 13.3796014786
6963 152.253189087 10.1214456558 18.0508556366
6964 9.85368919373 -53.931427002 45.0709991455
6965 72.1132736206 -27.3744983673 16.2647571564
6966 71.1386795044 -21.4869499207 15.6947507858
6967 68.7454528809 -24.4927330017 14.329199791
6968 32.5925941467 -0.328246623278 34.9586753845
6969 32.204498291 -4.18847846985 32.2744255066
6970 136.1978302 -3.5786921978 30.8511867523
6971 138.667022705 -4.10808467865 18.7788658142
6972 172.980255127 13.4388694763 27.6927032471
6973 179.10005188 12.0680027008 31.7777118683
6974 174.437057495 13.4281873703 31.9186534882
6975 175.399475098 8.71466064453 33.5879096985
6976 171.924835205 10.348072052 34.865852356
6977 176.040161133 13.2991933823 36.1069908142
6978 171.052322388 15.4025878906 35.4298973083
6979 170.810455322 16.2161426544 30.0538330078
6980 176.907440186 19.3731327057 27.6098041534
6981 179.411102295 16.0584182739 35.029624939
6982 75.0219573975 -10.4882974625 20.5542697906
6983 125.093925476 -12.0710573196 33.3383483887
6984 120.77947998 -9.39570713043 34.0808525085
6985 162.885971069 -16.8990497589 26.0586071014
6986 124.061592102 -30.5794563293 23.9050941467
6987 130.201751709 -29.8006687164 27.5131340027
6988 129.221252441 -36.0770606995 23.4075317383
6989 124.686920166 -30.9949035645 19.60115242
6990 66.6678009033 -9.32680511475 18.8419208527
6991 128.886947632 4.32579517365 28.6884841919
6992 127.772781372 6.91982889175 23.5335388184
6993 129.228286743 3.06222963333 20.4647502899
6994 130.709579468 8.69684028625 28.0058479309
6995 45.3286933899 -33.0891990662 29.4847488403
6996 42.3769035339 -32.1377029419 31.7996330261
6997 48.4849891663 -34.5405082703 26.9269638062
6998 50.3710098267 -35.4088401794 31.5508327484
6999 46.4951858521 -37.3572463989 30.8544769287
7000 41.4415664673 -36.3964691162 27.4210453033
7001 27.1042041779 -46.1305580139 22.9270191193
7002 24.2988967896 -51.9864273071 19.2603549957
7003 21.088142395 -46.927947998 20.8146877289
7004 25.0146045685 -46.5879707336 16.6701927185
7005 48.6050872803 -30.6727981567 26.5968341827
7006 46.6225967407 -33.6830635071 22.3610363007
7007 42.073425293 -32.2300033569 27.0525913239
7008 45.7072486877 -33.6880607605 36.2970657349
7009 42.8453292847 -35.949131012 31.4897022247
7010 58.0633125305 -17.0495586395 15.3302459717
7011 58.2379455566 -20.5740413666 16.1961860657
7012 20.8197135925 -50.137298584 29.0478000641
7013 19.2245235443 -49.2576904297 34.6409492493
7014 19.7016963959 -44.6415672302 31.065864563
7015 13.3458471298 -47.469745636 28.6310749054
7016 41.8909225464 -19.5301914215 33.1893081665
7017 149.659637451 -2.96493220329 18.4849452972
7018 134.90637207 -15.3757867813 16.3187503815
7019 128.287612915 -8.68456840515 15.1577644348
7020 133.066421509 -10.4883098602 14.6754417419
7021 128.668273926 -9.60438537598 11.3748006821
7022 54.035774231 8.76199531555 32.4872055054
7023 51.3389358521 11.5701999664 32.1438369751
7024 52.297416687 11.7557935715 37.0024833679
7025 54.8653793335 12.5142421722 27.982837677
7026 58.0000419617 9.54841423035 32.384765625
7027 17.5808849335 -56.3346786499 24.7871189117
7028 19.3054485321 -53.6160926819 16.4580097198
7029 14.2317581177 -56.5066261292 20.0379142761
7030 56.6382255554 6.05205440521 32.8185501099
7031 56.0266799927 5.54784822464 28.628238678
7032 51.5692558289 5.75584363937 31.2815303802
7033 42.0038528442 11.2011899948 18.4339790344
7034 42.9096755981 79.6009368896 6.26635503769
7035 41.6005058289 11.8315048218 23.0831851959
7036 40.8624343872 14.1297578812 27.992559433
7037 133.767028809 -36.4727249146 23.5074291229
7038 139.353652954 -32.6521987915 22.0913410187
7039 135.513320923 -32.4366188049 19.9443187714
7040 135.218902588 -33.6679649353 26.7458000183
7041 129.205993652 -39.5751419067 28.0672054291
7042 130.643661499 -38.6040267944 20.2199001312
7043 135.235641479 -37.0898513794 18.7024726868
7044 88.1793518066 -17.2049293518 30.3388557434
7045 17.7329654694 -44.596244812 24.7765388489
7046 13.843624115 -42.8741760254 19.9993877411
7047 21.1404018402 -39.0366630554 20.672252655
7048 172.724822998 -10.4063978195 48.2818527222
7049 191.383010864 -2.39324188232 45.5131607056
7050 41.4105606079 -32.6280097961 22.4714508057
7051 48.5534973145 -22.353849411 29.3372268677
7052 11.1541604996 -42.4931144714 26.3422889709
7053 8.83920192719 -49.1310768127 24.8651199341
7054 103.908828735 -12.9829778671 37.9638404846
7055 117.113975525 -10.7569799423 33.7298126221
7056 118.642440796 -6.84290790558 35.5331230164
7057 62.934879303 11.1416292191 22.498041153
7058 69.0756072998 8.40278053284 17.6357383728
7059 59.7143173218 4.13334178925 20.9379997253
7060 57.6581192017 9.29004573822 18.135717392
7061 61.0606193542 8.46337985992 17.260766983
7062 94.4533157349 -9.88376331329 16.0223751068
7063 93.4125747681 -13.4502267838 17.1712112427
7064 96.8815002441 -13.6296319962 16.8776702881
7065 97.3157043457 -10.8558521271 14.0743122101
7066 151.550354004 -26.6996955872 22.4336338043
7067 146.687896729 -29.8264636993 23.5036582947
7068 143.789199829 -24.6111335754 27.2395534515
7069 142.942123413 -27.4790401459 22.7616996765
7070 158.057327271 3.25407552719 38.4986724854
7071 158.203277588 0.0732148513198 37.8457794189
7072 139.158996582 -24.0313434601 29.7807331085
7073 141.330047607 -24.4932022095 24.3263111115
7074 141.217468262 -20.1708850861 29.7686843872
7075 19.7929477692 -47.6925239563 15.5911579132
7076 40.7057228088 13.3374404907 32.6627006531
7077 43.4443321228 9.45635128021 32.7909088135
7078 130.908691406 -13.003367424 11.2139883041
7079 136.480804443 -10.7756233215 15.0413885117
7080 135.479705811 -6.07294225693 15.2473087311
7081 88.9225769043 16.8230171204 30.5703411102
7082 89.2138900757 14.1959257126 24.21118927
7083 93.6666259766 15.582865715 25.4468975067
7084 37.7725868225 -25.6778430939 40.3163375854
7085 39.8171310425 -24.8005886078 36.0884361267
7086 39.497341156 -29.4214458466 38.3503913879
7087 86.1872711182 13.6096801758 27.0606155396
7088 87.1582489014 17.8469963074 26.7430152893
7089 85.5526657104 12.7081890106 22.3179798126
7090 81.9750518799 17.2577896118 24.4123878479
7091 81.415687561 14.5496473312 29.5578269958
7092 41.5751686096 -31.9049377441 36.4451942444
7093 85.4418182373 9.60071086884 27.1427822113
7094 82.5986862183 12.0874176025 25.477399826
7095 155.613830566 -24.7792625427 19.1702919006
7096 154.712738037 -29.4317092896 18.224527359
7097 121.728149414 -26.1394844055 28.4663887024
7098 116.845741272 -26.6284275055 20.6201343536
7099 120.028625488 -29.1439151764 22.7148971558
7100 103.948165894 84.481300354 43.0678939819
7101 109.086669922 80.3801651001 43.7862205505
7102 112.255203247 85.1909713745 42.7220687866
7103 118.466972351 -31.542673111 27.223985672
7104 114.529586792 -31.488161087 22.3567962646
7105 92.1667404175 9.45164299011 26.7737464905
7106 90.2073898315 8.81084918976 22.5132541656
7107 91.0426864624 2.51453590393 20.1715393066
7108 84.7792282104 -0.175838068128 16.3421020508
7109 43.9202880859 -24.6599998474 34.7762947083
7110 46.3197441101 -24.0309143066 39.80727005
7111 48.0591888428 -22.0940265656 38.0186424255
7112 44.3463020325 -21.3572845459 35.7013778687
7113 83.1382293701 -3.5684659481 16.6474628448
7114 40.3158187866 -42.8197669983 24.2158851624
7115 36.070728302 -48.2998809814 27.8905220032
7116 45.0420379639 -46.9793205261 24.9456653595
7117 39.7793388367 -44.5983085632 29.9653644562
7118 86.7827682495 3.03117084503 16.2059307098
7119 83.0036468506 3.83981442451 20.3840293884
7120 41.7436752319 -23.7388420105 39.532245636
7121 38.697845459 -22.069890976 37.8766098022
7122 158.999038696 -25.8328456879 32.7804031372
7123 154.991134644 -25.1814441681 34.4282455444
7124 154.309844971 -29.2735919952 36.6426086426
7125 157.913070679 -26.8225517273 38.9181594849
7126 157.599822998 -22.1991767883 31.5897655487
7127 161.237579346 -23.8168296814 36.9922828674
7128 161.152557373 -29.0221977234 34.2303237915
7129 126.206550598 -24.2136211395 29.5449943542
7130 117.076164246 -12.5264225006 21.4520015717
7131 87.2072219849 -19.9421443939 32.8403434753
7132 92.5227966309 -17.6036949158 34.3161315918
7133 87.6971282959 -15.9487428665 34.3609390259
7134 189.16317749 -93.085144043 6.3085641861
7135 184.715148926 -99.571647644 6.24402952194
7136 48.271068573 -16.3199806213 32.8717346191
7137 87.8183135986 -4.35086011887 35.1717834473
7138 84.7423019409 -5.40541791916 38.5092277527
7139 85.6617736816 -9.70611763 37.9679145813
7140 89.4925537109 -8.70309734344 38.8445243835
7141 141.602233887 -7.18804836273 35.2088394165
7142 140.728897095 -10.8626613617 35.2337989807
7143 144.419662476 -8.3633480072 33.3789749146
7144 143.431442261 -12.4034280777 35.8020210266
7145 93.8729782104 -5.09553813934 33.85313797
7146 94.4813995361 -4.08006334305 38.1909446716
7147 90.2665328979 -5.61419820786 38.6978111267
7148 92.8391036987 -7.54197263718 38.4625015259
7149 35.3587188721 -30.854467392 15.3682661057
7150 43.5133476257 -5.55633306503 34.656867981
7151 136.309127808 -18.724357605 18.3826942444
7152 132.495773315 -18.3755092621 16.9505958557
7153 138.325286865 -12.6114110947 15.6836509705
7154 31.0010757446 -35.8362350464 30.077829361
7155 36.9950027466 -35.3807792664 26.8483181
7156 177.922576904 -14.9870958328 37.5789833069
7157 87.2521820068 -6.89391326904 40.498008728
7158 89.311126709 -8.34398365021 42.8873596191
7159 97.9074172974 -14.0168676376 20.9698429108
7160 31.828792572 84.568649292 5.96075344086
7161 24.7631855011 78.906578064 5.67943906784
7162 42.110660553 20.030330658 27.2844314575
7163 44.6780014038 16.1532154083 26.3941040039
7164 44.416229248 17.2804698944 30.603805542
7165 45.7103881836 20.2700176239 24.9215049744
7166 39.990688324 17.2054176331 24.4937820435
7167 42.8317871094 21.6445045471 20.2432250977
7168 38.0659866333 18.6453132629 30.1012687683
7169 41.0807342529 20.3020877838 35.1700630188
7170 44.5101013184 22.4844093323 30.2806110382
7171 48.2173957825 19.1282062531 29.9146633148
7172 109.206626892 30.7374801636 23.9422779083
7173 105.051582336 27.0070762634 23.3664360046
7174 112.018936157 26.5578746796 21.3813915253
7175 111.961425781 28.0433597565 27.5374336243
7176 105.022926331 27.1870517731 28.8191242218
7177 102.325668335 30.9047470093 27.5395851135
7178 105.886703491 33.572517395 20.2670192719
7179 107.59980011 34.875087738 27.9610939026
7180 90.5330047607 -5.71177911758 42.9559593201
7181 55.7685394287 -10.1005172729 12.5522270203
7182 53.1514472961 -13.2485342026 14.0966253281
7183 52.211227417 -8.54873943329 14.7458868027
7184 57.1103210449 -6.7532248497 15.0403766632
7185 34.8900146484 -27.3012046814 31.4461650848
7186 92.9711990356 -7.5552110672 42.4085693359
7187 87.6578216553 -3.45802593231 39.0716285706
7188 98.6189346313 -27.0720596313 26.3951931
7189 168.685241699 13.6297025681 20.532957077
7190 173.60244751 14.4360179901 22.3630485535
7191 170.268386841 18.726770401 24.7925491333
7192 169.796447754 14.9476156235 25.3708076477
7193 172.930206299 14.9125823975 17.0991821289
7194 170.742843628 17.681602478 19.8803405762
7195 149.362319946 -4.85337018967 14.8072328568
7196 96.0566635132 -15.2536649704 37.8786621094
7197 162.611984253 16.0504436493 31.9798851013
7198 167.685546875 14.2847480774 31.9534091949
7199 166.181396484 21.3812255859 29.9456710815
7200 158.590560913 20.4506492615 29.727804184
7201 109.09803772 7.09018421173 27.2942028046
7202 112.604141235 5.64302444458 27.5934772491
7203 95.9558868408 -19.5252799988 37.9062004089
7204 93.4069671631 -17.2210922241 38.2294464111
7205 106.274772644 5.13795757294 31.860004425
7206 120.078491211 -27.8865890503 18.2363739014
7207 117.2995224 -26.2818698883 16.5845851898
7208 194.42791748 -104.148574829 36.1941947937
7209 160.619995117 -3.30202293396 15.1397294998
7210 23.6333217621 15.6704483032 24.7145595551
7211 21.4622402191 19.8283843994 29.9383296967
7212 17.1860694885 19.9212818146 26.0238018036
7213 18.4278526306 14.2861404419 24.5288524628
7214 28.6930408478 17.1526165009 24.6874752045
7215 21.3488388062 11.7608308792 28.4295330048
7216 22.7887973785 18.3891735077 20.1147499084
7217 20.4140357971 14.6575803757 17.6626205444
7218 25.1453838348 22.0811748505 21.852437973
7219 162.515136719 -16.8762798309 30.1064319611
7220 73.8664779663 -19.6727790833 11.2195692062
7221 70.741317749 -21.7908420563 11.858250618
7222 71.6167755127 -17.7286891937 11.2543745041
7223 68.7459716797 -15.672326088 15.0029764175
7224 68.1495513916 -19.5394172668 11.9323911667
7225 134.545379639 -1.19462883472 19.9354476929
7226 136.092529297 4.63461208344 29.1306228638
7227 93.9008636475 -36.8451919556 25.2734298706
7228 89.1406173706 -34.7018547058 25.9930477142
7229 91.3767547607 -30.3872184753 27.0382652283
7230 95.3783874512 -30.5929489136 22.6933689117
7231 102.2186203 -5.57197618484 16.2011966705
7232 137.08757019 -31.2261734009 29.7792892456
7233 133.135177612 -29.432012558 31.5964984894
7234 134.103439331 -34.1761703491 31.7581958771
7235 138.586273193 -28.9135818481 32.660446167
7236 140.348953247 -33.2428855896 31.342508316
7237 136.18081665 -26.7014293671 30.6784515381
7238 139.869812012 -28.6047267914 27.9016094208
7239 96.1857147217 -11.6236028671 33.5759353638
7240 19.2929954529 48.6347885132 35.5811424255
7241 19.4683361053 48.9121398926 29.9948539734
7242 19.0528144836 43.871471405 27.112279892
7243 14.2231645584 45.741230011 30.6867542267
7244 166.593261719 -19.0079364777 28.070268631
7245 33.7086753845 -3.92945218086 24.7930431366
7246 35.0888061523 -6.90360832214 23.4994564056
7247 62.6101303101 -26.8057441711 29.2954101562
7248 65.7676544189 -26.1189441681 35.5736999512
7249 64.9244537354 -32.7378196716 28.1365890503
7250 66.3933486938 -33.1912078857 23.6227416992
7251 130.40071106 10.2132053375 18.0682201385
7252 130.696075439 5.9260725975 16.4888515472
7253 130.553466797 9.49915504456 23.1454811096
7254 25.6430969238 32.1012077332 45.3378944397
7255 121.701599121 12.3077907562 21.9483737946
7256 125.466552734 10.3222780228 23.1968650818
7257 124.363746643 11.4367761612 18.7747268677
7258 107.383728027 84.6833724976 36.9049263
7259 123.35774231 6.28475522995 18.2441444397
7260 23.9953975677 40.7765960693 31.850107193
7261 147.547439575 -35.1362075806 27.8287334442
7262 143.401733398 -30.3359222412 27.0538330078
7263 147.22857666 -28.1837368011 28.2803401947
7264 143.419952393 -24.9540100098 31.8708896637
7265 145.241043091 -30.1702365875 32.9050178528
7266 145.840652466 -10.6750049591 35.76612854
7267 143.962936401 -8.97151470184 37.1932640076
7268 149.045272827 -7.06905269623 35.1222457886
7269 144.372299194 -5.09660148621 34.7030410767
7270 24.0206718445 -23.931219101 23.4466400146
7271 22.0401573181 -24.4206047058 27.7980556488
7272 23.1548080444 -28.1675109863 28.4335594177
7273 22.3559608459 -24.4450187683 19.5960140228
7274 132.291732788 72.4013595581 4.97818517685
7275 131.498855591 67.6883850098 8.23664283752
7276 125.402030945 66.5889511108 6.11535167694
7277 25.414270401 -23.3579978943 27.212644577
7278 21.3132247925 -20.7746334076 25.8533973694
7279 19.2599105835 -24.5036945343 24.4512691498
7280 20.7601127625 -20.8313331604 20.7073364258
7281 79.2564926147 -32.6833076477 37.105884552
7282 79.5266952515 -28.5981826782 36.345741272
7283 74.6638336182 -30.6255512238 40.5225334167
7284 79.3416824341 -29.0106678009 41.2094993591
7285 73.3908233643 -35.3066253662 34.8626861572
7286 75.2160186768 -31.293088913 35.4456672668
7287 194.918930054 41.6725196838 42.7759590149
7288 78.5561141968 -32.9207420349 32.7701759338
7289 84.1519165039 -35.4436454773 35.3156089783
7290 77.8708190918 -37.0991172791 33.9774742126
7291 79.9128494263 -32.4607925415 41.1691246033
7292 83.3784713745 -30.4792804718 41.103767395
7293 83.1839523315 -35.2868080139 40.4587478638
7294 77.9851531982 -37.8114204407 39.0401382446
7295 83.5332717896 -30.2275829315 36.4376792908
7296 181.048721313 -5.0810084343 9.59747314453
7297 177.998626709 -5.24946546555 10.111905098
7298 24.3692169189 46.2961616516 30.5606212616
7299 29.1782627106 46.1358795166 37.3706054688
7300 30.7400245667 45.5298423767 31.1638507843
7301 55.3395004272 40.5267868042 31.5541744232
7302 59.7271232605 40.9557380676 33.2900009155
7303 24.5709724426 43.886100769 38.0770378113
7304 58.8880691528 48.4708099365 27.5876293182
7305 64.6399307251 52.6871452332 31.5007133484
7306 34.5114860535 -13.6475276947 34.6497077942
7307 160.912139893 -43.3486785889 24.9148864746
7308 157.051773071 -45.6005554199 24.7960548401
7309 158.634567261 -41.2794914246 20.3087482452
7310 157.504501343 -46.3297691345 19.9256381989
7311 166.609146118 -49.7705154419 25.1122493744
7312 167.60118103 -45.8142356873 28.3910331726
7313 162.145050049 -48.9055137634 27.8019275665
7314 157.460678101 -45.2419128418 29.7981472015
7315 164.495498657 -39.9311904907 25.1444225311
7316 163.158599854 -43.3103790283 30.3345527649
7317 161.862930298 -49.5504989624 22.0844688416
7318 61.8048019409 -34.2770652771 24.3044281006
7319 59.2187042236 -33.0996131897 28.1551170349
7320 24.4562168121 51.1216201782 36.4900741577
7321 64.7840805054 -37.8364295959 25.9184761047
7322 55.9305152893 -37.1531982422 26.606048584
7323 59.2790870667 -38.4371414185 24.5571269989
7324 135.004882812 -33.0705680847 15.3526229858
7325 138.564117432 -32.5849533081 17.4882411957
7326 95.0361633301 -23.2851085663 28.2613048553
7327 97.2897415161 -21.6604042053 16.9276371002
7328 95.2661437988 -18.8562755585 16.8555335999
7329 171.426605225 -104.944152832 17.8334197998
7330 166.563095093 -105.656219482 12.1738500595
7331 33.7222061157 -17.3002700806 26.9837665558
7332 177.522262573 -104.653167725 41.4326324463
7333 187.830627441 -104.999855042 37.7305793762
7334 15.2152118683 84.3910598755 2.31707286835
7335 38.0484962463 -37.2033424377 20.1140174866
7336 57.7111091614 13.5600414276 16.9436473846
7337 53.5768814087 11.2829761505 18.3435230255
7338 58.9285545349 10.8199539185 22.1783409119
7339 62.2748985291 12.5312023163 17.0494308472
7340 58.7466850281 12.0036315918 13.022767067
7341 21.9912033081 42.8453140259 20.9869422913
7342 13.4419851303 41.6287269592 26.3176078796
7343 17.7910327911 35.6527252197 26.1754016876
7344 56.8193778992 8.23576641083 13.8184499741
7345 54.2421531677 12.7655982971 13.9790220261
7346 66.9023284912 11.7417449951 22.5182037354
7347 27.5139560699 50.2422790527 24.3829746246
7348 29.8191833496 44.3504638672 24.9518165588
7349 30.0385055542 48.8138771057 18.6749191284
7350 34.5886268616 46.386932373 25.262140274
7351 65.7082901001 15.4159526825 22.5600833893
7352 63.1952857971 12.4365568161 26.9733371735
7353 178.989700317 31.3901443481 45.987903595
7354 72.7293014526 0.897071480751 16.6158466339
7355 20.5210475922 48.4676971436 23.2398471832
7356 71.6482925415 -1.86873471737 18.7200508118
7357 68.8346176147 -0.316957086325 16.9203605652
7358 145.940689087 -9.58461666107 9.85084152222
7359 149.344726562 -8.63784122467 11.2840795517
7360 148.824951172 -12.3249330521 7.61706018448
7361 149.418670654 -8.47735786438 6.92958927155
7362 143.386535645 -8.37428379059 6.54760599136
7363 143.470932007 -8.15897274017 10.3928394318
7364 146.818603516 -6.9964556694 6.89661931992
7365 144.930023193 -12.5827054977 11.6280422211
7366 148.855575562 -11.7306756973 11.5476999283
7367 146.56803894 -6.61673784256 10.7836828232
7368 8.01853466034 79.5036849976 6.77557325363
7369 173.66116333 -42.2773246765 16.6628913879
7370 171.139572144 -45.7357521057 16.0767478943
7371 174.117172241 -42.9328765869 21.8505897522
7372 20.6559257507 32.4077224731 4.09510946274
7373 58.4484100342 9.10257911682 27.3346786499
7374 55.5332946777 8.25108146667 22.4864749908
7375 50.6341362 7.40791082382 27.0368728638
7376 155.730667114 -61.0455703735 44.949596405
7377 71.2566604614 -6.32872867584 30.407781601
7378 24.2413749695 9.41473674774 32.3001937866
7379 28.6233921051 7.12341976166 30.9794464111
7380 25.2520771027 2.93799424171 30.8382778168
7381 28.7081012726 3.16677165031 28.1760253906
7382 25.2967300415 3.11647510529 23.8856525421
7383 67.4137420654 -8.52175617218 34.5198516846
7384 112.157623291 -2.48186206818 19.91340065
7385 122.152267456 2.03280758858 20.5525741577
7386 108.814102173 -2.03602719307 20.6662788391
7387 84.9525375366 -17.6270332336 16.2974376678
7388 159.260650635 -29.3201675415 30.199634552
7389 90.3692016602 -25.3180580139 31.8510684967
7390 91.7129821777 -20.9404964447 32.6011657715
7391 92.2129898071 -21.3973922729 37.0701179504
7392 94.955291748 -24.5340442657 32.0789604187
7393 5.70927047729 84.5406341553 8.54115581512
7394 146.757507324 12.8505735397 26.861328125
7395 194.998840332 85.8533554077 11.5086669922
7396 141.350006104 4.77299690247 29.3373794556
7397 83.8530578613 -22.8873691559 33.5090332031
7398 35.7497520447 -6.53626823425 18.741859436
7399 159.921463013 -15.9810419083 37.6358337402
7400 159.96307373 -19.9878482819 38.1286773682
7401 165.853729248 -16.9731903076 31.1514720917
7402 165.049209595 -15.1938505173 34.2084007263
7403 131.890792847 -16.1345901489 39.0965385437
7404 136.190567017 -17.3387088776 34.4083747864
7405 135.209609985 -12.9368829727 38.4715881348
7406 135.532577515 -17.4525909424 38.6367301941
7407 154.892440796 -2.58217692375 12.5285587311
7408 137.932998657 -12.9642715454 11.7208395004
7409 139.616928101 -9.55006408691 11.3024559021
7410 147.768875122 7.61178016663 31.9128074646
7411 144.183258057 -15.5402059555 35.5388946533
7412 140.370849609 -16.271062851 35.0539283752
7413 155.183181763 -30.0120563507 13.4455795288
7414 154.953033447 -24.649433136 10.6195545197
7415 157.921524048 -27.0866279602 11.4935045242
7416 155.028366089 -29.6653842926 8.75073337555
7417 51.2079277039 -8.18436145782 31.4335842133
7418 150.726150513 -31.342004776 23.2089519501
7419 32.5991897583 -16.4838562012 23.775592804
7420 31.0135936737 -17.3539466858 20.9838027954
7421 62.9496116638 0.200943380594 32.0839958191
7422 64.3347930908 1.67242872715 35.9877166748
7423 61.0884475708 5.24376487732 33.7301177979
7424 59.1535377502 2.0467042923 33.2056846619
7425 62.0408821106 0.000136715811095 38.0690383911
7426 65.0943832397 -1.65914452076 34.3176765442
7427 131.95513916 -23.938243866 29.3994960785
7428 139.280822754 -23.8605194092 33.8885498047
7429 92.4242401123 -8.15018939972 34.0440216064
7430 64.6029586792 -6.80215454102 34.544708252
7431 64.4192352295 -2.23706173897 38.8355865479
7432 61.5361061096 -4.51713991165 35.0836448669
7433 70.7228622437 -15.7041320801 34.1158332825
7434 51.1696929932 84.5394134521 22.4456195831
7435 168.22984314 11.1747131348 28.9756584167
7436 168.179351807 4.97970151901 29.1336097717
7437 166.324447632 8.4215631485 31.4233589172
7438 74.3565979004 -3.55702447891 11.9718284607
7439 76.2890930176 -6.79830694199 11.9122171402
7440 74.8561477661 -3.23499464989 16.2273960114
7441 71.7709655762 -7.59753417969 15.8371992111
7442 106.756446838 4.9723610878 37.1934165955
7443 108.216163635 9.88889694214 13.5656385422
7444 107.349151611 10.3398952484 18.09375
7445 107.145050049 14.8648166656 13.8192987442
7446 99.8573760986 -10.775724411 33.5230827332
7447 99.5890197754 -10.4930686951 37.9198188782
7448 71.4684524536 12.9649877548 22.246723175
7449 74.9816513062 15.7303886414 22.0909996033
7450 71.9816818237 13.4849891663 26.7967300415
7451 76.467666626 11.0828018188 22.0100231171
7452 76.7656707764 14.4914522171 25.6471729279
7453 76.2085494995 19.1127147675 24.7710704803
7454 76.0581893921 18.0587902069 30.0229263306
7455 79.778465271 20.001750946 29.8358631134
7456 77.1780700684 9.41785049438 26.5611934662
7457 77.0614776611 11.1140127182 31.1340065002
7458 110.880012512 -9.4955663681 33.9820556641
7459 107.803718567 -6.02806282043 33.5785942078
7460 107.975212097 -11.1524677277 33.7474060059
7461 181.513427734 71.7018661499 9.66642475128
7462 185.596420288 79.4417953491 6.4463801384
7463 184.508117676 80.9500045776 14.6897935867
7464 188.421905518 71.8707504272 17.4335651398
7465 108.011558533 -26.15092659 32.7078590393
7466 78.381439209 -20.1779212952 35.3274803162
7467 76.2764892578 -21.3788509369 32.5238838196
7468 80.1586303711 -23.3065357208 33.3296165466
7469 76.4133529663 -25.7133178711 31.8771915436
7470 162.241714478 -4.44950437546 39.9269485474
7471 160.558105469 -0.827694058418 39.8138504028
7472 164.406600952 -1.7718372345 39.9552764893
7473 166.661529541 0.71132594347 38.6220741272
7474 163.009231567 -6.11101293564 36.4835700989
7475 165.403289795 -5.44867753983 39.5504722595
7476 112.672111511 -24.9057369232 33.6444816589
7477 110.688926697 -20.677482605 17.0863876343
7478 87.5445709229 0.601645469666 33.9550971985
7479 84.3677368164 2.33790302277 33.3962135315
7480 83.8881530762 -1.81891906261 33.2835464478
7481 38.1468505859 23.4252872467 25.1512565613
7482 141.364105225 -20.3656406403 37.8235282898
7483 144.605606079 -18.3021392822 39.2078361511
7484 145.959396362 -21.472951889 38.3421630859
7485 146.019424438 -21.1026363373 34.2397155762
7486 146.914825439 -16.9586868286 37.2098197937
7487 140.953140259 -19.7663593292 33.7365188599
7488 78.5809402466 -13.9341831207 33.1471633911
7489 82.5544891357 -18.6156387329 32.8378143311
7490 34.7600440979 2.43702793121 33.6517982483
7491 37.4079933167 8.89260959625 35.0637969971
7492 85.2764129639 6.40202951431 32.4319496155
7493 89.2438964844 10.9325704575 34.034526825
7494 92.5038833618 10.3522481918 31.7670307159
7495 91.8288650513 5.73427724838 32.3832473755
7496 85.4274291992 10.9392528534 32.273059845
7497 77.705406189 -9.91592311859 37.7410354614
7498 75.0203781128 -10.1581163406 40.5798950195
7499 75.8620910645 -13.0756855011 38.8147544861
7500 148.913528442 -11.6593322754 15.5956640244
7501 170.669647217 -26.2866287231 22.8336143494
7502 179.404571533 84.9425506592 20.4378299713
7503 172.98286438 84.5355148315 18.8473491669
7504 178.00100708 85.4147109985 14.6091852188
7505 120.676635742 -14.2385950089 14.3200368881
7506 119.561752319 -10.1360435486 11.6884765625
7507 123.123268127 -12.3259449005 16.0439929962
7508 123.623573303 -12.2225427628 11.5231838226
7509 124.907722473 -15.5080337524 11.6060581207
7510 120.767074585 -14.1549873352 10.0022249222
7511 121.638877869 -17.5494251251 12.5188646317
7512 119.541885376 -10.9020357132 16.5638160706
7513 116.132217407 -14.1106138229 12.9913034439
7514 117.056015015 -13.4445953369 17.2972812653
7515 74.5182342529 3.99999403954 16.5171394348
7516 74.6765899658 3.82123470306 12.3337516785
7517 79.9866256714 8.59619617462 21.899810791
7518 167.354705811 84.8146896362 10.4282903671
7519 171.801834106 79.2375183105 14.5842008591
7520 81.395149231 7.602414608 17.2767276764
7521 82.7638015747 3.22167515755 16.4746131897
7522 81.366027832 7.12081241608 12.8477163315
7523 84.7386398315 6.27214956284 13.2445325851
7524 79.3261871338 3.78804969788 16.4271526337
7525 77.366355896 6.53150463104 17.6117553711
7526 77.5170059204 6.35241651535 12.5927276611
7527 123.721412659 -30.5515117645 28.4698314667
7528 94.3161697388 -27.4938850403 26.9476451874
7529 81.9800491333 14.53083992 18.9624099731
7530 83.1983566284 10.9172306061 17.1105613708
7531 76.3724975586 11.1760797501 17.5457267761
7532 78.7029876709 14.6730976105 13.8660001755
7533 111.144203186 -5.4112906456 36.6412162781
7534 112.553565979 -1.82319700718 33.1159515381
7535 116.593467712 -4.3818936348 36.9777259827
7536 114.513717651 -4.3847284317 39.7237129211
7537 112.249107361 -1.67673695087 37.739364624
7538 110.28478241 -5.35304546356 40.010559082
7539 108.208061218 -2.63323283195 33.4040107727
7540 64.191444397 -30.9353046417 20.4223651886
7541 67.1775131226 -33.1984481812 18.5170555115
7542 66.4417190552 -38.7889633179 19.7448787689
7543 59.6315307617 -32.1880493164 18.7004470825
7544 76.6618652344 3.30156230927 33.5089836121
7545 81.6770324707 5.18005275726 32.4908752441
7546 75.9911499023 6.97822523117 32.3445930481
7547 76.6468505859 6.65738534927 37.2668228149
7548 71.5396194458 20.8582115173 29.677406311
7549 72.5725860596 14.0194187164 31.8883552551
7550 69.2529983521 16.2690200806 28.7021274567
7551 71.8664474487 19.2209262848 34.2960090637
7552 67.6539382935 12.5005483627 27.0645389557
7553 70.2647781372 18.1212863922 23.9332675934
7554 68.0192260742 13.7892751694 31.7493362427
7555 149.027374268 -43.5234642029 15.7091283798
7556 145.482727051 -41.4665794373 14.3652582169
7557 77.3765182495 11.119758606 35.7670135498
7558 81.91746521 8.73184776306 31.4523162842
7559 81.2601928711 14.3859491348 35.2217750549
7560 169.967803955 1.66116452217 26.925901413
7561 176.736099243 2.25920534134 27.3150100708
7562 171.593688965 0.0416244417429 19.8012504578
7563 48.0779075623 -19.4343318939 35.1041221619
7564 52.9228096008 -20.3830947876 33.5217399597
7565 51.0074119568 -23.8074893951 33.4781761169
7566 47.427406311 -22.7894973755 33.7948646545
7567 83.4403991699 -59.4375228882 27.9419078827
7568 87.1031036377 -64.8569869995 31.5515174866
7569 91.8583831787 -62.0791053772 28.0721416473
7570 88.9291534424 -58.7392578125 33.4181365967
7571 179.228271484 -30.1048412323 31.0882663727
7572 177.051391602 -28.283241272 28.0250339508
7573 174.508621216 -31.816444397 28.3389644623
7574 174.336593628 -31.33634758 32.7340545654
7575 179.090057373 -27.0304832458 34.3268165588
7576 175.47215271 -28.2125034332 35.9481544495
7577 178.695007324 -34.0075836182 33.6106414795
7578 181.681610107 -29.4105358124 36.3106575012
7579 182.87890625 -26.1152229309 32.8055381775
7580 120.875366211 -32.4440994263 12.6660079956
7581 118.368858337 -38.5564155579 12.7018003464
7582 123.496101379 -36.6611404419 10.4423141479
7583 122.652145386 -36.5991134644 15.8053178787
7584 116.602279663 -35.4823989868 15.2435874939
7585 121.29284668 -32.1341590881 16.9085388184
7586 116.696342468 -31.2627258301 13.2994613647
7587 127.172058105 -35.8648376465 14.3574237823
7588 124.940505981 -30.9863605499 14.7381410599
7589 85.7884674072 -53.7849655151 32.9729576111
7590 90.6744384766 -54.0064659119 27.9349727631
7591 86.0038528442 -52.2570953369 27.9115581512
7592 124.800369263 -31.6031703949 9.77035903931
7593 79.2644882202 -65.1876754761 26.455286026
7594 85.279548645 -65.5396118164 24.876625061
7595 98.3620605469 -28.3799991608 31.2029590607
7596 166.593902588 -19.4963989258 23.3239994049
7597 164.04133606 -20.2778320312 21.1117095947
7598 99.0907745361 5.37855577469 31.785484314
7599 41.926322937 85.0440292358 42.4622573853
7600 50.8125305176 84.601890564 42.1845741272
7601 48.5172386169 80.2434234619 43.5154724121
7602 174.388534546 -36.4740180969 25.2499141693
7603 169.91583252 -38.4300041199 30.311340332
7604 174.149932861 -35.8928451538 30.5714035034
7605 169.094726562 79.9287567139 6.3671131134
7606 4.97175550461 40.2650260925 42.8806266785
7607 129.397109985 2.43738245964 16.3979797363
7608 124.526939392 5.17040872574 28.0632820129
7609 77.5412826538 -60.1987686157 28.0509052277
7610 79.338470459 -63.6374168396 32.0700759888
7611 59.1737861633 -33.0121574402 37.2928466797
7612 60.8104515076 -35.8505744934 41.9574928284
7613 56.404045105 -34.6709213257 41.4086112976
7614 60.768951416 -36.8438491821 38.3788414001
7615 63.2046279907 -32.6752586365 37.3136520386
7616 62.6835632324 -32.7803955078 41.8639144897
7617 64.7940444946 -36.6559028625 40.9997062683
7618 64.5396881104 -36.970199585 36.1186332703
7619 64.2939605713 -42.571762085 35.1901359558
7620 60.2421531677 -37.7698173523 34.4579353333
7621 62.6320381165 -39.6537895203 40.7707023621
7622 172.137084961 -24.5907058716 19.5412883759
7623 152.020172119 -48.2948303223 23.8044757843
7624 156.871520996 -51.2202453613 28.0017986298
7625 157.208892822 -51.5485038757 22.2015647888
7626 78.3266906738 84.6468429565 26.3143177032
7627 149.305206299 -53.7652359009 28.189365387
7628 149.777877808 -49.2075843811 29.4954566956
7629 171.489151001 -17.1930065155 10.394156456
7630 171.046447754 -20.8470916748 13.6754837036
7631 174.009216309 -19.3240184784 10.1448497772
7632 68.5593795776 -4.20090675354 31.2054138184
7633 160.689575195 -24.5926551819 13.3442020416
7634 171.60723877 -20.0705814362 16.86784935
7635 168.923187256 -18.2154178619 17.5950984955
7636 163.821899414 -22.7888889313 18.2331600189
7637 127.26902771 -34.4045143127 27.2491722107
7638 132.010025024 -33.9788665771 17.8541259766
7639 120.465019226 -36.4542617798 25.6629180908
7640 121.321220398 -35.5314445496 20.9399242401
7641 123.632408142 -40.6860580444 27.1329097748
7642 187.5234375 -104.642082214 12.6599330902
7643 163.859603882 -27.0035381317 9.52304077148
7644 163.42539978 -22.7052307129 12.2108955383
7645 16.7363605499 -34.360332489 28.1015815735
7646 17.0921840668 -38.3246879578 24.4423713684
7647 21.2863540649 -37.199382782 27.4361820221
7648 17.8629341125 -28.9139347076 18.4342441559
7649 15.2646856308 -32.7604866028 21.4879455566
7650 16.321434021 -28.3874282837 26.7516231537
7651 166.52986145 16.2320137024 13.5394773483
7652 137.149490356 -21.313873291 20.8950443268
7653 170.159469604 22.5748519897 15.0901031494
7654 170.638336182 18.451341629 14.6284484863
7655 61.1515274048 13.044672966 31.0939369202
7656 160.423370361 1.0112323761 11.8750200272
7657 162.151733398 -1.23421800137 9.67663860321
7658 163.386871338 0.00937589816749 14.5071487427
7659 65.7925949097 18.209274292 26.2016506195
7660 177.965515137 79.4609298706 14.1091680527
7661 108.455627441 -15.640381813 16.8364219666
7662 34.3409919739 -9.23519802094 42.356552124
7663 32.7603569031 -7.47805738449 37.9704208374
7664 31.9845695496 -10.278213501 38.5865592957
7665 32.2565536499 -7.3014497757 41.4660720825
7666 158.41317749 -27.2915973663 16.117893219
7667 155.891387939 -17.7974147797 11.354259491
7668 159.143951416 -20.4084320068 11.8200025558
7669 159.471755981 -14.9271421432 12.3529262543
7670 160.99559021 -18.9200630188 14.5863399506
7671 33.1930923462 -16.8721790314 38.9824028015
7672 31.5497188568 -14.1846284866 39.3296165466
7673 32.061050415 -14.9788560867 42.1940155029
7674 34.1527404785 -14.202372551 38.0866317749
7675 37.1871147156 -12.9921159744 40.3495979309
7676 33.9772720337 -12.860121727 42.3297195435
7677 34.6644134521 -16.6579322815 41.7360572815
7678 44.3428344727 -8.84811401367 39.675693512
7679 47.4544792175 -5.58802461624 36.245349884
7680 47.6220855713 -8.82315635681 37.6333808899
7681 34.5169258118 -11.649851799 40.034122467
7682 31.5591869354 -10.8059225082 41.2278518677
7683 136.102722168 15.2914896011 13.2521514893
7684 132.11618042 15.144701004 18.1979236603
7685 137.719863892 18.7571964264 22.9492683411
7686 133.962097168 20.7239017487 24.5173606873
7687 130.176177979 19.9130306244 20.6309299469
7688 138.011489868 18.9171733856 18.1106319427
7689 133.799987793 18.8165035248 13.9026155472
7690 134.178817749 19.8510131836 19.2551784515
7691 115.703948975 3.3212556839 16.4378471375
7692 170.646789551 20.2575893402 30.2978744507
7693 118.957107544 0.493281245232 12.1687498093
7694 194.491821289 -103.951965332 12.2908086777
7695 195.210739136 -96.319152832 14.114648819
7696 170.939208984 19.7215633392 35.1709213257
7697 174.78338623 17.0088386536 34.2834815979
7698 70.0214233398 -32.1505966187 22.4420871735
7699 32.6122131348 -29.4821834564 2.91687321663
7700 63.5746765137 -20.0726585388 16.0601425171
7701 137.878952026 -11.6550922394 36.8185844421
7702 135.574630737 -7.56999397278 35.0056037903
7703 138.483947754 -7.43257045746 34.4456100464
7704 133.622451782 -22.4014892578 16.3332424164
7705 136.096694946 -18.1151790619 12.4102592468
7706 161.206817627 -15.2589044571 40.0435905457
7707 164.615524292 -16.4232692719 39.5242233276
7708 163.097396851 -14.7595586777 42.6381797791
7709 163.281692505 -18.1397838593 42.1296958923
7710 138.362731934 -14.9848928452 38.6237449646
7711 156.554733276 -16.1412849426 39.3242263794
7712 159.394699097 -15.2377309799 44.3810195923
7713 159.792617798 -17.8963108063 41.6676368713
7714 164.958969116 -12.0949659348 40.6820297241
7715 165.813766479 -13.2206020355 37.5323829651
7716 162.592391968 -11.3323411942 40.1518287659
7717 159.910522461 -12.2648143768 42.8507843018
7718 163.467391968 -5.40539264679 42.5247802734
7719 164.540985107 -8.85907459259 40.3485336304
7720 165.727081299 -8.94086074829 37.3688850403
7721 160.920333862 -9.07380390167 41.2829818726
7722 159.752655029 -6.39765548706 43.2144012451
7723 158.106414795 -8.79581832886 40.4763412476
7724 57.6868591309 -16.9838848114 33.8009414673
7725 54.7850227356 -15.2218847275 34.0210609436
7726 153.640396118 0.636197447777 13.3099155426
7727 152.065582275 3.9012992382 16.0943775177
7728 149.099899292 -7.73055315018 38.9860725403
7729 149.197555542 -11.3096227646 35.436832428
7730 154.974121094 5.99330329895 15.9831781387
7731 47.0500297546 -13.6574630737 12.7082300186
7732 98.8109817505 -34.2729759216 24.3136043549
7733 103.251457214 -37.1934204102 21.8383903503
7734 108.350219727 -31.6927280426 22.4662361145
7735 103.627227783 -34.0867118835 26.6260700226
7736 146.976654053 -10.2012872696 39.1181297302
7737 146.359329224 -13.6971921921 39.3730049133
7738 189.575820923 13.7648477554 4.4899263382
7739 107.123184204 -37.6660881042 25.7562465668
7740 137.323257446 -21.7528343201 16.2030696869
7741 132.950042725 -31.4479522705 12.5064992905
7742 163.382919312 -17.3970661163 11.1385555267
7743 163.709320068 -20.0638999939 35.2848052979
7744 166.734695435 -18.2808265686 36.2304420471
7745 163.980911255 -19.7732963562 38.5361099243
7746 140.650054932 -10.5203809738 39.1667556763
7747 141.868988037 -6.81207704544 39.1263313293
7748 113.903327942 -12.2078857422 33.9114303589
7749 113.472953796 -11.8404960632 37.9509048462
7750 117.306175232 -10.1004161835 37.7899665833
7751 113.924995422 -7.65231084824 38.1742401123
7752 113.305160522 -21.5868587494 14.8783493042
7753 112.583564758 -28.2393741608 17.831407547
7754 48.4695854187 -12.5439519882 47.3928413391
7755 49.3458518982 -15.6659984589 46.9444007874
7756 138.710708618 -18.900762558 38.5402107239
7757 146.975326538 -1.27854084969 34.0476150513
7758 74.0279769897 7.93884706497 17.6072998047
7759 80.9495773315 -0.476098835468 16.6418685913
7760 159.644042969 -33.7483711243 17.5223255157
7761 162.94078064 -34.8051147461 14.3198213577
7762 158.749252319 -37.7214698792 22.3396854401
7763 55.4681167603 -9.48759269714 35.0996398926
7764 129.467224121 -23.1158676147 33.4305381775
7765 126.656967163 -16.55909729 34.5672874451
7766 126.88067627 -19.9528903961 34.0501976013
7767 51.9212799072 -26.7524471283 26.8148040771
7768 49.342956543 -26.0539913177 17.2819919586
7769 115.233459473 6.52669525146 32.2497215271
7770 113.375396729 9.5818271637 32.5220603943
7771 118.578552246 7.12696361542 32.4446029663
7772 110.99445343 10.7527227402 27.1875343323
7773 114.972488403 15.9124898911 33.8926010132
7774 41.4306945801 -9.09273719788 12.963889122
7775 28.6266059875 -0.457316726446 30.1967735291
7776 31.4493293762 2.54815125465 31.761259079
7777 27.6285591125 0.267161756754 26.2399234772
7778 191.39781189 24.0323390961 4.88281917572
7779 148.013656616 -26.1650886536 32.6545982361
7780 50.9189834595 -10.4619464874 11.5475482941
7781 139.159103394 40.8356513977 27.6004123688
7782 131.044036865 40.6526679993 28.5100536346
7783 132.276794434 41.7515983582 23.5009860992
7784 135.092697144 37.8092498779 27.8659687042
7785 138.529693604 41.2345314026 33.0976257324
7786 155.482559204 1.70037412643 40.0380477905
7787 152.556671143 -1.45788216591 40.2921867371
7788 156.109527588 -2.1372025013 39.6747817993
7789 148.121078491 -4.06366062164 34.8439559937
7790 149.907333374 -0.310350447893 39.0452041626
7791 152.360748291 2.6566927433 38.1587715149
7792 154.364685059 -4.36738920212 37.7456436157
7793 150.983535767 -3.9418554306 39.6970329285
7794 81.768737793 8.22521114349 26.6225013733
7795 77.3429031372 4.46904087067 29.7102108002
7796 32.6357040405 -20.3847770691 23.3805618286
7797 152.597427368 -5.46196651459 2.41208457947
7798 169.285766602 -22.2052764893 21.4755172729
7799 34.8056945801 28.6334018707 4.12044763565
7800 29.7541408539 1.62423312664 39.7752761841
7801 28.9890480042 -1.16848063469 38.3604164124
7802 156.676330566 -38.521987915 30.9889144897
7803 156.027313232 -35.5279121399 27.8482761383
7804 159.692306519 -38.6420211792 26.2547569275
7805 153.75012207 -41.6170768738 30.3475875854
7806 160.632629395 -39.3716125488 30.3247299194
7807 158.819900513 -33.3543243408 32.6160736084
7808 161.601028442 -38.7469444275 35.3276863098
7809 152.304931641 -38.0758628845 31.9044036865
7810 155.151596069 -37.9093284607 36.3638916016
7811 153.520462036 -42.6853561401 35.4951782227
7812 158.644760132 -40.9938011169 35.4476165771
7813 158.700775146 -36.0177536011 36.7690734863
7814 155.182647705 -34.8678283691 32.5490951538
7815 77.9428939819 -10.5924720764 16.0199317932
7816 179.90637207 -47.5405960083 28.8911132812
7817 183.005340576 -41.4987258911 25.9289550781
7818 178.959625244 -44.5744247437 24.3523960114
7819 181.20211792 -42.0185508728 31.4297370911
7820 182.170959473 -50.1648406982 24.972776413
7821 175.052383423 -48.0388412476 23.3360862732
7822 186.193847656 -44.3562660217 32.7472457886
7823 186.052612305 -48.5852546692 28.9651527405
7824 180.951431274 -54.3938407898 29.9810829163
7825 83.9212188721 -30.8886013031 32.1789703369
7826 87.9373855591 -28.7913951874 32.1883621216
7827 129.387786865 -43.5847434998 15.9931640625
7828 133.311401367 -41.4507102966 17.2174186707
7829 130.101959229 -45.511177063 20.3120632172
7830 126.871009827 -38.8594589233 20.8180541992
7831 139.827514648 40.4411277771 22.058927536
7832 135.535491943 37.1695709229 22.29529953
7833 133.514266968 42.8547286987 18.4727840424
7834 135.97543335 36.5340423584 16.7607116699
7835 64.7311401367 -50.4974136353 25.4461898804
7836 64.3495483398 -45.5732460022 25.3961963654
7837 60.4599304199 -49.3752555847 21.4381427765
7838 58.5798454285 -48.1075019836 25.8793678284
7839 68.6082611084 -47.6677436829 24.4854412079
7840 66.2996673584 -48.3668823242 29.8819847107
7841 65.0508804321 -46.2712097168 20.105802536
7842 67.3828659058 -52.3974304199 21.5454940796
7843 95.4844436646 11.4435853958 26.7474708557
7844 95.7251281738 8.03832626343 31.7021789551
7845 144.586776733 40.9446754456 27.8726768494
7846 140.008804321 36.8414382935 33.1690559387
7847 146.363754272 35.2301254272 27.9524116516
7848 145.975967407 36.1473121643 33.6500282288
7849 96.9707107544 13.3483505249 30.8485298157
7850 166.997360229 38.9653625488 22.9935779572
7851 161.803268433 38.3834724426 22.3266353607
7852 161.315719604 32.2045860291 22.4081439972
7853 164.420013428 33.3369560242 27.9169998169
7854 165.290313721 44.1722640991 18.5322170258
7855 164.745178223 36.9622840881 16.8669624329
7856 170.457809448 34.9589233398 22.5769538879
7857 170.351089478 41.6759109497 19.3162822723
7858 170.786590576 41.9527854919 25.8229961395
7859 163.500564575 43.0138969421 23.4145812988
7860 77.7997894287 -29.2476081848 17.2636013031
7861 45.6815185547 8.27725410461 16.9138050079
7862 45.040813446 8.83547878265 12.4022350311
7863 39.6130332947 8.61462402344 15.6632108688
7864 137.212585449 48.5434341431 31.1349182129
7865 143.40246582 41.2775115967 33.2500076294
7866 122.509208679 -20.8232212067 34.1005706787
7867 125.547836304 -23.4417457581 33.5674819946
7868 131.992446899 44.8503189087 31.8507404327
7869 92.9431533813 -14.0002241135 12.7161903381
7870 94.3664627075 -10.9280691147 11.640370369
7871 97.5315551758 -14.2257871628 12.2103643417
7872 155.672531128 -13.3115129471 38.0652923584
7873 30.7594909668 -7.62947893143 34.37865448
7874 29.4768638611 -10.3899059296 33.3875312805
7875 165.15071106 -12.2210493088 21.0573501587
7876 169.150314331 2.53390026093 12.1860513687
7877 163.061676025 3.32285046577 11.9118251801
7878 163.415237427 6.64520978928 13.2743005753
7879 166.24647522 0.499584138393 12.551733017
7880 89.2581939697 23.093662262 30.0842342377
7881 89.6555480957 28.0985164642 29.0501537323
7882 93.6150665283 21.8550548553 29.2551116943
7883 93.5466461182 21.3945655823 24.274269104
7884 95.9176864624 27.6167373657 24.1083812714
7885 81.3374862671 27.7248477936 26.5768623352
7886 82.1021728516 26.5167922974 20.5002403259
7887 86.3184280396 29.2851047516 22.7533092499
7888 82.5876083374 21.8131370544 24.2884311676
7889 88.8310089111 25.2920055389 24.0288486481
7890 88.3835906982 20.5817947388 22.9702529907
7891 82.0325012207 23.530714035 29.4024581909
7892 90.0778045654 26.6343708038 16.3133468628
7893 92.0634307861 30.6633625031 18.6971054077
7894 29.3961925507 -5.93189954758 30.5694541931
7895 32.5385398865 -7.38214731216 30.1201515198
7896 90.6642379761 31.9826431274 25.3265361786
7897 29.2535934448 5.3151473999 15.3186407089
7898 23.9580097198 2.30550265312 14.4266033173
7899 29.3351764679 0.706111490726 17.7565059662
7900 24.3593063354 7.44380426407 12.92075634
7901 34.3064651489 10.948466301 15.6608314514
7902 32.2866516113 5.5824508667 11.6384086609
7903 112.827072144 10.2322397232 15.4225749969
7904 114.699790955 13.7084255219 11.5995779037
7905 116.56137085 10.5761909485 16.5050907135
7906 115.316818237 18.7170238495 13.5985832214
7907 118.394935608 14.1983804703 15.0983304977
7908 139.578765869 -47.2225914001 26.7901744843
7909 142.415847778 -51.6101760864 22.1252212524
7910 147.260238647 -50.0348701477 22.0825958252
7911 145.556488037 -46.807559967 19.8058700562
7912 140.453414917 -45.3009033203 20.2399864197
7913 36.0774879456 -41.3860359192 24.672996521
7914 35.0690994263 -40.1719436646 29.56731987
7915 38.3529472351 -35.0175056458 30.7914237976
7916 43.5712509155 -38.6888122559 23.7220687866
7917 39.6527366638 -36.7838821411 23.9184589386
7918 132.895690918 84.8533172607 9.36625289917
7919 159.801605225 -8.89451313019 13.4707403183
7920 155.784179688 -12.3578014374 11.5423841476
7921 158.108047485 -13.1156291962 8.22712516785
7922 157.238235474 -15.2881793976 10.3218631744
7923 160.517425537 -16.6072044373 7.24931573868
7924 160.760025024 -11.9527578354 8.53266334534
7925 150.165817261 38.6191596985 27.8172931671
7926 149.481842041 39.4193763733 33.3803672791
7927 150.193130493 33.9214019775 33.5785675049
7928 36.2403755188 6.45961618423 13.6055822372
7929 38.3061828613 -23.9043502808 11.2935590744
7930 39.4296646118 -28.9486522675 11.3111896515
7931 37.1903419495 -25.8333263397 13.5438947678
7932 34.5798912048 -27.6439399719 9.77604198456
7933 41.7770500183 -26.3196620941 14.5651664734
7934 39.4256782532 -21.4540672302 8.87590503693
7935 36.1955490112 -22.7540588379 8.50283241272
7936 36.7353935242 -19.2139701843 10.966378212
7937 42.0003471375 -22.9787731171 14.5787973404
7938 41.7520675659 -23.5491466522 10.6898860931
7939 39.3758773804 -20.8009719849 12.9881515503
7940 97.4744262695 -33.5419425964 31.0648021698
7941 96.4854660034 -38.4606704712 30.5497608185
7942 98.7359695435 -38.8318557739 25.0842533112
7943 96.8984603882 -42.3957252502 29.2294445038
7944 89.6118545532 -38.8271713257 23.8170547485
7945 92.9708023071 -44.3769607544 27.4257278442
7946 91.9192962646 -38.3898429871 29.7765808105
7947 90.2667388916 -35.3266983032 20.5158824921
7948 93.4306106567 -38.6914596558 19.6903686523
7949 95.4915847778 -42.6095314026 23.6240577698
7950 139.399917603 -1.21313250065 35.8960571289
7951 142.648391724 0.393649935722 33.8052940369
7952 140.672073364 -4.03693056107 34.2929725647
7953 137.240036011 0.966200828552 33.3084793091
7954 138.29524231 1.17829704285 37.690788269
7955 136.458297729 -2.87388181686 34.7870788574
7956 142.939361572 0.26432672143 37.9596862793
7957 105.331794739 20.9034461975 17.4420318604
7958 108.871109009 20.1381378174 15.1173524857
7959 101.643005371 24.2154006958 26.8504428864
7960 106.620391846 22.4491977692 29.9625034332
7961 102.502151489 17.7346076965 19.6411724091
7962 101.737342834 21.6806755066 19.8029346466
7963 112.075279236 25.102312088 15.3494205475
7964 105.38444519 27.0242385864 17.8734016418
7965 143.373764038 8.99175930023 32.2329902649
7966 138.298492432 7.96522331238 32.5684089661
7967 140.889755249 4.58742856979 33.5268554688
7968 145.026687622 3.18464255333 33.2209243774
7969 44.0271606445 -0.488881826401 37.4635543823
7970 167.58682251 -20.875125885 19.5161399841
7971 131.517807007 -6.98002767563 38.299030304
7972 129.12008667 -2.76420140266 38.2929573059
7973 125.981819153 -3.11273360252 38.0734672546
7974 81.4659118652 -31.2440452576 18.7556171417
7975 80.8798065186 -26.3815765381 16.629617691
7976 81.5711364746 -31.7164325714 13.7635345459
7977 74.971031189 -43.4322738647 25.5587558746
7978 85.9117507935 -32.5387077332 19.0888595581
7979 38.0557861328 12.1102247238 17.3895969391
7980 41.4265823364 11.8616771698 13.5905838013
7981 37.9075698853 11.8235311508 12.2408409119
7982 36.8370513916 14.9998102188 13.5376548767
7983 36.9850654602 15.7845077515 19.1189193726
7984 119.903373718 26.7966518402 18.5545825958
7985 122.203277588 27.3030338287 25.3592147827
7986 117.697998047 29.6058940887 22.6375923157
7987 122.211700439 24.2335510254 14.9955978394
7988 116.110473633 22.9909191132 15.4933624268
7989 122.622077942 31.6545886993 19.4974594116
7990 124.806037903 28.9092597961 17.0137271881
7991 125.123664856 27.6455669403 21.4918823242
7992 30.344625473 -40.6415596008 28.7982902527
7993 25.6608791351 -41.9841003418 33.5496368408
7994 25.9537754059 -36.1568222046 29.6953525543
7995 25.0577125549 -41.3512153625 27.7104225159
7996 33.9583854675 -40.6254615784 34.5513420105
7997 29.1262435913 -39.4636383057 34.4779586792
7998 126.020423889 0.831511259079 16.4637050629
7999 126.366500854 4.55667352676 16.7963409424
8000 122.938735962 2.44125533104 16.568145752
8001 139.347518921 35.3265953064 27.071931839
8002 121.377922058 4.55907821655 32.4953575134
8003 126.78238678 8.04068088531 27.5868453979
8004 19.1138820648 21.1645717621 19.199552536
8005 13.3824615479 27.8172645569 21.8994941711
8006 25.101934433 22.5007362366 16.3723506927
8007 17.0400524139 28.9882621765 25.75989151
8008 41.0592193604 1.7174602747 37.7722473145
8009 150.844818115 37.8247413635 22.2946910858
8010 147.041366577 34.2602653503 22.4182300568
8011 153.659805298 33.4023361206 27.9975204468
8012 83.4849395752 -5.9764752388 14.0067396164
8013 78.5823745728 -3.73525214195 16.3020935059
8014 80.0599975586 -7.74110841751 16.1554946899
8015 84.4592666626 -8.48877334595 16.1301956177
8016 87.2537155151 -7.93080282211 11.8537321091
8017 86.2764587402 -4.09720039368 11.6759853363
8018 82.7905960083 -3.47166967392 12.1053285599
8019 78.0329208374 -4.01012420654 12.3323345184
8020 80.6729431152 -7.56399440765 11.7751226425
8021 84.2412109375 -8.24794769287 11.8271026611
8022 137.816436768 29.3691940308 25.1899471283
8023 138.431121826 27.2146930695 29.8588733673
8024 140.738464355 30.0242404938 28.5803985596
8025 134.432128906 27.6537437439 30.1582736969
8026 164.403045654 11.9867734909 33.7951698303
8027 167.544265747 13.4160118103 36.8534393311
8028 165.052444458 21.0150756836 34.5315208435
8029 166.118652344 16.9880313873 36.2329483032
8030 141.072463989 -13.7728395462 38.9706039429
8031 151.725753784 -21.4865818024 16.0650024414
8032 67.1533508301 19.2371768951 19.4810562134
8033 71.9501953125 20.171043396 14.4518661499
8034 67.4531326294 19.3459472656 13.9068050385
8035 68.5419998169 25.1277770996 14.703335762
8036 168.971237183 -20.0981731415 5.0284819603
8037 170.47795105 -23.2360649109 6.2860994339
8038 170.403961182 -24.4123268127 15.3734302521
8039 171.522842407 -26.7179470062 9.53920269012
8040 167.469650269 -25.8203411102 8.70158863068
8041 151.954528809 -35.4841346741 27.9487667084
8042 91.4864196777 19.2628707886 32.4938621521
8043 87.4598083496 21.7143669128 34.6504669189
8044 11.6413822174 -4.3927526474 45.3100280762
8045 69.132850647 15.8475112915 18.2332611084
8046 73.7199783325 15.4447841644 13.785607338
8047 70.96144104 12.4512891769 17.7518997192
8048 69.2831192017 16.2536048889 13.6367797852
8049 85.5682449341 20.0731582642 30.083650589
8050 84.9283218384 15.1173124313 33.6080055237
8051 84.5201034546 18.6472110748 36.4939498901
8052 79.6499633789 20.2513866425 34.9387016296
8053 83.1405410767 23.8084716797 34.3828849792
8054 22.7187824249 -33.6344985962 17.3649921417
8055 25.0428161621 -40.013343811 16.9034004211
8056 17.7287502289 -36.4986953735 18.4891738892
8057 19.4843730927 -31.4975910187 14.8374185562
8058 23.5587120056 -32.0431594849 12.2584457397
8059 19.7190093994 -38.7476539612 13.9017925262
8060 26.1004238129 -30.269197464 15.8772058487
8061 138.619232178 22.9339389801 25.1922893524
8062 132.817825317 26.2401733398 24.9231128693
8063 140.999160767 17.1371746063 23.9225082397
8064 140.74029541 22.1853885651 19.8706207275
8065 144.995773315 19.329164505 25.5073699951
8066 137.97265625 18.9662799835 27.541179657
8067 137.058441162 23.7430896759 19.9099197388
8068 133.741516113 22.0964126587 30.6524810791
8069 44.1612434387 -17.8243083954 39.2997741699
8070 39.4668121338 -16.1069107056 40.667350769
8071 39.1080284119 -18.1802845001 38.2738456726
8072 41.6302490234 -20.0445861816 37.6555290222
8073 91.0594863892 1.41408598423 16.067773819
8074 93.9285507202 5.12261772156 16.8031368256
8075 128.098678589 14.5460519791 18.5039558411
8076 133.664978027 14.7345066071 27.3040752411
8077 129.976974487 18.1283740997 25.7396907806
8078 127.529396057 11.9789266586 27.6265106201
8079 146.864151001 -31.8185691833 19.0282993317
8080 64.6480407715 22.9260673523 19.8342723846
8081 64.8309860229 23.1283416748 14.7991828918
8082 65.9472579956 28.3185348511 15.4310922623
8083 111.132659912 -34.4677963257 27.7469482422
8084 108.560035706 5.86785268784 17.7153987885
8085 111.006881714 13.3904457092 13.112121582
8086 114.932617188 7.21993780136 13.0595588684
8087 119.37537384 8.92617416382 18.5225982666
8088 138.018951416 12.7726860046 27.7883090973
8089 143.350112915 17.2355651855 20.0326480865
8090 172.296875 -42.4771308899 28.2633800507
8091 177.132385254 -39.9109153748 28.9875545502
8092 179.420120239 -33.1608695984 27.8510856628
8093 180.83543396 -24.7677955627 24.2447528839
8094 179.378494263 -31.0948009491 21.730304718
8095 177.869277954 -23.6195678711 21.6609725952
8096 179.537536621 -24.9052810669 17.4280967712
8097 183.924224854 -25.9635105133 26.9353675842
8098 182.218276978 -21.9421882629 27.4935913086
8099 180.315475464 -25.2272987366 29.4760932922
8100 181.956283569 -21.2057361603 19.632768631
8101 184.93182373 -22.3074512482 23.6046180725
8102 179.254043579 -20.7165031433 24.5083618164
8103 145.412307739 21.6331386566 19.9219169617
8104 99.777053833 10.193359375 32.4690818787
8105 30.3928356171 -42.0366363525 21.1108112335
8106 28.7081775665 -42.4142532349 16.7771778107
8107 32.815536499 -40.7575912476 14.5338668823
8108 98.0647735596 4.17014694214 16.9819202423
8109 97.7272109985 3.77258348465 12.1114034653
8110 96.6296615601 7.32116365433 12.9873161316
8111 31.5356197357 -32.2336120605 16.978515625
8112 33.1860809326 -36.6632919312 14.5617990494
8113 26.1507339478 -35.6076583862 14.9764232635
8114 29.3689441681 -38.5526161194 14.5388031006
8115 157.469985962 -3.96732020378 42.1304550171
8116 157.934890747 -0.162371650338 41.7916183472
8117 155.501190186 -2.11900258064 44.6234169006
8118 155.189300537 1.50376939774 43.5889320374
8119 154.324066162 -4.32276296616 41.5127716064
8120 157.829605103 -5.51282024384 39.6797447205
8121 109.086776733 -18.119468689 11.419667244
8122 136.183074951 -43.4218177795 19.640920639
8123 130.664337158 -39.2720451355 14.5291843414
8124 93.9527511597 11.7093448639 22.3445949554
8125 136.179046631 -43.7668457031 14.6989192963
8126 134.985137939 -48.00340271 15.1692695618
8127 40.8560943604 -40.9628562927 19.4197101593
8128 37.1048965454 -48.4853096008 21.8859138489
8129 36.7507209778 -42.7467002869 19.36170578
8130 47.6894073486 -43.2380104065 24.6248893738
8131 42.5642280579 -40.3934936523 29.5019111633
8132 41.5393257141 -45.7783660889 19.7331085205
8133 151.207443237 -35.4173965454 36.6230926514
8134 149.453872681 -40.2922554016 35.7769889832
8135 146.52973938 -38.9358406067 35.2961463928
8136 149.026901245 -41.2897949219 30.8447322845
8137 187.550674438 84.3287353516 40.4086265564
8138 146.048339844 2.05024790764 12.5599470139
8139 147.125854492 -2.85026502609 12.9497270584
8140 148.827377319 -1.65142405033 15.5228767395
8141 142.354949951 -1.48906767368 15.6984462738
8142 140.813095093 -5.63156270981 14.6038570404
8143 145.640274048 2.09560871124 16.3783245087
8144 141.077682495 1.02755916119 12.6827526093
8145 138.101043701 -4.13656187057 14.651597023
8146 141.292510986 -2.5513458252 11.3102531433
8147 143.608459473 -4.45028877258 14.6413831711
8148 144.921966553 -0.876345276833 11.1192932129
8149 69.2654037476 9.92319583893 31.9658870697
8150 66.6308059692 19.1179294586 30.2241630554
8151 64.2119598389 9.90165424347 32.3672218323
8152 115.432449341 23.9484004974 30.2033805847
8153 139.599258423 -16.7487030029 12.5030059814
8154 133.507125854 -14.447514534 11.6763267517
8155 72.8320083618 9.17234134674 31.9557876587
8156 128.95463562 -31.2490692139 13.6984424591
8157 131.901535034 -26.6243400574 12.8646755219
8158 139.416046143 -25.3933124542 12.9483470917
8159 135.98008728 -25.8980770111 11.7413301468
8160 83.1562728882 -14.2964982986 12.1509552002
8161 139.447616577 -29.2947158813 12.3948440552
8162 149.309112549 1.80306828022 16.6208209991
8163 70.3496780396 -31.8576660156 13.3953847885
8164 73.0760879517 -35.653427124 14.4335269928
8165 69.1578369141 -35.6926345825 12.7881679535
8166 121.31061554 80.1944198608 6.3509888649
8167 122.550666809 84.4002990723 10.5972414017
8168 81.1841888428 -26.7649517059 12.5158519745
8169 77.4915390015 -29.6128234863 12.5814886093
8170 32.5543212891 -46.5705451965 22.0369949341
8171 31.554731369 -45.605342865 27.9972915649
8172 74.1224060059 -10.6317453384 16.3404426575
8173 87.4927825928 -22.41365242 12.9061756134
8174 89.991317749 -19.605890274 13.5904827118
8175 68.8005218506 -6.07190465927 15.34633255
8176 65.5315246582 -6.25995349884 15.4717197418
8177 66.9284210205 -9.80020618439 14.5154266357
8178 57.1251068115 15.6549568176 7.11905574799
8179 57.2351799011 16.4418563843 11.0732364655
8180 53.9159698486 12.4896631241 9.32930850983
8181 58.5810852051 11.8819532394 8.4532699585
8182 61.7578353882 16.0787944794 3.23425793648
8183 60.6270713806 15.7376031876 8.28544521332
8184 59.2396507263 10.7372817993 3.0793941021
8185 59.3652267456 19.2845134735 3.1238181591
8186 58.3812026978 19.297750473 8.44527053833
8187 54.4018745422 17.0373401642 4.45584249496
8188 25.2943115234 -40.417640686 22.1406383514
8189 151.388580322 -27.0519237518 31.8814697266
8190 146.652511597 -34.5592536926 31.9649772644
8191 84.8590545654 -28.7197475433 13.2364320755
8192 87.4738845825 -26.185503006 12.7560710907
8193 77.6933517456 -25.2648258209 11.8714380264
8194 44.4615020752 -37.1392364502 18.0014209747
8195 48.4132385254 -36.4475784302 17.9470481873
8196 50.7326545715 -37.8729667664 23.6951618195
8197 45.6568489075 -29.3465957642 17.6067047119
8198 44.7660522461 -33.0637321472 17.8323936462
8199 60.8004379272 22.3001556396 24.833770752
8200 50.7822685242 25.3663253784 20.0260295868
8201 58.0352020264 26.3311748505 25.4737796783
8202 56.0421829224 25.8793907166 20.071352005
8203 51.9320907593 17.7276210785 26.353679657
8204 51.0142974854 20.1938762665 19.9188804626
8205 57.3374557495 23.8056869507 30.1782951355
8206 167.328536987 -76.0629425049 26.2772102356
8207 171.29246521 -73.1200714111 29.8480396271
8208 164.218521118 -70.8288497925 25.2619876862
8209 165.737487793 -69.257194519 31.0865955353
8210 168.464981079 -69.6281890869 18.8326053619
8211 163.169128418 -71.6402587891 18.8073310852
8212 163.399169922 -74.4075775146 30.8813343048
8213 168.612121582 -81.6307754517 29.994802475
8214 161.096817017 -79.037109375 29.6835308075
8215 162.80166626 -79.0873413086 22.6288967133
8216 168.022888184 -83.2053070068 21.9989738464
8217 170.724731445 -77.0377120972 21.8829021454
8218 46.2404632568 -47.1122894287 19.9598369598
8219 47.4973449707 -43.5371551514 29.9719715118
8220 48.8108787537 -47.3756828308 28.7316417694
8221 42.5873794556 -51.1832008362 27.7045993805
8222 50.1576499939 -51.9164123535 27.2900772095
8223 133.610824585 -9.77712059021 36.7404937744
8224 135.599151611 -12.5594816208 34.4577064514
8225 136.780807495 -9.85771656036 39.1971549988
8226 131.706161499 -11.7182092667 38.5294799805
8227 86.4284133911 -19.5973091125 43.4434318542
8228 86.3073806763 -24.3827362061 43.2321472168
8229 84.2274017334 -21.7729072571 41.8518371582
8230 88.5066223145 -21.651140213 42.30493927
8231 82.7261810303 -22.208782196 46.5877685547
8232 82.5990219116 -18.2238731384 46.0866508484
8233 92.2457199097 -20.8099193573 45.7671012878
8234 88.5885696411 -18.0767421722 47.8005561829
8235 89.3500671387 -21.828950882 47.2186393738
8236 86.1941146851 -15.5696706772 46.4849739075
8237 86.8177719116 -15.5772390366 42.1148147583
8238 89.3470840454 -18.3483867645 42.4398803711
8239 176.290710449 -26.928030014 24.3008460999
8240 174.002532959 -23.8179950714 23.4267311096
8241 170.270645142 -21.7509746552 25.7129364014
8242 142.846923828 -10.8699769974 5.84913635254
8243 140.559829712 -13.0439310074 2.98502802849
8244 141.257202148 -13.3410024643 7.52695941925
8245 140.003311157 -10.1841630936 3.57663941383
8246 142.37197876 -10.7314901352 8.97013187408
8247 144.887695312 -13.481552124 6.95021915436
8248 146.176803589 -9.91823959351 6.75181722641
8249 140.189651489 -9.86620903015 7.25708675385
8250 115.307678223 -37.0017776489 25.3779201508
8251 111.661895752 -37.8182792664 20.4566631317
8252 115.952728271 -36.2447471619 20.3284664154
8253 114.388954163 -41.3213996887 20.0280170441
8254 119.3698349 -37.5323600769 30.4530410767
8255 116.322395325 -41.9071388245 25.4905128479
8256 38.3921318054 -44.1714439392 34.7570075989
8257 35.1827163696 -44.0701446533 31.4129047394
8258 38.2843360901 -39.296257019 35.6239700317
8259 34.0353012085 -44.2616996765 36.9793968201
8260 34.957244873 -48.0567131042 33.6570396423
8261 30.7814750671 -45.1847190857 34.0680427551
8262 30.6507854462 -17.6816596985 25.7245788574
8263 32.6838493347 -20.3286590576 27.7197113037
8264 32.0931243896 -14.3624124527 28.6070022583
8265 31.3690738678 -17.7409801483 30.1141777039
8266 88.2653045654 -42.0727729797 27.1648540497
8267 91.6520080566 -32.1695709229 31.3822746277
8268 88.0993270874 8.3276014328 37.0464782715
8269 84.6090545654 6.72231292725 36.8090438843
8270 84.2968444824 3.00988268852 37.7432365417
8271 91.1060333252 2.34881281853 33.3902664185
8272 91.3682861328 5.83411073685 37.3273963928
8273 91.1364364624 2.61793875694 37.6777534485
8274 87.7316665649 0.692796945572 38.0692901611
8275 87.9561309814 4.88584184647 37.7545509338
8276 75.9526367188 -20.8821754456 13.7816200256
8277 82.6263504028 -18.3256549835 9.77157402039
8278 111.728370667 53.7403106689 23.2287979126
8279 108.169334412 57.8146362305 20.1409873962
8280 103.907012939 52.7007369995 23.4581699371
8281 110.900108337 58.2119483948 27.2750663757
8282 62.7905464172 -53.8970756531 21.9946708679
8283 69.8102722168 -57.9066543579 22.1285762787
8284 63.7355117798 -57.2443580627 17.0233840942
8285 61.5631904602 -50.9149971008 16.7489032745
8286 57.9909172058 -56.0311393738 22.107629776
8287 116.12335968 47.2141075134 24.6567955017
8288 109.335121155 48.6361312866 25.2461929321
8289 110.432609558 44.4152145386 18.4195632935
8290 58.2933921814 -52.7520256042 27.6326599121
8291 63.8613548279 -54.4634132385 27.8807258606
8292 62.7743453979 -58.9708175659 21.4445972443
8293 103.714607239 38.7688865662 29.321937561
8294 106.974975586 46.4335327148 31.6200389862
8295 103.628997803 43.7787513733 24.9395656586
8296 102.185966492 43.0660934448 31.1005439758
8297 83.9525299072 -21.8254070282 37.8183135986
8298 79.3414916992 -22.8580436707 37.822971344
8299 82.2026367188 -17.1222324371 36.9376068115
8300 106.697143555 49.487575531 19.1645317078
8301 77.6063766479 -17.2554664612 37.6590957642
8302 76.1713409424 -25.0743598938 36.4133262634
8303 73.7058410645 -19.3556213379 33.5736312866
8304 99.6135864258 9.43989849091 18.1730289459
8305 98.3565139771 13.2968139648 22.9142227173
8306 99.0491104126 13.2710456848 18.9488544464
8307 72.9592132568 -45.1563796997 21.0163421631
8308 78.111328125 -44.6098136902 15.1947851181
8309 73.3585739136 -44.3087539673 14.6264362335
8310 77.1840057373 -48.8511047363 16.2880954742
8311 72.2551803589 -49.5292854309 21.5280418396
8312 76.9304733276 -48.0038337708 21.0432891846
8313 67.8564300537 -41.0415534973 24.7245464325
8314 69.5914993286 -43.0078277588 19.3654403687
8315 71.7169113159 -49.2745132446 28.6033573151
8316 52.3663825989 27.3131351471 26.1403179169
8317 47.4347457886 28.0995540619 25.2625198364
8318 52.0867385864 33.8414382935 28.0236167908
8319 49.475440979 31.9800853729 21.1648540497
8320 51.8366851807 29.5184383392 30.3713817596
8321 57.1939315796 30.1032409668 29.4326305389
8322 47.306892395 28.2449512482 30.4292984009
8323 50.2917671204 24.0096073151 30.1487312317
8324 146.994003296 23.5921230316 25.080493927
8325 149.680679321 18.9926815033 25.0520305634
8326 149.863265991 23.8433532715 19.5808773041
8327 151.252120972 23.8535041809 24.8858146667
8328 148.594909668 25.728931427 30.3589782715
8329 151.032867432 28.7035675049 24.0051307678
8330 112.614395142 80.2855911255 6.27012681961
8331 148.031066895 20.0436191559 30.233959198
8332 143.85144043 21.4239788055 30.1044330597
8333 141.579864502 26.764377594 24.6277122498
8334 143.436889648 25.7428016663 29.7755947113
8335 145.897598267 53.3316345215 25.0243759155
8336 151.438476562 56.8175163269 25.1386013031
8337 141.415817261 58.9694328308 20.3441867828
8338 142.548782349 59.1912231445 27.459394455
8339 132.92930603 11.99426651 32.0388908386
8340 95.4159622192 -42.6181602478 34.498790741
8341 93.9805221558 -48.1536598206 33.2962303162
8342 93.0863952637 -48.4761962891 22.5088253021
8343 89.0855255127 -43.7873497009 21.7196598053
8344 87.0374908447 -47.8190994263 22.0925807953
8345 97.6099090576 -46.6366233826 27.6672134399
8346 59.8522720337 -40.7056274414 30.3048095703
8347 63.1383209229 -36.7586479187 31.8455505371
8348 55.0010299683 -41.7580680847 35.313533783
8349 60.3367958069 -42.4634246826 35.5806350708
8350 55.9097099304 -41.9857978821 30.3769264221
8351 58.5741119385 -32.0170478821 41.3220672607
8352 59.0134811401 -33.5527915955 32.8553543091
8353 64.0378265381 -32.7207679749 32.6913528442
8354 57.706363678 -38.6207466125 37.3100852966
8355 103.445304871 80.1868743896 6.1075553894
8356 148.954483032 56.1829452515 18.6260280609
8357 147.293197632 64.0982666016 19.4485168457
8358 176.976608276 -27.1381893158 40.7354927063
8359 178.547042847 -31.1610946655 39.9177360535
8360 181.048461914 -26.7332344055 39.9941062927
8361 181.231903076 -23.7699375153 37.4447479248
8362 183.274093628 -32.1910858154 31.8674716949
8363 122.965644836 -104.53099823 41.5674476624
8364 186.526947021 -29.0326023102 33.8058280945
8365 182.501968384 -35.4380645752 35.6363983154
8366 105.100204468 6.72400856018 18.2070484161
8367 111.722702026 1.39839208126 16.387462616
8368 108.921684265 -1.82329821587 16.4420871735
8369 114.586036682 84.702003479 9.83280658722
8370 144.722686768 66.2112045288 25.0189590454
8371 151.575424194 65.5521087646 27.5482673645
8372 52.9655990601 -34.3353996277 27.1113929749
8373 54.829208374 -37.4600524902 30.5819587708
8374 57.4046974182 -28.8952159882 32.0003395081
8375 53.2849197388 -31.6521377563 30.8388595581
8376 61.7264823914 -29.8151855469 32.9686546326
8377 115.243286133 -17.6666488647 14.4937963486
8378 118.437484741 -17.8806934357 12.1812543869
8379 119.362792969 -21.2936096191 14.7567586899
8380 116.330192566 -21.6744155884 12.8594608307
8381 115.730278015 -18.1814098358 10.3849802017
8382 112.465583801 -17.6239337921 12.8022165298
8383 118.057289124 -17.5890140533 16.4268112183
8384 111.841033936 -14.0780105591 12.4706058502
8385 85.5322265625 -33.6335754395 14.494011879
8386 154.899246216 64.9064331055 21.5544433594
8387 123.396240234 -16.256280899 34.4223976135
8388 121.137832642 -12.7362918854 33.9841308594
8389 119.891479492 -15.9784593582 34.3747596741
8390 122.757194519 -17.9706802368 38.6940879822
8391 156.643203735 57.7107276917 25.6129245758
8392 159.157196045 62.9807090759 25.9404220581
8393 154.031982422 57.2872695923 31.854434967
8394 26.507226944 -20.2920703888 20.5785064697
8395 43.6070785522 24.8852806091 25.7643718719
8396 49.380153656 14.488820076 23.148645401
8397 148.385894775 58.6848182678 30.056388855
8398 149.641876221 61.5142097473 35.7238311768
8399 47.5350990295 22.9430770874 20.1418991089
8400 146.623443604 66.545791626 33.8395957947
8401 34.780166626 -5.44280481339 27.5571022034
8402 175.383331299 32.9784240723 24.604133606
8403 175.162902832 38.6358146667 30.7599334717
8404 175.012039185 34.0820884705 32.9857673645
8405 178.590606689 34.7989997864 29.0922241211
8406 176.9503479 40.2739105225 25.4459114075
8407 170.16192627 35.4285049438 28.0772304535
8408 171.725112915 42.48387146 32.4325561523
8409 169.867172241 35.8962593079 33.5562934875
8410 180.571868896 37.6932678223 33.922542572
8411 175.610198975 43.9795074463 37.6028022766
8412 175.557144165 38.6485214233 38.4092178345
8413 178.542816162 45.3464736938 31.3067932129
8414 38.1858329773 -15.9163551331 11.3922157288
8415 31.8150482178 -21.7584285736 11.1663742065
8416 151.096405029 -27.2604389191 36.8206100464
8417 119.188110352 -23.1179428101 35.8579139709
8418 122.426307678 -25.4821605682 33.5204238892
8419 122.880439758 -25.7484149933 37.7106590271
8420 118.707290649 -26.5153808594 37.3883018494
8421 119.150848389 -25.8032550812 33.3046836853
8422 116.012947083 -21.4041385651 34.3960723877
8423 114.974205017 -24.6730880737 37.9815826416
8424 115.225189209 -27.3505020142 33.4348907471
8425 41.5272254944 85.055847168 26.823890686
8426 45.7223472595 84.7462692261 30.5711765289
8427 117.593658447 -24.0277233124 40.0480728149
8428 122.505256653 -21.1693744659 38.3485412598
8429 118.830848694 -20.1115760803 38.3310508728
8430 165.660812378 -36.8071327209 30.5798835754
8431 165.662338257 -32.3018417358 33.3937606812
8432 47.1362190247 10.0760602951 31.6791954041
8433 46.9467544556 6.33598852158 33.5405731201
8434 43.9078865051 -3.40322375298 41.6332359314
8435 165.210525513 -16.0879878998 19.8211841583
8436 91.1503601074 -17.2706794739 11.0676546097
8437 87.2065811157 -14.78673172 12.636885643
8438 94.9463806152 -18.7912216187 12.558883667
8439 170.335540771 23.9143810272 24.2983417511
8440 176.200088501 20.0528583527 22.250875473
8441 74.0197219849 -16.4592018127 35.7617225647
8442 74.8291397095 -16.0993919373 40.5128898621
8443 154.412689209 -33.3404159546 18.5222949982
8444 120.484733582 -23.8145656586 7.8603925705
8445 124.920478821 -26.8224754333 3.47546386719
8446 123.759101868 -26.6408176422 8.62949752808
8447 120.809020996 -27.4873046875 3.43788695335
8448 85.1004638672 -11.3932437897 11.7582387924
8449 85.3619308472 -28.6450366974 17.9413661957
8450 125.105010986 4.61944961548 32.9180793762
8451 127.608322144 7.78798294067 18.5224208832
8452 168.975738525 -18.1865348816 30.1186084747
8453 171.462524414 -19.0466918945 28.104391098
8454 59.7796096802 -8.09672832489 12.988948822
8455 58.0891571045 -6.51432228088 10.8660001755
8456 59.4042205811 -3.39423775673 11.3087215424
8457 61.7476844788 -6.52244758606 11.1411380768
8458 58.6625442505 -10.3483934402 11.0030565262
8459 59.9728240967 -8.40559577942 9.12504673004
8460 59.5447349548 -4.12188005447 15.1089487076
8461 58.0592765808 -9.98026847839 15.0071029663
8462 47.9153862 -7.52822780609 8.73578643799
8463 48.8074989319 -7.5865483284 13.141661644
8464 50.040222168 -14.9954490662 10.9594421387
8465 47.3577690125 -10.8466377258 8.41776847839
8466 50.6029510498 -10.982213974 6.76753664017
8467 53.4933853149 -9.74636554718 10.2603521347
8468 52.78150177 -12.9486913681 10.290309906
8469 169.672851562 -18.3437290192 21.0792827606
8470 158.729782104 -32.1898345947 36.7827415466
8471 60.5275421143 -26.2054367065 32.8451538086
8472 57.0562553406 -21.183347702 32.9653129578
8473 162.1849823 -34.3735466003 36.3162765503
8474 144.087005615 -41.9509658813 32.2864227295
8475 138.414413452 -35.7647895813 35.6458435059
8476 58.0928764343 -71.8159561157 12.7824211121
8477 61.0853118896 -66.9097213745 11.8363161087
8478 58.454536438 -70.7182998657 18.7164573669
8479 63.3195075989 -72.354637146 19.0638008118
8480 135.928527832 -43.1795120239 35.2094993591
8481 135.240234375 -38.9361457825 34.9367790222
8482 140.113372803 -42.1987533569 34.8003425598
8483 142.43057251 -37.8032836914 35.0346641541
8484 167.579055786 -29.100605011 36.7534294128
8485 62.0797386169 -66.8586273193 18.5943870544
8486 56.2582054138 -66.0914306641 17.9632873535
8487 60.3609313965 -61.1578330994 17.8463802338
8488 167.023864746 -32.992099762 39.0025520325
8489 171.350692749 -34.0646286011 37.4115638733
8490 82.7443695068 19.7870235443 19.3251552582
8491 79.8382339478 22.9773006439 19.9960327148
8492 86.856300354 17.9163551331 19.6190872192
8493 48.9286727905 -61.4525909424 28.4471511841
8494 53.4007644653 -65.9787368774 24.6220283508
8495 55.3913040161 -60.3452796936 21.888381958
8496 54.5612831116 -60.4084587097 27.9930896759
8497 67.5795593262 -67.7161865234 19.0077323914
8498 67.7215118408 -68.9811935425 12.5112705231
8499 65.8076705933 -62.7352142334 17.8334064484
8500 180.751876831 11.3981742859 22.5795497894
8501 177.264038086 14.3823289871 19.4875869751
8502 39.0910949707 23.9307575226 20.078704834
8503 34.183303833 29.024230957 22.1905174255
8504 38.3860931396 31.0604953766 21.7092189789
8505 38.3324432373 29.8843860626 16.4106483459
8506 129.155670166 23.728685379 25.120426178
8507 129.501815796 29.1946868896 21.9577388763
8508 131.282424927 24.5465679169 19.804807663
8509 129.279174805 28.733133316 28.4351539612
8510 134.29095459 29.3831920624 21.032491684
8511 133.190856934 33.2006721497 27.7724895477
8512 87.5541610718 80.183631897 6.27737903595
8513 36.6191444397 -16.3521404266 38.0601272583
8514 39.3306427002 -18.6637592316 35.0671653748
8515 194.641723633 59.2628364563 43.8008499146
8516 91.0752258301 -1.23049712181 34.0404510498
8517 94.8288574219 0.298195272684 33.6146125793
8518 75.043182373 -36.9092216492 29.0057811737
8519 75.6881942749 -30.9444293976 30.7013607025
8520 81.4105987549 -27.1985855103 8.31352996826
8521 80.1756134033 -23.4656410217 12.3333339691
8522 84.0552749634 -25.1365661621 12.2690649033
8523 82.3295822144 -22.1377410889 9.893658638
8524 79.6340560913 -20.0582923889 11.8099536896
8525 166.007705688 -16.351102829 25.9284744263
8526 165.302566528 -14.1569108963 23.4817752838
8527 47.3488464355 39.478427887 22.021692276
8528 48.4655380249 38.3445663452 16.8070087433
8529 43.8747749329 32.9040298462 21.9536266327
8530 111.185462952 -30.8303813934 36.5878829956
8531 113.677154541 -26.0257167816 14.8123836517
8532 33.9597396851 -4.60363388062 10.6701040268
8533 38.143535614 -2.14963126183 10.3574905396
8534 35.9451789856 -0.685106873512 8.49554252625
8535 35.0814781189 -3.52986383438 13.4251775742
8536 37.4213829041 -5.02683925629 9.57984256744
8537 32.2687301636 -1.81514751911 12.4342432022
8538 34.3217773438 -5.19909286499 6.77257394791
8539 35.935710907 -3.11539149284 6.42582607269
8540 32.333770752 -5.55294084549 14.7101831436
8541 30.9463748932 -4.27398490906 11.3265037537
8542 35.6606750488 -6.1772313118 12.9522075653
8543 35.3694267273 -9.15095710754 9.77033424377
8544 32.5645866394 -6.50609540939 8.98015594482
8545 48.2713127136 33.2354240417 16.4699058533
8546 47.5626411438 27.9541320801 20.0945129395
8547 43.3851013184 31.9807186127 16.4156475067
8548 129.118453979 12.1200714111 32.1486968994
8549 129.83265686 16.8734149933 31.016910553
8550 134.336196899 15.9541797638 32.7152481079
8551 138.103118896 12.2710113525 32.4070892334
8552 76.4495391846 84.9682922363 11.6755924225
8553 173.914245605 -23.7014427185 28.1144142151
8554 132.242675781 -7.28973007202 12.9852781296
8555 141.667617798 16.4467163086 28.7815341949
8556 139.798141479 23.2937355042 30.4395503998
8557 34.0921134949 38.2526054382 21.7552108765
8558 34.1982002258 30.9594230652 27.8511104584
8559 90.1875457764 16.9602375031 14.3965826035
8560 90.7978744507 16.5277938843 19.621213913
8561 90.3330078125 13.0194101334 17.8852100372
8562 85.4617156982 13.7147789001 17.4601192474
8563 37.6972808838 23.7388114929 30.3078727722
8564 88.0243606567 22.5092906952 19.0532073975
8565 85.2384796143 18.2317771912 13.8203229904
8566 34.3405609131 27.8682956696 16.3356723785
8567 115.124038696 -30.8344459534 34.5740203857
8568 115.159172058 -28.6069278717 37.590549469
8569 115.071487427 -34.4611549377 35.8239936829
8570 83.551612854 22.6117572784 14.2578048706
8571 131.838272095 -31.9593601227 38.7688102722
8572 128.3934021 -35.2546615601 30.9831676483
8573 127.373443604 -35.6041679382 35.8499145508
8574 38.9415092468 28.0126552582 28.9231090546
8575 39.8935508728 32.718334198 27.1534385681
8576 38.1779098511 32.8862838745 33.1464538574
8577 44.9502410889 30.7709941864 27.8425045013
8578 33.7061080933 26.2932815552 28.9129829407
8579 42.6861877441 27.3336639404 21.1587791443
8580 98.0143737793 44.806678772 24.2793178558
8581 93.690246582 44.7903518677 17.668214798
8582 92.5387878418 46.1674461365 23.8864498138
8583 98.7700119019 47.9779968262 17.5015563965
8584 32.21616745 -17.1726551056 36.2600822449
8585 91.3453903198 47.5946846008 30.3312110901
8586 94.9134216309 43.2632522583 30.8823719025
8587 96.6231079102 51.9516563416 28.9870491028
8588 102.066871643 49.374961853 28.9986934662
8589 95.9094696045 52.4282684326 21.0594387054
8590 103.504714966 -9.82907485962 33.6421279907
8591 32.8602523804 -4.52377223969 37.9920883179
8592 29.598985672 -7.37341451645 36.6432952881
8593 176.047729492 -66.5157089233 18.7677783966
8594 174.637664795 -73.5402374268 14.7872991562
8595 169.082275391 -69.3635177612 12.3454713821
8596 164.731933594 3.84928131104 37.2813796997
8597 165.489501953 -4.57176494598 31.8909111023
8598 158.866226196 -69.9249801636 25.2507228851
8599 158.422103882 -72.0318450928 31.2462940216
8600 154.851303101 -73.5986480713 24.5578613281
8601 155.325210571 -77.3635635376 30.4844036102
8602 162.174713135 -65.2852554321 25.2821369171
8603 153.718734741 -66.2105560303 24.6940059662
8604 154.390106201 -69.9347305298 18.7902812958
8605 158.525085449 -61.0106544495 22.0967826843
8606 159.253326416 -65.8456573486 19.0912399292
8607 159.625915527 -65.1444396973 31.634847641
8608 37.0932807922 -9.92937755585 39.1672859192
8609 36.6710739136 -11.0981340408 43.4162216187
8610 152.961593628 -67.7048797607 31.1317539215
8611 60.0469779968 -8.51881980896 34.9216423035
8612 102.979621887 -43.7350387573 19.5322780609
8613 104.029701233 -44.1910247803 14.5895805359
8614 99.5770492554 -41.2711257935 12.4049062729
8615 104.859580994 -44.3810119629 9.40801906586
8616 107.216056824 -39.8783378601 10.2618589401
8617 102.477340698 -40.0610580444 8.5626335144
8618 99.8648300171 -44.5925369263 9.02992153168
8619 96.4265594482 -44.8882675171 16.3462772369
8620 95.2593536377 -44.2650642395 10.5278205872
8621 98.7781600952 -38.5400619507 9.45002555847
8622 92.6024398804 -40.302734375 10.4387197495
8623 95.3684844971 -36.5394248962 10.8513813019
8624 16.2559108734 -26.353263855 21.9990634918
8625 40.9280471802 -7.34620285034 40.1440086365
8626 47.0410804749 -39.1194725037 27.1486034393
8627 51.3016242981 -40.3941764832 30.2995948792
8628 167.561508179 12.6037740707 15.8562088013
8629 38.8664932251 -28.14585495 34.7649536133
8630 47.7568397522 -12.989824295 40.4586715698
8631 130.533401489 47.8739089966 5.35961151123
8632 127.985153198 43.5712089539 3.82207250595
8633 120.379684448 -14.4162530899 6.7079501152
8634 119.576004028 -9.94172954559 2.77626037598
8635 119.817565918 -10.8662557602 7.6210975647
8636 123.183181763 -12.9177207947 3.774091959
8637 90.8577880859 46.1356277466 44.9946022034
8638 87.7262878418 49.80834198 45.6112747192
8639 118.121604919 -17.2568969727 7.81674051285
8640 115.902252197 -14.2096881866 4.50693655014
8641 118.019622803 -16.8990116119 3.18616366386
8642 150.040603638 -1.82674074173 11.8136110306
8643 149.941497803 -5.38711643219 10.9268140793
8644 147.598983765 -1.26596033573 9.00422859192
8645 144.153793335 -4.50868558884 10.7786455154
8646 55.1829528809 -24.5035419464 32.6964912415
8647 42.6411437988 -13.0770654678 1.95813703537
8648 40.6942825317 -14.3885612488 2.23136377335
8649 83.1660079956 -26.0244121552 41.663230896
8650 87.0089874268 -28.2930488586 45.8424072266
8651 81.9338912964 -25.8624992371 47.0460319519
8652 90.6994247437 -26.1019592285 41.0439796448
8653 92.0559616089 -25.5483036041 46.337726593
8654 107.083389282 -36.0328025818 31.1544589996
8655 111.414009094 -43.4539909363 25.5235958099
8656 181.775466919 -59.5121078491 27.4323348999
8657 183.086807251 -64.1367874146 24.5558490753
8658 189.940582275 -59.1548919678 21.3208942413
8659 190.320724487 -60.229637146 28.3290920258
8660 57.7341194153 17.8967113495 15.7639436722
8661 55.5882263184 21.1075172424 14.47905159
8662 59.323474884 22.3244056702 14.7675552368
8663 179.514678955 -59.2562713623 16.8496494293
8664 181.30796814 -55.1731719971 23.0350914001
8665 175.938613892 -58.4065704346 21.6696414948
8666 176.370651245 -58.6703033447 30.6592903137
8667 175.831329346 -53.4630241394 24.6190166473
8668 182.915206909 -57.4937019348 35.5041656494
8669 176.143218994 -62.7326469421 24.8218364716
8670 181.014541626 -65.859664917 32.8165512085
8671 36.3756866455 -18.9332141876 39.2518310547
8672 91.9619216919 -7.40120792389 11.0117635727
8673 88.772102356 -1.11793088913 12.3173236847
8674 53.8809356689 17.097661972 13.6256933212
8675 118.535293579 5.43014335632 17.9116477966
8676 123.459449768 -26.2751235962 17.9875869751
8677 51.4500198364 20.2559185028 14.9686021805
8678 20.0759830475 84.8189926147 27.5950965881
8679 76.5219192505 -7.31079053879 16.1580905914
8680 64.5174407959 16.7831745148 17.7787685394
8681 61.5652809143 19.0231571198 13.2057027817
8682 61.6565437317 18.4283828735 17.6279163361
8683 65.4205627441 15.8793296814 13.3571243286
8684 66.9446868896 11.1350727081 13.2307367325
8685 39.0135345459 -10.7577390671 41.2329139709
8686 62.0454368591 -48.7970237732 28.9681663513
8687 69.2101211548 -43.1156082153 29.6742668152
8688 71.9831771851 -53.4281311035 24.9292125702
8689 160.964675903 26.2718906403 20.7842121124
8690 166.404846191 25.8455982208 19.8599777222
8691 51.5867233276 -26.8832263947 31.7486534119
8692 51.9084091187 -41.8727226257 24.8685245514
8693 152.161087036 -61.2935600281 26.8131332397
8694 155.090179443 -56.0504646301 27.8626022339
8695 155.781417847 -61.4656257629 32.7222862244
8696 157.151779175 -61.2383804321 27.4151973724
8697 53.6207847595 0.346846520901 15.8340091705
8698 52.1496543884 -4.16349458694 15.2077951431
8699 162.794906616 -56.6029930115 16.9530639648
8700 154.821792603 -57.2814407349 16.9223861694
8701 157.615463257 -51.8924293518 16.1459655762
8702 159.874633789 -55.6404838562 11.3624982834
8703 151.310440063 11.1752443314 31.4346981049
8704 165.224807739 -52.801197052 17.1832084656
8705 164.851211548 -53.1031532288 11.1798286438
8706 161.578948975 -50.1997718811 16.3290405273
8707 156.069458008 20.8721084595 24.852350235
8708 154.774169922 18.2373962402 30.1575908661
8709 165.552322388 -54.2553939819 22.210943222
8710 152.738815308 16.7667713165 23.5872783661
8711 155.67791748 13.6819734573 31.5097503662
8712 158.734527588 16.4035072327 31.6059150696
8713 159.901290894 -60.7824325562 16.7670021057
8714 165.845352173 -59.1416168213 12.1393489838
8715 160.242050171 -55.4218826294 27.7581119537
8716 165.4296875 -62.4360198975 31.4761352539
8717 164.477172852 -60.1780014038 23.4146575928
8718 165.42829895 -54.789100647 27.6529102325
8719 160.342086792 -55.3318214417 22.4965744019
8720 161.945602417 -53.0864715576 33.2302627563
8721 155.317382812 -55.4726982117 33.3580169678
8722 165.593215942 -55.8023223877 33.1716651917
8723 49.2554244995 5.96199131012 17.2922687531
8724 49.9405136108 10.1102323532 18.2942771912
8725 45.2187995911 13.7198162079 18.4703407288
8726 88.9831771851 -30.1606941223 18.3114147186
8727 115.591842651 -31.1760787964 17.9669952393
8728 164.523254395 -24.3023681641 37.8550682068
8729 157.914337158 -23.3257369995 36.1196212769
8730 131.731323242 -35.1142616272 13.039814949
8731 23.5328674316 -18.8097763062 24.1679420471
8732 26.4601955414 -20.2609481812 28.826007843
8733 27.0711708069 -20.1156139374 23.6923274994
8734 169.714599609 -55.9803619385 17.2302646637
8735 21.2809753418 -21.4586620331 30.5155391693
8736 22.3781986237 -26.0140857697 31.6818771362
8737 15.9094924927 6.96835327148 43.0782203674
8738 15.6712226868 10.239859581 46.2874069214
8739 19.5728912354 7.31964492798 46.1236839294
8740 166.458679199 -60.5634269714 18.0700302124
8741 23.4745101929 -22.4384078979 33.2900276184
8742 54.0348129272 7.29663562775 17.6838588715
8743 59.2794685364 3.82523417473 16.6417541504
8744 56.9488258362 0.113158494234 16.6458435059
8745 46.6912193298 -55.8027801514 28.2325496674
8746 40.2703056335 -55.2465667725 27.9502868652
8747 41.3944091797 -61.2717056274 32.10389328
8748 40.5655555725 -56.4859466553 33.5400161743
8749 61.3204650879 0.564435601234 16.0166282654
8750 54.2078666687 3.44847798347 16.9198169708
8751 42.4558029175 -51.8870849609 33.6470146179
8752 69.9911575317 23.1301651001 24.533914566
8753 72.05443573 19.9576320648 19.3924369812
8754 48.0794525146 -52.5857467651 32.6932029724
8755 53.3661003113 -48.9313087463 29.155632019
8756 46.707775116 -69.3695220947 24.9735851288
8757 45.4425506592 -61.4185447693 23.8491897583
8758 34.2668991089 -17.5865955353 15.7132930756
8759 35.3027381897 -15.1958255768 13.047118187
8760 33.4738731384 -18.3321990967 12.5223321915
8761 146.835769653 -17.3504276276 3.22660088539
8762 32.2884483337 -14.7311449051 14.8468723297
8763 46.7006263733 -75.2835693359 25.0161743164
8764 55.7268753052 -71.8388595581 24.9293270111
8765 53.1514968872 -73.0654678345 31.2111606598
8766 74.356918335 -31.1760787964 16.9068431854
8767 61.8959541321 -60.7644844055 26.3040924072
8768 72.3291931152 -23.7348918915 33.2228736877
8769 72.9057540894 -23.2035388947 37.1290473938
8770 35.2494812012 -16.002456665 9.81677055359
8771 36.5775566101 -13.7993412018 7.46614551544
8772 38.5766487122 -16.4924621582 7.53436326981
8773 34.8241348267 -16.6223678589 6.35422849655
8774 164.673995972 -14.3118124008 1.9676040411
8775 161.802810669 -12.5966787338 2.23742628098
8776 176.726379395 -105.008766174 20.7669353485
8777 185.029693604 -104.560501099 25.3677444458
8778 186.527175903 -2.31016516685 4.2426071167
8779 183.788543701 -4.37804603577 3.24228215218
8780 35.2109146118 -12.2449817657 10.2121696472
8781 31.9784183502 -30.9959526062 33.9976234436
8782 69.0113296509 5.89797496796 33.380241394
8783 65.7054672241 6.4839925766 33.2548675537
8784 66.476234436 2.79026865959 33.8276977539
8785 47.1021728516 -2.59452939034 40.3772888184
8786 47.086353302 1.34665262699 39.4189453125
8787 46.4134254456 0.941723287106 35.4592857361
8788 49.8918113708 -1.29906952381 38.3381652832
8789 155.101196289 -21.7115364075 14.455245018
8790 113.525680542 -15.8798789978 33.7526702881
8791 116.431388855 -17.6323242188 34.1787109375
8792 113.139053345 -19.9187812805 34.4195098877
8793 116.039268494 -0.652984917164 33.477973938
8794 112.96333313 1.72748410702 33.5963630676
8795 105.62184906 0.395902782679 16.1082744598
8796 107.776428223 -15.6283197403 34.1883811951
8797 110.841583252 -13.8382730484 34.1896209717
8798 110.404556274 -13.2515211105 38.2491912842
8799 110.355453491 -17.4076728821 38.4983711243
8800 110.73714447 -17.351984024 34.3228683472
8801 109.732704163 -21.0239639282 38.5186691284
8802 109.950775146 -20.9749717712 34.1999206543
8803 112.549743652 -19.8578281403 38.6432342529
8804 80.2881393433 0.779923737049 33.4018325806
8805 119.926078796 -31.7287101746 31.9218444824
8806 124.44568634 11.7293672562 34.6288986206
8807 126.616714478 8.05943775177 37.2301712036
8808 126.69367218 8.21344089508 32.4850540161
8809 128.544265747 11.457406044 36.7599601746
8810 126.168960571 14.2977838516 32.4404258728
8811 107.062332153 -18.4717979431 38.5115814209
8812 107.665252686 -18.838886261 34.2709999084
8813 121.675201416 14.4806947708 35.8140449524
8814 103.365470886 -16.2088317871 38.2976150513
8815 44.7856445312 -7.45828819275 11.2739286423
8816 44.0950737 -11.0392684937 11.1028137207
8817 51.7095527649 -7.24803972244 10.9888553619
8818 41.5964813232 -17.3950424194 14.4035310745
8819 43.403968811 -14.6230335236 10.9315605164
8820 46.9270591736 -16.8947200775 13.4939527512
8821 44.2798957825 -18.9272403717 12.157916069
8822 41.1230201721 -16.5472774506 9.24495410919
8823 97.510307312 -30.8449249268 27.9683094025
8824 104.21509552 -32.7417030334 31.249332428
8825 39.1282424927 84.3920669556 15.6115980148
8826 102.906669617 -9.15052700043 16.3756656647
8827 98.7637329102 -18.5813407898 12.1898984909
8828 179.762039185 7.94588422775 28.1991863251
8829 31.6727523804 -28.9871788025 37.5395965576
8830 36.2118988037 -30.9377212524 37.5550346375
8831 30.2685985565 -35.5589828491 35.2792358398
8832 27.8480606079 -31.0055217743 34.5870056152
8833 29.8572025299 -24.8441638947 36.0080680847
8834 97.0988235474 -7.21872758865 33.3984680176
8835 107.409698486 -11.2575159073 37.934173584
8836 76.4244689941 -50.4227905273 27.8175449371
8837 71.2934570312 -26.5244293213 12.1363744736
8838 67.5527114868 -28.085269928 13.2480888367
8839 66.2826690674 -23.7897701263 12.2329435349
8840 75.5829772949 -54.8093147278 22.011592865
8841 71.8593521118 -53.8394775391 16.4404296875
8842 68.4240341187 -52.0625534058 27.8138751984
8843 74.237701416 -53.9163780212 30.4003143311
8844 70.8315048218 -57.7587280273 27.59416008
8845 39.3071899414 -3.36900067329 7.216547966
8846 166.081802368 -7.79196214676 14.4723062515
8847 166.641723633 -2.99776291847 14.7606697083
8848 164.140426636 -4.92394256592 11.2951536179
8849 164.125167847 -5.32178449631 16.43907547
8850 36.2710952759 0.0580018423498 5.32571792603
8851 35.8169174194 -5.13697528839 4.29439735413
8852 38.8140716553 -3.79673695564 4.60326433182
8853 33.5672149658 -1.4318100214 5.35006856918
8854 66.782585144 3.45698308945 38.1755027771
8855 68.046005249 -0.767297625542 38.6169586182
8856 68.1197967529 -0.557580828667 34.4642372131
8857 63.7357521057 4.6041097641 38.0963249207
8858 59.4848556519 2.20303630829 37.5396461487
8859 168.005844116 -5.59523868561 11.5515089035
8860 3.35468363762 58.9579925537 32.5440826416
8861 167.992416382 -5.56663513184 22.9485340118
8862 169.05027771 -2.34124922752 19.4824485779
8863 177.818115234 -24.4340324402 27.0498332977
8864 184.513153076 -30.0448741913 25.1672420502
8865 178.691055298 -38.9807090759 22.9950466156
8866 183.217422485 -35.7749633789 21.9816608429
8867 163.981414795 -7.46917295456 19.2762622833
8868 86.744758606 30.1180496216 17.5592060089
8869 90.5329666138 35.861125946 18.828250885
8870 83.2651062012 33.8231887817 19.1732139587
8871 85.0760116577 25.3735637665 17.3048992157
8872 41.2928314209 84.4202423096 9.98996067047
8873 81.7054443359 27.9137325287 15.485742569
8874 85.4912567139 28.6147460938 13.2961578369
8875 44.9524459839 -7.74450063705 7.88950252533
8876 40.9935073853 -12.9787120819 10.2323312759
8877 43.8430862427 -13.4361410141 7.60936546326
8878 184.383728027 -18.0806770325 35.0266647339
8879 186.50352478 -14.7918319702 34.3787574768
8880 184.149658203 -15.2984437943 31.8251228333
8881 183.735717773 -14.9740467072 34.7513122559
8882 120.417678833 -28.3014659882 13.3461503983
8883 128.114547729 -27.1155605316 13.2484436035
8884 75.7717285156 21.8147068024 41.6979103088
8885 71.4664916992 19.1959171295 45.1352920532
8886 76.181678772 17.3336277008 40.8038368225
8887 75.7551574707 15.6923942566 46.2246818542
8888 79.9574279785 21.1588020325 46.466217041
8889 79.8455352783 20.4574584961 40.2961883545
8890 79.8291168213 25.6549930573 45.5969467163
8891 71.5217285156 19.2665920258 39.8580474854
8892 72.6323165894 24.6600723267 39.9236602783
8893 78.470489502 24.6086101532 39.7653541565
8894 73.0693893433 24.7546653748 44.9566345215
8895 150.187561035 -49.1897506714 18.5433940887
8896 150.742553711 -53.4478645325 22.5920658112
8897 146.544723511 -50.3087539673 15.9393615723
8898 145.485855103 -55.0074768066 17.157617569
8899 126.215126038 -18.3452224731 15.6551618576
8900 169.557830811 -7.62416315079 15.4276371002
8901 169.241821289 -3.72462081909 13.538895607
8902 164.692352295 -7.77204084396 31.2488765717
8903 184.26890564 -4.36921167374 47.2915916443
8904 182.195617676 -5.55195379257 46.2152900696
8905 52.2361984253 62.6350860596 44.2145118713
8906 46.4412307739 55.6945610046 37.332157135
8907 52.2522087097 57.1203842163 37.4860839844
8908 50.5376434326 56.7767601013 44.9033241272
8909 164.915817261 -6.93292045593 27.9894199371
8910 96.3298950195 7.68237781525 17.779592514
8911 39.4121627808 72.3419265747 13.0213117599
8912 40.2446365356 65.4289169312 7.94740533829
8913 40.5027656555 71.8331832886 5.34891700745
8914 48.9624404907 72.4775238037 5.96486663818
8915 45.0763015747 -25.5152835846 15.9279708862
8916 4.73649835587 23.160615921 31.1951122284
8917 4.35019922256 22.9748706818 24.8340244293
8918 63.3627052307 -9.56464481354 36.4406394958
8919 57.7359542847 -12.1969385147 34.5617675781
8920 161.233779907 -9.39980792999 10.7831382751
8921 159.470214844 -8.51798439026 6.49644899368
8922 158.395812988 -6.83379554749 9.43009185791
8923 163.062728882 -7.80484628677 7.48134565353
8924 99.7649841309 17.7117767334 25.0331726074
8925 106.541137695 14.2365779877 18.4370155334
8926 102.572975159 16.4115314484 14.4834184647
8927 105.043251038 18.5348472595 12.2196540833
8928 101.372009277 22.0128803253 14.5978193283
8929 100.673599243 26.0910320282 16.0898342133
8930 99.437210083 5.78657341003 36.7840080261
8931 96.2503509521 8.72772121429 36.5602912903
8932 16.4864597321 -30.4509048462 31.7497425079
8933 21.0730819702 -33.4706001282 33.196975708
8934 23.1469612122 -26.9393825531 14.2575387955
8935 171.057922363 -58.5560684204 25.0754699707
8936 169.938186646 -52.2344055176 21.7571353912
8937 170.977874756 -61.9153327942 18.2170848846
8938 181.468154907 -67.4145050049 20.7198543549
8939 70.9953994751 -16.385591507 42.3957862854
8940 73.7511901855 -19.0660305023 46.1687660217
8941 69.6492004395 -13.0409317017 42.9526176453
8942 72.3864898682 -13.0956830978 43.0142784119
8943 76.7591781616 -13.0977210999 46.7581214905
8944 73.7967529297 -19.1214389801 42.2100906372
8945 78.0786972046 -18.5425739288 46.5347633362
8946 76.1013717651 -13.4159030914 42.6370429993
8947 173.009262085 -11.5285282135 12.028960228
8948 104.977867126 11.3794431686 31.9943904877
8949 100.801002502 16.062746048 30.7115859985
8950 101.387550354 14.9117212296 35.7160339355
8951 50.7327537537 -8.29966163635 35.1500663757
8952 109.925765991 -25.8747386932 13.1476354599
8953 113.064331055 -23.6692180634 10.7923898697
8954 114.001541138 -11.7463197708 14.5192489624
8955 133.541015625 -25.5837421417 6.32943487167
8956 130.916503906 -29.3722743988 2.7739315033
8957 131.509490967 -28.6134967804 7.60618829727
8958 130.391342163 -24.2194824219 3.25974798203
8959 136.047393799 -28.1976203918 3.01975703239
8960 130.344543457 -24.0104103088 7.93196487427
8961 133.875045776 -22.1240100861 3.93954944611
8962 137.968780518 -25.8835983276 3.03197050095
8963 136.612426758 -25.7268848419 7.61832618713
8964 14.4119091034 29.3248710632 16.3275337219
8965 10.5089120865 30.5611248016 13.5249481201
8966 9.92143917084 25.5577411652 15.4994373322
8967 7.97313594818 30.8384017944 18.5856533051
8968 13.8907814026 34.5445785522 12.6760063171
8969 13.0636472702 37.5693092346 22.0358047485
8970 19.2787437439 35.2897377014 19.3744258881
8971 14.9625902176 24.4061088562 13.6504364014
8972 17.7354068756 30.6727027893 12.2129592896
8973 34.1437416077 12.4455690384 11.5567617416
8974 35.9699707031 3.25493621826 9.92391967773
8975 27.1907501221 8.81355762482 10.2435064316
8976 33.2080383301 8.33137321472 8.55582427979
8977 28.2190322876 4.71092987061 9.66089439392
8978 33.260017395 3.51424074173 6.15266275406
8979 85.3373031616 15.2872123718 42.5290336609
8980 85.1323852539 11.4493818283 45.8368377686
8981 88.4383163452 13.1095495224 41.7770652771
8982 88.7334899902 12.6229104996 47.1147041321
8983 81.7436141968 13.3301506042 45.8898162842
8984 82.3789291382 10.6250953674 43.2396392822
8985 84.1882629395 18.9912128448 45.4042167664
8986 80.4047470093 17.4010105133 42.5222244263
8987 81.704460144 14.4360933304 40.2588768005
8988 85.2811126709 11.719824791 41.2661514282
8989 112.223640442 -33.738407135 16.6945056915
8990 107.294044495 -39.1543045044 20.422706604
8991 108.149436951 -35.060131073 14.5029220581
8992 108.004524231 -39.9939041138 15.4584941864
8993 109.223182678 -44.1499557495 20.6999588013
8994 104.781211853 16.6146678925 30.6086139679
8995 114.803901672 -40.5899200439 14.8591365814
8996 102.886398315 11.9497661591 18.3632049561
8997 114.384170532 -37.6579093933 30.5239925385
8998 109.240142822 -41.5039787292 30.5306758881
8999 110.258682251 -36.0186271667 35.7612419128
9000 127.028251648 22.858127594 30.4414482117
9001 167.525817871 -20.1781234741 32.6379432678
9002 170.625442505 -19.0403747559 32.8040733337
9003 33.9690055847 -18.0560092926 33.1175460815
9004 48.0598602295 2.47236466408 16.0799751282
9005 54.6782531738 2.38746547699 33.4167175293
9006 99.1704101562 -39.4723472595 19.9503059387
9007 154.680725098 -9.31462955475 12.2467136383
9008 161.997924805 -6.86490488052 14.4404249191
9009 156.655014038 -5.57946872711 11.570734024
9010 160.297210693 -5.38623094559 11.3740282059
9011 20.2465419769 -46.5934524536 3.71680903435
9012 109.613838196 0.702188014984 33.2549705505
9013 149.83366394 15.2252464294 31.4570999146
9014 150.823623657 13.0666694641 22.4268627167
9015 151.2447052 18.3349266052 19.5598545074
9016 44.0976295471 8.58083152771 37.6477050781
9017 44.5647544861 13.5207061768 36.8178253174
9018 40.2894172668 12.3173341751 37.1449699402
9019 153.493759155 21.3590507507 19.8380050659
9020 123.283096313 -30.1105861664 32.9464302063
9021 142.386184692 -21.3933677673 13.1005029678
9022 143.057098389 -14.393901825 13.7607879639
9023 144.543746948 -16.9788990021 11.8314056396
9024 44.797794342 13.6144895554 32.3594512939
9025 49.4166908264 14.0411882401 19.1503829956
9026 44.9491157532 14.9332885742 22.421710968
9027 48.7204742432 14.4344987869 27.3471832275
9028 66.12109375 -39.8815155029 30.7788925171
9029 63.5629806519 -44.8932266235 30.749961853
9030 184.148071289 1.48612630367 29.9897155762
9031 179.985961914 2.664894104 31.9274635315
9032 180.290969849 -1.8227159977 28.4572505951
9033 181.053405762 -1.46851360798 31.9167308807
9034 182.032226562 0.999411225319 35.1935539246
9035 183.633255005 4.4399561882 33.16796875
9036 184.235809326 7.52483081818 26.673406601
9037 180.029159546 3.82634806633 24.9524364471
9038 106.130516052 13.3644752502 22.8581809998
9039 183.94442749 -1.29137444496 27.7888660431
9040 186.903656006 3.13566207886 27.1745738983
9041 189.303375244 4.30071020126 30.6805534363
9042 186.17489624 0.558107376099 33.3886451721
9043 136.484466553 -9.8685760498 11.7593660355
9044 134.99230957 -5.93562030792 11.3219347
9045 130.594726562 -7.9204750061 9.21288204193
9046 131.933624268 -4.18134021759 11.0737800598
9047 131.874191284 -4.56538629532 14.9025096893
9048 132.603561401 -9.95799350739 11.1074972153
9049 69.9037322998 2.25743341446 33.6083602905
9050 74.3712387085 0.146292984486 33.5748214722
9051 178.761810303 -23.2235603333 33.5236663818
9052 176.020568848 -24.2313785553 38.6003303528
9053 182.53062439 -19.7125453949 31.4828186035
9054 176.687438965 -21.1726531982 31.036907196
9055 194.640823364 44.0090446472 33.1769561768
9056 189.9190979 36.4188423157 31.3913116455
9057 185.701538086 39.6035766602 34.3877449036
9058 187.27192688 45.9252281189 30.7580356598
9059 188.419784546 44.5796737671 37.0549812317
9060 109.085105896 25.8534202576 34.8968086243
9061 104.142112732 27.1507778168 34.1562576294
9062 182.027587891 44.7421798706 40.0892562866
9063 185.626190186 40.6541862488 39.8790588379
9064 185.471572876 38.6608772278 28.9309558868
9065 109.082672119 12.7741041183 31.9150600433
9066 105.545280457 16.6249198914 35.906993866
9067 147.362350464 -18.2657527924 40.9964408875
9068 144.26423645 -15.4009599686 39.3898620605
9069 4.80276727676 -51.1496238708 6.68775033951
9070 149.407073975 -18.2872562408 38.662979126
9071 149.306777954 -15.1131410599 39.0022201538
9072 65.2385482788 16.1600246429 34.1430931091
9073 63.9855155945 15.1249313354 38.9545593262
9074 68.5391540527 14.2430324554 36.3940124512
9075 66.2587814331 18.9126415253 36.1152191162
9076 61.0829696655 13.3208866119 36.1271896362
9077 62.2748222351 18.3319396973 36.348274231
9078 62.1883049011 18.3155384064 31.7705497742
9079 104.850952148 7.34862804413 13.1521282196
9080 144.77671814 -3.9020383358 38.5727882385
9081 144.869552612 -6.70082712173 39.4623336792
9082 143.903106689 -12.4179830551 39.6251449585
9083 121.688667297 -41.2676086426 20.9751205444
9084 111.972892761 29.5553188324 33.7800598145
9085 85.521736145 73.6200408936 43.7654647827
9086 94.4230041504 73.7685546875 43.7610092163
9087 93.2893066406 65.8229598999 43.0202026367
9088 159.047393799 -3.90780973434 8.10925579071
9089 56.8136940002 -21.0262928009 37.5009422302
9090 33.7529220581 -2.93680953979 29.1965122223
9091 32.6012268066 -4.22487831116 21.4873523712
9092 30.8854846954 -3.6582505703 23.7896156311
9093 30.7890949249 -3.29536581039 28.2086296082
9094 32.0576705933 -6.93697071075 25.7077713013
9095 25.9533309937 -20.8106403351 12.6514911652
9096 22.7041511536 -21.8904476166 16.0654945374
9097 22.7585868835 -24.0862464905 10.0756196976
9098 26.8613529205 -26.2574806213 13.1252326965
9099 28.688369751 -22.6183815002 14.9717025757
9100 31.0420703888 -29.0574836731 9.56474304199
9101 30.5056667328 -25.2113399506 12.0149488449
9102 30.2354393005 -24.679479599 7.90780353546
9103 25.2729854584 -27.9394035339 9.53532981873
9104 28.0351982117 -32.6832542419 12.3667726517
9105 63.4628791809 -3.39856624603 15.4659481049
9106 4.3193936348 -15.6040449142 45.9407958984
9107 76.8654785156 -1.93973720074 33.3446006775
9108 78.2673416138 -5.08758974075 33.5325241089
9109 177.656768799 5.68861293793 32.7443084717
9110 152.892883301 -8.02861118317 37.0166053772
9111 82.8074035645 48.7913742065 4.55525875092
9112 76.4781799316 49.7590332031 5.45150995255
9113 80.5231323242 53.7323875427 6.25405311584
9114 182.964035034 15.3665676117 23.0205993652
9115 16.5893688202 79.9971008301 5.90771055222
9116 164.576766968 10.270108223 15.2173261642
9117 164.523544312 11.2318944931 11.2760047913
9118 166.344772339 8.24584102631 10.1251316071
9119 116.850524902 3.02177977562 33.4318809509
9120 162.061462402 13.9366207123 13.5741558075
9121 158.301620483 11.8635511398 13.2163715363
9122 136.729919434 5.05984210968 33.4747619629
9123 133.171417236 4.18753671646 33.2089500427
9124 134.827056885 8.85180473328 32.7622566223
9125 160.906890869 1.61881613731 8.05622577667
9126 158.859741211 -1.5042552948 11.1238107681
9127 157.924224854 3.20160198212 9.8246049881
9128 130.530670166 8.05391979218 32.8267021179
9129 164.316146851 -8.60247898102 34.1926078796
9130 164.663696289 -10.5056238174 31.9174900055
9131 167.254394531 -9.05752754211 34.4058151245
9132 167.13873291 -12.3944540024 35.1095657349
9133 159.116088867 6.13011932373 12.7258472443
9134 160.271820068 5.20442914963 9.48512172699
9135 157.941497803 7.20750904083 6.83122348785
9136 160.550460815 8.95834636688 10.9880199432
9137 35.6151123047 -6.6600227356 16.0608634949
9138 33.4403991699 -4.83997964859 18.772436142
9139 32.582408905 -7.34068489075 21.1065711975
9140 30.7890319824 -3.29288506508 17.4657497406
9141 47.1504592896 -20.5716362 14.1123065948
9142 149.980255127 2.04235053062 7.94397544861
9143 150.305877686 -1.59429299831 6.89421463013
9144 47.1759223938 -14.5863552094 9.60292816162
9145 47.4884986877 -20.5802822113 10.3071937561
9146 18.6568965912 -5.15115070343 4.34761762619
9147 50.1891365051 -18.4012889862 11.4727611542
9148 139.755767822 13.8832111359 13.7173252106
9149 62.0478057861 -4.93130874634 38.7580795288
9150 65.0811157227 -6.84898328781 38.4639930725
9151 62.8632202148 -7.6744852066 40.653301239
9152 11.9855098724 85.1286468506 9.94108200073
9153 161.959747314 25.6074047089 30.2296295166
9154 166.601165771 28.2874755859 28.6753978729
9155 161.652282715 29.1801319122 27.5930709839
9156 161.338531494 29.6993236542 33.4641799927
9157 158.523788452 20.5578746796 34.9333877563
9158 101.511962891 -16.0327301025 12.002407074
9159 104.463485718 -14.2566680908 12.650478363
9160 156.014556885 25.6422595978 34.7243804932
9161 157.676696777 26.8420124054 30.2733707428
9162 152.957595825 23.2674865723 30.1023578644
9163 104.125663757 15.097568512 26.4844703674
9164 143.28717041 25.7323226929 34.8003921509
9165 139.740463257 22.9798069 35.3370513916
9166 144.743484497 17.248500824 31.1588134766
9167 152.511810303 23.6637592316 35.2248382568
9168 73.3521881104 -66.1435241699 25.6590442657
9169 73.9636154175 -64.5751037598 32.2478485107
9170 78.8618927002 -69.6266326904 18.6821708679
9171 81.0302734375 -70.2998657227 24.8202285767
9172 83.443321228 -66.2269668579 18.1553344727
9173 78.2394332886 -61.5148200989 22.7920627594
9174 89.5976715088 5.6199388504 17.1403541565
9175 92.2977981567 8.02194976807 17.9525032043
9176 87.3229675293 9.93337154388 15.6404428482
9177 90.0288467407 5.54551935196 12.1672821045
9178 92.4703292847 8.87633323669 13.4049530029
9179 38.6139717102 -6.53773641586 11.2463760376
9180 23.7134113312 69.7995300293 17.7981204987
9181 18.8466148376 71.2862014771 12.4958047867
9182 25.6384525299 72.2575302124 11.9652471542
9183 24.3556861877 63.8668823242 14.6995897293
9184 103.188735962 53.8992996216 37.56690979
9185 99.759262085 59.2846794128 34.9323730469
9186 97.1756973267 55.5690612793 37.544254303
9187 102.223655701 61.9811782837 43.5506324768
9188 10.9114112854 73.133605957 7.5057849884
9189 64.0784606934 -20.8141212463 11.7485313416
9190 60.978717804 -23.2979164124 11.7624540329
9191 61.8521118164 -26.2389259338 10.039978981
9192 62.5724639893 -29.1158046722 12.5461769104
9193 123.445701599 -12.5339279175 36.5680656433
9194 166.825897217 27.4290676117 34.3681526184
9195 122.89238739 -14.8847808838 39.0918540955
9196 126.274665833 -15.7443161011 38.6812820435
9197 129.759338379 -45.7327423096 25.5776634216
9198 134.80569458 -47.814289093 20.1543655396
9199 131.517028809 -52.6150817871 22.1911487579
9200 93.073097229 14.4509525299 30.7815761566
9201 79.6519775391 -45.1037559509 30.2302379608
9202 75.6543960571 -45.8533172607 30.5423965454
9203 70.2480010986 -37.4727592468 28.9792518616
9204 11.6859579086 -105.012184143 7.87296056747
9205 101.360061646 -50.0626144409 18.4356746674
9206 98.3302154541 -49.4537124634 15.9342355728
9207 105.857948303 -49.8515663147 15.6573896408
9208 102.110939026 -48.9625053406 10.5167970657
9209 99.1320114136 -46.4481048584 21.5874519348
9210 101.742507935 -53.9066200256 12.0468559265
9211 102.648910522 -53.5049705505 23.4042415619
9212 95.6478042603 -55.0578994751 18.6447715759
9213 97.6227111816 -52.1404418945 25.9089832306
9214 101.236732483 -55.0020599365 18.0918121338
9215 190.671813965 -4.92652463913 28.3215484619
9216 127.004562378 8.83552932739 13.316775322
9217 194.85357666 68.1305541992 40.6096611023
9218 111.262458801 5.1642575264 32.3904838562
9219 112.890556335 9.89261817932 37.0104064941
9220 109.220909119 8.33122158051 32.0809364319
9221 108.037231445 8.23202037811 36.7568473816
9222 35.4569702148 -21.7392158508 41.5384140015
9223 74.0432128906 -16.0764846802 6.22032403946
9224 73.9471359253 -19.7074832916 7.30464935303
9225 73.2069778442 -20.2010707855 2.57901024818
9226 77.1036987305 -18.5062503815 3.26376008987
9227 70.6707229614 -16.9845046997 3.07814121246
9228 76.1207351685 -13.5791454315 7.30777549744
9229 75.866027832 -13.0539417267 3.39067864418
9230 71.3517913818 -17.5593986511 7.49152135849
9231 71.9639129639 -13.7681055069 3.99766755104
9232 162.442901611 -104.427978516 44.0892410278
9233 157.48135376 -104.829818726 40.6836242676
9234 19.4999904633 15.4563779831 31.6515026093
9235 12.5857152939 20.8973445892 29.4961147308
9236 16.2205619812 22.6531448364 36.0431785583
9237 13.6793556213 10.1616430283 29.5137329102
9238 17.9972057343 8.42632198334 28.0820140839
9239 17.3183670044 11.118265152 33.1631851196
9240 13.0468263626 15.2078056335 29.525352478
9241 173.673065186 3.9041595459 37.9701652527
9242 177.84173584 0.998980939388 36.8601493835
9243 174.340682983 5.20470762253 34.5766029358
9244 180.226379395 4.95924901962 36.7107772827
9245 168.824157715 6.01770496368 37.8099861145
9246 170.127822876 2.87742066383 35.9176750183
9247 178.222061157 8.81264591217 36.586517334
9248 174.824295044 8.92665481567 39.0520362854
9249 32.8064117432 -24.1196975708 38.4129371643
9250 36.0560722351 -30.9865112305 33.4157829285
9251 35.0738105774 -10.6923561096 23.1657810211
9252 119.885559082 -0.297845900059 37.4491539001
9253 21.7529468536 53.4728279114 19.5025100708
9254 19.2284221649 46.372428894 17.152048111
9255 16.6393375397 51.1556663513 17.332403183
9256 14.2088880539 46.5630607605 21.9619293213
9257 19.3589096069 54.2176856995 25.9333343506
9258 156.415008545 -15.0591993332 7.27817201614
9259 158.413101196 -14.3654880524 5.56502532959
9260 154.90977478 -13.1139211655 5.44332122803
9261 157.716949463 -9.6053981781 10.5752439499
9262 155.514953613 -8.98098182678 7.93073701859
9263 115.081634521 19.3495674133 35.5378074646
9264 61.8359870911 -13.6428194046 12.9638128281
9265 63.3545303345 -9.58405971527 11.1786384583
9266 62.3806304932 -12.904001236 8.9804983139
9267 157.535629272 3.76250910759 14.627448082
9268 154.917984009 5.4058432579 11.9478445053
9269 155.17741394 8.80722904205 8.3346157074
9270 58.5706939697 -13.6863327026 10.9038047791
9271 160.793060303 -1.30061364174 5.28282546997
9272 162.29876709 -4.79363203049 7.76169776917
9273 163.521133423 -2.40394926071 4.87541532516
9274 165.373245239 -0.96997743845 8.26044940948
9275 164.698608398 2.08059811592 9.03423690796
9276 163.400863647 0.478270739317 5.54645824432
9277 74.5179519653 -23.6709899902 11.8439226151
9278 58.9297218323 -10.6132287979 7.30942106247
9279 77.5035400391 -21.4302864075 7.70556688309
9280 102.532798767 72.9012374878 44.0453987122
9281 58.5826301575 -13.7690544128 6.23642301559
9282 62.0596389771 -12.5888566971 5.94693279266
9283 64.8644790649 -13.428103447 7.37518358231
9284 63.0827064514 -9.91536617279 7.33206319809
9285 41.3290634155 6.23590135574 35.5219612122
9286 82.9305877686 -10.1084909439 39.8745002747
9287 81.530166626 -7.12309598923 42.2828140259
9288 81.876625061 -7.18073320389 37.9136161804
9289 82.0355987549 -10.3507976532 43.4324493408
9290 85.349571228 -8.88140106201 42.3294143677
9291 36.8465156555 5.51334667206 36.4780769348
9292 160.310821533 5.07938337326 41.3109283447
9293 162.260604858 0.0913894623518 42.2254829407
9294 163.132049561 6.68849468231 40.2145805359
9295 165.02835083 2.18683600426 41.5303649902
9296 49.9941139221 -0.232462868094 15.543088913
9297 136.262023926 -21.1968898773 34.4603652954
9298 173.81854248 -20.1373062134 25.9975776672
9299 169.406158447 -17.6328811646 25.6128997803
9300 173.914474487 -20.7032012939 20.9507827759
9301 80.0080795288 -13.8602952957 37.2859611511
9302 80.5696563721 -13.9022254944 41.6762199402
9303 78.2581634521 -9.85900783539 42.1209907532
9304 52.3560295105 -35.7574729919 17.8927898407
9305 55.1898002625 -38.9275131226 22.0304508209
9306 51.3410110474 -39.0039825439 19.6708393097
9307 54.9420776367 -45.4523620605 19.6770153046
9308 57.2093353271 -42.6737480164 25.2194366455
9309 59.1951522827 -36.0793914795 18.7910804749
9310 164.988388062 -10.4063091278 18.4464454651
9311 194.495452881 66.5405502319 22.7296924591
9312 195.039016724 -71.03515625 18.2084922791
9313 29.418302536 29.6739349365 24.6473407745
9314 29.0258541107 30.3046302795 16.4455928802
9315 29.3691959381 35.6983375549 21.7322788239
9316 24.5275230408 34.2172355652 23.2322540283
9317 29.1658973694 35.8304710388 26.9550113678
9318 81.0727844238 -10.0678386688 35.5451965332
9319 84.4327011108 -13.2629756927 37.6922569275
9320 140.179931641 -41.6775360107 14.5266904831
9321 134.991317749 -35.9445877075 8.81706523895
9322 145.610244751 -37.4413337708 13.7121486664
9323 102.560775757 20.0697669983 29.8617076874
9324 3.29260396957 -4.76092767715 8.98323154449
9325 101.375724792 24.2431697845 32.0988311768
9326 98.1870040894 21.5676784515 30.107749939
9327 14.031621933 -5.32697343826 4.12769985199
9328 8.60264015198 23.3042411804 20.7536582947
9329 8.39144325256 29.3925075531 25.654006958
9330 119.241722107 27.1554870605 29.226102829
9331 17.3977088928 10.7985639572 41.4884986877
9332 18.9267692566 12.4535169601 45.9893455505
9333 21.6132946014 16.0887680054 42.7285232544
9334 16.0201854706 16.5641422272 45.2117385864
9335 47.5233154297 -20.0361309052 3.3800599575
9336 53.7860031128 -41.8541564941 14.976398468
9337 58.5644950867 -43.5722007751 19.9145507812
9338 31.1663684845 -56.2002296448 45.508934021
9339 56.3871841431 -39.2637443542 16.4254684448
9340 172.785568237 -7.73634958267 12.8603725433
9341 193.636993408 84.3077011108 33.1824226379
9342 62.3295249939 -41.0338439941 19.8273353577
9343 59.3019714355 -42.734664917 15.0134057999
9344 57.3592376709 -35.5145072937 14.3637266159
9345 59.8430213928 -42.067150116 10.0189695358
9346 57.1164741516 -36.6757087708 9.46154308319
9347 53.0109481812 -35.8724937439 13.3865251541
9348 54.3201675415 -41.0526771545 9.57698249817
9349 175.986206055 11.3464603424 16.5636138916
9350 125.416992188 -23.1641254425 37.8540840149
9351 28.559299469 -34.5855903625 2.75106143951
9352 33.4322967529 -33.8495941162 2.85521101952
9353 174.18977356 12.097694397 11.7724647522
9354 178.81161499 11.8345680237 11.2356681824
9355 180.433303833 13.3894081116 16.3570995331
9356 4.87795877457 31.469171524 18.9034175873
9357 45.678237915 -4.37267971039 12.5182819366
9358 172.506195068 -14.1223716736 10.2324075699
9359 171.655700684 -11.6943016052 10.4752206802
9360 95.479675293 85.8405990601 22.8101863861
9361 5.0715136528 50.0649642944 44.2869567871
9362 24.3244380951 -1.57201778889 5.01176261902
9363 20.6550655365 -1.22118198872 3.25528025627
9364 23.9700965881 1.84582161903 3.17731690407
9365 23.4056072235 -0.791673898697 2.24748802185
9366 5.04520082474 22.5973300934 40.3693656921
9367 186.96206665 20.0885753632 21.8754863739
9368 185.353927612 27.7173557281 19.8531551361
9369 190.653335571 23.9413642883 19.6835346222
9370 184.740158081 21.3192081451 14.1707162857
9371 98.969543457 -4.2828950882 11.5909090042
9372 129.123428345 -22.2188568115 38.1956787109
9373 29.4060649872 28.9782886505 44.3026771545
9374 31.6797771454 25.5633850098 46.0583496094
9375 27.8502883911 23.0678195953 45.9245452881
9376 29.3112564087 22.911233902 40.1070251465
9377 2.98926758766 -3.2173769474 19.5230255127
9378 7.26152896881 -2.22534179688 4.71929836273
9379 45.0047035217 -29.0053405762 36.8551368713
9380 104.706489563 67.4307022095 41.9290161133
9381 115.942092896 -21.32554245 38.5525627136
9382 116.441337585 -16.8236427307 38.3035621643
9383 54.5272254944 -6.50639915466 10.5981273651
9384 56.1993637085 -10.1951875687 8.82262229919
9385 155.67729187 -51.6212272644 3.93772673607
9386 167.485137939 5.31995677948 2.7378988266
9387 164.962738037 -14.0157155991 30.9394283295
9388 164.788131714 -12.9897108078 27.7984600067
9389 168.631149292 -15.9812440872 28.006860733
9390 169.407974243 -16.5312786102 33.7929420471
9391 167.960037231 -14.4407434464 30.3552837372
9392 172.532058716 -7.48843574524 4.35205984116
9393 169.678573608 -8.2304058075 2.15308380127
9394 172.669921875 -5.39481163025 1.79418587685
9395 185.864761353 2.8379073143 46.6000938416
9396 182.525268555 -0.538343071938 47.0139846802
9397 173.094009399 -10.0479927063 42.8678207397
9398 127.33139801 -12.6250925064 14.9656534195
9399 182.179794312 -14.75593853 12.7274417877
9400 181.204742432 -17.7778606415 12.7409591675
9401 179.557632446 -14.5896711349 11.6134624481
9402 182.901367188 -14.730676651 8.82598876953
9403 167.961883545 -15.3419809341 37.1017341614
9404 167.953125 -16.2515087128 40.9161491394
9405 168.16116333 -12.3510427475 39.0166244507
9406 169.815261841 -14.1193590164 2.19329333305
9407 167.358963013 -15.6120567322 2.38075995445
9408 169.932739258 -13.2123241425 4.47259950638
9409 167.265197754 -12.9624738693 2.32842588425
9410 169.965316772 -17.3942947388 36.6306610107
9411 194.926605225 -70.7902297974 35.6380462646
9412 167.38067627 -9.66878128052 29.8887424469
9413 167.876647949 -6.06798124313 29.9474182129
9414 167.392822266 -7.32592725754 32.2693367004
9415 194.778274536 -69.224105835 42.9255828857
9416 123.680076599 21.0272502899 30.4641799927
9417 121.177093506 24.1832027435 34.9577140808
9418 180.5128479 -5.28194189072 26.1425189972
9419 88.7543182373 39.9937973022 5.79572629929
9420 116.770507812 -14.2164716721 33.9556770325
9421 196.728424072 -16.8688392639 46.5955619812
9422 189.915756226 18.9318294525 15.4873504639
9423 190.770339966 12.2837944031 16.3775138855
9424 194.714233398 13.556801796 13.4145460129
9425 194.701141357 18.4479999542 19.3537960052
9426 195.747085571 -42.3635253906 24.8670578003
9427 182.258468628 -22.5295715332 3.35764551163
9428 186.064331055 -22.613243103 3.66024756432
9429 119.308624268 -19.6839027405 34.0718383789
9430 102.980583191 -19.5012454987 10.588470459
9431 102.496177673 -22.4349784851 12.0533361435
9432 180.501754761 -14.9307870865 16.116601944
9433 195.365249634 -60.7436141968 15.2831392288
9434 106.630592346 -21.9660320282 7.90091848373
9435 107.224838257 -21.2876358032 11.5209693909
9436 103.337043762 -21.5181980133 7.02708148956
9437 105.83278656 -18.8928146362 7.30340909958
9438 154.078018188 17.4462451935 9.01096153259
9439 151.309967041 15.0565366745 4.51250505447
9440 151.089538574 18.3577079773 3.37802219391
9441 154.315689087 17.192609787 4.08163022995
9442 105.747077942 -18.3201370239 11.2907619476
9443 104.263664246 -14.5212631226 8.15143966675
9444 48.4931526184 -8.59453010559 47.5735740662
9445 113.148216248 -15.2461853027 37.9474601746
9446 23.1234073639 -14.6400442123 45.1828308105
9447 4.67045688629 12.55722332 18.6503658295
9448 120.645446777 -12.8380613327 38.433391571
9449 186.620758057 -69.1612472534 45.2283172607
9450 195.454879761 -104.502685547 46.0401992798
9451 58.1854972839 -105.001327515 22.1751651764
9452 39.162437439 -74.5218963623 44.6549797058
9453 14.5257787704 -14.7092618942 46.2621688843
9454 4.84731769562 -25.4349536896 39.5502204895
9455 75.4219512939 -104.560829163 37.3335494995
9456 97.1082229614 -25.5970306396 35.0689888
9457 98.6800765991 -29.3882732391 35.9076271057
9458 94.3360290527 -29.0309448242 32.1544952393
9459 100.028030396 -23.6276035309 38.0094528198
9460 95.648651123 -105.143997192 22.2624931335
9461 33.1546401978 -40.2724838257 4.16506147385
9462 49.5250816345 -104.730834961 12.8237190247
9463 174.742126465 -15.7712612152 9.39827346802
9464 113.141662598 -74.2947235107 36.8181800842
9465 112.799835205 -75.6313552856 45.1750602722
9466 106.651779175 -76.6559677124 43.80834198
9467 108.95337677 -80.9129562378 41.8944892883
9468 171.167221069 -48.1344718933 33.0019416809
9469 166.809310913 -51.146484375 33.4453201294
9470 194.182144165 -74.3293533325 13.6811532974
9471 194.47088623 -80.5357894897 13.7477388382
9472 180.174484253 -104.754623413 34.1435508728
9473 140.580688477 -104.108757019 5.65974569321
9474 166.946502686 -104.543617249 23.5339317322
9475 5.90300178528 -104.221260071 15.0328712463
9476 18.9735336304 -71.755859375 44.559551239
9477 7.08085870743 2.06044912338 31.7181758881
9478 85.4189224243 -1.2392553091 46.919921875
9479 84.4049911499 2.68970060349 46.1166954041
9480 87.8167953491 0.679836809635 46.151473999
9481 59.2658004761 -15.0713367462 36.2686386108
9482 60.8151855469 -18.0530109406 37.5409889221
9483 58.635799408 -12.9849271774 38.7298316956
9484 16.8820991516 -24.314163208 30.5131855011
9485 17.2706775665 -24.134595871 34.9073410034
9486 11.6470270157 -27.4357414246 29.946937561
9487 114.185844421 -100.710479736 18.8031673431
9488 117.276535034 -104.833755493 15.8129110336
9489 115.285583496 -104.826515198 23.1073856354
9490 109.651199341 -104.842399597 22.1634578705
9491 58.4111633301 -17.1453552246 39.807220459
9492 172.208557129 -35.0697631836 2.96132254601
9493 69.5788421631 -12.1149625778 15.7920532227
9494 78.1803283691 -105.070999146 5.75216293335
9495 173.653503418 -5.14780902863 37.5257225037
9496 172.938262939 -8.29133319855 36.7694282532
9497 17.7732505798 -14.6972007751 46.0648040771
9498 22.3261680603 -16.1605854034 47.03150177
9499 21.2648391724 -15.3751029968 43.3038825989
9500 5.67285776138 31.5945453644 7.18136310577
9501 9.53489971161 -14.6058969498 9.88087558746
9502 8.05074501038 -17.149723053 12.2438020706
9503 24.9237957001 -28.5814647675 33.2008514404
9504 36.1057510376 12.3290786743 33.4842796326
9505 37.3690757751 14.0558185577 36.8725280762
9506 31.2517623901 -105.370040894 21.885509491
9507 35.8916549683 -105.119354248 19.2332439423
9508 20.016916275 -28.5676937103 34.7332878113
9509 20.832862854 -26.2921466827 40.0984191895
9510 23.7336120605 -31.1015968323 38.7248420715
9511 23.1596050262 -24.4118595123 37.4045753479
9512 34.7621955872 15.8745965958 31.8546638489
9513 35.304649353 10.4830646515 39.1378479004
9514 33.5611419678 7.62673997879 36.8034973145
9515 28.530620575 11.4565963745 34.0496406555
9516 8.27924346924 -14.7331066132 28.6499080658
9517 5.07445001602 -14.8184232712 28.7106590271
9518 113.4063797 -86.7055282593 42.5011367798
9519 121.478492737 -87.1782226562 42.6163864136
9520 3.02759122849 -17.2149791718 3.688382864
9521 25.156419754 13.0063743591 3.47017359734
9522 3.75848650932 -1.9280680418 23.4650802612
9523 4.73366308212 -17.8246383667 16.2351284027
9524 4.1203584671 -16.2713546753 20.1592254639
9525 8.42981719971 -5.11566209793 36.2730674744
9526 27.0354290009 -10.2704296112 28.1850128174
9527 5.77310943604 -57.8734931946 44.2366867065
9528 10.7583694458 -60.8643836975 45.5517654419
9529 126.00566864 -12.1903448105 46.6023483276
9530 129.486175537 -9.96771335602 46.0998382568
9531 128.256210327 -12.282002449 47.7725601196
9532 129.122741699 -14.2007522583 43.2568778992
9533 30.2403755188 -13.7914819717 47.8223266602
9534 24.0610084534 1.85235238075 46.8370475769
9535 81.9056091309 -49.5194892883 27.7554779053
9536 11.2972793579 -5.37567520142 31.8955688477
9537 16.6181240082 -5.26283073425 31.3965778351
9538 12.3687210083 -5.21881151199 28.2071857452
9539 83.2391204834 -47.1453361511 20.1422901154
9540 39.529624939 80.50050354 43.9333114624
9541 32.9927024841 85.166519165 40.5003089905
9542 30.5521907806 80.4374694824 43.6071548462
9543 28.10197258 -10.8021888733 48.1015777588
9544 4.75211620331 77.4403839111 11.3988351822
9545 4.54803180695 58.7858390808 24.49102211
9546 75.4734649658 39.0645141602 46.0097732544
9547 71.7513885498 42.4212493896 44.8666229248
9548 38.2715911865 -53.1480712891 5.022128582
9549 41.720451355 -49.5205764771 3.81330156326
9550 42.8679084778 -54.8085403442 4.41934156418
9551 176.544647217 6.00831365585 2.76060438156
9552 184.417037964 -5.24536466599 7.20492935181
9553 130.804367065 -86.5045928955 6.87844467163
9554 132.905334473 -79.5265808105 4.42077159882
9555 169.506469727 -66.1620254517 44.674571991
9556 176.029769897 -5.26827287674 7.82624578476
9557 14.8399868011 -24.3403244019 26.2741718292
9558 13.8087806702 -21.2629299164 29.1562900543
9559 95.7858734131 -104.566131592 13.0639638901
9560 170.045150757 -3.42451190948 2.39359354973
9561 167.394134521 -4.39715719223 2.36535716057
9562 178.438171387 -5.028028965 31.7890777588
9563 177.174377441 -5.15960502625 33.6404075623
9564 180.299606323 -5.23554325104 33.480381012
9565 194.46522522 -33.0721740723 33.3455619812
9566 195.145050049 -38.306350708 36.7494049072
9567 171.557067871 8.24432277679 6.21085691452
9568 174.548309326 12.5008516312 3.42324352264
9569 173.769348145 8.5910577774 2.82612657547
9570 170.811981201 11.1677007675 2.9543235302
9571 178.69670105 -5.27447462082 39.9859046936
9572 71.9829864502 -32.8651809692 31.4560623169
9573 68.2572860718 -6.4101600647 36.7505683899
9574 172.196975708 -77.5116653442 5.48340415955
9575 167.290634155 -75.2596511841 5.12459468842
9576 145.164718628 -47.0749778748 3.98016381264
9577 39.0636940002 -25.9513225555 47.1119689941
9578 123.582595825 -86.8706054688 5.88128376007
9579 122.990097046 -92.9629821777 4.91158723831
9580 172.792709351 -10.3418493271 18.7803096771
9581 172.920028687 -17.5709400177 15.0225563049
9582 4.9508471489 -34.0673751831 19.2459011078
9583 68.5187988281 -3.72907567024 35.1056900024
9584 150.313796997 0.381246656179 1.8662135601
9585 163.578536987 -39.3688316345 3.80006313324
9586 152.045379639 -82.0686721802 36.8421516418
9587 153.267379761 -82.1504440308 43.8382873535
9588 146.720291138 -81.9067459106 43.5167121887
9589 149.911880493 -86.7021713257 42.1714401245
9590 157.660491943 -104.336074829 16.7396774292
9591 168.250396729 -14.7667474747 21.5500259399
9592 84.7169494629 -0.9727871418 11.9793977737
9593 84.7419967651 -0.924540936947 7.61765527725
9594 81.2509002686 -0.0942295119166 8.09916877747
9595 82.9257125854 2.86785244942 8.1052942276
9596 148.565933228 -10.7828245163 2.02860808372
9597 135.72328186 -21.2064819336 46.2271614075
9598 133.554199219 -20.5359325409 47.352596283
9599 25.5023460388 -35.5649452209 4.89680480957
9600 24.7758808136 -32.7562828064 3.34792518616
9601 21.5227890015 -61.5966453552 46.3681297302
9602 5.23624944687 -79.2194595337 6.82125043869
9603 24.5039691925 -15.6719846725 2.96677732468
9604 50.1099853516 -10.8469419479 47.9039344788
9605 3.87454581261 -26.146446228 15.1316165924
9606 46.9631690979 -33.7052230835 45.7270317078
9607 143.152877808 14.9101266861 42.8653144836
9608 141.154663086 10.8887033463 46.7863731384
9609 146.034469604 12.071849823 45.3314933777
9610 142.28326416 15.008644104 47.3899803162
9611 164.742370605 0.120625779033 2.5660879612
9612 100.723640442 48.7963867188 36.5822906494
9613 101.074424744 49.1583328247 43.2123527527
9614 174.208938599 26.3809394836 22.6683597565
9615 170.705368042 30.4911346436 26.7416496277
9616 171.892288208 25.5065078735 28.7690048218
9617 166.375091553 29.1509723663 22.9488754272
9618 9.01127815247 -5.19030952454 15.5385198593
9619 4.27093219757 -3.99205064774 14.5802021027
9620 27.771905899 -8.03423118591 1.71820938587
9621 5.13817501068 50.5124702454 7.82055044174
9622 161.933929443 -4.33526754379 47.8742141724
9623 148.738052368 -12.9216194153 3.66067790985
9624 146.064025879 -14.3279495239 2.43128442764
9625 133.78604126 -22.0168857574 12.1022529602
9626 129.404907227 -20.5382499695 12.333776474
9627 144.40776062 14.738278389 3.03789377213
9628 80.3564605713 -69.3868865967 6.3146648407
9629 142.935470581 -10.8423099518 2.20329189301
9630 40.7864990234 -5.54772663116 47.7587127686
9631 22.903553009 -14.727107048 12.7400226593
9632 194.930923462 -52.4647140503 42.9333305359
9633 148.750030518 -39.0300827026 3.65908312798
9634 145.807403564 -37.5156898499 4.60625123978
9635 145.655334473 -42.9625434875 3.22080421448
9636 145.126190186 -41.902721405 9.38432598114
9637 174.421005249 -4.36311149597 48.0296363831
9638 194.509216309 -87.7799682617 5.74240493774
9639 194.468688965 -79.4938049316 8.55779933929
9640 177.497421265 -24.5945281982 12.9702177048
9641 174.369628906 -21.4367275238 16.48919487
9642 177.739044189 -21.1894340515 18.0328712463
9643 176.199356079 -18.460521698 12.8002548218
9644 178.163986206 -17.8058433533 15.7634496689
9645 180.903945923 -22.4158782959 14.9590082169
9646 173.407989502 -28.1803703308 14.358663559
9647 174.465988159 -24.9009914398 15.4544944763
9648 174.293563843 -22.4681625366 12.739566803
9649 183.991989136 -24.9085597992 12.8611822128
9650 96.9022674561 41.8338890076 3.71088600159
9651 177.724685669 -20.7501945496 10.678191185
9652 174.144622803 -23.4277973175 8.88008213043
9653 15.5291795731 -63.7646255493 28.0000514984
9654 9.67000675201 -61.7366256714 24.4801502228
9655 20.7055511475 -61.8947410583 23.7762012482
9656 27.2578163147 -66.357635498 24.3917827606
9657 26.905916214 -60.7070388794 25.3003864288
9658 21.8366184235 -64.8463592529 28.7618408203
9659 174.401763916 32.876159668 45.0435066223
9660 59.1208953857 4.0339384079 3.96234345436
9661 170.983551025 -63.7737617493 4.15296173096
9662 170.752593994 -57.1856193542 5.06094551086
9663 194.902206421 72.5356140137 45.1802978516
9664 25.1702537537 -60.0206947327 18.7548828125
9665 24.7907009125 -53.5302200317 25.4867916107
9666 19.4033718109 -57.7917480469 29.9344825745
9667 161.329208374 33.6957130432 5.64091300964
9668 161.866073608 28.2852230072 5.0657043457
9669 153.603363037 78.4918289185 36.8089141846
9670 151.245727539 80.0838546753 43.753742218
9671 149.81690979 84.3262786865 35.3766899109
9672 145.457260132 80.1669311523 43.782497406
9673 136.046585083 47.5457801819 43.4728965759
9674 95.038734436 16.2627429962 19.1251716614
9675 12.906744957 -0.077497728169 16.0458908081
9676 13.4964704514 -5.20818042755 13.790517807
9677 16.0700893402 -5.01747322083 15.2398796082
9678 147.835861206 -3.81473445892 38.8155632019
9679 84.4959716797 -13.412194252 2.9124686718
9680 145.333648682 9.70102500916 2.55839276314
9681 105.623397827 -26.3413543701 47.4832839966
9682 136.557769775 -32.6699905396 2.60450005531
9683 65.5341033936 -16.3431034088 2.89548373222
9684 194.491531372 -51.0991096497 12.6017513275
9685 194.658615112 -52.6030464172 18.1942405701
9686 60.3825492859 -47.0859527588 15.2357025146
9687 65.127822876 -43.2868385315 14.2062425613
9688 172.833847046 -9.71631908417 28.471578598
9689 153.418777466 -59.1941680908 21.8359718323
9690 102.898796082 -58.8800849915 4.53040122986
9691 68.311126709 15.120349884 45.75522995
9692 73.5674819946 12.8294630051 45.5444984436
9693 63.9885520935 -21.615234375 47.8425254822
9694 132.36491394 -15.5846424103 2.11770915985
9695 159.098693848 12.2607593536 31.8364639282
9696 132.290542603 -13.4892721176 47.1743659973
9697 94.3950424194 -42.0044784546 4.32135534286
9698 95.0621490479 -25.6861820221 16.8814678192
9699 174.471054077 -43.3463859558 4.20972585678
9700 5.7365322113 -3.13371801376 11.6128425598
9701 78.2563018799 -53.873916626 5.10735654831
9702 101.665786743 -52.7434196472 5.86504554749
9703 105.044242859 -59.8320007324 12.1542329788
9704 97.6408843994 -57.9479522705 4.86140441895
9705 87.2282333374 -78.5193710327 3.97501254082
9706 164.275100708 -13.0580558777 45.8252449036
9707 164.77494812 -14.3504648209 48.0580635071
9708 164.83215332 -11.3308343887 48.0429763794
9709 162.194076538 -13.040804863 47.9484329224
9710 146.824935913 11.7040290833 31.4163722992
9711 146.532165527 12.6417179108 35.9561767578
9712 151.266296387 11.3715963364 36.0247764587
9713 190.08303833 -73.9616165161 21.447977066
9714 183.958221436 -73.244682312 20.6903648376
9715 186.706466675 -68.1082687378 21.3499412537
9716 190.229446411 -67.6061477661 15.9467153549
9717 119.483078003 -63.3955383301 4.07388448715
9718 105.028396606 -31.1506538391 3.26303863525
9719 121.994895935 -105.213005066 32.8801879883
9720 128.606338501 -104.572502136 31.8821277618
9721 105.015258789 -104.608230591 22.6115818024
9722 191.496002197 -103.892189026 6.10832738876
9723 194.515777588 -95.2353973389 6.77645921707
9724 53.581829071 -9.16842269897 3.28925013542
9725 53.7444000244 -9.34867572784 6.78505325317
9726 54.3488578796 -6.30404853821 6.67935943604
9727 5.20697498322 -59.5268135071 22.8711910248
9728 6.37150430679 -70.1915664673 7.43974399567
9729 32.1946144104 -72.6656417847 44.7326660156
9730 4.84543180466 -65.1976852417 24.3859615326
9731 5.21258211136 -62.1835975647 18.1308708191
9732 41.7992897034 -104.996688843 7.42978334427
9733 39.050453186 -98.7241210938 5.75306177139
9734 48.5584220886 -100.251487732 6.4223074913
9735 32.53125 -34.2173271179 46.9239234924
9736 180.723907471 67.2095184326 5.97770023346
9737 115.879852295 10.5469293594 3.34516620636
9738 21.2101631165 -71.2160873413 4.12183952332
9739 165.0390625 -6.60446119308 23.4984817505
9740 87.0886459351 -104.620948792 21.8215065002
9741 168.875656128 -2.83902597427 28.4334068298
9742 167.959243774 -6.8056473732 25.8944282532
9743 30.1636772156 -24.7042980194 40.9535102844
9744 60.4943199158 -91.9388275146 5.58711051941
9745 5.48785877228 -60.4648971558 28.7707500458
9746 28.0753936768 -27.5816459656 40.4630241394
9747 28.5374794006 -30.5626735687 38.6274147034
9748 28.8545227051 -31.1329975128 42.9583396912
9749 38.0829238892 61.5332946777 45.2269248962
9750 26.8880710602 -27.5964412689 36.5967178345
9751 78.8639526367 85.4638900757 42.1378211975
9752 165.184906006 -47.3244628906 4.55361318588
9753 126.067985535 -67.8715286255 44.7760276794
9754 147.143875122 -74.4036941528 44.9683036804
9755 169.393127441 -49.1709060669 45.5652809143
9756 131.023223877 -104.675216675 14.0918416977
9757 172.23828125 -59.4719734192 45.4487419128
9758 195.365127563 22.579990387 16.3877410889
9759 153.192657471 -5.95769309998 13.2281169891
9760 161.613372803 -18.6574172974 47.7316017151
9761 195.401489258 41.2721710205 29.0656700134
9762 145.099517822 38.3381881714 4.43793344498
9763 161.353668213 65.0514984131 42.8252449036
9764 194.678024292 71.1129608154 34.4165000916
9765 5.5442814827 77.5266723633 40.6302680969
9766 179.26361084 77.9944763184 36.7062225342
9767 185.21257019 79.8602371216 34.2726478577
9768 177.041213989 80.1407318115 29.783946991
9769 178.966918945 84.3480529785 34.3193740845
9770 189.988098145 63.5235671997 42.7233848572
9771 56.4865264893 -50.3745689392 19.1212978363
9772 55.7976646423 -45.6644325256 14.7889947891
9773 52.928024292 -50.896812439 16.0276012421
9774 194.830215454 59.1045303345 27.9634742737
9775 108.220039368 -45.6394004822 28.8462581635
9776 101.734939575 -42.5334396362 29.614402771
9777 105.825447083 -42.4674606323 35.3243942261
9778 105.466079712 -43.3388938904 25.1726341248
9779 102.073196411 -48.0161476135 26.742105484
9780 36.3277435303 33.5746917725 4.33616352081
9781 39.1091041565 28.4483890533 4.23797512054
9782 162.95930481 19.9794006348 46.4846954346
9783 165.458374023 23.3288440704 45.9692497253
9784 107.093063354 -49.2960777283 26.3343410492
9785 104.65120697 -49.3027992249 31.9623699188
9786 109.834007263 -53.1303901672 28.2718601227
9787 194.362197876 4.31648015976 37.2640151978
9788 197.160079956 -3.78580188751 36.5871009827
9789 113.707778931 -42.8935661316 30.1645011902
9790 184.074691772 -5.01339817047 37.3962249756
9791 50.1015663147 15.2253217697 14.7290287018
9792 129.193084717 -30.0420780182 41.2838935852
9793 127.208427429 -35.3669586182 45.1471138
9794 126.145523071 -31.4740371704 41.6448059082
9795 126.733558655 -35.6333770752 40.4789199829
9796 174.661117554 -36.9722251892 15.0578041077
9797 168.990921021 -30.0926265717 9.92451477051
9798 89.9570999146 84.1046447754 15.6007261276
9799 85.7659912109 85.004737854 13.407749176
9800 54.7491912842 -51.9860343933 24.9101142883
9801 53.7729797363 -47.0263137817 24.3656101227
9802 51.0646324158 -10.2051477432 2.91779708862
9803 157.300521851 -68.7828521729 4.83672475815
9804 53.4887161255 -55.7483291626 28.3098545074
9805 51.1398353577 -57.1143379211 22.4305839539
9806 38.3730583191 2.21559143066 47.3960838318
9807 62.6585273743 -79.1476898193 44.9620780945
9808 60.9629478455 -72.463973999 44.9038581848
9809 57.5092277527 -46.6534309387 30.4244880676
9810 58.397480011 -51.5329093933 33.5500144958
9811 41.685546875 -20.2668209076 47.2337493896
9812 40.745388031 -2.99153590202 47.731754303
9813 150.243713379 -81.5572433472 4.9675412178
9814 151.922912598 -76.0987472534 6.23658752441
9815 137.074935913 -15.9883317947 47.4474182129
9816 167.484939575 -25.2892150879 47.2630615234
9817 167.472763062 -21.6646575928 47.4072189331
9818 164.596969604 -24.0922718048 47.3761367798
9819 176.061203003 -14.7263479233 27.4356765747
9820 162.254150391 -30.0934886932 10.7592554092
9821 185.888122559 79.62865448 42.2551460266
9822 23.4566135406 6.00831365585 47.2398262024
9823 29.3555908203 -9.86989212036 39.2556037903
9824 51.3019256592 -12.3311214447 35.0917701721
9825 50.5020294189 -20.4049396515 46.9279708862
9826 53.3112716675 -17.8770484924 47.3557853699
9827 27.2493610382 -10.4245843887 34.3369903564
9828 16.8322200775 -17.5504627228 44.9359779358
9829 19.7203006744 -17.0262851715 47.5297088623
9830 175.939575195 1.85265612602 3.16297698021
9831 173.397384644 4.41426372528 2.65132880211
9832 51.0431404114 -51.1597862244 21.5932865143
9833 57.4799919128 -55.6792526245 16.3104476929
9834 157.291595459 -46.9647293091 10.0229053497
9835 160.145309448 -50.3107032776 3.64452838898
9836 157.177749634 -46.350944519 5.26519489288
9837 152.262542725 -8.91357326508 2.0723233223
9838 146.916442871 -3.95790362358 2.54290127754
9839 154.059539795 12.4014987946 3.21908307076
9840 195.088531494 33.4597740173 33.9206962585
9841 176.43687439 9.08144283295 6.59057474136
9842 158.245193481 -70.5024719238 45.5471076965
9843 84.8641967773 7.37209320068 17.6630897522
9844 148.978393555 -28.8067359924 46.4366760254
9845 38.1536216736 -7.58340978622 42.1600227356
9846 36.1024475098 -9.5896282196 45.5813789368
9847 142.805740356 -40.1301383972 3.28288388252
9848 40.6639328003 -4.43940448761 44.3628692627
9849 37.6710968018 -4.60697507858 41.556640625
9850 38.571182251 -5.90924453735 45.5576629639
9851 40.5737304688 -8.33517551422 43.4276885986
9852 35.6931495667 -6.57960414886 40.5235481262
9853 194.869094849 50.2332687378 42.9430236816
9854 9.92874145508 -27.1794109344 11.1033334732
9855 8.24579334259 -24.6276264191 17.6001987457
9856 6.68139696121 -23.6277809143 13.0678367615
9857 5.42334938049 -32.9937820435 11.2582349777
9858 188.576980591 -5.25650262833 43.1761817932
9859 181.506774902 67.5523834229 44.9750099182
9860 5.91370916367 -104.233329773 38.5700035095
9861 38.0998573303 -42.628326416 4.14668416977
9862 5.00519371033 -77.7257385254 30.9110507965
9863 4.74996471405 -46.3584747314 30.7264194489
9864 153.697265625 -30.4268836975 3.05429649353
9865 157.868774414 3.2596950531 42.2658805847
9866 158.186096191 6.66761159897 38.9661254883
9867 70.3325271606 -73.2332839966 5.94530010223
9868 8.78213405609 -39.2788543701 5.95855140686
9869 36.2463493347 -104.7394104 25.9298152924
9870 69.8996810913 -68.8314666748 43.6141929626
9871 140.609725952 54.0757293701 31.0764713287
9872 140.363464355 49.8500061035 24.9102916718
9873 145.557449341 51.9888153076 30.9499320984
9874 10.3656539917 -86.47681427 44.0983505249
9875 154.762329102 51.942440033 25.0078849792
9876 147.506942749 47.8216629028 24.8877372742
9877 126.179794312 3.53071951866 47.1486244202
9878 126.376953125 -0.331208199263 46.8532981873
9879 119.379829407 9.58549785614 4.31803941727
9880 15.6997623444 -16.0191383362 39.5505714417
9881 17.3408184052 -14.7766447067 34.5622749329
9882 20.3075332642 -14.6433849335 37.9318161011
9883 22.1985778809 -15.0386323929 40.7922439575
9884 19.5392513275 -16.6486549377 40.9086074829
9885 70.2913589478 -49.3598175049 15.8877868652
9886 96.1998825073 72.0907669067 5.65316438675
9887 5.18730688095 -78.9656600952 23.7607345581
9888 4.50064611435 -87.7065124512 26.2058773041
9889 24.9483737946 -63.0638008118 4.55208206177
9890 29.4646263123 -62.9932403564 44.3776779175
9891 42.7506065369 -68.8282546997 45.63230896
9892 177.324157715 -28.7461109161 15.3452692032
9893 184.918991089 -25.5929679871 20.5311717987
9894 185.226287842 43.1762046814 10.7910108566
9895 182.866912842 37.7568016052 10.986413002
9896 191.531738281 40.2890968323 9.96030712128
9897 188.940643311 37.1510925293 15.2203130722
9898 84.8890228271 -100.223846436 6.19127750397
9899 85.3902587891 -91.8297424316 5.27024459839
9900 78.1177062988 -92.8841705322 5.79401779175
9901 79.0498733521 3.28465342522 3.87903904915
9902 150.983657837 37.8773918152 5.61357545853
9903 101.02734375 18.080280304 46.308391571
9904 155.321334839 2.04503369331 2.41092038155
9905 193.105773926 -5.34312295914 38.5828895569
9906 191.891799927 -0.154752478004 39.3497161865
9907 193.635467529 -5.26121044159 42.2292022705
9908 195.325881958 -1.70609986782 40.8260116577
9909 50.4509735107 -76.7701568604 5.12531614304
9910 88.6147079468 8.35106658936 46.2533073425
9911 101.830551147 1.02687561512 2.80799007416
9912 52.7333564758 -44.3569641113 29.7757968903
9913 66.2198181152 -22.1414375305 46.1610946655
9914 191.678482056 0.835687875748 27.4088954926
9915 192.205245972 -4.24247074127 32.7708625793
9916 195.018035889 -3.78192901611 26.8996257782
9917 195.508743286 2.04379320145 31.3572921753
9918 135.51159668 -6.0402636528 47.1210327148
9919 58.7097663879 -21.7461910248 2.82674670219
9920 62.0437927246 -19.7115077972 3.07526803017
9921 76.916633606 1.86766660213 46.9565238953
9922 70.5417785645 1.4152251482 47.4322776794
9923 80.0303573608 -20.0991611481 2.33104562759
9924 46.1260108948 -13.2835931778 48.1134719849
9925 113.294876099 2.38154220581 41.9071464539
9926 114.823265076 5.0938372612 46.6660614014
9927 112.191673279 1.60221099854 46.8752441406
9928 116.527679443 2.46887159348 46.4680900574
9929 108.70816803 33.725353241 4.72362709045
9930 134.720245361 -16.4615306854 47.0197563171
9931 184.183944702 -4.72609758377 26.0103607178
9932 83.8130645752 25.0633296967 45.1415710449
9933 5.45600271225 76.9543228149 32.867149353
9934 28.6966972351 14.2337427139 42.3986968994
9935 29.6885929108 18.5541114807 40.8201904297
9936 26.0063991547 16.0676326752 40.1828613281
9937 27.9228839874 18.1584968567 46.193775177
9938 24.6371917725 44.2384300232 45.0484199524
9939 135.31552124 31.9687957764 45.8895378113
9940 64.3161773682 15.3921337128 47.2626075745
9941 89.3791427612 -22.8873062134 3.06719326973
9942 129.265548706 -15.4069471359 3.16568565369
9943 126.562446594 -15.8623247147 2.77102065086
9944 139.041442871 -11.9744005203 41.1693534851
9945 86.7516937256 -25.7819404602 47.3965644836
9946 120.750473022 2.43209195137 47.3271064758
9947 118.514793396 8.22078132629 46.8676757812
9948 118.593841553 6.93840837479 41.9595680237
9949 117.875511169 -13.5956869125 47.3691482544
9950 110.065620422 -39.2909049988 46.2624473572
9951 64.556892395 -46.9859771729 4.07122659683
9952 70.8035507202 -48.4347343445 10.1894264221
9953 68.5497817993 -43.9298973083 9.08798885345
9954 65.9073410034 -47.3269691467 9.97805118561
9955 117.067657471 -41.9329566956 3.89823889732
9956 57.708896637 -34.7084083557 47.3614044189
9957 58.9348449707 -39.9127655029 46.5173454285
9958 60.9788322449 -34.575592041 47.1915283203
9959 106.556930542 -21.7252445221 47.0530929565
9960 106.700584412 -18.411529541 46.3051757812
9961 101.86441803 -20.7890357971 46.9541435242
9962 88.3689041138 -57.5965614319 45.5185279846
9963 95.6451797485 -59.8376312256 45.3175964355
9964 73.9434661865 -15.4462833405 2.46673512459
9965 96.0545043945 -29.1719245911 4.39505386353
9966 94.5761795044 -26.2675418854 3.27953004837
9967 66.0811920166 -52.7964248657 15.9475126266
9968 69.5075073242 -3.2518529892 2.84760451317
9969 67.0764770508 -3.05674171448 3.69344544411
9970 75.7038497925 -7.51410293579 3.42424345016
9971 74.4502334595 14.5810346603 18.1755599976
9972 78.1683578491 15.4303817749 19.2538356781
9973 87.5755767822 -5.44034957886 47.2778968811
9974 104.737953186 84.5158004761 18.9357681274
9975 63.9970970154 -53.1922035217 33.5296630859
9976 80.8764266968 69.5325546265 33.1492118835
9977 81.1311340332 65.0992355347 25.2598114014
9978 88.6672668457 68.1292572021 27.5201950073
9979 81.5991668701 62.6844711304 31.5411643982
9980 194.849975586 -44.9886436462 36.8022842407
9981 126.493492126 -23.3246097565 12.5705404282
9982 149.694000244 -57.8805809021 4.47500419617
9983 194.69934082 -52.5585861206 23.9788551331
9984 195.087127686 -60.3891716003 27.9497299194
9985 132.156738281 85.2024078369 25.6903572083
9986 147.996002197 56.5748405457 6.23032236099
9987 157.740936279 51.1882705688 4.68372106552
9988 108.250137329 27.4717960358 2.68488097191
9989 78.9119873047 76.3414001465 29.0661773682
9990 84.9225769043 73.3586654663 29.8137664795
9991 83.9133529663 78.7237167358 34.6320381165
9992 105.016929626 44.852519989 4.64978933334
9993 86.7095108032 65.9695968628 35.0933647156
9994 63.2235984802 59.8739356995 7.67557096481
9995 71.0169525146 60.3330116272 7.45893096924
9996 29.7479019165 15.1654071808 47.1515846252
9997 65.9195175171 5.2260966301 16.5821685791
9998 191.486358643 -1.56981551647 23.857011795
9999 25.5619068146 23.3130245209 4.14219141006
10000 67.5399398804 85.2915344238 18.1413631439
10001 66.4416275024 84.7113647461 13.958442688
10002 27.0392894745 0.840117633343 47.5118141174
10003 69.7550430298 -20.6259708405 33.4304885864
10004 5.36244678497 62.6648788452 19.1776447296
10005 77.1582260132 -85.4769058228 6.06637096405
10006 94.5986862183 -52.1115989685 3.70689916611
10007 102.282226562 -48.2655944824 3.57182979584
10008 77.0309371948 -92.9866638184 45.069858551
10009 105.527107239 -105.37322998 27.6761226654
10010 124.949996948 -63.200668335 4.87165641785
10011 142.008163452 -105.010665894 30.3480682373
10012 115.214881897 55.4017677307 5.78046274185
10013 113.433242798 59.6538658142 46.1057357788
10014 34.8115310669 35.8731994629 45.3102531433
10015 126.203155518 42.6199798584 44.8352355957
10016 143.805114746 44.7745819092 5.07391834259
10017 93.7599182129 80.2912139893 43.9443740845
10018 125.807495117 84.5819168091 44.5493507385
10019 131.750717163 84.4089279175 39.6545829773
10020 4.39739513397 85.3064422607 38.3303184509
10021 59.9565238953 57.4914169312 45.3376922607
10022 159.351287842 85.0016021729 29.8593044281
10023 157.039718628 27.6963195801 25.3675937653
10024 157.167739868 23.8828926086 20.2615776062
10025 156.628601074 29.1181411743 20.6302585602
10026 86.5133590698 85.0917892456 44.4388618469
10027 159.15826416 35.0863494873 27.7743625641
10028 77.859588623 60.7038192749 7.39909172058
10029 11.9141149521 81.9888153076 44.1177177429
10030 5.08911848068 67.4389801025 27.7745399475
10031 115.386680603 6.35439062119 37.0364761353
10032 116.791343689 10.5100736618 36.9369239807
10033 114.060897827 13.7914772034 37.0263023376
10034 108.960159302 13.1041069031 36.7312049866
10035 146.55355835 -58.7531166077 27.9908123016
10036 139.398986816 -55.2350883484 25.4916763306
10037 142.039108276 -55.749256134 33.8169136047
10038 143.28717041 -51.4757423401 27.8792591095
10039 148.875091553 85.1488723755 44.0667877197
10040 135.851882935 -57.9328422546 22.2633666992
10041 140.6043396 -58.8567466736 21.9815597534
10042 140.8959198 -60.4663619995 27.4158821106
10043 136.754638672 -56.7715530396 33.3786468506
10044 134.881729126 -55.4217185974 27.5492801666
10045 78.191734314 65.6636657715 41.1452293396
10046 146.256225586 -56.8206062317 22.4098148346
10047 138.097000122 -51.327545166 28.6123180389
10048 76.2082672119 70.7283782959 25.8499794006
10049 48.1255226135 50.1961860657 4.80157756805
10050 72.9922637939 31.89103508 4.50303840637
10051 182.960449219 -35.7285652161 29.1132831573
10052 132.413131714 -41.9562187195 32.5939750671
10053 131.808029175 -36.9579086304 35.8357124329
10054 173.429931641 -20.3753490448 32.7502555847
10055 141.91204834 72.9294052124 6.25176239014
10056 167.943328857 -2.3654229641 7.53214836121
10057 171.134841919 -2.26290607452 4.98500728607
10058 168.659729004 -5.22010278702 7.97476863861
10059 166.757247925 -4.05723142624 5.10779953003
10060 149.776412964 85.4379425049 21.4061107635
10061 165.569747925 -4.98841428757 7.96971893311
10062 166.397277832 -1.45130085945 5.27806663513
10063 128.921432495 -40.2940635681 35.4326324463
10064 125.245803833 -40.3602714539 33.1308097839
10065 133.22618103 -41.544883728 37.8547668457
10066 129.347290039 -47.4638710022 35.0303840637
10067 134.270126343 -47.2498130798 35.0337028503
10068 124.713294983 -44.9902000427 33.1195449829
10069 134.448196411 -47.4374961853 30.0865879059
10070 128.981338501 -46.5952262878 30.4706344604
10071 27.3196430206 -12.2921905518 48.2156105042
10072 48.5494613647 -30.4088344574 31.2672290802
10073 25.5797138214 -15.6390781403 48.0293312073
10074 26.9599590302 -9.78537273407 42.7485694885
10075 26.8524303436 -13.8020372391 42.9030799866
10076 27.9753074646 -7.20116043091 48.0863113403
10077 24.0711574554 -4.702480793 48.0067558289
10078 27.3782539368 -9.38472080231 46.1217575073
10079 27.2785339355 -11.8524436951 46.0585517883
10080 21.3842391968 -19.1450195312 47.679485321
10081 131.807037354 -51.823677063 28.289276123
10082 42.9340629578 20.6092853546 3.34882378578
10083 36.4617767334 18.951877594 3.15733242035
10084 20.632434845 -4.43692350388 47.4999160767
10085 28.0484867096 -4.02559041977 39.1406326294
10086 25.3625545502 -4.80626296997 40.4158172607
10087 26.6461429596 -2.16780591011 42.5871238708
10088 25.1029720306 -2.6618616581 38.9918670654
10089 58.279750824 34.1405601501 26.611869812
10090 54.766494751 30.8461971283 21.9114551544
10091 62.0027236938 28.128282547 29.1400146484
10092 13.5486278534 -18.7452030182 37.3440284729
10093 18.0076847076 -18.892156601 38.2998161316
10094 15.7990274429 -19.1327934265 34.0447540283
10095 38.1966285706 -48.2674789429 5.0708937645
10096 9.4466085434 -99.2130661011 22.2409515381
10097 11.0904989243 -99.6735458374 28.8348941803
10098 6.08291292191 -104.297096252 27.642583847
10099 14.9106483459 -104.596191406 28.9993000031
10100 71.6122283936 -62.5476341248 11.2419843674
10101 75.1161499023 -58.5005187988 5.6410651207
10102 71.0532226562 -62.8261909485 5.08495473862
10103 69.467338562 -57.7795448303 5.63219308853
10104 10.6654205322 25.2375335693 27.553937912
10105 9.59287834167 23.6464195251 34.3312721252
10106 4.93808984756 28.538351059 31.1097831726
10107 44.9458999634 -7.70916366577 47.7475509644
10108 196.47227478 -14.9148397446 39.3183021545
10109 24.7690200806 -4.65901851654 43.1101913452
10110 27.0513515472 -11.7185640335 36.5598373413
10111 35.3235969543 -14.3103952408 47.5407714844
10112 50.1145782471 -24.5907707214 2.49712324142
10113 48.3159637451 -25.9088592529 4.24999856949
10114 50.20652771 -21.9361133575 3.9022128582
10115 46.8398208618 -22.8741798401 3.36717557907
10116 11.7328882217 -5.16398429871 9.78092765808
10117 8.92829036713 -14.6640281677 25.1925926208
10118 9.43966007233 -17.541261673 26.488243103
10119 18.5596828461 -16.1881885529 17.8943347931
10120 15.7673482895 -14.7787837982 18.7434406281
10121 18.7300758362 -15.577378273 20.7370414734
10122 43.5157012939 -12.3032398224 47.9744796753
10123 174.95211792 -48.9020462036 17.5059337616
10124 169.641540527 -46.0616188049 21.9832553864
10125 38.5073814392 -8.35583019257 45.9159889221
10126 37.8700180054 -6.92601013184 47.940410614
10127 40.6310005188 -8.51292228699 48.0748977661
10128 35.261428833 -5.6220703125 48.0530776978
10129 28.9635829926 11.1612462997 46.8351478577
10130 55.5899581909 -17.9316616058 2.40397191048
10131 93.0586013794 20.9020271301 19.1602172852
10132 28.9097938538 -11.2589845657 44.5920791626
10133 27.2492980957 -14.4923686981 46.0329627991
10134 29.3318862915 -13.0409317017 42.6546859741
10135 31.019657135 -13.0274143219 45.038066864
10136 93.0981674194 25.2792491913 21.1857872009
10137 12.2346010208 -5.3125705719 37.2239685059
10138 5.06952667236 -1.89743947983 18.7352275848
10139 6.64828777313 0.0505851842463 14.6852378845
10140 16.2962589264 -5.1808423996 9.69356060028
10141 59.2042884827 -9.99801254272 3.58014512062
10142 44.7827987671 4.82893848419 46.6201438904
10143 44.4781074524 8.83120059967 45.767074585
10144 47.5892944336 5.97077465057 46.0578956604
10145 4.9647564888 11.5731620789 13.4335432053
10146 7.70478200912 4.39563369751 16.5664234161
10147 51.1475830078 -13.0803432465 46.4846191406
10148 47.9885520935 -13.0173521042 44.4931297302
10149 46.8655357361 -15.8010044098 47.5471229553
10150 73.801399231 -22.0307693481 46.6691741943
10151 70.0886306763 -20.5698394775 46.0042800903
10152 20.0748062134 -23.215511322 3.12457752228
10153 19.6883049011 -27.3064956665 3.81774401665
10154 12.7486791611 -15.2986707687 40.6368217468
10155 27.0888519287 -10.3057279587 31.4318637848
10156 22.0219955444 -4.97737789154 37.5527572632
10157 35.7010726929 3.75526952744 47.2113761902
10158 26.9670352936 -8.40843105316 29.7424850464
10159 4.85494947433 -29.8830871582 39.4296035767
10160 5.43630933762 -25.4341182709 44.7692947388
10161 45.1026763916 -0.790129780769 47.4148139954
10162 20.2777137756 -14.5718383789 31.7250614166
10163 15.8311872482 -15.1312017441 28.9213867188
10164 30.7794246674 20.7599220276 3.49422073364
10165 37.7871665955 -12.9528303146 47.8943138123
10166 35.0910720825 -11.316204071 47.9705314636
10167 76.9116516113 7.0979552269 41.5212287903
10168 77.3790893555 7.03603982925 45.7331809998
10169 73.0327911377 9.21182918549 45.7464942932
10170 74.2381744385 5.72445583344 46.4149551392
10171 58.6463432312 -13.4698953629 42.5800628662
10172 62.0736885071 -13.3220300674 46.1440582275
10173 59.7989997864 -9.86528491974 42.7515563965
10174 59.9853782654 -10.1832523346 46.4336891174
10175 5.37472343445 33.0957489014 32.2849807739
10176 45.8920326233 -10.7682819366 47.8368797302
10177 5.5437245369 12.9583053589 36.2972679138
10178 16.9650115967 -5.3045463562 34.9762420654
10179 4.91016960144 -45.3774871826 42.0528717041
10180 6.95071268082 -41.4488220215 37.8469200134
10181 67.1385192871 -18.56067276 46.5446853638
10182 63.7212867737 -16.7297439575 47.0671424866
10183 166.966903687 -22.3697853088 36.6856689453
10184 54.9237747192 -25.1160106659 2.05118703842
10185 57.2633132935 -25.2441062927 4.49446964264
10186 17.5470161438 -0.932716965675 3.03275513649
10187 44.9876060486 -21.4311084747 47.1482200623
10188 30.2907485962 -8.84715270996 47.8099212646
10189 4.78690862656 -52.2296447754 22.1912765503
10190 48.0832862854 -11.8436088562 2.55245709419
10191 178.776992798 -46.1438331604 19.4638442993
10192 22.8022136688 -5.22622823715 34.3614692688
10193 22.6691684723 -5.12214183807 23.7852497101
10194 23.7494945526 -5.1176867485 27.3740901947
10195 47.9297027588 -6.61086559296 2.80073785782
10196 90.4406890869 54.0768203735 31.5343551636
10197 92.0734176636 50.2551383972 36.64402771
10198 44.4480857849 -18.1420478821 47.5601348877
10199 47.2334594727 -5.34519863129 47.5538330078
10200 5.28343248367 17.0101299286 29.5264911652
10201 4.91124534607 14.0331640244 25.1756954193
10202 20.4715595245 -36.7706565857 42.3654594421
10203 14.973575592 -32.6784706116 41.7957458496
10204 16.436416626 -38.7796096802 45.5926170349
10205 18.1076068878 -32.9333076477 46.0369338989
10206 28.3691368103 -15.4165906906 12.0951280594
10207 25.1870231628 -14.9250154495 12.7934961319
10208 27.8323535919 -12.4325504303 12.2958707809
10209 27.4397888184 -14.1836538315 9.9379940033
10210 27.0747776031 -11.7577610016 24.414932251
10211 22.3241176605 -15.1235694885 31.3659477234
10212 56.7592964172 -8.5795955658 2.53052330017
10213 40.7091674805 -5.89246177673 2.18104195595
10214 46.701839447 -4.27469396591 2.16656279564
10215 182.394073486 46.2202720642 5.48230314255
10216 177.217697144 45.3737869263 6.33843326569
10217 38.0629882812 -4.33746957779 2.12548017502
10218 27.1257324219 -12.4572935104 18.5903358459
10219 27.0786266327 -11.7398138046 15.67557621
10220 26.3978252411 -14.4494009018 15.6538963318
10221 5.2115316391 -36.3703346252 35.0370445251
10222 35.2233314514 -14.3489341736 1.94174706936
10223 35.1454200745 -11.6029348373 2.37316632271
10224 24.1569690704 -14.7278032303 19.26978302
10225 27.1177463531 -10.6359472275 4.71662807465
10226 30.717168808 -10.5418586731 1.97094535828
10227 30.2847995758 -8.87813568115 2.19035696983
10228 37.8953056335 -7.11760282516 2.07624673843
10229 10.57924366 -15.0078144073 6.60636997223
10230 22.9490032196 -25.6163578033 46.6811218262
10231 21.3801383972 -30.3688278198 46.5780715942
10232 29.0617980957 -10.2257652283 10.1601390839
10233 26.9648189545 -10.3165998459 12.4167394638
10234 27.1212406158 -11.8314208984 9.85249996185
10235 26.9323806763 7.85858011246 3.08872199059
10236 29.5080242157 7.47071170807 3.37755393982
10237 28.7186069489 11.4015407562 7.38659954071
10238 28.9475345612 6.0591673851 6.1335515976
10239 52.354434967 0.183300346136 47.0861778259
10240 32.2086639404 -12.9638662338 2.17261266708
10241 22.094707489 -2.00643658638 23.2037391663
10242 25.6264038086 -5.15173244476 22.0856590271
10243 26.3069648743 -2.50935173035 23.6810379028
10244 22.4711971283 -4.6368188858 12.5147132874
10245 175.002258301 -46.184677124 27.8864212036
10246 35.4106864929 -8.39524269104 2.46250796318
10247 166.327148438 -0.984608232975 17.1186618805
10248 15.8074436188 23.4798870087 4.49219179153
10249 20.8680095673 22.7481422424 4.04723024368
10250 16.4495544434 17.1189498901 4.39801549911
10251 20.0467224121 16.1868038177 12.3423204422
10252 17.9145088196 15.1269817352 8.40501117706
10253 20.1225585938 11.237159729 10.1104249954
10254 16.5627918243 11.6905126572 12.9269323349
10255 26.0615940094 -24.4609527588 2.60081720352
10256 30.3859119415 -8.30285072327 7.52417516708
10257 30.444852829 -11.7854146957 7.12701654434
10258 27.0008010864 -9.69067764282 7.05558395386
10259 30.7972068787 -9.72758293152 5.05308580399
10260 34.0499305725 -21.0366592407 2.59802007675
10261 29.4461345673 -22.6593132019 2.50872898102
10262 29.9629096985 -19.7492237091 2.42681670189
10263 27.1187210083 -8.30242061615 10.6816082001
10264 127.220252991 -50.948184967 21.5917797089
10265 5.44132137299 -34.5040855408 5.45252227783
10266 24.5935001373 -14.8070583344 9.27408885956
10267 35.1664161682 -6.1032166481 1.87989509106
10268 32.6192741394 -4.41082620621 2.3768491745
10269 194.976409912 59.8692054749 8.73410320282
10270 194.883514404 54.4240074158 9.52267360687
10271 17.2045593262 -19.6868267059 3.41308045387
10272 22.9145393372 -5.2421245575 4.89404535294
10273 122.386184692 -45.7423973083 25.8941001892
10274 124.684616089 -46.1483001709 21.502614975
10275 16.5672454834 -5.23253107071 7.76282453537
10276 4.15100002289 -4.16068458557 3.81052994728
10277 24.0503501892 -5.20835733414 6.85133457184
10278 30.0973834991 -13.9347906113 2.28916549683
10279 21.7877521515 5.66752719879 3.25958347321
10280 18.6455554962 2.50149989128 3.21481776237
10281 102.805702209 -38.2662277222 30.9552230835
10282 21.6960811615 -4.75389099121 9.67895507812
10283 91.128578186 -23.8838596344 12.6870298386
10284 23.3545131683 -14.1856155396 4.3216085434
10285 87.2363357544 -28.2326660156 36.7179145813
10286 7.29334688187 -14.7856435776 6.86611747742
10287 7.93577384949 -17.2916641235 3.31722092628
10288 3.60057234764 -14.8064756393 4.68256950378
10289 24.8073558807 14.9533109665 30.0608444214
10290 19.6680545807 -15.0137500763 3.90607309341
10291 34.9314002991 56.2460021973 43.7120780945
10292 55.6766929626 -15.5285873413 14.3713712692
10293 28.957736969 -7.68478727341 4.49629259109
10294 26.8099555969 -6.06165313721 7.12367534637
10295 27.1550445557 -5.6828212738 3.95063638687
10296 9.67555046082 -5.224152565 40.8862800598
10297 29.0733013153 40.6489715576 44.3120918274
10298 5.11959505081 15.7572717667 41.0590896606
10299 21.2212257385 -4.59847021103 43.5734138489
10300 26.2323932648 8.59088039398 47.1749000549
10301 91.3503570557 -27.5875816345 17.7775154114
10302 29.7060718536 -20.2663135529 19.4493522644
10303 17.1569080353 1.54295361042 43.0952033997
10304 20.2834358215 2.78940796852 46.8172264099
10305 15.6356201172 3.57967448235 46.6578330994
10306 16.4382400513 -0.562440872192 46.7381019592
10307 29.1590614319 -18.1873455048 16.4105854034
10308 23.2897891998 -0.713963508606 47.7261352539
10309 28.6088886261 -16.0082015991 18.911151886
10310 74.0348968506 -27.3675117493 34.4045524597
10311 14.339299202 -1.11803221703 43.0895080566
10312 16.5082416534 -4.81512260437 46.5114746094
10313 15.6466693878 -5.18193101883 42.9716262817
10314 6.75404453278 -17.5890522003 46.5259284973
10315 134.159210205 11.7636156082 13.0655832291
10316 137.278915405 8.25333404541 12.588145256
10317 88.2915649414 -34.1142921448 31.0974559784
10318 8.2548418045 -5.26346349716 45.0419120789
10319 117.840202332 14.6623897552 36.2695007324
10320 27.3124656677 -9.71295261383 15.643327713
10321 30.8474407196 24.7068500519 4.04192733765
10322 35.4580726624 -8.59488487244 21.0961170197
10323 94.382232666 -27.5086803436 36.3500442505
10324 3.0587387085 -3.67941188812 46.7453384399
10325 16.8360309601 -1.8195772171 34.681930542
10326 18.9717235565 -4.93062496185 34.9503211975
10327 23.004070282 -15.4436883926 6.74483108521
10328 17.3802566528 -19.3817958832 7.89904546738
10329 20.3983306885 -19.2723808289 3.30458974838
10330 22.4216480255 -18.9804096222 7.48253536224
10331 20.9537830353 -14.7957687378 10.6695728302
10332 155.37550354 -7.35842895508 39.4609413147
10333 152.807495117 -11.2633628845 41.502243042
10334 152.372344971 -10.9705448151 37.7016220093
10335 23.2273292542 -5.17664051056 45.8806037903
10336 5.47546815872 -2.71937227249 46.6440391541
10337 5.4717092514 -21.0145492554 42.5699615479
10338 5.18613004684 -17.9856529236 39.1889533997
10339 77.9896087646 -10.725566864 11.7467851639
10340 18.8501091003 -4.94171190262 40.5713119507
10341 160.632171631 -3.610029459 42.7513542175
10342 28.7932796478 -19.5845890045 41.6736869812
10343 31.1484355927 -17.7249317169 44.9303092957
10344 27.3715839386 -16.5995349884 42.8611373901
10345 28.536151886 -18.1512870789 45.1171417236
10346 164.756668091 -10.180644989 23.4427928925
10347 13.3554401398 -5.00600671768 34.1881523132
10348 12.8967590332 -1.35404896736 37.8825836182
10349 111.461013794 16.86693573 13.3692483902
10350 16.8375740051 -16.0220985413 10.3512001038
10351 19.7862148285 -14.717956543 6.84580373764
10352 30.9976348877 -6.94960165024 45.2126998901
10353 30.1629943848 -5.88714647293 47.8139724731
10354 32.7052383423 -6.99412679672 47.6817626953
10355 32.7826194763 13.1103849411 42.8048400879
10356 34.0336799622 16.1769828796 45.5012397766
10357 32.5254898071 13.6503076553 46.9674110413
10358 21.7816505432 -5.21815347672 40.1813926697
10359 152.600234985 -14.7600650787 36.7458114624
10360 152.942260742 -20.773683548 36.0115623474
10361 9.51048469543 -15.2506399155 46.627155304
10362 5.43611955643 5.14590549469 42.6020355225
10363 13.0480165482 -4.54642677307 40.7497940063
10364 4.9062461853 4.96643781662 37.6759300232
10365 89.1105880737 54.2000923157 40.7055206299
10366 5.27044725418 26.7858428955 13.4729299545
10367 27.4613170624 -2.37015652657 47.6336174011
10368 3.40994143486 -4.96697425842 29.6464729309
10369 6.72992134094 -5.09222221375 32.5330467224
10370 4.75547027588 -1.33400118351 33.248085022
10371 13.2133846283 -15.2389831543 34.6986618042
10372 5.57037878036 9.38081741333 42.4499549866
10373 4.37841033936 -15.128619194 37.6548957825
10374 4.4761557579 -15.0590982437 42.4235305786
10375 23.2290630341 -18.6942481995 4.78206157684
10376 21.5253448486 -15.4019727707 2.36067438126
10377 23.9994335175 -18.5158176422 2.27032017708
10378 9.57737445831 1.54128301144 46.7630844116
10379 30.9226322174 31.6108722687 3.87921619415
10380 3.39942407608 -4.76654720306 34.2716827393
10381 3.95458507538 -15.4144773483 33.5952758789
10382 3.42112970352 -15.6221561432 30.7866897583
10383 5.13879489899 -18.1061553955 33.4619522095
10384 149.253219604 -11.2410879135 39.325340271
10385 17.3198719025 -26.551071167 46.6056365967
10386 29.208738327 -31.1624984741 2.95569038391
10387 37.472743988 18.3516845703 45.4145698547
10388 32.7335510254 20.8819046021 45.8009185791
10389 13.8172607422 -29.4927253723 45.9087524414
10390 139.732055664 -8.18572807312 14.838684082
10391 16.502204895 -4.92290449142 28.255279541
10392 3.91274285316 4.16951417923 27.221326828
10393 7.90520858765 6.65766382217 28.4727687836
10394 4.60942792892 4.74839305878 25.8608646393
10395 12.9089345932 11.3106422424 41.4384803772
10396 10.3927135468 14.029923439 45.5854568481
10397 11.5147800446 7.23983335495 45.1492156982
10398 2.78406906128 -15.6152582169 39.735660553
10399 4.94483566284 -5.25827455521 21.0140647888
10400 7.89548873901 -15.9424142838 41.4033966064
10401 11.0672492981 -20.0719490051 41.7174034119
10402 11.3308448792 -14.7321195602 43.3512954712
10403 5.48289775848 5.74030160904 32.4627799988
10404 2.96972608566 -3.49179339409 29.0585575104
10405 9.1352481842 -32.499042511 32.0160331726
10406 12.0806865692 -32.3100166321 26.5181121826
10407 4.72779083252 -46.0528717041 12.898683548
10408 12.9696474075 -37.5996513367 28.2816810608
10409 17.6758594513 -39.0562171936 30.8042831421
10410 66.8405075073 -19.4695663452 35.9532394409
10411 11.1951799393 3.93106722832 36.9385185242
10412 7.97664165497 7.24968004227 37.4726676941
10413 11.2553110123 -14.7302207947 31.7356929779
10414 8.85945224762 -1.3822221756 32.4998855591
10415 20.7695560455 -36.5522079468 46.6110038757
10416 21.234249115 -41.3679122925 41.8487739563
10417 25.2151203156 -36.4490203857 44.8967933655
10418 26.2739696503 -42.657787323 46.1248703003
10419 74.1356811523 55.5217514038 4.33451795578
10420 78.9289321899 9.00770664215 15.0782318115
10421 75.8269805908 11.0914592743 12.9794816971
10422 19.9558238983 -5.26156520844 25.8348674774
10423 83.8040924072 9.88363170624 12.9413862228
10424 187.117141724 -21.2526779175 12.2426509857
10425 191.675018311 -26.995639801 17.9676017761
10426 185.725509644 -22.4592399597 16.5533237457
10427 186.9506073 -28.3481693268 15.4784402847
10428 2.97618079185 4.15169382095 25.5727272034
10429 28.8933525085 11.6084737778 3.34592556953
10430 11.9667406082 14.0129384995 4.28954982758
10431 187.415603638 -24.2428569794 8.83313941956
10432 192.115280151 -24.7647953033 11.2440853119
10433 73.3748779297 8.25842189789 12.7046480179
10434 4.95060682297 -17.539806366 24.7025623322
10435 2.55586147308 -15.0158128738 25.7279205322
10436 183.037826538 -30.1542644501 13.3311786652
10437 189.792800903 -32.4128379822 13.1142597198
10438 184.289993286 -34.4505462646 10.6679773331
10439 188.511016846 -30.0744400024 7.6263628006
10440 164.496154785 -8.61905860901 2.10382509232
10441 162.090881348 -6.92800998688 2.04478287697
10442 161.922744751 -9.89550876617 2.20588636398
10443 68.6278762817 -63.6212921143 31.3369407654
10444 8.19696426392 -14.7250699997 34.4090080261
10445 69.3960800171 -51.8374595642 33.4869613647
10446 71.8418197632 -57.3133964539 33.491645813
10447 13.368311882 -5.39397621155 22.4395561218
10448 23.8947277069 -5.44596910477 18.7943572998
10449 11.5527114868 -5.2687792778 24.6691741943
10450 12.5882463455 -1.57687783241 32.2081832886
10451 19.6087474823 -1.63922333717 27.9119625092
10452 22.3907279968 -4.64299535751 28.9971237183
10453 19.0974159241 -4.85883808136 30.4454727173
10454 155.953887939 -5.04734277725 5.5964512825
10455 152.741943359 -5.4834318161 6.05918216705
10456 153.247085571 -2.81730771065 3.25555872917
10457 37.9135551453 -18.6998538971 42.0111312866
10458 39.2930412292 -16.4327735901 45.2788658142
10459 37.3477249146 -15.9051408768 42.6122627258
10460 8.53144836426 -5.10918188095 21.5189800262
10461 43.1765975952 -16.1677246094 41.8461685181
10462 5.2309718132 18.663816452 36.5120201111
10463 75.6167984009 -74.0721206665 18.7796516418
10464 70.9446563721 -74.2603149414 25.0959224701
10465 72.7350082397 -67.7266540527 19.0084533691
10466 58.8170013428 -64.2864761353 24.7413272858
10467 25.4108142853 20.4464225769 44.7934417725
10468 193.71282959 -5.33590888977 17.6832771301
10469 184.44203186 -15.0016880035 14.9100656509
10470 142.614242554 -9.85622310638 12.8334903717
10471 141.718307495 -11.6312093735 15.3859214783
10472 141.204879761 -12.9287071228 11.4935560226
10473 75.1182098389 -58.5987434387 16.6722946167
10474 5.92674541473 13.0661888123 32.6649284363
10475 177.638549805 -22.1454486847 2.9177210331
10476 182.106140137 -27.008562088 3.41875052452
10477 177.051040649 -25.6165847778 3.31887888908
10478 97.9217300415 -21.5546092987 35.7987327576
10479 11.0922842026 2.50382852554 10.7478780746
10480 11.6023874283 7.18128490448 8.26206970215
10481 8.74503803253 3.69639182091 6.39171695709
10482 8.32473087311 5.84102153778 12.1902532578
10483 181.604782104 -19.2741775513 3.12095785141
10484 180.203842163 -16.9294624329 2.94985580444
10485 183.31993103 -17.0102615356 2.2074432373
10486 8.92029094696 -3.42754936218 10.4001550674
10487 116.093162537 -0.46642935276 37.7535667419
10488 17.7305603027 -2.42827486992 38.3198394775
10489 114.262207031 -28.3852272034 3.42557239532
10490 116.708999634 -26.2101211548 8.23721218109
10491 117.566696167 -25.983089447 2.89016819
10492 113.091087341 -24.445930481 7.03749799728
10493 111.367156982 -21.5840492249 8.08263969421
10494 116.022941589 -22.1469802856 8.53101825714
10495 115.96383667 -21.6022624969 4.18653917313
10496 31.9942626953 -16.9508895874 9.80686092377
10497 33.1566772461 -13.608001709 8.03296279907
10498 30.6175880432 -17.2501010895 14.0870828629
10499 32.7233123779 -14.1686048508 11.4340324402
10500 30.4592685699 -13.3286619186 10.1091337204
10501 29.1340274811 -18.3349323273 7.94329214096
10502 30.2013931274 -17.6761016846 5.12603759766
10503 31.2387008667 -20.3939781189 8.38849449158
10504 28.7474632263 -18.9705753326 11.4128332138
10505 30.2506141663 -15.4538011551 7.5417675972
10506 108.379608154 -2.89506864548 37.7250862122
10507 107.405143738 -6.93049049377 37.2359924316
10508 5.286444664 -24.0211181641 6.7622461319
10509 5.01247119904 -25.4412059784 20.4705352783
10510 10.5216941833 -15.1755371094 14.6836299896
10511 6.45187282562 -14.6709632874 18.0922679901
10512 9.47880649567 -1.04047369957 41.4833831787
10513 4.54031133652 4.93386030197 4.4993929863
10514 11.3430204391 -5.24650382996 6.79055833817
10515 189.818069458 -5.07587003708 16.6816864014
10516 186.50352478 -5.20818042755 18.5624294281
10517 105.818252563 -49.6327514648 21.1812171936
10518 19.5495529175 -5.1803612709 11.6450271606
10519 12.1825199127 -19.008266449 20.276386261
10520 8.84663105011 -14.7607355118 22.2822628021
10521 5.81348323822 -19.8502216339 19.7091636658
10522 16.5523490906 -5.08252763748 12.5841331482
10523 8.74331665039 -19.1618003845 7.85732984543
10524 14.3415651321 -17.8168926239 7.189640522
10525 14.0376968384 -20.8445472717 9.75405788422
10526 10.0489645004 -23.834941864 6.7789144516
10527 2.76054096222 -17.7526988983 12.1661930084
10528 143.979476929 30.1007347107 22.0025177002
10529 139.917755127 28.1013259888 19.3605041504
10530 12.9126434326 18.0304641724 7.58324241638
10531 20.1142940521 -4.57973861694 6.83204650879
10532 27.6560745239 2.44545722008 6.10582113266
10533 23.8056259155 1.26107001305 7.99644899368
10534 24.886926651 4.50516223907 6.56605911255
10535 116.76007843 -13.8034172058 38.3482627869
10536 62.4108161926 -7.49461221695 43.9678878784
10537 62.1576766968 -4.53703594208 42.689540863
10538 63.1570129395 -4.3045630455 47.0698738098
10539 65.4129943848 -6.6198515892 46.3626365662
10540 58.1951179504 -6.01986122131 47.6277198792
10541 59.0066947937 -6.18854618073 43.0702705383
10542 63.7278175354 -10.1136798859 42.818157196
10543 62.8500556946 -11.1767559052 47.4088897705
10544 144.796234131 9.26448059082 7.03370094299
10545 147.960494995 11.6372289658 8.55795097351
10546 147.991455078 6.9393954277 4.53400850296
10547 148.338165283 10.8424816132 3.51331925392
10548 141.044723511 9.75749778748 4.08432626724
10549 141.208999634 9.65381717682 8.1632604599
10550 143.518066406 5.76110887527 8.32056713104
10551 143.311798096 6.03152561188 4.14203929901
10552 9.92310905457 -20.8885917664 3.43307757378
10553 134.557525635 -33.9303321838 36.1832847595
10554 13.7874288559 -1.02852606773 3.19981980324
10555 16.0005168915 -1.85078799725 13.2373437881
10556 21.2130870819 -1.97196042538 12.7793464661
10557 19.096124649 -2.66206407547 9.53953170776
10558 19.315788269 1.51341354847 12.1185674667
10559 178.016540527 -19.4632015228 2.61027145386
10560 178.500976562 -19.4113101959 6.4180803299
10561 175.868041992 -21.7895889282 46.9959373474
10562 197.797119141 -14.7483196259 18.3409786224
10563 52.9129371643 36.5247764587 21.9998607635
10564 55.5564193726 40.5983695984 18.1961021423
10565 54.7359428406 35.6527252197 16.3330402374
10566 10.9774265289 -5.11849689484 2.9852809906
10567 28.7955951691 24.792432785 22.0511188507
10568 2.08429598808 -14.8233213425 7.95225286484
10569 16.85064888 -22.9593334198 13.8375234604
10570 16.2970695496 -28.6979408264 12.444811821
10571 17.3490066528 -24.364320755 8.87009620667
10572 190.906448364 -18.5406494141 12.1487531662
10573 190.675811768 -14.7856559753 7.98369121552
10574 188.258392334 -18.0082702637 6.71213960648
10575 187.104049683 -15.3870887756 9.08752059937
10576 13.3088264465 7.41570711136 3.93587899208
10577 120.734344482 20.7402019501 14.1135091782
10578 60.6063804626 41.7442321777 25.9391822815
10579 61.9630317688 42.010471344 18.9152641296
10580 16.4356575012 -14.9366598129 15.3763914108
10581 19.788974762 -14.636095047 15.5462913513
10582 71.5868530273 37.3509101868 18.2893543243
10583 75.8076782227 38.2192420959 22.1955795288
10584 73.9584503174 32.4513092041 16.8318157196
10585 75.2350006104 31.4531993866 22.725605011
10586 76.1573562622 37.0404243469 17.1181411743
10587 56.6058006287 38.9622001648 27.1071414948
10588 59.375289917 37.309753418 22.3117771149
10589 56.280380249 45.7290534973 19.0231609344
10590 12.5585803986 2.80662059784 3.46323776245
10591 122.842399597 -50.5869445801 27.625295639
10592 49.8008384705 2.67377901077 41.9129943848
10593 54.1607971191 2.79695105553 37.7559967041
10594 51.8544311523 0.325026869774 42.4124412537
10595 52.891002655 -3.27559638023 38.72889328
10596 55.7911453247 -1.46550142765 34.9893264771
10597 23.9254322052 -14.7250699997 22.6247196198
10598 5.23903369904 -54.2325973511 14.2014331818
10599 195.333221436 -17.9891471863 43.1184158325
10600 50.0268707275 -5.31160831451 38.8541145325
10601 115.842391968 -9.46501350403 12.3276386261
10602 111.31729126 -10.6099882126 12.4091835022
10603 185.772369385 -14.6882772446 41.3879318237
10604 180.152313232 -14.2713499069 45.5317687988
10605 173.579589844 -26.8916931152 5.93521261215
10606 169.744430542 -26.4561100006 5.2844452858
10607 138.375717163 27.6998882294 39.8931083679
10608 137.446273804 26.8909168243 45.887134552
10609 141.720428467 29.9930801392 45.9358596802
10610 196.688095093 -4.41085147858 44.9140319824
10611 99.7660064697 -43.3615112305 34.3892364502
10612 188.293426514 -4.97606182098 47.1364479065
10613 190.464630127 10.1997385025 42.7766418457
10614 194.82383728 8.71248340607 44.2989044189
10615 187.508148193 -1.1387887001 46.3037071228
10616 179.342834473 -1.06317925453 46.8723335266
10617 186.136260986 -5.2657418251 44.5653991699
10618 180.665985107 -5.01542329788 37.4771499634
10619 176.781204224 -30.1439990997 47.2510910034
10620 182.352706909 -4.66046142578 43.3451423645
10621 96.1044845581 -11.1821975708 38.0687103271
10622 173.002456665 -17.0665817261 47.9367904663
10623 172.072814941 -8.12320518494 48.2958030701
10624 172.844696045 -5.68249225616 46.0492858887
10625 194.82383728 2.98548102379 42.3985443115
10626 189.954223633 4.51126241684 46.3152503967
10627 176.180725098 -5.48976039886 45.8197517395
10628 174.02116394 5.56321287155 44.5660057068
10629 177.0493927 5.61358547211 46.6812477112
10630 174.266418457 8.58829879761 47.1271095276
10631 173.536773682 4.48341846466 47.3862876892
10632 112.146865845 4.88156366348 12.1758117676
10633 111.912750244 0.811488807201 12.2878084183
10634 109.060119629 2.30304718018 12.2265396118
10635 164.764572144 -20.0733165741 47.436252594
10636 196.138168335 -4.47023534775 30.5988426208
10637 195.199783325 15.2813644409 45.3990783691
10638 30.8121795654 -17.646270752 33.4133758545
10639 190.779769897 27.9437522888 45.0903625488
10640 153.034927368 -5.5555229187 9.45198726654
10641 152.161834717 -11.4083805084 14.0210037231
10642 152.58416748 -12.5693788528 9.22919654846
10643 152.525085449 -8.75746917725 8.98418140411
10644 177.437484741 -17.2007141113 45.038318634
10645 179.015365601 -16.106086731 46.9964675903
10646 176.354553223 -18.8992824554 47.728313446
10647 179.685775757 -19.198846817 46.9135437012
10648 186.226928711 -0.386693924665 42.6510162354
10649 179.720153809 -5.48186254501 45.4528656006
10650 175.914337158 -1.44737744331 47.7445373535
10651 176.029891968 1.84604942799 46.8226699829
10652 110.574432373 4.24097204208 37.0391120911
10653 183.528518677 -5.27105712891 40.2790260315
10654 178.151000977 -4.31170129776 43.8211517334
10655 146.398773193 16.4407939911 4.49751996994
10656 105.789855957 -4.15784978867 11.6930713654
10657 108.864601135 -5.75253248215 11.539978981
10658 181.098937988 53.505405426 44.9925765991
10659 174.462219238 -28.937286377 3.43540644646
10660 174.848114014 -33.0134124756 3.47033810616
10661 171.077911377 -31.1044826508 3.346596241
10662 194.74520874 -4.21153831482 34.7214431763
10663 103.051994324 -33.7423057556 35.7927818298
10664 97.2097396851 -34.0545272827 36.1322021484
10665 101.047416687 -37.9640579224 36.1612358093
10666 92.5239562988 -39.0229568481 35.1563186646
10667 96.6976089478 -38.7080879211 35.8657836914
10668 101.905525208 -5.64333295822 12.0766496658
10669 189.908920288 -4.6348195076 40.0814094543
10670 189.174468994 -2.57331728935 37.2876052856
10671 187.075592041 -5.13135576248 35.301612854
10672 97.7061004639 -2.30882358551 42.4376525879
10673 94.9597473145 0.15370965004 37.9354896545
10674 98.3041915894 1.56345701218 41.7227668762
10675 186.98008728 -4.58320665359 40.5480270386
10676 195.806304932 6.19292020798 45.1908035278
10677 175.949645996 -5.2083067894 43.148639679
10678 167.575378418 -33.9121818542 3.0279583931
10679 91.4531707764 59.3806419373 42.3497428894
10680 172.767089844 -9.77595615387 25.6131782532
10681 166.159988403 16.409532547 4.75616645813
10682 181.347259521 -14.7185134888 42.6855163574
10683 177.202301025 -5.25285720825 36.4269714355
10684 113.11769104 -3.35966038704 15.7050027847
10685 16.6687507629 -3.00102829933 2.43859982491
10686 34.4191055298 -34.74193573 35.6752281189
10687 183.921142578 -4.90996980667 28.793050766
10688 178.151947021 10.3066091537 46.5118026733
10689 171.012588501 -2.11188983917 45.0744667053
10690 174.378829956 -2.00638580322 42.5722160339
10691 173.096511841 -5.94572019577 42.8320274353
10692 131.976867676 -1.05044686794 15.5476961136
10693 161.128890991 9.63885688782 47.1238670349
10694 164.077377319 11.8447942734 47.0166931152
10695 164.095092773 7.96469163895 47.0790138245
10696 172.721374512 -10.1770381927 46.0886230469
10697 172.922561646 -9.23494529724 34.3190689087
10698 155.491744995 5.4288020134 3.70130491257
10699 195.361343384 4.45456171036 26.6077442169
10700 186.494522095 -4.28578090668 31.2123241425
10701 52.8299369812 15.908413887 31.2945919037
10702 60.7137298584 -24.9595527649 37.2844657898
10703 62.6069526672 -22.0189113617 37.9053916931
10704 63.9463691711 -26.0323867798 38.4396438599
10705 71.160194397 -27.9594020844 36.8176498413
10706 65.9739990234 -30.1770210266 37.1558265686
10707 69.7976074219 -31.5505828857 36.9541854858
10708 189.535552979 -5.07045316696 32.035320282
10709 66.3824615479 -22.0877227783 37.9460945129
10710 66.7342453003 -25.6582756042 40.2793807983
10711 69.1721878052 -24.5187549591 37.9213905334
10712 194.728179932 -14.8982725143 33.3875579834
10713 132.117126465 -51.3598442078 34.3815155029
10714 62.056842804 -28.9930763245 37.5240783691
10715 68.3153533936 -34.7664527893 32.2031211853
10716 183.766708374 -4.74991703033 32.8104248047
10717 94.1797866821 1.01472556591 12.1883544922
10718 171.052749634 -15.4142246246 41.8930969238
10719 173.118255615 -13.996389389 42.8853111267
10720 169.884918213 -12.738114357 42.1317977905
10721 169.136749268 -14.6914167404 45.0898551941
10722 143.061523438 26.0952072144 3.15206718445
10723 188.377639771 14.0429096222 46.0573120117
10724 189.102020264 20.7238769531 45.6580543518
10725 180.325912476 -5.22205162048 30.4573955536
10726 185.962753296 8.56179618835 3.77258586884
10727 172.599365234 -7.43505096436 15.6786899567
10728 170.36265564 -9.54295158386 13.673116684
10729 170.924697876 -5.96285676956 13.5888252258
10730 177.254699707 -14.7990846634 34.3853378296
10731 147.009185791 -0.0220879483968 2.54090166092
10732 197.048721313 -4.58718061447 25.7294902802
10733 189.220108032 18.901807785 34.931312561
10734 185.57598877 15.524646759 33.6981697083
10735 187.177764893 20.1373271942 30.367433548
10736 191.304885864 15.2362575531 30.4406642914
10737 131.086761475 -61.1676063538 22.4198513031
10738 130.960403442 -60.4829940796 28.0435390472
10739 188.672805786 -14.6483592987 27.575176239
10740 140.215103149 -57.3047409058 15.9757738113
10741 190.335769653 49.9447021484 17.7347126007
10742 192.540786743 58.4799079895 15.6950044632
10743 187.959350586 48.9153556824 10.7337026596
10744 187.045730591 55.7601737976 18.6651859283
10745 155.921859741 -19.6042823792 38.1273345947
10746 194.781021118 12.7410707474 33.7705421448
10747 195.192138672 6.931016922 32.1827430725
10748 194.498962402 50.734588623 32.7119064331
10749 173.007919312 0.939242660999 47.5006752014
10750 170.360443115 -23.1050453186 47.3757553101
10751 195.409515381 17.436170578 35.9415473938
10752 156.049407959 -15.2268457413 2.02473521233
10753 129.26524353 -58.1565284729 16.5884971619
10754 131.183502197 -52.7563667297 16.0386390686
10755 177.066146851 -5.11389017105 27.1696376801
10756 189.588562012 -14.0789089203 33.5403442383
10757 187.304092407 -15.2770662308 37.3913383484
10758 193.012008667 -14.1852865219 35.7593193054
10759 189.814071655 -17.7496871948 36.173210144
10760 83.9999923706 34.9441680908 12.86992836
10761 78.6123199463 29.8782100677 19.4155731201
10762 72.6913833618 27.4074001312 20.7778320312
10763 75.0582199097 26.0372924805 25.0491580963
10764 80.6367645264 31.9332580566 23.6929721832
10765 41.7569770813 16.800945282 14.5201215744
10766 41.7244644165 15.7994422913 18.9226818085
10767 194.373062134 9.84586524963 26.7118816376
10768 182.983047485 10.179690361 7.88661670685
10769 179.192352295 12.2938938141 3.93096828461
10770 181.393066406 7.01153707504 3.44756913185
10771 195.174713135 -21.4057197571 33.5566482544
10772 190.936386108 -20.0281581879 32.9373435974
10773 195.235168457 -18.1244564056 28.900226593
10774 173.790420532 22.9612770081 46.4804420471
10775 179.849319458 22.6111507416 46.2631568909
10776 174.530792236 -32.4979171753 46.5834655762
10777 190.515792847 -16.0621814728 31.528635025
10778 167.559707642 3.62447810173 8.42676734924
10779 168.862823486 3.07870817184 5.46033143997
10780 169.35899353 -0.0501598753035 5.22223901749
10781 165.972564697 1.85161828995 5.5124001503
10782 48.6851615906 19.703414917 35.2751617432
10783 54.1176261902 20.9043560028 35.0731887817
10784 45.2753601074 17.6202697754 35.6984939575
10785 173.831878662 5.58655166626 5.51781702042
10786 38.6489067078 19.0726947784 19.6213912964
10787 38.5289726257 19.5598659515 14.324174881
10788 29.7340431213 -9.59950065613 16.719959259
10789 27.1313781738 -9.95732212067 18.8778514862
10790 188.941223145 3.12789106369 41.6646232605
10791 185.880981445 8.53797626495 38.3285217285
10792 186.472320557 5.91916179657 43.0134429932
10793 193.112411499 -14.7684183121 23.4907608032
10794 32.5980491638 -9.27321815491 15.4622526169
10795 34.9888458252 -11.2612247467 7.45553922653
10796 179.831390381 -15.0526180267 24.1790161133
10797 35.3074226379 -12.1086349487 13.1821489334
10798 159.236801147 -20.954366684 2.43496751785
10799 176.556671143 -15.9545135498 20.6929206848
10800 179.766418457 -18.0739955902 21.4543190002
10801 180.719039917 -15.2176828384 20.9400367737
10802 177.024841309 -14.7381820679 23.3262653351
10803 195.50819397 -33.9624900818 41.9053993225
10804 140.981292725 -6.18550872803 6.92955112457
10805 144.242721558 -5.20172548294 3.0307302475
10806 141.004562378 -5.71203231812 2.8013958931
10807 141.285095215 -2.71636009216 3.67258763313
10808 33.6975364685 17.7175216675 17.0335216522
10809 189.455947876 -15.2739028931 14.2456550598
10810 189.924453735 -14.5626878738 10.7675333023
10811 184.372894287 -38.5732345581 3.86514234543
10812 41.7645339966 -14.7654180527 45.2411499023
10813 46.5117034912 -15.7076253891 44.6745986938
10814 184.219116211 -14.729891777 19.5463123322
10815 180.9296875 -15.0106868744 18.2454738617
10816 175.595703125 -5.26596927643 18.8487033844
10817 186.665908813 -16.7013683319 26.0032997131
10818 186.484436035 -14.9020824432 28.6443386078
10819 63.6266174316 -33.3750686646 16.743309021
10820 102.054893494 30.9422607422 18.7614135742
10821 110.226158142 31.1344604492 17.084728241
10822 174.189926147 -5.16752767563 28.7062530518
10823 174.049407959 -5.31105184555 31.6766891479
10824 172.790893555 -7.40022039413 31.4087524414
10825 44.7202758789 -18.0340251923 44.4727020264
10826 47.1625442505 -18.9303913116 40.2205543518
10827 44.6903190613 -21.0200538635 43.8475265503
10828 157.790145874 25.3106365204 5.04301166534
10829 155.241317749 22.5708007812 3.80369544029
10830 98.7311553955 35.4474639893 19.2994747162
10831 103.944648743 39.1165046692 20.9319877625
10832 104.104400635 37.1119346619 15.6657552719
10833 109.839424133 36.6091194153 16.0947818756
10834 110.85900116 35.7887306213 21.9731559753
10835 172.572738647 -7.39034843445 34.2336654663
10836 100.693397522 38.933013916 25.6148986816
10837 39.6190948486 -14.3594255447 42.9347457886
10838 194.465270996 13.8935890198 25.951002121
10839 197.944671631 -4.47669029236 14.7973356247
10840 46.5657310486 -15.6057538986 40.5765800476
10841 194.959152222 50.2608337402 11.939997673
10842 177.506164551 -5.08417272568 21.5435199738
10843 193.992630005 -5.12801456451 10.6988344193
10844 197.166259766 -3.95038580894 4.06408834457
10845 189.788452148 54.6581268311 5.40614938736
10846 195.203201294 49.2527503967 4.96325063705
10847 92.0097808838 -11.8466339111 38.3524169922
10848 172.853759766 -12.0174074173 25.6807384491
10849 158.496078491 -19.9907073975 47.3402671814
10850 183.879776001 -4.78575992584 12.5383806229
10851 180.702758789 -5.11105489731 12.6666660309
10852 163.902114868 11.4384222031 3.12259054184
10853 177.12046814 -5.07288312912 15.656124115
10854 194.454788208 -36.2367706299 5.09621906281
10855 189.26663208 -40.6516189575 4.53964042664
10856 154.728668213 -7.89265632629 2.50996947289
10857 195.829299927 -14.5254278183 19.5359592438
10858 195.310348511 -1.65099382401 12.9002399445
10859 169.629699707 -3.31878018379 9.94449901581
10860 166.122879028 -2.42622447014 11.4780263901
10861 180.785415649 -15.7362670898 6.23092985153
10862 183.644271851 -17.4599685669 7.70387077332
10863 185.409332275 -14.7272338867 6.82173109055
10864 161.205627441 -21.8993453979 41.2718467712
10865 182.16746521 -2.80136060715 6.33056116104
10866 183.196182251 -0.142349198461 3.50929450989
10867 186.700241089 -4.6029253006 15.597410202
10868 183.344696045 -5.22668409348 15.6390628815
10869 163.019577026 -26.4854736328 40.4388275146
10870 194.727767944 3.75835776329 7.27494478226
10871 157.743652344 -23.0672168732 40.3040351868
10872 180.167572021 -5.12226867676 15.7051420212
10873 32.8131446838 -10.5022068024 2.71915459633
10874 183.351852417 -5.20729446411 21.4985523224
10875 172.884292603 -6.53328132629 18.496919632
10876 183.35546875 -5.26270389557 9.79625415802
10877 141.494049072 -17.0187530518 38.7748374939
10878 141.769287109 -16.9294376373 42.8346099854
10879 141.541519165 -20.5690555573 42.1475944519
10880 195.5025177 -1.8840996027 9.07764816284
10881 27.4310054779 -13.5940170288 7.08319997787
10882 187.363250732 -4.80140304565 8.85256671906
10883 194.64781189 25.9713020325 36.5764160156
10884 195.259689331 22.8690109253 25.1314754486
10885 192.655563354 -4.32271242142 13.982047081
10886 151.642425537 6.9640250206 12.7023820877
10887 192.068572998 -5.31206417084 5.62953519821
10888 118.051567078 37.4615783691 30.8059272766
10889 177.713851929 -5.07868003845 12.5024108887
10890 194.704956055 -2.50393486023 3.42328166962
10891 169.012207031 -6.67652702332 4.73165082932
10892 168.427871704 -10.5504779816 5.03481006622
10893 166.964538574 -9.96511936188 2.44438385963
10894 172.978912354 -10.7383880615 6.89689779282
10895 161.97303772 -4.32623052597 2.27902770042
10896 189.633453369 -18.5567741394 16.5518188477
10897 193.11164856 -15.4863147736 14.4653196335
10898 177.042053223 -14.6617879868 7.2204208374
10899 123.253196716 37.054599762 30.9764862061
10900 123.494155884 38.4156951904 24.4226646423
10901 181.070159912 2.78933191299 3.18284773827
10902 179.549545288 -4.89455413818 6.81021404266
10903 179.240463257 -3.50131082535 1.82144784927
10904 180.387268066 -4.81595802307 4.02983999252
10905 166.076812744 -18.5449523926 5.21268320084
10906 169.76701355 -16.9202613831 2.40147852898
10907 167.538223267 -18.4463710785 2.44187784195
10908 161.564147949 -1.27163040638 2.64996194839
10909 161.379562378 1.96243786812 2.76514792442
10910 177.075866699 -4.83790445328 4.02070236206
10911 42.24792099 -0.739352285862 12.3229932785
10912 39.5966033936 1.0502140522 11.7212696075
10913 52.0749931335 24.2442321777 14.0878925323
10914 54.8623809814 21.6095981598 9.76572704315
10915 51.1896514893 20.0944976807 9.72734069824
10916 51.5851020813 25.506860733 9.32972621918
10917 115.530662537 31.2336101532 30.8855876923
10918 111.542167664 34.6930389404 33.1039772034
10919 5.160197258 1.78572893143 9.83946323395
10920 4.64610624313 4.82344579697 11.2025842667
10921 164.467422485 -11.251871109 2.1121404171
10922 167.29309082 -6.99336767197 2.31847786903
10923 179.448638916 -0.779498398304 3.2516605854
10924 76.5705947876 19.6525859833 19.2997665405
10925 176.997146606 9.80146694183 2.57989597321
10926 175.119064331 27.6517944336 44.4837150574
10927 179.924316406 27.1172637939 38.0374488831
10928 179.550094604 27.287771225 45.9008293152
10929 180.990249634 23.6091842651 40.6249771118
10930 122.419044495 -34.5913124084 30.8224563599
10931 14.7123346329 -38.7506637573 14.2771062851
10932 15.0356044769 -48.2442779541 14.3021659851
10933 9.69181346893 -43.4357261658 15.9189090729
10934 172.4559021 -2.30434322357 2.224858284
10935 172.842163086 -14.322684288 3.95190191269
10936 171.040435791 -5.13120412827 16.0584831238
10937 174.030807495 -5.32877063751 15.6729059219
10938 169.825942993 28.7089099884 5.06776762009
10939 196.625396729 -17.2264842987 14.2017755508
10940 19.610874176 -43.3800888062 13.3525295258
10941 96.5575027466 17.3423862457 35.4558944702
10942 96.81640625 17.9073944092 30.0289497375
10943 94.128578186 22.8455982208 34.191947937
10944 92.6131362915 15.5693998337 35.4031944275
10945 91.2355880737 22.4613227844 36.798915863
10946 88.7236785889 16.4989624023 36.563659668
10947 173.921554565 -5.24944019318 3.96608996391
10948 8.59990692139 -22.3261203766 22.2734546661
10949 11.2272644043 -27.2317848206 24.8249988556
10950 12.7784347534 -24.3817996979 21.7881813049
10951 171.42427063 -7.49210596085 45.3822174072
10952 170.469161987 -6.9568157196 42.1049919128
10953 169.718948364 -11.1513538361 47.8124771118
10954 74.3050079346 -10.8399934769 43.4714813232
10955 76.2439880371 -8.52335071564 44.1929473877
10956 78.4610214233 -9.80661010742 45.9341659546
10957 172.695907593 -13.9291210175 46.6179656982
10958 17.6815681458 -21.4098205566 22.7746486664
10959 14.7831096649 -24.949300766 17.4741420746
10960 13.574054718 -29.5769805908 16.2014122009
10961 175.289413452 -15.0931940079 46.6881065369
10962 71.0954742432 -9.35176372528 46.1358833313
10963 169.95022583 -13.8890123367 47.998249054
10964 170.388778687 0.205778136849 47.5891189575
10965 173.02520752 -9.59582996368 39.7459373474
10966 140.491790771 -3.26473712921 46.2979850769
10967 171.525268555 -25.0645503998 41.6020278931
10968 174.644393921 -25.7722835541 44.5684890747
10969 171.306564331 -28.1222133636 44.2707824707
10970 175.284606934 -28.7209758759 43.9984436035
10971 75.0726089478 -11.2521371841 47.4691085815
10972 173.207809448 -16.7917861938 42.6056556702
10973 174.617889404 -15.2038116455 40.3128433228
10974 172.480102539 -13.6994571686 40.1611938477
10975 178.439422607 -14.8770856857 40.4708709717
10976 159.468383789 -11.4572725296 48.0850982666
10977 169.335006714 5.86916923523 33.0639343262
10978 165.39553833 7.68255472183 35.6329574585
10979 172.951828003 -11.6743545532 31.3746814728
10980 177.025650024 -25.4711761475 47.3279647827
10981 191.59262085 -15.2314147949 41.2890090942
10982 24.898317337 -4.35121440887 1.9921195507
10983 172.641647339 -12.2206058502 34.3547096252
10984 38.5216712952 2.62500119209 6.88559579849
10985 41.8450660706 3.0669631958 5.7459359169
10986 41.1511535645 -0.472681611776 7.94855737686
10987 173.759124756 -28.5823879242 47.1751251221
10988 172.955932617 -10.2546348572 21.9430713654
10989 175.041748047 -54.5512886047 5.0415558815
10990 152.870758057 -17.4076099396 44.2552680969
10991 150.192321777 -14.6794939041 46.578250885
10992 150.309143066 -18.0569477081 46.624042511
10993 152.586517334 -17.6614341736 47.5173568726
10994 164.158325195 -27.6384601593 47.1120986938
10995 142.735626221 -49.1444778442 45.6485595703
10996 146.462585449 -48.8434486389 45.9544639587
10997 152.296401978 -11.208155632 47.9938201904
10998 172.751327515 -12.368142128 28.5522251129
10999 142.708633423 -25.540266037 41.1656837463
11000 147.33921814 -26.2084751129 41.519405365
11001 145.874740601 -21.6911849976 42.5136947632
11002 142.711654663 -25.1437911987 45.6358795166
11003 119.239372253 -36.2494277954 35.3878517151
11004 118.689170837 -31.9118213654 36.1605529785
11005 194.708938599 -23.2133350372 42.9517822266
11006 161.067703247 -25.6591491699 47.12915802
11007 183.407104492 -18.2522983551 21.1390209198
11008 183.69291687 -18.3608531952 17.5578384399
11009 169.901275635 -43.4167289734 4.03658628464
11010 48.150177002 -42.6997947693 19.6194419861
11011 127.303756714 -39.6687850952 5.2264790535
11012 122.838447571 -36.8563041687 5.22855472565
11013 126.092643738 -36.2301139832 3.73771762848
11014 123.896575928 -42.2005996704 3.20762896538
11015 17.6240310669 -14.9786281586 5.97790288925
11016 146.047225952 -12.5521154404 47.5082931519
11017 144.151702881 -15.5935277939 46.8978767395
11018 144.061187744 -11.8151578903 46.9005851746
11019 160.771652222 -29.7400569916 2.95175409317
11020 167.419326782 -12.5802631378 32.2015266418
11021 164.089675903 -28.0118122101 2.92131543159
11022 133.143005371 -40.8620834351 42.0720329285
11023 131.290328979 -44.0523223877 40.6594276428
11024 136.09979248 -43.0816001892 45.3189125061
11025 130.739196777 -44.26014328 46.8047981262
11026 131.886917114 -36.8723526001 41.5131530762
11027 136.845001221 -38.6741447449 39.8168907166
11028 180.338638306 -16.9701919556 32.4184570312
11029 175.693908691 -17.5159740448 33.4798736572
11030 177.363571167 -18.1281509399 36.4065170288
11031 129.215896606 -39.6640281677 40.3233757019
11032 159.364181519 -8.51216220856 1.92545819283
11033 157.256790161 -12.6201057434 1.90243625641
11034 73.7803115845 -3.36049556732 33.6647567749
11035 174.81288147 -14.9249267578 37.2072639465
11036 48.631855011 -16.4006652832 36.0704650879
11037 50.2757720947 -20.0222225189 38.7730407715
11038 170.175735474 -19.7989501953 2.46751976013
11039 158.097045898 -17.326177597 4.83135843277
11040 158.754516602 -17.0302333832 2.1925971508
11041 155.546920776 -18.1461486816 2.4402577877
11042 187.86289978 -34.0325431824 4.90995454788
11043 164.162155151 -12.3976945877 4.24091148376
11044 172.396759033 -8.80827236176 8.82860851288
11045 120.876853943 -24.119178772 16.4823589325
11046 123.607398987 -26.4097118378 12.9477272034
11047 169.324493408 -10.7188339233 2.29401302338
11048 164.520812988 -18.8630332947 2.51476621628
11049 125.963623047 -31.4915027618 37.3348388672
11050 125.660903931 -28.1351356506 37.7745475769
11051 67.3860626221 26.9072170258 29.3066482544
11052 65.9923553467 25.2560119629 24.4835414886
11053 19.8748226166 -14.1498613358 43.7687034607
11054 75.7170715332 23.9051418304 19.6559181213
11055 172.498947144 -20.3834877014 4.3182926178
11056 175.066558838 -18.6252193451 2.8150396347
11057 66.64818573 -32.3836517334 14.0903606415
11058 67.7874908447 -39.7881889343 12.2109718323
11059 68.0662841797 -36.781452179 8.78789234161
11060 70.9029541016 -40.4466743469 9.482172966
11061 73.0528335571 -34.9013442993 9.72573280334
11062 69.9821395874 -31.9743061066 8.67637729645
11063 167.401733398 -7.93146085739 21.2716732025
11064 167.584213257 -5.26493167877 17.7501773834
11065 114.02910614 -38.5023727417 35.3868675232
11066 32.872543335 20.7059803009 35.387878418
11067 33.2290878296 21.247751236 30.3354129791
11068 183.943496704 -15.8303041458 47.1360702515
11069 186.504974365 -17.7042369843 45.6420783997
11070 188.469451904 -14.1973981857 41.3365974426
11071 195.356338501 -43.5987548828 31.471654892
11072 178.1875 -14.9835643768 31.5055999756
11073 56.5244827271 -50.9758262634 10.7763929367
11074 22.4699954987 6.6947722435 26.7406368256
11075 63.1736564636 -9.5764913559 3.51848316193
11076 61.8414535522 -16.2534198761 2.49431347847
11077 65.2157592773 -13.5540475845 3.69460988045
11078 61.7232704163 -15.7328243256 6.98916292191
11079 31.454164505 9.86649513245 40.553188324
11080 31.4729957581 13.6825304031 37.5132446289
11081 52.2562980652 7.43502092361 13.5056467056
11082 176.814315796 -23.6333122253 44.5744857788
11083 173.392822266 -24.4054164886 47.3490524292
11084 171.269790649 -24.1973457336 44.5989875793
11085 25.5774478912 19.5932025909 33.5370788574
11086 24.5486717224 15.8078966141 35.353477478
11087 47.283908844 17.9803199768 19.2171192169
11088 183.413284302 -14.8030586243 37.4060211182
11089 119.321533203 5.19936656952 13.1360168457
11090 196.122253418 -16.3229808807 33.0046234131
11091 28.5182418823 28.9923362732 33.194065094
11092 195.873321533 -14.668305397 46.0542984009
11093 189.536102295 -18.1790561676 42.6356239319
11094 61.1374435425 -17.7967433929 41.9632415771
11095 153.098999023 0.790782928467 9.64187145233
11096 155.86265564 -0.1455386132 8.77891921997
11097 155.792892456 -3.08324432373 8.25133705139
11098 176.628494263 -20.5848884583 38.9650382996
11099 181.45022583 -20.7084522247 34.839931488
11100 182.073196411 -17.6394119263 37.4822349548
11101 182.944946289 -20.8836421967 40.0529060364
11102 195.152191162 -26.3470630646 33.1311149597
11103 194.580352783 -26.7525367737 37.6828422546
11104 94.7395629883 -25.0746250153 12.3058567047
11105 98.0623779297 -23.9857559204 12.4560632706
11106 182.977020264 -43.0624008179 20.5885696411
11107 184.749526978 -39.6065406799 17.6898956299
11108 192.723449707 -28.7772464752 43.825553894
11109 191.297698975 -30.1549854279 36.9242401123
11110 180.357376099 -14.8012609482 35.2710838318
11111 191.040328979 -26.5449085236 31.2990722656
11112 192.276748657 -30.1704902649 25.2201957703
11113 195.325042725 -26.8033256531 28.609331131
11114 179.140274048 -45.7447776794 35.155330658
11115 175.650100708 -52.9172821045 31.2037696838
11116 185.533370972 -23.0742034912 46.5476722717
11117 149.66784668 -22.0045585632 45.9734992981
11118 148.225189209 -19.3392829895 47.3845901489
11119 151.545623779 -20.5086326599 47.5181655884
11120 43.2592315674 38.2386322021 16.6205043793
11121 39.0220146179 42.6643257141 23.544260025
11122 39.0028038025 37.4510498047 22.1928443909
11123 39.021396637 38.7942504883 27.2330970764
11124 24.4029712677 39.5657844543 24.660150528
11125 109.150939941 0.680165886879 37.4767684937
11126 113.169960022 2.1808116436 37.6534004211
11127 33.7067756653 52.0559196472 24.7443523407
11128 33.1000289917 50.3291778564 31.5442771912
11129 49.2625999451 -34.9146575928 13.2994232178
11130 45.5958213806 -33.1427459717 13.0174255371
11131 45.0010452271 -37.5365371704 13.4985342026
11132 46.9707489014 -42.2951202393 14.6288661957
11133 137.773086548 18.9642543793 32.0370178223
11134 178.920715332 -46.5487365723 45.95079422
11135 167.574371338 -18.3423614502 47.5777282715
11136 170.119552612 -16.5757026672 47.7635231018
11137 167.412536621 -15.5831489563 47.6382484436
11138 36.2176818848 42.6304321289 19.3863353729
11139 33.6925888062 38.6432342529 27.3624973297
11140 57.5564880371 18.4765014648 30.7014865875
11141 29.5716114044 35.5667877197 16.5323028564
11142 35.0014915466 32.4809265137 17.0641746521
11143 17.4829883575 -19.7504138947 46.8583869934
11144 190.682601929 -22.340637207 46.0593605042
11145 167.59197998 -14.7941360474 17.6123371124
11146 182.7762146 -14.9608335495 29.0209941864
11147 151.848846436 -26.3310012817 12.9743556976
11148 180.004135132 -20.2447090149 43.4493293762
11149 183.370132446 -17.8564434052 42.7379150391
11150 179.521896362 -17.3364543915 42.6413459778
11151 28.9020347595 43.1758232117 18.7646789551
11152 178.614761353 -17.8625450134 39.75831604
11153 124.286468506 -63.7281227112 24.4004154205
11154 120.324325562 -57.1597099304 27.8146095276
11155 122.82207489 -63.7532348633 31.4253578186
11156 125.757926941 -57.6958503723 27.7688179016
11157 191.600219727 -52.9841079712 44.9838943481
11158 188.757843018 -46.6420135498 45.7990722656
11159 35.4912948608 48.0155334473 18.9642944336
11160 41.7766723633 36.5901603699 30.2512722015
11161 41.9288253784 40.2274360657 35.5100364685
11162 37.7845230103 40.34167099 32.5233268738
11163 46.0639419556 35.927116394 27.5952987671
11164 44.7365264893 34.9615058899 33.40026474
11165 40.1231231689 52.9816322327 30.3751029968
11166 43.0528068542 29.6851482391 33.245880127
11167 24.5119171143 51.9166984558 29.4400482178
11168 29.1019191742 58.0241279602 28.548833847
11169 45.3700065613 41.749168396 32.2078285217
11170 26.9512004852 55.6049804688 21.4444847107
11171 34.4322166443 54.4593963623 18.5345840454
11172 19.437379837 37.5816879272 30.7137641907
11173 24.8606014252 32.9507331848 16.2812232971
11174 24.8836364746 38.3547439575 17.7424201965
11175 48.5359191895 -31.5971450806 36.0838546753
11176 52.3418045044 -27.1622867584 36.6170196533
11177 78.7813720703 22.7157688141 14.7892608643
11178 176.835449219 -17.5246429443 28.936498642
11179 177.619354248 -15.0257225037 29.2098770142
11180 179.196090698 -14.7672405243 27.4267654419
11181 184.634124756 -14.7567615509 24.4100589752
11182 192.339096069 -15.5460662842 23.8080825806
11183 192.562255859 -22.2082767487 28.8569412231
11184 53.3119163513 -6.59724712372 35.2524299622
11185 55.6815795898 -0.941247403622 39.0588951111
11186 55.8652877808 -4.52443027496 39.2229499817
11187 58.9853820801 -2.53995490074 38.6503486633
11188 59.0033683777 -5.81414413452 39.294254303
11189 174.420166016 -15.6392803192 1.97067964077
11190 176.839477539 -16.5957260132 2.99198889732
11191 32.8851737976 -33.1873092651 39.1594390869
11192 32.711730957 -22.174407959 47.2220306396
11193 35.7809371948 -24.1037387848 47.1975021362
11194 35.6171875 -20.4775619507 47.3335075378
11195 161.082946777 -30.746887207 47.2560768127
11196 22.1691894531 -14.9271039963 28.9656600952
11197 25.8097190857 -14.8349275589 28.7063808441
11198 195.187088013 -14.6615600586 11.208533287
11199 195.124298096 -18.7698707581 12.9888095856
11200 197.271957397 -15.2604990005 10.0957813263
11201 186.588760376 -15.2443370819 17.1077251434
11202 185.332855225 -20.7573318481 6.66917085648
11203 26.7831497192 -88.2918701172 23.349691391
11204 24.3927574158 -85.1771011353 17.3763198853
11205 20.2834606171 -88.4084091187 24.707447052
11206 21.599905014 -80.2814102173 26.0523300171
11207 178.195800781 -15.0553770065 15.4904384613
11208 33.936542511 -87.9068374634 21.310377121
11209 28.7882804871 -82.693397522 27.0000171661
11210 23.5964412689 -93.5225372314 27.9429206848
11211 20.0591259003 -92.9256896973 18.7979011536
11212 191.901611328 -18.42918396 20.1418094635
11213 33.4206047058 -90.2693710327 27.6910324097
11214 29.9432525635 -94.888633728 21.7661972046
11215 24.6846027374 -90.3559951782 13.7042512894
11216 97.0466766357 -5.83745718002 37.5574645996
11217 101.242179871 -1.61036670208 37.423789978
11218 104.316497803 -4.68410348892 37.0503501892
11219 64.6101989746 -17.4086227417 11.4947710037
11220 171.491653442 -26.8603553772 2.5967798233
11221 192.649002075 -14.8971967697 19.5225315094
11222 167.772918701 -12.5803136826 25.6383895874
11223 189.682434082 -14.8340921402 4.6064286232
11224 181.064971924 -22.7872428894 46.8172798157
11225 183.194122314 -19.8598403931 46.8680076599
11226 18.7086868286 8.94951248169 23.2105846405
11227 18.3207416534 -18.6759586334 31.3650627136
11228 186.501052856 -18.30402565 15.2674827576
11229 152.141113281 -22.5809440613 12.1265153885
11230 151.372406006 -15.7296094894 14.012840271
11231 175.90562439 -14.5164670944 4.45932292938
11232 167.256469727 -12.1433639526 18.2954921722
11233 167.365585327 -10.5496549606 21.2749004364
11234 195.356506348 -33.9841346741 26.8925132751
11235 176.078063965 -14.6389551163 12.2472705841
11236 175.392059326 -15.2872419357 15.692700386
11237 174.649703979 -15.4878721237 12.6172552109
11238 11.8378477097 -15.0023212433 19.9541149139
11239 107.973968506 -12.3288946152 12.6243305206
11240 179.154708862 -14.6939983368 4.4298210144
11241 102.697280884 -9.16366386414 12.3193740845
11242 171.793502808 -20.0275630951 7.44205999374
11243 170.590698242 -17.0507106781 6.2242474556
11244 29.591594696 -12.0022830963 19.3788051605
11245 32.3805122375 -10.1833791733 22.6212768555
11246 29.6186408997 -13.3557214737 22.0401210785
11247 32.5442085266 -13.0796728134 19.916677475
11248 153.318389893 28.8968067169 28.2827701569
11249 194.58366394 -14.9448108673 7.17414903641
11250 192.565109253 -17.697353363 3.82375574112
11251 32.5473480225 -11.3387832642 17.725320816
11252 186.540939331 -18.5073757172 3.35578489304
11253 182.169647217 -14.5038480759 3.92271637917
11254 32.2501373291 -12.8838396072 24.0603237152
11255 196.200500488 -15.5970335007 3.8659017086
11256 126.565406799 32.9258003235 27.7204456329
11257 123.912902832 27.8642959595 34.0304031372
11258 121.703323364 31.3011951447 28.040145874
11259 190.201400757 -24.3117332458 3.71201229095
11260 62.0959625244 -6.69806814194 14.9494276047
11261 56.0947341919 -3.48647761345 11.2920532227
11262 145.61869812 29.7566833496 27.9292011261
11263 192.517349243 -19.0907230377 7.75030708313
11264 196.929275513 -16.3300685883 7.29652404785
11265 195.016479492 -34.9729652405 10.6044425964
11266 148.789016724 28.2296352386 20.7503681183
11267 148.207748413 29.2198238373 15.6927509308
11268 147.909698486 33.7093315125 16.4627304077
11269 135.507720947 28.3150405884 15.0456542969
11270 195.500259399 -26.2920455933 14.5495100021
11271 131.816482544 31.5554122925 33.2076072693
11272 129.005874634 28.4298343658 34.4011077881
11273 44.1684570312 3.6954805851 36.5111618042
11274 100.246696472 -6.03717565536 41.8296890259
11275 194.690185547 -44.7545013428 14.0199279785
11276 194.709869385 -36.9261779785 17.0341033936
11277 191.739974976 -40.0632743835 12.3975400925
11278 102.707359314 3.03818249702 42.038444519
11279 104.918838501 -0.159941613674 41.6751785278
11280 49.5075531006 2.63983440399 37.5610351562
11281 181.056884766 -15.1717777252 40.2454376221
11282 93.997253418 -31.4352073669 18.0815982819
11283 180.93371582 -27.3179359436 46.6080932617
11284 100.902503967 -1.06684958935 42.3864707947
11285 186.731399536 -17.8382816315 40.2900123596
11286 104.089866638 -4.51476049423 41.3195343018
11287 103.88999939 -9.14429950714 37.7689819336
11288 28.3658599854 -2.71446156502 20.4019870758
11289 32.4797515869 -7.53506183624 17.5974903107
11290 29.5230979919 -7.60272312164 19.3046131134
11291 29.4750289917 -5.77614974976 16.6652069092
11292 194.417816162 -65.736038208 25.2242469788
11293 153.43057251 26.6177902222 15.1126070023
11294 158.303955078 26.1782341003 14.7444438934
11295 158.277267456 19.5 14.4603328705
11296 162.209289551 23.4566993713 14.5872135162
11297 195.136138916 -61.0654411316 42.6594429016
11298 153.692687988 22.6812915802 14.6869716644
11299 105.452911377 -0.405703872442 37.3125648499
11300 180.999023438 -64.8342208862 45.064617157
11301 132.841018677 32.6798324585 16.4257221222
11302 130.463485718 38.6901626587 16.5456047058
11303 130.808807373 36.183052063 22.1742916107
11304 194.488235474 -83.6874694824 46.6526451111
11305 194.580352783 -92.5403213501 44.8760375977
11306 190.19367981 -93.7385177612 22.6304779053
11307 190.867584229 -88.2027587891 30.0251274109
11308 194.840484619 -96.4813461304 26.6951751709
11309 129.815979004 39.5579109192 33.4999961853
11310 194.496109009 -46.8635292053 45.1043357849
11311 52.5798339844 -20.1082725525 9.47407245636
11312 52.6853256226 -16.7980136871 10.8470401764
11313 52.5152359009 -16.7961902618 6.31415843964
11314 49.7376213074 -18.1747646332 6.85933351517
11315 54.0134887695 -21.5010356903 7.28889226913
11316 54.9218902588 -18.2696762085 6.76915645599
11317 54.4802055359 -21.5059089661 11.7083854675
11318 55.1987991333 -18.3153152466 10.7109966278
11319 195.248931885 -65.9177856445 18.4980583191
11320 195.782470703 -62.1171264648 20.2509841919
11321 194.132888794 -104.238418579 29.0557479858
11322 194.588882446 -96.7225494385 41.5005989075
11323 186.713668823 -67.5787277222 5.23809766769
11324 145.645889282 40.7046318054 22.6644744873
11325 70.9921417236 -1.97747862339 34.1665077209
11326 195.194290161 -105.24445343 41.0818710327
11327 157.735244751 -36.8626174927 18.3431949615
11328 153.291885376 -4.2718334198 47.5621337891
11329 152.679443359 -1.25487327576 47.5143165588
11330 189.421035767 -33.9920310974 45.7877807617
11331 166.730743408 -40.087890625 46.4926681519
11332 162.652191162 -47.1966209412 45.961681366
11333 51.7819213867 -16.8289833069 34.5839691162
11334 81.6706008911 27.1900119781 10.1541652679
11335 60.3808670044 -33.4816093445 13.943901062
11336 64.933380127 -35.4843864441 12.1521320343
11337 65.1652984619 -38.7209243774 15.0697393417
11338 188.184295654 -85.6580429077 44.3640365601
11339 89.3335266113 29.4731292725 11.0687303543
11340 87.5432891846 33.9785575867 9.34588909149
11341 194.550857544 -105.041786194 23.4364509583
11342 113.741928101 -49.6210441589 27.3700904846
11343 19.5868396759 -14.7362327576 12.9355516434
11344 114.753936768 -45.7619895935 21.0048389435
11345 172.35925293 -39.1512527466 3.84953689575
11346 15.6791830063 -30.2084465027 3.71241736412
11347 11.6893501282 -27.0512275696 4.21001672745
11348 80.426612854 32.1405944824 10.6424627304
11349 183.233825684 -38.9746208191 8.09087848663
11350 179.867294312 -42.4540710449 3.61374783516
11351 178.571151733 -36.938873291 3.50378894806
11352 194.931564331 -52.5997962952 36.2711448669
11353 194.512863159 -59.9211235046 38.7597999573
11354 195.400787354 -70.5154571533 13.0812520981
11355 194.634292603 -71.5674285889 6.31981611252
11356 175.230636597 -51.9335479736 45.1783485413
11357 4.96406078339 -29.342634201 7.6638007164
11358 150.88772583 -104.309028625 12.2958583832
11359 156.789413452 -98.6424484253 13.2674407959
11360 182.252853394 -99.6264877319 42.2381134033
11361 69.5381851196 -3.17634487152 15.6191415787
11362 31.4309635162 -14.2463283539 35.4263801575
11363 191.726150513 -22.3345108032 24.9147090912
11364 191.237609863 -22.3345108032 20.8075618744
11365 189.109863281 -18.7227878571 24.6059799194
11366 191.712890625 -39.3260383606 26.1716804504
11367 65.5552520752 -13.8055810928 11.3971261978
11368 189.575195312 -73.9864273071 43.8389205933
11369 58.9522743225 -17.0353336334 11.0362663269
11370 152.302536011 -104.610038757 44.5412521362
11371 61.6691741943 -15.9326181412 10.6509799957
11372 194.789855957 -80.3418807983 26.7990074158
11373 194.504959106 -71.4558105469 25.7425003052
11374 166.072433472 -57.2114372253 44.6635856628
11375 188.855514526 -93.0967788696 42.463142395
11376 180.642044067 -87.5979690552 44.9187393188
11377 28.9412193298 -16.6146335602 36.3873825073
11378 30.4405612946 -19.5237751007 38.855255127
11379 31.7853069305 -14.6931123734 31.3743019104
11380 177.5078125 -32.255279541 44.863735199
11381 180.319229126 -32.0157585144 47.154876709
11382 161.705154419 -21.6832122803 47.2909317017
11383 174.128952026 -35.8128700256 45.5466003418
11384 183.511734009 -20.1192340851 14.0439872742
11385 184.628677368 -17.4141521454 11.4998207092
11386 129.991088867 -74.1376724243 45.0769462585
11387 158.262130737 -104.793060303 32.2608337402
11388 163.837188721 -105.081626892 30.5158939362
11389 194.696960449 -79.8593215942 18.5601882935
11390 170.529388428 -104.448936462 34.9697875977
11391 157.401641846 -79.4314422607 4.0349407196
11392 188.508529663 -102.759597778 44.3030319214
11393 33.8594017029 -27.5377655029 41.0527877808
11394 64.2985839844 -25.0848388672 7.66328144073
11395 64.9565124512 -26.6187839508 3.01134061813
11396 58.3449325562 -29.6671180725 8.49478244781
11397 57.364982605 -24.7322940826 8.47512722015
11398 61.1399497986 -23.0613555908 7.61393404007
11399 62.8678779602 -23.2719211578 2.87491703033
11400 177.668991089 -20.9260425568 27.8368091583
11401 179.559417725 -18.0712356567 29.2757663727
11402 176.323516846 -20.8262462616 35.0499763489
11403 25.325876236 -36.3093566895 34.5988769531
11404 180.076217651 -59.7434654236 45.6782531738
11405 195.115768433 -73.1364974976 30.5430278778
11406 186.568130493 -60.946762085 44.9014778137
11407 176.358016968 23.7402038574 30.4370689392
11408 171.016235352 25.5248088837 33.9186973572
11409 188.541915894 -96.5759887695 10.930521965
11410 181.842468262 27.5232563019 24.5414581299
11411 175.017654419 29.9307079315 29.2160549164
11412 174.700286865 72.206703186 6.3751115799
11413 168.28163147 72.0087585449 4.91190385818
11414 167.654083252 67.2880935669 8.37119293213
11415 182.421554565 20.1601848602 27.9229488373
11416 180.810821533 26.4001255035 31.4735279083
11417 177.745437622 20.2952537537 33.4232215881
11418 175.235900879 27.3150577545 33.7257881165
11419 68.5126876831 -6.80116701126 43.8507156372
11420 67.0853652954 -4.06733131409 47.0725822449
11421 67.9261550903 -3.91241669655 42.7227249146
11422 71.0553131104 -9.59362792969 42.419834137
11423 68.4539489746 -6.35682582855 40.633228302
11424 71.2762145996 -5.66090011597 42.6902008057
11425 70.4991912842 -5.78490781784 47.1179428101
11426 195.071777344 -96.7996139526 20.3813076019
11427 137.752441406 -7.6932926178 6.09679698944
11428 137.917297363 -4.22852325439 7.25293540955
11429 137.444763184 -5.15327692032 2.82459521294
11430 134.650421143 -7.65463972092 3.07609081268
11431 195.188339233 -35.4981307983 21.9187698364
11432 195.15184021 -31.6497325897 16.2701377869
11433 136.360839844 -10.427318573 7.27912139893
11434 153.356231689 -62.0327720642 4.30352258682
11435 134.781448364 -6.2978720665 7.45908308029
11436 182.197280884 7.09418344498 39.9198875427
11437 183.452926636 11.114771843 34.9008598328
11438 181.372344971 13.142911911 38.7576217651
11439 177.998138428 3.91787910461 40.0189361572
11440 194.575592041 -51.8369560242 29.839963913
11441 179.469467163 11.7356700897 42.0706443787
11442 148.898666382 -64.2606277466 4.35388231277
11443 32.715259552 -50.2532958984 25.2429027557
11444 28.68542099 -50.2507514954 28.6224422455
11445 28.8866462708 -49.0290641785 17.547662735
11446 31.2395992279 -54.5922927856 22.3928928375
11447 194.410598755 -82.6866378784 19.1483955383
11448 121.116394043 34.8818740845 11.9202795029
11449 127.523498535 34.0708236694 16.3498859406
11450 162.47479248 -67.5774993896 41.0732154846
11451 166.299713135 -69.4317398071 45.2186203003
11452 160.341629028 -64.4967498779 45.5613327026
11453 126.523918152 34.9419403076 20.8669090271
11454 147.49395752 -16.8538398743 43.7182273865
11455 145.008743286 -18.1599197388 43.4186515808
11456 162.489456177 -42.4656410217 46.4948959351
11457 94.2916030884 -23.9479389191 37.4415588379
11458 185.002624512 -54.3259773254 11.1595144272
11459 183.94543457 -45.7941741943 9.22736167908
11460 184.767471313 -50.4633522034 4.58726644516
11461 180.249191284 -52.1671981812 8.87550067902
11462 169.723754883 -50.3619651794 5.00819349289
11463 195.012359619 52.4169807434 20.2306079865
11464 182.909591675 -78.8176422119 4.70230102539
11465 144.227264404 -15.2976970673 43.1435775757
11466 176.504150391 -61.5747756958 4.38528299332
11467 66.7691268921 -3.5006275177 11.6085014343
11468 68.7910690308 -6.46450662613 11.5119581223
11469 180.189544678 -52.9837913513 45.7427749634
11470 65.0195846558 -6.55140542984 11.3037471771
11471 189.851577759 -86.424697876 6.42648410797
11472 195.033172607 -56.4322853088 23.9091949463
11473 188.797958374 -100.268684387 28.9118442535
11474 172.494491577 -104.4868927 44.7274246216
11475 194.437225342 -104.349098206 17.4149723053
11476 186.021316528 -104.660774231 18.4382572174
11477 175.250961304 -47.7813339233 5.61523342133
11478 149.485031128 -21.9059906006 42.233253479
11479 189.65864563 -45.4594497681 8.70827102661
11480 184.417480469 -43.5941085815 4.76601314545
11481 181.750671387 -19.961763382 6.3466219902
11482 178.402252197 -23.2010822296 6.5374174118
11483 170.44229126 -73.8997192383 43.8889656067
11484 175.414871216 -69.2021865845 44.757648468
11485 173.270111084 -105.015472412 30.6366348267
11486 90.1937332153 -4.29823493958 10.9857549667
11487 93.3465118408 -5.05202531815 6.80137968063
11488 160.935195923 -25.9553089142 2.88811779022
11489 51.7208023071 -43.9249229431 34.7279472351
11490 43.8416671753 -46.8461380005 29.9396209717
11491 47.0528793335 -48.4066352844 34.9307289124
11492 52.5416603088 -50.0389595032 34.0267333984
11493 195.092498779 -30.0791988373 11.012219429
11494 195.464752197 -46.9198989868 19.2129688263
11495 170.595657349 -26.8438777924 47.2407608032
11496 178.155105591 -30.3100261688 3.48831033707
11497 182.557662964 -34.4379425049 3.72539019585
11498 188.261932373 -77.6864395142 4.63576602936
11499 181.437194824 -87.6793899536 5.62859869003
11500 149.945678711 -14.8666448593 42.7462158203
11501 149.761886597 -18.3167324066 42.9477577209
11502 170.478607178 -102.327400208 9.44333076477
11503 129.107849121 -14.4669418335 39.2035865784
11504 152.771026611 -20.9557723999 40.1615753174
11505 167.751739502 -97.9147567749 36.6203613281
11506 167.886505127 -92.2023696899 44.9516487122
11507 160.047805786 -92.2984390259 37.9806480408
11508 160.897018433 -98.7947311401 44.4854621887
11509 194.684936523 -63.1944923401 8.04666996002
11510 27.0712604523 -8.24855518341 13.611530304
11511 29.5094547272 -27.1767787933 2.82774662971
11512 179.528396606 -59.3221092224 3.68962311745
11513 191.99369812 -51.806476593 5.59266710281
11514 176.05947876 -99.1934890747 21.6546936035
11515 168.136871338 -99.2478179932 20.180311203
11516 173.333496094 -93.4846725464 20.9587688446
11517 173.09954834 -98.6955947876 14.845164299
11518 181.085800171 -65.5059814453 4.37804365158
11519 31.171710968 -9.6109418869 20.1748180389
11520 194.450057983 -86.6863250732 11.1592998505
11521 61.2096328735 -19.416967392 11.9092302322
11522 178.017913818 -104.351249695 9.52462291718
11523 58.517791748 -20.4851818085 12.0100002289
11524 152.946594238 -17.4185943604 40.7610321045
11525 134.992935181 8.12859249115 37.6542892456
11526 133.124893188 4.2627158165 37.5129394531
11527 191.749465942 2.01663255692 22.7164154053
11528 159.265106201 -36.643737793 8.91831684113
11529 158.077774048 -41.2503585815 9.58438587189
11530 156.769790649 -36.4813308716 4.26464223862
11531 159.053543091 -41.0480690002 3.26910114288
11532 182.473068237 -1.84767448902 16.7140102386
11533 194.763687134 -42.5222015381 7.44705963135
11534 84.5085372925 36.5607948303 25.4660606384
11535 77.4180297852 24.4132976532 29.4787254333
11536 138.559280396 7.97580385208 37.5669593811
11537 80.4934005737 34.5932807922 28.7979621887
11538 83.8634033203 30.6163063049 31.3193473816
11539 184.569610596 -57.3636054993 4.51341629028
11540 164.338684082 -71.9971694946 6.44457006454
11541 163.192596436 -66.4755401611 4.36426067352
11542 29.445640564 18.5031814575 35.3837280273
11543 144.819702148 3.41445755959 37.406627655
11544 175.242858887 -17.9864006042 6.10166978836
11545 172.524703979 -17.6995811462 3.02189612389
11546 140.430130005 4.40208816528 37.7109642029
11547 184.16355896 -15.1831436157 26.8839073181
11548 75.3602523804 41.1108779907 32.4794616699
11549 75.0562973022 48.2040634155 31.3884010315
11550 69.4380493164 48.7880058289 31.5272674561
11551 135.195281982 0.15262119472 38.1968955994
11552 75.692024231 38.9251403809 27.1598682404
11553 70.4220199585 37.9024772644 31.8526382446
11554 66.6623306274 48.2035598755 25.2832508087
11555 73.9808807373 50.964176178 24.6436843872
11556 194.997146606 -56.9031143188 11.3503990173
11557 140.428634644 16.2660083771 32.9602775574
11558 136.487915039 4.86247777939 11.8828792572
11559 136.4556427 0.435466736555 12.0959625244
11560 138.937683105 2.64770674706 7.57125663757
11561 139.761566162 5.86276483536 12.041021347
11562 139.465438843 5.73901081085 7.91978931427
11563 136.724304199 8.5150680542 8.40332794189
11564 194.030471802 -58.5583343506 5.83920145035
11565 133.398498535 7.25183200836 8.03875923157
11566 133.400054932 3.81822252274 12.0641069412
11567 133.430862427 6.97551679611 12.2579021454
11568 185.954238892 -99.1931304932 16.4376316071
11569 178.102401733 -104.344390869 15.1747245789
11570 143.195983887 5.51734638214 12.5329380035
11571 62.3626708984 22.3328094482 29.8174877167
11572 177.431686401 -79.0724716187 6.54415082932
11573 174.807174683 -85.8411712646 7.3723359108
11574 195.388565063 -105.592544556 4.68125343323
11575 179.004928589 -5.24002361298 19.4593009949
11576 183.811508179 14.0513381958 29.2363300323
11577 188.633102417 16.1615180969 26.7378768921
11578 189.242141724 -60.8626594543 4.44788169861
11579 189.647262573 -45.1647720337 41.5406417847
11580 189.702102661 11.5135755539 33.0546188354
11581 99.3303222656 27.5717563629 35.4491844177
11582 102.424232483 20.9912052155 35.049369812
11583 98.0741119385 28.0685958862 30.2936973572
11584 186.907669067 -106.872627258 5.03184843063
11585 192.137359619 -2.16998267174 7.66558504105
11586 75.6733474731 19.4406681061 14.0800075531
11587 74.8017349243 23.7531890869 14.6936540604
11588 179.580749512 -47.658870697 4.15693616867
11589 165.602859497 -76.2251586914 43.9960632324
11590 170.009216309 -73.3277130127 37.5240783691
11591 183.780975342 -61.6567001343 4.34784507751
11592 177.657409668 15.9220581055 3.29465436935
11593 181.930389404 13.9310264587 3.99693346024
11594 81.2818832397 19.1346092224 14.2678794861
11595 80.2653884888 39.9923286438 29.7663803101
11596 79.9298095703 40.3288650513 38.5352249146
11597 78.8365020752 35.2040023804 33.8043823242
11598 80.7004776001 44.7580528259 32.8674278259
11599 85.639755249 45.4879989624 25.1066551208
11600 81.2202072144 41.1982345581 23.6578121185
11601 78.1407241821 45.1672096252 26.1115112305
11602 59.8183784485 -9.4772644043 38.9120330811
11603 82.256401062 14.5216255188 13.7742414474
11604 54.4975967407 -13.3715171814 39.0695533752
11605 52.95362854 -7.01584529877 39.190448761
11606 53.8109092712 -10.0226173401 38.9623527527
11607 56.3848571777 -8.20982646942 39.7314605713
11608 189.417266846 -59.2577133179 40.3823547363
11609 185.486694336 -65.1286315918 40.8321876526
11610 190.207351685 -65.7946777344 45.0076408386
11611 166.253845215 -91.0540313721 14.0082330704
11612 168.53918457 -94.3773498535 5.49804735184
11613 163.544799805 -99.9973831177 7.32795000076
11614 159.247756958 -94.2116165161 5.50026226044
11615 186.342895508 -105.315292358 32.3420372009
11616 161.300476074 9.01476860046 33.9635238647
11617 188.900939941 -98.7806854248 39.328502655
11618 176.757156372 -104.930435181 26.528465271
11619 148.56578064 -92.3227233887 44.4566307068
11620 76.7111434937 -41.106048584 34.7993049622
11621 165.401000977 -62.0139656067 44.8879089355
11622 151.67489624 -104.370765686 36.0681877136
11623 154.885482788 -98.422088623 36.8018035889
11624 151.888214111 -98.8608398438 44.4806785583
11625 132.880371094 -100.68711853 27.429145813
11626 127.583488464 -104.375350952 25.5982437134
11627 133.721908569 -105.44695282 30.302734375
11628 169.719329834 0.281134426594 14.3978481293
11629 137.627548218 -51.648235321 16.4329242706
11630 139.782165527 -46.9601593018 15.108581543
11631 141.873016357 -51.6137084961 16.4883460999
11632 91.8433456421 10.4499053955 36.4640045166
11633 125.871864319 -74.3057250977 5.15732431412
11634 145.595443726 -85.9407043457 45.4477043152
11635 86.0238494873 11.8462619781 36.6945762634
11636 143.36100769 14.3749380112 34.2472839355
11637 139.76625061 16.0077915192 37.2761917114
11638 143.341766357 14.7615909576 39.0458106995
11639 145.157485962 17.3620796204 36.5119438171
11640 143.785522461 -104.913513184 44.8646202087
11641 141.048553467 12.2059316635 37.0902175903
11642 143.222763062 -24.8204708099 36.8595657349
11643 149.688354492 15.3645429611 36.027053833
11644 36.6674537659 -19.0842552185 7.53492021561
11645 40.9405517578 -19.7018890381 5.89496517181
11646 114.041885376 -105.097122192 44.3268241882
11647 84.0102539062 -68.6444168091 44.7957458496
11648 105.881919861 -104.629264832 43.503578186
11649 67.2415390015 -104.674430847 32.9170417786
11650 73.3706283569 -104.60949707 30.8509082794
11651 95.5004043579 -104.887123108 39.3676643372
11652 97.8506774902 -75.4928665161 4.17389535904
11653 103.302566528 -74.5162124634 4.69970607758
11654 27.8072929382 -104.292953491 19.6630935669
11655 21.3640899658 -104.399520874 18.9957466125
11656 86.9810562134 -104.699996948 43.0023841858
11657 33.9948883057 -9.17675113678 12.590968132
11658 32.4391860962 -11.2575283051 11.3001146317
11659 32.0520133972 -10.0834054947 8.21257019043
11660 78.6294326782 -105.351348877 43.9294662476
11661 89.0462188721 -104.530708313 36.624004364
11662 150.211990356 74.9222869873 5.05519962311
11663 29.4930648804 -9.94041347504 13.4909276962
11664 149.000427246 -23.3863105774 12.4111833572
11665 33.6435470581 -105.307228088 38.0722770691
11666 40.2278060913 -104.327346802 39.2947616577
11667 33.6336975098 -105.209228516 44.8041229248
11668 72.4917297363 -100.523582458 24.6222820282
11669 68.0131378174 -105.019256592 14.577835083
11670 73.9910049438 -104.665641785 18.8204288483
11671 68.7904815674 -105.511604309 20.8512268066
11672 90.4363174438 -26.9129047394 37.0031661987
11673 14.8628196716 28.2061958313 30.4961738586
11674 19.8178443909 27.4355220795 37.162940979
11675 51.6298179626 -104.964179993 44.6178474426
11676 28.0113792419 -59.7715759277 4.6860499382
11677 10.0800743103 -80.3154449463 34.0582466125
11678 5.57992172241 -80.4809799194 36.2465400696
11679 5.69934749603 -73.8996276855 36.5604705811
11680 19.2671508789 33.0286178589 34.2804412842
11681 23.5036449432 -91.4427719116 44.6163787842
11682 23.7780857086 -100.347900391 43.8765869141
11683 153.355728149 32.4307556152 22.0778865814
11684 5.53637123108 -89.3243789673 15.6622495651
11685 4.94070959091 -104.54486084 45.3746261597
11686 8.97639751434 -104.242012024 46.3736953735
11687 5.14794540405 -93.9397964478 44.1728477478
11688 17.0807418823 -78.8159484863 45.2988395691
11689 12.4753389359 -105.269294739 35.7440567017
11690 100.546173096 -71.2083587646 21.0940532684
11691 105.927909851 -72.1191482544 23.9320392609
11692 103.365135193 -66.9627380371 18.0761947632
11693 100.138053894 -65.7637023926 24.4217529297
11694 101.413162231 -77.2835769653 18.9811668396
11695 100.371261597 -77.5200576782 26.2466068268
11696 97.3920974731 -67.3849639893 17.7997531891
11697 98.8518066406 -70.4786376953 11.347905159
11698 95.56615448 -75.1330108643 17.9477443695
11699 101.588302612 -75.9287338257 12.1620168686
11700 104.949623108 -71.2288970947 17.5606098175
11701 95.7112503052 -70.9345321655 24.2035694122
11702 181.437210083 -79.3638076782 44.4477958679
11703 181.236557007 -70.2688446045 45.3660202026
11704 138.630767822 -12.1506156921 44.1201210022
11705 136.919921875 -9.53158569336 42.9711227417
11706 137.600204468 -9.41891860962 47.0396766663
11707 138.265808105 -15.7390890121 43.0363006592
11708 154.428375244 -76.0994873047 44.6849517822
11709 141.116241455 -13.8194274902 43.2149848938
11710 141.733383179 -13.1549406052 47.8809738159
11711 150.433944702 -104.513771057 39.4992141724
11712 140.772354126 -10.0567264557 46.3110466003
11713 140.972763062 -9.65167045593 42.6535224915
11714 93.0578842163 51.0543403625 43.2113647461
11715 130.879119873 -104.902488708 36.9539337158
11716 124.691192627 -99.0618209839 44.5224685669
11717 124.394508362 -102.261390686 35.763874054
11718 127.293228149 -104.871315002 44.4968757629
11719 12.0114555359 14.9618911743 24.4799346924
11720 12.7601461411 19.753610611 22.2440032959
11721 122.68523407 -69.0180740356 5.73937988281
11722 133.203216553 -104.357261658 22.6412754059
11723 67.9504165649 -79.9531936646 42.8062324524
11724 64.9100036621 -79.1871643066 6.01950454712
11725 16.6695861816 -62.5509757996 34.2066307068
11726 19.6681175232 -59.6698570251 41.9546356201
11727 21.0446052551 -59.2784576416 35.4368591309
11728 17.1467323303 -54.7844924927 34.3932113647
11729 44.4954605103 -104.336746216 34.0162277222
11730 21.2339324951 -104.362937927 37.3252449036
11731 5.53248548508 -95.5573501587 31.5704517365
11732 6.17640590668 -104.263442993 32.9419250488
11733 184.965774536 -99.9131698608 34.2224006653
11734 166.469696045 -104.895690918 39.0671730042
11735 150.721282959 -104.329902649 18.1736106873
11736 145.238479614 -46.9289360046 30.3999347687
11737 114.190727234 -75.9141845703 6.05628395081
11738 120.208190918 -75.9558639526 6.37296009064
11739 112.939941406 -104.495246887 37.3870353699
11740 88.4171524048 -71.7116394043 45.2773208618
11741 83.342086792 -69.6103973389 37.2389793396
11742 88.5656661987 -70.3227615356 38.014793396
11743 86.0832595825 -77.4034805298 44.3386459351
11744 89.4126663208 -53.2255516052 5.10295248032
11745 111.842582703 34.7168083191 38.5689163208
11746 117.214599609 37.7520179749 37.6386451721
11747 118.065185547 27.6940422058 34.2043266296
11748 115.062271118 31.4219894409 39.3566246033
11749 57.047077179 -10.8064670563 44.3386459351
11750 54.2349357605 -14.5911140442 47.2993354797
11751 54.718082428 -13.3910207748 42.9722099304
11752 59.607673645 -13.5751714706 47.266834259
11753 59.458694458 -104.348846436 38.3038406372
11754 54.5304145813 -9.85380554199 47.5202903748
11755 54.0333328247 -10.0914173126 43.3272972107
11756 56.5132446289 -8.20524406433 46.6919822693
11757 56.3396987915 -8.04590034485 43.1149978638
11758 154.423843384 -88.2719268799 18.4726696014
11759 149.907501221 -92.8623428345 21.2297306061
11760 147.232727051 -86.4623336792 25.4276351929
11761 145.752960205 -86.046913147 16.7505989075
11762 50.3656044006 -104.476699829 38.2717704773
11763 53.4852714539 -105.010055542 32.21534729
11764 178.777038574 -32.3036651611 11.7318124771
11765 149.952758789 -81.1335449219 14.3000011444
11766 148.817718506 -86.3690185547 7.95548009872
11767 149.481842041 -80.0088577271 21.2279701233
11768 157.149475098 -80.6504058838 23.2664642334
11769 138.407958984 33.5659599304 21.9210739136
11770 30.1164054871 -104.39402771 31.4414558411
11771 174.558883667 -32.5203170776 12.8900766373
11772 138.119674683 -68.1510848999 4.21456050873
11773 136.264526367 -68.7534637451 11.8757286072
11774 140.829345703 -73.7007675171 12.5255851746
11775 142.951766968 -67.1001205444 6.35211515427
11776 126.826538086 -85.6336593628 45.2413024902
11777 164.760818481 -10.107427597 27.8841438293
11778 118.765029907 -105.159034729 37.2326011658
11779 112.213386536 -100.184570312 43.3481559753
11780 85.7080993652 -104.609161377 27.0076618195
11781 87.4407348633 -104.432693481 33.0348472595
11782 94.8463439941 -104.643424988 30.2117595673
11783 91.556968689 -101.29561615 26.9936637878
11784 103.080749512 -104.59728241 34.4786148071
11785 70.2521896362 -11.725815773 11.5441436768
11786 68.4878158569 -15.6081075668 11.1322278976
11787 52.9301757812 -81.8773574829 6.48413419724
11788 49.0500488281 -3.98805141449 14.1958017349
11789 74.8879623413 -98.9404296875 34.7700195312
11790 76.9749832153 -104.980148315 30.46352005
11791 81.4037780762 -104.471565247 36.7990684509
11792 23.3042297363 -80.3491744995 44.9508361816
11793 38.6103401184 -84.7398757935 43.274646759
11794 71.5116424561 -39.4388694763 34.2624702454
11795 161.371078491 -84.7525787354 6.73792076111
11796 142.796600342 -98.8532791138 44.4738922119
11797 158.777481079 -105.218345642 25.9938831329
11798 151.56463623 -104.542984009 30.0849933624
11799 139.271560669 -104.392028809 34.5217247009
11800 121.976394653 -104.93081665 20.7833881378
11801 85.3209533691 15.3194351196 38.7190475464
11802 89.0167388916 -60.1676864624 39.1593894958
11803 90.8955841064 -63.8362998962 45.8931846619
11804 114.047279358 -54.4912834167 5.50398349762
11805 66.4659194946 -104.446136475 25.7449321747
11806 46.730140686 -85.5989151001 45.4233016968
11807 40.31508255 -105.170783997 27.0127487183
11808 20.1175098419 -104.782218933 33.9394035339
11809 5.4705324173 -88.230255127 40.9344749451
11810 24.4201965332 -77.7055740356 14.8968658447
11811 19.4809799194 -85.6734008789 13.6410579681
11812 16.97265625 -83.2976226807 21.4740867615
11813 23.6861877441 -105.005844116 27.073677063
11814 47.0595741272 -1.89668011665 12.9833927155
11815 90.7086257935 -67.8660125732 24.9092025757
11816 87.8481216431 -70.6418838501 17.9213047028
11817 86.8189926147 -73.1934890747 24.1740932465
11818 97.0280685425 -65.1679534912 31.1802024841
11819 92.6137771606 -67.9290771484 31.5177249908
11820 5.41931200027 -95.3809585571 37.7288093567
11821 92.193397522 -60.8077697754 22.4736919403
11822 156.651855469 -55.2903327942 44.9872894287
11823 129.169158936 -98.8901596069 35.3860816956
11824 97.1393356323 20.2176704407 19.7927074432
11825 121.566299438 -96.5298690796 39.7216644287
11826 118.167266846 -100.398391724 43.79945755
11827 123.536376953 -92.717010498 44.2614440918
11828 114.365234375 -91.9164276123 45.0021476746
11829 113.224304199 -106.536834717 29.6148834229
11830 99.0287475586 25.1183605194 20.6550273895
11831 123.015945435 -80.4035415649 5.77801990509
11832 187.675506592 -1.11633622646 27.0775508881
11833 85.3940811157 49.0519943237 31.2909965515
11834 88.4600219727 44.2945480347 37.8982543945
11835 59.3707695007 -104.899009705 30.3367042542
11836 5.28622961044 -70.3530731201 30.3145046234
11837 39.7033119202 -105.450401306 22.3468856812
11838 35.0515594482 -76.0383377075 6.16333198547
11839 84.7107467651 57.0543403625 37.0618667603
11840 83.7956619263 56.2506828308 30.6393699646
11841 88.5933151245 50.6118965149 24.1307067871
11842 79.8265075684 50.6015434265 31.8061389923
11843 142.611312866 -15.0415182114 9.74971675873
11844 164.244918823 -80.4069519043 45.5314369202
11845 150.022354126 -104.364883423 23.6896057129
11846 140.13482666 -85.3177871704 42.0757293701
11847 82.3869018555 54.2604370117 24.7295837402
11848 80.187828064 52.656211853 18.6754760742
11849 85.3428955078 53.8916282654 17.9547557831
11850 83.1602630615 47.445110321 18.3328418732
11851 112.637229919 -105.323150635 5.72050952911
11852 114.483345032 -38.2051467896 2.80510425568
11853 127.035644531 -104.476921082 19.1313476562
11854 179.567718506 0.547070980072 39.9131813049
11855 173.534805298 1.02138280869 33.8250389099
11856 176.57649231 1.00558757782 30.7678565979
11857 91.6277160645 -66.0061798096 4.72471523285
11858 150.559158325 62.436252594 44.3996772766
11859 71.1697998047 -47.1286048889 4.20548582077
11860 74.5083084106 -43.7780456543 3.78907728195
11861 167.794158936 85.2076721191 23.8380279541
11862 165.766372681 84.7007064819 15.7778654099
11863 162.278793335 84.9986419678 21.1113166809
11864 44.987197876 -104.969154358 19.6249351501
11865 49.6893730164 -106.365013123 22.6432247162
11866 53.9272079468 -105.149772644 19.1370677948
11867 49.1263160706 -99.6899719238 19.8337535858
11868 46.102645874 -83.2153091431 5.25295591354
11869 17.6866054535 -87.4356155396 45.0821113586
11870 171.413772583 -39.0219192505 14.6807317734
11871 51.6032142639 -93.1644744873 11.3816347122
11872 57.947013855 -100.603889465 6.53408908844
11873 49.400970459 -92.0852737427 5.10707807541
11874 94.9196929932 12.5768661499 17.5831642151
11875 160.346923828 -105.035621643 21.4006938934
11876 169.565811157 -69.7451477051 5.12469577789
11877 174.784973145 -36.4498062134 5.11177396774
11878 131.232177734 -86.932220459 42.2310752869
11879 65.4249572754 0.639994382858 16.0366897583
11880 123.409507751 -105.592658997 25.4160423279
11881 162.003219604 -44.3076286316 5.06254053116
11882 83.6829071045 -82.1260986328 44.1408004761
11883 78.5020065308 -87.1639938354 42.23097229
11884 87.7250900269 -87.580909729 42.5678634644
11885 80.1243133545 -75.9423370361 37.0701942444
11886 75.3057022095 -79.0938720703 43.5954627991
11887 80.0225601196 -77.2626800537 45.3473625183
11888 70.3879928589 -85.2681884766 43.9980354309
11889 78.2598876953 -105.85017395 23.6288032532
11890 35.2087631226 -52.9143180847 44.9892120361
11891 46.2560157776 -90.1652603149 23.5505485535
11892 49.2346534729 -84.7461395264 26.2237224579
11893 41.2288398743 -83.7809371948 21.5930194855
11894 41.3545417786 -84.472869873 27.941198349
11895 87.0924606323 -104.394142151 11.1990537643
11896 84.8476638794 -104.385147095 14.9693231583
11897 43.3886070251 -90.0416946411 30.5742893219
11898 12.29292202 -23.9194984436 14.8041067123
11899 12.6004095078 -19.6407699585 13.4034719467
11900 11.0365200043 -18.6710224152 16.9508361816
11901 16.358631134 -21.4355010986 18.6169147491
11902 36.0468864441 -60.2926292419 45.8170166016
11903 30.1372013092 -104.576347351 26.3859786987
11904 4.86913728714 -89.7970962524 21.1499938965
11905 52.0091056824 -91.2464599609 27.469165802
11906 4.85539245605 -96.3120498657 23.3893699646
11907 72.7843322754 -13.8984794617 11.955742836
11908 73.9130401611 -15.646115303 9.36350631714
11909 164.356735229 -85.7403869629 46.1759033203
11910 42.2613105774 -4.2967414856 10.0768594742
11911 157.515914917 -92.3451919556 12.8738136292
11912 152.485641479 -98.829460144 17.5404872894
11913 150.68409729 -93.1108856201 12.9874677658
11914 117.516654968 -87.8654632568 10.7825937271
11915 117.744064331 -86.6354904175 4.51840305328
11916 114.591552734 -92.8639373779 5.13875722885
11917 74.2601165771 -19.1064796448 38.0960464478
11918 164.134231567 -104.338775635 17.9585151672
11919 142.755493164 -72.3880767822 5.09247255325
11920 146.118728638 -78.9310760498 7.70127630234
11921 141.496643066 -78.6009674072 4.80424833298
11922 38.376411438 -92.817527771 24.1915721893
11923 42.0165481567 -89.8078155518 17.9222927094
11924 100.478363037 -20.6035938263 6.3748588562
11925 96.2994384766 -20.1338386536 6.2398147583
11926 98.0440139771 -22.8188209534 8.08617019653
11927 98.4932556152 -18.0296344757 7.33889770508
11928 97.3704528809 -22.4056911469 4.14706373215
11929 101.086448669 -24.0182056427 3.32682704926
11930 106.097709656 -67.6562957764 45.9058647156
11931 100.201759338 -71.5606079102 43.2702178955
11932 166.051895142 33.2553710938 33.5281448364
11933 170.474212646 30.4411678314 33.5975036621
11934 43.5011825562 -95.0919342041 20.5965557098
11935 70.2612457275 -91.3813247681 5.27332019806
11936 60.8008842468 -104.37651825 15.7401618958
11937 47.0657615662 -69.8192138672 43.7154464722
11938 49.1920394897 -59.5082855225 39.2313537598
11939 51.7165374756 -58.3519592285 46.0555381775
11940 45.887260437 -61.8273582458 45.2843093872
11941 51.0574684143 -65.348449707 43.6636810303
11942 30.1641960144 -100.003570557 43.3863258362
11943 71.6265945435 33.9847335815 33.8339233398
11944 75.8059997559 29.4015445709 33.2188224792
11945 72.5265731812 25.9055137634 35.1393051147
11946 69.3645782471 30.5832481384 31.7207584381
11947 75.1480407715 30.2312221527 27.8864479065
11948 72.7793045044 25.9997787476 30.101978302
11949 66.4424819946 27.7013072968 34.5528831482
11950 65.0410003662 36.0559310913 33.2116317749
11951 69.7007217407 33.9282112122 28.2422943115
11952 12.4599609375 -104.333885193 19.7909622192
11953 13.33664608 -104.295143127 14.4902658463
11954 156.012481689 -80.8871688843 10.2780590057
11955 160.875274658 -74.4780883789 5.22040367126
11956 163.976547241 -79.4594116211 7.73108196259
11957 58.5437774658 36.1406784058 33.9194297791
11958 63.0360450745 31.9663410187 33.7507705688
11959 164.900543213 -79.5424880981 14.9378471375
11960 167.198547363 -85.9952392578 8.06837558746
11961 112.490745544 -31.0506286621 13.1514196396
11962 108.942893982 -30.5030498505 13.5538930893
11963 94.7305908203 -37.1085205078 15.599486351
11964 140.69708252 -85.6250534058 8.14646530151
11965 86.5691146851 -39.4076957703 34.3054771423
11966 89.0363082886 -43.4537239075 33.2744598389
11967 25.0495624542 -0.296732127666 19.328748703
11968 103.65221405 -91.9755325317 5.60990476608
11969 59.9879608154 -85.2414627075 7.78730201721
11970 167.447570801 -29.9197025299 2.96119594574
11971 91.1122207642 -96.6190185547 39.0302429199
11972 93.8745117188 -100.128822327 43.280620575
11973 84.9836959839 -99.8878326416 43.5276756287
11974 37.0473098755 -104.570915222 5.87614536285
11975 107.416099548 -31.1100006104 36.3390579224
11976 104.614906311 -28.5300922394 36.5429039001
11977 61.1257362366 -43.6535186768 46.8751449585
11978 18.7569694519 -78.7375564575 13.6014308929
11979 10.169175148 -84.8168258667 14.1153316498
11980 11.5254497528 -80.0802001953 9.59565067291
11981 5.99812746048 -104.303421021 21.3436374664
11982 28.7733707428 -104.731422424 6.14997959137
11983 153.015716553 -86.1918258667 4.2415189743
11984 172.630584717 -13.4650220871 6.6411242485
11985 182.617172241 -85.1364974976 11.9308595657
11986 184.62562561 -60.5958137512 15.9230604172
11987 190.280883789 -61.9252700806 14.6540775299
11988 189.84147644 -56.5235366821 13.4845609665
11989 100.215766907 9.46316051483 36.8174476624
11990 148.561325073 -104.358657837 5.08682823181
11991 109.488182068 -75.0056381226 5.09539651871
11992 115.779663086 -100.998413086 26.8789215088
11993 153.127807617 -15.8042316437 2.18076348305
11994 112.393363953 -104.570602417 12.6073322296
11995 143.736312866 25.7637863159 19.7259082794
11996 130.687988281 -104.8360672 7.16569471359
11997 101.682060242 -104.233703613 15.7664365768
11998 157.656173706 35.4509544373 22.2624549866
11999 63.3090286255 -73.9190444946 12.6537437439
12000 58.3289718628 -77.2515792847 5.20581102371
12001 64.2506942749 -71.5104751587 5.35957384109
12002 77.0604629517 -104.648895264 12.006570816
12003 49.6058921814 -104.864700317 6.95596504211
12004 55.3594856262 -100.421981812 35.9248657227
12005 57.8714294434 -99.8978424072 43.9636116028
12006 10.4275178909 -86.0317001343 6.64585781097
12007 10.6763811111 -76.6623306274 4.90103197098
12008 5.53009319305 -104.109931946 7.88262987137
12009 39.873550415 -92.3274154663 12.0369968414
12010 31.9385242462 -92.1311416626 5.06753969193
12011 41.2063598633 -92.0408401489 5.31282091141
12012 5.50962781906 -95.2771453857 13.8280181885
12013 5.29686117172 -87.7094192505 6.95444631577
12014 5.70696687698 -98.0458908081 9.41266345978
12015 24.7508831024 47.0718727112 18.6026248932
12016 176.47883606 -91.4502182007 5.38245630264
12017 20.3960514069 43.7663955688 11.15695858
12018 24.8808784485 45.7083969116 12.695104599
12019 158.211334229 -85.69896698 33.7451248169
12020 158.154953003 -85.4946365356 41.9128189087
12021 158.497802734 -80.1548614502 36.9337348938
12022 154.132415771 -105.20110321 21.9817619324
12023 149.859008789 2.15405583382 12.1644592285
12024 164.542907715 -59.5506324768 4.44932460785
12025 58.956829071 -22.6381378174 35.284450531
12026 54.7939224243 -24.2001800537 37.5724258423
12027 56.7801551819 -28.1389827728 36.7429504395
12028 122.004768372 -104.784912109 13.1666069031
12029 109.063919067 -100.58821106 6.17276096344
12030 115.090423584 -100.128311157 6.1138958931
12031 75.9582824707 -100.51700592 6.35560846329
12032 64.2220535278 15.5512504578 42.7274589539
12033 65.2509384155 10.8454179764 46.5608596802
12034 65.4028167725 12.2238025665 41.7043151855
12035 62.304019928 18.220867157 40.957611084
12036 60.0176544189 13.7330551147 40.9401473999
12037 60.8185882568 13.9211044312 45.2918014526
12038 60.7822265625 19.095249176 46.4130821228
12039 40.7414016724 -104.370666504 14.561293602
12040 20.10414505 -98.0951843262 5.73217868805
12041 30.2865467072 -104.429000854 15.116353035
12042 10.9859952927 -93.0514678955 6.46535205841
12043 18.9915828705 -87.3430099487 5.78322172165
12044 20.8607959747 -104.381095886 5.43003177643
12045 111.090309143 -71.3852386475 25.0483722687
12046 110.42035675 -80.5051879883 20.3398456573
12047 110.713729858 -73.430267334 18.6025238037
12048 115.43938446 -77.8438339233 19.8787460327
12049 122.097267151 -52.382938385 22.4477958679
12050 118.299102783 -49.201713562 22.2207660675
12051 161.065170288 -87.1431350708 27.1310367584
12052 154.281860352 -85.8389968872 27.8596668243
12053 158.685089111 -94.263458252 20.3594493866
12054 120.100814819 -45.5970115662 30.3589038849
12055 120.849494934 -105.540588379 6.2059969902
12056 127.764404297 -69.0705337524 24.6521377563
12057 117.865264893 -70.6031799316 25.3012485504
12058 122.631996155 -69.2063674927 18.7398586273
12059 107.881019592 -104.41859436 16.2831726074
12060 112.954040527 -68.1904754639 18.955991745
12061 119.689582825 -64.7607116699 17.6694927216
12062 117.334228516 -71.4014053345 19.226650238
12063 80.5515823364 -13.8875188828 46.1313247681
12064 83.9758148193 -13.0119991302 41.8191604614
12065 83.9865112305 -12.8551855087 46.0838661194
12066 30.3011016846 19.6561813354 15.21459198
12067 32.2358856201 16.0255870819 13.3728561401
12068 58.6226501465 -104.492523193 10.3869037628
12069 34.3100471497 22.8902740479 15.017127037
12070 52.4126930237 -71.7346496582 43.5882492065
12071 52.5798072815 -49.9539070129 10.5132408142
12072 56.9285125732 -50.3615341187 5.10338258743
12073 53.3828811646 -53.4512672424 4.5695476532
12074 52.3648872375 -49.0588226318 5.06375551224
12075 21.2354373932 -104.328193665 10.8104381561
12076 56.0269203186 -3.15429735184 15.2207937241
12077 184.503082275 -90.990486145 16.0741653442
12078 189.544433594 -88.4735183716 13.9595689774
12079 183.188079834 -84.9987182617 20.7386360168
12080 191.036956787 -87.951210022 22.1514205933
12081 187.952407837 -73.9783248901 11.3880643845
12082 190.632736206 -95.0516738892 15.5649337769
12083 108.500480652 -64.6693572998 18.5426979065
12084 114.132125854 -64.7116928101 12.344294548
12085 108.588516235 -66.0327529907 12.4046907425
12086 111.048545837 -70.8416213989 11.5803537369
12087 116.840621948 -71.9909439087 12.9794187546
12088 113.146011353 -57.4208259583 45.365688324
12089 97.0665359497 -93.908531189 12.9843044281
12090 94.3512115479 -93.6832885742 5.40638971329
12091 95.5743408203 -87.8810424805 8.15678024292
12092 137.491836548 -50.1557273865 22.8193244934
12093 94.2859573364 -105.777793884 6.1285777092
12094 90.8149490356 -100.136993408 7.0418138504
12095 97.0925674438 -100.320526123 6.74747610092
12096 128.394088745 -68.4400787354 5.02808952332
12097 140.918838501 -26.8543815613 34.7729797363
12098 141.481628418 -29.4321784973 37.386806488
12099 139.266403198 -23.5776233673 37.9711036682
12100 92.7835388184 -20.8996658325 8.26956176758
12101 92.2739944458 -14.9527587891 8.61282920837
12102 95.1259155273 -17.9905757904 8.45521831512
12103 33.3666610718 -105.054420471 10.9071331024
12104 85.2911987305 -17.8000335693 12.0440711975
12105 4.41721487045 -105.812957764 4.36779165268
12106 168.627029419 -0.226033404469 10.3083581924
12107 89.1798171997 -12.7593259811 10.4689807892
12108 87.7117843628 -15.0099782944 8.42574214935
12109 139.441314697 -17.6848735809 8.49522590637
12110 135.901519775 -17.3687419891 8.21077251434
12111 135.976364136 -99.6325759888 32.585319519
12112 143.8646698 -98.8344497681 32.7606582642
12113 132.920730591 -17.8505973816 7.0287270546
12114 125.926185608 -104.620048523 13.1907558441
12115 23.0066280365 -99.4360427856 31.3831615448
12116 15.3451681137 -99.7354202271 32.2553138733
12117 38.5026855469 -9.02897453308 4.27138805389
12118 30.0483264923 -13.5756139755 13.5644617081
12119 28.8742923737 -34.3219070435 7.3296713829
12120 33.9099121094 -36.9372787476 9.42180156708
12121 29.4287834167 -38.3279800415 9.62219047546
12122 34.4615936279 -36.2728042603 4.09446382523
12123 19.2006282806 -93.2309188843 10.0198297501
12124 107.224411011 -21.4317169189 36.4519805908
12125 104.076301575 -24.7546958923 37.3240318298
12126 108.285720825 -26.8816452026 37.2543945312
12127 137.534545898 -21.8805122375 12.0914955139
12128 134.268249512 -22.0315284729 7.89753913879
12129 17.8769702911 -78.2456893921 5.60074186325
12130 118.379570007 -49.1462898254 28.0966701508
12131 111.008094788 -52.500377655 33.0182952881
12132 20.9758033752 21.2740001678 14.1356201172
12133 152.863311768 -18.5746440887 9.73469352722
12134 28.7421855927 -5.00489282608 26.2110919952
12135 29.8802242279 -98.4483108521 5.98768615723
12136 150.39730835 -33.1049804688 16.2511024475
12137 70.1383895874 -20.7439670563 37.7289085388
12138 149.746948242 -69.4466629028 24.9997348785
12139 153.128875732 -75.9867706299 18.5827178955
12140 146.424057007 -71.4005050659 19.0277042389
12141 95.5001754761 -99.1317062378 34.0978851318
12142 93.349822998 -94.1744842529 30.1213932037
12143 87.9530715942 -99.6153640747 34.4487228394
12144 149.063247681 -64.4593963623 17.503326416
12145 10.1746301651 -104.034263611 3.88008952141
12146 117.011894226 -26.2880973816 12.4071588516
12147 11.0839939117 -74.853805542 13.4272527695
12148 5.32328748703 -73.9208908081 10.9380397797
12149 5.54562282562 -80.3129348755 12.661438942
12150 113.363372803 -28.5069675446 8.20906448364
12151 59.8417167664 27.4036540985 35.3786125183
12152 57.8081474304 31.1812133789 34.3523826599
12153 144.228378296 -70.4917984009 25.3202838898
12154 143.768463135 -77.261505127 23.1386852264
12155 138.230575562 -72.9503479004 24.9677009583
12156 139.948852539 -73.2535476685 18.7057628632
12157 8.43403148651 -98.5811538696 40.5648345947
12158 29.7144756317 -12.1901798248 30.6528358459
12159 14.1341896057 -22.838350296 46.6000938416
12160 32.5431861877 -10.015794754 30.0157108307
12161 11.2384395599 -93.204788208 43.8736495972
12162 4.86280918121 -68.970375061 25.3306617737
12163 5.76332569122 -74.2097015381 22.9896812439
12164 5.55465936661 -68.8812942505 41.8590011597
12165 13.1651763916 -67.6557159424 44.7319335938
12166 4.79188251495 -51.1193847656 40.7495918274
12167 16.426115036 -14.7306137085 42.2759552002
12168 4.96394681931 -60.5216331482 35.8001747131
12169 69.3292541504 10.4347677231 36.7875022888
12170 69.4177780151 6.228307724 37.4767189026
12171 63.3768920898 9.61703681946 36.8686790466
12172 5.17254972458 -46.5488014221 37.1555480957
12173 142.455612183 -77.2137451172 30.1239490509
12174 73.184715271 4.78770399094 33.2865104675
12175 143.371780396 -64.3794250488 19.5230121613
12176 131.409301758 59.3895263672 37.0680923462
12177 137.186721802 59.2904014587 42.503692627
12178 131.010437012 65.7515258789 42.3903961182
12179 130.830917358 59.1274108887 43.9602966309
12180 5.49111175537 -63.0252380371 42.2349243164
12181 144.453170776 -64.9885253906 25.9771251678
12182 138.33164978 -64.0964355469 24.7327728271
12183 23.8684406281 -14.852722168 34.3435211182
12184 29.3229999542 -62.6862373352 37.9069862366
12185 25.0688877106 -66.5266876221 37.7621192932
12186 24.8834972382 -60.4843215942 39.0739326477
12187 32.5524368286 -29.9179553986 47.0387916565
12188 22.4823474884 -18.2098865509 43.1501350403
12189 20.4228076935 -20.4223423004 44.8703689575
12190 142.353530884 -70.0582580566 31.96641922
12191 185.590698242 13.5063028336 16.7579917908
12192 183.901824951 7.59259319305 20.2099895477
12193 188.34602356 10.0582141876 21.9614105225
12194 192.00302124 14.8782835007 22.5454902649
12195 4.96094703674 -52.7353210449 35.304069519
12196 18.3973636627 -65.1384429932 45.8231163025
12197 5.53156137466 -87.8910446167 32.3901290894
12198 25.8609771729 -61.0477218628 45.8276977539
12199 148.364059448 19.8262825012 35.5696487427
12200 35.9913482666 -79.4353790283 42.296257019
12201 42.6373596191 -79.6766586304 45.8828811646
12202 34.6757278442 -56.4671134949 16.5988998413
12203 34.5060920715 -51.0954017639 11.3481712341
12204 34.2274894714 -57.3856163025 11.1496429443
12205 29.4946460724 -54.4025344849 11.1126737595
12206 5.52501821518 -35.4070320129 38.8045043945
12207 10.8315620422 14.6236867905 19.5283908844
12208 7.25336551666 11.5620241165 22.8550548553
12209 15.3088064194 11.6943855286 19.8914031982
12210 5.40485811234 -83.9043731689 18.5953235626
12211 155.007781982 14.1464138031 36.182144165
12212 16.2180938721 -61.6559028625 45.6520042419
12213 16.0941753387 -20.6569404602 42.3741188049
12214 13.3236227036 -18.5024147034 46.6400642395
12215 6.85624504089 -42.5125427246 31.9871006012
12216 68.2213668823 -3.82108783722 38.9284858704
12217 43.9449958801 -15.2240362167 47.6864471436
12218 32.0646324158 -22.356584549 42.1379508972
12219 31.9664955139 -18.3705596924 42.1227874756
12220 28.7923049927 -21.0122833252 44.4853858948
12221 33.6392288208 -19.5465946198 44.6619911194
12222 4.71746301651 -25.066904068 33.6993103027
12223 13.1800479889 -15.2739028931 31.8927345276
12224 28.4819564819 -15.8934087753 23.4106330872
12225 29.6729888916 -13.1294631958 26.4678401947
12226 172.462982178 -1.8468644619 11.0595798492
12227 170.37940979 -1.8887065649 16.6223640442
12228 174.161026001 -2.67558121681 13.9485454559
12229 174.166442871 0.740612864494 12.5120172501
12230 153.605331421 17.816116333 35.3950691223
12231 27.7301273346 -43.6485824585 3.66129803658
12232 171.690338135 -0.523611009121 36.0256347656
12233 171.360534668 -1.13304269314 28.7222003937
12234 23.9693870544 -21.8488330841 46.822467804
12235 20.2972183228 -52.8061065674 45.8047904968
12236 5.75323867798 -19.409866333 28.9040985107
12237 32.310546875 2.21645212173 9.87824249268
12238 86.6025009155 8.18119239807 10.9657707214
12239 14.4437150955 -90.2057113647 14.5582933426
12240 9.94013214111 -95.5438537598 16.7348556519
12241 9.26438140869 -87.1307601929 22.3976516724
12242 86.5415115356 13.5228319168 13.0313854218
12243 90.0466918945 12.4313430786 13.7260456085
12244 80.4251556396 -23.0069332123 7.23934221268
12245 77.7476043701 -25.0658283234 7.88044023514
12246 15.4313964844 -57.3633918762 45.4865074158
12247 46.7492256165 -70.9303741455 31.2631530762
12248 50.1882629395 -65.9520568848 31.0723705292
12249 45.5690383911 -64.0929107666 31.57604599
12250 19.0782032013 -51.5893821716 4.54579162598
12251 12.6952314377 -20.4875106812 24.3433971405
12252 8.6623916626 -23.9355354309 29.0989322662
12253 14.2841176987 -16.7943305969 17.542093277
12254 23.880109787 -14.7364730835 25.5346069336
12255 53.9820632935 44.3718032837 25.632440567
12256 51.6881141663 50.3345184326 31.5710334778
12257 52.2131004333 44.4581222534 32.0968551636
12258 62.6698417664 52.7164573669 25.4880561829
12259 55.351688385 52.317653656 25.078836441
12260 64.392364502 46.9588241577 19.3136749268
12261 60.6704711914 52.7462234497 19.3860454559
12262 5.89823055267 -56.406124115 7.43713665009
12263 56.0644454956 52.8105964661 31.1134529114
12264 5.41893196106 -54.3323822021 28.8863296509
12265 4.86261940002 -69.7798156738 20.0968933105
12266 147.550811768 -0.835287868977 5.86296987534
12267 144.735488892 -1.01898312569 7.34165668488
12268 145.836776733 2.51587748528 4.17331314087
12269 144.535873413 -1.185516119 3.57046294212
12270 146.820907593 -3.44785022736 6.77210569382
12271 150.002120972 -5.25645208359 3.69776129723
12272 149.991882324 2.30405974388 3.96145772934
12273 149.692245483 -2.54661226273 2.75923752785
12274 141.477706909 19.1759204865 41.5984306335
12275 140.94342041 20.2830791473 46.9729003906
12276 146.037460327 17.2972278595 45.4852409363
12277 11.4054164886 -73.2690200806 38.5173530579
12278 11.4117946625 -77.6446990967 45.2018890381
12279 139.017074585 15.5461368561 46.082572937
12280 139.369171143 15.7494745255 41.7148704529
12281 49.093952179 -30.5189323425 44.8563690186
12282 45.6730613708 -29.4916248322 46.1557769775
12283 19.516330719 -24.4637889862 44.0077590942
12284 18.6445178986 -22.5026512146 46.7850799561
12285 20.1827411652 -31.9393749237 4.17955303192
12286 67.9781799316 25.7534332275 19.6342372894
12287 30.4014911652 -66.4307403564 4.32775974274
12288 25.1556358337 -70.1464691162 5.26915645599
12289 5.19291400909 -82.6785125732 31.048576355
12290 10.8035526276 -42.9438858032 45.6458282471
12291 20.2069149017 -47.6631355286 46.1197853088
12292 8.81273651123 -67.4127578735 4.234582901
12293 12.4218654633 -71.4300460815 8.75361919403
12294 30.1691951752 -40.8005104065 45.9661598206
12295 28.7802295685 -35.8533325195 46.3394470215
12296 30.738899231 -46.0573654175 46.3541297913
12297 4.94851875305 -42.9286231995 23.6481056213
12298 54.5653343201 -59.5332679749 5.61695480347
12299 44.9650611877 -44.3454093933 46.6350250244
12300 31.0045948029 73.4581451416 20.068693161
12301 32.6133270264 78.9079437256 17.2543258667
12302 27.8382759094 80.4868087769 23.2715892792
12303 29.3425426483 -84.8319625854 4.2188129425
12304 35.5232124329 -104.493583679 32.1062469482
12305 5.04640340805 -55.8542289734 18.4239673615
12306 5.18707942963 -68.4019088745 13.4961929321
12307 5.40942716599 -60.7247962952 10.6369190216
12308 169.154067993 -25.7415790558 37.8822059631
12309 171.142288208 -22.9407157898 38.3349761963
12310 5.3072013855 -42.4873085022 17.5191860199
12311 47.6931419373 -51.4190788269 4.18155288696
12312 167.165618896 -23.2777423859 41.5284919739
12313 168.571914673 -20.3611221313 39.101650238
12314 15.3352956772 -14.8262701035 25.342634201
12315 169.536819458 -20.378993988 35.5289726257
12316 37.5909156799 -82.4560623169 4.7806186676
12317 127.232170105 -54.4113845825 33.7554283142
12318 130.475906372 -58.766746521 33.3465766907
12319 127.634239197 -52.7117652893 27.886598587
12320 5.51000785828 -79.7398300171 18.2939987183
12321 125.218666077 -56.5940589905 21.9908237457
12322 19.4182929993 -42.1483039856 46.1564369202
12323 26.2412147522 -47.9899864197 45.8109931946
12324 54.0287780762 -12.4903774261 2.4801762104
12325 56.2230949402 -11.6975288391 3.21756410599
12326 20.8781719208 9.94979953766 3.40334773064
12327 29.0406112671 -100.917381287 35.7854423523
12328 136.996856689 32.0986251831 33.5968437195
12329 167.100708008 -15.3718757629 11.7186498642
12330 14.8853607178 -70.6195449829 4.57531881332
12331 138.241531372 27.2118587494 34.8422355652
12332 16.0778598785 -26.3718185425 5.2567152977
12333 13.0818338394 -15.537396431 9.27064609528
12334 22.6917362213 -29.6262893677 3.16828012466
12335 4.75512838364 -17.6974658966 8.53415679932
12336 153.971755981 -15.8844604492 8.61871433258
12337 14.9075222015 -49.181728363 3.99589562416
12338 76.57472229 -33.7429656982 41.2056770325
12339 23.3970527649 -21.8957252502 2.48541593552
12340 14.4719514847 -23.0433082581 4.14043188095
12341 75.1049118042 21.6731071472 32.0179328918
12342 78.4869537354 24.3649997711 34.6721839905
12343 76.1871566772 17.5956916809 35.3656806946
12344 5.86327362061 -74.9984817505 5.20593738556
12345 146.378143311 -14.4864206314 9.54270839691
12346 147.633102417 -16.373758316 11.6220312119
12347 147.672821045 -16.5742855072 7.49310350418
12348 150.689086914 -16.1661300659 9.70835590363
12349 5.80152273178 -63.6922798157 6.60766077042
12350 8.66559314728 -46.9821434021 4.89560222626
12351 19.5786113739 -65.4167709351 8.83946704865
12352 11.5078315735 -65.6317901611 9.09950637817
12353 14.2517805099 -64.5676269531 14.7926654816
12354 13.7696723938 -61.4122657776 5.43491744995
12355 89.370880127 -18.455915451 38.4766769409
12356 85.5760955811 -18.6194095612 37.12292099
12357 22.973772049 -26.053396225 3.15791463852
12358 88.1735916138 -22.1537265778 37.3272705078
12359 4.92326879501 -42.5260848999 5.14732551575
12360 44.2202072144 0.921321153641 5.65740442276
12361 44.9017295837 1.31093621254 2.52286624908
12362 42.1259880066 -0.484857082367 2.78061413765
12363 41.8379554749 2.56176972389 2.55493760109
12364 107.230232239 -24.7145748138 39.839138031
12365 103.826187134 -28.0878505707 40.850818634
12366 103.590065002 -24.2300491333 41.7901496887
12367 103.545799255 -21.1094074249 38.4737663269
12368 112.002861023 -25.9395771027 41.6592063904
12369 108.08114624 -27.774187088 42.2071304321
12370 111.945251465 -25.5123596191 37.7185058594
12371 106.406578064 -22.7287578583 42.5643692017
12372 109.396575928 -24.4153652191 42.6538772583
12373 109.549949646 -20.9159431458 42.4421081543
12374 20.3391494751 -65.2549819946 3.75549983978
12375 90.9823913574 -10.2260818481 12.2338542938
12376 27.0469856262 -11.6776199341 21.5667457581
12377 120.47769928 -23.7946052551 12.2532320023
12378 122.330825806 -21.1430740356 12.1627006531
12379 26.7148933411 -5.19590377808 17.2393531799
12380 24.0288352966 -5.25447750092 15.5950689316
12381 45.2064971924 -12.1547927856 2.20658254623
12382 144.530410767 -45.9275360107 15.0485143661
12383 47.4412155151 -14.1237630844 2.28401446342
12384 48.2880058289 14.5279541016 31.4102458954
12385 55.1542854309 -30.2101173401 47.6784706116
12386 58.6909065247 -31.8147354126 45.8548355103
12387 53.682510376 -32.0039100647 45.1889801025
12388 24.2133903503 13.350274086 12.8632583618
12389 39.1423912048 8.43776321411 39.3208847046
12390 29.297750473 12.7455759048 12.2836322784
12391 9.74659061432 -22.6315689087 45.5359191895
12392 24.0503253937 -14.7917566299 43.148639679
12393 149.427429199 -36.8242454529 13.756737709
12394 154.202560425 -34.1562232971 13.4215068817
12395 147.256774902 -31.3066310883 14.3271112442
12396 148.456176758 -33.60338974 11.8194961548
12397 25.731262207 -28.59441185 46.6481628418
12398 42.4142875671 21.4527339935 14.8581371307
12399 26.3708286285 -24.577796936 46.7646522522
12400 29.2390499115 -27.2167358398 46.5324859619
12401 154.233795166 16.8934116364 13.5631322861
12402 36.0769081116 -32.157623291 46.9706230164
12403 26.981803894 -9.69300556183 21.4813270569
12404 29.5543346405 -13.7300605774 33.1115989685
12405 27.2145690918 -12.6031455994 31.3969306946
12406 12.9609651566 -16.6438579559 25.1159324646
12407 15.5664405823 -14.9295721054 22.4989795685
12408 153.169418335 -15.7613391876 5.41249036789
12409 129.065917969 -16.1541061401 11.6690750122
12410 22.6635246277 -15.5635576248 37.7175941467
12411 26.2577819824 -14.9045381546 37.6175346375
12412 11.119887352 -14.8722133636 37.940120697
12413 22.6795597076 -22.4242076874 5.35956096649
12414 27.959815979 -61.8275718689 31.5241031647
12415 12.8660545349 -55.0101852417 29.7550907135
12416 24.906747818 -55.0275115967 32.5057868958
12417 45.1829795837 -25.4840717316 46.7571105957
12418 47.4565811157 -22.2779998779 46.0633621216
12419 25.8450431824 -17.8111724854 33.5719604492
12420 26.091211319 -15.0166225433 34.5817909241
12421 25.9504585266 -14.692024231 31.6766891479
12422 126.08152771 -9.0471496582 44.0121116638
12423 127.895347595 -6.34118270874 43.1289978027
12424 128.90234375 -6.24064016342 47.3613510132
12425 125.934234619 -12.4801006317 42.9578056335
12426 124.305961609 -6.94423532486 42.8717918396
12427 29.785402298 -9.91045570374 36.1747016907
12428 15.2969474792 1.631092906 5.06603336334
12429 30.2322883606 -16.9193000793 47.5986366272
12430 19.7012405396 -15.3694076538 25.960849762
12431 163.675964355 -10.5292282104 6.82991981506
12432 66.3856277466 -25.7064704895 43.6626663208
12433 63.2059288025 -25.5409507751 42.4586105347
12434 66.2504959106 -21.8724880219 42.1715126038
12435 68.5014648438 -28.5933856964 42.4531211853
12436 64.7784805298 -28.6823348999 42.2782821655
12437 64.0414276123 -28.2695980072 46.7957611084
12438 62.1433601379 -25.306312561 47.1223487854
12439 4.83210468292 -38.9491691589 28.4188766479
12440 21.3571548462 -19.8073158264 40.2934799194
12441 20.7485198975 -20.8065662384 36.5745201111
12442 4.54127311707 -35.0246429443 23.158870697
12443 170.49949646 -53.6832199097 26.872592926
12444 161.566665649 -8.05974674225 4.30614233017
12445 24.081029892 -32.4773368835 42.7837295532
12446 25.154964447 -33.3923301697 46.5132217407
12447 170.308563232 -11.7962112427 21.4183101654
12448 168.87097168 -11.7308282852 16.0658111572
12449 167.112869263 -11.3703737259 13.8787202835
12450 168.139755249 -9.19535541534 17.207611084
12451 170.445144653 -13.7308073044 16.8889217377
12452 170.66696167 -10.0408678055 16.9248027802
12453 122.935798645 8.22718524933 37.0524749756
12454 118.592453003 7.24616193771 37.142993927
12455 162.42527771 -48.2648086548 33.4814186096
12456 156.535919189 -50.8937110901 33.7714767456
12457 120.568725586 11.2603464127 37.1189994812
12458 20.2373027802 -17.67329216 28.3734664917
12459 77.4222640991 -53.4278907776 16.5627784729
12460 16.3784503937 -18.7577323914 26.6338157654
12461 57.772354126 -29.9674816132 13.0015296936
12462 52.5327644348 -32.3025779724 12.5356340408
12463 22.4046382904 -15.0891819 21.0475406647
12464 32.284526825 -33.4480056763 42.709564209
12465 29.0716686249 -31.2781543732 46.8121910095
12466 166.449386597 -40.5753898621 35.2630615234
12467 171.619888306 -42.5762825012 34.0199241638
12468 162.010147095 24.7405662537 34.9418144226
12469 162.173019409 -43.5304870605 35.4035453796
12470 159.777832031 46.4503173828 18.2735080719
12471 164.471008301 47.966960907 24.8778400421
12472 160.0259552 53.117767334 25.389919281
12473 157.559066772 47.6030387878 25.0155677795
12474 155.40296936 40.1566123962 23.0412044525
12475 159.900787354 39.9029006958 27.7783870697
12476 154.670471191 44.2840194702 31.5838165283
12477 152.791976929 44.0004920959 24.9647769928
12478 154.300292969 49.2854309082 31.1557769775
12479 16.4010677338 -18.4256153107 21.410943985
12480 12.5961446762 -17.6367664337 3.33233261108
12481 14.434589386 -14.6498270035 4.67868375778
12482 10.3363285065 -33.9597434998 4.42182207108
12483 15.9644966125 -34.9890899658 4.57440757751
12484 13.7428026199 -14.7358531952 14.894777298
12485 76.6012420654 27.7167987823 15.8121519089
12486 174.993789673 22.5726737976 39.5510559082
12487 170.414474487 29.0598716736 17.077337265
12488 166.147705078 30.0195827484 17.1885757446
12489 161.80657959 28.242773056 15.9038476944
12490 115.026786804 -62.6336593628 26.0348644257
12491 111.60357666 -69.318359375 30.9719028473
12492 111.809494019 -80.0447235107 27.3349819183
12493 106.710960388 -73.0727233887 30.231174469
12494 106.190002441 -64.9894256592 24.9617137909
12495 146.731460571 46.6686401367 31.1576499939
12496 67.6635665894 32.9359741211 16.9503059387
12497 72.4982833862 28.3909797668 15.8207836151
12498 27.2762432098 -14.1432542801 3.81421279907
12499 27.1030025482 -16.3479251862 7.51365756989
12500 23.6564083099 -14.927230835 15.5529737473
12501 19.800201416 -17.2007656097 34.4485206604
12502 40.5616416931 -60.346912384 26.951543808
12503 42.5273857117 -68.0382003784 31.237537384
12504 29.8802242279 -16.5749435425 2.23651480675
12505 34.7806472778 -59.8850669861 32.1903877258
12506 34.4364585876 -58.5695457458 26.9994602203
12507 34.4114608765 -64.6168289185 31.3460521698
12508 42.4796104431 -27.6170082092 43.4030075073
12509 39.4268836975 -29.9773025513 47.0031013489
12510 42.6805534363 -31.9344768524 46.5937919617
12511 42.3522872925 -27.3951015472 47.0671157837
12512 43.0588684082 -55.3145828247 22.3644657135
12513 39.7337760925 -59.4275741577 21.8295173645
12514 50.3453178406 -8.7767829895 38.7725830078
12515 67.5958099365 -55.6189804077 36.6299285889
12516 66.6385803223 -48.691532135 34.876789093
12517 63.1638336182 -53.4642524719 39.4229469299
12518 66.0483703613 -58.5736465454 33.3454627991
12519 72.3606796265 -49.2441749573 34.9078445435
12520 69.1601028442 -52.9137611389 39.6391181946
12521 65.1308670044 -58.7474060059 38.9290924072
12522 71.7166366577 -58.4403114319 38.9330406189
12523 134.369628906 -33.3670043945 40.97133255
12524 137.545120239 -29.1635951996 37.4608459473
12525 142.833251953 -36.597076416 40.2532844543
12526 141.284637451 -33.1716308594 36.4844055176
12527 140.419036865 -33.4636001587 40.9527511597
12528 48.9818916321 31.4958267212 34.0120010376
12529 49.289226532 38.3678283691 33.5333328247
12530 54.3771820068 34.0843925476 33.3233909607
12531 49.1305923462 38.0738716125 38.9167671204
12532 52.974357605 33.8880653381 39.2976493835
12533 52.9937973022 28.3121299744 34.8829879761
12534 61.9257469177 -73.2742614746 25.4001712799
12535 63.3273696899 -77.6393814087 20.3112030029
12536 64.856628418 -68.245262146 25.2727203369
12537 62.1274909973 -68.7755508423 31.552022934
12538 65.9223403931 -75.653968811 30.0961055756
12539 59.197807312 -81.9062042236 26.6667995453
12540 60.5205192566 -74.2014465332 31.7886734009
12541 50.8393745422 2.90045523643 12.3736066818
12542 53.2939567566 0.538768410683 11.8272037506
12543 50.0885314941 -0.789800703526 11.2706756592
12544 139.268951416 -26.545249939 41.0829353333
12545 145.750411987 -29.4159011841 41.5915985107
12546 145.671005249 -29.5220890045 37.2095909119
12547 16.2275867462 -16.285402298 2.99433040619
12548 33.2655754089 5.65089654922 40.9523963928
12549 26.9756793976 7.57127952576 34.9516868591
12550 163.952865601 -31.0567932129 39.3552360535
12551 165.707122803 -36.5995559692 35.8407745361
12552 48.9356193542 -30.8952713013 12.8944683075
12553 52.4301452637 -28.6356201172 12.591006279
12554 28.1770133972 -22.7610321045 10.260099411
12555 28.8280467987 -21.4156799316 6.65747642517
12556 147.249206543 -72.4646606445 30.3568267822
12557 123.552825928 -0.0648666247725 37.8248710632
12558 55.3128700256 -16.5904483795 37.9741172791
12559 57.344833374 -20.4625511169 41.628578186
12560 88.307723999 -11.9018669128 37.7532348633
12561 25.5109386444 38.0457725525 3.92886734009
12562 28.6319732666 43.7886734009 5.21977090836
12563 11.9998502731 7.14448022842 40.3979721069
12564 25.5734996796 15.7326669693 44.9810600281
12565 25.4090805054 12.583067894 46.4757843018
12566 23.7342815399 12.712846756 40.9135665894
12567 31.1425876617 49.114112854 4.47337150574
12568 61.720916748 -21.6407756805 42.1476707458
12569 155.226547241 41.5434494019 17.8336982727
12570 156.15574646 35.8151817322 16.7565994263
12571 56.0329589844 -16.8225288391 41.978302002
12572 25.504776001 17.145072937 4.59903717041
12573 150.919647217 43.7178726196 18.3673934937
12574 160.086807251 38.3820037842 16.8287143707
12575 132.68347168 19.6818733215 35.7481575012
12576 130.415588379 15.8948469162 36.2556800842
12577 5.05588293076 33.337387085 39.7081184387
12578 165.690612793 -47.3923492432 16.2795524597
12579 5.45949602127 38.2274436951 21.4216766357
12580 5.66460561752 32.3459815979 44.2371940613
12581 171.2684021 -35.3205871582 11.0351400375
12582 166.484985352 -37.4729118347 9.64555454254
12583 167.815292358 -33.7530250549 12.1583967209
12584 8.92731571198 46.3155517578 45.984539032
12585 4.71591901779 45.6327133179 41.7828865051
12586 174.936935425 -36.7889328003 9.90920066833
12587 167.675796509 -33.4358329773 7.33515119553
12588 171.906478882 -32.8377037048 7.56610584259
12589 171.535720825 -39.201675415 9.45978355408
12590 175.687026978 -33.1222419739 8.07114696503
12591 116.575675964 23.6486721039 34.925617218
12592 35.0963134766 75.5850753784 41.0172996521
12593 35.8259048462 68.1189346313 39.9640312195
12594 40.4581756592 71.7192306519 44.3931465149
12595 32.3148002625 72.4502868652 44.8064041138
12596 138.005187988 11.0096473694 10.9719219208
12597 130.442092896 10.5939102173 13.1678218842
12598 16.166519165 58.4293327332 13.7608261108
12599 23.0816802979 58.8855743408 6.38505983353
12600 16.9796295166 58.4790229797 4.75338220596
12601 17.9479598999 64.4907150269 11.5441808701
12602 11.1375303268 73.1076889038 42.4642066956
12603 131.435821533 14.7944469452 13.5388698578
12604 5.3704957962 63.118888855 26.696313858
12605 48.9761199951 -3.66407251358 10.3395938873
12606 103.502128601 12.7893924713 13.7099847794
12607 5.6910071373 84.2551803589 33.7070045471
12608 127.773765564 19.2223701477 35.8687973022
12609 126.006378174 24.2544593811 35.2716941833
12610 38.3520088196 74.4423522949 21.6182937622
12611 39.0222167969 78.9214096069 17.4852542877
12612 119.575218201 9.35497379303 13.7699890137
12613 25.5632858276 27.6614398956 5.15071773529
12614 28.655210495 -4.69673442841 44.5658035278
12615 29.8442306519 -3.46567058563 47.780330658
12616 27.1235809326 -5.78242731094 46.0970039368
12617 122.765647888 6.84907960892 13.2717056274
12618 22.273935318 -4.98732566833 31.6638813019
12619 4.72658824921 63.539768219 39.6682014465
12620 10.9942474365 63.0874786377 42.1921424866
12621 5.15657711029 57.5389556885 40.515171051
12622 37.7255935669 23.1801071167 45.4042396545
12623 24.1829776764 31.5474643707 32.8899841309
12624 28.9617099762 35.9631614685 32.2005119324
12625 32.8903388977 38.5464363098 32.3835258484
12626 110.880569458 -20.7687358856 12.2584075928
12627 20.2358093262 3.99156475067 43.0036468506
12628 4.89207077026 40.1470184326 31.2605705261
12629 29.9010696411 36.2005691528 5.62616825104
12630 123.07183075 -49.4224891663 15.9087839127
12631 125.30141449 -44.4699859619 15.7728281021
12632 120.345565796 -45.2957267761 14.8034229279
12633 39.7982215881 2.17974853516 44.7961997986
12634 41.7782669067 -0.204112499952 47.5495033264
12635 42.0471000671 3.71588277817 47.1681900024
12636 127.308288574 -49.1225852966 15.9266290665
12637 19.7782535553 51.130531311 45.7129058838
12638 25.0897979736 50.3079414368 44.9368400574
12639 27.9802303314 -4.95160961151 23.5248565674
12640 28.7775592804 -5.28933334351 19.3868808746
12641 12.0097475052 8.9351606369 14.5294113159
12642 5.26540994644 41.0524559021 25.0156936646
12643 153.152770996 -2.34170484543 8.75797271729
12644 10.1929826736 49.2167816162 34.7483253479
12645 8.78832244873 46.9971504211 26.6687736511
12646 4.90648651123 45.4975662231 31.3456230164
12647 42.7872238159 34.9318161011 45.210521698
12648 135.294006348 23.2269096375 35.4924468994
12649 47.9305000305 -59.4653167725 33.6341819763
12650 54.938495636 -60.7216453552 33.4450950623
12651 37.8107452393 -53.2639160156 22.5557670593
12652 34.4907646179 -51.4286079407 16.8142356873
12653 38.7885932922 -58.8073348999 16.8632411957
12654 39.6883125305 -52.8035507202 16.9320297241
12655 43.1186561584 -50.9297561646 21.5491771698
12656 32.7784042358 -54.0596618652 27.9160385132
12657 161.098693848 72.2497558594 23.5555229187
12658 155.315307617 80.417350769 23.2654895782
12659 161.888168335 78.8294219971 17.4321727753
12660 156.580169678 74.6085128784 20.0669345856
12661 169.822479248 73.3985595703 21.5443935394
12662 164.506118774 72.9675292969 16.9561786652
12663 167.233352661 66.8609848022 16.4603252411
12664 167.12147522 65.5650482178 25.5824985504
12665 152.829162598 76.092300415 26.5300598145
12666 157.875656128 70.7214736938 29.6938343048
12667 158.533538818 69.1064910889 18.0581207275
12668 16.6800518036 -17.0102615356 47.7925567627
12669 41.4804229736 11.8694229126 8.93283367157
12670 42.0983848572 11.8587417603 3.84727144241
12671 37.4948425293 14.6055374146 4.61071920395
12672 42.4985313416 16.4078369141 4.16099882126
12673 49.019241333 14.720331192 35.8087310791
12674 4.64887809753 39.1173171997 37.579158783
12675 5.53394079208 51.2494506836 25.6894454956
12676 154.454574585 46.8496246338 18.8900279999
12677 14.6016674042 84.7214889526 22.586359024
12678 13.9720993042 84.383644104 29.2273445129
12679 173.905151367 4.83526659012 10.9422168732
12680 169.470321655 6.74306917191 9.12092113495
12681 13.3119907379 84.5078277588 35.6904678345
12682 165.299530029 40.3022117615 28.4568710327
12683 159.807022095 40.6693992615 33.2968101501
12684 165.151397705 46.4662895203 31.1194782257
12685 160.977035522 34.146232605 33.3317184448
12686 16.1547222137 -1.42606401443 29.6141986847
12687 16.3734760284 2.42502975464 26.5372219086
12688 170.07749939 47.9496955872 25.4932956696
12689 165.259841919 38.3864097595 33.3982658386
12690 41.2366104126 58.9383239746 5.44230890274
12691 5.4772400856 25.2008800507 37.2140464783
12692 38.4943962097 54.0213317871 5.1244430542
12693 74.7268753052 -10.7452859879 11.8492383957
12694 75.952911377 22.4766368866 37.4821090698
12695 14.4854688644 49.3732147217 45.8395690918
12696 5.32317352295 51.6242332458 36.0000457764
12697 81.8334350586 -11.2962064743 11.6464071274
12698 22.9762268066 72.9334869385 36.7915763855
12699 19.4477825165 67.6928710938 44.183555603
12700 24.4672908783 66.3445053101 41.5688667297
12701 25.4984226227 72.3718643188 43.5940208435
12702 19.1661529541 84.7193374634 34.2542190552
12703 6.00170946121 84.2940826416 28.6082935333
12704 138.112716675 -51.3760452271 34.3518257141
12705 138.515930176 -47.0705490112 34.9424743652
12706 14.2197465897 34.095199585 30.2396030426
12707 92.4473724365 -28.0189113617 13.888833046
12708 73.1210021973 -39.6967582703 39.0631484985
12709 54.2547950745 29.6533813477 4.10420942307
12710 48.0894622803 56.1650238037 6.16816663742
12711 62.4717445374 4.72953510284 12.4340410233
12712 59.2075271606 4.0261926651 12.4638977051
12713 40.991317749 58.076751709 44.0155296326
12714 44.5040397644 55.3803787231 44.8538627625
12715 46.0491371155 63.3117218018 44.7989349365
12716 65.1054534912 0.345758080482 11.7714147568
12717 38.8848075867 9.51120471954 43.1962547302
12718 35.9635543823 11.7136230469 47.0104675293
12719 39.0773620605 10.1965494156 47.1454353333
12720 38.246799469 14.961309433 46.5173225403
12721 170.140304565 47.8675575256 31.4031829834
12722 47.3498497009 31.8657226562 45.4015083313
12723 47.278427124 32.4276924133 39.0255851746
12724 43.1379318237 30.4996643066 39.1634407043
12725 175.187988281 44.3714752197 20.7130451202
12726 181.694244385 46.7437934875 24.5779972076
12727 174.92276001 35.7005157471 20.1400508881
12728 4.53067970276 76.5801773071 26.315076828
12729 24.5205116272 85.1749954224 31.1330699921
12730 94.6777267456 15.7233772278 13.8796949387
12731 96.3799362183 13.0515575409 36.3096466064
12732 19.2374706268 -4.91715860367 15.4459514618
12733 41.4499855042 -35.9419021606 13.2284212112
12734 41.3711471558 -32.3122825623 12.8150501251
12735 70.8444824219 4.28921842575 16.4625778198
12736 145.634872437 17.3171234131 41.0013275146
12737 45.5437278748 66.3953552246 4.08576869965
12738 49.7596664429 61.9127082825 5.02230548859
12739 67.3668670654 -9.59613418579 7.30444717407
12740 66.2271957397 -11.8047037125 5.50700807571
12741 66.9098968506 -9.09357261658 3.08484911919
12742 68.9732818604 -12.7210149765 6.65227460861
12743 68.3997802734 -16.5896263123 3.43491292
12744 68.1788787842 -15.5123243332 7.28048849106
12745 66.4745483398 -11.6695203781 9.32032299042
12746 16.3008537292 85.1019210815 39.9226722717
12747 70.4119110107 -9.56254386902 7.17417430878
12748 185.294311523 -49.8086509705 35.5278091431
12749 186.373550415 -55.6914901733 28.4850959778
12750 176.227630615 -57.6235313416 36.8366088867
12751 36.3502349854 66.5985946655 45.7783660889
12752 180.902587891 -50.4603919983 33.4108200073
12753 175.692932129 -52.3327064514 37.7299995422
12754 184.810653687 -40.1415557861 37.9754066467
12755 178.603469849 -39.0430297852 35.2272186279
12756 175.115890503 -45.0143890381 32.9652137756
12757 87.4002380371 2.89319062233 12.2111997604
12758 25.0191230774 -4.90731191635 31.712228775
12759 93.6663284302 5.33595466614 12.6585531235
12760 4.39990091324 26.7689590454 19.2907428741
12761 50.4609985352 -63.7917976379 17.9099521637
12762 46.6665649414 -67.8174591064 18.7194309235
12763 40.4947433472 -66.470741272 18.2699260712
12764 38.339138031 -68.7621154785 24.6717681885
12765 4.31369829178 32.950504303 26.1691741943
12766 93.1282348633 -71.0249633789 5.53538417816
12767 38.3306083679 -50.6207122803 33.8472900391
12768 149.509490967 -21.529094696 38.3165206909
12769 5.82730388641 84.1683578491 23.2338600159
12770 87.3864440918 -59.076007843 22.33568573
12771 83.4956970215 -53.0714874268 22.4450111389
12772 89.9015884399 -53.9859390259 22.4075870514
12773 88.4367675781 -65.6365966797 18.5434703827
12774 13.2491645813 84.8036804199 16.4039402008
12775 4.53810882568 85.3566665649 17.8677558899
12776 84.0703048706 -54.6383132935 16.6955699921
12777 88.9044113159 -53.9706001282 16.8195514679
12778 80.8170776367 -57.4210548401 22.4207878113
12779 92.5305480957 -59.5283317566 16.839548111
12780 83.8790435791 -26.1421928406 37.6072311401
12781 98.4684829712 -30.6400680542 40.9257698059
12782 94.7682952881 -32.7136077881 41.8098182678
12783 94.289390564 -27.8718948364 41.164264679
12784 96.8279495239 -27.0997009277 38.9263076782
12785 101.439666748 -29.3888034821 38.6902923584
12786 95.0134353638 -23.7696857452 41.8955535889
12787 128.714385986 4.96451377869 32.8454322815
12788 5.42517185211 41.4232635498 17.6684303284
12789 81.6673583984 -0.247853070498 12.4290294647
12790 83.1218109131 2.88815331459 12.3441429138
12791 77.0150527954 -0.0816237181425 12.4046144485
12792 8.71125793457 46.1923294067 5.37767219543
12793 5.78823375702 41.276424408 11.8361902237
12794 5.5471162796 39.8786239624 7.10388088226
12795 14.2759923935 45.1129112244 8.88000583649
12796 5.52613210678 69.2594299316 6.45964384079
12797 6.31063985825 72.434135437 16.2844257355
12798 5.0096616745 77.6308364868 18.7352638245
12799 158.572540283 16.0708713531 13.2618465424
12800 29.8433818817 84.6012039185 35.5426673889
12801 55.4503059387 -1.31570005417 42.5822906494
12802 5.13608646393 8.70886325836 7.87465620041
12803 136.397842407 -87.9343109131 23.7264099121
12804 130.265533447 -80.6674575806 21.4071350098
12805 127.107810974 -86.7691421509 22.6017360687
12806 133.221969604 -84.2375869751 27.0441875458
12807 134.814727783 -76.307723999 20.3831558228
12808 137.86138916 -85.7420578003 16.8444461823
12809 11.9021673203 -0.331461340189 6.79772186279
12810 134.138473511 -93.770324707 30.3347797394
12811 125.12865448 -94.1753540039 28.2948951721
12812 131.992507935 -94.4994735718 21.010761261
12813 130.072418213 -86.8996505737 16.1086673737
12814 141.449401855 -93.443359375 20.223077774
12815 139.727096558 -100.485183716 27.3310337067
12816 88.2292785645 -62.2064704895 8.49823760986
12817 85.1055145264 -69.0206604004 4.60640335083
12818 84.4916381836 -63.1649131775 4.33834028244
12819 140.060791016 -85.1580276489 33.7822341919
12820 143.433578491 -92.8793258667 27.4231719971
12821 142.046585083 -82.580078125 26.9783248901
12822 54.9743881226 51.8672370911 45.6713180542
12823 5.34267711639 50.4194946289 17.1402397156
12824 29.6393470764 3.120043993 47.3749694824
12825 32.5153388977 5.31745052338 47.2622032166
12826 29.9457092285 7.02940797806 47.3319664001
12827 5.45583820343 75.0382995605 6.71012687683
12828 5.30406236649 59.1917800903 14.8680343628
12829 13.9588222504 -51.6806983948 24.6041202545
12830 8.996052742 -55.4937591553 24.0216598511
12831 9.51587677002 -52.3505630493 19.9361305237
12832 14.264588356 -48.7053642273 19.8111228943
12833 83.0854644775 -73.2669219971 4.58001470566
12834 187.687866211 -35.2642402649 25.5953826904
12835 187.917984009 -30.1876888275 29.9563789368
12836 186.81262207 -23.4877262115 30.6130447388
12837 188.0909729 -30.2900676727 21.4930343628
12838 10.6548528671 13.8270664215 12.2162618637
12839 7.84596395493 10.5781908035 5.09138441086
12840 5.52115821838 57.9773216248 7.5931019783
12841 90.9553833008 1.01497864723 12.14012146
12842 98.3936462402 19.2249011993 14.1271657944
12843 92.770324707 20.3528156281 14.33411026
12844 18.6809177399 67.7533416748 5.66353034973
12845 98.4859390259 22.2900314331 35.3341636658
12846 23.0481777191 84.8572692871 39.6320037842
12847 5.90024280548 83.9999008179 12.8925952911
12848 182.550598145 -27.1584014893 9.33008098602
12849 182.072463989 -30.4509811401 6.3579750061
12850 186.155502319 -20.4214687347 43.3687095642
12851 34.3185386658 -7.97596073151 6.71467065811
12852 151.200637817 68.1395645142 15.0194549561
12853 147.192199707 71.783241272 18.670627594
12854 142.446517944 65.9968795776 16.3109664917
12855 5.72304058075 19.4219360352 13.766330719
12856 47.5173416138 -42.3221282959 34.8832435608
12857 50.4801597595 -39.9087638855 35.4502754211
12858 49.7025985718 -35.2914390564 36.1499481201
12859 46.7286949158 -38.4593391418 35.3921318054
12860 41.8746452332 -41.1869239807 34.9770507812
12861 4.98582983017 52.4932975769 13.1753396988
12862 56.1772651672 13.123041153 41.9333457947
12863 56.9867210388 14.3178825378 46.8728408813
12864 51.408416748 11.4385480881 46.5262832642
12865 55.3443222046 9.52955627441 47.3736534119
12866 49.5756950378 41.4164047241 28.528963089
12867 21.3174381256 76.7265319824 10.434378624
12868 22.3907413483 71.9535751343 5.6230802536
12869 50.8304252625 45.4395751953 18.99741745
12870 71.7016372681 -13.8979606628 7.82257509232
12871 67.9034118652 -9.36528110504 11.1668300629
12872 145.131530762 -65.4778518677 32.0713920593
12873 141.345596313 -61.9052581787 32.8204498291
12874 137.379272461 -65.9952545166 31.177772522
12875 5.07265281677 15.0648641586 7.46647453308
12876 135.060348511 -61.7016410828 33.022064209
12877 6.72060632706 19.824054718 5.38943004608
12878 25.8287792206 32.1612510681 4.3424282074
12879 9.76014518738 45.8082046509 39.8629341125
12880 8.94828701019 39.5807952881 40.8675003052
12881 13.6446523666 41.1757545471 44.9596481323
12882 146.689971924 67.7955856323 9.46325111389
12883 154.933364868 70.3463897705 11.2034072876
12884 154.126800537 61.8532752991 13.1971597672
12885 166.79927063 -8.7908821106 9.28709983826
12886 168.893112183 -12.2138729095 8.86183166504
12887 166.063415527 -8.60769271851 6.44486141205
12888 171.41607666 -9.01955795288 11.2938623428
12889 5.23200941086 24.4663009644 7.62880563736
12890 170.54776001 -6.37413978577 10.819981575
12891 170.657806396 -7.82076787949 6.60399055481
12892 20.7256374359 50.2748298645 4.51589727402
12893 21.8949260712 80.7585372925 43.4043998718
12894 175.264175415 -28.7218990326 11.0561494827
12895 180.081542969 -24.0027523041 10.4119129181
12896 8.13156890869 57.2416038513 11.551990509
12897 11.4322605133 56.8339920044 4.64334726334
12898 99.4143981934 -26.8298797607 41.5691184998
12899 28.8222618103 65.3182983398 45.4065704346
12900 25.849067688 5.12411117554 2.66463088989
12901 129.033004761 19.4738521576 15.4457359314
12902 125.612281799 21.9377536774 15.2292985916
12903 127.187316895 25.5147342682 14.6809597015
12904 129.735717773 29.3088741302 15.8383255005
12905 84.2656326294 -45.1914253235 34.9731292725
12906 82.7284393311 -40.7068901062 35.3269004822
12907 82.3692626953 -49.9999885559 33.715839386
12908 75.1664428711 -44.9645614624 35.3419876099
12909 80.2860488892 -45.0455474854 35.3607673645
12910 158.937576294 -14.1785907745 2.27302861214
12911 162.805526733 -13.9094400406 7.0418009758
12912 160.915039062 -13.9536361694 4.60506153107
12913 161.206680298 -16.4937152863 4.65702867508
12914 159.779022217 64.351348877 15.4793767929
12915 171.544906616 -3.66085767746 37.0302009583
12916 167.989074707 -6.3739118576 38.2645797729
12917 20.607755661 27.5311031342 4.10710763931
12918 15.8760795593 30.2883033752 4.6081495285
12919 51.2668418884 -23.5405921936 37.6325683594
12920 10.8665819168 33.1847229004 4.46168994904
12921 157.87399292 -41.9588775635 14.7682504654
12922 63.2008552551 32.1431007385 16.6180362701
12923 36.7825393677 45.0076637268 5.60912036896
12924 172.878112793 -21.828836441 35.7160606384
12925 172.519226074 -19.2670898438 38.6881408691
12926 172.962051392 -16.8798999786 36.7541656494
12927 71.1206817627 -1.74168968201 38.6450080872
12928 70.1105499268 2.67099452019 37.87159729
12929 154.889419556 -8.50608730316 42.3985710144
12930 68.6488342285 23.9599437714 35.063495636
12931 44.9286117554 84.4760055542 15.8767251968
12932 49.4450912476 84.4341125488 11.1115598679
12933 50.0679779053 84.3528060913 14.8392410278
12934 72.6951522827 9.40273857117 36.8090171814
12935 43.9878120422 -6.5662894249 41.843837738
12936 47.2511405945 -5.35507059097 40.2737350464
12937 119.681785583 17.3912391663 11.8816642761
12938 111.574493408 8.45748138428 12.483704567
12939 115.180358887 11.5217266083 8.12410163879
12940 119.011833191 9.65346240997 9.03195858002
12941 118.551795959 14.1184425354 9.65304756165
12942 10.1844263077 28.027639389 4.39185142517
12943 52.8313903809 30.4499511719 15.8873062134
12944 5.03327846527 27.194770813 42.6738967896
12945 67.7265472412 -19.3315105438 7.47152423859
12946 70.2623901367 -21.7012863159 3.46354150772
12947 183.608215332 30.5305213928 29.8190059662
12948 182.747207642 31.9180698395 34.7344284058
12949 185.044769287 27.1869239807 35.9439506531
12950 187.40411377 25.4175071716 28.9013900757
12951 11.0138397217 80.7119369507 31.4881076813
12952 9.5098400116 80.6540985107 24.9322242737
12953 10.6192760468 77.6347579956 17.3588294983
12954 38.9754524231 -21.552230835 41.281791687
12955 40.606967926 -9.18710422516 2.15801978111
12956 40.549861908 -11.3896865845 2.02534270287
12957 37.470489502 23.2742958069 35.3874740601
12958 30.2966213226 -12.9670305252 4.60936498642
12959 17.4456653595 12.8305263519 3.7252509594
12960 25.6247081757 -2.08052706718 11.9565782547
12961 26.346452713 -5.14808750153 12.474237442
12962 170.055297852 7.03125572205 2.66812396049
12963 149.724395752 -19.7300987244 11.1212415695
12964 181.545928955 6.51745605469 46.9262008667
12965 88.0716094971 -12.0735635757 42.0235595703
12966 53.8012924194 -31.6618843079 35.6758613586
12967 194.784347534 -5.26072978973 5.17653656006
12968 184.5909729 -2.25938773155 8.1102180481
12969 161.493774414 -6.13966703415 45.5616874695
12970 67.5043640137 32.7898178101 39.4071769714
12971 166.239089966 -7.16055870056 42.3032913208
12972 168.15284729 -4.80532646179 41.0369415283
12973 26.6818351746 -17.6553459167 2.23017406464
12974 146.987442017 40.0105819702 17.1512641907
12975 33.3015708923 -11.4105072021 4.69378328323
12976 66.45337677 -20.4002685547 2.83560633659
12977 64.3857879639 -21.2372760773 3.97712635994
12978 122.732185364 17.2147579193 38.1457366943
12979 126.044700623 15.1981611252 41.0115013123
12980 125.882110596 14.5982732773 36.6670379639
12981 127.654167175 19.0980587006 41.0731163025
12982 35.7314987183 -23.8286132812 2.77990531921
12983 35.9724273682 -27.5137691498 2.91644287109
12984 39.0039672852 -25.7389984131 2.96742272377
12985 122.323356628 14.4531545639 41.1448783875
12986 123.680305481 20.1914958954 40.598526001
12987 35.4108505249 -18.4975166321 2.34525871277
12988 32.4264183044 -18.3411083221 2.42242503166
12989 117.855873108 14.5580005646 40.9729499817
12990 26.2407722473 -28.5883235931 2.8259241581
12991 26.3991165161 -20.8712902069 2.44673800468
12992 19.2014122009 -21.9435539246 6.3466219902
12993 38.5967979431 -21.8829040527 2.77302026749
12994 163.256652832 -8.90187931061 43.3577003479
12995 65.1001663208 -17.3135471344 7.25780820847
12996 21.9145431519 -14.935874939 18.6569843292
12997 67.4466018677 -23.7733802795 3.890594244
12998 15.2358417511 -43.9988746643 4.62634992599
12999 9.97959518433 -51.5428695679 4.3454914093
13000 25.2301445007 -55.3196716309 45.353969574
13001 70.4849472046 48.1923217773 18.9663829803
13002 157.453948975 -20.0697841644 42.3721961975
13003 111.437271118 16.858253479 36.2682571411
13004 152.616592407 -14.2623004913 40.1994438171
13005 30.1343154907 -55.2733230591 4.3574514389
13006 41.3195075989 -35.8777351379 4.1910071373
13007 58.1443519592 -20.8805294037 7.85996246338
13008 58.6097145081 -16.9544219971 7.0684299469
13009 61.5396385193 -19.3920211792 7.46094369888
13010 8.06664180756 -41.8093299866 10.9888048172
13011 29.7698726654 -7.74946165085 28.0965938568
13012 26.9973468781 -6.47683382034 28.623758316
13013 5.60128593445 -73.897315979 16.2894878387
13014 23.3764610291 76.3763809204 17.5047950745
13015 29.53125 77.1681137085 10.8964767456
13016 26.2900676727 82.264755249 12.819770813
13017 25.5297336578 -51.6113395691 3.88065910339
13018 38.4051818848 -58.3541107178 4.49209022522
13019 32.1513786316 -45.8691253662 4.15341758728
13020 30.5758838654 -48.9450759888 4.53840017319
13021 27.3913288116 79.3896942139 29.7300815582
13022 28.1787338257 78.5470809937 37.0542488098
13023 21.3798103333 78.9116134644 32.2425575256
13024 81.3273239136 -32.0228805542 8.54881286621
13025 82.6825790405 -31.172586441 3.21714663506
13026 81.4984359741 -35.8594093323 4.27574157715
13027 77.5386886597 -34.0805625916 4.67259645462
13028 164.735916138 -65.4267654419 18.898481369
13029 25.9518508911 -96.7289886475 10.2053604126
13030 24.9458427429 -91.1819763184 5.74573373795
13031 9.83198356628 -81.8486785889 25.4770717621
13032 10.5857362747 -87.3482818604 31.3658218384
13033 132.634033203 11.8733720779 37.0089645386
13034 167.747833252 -9.88906669617 25.6803836823
13035 27.3282108307 -7.74396896362 34.387134552
13036 27.1609554291 -6.45230579376 31.4670982361
13037 30.1731185913 -5.89122152328 2.19079995155
13038 26.9414806366 -1.9941598177 15.6772089005
13039 158.789886475 -9.14075565338 43.7279510498
13040 50.6813201904 -10.7934560776 40.9091873169
13041 17.3351993561 6.203956604 3.26201343536
13042 10.8982992172 22.9046516418 4.34194755554
13043 20.3407554626 20.6119689941 46.0762710571
13044 27.2145690918 -12.6031455994 28.7393379211
13045 47.6503601074 -22.2880992889 42.3579673767
13046 44.367225647 -25.6113967896 42.0498352051
13047 48.0817184448 -25.8546276093 46.0779685974
13048 181.95501709 57.5449790955 5.25547456741
13049 175.031646729 50.1227264404 5.08261346817
13050 44.8183364868 -9.43995380402 42.5111618042
13051 6.80351877213 72.5323791504 23.484418869
13052 135.130767822 16.7238674164 36.7895240784
13053 144.640060425 21.6659698486 35.4598922729
13054 77.8187637329 -17.4684867859 7.88919878006
13055 64.038269043 22.7166538239 34.7284545898
13056 57.9764633179 22.7826690674 35.1644172668
13057 33.2265930176 84.3876647949 10.9473810196
13058 9.13517189026 19.2836265564 45.0816040039
13059 5.23728704453 35.8815536499 15.9907083511
13060 44.301525116 31.3569087982 3.45197367668
13061 114.152481079 -47.7282409668 33.2553977966
13062 29.2854232788 16.1255226135 3.45474553108
13063 30.2226066589 45.6817436218 44.6666488647
13064 116.996910095 -35.7456665039 9.93811988831
13065 115.213768005 -38.375213623 7.50370931625
13066 120.714828491 -39.3271522522 7.58267307281
13067 4.68550539017 46.2726974487 10.8061475754
13068 13.2427854538 40.5427055359 5.21894836426
13069 12.7674236298 36.0875473022 8.17063903809
13070 32.4469718933 -1.58191502094 2.43940997124
13071 67.2150650024 -63.177406311 24.5721874237
13072 68.7893600464 -58.0545310974 16.6646633148
13073 70.6211700439 -62.9041786194 17.9152050018
13074 194.995925903 40.0843925476 13.0028333664
13075 112.970062256 -40.8614501953 10.4268598557
13076 113.408180237 -35.7470588684 12.2630529404
13077 184.95451355 -55.3899650574 17.7228145599
13078 183.088531494 -50.5741996765 17.7353191376
13079 189.278213501 -51.0299186707 11.6236505508
13080 179.546829224 -52.677947998 15.0047111511
13081 175.362243652 -53.9412117004 18.2828865051
13082 194.571762085 34.1083145142 12.3237276077
13083 193.672805786 36.3605232239 4.54012155533
13084 187.070205688 -48.8512573242 21.3063774109
13085 118.71521759 -41.9224014282 9.88520336151
13086 29.4021663666 0.627084851265 2.35524463654
13087 29.5524997711 3.30487847328 2.65189838409
13088 32.5229606628 1.82931768894 2.61795401573
13089 47.5991401672 10.4246940613 36.4869880676
13090 41.6973419189 15.7921524048 36.7835502625
13091 170.139953613 48.0273551941 37.9721412659
13092 166.546539307 52.6844367981 37.1968612671
13093 175.18572998 53.5976982117 36.6358528137
13094 169.76423645 56.255569458 32.047039032
13095 176.159118652 61.9023551941 33.5269317627
13096 167.672988892 64.5461044312 34.4047279358
13097 169.864730835 60.4326667786 44.1999588013
13098 162.867477417 58.6807174683 35.4265327454
13099 164.376327515 52.3935165405 30.8196220398
13100 123.344810486 -40.8697547913 12.774561882
13101 173.981903076 54.2137374878 24.9966201782
13102 175.28678894 63.7545967102 24.7513389587
13103 178.455825806 51.7533035278 30.3418159485
13104 164.708709717 58.8740539551 28.1298294067
13105 166.414428711 52.8716239929 24.6017284393
13106 119.726264954 -41.2511672974 15.747844696
13107 194.025360107 75.9922103882 10.8591785431
13108 192.224578857 78.1292953491 16.9056797028
13109 194.43560791 69.4445648193 15.7616529465
13110 194.861297607 58.6033592224 34.7405281067
13111 159.257263184 84.3199310303 14.5984525681
13112 170.866729736 60.6141357422 5.55712747574
13113 194.572067261 75.9010848999 25.8557758331
13114 194.501754761 76.7070465088 33.3427047729
13115 189.1015625 73.2053909302 42.7675552368
13116 176.938522339 -1.20895588398 2.50011014938
13117 174.830825806 64.5500793457 9.01181030273
13118 175.494018555 70.1734008789 13.5577278137
13119 109.091331482 -46.75548172 34.2353096008
13120 194.636230469 76.6470031738 21.0559062958
13121 172.960983276 0.840826392174 2.48823833466
13122 98.3041000366 -47.5076904297 33.2660064697
13123 189.77230835 65.1862411499 6.43858385086
13124 189.076141357 72.2084197998 4.84566020966
13125 186.064422607 50.2779464722 45.362323761
13126 189.466796875 46.5715408325 45.3540725708
13127 185.873214722 5.22257804871 9.84231090546
13128 185.208633423 4.97939777374 15.2680273056
13129 182.156234741 1.14012527466 12.1319828033
13130 185.539108276 3.0733165741 3.45380878448
13131 195.14163208 18.9158573151 13.2919178009
13132 194.635406494 24.6440486908 11.368396759
13133 195.691299438 22.2772483826 5.98691415787
13134 170.160018921 -0.319488376379 2.45393943787
13135 170.361053467 3.12151217461 2.62509202957
13136 167.465545654 1.69371688366 2.59443831444
13137 172.086029053 18.1660900116 3.82128787041
13138 172.905609131 -6.07987833023 9.89497470856
13139 164.497268677 3.63569164276 2.71475028992
13140 160.75881958 9.6281747818 2.96061372757
13141 174.782348633 -5.06880807877 12.5432662964
13142 160.199447632 44.6166801453 4.06173419952
13143 195.375061035 22.7058200836 33.4650650024
13144 195.089767456 27.2030735016 30.9254550934
13145 157.917327881 41.8681373596 46.0126342773
13146 179.569076538 15.2420539856 46.1083183289
13147 167.701690674 20.2530574799 3.61136865616
13148 171.63053894 34.0711021423 5.23537635803
13149 162.801940918 22.4461612701 3.19261837006
13150 167.25567627 24.8107585907 4.04819202423
13151 157.971725464 29.942024231 3.45064473152
13152 167.409881592 9.5039396286 2.91539239883
13153 148.716720581 23.5957431793 3.507168293
13154 171.227264404 15.1357650757 3.06471276283
13155 167.476867676 13.6534967422 3.03270459175
13156 154.861099243 9.63212394714 46.2913551331
13157 143.5027771 3.35552930832 2.49541449547
13158 147.891815186 4.26471567154 2.78396821022
13159 169.959396362 -5.94539117813 2.17173933983
13160 190.813522339 -0.0655500739813 4.03286504745
13161 54.3060646057 3.51097536087 12.6653118134
13162 57.2221412659 0.374437510967 12.0844078064
13163 149.639190674 -8.83259773254 3.38986873627
13164 152.019943237 -8.3882818222 5.76846456528
13165 149.778488159 -80.370262146 29.6537380219
13166 27.2088108063 -7.40037250519 18.5908927917
13167 27.4269180298 -7.39052581787 15.765994072
13168 32.5591964722 9.34611415863 3.23827004433
13169 46.0543365479 -4.14245939255 5.28202772141
13170 93.6362915039 27.2266407013 34.8694953918
13171 93.549369812 21.2837963104 39.8112716675
13172 18.2846336365 3.86317801476 16.5391483307
13173 44.3340911865 -1.95330488682 2.42933535576
13174 62.3801879883 12.0549411774 12.4642267227
13175 61.0131950378 7.7189040184 8.4832649231
13176 63.0445747375 11.8222904205 7.9591884613
13177 61.6379776001 0.217346101999 11.8208379745
13178 88.8580551147 27.7095584869 39.2549705505
13179 88.2440109253 26.5270195007 34.1494483948
13180 88.9483337402 33.5923118591 32.0390663147
13181 94.9387741089 32.6736068726 32.6567001343
13182 29.563243866 -5.11075115204 7.69277095795
13183 31.5109519958 -6.34227085114 4.93125534058
13184 45.4447402954 -9.00578784943 4.76179885864
13185 43.1222000122 -10.2385730743 2.10334420204
13186 42.9925231934 -7.57475280762 1.96528792381
13187 45.7166786194 -9.22411155701 2.14819836617
13188 27.2088108063 -7.40037250519 21.2467269897
13189 73.2256469727 -35.0293502808 41.2423324585
13190 74.6708831787 -34.7058525085 46.8811187744
13191 71.8764190674 -31.2209339142 46.3313980103
13192 69.9813995361 -36.6749763489 46.2677116394
13193 27.3497772217 -2.28011894226 2.33086848259
13194 92.0234985352 -33.1033477783 38.4925460815
13195 93.4621047974 -36.2356948853 40.8876457214
13196 35.7166786194 7.69561624527 2.86646270752
13197 45.0657577515 -29.5671081543 41.1039962769
13198 47.6838111877 -26.5286941528 41.6690292358
13199 102.716316223 -33.2328224182 40.073841095
13200 98.0088653564 -35.4628829956 40.9443244934
13201 27.0272026062 0.866772055626 2.65858101845
13202 32.7084274292 -7.05087804794 2.32327461243
13203 35.5313911438 3.80035161972 2.73544335365
13204 73.7245635986 4.89594173431 37.4834785461
13205 50.1253242493 -0.493514060974 3.54436540604
13206 47.2423553467 2.41713213921 3.83824753761
13207 86.6278915405 -24.1012840271 39.8585548401
13208 86.8163833618 -20.1032867432 40.1529426575
13209 87.3062973022 -28.6820201874 41.3210029602
13210 54.3275680542 -21.8078022003 3.60635662079
13211 32.4798774719 5.56536436081 2.77034974098
13212 128.224746704 78.4713973999 21.823759079
13213 126.798820496 71.9614944458 30.2667636871
13214 133.057235718 70.6137924194 31.1675720215
13215 130.840560913 79.9008407593 29.2192687988
13216 135.55128479 81.0981903076 23.1467723846
13217 137.014587402 74.3974761963 27.7149276733
13218 126.517944336 84.4844894409 16.3590984344
13219 121.118240356 80.1852035522 19.9228668213
13220 127.202026367 84.6460113525 23.8108291626
13221 195.085540771 57.9781341553 18.3789367676
13222 56.8086700439 -15.4054536819 2.53285217285
13223 57.995880127 -16.3844528198 3.29245209694
13224 120.814285278 73.8849411011 19.5176582336
13225 121.447784424 73.6222457886 26.6242733002
13226 120.219688416 80.6747817993 26.0373954773
13227 29.6897830963 33.2894439697 45.4215812683
13228 32.5528297424 13.6377019882 2.87604355812
13229 37.0492210388 18.8101005554 40.5214729309
13230 39.2189369202 9.666929245 2.95165300369
13231 127.859169006 79.3854980469 13.3360509872
13232 14.6274604797 -1.48787796497 9.00768375397
13233 52.222820282 -19.6602478027 2.60830974579
13234 49.2578773499 -16.3679237366 39.6695175171
13235 50.2833251953 -19.8134670258 42.5766448975
13236 49.3765830994 -16.0415401459 43.1092529297
13237 104.906944275 51.6071739197 6.71086120605
13238 99.0230026245 54.8510131836 5.22532701492
13239 71.151260376 84.4021453857 34.8207435608
13240 176.114379883 -19.2668991089 23.0795669556
13241 59.435459137 40.7515869141 44.9662513733
13242 63.438911438 46.2761650085 45.3660926819
13243 55.9355049133 44.3747901917 45.7989959717
13244 182.982254028 -66.5425796509 14.3081645966
13245 36.4120979309 79.6451797485 7.60971975327
13246 30.0175209045 71.962562561 6.00257015228
13247 4.933634758 54.4440841675 18.8493118286
13248 181.844482422 -58.7442703247 9.99269485474
13249 187.94909668 -57.3902587891 8.3595867157
13250 185.633422852 -62.7898139954 9.89400005341
13251 35.5949630737 52.0726509094 6.29836320877
13252 25.9534454346 -46.1278114319 27.8828773499
13253 190.42489624 10.1878919601 8.26508140564
13254 189.809188843 5.60690307617 5.70976400375
13255 51.3015480042 -13.2363967896 38.9964485168
13256 81.4432525635 -58.8605308533 16.705821991
13257 80.703742981 -55.8662757874 28.2903633118
13258 38.2885398865 -48.7842140198 16.4048652649
13259 173.035430908 -6.54710245132 21.3943767548
13260 174.944610596 -5.04706430435 21.0168991089
13261 171.109176636 -4.11102104187 21.8272132874
13262 173.582260132 -5.43498325348 24.1665115356
13263 32.9748191833 -46.9757156372 16.2269916534
13264 37.8944168091 -38.3096160889 14.7100944519
13265 92.1676635742 50.2076530457 17.7395095825
13266 88.3545074463 46.5260505676 18.3989334106
13267 88.7526626587 58.0279502869 26.2515926361
13268 91.9575576782 57.0466461182 19.8604335785
13269 158.775299072 16.4872684479 36.225402832
13270 15.6489849091 15.3787183762 16.070608139
13271 19.362909317 8.81332969666 15.9880638123
13272 10.0585708618 19.5112400055 15.435256958
13273 21.2544345856 80.4435195923 23.0952606201
13274 107.416381836 78.0447006226 10.6873292923
13275 104.41065979 70.7081604004 6.09682273865
13276 177.745132446 -5.0322561264 29.2569351196
13277 165.137939453 8.45487499237 43.4314079285
13278 167.519866943 5.5671620369 47.229598999
13279 98.6079101562 -7.4340133667 11.779337883
13280 147.770263672 27.8343257904 3.99538946152
13281 101.48551178 1.704829216 11.9629182816
13282 158.052185059 19.9633769989 4.10852527618
13283 160.984115601 9.79356861115 38.1131324768
13284 57.9829940796 -6.76702022552 6.87278747559
13285 194.697006226 11.3594961166 5.05918645859
13286 164.077407837 -31.8863830566 2.98300290108
13287 164.008270264 -35.4495697021 2.64150762558
13288 177.385467529 -14.4005975723 19.0265769958
13289 135.078369141 -13.2445726395 42.4067955017
13290 166.159729004 -46.3380584717 34.0244522095
13291 185.807128906 -29.5664615631 3.39620947838
13292 175.188415527 -98.5558929443 6.3629617691
13293 98.1020584106 -0.882749438286 11.6481285095
13294 173.889053345 -104.292678833 5.09073877335
13295 59.1828613281 35.7038803101 17.0570869446
13296 144.588241577 -61.1563415527 5.63272428513
13297 58.7176628113 31.0078201294 16.4500484467
13298 37.7532615662 -0.535862445831 41.4988250732
13299 34.2835159302 -2.00066518784 42.7734260559
13300 39.2044830322 -1.30428397655 44.7177581787
13301 36.1678543091 -2.60754036903 44.8032112122
13302 42.0438346863 2.43229460716 41.3403434753
13303 38.967010498 3.95929098129 41.3312301636
13304 165.361160278 -27.9346199036 5.98747110367
13305 163.505981445 -23.8209438324 4.71647596359
13306 167.658508301 -25.4371299744 2.83804893494
13307 191.189590454 -34.7463035583 21.3994522095
13308 164.137283325 11.4866676331 38.2359771729
13309 175.916290283 -65.775894165 6.31757593155
13310 191.016830444 -52.804019928 22.1618995667
13311 30.2061786652 4.45347309113 41.1676063538
13312 179.69921875 -39.7465362549 41.2186126709
13313 180.11819458 -44.1934928894 41.0398788452
13314 179.192245483 -40.2802314758 45.9077644348
13315 174.768096924 -40.3606109619 44.5898017883
13316 151.940429688 28.5113677979 33.9980773926
13317 156.474914551 -49.2150535583 45.9878540039
13318 157.59487915 -50.3066940308 39.294002533
13319 161.705184937 -48.4542999268 39.299446106
13320 161.256286621 -53.6385307312 44.3749198914
13321 18.9142017365 60.3177223206 18.8224163055
13322 148.667175293 24.5905628204 35.1247253418
13323 195.078659058 -57.5961151123 16.8028831482
13324 148.756958008 -35.3300552368 3.73084497452
13325 146.440048218 -30.3068370819 2.71156072617
13326 166.830963135 -37.6295585632 4.18118572235
13327 170.291671753 -11.4357690811 25.7202262878
13328 170.662612915 -13.4006261826 23.5849494934
13329 170.342498779 -12.614941597 28.0823173523
13330 145.477813721 -61.0920333862 16.7620544434
13331 139.132324219 -62.2108840942 11.1050539017
13332 145.310775757 -61.4972419739 11.1560468674
13333 142.42137146 -66.0589904785 12.8667259216
13334 194.910140991 67.9930801392 7.79759168625
13335 194.224151611 64.1786651611 17.5689640045
13336 135.226882935 -28.7154445648 7.6294131279
13337 188.685440063 68.6471099854 36.8381004333
13338 167.786331177 -21.4652805328 2.50351452827
13339 59.151714325 -28.2879486084 39.3868751526
13340 61.4697608948 -28.4932613373 42.2261886597
13341 59.7411727905 -25.0429840088 41.4632377625
13342 34.1487159729 -87.1916885376 8.10707855225
13343 41.671245575 -85.4822616577 8.36588954926
13344 56.515838623 -27.8808555603 41.5146217346
13345 187.115875244 43.5554389954 5.06524896622
13346 37.8792190552 -98.508682251 28.6940021515
13347 44.6858634949 -100.703804016 23.4253520966
13348 128.16343689 -27.9707927704 8.69336223602
13349 24.9150619507 -78.5405578613 6.58466386795
13350 29.2242298126 -78.4619750977 5.92956781387
13351 25.3306865692 -84.8932723999 9.34963512421
13352 76.4229507446 45.0696296692 19.572435379
13353 35.5013809204 -71.4634475708 4.81858778
13354 80.1843109131 43.4359130859 16.0191230774
13355 84.2487869263 41.0863265991 19.0995426178
13356 22.1238040924 -17.9733009338 18.482503891
13357 121.385772705 -101.049812317 15.6760578156
13358 136.642059326 -98.0895767212 10.7815561295
13359 139.325485229 -92.9496307373 5.66153049469
13360 133.193008423 -99.5154800415 5.97616910934
13361 131.566696167 -92.6390304565 5.60317182541
13362 49.8823852539 -39.4876747131 14.3375787735
13363 24.2406520844 -66.4611282349 44.2048187256
13364 12.0516271591 -57.390045166 41.6403236389
13365 144.88394165 -92.1902389526 9.32037353516
13366 145.153701782 -100.133171082 7.32340621948
13367 23.4144935608 -19.2396888733 35.0038833618
13368 26.6007080078 -17.9636058807 36.2379341125
13369 32.6918487549 -25.5797176361 2.8037879467
13370 41.3774871826 -31.5847301483 4.14689922333
13371 42.1786384583 -27.2012195587 2.91836667061
13372 161.420089722 -19.4060325623 4.20239782333
13373 27.6805648804 8.95930862427 39.6933364868
13374 24.3601303101 8.42753696442 38.9279785156
13375 25.5895347595 5.33425855637 37.3437004089
13376 21.9496765137 4.76120138168 33.0001182556
13377 160.685958862 -25.5576686859 6.27782201767
13378 155.455474854 -25.0918121338 3.83434915543
13379 157.848571777 -27.4635982513 2.74679613113
13380 157.445968628 -27.5794677734 7.2303185463
13381 170.646514893 -22.9248943329 2.80325651169
13382 79.8464202881 11.5151453018 12.8081903458
13383 184.074386597 50.2455711365 4.99103164673
13384 65.6597213745 12.0424108505 36.9601860046
13385 158.130584717 -23.6831283569 2.90048313141
13386 130.674743652 -44.6257095337 10.4188108444
13387 135.54675293 -43.1626777649 9.75047588348
13388 133.021957397 -39.4400596619 9.55227661133
13389 179.304534912 -17.0847816467 8.74960708618
13390 126.766288757 -35.0411453247 8.73770999908
13391 127.131507874 -40.260055542 10.2777805328
13392 131.004821777 -35.6457557678 8.56164646149
13393 188.237945557 64.2472076416 14.9263038635
13394 186.197265625 59.1818847656 9.77749729156
13395 190.312194824 -35.5379600525 8.80011844635
13396 62.9988327026 -38.7644996643 10.2984991074
13397 184.705764771 -48.8828849792 46.1707649231
13398 60.6252861023 -33.4095077515 9.38579463959
13399 178.005325317 -36.2945861816 43.0252418518
13400 177.633285522 -35.912311554 46.7122306824
13401 192.68598938 -21.9291763306 16.0826320648
13402 161.36378479 -34.7648200989 46.6178398132
13403 65.9730682373 -32.5696907043 9.37936496735
13404 164.026138306 -31.6662368774 47.0113258362
13405 118.838897705 58.6789169312 27.2191257477
13406 121.410018921 49.7430343628 25.0575237274
13407 117.327316284 55.1162643433 18.6530742645
13408 112.787254333 48.173740387 31.0846977234
13409 114.979400635 61.4536094666 19.4291915894
13410 112.513778687 49.3069458008 18.7810306549
13411 118.042198181 48.4770393372 18.6869926453
13412 181.024414062 -71.7523803711 5.44144821167
13413 191.007461548 -50.0764465332 40.8121910095
13414 181.48260498 -79.2540512085 12.7191019058
13415 188.516830444 -83.5308151245 11.6393194199
13416 164.728424072 -2.84910058975 2.49203515053
13417 171.474105835 -3.84389472008 39.9368476868
13418 195.065612793 36.3887214661 19.1755313873
13419 129.5519104 -96.7761230469 10.3942575455
13420 123.668609619 -100.417312622 5.96914482117
13421 37.0922927856 14.7855119705 9.13865280151
13422 33.5028076172 17.0397720337 9.19759368896
13423 33.6779975891 16.9124469757 4.82187843323
13424 32.3797035217 13.8792867661 7.63086843491
13425 36.1558303833 -10.3315725327 4.64699220657
13426 47.3303565979 -17.5476646423 9.95086479187
13427 163.689956665 -9.49073123932 4.40269804001
13428 173.966995239 -20.1583423615 41.2170944214
13429 175.583343506 -23.2128410339 41.7766609192
13430 8.75375843048 -34.905620575 19.860824585
13431 4.65156126022 -38.6522598267 19.12225914
13432 171.621109009 -21.7200546265 41.7198829651
13433 179.315795898 20.4637622833 4.15820169449
13434 85.8425445557 -50.2137069702 16.4260387421
13435 80.9844741821 -48.5648918152 15.9143018723
13436 21.4335613251 16.9316596985 3.50362443924
13437 24.4802761078 8.23832321167 7.28096914291
13438 18.0753211975 9.62913703918 6.91971731186
13439 24.0133571625 12.341178894 7.99114608765
13440 71.1142883301 48.5303230286 6.46283340454
13441 78.0632705688 44.138671875 5.56693649292
13442 75.4903488159 43.4960327148 13.069190979
13443 68.3688583374 42.1064338684 5.321870327
13444 167.561325073 -1.63271796703 2.42472839355
13445 37.2128562927 -15.9850034714 2.31703495979
13446 38.3880195618 -18.6535453796 2.26828241348
13447 25.9089832306 -20.4538822174 17.7052230835
13448 41.3560600281 -12.133605957 45.9637298584
13449 41.3372421265 -11.0421295166 43.3286132812
13450 38.5892562866 -11.2843475342 45.5513076782
13451 141.668960571 9.96207618713 12.5289258957
13452 143.987472534 12.9171714783 12.6220521927
13453 142.840621948 16.7422447205 14.4783687592
13454 96.9184799194 33.8184051514 25.7734832764
13455 96.9592208862 30.2726860046 18.8071918488
13456 173.79196167 -14.4474897385 31.669626236
13457 173.708602905 -14.4549312592 34.3344841003
13458 179.70425415 -54.2114639282 4.19518375397
13459 172.908843994 -13.857383728 15.620344162
13460 83.4131393433 35.5510940552 39.933177948
13461 84.3384628296 36.0799026489 45.5499153137
13462 172.785095215 -12.6033353806 21.2611045837
13463 86.7408981323 49.3119812012 39.543132782
13464 132.389663696 -28.5307121277 41.1326255798
13465 149.128585815 2.82704806328 37.590045929
13466 98.7513427734 14.242931366 14.3882417679
13467 79.2486953735 3.45470499992 8.02583694458
13468 76.972328186 6.64523506165 3.44312691689
13469 81.9887695312 7.61810827255 2.93593358994
13470 74.1944198608 -10.3799962997 3.8108716011
13471 70.0961608887 -9.24914550781 2.6638841629
13472 30.2240104675 -3.09501481056 2.39946627617
13473 32.1111831665 -15.3887338638 2.2132396698
13474 68.3755187988 14.7938899994 41.2411651611
13475 72.8396987915 14.5154237747 40.7064819336
13476 171.307785034 -5.40577220917 5.31477022171
13477 164.37449646 -31.4191837311 7.13615465164
13478 50.2143363953 -21.7202835083 7.83454799652
13479 50.3421783447 -21.9014854431 12.000292778
13480 55.8146743774 -15.2718267441 6.9860496521
13481 55.7423934937 -15.1726388931 10.4847002029
13482 49.7625541687 -14.801653862 7.11058855057
13483 77.3767700195 3.13404202461 41.972984314
13484 99.5902709961 9.44032859802 13.486700058
13485 48.878818512 -3.5120434761 6.85721969604
13486 51.1783103943 -7.15650892258 7.30290269852
13487 48.373752594 -7.42368555069 5.8152551651
13488 35.2838172913 -2.82001614571 2.26583981514
13489 41.0178947449 -3.0552482605 2.24758934975
13490 25.0755214691 21.76704216 10.6719646454
13491 29.6544094086 19.392168045 10.141204834
13492 25.2008056641 16.9179401398 9.8867225647
13493 120.494934082 32.6302947998 33.5877304077
13494 103.796264648 -66.0094680786 6.10531520844
13495 76.929725647 -74.7768936157 6.33550977707
13496 44.5210647583 55.2739372253 31.3482303619
13497 35.8879966736 57.8795661926 30.0698814392
13498 45.9454421997 55.8376541138 24.8439464569
13499 95.1697540283 26.3134555817 16.2752246857
13500 95.4018707275 27.8166828156 10.6528530121
13501 91.5525131226 33.0641593933 12.8378190994
13502 97.9622955322 32.7541275024 13.0027694702
13503 139.603988647 -59.6861343384 45.3160018921
13504 137.637741089 -65.3414611816 45.4325904846
13505 145.099914551 -64.2908248901 45.459728241
13506 49.3058204651 49.7469062805 25.6132278442
13507 51.336025238 57.3538169861 31.0395393372
13508 81.7971496582 -104.773254395 21.6202697754
13509 52.4070739746 64.2182769775 23.0199298859
13510 44.7321472168 60.9708175659 20.2674503326
13511 46.5032997131 60.5577125549 30.4445114136
13512 108.949073792 -70.0703659058 4.37329721451
13513 39.4351730347 63.1081314087 28.070066452
13514 74.1356201172 73.7374191284 20.3187332153
13515 84.8848876953 72.3199005127 21.8530464172
13516 78.621635437 65.4453887939 16.7746601105
13517 70.2980270386 66.5159225464 15.8253526688
13518 69.8094940186 66.866859436 24.9352874756
13519 71.2007217407 76.4362258911 26.7366371155
13520 75.310218811 65.7493972778 32.2476463318
13521 12.1270341873 24.6015739441 9.3487739563
13522 34.2947311401 16.0930957794 36.4119110107
13523 120.592468262 59.9855422974 4.79493331909
13524 93.8243560791 31.4886627197 3.6286444664
13525 123.435630798 37.2789726257 44.7711181641
13526 132.472335815 31.5346813202 4.09070491791
13527 141.256591797 34.4482650757 4.10129833221
13528 105.670783997 79.4550552368 30.2288208008
13529 102.808914185 81.9083480835 35.8686714172
13530 104.177223206 84.8815917969 29.8808708191
13531 99.8111419678 84.2429504395 31.2582683563
13532 89.1725769043 15.6194171906 3.94487762451
13533 94.7522354126 15.0915441513 3.39448833466
13534 25.4562129974 17.7606544495 15.7409343719
13535 44.9500007629 -19.1762924194 5.30199956894
13536 45.2803840637 -19.3706455231 2.43473958969
13537 47.4126472473 -17.6536884308 2.48196077347
13538 42.3239097595 7.29104137421 2.93120026588
13539 52.1431350708 16.7928695679 46.3861236572
13540 38.212600708 -1.2878305912 2.40588307381
13541 166.134292603 -42.6458015442 15.0300235748
13542 162.311752319 -39.1501541138 14.3698396683
13543 156.785049438 -9.65397357941 2.0277094841
13544 49.4452438354 11.0792837143 13.8163747787
13545 48.6136665344 5.88466072083 12.750957489
13546 161.724212646 -15.7422151566 2.18593978882
13547 60.5441093445 15.4647312164 12.7307071686
13548 26.214838028 -14.618262291 21.2236175537
13549 26.4275035858 -14.2293310165 25.8520812988
13550 60.8225898743 7.92884874344 12.5299510956
13551 41.8037948608 -23.5314540863 2.93890786171
13552 164.754486084 -5.51717376709 2.50428676605
13553 52.8347816467 -24.780122757 12.5470123291
13554 48.6021881104 -25.7802200317 12.5059041977
13555 54.7787437439 -29.747171402 8.18697834015
13556 51.9870071411 -32.2419281006 7.83415603638
13557 52.9306678772 -25.0345172882 8.35287857056
13558 160.699371338 9.25539302826 6.88693714142
13559 160.581848145 5.35291385651 6.23784017563
13560 48.9868164062 -30.9882583618 8.1598815918
13561 20.2282409668 -39.9168663025 8.56816482544
13562 21.5345840454 -39.4097213745 3.74851346016
13563 50.8065414429 -27.7034244537 7.95730257034
13564 42.437374115 6.89504766464 11.2490339279
13565 21.8231639862 -72.2168960571 24.3013401031
13566 14.306265831 -65.2917251587 21.099647522
13567 26.1267242432 -17.208562851 19.2046146393
13568 9.35192584991 -68.2552185059 25.7292633057
13569 24.6294956207 -46.1428718567 5.77542543411
13570 9.91176891327 -60.4630737305 32.6016464233
13571 20.0421791077 -67.1667556763 33.7726669312
13572 14.8706541061 -69.7206726074 29.4623222351
13573 35.9226264954 11.8423128128 2.98331928253
13574 27.1424655914 73.216003418 28.2623176575
13575 155.751358032 37.418346405 33.3231620789
13576 90.8665237427 -30.1701107025 40.9961395264
13577 87.3781661987 -32.6103553772 41.550693512
13578 153.916748047 -13.2380046844 2.06290698051
13579 131.807540894 -4.96221542358 2.28931736946
13580 135.233932495 -2.95888233185 3.24616765976
13581 90.4752883911 -30.154466629 36.5820121765
13582 153.026275635 17.8051052094 46.165348053
13583 156.991607666 21.1755332947 45.793170929
13584 156.740783691 15.9301328659 46.7630348206
13585 152.360626221 9.46242618561 3.63228964806
13586 155.382797241 9.00228977203 4.15467023849
13587 107.200408936 20.3021640778 35.6358680725
13588 89.5818862915 -35.9412841797 40.7478942871
13589 194.799560547 84.2627487183 38.3386459351
13590 195.049667358 84.8205108643 43.5563774109
13591 144.907241821 -17.6939601898 47.3772506714
13592 147.381561279 -15.9621582031 47.3045501709
13593 25.7765350342 -17.0730113983 26.1358127594
13594 137.742950439 -3.02560687065 46.9758377075
13595 43.8405265808 -4.9210062027 2.21489787102
13596 43.4760856628 -15.8991928101 2.83454322815
13597 40.6687278748 -16.9249820709 2.26259970665
13598 164.526351929 7.61696958542 3.21064114571
13599 66.5330123901 38.0828552246 16.7087574005
13600 29.0647335052 -39.6945037842 39.5309066772
13601 25.2515830994 -36.336769104 39.8183059692
13602 123.759025574 17.3033790588 14.5696210861
13603 106.297172546 33.4795684814 34.0265541077
13604 27.9450721741 -38.1563453674 3.81646585464
13605 170.305725098 -65.5244979858 25.1932010651
13606 157.855514526 -73.9363174438 18.7289104462
13607 52.1236953735 2.70137000084 3.15548443794
13608 146.49017334 -0.55201202631 37.9579925537
13609 27.1527042389 -9.45721721649 24.8572731018
13610 194.474060059 84.0212097168 46.148765564
13611 179.065841675 -4.0319943428 23.2021694183
13612 35.7717590332 -31.6131191254 3.1241850853
13613 35.9909934998 79.4387283325 30.0102939606
13614 37.2082138062 78.382270813 37.0030632019
13615 31.8833427429 72.5967712402 35.1837806702
13616 40.0271377563 74.183807373 31.954624176
13617 141.645370483 -51.6950645447 10.7349681854
13618 144.262435913 -46.9863853455 9.92612171173
13619 28.8601169586 -2.44434857368 12.4480514526
13620 159.250900269 -2.9883210659 2.26858615875
13621 153.471557617 3.31725645065 3.20171833038
13622 27.942565918 1.1589833498 10.4174060822
13623 69.3519744873 -69.5215377808 31.2961616516
13624 177.680236816 -1.87827765942 33.7139663696
13625 176.980239868 -2.38000321388 28.7679405212
13626 170.307601929 -6.36872291565 19.1558113098
13627 70.4786224365 -20.4843845367 42.0311813354
13628 51.7217521667 -15.5833263397 2.34138584137
13629 68.6991271973 -74.0547561646 19.040512085
13630 142.053085327 -44.2854537964 12.1748380661
13631 139.649856567 -42.6924934387 9.38712310791
13632 175.738082886 0.353832870722 39.2921028137
13633 174.693878174 -4.80644035339 40.3791885376
13634 182.819702148 16.9740085602 11.5250062943
13635 178.993774414 19.3191413879 9.34969806671
13636 184.246505737 19.6113014221 7.01438713074
13637 177.750320435 15.4482526779 8.1645898819
13638 38.9398117065 -30.7480392456 2.74642920494
13639 153.578277588 27.1402988434 9.99866867065
13640 157.062225342 29.9155712128 10.0877189636
13641 152.990158081 27.1064548492 5.12153196335
13642 166.901748657 36.065448761 4.58287477493
13643 171.470321655 -15.7933597565 23.2802467346
13644 173.578369141 -14.569396019 25.8399295807
13645 84.1636123657 -24.9954090118 8.11035633087
13646 83.3971786499 -20.8845920563 7.2395067215
13647 80.7707519531 -19.1306285858 7.36512184143
13648 174.248855591 -14.7414093018 18.3509273529
13649 67.3981170654 -10.0635347366 46.5506324768
13650 82.250328064 39.7938270569 4.89893102646
13651 56.6630210876 5.96259880066 45.8315963745
13652 60.4095077515 23.0374946594 3.09389829636
13653 35.1932487488 21.9963779449 3.81054258347
13654 148.864852905 -44.3309020996 35.359577179
13655 146.003814697 -40.7108268738 39.9469718933
13656 176.510375977 -63.8476142883 38.2157783508
13657 176.268966675 -68.6340179443 30.8165092468
13658 176.321777344 -69.5883483887 37.2770271301
13659 183.543273926 -71.1657562256 35.735118866
13660 185.677337646 -63.4105224609 35.327331543
13661 166.25944519 21.0980758667 14.6247272491
13662 47.0275650024 27.3710002899 40.0304794312
13663 41.4299621582 30.8631324768 45.8922958374
13664 42.21352005 25.303068161 44.9573173523
13665 45.9945220947 26.3416538239 46.0153923035
13666 172.386001587 -61.5671539307 31.54047966
13667 190.201385498 -66.9793930054 34.303352356
13668 182.120513916 -71.1053619385 29.3289737701
13669 189.99382019 -66.8914794922 28.2474594116
13670 45.9550857544 -6.75380706787 1.8734909296
13671 46.6891059875 2.95343494415 46.6953964233
13672 49.6799201965 0.3748678267 48.1339759827
13673 76.585319519 -58.7128677368 33.7258377075
13674 79.8331069946 -54.0058708191 33.4376525879
13675 30.870765686 -7.84924507141 11.1707286835
13676 38.3689079285 1.89816856384 2.6988158226
13677 182.781585693 -46.5699882507 14.3329086304
13678 155.008300781 -21.4363479614 2.53523159027
13679 149.324935913 -20.8083877563 2.6908929348
13680 130.951004028 0.344011485577 42.110332489
13681 127.030654907 0.653055846691 41.9268913269
13682 129.832336426 3.90160298347 46.4330291748
13683 151.954147339 -26.2573547363 8.32087135315
13684 150.802612305 -30.8154850006 4.65266227722
13685 45.3691444397 13.7600641251 13.8529262543
13686 35.2858924866 0.198867738247 2.5827691555
13687 156.407287598 -4.0003786087 2.8453643322
13688 157.06010437 -6.94939899445 2.23643898964
13689 159.209091187 -5.54552412033 2.24167871475
13690 158.261825562 -33.7769203186 3.10016322136
13691 175.880218506 -83.1341171265 23.3476543427
13692 181.012191772 -79.4515457153 31.7497425079
13693 177.322540283 -76.067024231 27.8729057312
13694 174.194259644 -84.0385665894 35.029499054
13695 173.950927734 25.5183792114 17.1402778625
13696 25.1243743896 1.35341119766 36.2989616394
13697 157.063949585 34.9169807434 4.80017280579
13698 24.7270393372 -17.6984539032 16.487953186
13699 161.184494019 33.4987297058 16.7919998169
13700 176.6953125 -101.24206543 28.916097641
13701 178.391784668 -98.3381881714 36.1094207764
13702 183.087844849 -100.217819214 21.8492107391
13703 181.595245361 -97.024520874 27.5518112183
13704 74.5431900024 -58.5007858276 11.1589069366
13705 77.9583587646 -63.9596862793 12.0772190094
13706 77.6265869141 -63.8893928528 5.63888835907
13707 171.202957153 -101.271507263 25.0799503326
13708 174.271713257 -95.6062393188 31.5321273804
13709 13.4112176895 -37.374912262 20.726776123
13710 174.64743042 -92.6472854614 11.5667219162
13711 179.152359009 -98.6058349609 13.2775659561
13712 179.675262451 -93.4040756226 19.4855365753
13713 157.740158081 7.43016052246 47.3106765747
13714 180.266403198 38.456905365 45.5852775574
13715 194.731063843 36.4464836121 40.2239952087
13716 195.32208252 31.1059074402 42.7761116028
13717 13.9389009476 -43.1840171814 31.9922637939
13718 9.1352481842 -38.1496009827 32.0160331726
13719 38.6983795166 -22.180103302 47.2342071533
13720 37.7290229797 -34.0701713562 13.2246742249
13721 74.8931655884 -27.6227531433 2.84301018715
13722 25.9213619232 -17.1765155792 22.6403751373
13723 47.6434020996 -29.7262363434 3.41681408882
13724 24.2830142975 -17.7254619598 28.5753097534
13725 165.829574585 -36.4091415405 45.978843689
13726 20.1408100128 -17.760684967 23.1621627808
13727 62.6000061035 13.1350650787 2.66375756264
13728 51.003868103 15.0634469986 4.06506299973
13729 24.6778430939 26.2707271576 38.6709785461
13730 25.3089675903 26.1196346283 44.8734054565
13731 151.46685791 10.6869850159 13.0280323029
13732 159.299255371 12.3606948853 36.5215377808
13733 38.3487434387 38.3829917908 45.5090370178
13734 4.93807697296 18.7526397705 19.3640613556
13735 56.874256134 14.5281562805 2.62442135811
13736 147.981826782 -32.2223205566 47.2034263611
13737 19.2877044678 45.5951461792 4.65168762207
13738 36.2618560791 6.50477409363 6.6998500824
13739 45.4342346191 12.1552810669 46.5935134888
13740 39.8986740112 4.93791007996 9.43329429626
13741 38.8046913147 5.64836549759 2.83342933655
13742 154.075622559 -10.7450447083 2.24504542351
13743 61.3736114502 11.2597389221 47.5987854004
13744 58.922328949 9.94352245331 46.0121269226
13745 62.8812065125 9.00593471527 45.832862854
13746 41.7247047424 -19.7013816833 2.81501436234
13747 48.3997993469 -9.12939071655 2.90422940254
13748 47.9715042114 -25.6633377075 8.27709197998
13749 42.9339256287 -9.05385684967 6.7323012352
13750 29.0523815155 -3.85510826111 4.79109811783
13751 44.7739906311 -21.9342384338 2.45930576324
13752 45.6236534119 -3.89186263084 8.50259208679
13753 44.7862663269 0.954278469086 9.99936485291
13754 47.5014076233 -0.0299602374434 46.6486206055
13755 157.950836182 3.72145152092 2.8320877552
13756 159.286499023 -5.8904876709 47.8185768127
13757 57.1835403442 59.969543457 29.729347229
13758 66.6650543213 53.1983108521 19.3441638947
13759 189.539901733 19.2370014191 9.83834934235
13760 195.072097778 15.465970993 6.95059871674
13761 152.101745605 32.4451828003 5.05032682419
13762 164.652130127 4.85640287399 47.4170913696
13763 164.712753296 0.201348394156 47.4170646667
13764 167.476425171 1.83108949661 47.3819580078
13765 38.1272468567 -39.4727516174 40.8287200928
13766 36.6118278503 -38.8253135681 46.7436447144
13767 41.731678009 -40.0252418518 46.5225372314
13768 41.9091453552 -36.4864082336 45.3286323547
13769 58.2077598572 -2.71238589287 46.7081565857
13770 170.348861694 -9.51887893677 19.7727489471
13771 52.9335289001 -12.8697404861 6.64864206314
13772 171.344360352 -11.7828083038 14.6736059189
13773 56.0723190308 -17.0156650543 46.1188735962
13774 53.7141494751 -20.2035751343 46.0139770508
13775 170.059448242 -15.0913591385 14.0325965881
13776 66.5308609009 -25.9429569244 47.7270202637
13777 70.073600769 -24.4753570557 47.4066886902
13778 79.5984039307 -45.1538124084 40.3211708069
13779 51.3024711609 -39.2952308655 3.67453670502
13780 75.2987060547 -44.4793128967 40.3509902954
13781 66.16456604 -40.3727760315 3.84732198715
13782 82.0524673462 -40.9271888733 40.3100852966
13783 157.875274658 15.0754451752 2.90826678276
13784 161.063934326 5.70898962021 2.85745120049
13785 185.139419556 -26.2611122131 38.5922813416
13786 95.9450378418 25.8505840302 47.1514854431
13787 100.072380066 25.4248485565 46.0253677368
13788 96.4943847656 30.3269557953 46.6506690979
13789 125.97858429 -63.3725814819 17.3608531952
13790 124.812698364 -68.9135818481 31.1511440277
13791 106.436012268 85.1470489502 12.1585111618
13792 133.592422485 -68.3582839966 24.9717769623
13793 130.29095459 -69.2523345947 18.6494407654
13794 172.772033691 -7.47431135178 25.8156051636
13795 154.676345825 -0.466074973345 2.43143630028
13796 148.664627075 -10.2952613831 47.5887374878
13797 181.904418945 -20.6863937378 9.74604606628
13798 182.640457153 -23.746131897 6.59544706345
13799 149.425506592 -4.88194847107 48.0522422791
13800 70.4620285034 11.9452857971 13.3244581223
13801 47.4893455505 2.40634894371 7.61454153061
13802 44.4815254211 4.97917032242 3.91370487213
13803 44.7888870239 5.077231884 8.08174037933
13804 49.1755218506 5.92354106903 3.24507927895
13805 90.8988952637 26.7779445648 46.291759491
13806 29.4902305603 -56.5770225525 33.2556266785
13807 35.9635047913 -62.65026474 23.042798996
13808 123.350097656 12.1094398499 9.3382692337
13809 123.760467529 16.7280445099 9.37289714813
13810 123.291778564 11.4314861298 14.1628694534
13811 34.4482154846 -53.8374023438 33.3275413513
13812 164.832107544 42.0672988892 4.7054142952
13813 25.3376350403 -54.0280075073 38.9006652832
13814 29.6098327637 -57.0914039612 38.9571914673
13815 12.1937084198 -33.5151481628 14.9221906662
13816 54.2751083374 -104.766265869 13.2266998291
13817 56.2057685852 -45.2771873474 34.8957977295
13818 38.952709198 -34.2933921814 3.17846846581
13819 158.218490601 -0.199657440186 2.45080065727
13820 175.054962158 44.3984603882 44.3744888306
13821 184.384368896 -0.116656675935 23.8353061676
13822 116.064712524 23.319984436 10.204955101
13823 54.0411567688 -37.7268371582 35.8678092957
13824 115.368484497 18.7563610077 9.09839248657
13825 169.649459839 42.580947876 44.8477630615
13826 174.804351807 38.0146141052 45.7905158997
13827 155.083557129 -0.843286752701 5.24356508255
13828 152.518936157 -0.0331749655306 3.32397937775
13829 114.369232178 -34.7748680115 46.0438461304
13830 113.95615387 -38.2591514587 45.0979309082
13831 120.791984558 20.0584011078 9.1164150238
13832 31.1006698608 -2.93964457512 39.623500824
13833 28.8378429413 -4.78826570511 41.8006057739
13834 33.2527160645 -4.62641572952 40.902961731
13835 29.874288559 -1.44127702713 41.9008712769
13836 165.34475708 -43.2440605164 3.74871587753
13837 30.2908744812 -6.32670354843 39.0200920105
13838 140.664810181 -70.5883407593 45.9673995972
13839 169.113937378 -55.3887481689 45.5772781372
13840 162.510681152 15.4350643158 36.3923416138
13841 151.972930908 -26.2708702087 4.21668672562
13842 172.78414917 -13.1772918701 36.9822311401
13843 47.3149032593 -1.25922715664 2.48526406288
13844 154.502792358 4.87009716034 47.3815002441
13845 38.7593841553 -53.111164093 11.3215169907
13846 44.5236816406 -55.5337524414 11.1865234375
13847 42.9597434998 -49.9210395813 10.0953006744
13848 129.42048645 -17.8759098053 46.3730659485
13849 132.058364868 -15.9713726044 46.5535202026
13850 156.299560547 -15.8999013901 47.2775154114
13851 159.330612183 -16.929069519 47.7370948792
13852 159.302841187 -14.3912057877 47.7682571411
13853 159.012283325 -3.04985666275 47.737071991
13854 163.941925049 -15.0263814926 4.6366519928
13855 166.916595459 -13.479514122 4.76181125641
13856 148.602020264 -43.1544151306 46.2465515137
13857 37.9595489502 -4.23710441589 47.9244117737
13858 115.582550049 -58.4823951721 22.1665077209
13859 109.979782104 -58.6526603699 21.5731239319
13860 111.436134338 -59.3362731934 16.7568264008
13861 113.85181427 -63.0880508423 18.8634357452
13862 131.328063965 22.4694232941 3.94306778908
13863 137.444122314 22.332151413 3.76080274582
13864 133.629302979 19.2642116547 4.66745758057
13865 144.353500366 -2.04551959038 47.0111236572
13866 141.742599487 -5.31188678741 47.3710212708
13867 151.720596313 -7.47539949417 47.4172935486
13868 116.007072449 -54.0772285461 27.440410614
13869 109.378578186 -53.948348999 23.0612392426
13870 109.31565094 -59.2141265869 27.136882782
13871 142.042907715 50.1091079712 4.98015975952
13872 135.121658325 51.8958129883 4.75955867767
13873 151.774536133 57.0840339661 37.7352371216
13874 145.74357605 60.0157394409 42.2259368896
13875 156.119888306 40.5614128113 4.63328552246
13876 147.6302948 -32.5429458618 37.0343780518
13877 113.086456299 62.1413574219 12.5920820236
13878 108.854858398 57.0875778198 13.6309585571
13879 106.879745483 64.6051559448 16.9101600647
13880 146.175491333 -35.1707344055 36.7320899963
13881 36.1291770935 -7.09120178223 45.7979049683
13882 35.7336502075 -6.12113809586 43.4013900757
13883 33.8425178528 -8.8538608551 45.74401474
13884 44.7763290405 -61.6148948669 5.6160941124
13885 41.7136039734 -62.4459915161 45.990486145
13886 52.2175064087 -32.4112586975 2.81359672546
13887 61.6167030334 -65.3965682983 3.80970716476
13888 163.218032837 39.3077430725 45.987247467
13889 157.664825439 7.33042812347 2.93389606476
13890 176.159927368 -85.8238601685 16.5446033478
13891 44.9608612061 -26.0006561279 3.22843599319
13892 134.338470459 -61.7255897522 39.0604667664
13893 135.821472168 -56.5457992554 44.1156921387
13894 133.860687256 -61.313129425 44.9645805359
13895 153.861846924 -45.9904632568 46.2964668274
13896 90.6700210571 -49.4501571655 28.3558731079
13897 160.694030762 -29.252620697 43.1103172302
13898 157.91317749 -26.9821243286 43.0101776123
13899 157.840011597 -27.2100410461 47.0820007324
13900 38.711391449 22.7986927032 3.91751456261
13901 92.4315795898 -48.2890586853 16.9566459656
13902 155.541488647 32.0341300964 33.6821479797
13903 45.9148902893 -81.7614746094 13.2212572098
13904 41.4782333374 -78.2967224121 6.62200021744
13905 40.4016799927 41.2870063782 5.58606004715
13906 40.2193145752 36.6673622131 4.53312253952
13907 157.758071899 -45.2578468323 44.9631156921
13908 157.169509888 -44.9933166504 39.9149513245
13909 154.700775146 -42.0948677063 46.5610122681
13910 158.215423584 -61.0429763794 4.54242515564
13911 66.5622253418 4.26762628555 12.7001037598
13912 159.518325806 -55.961971283 4.73829555511
13913 64.4454116821 8.05521011353 12.4822244644
13914 69.0129470825 7.90072631836 12.9039106369
13915 71.9555282593 -74.8982467651 37.5766525269
13916 72.5024185181 -74.3195648193 43.3186416626
13917 50.1145019531 -0.247701182961 7.28799343109
13918 88.2756195068 9.75613117218 7.9375462532
13919 81.4717178345 6.77511548996 8.305519104
13920 85.1994018555 5.78275108337 8.44790363312
13921 89.7309265137 5.44836854935 8.01163673401
13922 151.372238159 -12.4902381897 2.44648480415
13923 44.7676620483 -75.3999176025 5.31109952927
13924 152.599685669 -22.3294353485 3.81306123734
13925 147.614196777 -23.756029129 2.85915994644
13926 156.628311157 30.257724762 46.3838233948
13927 164.760620117 32.8659324646 45.0058174133
13928 160.886917114 28.1909828186 45.9517059326
13929 194.868438721 32.3351249695 23.8995246887
13930 139.279586792 -62.282913208 18.0042552948
13931 55.1622085571 -64.1722488403 4.63242483139
13932 150.158401489 -59.4709510803 16.7322978973
13933 181.226760864 19.9652004242 19.2380275726
13934 179.501190186 26.5540027618 18.7371749878
13935 56.1007843018 -11.8642644882 6.70559597015
13936 63.6501960754 -35.140411377 2.83211302757
13937 33.8303184509 -51.2729721069 5.62938308716
13938 57.0350914001 -52.6536712646 45.7623672485
13939 51.3541221619 -24.8583145142 47.074508667
13940 62.3117790222 -47.7724227905 35.01537323
13941 191.070953369 19.2597064972 4.49410295486
13942 69.2707595825 -42.8294334412 34.9379692078
13943 15.7367830276 -100.179473877 20.2292785645
13944 139.216094971 19.1117534637 3.58701753616
13945 146.851898193 -7.77685022354 2.76190805435
13946 152.048965454 6.14621829987 46.0076751709
13947 152.928771973 -42.0105133057 4.01581668854
13948 67.8382644653 6.91066551208 3.04307031631
13949 57.1754646301 0.274983406067 3.97612643242
13950 45.7031593323 8.61766147614 3.01398587227
13951 66.3675765991 19.243429184 45.330657959
13952 16.3485050201 36.105796814 4.36479234695
13953 138.632156372 -53.334602356 3.69177484512
13954 113.733299255 -51.8354721069 22.1465988159
13955 54.29322052 -6.31098413467 3.12672901154
13956 44.9119186401 -0.848248064518 44.7566871643
13957 44.2327766418 1.77033877373 44.7799263
13958 52.3068351746 -16.5774497986 42.3782958984
13959 96.1795578003 84.4679794312 11.4587125778
13960 131.080657959 -0.24828338623 3.18650531769
13961 136.449630737 1.36776351929 2.67108559608
13962 153.66734314 65.0854187012 4.24412584305
13963 123.649597168 85.2005386353 25.2690238953
13964 168.798324585 47.2496185303 5.67613601685
13965 144.4737854 47.8891220093 46.0304031372
13966 170.152023315 47.6230354309 18.9282245636
13967 166.908126831 59.5637779236 20.7305240631
13968 54.6091499329 59.5173568726 8.22051811218
13969 42.9053955078 25.4584884644 3.82657814026
13970 155.508575439 -33.6349411011 37.3716697693
13971 175.442321777 64.4390792847 42.6565093994
13972 175.688446045 71.3000717163 44.3894996643
13973 194.470214844 31.2693519592 28.645198822
13974 190.642227173 30.9810390472 29.3410243988
13975 172.953323364 -10.8235778809 36.28855896
13976 144.158508301 -23.7797718048 3.62307572365
13977 143.022979736 -26.9758586884 3.38613510132
13978 152.53793335 -18.8646793365 2.49945187569
13979 166.266357422 25.324760437 15.0879135132
13980 28.6838645935 -43.4480667114 10.8244743347
13981 19.8579769135 27.521686554 8.9463891983
13982 34.0133399963 40.4012336731 4.58710193634
13983 29.4231891632 -49.3029747009 11.3551959991
13984 29.509885788 -54.8258552551 16.8330554962
13985 61.6521263123 2.60414338112 46.6615562439
13986 46.4025802612 17.6848430634 4.1810464859
13987 31.3116149902 -49.7876663208 33.0294075012
13988 38.433429718 -1.27497172356 47.728843689
13989 52.948474884 8.94989204407 3.74789333344
13990 105.022369385 73.0016021729 22.0312099457
13991 98.836151123 68.1825408936 25.8406391144
13992 104.746994019 63.1930580139 23.9529724121
13993 106.118209839 70.8579864502 28.3327636719
13994 152.495010376 -37.9606513977 3.74724769592
13995 115.976165771 75.5538711548 23.1557197571
13996 111.782867432 70.0264816284 20.8193454742
13997 108.879562378 78.7817077637 17.9854869843
13998 33.7330780029 33.1647529602 11.5622415543
13999 141.51071167 -18.4579772949 2.54974842072
14000 98.6907958984 75.8565826416 23.4149360657
14001 102.691513062 71.8736572266 13.7466630936
14002 104.28477478 79.9930267334 21.998506546
14003 28.7851791382 30.9535751343 10.5202770233
14004 33.5096549988 27.6012458801 10.5183286667
14005 145.924728394 -9.80777454376 2.96806836128
14006 100.658561707 80.7049026489 26.5638256073
14007 146.945297241 34.2169570923 5.05864238739
14008 113.488471985 74.0702285767 30.3299713135
14009 170.111877441 -3.35624313354 47.6925964355
14010 19.314245224 -31.8814086914 40.0491867065
14011 18.5111961365 -28.7929916382 43.0519447327
14012 141.599227905 -17.233165741 6.0845079422
14013 144.017440796 -17.1538486481 8.00627040863
14014 143.896362305 -17.2014751434 4.03234624863
14015 149.021179199 -27.9515171051 3.42649626732
14016 16.0405368805 -28.4919834137 38.505607605
14017 14.723408699 -33.7468261719 34.9260978699
14018 155.0521698 -26.0108699799 46.7714614868
14019 155.430404663 -28.9494113922 45.7314834595
14020 149.240158081 38.454120636 45.4997711182
14021 183.864028931 10.7048816681 42.5566749573
14022 181.88973999 13.2866630554 45.5824699402
14023 186.339981079 9.97177124023 45.9521636963
14024 150.976242065 -63.2901000977 32.1512298584
14025 40.9578514099 -39.5233154297 3.64356637001
14026 45.041267395 -42.6484489441 3.75079154968
14027 48.6672935486 -36.4477539062 3.15557312965
14028 115.698638916 -0.627064526081 41.966835022
14029 139.334838867 13.8345851898 4.50225353241
14030 175.686340332 19.8460025787 16.6901912689
14031 159.944122314 -58.1051063538 45.5092124939
14032 87.685508728 -33.1776046753 36.2855491638
14033 145.798294067 -21.9378204346 46.4225997925
14034 143.917602539 -52.4386291504 3.52873492241
14035 153.424194336 -47.3351554871 4.04415464401
14036 56.6358604431 -34.1157455444 3.05601763725
14037 63.8226280212 -19.3276386261 46.4180183411
14038 45.270324707 -32.6564750671 3.86915445328
14039 90.6262817383 -14.641283989 38.1836547852
14040 67.9347305298 -82.1323242188 29.3231773376
14041 134.981567383 -37.5922851562 3.41096687317
14042 138.270568848 -21.6515712738 7.86339235306
14043 140.66065979 -24.9695892334 4.10579156876
14044 138.745986938 -21.7353305817 3.57366514206
14045 142.7940979 -20.3743743896 3.7505004406
14046 77.9445114136 -75.3944549561 24.8614120483
14047 73.1956787109 -74.4663696289 31.166103363
14048 75.8994750977 -69.9900588989 31.2186527252
14049 68.1898345947 -28.4479389191 8.79759979248
14050 62.7358322144 -29.2146778107 8.29715251923
14051 156.925384521 -10.324839592 47.9853401184
14052 56.7638549805 -25.7362632751 12.8825588226
14053 150.653503418 -16.1663951874 3.37973093987
14054 71.2722549438 -40.3105430603 14.2546033859
14055 153.152313232 -33.6382827759 3.66976523399
14056 183.52507019 -2.04068470001 36.0209541321
14057 172.526794434 -2.30733013153 47.7342605591
14058 55.3212890625 -23.9266490936 45.9860305786
14059 52.108215332 -28.3543186188 2.96920728683
14060 49.6363945007 -56.4935264587 4.41908836365
14061 87.0953674316 -40.9572868347 40.0940666199
14062 149.355102539 -45.3273544312 4.51634025574
14063 51.8792762756 4.30225467682 47.3099937439
14064 47.4684524536 21.829996109 3.76558685303
14065 48.2456436157 26.9837379456 4.26208543777
14066 165.455734253 -53.0131263733 5.59786891937
14067 148.916687012 -50.5646057129 4.08561706543
14068 26.0807933807 11.9231624603 37.5290641785
14069 34.4817695618 30.8800411224 46.0945968628
14070 20.2702598572 40.1980476379 4.26822376251
14071 80.5693511963 0.660700321198 37.5641479492
14072 80.9524230957 4.90905380249 37.3725318909
14073 59.4969062805 -3.26701545715 3.70186185837
14074 55.6543540955 -2.61685538292 3.34719109535
14075 141.739440918 34.8312721252 16.17237854
14076 53.0099105835 -2.59311199188 2.87828373909
14077 168.666595459 6.69029188156 5.29314041138
14078 152.521514893 -22.6937389374 7.81908226013
14079 141.364700317 -30.9681720734 3.6523373127
14080 150.679901123 -92.554977417 27.7959785461
14081 145.861328125 -91.3718566895 32.8654823303
14082 147.914428711 -86.4591827393 33.7718315125
14083 153.642913818 -98.7120361328 30.5422935486
14084 156.399002075 -92.092628479 31.9835567474
14085 151.123046875 -91.5947875977 37.0012435913
14086 80.5926895142 -15.9761314392 5.84611177444
14087 86.9410476685 -21.7249393463 8.41425037384
14088 85.4624481201 -17.9699077606 7.84200286865
14089 155.413192749 -11.91659832 48.0006027222
14090 61.3524093628 7.08271694183 3.02704715729
14091 52.168384552 -44.3970069885 3.52743124962
14092 46.5261688232 -46.7507095337 4.51050567627
14093 118.349395752 -49.414642334 16.2794513702
14094 195.017120361 29.8120422363 17.7578487396
14095 164.145523071 54.2575759888 3.92477941513
14096 127.022735596 51.0307998657 5.20974731445
14097 130.373092651 56.777671814 4.94553184509
14098 126.378448486 -39.7920227051 15.9164657593
14099 121.952926636 -54.4594764709 33.2269744873
14100 123.727386475 -49.5970611572 33.4387130737
14101 116.5599823 -54.7459945679 32.8941345215
14102 165.499923706 43.7481231689 11.8434925079
14103 31.2974891663 2.94255065918 44.4351654053
14104 41.5165557861 -23.6620559692 43.4854774475
14105 37.0400848389 -24.2540836334 44.301815033
14106 41.8989448547 -17.3227481842 45.1693115234
14107 32.7822380066 -18.7008934021 47.4498977661
14108 32.6396255493 -15.6107912064 47.6194152832
14109 147.869766235 2.70810317993 46.8439826965
14110 42.4963645935 -27.448589325 38.3626937866
14111 39.0783500671 -29.2716178894 43.0987739563
14112 34.8209838867 -55.8462524414 4.51651716232
14113 34.9344749451 -62.5287513733 5.09634542465
14114 50.3479118347 -63.5178871155 5.91897439957
14115 40.3736190796 44.8747940063 44.8984146118
14116 175.4609375 30.5844631195 17.259349823
14117 160.670471191 48.3581428528 31.154712677
14118 89.8352127075 -77.7176132202 19.6449184418
14119 82.3232192993 -80.3210983276 24.3080482483
14120 90.2362365723 -79.3029022217 26.7572917938
14121 94.3590240479 -74.0686798096 30.4659767151
14122 85.7775192261 -75.7757034302 30.5018959045
14123 83.1987075806 -70.9731216431 30.9584121704
14124 82.9124755859 -73.6937866211 18.4193477631
14125 107.045265198 -57.2751998901 31.2778091431
14126 100.843521118 -58.0668983459 24.8512878418
14127 95.2029876709 -56.1240234375 23.5976448059
14128 98.3692932129 -60.7675094604 18.6233444214
14129 103.205543518 -59.76171875 18.7769546509
14130 185.012557983 23.8143444061 4.84262228012
14131 21.7497444153 60.2544136047 28.0113162994
14132 15.425447464 60.5518417358 34.295501709
14133 11.7315969467 63.3290863037 28.0024051666
14134 13.647195816 54.3897094727 29.339427948
14135 25.4500370026 65.0240631104 23.8415203094
14136 20.4928092957 66.7648468018 29.2212677002
14137 26.5692062378 66.2501602173 33.1121788025
14138 23.6335372925 56.8115158081 35.3953971863
14139 18.8706493378 54.8825492859 32.855556488
14140 155.992462158 -13.9727602005 42.368347168
14141 10.9754524231 55.3733177185 35.0595474243
14142 97.8960342407 2.00726675987 2.54860949516
14143 64.9064331055 -6.49738788605 3.55959105492
14144 139.027801514 46.9609031677 18.2927455902
14145 137.481155396 53.8528251648 19.5859394073
14146 132.65071106 48.138961792 18.6925239563
14147 132.868652344 46.670841217 25.2519130707
14148 143.532730103 51.1642227173 18.6493015289
14149 145.057922363 44.9167137146 17.6668357849
14150 189.663131714 -78.3054122925 29.6083526611
14151 190.579345703 -82.9777450562 24.5018177032
14152 135.547988892 15.8816585541 3.91856503487
14153 32.2202186584 -9.87190437317 25.4931182861
14154 138.816635132 2.2069849968 2.62191534042
14155 141.868026733 -0.271798998117 2.08382797241
14156 29.6740894318 -10.2365865707 27.9361114502
14157 137.229293823 -10.6042041779 3.05014514923
14158 145.980529785 -5.40091228485 47.3856544495
14159 174.120498657 -36.1279144287 35.4784240723
14160 188.632446289 11.5683269501 27.8042049408
14161 187.908721924 6.21554994583 34.607383728
14162 54.7240180969 4.3597650528 3.90676927567
14163 186.940002441 14.7866258621 39.1446304321
14164 169.074508667 -10.2627601624 45.1235961914
14165 169.714157104 -8.87793254852 47.8094673157
14166 165.132598877 -6.78932094574 4.74209260941
14167 42.007358551 -23.7186546326 47.1461181641
14168 136.075668335 -21.7110805511 2.05879354477
14169 126.264694214 -22.2611789703 3.36075878143
14170 125.517150879 -10.3402681351 3.33699011803
14171 139.16519165 -17.5149364471 4.09404611588
14172 67.6406860352 -10.0415382385 42.99061203
14173 65.5599975586 -6.89588785172 42.3892288208
14174 35.3290138245 -47.4852485657 45.9093322754
14175 27.4750747681 -17.699048996 47.7336273193
14176 24.0856380463 -18.5553188324 47.7442855835
14177 97.7041015625 39.9303894043 18.5073852539
14178 188.982635498 -26.0423336029 25.0273132324
14179 40.3071975708 -56.3735198975 45.2152557373
14180 57.7015304565 -54.4885253906 4.33127784729
14181 139.948043823 41.2094230652 5.62147283554
14182 169.827163696 20.7865009308 45.9636306763
14183 144.951812744 -24.0943088531 8.22308731079
14184 146.219268799 -20.3545913696 4.21232032776
14185 151.525375366 37.5402259827 16.6511955261
14186 153.763809204 46.8238563538 5.06402111053
14187 178.315231323 -17.8299922943 25.2092609406
14188 174.86882019 -17.300245285 26.043598175
14189 147.434112549 61.664894104 5.63316726685
14190 140.085113525 65.9438247681 7.61802244186
14191 146.093566895 66.7056655884 3.76994085312
14192 149.772918701 43.6889915466 5.61465120316
14193 7.73809337616 -50.2445373535 41.3383674622
14194 5.27230739594 -56.8148612976 39.1290130615
14195 50.8571548462 -69.4639968872 5.15369176865
14196 126.266311646 -23.4946098328 46.5940971375
14197 64.1560745239 32.0501785278 4.65120697021
14198 42.0519218445 47.5634498596 5.43320894241
14199 23.5968341827 39.1749038696 37.9393119812
14200 29.011007309 33.9247703552 38.5983543396
14201 29.0209293365 40.9584197998 37.9880371094
14202 16.7529277802 7.08150196075 11.8649959564
14203 121.035491943 3.99396944046 37.2391586304
14204 10.1207265854 50.4322509766 8.8163318634
14205 8.36824417114 58.4232330322 17.4316043854
14206 13.7807722092 49.3184623718 4.71064138412
14207 49.7212028503 66.0230560303 15.0813703537
14208 58.0708198547 67.8573532104 19.5189113617
14209 18.9056072235 -59.9653968811 4.75226831436
14210 47.8498916626 55.6257629395 19.0862770081
14211 56.137588501 58.7821426392 23.3047370911
14212 62.2612419128 -3.61645889282 2.98387622833
14213 40.3498001099 -11.2285709381 48.0768470764
14214 43.2089996338 -9.65415096283 47.9727096558
14215 63.8301429749 0.52909886837 3.19034028053
14216 42.2875099182 66.6737976074 22.6763954163
14217 100.314865112 -14.6757984161 38.4357719421
14218 98.1683120728 -12.6675167084 42.2779808044
14219 96.982711792 -16.3853263855 42.789855957
14220 93.5614395142 -17.5249729156 42.2802314758
14221 96.3315887451 -19.7827243805 41.8750762939
14222 50.9062995911 -7.88647985458 47.2058067322
14223 49.9853935242 -5.21478700638 46.5298271179
14224 94.3285598755 -14.2177248001 42.1723480225
14225 140.1144104 -29.7081375122 46.2886962891
14226 143.077453613 -35.0429039001 2.75280809402
14227 132.833068848 -40.291053772 4.84329319
14228 130.568664551 -44.7245292664 5.20697546005
14229 171.288543701 -11.6061878204 44.1471557617
14230 56.5713119507 26.2451610565 5.07313394547
14231 51.9821853638 23.6292324066 3.72795939445
14232 126.916549683 2.65170621872 2.36630654335
14233 50.8220100403 -10.8530168533 44.7538032532
14234 145.332443237 20.9644241333 4.77518892288
14235 33.1720962524 -23.6290969849 8.4624710083
14236 47.3960456848 -8.97057819366 44.5349731445
14237 33.5231208801 -37.0085716248 45.38829422
14238 51.4435005188 -49.9760437012 45.8078269958
14239 55.5536842346 -45.4241523743 4.69127702713
14240 100.0756073 -26.8068828583 12.9206295013
14241 104.773262024 -25.3485088348 11.516248703
14242 37.8066596985 -9.8976726532 47.8995018005
14243 156.246047974 -4.91179227829 47.5530204773
14244 158.226791382 -2.74668478966 45.1935882568
14245 155.661087036 -1.94943201542 47.5702857971
14246 109.587059021 2.95358705521 3.00258231163
14247 62.1138572693 -51.628578186 5.09650993347
14248 137.623794556 31.9615058899 16.4113826752
14249 67.4422454834 -44.527797699 3.31177854538
14250 139.339294434 27.0918235779 14.7414951324
14251 101.64214325 56.4476165771 46.1159858704
14252 126.355110168 55.8566665649 36.1174964905
14253 125.399803162 60.9623146057 43.7507324219
14254 118.305854797 59.1299171448 41.8387260437
14255 126.11051178 54.291217804 43.3851623535
14256 171.386199951 84.5035705566 32.184387207
14257 164.83694458 84.4600830078 32.1439628601
14258 144.292282104 29.5919723511 3.92332386971
14259 151.775085449 26.8793983459 45.9607696533
14260 96.9158477783 -29.3257884979 13.2710351944
14261 10.9580249786 -18.4536247253 30.6022605896
14262 138.675750732 -1.47314584255 2.9545006752
14263 69.0254516602 0.343555867672 12.4368886948
14264 188.558731079 56.8440666199 45.3573608398
14265 176.750518799 38.0710601807 6.61410284042
14266 187.0496521 36.2168731689 5.17004394531
14267 86.7747039795 71.6424255371 5.71180152893
14268 92.2330780029 65.5540313721 4.26078176498
14269 73.8207626343 81.5926971436 23.5034294128
14270 68.0737762451 84.8394470215 23.5314502716
14271 152.393096924 32.6745681763 16.3809566498
14272 138.671264648 -47.9694595337 9.84909534454
14273 142.537277222 -42.5957984924 6.99721240997
14274 85.6467895508 -92.9363937378 45.0370788574
14275 143.277297974 -34.351688385 47.1341705322
14276 119.503051758 -45.91847229 4.31711530685
14277 117.54750824 -49.5169181824 4.92187690735
14278 115.564735413 -45.3268623352 4.85721540451
14279 122.979820251 -57.6400985718 4.65973711014
14280 161.56741333 -59.607257843 33.5416870117
14281 165.651504517 -56.2038116455 39.144908905
14282 161.225784302 -53.0823326111 38.6930007935
14283 160.452774048 -59.6886901855 38.895652771
14284 13.1574306488 -56.0631828308 5.20670938492
14285 84.5197753906 39.8981399536 31.8068466187
14286 74.2283630371 -68.1575622559 5.66898488998
14287 86.9981307983 -39.4664230347 14.9022064209
14288 88.8542785645 -43.9144935608 16.0357780457
14289 82.7991104126 -43.3728637695 14.8842344284
14290 113.67414093 -19.3209552765 47.6634864807
14291 113.892791748 -23.4227104187 47.413520813
14292 134.836990356 5.05523538589 2.72073674202
14293 65.7393417358 11.0126857758 3.35438013077
14294 112.430725098 -3.43610501289 12.0133800507
14295 112.845199585 -6.7493519783 11.71347332
14296 109.028808594 -1.61153113842 12.2366638184
14297 132.518753052 -33.468460083 3.37246608734
14298 157.583068848 11.5472412109 3.3361928463
14299 122.37147522 -33.9466209412 35.7628135681
14300 146.612731934 -8.72261333466 47.2323570251
14301 117.816589355 -90.7355422974 25.5946998596
14302 111.248695374 -89.266784668 16.4254817963
14303 112.562072754 -96.1940536499 23.6021499634
14304 108.284736633 -86.1721496582 22.8785705566
14305 123.908065796 -86.3753509521 28.8779754639
14306 115.343849182 -85.3957672119 27.7222938538
14307 120.173339844 -85.9882507324 35.0712661743
14308 122.695655823 -91.3107070923 36.551864624
14309 115.088951111 -93.6118164062 30.8683738708
14310 107.942382812 -93.6986999512 30.0704631805
14311 121.896202087 -89.4808120728 19.2707328796
14312 120.541511536 -96.3995285034 23.3975963593
14313 117.012626648 -92.215965271 16.1421298981
14314 147.867767334 -54.0826339722 33.7870941162
14315 151.313247681 -57.3849945068 33.3386268616
14316 57.4245300293 40.4306716919 4.63734817505
14317 81.81690979 -35.5058135986 46.0294914246
14318 41.6214141846 24.7199878693 34.9369049072
14319 37.8475761414 18.3197898865 35.2933082581
14320 137.145568848 -39.9123077393 4.30194044113
14321 37.0198478699 28.6449680328 33.517539978
14322 33.7414703369 25.4271774292 34.9114151001
14323 14.5200710297 2.43464875221 40.3080596924
14324 17.127571106 1.94142818451 37.3618736267
14325 12.0809898376 2.88731789589 43.524559021
14326 55.8215446472 20.6890964508 46.2039756775
14327 17.1459598541 6.22086572647 39.2347450256
14328 139.970626831 6.51803827286 3.16538190842
14329 138.912872314 11.0485534668 2.74272084236
14330 126.504585266 4.65352058411 12.6001186371
14331 159.83694458 36.2348937988 45.2256088257
14332 165.116775513 38.6250572205 38.9234733582
14333 164.838653564 33.071346283 38.8698616028
14334 138.144180298 47.0389671326 5.61737203598
14335 129.876831055 2.69139671326 12.1481075287
14336 44.797908783 -28.7654380798 4.49851989746
14337 168.04045105 2.13851380348 41.8607978821
14338 151.140670776 -70.3578796387 4.25879478455
14339 119.242835999 -98.9820861816 34.7042808533
14340 131.613494873 -63.0033302307 5.15271711349
14341 153.071212769 -46.6936798096 39.8852577209
14342 153.030883789 -51.3753509521 45.9350013733
14343 67.3180236816 54.0803871155 6.51876211166
14344 172.012954712 5.26814126968 8.23962974548
14345 174.373062134 8.2354631424 9.44267177582
14346 179.515258789 4.90702867508 10.734992981
14347 24.3937454224 36.621219635 45.2083969116
14348 170.970947266 10.2521867752 10.3580217361
14349 100.556732178 32.6151847839 32.1970710754
14350 97.7095184326 37.5088882446 33.0203933716
14351 106.242141724 40.6985321045 33.6490402222
14352 58.6801605225 85.4984970093 24.8999881744
14353 59.9746208191 85.6150817871 30.9343910217
14354 178.231399536 -43.2323532104 14.1339492798
14355 108.238464355 -54.8008460999 17.9951686859
14356 113.492141724 -53.8942565918 16.5287590027
14357 104.143783569 10.2946872711 11.3335533142
14358 104.622879028 7.68513679504 7.9522023201
14359 164.988739014 45.6331176758 43.7043075562
14360 108.246536255 6.42081165314 8.30049419403
14361 46.7295837402 23.8348236084 14.9648427963
14362 108.508300781 10.8154983521 8.83744239807
14363 103.443252563 12.8022766113 8.91016578674
14364 54.918422699 -29.1672916412 3.98736524582
14365 42.4873161316 26.1989402771 15.0858259201
14366 64.9828872681 -11.1068792343 2.23352789879
14367 52.8454780579 79.3098373413 34.2757339478
14368 60.8033256531 84.3501281738 34.3281326294
14369 54.6114273071 85.0702285767 30.149312973
14370 54.1000976562 84.5407333374 36.7827148438
14371 169.725067139 -13.4175233841 11.4996175766
14372 25.695684433 53.479133606 7.21033382416
14373 171.447158813 -79.6916503906 44.7017326355
14374 153.057052612 -48.3613243103 15.074131012
14375 150.079940796 -94.6352767944 5.4841003418
14376 106.700889587 15.130525589 9.30799484253
14377 165.856414795 -70.1367874146 37.3565597534
14378 140.206619263 -63.0565223694 4.53936195374
14379 152.014266968 -52.6921234131 33.8311920166
14380 152.179794312 -53.1305046082 16.9951591492
14381 133.091644287 -9.2246427536 46.9375648499
14382 61.0046768188 -62.5845031738 31.234954834
14383 28.041677475 -75.5857772827 30.0294570923
14384 34.9680519104 -73.611907959 25.1247787476
14385 32.5502357483 -78.0905990601 32.8071327209
14386 34.4136886597 -76.5676879883 19.4530601501
14387 26.2921695709 -76.8387145996 22.3947792053
14388 151.070861816 -3.80392575264 46.6781082153
14389 36.1627922058 -71.0755386353 31.1352214813
14390 41.1846160889 -73.6423873901 25.4800834656
14391 40.5887680054 -74.5643920898 31.4911460876
14392 36.1834716797 -79.1370162964 27.5432567596
14393 10.3999900818 -18.4279956818 34.3105888367
14394 40.6625518799 -77.8014373779 19.413143158
14395 41.6101531982 -72.2744216919 19.2429389954
14396 164.188278198 -7.17103815079 45.1949806213
14397 164.715866089 -5.71474075317 48.037940979
14398 164.949859619 -8.6908454895 47.978302002
14399 167.289932251 -7.05016946793 47.6764717102
14400 164.906494141 -10.1832904816 45.9171562195
14401 162.262374878 -10.0953912735 47.9086685181
14402 47.7590408325 -26.4761447906 36.9268226624
14403 152.967651367 -14.1988916397 47.3656578064
14404 155.186553955 -6.49597024918 45.1982955933
14405 130.897369385 15.0364379883 3.94888973236
14406 161.526626587 2.83719849586 47.4741706848
14407 30.1068496704 -50.6316070557 38.7943267822
14408 30.9394264221 -50.2865180969 45.5856590271
14409 63.4156455994 -43.1085357666 4.36667823792
14410 59.3808326721 -41.1515617371 4.50697422028
14411 70.1570739746 3.8406496048 3.57858848572
14412 29.5053539276 -73.8171844482 6.33275079727
14413 69.3654022217 -29.632806778 47.4788284302
14414 66.9797973633 -51.7049369812 3.59163713455
14415 171.39515686 -4.25869607925 26.3848896027
14416 173.728149414 -2.7761490345 26.6860370636
14417 171.638214111 -4.26401185989 30.7840328217
14418 174.27494812 -2.06657981873 31.029718399
14419 65.8673629761 -62.2778244019 5.6327495575
14420 131.788253784 59.0879249573 21.6486949921
14421 128.737930298 51.3208084106 25.1531181335
14422 136.094467163 57.7419395447 27.7511749268
14423 128.413619995 48.899055481 31.2524967194
14424 126.801322937 42.4476509094 22.5089645386
14425 72.2230911255 -12.0872831345 1.90110731125
14426 125.52596283 55.9452095032 24.5545063019
14427 129.14894104 53.7255020142 19.7729263306
14428 119.356719971 52.7680931091 31.1388931274
14429 134.441162109 53.6590538025 31.4651489258
14430 128.434020996 57.8953094482 29.2124843597
14431 117.452232361 28.7710514069 11.6537351608
14432 124.965232849 38.175983429 5.4452829361
14433 120.298835754 38.7944755554 4.27170419693
14434 134.399780273 26.5810871124 4.06518936157
14435 41.4756774902 -70.3450622559 5.01209211349
14436 40.4259796143 -64.8237304688 5.09868717194
14437 58.6378898621 31.1098308563 5.1281003952
14438 65.6650466919 22.9430522919 3.71043038368
14439 135.739227295 -73.0013504028 5.04939031601
14440 146.57673645 -58.5459442139 45.5389060974
14441 139.04486084 -43.2536010742 3.46989512444
14442 154.284683228 56.8485221863 5.14594602585
14443 179.938186646 33.7802848816 4.28039932251
14444 134.647003174 38.4530563354 33.4727096558
14445 59.459022522 46.3088951111 5.20741844177
14446 54.7730369568 65.4948501587 45.8772125244
14447 124.975028992 42.4465866089 32.0461540222
14448 66.4797515869 80.1617889404 43.6711235046
14449 58.1952667236 84.4724884033 40.1583099365
14450 67.9074935913 65.0467147827 44.5571212769
14451 73.4053649902 59.7748641968 44.9633674622
14452 143.724136353 -51.0434875488 33.5584449768
14453 144.758956909 -45.5615501404 35.2987251282
14454 125.412208557 -45.6833572388 9.95020675659
14455 123.275550842 -42.4877128601 8.64190101624
14456 73.6555862427 3.0826318264 2.72144532204
14457 70.9538574219 11.5071964264 4.17240190506
14458 72.3256225586 8.86458778381 2.90166020393
14459 71.5989151001 -29.2021083832 3.51352190971
14460 74.3780136108 -26.999956131 7.1244096756
14461 70.0826644897 -25.672121048 3.41620659828
14462 71.2330932617 -26.386007309 8.059009552
14463 129.613357544 1.63681364059 3.06419372559
14464 41.1069564819 54.119342804 12.4962348938
14465 40.5149650574 53.7051239014 18.6089286804
14466 37.6677055359 60.4094047546 14.3982658386
14467 54.078212738 72.0825424194 23.8374824524
14468 57.4361000061 72.3634872437 29.0175247192
14469 135.812698364 -0.200391516089 47.3100166321
14470 40.1373252869 51.1968269348 24.5306625366
14471 47.0267028809 49.4645690918 18.8265419006
14472 67.8503189087 -13.2895412445 2.56698656082
14473 38.0792541504 58.3294258118 22.3013114929
14474 48.2737541199 56.0376243591 11.9756126404
14475 135.35043335 -16.9584960938 2.76283192635
14476 51.0349388123 71.3169326782 18.7080154419
14477 45.3627548218 63.1688575745 10.5746622086
14478 58.6047782898 3.95977187157 8.48007583618
14479 56.8593826294 9.03122234344 8.88063907623
14480 56.2268180847 6.52882146835 10.9417486191
14481 54.4460067749 3.88714933395 8.46363544464
14482 52.6483688354 7.54427099228 9.00884819031
14483 141.461807251 4.36303043365 46.3800506592
14484 189.67805481 -47.1242637634 15.9820261002
14485 187.094589233 -39.8593406677 22.2914886475
14486 190.573623657 -41.2562561035 18.554227829
14487 64.8722076416 7.01718187332 3.49815702438
14488 187.098709106 -39.2270774841 11.531411171
14489 60.1671638489 -47.2644081116 10.0498008728
14490 60.5064926147 -46.6443557739 5.16609525681
14491 147.715240479 7.51991987228 36.4757728577
14492 170.781433105 7.16204738617 47.1880874634
14493 58.2220611572 -56.9447937012 33.1393890381
14494 133.464950562 -25.5310783386 2.23995757103
14495 139.397109985 -35.6896476746 2.80058598518
14496 123.061958313 -6.00340795517 47.3655548096
14497 122.557884216 -10.7565498352 47.490322113
14498 122.736717224 -49.4220085144 5.10030698776
14499 149.313690186 -38.5929031372 46.4192848206
14500 149.655853271 -39.2995872498 40.7745246887
14501 153.820159912 -42.4703712463 40.4144477844
14502 128.81678772 -10.2460279465 42.4003944397
14503 125.942588806 -3.50518369675 42.4655990601
14504 123.946289062 -49.6553421021 39.2919769287
14505 120.917053223 -53.4126014709 45.3495140076
14506 127.812927246 -52.976398468 45.4159088135
14507 122.621673584 -48.3451118469 45.497089386
14508 130.73600769 -6.37583589554 41.9983253479
14509 96.8789825439 -10.7534999847 2.49226307869
14510 99.7014465332 -12.1174430847 4.04030704498
14511 83.3931503296 14.2957086563 3.02999615669
14512 66.6655960083 27.9229450226 5.0301399231
14513 26.9693889618 -23.865026474 40.0471839905
14514 60.0171737671 35.4467773438 5.09237146378
14515 26.6956806183 -21.799993515 35.1785163879
14516 29.5123920441 -19.5068149567 35.8347244263
14517 65.8180618286 35.9633903503 4.56781387329
14518 28.5038146973 -19.6450099945 32.7297286987
14519 28.3982849121 -16.0972270966 33.6022605896
14520 61.3719902039 -21.113155365 46.3851623535
14521 74.7045593262 0.193374842405 37.7666511536
14522 128.944107056 -42.4126091003 2.59462809563
14523 138.145721436 -50.6430511475 45.8859710693
14524 119.529655457 -15.6778316498 38.6790542603
14525 149.863861084 -69.5252685547 45.6491661072
14526 146.544342041 29.6226520538 34.229057312
14527 94.1721496582 37.4611473083 5.12970781326
14528 173.703140259 -97.412071228 39.3378181458
14529 167.032775879 -88.2200317383 36.5234870911
14530 62.5551643372 22.3143825531 46.2391090393
14531 96.1653594971 6.79187250137 3.14079046249
14532 118.877876282 0.667408168316 8.01404190063
14533 122.203048706 -1.51010262966 12.1099233627
14534 122.575927734 -1.6166189909 8.00030899048
14535 124.444595337 -31.044960022 4.64168930054
14536 128.039154053 -31.0366954803 3.5184071064
14537 44.9542160034 -28.7973575592 13.0973768234
14538 130.254547119 27.9617004395 4.47199201584
14539 115.580322266 35.0262336731 10.5225172043
14540 138.824035645 26.0519733429 3.6110394001
14541 32.4251365662 -33.3109893799 12.4729976654
14542 118.701797485 -3.19229197502 7.83451032639
14543 116.019424438 -5.01704311371 11.8270778656
14544 115.769920349 -1.58561074734 12.1033420563
14545 122.265419006 -5.57850694656 11.1461372375
14546 130.368026733 6.20258951187 3.11068081856
14547 134.650177002 10.7480649948 3.44929051399
14548 75.6968612671 30.8782176971 46.5664291382
14549 61.9963569641 41.2506561279 5.21260738373
14550 54.0645675659 35.0217514038 5.34990406036
14551 148.683959961 -49.4898986816 34.306388855
14552 65.8368835449 -73.0667495728 44.3543663025
14553 125.12424469 -54.7732543945 16.3087272644
14554 120.719940186 -53.7126846313 16.4706268311
14555 54.2050552368 -42.8448638916 46.5110702515
14556 105.305847168 -86.2260513306 16.7176303864
14557 103.385131836 -81.1581344604 10.668255806
14558 134.373809814 42.3091888428 5.5514831543
14559 134.498123169 36.1490821838 45.5082778931
14560 127.222251892 32.620803833 3.58862495422
14561 186.996185303 -72.9233474731 27.4766330719
14562 175.790664673 -77.4215316772 35.4605255127
14563 174.768798828 -72.0952072144 22.7932777405
14564 57.2225341797 80.1894073486 43.8506164551
14565 59.9998588562 85.4205780029 18.0269241333
14566 68.6622009277 72.5732040405 4.97294569016
14567 20.6710243225 -27.987663269 8.09577655792
14568 149.817901611 -65.7402877808 11.9878902435
14569 90.3335266113 -104.709159851 16.0210075378
14570 158.468231201 -91.8239440918 44.7155799866
14571 102.76550293 -92.9882736206 43.7600708008
14572 94.3172302246 -93.8252029419 43.7099533081
14573 69.6265258789 -7.90009832382 47.6825218201
14574 79.2431259155 -13.1629142761 2.63522982597
14575 186.380279541 30.9201107025 25.1768608093
14576 76.5062255859 -0.253649711609 3.92955088615
14577 75.5731964111 10.3640947342 3.82637572289
14578 52.632598877 -25.5163974762 4.33894777298
14579 186.424423218 -92.2433929443 28.7477912903
14580 162.529754639 18.3568229675 4.58568477631
14581 50.295463562 22.7697601318 46.8390235901
14582 56.0613861084 24.4442539215 46.2390327454
14583 50.8055534363 28.1120586395 45.9786376953
14584 67.9825897217 66.0333328247 6.94271421432
14585 33.6229667664 -21.6462421417 5.42585515976
14586 36.5459899902 -19.7209606171 4.68030405045
14587 71.6298599243 -6.25327110291 3.28339028358
14588 137.042694092 13.0663404465 46.8841285706
14589 190.369354248 -45.8847808838 29.7922744751
14590 191.019088745 -45.9657211304 24.6745662689
14591 187.403610229 -39.5441474915 29.5231742859
14592 49.3904151917 -58.8335075378 10.8692398071
14593 28.7581195831 -61.4617271423 12.0979623795
14594 22.8159828186 -57.5826644897 5.12702465057
14595 186.660018921 -35.2070083618 32.9859962463
14596 24.3347148895 -52.4894065857 12.2540664673
14597 24.6459121704 -46.3785324097 11.3071393967
14598 47.5172271729 -48.456615448 44.9362335205
14599 51.3727149963 -45.1624679565 44.846698761
14600 76.8184738159 -73.8764419556 12.63189888
14601 183.975967407 58.4114875793 29.1332550049
14602 187.125839233 50.2862739563 23.9780197144
14603 180.273590088 54.7940559387 21.2611560822
14604 190.579452515 56.3388748169 24.4709358215
14605 71.6515045166 -52.589553833 4.28605651855
14606 175.818756104 57.5759620667 16.5223789215
14607 182.4296875 54.6790122986 12.1355524063
14608 182.876937866 61.1708908081 20.2457580566
14609 84.2458648682 -35.2504577637 3.74440002441
14610 141.85848999 31.3955612183 33.3230857849
14611 120.043663025 -57.8787231445 45.1796150208
14612 68.2596893311 -66.5448226929 4.97950172424
14613 69.9503936768 -69.7022323608 37.5726280212
14614 136.577651978 64.1390991211 4.38902902603
14615 165.330581665 -15.7587575912 7.81650018692
14616 168.620529175 -14.9657821655 6.97963285446
14617 23.7744789124 5.91475772858 41.9904251099
14618 20.7070713043 8.0493888855 42.5565986633
14619 22.6965332031 9.64278030396 46.8339614868
14620 154.610610962 -64.0383682251 11.9264173508
14621 153.144058228 -69.4366226196 12.5801467896
14622 23.1528205872 3.73785424232 44.6217689514
14623 175.091842651 -73.3358764648 7.75154733658
14624 22.2542152405 3.1294605732 38.2595443726
14625 22.2821998596 1.15427517891 40.914024353
14626 10.2197885513 63.6141357422 7.34658002853
14627 41.8880615234 84.98046875 33.5564689636
14628 35.8716049194 84.3273162842 34.3281555176
14629 26.1617832184 2.53086280823 41.7957191467
14630 31.2697219849 54.6590652466 6.21209716797
14631 20.8273067474 12.0407152176 36.6821746826
14632 20.7940711975 2.61750841141 27.3335399628
14633 122.660324097 72.9385681152 4.84409046173
14634 45.4330863953 43.4008026123 25.3795909882
14635 176.404067993 84.8413238525 27.2439060211
14636 110.147277832 -35.9853286743 9.40266513824
14637 174.363021851 12.1703929901 8.0235080719
14638 112.40158844 66.5305023193 4.05886125565
14639 76.033164978 19.3966999054 4.6826581955
14640 123.301269531 16.5848236084 4.48760986328
14641 84.3014907837 22.8129177094 3.44306349754
14642 174.792144775 -31.9152393341 38.0412940979
14643 159.102142334 47.8021240234 37.4385986328
14644 158.972000122 54.8235206604 37.3473434448
14645 164.498733521 51.8758163452 42.9814224243
14646 104.792655945 9.30735969543 2.98463559151
14647 109.025184631 6.75825691223 3.80227780342
14648 104.749702454 4.21368503571 4.5903801918
14649 184.697616577 -31.5390014648 39.6830596924
14650 76.1195602417 -100.289077759 43.6907653809
14651 98.4141921997 -68.3498535156 5.55631780624
14652 52.4222602844 -58.9250259399 16.9997406006
14653 72.1826705933 -0.0528177209198 3.56497001648
14654 177.772750854 -26.6001014709 44.2924995422
14655 67.7890090942 -0.231931298971 46.2309341431
14656 122.566009521 -14.9977016449 2.00095367432
14657 180.132034302 -23.9900455475 43.3557243347
14658 181.487075806 -29.9791126251 43.9093666077
14659 71.3699035645 -5.8136882782 38.863861084
14660 141.784851074 -16.4743499756 47.1181488037
14661 101.165374756 -36.9156112671 46.2894058228
14662 105.698249817 -35.5262298584 45.7939071655
14663 62.2112236023 -1.40748441219 47.060005188
14664 94.4113311768 39.5457611084 25.0690917969
14665 120.464179993 -14.8425970078 46.9111633301
14666 120.451675415 -11.712931633 46.3194770813
14667 106.208351135 29.1429729462 12.0852050781
14668 120.132736206 -13.7696752548 2.69814491272
14669 131.630279541 -18.5102481842 2.97011876106
14670 125.475814819 13.6777715683 3.30007147789
14671 117.806259155 0.856317818165 3.12479257584
14672 129.563613892 -3.79058599472 2.75546598434
14673 178.185119629 -35.6726646423 38.1553039551
14674 69.0533828735 -35.1097297668 3.27398657799
14675 63.6823692322 18.7333774567 3.50923132896
14676 70.293586731 15.1715068817 3.38805866241
14677 186.534606934 -21.0981063843 38.2799949646
14678 73.0423660278 19.3695640564 3.46342778206
14679 183.96862793 -24.3601455688 42.9792709351
14680 68.2986297607 19.6409931183 3.07905244827
14681 129.920318604 -20.5860786438 4.01061534882
14682 126.484283447 -18.1928138733 3.12202095985
14683 129.00012207 10.3808012009 46.6742630005
14684 125.904136658 23.6664161682 45.1697158813
14685 128.325531006 21.2032756805 46.2111625671
14686 129.977127075 24.5076370239 45.5037956238
14687 130.038131714 -37.2560806274 3.37136507034
14688 136.508163452 -29.5760421753 46.2527770996
14689 100.77482605 -29.8462963104 3.98790955544
14690 98.6932220459 -26.1620769501 3.77457308769
14691 109.80406189 -5.30310344696 3.26856946945
14692 132.616775513 -9.97291564941 3.56231236458
14693 129.201919556 10.9941310883 3.51396489143
14694 161.507614136 -14.1845779419 46.0309867859
14695 134.4165802 -56.4260673523 4.1744146347
14696 49.6808166504 -1.91647469997 42.8857917786
14697 42.28490448 -45.2776412964 5.04273319244
14698 39.7007904053 -48.9580116272 46.4081993103
14699 140.195526123 36.4703025818 44.3084754944
14700 127.83441925 23.820192337 4.14160919189
14701 83.7966995239 -52.6989822388 4.73024606705
14702 24.6715145111 -48.0009994507 33.4431190491
14703 50.8941993713 -39.175655365 46.1150741577
14704 124.054504395 47.336391449 45.6221351624
14705 142.991073608 58.6104202271 5.06389474869
14706 190.007171631 5.44611597061 24.6543540955
14707 136.196716309 36.9777259827 5.63104104996
14708 137.69354248 30.5365467072 4.06575918198
14709 64.8236083984 -67.422958374 45.5975532532
14710 47.5882453918 -98.7761917114 32.5745620728
14711 119.837028503 43.1190719604 24.2480945587
14712 121.916786194 44.8589477539 17.5234889984
14713 124.091506958 38.9149398804 17.6878204346
14714 81.4668579102 -16.8060874939 2.67550253868
14715 114.320480347 39.9232521057 18.4591274261
14716 119.792198181 41.3230018616 17.2296066284
14717 113.375350952 -12.1845979691 47.0210723877
14718 43.28332901 -4.41550922394 7.18457794189
14719 32.2870941162 -2.87995696068 8.36059951782
14720 131.42779541 -31.796459198 46.1349983215
14721 81.6553497314 -1.13415646553 3.1549782753
14722 99.584274292 8.92847728729 3.42644572258
14723 73.9546432495 -3.81886029243 2.96400570869
14724 81.1868743896 -6.69556188583 2.39449238777
14725 57.5771179199 -11.7594690323 47.7762298584
14726 108.154296875 52.5501251221 30.2637023926
14727 101.9454422 56.3454818726 27.631521225
14728 92.6730880737 24.4700737 3.23538446426
14729 123.942848206 -0.43888899684 46.1899261475
14730 105.403175354 -0.445217192173 12.0618915558
14731 28.2826690674 -91.662689209 32.1129302979
14732 23.990447998 -85.9944381714 33.7658081055
14733 16.6859130859 -83.6590805054 29.4825229645
14734 16.7869491577 -93.3831787109 31.3744792938
14735 113.698974609 -15.6283960342 2.62232041359
14736 127.650772095 -1.60960733891 3.03705835342
14737 141.558074951 -54.9590759277 45.815952301
14738 53.9623565674 12.0625352859 4.66887521744
14739 56.3321800232 8.14393138885 4.70228815079
14740 74.3480529785 0.424000024796 45.8964729309
14741 136.775039673 11.9267063141 36.4355506897
14742 126.363059998 -74.525428772 18.8271255493
14743 134.744522095 -43.6932373047 4.38342237473
14744 74.7777786255 -25.7380867004 46.5274200439
14745 125.815086365 -27.5153388977 42.1652870178
14746 129.485824585 -25.8129119873 42.2492752075
14747 134.645797729 -26.529668808 39.3139228821
14748 132.343688965 -23.495218277 41.9111480713
14749 73.8553543091 -42.7045936584 47.5090522766
14750 91.9191741943 -86.1709976196 4.11648607254
14751 84.9540023804 -1.93163716793 2.48969388008
14752 82.8664932251 -4.38781690598 3.51492667198
14753 143.024261475 29.7998924255 15.6728935242
14754 117.884475708 -30.7713909149 3.36901092529
14755 74.8411102295 -22.7798404694 3.23384046555
14756 121.892105103 25.6461334229 3.89439129829
14757 116.734237671 7.16974210739 3.40989112854
14758 123.399833679 10.6731386185 3.86524367332
14759 122.587982178 2.73382091522 3.85271382332
14760 70.6052856445 28.4983062744 39.8839950562
14761 113.550918579 -32.6942939758 3.77874970436
14762 116.755371094 -35.6744995117 4.80937433243
14763 77.6511764526 22.4744358063 3.05924510956
14764 91.9557723999 -11.0717067719 46.4117927551
14765 95.7956161499 -8.43561649323 3.091101408
14766 81.4939422607 -41.137298584 45.261680603
14767 85.4433746338 -44.4342689514 45.5813293457
14768 87.5740966797 -40.9713859558 45.3933296204
14769 35.8787574768 -30.9610347748 10.7420425415
14770 119.53591156 42.1498184204 44.1509284973
14771 120.851287842 32.5767364502 44.3796043396
14772 136.206985474 6.75223255157 47.1613044739
14773 91.379196167 32.838848114 6.74552726746
14774 124.398223877 21.1933021545 4.37418317795
14775 121.402854919 -5.92162227631 2.65537905693
14776 116.859916687 -82.9582138062 13.7817211151
14777 122.58731842 -82.7858581543 21.1452102661
14778 123.657218933 -87.3931274414 13.3873853683
14779 115.900756836 -83.7783432007 20.6972236633
14780 85.4038238525 -25.7373275757 2.87105679512
14781 77.4536895752 -21.2789020538 3.46978116035
14782 77.3439407349 -24.3343009949 3.40829634666
14783 73.9239120483 -31.4275760651 4.0587348938
14784 115.682540894 -5.13459587097 3.80164504051
14785 112.125297546 -6.96238470078 7.28352594376
14786 115.813331604 -10.7243013382 3.2409658432
14787 115.863395691 -5.12525558472 7.80746364594
14788 108.476585388 8.48527526855 46.8502349854
14789 119.984375 -2.16479349136 2.67908430099
14790 72.7030105591 37.1186408997 4.52865505219
14791 67.0929336548 42.3825950623 45.3419952393
14792 115.955787659 44.6826705933 6.31658840179
14793 120.405357361 61.7764511108 13.1484832764
14794 116.163330078 56.8200950623 12.2936058044
14795 125.550895691 28.5013179779 4.3335814476
14796 117.241760254 29.0194969177 5.85068035126
14797 52.5459518433 -69.0357666016 18.6877155304
14798 120.787071228 -21.2553119659 2.5660879612
14799 65.3222351074 -32.6840667725 4.60997247696
14800 56.0794067383 -67.7242507935 31.0948734283
14801 155.225906372 54.6084136963 18.8392238617
14802 159.369140625 57.9683113098 19.5150146484
14803 114.940696716 24.5057144165 3.91278100014
14804 118.872741699 14.642165184 4.84049606323
14805 128.577728271 -9.47847938538 3.63847851753
14806 125.906639099 -7.5632352829 7.34184646606
14807 128.620956421 -5.91853427887 7.35132646561
14808 125.568611145 -7.32704114914 3.54993438721
14809 85.2289276123 10.5391330719 3.138474226
14810 60.9249267578 -7.27196073532 47.6431350708
14811 77.3563232422 -3.44602775574 2.86123561859
14812 110.793746948 -9.27572441101 38.2374954224
14813 91.0535507202 -7.47031164169 3.24657273293
14814 80.2243423462 33.5999565125 3.64264249802
14815 29.4415149689 -14.8005657196 16.6202774048
14816 122.99005127 -58.7665061951 16.7154407501
14817 52.518119812 -4.29686784744 47.3049545288
14818 90.7320251465 30.0279598236 45.285446167
14819 93.8871154785 33.4502296448 44.4374923706
14820 63.783618927 36.9735221863 44.4011688232
14821 120.43649292 -0.948942482471 46.6014862061
14822 111.461723328 -15.2977724075 4.22329330444
14823 113.015808105 -17.858379364 3.46897125244
14824 109.655784607 -19.8214149475 2.92356824875
14825 118.5052948 -2.66140604019 48.0156402588
14826 129.46975708 -62.334236145 45.436668396
14827 131.617996216 -66.541267395 44.659866333
14828 127.403213501 -48.338809967 4.22466039658
14829 121.218910217 20.0890312195 3.03988075256
14830 113.330291748 8.57713603973 3.12731122971
14831 128.71446228 45.3495101929 18.1293144226
14832 122.956253052 53.9621276855 19.4672489166
14833 119.916030884 45.7071304321 30.2776737213
14834 171.142669678 -38.226852417 40.4782142639
14835 88.0329284668 22.6128959656 40.0247344971
14836 88.1017456055 17.3896198273 41.0825576782
14837 91.4340591431 26.1934967041 40.9607505798
14838 189.71005249 -95.1406860352 34.4912986755
14839 83.3937072754 -20.8704166412 3.57258939743
14840 78.8716583252 -30.1801719666 2.7365064621
14841 177.071334839 -89.3848800659 30.7767410278
14842 183.742980957 -92.6762771606 36.027633667
14843 124.526054382 -26.9737701416 47.48179245
14844 103.760780334 -37.428894043 3.46823716164
14845 81.430305481 -24.2970409393 2.5385222435
14846 113.819007874 -4.82770299911 47.2358512878
14847 74.2269058228 14.7931814194 3.94752287865
14848 68.7868270874 -6.49341392517 4.06740427017
14849 74.5672988892 20.9999370575 46.7615661621
14850 91.7632675171 2.69944620132 41.8882637024
14851 96.3201751709 3.93724346161 46.6125984192
14852 91.9353866577 6.54183244705 45.4309959412
14853 92.6014633179 2.44629263878 46.8299102783
14854 94.663520813 1.36039745808 7.87165689468
14855 93.5857543945 0.91129732132 2.60919570923
14856 93.5172042847 4.61233663559 3.87220454216
14857 120.251350403 -32.5741577148 4.2481508255
14858 75.3030853271 49.4793014526 15.9594221115
14859 125.719779968 -59.7096862793 33.9520606995
14860 130.27255249 -67.0449371338 31.2837581635
14861 83.8357086182 41.6396369934 12.5126371384
14862 80.4343490601 48.9914703369 11.9490222931
14863 115.060348511 -1.33071053028 3.44359517097
14864 122.744667053 6.130423069 47.0969085693
14865 66.1886825562 18.8376903534 40.6531982422
14866 88.8238296509 4.75024080276 2.84625029564
14867 65.0878601074 4.60497045517 47.3173828125
14868 46.9953422546 26.6327762604 34.9388275146
14869 117.512657166 -45.4896621704 45.3861923218
14870 105.523612976 -54.5091552734 3.1906440258
14871 103.165725708 -40.2926330566 4.80132484436
14872 86.2915496826 -48.2756309509 3.75263953209
14873 88.020614624 33.7466430664 3.08810186386
14874 111.734321594 12.1620645523 3.01758027077
14875 111.952514648 38.1180152893 4.27436208725
14876 114.633979797 15.2447881699 3.93492984772
14877 121.836898804 46.163444519 4.00690698624
14878 152.73979187 60.9934234619 6.78087663651
14879 142.228790283 58.6404190063 45.8487091064
14880 145.036743164 8.8265171051 10.6961259842
14881 143.804656982 13.28058815 8.44125843048
14882 148.355026245 7.28618144989 8.94440174103
14883 129.059783936 36.3096923828 44.8699645996
14884 115.219261169 19.5450820923 4.10818338394
14885 105.55165863 39.4973640442 3.89870715141
14886 79.7102508545 -3.8234167099 47.2862243652
14887 158.519485474 0.199880242348 47.4588317871
14888 114.148628235 31.5814857483 46.42943573
14889 117.080871582 15.442278862 46.8968353271
14890 113.545906067 31.5508556366 4.05593776703
14891 121.868843079 53.9245605469 5.24224901199
14892 121.99105072 66.7151870728 42.081829071
14893 115.386299133 47.5416793823 44.8447265625
14894 44.6476402283 -25.7196598053 12.0044698715
14895 44.5733451843 -22.032579422 10.3502006531
14896 79.5038757324 -58.1131057739 4.48468637466
14897 44.5114440918 -57.2006530762 44.4441757202
14898 18.2180862427 -18.06341362 14.9840803146
14899 16.1969566345 -19.4203338623 12.278429985
14900 55.8986625671 -4.76485157013 46.6379127502
14901 152.532272339 -1.30106925964 44.0546379089
14902 153.50038147 -4.14866113663 44.7503356934
14903 33.8251419067 -25.0340614319 44.2985496521
14904 36.015625 -17.4345417023 44.6808776855
14905 36.0770568848 -20.6906585693 44.6034965515
14906 141.355621338 31.3273944855 39.2041168213
14907 20.9181289673 -20.8415470123 10.8895530701
14908 25.9522438049 -20.4136714935 8.39083576202
14909 81.8295135498 -11.8006916046 3.15273809433
14910 85.3848571777 -10.9978570938 3.70819020271
14911 68.555770874 0.27480623126 3.9482190609
14912 66.7462615967 3.0145907402 3.47756481171
14913 110.303970337 -5.70026159286 46.7380256653
14914 106.226501465 -11.1178779602 2.77653884888
14915 111.975502014 -24.8427848816 2.7401137352
14916 127.022102356 -9.62901496887 47.7904319763
14917 14.6784276962 -16.4348373413 12.8074941635
14918 61.0376968384 26.7111949921 45.7422676086
14919 48.7154884338 9.35785961151 45.7501144409
14920 100.284034729 -43.0509109497 3.56399559975
14921 111.02016449 -39.5152397156 2.79867482185
14922 64.9746932983 -2.53263950348 46.4570503235
14923 119.31275177 -7.247153759 3.81284594536
14924 113.587524414 -6.73001289368 2.49550318718
14925 19.1010990143 -17.8436737061 11.5698232651
14926 33.2276420593 -63.3447341919 18.4782009125
14927 77.5100479126 -48.4857635498 4.11000585556
14928 32.0872879028 -68.496925354 25.0620155334
14929 28.9409294128 -67.106010437 31.3171463013
14930 28.8154029846 -73.3998794556 18.1887607574
14931 24.6595172882 -65.9763565063 17.6640014648
14932 84.6917114258 -42.2809944153 2.7262802124
14933 124.588302612 -15.2091016769 7.63541221619
14934 128.983139038 -16.7508926392 7.65482711792
14935 126.178855896 -19.1431083679 7.67649507523
14936 122.104728699 -17.1694660187 8.04049301147
14937 106.404472351 14.3435497284 3.80444216728
14938 108.334503174 11.1902799606 3.87148308754
14939 66.4060668945 -100.077659607 5.87639856339
14940 55.3309211731 -86.9553756714 4.70608520508
14941 71.612701416 -98.7588119507 15.244562149
14942 64.5333328247 -98.7613983154 13.0918331146
14943 115.751617432 -58.4618644714 4.52176952362
14944 124.9740448 -53.6917762756 4.63462686539
14945 128.64453125 -48.4863319397 45.2026481628
14946 121.964042664 34.4001197815 5.63533163071
14947 10.870429039 -30.3441734314 20.2898769379
14948 121.576019287 15.5698041916 46.7020301819
14949 112.24206543 17.6301937103 2.88553595543
14950 86.9367446899 25.2084999084 2.9308078289
14951 115.778778076 34.2656059265 5.51670312881
14952 92.8360366821 -60.748714447 5.02336883545
14953 86.8003997803 -58.3066864014 4.40812778473
14954 38.5888748169 45.5358886719 31.4257125854
14955 123.232925415 -21.6679992676 3.80391049385
14956 40.7617149353 48.7173843384 18.6529216766
14957 45.3881416321 44.2617454529 18.4391307831
14958 153.837295532 -7.0094666481 48.2602348328
14959 126.479598999 -16.9328556061 47.1096916199
14960 102.149841309 -13.1697864532 2.13582038879
14961 170.28755188 -7.37614822388 30.6059055328
14962 172.790893555 -7.40022039413 28.7528553009
14963 172.684799194 -9.40038967133 31.1926307678
14964 106.387359619 -7.94368696213 3.08951926231
14965 107.216659546 -3.5197892189 2.97373843193
14966 102.423553467 -9.56231594086 3.44634151459
14967 96.9788360596 -4.88825130463 2.43822026253
14968 94.2058410645 -13.7087087631 46.8281898499
14969 95.2393035889 4.05621385574 37.5202064514
14970 105.165489197 -4.66337203979 46.4855804443
14971 108.774414062 -85.9602279663 30.5592536926
14972 100.706985474 -93.8300247192 29.1537342072
14973 99.9809036255 -78.7106628418 33.7521896362
14974 109.286392212 -78.5891723633 34.106010437
14975 102.452484131 -86.9115524292 33.3184280396
14976 108.462303162 24.2685317993 4.59283542633
14977 101.740684509 -7.34422874451 47.4540748596
14978 104.740966797 -86.588973999 41.6902160645
14979 105.944259644 -91.4970932007 36.5161476135
14980 114.144454956 -86.0661010742 34.9977073669
14981 95.6916809082 10.4813184738 2.82274746895
14982 167.147827148 5.44439458847 40.9468307495
14983 167.694168091 -84.7128753662 15.5752487183
14984 171.501327515 -79.3530349731 14.3806858063
14985 47.7739257812 2.43928098679 11.8372020721
14986 112.927642822 -64.3320999146 5.21894836426
14987 85.6076965332 -63.5844230652 44.9553413391
14988 110.501838684 -50.3126411438 4.24132871628
14989 112.887771606 -36.0063743591 3.45535302162
14990 122.346977234 -17.3177623749 4.05091333389
14991 112.402526855 -22.86876297 42.6116027832
14992 112.081809998 -26.5072040558 46.0707015991
14993 109.945838928 -23.9280052185 47.2874145508
14994 82.2946853638 -45.7753410339 4.09542560577
14995 100.835502625 -20.4858779907 3.26484847069
14996 105.81048584 -18.2859401703 3.64889478683
14997 107.397193909 -21.9716396332 3.85863685608
14998 84.2064056396 -7.43208932877 3.86271238327
14999 73.5231628418 2.60662388802 47.9201316833
15000 117.568847656 -17.5529689789 47.0608901978
15001 109.934066772 -8.99680233002 2.75436472893
15002 69.1251602173 -44.0215797424 14.4305400848
15003 63.9212341309 -43.4048576355 10.0027942657
15004 109.363616943 -13.65391922 47.4023094177
15005 119.843330383 26.907699585 45.9204711914
15006 93.570526123 -5.08022403717 3.06820583344
15007 96.1425170898 23.7738952637 4.94160842896
15008 113.518997192 -18.2720680237 8.31010055542
15009 119.328674316 -20.4129123688 7.82338523865
15010 116.023124695 -14.1639986038 8.58530139923
15011 89.2603225708 4.71875190735 46.8475036621
15012 25.8323860168 -21.9617671967 5.27211809158
15013 26.7561149597 -18.5771389008 5.01657247543
15014 36.139465332 0.560917139053 44.6413879395
15015 91.775177002 19.6959972382 3.61862063408
15016 80.9060516357 28.2067279816 3.50662398338
15017 146.253982544 -37.5838699341 8.79344844818
15018 124.201087952 7.08127403259 3.65688109398
15019 149.378646851 -40.0234451294 9.23250007629
15020 101.082023621 -25.7590579987 47.0500297546
15021 109.241462708 -49.7001342773 46.1380844116
15022 181.058609009 -34.2475776672 41.1903648376
15023 184.120300293 -35.1775436401 45.8650360107
15024 124.924354553 -45.2847938538 5.0107755661
15025 184.2084198 -39.6099205017 42.9431266785
15026 103.735946655 -9.02462100983 46.3825073242
15027 104.41493988 -12.3277168274 47.307182312
15028 106.596038818 0.37236186862 2.47808790207
15029 62.9814453125 31.9077663422 39.4271240234
15030 65.6015090942 26.5572166443 45.9338340759
15031 68.134765625 32.1331291199 46.369342804
15032 62.1454353333 31.1543807983 45.4245147705
15033 18.889749527 36.9622344971 13.2096261978
15034 16.4259624481 39.7707672119 9.74517345428
15035 16.490688324 40.7738876343 16.2178287506
15036 90.3621368408 -29.3168907166 46.2103767395
15037 99.2427825928 -23.4318218231 2.22961711884
15038 16.9036026001 33.5173339844 8.11860847473
15039 90.9729232788 -28.0995197296 3.83334946632
15040 12.0863819122 30.2696228027 8.71828269958
15041 13.7751398087 56.9659233093 22.7979736328
15042 17.9611854553 65.5634231567 39.0104751587
15043 120.315216064 -24.0857276917 3.82136368752
15044 170.987014771 -55.313659668 32.0535697937
15045 107.007301331 -44.2276763916 3.50499129295
15046 111.759735107 -44.1609535217 4.14572238922
15047 170.754821777 34.4875259399 17.055480957
15048 100.203872681 38.0464820862 4.61241483688
15049 170.990386963 -89.4629669189 27.1699676514
15050 104.337631226 -16.3433437347 2.21725177765
15051 15.6946372986 55.8436546326 38.9127388
15052 15.6073713303 70.4991226196 33.1086845398
15053 44.0233879089 -17.2154598236 7.7200961113
15054 107.517425537 18.7523097992 3.9208304882
15055 93.1443252563 -17.2992572784 47.4321022034
15056 86.6362533569 -21.8207492828 4.17038965225
15057 104.184005737 -14.2425823212 4.15321493149
15058 81.2114257812 40.0503730774 46.2366523743
15059 100.166320801 22.9198646545 3.3471531868
15060 80.0214538574 16.0879573822 47.2953109741
15061 163.583724976 -89.1122436523 20.7144374847
15062 89.165802002 -14.7404470444 3.07458472252
15063 165.922775269 -19.4150180817 41.8982124329
15064 169.920715332 -19.1040630341 41.91248703
15065 75.4307098389 28.3407840729 3.38998246193
15066 34.7059745789 43.5217475891 38.0468902588
15067 38.8572654724 39.3100242615 39.39112854
15068 40.2437515259 45.899559021 38.0871391296
15069 38.0948562622 33.5852470398 38.8539390564
15070 43.5114097595 35.5850639343 39.0189781189
15071 43.0413894653 -50.2504081726 15.8569049835
15072 38.3043861389 -48.4826889038 10.7149457932
15073 45.8771743774 48.0785636902 37.5454444885
15074 45.4097709656 41.2302780151 39.1206588745
15075 108.157157898 -16.7547283173 2.69612002373
15076 109.137046814 -12.7676916122 3.60276222229
15077 96.309387207 -10.3937158585 46.2754058838
15078 97.4274673462 -13.1535358429 46.2726478577
15079 103.749031067 -15.5907812119 47.2271957397
15080 171.049697876 -54.703037262 38.9695930481
15081 176.420043945 -58.7116394043 43.506816864
15082 92.245475769 -20.9432544708 2.95269083977
15083 106.400756836 -37.4398765564 35.4785003662
15084 61.5515861511 -0.520801305771 42.75806427
15085 58.8704490662 2.01174712181 41.7678489685
15086 64.4020767212 1.3827739954 42.9008789062
15087 93.4961853027 43.8096809387 4.99155044556
15088 74.4796981812 79.3910140991 31.9929733276
15089 81.885307312 83.9896469116 31.1675720215
15090 79.5670166016 84.2026824951 36.5971984863
15091 108.559333801 56.8782157898 6.59553575516
15092 111.19618988 49.8908119202 4.62895679474
15093 194.574630737 -56.7217979431 41.9016799927
15094 177.797637939 -57.1308174133 7.88099718094
15095 108.67414856 -76.7907104492 12.6058387756
15096 112.468109131 -80.7715530396 5.66044187546
15097 106.283477783 -79.9567260742 4.18765306473
15098 102.672531128 -98.6366424561 13.1072359085
15099 149.630096436 71.3504714966 30.1734867096
15100 146.363586426 80.7458343506 25.1165409088
15101 141.858779907 72.7048568726 23.4666366577
15102 138.794647217 67.3269195557 32.8535575867
15103 136.189697266 67.0101547241 24.4467124939
15104 85.8756408691 -85.7808227539 7.5537405014
15105 92.9577560425 -80.0517120361 5.82994937897
15106 143.360488892 79.0921478271 35.0635948181
15107 142.671051025 79.7109680176 18.7555656433
15108 137.007080078 75.6929092407 18.446723938
15109 87.2116012573 84.5399246216 37.9832267761
15110 91.57396698 -11.6651535034 2.61322045326
15111 96.3427658081 -32.9842147827 3.17378568649
15112 98.2578811646 -37.11378479 3.75813221931
15113 94.7017211914 -37.5460281372 5.29493761063
15114 104.744560242 -20.4640197754 2.78548693657
15115 89.0167541504 -4.05852222443 2.91443037987
15116 93.8551940918 -7.16989898682 46.5770835876
15117 69.2626419067 -24.873008728 42.2061424255
15118 71.7209243774 -27.5602436066 41.1498641968
15119 119.724006653 -19.6256198883 46.3246154785
15120 110.551399231 -22.6117362976 3.37040305138
15121 104.961013794 -24.4454994202 3.77009272575
15122 190.041763306 26.8709945679 34.412322998
15123 187.851455688 21.8835582733 40.6874237061
15124 195.214004517 21.9309940338 39.2290000916
15125 102.96572876 -3.11091113091 3.1824426651
15126 195.277923584 17.9558162689 30.6732368469
15127 31.624874115 -27.1881446838 5.74225330353
15128 31.0530052185 -23.2601509094 4.94086170197
15129 86.9117355347 1.88434779644 3.51253461838
15130 92.2059020996 -1.98894536495 3.62658166885
15131 103.026679993 18.5874233246 3.81832623482
15132 98.999671936 14.1553993225 4.61631298065
15133 102.81754303 11.3692922592 3.80577111244
15134 101.828979492 5.01301336288 3.94511818886
15135 152.357131958 -46.3176307678 34.9109077454
15136 89.1879272461 -39.485332489 3.5752851963
15137 88.5084838867 -32.2229804993 2.96514463425
15138 8.56951904297 -38.2791137695 23.5481948853
15139 97.519493103 3.49254775047 7.99157619476
15140 97.831237793 -16.3370800018 47.5859794617
15141 91.7463378906 -4.78079843521 47.201171875
15142 89.4213027954 -8.4953546524 46.4172859192
15143 126.190422058 -18.7898292542 11.6888437271
15144 94.5734710693 -17.5630817413 3.94730782509
15145 83.105430603 62.2031974792 4.84386301041
15146 94.0035934448 55.6656303406 4.09429931641
15147 91.077331543 50.2682991028 4.43827533722
15148 20.7214984894 53.3232803345 12.218957901
15149 105.018417358 -70.0989303589 5.69371557236
15150 88.6162033081 -44.2514953613 5.23006057739
15151 25.8771266937 53.5150527954 14.6274604797
15152 113.607673645 -57.7053413391 33.1677932739
15153 92.517036438 -48.6804962158 5.71392822266
15154 110.159683228 -62.6659736633 45.7796287537
15155 96.2250823975 -2.21157169342 3.02006077766
15156 181.459701538 -58.0916786194 40.5627059937
15157 180.557113647 -51.2591247559 41.2489891052
15158 99.3021621704 -7.90050315857 3.75266480446
15159 100.189949036 -4.56034898758 2.42162752151
15160 104.969085693 10.5495872498 47.0851402283
15161 190.61567688 32.7971572876 19.3731098175
15162 191.252044678 28.2294845581 23.9781723022
15163 182.541641235 35.6217422485 24.6173706055
15164 91.3718719482 -45.1684036255 45.539894104
15165 110.461257935 21.0414009094 3.68168759346
15166 21.3054027557 -43.5750007629 35.8375358582
15167 99.4016189575 19.0289535522 3.70288705826
15168 101.379066467 36.7396583557 45.9066238403
15169 99.4603271484 -15.3291473389 3.23033452034
15170 98.8488082886 -0.476605087519 3.88696193695
15171 120.113647461 -53.4755439758 4.64956140518
15172 37.8385391235 -43.342956543 14.5879859924
15173 86.5262069702 -92.978805542 12.3763027191
15174 110.936508179 -86.8400421143 4.81594276428
15175 105.423019409 -86.3100891113 8.42019844055
15176 96.7658843994 -19.4703769684 2.46195101738
15177 105.369384766 -28.1147975922 3.80874538422
15178 103.2056427 -26.5484638214 3.33150982857
15179 108.150276184 -33.9917793274 3.37036514282
15180 125.829208374 0.766431987286 12.2268047333
15181 103.451454163 27.7094326019 3.16430592537
15182 100.74092865 -34.624042511 2.5965898037
15183 80.4806442261 17.5357246399 37.6553764343
15184 88.2788696289 -48.0369529724 46.1381340027
15185 77.0756759644 14.4371061325 38.4739952087
15186 93.2711257935 -32.740146637 4.613073349
15187 111.228691101 -57.4116630554 4.78895950317
15188 110.504898071 -35.3868560791 45.1332435608
15189 122.485107422 2.68129682541 8.15476799011
15190 126.338150024 4.50354194641 4.31471061707
15191 68.8368835449 54.2321128845 28.5540981293
15192 70.3004989624 58.194606781 22.2261695862
15193 189.069763184 -1.2958548069 31.0698890686
15194 184.885742188 2.00124239922 39.305141449
15195 187.683517456 1.09408128262 36.8797645569
15196 97.3301315308 -48.2988166809 4.91418170929
15197 88.0741119385 18.5527191162 46.2120475769
15198 98.3547515869 -40.3755722046 4.40722942352
15199 61.9120254517 27.8360729218 14.5309047699
15200 66.1421661377 46.7122268677 4.51389741898
15201 136.029464722 -20.8511657715 38.3355064392
15202 135.784286499 -25.2034549713 42.2292022705
15203 57.9992980957 72.4220352173 5.62159967422
15204 103.398956299 34.1682281494 4.3077750206
15205 137.281143188 -29.2499370575 41.7031745911
15206 112.474563599 59.4637680054 4.36224842072
15207 100.090393066 48.2432479858 4.49519109726
15208 94.4889907837 85.0586853027 31.4441394806
15209 128.772918701 84.5938644409 32.0542564392
15210 115.626548767 66.8149414062 34.9202003479
15211 111.436286926 65.780456543 43.1832923889
15212 114.585533142 53.3285980225 44.9706077576
15213 117.005004883 65.5187225342 4.58614015579
15214 167.807754517 53.7819747925 18.2444229126
15215 16.5912799835 4.85397291183 31.7413387299
15216 115.122261047 45.2348709106 12.1618776321
15217 109.574829102 44.6593322754 5.6569108963
15218 87.4559783936 46.5067138672 5.84152984619
15219 73.2202453613 -104.815544128 13.781961441
15220 99.6572418213 -85.6166229248 4.85707616806
15221 14.1389226913 -25.9236679077 42.7318878174
15222 13.3354816437 -24.4745082855 38.5381126404
15223 11.0394306183 -28.6061306 41.6000785828
15224 17.4754333496 -23.3405685425 39.6236495972
15225 71.4043273926 -49.5822029114 44.9798965454
15226 67.9406051636 -48.1056404114 45.85597229
15227 69.7983779907 -52.8886260986 45.8432159424
15228 19.9074516296 -35.4435806274 37.4636306763
15229 90.3669967651 -74.2235031128 4.6979598999
15230 11.8519468307 -44.8069763184 40.4395866394
15231 14.1555786133 -39.2509841919 34.7928504944
15232 194.897674561 67.8951644897 29.171377182
15233 53.782787323 -53.6799201965 32.577167511
15234 17.1571369171 -40.5343971252 38.6733818054
15235 138.668228149 -92.1586456299 13.0765562057
15236 125.741958618 -93.2104568481 14.3092908859
15237 86.2230148315 52.3835678101 12.1480312347
15238 92.497795105 50.6130371094 11.2632465363
15239 88.3388137817 47.2233963013 11.7308130264
15240 86.3727493286 86.994934082 20.749671936
15241 131.379577637 -6.90003919601 6.37695980072
15242 130.691604614 -9.93169307709 5.47732925415
15243 131.024108887 -7.44892263412 2.92932701111
15244 78.435333252 84.9977264404 33.7538337708
15245 14.7754144669 -48.5721168518 35.8659095764
15246 132.054214478 -0.0760549008846 11.7720346451
15247 135.214630127 -2.32072067261 11.1641340256
15248 16.0515975952 -96.4217147827 24.4478263855
15249 97.5159988403 -93.2092819214 38.1251831055
15250 102.629119873 -100.069969177 43.4334335327
15251 39.035572052 -25.3620510101 7.66839504242
15252 34.512676239 -25.6832084656 5.64277362823
15253 37.1991233826 -23.9144744873 5.58679437637
15254 44.8655204773 -61.8982582092 12.0151014328
15255 45.7190933228 -67.660949707 6.29988193512
15256 73.2022705078 -79.6468582153 6.56345176697
15257 65.2361984253 -100.811256409 23.0247898102
15258 115.503852844 -69.3585968018 5.26020812988
15259 112.33405304 -93.296836853 37.9994544983
15260 67.869392395 84.6441116333 39.2088241577
15261 59.174407959 84.8971862793 11.7218141556
15262 142.42288208 -76.8940963745 45.9452514648
15263 116.660903931 -68.2960357666 44.946762085
15264 80.3387908936 -7.52012729645 7.51454353333
15265 80.2873916626 -3.69449853897 9.9774312973
15266 82.6390838623 -3.83883213997 7.77772092819
15267 18.8217334747 39.9541320801 45.3990020752
15268 29.891336441 54.5457382202 43.7268867493
15269 34.7018241882 52.3626327515 45.2475814819
15270 76.2558441162 -0.33925768733 8.33151531219
15271 49.6772727966 84.8140563965 29.60455513
15272 158.974945068 -101.231903076 20.6869983673
15273 119.114425659 84.6412963867 32.8450546265
15274 148.285583496 48.9793968201 18.5921707153
15275 155.182830811 84.3951568604 33.4686851501
15276 48.0798835754 -52.5614471436 10.6081256866
15277 86.1521377563 -39.5911026001 10.0874910355
15278 85.2312164307 -34.4994506836 9.76944828033
15279 166.264404297 50.9302825928 5.43274068832
15280 80.0935974121 -40.4925918579 9.81210041046
15281 8.41222476959 19.0427761078 26.3294811249
15282 86.9221801758 -15.5121974945 38.0066947937
15283 136.370407104 85.0838470459 28.1904029846
15284 182.560775757 76.4828262329 19.7120742798
15285 150.172653198 14.4917821884 12.8500070572
15286 150.457321167 18.5079917908 14.2779798508
15287 21.624786377 84.8936462402 12.5945749283
15288 31.5593757629 84.6376800537 26.8723392487
15289 146.245452881 20.0363540649 15.3743286133
15290 38.9956665039 36.575881958 16.7488269806
15291 145.333724976 80.2242584229 7.26826238632
15292 41.7009620667 6.75256156921 39.6119308472
15293 34.8639411926 -58.6715698242 38.8477363586
15294 33.6085128784 -64.8490905762 45.4248466492
15295 46.3835678101 -71.2583618164 9.47611045837
15296 46.4721260071 -75.6614532471 12.1912021637
15297 54.9889678955 -74.0855407715 9.48526096344
15298 127.192962646 -12.9752197266 11.0917396545
15299 73.0466690063 54.0314826965 18.3180465698
15300 184.415618896 18.2153739929 45.2696533203
15301 126.385231018 -19.8379955292 38.312625885
15302 129.411758423 -17.9642887115 38.8603935242
15303 23.3059253693 -92.973274231 36.6855926514
15304 17.1098766327 -86.6177902222 36.3249855042
15305 38.5033187866 -33.9379386902 36.0649223328
15306 42.3074188232 -35.5530204773 35.9790077209
15307 91.5627441406 -63.524597168 34.0797615051
15308 86.4402236938 -64.4694976807 38.0169181824
15309 87.9082870483 -70.1578521729 31.5228633881
15310 93.8791275024 -73.7170257568 36.7717552185
15311 81.1766586304 53.9506072998 12.2577877045
15312 74.2041168213 53.806678772 12.4138288498
15313 97.2169342041 -64.9971542358 38.2829055786
15314 94.0629501343 -67.9227905273 39.3150138855
15315 160.753875732 79.9435424805 43.538608551
15316 137.58757019 -7.78548192978 9.22017288208
15317 132.228820801 85.1083984375 20.3069248199
15318 66.5063552856 -99.2723236084 32.2188644409
15319 174.67678833 9.22810554504 43.1928367615
15320 51.8370780945 -93.0343933105 38.4440498352
15321 59.042678833 -91.4859695435 44.235496521
15322 59.5205459595 -71.1656417847 5.11703872681
15323 170.535842896 3.4400742054 47.2665557861
15324 168.841369629 6.68181228638 44.350112915
15325 140.847213745 -5.94787168503 10.6234273911
15326 132.561187744 -92.290435791 44.6752319336
15327 190.675506592 -35.2280311584 35.6547279358
15328 154.867385864 -24.873210907 38.9235992432
15329 137.857391357 -4.19822359085 11.1242418289
15330 63.3596916199 69.3630828857 27.3789253235
15331 62.6783714294 79.9922409058 24.3858222961
15332 62.4733886719 78.9313049316 31.7094192505
15333 66.5493621826 73.3914413452 20.2028274536
15334 67.7479858398 60.9972686768 29.0447120667
15335 64.2622833252 62.6728286743 22.1323852539
15336 67.7460784912 66.7039489746 33.9629173279
15337 75.5751571655 -93.0779190063 11.6469011307
15338 74.7351608276 72.5699691772 32.3920783997
15339 140.551147461 85.1402893066 25.1802139282
15340 163.70300293 -92.5162277222 31.8188209534
15341 160.265487671 -96.7311782837 26.9087905884
15342 161.870193481 -98.8490753174 34.1947593689
15343 95.7333679199 -65.1887130737 5.8762087822
15344 96.5065765381 -66.2113647461 11.7360525131
15345 93.1125793457 -69.7933578491 11.0770454407
15346 75.0343475342 -46.2403144836 46.2601165771
15347 77.7071533203 -41.5954971313 46.079990387
15348 72.6845626831 -39.6642570496 44.7568130493
15349 80.4931106567 84.7382965088 17.9814987183
15350 117.500045776 -80.6446990967 42.4117584229
15351 59.2431678772 -85.6484527588 41.8427505493
15352 51.1538734436 -86.3897247314 42.0317611694
15353 79.5972900391 -80.27293396 5.76290845871
15354 107.993537903 -98.7239685059 17.5695838928
15355 97.9038848877 -48.5062675476 10.5754213333
15356 171.118927002 14.3160858154 7.80622339249
15357 157.192138672 -45.318611145 34.9961357117
15358 85.9738922119 56.8603172302 4.5218834877
15359 102.100151062 59.1193885803 5.89774990082
15360 183.962799072 -44.2260818481 46.182559967
15361 82.5663604736 54.3871269226 44.6383743286
15362 100.553894043 44.4687538147 44.6213912964
15363 109.512992859 -40.4463577271 35.4944458008
15364 47.4736022949 -8.50507450104 40.850944519
15365 57.6538391113 -10.7991008759 41.0560531616
15366 51.0341186523 -13.2147798538 42.853263855
15367 53.1714706421 -6.99858188629 43.1033287048
15368 50.4976615906 -8.63414478302 43.0295677185
15369 29.7037181854 -7.30722141266 23.3870792389
15370 29.2888793945 -9.86258888245 23.3576278687
15371 181.346313477 0.832245349884 20.8434562683
15372 171.756622314 -86.5568313599 45.313621521
15373 139.546508789 -46.7592124939 39.8393669128
15374 144.672637939 -89.3892974854 39.1766777039
15375 138.805374146 -91.0097808838 36.437702179
15376 141.483657837 -91.5670089722 44.3111839294
15377 120.898147583 -97.1646881104 10.7725324631
15378 146.793655396 16.3085594177 8.92258262634
15379 142.363800049 17.4788722992 4.56804180145
15380 159.509628296 71.6550064087 4.98462724686
15381 18.4671134949 59.3110542297 44.4578971863
15382 43.2782936096 78.3273696899 13.2560882568
15383 7.0423579216 -24.25938797 38.1127548218
15384 10.4687271118 -21.2366294861 37.6731948853
15385 7.27612161636 -21.8646030426 33.8023338318
15386 12.3132476807 -22.9771652222 34.0562210083
15387 106.822540283 43.6587677002 46.1154823303
15388 190.043930054 -40.3776092529 34.3660507202
15389 121.824668884 55.4278640747 45.5905189514
15390 190.848449707 -51.6116065979 29.4404010773
15391 190.072509766 -48.1116905212 34.6995735168
15392 195.113204956 -48.7331733704 31.0253143311
15393 131.763626099 24.6312141418 14.8278245926
15394 136.155548096 23.991027832 14.6955394745
15395 141.13331604 -77.1408843994 37.3367118835
15396 136.147003174 -72.8967819214 43.6023216248
15397 134.071014404 -79.4482040405 42.3755607605
15398 168.633728027 -29.9084377289 6.31565189362
15399 24.6640472412 -17.5545635223 10.5166826248
15400 49.8913574219 84.5506286621 35.169303894
15401 22.0970363617 -17.8790359497 14.0728063583
15402 97.505531311 -80.9185180664 6.58995437622
15403 93.8957214355 -102.693107605 19.6244659424
15404 98.4932556152 -99.6715698242 17.6000232697
15405 99.7885513306 -105.25188446 22.0683059692
15406 45.428401947 43.0095443726 11.8348989487
15407 52.0777664185 -17.1404323578 38.5968093872
15408 117.539009094 -63.7862052917 45.6329154968
15409 123.076438904 -62.934337616 45.3950538635
15410 107.778198242 -98.7518386841 34.3853149414
15411 129.129974365 4.02363634109 37.5920944214
15412 46.8181915283 17.4076423645 13.880074501
15413 146.947494507 -20.1806812286 12.3505592346
15414 175.093475342 53.2064857483 43.2967720032
15415 170.821670532 50.7593955994 44.5307197571
15416 174.237365723 71.4631652832 30.0567436218
15417 177.207748413 75.224319458 25.6559314728
15418 180.327026367 67.973815918 30.1785736084
15419 194.229415894 63.8740463257 34.4110565186
15420 186.90663147 74.3165283203 35.530921936
15421 180.810745239 72.7725982666 40.9325256348
15422 181.644958496 65.3305206299 37.2397651672
15423 186.038864136 69.8128662109 22.2562294006
15424 108.082763672 -62.2045211792 32.106880188
15425 100.986541748 -60.7295646667 30.9843578339
15426 174.483047485 71.553855896 38.6323013306
15427 190.346847534 73.1435012817 30.5209312439
15428 194.559158325 24.9463844299 44.6726989746
15429 174.748504639 16.3339996338 39.8225860596
15430 175.186920166 12.9805297852 41.9312438965
15431 178.697814941 16.1247119904 41.4813842773
15432 125.677764893 4.07355308533 37.7282524109
15433 126.982765198 1.15903389454 37.7868270874
15434 140.408309937 40.0440177917 16.689874649
15435 165.525497437 78.8506088257 35.0671157837
15436 164.353790283 80.4701538086 26.6698112488
15437 185.592895508 85.4392623901 35.4588813782
15438 66.5316848755 8.06710720062 37.8882789612
15439 175.067626953 31.6891403198 11.5732278824
15440 175.514923096 30.6696147919 4.74043464661
15441 194.917938232 10.554523468 39.262386322
15442 167.813644409 12.6956596375 11.3625612259
15443 164.221740723 -30.970500946 43.2941894531
15444 168.334518433 -29.0577373505 40.6670951843
15445 160.896621704 -29.2106399536 39.5504722595
15446 162.007034302 -34.2830505371 41.2332954407
15447 115.431838989 3.38355064392 12.1972522736
15448 167.139007568 65.769241333 41.6905212402
15449 168.684890747 71.4941940308 44.2599220276
15450 175.567077637 55.3552932739 8.34665203094
15451 105.010673523 3.65470170975 12.2108449936
15452 107.99571228 6.13348579407 13.0408401489
15453 67.5891342163 2.36151981354 10.2580108643
15454 66.3147888184 4.51875495911 8.2123298645
15455 70.5960769653 4.18323373795 12.4016656876
15456 114.739532471 -28.6872711182 41.5802307129
15457 119.0597229 -26.9783401489 41.6527023315
15458 70.5918960571 3.9332947731 8.26110744476
15459 115.043922424 -25.2190723419 42.3280982971
15460 115.940574646 -21.219291687 42.6471672058
15461 119.165328979 -19.7618045807 42.3041801453
15462 69.0031509399 0.372437804937 7.87355518341
15463 169.562179565 79.7999649048 43.6078414917
15464 181.649597168 64.3262634277 12.1998338699
15465 162.437820435 14.49102211 45.4036331177
15466 167.571609497 13.8891849518 46.9718894958
15467 190.135284424 42.3300704956 24.8612728119
15468 194.808181763 36.0252532959 33.8844223022
15469 93.902557373 -11.3415546417 7.56400489807
15470 89.9614257812 -10.6993932724 7.84540748596
15471 112.64213562 22.5287570953 35.4010162354
15472 191.720321655 2.38794636726 33.6677970886
15473 174.843826294 13.0068044662 46.529800415
15474 171.081985474 11.3461055756 46.6210289001
15475 20.9853591919 21.1803684235 34.9070091248
15476 25.6744213104 20.2819385529 39.6259040833
15477 20.7800483704 16.6068954468 38.2522010803
15478 19.8620643616 19.9545936584 41.4288864136
15479 194.983688354 52.6836776733 37.7060279846
15480 180.712615967 40.3223342896 4.4498052597
15481 194.569793701 39.7181663513 22.7384757996
15482 167.852661133 56.0556755066 45.2429466248
15483 164.060211182 58.5800971985 43.1077613831
15484 174.875 16.7429523468 44.8221206665
15485 85.3958511353 -11.2444667816 7.45318508148
15486 109.644821167 -25.5738945007 8.78651332855
15487 167.179748535 13.2012577057 7.29466342926
15488 167.233078003 16.5748500824 8.93075847626
15489 110.371276855 -49.7651863098 16.0464725494
15490 180.016540527 26.7541255951 3.77319335938
15491 176.110183716 -5.05389881134 23.7234745026
15492 194.679214478 40.4639587402 36.7520637512
15493 109.257484436 -45.1818466187 15.4625940323
15494 115.025894165 -44.6413269043 14.8270149231
15495 149.855789185 24.0615501404 9.36217784882
15496 165.573013306 21.6496162415 39.7611236572
15497 171.125274658 24.9910869598 39.5889968872
15498 176.745056152 59.6624755859 44.8049087524
15499 186.041976929 84.7643432617 29.6093387604
15500 130.749542236 0.605594277382 37.8353996277
15501 178.764358521 33.4964752197 39.815776825
15502 112.406425476 -4.61641693115 42.3477172852
15503 113.678695679 -7.34033060074 42.3415641785
15504 110.644142151 -9.01573562622 42.4648132324
15505 169.005371094 30.2168693542 45.6183891296
15506 174.848892212 26.1428470612 5.4275765419
15507 108.242034912 -3.24835991859 41.9856681824
15508 107.590408325 -7.19063043594 42.3440971375
15509 35.7116661072 -70.4812316895 18.591627121
15510 170.933578491 11.3098077774 38.9411659241
15511 166.225769043 8.8591709137 40.0027351379
15512 195.388504028 84.5498733521 25.3064880371
15513 168.590194702 -3.17325663567 24.6456336975
15514 195.221420288 46.1700782776 44.7189216614
15515 60.2599334717 5.61176300049 42.2909164429
15516 60.677646637 5.38498544693 37.9165306091
15517 185.69934082 33.26304245 9.47821140289
15518 66.6130218506 8.04746437073 42.0655784607
15519 62.885269165 9.32026958466 41.6507797241
15520 63.9959068298 5.01238059998 42.629524231
15521 162.101257324 -7.11643838882 47.9234237671
15522 173.636642456 1.954616189 5.38414001465
15523 42.6387634277 -46.712677002 34.9441184998
15524 154.464279175 -65.0151672363 18.2863922119
15525 177.47996521 84.9291534424 40.8217849731
15526 36.7278518677 3.70547914505 44.1826705933
15527 44.3487205505 3.82558846474 39.8405075073
15528 43.8088874817 -0.15591686964 41.3655014038
15529 174.619689941 84.4219360352 44.0753669739
15530 190.792282104 35.746383667 24.7783222198
15531 195.07182312 30.2470188141 7.97762918472
15532 90.2656860352 -36.9160804749 15.0749282837
15533 111.369812012 -1.53592169285 42.5122756958
15534 117.70111084 -4.82464027405 41.2738456726
15535 190.494659424 80.658454895 27.8618946075
15536 185.139450073 84.4566421509 23.4907741547
15537 9.55455493927 -37.2828369141 15.5175361633
15538 160.01020813 46.3085403442 11.5040102005
15539 175.17350769 20.5603294373 5.60646247864
15540 15.4431285858 -77.4974136353 25.7810268402
15541 19.2555446625 -74.546043396 18.5771865845
15542 24.8151912689 -70.3288726807 29.9609603882
15543 157.175964355 -17.1935520172 44.3567199707
15544 57.1823387146 17.5590133667 36.1170387268
15545 132.912750244 -20.082277298 38.2573165894
15546 24.4727840424 28.1935901642 11.0165605545
15547 190.427047729 27.6406326294 8.50752735138
15548 190.223953247 29.8376579285 13.8154382706
15549 191.188323975 31.2327747345 4.99149990082
15550 185.205886841 29.1970672607 3.99479460716
15551 163.139389038 6.50345802307 9.60852146149
15552 47.2667694092 5.87258625031 37.6139640808
15553 190.494659424 80.658454895 21.9795341492
15554 190.919876099 72.4165725708 24.5415210724
15555 126.287193298 -19.4028682709 42.4504356384
15556 122.981315613 -17.6640033722 42.6842002869
15557 126.27973175 -16.0636749268 42.6511421204
15558 182.763717651 -1.99777948856 10.7932634354
15559 178.305007935 -0.539634048939 15.5886774063
15560 24.9070892334 -31.7732601166 7.85945606232
15561 182.754516602 82.230682373 26.8875770569
15562 122.545021057 -21.0650730133 42.9768180847
15563 119.999542236 -15.8806762695 42.7115631104
15564 76.2378387451 -51.201171875 33.876449585
15565 46.366065979 48.5025024414 31.3554935455
15566 88.2290802002 22.8831863403 14.09395504
15567 130.534561157 24.5564918518 35.1381187439
15568 186.029342651 1.9853965044 18.9653587341
15569 179.094924927 18.6189117432 13.9373445511
15570 104.721168518 66.4643325806 34.0048370361
15571 102.058235168 73.0653610229 34.183139801
15572 153.121276855 -99.2530212402 23.792552948
15573 165.46395874 -98.5521316528 14.802157402
15574 125.866523743 62.725730896 20.462726593
15575 41.0577735901 -14.17648983 47.7273521423
15576 21.0653610229 2.16299128532 22.3702507019
15577 33.5486984253 -12.7823352814 45.1494941711
15578 33.5428886414 -6.39479494095 45.3208618164
15579 164.71434021 -2.81804180145 47.7339324951
15580 167.419830322 -4.32782554626 47.4023361206
15581 167.543304443 -1.54493308067 47.7028465271
15582 23.0577468872 -1.23505342007 30.781829834
15583 19.0364627838 0.318268358707 32.3997001648
15584 168.616592407 -27.1355323792 44.1405754089
15585 167.401000977 -29.4726905823 47.0850868225
15586 175.378952026 -15.3058347702 43.1439323425
15587 73.0282058716 14.5453186035 36.0744895935
15588 137.506851196 -7.70926475525 2.28191351891
15589 77.6532669067 11.3754940033 40.5199012756
15590 36.0456466675 -31.1606388092 6.9988451004
15591 24.1147594452 -0.432029217482 27.0656032562
15592 32.7331199646 -12.9617528915 47.6718139648
15593 32.7129325867 -9.96652412415 47.6532363892
15594 22.3679847717 -2.3075325489 40.0981674194
15595 23.2609710693 -0.607523024082 44.4957389832
15596 152.75920105 6.29758882523 37.4762115479
15597 51.1574668884 18.9034023285 4.00117349625
15598 53.679485321 15.9704303741 36.5297164917
15599 175.235290527 -2.79222273827 10.1931467056
15600 19.6131649017 31.7006072998 45.9849662781
15601 165.908966064 27.1925697327 39.9525680542
15602 170.831771851 15.3532276154 45.9376068115
15603 183.954147339 31.9298915863 45.9610977173
15604 173.636505127 -0.876168072224 44.8751029968
15605 157.283920288 -46.6371917725 15.0578804016
15606 161.347671509 -44.8219718933 15.2383737564
15607 167.446640015 9.89357948303 47.0387916565
15608 159.341415405 -8.84687423706 48.0538101196
15609 19.7235908508 -58.3993186951 19.4363155365
15610 23.2200279236 -100.714530945 22.3800201416
15611 29.514377594 -98.6736221313 28.2777576447
15612 21.6229515076 -80.3991012573 37.0466537476
15613 27.3956050873 -80.336769104 36.5719604492
15614 173.18321228 -6.06699371338 7.11266422272
15615 38.0010604858 -44.3085136414 44.9433937073
15616 42.8707695007 -46.1730194092 45.2030563354
15617 13.586192131 -38.7413749695 41.4374160767
15618 9.36645507812 -36.1293945312 38.1598091125
15619 12.137260437 -34.0325050354 45.0900344849
15620 15.2335634232 -52.1912574768 45.9860801697
15621 9.02428913116 -27.2132930756 34.0896072388
15622 4.96695899963 -31.2357292175 34.1221618652
15623 82.25806427 78.7098464966 15.1281738281
15624 91.2266845703 79.5940475464 19.8022632599
15625 85.579208374 82.2108154297 19.3559474945
15626 92.3564910889 84.9021759033 19.8434104919
15627 190.394561768 -67.4666671753 39.769859314
15628 185.73135376 -71.4567108154 40.5877418518
15629 181.545074463 -84.9122390747 39.5667724609
15630 175.899978638 -78.3645172119 42.2925605774
15631 174.820953369 -85.3503265381 42.4048728943
15632 90.1050872803 80.908416748 26.5568656921
15633 82.9238357544 79.9638977051 25.8716468811
15634 77.5975494385 79.7417449951 19.1604194641
15635 14.8148136139 38.5448913574 40.2706222534
15636 16.3087768555 40.9602661133 36.0911178589
15637 9.83081912994 34.8842773438 34.636341095
15638 9.56057929993 43.3010215759 34.604347229
15639 19.6122016907 44.5742073059 40.5527076721
15640 19.4685764313 32.758102417 41.0733680725
15641 14.7752876282 33.8390617371 35.8496589661
15642 10.663977623 33.7028274536 39.8171157837
15643 170.243865967 -7.44208812714 28.0011138916
15644 178.09072876 -41.2706832886 9.1765460968
15645 178.699172974 -36.129535675 8.98287773132
15646 158.508682251 -35.8197669983 45.6847305298
15647 157.765548706 -39.4176712036 46.3799247742
15648 133.74961853 27.7312011719 34.8973655701
15649 187.446868896 -54.1235275269 38.2366104126
15650 158.106613159 -31.5840339661 46.2611541748
15651 143.749252319 -44.7461357117 46.0630340576
15652 170.797958374 -31.1497535706 47.045955658
15653 170.74697876 -34.7023200989 46.2669525146
15654 45.2512512207 -33.316783905 41.6117210388
15655 167.457931519 -33.6222877502 46.9675369263
15656 166.597549438 -14.1211433411 45.3186836243
15657 167.315612793 -12.9951276779 47.6862678528
15658 163.895935059 -17.526884079 45.5682411194
15659 170.163864136 -19.6659698486 47.5473518372
15660 167.309906006 -10.0338306427 47.6582984924
15661 35.3436050415 -17.1735172272 47.4792098999
15662 25.8264255524 -18.0679321289 45.0250549316
15663 28.5264568329 -24.8114337921 44.0195007324
15664 29.4060134888 -20.6415138245 47.6444015503
15665 49.655960083 23.8171539307 35.2489356995
15666 47.6961135864 -18.927898407 47.4413909912
15667 35.909942627 -28.0090026855 47.0787086487
15668 170.470108032 15.2705307007 40.4934272766
15669 32.6526107788 -25.8909626007 47.1614837646
15670 27.369102478 -12.5062866211 34.3887557983
15671 19.1692409515 -54.8586616516 10.9220170975
15672 14.5285892487 -55.4933280945 13.9221315384
15673 29.5537147522 -23.3202819824 46.8170776367
15674 52.5287399292 -79.0306777954 27.403175354
15675 52.9568939209 -78.2245254517 19.8842525482
15676 60.8054504395 -61.2801971436 45.9957008362
15677 57.0321960449 -67.1033096313 43.6655044556
15678 26.2740955353 -25.5885391235 5.54757213593
15679 25.3288764954 -28.9141387939 6.15516853333
15680 28.4003734589 -28.1836090088 5.73134326935
15681 64.3264160156 -53.9907341003 45.8646316528
15682 127.513298035 14.2052907944 14.0189409256
15683 68.7639541626 -80.0800247192 35.6492576599
15684 90.0944290161 -81.1107254028 41.9690132141
15685 92.942276001 -74.8288726807 43.3241348267
15686 40.3558235168 -91.37159729 44.0970611572
15687 101.746788025 -2.40741705894 12.0472230911
15688 72.6395263672 84.8717727661 28.1282100677
15689 32.640045166 -32.7523612976 7.44562911987
15690 78.4500274658 76.0628051758 39.6963768005
15691 46.9769020081 -76.7697601318 31.3901481628
15692 171.691986084 1.91297650337 8.48184776306
15693 171.313156128 -0.924211859703 8.04256916046
15694 186.632141113 -18.7044487 32.3621368408
15695 166.101867676 -21.9844341278 44.5639572144
15696 165.96862793 -25.4611778259 44.1364974976
15697 84.1362075806 -1.15855801105 38.097492218
15698 188.932907104 -24.6100082397 41.8873252869
15699 176.613723755 -19.5084724426 43.6802597046
15700 38.1248931885 -15.7097005844 47.4407844543
15701 41.3638076782 -17.0893383026 47.6588287354
15702 156.635787964 -51.579875946 10.8338022232
15703 155.672454834 -57.3887786865 5.62481403351
15704 174.88331604 -45.9621238708 44.281337738
15705 180.602508545 -65.7648544312 9.35053348541
15706 153.166046143 -22.8849391937 46.6326713562
15707 151.946685791 -56.768032074 45.5673561096
15708 175.2918396 -93.643409729 43.8216323853
15709 37.1944694519 -99.2828369141 22.1041107178
15710 151.320648193 6.96121501923 3.18222761154
15711 158.646759033 15.9397258759 8.71875095367
15712 162.527008057 17.9366054535 9.16011810303
15713 162.628646851 14.2085313797 4.48042106628
15714 180.250015259 18.7782821655 44.9332199097
15715 180.966064453 -2.60518622398 40.4215354919
15716 171.454803467 -30.7419013977 39.7405204773
15717 163.280807495 3.89231324196 44.3715019226
15718 160.954788208 5.88023090363 47.1135673523
15719 162.507980347 15.0213260651 40.8964309692
15720 181.145233154 2.35200214386 46.656162262
15721 168.871795654 3.33381104469 44.5531730652
15722 181.15763855 -3.13754034042 47.3107261658
15723 150.432983398 85.0872573853 29.0963249207
15724 123.469291687 85.0898208618 38.3887901306
15725 163.565322876 66.7488479614 4.21831941605
15726 169.316467285 73.0227355957 11.4845190048
15727 181.682449341 83.853843689 44.4349098206
15728 158.997650146 60.405380249 45.3588790894
15729 114.403503418 85.4612579346 29.7053260803
15730 144.049331665 44.7824783325 11.1940412521
15731 184.196060181 23.357421875 45.4989852905
15732 189.996170044 79.3622817993 38.0281333923
15733 108.929351807 51.4008216858 37.300819397
15734 107.984954834 59.2045631409 42.2910652161
15735 109.215309143 51.8149414062 44.7906570435
15736 176.264160156 2.75536227226 43.4430274963
15737 178.923400879 -1.47479116917 42.557308197
15738 181.05241394 3.29318380356 43.3216514587
15739 179.107116699 -0.946056842804 24.8760929108
15740 41.5217857361 -19.4939823151 41.6001014709
15741 176.890228271 -0.539304971695 44.631187439
15742 44.9341049194 -20.9042987823 39.9570732117
15743 146.945495605 29.1765632629 45.4189491272
15744 30.2904949188 58.9124565125 5.57835245132
15745 9.59060001373 82.4419403076 38.1744651794
15746 171.380203247 -38.7843437195 35.6663703918
15747 35.9074363708 59.0983276367 7.92118120193
15748 118.394325256 -69.8078994751 31.3533687592
15749 119.589622498 -63.6446533203 27.3119220734
15750 116.198669434 -62.1804733276 33.1875114441
15751 51.098361969 45.2980003357 6.37034034729
15752 26.3972434998 -5.54281568527 34.3478775024
15753 26.6034660339 4.41342830658 47.3487205505
15754 50.0498771667 -2.16165471077 46.9113922119
15755 153.442749023 13.5435123444 45.935760498
15756 150.733901978 10.955655098 45.3128128052
15757 45.8950042725 84.7613067627 22.0249462128
15758 119.058586121 49.6874237061 5.54434490204
15759 32.7211608887 9.61577129364 46.7722740173
15760 60.513999939 5.65390872955 46.254196167
15761 34.1608123779 5.33195495605 44.8391571045
15762 35.8435974121 7.68911075592 47.1131858826
15763 55.1342658997 21.2388916016 4.04574918747
15764 53.3666572571 -6.98311567307 46.6091804504
15765 35.2697563171 -2.85132813454 47.5081939697
15766 128.343032837 -2.07450270653 11.4454107285
15767 128.869354248 -5.97581720352 11.1384420395
15768 30.2966842651 -11.1258010864 47.8068351746
15769 27.2528419495 -7.62601089478 25.8538017273
15770 27.2685604095 -8.65907859802 23.5474739075
15771 35.1276741028 -0.00454615755007 47.2196502686
15772 27.0704631805 -9.21932697296 36.3819656372
15773 32.4378471375 -1.63446450233 47.5754241943
15774 9.46551704407 39.3492584229 30.2145938873
15775 9.51606655121 35.3689689636 25.635175705
15776 31.5394420624 6.74380350113 44.671459198
15777 42.9343795776 -6.95101928711 48.0435066223
15778 170.724731445 -5.74946975708 48.0146255493
15779 5.22560548782 45.0573501587 23.6374492645
15780 9.42899036407 42.7675514221 20.402759552
15781 169.68069458 25.4038124084 45.8031196594
15782 166.477111816 16.9877033234 45.3843955994
15783 161.784973145 -1.28489434719 47.5938529968
15784 21.4241333008 33.240032196 10.3058776855
15785 172.395782471 -6.38365745544 39.9283676147
15786 160.309631348 1.92305099964 44.7255020142
15787 158.036895752 3.62075710297 47.1503715515
15788 138.550292969 -19.0466022491 42.6466598511
15789 135.001312256 -17.4210128784 42.7334594727
15790 137.384185791 -19.7808265686 47.4094734192
15791 152.73550415 32.3450469971 10.7146167755
15792 146.964385986 33.576210022 10.8152227402
15793 151.736541748 37.8051757812 11.0888290405
15794 142.46836853 84.375541687 31.4869194031
15795 85.0146255493 -5.00415897369 42.6386108398
15796 159.985305786 39.2074546814 11.2397689819
15797 168.773254395 36.039150238 45.554397583
15798 153.476333618 43.5042304993 46.1729927063
15799 159.078140259 13.2650461197 46.5521507263
15800 133.811660767 60.2132034302 7.57172489166
15801 107.06665802 -31.3880119324 41.0977935791
15802 111.624763489 -30.6602172852 41.6760139465
15803 51.8624687195 -3.3902130127 11.1498327255
15804 183.029876709 60.276386261 45.2476539612
15805 47.0505981445 -1.28585624695 9.69364929199
15806 18.5905132294 -4.46446418762 44.3930702209
15807 120.863716125 -74.9862594604 21.3932762146
15808 115.179649353 -74.8054733276 29.3915977478
15809 20.3123416901 -0.798989295959 46.9133148193
15810 55.7445297241 -3.61866116524 7.42455625534
15811 47.5947761536 -18.7587203979 43.7629814148
15812 20.4699401855 -1.50091397762 43.3235244751
15813 33.8548431396 31.5823192596 39.307975769
15814 14.9554519653 30.4077281952 46.0209388733
15815 10.0156784058 28.5232906342 41.5124931335
15816 16.4861812592 27.089849472 42.3295936584
15817 20.2659187317 26.6710243225 45.9030036926
15818 11.018737793 8.13993263245 32.7080841064
15819 12.1464109421 -1.23181331158 12.4911718369
15820 15.0185441971 2.19870781898 11.4572696686
15821 74.4671401978 -3.39978122711 38.0705566406
15822 49.0914573669 19.1533412933 45.9425430298
15823 48.6896438599 15.0471200943 45.4877471924
15824 45.4255027771 17.711725235 45.4504623413
15825 15.6277856827 19.2024230957 11.870513916
15826 63.7137947083 52.5002326965 37.5857391357
15827 70.0306625366 54.778717041 36.2431488037
15828 66.0138473511 61.2836341858 36.0927886963
15829 15.5491266251 78.9585189819 38.2237510681
15830 183.511322021 -18.6554431915 28.014377594
15831 51.0748443604 -23.2492790222 41.7702293396
15832 29.5468044281 53.3220672607 37.3380050659
15833 30.4127941132 60.0008544922 43.4703903198
15834 45.2400245667 -88.0088729858 12.8726997375
15835 48.9731864929 -90.5066070557 17.9494400024
15836 51.1907653809 -84.9105606079 14.1863718033
15837 29.8398132324 -0.320728689432 47.5461349487
15838 34.6286201477 -8.52557849884 48.0643920898
15839 50.0657119751 -86.4435043335 8.34142494202
15840 177.686462402 -3.84118628502 47.0557518005
15841 185.082946777 -28.2012271881 46.3286132812
15842 53.3890457153 -20.2401790619 37.6487426758
15843 163.550140381 -11.6961870193 43.5851860046
15844 38.275806427 -18.7227745056 47.3712005615
15845 27.5436611176 -6.85956382751 40.2185287476
15846 170.838058472 -10.0657243729 41.9992599487
15847 28.4445953369 8.24308204651 44.2632141113
15848 26.0896530151 6.4257478714 44.55418396
15849 28.2808456421 4.60988140106 43.8928375244
15850 173.786819458 -14.6188573837 28.7781162262
15851 33.5655937195 -36.9201545715 40.7926979065
15852 29.5336914062 -35.2808074951 40.4979553223
15853 144.942779541 -25.7137107849 47.9101104736
15854 162.390304565 -15.7056503296 48.0478363037
15855 172.960250854 -20.8328266144 47.5123443604
15856 170.351791382 -7.23376369476 23.4400596619
15857 180.741668701 47.318901062 45.5109863281
15858 188.078460693 29.9959907532 41.0616493225
15859 173.985580444 -4.88561868668 34.5234451294
15860 172.582290649 -2.77949023247 33.4194259644
15861 189.019775391 33.5534553528 45.2171554565
15862 27.5359916687 -12.5792636871 40.2099723816
15863 40.5569343567 50.734413147 45.6263847351
15864 45.2872810364 13.8538475037 4.61861658096
15865 156.847366333 -7.96725320816 48.1887779236
15866 26.9923973083 -20.9460258484 46.8753700256
15867 172.095336914 -20.4788913727 44.9376983643
15868 155.09425354 1.31589758396 47.4768028259
15869 159.451171875 -32.564956665 13.4463014603
15870 44.8810501099 -33.3389472961 8.5995016098
15871 45.5879859924 -37.9273262024 9.17974758148
15872 45.6998939514 -37.7168388367 4.82337188721
15873 49.1724090576 -34.9496154785 8.85898399353
15874 12.8073797226 -51.9695053101 39.7510261536
15875 10.0156784058 -48.0567855835 45.5675849915
15876 175.607376099 -3.10119104385 45.4675483704
15877 114.573356628 -33.9488716125 40.9042510986
15878 118.116416931 -35.2783508301 46.3934898376
15879 82.6587219238 -59.1934585571 44.3713760376
15880 115.962600708 -53.5637817383 44.258228302
15881 33.8406562805 31.9007816315 33.6765556335
15882 76.8474807739 71.1665725708 13.8639755249
15883 129.831832886 47.2594680786 44.7931900024
15884 75.358001709 80.1108627319 43.5287132263
15885 95.2565155029 -7.89698505402 7.04397773743
15886 69.3131332397 73.079460144 37.6479110718
15887 76.4513015747 71.6260528564 44.2849311829
15888 67.3461837769 72.3147354126 44.4180259705
15889 92.5631637573 -2.0950820446 7.33143043518
15890 95.7712020874 -2.61513400078 6.91564178467
15891 147.189559937 -2.52370429039 46.9757118225
15892 98.6470794678 -3.89135622978 7.22692632675
15893 39.5079078674 -19.1135673523 44.8505744934
15894 143.001159668 30.633190155 10.7376508713
15895 137.821090698 31.8841247559 10.7468652725
15896 27.230047226 -6.86146259308 37.1474761963
15897 25.1953144073 -5.03099060059 37.2593841553
15898 29.5379066467 25.3858661652 10.5145692825
15899 170.469314575 -67.2111282349 37.4239654541
15900 136.259613037 36.3080978394 11.314948082
15901 41.6669044495 20.4783668518 45.422996521
15902 62.1523590088 27.1904182434 4.55179071426
15903 161.183670044 -18.6906414032 44.9847068787
15904 15.1848239899 -63.220790863 41.1032371521
15905 26.8166770935 -6.06734848022 42.8874359131
15906 46.876663208 -14.3753986359 5.75964307785
15907 180.425216675 51.3300476074 38.6831550598
15908 182.466339111 57.4471702576 37.4802360535
15909 184.179382324 51.8497467041 34.1912155151
15910 42.2323265076 8.40880489349 47.2802009583
15911 187.877487183 52.4783630371 29.3276081085
15912 57.8061599731 -6.46534204483 3.37916135788
15913 32.6045684814 -4.39852428436 47.6348342896
15914 89.1560745239 37.1849594116 25.4269523621
15915 88.5642242432 43.3289146423 31.6682338715
15916 101.028915405 5.5169916153 12.5038414001
15917 32.6567001343 1.78765273094 47.0896186829
15918 91.1131973267 38.677482605 31.5106868744
15919 157.187103271 -12.9921789169 48.0543670654
15920 33.35131073 63.8479766846 23.4520320892
15921 42.5446395874 68.7024688721 29.7201595306
15922 32.6621055603 76.0455474854 26.50689888
15923 44.7861633301 71.975769043 16.4731330872
15924 45.2340507507 75.5162277222 23.1703262329
15925 158.131668091 -23.540769577 47.15184021
15926 22.3519611359 15.9198560715 46.7122573853
15927 37.7209625244 14.0326576233 41.3810691833
15928 114.934921265 18.4453163147 40.8138618469
15929 117.657318115 19.5654354095 46.5143089294
15930 114.869056702 17.8027248383 45.5218696594
15931 37.3013114929 27.241853714 45.9601593018
15932 28.146194458 -16.3513813019 39.9610214233
15933 25.8697490692 -15.0858278275 40.4375839233
15934 157.885681152 -1.06773555279 5.26282787323
15935 159.319152832 -4.61353111267 5.12465810776
15936 38.1547241211 -34.6236495972 45.8804244995
15937 68.7061157227 -62.1197738647 46.1013565063
15938 165.179336548 27.3033885956 45.4553718567
15939 165.823150635 5.20265722275 5.94621133804
15940 9.78480052948 -61.9450111389 15.5432415009
15941 77.3705978394 -1.61411297321 37.6476554871
15942 152.183151245 -11.1418361664 44.714389801
15943 138.849197388 -6.62686300278 46.3873138428
15944 109.581970215 -92.6476287842 10.796377182
15945 154.887908936 -11.7033004761 45.0035629272
15946 157.409667969 -12.373925209 45.4246673584
15947 156.396026611 -8.96278190613 45.8242073059
15948 103.410621643 -92.6037979126 12.735909462
15949 110.930633545 -81.7636032104 13.7712545395
15950 150.133773804 -35.6761322021 8.80732059479
15951 137.106781006 8.84795761108 4.40752029419
15952 21.911239624 -2.06159329414 34.1340332031
15953 21.6204833984 -1.24059689045 37.0968742371
15954 28.4841842651 -8.32935333252 44.2975120544
15955 29.567358017 -7.36265659332 42.2630958557
15956 66.8819351196 -3.0082423687 7.65158700943
15957 161.617370605 -11.4777879715 45.8533172607
15958 161.501953125 -8.60903453827 45.7971229553
15959 50.9872779846 -28.0878124237 46.5375213623
15960 90.1121749878 61.0434913635 34.0267829895
15961 98.5213165283 61.0215187073 28.9879341125
15962 28.5883598328 25.5587520599 16.0157184601
15963 38.935459137 5.70428133011 47.1427497864
15964 15.2594079971 -70.7622451782 14.7600498199
15965 14.22742939 -71.4700393677 22.1602039337
15966 9.1757106781 -67.6740646362 16.2852115631
15967 19.4989776611 -66.8879241943 16.2366218567
15968 18.557302475 -73.8960571289 10.3992443085
15969 131.602432251 -5.33603525162 47.1114883423
15970 46.897315979 1.10466194153 43.6888427734
15971 50.0024795532 2.29674434662 46.0384788513
15972 44.5925102234 13.5502710342 41.3117370605
15973 41.2865142822 15.8741912842 45.8005905151
15974 170.140304565 -98.4901428223 44.6009140015
15975 150.764328003 -62.5073127747 45.4832687378
15976 132.619628906 -39.85521698 46.9460945129
15977 162.134521484 -38.5016365051 45.460231781
15978 38.224445343 -50.0040779114 39.4245910645
15979 153.509902954 17.890789032 40.7220001221
15980 148.754684448 15.1514844894 46.1207962036
15981 149.328125 0.188388228416 46.8866615295
15982 42.4995574951 -46.4238815308 14.69917202
15983 147.252090454 -25.4101085663 37.2121505737
15984 46.7923698425 -5.49198770523 44.1098442078
15985 113.887626648 74.8594894409 11.6021223068
15986 120.649116516 79.2532653809 13.1778078079
15987 120.326454163 71.9124679565 11.296090126
15988 5.53673791885 -48.0496368408 19.5018520355
15989 19.1838970184 -61.56275177 13.2198648453
15990 113.679710388 72.5375671387 5.13980770111
15991 21.5910320282 -35.4109649658 8.39136695862
15992 25.0794067383 -40.3927459717 5.25581645966
15993 43.7925109863 -4.80135250092 44.4336700439
15994 47.1407012939 -2.30446982384 44.5098609924
15995 42.1108627319 -1.07206404209 44.737575531
15996 60.3464546204 -60.3452148438 5.04935216904
15997 186.760421753 40.5439224243 44.7807617188
15998 125.38028717 -7.65937328339 11.0692615509
15999 136.521453857 -69.5331878662 18.1461715698
16000 134.745910645 8.07346057892 41.8275146484
16001 134.204391479 10.8592891693 46.7263793945
16002 132.163009644 7.1945233345 46.7679176331
16003 136.510635376 -72.6468734741 31.2356376648
16004 160.810150146 9.67814254761 42.7887916565
16005 43.587677002 -4.00356817245 47.155128479
16006 152.69303894 21.9237804413 46.2610816956
16007 60.3466835022 -33.580821991 4.57649612427
16008 57.6400299072 -37.0890541077 4.84897613525
16009 15.3037052155 -47.8190765381 43.2357406616
16010 154.576187134 -32.3294830322 46.6515808105
16011 151.673965454 -30.6873531342 45.8907775879
16012 147.41758728 -53.6091575623 45.4215278625
16013 46.076625824 22.4098377228 45.4382095337
16014 41.7705345154 6.441593647 43.5312423706
16015 156.095275879 -56.0267219543 38.9142341614
16016 135.362426758 -25.6427078247 47.0020866394
16017 132.612915039 -23.8184127808 46.1218338013
16018 41.2367858887 11.8454523087 45.6090736389
16019 44.6751823425 2.03905963898 47.5893974304
16020 149.759429932 -24.6452560425 47.5850944519
16021 154.721481323 -19.3788585663 47.5646896362
16022 34.5975608826 -52.3259620667 38.3624916077
16023 18.809545517 44.941368103 45.718120575
16024 55.8801307678 -4.63580656052 43.1327438354
16025 58.9255828857 -2.4179725647 42.5544967651
16026 88.8133468628 62.0499305725 5.17738485336
16027 24.1750926971 -65.928237915 11.3866596222
16028 23.7304859161 -59.02501297 12.6891689301
16029 34.8878097534 42.5276870728 44.8765678406
16030 63.9717330933 51.9094581604 44.9915161133
16031 20.460018158 -66.0369720459 39.2376060486
16032 60.22996521 71.7478790283 44.2594680786
16033 23.8989295959 85.497428894 23.7984256744
16034 27.3103141785 84.8346405029 19.7462329865
16035 12.2096681595 17.563999176 40.6361885071
16036 38.0558013916 19.4518814087 8.97915649414
16037 24.0964336395 45.7337608337 6.69905281067
16038 174.372146606 -64.3524932861 45.310760498
16039 169.021652222 -74.6711502075 12.2784814835
16040 34.7625770569 38.3542098999 16.6935195923
16041 168.075592041 9.71044158936 6.63885879517
16042 147.574798584 -3.61964845657 42.7874526978
16043 145.402587891 -6.43628263474 42.9990653992
16044 132.8724823 3.51186132431 3.85461211205
16045 34.022567749 -42.1819076538 44.7418289185
16046 189.880432129 51.3065567017 41.4719429016
16047 185.435180664 49.1074562073 40.3015785217
16048 180.437713623 -3.02163290977 20.2414169312
16049 154.245697021 -9.33095645905 47.5064697266
16050 155.038391113 13.2788162231 8.70986557007
16051 158.227783203 11.8333272934 8.60362815857
16052 151.959487915 -52.5470314026 39.4038619995
16053 146.778106689 -54.2834663391 39.3864936829
16054 145.990097046 2.30717325211 8.25896835327
16055 33.6944236755 -14.0214996338 4.56286525726
16056 59.215057373 -24.8473529816 45.66065979
16057 80.287940979 -76.725692749 30.984205246
16058 53.5257492065 -36.411315918 4.49807691574
16059 55.8344154358 -40.5366630554 4.31011629105
16060 46.6921958923 -37.3628883362 46.1096343994
16061 162.118667603 -39.2027893066 40.5816421509
16062 165.553771973 -36.4273796082 41.0049209595
16063 135.521194458 -21.1627674103 42.6309661865
16064 68.0570678711 37.2715568542 45.5723953247
16065 44.3903465271 40.6330986023 45.3595619202
16066 47.9794044495 36.874168396 45.5614852905
16067 48.1835250854 -52.9080047607 16.4797153473
16068 60.4785499573 26.90924263 40.3020591736
16069 56.186466217 29.6083240509 45.38804245
16070 28.8933525085 -15.6033620834 28.1277294159
16071 28.278377533 -16.2222976685 31.0292377472
16072 11.4816074371 24.6979656219 45.844078064
16073 15.5645542145 23.7541007996 45.4878234863
16074 29.0805282593 16.0342445374 8.05752849579
16075 25.0821647644 38.1302185059 11.0527076721
16076 29.7485599518 36.3925666809 11.0420122147
16077 25.5975475311 33.0514526367 10.8923635483
16078 147.820083618 -48.568523407 39.8920173645
16079 51.1268386841 79.9058761597 21.9416656494
16080 48.4162635803 73.9063568115 31.048374176
16081 54.6192359924 80.3854827881 26.4939117432
16082 160.801269531 54.480556488 44.5823326111
16083 161.49055481 47.8737831116 44.96068573
16084 49.9519805908 66.7141952515 28.4558086395
16085 15.6617050171 -43.5407371521 45.4680557251
16086 60.3507080078 73.997505188 21.678653717
16087 122.337486267 45.1411132812 10.5378189087
16088 49.6888275146 -18.0485935211 3.37566804886
16089 49.80210495 -14.6745958328 3.42150974274
16090 95.4784164429 11.9282245636 13.2109041214
16091 123.770645142 38.1405715942 37.6327476501
16092 128.797088623 38.8134880066 38.8467750549
16093 10.2390766144 -31.7624645233 10.1962604523
16094 71.1950531006 54.2450485229 45.1660995483
16095 41.8212585449 81.8462600708 33.7472267151
16096 46.9990882874 22.8563041687 9.97138118744
16097 78.7785110474 37.2711524963 6.00434207916
16098 169.853561401 -50.3762397766 16.4633998871
16099 84.2946395874 35.8641357422 5.94519853592
16100 120.222976685 -45.4796257019 9.77049827576
16101 144.932327271 -98.5224838257 15.0095453262
16102 33.7453155518 71.1014938354 13.3915367126
16103 147.503616333 -98.692237854 37.2070846558
16104 22.2343463898 84.7073440552 18.0907993317
16105 141.057983398 -41.719745636 44.9583282471
16106 103.909088135 -47.0050125122 45.0605163574
16107 108.337211609 -48.56508255 40.6417350769
16108 103.320411682 -52.239200592 43.6991958618
16109 44.4543876648 -50.4470405579 45.5986938477
16110 55.6468734741 -60.369644165 44.9394454956
16111 129.502349854 73.6918792725 11.0074357986
16112 139.593948364 71.0957489014 13.0652923584
16113 87.7340087891 -26.2775287628 4.06558179855
16114 87.9486999512 -26.1456489563 8.43927192688
16115 89.1022567749 -30.6926555634 8.70479106903
16116 143.688064575 -9.47480964661 47.5006752014
16117 94.0671157837 -28.2334117889 6.53158283234
16118 67.1611251831 3.65918207169 46.2263259888
16119 173.995269775 16.0700626373 9.83586883545
16120 176.551559448 15.023604393 13.607796669
16121 99.8086471558 -11.7821750641 12.1488542557
16122 103.524734497 -11.7556219101 10.0477876663
16123 100.731513977 -14.7627601624 7.70856618881
16124 70.944229126 -38.7690315247 3.68761086464
16125 158.86177063 -7.59183883667 46.2593574524
16126 166.699890137 84.8776702881 37.9235153198
16127 157.62210083 24.8820648193 46.750629425
16128 144.289474487 34.9209060669 45.7981071472
16129 150.693374634 32.1055870056 45.8673400879
16130 87.9592971802 -3.4885532856 43.0451622009
16131 91.5208969116 -1.43570816517 46.6394309998
16132 87.7527160645 -2.97503185272 46.6576042175
16133 70.3453216553 -3.16396689415 11.6302194595
16134 174.699905396 -2.60969185829 37.2178459167
16135 18.1608791351 -82.8599243164 40.6977272034
16136 19.3546180725 -75.423576355 40.0411605835
16137 69.699180603 -57.8822288513 11.1277599335
16138 63.2710494995 -56.8216056824 11.1475925446
16139 63.9129943848 -56.7930183411 5.63595199585
16140 65.2069244385 -62.3232498169 11.1409730911
16141 59.430065155 -17.9561519623 46.6310768127
16142 123.59185791 10.520907402 46.6976776123
16143 120.888198853 10.8076515198 41.4693603516
16144 39.1543502808 8.72741794586 10.8471164703
16145 155.232391357 -21.9441375732 47.5402641296
16146 137.836730957 -12.9238977432 47.7066688538
16147 63.1916427612 -2.82021856308 11.6111717224
16148 129.273254395 -25.8348197937 46.042350769
16149 99.4995498657 -31.3660907745 46.1776504517
16150 98.043548584 -27.1012954712 47.455871582
16151 168.380889893 -10.5389099121 40.9767990112
16152 168.216888428 -9.32829856873 38.9346351624
16153 134.801818848 -32.8617134094 45.2746391296
16154 5.03801202774 45.8261528015 36.9747161865
16155 47.4178237915 79.2242279053 17.3902549744
16156 10.4240760803 51.101524353 43.5816917419
16157 152.273849487 -7.36680746078 41.3170814514
16158 158.362213135 -78.7205352783 43.2724456787
16159 146.07850647 -32.3561134338 4.81217098236
16160 161.615203857 -21.4938850403 6.67851114273
16161 57.5951004028 -20.6878871918 45.7884407043
16162 10.5887985229 12.623922348 34.7266311646
16163 12.0181131363 21.9887580872 40.6772460938
16164 14.2206077576 9.47439956665 37.1153259277
16165 195.472366333 -65.7549743652 42.1542015076
16166 185.084747314 -48.9137535095 41.1174888611
16167 54.3560447693 -54.7635345459 38.6414375305
16168 51.8732643127 -56.3580665588 35.3134346008
16169 55.2925720215 -60.9189949036 38.774559021
16170 48.5003051758 -53.5638084412 38.6968460083
16171 36.3532066345 -71.406539917 37.4140930176
16172 30.8332653046 -85.7064666748 33.8198509216
16173 30.1660308838 -74.3063659668 37.3868331909
16174 161.135894775 -29.4408473969 6.94094228745
16175 169.705352783 54.1043319702 6.06353616714
16176 168.851470947 54.1235694885 11.9298725128
16177 178.161453247 6.96526527405 43.3167686462
16178 147.521438599 9.32209205627 46.6152076721
16179 92.7839050293 -32.4408111572 13.8407001495
16180 177.944976807 -0.850070595741 19.6475257874
16181 166.035522461 17.140871048 40.8204689026
16182 162.349899292 19.2081432343 40.8003959656
16183 136.27204895 18.724111557 46.4824142456
16184 135.194854736 15.7094049454 45.6477241516
16185 89.3986434937 -30.6261081696 13.596988678
16186 138.037643433 19.0717830658 36.9447174072
16187 146.625045776 -36.3699302673 45.6052742004
16188 145.2059021 -29.121805191 45.9781074524
16189 83.5058288574 -54.6565246582 11.00157547
16190 85.9615936279 -49.1600074768 10.7503709793
16191 89.7472763062 -54.0499649048 10.9625682831
16192 146.908996582 -13.2190952301 43.239944458
16193 81.2007293701 -48.9871101379 5.43194293976
16194 26.4117965698 -0.500070095062 40.5435714722
16195 160.428985596 -25.1477031708 9.77253627777
16196 82.9075622559 -17.2464179993 41.4253921509
16197 189.533050537 -66.9535064697 9.79243183136
16198 57.7002639771 -27.5576114655 46.7079544067
16199 90.4557571411 -23.6815834045 8.27376365662
16200 89.7479019165 -19.0159606934 4.62655210495
16201 96.1151275635 -79.8196563721 38.2106399536
16202 57.6237564087 -51.5064811707 39.2457313538
16203 61.5670623779 -47.8656234741 40.0199737549
16204 56.6894073486 -46.1579704285 40.2583694458
16205 103.194526672 6.86717796326 36.6056022644
16206 110.201782227 -13.5480737686 42.4473495483
16207 113.701530457 -11.94165802 42.1683998108
16208 147.038421631 24.6950798035 46.2279701233
16209 129.503753662 18.2919960022 3.99460482597
16210 67.302116394 -28.1375656128 4.3915605545
16211 83.4253768921 -5.39200210571 47.321685791
16212 9.64676952362 -48.6577148438 34.2530021667
16213 86.924079895 64.1060638428 17.392988205
16214 78.684677124 59.2563819885 21.6723632812
16215 9.36645507812 -31.6270027161 38.1598091125
16216 76.8370132446 -21.7077407837 45.8871574402
16217 55.6233978271 -0.518523156643 46.7598953247
16218 57.5551834106 3.32502746582 47.6230621338
16219 101.945243835 -17.809387207 6.92367887497
16220 136.568969727 -35.3335838318 47.4292907715
16221 100.082748413 -20.7340068817 9.82012462616
16222 96.5915756226 -20.7972507477 10.3328609467
16223 102.113723755 -17.7293605804 3.42067432404
16224 98.0392684937 -17.7006435394 3.56379318237
16225 101.529121399 -23.9771614075 7.86255693436
16226 139.137252808 -28.3376636505 4.09999465942
16227 77.4277038574 -36.8560256958 2.58624958992
16228 52.0795135498 6.73825979233 45.396774292
16229 142.815002441 0.280552238226 46.0237731934
16230 99.5927810669 -69.9783782959 30.0239887238
16231 103.459907532 -65.0782241821 31.280872345
16232 62.808467865 4.1199259758 3.94759893417
16233 152.331436157 -35.762802124 47.0635986328
16234 146.582336426 -56.0314025879 11.3452730179
16235 146.091415405 -55.5207939148 5.62177658081
16236 151.421066284 -53.7681846619 5.63025665283
16237 54.973361969 -46.9787635803 45.9542388916
16238 72.6608123779 -35.3235244751 4.58454561234
16239 142.983306885 39.9006996155 46.0286827087
16240 166.408187866 26.0764503479 10.0413713455
16241 166.273773193 31.3114471436 5.67492103577
16242 48.9687042236 -31.4287528992 40.6882591248
16243 53.0071525574 -32.0105285645 40.4266242981
16244 50.4019165039 -34.2339706421 46.2516899109
16245 148.41166687 20.0892333984 46.4417877197
16246 141.713439941 1.81111776829 3.93722057343
16247 160.264358521 72.5076675415 12.6528835297
16248 158.227249146 65.5410232544 8.06757831573
16249 12.5249261856 73.8726882935 27.6017532349
16250 16.5164051056 79.5223846436 25.685295105
16251 125.94455719 -57.6932182312 45.2012557983
16252 130.410430908 -56.6472015381 45.0822868347
16253 88.1351394653 -49.9425048828 39.5346260071
16254 86.0573043823 -53.8997459412 44.9750862122
16255 91.3457946777 -53.7654876709 44.4096755981
16256 61.3300971985 -63.3057022095 38.003074646
16257 178.136749268 -27.186208725 6.84684181213
16258 106.492919922 39.9393768311 39.1516418457
16259 111.147468567 40.5749816895 45.0340919495
16260 106.552780151 39.1018753052 44.3787155151
16261 158.12159729 16.8677196503 40.8645858765
16262 155.663284302 37.3261032104 44.404712677
16263 189.932128906 31.996919632 36.0916023254
16264 175.046615601 -2.1508462429 18.6056118011
16265 145.248397827 4.44846153259 46.2107582092
16266 129.036468506 -2.89765048027 46.5512161255
16267 52.5320930481 -50.0602989197 39.9255065918
16268 48.5853157043 -53.7665023804 44.3769187927
16269 53.9155921936 -55.5172386169 44.3837280273
16270 101.448272705 -29.4445171356 8.58685779572
16271 96.4920883179 -29.2231578827 8.83184814453
16272 121.667404175 67.1556549072 14.2308979034
16273 133.857330322 67.566986084 16.4794998169
16274 127.149551392 61.5469398499 14.2314796448
16275 98.8033752441 -26.6562595367 7.44295883179
16276 179.445785522 -76.8218154907 18.0424137115
16277 180.379241943 -73.5334625244 13.4856500626
16278 79.4852905273 -23.9219551086 42.0591011047
16279 79.3587188721 -25.9614219666 39.3776092529
16280 75.5829544067 -25.8604354858 41.0558013916
16281 170.306274414 -12.0132684708 30.3206806183
16282 53.897605896 39.1683959961 44.9651145935
16283 93.058883667 20.1486682892 44.6352615356
16284 87.8525772095 23.4971752167 46.4218940735
16285 96.0015106201 60.4295806885 46.1538047791
16286 51.8817939758 72.4777297974 12.6459217072
16287 109.192153931 -30.578912735 8.79690361023
16288 163.002441406 -35.0298309326 9.18829059601
16289 159.596618652 -32.6405906677 8.74110221863
16290 113.135253906 -32.5562362671 8.32655334473
16291 132.773178101 -28.0615882874 45.5776824951
16292 49.2637367249 10.9480867386 4.68740415573
16293 79.2779083252 9.38428592682 3.35678482056
16294 129.882751465 -12.4359416962 2.91237998009
16295 138.373519897 -27.2542362213 47.4417228699
16296 69.7005310059 -32.12657547 4.18152713776
16297 65.0114440918 -37.3126945496 46.3023414612
16298 66.803855896 -33.2908782959 46.5833892822
16299 62.6549072266 -31.5103855133 47.3558349609
16300 149.800613403 -19.6888275146 6.93010807037
16301 15.4191827774 -98.9113235474 12.4449386597
16302 48.0584182739 -76.1162567139 43.759563446
16303 137.463699341 -37.9927101135 44.7868881226
16304 15.1075439453 -77.2982559204 34.7313156128
16305 9.78700256348 -74.5721511841 29.9177761078
16306 130.730331421 -35.6987724304 46.4764938354
16307 127.903846741 -39.4705505371 45.9940032959
16308 11.3745851517 62.7152519226 21.9576377869
16309 11.5721521378 63.5795593262 15.3160209656
16310 14.9222164154 67.376663208 24.9249725342
16311 9.23678970337 67.9508056641 21.5571517944
16312 16.5531349182 66.1176223755 18.0388717651
16313 13.0351696014 35.8677062988 44.7841033936
16314 170.811523438 -60.2582931519 38.1286773682
16315 186.92678833 -53.6213684082 44.7820510864
16316 10.990855217 -87.3162612915 37.7472610474
16317 29.9595680237 -45.0323486328 40.028377533
16318 34.1392974854 -47.7269248962 39.4050254822
16319 153.550857544 66.1328659058 45.4755477905
16320 168.313781738 59.7041130066 13.3900938034
16321 136.12902832 -19.2486991882 3.42590141296
16322 163.166778564 3.53725004196 5.6569108963
16323 142.103286743 -6.31316137314 43.2959365845
16324 63.7313232422 1.49921309948 47.6618652344
16325 119.929901123 -59.0358085632 33.2359848022
16326 64.8001708984 15.6886739731 4.35042715073
16327 29.1652641296 -5.0832362175 33.5811233521
16328 26.6044273376 -2.86623740196 31.1176300049
16329 86.1023712158 -80.2028808594 12.7682590485
16330 189.809188843 -80.3089141846 16.2547588348
16331 136.138778687 -56.8844223022 38.7021636963
16332 137.330749512 -51.2021713257 40.0696144104
16333 141.98815918 -55.5396003723 39.6577720642
16334 95.7686309814 -75.1016235352 11.943731308
16335 122.422103882 -8.90962505341 11.0815896988
16336 80.7066650391 -41.5646934509 3.59569978714
16337 76.2712097168 -69.4469146729 43.6050567627
16338 62.9721794128 -37.8721847534 5.05514907837
16339 181.353729248 36.7667427063 17.4059238434
16340 155.491134644 2.27024173737 6.26126718521
16341 144.488861084 -40.3905448914 45.5556869507
16342 192.734161377 -61.0718345642 32.8771743774
16343 194.814559937 -65.7250747681 31.2988700867
16344 49.6731719971 50.4562492371 44.9951858521
16345 50.7540817261 42.2990112305 45.4817733765
16346 46.2581443787 46.3334465027 45.0418891907
16347 134.124252319 -74.8595275879 13.1189680099
16348 138.598464966 -79.3417129517 13.210486412
16349 132.560592651 -79.8663787842 14.1948013306
16350 55.63829422 -45.5820388794 9.73874378204
16351 62.6664390564 -49.0171051025 45.9731216431
16352 132.222518921 43.8336029053 38.2655181885
16353 131.600708008 42.6755905151 44.8361206055
16354 127.37714386 25.2024250031 9.84689235687
16355 122.782989502 -29.9875164032 37.2409820557
16356 155.055984497 51.6077537537 44.8513069153
16357 155.765167236 60.8942985535 39.655166626
16358 52.8870658875 -99.692489624 15.244562149
16359 31.0531578064 -91.7427444458 44.3143463135
16360 10.1582784653 -56.5257873535 36.5135154724
16361 192.439254761 47.6808242798 37.6674003601
16362 68.5397109985 23.0973339081 45.6519775391
16363 122.815086365 2.94589185715 12.2878341675
16364 131.947036743 -2.08627319336 46.8402900696
16365 141.571136475 -21.9867897034 46.8129234314
16366 69.1819381714 -35.8159980774 41.1871490479
16367 67.1621627808 -40.2789649963 45.1514434814
16368 60.8281822205 -28.2283115387 45.8923988342
16369 62.8534889221 -39.9020309448 45.6933403015
16370 70.6569519043 -3.06755042076 7.62494516373
16371 170.668487549 -10.1862392426 39.3232650757
16372 170.137542725 -7.35642957687 39.4937705994
16373 72.0326690674 20.3451194763 9.56190872192
16374 69.5956954956 24.0028743744 4.95664405823
16375 74.2741546631 23.1832199097 4.96509838104
16376 67.3184051514 6.90502071381 46.9132652283
16377 58.8608055115 22.0631523132 45.2054328918
16378 78.2106628418 13.5274133682 3.24635744095
16379 80.6666412354 5.20465660095 41.6110877991
16380 81.0586090088 5.00278711319 45.7762870789
16381 79.6446228027 9.33743190765 45.8880958557
16382 96.8215408325 55.0144309998 44.1602401733
16383 58.7432403564 34.4338340759 45.9024467468
16384 66.2380752563 -12.7537956238 47.0827598572
16385 135.087097168 -58.8450279236 16.646905899
16386 53.1001396179 32.9551353455 45.1486587524
16387 176.891494751 80.3847732544 21.9182014465
16388 182.007919312 68.509765625 17.3549556732
16389 34.4499511719 22.266084671 10.1221828461
16390 20.4733695984 23.3453998566 8.28810310364
16391 194.854705811 -65.8552017212 37.028049469
16392 138.809936523 52.6863861084 44.5709686279
16393 131.864501953 37.2133369446 4.45651340485
16394 124.077537537 39.7041435242 12.4107027054
16395 131.62210083 52.9124794006 44.9592170715
16396 123.722648621 -79.8824081421 44.0161094666
16397 9.88688659668 -94.2476654053 34.3239822388
16398 81.1818084717 -3.43499135971 37.7148857117
16399 78.3287658691 -5.16778087616 37.8955688477
16400 127.330360413 8.13527488708 3.60204076767
16401 155.275039673 -18.0382785797 5.52754974365
16402 148.434677124 24.3444213867 14.6961603165
16403 9.86189079285 46.484413147 14.1189517975
16404 125.260429382 -3.64068341255 11.2266950607
16405 123.096794128 -24.3917865753 46.9501953125
16406 120.205078125 -24.0271167755 47.6257972717
16407 129.294235229 -21.8688697815 46.1817512512
16408 126.747962952 -2.90202975273 46.8414001465
16409 123.888702393 -15.0190525055 47.2337265015
16410 123.159515381 -14.5857095718 43.2420196533
16411 125.154449463 -0.496754109859 3.07153439522
16412 122.635292053 -1.37718486786 3.85878872871
16413 126.074569702 -4.5641207695 2.97971224785
16414 15.4179296494 51.7464447021 10.417924881
16415 11.3354768753 53.8999328613 15.1088600159
16416 175.335510254 -17.4850788116 39.5796585083
16417 161.81036377 -34.4177055359 5.81569814682
16418 174.209518433 -35.8911018372 40.5802497864
16419 155.287246704 9.0654964447 41.7271995544
16420 147.407302856 65.73777771 43.5170936584
16421 23.6766319275 -86.356048584 41.9171943665
16422 32.760761261 -85.9724807739 41.9591903687
16423 5.07017183304 -65.2877578735 30.8508834839
16424 8.98840808868 68.8345489502 29.7384853363
16425 131.396896362 7.86189651489 37.6195335388
16426 24.7343921661 65.3531265259 7.64579057693
16427 126.107902527 -19.9302864075 46.0515403748
16428 121.574302673 -20.5823574066 47.4522514343
16429 124.152946472 -18.2290744781 47.4306335449
16430 122.232788086 -29.5788784027 45.9009056091
16431 148.252700806 71.4682235718 36.2143440247
16432 148.104278564 71.0260391235 44.7096824646
16433 140.772125244 84.8384857178 38.1771507263
16434 139.619186401 80.1563186646 43.7439727783
16435 142.263961792 85.7047424316 43.8283920288
16436 145.103057861 85.4009094238 19.4247226715
16437 20.1929168701 -98.7630310059 36.7844390869
16438 35.5973167419 -70.092590332 12.4896154404
16439 39.8871307373 -73.2015914917 13.3247365952
16440 35.4720420837 -71.331161499 43.6722602844
16441 81.9823760986 -11.1242055893 7.43794679642
16442 189.874511719 -25.5794639587 36.6605834961
16443 146.854782104 -60.7107963562 33.6445350647
16444 138.099273682 -23.141078949 46.7739677429
16445 130.726577759 10.251452446 8.1837644577
16446 129.709915161 6.50945711136 8.01916694641
16447 127.697799683 -80.3127365112 28.2773532867
16448 134.707580566 -77.0448760986 27.2860527039
16449 96.8300476074 17.1823577881 40.6984596252
16450 93.034072876 14.4010601044 46.1444625854
16451 96.9156341553 17.4563941956 45.3960914612
16452 148.845108032 -7.01668071747 46.1696014404
16453 174.51411438 15.5776767731 4.89923477173
16454 129.374694824 -29.5044956207 47.1492805481
16455 126.342552185 -31.5237522125 45.9315338135
16456 83.2670288086 -48.6163902283 46.6357116699
16457 79.5999069214 -63.593711853 44.8916053772
16458 51.6231994629 -46.4535369873 14.8866386414
16459 79.9666519165 -54.9098167419 39.4083404541
16460 77.5463027954 -58.7657470703 44.9158554077
16461 79.8239059448 -54.2533569336 44.9250183105
16462 133.38142395 2.9797604084 46.6834754944
16463 108.845596313 -62.9203033447 38.2866783142
16464 111.877487183 -69.093788147 37.5861968994
16465 104.145179749 -65.2661590576 37.444519043
16466 105.539131165 -69.1868743896 33.7690467834
16467 100.121055603 -71.2210998535 36.5318412781
16468 128.894668579 -15.5759477615 47.5471992493
16469 107.170059204 -73.8969039917 36.8611373901
16470 182.405075073 -76.362449646 38.9155006409
16471 128.784362793 -57.1454963684 4.48440790176
16472 29.261806488 -1.97773182392 8.51647567749
16473 111.432617188 84.7131347656 16.4256591797
16474 77.4758758545 46.7441711426 44.6801185608
16475 162.243759155 23.3210487366 9.58291816711
16476 166.184738159 20.7928276062 9.39653968811
16477 29.6632041931 -5.76855564117 14.2118625641
16478 149.230865479 46.3668861389 44.2018051147
16479 148.608169556 80.5050811768 17.2410984039
16480 137.388565063 12.3702125549 41.6012420654
16481 141.414291382 11.8932676315 41.5469970703
16482 144.121856689 41.3153800964 38.8189582825
16483 39.2918243408 -99.8723602295 43.9070358276
16484 48.7459144592 -99.7197647095 43.2406272888
16485 49.5367355347 -92.0567321777 44.3565177917
16486 96.6840209961 23.8984851837 10.0627098083
16487 94.7705078125 28.0111865997 5.570353508
16488 137.567749023 -13.3841609955 7.75387620926
16489 127.219566345 7.71217107773 45.8048934937
16490 138.437026978 -0.51300495863 7.24177217484
16491 135.538299561 1.319922328 7.01246356964
16492 85.1465682983 5.12069416046 3.5162050724
16493 90.9853439331 8.39220046997 3.65099573135
16494 100.165359497 9.59779930115 45.8977661133
16495 104.505378723 11.4603176117 41.4727554321
16496 104.02142334 7.06001138687 46.1644859314
16497 100.048919678 9.40367507935 41.5637283325
16498 66.9990081787 -15.1654624939 48.0477600098
16499 61.4767875671 -6.50538682938 3.55969238281
16500 71.7882919312 -2.34980511665 47.4766769409
16501 70.4950485229 -43.6725692749 39.9211769104
16502 19.9403839111 -46.6341323853 9.03879356384
16503 14.489151001 -50.4690132141 9.41573905945
16504 174.135452271 -18.0192680359 45.345615387
16505 115.78012085 -1.72267973423 7.83283948898
16506 90.6368255615 -36.376991272 4.54038715363
16507 78.1667480469 -28.0536155701 46.7662467957
16508 97.6859130859 -33.3572998047 8.92013931274
16509 131.686325073 19.6238555908 46.9960365295
16510 76.617225647 -80.4452590942 27.7501125336
16511 132.833526611 27.8277435303 45.4862289429
16512 138.161392212 40.6069259644 45.4410972595
16513 77.7308502197 -87.2188568115 25.048789978
16514 84.8001785278 -90.0585403442 20.0610752106
16515 78.1083297729 -86.6507797241 16.0409679413
16516 80.3116531372 -78.7636642456 18.7417201996
16517 84.9891281128 -87.7665939331 27.6348114014
16518 135.471832275 23.4489784241 45.3802680969
16519 88.175239563 -83.6050109863 22.4659080505
16520 139.800933838 22.8607597351 45.9412765503
16521 84.3918151855 -81.922706604 30.0322418213
16522 144.387161255 22.2877025604 45.8316993713
16523 138.634735107 8.31864070892 42.2580070496
16524 166.544265747 -8.48398971558 45.2521858215
16525 98.9600372314 26.7561264038 40.504234314
16526 95.8021621704 29.0681495667 40.8510437012
16527 109.712181091 -29.4316577911 3.97591114044
16528 80.8603363037 -98.971786499 34.7557411194
16529 82.0580673218 -104.367935181 31.3107910156
16530 119.738510132 -40.9278831482 46.578754425
16531 117.021308899 -21.0484924316 47.2879219055
16532 129.856887817 -69.6440505981 12.3606462479
16533 126.141647339 -64.6534347534 11.8560476303
16534 123.98223114 -69.7550430298 12.5146875381
16535 134.517486572 -47.734161377 44.9311676025
16536 110.936607361 -59.532245636 11.2271633148
16537 108.781219482 -53.6172180176 6.26520347595
16538 88.2162322998 33.8063316345 44.2257766724
16539 85.7766113281 39.9812927246 44.6666259766
16540 86.2108612061 30.464099884 4.81498098373
16541 90.7040176392 11.5010461807 3.50204253197
16542 88.347442627 11.0791063309 3.44818949699
16543 107.087593079 -11.0663280487 45.9492530823
16544 26.175868988 -3.04947686195 34.0007362366
16545 131.211227417 32.6530265808 44.573928833
16546 94.9259796143 -25.3814296722 8.15424919128
16547 133.767791748 -51.8508644104 45.9186973572
16548 133.230255127 -25.175661087 9.62951850891
16549 91.8858184814 41.5714187622 45.299621582
16550 81.7166595459 61.3753166199 43.5893096924
16551 112.504211426 -31.6231803894 46.7813339233
16552 166.1925354 5.19653129578 44.4079780579
16553 89.096534729 41.2598953247 18.715089798
16554 85.0931015015 80.2384872437 43.7496185303
16555 111.721664429 -0.336397349834 3.12780499458
16556 115.83266449 -28.1502971649 46.4771766663
16557 132.754470825 -19.8090381622 42.5025062561
16558 76.1224441528 58.8150253296 29.1278133392
16559 49.7925491333 -35.3684654236 40.8210983276
16560 46.1237716675 -38.2733802795 40.6839790344
16561 50.5962944031 -39.7244377136 40.7197990417
16562 91.703125 -39.7938957214 44.8588256836
16563 88.4109802246 -37.6733779907 46.0548324585
16564 81.9994659424 -8.13621616364 46.8234291077
16565 70.5199966431 11.0718669891 46.4075164795
16566 133.673080444 4.52791833878 41.7937698364
16567 137.181182861 4.12843132019 46.0522727966
16568 137.487564087 4.88513278961 41.9930839539
16569 104.472801208 -70.0335998535 11.5911369324
16570 101.851661682 -64.3632888794 11.9468955994
16571 127.843833923 -74.6021499634 12.4787940979
16572 114.447853088 -47.5728569031 46.323348999
16573 107.610908508 -44.7902030945 46.4505729675
16574 59.6838035583 -101.495788574 29.828042984
16575 61.5345115662 -95.602180481 29.2039794922
16576 86.193572998 -31.8499450684 46.7916107178
16577 120.964790344 -44.3669128418 40.2233123779
16578 118.003952026 -42.0015792847 40.3679733276
16579 118.424575806 -48.4679069519 39.7610244751
16580 93.1119613647 -67.8045043945 45.686504364
16581 101.284576416 -98.4713897705 34.4999046326
16582 101.375198364 -55.3447303772 46.5543556213
16583 46.7717285156 80.7377548218 26.8089313507
16584 47.1570281982 79.2328338623 34.257610321
16585 86.4354629517 85.0572891235 26.2405052185
16586 87.0069274902 84.3473434448 32.9093475342
16587 173.220321655 -2.53291797638 21.7626667023
16588 175.990829468 -1.73941147327 23.3216838837
16589 73.9064331055 46.7956085205 46.458190918
16590 85.3665008545 15.2756690979 47.4899406433
16591 78.418762207 23.2237205505 9.42104244232
16592 49.2763557434 72.1874389648 45.2114601135
16593 184.214141846 -69.8008270264 10.3517446518
16594 115.978370667 36.8213920593 45.6901245117
16595 63.2327880859 84.7775115967 19.4895610809
16596 65.1997680664 78.9852752686 15.4413948059
16597 110.087341309 17.9476413727 46.3596229553
16598 91.2865753174 -33.2612991333 46.8516044617
16599 113.857505798 -42.6040611267 45.6325378418
16600 71.7603607178 -57.7618789673 46.0748519897
16601 75.433052063 -29.6930389404 46.0125579834
16602 134.135253906 -13.0827732086 6.8360710144
16603 109.238525391 -8.94916343689 7.29981470108
16604 111.858200073 -11.1258010864 8.15631198883
16605 103.479705811 -11.6564331055 5.92222738266
16606 107.551673889 -15.0908527374 7.72267818451
16607 106.72807312 -11.6611671448 7.65718126297
16608 87.1941604614 -11.5797739029 46.7078781128
16609 118.66456604 -30.6274623871 46.6771736145
16610 113.221702576 26.2723464966 44.3312034607
16611 111.48184967 22.2387218475 40.3437004089
16612 116.425720215 22.6248703003 40.8289985657
16613 110.64100647 22.7864151001 46.2871780396
16614 148.44392395 24.7094306946 40.3907585144
16615 25.4181041718 -20.2860832214 39.8419761658
16616 35.6454238892 -31.5044498444 42.7470016479
16617 37.9381065369 -34.2973403931 40.7136993408
16618 37.9309196472 -98.6832580566 15.7023830414
16619 76.2843475342 -39.2183952332 5.40092229843
16620 43.8054580688 -97.9106063843 9.33242225647
16621 69.3034210205 27.8846473694 45.9037628174
16622 103.484718323 23.9212398529 45.2499847412
16623 100.148406982 13.3267841339 46.1691436768
16624 96.9918365479 12.0893411636 45.4463882446
16625 82.4382781982 -29.7188453674 46.8083190918
16626 115.342155457 2.23920822144 3.51852107048
16627 123.749862671 -38.0358810425 45.2924346924
16628 58.2092399597 1.7194852829 45.7464942932
16629 108.243980408 -39.4227828979 5.22201108932
16630 113.461486816 -40.959274292 5.1114192009
16631 116.200035095 -40.3331108093 42.8109931946
16632 118.373313904 -36.1667709351 40.1956710815
16633 42.5358276367 76.2382736206 39.7175369263
16634 170.454544067 -9.56798553467 36.6478004456
16635 181.62878418 41.8057174683 17.9968128204
16636 181.164138794 30.9990119934 15.9003038406
16637 112.357795715 -11.5639657974 3.94686484337
16638 113.229164124 4.90467453003 3.28959178925
16639 111.551383972 -1.41849541664 46.2102508545
16640 89.5213775635 -11.008184433 3.95329427719
16641 86.085105896 -4.17103767395 7.69216346741
16642 86.2405319214 -4.45122528076 3.87098956108
16643 90.8752822876 1.15156662464 3.49079084396
16644 92.2511367798 11.0878896713 46.5207138062
16645 77.6359634399 -7.9534072876 47.7870140076
16646 80.8698043823 -11.2641859055 47.4388847351
16647 94.8836288452 9.50330638885 47.080078125
16648 67.1805343628 -52.0803871155 10.1145629883
16649 77.4042358398 -1.43183529377 46.1428184509
16650 172.192016602 -16.345369339 33.9995193481
16651 53.6402359009 16.524477005 40.9497909546
16652 57.634552002 17.4646720886 45.4321594238
16653 74.9426651001 -4.52853059769 46.9442481995
16654 166.039825439 -51.1914901733 44.1639900208
16655 132.1822052 -15.973903656 43.0995330811
16656 130.857788086 -52.7819442749 10.1079311371
16657 90.1641540527 -14.4696760178 46.6294822693
16658 119.84148407 -5.62083005905 47.473613739
16659 127.80670166 -27.8378372192 4.16955423355
16660 65.8386535645 -43.4823417664 46.0861434937
16661 84.0560150146 6.67307949066 46.5106887817
16662 69.7242584229 -43.0057754517 45.7760353088
16663 74.9495162964 -53.7373275757 45.3851051331
16664 109.817886353 -16.877494812 46.3002128601
16665 113.326599121 -15.2915201187 46.0029144287
16666 109.179519653 -25.6999282837 4.50746822357
16667 81.7282104492 -27.2630577087 3.73078179359
16668 78.3692550659 -32.2082595825 46.8973693848
16669 95.0370025635 84.4406738281 38.504901886
16670 100.020858765 80.3812255859 42.7628974915
16671 78.0026168823 -5.50963068008 46.0960159302
16672 100.782852173 -15.6921215057 46.8402633667
16673 95.7896270752 85.1823883057 44.2392425537
16674 158.985290527 56.3901596069 31.4622898102
16675 131.189331055 -13.0431585312 6.98449277878
16676 180.923873901 -67.3489379883 39.0622138977
16677 81.3423690796 19.4945335388 3.66596841812
16678 109.155471802 1.28754723072 46.0656890869
16679 108.170272827 -3.40527415276 46.0136222839
16680 188.16960144 -77.1301422119 37.1543083191
16681 185.802001953 -80.8992996216 40.9917602539
16682 58.5460662842 9.9484577179 41.5586662292
16683 77.0240249634 11.225894928 45.2630958557
16684 81.2406616211 0.780834972858 46.1295051575
16685 78.4108123779 -5.37916851044 42.2268486023
16686 74.1858901978 -7.26555633545 42.3298950195
16687 88.8337173462 -49.6115646362 33.4780769348
16688 98.05493927 -53.3958702087 31.3727073669
16689 121.653175354 -73.7517623901 37.4082489014
16690 121.316566467 -74.3373413086 29.2466068268
16691 119.123764038 -80.0659255981 27.6584300995
16692 116.808860779 -79.6566925049 34.8185920715
16693 85.5082397461 -18.1052188873 4.07739019394
16694 77.9556121826 -37.3320198059 44.5060653687
16695 104.912284851 -40.7731361389 46.0916862488
16696 111.883666992 10.0465707779 45.775554657
16697 108.739707947 26.7291927338 45.7396087646
16698 54.989906311 40.7420692444 38.3600349426
16699 90.908996582 -1.31747198105 38.4132919312
16700 118.821609497 -49.0660209656 44.5272521973
16701 121.339118958 -44.77368927 45.2716255188
16702 111.243202209 30.4325351715 10.5298709869
16703 112.181015015 26.2456169128 5.11576080322
16704 112.088088989 25.7007827759 10.2513666153
16705 82.0045776367 45.500831604 38.7590675354
16706 94.0147323608 32.6645431519 38.8230323792
16707 88.3183441162 33.1949996948 38.1744651794
16708 86.5755157471 51.9800567627 5.86971569061
16709 91.7064819336 24.8093414307 9.97668457031
16710 89.9522247314 28.7600669861 4.53513479233
16711 68.64087677 49.2049102783 37.5788574219
16712 74.1037597656 50.152545929 42.7958297729
16713 68.2800292969 49.011013031 43.837223053
16714 127.518157959 32.4700660706 45.8318519592
16715 20.164932251 -75.1577911377 32.6722946167
16716 133.010360718 83.2971343994 14.643116951
16717 77.12159729 27.6224327087 9.62918949127
16718 71.7167129517 28.0134391785 10.0627985001
16719 74.1702423096 32.695526123 11.2351112366
16720 155.718933105 -72.1311340332 9.17639350891
16721 158.99508667 -66.4543151855 12.8677387238
16722 192.403488159 41.8091850281 18.552822113
16723 186.027450562 36.2888374329 21.0008506775
16724 87.8115692139 19.7319431305 4.05505180359
16725 127.941741943 19.2668190002 10.1087284088
16726 124.33127594 27.7391490936 45.3927497864
16727 136.506484985 54.3559684753 13.2791862488
16728 77.5222244263 -17.7645835876 41.8793792725
16729 141.074493408 21.911857605 14.7170686722
16730 116.299766541 -62.8954086304 39.5878067017
16731 112.228042603 -68.6939849854 43.7355194092
16732 75.0322494507 -63.4747924805 45.4067459106
16733 97.1918945312 -22.9760017395 47.8438644409
16734 108.377738953 -64.8657226562 5.88394165039
16735 85.8231582642 -38.0337562561 47.0947341919
16736 61.3966941833 0.731297791004 4.10586738586
16737 47.5310630798 -46.9580345154 10.0574197769
16738 47.436340332 -47.2449798584 14.9845619202
16739 127.08531189 -13.0620298386 3.65637469292
16740 80.2440872192 -17.5991382599 47.9243621826
16741 167.482528687 13.8147649765 42.3819389343
16742 85.2150039673 -18.7918167114 47.1912269592
16743 134.573074341 11.950753212 8.33609676361
16744 137.825180054 11.2189340591 6.3488368988
16745 108.184165955 -28.577085495 46.5238037109
16746 126.127044678 44.4317436218 38.0425605774
16747 119.318092346 51.5418891907 43.2945671082
16748 84.4234085083 -9.89653396606 46.94298172
16749 61.4901771545 -51.6385650635 10.7835683823
16750 47.7537918091 28.3993587494 15.0928373337
16751 37.8750267029 -63.1251869202 34.9743423462
16752 34.372341156 -64.969871521 37.8311500549
16753 87.7773208618 -7.65825939178 3.84863829613
16754 103.151748657 -24.4460067749 46.2922668457
16755 99.6660232544 -22.3173866272 46.0116462708
16756 115.507675171 10.5452337265 46.3935432434
16757 40.2337417603 -61.0621910095 38.8211593628
16758 45.2257461548 -63.042766571 37.8606376648
16759 41.1588096619 -68.2939910889 37.5092697144
16760 51.1992073059 -44.4450531006 39.7788696289
16761 81.15234375 -3.56585860252 42.2753486633
16762 125.86844635 32.8720092773 33.7438087463
16763 134.828079224 37.4461898804 38.7471694946
16764 131.040542603 32.4944915771 39.1305847168
16765 109.133247375 -1.69222843647 3.92850041389
16766 115.666061401 23.5280303955 46.2726478577
16767 118.930175781 5.02723932266 4.20362567902
16768 100.645500183 5.76629781723 8.08939743042
16769 124.758857727 -44.6237487793 46.1700286865
16770 144.257156372 7.79742431641 36.7539596558
16771 106.756523132 -8.02830791473 46.8832435608
16772 109.932777405 -9.17244815826 46.6598854065
16773 132.815246582 11.4074134827 41.6095962524
16774 99.1387786865 5.78563690186 41.47315979
16775 120.336303711 51.4734687805 37.182762146
16776 30.1448440552 60.0234107971 36.2184944153
16777 23.4536514282 57.4628639221 42.6565589905
16778 116.655509949 82.551322937 38.1269798279
16779 110.492141724 78.1676940918 34.9328308105
16780 121.029190063 72.9981307983 38.4391365051
16781 114.90322876 80.7160110474 43.9390830994
16782 72.3469238281 37.9955024719 11.5852384567
16783 78.1909713745 37.2963371277 12.0565757751
16784 106.831199646 -58.1048049927 44.3595542908
16785 103.947792053 -64.3020553589 43.7862968445
16786 135.784500122 5.04726171494 7.32386207581
16787 121.69694519 22.3322277069 45.6661262512
16788 119.507080078 -23.024969101 42.7368240356
16789 114.12336731 -7.88126564026 47.0886573792
16790 100.530532837 27.3385486603 10.9992465973
16791 99.9187850952 -10.3080320358 46.0890274048
16792 150.919723511 -31.3706207275 37.1897735596
16793 78.9433746338 -62.8417434692 17.4897460938
16794 72.7002182007 -0.0897997617722 12.5594530106
16795 115.474716187 -25.0394649506 46.0792312622
16796 118.763587952 -27.2156352997 45.2587165833
16797 41.0670661926 47.2178001404 12.682967186
16798 34.6668434143 52.2853012085 12.2269821167
16799 109.690589905 -104.725944519 30.9181137085
16800 102.794311523 -30.9396457672 47.6227073669
16801 46.7519226074 -48.562915802 39.8881950378
16802 100.106277466 -43.0292282104 45.1202812195
16803 120.482406616 -32.7358169556 8.67279529572
16804 120.635902405 -28.5507984161 8.54167461395
16805 172.843917847 -3.54340624809 17.5241222382
16806 73.5654296875 5.07556152344 41.6870536804
16807 69.9822540283 6.34611368179 45.8338012695
16808 35.3697547913 43.7332611084 12.7645130157
16809 93.3544082642 4.80749845505 8.02335643768
16810 14.1015110016 77.8804702759 11.8380632401
16811 95.1280899048 -31.5651130676 47.0167427063
16812 96.9078979492 -11.4911031723 8.05620002747
16813 99.7704391479 -11.9101057053 8.15891933441
16814 99.5801467896 -9.91818904877 5.8579325676
16815 98.850440979 -7.545794487 7.55905628204
16816 116.879074097 -32.502243042 43.3478279114
16817 94.8378143311 -35.6393280029 46.8529968262
16818 80.2745513916 -44.9367675781 45.7454071045
16819 39.6107406616 -55.1572647095 38.906917572
16820 168.458450317 -79.7265396118 36.8996620178
16821 162.440444946 -75.2833175659 37.2717094421
16822 83.4766235352 -65.1139221191 11.8774242401
16823 96.9219589233 -39.2981185913 41.0265388489
16824 94.5704269409 -41.013633728 46.916683197
16825 94.9905166626 -49.1456184387 45.5832290649
16826 107.196029663 -15.5239553452 38.7718238831
16827 106.659500122 -52.1968536377 46.8474502563
16828 110.513755798 -53.1480064392 44.3339653015
16829 94.5806884766 -57.3889045715 28.5618190765
16830 74.885307312 -80.8637313843 35.2074737549
16831 70.8050918579 -85.6311264038 35.2425079346
16832 92.225189209 -53.4651641846 33.4292984009
16833 85.9210586548 -69.6593017578 11.8980922699
16834 158.382095337 -36.6728096008 13.7904672623
16835 109.255409241 -19.7892436981 46.9447021484
16836 106.870658875 2.99064493179 46.3524093628
16837 138.091400146 18.9013786316 13.4430608749
16838 137.796813965 18.2289924622 8.71280193329
16839 138.745681763 14.157576561 9.26325511932
16840 116.952026367 -49.354549408 10.533996582
16841 29.621553421 -9.08603000641 30.7747936249
16842 100.257507324 -12.5937805176 47.8941879272
16843 58.5772247314 35.8380126953 39.4112510681
16844 24.7497444153 -22.7005348206 43.6873474121
16845 78.7751693726 -44.7032814026 9.89287376404
16846 78.6361618042 -44.6272010803 4.75491333008
16847 24.3896064758 -26.976858139 42.8759689331
16848 106.872886658 -49.1447067261 5.17282819748
16849 122.748565674 6.72107219696 8.53434658051
16850 98.9539871216 -56.5089302063 40.9830245972
16851 100.449531555 -61.1676063538 45.0732002258
16852 106.255638123 -58.488319397 38.1196632385
16853 119.217071533 -30.997674942 41.404586792
16854 71.8569717407 78.7900085449 14.5708236694
16855 95.7834396362 66.178352356 7.51274633408
16856 163.807495117 -83.1096725464 38.8345222473
16857 92.027671814 8.57379436493 8.39563274384
16858 96.4894790649 -19.9497261047 45.8728065491
16859 99.9773483276 -18.8772850037 46.2181739807
16860 82.6444015503 -50.182723999 39.4423599243
16861 78.8133392334 -23.9622154236 46.6534042358
16862 84.4924240112 3.03013300896 41.9707336426
16863 107.925140381 -100.492225647 26.6611537933
16864 100.764953613 -43.2242774963 39.9946098328
16865 102.37525177 -93.4565582275 21.0230388641
16866 95.5490264893 -85.3822402954 22.8730144501
16867 105.145797729 -0.239930152893 46.03956604
16868 29.2046260834 -81.2953948975 14.9603624344
16869 46.4437484741 -95.8584823608 26.9126873016
16870 104.797111511 33.5555076599 45.714931488
16871 111.106384277 35.3533477783 44.3060188293
16872 122.867301941 7.61069154739 41.456325531
16873 127.13066864 7.42119979858 41.6280479431
16874 124.354660034 11.1392498016 41.4706535339
16875 98.2110900879 18.5063209534 9.44867134094
16876 101.428001404 22.2606678009 9.57731151581
16877 106.065032959 21.841463089 46.4071083069
16878 133.127304077 19.4448432922 41.1501159668
16879 141.421157837 -2.44981598854 7.43926286697
16880 111.485466003 80.9334030151 26.7470417023
16881 111.062591553 85.3309249878 22.2734928131
16882 108.832130432 84.4715270996 30.8249874115
16883 151.395706177 10.6717720032 8.91591262817
16884 152.107666016 5.61915445328 7.73662567139
16885 64.7579879761 85.0908050537 28.1551170349
16886 84.4593887329 -28.7218360901 8.52275371552
16887 100.419456482 -4.51607704163 47.2146644592
16888 74.3809509277 -7.3114233017 46.1775741577
16889 16.9018821716 -93.581451416 40.4696311951
16890 126.937988281 14.0251646042 9.37964344025
16891 70.9601593018 11.7236213684 8.81941986084
16892 67.2563476562 10.895157814 8.31029033661
16893 68.9215927124 7.52095794678 8.03697490692
16894 91.4606552124 18.7510700226 47.280960083
16895 95.0358276367 -0.964433908463 46.9203033447
16896 72.2363739014 34.0956039429 44.5027503967
16897 100.261253357 -0.32966414094 47.0978469849
16898 81.4013519287 -36.3160247803 9.7319726944
16899 78.2317657471 -34.2766113281 9.58048820496
16900 13.2351789474 -80.0759811401 40.423789978
16901 99.4166030884 -31.5325088501 6.29665470123
16902 103.280212402 2.46320152283 46.6287231445
16903 128.256866455 -48.8633155823 9.76510715485
16904 129.480987549 -73.109916687 37.1276054382
16905 131.586303711 -68.0833129883 37.4171066284
16906 100.0287323 32.778049469 44.1790237427
16907 97.0000228882 60.0186500549 6.66682958603
16908 104.415794373 64.0223083496 9.05701828003
16909 94.8403320312 64.612197876 16.2957401276
16910 85.4861297607 66.0236129761 9.50800418854
16911 93.8068618774 -23.2104492188 46.9020004272
16912 170.410598755 -13.0911521912 36.5402450562
16913 96.2376785278 59.5560836792 13.1676578522
16914 170.281219482 -14.4786243439 39.15883255
16915 98.5208435059 21.9168186188 45.4478034973
16916 97.4297714233 -6.51627111435 45.9367980957
16917 77.5372314453 6.81647634506 8.35638523102
16918 110.240783691 5.42098045349 45.2992172241
16919 82.8162689209 -58.4462242126 38.7708129883
16920 94.8277053833 -27.8732872009 45.8425827026
16921 98.8790054321 -66.0901412964 45.4219589233
16922 72.8542938232 -25.389339447 43.7272911072
16923 76.6210174561 -22.118844986 41.9510383606
16924 73.1421127319 -23.0458526611 41.622379303
16925 178.802841187 -17.8767948151 18.4774532318
16926 68.5577316284 23.7865505219 40.1506881714
16927 97.0202255249 -3.3633813858 46.871295929
16928 88.5109100342 8.49208450317 41.5955696106
16929 84.4826278687 6.8173623085 41.5962562561
16930 96.7169799805 12.5225448608 40.7508049011
16931 91.6377410889 10.5560922623 41.5030288696
16932 95.5843429565 8.58561515808 41.161277771
16933 133.407287598 7.69065523148 3.82975506783
16934 89.7684936523 17.3461074829 9.20003604889
16935 83.0348587036 24.1161251068 39.5568504333
16936 14.6215629578 15.8193387985 36.4741020203
16937 99.4105377197 4.95590782166 46.1205673218
16938 84.5427093506 -1.30851125717 42.3237724304
16939 102.502479553 -33.6739120483 45.3551101685
16940 113.160369873 -43.4871253967 35.3317337036
16941 183.784072876 -2.48297572136 39.371131897
16942 96.1772689819 -44.160243988 45.3174438477
16943 98.4001312256 -34.8731307983 45.477519989
16944 71.2669677734 -81.1652297974 21.3783798218
16945 117.971046448 -104.799736023 31.330789566
16946 100.138801575 -59.5699081421 37.4095115662
16947 53.8617362976 17.2877616882 8.84375762939
16948 111.756187439 42.4095802307 38.011554718
16949 113.302474976 47.5905075073 37.2864685059
16950 107.683303833 45.4405136108 37.8898506165
16951 122.462379456 -5.18524694443 7.3826508522
16952 99.0232696533 -100.377250671 25.6028747559
16953 99.7177734375 -104.109359741 29.9536952972
16954 98.7250213623 32.5422592163 6.37106180191
16955 173.604537964 -17.174074173 23.4312877655
16956 174.15574646 -18.1111412048 18.9840908051
16957 171.45664978 -16.1578636169 19.1706447601
16958 173.925384521 -14.7794923782 21.5367870331
16959 98.0390930176 -38.5405044556 46.4509010315
16960 74.8558273315 -53.9459190369 39.2314796448
16961 77.1099243164 -50.4716300964 39.4146690369
16962 71.5569839478 -49.3770141602 39.9302139282
16963 42.1031837463 -26.9263343811 7.22364854813
16964 42.0858802795 -31.5889701843 8.43946170807
16965 38.7878341675 -29.0440177917 6.81868124008
16966 76.9227371216 -49.9160652161 45.0167274475
16967 74.4810638428 0.248835250735 41.9642524719
16968 85.9505844116 -39.4849128723 5.28864717484
16969 96.3205413818 38.9816398621 45.8405075073
16970 93.4857025146 44.671836853 10.5110759735
16971 89.7405471802 -36.4052047729 9.85196781158
16972 109.698486328 45.6091194153 11.6312198639
16973 118.732376099 4.79868984222 8.43027305603
16974 104.378257751 28.5063819885 44.5986595154
16975 68.6511535645 15.775800705 8.52624702454
16976 114.867767334 81.4891433716 18.7986221313
16977 65.003036499 -91.5071334839 40.2799377441
16978 86.9465637207 -84.9564743042 16.2652130127
16979 43.41563797 -98.3637924194 36.8049430847
16980 36.7254333496 -98.2050323486 35.5470466614
16981 134.815826416 84.3767547607 33.9602088928
16982 137.215377808 65.2504043579 45.4813690186
16983 124.064170837 72.4416809082 44.2833633423
16984 78.0624694824 -53.2986679077 10.9079685211
16985 101.324920654 -80.105255127 41.3218650818
16986 80.5567245483 -101.134056091 27.074842453
16987 59.1622581482 -72.5377960205 37.3426856995
16988 14.1745510101 55.4538612366 44.3276367188
16989 20.6831760406 73.936958313 25.7850265503
16990 51.0472564697 -86.2341918945 32.9973602295
16991 57.9572906494 -90.862411499 35.8696327209
16992 178.1875 -2.18570208549 36.681060791
16993 40.5866279602 64.3571166992 34.9727210999
16994 40.5551490784 59.4281768799 36.5913505554
16995 34.0525398254 65.3414611816 34.1597518921
16996 77.3338012695 56.3894729614 42.9472770691
16997 63.350227356 -67.7710647583 37.8445892334
16998 13.1310930252 72.3064880371 21.8139762878
16999 40.375453949 -79.2729873657 13.2272815704
17000 52.9082794189 65.8468551636 6.75632286072
17001 84.6088027954 76.1579055786 9.94241046906
17002 84.4754638672 70.6137390137 14.7682762146
17003 78.5351409912 72.6208190918 6.03751468658
17004 73.8924407959 23.7613143921 9.76253795624
17005 71.9121398926 27.6285324097 5.3119225502
17006 65.6731338501 59.1738853455 43.6216087341
17007 59.7572364807 65.5823822021 41.4814376831
17008 86.9575271606 64.165725708 43.5562782288
17009 81.8581161499 -59.5336761475 33.5058937073
17010 159.641281128 71.3108825684 44.3405456543
17011 72.5346069336 -81.7148284912 14.1509599686
17012 71.7018737793 -90.6393280029 17.0319766998
17013 66.1864395142 -86.4592971802 15.9855451584
17014 62.4783401489 -93.325553894 19.7362728119
17015 67.775138855 -88.1703720093 22.8672428131
17016 66.1897201538 -93.1558303833 12.5286226273
17017 78.1405258179 -87.3042373657 33.7888679504
17018 188.182296753 -84.7532272339 36.7168540955
17019 153.436264038 66.7470779419 36.7143707275
17020 159.66986084 65.743270874 33.4796714783
17021 65.6063232422 47.1114883423 12.945309639
17022 58.5522537231 46.1360816956 13.5016851425
17023 62.5513916016 42.0645637512 12.3061857224
17024 175.958206177 -65.511756897 12.7200632095
17025 114.815597534 72.5953292847 44.1330795288
17026 121.190353394 80.6652145386 43.7018280029
17027 35.0784416199 -76.6621704102 12.9868354797
17028 49.4685325623 -80.6306381226 45.1114997864
17029 62.297542572 -78.5505599976 36.6746826172
17030 59.1536254883 -83.9931335449 34.188583374
17031 59.2800102234 -78.0230865479 12.6711587906
17032 58.4576225281 -55.9147872925 10.2540493011
17033 117.355232239 -58.950138092 11.1407957077
17034 119.893455505 -54.7520446777 10.6245660782
17035 122.565246582 -58.8723754883 11.3368186951
17036 26.1290283203 10.2213306427 42.7420654297
17037 83.6592788696 -80.6632766724 36.8222312927
17038 90.5596847534 -80.9822311401 34.4994735718
17039 88.8609237671 -88.0864028931 33.37474823
17040 53.3964996338 -71.7195129395 37.2855072021
17041 54.012752533 -79.8217544556 42.28855896
17042 120.815475464 -74.0348892212 45.0235366821
17043 82.7696075439 -75.0517196655 12.1608524323
17044 92.1517105103 79.3529663086 37.7872581482
17045 88.4509048462 71.6106872559 36.795879364
17046 96.7324905396 72.9703674316 38.2801971436
17047 89.6296157837 -76.1533432007 12.236866951
17048 81.2359390259 9.36403560638 36.1926765442
17049 26.7178936005 -5.36962556839 9.55645370483
17050 26.5562458038 -3.07896637917 5.47157049179
17051 129.694625854 78.9392547607 44.4691085815
17052 105.389228821 -28.2760639191 8.26386642456
17053 190.083755493 -56.4110336304 34.3480796814
17054 26.098487854 -1.03432261944 8.67945289612
17055 85.9773483276 -54.1538124084 38.9262580872
17056 90.8646240234 -53.8886871338 38.9271202087
17057 164.816604614 -66.1138076782 12.5450382233
17058 35.2173080444 57.1581497192 37.1252250671
17059 31.9397525787 -93.3801956177 12.0926599503
17060 33.3972015381 -92.8355865479 38.7244873047
17061 154.623748779 85.2022323608 19.3861465454
17062 96.1702575684 -54.3649597168 11.6288776398
17063 57.2663879395 -100.300956726 21.6604156494
17064 52.5163497925 -94.9493179321 21.1494636536
17065 138.219970703 -98.3120574951 38.2861976624
17066 119.768714905 -63.4658966064 11.197268486
17067 88.4483795166 -43.7905883789 10.2394571304
17068 97.1382446289 -86.4470825195 42.7225761414
17069 95.5001602173 -61.9394683838 41.2200813293
17070 95.3808364868 -80.3900527954 45.8492164612
17071 74.7030029297 -51.5041656494 13.3407468796
17072 72.5554885864 -54.1096420288 10.5666379929
17073 127.536506653 61.3396530151 6.65947628021
17074 76.7857971191 -48.508556366 10.3296966553
17075 10.4244937897 -78.1378479004 19.403421402
17076 68.6070022583 -35.3549003601 36.8079795837
17077 171.524154663 -16.1971111298 28.091506958
17078 92.6328048706 73.9558181763 30.0291786194
17079 95.5016326904 66.8239517212 33.6246376038
17080 105.295822144 77.3894271851 39.3411865234
17081 92.4679794312 62.8215904236 25.1923274994
17082 93.2086334229 70.087638855 20.2284679413
17083 177.713897705 78.4266433716 44.37059021
17084 145.450271606 -104.992164612 28.2947940826
17085 144.573867798 -100.491783142 23.1724128723
17086 41.1616821289 80.6883468628 25.1141986847
17087 166.530136108 -12.0999650955 43.5653381348
17088 61.3165168762 78.3424530029 39.0576820374
17089 160.567901611 81.4601135254 34.9679641724
17090 73.8756408691 -31.1414642334 12.8793067932
17091 109.140159607 -44.5134735107 40.6357841492
17092 55.0362510681 51.8527336121 18.3599643707
17093 32.3549346924 84.7516098022 18.4878311157
17094 126.274688721 78.7203979492 35.7930107117
17095 30.4612674713 -12.3939857483 16.6111011505
17096 159.096160889 86.9242095947 23.9134845734
17097 33.968372345 -41.3854255676 39.7293815613
17098 73.4894943237 84.333190918 18.4215507507
17099 37.9397277832 -43.5353736877 39.7273597717
17100 142.706619263 46.3835144043 37.6946105957
17101 137.955871582 79.4914016724 32.1870956421
17102 154.076629639 84.9173583984 28.0665225983
17103 154.015396118 47.8593292236 12.542304039
17104 149.800079346 43.8447647095 12.255446434
17105 92.3341903687 -21.5011615753 41.7528152466
17106 53.4053726196 76.2483978271 41.2511405945
17107 119.535881042 67.1008987427 21.0081672668
17108 117.670433044 66.9302139282 27.9200878143
17109 122.880363464 66.9802856445 33.5919075012
17110 34.0186309814 50.2476463318 37.9244537354
17111 69.3390045166 71.7107467651 12.9738368988
17112 25.2332439423 -5.20258617401 28.9350814819
17113 20.0546836853 24.2581806183 41.1006278992
17114 35.8639259338 11.4196395874 43.4115638733
17115 52.7798690796 29.6807689667 10.1335601807
17116 47.900680542 28.6073799133 10.048623085
17117 102.6042099 84.2866897583 15.7292394638
17118 132.922546387 71.7910919189 44.3380126953
17119 140.691055298 67.131401062 41.2496986389
17120 154.285079956 49.6683349609 37.4221687317
17121 146.798461914 52.3343086243 36.7415313721
17122 147.383468628 52.5968017578 43.5664787292
17123 158.571105957 58.6098899841 6.5217871666
17124 143.540237427 60.2476539612 35.1309547424
17125 108.372955322 59.1448249817 34.7506790161
17126 106.023544312 84.3890304565 22.8846321106
17127 120.404319763 84.6919021606 16.8000869751
17128 180.09046936 49.980796814 9.57123565674
17129 41.8394088745 65.5575561523 41.6707000732
17130 178.470550537 -0.76896828413 11.220708847
17131 176.452011108 1.62084114552 8.68614768982
17132 29.4329223633 59.6566009521 13.591963768
17133 32.5048217773 65.9507904053 8.20739364624
17134 43.7102928162 -61.6897315979 18.7008514404
17135 44.0331459045 -54.958316803 16.4998626709
17136 129.197692871 71.9900512695 19.7548904419
17137 133.293380737 32.7585830688 10.775683403
17138 53.4989433289 -34.7956504822 37.9957847595
17139 53.906452179 -37.3173751831 40.9145545959
17140 94.0199432373 72.934928894 11.8961305618
17141 149.586181641 76.4998550415 10.861582756
17142 55.0652503967 79.1574020386 17.4034042358
17143 157.580963135 72.3443756104 37.1249732971
17144 132.640487671 72.4326171875 37.3592147827
17145 131.45022583 64.6626968384 35.3158111572
17146 141.430725098 35.8536071777 10.6288309097
17147 140.543411255 41.1270027161 11.1172676086
17148 146.094512939 40.5708045959 11.7771606445
17149 142.535980225 50.7582817078 12.59395504
17150 137.809158325 47.1521644592 11.8657550812
17151 74.8617630005 -27.2092933655 11.7033481598
17152 128.807540894 48.4626617432 37.4973220825
17153 119.234359741 -7.01655387878 11.680478096
17154 99.7094955444 84.3969573975 21.8060016632
17155 52.2856483459 79.0411911011 11.0832471848
17156 41.8236656189 -23.7708492279 6.72521352768
17157 113.761825562 68.5419616699 14.2712335587
17158 91.4528961182 79.2714614868 12.9069604874
17159 161.35736084 33.0942802429 11.333527565
17160 165.833251953 37.42993927 11.2545137405
17161 103.079559326 -8.97452640533 7.87006235123
17162 44.5896720886 -25.1862030029 7.96975660324
17163 44.6669425964 -22.199048996 6.54770708084
17164 70.0486068726 -94.3545837402 23.7354602814
17165 17.2517051697 81.0405731201 16.1442050934
17166 75.1334075928 -93.8506851196 29.1120433807
17167 69.3685760498 -90.0708694458 29.6298675537
17168 67.1047515869 -32.1893539429 41.4877624512
17169 14.6459264755 11.4566221237 8.5201587677
17170 94.0047302246 -58.376335144 33.4467658997
17171 172.388031006 -3.84131288528 8.15485668182
17172 34.6341018677 -85.2877578735 14.8344945908
17173 91.594909668 -99.3272399902 13.3669452667
17174 10.3108139038 -61.6691398621 38.3348731995
17175 80.6033325195 -98.6867599487 10.7352714539
17176 174.932952881 -20.9959049225 6.25734376907
17177 26.076921463 -1.9421672821 45.4878234863
17178 28.795797348 -6.15495586395 10.8597984314
17179 146.168197632 -104.468955994 34.1890106201
17180 70.3173141479 -92.64503479 44.392868042
17181 191.159286499 -34.9598045349 30.2416534424
17182 120.763504028 9.86004066467 46.2874565125
17183 170.071731567 -9.37550735474 33.1060295105
17184 170.138778687 -6.94147634506 33.2811164856
17185 158.448303223 -32.105846405 41.574054718
17186 11.8768548965 -45.3910064697 9.52010440826
17187 9.27083587646 32.0581512451 30.1211147308
17188 121.846008301 -4.05348491669 42.2297325134
17189 119.519813538 -0.743706047535 41.6816101074
17190 126.983093262 9.07615280151 8.5001745224
17191 149.850219727 -0.51670062542 42.9114570618
17192 150.94682312 -3.79088973999 43.300491333
17193 138.791885376 0.705428063869 46.1088218689
17194 143.609466553 -12.0775756836 43.8068237305
17195 142.333709717 -20.7186031342 8.53389072418
17196 47.4748535156 -20.7976417542 6.30880498886
17197 47.8421058655 -11.3046360016 5.28247070312
17198 46.6093711853 -67.2752990723 12.5310649872
17199 50.4517211914 -63.8871154785 11.8761720657
17200 50.7780418396 -69.6919631958 12.4799585342
17201 125.540367126 3.97716188431 41.9043617249
17202 123.629676819 -0.641670048237 42.0607185364
17203 120.754898071 3.54729938507 41.9407615662
17204 146.121795654 -9.89319229126 43.4855804443
17205 122.626251221 -8.81609344482 7.30635786057
17206 41.8073997498 15.887834549 9.361784935
17207 172.655441284 -12.6722621918 18.5087394714
17208 135.032806396 -2.23369503021 7.31071186066
17209 163.291229248 -23.6709136963 44.3991966248
17210 129.09916687 4.25433731079 41.8871765137
17211 50.3685913086 43.9448509216 38.1594047546
17212 48.1567192078 5.74794626236 8.27620601654
17213 135.216049194 0.45726108551 42.1399002075
17214 191.3253479 48.8022575378 31.4763622284
17215 139.09703064 -23.4085464478 42.084690094
17216 150.530105591 -16.3718090057 6.82384490967
17217 143.392929077 -8.17352771759 3.22071576118
17218 147.492202759 -25.4290294647 45.5874557495
17219 67.0273284912 -18.5603046417 43.2563209534
17220 35.8141098022 11.8712205887 7.58648252487
17221 111.274864197 21.3421173096 9.13445091248
17222 151.207855225 -26.7793674469 41.3034362793
17223 151.783294678 -26.1344223022 45.6545829773
17224 146.64642334 15.7358570099 13.3610219955
17225 150.51260376 19.167263031 9.01875782013
17226 145.298797607 21.0777492523 9.87397766113
17227 140.50453186 -3.49561548233 42.5366516113
17228 102.452026367 -5.6067814827 3.80960607529
17229 53.4889793396 0.0391184724867 3.86792683601
17230 57.011882782 0.143483266234 7.95301246643
17231 53.1767845154 0.241266727448 7.64410734177
17232 53.8846969604 2.65082025528 45.8856925964
17233 141.905899048 1.79203188419 8.32375621796
17234 144.109375 -4.63183259964 6.86716794968
17235 166.754592896 -18.3371715546 44.6360969543
17236 103.79145813 -9.24608230591 42.3233909607
17237 158.517410278 -23.4532871246 43.9582443237
17238 61.2741546631 -6.47604942322 7.25984573364
17239 64.9522476196 -6.50847482681 7.43053007126
17240 71.2861251831 -96.718460083 39.810005188
17241 162.668670654 -38.9919471741 9.16817951202
17242 147.567993164 -71.7227401733 6.42081403732
17243 128.458831787 -62.4816055298 38.8410797119
17244 181.130554199 -93.3748855591 9.05770206451
17245 74.8348083496 3.64262747765 8.1540851593
17246 163.783950806 -20.4194698334 44.573677063
17247 69.0339584351 -13.0918226242 46.532989502
17248 77.9439926147 -29.443441391 8.17561340332
17249 92.8230285645 -9.34242343903 5.60596895218
17250 88.6455230713 -1.28461587429 7.57638263702
17251 88.4040756226 -1.27246570587 3.70710158348
17252 94.7484130859 -4.32473707199 42.1249885559
17253 94.2885665894 -3.96364974976 45.9999275208
17254 125.168899536 -3.64610028267 7.36777973175
17255 118.463783264 27.5769443512 39.5449295044
17256 95.2735595703 11.8299350739 8.65578460693
17257 90.6517944336 12.7067461014 8.97744750977
17258 153.119094849 -14.3796253204 44.2395706177
17259 109.481758118 29.8675022125 44.5497550964
17260 69.4278335571 -74.1365661621 12.5659837723
17261 62.9528541565 -2.75362062454 7.69165706635
17262 154.239212036 -67.6061019897 43.7048912048
17263 158.646606445 -35.9412193298 41.3017654419
17264 154.678894043 -33.3386802673 41.4661216736
17265 144.515472412 -3.50614571571 42.6254730225
17266 146.447250366 0.29047486186 42.0186004639
17267 129.387741089 2.35078716278 7.80384397507
17268 29.499835968 -8.68882083893 25.7039241791
17269 75.5004196167 66.7446746826 7.73416996002
17270 116.497917175 -17.1833496094 42.322883606
17271 106.95703125 -14.9733257294 46.2678642273
17272 125.783874512 -23.4212665558 42.0935249329
17273 122.588005066 -24.8566684723 41.9663047791
17274 115.708358765 -0.990733981133 46.1348953247
17275 139.557846069 -33.6832771301 45.3576889038
17276 104.748634338 4.18168926239 8.4255771637
17277 109.050674438 2.63510084152 7.85921573639
17278 91.0102233887 -1.43317687511 42.491317749
17279 109.537490845 -18.3539428711 7.10133695602
17280 103.433990479 -16.5192565918 42.5316886902
17281 103.75037384 -12.7223310471 42.3304786682
17282 100.76852417 -14.7239437103 42.382900238
17283 28.394235611 1.05330228806 44.8042755127
17284 43.5215110779 -10.7136449814 45.7502403259
17285 80.5014877319 9.17287254333 40.7139015198
17286 30.3092517853 0.574611365795 5.61479043961
17287 166.088562012 -41.9784698486 10.1390151978
17288 155.043182373 -19.0736103058 44.3333816528
17289 106.517120361 -14.4293146133 42.1284828186
17290 109.966773987 -17.3298358917 42.6271705627
17291 19.862203598 -47.561630249 41.1026306152
17292 75.8922042847 -6.81438064575 7.68243074417
17293 78.2486953735 -10.5442008972 3.6610956192
17294 92.1399612427 -14.7086668015 4.19767713547
17295 122.723731995 -9.22259235382 3.54461860657
17296 96.7882614136 -14.271780014 4.21678829193
17297 125.869735718 0.31591424346 8.06262969971
17298 128.609008789 -1.88085961342 7.37543678284
17299 122.395271301 -34.0742835999 45.3058242798
17300 109.115783691 -5.4767999649 7.37819576263
17301 112.534255981 -3.31723594666 3.79400062561
17302 39.3147697449 9.54616165161 7.25634002686
17303 44.7812423706 4.26641130447 43.6818275452
17304 87.8703613281 0.501786351204 42.2807388306
17305 71.1779937744 -1.57783973217 42.4786109924
17306 120.766540527 -8.01446151733 46.0352134705
17307 117.232521057 -9.35756015778 46.0953826904
17308 125.313941956 -68.8806991577 37.2838363647
17309 118.920860291 -69.0164642334 37.3762779236
17310 121.666007996 -63.7045707703 37.8894958496
17311 103.375999451 -20.6321601868 42.3159751892
17312 58.6994132996 -22.8302497864 43.7190628052
17313 9.03924846649 -92.2223739624 26.4706001282
17314 189.067169189 -99.9443435669 23.3866863251
17315 135.170410156 -58.3837509155 11.0376081467
17316 131.938308716 -62.4299430847 11.4280328751
17317 183.255432129 27.575958252 42.4806861877
17318 154.586410522 -24.8554153442 6.83231210709
17319 45.2704238892 -28.8413639069 8.77829933167
17320 175.160018921 27.4425086975 39.041633606
17321 183.275100708 31.8547363281 40.2635612488
17322 64.6912384033 0.462576776743 7.90139961243
17323 66.9443435669 3.39830803871 42.419883728
17324 70.6447982788 2.41093063354 42.0461158752
17325 69.8629150391 6.47356367111 41.6748771667
17326 168.741287231 -20.1718463898 44.7048988342
17327 47.6248474121 5.98753213882 41.8816070557
17328 171.11730957 11.1073045731 42.9551506042
17329 120.986991882 -8.46171379089 42.1802711487
17330 41.0704421997 15.9937181473 40.9155426025
17331 94.3338775635 16.2630729675 9.34887599945
17332 87.0454406738 26.1730442047 9.08724212646
17333 109.379898071 35.3417549133 10.876200676
17334 157.165176392 -8.13386249542 4.53855228424
17335 152.399765015 -18.7638206482 6.23689126968
17336 20.8510379791 -54.2721862793 39.4927330017
17337 102.410842896 -1.52630281448 7.85965871811
17338 102.16394043 1.62709343433 7.77840423584
17339 105.677284241 0.272882431746 7.85205221176
17340 122.231925964 -53.7290878296 39.1969032288
17341 170.891540527 28.2223968506 12.2763929367
17342 171.12008667 33.9032020569 11.2948627472
17343 33.2799530029 -15.9400224686 44.8461418152
17344 36.09608078 -13.2205762863 45.0800094604
17345 67.3134918213 -23.6061897278 8.13635349274
17346 64.4761428833 -21.2541217804 7.571788311
17347 111.694778442 7.36599254608 39.274105072
17348 111.891204834 9.93165016174 41.5780792236
17349 114.802185059 5.82246685028 41.5517044067
17350 116.426757812 10.6507368088 41.5187721252
17351 95.0907669067 -11.1017408371 42.4650421143
17352 187.047241211 42.472328186 16.3880577087
17353 189.764511108 54.4556007385 35.0503578186
17354 176.426345825 44.7264633179 14.1269378662
17355 153.022155762 -48.5820541382 9.82130146027
17356 153.061889648 -43.6496086121 9.66545009613
17357 146.501541138 -35.977684021 41.0964012146
17358 144.041107178 -33.1728057861 41.5056610107
17359 142.162231445 -36.6109580994 45.0162696838
17360 74.4672546387 -68.9962539673 12.5407218933
17361 113.504493713 13.9598321915 45.6014518738
17362 171.39414978 -16.0097846985 31.090139389
17363 129.406112671 -22.1112651825 42.3585777283
17364 129.464126587 -18.1125717163 42.6738739014
17365 44.1901473999 9.12918281555 41.7069969177
17366 117.570846558 -5.03711605072 45.6263618469
17367 77.9520950317 -10.8466005325 7.50446891785
17368 64.8095092773 -2.58146810532 42.6264381409
17369 54.1367111206 2.67858839035 41.9154243469
17370 89.9378433228 -4.45362997055 7.37522172928
17371 145.744857788 12.2288398743 40.5401268005
17372 154.766937256 -24.5512180328 42.942035675
17373 101.119918823 14.4996032715 40.9199714661
17374 105.07094574 15.6531600952 41.0003395081
17375 101.72454071 19.465549469 40.3673439026
17376 73.9142837524 -10.3062343597 7.70099782944
17377 84.2783889771 -7.58034658432 7.6241607666
17378 115.196052551 6.70092344284 8.45600318909
17379 82.760848999 2.88769769669 3.86891388893
17380 120.411300659 -75.6345825195 13.5472993851
17381 140.954101562 3.82055139542 41.8548774719
17382 143.618865967 8.09763431549 45.520324707
17383 79.5998001099 -13.8278055191 7.77606296539
17384 70.2746276855 78.7389526367 36.8791351318
17385 111.151489258 -15.1050281525 7.82543563843
17386 136.625839233 4.49523925781 37.5867271423
17387 101.869911194 -11.4570951462 44.605266571
17388 100.063865662 -22.9103660583 42.061832428
17389 99.6714782715 -18.7932338715 42.1887512207
17390 56.0134544373 -33.2381019592 8.68528747559
17391 53.9541435242 -37.4308815002 45.4764328003
17392 49.7341156006 -39.3832321167 9.10099983215
17393 48.6579017639 -43.0281524658 7.13983774185
17394 142.793289185 -28.2287425995 8.40900993347
17395 38.0826950073 6.50338220596 43.7763214111
17396 21.3759365082 5.22019863129 9.63072109222
17397 111.268966675 65.9058074951 26.2602500916
17398 69.1187820435 32.6310310364 5.70795440674
17399 95.678276062 82.0988311768 17.6641407013
17400 152.390441895 6.44989585876 41.8368263245
17401 151.282165527 10.7525196075 40.5519981384
17402 147.610168457 7.55831956863 40.9972267151
17403 102.673820496 57.8902702332 13.391207695
17404 112.677017212 -19.2763671875 42.7537841797
17405 122.232330322 -3.83445310593 46.0074195862
17406 95.4150238037 -43.8346595764 39.4420585632
17407 99.4587097168 -48.3340148926 44.1607971191
17408 102.654655457 -38.1781539917 40.7991027832
17409 42.8197631836 -7.84410619736 45.5026054382
17410 150.180328369 15.2040843964 40.633682251
17411 145.059158325 -45.2644767761 40.5402526855
17412 159.087478638 -9.91936588287 46.0851821899
17413 10.5153036118 -99.8561248779 35.5744590759
17414 148.76385498 -23.5303134918 7.9383687973
17415 139.334442139 -46.5678367615 44.6561698914
17416 151.254699707 -35.2167015076 41.1875801086
17417 98.3045883179 47.7044143677 11.1283044815
17418 96.8913803101 -6.74079608917 41.9011230469
17419 90.4013900757 -14.5925064087 42.2106742859
17420 87.5315933228 -7.78616523743 7.6053404808
17421 106.235359192 -7.55265426636 7.18204689026
17422 79.6967315674 49.4653778076 38.462223053
17423 78.8506393433 58.1575241089 36.460559845
17424 129.177490234 -2.85983324051 42.6069717407
17425 131.194015503 0.559499621391 46.0375442505
17426 64.7668457031 24.0695228577 9.7460975647
17427 55.979598999 26.5870361328 10.0036678314
17428 58.1485404968 31.1401042938 10.9425964355
17429 165.086517334 45.2771186829 37.3832626343
17430 159.762145996 41.0374717712 38.8501167297
17431 96.8020629883 7.11263656616 8.34075450897
17432 109.18850708 0.854014337063 41.7073783875
17433 100.023948669 78.0231323242 12.9518785477
17434 103.760398865 -99.9515762329 21.5887546539
17435 77.0062408447 45.6411399841 38.1071586609
17436 37.2606620789 23.0503787994 40.3964767456
17437 33.2365646362 20.9295940399 40.4397621155
17438 41.2487983704 -40.2856864929 8.99377441406
17439 41.9962234497 -41.3578872681 40.2183761597
17440 42.6738357544 -46.9084701538 40.4209060669
17441 46.9562606812 -43.1144828796 40.2327537537
17442 122.469612122 24.5893974304 10.0851621628
17443 74.4680252075 49.4723396301 37.2047309875
17444 140.357070923 -62.0069770813 38.2213478088
17445 146.137084961 -59.4926185608 38.8899078369
17446 158.226211548 -71.2990036011 37.558555603
17447 104.157554626 11.7570343018 36.6627082825
17448 86.5891494751 36.8017997742 35.0689353943
17449 91.6884841919 38.8801841736 38.0860748291
17450 60.9718704224 27.4019069672 10.3386831284
17451 132.53225708 -52.7145118713 39.4979743958
17452 129.258392334 -48.2192955017 40.1061134338
17453 142.707427979 0.430024474859 41.9133491516
17454 154.369903564 -37.9273033142 41.0002403259
17455 158.769851685 -40.9216194153 40.5317497253
17456 126.993347168 -13.3107032776 7.24313926697
17457 122.464653015 -29.7325649261 41.5758781433
17458 81.6871566772 30.1907978058 38.2534675598
17459 105.131843567 -24.9405040741 7.25427675247
17460 139.77923584 73.3443374634 36.7484931946
17461 151.581115723 -30.701007843 41.4961166382
17462 154.907089233 -29.2097797394 41.2302818298
17463 163.050689697 -27.1560611725 43.6754760742
17464 88.3471908569 4.75861930847 41.9118309021
17465 85.0614852905 39.8624992371 38.4859161377
17466 81.2067718506 0.662269711494 41.8949203491
17467 116.738769531 -13.7064056396 42.4865074158
17468 146.502960205 0.0447379201651 46.1320343018
17469 170.185165405 -10.2534828186 27.9050273895
17470 95.2127380371 19.4182910919 7.0177283287
17471 22.7755851746 -18.1493015289 31.3455219269
17472 37.5265350342 -38.326751709 4.5870513916
17473 72.0728988647 -27.8273563385 45.6554718018
17474 127.902305603 -99.3724365234 15.5675544739
17475 43.4401664734 25.661649704 10.2899808884
17476 59.4640884399 -3.51634669304 7.40097761154
17477 61.2336196899 0.57418102026 7.89318561554
17478 75.63646698 11.0845994949 8.53796672821
17479 162.000106812 24.2793922424 44.9403572083
17480 62.8156318665 4.60117387772 8.07314682007
17481 170.962234497 -17.6145915985 45.0245246887
17482 139.36390686 -28.5391788483 8.17715740204
17483 140.391525269 58.3531417847 13.214764595
17484 147.743484497 56.0461807251 11.9707279205
17485 148.344161987 50.2114486694 12.2999334335
17486 132.059402466 -3.90424060822 7.26595878601
17487 174.030792236 -17.2649841309 30.7363929749
17488 136.955795288 19.407989502 41.3914985657
17489 123.766059875 19.3669052124 45.3832054138
17490 113.280448914 13.8531894684 41.5015335083
17491 132.854934692 -10.2625322342 7.28422212601
17492 105.84677887 -4.19483184814 7.45703268051
17493 76.4699554443 19.4740543365 9.13375473022
17494 44.9743766785 9.09949111938 8.47734260559
17495 49.561668396 10.4879255295 9.24571323395
17496 97.2959976196 -23.3789310455 44.0311965942
17497 58.2438583374 71.0763549805 36.426361084
17498 50.1102752686 66.8694152832 35.4153671265
17499 49.8962554932 67.2753295898 42.1446304321
17500 91.973236084 -11.4165821075 42.408870697
17501 128.607498169 44.2630348206 11.8169145584
17502 115.520942688 3.03846096992 8.04393577576
17503 133.762069702 42.5903396606 12.0314912796
17504 160.789611816 76.6751480103 31.753868103
17505 159.811386108 -64.7953796387 37.8789634705
17506 165.217163086 -63.5003967285 38.0554199219
17507 59.6555519104 -43.1888389587 40.6987876892
17508 91.7985305786 -7.43773412704 7.37617063522
17509 89.8421173096 -19.0335655212 8.32513618469
17510 84.6054611206 -29.000328064 4.25730133057
17511 113.015701294 -3.4816429615 7.79268074036
17512 182.286132812 -0.250156521797 43.4792251587
17513 127.450752258 -25.4120445251 6.25307846069
17514 21.8543109894 -98.693572998 15.3918828964
17515 152.716567993 1.13448047638 6.5753993988
17516 73.5002365112 -44.3345489502 9.76491737366
17517 98.9993972778 -48.3801345825 38.8736572266
17518 93.5269012451 -49.3607406616 39.1102294922
17519 139.077331543 0.81346321106 41.9884529114
17520 173.070892334 78.0162734985 35.3800315857
17521 103.893135071 -46.7427368164 39.6450653076
17522 115.692054749 -9.89053440094 8.27685165405
17523 80.299659729 -20.4908504486 46.3825073242
17524 106.470161438 -18.0436706543 42.6974143982
17525 135.005386353 16.0628986359 41.1372566223
17526 113.369018555 -15.1853075027 42.1682243347
17527 47.1280441284 -17.4003448486 5.74384784698
17528 138.023162842 41.261592865 38.6265029907
17529 63.2561264038 32.2023849487 10.8725557327
17530 66.389831543 28.0269813538 9.91845226288
17531 152.973571777 -76.5646133423 12.3530397415
17532 159.068954468 -84.1087722778 15.6718683243
17533 159.371017456 -73.6853561401 12.3987045288
17534 10.0344104767 -49.2152023315 15.8607778549
17535 79.5445480347 11.0373649597 8.43687915802
17536 106.393211365 -49.5625457764 10.3748807907
17537 108.061149597 8.54501342773 41.6809768677
17538 161.979827881 -44.7926483154 9.98712539673
17539 147.78062439 -27.5428161621 8.52885341644
17540 16.2573661804 -32.6189994812 9.02233982086
17541 12.2559270859 -36.1257133484 9.40404510498
17542 52.6206741333 -76.8370285034 13.4249620438
17543 191.051513672 38.6938819885 42.8304595947
17544 182.908477783 36.6948776245 42.0831489563
17545 74.4854507446 -3.37373423576 42.394115448
17546 77.7580337524 -3.69735884666 7.76720333099
17547 34.1991119385 37.2746200562 38.7456245422
17548 64.5708618164 -43.778842926 40.071308136
17549 40.2751922607 -65.8679656982 11.909318924
17550 31.3720493317 -27.3280105591 44.4729042053
17551 106.889923096 -31.9194412231 45.6474723816
17552 99.7495956421 -10.0405769348 42.1370124817
17553 92.3029403687 15.0123910904 40.6287994385
17554 112.43913269 0.771038889885 7.96789598465
17555 90.9764328003 1.36328315735 7.78423881531
17556 80.2877960205 -20.6566886902 42.1445541382
17557 84.4579467773 10.1756658554 8.27958583832
17558 123.145317078 -21.5522823334 7.71812200546
17559 94.8660049438 -0.0783077403903 42.4428405762
17560 98.3698501587 1.69619750977 45.7893257141
17561 113.568534851 -48.4485015869 39.0627441406
17562 94.6108322144 -58.0118560791 39.0289268494
17563 104.621742249 -32.5916366577 8.09118270874
17564 139.522918701 26.9252910614 9.70378684998
17565 128.353149414 28.281375885 44.8950233459
17566 74.173576355 -3.49014806747 7.60740375519
17567 72.4408493042 0.387296438217 8.22501087189
17568 110.450881958 -44.1447906494 10.3810949326
17569 111.991645813 -49.4552459717 10.8547487259
17570 183.082504272 17.8459091187 40.2991256714
17571 152.752868652 2.42292881012 46.1617507935
17572 183.276657104 -18.4912261963 24.2879371643
17573 178.447525024 -46.277015686 9.67453765869
17574 106.508056641 29.3935203552 6.36601161957
17575 126.744827271 4.72262477875 8.216796875
17576 132.090545654 0.0731895416975 7.5686621666
17577 69.0700531006 24.4714412689 9.86061191559
17578 117.48361969 -9.53842067719 41.8289794922
17579 80.9470825195 18.1831760406 9.43793869019
17580 78.1142120361 14.7007389069 8.74255752563
17581 152.812561035 -2.40384793282 5.98867368698
17582 72.7962112427 7.80008220673 8.28250980377
17583 40.7300491333 -40.8629951477 14.0772237778
17584 103.656082153 -28.2519035339 45.5487251282
17585 104.487228394 -36.4932403564 8.60210895538
17586 110.70350647 -35.5074729919 40.478843689
17587 59.3989830017 -56.9940757751 44.3922576904
17588 130.352767944 24.6997108459 40.1591949463
17589 144.035766602 25.7847957611 9.67605686188
17590 131.412277222 14.7811832428 8.86203384399
17591 126.031913757 23.801815033 40.1842308044
17592 96.962348938 -53.2816085815 44.2362556458
17593 85.1547851562 -37.8095703125 42.8634910583
17594 66.6782455444 19.3610591888 8.96419620514
17595 9.36091136932 17.7851333618 34.0338439941
17596 41.1617851257 -75.2308197021 37.4877548218
17597 45.110206604 -82.7734451294 39.4971885681
17598 34.5281410217 -63.5640602112 12.0071659088
17599 98.7668075562 -59.3013153076 12.0435400009
17600 91.9081344604 -60.1649894714 11.1616287231
17601 88.6676712036 -97.1298599243 20.0245113373
17602 91.3991088867 -64.1877288818 39.1429595947
17603 64.8640823364 -47.5586700439 14.7248392105
17604 190.102005005 63.7001228333 23.4334144592
17605 153.855117798 54.3699150085 11.9841308594
17606 174.110412598 -1.94148385525 4.60656785965
17607 175.762481689 -0.533179283142 6.62813901901
17608 49.1245307922 20.0674133301 40.4782867432
17609 51.9179649353 20.5131206512 42.870300293
17610 55.965713501 25.7722167969 40.3243865967
17611 75.4514312744 -39.8592262268 10.3674507141
17612 95.8368148804 44.3942832947 43.7242774963
17613 139.220275879 -35.8653678894 7.31781196594
17614 162.615097046 14.2524738312 8.97478961945
17615 170.192352295 41.5769882202 38.1878585815
17616 66.6395492554 -48.901424408 40.2732810974
17617 163.75390625 75.6021652222 40.1970367432
17618 98.2230529785 -0.379505097866 7.5930891037
17619 65.7319488525 38.1067276001 11.2832183838
17620 47.8469810486 49.7866744995 12.6056489944
17621 51.1546440125 46.0410842896 12.6014852524
17622 154.64704895 4.74889945984 43.3724555969
17623 75.3535308838 40.0561676025 38.7235527039
17624 72.2984619141 43.5629310608 37.4259910583
17625 69.9033279419 37.9250068665 38.0399780273
17626 41.3841819763 -35.9444961548 8.70356273651
17627 37.6944961548 -34.0326576233 8.68448925018
17628 126.08846283 49.3300056458 12.5992832184
17629 128.862579346 55.6088790894 13.5073432922
17630 123.730575562 55.0807266235 13.409078598
17631 151.007125854 34.0084266663 39.317237854
17632 141.293502808 -29.4778804779 41.8672790527
17633 154.70223999 -37.4691886902 45.4174041748
17634 101.687278748 39.6995887756 10.2302932739
17635 131.107772827 7.93953084946 41.8965148926
17636 54.9101333618 -41.8298187256 40.4380645752
17637 84.7797470093 -94.6512145996 30.0987625122
17638 79.7190856934 -93.2564468384 38.5626373291
17639 85.3169174194 -92.6332855225 36.5769233704
17640 152.528900146 -20.8086795807 43.6902580261
17641 30.5425224304 10.7262964249 43.5108413696
17642 83.6301193237 22.4454784393 9.18688583374
17643 25.1941242218 -4.98821163177 25.8684062958
17644 88.1608581543 21.9239063263 9.32792949677
17645 119.444198608 -7.31653642654 7.6302485466
17646 158.797088623 12.0361337662 41.0936164856
17647 155.161621094 13.6004667282 40.6775779724
17648 143.454299927 25.9664154053 44.9471931458
17649 155.344497681 4.98256206512 7.74285268784
17650 73.7796325684 -31.5386219025 8.21363353729
17651 70.7874908447 -21.702955246 7.60480880737
17652 29.8778457642 -68.3746337891 38.0266151428
17653 46.9960899353 -76.5778808594 37.6488456726
17654 56.7745361328 53.3016891479 37.125453949
17655 41.7555732727 20.5646591187 40.3842277527
17656 45.0350914001 17.567949295 40.9248580933
17657 109.135421753 -1.40072584152 8.05050468445
17658 149.006347656 2.9396648407 41.8447494507
17659 79.681060791 -69.3968048096 12.4797058105
17660 43.2330322266 -51.4319114685 39.3868255615
17661 73.635635376 -63.1269950867 38.5953178406
17662 180.567108154 32.4817848206 10.5332250595
17663 140.207885742 -42.0980834961 39.9821586609
17664 57.7317657471 17.6206493378 40.6735534668
17665 54.7013893127 21.065826416 40.1265678406
17666 138.568695068 -66.7951660156 37.9887962341
17667 144.02973938 -65.8494262695 38.0804786682
17668 53.8422966003 -20.0288677216 41.9053001404
17669 79.1901245117 -94.1974563599 21.7308235168
17670 108.823669434 -53.5872879028 11.4806585312
17671 164.052093506 11.8097105026 42.425907135
17672 177.802520752 -2.55962300301 39.6619491577
17673 84.7804870605 17.5260295868 8.73419189453
17674 156.082870483 31.6244659424 39.3284263611
17675 142.96913147 26.1027011871 39.8676681519
17676 120.333824158 -12.3055181503 42.9082679749
17677 145.248092651 3.66632032394 41.5800552368
17678 143.58972168 7.88070392609 41.2833366394
17679 36.8231277466 -80.9127731323 35.8020210266
17680 106.71660614 4.30450725555 41.3993721008
17681 91.8994522095 -80.6122512817 12.989771843
17682 76.5512466431 -70.1769485474 37.46692276
17683 50.341217041 15.4085874557 9.52955818176
17684 44.8045654297 13.62059021 9.32372760773
17685 46.3548622131 17.7105350494 9.05752468109
17686 94.9565811157 4.34551429749 42.0135612488
17687 110.479026794 4.95084524155 41.387752533
17688 156.463409424 -10.9259309769 4.12572526932
17689 170.34928894 -13.3430528641 19.5149116516
17690 111.974716187 72.818611145 38.1830711365
17691 86.569984436 14.2928733826 8.10158634186
17692 82.353187561 14.5200309753 8.67461776733
17693 85.1854553223 17.6506958008 4.5357170105
17694 146.662322998 -20.005022049 8.05130195618
17695 51.1812362671 -44.2989845276 9.63763141632
17696 135.711975098 23.2189369202 9.72620105743
17697 110.390335083 29.8614025116 39.1863479614
17698 105.991416931 11.5952854156 6.5825252533
17699 86.878578186 58.4710235596 13.0360183716
17700 136.004455566 -43.1828651428 40.2732048035
17701 43.745426178 -71.8579711914 40.5888557434
17702 152.697113037 2.74349045753 42.4280090332
17703 77.0589065552 3.19762802124 37.7439727783
17704 124.113861084 -39.318901062 38.8365478516
17705 122.172294617 -33.4258079529 40.5948524475
17706 179.679244995 23.4084796906 13.1690626144
17707 42.3470344543 7.1894865036 7.24197483063
17708 70.7623291016 -31.3616600037 41.384185791
17709 71.2269821167 -96.6261062622 8.81488895416
17710 14.4749889374 45.4996681213 42.637878418
17711 161.496276855 30.1278190613 39.4110221863
17712 155.480209351 78.5779647827 15.3013010025
17713 165.367599487 78.9137420654 13.1900463104
17714 147.058746338 30.4096279144 39.2638549805
17715 135.193618774 23.1662597656 40.7439231873
17716 147.990158081 -32.3552131653 42.0766906738
17717 174.881973267 26.1224956512 11.8818798065
17718 33.5545578003 -40.9670562744 9.60867404938
17719 183.681991577 27.413854599 13.8945789337
17720 135.311401367 47.8018951416 37.283454895
17721 47.461479187 -1.32420516014 6.14263868332
17722 153.937561035 22.5480709076 9.53401374817
17723 158.308609009 20.0299510956 9.14458847046
17724 89.1093978882 39.9827613831 12.0131263733
17725 122.920814514 -12.3783302307 7.52288389206
17726 157.932907104 7.10046100616 43.5737953186
17727 133.887268066 53.6080245972 37.371925354
17728 140.682189941 52.6553497314 37.007774353
17729 102.760261536 17.3407917023 9.49070358276
17730 89.763343811 -44.5194969177 39.1436691284
17731 117.733383179 -81.9585113525 6.95728158951
17732 131.725372314 48.2490196228 12.5248508453
17733 186.268325806 0.378816634417 7.09497070312
17734 119.883911133 44.1812477112 36.6995391846
17735 77.4276504517 -58.9922065735 38.8155136108
17736 79.7982330322 -63.5300521851 38.7305641174
17737 113.692596436 -43.3687362671 40.180557251
17738 46.8394889832 -69.4565658569 37.4287261963
17739 49.9933280945 -64.7159194946 37.2176933289
17740 139.549819946 79.0038833618 12.1068220139
17741 131.023483276 38.6015663147 11.0343551636
17742 54.8778686523 34.1922988892 10.9485454559
17743 59.4255485535 35.568813324 11.5061235428
17744 92.6120681763 20.1678791046 9.41384124756
17745 133.590499878 19.2819309235 9.23360061646
17746 41.8087043762 -2.75655698776 4.81260156631
17747 98.8419876099 21.9351959229 40.3730888367
17748 96.7736129761 -14.7193241119 8.30573368073
17749 86.791053772 13.6162109375 4.34336471558
17750 141.139175415 22.078289032 4.79478120804
17751 165.322967529 -47.5022735596 10.0691270828
17752 140.743225098 -56.9793205261 6.00888586044
17753 167.617874146 -32.914894104 43.3255767822
17754 30.5976028442 -3.36145758629 44.8996315002
17755 133.346084595 28.6591186523 40.0736122131
17756 154.303604126 -33.6697616577 9.06023311615
17757 158.094589233 -20.1610507965 4.90748643875
17758 16.7583827972 75.4426651001 18.1867980957
17759 181.848709106 4.03996276855 7.68481016159
17760 57.8449516296 -67.0689239502 37.2942886353
17761 148.875045776 -44.3068580627 40.3681259155
17762 116.833358765 2.7555141449 41.8511314392
17763 61.9708557129 18.9028453827 8.35700511932
17764 170.837921143 19.066493988 39.8770828247
17765 112.275634766 5.12155485153 7.9544801712
17766 128.803878784 11.8533754349 41.4591369629
17767 57.9436073303 -38.9668502808 41.665309906
17768 43.4927940369 -5.73802852631 4.99401855469
17769 153.59614563 -74.2482223511 37.3257026672
17770 61.2397956848 -89.7613143921 30.3596878052
17771 58.5732650757 -87.0790557861 23.0732383728
17772 25.4670085907 -35.6737136841 9.81831455231
17773 170.288208008 -8.67236709595 25.6830921173
17774 190.831542969 20.1381626129 25.0510692596
17775 58.6387748718 -85.8711395264 16.6919250488
17776 64.775970459 -79.4136886597 14.387761116
17777 52.5265617371 -79.8623046875 35.1077156067
17778 125.309692383 -80.6475753784 35.8457641602
17779 92.1406326294 -48.0622673035 11.4359817505
17780 74.4020233154 -23.6474246979 7.80221128464
17781 106.505500793 -35.4439888 6.37137794495
17782 175.262832642 64.5373687744 17.3344154358
17783 169.573822021 36.3618125916 39.0094604492
17784 151.58404541 -12.3363742828 5.67011165619
17785 170.241638184 -10.2742767334 23.3935222626
17786 111.562393188 8.89179897308 8.28249645233
17787 111.267852783 13.2712221146 8.20857048035
17788 169.838500977 -12.0121669769 33.3514099121
17789 148.700027466 28.9027805328 10.0202732086
17790 29.0971603394 -10.3902606964 41.9021606445
17791 156.46434021 26.2856616974 39.8669319153
17792 44.9984893799 -13.1803674698 45.218952179
17793 85.0133361816 31.3435955048 41.3300666809
17794 87.3456878662 27.9821281433 44.3718070984
17795 64.2952651978 23.1839027405 40.2665710449
17796 182.666046143 22.7270832062 34.2516365051
17797 46.1367797852 -41.8710899353 9.66855144501
17798 60.0426101685 -60.4523658752 11.2259101868
17799 50.7228965759 49.7633361816 37.5732116699
17800 33.5970726013 26.071439743 39.9636268616
17801 41.0171966553 41.3419342041 11.1602745056
17802 148.998046875 19.3942947388 40.8706626892
17803 9.00378513336 19.2939796448 10.971997261
17804 37.8184165955 -43.3046836853 9.58844852448
17805 83.7301254272 -44.3966293335 9.75042533875
17806 100.260238647 9.58327007294 8.85826206207
17807 153.063430786 -44.1540031433 14.6728219986
17808 148.813583374 -44.4515457153 10.2260913849
17809 159.654434204 -60.8457527161 10.7573442459
17810 129.645980835 -31.8214168549 8.55104064941
17811 131.059524536 -62.724407196 15.7991542816
17812 110.063117981 -40.4461174011 40.4652786255
17813 114.229957581 -38.0445899963 40.3235244751
17814 128.188796997 -58.5592079163 11.3044309616
17815 48.0433311462 10.6489648819 41.22706604
17816 122.853691101 -49.3643989563 10.0754299164
17817 84.3619766235 -45.3315963745 39.9735488892
17818 59.4905776978 53.3700065613 13.2724523544
17819 185.071914673 27.4068431854 8.78987979889
17820 170.90637207 22.845041275 10.105969429
17821 20.7662391663 36.6837425232 7.10884189606
17822 9.83080673218 29.658039093 34.636341095
17823 30.5315990448 49.4074630737 12.638379097
17824 29.0239048004 42.0603866577 12.3246259689
17825 5.01458501816 -38.3791122437 12.7906484604
17826 9.59547328949 -53.80260849 10.2180042267
17827 147.482391357 -50.0644989014 10.0820741653
17828 134.987472534 -47.7733840942 39.944896698
17829 42.2399711609 -84.2557525635 34.3182868958
17830 72.1931762695 34.5873336792 39.2270736694
17831 65.0099029541 -58.1675300598 44.3980293274
17832 104.927322388 -42.1492538452 40.1968612671
17833 81.2242736816 -49.2300605774 10.8194999695
17834 35.0653915405 8.31061649323 43.989074707
17835 170.328857422 47.6357917786 12.8560056686
17836 176.196624756 51.2764587402 15.3811883926
17837 107.158363342 20.2960643768 40.9410820007
17838 57.9003486633 58.5923233032 36.4046440125
17839 155.383636475 40.9957580566 11.1348724365
17840 97.8691635132 -87.5575866699 16.5517044067
17841 94.2756576538 -94.3665313721 21.7811069489
17842 73.0060577393 9.05235862732 41.5144691467
17843 164.364959717 -71.7739868164 12.6035356522
17844 33.5082244873 -46.2490196228 10.7119207382
17845 185.072891235 48.0211296082 17.6057434082
17846 166.367507935 -46.0489883423 39.9725112915
17847 162.211166382 -43.2812805176 40.4216880798
17848 140.482452393 -24.7916908264 8.43405723572
17849 132.733413696 -32.0541687012 8.34607028961
17850 158.239807129 3.39539694786 5.95007133484
17851 96.2454528809 39.0298614502 12.485033989
17852 103.331596375 43.8144645691 12.0042543411
17853 119.136825562 18.9504089355 41.0433197021
17854 129.344833374 28.8876686096 9.93489265442
17855 125.056587219 29.2319984436 10.8979196548
17856 107.666847229 20.4204006195 9.66781711578
17857 41.8910369873 64.4648742676 15.1826343536
17858 170.411346436 -50.2277297974 11.1424665451
17859 175.522399902 -54.6609535217 11.7373561859
17860 171.009246826 -57.3583641052 11.8558197021
17861 29.4445915222 29.1765136719 38.7390937805
17862 186.305435181 64.742401123 30.6837425232
17863 190.005081177 59.1071357727 38.8632545471
17864 104.621688843 36.0458068848 10.3073205948
17865 120.986587524 23.9884471893 39.9200401306
17866 52.1506652832 29.0319519043 40.0136985779
17867 37.6439590454 28.9300174713 39.4632949829
17868 38.6239089966 33.5275115967 43.925819397
17869 129.862350464 -20.7048454285 7.91485309601
17870 168.940933228 -6.83316278458 45.2761077881
17871 154.243789673 -38.762424469 9.74386978149
17872 38.5811805725 24.5588970184 10.1414585114
17873 119.417572021 -58.6181221008 38.7782783508
17874 125.422027588 -58.2872085571 38.5921783447
17875 14.9469089508 28.490814209 36.0266227722
17876 42.2350616455 24.7824077606 39.8725013733
17877 103.050575256 -30.8914375305 43.3367652893
17878 67.2773590088 -39.8333320618 40.5182571411
17879 38.7276039124 30.2646865845 10.5444135666
17880 136.809387207 -53.2714195251 10.9506206512
17881 125.681663513 61.3524856567 36.4143409729
17882 131.450714111 23.8347206116 9.83561611176
17883 42.3825836182 21.5461387634 9.51780033112
17884 28.7123413086 -67.8744049072 11.3356542587
17885 25.0783691406 -40.6254730225 10.9892606735
17886 154.597625732 43.1322593689 37.8166694641
17887 148.111740112 45.323184967 37.2649497986
17888 29.6537513733 -12.7850437164 36.6149673462
17889 71.8133926392 60.6873664856 36.6349411011
17890 113.547706604 53.9726295471 37.8588142395
17891 151.770355225 -7.77454662323 44.2862243652
17892 30.8437957764 -9.93936347961 45.0405464172
17893 55.1284790039 -24.070514679 41.8957061768
17894 180.336990356 26.5813655853 9.06358718872
17895 190.159454346 24.3947429657 14.5340690613
17896 170.422058105 18.5408725739 9.34596443176
17897 75.6910171509 29.9332141876 39.3423233032
17898 125.070587158 -53.8885345459 10.7858724594
17899 103.052574158 24.3073368073 40.4626960754
17900 108.092483521 25.8848075867 40.2164535522
17901 125.758110046 -43.770401001 40.2027320862
17902 52.2181510925 -27.5320568085 41.4700965881
17903 42.331035614 -45.4270248413 9.96963500977
17904 34.9135780334 65.593170166 16.8775806427
17905 19.1600894928 51.5647468567 40.3623046875
17906 58.3674354553 22.037815094 40.0907249451
17907 33.3330459595 -3.93681812286 44.877532959
17908 174.542541504 33.0435028076 39.1509361267
17909 144.576065063 21.8953533173 40.429485321
17910 45.6166801453 22.2562141418 40.3581809998
17911 83.5193634033 -14.3518447876 8.00651073456
17912 42.8909416199 70.5690612793 36.9645118713
17913 112.375869751 49.8783302307 12.5773496628
17914 104.463233948 43.9109077454 18.1923046112
17915 104.751853943 50.9901733398 14.1650590897
17916 45.8406982422 61.8695755005 36.8167114258
17917 92.6351928711 -24.5796318054 5.96299362183
17918 56.6598052979 5.80593776703 41.5078125
17919 111.82736969 16.9182186127 8.55363464355
17920 110.742485046 16.6630153656 40.9735069275
17921 170.446289062 30.9521827698 39.1346588135
17922 59.096912384 23.2235183716 9.44265937805
17923 37.0964927673 -38.7906074524 9.48100852966
17924 171.121917725 -44.9847831726 10.4925470352
17925 174.571334839 -47.9523735046 11.2065076828
17926 66.4712371826 -73.8537521362 37.6175575256
17927 150.414978027 -30.2014083862 9.41572666168
17928 118.835678101 38.9890556335 11.9826498032
17929 119.162117004 31.9250297546 8.85890769958
17930 136.256378174 59.7568664551 35.4038009644
17931 170.230392456 41.8085746765 12.6657419205
17932 166.208511353 30.7394275665 11.3921394348
17933 120.124763489 59.7405395508 34.7697143555
17934 120.341491699 32.0743255615 38.9378509521
17935 126.463371277 32.4718894958 39.6492919922
17936 149.305267334 -11.1093854904 43.1783561707
17937 119.692314148 49.6795005798 12.5146627426
17938 94.2637176514 79.8000946045 30.6394443512
17939 145.87562561 34.9599113464 39.1277999878
17940 151.540267944 14.7779436111 9.07021903992
17941 170.793533325 -34.5007553101 42.2148742676
17942 170.061828613 -10.1438398361 7.68558216095
17943 93.1593704224 -32.3424949646 9.2888841629
17944 33.8267211914 16.3118495941 40.9744720459
17945 55.695941925 40.4802360535 11.3450574875
17946 103.743110657 28.3135986328 39.0524406433
17947 65.8438568115 28.4813976288 39.4479026794
17948 189.151657104 36.7286720276 37.7996330261
17949 41.2235603333 -9.73861980438 45.9159660339
17950 130.207443237 6.26070785522 12.2592182159
17951 41.5440483093 11.8061408997 40.89686203
17952 67.7252426147 -0.484705209732 42.4243888855
17953 84.5442047119 18.9568634033 40.7345314026
17954 119.048431396 24.028213501 7.58772277832
17955 113.495002747 25.7916812897 39.8251914978
17956 41.8483848572 -35.9261703491 40.6217346191
17957 46.5681610107 -73.88671875 18.89544487
17958 113.085823059 39.5667457581 11.9118375778
17959 157.707092285 21.092634201 40.191444397
17960 38.7585868835 -59.3646850586 11.1371126175
17961 45.9010162354 -91.3681030273 37.3405342102
17962 39.2923812866 -90.6035919189 35.7442817688
17963 94.4200363159 44.7513961792 37.3202590942
17964 97.3528747559 38.5606880188 39.7127532959
17965 140.457794189 -56.1283378601 12.0276937485
17966 177.897415161 4.21570968628 5.94454050064
17967 89.1075592041 -66.028717041 12.000837326
17968 165.565612793 -4.23497772217 45.0421142578
17969 52.9935836792 -3.1974811554 43.2980117798
17970 79.0858459473 34.8187408447 39.1369628906
17971 24.6257247925 -70.7039489746 11.3194541931
17972 115.038299561 -76.5886383057 12.8112401962
17973 80.2627410889 -99.3279953003 17.402759552
17974 133.61050415 -86.388420105 33.9732475281
17975 149.923706055 -5.37511825562 7.04757261276
17976 48.5204772949 73.1407699585 38.1929702759
17977 174.928955078 19.8261566162 11.159160614
17978 38.748840332 -13.9039468765 45.5823402405
17979 140.583145142 22.6895446777 40.4733772278
17980 44.4555778503 -57.9606971741 38.6432342529
17981 103.571311951 6.84204244614 41.516418457
17982 143.886047363 25.7742919922 14.701007843
17983 36.8339996338 85.2080535889 28.4615039825
17984 58.6994857788 -99.006439209 14.4096317291
17985 49.8829803467 -5.08105945587 42.7968673706
17986 51.0575180054 2.98662018776 7.8914513588
17987 64.0566711426 37.0276412964 38.9942970276
17988 92.1143035889 6.5014834404 41.5208244324
17989 98.1643753052 78.6304168701 34.2350311279
17990 34.9065551758 38.485408783 10.6639785767
17991 162.062072754 6.7463850975 43.5907783508
17992 189.094802856 69.2747192383 11.9066228867
17993 110.180335999 -52.035900116 38.5131759644
17994 5.03026628494 -57.3414573669 33.6276741028
17995 11.7137393951 2.18339347839 29.2699966431
17996 161.883026123 27.7783088684 10.1117286682
17997 72.0652542114 -6.7731461525 11.4427909851
17998 64.3026199341 7.73054790497 8.32456684113
17999 133.911010742 78.5719680786 37.0750541687
18000 142.86505127 -51.0909233093 39.5096168518
18001 40.2386398315 -0.442888408899 5.13291025162
18002 74.1362228394 14.721116066 8.84870624542
18003 151.744766235 27.5679073334 39.7280158997
18004 153.059860229 23.5976676941 40.3569145203
18005 134.922103882 28.3929538727 10.0165138245
18006 132.798522949 3.78536653519 7.99756288528
18007 47.831489563 -83.1705627441 19.6931533813
18008 166.125030518 71.2960510254 36.732673645
18009 165.863265991 72.9209289551 30.0449981689
18010 126.98575592 -53.4206886292 39.2666397095
18011 136.830749512 32.2725753784 39.1830291748
18012 154.392807007 -9.6253452301 5.05479478836
18013 68.8711700439 43.0026855469 12.3323717117
18014 105.905281067 34.0423965454 39.9816246033
18015 150.21270752 -57.4409866333 38.8316879272
18016 177.640563965 -90.4548492432 38.1895027161
18017 130.274673462 -57.8478889465 38.8716583252
18018 57.416885376 30.1197948456 39.87915802
18019 162.035232544 24.1411838531 39.8410873413
18020 107.422225952 40.4717063904 11.2839021683
18021 147.44128418 63.0208282471 12.8759775162
18022 174.837280273 -39.9488601685 39.4450187683
18023 116.12487793 -54.3339118958 38.7961502075
18024 103.558349609 -51.3045005798 37.2848205566
18025 39.8266487122 35.024356842 11.2074317932
18026 170.947067261 -42.674823761 39.7408752441
18027 123.533638 27.5753746033 39.7960586548
18028 31.4614925385 -0.4621514678 44.8502197266
18029 142.852523804 -71.7928695679 37.7463760376
18030 127.543800354 34.1630897522 10.6067962646
18031 174.631103516 -32.5003700256 42.5193901062
18032 86.6135787964 -59.2447052002 16.7835693359
18033 86.1891174316 -59.0629310608 11.1751832962
18034 26.350528717 -2.73020625114 28.1106929779
18035 123.900192261 -101.348205566 29.8817062378
18036 130.773254395 -99.8989562988 21.1005840302
18037 147.562927246 -76.8326263428 37.498790741
18038 130.651123047 -73.5508270264 31.0772819519
18039 12.1901521683 70.3615264893 13.1995515823
18040 148.121429443 -69.6709671021 37.5953330994
18041 164.382995605 10.7360668182 6.93126010895
18042 178.887756348 19.8817443848 38.9582023621
18043 147.707977295 -71.3525619507 12.7783718109
18044 65.7158737183 41.4521217346 39.2223930359
18045 16.2341804504 -69.8589935303 39.0125236511
18046 25.0270080566 -71.9383544922 36.4528656006
18047 150.272766113 39.3370323181 38.7891120911
18048 132.138839722 -91.556098938 37.1248207092
18049 53.2679100037 -54.2923126221 10.6223134995
18050 149.740615845 -62.950958252 38.8121490479
18051 170.520629883 -7.13362598419 36.5046043396
18052 170.303451538 -4.48656225204 43.7894592285
18053 189.61050415 59.5297851562 29.8816051483
18054 106.242523193 -36.9666061401 40.3727340698
18055 49.991443634 38.8927154541 11.2625637054
18056 14.5208940506 47.6406021118 37.2516860962
18057 24.6779193878 -48.4068374634 38.9801750183
18058 81.0144424438 -58.9004364014 10.9538478851
18059 24.3066806793 32.1282424927 38.482170105
18060 171.089782715 -48.7053909302 38.8428001404
18061 120.348297119 76.979637146 31.7200489044
18062 101.898765564 58.3025665283 20.3374023438
18063 184.110229492 76.3596725464 27.0821323395
18064 170.974380493 -62.9665489197 11.6749477386
18065 174.349197388 -42.1765556335 10.8124761581
18066 175.751251221 -60.2086143494 11.4808483124
18067 163.090866089 7.82742023468 6.348279953
18068 150.144607544 -59.9863433838 11.1214570999
18069 166.433410645 -99.7181091309 29.6508274078
18070 10.4676389694 -66.9569778442 40.2074165344
18071 7.47228336334 -66.3181991577 35.8139686584
18072 113.577774048 -58.514251709 39.0590744019
18073 139.877548218 35.7893638611 38.5825614929
18074 97.8838882446 53.8380432129 12.8698644638
18075 21.167093277 18.7793693542 8.29043197632
18076 30.4079341888 -99.4713973999 15.9316921234
18077 60.7478027344 64.2432632446 32.8436088562
18078 56.0361595154 -65.8659973145 11.7412919998
18079 155.614990234 37.9589767456 38.9097290039
18080 39.827331543 53.3061447144 36.9210243225
18081 175.477157593 -45.5123023987 38.6178703308
18082 71.9983444214 -6.85521030426 7.56963682175
18083 71.2765426636 48.3270835876 12.5887527466
18084 54.0106391907 -60.7293395996 11.7397861481
18085 127.812522888 28.4372768402 39.3196678162
18086 10.4512491226 -59.5434074402 9.95280170441
18087 28.8802909851 -73.9886703491 12.0816488266
18088 80.3236541748 -79.7948074341 12.547454834
18089 70.7746582031 -91.5325317383 36.5110359192
18090 10.0548505783 50.4294433594 20.9208126068
18091 101.752105713 42.913684845 37.5193710327
18092 101.153152466 32.5092773438 38.9219551086
18093 68.5583648682 31.9209308624 11.4816455841
18094 67.4646987915 53.2572402954 12.9411325455
18095 10.5437421799 75.3294448853 34.5109901428
18096 117.020271301 -30.7837047577 8.83418941498
18097 79.0144500732 3.41458415985 12.2739372253
18098 44.7097206116 -98.25831604 16.1140327454
18099 137.304779053 -71.9105377197 37.2645225525
18100 114.320404053 -54.3590126038 11.0306091309
18101 133.324264526 61.5348129272 14.3105573654
18102 115.292694092 -45.0423316956 9.9899225235
18103 114.271095276 54.7309036255 31.511472702
18104 142.266555786 17.6343688965 9.32692909241
18105 146.49911499 -31.4127426147 9.56688213348
18106 145.171798706 -77.3634338379 15.3079833984
18107 159.274108887 -6.97628116608 3.98210024834
18108 177.89276123 -2.72243523598 7.36785554886
18109 71.3047943115 60.5968971252 14.7585430145
18110 172.184814453 79.9348068237 26.6255645752
18111 141.183166504 21.7011547089 9.57703304291
18112 64.9695739746 16.0728721619 8.77969169617
18113 92.05859375 -39.4883804321 39.9585647583
18114 17.7013626099 -2.36170196533 42.0440139771
18115 48.752822876 14.5960197449 40.9976806641
18116 25.073217392 -41.7765083313 39.3463745117
18117 128.649749756 -9.52434635162 7.50496244431
18118 101.099136353 -35.1397132874 8.79765033722
18119 9.51048469543 -57.1039733887 16.4669704437
18120 40.5649452209 -84.285446167 15.102848053
18121 185.245864868 -81.4589538574 28.0350589752
18122 41.5313529968 -31.9194278717 41.1090316772
18123 167.926849365 -9.05464172363 43.2645988464
18124 149.904724121 79.6823883057 30.7973461151
18125 155.791046143 -62.5597229004 38.184261322
18126 69.6904983521 10.2560844421 41.5466156006
18127 57.8992996216 -92.2676773071 12.2669000626
18128 123.914115906 64.3724594116 27.162399292
18129 98.188041687 -80.9452285767 13.248506546
18130 167.781707764 79.5881729126 20.500328064
18131 175.994232178 72.8705596924 19.7988853455
18132 67.6256256104 -63.9818611145 38.0854682922
18133 53.4832992554 -36.2288742065 8.77617263794
18134 9.94103145599 38.5674209595 13.9802875519
18135 95.9856643677 -87.1415252686 33.6101570129
18136 65.1458435059 72.9387512207 33.0838050842
18137 102.611221313 -5.5041885376 7.88781929016
18138 159.860580444 35.1778297424 38.5889129639
18139 160.46635437 -49.8752098083 10.7872514725
18140 190.511764526 -72.9618911743 34.3348655701
18141 123.319267273 -80.8129196167 14.200003624
18142 91.513633728 -27.8027648926 8.92973327637
18143 50.2190437317 23.9827251434 40.3308677673
18144 86.8066482544 -76.023399353 36.7771224976
18145 127.095458984 -22.9906826019 8.33280563354
18146 186.818344116 -80.1571884155 20.5899734497
18147 113.350494385 -98.7878952026 13.3197498322
18148 79.2336120605 59.5547180176 14.7825269699
18149 26.2068271637 -17.6163520813 14.101650238
18150 9.46434020996 11.6927146912 27.3610534668
18151 180.127990723 0.0893897488713 6.45579624176
18152 176.407180786 37.3578453064 13.6594352722
18153 28.9431056976 -68.1130371094 17.6000595093
18154 149.098983765 -7.00847911835 42.7818069458
18155 102.808486938 31.5293903351 11.3013553619
18156 96.6862487793 -53.3242721558 37.8343391418
18157 166.100402832 -51.5187339783 38.8503952026
18158 99.1261520386 13.6695194244 9.25563526154
18159 135.677139282 -78.2810134888 34.8500556946
18160 10.5042924881 -22.3554439545 11.1817770004
18161 182.710708618 -85.9295501709 32.3843612671
18162 86.7480163574 2.04741287231 8.20026779175
18163 130.206863403 63.9282417297 28.5472888947
18164 157.685913086 25.41355896 9.96886253357
18165 154.021697998 -67.9696578979 37.5233688354
18166 38.385219574 25.1479263306 14.8991565704
18167 152.235351562 -53.2776451111 11.3438053131
18168 106.780418396 -11.2761459351 42.1464042664
18169 68.4941711426 -6.58388185501 7.65719366074
18170 77.3148956299 -1.31463694572 41.9433174133
18171 45.2605895996 22.8133735657 35.4388084412
18172 116.57106781 -58.8713378906 16.659866333
18173 117.06879425 3.00881958008 37.7078514099
18174 92.8107757568 55.1987075806 13.3105859756
18175 156.83682251 30.2967567444 15.8511333466
18176 155.731460571 -57.0666236877 11.3969621658
18177 156.288970947 35.2870292664 11.2987985611
18178 55.3859100342 26.9300498962 14.950553894
18179 59.0362739563 -56.0203170776 38.6240234375
18180 165.263198853 50.0053520203 12.8617267609
