step,displacement_mm,cmod_mm,external_work_Nmm,elastic_energy_Nmm,damage_dissipation_Nmm,energy_balance_error_Nmm
1,5.000000000e-05,2.319508807e-05,2.446262423e-04,2.446262423e-04,0.000000000e+00,-1.829970637e-15
2,1.000000000e-04,4.639017615e-05,9.785049693e-04,9.785049693e-04,0.000000000e+00,-7.246590480e-15
3,1.500000000e-04,6.958526422e-05,2.201636181e-03,2.201636181e-03,0.000000000e+00,-1.614160194e-14
4,2.000000000e-04,9.278035230e-05,3.914019877e-03,3.914019877e-03,0.000000000e+00,-2.857002829e-14
5,2.500000000e-04,1.159754404e-04,6.115656058e-03,6.115656058e-03,0.000000000e+00,-4.467086423e-14
6,3.000000000e-04,1.391705284e-04,8.806544723e-03,8.806544724e-03,0.000000000e+00,-6.416568665e-14
7,3.500000000e-04,1.623656165e-04,1.198668587e-02,1.198668587e-02,0.000000000e+00,-8.729128531e-14
8,4.000000000e-04,1.855607046e-04,1.565607951e-02,1.565607951e-02,0.000000000e+00,-1.140060268e-13
9,4.500000000e-04,2.087557927e-04,1.981472563e-02,1.981472563e-02,0.000000000e+00,-1.434373453e-13
10,5.000000000e-04,2.319508807e-04,2.446262423e-02,2.446262423e-02,0.000000000e+00,-1.759148383e-13
11,5.500000000e-04,2.551459688e-04,2.959977532e-02,2.959977532e-02,0.000000000e+00,-2.126805676e-13
12,6.000000000e-04,2.783410569e-04,3.522617889e-02,3.522617889e-02,0.000000000e+00,-2.531308496e-13
13,6.500000000e-04,3.015361450e-04,4.134183495e-02,4.134183495e-02,0.000000000e+00,-2.963601586e-13
14,7.000000000e-04,3.247312330e-04,4.794674349e-02,4.794674349e-02,0.000000000e+00,-3.427744200e-13
15,7.500000000e-04,3.479263211e-04,5.504090452e-02,5.504090452e-02,0.000000000e+00,-3.937059012e-13
16,8.000000000e-04,3.711214092e-04,6.262431803e-02,6.262431803e-02,0.000000000e+00,-4.486133687e-13
17,8.500000000e-04,3.943164973e-04,7.069698403e-02,7.069698403e-02,0.000000000e+00,-5.076078446e-13
18,9.000000000e-04,4.175115853e-04,7.925890251e-02,7.925890251e-02,0.000000000e+00,-5.708766793e-13
19,9.500000000e-04,4.407066734e-04,8.831007348e-02,8.831007348e-02,0.000000000e+00,-6.368655603e-13
20,1.000000000e-03,4.639017615e-04,9.785049693e-02,9.785049693e-02,0.000000000e+00,-7.076145225e-13
21,1.050000000e-03,4.870968496e-04,1.078801729e-01,1.078801729e-01,0.000000000e+00,-7.828460102e-13
22,1.100000000e-03,5.102919376e-04,1.183991013e-01,1.183991013e-01,0.000000000e+00,-8.605199886e-13
23,1.150000000e-03,5.334870257e-04,1.294072822e-01,1.294072822e-01,0.000000000e+00,-9.415523916e-13
24,1.200000000e-03,5.566821138e-04,1.409047156e-01,1.409047156e-01,0.000000000e+00,-1.025762808e-12
25,1.250000000e-03,5.798772019e-04,1.528914014e-01,1.528914015e-01,0.000000000e+00,-1.113331649e-12
26,1.300000000e-03,6.030722899e-04,1.653673398e-01,1.653673398e-01,0.000000000e+00,-1.205313627e-12
27,1.350000000e-03,6.262673780e-04,1.783325307e-01,1.783325307e-01,0.000000000e+00,-1.300876074e-12
28,1.400000000e-03,6.494624661e-04,1.917869740e-01,1.917869740e-01,0.000000000e+00,-1.399130811e-12
29,1.450000000e-03,6.726575542e-04,2.057306698e-01,2.057306698e-01,0.000000000e+00,-1.501271329e-12
30,1.500000000e-03,6.958526422e-04,2.201636181e-01,2.201636181e-01,0.000000000e+00,-1.605743316e-12
31,1.550000000e-03,7.190477303e-04,2.350858189e-01,2.350858189e-01,0.000000000e+00,-1.713545972e-12
32,1.600000000e-03,7.422428184e-04,2.504972721e-01,2.504972721e-01,0.000000000e+00,-1.823874385e-12
33,1.650000000e-03,7.654379065e-04,2.663979779e-01,2.663979779e-01,0.000000000e+00,-1.937783267e-12
34,1.700000000e-03,7.886329945e-04,2.827879361e-01,2.827879361e-01,0.000000000e+00,-2.056799175e-12
35,1.750000000e-03,8.118280826e-04,2.996671468e-01,2.996671468e-01,0.000000000e+00,-2.181810288e-12
36,1.800000000e-03,8.350231707e-04,3.170356100e-01,3.170356100e-01,0.000000000e+00,-2.310707181e-12
37,1.850000000e-03,8.582182588e-04,3.348933257e-01,3.348933257e-01,0.000000000e+00,-2.441713498e-12
38,1.900000000e-03,8.814133468e-04,3.532402939e-01,3.532402939e-01,0.000000000e+00,-2.576105995e-12
39,1.950000000e-03,9.046084349e-04,3.720765146e-01,3.720765146e-01,0.000000000e+00,-2.712441383e-12
40,2.000000000e-03,9.278035230e-04,3.914019877e-01,3.914019877e-01,0.000000000e+00,-2.853217662e-12
41,2.050000000e-03,9.509986110e-04,4.112167133e-01,4.112167133e-01,0.000000000e+00,-2.998545856e-12
42,2.100000000e-03,9.741936991e-04,4.315206915e-01,4.315206915e-01,0.000000000e+00,-3.142264227e-12
43,2.150000000e-03,9.973887872e-04,4.523139220e-01,4.523139221e-01,0.000000000e+00,-3.292865980e-12
44,2.200000000e-03,1.020583875e-03,4.735964051e-01,4.735964051e-01,0.000000000e+00,-3.446076757e-12
45,2.250000000e-03,1.043778963e-03,4.953681407e-01,4.953681407e-01,0.000000000e+00,-3.600508780e-12
46,2.300000000e-03,1.066974051e-03,5.176291287e-01,5.176291288e-01,0.000000000e+00,-3.759437206e-12
47,2.350000000e-03,1.090169139e-03,5.403793693e-01,5.403793693e-01,0.000000000e+00,-3.920752611e-12
48,2.400000000e-03,1.113364228e-03,5.636188623e-01,5.636188623e-01,0.000000000e+00,-4.086619931e-12
49,2.450000000e-03,1.136559316e-03,5.873476078e-01,5.873476078e-01,0.000000000e+00,-4.252931340e-12
50,2.500000000e-03,1.159754404e-03,6.115656058e-01,6.115656058e-01,0.000000000e+00,-4.426570221e-12
51,2.550000000e-03,1.182949492e-03,6.362728563e-01,6.362728563e-01,0.000000000e+00,-4.605427151e-12
52,2.600000000e-03,1.206144580e-03,6.614693592e-01,6.614693592e-01,0.000000000e+00,-4.790057240e-12
53,2.650000000e-03,1.229339668e-03,6.871551147e-01,6.871551147e-01,0.000000000e+00,-4.976352663e-12
54,2.700000000e-03,1.252534756e-03,7.133301226e-01,7.133301226e-01,0.000000000e+00,-5.164757511e-12
55,2.750000000e-03,1.275729844e-03,7.399943830e-01,7.399943830e-01,0.000000000e+00,-5.359046540e-12
56,2.800000000e-03,1.298924932e-03,7.671478959e-01,7.671478959e-01,0.000000000e+00,-5.554334770e-12
57,2.850000000e-03,1.322120020e-03,7.947906613e-01,7.947906613e-01,0.000000000e+00,-5.750622201e-12
58,2.900000000e-03,1.345315108e-03,8.229226792e-01,8.229226792e-01,0.000000000e+00,-5.952127680e-12
59,2.950000000e-03,1.368510196e-03,8.515439495e-01,8.515439495e-01,0.000000000e+00,-6.159628363e-12
60,3.000000000e-03,1.391705284e-03,8.806544723e-01,8.806544724e-01,0.000000000e+00,-6.371236871e-12
61,3.050000000e-03,1.414900373e-03,9.102542477e-01,9.102542477e-01,0.000000000e+00,-6.594835789e-12
62,3.100000000e-03,1.438095461e-03,9.403432755e-01,9.403432755e-01,0.000000000e+00,-6.817990617e-12
63,3.150000000e-03,1.461290549e-03,9.709215558e-01,9.709215558e-01,0.000000000e+00,-7.039591132e-12
64,3.200000000e-03,1.484485637e-03,1.001989089e+00,1.001989089e+00,0.000000000e+00,-7.266409696e-12
65,3.250000000e-03,1.507680725e-03,1.033545874e+00,1.033545874e+00,0.000000000e+00,-7.498890398e-12
66,3.300000000e-03,1.530875813e-03,1.065591912e+00,1.065591912e+00,0.000000000e+00,-7.735145857e-12
67,3.350000000e-03,1.554070901e-03,1.098127202e+00,1.098127202e+00,0.000000000e+00,-7.969624960e-12
68,3.400000000e-03,1.577265989e-03,1.131151744e+00,1.131151744e+00,0.000000000e+00,-8.205214286e-12
69,3.450000000e-03,1.600461077e-03,1.164665540e+00,1.164665540e+00,0.000000000e+00,-8.449019262e-12
70,3.500000000e-03,1.623656165e-03,1.198668587e+00,1.198668587e+00,0.000000000e+00,-8.693712417e-12
71,3.550000000e-03,1.646851253e-03,1.233160888e+00,1.233160888e+00,0.000000000e+00,-8.937961482e-12
72,3.600000000e-03,1.670046341e-03,1.268142440e+00,1.268142440e+00,0.000000000e+00,-9.192202555e-12
73,3.650000000e-03,1.693241429e-03,1.303613245e+00,1.303613245e+00,0.000000000e+00,-9.449996341e-12
74,3.700000000e-03,1.716436518e-03,1.339573303e+00,1.339573303e+00,0.000000000e+00,-9.712675109e-12
75,3.750000000e-03,1.739631606e-03,1.376022613e+00,1.376022613e+00,0.000000000e+00,-9.978906590e-12
76,3.800000000e-03,1.762826694e-03,1.412961176e+00,1.412961176e+00,0.000000000e+00,-1.024313967e-11
77,3.850000000e-03,1.786021782e-03,1.450388991e+00,1.450388991e+00,0.000000000e+00,-1.051869702e-11
78,3.900000000e-03,1.809216870e-03,1.488306058e+00,1.488306058e+00,0.000000000e+00,-1.080224798e-11
79,3.950000000e-03,1.832411958e-03,1.526712378e+00,1.526712378e+00,0.000000000e+00,-1.108357850e-11
80,4.000000000e-03,1.855607046e-03,1.565607951e+00,1.565607951e+00,0.000000000e+00,-1.136868377e-11
81,4.050000000e-03,1.878802134e-03,1.604992776e+00,1.604992776e+00,0.000000000e+00,-1.166022834e-11
82,4.100000000e-03,1.901997222e-03,1.644866853e+00,1.644866853e+00,0.000000000e+00,-1.194577770e-11
83,4.150000000e-03,1.925192310e-03,1.685230183e+00,1.685146849e+00,8.333392297e-05,-1.223709418e-11
84,4.200000000e-03,1.948639422e-03,1.726081746e+00,1.725833126e+00,2.472798870e-04,1.339642864e-06
85,4.250000000e-03,1.972329299e-03,1.767419538e+00,1.766963491e+00,4.514893619e-04,4.558112682e-06
86,4.300000000e-03,1.996139711e-03,1.809242092e+00,1.808557410e+00,6.758115208e-04,8.870491631e-06
87,4.350000000e-03,2.020009836e-03,1.851548681e+00,1.850624828e+00,9.101385893e-04,1.371421339e-05
88,4.400000000e-03,2.043909410e-03,1.894338947e+00,1.893170755e+00,1.149420842e-03,1.877181881e-05
89,4.450000000e-03,2.067823463e-03,1.937612717e+00,1.936197680e+00,1.391155860e-03,2.388030821e-05
90,4.500000000e-03,2.091744657e-03,1.981369905e+00,1.979706828e+00,1.634115908e-03,2.896062211e-05
91,4.550000000e-03,2.115669432e-03,2.025610472e+00,2.023698791e+00,1.877705118e-03,3.397643609e-05
92,4.600000000e-03,2.139596078e-03,2.070334399e+00,2.068173849e+00,2.121637453e-03,3.891238716e-05
93,4.650000000e-03,2.163523781e-03,2.115541677e+00,2.113132137e+00,2.365777043e-03,4.376311482e-05
94,4.700000000e-03,2.187452158e-03,2.161232302e+00,2.158573714e+00,2.610059921e-03,4.852790215e-05
95,4.750000000e-03,2.211381028e-03,2.207406272e+00,2.204498608e+00,2.854456105e-03,5.320810859e-05
96,4.800000000e-03,2.235310307e-03,2.254063586e+00,2.250906829e+00,3.098951452e-03,5.780596209e-05
97,4.850000000e-03,2.259239953e-03,2.301204244e+00,2.297798381e+00,3.343539075e-03,6.232400140e-05
98,4.900000000e-03,2.283169943e-03,2.348828245e+00,2.345173264e+00,3.588215341e-03,6.676482486e-05
99,4.950000000e-03,2.307100265e-03,2.396935588e+00,2.393031479e+00,3.832978028e-03,7.113098144e-05
100,5.000000000e-03,2.331030910e-03,2.445526274e+00,2.441373024e+00,4.077825495e-03,7.542492702e-05
101,5.050000000e-03,2.354961870e-03,2.494600303e+00,2.490197898e+00,4.322756314e-03,7.964900969e-05
102,5.100000000e-03,2.378893138e-03,2.544157673e+00,2.539506099e+00,4.567769118e-03,8.380546788e-05
103,5.150000000e-03,2.402824706e-03,2.594198386e+00,2.589297627e+00,4.812862532e-03,8.789643370e-05
104,5.200000000e-03,2.426756569e-03,2.644722439e+00,2.639572480e+00,5.058035160e-03,9.192393835e-05
105,5.250000000e-03,2.450688719e-03,2.695729834e+00,2.690330658e+00,5.303285581e-03,9.588991787e-05
106,5.300000000e-03,2.474621150e-03,2.747220569e+00,2.741572160e+00,5.548612349e-03,9.979621905e-05
107,5.350000000e-03,2.498553854e-03,2.799194644e+00,2.793296986e+00,5.794014002e-03,1.036446049e-04
108,5.400000000e-03,2.522486826e-03,2.851652060e+00,2.845505134e+00,6.039489069e-03,1.074367597e-04
109,5.450000000e-03,2.546420058e-03,2.904592815e+00,2.898196604e+00,6.285036073e-03,1.111742939e-04
110,5.500000000e-03,2.570353543e-03,2.958016909e+00,2.951371397e+00,6.530653541e-03,1.148587485e-04
111,5.550000000e-03,2.594287276e-03,3.011924342e+00,3.005029511e+00,6.776340002e-03,1.184915991e-04
112,5.600000000e-03,2.618221250e-03,3.066315114e+00,3.059170946e+00,7.022093996e-03,1.220742596e-04
113,5.650000000e-03,2.642155459e-03,3.121189224e+00,3.113795702e+00,7.267914078e-03,1.256080857e-04
114,5.700000000e-03,2.666089896e-03,3.176546672e+00,3.168903779e+00,7.513798814e-03,1.290943784e-04
115,5.750000000e-03,2.690024556e-03,3.232387458e+00,3.224495177e+00,7.759746792e-03,1.325343864e-04
116,5.800000000e-03,2.713959433e-03,3.288711581e+00,3.280569895e+00,8.005756619e-03,1.359293098e-04
117,5.850000000e-03,2.737894521e-03,3.345519041e+00,3.337127934e+00,8.251826922e-03,1.392803018e-04
118,5.900000000e-03,2.761829814e-03,3.402809837e+00,3.394169292e+00,8.497956352e-03,1.425884716e-04
119,5.950000000e-03,2.785765307e-03,3.460583970e+00,3.451693972e+00,8.744143585e-03,1.458548868e-04
120,6.000000000e-03,2.809700995e-03,3.518841439e+00,3.509701971e+00,8.990387318e-03,1.490805751e-04
121,6.050000000e-03,2.833636872e-03,3.577582244e+00,3.568193291e+00,9.236686278e-03,1.522665265e-04
122,6.100000000e-03,2.857572934e-03,3.636806384e+00,3.627167931e+00,9.483039213e-03,1.554136953e-04
123,6.150000000e-03,2.881509176e-03,3.696513860e+00,3.686625892e+00,9.729444902e-03,1.585230015e-04
124,6.200000000e-03,2.905445592e-03,3.756704670e+00,3.746567173e+00,9.975902145e-03,1.615953329e-04
125,6.250000000e-03,2.929382178e-03,3.817378815e+00,3.806991774e+00,1.022240977e-02,1.646315460e-04
126,6.300000000e-03,2.953318931e-03,3.878536295e+00,3.867899696e+00,1.046896664e-02,1.676324681e-04
127,6.350000000e-03,2.977255845e-03,3.940177109e+00,3.929290938e+00,1.071557162e-02,1.705988983e-04
128,6.400000000e-03,3.001192915e-03,4.002301257e+00,3.991165502e+00,1.096222363e-02,1.735316088e-04
129,6.450000000e-03,3.025130139e-03,4.064908739e+00,4.053523386e+00,1.120892160e-02,1.764313460e-04
130,6.500000000e-03,3.049067512e-03,4.127999554e+00,4.116364591e+00,1.145566449e-02,1.792988320e-04
131,6.550000000e-03,3.073005030e-03,4.191573703e+00,4.179689117e+00,1.170245127e-02,1.821347656e-04
132,6.600000000e-03,3.096942690e-03,4.255631184e+00,4.243458506e+00,1.198773898e-02,1.849398227e-04
133,6.650000000e-03,3.120950009e-03,4.320171705e+00,4.307636309e+00,1.234725833e-02,1.881372622e-04
134,6.700000000e-03,3.145091410e-03,4.385194403e+00,4.372245634e+00,1.275638407e-02,1.923850349e-04
135,6.750000000e-03,3.169324533e-03,4.450698336e+00,4.437185893e+00,1.331499267e-02,1.974504907e-04
136,6.800000000e-03,3.193843145e-03,4.516681998e+00,4.502493241e+00,1.398301560e-02,2.057404129e-04
137,6.850000000e-03,3.218564646e-03,4.583143430e+00,4.568195945e+00,1.473056087e-02,2.169237149e-04
138,6.900000000e-03,3.243432544e-03,4.650081211e+00,4.634315736e+00,1.553510979e-02,2.303642782e-04
139,6.950000000e-03,3.268404437e-03,4.717494318e+00,4.700868712e+00,1.638017971e-02,2.454260371e-04
140,7.000000000e-03,3.293449408e-03,4.785382027e+00,4.767866590e+00,1.725386268e-02,2.615742651e-04
141,7.050000000e-03,3.318545252e-03,4.853743831e+00,4.835317818e+00,1.814761823e-02,2.783942754e-04
142,7.100000000e-03,3.343676163e-03,4.922579374e+00,4.903228436e+00,1.905535819e-02,2.955796913e-04
143,7.150000000e-03,3.368830972e-03,4.991888412e+00,4.971602730e+00,1.997277032e-02,3.129119306e-04
144,7.200000000e-03,3.394001843e-03,5.061670779e+00,5.040443717e+00,2.089682202e-02,3.302395619e-04
145,7.250000000e-03,3.419183325e-03,5.131926360e+00,5.109753502e+00,2.182539731e-02,3.474606266e-04
146,7.300000000e-03,3.444371661e-03,5.202655082e+00,5.179533541e+00,2.275703225e-02,3.645086353e-04
147,7.350000000e-03,3.469564285e-03,5.273856894e+00,5.249784828e+00,2.369072316e-02,3.813419786e-04
148,7.400000000e-03,3.494759463e-03,5.345531764e+00,5.320508039e+00,2.462578846e-02,3.979361710e-04
149,7.450000000e-03,3.519956043e-03,5.417679673e+00,5.391703624e+00,2.556177001e-02,4.142783004e-04
150,7.500000000e-03,3.545153264e-03,5.490300608e+00,5.463371882e+00,2.649836321e-02,4.303631325e-04
151,7.550000000e-03,3.570350639e-03,5.563394563e+00,5.535513005e+00,2.743536797e-02,4.461904182e-04
152,7.600000000e-03,3.595547858e-03,5.636961534e+00,5.608127117e+00,2.837265461e-02,4.617630614e-04
153,7.650000000e-03,3.620744734e-03,5.711001521e+00,5.681214294e+00,2.931014042e-02,4.770858879e-04
154,7.700000000e-03,3.645941159e-03,5.785514522e+00,5.754774584e+00,3.024777360e-02,4.921648311e-04
155,7.750000000e-03,3.671137074e-03,5.860500540e+00,5.828808011e+00,3.118552254e-02,5.070064012e-04
156,7.800000000e-03,3.696332454e-03,5.935959575e+00,5.903314589e+00,3.212336855e-02,5.216173447e-04
157,7.850000000e-03,3.721527294e-03,6.011891629e+00,5.978294323e+00,3.306130108e-02,5.360044322e-04
158,7.900000000e-03,3.746721602e-03,6.088296703e+00,6.053747214e+00,3.399931468e-02,5.501743286e-04
159,7.950000000e-03,3.771915392e-03,6.165174800e+00,6.129673259e+00,3.493740690e-02,5.641335182e-04
160,8.000000000e-03,3.797108683e-03,6.242525920e+00,6.206072455e+00,3.587557704e-02,5.778882641e-04
161,8.050000000e-03,3.822301493e-03,6.320350066e+00,6.282944796e+00,3.681382537e-02,5.914445893e-04
162,8.100000000e-03,3.847493843e-03,6.398647239e+00,6.360290278e+00,3.775215258e-02,6.048082718e-04
163,8.150000000e-03,3.872685754e-03,6.477417440e+00,6.438108896e+00,3.869055953e-02,6.179848469e-04
164,8.200000000e-03,3.897877244e-03,6.556660670e+00,6.516400644e+00,3.962904706e-02,6.309796146e-04
165,8.250000000e-03,3.923068332e-03,6.636376932e+00,6.595165518e+00,4.056761591e-02,6.437976493e-04
166,8.300000000e-03,3.948259037e-03,6.716566225e+00,6.674403514e+00,4.150626666e-02,6.564438101e-04
167,8.350000000e-03,3.973449373e-03,6.797228550e+00,6.754112700e+00,4.244692787e-02,6.689227525e-04
168,8.400000000e-03,3.998642827e-03,6.878363899e+00,6.834281091e+00,4.340156924e-02,6.812389272e-04
169,8.450000000e-03,4.023860948e-03,6.959972176e+00,6.914912026e+00,4.436675142e-02,6.933986743e-04
170,8.500000000e-03,4.049098249e-03,7.042053239e+00,6.996014900e+00,4.533299021e-02,7.053486768e-04
171,8.550000000e-03,4.074338483e-03,7.124607022e+00,7.077592350e+00,4.629762017e-02,7.170514879e-04
172,8.600000000e-03,4.099576949e-03,7.207633530e+00,7.159559446e+00,4.734556070e-02,7.285231249e-04
173,8.650000000e-03,4.124936966e-03,7.291132283e+00,7.241886534e+00,4.850452354e-02,7.412260401e-04
174,8.700000000e-03,4.150457847e-03,7.375102134e+00,7.324591114e+00,4.975462581e-02,7.563938488e-04
175,8.750000000e-03,4.176109628e-03,7.459541889e+00,7.407693195e+00,5.107485399e-02,7.738401020e-04
176,8.800000000e-03,4.201860690e-03,7.544450601e+00,7.491210067e+00,5.244746830e-02,7.930663115e-04
177,8.850000000e-03,4.227684706e-03,7.629827554e+00,7.575155343e+00,5.385863998e-02,8.135711462e-04
178,8.900000000e-03,4.253561427e-03,7.715672221e+00,7.659526734e+00,5.531055358e-02,8.349333358e-04
179,8.950000000e-03,4.279493774e-03,7.801984146e+00,7.744327862e+00,5.679946312e-02,8.568207124e-04
180,9.000000000e-03,4.305477501e-03,7.888762891e+00,7.829575019e+00,5.830895010e-02,8.789213735e-04
181,9.050000000e-03,4.331490372e-03,7.976008132e+00,7.915276587e+00,5.983057893e-02,9.009661652e-04
182,9.100000000e-03,4.357520292e-03,8.063719691e+00,8.001437491e+00,6.135939357e-02,9.228065906e-04
183,9.150000000e-03,4.383560117e-03,8.151897464e+00,8.088060722e+00,6.289238058e-02,9.443612859e-04
184,9.200000000e-03,4.409605517e-03,8.240541391e+00,8.175148104e+00,6.442769736e-02,9.655892937e-04
185,9.250000000e-03,4.435653856e-03,8.329651440e+00,8.262700738e+00,6.596422786e-02,9.864741055e-04
186,9.300000000e-03,4.461703542e-03,8.419227597e+00,8.350719272e+00,6.750131142e-02,1.007013718e-03
187,9.350000000e-03,4.487753634e-03,8.509269855e+00,8.439204069e+00,6.903857226e-02,1.027214401e-03
188,9.400000000e-03,4.513803597e-03,8.599778215e+00,8.528155317e+00,7.057581097e-02,1.047086825e-03
189,9.450000000e-03,4.539853148e-03,8.690752678e+00,8.617573099e+00,7.211293528e-02,1.066643694e-03
190,9.500000000e-03,4.565902153e-03,8.782193248e+00,8.707457433e+00,7.364991623e-02,1.085898343e-03
191,9.550000000e-03,4.591950568e-03,8.874099931e+00,8.797808306e+00,7.518676061e-02,1.104863936e-03
192,9.600000000e-03,4.617998400e-03,8.966472730e+00,8.888522281e+00,7.682689561e-02,1.123553041e-03
193,9.650000000e-03,4.644185604e-03,9.059311101e+00,8.979540849e+00,7.862637062e-02,1.143881282e-03
194,9.700000000e-03,4.670583642e-03,9.152613657e+00,9.070923550e+00,8.052295940e-02,1.167147686e-03
195,9.750000000e-03,4.697107147e-03,9.246379047e+00,9.162704919e+00,8.248171284e-02,1.192414370e-03
196,9.800000000e-03,4.723709341e-03,9.340606433e+00,9.254904764e+00,8.448264958e-02,1.219019179e-03
197,9.850000000e-03,4.750363697e-03,9.435295270e+00,9.347534919e+00,8.651381771e-02,1.246532578e-03
198,9.900000000e-03,4.777054440e-03,9.530445181e+00,9.440602889e+00,8.856763102e-02,1.274661504e-03
199,9.950000000e-03,4.803771630e-03,9.626055895e+00,9.534113718e+00,9.063898108e-02,1.303195891e-03
200,1.000000000e-02,4.830508639e-03,9.722127204e+00,9.628070973e+00,9.272425078e-02,1.331979694e-03
201,1.005000000e-02,4.857260832e-03,9.818658949e+00,9.722466188e+00,9.483186730e-02,1.360894277e-03
202,1.010000000e-02,4.884040444e-03,9.915650949e+00,9.817266664e+00,9.699441104e-02,1.389874126e-03
203,1.015000000e-02,4.910893078e-03,1.001310282e+01,9.912494421e+00,9.918947012e-02,1.418928837e-03
204,1.020000000e-02,4.937786869e-03,1.011101413e+01,1.000816403e+01,1.014023579e-01,1.447746068e-03
205,1.025000000e-02,4.964703120e-03,1.020938463e+01,1.010428405e+01,1.036244401e-01,1.476146835e-03
206,1.030000000e-02,4.991631004e-03,1.030821421e+01,1.020085928e+01,1.058508792e-01,1.504051221e-03
207,1.035000000e-02,5.018564514e-03,1.040750279e+01,1.029789228e+01,1.080790670e-01,1.531435699e-03
208,1.040000000e-02,5.045500439e-03,1.050725035e+01,1.039538438e+01,1.103076582e-01,1.558306294e-03
209,1.045000000e-02,5.072437141e-03,1.060745688e+01,1.049322917e+01,1.126430233e-01,1.584683177e-03
210,1.050000000e-02,5.099502424e-03,1.070812187e+01,1.059143958e+01,1.150694445e-01,1.612845633e-03
211,1.055000000e-02,5.126676532e-03,1.080924436e+01,1.069004108e+01,1.175605072e-01,1.642777010e-03
212,1.060000000e-02,5.153926420e-03,1.091082359e+01,1.078905476e+01,1.200949676e-01,1.673868587e-03
213,1.065000000e-02,5.181225754e-03,1.101285905e+01,1.088849537e+01,1.226580324e-01,1.705646516e-03
214,1.070000000e-02,5.208556382e-03,1.111535038e+01,1.098837257e+01,1.252400168e-01,1.737791999e-03
215,1.075000000e-02,5.235906542e-03,1.121829736e+01,1.108869252e+01,1.278347420e-01,1.770097434e-03
216,1.080000000e-02,5.263268822e-03,1.132169985e+01,1.118945913e+01,1.304382908e-01,1.802427724e-03
217,1.085000000e-02,5.290638596e-03,1.142555774e+01,1.129067488e+01,1.330481619e-01,1.834693570e-03
218,1.090000000e-02,5.318012970e-03,1.152987097e+01,1.139234140e+01,1.356627292e-01,1.866834391e-03
219,1.095000000e-02,5.345390115e-03,1.163463948e+01,1.149445976e+01,1.382809067e-01,1.898807747e-03
220,1.100000000e-02,5.372768856e-03,1.173986324e+01,1.159703072e+01,1.409019436e-01,1.930582880e-03
221,1.105000000e-02,5.400148420e-03,1.184554223e+01,1.170005479e+01,1.435252999e-01,1.962136794e-03
222,1.110000000e-02,5.427528287e-03,1.195167641e+01,1.180346295e+01,1.462200143e-01,1.993451856e-03
223,1.115000000e-02,5.454988258e-03,1.205826546e+01,1.190717952e+01,1.490599022e-01,2.026042480e-03
224,1.120000000e-02,5.482612219e-03,1.216530838e+01,1.201122474e+01,1.520216762e-01,2.061962702e-03
225,1.125000000e-02,5.510371166e-03,1.227280395e+01,1.211562548e+01,1.550778189e-01,2.100653773e-03
226,1.130000000e-02,5.538232374e-03,1.238075118e+01,1.222040509e+01,1.582046706e-01,2.141421732e-03
227,1.135000000e-02,5.566168253e-03,1.248914933e+01,1.232558127e+01,1.613843565e-01,2.183697900e-03
228,1.140000000e-02,5.594158198e-03,1.259799783e+01,1.243116672e+01,1.646040574e-01,2.227055125e-03
229,1.145000000e-02,5.622187584e-03,1.270729628e+01,1.253716918e+01,1.678559177e-01,2.271180361e-03
230,1.150000000e-02,5.650247505e-03,1.281704435e+01,1.264358595e+01,1.711425538e-01,2.315843208e-03
231,1.155000000e-02,5.678340620e-03,1.292724174e+01,1.275042272e+01,1.744581531e-01,2.360863758e-03
232,1.160000000e-02,5.706460542e-03,1.303788817e+01,1.285769066e+01,1.777914583e-01,2.406051713e-03
233,1.165000000e-02,5.734595164e-03,1.314898345e+01,1.296539524e+01,1.811369518e-01,2.451257373e-03
234,1.170000000e-02,5.762738675e-03,1.326052745e+01,1.307353914e+01,1.844919106e-01,2.496400186e-03
235,1.175000000e-02,5.790888297e-03,1.337252006e+01,1.318210988e+01,1.878687569e-01,2.541430856e-03
236,1.180000000e-02,5.819058574e-03,1.348496117e+01,1.329109118e+01,1.912836501e-01,2.586345411e-03
237,1.185000000e-02,5.847268118e-03,1.359785051e+01,1.340049550e+01,1.947239234e-01,2.631089495e-03
238,1.190000000e-02,5.875502783e-03,1.371118783e+01,1.351033212e+01,1.981802547e-01,2.675453036e-03
239,1.195000000e-02,5.903752791e-03,1.382497294e+01,1.362057784e+01,2.016758013e-01,2.719305933e-03
240,1.200000000e-02,5.932042180e-03,1.393920563e+01,1.373113726e+01,2.053052844e-01,2.763090042e-03
241,1.205000000e-02,5.960468947e-03,1.405388516e+01,1.384203042e+01,2.090456622e-01,2.809077596e-03
242,1.210000000e-02,5.989008687e-03,1.416901049e+01,1.395328470e+01,2.128687544e-01,2.857030765e-03
243,1.215000000e-02,6.017631228e-03,1.428458081e+01,1.406492426e+01,2.167502548e-01,2.906294284e-03
244,1.220000000e-02,6.046310685e-03,1.440059552e+01,1.417696729e+01,2.206718999e-01,2.956330028e-03
245,1.225000000e-02,6.075027754e-03,1.451705423e+01,1.428942666e+01,2.246208125e-01,3.006752714e-03
246,1.230000000e-02,6.103768939e-03,1.463395664e+01,1.440231115e+01,2.285881923e-01,3.057298114e-03
247,1.235000000e-02,6.132525103e-03,1.475130259e+01,1.451562668e+01,2.325681152e-01,3.107788293e-03
248,1.240000000e-02,6.161290169e-03,1.486909192e+01,1.462937720e+01,2.365566178e-01,3.158104404e-03
249,1.245000000e-02,6.190060130e-03,1.498732458e+01,1.474356536e+01,2.405510505e-01,3.208167328e-03
250,1.250000000e-02,6.218832360e-03,1.510600049e+01,1.485819284e+01,2.445497284e-01,3.257924415e-03
251,1.255000000e-02,6.247605259e-03,1.522511963e+01,1.497318867e+01,2.486236207e-01,3.307340212e-03
252,1.260000000e-02,6.276450363e-03,1.534468166e+01,1.508846817e+01,2.528554863e-01,3.358004912e-03
253,1.265000000e-02,6.305449718e-03,1.546468565e+01,1.520404575e+01,2.572276842e-01,3.412222444e-03
254,1.270000000e-02,6.334583760e-03,1.558513039e+01,1.531994679e+01,2.617140825e-01,3.469517358e-03
255,1.275000000e-02,6.363825354e-03,1.570601485e+01,1.543619588e+01,2.662897951e-01,3.529179723e-03
256,1.280000000e-02,6.393149178e-03,1.582733822e+01,1.555281091e+01,2.709367244e-01,3.590586188e-03
257,1.285000000e-02,6.422536874e-03,1.594909985e+01,1.566980010e+01,2.756464990e-01,3.653246303e-03
258,1.290000000e-02,6.451979772e-03,1.607129921e+01,1.578717247e+01,2.804099540e-01,3.716784403e-03
259,1.295000000e-02,6.481468695e-03,1.619393585e+01,1.590494612e+01,2.852088635e-01,3.780873247e-03
260,1.300000000e-02,6.510986053e-03,1.631700942e+01,1.602313144e+01,2.900327419e-01,3.845235424e-03
261,1.305000000e-02,6.540521794e-03,1.644051968e+01,1.614173406e+01,2.948759288e-01,3.909700330e-03
262,1.310000000e-02,6.570070593e-03,1.656446647e+01,1.626075797e+01,2.997343468e-01,3.974155289e-03
263,1.315000000e-02,6.599628651e-03,1.668884965e+01,1.638020579e+01,3.046053371e-01,4.038521415e-03
264,1.320000000e-02,6.629193528e-03,1.681366911e+01,1.650007923e+01,3.094871412e-01,4.102742263e-03
265,1.325000000e-02,6.658763653e-03,1.693892477e+01,1.662037947e+01,3.143785299e-01,4.166775215e-03
266,1.330000000e-02,6.688337960e-03,1.706461656e+01,1.674110739e+01,3.192785882e-01,4.230586251e-03
267,1.335000000e-02,6.717915688e-03,1.719074440e+01,1.686223072e+01,3.242195368e-01,4.294146927e-03
268,1.340000000e-02,6.747526722e-03,1.731730812e+01,1.698364358e+01,3.293065468e-01,4.357989074e-03
269,1.345000000e-02,6.777267593e-03,1.744430699e+01,1.710535561e+01,3.345268426e-01,4.424543464e-03
270,1.350000000e-02,6.807126582e-03,1.757173997e+01,1.722737658e+01,3.398696878e-01,4.493695683e-03
271,1.355000000e-02,6.837094662e-03,1.769960608e+01,1.734972688e+01,3.453143898e-01,4.564806274e-03
272,1.360000000e-02,6.867152421e-03,1.782790448e+01,1.747243361e+01,3.508336897e-01,4.637179159e-03
273,1.365000000e-02,6.897274007e-03,1.795663452e+01,1.759551805e+01,3.564062740e-01,4.710195321e-03
274,1.370000000e-02,6.927439772e-03,1.808579572e+01,1.771899602e+01,3.620163060e-01,4.783398547e-03
275,1.375000000e-02,6.957635282e-03,1.821538776e+01,1.784287896e+01,3.676523367e-01,4.856462786e-03
276,1.380000000e-02,6.987850212e-03,1.834541039e+01,1.796717503e+01,3.733062047e-01,4.929159848e-03
277,1.385000000e-02,7.018077282e-03,1.847586348e+01,1.809189001e+01,3.789721347e-01,5.001332738e-03
278,1.390000000e-02,7.048311406e-03,1.860674690e+01,1.821694431e+01,3.847297168e-01,5.072875355e-03
279,1.395000000e-02,7.078624005e-03,1.873806029e+01,1.834226076e+01,3.906538551e-01,5.145673316e-03
280,1.400000000e-02,7.109080785e-03,1.886980270e+01,1.846785263e+01,3.967280696e-01,5.222003313e-03
281,1.405000000e-02,7.139665008e-03,1.900197298e+01,1.859374237e+01,4.029291959e-01,5.301416595e-03
282,1.410000000e-02,7.170355050e-03,1.913457012e+01,1.871994950e+01,4.092374107e-01,5.383212463e-03
283,1.415000000e-02,7.201132681e-03,1.926759328e+01,1.884648876e+01,4.156377642e-01,5.466751163e-03
284,1.420000000e-02,7.231984297e-03,1.940104172e+01,1.897337432e+01,4.221159129e-01,5.551495591e-03
285,1.425000000e-02,7.262897112e-03,1.953491486e+01,1.910062667e+01,4.286512120e-01,5.636980069e-03
286,1.430000000e-02,7.293853196e-03,1.966921222e+01,1.922826076e+01,4.352286425e-01,5.722811413e-03
287,1.435000000e-02,7.324839616e-03,1.980393343e+01,1.935628616e+01,4.418385712e-01,5.808703946e-03
288,1.440000000e-02,7.355848153e-03,1.993907825e+01,1.948471109e+01,4.484727121e-01,5.894454299e-03
289,1.445000000e-02,7.386871805e-03,2.007464648e+01,1.961354067e+01,4.551258914e-01,5.979915763e-03
290,1.450000000e-02,7.417906286e-03,2.021063796e+01,1.974277834e+01,4.617946383e-01,6.064986035e-03
291,1.455000000e-02,7.448948777e-03,2.034705259e+01,1.987242653e+01,4.684764772e-01,6.149590091e-03
292,1.460000000e-02,7.479997317e-03,2.048389027e+01,2.000248605e+01,4.751705496e-01,6.233670823e-03
293,1.465000000e-02,7.511051435e-03,2.062115091e+01,2.013286630e+01,4.819674347e-01,6.317180125e-03
294,1.470000000e-02,7.542185973e-03,2.075883412e+01,2.026350896e+01,4.889232816e-01,6.401885354e-03
295,1.475000000e-02,7.573448539e-03,2.089693900e+01,2.039443184e+01,4.960178154e-01,6.489344619e-03
296,1.480000000e-02,7.604821077e-03,2.103546451e+01,2.052565342e+01,5.032320154e-01,6.579077498e-03
297,1.485000000e-02,7.636287962e-03,2.117440977e+01,2.065719190e+01,5.105474776e-01,6.670396479e-03
298,1.490000000e-02,7.667833715e-03,2.131377403e+01,2.078907288e+01,5.179384954e-01,6.762655726e-03
299,1.495000000e-02,7.699436579e-03,2.145355668e+01,2.092131695e+01,5.253844497e-01,6.855280517e-03
300,1.500000000e-02,7.731079526e-03,2.159375730e+01,2.105393854e+01,5.328709167e-01,6.947840963e-03
301,1.505000000e-02,7.762750761e-03,2.173437555e+01,2.118695179e+01,5.403837401e-01,7.040024138e-03
302,1.510000000e-02,7.794438856e-03,2.187541123e+01,2.132036572e+01,5.479138988e-01,7.131603041e-03
303,1.515000000e-02,7.826136627e-03,2.201686418e+01,2.145406935e+01,5.555723976e-01,7.222430302e-03
304,1.520000000e-02,7.857934197e-03,2.215873394e+01,2.158801440e+01,5.634042577e-01,7.315279408e-03
305,1.525000000e-02,7.889866185e-03,2.230101947e+01,2.172221533e+01,5.713924714e-01,7.411666014e-03
306,1.530000000e-02,7.921917067e-03,2.244371969e+01,2.185669522e+01,5.795134064e-01,7.511063594e-03
307,1.535000000e-02,7.954066873e-03,2.258683362e+01,2.199147242e+01,5.877484173e-01,7.612782091e-03
308,1.540000000e-02,7.986300068e-03,2.273036045e+01,2.212655576e+01,5.960884949e-01,7.716200834e-03
309,1.545000000e-02,8.018609057e-03,2.287429946e+01,2.226196675e+01,6.045119062e-01,7.820800002e-03
310,1.550000000e-02,8.050976533e-03,2.301865002e+01,2.239772691e+01,6.129970281e-01,7.926080956e-03
311,1.555000000e-02,8.083385489e-03,2.316341167e+01,2.253385107e+01,6.215289527e-01,8.031642018e-03
312,1.560000000e-02,8.115824309e-03,2.330858406e+01,2.267034967e+01,6.300971943e-01,8.137192720e-03
313,1.565000000e-02,8.148284918e-03,2.345416691e+01,2.280723022e+01,6.386941745e-01,8.242518969e-03
314,1.570000000e-02,8.180761551e-03,2.360016003e+01,2.294449820e+01,6.473143684e-01,8.347460377e-03
315,1.575000000e-02,8.213250074e-03,2.374656325e+01,2.308214546e+01,6.559658995e-01,8.451895011e-03
316,1.580000000e-02,8.245758058e-03,2.389337640e+01,2.322017214e+01,6.646484750e-01,8.555784428e-03
317,1.585000000e-02,8.278285455e-03,2.404059929e+01,2.335845193e+01,6.734883346e-01,8.659027553e-03
318,1.590000000e-02,8.310928115e-03,2.418823132e+01,2.349696218e+01,6.825050808e-01,8.764056414e-03
319,1.595000000e-02,8.343700306e-03,2.433627142e+01,2.363572602e+01,6.916736345e-01,8.871763753e-03
320,1.600000000e-02,8.376581922e-03,2.448471854e+01,2.377477808e+01,7.009589694e-01,8.981497320e-03
321,1.605000000e-02,8.409545864e-03,2.463357184e+01,2.391414640e+01,7.103329421e-01,9.092501302e-03
322,1.610000000e-02,8.442570571e-03,2.478283067e+01,2.405385285e+01,7.197736481e-01,9.204164968e-03
323,1.615000000e-02,8.475639426e-03,2.493249453e+01,2.419391443e+01,7.292640865e-01,9.316016762e-03
324,1.620000000e-02,8.508739646e-03,2.508256308e+01,2.433434420e+01,7.387911843e-01,9.427698517e-03
325,1.625000000e-02,8.541861495e-03,2.523303604e+01,2.447515216e+01,7.483449421e-01,9.538941556e-03
326,1.630000000e-02,8.574997608e-03,2.538391323e+01,2.461628104e+01,7.579826426e-01,9.649546752e-03
327,1.635000000e-02,8.608190681e-03,2.553519430e+01,2.475762950e+01,7.678038683e-01,9.760925660e-03
328,1.640000000e-02,8.641513702e-03,2.568687841e+01,2.489920134e+01,7.778011026e-01,9.875966847e-03
329,1.645000000e-02,8.674959022e-03,2.583896446e+01,2.504101642e+01,7.879536378e-01,9.994400814e-03
330,1.650000000e-02,8.708510259e-03,2.599145142e+01,2.518309230e+01,7.982435688e-01,1.011554503e-02
331,1.655000000e-02,8.742153503e-03,2.614433837e+01,2.532543732e+01,8.086623157e-01,1.023873814e-02
332,1.660000000e-02,8.775881949e-03,2.629762451e+01,2.546808169e+01,8.191794103e-01,1.036341017e-02
333,1.665000000e-02,8.809673267e-03,2.645130914e+01,2.561104922e+01,8.297709431e-01,1.048897464e-02
334,1.670000000e-02,8.843510051e-03,2.660539174e+01,2.575435717e+01,8.404195830e-01,1.061498420e-02
335,1.675000000e-02,8.877379791e-03,2.675987191e+01,2.589801231e+01,8.511185025e-01,1.074110666e-02
336,1.680000000e-02,8.911278143e-03,2.691474934e+01,2.604200870e+01,8.618735200e-01,1.086711682e-02
337,1.685000000e-02,8.945210537e-03,2.707002370e+01,2.618634549e+01,8.726853129e-01,1.099289156e-02
338,1.690000000e-02,8.979178009e-03,2.722569466e+01,2.633102182e+01,8.835545944e-01,1.111824528e-02
339,1.695000000e-02,9.013181390e-03,2.738176189e+01,2.647601494e+01,8.945039675e-01,1.124298217e-02
340,1.700000000e-02,9.047236094e-03,2.753822497e+01,2.662123104e+01,9.056264500e-01,1.136748246e-02
341,1.705000000e-02,9.081406335e-03,2.769508318e+01,2.676668326e+01,9.169056508e-01,1.149426436e-02
342,1.710000000e-02,9.115680126e-03,2.785233551e+01,2.691239731e+01,9.283149420e-01,1.162324909e-02
343,1.715000000e-02,9.150038177e-03,2.800998111e+01,2.705839934e+01,9.398280109e-01,1.175376342e-02
344,1.720000000e-02,9.184461709e-03,2.816801931e+01,2.720471198e+01,9.514221589e-01,1.188517366e-02
345,1.725000000e-02,9.218934742e-03,2.832644955e+01,2.735135382e+01,9.630787694e-01,1.201695956e-02
346,1.730000000e-02,9.253444324e-03,2.848527142e+01,2.749833955e+01,9.747831651e-01,1.214870922e-02
347,1.735000000e-02,9.287980372e-03,2.864448461e+01,2.764568117e+01,9.865233304e-01,1.228010153e-02
348,1.740000000e-02,9.322534704e-03,2.880408886e+01,2.779325074e+01,9.984272252e-01,1.241088945e-02
349,1.745000000e-02,9.357195274e-03,2.896408361e+01,2.794101351e+01,1.010525618e+00,1.254447727e-02
350,1.750000000e-02,9.391981169e-03,2.912446780e+01,2.808897975e+01,1.022806130e+00,1.268191942e-02
351,1.755000000e-02,9.426882368e-03,2.928524034e+01,2.823717062e+01,1.035247033e+00,1.282268649e-02
352,1.760000000e-02,9.461883131e-03,2.944640023e+01,2.838560207e+01,1.047832079e+00,1.296607624e-02
353,1.765000000e-02,9.496971819e-03,2.960794659e+01,2.853428378e+01,1.060551374e+00,1.311144165e-02
354,1.770000000e-02,9.532141371e-03,2.976987863e+01,2.868324644e+01,1.073373973e+00,1.325821541e-02
355,1.775000000e-02,9.567370854e-03,2.993219567e+01,2.883250271e+01,1.086287139e+00,1.340581584e-02
356,1.780000000e-02,9.602652382e-03,3.009489715e+01,2.898205968e+01,1.099283600e+00,1.355386226e-02
357,1.785000000e-02,9.637981611e-03,3.025798258e+01,2.913191974e+01,1.112360785e+00,1.370205940e-02
358,1.790000000e-02,9.673357569e-03,3.042145151e+01,2.928209300e+01,1.125508365e+00,1.385014057e-02
359,1.795000000e-02,9.708773554e-03,3.058530351e+01,2.943259248e+01,1.138713218e+00,1.399781282e-02
360,1.800000000e-02,9.744221035e-03,3.074953823e+01,2.958342518e+01,1.151968272e+00,1.414477705e-02
361,1.805000000e-02,9.779695367e-03,3.091415537e+01,2.973454555e+01,1.165319020e+00,1.429080266e-02
362,1.810000000e-02,9.815226069e-03,3.107915454e+01,2.988590700e+01,1.178810610e+00,1.443693183e-02
363,1.815000000e-02,9.850842086e-03,3.124453508e+01,3.003752459e+01,1.192425852e+00,1.458463162e-02
364,1.820000000e-02,9.886531683e-03,3.141029623e+01,3.018942039e+01,1.206142276e+00,1.473356732e-02
365,1.825000000e-02,9.922279877e-03,3.157643740e+01,3.034161539e+01,1.219938832e+00,1.488317646e-02
366,1.830000000e-02,9.958072879e-03,3.174295806e+01,3.049411984e+01,1.233805256e+00,1.503297106e-02
367,1.835000000e-02,9.993904027e-03,3.190985782e+01,3.064681393e+01,1.247861134e+00,1.518275364e-02
368,1.840000000e-02,1.002984953e-02,3.207713596e+01,3.079965295e+01,1.262146951e+00,1.533605919e-02
369,1.845000000e-02,1.006593369e-02,3.224479130e+01,3.095263679e+01,1.276660367e+00,1.549413922e-02
370,1.850000000e-02,1.010215355e-02,3.241282259e+01,3.110578620e+01,1.291379796e+00,1.565659768e-02
371,1.855000000e-02,1.013849409e-02,3.258122863e+01,3.125912843e+01,1.306277504e+00,1.582269679e-02
372,1.860000000e-02,1.017493672e-02,3.275000837e+01,3.141267841e+01,1.321338288e+00,1.599167146e-02
373,1.865000000e-02,1.021147122e-02,3.291916087e+01,3.156645143e+01,1.336546586e+00,1.616285068e-02
374,1.870000000e-02,1.024808760e-02,3.308868529e+01,3.172047768e+01,1.351871990e+00,1.633561427e-02
375,1.875000000e-02,1.028476663e-02,3.325858091e+01,3.187475936e+01,1.367312182e+00,1.650935991e-02
376,1.880000000e-02,1.032150802e-02,3.342884711e+01,3.202931188e+01,1.382851470e+00,1.668376028e-02
377,1.885000000e-02,1.035830183e-02,3.359948331e+01,3.218413826e+01,1.398486672e+00,1.685837918e-02
378,1.890000000e-02,1.039514706e-02,3.377048901e+01,3.233925693e+01,1.414199153e+00,1.703292338e-02
379,1.895000000e-02,1.043203193e-02,3.394186374e+01,3.249468497e+01,1.429971772e+00,1.720699647e-02
380,1.900000000e-02,1.046894611e-02,3.411360714e+01,3.265043697e+01,1.445789895e+00,1.738027599e-02
381,1.905000000e-02,1.050588089e-02,3.428571894e+01,3.280652490e+01,1.461641530e+00,1.755251070e-02
382,1.910000000e-02,1.054282918e-02,3.445819894e+01,3.296295227e+01,1.477523152e+00,1.772351129e-02
383,1.915000000e-02,1.057978913e-02,3.463104697e+01,3.311969286e+01,1.493460965e+00,1.789314115e-02
384,1.920000000e-02,1.061677716e-02,3.480426282e+01,3.327670873e+01,1.509492211e+00,1.806187447e-02
385,1.925000000e-02,1.065381608e-02,3.497784610e+01,3.343396883e+01,1.525646427e+00,1.823084468e-02
386,1.930000000e-02,1.069092276e-02,3.515179624e+01,3.359140803e+01,1.541987272e+00,1.840094245e-02
387,1.935000000e-02,1.072813488e-02,3.532611243e+01,3.374901315e+01,1.558524961e+00,1.857432302e-02
388,1.940000000e-02,1.076545754e-02,3.550079367e+01,3.390679723e+01,1.575245296e+00,1.875114222e-02
389,1.945000000e-02,1.080288060e-02,3.567583894e+01,3.406478056e+01,1.592127497e+00,1.893088532e-02
390,1.950000000e-02,1.084039067e-02,3.585124736e+01,3.422298288e+01,1.609151584e+00,1.911289239e-02
391,1.955000000e-02,1.087797560e-02,3.602701813e+01,3.438142656e+01,1.626295060e+00,1.929651093e-02
392,1.960000000e-02,1.091562145e-02,3.620315058e+01,3.454010625e+01,1.643563186e+00,1.948114887e-02
393,1.965000000e-02,1.095333115e-02,3.637964408e+01,3.469902980e+01,1.660947797e+00,1.966648301e-02
394,1.970000000e-02,1.099109980e-02,3.655649801e+01,3.485818513e+01,1.678460750e+00,1.985213220e-02
395,1.975000000e-02,1.102893612e-02,3.673371176e+01,3.501759057e+01,1.696083136e+00,2.003804832e-02
396,1.980000000e-02,1.106682874e-02,3.691128470e+01,3.517723726e+01,1.713823564e+00,2.022388131e-02
397,1.985000000e-02,1.110478445e-02,3.708921628e+01,3.533713830e+01,1.731668437e+00,2.040954557e-02
398,1.990000000e-02,1.114279527e-02,3.726750593e+01,3.549716052e+01,1.749750647e+00,2.059476583e-02
399,1.995000000e-02,1.118094158e-02,3.744615279e+01,3.565731365e+01,1.768056162e+00,2.078298551e-02
400,2.000000000e-02,1.121921083e-02,3.762515568e+01,3.581762025e+01,1.786561052e+00,2.097437899e-02
401,2.005000000e-02,1.125758779e-02,3.780451354e+01,3.597811148e+01,1.805233856e+00,2.116820091e-02
402,2.010000000e-02,1.129605335e-02,3.798422543e+01,3.613880698e+01,1.824054765e+00,2.136368216e-02
403,2.015000000e-02,1.133459588e-02,3.816429056e+01,3.629973411e+01,1.842996297e+00,2.156015377e-02
404,2.020000000e-02,1.137319949e-02,3.834470826e+01,3.646091966e+01,1.862031585e+00,2.175701425e-02
405,2.025000000e-02,1.141184903e-02,3.852547800e+01,3.662238658e+01,1.881137653e+00,2.195376946e-02
406,2.030000000e-02,1.145053127e-02,3.870659937e+01,3.678415039e+01,1.900298951e+00,2.215003199e-02
407,2.035000000e-02,1.148923753e-02,3.888807207e+01,3.694613598e+01,1.919590585e+00,2.234550958e-02
408,2.040000000e-02,1.152801042e-02,3.906989564e+01,3.710824980e+01,1.939104225e+00,2.254161075e-02
409,2.045000000e-02,1.156690094e-02,3.925206920e+01,3.727047090e+01,1.958857344e+00,2.274095384e-02
410,2.050000000e-02,1.160591828e-02,3.943459161e+01,3.743282693e+01,1.978821077e+00,2.294360500e-02
411,2.055000000e-02,1.164504492e-02,3.961746176e+01,3.759535333e+01,1.998959720e+00,2.314871145e-02
412,2.060000000e-02,1.168426016e-02,3.980067870e+01,3.775808434e+01,2.019238950e+00,2.335540711e-02
413,2.065000000e-02,1.172354457e-02,3.998424165e+01,3.792104954e+01,2.039629157e+00,2.356294454e-02
414,2.070000000e-02,1.176288170e-02,4.016815000e+01,3.808426080e+01,2.060118484e+00,2.377070922e-02
415,2.075000000e-02,1.180226526e-02,4.035240324e+01,3.824768406e+01,2.080740832e+00,2.397834821e-02
416,2.080000000e-02,1.184171533e-02,4.053700082e+01,3.841132416e+01,2.101490563e+00,2.418609693e-02
417,2.085000000e-02,1.188122889e-02,4.072194211e+01,3.857506098e+01,2.122487276e+00,2.439384828e-02
418,2.090000000e-02,1.192087342e-02,4.090722620e+01,3.873889333e+01,2.143728197e+00,2.460466523e-02
419,2.095000000e-02,1.196064488e-02,4.109285189e+01,3.890284432e+01,2.165188702e+00,2.481886726e-02
420,2.100000000e-02,1.200052851e-02,4.127881807e+01,3.906693790e+01,2.186844479e+00,2.503570052e-02
421,2.105000000e-02,1.204051062e-02,4.146512374e+01,3.923121094e+01,2.208658450e+00,2.525435824e-02
422,2.110000000e-02,1.208057033e-02,4.165176805e+01,3.939569757e+01,2.230596395e+00,2.547408215e-02
423,2.115000000e-02,1.212068866e-02,4.183875033e+01,3.956042462e+01,2.252631460e+00,2.569424863e-02
424,2.120000000e-02,1.216085097e-02,4.202607004e+01,3.972540819e+01,2.274747483e+00,2.591436702e-02
425,2.125000000e-02,1.220104863e-02,4.221372678e+01,3.989066277e+01,2.296929952e+00,2.613405688e-02
426,2.130000000e-02,1.224127400e-02,4.240172020e+01,4.005620251e+01,2.319164688e+00,2.635300101e-02
427,2.135000000e-02,1.228151966e-02,4.259005001e+01,4.022202838e+01,2.341450695e+00,2.657094044e-02
428,2.140000000e-02,1.232178541e-02,4.277871600e+01,4.038797972e+01,2.363948458e+00,2.678781953e-02
429,2.145000000e-02,1.236215642e-02,4.296771753e+01,4.055399854e+01,2.386711719e+00,2.700726717e-02
430,2.150000000e-02,1.240266053e-02,4.315705347e+01,4.072010193e+01,2.409720973e+00,2.723056907e-02
431,2.155000000e-02,1.244328576e-02,4.334672263e+01,4.088632428e+01,2.432941307e+00,2.745704211e-02
432,2.160000000e-02,1.248401267e-02,4.353672393e+01,4.105269601e+01,2.456342148e+00,2.768576679e-02
433,2.165000000e-02,1.252482530e-02,4.372705644e+01,4.121924974e+01,2.479890793e+00,2.791591270e-02
434,2.170000000e-02,1.256570641e-02,4.391771941e+01,4.138601733e+01,2.503555337e+00,2.814674147e-02
435,2.175000000e-02,1.260663926e-02,4.410871223e+01,4.155297172e+01,2.527362873e+00,2.837763374e-02
436,2.180000000e-02,1.264763879e-02,4.430003429e+01,4.172010304e+01,2.551322449e+00,2.860880337e-02
437,2.185000000e-02,1.268871075e-02,4.449168493e+01,4.188743668e+01,2.575407969e+00,2.884028624e-02
438,2.190000000e-02,1.272984132e-02,4.468366350e+01,4.205487202e+01,2.599719835e+00,2.907164344e-02
439,2.195000000e-02,1.277108408e-02,4.487596919e+01,4.222235788e+01,2.624306163e+00,2.930515115e-02
440,2.200000000e-02,1.281246213e-02,4.506860085e+01,4.238990794e+01,2.649150357e+00,2.954255643e-02
441,2.205000000e-02,1.285396442e-02,4.526155726e+01,4.255755313e+01,2.674220798e+00,2.978333100e-02
442,2.210000000e-02,1.289557339e-02,4.545483728e+01,4.272533255e+01,2.699478060e+00,3.002667458e-02
443,2.215000000e-02,1.293726806e-02,4.564843999e+01,4.289328000e+01,2.724888179e+00,3.027181121e-02
444,2.220000000e-02,1.297903070e-02,4.584236461e+01,4.306142386e+01,2.750422663e+00,3.051808631e-02
445,2.225000000e-02,1.302084664e-02,4.603661051e+01,4.322978779e+01,2.776057761e+00,3.076496091e-02
446,2.230000000e-02,1.306270373e-02,4.623117718e+01,4.339839039e+01,2.801774792e+00,3.101199818e-02
447,2.235000000e-02,1.310459263e-02,4.642606420e+01,4.356724609e+01,2.827559270e+00,3.125884632e-02
448,2.240000000e-02,1.314650617e-02,4.662127126e+01,4.373632129e+01,2.853444737e+00,3.150522719e-02
449,2.245000000e-02,1.318846234e-02,4.681679797e+01,4.390558676e+01,2.879459819e+00,3.175139317e-02
450,2.250000000e-02,1.323047609e-02,4.701264382e+01,4.407505370e+01,2.905592562e+00,3.199755733e-02
451,2.255000000e-02,1.327254145e-02,4.720880825e+01,4.424458940e+01,2.931975370e+00,3.224348381e-02
452,2.260000000e-02,1.331472482e-02,4.740529046e+01,4.441415368e+01,2.958644734e+00,3.249204762e-02
453,2.265000000e-02,1.335704345e-02,4.760208923e+01,4.458376831e+01,2.985576400e+00,3.274452098e-02
454,2.270000000e-02,1.339948367e-02,4.779920334e+01,4.475347165e+01,3.012731540e+00,3.300015067e-02
455,2.275000000e-02,1.344202523e-02,4.799663170e+01,4.492330107e+01,3.040072653e+00,3.325797360e-02
456,2.280000000e-02,1.348464926e-02,4.819437341e+01,4.509329578e+01,3.067560498e+00,3.351712670e-02
457,2.285000000e-02,1.352733621e-02,4.839242772e+01,4.526348516e+01,3.095165688e+00,3.377687704e-02
458,2.290000000e-02,1.357007189e-02,4.859079407e+01,4.543389798e+01,3.122859447e+00,3.403664529e-02
459,2.295000000e-02,1.361284220e-02,4.878947200e+01,4.560450859e+01,3.150667446e+00,3.429596409e-02
460,2.300000000e-02,1.365566017e-02,4.898846107e+01,4.577516426e+01,3.178741186e+00,3.455562289e-02
461,2.305000000e-02,1.369860049e-02,4.918776044e+01,4.594580266e+01,3.207137917e+00,3.481986027e-02
462,2.310000000e-02,1.374168939e-02,4.938736881e+01,4.611643417e+01,3.235845529e+00,3.508911778e-02
463,2.315000000e-02,1.378491896e-02,4.958728480e+01,4.628710628e+01,3.264815837e+00,3.536268196e-02
464,2.320000000e-02,1.382826406e-02,4.978750713e+01,4.645786234e+01,3.294005281e+00,3.563950740e-02
465,2.325000000e-02,1.387170293e-02,4.998803476e+01,4.662870840e+01,3.323407655e+00,3.591870614e-02
466,2.330000000e-02,1.391523235e-02,5.018886676e+01,4.679965657e+01,3.353010359e+00,3.619982820e-02
467,2.335000000e-02,1.395884719e-02,5.039000222e+01,4.697073810e+01,3.382781733e+00,3.648239177e-02
468,2.340000000e-02,1.400253240e-02,5.059144035e+01,4.714197859e+01,3.412695988e+00,3.676577229e-02
469,2.345000000e-02,1.404627626e-02,5.079318049e+01,4.731340733e+01,3.442723723e+00,3.704943747e-02
470,2.350000000e-02,1.409006485e-02,5.099522207e+01,4.748504839e+01,3.472840780e+00,3.733290398e-02
471,2.355000000e-02,1.413388712e-02,5.119756469e+01,4.765692238e+01,3.503026519e+00,3.761578673e-02
472,2.360000000e-02,1.417773362e-02,5.140020799e+01,4.782900572e+01,3.533304476e+00,3.789778907e-02
473,2.365000000e-02,1.422161597e-02,5.160315164e+01,4.800119024e+01,3.563781899e+00,3.817950397e-02
474,2.370000000e-02,1.426558512e-02,5.180639502e+01,4.817346435e+01,3.594466846e+00,3.846382737e-02
475,2.375000000e-02,1.430964322e-02,5.200993727e+01,4.834584160e+01,3.625344778e+00,3.875088690e-02
476,2.380000000e-02,1.435378241e-02,5.221377751e+01,4.851834915e+01,3.656388290e+00,3.904007897e-02
477,2.385000000e-02,1.439798923e-02,5.241791501e+01,4.869101175e+01,3.687572505e+00,3.933074895e-02
478,2.390000000e-02,1.444225210e-02,5.262234909e+01,4.886385937e+01,3.718867390e+00,3.962233414e-02
479,2.395000000e-02,1.448655674e-02,5.282707924e+01,4.903684924e+01,3.750315647e+00,3.991435676e-02
480,2.400000000e-02,1.453092385e-02,5.303210491e+01,4.920987695e+01,3.782019778e+00,4.020818090e-02
481,2.405000000e-02,1.457540113e-02,5.323742521e+01,4.938292412e+01,3.813994009e+00,4.050707615e-02
482,2.410000000e-02,1.461999256e-02,5.344303904e+01,4.955599690e+01,3.846231055e+00,4.081108143e-02
483,2.415000000e-02,1.466469332e-02,5.364894527e+01,4.972909180e+01,3.878733819e+00,4.111964981e-02
484,2.420000000e-02,1.470950477e-02,5.385514278e+01,4.990218740e+01,3.911523032e+00,4.143234914e-02
485,2.425000000e-02,1.475443672e-02,5.406163043e+01,5.007529714e+01,3.944584458e+00,4.174882937e-02
486,2.430000000e-02,1.479948239e-02,5.426840703e+01,5.024845416e+01,3.977884303e+00,4.206856260e-02
487,2.435000000e-02,1.484462616e-02,5.447547153e+01,5.042169669e+01,4.011383956e+00,4.239087895e-02
488,2.440000000e-02,1.488985034e-02,5.468282301e+01,5.059504273e+01,4.045065151e+00,4.271513385e-02
489,2.445000000e-02,1.493514696e-02,5.489046069e+01,5.076853094e+01,4.078888915e+00,4.304083529e-02
490,2.450000000e-02,1.498049868e-02,5.509838390e+01,5.094218933e+01,4.112827069e+00,4.336749756e-02
491,2.455000000e-02,1.502589331e-02,5.530659211e+01,5.111602431e+01,4.146873018e+00,4.369477865e-02
492,2.460000000e-02,1.507132872e-02,5.551508486e+01,5.128994583e+01,4.181116327e+00,4.402270536e-02
493,2.465000000e-02,1.511684654e-02,5.572386153e+01,5.146395168e+01,4.215556096e+00,4.435375529e-02
494,2.470000000e-02,1.516244501e-02,5.593292131e+01,5.163803096e+01,4.250202244e+00,4.468809961e-02
495,2.475000000e-02,1.520812830e-02,5.614226335e+01,5.181208928e+01,4.285148818e+00,4.502525073e-02
496,2.480000000e-02,1.525393985e-02,5.635188664e+01,5.198605886e+01,4.320462350e+00,4.536542913e-02
497,2.485000000e-02,1.529990835e-02,5.656178980e+01,5.215990825e+01,4.356170400e+00,4.571115116e-02
498,2.490000000e-02,1.534604362e-02,5.677197128e+01,5.233365211e+01,4.392255937e+00,4.606322765e-02
499,2.495000000e-02,1.539233541e-02,5.698242949e+01,5.250732026e+01,4.428688170e+00,4.642106272e-02
500,2.500000000e-02,1.543876836e-02,5.719316298e+01,5.268095178e+01,4.465427449e+00,4.678374870e-02
501,2.505000000e-02,1.548532378e-02,5.740417040e+01,5.285454619e+01,4.502473867e+00,4.715034470e-02
502,2.510000000e-02,1.553200287e-02,5.761545052e+01,5.302811192e+01,4.539818294e+00,4.752030531e-02
503,2.515000000e-02,1.557880138e-02,5.782700212e+01,5.320165922e+01,4.577449952e+00,4.789295299e-02
504,2.520000000e-02,1.562571488e-02,5.803882403e+01,5.337521254e+01,4.615343757e+00,4.826773562e-02
505,2.525000000e-02,1.567273182e-02,5.825091514e+01,5.354880545e+01,4.653465743e+00,4.864394841e-02
506,2.530000000e-02,1.571983747e-02,5.846327448e+01,5.372247337e+01,4.691780155e+00,4.902096255e-02
507,2.535000000e-02,1.576701652e-02,5.867590122e+01,5.389624806e+01,4.730254985e+00,4.939818007e-02
508,2.540000000e-02,1.581425546e-02,5.888879466e+01,5.407015714e+01,4.768862444e+00,4.977508413e-02
509,2.545000000e-02,1.586154271e-02,5.910195423e+01,5.424422299e+01,4.807579989e+00,5.015125011e-02
510,2.550000000e-02,1.590886899e-02,5.931537945e+01,5.441842982e+01,4.846423284e+00,5.052633982e-02
511,2.555000000e-02,1.595624229e-02,5.952906985e+01,5.459274175e+01,4.885427223e+00,5.090088167e-02
512,2.560000000e-02,1.600367805e-02,5.974302489e+01,5.476709361e+01,4.924655358e+00,5.127592062e-02
513,2.565000000e-02,1.605120353e-02,5.995724380e+01,5.494144585e+01,4.964144266e+00,5.165367686e-02
514,2.570000000e-02,1.609883312e-02,6.017172562e+01,5.511579156e+01,5.003898555e+00,5.203550815e-02
515,2.575000000e-02,1.614656707e-02,6.038646931e+01,5.529013774e+01,5.043910180e+00,5.242138973e-02
516,2.580000000e-02,1.619440097e-02,6.060147384e+01,5.546450165e+01,5.084161307e+00,5.281089028e-02
517,2.585000000e-02,1.624232660e-02,6.081673824e+01,5.563889172e+01,5.124643038e+00,5.320348251e-02
518,2.590000000e-02,1.629034078e-02,6.103226158e+01,5.581331023e+01,5.165352614e+00,5.359873783e-02
519,2.595000000e-02,1.633844285e-02,6.124804297e+01,5.598774221e+01,5.206304334e+00,5.399642446e-02
520,2.600000000e-02,1.638663950e-02,6.146408149e+01,5.616212285e+01,5.247561955e+00,5.439668316e-02
521,2.605000000e-02,1.643495859e-02,6.168037607e+01,5.633646533e+01,5.289110294e+00,5.480044392e-02
522,2.610000000e-02,1.648339284e-02,6.189692556e+01,5.651078271e+01,5.330934859e+00,5.520798331e-02
523,2.615000000e-02,1.653193622e-02,6.211372885e+01,5.668502744e+01,5.373081695e+00,5.561971494e-02
524,2.620000000e-02,1.658060997e-02,6.233078477e+01,5.685920285e+01,5.415543755e+00,5.603816369e-02
525,2.625000000e-02,1.662940884e-02,6.254809208e+01,5.703333032e+01,5.458297839e+00,5.646392931e-02
526,2.630000000e-02,1.667832192e-02,6.276564960e+01,5.720743876e+01,5.501313821e+00,5.689702118e-02
527,2.635000000e-02,1.672733623e-02,6.298345625e+01,5.738151159e+01,5.544607154e+00,5.733750536e-02
528,2.640000000e-02,1.677645990e-02,6.320151096e+01,5.755557024e+01,5.588154240e+00,5.778647913e-02
529,2.645000000e-02,1.682568204e-02,6.341981270e+01,5.772963972e+01,5.631928259e+00,5.824471452e-02
530,2.650000000e-02,1.687499160e-02,6.363836052e+01,5.790373977e+01,5.675907728e+00,5.871302579e-02
531,2.655000000e-02,1.692438059e-02,6.385715357e+01,5.807776578e+01,5.720195255e+00,5.919253628e-02
532,2.660000000e-02,1.697389046e-02,6.407619083e+01,5.825146788e+01,5.765038616e+00,5.968433041e-02
533,2.665000000e-02,1.702362194e-02,6.429547063e+01,5.842476302e+01,5.810517637e+00,6.018997314e-02
534,2.670000000e-02,1.707360578e-02,6.451499067e+01,5.859758668e+01,5.856693506e+00,6.071048350e-02
535,2.675000000e-02,1.712386613e-02,6.473474841e+01,5.876986561e+01,5.903636299e+00,6.124650569e-02
536,2.680000000e-02,1.717443023e-02,6.495474105e+01,5.894160197e+01,5.951341564e+00,6.179751539e-02
537,2.685000000e-02,1.722529416e-02,6.517496568e+01,5.911286880e+01,5.999734843e+00,6.236203507e-02
538,2.690000000e-02,1.727642540e-02,6.539541954e+01,5.928371563e+01,6.048765710e+00,6.293819945e-02
539,2.695000000e-02,1.732780323e-02,6.561610013e+01,5.945416453e+01,6.098411291e+00,6.352431477e-02
540,2.700000000e-02,1.737941863e-02,6.583700510e+01,5.962421716e+01,6.148668540e+00,6.411940223e-02
541,2.705000000e-02,1.743127025e-02,6.605813213e+01,5.979378744e+01,6.199621698e+00,6.472298554e-02
542,2.710000000e-02,1.748339573e-02,6.627947877e+01,5.996283874e+01,6.251302505e+00,6.533752279e-02
543,2.715000000e-02,1.753580520e-02,6.650104235e+01,6.013142106e+01,6.303657372e+00,6.596391902e-02
544,2.720000000e-02,1.758847315e-02,6.672282024e+01,6.029960175e+01,6.356617670e+00,6.660081597e-02
545,2.725000000e-02,1.764137003e-02,6.694481006e+01,6.046745085e+01,6.410112736e+00,6.724646806e-02
546,2.730000000e-02,1.769446654e-02,6.716700967e+01,6.063501645e+01,6.464094032e+00,6.789919181e-02
547,2.735000000e-02,1.774774240e-02,6.738941720e+01,6.080234689e+01,6.518512893e+00,6.855742043e-02
548,2.740000000e-02,1.780117858e-02,6.761203092e+01,6.096949553e+01,6.573315678e+00,6.921971062e-02
549,2.745000000e-02,1.785475370e-02,6.783484933e+01,6.113650225e+01,6.628462348e+00,6.988472893e-02
550,2.750000000e-02,1.790845208e-02,6.805787108e+01,6.130339196e+01,6.683927821e+00,7.055130025e-02
551,2.755000000e-02,1.796226358e-02,6.828109498e+01,6.147012013e+01,6.739756520e+00,7.121833711e-02
552,2.760000000e-02,1.801620872e-02,6.850451978e+01,6.163664275e+01,6.795990448e+00,7.188658104e-02
553,2.765000000e-02,1.807030421e-02,6.872814407e+01,6.180290404e+01,6.852682512e+00,7.255751872e-02
554,2.770000000e-02,1.812457070e-02,6.895196629e+01,6.196890802e+01,6.909825777e+00,7.323249262e-02
555,2.775000000e-02,1.817900344e-02,6.917598478e+01,6.213467001e+01,6.967403715e+00,7.391105605e-02
556,2.780000000e-02,1.823359490e-02,6.940019792e+01,6.230022110e+01,7.025384499e+00,7.459232144e-02
557,2.785000000e-02,1.828833186e-02,6.962460421e+01,6.246559879e+01,7.083730070e+00,7.527534871e-02
558,2.790000000e-02,1.834319903e-02,6.984920225e+01,6.263080053e+01,7.142442615e+00,7.595910675e-02
559,2.795000000e-02,1.839819833e-02,7.007399074e+01,6.279572073e+01,7.201626562e+00,7.664345246e-02
560,2.800000000e-02,1.845337417e-02,7.029896816e+01,6.296029214e+01,7.261344410e+00,7.733161643e-02
561,2.805000000e-02,1.850874894e-02,7.052413271e+01,6.312454934e+01,7.321558050e+00,7.802531184e-02
562,2.810000000e-02,1.856430354e-02,7.074948252e+01,6.328854318e+01,7.382215844e+00,7.872348697e-02
563,2.815000000e-02,1.862001617e-02,7.097501590e+01,6.345232818e+01,7.443263023e+00,7.942470453e-02
564,2.820000000e-02,1.867586496e-02,7.120073138e+01,6.361594537e+01,7.504658420e+00,8.012758576e-02
565,2.825000000e-02,1.873183436e-02,7.142662763e+01,6.377944765e+01,7.566349070e+00,8.083091115e-02
566,2.830000000e-02,1.878790370e-02,7.165270352e+01,6.394288415e+01,7.628285837e+00,8.153353478e-02
567,2.835000000e-02,1.884405427e-02,7.187895809e+01,6.410629193e+01,7.690431697e+00,8.223446393e-02
568,2.840000000e-02,1.890027248e-02,7.210539055e+01,6.426969105e+01,7.752766600e+00,8.293289365e-02
569,2.845000000e-02,1.895655192e-02,7.233200020e+01,6.443304971e+01,7.815322258e+00,8.362823364e-02
570,2.850000000e-02,1.901290614e-02,7.255878633e+01,6.459629132e+01,7.878173396e+00,8.432162082e-02
571,2.855000000e-02,1.906936527e-02,7.278574805e+01,6.475934639e+01,7.941386294e+00,8.501536088e-02
572,2.860000000e-02,1.912595369e-02,7.301288418e+01,6.492220516e+01,8.004967952e+00,8.571107599e-02
573,2.865000000e-02,1.918267170e-02,7.324019346e+01,6.508485851e+01,8.068926406e+00,8.640854049e-02
574,2.870000000e-02,1.923952129e-02,7.346767457e+01,6.524734338e+01,8.133223848e+00,8.710734058e-02
575,2.875000000e-02,1.929648663e-02,7.369532626e+01,6.540967930e+01,8.197840566e+00,8.780639402e-02
576,2.880000000e-02,1.935356050e-02,7.392314738e+01,6.557184221e+01,8.262800069e+00,8.850509647e-02
577,2.885000000e-02,1.941075333e-02,7.415113678e+01,6.573371538e+01,8.328217300e+00,8.920410459e-02
578,2.890000000e-02,1.946811185e-02,7.437929308e+01,6.589526071e+01,8.394125437e+00,8.990692675e-02
579,2.895000000e-02,1.952564527e-02,7.460761460e+01,6.605650594e+01,8.460494130e+00,9.061452741e-02
580,2.900000000e-02,1.958333831e-02,7.483609970e+01,6.621748666e+01,8.527287190e+00,9.132584530e-02
581,2.905000000e-02,1.964117584e-02,7.506474683e+01,6.637828812e+01,8.594419117e+00,9.203959191e-02
582,2.910000000e-02,1.969912453e-02,7.529355467e+01,6.653897259e+01,8.661828019e+00,9.275406871e-02
583,2.915000000e-02,1.975716098e-02,7.552252217e+01,6.669958141e+01,8.729472749e+00,9.346800855e-02
584,2.920000000e-02,1.981527048e-02,7.575164845e+01,6.686013186e+01,8.797336105e+00,9.418048332e-02
585,2.925000000e-02,1.987344843e-02,7.598093273e+01,6.702063529e+01,8.865406593e+00,9.489084984e-02
586,2.930000000e-02,1.993169145e-02,7.621037429e+01,6.718111219e+01,8.933663571e+00,9.559853302e-02
587,2.935000000e-02,1.998999217e-02,7.643997248e+01,6.734151896e+01,9.002150376e+00,9.630314115e-02
588,2.940000000e-02,2.004836852e-02,7.666972658e+01,6.750176905e+01,9.070950945e+00,9.700658537e-02
589,2.945000000e-02,2.010685241e-02,7.689963568e+01,6.766181605e+01,9.140108150e+00,9.771147668e-02
590,2.950000000e-02,2.016545784e-02,7.712969863e+01,6.782163340e+01,9.209646729e+00,9.841849766e-02
591,2.955000000e-02,2.022419246e-02,7.735991416e+01,6.798124925e+01,9.279537350e+00,9.912756416e-02
592,2.960000000e-02,2.028304324e-02,7.759028104e+01,6.814070879e+01,9.349734575e+00,9.983767653e-02
593,2.965000000e-02,2.034199273e-02,7.782079815e+01,6.830000635e+01,9.420244080e+00,1.005477155e-01
594,2.970000000e-02,2.040104475e-02,7.805146443e+01,6.845906525e+01,9.491141506e+00,1.012576762e-01
595,2.975000000e-02,2.046023011e-02,7.828227872e+01,6.861779012e+01,9.562518803e+00,1.019697947e-01
596,2.980000000e-02,2.051958272e-02,7.851323953e+01,6.877617987e+01,9.634372592e+00,1.026870665e-01
597,2.985000000e-02,2.057909619e-02,7.874434525e+01,6.893426161e+01,9.706674455e+00,1.034091860e-01
598,2.990000000e-02,2.063875775e-02,7.897559431e+01,6.909207415e+01,9.779385214e+00,1.041349459e-01
599,2.995000000e-02,2.069855228e-02,7.920698526e+01,6.924967097e+01,9.852451222e+00,1.048630696e-01
600,3.000000000e-02,2.075845963e-02,7.943851683e+01,6.940710883e+01,9.925815689e+00,1.055923098e-01
601,3.005000000e-02,2.081845914e-02,7.967018792e+01,6.956442312e+01,9.999443271e+00,1.063215317e-01
602,3.010000000e-02,2.087853949e-02,7.990199760e+01,6.972163631e+01,1.007331139e+01,1.070498988e-01
603,3.015000000e-02,2.093869386e-02,8.013394503e+01,6.987878773e+01,1.014738057e+01,1.077767301e-01
604,3.020000000e-02,2.099890793e-02,8.036602949e+01,7.003587274e+01,1.022165548e+01,1.085012610e-01
605,3.025000000e-02,2.105918501e-02,8.059825031e+01,7.019283516e+01,1.029619110e+01,1.092240481e-01
606,3.030000000e-02,2.111954647e-02,8.083060671e+01,7.034958777e+01,1.037107166e+01,1.099472833e-01
607,3.035000000e-02,2.118002304e-02,8.106309771e+01,7.050608984e+01,1.044633465e+01,1.106732176e-01
608,3.040000000e-02,2.124062585e-02,8.129572208e+01,7.066233485e+01,1.052198516e+01,1.114020648e-01
609,3.045000000e-02,2.130135494e-02,8.152847855e+01,7.081836164e+01,1.059798352e+01,1.121333845e-01
610,3.050000000e-02,2.136219402e-02,8.176136591e+01,7.097419325e+01,1.067430659e+01,1.128660666e-01
611,3.055000000e-02,2.142313515e-02,8.199438304e+01,7.112983295e+01,1.075095067e+01,1.135994264e-01
612,3.060000000e-02,2.148417814e-02,8.222752890e+01,7.128517483e+01,1.082802065e+01,1.143334179e-01
613,3.065000000e-02,2.154536499e-02,8.246080224e+01,7.144013804e+01,1.090559275e+01,1.150714550e-01
614,3.070000000e-02,2.160672065e-02,8.269420154e+01,7.159472845e+01,1.098365742e+01,1.158156730e-01
615,3.075000000e-02,2.166823650e-02,8.292772516e+01,7.174897531e+01,1.106218456e+01,1.165652920e-01
616,3.080000000e-02,2.172989996e-02,8.316137153e+01,7.190293572e+01,1.114111675e+01,1.173190548e-01
617,3.085000000e-02,2.179168925e-02,8.339513923e+01,7.205666232e+01,1.122040129e+01,1.180756186e-01
618,3.090000000e-02,2.185358573e-02,8.362902701e+01,7.221018893e+01,1.130000430e+01,1.188337863e-01
619,3.095000000e-02,2.191557903e-02,8.386303380e+01,7.236356283e+01,1.137987832e+01,1.195926532e-01
620,3.100000000e-02,2.197765246e-02,8.409715864e+01,7.251682257e+01,1.145998482e+01,1.203512444e-01
621,3.105000000e-02,2.203979345e-02,8.433140071e+01,7.266999898e+01,1.154029296e+01,1.211087718e-01
622,3.110000000e-02,2.210199195e-02,8.456575933e+01,7.282305437e+01,1.162084042e+01,1.218645480e-01
623,3.115000000e-02,2.216426402e-02,8.480023378e+01,7.297590733e+01,1.170170638e+01,1.226200712e-01
624,3.120000000e-02,2.222663882e-02,8.503482317e+01,7.312847671e+01,1.178296882e+01,1.233776440e-01
625,3.125000000e-02,2.228914325e-02,8.526952634e+01,7.328073897e+01,1.186464825e+01,1.241391176e-01
626,3.130000000e-02,2.235178131e-02,8.550434198e+01,7.343270441e+01,1.194673335e+01,1.249042210e-01
627,3.135000000e-02,2.241454689e-02,8.573926875e+01,7.358441602e+01,1.202918051e+01,1.256722218e-01
628,3.140000000e-02,2.247742324e-02,8.597430544e+01,7.373587876e+01,1.211198476e+01,1.264419211e-01
629,3.145000000e-02,2.254041033e-02,8.620945088e+01,7.388708841e+01,1.219514936e+01,1.272131107e-01
630,3.150000000e-02,2.260351027e-02,8.644470392e+01,7.403793936e+01,1.227877839e+01,1.279861725e-01
631,3.155000000e-02,2.266676341e-02,8.668006326e+01,7.418836665e+01,1.236293202e+01,1.287645915e-01
632,3.160000000e-02,2.273018696e-02,8.691552730e+01,7.433836372e+01,1.244761382e+01,1.295497554e-01
633,3.165000000e-02,2.279377771e-02,8.715109435e+01,7.448797075e+01,1.253278286e+01,1.303407367e-01
634,3.170000000e-02,2.285751882e-02,8.738676279e+01,7.463724746e+01,1.261837921e+01,1.311361237e-01
635,3.175000000e-02,2.292138864e-02,8.762253117e+01,7.478622877e+01,1.270436790e+01,1.319344998e-01
636,3.180000000e-02,2.298537682e-02,8.785839819e+01,7.493496370e+01,1.279069970e+01,1.327347857e-01
637,3.185000000e-02,2.304946637e-02,8.809436268e+01,7.508350575e+01,1.287732112e+01,1.335358178e-01
638,3.190000000e-02,2.311363929e-02,8.833042365e+01,7.523190412e+01,1.296418303e+01,1.343365051e-01
639,3.195000000e-02,2.317787956e-02,8.856658027e+01,7.538018276e+01,1.305126162e+01,1.351358945e-01
640,3.200000000e-02,2.324218115e-02,8.880283184e+01,7.552828310e+01,1.313861524e+01,1.359334932e-01
641,3.205000000e-02,2.330656817e-02,8.903917757e+01,7.567611389e+01,1.322633217e+01,1.367315070e-01
642,3.210000000e-02,2.337107198e-02,8.927561648e+01,7.582362320e+01,1.331446095e+01,1.375323283e-01
643,3.215000000e-02,2.343570647e-02,8.951214734e+01,7.597080770e+01,1.340300250e+01,1.383371436e-01
644,3.220000000e-02,2.350046863e-02,8.974876886e+01,7.611767483e+01,1.349194871e+01,1.391453278e-01
645,3.225000000e-02,2.356535454e-02,8.998547976e+01,7.626425902e+01,1.358126446e+01,1.399562804e-01
646,3.230000000e-02,2.363035111e-02,9.022227883e+01,7.641056442e+01,1.367094534e+01,1.407690706e-01
647,3.235000000e-02,2.369545844e-02,9.045916492e+01,7.655658269e+01,1.376099850e+01,1.415837294e-01
648,3.240000000e-02,2.376068005e-02,9.069613689e+01,7.670220021e+01,1.385153567e+01,1.424010160e-01
649,3.245000000e-02,2.382605816e-02,9.093319341e+01,7.684734868e+01,1.394262027e+01,1.432244571e-01
650,3.250000000e-02,2.389161062e-02,9.117033285e+01,7.699203863e+01,1.403423885e+01,1.440553691e-01
651,3.255000000e-02,2.395732748e-02,9.140755354e+01,7.713632122e+01,1.412633946e+01,1.448928571e-01
652,3.260000000e-02,2.402318846e-02,9.164485390e+01,7.728023078e+01,1.421888747e+01,1.457356460e-01
653,3.265000000e-02,2.408918292e-02,9.188223247e+01,7.742382263e+01,1.431182707e+01,1.465827678e-01
654,3.270000000e-02,2.415529169e-02,9.211968798e+01,7.756715049e+01,1.440510434e+01,1.474331490e-01
655,3.275000000e-02,2.422149720e-02,9.235721928e+01,7.771026774e+01,1.449866567e+01,1.482858754e-01
656,3.280000000e-02,2.428778209e-02,9.259482543e+01,7.785322473e+01,1.459246050e+01,1.491401930e-01
657,3.285000000e-02,2.435413027e-02,9.283250563e+01,7.799603072e+01,1.468647938e+01,1.499955257e-01
658,3.290000000e-02,2.442054101e-02,9.307025918e+01,7.813861984e+01,1.478078700e+01,1.508523393e-01
659,3.295000000e-02,2.448703978e-02,9.330808529e+01,7.828088875e+01,1.487548298e+01,1.517135639e-01
660,3.300000000e-02,2.455366090e-02,9.354598291e+01,7.842277681e+01,1.497062399e+01,1.525821166e-01
661,3.305000000e-02,2.462042015e-02,9.378395077e+01,7.856428735e+01,1.506620395e+01,1.534594753e-01
662,3.310000000e-02,2.468731117e-02,9.402198749e+01,7.870541602e+01,1.516222605e+01,1.543454188e-01
663,3.315000000e-02,2.475433472e-02,9.426009171e+01,7.884616021e+01,1.525869134e+01,1.552401582e-01
664,3.320000000e-02,2.482149133e-02,9.449826207e+01,7.898652429e+01,1.535559348e+01,1.561442949e-01
665,3.325000000e-02,2.488877869e-02,9.473649722e+01,7.912648605e+01,1.545295249e+01,1.570586858e-01
666,3.330000000e-02,2.495620528e-02,9.497479577e+01,7.926600050e+01,1.555080974e+01,1.579855374e-01
667,3.335000000e-02,2.502379065e-02,9.521315625e+01,7.940496623e+01,1.564926141e+01,1.589286104e-01
668,3.340000000e-02,2.509156430e-02,9.545157697e+01,7.954337313e+01,1.574831279e+01,1.598910424e-01
669,3.345000000e-02,2.515952068e-02,9.569005607e+01,7.968122663e+01,1.584795550e+01,1.608739402e-01
670,3.350000000e-02,2.522765574e-02,9.592859171e+01,7.981853394e+01,1.594817924e+01,1.618785326e-01
671,3.355000000e-02,2.529596364e-02,9.616718208e+01,7.995524831e+01,1.604902765e+01,1.629061188e-01
672,3.360000000e-02,2.536445544e-02,9.640582530e+01,8.009108805e+01,1.615077904e+01,1.639582041e-01
673,3.365000000e-02,2.543321026e-02,9.664451903e+01,8.022591329e+01,1.625357033e+01,1.650354070e-01
674,3.370000000e-02,2.550226874e-02,9.688326030e+01,8.035966845e+01,1.635745477e+01,1.661370806e-01
675,3.375000000e-02,2.557164773e-02,9.712204588e+01,8.049222152e+01,1.646256249e+01,1.672618652e-01
676,3.380000000e-02,2.564138940e-02,9.736087226e+01,8.062347422e+01,1.656898837e+01,1.684096674e-01
677,3.385000000e-02,2.571152812e-02,9.759973561e+01,8.075338245e+01,1.667677138e+01,1.695817782e-01
678,3.390000000e-02,2.578207451e-02,9.783863190e+01,8.088196533e+01,1.678588874e+01,1.707778322e-01
679,3.395000000e-02,2.585301996e-02,9.807755710e+01,8.100930489e+01,1.689625540e+01,1.719968062e-01
680,3.400000000e-02,2.592433446e-02,9.831650733e+01,8.113548023e+01,1.700779108e+01,1.732360174e-01
681,3.405000000e-02,2.599599274e-02,9.855547898e+01,8.126049785e+01,1.712048814e+01,1.744929908e-01
682,3.410000000e-02,2.606799749e-02,9.879446857e+01,8.138443840e+01,1.723426307e+01,1.757671012e-01
683,3.415000000e-02,2.614031872e-02,9.903347276e+01,8.150726912e+01,1.734914746e+01,1.770561893e-01
684,3.420000000e-02,2.621297382e-02,9.927248831e+01,8.162892466e+01,1.746520179e+01,1.783618627e-01
685,3.425000000e-02,2.628598355e-02,9.951151184e+01,8.174936726e+01,1.758245891e+01,1.796856734e-01
686,3.430000000e-02,2.635935469e-02,9.975053981e+01,8.186865369e+01,1.770085849e+01,1.810276353e-01
687,3.435000000e-02,2.643306128e-02,9.998956877e+01,8.198687067e+01,1.782031283e+01,1.823852719e-01
688,3.440000000e-02,2.650707297e-02,1.002285955e+02,8.210411016e+01,1.794072958e+01,1.837557315e-01
689,3.445000000e-02,2.658136006e-02,1.004676169e+02,8.222046541e+01,1.806201533e+01,1.851361913e-01
690,3.450000000e-02,2.665589305e-02,1.007066305e+02,8.233603477e+01,1.818407180e+01,1.865239170e-01
691,3.455000000e-02,2.673064192e-02,1.009456337e+02,8.245091409e+01,1.830680328e+01,1.879163515e-01
692,3.460000000e-02,2.680557770e-02,1.011846246e+02,8.256506281e+01,1.843025060e+01,1.893111458e-01
693,3.465000000e-02,2.688072296e-02,1.014236010e+02,8.267852433e+01,1.855436599e+01,1.907106399e-01
694,3.470000000e-02,2.695606341e-02,1.016625609e+02,8.279128620e+01,1.867915979e+01,1.921149167e-01
695,3.475000000e-02,2.703159989e-02,1.019015024e+02,8.290333508e+01,1.880464320e+01,1.935241712e-01
696,3.480000000e-02,2.710733502e-02,1.021404236e+02,8.301470845e+01,1.893077630e+01,1.949388554e-01
697,3.485000000e-02,2.718325238e-02,1.023793224e+02,8.312538491e+01,1.905758018e+01,1.963573426e-01
698,3.490000000e-02,2.725936177e-02,1.026181970e+02,8.323535594e+01,1.918506149e+01,1.977796054e-01
699,3.495000000e-02,2.733566501e-02,1.028570455e+02,8.334458857e+01,1.931325171e+01,1.992051808e-01
700,3.500000000e-02,2.741217493e-02,1.030958657e+02,8.345302504e+01,1.944220615e+01,2.006345148e-01
701,3.505000000e-02,2.748891173e-02,1.033346557e+02,8.356056950e+01,1.957201594e+01,2.020702252e-01
702,3.510000000e-02,2.756590497e-02,1.035734130e+02,8.366722959e+01,1.970266908e+01,2.035143364e-01
703,3.515000000e-02,2.764314289e-02,1.038121353e+02,8.377306399e+01,1.983410508e+01,2.049661952e-01
704,3.520000000e-02,2.772060191e-02,1.040508201e+02,8.387815385e+01,1.996624266e+01,2.064236214e-01
705,3.525000000e-02,2.779825509e-02,1.042894655e+02,8.398258929e+01,2.009899193e+01,2.078842501e-01
706,3.530000000e-02,2.787607425e-02,1.045280694e+02,8.408645597e+01,2.023226764e+01,2.093457963e-01
707,3.535000000e-02,2.795403329e-02,1.047666303e+02,8.418982779e+01,2.036599642e+01,2.108061312e-01
708,3.540000000e-02,2.803211102e-02,1.050051469e+02,8.429264436e+01,2.050023906e+01,2.122634632e-01
709,3.545000000e-02,2.811033637e-02,1.052436177e+02,8.439486363e+01,2.063503359e+01,2.137204638e-01
710,3.550000000e-02,2.818871982e-02,1.054820412e+02,8.449650026e+01,2.077036168e+01,2.151792696e-01
711,3.555000000e-02,2.826725116e-02,1.057204160e+02,8.459751869e+01,2.090625809e+01,2.166391843e-01
712,3.560000000e-02,2.834594349e-02,1.059587404e+02,8.469792415e+01,2.104271493e+01,2.181012810e-01
713,3.565000000e-02,2.842479105e-02,1.061970128e+02,8.479768778e+01,2.117976004e+01,2.195649987e-01
714,3.570000000e-02,2.850380510e-02,1.064352317e+02,8.489680847e+01,2.131739257e+01,2.210306782e-01
715,3.575000000e-02,2.858298369e-02,1.066733954e+02,8.499527024e+01,2.145562766e+01,2.224975128e-01
716,3.580000000e-02,2.866233342e-02,1.069115022e+02,8.509302054e+01,2.159451668e+01,2.239650132e-01
717,3.585000000e-02,2.874187480e-02,1.071495504e+02,8.519001768e+01,2.173409654e+01,2.254361919e-01
718,3.590000000e-02,2.882161629e-02,1.073875381e+02,8.528618371e+01,2.187444169e+01,2.269126667e-01
719,3.595000000e-02,2.890158129e-02,1.076254631e+02,8.538153958e+01,2.201552749e+01,2.283960791e-01
720,3.600000000e-02,2.898175370e-02,1.078633235e+02,8.547614310e+01,2.215729555e+01,2.298848962e-01
721,3.605000000e-02,2.906211269e-02,1.081011173e+02,8.557006870e+01,2.229967166e+01,2.313768986e-01
722,3.610000000e-02,2.914263449e-02,1.083388425e+02,8.566339719e+01,2.244257555e+01,2.328697646e-01
723,3.615000000e-02,2.922329476e-02,1.085764977e+02,8.575618834e+01,2.258594811e+01,2.343612516e-01
724,3.620000000e-02,2.930407803e-02,1.088140815e+02,8.584846656e+01,2.272976504e+01,2.358498799e-01
725,3.625000000e-02,2.938498071e-02,1.090515926e+02,8.594018729e+01,2.287406998e+01,2.373353059e-01
726,3.630000000e-02,2.946602219e-02,1.092890297e+02,8.603134091e+01,2.301886870e+01,2.388201148e-01
727,3.635000000e-02,2.954720093e-02,1.095263916e+02,8.612192079e+01,2.316416543e+01,2.403053456e-01
728,3.640000000e-02,2.962851702e-02,1.097636767e+02,8.621190350e+01,2.330998217e+01,2.417910520e-01
729,3.645000000e-02,2.970997770e-02,1.100008838e+02,8.630127870e+01,2.345632699e+01,2.432781286e-01
730,3.650000000e-02,2.979158431e-02,1.102380114e+02,8.638999456e+01,2.360325061e+01,2.447662175e-01
731,3.655000000e-02,2.987335591e-02,1.104750579e+02,8.647807342e+01,2.375072869e+01,2.462558022e-01
732,3.660000000e-02,2.995527973e-02,1.107120219e+02,8.656554213e+01,2.389873409e+01,2.477456277e-01
733,3.665000000e-02,3.003734727e-02,1.109489017e+02,8.665229429e+01,2.404737301e+01,2.492344252e-01
734,3.670000000e-02,3.011960343e-02,1.111856959e+02,8.673820276e+01,2.419676542e+01,2.507277526e-01
735,3.675000000e-02,3.020208205e-02,1.114224026e+02,8.682323254e+01,2.434694066e+01,2.522293652e-01
736,3.680000000e-02,3.028478130e-02,1.116590195e+02,8.690742016e+01,2.449786083e+01,2.537385292e-01
737,3.685000000e-02,3.036768342e-02,1.118955447e+02,8.699083580e+01,2.464945584e+01,2.552530560e-01
738,3.690000000e-02,3.045076492e-02,1.121319762e+02,8.707356664e+01,2.480163901e+01,2.567705095e-01
739,3.695000000e-02,3.053399932e-02,1.123683122e+02,8.715570192e+01,2.495432178e+01,2.582884916e-01
740,3.700000000e-02,3.061736075e-02,1.126045513e+02,8.723726671e+01,2.510747987e+01,2.598047372e-01
741,3.705000000e-02,3.070084818e-02,1.128406922e+02,8.731830010e+01,2.526107327e+01,2.613188523e-01
742,3.710000000e-02,3.078445017e-02,1.130767337e+02,8.739886545e+01,2.541503849e+01,2.628297503e-01
743,3.715000000e-02,3.086814691e-02,1.133126746e+02,8.747903172e+01,2.556930717e+01,2.643357635e-01
744,3.720000000e-02,3.095191879e-02,1.135485142e+02,8.755868628e+01,2.572399229e+01,2.658356151e-01
745,3.725000000e-02,3.103581457e-02,1.137842514e+02,8.763780225e+01,2.587911379e+01,2.673353130e-01
746,3.730000000e-02,3.111983069e-02,1.140198850e+02,8.771640458e+01,2.603464555e+01,2.688348779e-01
747,3.735000000e-02,3.120395482e-02,1.142554140e+02,8.779443005e+01,2.619065137e+01,2.703325854e-01
748,3.740000000e-02,3.128821503e-02,1.144908372e+02,8.787176203e+01,2.634724341e+01,2.718317367e-01
749,3.745000000e-02,3.137264685e-02,1.147261531e+02,8.794819846e+01,2.650461761e+01,2.733370033e-01
750,3.750000000e-02,3.145731368e-02,1.149613599e+02,8.802365844e+01,2.666284874e+01,2.748526808e-01
751,3.755000000e-02,3.154222384e-02,1.151964553e+02,8.809813475e+01,2.682194219e+01,2.763783944e-01
752,3.760000000e-02,3.162737097e-02,1.154314372e+02,8.817169467e+01,2.698183046e+01,2.779120146e-01
753,3.765000000e-02,3.171272907e-02,1.156663031e+02,8.824443511e+01,2.714241724e+01,2.794507544e-01
754,3.770000000e-02,3.179826802e-02,1.159010512e+02,8.831646629e+01,2.730359318e+01,2.809917382e-01
755,3.775000000e-02,3.188395607e-02,1.161356797e+02,8.838787122e+01,2.746527629e+01,2.825322279e-01
756,3.780000000e-02,3.196977279e-02,1.163701873e+02,8.845870651e+01,2.762741045e+01,2.840702921e-01
757,3.785000000e-02,3.205570561e-02,1.166045725e+02,8.852904753e+01,2.778992003e+01,2.856049219e-01
758,3.790000000e-02,3.214173246e-02,1.168388344e+02,8.859897749e+01,2.795272232e+01,2.871345530e-01
759,3.795000000e-02,3.222782975e-02,1.170729720e+02,8.866857547e+01,2.811573901e+01,2.886575272e-01
760,3.800000000e-02,3.231397581e-02,1.173069848e+02,8.873791372e+01,2.827889879e+01,2.901722555e-01
761,3.805000000e-02,3.240015191e-02,1.175408722e+02,8.880694749e+01,2.844224728e+01,2.916774380e-01
762,3.810000000e-02,3.248638379e-02,1.177746339e+02,8.887554266e+01,2.860591500e+01,2.931762601e-01
763,3.815000000e-02,3.257271570e-02,1.180082692e+02,8.894345971e+01,2.877013429e+01,2.946752237e-01
764,3.820000000e-02,3.265922282e-02,1.182417770e+02,8.901061608e+01,2.893498096e+01,2.961799433e-01
765,3.825000000e-02,3.274590827e-02,1.184751556e+02,8.907703209e+01,2.910043390e+01,2.976896402e-01
766,3.830000000e-02,3.283275550e-02,1.187084036e+02,8.914277093e+01,2.926643064e+01,2.992019968e-01
767,3.835000000e-02,3.291974236e-02,1.189415192e+02,8.920783453e+01,2.943297021e+01,3.007145030e-01
768,3.840000000e-02,3.300687480e-02,1.191745013e+02,8.927219234e+01,2.960008164e+01,3.022273084e-01
769,3.845000000e-02,3.309416486e-02,1.194073482e+02,8.933586696e+01,2.976774050e+01,3.037407559e-01
770,3.850000000e-02,3.318160141e-02,1.196400586e+02,8.939889345e+01,2.993591148e+01,3.052536403e-01
771,3.855000000e-02,3.326917409e-02,1.198726310e+02,8.946133744e+01,3.010452896e+01,3.067646035e-01
772,3.860000000e-02,3.335686232e-02,1.201050642e+02,8.952324618e+01,3.027354596e+01,3.082721068e-01
773,3.865000000e-02,3.344465669e-02,1.203373572e+02,8.958454727e+01,3.044303398e+01,3.097759911e-01
774,3.870000000e-02,3.353259077e-02,1.205695088e+02,8.964520602e+01,3.061302229e+01,3.112805332e-01
775,3.875000000e-02,3.362066470e-02,1.208015178e+02,8.970524683e+01,3.078348502e+01,3.127859480e-01
776,3.880000000e-02,3.370886413e-02,1.210333829e+02,8.976471915e+01,3.095437345e+01,3.142902679e-01
777,3.885000000e-02,3.379717330e-02,1.212651029e+02,8.982370861e+01,3.112560272e+01,3.157915330e-01
778,3.890000000e-02,3.388556534e-02,1.214966768e+02,8.988228154e+01,3.129710777e+01,3.172875259e-01
779,3.895000000e-02,3.397402531e-02,1.217281040e+02,8.994030101e+01,3.146902594e+01,3.187770359e-01
780,3.900000000e-02,3.406261573e-02,1.219593835e+02,8.999761642e+01,3.164149983e+01,3.202672038e-01
781,3.905000000e-02,3.415137191e-02,1.221905140e+02,9.005416470e+01,3.181458706e+01,3.217622370e-01
782,3.910000000e-02,3.424030036e-02,1.224214941e+02,9.010995592e+01,3.198827690e+01,3.232612478e-01
783,3.915000000e-02,3.432939067e-02,1.226523221e+02,9.016502567e+01,3.216253446e+01,3.247620195e-01
784,3.920000000e-02,3.441863157e-02,1.228829967e+02,9.021946133e+01,3.233727275e+01,3.262626307e-01
785,3.925000000e-02,3.450799457e-02,1.231135164e+02,9.027337000e+01,3.251238589e+01,3.277605414e-01
786,3.930000000e-02,3.459744929e-02,1.233438802e+02,9.032679998e+01,3.268782694e+01,3.292533084e-01
787,3.935000000e-02,3.468698943e-02,1.235740872e+02,9.037975903e+01,3.286358718e+01,3.307410185e-01
788,3.940000000e-02,3.477661679e-02,1.238041366e+02,9.043211728e+01,3.303979444e+01,3.322248798e-01
789,3.945000000e-02,3.486638333e-02,1.240340274e+02,9.048373189e+01,3.321658574e+01,3.337097603e-01
790,3.950000000e-02,3.495632489e-02,1.242637583e+02,9.053457624e+01,3.339398231e+01,3.351997296e-01
791,3.955000000e-02,3.504643128e-02,1.244933277e+02,9.058470098e+01,3.357193376e+01,3.366930066e-01
792,3.960000000e-02,3.513668155e-02,1.247227343e+02,9.063418110e+01,3.375036614e+01,3.381870916e-01
793,3.965000000e-02,3.522705395e-02,1.249519767e+02,9.068308404e+01,3.392921302e+01,3.396796456e-01
794,3.970000000e-02,3.531753255e-02,1.251810538e+02,9.073150667e+01,3.410837829e+01,3.411687971e-01
795,3.975000000e-02,3.540808881e-02,1.254099646e+02,9.077955282e+01,3.428775949e+01,3.426522776e-01
796,3.980000000e-02,3.549869463e-02,1.256387085e+02,9.082717728e+01,3.446740325e+01,3.441279780e-01
797,3.985000000e-02,3.558938124e-02,1.258672850e+02,9.087424701e+01,3.464743832e+01,3.455996311e-01
798,3.990000000e-02,3.568019050e-02,1.260956931e+02,9.092061728e+01,3.482800426e+01,3.470715937e-01
799,3.995000000e-02,3.577115808e-02,1.263239318e+02,9.096624038e+01,3.500914479e+01,3.485466613e-01
800,4.000000000e-02,3.586228479e-02,1.265519997e+02,9.101114617e+01,3.519082949e+01,3.500240370e-01
801,4.005000000e-02,3.595355510e-02,1.267798953e+02,9.105539186e+01,3.537300189e+01,3.515015589e-01
802,4.010000000e-02,3.604495202e-02,1.270076174e+02,9.109907184e+01,3.555556835e+01,3.529771997e-01
803,4.015000000e-02,3.613644706e-02,1.272351648e+02,9.114229970e+01,3.573841658e+01,3.544485551e-01
804,4.020000000e-02,3.622800875e-02,1.274625368e+02,9.118516602e+01,3.592145748e+01,3.559133323e-01
805,4.025000000e-02,3.631961587e-02,1.276897328e+02,9.122766602e+01,3.610469657e+01,3.573702110e-01
806,4.030000000e-02,3.641128008e-02,1.279167523e+02,9.126973519e+01,3.628819545e+01,3.588216296e-01
807,4.035000000e-02,3.650302459e-02,1.281435947e+02,9.131118678e+01,3.647213810e+01,3.602697974e-01
808,4.040000000e-02,3.659491411e-02,1.283702592e+02,9.135186082e+01,3.665667722e+01,3.617211318e-01
809,4.045000000e-02,3.668698085e-02,1.285967444e+02,9.139172662e+01,3.684183972e+01,3.631780898e-01
810,4.050000000e-02,3.677921578e-02,1.288230490e+02,9.143083762e+01,3.702757246e+01,3.646388766e-01
811,4.055000000e-02,3.687159728e-02,1.290491712e+02,9.146927197e+01,3.721379825e+01,3.661010196e-01
812,4.060000000e-02,3.696410341e-02,1.292751100e+02,9.150711636e+01,3.740043143e+01,3.675621942e-01
813,4.065000000e-02,3.705671126e-02,1.295008641e+02,9.154447589e+01,3.758736799e+01,3.690202067e-01
814,4.070000000e-02,3.714939174e-02,1.297264327e+02,9.158146128e+01,3.777449863e+01,3.704727747e-01
815,4.075000000e-02,3.724211580e-02,1.299518152e+02,9.161817858e+01,3.796171876e+01,3.719178210e-01
816,4.080000000e-02,3.733485688e-02,1.301770112e+02,9.165466871e+01,3.814898900e+01,3.733535226e-01
817,4.085000000e-02,3.742761301e-02,1.304020207e+02,9.169088201e+01,3.833635830e+01,3.747803880e-01
818,4.090000000e-02,3.752040595e-02,1.306268434e+02,9.172678413e+01,3.852385771e+01,3.762015938e-01
819,4.095000000e-02,3.761323846e-02,1.308514791e+02,9.176233061e+01,3.871153123e+01,3.776173096e-01
820,4.100000000e-02,3.770612443e-02,1.310759275e+02,9.179736024e+01,3.889953910e+01,3.790281582e-01
821,4.105000000e-02,3.779912282e-02,1.313001879e+02,9.183181356e+01,3.908793575e+01,3.804385418e-01
822,4.110000000e-02,3.789223098e-02,1.315242594e+02,9.186565586e+01,3.927675578e+01,3.818477053e-01
823,4.115000000e-02,3.798545830e-02,1.317481410e+02,9.189890607e+01,3.946597857e+01,3.832563555e-01
824,4.120000000e-02,3.807879339e-02,1.319718318e+02,9.193162636e+01,3.965554180e+01,3.846636191e-01
825,4.125000000e-02,3.817221593e-02,1.321953308e+02,9.196389326e+01,3.984536966e+01,3.860679029e-01
826,4.130000000e-02,3.826570529e-02,1.324186374e+02,9.199565926e+01,4.003551039e+01,3.874677387e-01
827,4.135000000e-02,3.835929131e-02,1.326417508e+02,9.202687022e+01,4.022601383e+01,3.888667365e-01
828,4.140000000e-02,3.845298096e-02,1.328646702e+02,9.205744246e+01,4.041696235e+01,3.902653822e-01
829,4.145000000e-02,3.854680096e-02,1.330873946e+02,9.208735924e+01,4.060836984e+01,3.916655763e-01
830,4.150000000e-02,3.864074340e-02,1.333099230e+02,9.211665438e+01,4.080020228e+01,3.930663823e-01
831,4.155000000e-02,3.873479601e-02,1.335322543e+02,9.214540116e+01,4.099238699e+01,3.944661618e-01
832,4.160000000e-02,3.882893649e-02,1.337543875e+02,9.217368949e+01,4.118483515e+01,3.958628979e-01
833,4.165000000e-02,3.892314101e-02,1.339763220e+02,9.220159963e+01,4.137746772e+01,3.972546258e-01
834,4.170000000e-02,3.901739075e-02,1.341980571e+02,9.222922028e+01,4.157019715e+01,3.986396726e-01
835,4.175000000e-02,3.911166216e-02,1.344195926e+02,9.225662757e+01,4.176294877e+01,4.000162702e-01
836,4.180000000e-02,3.920593832e-02,1.346409284e+02,9.228379898e+01,4.195574598e+01,4.013834156e-01
837,4.185000000e-02,3.930023754e-02,1.348620643e+02,9.231064038e+01,4.214868096e+01,4.027429713e-01
838,4.190000000e-02,3.939459155e-02,1.350830003e+02,9.233710420e+01,4.234179758e+01,4.040984746e-01
839,4.195000000e-02,3.948900187e-02,1.353037358e+02,9.236321635e+01,4.253506957e+01,4.054498828e-01
840,4.200000000e-02,3.958345443e-02,1.355242706e+02,9.238901904e+01,4.272845573e+01,4.067958050e-01
841,4.205000000e-02,3.967793826e-02,1.357446043e+02,9.241447048e+01,4.292199844e+01,4.081353502e-01
842,4.210000000e-02,3.977247591e-02,1.359647366e+02,9.243949870e+01,4.311576703e+01,4.094708402e-01
843,4.215000000e-02,3.986708667e-02,1.361846670e+02,9.246406591e+01,4.330979714e+01,4.108039887e-01
844,4.220000000e-02,3.996177408e-02,1.364043951e+02,9.248821490e+01,4.350404573e+01,4.121344487e-01
845,4.225000000e-02,4.005651882e-02,1.366239202e+02,9.251196233e+01,4.369849718e+01,4.134606543e-01
846,4.230000000e-02,4.015132363e-02,1.368432418e+02,9.253528858e+01,4.389316983e+01,4.147833710e-01
847,4.235000000e-02,4.024619519e-02,1.370623594e+02,9.255817220e+01,4.408808316e+01,4.161040742e-01
848,4.240000000e-02,4.034113688e-02,1.372812726e+02,9.258057531e+01,4.428327452e+01,4.174227719e-01
849,4.245000000e-02,4.043616084e-02,1.374999806e+02,9.260250433e+01,4.447873583e+01,4.187404897e-01
850,4.250000000e-02,4.053125691e-02,1.377184830e+02,9.262401357e+01,4.467441317e+01,4.200562115e-01
851,4.255000000e-02,4.062640722e-02,1.379367789e+02,9.264515810e+01,4.487025253e+01,4.213683173e-01
852,4.260000000e-02,4.072160050e-02,1.381548682e+02,9.266600764e+01,4.506618506e+01,4.226754801e-01
853,4.265000000e-02,4.081681695e-02,1.383727504e+02,9.268664076e+01,4.526213343e+01,4.239762075e-01
854,4.270000000e-02,4.091203652e-02,1.385904255e+02,9.270713085e+01,4.545802556e+01,4.252690465e-01
855,4.275000000e-02,4.100724217e-02,1.388078934e+02,9.272751103e+01,4.565382965e+01,4.265527527e-01
856,4.280000000e-02,4.110243136e-02,1.390251545e+02,9.274773664e+01,4.584959032e+01,4.278275570e-01
857,4.285000000e-02,4.119762488e-02,1.392422089e+02,9.276772140e+01,4.604539150e+01,4.290960046e-01
858,4.290000000e-02,4.129284709e-02,1.394590566e+02,9.278743791e+01,4.624125881e+01,4.303598511e-01
859,4.295000000e-02,4.138809535e-02,1.396756974e+02,9.280692125e+01,4.643715788e+01,4.316183032e-01
860,4.300000000e-02,4.148335533e-02,1.398921314e+02,9.282620296e+01,4.663305844e+01,4.328699682e-01
861,4.305000000e-02,4.157862253e-02,1.401083584e+02,9.284518125e+01,4.682906257e+01,4.341145725e-01
862,4.310000000e-02,4.167394183e-02,1.403243783e+02,9.286376774e+01,4.702525359e+01,4.353570193e-01
863,4.315000000e-02,4.176932487e-02,1.405401909e+02,9.288185611e+01,4.722173651e+01,4.365983100e-01
864,4.320000000e-02,4.186480506e-02,1.407557956e+02,9.289937318e+01,4.741858060e+01,4.378417835e-01
865,4.325000000e-02,4.196038976e-02,1.409711915e+02,9.291628062e+01,4.761582342e+01,4.390874687e-01
866,4.330000000e-02,4.205608675e-02,1.411863779e+02,9.293250987e+01,4.781353294e+01,4.403350604e-01
867,4.335000000e-02,4.215191844e-02,1.414013536e+02,9.294804634e+01,4.801172201e+01,4.415852894e-01
868,4.340000000e-02,4.224787900e-02,1.416161177e+02,9.296294908e+01,4.821033153e+01,4.428371226e-01
869,4.345000000e-02,4.234394703e-02,1.418306691e+02,9.297731560e+01,4.840926477e+01,4.440887318e-01
870,4.350000000e-02,4.244009514e-02,1.420450069e+02,9.299124780e+01,4.860842088e+01,4.453382008e-01
871,4.355000000e-02,4.253629873e-02,1.422591305e+02,9.300486023e+01,4.880768646e+01,4.465837751e-01
872,4.360000000e-02,4.263252733e-02,1.424730395e+02,9.301826585e+01,4.900694987e+01,4.478237732e-01
873,4.365000000e-02,4.272875284e-02,1.426867338e+02,9.303156747e+01,4.920610963e+01,4.490567359e-01
874,4.370000000e-02,4.282495042e-02,1.429002136e+02,9.304485456e+01,4.940507764e+01,4.502814281e-01
875,4.375000000e-02,4.292109904e-02,1.431134792e+02,9.305818981e+01,4.960379260e+01,4.514968287e-01
876,4.380000000e-02,4.301718633e-02,1.433265312e+02,9.307160446e+01,4.980222456e+01,4.527021876e-01
877,4.385000000e-02,4.311320877e-02,1.435393702e+02,9.308503345e+01,5.000043926e+01,4.538974422e-01
878,4.390000000e-02,4.320919637e-02,1.437519967e+02,9.309844000e+01,5.019847178e+01,4.550848975e-01
879,4.395000000e-02,4.330514950e-02,1.439644112e+02,9.311184177e+01,5.039630489e+01,4.562645889e-01
880,4.400000000e-02,4.340105925e-02,1.441766143e+02,9.312526566e+01,5.059391276e+01,4.574358996e-01
881,4.405000000e-02,4.349691996e-02,1.443886064e+02,9.313864520e+01,5.079136263e+01,4.585985643e-01
882,4.410000000e-02,4.359276303e-02,1.446003879e+02,9.315188697e+01,5.098874541e+01,4.597555390e-01
883,4.415000000e-02,4.368861036e-02,1.448119592e+02,9.316476222e+01,5.118628845e+01,4.609085038e-01
884,4.420000000e-02,4.378454084e-02,1.450233200e+02,9.317706531e+01,5.138418961e+01,4.620651123e-01
885,4.425000000e-02,4.388058621e-02,1.452344699e+02,9.318871372e+01,5.158252964e+01,4.632265587e-01
886,4.430000000e-02,4.397675632e-02,1.454454079e+02,9.319972536e+01,5.178129095e+01,4.643916046e-01
887,4.435000000e-02,4.407303761e-02,1.456561330e+02,9.321012507e+01,5.198044960e+01,4.655583682e-01
888,4.440000000e-02,4.416942800e-02,1.458666444e+02,9.321998836e+01,5.217993040e+01,4.667256073e-01
889,4.445000000e-02,4.426590100e-02,1.460769411e+02,9.322943168e+01,5.237961788e+01,4.678915405e-01
890,4.450000000e-02,4.436242455e-02,1.462870226e+02,9.323858146e+01,5.257938679e+01,4.690543866e-01
891,4.455000000e-02,4.445896674e-02,1.464968887e+02,9.324755730e+01,5.277911880e+01,4.702125583e-01
892,4.460000000e-02,4.455549873e-02,1.467065391e+02,9.325646697e+01,5.297870745e+01,4.713647133e-01
893,4.465000000e-02,4.465199498e-02,1.469159743e+02,9.326540237e+01,5.317806215e+01,4.725097533e-01
894,4.470000000e-02,4.474843427e-02,1.471251945e+02,9.327443419e+01,5.337711352e+01,4.736468120e-01
895,4.475000000e-02,4.484480143e-02,1.473342005e+02,9.328357333e+01,5.357585193e+01,4.747752492e-01
896,4.480000000e-02,4.494110252e-02,1.475429929e+02,9.329267334e+01,5.377442392e+01,4.758956628e-01
897,4.485000000e-02,4.503739627e-02,1.477515723e+02,9.330144422e+01,5.397311493e+01,4.770131744e-01
898,4.490000000e-02,4.513376839e-02,1.479599388e+02,9.330966918e+01,5.417213503e+01,4.781345596e-01
899,4.495000000e-02,4.523025036e-02,1.481680917e+02,9.331730459e+01,5.437152685e+01,4.792602965e-01
900,4.500000000e-02,4.532683534e-02,1.483760304e+02,9.332441258e+01,5.457122907e+01,4.803887824e-01
901,4.505000000e-02,4.542349992e-02,1.485837541e+02,9.333109063e+01,5.477114536e+01,4.815181271e-01
902,4.510000000e-02,4.552021802e-02,1.487912622e+02,9.333744847e+01,5.497116711e+01,4.826466148e-01
903,4.515000000e-02,4.561696245e-02,1.489985543e+02,9.334359838e+01,5.517118319e+01,4.837727396e-01
904,4.520000000e-02,4.571370572e-02,1.492056304e+02,9.334964639e+01,5.537108879e+01,4.848951987e-01
905,4.525000000e-02,4.581042233e-02,1.494124905e+02,9.335557570e+01,5.557090188e+01,4.860129278e-01
906,4.530000000e-02,4.590713705e-02,1.496191350e+02,9.336121779e+01,5.577078827e+01,4.871289006e-01
907,4.535000000e-02,4.600390483e-02,1.498255637e+02,9.336642604e+01,5.597089016e+01,4.882475380e-01
908,4.540000000e-02,4.610075015e-02,1.500317765e+02,9.337115420e+01,5.617125255e+01,4.893697646e-01
909,4.545000000e-02,4.619767311e-02,1.502377728e+02,9.337537475e+01,5.637190286e+01,4.904951665e-01
910,4.550000000e-02,4.629468120e-02,1.504435519e+02,9.337911147e+01,5.657281621e+01,4.916242044e-01
911,4.555000000e-02,4.639176008e-02,1.506491132e+02,9.338243151e+01,5.677392600e+01,4.927557315e-01
912,4.560000000e-02,4.648888951e-02,1.508544564e+02,9.338538900e+01,5.697517889e+01,4.938884554e-01
913,4.565000000e-02,4.658606032e-02,1.510595808e+02,9.338805457e+01,5.717650455e+01,4.950216983e-01
914,4.570000000e-02,4.668325112e-02,1.512644864e+02,9.339050247e+01,5.737782938e+01,4.961545660e-01
915,4.575000000e-02,4.678044259e-02,1.514691731e+02,9.339277043e+01,5.757911643e+01,4.972862071e-01
916,4.580000000e-02,4.687762788e-02,1.516736408e+02,9.339487055e+01,5.778035420e+01,4.984160544e-01
917,4.585000000e-02,4.697480866e-02,1.518778897e+02,9.339682294e+01,5.798152279e+01,4.995440273e-01
918,4.590000000e-02,4.707197893e-02,1.520819200e+02,9.339857535e+01,5.818267475e+01,5.006699143e-01
919,4.595000000e-02,4.716916452e-02,1.522857317e+02,9.339989259e+01,5.838404295e+01,5.017961763e-01
920,4.600000000e-02,4.726644585e-02,1.524893246e+02,9.340055397e+01,5.858584156e+01,5.029290857e-01
921,4.605000000e-02,4.736386107e-02,1.526926980e+02,9.340047849e+01,5.878814950e+01,5.040700013e-01
922,4.610000000e-02,4.746141619e-02,1.528958508e+02,9.339969148e+01,5.899094131e+01,5.052180193e-01
923,4.615000000e-02,4.755909319e-02,1.530987820e+02,9.339828398e+01,5.919412662e+01,5.063713831e-01
924,4.620000000e-02,4.765686510e-02,1.533014906e+02,9.339636743e+01,5.939759485e+01,5.075282787e-01
925,4.625000000e-02,4.775470330e-02,1.535039758e+02,9.339404925e+01,5.960123948e+01,5.086870450e-01
926,4.630000000e-02,4.785258159e-02,1.537062371e+02,9.339143125e+01,5.980495968e+01,5.098462149e-01
927,4.635000000e-02,4.795047590e-02,1.539082744e+02,9.338860124e+01,6.000866864e+01,5.110045209e-01
928,4.640000000e-02,4.804836692e-02,1.541100875e+02,9.338555515e+01,6.021237139e+01,5.121609396e-01
929,4.645000000e-02,4.814627057e-02,1.543116764e+02,9.338215423e+01,6.041620538e+01,5.133167692e-01
930,4.650000000e-02,4.824423678e-02,1.545130410e+02,9.337821107e+01,6.062035341e+01,5.144765107e-01
931,4.655000000e-02,4.834230677e-02,1.547141808e+02,9.337365533e+01,6.082488306e+01,5.156424152e-01
932,4.660000000e-02,4.844048081e-02,1.549150951e+02,9.336851658e+01,6.102976450e+01,5.168139864e-01
933,4.665000000e-02,4.853874323e-02,1.551157830e+02,9.336285660e+01,6.123493636e+01,5.179900330e-01
934,4.670000000e-02,4.863707676e-02,1.553162439e+02,9.335667061e+01,6.144040388e+01,5.191693751e-01
935,4.675000000e-02,4.873549447e-02,1.555164771e+02,9.334995096e+01,6.164617365e+01,5.203524414e-01
936,4.680000000e-02,4.883399235e-02,1.557164819e+02,9.334274470e+01,6.185219822e+01,5.215389959e-01
937,4.685000000e-02,4.893255274e-02,1.559162578e+02,9.333512932e+01,6.205840066e+01,5.227278568e-01
938,4.690000000e-02,4.903115430e-02,1.561158044e+02,9.332718748e+01,6.226469913e+01,5.239177647e-01
939,4.695000000e-02,4.912977724e-02,1.563151212e+02,9.331897534e+01,6.247103831e+01,5.251075768e-01
940,4.700000000e-02,4.922841060e-02,1.565142082e+02,9.331055542e+01,6.267735645e+01,5.262963673e-01
941,4.705000000e-02,4.932703877e-02,1.567130654e+02,9.330193977e+01,6.288364245e+01,5.274831739e-01
942,4.710000000e-02,4.942566865e-02,1.569116928e+02,9.329300385e+01,6.309002016e+01,5.286687476e-01
943,4.715000000e-02,4.952434646e-02,1.571100903e+02,9.328360223e+01,6.329663048e+01,5.298575539e-01
944,4.720000000e-02,4.962309983e-02,1.573082576e+02,9.327360182e+01,6.350360432e+01,5.310514209e-01
945,4.725000000e-02,4.972196361e-02,1.575061940e+02,9.326290774e+01,6.371103450e+01,5.322517655e-01
946,4.730000000e-02,4.982095111e-02,1.577038987e+02,9.325153692e+01,6.391890362e+01,5.334581729e-01
947,4.735000000e-02,4.992004613e-02,1.579013707e+02,9.323956694e+01,6.412713477e+01,5.346690183e-01
948,4.740000000e-02,5.001922513e-02,1.580986092e+02,9.322706740e+01,6.433565929e+01,5.358825056e-01
949,4.745000000e-02,5.011847444e-02,1.582956134e+02,9.321412325e+01,6.454439295e+01,5.370972165e-01
950,4.750000000e-02,5.021777024e-02,1.584923829e+02,9.320083645e+01,6.475323485e+01,5.383115758e-01
951,4.755000000e-02,5.031708723e-02,1.586889172e+02,9.318728754e+01,6.496210559e+01,5.395240883e-01
952,4.760000000e-02,5.041641120e-02,1.588852163e+02,9.317337320e+01,6.517110950e+01,5.407336125e-01
953,4.765000000e-02,5.051580223e-02,1.590812800e+02,9.315888375e+01,6.538045118e+01,5.419450722e-01
954,4.770000000e-02,5.061530858e-02,1.592771078e+02,9.314371471e+01,6.559023041e+01,5.431626540e-01
955,4.775000000e-02,5.071493353e-02,1.594726988e+02,9.312787717e+01,6.580043572e+01,5.443859074e-01
956,4.780000000e-02,5.081466516e-02,1.596680522e+02,9.311140460e+01,6.601103410e+01,5.456134733e-01
957,4.785000000e-02,5.091449689e-02,1.598631670e+02,9.309436373e+01,6.622195897e+01,5.468443248e-01
958,4.790000000e-02,5.101440582e-02,1.600580426e+02,9.307684874e+01,6.643311694e+01,5.480769099e-01
959,4.795000000e-02,5.111436715e-02,1.602526783e+02,9.305895985e+01,6.664440882e+01,5.493096191e-01
960,4.800000000e-02,5.121435656e-02,1.604470737e+02,9.304078917e+01,6.685574363e+01,5.505409409e-01
961,4.805000000e-02,5.131435296e-02,1.606412288e+02,9.302236896e+01,6.706709031e+01,5.517694885e-01
962,4.810000000e-02,5.141435903e-02,1.608351433e+02,9.300371927e+01,6.727842871e+01,5.529953242e-01
963,4.815000000e-02,5.151436695e-02,1.610288174e+02,9.298488530e+01,6.748971432e+01,5.542177535e-01
964,4.820000000e-02,5.161436342e-02,1.612222510e+02,9.296592514e+01,6.770089028e+01,5.554356151e-01
965,4.825000000e-02,5.171433398e-02,1.614154445e+02,9.294678740e+01,6.791200935e+01,5.566477168e-01
966,4.830000000e-02,5.181431112e-02,1.616083979e+02,9.292729734e+01,6.812324283e+01,5.578576872e-01
967,4.835000000e-02,5.191434808e-02,1.618011111e+02,9.290732570e+01,6.833471568e+01,5.590697628e-01
968,4.840000000e-02,5.201445939e-02,1.619935839e+02,9.288686464e+01,6.854643539e+01,5.602839187e-01
969,4.845000000e-02,5.211463584e-02,1.621858158e+02,9.286597550e+01,6.875834163e+01,5.614986509e-01
970,4.850000000e-02,5.221485715e-02,1.623778062e+02,9.284467717e+01,6.897041678e+01,5.627122252e-01
971,4.855000000e-02,5.231513116e-02,1.625695548e+02,9.282298232e+01,6.918264748e+01,5.639249883e-01
972,4.860000000e-02,5.241544743e-02,1.627610613e+02,9.280094576e+01,6.939497937e+01,5.651361441e-01
973,4.865000000e-02,5.251578933e-02,1.629523254e+02,9.277864459e+01,6.960733648e+01,5.663443056e-01
974,4.870000000e-02,5.261613716e-02,1.631433470e+02,9.275616192e+01,6.981963703e+01,5.675480241e-01
975,4.875000000e-02,5.271647140e-02,1.633341261e+02,9.273352447e+01,7.003185571e+01,5.687459317e-01
976,4.880000000e-02,5.281679892e-02,1.635246629e+02,9.271049810e+01,7.024422627e+01,5.699385651e-01
977,4.885000000e-02,5.291722484e-02,1.637149574e+02,9.268683793e+01,7.045698463e+01,5.711348251e-01
978,4.890000000e-02,5.301777275e-02,1.639050089e+02,9.266248100e+01,7.067019247e+01,5.723354140e-01
979,4.895000000e-02,5.311844431e-02,1.640948166e+02,9.263744092e+01,7.088383651e+01,5.735391529e-01
980,4.900000000e-02,5.321923098e-02,1.642843796e+02,9.261178280e+01,7.109785220e+01,5.747445712e-01
981,4.905000000e-02,5.332011107e-02,1.644736970e+02,9.258561618e+01,7.131213092e+01,5.759499205e-01
982,4.910000000e-02,5.342105381e-02,1.646627683e+02,9.255906700e+01,7.152654799e+01,5.771532822e-01
983,4.915000000e-02,5.352202862e-02,1.648515929e+02,9.253225762e+01,7.174098244e+01,5.783528759e-01
984,4.920000000e-02,5.362300724e-02,1.650401709e+02,9.250530006e+01,7.195532370e+01,5.795471201e-01
985,4.925000000e-02,5.372396442e-02,1.652285022e+02,9.247829417e+01,7.216947334e+01,5.807346384e-01
986,4.930000000e-02,5.382487800e-02,1.654165871e+02,9.245132605e+01,7.238334680e+01,5.819142478e-01
987,4.935000000e-02,5.392572926e-02,1.656044262e+02,9.242445663e+01,7.259688460e+01,5.830849402e-01
988,4.940000000e-02,5.402650745e-02,1.657920200e+02,9.239762513e+01,7.281014873e+01,5.842461845e-01
989,4.945000000e-02,5.412724864e-02,1.659793693e+02,9.237070158e+01,7.302326532e+01,5.854024209e-01
990,4.950000000e-02,5.422798217e-02,1.661664745e+02,9.234360870e+01,7.323630992e+01,5.865558405e-01
991,4.955000000e-02,5.432871718e-02,1.663533357e+02,9.231626850e+01,7.344936047e+01,5.877067074e-01
992,4.960000000e-02,5.442947900e-02,1.665399530e+02,9.228861847e+01,7.366247804e+01,5.888565392e-01
993,4.965000000e-02,5.453027287e-02,1.667263265e+02,9.226066869e+01,7.387565243e+01,5.900053639e-01
994,4.970000000e-02,5.463108750e-02,1.669124559e+02,9.223247949e+01,7.408882450e+01,5.911518936e-01
995,4.975000000e-02,5.473190472e-02,1.670983412e+02,9.220413101e+01,7.430191550e+01,5.922946728e-01
996,4.980000000e-02,5.483270461e-02,1.672839825e+02,9.217570668e+01,7.451484349e+01,5.934323199e-01
997,4.985000000e-02,5.493346805e-02,1.674693800e+02,9.214722364e+01,7.472759282e+01,5.945635881e-01
998,4.990000000e-02,5.503420553e-02,1.676545342e+02,9.211867833e+01,7.494016683e+01,5.956890633e-01
999,4.995000000e-02,5.513491269e-02,1.678394454e+02,9.209005760e+01,7.515257925e+01,5.968085211e-01
1000,5.000000000e-02,5.523560237e-02,1.680241138e+02,9.206123306e+01,7.536495752e+01,5.979232687e-01
1001,5.005000000e-02,5.533632701e-02,1.682085398e+02,9.203197315e+01,7.557752767e+01,5.990390230e-01
1002,5.010000000e-02,5.543714098e-02,1.683927232e+02,9.200212226e+01,7.579044187e+01,6.001590918e-01
1003,5.015000000e-02,5.553806019e-02,1.685766634e+02,9.197164475e+01,7.600373545e+01,6.012831929e-01
1004,5.020000000e-02,5.563908331e-02,1.687603597e+02,9.194058684e+01,7.621736271e+01,6.024101253e-01
1005,5.025000000e-02,5.574019022e-02,1.689438113e+02,9.190901041e+01,7.643126277e+01,6.035381426e-01
1006,5.030000000e-02,5.584136978e-02,1.691270178e+02,9.187699106e+01,7.664536093e+01,6.046657636e-01
1007,5.035000000e-02,5.594260112e-02,1.693099785e+02,9.184463777e+01,7.685954937e+01,6.057913438e-01
1008,5.040000000e-02,5.604385517e-02,1.694926932e+02,9.181206322e+01,7.707371677e+01,6.069132528e-01
1009,5.045000000e-02,5.614510637e-02,1.696751620e+02,9.177936804e+01,7.728776389e+01,6.080300414e-01
1010,5.050000000e-02,5.624633266e-02,1.698573848e+02,9.174664473e+01,7.750159963e+01,6.091404403e-01
1011,5.055000000e-02,5.634751324e-02,1.700393621e+02,9.171395276e+01,7.771516601e+01,6.102433348e-01
1012,5.060000000e-02,5.644864079e-02,1.702210944e+02,9.168123748e+01,7.792851815e+01,6.113387275e-01
1013,5.065000000e-02,5.654974705e-02,1.704025820e+02,9.164841862e+01,7.814173266e+01,6.124307635e-01
1014,5.070000000e-02,5.665084097e-02,1.705838255e+02,9.161547679e+01,7.835482834e+01,6.135203878e-01
1015,5.075000000e-02,5.675192056e-02,1.707648251e+02,9.158242626e+01,7.856779146e+01,6.146073337e-01
1016,5.080000000e-02,5.685297898e-02,1.709455809e+02,9.154929674e+01,7.878059317e+01,6.156909792e-01
1017,5.085000000e-02,5.695400811e-02,1.711260933e+02,9.151611266e+01,7.899321006e+01,6.167705966e-01
1018,5.090000000e-02,5.705500405e-02,1.713063627e+02,9.148289408e+01,7.920562314e+01,6.178454887e-01
1019,5.095000000e-02,5.715596395e-02,1.714863894e+02,9.144960950e+01,7.941786463e+01,6.189152977e-01
1020,5.100000000e-02,5.725690595e-02,1.716661739e+02,9.141620166e+01,7.962999103e+01,6.199811808e-01
1021,5.105000000e-02,5.735784026e-02,1.718457163e+02,9.138265375e+01,7.984201945e+01,6.210431250e-01
1022,5.110000000e-02,5.745876582e-02,1.720250170e+02,9.134899894e+01,8.005391750e+01,6.221005490e-01
1023,5.115000000e-02,5.755966922e-02,1.722040761e+02,9.131530282e+01,8.026562096e+01,6.231523491e-01
1024,5.120000000e-02,5.766053332e-02,1.723828941e+02,9.128164116e+01,8.047705547e+01,6.241974171e-01
1025,5.125000000e-02,5.776134041e-02,1.725614712e+02,9.124796633e+01,8.068827014e+01,6.252347523e-01
1026,5.130000000e-02,5.786213916e-02,1.727398081e+02,9.121405063e+01,8.089948809e+01,6.262694302e-01
1027,5.135000000e-02,5.796299023e-02,1.729179050e+02,9.117970893e+01,8.111088974e+01,6.273063395e-01
1028,5.140000000e-02,5.806391576e-02,1.730957617e+02,9.114480427e+01,8.132261147e+01,6.283459155e-01
1029,5.145000000e-02,5.816495320e-02,1.732733776e+02,9.110925777e+01,8.153473019e+01,6.293896090e-01
1030,5.150000000e-02,5.826610077e-02,1.734507520e+02,9.107310283e+01,8.174721268e+01,6.304365328e-01
1031,5.155000000e-02,5.836734136e-02,1.736278843e+02,9.103642321e+01,8.195997604e+01,6.314850840e-01
1032,5.160000000e-02,5.846865171e-02,1.738047738e+02,9.099930846e+01,8.217293182e+01,6.325335510e-01
1033,5.165000000e-02,5.857001321e-02,1.739814201e+02,9.096185593e+01,8.238598374e+01,6.335803934e-01
1034,5.170000000e-02,5.867140070e-02,1.741578228e+02,9.092415997e+01,8.259903871e+01,6.346240774e-01
1035,5.175000000e-02,5.877279587e-02,1.743339818e+02,9.088630931e+01,8.281200918e+01,6.356633392e-01
1036,5.180000000e-02,5.887417759e-02,1.745098974e+02,9.084839213e+01,8.302480828e+01,6.366969439e-01
1037,5.185000000e-02,5.897552580e-02,1.746855696e+02,9.081037660e+01,8.323746923e+01,6.377237817e-01
1038,5.190000000e-02,5.907687521e-02,1.748609989e+02,9.077217416e+01,8.345007711e+01,6.387476221e-01
1039,5.195000000e-02,5.917823714e-02,1.750361854e+02,9.073376011e+01,8.366265526e+01,6.397700219e-01
1040,5.200000000e-02,5.927960840e-02,1.752111292e+02,9.069515867e+01,8.387517982e+01,6.407907023e-01
1041,5.205000000e-02,5.938097830e-02,1.753858304e+02,9.065641734e+01,8.408760409e+01,6.418089433e-01
1042,5.210000000e-02,5.948233348e-02,1.755602891e+02,9.061759220e+01,8.429987300e+01,6.428239026e-01
1043,5.215000000e-02,5.958366013e-02,1.757345056e+02,9.057874171e+01,8.451192918e+01,6.438347283e-01
1044,5.220000000e-02,5.968494456e-02,1.759084803e+02,9.053991881e+01,8.472372088e+01,6.448406070e-01
1045,5.225000000e-02,5.978617567e-02,1.760822136e+02,9.050117511e+01,8.493519768e+01,6.458407975e-01
1046,5.230000000e-02,5.988734143e-02,1.762557061e+02,9.046256157e+01,8.514630988e+01,6.468346047e-01
1047,5.235000000e-02,5.998843066e-02,1.764289584e+02,9.042412557e+01,8.535701141e+01,6.478214052e-01
1048,5.240000000e-02,6.008943323e-02,1.766019713e+02,9.038588207e+01,8.556728860e+01,6.488006508e-01
1049,5.245000000e-02,6.019035328e-02,1.767747457e+02,9.034779156e+01,8.577718160e+01,6.497725085e-01
1050,5.250000000e-02,6.029120743e-02,1.769472822e+02,9.030982101e+01,8.598672328e+01,6.507379226e-01
1051,5.255000000e-02,6.039199599e-02,1.771195817e+02,9.027197837e+01,8.619590667e+01,6.516966301e-01
1052,5.260000000e-02,6.049271415e-02,1.772916447e+02,9.023423332e+01,8.640476333e+01,6.526480868e-01
1053,5.265000000e-02,6.059338727e-02,1.774634721e+02,9.019641603e+01,8.661346170e+01,6.535943347e-01
1054,5.270000000e-02,6.069407966e-02,1.776350641e+02,9.015830704e+01,8.682221547e+01,6.545416143e-01
1055,5.275000000e-02,6.079482411e-02,1.778064210e+02,9.011979616e+01,8.703113380e+01,6.554910521e-01
1056,5.280000000e-02,6.089563284e-02,1.779775425e+02,9.008086976e+01,8.724023059e+01,6.564421489e-01
1057,5.285000000e-02,6.099649740e-02,1.781484283e+02,9.004145761e+01,8.744957706e+01,6.573936292e-01
1058,5.290000000e-02,6.109745895e-02,1.783190780e+02,9.000144423e+01,8.765928660e+01,6.583471204e-01
1059,5.295000000e-02,6.119853293e-02,1.784894909e+02,8.996082583e+01,8.786936216e+01,6.593029176e-01
1060,5.300000000e-02,6.129970569e-02,1.786596665e+02,8.991967200e+01,8.807973478e+01,6.602596921e-01
1061,5.305000000e-02,6.140095727e-02,1.788296040e+02,8.987807429e+01,8.829031384e+01,6.612158725e-01
1062,5.310000000e-02,6.150226613e-02,1.789993030e+02,8.983613893e+01,8.850099418e+01,6.621699352e-01
1063,5.315000000e-02,6.160360582e-02,1.791687633e+02,8.979396967e+01,8.871167323e+01,6.631204098e-01
1064,5.320000000e-02,6.170495517e-02,1.793379847e+02,8.975155575e+01,8.892236260e+01,6.640663488e-01
1065,5.325000000e-02,6.180634239e-02,1.795069672e+02,8.970883566e+01,8.913312018e+01,6.650113850e-01
1066,5.330000000e-02,6.190776901e-02,1.796757108e+02,8.966580518e+01,8.934394953e+01,6.659560997e-01
1067,5.335000000e-02,6.200923187e-02,1.798442153e+02,8.962250126e+01,8.955481407e+01,6.668999860e-01
1068,5.340000000e-02,6.211071557e-02,1.800124807e+02,8.957898797e+01,8.976565056e+01,6.678421382e-01
1069,5.345000000e-02,6.221220278e-02,1.801805068e+02,8.953533768e+01,8.997638755e+01,6.687815897e-01
1070,5.350000000e-02,6.231367603e-02,1.803482939e+02,8.949162215e+01,9.018695439e+01,6.697174105e-01
1071,5.355000000e-02,6.241511897e-02,1.805158423e+02,8.944790864e+01,9.039728488e+01,6.706487475e-01
1072,5.360000000e-02,6.251651669e-02,1.806831522e+02,8.940425854e+01,9.060731882e+01,6.715748390e-01
1073,5.365000000e-02,6.261785584e-02,1.808502242e+02,8.936072679e+01,9.081700244e+01,6.724950164e-01
1074,5.370000000e-02,6.271912471e-02,1.810170590e+02,8.931736192e+01,9.102628838e+01,6.734087004e-01
1075,5.375000000e-02,6.282031308e-02,1.811836572e+02,8.927420647e+01,9.123513534e+01,6.743153947e-01
1076,5.380000000e-02,6.292141215e-02,1.813500196e+02,8.923129634e+01,9.144350860e+01,6.752146776e-01
1077,5.385000000e-02,6.302241474e-02,1.815161471e+02,8.918866227e+01,9.165137867e+01,6.761061932e-01
1078,5.390000000e-02,6.312331489e-02,1.816820406e+02,8.914632706e+01,9.185872394e+01,6.769896449e-01
1079,5.395000000e-02,6.322410929e-02,1.818477011e+02,8.910431391e+01,9.206552244e+01,6.778647917e-01
1080,5.400000000e-02,6.332479243e-02,1.820131296e+02,8.906264567e+01,9.227175252e+01,6.787314249e-01
1081,5.405000000e-02,6.342535964e-02,1.821783271e+02,8.902128919e+01,9.247744858e+01,6.795893731e-01
1082,5.410000000e-02,6.352583302e-02,1.823432947e+02,8.898008626e+01,9.268276875e+01,6.804397206e-01
1083,5.415000000e-02,6.362627901e-02,1.825080332e+02,8.893877130e+01,9.288797466e+01,6.812872802e-01
1084,5.420000000e-02,6.372675840e-02,1.826725431e+02,8.889713614e+01,9.309327006e+01,6.821369334e-01
1085,5.425000000e-02,6.382729636e-02,1.828368244e+02,8.885509855e+01,9.329873685e+01,6.829890146e-01
1086,5.430000000e-02,6.392789937e-02,1.830008769e+02,8.881266907e+01,9.350436501e+01,6.838427788e-01
1087,5.435000000e-02,6.402855243e-02,1.831647001e+02,8.876991410e+01,9.371008904e+01,6.846969879e-01
1088,5.440000000e-02,6.412923583e-02,1.833282940e+02,8.872689009e+01,9.391585355e+01,6.855503866e-01
1089,5.445000000e-02,6.422994328e-02,1.834916584e+02,8.868356794e+01,9.412168788e+01,6.864025657e-01
1090,5.450000000e-02,6.433069754e-02,1.836547931e+02,8.863986135e+01,9.432767679e+01,6.872549907e-01
1091,5.455000000e-02,6.443151662e-02,1.838176981e+02,8.859571313e+01,9.453387702e+01,6.881079093e-01
1092,5.460000000e-02,6.453240976e-02,1.839803728e+02,8.855113807e+01,9.474027373e+01,6.889610255e-01
1093,5.465000000e-02,6.463336259e-02,1.841428171e+02,8.850613741e+01,9.494686637e+01,6.898132769e-01
1094,5.470000000e-02,6.473439062e-02,1.843050304e+02,8.846066414e+01,9.515370000e+01,6.906662491e-01
1095,5.475000000e-02,6.483550198e-02,1.844670124e+02,8.841471785e+01,9.536077332e+01,6.915212688e-01
1096,5.480000000e-02,6.493668503e-02,1.846287627e+02,8.836835713e+01,9.556802802e+01,6.923775936e-01
1097,5.485000000e-02,6.503792053e-02,1.847902809e+02,8.832166442e+01,9.577538242e+01,6.932340858e-01
1098,5.490000000e-02,6.513918759e-02,1.849515667e+02,8.827472813e+01,9.598274901e+01,6.940895972e-01
1099,5.495000000e-02,6.524046569e-02,1.851126201e+02,8.822763475e+01,9.619004225e+01,6.949430654e-01
1100,5.500000000e-02,6.534173542e-02,1.852734410e+02,8.818046477e+01,9.639718266e+01,6.957935430e-01
1101,5.505000000e-02,6.544297916e-02,1.854340297e+02,8.813329063e+01,9.660409885e+01,6.966401982e-01
1102,5.510000000e-02,6.554418131e-02,1.855943865e+02,8.808617619e+01,9.681072802e+01,6.974823193e-01
1103,5.515000000e-02,6.564532829e-02,1.857545120e+02,8.803917706e+01,9.701701563e+01,6.983193017e-01
1104,5.520000000e-02,6.574640843e-02,1.859144067e+02,8.799234129e+01,9.722291474e+01,6.991506362e-01
1105,5.525000000e-02,6.584741172e-02,1.860740712e+02,8.794570310e+01,9.742839220e+01,6.999758977e-01
1106,5.530000000e-02,6.594833294e-02,1.862335063e+02,8.789929334e+01,9.763341826e+01,7.007947491e-01
1107,5.535000000e-02,6.604916519e-02,1.863927129e+02,8.785314350e+01,9.783796251e+01,7.016068945e-01
1108,5.540000000e-02,6.614990155e-02,1.865516917e+02,8.780727875e+01,9.804200092e+01,7.024120835e-01
1109,5.545000000e-02,6.625053830e-02,1.867104438e+02,8.776169577e+01,9.824553781e+01,7.032101759e-01
1110,5.550000000e-02,6.635108482e-02,1.868689699e+02,8.771639266e+01,9.844857577e+01,7.040014333e-01
1111,5.555000000e-02,6.645153544e-02,1.870272710e+02,8.767138921e+01,9.865109606e+01,7.047857258e-01
1112,5.560000000e-02,6.655188430e-02,1.871853481e+02,8.762670793e+01,9.885307722e+01,7.055629075e-01
1113,5.565000000e-02,6.665212624e-02,1.873432020e+02,8.758236951e+01,9.905449965e+01,7.063328557e-01
1114,5.570000000e-02,6.675225690e-02,1.875008339e+02,8.753838529e+01,9.925535312e+01,7.070954800e-01
1115,5.575000000e-02,6.685227596e-02,1.876582447e+02,8.749456595e+01,9.945582789e+01,7.078508465e-01
1116,5.580000000e-02,6.695229551e-02,1.878154353e+02,8.745056165e+01,9.965626748e+01,7.086061350e-01
1117,5.585000000e-02,6.705236341e-02,1.879724060e+02,8.740620238e+01,9.985683925e+01,7.093643839e-01
1118,5.590000000e-02,6.715249273e-02,1.881291568e+02,8.736145326e+01,1.000575782e+02,7.101253455e-01
1119,5.595000000e-02,6.725267773e-02,1.882856874e+02,8.731634839e+01,1.002584510e+02,7.108880197e-01
1120,5.600000000e-02,6.735290473e-02,1.884419975e+02,8.727093345e+01,1.004594128e+02,7.116512533e-01
1121,5.605000000e-02,6.745316762e-02,1.885980870e+02,8.722525994e+01,1.006604128e+02,7.124141755e-01
1122,5.610000000e-02,6.755345043e-02,1.887539556e+02,8.717935260e+01,1.008614272e+02,7.131757945e-01
1123,5.615000000e-02,6.765376059e-02,1.889096034e+02,8.713317647e+01,1.010624903e+02,7.139365904e-01
1124,5.620000000e-02,6.775410758e-02,1.890650303e+02,8.708671540e+01,1.012636174e+02,7.146975051e-01
1125,5.625000000e-02,6.785448713e-02,1.892202362e+02,8.703997449e+01,1.014648035e+02,7.154582958e-01
1126,5.630000000e-02,6.795490050e-02,1.893752211e+02,8.699289112e+01,1.016661114e+02,7.162185497e-01
1127,5.635000000e-02,6.805538119e-02,1.895299846e+02,8.694537696e+01,1.018676269e+02,7.169807886e-01
1128,5.640000000e-02,6.815593597e-02,1.896845266e+02,8.689740047e+01,1.020693804e+02,7.177457160e-01
1129,5.645000000e-02,6.825656783e-02,1.898388466e+02,8.684897276e+01,1.022713610e+02,7.185128550e-01
1130,5.650000000e-02,6.835726814e-02,1.899929443e+02,8.680015155e+01,1.024735115e+02,7.192812914e-01
1131,5.655000000e-02,6.845801763e-02,1.901468192e+02,8.675102104e+01,1.026757484e+02,7.200498475e-01
1132,5.660000000e-02,6.855879559e-02,1.903004712e+02,8.670167093e+01,1.028779829e+02,7.208174216e-01
1133,5.665000000e-02,6.865958176e-02,1.904539002e+02,8.665218758e+01,1.030801296e+02,7.215830308e-01
1134,5.670000000e-02,6.876035734e-02,1.906071062e+02,8.660265027e+01,1.032821101e+02,7.223458221e-01
1135,5.675000000e-02,6.886110529e-02,1.907600895e+02,8.655312929e+01,1.034838552e+02,7.231050703e-01
1136,5.680000000e-02,6.896181076e-02,1.909128505e+02,8.650368550e+01,1.036853048e+02,7.238601682e-01
1137,5.685000000e-02,6.906246102e-02,1.910653895e+02,8.645437084e+01,1.038864081e+02,7.246106142e-01
1138,5.690000000e-02,6.916304532e-02,1.912177073e+02,8.640520619e+01,1.040871451e+02,7.253559965e-01
1139,5.695000000e-02,6.926356844e-02,1.913698044e+02,8.635619729e+01,1.042875108e+02,7.260963642e-01
1140,5.700000000e-02,6.936402679e-02,1.915216815e+02,8.630736790e+01,1.044874820e+02,7.268315894e-01
1141,5.705000000e-02,6.946441181e-02,1.916733393e+02,8.625875178e+01,1.046870261e+02,7.275613927e-01
1142,5.710000000e-02,6.956471519e-02,1.918247785e+02,8.621038040e+01,1.048861126e+02,7.282855214e-01
1143,5.715000000e-02,6.966493046e-02,1.919759998e+02,8.616227460e+01,1.050847215e+02,7.290037694e-01
1144,5.720000000e-02,6.976505535e-02,1.921270042e+02,8.611445509e+01,1.052828331e+02,7.297159858e-01
1145,5.725000000e-02,6.986508414e-02,1.922777925e+02,8.606694419e+01,1.054804263e+02,7.304220414e-01
1146,5.730000000e-02,6.996501184e-02,1.924283655e+02,8.601976078e+01,1.056774829e+02,7.311218359e-01
1147,5.735000000e-02,7.006483462e-02,1.925787243e+02,8.597291959e+01,1.058739894e+02,7.318153045e-01
1148,5.740000000e-02,7.016454969e-02,1.927288697e+02,8.592643162e+01,1.060699356e+02,7.325024127e-01
1149,5.745000000e-02,7.026415510e-02,1.928788027e+02,8.588030489e+01,1.062653147e+02,7.331831501e-01
1150,5.750000000e-02,7.036364955e-02,1.930285244e+02,8.583454148e+01,1.064601254e+02,7.338575257e-01
1151,5.755000000e-02,7.046303413e-02,1.931780357e+02,8.578894361e+01,1.066545665e+02,7.345256317e-01
1152,5.760000000e-02,7.056242756e-02,1.933273375e+02,8.574314634e+01,1.068489970e+02,7.351942149e-01
1153,5.765000000e-02,7.066187563e-02,1.934764301e+02,8.569698575e+01,1.070435784e+02,7.358659180e-01
1154,5.770000000e-02,7.076138918e-02,1.936253134e+02,8.565043622e+01,1.072383367e+02,7.365404680e-01
1155,5.775000000e-02,7.086096015e-02,1.937739870e+02,8.560351679e+01,1.074332533e+02,7.372169168e-01
1156,5.780000000e-02,7.096058702e-02,1.939224506e+02,8.555626574e+01,1.076282904e+02,7.378944848e-01
1157,5.785000000e-02,7.106025391e-02,1.940707042e+02,8.550876505e+01,1.078233669e+02,7.385721841e-01
1158,5.790000000e-02,7.115993678e-02,1.942187474e+02,8.546109155e+01,1.080184069e+02,7.392489346e-01
1159,5.795000000e-02,7.125962491e-02,1.943665803e+02,8.541323498e+01,1.082134210e+02,7.399243089e-01
1160,5.800000000e-02,7.135933946e-02,1.945142030e+02,8.536514237e+01,1.084084609e+02,7.405997423e-01
1161,5.805000000e-02,7.145908125e-02,1.946616154e+02,8.531682042e+01,1.086035196e+02,7.412753456e-01
1162,5.810000000e-02,7.155884420e-02,1.948088175e+02,8.526826988e+01,1.087985969e+02,7.419507084e-01
1163,5.815000000e-02,7.165863618e-02,1.949558093e+02,8.521940420e+01,1.089937789e+02,7.426262111e-01
1164,5.820000000e-02,7.175849478e-02,1.951025907e+02,8.517013556e+01,1.091891510e+02,7.433041502e-01
1165,5.825000000e-02,7.185841929e-02,1.952491614e+02,8.512047885e+01,1.093846982e+02,7.439843492e-01
1166,5.830000000e-02,7.195839730e-02,1.953955211e+02,8.507049202e+01,1.095803631e+02,7.446659966e-01
1167,5.835000000e-02,7.205841217e-02,1.955416696e+02,8.502023668e+01,1.097760847e+02,7.453481969e-01
1168,5.840000000e-02,7.215845213e-02,1.956876066e+02,8.496975259e+01,1.099718239e+02,7.460301939e-01
1169,5.845000000e-02,7.225851314e-02,1.958333322e+02,8.491908530e+01,1.101675355e+02,7.467114469e-01
1170,5.850000000e-02,7.235858045e-02,1.959788463e+02,8.486829879e+01,1.103631564e+02,7.473911689e-01
1171,5.855000000e-02,7.245863872e-02,1.961241491e+02,8.481745944e+01,1.105586210e+02,7.480686501e-01
1172,5.860000000e-02,7.255867332e-02,1.962692408e+02,8.476660122e+01,1.107538963e+02,7.487432778e-01
1173,5.865000000e-02,7.265868779e-02,1.964141216e+02,8.471573696e+01,1.109489697e+02,7.494148763e-01
1174,5.870000000e-02,7.275867912e-02,1.965587919e+02,8.466490114e+01,1.111438074e+02,7.500832745e-01
1175,5.875000000e-02,7.285863376e-02,1.967032520e+02,8.461414568e+01,1.113383583e+02,7.507480440e-01
1176,5.880000000e-02,7.295853860e-02,1.968475026e+02,8.456352090e+01,1.115325729e+02,7.514087903e-01
1177,5.885000000e-02,7.305838235e-02,1.969915440e+02,8.451307017e+01,1.117264086e+02,7.520651858e-01
1178,5.890000000e-02,7.315815576e-02,1.971353768e+02,8.446282913e+01,1.119198307e+02,7.527169704e-01
1179,5.895000000e-02,7.325785145e-02,1.972790019e+02,8.441282648e+01,1.121128114e+02,7.533639438e-01
1180,5.900000000e-02,7.335746357e-02,1.974224198e+02,8.436308519e+01,1.123053287e+02,7.540059562e-01
1181,5.905000000e-02,7.345698751e-02,1.975656314e+02,8.431362359e+01,1.124973649e+02,7.546428907e-01
1182,5.910000000e-02,7.355641968e-02,1.977086375e+02,8.426445601e+01,1.126889068e+02,7.552746713e-01
1183,5.915000000e-02,7.365575736e-02,1.978514389e+02,8.421559277e+01,1.128799449e+02,7.559012486e-01
1184,5.920000000e-02,7.375499888e-02,1.979940365e+02,8.416704183e+01,1.130704721e+02,7.565225947e-01
1185,5.925000000e-02,7.385414279e-02,1.981364312e+02,8.411881031e+01,1.132604822e+02,7.571386962e-01
1186,5.930000000e-02,7.395318773e-02,1.982786237e+02,8.407090407e+01,1.134499701e+02,7.577495517e-01
1187,5.935000000e-02,7.405213273e-02,1.984206151e+02,8.402332750e+01,1.136389324e+02,7.583551710e-01
1188,5.940000000e-02,7.415097718e-02,1.985624061e+02,8.397605991e+01,1.138273906e+02,7.589555737e-01
1189,5.945000000e-02,7.424973375e-02,1.987039977e+02,8.392903705e+01,1.140154094e+02,7.595512502e-01
1190,5.950000000e-02,7.434842285e-02,1.988453907e+02,8.388220363e+01,1.142030439e+02,7.601431245e-01
1191,5.955000000e-02,7.444704857e-02,1.989865857e+02,8.383542976e+01,1.143904246e+02,7.607313569e-01
1192,5.960000000e-02,7.454569044e-02,1.991275834e+02,8.378844535e+01,1.145778176e+02,7.613203924e-01
1193,5.965000000e-02,7.464438573e-02,1.992683838e+02,8.374111814e+01,1.147653533e+02,7.619123763e-01
1194,5.970000000e-02,7.474314157e-02,1.994089870e+02,8.369339360e+01,1.149530863e+02,7.625070116e-01
1195,5.975000000e-02,7.484197375e-02,1.995493925e+02,8.364527306e+01,1.151410155e+02,7.631039349e-01
1196,5.980000000e-02,7.494086170e-02,1.996896000e+02,8.359684329e+01,1.153290547e+02,7.637020084e-01
1197,5.985000000e-02,7.503978143e-02,1.998296094e+02,8.354817816e+01,1.155171310e+02,7.643001562e-01
1198,5.990000000e-02,7.513872565e-02,1.999694204e+02,8.349927980e+01,1.157052426e+02,7.648980354e-01
1199,5.995000000e-02,7.523770673e-02,2.001090330e+02,8.345012843e+01,1.158934080e+02,7.654965676e-01
1200,6.000000000e-02,7.533671767e-02,2.002484472e+02,8.340075866e+01,1.160815930e+02,7.660954700e-01
1201,6.005000000e-02,7.543574701e-02,2.003876628e+02,8.335122158e+01,1.162697471e+02,7.666941661e-01
1202,6.010000000e-02,7.553478230e-02,2.005266799e+02,8.330157154e+01,1.164578163e+02,7.672920596e-01
1203,6.015000000e-02,7.563381136e-02,2.006654986e+02,8.325185939e+01,1.166457506e+02,7.678886037e-01
1204,6.020000000e-02,7.573282345e-02,2.008041191e+02,8.320212789e+01,1.168335079e+02,7.684833157e-01
1205,6.025000000e-02,7.583181071e-02,2.009425416e+02,8.315234382e+01,1.170211220e+02,7.690757991e-01
1206,6.030000000e-02,7.593080386e-02,2.010807664e+02,8.310239535e+01,1.172087035e+02,7.696675023e-01
1207,6.035000000e-02,7.602982647e-02,2.012187936e+02,8.305220805e+01,1.173963256e+02,7.702599717e-01
1208,6.040000000e-02,7.612888567e-02,2.013566233e+02,8.300177480e+01,1.175839952e+02,7.708532842e-01
1209,6.045000000e-02,7.622797488e-02,2.014942553e+02,8.295110070e+01,1.177717075e+02,7.714470838e-01
1210,6.050000000e-02,7.632709710e-02,2.016316896e+02,8.290017606e+01,1.179594724e+02,7.720411489e-01
1211,6.055000000e-02,7.642625944e-02,2.017689261e+02,8.284901238e+01,1.181472783e+02,7.726354674e-01
1212,6.060000000e-02,7.652544952e-02,2.019059648e+02,8.279766361e+01,1.183350716e+02,7.732295390e-01
1213,6.065000000e-02,7.662465104e-02,2.020428055e+02,8.274619542e+01,1.185227873e+02,7.738227773e-01
1214,6.070000000e-02,7.672384827e-02,2.021794485e+02,8.269467055e+01,1.187103633e+02,7.744146458e-01
1215,6.075000000e-02,7.682302729e-02,2.023158938e+02,8.264314421e+01,1.188977449e+02,7.750046813e-01
1216,6.080000000e-02,7.692217624e-02,2.024521417e+02,8.259166346e+01,1.190848858e+02,7.755924955e-01
1217,6.085000000e-02,7.702128514e-02,2.025881927e+02,8.254026780e+01,1.192717471e+02,7.761777676e-01
1218,6.090000000e-02,7.712034565e-02,2.027240471e+02,8.248898993e+01,1.194582969e+02,7.767602358e-01
1219,6.095000000e-02,7.721935102e-02,2.028597054e+02,8.243785681e+01,1.196445089e+02,7.773396880e-01
1220,6.100000000e-02,7.731829567e-02,2.029951682e+02,8.238689085e+01,1.198303614e+02,7.779159520e-01
1221,6.105000000e-02,7.741717497e-02,2.031304360e+02,8.233611071e+01,1.200158364e+02,7.784888885e-01
1222,6.110000000e-02,7.751598510e-02,2.032655095e+02,8.228553197e+01,1.202009191e+02,7.790583844e-01
1223,6.115000000e-02,7.761472289e-02,2.034003892e+02,8.223515444e+01,1.203856104e+02,7.796243484e-01
1224,6.120000000e-02,7.771339354e-02,2.035350759e+02,8.218493983e+01,1.205699492e+02,7.801869411e-01
1225,6.125000000e-02,7.781201282e-02,2.036695702e+02,8.213484567e+01,1.207539778e+02,7.807467183e-01
1226,6.130000000e-02,7.791058329e-02,2.038038725e+02,8.208486796e+01,1.209377008e+02,7.813036971e-01
1227,6.135000000e-02,7.800910257e-02,2.039379834e+02,8.203502160e+01,1.211211041e+02,7.818577141e-01
1228,6.140000000e-02,7.810756585e-02,2.040719035e+02,8.198532943e+01,1.213041655e+02,7.824085614e-01
1229,6.145000000e-02,7.820596760e-02,2.042056332e+02,8.193581530e+01,1.214868619e+02,7.829560391e-01
1230,6.150000000e-02,7.830430273e-02,2.043391732e+02,8.188650133e+01,1.216691719e+02,7.834999741e-01
1231,6.155000000e-02,7.840256669e-02,2.044725240e+02,8.183740532e+01,1.218510784e+02,7.840402237e-01
1232,6.160000000e-02,7.850075618e-02,2.046056863e+02,8.178853957e+01,1.220325700e+02,7.845766723e-01
1233,6.165000000e-02,7.859886931e-02,2.047386608e+02,8.173991471e+01,1.222136368e+02,7.851092281e-01
1234,6.170000000e-02,7.869690399e-02,2.048714481e+02,8.169154172e+01,1.223942686e+02,7.856378159e-01
1235,6.175000000e-02,7.879485801e-02,2.050040490e+02,8.164342182e+01,1.225744648e+02,7.861623764e-01
1236,6.180000000e-02,7.889273410e-02,2.051364642e+02,8.159555898e+01,1.227542224e+02,7.866828820e-01
1237,6.185000000e-02,7.899053037e-02,2.052686944e+02,8.154790756e+01,1.229335876e+02,7.871992960e-01
1238,6.190000000e-02,7.908828146e-02,2.054007403e+02,8.150031971e+01,1.231127080e+02,7.877125957e-01
1239,6.195000000e-02,7.918603977e-02,2.055326024e+02,8.145257908e+01,1.232917981e+02,7.882251850e-01
1240,6.200000000e-02,7.928385212e-02,2.056642808e+02,8.140453542e+01,1.234710055e+02,7.887398844e-01
1241,6.205000000e-02,7.938171939e-02,2.057957756e+02,8.135618338e+01,1.236503356e+02,7.892566301e-01
1242,6.210000000e-02,7.947962988e-02,2.059270866e+02,8.130757356e+01,1.238297383e+02,7.897747254e-01
1243,6.215000000e-02,7.957756748e-02,2.060582135e+02,8.125877458e+01,1.240091455e+02,7.902934058e-01
1244,6.220000000e-02,7.967551544e-02,2.061891563e+02,8.120983703e+01,1.241885074e+02,7.908119569e-01
1245,6.225000000e-02,7.977347052e-02,2.063199151e+02,8.116080989e+01,1.243677754e+02,7.913298081e-01
1246,6.230000000e-02,7.987141791e-02,2.064504900e+02,8.111175436e+01,1.245468892e+02,7.918464257e-01
1247,6.235000000e-02,7.996934271e-02,2.065808811e+02,8.106271233e+01,1.247258075e+02,7.923613156e-01
1248,6.240000000e-02,8.006724112e-02,2.067110888e+02,8.101364957e+01,1.249045650e+02,7.928742270e-01
1249,6.245000000e-02,8.016514139e-02,2.068411133e+02,8.096450142e+01,1.250832260e+02,7.933859109e-01
1250,6.250000000e-02,8.026305118e-02,2.069709549e+02,8.091517136e+01,1.252618870e+02,7.938964967e-01
1251,6.255000000e-02,8.036101471e-02,2.071006136e+02,8.086558162e+01,1.254406245e+02,7.944075253e-01
1252,6.260000000e-02,8.045902046e-02,2.072300894e+02,8.081568898e+01,1.256194817e+02,7.949186866e-01
1253,6.265000000e-02,8.055710020e-02,2.073593820e+02,8.076538379e+01,1.257985663e+02,7.954318882e-01
1254,6.270000000e-02,8.065526726e-02,2.074884913e+02,8.071463051e+01,1.259779127e+02,7.959481106e-01
1255,6.275000000e-02,8.075351449e-02,2.076174168e+02,8.066346653e+01,1.261574834e+02,7.964668707e-01
1256,6.280000000e-02,8.085182653e-02,2.077461582e+02,8.061195970e+01,1.263372111e+02,7.969874257e-01
1257,6.285000000e-02,8.095018528e-02,2.078747151e+02,8.056018612e+01,1.265170199e+02,7.975090067e-01
1258,6.290000000e-02,8.104857287e-02,2.080030873e+02,8.050821902e+01,1.266968374e+02,7.980309040e-01
1259,6.295000000e-02,8.114697311e-02,2.081312748e+02,8.045612449e+01,1.268765978e+02,7.985524958e-01
1260,6.300000000e-02,8.124537183e-02,2.082592776e+02,8.040396079e+01,1.270562436e+02,7.990732508e-01
1261,6.305000000e-02,8.134375663e-02,2.083870959e+02,8.035177816e+01,1.272357250e+02,7.995927225e-01
1262,6.310000000e-02,8.144211700e-02,2.085147298e+02,8.029961956e+01,1.274149997e+02,8.001105394e-01
1263,6.315000000e-02,8.154044394e-02,2.086421797e+02,8.024752134e+01,1.275940319e+02,8.006263948e-01
1264,6.320000000e-02,8.163872995e-02,2.087694459e+02,8.019551385e+01,1.277727920e+02,8.011400376e-01
1265,6.325000000e-02,8.173696886e-02,2.088965289e+02,8.014362235e+01,1.279512553e+02,8.016512629e-01
1266,6.330000000e-02,8.183515553e-02,2.090234290e+02,8.009186799e+01,1.281294011e+02,8.021599036e-01
1267,6.335000000e-02,8.193328570e-02,2.091501469e+02,8.004026909e+01,1.283072119e+02,8.026658234e-01
1268,6.340000000e-02,8.203135557e-02,2.092766829e+02,7.998884099e+01,1.284846730e+02,8.031689058e-01
1269,6.345000000e-02,8.212936217e-02,2.094030377e+02,7.993759624e+01,1.286617724e+02,8.036690628e-01
1270,6.350000000e-02,8.222730307e-02,2.095292118e+02,7.988654535e+01,1.288385002e+02,8.041662229e-01
1271,6.355000000e-02,8.232517624e-02,2.096552058e+02,7.983569712e+01,1.290148483e+02,8.046603287e-01
1272,6.360000000e-02,8.242298003e-02,2.097810202e+02,7.978503574e+01,1.291908332e+02,8.051513341e-01
1273,6.365000000e-02,8.252072615e-02,2.099066558e+02,7.973451744e+01,1.293664989e+02,8.056394138e-01
1274,6.370000000e-02,8.261842720e-02,2.100321130e+02,7.968411828e+01,1.295418698e+02,8.061248922e-01
1275,6.375000000e-02,8.271608014e-02,2.101573923e+02,7.963385462e+01,1.297169300e+02,8.066076918e-01
1276,6.380000000e-02,8.281367925e-02,2.102824941e+02,7.958374640e+01,1.298916601e+02,8.070876603e-01
1277,6.385000000e-02,8.291122108e-02,2.104074191e+02,7.953381206e+01,1.300660424e+02,8.075646665e-01
1278,6.390000000e-02,8.300870170e-02,2.105321677e+02,7.948407080e+01,1.302400583e+02,8.080385961e-01
1279,6.395000000e-02,8.310611688e-02,2.106567405e+02,7.943453996e+01,1.304136912e+02,8.085093529e-01
1280,6.400000000e-02,8.320346310e-02,2.107811380e+02,7.938523340e+01,1.305869278e+02,8.089768658e-01
1281,6.405000000e-02,8.330073769e-02,2.109053610e+02,7.933616167e+01,1.307597582e+02,8.094410868e-01
1282,6.410000000e-02,8.339793869e-02,2.110294100e+02,7.928733281e+01,1.309321752e+02,8.099019836e-01
1283,6.415000000e-02,8.349506461e-02,2.111532857e+02,7.923875282e+01,1.311041733e+02,8.103595334e-01
1284,6.420000000e-02,8.359211449e-02,2.112769887e+02,7.919036712e+01,1.312758078e+02,8.108137329e-01
1285,6.425000000e-02,8.368912560e-02,2.114005196e+02,7.914209253e+01,1.314471611e+02,8.112659290e-01
1286,6.430000000e-02,8.378610087e-02,2.115238790e+02,7.909388217e+01,1.316182803e+02,8.117164725e-01
1287,6.435000000e-02,8.388305461e-02,2.116470672e+02,7.904571376e+01,1.317891881e+02,8.121653524e-01
1288,6.440000000e-02,8.397998593e-02,2.117700847e+02,7.899760436e+01,1.319598679e+02,8.126124353e-01
1289,6.445000000e-02,8.407688533e-02,2.118929316e+02,7.894958802e+01,1.321302861e+02,8.130574728e-01
1290,6.450000000e-02,8.417374336e-02,2.120156085e+02,7.890169283e+01,1.323004155e+02,8.135002235e-01
1291,6.455000000e-02,8.427055641e-02,2.121381158e+02,7.885388389e+01,1.324702913e+02,8.139405735e-01
1292,6.460000000e-02,8.436735760e-02,2.122604538e+02,7.880606187e+01,1.326400127e+02,8.143792801e-01
1293,6.465000000e-02,8.446416921e-02,2.123826230e+02,7.875810475e+01,1.328097010e+02,8.148172101e-01
1294,6.470000000e-02,8.456103351e-02,2.125046234e+02,7.870989089e+01,1.329794760e+02,8.152565166e-01
1295,6.475000000e-02,8.465794357e-02,2.126264550e+02,7.866143031e+01,1.331493274e+02,8.156972140e-01
1296,6.480000000e-02,8.475488565e-02,2.127481176e+02,7.861277588e+01,1.333192030e+02,8.161387516e-01
1297,6.485000000e-02,8.485184407e-02,2.128696113e+02,7.856399109e+01,1.334890397e+02,8.165805273e-01
1298,6.490000000e-02,8.494880381e-02,2.129909359e+02,7.851513743e+01,1.336587765e+02,8.170219922e-01
1299,6.495000000e-02,8.504575141e-02,2.131120917e+02,7.846626994e+01,1.338283591e+02,8.174626748e-01
1300,6.500000000e-02,8.514267526e-02,2.132330788e+02,7.841743633e+01,1.339977403e+02,8.179021805e-01
1301,6.505000000e-02,8.523956540e-02,2.133538975e+02,7.836866889e+01,1.341668884e+02,8.183401835e-01
1302,6.510000000e-02,8.533641887e-02,2.134745480e+02,7.831991782e+01,1.343358536e+02,8.187766084e-01
1303,6.515000000e-02,8.543327394e-02,2.135950309e+02,7.827106294e+01,1.345047546e+02,8.192132922e-01
1304,6.520000000e-02,8.553013958e-02,2.137153461e+02,7.822207913e+01,1.346736165e+02,8.196505509e-01
1305,6.525000000e-02,8.562701502e-02,2.138354939e+02,7.817292279e+01,1.348424829e+02,8.200881870e-01
1306,6.530000000e-02,8.572392865e-02,2.139554742e+02,7.812353335e+01,1.350114144e+02,8.205265297e-01
1307,6.535000000e-02,8.582088931e-02,2.140752870e+02,7.807390852e+01,1.351804128e+02,8.209656905e-01
1308,6.540000000e-02,8.591788203e-02,2.141949322e+02,7.802406389e+01,1.353494630e+02,8.214052714e-01
1309,6.545000000e-02,8.601491439e-02,2.143144097e+02,7.797397033e+01,1.355185937e+02,8.218456174e-01
1310,6.550000000e-02,8.611199037e-02,2.144337193e+02,7.792363047e+01,1.356878018e+02,8.222870630e-01
1311,6.555000000e-02,8.620909876e-02,2.145528610e+02,7.787308881e+01,1.358570430e+02,8.227292046e-01
1312,6.560000000e-02,8.630622756e-02,2.146718347e+02,7.782239957e+01,1.360262635e+02,8.231715875e-01
1313,6.565000000e-02,8.640336401e-02,2.147906404e+02,7.777161948e+01,1.361954071e+02,8.236137805e-01
1314,6.570000000e-02,8.650049493e-02,2.149092781e+02,7.772079841e+01,1.363644243e+02,8.240553933e-01
1315,6.575000000e-02,8.659760989e-02,2.150277480e+02,7.766997721e+01,1.365332747e+02,8.244960939e-01
1316,6.580000000e-02,8.669470034e-02,2.151460503e+02,7.761918784e+01,1.367019268e+02,8.249356058e-01
1317,6.585000000e-02,8.679175997e-02,2.152641853e+02,7.756845533e+01,1.368703563e+02,8.253736990e-01
1318,6.590000000e-02,8.688878391e-02,2.153821534e+02,7.751780030e+01,1.370385429e+02,8.258101812e-01
1319,6.595000000e-02,8.698576807e-02,2.154999548e+02,7.746724047e+01,1.372064695e+02,8.262448887e-01
1320,6.600000000e-02,8.708270897e-02,2.156175900e+02,7.741679115e+01,1.373741212e+02,8.266776817e-01
1321,6.605000000e-02,8.717960362e-02,2.157350594e+02,7.736646556e+01,1.375414854e+02,8.271084409e-01
1322,6.610000000e-02,8.727644949e-02,2.158523634e+02,7.731627499e+01,1.377085513e+02,8.275370647e-01
1323,6.615000000e-02,8.737324444e-02,2.159695024e+02,7.726622921e+01,1.378753097e+02,8.279634669e-01
1324,6.620000000e-02,8.746998666e-02,2.160864769e+02,7.721633679e+01,1.380417526e+02,8.283875743e-01
1325,6.625000000e-02,8.756667456e-02,2.162032875e+02,7.716660543e+01,1.382078727e+02,8.288093239e-01
1326,6.630000000e-02,8.766330670e-02,2.163199345e+02,7.711704227e+01,1.383736635e+02,8.292286618e-01
1327,6.635000000e-02,8.775988175e-02,2.164364184e+02,7.706765043e+01,1.385391225e+02,8.296455418e-01
1328,6.640000000e-02,8.785640098e-02,2.165527399e+02,7.701841261e+01,1.387042673e+02,8.300599375e-01
1329,6.645000000e-02,8.795287736e-02,2.166688993e+02,7.696931680e+01,1.388691106e+02,8.304719138e-01
1330,6.650000000e-02,8.804930718e-02,2.167848971e+02,7.692037407e+01,1.390336416e+02,8.308814361e-01
1331,6.655000000e-02,8.814568637e-02,2.169007338e+02,7.687159887e+01,1.391978465e+02,8.312884351e-01
1332,6.660000000e-02,8.824201121e-02,2.170164099e+02,7.682300435e+01,1.393617127e+02,8.316928520e-01
1333,6.665000000e-02,8.833827872e-02,2.171319259e+02,7.677460127e+01,1.395252300e+02,8.320946439e-01
1334,6.670000000e-02,8.843448657e-02,2.172472822e+02,7.672639773e+01,1.396883907e+02,8.324937830e-01
1335,6.675000000e-02,8.853063314e-02,2.173624795e+02,7.667839996e+01,1.398511893e+02,8.328902528e-01
1336,6.680000000e-02,8.862671712e-02,2.174775183e+02,7.663061319e+01,1.400136211e+02,8.332840453e-01
1337,6.685000000e-02,8.872273736e-02,2.175923991e+02,7.658304198e+01,1.401756820e+02,8.336751587e-01
1338,6.690000000e-02,8.881869288e-02,2.177071225e+02,7.653569009e+01,1.403373688e+02,8.340635966e-01
1339,6.695000000e-02,8.891458290e-02,2.178216890e+02,7.648856051e+01,1.404986791e+02,8.344493681e-01
1340,6.700000000e-02,8.901040681e-02,2.179360992e+02,7.644165556e+01,1.406596112e+02,8.348324863e-01
1341,6.705000000e-02,8.910616416e-02,2.180503537e+02,7.639493950e+01,1.408202013e+02,8.352129675e-01
1342,6.710000000e-02,8.920187828e-02,2.181644531e+02,7.634835440e+01,1.409805072e+02,8.355914931e-01
1343,6.715000000e-02,8.929755086e-02,2.182783976e+02,7.630188460e+01,1.411405448e+02,8.359682445e-01
1344,6.720000000e-02,8.939318379e-02,2.183921879e+02,7.625551676e+01,1.413003280e+02,8.363432169e-01
1345,6.725000000e-02,8.948878370e-02,2.185058243e+02,7.620926012e+01,1.414598478e+02,8.367164103e-01
1346,6.730000000e-02,8.958434156e-02,2.186193072e+02,7.616314153e+01,1.416190780e+02,8.370877028e-01
1347,6.735000000e-02,8.967985025e-02,2.187326369e+02,7.611715969e+01,1.417780203e+02,8.374569756e-01
1348,6.740000000e-02,8.977532368e-02,2.188458140e+02,7.607126470e+01,1.419367248e+02,8.378244745e-01
1349,6.745000000e-02,8.987077825e-02,2.189588388e+02,7.602542807e+01,1.420952201e+02,8.381906534e-01
1350,6.750000000e-02,8.996620492e-02,2.190717116e+02,7.597967615e+01,1.422534801e+02,8.385553711e-01
1351,6.755000000e-02,9.006159420e-02,2.191844329e+02,7.593404081e+01,1.424114736e+02,8.389184229e-01
1352,6.760000000e-02,9.015693872e-02,2.192970028e+02,7.588854310e+01,1.425691801e+02,8.392796498e-01
1353,6.765000000e-02,9.025223723e-02,2.194094220e+02,7.584309019e+01,1.427266927e+02,8.396390486e-01
1354,6.770000000e-02,9.034756600e-02,2.195216907e+02,7.579747476e+01,1.428842169e+02,8.399990421e-01
1355,6.775000000e-02,9.044293204e-02,2.196338090e+02,7.575165938e+01,1.430417894e+02,8.403602314e-01
1356,6.780000000e-02,9.053832762e-02,2.197457769e+02,7.570566993e+01,1.431993846e+02,8.407223384e-01
1357,6.785000000e-02,9.063374164e-02,2.198575944e+02,7.565954642e+01,1.433569631e+02,8.410849232e-01
1358,6.790000000e-02,9.072916535e-02,2.199692614e+02,7.561330982e+01,1.435145041e+02,8.414475673e-01
1359,6.795000000e-02,9.082460511e-02,2.200807781e+02,7.556688266e+01,1.436720849e+02,8.418104827e-01
1360,6.800000000e-02,9.092010240e-02,2.201921443e+02,7.552013409e+01,1.438298349e+02,8.421753021e-01
1361,6.805000000e-02,9.101566906e-02,2.203033600e+02,7.547301023e+01,1.439878075e+02,8.425422058e-01
1362,6.810000000e-02,9.111131628e-02,2.204144248e+02,7.542550854e+01,1.441460051e+02,8.429111817e-01
1363,6.815000000e-02,9.120702710e-02,2.205253384e+02,7.537770029e+01,1.443043565e+02,8.432816034e-01
1364,6.820000000e-02,9.130278226e-02,2.206361005e+02,7.532964495e+01,1.444628027e+02,8.436528695e-01
1365,6.825000000e-02,9.139857697e-02,2.207467110e+02,7.528137319e+01,1.446213130e+02,8.440247765e-01
1366,6.830000000e-02,9.149440570e-02,2.208571697e+02,7.523292041e+01,1.447798522e+02,8.443971399e-01
1367,6.835000000e-02,9.159025804e-02,2.209674766e+02,7.518433049e+01,1.449383765e+02,8.447696622e-01
1368,6.840000000e-02,9.168612306e-02,2.210776316e+02,7.513564825e+01,1.450968414e+02,8.451420366e-01
1369,6.845000000e-02,9.178199002e-02,2.211876349e+02,7.508691688e+01,1.452552040e+02,8.455139545e-01
1370,6.850000000e-02,9.187784891e-02,2.212974864e+02,7.503816885e+01,1.454134325e+02,8.458851313e-01
1371,6.855000000e-02,9.197369531e-02,2.214071865e+02,7.498937588e+01,1.455715552e+02,8.462554509e-01
1372,6.860000000e-02,9.206955333e-02,2.215167352e+02,7.494046773e+01,1.457296417e+02,8.466258473e-01
1373,6.865000000e-02,9.216542554e-02,2.216261328e+02,7.489144255e+01,1.458876938e+02,8.469964425e-01
1374,6.870000000e-02,9.226130699e-02,2.217353791e+02,7.484230800e+01,1.460457041e+02,8.473670165e-01
1375,6.875000000e-02,9.235720361e-02,2.218444743e+02,7.479308479e+01,1.462036521e+02,8.477373889e-01
1376,6.880000000e-02,9.245310173e-02,2.219534185e+02,7.474381758e+01,1.463614937e+02,8.481072715e-01
1377,6.885000000e-02,9.254899011e-02,2.220622118e+02,7.469454713e+01,1.465191883e+02,8.484763919e-01
1378,6.890000000e-02,9.264485975e-02,2.221708543e+02,7.464530660e+01,1.466767032e+02,8.488445288e-01
1379,6.895000000e-02,9.274070374e-02,2.222793464e+02,7.459612057e+01,1.468340143e+02,8.492115102e-01
1380,6.900000000e-02,9.283651734e-02,2.223876882e+02,7.454700711e+01,1.469911039e+02,8.495772019e-01
1381,6.905000000e-02,9.293229714e-02,2.224958801e+02,7.449798059e+01,1.471479581e+02,8.499414996e-01
1382,6.910000000e-02,9.302804028e-02,2.226039225e+02,7.444905280e+01,1.473045654e+02,8.503043208e-01
1383,6.915000000e-02,9.312374444e-02,2.227118157e+02,7.440023345e+01,1.474609166e+02,8.506655999e-01
1384,6.920000000e-02,9.321940774e-02,2.228195600e+02,7.435153068e+01,1.476170040e+02,8.510252850e-01
1385,6.925000000e-02,9.331502856e-02,2.229271558e+02,7.430295132e+01,1.477728211e+02,8.513833349e-01
1386,6.930000000e-02,9.341060555e-02,2.230346035e+02,7.425450107e+01,1.479283627e+02,8.517397179e-01
1387,6.935000000e-02,9.350613762e-02,2.231419036e+02,7.420618469e+01,1.480836245e+02,8.520944096e-01
1388,6.940000000e-02,9.360162383e-02,2.232490564e+02,7.415800622e+01,1.482386028e+02,8.524473914e-01
1389,6.945000000e-02,9.369706340e-02,2.233560623e+02,7.410996912e+01,1.483932945e+02,8.527986493e-01
1390,6.950000000e-02,9.379245565e-02,2.234629217e+02,7.406207640e+01,1.485476971e+02,8.531481731e-01
1391,6.955000000e-02,9.388780000e-02,2.235696351e+02,7.401433068e+01,1.487018084e+02,8.534959553e-01
1392,6.960000000e-02,9.398309593e-02,2.236762028e+02,7.396673426e+01,1.488556266e+02,8.538419907e-01
1393,6.965000000e-02,9.407834298e-02,2.237826254e+02,7.391928911e+01,1.490091500e+02,8.541862757e-01
1394,6.970000000e-02,9.417354082e-02,2.238889031e+02,7.387199673e+01,1.491623776e+02,8.545288081e-01
1395,6.975000000e-02,9.426868918e-02,2.239950366e+02,7.382485861e+01,1.493153084e+02,8.548695864e-01
1396,6.980000000e-02,9.436378778e-02,2.241010261e+02,7.377787628e+01,1.494679412e+02,8.552086096e-01
1397,6.985000000e-02,9.445883632e-02,2.242068720e+02,7.373105129e+01,1.496202749e+02,8.555458765e-01
1398,6.990000000e-02,9.455383450e-02,2.243125750e+02,7.368438519e+01,1.497723084e+02,8.558813866e-01
1399,6.995000000e-02,9.464878203e-02,2.244181353e+02,7.363787943e+01,1.499240407e+02,8.562151398e-01
1400,7.000000000e-02,9.474367864e-02,2.245235533e+02,7.359153542e+01,1.500754708e+02,8.565471364e-01
1401,7.005000000e-02,9.483852407e-02,2.246288297e+02,7.354535447e+01,1.502265978e+02,8.568773770e-01
1402,7.010000000e-02,9.493331809e-02,2.247339646e+02,7.349932288e+01,1.503774359e+02,8.572058629e-01
1403,7.015000000e-02,9.502807050e-02,2.248389587e+02,7.345341725e+01,1.505280087e+02,8.575327662e-01
1404,7.020000000e-02,9.512278451e-02,2.249438123e+02,7.340763101e+01,1.506783231e+02,8.578581785e-01
1405,7.025000000e-02,9.521745839e-02,2.250485257e+02,7.336196942e+01,1.508283742e+02,8.581820808e-01
1406,7.030000000e-02,9.531209007e-02,2.251530994e+02,7.331644008e+01,1.509781548e+02,8.585044325e-01
1407,7.035000000e-02,9.540667769e-02,2.252575336e+02,7.327105033e+01,1.511276581e+02,8.588251960e-01
1408,7.040000000e-02,9.550121960e-02,2.253618289e+02,7.322580669e+01,1.512768779e+02,8.591443375e-01
1409,7.045000000e-02,9.559571439e-02,2.254659856e+02,7.318071483e+01,1.514258090e+02,8.594618284e-01
1410,7.050000000e-02,9.569016087e-02,2.255700041e+02,7.313574765e+01,1.515744788e+02,8.597776453e-01
1411,7.055000000e-02,9.578457893e-02,2.256738849e+02,7.309083508e+01,1.517229576e+02,8.600921305e-01
1412,7.060000000e-02,9.587898669e-02,2.257776281e+02,7.304593708e+01,1.518712853e+02,8.604056954e-01
1413,7.065000000e-02,9.597338339e-02,2.258812342e+02,7.300105245e+01,1.520194633e+02,8.607183775e-01
1414,7.070000000e-02,9.606776681e-02,2.259847032e+02,7.295617870e+01,1.521674944e+02,8.610300951e-01
1415,7.075000000e-02,9.616214649e-02,2.260880354e+02,7.291129614e+01,1.523153984e+02,8.613409142e-01
1416,7.080000000e-02,9.625652556e-02,2.261912311e+02,7.286641373e+01,1.524631664e+02,8.616509126e-01
1417,7.085000000e-02,9.635089125e-02,2.262942903e+02,7.282157268e+01,1.526107577e+02,8.619598879e-01
1418,7.090000000e-02,9.644523188e-02,2.263972133e+02,7.277681168e+01,1.527581340e+02,8.622676348e-01
1419,7.095000000e-02,9.653953884e-02,2.265000004e+02,7.273215990e+01,1.529052665e+02,8.625740001e-01
1420,7.100000000e-02,9.663380618e-02,2.266026519e+02,7.268763784e+01,1.530521352e+02,8.628788780e-01
1421,7.105000000e-02,9.672802991e-02,2.267051682e+02,7.264325721e+01,1.531987288e+02,8.631821983e-01
1422,7.110000000e-02,9.682220871e-02,2.268075497e+02,7.259901903e+01,1.533450467e+02,8.634839232e-01
1423,7.115000000e-02,9.691634459e-02,2.269097966e+02,7.255492687e+01,1.534910857e+02,8.637840483e-01
1424,7.120000000e-02,9.701043468e-02,2.270119096e+02,7.251099054e+01,1.536368365e+02,8.640825418e-01
1425,7.125000000e-02,9.710447674e-02,2.271138888e+02,7.246721762e+01,1.537822918e+02,8.643793795e-01
1426,7.130000000e-02,9.719846933e-02,2.272157348e+02,7.242361298e+01,1.539274473e+02,8.646745497e-01
1427,7.135000000e-02,9.729241158e-02,2.273174480e+02,7.238017951e+01,1.540723004e+02,8.649680500e-01
1428,7.140000000e-02,9.738630303e-02,2.274190287e+02,7.233691868e+01,1.542168502e+02,8.652598839e-01
1429,7.145000000e-02,9.748014354e-02,2.275204775e+02,7.229383135e+01,1.543610961e+02,8.655500583e-01
1430,7.150000000e-02,9.757393298e-02,2.276217947e+02,7.225091262e+01,1.545050435e+02,8.658385803e-01
1431,7.155000000e-02,9.766767515e-02,2.277229808e+02,7.220808456e+01,1.546487707e+02,8.661255351e-01
1432,7.160000000e-02,9.776141907e-02,2.278240362e+02,7.216521668e+01,1.547924075e+02,8.664120227e-01
1433,7.165000000e-02,9.785517606e-02,2.279249609e+02,7.212223921e+01,1.549360235e+02,8.666982232e-01
1434,7.170000000e-02,9.794897658e-02,2.280257552e+02,7.207901280e+01,1.550797574e+02,8.669850844e-01
1435,7.175000000e-02,9.804286029e-02,2.281264190e+02,7.203540449e+01,1.552237408e+02,8.672736873e-01
1436,7.180000000e-02,9.813684688e-02,2.282269520e+02,7.199137479e+01,1.553680126e+02,8.675645641e-01
1437,7.185000000e-02,9.823091687e-02,2.283273538e+02,7.194698505e+01,1.555125113e+02,8.678573543e-01
1438,7.190000000e-02,9.832504966e-02,2.284276240e+02,7.190228766e+01,1.556571848e+02,8.681515553e-01
1439,7.195000000e-02,9.841924312e-02,2.285277624e+02,7.185732091e+01,1.558019944e+02,8.684471034e-01
1440,7.200000000e-02,9.851348238e-02,2.286277688e+02,7.181214744e+01,1.559468778e+02,8.687435616e-01
1441,7.205000000e-02,9.860775053e-02,2.287276430e+02,7.176682940e+01,1.560917731e+02,8.690405145e-01
1442,7.210000000e-02,9.870203354e-02,2.288273850e+02,7.172141807e+01,1.562366293e+02,8.693376320e-01
1443,7.215000000e-02,9.879632066e-02,2.289269947e+02,7.167594212e+01,1.563814179e+02,8.696346632e-01
1444,7.220000000e-02,9.889061052e-02,2.290264723e+02,7.163042108e+01,1.565261197e+02,8.699314695e-01
1445,7.225000000e-02,9.898489495e-02,2.291258178e+02,7.158488575e+01,1.566707042e+02,8.702278759e-01
1446,7.230000000e-02,9.907916716e-02,2.292250314e+02,7.153934749e+01,1.568151602e+02,8.705237407e-01
1447,7.235000000e-02,9.917343268e-02,2.293241134e+02,7.149375587e+01,1.569595383e+02,8.708192146e-01
1448,7.240000000e-02,9.926771842e-02,2.294230637e+02,7.144803337e+01,1.571039152e+02,8.711151410e-01
1449,7.245000000e-02,9.936202629e-02,2.295218824e+02,7.140218437e+01,1.572482865e+02,8.714115478e-01
1450,7.250000000e-02,9.945634873e-02,2.296205697e+02,7.135624107e+01,1.573926204e+02,8.717081798e-01
1451,7.255000000e-02,9.955067623e-02,2.297191254e+02,7.131024150e+01,1.575368792e+02,8.720047521e-01
1452,7.260000000e-02,9.964499970e-02,2.298175498e+02,7.126422101e+01,1.576810277e+02,8.723010111e-01
1453,7.265000000e-02,9.973931149e-02,2.299158428e+02,7.121820930e+01,1.578250367e+02,8.725967466e-01
1454,7.270000000e-02,9.983360557e-02,2.300140047e+02,7.117223068e+01,1.579688822e+02,8.728917893e-01
1455,7.275000000e-02,9.992787698e-02,2.301120357e+02,7.112630475e+01,1.581125449e+02,8.731860052e-01
1456,7.280000000e-02,1.000221219e-01,2.302099360e+02,7.108043094e+01,1.582560258e+02,8.734792886e-01
1457,7.285000000e-02,1.001163486e-01,2.303077059e+02,7.103460171e+01,1.583993325e+02,8.737716452e-01
1458,7.290000000e-02,1.002105577e-01,2.304053456e+02,7.098882538e+01,1.585424572e+02,8.740630501e-01
1459,7.295000000e-02,1.003047434e-01,2.305028554e+02,7.094311979e+01,1.586853822e+02,8.743534049e-01
1460,7.300000000e-02,1.003989007e-01,2.306002355e+02,7.089750235e+01,1.588280905e+02,8.746426156e-01
1461,7.305000000e-02,1.004930254e-01,2.306974863e+02,7.085198708e+01,1.589705686e+02,8.749306101e-01
1462,7.310000000e-02,1.005871145e-01,2.307946079e+02,7.080658435e+01,1.591128062e+02,8.752173376e-01
1463,7.315000000e-02,1.006811659e-01,2.308916008e+02,7.076130157e+01,1.592547965e+02,8.755027641e-01
1464,7.320000000e-02,1.007751782e-01,2.309884654e+02,7.071614401e+01,1.593965345e+02,8.757868673e-01
1465,7.325000000e-02,1.008691503e-01,2.310852018e+02,7.067111544e+01,1.595380167e+02,8.760696330e-01
1466,7.330000000e-02,1.009630816e-01,2.311818105e+02,7.062621864e+01,1.596792408e+02,8.763510526e-01
1467,7.335000000e-02,1.010569714e-01,2.312782919e+02,7.058145572e+01,1.598202050e+02,8.766311211e-01
1468,7.340000000e-02,1.011508195e-01,2.313746462e+02,7.053682836e+01,1.599609080e+02,8.769098356e-01
1469,7.345000000e-02,1.012446255e-01,2.314708739e+02,7.049233799e+01,1.601013487e+02,8.771871952e-01
1470,7.350000000e-02,1.013383892e-01,2.315669752e+02,7.044798585e+01,1.602415262e+02,8.774631994e-01
1471,7.355000000e-02,1.014321103e-01,2.316629507e+02,7.040377304e+01,1.603814398e+02,8.777378491e-01
1472,7.360000000e-02,1.015257887e-01,2.317588005e+02,7.035970061e+01,1.605210888e+02,8.780111452e-01
1473,7.365000000e-02,1.016194241e-01,2.318545252e+02,7.031576962e+01,1.606604725e+02,8.782830893e-01
1474,7.370000000e-02,1.017130163e-01,2.319501250e+02,7.027197066e+01,1.607996006e+02,8.785536830e-01
1475,7.375000000e-02,1.018065716e-01,2.320456002e+02,7.022826423e+01,1.609385130e+02,8.788229759e-01
1476,7.380000000e-02,1.019001084e-01,2.321409513e+02,7.018460776e+01,1.610772521e+02,8.790914530e-01
1477,7.385000000e-02,1.019936265e-01,2.322361785e+02,7.014100082e+01,1.612158184e+02,8.793592936e-01
1478,7.390000000e-02,1.020871220e-01,2.323312820e+02,7.009745484e+01,1.613542007e+02,8.796264669e-01
1479,7.395000000e-02,1.021805919e-01,2.324262621e+02,7.005398033e+01,1.614923889e+02,8.798929251e-01
1480,7.400000000e-02,1.022740338e-01,2.325211190e+02,7.001057573e+01,1.616303847e+02,8.801586257e-01
1481,7.405000000e-02,1.023674541e-01,2.326158530e+02,6.996722188e+01,1.617682075e+02,8.804236164e-01
1482,7.410000000e-02,1.024608581e-01,2.327104643e+02,6.992391006e+01,1.619058663e+02,8.806879742e-01
1483,7.415000000e-02,1.025542426e-01,2.328049531e+02,6.988058050e+01,1.620434210e+02,8.809516798e-01
1484,7.420000000e-02,1.026476549e-01,2.328993197e+02,6.983710587e+01,1.621809981e+02,8.812157382e-01
1485,7.425000000e-02,1.027411002e-01,2.329935641e+02,6.979346799e+01,1.623186157e+02,8.814804232e-01
1486,7.430000000e-02,1.028345722e-01,2.330876863e+02,6.974969091e+01,1.624562498e+02,8.817455961e-01
1487,7.435000000e-02,1.029280618e-01,2.331816861e+02,6.970581319e+01,1.625938619e+02,8.820110064e-01
1488,7.440000000e-02,1.030215587e-01,2.332755637e+02,6.966187598e+01,1.627314113e+02,8.822763923e-01
1489,7.445000000e-02,1.031150533e-01,2.333693190e+02,6.961791684e+01,1.628688607e+02,8.825415186e-01
1490,7.450000000e-02,1.032085375e-01,2.334629523e+02,6.957396770e+01,1.630061784e+02,8.828061870e-01
1491,7.455000000e-02,1.033020045e-01,2.335564635e+02,6.953005261e+01,1.631433407e+02,8.830702358e-01
1492,7.460000000e-02,1.033954508e-01,2.336498530e+02,6.948617254e+01,1.632803469e+02,8.833335481e-01
1493,7.465000000e-02,1.034888876e-01,2.337431209e+02,6.944232980e+01,1.634171950e+02,8.835961389e-01
1494,7.470000000e-02,1.035823045e-01,2.338362675e+02,6.939854944e+01,1.635538602e+02,8.838578959e-01
1495,7.475000000e-02,1.036756947e-01,2.339292930e+02,6.935485190e+01,1.636903224e+02,8.841187137e-01
1496,7.480000000e-02,1.037690539e-01,2.340221976e+02,6.931125188e+01,1.638265672e+02,8.843785157e-01
1497,7.485000000e-02,1.038623791e-01,2.341149816e+02,6.926775980e+01,1.639625846e+02,8.846372477e-01
1498,7.490000000e-02,1.039556681e-01,2.342076454e+02,6.922438312e+01,1.640983674e+02,8.848948710e-01
1499,7.495000000e-02,1.040489195e-01,2.343001892e+02,6.918112716e+01,1.642339107e+02,8.851513601e-01
1500,7.500000000e-02,1.041421324e-01,2.343926133e+02,6.913799586e+01,1.643692107e+02,8.854066974e-01
1501,7.505000000e-02,1.042353060e-01,2.344849181e+02,6.909499227e+01,1.645042650e+02,8.856608698e-01
1502,7.510000000e-02,1.043284397e-01,2.345771039e+02,6.905211862e+01,1.646390714e+02,8.859138692e-01
1503,7.515000000e-02,1.044215332e-01,2.346691711e+02,6.900937661e+01,1.647736288e+02,8.861656911e-01
1504,7.520000000e-02,1.045145862e-01,2.347611199e+02,6.896676756e+01,1.649079360e+02,8.864163329e-01
1505,7.525000000e-02,1.046075985e-01,2.348529507e+02,6.892429249e+01,1.650419924e+02,8.866657937e-01
1506,7.530000000e-02,1.047005700e-01,2.349446638e+02,6.888195222e+01,1.651757975e+02,8.869140741e-01
1507,7.535000000e-02,1.047935006e-01,2.350362597e+02,6.883974742e+01,1.653093511e+02,8.871611754e-01
1508,7.540000000e-02,1.048863902e-01,2.351277385e+02,6.879767860e+01,1.654426528e+02,8.874070998e-01
1509,7.545000000e-02,1.049792388e-01,2.352191006e+02,6.875574620e+01,1.655757026e+02,8.876518500e-01
1510,7.550000000e-02,1.050720463e-01,2.353103464e+02,6.871395056e+01,1.657085005e+02,8.878954293e-01
1511,7.555000000e-02,1.051648128e-01,2.354014763e+02,6.867229197e+01,1.658410465e+02,8.881378412e-01
1512,7.560000000e-02,1.052575382e-01,2.354924905e+02,6.863077060e+01,1.659733408e+02,8.883790899e-01
1513,7.565000000e-02,1.053502226e-01,2.355833893e+02,6.858938667e+01,1.661053835e+02,8.886191793e-01
1514,7.570000000e-02,1.054428661e-01,2.356741732e+02,6.854814033e+01,1.662371747e+02,8.888581140e-01
1515,7.575000000e-02,1.055354686e-01,2.357648424e+02,6.850702480e+01,1.663687217e+02,8.890958984e-01
1516,7.580000000e-02,1.056280368e-01,2.358553973e+02,6.846601924e+01,1.665000454e+02,8.893326234e-01
1517,7.585000000e-02,1.057205797e-01,2.359458382e+02,6.842510602e+01,1.666311637e+02,8.895684591e-01
1518,7.590000000e-02,1.058130962e-01,2.360361653e+02,6.838427907e+01,1.667620828e+02,8.898034366e-01
1519,7.595000000e-02,1.059055883e-01,2.361263790e+02,6.834353899e+01,1.668928025e+02,8.900375682e-01
1520,7.600000000e-02,1.059980526e-01,2.362164795e+02,6.830288628e+01,1.670233224e+02,8.902708204e-01
1521,7.605000000e-02,1.060904918e-01,2.363064671e+02,6.826221161e+01,1.671537522e+02,8.905032346e-01
1522,7.610000000e-02,1.061829825e-01,2.363963419e+02,6.822129192e+01,1.672843132e+02,8.907367460e-01
1523,7.615000000e-02,1.062755364e-01,2.364861039e+02,6.818009899e+01,1.674150333e+02,8.909716442e-01
1524,7.620000000e-02,1.063681419e-01,2.365757530e+02,6.813868494e+01,1.675458605e+02,8.912075256e-01
1525,7.625000000e-02,1.064607816e-01,2.366652889e+02,6.809711814e+01,1.676767268e+02,8.914439600e-01
1526,7.630000000e-02,1.065534392e-01,2.367547116e+02,6.805545942e+01,1.678075716e+02,8.916805921e-01
1527,7.635000000e-02,1.066461021e-01,2.368440210e+02,6.801375661e+01,1.679383473e+02,8.919171482e-01
1528,7.640000000e-02,1.067387606e-01,2.369332173e+02,6.797204597e+01,1.680690179e+02,8.921534227e-01
1529,7.645000000e-02,1.068314078e-01,2.370223005e+02,6.793035484e+01,1.681995564e+02,8.923892613e-01
1530,7.650000000e-02,1.069240381e-01,2.371112707e+02,6.788870213e+01,1.683299441e+02,8.926245491e-01
1531,7.655000000e-02,1.070166480e-01,2.372001283e+02,6.784710162e+01,1.684601674e+02,8.928591992e-01
1532,7.660000000e-02,1.071092349e-01,2.372888733e+02,6.780556420e+01,1.685902159e+02,8.930931457e-01
1533,7.665000000e-02,1.072017966e-01,2.373775060e+02,6.776407319e+01,1.687201064e+02,8.933263372e-01
1534,7.670000000e-02,1.072943553e-01,2.374660266e+02,6.772252000e+01,1.688499474e+02,8.935591871e-01
1535,7.675000000e-02,1.073869559e-01,2.375544352e+02,6.768077265e+01,1.689798696e+02,8.937929241e-01
1536,7.680000000e-02,1.074795997e-01,2.376427319e+02,6.763882631e+01,1.691098779e+02,8.940277165e-01
1537,7.685000000e-02,1.075722773e-01,2.377309165e+02,6.759671930e+01,1.692399339e+02,8.942633112e-01
1538,7.690000000e-02,1.076649763e-01,2.378189889e+02,6.755449969e+01,1.693699899e+02,8.944993834e-01
1539,7.695000000e-02,1.077576848e-01,2.379069492e+02,6.751221286e+01,1.695000007e+02,8.947356333e-01
1540,7.700000000e-02,1.078503930e-01,2.379947972e+02,6.746989773e+01,1.696299277e+02,8.949718097e-01
1541,7.705000000e-02,1.079430926e-01,2.380825332e+02,6.742758611e+01,1.697597394e+02,8.952077103e-01
1542,7.710000000e-02,1.080357772e-01,2.381701572e+02,6.738530322e+01,1.698894108e+02,8.954431755e-01
1543,7.715000000e-02,1.081284416e-01,2.382576694e+02,6.734306834e+01,1.700189230e+02,8.956780809e-01
1544,7.720000000e-02,1.082210824e-01,2.383450700e+02,6.730089658e+01,1.701482611e+02,8.959123294e-01
1545,7.725000000e-02,1.083136963e-01,2.384323592e+02,6.725879937e+01,1.702774140e+02,8.961458456e-01
1546,7.730000000e-02,1.084062815e-01,2.385195373e+02,6.721678593e+01,1.704063728e+02,8.963785702e-01
1547,7.735000000e-02,1.084988360e-01,2.386066045e+02,6.717486386e+01,1.705351302e+02,8.966104537e-01
1548,7.740000000e-02,1.085913584e-01,2.386935610e+02,6.713303267e+01,1.706636869e+02,8.968414595e-01
1549,7.745000000e-02,1.086838519e-01,2.387804072e+02,6.709128878e+01,1.707920468e+02,8.970715866e-01
1550,7.750000000e-02,1.087763169e-01,2.388671432e+02,6.704961740e+01,1.709202250e+02,8.973008177e-01
1551,7.755000000e-02,1.088687681e-01,2.389537693e+02,6.700799235e+01,1.710482477e+02,8.975292939e-01
1552,7.760000000e-02,1.089612017e-01,2.390402858e+02,6.696642732e+01,1.711761015e+02,8.977569797e-01
1553,7.765000000e-02,1.090536108e-01,2.391266929e+02,6.692494418e+01,1.713037649e+02,8.979837861e-01
1554,7.770000000e-02,1.091459902e-01,2.392129907e+02,6.688355948e+01,1.714312215e+02,8.982096475e-01
1555,7.775000000e-02,1.092383368e-01,2.392991795e+02,6.684228361e+01,1.715584614e+02,8.984345251e-01
1556,7.780000000e-02,1.093306488e-01,2.393852597e+02,6.680112226e+01,1.716854790e+02,8.986583994e-01
1557,7.785000000e-02,1.094229253e-01,2.394712314e+02,6.676007822e+01,1.718122720e+02,8.988812626e-01
1558,7.790000000e-02,1.095151662e-01,2.395570951e+02,6.671915251e+01,1.719388395e+02,8.991031150e-01
1559,7.795000000e-02,1.096073714e-01,2.396428509e+02,6.667834407e+01,1.720651829e+02,8.993239620e-01
1560,7.800000000e-02,1.096995415e-01,2.397284992e+02,6.663765085e+01,1.721913045e+02,8.995438132e-01
1561,7.805000000e-02,1.097916775e-01,2.398140402e+02,6.659707167e+01,1.723172058e+02,8.997626823e-01
1562,7.810000000e-02,1.098837797e-01,2.398994743e+02,6.655659453e+01,1.724428991e+02,8.999805918e-01
1563,7.815000000e-02,1.099758547e-01,2.399848016e+02,6.651619593e+01,1.725684081e+02,9.001975958e-01
1564,7.820000000e-02,1.100679108e-01,2.400700226e+02,6.647586440e+01,1.726937444e+02,9.004137750e-01
1565,7.825000000e-02,1.101599454e-01,2.401551373e+02,6.643560618e+01,1.728189020e+02,9.006291062e-01
1566,7.830000000e-02,1.102519569e-01,2.402401460e+02,6.639542757e+01,1.729438749e+02,9.008435673e-01
1567,7.835000000e-02,1.103439439e-01,2.403250490e+02,6.635533436e+01,1.730686575e+02,9.010571448e-01
1568,7.840000000e-02,1.104359050e-01,2.404098465e+02,6.631533299e+01,1.731932437e+02,9.012698173e-01
1569,7.845000000e-02,1.105278383e-01,2.404945387e+02,6.627543021e+01,1.733176270e+02,9.014815596e-01
1570,7.850000000e-02,1.106197421e-01,2.405791260e+02,6.623560971e+01,1.734418239e+02,9.016923479e-01
1571,7.855000000e-02,1.107116347e-01,2.406636084e+02,6.619581953e+01,1.735658866e+02,9.019023494e-01
1572,7.860000000e-02,1.108035296e-01,2.407479864e+02,6.615601973e+01,1.736898546e+02,9.021120464e-01
1573,7.865000000e-02,1.108954245e-01,2.408322599e+02,6.611621407e+01,1.738137243e+02,9.023215306e-01
1574,7.870000000e-02,1.109873147e-01,2.409164291e+02,6.607641718e+01,1.739374812e+02,9.025307426e-01
1575,7.875000000e-02,1.110791954e-01,2.410004942e+02,6.603664539e+01,1.740611092e+02,9.027395967e-01
1576,7.880000000e-02,1.111710623e-01,2.410844553e+02,6.599691354e+01,1.741845937e+02,9.029480132e-01
1577,7.885000000e-02,1.112629117e-01,2.411683125e+02,6.595723400e+01,1.743079226e+02,9.031559254e-01
1578,7.890000000e-02,1.113547408e-01,2.412520662e+02,6.591761663e+01,1.744310863e+02,9.033632816e-01
1579,7.895000000e-02,1.114465474e-01,2.413357164e+02,6.587806905e+01,1.745540773e+02,9.035700425e-01
1580,7.900000000e-02,1.115383299e-01,2.414192634e+02,6.583858812e+01,1.746768991e+02,9.037761794e-01
1581,7.905000000e-02,1.116300948e-01,2.415027074e+02,6.579915426e+01,1.747995714e+02,9.039817735e-01
1582,7.910000000e-02,1.117218509e-01,2.415860486e+02,6.575973994e+01,1.749221217e+02,9.041869848e-01
1583,7.915000000e-02,1.118136064e-01,2.416692872e+02,6.572032921e+01,1.750445661e+02,9.043919466e-01
1584,7.920000000e-02,1.119053580e-01,2.417524234e+02,6.568089317e+01,1.751669335e+02,9.045966525e-01
1585,7.925000000e-02,1.119971277e-01,2.418354571e+02,6.564136017e+01,1.752892954e+02,9.048015834e-01
1586,7.930000000e-02,1.120889191e-01,2.419183886e+02,6.560172001e+01,1.754116617e+02,9.050069063e-01
1587,7.935000000e-02,1.121807279e-01,2.420012178e+02,6.556199186e+01,1.755340134e+02,9.052125140e-01
1588,7.940000000e-02,1.122725468e-01,2.420839446e+02,6.552220478e+01,1.756563216e+02,9.054182300e-01
1589,7.945000000e-02,1.123643681e-01,2.421665692e+02,6.548238845e+01,1.757785569e+02,9.056238776e-01
1590,7.950000000e-02,1.124561851e-01,2.422490916e+02,6.544256932e+01,1.759006930e+02,9.058293028e-01
1591,7.955000000e-02,1.125479920e-01,2.423315119e+02,6.540276949e+01,1.760227081e+02,9.060343791e-01
1592,7.960000000e-02,1.126397842e-01,2.424138303e+02,6.536300428e+01,1.761445870e+02,9.062390055e-01
1593,7.965000000e-02,1.127315600e-01,2.424960469e+02,6.532328701e+01,1.762663168e+02,9.064431015e-01
1594,7.970000000e-02,1.128233161e-01,2.425781619e+02,6.528363072e+01,1.763878846e+02,9.066466020e-01
1595,7.975000000e-02,1.129150495e-01,2.426601755e+02,6.524404597e+01,1.765092801e+02,9.068494556e-01
1596,7.980000000e-02,1.130067578e-01,2.427420879e+02,6.520454044e+01,1.766304958e+02,9.070516240e-01
1597,7.985000000e-02,1.130984397e-01,2.428238993e+02,6.516511985e+01,1.767515264e+02,9.072530788e-01
1598,7.990000000e-02,1.131900940e-01,2.429056100e+02,6.512578851e+01,1.768723676e+02,9.074537991e-01
1599,7.995000000e-02,1.132817198e-01,2.429872201e+02,6.508654851e+01,1.769930179e+02,9.076537692e-01
1600,8.000000000e-02,1.133733173e-01,2.430687300e+02,6.504739653e+01,1.771134805e+02,9.078529811e-01
1601,8.005000000e-02,1.134648889e-01,2.431501399e+02,6.500833106e+01,1.772337574e+02,9.080514428e-01
1602,8.010000000e-02,1.135564336e-01,2.432314500e+02,6.496935653e+01,1.773538443e+02,9.082491404e-01
1603,8.015000000e-02,1.136479500e-01,2.433126605e+02,6.493047756e+01,1.774737369e+02,9.084460577e-01
1604,8.020000000e-02,1.137394372e-01,2.433937717e+02,6.489169784e+01,1.775934316e+02,9.086421832e-01
1605,8.025000000e-02,1.138308944e-01,2.434747838e+02,6.485302005e+01,1.777129262e+02,9.088375100e-01
1606,8.030000000e-02,1.139223211e-01,2.435556971e+02,6.481444632e+01,1.778322187e+02,9.090320349e-01
1607,8.035000000e-02,1.140137169e-01,2.436365118e+02,6.477597938e+01,1.779513066e+02,9.092257552e-01
1608,8.040000000e-02,1.141050809e-01,2.437172282e+02,6.473762077e+01,1.780701887e+02,9.094186658e-01
1609,8.045000000e-02,1.141964132e-01,2.437978465e+02,6.469937072e+01,1.781888650e+02,9.096107710e-01
1610,8.050000000e-02,1.142877137e-01,2.438783670e+02,6.466122921e+01,1.783073357e+02,9.098020760e-01
1611,8.055000000e-02,1.143789825e-01,2.439587900e+02,6.462319615e+01,1.784256012e+02,9.099925859e-01
1612,8.060000000e-02,1.144702196e-01,2.440391156e+02,6.458527147e+01,1.785436619e+02,9.101823055e-01
1613,8.065000000e-02,1.145614251e-01,2.441193443e+02,6.454745541e+01,1.786615176e+02,9.103712395e-01
1614,8.070000000e-02,1.146525987e-01,2.441994761e+02,6.450974845e+01,1.787791683e+02,9.105593903e-01
1615,8.075000000e-02,1.147437404e-01,2.442795114e+02,6.447215102e+01,1.788966136e+02,9.107467594e-01
1616,8.080000000e-02,1.148348499e-01,2.443594505e+02,6.443466324e+01,1.790138539e+02,9.109333483e-01
1617,8.085000000e-02,1.149259274e-01,2.444392935e+02,6.439728491e+01,1.791308894e+02,9.111191619e-01
1618,8.090000000e-02,1.150169730e-01,2.445190407e+02,6.436000714e+01,1.792477294e+02,9.113042051e-01
1619,8.095000000e-02,1.151079942e-01,2.445986925e+02,6.432277507e+01,1.793644288e+02,9.114886399e-01
1620,8.100000000e-02,1.151990210e-01,2.446782489e+02,6.428549355e+01,1.794810821e+02,9.116732392e-01
1621,8.105000000e-02,1.152900631e-01,2.447577102e+02,6.424810449e+01,1.795977475e+02,9.118581534e-01
1622,8.110000000e-02,1.153811371e-01,2.448370762e+02,6.421056923e+01,1.797144634e+02,9.120435540e-01
1623,8.115000000e-02,1.154722390e-01,2.449163471e+02,6.417292295e+01,1.798311949e+02,9.122292486e-01
1624,8.120000000e-02,1.155633538e-01,2.449955227e+02,6.413522103e+01,1.799478867e+02,9.124149608e-01
1625,8.125000000e-02,1.156544691e-01,2.450746031e+02,6.409750788e+01,1.800644947e+02,9.126004748e-01
1626,8.130000000e-02,1.157455761e-01,2.451535883e+02,6.405981399e+01,1.801809886e+02,9.127856416e-01
1627,8.135000000e-02,1.158366692e-01,2.452324784e+02,6.402215947e+01,1.802973486e+02,9.129703601e-01
1628,8.140000000e-02,1.159277445e-01,2.453112737e+02,6.398455808e+01,1.804135611e+02,9.131545613e-01
1629,8.145000000e-02,1.160187994e-01,2.453899743e+02,6.394701958e+01,1.805296165e+02,9.133381970e-01
1630,8.150000000e-02,1.161098322e-01,2.454685803e+02,6.390955101e+01,1.806455081e+02,9.135212332e-01
1631,8.155000000e-02,1.162008415e-01,2.455470920e+02,6.387215748e+01,1.807612309e+02,9.137036457e-01
1632,8.160000000e-02,1.162918262e-01,2.456255096e+02,6.383484261e+01,1.808767816e+02,9.138854171e-01
1633,8.165000000e-02,1.163827859e-01,2.457038333e+02,6.379759155e+01,1.809921752e+02,9.140665350e-01
1634,8.170000000e-02,1.164737380e-01,2.457820632e+02,6.376030406e+01,1.811075119e+02,9.142472803e-01
1635,8.175000000e-02,1.165647378e-01,2.458601996e+02,6.372282322e+01,1.812229475e+02,9.144289047e-01
1636,8.180000000e-02,1.166557868e-01,2.459382424e+02,6.368513386e+01,1.813384969e+02,9.146116566e-01
1637,8.185000000e-02,1.167468757e-01,2.460161915e+02,6.364726946e+01,1.814541266e+02,9.147953441e-01
1638,8.190000000e-02,1.168379922e-01,2.460940466e+02,6.360926938e+01,1.815697976e+02,9.149796909e-01
1639,8.195000000e-02,1.169291294e-01,2.461718079e+02,6.357117617e+01,1.816854673e+02,9.151644395e-01
1640,8.200000000e-02,1.170202754e-01,2.462494752e+02,6.353302368e+01,1.818011021e+02,9.153493655e-01
1641,8.205000000e-02,1.171114274e-01,2.463270485e+02,6.349479249e+01,1.819167217e+02,9.155343265e-01
1642,8.210000000e-02,1.172026184e-01,2.464045280e+02,6.345643309e+01,1.820323754e+02,9.157194974e-01
1643,8.215000000e-02,1.172938530e-01,2.464819135e+02,6.341794052e+01,1.821480680e+02,9.159049801e-01
1644,8.220000000e-02,1.173851107e-01,2.465592051e+02,6.337937137e+01,1.822637432e+02,9.160905410e-01
1645,8.225000000e-02,1.174763747e-01,2.466364027e+02,6.334077874e+01,1.823793480e+02,9.162759416e-01
1646,8.230000000e-02,1.175676333e-01,2.467135064e+02,6.330220193e+01,1.824948434e+02,9.164610040e-01
1647,8.235000000e-02,1.176588783e-01,2.467905163e+02,6.326366757e+01,1.826102031e+02,9.166456055e-01
1648,8.240000000e-02,1.177501048e-01,2.468674325e+02,6.322519361e+01,1.827254092e+02,9.168296640e-01
1649,8.245000000e-02,1.178413091e-01,2.469442552e+02,6.318679222e+01,1.828404498e+02,9.170131247e-01
1650,8.250000000e-02,1.179324891e-01,2.470209846e+02,6.314847156e+01,1.829553171e+02,9.171959520e-01
1651,8.255000000e-02,1.180236431e-01,2.470976210e+02,6.311023699e+01,1.830700058e+02,9.173781234e-01
1652,8.260000000e-02,1.181147702e-01,2.471741644e+02,6.307209193e+01,1.831845129e+02,9.175596251e-01
1653,8.265000000e-02,1.182058697e-01,2.472506153e+02,6.303403847e+01,1.832988363e+02,9.177404499e-01
1654,8.270000000e-02,1.182969414e-01,2.473269736e+02,6.299607769e+01,1.834129754e+02,9.179205947e-01
1655,8.275000000e-02,1.183879851e-01,2.474032398e+02,6.295821093e+01,1.835269288e+02,9.181000593e-01
1656,8.280000000e-02,1.184790002e-01,2.474794140e+02,6.292043948e+01,1.836406957e+02,9.182788363e-01
1657,8.285000000e-02,1.185699867e-01,2.475554965e+02,6.288276344e+01,1.837542761e+02,9.184569256e-01
1658,8.290000000e-02,1.186609447e-01,2.476314874e+02,6.284518202e+01,1.838676710e+02,9.186343337e-01
1659,8.295000000e-02,1.187518746e-01,2.477073870e+02,6.280769415e+01,1.839808818e+02,9.188110675e-01
1660,8.300000000e-02,1.188427767e-01,2.477831955e+02,6.277029876e+01,1.840939096e+02,9.189871334e-01
1661,8.305000000e-02,1.189336514e-01,2.478589132e+02,6.273299489e+01,1.842067558e+02,9.191625370e-01
1662,8.310000000e-02,1.190244988e-01,2.479345402e+02,6.269576688e+01,1.843194361e+02,9.193372831e-01
1663,8.315000000e-02,1.191153290e-01,2.480100768e+02,6.265859335e+01,1.844319720e+02,9.195114665e-01
1664,8.320000000e-02,1.192061428e-01,2.480855232e+02,6.262147823e+01,1.845443599e+02,9.196851001e-01
1665,8.325000000e-02,1.192969381e-01,2.481608795e+02,6.258443116e+01,1.846565902e+02,9.198581484e-01
1666,8.330000000e-02,1.193877122e-01,2.482361459e+02,6.254746124e+01,1.847686541e+02,9.200305736e-01
1667,8.335000000e-02,1.194784628e-01,2.483113226e+02,6.251057576e+01,1.848805445e+02,9.202023459e-01
1668,8.340000000e-02,1.195691884e-01,2.483864099e+02,6.247378010e+01,1.849922563e+02,9.203734446e-01
1669,8.345000000e-02,1.196598876e-01,2.484614078e+02,6.243707803e+01,1.851037860e+02,9.205438566e-01
1670,8.350000000e-02,1.197505597e-01,2.485363168e+02,6.240047208e+01,1.852151311e+02,9.207135743e-01
1671,8.355000000e-02,1.198412040e-01,2.486111369e+02,6.236396393e+01,1.853262903e+02,9.208825945e-01
1672,8.360000000e-02,1.199318203e-01,2.486858683e+02,6.232754200e+01,1.854372754e+02,9.210509166e-01
1673,8.365000000e-02,1.200224179e-01,2.487605114e+02,6.229119021e+01,1.855481026e+02,9.212186531e-01
1674,8.370000000e-02,1.201129981e-01,2.488350663e+02,6.225490819e+01,1.856587723e+02,9.213858523e-01
1675,8.375000000e-02,1.202035573e-01,2.489095332e+02,6.221866488e+01,1.857693159e+02,9.215524829e-01
1676,8.380000000e-02,1.202941172e-01,2.489839123e+02,6.218240184e+01,1.858797913e+02,9.217191177e-01
1677,8.385000000e-02,1.203846807e-01,2.490582036e+02,6.214610826e+01,1.859902094e+02,9.218859518e-01
1678,8.390000000e-02,1.204752461e-01,2.491324073e+02,6.210978936e+01,1.861005650e+02,9.220529745e-01
1679,8.395000000e-02,1.205658102e-01,2.492065234e+02,6.207345597e+01,1.862108473e+02,9.222201206e-01
1680,8.400000000e-02,1.206563695e-01,2.492805520e+02,6.203712002e+01,1.863210447e+02,9.223873161e-01
1681,8.405000000e-02,1.207469209e-01,2.493544933e+02,6.200079263e+01,1.864311462e+02,9.225544931e-01
1682,8.410000000e-02,1.208374617e-01,2.494283472e+02,6.196448343e+01,1.865411422e+02,9.227215938e-01
1683,8.415000000e-02,1.209279897e-01,2.495021140e+02,6.192820039e+01,1.866510250e+02,9.228885716e-01
1684,8.420000000e-02,1.210185033e-01,2.495757937e+02,6.189194997e+01,1.867607883e+02,9.230553889e-01
1685,8.425000000e-02,1.211090010e-01,2.496493865e+02,6.185573734e+01,1.868704272e+02,9.232220164e-01
1686,8.430000000e-02,1.211994817e-01,2.497228926e+02,6.181956647e+01,1.869799377e+02,9.233884310e-01
1687,8.435000000e-02,1.212899448e-01,2.497963121e+02,6.178344041e+01,1.870893170e+02,9.235546147e-01
1688,8.440000000e-02,1.213803896e-01,2.498696451e+02,6.174733604e+01,1.871985885e+02,9.237205531e-01
1689,8.445000000e-02,1.214708368e-01,2.499428918e+02,6.171117499e+01,1.873078302e+02,9.238865658e-01
1690,8.450000000e-02,1.215613039e-01,2.500160522e+02,6.167492169e+01,1.874170776e+02,9.240529215e-01
1691,8.455000000e-02,1.216517874e-01,2.500891265e+02,6.163858571e+01,1.875263212e+02,9.242195939e-01
1692,8.460000000e-02,1.217422814e-01,2.501621145e+02,6.160218944e+01,1.876355386e+02,9.243864769e-01
1693,8.465000000e-02,1.218327793e-01,2.502350163e+02,6.156575711e+01,1.877447058e+02,9.245534521e-01
1694,8.470000000e-02,1.219232753e-01,2.503078320e+02,6.152931061e+01,1.878538010e+02,9.247204126e-01
1695,8.475000000e-02,1.220137646e-01,2.503805616e+02,6.149286834e+01,1.879628060e+02,9.248872683e-01
1696,8.480000000e-02,1.221042432e-01,2.504532052e+02,6.145644524e+01,1.880717060e+02,9.250539459e-01
1697,8.485000000e-02,1.221947080e-01,2.505257630e+02,6.142005327e+01,1.881804893e+02,9.252203866e-01
1698,8.490000000e-02,1.222851567e-01,2.505982350e+02,6.138370053e+01,1.882891479e+02,9.253865437e-01
1699,8.495000000e-02,1.223755878e-01,2.506706214e+02,6.134739212e+01,1.883976769e+02,9.255523799e-01
1700,8.500000000e-02,1.224660004e-01,2.507429223e+02,6.131113198e+01,1.885060725e+02,9.257178628e-01
1701,8.505000000e-02,1.225563939e-01,2.508151380e+02,6.127492292e+01,1.886143321e+02,9.258829636e-01
1702,8.510000000e-02,1.226467678e-01,2.508872685e+02,6.123876747e+01,1.887224534e+02,9.260476554e-01
1703,8.515000000e-02,1.227371218e-01,2.509593141e+02,6.120266043e+01,1.888304417e+02,9.262119139e-01
1704,8.520000000e-02,1.228274621e-01,2.510312748e+02,6.116660287e+01,1.889382962e+02,9.263757229e-01
1705,8.525000000e-02,1.229177852e-01,2.511031509e+02,6.113060371e+01,1.890460081e+02,9.265390562e-01
1706,8.530000000e-02,1.230080880e-01,2.511749425e+02,6.109467006e+01,1.891535705e+02,9.267018871e-01
1707,8.535000000e-02,1.230983687e-01,2.512466498e+02,6.105880623e+01,1.892609793e+02,9.268641977e-01
1708,8.540000000e-02,1.231886263e-01,2.513182729e+02,6.102301474e+01,1.893682322e+02,9.270259760e-01
1709,8.545000000e-02,1.232788604e-01,2.513898121e+02,6.098729704e+01,1.894753278e+02,9.271872139e-01
1710,8.550000000e-02,1.233690708e-01,2.514612675e+02,6.095165303e+01,1.895822665e+02,9.273479052e-01
1711,8.555000000e-02,1.234592580e-01,2.515326393e+02,6.091608334e+01,1.896890479e+02,9.275080440e-01
1712,8.560000000e-02,1.235494219e-01,2.516039277e+02,6.088059047e+01,1.897956696e+02,9.276676239e-01
1713,8.565000000e-02,1.236395614e-01,2.516751329e+02,6.084517630e+01,1.899021299e+02,9.278266396e-01
1714,8.570000000e-02,1.237296763e-01,2.517462550e+02,6.080984167e+01,1.900084282e+02,9.279850883e-01
1715,8.575000000e-02,1.238197665e-01,2.518172943e+02,6.077458704e+01,1.901145643e+02,9.281429691e-01
1716,8.580000000e-02,1.239098318e-01,2.518882510e+02,6.073941272e+01,1.902205380e+02,9.283002809e-01
1717,8.585000000e-02,1.239998722e-01,2.519591251e+02,6.070431905e+01,1.903263491e+02,9.284570231e-01
1718,8.590000000e-02,1.240898878e-01,2.520299171e+02,6.066930639e+01,1.904319975e+02,9.286131951e-01
1719,8.595000000e-02,1.241798785e-01,2.521006269e+02,6.063436896e+01,1.905374891e+02,9.287687963e-01
1720,8.600000000e-02,1.242698486e-01,2.521712548e+02,6.059949885e+01,1.906428321e+02,9.289238497e-01
1721,8.605000000e-02,1.243597988e-01,2.522418010e+02,6.056469808e+01,1.907480246e+02,9.290783567e-01
1722,8.610000000e-02,1.244497271e-01,2.523122657e+02,6.052996963e+01,1.908530638e+02,9.292322986e-01
1723,8.615000000e-02,1.245396345e-01,2.523826490e+02,6.049531643e+01,1.909579469e+02,9.293856631e-01
1724,8.620000000e-02,1.246295198e-01,2.524529511e+02,6.046074034e+01,1.910626723e+02,9.295384417e-01
1725,8.625000000e-02,1.247193836e-01,2.525231722e+02,6.042622057e+01,1.911672610e+02,9.296906511e-01
1726,8.630000000e-02,1.248092394e-01,2.525933125e+02,6.039172325e+01,1.912717467e+02,9.298424808e-01
1727,8.635000000e-02,1.248990859e-01,2.526633720e+02,6.035725542e+01,1.913761227e+02,9.299939292e-01
1728,8.640000000e-02,1.249889195e-01,2.527333510e+02,6.032283120e+01,1.914803749e+02,9.301449411e-01
1729,8.645000000e-02,1.250787367e-01,2.528032496e+02,6.028846310e+01,1.915844911e+02,9.302954662e-01
1730,8.650000000e-02,1.251685351e-01,2.528730679e+02,6.025416022e+01,1.916884622e+02,9.304454694e-01
1731,8.655000000e-02,1.252583128e-01,2.529428061e+02,6.021992857e+01,1.917922826e+02,9.305949292e-01
1732,8.660000000e-02,1.253480688e-01,2.530124643e+02,6.018577189e+01,1.918959486e+02,9.307438340e-01
1733,8.665000000e-02,1.254378024e-01,2.530820427e+02,6.015169241e+01,1.919994582e+02,9.308921790e-01
1734,8.670000000e-02,1.255275132e-01,2.531515416e+02,6.011769134e+01,1.921028103e+02,9.310399623e-01
1735,8.675000000e-02,1.256172010e-01,2.532209610e+02,6.008376908e+01,1.922060048e+02,9.311871860e-01
1736,8.680000000e-02,1.257068661e-01,2.532903013e+02,6.004992541e+01,1.923090420e+02,9.313338546e-01
1737,8.685000000e-02,1.257965084e-01,2.533595624e+02,6.001615975e+01,1.924119227e+02,9.314799741e-01
1738,8.690000000e-02,1.258861282e-01,2.534287447e+02,5.998247127e+01,1.925146479e+02,9.316255513e-01
1739,8.695000000e-02,1.259757258e-01,2.534978484e+02,5.994885899e+01,1.926172188e+02,9.317705934e-01
1740,8.700000000e-02,1.260653014e-01,2.535668735e+02,5.991531015e+01,1.927196482e+02,9.319151079e-01
1741,8.705000000e-02,1.261548666e-01,2.536358203e+02,5.988178985e+01,1.928219712e+02,9.320592493e-01
1742,8.710000000e-02,1.262444339e-01,2.537046888e+02,5.984825977e+01,1.929242258e+02,9.322032782e-01
1743,8.715000000e-02,1.263340129e-01,2.537734793e+02,5.981470818e+01,1.930264239e+02,9.323472689e-01
1744,8.720000000e-02,1.264235950e-01,2.538421918e+02,5.978114760e+01,1.931285530e+02,9.324911700e-01
1745,8.725000000e-02,1.265131750e-01,2.539108263e+02,5.974759208e+01,1.932305994e+02,9.326349125e-01
1746,8.730000000e-02,1.266027489e-01,2.539793830e+02,5.971405312e+01,1.933325515e+02,9.327784384e-01
1747,8.735000000e-02,1.266923141e-01,2.540478619e+02,5.968053943e+01,1.934344008e+02,9.329217025e-01
1748,8.740000000e-02,1.267818687e-01,2.541162632e+02,5.964705747e+01,1.935361410e+02,9.330646703e-01
1749,8.745000000e-02,1.268714112e-01,2.541845869e+02,5.961361200e+01,1.936377676e+02,9.332073151e-01
1750,8.750000000e-02,1.269609408e-01,2.542528333e+02,5.958020658e+01,1.937392771e+02,9.333496162e-01
1751,8.755000000e-02,1.270504567e-01,2.543210023e+02,5.954684391e+01,1.938406669e+02,9.334915575e-01
1752,8.760000000e-02,1.271399585e-01,2.543890943e+02,5.951352577e+01,1.939419354e+02,9.336331263e-01
1753,8.765000000e-02,1.272294460e-01,2.544571092e+02,5.948025380e+01,1.940430811e+02,9.337743127e-01
1754,8.770000000e-02,1.273189187e-01,2.545250474e+02,5.944702956e+01,1.941441027e+02,9.339151083e-01
1755,8.775000000e-02,1.274083765e-01,2.545929087e+02,5.941385430e+01,1.942449989e+02,9.340555067e-01
1756,8.780000000e-02,1.274978192e-01,2.546606936e+02,5.938072911e+01,1.943457690e+02,9.341955027e-01
1757,8.785000000e-02,1.275872465e-01,2.547284020e+02,5.934765477e+01,1.944464121e+02,9.343350923e-01
1758,8.790000000e-02,1.276766585e-01,2.547960341e+02,5.931463181e+01,1.945469280e+02,9.344742722e-01
1759,8.795000000e-02,1.277660550e-01,2.548635901e+02,5.928166075e+01,1.946473163e+02,9.346130390e-01
1760,8.800000000e-02,1.278554362e-01,2.549310701e+02,5.924867972e+01,1.947476390e+02,9.347513897e-01
1761,8.805000000e-02,1.279448749e-01,2.549984742e+02,5.921546036e+01,1.948481234e+02,9.348904259e-01
1762,8.810000000e-02,1.280344212e-01,2.550658024e+02,5.918188549e+01,1.949488859e+02,9.350310514e-01
1763,8.815000000e-02,1.281240487e-01,2.551330544e+02,5.914801405e+01,1.950498673e+02,9.351730624e-01
1764,8.820000000e-02,1.282137305e-01,2.552002300e+02,5.911392821e+01,1.951509857e+02,9.353160561e-01
1765,8.825000000e-02,1.283034467e-01,2.552673288e+02,5.907969570e+01,1.952521734e+02,9.354596970e-01
1766,8.830000000e-02,1.283931831e-01,2.553343509e+02,5.904535187e+01,1.953533953e+02,9.356037323e-01
1767,8.835000000e-02,1.284829358e-01,2.554012961e+02,5.901093292e+01,1.954546153e+02,9.357479743e-01
1768,8.840000000e-02,1.285726948e-01,2.554681645e+02,5.897647668e+01,1.955557956e+02,9.358922552e-01
1769,8.845000000e-02,1.286624522e-01,2.555349560e+02,5.894200983e+01,1.956569098e+02,9.360364359e-01
1770,8.850000000e-02,1.287522040e-01,2.556016708e+02,5.890753038e+01,1.957579600e+02,9.361804267e-01
1771,8.855000000e-02,1.288419628e-01,2.556683088e+02,5.887303504e+01,1.958589495e+02,9.363242489e-01
1772,8.860000000e-02,1.289317209e-01,2.557348702e+02,5.883854419e+01,1.959598582e+02,9.364678352e-01
1773,8.865000000e-02,1.290214717e-01,2.558013550e+02,5.880407791e+01,1.960606660e+02,9.366111018e-01
1774,8.870000000e-02,1.291112106e-01,2.558677634e+02,5.876965157e+01,1.961613578e+02,9.367539838e-01
1775,8.875000000e-02,1.292009341e-01,2.559340954e+02,5.873527602e+01,1.962619230e+02,9.368964359e-01
1776,8.880000000e-02,1.292906402e-01,2.560003513e+02,5.870095868e+01,1.963623541e+02,9.370384279e-01
1777,8.885000000e-02,1.293803273e-01,2.560665311e+02,5.866670463e+01,1.964626465e+02,9.371799394e-01
1778,8.890000000e-02,1.294699945e-01,2.561326350e+02,5.863251749e+01,1.965627965e+02,9.373209571e-01
1779,8.895000000e-02,1.295596410e-01,2.561986631e+02,5.859839980e+01,1.966628018e+02,9.374614722e-01
1780,8.900000000e-02,1.296492664e-01,2.562646157e+02,5.856435340e+01,1.967626608e+02,9.376014788e-01
1781,8.905000000e-02,1.297388704e-01,2.563304929e+02,5.853037965e+01,1.968623723e+02,9.377409733e-01
1782,8.910000000e-02,1.298284526e-01,2.563962948e+02,5.849647959e+01,1.969619353e+02,9.378799533e-01
1783,8.915000000e-02,1.299180130e-01,2.564620217e+02,5.846265476e+01,1.970613485e+02,9.380184177e-01
1784,8.920000000e-02,1.300075509e-01,2.565276736e+02,5.842890675e+01,1.971606105e+02,9.381563629e-01
1785,8.925000000e-02,1.300970660e-01,2.565932509e+02,5.839521972e+01,1.972597373e+02,9.382937886e-01
1786,8.930000000e-02,1.301865704e-01,2.566587535e+02,5.836157026e+01,1.973587525e+02,9.384307784e-01
1787,8.935000000e-02,1.302760709e-01,2.567241817e+02,5.832796027e+01,1.974576540e+02,9.385674555e-01
1788,8.940000000e-02,1.303655590e-01,2.567895356e+02,5.829440558e+01,1.975564262e+02,9.387037547e-01
1789,8.945000000e-02,1.304550289e-01,2.568548153e+02,5.826091815e+01,1.976550575e+02,9.388396199e-01
1790,8.950000000e-02,1.305444776e-01,2.569200209e+02,5.822750481e+01,1.977535411e+02,9.389750173e-01
1791,8.955000000e-02,1.306339038e-01,2.569851527e+02,5.819416885e+01,1.978518740e+02,9.391099293e-01
1792,8.960000000e-02,1.307233070e-01,2.570502109e+02,5.816091148e+01,1.979500550e+02,9.392443481e-01
1793,8.965000000e-02,1.308126869e-01,2.571151954e+02,5.812773286e+01,1.980480843e+02,9.393782720e-01
1794,8.970000000e-02,1.309020439e-01,2.571801067e+02,5.809463265e+01,1.981459623e+02,9.395117017e-01
1795,8.975000000e-02,1.309913781e-01,2.572449447e+02,5.806159584e+01,1.982437042e+02,9.396446394e-01
1796,8.980000000e-02,1.310806998e-01,2.573097097e+02,5.802859664e+01,1.983413359e+02,9.397771707e-01
1797,8.985000000e-02,1.311700126e-01,2.573744019e+02,5.799563262e+01,1.984388599e+02,9.399093299e-01
1798,8.990000000e-02,1.312593149e-01,2.574390212e+02,5.796269911e+01,1.985362810e+02,9.400410933e-01
1799,8.995000000e-02,1.313486156e-01,2.575035679e+02,5.792974404e+01,1.986336513e+02,9.401725989e-01
1800,9.000000000e-02,1.314379369e-01,2.575680421e+02,5.789667776e+01,1.987310600e+02,9.403042922e-01
1801,9.005000000e-02,1.315272931e-01,2.576324437e+02,5.786346849e+01,1.988285387e+02,9.404364664e-01
1802,9.010000000e-02,1.316166807e-01,2.576967726e+02,5.783013761e+01,1.989260659e+02,9.405691233e-01
1803,9.015000000e-02,1.317060885e-01,2.577610289e+02,5.779672675e+01,1.990236001e+02,9.407020702e-01
1804,9.020000000e-02,1.317955059e-01,2.578252125e+02,5.776327245e+01,1.991211049e+02,9.408351398e-01
1805,9.025000000e-02,1.318849251e-01,2.578893233e+02,5.772980206e+01,1.992185530e+02,9.409682082e-01
1806,9.030000000e-02,1.319743406e-01,2.579533615e+02,5.769633493e+01,1.993159254e+02,9.411011867e-01
1807,9.035000000e-02,1.320637484e-01,2.580173271e+02,5.766288462e+01,1.994132085e+02,9.412340119e-01
1808,9.040000000e-02,1.321531458e-01,2.580812203e+02,5.762946067e+01,1.995103930e+02,9.413666378e-01
1809,9.045000000e-02,1.322425311e-01,2.581450410e+02,5.759606994e+01,1.996074720e+02,9.414990307e-01
1810,9.050000000e-02,1.323319029e-01,2.582087895e+02,5.756271734e+01,1.997044410e+02,9.416311655e-01
1811,9.055000000e-02,1.324212602e-01,2.582724658e+02,5.752940652e+01,1.998012963e+02,9.417630230e-01
1812,9.060000000e-02,1.325106025e-01,2.583360701e+02,5.749614021e+01,1.998980353e+02,9.418945885e-01
1813,9.065000000e-02,1.325999291e-01,2.583996025e+02,5.746292045e+01,1.999946562e+02,9.420258504e-01
1814,9.070000000e-02,1.326892397e-01,2.584630631e+02,5.742974873e+01,2.000911575e+02,9.421567996e-01
1815,9.075000000e-02,1.327785342e-01,2.585264520e+02,5.739662631e+01,2.001875383e+02,9.422874268e-01
1816,9.080000000e-02,1.328678123e-01,2.585897695e+02,5.736355432e+01,2.002837974e+02,9.424177257e-01
1817,9.085000000e-02,1.329570738e-01,2.586530156e+02,5.733053365e+01,2.003799342e+02,9.425476911e-01
1818,9.090000000e-02,1.330463186e-01,2.587161904e+02,5.729756510e+01,2.004759480e+02,9.426773184e-01
1819,9.095000000e-02,1.331355465e-01,2.587792941e+02,5.726464933e+01,2.005718382e+02,9.428066038e-01
1820,9.100000000e-02,1.332247575e-01,2.588423269e+02,5.723178694e+01,2.006676044e+02,9.429355442e-01
1821,9.105000000e-02,1.333139515e-01,2.589052888e+02,5.719897851e+01,2.007632462e+02,9.430641369e-01
1822,9.110000000e-02,1.334031284e-01,2.589681801e+02,5.716622332e+01,2.008587644e+02,9.431923795e-01
1823,9.115000000e-02,1.334922890e-01,2.590310007e+02,5.713351731e+01,2.009541631e+02,9.433202713e-01
1824,9.120000000e-02,1.335814364e-01,2.590937510e+02,5.710086130e+01,2.010494419e+02,9.434478146e-01
1825,9.125000000e-02,1.336705680e-01,2.591564309e+02,5.706825950e+01,2.011445964e+02,9.435750005e-01
1826,9.130000000e-02,1.337596825e-01,2.592190407e+02,5.703571429e+01,2.012396246e+02,9.437018238e-01
1827,9.135000000e-02,1.338487794e-01,2.592815805e+02,5.700322662e+01,2.013345256e+02,9.438282829e-01
1828,9.140000000e-02,1.339378585e-01,2.593440504e+02,5.697079676e+01,2.014292992e+02,9.439543783e-01
1829,9.145000000e-02,1.340269197e-01,2.594064505e+02,5.693842472e+01,2.015239457e+02,9.440801108e-01
1830,9.150000000e-02,1.341159632e-01,2.594687810e+02,5.690611046e+01,2.016184651e+02,9.442054814e-01
1831,9.155000000e-02,1.342049889e-01,2.595310421e+02,5.687385391e+01,2.017128577e+02,9.443304905e-01
1832,9.160000000e-02,1.342939968e-01,2.595932339e+02,5.684165513e+01,2.018071236e+02,9.444551388e-01
1833,9.165000000e-02,1.343829869e-01,2.596553564e+02,5.680951423e+01,2.019012628e+02,9.445794264e-01
1834,9.170000000e-02,1.344719593e-01,2.597174099e+02,5.677743132e+01,2.019952753e+02,9.447033535e-01
1835,9.175000000e-02,1.345609139e-01,2.597793945e+02,5.674540665e+01,2.020891610e+02,9.448269201e-01
1836,9.180000000e-02,1.346498506e-01,2.598413104e+02,5.671343203e+01,2.021829282e+02,9.449501253e-01
1837,9.185000000e-02,1.347387767e-01,2.599031576e+02,5.668148533e+01,2.022765992e+02,9.450730248e-01
1838,9.190000000e-02,1.348277044e-01,2.599649362e+02,5.664954976e+01,2.023701907e+02,9.451958281e-01
1839,9.195000000e-02,1.349166269e-01,2.600266465e+02,5.661762798e+01,2.024637000e+02,9.453185535e-01
1840,9.200000000e-02,1.350055421e-01,2.600882884e+02,5.658572439e+01,2.025571228e+02,9.454411757e-01
1841,9.205000000e-02,1.350944481e-01,2.601498621e+02,5.655384418e+01,2.026504542e+02,9.455636623e-01
1842,9.210000000e-02,1.351833434e-01,2.602113676e+02,5.652199256e+01,2.027436891e+02,9.456859816e-01
1843,9.215000000e-02,1.352722267e-01,2.602728051e+02,5.649017407e+01,2.028368229e+02,9.458081056e-01
1844,9.220000000e-02,1.353610968e-01,2.603341746e+02,5.645839263e+01,2.029298520e+02,9.459300105e-01
1845,9.225000000e-02,1.354499531e-01,2.603954763e+02,5.642665163e+01,2.030227730e+02,9.460516763e-01
1846,9.230000000e-02,1.355387947e-01,2.604567103e+02,5.639493843e+01,2.031155988e+02,9.461730855e-01
1847,9.235000000e-02,1.356276369e-01,2.605178767e+02,5.636322418e+01,2.032083582e+02,9.462943228e-01
1848,9.240000000e-02,1.357164863e-01,2.605789756e+02,5.633149893e+01,2.033010612e+02,9.464154778e-01
1849,9.245000000e-02,1.358053378e-01,2.606400071e+02,5.629977168e+01,2.033936989e+02,9.465365270e-01
1850,9.250000000e-02,1.358941867e-01,2.607009711e+02,5.626805455e+01,2.034862592e+02,9.466574189e-01
1851,9.255000000e-02,1.359830292e-01,2.607618679e+02,5.623635881e+01,2.035787310e+02,9.467781037e-01
1852,9.260000000e-02,1.360718622e-01,2.608226975e+02,5.620469389e+01,2.036711050e+02,9.468985407e-01
1853,9.265000000e-02,1.361606837e-01,2.608834599e+02,5.617306721e+01,2.037633740e+02,9.470186981e-01
1854,9.270000000e-02,1.362494917e-01,2.609441553e+02,5.614148447e+01,2.038555323e+02,9.471385519e-01
1855,9.275000000e-02,1.363382852e-01,2.610047839e+02,5.610994995e+01,2.039475759e+02,9.472580843e-01
1856,9.280000000e-02,1.364270632e-01,2.610653457e+02,5.607846687e+01,2.040395015e+02,9.473772824e-01
1857,9.285000000e-02,1.365158250e-01,2.611258408e+02,5.604703764e+01,2.041313071e+02,9.474961366e-01
1858,9.290000000e-02,1.366045702e-01,2.611862695e+02,5.601566411e+01,2.042229907e+02,9.476146399e-01
1859,9.295000000e-02,1.366932983e-01,2.612466317e+02,5.598434770e+01,2.043145513e+02,9.477327871e-01
1860,9.300000000e-02,1.367820091e-01,2.613069278e+02,5.595308945e+01,2.044059877e+02,9.478505747e-01
1861,9.305000000e-02,1.368707023e-01,2.613671577e+02,5.592188681e+01,2.044973029e+02,9.479679999e-01
1862,9.310000000e-02,1.369593805e-01,2.614273216e+02,5.589073386e+01,2.045885027e+02,9.480850711e-01
1863,9.315000000e-02,1.370480456e-01,2.614874197e+02,5.585963058e+01,2.046795873e+02,9.482017953e-01
1864,9.320000000e-02,1.371366956e-01,2.615474520e+02,5.582858215e+01,2.047705517e+02,9.483181597e-01
1865,9.325000000e-02,1.372253294e-01,2.616074188e+02,5.579759198e+01,2.048613926e+02,9.484341548e-01
1866,9.330000000e-02,1.373139461e-01,2.616673200e+02,5.576666207e+01,2.049521082e+02,9.485497757e-01
1867,9.335000000e-02,1.374025454e-01,2.617271560e+02,5.573579359e+01,2.050426974e+02,9.486650206e-01
1868,9.340000000e-02,1.374911269e-01,2.617869267e+02,5.570498724e+01,2.051331596e+02,9.487798890e-01
1869,9.345000000e-02,1.375796904e-01,2.618466324e+02,5.567424349e+01,2.052234945e+02,9.488943815e-01
1870,9.350000000e-02,1.376682359e-01,2.619062731e+02,5.564356002e+01,2.053137046e+02,9.490084990e-01
1871,9.355000000e-02,1.377567662e-01,2.619658491e+02,5.561292513e+01,2.054038017e+02,9.491222561e-01
1872,9.360000000e-02,1.378452913e-01,2.620253604e+02,5.558233055e+01,2.054937941e+02,9.492357108e-01
1873,9.365000000e-02,1.379338067e-01,2.620848071e+02,5.555178003e+01,2.055836782e+02,9.493488592e-01
1874,9.370000000e-02,1.380223101e-01,2.621441894e+02,5.552127846e+01,2.056734492e+02,9.494616851e-01
1875,9.375000000e-02,1.381107997e-01,2.622035074e+02,5.549082989e+01,2.057631033e+02,9.495741744e-01
1876,9.380000000e-02,1.381992744e-01,2.622627611e+02,5.546043729e+01,2.058526375e+02,9.496863170e-01
1877,9.385000000e-02,1.382877333e-01,2.623219509e+02,5.543010279e+01,2.059420500e+02,9.497981061e-01
1878,9.390000000e-02,1.383761759e-01,2.623810766e+02,5.539982784e+01,2.060313393e+02,9.499095379e-01
1879,9.395000000e-02,1.384646018e-01,2.624401386e+02,5.536961342e+01,2.061205046e+02,9.500206104e-01
1880,9.400000000e-02,1.385530107e-01,2.624991369e+02,5.533946017e+01,2.062095454e+02,9.501313229e-01
1881,9.405000000e-02,1.386414025e-01,2.625580717e+02,5.530936848e+01,2.062984615e+02,9.502416757e-01
1882,9.410000000e-02,1.387297770e-01,2.626169430e+02,5.527933850e+01,2.063872528e+02,9.503516694e-01
1883,9.415000000e-02,1.388181342e-01,2.626757511e+02,5.524937029e+01,2.064759195e+02,9.504613053e-01
1884,9.420000000e-02,1.389064741e-01,2.627344960e+02,5.521946395e+01,2.065644614e+02,9.505705845e-01
1885,9.425000000e-02,1.389947967e-01,2.627931779e+02,5.518961955e+01,2.066528788e+02,9.506795081e-01
1886,9.430000000e-02,1.390831019e-01,2.628517969e+02,5.515981342e+01,2.067411954e+02,9.507880777e-01
1887,9.435000000e-02,1.391714168e-01,2.629103532e+02,5.512999595e+01,2.068294607e+02,9.508965579e-01
1888,9.440000000e-02,1.392597414e-01,2.629688468e+02,5.510015279e+01,2.069176889e+02,9.510050780e-01
1889,9.445000000e-02,1.393480724e-01,2.630272778e+02,5.507028819e+01,2.070058759e+02,9.511136295e-01
1890,9.450000000e-02,1.394364061e-01,2.630856461e+02,5.504041246e+01,2.070940115e+02,9.512221668e-01
1891,9.455000000e-02,1.395247392e-01,2.631439520e+02,5.501053670e+01,2.071820846e+02,9.513306388e-01
1892,9.460000000e-02,1.396130688e-01,2.632021953e+02,5.498067084e+01,2.072700855e+02,9.514389989e-01
1893,9.465000000e-02,1.397013927e-01,2.632603762e+02,5.495082313e+01,2.073580059e+02,9.515472082e-01
1894,9.470000000e-02,1.397897090e-01,2.633184949e+02,5.492100051e+01,2.074458391e+02,9.516552351e-01
1895,9.475000000e-02,1.398780160e-01,2.633765512e+02,5.489120930e+01,2.075335789e+02,9.517630532e-01
1896,9.480000000e-02,1.399663122e-01,2.634345455e+02,5.486145423e+01,2.076212206e+02,9.518706392e-01
1897,9.485000000e-02,1.400545968e-01,2.634924776e+02,5.483173814e+01,2.077087615e+02,9.519779796e-01
1898,9.490000000e-02,1.401428694e-01,2.635503479e+02,5.480206310e+01,2.077961997e+02,9.520850649e-01
1899,9.495000000e-02,1.402311295e-01,2.636081563e+02,5.477242390e+01,2.078835405e+02,9.521918879e-01
1900,9.500000000e-02,1.403193839e-01,2.636659030e+02,5.474281495e+01,2.079707896e+02,9.522984513e-01
1901,9.505000000e-02,1.404076339e-01,2.637235881e+02,5.471323963e+01,2.080579437e+02,9.524047561e-01
1902,9.510000000e-02,1.404958755e-01,2.637812116e+02,5.468370420e+01,2.081449966e+02,9.525107894e-01
1903,9.515000000e-02,1.405841062e-01,2.638387737e+02,5.465421274e+01,2.082319445e+02,9.526165400e-01
1904,9.520000000e-02,1.406723247e-01,2.638962745e+02,5.462476252e+01,2.083187900e+02,9.527220017e-01
1905,9.525000000e-02,1.407605353e-01,2.639537141e+02,5.459534832e+01,2.084055386e+02,9.528271796e-01
1906,9.530000000e-02,1.408487399e-01,2.640110926e+02,5.456597306e+01,2.084921875e+02,9.529320798e-01
1907,9.535000000e-02,1.409369340e-01,2.640684101e+02,5.453664301e+01,2.085787305e+02,9.530366908e-01
1908,9.540000000e-02,1.410251156e-01,2.641256668e+02,5.450736174e+01,2.086651640e+02,9.531410057e-01
1909,9.545000000e-02,1.411132838e-01,2.641828626e+02,5.447811847e+01,2.087514991e+02,9.532450225e-01
1910,9.550000000e-02,1.412014474e-01,2.642399978e+02,5.444888894e+01,2.088377600e+02,9.533488189e-01
1911,9.555000000e-02,1.412896110e-01,2.642970724e+02,5.441966724e+01,2.089239527e+02,9.534524455e-01
1912,9.560000000e-02,1.413777725e-01,2.643540865e+02,5.439046117e+01,2.090100694e+02,9.535558796e-01
1913,9.565000000e-02,1.414659294e-01,2.644110402e+02,5.436128045e+01,2.090961006e+02,9.536590849e-01
1914,9.570000000e-02,1.415540789e-01,2.644679335e+02,5.433213375e+01,2.091820377e+02,9.537620295e-01
1915,9.575000000e-02,1.416422191e-01,2.645247666e+02,5.430300304e+01,2.092678989e+02,9.538646911e-01
1916,9.580000000e-02,1.417303741e-01,2.645815395e+02,5.427382992e+01,2.093537422e+02,9.539673762e-01
1917,9.585000000e-02,1.418185409e-01,2.646382523e+02,5.424461605e+01,2.094395661e+02,9.540701435e-01
1918,9.590000000e-02,1.419067142e-01,2.646949051e+02,5.421537921e+01,2.095253529e+02,9.541729329e-01
1919,9.595000000e-02,1.419948887e-01,2.647514978e+02,5.418613753e+01,2.096110845e+02,9.542756725e-01
1920,9.600000000e-02,1.420830603e-01,2.648080304e+02,5.415690201e+01,2.096967501e+02,9.543783024e-01
1921,9.605000000e-02,1.421712305e-01,2.648645031e+02,5.412763097e+01,2.097823914e+02,9.544808076e-01
1922,9.610000000e-02,1.422594554e-01,2.649209160e+02,5.409820296e+01,2.098681294e+02,9.545836405e-01
1923,9.615000000e-02,1.423477570e-01,2.649772688e+02,5.406856302e+01,2.099540186e+02,9.546871881e-01
1924,9.620000000e-02,1.424361082e-01,2.650335616e+02,5.403875986e+01,2.100400104e+02,9.547913453e-01
1925,9.625000000e-02,1.425244889e-01,2.650897943e+02,5.400884789e+01,2.101260505e+02,9.548959049e-01
1926,9.630000000e-02,1.426128857e-01,2.651459666e+02,5.397886931e+01,2.102120966e+02,9.550006977e-01
1927,9.635000000e-02,1.427012896e-01,2.652020786e+02,5.394885424e+01,2.102981188e+02,9.551055998e-01
1928,9.640000000e-02,1.427896946e-01,2.652581303e+02,5.391882374e+01,2.103840961e+02,9.552105231e-01
1929,9.645000000e-02,1.428780967e-01,2.653141218e+02,5.388879263e+01,2.104700137e+02,9.553154039e-01
1930,9.650000000e-02,1.429664929e-01,2.653700530e+02,5.385877145e+01,2.105558614e+02,9.554201961e-01
1931,9.655000000e-02,1.430548813e-01,2.654259241e+02,5.382876790e+01,2.106416314e+02,9.555248652e-01
1932,9.660000000e-02,1.431432605e-01,2.654817352e+02,5.379878760e+01,2.107273182e+02,9.556293853e-01
1933,9.665000000e-02,1.432316294e-01,2.655374862e+02,5.376883481e+01,2.108129177e+02,9.557337361e-01
1934,9.670000000e-02,1.433199872e-01,2.655931774e+02,5.373891287e+01,2.108984266e+02,9.558379020e-01
1935,9.675000000e-02,1.434083334e-01,2.656488088e+02,5.370902439e+01,2.109838425e+02,9.559418702e-01
1936,9.680000000e-02,1.434966674e-01,2.657043804e+02,5.367917150e+01,2.110691633e+02,9.560456304e-01
1937,9.685000000e-02,1.435849889e-01,2.657598925e+02,5.364935593e+01,2.111543874e+02,9.561491742e-01
1938,9.690000000e-02,1.436732975e-01,2.658153450e+02,5.361957914e+01,2.112395134e+02,9.562524945e-01
1939,9.695000000e-02,1.437615930e-01,2.658707382e+02,5.358984238e+01,2.113245402e+02,9.563555851e-01
1940,9.700000000e-02,1.438498751e-01,2.659260720e+02,5.356014673e+01,2.114094668e+02,9.564584411e-01
1941,9.705000000e-02,1.439381438e-01,2.659813466e+02,5.353049313e+01,2.114942924e+02,9.565610578e-01
1942,9.710000000e-02,1.440263987e-01,2.660365621e+02,5.350088243e+01,2.115790163e+02,9.566634314e-01
1943,9.715000000e-02,1.441146398e-01,2.660917187e+02,5.347131540e+01,2.116636377e+02,9.567655585e-01
1944,9.720000000e-02,1.442028668e-01,2.661468163e+02,5.344179271e+01,2.117481562e+02,9.568674361e-01
1945,9.725000000e-02,1.442910798e-01,2.662018552e+02,5.341231500e+01,2.118325711e+02,9.569690614e-01
1946,9.730000000e-02,1.443792785e-01,2.662568353e+02,5.338288286e+01,2.119168820e+02,9.570704322e-01
1947,9.735000000e-02,1.444674628e-01,2.663117569e+02,5.335349682e+01,2.120010886e+02,9.571715462e-01
1948,9.740000000e-02,1.445556327e-01,2.663666201e+02,5.332415739e+01,2.120851903e+02,9.572724015e-01
1949,9.745000000e-02,1.446437881e-01,2.664214249e+02,5.329486503e+01,2.121691868e+02,9.573729966e-01
1950,9.750000000e-02,1.447319288e-01,2.664761714e+02,5.326560948e+01,2.122530886e+02,9.574733298e-01
1951,9.755000000e-02,1.448200606e-01,2.665308598e+02,5.323638015e+01,2.123369062e+02,9.575734651e-01
1952,9.760000000e-02,1.449081863e-01,2.665854902e+02,5.320717930e+01,2.124206374e+02,9.576734651e-01
1953,9.765000000e-02,1.449963021e-01,2.666400626e+02,5.317801369e+01,2.125042756e+02,9.577733011e-01
1954,9.770000000e-02,1.450844054e-01,2.666945771e+02,5.314888827e+01,2.125878158e+02,9.578729455e-01
1955,9.775000000e-02,1.451724948e-01,2.667490338e+02,5.311980596e+01,2.126712555e+02,9.579723790e-01
1956,9.780000000e-02,1.452605697e-01,2.668034329e+02,5.309076837e+01,2.127545929e+02,9.580715893e-01
1957,9.785000000e-02,1.453486299e-01,2.668577744e+02,5.306177639e+01,2.128378274e+02,9.581705684e-01
1958,9.790000000e-02,1.454366753e-01,2.669120584e+02,5.303283059e+01,2.129209585e+02,9.582693111e-01
1959,9.795000000e-02,1.455247059e-01,2.669662851e+02,5.300393140e+01,2.130039858e+02,9.583678132e-01
1960,9.800000000e-02,1.456127218e-01,2.670204545e+02,5.297507921e+01,2.130869092e+02,9.584660716e-01
1961,9.805000000e-02,1.457007230e-01,2.670745667e+02,5.294627436e+01,2.131697283e+02,9.585640835e-01
1962,9.810000000e-02,1.457887094e-01,2.671286220e+02,5.291751758e+01,2.132524426e+02,9.586618466e-01
1963,9.815000000e-02,1.458766808e-01,2.671826203e+02,5.288880969e+01,2.133350512e+02,9.587593546e-01
1964,9.820000000e-02,1.459646373e-01,2.672365618e+02,5.286015120e+01,2.134175540e+02,9.588566046e-01
1965,9.825000000e-02,1.460525788e-01,2.672904465e+02,5.283154227e+01,2.134999506e+02,9.589535954e-01
1966,9.830000000e-02,1.461405052e-01,2.673442747e+02,5.280298309e+01,2.135822412e+02,9.590503263e-01
1967,9.835000000e-02,1.462284167e-01,2.673980463e+02,5.277447387e+01,2.136644256e+02,9.591467963e-01
1968,9.840000000e-02,1.463163132e-01,2.674517616e+02,5.274601495e+01,2.137465036e+02,9.592430046e-01
1969,9.845000000e-02,1.464041945e-01,2.675054205e+02,5.271760719e+01,2.138284744e+02,9.593389489e-01
1970,9.850000000e-02,1.464920604e-01,2.675590233e+02,5.268925120e+01,2.139103375e+02,9.594346221e-01
1971,9.855000000e-02,1.465799110e-01,2.676125701e+02,5.266094686e+01,2.139920932e+02,9.595300245e-01
1972,9.860000000e-02,1.466677464e-01,2.676660608e+02,5.263269410e+01,2.140737416e+02,9.596251566e-01
1973,9.865000000e-02,1.467555667e-01,2.677194958e+02,5.260449302e+01,2.141552827e+02,9.597200185e-01
1974,9.870000000e-02,1.468433718e-01,2.677728749e+02,5.257634375e+01,2.142367166e+02,9.598146102e-01
1975,9.875000000e-02,1.469311618e-01,2.678261985e+02,5.254824642e+01,2.143180431e+02,9.599089316e-01
1976,9.880000000e-02,1.470189366e-01,2.678794665e+02,5.252020113e+01,2.143992624e+02,9.600029828e-01
1977,9.885000000e-02,1.471066963e-01,2.679326792e+02,5.249220797e+01,2.144803744e+02,9.600967639e-01
1978,9.890000000e-02,1.471944409e-01,2.679858365e+02,5.246426707e+01,2.145613791e+02,9.601902750e-01
1979,9.895000000e-02,1.472821702e-01,2.680389386e+02,5.243637857e+01,2.146422765e+02,9.602835163e-01
1980,9.900000000e-02,1.473698844e-01,2.680919857e+02,5.240854258e+01,2.147230666e+02,9.603764881e-01
1981,9.905000000e-02,1.474575834e-01,2.681449777e+02,5.238075920e+01,2.148037493e+02,9.604691906e-01
1982,9.910000000e-02,1.475452671e-01,2.681979149e+02,5.235302852e+01,2.148843248e+02,9.605616243e-01
1983,9.915000000e-02,1.476329356e-01,2.682507974e+02,5.232535056e+01,2.149647930e+02,9.606537895e-01
1984,9.920000000e-02,1.477205889e-01,2.683036252e+02,5.229772535e+01,2.150451541e+02,9.607456868e-01
1985,9.925000000e-02,1.478082270e-01,2.683563984e+02,5.227015299e+01,2.151254081e+02,9.608373165e-01
1986,9.930000000e-02,1.478958499e-01,2.684091172e+02,5.224263353e+01,2.152055550e+02,9.609286792e-01
1987,9.935000000e-02,1.479834575e-01,2.684617817e+02,5.221515282e+01,2.152856091e+02,9.610197753e-01
1988,9.940000000e-02,1.480710576e-01,2.685143920e+02,5.218769582e+01,2.153655854e+02,9.611106920e-01
1989,9.945000000e-02,1.481586486e-01,2.685669481e+02,5.216026773e+01,2.154454789e+02,9.612014443e-01
1990,9.950000000e-02,1.482462283e-01,2.686194501e+02,5.213287621e+01,2.155252819e+02,9.612920109e-01
1991,9.955000000e-02,1.483337955e-01,2.686718982e+02,5.210552578e+01,2.156049901e+02,9.613823773e-01
1992,9.960000000e-02,1.484213498e-01,2.687242924e+02,5.207821852e+01,2.156846014e+02,9.614725365e-01
1993,9.965000000e-02,1.485088907e-01,2.687766329e+02,5.205095523e+01,2.157641152e+02,9.615624853e-01
1994,9.970000000e-02,1.485964182e-01,2.688289196e+02,5.202373526e+01,2.158435321e+02,9.616522228e-01
1995,9.975000000e-02,1.486839328e-01,2.688811528e+02,5.199655784e+01,2.159228532e+02,9.617417484e-01
1996,9.980000000e-02,1.487714344e-01,2.689333325e+02,5.196942268e+01,2.160020787e+02,9.618310608e-01
1997,9.985000000e-02,1.488589233e-01,2.689854587e+02,5.194232982e+01,2.160812088e+02,9.619201586e-01
1998,9.990000000e-02,1.489463995e-01,2.690375317e+02,5.191527635e+01,2.161602463e+02,9.620090398e-01
1999,9.995000000e-02,1.490338651e-01,2.690895515e+02,5.188826009e+01,2.162391937e+02,9.620977068e-01
2000,1.000000000e-01,1.491213203e-01,2.691415182e+02,5.186127843e+01,2.163180536e+02,9.621861570e-01
