1 3.0000000000000000e+02 1.0000000000000000e+02
2 3.0000000000000000e+02 0.0000000000000000e+00
3 3.5000000000000000e+02 0.0000000000000000e+00
4 3.5000000000000000e+02 1.0000000000000000e+02
5 2.0000000000000000e+02 1.0000000000000000e+02
6 2.0000000000000000e+02 0.0000000000000000e+00
7 1.7812500000000000e+02 1.0000000000000000e+02
8 1.7812500000000000e+02 0.0000000000000000e+00
9 1.7187500000000000e+02 0.0000000000000000e+00
10 1.7187500000000000e+02 1.0000000000000000e+02
11 1.5000000000000000e+02 1.0000000000000000e+02
12 1.5000000000000000e+02 0.0000000000000000e+00
13 5.0000000000000000e+01 1.0000000000000000e+02
14 5.0000000000000000e+01 0.0000000000000000e+00
15 0.0000000000000000e+00 1.0000000000000000e+02
16 0.0000000000000000e+00 0.0000000000000000e+00
17 1.7375000000000000e+02 0.0000000000000000e+00
18 1.7375000000000000e+02 2.0000000000000000e+01
19 1.7625000000000000e+02 2.0000000000000000e+01
20 1.7625000000000000e+02 0.0000000000000000e+00
21 3.0000000000000000e+02 9.9065422058105469e+01
22 3.0000000000000000e+02 9.8130844116210938e+01
23 3.0000000000000000e+02 9.7196258544921875e+01
24 3.0000000000000000e+02 9.6261680603027344e+01
25 3.0000000000000000e+02 9.5327102661132812e+01
26 3.0000000000000000e+02 9.4392524719238281e+01
27 3.0000000000000000e+02 9.3457946777343750e+01
28 3.0000000000000000e+02 9.2523361206054688e+01
29 3.0000000000000000e+02 9.1588783264160156e+01
30 3.0000000000000000e+02 9.0654205322265625e+01
31 3.0000000000000000e+02 8.9719627380371094e+01
32 3.0000000000000000e+02 8.8785049438476562e+01
33 3.0000000000000000e+02 8.7850463867187500e+01
34 3.0000000000000000e+02 8.6915885925292969e+01
35 3.0000000000000000e+02 8.5981307983398438e+01
36 3.0000000000000000e+02 8.5046730041503906e+01
37 3.0000000000000000e+02 8.4112152099609375e+01
38 3.0000000000000000e+02 8.3177566528320312e+01
39 3.0000000000000000e+02 8.2242988586425781e+01
40 3.0000000000000000e+02 8.1308410644531250e+01
41 3.0000000000000000e+02 8.0373832702636719e+01
42 3.0000000000000000e+02 7.9439254760742188e+01
43 3.0000000000000000e+02 7.8504669189453125e+01
44 3.0000000000000000e+02 7.7570091247558594e+01
45 3.0000000000000000e+02 7.6635513305664062e+01
46 3.0000000000000000e+02 7.5700935363769531e+01
47 3.0000000000000000e+02 7.4766357421875000e+01
48 3.0000000000000000e+02 7.3831779479980469e+01
49 3.0000000000000000e+02 7.2897193908691406e+01
50 3.0000000000000000e+02 7.1962615966796875e+01
51 3.0000000000000000e+02 7.1028038024902344e+01
52 3.0000000000000000e+02 7.0093460083007812e+01
53 3.0000000000000000e+02 6.9158882141113281e+01
54 3.0000000000000000e+02 6.8224296569824219e+01
55 3.0000000000000000e+02 6.7289718627929688e+01
56 3.0000000000000000e+02 6.6355140686035156e+01
57 3.0000000000000000e+02 6.5420562744140625e+01
58 3.0000000000000000e+02 6.4485984802246094e+01
59 3.0000000000000000e+02 6.3551403045654297e+01
60 3.0000000000000000e+02 6.2616821289062500e+01
61 3.0000000000000000e+02 6.1682243347167969e+01
62 3.0000000000000000e+02 6.0747665405273438e+01
63 3.0000000000000000e+02 5.9813083648681641e+01
64 3.0000000000000000e+02 5.8878505706787109e+01
65 3.0000000000000000e+02 5.7943923950195312e+01
66 3.0000000000000000e+02 5.7009346008300781e+01
67 3.0000000000000000e+02 5.6074768066406250e+01
68 3.0000000000000000e+02 5.5140186309814453e+01
69 3.0000000000000000e+02 5.4205608367919922e+01
70 3.0000000000000000e+02 5.3271026611328125e+01
71 3.0000000000000000e+02 5.2336448669433594e+01
72 3.0000000000000000e+02 5.1401870727539062e+01
73 3.0000000000000000e+02 5.0467288970947266e+01
74 3.0000000000000000e+02 4.9532711029052734e+01
75 3.0000000000000000e+02 4.8598129272460938e+01
76 3.0000000000000000e+02 4.7663551330566406e+01
77 3.0000000000000000e+02 4.6728973388671875e+01
78 3.0000000000000000e+02 4.5794391632080078e+01
79 3.0000000000000000e+02 4.4859813690185547e+01
80 3.0000000000000000e+02 4.3925231933593750e+01
81 3.0000000000000000e+02 4.2990653991699219e+01
82 3.0000000000000000e+02 4.2056076049804688e+01
83 3.0000000000000000e+02 4.1121494293212891e+01
84 3.0000000000000000e+02 4.0186916351318359e+01
85 3.0000000000000000e+02 3.9252334594726562e+01
86 3.0000000000000000e+02 3.8317756652832031e+01
87 3.0000000000000000e+02 3.7383178710937500e+01
88 3.0000000000000000e+02 3.6448596954345703e+01
89 3.0000000000000000e+02 3.5514019012451172e+01
90 3.0000000000000000e+02 3.4579441070556641e+01
91 3.0000000000000000e+02 3.3644859313964844e+01
92 3.0000000000000000e+02 3.2710281372070312e+01
93 3.0000000000000000e+02 3.1775701522827148e+01
94 3.0000000000000000e+02 3.0841121673583984e+01
95 3.0000000000000000e+02 2.9906541824340820e+01
96 3.0000000000000000e+02 2.8971961975097656e+01
97 3.0000000000000000e+02 2.8037384033203125e+01
98 3.0000000000000000e+02 2.7102804183959961e+01
99 3.0000000000000000e+02 2.6168224334716797e+01
100 3.0000000000000000e+02 2.5233644485473633e+01
101 3.0000000000000000e+02 2.4299064636230469e+01
102 3.0000000000000000e+02 2.3364486694335938e+01
103 3.0000000000000000e+02 2.2429906845092773e+01
104 3.0000000000000000e+02 2.1495326995849609e+01
105 3.0000000000000000e+02 2.0560747146606445e+01
106 3.0000000000000000e+02 1.9626167297363281e+01
107 3.0000000000000000e+02 1.8691589355468750e+01
108 3.0000000000000000e+02 1.7757009506225586e+01
109 3.0000000000000000e+02 1.6822429656982422e+01
110 3.0000000000000000e+02 1.5887850761413574e+01
111 3.0000000000000000e+02 1.4953270912170410e+01
112 3.0000000000000000e+02 1.4018692016601562e+01
113 3.0000000000000000e+02 1.3084112167358398e+01
114 3.0000000000000000e+02 1.2149532318115234e+01
115 3.0000000000000000e+02 1.1214953422546387e+01
116 3.0000000000000000e+02 1.0280373573303223e+01
117 3.0000000000000000e+02 9.3457946777343750e+00
118 3.0000000000000000e+02 8.4112148284912109e+00
119 3.0000000000000000e+02 7.4766354560852051e+00
120 3.0000000000000000e+02 6.5420560836791992e+00
121 3.0000000000000000e+02 5.6074767112731934e+00
122 3.0000000000000000e+02 4.6728973388671875e+00
123 3.0000000000000000e+02 3.7383177280426025e+00
124 3.0000000000000000e+02 2.8037383556365967e+00
125 3.0000000000000000e+02 1.8691588640213013e+00
126 3.0000000000000000e+02 9.3457943201065063e-01
127 3.0454544067382812e+02 0.0000000000000000e+00
128 3.0909091186523438e+02 0.0000000000000000e+00
129 3.1363635253906250e+02 0.0000000000000000e+00
130 3.1818182373046875e+02 0.0000000000000000e+00
131 3.2272726440429688e+02 0.0000000000000000e+00
132 3.2727273559570312e+02 0.0000000000000000e+00
133 3.3181817626953125e+02 0.0000000000000000e+00
134 3.3636364746093750e+02 0.0000000000000000e+00
135 3.4090908813476562e+02 0.0000000000000000e+00
136 3.4545455932617188e+02 0.0000000000000000e+00
137 3.5000000000000000e+02 9.3457943201065063e-01
138 3.5000000000000000e+02 1.8691588640213013e+00
139 3.5000000000000000e+02 2.8037383556365967e+00
140 3.5000000000000000e+02 3.7383177280426025e+00
141 3.5000000000000000e+02 4.6728973388671875e+00
142 3.5000000000000000e+02 5.6074767112731934e+00
143 3.5000000000000000e+02 6.5420560836791992e+00
144 3.5000000000000000e+02 7.4766354560852051e+00
145 3.5000000000000000e+02 8.4112148284912109e+00
146 3.5000000000000000e+02 9.3457946777343750e+00
147 3.5000000000000000e+02 1.0280373573303223e+01
148 3.5000000000000000e+02 1.1214953422546387e+01
149 3.5000000000000000e+02 1.2149532318115234e+01
150 3.5000000000000000e+02 1.3084112167358398e+01
151 3.5000000000000000e+02 1.4018692016601562e+01
152 3.5000000000000000e+02 1.4953270912170410e+01
153 3.5000000000000000e+02 1.5887850761413574e+01
154 3.5000000000000000e+02 1.6822429656982422e+01
155 3.5000000000000000e+02 1.7757009506225586e+01
156 3.5000000000000000e+02 1.8691589355468750e+01
157 3.5000000000000000e+02 1.9626167297363281e+01
158 3.5000000000000000e+02 2.0560747146606445e+01
159 3.5000000000000000e+02 2.1495326995849609e+01
160 3.5000000000000000e+02 2.2429906845092773e+01
161 3.5000000000000000e+02 2.3364486694335938e+01
162 3.5000000000000000e+02 2.4299064636230469e+01
163 3.5000000000000000e+02 2.5233644485473633e+01
164 3.5000000000000000e+02 2.6168224334716797e+01
165 3.5000000000000000e+02 2.7102804183959961e+01
166 3.5000000000000000e+02 2.8037384033203125e+01
167 3.5000000000000000e+02 2.8971961975097656e+01
168 3.5000000000000000e+02 2.9906541824340820e+01
169 3.5000000000000000e+02 3.0841121673583984e+01
170 3.5000000000000000e+02 3.1775701522827148e+01
171 3.5000000000000000e+02 3.2710281372070312e+01
172 3.5000000000000000e+02 3.3644859313964844e+01
173 3.5000000000000000e+02 3.4579441070556641e+01
174 3.5000000000000000e+02 3.5514019012451172e+01
175 3.5000000000000000e+02 3.6448596954345703e+01
176 3.5000000000000000e+02 3.7383178710937500e+01
177 3.5000000000000000e+02 3.8317756652832031e+01
178 3.5000000000000000e+02 3.9252334594726562e+01
179 3.5000000000000000e+02 4.0186916351318359e+01
180 3.5000000000000000e+02 4.1121494293212891e+01
181 3.5000000000000000e+02 4.2056076049804688e+01
182 3.5000000000000000e+02 4.2990653991699219e+01
183 3.5000000000000000e+02 4.3925231933593750e+01
184 3.5000000000000000e+02 4.4859813690185547e+01
185 3.5000000000000000e+02 4.5794391632080078e+01
186 3.5000000000000000e+02 4.6728973388671875e+01
187 3.5000000000000000e+02 4.7663551330566406e+01
188 3.5000000000000000e+02 4.8598129272460938e+01
189 3.5000000000000000e+02 4.9532711029052734e+01
190 3.5000000000000000e+02 5.0467288970947266e+01
191 3.5000000000000000e+02 5.1401870727539062e+01
192 3.5000000000000000e+02 5.2336448669433594e+01
193 3.5000000000000000e+02 5.3271026611328125e+01
194 3.5000000000000000e+02 5.4205608367919922e+01
195 3.5000000000000000e+02 5.5140186309814453e+01
196 3.5000000000000000e+02 5.6074768066406250e+01
197 3.5000000000000000e+02 5.7009346008300781e+01
198 3.5000000000000000e+02 5.7943923950195312e+01
199 3.5000000000000000e+02 5.8878505706787109e+01
200 3.5000000000000000e+02 5.9813083648681641e+01
201 3.5000000000000000e+02 6.0747665405273438e+01
202 3.5000000000000000e+02 6.1682243347167969e+01
203 3.5000000000000000e+02 6.2616821289062500e+01
204 3.5000000000000000e+02 6.3551403045654297e+01
205 3.5000000000000000e+02 6.4485984802246094e+01
206 3.5000000000000000e+02 6.5420562744140625e+01
207 3.5000000000000000e+02 6.6355140686035156e+01
208 3.5000000000000000e+02 6.7289718627929688e+01
209 3.5000000000000000e+02 6.8224296569824219e+01
210 3.5000000000000000e+02 6.9158882141113281e+01
211 3.5000000000000000e+02 7.0093460083007812e+01
212 3.5000000000000000e+02 7.1028038024902344e+01
213 3.5000000000000000e+02 7.1962615966796875e+01
214 3.5000000000000000e+02 7.2897193908691406e+01
215 3.5000000000000000e+02 7.3831779479980469e+01
216 3.5000000000000000e+02 7.4766357421875000e+01
217 3.5000000000000000e+02 7.5700935363769531e+01
218 3.5000000000000000e+02 7.6635513305664062e+01
219 3.5000000000000000e+02 7.7570091247558594e+01
220 3.5000000000000000e+02 7.8504669189453125e+01
221 3.5000000000000000e+02 7.9439254760742188e+01
222 3.5000000000000000e+02 8.0373832702636719e+01
223 3.5000000000000000e+02 8.1308410644531250e+01
224 3.5000000000000000e+02 8.2242988586425781e+01
225 3.5000000000000000e+02 8.3177566528320312e+01
226 3.5000000000000000e+02 8.4112152099609375e+01
227 3.5000000000000000e+02 8.5046730041503906e+01
228 3.5000000000000000e+02 8.5981307983398438e+01
229 3.5000000000000000e+02 8.6915885925292969e+01
230 3.5000000000000000e+02 8.7850463867187500e+01
231 3.5000000000000000e+02 8.8785049438476562e+01
232 3.5000000000000000e+02 8.9719627380371094e+01
233 3.5000000000000000e+02 9.0654205322265625e+01
234 3.5000000000000000e+02 9.1588783264160156e+01
235 3.5000000000000000e+02 9.2523361206054688e+01
236 3.5000000000000000e+02 9.3457946777343750e+01
237 3.5000000000000000e+02 9.4392524719238281e+01
238 3.5000000000000000e+02 9.5327102661132812e+01
239 3.5000000000000000e+02 9.6261680603027344e+01
240 3.5000000000000000e+02 9.7196258544921875e+01
241 3.5000000000000000e+02 9.8130844116210938e+01
242 3.5000000000000000e+02 9.9065422058105469e+01
243 3.4545455932617188e+02 1.0000000000000000e+02
244 3.4090908813476562e+02 1.0000000000000000e+02
245 3.3636364746093750e+02 1.0000000000000000e+02
246 3.3181817626953125e+02 1.0000000000000000e+02
247 3.2727273559570312e+02 1.0000000000000000e+02
248 3.2272726440429688e+02 1.0000000000000000e+02
249 3.1818182373046875e+02 1.0000000000000000e+02
250 3.1363635253906250e+02 1.0000000000000000e+02
251 3.0909091186523438e+02 1.0000000000000000e+02
252 3.0454544067382812e+02 1.0000000000000000e+02
253 2.0000000000000000e+02 9.9065422058105469e+01
254 2.0000000000000000e+02 9.8130844116210938e+01
255 2.0000000000000000e+02 9.7196258544921875e+01
256 2.0000000000000000e+02 9.6261680603027344e+01
257 2.0000000000000000e+02 9.5327102661132812e+01
258 2.0000000000000000e+02 9.4392524719238281e+01
259 2.0000000000000000e+02 9.3457946777343750e+01
260 2.0000000000000000e+02 9.2523361206054688e+01
261 2.0000000000000000e+02 9.1588783264160156e+01
262 2.0000000000000000e+02 9.0654205322265625e+01
263 2.0000000000000000e+02 8.9719627380371094e+01
264 2.0000000000000000e+02 8.8785049438476562e+01
265 2.0000000000000000e+02 8.7850463867187500e+01
266 2.0000000000000000e+02 8.6915885925292969e+01
267 2.0000000000000000e+02 8.5981307983398438e+01
268 2.0000000000000000e+02 8.5046730041503906e+01
269 2.0000000000000000e+02 8.4112152099609375e+01
270 2.0000000000000000e+02 8.3177566528320312e+01
271 2.0000000000000000e+02 8.2242988586425781e+01
272 2.0000000000000000e+02 8.1308410644531250e+01
273 2.0000000000000000e+02 8.0373832702636719e+01
274 2.0000000000000000e+02 7.9439254760742188e+01
275 2.0000000000000000e+02 7.8504669189453125e+01
276 2.0000000000000000e+02 7.7570091247558594e+01
277 2.0000000000000000e+02 7.6635513305664062e+01
278 2.0000000000000000e+02 7.5700935363769531e+01
279 2.0000000000000000e+02 7.4766357421875000e+01
280 2.0000000000000000e+02 7.3831779479980469e+01
281 2.0000000000000000e+02 7.2897193908691406e+01
282 2.0000000000000000e+02 7.1962615966796875e+01
283 2.0000000000000000e+02 7.1028038024902344e+01
284 2.0000000000000000e+02 7.0093460083007812e+01
285 2.0000000000000000e+02 6.9158882141113281e+01
286 2.0000000000000000e+02 6.8224296569824219e+01
287 2.0000000000000000e+02 6.7289718627929688e+01
288 2.0000000000000000e+02 6.6355140686035156e+01
289 2.0000000000000000e+02 6.5420562744140625e+01
290 2.0000000000000000e+02 6.4485984802246094e+01
291 2.0000000000000000e+02 6.3551403045654297e+01
292 2.0000000000000000e+02 6.2616821289062500e+01
293 2.0000000000000000e+02 6.1682243347167969e+01
294 2.0000000000000000e+02 6.0747665405273438e+01
295 2.0000000000000000e+02 5.9813083648681641e+01
296 2.0000000000000000e+02 5.8878505706787109e+01
297 2.0000000000000000e+02 5.7943923950195312e+01
298 2.0000000000000000e+02 5.7009346008300781e+01
299 2.0000000000000000e+02 5.6074768066406250e+01
300 2.0000000000000000e+02 5.5140186309814453e+01
301 2.0000000000000000e+02 5.4205608367919922e+01
302 2.0000000000000000e+02 5.3271026611328125e+01
303 2.0000000000000000e+02 5.2336448669433594e+01
304 2.0000000000000000e+02 5.1401870727539062e+01
305 2.0000000000000000e+02 5.0467288970947266e+01
306 2.0000000000000000e+02 4.9532711029052734e+01
307 2.0000000000000000e+02 4.8598129272460938e+01
308 2.0000000000000000e+02 4.7663551330566406e+01
309 2.0000000000000000e+02 4.6728973388671875e+01
310 2.0000000000000000e+02 4.5794391632080078e+01
311 2.0000000000000000e+02 4.4859813690185547e+01
312 2.0000000000000000e+02 4.3925231933593750e+01
313 2.0000000000000000e+02 4.2990653991699219e+01
314 2.0000000000000000e+02 4.2056076049804688e+01
315 2.0000000000000000e+02 4.1121494293212891e+01
316 2.0000000000000000e+02 4.0186916351318359e+01
317 2.0000000000000000e+02 3.9252334594726562e+01
318 2.0000000000000000e+02 3.8317756652832031e+01
319 2.0000000000000000e+02 3.7383178710937500e+01
320 2.0000000000000000e+02 3.6448596954345703e+01
321 2.0000000000000000e+02 3.5514019012451172e+01
322 2.0000000000000000e+02 3.4579441070556641e+01
323 2.0000000000000000e+02 3.3644859313964844e+01
324 2.0000000000000000e+02 3.2710281372070312e+01
325 2.0000000000000000e+02 3.1775701522827148e+01
326 2.0000000000000000e+02 3.0841121673583984e+01
327 2.0000000000000000e+02 2.9906541824340820e+01
328 2.0000000000000000e+02 2.8971961975097656e+01
329 2.0000000000000000e+02 2.8037384033203125e+01
330 2.0000000000000000e+02 2.7102804183959961e+01
331 2.0000000000000000e+02 2.6168224334716797e+01
332 2.0000000000000000e+02 2.5233644485473633e+01
333 2.0000000000000000e+02 2.4299064636230469e+01
334 2.0000000000000000e+02 2.3364486694335938e+01
335 2.0000000000000000e+02 2.2429906845092773e+01
336 2.0000000000000000e+02 2.1495326995849609e+01
337 2.0000000000000000e+02 2.0560747146606445e+01
338 2.0000000000000000e+02 1.9626167297363281e+01
339 2.0000000000000000e+02 1.8691589355468750e+01
340 2.0000000000000000e+02 1.7757009506225586e+01
341 2.0000000000000000e+02 1.6822429656982422e+01
342 2.0000000000000000e+02 1.5887850761413574e+01
343 2.0000000000000000e+02 1.4953270912170410e+01
344 2.0000000000000000e+02 1.4018692016601562e+01
345 2.0000000000000000e+02 1.3084112167358398e+01
346 2.0000000000000000e+02 1.2149532318115234e+01
347 2.0000000000000000e+02 1.1214953422546387e+01
348 2.0000000000000000e+02 1.0280373573303223e+01
349 2.0000000000000000e+02 9.3457946777343750e+00
350 2.0000000000000000e+02 8.4112148284912109e+00
351 2.0000000000000000e+02 7.4766354560852051e+00
352 2.0000000000000000e+02 6.5420560836791992e+00
353 2.0000000000000000e+02 5.6074767112731934e+00
354 2.0000000000000000e+02 4.6728973388671875e+00
355 2.0000000000000000e+02 3.7383177280426025e+00
356 2.0000000000000000e+02 2.8037383556365967e+00
357 2.0000000000000000e+02 1.8691588640213013e+00
358 2.0000000000000000e+02 9.3457943201065063e-01
359 2.0476190185546875e+02 0.0000000000000000e+00
360 2.0952380371093750e+02 0.0000000000000000e+00
361 2.1428572082519531e+02 0.0000000000000000e+00
362 2.1904762268066406e+02 0.0000000000000000e+00
363 2.2380952453613281e+02 0.0000000000000000e+00
364 2.2857142639160156e+02 0.0000000000000000e+00
365 2.3333332824707031e+02 0.0000000000000000e+00
366 2.3809524536132812e+02 0.0000000000000000e+00
367 2.4285714721679688e+02 0.0000000000000000e+00
368 2.4761904907226562e+02 0.0000000000000000e+00
369 2.5238095092773438e+02 0.0000000000000000e+00
370 2.5714285278320312e+02 0.0000000000000000e+00
371 2.6190475463867188e+02 0.0000000000000000e+00
372 2.6666665649414062e+02 0.0000000000000000e+00
373 2.7142855834960938e+02 0.0000000000000000e+00
374 2.7619049072265625e+02 0.0000000000000000e+00
375 2.8095239257812500e+02 0.0000000000000000e+00
376 2.8571429443359375e+02 0.0000000000000000e+00
377 2.9047619628906250e+02 0.0000000000000000e+00
378 2.9523809814453125e+02 0.0000000000000000e+00
379 2.9523809814453125e+02 1.0000000000000000e+02
380 2.9047619628906250e+02 1.0000000000000000e+02
381 2.8571429443359375e+02 1.0000000000000000e+02
382 2.8095239257812500e+02 1.0000000000000000e+02
383 2.7619049072265625e+02 1.0000000000000000e+02
384 2.7142855834960938e+02 1.0000000000000000e+02
385 2.6666665649414062e+02 1.0000000000000000e+02
386 2.6190475463867188e+02 1.0000000000000000e+02
387 2.5714285278320312e+02 1.0000000000000000e+02
388 2.5238095092773438e+02 1.0000000000000000e+02
389 2.4761904907226562e+02 1.0000000000000000e+02
390 2.4285714721679688e+02 1.0000000000000000e+02
391 2.3809524536132812e+02 1.0000000000000000e+02
392 2.3333332824707031e+02 1.0000000000000000e+02
393 2.2857142639160156e+02 1.0000000000000000e+02
394 2.2380952453613281e+02 1.0000000000000000e+02
395 2.1904762268066406e+02 1.0000000000000000e+02
396 2.1428572082519531e+02 1.0000000000000000e+02
397 2.0952380371093750e+02 1.0000000000000000e+02
398 2.0476190185546875e+02 1.0000000000000000e+02
399 1.9904891967773438e+02 1.0000000000000000e+02
400 1.9809782409667969e+02 1.0000000000000000e+02
401 1.9714674377441406e+02 1.0000000000000000e+02
402 1.9619564819335938e+02 1.0000000000000000e+02
403 1.9524456787109375e+02 1.0000000000000000e+02
404 1.9429347229003906e+02 1.0000000000000000e+02
405 1.9334239196777344e+02 1.0000000000000000e+02
406 1.9239131164550781e+02 1.0000000000000000e+02
407 1.9144021606445312e+02 1.0000000000000000e+02
408 1.9048913574218750e+02 1.0000000000000000e+02
409 1.8953804016113281e+02 1.0000000000000000e+02
410 1.8858695983886719e+02 1.0000000000000000e+02
411 1.8763586425781250e+02 1.0000000000000000e+02
412 1.8668478393554688e+02 1.0000000000000000e+02
413 1.8573368835449219e+02 1.0000000000000000e+02
414 1.8478260803222656e+02 1.0000000000000000e+02
415 1.8383152770996094e+02 1.0000000000000000e+02
416 1.8288043212890625e+02 1.0000000000000000e+02
417 1.8192935180664062e+02 1.0000000000000000e+02
418 1.8097825622558594e+02 1.0000000000000000e+02
419 1.8002717590332031e+02 1.0000000000000000e+02
420 1.7907608032226562e+02 1.0000000000000000e+02
421 1.7812500000000000e+02 9.9065422058105469e+01
422 1.7812500000000000e+02 9.8130844116210938e+01
423 1.7812500000000000e+02 9.7196258544921875e+01
424 1.7812500000000000e+02 9.6261680603027344e+01
425 1.7812500000000000e+02 9.5327102661132812e+01
426 1.7812500000000000e+02 9.4392524719238281e+01
427 1.7812500000000000e+02 9.3457946777343750e+01
428 1.7812500000000000e+02 9.2523361206054688e+01
429 1.7812500000000000e+02 9.1588783264160156e+01
430 1.7812500000000000e+02 9.0654205322265625e+01
431 1.7812500000000000e+02 8.9719627380371094e+01
432 1.7812500000000000e+02 8.8785049438476562e+01
433 1.7812500000000000e+02 8.7850463867187500e+01
434 1.7812500000000000e+02 8.6915885925292969e+01
435 1.7812500000000000e+02 8.5981307983398438e+01
436 1.7812500000000000e+02 8.5046730041503906e+01
437 1.7812500000000000e+02 8.4112152099609375e+01
438 1.7812500000000000e+02 8.3177566528320312e+01
439 1.7812500000000000e+02 8.2242988586425781e+01
440 1.7812500000000000e+02 8.1308410644531250e+01
441 1.7812500000000000e+02 8.0373832702636719e+01
442 1.7812500000000000e+02 7.9439254760742188e+01
443 1.7812500000000000e+02 7.8504669189453125e+01
444 1.7812500000000000e+02 7.7570091247558594e+01
445 1.7812500000000000e+02 7.6635513305664062e+01
446 1.7812500000000000e+02 7.5700935363769531e+01
447 1.7812500000000000e+02 7.4766357421875000e+01
448 1.7812500000000000e+02 7.3831779479980469e+01
449 1.7812500000000000e+02 7.2897193908691406e+01
450 1.7812500000000000e+02 7.1962615966796875e+01
451 1.7812500000000000e+02 7.1028038024902344e+01
452 1.7812500000000000e+02 7.0093460083007812e+01
453 1.7812500000000000e+02 6.9158882141113281e+01
454 1.7812500000000000e+02 6.8224296569824219e+01
455 1.7812500000000000e+02 6.7289718627929688e+01
456 1.7812500000000000e+02 6.6355140686035156e+01
457 1.7812500000000000e+02 6.5420562744140625e+01
458 1.7812500000000000e+02 6.4485984802246094e+01
459 1.7812500000000000e+02 6.3551403045654297e+01
460 1.7812500000000000e+02 6.2616821289062500e+01
461 1.7812500000000000e+02 6.1682243347167969e+01
462 1.7812500000000000e+02 6.0747665405273438e+01
463 1.7812500000000000e+02 5.9813083648681641e+01
464 1.7812500000000000e+02 5.8878505706787109e+01
465 1.7812500000000000e+02 5.7943923950195312e+01
466 1.7812500000000000e+02 5.7009346008300781e+01
467 1.7812500000000000e+02 5.6074768066406250e+01
468 1.7812500000000000e+02 5.5140186309814453e+01
469 1.7812500000000000e+02 5.4205608367919922e+01
470 1.7812500000000000e+02 5.3271026611328125e+01
471 1.7812500000000000e+02 5.2336448669433594e+01
472 1.7812500000000000e+02 5.1401870727539062e+01
473 1.7812500000000000e+02 5.0467288970947266e+01
474 1.7812500000000000e+02 4.9532711029052734e+01
475 1.7812500000000000e+02 4.8598129272460938e+01
476 1.7812500000000000e+02 4.7663551330566406e+01
477 1.7812500000000000e+02 4.6728973388671875e+01
478 1.7812500000000000e+02 4.5794391632080078e+01
479 1.7812500000000000e+02 4.4859813690185547e+01
480 1.7812500000000000e+02 4.3925231933593750e+01
481 1.7812500000000000e+02 4.2990653991699219e+01
482 1.7812500000000000e+02 4.2056076049804688e+01
483 1.7812500000000000e+02 4.1121494293212891e+01
484 1.7812500000000000e+02 4.0186916351318359e+01
485 1.7812500000000000e+02 3.9252334594726562e+01
486 1.7812500000000000e+02 3.8317756652832031e+01
487 1.7812500000000000e+02 3.7383178710937500e+01
488 1.7812500000000000e+02 3.6448596954345703e+01
489 1.7812500000000000e+02 3.5514019012451172e+01
490 1.7812500000000000e+02 3.4579441070556641e+01
491 1.7812500000000000e+02 3.3644859313964844e+01
492 1.7812500000000000e+02 3.2710281372070312e+01
493 1.7812500000000000e+02 3.1775701522827148e+01
494 1.7812500000000000e+02 3.0841121673583984e+01
495 1.7812500000000000e+02 2.9906541824340820e+01
496 1.7812500000000000e+02 2.8971961975097656e+01
497 1.7812500000000000e+02 2.8037384033203125e+01
498 1.7812500000000000e+02 2.7102804183959961e+01
499 1.7812500000000000e+02 2.6168224334716797e+01
500 1.7812500000000000e+02 2.5233644485473633e+01
501 1.7812500000000000e+02 2.4299064636230469e+01
502 1.7812500000000000e+02 2.3364486694335938e+01
503 1.7812500000000000e+02 2.2429906845092773e+01
504 1.7812500000000000e+02 2.1495326995849609e+01
505 1.7812500000000000e+02 2.0560747146606445e+01
506 1.7812500000000000e+02 1.9626167297363281e+01
507 1.7812500000000000e+02 1.8691589355468750e+01
508 1.7812500000000000e+02 1.7757009506225586e+01
509 1.7812500000000000e+02 1.6822429656982422e+01
510 1.7812500000000000e+02 1.5887850761413574e+01
511 1.7812500000000000e+02 1.4953270912170410e+01
512 1.7812500000000000e+02 1.4018692016601562e+01
513 1.7812500000000000e+02 1.3084112167358398e+01
514 1.7812500000000000e+02 1.2149532318115234e+01
515 1.7812500000000000e+02 1.1214953422546387e+01
516 1.7812500000000000e+02 1.0280373573303223e+01
517 1.7812500000000000e+02 9.3457946777343750e+00
518 1.7812500000000000e+02 8.4112148284912109e+00
519 1.7812500000000000e+02 7.4766354560852051e+00
520 1.7812500000000000e+02 6.5420560836791992e+00
521 1.7812500000000000e+02 5.6074767112731934e+00
522 1.7812500000000000e+02 4.6728973388671875e+00
523 1.7812500000000000e+02 3.7383177280426025e+00
524 1.7812500000000000e+02 2.8037383556365967e+00
525 1.7812500000000000e+02 1.8691588640213013e+00
526 1.7812500000000000e+02 9.3457943201065063e-01
527 1.7907608032226562e+02 0.0000000000000000e+00
528 1.8002717590332031e+02 0.0000000000000000e+00
529 1.8097825622558594e+02 0.0000000000000000e+00
530 1.8192935180664062e+02 0.0000000000000000e+00
531 1.8288043212890625e+02 0.0000000000000000e+00
532 1.8383152770996094e+02 0.0000000000000000e+00
533 1.8478260803222656e+02 0.0000000000000000e+00
534 1.8573368835449219e+02 0.0000000000000000e+00
535 1.8668478393554688e+02 0.0000000000000000e+00
536 1.8763586425781250e+02 0.0000000000000000e+00
537 1.8858695983886719e+02 0.0000000000000000e+00
538 1.8953804016113281e+02 0.0000000000000000e+00
539 1.9048913574218750e+02 0.0000000000000000e+00
540 1.9144021606445312e+02 0.0000000000000000e+00
541 1.9239131164550781e+02 0.0000000000000000e+00
542 1.9334239196777344e+02 0.0000000000000000e+00
543 1.9429347229003906e+02 0.0000000000000000e+00
544 1.9524456787109375e+02 0.0000000000000000e+00
545 1.9619564819335938e+02 0.0000000000000000e+00
546 1.9714674377441406e+02 0.0000000000000000e+00
547 1.9809782409667969e+02 0.0000000000000000e+00
548 1.9904891967773438e+02 0.0000000000000000e+00
549 1.7187500000000000e+02 9.3457943201065063e-01
550 1.7187500000000000e+02 1.8691588640213013e+00
551 1.7187500000000000e+02 2.8037383556365967e+00
552 1.7187500000000000e+02 3.7383177280426025e+00
553 1.7187500000000000e+02 4.6728973388671875e+00
554 1.7187500000000000e+02 5.6074767112731934e+00
555 1.7187500000000000e+02 6.5420560836791992e+00
556 1.7187500000000000e+02 7.4766354560852051e+00
557 1.7187500000000000e+02 8.4112148284912109e+00
558 1.7187500000000000e+02 9.3457946777343750e+00
559 1.7187500000000000e+02 1.0280373573303223e+01
560 1.7187500000000000e+02 1.1214953422546387e+01
561 1.7187500000000000e+02 1.2149532318115234e+01
562 1.7187500000000000e+02 1.3084112167358398e+01
563 1.7187500000000000e+02 1.4018692016601562e+01
564 1.7187500000000000e+02 1.4953270912170410e+01
565 1.7187500000000000e+02 1.5887850761413574e+01
566 1.7187500000000000e+02 1.6822429656982422e+01
567 1.7187500000000000e+02 1.7757009506225586e+01
568 1.7187500000000000e+02 1.8691589355468750e+01
569 1.7187500000000000e+02 1.9626167297363281e+01
570 1.7187500000000000e+02 2.0560747146606445e+01
571 1.7187500000000000e+02 2.1495326995849609e+01
572 1.7187500000000000e+02 2.2429906845092773e+01
573 1.7187500000000000e+02 2.3364486694335938e+01
574 1.7187500000000000e+02 2.4299064636230469e+01
575 1.7187500000000000e+02 2.5233644485473633e+01
576 1.7187500000000000e+02 2.6168224334716797e+01
577 1.7187500000000000e+02 2.7102804183959961e+01
578 1.7187500000000000e+02 2.8037384033203125e+01
579 1.7187500000000000e+02 2.8971961975097656e+01
580 1.7187500000000000e+02 2.9906541824340820e+01
581 1.7187500000000000e+02 3.0841121673583984e+01
582 1.7187500000000000e+02 3.1775701522827148e+01
583 1.7187500000000000e+02 3.2710281372070312e+01
584 1.7187500000000000e+02 3.3644859313964844e+01
585 1.7187500000000000e+02 3.4579441070556641e+01
586 1.7187500000000000e+02 3.5514019012451172e+01
587 1.7187500000000000e+02 3.6448596954345703e+01
588 1.7187500000000000e+02 3.7383178710937500e+01
589 1.7187500000000000e+02 3.8317756652832031e+01
590 1.7187500000000000e+02 3.9252334594726562e+01
591 1.7187500000000000e+02 4.0186916351318359e+01
592 1.7187500000000000e+02 4.1121494293212891e+01
593 1.7187500000000000e+02 4.2056076049804688e+01
594 1.7187500000000000e+02 4.2990653991699219e+01
595 1.7187500000000000e+02 4.3925231933593750e+01
596 1.7187500000000000e+02 4.4859813690185547e+01
597 1.7187500000000000e+02 4.5794391632080078e+01
598 1.7187500000000000e+02 4.6728973388671875e+01
599 1.7187500000000000e+02 4.7663551330566406e+01
600 1.7187500000000000e+02 4.8598129272460938e+01
601 1.7187500000000000e+02 4.9532711029052734e+01
602 1.7187500000000000e+02 5.0467288970947266e+01
603 1.7187500000000000e+02 5.1401870727539062e+01
604 1.7187500000000000e+02 5.2336448669433594e+01
605 1.7187500000000000e+02 5.3271026611328125e+01
606 1.7187500000000000e+02 5.4205608367919922e+01
607 1.7187500000000000e+02 5.5140186309814453e+01
608 1.7187500000000000e+02 5.6074768066406250e+01
609 1.7187500000000000e+02 5.7009346008300781e+01
610 1.7187500000000000e+02 5.7943923950195312e+01
611 1.7187500000000000e+02 5.8878505706787109e+01
612 1.7187500000000000e+02 5.9813083648681641e+01
613 1.7187500000000000e+02 6.0747665405273438e+01
614 1.7187500000000000e+02 6.1682243347167969e+01
615 1.7187500000000000e+02 6.2616821289062500e+01
616 1.7187500000000000e+02 6.3551403045654297e+01
617 1.7187500000000000e+02 6.4485984802246094e+01
618 1.7187500000000000e+02 6.5420562744140625e+01
619 1.7187500000000000e+02 6.6355140686035156e+01
620 1.7187500000000000e+02 6.7289718627929688e+01
621 1.7187500000000000e+02 6.8224296569824219e+01
622 1.7187500000000000e+02 6.9158882141113281e+01
623 1.7187500000000000e+02 7.0093460083007812e+01
624 1.7187500000000000e+02 7.1028038024902344e+01
625 1.7187500000000000e+02 7.1962615966796875e+01
626 1.7187500000000000e+02 7.2897193908691406e+01
627 1.7187500000000000e+02 7.3831779479980469e+01
628 1.7187500000000000e+02 7.4766357421875000e+01
629 1.7187500000000000e+02 7.5700935363769531e+01
630 1.7187500000000000e+02 7.6635513305664062e+01
631 1.7187500000000000e+02 7.7570091247558594e+01
632 1.7187500000000000e+02 7.8504669189453125e+01
633 1.7187500000000000e+02 7.9439254760742188e+01
634 1.7187500000000000e+02 8.0373832702636719e+01
635 1.7187500000000000e+02 8.1308410644531250e+01
636 1.7187500000000000e+02 8.2242988586425781e+01
637 1.7187500000000000e+02 8.3177566528320312e+01
638 1.7187500000000000e+02 8.4112152099609375e+01
639 1.7187500000000000e+02 8.5046730041503906e+01
640 1.7187500000000000e+02 8.5981307983398438e+01
641 1.7187500000000000e+02 8.6915885925292969e+01
642 1.7187500000000000e+02 8.7850463867187500e+01
643 1.7187500000000000e+02 8.8785049438476562e+01
644 1.7187500000000000e+02 8.9719627380371094e+01
645 1.7187500000000000e+02 9.0654205322265625e+01
646 1.7187500000000000e+02 9.1588783264160156e+01
647 1.7187500000000000e+02 9.2523361206054688e+01
648 1.7187500000000000e+02 9.3457946777343750e+01
649 1.7187500000000000e+02 9.4392524719238281e+01
650 1.7187500000000000e+02 9.5327102661132812e+01
651 1.7187500000000000e+02 9.6261680603027344e+01
652 1.7187500000000000e+02 9.7196258544921875e+01
653 1.7187500000000000e+02 9.8130844116210938e+01
654 1.7187500000000000e+02 9.9065422058105469e+01
655 1.7092391967773438e+02 1.0000000000000000e+02
656 1.6997282409667969e+02 1.0000000000000000e+02
657 1.6902174377441406e+02 1.0000000000000000e+02
658 1.6807064819335938e+02 1.0000000000000000e+02
659 1.6711956787109375e+02 1.0000000000000000e+02
660 1.6616847229003906e+02 1.0000000000000000e+02
661 1.6521739196777344e+02 1.0000000000000000e+02
662 1.6426631164550781e+02 1.0000000000000000e+02
663 1.6331521606445312e+02 1.0000000000000000e+02
664 1.6236413574218750e+02 1.0000000000000000e+02
665 1.6141304016113281e+02 1.0000000000000000e+02
666 1.6046195983886719e+02 1.0000000000000000e+02
667 1.5951086425781250e+02 1.0000000000000000e+02
668 1.5855978393554688e+02 1.0000000000000000e+02
669 1.5760868835449219e+02 1.0000000000000000e+02
670 1.5665760803222656e+02 1.0000000000000000e+02
671 1.5570652770996094e+02 1.0000000000000000e+02
672 1.5475543212890625e+02 1.0000000000000000e+02
673 1.5380435180664062e+02 1.0000000000000000e+02
674 1.5285325622558594e+02 1.0000000000000000e+02
675 1.5190217590332031e+02 1.0000000000000000e+02
676 1.5095108032226562e+02 1.0000000000000000e+02
677 1.5000000000000000e+02 9.9065422058105469e+01
678 1.5000000000000000e+02 9.8130844116210938e+01
679 1.5000000000000000e+02 9.7196258544921875e+01
680 1.5000000000000000e+02 9.6261680603027344e+01
681 1.5000000000000000e+02 9.5327102661132812e+01
682 1.5000000000000000e+02 9.4392524719238281e+01
683 1.5000000000000000e+02 9.3457946777343750e+01
684 1.5000000000000000e+02 9.2523361206054688e+01
685 1.5000000000000000e+02 9.1588783264160156e+01
686 1.5000000000000000e+02 9.0654205322265625e+01
687 1.5000000000000000e+02 8.9719627380371094e+01
688 1.5000000000000000e+02 8.8785049438476562e+01
689 1.5000000000000000e+02 8.7850463867187500e+01
690 1.5000000000000000e+02 8.6915885925292969e+01
691 1.5000000000000000e+02 8.5981307983398438e+01
692 1.5000000000000000e+02 8.5046730041503906e+01
693 1.5000000000000000e+02 8.4112152099609375e+01
694 1.5000000000000000e+02 8.3177566528320312e+01
695 1.5000000000000000e+02 8.2242988586425781e+01
696 1.5000000000000000e+02 8.1308410644531250e+01
697 1.5000000000000000e+02 8.0373832702636719e+01
698 1.5000000000000000e+02 7.9439254760742188e+01
699 1.5000000000000000e+02 7.8504669189453125e+01
700 1.5000000000000000e+02 7.7570091247558594e+01
701 1.5000000000000000e+02 7.6635513305664062e+01
702 1.5000000000000000e+02 7.5700935363769531e+01
703 1.5000000000000000e+02 7.4766357421875000e+01
704 1.5000000000000000e+02 7.3831779479980469e+01
705 1.5000000000000000e+02 7.2897193908691406e+01
706 1.5000000000000000e+02 7.1962615966796875e+01
707 1.5000000000000000e+02 7.1028038024902344e+01
708 1.5000000000000000e+02 7.0093460083007812e+01
709 1.5000000000000000e+02 6.9158882141113281e+01
710 1.5000000000000000e+02 6.8224296569824219e+01
711 1.5000000000000000e+02 6.7289718627929688e+01
712 1.5000000000000000e+02 6.6355140686035156e+01
713 1.5000000000000000e+02 6.5420562744140625e+01
714 1.5000000000000000e+02 6.4485984802246094e+01
715 1.5000000000000000e+02 6.3551403045654297e+01
716 1.5000000000000000e+02 6.2616821289062500e+01
717 1.5000000000000000e+02 6.1682243347167969e+01
718 1.5000000000000000e+02 6.0747665405273438e+01
719 1.5000000000000000e+02 5.9813083648681641e+01
720 1.5000000000000000e+02 5.8878505706787109e+01
721 1.5000000000000000e+02 5.7943923950195312e+01
722 1.5000000000000000e+02 5.7009346008300781e+01
723 1.5000000000000000e+02 5.6074768066406250e+01
724 1.5000000000000000e+02 5.5140186309814453e+01
725 1.5000000000000000e+02 5.4205608367919922e+01
726 1.5000000000000000e+02 5.3271026611328125e+01
727 1.5000000000000000e+02 5.2336448669433594e+01
728 1.5000000000000000e+02 5.1401870727539062e+01
729 1.5000000000000000e+02 5.0467288970947266e+01
730 1.5000000000000000e+02 4.9532711029052734e+01
731 1.5000000000000000e+02 4.8598129272460938e+01
732 1.5000000000000000e+02 4.7663551330566406e+01
733 1.5000000000000000e+02 4.6728973388671875e+01
734 1.5000000000000000e+02 4.5794391632080078e+01
735 1.5000000000000000e+02 4.4859813690185547e+01
736 1.5000000000000000e+02 4.3925231933593750e+01
737 1.5000000000000000e+02 4.2990653991699219e+01
738 1.5000000000000000e+02 4.2056076049804688e+01
739 1.5000000000000000e+02 4.1121494293212891e+01
740 1.5000000000000000e+02 4.0186916351318359e+01
741 1.5000000000000000e+02 3.9252334594726562e+01
742 1.5000000000000000e+02 3.8317756652832031e+01
743 1.5000000000000000e+02 3.7383178710937500e+01
744 1.5000000000000000e+02 3.6448596954345703e+01
745 1.5000000000000000e+02 3.5514019012451172e+01
746 1.5000000000000000e+02 3.4579441070556641e+01
747 1.5000000000000000e+02 3.3644859313964844e+01
748 1.5000000000000000e+02 3.2710281372070312e+01
749 1.5000000000000000e+02 3.1775701522827148e+01
750 1.5000000000000000e+02 3.0841121673583984e+01
751 1.5000000000000000e+02 2.9906541824340820e+01
752 1.5000000000000000e+02 2.8971961975097656e+01
753 1.5000000000000000e+02 2.8037384033203125e+01
754 1.5000000000000000e+02 2.7102804183959961e+01
755 1.5000000000000000e+02 2.6168224334716797e+01
756 1.5000000000000000e+02 2.5233644485473633e+01
757 1.5000000000000000e+02 2.4299064636230469e+01
758 1.5000000000000000e+02 2.3364486694335938e+01
759 1.5000000000000000e+02 2.2429906845092773e+01
760 1.5000000000000000e+02 2.1495326995849609e+01
761 1.5000000000000000e+02 2.0560747146606445e+01
762 1.5000000000000000e+02 1.9626167297363281e+01
763 1.5000000000000000e+02 1.8691589355468750e+01
764 1.5000000000000000e+02 1.7757009506225586e+01
765 1.5000000000000000e+02 1.6822429656982422e+01
766 1.5000000000000000e+02 1.5887850761413574e+01
767 1.5000000000000000e+02 1.4953270912170410e+01
768 1.5000000000000000e+02 1.4018692016601562e+01
769 1.5000000000000000e+02 1.3084112167358398e+01
770 1.5000000000000000e+02 1.2149532318115234e+01
771 1.5000000000000000e+02 1.1214953422546387e+01
772 1.5000000000000000e+02 1.0280373573303223e+01
773 1.5000000000000000e+02 9.3457946777343750e+00
774 1.5000000000000000e+02 8.4112148284912109e+00
775 1.5000000000000000e+02 7.4766354560852051e+00
776 1.5000000000000000e+02 6.5420560836791992e+00
777 1.5000000000000000e+02 5.6074767112731934e+00
778 1.5000000000000000e+02 4.6728973388671875e+00
779 1.5000000000000000e+02 3.7383177280426025e+00
780 1.5000000000000000e+02 2.8037383556365967e+00
781 1.5000000000000000e+02 1.8691588640213013e+00
782 1.5000000000000000e+02 9.3457943201065063e-01
783 1.5095108032226562e+02 0.0000000000000000e+00
784 1.5190217590332031e+02 0.0000000000000000e+00
785 1.5285325622558594e+02 0.0000000000000000e+00
786 1.5380435180664062e+02 0.0000000000000000e+00
787 1.5475543212890625e+02 0.0000000000000000e+00
788 1.5570652770996094e+02 0.0000000000000000e+00
789 1.5665760803222656e+02 0.0000000000000000e+00
790 1.5760868835449219e+02 0.0000000000000000e+00
791 1.5855978393554688e+02 0.0000000000000000e+00
792 1.5951086425781250e+02 0.0000000000000000e+00
793 1.6046195983886719e+02 0.0000000000000000e+00
794 1.6141304016113281e+02 0.0000000000000000e+00
795 1.6236413574218750e+02 0.0000000000000000e+00
796 1.6331521606445312e+02 0.0000000000000000e+00
797 1.6426631164550781e+02 0.0000000000000000e+00
798 1.6521739196777344e+02 0.0000000000000000e+00
799 1.6616847229003906e+02 0.0000000000000000e+00
800 1.6711956787109375e+02 0.0000000000000000e+00
801 1.6807064819335938e+02 0.0000000000000000e+00
802 1.6902174377441406e+02 0.0000000000000000e+00
803 1.6997282409667969e+02 0.0000000000000000e+00
804 1.7092391967773438e+02 0.0000000000000000e+00
805 5.0000000000000000e+01 9.9065422058105469e+01
806 5.0000000000000000e+01 9.8130844116210938e+01
807 5.0000000000000000e+01 9.7196258544921875e+01
808 5.0000000000000000e+01 9.6261680603027344e+01
809 5.0000000000000000e+01 9.5327102661132812e+01
810 5.0000000000000000e+01 9.4392524719238281e+01
811 5.0000000000000000e+01 9.3457946777343750e+01
812 5.0000000000000000e+01 9.2523361206054688e+01
813 5.0000000000000000e+01 9.1588783264160156e+01
814 5.0000000000000000e+01 9.0654205322265625e+01
815 5.0000000000000000e+01 8.9719627380371094e+01
816 5.0000000000000000e+01 8.8785049438476562e+01
817 5.0000000000000000e+01 8.7850463867187500e+01
818 5.0000000000000000e+01 8.6915885925292969e+01
819 5.0000000000000000e+01 8.5981307983398438e+01
820 5.0000000000000000e+01 8.5046730041503906e+01
821 5.0000000000000000e+01 8.4112152099609375e+01
822 5.0000000000000000e+01 8.3177566528320312e+01
823 5.0000000000000000e+01 8.2242988586425781e+01
824 5.0000000000000000e+01 8.1308410644531250e+01
825 5.0000000000000000e+01 8.0373832702636719e+01
826 5.0000000000000000e+01 7.9439254760742188e+01
827 5.0000000000000000e+01 7.8504669189453125e+01
828 5.0000000000000000e+01 7.7570091247558594e+01
829 5.0000000000000000e+01 7.6635513305664062e+01
830 5.0000000000000000e+01 7.5700935363769531e+01
831 5.0000000000000000e+01 7.4766357421875000e+01
832 5.0000000000000000e+01 7.3831779479980469e+01
833 5.0000000000000000e+01 7.2897193908691406e+01
834 5.0000000000000000e+01 7.1962615966796875e+01
835 5.0000000000000000e+01 7.1028038024902344e+01
836 5.0000000000000000e+01 7.0093460083007812e+01
837 5.0000000000000000e+01 6.9158882141113281e+01
838 5.0000000000000000e+01 6.8224296569824219e+01
839 5.0000000000000000e+01 6.7289718627929688e+01
840 5.0000000000000000e+01 6.6355140686035156e+01
841 5.0000000000000000e+01 6.5420562744140625e+01
842 5.0000000000000000e+01 6.4485984802246094e+01
843 5.0000000000000000e+01 6.3551403045654297e+01
844 5.0000000000000000e+01 6.2616821289062500e+01
845 5.0000000000000000e+01 6.1682243347167969e+01
846 5.0000000000000000e+01 6.0747665405273438e+01
847 5.0000000000000000e+01 5.9813083648681641e+01
848 5.0000000000000000e+01 5.8878505706787109e+01
849 5.0000000000000000e+01 5.7943923950195312e+01
850 5.0000000000000000e+01 5.7009346008300781e+01
851 5.0000000000000000e+01 5.6074768066406250e+01
852 5.0000000000000000e+01 5.5140186309814453e+01
853 5.0000000000000000e+01 5.4205608367919922e+01
854 5.0000000000000000e+01 5.3271026611328125e+01
855 5.0000000000000000e+01 5.2336448669433594e+01
856 5.0000000000000000e+01 5.1401870727539062e+01
857 5.0000000000000000e+01 5.0467288970947266e+01
858 5.0000000000000000e+01 4.9532711029052734e+01
859 5.0000000000000000e+01 4.8598129272460938e+01
860 5.0000000000000000e+01 4.7663551330566406e+01
861 5.0000000000000000e+01 4.6728973388671875e+01
862 5.0000000000000000e+01 4.5794391632080078e+01
863 5.0000000000000000e+01 4.4859813690185547e+01
864 5.0000000000000000e+01 4.3925231933593750e+01
865 5.0000000000000000e+01 4.2990653991699219e+01
866 5.0000000000000000e+01 4.2056076049804688e+01
867 5.0000000000000000e+01 4.1121494293212891e+01
868 5.0000000000000000e+01 4.0186916351318359e+01
869 5.0000000000000000e+01 3.9252334594726562e+01
870 5.0000000000000000e+01 3.8317756652832031e+01
871 5.0000000000000000e+01 3.7383178710937500e+01
872 5.0000000000000000e+01 3.6448596954345703e+01
873 5.0000000000000000e+01 3.5514019012451172e+01
874 5.0000000000000000e+01 3.4579441070556641e+01
875 5.0000000000000000e+01 3.3644859313964844e+01
876 5.0000000000000000e+01 3.2710281372070312e+01
877 5.0000000000000000e+01 3.1775701522827148e+01
878 5.0000000000000000e+01 3.0841121673583984e+01
879 5.0000000000000000e+01 2.9906541824340820e+01
880 5.0000000000000000e+01 2.8971961975097656e+01
881 5.0000000000000000e+01 2.8037384033203125e+01
882 5.0000000000000000e+01 2.7102804183959961e+01
883 5.0000000000000000e+01 2.6168224334716797e+01
884 5.0000000000000000e+01 2.5233644485473633e+01
885 5.0000000000000000e+01 2.4299064636230469e+01
886 5.0000000000000000e+01 2.3364486694335938e+01
887 5.0000000000000000e+01 2.2429906845092773e+01
888 5.0000000000000000e+01 2.1495326995849609e+01
889 5.0000000000000000e+01 2.0560747146606445e+01
890 5.0000000000000000e+01 1.9626167297363281e+01
891 5.0000000000000000e+01 1.8691589355468750e+01
892 5.0000000000000000e+01 1.7757009506225586e+01
893 5.0000000000000000e+01 1.6822429656982422e+01
894 5.0000000000000000e+01 1.5887850761413574e+01
895 5.0000000000000000e+01 1.4953270912170410e+01
896 5.0000000000000000e+01 1.4018692016601562e+01
897 5.0000000000000000e+01 1.3084112167358398e+01
898 5.0000000000000000e+01 1.2149532318115234e+01
899 5.0000000000000000e+01 1.1214953422546387e+01
900 5.0000000000000000e+01 1.0280373573303223e+01
901 5.0000000000000000e+01 9.3457946777343750e+00
902 5.0000000000000000e+01 8.4112148284912109e+00
903 5.0000000000000000e+01 7.4766354560852051e+00
904 5.0000000000000000e+01 6.5420560836791992e+00
905 5.0000000000000000e+01 5.6074767112731934e+00
906 5.0000000000000000e+01 4.6728973388671875e+00
907 5.0000000000000000e+01 3.7383177280426025e+00
908 5.0000000000000000e+01 2.8037383556365967e+00
909 5.0000000000000000e+01 1.8691588640213013e+00
910 5.0000000000000000e+01 9.3457943201065063e-01
911 5.4761905670166016e+01 0.0000000000000000e+00
912 5.9523811340332031e+01 0.0000000000000000e+00
913 6.4285713195800781e+01 0.0000000000000000e+00
914 6.9047622680664062e+01 0.0000000000000000e+00
915 7.3809524536132812e+01 0.0000000000000000e+00
916 7.8571426391601562e+01 0.0000000000000000e+00
917 8.3333335876464844e+01 0.0000000000000000e+00
918 8.8095237731933594e+01 0.0000000000000000e+00
919 9.2857139587402344e+01 0.0000000000000000e+00
920 9.7619049072265625e+01 0.0000000000000000e+00
921 1.0238095092773438e+02 0.0000000000000000e+00
922 1.0714286041259766e+02 0.0000000000000000e+00
923 1.1190476226806641e+02 0.0000000000000000e+00
924 1.1666666412353516e+02 0.0000000000000000e+00
925 1.2142857360839844e+02 0.0000000000000000e+00
926 1.2619047546386719e+02 0.0000000000000000e+00
927 1.3095237731933594e+02 0.0000000000000000e+00
928 1.3571427917480469e+02 0.0000000000000000e+00
929 1.4047619628906250e+02 0.0000000000000000e+00
930 1.4523809814453125e+02 0.0000000000000000e+00
931 1.4523809814453125e+02 1.0000000000000000e+02
932 1.4047619628906250e+02 1.0000000000000000e+02
933 1.3571427917480469e+02 1.0000000000000000e+02
934 1.3095237731933594e+02 1.0000000000000000e+02
935 1.2619047546386719e+02 1.0000000000000000e+02
936 1.2142857360839844e+02 1.0000000000000000e+02
937 1.1666666412353516e+02 1.0000000000000000e+02
938 1.1190476226806641e+02 1.0000000000000000e+02
939 1.0714286041259766e+02 1.0000000000000000e+02
940 1.0238095092773438e+02 1.0000000000000000e+02
941 9.7619049072265625e+01 1.0000000000000000e+02
942 9.2857139587402344e+01 1.0000000000000000e+02
943 8.8095237731933594e+01 1.0000000000000000e+02
944 8.3333335876464844e+01 1.0000000000000000e+02
945 7.8571426391601562e+01 1.0000000000000000e+02
946 7.3809524536132812e+01 1.0000000000000000e+02
947 6.9047622680664062e+01 1.0000000000000000e+02
948 6.4285713195800781e+01 1.0000000000000000e+02
949 5.9523811340332031e+01 1.0000000000000000e+02
950 5.4761905670166016e+01 1.0000000000000000e+02
951 4.5454544067382812e+01 1.0000000000000000e+02
952 4.0909091949462891e+01 1.0000000000000000e+02
953 3.6363636016845703e+01 1.0000000000000000e+02
954 3.1818181991577148e+01 1.0000000000000000e+02
955 2.7272727966308594e+01 1.0000000000000000e+02
956 2.2727272033691406e+01 1.0000000000000000e+02
957 1.8181818008422852e+01 1.0000000000000000e+02
958 1.3636363983154297e+01 1.0000000000000000e+02
959 9.0909090042114258e+00 1.0000000000000000e+02
960 4.5454545021057129e+00 1.0000000000000000e+02
961 0.0000000000000000e+00 9.9065422058105469e+01
962 0.0000000000000000e+00 9.8130844116210938e+01
963 0.0000000000000000e+00 9.7196258544921875e+01
964 0.0000000000000000e+00 9.6261680603027344e+01
965 0.0000000000000000e+00 9.5327102661132812e+01
966 0.0000000000000000e+00 9.4392524719238281e+01
967 0.0000000000000000e+00 9.3457946777343750e+01
968 0.0000000000000000e+00 9.2523361206054688e+01
969 0.0000000000000000e+00 9.1588783264160156e+01
970 0.0000000000000000e+00 9.0654205322265625e+01
971 0.0000000000000000e+00 8.9719627380371094e+01
972 0.0000000000000000e+00 8.8785049438476562e+01
973 0.0000000000000000e+00 8.7850463867187500e+01
974 0.0000000000000000e+00 8.6915885925292969e+01
975 0.0000000000000000e+00 8.5981307983398438e+01
976 0.0000000000000000e+00 8.5046730041503906e+01
977 0.0000000000000000e+00 8.4112152099609375e+01
978 0.0000000000000000e+00 8.3177566528320312e+01
979 0.0000000000000000e+00 8.2242988586425781e+01
980 0.0000000000000000e+00 8.1308410644531250e+01
981 0.0000000000000000e+00 8.0373832702636719e+01
982 0.0000000000000000e+00 7.9439254760742188e+01
983 0.0000000000000000e+00 7.8504669189453125e+01
984 0.0000000000000000e+00 7.7570091247558594e+01
985 0.0000000000000000e+00 7.6635513305664062e+01
986 0.0000000000000000e+00 7.5700935363769531e+01
987 0.0000000000000000e+00 7.4766357421875000e+01
988 0.0000000000000000e+00 7.3831779479980469e+01
989 0.0000000000000000e+00 7.2897193908691406e+01
990 0.0000000000000000e+00 7.1962615966796875e+01
991 0.0000000000000000e+00 7.1028038024902344e+01
992 0.0000000000000000e+00 7.0093460083007812e+01
993 0.0000000000000000e+00 6.9158882141113281e+01
994 0.0000000000000000e+00 6.8224296569824219e+01
995 0.0000000000000000e+00 6.7289718627929688e+01
996 0.0000000000000000e+00 6.6355140686035156e+01
997 0.0000000000000000e+00 6.5420562744140625e+01
998 0.0000000000000000e+00 6.4485984802246094e+01
999 0.0000000000000000e+00 6.3551403045654297e+01
1000 0.0000000000000000e+00 6.2616821289062500e+01
1001 0.0000000000000000e+00 6.1682243347167969e+01
1002 0.0000000000000000e+00 6.0747665405273438e+01
1003 0.0000000000000000e+00 5.9813083648681641e+01
1004 0.0000000000000000e+00 5.8878505706787109e+01
1005 0.0000000000000000e+00 5.7943923950195312e+01
1006 0.0000000000000000e+00 5.7009346008300781e+01
1007 0.0000000000000000e+00 5.6074768066406250e+01
1008 0.0000000000000000e+00 5.5140186309814453e+01
1009 0.0000000000000000e+00 5.4205608367919922e+01
1010 0.0000000000000000e+00 5.3271026611328125e+01
1011 0.0000000000000000e+00 5.2336448669433594e+01
1012 0.0000000000000000e+00 5.1401870727539062e+01
1013 0.0000000000000000e+00 5.0467288970947266e+01
1014 0.0000000000000000e+00 4.9532711029052734e+01
1015 0.0000000000000000e+00 4.8598129272460938e+01
1016 0.0000000000000000e+00 4.7663551330566406e+01
1017 0.0000000000000000e+00 4.6728973388671875e+01
1018 0.0000000000000000e+00 4.5794391632080078e+01
1019 0.0000000000000000e+00 4.4859813690185547e+01
1020 0.0000000000000000e+00 4.3925231933593750e+01
1021 0.0000000000000000e+00 4.2990653991699219e+01
1022 0.0000000000000000e+00 4.2056076049804688e+01
1023 0.0000000000000000e+00 4.1121494293212891e+01
1024 0.0000000000000000e+00 4.0186916351318359e+01
1025 0.0000000000000000e+00 3.9252334594726562e+01
1026 0.0000000000000000e+00 3.8317756652832031e+01
1027 0.0000000000000000e+00 3.7383178710937500e+01
1028 0.0000000000000000e+00 3.6448596954345703e+01
1029 0.0000000000000000e+00 3.5514019012451172e+01
1030 0.0000000000000000e+00 3.4579441070556641e+01
1031 0.0000000000000000e+00 3.3644859313964844e+01
1032 0.0000000000000000e+00 3.2710281372070312e+01
1033 0.0000000000000000e+00 3.1775701522827148e+01
1034 0.0000000000000000e+00 3.0841121673583984e+01
1035 0.0000000000000000e+00 2.9906541824340820e+01
1036 0.0000000000000000e+00 2.8971961975097656e+01
1037 0.0000000000000000e+00 2.8037384033203125e+01
1038 0.0000000000000000e+00 2.7102804183959961e+01
1039 0.0000000000000000e+00 2.6168224334716797e+01
1040 0.0000000000000000e+00 2.5233644485473633e+01
1041 0.0000000000000000e+00 2.4299064636230469e+01
1042 0.0000000000000000e+00 2.3364486694335938e+01
1043 0.0000000000000000e+00 2.2429906845092773e+01
1044 0.0000000000000000e+00 2.1495326995849609e+01
1045 0.0000000000000000e+00 2.0560747146606445e+01
1046 0.0000000000000000e+00 1.9626167297363281e+01
1047 0.0000000000000000e+00 1.8691589355468750e+01
1048 0.0000000000000000e+00 1.7757009506225586e+01
1049 0.0000000000000000e+00 1.6822429656982422e+01
1050 0.0000000000000000e+00 1.5887850761413574e+01
1051 0.0000000000000000e+00 1.4953270912170410e+01
1052 0.0000000000000000e+00 1.4018692016601562e+01
1053 0.0000000000000000e+00 1.3084112167358398e+01
1054 0.0000000000000000e+00 1.2149532318115234e+01
1055 0.0000000000000000e+00 1.1214953422546387e+01
1056 0.0000000000000000e+00 1.0280373573303223e+01
1057 0.0000000000000000e+00 9.3457946777343750e+00
1058 0.0000000000000000e+00 8.4112148284912109e+00
1059 0.0000000000000000e+00 7.4766354560852051e+00
1060 0.0000000000000000e+00 6.5420560836791992e+00
1061 0.0000000000000000e+00 5.6074767112731934e+00
1062 0.0000000000000000e+00 4.6728973388671875e+00
1063 0.0000000000000000e+00 3.7383177280426025e+00
1064 0.0000000000000000e+00 2.8037383556365967e+00
1065 0.0000000000000000e+00 1.8691588640213013e+00
1066 0.0000000000000000e+00 9.3457943201065063e-01
1067 4.5454545021057129e+00 0.0000000000000000e+00
1068 9.0909090042114258e+00 0.0000000000000000e+00
1069 1.3636363983154297e+01 0.0000000000000000e+00
1070 1.8181818008422852e+01 0.0000000000000000e+00
1071 2.2727272033691406e+01 0.0000000000000000e+00
1072 2.7272727966308594e+01 0.0000000000000000e+00
1073 3.1818181991577148e+01 0.0000000000000000e+00
1074 3.6363636016845703e+01 0.0000000000000000e+00
1075 4.0909091949462891e+01 0.0000000000000000e+00
1076 4.5454544067382812e+01 0.0000000000000000e+00
1077 1.7723214721679688e+02 1.0000000000000000e+02
1078 1.7633927917480469e+02 1.0000000000000000e+02
1079 1.7544642639160156e+02 1.0000000000000000e+02
1080 1.7455357360839844e+02 1.0000000000000000e+02
1081 1.7366072082519531e+02 1.0000000000000000e+02
1082 1.7276785278320312e+02 1.0000000000000000e+02
1083 1.7281250000000000e+02 0.0000000000000000e+00
1084 1.7375000000000000e+02 9.5238095521926880e-01
1085 1.7375000000000000e+02 1.9047619104385376e+00
1086 1.7375000000000000e+02 2.8571429252624512e+00
1087 1.7375000000000000e+02 3.8095238208770752e+00
1088 1.7375000000000000e+02 4.7619047164916992e+00
1089 1.7375000000000000e+02 5.7142858505249023e+00
1090 1.7375000000000000e+02 6.6666665077209473e+00
1091 1.7375000000000000e+02 7.6190476417541504e+00
1092 1.7375000000000000e+02 8.5714282989501953e+00
1093 1.7375000000000000e+02 9.5238094329833984e+00
1094 1.7375000000000000e+02 1.0476190567016602e+01
1095 1.7375000000000000e+02 1.1428571701049805e+01
1096 1.7375000000000000e+02 1.2380952835083008e+01
1097 1.7375000000000000e+02 1.3333333015441895e+01
1098 1.7375000000000000e+02 1.4285714149475098e+01
1099 1.7375000000000000e+02 1.5238095283508301e+01
1100 1.7375000000000000e+02 1.6190475463867188e+01
1101 1.7375000000000000e+02 1.7142856597900391e+01
1102 1.7375000000000000e+02 1.8095237731933594e+01
1103 1.7375000000000000e+02 1.9047618865966797e+01
1104 1.7458332824707031e+02 2.0000000000000000e+01
1105 1.7541667175292969e+02 2.0000000000000000e+01
1106 1.7625000000000000e+02 1.9047618865966797e+01
1107 1.7625000000000000e+02 1.8095237731933594e+01
1108 1.7625000000000000e+02 1.7142856597900391e+01
1109 1.7625000000000000e+02 1.6190475463867188e+01
1110 1.7625000000000000e+02 1.5238095283508301e+01
1111 1.7625000000000000e+02 1.4285714149475098e+01
1112 1.7625000000000000e+02 1.3333333015441895e+01
1113 1.7625000000000000e+02 1.2380952835083008e+01
1114 1.7625000000000000e+02 1.1428571701049805e+01
1115 1.7625000000000000e+02 1.0476190567016602e+01
1116 1.7625000000000000e+02 9.5238094329833984e+00
1117 1.7625000000000000e+02 8.5714282989501953e+00
1118 1.7625000000000000e+02 7.6190476417541504e+00
1119 1.7625000000000000e+02 6.6666665077209473e+00
1120 1.7625000000000000e+02 5.7142858505249023e+00
1121 1.7625000000000000e+02 4.7619047164916992e+00
1122 1.7625000000000000e+02 3.8095238208770752e+00
1123 1.7625000000000000e+02 2.8571429252624512e+00
1124 1.7625000000000000e+02 1.9047619104385376e+00
1125 1.7625000000000000e+02 9.5238095521926880e-01
1126 1.7718750000000000e+02 0.0000000000000000e+00
1127 3.0454544067382812e+02 9.9065422058105469e+01
1128 3.0454544067382812e+02 9.8130844116210938e+01
1129 3.0454544067382812e+02 9.7196258544921875e+01
1130 3.0454544067382812e+02 9.6261680603027344e+01
1131 3.0454544067382812e+02 9.5327102661132812e+01
1132 3.0454544067382812e+02 9.4392524719238281e+01
1133 3.0454544067382812e+02 9.3457946777343750e+01
1134 3.0454544067382812e+02 9.2523361206054688e+01
1135 3.0454544067382812e+02 9.1588783264160156e+01
1136 3.0454544067382812e+02 9.0654205322265625e+01
1137 3.0454544067382812e+02 8.9719627380371094e+01
1138 3.0454544067382812e+02 8.8785049438476562e+01
1139 3.0454544067382812e+02 8.7850463867187500e+01
1140 3.0454544067382812e+02 8.6915885925292969e+01
1141 3.0454544067382812e+02 8.5981307983398438e+01
1142 3.0454544067382812e+02 8.5046730041503906e+01
1143 3.0454544067382812e+02 8.4112152099609375e+01
1144 3.0454544067382812e+02 8.3177566528320312e+01
1145 3.0454544067382812e+02 8.2242988586425781e+01
1146 3.0454544067382812e+02 8.1308410644531250e+01
1147 3.0454544067382812e+02 8.0373832702636719e+01
1148 3.0454544067382812e+02 7.9439254760742188e+01
1149 3.0454544067382812e+02 7.8504669189453125e+01
1150 3.0454544067382812e+02 7.7570091247558594e+01
1151 3.0454544067382812e+02 7.6635513305664062e+01
1152 3.0454544067382812e+02 7.5700935363769531e+01
1153 3.0454544067382812e+02 7.4766357421875000e+01
1154 3.0454544067382812e+02 7.3831779479980469e+01
1155 3.0454544067382812e+02 7.2897193908691406e+01
1156 3.0454544067382812e+02 7.1962615966796875e+01
1157 3.0454544067382812e+02 7.1028038024902344e+01
1158 3.0454544067382812e+02 7.0093460083007812e+01
1159 3.0454544067382812e+02 6.9158882141113281e+01
1160 3.0454544067382812e+02 6.8224296569824219e+01
1161 3.0454544067382812e+02 6.7289718627929688e+01
1162 3.0454544067382812e+02 6.6355140686035156e+01
1163 3.0454544067382812e+02 6.5420562744140625e+01
1164 3.0454544067382812e+02 6.4485984802246094e+01
1165 3.0454544067382812e+02 6.3551403045654297e+01
1166 3.0454544067382812e+02 6.2616821289062500e+01
1167 3.0454544067382812e+02 6.1682243347167969e+01
1168 3.0454544067382812e+02 6.0747665405273438e+01
1169 3.0454544067382812e+02 5.9813083648681641e+01
1170 3.0454544067382812e+02 5.8878505706787109e+01
1171 3.0454544067382812e+02 5.7943923950195312e+01
1172 3.0454544067382812e+02 5.7009346008300781e+01
1173 3.0454544067382812e+02 5.6074768066406250e+01
1174 3.0454544067382812e+02 5.5140186309814453e+01
1175 3.0454544067382812e+02 5.4205608367919922e+01
1176 3.0454544067382812e+02 5.3271026611328125e+01
1177 3.0454544067382812e+02 5.2336448669433594e+01
1178 3.0454544067382812e+02 5.1401870727539062e+01
1179 3.0454544067382812e+02 5.0467288970947266e+01
1180 3.0454544067382812e+02 4.9532711029052734e+01
1181 3.0454544067382812e+02 4.8598129272460938e+01
1182 3.0454544067382812e+02 4.7663551330566406e+01
1183 3.0454544067382812e+02 4.6728973388671875e+01
1184 3.0454544067382812e+02 4.5794391632080078e+01
1185 3.0454544067382812e+02 4.4859813690185547e+01
1186 3.0454544067382812e+02 4.3925231933593750e+01
1187 3.0454544067382812e+02 4.2990653991699219e+01
1188 3.0454544067382812e+02 4.2056076049804688e+01
1189 3.0454544067382812e+02 4.1121494293212891e+01
1190 3.0454544067382812e+02 4.0186916351318359e+01
1191 3.0454544067382812e+02 3.9252334594726562e+01
1192 3.0454544067382812e+02 3.8317756652832031e+01
1193 3.0454544067382812e+02 3.7383178710937500e+01
1194 3.0454544067382812e+02 3.6448596954345703e+01
1195 3.0454544067382812e+02 3.5514019012451172e+01
1196 3.0454544067382812e+02 3.4579441070556641e+01
1197 3.0454544067382812e+02 3.3644859313964844e+01
1198 3.0454544067382812e+02 3.2710281372070312e+01
1199 3.0454544067382812e+02 3.1775701522827148e+01
1200 3.0454544067382812e+02 3.0841121673583984e+01
1201 3.0454544067382812e+02 2.9906541824340820e+01
1202 3.0454544067382812e+02 2.8971961975097656e+01
1203 3.0454544067382812e+02 2.8037384033203125e+01
1204 3.0454544067382812e+02 2.7102804183959961e+01
1205 3.0454544067382812e+02 2.6168224334716797e+01
1206 3.0454544067382812e+02 2.5233644485473633e+01
1207 3.0454544067382812e+02 2.4299064636230469e+01
1208 3.0454544067382812e+02 2.3364486694335938e+01
1209 3.0454544067382812e+02 2.2429906845092773e+01
1210 3.0454544067382812e+02 2.1495326995849609e+01
1211 3.0454544067382812e+02 2.0560747146606445e+01
1212 3.0454544067382812e+02 1.9626167297363281e+01
1213 3.0454544067382812e+02 1.8691589355468750e+01
1214 3.0454544067382812e+02 1.7757009506225586e+01
1215 3.0454544067382812e+02 1.6822429656982422e+01
1216 3.0454544067382812e+02 1.5887850761413574e+01
1217 3.0454544067382812e+02 1.4953270912170410e+01
1218 3.0454544067382812e+02 1.4018692016601562e+01
1219 3.0454544067382812e+02 1.3084112167358398e+01
1220 3.0454544067382812e+02 1.2149532318115234e+01
1221 3.0454544067382812e+02 1.1214953422546387e+01
1222 3.0454544067382812e+02 1.0280373573303223e+01
1223 3.0454544067382812e+02 9.3457946777343750e+00
1224 3.0454544067382812e+02 8.4112148284912109e+00
1225 3.0454544067382812e+02 7.4766354560852051e+00
1226 3.0454544067382812e+02 6.5420560836791992e+00
1227 3.0454544067382812e+02 5.6074767112731934e+00
1228 3.0454544067382812e+02 4.6728973388671875e+00
1229 3.0454544067382812e+02 3.7383177280426025e+00
1230 3.0454544067382812e+02 2.8037383556365967e+00
1231 3.0454544067382812e+02 1.8691588640213013e+00
1232 3.0454544067382812e+02 9.3457943201065063e-01
1233 3.0909091186523438e+02 9.9065422058105469e+01
1234 3.0909091186523438e+02 9.8130844116210938e+01
1235 3.0909091186523438e+02 9.7196258544921875e+01
1236 3.0909091186523438e+02 9.6261680603027344e+01
1237 3.0909091186523438e+02 9.5327102661132812e+01
1238 3.0909091186523438e+02 9.4392524719238281e+01
1239 3.0909091186523438e+02 9.3457946777343750e+01
1240 3.0909091186523438e+02 9.2523361206054688e+01
1241 3.0909091186523438e+02 9.1588783264160156e+01
1242 3.0909091186523438e+02 9.0654205322265625e+01
1243 3.0909091186523438e+02 8.9719627380371094e+01
1244 3.0909091186523438e+02 8.8785049438476562e+01
1245 3.0909091186523438e+02 8.7850463867187500e+01
1246 3.0909091186523438e+02 8.6915885925292969e+01
1247 3.0909091186523438e+02 8.5981307983398438e+01
1248 3.0909091186523438e+02 8.5046730041503906e+01
1249 3.0909091186523438e+02 8.4112152099609375e+01
1250 3.0909091186523438e+02 8.3177566528320312e+01
1251 3.0909091186523438e+02 8.2242988586425781e+01
1252 3.0909091186523438e+02 8.1308410644531250e+01
1253 3.0909091186523438e+02 8.0373832702636719e+01
1254 3.0909091186523438e+02 7.9439254760742188e+01
1255 3.0909091186523438e+02 7.8504669189453125e+01
1256 3.0909091186523438e+02 7.7570091247558594e+01
1257 3.0909091186523438e+02 7.6635513305664062e+01
1258 3.0909091186523438e+02 7.5700935363769531e+01
1259 3.0909091186523438e+02 7.4766357421875000e+01
1260 3.0909091186523438e+02 7.3831779479980469e+01
1261 3.0909091186523438e+02 7.2897193908691406e+01
1262 3.0909091186523438e+02 7.1962615966796875e+01
1263 3.0909091186523438e+02 7.1028038024902344e+01
1264 3.0909091186523438e+02 7.0093460083007812e+01
1265 3.0909091186523438e+02 6.9158882141113281e+01
1266 3.0909091186523438e+02 6.8224296569824219e+01
1267 3.0909091186523438e+02 6.7289718627929688e+01
1268 3.0909091186523438e+02 6.6355140686035156e+01
1269 3.0909091186523438e+02 6.5420562744140625e+01
1270 3.0909091186523438e+02 6.4485984802246094e+01
1271 3.0909091186523438e+02 6.3551403045654297e+01
1272 3.0909091186523438e+02 6.2616821289062500e+01
1273 3.0909091186523438e+02 6.1682243347167969e+01
1274 3.0909091186523438e+02 6.0747665405273438e+01
1275 3.0909091186523438e+02 5.9813083648681641e+01
1276 3.0909091186523438e+02 5.8878505706787109e+01
1277 3.0909091186523438e+02 5.7943923950195312e+01
1278 3.0909091186523438e+02 5.7009346008300781e+01
1279 3.0909091186523438e+02 5.6074768066406250e+01
1280 3.0909091186523438e+02 5.5140186309814453e+01
1281 3.0909091186523438e+02 5.4205608367919922e+01
1282 3.0909091186523438e+02 5.3271026611328125e+01
1283 3.0909091186523438e+02 5.2336448669433594e+01
1284 3.0909091186523438e+02 5.1401870727539062e+01
1285 3.0909091186523438e+02 5.0467288970947266e+01
1286 3.0909091186523438e+02 4.9532711029052734e+01
1287 3.0909091186523438e+02 4.8598129272460938e+01
1288 3.0909091186523438e+02 4.7663551330566406e+01
1289 3.0909091186523438e+02 4.6728973388671875e+01
1290 3.0909091186523438e+02 4.5794391632080078e+01
1291 3.0909091186523438e+02 4.4859813690185547e+01
1292 3.0909091186523438e+02 4.3925231933593750e+01
1293 3.0909091186523438e+02 4.2990653991699219e+01
1294 3.0909091186523438e+02 4.2056076049804688e+01
1295 3.0909091186523438e+02 4.1121494293212891e+01
1296 3.0909091186523438e+02 4.0186916351318359e+01
1297 3.0909091186523438e+02 3.9252334594726562e+01
1298 3.0909091186523438e+02 3.8317756652832031e+01
1299 3.0909091186523438e+02 3.7383178710937500e+01
1300 3.0909091186523438e+02 3.6448596954345703e+01
1301 3.0909091186523438e+02 3.5514019012451172e+01
1302 3.0909091186523438e+02 3.4579441070556641e+01
1303 3.0909091186523438e+02 3.3644859313964844e+01
1304 3.0909091186523438e+02 3.2710281372070312e+01
1305 3.0909091186523438e+02 3.1775701522827148e+01
1306 3.0909091186523438e+02 3.0841121673583984e+01
1307 3.0909091186523438e+02 2.9906541824340820e+01
1308 3.0909091186523438e+02 2.8971961975097656e+01
1309 3.0909091186523438e+02 2.8037384033203125e+01
1310 3.0909091186523438e+02 2.7102804183959961e+01
1311 3.0909091186523438e+02 2.6168224334716797e+01
1312 3.0909091186523438e+02 2.5233644485473633e+01
1313 3.0909091186523438e+02 2.4299064636230469e+01
1314 3.0909091186523438e+02 2.3364486694335938e+01
1315 3.0909091186523438e+02 2.2429906845092773e+01
1316 3.0909091186523438e+02 2.1495326995849609e+01
1317 3.0909091186523438e+02 2.0560747146606445e+01
1318 3.0909091186523438e+02 1.9626167297363281e+01
1319 3.0909091186523438e+02 1.8691589355468750e+01
1320 3.0909091186523438e+02 1.7757009506225586e+01
1321 3.0909091186523438e+02 1.6822429656982422e+01
1322 3.0909091186523438e+02 1.5887850761413574e+01
1323 3.0909091186523438e+02 1.4953270912170410e+01
1324 3.0909091186523438e+02 1.4018692016601562e+01
1325 3.0909091186523438e+02 1.3084112167358398e+01
1326 3.0909091186523438e+02 1.2149532318115234e+01
1327 3.0909091186523438e+02 1.1214953422546387e+01
1328 3.0909091186523438e+02 1.0280373573303223e+01
1329 3.0909091186523438e+02 9.3457946777343750e+00
1330 3.0909091186523438e+02 8.4112148284912109e+00
1331 3.0909091186523438e+02 7.4766354560852051e+00
1332 3.0909091186523438e+02 6.5420560836791992e+00
1333 3.0909091186523438e+02 5.6074767112731934e+00
1334 3.0909091186523438e+02 4.6728973388671875e+00
1335 3.0909091186523438e+02 3.7383177280426025e+00
1336 3.0909091186523438e+02 2.8037383556365967e+00
1337 3.0909091186523438e+02 1.8691588640213013e+00
1338 3.0909091186523438e+02 9.3457943201065063e-01
1339 3.1363635253906250e+02 9.9065422058105469e+01
1340 3.1363635253906250e+02 9.8130844116210938e+01
1341 3.1363635253906250e+02 9.7196258544921875e+01
1342 3.1363635253906250e+02 9.6261680603027344e+01
1343 3.1363635253906250e+02 9.5327102661132812e+01
1344 3.1363635253906250e+02 9.4392524719238281e+01
1345 3.1363635253906250e+02 9.3457946777343750e+01
1346 3.1363635253906250e+02 9.2523361206054688e+01
1347 3.1363635253906250e+02 9.1588783264160156e+01
1348 3.1363635253906250e+02 9.0654205322265625e+01
1349 3.1363635253906250e+02 8.9719627380371094e+01
1350 3.1363635253906250e+02 8.8785049438476562e+01
1351 3.1363635253906250e+02 8.7850463867187500e+01
1352 3.1363635253906250e+02 8.6915885925292969e+01
1353 3.1363635253906250e+02 8.5981307983398438e+01
1354 3.1363635253906250e+02 8.5046730041503906e+01
1355 3.1363635253906250e+02 8.4112152099609375e+01
1356 3.1363635253906250e+02 8.3177566528320312e+01
1357 3.1363635253906250e+02 8.2242988586425781e+01
1358 3.1363635253906250e+02 8.1308410644531250e+01
1359 3.1363635253906250e+02 8.0373832702636719e+01
1360 3.1363635253906250e+02 7.9439254760742188e+01
1361 3.1363635253906250e+02 7.8504669189453125e+01
1362 3.1363635253906250e+02 7.7570091247558594e+01
1363 3.1363635253906250e+02 7.6635513305664062e+01
1364 3.1363635253906250e+02 7.5700935363769531e+01
1365 3.1363635253906250e+02 7.4766357421875000e+01
1366 3.1363635253906250e+02 7.3831779479980469e+01
1367 3.1363635253906250e+02 7.2897193908691406e+01
1368 3.1363635253906250e+02 7.1962615966796875e+01
1369 3.1363635253906250e+02 7.1028038024902344e+01
1370 3.1363635253906250e+02 7.0093460083007812e+01
1371 3.1363635253906250e+02 6.9158882141113281e+01
1372 3.1363635253906250e+02 6.8224296569824219e+01
1373 3.1363635253906250e+02 6.7289718627929688e+01
1374 3.1363635253906250e+02 6.6355140686035156e+01
1375 3.1363635253906250e+02 6.5420562744140625e+01
1376 3.1363635253906250e+02 6.4485984802246094e+01
1377 3.1363635253906250e+02 6.3551403045654297e+01
1378 3.1363635253906250e+02 6.2616821289062500e+01
1379 3.1363635253906250e+02 6.1682243347167969e+01
1380 3.1363635253906250e+02 6.0747665405273438e+01
1381 3.1363635253906250e+02 5.9813083648681641e+01
1382 3.1363635253906250e+02 5.8878505706787109e+01
1383 3.1363635253906250e+02 5.7943923950195312e+01
1384 3.1363635253906250e+02 5.7009346008300781e+01
1385 3.1363635253906250e+02 5.6074768066406250e+01
1386 3.1363635253906250e+02 5.5140186309814453e+01
1387 3.1363635253906250e+02 5.4205608367919922e+01
1388 3.1363635253906250e+02 5.3271026611328125e+01
1389 3.1363635253906250e+02 5.2336448669433594e+01
1390 3.1363635253906250e+02 5.1401870727539062e+01
1391 3.1363635253906250e+02 5.0467288970947266e+01
1392 3.1363635253906250e+02 4.9532711029052734e+01
1393 3.1363635253906250e+02 4.8598129272460938e+01
1394 3.1363635253906250e+02 4.7663551330566406e+01
1395 3.1363635253906250e+02 4.6728973388671875e+01
1396 3.1363635253906250e+02 4.5794391632080078e+01
1397 3.1363635253906250e+02 4.4859813690185547e+01
1398 3.1363635253906250e+02 4.3925231933593750e+01
1399 3.1363635253906250e+02 4.2990653991699219e+01
1400 3.1363635253906250e+02 4.2056076049804688e+01
1401 3.1363635253906250e+02 4.1121494293212891e+01
1402 3.1363635253906250e+02 4.0186916351318359e+01
1403 3.1363635253906250e+02 3.9252334594726562e+01
1404 3.1363635253906250e+02 3.8317756652832031e+01
1405 3.1363635253906250e+02 3.7383178710937500e+01
1406 3.1363635253906250e+02 3.6448596954345703e+01
1407 3.1363635253906250e+02 3.5514019012451172e+01
1408 3.1363635253906250e+02 3.4579441070556641e+01
1409 3.1363635253906250e+02 3.3644859313964844e+01
1410 3.1363635253906250e+02 3.2710281372070312e+01
1411 3.1363635253906250e+02 3.1775701522827148e+01
1412 3.1363635253906250e+02 3.0841121673583984e+01
1413 3.1363635253906250e+02 2.9906541824340820e+01
1414 3.1363635253906250e+02 2.8971961975097656e+01
1415 3.1363635253906250e+02 2.8037384033203125e+01
1416 3.1363635253906250e+02 2.7102804183959961e+01
1417 3.1363635253906250e+02 2.6168224334716797e+01
1418 3.1363635253906250e+02 2.5233644485473633e+01
1419 3.1363635253906250e+02 2.4299064636230469e+01
1420 3.1363635253906250e+02 2.3364486694335938e+01
1421 3.1363635253906250e+02 2.2429906845092773e+01
1422 3.1363635253906250e+02 2.1495326995849609e+01
1423 3.1363635253906250e+02 2.0560747146606445e+01
1424 3.1363635253906250e+02 1.9626167297363281e+01
1425 3.1363635253906250e+02 1.8691589355468750e+01
1426 3.1363635253906250e+02 1.7757009506225586e+01
1427 3.1363635253906250e+02 1.6822429656982422e+01
1428 3.1363635253906250e+02 1.5887850761413574e+01
1429 3.1363635253906250e+02 1.4953270912170410e+01
1430 3.1363635253906250e+02 1.4018692016601562e+01
1431 3.1363635253906250e+02 1.3084112167358398e+01
1432 3.1363635253906250e+02 1.2149532318115234e+01
1433 3.1363635253906250e+02 1.1214953422546387e+01
1434 3.1363635253906250e+02 1.0280373573303223e+01
1435 3.1363635253906250e+02 9.3457946777343750e+00
1436 3.1363635253906250e+02 8.4112148284912109e+00
1437 3.1363635253906250e+02 7.4766354560852051e+00
1438 3.1363635253906250e+02 6.5420560836791992e+00
1439 3.1363635253906250e+02 5.6074767112731934e+00
1440 3.1363635253906250e+02 4.6728973388671875e+00
1441 3.1363635253906250e+02 3.7383177280426025e+00
1442 3.1363635253906250e+02 2.8037383556365967e+00
1443 3.1363635253906250e+02 1.8691588640213013e+00
1444 3.1363635253906250e+02 9.3457943201065063e-01
1445 3.1818182373046875e+02 9.9065422058105469e+01
1446 3.1818182373046875e+02 9.8130844116210938e+01
1447 3.1818182373046875e+02 9.7196258544921875e+01
1448 3.1818182373046875e+02 9.6261680603027344e+01
1449 3.1818182373046875e+02 9.5327102661132812e+01
1450 3.1818182373046875e+02 9.4392524719238281e+01
1451 3.1818182373046875e+02 9.3457946777343750e+01
1452 3.1818182373046875e+02 9.2523361206054688e+01
1453 3.1818182373046875e+02 9.1588783264160156e+01
1454 3.1818182373046875e+02 9.0654205322265625e+01
1455 3.1818182373046875e+02 8.9719627380371094e+01
1456 3.1818182373046875e+02 8.8785049438476562e+01
1457 3.1818182373046875e+02 8.7850463867187500e+01
1458 3.1818182373046875e+02 8.6915885925292969e+01
1459 3.1818182373046875e+02 8.5981307983398438e+01
1460 3.1818182373046875e+02 8.5046730041503906e+01
1461 3.1818182373046875e+02 8.4112152099609375e+01
1462 3.1818182373046875e+02 8.3177566528320312e+01
1463 3.1818182373046875e+02 8.2242988586425781e+01
1464 3.1818182373046875e+02 8.1308410644531250e+01
1465 3.1818182373046875e+02 8.0373832702636719e+01
1466 3.1818182373046875e+02 7.9439254760742188e+01
1467 3.1818182373046875e+02 7.8504669189453125e+01
1468 3.1818182373046875e+02 7.7570091247558594e+01
1469 3.1818182373046875e+02 7.6635513305664062e+01
1470 3.1818182373046875e+02 7.5700935363769531e+01
1471 3.1818182373046875e+02 7.4766357421875000e+01
1472 3.1818182373046875e+02 7.3831779479980469e+01
1473 3.1818182373046875e+02 7.2897193908691406e+01
1474 3.1818182373046875e+02 7.1962615966796875e+01
1475 3.1818182373046875e+02 7.1028038024902344e+01
1476 3.1818182373046875e+02 7.0093460083007812e+01
1477 3.1818182373046875e+02 6.9158882141113281e+01
1478 3.1818182373046875e+02 6.8224296569824219e+01
1479 3.1818182373046875e+02 6.7289718627929688e+01
1480 3.1818182373046875e+02 6.6355140686035156e+01
1481 3.1818182373046875e+02 6.5420562744140625e+01
1482 3.1818182373046875e+02 6.4485984802246094e+01
1483 3.1818182373046875e+02 6.3551403045654297e+01
1484 3.1818182373046875e+02 6.2616821289062500e+01
1485 3.1818182373046875e+02 6.1682243347167969e+01
1486 3.1818182373046875e+02 6.0747665405273438e+01
1487 3.1818182373046875e+02 5.9813083648681641e+01
1488 3.1818182373046875e+02 5.8878505706787109e+01
1489 3.1818182373046875e+02 5.7943923950195312e+01
1490 3.1818182373046875e+02 5.7009346008300781e+01
1491 3.1818182373046875e+02 5.6074768066406250e+01
1492 3.1818182373046875e+02 5.5140186309814453e+01
1493 3.1818182373046875e+02 5.4205608367919922e+01
1494 3.1818182373046875e+02 5.3271026611328125e+01
1495 3.1818182373046875e+02 5.2336448669433594e+01
1496 3.1818182373046875e+02 5.1401870727539062e+01
1497 3.1818182373046875e+02 5.0467288970947266e+01
1498 3.1818182373046875e+02 4.9532711029052734e+01
1499 3.1818182373046875e+02 4.8598129272460938e+01
1500 3.1818182373046875e+02 4.7663551330566406e+01
1501 3.1818182373046875e+02 4.6728973388671875e+01
1502 3.1818182373046875e+02 4.5794391632080078e+01
1503 3.1818182373046875e+02 4.4859813690185547e+01
1504 3.1818182373046875e+02 4.3925231933593750e+01
1505 3.1818182373046875e+02 4.2990653991699219e+01
1506 3.1818182373046875e+02 4.2056076049804688e+01
1507 3.1818182373046875e+02 4.1121494293212891e+01
1508 3.1818182373046875e+02 4.0186916351318359e+01
1509 3.1818182373046875e+02 3.9252334594726562e+01
1510 3.1818182373046875e+02 3.8317756652832031e+01
1511 3.1818182373046875e+02 3.7383178710937500e+01
1512 3.1818182373046875e+02 3.6448596954345703e+01
1513 3.1818182373046875e+02 3.5514019012451172e+01
1514 3.1818182373046875e+02 3.4579441070556641e+01
1515 3.1818182373046875e+02 3.3644859313964844e+01
1516 3.1818182373046875e+02 3.2710281372070312e+01
1517 3.1818182373046875e+02 3.1775701522827148e+01
1518 3.1818182373046875e+02 3.0841121673583984e+01
1519 3.1818182373046875e+02 2.9906541824340820e+01
1520 3.1818182373046875e+02 2.8971961975097656e+01
1521 3.1818182373046875e+02 2.8037384033203125e+01
1522 3.1818182373046875e+02 2.7102804183959961e+01
1523 3.1818182373046875e+02 2.6168224334716797e+01
1524 3.1818182373046875e+02 2.5233644485473633e+01
1525 3.1818182373046875e+02 2.4299064636230469e+01
1526 3.1818182373046875e+02 2.3364486694335938e+01
1527 3.1818182373046875e+02 2.2429906845092773e+01
1528 3.1818182373046875e+02 2.1495326995849609e+01
1529 3.1818182373046875e+02 2.0560747146606445e+01
1530 3.1818182373046875e+02 1.9626167297363281e+01
1531 3.1818182373046875e+02 1.8691589355468750e+01
1532 3.1818182373046875e+02 1.7757009506225586e+01
1533 3.1818182373046875e+02 1.6822429656982422e+01
1534 3.1818182373046875e+02 1.5887850761413574e+01
1535 3.1818182373046875e+02 1.4953270912170410e+01
1536 3.1818182373046875e+02 1.4018692016601562e+01
1537 3.1818182373046875e+02 1.3084112167358398e+01
1538 3.1818182373046875e+02 1.2149532318115234e+01
1539 3.1818182373046875e+02 1.1214953422546387e+01
1540 3.1818182373046875e+02 1.0280373573303223e+01
1541 3.1818182373046875e+02 9.3457946777343750e+00
1542 3.1818182373046875e+02 8.4112148284912109e+00
1543 3.1818182373046875e+02 7.4766354560852051e+00
1544 3.1818182373046875e+02 6.5420560836791992e+00
1545 3.1818182373046875e+02 5.6074767112731934e+00
1546 3.1818182373046875e+02 4.6728973388671875e+00
1547 3.1818182373046875e+02 3.7383177280426025e+00
1548 3.1818182373046875e+02 2.8037383556365967e+00
1549 3.1818182373046875e+02 1.8691588640213013e+00
1550 3.1818182373046875e+02 9.3457943201065063e-01
1551 3.2272726440429688e+02 9.9065422058105469e+01
1552 3.2272726440429688e+02 9.8130844116210938e+01
1553 3.2272726440429688e+02 9.7196258544921875e+01
1554 3.2272726440429688e+02 9.6261680603027344e+01
1555 3.2272726440429688e+02 9.5327102661132812e+01
1556 3.2272726440429688e+02 9.4392524719238281e+01
1557 3.2272726440429688e+02 9.3457946777343750e+01
1558 3.2272726440429688e+02 9.2523361206054688e+01
1559 3.2272726440429688e+02 9.1588783264160156e+01
1560 3.2272726440429688e+02 9.0654205322265625e+01
1561 3.2272726440429688e+02 8.9719627380371094e+01
1562 3.2272726440429688e+02 8.8785049438476562e+01
1563 3.2272726440429688e+02 8.7850463867187500e+01
1564 3.2272726440429688e+02 8.6915885925292969e+01
1565 3.2272726440429688e+02 8.5981307983398438e+01
1566 3.2272726440429688e+02 8.5046730041503906e+01
1567 3.2272726440429688e+02 8.4112152099609375e+01
1568 3.2272726440429688e+02 8.3177566528320312e+01
1569 3.2272726440429688e+02 8.2242988586425781e+01
1570 3.2272726440429688e+02 8.1308410644531250e+01
1571 3.2272726440429688e+02 8.0373832702636719e+01
1572 3.2272726440429688e+02 7.9439254760742188e+01
1573 3.2272726440429688e+02 7.8504669189453125e+01
1574 3.2272726440429688e+02 7.7570091247558594e+01
1575 3.2272726440429688e+02 7.6635513305664062e+01
1576 3.2272726440429688e+02 7.5700935363769531e+01
1577 3.2272726440429688e+02 7.4766357421875000e+01
1578 3.2272726440429688e+02 7.3831779479980469e+01
1579 3.2272726440429688e+02 7.2897193908691406e+01
1580 3.2272726440429688e+02 7.1962615966796875e+01
1581 3.2272726440429688e+02 7.1028038024902344e+01
1582 3.2272726440429688e+02 7.0093460083007812e+01
1583 3.2272726440429688e+02 6.9158882141113281e+01
1584 3.2272726440429688e+02 6.8224296569824219e+01
1585 3.2272726440429688e+02 6.7289718627929688e+01
1586 3.2272726440429688e+02 6.6355140686035156e+01
1587 3.2272726440429688e+02 6.5420562744140625e+01
1588 3.2272726440429688e+02 6.4485984802246094e+01
1589 3.2272726440429688e+02 6.3551403045654297e+01
1590 3.2272726440429688e+02 6.2616821289062500e+01
1591 3.2272726440429688e+02 6.1682243347167969e+01
1592 3.2272726440429688e+02 6.0747665405273438e+01
1593 3.2272726440429688e+02 5.9813083648681641e+01
1594 3.2272726440429688e+02 5.8878505706787109e+01
1595 3.2272726440429688e+02 5.7943923950195312e+01
1596 3.2272726440429688e+02 5.7009346008300781e+01
1597 3.2272726440429688e+02 5.6074768066406250e+01
1598 3.2272726440429688e+02 5.5140186309814453e+01
1599 3.2272726440429688e+02 5.4205608367919922e+01
1600 3.2272726440429688e+02 5.3271026611328125e+01
1601 3.2272726440429688e+02 5.2336448669433594e+01
1602 3.2272726440429688e+02 5.1401870727539062e+01
1603 3.2272726440429688e+02 5.0467288970947266e+01
1604 3.2272726440429688e+02 4.9532711029052734e+01
1605 3.2272726440429688e+02 4.8598129272460938e+01
1606 3.2272726440429688e+02 4.7663551330566406e+01
1607 3.2272726440429688e+02 4.6728973388671875e+01
1608 3.2272726440429688e+02 4.5794391632080078e+01
1609 3.2272726440429688e+02 4.4859813690185547e+01
1610 3.2272726440429688e+02 4.3925231933593750e+01
1611 3.2272726440429688e+02 4.2990653991699219e+01
1612 3.2272726440429688e+02 4.2056076049804688e+01
1613 3.2272726440429688e+02 4.1121494293212891e+01
1614 3.2272726440429688e+02 4.0186916351318359e+01
1615 3.2272726440429688e+02 3.9252334594726562e+01
1616 3.2272726440429688e+02 3.8317756652832031e+01
1617 3.2272726440429688e+02 3.7383178710937500e+01
1618 3.2272726440429688e+02 3.6448596954345703e+01
1619 3.2272726440429688e+02 3.5514019012451172e+01
1620 3.2272726440429688e+02 3.4579441070556641e+01
1621 3.2272726440429688e+02 3.3644859313964844e+01
1622 3.2272726440429688e+02 3.2710281372070312e+01
1623 3.2272726440429688e+02 3.1775701522827148e+01
1624 3.2272726440429688e+02 3.0841121673583984e+01
1625 3.2272726440429688e+02 2.9906541824340820e+01
1626 3.2272726440429688e+02 2.8971961975097656e+01
1627 3.2272726440429688e+02 2.8037384033203125e+01
1628 3.2272726440429688e+02 2.7102804183959961e+01
1629 3.2272726440429688e+02 2.6168224334716797e+01
1630 3.2272726440429688e+02 2.5233644485473633e+01
1631 3.2272726440429688e+02 2.4299064636230469e+01
1632 3.2272726440429688e+02 2.3364486694335938e+01
1633 3.2272726440429688e+02 2.2429906845092773e+01
1634 3.2272726440429688e+02 2.1495326995849609e+01
1635 3.2272726440429688e+02 2.0560747146606445e+01
1636 3.2272726440429688e+02 1.9626167297363281e+01
1637 3.2272726440429688e+02 1.8691589355468750e+01
1638 3.2272726440429688e+02 1.7757009506225586e+01
1639 3.2272726440429688e+02 1.6822429656982422e+01
1640 3.2272726440429688e+02 1.5887850761413574e+01
1641 3.2272726440429688e+02 1.4953270912170410e+01
1642 3.2272726440429688e+02 1.4018692016601562e+01
1643 3.2272726440429688e+02 1.3084112167358398e+01
1644 3.2272726440429688e+02 1.2149532318115234e+01
1645 3.2272726440429688e+02 1.1214953422546387e+01
1646 3.2272726440429688e+02 1.0280373573303223e+01
1647 3.2272726440429688e+02 9.3457946777343750e+00
1648 3.2272726440429688e+02 8.4112148284912109e+00
1649 3.2272726440429688e+02 7.4766354560852051e+00
1650 3.2272726440429688e+02 6.5420560836791992e+00
1651 3.2272726440429688e+02 5.6074767112731934e+00
1652 3.2272726440429688e+02 4.6728973388671875e+00
1653 3.2272726440429688e+02 3.7383177280426025e+00
1654 3.2272726440429688e+02 2.8037383556365967e+00
1655 3.2272726440429688e+02 1.8691588640213013e+00
1656 3.2272726440429688e+02 9.3457943201065063e-01
1657 3.2727273559570312e+02 9.9065422058105469e+01
1658 3.2727273559570312e+02 9.8130844116210938e+01
1659 3.2727273559570312e+02 9.7196258544921875e+01
1660 3.2727273559570312e+02 9.6261680603027344e+01
1661 3.2727273559570312e+02 9.5327102661132812e+01
1662 3.2727273559570312e+02 9.4392524719238281e+01
1663 3.2727273559570312e+02 9.3457946777343750e+01
1664 3.2727273559570312e+02 9.2523361206054688e+01
1665 3.2727273559570312e+02 9.1588783264160156e+01
1666 3.2727273559570312e+02 9.0654205322265625e+01
1667 3.2727273559570312e+02 8.9719627380371094e+01
1668 3.2727273559570312e+02 8.8785049438476562e+01
1669 3.2727273559570312e+02 8.7850463867187500e+01
1670 3.2727273559570312e+02 8.6915885925292969e+01
1671 3.2727273559570312e+02 8.5981307983398438e+01
1672 3.2727273559570312e+02 8.5046730041503906e+01
1673 3.2727273559570312e+02 8.4112152099609375e+01
1674 3.2727273559570312e+02 8.3177566528320312e+01
1675 3.2727273559570312e+02 8.2242988586425781e+01
1676 3.2727273559570312e+02 8.1308410644531250e+01
1677 3.2727273559570312e+02 8.0373832702636719e+01
1678 3.2727273559570312e+02 7.9439254760742188e+01
1679 3.2727273559570312e+02 7.8504669189453125e+01
1680 3.2727273559570312e+02 7.7570091247558594e+01
1681 3.2727273559570312e+02 7.6635513305664062e+01
1682 3.2727273559570312e+02 7.5700935363769531e+01
1683 3.2727273559570312e+02 7.4766357421875000e+01
1684 3.2727273559570312e+02 7.3831779479980469e+01
1685 3.2727273559570312e+02 7.2897193908691406e+01
1686 3.2727273559570312e+02 7.1962615966796875e+01
1687 3.2727273559570312e+02 7.1028038024902344e+01
1688 3.2727273559570312e+02 7.0093460083007812e+01
1689 3.2727273559570312e+02 6.9158882141113281e+01
1690 3.2727273559570312e+02 6.8224296569824219e+01
1691 3.2727273559570312e+02 6.7289718627929688e+01
1692 3.2727273559570312e+02 6.6355140686035156e+01
1693 3.2727273559570312e+02 6.5420562744140625e+01
1694 3.2727273559570312e+02 6.4485984802246094e+01
1695 3.2727273559570312e+02 6.3551403045654297e+01
1696 3.2727273559570312e+02 6.2616821289062500e+01
1697 3.2727273559570312e+02 6.1682243347167969e+01
1698 3.2727273559570312e+02 6.0747665405273438e+01
1699 3.2727273559570312e+02 5.9813083648681641e+01
1700 3.2727273559570312e+02 5.8878505706787109e+01
1701 3.2727273559570312e+02 5.7943923950195312e+01
1702 3.2727273559570312e+02 5.7009346008300781e+01
1703 3.2727273559570312e+02 5.6074768066406250e+01
1704 3.2727273559570312e+02 5.5140186309814453e+01
1705 3.2727273559570312e+02 5.4205608367919922e+01
1706 3.2727273559570312e+02 5.3271026611328125e+01
1707 3.2727273559570312e+02 5.2336448669433594e+01
1708 3.2727273559570312e+02 5.1401870727539062e+01
1709 3.2727273559570312e+02 5.0467288970947266e+01
1710 3.2727273559570312e+02 4.9532711029052734e+01
1711 3.2727273559570312e+02 4.8598129272460938e+01
1712 3.2727273559570312e+02 4.7663551330566406e+01
1713 3.2727273559570312e+02 4.6728973388671875e+01
1714 3.2727273559570312e+02 4.5794391632080078e+01
1715 3.2727273559570312e+02 4.4859813690185547e+01
1716 3.2727273559570312e+02 4.3925231933593750e+01
1717 3.2727273559570312e+02 4.2990653991699219e+01
1718 3.2727273559570312e+02 4.2056076049804688e+01
1719 3.2727273559570312e+02 4.1121494293212891e+01
1720 3.2727273559570312e+02 4.0186916351318359e+01
1721 3.2727273559570312e+02 3.9252334594726562e+01
1722 3.2727273559570312e+02 3.8317756652832031e+01
1723 3.2727273559570312e+02 3.7383178710937500e+01
1724 3.2727273559570312e+02 3.6448596954345703e+01
1725 3.2727273559570312e+02 3.5514019012451172e+01
1726 3.2727273559570312e+02 3.4579441070556641e+01
1727 3.2727273559570312e+02 3.3644859313964844e+01
1728 3.2727273559570312e+02 3.2710281372070312e+01
1729 3.2727273559570312e+02 3.1775701522827148e+01
1730 3.2727273559570312e+02 3.0841121673583984e+01
1731 3.2727273559570312e+02 2.9906541824340820e+01
1732 3.2727273559570312e+02 2.8971961975097656e+01
1733 3.2727273559570312e+02 2.8037384033203125e+01
1734 3.2727273559570312e+02 2.7102804183959961e+01
1735 3.2727273559570312e+02 2.6168224334716797e+01
1736 3.2727273559570312e+02 2.5233644485473633e+01
1737 3.2727273559570312e+02 2.4299064636230469e+01
1738 3.2727273559570312e+02 2.3364486694335938e+01
1739 3.2727273559570312e+02 2.2429906845092773e+01
1740 3.2727273559570312e+02 2.1495326995849609e+01
1741 3.2727273559570312e+02 2.0560747146606445e+01
1742 3.2727273559570312e+02 1.9626167297363281e+01
1743 3.2727273559570312e+02 1.8691589355468750e+01
1744 3.2727273559570312e+02 1.7757009506225586e+01
1745 3.2727273559570312e+02 1.6822429656982422e+01
1746 3.2727273559570312e+02 1.5887850761413574e+01
1747 3.2727273559570312e+02 1.4953270912170410e+01
1748 3.2727273559570312e+02 1.4018692016601562e+01
1749 3.2727273559570312e+02 1.3084112167358398e+01
1750 3.2727273559570312e+02 1.2149532318115234e+01
1751 3.2727273559570312e+02 1.1214953422546387e+01
1752 3.2727273559570312e+02 1.0280373573303223e+01
1753 3.2727273559570312e+02 9.3457946777343750e+00
1754 3.2727273559570312e+02 8.4112148284912109e+00
1755 3.2727273559570312e+02 7.4766354560852051e+00
1756 3.2727273559570312e+02 6.5420560836791992e+00
1757 3.2727273559570312e+02 5.6074767112731934e+00
1758 3.2727273559570312e+02 4.6728973388671875e+00
1759 3.2727273559570312e+02 3.7383177280426025e+00
1760 3.2727273559570312e+02 2.8037383556365967e+00
1761 3.2727273559570312e+02 1.8691588640213013e+00
1762 3.2727273559570312e+02 9.3457943201065063e-01
1763 3.3181817626953125e+02 9.9065422058105469e+01
1764 3.3181817626953125e+02 9.8130844116210938e+01
1765 3.3181817626953125e+02 9.7196258544921875e+01
1766 3.3181817626953125e+02 9.6261680603027344e+01
1767 3.3181817626953125e+02 9.5327102661132812e+01
1768 3.3181817626953125e+02 9.4392524719238281e+01
1769 3.3181817626953125e+02 9.3457946777343750e+01
1770 3.3181817626953125e+02 9.2523361206054688e+01
1771 3.3181817626953125e+02 9.1588783264160156e+01
1772 3.3181817626953125e+02 9.0654205322265625e+01
1773 3.3181817626953125e+02 8.9719627380371094e+01
1774 3.3181817626953125e+02 8.8785049438476562e+01
1775 3.3181817626953125e+02 8.7850463867187500e+01
1776 3.3181817626953125e+02 8.6915885925292969e+01
1777 3.3181817626953125e+02 8.5981307983398438e+01
1778 3.3181817626953125e+02 8.5046730041503906e+01
1779 3.3181817626953125e+02 8.4112152099609375e+01
1780 3.3181817626953125e+02 8.3177566528320312e+01
1781 3.3181817626953125e+02 8.2242988586425781e+01
1782 3.3181817626953125e+02 8.1308410644531250e+01
1783 3.3181817626953125e+02 8.0373832702636719e+01
1784 3.3181817626953125e+02 7.9439254760742188e+01
1785 3.3181817626953125e+02 7.8504669189453125e+01
1786 3.3181817626953125e+02 7.7570091247558594e+01
1787 3.3181817626953125e+02 7.6635513305664062e+01
1788 3.3181817626953125e+02 7.5700935363769531e+01
1789 3.3181817626953125e+02 7.4766357421875000e+01
1790 3.3181817626953125e+02 7.3831779479980469e+01
1791 3.3181817626953125e+02 7.2897193908691406e+01
1792 3.3181817626953125e+02 7.1962615966796875e+01
1793 3.3181817626953125e+02 7.1028038024902344e+01
1794 3.3181817626953125e+02 7.0093460083007812e+01
1795 3.3181817626953125e+02 6.9158882141113281e+01
1796 3.3181817626953125e+02 6.8224296569824219e+01
1797 3.3181817626953125e+02 6.7289718627929688e+01
1798 3.3181817626953125e+02 6.6355140686035156e+01
1799 3.3181817626953125e+02 6.5420562744140625e+01
1800 3.3181817626953125e+02 6.4485984802246094e+01
1801 3.3181817626953125e+02 6.3551403045654297e+01
1802 3.3181817626953125e+02 6.2616821289062500e+01
1803 3.3181817626953125e+02 6.1682243347167969e+01
1804 3.3181817626953125e+02 6.0747665405273438e+01
1805 3.3181817626953125e+02 5.9813083648681641e+01
1806 3.3181817626953125e+02 5.8878505706787109e+01
1807 3.3181817626953125e+02 5.7943923950195312e+01
1808 3.3181817626953125e+02 5.7009346008300781e+01
1809 3.3181817626953125e+02 5.6074768066406250e+01
1810 3.3181817626953125e+02 5.5140186309814453e+01
1811 3.3181817626953125e+02 5.4205608367919922e+01
1812 3.3181817626953125e+02 5.3271026611328125e+01
1813 3.3181817626953125e+02 5.2336448669433594e+01
1814 3.3181817626953125e+02 5.1401870727539062e+01
1815 3.3181817626953125e+02 5.0467288970947266e+01
1816 3.3181817626953125e+02 4.9532711029052734e+01
1817 3.3181817626953125e+02 4.8598129272460938e+01
1818 3.3181817626953125e+02 4.7663551330566406e+01
1819 3.3181817626953125e+02 4.6728973388671875e+01
1820 3.3181817626953125e+02 4.5794391632080078e+01
1821 3.3181817626953125e+02 4.4859813690185547e+01
1822 3.3181817626953125e+02 4.3925231933593750e+01
1823 3.3181817626953125e+02 4.2990653991699219e+01
1824 3.3181817626953125e+02 4.2056076049804688e+01
1825 3.3181817626953125e+02 4.1121494293212891e+01
1826 3.3181817626953125e+02 4.0186916351318359e+01
1827 3.3181817626953125e+02 3.9252334594726562e+01
1828 3.3181817626953125e+02 3.8317756652832031e+01
1829 3.3181817626953125e+02 3.7383178710937500e+01
1830 3.3181817626953125e+02 3.6448596954345703e+01
1831 3.3181817626953125e+02 3.5514019012451172e+01
1832 3.3181817626953125e+02 3.4579441070556641e+01
1833 3.3181817626953125e+02 3.3644859313964844e+01
1834 3.3181817626953125e+02 3.2710281372070312e+01
1835 3.3181817626953125e+02 3.1775701522827148e+01
1836 3.3181817626953125e+02 3.0841121673583984e+01
1837 3.3181817626953125e+02 2.9906541824340820e+01
1838 3.3181817626953125e+02 2.8971961975097656e+01
1839 3.3181817626953125e+02 2.8037384033203125e+01
1840 3.3181817626953125e+02 2.7102804183959961e+01
1841 3.3181817626953125e+02 2.6168224334716797e+01
1842 3.3181817626953125e+02 2.5233644485473633e+01
1843 3.3181817626953125e+02 2.4299064636230469e+01
1844 3.3181817626953125e+02 2.3364486694335938e+01
1845 3.3181817626953125e+02 2.2429906845092773e+01
1846 3.3181817626953125e+02 2.1495326995849609e+01
1847 3.3181817626953125e+02 2.0560747146606445e+01
1848 3.3181817626953125e+02 1.9626167297363281e+01
1849 3.3181817626953125e+02 1.8691589355468750e+01
1850 3.3181817626953125e+02 1.7757009506225586e+01
1851 3.3181817626953125e+02 1.6822429656982422e+01
1852 3.3181817626953125e+02 1.5887850761413574e+01
1853 3.3181817626953125e+02 1.4953270912170410e+01
1854 3.3181817626953125e+02 1.4018692016601562e+01
1855 3.3181817626953125e+02 1.3084112167358398e+01
1856 3.3181817626953125e+02 1.2149532318115234e+01
1857 3.3181817626953125e+02 1.1214953422546387e+01
1858 3.3181817626953125e+02 1.0280373573303223e+01
1859 3.3181817626953125e+02 9.3457946777343750e+00
1860 3.3181817626953125e+02 8.4112148284912109e+00
1861 3.3181817626953125e+02 7.4766354560852051e+00
1862 3.3181817626953125e+02 6.5420560836791992e+00
1863 3.3181817626953125e+02 5.6074767112731934e+00
1864 3.3181817626953125e+02 4.6728973388671875e+00
1865 3.3181817626953125e+02 3.7383177280426025e+00
1866 3.3181817626953125e+02 2.8037383556365967e+00
1867 3.3181817626953125e+02 1.8691588640213013e+00
1868 3.3181817626953125e+02 9.3457943201065063e-01
1869 3.3636364746093750e+02 9.9065422058105469e+01
1870 3.3636364746093750e+02 9.8130844116210938e+01
1871 3.3636364746093750e+02 9.7196258544921875e+01
1872 3.3636364746093750e+02 9.6261680603027344e+01
1873 3.3636364746093750e+02 9.5327102661132812e+01
1874 3.3636364746093750e+02 9.4392524719238281e+01
1875 3.3636364746093750e+02 9.3457946777343750e+01
1876 3.3636364746093750e+02 9.2523361206054688e+01
1877 3.3636364746093750e+02 9.1588783264160156e+01
1878 3.3636364746093750e+02 9.0654205322265625e+01
1879 3.3636364746093750e+02 8.9719627380371094e+01
1880 3.3636364746093750e+02 8.8785049438476562e+01
1881 3.3636364746093750e+02 8.7850463867187500e+01
1882 3.3636364746093750e+02 8.6915885925292969e+01
1883 3.3636364746093750e+02 8.5981307983398438e+01
1884 3.3636364746093750e+02 8.5046730041503906e+01
1885 3.3636364746093750e+02 8.4112152099609375e+01
1886 3.3636364746093750e+02 8.3177566528320312e+01
1887 3.3636364746093750e+02 8.2242988586425781e+01
1888 3.3636364746093750e+02 8.1308410644531250e+01
1889 3.3636364746093750e+02 8.0373832702636719e+01
1890 3.3636364746093750e+02 7.9439254760742188e+01
1891 3.3636364746093750e+02 7.8504669189453125e+01
1892 3.3636364746093750e+02 7.7570091247558594e+01
1893 3.3636364746093750e+02 7.6635513305664062e+01
1894 3.3636364746093750e+02 7.5700935363769531e+01
1895 3.3636364746093750e+02 7.4766357421875000e+01
1896 3.3636364746093750e+02 7.3831779479980469e+01
1897 3.3636364746093750e+02 7.2897193908691406e+01
1898 3.3636364746093750e+02 7.1962615966796875e+01
1899 3.3636364746093750e+02 7.1028038024902344e+01
1900 3.3636364746093750e+02 7.0093460083007812e+01
1901 3.3636364746093750e+02 6.9158882141113281e+01
1902 3.3636364746093750e+02 6.8224296569824219e+01
1903 3.3636364746093750e+02 6.7289718627929688e+01
1904 3.3636364746093750e+02 6.6355140686035156e+01
1905 3.3636364746093750e+02 6.5420562744140625e+01
1906 3.3636364746093750e+02 6.4485984802246094e+01
1907 3.3636364746093750e+02 6.3551403045654297e+01
1908 3.3636364746093750e+02 6.2616821289062500e+01
1909 3.3636364746093750e+02 6.1682243347167969e+01
1910 3.3636364746093750e+02 6.0747665405273438e+01
1911 3.3636364746093750e+02 5.9813083648681641e+01
1912 3.3636364746093750e+02 5.8878505706787109e+01
1913 3.3636364746093750e+02 5.7943923950195312e+01
1914 3.3636364746093750e+02 5.7009346008300781e+01
1915 3.3636364746093750e+02 5.6074768066406250e+01
1916 3.3636364746093750e+02 5.5140186309814453e+01
1917 3.3636364746093750e+02 5.4205608367919922e+01
1918 3.3636364746093750e+02 5.3271026611328125e+01
1919 3.3636364746093750e+02 5.2336448669433594e+01
1920 3.3636364746093750e+02 5.1401870727539062e+01
1921 3.3636364746093750e+02 5.0467288970947266e+01
1922 3.3636364746093750e+02 4.9532711029052734e+01
1923 3.3636364746093750e+02 4.8598129272460938e+01
1924 3.3636364746093750e+02 4.7663551330566406e+01
1925 3.3636364746093750e+02 4.6728973388671875e+01
1926 3.3636364746093750e+02 4.5794391632080078e+01
1927 3.3636364746093750e+02 4.4859813690185547e+01
1928 3.3636364746093750e+02 4.3925231933593750e+01
1929 3.3636364746093750e+02 4.2990653991699219e+01
1930 3.3636364746093750e+02 4.2056076049804688e+01
1931 3.3636364746093750e+02 4.1121494293212891e+01
1932 3.3636364746093750e+02 4.0186916351318359e+01
1933 3.3636364746093750e+02 3.9252334594726562e+01
1934 3.3636364746093750e+02 3.8317756652832031e+01
1935 3.3636364746093750e+02 3.7383178710937500e+01
1936 3.3636364746093750e+02 3.6448596954345703e+01
1937 3.3636364746093750e+02 3.5514019012451172e+01
1938 3.3636364746093750e+02 3.4579441070556641e+01
1939 3.3636364746093750e+02 3.3644859313964844e+01
1940 3.3636364746093750e+02 3.2710281372070312e+01
1941 3.3636364746093750e+02 3.1775701522827148e+01
1942 3.3636364746093750e+02 3.0841121673583984e+01
1943 3.3636364746093750e+02 2.9906541824340820e+01
1944 3.3636364746093750e+02 2.8971961975097656e+01
1945 3.3636364746093750e+02 2.8037384033203125e+01
1946 3.3636364746093750e+02 2.7102804183959961e+01
1947 3.3636364746093750e+02 2.6168224334716797e+01
1948 3.3636364746093750e+02 2.5233644485473633e+01
1949 3.3636364746093750e+02 2.4299064636230469e+01
1950 3.3636364746093750e+02 2.3364486694335938e+01
1951 3.3636364746093750e+02 2.2429906845092773e+01
1952 3.3636364746093750e+02 2.1495326995849609e+01
1953 3.3636364746093750e+02 2.0560747146606445e+01
1954 3.3636364746093750e+02 1.9626167297363281e+01
1955 3.3636364746093750e+02 1.8691589355468750e+01
1956 3.3636364746093750e+02 1.7757009506225586e+01
1957 3.3636364746093750e+02 1.6822429656982422e+01
1958 3.3636364746093750e+02 1.5887850761413574e+01
1959 3.3636364746093750e+02 1.4953270912170410e+01
1960 3.3636364746093750e+02 1.4018692016601562e+01
1961 3.3636364746093750e+02 1.3084112167358398e+01
1962 3.3636364746093750e+02 1.2149532318115234e+01
1963 3.3636364746093750e+02 1.1214953422546387e+01
1964 3.3636364746093750e+02 1.0280373573303223e+01
1965 3.3636364746093750e+02 9.3457946777343750e+00
1966 3.3636364746093750e+02 8.4112148284912109e+00
1967 3.3636364746093750e+02 7.4766354560852051e+00
1968 3.3636364746093750e+02 6.5420560836791992e+00
1969 3.3636364746093750e+02 5.6074767112731934e+00
1970 3.3636364746093750e+02 4.6728973388671875e+00
1971 3.3636364746093750e+02 3.7383177280426025e+00
1972 3.3636364746093750e+02 2.8037383556365967e+00
1973 3.3636364746093750e+02 1.8691588640213013e+00
1974 3.3636364746093750e+02 9.3457943201065063e-01
1975 3.4090908813476562e+02 9.9065422058105469e+01
1976 3.4090908813476562e+02 9.8130844116210938e+01
1977 3.4090908813476562e+02 9.7196258544921875e+01
1978 3.4090908813476562e+02 9.6261680603027344e+01
1979 3.4090908813476562e+02 9.5327102661132812e+01
1980 3.4090908813476562e+02 9.4392524719238281e+01
1981 3.4090908813476562e+02 9.3457946777343750e+01
1982 3.4090908813476562e+02 9.2523361206054688e+01
1983 3.4090908813476562e+02 9.1588783264160156e+01
1984 3.4090908813476562e+02 9.0654205322265625e+01
1985 3.4090908813476562e+02 8.9719627380371094e+01
1986 3.4090908813476562e+02 8.8785049438476562e+01
1987 3.4090908813476562e+02 8.7850463867187500e+01
1988 3.4090908813476562e+02 8.6915885925292969e+01
1989 3.4090908813476562e+02 8.5981307983398438e+01
1990 3.4090908813476562e+02 8.5046730041503906e+01
1991 3.4090908813476562e+02 8.4112152099609375e+01
1992 3.4090908813476562e+02 8.3177566528320312e+01
1993 3.4090908813476562e+02 8.2242988586425781e+01
1994 3.4090908813476562e+02 8.1308410644531250e+01
1995 3.4090908813476562e+02 8.0373832702636719e+01
1996 3.4090908813476562e+02 7.9439254760742188e+01
1997 3.4090908813476562e+02 7.8504669189453125e+01
1998 3.4090908813476562e+02 7.7570091247558594e+01
1999 3.4090908813476562e+02 7.6635513305664062e+01
2000 3.4090908813476562e+02 7.5700935363769531e+01
2001 3.4090908813476562e+02 7.4766357421875000e+01
2002 3.4090908813476562e+02 7.3831779479980469e+01
2003 3.4090908813476562e+02 7.2897193908691406e+01
2004 3.4090908813476562e+02 7.1962615966796875e+01
2005 3.4090908813476562e+02 7.1028038024902344e+01
2006 3.4090908813476562e+02 7.0093460083007812e+01
2007 3.4090908813476562e+02 6.9158882141113281e+01
2008 3.4090908813476562e+02 6.8224296569824219e+01
2009 3.4090908813476562e+02 6.7289718627929688e+01
2010 3.4090908813476562e+02 6.6355140686035156e+01
2011 3.4090908813476562e+02 6.5420562744140625e+01
2012 3.4090908813476562e+02 6.4485984802246094e+01
2013 3.4090908813476562e+02 6.3551403045654297e+01
2014 3.4090908813476562e+02 6.2616821289062500e+01
2015 3.4090908813476562e+02 6.1682243347167969e+01
2016 3.4090908813476562e+02 6.0747665405273438e+01
2017 3.4090908813476562e+02 5.9813083648681641e+01
2018 3.4090908813476562e+02 5.8878505706787109e+01
2019 3.4090908813476562e+02 5.7943923950195312e+01
2020 3.4090908813476562e+02 5.7009346008300781e+01
2021 3.4090908813476562e+02 5.6074768066406250e+01
2022 3.4090908813476562e+02 5.5140186309814453e+01
2023 3.4090908813476562e+02 5.4205608367919922e+01
2024 3.4090908813476562e+02 5.3271026611328125e+01
2025 3.4090908813476562e+02 5.2336448669433594e+01
2026 3.4090908813476562e+02 5.1401870727539062e+01
2027 3.4090908813476562e+02 5.0467288970947266e+01
2028 3.4090908813476562e+02 4.9532711029052734e+01
2029 3.4090908813476562e+02 4.8598129272460938e+01
2030 3.4090908813476562e+02 4.7663551330566406e+01
2031 3.4090908813476562e+02 4.6728973388671875e+01
2032 3.4090908813476562e+02 4.5794391632080078e+01
2033 3.4090908813476562e+02 4.4859813690185547e+01
2034 3.4090908813476562e+02 4.3925231933593750e+01
2035 3.4090908813476562e+02 4.2990653991699219e+01
2036 3.4090908813476562e+02 4.2056076049804688e+01
2037 3.4090908813476562e+02 4.1121494293212891e+01
2038 3.4090908813476562e+02 4.0186916351318359e+01
2039 3.4090908813476562e+02 3.9252334594726562e+01
2040 3.4090908813476562e+02 3.8317756652832031e+01
2041 3.4090908813476562e+02 3.7383178710937500e+01
2042 3.4090908813476562e+02 3.6448596954345703e+01
2043 3.4090908813476562e+02 3.5514019012451172e+01
2044 3.4090908813476562e+02 3.4579441070556641e+01
2045 3.4090908813476562e+02 3.3644859313964844e+01
2046 3.4090908813476562e+02 3.2710281372070312e+01
2047 3.4090908813476562e+02 3.1775701522827148e+01
2048 3.4090908813476562e+02 3.0841121673583984e+01
2049 3.4090908813476562e+02 2.9906541824340820e+01
2050 3.4090908813476562e+02 2.8971961975097656e+01
2051 3.4090908813476562e+02 2.8037384033203125e+01
2052 3.4090908813476562e+02 2.7102804183959961e+01
2053 3.4090908813476562e+02 2.6168224334716797e+01
2054 3.4090908813476562e+02 2.5233644485473633e+01
2055 3.4090908813476562e+02 2.4299064636230469e+01
2056 3.4090908813476562e+02 2.3364486694335938e+01
2057 3.4090908813476562e+02 2.2429906845092773e+01
2058 3.4090908813476562e+02 2.1495326995849609e+01
2059 3.4090908813476562e+02 2.0560747146606445e+01
2060 3.4090908813476562e+02 1.9626167297363281e+01
2061 3.4090908813476562e+02 1.8691589355468750e+01
2062 3.4090908813476562e+02 1.7757009506225586e+01
2063 3.4090908813476562e+02 1.6822429656982422e+01
2064 3.4090908813476562e+02 1.5887850761413574e+01
2065 3.4090908813476562e+02 1.4953270912170410e+01
2066 3.4090908813476562e+02 1.4018692016601562e+01
2067 3.4090908813476562e+02 1.3084112167358398e+01
2068 3.4090908813476562e+02 1.2149532318115234e+01
2069 3.4090908813476562e+02 1.1214953422546387e+01
2070 3.4090908813476562e+02 1.0280373573303223e+01
2071 3.4090908813476562e+02 9.3457946777343750e+00
2072 3.4090908813476562e+02 8.4112148284912109e+00
2073 3.4090908813476562e+02 7.4766354560852051e+00
2074 3.4090908813476562e+02 6.5420560836791992e+00
2075 3.4090908813476562e+02 5.6074767112731934e+00
2076 3.4090908813476562e+02 4.6728973388671875e+00
2077 3.4090908813476562e+02 3.7383177280426025e+00
2078 3.4090908813476562e+02 2.8037383556365967e+00
2079 3.4090908813476562e+02 1.8691588640213013e+00
2080 3.4090908813476562e+02 9.3457943201065063e-01
2081 3.4545455932617188e+02 9.9065422058105469e+01
2082 3.4545455932617188e+02 9.8130844116210938e+01
2083 3.4545455932617188e+02 9.7196258544921875e+01
2084 3.4545455932617188e+02 9.6261680603027344e+01
2085 3.4545455932617188e+02 9.5327102661132812e+01
2086 3.4545455932617188e+02 9.4392524719238281e+01
2087 3.4545455932617188e+02 9.3457946777343750e+01
2088 3.4545455932617188e+02 9.2523361206054688e+01
2089 3.4545455932617188e+02 9.1588783264160156e+01
2090 3.4545455932617188e+02 9.0654205322265625e+01
2091 3.4545455932617188e+02 8.9719627380371094e+01
2092 3.4545455932617188e+02 8.8785049438476562e+01
2093 3.4545455932617188e+02 8.7850463867187500e+01
2094 3.4545455932617188e+02 8.6915885925292969e+01
2095 3.4545455932617188e+02 8.5981307983398438e+01
2096 3.4545455932617188e+02 8.5046730041503906e+01
2097 3.4545455932617188e+02 8.4112152099609375e+01
2098 3.4545455932617188e+02 8.3177566528320312e+01
2099 3.4545455932617188e+02 8.2242988586425781e+01
2100 3.4545455932617188e+02 8.1308410644531250e+01
2101 3.4545455932617188e+02 8.0373832702636719e+01
2102 3.4545455932617188e+02 7.9439254760742188e+01
2103 3.4545455932617188e+02 7.8504669189453125e+01
2104 3.4545455932617188e+02 7.7570091247558594e+01
2105 3.4545455932617188e+02 7.6635513305664062e+01
2106 3.4545455932617188e+02 7.5700935363769531e+01
2107 3.4545455932617188e+02 7.4766357421875000e+01
2108 3.4545455932617188e+02 7.3831779479980469e+01
2109 3.4545455932617188e+02 7.2897193908691406e+01
2110 3.4545455932617188e+02 7.1962615966796875e+01
2111 3.4545455932617188e+02 7.1028038024902344e+01
2112 3.4545455932617188e+02 7.0093460083007812e+01
2113 3.4545455932617188e+02 6.9158882141113281e+01
2114 3.4545455932617188e+02 6.8224296569824219e+01
2115 3.4545455932617188e+02 6.7289718627929688e+01
2116 3.4545455932617188e+02 6.6355140686035156e+01
2117 3.4545455932617188e+02 6.5420562744140625e+01
2118 3.4545455932617188e+02 6.4485984802246094e+01
2119 3.4545455932617188e+02 6.3551403045654297e+01
2120 3.4545455932617188e+02 6.2616821289062500e+01
2121 3.4545455932617188e+02 6.1682243347167969e+01
2122 3.4545455932617188e+02 6.0747665405273438e+01
2123 3.4545455932617188e+02 5.9813083648681641e+01
2124 3.4545455932617188e+02 5.8878505706787109e+01
2125 3.4545455932617188e+02 5.7943923950195312e+01
2126 3.4545455932617188e+02 5.7009346008300781e+01
2127 3.4545455932617188e+02 5.6074768066406250e+01
2128 3.4545455932617188e+02 5.5140186309814453e+01
2129 3.4545455932617188e+02 5.4205608367919922e+01
2130 3.4545455932617188e+02 5.3271026611328125e+01
2131 3.4545455932617188e+02 5.2336448669433594e+01
2132 3.4545455932617188e+02 5.1401870727539062e+01
2133 3.4545455932617188e+02 5.0467288970947266e+01
2134 3.4545455932617188e+02 4.9532711029052734e+01
2135 3.4545455932617188e+02 4.8598129272460938e+01
2136 3.4545455932617188e+02 4.7663551330566406e+01
2137 3.4545455932617188e+02 4.6728973388671875e+01
2138 3.4545455932617188e+02 4.5794391632080078e+01
2139 3.4545455932617188e+02 4.4859813690185547e+01
2140 3.4545455932617188e+02 4.3925231933593750e+01
2141 3.4545455932617188e+02 4.2990653991699219e+01
2142 3.4545455932617188e+02 4.2056076049804688e+01
2143 3.4545455932617188e+02 4.1121494293212891e+01
2144 3.4545455932617188e+02 4.0186916351318359e+01
2145 3.4545455932617188e+02 3.9252334594726562e+01
2146 3.4545455932617188e+02 3.8317756652832031e+01
2147 3.4545455932617188e+02 3.7383178710937500e+01
2148 3.4545455932617188e+02 3.6448596954345703e+01
2149 3.4545455932617188e+02 3.5514019012451172e+01
2150 3.4545455932617188e+02 3.4579441070556641e+01
2151 3.4545455932617188e+02 3.3644859313964844e+01
2152 3.4545455932617188e+02 3.2710281372070312e+01
2153 3.4545455932617188e+02 3.1775701522827148e+01
2154 3.4545455932617188e+02 3.0841121673583984e+01
2155 3.4545455932617188e+02 2.9906541824340820e+01
2156 3.4545455932617188e+02 2.8971961975097656e+01
2157 3.4545455932617188e+02 2.8037384033203125e+01
2158 3.4545455932617188e+02 2.7102804183959961e+01
2159 3.4545455932617188e+02 2.6168224334716797e+01
2160 3.4545455932617188e+02 2.5233644485473633e+01
2161 3.4545455932617188e+02 2.4299064636230469e+01
2162 3.4545455932617188e+02 2.3364486694335938e+01
2163 3.4545455932617188e+02 2.2429906845092773e+01
2164 3.4545455932617188e+02 2.1495326995849609e+01
2165 3.4545455932617188e+02 2.0560747146606445e+01
2166 3.4545455932617188e+02 1.9626167297363281e+01
2167 3.4545455932617188e+02 1.8691589355468750e+01
2168 3.4545455932617188e+02 1.7757009506225586e+01
2169 3.4545455932617188e+02 1.6822429656982422e+01
2170 3.4545455932617188e+02 1.5887850761413574e+01
2171 3.4545455932617188e+02 1.4953270912170410e+01
2172 3.4545455932617188e+02 1.4018692016601562e+01
2173 3.4545455932617188e+02 1.3084112167358398e+01
2174 3.4545455932617188e+02 1.2149532318115234e+01
2175 3.4545455932617188e+02 1.1214953422546387e+01
2176 3.4545455932617188e+02 1.0280373573303223e+01
2177 3.4545455932617188e+02 9.3457946777343750e+00
2178 3.4545455932617188e+02 8.4112148284912109e+00
2179 3.4545455932617188e+02 7.4766354560852051e+00
2180 3.4545455932617188e+02 6.5420560836791992e+00
2181 3.4545455932617188e+02 5.6074767112731934e+00
2182 3.4545455932617188e+02 4.6728973388671875e+00
2183 3.4545455932617188e+02 3.7383177280426025e+00
2184 3.4545455932617188e+02 2.8037383556365967e+00
2185 3.4545455932617188e+02 1.8691588640213013e+00
2186 3.4545455932617188e+02 9.3457943201065063e-01
2187 2.0476190185546875e+02 9.9065422058105469e+01
2188 2.0476190185546875e+02 9.8130844116210938e+01
2189 2.0476190185546875e+02 9.7196258544921875e+01
2190 2.0476190185546875e+02 9.6261680603027344e+01
2191 2.0476190185546875e+02 9.5327102661132812e+01
2192 2.0476190185546875e+02 9.4392524719238281e+01
2193 2.0476190185546875e+02 9.3457946777343750e+01
2194 2.0476190185546875e+02 9.2523361206054688e+01
2195 2.0476190185546875e+02 9.1588783264160156e+01
2196 2.0476190185546875e+02 9.0654205322265625e+01
2197 2.0476190185546875e+02 8.9719627380371094e+01
2198 2.0476190185546875e+02 8.8785049438476562e+01
2199 2.0476190185546875e+02 8.7850463867187500e+01
2200 2.0476190185546875e+02 8.6915885925292969e+01
2201 2.0476190185546875e+02 8.5981307983398438e+01
2202 2.0476190185546875e+02 8.5046730041503906e+01
2203 2.0476190185546875e+02 8.4112152099609375e+01
2204 2.0476190185546875e+02 8.3177566528320312e+01
2205 2.0476190185546875e+02 8.2242988586425781e+01
2206 2.0476190185546875e+02 8.1308410644531250e+01
2207 2.0476190185546875e+02 8.0373832702636719e+01
2208 2.0476190185546875e+02 7.9439254760742188e+01
2209 2.0476190185546875e+02 7.8504669189453125e+01
2210 2.0476190185546875e+02 7.7570091247558594e+01
2211 2.0476190185546875e+02 7.6635513305664062e+01
2212 2.0476190185546875e+02 7.5700935363769531e+01
2213 2.0476190185546875e+02 7.4766357421875000e+01
2214 2.0476190185546875e+02 7.3831779479980469e+01
2215 2.0476190185546875e+02 7.2897193908691406e+01
2216 2.0476190185546875e+02 7.1962615966796875e+01
2217 2.0476190185546875e+02 7.1028038024902344e+01
2218 2.0476190185546875e+02 7.0093460083007812e+01
2219 2.0476190185546875e+02 6.9158882141113281e+01
2220 2.0476190185546875e+02 6.8224296569824219e+01
2221 2.0476190185546875e+02 6.7289718627929688e+01
2222 2.0476190185546875e+02 6.6355140686035156e+01
2223 2.0476190185546875e+02 6.5420562744140625e+01
2224 2.0476190185546875e+02 6.4485984802246094e+01
2225 2.0476190185546875e+02 6.3551403045654297e+01
2226 2.0476190185546875e+02 6.2616821289062500e+01
2227 2.0476190185546875e+02 6.1682243347167969e+01
2228 2.0476190185546875e+02 6.0747665405273438e+01
2229 2.0476190185546875e+02 5.9813083648681641e+01
2230 2.0476190185546875e+02 5.8878505706787109e+01
2231 2.0476190185546875e+02 5.7943923950195312e+01
2232 2.0476190185546875e+02 5.7009346008300781e+01
2233 2.0476190185546875e+02 5.6074768066406250e+01
2234 2.0476190185546875e+02 5.5140186309814453e+01
2235 2.0476190185546875e+02 5.4205608367919922e+01
2236 2.0476190185546875e+02 5.3271026611328125e+01
2237 2.0476190185546875e+02 5.2336448669433594e+01
2238 2.0476190185546875e+02 5.1401870727539062e+01
2239 2.0476190185546875e+02 5.0467288970947266e+01
2240 2.0476190185546875e+02 4.9532711029052734e+01
2241 2.0476190185546875e+02 4.8598129272460938e+01
2242 2.0476190185546875e+02 4.7663551330566406e+01
2243 2.0476190185546875e+02 4.6728973388671875e+01
2244 2.0476190185546875e+02 4.5794391632080078e+01
2245 2.0476190185546875e+02 4.4859813690185547e+01
2246 2.0476190185546875e+02 4.3925231933593750e+01
2247 2.0476190185546875e+02 4.2990653991699219e+01
2248 2.0476190185546875e+02 4.2056076049804688e+01
2249 2.0476190185546875e+02 4.1121494293212891e+01
2250 2.0476190185546875e+02 4.0186916351318359e+01
2251 2.0476190185546875e+02 3.9252334594726562e+01
2252 2.0476190185546875e+02 3.8317756652832031e+01
2253 2.0476190185546875e+02 3.7383178710937500e+01
2254 2.0476190185546875e+02 3.6448596954345703e+01
2255 2.0476190185546875e+02 3.5514019012451172e+01
2256 2.0476190185546875e+02 3.4579441070556641e+01
2257 2.0476190185546875e+02 3.3644859313964844e+01
2258 2.0476190185546875e+02 3.2710281372070312e+01
2259 2.0476190185546875e+02 3.1775701522827148e+01
2260 2.0476190185546875e+02 3.0841121673583984e+01
2261 2.0476190185546875e+02 2.9906541824340820e+01
2262 2.0476190185546875e+02 2.8971961975097656e+01
2263 2.0476190185546875e+02 2.8037384033203125e+01
2264 2.0476190185546875e+02 2.7102804183959961e+01
2265 2.0476190185546875e+02 2.6168224334716797e+01
2266 2.0476190185546875e+02 2.5233644485473633e+01
2267 2.0476190185546875e+02 2.4299064636230469e+01
2268 2.0476190185546875e+02 2.3364486694335938e+01
2269 2.0476190185546875e+02 2.2429906845092773e+01
2270 2.0476190185546875e+02 2.1495326995849609e+01
2271 2.0476190185546875e+02 2.0560747146606445e+01
2272 2.0476190185546875e+02 1.9626167297363281e+01
2273 2.0476190185546875e+02 1.8691589355468750e+01
2274 2.0476190185546875e+02 1.7757009506225586e+01
2275 2.0476190185546875e+02 1.6822429656982422e+01
2276 2.0476190185546875e+02 1.5887850761413574e+01
2277 2.0476190185546875e+02 1.4953270912170410e+01
2278 2.0476190185546875e+02 1.4018692016601562e+01
2279 2.0476190185546875e+02 1.3084112167358398e+01
2280 2.0476190185546875e+02 1.2149532318115234e+01
2281 2.0476190185546875e+02 1.1214953422546387e+01
2282 2.0476190185546875e+02 1.0280373573303223e+01
2283 2.0476190185546875e+02 9.3457946777343750e+00
2284 2.0476190185546875e+02 8.4112148284912109e+00
2285 2.0476190185546875e+02 7.4766354560852051e+00
2286 2.0476190185546875e+02 6.5420560836791992e+00
2287 2.0476190185546875e+02 5.6074767112731934e+00
2288 2.0476190185546875e+02 4.6728973388671875e+00
2289 2.0476190185546875e+02 3.7383177280426025e+00
2290 2.0476190185546875e+02 2.8037383556365967e+00
2291 2.0476190185546875e+02 1.8691588640213013e+00
2292 2.0476190185546875e+02 9.3457943201065063e-01
2293 2.0952380371093750e+02 9.9065422058105469e+01
2294 2.0952380371093750e+02 9.8130844116210938e+01
2295 2.0952380371093750e+02 9.7196258544921875e+01
2296 2.0952380371093750e+02 9.6261680603027344e+01
2297 2.0952380371093750e+02 9.5327102661132812e+01
2298 2.0952380371093750e+02 9.4392524719238281e+01
2299 2.0952380371093750e+02 9.3457946777343750e+01
2300 2.0952380371093750e+02 9.2523361206054688e+01
2301 2.0952380371093750e+02 9.1588783264160156e+01
2302 2.0952380371093750e+02 9.0654205322265625e+01
2303 2.0952380371093750e+02 8.9719627380371094e+01
2304 2.0952380371093750e+02 8.8785049438476562e+01
2305 2.0952380371093750e+02 8.7850463867187500e+01
2306 2.0952380371093750e+02 8.6915885925292969e+01
2307 2.0952380371093750e+02 8.5981307983398438e+01
2308 2.0952380371093750e+02 8.5046730041503906e+01
2309 2.0952380371093750e+02 8.4112152099609375e+01
2310 2.0952380371093750e+02 8.3177566528320312e+01
2311 2.0952380371093750e+02 8.2242988586425781e+01
2312 2.0952380371093750e+02 8.1308410644531250e+01
2313 2.0952380371093750e+02 8.0373832702636719e+01
2314 2.0952380371093750e+02 7.9439254760742188e+01
2315 2.0952380371093750e+02 7.8504669189453125e+01
2316 2.0952380371093750e+02 7.7570091247558594e+01
2317 2.0952380371093750e+02 7.6635513305664062e+01
2318 2.0952380371093750e+02 7.5700935363769531e+01
2319 2.0952380371093750e+02 7.4766357421875000e+01
2320 2.0952380371093750e+02 7.3831779479980469e+01
2321 2.0952380371093750e+02 7.2897193908691406e+01
2322 2.0952380371093750e+02 7.1962615966796875e+01
2323 2.0952380371093750e+02 7.1028038024902344e+01
2324 2.0952380371093750e+02 7.0093460083007812e+01
2325 2.0952380371093750e+02 6.9158882141113281e+01
2326 2.0952380371093750e+02 6.8224296569824219e+01
2327 2.0952380371093750e+02 6.7289718627929688e+01
2328 2.0952380371093750e+02 6.6355140686035156e+01
2329 2.0952380371093750e+02 6.5420562744140625e+01
2330 2.0952380371093750e+02 6.4485984802246094e+01
2331 2.0952380371093750e+02 6.3551403045654297e+01
2332 2.0952380371093750e+02 6.2616821289062500e+01
2333 2.0952380371093750e+02 6.1682243347167969e+01
2334 2.0952380371093750e+02 6.0747665405273438e+01
2335 2.0952380371093750e+02 5.9813083648681641e+01
2336 2.0952380371093750e+02 5.8878505706787109e+01
2337 2.0952380371093750e+02 5.7943923950195312e+01
2338 2.0952380371093750e+02 5.7009346008300781e+01
2339 2.0952380371093750e+02 5.6074768066406250e+01
2340 2.0952380371093750e+02 5.5140186309814453e+01
2341 2.0952380371093750e+02 5.4205608367919922e+01
2342 2.0952380371093750e+02 5.3271026611328125e+01
2343 2.0952380371093750e+02 5.2336448669433594e+01
2344 2.0952380371093750e+02 5.1401870727539062e+01
2345 2.0952380371093750e+02 5.0467288970947266e+01
2346 2.0952380371093750e+02 4.9532711029052734e+01
2347 2.0952380371093750e+02 4.8598129272460938e+01
2348 2.0952380371093750e+02 4.7663551330566406e+01
2349 2.0952380371093750e+02 4.6728973388671875e+01
2350 2.0952380371093750e+02 4.5794391632080078e+01
2351 2.0952380371093750e+02 4.4859813690185547e+01
2352 2.0952380371093750e+02 4.3925231933593750e+01
2353 2.0952380371093750e+02 4.2990653991699219e+01
2354 2.0952380371093750e+02 4.2056076049804688e+01
2355 2.0952380371093750e+02 4.1121494293212891e+01
2356 2.0952380371093750e+02 4.0186916351318359e+01
2357 2.0952380371093750e+02 3.9252334594726562e+01
2358 2.0952380371093750e+02 3.8317756652832031e+01
2359 2.0952380371093750e+02 3.7383178710937500e+01
2360 2.0952380371093750e+02 3.6448596954345703e+01
2361 2.0952380371093750e+02 3.5514019012451172e+01
2362 2.0952380371093750e+02 3.4579441070556641e+01
2363 2.0952380371093750e+02 3.3644859313964844e+01
2364 2.0952380371093750e+02 3.2710281372070312e+01
2365 2.0952380371093750e+02 3.1775701522827148e+01
2366 2.0952380371093750e+02 3.0841121673583984e+01
2367 2.0952380371093750e+02 2.9906541824340820e+01
2368 2.0952380371093750e+02 2.8971961975097656e+01
2369 2.0952380371093750e+02 2.8037384033203125e+01
2370 2.0952380371093750e+02 2.7102804183959961e+01
2371 2.0952380371093750e+02 2.6168224334716797e+01
2372 2.0952380371093750e+02 2.5233644485473633e+01
2373 2.0952380371093750e+02 2.4299064636230469e+01
2374 2.0952380371093750e+02 2.3364486694335938e+01
2375 2.0952380371093750e+02 2.2429906845092773e+01
2376 2.0952380371093750e+02 2.1495326995849609e+01
2377 2.0952380371093750e+02 2.0560747146606445e+01
2378 2.0952380371093750e+02 1.9626167297363281e+01
2379 2.0952380371093750e+02 1.8691589355468750e+01
2380 2.0952380371093750e+02 1.7757009506225586e+01
2381 2.0952380371093750e+02 1.6822429656982422e+01
2382 2.0952380371093750e+02 1.5887850761413574e+01
2383 2.0952380371093750e+02 1.4953270912170410e+01
2384 2.0952380371093750e+02 1.4018692016601562e+01
2385 2.0952380371093750e+02 1.3084112167358398e+01
2386 2.0952380371093750e+02 1.2149532318115234e+01
2387 2.0952380371093750e+02 1.1214953422546387e+01
2388 2.0952380371093750e+02 1.0280373573303223e+01
2389 2.0952380371093750e+02 9.3457946777343750e+00
2390 2.0952380371093750e+02 8.4112148284912109e+00
2391 2.0952380371093750e+02 7.4766354560852051e+00
2392 2.0952380371093750e+02 6.5420560836791992e+00
2393 2.0952380371093750e+02 5.6074767112731934e+00
2394 2.0952380371093750e+02 4.6728973388671875e+00
2395 2.0952380371093750e+02 3.7383177280426025e+00
2396 2.0952380371093750e+02 2.8037383556365967e+00
2397 2.0952380371093750e+02 1.8691588640213013e+00
2398 2.0952380371093750e+02 9.3457943201065063e-01
2399 2.1428572082519531e+02 9.9065422058105469e+01
2400 2.1428572082519531e+02 9.8130844116210938e+01
2401 2.1428572082519531e+02 9.7196258544921875e+01
2402 2.1428572082519531e+02 9.6261680603027344e+01
2403 2.1428572082519531e+02 9.5327102661132812e+01
2404 2.1428572082519531e+02 9.4392524719238281e+01
2405 2.1428572082519531e+02 9.3457946777343750e+01
2406 2.1428572082519531e+02 9.2523361206054688e+01
2407 2.1428572082519531e+02 9.1588783264160156e+01
2408 2.1428572082519531e+02 9.0654205322265625e+01
2409 2.1428572082519531e+02 8.9719627380371094e+01
2410 2.1428572082519531e+02 8.8785049438476562e+01
2411 2.1428572082519531e+02 8.7850463867187500e+01
2412 2.1428572082519531e+02 8.6915885925292969e+01
2413 2.1428572082519531e+02 8.5981307983398438e+01
2414 2.1428572082519531e+02 8.5046730041503906e+01
2415 2.1428572082519531e+02 8.4112152099609375e+01
2416 2.1428572082519531e+02 8.3177566528320312e+01
2417 2.1428572082519531e+02 8.2242988586425781e+01
2418 2.1428572082519531e+02 8.1308410644531250e+01
2419 2.1428572082519531e+02 8.0373832702636719e+01
2420 2.1428572082519531e+02 7.9439254760742188e+01
2421 2.1428572082519531e+02 7.8504669189453125e+01
2422 2.1428572082519531e+02 7.7570091247558594e+01
2423 2.1428572082519531e+02 7.6635513305664062e+01
2424 2.1428572082519531e+02 7.5700935363769531e+01
2425 2.1428572082519531e+02 7.4766357421875000e+01
2426 2.1428572082519531e+02 7.3831779479980469e+01
2427 2.1428572082519531e+02 7.2897193908691406e+01
2428 2.1428572082519531e+02 7.1962615966796875e+01
2429 2.1428572082519531e+02 7.1028038024902344e+01
2430 2.1428572082519531e+02 7.0093460083007812e+01
2431 2.1428572082519531e+02 6.9158882141113281e+01
2432 2.1428572082519531e+02 6.8224296569824219e+01
2433 2.1428572082519531e+02 6.7289718627929688e+01
2434 2.1428572082519531e+02 6.6355140686035156e+01
2435 2.1428572082519531e+02 6.5420562744140625e+01
2436 2.1428572082519531e+02 6.4485984802246094e+01
2437 2.1428572082519531e+02 6.3551403045654297e+01
2438 2.1428572082519531e+02 6.2616821289062500e+01
2439 2.1428572082519531e+02 6.1682243347167969e+01
2440 2.1428572082519531e+02 6.0747665405273438e+01
2441 2.1428572082519531e+02 5.9813083648681641e+01
2442 2.1428572082519531e+02 5.8878505706787109e+01
2443 2.1428572082519531e+02 5.7943923950195312e+01
2444 2.1428572082519531e+02 5.7009346008300781e+01
2445 2.1428572082519531e+02 5.6074768066406250e+01
2446 2.1428572082519531e+02 5.5140186309814453e+01
2447 2.1428572082519531e+02 5.4205608367919922e+01
2448 2.1428572082519531e+02 5.3271026611328125e+01
2449 2.1428572082519531e+02 5.2336448669433594e+01
2450 2.1428572082519531e+02 5.1401870727539062e+01
2451 2.1428572082519531e+02 5.0467288970947266e+01
2452 2.1428572082519531e+02 4.9532711029052734e+01
2453 2.1428572082519531e+02 4.8598129272460938e+01
2454 2.1428572082519531e+02 4.7663551330566406e+01
2455 2.1428572082519531e+02 4.6728973388671875e+01
2456 2.1428572082519531e+02 4.5794391632080078e+01
2457 2.1428572082519531e+02 4.4859813690185547e+01
2458 2.1428572082519531e+02 4.3925231933593750e+01
2459 2.1428572082519531e+02 4.2990653991699219e+01
2460 2.1428572082519531e+02 4.2056076049804688e+01
2461 2.1428572082519531e+02 4.1121494293212891e+01
2462 2.1428572082519531e+02 4.0186916351318359e+01
2463 2.1428572082519531e+02 3.9252334594726562e+01
2464 2.1428572082519531e+02 3.8317756652832031e+01
2465 2.1428572082519531e+02 3.7383178710937500e+01
2466 2.1428572082519531e+02 3.6448596954345703e+01
2467 2.1428572082519531e+02 3.5514019012451172e+01
2468 2.1428572082519531e+02 3.4579441070556641e+01
2469 2.1428572082519531e+02 3.3644859313964844e+01
2470 2.1428572082519531e+02 3.2710281372070312e+01
2471 2.1428572082519531e+02 3.1775701522827148e+01
2472 2.1428572082519531e+02 3.0841121673583984e+01
2473 2.1428572082519531e+02 2.9906541824340820e+01
2474 2.1428572082519531e+02 2.8971961975097656e+01
2475 2.1428572082519531e+02 2.8037384033203125e+01
2476 2.1428572082519531e+02 2.7102804183959961e+01
2477 2.1428572082519531e+02 2.6168224334716797e+01
2478 2.1428572082519531e+02 2.5233644485473633e+01
2479 2.1428572082519531e+02 2.4299064636230469e+01
2480 2.1428572082519531e+02 2.3364486694335938e+01
2481 2.1428572082519531e+02 2.2429906845092773e+01
2482 2.1428572082519531e+02 2.1495326995849609e+01
2483 2.1428572082519531e+02 2.0560747146606445e+01
2484 2.1428572082519531e+02 1.9626167297363281e+01
2485 2.1428572082519531e+02 1.8691589355468750e+01
2486 2.1428572082519531e+02 1.7757009506225586e+01
2487 2.1428572082519531e+02 1.6822429656982422e+01
2488 2.1428572082519531e+02 1.5887850761413574e+01
2489 2.1428572082519531e+02 1.4953270912170410e+01
2490 2.1428572082519531e+02 1.4018692016601562e+01
2491 2.1428572082519531e+02 1.3084112167358398e+01
2492 2.1428572082519531e+02 1.2149532318115234e+01
2493 2.1428572082519531e+02 1.1214953422546387e+01
2494 2.1428572082519531e+02 1.0280373573303223e+01
2495 2.1428572082519531e+02 9.3457946777343750e+00
2496 2.1428572082519531e+02 8.4112148284912109e+00
2497 2.1428572082519531e+02 7.4766354560852051e+00
2498 2.1428572082519531e+02 6.5420560836791992e+00
2499 2.1428572082519531e+02 5.6074767112731934e+00
2500 2.1428572082519531e+02 4.6728973388671875e+00
2501 2.1428572082519531e+02 3.7383177280426025e+00
2502 2.1428572082519531e+02 2.8037383556365967e+00
2503 2.1428572082519531e+02 1.8691588640213013e+00
2504 2.1428572082519531e+02 9.3457943201065063e-01
2505 2.1904762268066406e+02 9.9065422058105469e+01
2506 2.1904762268066406e+02 9.8130844116210938e+01
2507 2.1904762268066406e+02 9.7196258544921875e+01
2508 2.1904762268066406e+02 9.6261680603027344e+01
2509 2.1904762268066406e+02 9.5327102661132812e+01
2510 2.1904762268066406e+02 9.4392524719238281e+01
2511 2.1904762268066406e+02 9.3457946777343750e+01
2512 2.1904762268066406e+02 9.2523361206054688e+01
2513 2.1904762268066406e+02 9.1588783264160156e+01
2514 2.1904762268066406e+02 9.0654205322265625e+01
2515 2.1904762268066406e+02 8.9719627380371094e+01
2516 2.1904762268066406e+02 8.8785049438476562e+01
2517 2.1904762268066406e+02 8.7850463867187500e+01
2518 2.1904762268066406e+02 8.6915885925292969e+01
2519 2.1904762268066406e+02 8.5981307983398438e+01
2520 2.1904762268066406e+02 8.5046730041503906e+01
2521 2.1904762268066406e+02 8.4112152099609375e+01
2522 2.1904762268066406e+02 8.3177566528320312e+01
2523 2.1904762268066406e+02 8.2242988586425781e+01
2524 2.1904762268066406e+02 8.1308410644531250e+01
2525 2.1904762268066406e+02 8.0373832702636719e+01
2526 2.1904762268066406e+02 7.9439254760742188e+01
2527 2.1904762268066406e+02 7.8504669189453125e+01
2528 2.1904762268066406e+02 7.7570091247558594e+01
2529 2.1904762268066406e+02 7.6635513305664062e+01
2530 2.1904762268066406e+02 7.5700935363769531e+01
2531 2.1904762268066406e+02 7.4766357421875000e+01
2532 2.1904762268066406e+02 7.3831779479980469e+01
2533 2.1904762268066406e+02 7.2897193908691406e+01
2534 2.1904762268066406e+02 7.1962615966796875e+01
2535 2.1904762268066406e+02 7.1028038024902344e+01
2536 2.1904762268066406e+02 7.0093460083007812e+01
2537 2.1904762268066406e+02 6.9158882141113281e+01
2538 2.1904762268066406e+02 6.8224296569824219e+01
2539 2.1904762268066406e+02 6.7289718627929688e+01
2540 2.1904762268066406e+02 6.6355140686035156e+01
2541 2.1904762268066406e+02 6.5420562744140625e+01
2542 2.1904762268066406e+02 6.4485984802246094e+01
2543 2.1904762268066406e+02 6.3551403045654297e+01
2544 2.1904762268066406e+02 6.2616821289062500e+01
2545 2.1904762268066406e+02 6.1682243347167969e+01
2546 2.1904762268066406e+02 6.0747665405273438e+01
2547 2.1904762268066406e+02 5.9813083648681641e+01
2548 2.1904762268066406e+02 5.8878505706787109e+01
2549 2.1904762268066406e+02 5.7943923950195312e+01
2550 2.1904762268066406e+02 5.7009346008300781e+01
2551 2.1904762268066406e+02 5.6074768066406250e+01
2552 2.1904762268066406e+02 5.5140186309814453e+01
2553 2.1904762268066406e+02 5.4205608367919922e+01
2554 2.1904762268066406e+02 5.3271026611328125e+01
2555 2.1904762268066406e+02 5.2336448669433594e+01
2556 2.1904762268066406e+02 5.1401870727539062e+01
2557 2.1904762268066406e+02 5.0467288970947266e+01
2558 2.1904762268066406e+02 4.9532711029052734e+01
2559 2.1904762268066406e+02 4.8598129272460938e+01
2560 2.1904762268066406e+02 4.7663551330566406e+01
2561 2.1904762268066406e+02 4.6728973388671875e+01
2562 2.1904762268066406e+02 4.5794391632080078e+01
2563 2.1904762268066406e+02 4.4859813690185547e+01
2564 2.1904762268066406e+02 4.3925231933593750e+01
2565 2.1904762268066406e+02 4.2990653991699219e+01
2566 2.1904762268066406e+02 4.2056076049804688e+01
2567 2.1904762268066406e+02 4.1121494293212891e+01
2568 2.1904762268066406e+02 4.0186916351318359e+01
2569 2.1904762268066406e+02 3.9252334594726562e+01
2570 2.1904762268066406e+02 3.8317756652832031e+01
2571 2.1904762268066406e+02 3.7383178710937500e+01
2572 2.1904762268066406e+02 3.6448596954345703e+01
2573 2.1904762268066406e+02 3.5514019012451172e+01
2574 2.1904762268066406e+02 3.4579441070556641e+01
2575 2.1904762268066406e+02 3.3644859313964844e+01
2576 2.1904762268066406e+02 3.2710281372070312e+01
2577 2.1904762268066406e+02 3.1775701522827148e+01
2578 2.1904762268066406e+02 3.0841121673583984e+01
2579 2.1904762268066406e+02 2.9906541824340820e+01
2580 2.1904762268066406e+02 2.8971961975097656e+01
2581 2.1904762268066406e+02 2.8037384033203125e+01
2582 2.1904762268066406e+02 2.7102804183959961e+01
2583 2.1904762268066406e+02 2.6168224334716797e+01
2584 2.1904762268066406e+02 2.5233644485473633e+01
2585 2.1904762268066406e+02 2.4299064636230469e+01
2586 2.1904762268066406e+02 2.3364486694335938e+01
2587 2.1904762268066406e+02 2.2429906845092773e+01
2588 2.1904762268066406e+02 2.1495326995849609e+01
2589 2.1904762268066406e+02 2.0560747146606445e+01
2590 2.1904762268066406e+02 1.9626167297363281e+01
2591 2.1904762268066406e+02 1.8691589355468750e+01
2592 2.1904762268066406e+02 1.7757009506225586e+01
2593 2.1904762268066406e+02 1.6822429656982422e+01
2594 2.1904762268066406e+02 1.5887850761413574e+01
2595 2.1904762268066406e+02 1.4953270912170410e+01
2596 2.1904762268066406e+02 1.4018692016601562e+01
2597 2.1904762268066406e+02 1.3084112167358398e+01
2598 2.1904762268066406e+02 1.2149532318115234e+01
2599 2.1904762268066406e+02 1.1214953422546387e+01
2600 2.1904762268066406e+02 1.0280373573303223e+01
2601 2.1904762268066406e+02 9.3457946777343750e+00
2602 2.1904762268066406e+02 8.4112148284912109e+00
2603 2.1904762268066406e+02 7.4766354560852051e+00
2604 2.1904762268066406e+02 6.5420560836791992e+00
2605 2.1904762268066406e+02 5.6074767112731934e+00
2606 2.1904762268066406e+02 4.6728973388671875e+00
2607 2.1904762268066406e+02 3.7383177280426025e+00
2608 2.1904762268066406e+02 2.8037383556365967e+00
2609 2.1904762268066406e+02 1.8691588640213013e+00
2610 2.1904762268066406e+02 9.3457943201065063e-01
2611 2.2380952453613281e+02 9.9065422058105469e+01
2612 2.2380952453613281e+02 9.8130844116210938e+01
2613 2.2380952453613281e+02 9.7196258544921875e+01
2614 2.2380952453613281e+02 9.6261680603027344e+01
2615 2.2380952453613281e+02 9.5327102661132812e+01
2616 2.2380952453613281e+02 9.4392524719238281e+01
2617 2.2380952453613281e+02 9.3457946777343750e+01
2618 2.2380952453613281e+02 9.2523361206054688e+01
2619 2.2380952453613281e+02 9.1588783264160156e+01
2620 2.2380952453613281e+02 9.0654205322265625e+01
2621 2.2380952453613281e+02 8.9719627380371094e+01
2622 2.2380952453613281e+02 8.8785049438476562e+01
2623 2.2380952453613281e+02 8.7850463867187500e+01
2624 2.2380952453613281e+02 8.6915885925292969e+01
2625 2.2380952453613281e+02 8.5981307983398438e+01
2626 2.2380952453613281e+02 8.5046730041503906e+01
2627 2.2380952453613281e+02 8.4112152099609375e+01
2628 2.2380952453613281e+02 8.3177566528320312e+01
2629 2.2380952453613281e+02 8.2242988586425781e+01
2630 2.2380952453613281e+02 8.1308410644531250e+01
2631 2.2380952453613281e+02 8.0373832702636719e+01
2632 2.2380952453613281e+02 7.9439254760742188e+01
2633 2.2380952453613281e+02 7.8504669189453125e+01
2634 2.2380952453613281e+02 7.7570091247558594e+01
2635 2.2380952453613281e+02 7.6635513305664062e+01
2636 2.2380952453613281e+02 7.5700935363769531e+01
2637 2.2380952453613281e+02 7.4766357421875000e+01
2638 2.2380952453613281e+02 7.3831779479980469e+01
2639 2.2380952453613281e+02 7.2897193908691406e+01
2640 2.2380952453613281e+02 7.1962615966796875e+01
2641 2.2380952453613281e+02 7.1028038024902344e+01
2642 2.2380952453613281e+02 7.0093460083007812e+01
2643 2.2380952453613281e+02 6.9158882141113281e+01
2644 2.2380952453613281e+02 6.8224296569824219e+01
2645 2.2380952453613281e+02 6.7289718627929688e+01
2646 2.2380952453613281e+02 6.6355140686035156e+01
2647 2.2380952453613281e+02 6.5420562744140625e+01
2648 2.2380952453613281e+02 6.4485984802246094e+01
2649 2.2380952453613281e+02 6.3551403045654297e+01
2650 2.2380952453613281e+02 6.2616821289062500e+01
2651 2.2380952453613281e+02 6.1682243347167969e+01
2652 2.2380952453613281e+02 6.0747665405273438e+01
2653 2.2380952453613281e+02 5.9813083648681641e+01
2654 2.2380952453613281e+02 5.8878505706787109e+01
2655 2.2380952453613281e+02 5.7943923950195312e+01
2656 2.2380952453613281e+02 5.7009346008300781e+01
2657 2.2380952453613281e+02 5.6074768066406250e+01
2658 2.2380952453613281e+02 5.5140186309814453e+01
2659 2.2380952453613281e+02 5.4205608367919922e+01
2660 2.2380952453613281e+02 5.3271026611328125e+01
2661 2.2380952453613281e+02 5.2336448669433594e+01
2662 2.2380952453613281e+02 5.1401870727539062e+01
2663 2.2380952453613281e+02 5.0467288970947266e+01
2664 2.2380952453613281e+02 4.9532711029052734e+01
2665 2.2380952453613281e+02 4.8598129272460938e+01
2666 2.2380952453613281e+02 4.7663551330566406e+01
2667 2.2380952453613281e+02 4.6728973388671875e+01
2668 2.2380952453613281e+02 4.5794391632080078e+01
2669 2.2380952453613281e+02 4.4859813690185547e+01
2670 2.2380952453613281e+02 4.3925231933593750e+01
2671 2.2380952453613281e+02 4.2990653991699219e+01
2672 2.2380952453613281e+02 4.2056076049804688e+01
2673 2.2380952453613281e+02 4.1121494293212891e+01
2674 2.2380952453613281e+02 4.0186916351318359e+01
2675 2.2380952453613281e+02 3.9252334594726562e+01
2676 2.2380952453613281e+02 3.8317756652832031e+01
2677 2.2380952453613281e+02 3.7383178710937500e+01
2678 2.2380952453613281e+02 3.6448596954345703e+01
2679 2.2380952453613281e+02 3.5514019012451172e+01
2680 2.2380952453613281e+02 3.4579441070556641e+01
2681 2.2380952453613281e+02 3.3644859313964844e+01
2682 2.2380952453613281e+02 3.2710281372070312e+01
2683 2.2380952453613281e+02 3.1775701522827148e+01
2684 2.2380952453613281e+02 3.0841121673583984e+01
2685 2.2380952453613281e+02 2.9906541824340820e+01
2686 2.2380952453613281e+02 2.8971961975097656e+01
2687 2.2380952453613281e+02 2.8037384033203125e+01
2688 2.2380952453613281e+02 2.7102804183959961e+01
2689 2.2380952453613281e+02 2.6168224334716797e+01
2690 2.2380952453613281e+02 2.5233644485473633e+01
2691 2.2380952453613281e+02 2.4299064636230469e+01
2692 2.2380952453613281e+02 2.3364486694335938e+01
2693 2.2380952453613281e+02 2.2429906845092773e+01
2694 2.2380952453613281e+02 2.1495326995849609e+01
2695 2.2380952453613281e+02 2.0560747146606445e+01
2696 2.2380952453613281e+02 1.9626167297363281e+01
2697 2.2380952453613281e+02 1.8691589355468750e+01
2698 2.2380952453613281e+02 1.7757009506225586e+01
2699 2.2380952453613281e+02 1.6822429656982422e+01
2700 2.2380952453613281e+02 1.5887850761413574e+01
2701 2.2380952453613281e+02 1.4953270912170410e+01
2702 2.2380952453613281e+02 1.4018692016601562e+01
2703 2.2380952453613281e+02 1.3084112167358398e+01
2704 2.2380952453613281e+02 1.2149532318115234e+01
2705 2.2380952453613281e+02 1.1214953422546387e+01
2706 2.2380952453613281e+02 1.0280373573303223e+01
2707 2.2380952453613281e+02 9.3457946777343750e+00
2708 2.2380952453613281e+02 8.4112148284912109e+00
2709 2.2380952453613281e+02 7.4766354560852051e+00
2710 2.2380952453613281e+02 6.5420560836791992e+00
2711 2.2380952453613281e+02 5.6074767112731934e+00
2712 2.2380952453613281e+02 4.6728973388671875e+00
2713 2.2380952453613281e+02 3.7383177280426025e+00
2714 2.2380952453613281e+02 2.8037383556365967e+00
2715 2.2380952453613281e+02 1.8691588640213013e+00
2716 2.2380952453613281e+02 9.3457943201065063e-01
2717 2.2857142639160156e+02 9.9065422058105469e+01
2718 2.2857142639160156e+02 9.8130844116210938e+01
2719 2.2857142639160156e+02 9.7196258544921875e+01
2720 2.2857142639160156e+02 9.6261680603027344e+01
2721 2.2857142639160156e+02 9.5327102661132812e+01
2722 2.2857142639160156e+02 9.4392524719238281e+01
2723 2.2857142639160156e+02 9.3457946777343750e+01
2724 2.2857142639160156e+02 9.2523361206054688e+01
2725 2.2857142639160156e+02 9.1588783264160156e+01
2726 2.2857142639160156e+02 9.0654205322265625e+01
2727 2.2857142639160156e+02 8.9719627380371094e+01
2728 2.2857142639160156e+02 8.8785049438476562e+01
2729 2.2857142639160156e+02 8.7850463867187500e+01
2730 2.2857142639160156e+02 8.6915885925292969e+01
2731 2.2857142639160156e+02 8.5981307983398438e+01
2732 2.2857142639160156e+02 8.5046730041503906e+01
2733 2.2857142639160156e+02 8.4112152099609375e+01
2734 2.2857142639160156e+02 8.3177566528320312e+01
2735 2.2857142639160156e+02 8.2242988586425781e+01
2736 2.2857142639160156e+02 8.1308410644531250e+01
2737 2.2857142639160156e+02 8.0373832702636719e+01
2738 2.2857142639160156e+02 7.9439254760742188e+01
2739 2.2857142639160156e+02 7.8504669189453125e+01
2740 2.2857142639160156e+02 7.7570091247558594e+01
2741 2.2857142639160156e+02 7.6635513305664062e+01
2742 2.2857142639160156e+02 7.5700935363769531e+01
2743 2.2857142639160156e+02 7.4766357421875000e+01
2744 2.2857142639160156e+02 7.3831779479980469e+01
2745 2.2857142639160156e+02 7.2897193908691406e+01
2746 2.2857142639160156e+02 7.1962615966796875e+01
2747 2.2857142639160156e+02 7.1028038024902344e+01
2748 2.2857142639160156e+02 7.0093460083007812e+01
2749 2.2857142639160156e+02 6.9158882141113281e+01
2750 2.2857142639160156e+02 6.8224296569824219e+01
2751 2.2857142639160156e+02 6.7289718627929688e+01
2752 2.2857142639160156e+02 6.6355140686035156e+01
2753 2.2857142639160156e+02 6.5420562744140625e+01
2754 2.2857142639160156e+02 6.4485984802246094e+01
2755 2.2857142639160156e+02 6.3551403045654297e+01
2756 2.2857142639160156e+02 6.2616821289062500e+01
2757 2.2857142639160156e+02 6.1682243347167969e+01
2758 2.2857142639160156e+02 6.0747665405273438e+01
2759 2.2857142639160156e+02 5.9813083648681641e+01
2760 2.2857142639160156e+02 5.8878505706787109e+01
2761 2.2857142639160156e+02 5.7943923950195312e+01
2762 2.2857142639160156e+02 5.7009346008300781e+01
2763 2.2857142639160156e+02 5.6074768066406250e+01
2764 2.2857142639160156e+02 5.5140186309814453e+01
2765 2.2857142639160156e+02 5.4205608367919922e+01
2766 2.2857142639160156e+02 5.3271026611328125e+01
2767 2.2857142639160156e+02 5.2336448669433594e+01
2768 2.2857142639160156e+02 5.1401870727539062e+01
2769 2.2857142639160156e+02 5.0467288970947266e+01
2770 2.2857142639160156e+02 4.9532711029052734e+01
2771 2.2857142639160156e+02 4.8598129272460938e+01
2772 2.2857142639160156e+02 4.7663551330566406e+01
2773 2.2857142639160156e+02 4.6728973388671875e+01
2774 2.2857142639160156e+02 4.5794391632080078e+01
2775 2.2857142639160156e+02 4.4859813690185547e+01
2776 2.2857142639160156e+02 4.3925231933593750e+01
2777 2.2857142639160156e+02 4.2990653991699219e+01
2778 2.2857142639160156e+02 4.2056076049804688e+01
2779 2.2857142639160156e+02 4.1121494293212891e+01
2780 2.2857142639160156e+02 4.0186916351318359e+01
2781 2.2857142639160156e+02 3.9252334594726562e+01
2782 2.2857142639160156e+02 3.8317756652832031e+01
2783 2.2857142639160156e+02 3.7383178710937500e+01
2784 2.2857142639160156e+02 3.6448596954345703e+01
2785 2.2857142639160156e+02 3.5514019012451172e+01
2786 2.2857142639160156e+02 3.4579441070556641e+01
2787 2.2857142639160156e+02 3.3644859313964844e+01
2788 2.2857142639160156e+02 3.2710281372070312e+01
2789 2.2857142639160156e+02 3.1775701522827148e+01
2790 2.2857142639160156e+02 3.0841121673583984e+01
2791 2.2857142639160156e+02 2.9906541824340820e+01
2792 2.2857142639160156e+02 2.8971961975097656e+01
2793 2.2857142639160156e+02 2.8037384033203125e+01
2794 2.2857142639160156e+02 2.7102804183959961e+01
2795 2.2857142639160156e+02 2.6168224334716797e+01
2796 2.2857142639160156e+02 2.5233644485473633e+01
2797 2.2857142639160156e+02 2.4299064636230469e+01
2798 2.2857142639160156e+02 2.3364486694335938e+01
2799 2.2857142639160156e+02 2.2429906845092773e+01
2800 2.2857142639160156e+02 2.1495326995849609e+01
2801 2.2857142639160156e+02 2.0560747146606445e+01
2802 2.2857142639160156e+02 1.9626167297363281e+01
2803 2.2857142639160156e+02 1.8691589355468750e+01
2804 2.2857142639160156e+02 1.7757009506225586e+01
2805 2.2857142639160156e+02 1.6822429656982422e+01
2806 2.2857142639160156e+02 1.5887850761413574e+01
2807 2.2857142639160156e+02 1.4953270912170410e+01
2808 2.2857142639160156e+02 1.4018692016601562e+01
2809 2.2857142639160156e+02 1.3084112167358398e+01
2810 2.2857142639160156e+02 1.2149532318115234e+01
2811 2.2857142639160156e+02 1.1214953422546387e+01
2812 2.2857142639160156e+02 1.0280373573303223e+01
2813 2.2857142639160156e+02 9.3457946777343750e+00
2814 2.2857142639160156e+02 8.4112148284912109e+00
2815 2.2857142639160156e+02 7.4766354560852051e+00
2816 2.2857142639160156e+02 6.5420560836791992e+00
2817 2.2857142639160156e+02 5.6074767112731934e+00
2818 2.2857142639160156e+02 4.6728973388671875e+00
2819 2.2857142639160156e+02 3.7383177280426025e+00
2820 2.2857142639160156e+02 2.8037383556365967e+00
2821 2.2857142639160156e+02 1.8691588640213013e+00
2822 2.2857142639160156e+02 9.3457943201065063e-01
2823 2.3333332824707031e+02 9.9065422058105469e+01
2824 2.3333332824707031e+02 9.8130844116210938e+01
2825 2.3333332824707031e+02 9.7196258544921875e+01
2826 2.3333332824707031e+02 9.6261680603027344e+01
2827 2.3333332824707031e+02 9.5327102661132812e+01
2828 2.3333332824707031e+02 9.4392524719238281e+01
2829 2.3333332824707031e+02 9.3457946777343750e+01
2830 2.3333332824707031e+02 9.2523361206054688e+01
2831 2.3333332824707031e+02 9.1588783264160156e+01
2832 2.3333332824707031e+02 9.0654205322265625e+01
2833 2.3333332824707031e+02 8.9719627380371094e+01
2834 2.3333332824707031e+02 8.8785049438476562e+01
2835 2.3333332824707031e+02 8.7850463867187500e+01
2836 2.3333332824707031e+02 8.6915885925292969e+01
2837 2.3333332824707031e+02 8.5981307983398438e+01
2838 2.3333332824707031e+02 8.5046730041503906e+01
2839 2.3333332824707031e+02 8.4112152099609375e+01
2840 2.3333332824707031e+02 8.3177566528320312e+01
2841 2.3333332824707031e+02 8.2242988586425781e+01
2842 2.3333332824707031e+02 8.1308410644531250e+01
2843 2.3333332824707031e+02 8.0373832702636719e+01
2844 2.3333332824707031e+02 7.9439254760742188e+01
2845 2.3333332824707031e+02 7.8504669189453125e+01
2846 2.3333332824707031e+02 7.7570091247558594e+01
2847 2.3333332824707031e+02 7.6635513305664062e+01
2848 2.3333332824707031e+02 7.5700935363769531e+01
2849 2.3333332824707031e+02 7.4766357421875000e+01
2850 2.3333332824707031e+02 7.3831779479980469e+01
2851 2.3333332824707031e+02 7.2897193908691406e+01
2852 2.3333332824707031e+02 7.1962615966796875e+01
2853 2.3333332824707031e+02 7.1028038024902344e+01
2854 2.3333332824707031e+02 7.0093460083007812e+01
2855 2.3333332824707031e+02 6.9158882141113281e+01
2856 2.3333332824707031e+02 6.8224296569824219e+01
2857 2.3333332824707031e+02 6.7289718627929688e+01
2858 2.3333332824707031e+02 6.6355140686035156e+01
2859 2.3333332824707031e+02 6.5420562744140625e+01
2860 2.3333332824707031e+02 6.4485984802246094e+01
2861 2.3333332824707031e+02 6.3551403045654297e+01
2862 2.3333332824707031e+02 6.2616821289062500e+01
2863 2.3333332824707031e+02 6.1682243347167969e+01
2864 2.3333332824707031e+02 6.0747665405273438e+01
2865 2.3333332824707031e+02 5.9813083648681641e+01
2866 2.3333332824707031e+02 5.8878505706787109e+01
2867 2.3333332824707031e+02 5.7943923950195312e+01
2868 2.3333332824707031e+02 5.7009346008300781e+01
2869 2.3333332824707031e+02 5.6074768066406250e+01
2870 2.3333332824707031e+02 5.5140186309814453e+01
2871 2.3333332824707031e+02 5.4205608367919922e+01
2872 2.3333332824707031e+02 5.3271026611328125e+01
2873 2.3333332824707031e+02 5.2336448669433594e+01
2874 2.3333332824707031e+02 5.1401870727539062e+01
2875 2.3333332824707031e+02 5.0467288970947266e+01
2876 2.3333332824707031e+02 4.9532711029052734e+01
2877 2.3333332824707031e+02 4.8598129272460938e+01
2878 2.3333332824707031e+02 4.7663551330566406e+01
2879 2.3333332824707031e+02 4.6728973388671875e+01
2880 2.3333332824707031e+02 4.5794391632080078e+01
2881 2.3333332824707031e+02 4.4859813690185547e+01
2882 2.3333332824707031e+02 4.3925231933593750e+01
2883 2.3333332824707031e+02 4.2990653991699219e+01
2884 2.3333332824707031e+02 4.2056076049804688e+01
2885 2.3333332824707031e+02 4.1121494293212891e+01
2886 2.3333332824707031e+02 4.0186916351318359e+01
2887 2.3333332824707031e+02 3.9252334594726562e+01
2888 2.3333332824707031e+02 3.8317756652832031e+01
2889 2.3333332824707031e+02 3.7383178710937500e+01
2890 2.3333332824707031e+02 3.6448596954345703e+01
2891 2.3333332824707031e+02 3.5514019012451172e+01
2892 2.3333332824707031e+02 3.4579441070556641e+01
2893 2.3333332824707031e+02 3.3644859313964844e+01
2894 2.3333332824707031e+02 3.2710281372070312e+01
2895 2.3333332824707031e+02 3.1775701522827148e+01
2896 2.3333332824707031e+02 3.0841121673583984e+01
2897 2.3333332824707031e+02 2.9906541824340820e+01
2898 2.3333332824707031e+02 2.8971961975097656e+01
2899 2.3333332824707031e+02 2.8037384033203125e+01
2900 2.3333332824707031e+02 2.7102804183959961e+01
2901 2.3333332824707031e+02 2.6168224334716797e+01
2902 2.3333332824707031e+02 2.5233644485473633e+01
2903 2.3333332824707031e+02 2.4299064636230469e+01
2904 2.3333332824707031e+02 2.3364486694335938e+01
2905 2.3333332824707031e+02 2.2429906845092773e+01
2906 2.3333332824707031e+02 2.1495326995849609e+01
2907 2.3333332824707031e+02 2.0560747146606445e+01
2908 2.3333332824707031e+02 1.9626167297363281e+01
2909 2.3333332824707031e+02 1.8691589355468750e+01
2910 2.3333332824707031e+02 1.7757009506225586e+01
2911 2.3333332824707031e+02 1.6822429656982422e+01
2912 2.3333332824707031e+02 1.5887850761413574e+01
2913 2.3333332824707031e+02 1.4953270912170410e+01
2914 2.3333332824707031e+02 1.4018692016601562e+01
2915 2.3333332824707031e+02 1.3084112167358398e+01
2916 2.3333332824707031e+02 1.2149532318115234e+01
2917 2.3333332824707031e+02 1.1214953422546387e+01
2918 2.3333332824707031e+02 1.0280373573303223e+01
2919 2.3333332824707031e+02 9.3457946777343750e+00
2920 2.3333332824707031e+02 8.4112148284912109e+00
2921 2.3333332824707031e+02 7.4766354560852051e+00
2922 2.3333332824707031e+02 6.5420560836791992e+00
2923 2.3333332824707031e+02 5.6074767112731934e+00
2924 2.3333332824707031e+02 4.6728973388671875e+00
2925 2.3333332824707031e+02 3.7383177280426025e+00
2926 2.3333332824707031e+02 2.8037383556365967e+00
2927 2.3333332824707031e+02 1.8691588640213013e+00
2928 2.3333332824707031e+02 9.3457943201065063e-01
2929 2.3809524536132812e+02 9.9065422058105469e+01
2930 2.3809524536132812e+02 9.8130844116210938e+01
2931 2.3809524536132812e+02 9.7196258544921875e+01
2932 2.3809524536132812e+02 9.6261680603027344e+01
2933 2.3809524536132812e+02 9.5327102661132812e+01
2934 2.3809524536132812e+02 9.4392524719238281e+01
2935 2.3809524536132812e+02 9.3457946777343750e+01
2936 2.3809524536132812e+02 9.2523361206054688e+01
2937 2.3809524536132812e+02 9.1588783264160156e+01
2938 2.3809524536132812e+02 9.0654205322265625e+01
2939 2.3809524536132812e+02 8.9719627380371094e+01
2940 2.3809524536132812e+02 8.8785049438476562e+01
2941 2.3809524536132812e+02 8.7850463867187500e+01
2942 2.3809524536132812e+02 8.6915885925292969e+01
2943 2.3809524536132812e+02 8.5981307983398438e+01
2944 2.3809524536132812e+02 8.5046730041503906e+01
2945 2.3809524536132812e+02 8.4112152099609375e+01
2946 2.3809524536132812e+02 8.3177566528320312e+01
2947 2.3809524536132812e+02 8.2242988586425781e+01
2948 2.3809524536132812e+02 8.1308410644531250e+01
2949 2.3809524536132812e+02 8.0373832702636719e+01
2950 2.3809524536132812e+02 7.9439254760742188e+01
2951 2.3809524536132812e+02 7.8504669189453125e+01
2952 2.3809524536132812e+02 7.7570091247558594e+01
2953 2.3809524536132812e+02 7.6635513305664062e+01
2954 2.3809524536132812e+02 7.5700935363769531e+01
2955 2.3809524536132812e+02 7.4766357421875000e+01
2956 2.3809524536132812e+02 7.3831779479980469e+01
2957 2.3809524536132812e+02 7.2897193908691406e+01
2958 2.3809524536132812e+02 7.1962615966796875e+01
2959 2.3809524536132812e+02 7.1028038024902344e+01
2960 2.3809524536132812e+02 7.0093460083007812e+01
2961 2.3809524536132812e+02 6.9158882141113281e+01
2962 2.3809524536132812e+02 6.8224296569824219e+01
2963 2.3809524536132812e+02 6.7289718627929688e+01
2964 2.3809524536132812e+02 6.6355140686035156e+01
2965 2.3809524536132812e+02 6.5420562744140625e+01
2966 2.3809524536132812e+02 6.4485984802246094e+01
2967 2.3809524536132812e+02 6.3551403045654297e+01
2968 2.3809524536132812e+02 6.2616821289062500e+01
2969 2.3809524536132812e+02 6.1682243347167969e+01
2970 2.3809524536132812e+02 6.0747665405273438e+01
2971 2.3809524536132812e+02 5.9813083648681641e+01
2972 2.3809524536132812e+02 5.8878505706787109e+01
2973 2.3809524536132812e+02 5.7943923950195312e+01
2974 2.3809524536132812e+02 5.7009346008300781e+01
2975 2.3809524536132812e+02 5.6074768066406250e+01
2976 2.3809524536132812e+02 5.5140186309814453e+01
2977 2.3809524536132812e+02 5.4205608367919922e+01
2978 2.3809524536132812e+02 5.3271026611328125e+01
2979 2.3809524536132812e+02 5.2336448669433594e+01
2980 2.3809524536132812e+02 5.1401870727539062e+01
2981 2.3809524536132812e+02 5.0467288970947266e+01
2982 2.3809524536132812e+02 4.9532711029052734e+01
2983 2.3809524536132812e+02 4.8598129272460938e+01
2984 2.3809524536132812e+02 4.7663551330566406e+01
2985 2.3809524536132812e+02 4.6728973388671875e+01
2986 2.3809524536132812e+02 4.5794391632080078e+01
2987 2.3809524536132812e+02 4.4859813690185547e+01
2988 2.3809524536132812e+02 4.3925231933593750e+01
2989 2.3809524536132812e+02 4.2990653991699219e+01
2990 2.3809524536132812e+02 4.2056076049804688e+01
2991 2.3809524536132812e+02 4.1121494293212891e+01
2992 2.3809524536132812e+02 4.0186916351318359e+01
2993 2.3809524536132812e+02 3.9252334594726562e+01
2994 2.3809524536132812e+02 3.8317756652832031e+01
2995 2.3809524536132812e+02 3.7383178710937500e+01
2996 2.3809524536132812e+02 3.6448596954345703e+01
2997 2.3809524536132812e+02 3.5514019012451172e+01
2998 2.3809524536132812e+02 3.4579441070556641e+01
2999 2.3809524536132812e+02 3.3644859313964844e+01
3000 2.3809524536132812e+02 3.2710281372070312e+01
3001 2.3809524536132812e+02 3.1775701522827148e+01
3002 2.3809524536132812e+02 3.0841121673583984e+01
3003 2.3809524536132812e+02 2.9906541824340820e+01
3004 2.3809524536132812e+02 2.8971961975097656e+01
3005 2.3809524536132812e+02 2.8037384033203125e+01
3006 2.3809524536132812e+02 2.7102804183959961e+01
3007 2.3809524536132812e+02 2.6168224334716797e+01
3008 2.3809524536132812e+02 2.5233644485473633e+01
3009 2.3809524536132812e+02 2.4299064636230469e+01
3010 2.3809524536132812e+02 2.3364486694335938e+01
3011 2.3809524536132812e+02 2.2429906845092773e+01
3012 2.3809524536132812e+02 2.1495326995849609e+01
3013 2.3809524536132812e+02 2.0560747146606445e+01
3014 2.3809524536132812e+02 1.9626167297363281e+01
3015 2.3809524536132812e+02 1.8691589355468750e+01
3016 2.3809524536132812e+02 1.7757009506225586e+01
3017 2.3809524536132812e+02 1.6822429656982422e+01
3018 2.3809524536132812e+02 1.5887850761413574e+01
3019 2.3809524536132812e+02 1.4953270912170410e+01
3020 2.3809524536132812e+02 1.4018692016601562e+01
3021 2.3809524536132812e+02 1.3084112167358398e+01
3022 2.3809524536132812e+02 1.2149532318115234e+01
3023 2.3809524536132812e+02 1.1214953422546387e+01
3024 2.3809524536132812e+02 1.0280373573303223e+01
3025 2.3809524536132812e+02 9.3457946777343750e+00
3026 2.3809524536132812e+02 8.4112148284912109e+00
3027 2.3809524536132812e+02 7.4766354560852051e+00
3028 2.3809524536132812e+02 6.5420560836791992e+00
3029 2.3809524536132812e+02 5.6074767112731934e+00
3030 2.3809524536132812e+02 4.6728973388671875e+00
3031 2.3809524536132812e+02 3.7383177280426025e+00
3032 2.3809524536132812e+02 2.8037383556365967e+00
3033 2.3809524536132812e+02 1.8691588640213013e+00
3034 2.3809524536132812e+02 9.3457943201065063e-01
3035 2.4285714721679688e+02 9.9065422058105469e+01
3036 2.4285714721679688e+02 9.8130844116210938e+01
3037 2.4285714721679688e+02 9.7196258544921875e+01
3038 2.4285714721679688e+02 9.6261680603027344e+01
3039 2.4285714721679688e+02 9.5327102661132812e+01
3040 2.4285714721679688e+02 9.4392524719238281e+01
3041 2.4285714721679688e+02 9.3457946777343750e+01
3042 2.4285714721679688e+02 9.2523361206054688e+01
3043 2.4285714721679688e+02 9.1588783264160156e+01
3044 2.4285714721679688e+02 9.0654205322265625e+01
3045 2.4285714721679688e+02 8.9719627380371094e+01
3046 2.4285714721679688e+02 8.8785049438476562e+01
3047 2.4285714721679688e+02 8.7850463867187500e+01
3048 2.4285714721679688e+02 8.6915885925292969e+01
3049 2.4285714721679688e+02 8.5981307983398438e+01
3050 2.4285714721679688e+02 8.5046730041503906e+01
3051 2.4285714721679688e+02 8.4112152099609375e+01
3052 2.4285714721679688e+02 8.3177566528320312e+01
3053 2.4285714721679688e+02 8.2242988586425781e+01
3054 2.4285714721679688e+02 8.1308410644531250e+01
3055 2.4285714721679688e+02 8.0373832702636719e+01
3056 2.4285714721679688e+02 7.9439254760742188e+01
3057 2.4285714721679688e+02 7.8504669189453125e+01
3058 2.4285714721679688e+02 7.7570091247558594e+01
3059 2.4285714721679688e+02 7.6635513305664062e+01
3060 2.4285714721679688e+02 7.5700935363769531e+01
3061 2.4285714721679688e+02 7.4766357421875000e+01
3062 2.4285714721679688e+02 7.3831779479980469e+01
3063 2.4285714721679688e+02 7.2897193908691406e+01
3064 2.4285714721679688e+02 7.1962615966796875e+01
3065 2.4285714721679688e+02 7.1028038024902344e+01
3066 2.4285714721679688e+02 7.0093460083007812e+01
3067 2.4285714721679688e+02 6.9158882141113281e+01
3068 2.4285714721679688e+02 6.8224296569824219e+01
3069 2.4285714721679688e+02 6.7289718627929688e+01
3070 2.4285714721679688e+02 6.6355140686035156e+01
3071 2.4285714721679688e+02 6.5420562744140625e+01
3072 2.4285714721679688e+02 6.4485984802246094e+01
3073 2.4285714721679688e+02 6.3551403045654297e+01
3074 2.4285714721679688e+02 6.2616821289062500e+01
3075 2.4285714721679688e+02 6.1682243347167969e+01
3076 2.4285714721679688e+02 6.0747665405273438e+01
3077 2.4285714721679688e+02 5.9813083648681641e+01
3078 2.4285714721679688e+02 5.8878505706787109e+01
3079 2.4285714721679688e+02 5.7943923950195312e+01
3080 2.4285714721679688e+02 5.7009346008300781e+01
3081 2.4285714721679688e+02 5.6074768066406250e+01
3082 2.4285714721679688e+02 5.5140186309814453e+01
3083 2.4285714721679688e+02 5.4205608367919922e+01
3084 2.4285714721679688e+02 5.3271026611328125e+01
3085 2.4285714721679688e+02 5.2336448669433594e+01
3086 2.4285714721679688e+02 5.1401870727539062e+01
3087 2.4285714721679688e+02 5.0467288970947266e+01
3088 2.4285714721679688e+02 4.9532711029052734e+01
3089 2.4285714721679688e+02 4.8598129272460938e+01
3090 2.4285714721679688e+02 4.7663551330566406e+01
3091 2.4285714721679688e+02 4.6728973388671875e+01
3092 2.4285714721679688e+02 4.5794391632080078e+01
3093 2.4285714721679688e+02 4.4859813690185547e+01
3094 2.4285714721679688e+02 4.3925231933593750e+01
3095 2.4285714721679688e+02 4.2990653991699219e+01
3096 2.4285714721679688e+02 4.2056076049804688e+01
3097 2.4285714721679688e+02 4.1121494293212891e+01
3098 2.4285714721679688e+02 4.0186916351318359e+01
3099 2.4285714721679688e+02 3.9252334594726562e+01
3100 2.4285714721679688e+02 3.8317756652832031e+01
3101 2.4285714721679688e+02 3.7383178710937500e+01
3102 2.4285714721679688e+02 3.6448596954345703e+01
3103 2.4285714721679688e+02 3.5514019012451172e+01
3104 2.4285714721679688e+02 3.4579441070556641e+01
3105 2.4285714721679688e+02 3.3644859313964844e+01
3106 2.4285714721679688e+02 3.2710281372070312e+01
3107 2.4285714721679688e+02 3.1775701522827148e+01
3108 2.4285714721679688e+02 3.0841121673583984e+01
3109 2.4285714721679688e+02 2.9906541824340820e+01
3110 2.4285714721679688e+02 2.8971961975097656e+01
3111 2.4285714721679688e+02 2.8037384033203125e+01
3112 2.4285714721679688e+02 2.7102804183959961e+01
3113 2.4285714721679688e+02 2.6168224334716797e+01
3114 2.4285714721679688e+02 2.5233644485473633e+01
3115 2.4285714721679688e+02 2.4299064636230469e+01
3116 2.4285714721679688e+02 2.3364486694335938e+01
3117 2.4285714721679688e+02 2.2429906845092773e+01
3118 2.4285714721679688e+02 2.1495326995849609e+01
3119 2.4285714721679688e+02 2.0560747146606445e+01
3120 2.4285714721679688e+02 1.9626167297363281e+01
3121 2.4285714721679688e+02 1.8691589355468750e+01
3122 2.4285714721679688e+02 1.7757009506225586e+01
3123 2.4285714721679688e+02 1.6822429656982422e+01
3124 2.4285714721679688e+02 1.5887850761413574e+01
3125 2.4285714721679688e+02 1.4953270912170410e+01
3126 2.4285714721679688e+02 1.4018692016601562e+01
3127 2.4285714721679688e+02 1.3084112167358398e+01
3128 2.4285714721679688e+02 1.2149532318115234e+01
3129 2.4285714721679688e+02 1.1214953422546387e+01
3130 2.4285714721679688e+02 1.0280373573303223e+01
3131 2.4285714721679688e+02 9.3457946777343750e+00
3132 2.4285714721679688e+02 8.4112148284912109e+00
3133 2.4285714721679688e+02 7.4766354560852051e+00
3134 2.4285714721679688e+02 6.5420560836791992e+00
3135 2.4285714721679688e+02 5.6074767112731934e+00
3136 2.4285714721679688e+02 4.6728973388671875e+00
3137 2.4285714721679688e+02 3.7383177280426025e+00
3138 2.4285714721679688e+02 2.8037383556365967e+00
3139 2.4285714721679688e+02 1.8691588640213013e+00
3140 2.4285714721679688e+02 9.3457943201065063e-01
3141 2.4761904907226562e+02 9.9065422058105469e+01
3142 2.4761904907226562e+02 9.8130844116210938e+01
3143 2.4761904907226562e+02 9.7196258544921875e+01
3144 2.4761904907226562e+02 9.6261680603027344e+01
3145 2.4761904907226562e+02 9.5327102661132812e+01
3146 2.4761904907226562e+02 9.4392524719238281e+01
3147 2.4761904907226562e+02 9.3457946777343750e+01
3148 2.4761904907226562e+02 9.2523361206054688e+01
3149 2.4761904907226562e+02 9.1588783264160156e+01
3150 2.4761904907226562e+02 9.0654205322265625e+01
3151 2.4761904907226562e+02 8.9719627380371094e+01
3152 2.4761904907226562e+02 8.8785049438476562e+01
3153 2.4761904907226562e+02 8.7850463867187500e+01
3154 2.4761904907226562e+02 8.6915885925292969e+01
3155 2.4761904907226562e+02 8.5981307983398438e+01
3156 2.4761904907226562e+02 8.5046730041503906e+01
3157 2.4761904907226562e+02 8.4112152099609375e+01
3158 2.4761904907226562e+02 8.3177566528320312e+01
3159 2.4761904907226562e+02 8.2242988586425781e+01
3160 2.4761904907226562e+02 8.1308410644531250e+01
3161 2.4761904907226562e+02 8.0373832702636719e+01
3162 2.4761904907226562e+02 7.9439254760742188e+01
3163 2.4761904907226562e+02 7.8504669189453125e+01
3164 2.4761904907226562e+02 7.7570091247558594e+01
3165 2.4761904907226562e+02 7.6635513305664062e+01
3166 2.4761904907226562e+02 7.5700935363769531e+01
3167 2.4761904907226562e+02 7.4766357421875000e+01
3168 2.4761904907226562e+02 7.3831779479980469e+01
3169 2.4761904907226562e+02 7.2897193908691406e+01
3170 2.4761904907226562e+02 7.1962615966796875e+01
3171 2.4761904907226562e+02 7.1028038024902344e+01
3172 2.4761904907226562e+02 7.0093460083007812e+01
3173 2.4761904907226562e+02 6.9158882141113281e+01
3174 2.4761904907226562e+02 6.8224296569824219e+01
3175 2.4761904907226562e+02 6.7289718627929688e+01
3176 2.4761904907226562e+02 6.6355140686035156e+01
3177 2.4761904907226562e+02 6.5420562744140625e+01
3178 2.4761904907226562e+02 6.4485984802246094e+01
3179 2.4761904907226562e+02 6.3551403045654297e+01
3180 2.4761904907226562e+02 6.2616821289062500e+01
3181 2.4761904907226562e+02 6.1682243347167969e+01
3182 2.4761904907226562e+02 6.0747665405273438e+01
3183 2.4761904907226562e+02 5.9813083648681641e+01
3184 2.4761904907226562e+02 5.8878505706787109e+01
3185 2.4761904907226562e+02 5.7943923950195312e+01
3186 2.4761904907226562e+02 5.7009346008300781e+01
3187 2.4761904907226562e+02 5.6074768066406250e+01
3188 2.4761904907226562e+02 5.5140186309814453e+01
3189 2.4761904907226562e+02 5.4205608367919922e+01
3190 2.4761904907226562e+02 5.3271026611328125e+01
3191 2.4761904907226562e+02 5.2336448669433594e+01
3192 2.4761904907226562e+02 5.1401870727539062e+01
3193 2.4761904907226562e+02 5.0467288970947266e+01
3194 2.4761904907226562e+02 4.9532711029052734e+01
3195 2.4761904907226562e+02 4.8598129272460938e+01
3196 2.4761904907226562e+02 4.7663551330566406e+01
3197 2.4761904907226562e+02 4.6728973388671875e+01
3198 2.4761904907226562e+02 4.5794391632080078e+01
3199 2.4761904907226562e+02 4.4859813690185547e+01
3200 2.4761904907226562e+02 4.3925231933593750e+01
3201 2.4761904907226562e+02 4.2990653991699219e+01
3202 2.4761904907226562e+02 4.2056076049804688e+01
3203 2.4761904907226562e+02 4.1121494293212891e+01
3204 2.4761904907226562e+02 4.0186916351318359e+01
3205 2.4761904907226562e+02 3.9252334594726562e+01
3206 2.4761904907226562e+02 3.8317756652832031e+01
3207 2.4761904907226562e+02 3.7383178710937500e+01
3208 2.4761904907226562e+02 3.6448596954345703e+01
3209 2.4761904907226562e+02 3.5514019012451172e+01
3210 2.4761904907226562e+02 3.4579441070556641e+01
3211 2.4761904907226562e+02 3.3644859313964844e+01
3212 2.4761904907226562e+02 3.2710281372070312e+01
3213 2.4761904907226562e+02 3.1775701522827148e+01
3214 2.4761904907226562e+02 3.0841121673583984e+01
3215 2.4761904907226562e+02 2.9906541824340820e+01
3216 2.4761904907226562e+02 2.8971961975097656e+01
3217 2.4761904907226562e+02 2.8037384033203125e+01
3218 2.4761904907226562e+02 2.7102804183959961e+01
3219 2.4761904907226562e+02 2.6168224334716797e+01
3220 2.4761904907226562e+02 2.5233644485473633e+01
3221 2.4761904907226562e+02 2.4299064636230469e+01
3222 2.4761904907226562e+02 2.3364486694335938e+01
3223 2.4761904907226562e+02 2.2429906845092773e+01
3224 2.4761904907226562e+02 2.1495326995849609e+01
3225 2.4761904907226562e+02 2.0560747146606445e+01
3226 2.4761904907226562e+02 1.9626167297363281e+01
3227 2.4761904907226562e+02 1.8691589355468750e+01
3228 2.4761904907226562e+02 1.7757009506225586e+01
3229 2.4761904907226562e+02 1.6822429656982422e+01
3230 2.4761904907226562e+02 1.5887850761413574e+01
3231 2.4761904907226562e+02 1.4953270912170410e+01
3232 2.4761904907226562e+02 1.4018692016601562e+01
3233 2.4761904907226562e+02 1.3084112167358398e+01
3234 2.4761904907226562e+02 1.2149532318115234e+01
3235 2.4761904907226562e+02 1.1214953422546387e+01
3236 2.4761904907226562e+02 1.0280373573303223e+01
3237 2.4761904907226562e+02 9.3457946777343750e+00
3238 2.4761904907226562e+02 8.4112148284912109e+00
3239 2.4761904907226562e+02 7.4766354560852051e+00
3240 2.4761904907226562e+02 6.5420560836791992e+00
3241 2.4761904907226562e+02 5.6074767112731934e+00
3242 2.4761904907226562e+02 4.6728973388671875e+00
3243 2.4761904907226562e+02 3.7383177280426025e+00
3244 2.4761904907226562e+02 2.8037383556365967e+00
3245 2.4761904907226562e+02 1.8691588640213013e+00
3246 2.4761904907226562e+02 9.3457943201065063e-01
3247 2.5238095092773438e+02 9.9065422058105469e+01
3248 2.5238095092773438e+02 9.8130844116210938e+01
3249 2.5238095092773438e+02 9.7196258544921875e+01
3250 2.5238095092773438e+02 9.6261680603027344e+01
3251 2.5238095092773438e+02 9.5327102661132812e+01
3252 2.5238095092773438e+02 9.4392524719238281e+01
3253 2.5238095092773438e+02 9.3457946777343750e+01
3254 2.5238095092773438e+02 9.2523361206054688e+01
3255 2.5238095092773438e+02 9.1588783264160156e+01
3256 2.5238095092773438e+02 9.0654205322265625e+01
3257 2.5238095092773438e+02 8.9719627380371094e+01
3258 2.5238095092773438e+02 8.8785049438476562e+01
3259 2.5238095092773438e+02 8.7850463867187500e+01
3260 2.5238095092773438e+02 8.6915885925292969e+01
3261 2.5238095092773438e+02 8.5981307983398438e+01
3262 2.5238095092773438e+02 8.5046730041503906e+01
3263 2.5238095092773438e+02 8.4112152099609375e+01
3264 2.5238095092773438e+02 8.3177566528320312e+01
3265 2.5238095092773438e+02 8.2242988586425781e+01
3266 2.5238095092773438e+02 8.1308410644531250e+01
3267 2.5238095092773438e+02 8.0373832702636719e+01
3268 2.5238095092773438e+02 7.9439254760742188e+01
3269 2.5238095092773438e+02 7.8504669189453125e+01
3270 2.5238095092773438e+02 7.7570091247558594e+01
3271 2.5238095092773438e+02 7.6635513305664062e+01
3272 2.5238095092773438e+02 7.5700935363769531e+01
3273 2.5238095092773438e+02 7.4766357421875000e+01
3274 2.5238095092773438e+02 7.3831779479980469e+01
3275 2.5238095092773438e+02 7.2897193908691406e+01
3276 2.5238095092773438e+02 7.1962615966796875e+01
3277 2.5238095092773438e+02 7.1028038024902344e+01
3278 2.5238095092773438e+02 7.0093460083007812e+01
3279 2.5238095092773438e+02 6.9158882141113281e+01
3280 2.5238095092773438e+02 6.8224296569824219e+01
3281 2.5238095092773438e+02 6.7289718627929688e+01
3282 2.5238095092773438e+02 6.6355140686035156e+01
3283 2.5238095092773438e+02 6.5420562744140625e+01
3284 2.5238095092773438e+02 6.4485984802246094e+01
3285 2.5238095092773438e+02 6.3551403045654297e+01
3286 2.5238095092773438e+02 6.2616821289062500e+01
3287 2.5238095092773438e+02 6.1682243347167969e+01
3288 2.5238095092773438e+02 6.0747665405273438e+01
3289 2.5238095092773438e+02 5.9813083648681641e+01
3290 2.5238095092773438e+02 5.8878505706787109e+01
3291 2.5238095092773438e+02 5.7943923950195312e+01
3292 2.5238095092773438e+02 5.7009346008300781e+01
3293 2.5238095092773438e+02 5.6074768066406250e+01
3294 2.5238095092773438e+02 5.5140186309814453e+01
3295 2.5238095092773438e+02 5.4205608367919922e+01
3296 2.5238095092773438e+02 5.3271026611328125e+01
3297 2.5238095092773438e+02 5.2336448669433594e+01
3298 2.5238095092773438e+02 5.1401870727539062e+01
3299 2.5238095092773438e+02 5.0467288970947266e+01
3300 2.5238095092773438e+02 4.9532711029052734e+01
3301 2.5238095092773438e+02 4.8598129272460938e+01
3302 2.5238095092773438e+02 4.7663551330566406e+01
3303 2.5238095092773438e+02 4.6728973388671875e+01
3304 2.5238095092773438e+02 4.5794391632080078e+01
3305 2.5238095092773438e+02 4.4859813690185547e+01
3306 2.5238095092773438e+02 4.3925231933593750e+01
3307 2.5238095092773438e+02 4.2990653991699219e+01
3308 2.5238095092773438e+02 4.2056076049804688e+01
3309 2.5238095092773438e+02 4.1121494293212891e+01
3310 2.5238095092773438e+02 4.0186916351318359e+01
3311 2.5238095092773438e+02 3.9252334594726562e+01
3312 2.5238095092773438e+02 3.8317756652832031e+01
3313 2.5238095092773438e+02 3.7383178710937500e+01
3314 2.5238095092773438e+02 3.6448596954345703e+01
3315 2.5238095092773438e+02 3.5514019012451172e+01
3316 2.5238095092773438e+02 3.4579441070556641e+01
3317 2.5238095092773438e+02 3.3644859313964844e+01
3318 2.5238095092773438e+02 3.2710281372070312e+01
3319 2.5238095092773438e+02 3.1775701522827148e+01
3320 2.5238095092773438e+02 3.0841121673583984e+01
3321 2.5238095092773438e+02 2.9906541824340820e+01
3322 2.5238095092773438e+02 2.8971961975097656e+01
3323 2.5238095092773438e+02 2.8037384033203125e+01
3324 2.5238095092773438e+02 2.7102804183959961e+01
3325 2.5238095092773438e+02 2.6168224334716797e+01
3326 2.5238095092773438e+02 2.5233644485473633e+01
3327 2.5238095092773438e+02 2.4299064636230469e+01
3328 2.5238095092773438e+02 2.3364486694335938e+01
3329 2.5238095092773438e+02 2.2429906845092773e+01
3330 2.5238095092773438e+02 2.1495326995849609e+01
3331 2.5238095092773438e+02 2.0560747146606445e+01
3332 2.5238095092773438e+02 1.9626167297363281e+01
3333 2.5238095092773438e+02 1.8691589355468750e+01
3334 2.5238095092773438e+02 1.7757009506225586e+01
3335 2.5238095092773438e+02 1.6822429656982422e+01
3336 2.5238095092773438e+02 1.5887850761413574e+01
3337 2.5238095092773438e+02 1.4953270912170410e+01
3338 2.5238095092773438e+02 1.4018692016601562e+01
3339 2.5238095092773438e+02 1.3084112167358398e+01
3340 2.5238095092773438e+02 1.2149532318115234e+01
3341 2.5238095092773438e+02 1.1214953422546387e+01
3342 2.5238095092773438e+02 1.0280373573303223e+01
3343 2.5238095092773438e+02 9.3457946777343750e+00
3344 2.5238095092773438e+02 8.4112148284912109e+00
3345 2.5238095092773438e+02 7.4766354560852051e+00
3346 2.5238095092773438e+02 6.5420560836791992e+00
3347 2.5238095092773438e+02 5.6074767112731934e+00
3348 2.5238095092773438e+02 4.6728973388671875e+00
3349 2.5238095092773438e+02 3.7383177280426025e+00
3350 2.5238095092773438e+02 2.8037383556365967e+00
3351 2.5238095092773438e+02 1.8691588640213013e+00
3352 2.5238095092773438e+02 9.3457943201065063e-01
3353 2.5714285278320312e+02 9.9065422058105469e+01
3354 2.5714285278320312e+02 9.8130844116210938e+01
3355 2.5714285278320312e+02 9.7196258544921875e+01
3356 2.5714285278320312e+02 9.6261680603027344e+01
3357 2.5714285278320312e+02 9.5327102661132812e+01
3358 2.5714285278320312e+02 9.4392524719238281e+01
3359 2.5714285278320312e+02 9.3457946777343750e+01
3360 2.5714285278320312e+02 9.2523361206054688e+01
3361 2.5714285278320312e+02 9.1588783264160156e+01
3362 2.5714285278320312e+02 9.0654205322265625e+01
3363 2.5714285278320312e+02 8.9719627380371094e+01
3364 2.5714285278320312e+02 8.8785049438476562e+01
3365 2.5714285278320312e+02 8.7850463867187500e+01
3366 2.5714285278320312e+02 8.6915885925292969e+01
3367 2.5714285278320312e+02 8.5981307983398438e+01
3368 2.5714285278320312e+02 8.5046730041503906e+01
3369 2.5714285278320312e+02 8.4112152099609375e+01
3370 2.5714285278320312e+02 8.3177566528320312e+01
3371 2.5714285278320312e+02 8.2242988586425781e+01
3372 2.5714285278320312e+02 8.1308410644531250e+01
3373 2.5714285278320312e+02 8.0373832702636719e+01
3374 2.5714285278320312e+02 7.9439254760742188e+01
3375 2.5714285278320312e+02 7.8504669189453125e+01
3376 2.5714285278320312e+02 7.7570091247558594e+01
3377 2.5714285278320312e+02 7.6635513305664062e+01
3378 2.5714285278320312e+02 7.5700935363769531e+01
3379 2.5714285278320312e+02 7.4766357421875000e+01
3380 2.5714285278320312e+02 7.3831779479980469e+01
3381 2.5714285278320312e+02 7.2897193908691406e+01
3382 2.5714285278320312e+02 7.1962615966796875e+01
3383 2.5714285278320312e+02 7.1028038024902344e+01
3384 2.5714285278320312e+02 7.0093460083007812e+01
3385 2.5714285278320312e+02 6.9158882141113281e+01
3386 2.5714285278320312e+02 6.8224296569824219e+01
3387 2.5714285278320312e+02 6.7289718627929688e+01
3388 2.5714285278320312e+02 6.6355140686035156e+01
3389 2.5714285278320312e+02 6.5420562744140625e+01
3390 2.5714285278320312e+02 6.4485984802246094e+01
3391 2.5714285278320312e+02 6.3551403045654297e+01
3392 2.5714285278320312e+02 6.2616821289062500e+01
3393 2.5714285278320312e+02 6.1682243347167969e+01
3394 2.5714285278320312e+02 6.0747665405273438e+01
3395 2.5714285278320312e+02 5.9813083648681641e+01
3396 2.5714285278320312e+02 5.8878505706787109e+01
3397 2.5714285278320312e+02 5.7943923950195312e+01
3398 2.5714285278320312e+02 5.7009346008300781e+01
3399 2.5714285278320312e+02 5.6074768066406250e+01
3400 2.5714285278320312e+02 5.5140186309814453e+01
3401 2.5714285278320312e+02 5.4205608367919922e+01
3402 2.5714285278320312e+02 5.3271026611328125e+01
3403 2.5714285278320312e+02 5.2336448669433594e+01
3404 2.5714285278320312e+02 5.1401870727539062e+01
3405 2.5714285278320312e+02 5.0467288970947266e+01
3406 2.5714285278320312e+02 4.9532711029052734e+01
3407 2.5714285278320312e+02 4.8598129272460938e+01
3408 2.5714285278320312e+02 4.7663551330566406e+01
3409 2.5714285278320312e+02 4.6728973388671875e+01
3410 2.5714285278320312e+02 4.5794391632080078e+01
3411 2.5714285278320312e+02 4.4859813690185547e+01
3412 2.5714285278320312e+02 4.3925231933593750e+01
3413 2.5714285278320312e+02 4.2990653991699219e+01
3414 2.5714285278320312e+02 4.2056076049804688e+01
3415 2.5714285278320312e+02 4.1121494293212891e+01
3416 2.5714285278320312e+02 4.0186916351318359e+01
3417 2.5714285278320312e+02 3.9252334594726562e+01
3418 2.5714285278320312e+02 3.8317756652832031e+01
3419 2.5714285278320312e+02 3.7383178710937500e+01
3420 2.5714285278320312e+02 3.6448596954345703e+01
3421 2.5714285278320312e+02 3.5514019012451172e+01
3422 2.5714285278320312e+02 3.4579441070556641e+01
3423 2.5714285278320312e+02 3.3644859313964844e+01
3424 2.5714285278320312e+02 3.2710281372070312e+01
3425 2.5714285278320312e+02 3.1775701522827148e+01
3426 2.5714285278320312e+02 3.0841121673583984e+01
3427 2.5714285278320312e+02 2.9906541824340820e+01
3428 2.5714285278320312e+02 2.8971961975097656e+01
3429 2.5714285278320312e+02 2.8037384033203125e+01
3430 2.5714285278320312e+02 2.7102804183959961e+01
3431 2.5714285278320312e+02 2.6168224334716797e+01
3432 2.5714285278320312e+02 2.5233644485473633e+01
3433 2.5714285278320312e+02 2.4299064636230469e+01
3434 2.5714285278320312e+02 2.3364486694335938e+01
3435 2.5714285278320312e+02 2.2429906845092773e+01
3436 2.5714285278320312e+02 2.1495326995849609e+01
3437 2.5714285278320312e+02 2.0560747146606445e+01
3438 2.5714285278320312e+02 1.9626167297363281e+01
3439 2.5714285278320312e+02 1.8691589355468750e+01
3440 2.5714285278320312e+02 1.7757009506225586e+01
3441 2.5714285278320312e+02 1.6822429656982422e+01
3442 2.5714285278320312e+02 1.5887850761413574e+01
3443 2.5714285278320312e+02 1.4953270912170410e+01
3444 2.5714285278320312e+02 1.4018692016601562e+01
3445 2.5714285278320312e+02 1.3084112167358398e+01
3446 2.5714285278320312e+02 1.2149532318115234e+01
3447 2.5714285278320312e+02 1.1214953422546387e+01
3448 2.5714285278320312e+02 1.0280373573303223e+01
3449 2.5714285278320312e+02 9.3457946777343750e+00
3450 2.5714285278320312e+02 8.4112148284912109e+00
3451 2.5714285278320312e+02 7.4766354560852051e+00
3452 2.5714285278320312e+02 6.5420560836791992e+00
3453 2.5714285278320312e+02 5.6074767112731934e+00
3454 2.5714285278320312e+02 4.6728973388671875e+00
3455 2.5714285278320312e+02 3.7383177280426025e+00
3456 2.5714285278320312e+02 2.8037383556365967e+00
3457 2.5714285278320312e+02 1.8691588640213013e+00
3458 2.5714285278320312e+02 9.3457943201065063e-01
3459 2.6190475463867188e+02 9.9065422058105469e+01
3460 2.6190475463867188e+02 9.8130844116210938e+01
3461 2.6190475463867188e+02 9.7196258544921875e+01
3462 2.6190475463867188e+02 9.6261680603027344e+01
3463 2.6190475463867188e+02 9.5327102661132812e+01
3464 2.6190475463867188e+02 9.4392524719238281e+01
3465 2.6190475463867188e+02 9.3457946777343750e+01
3466 2.6190475463867188e+02 9.2523361206054688e+01
3467 2.6190475463867188e+02 9.1588783264160156e+01
3468 2.6190475463867188e+02 9.0654205322265625e+01
3469 2.6190475463867188e+02 8.9719627380371094e+01
3470 2.6190475463867188e+02 8.8785049438476562e+01
3471 2.6190475463867188e+02 8.7850463867187500e+01
3472 2.6190475463867188e+02 8.6915885925292969e+01
3473 2.6190475463867188e+02 8.5981307983398438e+01
3474 2.6190475463867188e+02 8.5046730041503906e+01
3475 2.6190475463867188e+02 8.4112152099609375e+01
3476 2.6190475463867188e+02 8.3177566528320312e+01
3477 2.6190475463867188e+02 8.2242988586425781e+01
3478 2.6190475463867188e+02 8.1308410644531250e+01
3479 2.6190475463867188e+02 8.0373832702636719e+01
3480 2.6190475463867188e+02 7.9439254760742188e+01
3481 2.6190475463867188e+02 7.8504669189453125e+01
3482 2.6190475463867188e+02 7.7570091247558594e+01
3483 2.6190475463867188e+02 7.6635513305664062e+01
3484 2.6190475463867188e+02 7.5700935363769531e+01
3485 2.6190475463867188e+02 7.4766357421875000e+01
3486 2.6190475463867188e+02 7.3831779479980469e+01
3487 2.6190475463867188e+02 7.2897193908691406e+01
3488 2.6190475463867188e+02 7.1962615966796875e+01
3489 2.6190475463867188e+02 7.1028038024902344e+01
3490 2.6190475463867188e+02 7.0093460083007812e+01
3491 2.6190475463867188e+02 6.9158882141113281e+01
3492 2.6190475463867188e+02 6.8224296569824219e+01
3493 2.6190475463867188e+02 6.7289718627929688e+01
3494 2.6190475463867188e+02 6.6355140686035156e+01
3495 2.6190475463867188e+02 6.5420562744140625e+01
3496 2.6190475463867188e+02 6.4485984802246094e+01
3497 2.6190475463867188e+02 6.3551403045654297e+01
3498 2.6190475463867188e+02 6.2616821289062500e+01
3499 2.6190475463867188e+02 6.1682243347167969e+01
3500 2.6190475463867188e+02 6.0747665405273438e+01
3501 2.6190475463867188e+02 5.9813083648681641e+01
3502 2.6190475463867188e+02 5.8878505706787109e+01
3503 2.6190475463867188e+02 5.7943923950195312e+01
3504 2.6190475463867188e+02 5.7009346008300781e+01
3505 2.6190475463867188e+02 5.6074768066406250e+01
3506 2.6190475463867188e+02 5.5140186309814453e+01
3507 2.6190475463867188e+02 5.4205608367919922e+01
3508 2.6190475463867188e+02 5.3271026611328125e+01
3509 2.6190475463867188e+02 5.2336448669433594e+01
3510 2.6190475463867188e+02 5.1401870727539062e+01
3511 2.6190475463867188e+02 5.0467288970947266e+01
3512 2.6190475463867188e+02 4.9532711029052734e+01
3513 2.6190475463867188e+02 4.8598129272460938e+01
3514 2.6190475463867188e+02 4.7663551330566406e+01
3515 2.6190475463867188e+02 4.6728973388671875e+01
3516 2.6190475463867188e+02 4.5794391632080078e+01
3517 2.6190475463867188e+02 4.4859813690185547e+01
3518 2.6190475463867188e+02 4.3925231933593750e+01
3519 2.6190475463867188e+02 4.2990653991699219e+01
3520 2.6190475463867188e+02 4.2056076049804688e+01
3521 2.6190475463867188e+02 4.1121494293212891e+01
3522 2.6190475463867188e+02 4.0186916351318359e+01
3523 2.6190475463867188e+02 3.9252334594726562e+01
3524 2.6190475463867188e+02 3.8317756652832031e+01
3525 2.6190475463867188e+02 3.7383178710937500e+01
3526 2.6190475463867188e+02 3.6448596954345703e+01
3527 2.6190475463867188e+02 3.5514019012451172e+01
3528 2.6190475463867188e+02 3.4579441070556641e+01
3529 2.6190475463867188e+02 3.3644859313964844e+01
3530 2.6190475463867188e+02 3.2710281372070312e+01
3531 2.6190475463867188e+02 3.1775701522827148e+01
3532 2.6190475463867188e+02 3.0841121673583984e+01
3533 2.6190475463867188e+02 2.9906541824340820e+01
3534 2.6190475463867188e+02 2.8971961975097656e+01
3535 2.6190475463867188e+02 2.8037384033203125e+01
3536 2.6190475463867188e+02 2.7102804183959961e+01
3537 2.6190475463867188e+02 2.6168224334716797e+01
3538 2.6190475463867188e+02 2.5233644485473633e+01
3539 2.6190475463867188e+02 2.4299064636230469e+01
3540 2.6190475463867188e+02 2.3364486694335938e+01
3541 2.6190475463867188e+02 2.2429906845092773e+01
3542 2.6190475463867188e+02 2.1495326995849609e+01
3543 2.6190475463867188e+02 2.0560747146606445e+01
3544 2.6190475463867188e+02 1.9626167297363281e+01
3545 2.6190475463867188e+02 1.8691589355468750e+01
3546 2.6190475463867188e+02 1.7757009506225586e+01
3547 2.6190475463867188e+02 1.6822429656982422e+01
3548 2.6190475463867188e+02 1.5887850761413574e+01
3549 2.6190475463867188e+02 1.4953270912170410e+01
3550 2.6190475463867188e+02 1.4018692016601562e+01
3551 2.6190475463867188e+02 1.3084112167358398e+01
3552 2.6190475463867188e+02 1.2149532318115234e+01
3553 2.6190475463867188e+02 1.1214953422546387e+01
3554 2.6190475463867188e+02 1.0280373573303223e+01
3555 2.6190475463867188e+02 9.3457946777343750e+00
3556 2.6190475463867188e+02 8.4112148284912109e+00
3557 2.6190475463867188e+02 7.4766354560852051e+00
3558 2.6190475463867188e+02 6.5420560836791992e+00
3559 2.6190475463867188e+02 5.6074767112731934e+00
3560 2.6190475463867188e+02 4.6728973388671875e+00
3561 2.6190475463867188e+02 3.7383177280426025e+00
3562 2.6190475463867188e+02 2.8037383556365967e+00
3563 2.6190475463867188e+02 1.8691588640213013e+00
3564 2.6190475463867188e+02 9.3457943201065063e-01
3565 2.6666665649414062e+02 9.9065422058105469e+01
3566 2.6666665649414062e+02 9.8130844116210938e+01
3567 2.6666665649414062e+02 9.7196258544921875e+01
3568 2.6666665649414062e+02 9.6261680603027344e+01
3569 2.6666665649414062e+02 9.5327102661132812e+01
3570 2.6666665649414062e+02 9.4392524719238281e+01
3571 2.6666665649414062e+02 9.3457946777343750e+01
3572 2.6666665649414062e+02 9.2523361206054688e+01
3573 2.6666665649414062e+02 9.1588783264160156e+01
3574 2.6666665649414062e+02 9.0654205322265625e+01
3575 2.6666665649414062e+02 8.9719627380371094e+01
3576 2.6666665649414062e+02 8.8785049438476562e+01
3577 2.6666665649414062e+02 8.7850463867187500e+01
3578 2.6666665649414062e+02 8.6915885925292969e+01
3579 2.6666665649414062e+02 8.5981307983398438e+01
3580 2.6666665649414062e+02 8.5046730041503906e+01
3581 2.6666665649414062e+02 8.4112152099609375e+01
3582 2.6666665649414062e+02 8.3177566528320312e+01
3583 2.6666665649414062e+02 8.2242988586425781e+01
3584 2.6666665649414062e+02 8.1308410644531250e+01
3585 2.6666665649414062e+02 8.0373832702636719e+01
3586 2.6666665649414062e+02 7.9439254760742188e+01
3587 2.6666665649414062e+02 7.8504669189453125e+01
3588 2.6666665649414062e+02 7.7570091247558594e+01
3589 2.6666665649414062e+02 7.6635513305664062e+01
3590 2.6666665649414062e+02 7.5700935363769531e+01
3591 2.6666665649414062e+02 7.4766357421875000e+01
3592 2.6666665649414062e+02 7.3831779479980469e+01
3593 2.6666665649414062e+02 7.2897193908691406e+01
3594 2.6666665649414062e+02 7.1962615966796875e+01
3595 2.6666665649414062e+02 7.1028038024902344e+01
3596 2.6666665649414062e+02 7.0093460083007812e+01
3597 2.6666665649414062e+02 6.9158882141113281e+01
3598 2.6666665649414062e+02 6.8224296569824219e+01
3599 2.6666665649414062e+02 6.7289718627929688e+01
3600 2.6666665649414062e+02 6.6355140686035156e+01
3601 2.6666665649414062e+02 6.5420562744140625e+01
3602 2.6666665649414062e+02 6.4485984802246094e+01
3603 2.6666665649414062e+02 6.3551403045654297e+01
3604 2.6666665649414062e+02 6.2616821289062500e+01
3605 2.6666665649414062e+02 6.1682243347167969e+01
3606 2.6666665649414062e+02 6.0747665405273438e+01
3607 2.6666665649414062e+02 5.9813083648681641e+01
3608 2.6666665649414062e+02 5.8878505706787109e+01
3609 2.6666665649414062e+02 5.7943923950195312e+01
3610 2.6666665649414062e+02 5.7009346008300781e+01
3611 2.6666665649414062e+02 5.6074768066406250e+01
3612 2.6666665649414062e+02 5.5140186309814453e+01
3613 2.6666665649414062e+02 5.4205608367919922e+01
3614 2.6666665649414062e+02 5.3271026611328125e+01
3615 2.6666665649414062e+02 5.2336448669433594e+01
3616 2.6666665649414062e+02 5.1401870727539062e+01
3617 2.6666665649414062e+02 5.0467288970947266e+01
3618 2.6666665649414062e+02 4.9532711029052734e+01
3619 2.6666665649414062e+02 4.8598129272460938e+01
3620 2.6666665649414062e+02 4.7663551330566406e+01
3621 2.6666665649414062e+02 4.6728973388671875e+01
3622 2.6666665649414062e+02 4.5794391632080078e+01
3623 2.6666665649414062e+02 4.4859813690185547e+01
3624 2.6666665649414062e+02 4.3925231933593750e+01
3625 2.6666665649414062e+02 4.2990653991699219e+01
3626 2.6666665649414062e+02 4.2056076049804688e+01
3627 2.6666665649414062e+02 4.1121494293212891e+01
3628 2.6666665649414062e+02 4.0186916351318359e+01
3629 2.6666665649414062e+02 3.9252334594726562e+01
3630 2.6666665649414062e+02 3.8317756652832031e+01
3631 2.6666665649414062e+02 3.7383178710937500e+01
3632 2.6666665649414062e+02 3.6448596954345703e+01
3633 2.6666665649414062e+02 3.5514019012451172e+01
3634 2.6666665649414062e+02 3.4579441070556641e+01
3635 2.6666665649414062e+02 3.3644859313964844e+01
3636 2.6666665649414062e+02 3.2710281372070312e+01
3637 2.6666665649414062e+02 3.1775701522827148e+01
3638 2.6666665649414062e+02 3.0841121673583984e+01
3639 2.6666665649414062e+02 2.9906541824340820e+01
3640 2.6666665649414062e+02 2.8971961975097656e+01
3641 2.6666665649414062e+02 2.8037384033203125e+01
3642 2.6666665649414062e+02 2.7102804183959961e+01
3643 2.6666665649414062e+02 2.6168224334716797e+01
3644 2.6666665649414062e+02 2.5233644485473633e+01
3645 2.6666665649414062e+02 2.4299064636230469e+01
3646 2.6666665649414062e+02 2.3364486694335938e+01
3647 2.6666665649414062e+02 2.2429906845092773e+01
3648 2.6666665649414062e+02 2.1495326995849609e+01
3649 2.6666665649414062e+02 2.0560747146606445e+01
3650 2.6666665649414062e+02 1.9626167297363281e+01
3651 2.6666665649414062e+02 1.8691589355468750e+01
3652 2.6666665649414062e+02 1.7757009506225586e+01
3653 2.6666665649414062e+02 1.6822429656982422e+01
3654 2.6666665649414062e+02 1.5887850761413574e+01
3655 2.6666665649414062e+02 1.4953270912170410e+01
3656 2.6666665649414062e+02 1.4018692016601562e+01
3657 2.6666665649414062e+02 1.3084112167358398e+01
3658 2.6666665649414062e+02 1.2149532318115234e+01
3659 2.6666665649414062e+02 1.1214953422546387e+01
3660 2.6666665649414062e+02 1.0280373573303223e+01
3661 2.6666665649414062e+02 9.3457946777343750e+00
3662 2.6666665649414062e+02 8.4112148284912109e+00
3663 2.6666665649414062e+02 7.4766354560852051e+00
3664 2.6666665649414062e+02 6.5420560836791992e+00
3665 2.6666665649414062e+02 5.6074767112731934e+00
3666 2.6666665649414062e+02 4.6728973388671875e+00
3667 2.6666665649414062e+02 3.7383177280426025e+00
3668 2.6666665649414062e+02 2.8037383556365967e+00
3669 2.6666665649414062e+02 1.8691588640213013e+00
3670 2.6666665649414062e+02 9.3457943201065063e-01
3671 2.7142855834960938e+02 9.9065422058105469e+01
3672 2.7142855834960938e+02 9.8130844116210938e+01
3673 2.7142855834960938e+02 9.7196258544921875e+01
3674 2.7142855834960938e+02 9.6261680603027344e+01
3675 2.7142855834960938e+02 9.5327102661132812e+01
3676 2.7142855834960938e+02 9.4392524719238281e+01
3677 2.7142855834960938e+02 9.3457946777343750e+01
3678 2.7142855834960938e+02 9.2523361206054688e+01
3679 2.7142855834960938e+02 9.1588783264160156e+01
3680 2.7142855834960938e+02 9.0654205322265625e+01
3681 2.7142855834960938e+02 8.9719627380371094e+01
3682 2.7142855834960938e+02 8.8785049438476562e+01
3683 2.7142855834960938e+02 8.7850463867187500e+01
3684 2.7142855834960938e+02 8.6915885925292969e+01
3685 2.7142855834960938e+02 8.5981307983398438e+01
3686 2.7142855834960938e+02 8.5046730041503906e+01
3687 2.7142855834960938e+02 8.4112152099609375e+01
3688 2.7142855834960938e+02 8.3177566528320312e+01
3689 2.7142855834960938e+02 8.2242988586425781e+01
3690 2.7142855834960938e+02 8.1308410644531250e+01
3691 2.7142855834960938e+02 8.0373832702636719e+01
3692 2.7142855834960938e+02 7.9439254760742188e+01
3693 2.7142855834960938e+02 7.8504669189453125e+01
3694 2.7142855834960938e+02 7.7570091247558594e+01
3695 2.7142855834960938e+02 7.6635513305664062e+01
3696 2.7142855834960938e+02 7.5700935363769531e+01
3697 2.7142855834960938e+02 7.4766357421875000e+01
3698 2.7142855834960938e+02 7.3831779479980469e+01
3699 2.7142855834960938e+02 7.2897193908691406e+01
3700 2.7142855834960938e+02 7.1962615966796875e+01
3701 2.7142855834960938e+02 7.1028038024902344e+01
3702 2.7142855834960938e+02 7.0093460083007812e+01
3703 2.7142855834960938e+02 6.9158882141113281e+01
3704 2.7142855834960938e+02 6.8224296569824219e+01
3705 2.7142855834960938e+02 6.7289718627929688e+01
3706 2.7142855834960938e+02 6.6355140686035156e+01
3707 2.7142855834960938e+02 6.5420562744140625e+01
3708 2.7142855834960938e+02 6.4485984802246094e+01
3709 2.7142855834960938e+02 6.3551403045654297e+01
3710 2.7142855834960938e+02 6.2616821289062500e+01
3711 2.7142855834960938e+02 6.1682243347167969e+01
3712 2.7142855834960938e+02 6.0747665405273438e+01
3713 2.7142855834960938e+02 5.9813083648681641e+01
3714 2.7142855834960938e+02 5.8878505706787109e+01
3715 2.7142855834960938e+02 5.7943923950195312e+01
3716 2.7142855834960938e+02 5.7009346008300781e+01
3717 2.7142855834960938e+02 5.6074768066406250e+01
3718 2.7142855834960938e+02 5.5140186309814453e+01
3719 2.7142855834960938e+02 5.4205608367919922e+01
3720 2.7142855834960938e+02 5.3271026611328125e+01
3721 2.7142855834960938e+02 5.2336448669433594e+01
3722 2.7142855834960938e+02 5.1401870727539062e+01
3723 2.7142855834960938e+02 5.0467288970947266e+01
3724 2.7142855834960938e+02 4.9532711029052734e+01
3725 2.7142855834960938e+02 4.8598129272460938e+01
3726 2.7142855834960938e+02 4.7663551330566406e+01
3727 2.7142855834960938e+02 4.6728973388671875e+01
3728 2.7142855834960938e+02 4.5794391632080078e+01
3729 2.7142855834960938e+02 4.4859813690185547e+01
3730 2.7142855834960938e+02 4.3925231933593750e+01
3731 2.7142855834960938e+02 4.2990653991699219e+01
3732 2.7142855834960938e+02 4.2056076049804688e+01
3733 2.7142855834960938e+02 4.1121494293212891e+01
3734 2.7142855834960938e+02 4.0186916351318359e+01
3735 2.7142855834960938e+02 3.9252334594726562e+01
3736 2.7142855834960938e+02 3.8317756652832031e+01
3737 2.7142855834960938e+02 3.7383178710937500e+01
3738 2.7142855834960938e+02 3.6448596954345703e+01
3739 2.7142855834960938e+02 3.5514019012451172e+01
3740 2.7142855834960938e+02 3.4579441070556641e+01
3741 2.7142855834960938e+02 3.3644859313964844e+01
3742 2.7142855834960938e+02 3.2710281372070312e+01
3743 2.7142855834960938e+02 3.1775701522827148e+01
3744 2.7142855834960938e+02 3.0841121673583984e+01
3745 2.7142855834960938e+02 2.9906541824340820e+01
3746 2.7142855834960938e+02 2.8971961975097656e+01
3747 2.7142855834960938e+02 2.8037384033203125e+01
3748 2.7142855834960938e+02 2.7102804183959961e+01
3749 2.7142855834960938e+02 2.6168224334716797e+01
3750 2.7142855834960938e+02 2.5233644485473633e+01
3751 2.7142855834960938e+02 2.4299064636230469e+01
3752 2.7142855834960938e+02 2.3364486694335938e+01
3753 2.7142855834960938e+02 2.2429906845092773e+01
3754 2.7142855834960938e+02 2.1495326995849609e+01
3755 2.7142855834960938e+02 2.0560747146606445e+01
3756 2.7142855834960938e+02 1.9626167297363281e+01
3757 2.7142855834960938e+02 1.8691589355468750e+01
3758 2.7142855834960938e+02 1.7757009506225586e+01
3759 2.7142855834960938e+02 1.6822429656982422e+01
3760 2.7142855834960938e+02 1.5887850761413574e+01
3761 2.7142855834960938e+02 1.4953270912170410e+01
3762 2.7142855834960938e+02 1.4018692016601562e+01
3763 2.7142855834960938e+02 1.3084112167358398e+01
3764 2.7142855834960938e+02 1.2149532318115234e+01
3765 2.7142855834960938e+02 1.1214953422546387e+01
3766 2.7142855834960938e+02 1.0280373573303223e+01
3767 2.7142855834960938e+02 9.3457946777343750e+00
3768 2.7142855834960938e+02 8.4112148284912109e+00
3769 2.7142855834960938e+02 7.4766354560852051e+00
3770 2.7142855834960938e+02 6.5420560836791992e+00
3771 2.7142855834960938e+02 5.6074767112731934e+00
3772 2.7142855834960938e+02 4.6728973388671875e+00
3773 2.7142855834960938e+02 3.7383177280426025e+00
3774 2.7142855834960938e+02 2.8037383556365967e+00
3775 2.7142855834960938e+02 1.8691588640213013e+00
3776 2.7142855834960938e+02 9.3457943201065063e-01
3777 2.7619049072265625e+02 9.9065422058105469e+01
3778 2.7619049072265625e+02 9.8130844116210938e+01
3779 2.7619049072265625e+02 9.7196258544921875e+01
3780 2.7619049072265625e+02 9.6261680603027344e+01
3781 2.7619049072265625e+02 9.5327102661132812e+01
3782 2.7619049072265625e+02 9.4392524719238281e+01
3783 2.7619049072265625e+02 9.3457946777343750e+01
3784 2.7619049072265625e+02 9.2523361206054688e+01
3785 2.7619049072265625e+02 9.1588783264160156e+01
3786 2.7619049072265625e+02 9.0654205322265625e+01
3787 2.7619049072265625e+02 8.9719627380371094e+01
3788 2.7619049072265625e+02 8.8785049438476562e+01
3789 2.7619049072265625e+02 8.7850463867187500e+01
3790 2.7619049072265625e+02 8.6915885925292969e+01
3791 2.7619049072265625e+02 8.5981307983398438e+01
3792 2.7619049072265625e+02 8.5046730041503906e+01
3793 2.7619049072265625e+02 8.4112152099609375e+01
3794 2.7619049072265625e+02 8.3177566528320312e+01
3795 2.7619049072265625e+02 8.2242988586425781e+01
3796 2.7619049072265625e+02 8.1308410644531250e+01
3797 2.7619049072265625e+02 8.0373832702636719e+01
3798 2.7619049072265625e+02 7.9439254760742188e+01
3799 2.7619049072265625e+02 7.8504669189453125e+01
3800 2.7619049072265625e+02 7.7570091247558594e+01
3801 2.7619049072265625e+02 7.6635513305664062e+01
3802 2.7619049072265625e+02 7.5700935363769531e+01
3803 2.7619049072265625e+02 7.4766357421875000e+01
3804 2.7619049072265625e+02 7.3831779479980469e+01
3805 2.7619049072265625e+02 7.2897193908691406e+01
3806 2.7619049072265625e+02 7.1962615966796875e+01
3807 2.7619049072265625e+02 7.1028038024902344e+01
3808 2.7619049072265625e+02 7.0093460083007812e+01
3809 2.7619049072265625e+02 6.9158882141113281e+01
3810 2.7619049072265625e+02 6.8224296569824219e+01
3811 2.7619049072265625e+02 6.7289718627929688e+01
3812 2.7619049072265625e+02 6.6355140686035156e+01
3813 2.7619049072265625e+02 6.5420562744140625e+01
3814 2.7619049072265625e+02 6.4485984802246094e+01
3815 2.7619049072265625e+02 6.3551403045654297e+01
3816 2.7619049072265625e+02 6.2616821289062500e+01
3817 2.7619049072265625e+02 6.1682243347167969e+01
3818 2.7619049072265625e+02 6.0747665405273438e+01
3819 2.7619049072265625e+02 5.9813083648681641e+01
3820 2.7619049072265625e+02 5.8878505706787109e+01
3821 2.7619049072265625e+02 5.7943923950195312e+01
3822 2.7619049072265625e+02 5.7009346008300781e+01
3823 2.7619049072265625e+02 5.6074768066406250e+01
3824 2.7619049072265625e+02 5.5140186309814453e+01
3825 2.7619049072265625e+02 5.4205608367919922e+01
3826 2.7619049072265625e+02 5.3271026611328125e+01
3827 2.7619049072265625e+02 5.2336448669433594e+01
3828 2.7619049072265625e+02 5.1401870727539062e+01
3829 2.7619049072265625e+02 5.0467288970947266e+01
3830 2.7619049072265625e+02 4.9532711029052734e+01
3831 2.7619049072265625e+02 4.8598129272460938e+01
3832 2.7619049072265625e+02 4.7663551330566406e+01
3833 2.7619049072265625e+02 4.6728973388671875e+01
3834 2.7619049072265625e+02 4.5794391632080078e+01
3835 2.7619049072265625e+02 4.4859813690185547e+01
3836 2.7619049072265625e+02 4.3925231933593750e+01
3837 2.7619049072265625e+02 4.2990653991699219e+01
3838 2.7619049072265625e+02 4.2056076049804688e+01
3839 2.7619049072265625e+02 4.1121494293212891e+01
3840 2.7619049072265625e+02 4.0186916351318359e+01
3841 2.7619049072265625e+02 3.9252334594726562e+01
3842 2.7619049072265625e+02 3.8317756652832031e+01
3843 2.7619049072265625e+02 3.7383178710937500e+01
3844 2.7619049072265625e+02 3.6448596954345703e+01
3845 2.7619049072265625e+02 3.5514019012451172e+01
3846 2.7619049072265625e+02 3.4579441070556641e+01
3847 2.7619049072265625e+02 3.3644859313964844e+01
3848 2.7619049072265625e+02 3.2710281372070312e+01
3849 2.7619049072265625e+02 3.1775701522827148e+01
3850 2.7619049072265625e+02 3.0841121673583984e+01
3851 2.7619049072265625e+02 2.9906541824340820e+01
3852 2.7619049072265625e+02 2.8971961975097656e+01
3853 2.7619049072265625e+02 2.8037384033203125e+01
3854 2.7619049072265625e+02 2.7102804183959961e+01
3855 2.7619049072265625e+02 2.6168224334716797e+01
3856 2.7619049072265625e+02 2.5233644485473633e+01
3857 2.7619049072265625e+02 2.4299064636230469e+01
3858 2.7619049072265625e+02 2.3364486694335938e+01
3859 2.7619049072265625e+02 2.2429906845092773e+01
3860 2.7619049072265625e+02 2.1495326995849609e+01
3861 2.7619049072265625e+02 2.0560747146606445e+01
3862 2.7619049072265625e+02 1.9626167297363281e+01
3863 2.7619049072265625e+02 1.8691589355468750e+01
3864 2.7619049072265625e+02 1.7757009506225586e+01
3865 2.7619049072265625e+02 1.6822429656982422e+01
3866 2.7619049072265625e+02 1.5887850761413574e+01
3867 2.7619049072265625e+02 1.4953270912170410e+01
3868 2.7619049072265625e+02 1.4018692016601562e+01
3869 2.7619049072265625e+02 1.3084112167358398e+01
3870 2.7619049072265625e+02 1.2149532318115234e+01
3871 2.7619049072265625e+02 1.1214953422546387e+01
3872 2.7619049072265625e+02 1.0280373573303223e+01
3873 2.7619049072265625e+02 9.3457946777343750e+00
3874 2.7619049072265625e+02 8.4112148284912109e+00
3875 2.7619049072265625e+02 7.4766354560852051e+00
3876 2.7619049072265625e+02 6.5420560836791992e+00
3877 2.7619049072265625e+02 5.6074767112731934e+00
3878 2.7619049072265625e+02 4.6728973388671875e+00
3879 2.7619049072265625e+02 3.7383177280426025e+00
3880 2.7619049072265625e+02 2.8037383556365967e+00
3881 2.7619049072265625e+02 1.8691588640213013e+00
3882 2.7619049072265625e+02 9.3457943201065063e-01
3883 2.8095239257812500e+02 9.9065422058105469e+01
3884 2.8095239257812500e+02 9.8130844116210938e+01
3885 2.8095239257812500e+02 9.7196258544921875e+01
3886 2.8095239257812500e+02 9.6261680603027344e+01
3887 2.8095239257812500e+02 9.5327102661132812e+01
3888 2.8095239257812500e+02 9.4392524719238281e+01
3889 2.8095239257812500e+02 9.3457946777343750e+01
3890 2.8095239257812500e+02 9.2523361206054688e+01
3891 2.8095239257812500e+02 9.1588783264160156e+01
3892 2.8095239257812500e+02 9.0654205322265625e+01
3893 2.8095239257812500e+02 8.9719627380371094e+01
3894 2.8095239257812500e+02 8.8785049438476562e+01
3895 2.8095239257812500e+02 8.7850463867187500e+01
3896 2.8095239257812500e+02 8.6915885925292969e+01
3897 2.8095239257812500e+02 8.5981307983398438e+01
3898 2.8095239257812500e+02 8.5046730041503906e+01
3899 2.8095239257812500e+02 8.4112152099609375e+01
3900 2.8095239257812500e+02 8.3177566528320312e+01
3901 2.8095239257812500e+02 8.2242988586425781e+01
3902 2.8095239257812500e+02 8.1308410644531250e+01
3903 2.8095239257812500e+02 8.0373832702636719e+01
3904 2.8095239257812500e+02 7.9439254760742188e+01
3905 2.8095239257812500e+02 7.8504669189453125e+01
3906 2.8095239257812500e+02 7.7570091247558594e+01
3907 2.8095239257812500e+02 7.6635513305664062e+01
3908 2.8095239257812500e+02 7.5700935363769531e+01
3909 2.8095239257812500e+02 7.4766357421875000e+01
3910 2.8095239257812500e+02 7.3831779479980469e+01
3911 2.8095239257812500e+02 7.2897193908691406e+01
3912 2.8095239257812500e+02 7.1962615966796875e+01
3913 2.8095239257812500e+02 7.1028038024902344e+01
3914 2.8095239257812500e+02 7.0093460083007812e+01
3915 2.8095239257812500e+02 6.9158882141113281e+01
3916 2.8095239257812500e+02 6.8224296569824219e+01
3917 2.8095239257812500e+02 6.7289718627929688e+01
3918 2.8095239257812500e+02 6.6355140686035156e+01
3919 2.8095239257812500e+02 6.5420562744140625e+01
3920 2.8095239257812500e+02 6.4485984802246094e+01
3921 2.8095239257812500e+02 6.3551403045654297e+01
3922 2.8095239257812500e+02 6.2616821289062500e+01
3923 2.8095239257812500e+02 6.1682243347167969e+01
3924 2.8095239257812500e+02 6.0747665405273438e+01
3925 2.8095239257812500e+02 5.9813083648681641e+01
3926 2.8095239257812500e+02 5.8878505706787109e+01
3927 2.8095239257812500e+02 5.7943923950195312e+01
3928 2.8095239257812500e+02 5.7009346008300781e+01
3929 2.8095239257812500e+02 5.6074768066406250e+01
3930 2.8095239257812500e+02 5.5140186309814453e+01
3931 2.8095239257812500e+02 5.4205608367919922e+01
3932 2.8095239257812500e+02 5.3271026611328125e+01
3933 2.8095239257812500e+02 5.2336448669433594e+01
3934 2.8095239257812500e+02 5.1401870727539062e+01
3935 2.8095239257812500e+02 5.0467288970947266e+01
3936 2.8095239257812500e+02 4.9532711029052734e+01
3937 2.8095239257812500e+02 4.8598129272460938e+01
3938 2.8095239257812500e+02 4.7663551330566406e+01
3939 2.8095239257812500e+02 4.6728973388671875e+01
3940 2.8095239257812500e+02 4.5794391632080078e+01
3941 2.8095239257812500e+02 4.4859813690185547e+01
3942 2.8095239257812500e+02 4.3925231933593750e+01
3943 2.8095239257812500e+02 4.2990653991699219e+01
3944 2.8095239257812500e+02 4.2056076049804688e+01
3945 2.8095239257812500e+02 4.1121494293212891e+01
3946 2.8095239257812500e+02 4.0186916351318359e+01
3947 2.8095239257812500e+02 3.9252334594726562e+01
3948 2.8095239257812500e+02 3.8317756652832031e+01
3949 2.8095239257812500e+02 3.7383178710937500e+01
3950 2.8095239257812500e+02 3.6448596954345703e+01
3951 2.8095239257812500e+02 3.5514019012451172e+01
3952 2.8095239257812500e+02 3.4579441070556641e+01
3953 2.8095239257812500e+02 3.3644859313964844e+01
3954 2.8095239257812500e+02 3.2710281372070312e+01
3955 2.8095239257812500e+02 3.1775701522827148e+01
3956 2.8095239257812500e+02 3.0841121673583984e+01
3957 2.8095239257812500e+02 2.9906541824340820e+01
3958 2.8095239257812500e+02 2.8971961975097656e+01
3959 2.8095239257812500e+02 2.8037384033203125e+01
3960 2.8095239257812500e+02 2.7102804183959961e+01
3961 2.8095239257812500e+02 2.6168224334716797e+01
3962 2.8095239257812500e+02 2.5233644485473633e+01
3963 2.8095239257812500e+02 2.4299064636230469e+01
3964 2.8095239257812500e+02 2.3364486694335938e+01
3965 2.8095239257812500e+02 2.2429906845092773e+01
3966 2.8095239257812500e+02 2.1495326995849609e+01
3967 2.8095239257812500e+02 2.0560747146606445e+01
3968 2.8095239257812500e+02 1.9626167297363281e+01
3969 2.8095239257812500e+02 1.8691589355468750e+01
3970 2.8095239257812500e+02 1.7757009506225586e+01
3971 2.8095239257812500e+02 1.6822429656982422e+01
3972 2.8095239257812500e+02 1.5887850761413574e+01
3973 2.8095239257812500e+02 1.4953270912170410e+01
3974 2.8095239257812500e+02 1.4018692016601562e+01
3975 2.8095239257812500e+02 1.3084112167358398e+01
3976 2.8095239257812500e+02 1.2149532318115234e+01
3977 2.8095239257812500e+02 1.1214953422546387e+01
3978 2.8095239257812500e+02 1.0280373573303223e+01
3979 2.8095239257812500e+02 9.3457946777343750e+00
3980 2.8095239257812500e+02 8.4112148284912109e+00
3981 2.8095239257812500e+02 7.4766354560852051e+00
3982 2.8095239257812500e+02 6.5420560836791992e+00
3983 2.8095239257812500e+02 5.6074767112731934e+00
3984 2.8095239257812500e+02 4.6728973388671875e+00
3985 2.8095239257812500e+02 3.7383177280426025e+00
3986 2.8095239257812500e+02 2.8037383556365967e+00
3987 2.8095239257812500e+02 1.8691588640213013e+00
3988 2.8095239257812500e+02 9.3457943201065063e-01
3989 2.8571429443359375e+02 9.9065422058105469e+01
3990 2.8571429443359375e+02 9.8130844116210938e+01
3991 2.8571429443359375e+02 9.7196258544921875e+01
3992 2.8571429443359375e+02 9.6261680603027344e+01
3993 2.8571429443359375e+02 9.5327102661132812e+01
3994 2.8571429443359375e+02 9.4392524719238281e+01
3995 2.8571429443359375e+02 9.3457946777343750e+01
3996 2.8571429443359375e+02 9.2523361206054688e+01
3997 2.8571429443359375e+02 9.1588783264160156e+01
3998 2.8571429443359375e+02 9.0654205322265625e+01
3999 2.8571429443359375e+02 8.9719627380371094e+01
4000 2.8571429443359375e+02 8.8785049438476562e+01
4001 2.8571429443359375e+02 8.7850463867187500e+01
4002 2.8571429443359375e+02 8.6915885925292969e+01
4003 2.8571429443359375e+02 8.5981307983398438e+01
4004 2.8571429443359375e+02 8.5046730041503906e+01
4005 2.8571429443359375e+02 8.4112152099609375e+01
4006 2.8571429443359375e+02 8.3177566528320312e+01
4007 2.8571429443359375e+02 8.2242988586425781e+01
4008 2.8571429443359375e+02 8.1308410644531250e+01
4009 2.8571429443359375e+02 8.0373832702636719e+01
4010 2.8571429443359375e+02 7.9439254760742188e+01
4011 2.8571429443359375e+02 7.8504669189453125e+01
4012 2.8571429443359375e+02 7.7570091247558594e+01
4013 2.8571429443359375e+02 7.6635513305664062e+01
4014 2.8571429443359375e+02 7.5700935363769531e+01
4015 2.8571429443359375e+02 7.4766357421875000e+01
4016 2.8571429443359375e+02 7.3831779479980469e+01
4017 2.8571429443359375e+02 7.2897193908691406e+01
4018 2.8571429443359375e+02 7.1962615966796875e+01
4019 2.8571429443359375e+02 7.1028038024902344e+01
4020 2.8571429443359375e+02 7.0093460083007812e+01
4021 2.8571429443359375e+02 6.9158882141113281e+01
4022 2.8571429443359375e+02 6.8224296569824219e+01
4023 2.8571429443359375e+02 6.7289718627929688e+01
4024 2.8571429443359375e+02 6.6355140686035156e+01
4025 2.8571429443359375e+02 6.5420562744140625e+01
4026 2.8571429443359375e+02 6.4485984802246094e+01
4027 2.8571429443359375e+02 6.3551403045654297e+01
4028 2.8571429443359375e+02 6.2616821289062500e+01
4029 2.8571429443359375e+02 6.1682243347167969e+01
4030 2.8571429443359375e+02 6.0747665405273438e+01
4031 2.8571429443359375e+02 5.9813083648681641e+01
4032 2.8571429443359375e+02 5.8878505706787109e+01
4033 2.8571429443359375e+02 5.7943923950195312e+01
4034 2.8571429443359375e+02 5.7009346008300781e+01
4035 2.8571429443359375e+02 5.6074768066406250e+01
4036 2.8571429443359375e+02 5.5140186309814453e+01
4037 2.8571429443359375e+02 5.4205608367919922e+01
4038 2.8571429443359375e+02 5.3271026611328125e+01
4039 2.8571429443359375e+02 5.2336448669433594e+01
4040 2.8571429443359375e+02 5.1401870727539062e+01
4041 2.8571429443359375e+02 5.0467288970947266e+01
4042 2.8571429443359375e+02 4.9532711029052734e+01
4043 2.8571429443359375e+02 4.8598129272460938e+01
4044 2.8571429443359375e+02 4.7663551330566406e+01
4045 2.8571429443359375e+02 4.6728973388671875e+01
4046 2.8571429443359375e+02 4.5794391632080078e+01
4047 2.8571429443359375e+02 4.4859813690185547e+01
4048 2.8571429443359375e+02 4.3925231933593750e+01
4049 2.8571429443359375e+02 4.2990653991699219e+01
4050 2.8571429443359375e+02 4.2056076049804688e+01
4051 2.8571429443359375e+02 4.1121494293212891e+01
4052 2.8571429443359375e+02 4.0186916351318359e+01
4053 2.8571429443359375e+02 3.9252334594726562e+01
4054 2.8571429443359375e+02 3.8317756652832031e+01
4055 2.8571429443359375e+02 3.7383178710937500e+01
4056 2.8571429443359375e+02 3.6448596954345703e+01
4057 2.8571429443359375e+02 3.5514019012451172e+01
4058 2.8571429443359375e+02 3.4579441070556641e+01
4059 2.8571429443359375e+02 3.3644859313964844e+01
4060 2.8571429443359375e+02 3.2710281372070312e+01
4061 2.8571429443359375e+02 3.1775701522827148e+01
4062 2.8571429443359375e+02 3.0841121673583984e+01
4063 2.8571429443359375e+02 2.9906541824340820e+01
4064 2.8571429443359375e+02 2.8971961975097656e+01
4065 2.8571429443359375e+02 2.8037384033203125e+01
4066 2.8571429443359375e+02 2.7102804183959961e+01
4067 2.8571429443359375e+02 2.6168224334716797e+01
4068 2.8571429443359375e+02 2.5233644485473633e+01
4069 2.8571429443359375e+02 2.4299064636230469e+01
4070 2.8571429443359375e+02 2.3364486694335938e+01
4071 2.8571429443359375e+02 2.2429906845092773e+01
4072 2.8571429443359375e+02 2.1495326995849609e+01
4073 2.8571429443359375e+02 2.0560747146606445e+01
4074 2.8571429443359375e+02 1.9626167297363281e+01
4075 2.8571429443359375e+02 1.8691589355468750e+01
4076 2.8571429443359375e+02 1.7757009506225586e+01
4077 2.8571429443359375e+02 1.6822429656982422e+01
4078 2.8571429443359375e+02 1.5887850761413574e+01
4079 2.8571429443359375e+02 1.4953270912170410e+01
4080 2.8571429443359375e+02 1.4018692016601562e+01
4081 2.8571429443359375e+02 1.3084112167358398e+01
4082 2.8571429443359375e+02 1.2149532318115234e+01
4083 2.8571429443359375e+02 1.1214953422546387e+01
4084 2.8571429443359375e+02 1.0280373573303223e+01
4085 2.8571429443359375e+02 9.3457946777343750e+00
4086 2.8571429443359375e+02 8.4112148284912109e+00
4087 2.8571429443359375e+02 7.4766354560852051e+00
4088 2.8571429443359375e+02 6.5420560836791992e+00
4089 2.8571429443359375e+02 5.6074767112731934e+00
4090 2.8571429443359375e+02 4.6728973388671875e+00
4091 2.8571429443359375e+02 3.7383177280426025e+00
4092 2.8571429443359375e+02 2.8037383556365967e+00
4093 2.8571429443359375e+02 1.8691588640213013e+00
4094 2.8571429443359375e+02 9.3457943201065063e-01
4095 2.9047619628906250e+02 9.9065422058105469e+01
4096 2.9047619628906250e+02 9.8130844116210938e+01
4097 2.9047619628906250e+02 9.7196258544921875e+01
4098 2.9047619628906250e+02 9.6261680603027344e+01
4099 2.9047619628906250e+02 9.5327102661132812e+01
4100 2.9047619628906250e+02 9.4392524719238281e+01
4101 2.9047619628906250e+02 9.3457946777343750e+01
4102 2.9047619628906250e+02 9.2523361206054688e+01
4103 2.9047619628906250e+02 9.1588783264160156e+01
4104 2.9047619628906250e+02 9.0654205322265625e+01
4105 2.9047619628906250e+02 8.9719627380371094e+01
4106 2.9047619628906250e+02 8.8785049438476562e+01
4107 2.9047619628906250e+02 8.7850463867187500e+01
4108 2.9047619628906250e+02 8.6915885925292969e+01
4109 2.9047619628906250e+02 8.5981307983398438e+01
4110 2.9047619628906250e+02 8.5046730041503906e+01
4111 2.9047619628906250e+02 8.4112152099609375e+01
4112 2.9047619628906250e+02 8.3177566528320312e+01
4113 2.9047619628906250e+02 8.2242988586425781e+01
4114 2.9047619628906250e+02 8.1308410644531250e+01
4115 2.9047619628906250e+02 8.0373832702636719e+01
4116 2.9047619628906250e+02 7.9439254760742188e+01
4117 2.9047619628906250e+02 7.8504669189453125e+01
4118 2.9047619628906250e+02 7.7570091247558594e+01
4119 2.9047619628906250e+02 7.6635513305664062e+01
4120 2.9047619628906250e+02 7.5700935363769531e+01
4121 2.9047619628906250e+02 7.4766357421875000e+01
4122 2.9047619628906250e+02 7.3831779479980469e+01
4123 2.9047619628906250e+02 7.2897193908691406e+01
4124 2.9047619628906250e+02 7.1962615966796875e+01
4125 2.9047619628906250e+02 7.1028038024902344e+01
4126 2.9047619628906250e+02 7.0093460083007812e+01
4127 2.9047619628906250e+02 6.9158882141113281e+01
4128 2.9047619628906250e+02 6.8224296569824219e+01
4129 2.9047619628906250e+02 6.7289718627929688e+01
4130 2.9047619628906250e+02 6.6355140686035156e+01
4131 2.9047619628906250e+02 6.5420562744140625e+01
4132 2.9047619628906250e+02 6.4485984802246094e+01
4133 2.9047619628906250e+02 6.3551403045654297e+01
4134 2.9047619628906250e+02 6.2616821289062500e+01
4135 2.9047619628906250e+02 6.1682243347167969e+01
4136 2.9047619628906250e+02 6.0747665405273438e+01
4137 2.9047619628906250e+02 5.9813083648681641e+01
4138 2.9047619628906250e+02 5.8878505706787109e+01
4139 2.9047619628906250e+02 5.7943923950195312e+01
4140 2.9047619628906250e+02 5.7009346008300781e+01
4141 2.9047619628906250e+02 5.6074768066406250e+01
4142 2.9047619628906250e+02 5.5140186309814453e+01
4143 2.9047619628906250e+02 5.4205608367919922e+01
4144 2.9047619628906250e+02 5.3271026611328125e+01
4145 2.9047619628906250e+02 5.2336448669433594e+01
4146 2.9047619628906250e+02 5.1401870727539062e+01
4147 2.9047619628906250e+02 5.0467288970947266e+01
4148 2.9047619628906250e+02 4.9532711029052734e+01
4149 2.9047619628906250e+02 4.8598129272460938e+01
4150 2.9047619628906250e+02 4.7663551330566406e+01
4151 2.9047619628906250e+02 4.6728973388671875e+01
4152 2.9047619628906250e+02 4.5794391632080078e+01
4153 2.9047619628906250e+02 4.4859813690185547e+01
4154 2.9047619628906250e+02 4.3925231933593750e+01
4155 2.9047619628906250e+02 4.2990653991699219e+01
4156 2.9047619628906250e+02 4.2056076049804688e+01
4157 2.9047619628906250e+02 4.1121494293212891e+01
4158 2.9047619628906250e+02 4.0186916351318359e+01
4159 2.9047619628906250e+02 3.9252334594726562e+01
4160 2.9047619628906250e+02 3.8317756652832031e+01
4161 2.9047619628906250e+02 3.7383178710937500e+01
4162 2.9047619628906250e+02 3.6448596954345703e+01
4163 2.9047619628906250e+02 3.5514019012451172e+01
4164 2.9047619628906250e+02 3.4579441070556641e+01
4165 2.9047619628906250e+02 3.3644859313964844e+01
4166 2.9047619628906250e+02 3.2710281372070312e+01
4167 2.9047619628906250e+02 3.1775701522827148e+01
4168 2.9047619628906250e+02 3.0841121673583984e+01
4169 2.9047619628906250e+02 2.9906541824340820e+01
4170 2.9047619628906250e+02 2.8971961975097656e+01
4171 2.9047619628906250e+02 2.8037384033203125e+01
4172 2.9047619628906250e+02 2.7102804183959961e+01
4173 2.9047619628906250e+02 2.6168224334716797e+01
4174 2.9047619628906250e+02 2.5233644485473633e+01
4175 2.9047619628906250e+02 2.4299064636230469e+01
4176 2.9047619628906250e+02 2.3364486694335938e+01
4177 2.9047619628906250e+02 2.2429906845092773e+01
4178 2.9047619628906250e+02 2.1495326995849609e+01
4179 2.9047619628906250e+02 2.0560747146606445e+01
4180 2.9047619628906250e+02 1.9626167297363281e+01
4181 2.9047619628906250e+02 1.8691589355468750e+01
4182 2.9047619628906250e+02 1.7757009506225586e+01
4183 2.9047619628906250e+02 1.6822429656982422e+01
4184 2.9047619628906250e+02 1.5887850761413574e+01
4185 2.9047619628906250e+02 1.4953270912170410e+01
4186 2.9047619628906250e+02 1.4018692016601562e+01
4187 2.9047619628906250e+02 1.3084112167358398e+01
4188 2.9047619628906250e+02 1.2149532318115234e+01
4189 2.9047619628906250e+02 1.1214953422546387e+01
4190 2.9047619628906250e+02 1.0280373573303223e+01
4191 2.9047619628906250e+02 9.3457946777343750e+00
4192 2.9047619628906250e+02 8.4112148284912109e+00
4193 2.9047619628906250e+02 7.4766354560852051e+00
4194 2.9047619628906250e+02 6.5420560836791992e+00
4195 2.9047619628906250e+02 5.6074767112731934e+00
4196 2.9047619628906250e+02 4.6728973388671875e+00
4197 2.9047619628906250e+02 3.7383177280426025e+00
4198 2.9047619628906250e+02 2.8037383556365967e+00
4199 2.9047619628906250e+02 1.8691588640213013e+00
4200 2.9047619628906250e+02 9.3457943201065063e-01
4201 2.9523809814453125e+02 9.9065422058105469e+01
4202 2.9523809814453125e+02 9.8130844116210938e+01
4203 2.9523809814453125e+02 9.7196258544921875e+01
4204 2.9523809814453125e+02 9.6261680603027344e+01
4205 2.9523809814453125e+02 9.5327102661132812e+01
4206 2.9523809814453125e+02 9.4392524719238281e+01
4207 2.9523809814453125e+02 9.3457946777343750e+01
4208 2.9523809814453125e+02 9.2523361206054688e+01
4209 2.9523809814453125e+02 9.1588783264160156e+01
4210 2.9523809814453125e+02 9.0654205322265625e+01
4211 2.9523809814453125e+02 8.9719627380371094e+01
4212 2.9523809814453125e+02 8.8785049438476562e+01
4213 2.9523809814453125e+02 8.7850463867187500e+01
4214 2.9523809814453125e+02 8.6915885925292969e+01
4215 2.9523809814453125e+02 8.5981307983398438e+01
4216 2.9523809814453125e+02 8.5046730041503906e+01
4217 2.9523809814453125e+02 8.4112152099609375e+01
4218 2.9523809814453125e+02 8.3177566528320312e+01
4219 2.9523809814453125e+02 8.2242988586425781e+01
4220 2.9523809814453125e+02 8.1308410644531250e+01
4221 2.9523809814453125e+02 8.0373832702636719e+01
4222 2.9523809814453125e+02 7.9439254760742188e+01
4223 2.9523809814453125e+02 7.8504669189453125e+01
4224 2.9523809814453125e+02 7.7570091247558594e+01
4225 2.9523809814453125e+02 7.6635513305664062e+01
4226 2.9523809814453125e+02 7.5700935363769531e+01
4227 2.9523809814453125e+02 7.4766357421875000e+01
4228 2.9523809814453125e+02 7.3831779479980469e+01
4229 2.9523809814453125e+02 7.2897193908691406e+01
4230 2.9523809814453125e+02 7.1962615966796875e+01
4231 2.9523809814453125e+02 7.1028038024902344e+01
4232 2.9523809814453125e+02 7.0093460083007812e+01
4233 2.9523809814453125e+02 6.9158882141113281e+01
4234 2.9523809814453125e+02 6.8224296569824219e+01
4235 2.9523809814453125e+02 6.7289718627929688e+01
4236 2.9523809814453125e+02 6.6355140686035156e+01
4237 2.9523809814453125e+02 6.5420562744140625e+01
4238 2.9523809814453125e+02 6.4485984802246094e+01
4239 2.9523809814453125e+02 6.3551403045654297e+01
4240 2.9523809814453125e+02 6.2616821289062500e+01
4241 2.9523809814453125e+02 6.1682243347167969e+01
4242 2.9523809814453125e+02 6.0747665405273438e+01
4243 2.9523809814453125e+02 5.9813083648681641e+01
4244 2.9523809814453125e+02 5.8878505706787109e+01
4245 2.9523809814453125e+02 5.7943923950195312e+01
4246 2.9523809814453125e+02 5.7009346008300781e+01
4247 2.9523809814453125e+02 5.6074768066406250e+01
4248 2.9523809814453125e+02 5.5140186309814453e+01
4249 2.9523809814453125e+02 5.4205608367919922e+01
4250 2.9523809814453125e+02 5.3271026611328125e+01
4251 2.9523809814453125e+02 5.2336448669433594e+01
4252 2.9523809814453125e+02 5.1401870727539062e+01
4253 2.9523809814453125e+02 5.0467288970947266e+01
4254 2.9523809814453125e+02 4.9532711029052734e+01
4255 2.9523809814453125e+02 4.8598129272460938e+01
4256 2.9523809814453125e+02 4.7663551330566406e+01
4257 2.9523809814453125e+02 4.6728973388671875e+01
4258 2.9523809814453125e+02 4.5794391632080078e+01
4259 2.9523809814453125e+02 4.4859813690185547e+01
4260 2.9523809814453125e+02 4.3925231933593750e+01
4261 2.9523809814453125e+02 4.2990653991699219e+01
4262 2.9523809814453125e+02 4.2056076049804688e+01
4263 2.9523809814453125e+02 4.1121494293212891e+01
4264 2.9523809814453125e+02 4.0186916351318359e+01
4265 2.9523809814453125e+02 3.9252334594726562e+01
4266 2.9523809814453125e+02 3.8317756652832031e+01
4267 2.9523809814453125e+02 3.7383178710937500e+01
4268 2.9523809814453125e+02 3.6448596954345703e+01
4269 2.9523809814453125e+02 3.5514019012451172e+01
4270 2.9523809814453125e+02 3.4579441070556641e+01
4271 2.9523809814453125e+02 3.3644859313964844e+01
4272 2.9523809814453125e+02 3.2710281372070312e+01
4273 2.9523809814453125e+02 3.1775701522827148e+01
4274 2.9523809814453125e+02 3.0841121673583984e+01
4275 2.9523809814453125e+02 2.9906541824340820e+01
4276 2.9523809814453125e+02 2.8971961975097656e+01
4277 2.9523809814453125e+02 2.8037384033203125e+01
4278 2.9523809814453125e+02 2.7102804183959961e+01
4279 2.9523809814453125e+02 2.6168224334716797e+01
4280 2.9523809814453125e+02 2.5233644485473633e+01
4281 2.9523809814453125e+02 2.4299064636230469e+01
4282 2.9523809814453125e+02 2.3364486694335938e+01
4283 2.9523809814453125e+02 2.2429906845092773e+01
4284 2.9523809814453125e+02 2.1495326995849609e+01
4285 2.9523809814453125e+02 2.0560747146606445e+01
4286 2.9523809814453125e+02 1.9626167297363281e+01
4287 2.9523809814453125e+02 1.8691589355468750e+01
4288 2.9523809814453125e+02 1.7757009506225586e+01
4289 2.9523809814453125e+02 1.6822429656982422e+01
4290 2.9523809814453125e+02 1.5887850761413574e+01
4291 2.9523809814453125e+02 1.4953270912170410e+01
4292 2.9523809814453125e+02 1.4018692016601562e+01
4293 2.9523809814453125e+02 1.3084112167358398e+01
4294 2.9523809814453125e+02 1.2149532318115234e+01
4295 2.9523809814453125e+02 1.1214953422546387e+01
4296 2.9523809814453125e+02 1.0280373573303223e+01
4297 2.9523809814453125e+02 9.3457946777343750e+00
4298 2.9523809814453125e+02 8.4112148284912109e+00
4299 2.9523809814453125e+02 7.4766354560852051e+00
4300 2.9523809814453125e+02 6.5420560836791992e+00
4301 2.9523809814453125e+02 5.6074767112731934e+00
4302 2.9523809814453125e+02 4.6728973388671875e+00
4303 2.9523809814453125e+02 3.7383177280426025e+00
4304 2.9523809814453125e+02 2.8037383556365967e+00
4305 2.9523809814453125e+02 1.8691588640213013e+00
4306 2.9523809814453125e+02 9.3457943201065063e-01
4307 1.9904891967773438e+02 9.3457943201065063e-01
4308 1.9904891967773438e+02 1.8691588640213013e+00
4309 1.9904891967773438e+02 2.8037383556365967e+00
4310 1.9904891967773438e+02 3.7383177280426025e+00
4311 1.9904891967773438e+02 4.6728973388671875e+00
4312 1.9904891967773438e+02 5.6074767112731934e+00
4313 1.9904891967773438e+02 6.5420560836791992e+00
4314 1.9904891967773438e+02 7.4766354560852051e+00
4315 1.9904891967773438e+02 8.4112148284912109e+00
4316 1.9904891967773438e+02 9.3457946777343750e+00
4317 1.9904891967773438e+02 1.0280373573303223e+01
4318 1.9904891967773438e+02 1.1214953422546387e+01
4319 1.9904891967773438e+02 1.2149532318115234e+01
4320 1.9904891967773438e+02 1.3084112167358398e+01
4321 1.9904891967773438e+02 1.4018692016601562e+01
4322 1.9904891967773438e+02 1.4953270912170410e+01
4323 1.9904891967773438e+02 1.5887850761413574e+01
4324 1.9904891967773438e+02 1.6822429656982422e+01
4325 1.9904891967773438e+02 1.7757009506225586e+01
4326 1.9904891967773438e+02 1.8691589355468750e+01
4327 1.9904891967773438e+02 1.9626167297363281e+01
4328 1.9904891967773438e+02 2.0560747146606445e+01
4329 1.9904891967773438e+02 2.1495326995849609e+01
4330 1.9904891967773438e+02 2.2429906845092773e+01
4331 1.9904891967773438e+02 2.3364486694335938e+01
4332 1.9904891967773438e+02 2.4299064636230469e+01
4333 1.9904891967773438e+02 2.5233644485473633e+01
4334 1.9904891967773438e+02 2.6168224334716797e+01
4335 1.9904891967773438e+02 2.7102804183959961e+01
4336 1.9904891967773438e+02 2.8037384033203125e+01
4337 1.9904891967773438e+02 2.8971961975097656e+01
4338 1.9904891967773438e+02 2.9906541824340820e+01
4339 1.9904891967773438e+02 3.0841121673583984e+01
4340 1.9904891967773438e+02 3.1775701522827148e+01
4341 1.9904891967773438e+02 3.2710281372070312e+01
4342 1.9904891967773438e+02 3.3644859313964844e+01
4343 1.9904891967773438e+02 3.4579441070556641e+01
4344 1.9904891967773438e+02 3.5514019012451172e+01
4345 1.9904891967773438e+02 3.6448596954345703e+01
4346 1.9904891967773438e+02 3.7383178710937500e+01
4347 1.9904891967773438e+02 3.8317756652832031e+01
4348 1.9904891967773438e+02 3.9252334594726562e+01
4349 1.9904891967773438e+02 4.0186916351318359e+01
4350 1.9904891967773438e+02 4.1121494293212891e+01
4351 1.9904891967773438e+02 4.2056076049804688e+01
4352 1.9904891967773438e+02 4.2990653991699219e+01
4353 1.9904891967773438e+02 4.3925231933593750e+01
4354 1.9904891967773438e+02 4.4859813690185547e+01
4355 1.9904891967773438e+02 4.5794391632080078e+01
4356 1.9904891967773438e+02 4.6728973388671875e+01
4357 1.9904891967773438e+02 4.7663551330566406e+01
4358 1.9904891967773438e+02 4.8598129272460938e+01
4359 1.9904891967773438e+02 4.9532711029052734e+01
4360 1.9904891967773438e+02 5.0467288970947266e+01
4361 1.9904891967773438e+02 5.1401870727539062e+01
4362 1.9904891967773438e+02 5.2336448669433594e+01
4363 1.9904891967773438e+02 5.3271026611328125e+01
4364 1.9904891967773438e+02 5.4205608367919922e+01
4365 1.9904891967773438e+02 5.5140186309814453e+01
4366 1.9904891967773438e+02 5.6074768066406250e+01
4367 1.9904891967773438e+02 5.7009346008300781e+01
4368 1.9904891967773438e+02 5.7943923950195312e+01
4369 1.9904891967773438e+02 5.8878505706787109e+01
4370 1.9904891967773438e+02 5.9813083648681641e+01
4371 1.9904891967773438e+02 6.0747665405273438e+01
4372 1.9904891967773438e+02 6.1682243347167969e+01
4373 1.9904891967773438e+02 6.2616821289062500e+01
4374 1.9904891967773438e+02 6.3551403045654297e+01
4375 1.9904891967773438e+02 6.4485984802246094e+01
4376 1.9904891967773438e+02 6.5420562744140625e+01
4377 1.9904891967773438e+02 6.6355140686035156e+01
4378 1.9904891967773438e+02 6.7289718627929688e+01
4379 1.9904891967773438e+02 6.8224296569824219e+01
4380 1.9904891967773438e+02 6.9158882141113281e+01
4381 1.9904891967773438e+02 7.0093460083007812e+01
4382 1.9904891967773438e+02 7.1028038024902344e+01
4383 1.9904891967773438e+02 7.1962615966796875e+01
4384 1.9904891967773438e+02 7.2897193908691406e+01
4385 1.9904891967773438e+02 7.3831779479980469e+01
4386 1.9904891967773438e+02 7.4766357421875000e+01
4387 1.9904891967773438e+02 7.5700935363769531e+01
4388 1.9904891967773438e+02 7.6635513305664062e+01
4389 1.9904891967773438e+02 7.7570091247558594e+01
4390 1.9904891967773438e+02 7.8504669189453125e+01
4391 1.9904891967773438e+02 7.9439254760742188e+01
4392 1.9904891967773438e+02 8.0373832702636719e+01
4393 1.9904891967773438e+02 8.1308410644531250e+01
4394 1.9904891967773438e+02 8.2242988586425781e+01
4395 1.9904891967773438e+02 8.3177566528320312e+01
4396 1.9904891967773438e+02 8.4112152099609375e+01
4397 1.9904891967773438e+02 8.5046730041503906e+01
4398 1.9904891967773438e+02 8.5981307983398438e+01
4399 1.9904891967773438e+02 8.6915885925292969e+01
4400 1.9904891967773438e+02 8.7850463867187500e+01
4401 1.9904891967773438e+02 8.8785049438476562e+01
4402 1.9904891967773438e+02 8.9719627380371094e+01
4403 1.9904891967773438e+02 9.0654205322265625e+01
4404 1.9904891967773438e+02 9.1588783264160156e+01
4405 1.9904891967773438e+02 9.2523361206054688e+01
4406 1.9904891967773438e+02 9.3457946777343750e+01
4407 1.9904891967773438e+02 9.4392524719238281e+01
4408 1.9904891967773438e+02 9.5327102661132812e+01
4409 1.9904891967773438e+02 9.6261680603027344e+01
4410 1.9904891967773438e+02 9.7196258544921875e+01
4411 1.9904891967773438e+02 9.8130844116210938e+01
4412 1.9904891967773438e+02 9.9065422058105469e+01
4413 1.9809782409667969e+02 9.3457943201065063e-01
4414 1.9809782409667969e+02 1.8691588640213013e+00
4415 1.9809782409667969e+02 2.8037383556365967e+00
4416 1.9809782409667969e+02 3.7383177280426025e+00
4417 1.9809782409667969e+02 4.6728973388671875e+00
4418 1.9809782409667969e+02 5.6074767112731934e+00
4419 1.9809782409667969e+02 6.5420560836791992e+00
4420 1.9809782409667969e+02 7.4766354560852051e+00
4421 1.9809782409667969e+02 8.4112148284912109e+00
4422 1.9809782409667969e+02 9.3457946777343750e+00
4423 1.9809782409667969e+02 1.0280373573303223e+01
4424 1.9809782409667969e+02 1.1214953422546387e+01
4425 1.9809782409667969e+02 1.2149532318115234e+01
4426 1.9809782409667969e+02 1.3084112167358398e+01
4427 1.9809782409667969e+02 1.4018692016601562e+01
4428 1.9809782409667969e+02 1.4953270912170410e+01
4429 1.9809782409667969e+02 1.5887850761413574e+01
4430 1.9809782409667969e+02 1.6822429656982422e+01
4431 1.9809782409667969e+02 1.7757009506225586e+01
4432 1.9809782409667969e+02 1.8691589355468750e+01
4433 1.9809782409667969e+02 1.9626167297363281e+01
4434 1.9809782409667969e+02 2.0560747146606445e+01
4435 1.9809782409667969e+02 2.1495326995849609e+01
4436 1.9809782409667969e+02 2.2429906845092773e+01
4437 1.9809782409667969e+02 2.3364486694335938e+01
4438 1.9809782409667969e+02 2.4299064636230469e+01
4439 1.9809782409667969e+02 2.5233644485473633e+01
4440 1.9809782409667969e+02 2.6168224334716797e+01
4441 1.9809782409667969e+02 2.7102804183959961e+01
4442 1.9809782409667969e+02 2.8037384033203125e+01
4443 1.9809782409667969e+02 2.8971961975097656e+01
4444 1.9809782409667969e+02 2.9906541824340820e+01
4445 1.9809782409667969e+02 3.0841121673583984e+01
4446 1.9809782409667969e+02 3.1775701522827148e+01
4447 1.9809782409667969e+02 3.2710281372070312e+01
4448 1.9809782409667969e+02 3.3644859313964844e+01
4449 1.9809782409667969e+02 3.4579441070556641e+01
4450 1.9809782409667969e+02 3.5514019012451172e+01
4451 1.9809782409667969e+02 3.6448596954345703e+01
4452 1.9809782409667969e+02 3.7383178710937500e+01
4453 1.9809782409667969e+02 3.8317756652832031e+01
4454 1.9809782409667969e+02 3.9252334594726562e+01
4455 1.9809782409667969e+02 4.0186916351318359e+01
4456 1.9809782409667969e+02 4.1121494293212891e+01
4457 1.9809782409667969e+02 4.2056076049804688e+01
4458 1.9809782409667969e+02 4.2990653991699219e+01
4459 1.9809782409667969e+02 4.3925231933593750e+01
4460 1.9809782409667969e+02 4.4859813690185547e+01
4461 1.9809782409667969e+02 4.5794391632080078e+01
4462 1.9809782409667969e+02 4.6728973388671875e+01
4463 1.9809782409667969e+02 4.7663551330566406e+01
4464 1.9809782409667969e+02 4.8598129272460938e+01
4465 1.9809782409667969e+02 4.9532711029052734e+01
4466 1.9809782409667969e+02 5.0467288970947266e+01
4467 1.9809782409667969e+02 5.1401870727539062e+01
4468 1.9809782409667969e+02 5.2336448669433594e+01
4469 1.9809782409667969e+02 5.3271026611328125e+01
4470 1.9809782409667969e+02 5.4205608367919922e+01
4471 1.9809782409667969e+02 5.5140186309814453e+01
4472 1.9809782409667969e+02 5.6074768066406250e+01
4473 1.9809782409667969e+02 5.7009346008300781e+01
4474 1.9809782409667969e+02 5.7943923950195312e+01
4475 1.9809782409667969e+02 5.8878505706787109e+01
4476 1.9809782409667969e+02 5.9813083648681641e+01
4477 1.9809782409667969e+02 6.0747665405273438e+01
4478 1.9809782409667969e+02 6.1682243347167969e+01
4479 1.9809782409667969e+02 6.2616821289062500e+01
4480 1.9809782409667969e+02 6.3551403045654297e+01
4481 1.9809782409667969e+02 6.4485984802246094e+01
4482 1.9809782409667969e+02 6.5420562744140625e+01
4483 1.9809782409667969e+02 6.6355140686035156e+01
4484 1.9809782409667969e+02 6.7289718627929688e+01
4485 1.9809782409667969e+02 6.8224296569824219e+01
4486 1.9809782409667969e+02 6.9158882141113281e+01
4487 1.9809782409667969e+02 7.0093460083007812e+01
4488 1.9809782409667969e+02 7.1028038024902344e+01
4489 1.9809782409667969e+02 7.1962615966796875e+01
4490 1.9809782409667969e+02 7.2897193908691406e+01
4491 1.9809782409667969e+02 7.3831779479980469e+01
4492 1.9809782409667969e+02 7.4766357421875000e+01
4493 1.9809782409667969e+02 7.5700935363769531e+01
4494 1.9809782409667969e+02 7.6635513305664062e+01
4495 1.9809782409667969e+02 7.7570091247558594e+01
4496 1.9809782409667969e+02 7.8504669189453125e+01
4497 1.9809782409667969e+02 7.9439254760742188e+01
4498 1.9809782409667969e+02 8.0373832702636719e+01
4499 1.9809782409667969e+02 8.1308410644531250e+01
4500 1.9809782409667969e+02 8.2242988586425781e+01
4501 1.9809782409667969e+02 8.3177566528320312e+01
4502 1.9809782409667969e+02 8.4112152099609375e+01
4503 1.9809782409667969e+02 8.5046730041503906e+01
4504 1.9809782409667969e+02 8.5981307983398438e+01
4505 1.9809782409667969e+02 8.6915885925292969e+01
4506 1.9809782409667969e+02 8.7850463867187500e+01
4507 1.9809782409667969e+02 8.8785049438476562e+01
4508 1.9809782409667969e+02 8.9719627380371094e+01
4509 1.9809782409667969e+02 9.0654205322265625e+01
4510 1.9809782409667969e+02 9.1588783264160156e+01
4511 1.9809782409667969e+02 9.2523361206054688e+01
4512 1.9809782409667969e+02 9.3457946777343750e+01
4513 1.9809782409667969e+02 9.4392524719238281e+01
4514 1.9809782409667969e+02 9.5327102661132812e+01
4515 1.9809782409667969e+02 9.6261680603027344e+01
4516 1.9809782409667969e+02 9.7196258544921875e+01
4517 1.9809782409667969e+02 9.8130844116210938e+01
4518 1.9809782409667969e+02 9.9065422058105469e+01
4519 1.9714674377441406e+02 9.3457943201065063e-01
4520 1.9714674377441406e+02 1.8691588640213013e+00
4521 1.9714674377441406e+02 2.8037383556365967e+00
4522 1.9714674377441406e+02 3.7383177280426025e+00
4523 1.9714674377441406e+02 4.6728973388671875e+00
4524 1.9714674377441406e+02 5.6074767112731934e+00
4525 1.9714674377441406e+02 6.5420560836791992e+00
4526 1.9714674377441406e+02 7.4766354560852051e+00
4527 1.9714674377441406e+02 8.4112148284912109e+00
4528 1.9714674377441406e+02 9.3457946777343750e+00
4529 1.9714674377441406e+02 1.0280373573303223e+01
4530 1.9714674377441406e+02 1.1214953422546387e+01
4531 1.9714674377441406e+02 1.2149532318115234e+01
4532 1.9714674377441406e+02 1.3084112167358398e+01
4533 1.9714674377441406e+02 1.4018692016601562e+01
4534 1.9714674377441406e+02 1.4953270912170410e+01
4535 1.9714674377441406e+02 1.5887850761413574e+01
4536 1.9714674377441406e+02 1.6822429656982422e+01
4537 1.9714674377441406e+02 1.7757009506225586e+01
4538 1.9714674377441406e+02 1.8691589355468750e+01
4539 1.9714674377441406e+02 1.9626167297363281e+01
4540 1.9714674377441406e+02 2.0560747146606445e+01
4541 1.9714674377441406e+02 2.1495326995849609e+01
4542 1.9714674377441406e+02 2.2429906845092773e+01
4543 1.9714674377441406e+02 2.3364486694335938e+01
4544 1.9714674377441406e+02 2.4299064636230469e+01
4545 1.9714674377441406e+02 2.5233644485473633e+01
4546 1.9714674377441406e+02 2.6168224334716797e+01
4547 1.9714674377441406e+02 2.7102804183959961e+01
4548 1.9714674377441406e+02 2.8037384033203125e+01
4549 1.9714674377441406e+02 2.8971961975097656e+01
4550 1.9714674377441406e+02 2.9906541824340820e+01
4551 1.9714674377441406e+02 3.0841121673583984e+01
4552 1.9714674377441406e+02 3.1775701522827148e+01
4553 1.9714674377441406e+02 3.2710281372070312e+01
4554 1.9714674377441406e+02 3.3644859313964844e+01
4555 1.9714674377441406e+02 3.4579441070556641e+01
4556 1.9714674377441406e+02 3.5514019012451172e+01
4557 1.9714674377441406e+02 3.6448596954345703e+01
4558 1.9714674377441406e+02 3.7383178710937500e+01
4559 1.9714674377441406e+02 3.8317756652832031e+01
4560 1.9714674377441406e+02 3.9252334594726562e+01
4561 1.9714674377441406e+02 4.0186916351318359e+01
4562 1.9714674377441406e+02 4.1121494293212891e+01
4563 1.9714674377441406e+02 4.2056076049804688e+01
4564 1.9714674377441406e+02 4.2990653991699219e+01
4565 1.9714674377441406e+02 4.3925231933593750e+01
4566 1.9714674377441406e+02 4.4859813690185547e+01
4567 1.9714674377441406e+02 4.5794391632080078e+01
4568 1.9714674377441406e+02 4.6728973388671875e+01
4569 1.9714674377441406e+02 4.7663551330566406e+01
4570 1.9714674377441406e+02 4.8598129272460938e+01
4571 1.9714674377441406e+02 4.9532711029052734e+01
4572 1.9714674377441406e+02 5.0467288970947266e+01
4573 1.9714674377441406e+02 5.1401870727539062e+01
4574 1.9714674377441406e+02 5.2336448669433594e+01
4575 1.9714674377441406e+02 5.3271026611328125e+01
4576 1.9714674377441406e+02 5.4205608367919922e+01
4577 1.9714674377441406e+02 5.5140186309814453e+01
4578 1.9714674377441406e+02 5.6074768066406250e+01
4579 1.9714674377441406e+02 5.7009346008300781e+01
4580 1.9714674377441406e+02 5.7943923950195312e+01
4581 1.9714674377441406e+02 5.8878505706787109e+01
4582 1.9714674377441406e+02 5.9813083648681641e+01
4583 1.9714674377441406e+02 6.0747665405273438e+01
4584 1.9714674377441406e+02 6.1682243347167969e+01
4585 1.9714674377441406e+02 6.2616821289062500e+01
4586 1.9714674377441406e+02 6.3551403045654297e+01
4587 1.9714674377441406e+02 6.4485984802246094e+01
4588 1.9714674377441406e+02 6.5420562744140625e+01
4589 1.9714674377441406e+02 6.6355140686035156e+01
4590 1.9714674377441406e+02 6.7289718627929688e+01
4591 1.9714674377441406e+02 6.8224296569824219e+01
4592 1.9714674377441406e+02 6.9158882141113281e+01
4593 1.9714674377441406e+02 7.0093460083007812e+01
4594 1.9714674377441406e+02 7.1028038024902344e+01
4595 1.9714674377441406e+02 7.1962615966796875e+01
4596 1.9714674377441406e+02 7.2897193908691406e+01
4597 1.9714674377441406e+02 7.3831779479980469e+01
4598 1.9714674377441406e+02 7.4766357421875000e+01
4599 1.9714674377441406e+02 7.5700935363769531e+01
4600 1.9714674377441406e+02 7.6635513305664062e+01
4601 1.9714674377441406e+02 7.7570091247558594e+01
4602 1.9714674377441406e+02 7.8504669189453125e+01
4603 1.9714674377441406e+02 7.9439254760742188e+01
4604 1.9714674377441406e+02 8.0373832702636719e+01
4605 1.9714674377441406e+02 8.1308410644531250e+01
4606 1.9714674377441406e+02 8.2242988586425781e+01
4607 1.9714674377441406e+02 8.3177566528320312e+01
4608 1.9714674377441406e+02 8.4112152099609375e+01
4609 1.9714674377441406e+02 8.5046730041503906e+01
4610 1.9714674377441406e+02 8.5981307983398438e+01
4611 1.9714674377441406e+02 8.6915885925292969e+01
4612 1.9714674377441406e+02 8.7850463867187500e+01
4613 1.9714674377441406e+02 8.8785049438476562e+01
4614 1.9714674377441406e+02 8.9719627380371094e+01
4615 1.9714674377441406e+02 9.0654205322265625e+01
4616 1.9714674377441406e+02 9.1588783264160156e+01
4617 1.9714674377441406e+02 9.2523361206054688e+01
4618 1.9714674377441406e+02 9.3457946777343750e+01
4619 1.9714674377441406e+02 9.4392524719238281e+01
4620 1.9714674377441406e+02 9.5327102661132812e+01
4621 1.9714674377441406e+02 9.6261680603027344e+01
4622 1.9714674377441406e+02 9.7196258544921875e+01
4623 1.9714674377441406e+02 9.8130844116210938e+01
4624 1.9714674377441406e+02 9.9065422058105469e+01
4625 1.9619564819335938e+02 9.3457943201065063e-01
4626 1.9619564819335938e+02 1.8691588640213013e+00
4627 1.9619564819335938e+02 2.8037383556365967e+00
4628 1.9619564819335938e+02 3.7383177280426025e+00
4629 1.9619564819335938e+02 4.6728973388671875e+00
4630 1.9619564819335938e+02 5.6074767112731934e+00
4631 1.9619564819335938e+02 6.5420560836791992e+00
4632 1.9619564819335938e+02 7.4766354560852051e+00
4633 1.9619564819335938e+02 8.4112148284912109e+00
4634 1.9619564819335938e+02 9.3457946777343750e+00
4635 1.9619564819335938e+02 1.0280373573303223e+01
4636 1.9619564819335938e+02 1.1214953422546387e+01
4637 1.9619564819335938e+02 1.2149532318115234e+01
4638 1.9619564819335938e+02 1.3084112167358398e+01
4639 1.9619564819335938e+02 1.4018692016601562e+01
4640 1.9619564819335938e+02 1.4953270912170410e+01
4641 1.9619564819335938e+02 1.5887850761413574e+01
4642 1.9619564819335938e+02 1.6822429656982422e+01
4643 1.9619564819335938e+02 1.7757009506225586e+01
4644 1.9619564819335938e+02 1.8691589355468750e+01
4645 1.9619564819335938e+02 1.9626167297363281e+01
4646 1.9619564819335938e+02 2.0560747146606445e+01
4647 1.9619564819335938e+02 2.1495326995849609e+01
4648 1.9619564819335938e+02 2.2429906845092773e+01
4649 1.9619564819335938e+02 2.3364486694335938e+01
4650 1.9619564819335938e+02 2.4299064636230469e+01
4651 1.9619564819335938e+02 2.5233644485473633e+01
4652 1.9619564819335938e+02 2.6168224334716797e+01
4653 1.9619564819335938e+02 2.7102804183959961e+01
4654 1.9619564819335938e+02 2.8037384033203125e+01
4655 1.9619564819335938e+02 2.8971961975097656e+01
4656 1.9619564819335938e+02 2.9906541824340820e+01
4657 1.9619564819335938e+02 3.0841121673583984e+01
4658 1.9619564819335938e+02 3.1775701522827148e+01
4659 1.9619564819335938e+02 3.2710281372070312e+01
4660 1.9619564819335938e+02 3.3644859313964844e+01
4661 1.9619564819335938e+02 3.4579441070556641e+01
4662 1.9619564819335938e+02 3.5514019012451172e+01
4663 1.9619564819335938e+02 3.6448596954345703e+01
4664 1.9619564819335938e+02 3.7383178710937500e+01
4665 1.9619564819335938e+02 3.8317756652832031e+01
4666 1.9619564819335938e+02 3.9252334594726562e+01
4667 1.9619564819335938e+02 4.0186916351318359e+01
4668 1.9619564819335938e+02 4.1121494293212891e+01
4669 1.9619564819335938e+02 4.2056076049804688e+01
4670 1.9619564819335938e+02 4.2990653991699219e+01
4671 1.9619564819335938e+02 4.3925231933593750e+01
4672 1.9619564819335938e+02 4.4859813690185547e+01
4673 1.9619564819335938e+02 4.5794391632080078e+01
4674 1.9619564819335938e+02 4.6728973388671875e+01
4675 1.9619564819335938e+02 4.7663551330566406e+01
4676 1.9619564819335938e+02 4.8598129272460938e+01
4677 1.9619564819335938e+02 4.9532711029052734e+01
4678 1.9619564819335938e+02 5.0467288970947266e+01
4679 1.9619564819335938e+02 5.1401870727539062e+01
4680 1.9619564819335938e+02 5.2336448669433594e+01
4681 1.9619564819335938e+02 5.3271026611328125e+01
4682 1.9619564819335938e+02 5.4205608367919922e+01
4683 1.9619564819335938e+02 5.5140186309814453e+01
4684 1.9619564819335938e+02 5.6074768066406250e+01
4685 1.9619564819335938e+02 5.7009346008300781e+01
4686 1.9619564819335938e+02 5.7943923950195312e+01
4687 1.9619564819335938e+02 5.8878505706787109e+01
4688 1.9619564819335938e+02 5.9813083648681641e+01
4689 1.9619564819335938e+02 6.0747665405273438e+01
4690 1.9619564819335938e+02 6.1682243347167969e+01
4691 1.9619564819335938e+02 6.2616821289062500e+01
4692 1.9619564819335938e+02 6.3551403045654297e+01
4693 1.9619564819335938e+02 6.4485984802246094e+01
4694 1.9619564819335938e+02 6.5420562744140625e+01
4695 1.9619564819335938e+02 6.6355140686035156e+01
4696 1.9619564819335938e+02 6.7289718627929688e+01
4697 1.9619564819335938e+02 6.8224296569824219e+01
4698 1.9619564819335938e+02 6.9158882141113281e+01
4699 1.9619564819335938e+02 7.0093460083007812e+01
4700 1.9619564819335938e+02 7.1028038024902344e+01
4701 1.9619564819335938e+02 7.1962615966796875e+01
4702 1.9619564819335938e+02 7.2897193908691406e+01
4703 1.9619564819335938e+02 7.3831779479980469e+01
4704 1.9619564819335938e+02 7.4766357421875000e+01
4705 1.9619564819335938e+02 7.5700935363769531e+01
4706 1.9619564819335938e+02 7.6635513305664062e+01
4707 1.9619564819335938e+02 7.7570091247558594e+01
4708 1.9619564819335938e+02 7.8504669189453125e+01
4709 1.9619564819335938e+02 7.9439254760742188e+01
4710 1.9619564819335938e+02 8.0373832702636719e+01
4711 1.9619564819335938e+02 8.1308410644531250e+01
4712 1.9619564819335938e+02 8.2242988586425781e+01
4713 1.9619564819335938e+02 8.3177566528320312e+01
4714 1.9619564819335938e+02 8.4112152099609375e+01
4715 1.9619564819335938e+02 8.5046730041503906e+01
4716 1.9619564819335938e+02 8.5981307983398438e+01
4717 1.9619564819335938e+02 8.6915885925292969e+01
4718 1.9619564819335938e+02 8.7850463867187500e+01
4719 1.9619564819335938e+02 8.8785049438476562e+01
4720 1.9619564819335938e+02 8.9719627380371094e+01
4721 1.9619564819335938e+02 9.0654205322265625e+01
4722 1.9619564819335938e+02 9.1588783264160156e+01
4723 1.9619564819335938e+02 9.2523361206054688e+01
4724 1.9619564819335938e+02 9.3457946777343750e+01
4725 1.9619564819335938e+02 9.4392524719238281e+01
4726 1.9619564819335938e+02 9.5327102661132812e+01
4727 1.9619564819335938e+02 9.6261680603027344e+01
4728 1.9619564819335938e+02 9.7196258544921875e+01
4729 1.9619564819335938e+02 9.8130844116210938e+01
4730 1.9619564819335938e+02 9.9065422058105469e+01
4731 1.9524456787109375e+02 9.3457943201065063e-01
4732 1.9524456787109375e+02 1.8691588640213013e+00
4733 1.9524456787109375e+02 2.8037383556365967e+00
4734 1.9524456787109375e+02 3.7383177280426025e+00
4735 1.9524456787109375e+02 4.6728973388671875e+00
4736 1.9524456787109375e+02 5.6074767112731934e+00
4737 1.9524456787109375e+02 6.5420560836791992e+00
4738 1.9524456787109375e+02 7.4766354560852051e+00
4739 1.9524456787109375e+02 8.4112148284912109e+00
4740 1.9524456787109375e+02 9.3457946777343750e+00
4741 1.9524456787109375e+02 1.0280373573303223e+01
4742 1.9524456787109375e+02 1.1214953422546387e+01
4743 1.9524456787109375e+02 1.2149532318115234e+01
4744 1.9524456787109375e+02 1.3084112167358398e+01
4745 1.9524456787109375e+02 1.4018692016601562e+01
4746 1.9524456787109375e+02 1.4953270912170410e+01
4747 1.9524456787109375e+02 1.5887850761413574e+01
4748 1.9524456787109375e+02 1.6822429656982422e+01
4749 1.9524456787109375e+02 1.7757009506225586e+01
4750 1.9524456787109375e+02 1.8691589355468750e+01
4751 1.9524456787109375e+02 1.9626167297363281e+01
4752 1.9524456787109375e+02 2.0560747146606445e+01
4753 1.9524456787109375e+02 2.1495326995849609e+01
4754 1.9524456787109375e+02 2.2429906845092773e+01
4755 1.9524456787109375e+02 2.3364486694335938e+01
4756 1.9524456787109375e+02 2.4299064636230469e+01
4757 1.9524456787109375e+02 2.5233644485473633e+01
4758 1.9524456787109375e+02 2.6168224334716797e+01
4759 1.9524456787109375e+02 2.7102804183959961e+01
4760 1.9524456787109375e+02 2.8037384033203125e+01
4761 1.9524456787109375e+02 2.8971961975097656e+01
4762 1.9524456787109375e+02 2.9906541824340820e+01
4763 1.9524456787109375e+02 3.0841121673583984e+01
4764 1.9524456787109375e+02 3.1775701522827148e+01
4765 1.9524456787109375e+02 3.2710281372070312e+01
4766 1.9524456787109375e+02 3.3644859313964844e+01
4767 1.9524456787109375e+02 3.4579441070556641e+01
4768 1.9524456787109375e+02 3.5514019012451172e+01
4769 1.9524456787109375e+02 3.6448596954345703e+01
4770 1.9524456787109375e+02 3.7383178710937500e+01
4771 1.9524456787109375e+02 3.8317756652832031e+01
4772 1.9524456787109375e+02 3.9252334594726562e+01
4773 1.9524456787109375e+02 4.0186916351318359e+01
4774 1.9524456787109375e+02 4.1121494293212891e+01
4775 1.9524456787109375e+02 4.2056076049804688e+01
4776 1.9524456787109375e+02 4.2990653991699219e+01
4777 1.9524456787109375e+02 4.3925231933593750e+01
4778 1.9524456787109375e+02 4.4859813690185547e+01
4779 1.9524456787109375e+02 4.5794391632080078e+01
4780 1.9524456787109375e+02 4.6728973388671875e+01
4781 1.9524456787109375e+02 4.7663551330566406e+01
4782 1.9524456787109375e+02 4.8598129272460938e+01
4783 1.9524456787109375e+02 4.9532711029052734e+01
4784 1.9524456787109375e+02 5.0467288970947266e+01
4785 1.9524456787109375e+02 5.1401870727539062e+01
4786 1.9524456787109375e+02 5.2336448669433594e+01
4787 1.9524456787109375e+02 5.3271026611328125e+01
4788 1.9524456787109375e+02 5.4205608367919922e+01
4789 1.9524456787109375e+02 5.5140186309814453e+01
4790 1.9524456787109375e+02 5.6074768066406250e+01
4791 1.9524456787109375e+02 5.7009346008300781e+01
4792 1.9524456787109375e+02 5.7943923950195312e+01
4793 1.9524456787109375e+02 5.8878505706787109e+01
4794 1.9524456787109375e+02 5.9813083648681641e+01
4795 1.9524456787109375e+02 6.0747665405273438e+01
4796 1.9524456787109375e+02 6.1682243347167969e+01
4797 1.9524456787109375e+02 6.2616821289062500e+01
4798 1.9524456787109375e+02 6.3551403045654297e+01
4799 1.9524456787109375e+02 6.4485984802246094e+01
4800 1.9524456787109375e+02 6.5420562744140625e+01
4801 1.9524456787109375e+02 6.6355140686035156e+01
4802 1.9524456787109375e+02 6.7289718627929688e+01
4803 1.9524456787109375e+02 6.8224296569824219e+01
4804 1.9524456787109375e+02 6.9158882141113281e+01
4805 1.9524456787109375e+02 7.0093460083007812e+01
4806 1.9524456787109375e+02 7.1028038024902344e+01
4807 1.9524456787109375e+02 7.1962615966796875e+01
4808 1.9524456787109375e+02 7.2897193908691406e+01
4809 1.9524456787109375e+02 7.3831779479980469e+01
4810 1.9524456787109375e+02 7.4766357421875000e+01
4811 1.9524456787109375e+02 7.5700935363769531e+01
4812 1.9524456787109375e+02 7.6635513305664062e+01
4813 1.9524456787109375e+02 7.7570091247558594e+01
4814 1.9524456787109375e+02 7.8504669189453125e+01
4815 1.9524456787109375e+02 7.9439254760742188e+01
4816 1.9524456787109375e+02 8.0373832702636719e+01
4817 1.9524456787109375e+02 8.1308410644531250e+01
4818 1.9524456787109375e+02 8.2242988586425781e+01
4819 1.9524456787109375e+02 8.3177566528320312e+01
4820 1.9524456787109375e+02 8.4112152099609375e+01
4821 1.9524456787109375e+02 8.5046730041503906e+01
4822 1.9524456787109375e+02 8.5981307983398438e+01
4823 1.9524456787109375e+02 8.6915885925292969e+01
4824 1.9524456787109375e+02 8.7850463867187500e+01
4825 1.9524456787109375e+02 8.8785049438476562e+01
4826 1.9524456787109375e+02 8.9719627380371094e+01
4827 1.9524456787109375e+02 9.0654205322265625e+01
4828 1.9524456787109375e+02 9.1588783264160156e+01
4829 1.9524456787109375e+02 9.2523361206054688e+01
4830 1.9524456787109375e+02 9.3457946777343750e+01
4831 1.9524456787109375e+02 9.4392524719238281e+01
4832 1.9524456787109375e+02 9.5327102661132812e+01
4833 1.9524456787109375e+02 9.6261680603027344e+01
4834 1.9524456787109375e+02 9.7196258544921875e+01
4835 1.9524456787109375e+02 9.8130844116210938e+01
4836 1.9524456787109375e+02 9.9065422058105469e+01
4837 1.9429347229003906e+02 9.3457943201065063e-01
4838 1.9429347229003906e+02 1.8691588640213013e+00
4839 1.9429347229003906e+02 2.8037383556365967e+00
4840 1.9429347229003906e+02 3.7383177280426025e+00
4841 1.9429347229003906e+02 4.6728973388671875e+00
4842 1.9429347229003906e+02 5.6074767112731934e+00
4843 1.9429347229003906e+02 6.5420560836791992e+00
4844 1.9429347229003906e+02 7.4766354560852051e+00
4845 1.9429347229003906e+02 8.4112148284912109e+00
4846 1.9429347229003906e+02 9.3457946777343750e+00
4847 1.9429347229003906e+02 1.0280373573303223e+01
4848 1.9429347229003906e+02 1.1214953422546387e+01
4849 1.9429347229003906e+02 1.2149532318115234e+01
4850 1.9429347229003906e+02 1.3084112167358398e+01
4851 1.9429347229003906e+02 1.4018692016601562e+01
4852 1.9429347229003906e+02 1.4953270912170410e+01
4853 1.9429347229003906e+02 1.5887850761413574e+01
4854 1.9429347229003906e+02 1.6822429656982422e+01
4855 1.9429347229003906e+02 1.7757009506225586e+01
4856 1.9429347229003906e+02 1.8691589355468750e+01
4857 1.9429347229003906e+02 1.9626167297363281e+01
4858 1.9429347229003906e+02 2.0560747146606445e+01
4859 1.9429347229003906e+02 2.1495326995849609e+01
4860 1.9429347229003906e+02 2.2429906845092773e+01
4861 1.9429347229003906e+02 2.3364486694335938e+01
4862 1.9429347229003906e+02 2.4299064636230469e+01
4863 1.9429347229003906e+02 2.5233644485473633e+01
4864 1.9429347229003906e+02 2.6168224334716797e+01
4865 1.9429347229003906e+02 2.7102804183959961e+01
4866 1.9429347229003906e+02 2.8037384033203125e+01
4867 1.9429347229003906e+02 2.8971961975097656e+01
4868 1.9429347229003906e+02 2.9906541824340820e+01
4869 1.9429347229003906e+02 3.0841121673583984e+01
4870 1.9429347229003906e+02 3.1775701522827148e+01
4871 1.9429347229003906e+02 3.2710281372070312e+01
4872 1.9429347229003906e+02 3.3644859313964844e+01
4873 1.9429347229003906e+02 3.4579441070556641e+01
4874 1.9429347229003906e+02 3.5514019012451172e+01
4875 1.9429347229003906e+02 3.6448596954345703e+01
4876 1.9429347229003906e+02 3.7383178710937500e+01
4877 1.9429347229003906e+02 3.8317756652832031e+01
4878 1.9429347229003906e+02 3.9252334594726562e+01
4879 1.9429347229003906e+02 4.0186916351318359e+01
4880 1.9429347229003906e+02 4.1121494293212891e+01
4881 1.9429347229003906e+02 4.2056076049804688e+01
4882 1.9429347229003906e+02 4.2990653991699219e+01
4883 1.9429347229003906e+02 4.3925231933593750e+01
4884 1.9429347229003906e+02 4.4859813690185547e+01
4885 1.9429347229003906e+02 4.5794391632080078e+01
4886 1.9429347229003906e+02 4.6728973388671875e+01
4887 1.9429347229003906e+02 4.7663551330566406e+01
4888 1.9429347229003906e+02 4.8598129272460938e+01
4889 1.9429347229003906e+02 4.9532711029052734e+01
4890 1.9429347229003906e+02 5.0467288970947266e+01
4891 1.9429347229003906e+02 5.1401870727539062e+01
4892 1.9429347229003906e+02 5.2336448669433594e+01
4893 1.9429347229003906e+02 5.3271026611328125e+01
4894 1.9429347229003906e+02 5.4205608367919922e+01
4895 1.9429347229003906e+02 5.5140186309814453e+01
4896 1.9429347229003906e+02 5.6074768066406250e+01
4897 1.9429347229003906e+02 5.7009346008300781e+01
4898 1.9429347229003906e+02 5.7943923950195312e+01
4899 1.9429347229003906e+02 5.8878505706787109e+01
4900 1.9429347229003906e+02 5.9813083648681641e+01
4901 1.9429347229003906e+02 6.0747665405273438e+01
4902 1.9429347229003906e+02 6.1682243347167969e+01
4903 1.9429347229003906e+02 6.2616821289062500e+01
4904 1.9429347229003906e+02 6.3551403045654297e+01
4905 1.9429347229003906e+02 6.4485984802246094e+01
4906 1.9429347229003906e+02 6.5420562744140625e+01
4907 1.9429347229003906e+02 6.6355140686035156e+01
4908 1.9429347229003906e+02 6.7289718627929688e+01
4909 1.9429347229003906e+02 6.8224296569824219e+01
4910 1.9429347229003906e+02 6.9158882141113281e+01
4911 1.9429347229003906e+02 7.0093460083007812e+01
4912 1.9429347229003906e+02 7.1028038024902344e+01
4913 1.9429347229003906e+02 7.1962615966796875e+01
4914 1.9429347229003906e+02 7.2897193908691406e+01
4915 1.9429347229003906e+02 7.3831779479980469e+01
4916 1.9429347229003906e+02 7.4766357421875000e+01
4917 1.9429347229003906e+02 7.5700935363769531e+01
4918 1.9429347229003906e+02 7.6635513305664062e+01
4919 1.9429347229003906e+02 7.7570091247558594e+01
4920 1.9429347229003906e+02 7.8504669189453125e+01
4921 1.9429347229003906e+02 7.9439254760742188e+01
4922 1.9429347229003906e+02 8.0373832702636719e+01
4923 1.9429347229003906e+02 8.1308410644531250e+01
4924 1.9429347229003906e+02 8.2242988586425781e+01
4925 1.9429347229003906e+02 8.3177566528320312e+01
4926 1.9429347229003906e+02 8.4112152099609375e+01
4927 1.9429347229003906e+02 8.5046730041503906e+01
4928 1.9429347229003906e+02 8.5981307983398438e+01
4929 1.9429347229003906e+02 8.6915885925292969e+01
4930 1.9429347229003906e+02 8.7850463867187500e+01
4931 1.9429347229003906e+02 8.8785049438476562e+01
4932 1.9429347229003906e+02 8.9719627380371094e+01
4933 1.9429347229003906e+02 9.0654205322265625e+01
4934 1.9429347229003906e+02 9.1588783264160156e+01
4935 1.9429347229003906e+02 9.2523361206054688e+01
4936 1.9429347229003906e+02 9.3457946777343750e+01
4937 1.9429347229003906e+02 9.4392524719238281e+01
4938 1.9429347229003906e+02 9.5327102661132812e+01
4939 1.9429347229003906e+02 9.6261680603027344e+01
4940 1.9429347229003906e+02 9.7196258544921875e+01
4941 1.9429347229003906e+02 9.8130844116210938e+01
4942 1.9429347229003906e+02 9.9065422058105469e+01
4943 1.9334239196777344e+02 9.3457943201065063e-01
4944 1.9334239196777344e+02 1.8691588640213013e+00
4945 1.9334239196777344e+02 2.8037383556365967e+00
4946 1.9334239196777344e+02 3.7383177280426025e+00
4947 1.9334239196777344e+02 4.6728973388671875e+00
4948 1.9334239196777344e+02 5.6074767112731934e+00
4949 1.9334239196777344e+02 6.5420560836791992e+00
4950 1.9334239196777344e+02 7.4766354560852051e+00
4951 1.9334239196777344e+02 8.4112148284912109e+00
4952 1.9334239196777344e+02 9.3457946777343750e+00
4953 1.9334239196777344e+02 1.0280373573303223e+01
4954 1.9334239196777344e+02 1.1214953422546387e+01
4955 1.9334239196777344e+02 1.2149532318115234e+01
4956 1.9334239196777344e+02 1.3084112167358398e+01
4957 1.9334239196777344e+02 1.4018692016601562e+01
4958 1.9334239196777344e+02 1.4953270912170410e+01
4959 1.9334239196777344e+02 1.5887850761413574e+01
4960 1.9334239196777344e+02 1.6822429656982422e+01
4961 1.9334239196777344e+02 1.7757009506225586e+01
4962 1.9334239196777344e+02 1.8691589355468750e+01
4963 1.9334239196777344e+02 1.9626167297363281e+01
4964 1.9334239196777344e+02 2.0560747146606445e+01
4965 1.9334239196777344e+02 2.1495326995849609e+01
4966 1.9334239196777344e+02 2.2429906845092773e+01
4967 1.9334239196777344e+02 2.3364486694335938e+01
4968 1.9334239196777344e+02 2.4299064636230469e+01
4969 1.9334239196777344e+02 2.5233644485473633e+01
4970 1.9334239196777344e+02 2.6168224334716797e+01
4971 1.9334239196777344e+02 2.7102804183959961e+01
4972 1.9334239196777344e+02 2.8037384033203125e+01
4973 1.9334239196777344e+02 2.8971961975097656e+01
4974 1.9334239196777344e+02 2.9906541824340820e+01
4975 1.9334239196777344e+02 3.0841121673583984e+01
4976 1.9334239196777344e+02 3.1775701522827148e+01
4977 1.9334239196777344e+02 3.2710281372070312e+01
4978 1.9334239196777344e+02 3.3644859313964844e+01
4979 1.9334239196777344e+02 3.4579441070556641e+01
4980 1.9334239196777344e+02 3.5514019012451172e+01
4981 1.9334239196777344e+02 3.6448596954345703e+01
4982 1.9334239196777344e+02 3.7383178710937500e+01
4983 1.9334239196777344e+02 3.8317756652832031e+01
4984 1.9334239196777344e+02 3.9252334594726562e+01
4985 1.9334239196777344e+02 4.0186916351318359e+01
4986 1.9334239196777344e+02 4.1121494293212891e+01
4987 1.9334239196777344e+02 4.2056076049804688e+01
4988 1.9334239196777344e+02 4.2990653991699219e+01
4989 1.9334239196777344e+02 4.3925231933593750e+01
4990 1.9334239196777344e+02 4.4859813690185547e+01
4991 1.9334239196777344e+02 4.5794391632080078e+01
4992 1.9334239196777344e+02 4.6728973388671875e+01
4993 1.9334239196777344e+02 4.7663551330566406e+01
4994 1.9334239196777344e+02 4.8598129272460938e+01
4995 1.9334239196777344e+02 4.9532711029052734e+01
4996 1.9334239196777344e+02 5.0467288970947266e+01
4997 1.9334239196777344e+02 5.1401870727539062e+01
4998 1.9334239196777344e+02 5.2336448669433594e+01
4999 1.9334239196777344e+02 5.3271026611328125e+01
5000 1.9334239196777344e+02 5.4205608367919922e+01
5001 1.9334239196777344e+02 5.5140186309814453e+01
5002 1.9334239196777344e+02 5.6074768066406250e+01
5003 1.9334239196777344e+02 5.7009346008300781e+01
5004 1.9334239196777344e+02 5.7943923950195312e+01
5005 1.9334239196777344e+02 5.8878505706787109e+01
5006 1.9334239196777344e+02 5.9813083648681641e+01
5007 1.9334239196777344e+02 6.0747665405273438e+01
5008 1.9334239196777344e+02 6.1682243347167969e+01
5009 1.9334239196777344e+02 6.2616821289062500e+01
5010 1.9334239196777344e+02 6.3551403045654297e+01
5011 1.9334239196777344e+02 6.4485984802246094e+01
5012 1.9334239196777344e+02 6.5420562744140625e+01
5013 1.9334239196777344e+02 6.6355140686035156e+01
5014 1.9334239196777344e+02 6.7289718627929688e+01
5015 1.9334239196777344e+02 6.8224296569824219e+01
5016 1.9334239196777344e+02 6.9158882141113281e+01
5017 1.9334239196777344e+02 7.0093460083007812e+01
5018 1.9334239196777344e+02 7.1028038024902344e+01
5019 1.9334239196777344e+02 7.1962615966796875e+01
5020 1.9334239196777344e+02 7.2897193908691406e+01
5021 1.9334239196777344e+02 7.3831779479980469e+01
5022 1.9334239196777344e+02 7.4766357421875000e+01
5023 1.9334239196777344e+02 7.5700935363769531e+01
5024 1.9334239196777344e+02 7.6635513305664062e+01
5025 1.9334239196777344e+02 7.7570091247558594e+01
5026 1.9334239196777344e+02 7.8504669189453125e+01
5027 1.9334239196777344e+02 7.9439254760742188e+01
5028 1.9334239196777344e+02 8.0373832702636719e+01
5029 1.9334239196777344e+02 8.1308410644531250e+01
5030 1.9334239196777344e+02 8.2242988586425781e+01
5031 1.9334239196777344e+02 8.3177566528320312e+01
5032 1.9334239196777344e+02 8.4112152099609375e+01
5033 1.9334239196777344e+02 8.5046730041503906e+01
5034 1.9334239196777344e+02 8.5981307983398438e+01
5035 1.9334239196777344e+02 8.6915885925292969e+01
5036 1.9334239196777344e+02 8.7850463867187500e+01
5037 1.9334239196777344e+02 8.8785049438476562e+01
5038 1.9334239196777344e+02 8.9719627380371094e+01
5039 1.9334239196777344e+02 9.0654205322265625e+01
5040 1.9334239196777344e+02 9.1588783264160156e+01
5041 1.9334239196777344e+02 9.2523361206054688e+01
5042 1.9334239196777344e+02 9.3457946777343750e+01
5043 1.9334239196777344e+02 9.4392524719238281e+01
5044 1.9334239196777344e+02 9.5327102661132812e+01
5045 1.9334239196777344e+02 9.6261680603027344e+01
5046 1.9334239196777344e+02 9.7196258544921875e+01
5047 1.9334239196777344e+02 9.8130844116210938e+01
5048 1.9334239196777344e+02 9.9065422058105469e+01
5049 1.9239131164550781e+02 9.3457943201065063e-01
5050 1.9239131164550781e+02 1.8691588640213013e+00
5051 1.9239131164550781e+02 2.8037383556365967e+00
5052 1.9239131164550781e+02 3.7383177280426025e+00
5053 1.9239131164550781e+02 4.6728973388671875e+00
5054 1.9239131164550781e+02 5.6074767112731934e+00
5055 1.9239131164550781e+02 6.5420560836791992e+00
5056 1.9239131164550781e+02 7.4766354560852051e+00
5057 1.9239131164550781e+02 8.4112148284912109e+00
5058 1.9239131164550781e+02 9.3457946777343750e+00
5059 1.9239131164550781e+02 1.0280373573303223e+01
5060 1.9239131164550781e+02 1.1214953422546387e+01
5061 1.9239131164550781e+02 1.2149532318115234e+01
5062 1.9239131164550781e+02 1.3084112167358398e+01
5063 1.9239131164550781e+02 1.4018692016601562e+01
5064 1.9239131164550781e+02 1.4953270912170410e+01
5065 1.9239131164550781e+02 1.5887850761413574e+01
5066 1.9239131164550781e+02 1.6822429656982422e+01
5067 1.9239131164550781e+02 1.7757009506225586e+01
5068 1.9239131164550781e+02 1.8691589355468750e+01
5069 1.9239131164550781e+02 1.9626167297363281e+01
5070 1.9239131164550781e+02 2.0560747146606445e+01
5071 1.9239131164550781e+02 2.1495326995849609e+01
5072 1.9239131164550781e+02 2.2429906845092773e+01
5073 1.9239131164550781e+02 2.3364486694335938e+01
5074 1.9239131164550781e+02 2.4299064636230469e+01
5075 1.9239131164550781e+02 2.5233644485473633e+01
5076 1.9239131164550781e+02 2.6168224334716797e+01
5077 1.9239131164550781e+02 2.7102804183959961e+01
5078 1.9239131164550781e+02 2.8037384033203125e+01
5079 1.9239131164550781e+02 2.8971961975097656e+01
5080 1.9239131164550781e+02 2.9906541824340820e+01
5081 1.9239131164550781e+02 3.0841121673583984e+01
5082 1.9239131164550781e+02 3.1775701522827148e+01
5083 1.9239131164550781e+02 3.2710281372070312e+01
5084 1.9239131164550781e+02 3.3644859313964844e+01
5085 1.9239131164550781e+02 3.4579441070556641e+01
5086 1.9239131164550781e+02 3.5514019012451172e+01
5087 1.9239131164550781e+02 3.6448596954345703e+01
5088 1.9239131164550781e+02 3.7383178710937500e+01
5089 1.9239131164550781e+02 3.8317756652832031e+01
5090 1.9239131164550781e+02 3.9252334594726562e+01
5091 1.9239131164550781e+02 4.0186916351318359e+01
5092 1.9239131164550781e+02 4.1121494293212891e+01
5093 1.9239131164550781e+02 4.2056076049804688e+01
5094 1.9239131164550781e+02 4.2990653991699219e+01
5095 1.9239131164550781e+02 4.3925231933593750e+01
5096 1.9239131164550781e+02 4.4859813690185547e+01
5097 1.9239131164550781e+02 4.5794391632080078e+01
5098 1.9239131164550781e+02 4.6728973388671875e+01
5099 1.9239131164550781e+02 4.7663551330566406e+01
5100 1.9239131164550781e+02 4.8598129272460938e+01
5101 1.9239131164550781e+02 4.9532711029052734e+01
5102 1.9239131164550781e+02 5.0467288970947266e+01
5103 1.9239131164550781e+02 5.1401870727539062e+01
5104 1.9239131164550781e+02 5.2336448669433594e+01
5105 1.9239131164550781e+02 5.3271026611328125e+01
5106 1.9239131164550781e+02 5.4205608367919922e+01
5107 1.9239131164550781e+02 5.5140186309814453e+01
5108 1.9239131164550781e+02 5.6074768066406250e+01
5109 1.9239131164550781e+02 5.7009346008300781e+01
5110 1.9239131164550781e+02 5.7943923950195312e+01
5111 1.9239131164550781e+02 5.8878505706787109e+01
5112 1.9239131164550781e+02 5.9813083648681641e+01
5113 1.9239131164550781e+02 6.0747665405273438e+01
5114 1.9239131164550781e+02 6.1682243347167969e+01
5115 1.9239131164550781e+02 6.2616821289062500e+01
5116 1.9239131164550781e+02 6.3551403045654297e+01
5117 1.9239131164550781e+02 6.4485984802246094e+01
5118 1.9239131164550781e+02 6.5420562744140625e+01
5119 1.9239131164550781e+02 6.6355140686035156e+01
5120 1.9239131164550781e+02 6.7289718627929688e+01
5121 1.9239131164550781e+02 6.8224296569824219e+01
5122 1.9239131164550781e+02 6.9158882141113281e+01
5123 1.9239131164550781e+02 7.0093460083007812e+01
5124 1.9239131164550781e+02 7.1028038024902344e+01
5125 1.9239131164550781e+02 7.1962615966796875e+01
5126 1.9239131164550781e+02 7.2897193908691406e+01
5127 1.9239131164550781e+02 7.3831779479980469e+01
5128 1.9239131164550781e+02 7.4766357421875000e+01
5129 1.9239131164550781e+02 7.5700935363769531e+01
5130 1.9239131164550781e+02 7.6635513305664062e+01
5131 1.9239131164550781e+02 7.7570091247558594e+01
5132 1.9239131164550781e+02 7.8504669189453125e+01
5133 1.9239131164550781e+02 7.9439254760742188e+01
5134 1.9239131164550781e+02 8.0373832702636719e+01
5135 1.9239131164550781e+02 8.1308410644531250e+01
5136 1.9239131164550781e+02 8.2242988586425781e+01
5137 1.9239131164550781e+02 8.3177566528320312e+01
5138 1.9239131164550781e+02 8.4112152099609375e+01
5139 1.9239131164550781e+02 8.5046730041503906e+01
5140 1.9239131164550781e+02 8.5981307983398438e+01
5141 1.9239131164550781e+02 8.6915885925292969e+01
5142 1.9239131164550781e+02 8.7850463867187500e+01
5143 1.9239131164550781e+02 8.8785049438476562e+01
5144 1.9239131164550781e+02 8.9719627380371094e+01
5145 1.9239131164550781e+02 9.0654205322265625e+01
5146 1.9239131164550781e+02 9.1588783264160156e+01
5147 1.9239131164550781e+02 9.2523361206054688e+01
5148 1.9239131164550781e+02 9.3457946777343750e+01
5149 1.9239131164550781e+02 9.4392524719238281e+01
5150 1.9239131164550781e+02 9.5327102661132812e+01
5151 1.9239131164550781e+02 9.6261680603027344e+01
5152 1.9239131164550781e+02 9.7196258544921875e+01
5153 1.9239131164550781e+02 9.8130844116210938e+01
5154 1.9239131164550781e+02 9.9065422058105469e+01
5155 1.9144021606445312e+02 9.3457943201065063e-01
5156 1.9144021606445312e+02 1.8691588640213013e+00
5157 1.9144021606445312e+02 2.8037383556365967e+00
5158 1.9144021606445312e+02 3.7383177280426025e+00
5159 1.9144021606445312e+02 4.6728973388671875e+00
5160 1.9144021606445312e+02 5.6074767112731934e+00
5161 1.9144021606445312e+02 6.5420560836791992e+00
5162 1.9144021606445312e+02 7.4766354560852051e+00
5163 1.9144021606445312e+02 8.4112148284912109e+00
5164 1.9144021606445312e+02 9.3457946777343750e+00
5165 1.9144021606445312e+02 1.0280373573303223e+01
5166 1.9144021606445312e+02 1.1214953422546387e+01
5167 1.9144021606445312e+02 1.2149532318115234e+01
5168 1.9144021606445312e+02 1.3084112167358398e+01
5169 1.9144021606445312e+02 1.4018692016601562e+01
5170 1.9144021606445312e+02 1.4953270912170410e+01
5171 1.9144021606445312e+02 1.5887850761413574e+01
5172 1.9144021606445312e+02 1.6822429656982422e+01
5173 1.9144021606445312e+02 1.7757009506225586e+01
5174 1.9144021606445312e+02 1.8691589355468750e+01
5175 1.9144021606445312e+02 1.9626167297363281e+01
5176 1.9144021606445312e+02 2.0560747146606445e+01
5177 1.9144021606445312e+02 2.1495326995849609e+01
5178 1.9144021606445312e+02 2.2429906845092773e+01
5179 1.9144021606445312e+02 2.3364486694335938e+01
5180 1.9144021606445312e+02 2.4299064636230469e+01
5181 1.9144021606445312e+02 2.5233644485473633e+01
5182 1.9144021606445312e+02 2.6168224334716797e+01
5183 1.9144021606445312e+02 2.7102804183959961e+01
5184 1.9144021606445312e+02 2.8037384033203125e+01
5185 1.9144021606445312e+02 2.8971961975097656e+01
5186 1.9144021606445312e+02 2.9906541824340820e+01
5187 1.9144021606445312e+02 3.0841121673583984e+01
5188 1.9144021606445312e+02 3.1775701522827148e+01
5189 1.9144021606445312e+02 3.2710281372070312e+01
5190 1.9144021606445312e+02 3.3644859313964844e+01
5191 1.9144021606445312e+02 3.4579441070556641e+01
5192 1.9144021606445312e+02 3.5514019012451172e+01
5193 1.9144021606445312e+02 3.6448596954345703e+01
5194 1.9144021606445312e+02 3.7383178710937500e+01
5195 1.9144021606445312e+02 3.8317756652832031e+01
5196 1.9144021606445312e+02 3.9252334594726562e+01
5197 1.9144021606445312e+02 4.0186916351318359e+01
5198 1.9144021606445312e+02 4.1121494293212891e+01
5199 1.9144021606445312e+02 4.2056076049804688e+01
5200 1.9144021606445312e+02 4.2990653991699219e+01
5201 1.9144021606445312e+02 4.3925231933593750e+01
5202 1.9144021606445312e+02 4.4859813690185547e+01
5203 1.9144021606445312e+02 4.5794391632080078e+01
5204 1.9144021606445312e+02 4.6728973388671875e+01
5205 1.9144021606445312e+02 4.7663551330566406e+01
5206 1.9144021606445312e+02 4.8598129272460938e+01
5207 1.9144021606445312e+02 4.9532711029052734e+01
5208 1.9144021606445312e+02 5.0467288970947266e+01
5209 1.9144021606445312e+02 5.1401870727539062e+01
5210 1.9144021606445312e+02 5.2336448669433594e+01
5211 1.9144021606445312e+02 5.3271026611328125e+01
5212 1.9144021606445312e+02 5.4205608367919922e+01
5213 1.9144021606445312e+02 5.5140186309814453e+01
5214 1.9144021606445312e+02 5.6074768066406250e+01
5215 1.9144021606445312e+02 5.7009346008300781e+01
5216 1.9144021606445312e+02 5.7943923950195312e+01
5217 1.9144021606445312e+02 5.8878505706787109e+01
5218 1.9144021606445312e+02 5.9813083648681641e+01
5219 1.9144021606445312e+02 6.0747665405273438e+01
5220 1.9144021606445312e+02 6.1682243347167969e+01
5221 1.9144021606445312e+02 6.2616821289062500e+01
5222 1.9144021606445312e+02 6.3551403045654297e+01
5223 1.9144021606445312e+02 6.4485984802246094e+01
5224 1.9144021606445312e+02 6.5420562744140625e+01
5225 1.9144021606445312e+02 6.6355140686035156e+01
5226 1.9144021606445312e+02 6.7289718627929688e+01
5227 1.9144021606445312e+02 6.8224296569824219e+01
5228 1.9144021606445312e+02 6.9158882141113281e+01
5229 1.9144021606445312e+02 7.0093460083007812e+01
5230 1.9144021606445312e+02 7.1028038024902344e+01
5231 1.9144021606445312e+02 7.1962615966796875e+01
5232 1.9144021606445312e+02 7.2897193908691406e+01
5233 1.9144021606445312e+02 7.3831779479980469e+01
5234 1.9144021606445312e+02 7.4766357421875000e+01
5235 1.9144021606445312e+02 7.5700935363769531e+01
5236 1.9144021606445312e+02 7.6635513305664062e+01
5237 1.9144021606445312e+02 7.7570091247558594e+01
5238 1.9144021606445312e+02 7.8504669189453125e+01
5239 1.9144021606445312e+02 7.9439254760742188e+01
5240 1.9144021606445312e+02 8.0373832702636719e+01
5241 1.9144021606445312e+02 8.1308410644531250e+01
5242 1.9144021606445312e+02 8.2242988586425781e+01
5243 1.9144021606445312e+02 8.3177566528320312e+01
5244 1.9144021606445312e+02 8.4112152099609375e+01
5245 1.9144021606445312e+02 8.5046730041503906e+01
5246 1.9144021606445312e+02 8.5981307983398438e+01
5247 1.9144021606445312e+02 8.6915885925292969e+01
5248 1.9144021606445312e+02 8.7850463867187500e+01
5249 1.9144021606445312e+02 8.8785049438476562e+01
5250 1.9144021606445312e+02 8.9719627380371094e+01
5251 1.9144021606445312e+02 9.0654205322265625e+01
5252 1.9144021606445312e+02 9.1588783264160156e+01
5253 1.9144021606445312e+02 9.2523361206054688e+01
5254 1.9144021606445312e+02 9.3457946777343750e+01
5255 1.9144021606445312e+02 9.4392524719238281e+01
5256 1.9144021606445312e+02 9.5327102661132812e+01
5257 1.9144021606445312e+02 9.6261680603027344e+01
5258 1.9144021606445312e+02 9.7196258544921875e+01
5259 1.9144021606445312e+02 9.8130844116210938e+01
5260 1.9144021606445312e+02 9.9065422058105469e+01
5261 1.9048913574218750e+02 9.3457943201065063e-01
5262 1.9048913574218750e+02 1.8691588640213013e+00
5263 1.9048913574218750e+02 2.8037383556365967e+00
5264 1.9048913574218750e+02 3.7383177280426025e+00
5265 1.9048913574218750e+02 4.6728973388671875e+00
5266 1.9048913574218750e+02 5.6074767112731934e+00
5267 1.9048913574218750e+02 6.5420560836791992e+00
5268 1.9048913574218750e+02 7.4766354560852051e+00
5269 1.9048913574218750e+02 8.4112148284912109e+00
5270 1.9048913574218750e+02 9.3457946777343750e+00
5271 1.9048913574218750e+02 1.0280373573303223e+01
5272 1.9048913574218750e+02 1.1214953422546387e+01
5273 1.9048913574218750e+02 1.2149532318115234e+01
5274 1.9048913574218750e+02 1.3084112167358398e+01
5275 1.9048913574218750e+02 1.4018692016601562e+01
5276 1.9048913574218750e+02 1.4953270912170410e+01
5277 1.9048913574218750e+02 1.5887850761413574e+01
5278 1.9048913574218750e+02 1.6822429656982422e+01
5279 1.9048913574218750e+02 1.7757009506225586e+01
5280 1.9048913574218750e+02 1.8691589355468750e+01
5281 1.9048913574218750e+02 1.9626167297363281e+01
5282 1.9048913574218750e+02 2.0560747146606445e+01
5283 1.9048913574218750e+02 2.1495326995849609e+01
5284 1.9048913574218750e+02 2.2429906845092773e+01
5285 1.9048913574218750e+02 2.3364486694335938e+01
5286 1.9048913574218750e+02 2.4299064636230469e+01
5287 1.9048913574218750e+02 2.5233644485473633e+01
5288 1.9048913574218750e+02 2.6168224334716797e+01
5289 1.9048913574218750e+02 2.7102804183959961e+01
5290 1.9048913574218750e+02 2.8037384033203125e+01
5291 1.9048913574218750e+02 2.8971961975097656e+01
5292 1.9048913574218750e+02 2.9906541824340820e+01
5293 1.9048913574218750e+02 3.0841121673583984e+01
5294 1.9048913574218750e+02 3.1775701522827148e+01
5295 1.9048913574218750e+02 3.2710281372070312e+01
5296 1.9048913574218750e+02 3.3644859313964844e+01
5297 1.9048913574218750e+02 3.4579441070556641e+01
5298 1.9048913574218750e+02 3.5514019012451172e+01
5299 1.9048913574218750e+02 3.6448596954345703e+01
5300 1.9048913574218750e+02 3.7383178710937500e+01
5301 1.9048913574218750e+02 3.8317756652832031e+01
5302 1.9048913574218750e+02 3.9252334594726562e+01
5303 1.9048913574218750e+02 4.0186916351318359e+01
5304 1.9048913574218750e+02 4.1121494293212891e+01
5305 1.9048913574218750e+02 4.2056076049804688e+01
5306 1.9048913574218750e+02 4.2990653991699219e+01
5307 1.9048913574218750e+02 4.3925231933593750e+01
5308 1.9048913574218750e+02 4.4859813690185547e+01
5309 1.9048913574218750e+02 4.5794391632080078e+01
5310 1.9048913574218750e+02 4.6728973388671875e+01
5311 1.9048913574218750e+02 4.7663551330566406e+01
5312 1.9048913574218750e+02 4.8598129272460938e+01
5313 1.9048913574218750e+02 4.9532711029052734e+01
5314 1.9048913574218750e+02 5.0467288970947266e+01
5315 1.9048913574218750e+02 5.1401870727539062e+01
5316 1.9048913574218750e+02 5.2336448669433594e+01
5317 1.9048913574218750e+02 5.3271026611328125e+01
5318 1.9048913574218750e+02 5.4205608367919922e+01
5319 1.9048913574218750e+02 5.5140186309814453e+01
5320 1.9048913574218750e+02 5.6074768066406250e+01
5321 1.9048913574218750e+02 5.7009346008300781e+01
5322 1.9048913574218750e+02 5.7943923950195312e+01
5323 1.9048913574218750e+02 5.8878505706787109e+01
5324 1.9048913574218750e+02 5.9813083648681641e+01
5325 1.9048913574218750e+02 6.0747665405273438e+01
5326 1.9048913574218750e+02 6.1682243347167969e+01
5327 1.9048913574218750e+02 6.2616821289062500e+01
5328 1.9048913574218750e+02 6.3551403045654297e+01
5329 1.9048913574218750e+02 6.4485984802246094e+01
5330 1.9048913574218750e+02 6.5420562744140625e+01
5331 1.9048913574218750e+02 6.6355140686035156e+01
5332 1.9048913574218750e+02 6.7289718627929688e+01
5333 1.9048913574218750e+02 6.8224296569824219e+01
5334 1.9048913574218750e+02 6.9158882141113281e+01
5335 1.9048913574218750e+02 7.0093460083007812e+01
5336 1.9048913574218750e+02 7.1028038024902344e+01
5337 1.9048913574218750e+02 7.1962615966796875e+01
5338 1.9048913574218750e+02 7.2897193908691406e+01
5339 1.9048913574218750e+02 7.3831779479980469e+01
5340 1.9048913574218750e+02 7.4766357421875000e+01
5341 1.9048913574218750e+02 7.5700935363769531e+01
5342 1.9048913574218750e+02 7.6635513305664062e+01
5343 1.9048913574218750e+02 7.7570091247558594e+01
5344 1.9048913574218750e+02 7.8504669189453125e+01
5345 1.9048913574218750e+02 7.9439254760742188e+01
5346 1.9048913574218750e+02 8.0373832702636719e+01
5347 1.9048913574218750e+02 8.1308410644531250e+01
5348 1.9048913574218750e+02 8.2242988586425781e+01
5349 1.9048913574218750e+02 8.3177566528320312e+01
5350 1.9048913574218750e+02 8.4112152099609375e+01
5351 1.9048913574218750e+02 8.5046730041503906e+01
5352 1.9048913574218750e+02 8.5981307983398438e+01
5353 1.9048913574218750e+02 8.6915885925292969e+01
5354 1.9048913574218750e+02 8.7850463867187500e+01
5355 1.9048913574218750e+02 8.8785049438476562e+01
5356 1.9048913574218750e+02 8.9719627380371094e+01
5357 1.9048913574218750e+02 9.0654205322265625e+01
5358 1.9048913574218750e+02 9.1588783264160156e+01
5359 1.9048913574218750e+02 9.2523361206054688e+01
5360 1.9048913574218750e+02 9.3457946777343750e+01
5361 1.9048913574218750e+02 9.4392524719238281e+01
5362 1.9048913574218750e+02 9.5327102661132812e+01
5363 1.9048913574218750e+02 9.6261680603027344e+01
5364 1.9048913574218750e+02 9.7196258544921875e+01
5365 1.9048913574218750e+02 9.8130844116210938e+01
5366 1.9048913574218750e+02 9.9065422058105469e+01
5367 1.8953804016113281e+02 9.3457943201065063e-01
5368 1.8953804016113281e+02 1.8691588640213013e+00
5369 1.8953804016113281e+02 2.8037383556365967e+00
5370 1.8953804016113281e+02 3.7383177280426025e+00
5371 1.8953804016113281e+02 4.6728973388671875e+00
5372 1.8953804016113281e+02 5.6074767112731934e+00
5373 1.8953804016113281e+02 6.5420560836791992e+00
5374 1.8953804016113281e+02 7.4766354560852051e+00
5375 1.8953804016113281e+02 8.4112148284912109e+00
5376 1.8953804016113281e+02 9.3457946777343750e+00
5377 1.8953804016113281e+02 1.0280373573303223e+01
5378 1.8953804016113281e+02 1.1214953422546387e+01
5379 1.8953804016113281e+02 1.2149532318115234e+01
5380 1.8953804016113281e+02 1.3084112167358398e+01
5381 1.8953804016113281e+02 1.4018692016601562e+01
5382 1.8953804016113281e+02 1.4953270912170410e+01
5383 1.8953804016113281e+02 1.5887850761413574e+01
5384 1.8953804016113281e+02 1.6822429656982422e+01
5385 1.8953804016113281e+02 1.7757009506225586e+01
5386 1.8953804016113281e+02 1.8691589355468750e+01
5387 1.8953804016113281e+02 1.9626167297363281e+01
5388 1.8953804016113281e+02 2.0560747146606445e+01
5389 1.8953804016113281e+02 2.1495326995849609e+01
5390 1.8953804016113281e+02 2.2429906845092773e+01
5391 1.8953804016113281e+02 2.3364486694335938e+01
5392 1.8953804016113281e+02 2.4299064636230469e+01
5393 1.8953804016113281e+02 2.5233644485473633e+01
5394 1.8953804016113281e+02 2.6168224334716797e+01
5395 1.8953804016113281e+02 2.7102804183959961e+01
5396 1.8953804016113281e+02 2.8037384033203125e+01
5397 1.8953804016113281e+02 2.8971961975097656e+01
5398 1.8953804016113281e+02 2.9906541824340820e+01
5399 1.8953804016113281e+02 3.0841121673583984e+01
5400 1.8953804016113281e+02 3.1775701522827148e+01
5401 1.8953804016113281e+02 3.2710281372070312e+01
5402 1.8953804016113281e+02 3.3644859313964844e+01
5403 1.8953804016113281e+02 3.4579441070556641e+01
5404 1.8953804016113281e+02 3.5514019012451172e+01
5405 1.8953804016113281e+02 3.6448596954345703e+01
5406 1.8953804016113281e+02 3.7383178710937500e+01
5407 1.8953804016113281e+02 3.8317756652832031e+01
5408 1.8953804016113281e+02 3.9252334594726562e+01
5409 1.8953804016113281e+02 4.0186916351318359e+01
5410 1.8953804016113281e+02 4.1121494293212891e+01
5411 1.8953804016113281e+02 4.2056076049804688e+01
5412 1.8953804016113281e+02 4.2990653991699219e+01
5413 1.8953804016113281e+02 4.3925231933593750e+01
5414 1.8953804016113281e+02 4.4859813690185547e+01
5415 1.8953804016113281e+02 4.5794391632080078e+01
5416 1.8953804016113281e+02 4.6728973388671875e+01
5417 1.8953804016113281e+02 4.7663551330566406e+01
5418 1.8953804016113281e+02 4.8598129272460938e+01
5419 1.8953804016113281e+02 4.9532711029052734e+01
5420 1.8953804016113281e+02 5.0467288970947266e+01
5421 1.8953804016113281e+02 5.1401870727539062e+01
5422 1.8953804016113281e+02 5.2336448669433594e+01
5423 1.8953804016113281e+02 5.3271026611328125e+01
5424 1.8953804016113281e+02 5.4205608367919922e+01
5425 1.8953804016113281e+02 5.5140186309814453e+01
5426 1.8953804016113281e+02 5.6074768066406250e+01
5427 1.8953804016113281e+02 5.7009346008300781e+01
5428 1.8953804016113281e+02 5.7943923950195312e+01
5429 1.8953804016113281e+02 5.8878505706787109e+01
5430 1.8953804016113281e+02 5.9813083648681641e+01
5431 1.8953804016113281e+02 6.0747665405273438e+01
5432 1.8953804016113281e+02 6.1682243347167969e+01
5433 1.8953804016113281e+02 6.2616821289062500e+01
5434 1.8953804016113281e+02 6.3551403045654297e+01
5435 1.8953804016113281e+02 6.4485984802246094e+01
5436 1.8953804016113281e+02 6.5420562744140625e+01
5437 1.8953804016113281e+02 6.6355140686035156e+01
5438 1.8953804016113281e+02 6.7289718627929688e+01
5439 1.8953804016113281e+02 6.8224296569824219e+01
5440 1.8953804016113281e+02 6.9158882141113281e+01
5441 1.8953804016113281e+02 7.0093460083007812e+01
5442 1.8953804016113281e+02 7.1028038024902344e+01
5443 1.8953804016113281e+02 7.1962615966796875e+01
5444 1.8953804016113281e+02 7.2897193908691406e+01
5445 1.8953804016113281e+02 7.3831779479980469e+01
5446 1.8953804016113281e+02 7.4766357421875000e+01
5447 1.8953804016113281e+02 7.5700935363769531e+01
5448 1.8953804016113281e+02 7.6635513305664062e+01
5449 1.8953804016113281e+02 7.7570091247558594e+01
5450 1.8953804016113281e+02 7.8504669189453125e+01
5451 1.8953804016113281e+02 7.9439254760742188e+01
5452 1.8953804016113281e+02 8.0373832702636719e+01
5453 1.8953804016113281e+02 8.1308410644531250e+01
5454 1.8953804016113281e+02 8.2242988586425781e+01
5455 1.8953804016113281e+02 8.3177566528320312e+01
5456 1.8953804016113281e+02 8.4112152099609375e+01
5457 1.8953804016113281e+02 8.5046730041503906e+01
5458 1.8953804016113281e+02 8.5981307983398438e+01
5459 1.8953804016113281e+02 8.6915885925292969e+01
5460 1.8953804016113281e+02 8.7850463867187500e+01
5461 1.8953804016113281e+02 8.8785049438476562e+01
5462 1.8953804016113281e+02 8.9719627380371094e+01
5463 1.8953804016113281e+02 9.0654205322265625e+01
5464 1.8953804016113281e+02 9.1588783264160156e+01
5465 1.8953804016113281e+02 9.2523361206054688e+01
5466 1.8953804016113281e+02 9.3457946777343750e+01
5467 1.8953804016113281e+02 9.4392524719238281e+01
5468 1.8953804016113281e+02 9.5327102661132812e+01
5469 1.8953804016113281e+02 9.6261680603027344e+01
5470 1.8953804016113281e+02 9.7196258544921875e+01
5471 1.8953804016113281e+02 9.8130844116210938e+01
5472 1.8953804016113281e+02 9.9065422058105469e+01
5473 1.8858695983886719e+02 9.3457943201065063e-01
5474 1.8858695983886719e+02 1.8691588640213013e+00
5475 1.8858695983886719e+02 2.8037383556365967e+00
5476 1.8858695983886719e+02 3.7383177280426025e+00
5477 1.8858695983886719e+02 4.6728973388671875e+00
5478 1.8858695983886719e+02 5.6074767112731934e+00
5479 1.8858695983886719e+02 6.5420560836791992e+00
5480 1.8858695983886719e+02 7.4766354560852051e+00
5481 1.8858695983886719e+02 8.4112148284912109e+00
5482 1.8858695983886719e+02 9.3457946777343750e+00
5483 1.8858695983886719e+02 1.0280373573303223e+01
5484 1.8858695983886719e+02 1.1214953422546387e+01
5485 1.8858695983886719e+02 1.2149532318115234e+01
5486 1.8858695983886719e+02 1.3084112167358398e+01
5487 1.8858695983886719e+02 1.4018692016601562e+01
5488 1.8858695983886719e+02 1.4953270912170410e+01
5489 1.8858695983886719e+02 1.5887850761413574e+01
5490 1.8858695983886719e+02 1.6822429656982422e+01
5491 1.8858695983886719e+02 1.7757009506225586e+01
5492 1.8858695983886719e+02 1.8691589355468750e+01
5493 1.8858695983886719e+02 1.9626167297363281e+01
5494 1.8858695983886719e+02 2.0560747146606445e+01
5495 1.8858695983886719e+02 2.1495326995849609e+01
5496 1.8858695983886719e+02 2.2429906845092773e+01
5497 1.8858695983886719e+02 2.3364486694335938e+01
5498 1.8858695983886719e+02 2.4299064636230469e+01
5499 1.8858695983886719e+02 2.5233644485473633e+01
5500 1.8858695983886719e+02 2.6168224334716797e+01
5501 1.8858695983886719e+02 2.7102804183959961e+01
5502 1.8858695983886719e+02 2.8037384033203125e+01
5503 1.8858695983886719e+02 2.8971961975097656e+01
5504 1.8858695983886719e+02 2.9906541824340820e+01
5505 1.8858695983886719e+02 3.0841121673583984e+01
5506 1.8858695983886719e+02 3.1775701522827148e+01
5507 1.8858695983886719e+02 3.2710281372070312e+01
5508 1.8858695983886719e+02 3.3644859313964844e+01
5509 1.8858695983886719e+02 3.4579441070556641e+01
5510 1.8858695983886719e+02 3.5514019012451172e+01
5511 1.8858695983886719e+02 3.6448596954345703e+01
5512 1.8858695983886719e+02 3.7383178710937500e+01
5513 1.8858695983886719e+02 3.8317756652832031e+01
5514 1.8858695983886719e+02 3.9252334594726562e+01
5515 1.8858695983886719e+02 4.0186916351318359e+01
5516 1.8858695983886719e+02 4.1121494293212891e+01
5517 1.8858695983886719e+02 4.2056076049804688e+01
5518 1.8858695983886719e+02 4.2990653991699219e+01
5519 1.8858695983886719e+02 4.3925231933593750e+01
5520 1.8858695983886719e+02 4.4859813690185547e+01
5521 1.8858695983886719e+02 4.5794391632080078e+01
5522 1.8858695983886719e+02 4.6728973388671875e+01
5523 1.8858695983886719e+02 4.7663551330566406e+01
5524 1.8858695983886719e+02 4.8598129272460938e+01
5525 1.8858695983886719e+02 4.9532711029052734e+01
5526 1.8858695983886719e+02 5.0467288970947266e+01
5527 1.8858695983886719e+02 5.1401870727539062e+01
5528 1.8858695983886719e+02 5.2336448669433594e+01
5529 1.8858695983886719e+02 5.3271026611328125e+01
5530 1.8858695983886719e+02 5.4205608367919922e+01
5531 1.8858695983886719e+02 5.5140186309814453e+01
5532 1.8858695983886719e+02 5.6074768066406250e+01
5533 1.8858695983886719e+02 5.7009346008300781e+01
5534 1.8858695983886719e+02 5.7943923950195312e+01
5535 1.8858695983886719e+02 5.8878505706787109e+01
5536 1.8858695983886719e+02 5.9813083648681641e+01
5537 1.8858695983886719e+02 6.0747665405273438e+01
5538 1.8858695983886719e+02 6.1682243347167969e+01
5539 1.8858695983886719e+02 6.2616821289062500e+01
5540 1.8858695983886719e+02 6.3551403045654297e+01
5541 1.8858695983886719e+02 6.4485984802246094e+01
5542 1.8858695983886719e+02 6.5420562744140625e+01
5543 1.8858695983886719e+02 6.6355140686035156e+01
5544 1.8858695983886719e+02 6.7289718627929688e+01
5545 1.8858695983886719e+02 6.8224296569824219e+01
5546 1.8858695983886719e+02 6.9158882141113281e+01
5547 1.8858695983886719e+02 7.0093460083007812e+01
5548 1.8858695983886719e+02 7.1028038024902344e+01
5549 1.8858695983886719e+02 7.1962615966796875e+01
5550 1.8858695983886719e+02 7.2897193908691406e+01
5551 1.8858695983886719e+02 7.3831779479980469e+01
5552 1.8858695983886719e+02 7.4766357421875000e+01
5553 1.8858695983886719e+02 7.5700935363769531e+01
5554 1.8858695983886719e+02 7.6635513305664062e+01
5555 1.8858695983886719e+02 7.7570091247558594e+01
5556 1.8858695983886719e+02 7.8504669189453125e+01
5557 1.8858695983886719e+02 7.9439254760742188e+01
5558 1.8858695983886719e+02 8.0373832702636719e+01
5559 1.8858695983886719e+02 8.1308410644531250e+01
5560 1.8858695983886719e+02 8.2242988586425781e+01
5561 1.8858695983886719e+02 8.3177566528320312e+01
5562 1.8858695983886719e+02 8.4112152099609375e+01
5563 1.8858695983886719e+02 8.5046730041503906e+01
5564 1.8858695983886719e+02 8.5981307983398438e+01
5565 1.8858695983886719e+02 8.6915885925292969e+01
5566 1.8858695983886719e+02 8.7850463867187500e+01
5567 1.8858695983886719e+02 8.8785049438476562e+01
5568 1.8858695983886719e+02 8.9719627380371094e+01
5569 1.8858695983886719e+02 9.0654205322265625e+01
5570 1.8858695983886719e+02 9.1588783264160156e+01
5571 1.8858695983886719e+02 9.2523361206054688e+01
5572 1.8858695983886719e+02 9.3457946777343750e+01
5573 1.8858695983886719e+02 9.4392524719238281e+01
5574 1.8858695983886719e+02 9.5327102661132812e+01
5575 1.8858695983886719e+02 9.6261680603027344e+01
5576 1.8858695983886719e+02 9.7196258544921875e+01
5577 1.8858695983886719e+02 9.8130844116210938e+01
5578 1.8858695983886719e+02 9.9065422058105469e+01
5579 1.8763586425781250e+02 9.3457943201065063e-01
5580 1.8763586425781250e+02 1.8691588640213013e+00
5581 1.8763586425781250e+02 2.8037383556365967e+00
5582 1.8763586425781250e+02 3.7383177280426025e+00
5583 1.8763586425781250e+02 4.6728973388671875e+00
5584 1.8763586425781250e+02 5.6074767112731934e+00
5585 1.8763586425781250e+02 6.5420560836791992e+00
5586 1.8763586425781250e+02 7.4766354560852051e+00
5587 1.8763586425781250e+02 8.4112148284912109e+00
5588 1.8763586425781250e+02 9.3457946777343750e+00
5589 1.8763586425781250e+02 1.0280373573303223e+01
5590 1.8763586425781250e+02 1.1214953422546387e+01
5591 1.8763586425781250e+02 1.2149532318115234e+01
5592 1.8763586425781250e+02 1.3084112167358398e+01
5593 1.8763586425781250e+02 1.4018692016601562e+01
5594 1.8763586425781250e+02 1.4953270912170410e+01
5595 1.8763586425781250e+02 1.5887850761413574e+01
5596 1.8763586425781250e+02 1.6822429656982422e+01
5597 1.8763586425781250e+02 1.7757009506225586e+01
5598 1.8763586425781250e+02 1.8691589355468750e+01
5599 1.8763586425781250e+02 1.9626167297363281e+01
5600 1.8763586425781250e+02 2.0560747146606445e+01
5601 1.8763586425781250e+02 2.1495326995849609e+01
5602 1.8763586425781250e+02 2.2429906845092773e+01
5603 1.8763586425781250e+02 2.3364486694335938e+01
5604 1.8763586425781250e+02 2.4299064636230469e+01
5605 1.8763586425781250e+02 2.5233644485473633e+01
5606 1.8763586425781250e+02 2.6168224334716797e+01
5607 1.8763586425781250e+02 2.7102804183959961e+01
5608 1.8763586425781250e+02 2.8037384033203125e+01
5609 1.8763586425781250e+02 2.8971961975097656e+01
5610 1.8763586425781250e+02 2.9906541824340820e+01
5611 1.8763586425781250e+02 3.0841121673583984e+01
5612 1.8763586425781250e+02 3.1775701522827148e+01
5613 1.8763586425781250e+02 3.2710281372070312e+01
5614 1.8763586425781250e+02 3.3644859313964844e+01
5615 1.8763586425781250e+02 3.4579441070556641e+01
5616 1.8763586425781250e+02 3.5514019012451172e+01
5617 1.8763586425781250e+02 3.6448596954345703e+01
5618 1.8763586425781250e+02 3.7383178710937500e+01
5619 1.8763586425781250e+02 3.8317756652832031e+01
5620 1.8763586425781250e+02 3.9252334594726562e+01
5621 1.8763586425781250e+02 4.0186916351318359e+01
5622 1.8763586425781250e+02 4.1121494293212891e+01
5623 1.8763586425781250e+02 4.2056076049804688e+01
5624 1.8763586425781250e+02 4.2990653991699219e+01
5625 1.8763586425781250e+02 4.3925231933593750e+01
5626 1.8763586425781250e+02 4.4859813690185547e+01
5627 1.8763586425781250e+02 4.5794391632080078e+01
5628 1.8763586425781250e+02 4.6728973388671875e+01
5629 1.8763586425781250e+02 4.7663551330566406e+01
5630 1.8763586425781250e+02 4.8598129272460938e+01
5631 1.8763586425781250e+02 4.9532711029052734e+01
5632 1.8763586425781250e+02 5.0467288970947266e+01
5633 1.8763586425781250e+02 5.1401870727539062e+01
5634 1.8763586425781250e+02 5.2336448669433594e+01
5635 1.8763586425781250e+02 5.3271026611328125e+01
5636 1.8763586425781250e+02 5.4205608367919922e+01
5637 1.8763586425781250e+02 5.5140186309814453e+01
5638 1.8763586425781250e+02 5.6074768066406250e+01
5639 1.8763586425781250e+02 5.7009346008300781e+01
5640 1.8763586425781250e+02 5.7943923950195312e+01
5641 1.8763586425781250e+02 5.8878505706787109e+01
5642 1.8763586425781250e+02 5.9813083648681641e+01
5643 1.8763586425781250e+02 6.0747665405273438e+01
5644 1.8763586425781250e+02 6.1682243347167969e+01
5645 1.8763586425781250e+02 6.2616821289062500e+01
5646 1.8763586425781250e+02 6.3551403045654297e+01
5647 1.8763586425781250e+02 6.4485984802246094e+01
5648 1.8763586425781250e+02 6.5420562744140625e+01
5649 1.8763586425781250e+02 6.6355140686035156e+01
5650 1.8763586425781250e+02 6.7289718627929688e+01
5651 1.8763586425781250e+02 6.8224296569824219e+01
5652 1.8763586425781250e+02 6.9158882141113281e+01
5653 1.8763586425781250e+02 7.0093460083007812e+01
5654 1.8763586425781250e+02 7.1028038024902344e+01
5655 1.8763586425781250e+02 7.1962615966796875e+01
5656 1.8763586425781250e+02 7.2897193908691406e+01
5657 1.8763586425781250e+02 7.3831779479980469e+01
5658 1.8763586425781250e+02 7.4766357421875000e+01
5659 1.8763586425781250e+02 7.5700935363769531e+01
5660 1.8763586425781250e+02 7.6635513305664062e+01
5661 1.8763586425781250e+02 7.7570091247558594e+01
5662 1.8763586425781250e+02 7.8504669189453125e+01
5663 1.8763586425781250e+02 7.9439254760742188e+01
5664 1.8763586425781250e+02 8.0373832702636719e+01
5665 1.8763586425781250e+02 8.1308410644531250e+01
5666 1.8763586425781250e+02 8.2242988586425781e+01
5667 1.8763586425781250e+02 8.3177566528320312e+01
5668 1.8763586425781250e+02 8.4112152099609375e+01
5669 1.8763586425781250e+02 8.5046730041503906e+01
5670 1.8763586425781250e+02 8.5981307983398438e+01
5671 1.8763586425781250e+02 8.6915885925292969e+01
5672 1.8763586425781250e+02 8.7850463867187500e+01
5673 1.8763586425781250e+02 8.8785049438476562e+01
5674 1.8763586425781250e+02 8.9719627380371094e+01
5675 1.8763586425781250e+02 9.0654205322265625e+01
5676 1.8763586425781250e+02 9.1588783264160156e+01
5677 1.8763586425781250e+02 9.2523361206054688e+01
5678 1.8763586425781250e+02 9.3457946777343750e+01
5679 1.8763586425781250e+02 9.4392524719238281e+01
5680 1.8763586425781250e+02 9.5327102661132812e+01
5681 1.8763586425781250e+02 9.6261680603027344e+01
5682 1.8763586425781250e+02 9.7196258544921875e+01
5683 1.8763586425781250e+02 9.8130844116210938e+01
5684 1.8763586425781250e+02 9.9065422058105469e+01
5685 1.8668478393554688e+02 9.3457943201065063e-01
5686 1.8668478393554688e+02 1.8691588640213013e+00
5687 1.8668478393554688e+02 2.8037383556365967e+00
5688 1.8668478393554688e+02 3.7383177280426025e+00
5689 1.8668478393554688e+02 4.6728973388671875e+00
5690 1.8668478393554688e+02 5.6074767112731934e+00
5691 1.8668478393554688e+02 6.5420560836791992e+00
5692 1.8668478393554688e+02 7.4766354560852051e+00
5693 1.8668478393554688e+02 8.4112148284912109e+00
5694 1.8668478393554688e+02 9.3457946777343750e+00
5695 1.8668478393554688e+02 1.0280373573303223e+01
5696 1.8668478393554688e+02 1.1214953422546387e+01
5697 1.8668478393554688e+02 1.2149532318115234e+01
5698 1.8668478393554688e+02 1.3084112167358398e+01
5699 1.8668478393554688e+02 1.4018692016601562e+01
5700 1.8668478393554688e+02 1.4953270912170410e+01
5701 1.8668478393554688e+02 1.5887850761413574e+01
5702 1.8668478393554688e+02 1.6822429656982422e+01
5703 1.8668478393554688e+02 1.7757009506225586e+01
5704 1.8668478393554688e+02 1.8691589355468750e+01
5705 1.8668478393554688e+02 1.9626167297363281e+01
5706 1.8668478393554688e+02 2.0560747146606445e+01
5707 1.8668478393554688e+02 2.1495326995849609e+01
5708 1.8668478393554688e+02 2.2429906845092773e+01
5709 1.8668478393554688e+02 2.3364486694335938e+01
5710 1.8668478393554688e+02 2.4299064636230469e+01
5711 1.8668478393554688e+02 2.5233644485473633e+01
5712 1.8668478393554688e+02 2.6168224334716797e+01
5713 1.8668478393554688e+02 2.7102804183959961e+01
5714 1.8668478393554688e+02 2.8037384033203125e+01
5715 1.8668478393554688e+02 2.8971961975097656e+01
5716 1.8668478393554688e+02 2.9906541824340820e+01
5717 1.8668478393554688e+02 3.0841121673583984e+01
5718 1.8668478393554688e+02 3.1775701522827148e+01
5719 1.8668478393554688e+02 3.2710281372070312e+01
5720 1.8668478393554688e+02 3.3644859313964844e+01
5721 1.8668478393554688e+02 3.4579441070556641e+01
5722 1.8668478393554688e+02 3.5514019012451172e+01
5723 1.8668478393554688e+02 3.6448596954345703e+01
5724 1.8668478393554688e+02 3.7383178710937500e+01
5725 1.8668478393554688e+02 3.8317756652832031e+01
5726 1.8668478393554688e+02 3.9252334594726562e+01
5727 1.8668478393554688e+02 4.0186916351318359e+01
5728 1.8668478393554688e+02 4.1121494293212891e+01
5729 1.8668478393554688e+02 4.2056076049804688e+01
5730 1.8668478393554688e+02 4.2990653991699219e+01
5731 1.8668478393554688e+02 4.3925231933593750e+01
5732 1.8668478393554688e+02 4.4859813690185547e+01
5733 1.8668478393554688e+02 4.5794391632080078e+01
5734 1.8668478393554688e+02 4.6728973388671875e+01
5735 1.8668478393554688e+02 4.7663551330566406e+01
5736 1.8668478393554688e+02 4.8598129272460938e+01
5737 1.8668478393554688e+02 4.9532711029052734e+01
5738 1.8668478393554688e+02 5.0467288970947266e+01
5739 1.8668478393554688e+02 5.1401870727539062e+01
5740 1.8668478393554688e+02 5.2336448669433594e+01
5741 1.8668478393554688e+02 5.3271026611328125e+01
5742 1.8668478393554688e+02 5.4205608367919922e+01
5743 1.8668478393554688e+02 5.5140186309814453e+01
5744 1.8668478393554688e+02 5.6074768066406250e+01
5745 1.8668478393554688e+02 5.7009346008300781e+01
5746 1.8668478393554688e+02 5.7943923950195312e+01
5747 1.8668478393554688e+02 5.8878505706787109e+01
5748 1.8668478393554688e+02 5.9813083648681641e+01
5749 1.8668478393554688e+02 6.0747665405273438e+01
5750 1.8668478393554688e+02 6.1682243347167969e+01
5751 1.8668478393554688e+02 6.2616821289062500e+01
5752 1.8668478393554688e+02 6.3551403045654297e+01
5753 1.8668478393554688e+02 6.4485984802246094e+01
5754 1.8668478393554688e+02 6.5420562744140625e+01
5755 1.8668478393554688e+02 6.6355140686035156e+01
5756 1.8668478393554688e+02 6.7289718627929688e+01
5757 1.8668478393554688e+02 6.8224296569824219e+01
5758 1.8668478393554688e+02 6.9158882141113281e+01
5759 1.8668478393554688e+02 7.0093460083007812e+01
5760 1.8668478393554688e+02 7.1028038024902344e+01
5761 1.8668478393554688e+02 7.1962615966796875e+01
5762 1.8668478393554688e+02 7.2897193908691406e+01
5763 1.8668478393554688e+02 7.3831779479980469e+01
5764 1.8668478393554688e+02 7.4766357421875000e+01
5765 1.8668478393554688e+02 7.5700935363769531e+01
5766 1.8668478393554688e+02 7.6635513305664062e+01
5767 1.8668478393554688e+02 7.7570091247558594e+01
5768 1.8668478393554688e+02 7.8504669189453125e+01
5769 1.8668478393554688e+02 7.9439254760742188e+01
5770 1.8668478393554688e+02 8.0373832702636719e+01
5771 1.8668478393554688e+02 8.1308410644531250e+01
5772 1.8668478393554688e+02 8.2242988586425781e+01
5773 1.8668478393554688e+02 8.3177566528320312e+01
5774 1.8668478393554688e+02 8.4112152099609375e+01
5775 1.8668478393554688e+02 8.5046730041503906e+01
5776 1.8668478393554688e+02 8.5981307983398438e+01
5777 1.8668478393554688e+02 8.6915885925292969e+01
5778 1.8668478393554688e+02 8.7850463867187500e+01
5779 1.8668478393554688e+02 8.8785049438476562e+01
5780 1.8668478393554688e+02 8.9719627380371094e+01
5781 1.8668478393554688e+02 9.0654205322265625e+01
5782 1.8668478393554688e+02 9.1588783264160156e+01
5783 1.8668478393554688e+02 9.2523361206054688e+01
5784 1.8668478393554688e+02 9.3457946777343750e+01
5785 1.8668478393554688e+02 9.4392524719238281e+01
5786 1.8668478393554688e+02 9.5327102661132812e+01
5787 1.8668478393554688e+02 9.6261680603027344e+01
5788 1.8668478393554688e+02 9.7196258544921875e+01
5789 1.8668478393554688e+02 9.8130844116210938e+01
5790 1.8668478393554688e+02 9.9065422058105469e+01
5791 1.8573368835449219e+02 9.3457943201065063e-01
5792 1.8573368835449219e+02 1.8691588640213013e+00
5793 1.8573368835449219e+02 2.8037383556365967e+00
5794 1.8573368835449219e+02 3.7383177280426025e+00
5795 1.8573368835449219e+02 4.6728973388671875e+00
5796 1.8573368835449219e+02 5.6074767112731934e+00
5797 1.8573368835449219e+02 6.5420560836791992e+00
5798 1.8573368835449219e+02 7.4766354560852051e+00
5799 1.8573368835449219e+02 8.4112148284912109e+00
5800 1.8573368835449219e+02 9.3457946777343750e+00
5801 1.8573368835449219e+02 1.0280373573303223e+01
5802 1.8573368835449219e+02 1.1214953422546387e+01
5803 1.8573368835449219e+02 1.2149532318115234e+01
5804 1.8573368835449219e+02 1.3084112167358398e+01
5805 1.8573368835449219e+02 1.4018692016601562e+01
5806 1.8573368835449219e+02 1.4953270912170410e+01
5807 1.8573368835449219e+02 1.5887850761413574e+01
5808 1.8573368835449219e+02 1.6822429656982422e+01
5809 1.8573368835449219e+02 1.7757009506225586e+01
5810 1.8573368835449219e+02 1.8691589355468750e+01
5811 1.8573368835449219e+02 1.9626167297363281e+01
5812 1.8573368835449219e+02 2.0560747146606445e+01
5813 1.8573368835449219e+02 2.1495326995849609e+01
5814 1.8573368835449219e+02 2.2429906845092773e+01
5815 1.8573368835449219e+02 2.3364486694335938e+01
5816 1.8573368835449219e+02 2.4299064636230469e+01
5817 1.8573368835449219e+02 2.5233644485473633e+01
5818 1.8573368835449219e+02 2.6168224334716797e+01
5819 1.8573368835449219e+02 2.7102804183959961e+01
5820 1.8573368835449219e+02 2.8037384033203125e+01
5821 1.8573368835449219e+02 2.8971961975097656e+01
5822 1.8573368835449219e+02 2.9906541824340820e+01
5823 1.8573368835449219e+02 3.0841121673583984e+01
5824 1.8573368835449219e+02 3.1775701522827148e+01
5825 1.8573368835449219e+02 3.2710281372070312e+01
5826 1.8573368835449219e+02 3.3644859313964844e+01
5827 1.8573368835449219e+02 3.4579441070556641e+01
5828 1.8573368835449219e+02 3.5514019012451172e+01
5829 1.8573368835449219e+02 3.6448596954345703e+01
5830 1.8573368835449219e+02 3.7383178710937500e+01
5831 1.8573368835449219e+02 3.8317756652832031e+01
5832 1.8573368835449219e+02 3.9252334594726562e+01
5833 1.8573368835449219e+02 4.0186916351318359e+01
5834 1.8573368835449219e+02 4.1121494293212891e+01
5835 1.8573368835449219e+02 4.2056076049804688e+01
5836 1.8573368835449219e+02 4.2990653991699219e+01
5837 1.8573368835449219e+02 4.3925231933593750e+01
5838 1.8573368835449219e+02 4.4859813690185547e+01
5839 1.8573368835449219e+02 4.5794391632080078e+01
5840 1.8573368835449219e+02 4.6728973388671875e+01
5841 1.8573368835449219e+02 4.7663551330566406e+01
5842 1.8573368835449219e+02 4.8598129272460938e+01
5843 1.8573368835449219e+02 4.9532711029052734e+01
5844 1.8573368835449219e+02 5.0467288970947266e+01
5845 1.8573368835449219e+02 5.1401870727539062e+01
5846 1.8573368835449219e+02 5.2336448669433594e+01
5847 1.8573368835449219e+02 5.3271026611328125e+01
5848 1.8573368835449219e+02 5.4205608367919922e+01
5849 1.8573368835449219e+02 5.5140186309814453e+01
5850 1.8573368835449219e+02 5.6074768066406250e+01
5851 1.8573368835449219e+02 5.7009346008300781e+01
5852 1.8573368835449219e+02 5.7943923950195312e+01
5853 1.8573368835449219e+02 5.8878505706787109e+01
5854 1.8573368835449219e+02 5.9813083648681641e+01
5855 1.8573368835449219e+02 6.0747665405273438e+01
5856 1.8573368835449219e+02 6.1682243347167969e+01
5857 1.8573368835449219e+02 6.2616821289062500e+01
5858 1.8573368835449219e+02 6.3551403045654297e+01
5859 1.8573368835449219e+02 6.4485984802246094e+01
5860 1.8573368835449219e+02 6.5420562744140625e+01
5861 1.8573368835449219e+02 6.6355140686035156e+01
5862 1.8573368835449219e+02 6.7289718627929688e+01
5863 1.8573368835449219e+02 6.8224296569824219e+01
5864 1.8573368835449219e+02 6.9158882141113281e+01
5865 1.8573368835449219e+02 7.0093460083007812e+01
5866 1.8573368835449219e+02 7.1028038024902344e+01
5867 1.8573368835449219e+02 7.1962615966796875e+01
5868 1.8573368835449219e+02 7.2897193908691406e+01
5869 1.8573368835449219e+02 7.3831779479980469e+01
5870 1.8573368835449219e+02 7.4766357421875000e+01
5871 1.8573368835449219e+02 7.5700935363769531e+01
5872 1.8573368835449219e+02 7.6635513305664062e+01
5873 1.8573368835449219e+02 7.7570091247558594e+01
5874 1.8573368835449219e+02 7.8504669189453125e+01
5875 1.8573368835449219e+02 7.9439254760742188e+01
5876 1.8573368835449219e+02 8.0373832702636719e+01
5877 1.8573368835449219e+02 8.1308410644531250e+01
5878 1.8573368835449219e+02 8.2242988586425781e+01
5879 1.8573368835449219e+02 8.3177566528320312e+01
5880 1.8573368835449219e+02 8.4112152099609375e+01
5881 1.8573368835449219e+02 8.5046730041503906e+01
5882 1.8573368835449219e+02 8.5981307983398438e+01
5883 1.8573368835449219e+02 8.6915885925292969e+01
5884 1.8573368835449219e+02 8.7850463867187500e+01
5885 1.8573368835449219e+02 8.8785049438476562e+01
5886 1.8573368835449219e+02 8.9719627380371094e+01
5887 1.8573368835449219e+02 9.0654205322265625e+01
5888 1.8573368835449219e+02 9.1588783264160156e+01
5889 1.8573368835449219e+02 9.2523361206054688e+01
5890 1.8573368835449219e+02 9.3457946777343750e+01
5891 1.8573368835449219e+02 9.4392524719238281e+01
5892 1.8573368835449219e+02 9.5327102661132812e+01
5893 1.8573368835449219e+02 9.6261680603027344e+01
5894 1.8573368835449219e+02 9.7196258544921875e+01
5895 1.8573368835449219e+02 9.8130844116210938e+01
5896 1.8573368835449219e+02 9.9065422058105469e+01
5897 1.8478260803222656e+02 9.3457943201065063e-01
5898 1.8478260803222656e+02 1.8691588640213013e+00
5899 1.8478260803222656e+02 2.8037383556365967e+00
5900 1.8478260803222656e+02 3.7383177280426025e+00
5901 1.8478260803222656e+02 4.6728973388671875e+00
5902 1.8478260803222656e+02 5.6074767112731934e+00
5903 1.8478260803222656e+02 6.5420560836791992e+00
5904 1.8478260803222656e+02 7.4766354560852051e+00
5905 1.8478260803222656e+02 8.4112148284912109e+00
5906 1.8478260803222656e+02 9.3457946777343750e+00
5907 1.8478260803222656e+02 1.0280373573303223e+01
5908 1.8478260803222656e+02 1.1214953422546387e+01
5909 1.8478260803222656e+02 1.2149532318115234e+01
5910 1.8478260803222656e+02 1.3084112167358398e+01
5911 1.8478260803222656e+02 1.4018692016601562e+01
5912 1.8478260803222656e+02 1.4953270912170410e+01
5913 1.8478260803222656e+02 1.5887850761413574e+01
5914 1.8478260803222656e+02 1.6822429656982422e+01
5915 1.8478260803222656e+02 1.7757009506225586e+01
5916 1.8478260803222656e+02 1.8691589355468750e+01
5917 1.8478260803222656e+02 1.9626167297363281e+01
5918 1.8478260803222656e+02 2.0560747146606445e+01
5919 1.8478260803222656e+02 2.1495326995849609e+01
5920 1.8478260803222656e+02 2.2429906845092773e+01
5921 1.8478260803222656e+02 2.3364486694335938e+01
5922 1.8478260803222656e+02 2.4299064636230469e+01
5923 1.8478260803222656e+02 2.5233644485473633e+01
5924 1.8478260803222656e+02 2.6168224334716797e+01
5925 1.8478260803222656e+02 2.7102804183959961e+01
5926 1.8478260803222656e+02 2.8037384033203125e+01
5927 1.8478260803222656e+02 2.8971961975097656e+01
5928 1.8478260803222656e+02 2.9906541824340820e+01
5929 1.8478260803222656e+02 3.0841121673583984e+01
5930 1.8478260803222656e+02 3.1775701522827148e+01
5931 1.8478260803222656e+02 3.2710281372070312e+01
5932 1.8478260803222656e+02 3.3644859313964844e+01
5933 1.8478260803222656e+02 3.4579441070556641e+01
5934 1.8478260803222656e+02 3.5514019012451172e+01
5935 1.8478260803222656e+02 3.6448596954345703e+01
5936 1.8478260803222656e+02 3.7383178710937500e+01
5937 1.8478260803222656e+02 3.8317756652832031e+01
5938 1.8478260803222656e+02 3.9252334594726562e+01
5939 1.8478260803222656e+02 4.0186916351318359e+01
5940 1.8478260803222656e+02 4.1121494293212891e+01
5941 1.8478260803222656e+02 4.2056076049804688e+01
5942 1.8478260803222656e+02 4.2990653991699219e+01
5943 1.8478260803222656e+02 4.3925231933593750e+01
5944 1.8478260803222656e+02 4.4859813690185547e+01
5945 1.8478260803222656e+02 4.5794391632080078e+01
5946 1.8478260803222656e+02 4.6728973388671875e+01
5947 1.8478260803222656e+02 4.7663551330566406e+01
5948 1.8478260803222656e+02 4.8598129272460938e+01
5949 1.8478260803222656e+02 4.9532711029052734e+01
5950 1.8478260803222656e+02 5.0467288970947266e+01
5951 1.8478260803222656e+02 5.1401870727539062e+01
5952 1.8478260803222656e+02 5.2336448669433594e+01
5953 1.8478260803222656e+02 5.3271026611328125e+01
5954 1.8478260803222656e+02 5.4205608367919922e+01
5955 1.8478260803222656e+02 5.5140186309814453e+01
5956 1.8478260803222656e+02 5.6074768066406250e+01
5957 1.8478260803222656e+02 5.7009346008300781e+01
5958 1.8478260803222656e+02 5.7943923950195312e+01
5959 1.8478260803222656e+02 5.8878505706787109e+01
5960 1.8478260803222656e+02 5.9813083648681641e+01
5961 1.8478260803222656e+02 6.0747665405273438e+01
5962 1.8478260803222656e+02 6.1682243347167969e+01
5963 1.8478260803222656e+02 6.2616821289062500e+01
5964 1.8478260803222656e+02 6.3551403045654297e+01
5965 1.8478260803222656e+02 6.4485984802246094e+01
5966 1.8478260803222656e+02 6.5420562744140625e+01
5967 1.8478260803222656e+02 6.6355140686035156e+01
5968 1.8478260803222656e+02 6.7289718627929688e+01
5969 1.8478260803222656e+02 6.8224296569824219e+01
5970 1.8478260803222656e+02 6.9158882141113281e+01
5971 1.8478260803222656e+02 7.0093460083007812e+01
5972 1.8478260803222656e+02 7.1028038024902344e+01
5973 1.8478260803222656e+02 7.1962615966796875e+01
5974 1.8478260803222656e+02 7.2897193908691406e+01
5975 1.8478260803222656e+02 7.3831779479980469e+01
5976 1.8478260803222656e+02 7.4766357421875000e+01
5977 1.8478260803222656e+02 7.5700935363769531e+01
5978 1.8478260803222656e+02 7.6635513305664062e+01
5979 1.8478260803222656e+02 7.7570091247558594e+01
5980 1.8478260803222656e+02 7.8504669189453125e+01
5981 1.8478260803222656e+02 7.9439254760742188e+01
5982 1.8478260803222656e+02 8.0373832702636719e+01
5983 1.8478260803222656e+02 8.1308410644531250e+01
5984 1.8478260803222656e+02 8.2242988586425781e+01
5985 1.8478260803222656e+02 8.3177566528320312e+01
5986 1.8478260803222656e+02 8.4112152099609375e+01
5987 1.8478260803222656e+02 8.5046730041503906e+01
5988 1.8478260803222656e+02 8.5981307983398438e+01
5989 1.8478260803222656e+02 8.6915885925292969e+01
5990 1.8478260803222656e+02 8.7850463867187500e+01
5991 1.8478260803222656e+02 8.8785049438476562e+01
5992 1.8478260803222656e+02 8.9719627380371094e+01
5993 1.8478260803222656e+02 9.0654205322265625e+01
5994 1.8478260803222656e+02 9.1588783264160156e+01
5995 1.8478260803222656e+02 9.2523361206054688e+01
5996 1.8478260803222656e+02 9.3457946777343750e+01
5997 1.8478260803222656e+02 9.4392524719238281e+01
5998 1.8478260803222656e+02 9.5327102661132812e+01
5999 1.8478260803222656e+02 9.6261680603027344e+01
6000 1.8478260803222656e+02 9.7196258544921875e+01
6001 1.8478260803222656e+02 9.8130844116210938e+01
6002 1.8478260803222656e+02 9.9065422058105469e+01
6003 1.8383152770996094e+02 9.3457943201065063e-01
6004 1.8383152770996094e+02 1.8691588640213013e+00
6005 1.8383152770996094e+02 2.8037383556365967e+00
6006 1.8383152770996094e+02 3.7383177280426025e+00
6007 1.8383152770996094e+02 4.6728973388671875e+00
6008 1.8383152770996094e+02 5.6074767112731934e+00
6009 1.8383152770996094e+02 6.5420560836791992e+00
6010 1.8383152770996094e+02 7.4766354560852051e+00
6011 1.8383152770996094e+02 8.4112148284912109e+00
6012 1.8383152770996094e+02 9.3457946777343750e+00
6013 1.8383152770996094e+02 1.0280373573303223e+01
6014 1.8383152770996094e+02 1.1214953422546387e+01
6015 1.8383152770996094e+02 1.2149532318115234e+01
6016 1.8383152770996094e+02 1.3084112167358398e+01
6017 1.8383152770996094e+02 1.4018692016601562e+01
6018 1.8383152770996094e+02 1.4953270912170410e+01
6019 1.8383152770996094e+02 1.5887850761413574e+01
6020 1.8383152770996094e+02 1.6822429656982422e+01
6021 1.8383152770996094e+02 1.7757009506225586e+01
6022 1.8383152770996094e+02 1.8691589355468750e+01
6023 1.8383152770996094e+02 1.9626167297363281e+01
6024 1.8383152770996094e+02 2.0560747146606445e+01
6025 1.8383152770996094e+02 2.1495326995849609e+01
6026 1.8383152770996094e+02 2.2429906845092773e+01
6027 1.8383152770996094e+02 2.3364486694335938e+01
6028 1.8383152770996094e+02 2.4299064636230469e+01
6029 1.8383152770996094e+02 2.5233644485473633e+01
6030 1.8383152770996094e+02 2.6168224334716797e+01
6031 1.8383152770996094e+02 2.7102804183959961e+01
6032 1.8383152770996094e+02 2.8037384033203125e+01
6033 1.8383152770996094e+02 2.8971961975097656e+01
6034 1.8383152770996094e+02 2.9906541824340820e+01
6035 1.8383152770996094e+02 3.0841121673583984e+01
6036 1.8383152770996094e+02 3.1775701522827148e+01
6037 1.8383152770996094e+02 3.2710281372070312e+01
6038 1.8383152770996094e+02 3.3644859313964844e+01
6039 1.8383152770996094e+02 3.4579441070556641e+01
6040 1.8383152770996094e+02 3.5514019012451172e+01
6041 1.8383152770996094e+02 3.6448596954345703e+01
6042 1.8383152770996094e+02 3.7383178710937500e+01
6043 1.8383152770996094e+02 3.8317756652832031e+01
6044 1.8383152770996094e+02 3.9252334594726562e+01
6045 1.8383152770996094e+02 4.0186916351318359e+01
6046 1.8383152770996094e+02 4.1121494293212891e+01
6047 1.8383152770996094e+02 4.2056076049804688e+01
6048 1.8383152770996094e+02 4.2990653991699219e+01
6049 1.8383152770996094e+02 4.3925231933593750e+01
6050 1.8383152770996094e+02 4.4859813690185547e+01
6051 1.8383152770996094e+02 4.5794391632080078e+01
6052 1.8383152770996094e+02 4.6728973388671875e+01
6053 1.8383152770996094e+02 4.7663551330566406e+01
6054 1.8383152770996094e+02 4.8598129272460938e+01
6055 1.8383152770996094e+02 4.9532711029052734e+01
6056 1.8383152770996094e+02 5.0467288970947266e+01
6057 1.8383152770996094e+02 5.1401870727539062e+01
6058 1.8383152770996094e+02 5.2336448669433594e+01
6059 1.8383152770996094e+02 5.3271026611328125e+01
6060 1.8383152770996094e+02 5.4205608367919922e+01
6061 1.8383152770996094e+02 5.5140186309814453e+01
6062 1.8383152770996094e+02 5.6074768066406250e+01
6063 1.8383152770996094e+02 5.7009346008300781e+01
6064 1.8383152770996094e+02 5.7943923950195312e+01
6065 1.8383152770996094e+02 5.8878505706787109e+01
6066 1.8383152770996094e+02 5.9813083648681641e+01
6067 1.8383152770996094e+02 6.0747665405273438e+01
6068 1.8383152770996094e+02 6.1682243347167969e+01
6069 1.8383152770996094e+02 6.2616821289062500e+01
6070 1.8383152770996094e+02 6.3551403045654297e+01
6071 1.8383152770996094e+02 6.4485984802246094e+01
6072 1.8383152770996094e+02 6.5420562744140625e+01
6073 1.8383152770996094e+02 6.6355140686035156e+01
6074 1.8383152770996094e+02 6.7289718627929688e+01
6075 1.8383152770996094e+02 6.8224296569824219e+01
6076 1.8383152770996094e+02 6.9158882141113281e+01
6077 1.8383152770996094e+02 7.0093460083007812e+01
6078 1.8383152770996094e+02 7.1028038024902344e+01
6079 1.8383152770996094e+02 7.1962615966796875e+01
6080 1.8383152770996094e+02 7.2897193908691406e+01
6081 1.8383152770996094e+02 7.3831779479980469e+01
6082 1.8383152770996094e+02 7.4766357421875000e+01
6083 1.8383152770996094e+02 7.5700935363769531e+01
6084 1.8383152770996094e+02 7.6635513305664062e+01
6085 1.8383152770996094e+02 7.7570091247558594e+01
6086 1.8383152770996094e+02 7.8504669189453125e+01
6087 1.8383152770996094e+02 7.9439254760742188e+01
6088 1.8383152770996094e+02 8.0373832702636719e+01
6089 1.8383152770996094e+02 8.1308410644531250e+01
6090 1.8383152770996094e+02 8.2242988586425781e+01
6091 1.8383152770996094e+02 8.3177566528320312e+01
6092 1.8383152770996094e+02 8.4112152099609375e+01
6093 1.8383152770996094e+02 8.5046730041503906e+01
6094 1.8383152770996094e+02 8.5981307983398438e+01
6095 1.8383152770996094e+02 8.6915885925292969e+01
6096 1.8383152770996094e+02 8.7850463867187500e+01
6097 1.8383152770996094e+02 8.8785049438476562e+01
6098 1.8383152770996094e+02 8.9719627380371094e+01
6099 1.8383152770996094e+02 9.0654205322265625e+01
6100 1.8383152770996094e+02 9.1588783264160156e+01
6101 1.8383152770996094e+02 9.2523361206054688e+01
6102 1.8383152770996094e+02 9.3457946777343750e+01
6103 1.8383152770996094e+02 9.4392524719238281e+01
6104 1.8383152770996094e+02 9.5327102661132812e+01
6105 1.8383152770996094e+02 9.6261680603027344e+01
6106 1.8383152770996094e+02 9.7196258544921875e+01
6107 1.8383152770996094e+02 9.8130844116210938e+01
6108 1.8383152770996094e+02 9.9065422058105469e+01
6109 1.8288043212890625e+02 9.3457943201065063e-01
6110 1.8288043212890625e+02 1.8691588640213013e+00
6111 1.8288043212890625e+02 2.8037383556365967e+00
6112 1.8288043212890625e+02 3.7383177280426025e+00
6113 1.8288043212890625e+02 4.6728973388671875e+00
6114 1.8288043212890625e+02 5.6074767112731934e+00
6115 1.8288043212890625e+02 6.5420560836791992e+00
6116 1.8288043212890625e+02 7.4766354560852051e+00
6117 1.8288043212890625e+02 8.4112148284912109e+00
6118 1.8288043212890625e+02 9.3457946777343750e+00
6119 1.8288043212890625e+02 1.0280373573303223e+01
6120 1.8288043212890625e+02 1.1214953422546387e+01
6121 1.8288043212890625e+02 1.2149532318115234e+01
6122 1.8288043212890625e+02 1.3084112167358398e+01
6123 1.8288043212890625e+02 1.4018692016601562e+01
6124 1.8288043212890625e+02 1.4953270912170410e+01
6125 1.8288043212890625e+02 1.5887850761413574e+01
6126 1.8288043212890625e+02 1.6822429656982422e+01
6127 1.8288043212890625e+02 1.7757009506225586e+01
6128 1.8288043212890625e+02 1.8691589355468750e+01
6129 1.8288043212890625e+02 1.9626167297363281e+01
6130 1.8288043212890625e+02 2.0560747146606445e+01
6131 1.8288043212890625e+02 2.1495326995849609e+01
6132 1.8288043212890625e+02 2.2429906845092773e+01
6133 1.8288043212890625e+02 2.3364486694335938e+01
6134 1.8288043212890625e+02 2.4299064636230469e+01
6135 1.8288043212890625e+02 2.5233644485473633e+01
6136 1.8288043212890625e+02 2.6168224334716797e+01
6137 1.8288043212890625e+02 2.7102804183959961e+01
6138 1.8288043212890625e+02 2.8037384033203125e+01
6139 1.8288043212890625e+02 2.8971961975097656e+01
6140 1.8288043212890625e+02 2.9906541824340820e+01
6141 1.8288043212890625e+02 3.0841121673583984e+01
6142 1.8288043212890625e+02 3.1775701522827148e+01
6143 1.8288043212890625e+02 3.2710281372070312e+01
6144 1.8288043212890625e+02 3.3644859313964844e+01
6145 1.8288043212890625e+02 3.4579441070556641e+01
6146 1.8288043212890625e+02 3.5514019012451172e+01
6147 1.8288043212890625e+02 3.6448596954345703e+01
6148 1.8288043212890625e+02 3.7383178710937500e+01
6149 1.8288043212890625e+02 3.8317756652832031e+01
6150 1.8288043212890625e+02 3.9252334594726562e+01
6151 1.8288043212890625e+02 4.0186916351318359e+01
6152 1.8288043212890625e+02 4.1121494293212891e+01
6153 1.8288043212890625e+02 4.2056076049804688e+01
6154 1.8288043212890625e+02 4.2990653991699219e+01
6155 1.8288043212890625e+02 4.3925231933593750e+01
6156 1.8288043212890625e+02 4.4859813690185547e+01
6157 1.8288043212890625e+02 4.5794391632080078e+01
6158 1.8288043212890625e+02 4.6728973388671875e+01
6159 1.8288043212890625e+02 4.7663551330566406e+01
6160 1.8288043212890625e+02 4.8598129272460938e+01
6161 1.8288043212890625e+02 4.9532711029052734e+01
6162 1.8288043212890625e+02 5.0467288970947266e+01
6163 1.8288043212890625e+02 5.1401870727539062e+01
6164 1.8288043212890625e+02 5.2336448669433594e+01
6165 1.8288043212890625e+02 5.3271026611328125e+01
6166 1.8288043212890625e+02 5.4205608367919922e+01
6167 1.8288043212890625e+02 5.5140186309814453e+01
6168 1.8288043212890625e+02 5.6074768066406250e+01
6169 1.8288043212890625e+02 5.7009346008300781e+01
6170 1.8288043212890625e+02 5.7943923950195312e+01
6171 1.8288043212890625e+02 5.8878505706787109e+01
6172 1.8288043212890625e+02 5.9813083648681641e+01
6173 1.8288043212890625e+02 6.0747665405273438e+01
6174 1.8288043212890625e+02 6.1682243347167969e+01
6175 1.8288043212890625e+02 6.2616821289062500e+01
6176 1.8288043212890625e+02 6.3551403045654297e+01
6177 1.8288043212890625e+02 6.4485984802246094e+01
6178 1.8288043212890625e+02 6.5420562744140625e+01
6179 1.8288043212890625e+02 6.6355140686035156e+01
6180 1.8288043212890625e+02 6.7289718627929688e+01
6181 1.8288043212890625e+02 6.8224296569824219e+01
6182 1.8288043212890625e+02 6.9158882141113281e+01
6183 1.8288043212890625e+02 7.0093460083007812e+01
6184 1.8288043212890625e+02 7.1028038024902344e+01
6185 1.8288043212890625e+02 7.1962615966796875e+01
6186 1.8288043212890625e+02 7.2897193908691406e+01
6187 1.8288043212890625e+02 7.3831779479980469e+01
6188 1.8288043212890625e+02 7.4766357421875000e+01
6189 1.8288043212890625e+02 7.5700935363769531e+01
6190 1.8288043212890625e+02 7.6635513305664062e+01
6191 1.8288043212890625e+02 7.7570091247558594e+01
6192 1.8288043212890625e+02 7.8504669189453125e+01
6193 1.8288043212890625e+02 7.9439254760742188e+01
6194 1.8288043212890625e+02 8.0373832702636719e+01
6195 1.8288043212890625e+02 8.1308410644531250e+01
6196 1.8288043212890625e+02 8.2242988586425781e+01
6197 1.8288043212890625e+02 8.3177566528320312e+01
6198 1.8288043212890625e+02 8.4112152099609375e+01
6199 1.8288043212890625e+02 8.5046730041503906e+01
6200 1.8288043212890625e+02 8.5981307983398438e+01
6201 1.8288043212890625e+02 8.6915885925292969e+01
6202 1.8288043212890625e+02 8.7850463867187500e+01
6203 1.8288043212890625e+02 8.8785049438476562e+01
6204 1.8288043212890625e+02 8.9719627380371094e+01
6205 1.8288043212890625e+02 9.0654205322265625e+01
6206 1.8288043212890625e+02 9.1588783264160156e+01
6207 1.8288043212890625e+02 9.2523361206054688e+01
6208 1.8288043212890625e+02 9.3457946777343750e+01
6209 1.8288043212890625e+02 9.4392524719238281e+01
6210 1.8288043212890625e+02 9.5327102661132812e+01
6211 1.8288043212890625e+02 9.6261680603027344e+01
6212 1.8288043212890625e+02 9.7196258544921875e+01
6213 1.8288043212890625e+02 9.8130844116210938e+01
6214 1.8288043212890625e+02 9.9065422058105469e+01
6215 1.8192935180664062e+02 9.3457943201065063e-01
6216 1.8192935180664062e+02 1.8691588640213013e+00
6217 1.8192935180664062e+02 2.8037383556365967e+00
6218 1.8192935180664062e+02 3.7383177280426025e+00
6219 1.8192935180664062e+02 4.6728973388671875e+00
6220 1.8192935180664062e+02 5.6074767112731934e+00
6221 1.8192935180664062e+02 6.5420560836791992e+00
6222 1.8192935180664062e+02 7.4766354560852051e+00
6223 1.8192935180664062e+02 8.4112148284912109e+00
6224 1.8192935180664062e+02 9.3457946777343750e+00
6225 1.8192935180664062e+02 1.0280373573303223e+01
6226 1.8192935180664062e+02 1.1214953422546387e+01
6227 1.8192935180664062e+02 1.2149532318115234e+01
6228 1.8192935180664062e+02 1.3084112167358398e+01
6229 1.8192935180664062e+02 1.4018692016601562e+01
6230 1.8192935180664062e+02 1.4953270912170410e+01
6231 1.8192935180664062e+02 1.5887850761413574e+01
6232 1.8192935180664062e+02 1.6822429656982422e+01
6233 1.8192935180664062e+02 1.7757009506225586e+01
6234 1.8192935180664062e+02 1.8691589355468750e+01
6235 1.8192935180664062e+02 1.9626167297363281e+01
6236 1.8192935180664062e+02 2.0560747146606445e+01
6237 1.8192935180664062e+02 2.1495326995849609e+01
6238 1.8192935180664062e+02 2.2429906845092773e+01
6239 1.8192935180664062e+02 2.3364486694335938e+01
6240 1.8192935180664062e+02 2.4299064636230469e+01
6241 1.8192935180664062e+02 2.5233644485473633e+01
6242 1.8192935180664062e+02 2.6168224334716797e+01
6243 1.8192935180664062e+02 2.7102804183959961e+01
6244 1.8192935180664062e+02 2.8037384033203125e+01
6245 1.8192935180664062e+02 2.8971961975097656e+01
6246 1.8192935180664062e+02 2.9906541824340820e+01
6247 1.8192935180664062e+02 3.0841121673583984e+01
6248 1.8192935180664062e+02 3.1775701522827148e+01
6249 1.8192935180664062e+02 3.2710281372070312e+01
6250 1.8192935180664062e+02 3.3644859313964844e+01
6251 1.8192935180664062e+02 3.4579441070556641e+01
6252 1.8192935180664062e+02 3.5514019012451172e+01
6253 1.8192935180664062e+02 3.6448596954345703e+01
6254 1.8192935180664062e+02 3.7383178710937500e+01
6255 1.8192935180664062e+02 3.8317756652832031e+01
6256 1.8192935180664062e+02 3.9252334594726562e+01
6257 1.8192935180664062e+02 4.0186916351318359e+01
6258 1.8192935180664062e+02 4.1121494293212891e+01
6259 1.8192935180664062e+02 4.2056076049804688e+01
6260 1.8192935180664062e+02 4.2990653991699219e+01
6261 1.8192935180664062e+02 4.3925231933593750e+01
6262 1.8192935180664062e+02 4.4859813690185547e+01
6263 1.8192935180664062e+02 4.5794391632080078e+01
6264 1.8192935180664062e+02 4.6728973388671875e+01
6265 1.8192935180664062e+02 4.7663551330566406e+01
6266 1.8192935180664062e+02 4.8598129272460938e+01
6267 1.8192935180664062e+02 4.9532711029052734e+01
6268 1.8192935180664062e+02 5.0467288970947266e+01
6269 1.8192935180664062e+02 5.1401870727539062e+01
6270 1.8192935180664062e+02 5.2336448669433594e+01
6271 1.8192935180664062e+02 5.3271026611328125e+01
6272 1.8192935180664062e+02 5.4205608367919922e+01
6273 1.8192935180664062e+02 5.5140186309814453e+01
6274 1.8192935180664062e+02 5.6074768066406250e+01
6275 1.8192935180664062e+02 5.7009346008300781e+01
6276 1.8192935180664062e+02 5.7943923950195312e+01
6277 1.8192935180664062e+02 5.8878505706787109e+01
6278 1.8192935180664062e+02 5.9813083648681641e+01
6279 1.8192935180664062e+02 6.0747665405273438e+01
6280 1.8192935180664062e+02 6.1682243347167969e+01
6281 1.8192935180664062e+02 6.2616821289062500e+01
6282 1.8192935180664062e+02 6.3551403045654297e+01
6283 1.8192935180664062e+02 6.4485984802246094e+01
6284 1.8192935180664062e+02 6.5420562744140625e+01
6285 1.8192935180664062e+02 6.6355140686035156e+01
6286 1.8192935180664062e+02 6.7289718627929688e+01
6287 1.8192935180664062e+02 6.8224296569824219e+01
6288 1.8192935180664062e+02 6.9158882141113281e+01
6289 1.8192935180664062e+02 7.0093460083007812e+01
6290 1.8192935180664062e+02 7.1028038024902344e+01
6291 1.8192935180664062e+02 7.1962615966796875e+01
6292 1.8192935180664062e+02 7.2897193908691406e+01
6293 1.8192935180664062e+02 7.3831779479980469e+01
6294 1.8192935180664062e+02 7.4766357421875000e+01
6295 1.8192935180664062e+02 7.5700935363769531e+01
6296 1.8192935180664062e+02 7.6635513305664062e+01
6297 1.8192935180664062e+02 7.7570091247558594e+01
6298 1.8192935180664062e+02 7.8504669189453125e+01
6299 1.8192935180664062e+02 7.9439254760742188e+01
6300 1.8192935180664062e+02 8.0373832702636719e+01
6301 1.8192935180664062e+02 8.1308410644531250e+01
6302 1.8192935180664062e+02 8.2242988586425781e+01
6303 1.8192935180664062e+02 8.3177566528320312e+01
6304 1.8192935180664062e+02 8.4112152099609375e+01
6305 1.8192935180664062e+02 8.5046730041503906e+01
6306 1.8192935180664062e+02 8.5981307983398438e+01
6307 1.8192935180664062e+02 8.6915885925292969e+01
6308 1.8192935180664062e+02 8.7850463867187500e+01
6309 1.8192935180664062e+02 8.8785049438476562e+01
6310 1.8192935180664062e+02 8.9719627380371094e+01
6311 1.8192935180664062e+02 9.0654205322265625e+01
6312 1.8192935180664062e+02 9.1588783264160156e+01
6313 1.8192935180664062e+02 9.2523361206054688e+01
6314 1.8192935180664062e+02 9.3457946777343750e+01
6315 1.8192935180664062e+02 9.4392524719238281e+01
6316 1.8192935180664062e+02 9.5327102661132812e+01
6317 1.8192935180664062e+02 9.6261680603027344e+01
6318 1.8192935180664062e+02 9.7196258544921875e+01
6319 1.8192935180664062e+02 9.8130844116210938e+01
6320 1.8192935180664062e+02 9.9065422058105469e+01
6321 1.8097825622558594e+02 9.3457943201065063e-01
6322 1.8097825622558594e+02 1.8691588640213013e+00
6323 1.8097825622558594e+02 2.8037383556365967e+00
6324 1.8097825622558594e+02 3.7383177280426025e+00
6325 1.8097825622558594e+02 4.6728973388671875e+00
6326 1.8097825622558594e+02 5.6074767112731934e+00
6327 1.8097825622558594e+02 6.5420560836791992e+00
6328 1.8097825622558594e+02 7.4766354560852051e+00
6329 1.8097825622558594e+02 8.4112148284912109e+00
6330 1.8097825622558594e+02 9.3457946777343750e+00
6331 1.8097825622558594e+02 1.0280373573303223e+01
6332 1.8097825622558594e+02 1.1214953422546387e+01
6333 1.8097825622558594e+02 1.2149532318115234e+01
6334 1.8097825622558594e+02 1.3084112167358398e+01
6335 1.8097825622558594e+02 1.4018692016601562e+01
6336 1.8097825622558594e+02 1.4953270912170410e+01
6337 1.8097825622558594e+02 1.5887850761413574e+01
6338 1.8097825622558594e+02 1.6822429656982422e+01
6339 1.8097825622558594e+02 1.7757009506225586e+01
6340 1.8097825622558594e+02 1.8691589355468750e+01
6341 1.8097825622558594e+02 1.9626167297363281e+01
6342 1.8097825622558594e+02 2.0560747146606445e+01
6343 1.8097825622558594e+02 2.1495326995849609e+01
6344 1.8097825622558594e+02 2.2429906845092773e+01
6345 1.8097825622558594e+02 2.3364486694335938e+01
6346 1.8097825622558594e+02 2.4299064636230469e+01
6347 1.8097825622558594e+02 2.5233644485473633e+01
6348 1.8097825622558594e+02 2.6168224334716797e+01
6349 1.8097825622558594e+02 2.7102804183959961e+01
6350 1.8097825622558594e+02 2.8037384033203125e+01
6351 1.8097825622558594e+02 2.8971961975097656e+01
6352 1.8097825622558594e+02 2.9906541824340820e+01
6353 1.8097825622558594e+02 3.0841121673583984e+01
6354 1.8097825622558594e+02 3.1775701522827148e+01
6355 1.8097825622558594e+02 3.2710281372070312e+01
6356 1.8097825622558594e+02 3.3644859313964844e+01
6357 1.8097825622558594e+02 3.4579441070556641e+01
6358 1.8097825622558594e+02 3.5514019012451172e+01
6359 1.8097825622558594e+02 3.6448596954345703e+01
6360 1.8097825622558594e+02 3.7383178710937500e+01
6361 1.8097825622558594e+02 3.8317756652832031e+01
6362 1.8097825622558594e+02 3.9252334594726562e+01
6363 1.8097825622558594e+02 4.0186916351318359e+01
6364 1.8097825622558594e+02 4.1121494293212891e+01
6365 1.8097825622558594e+02 4.2056076049804688e+01
6366 1.8097825622558594e+02 4.2990653991699219e+01
6367 1.8097825622558594e+02 4.3925231933593750e+01
6368 1.8097825622558594e+02 4.4859813690185547e+01
6369 1.8097825622558594e+02 4.5794391632080078e+01
6370 1.8097825622558594e+02 4.6728973388671875e+01
6371 1.8097825622558594e+02 4.7663551330566406e+01
6372 1.8097825622558594e+02 4.8598129272460938e+01
6373 1.8097825622558594e+02 4.9532711029052734e+01
6374 1.8097825622558594e+02 5.0467288970947266e+01
6375 1.8097825622558594e+02 5.1401870727539062e+01
6376 1.8097825622558594e+02 5.2336448669433594e+01
6377 1.8097825622558594e+02 5.3271026611328125e+01
6378 1.8097825622558594e+02 5.4205608367919922e+01
6379 1.8097825622558594e+02 5.5140186309814453e+01
6380 1.8097825622558594e+02 5.6074768066406250e+01
6381 1.8097825622558594e+02 5.7009346008300781e+01
6382 1.8097825622558594e+02 5.7943923950195312e+01
6383 1.8097825622558594e+02 5.8878505706787109e+01
6384 1.8097825622558594e+02 5.9813083648681641e+01
6385 1.8097825622558594e+02 6.0747665405273438e+01
6386 1.8097825622558594e+02 6.1682243347167969e+01
6387 1.8097825622558594e+02 6.2616821289062500e+01
6388 1.8097825622558594e+02 6.3551403045654297e+01
6389 1.8097825622558594e+02 6.4485984802246094e+01
6390 1.8097825622558594e+02 6.5420562744140625e+01
6391 1.8097825622558594e+02 6.6355140686035156e+01
6392 1.8097825622558594e+02 6.7289718627929688e+01
6393 1.8097825622558594e+02 6.8224296569824219e+01
6394 1.8097825622558594e+02 6.9158882141113281e+01
6395 1.8097825622558594e+02 7.0093460083007812e+01
6396 1.8097825622558594e+02 7.1028038024902344e+01
6397 1.8097825622558594e+02 7.1962615966796875e+01
6398 1.8097825622558594e+02 7.2897193908691406e+01
6399 1.8097825622558594e+02 7.3831779479980469e+01
6400 1.8097825622558594e+02 7.4766357421875000e+01
6401 1.8097825622558594e+02 7.5700935363769531e+01
6402 1.8097825622558594e+02 7.6635513305664062e+01
6403 1.8097825622558594e+02 7.7570091247558594e+01
6404 1.8097825622558594e+02 7.8504669189453125e+01
6405 1.8097825622558594e+02 7.9439254760742188e+01
6406 1.8097825622558594e+02 8.0373832702636719e+01
6407 1.8097825622558594e+02 8.1308410644531250e+01
6408 1.8097825622558594e+02 8.2242988586425781e+01
6409 1.8097825622558594e+02 8.3177566528320312e+01
6410 1.8097825622558594e+02 8.4112152099609375e+01
6411 1.8097825622558594e+02 8.5046730041503906e+01
6412 1.8097825622558594e+02 8.5981307983398438e+01
6413 1.8097825622558594e+02 8.6915885925292969e+01
6414 1.8097825622558594e+02 8.7850463867187500e+01
6415 1.8097825622558594e+02 8.8785049438476562e+01
6416 1.8097825622558594e+02 8.9719627380371094e+01
6417 1.8097825622558594e+02 9.0654205322265625e+01
6418 1.8097825622558594e+02 9.1588783264160156e+01
6419 1.8097825622558594e+02 9.2523361206054688e+01
6420 1.8097825622558594e+02 9.3457946777343750e+01
6421 1.8097825622558594e+02 9.4392524719238281e+01
6422 1.8097825622558594e+02 9.5327102661132812e+01
6423 1.8097825622558594e+02 9.6261680603027344e+01
6424 1.8097825622558594e+02 9.7196258544921875e+01
6425 1.8097825622558594e+02 9.8130844116210938e+01
6426 1.8097825622558594e+02 9.9065422058105469e+01
6427 1.8002717590332031e+02 9.3457943201065063e-01
6428 1.8002717590332031e+02 1.8691588640213013e+00
6429 1.8002717590332031e+02 2.8037383556365967e+00
6430 1.8002717590332031e+02 3.7383177280426025e+00
6431 1.8002717590332031e+02 4.6728973388671875e+00
6432 1.8002717590332031e+02 5.6074767112731934e+00
6433 1.8002717590332031e+02 6.5420560836791992e+00
6434 1.8002717590332031e+02 7.4766354560852051e+00
6435 1.8002717590332031e+02 8.4112148284912109e+00
6436 1.8002717590332031e+02 9.3457946777343750e+00
6437 1.8002717590332031e+02 1.0280373573303223e+01
6438 1.8002717590332031e+02 1.1214953422546387e+01
6439 1.8002717590332031e+02 1.2149532318115234e+01
6440 1.8002717590332031e+02 1.3084112167358398e+01
6441 1.8002717590332031e+02 1.4018692016601562e+01
6442 1.8002717590332031e+02 1.4953270912170410e+01
6443 1.8002717590332031e+02 1.5887850761413574e+01
6444 1.8002717590332031e+02 1.6822429656982422e+01
6445 1.8002717590332031e+02 1.7757009506225586e+01
6446 1.8002717590332031e+02 1.8691589355468750e+01
6447 1.8002717590332031e+02 1.9626167297363281e+01
6448 1.8002717590332031e+02 2.0560747146606445e+01
6449 1.8002717590332031e+02 2.1495326995849609e+01
6450 1.8002717590332031e+02 2.2429906845092773e+01
6451 1.8002717590332031e+02 2.3364486694335938e+01
6452 1.8002717590332031e+02 2.4299064636230469e+01
6453 1.8002717590332031e+02 2.5233644485473633e+01
6454 1.8002717590332031e+02 2.6168224334716797e+01
6455 1.8002717590332031e+02 2.7102804183959961e+01
6456 1.8002717590332031e+02 2.8037384033203125e+01
6457 1.8002717590332031e+02 2.8971961975097656e+01
6458 1.8002717590332031e+02 2.9906541824340820e+01
6459 1.8002717590332031e+02 3.0841121673583984e+01
6460 1.8002717590332031e+02 3.1775701522827148e+01
6461 1.8002717590332031e+02 3.2710281372070312e+01
6462 1.8002717590332031e+02 3.3644859313964844e+01
6463 1.8002717590332031e+02 3.4579441070556641e+01
6464 1.8002717590332031e+02 3.5514019012451172e+01
6465 1.8002717590332031e+02 3.6448596954345703e+01
6466 1.8002717590332031e+02 3.7383178710937500e+01
6467 1.8002717590332031e+02 3.8317756652832031e+01
6468 1.8002717590332031e+02 3.9252334594726562e+01
6469 1.8002717590332031e+02 4.0186916351318359e+01
6470 1.8002717590332031e+02 4.1121494293212891e+01
6471 1.8002717590332031e+02 4.2056076049804688e+01
6472 1.8002717590332031e+02 4.2990653991699219e+01
6473 1.8002717590332031e+02 4.3925231933593750e+01
6474 1.8002717590332031e+02 4.4859813690185547e+01
6475 1.8002717590332031e+02 4.5794391632080078e+01
6476 1.8002717590332031e+02 4.6728973388671875e+01
6477 1.8002717590332031e+02 4.7663551330566406e+01
6478 1.8002717590332031e+02 4.8598129272460938e+01
6479 1.8002717590332031e+02 4.9532711029052734e+01
6480 1.8002717590332031e+02 5.0467288970947266e+01
6481 1.8002717590332031e+02 5.1401870727539062e+01
6482 1.8002717590332031e+02 5.2336448669433594e+01
6483 1.8002717590332031e+02 5.3271026611328125e+01
6484 1.8002717590332031e+02 5.4205608367919922e+01
6485 1.8002717590332031e+02 5.5140186309814453e+01
6486 1.8002717590332031e+02 5.6074768066406250e+01
6487 1.8002717590332031e+02 5.7009346008300781e+01
6488 1.8002717590332031e+02 5.7943923950195312e+01
6489 1.8002717590332031e+02 5.8878505706787109e+01
6490 1.8002717590332031e+02 5.9813083648681641e+01
6491 1.8002717590332031e+02 6.0747665405273438e+01
6492 1.8002717590332031e+02 6.1682243347167969e+01
6493 1.8002717590332031e+02 6.2616821289062500e+01
6494 1.8002717590332031e+02 6.3551403045654297e+01
6495 1.8002717590332031e+02 6.4485984802246094e+01
6496 1.8002717590332031e+02 6.5420562744140625e+01
6497 1.8002717590332031e+02 6.6355140686035156e+01
6498 1.8002717590332031e+02 6.7289718627929688e+01
6499 1.8002717590332031e+02 6.8224296569824219e+01
6500 1.8002717590332031e+02 6.9158882141113281e+01
6501 1.8002717590332031e+02 7.0093460083007812e+01
6502 1.8002717590332031e+02 7.1028038024902344e+01
6503 1.8002717590332031e+02 7.1962615966796875e+01
6504 1.8002717590332031e+02 7.2897193908691406e+01
6505 1.8002717590332031e+02 7.3831779479980469e+01
6506 1.8002717590332031e+02 7.4766357421875000e+01
6507 1.8002717590332031e+02 7.5700935363769531e+01
6508 1.8002717590332031e+02 7.6635513305664062e+01
6509 1.8002717590332031e+02 7.7570091247558594e+01
6510 1.8002717590332031e+02 7.8504669189453125e+01
6511 1.8002717590332031e+02 7.9439254760742188e+01
6512 1.8002717590332031e+02 8.0373832702636719e+01
6513 1.8002717590332031e+02 8.1308410644531250e+01
6514 1.8002717590332031e+02 8.2242988586425781e+01
6515 1.8002717590332031e+02 8.3177566528320312e+01
6516 1.8002717590332031e+02 8.4112152099609375e+01
6517 1.8002717590332031e+02 8.5046730041503906e+01
6518 1.8002717590332031e+02 8.5981307983398438e+01
6519 1.8002717590332031e+02 8.6915885925292969e+01
6520 1.8002717590332031e+02 8.7850463867187500e+01
6521 1.8002717590332031e+02 8.8785049438476562e+01
6522 1.8002717590332031e+02 8.9719627380371094e+01
6523 1.8002717590332031e+02 9.0654205322265625e+01
6524 1.8002717590332031e+02 9.1588783264160156e+01
6525 1.8002717590332031e+02 9.2523361206054688e+01
6526 1.8002717590332031e+02 9.3457946777343750e+01
6527 1.8002717590332031e+02 9.4392524719238281e+01
6528 1.8002717590332031e+02 9.5327102661132812e+01
6529 1.8002717590332031e+02 9.6261680603027344e+01
6530 1.8002717590332031e+02 9.7196258544921875e+01
6531 1.8002717590332031e+02 9.8130844116210938e+01
6532 1.8002717590332031e+02 9.9065422058105469e+01
6533 1.7907608032226562e+02 9.3457943201065063e-01
6534 1.7907608032226562e+02 1.8691588640213013e+00
6535 1.7907608032226562e+02 2.8037383556365967e+00
6536 1.7907608032226562e+02 3.7383177280426025e+00
6537 1.7907608032226562e+02 4.6728973388671875e+00
6538 1.7907608032226562e+02 5.6074767112731934e+00
6539 1.7907608032226562e+02 6.5420560836791992e+00
6540 1.7907608032226562e+02 7.4766354560852051e+00
6541 1.7907608032226562e+02 8.4112148284912109e+00
6542 1.7907608032226562e+02 9.3457946777343750e+00
6543 1.7907608032226562e+02 1.0280373573303223e+01
6544 1.7907608032226562e+02 1.1214953422546387e+01
6545 1.7907608032226562e+02 1.2149532318115234e+01
6546 1.7907608032226562e+02 1.3084112167358398e+01
6547 1.7907608032226562e+02 1.4018692016601562e+01
6548 1.7907608032226562e+02 1.4953270912170410e+01
6549 1.7907608032226562e+02 1.5887850761413574e+01
6550 1.7907608032226562e+02 1.6822429656982422e+01
6551 1.7907608032226562e+02 1.7757009506225586e+01
6552 1.7907608032226562e+02 1.8691589355468750e+01
6553 1.7907608032226562e+02 1.9626167297363281e+01
6554 1.7907608032226562e+02 2.0560747146606445e+01
6555 1.7907608032226562e+02 2.1495326995849609e+01
6556 1.7907608032226562e+02 2.2429906845092773e+01
6557 1.7907608032226562e+02 2.3364486694335938e+01
6558 1.7907608032226562e+02 2.4299064636230469e+01
6559 1.7907608032226562e+02 2.5233644485473633e+01
6560 1.7907608032226562e+02 2.6168224334716797e+01
6561 1.7907608032226562e+02 2.7102804183959961e+01
6562 1.7907608032226562e+02 2.8037384033203125e+01
6563 1.7907608032226562e+02 2.8971961975097656e+01
6564 1.7907608032226562e+02 2.9906541824340820e+01
6565 1.7907608032226562e+02 3.0841121673583984e+01
6566 1.7907608032226562e+02 3.1775701522827148e+01
6567 1.7907608032226562e+02 3.2710281372070312e+01
6568 1.7907608032226562e+02 3.3644859313964844e+01
6569 1.7907608032226562e+02 3.4579441070556641e+01
6570 1.7907608032226562e+02 3.5514019012451172e+01
6571 1.7907608032226562e+02 3.6448596954345703e+01
6572 1.7907608032226562e+02 3.7383178710937500e+01
6573 1.7907608032226562e+02 3.8317756652832031e+01
6574 1.7907608032226562e+02 3.9252334594726562e+01
6575 1.7907608032226562e+02 4.0186916351318359e+01
6576 1.7907608032226562e+02 4.1121494293212891e+01
6577 1.7907608032226562e+02 4.2056076049804688e+01
6578 1.7907608032226562e+02 4.2990653991699219e+01
6579 1.7907608032226562e+02 4.3925231933593750e+01
6580 1.7907608032226562e+02 4.4859813690185547e+01
6581 1.7907608032226562e+02 4.5794391632080078e+01
6582 1.7907608032226562e+02 4.6728973388671875e+01
6583 1.7907608032226562e+02 4.7663551330566406e+01
6584 1.7907608032226562e+02 4.8598129272460938e+01
6585 1.7907608032226562e+02 4.9532711029052734e+01
6586 1.7907608032226562e+02 5.0467288970947266e+01
6587 1.7907608032226562e+02 5.1401870727539062e+01
6588 1.7907608032226562e+02 5.2336448669433594e+01
6589 1.7907608032226562e+02 5.3271026611328125e+01
6590 1.7907608032226562e+02 5.4205608367919922e+01
6591 1.7907608032226562e+02 5.5140186309814453e+01
6592 1.7907608032226562e+02 5.6074768066406250e+01
6593 1.7907608032226562e+02 5.7009346008300781e+01
6594 1.7907608032226562e+02 5.7943923950195312e+01
6595 1.7907608032226562e+02 5.8878505706787109e+01
6596 1.7907608032226562e+02 5.9813083648681641e+01
6597 1.7907608032226562e+02 6.0747665405273438e+01
6598 1.7907608032226562e+02 6.1682243347167969e+01
6599 1.7907608032226562e+02 6.2616821289062500e+01
6600 1.7907608032226562e+02 6.3551403045654297e+01
6601 1.7907608032226562e+02 6.4485984802246094e+01
6602 1.7907608032226562e+02 6.5420562744140625e+01
6603 1.7907608032226562e+02 6.6355140686035156e+01
6604 1.7907608032226562e+02 6.7289718627929688e+01
6605 1.7907608032226562e+02 6.8224296569824219e+01
6606 1.7907608032226562e+02 6.9158882141113281e+01
6607 1.7907608032226562e+02 7.0093460083007812e+01
6608 1.7907608032226562e+02 7.1028038024902344e+01
6609 1.7907608032226562e+02 7.1962615966796875e+01
6610 1.7907608032226562e+02 7.2897193908691406e+01
6611 1.7907608032226562e+02 7.3831779479980469e+01
6612 1.7907608032226562e+02 7.4766357421875000e+01
6613 1.7907608032226562e+02 7.5700935363769531e+01
6614 1.7907608032226562e+02 7.6635513305664062e+01
6615 1.7907608032226562e+02 7.7570091247558594e+01
6616 1.7907608032226562e+02 7.8504669189453125e+01
6617 1.7907608032226562e+02 7.9439254760742188e+01
6618 1.7907608032226562e+02 8.0373832702636719e+01
6619 1.7907608032226562e+02 8.1308410644531250e+01
6620 1.7907608032226562e+02 8.2242988586425781e+01
6621 1.7907608032226562e+02 8.3177566528320312e+01
6622 1.7907608032226562e+02 8.4112152099609375e+01
6623 1.7907608032226562e+02 8.5046730041503906e+01
6624 1.7907608032226562e+02 8.5981307983398438e+01
6625 1.7907608032226562e+02 8.6915885925292969e+01
6626 1.7907608032226562e+02 8.7850463867187500e+01
6627 1.7907608032226562e+02 8.8785049438476562e+01
6628 1.7907608032226562e+02 8.9719627380371094e+01
6629 1.7907608032226562e+02 9.0654205322265625e+01
6630 1.7907608032226562e+02 9.1588783264160156e+01
6631 1.7907608032226562e+02 9.2523361206054688e+01
6632 1.7907608032226562e+02 9.3457946777343750e+01
6633 1.7907608032226562e+02 9.4392524719238281e+01
6634 1.7907608032226562e+02 9.5327102661132812e+01
6635 1.7907608032226562e+02 9.6261680603027344e+01
6636 1.7907608032226562e+02 9.7196258544921875e+01
6637 1.7907608032226562e+02 9.8130844116210938e+01
6638 1.7907608032226562e+02 9.9065422058105469e+01
6639 1.7092391967773438e+02 9.3457943201065063e-01
6640 1.7092391967773438e+02 1.8691588640213013e+00
6641 1.7092391967773438e+02 2.8037383556365967e+00
6642 1.7092391967773438e+02 3.7383177280426025e+00
6643 1.7092391967773438e+02 4.6728973388671875e+00
6644 1.7092391967773438e+02 5.6074767112731934e+00
6645 1.7092391967773438e+02 6.5420560836791992e+00
6646 1.7092391967773438e+02 7.4766354560852051e+00
6647 1.7092391967773438e+02 8.4112148284912109e+00
6648 1.7092391967773438e+02 9.3457946777343750e+00
6649 1.7092391967773438e+02 1.0280373573303223e+01
6650 1.7092391967773438e+02 1.1214953422546387e+01
6651 1.7092391967773438e+02 1.2149532318115234e+01
6652 1.7092391967773438e+02 1.3084112167358398e+01
6653 1.7092391967773438e+02 1.4018692016601562e+01
6654 1.7092391967773438e+02 1.4953270912170410e+01
6655 1.7092391967773438e+02 1.5887850761413574e+01
6656 1.7092391967773438e+02 1.6822429656982422e+01
6657 1.7092391967773438e+02 1.7757009506225586e+01
6658 1.7092391967773438e+02 1.8691589355468750e+01
6659 1.7092391967773438e+02 1.9626167297363281e+01
6660 1.7092391967773438e+02 2.0560747146606445e+01
6661 1.7092391967773438e+02 2.1495326995849609e+01
6662 1.7092391967773438e+02 2.2429906845092773e+01
6663 1.7092391967773438e+02 2.3364486694335938e+01
6664 1.7092391967773438e+02 2.4299064636230469e+01
6665 1.7092391967773438e+02 2.5233644485473633e+01
6666 1.7092391967773438e+02 2.6168224334716797e+01
6667 1.7092391967773438e+02 2.7102804183959961e+01
6668 1.7092391967773438e+02 2.8037384033203125e+01
6669 1.7092391967773438e+02 2.8971961975097656e+01
6670 1.7092391967773438e+02 2.9906541824340820e+01
6671 1.7092391967773438e+02 3.0841121673583984e+01
6672 1.7092391967773438e+02 3.1775701522827148e+01
6673 1.7092391967773438e+02 3.2710281372070312e+01
6674 1.7092391967773438e+02 3.3644859313964844e+01
6675 1.7092391967773438e+02 3.4579441070556641e+01
6676 1.7092391967773438e+02 3.5514019012451172e+01
6677 1.7092391967773438e+02 3.6448596954345703e+01
6678 1.7092391967773438e+02 3.7383178710937500e+01
6679 1.7092391967773438e+02 3.8317756652832031e+01
6680 1.7092391967773438e+02 3.9252334594726562e+01
6681 1.7092391967773438e+02 4.0186916351318359e+01
6682 1.7092391967773438e+02 4.1121494293212891e+01
6683 1.7092391967773438e+02 4.2056076049804688e+01
6684 1.7092391967773438e+02 4.2990653991699219e+01
6685 1.7092391967773438e+02 4.3925231933593750e+01
6686 1.7092391967773438e+02 4.4859813690185547e+01
6687 1.7092391967773438e+02 4.5794391632080078e+01
6688 1.7092391967773438e+02 4.6728973388671875e+01
6689 1.7092391967773438e+02 4.7663551330566406e+01
6690 1.7092391967773438e+02 4.8598129272460938e+01
6691 1.7092391967773438e+02 4.9532711029052734e+01
6692 1.7092391967773438e+02 5.0467288970947266e+01
6693 1.7092391967773438e+02 5.1401870727539062e+01
6694 1.7092391967773438e+02 5.2336448669433594e+01
6695 1.7092391967773438e+02 5.3271026611328125e+01
6696 1.7092391967773438e+02 5.4205608367919922e+01
6697 1.7092391967773438e+02 5.5140186309814453e+01
6698 1.7092391967773438e+02 5.6074768066406250e+01
6699 1.7092391967773438e+02 5.7009346008300781e+01
6700 1.7092391967773438e+02 5.7943923950195312e+01
6701 1.7092391967773438e+02 5.8878505706787109e+01
6702 1.7092391967773438e+02 5.9813083648681641e+01
6703 1.7092391967773438e+02 6.0747665405273438e+01
6704 1.7092391967773438e+02 6.1682243347167969e+01
6705 1.7092391967773438e+02 6.2616821289062500e+01
6706 1.7092391967773438e+02 6.3551403045654297e+01
6707 1.7092391967773438e+02 6.4485984802246094e+01
6708 1.7092391967773438e+02 6.5420562744140625e+01
6709 1.7092391967773438e+02 6.6355140686035156e+01
6710 1.7092391967773438e+02 6.7289718627929688e+01
6711 1.7092391967773438e+02 6.8224296569824219e+01
6712 1.7092391967773438e+02 6.9158882141113281e+01
6713 1.7092391967773438e+02 7.0093460083007812e+01
6714 1.7092391967773438e+02 7.1028038024902344e+01
6715 1.7092391967773438e+02 7.1962615966796875e+01
6716 1.7092391967773438e+02 7.2897193908691406e+01
6717 1.7092391967773438e+02 7.3831779479980469e+01
6718 1.7092391967773438e+02 7.4766357421875000e+01
6719 1.7092391967773438e+02 7.5700935363769531e+01
6720 1.7092391967773438e+02 7.6635513305664062e+01
6721 1.7092391967773438e+02 7.7570091247558594e+01
6722 1.7092391967773438e+02 7.8504669189453125e+01
6723 1.7092391967773438e+02 7.9439254760742188e+01
6724 1.7092391967773438e+02 8.0373832702636719e+01
6725 1.7092391967773438e+02 8.1308410644531250e+01
6726 1.7092391967773438e+02 8.2242988586425781e+01
6727 1.7092391967773438e+02 8.3177566528320312e+01
6728 1.7092391967773438e+02 8.4112152099609375e+01
6729 1.7092391967773438e+02 8.5046730041503906e+01
6730 1.7092391967773438e+02 8.5981307983398438e+01
6731 1.7092391967773438e+02 8.6915885925292969e+01
6732 1.7092391967773438e+02 8.7850463867187500e+01
6733 1.7092391967773438e+02 8.8785049438476562e+01
6734 1.7092391967773438e+02 8.9719627380371094e+01
6735 1.7092391967773438e+02 9.0654205322265625e+01
6736 1.7092391967773438e+02 9.1588783264160156e+01
6737 1.7092391967773438e+02 9.2523361206054688e+01
6738 1.7092391967773438e+02 9.3457946777343750e+01
6739 1.7092391967773438e+02 9.4392524719238281e+01
6740 1.7092391967773438e+02 9.5327102661132812e+01
6741 1.7092391967773438e+02 9.6261680603027344e+01
6742 1.7092391967773438e+02 9.7196258544921875e+01
6743 1.7092391967773438e+02 9.8130844116210938e+01
6744 1.7092391967773438e+02 9.9065422058105469e+01
6745 1.6997282409667969e+02 9.3457943201065063e-01
6746 1.6997282409667969e+02 1.8691588640213013e+00
6747 1.6997282409667969e+02 2.8037383556365967e+00
6748 1.6997282409667969e+02 3.7383177280426025e+00
6749 1.6997282409667969e+02 4.6728973388671875e+00
6750 1.6997282409667969e+02 5.6074767112731934e+00
6751 1.6997282409667969e+02 6.5420560836791992e+00
6752 1.6997282409667969e+02 7.4766354560852051e+00
6753 1.6997282409667969e+02 8.4112148284912109e+00
6754 1.6997282409667969e+02 9.3457946777343750e+00
6755 1.6997282409667969e+02 1.0280373573303223e+01
6756 1.6997282409667969e+02 1.1214953422546387e+01
6757 1.6997282409667969e+02 1.2149532318115234e+01
6758 1.6997282409667969e+02 1.3084112167358398e+01
6759 1.6997282409667969e+02 1.4018692016601562e+01
6760 1.6997282409667969e+02 1.4953270912170410e+01
6761 1.6997282409667969e+02 1.5887850761413574e+01
6762 1.6997282409667969e+02 1.6822429656982422e+01
6763 1.6997282409667969e+02 1.7757009506225586e+01
6764 1.6997282409667969e+02 1.8691589355468750e+01
6765 1.6997282409667969e+02 1.9626167297363281e+01
6766 1.6997282409667969e+02 2.0560747146606445e+01
6767 1.6997282409667969e+02 2.1495326995849609e+01
6768 1.6997282409667969e+02 2.2429906845092773e+01
6769 1.6997282409667969e+02 2.3364486694335938e+01
6770 1.6997282409667969e+02 2.4299064636230469e+01
6771 1.6997282409667969e+02 2.5233644485473633e+01
6772 1.6997282409667969e+02 2.6168224334716797e+01
6773 1.6997282409667969e+02 2.7102804183959961e+01
6774 1.6997282409667969e+02 2.8037384033203125e+01
6775 1.6997282409667969e+02 2.8971961975097656e+01
6776 1.6997282409667969e+02 2.9906541824340820e+01
6777 1.6997282409667969e+02 3.0841121673583984e+01
6778 1.6997282409667969e+02 3.1775701522827148e+01
6779 1.6997282409667969e+02 3.2710281372070312e+01
6780 1.6997282409667969e+02 3.3644859313964844e+01
6781 1.6997282409667969e+02 3.4579441070556641e+01
6782 1.6997282409667969e+02 3.5514019012451172e+01
6783 1.6997282409667969e+02 3.6448596954345703e+01
6784 1.6997282409667969e+02 3.7383178710937500e+01
6785 1.6997282409667969e+02 3.8317756652832031e+01
6786 1.6997282409667969e+02 3.9252334594726562e+01
6787 1.6997282409667969e+02 4.0186916351318359e+01
6788 1.6997282409667969e+02 4.1121494293212891e+01
6789 1.6997282409667969e+02 4.2056076049804688e+01
6790 1.6997282409667969e+02 4.2990653991699219e+01
6791 1.6997282409667969e+02 4.3925231933593750e+01
6792 1.6997282409667969e+02 4.4859813690185547e+01
6793 1.6997282409667969e+02 4.5794391632080078e+01
6794 1.6997282409667969e+02 4.6728973388671875e+01
6795 1.6997282409667969e+02 4.7663551330566406e+01
6796 1.6997282409667969e+02 4.8598129272460938e+01
6797 1.6997282409667969e+02 4.9532711029052734e+01
6798 1.6997282409667969e+02 5.0467288970947266e+01
6799 1.6997282409667969e+02 5.1401870727539062e+01
6800 1.6997282409667969e+02 5.2336448669433594e+01
6801 1.6997282409667969e+02 5.3271026611328125e+01
6802 1.6997282409667969e+02 5.4205608367919922e+01
6803 1.6997282409667969e+02 5.5140186309814453e+01
6804 1.6997282409667969e+02 5.6074768066406250e+01
6805 1.6997282409667969e+02 5.7009346008300781e+01
6806 1.6997282409667969e+02 5.7943923950195312e+01
6807 1.6997282409667969e+02 5.8878505706787109e+01
6808 1.6997282409667969e+02 5.9813083648681641e+01
6809 1.6997282409667969e+02 6.0747665405273438e+01
6810 1.6997282409667969e+02 6.1682243347167969e+01
6811 1.6997282409667969e+02 6.2616821289062500e+01
6812 1.6997282409667969e+02 6.3551403045654297e+01
6813 1.6997282409667969e+02 6.4485984802246094e+01
6814 1.6997282409667969e+02 6.5420562744140625e+01
6815 1.6997282409667969e+02 6.6355140686035156e+01
6816 1.6997282409667969e+02 6.7289718627929688e+01
6817 1.6997282409667969e+02 6.8224296569824219e+01
6818 1.6997282409667969e+02 6.9158882141113281e+01
6819 1.6997282409667969e+02 7.0093460083007812e+01
6820 1.6997282409667969e+02 7.1028038024902344e+01
6821 1.6997282409667969e+02 7.1962615966796875e+01
6822 1.6997282409667969e+02 7.2897193908691406e+01
6823 1.6997282409667969e+02 7.3831779479980469e+01
6824 1.6997282409667969e+02 7.4766357421875000e+01
6825 1.6997282409667969e+02 7.5700935363769531e+01
6826 1.6997282409667969e+02 7.6635513305664062e+01
6827 1.6997282409667969e+02 7.7570091247558594e+01
6828 1.6997282409667969e+02 7.8504669189453125e+01
6829 1.6997282409667969e+02 7.9439254760742188e+01
6830 1.6997282409667969e+02 8.0373832702636719e+01
6831 1.6997282409667969e+02 8.1308410644531250e+01
6832 1.6997282409667969e+02 8.2242988586425781e+01
6833 1.6997282409667969e+02 8.3177566528320312e+01
6834 1.6997282409667969e+02 8.4112152099609375e+01
6835 1.6997282409667969e+02 8.5046730041503906e+01
6836 1.6997282409667969e+02 8.5981307983398438e+01
6837 1.6997282409667969e+02 8.6915885925292969e+01
6838 1.6997282409667969e+02 8.7850463867187500e+01
6839 1.6997282409667969e+02 8.8785049438476562e+01
6840 1.6997282409667969e+02 8.9719627380371094e+01
6841 1.6997282409667969e+02 9.0654205322265625e+01
6842 1.6997282409667969e+02 9.1588783264160156e+01
6843 1.6997282409667969e+02 9.2523361206054688e+01
6844 1.6997282409667969e+02 9.3457946777343750e+01
6845 1.6997282409667969e+02 9.4392524719238281e+01
6846 1.6997282409667969e+02 9.5327102661132812e+01
6847 1.6997282409667969e+02 9.6261680603027344e+01
6848 1.6997282409667969e+02 9.7196258544921875e+01
6849 1.6997282409667969e+02 9.8130844116210938e+01
6850 1.6997282409667969e+02 9.9065422058105469e+01
6851 1.6902174377441406e+02 9.3457943201065063e-01
6852 1.6902174377441406e+02 1.8691588640213013e+00
6853 1.6902174377441406e+02 2.8037383556365967e+00
6854 1.6902174377441406e+02 3.7383177280426025e+00
6855 1.6902174377441406e+02 4.6728973388671875e+00
6856 1.6902174377441406e+02 5.6074767112731934e+00
6857 1.6902174377441406e+02 6.5420560836791992e+00
6858 1.6902174377441406e+02 7.4766354560852051e+00
6859 1.6902174377441406e+02 8.4112148284912109e+00
6860 1.6902174377441406e+02 9.3457946777343750e+00
6861 1.6902174377441406e+02 1.0280373573303223e+01
6862 1.6902174377441406e+02 1.1214953422546387e+01
6863 1.6902174377441406e+02 1.2149532318115234e+01
6864 1.6902174377441406e+02 1.3084112167358398e+01
6865 1.6902174377441406e+02 1.4018692016601562e+01
6866 1.6902174377441406e+02 1.4953270912170410e+01
6867 1.6902174377441406e+02 1.5887850761413574e+01
6868 1.6902174377441406e+02 1.6822429656982422e+01
6869 1.6902174377441406e+02 1.7757009506225586e+01
6870 1.6902174377441406e+02 1.8691589355468750e+01
6871 1.6902174377441406e+02 1.9626167297363281e+01
6872 1.6902174377441406e+02 2.0560747146606445e+01
6873 1.6902174377441406e+02 2.1495326995849609e+01
6874 1.6902174377441406e+02 2.2429906845092773e+01
6875 1.6902174377441406e+02 2.3364486694335938e+01
6876 1.6902174377441406e+02 2.4299064636230469e+01
6877 1.6902174377441406e+02 2.5233644485473633e+01
6878 1.6902174377441406e+02 2.6168224334716797e+01
6879 1.6902174377441406e+02 2.7102804183959961e+01
6880 1.6902174377441406e+02 2.8037384033203125e+01
6881 1.6902174377441406e+02 2.8971961975097656e+01
6882 1.6902174377441406e+02 2.9906541824340820e+01
6883 1.6902174377441406e+02 3.0841121673583984e+01
6884 1.6902174377441406e+02 3.1775701522827148e+01
6885 1.6902174377441406e+02 3.2710281372070312e+01
6886 1.6902174377441406e+02 3.3644859313964844e+01
6887 1.6902174377441406e+02 3.4579441070556641e+01
6888 1.6902174377441406e+02 3.5514019012451172e+01
6889 1.6902174377441406e+02 3.6448596954345703e+01
6890 1.6902174377441406e+02 3.7383178710937500e+01
6891 1.6902174377441406e+02 3.8317756652832031e+01
6892 1.6902174377441406e+02 3.9252334594726562e+01
6893 1.6902174377441406e+02 4.0186916351318359e+01
6894 1.6902174377441406e+02 4.1121494293212891e+01
6895 1.6902174377441406e+02 4.2056076049804688e+01
6896 1.6902174377441406e+02 4.2990653991699219e+01
6897 1.6902174377441406e+02 4.3925231933593750e+01
6898 1.6902174377441406e+02 4.4859813690185547e+01
6899 1.6902174377441406e+02 4.5794391632080078e+01
6900 1.6902174377441406e+02 4.6728973388671875e+01
6901 1.6902174377441406e+02 4.7663551330566406e+01
6902 1.6902174377441406e+02 4.8598129272460938e+01
6903 1.6902174377441406e+02 4.9532711029052734e+01
6904 1.6902174377441406e+02 5.0467288970947266e+01
6905 1.6902174377441406e+02 5.1401870727539062e+01
6906 1.6902174377441406e+02 5.2336448669433594e+01
6907 1.6902174377441406e+02 5.3271026611328125e+01
6908 1.6902174377441406e+02 5.4205608367919922e+01
6909 1.6902174377441406e+02 5.5140186309814453e+01
6910 1.6902174377441406e+02 5.6074768066406250e+01
6911 1.6902174377441406e+02 5.7009346008300781e+01
6912 1.6902174377441406e+02 5.7943923950195312e+01
6913 1.6902174377441406e+02 5.8878505706787109e+01
6914 1.6902174377441406e+02 5.9813083648681641e+01
6915 1.6902174377441406e+02 6.0747665405273438e+01
6916 1.6902174377441406e+02 6.1682243347167969e+01
6917 1.6902174377441406e+02 6.2616821289062500e+01
6918 1.6902174377441406e+02 6.3551403045654297e+01
6919 1.6902174377441406e+02 6.4485984802246094e+01
6920 1.6902174377441406e+02 6.5420562744140625e+01
6921 1.6902174377441406e+02 6.6355140686035156e+01
6922 1.6902174377441406e+02 6.7289718627929688e+01
6923 1.6902174377441406e+02 6.8224296569824219e+01
6924 1.6902174377441406e+02 6.9158882141113281e+01
6925 1.6902174377441406e+02 7.0093460083007812e+01
6926 1.6902174377441406e+02 7.1028038024902344e+01
6927 1.6902174377441406e+02 7.1962615966796875e+01
6928 1.6902174377441406e+02 7.2897193908691406e+01
6929 1.6902174377441406e+02 7.3831779479980469e+01
6930 1.6902174377441406e+02 7.4766357421875000e+01
6931 1.6902174377441406e+02 7.5700935363769531e+01
6932 1.6902174377441406e+02 7.6635513305664062e+01
6933 1.6902174377441406e+02 7.7570091247558594e+01
6934 1.6902174377441406e+02 7.8504669189453125e+01
6935 1.6902174377441406e+02 7.9439254760742188e+01
6936 1.6902174377441406e+02 8.0373832702636719e+01
6937 1.6902174377441406e+02 8.1308410644531250e+01
6938 1.6902174377441406e+02 8.2242988586425781e+01
6939 1.6902174377441406e+02 8.3177566528320312e+01
6940 1.6902174377441406e+02 8.4112152099609375e+01
6941 1.6902174377441406e+02 8.5046730041503906e+01
6942 1.6902174377441406e+02 8.5981307983398438e+01
6943 1.6902174377441406e+02 8.6915885925292969e+01
6944 1.6902174377441406e+02 8.7850463867187500e+01
6945 1.6902174377441406e+02 8.8785049438476562e+01
6946 1.6902174377441406e+02 8.9719627380371094e+01
6947 1.6902174377441406e+02 9.0654205322265625e+01
6948 1.6902174377441406e+02 9.1588783264160156e+01
6949 1.6902174377441406e+02 9.2523361206054688e+01
6950 1.6902174377441406e+02 9.3457946777343750e+01
6951 1.6902174377441406e+02 9.4392524719238281e+01
6952 1.6902174377441406e+02 9.5327102661132812e+01
6953 1.6902174377441406e+02 9.6261680603027344e+01
6954 1.6902174377441406e+02 9.7196258544921875e+01
6955 1.6902174377441406e+02 9.8130844116210938e+01
6956 1.6902174377441406e+02 9.9065422058105469e+01
6957 1.6807064819335938e+02 9.3457943201065063e-01
6958 1.6807064819335938e+02 1.8691588640213013e+00
6959 1.6807064819335938e+02 2.8037383556365967e+00
6960 1.6807064819335938e+02 3.7383177280426025e+00
6961 1.6807064819335938e+02 4.6728973388671875e+00
6962 1.6807064819335938e+02 5.6074767112731934e+00
6963 1.6807064819335938e+02 6.5420560836791992e+00
6964 1.6807064819335938e+02 7.4766354560852051e+00
6965 1.6807064819335938e+02 8.4112148284912109e+00
6966 1.6807064819335938e+02 9.3457946777343750e+00
6967 1.6807064819335938e+02 1.0280373573303223e+01
6968 1.6807064819335938e+02 1.1214953422546387e+01
6969 1.6807064819335938e+02 1.2149532318115234e+01
6970 1.6807064819335938e+02 1.3084112167358398e+01
6971 1.6807064819335938e+02 1.4018692016601562e+01
6972 1.6807064819335938e+02 1.4953270912170410e+01
6973 1.6807064819335938e+02 1.5887850761413574e+01
6974 1.6807064819335938e+02 1.6822429656982422e+01
6975 1.6807064819335938e+02 1.7757009506225586e+01
6976 1.6807064819335938e+02 1.8691589355468750e+01
6977 1.6807064819335938e+02 1.9626167297363281e+01
6978 1.6807064819335938e+02 2.0560747146606445e+01
6979 1.6807064819335938e+02 2.1495326995849609e+01
6980 1.6807064819335938e+02 2.2429906845092773e+01
6981 1.6807064819335938e+02 2.3364486694335938e+01
6982 1.6807064819335938e+02 2.4299064636230469e+01
6983 1.6807064819335938e+02 2.5233644485473633e+01
6984 1.6807064819335938e+02 2.6168224334716797e+01
6985 1.6807064819335938e+02 2.7102804183959961e+01
6986 1.6807064819335938e+02 2.8037384033203125e+01
6987 1.6807064819335938e+02 2.8971961975097656e+01
6988 1.6807064819335938e+02 2.9906541824340820e+01
6989 1.6807064819335938e+02 3.0841121673583984e+01
6990 1.6807064819335938e+02 3.1775701522827148e+01
6991 1.6807064819335938e+02 3.2710281372070312e+01
6992 1.6807064819335938e+02 3.3644859313964844e+01
6993 1.6807064819335938e+02 3.4579441070556641e+01
6994 1.6807064819335938e+02 3.5514019012451172e+01
6995 1.6807064819335938e+02 3.6448596954345703e+01
6996 1.6807064819335938e+02 3.7383178710937500e+01
6997 1.6807064819335938e+02 3.8317756652832031e+01
6998 1.6807064819335938e+02 3.9252334594726562e+01
6999 1.6807064819335938e+02 4.0186916351318359e+01
7000 1.6807064819335938e+02 4.1121494293212891e+01
7001 1.6807064819335938e+02 4.2056076049804688e+01
7002 1.6807064819335938e+02 4.2990653991699219e+01
7003 1.6807064819335938e+02 4.3925231933593750e+01
7004 1.6807064819335938e+02 4.4859813690185547e+01
7005 1.6807064819335938e+02 4.5794391632080078e+01
7006 1.6807064819335938e+02 4.6728973388671875e+01
7007 1.6807064819335938e+02 4.7663551330566406e+01
7008 1.6807064819335938e+02 4.8598129272460938e+01
7009 1.6807064819335938e+02 4.9532711029052734e+01
7010 1.6807064819335938e+02 5.0467288970947266e+01
7011 1.6807064819335938e+02 5.1401870727539062e+01
7012 1.6807064819335938e+02 5.2336448669433594e+01
7013 1.6807064819335938e+02 5.3271026611328125e+01
7014 1.6807064819335938e+02 5.4205608367919922e+01
7015 1.6807064819335938e+02 5.5140186309814453e+01
7016 1.6807064819335938e+02 5.6074768066406250e+01
7017 1.6807064819335938e+02 5.7009346008300781e+01
7018 1.6807064819335938e+02 5.7943923950195312e+01
7019 1.6807064819335938e+02 5.8878505706787109e+01
7020 1.6807064819335938e+02 5.9813083648681641e+01
7021 1.6807064819335938e+02 6.0747665405273438e+01
7022 1.6807064819335938e+02 6.1682243347167969e+01
7023 1.6807064819335938e+02 6.2616821289062500e+01
7024 1.6807064819335938e+02 6.3551403045654297e+01
7025 1.6807064819335938e+02 6.4485984802246094e+01
7026 1.6807064819335938e+02 6.5420562744140625e+01
7027 1.6807064819335938e+02 6.6355140686035156e+01
7028 1.6807064819335938e+02 6.7289718627929688e+01
7029 1.6807064819335938e+02 6.8224296569824219e+01
7030 1.6807064819335938e+02 6.9158882141113281e+01
7031 1.6807064819335938e+02 7.0093460083007812e+01
7032 1.6807064819335938e+02 7.1028038024902344e+01
7033 1.6807064819335938e+02 7.1962615966796875e+01
7034 1.6807064819335938e+02 7.2897193908691406e+01
7035 1.6807064819335938e+02 7.3831779479980469e+01
7036 1.6807064819335938e+02 7.4766357421875000e+01
7037 1.6807064819335938e+02 7.5700935363769531e+01
7038 1.6807064819335938e+02 7.6635513305664062e+01
7039 1.6807064819335938e+02 7.7570091247558594e+01
7040 1.6807064819335938e+02 7.8504669189453125e+01
7041 1.6807064819335938e+02 7.9439254760742188e+01
7042 1.6807064819335938e+02 8.0373832702636719e+01
7043 1.6807064819335938e+02 8.1308410644531250e+01
7044 1.6807064819335938e+02 8.2242988586425781e+01
7045 1.6807064819335938e+02 8.3177566528320312e+01
7046 1.6807064819335938e+02 8.4112152099609375e+01
7047 1.6807064819335938e+02 8.5046730041503906e+01
7048 1.6807064819335938e+02 8.5981307983398438e+01
7049 1.6807064819335938e+02 8.6915885925292969e+01
7050 1.6807064819335938e+02 8.7850463867187500e+01
7051 1.6807064819335938e+02 8.8785049438476562e+01
7052 1.6807064819335938e+02 8.9719627380371094e+01
7053 1.6807064819335938e+02 9.0654205322265625e+01
7054 1.6807064819335938e+02 9.1588783264160156e+01
7055 1.6807064819335938e+02 9.2523361206054688e+01
7056 1.6807064819335938e+02 9.3457946777343750e+01
7057 1.6807064819335938e+02 9.4392524719238281e+01
7058 1.6807064819335938e+02 9.5327102661132812e+01
7059 1.6807064819335938e+02 9.6261680603027344e+01
7060 1.6807064819335938e+02 9.7196258544921875e+01
7061 1.6807064819335938e+02 9.8130844116210938e+01
7062 1.6807064819335938e+02 9.9065422058105469e+01
7063 1.6711956787109375e+02 9.3457943201065063e-01
7064 1.6711956787109375e+02 1.8691588640213013e+00
7065 1.6711956787109375e+02 2.8037383556365967e+00
7066 1.6711956787109375e+02 3.7383177280426025e+00
7067 1.6711956787109375e+02 4.6728973388671875e+00
7068 1.6711956787109375e+02 5.6074767112731934e+00
7069 1.6711956787109375e+02 6.5420560836791992e+00
7070 1.6711956787109375e+02 7.4766354560852051e+00
7071 1.6711956787109375e+02 8.4112148284912109e+00
7072 1.6711956787109375e+02 9.3457946777343750e+00
7073 1.6711956787109375e+02 1.0280373573303223e+01
7074 1.6711956787109375e+02 1.1214953422546387e+01
7075 1.6711956787109375e+02 1.2149532318115234e+01
7076 1.6711956787109375e+02 1.3084112167358398e+01
7077 1.6711956787109375e+02 1.4018692016601562e+01
7078 1.6711956787109375e+02 1.4953270912170410e+01
7079 1.6711956787109375e+02 1.5887850761413574e+01
7080 1.6711956787109375e+02 1.6822429656982422e+01
7081 1.6711956787109375e+02 1.7757009506225586e+01
7082 1.6711956787109375e+02 1.8691589355468750e+01
7083 1.6711956787109375e+02 1.9626167297363281e+01
7084 1.6711956787109375e+02 2.0560747146606445e+01
7085 1.6711956787109375e+02 2.1495326995849609e+01
7086 1.6711956787109375e+02 2.2429906845092773e+01
7087 1.6711956787109375e+02 2.3364486694335938e+01
7088 1.6711956787109375e+02 2.4299064636230469e+01
7089 1.6711956787109375e+02 2.5233644485473633e+01
7090 1.6711956787109375e+02 2.6168224334716797e+01
7091 1.6711956787109375e+02 2.7102804183959961e+01
7092 1.6711956787109375e+02 2.8037384033203125e+01
7093 1.6711956787109375e+02 2.8971961975097656e+01
7094 1.6711956787109375e+02 2.9906541824340820e+01
7095 1.6711956787109375e+02 3.0841121673583984e+01
7096 1.6711956787109375e+02 3.1775701522827148e+01
7097 1.6711956787109375e+02 3.2710281372070312e+01
7098 1.6711956787109375e+02 3.3644859313964844e+01
7099 1.6711956787109375e+02 3.4579441070556641e+01
7100 1.6711956787109375e+02 3.5514019012451172e+01
7101 1.6711956787109375e+02 3.6448596954345703e+01
7102 1.6711956787109375e+02 3.7383178710937500e+01
7103 1.6711956787109375e+02 3.8317756652832031e+01
7104 1.6711956787109375e+02 3.9252334594726562e+01
7105 1.6711956787109375e+02 4.0186916351318359e+01
7106 1.6711956787109375e+02 4.1121494293212891e+01
7107 1.6711956787109375e+02 4.2056076049804688e+01
7108 1.6711956787109375e+02 4.2990653991699219e+01
7109 1.6711956787109375e+02 4.3925231933593750e+01
7110 1.6711956787109375e+02 4.4859813690185547e+01
7111 1.6711956787109375e+02 4.5794391632080078e+01
7112 1.6711956787109375e+02 4.6728973388671875e+01
7113 1.6711956787109375e+02 4.7663551330566406e+01
7114 1.6711956787109375e+02 4.8598129272460938e+01
7115 1.6711956787109375e+02 4.9532711029052734e+01
7116 1.6711956787109375e+02 5.0467288970947266e+01
7117 1.6711956787109375e+02 5.1401870727539062e+01
7118 1.6711956787109375e+02 5.2336448669433594e+01
7119 1.6711956787109375e+02 5.3271026611328125e+01
7120 1.6711956787109375e+02 5.4205608367919922e+01
7121 1.6711956787109375e+02 5.5140186309814453e+01
7122 1.6711956787109375e+02 5.6074768066406250e+01
7123 1.6711956787109375e+02 5.7009346008300781e+01
7124 1.6711956787109375e+02 5.7943923950195312e+01
7125 1.6711956787109375e+02 5.8878505706787109e+01
7126 1.6711956787109375e+02 5.9813083648681641e+01
7127 1.6711956787109375e+02 6.0747665405273438e+01
7128 1.6711956787109375e+02 6.1682243347167969e+01
7129 1.6711956787109375e+02 6.2616821289062500e+01
7130 1.6711956787109375e+02 6.3551403045654297e+01
7131 1.6711956787109375e+02 6.4485984802246094e+01
7132 1.6711956787109375e+02 6.5420562744140625e+01
7133 1.6711956787109375e+02 6.6355140686035156e+01
7134 1.6711956787109375e+02 6.7289718627929688e+01
7135 1.6711956787109375e+02 6.8224296569824219e+01
7136 1.6711956787109375e+02 6.9158882141113281e+01
7137 1.6711956787109375e+02 7.0093460083007812e+01
7138 1.6711956787109375e+02 7.1028038024902344e+01
7139 1.6711956787109375e+02 7.1962615966796875e+01
7140 1.6711956787109375e+02 7.2897193908691406e+01
7141 1.6711956787109375e+02 7.3831779479980469e+01
7142 1.6711956787109375e+02 7.4766357421875000e+01
7143 1.6711956787109375e+02 7.5700935363769531e+01
7144 1.6711956787109375e+02 7.6635513305664062e+01
7145 1.6711956787109375e+02 7.7570091247558594e+01
7146 1.6711956787109375e+02 7.8504669189453125e+01
7147 1.6711956787109375e+02 7.9439254760742188e+01
7148 1.6711956787109375e+02 8.0373832702636719e+01
7149 1.6711956787109375e+02 8.1308410644531250e+01
7150 1.6711956787109375e+02 8.2242988586425781e+01
7151 1.6711956787109375e+02 8.3177566528320312e+01
7152 1.6711956787109375e+02 8.4112152099609375e+01
7153 1.6711956787109375e+02 8.5046730041503906e+01
7154 1.6711956787109375e+02 8.5981307983398438e+01
7155 1.6711956787109375e+02 8.6915885925292969e+01
7156 1.6711956787109375e+02 8.7850463867187500e+01
7157 1.6711956787109375e+02 8.8785049438476562e+01
7158 1.6711956787109375e+02 8.9719627380371094e+01
7159 1.6711956787109375e+02 9.0654205322265625e+01
7160 1.6711956787109375e+02 9.1588783264160156e+01
7161 1.6711956787109375e+02 9.2523361206054688e+01
7162 1.6711956787109375e+02 9.3457946777343750e+01
7163 1.6711956787109375e+02 9.4392524719238281e+01
7164 1.6711956787109375e+02 9.5327102661132812e+01
7165 1.6711956787109375e+02 9.6261680603027344e+01
7166 1.6711956787109375e+02 9.7196258544921875e+01
7167 1.6711956787109375e+02 9.8130844116210938e+01
7168 1.6711956787109375e+02 9.9065422058105469e+01
7169 1.6616847229003906e+02 9.3457943201065063e-01
7170 1.6616847229003906e+02 1.8691588640213013e+00
7171 1.6616847229003906e+02 2.8037383556365967e+00
7172 1.6616847229003906e+02 3.7383177280426025e+00
7173 1.6616847229003906e+02 4.6728973388671875e+00
7174 1.6616847229003906e+02 5.6074767112731934e+00
7175 1.6616847229003906e+02 6.5420560836791992e+00
7176 1.6616847229003906e+02 7.4766354560852051e+00
7177 1.6616847229003906e+02 8.4112148284912109e+00
7178 1.6616847229003906e+02 9.3457946777343750e+00
7179 1.6616847229003906e+02 1.0280373573303223e+01
7180 1.6616847229003906e+02 1.1214953422546387e+01
7181 1.6616847229003906e+02 1.2149532318115234e+01
7182 1.6616847229003906e+02 1.3084112167358398e+01
7183 1.6616847229003906e+02 1.4018692016601562e+01
7184 1.6616847229003906e+02 1.4953270912170410e+01
7185 1.6616847229003906e+02 1.5887850761413574e+01
7186 1.6616847229003906e+02 1.6822429656982422e+01
7187 1.6616847229003906e+02 1.7757009506225586e+01
7188 1.6616847229003906e+02 1.8691589355468750e+01
7189 1.6616847229003906e+02 1.9626167297363281e+01
7190 1.6616847229003906e+02 2.0560747146606445e+01
7191 1.6616847229003906e+02 2.1495326995849609e+01
7192 1.6616847229003906e+02 2.2429906845092773e+01
7193 1.6616847229003906e+02 2.3364486694335938e+01
7194 1.6616847229003906e+02 2.4299064636230469e+01
7195 1.6616847229003906e+02 2.5233644485473633e+01
7196 1.6616847229003906e+02 2.6168224334716797e+01
7197 1.6616847229003906e+02 2.7102804183959961e+01
7198 1.6616847229003906e+02 2.8037384033203125e+01
7199 1.6616847229003906e+02 2.8971961975097656e+01
7200 1.6616847229003906e+02 2.9906541824340820e+01
7201 1.6616847229003906e+02 3.0841121673583984e+01
7202 1.6616847229003906e+02 3.1775701522827148e+01
7203 1.6616847229003906e+02 3.2710281372070312e+01
7204 1.6616847229003906e+02 3.3644859313964844e+01
7205 1.6616847229003906e+02 3.4579441070556641e+01
7206 1.6616847229003906e+02 3.5514019012451172e+01
7207 1.6616847229003906e+02 3.6448596954345703e+01
7208 1.6616847229003906e+02 3.7383178710937500e+01
7209 1.6616847229003906e+02 3.8317756652832031e+01
7210 1.6616847229003906e+02 3.9252334594726562e+01
7211 1.6616847229003906e+02 4.0186916351318359e+01
7212 1.6616847229003906e+02 4.1121494293212891e+01
7213 1.6616847229003906e+02 4.2056076049804688e+01
7214 1.6616847229003906e+02 4.2990653991699219e+01
7215 1.6616847229003906e+02 4.3925231933593750e+01
7216 1.6616847229003906e+02 4.4859813690185547e+01
7217 1.6616847229003906e+02 4.5794391632080078e+01
7218 1.6616847229003906e+02 4.6728973388671875e+01
7219 1.6616847229003906e+02 4.7663551330566406e+01
7220 1.6616847229003906e+02 4.8598129272460938e+01
7221 1.6616847229003906e+02 4.9532711029052734e+01
7222 1.6616847229003906e+02 5.0467288970947266e+01
7223 1.6616847229003906e+02 5.1401870727539062e+01
7224 1.6616847229003906e+02 5.2336448669433594e+01
7225 1.6616847229003906e+02 5.3271026611328125e+01
7226 1.6616847229003906e+02 5.4205608367919922e+01
7227 1.6616847229003906e+02 5.5140186309814453e+01
7228 1.6616847229003906e+02 5.6074768066406250e+01
7229 1.6616847229003906e+02 5.7009346008300781e+01
7230 1.6616847229003906e+02 5.7943923950195312e+01
7231 1.6616847229003906e+02 5.8878505706787109e+01
7232 1.6616847229003906e+02 5.9813083648681641e+01
7233 1.6616847229003906e+02 6.0747665405273438e+01
7234 1.6616847229003906e+02 6.1682243347167969e+01
7235 1.6616847229003906e+02 6.2616821289062500e+01
7236 1.6616847229003906e+02 6.3551403045654297e+01
7237 1.6616847229003906e+02 6.4485984802246094e+01
7238 1.6616847229003906e+02 6.5420562744140625e+01
7239 1.6616847229003906e+02 6.6355140686035156e+01
7240 1.6616847229003906e+02 6.7289718627929688e+01
7241 1.6616847229003906e+02 6.8224296569824219e+01
7242 1.6616847229003906e+02 6.9158882141113281e+01
7243 1.6616847229003906e+02 7.0093460083007812e+01
7244 1.6616847229003906e+02 7.1028038024902344e+01
7245 1.6616847229003906e+02 7.1962615966796875e+01
7246 1.6616847229003906e+02 7.2897193908691406e+01
7247 1.6616847229003906e+02 7.3831779479980469e+01
7248 1.6616847229003906e+02 7.4766357421875000e+01
7249 1.6616847229003906e+02 7.5700935363769531e+01
7250 1.6616847229003906e+02 7.6635513305664062e+01
7251 1.6616847229003906e+02 7.7570091247558594e+01
7252 1.6616847229003906e+02 7.8504669189453125e+01
7253 1.6616847229003906e+02 7.9439254760742188e+01
7254 1.6616847229003906e+02 8.0373832702636719e+01
7255 1.6616847229003906e+02 8.1308410644531250e+01
7256 1.6616847229003906e+02 8.2242988586425781e+01
7257 1.6616847229003906e+02 8.3177566528320312e+01
7258 1.6616847229003906e+02 8.4112152099609375e+01
7259 1.6616847229003906e+02 8.5046730041503906e+01
7260 1.6616847229003906e+02 8.5981307983398438e+01
7261 1.6616847229003906e+02 8.6915885925292969e+01
7262 1.6616847229003906e+02 8.7850463867187500e+01
7263 1.6616847229003906e+02 8.8785049438476562e+01
7264 1.6616847229003906e+02 8.9719627380371094e+01
7265 1.6616847229003906e+02 9.0654205322265625e+01
7266 1.6616847229003906e+02 9.1588783264160156e+01
7267 1.6616847229003906e+02 9.2523361206054688e+01
7268 1.6616847229003906e+02 9.3457946777343750e+01
7269 1.6616847229003906e+02 9.4392524719238281e+01
7270 1.6616847229003906e+02 9.5327102661132812e+01
7271 1.6616847229003906e+02 9.6261680603027344e+01
7272 1.6616847229003906e+02 9.7196258544921875e+01
7273 1.6616847229003906e+02 9.8130844116210938e+01
7274 1.6616847229003906e+02 9.9065422058105469e+01
7275 1.6521739196777344e+02 9.3457943201065063e-01
7276 1.6521739196777344e+02 1.8691588640213013e+00
7277 1.6521739196777344e+02 2.8037383556365967e+00
7278 1.6521739196777344e+02 3.7383177280426025e+00
7279 1.6521739196777344e+02 4.6728973388671875e+00
7280 1.6521739196777344e+02 5.6074767112731934e+00
7281 1.6521739196777344e+02 6.5420560836791992e+00
7282 1.6521739196777344e+02 7.4766354560852051e+00
7283 1.6521739196777344e+02 8.4112148284912109e+00
7284 1.6521739196777344e+02 9.3457946777343750e+00
7285 1.6521739196777344e+02 1.0280373573303223e+01
7286 1.6521739196777344e+02 1.1214953422546387e+01
7287 1.6521739196777344e+02 1.2149532318115234e+01
7288 1.6521739196777344e+02 1.3084112167358398e+01
7289 1.6521739196777344e+02 1.4018692016601562e+01
7290 1.6521739196777344e+02 1.4953270912170410e+01
7291 1.6521739196777344e+02 1.5887850761413574e+01
7292 1.6521739196777344e+02 1.6822429656982422e+01
7293 1.6521739196777344e+02 1.7757009506225586e+01
7294 1.6521739196777344e+02 1.8691589355468750e+01
7295 1.6521739196777344e+02 1.9626167297363281e+01
7296 1.6521739196777344e+02 2.0560747146606445e+01
7297 1.6521739196777344e+02 2.1495326995849609e+01
7298 1.6521739196777344e+02 2.2429906845092773e+01
7299 1.6521739196777344e+02 2.3364486694335938e+01
7300 1.6521739196777344e+02 2.4299064636230469e+01
7301 1.6521739196777344e+02 2.5233644485473633e+01
7302 1.6521739196777344e+02 2.6168224334716797e+01
7303 1.6521739196777344e+02 2.7102804183959961e+01
7304 1.6521739196777344e+02 2.8037384033203125e+01
7305 1.6521739196777344e+02 2.8971961975097656e+01
7306 1.6521739196777344e+02 2.9906541824340820e+01
7307 1.6521739196777344e+02 3.0841121673583984e+01
7308 1.6521739196777344e+02 3.1775701522827148e+01
7309 1.6521739196777344e+02 3.2710281372070312e+01
7310 1.6521739196777344e+02 3.3644859313964844e+01
7311 1.6521739196777344e+02 3.4579441070556641e+01
7312 1.6521739196777344e+02 3.5514019012451172e+01
7313 1.6521739196777344e+02 3.6448596954345703e+01
7314 1.6521739196777344e+02 3.7383178710937500e+01
7315 1.6521739196777344e+02 3.8317756652832031e+01
7316 1.6521739196777344e+02 3.9252334594726562e+01
7317 1.6521739196777344e+02 4.0186916351318359e+01
7318 1.6521739196777344e+02 4.1121494293212891e+01
7319 1.6521739196777344e+02 4.2056076049804688e+01
7320 1.6521739196777344e+02 4.2990653991699219e+01
7321 1.6521739196777344e+02 4.3925231933593750e+01
7322 1.6521739196777344e+02 4.4859813690185547e+01
7323 1.6521739196777344e+02 4.5794391632080078e+01
7324 1.6521739196777344e+02 4.6728973388671875e+01
7325 1.6521739196777344e+02 4.7663551330566406e+01
7326 1.6521739196777344e+02 4.8598129272460938e+01
7327 1.6521739196777344e+02 4.9532711029052734e+01
7328 1.6521739196777344e+02 5.0467288970947266e+01
7329 1.6521739196777344e+02 5.1401870727539062e+01
7330 1.6521739196777344e+02 5.2336448669433594e+01
7331 1.6521739196777344e+02 5.3271026611328125e+01
7332 1.6521739196777344e+02 5.4205608367919922e+01
7333 1.6521739196777344e+02 5.5140186309814453e+01
7334 1.6521739196777344e+02 5.6074768066406250e+01
7335 1.6521739196777344e+02 5.7009346008300781e+01
7336 1.6521739196777344e+02 5.7943923950195312e+01
7337 1.6521739196777344e+02 5.8878505706787109e+01
7338 1.6521739196777344e+02 5.9813083648681641e+01
7339 1.6521739196777344e+02 6.0747665405273438e+01
7340 1.6521739196777344e+02 6.1682243347167969e+01
7341 1.6521739196777344e+02 6.2616821289062500e+01
7342 1.6521739196777344e+02 6.3551403045654297e+01
7343 1.6521739196777344e+02 6.4485984802246094e+01
7344 1.6521739196777344e+02 6.5420562744140625e+01
7345 1.6521739196777344e+02 6.6355140686035156e+01
7346 1.6521739196777344e+02 6.7289718627929688e+01
7347 1.6521739196777344e+02 6.8224296569824219e+01
7348 1.6521739196777344e+02 6.9158882141113281e+01
7349 1.6521739196777344e+02 7.0093460083007812e+01
7350 1.6521739196777344e+02 7.1028038024902344e+01
7351 1.6521739196777344e+02 7.1962615966796875e+01
7352 1.6521739196777344e+02 7.2897193908691406e+01
7353 1.6521739196777344e+02 7.3831779479980469e+01
7354 1.6521739196777344e+02 7.4766357421875000e+01
7355 1.6521739196777344e+02 7.5700935363769531e+01
7356 1.6521739196777344e+02 7.6635513305664062e+01
7357 1.6521739196777344e+02 7.7570091247558594e+01
7358 1.6521739196777344e+02 7.8504669189453125e+01
7359 1.6521739196777344e+02 7.9439254760742188e+01
7360 1.6521739196777344e+02 8.0373832702636719e+01
7361 1.6521739196777344e+02 8.1308410644531250e+01
7362 1.6521739196777344e+02 8.2242988586425781e+01
7363 1.6521739196777344e+02 8.3177566528320312e+01
7364 1.6521739196777344e+02 8.4112152099609375e+01
7365 1.6521739196777344e+02 8.5046730041503906e+01
7366 1.6521739196777344e+02 8.5981307983398438e+01
7367 1.6521739196777344e+02 8.6915885925292969e+01
7368 1.6521739196777344e+02 8.7850463867187500e+01
7369 1.6521739196777344e+02 8.8785049438476562e+01
7370 1.6521739196777344e+02 8.9719627380371094e+01
7371 1.6521739196777344e+02 9.0654205322265625e+01
7372 1.6521739196777344e+02 9.1588783264160156e+01
7373 1.6521739196777344e+02 9.2523361206054688e+01
7374 1.6521739196777344e+02 9.3457946777343750e+01
7375 1.6521739196777344e+02 9.4392524719238281e+01
7376 1.6521739196777344e+02 9.5327102661132812e+01
7377 1.6521739196777344e+02 9.6261680603027344e+01
7378 1.6521739196777344e+02 9.7196258544921875e+01
7379 1.6521739196777344e+02 9.8130844116210938e+01
7380 1.6521739196777344e+02 9.9065422058105469e+01
7381 1.6426631164550781e+02 9.3457943201065063e-01
7382 1.6426631164550781e+02 1.8691588640213013e+00
7383 1.6426631164550781e+02 2.8037383556365967e+00
7384 1.6426631164550781e+02 3.7383177280426025e+00
7385 1.6426631164550781e+02 4.6728973388671875e+00
7386 1.6426631164550781e+02 5.6074767112731934e+00
7387 1.6426631164550781e+02 6.5420560836791992e+00
7388 1.6426631164550781e+02 7.4766354560852051e+00
7389 1.6426631164550781e+02 8.4112148284912109e+00
7390 1.6426631164550781e+02 9.3457946777343750e+00
7391 1.6426631164550781e+02 1.0280373573303223e+01
7392 1.6426631164550781e+02 1.1214953422546387e+01
7393 1.6426631164550781e+02 1.2149532318115234e+01
7394 1.6426631164550781e+02 1.3084112167358398e+01
7395 1.6426631164550781e+02 1.4018692016601562e+01
7396 1.6426631164550781e+02 1.4953270912170410e+01
7397 1.6426631164550781e+02 1.5887850761413574e+01
7398 1.6426631164550781e+02 1.6822429656982422e+01
7399 1.6426631164550781e+02 1.7757009506225586e+01
7400 1.6426631164550781e+02 1.8691589355468750e+01
7401 1.6426631164550781e+02 1.9626167297363281e+01
7402 1.6426631164550781e+02 2.0560747146606445e+01
7403 1.6426631164550781e+02 2.1495326995849609e+01
7404 1.6426631164550781e+02 2.2429906845092773e+01
7405 1.6426631164550781e+02 2.3364486694335938e+01
7406 1.6426631164550781e+02 2.4299064636230469e+01
7407 1.6426631164550781e+02 2.5233644485473633e+01
7408 1.6426631164550781e+02 2.6168224334716797e+01
7409 1.6426631164550781e+02 2.7102804183959961e+01
7410 1.6426631164550781e+02 2.8037384033203125e+01
7411 1.6426631164550781e+02 2.8971961975097656e+01
7412 1.6426631164550781e+02 2.9906541824340820e+01
7413 1.6426631164550781e+02 3.0841121673583984e+01
7414 1.6426631164550781e+02 3.1775701522827148e+01
7415 1.6426631164550781e+02 3.2710281372070312e+01
7416 1.6426631164550781e+02 3.3644859313964844e+01
7417 1.6426631164550781e+02 3.4579441070556641e+01
7418 1.6426631164550781e+02 3.5514019012451172e+01
7419 1.6426631164550781e+02 3.6448596954345703e+01
7420 1.6426631164550781e+02 3.7383178710937500e+01
7421 1.6426631164550781e+02 3.8317756652832031e+01
7422 1.6426631164550781e+02 3.9252334594726562e+01
7423 1.6426631164550781e+02 4.0186916351318359e+01
7424 1.6426631164550781e+02 4.1121494293212891e+01
7425 1.6426631164550781e+02 4.2056076049804688e+01
7426 1.6426631164550781e+02 4.2990653991699219e+01
7427 1.6426631164550781e+02 4.3925231933593750e+01
7428 1.6426631164550781e+02 4.4859813690185547e+01
7429 1.6426631164550781e+02 4.5794391632080078e+01
7430 1.6426631164550781e+02 4.6728973388671875e+01
7431 1.6426631164550781e+02 4.7663551330566406e+01
7432 1.6426631164550781e+02 4.8598129272460938e+01
7433 1.6426631164550781e+02 4.9532711029052734e+01
7434 1.6426631164550781e+02 5.0467288970947266e+01
7435 1.6426631164550781e+02 5.1401870727539062e+01
7436 1.6426631164550781e+02 5.2336448669433594e+01
7437 1.6426631164550781e+02 5.3271026611328125e+01
7438 1.6426631164550781e+02 5.4205608367919922e+01
7439 1.6426631164550781e+02 5.5140186309814453e+01
7440 1.6426631164550781e+02 5.6074768066406250e+01
7441 1.6426631164550781e+02 5.7009346008300781e+01
7442 1.6426631164550781e+02 5.7943923950195312e+01
7443 1.6426631164550781e+02 5.8878505706787109e+01
7444 1.6426631164550781e+02 5.9813083648681641e+01
7445 1.6426631164550781e+02 6.0747665405273438e+01
7446 1.6426631164550781e+02 6.1682243347167969e+01
7447 1.6426631164550781e+02 6.2616821289062500e+01
7448 1.6426631164550781e+02 6.3551403045654297e+01
7449 1.6426631164550781e+02 6.4485984802246094e+01
7450 1.6426631164550781e+02 6.5420562744140625e+01
7451 1.6426631164550781e+02 6.6355140686035156e+01
7452 1.6426631164550781e+02 6.7289718627929688e+01
7453 1.6426631164550781e+02 6.8224296569824219e+01
7454 1.6426631164550781e+02 6.9158882141113281e+01
7455 1.6426631164550781e+02 7.0093460083007812e+01
7456 1.6426631164550781e+02 7.1028038024902344e+01
7457 1.6426631164550781e+02 7.1962615966796875e+01
7458 1.6426631164550781e+02 7.2897193908691406e+01
7459 1.6426631164550781e+02 7.3831779479980469e+01
7460 1.6426631164550781e+02 7.4766357421875000e+01
7461 1.6426631164550781e+02 7.5700935363769531e+01
7462 1.6426631164550781e+02 7.6635513305664062e+01
7463 1.6426631164550781e+02 7.7570091247558594e+01
7464 1.6426631164550781e+02 7.8504669189453125e+01
7465 1.6426631164550781e+02 7.9439254760742188e+01
7466 1.6426631164550781e+02 8.0373832702636719e+01
7467 1.6426631164550781e+02 8.1308410644531250e+01
7468 1.6426631164550781e+02 8.2242988586425781e+01
7469 1.6426631164550781e+02 8.3177566528320312e+01
7470 1.6426631164550781e+02 8.4112152099609375e+01
7471 1.6426631164550781e+02 8.5046730041503906e+01
7472 1.6426631164550781e+02 8.5981307983398438e+01
7473 1.6426631164550781e+02 8.6915885925292969e+01
7474 1.6426631164550781e+02 8.7850463867187500e+01
7475 1.6426631164550781e+02 8.8785049438476562e+01
7476 1.6426631164550781e+02 8.9719627380371094e+01
7477 1.6426631164550781e+02 9.0654205322265625e+01
7478 1.6426631164550781e+02 9.1588783264160156e+01
7479 1.6426631164550781e+02 9.2523361206054688e+01
7480 1.6426631164550781e+02 9.3457946777343750e+01
7481 1.6426631164550781e+02 9.4392524719238281e+01
7482 1.6426631164550781e+02 9.5327102661132812e+01
7483 1.6426631164550781e+02 9.6261680603027344e+01
7484 1.6426631164550781e+02 9.7196258544921875e+01
7485 1.6426631164550781e+02 9.8130844116210938e+01
7486 1.6426631164550781e+02 9.9065422058105469e+01
7487 1.6331521606445312e+02 9.3457943201065063e-01
7488 1.6331521606445312e+02 1.8691588640213013e+00
7489 1.6331521606445312e+02 2.8037383556365967e+00
7490 1.6331521606445312e+02 3.7383177280426025e+00
7491 1.6331521606445312e+02 4.6728973388671875e+00
7492 1.6331521606445312e+02 5.6074767112731934e+00
7493 1.6331521606445312e+02 6.5420560836791992e+00
7494 1.6331521606445312e+02 7.4766354560852051e+00
7495 1.6331521606445312e+02 8.4112148284912109e+00
7496 1.6331521606445312e+02 9.3457946777343750e+00
7497 1.6331521606445312e+02 1.0280373573303223e+01
7498 1.6331521606445312e+02 1.1214953422546387e+01
7499 1.6331521606445312e+02 1.2149532318115234e+01
7500 1.6331521606445312e+02 1.3084112167358398e+01
7501 1.6331521606445312e+02 1.4018692016601562e+01
7502 1.6331521606445312e+02 1.4953270912170410e+01
7503 1.6331521606445312e+02 1.5887850761413574e+01
7504 1.6331521606445312e+02 1.6822429656982422e+01
7505 1.6331521606445312e+02 1.7757009506225586e+01
7506 1.6331521606445312e+02 1.8691589355468750e+01
7507 1.6331521606445312e+02 1.9626167297363281e+01
7508 1.6331521606445312e+02 2.0560747146606445e+01
7509 1.6331521606445312e+02 2.1495326995849609e+01
7510 1.6331521606445312e+02 2.2429906845092773e+01
7511 1.6331521606445312e+02 2.3364486694335938e+01
7512 1.6331521606445312e+02 2.4299064636230469e+01
7513 1.6331521606445312e+02 2.5233644485473633e+01
7514 1.6331521606445312e+02 2.6168224334716797e+01
7515 1.6331521606445312e+02 2.7102804183959961e+01
7516 1.6331521606445312e+02 2.8037384033203125e+01
7517 1.6331521606445312e+02 2.8971961975097656e+01
7518 1.6331521606445312e+02 2.9906541824340820e+01
7519 1.6331521606445312e+02 3.0841121673583984e+01
7520 1.6331521606445312e+02 3.1775701522827148e+01
7521 1.6331521606445312e+02 3.2710281372070312e+01
7522 1.6331521606445312e+02 3.3644859313964844e+01
7523 1.6331521606445312e+02 3.4579441070556641e+01
7524 1.6331521606445312e+02 3.5514019012451172e+01
7525 1.6331521606445312e+02 3.6448596954345703e+01
7526 1.6331521606445312e+02 3.7383178710937500e+01
7527 1.6331521606445312e+02 3.8317756652832031e+01
7528 1.6331521606445312e+02 3.9252334594726562e+01
7529 1.6331521606445312e+02 4.0186916351318359e+01
7530 1.6331521606445312e+02 4.1121494293212891e+01
7531 1.6331521606445312e+02 4.2056076049804688e+01
7532 1.6331521606445312e+02 4.2990653991699219e+01
7533 1.6331521606445312e+02 4.3925231933593750e+01
7534 1.6331521606445312e+02 4.4859813690185547e+01
7535 1.6331521606445312e+02 4.5794391632080078e+01
7536 1.6331521606445312e+02 4.6728973388671875e+01
7537 1.6331521606445312e+02 4.7663551330566406e+01
7538 1.6331521606445312e+02 4.8598129272460938e+01
7539 1.6331521606445312e+02 4.9532711029052734e+01
7540 1.6331521606445312e+02 5.0467288970947266e+01
7541 1.6331521606445312e+02 5.1401870727539062e+01
7542 1.6331521606445312e+02 5.2336448669433594e+01
7543 1.6331521606445312e+02 5.3271026611328125e+01
7544 1.6331521606445312e+02 5.4205608367919922e+01
7545 1.6331521606445312e+02 5.5140186309814453e+01
7546 1.6331521606445312e+02 5.6074768066406250e+01
7547 1.6331521606445312e+02 5.7009346008300781e+01
7548 1.6331521606445312e+02 5.7943923950195312e+01
7549 1.6331521606445312e+02 5.8878505706787109e+01
7550 1.6331521606445312e+02 5.9813083648681641e+01
7551 1.6331521606445312e+02 6.0747665405273438e+01
7552 1.6331521606445312e+02 6.1682243347167969e+01
7553 1.6331521606445312e+02 6.2616821289062500e+01
7554 1.6331521606445312e+02 6.3551403045654297e+01
7555 1.6331521606445312e+02 6.4485984802246094e+01
7556 1.6331521606445312e+02 6.5420562744140625e+01
7557 1.6331521606445312e+02 6.6355140686035156e+01
7558 1.6331521606445312e+02 6.7289718627929688e+01
7559 1.6331521606445312e+02 6.8224296569824219e+01
7560 1.6331521606445312e+02 6.9158882141113281e+01
7561 1.6331521606445312e+02 7.0093460083007812e+01
7562 1.6331521606445312e+02 7.1028038024902344e+01
7563 1.6331521606445312e+02 7.1962615966796875e+01
7564 1.6331521606445312e+02 7.2897193908691406e+01
7565 1.6331521606445312e+02 7.3831779479980469e+01
7566 1.6331521606445312e+02 7.4766357421875000e+01
7567 1.6331521606445312e+02 7.5700935363769531e+01
7568 1.6331521606445312e+02 7.6635513305664062e+01
7569 1.6331521606445312e+02 7.7570091247558594e+01
7570 1.6331521606445312e+02 7.8504669189453125e+01
7571 1.6331521606445312e+02 7.9439254760742188e+01
7572 1.6331521606445312e+02 8.0373832702636719e+01
7573 1.6331521606445312e+02 8.1308410644531250e+01
7574 1.6331521606445312e+02 8.2242988586425781e+01
7575 1.6331521606445312e+02 8.3177566528320312e+01
7576 1.6331521606445312e+02 8.4112152099609375e+01
7577 1.6331521606445312e+02 8.5046730041503906e+01
7578 1.6331521606445312e+02 8.5981307983398438e+01
7579 1.6331521606445312e+02 8.6915885925292969e+01
7580 1.6331521606445312e+02 8.7850463867187500e+01
7581 1.6331521606445312e+02 8.8785049438476562e+01
7582 1.6331521606445312e+02 8.9719627380371094e+01
7583 1.6331521606445312e+02 9.0654205322265625e+01
7584 1.6331521606445312e+02 9.1588783264160156e+01
7585 1.6331521606445312e+02 9.2523361206054688e+01
7586 1.6331521606445312e+02 9.3457946777343750e+01
7587 1.6331521606445312e+02 9.4392524719238281e+01
7588 1.6331521606445312e+02 9.5327102661132812e+01
7589 1.6331521606445312e+02 9.6261680603027344e+01
7590 1.6331521606445312e+02 9.7196258544921875e+01
7591 1.6331521606445312e+02 9.8130844116210938e+01
7592 1.6331521606445312e+02 9.9065422058105469e+01
7593 1.6236413574218750e+02 9.3457943201065063e-01
7594 1.6236413574218750e+02 1.8691588640213013e+00
7595 1.6236413574218750e+02 2.8037383556365967e+00
7596 1.6236413574218750e+02 3.7383177280426025e+00
7597 1.6236413574218750e+02 4.6728973388671875e+00
7598 1.6236413574218750e+02 5.6074767112731934e+00
7599 1.6236413574218750e+02 6.5420560836791992e+00
7600 1.6236413574218750e+02 7.4766354560852051e+00
7601 1.6236413574218750e+02 8.4112148284912109e+00
7602 1.6236413574218750e+02 9.3457946777343750e+00
7603 1.6236413574218750e+02 1.0280373573303223e+01
7604 1.6236413574218750e+02 1.1214953422546387e+01
7605 1.6236413574218750e+02 1.2149532318115234e+01
7606 1.6236413574218750e+02 1.3084112167358398e+01
7607 1.6236413574218750e+02 1.4018692016601562e+01
7608 1.6236413574218750e+02 1.4953270912170410e+01
7609 1.6236413574218750e+02 1.5887850761413574e+01
7610 1.6236413574218750e+02 1.6822429656982422e+01
7611 1.6236413574218750e+02 1.7757009506225586e+01
7612 1.6236413574218750e+02 1.8691589355468750e+01
7613 1.6236413574218750e+02 1.9626167297363281e+01
7614 1.6236413574218750e+02 2.0560747146606445e+01
7615 1.6236413574218750e+02 2.1495326995849609e+01
7616 1.6236413574218750e+02 2.2429906845092773e+01
7617 1.6236413574218750e+02 2.3364486694335938e+01
7618 1.6236413574218750e+02 2.4299064636230469e+01
7619 1.6236413574218750e+02 2.5233644485473633e+01
7620 1.6236413574218750e+02 2.6168224334716797e+01
7621 1.6236413574218750e+02 2.7102804183959961e+01
7622 1.6236413574218750e+02 2.8037384033203125e+01
7623 1.6236413574218750e+02 2.8971961975097656e+01
7624 1.6236413574218750e+02 2.9906541824340820e+01
7625 1.6236413574218750e+02 3.0841121673583984e+01
7626 1.6236413574218750e+02 3.1775701522827148e+01
7627 1.6236413574218750e+02 3.2710281372070312e+01
7628 1.6236413574218750e+02 3.3644859313964844e+01
7629 1.6236413574218750e+02 3.4579441070556641e+01
7630 1.6236413574218750e+02 3.5514019012451172e+01
7631 1.6236413574218750e+02 3.6448596954345703e+01
7632 1.6236413574218750e+02 3.7383178710937500e+01
7633 1.6236413574218750e+02 3.8317756652832031e+01
7634 1.6236413574218750e+02 3.9252334594726562e+01
7635 1.6236413574218750e+02 4.0186916351318359e+01
7636 1.6236413574218750e+02 4.1121494293212891e+01
7637 1.6236413574218750e+02 4.2056076049804688e+01
7638 1.6236413574218750e+02 4.2990653991699219e+01
7639 1.6236413574218750e+02 4.3925231933593750e+01
7640 1.6236413574218750e+02 4.4859813690185547e+01
7641 1.6236413574218750e+02 4.5794391632080078e+01
7642 1.6236413574218750e+02 4.6728973388671875e+01
7643 1.6236413574218750e+02 4.7663551330566406e+01
7644 1.6236413574218750e+02 4.8598129272460938e+01
7645 1.6236413574218750e+02 4.9532711029052734e+01
7646 1.6236413574218750e+02 5.0467288970947266e+01
7647 1.6236413574218750e+02 5.1401870727539062e+01
7648 1.6236413574218750e+02 5.2336448669433594e+01
7649 1.6236413574218750e+02 5.3271026611328125e+01
7650 1.6236413574218750e+02 5.4205608367919922e+01
7651 1.6236413574218750e+02 5.5140186309814453e+01
7652 1.6236413574218750e+02 5.6074768066406250e+01
7653 1.6236413574218750e+02 5.7009346008300781e+01
7654 1.6236413574218750e+02 5.7943923950195312e+01
7655 1.6236413574218750e+02 5.8878505706787109e+01
7656 1.6236413574218750e+02 5.9813083648681641e+01
7657 1.6236413574218750e+02 6.0747665405273438e+01
7658 1.6236413574218750e+02 6.1682243347167969e+01
7659 1.6236413574218750e+02 6.2616821289062500e+01
7660 1.6236413574218750e+02 6.3551403045654297e+01
7661 1.6236413574218750e+02 6.4485984802246094e+01
7662 1.6236413574218750e+02 6.5420562744140625e+01
7663 1.6236413574218750e+02 6.6355140686035156e+01
7664 1.6236413574218750e+02 6.7289718627929688e+01
7665 1.6236413574218750e+02 6.8224296569824219e+01
7666 1.6236413574218750e+02 6.9158882141113281e+01
7667 1.6236413574218750e+02 7.0093460083007812e+01
7668 1.6236413574218750e+02 7.1028038024902344e+01
7669 1.6236413574218750e+02 7.1962615966796875e+01
7670 1.6236413574218750e+02 7.2897193908691406e+01
7671 1.6236413574218750e+02 7.3831779479980469e+01
7672 1.6236413574218750e+02 7.4766357421875000e+01
7673 1.6236413574218750e+02 7.5700935363769531e+01
7674 1.6236413574218750e+02 7.6635513305664062e+01
7675 1.6236413574218750e+02 7.7570091247558594e+01
7676 1.6236413574218750e+02 7.8504669189453125e+01
7677 1.6236413574218750e+02 7.9439254760742188e+01
7678 1.6236413574218750e+02 8.0373832702636719e+01
7679 1.6236413574218750e+02 8.1308410644531250e+01
7680 1.6236413574218750e+02 8.2242988586425781e+01
7681 1.6236413574218750e+02 8.3177566528320312e+01
7682 1.6236413574218750e+02 8.4112152099609375e+01
7683 1.6236413574218750e+02 8.5046730041503906e+01
7684 1.6236413574218750e+02 8.5981307983398438e+01
7685 1.6236413574218750e+02 8.6915885925292969e+01
7686 1.6236413574218750e+02 8.7850463867187500e+01
7687 1.6236413574218750e+02 8.8785049438476562e+01
7688 1.6236413574218750e+02 8.9719627380371094e+01
7689 1.6236413574218750e+02 9.0654205322265625e+01
7690 1.6236413574218750e+02 9.1588783264160156e+01
7691 1.6236413574218750e+02 9.2523361206054688e+01
7692 1.6236413574218750e+02 9.3457946777343750e+01
7693 1.6236413574218750e+02 9.4392524719238281e+01
7694 1.6236413574218750e+02 9.5327102661132812e+01
7695 1.6236413574218750e+02 9.6261680603027344e+01
7696 1.6236413574218750e+02 9.7196258544921875e+01
7697 1.6236413574218750e+02 9.8130844116210938e+01
7698 1.6236413574218750e+02 9.9065422058105469e+01
7699 1.6141304016113281e+02 9.3457943201065063e-01
7700 1.6141304016113281e+02 1.8691588640213013e+00
7701 1.6141304016113281e+02 2.8037383556365967e+00
7702 1.6141304016113281e+02 3.7383177280426025e+00
7703 1.6141304016113281e+02 4.6728973388671875e+00
7704 1.6141304016113281e+02 5.6074767112731934e+00
7705 1.6141304016113281e+02 6.5420560836791992e+00
7706 1.6141304016113281e+02 7.4766354560852051e+00
7707 1.6141304016113281e+02 8.4112148284912109e+00
7708 1.6141304016113281e+02 9.3457946777343750e+00
7709 1.6141304016113281e+02 1.0280373573303223e+01
7710 1.6141304016113281e+02 1.1214953422546387e+01
7711 1.6141304016113281e+02 1.2149532318115234e+01
7712 1.6141304016113281e+02 1.3084112167358398e+01
7713 1.6141304016113281e+02 1.4018692016601562e+01
7714 1.6141304016113281e+02 1.4953270912170410e+01
7715 1.6141304016113281e+02 1.5887850761413574e+01
7716 1.6141304016113281e+02 1.6822429656982422e+01
7717 1.6141304016113281e+02 1.7757009506225586e+01
7718 1.6141304016113281e+02 1.8691589355468750e+01
7719 1.6141304016113281e+02 1.9626167297363281e+01
7720 1.6141304016113281e+02 2.0560747146606445e+01
7721 1.6141304016113281e+02 2.1495326995849609e+01
7722 1.6141304016113281e+02 2.2429906845092773e+01
7723 1.6141304016113281e+02 2.3364486694335938e+01
7724 1.6141304016113281e+02 2.4299064636230469e+01
7725 1.6141304016113281e+02 2.5233644485473633e+01
7726 1.6141304016113281e+02 2.6168224334716797e+01
7727 1.6141304016113281e+02 2.7102804183959961e+01
7728 1.6141304016113281e+02 2.8037384033203125e+01
7729 1.6141304016113281e+02 2.8971961975097656e+01
7730 1.6141304016113281e+02 2.9906541824340820e+01
7731 1.6141304016113281e+02 3.0841121673583984e+01
7732 1.6141304016113281e+02 3.1775701522827148e+01
7733 1.6141304016113281e+02 3.2710281372070312e+01
7734 1.6141304016113281e+02 3.3644859313964844e+01
7735 1.6141304016113281e+02 3.4579441070556641e+01
7736 1.6141304016113281e+02 3.5514019012451172e+01
7737 1.6141304016113281e+02 3.6448596954345703e+01
7738 1.6141304016113281e+02 3.7383178710937500e+01
7739 1.6141304016113281e+02 3.8317756652832031e+01
7740 1.6141304016113281e+02 3.9252334594726562e+01
7741 1.6141304016113281e+02 4.0186916351318359e+01
7742 1.6141304016113281e+02 4.1121494293212891e+01
7743 1.6141304016113281e+02 4.2056076049804688e+01
7744 1.6141304016113281e+02 4.2990653991699219e+01
7745 1.6141304016113281e+02 4.3925231933593750e+01
7746 1.6141304016113281e+02 4.4859813690185547e+01
7747 1.6141304016113281e+02 4.5794391632080078e+01
7748 1.6141304016113281e+02 4.6728973388671875e+01
7749 1.6141304016113281e+02 4.7663551330566406e+01
7750 1.6141304016113281e+02 4.8598129272460938e+01
7751 1.6141304016113281e+02 4.9532711029052734e+01
7752 1.6141304016113281e+02 5.0467288970947266e+01
7753 1.6141304016113281e+02 5.1401870727539062e+01
7754 1.6141304016113281e+02 5.2336448669433594e+01
7755 1.6141304016113281e+02 5.3271026611328125e+01
7756 1.6141304016113281e+02 5.4205608367919922e+01
7757 1.6141304016113281e+02 5.5140186309814453e+01
7758 1.6141304016113281e+02 5.6074768066406250e+01
7759 1.6141304016113281e+02 5.7009346008300781e+01
7760 1.6141304016113281e+02 5.7943923950195312e+01
7761 1.6141304016113281e+02 5.8878505706787109e+01
7762 1.6141304016113281e+02 5.9813083648681641e+01
7763 1.6141304016113281e+02 6.0747665405273438e+01
7764 1.6141304016113281e+02 6.1682243347167969e+01
7765 1.6141304016113281e+02 6.2616821289062500e+01
7766 1.6141304016113281e+02 6.3551403045654297e+01
7767 1.6141304016113281e+02 6.4485984802246094e+01
7768 1.6141304016113281e+02 6.5420562744140625e+01
7769 1.6141304016113281e+02 6.6355140686035156e+01
7770 1.6141304016113281e+02 6.7289718627929688e+01
7771 1.6141304016113281e+02 6.8224296569824219e+01
7772 1.6141304016113281e+02 6.9158882141113281e+01
7773 1.6141304016113281e+02 7.0093460083007812e+01
7774 1.6141304016113281e+02 7.1028038024902344e+01
7775 1.6141304016113281e+02 7.1962615966796875e+01
7776 1.6141304016113281e+02 7.2897193908691406e+01
7777 1.6141304016113281e+02 7.3831779479980469e+01
7778 1.6141304016113281e+02 7.4766357421875000e+01
7779 1.6141304016113281e+02 7.5700935363769531e+01
7780 1.6141304016113281e+02 7.6635513305664062e+01
7781 1.6141304016113281e+02 7.7570091247558594e+01
7782 1.6141304016113281e+02 7.8504669189453125e+01
7783 1.6141304016113281e+02 7.9439254760742188e+01
7784 1.6141304016113281e+02 8.0373832702636719e+01
7785 1.6141304016113281e+02 8.1308410644531250e+01
7786 1.6141304016113281e+02 8.2242988586425781e+01
7787 1.6141304016113281e+02 8.3177566528320312e+01
7788 1.6141304016113281e+02 8.4112152099609375e+01
7789 1.6141304016113281e+02 8.5046730041503906e+01
7790 1.6141304016113281e+02 8.5981307983398438e+01
7791 1.6141304016113281e+02 8.6915885925292969e+01
7792 1.6141304016113281e+02 8.7850463867187500e+01
7793 1.6141304016113281e+02 8.8785049438476562e+01
7794 1.6141304016113281e+02 8.9719627380371094e+01
7795 1.6141304016113281e+02 9.0654205322265625e+01
7796 1.6141304016113281e+02 9.1588783264160156e+01
7797 1.6141304016113281e+02 9.2523361206054688e+01
7798 1.6141304016113281e+02 9.3457946777343750e+01
7799 1.6141304016113281e+02 9.4392524719238281e+01
7800 1.6141304016113281e+02 9.5327102661132812e+01
7801 1.6141304016113281e+02 9.6261680603027344e+01
7802 1.6141304016113281e+02 9.7196258544921875e+01
7803 1.6141304016113281e+02 9.8130844116210938e+01
7804 1.6141304016113281e+02 9.9065422058105469e+01
7805 1.6046195983886719e+02 9.3457943201065063e-01
7806 1.6046195983886719e+02 1.8691588640213013e+00
7807 1.6046195983886719e+02 2.8037383556365967e+00
7808 1.6046195983886719e+02 3.7383177280426025e+00
7809 1.6046195983886719e+02 4.6728973388671875e+00
7810 1.6046195983886719e+02 5.6074767112731934e+00
7811 1.6046195983886719e+02 6.5420560836791992e+00
7812 1.6046195983886719e+02 7.4766354560852051e+00
7813 1.6046195983886719e+02 8.4112148284912109e+00
7814 1.6046195983886719e+02 9.3457946777343750e+00
7815 1.6046195983886719e+02 1.0280373573303223e+01
7816 1.6046195983886719e+02 1.1214953422546387e+01
7817 1.6046195983886719e+02 1.2149532318115234e+01
7818 1.6046195983886719e+02 1.3084112167358398e+01
7819 1.6046195983886719e+02 1.4018692016601562e+01
7820 1.6046195983886719e+02 1.4953270912170410e+01
7821 1.6046195983886719e+02 1.5887850761413574e+01
7822 1.6046195983886719e+02 1.6822429656982422e+01
7823 1.6046195983886719e+02 1.7757009506225586e+01
7824 1.6046195983886719e+02 1.8691589355468750e+01
7825 1.6046195983886719e+02 1.9626167297363281e+01
7826 1.6046195983886719e+02 2.0560747146606445e+01
7827 1.6046195983886719e+02 2.1495326995849609e+01
7828 1.6046195983886719e+02 2.2429906845092773e+01
7829 1.6046195983886719e+02 2.3364486694335938e+01
7830 1.6046195983886719e+02 2.4299064636230469e+01
7831 1.6046195983886719e+02 2.5233644485473633e+01
7832 1.6046195983886719e+02 2.6168224334716797e+01
7833 1.6046195983886719e+02 2.7102804183959961e+01
7834 1.6046195983886719e+02 2.8037384033203125e+01
7835 1.6046195983886719e+02 2.8971961975097656e+01
7836 1.6046195983886719e+02 2.9906541824340820e+01
7837 1.6046195983886719e+02 3.0841121673583984e+01
7838 1.6046195983886719e+02 3.1775701522827148e+01
7839 1.6046195983886719e+02 3.2710281372070312e+01
7840 1.6046195983886719e+02 3.3644859313964844e+01
7841 1.6046195983886719e+02 3.4579441070556641e+01
7842 1.6046195983886719e+02 3.5514019012451172e+01
7843 1.6046195983886719e+02 3.6448596954345703e+01
7844 1.6046195983886719e+02 3.7383178710937500e+01
7845 1.6046195983886719e+02 3.8317756652832031e+01
7846 1.6046195983886719e+02 3.9252334594726562e+01
7847 1.6046195983886719e+02 4.0186916351318359e+01
7848 1.6046195983886719e+02 4.1121494293212891e+01
7849 1.6046195983886719e+02 4.2056076049804688e+01
7850 1.6046195983886719e+02 4.2990653991699219e+01
7851 1.6046195983886719e+02 4.3925231933593750e+01
7852 1.6046195983886719e+02 4.4859813690185547e+01
7853 1.6046195983886719e+02 4.5794391632080078e+01
7854 1.6046195983886719e+02 4.6728973388671875e+01
7855 1.6046195983886719e+02 4.7663551330566406e+01
7856 1.6046195983886719e+02 4.8598129272460938e+01
7857 1.6046195983886719e+02 4.9532711029052734e+01
7858 1.6046195983886719e+02 5.0467288970947266e+01
7859 1.6046195983886719e+02 5.1401870727539062e+01
7860 1.6046195983886719e+02 5.2336448669433594e+01
7861 1.6046195983886719e+02 5.3271026611328125e+01
7862 1.6046195983886719e+02 5.4205608367919922e+01
7863 1.6046195983886719e+02 5.5140186309814453e+01
7864 1.6046195983886719e+02 5.6074768066406250e+01
7865 1.6046195983886719e+02 5.7009346008300781e+01
7866 1.6046195983886719e+02 5.7943923950195312e+01
7867 1.6046195983886719e+02 5.8878505706787109e+01
7868 1.6046195983886719e+02 5.9813083648681641e+01
7869 1.6046195983886719e+02 6.0747665405273438e+01
7870 1.6046195983886719e+02 6.1682243347167969e+01
7871 1.6046195983886719e+02 6.2616821289062500e+01
7872 1.6046195983886719e+02 6.3551403045654297e+01
7873 1.6046195983886719e+02 6.4485984802246094e+01
7874 1.6046195983886719e+02 6.5420562744140625e+01
7875 1.6046195983886719e+02 6.6355140686035156e+01
7876 1.6046195983886719e+02 6.7289718627929688e+01
7877 1.6046195983886719e+02 6.8224296569824219e+01
7878 1.6046195983886719e+02 6.9158882141113281e+01
7879 1.6046195983886719e+02 7.0093460083007812e+01
7880 1.6046195983886719e+02 7.1028038024902344e+01
7881 1.6046195983886719e+02 7.1962615966796875e+01
7882 1.6046195983886719e+02 7.2897193908691406e+01
7883 1.6046195983886719e+02 7.3831779479980469e+01
7884 1.6046195983886719e+02 7.4766357421875000e+01
7885 1.6046195983886719e+02 7.5700935363769531e+01
7886 1.6046195983886719e+02 7.6635513305664062e+01
7887 1.6046195983886719e+02 7.7570091247558594e+01
7888 1.6046195983886719e+02 7.8504669189453125e+01
7889 1.6046195983886719e+02 7.9439254760742188e+01
7890 1.6046195983886719e+02 8.0373832702636719e+01
7891 1.6046195983886719e+02 8.1308410644531250e+01
7892 1.6046195983886719e+02 8.2242988586425781e+01
7893 1.6046195983886719e+02 8.3177566528320312e+01
7894 1.6046195983886719e+02 8.4112152099609375e+01
7895 1.6046195983886719e+02 8.5046730041503906e+01
7896 1.6046195983886719e+02 8.5981307983398438e+01
7897 1.6046195983886719e+02 8.6915885925292969e+01
7898 1.6046195983886719e+02 8.7850463867187500e+01
7899 1.6046195983886719e+02 8.8785049438476562e+01
7900 1.6046195983886719e+02 8.9719627380371094e+01
7901 1.6046195983886719e+02 9.0654205322265625e+01
7902 1.6046195983886719e+02 9.1588783264160156e+01
7903 1.6046195983886719e+02 9.2523361206054688e+01
7904 1.6046195983886719e+02 9.3457946777343750e+01
7905 1.6046195983886719e+02 9.4392524719238281e+01
7906 1.6046195983886719e+02 9.5327102661132812e+01
7907 1.6046195983886719e+02 9.6261680603027344e+01
7908 1.6046195983886719e+02 9.7196258544921875e+01
7909 1.6046195983886719e+02 9.8130844116210938e+01
7910 1.6046195983886719e+02 9.9065422058105469e+01
7911 1.5951086425781250e+02 9.3457943201065063e-01
7912 1.5951086425781250e+02 1.8691588640213013e+00
7913 1.5951086425781250e+02 2.8037383556365967e+00
7914 1.5951086425781250e+02 3.7383177280426025e+00
7915 1.5951086425781250e+02 4.6728973388671875e+00
7916 1.5951086425781250e+02 5.6074767112731934e+00
7917 1.5951086425781250e+02 6.5420560836791992e+00
7918 1.5951086425781250e+02 7.4766354560852051e+00
7919 1.5951086425781250e+02 8.4112148284912109e+00
7920 1.5951086425781250e+02 9.3457946777343750e+00
7921 1.5951086425781250e+02 1.0280373573303223e+01
7922 1.5951086425781250e+02 1.1214953422546387e+01
7923 1.5951086425781250e+02 1.2149532318115234e+01
7924 1.5951086425781250e+02 1.3084112167358398e+01
7925 1.5951086425781250e+02 1.4018692016601562e+01
7926 1.5951086425781250e+02 1.4953270912170410e+01
7927 1.5951086425781250e+02 1.5887850761413574e+01
7928 1.5951086425781250e+02 1.6822429656982422e+01
7929 1.5951086425781250e+02 1.7757009506225586e+01
7930 1.5951086425781250e+02 1.8691589355468750e+01
7931 1.5951086425781250e+02 1.9626167297363281e+01
7932 1.5951086425781250e+02 2.0560747146606445e+01
7933 1.5951086425781250e+02 2.1495326995849609e+01
7934 1.5951086425781250e+02 2.2429906845092773e+01
7935 1.5951086425781250e+02 2.3364486694335938e+01
7936 1.5951086425781250e+02 2.4299064636230469e+01
7937 1.5951086425781250e+02 2.5233644485473633e+01
7938 1.5951086425781250e+02 2.6168224334716797e+01
7939 1.5951086425781250e+02 2.7102804183959961e+01
7940 1.5951086425781250e+02 2.8037384033203125e+01
7941 1.5951086425781250e+02 2.8971961975097656e+01
7942 1.5951086425781250e+02 2.9906541824340820e+01
7943 1.5951086425781250e+02 3.0841121673583984e+01
7944 1.5951086425781250e+02 3.1775701522827148e+01
7945 1.5951086425781250e+02 3.2710281372070312e+01
7946 1.5951086425781250e+02 3.3644859313964844e+01
7947 1.5951086425781250e+02 3.4579441070556641e+01
7948 1.5951086425781250e+02 3.5514019012451172e+01
7949 1.5951086425781250e+02 3.6448596954345703e+01
7950 1.5951086425781250e+02 3.7383178710937500e+01
7951 1.5951086425781250e+02 3.8317756652832031e+01
7952 1.5951086425781250e+02 3.9252334594726562e+01
7953 1.5951086425781250e+02 4.0186916351318359e+01
7954 1.5951086425781250e+02 4.1121494293212891e+01
7955 1.5951086425781250e+02 4.2056076049804688e+01
7956 1.5951086425781250e+02 4.2990653991699219e+01
7957 1.5951086425781250e+02 4.3925231933593750e+01
7958 1.5951086425781250e+02 4.4859813690185547e+01
7959 1.5951086425781250e+02 4.5794391632080078e+01
7960 1.5951086425781250e+02 4.6728973388671875e+01
7961 1.5951086425781250e+02 4.7663551330566406e+01
7962 1.5951086425781250e+02 4.8598129272460938e+01
7963 1.5951086425781250e+02 4.9532711029052734e+01
7964 1.5951086425781250e+02 5.0467288970947266e+01
7965 1.5951086425781250e+02 5.1401870727539062e+01
7966 1.5951086425781250e+02 5.2336448669433594e+01
7967 1.5951086425781250e+02 5.3271026611328125e+01
7968 1.5951086425781250e+02 5.4205608367919922e+01
7969 1.5951086425781250e+02 5.5140186309814453e+01
7970 1.5951086425781250e+02 5.6074768066406250e+01
7971 1.5951086425781250e+02 5.7009346008300781e+01
7972 1.5951086425781250e+02 5.7943923950195312e+01
7973 1.5951086425781250e+02 5.8878505706787109e+01
7974 1.5951086425781250e+02 5.9813083648681641e+01
7975 1.5951086425781250e+02 6.0747665405273438e+01
7976 1.5951086425781250e+02 6.1682243347167969e+01
7977 1.5951086425781250e+02 6.2616821289062500e+01
7978 1.5951086425781250e+02 6.3551403045654297e+01
7979 1.5951086425781250e+02 6.4485984802246094e+01
7980 1.5951086425781250e+02 6.5420562744140625e+01
7981 1.5951086425781250e+02 6.6355140686035156e+01
7982 1.5951086425781250e+02 6.7289718627929688e+01
7983 1.5951086425781250e+02 6.8224296569824219e+01
7984 1.5951086425781250e+02 6.9158882141113281e+01
7985 1.5951086425781250e+02 7.0093460083007812e+01
7986 1.5951086425781250e+02 7.1028038024902344e+01
7987 1.5951086425781250e+02 7.1962615966796875e+01
7988 1.5951086425781250e+02 7.2897193908691406e+01
7989 1.5951086425781250e+02 7.3831779479980469e+01
7990 1.5951086425781250e+02 7.4766357421875000e+01
7991 1.5951086425781250e+02 7.5700935363769531e+01
7992 1.5951086425781250e+02 7.6635513305664062e+01
7993 1.5951086425781250e+02 7.7570091247558594e+01
7994 1.5951086425781250e+02 7.8504669189453125e+01
7995 1.5951086425781250e+02 7.9439254760742188e+01
7996 1.5951086425781250e+02 8.0373832702636719e+01
7997 1.5951086425781250e+02 8.1308410644531250e+01
7998 1.5951086425781250e+02 8.2242988586425781e+01
7999 1.5951086425781250e+02 8.3177566528320312e+01
8000 1.5951086425781250e+02 8.4112152099609375e+01
8001 1.5951086425781250e+02 8.5046730041503906e+01
8002 1.5951086425781250e+02 8.5981307983398438e+01
8003 1.5951086425781250e+02 8.6915885925292969e+01
8004 1.5951086425781250e+02 8.7850463867187500e+01
8005 1.5951086425781250e+02 8.8785049438476562e+01
8006 1.5951086425781250e+02 8.9719627380371094e+01
8007 1.5951086425781250e+02 9.0654205322265625e+01
8008 1.5951086425781250e+02 9.1588783264160156e+01
8009 1.5951086425781250e+02 9.2523361206054688e+01
8010 1.5951086425781250e+02 9.3457946777343750e+01
8011 1.5951086425781250e+02 9.4392524719238281e+01
8012 1.5951086425781250e+02 9.5327102661132812e+01
8013 1.5951086425781250e+02 9.6261680603027344e+01
8014 1.5951086425781250e+02 9.7196258544921875e+01
8015 1.5951086425781250e+02 9.8130844116210938e+01
8016 1.5951086425781250e+02 9.9065422058105469e+01
8017 1.5855978393554688e+02 9.3457943201065063e-01
8018 1.5855978393554688e+02 1.8691588640213013e+00
8019 1.5855978393554688e+02 2.8037383556365967e+00
8020 1.5855978393554688e+02 3.7383177280426025e+00
8021 1.5855978393554688e+02 4.6728973388671875e+00
8022 1.5855978393554688e+02 5.6074767112731934e+00
8023 1.5855978393554688e+02 6.5420560836791992e+00
8024 1.5855978393554688e+02 7.4766354560852051e+00
8025 1.5855978393554688e+02 8.4112148284912109e+00
8026 1.5855978393554688e+02 9.3457946777343750e+00
8027 1.5855978393554688e+02 1.0280373573303223e+01
8028 1.5855978393554688e+02 1.1214953422546387e+01
8029 1.5855978393554688e+02 1.2149532318115234e+01
8030 1.5855978393554688e+02 1.3084112167358398e+01
8031 1.5855978393554688e+02 1.4018692016601562e+01
8032 1.5855978393554688e+02 1.4953270912170410e+01
8033 1.5855978393554688e+02 1.5887850761413574e+01
8034 1.5855978393554688e+02 1.6822429656982422e+01
8035 1.5855978393554688e+02 1.7757009506225586e+01
8036 1.5855978393554688e+02 1.8691589355468750e+01
8037 1.5855978393554688e+02 1.9626167297363281e+01
8038 1.5855978393554688e+02 2.0560747146606445e+01
8039 1.5855978393554688e+02 2.1495326995849609e+01
8040 1.5855978393554688e+02 2.2429906845092773e+01
8041 1.5855978393554688e+02 2.3364486694335938e+01
8042 1.5855978393554688e+02 2.4299064636230469e+01
8043 1.5855978393554688e+02 2.5233644485473633e+01
8044 1.5855978393554688e+02 2.6168224334716797e+01
8045 1.5855978393554688e+02 2.7102804183959961e+01
8046 1.5855978393554688e+02 2.8037384033203125e+01
8047 1.5855978393554688e+02 2.8971961975097656e+01
8048 1.5855978393554688e+02 2.9906541824340820e+01
8049 1.5855978393554688e+02 3.0841121673583984e+01
8050 1.5855978393554688e+02 3.1775701522827148e+01
8051 1.5855978393554688e+02 3.2710281372070312e+01
8052 1.5855978393554688e+02 3.3644859313964844e+01
8053 1.5855978393554688e+02 3.4579441070556641e+01
8054 1.5855978393554688e+02 3.5514019012451172e+01
8055 1.5855978393554688e+02 3.6448596954345703e+01
8056 1.5855978393554688e+02 3.7383178710937500e+01
8057 1.5855978393554688e+02 3.8317756652832031e+01
8058 1.5855978393554688e+02 3.9252334594726562e+01
8059 1.5855978393554688e+02 4.0186916351318359e+01
8060 1.5855978393554688e+02 4.1121494293212891e+01
8061 1.5855978393554688e+02 4.2056076049804688e+01
8062 1.5855978393554688e+02 4.2990653991699219e+01
8063 1.5855978393554688e+02 4.3925231933593750e+01
8064 1.5855978393554688e+02 4.4859813690185547e+01
8065 1.5855978393554688e+02 4.5794391632080078e+01
8066 1.5855978393554688e+02 4.6728973388671875e+01
8067 1.5855978393554688e+02 4.7663551330566406e+01
8068 1.5855978393554688e+02 4.8598129272460938e+01
8069 1.5855978393554688e+02 4.9532711029052734e+01
8070 1.5855978393554688e+02 5.0467288970947266e+01
8071 1.5855978393554688e+02 5.1401870727539062e+01
8072 1.5855978393554688e+02 5.2336448669433594e+01
8073 1.5855978393554688e+02 5.3271026611328125e+01
8074 1.5855978393554688e+02 5.4205608367919922e+01
8075 1.5855978393554688e+02 5.5140186309814453e+01
8076 1.5855978393554688e+02 5.6074768066406250e+01
8077 1.5855978393554688e+02 5.7009346008300781e+01
8078 1.5855978393554688e+02 5.7943923950195312e+01
8079 1.5855978393554688e+02 5.8878505706787109e+01
8080 1.5855978393554688e+02 5.9813083648681641e+01
8081 1.5855978393554688e+02 6.0747665405273438e+01
8082 1.5855978393554688e+02 6.1682243347167969e+01
8083 1.5855978393554688e+02 6.2616821289062500e+01
8084 1.5855978393554688e+02 6.3551403045654297e+01
8085 1.5855978393554688e+02 6.4485984802246094e+01
8086 1.5855978393554688e+02 6.5420562744140625e+01
8087 1.5855978393554688e+02 6.6355140686035156e+01
8088 1.5855978393554688e+02 6.7289718627929688e+01
8089 1.5855978393554688e+02 6.8224296569824219e+01
8090 1.5855978393554688e+02 6.9158882141113281e+01
8091 1.5855978393554688e+02 7.0093460083007812e+01
8092 1.5855978393554688e+02 7.1028038024902344e+01
8093 1.5855978393554688e+02 7.1962615966796875e+01
8094 1.5855978393554688e+02 7.2897193908691406e+01
8095 1.5855978393554688e+02 7.3831779479980469e+01
8096 1.5855978393554688e+02 7.4766357421875000e+01
8097 1.5855978393554688e+02 7.5700935363769531e+01
8098 1.5855978393554688e+02 7.6635513305664062e+01
8099 1.5855978393554688e+02 7.7570091247558594e+01
8100 1.5855978393554688e+02 7.8504669189453125e+01
8101 1.5855978393554688e+02 7.9439254760742188e+01
8102 1.5855978393554688e+02 8.0373832702636719e+01
8103 1.5855978393554688e+02 8.1308410644531250e+01
8104 1.5855978393554688e+02 8.2242988586425781e+01
8105 1.5855978393554688e+02 8.3177566528320312e+01
8106 1.5855978393554688e+02 8.4112152099609375e+01
8107 1.5855978393554688e+02 8.5046730041503906e+01
8108 1.5855978393554688e+02 8.5981307983398438e+01
8109 1.5855978393554688e+02 8.6915885925292969e+01
8110 1.5855978393554688e+02 8.7850463867187500e+01
8111 1.5855978393554688e+02 8.8785049438476562e+01
8112 1.5855978393554688e+02 8.9719627380371094e+01
8113 1.5855978393554688e+02 9.0654205322265625e+01
8114 1.5855978393554688e+02 9.1588783264160156e+01
8115 1.5855978393554688e+02 9.2523361206054688e+01
8116 1.5855978393554688e+02 9.3457946777343750e+01
8117 1.5855978393554688e+02 9.4392524719238281e+01
8118 1.5855978393554688e+02 9.5327102661132812e+01
8119 1.5855978393554688e+02 9.6261680603027344e+01
8120 1.5855978393554688e+02 9.7196258544921875e+01
8121 1.5855978393554688e+02 9.8130844116210938e+01
8122 1.5855978393554688e+02 9.9065422058105469e+01
8123 1.5760868835449219e+02 9.3457943201065063e-01
8124 1.5760868835449219e+02 1.8691588640213013e+00
8125 1.5760868835449219e+02 2.8037383556365967e+00
8126 1.5760868835449219e+02 3.7383177280426025e+00
8127 1.5760868835449219e+02 4.6728973388671875e+00
8128 1.5760868835449219e+02 5.6074767112731934e+00
8129 1.5760868835449219e+02 6.5420560836791992e+00
8130 1.5760868835449219e+02 7.4766354560852051e+00
8131 1.5760868835449219e+02 8.4112148284912109e+00
8132 1.5760868835449219e+02 9.3457946777343750e+00
8133 1.5760868835449219e+02 1.0280373573303223e+01
8134 1.5760868835449219e+02 1.1214953422546387e+01
8135 1.5760868835449219e+02 1.2149532318115234e+01
8136 1.5760868835449219e+02 1.3084112167358398e+01
8137 1.5760868835449219e+02 1.4018692016601562e+01
8138 1.5760868835449219e+02 1.4953270912170410e+01
8139 1.5760868835449219e+02 1.5887850761413574e+01
8140 1.5760868835449219e+02 1.6822429656982422e+01
8141 1.5760868835449219e+02 1.7757009506225586e+01
8142 1.5760868835449219e+02 1.8691589355468750e+01
8143 1.5760868835449219e+02 1.9626167297363281e+01
8144 1.5760868835449219e+02 2.0560747146606445e+01
8145 1.5760868835449219e+02 2.1495326995849609e+01
8146 1.5760868835449219e+02 2.2429906845092773e+01
8147 1.5760868835449219e+02 2.3364486694335938e+01
8148 1.5760868835449219e+02 2.4299064636230469e+01
8149 1.5760868835449219e+02 2.5233644485473633e+01
8150 1.5760868835449219e+02 2.6168224334716797e+01
8151 1.5760868835449219e+02 2.7102804183959961e+01
8152 1.5760868835449219e+02 2.8037384033203125e+01
8153 1.5760868835449219e+02 2.8971961975097656e+01
8154 1.5760868835449219e+02 2.9906541824340820e+01
8155 1.5760868835449219e+02 3.0841121673583984e+01
8156 1.5760868835449219e+02 3.1775701522827148e+01
8157 1.5760868835449219e+02 3.2710281372070312e+01
8158 1.5760868835449219e+02 3.3644859313964844e+01
8159 1.5760868835449219e+02 3.4579441070556641e+01
8160 1.5760868835449219e+02 3.5514019012451172e+01
8161 1.5760868835449219e+02 3.6448596954345703e+01
8162 1.5760868835449219e+02 3.7383178710937500e+01
8163 1.5760868835449219e+02 3.8317756652832031e+01
8164 1.5760868835449219e+02 3.9252334594726562e+01
8165 1.5760868835449219e+02 4.0186916351318359e+01
8166 1.5760868835449219e+02 4.1121494293212891e+01
8167 1.5760868835449219e+02 4.2056076049804688e+01
8168 1.5760868835449219e+02 4.2990653991699219e+01
8169 1.5760868835449219e+02 4.3925231933593750e+01
8170 1.5760868835449219e+02 4.4859813690185547e+01
8171 1.5760868835449219e+02 4.5794391632080078e+01
8172 1.5760868835449219e+02 4.6728973388671875e+01
8173 1.5760868835449219e+02 4.7663551330566406e+01
8174 1.5760868835449219e+02 4.8598129272460938e+01
8175 1.5760868835449219e+02 4.9532711029052734e+01
8176 1.5760868835449219e+02 5.0467288970947266e+01
8177 1.5760868835449219e+02 5.1401870727539062e+01
8178 1.5760868835449219e+02 5.2336448669433594e+01
8179 1.5760868835449219e+02 5.3271026611328125e+01
8180 1.5760868835449219e+02 5.4205608367919922e+01
8181 1.5760868835449219e+02 5.5140186309814453e+01
8182 1.5760868835449219e+02 5.6074768066406250e+01
8183 1.5760868835449219e+02 5.7009346008300781e+01
8184 1.5760868835449219e+02 5.7943923950195312e+01
8185 1.5760868835449219e+02 5.8878505706787109e+01
8186 1.5760868835449219e+02 5.9813083648681641e+01
8187 1.5760868835449219e+02 6.0747665405273438e+01
8188 1.5760868835449219e+02 6.1682243347167969e+01
8189 1.5760868835449219e+02 6.2616821289062500e+01
8190 1.5760868835449219e+02 6.3551403045654297e+01
8191 1.5760868835449219e+02 6.4485984802246094e+01
8192 1.5760868835449219e+02 6.5420562744140625e+01
8193 1.5760868835449219e+02 6.6355140686035156e+01
8194 1.5760868835449219e+02 6.7289718627929688e+01
8195 1.5760868835449219e+02 6.8224296569824219e+01
8196 1.5760868835449219e+02 6.9158882141113281e+01
8197 1.5760868835449219e+02 7.0093460083007812e+01
8198 1.5760868835449219e+02 7.1028038024902344e+01
8199 1.5760868835449219e+02 7.1962615966796875e+01
8200 1.5760868835449219e+02 7.2897193908691406e+01
8201 1.5760868835449219e+02 7.3831779479980469e+01
8202 1.5760868835449219e+02 7.4766357421875000e+01
8203 1.5760868835449219e+02 7.5700935363769531e+01
8204 1.5760868835449219e+02 7.6635513305664062e+01
8205 1.5760868835449219e+02 7.7570091247558594e+01
8206 1.5760868835449219e+02 7.8504669189453125e+01
8207 1.5760868835449219e+02 7.9439254760742188e+01
8208 1.5760868835449219e+02 8.0373832702636719e+01
8209 1.5760868835449219e+02 8.1308410644531250e+01
8210 1.5760868835449219e+02 8.2242988586425781e+01
8211 1.5760868835449219e+02 8.3177566528320312e+01
8212 1.5760868835449219e+02 8.4112152099609375e+01
8213 1.5760868835449219e+02 8.5046730041503906e+01
8214 1.5760868835449219e+02 8.5981307983398438e+01
8215 1.5760868835449219e+02 8.6915885925292969e+01
8216 1.5760868835449219e+02 8.7850463867187500e+01
8217 1.5760868835449219e+02 8.8785049438476562e+01
8218 1.5760868835449219e+02 8.9719627380371094e+01
8219 1.5760868835449219e+02 9.0654205322265625e+01
8220 1.5760868835449219e+02 9.1588783264160156e+01
8221 1.5760868835449219e+02 9.2523361206054688e+01
8222 1.5760868835449219e+02 9.3457946777343750e+01
8223 1.5760868835449219e+02 9.4392524719238281e+01
8224 1.5760868835449219e+02 9.5327102661132812e+01
8225 1.5760868835449219e+02 9.6261680603027344e+01
8226 1.5760868835449219e+02 9.7196258544921875e+01
8227 1.5760868835449219e+02 9.8130844116210938e+01
8228 1.5760868835449219e+02 9.9065422058105469e+01
8229 1.5665760803222656e+02 9.3457943201065063e-01
8230 1.5665760803222656e+02 1.8691588640213013e+00
8231 1.5665760803222656e+02 2.8037383556365967e+00
8232 1.5665760803222656e+02 3.7383177280426025e+00
8233 1.5665760803222656e+02 4.6728973388671875e+00
8234 1.5665760803222656e+02 5.6074767112731934e+00
8235 1.5665760803222656e+02 6.5420560836791992e+00
8236 1.5665760803222656e+02 7.4766354560852051e+00
8237 1.5665760803222656e+02 8.4112148284912109e+00
8238 1.5665760803222656e+02 9.3457946777343750e+00
8239 1.5665760803222656e+02 1.0280373573303223e+01
8240 1.5665760803222656e+02 1.1214953422546387e+01
8241 1.5665760803222656e+02 1.2149532318115234e+01
8242 1.5665760803222656e+02 1.3084112167358398e+01
8243 1.5665760803222656e+02 1.4018692016601562e+01
8244 1.5665760803222656e+02 1.4953270912170410e+01
8245 1.5665760803222656e+02 1.5887850761413574e+01
8246 1.5665760803222656e+02 1.6822429656982422e+01
8247 1.5665760803222656e+02 1.7757009506225586e+01
8248 1.5665760803222656e+02 1.8691589355468750e+01
8249 1.5665760803222656e+02 1.9626167297363281e+01
8250 1.5665760803222656e+02 2.0560747146606445e+01
8251 1.5665760803222656e+02 2.1495326995849609e+01
8252 1.5665760803222656e+02 2.2429906845092773e+01
8253 1.5665760803222656e+02 2.3364486694335938e+01
8254 1.5665760803222656e+02 2.4299064636230469e+01
8255 1.5665760803222656e+02 2.5233644485473633e+01
8256 1.5665760803222656e+02 2.6168224334716797e+01
8257 1.5665760803222656e+02 2.7102804183959961e+01
8258 1.5665760803222656e+02 2.8037384033203125e+01
8259 1.5665760803222656e+02 2.8971961975097656e+01
8260 1.5665760803222656e+02 2.9906541824340820e+01
8261 1.5665760803222656e+02 3.0841121673583984e+01
8262 1.5665760803222656e+02 3.1775701522827148e+01
8263 1.5665760803222656e+02 3.2710281372070312e+01
8264 1.5665760803222656e+02 3.3644859313964844e+01
8265 1.5665760803222656e+02 3.4579441070556641e+01
8266 1.5665760803222656e+02 3.5514019012451172e+01
8267 1.5665760803222656e+02 3.6448596954345703e+01
8268 1.5665760803222656e+02 3.7383178710937500e+01
8269 1.5665760803222656e+02 3.8317756652832031e+01
8270 1.5665760803222656e+02 3.9252334594726562e+01
8271 1.5665760803222656e+02 4.0186916351318359e+01
8272 1.5665760803222656e+02 4.1121494293212891e+01
8273 1.5665760803222656e+02 4.2056076049804688e+01
8274 1.5665760803222656e+02 4.2990653991699219e+01
8275 1.5665760803222656e+02 4.3925231933593750e+01
8276 1.5665760803222656e+02 4.4859813690185547e+01
8277 1.5665760803222656e+02 4.5794391632080078e+01
8278 1.5665760803222656e+02 4.6728973388671875e+01
8279 1.5665760803222656e+02 4.7663551330566406e+01
8280 1.5665760803222656e+02 4.8598129272460938e+01
8281 1.5665760803222656e+02 4.9532711029052734e+01
8282 1.5665760803222656e+02 5.0467288970947266e+01
8283 1.5665760803222656e+02 5.1401870727539062e+01
8284 1.5665760803222656e+02 5.2336448669433594e+01
8285 1.5665760803222656e+02 5.3271026611328125e+01
8286 1.5665760803222656e+02 5.4205608367919922e+01
8287 1.5665760803222656e+02 5.5140186309814453e+01
8288 1.5665760803222656e+02 5.6074768066406250e+01
8289 1.5665760803222656e+02 5.7009346008300781e+01
8290 1.5665760803222656e+02 5.7943923950195312e+01
8291 1.5665760803222656e+02 5.8878505706787109e+01
8292 1.5665760803222656e+02 5.9813083648681641e+01
8293 1.5665760803222656e+02 6.0747665405273438e+01
8294 1.5665760803222656e+02 6.1682243347167969e+01
8295 1.5665760803222656e+02 6.2616821289062500e+01
8296 1.5665760803222656e+02 6.3551403045654297e+01
8297 1.5665760803222656e+02 6.4485984802246094e+01
8298 1.5665760803222656e+02 6.5420562744140625e+01
8299 1.5665760803222656e+02 6.6355140686035156e+01
8300 1.5665760803222656e+02 6.7289718627929688e+01
8301 1.5665760803222656e+02 6.8224296569824219e+01
8302 1.5665760803222656e+02 6.9158882141113281e+01
8303 1.5665760803222656e+02 7.0093460083007812e+01
8304 1.5665760803222656e+02 7.1028038024902344e+01
8305 1.5665760803222656e+02 7.1962615966796875e+01
8306 1.5665760803222656e+02 7.2897193908691406e+01
8307 1.5665760803222656e+02 7.3831779479980469e+01
8308 1.5665760803222656e+02 7.4766357421875000e+01
8309 1.5665760803222656e+02 7.5700935363769531e+01
8310 1.5665760803222656e+02 7.6635513305664062e+01
8311 1.5665760803222656e+02 7.7570091247558594e+01
8312 1.5665760803222656e+02 7.8504669189453125e+01
8313 1.5665760803222656e+02 7.9439254760742188e+01
8314 1.5665760803222656e+02 8.0373832702636719e+01
8315 1.5665760803222656e+02 8.1308410644531250e+01
8316 1.5665760803222656e+02 8.2242988586425781e+01
8317 1.5665760803222656e+02 8.3177566528320312e+01
8318 1.5665760803222656e+02 8.4112152099609375e+01
8319 1.5665760803222656e+02 8.5046730041503906e+01
8320 1.5665760803222656e+02 8.5981307983398438e+01
8321 1.5665760803222656e+02 8.6915885925292969e+01
8322 1.5665760803222656e+02 8.7850463867187500e+01
8323 1.5665760803222656e+02 8.8785049438476562e+01
8324 1.5665760803222656e+02 8.9719627380371094e+01
8325 1.5665760803222656e+02 9.0654205322265625e+01
8326 1.5665760803222656e+02 9.1588783264160156e+01
8327 1.5665760803222656e+02 9.2523361206054688e+01
8328 1.5665760803222656e+02 9.3457946777343750e+01
8329 1.5665760803222656e+02 9.4392524719238281e+01
8330 1.5665760803222656e+02 9.5327102661132812e+01
8331 1.5665760803222656e+02 9.6261680603027344e+01
8332 1.5665760803222656e+02 9.7196258544921875e+01
8333 1.5665760803222656e+02 9.8130844116210938e+01
8334 1.5665760803222656e+02 9.9065422058105469e+01
8335 1.5570652770996094e+02 9.3457943201065063e-01
8336 1.5570652770996094e+02 1.8691588640213013e+00
8337 1.5570652770996094e+02 2.8037383556365967e+00
8338 1.5570652770996094e+02 3.7383177280426025e+00
8339 1.5570652770996094e+02 4.6728973388671875e+00
8340 1.5570652770996094e+02 5.6074767112731934e+00
8341 1.5570652770996094e+02 6.5420560836791992e+00
8342 1.5570652770996094e+02 7.4766354560852051e+00
8343 1.5570652770996094e+02 8.4112148284912109e+00
8344 1.5570652770996094e+02 9.3457946777343750e+00
8345 1.5570652770996094e+02 1.0280373573303223e+01
8346 1.5570652770996094e+02 1.1214953422546387e+01
8347 1.5570652770996094e+02 1.2149532318115234e+01
8348 1.5570652770996094e+02 1.3084112167358398e+01
8349 1.5570652770996094e+02 1.4018692016601562e+01
8350 1.5570652770996094e+02 1.4953270912170410e+01
8351 1.5570652770996094e+02 1.5887850761413574e+01
8352 1.5570652770996094e+02 1.6822429656982422e+01
8353 1.5570652770996094e+02 1.7757009506225586e+01
8354 1.5570652770996094e+02 1.8691589355468750e+01
8355 1.5570652770996094e+02 1.9626167297363281e+01
8356 1.5570652770996094e+02 2.0560747146606445e+01
8357 1.5570652770996094e+02 2.1495326995849609e+01
8358 1.5570652770996094e+02 2.2429906845092773e+01
8359 1.5570652770996094e+02 2.3364486694335938e+01
8360 1.5570652770996094e+02 2.4299064636230469e+01
8361 1.5570652770996094e+02 2.5233644485473633e+01
8362 1.5570652770996094e+02 2.6168224334716797e+01
8363 1.5570652770996094e+02 2.7102804183959961e+01
8364 1.5570652770996094e+02 2.8037384033203125e+01
8365 1.5570652770996094e+02 2.8971961975097656e+01
8366 1.5570652770996094e+02 2.9906541824340820e+01
8367 1.5570652770996094e+02 3.0841121673583984e+01
8368 1.5570652770996094e+02 3.1775701522827148e+01
8369 1.5570652770996094e+02 3.2710281372070312e+01
8370 1.5570652770996094e+02 3.3644859313964844e+01
8371 1.5570652770996094e+02 3.4579441070556641e+01
8372 1.5570652770996094e+02 3.5514019012451172e+01
8373 1.5570652770996094e+02 3.6448596954345703e+01
8374 1.5570652770996094e+02 3.7383178710937500e+01
8375 1.5570652770996094e+02 3.8317756652832031e+01
8376 1.5570652770996094e+02 3.9252334594726562e+01
8377 1.5570652770996094e+02 4.0186916351318359e+01
8378 1.5570652770996094e+02 4.1121494293212891e+01
8379 1.5570652770996094e+02 4.2056076049804688e+01
8380 1.5570652770996094e+02 4.2990653991699219e+01
8381 1.5570652770996094e+02 4.3925231933593750e+01
8382 1.5570652770996094e+02 4.4859813690185547e+01
8383 1.5570652770996094e+02 4.5794391632080078e+01
8384 1.5570652770996094e+02 4.6728973388671875e+01
8385 1.5570652770996094e+02 4.7663551330566406e+01
8386 1.5570652770996094e+02 4.8598129272460938e+01
8387 1.5570652770996094e+02 4.9532711029052734e+01
8388 1.5570652770996094e+02 5.0467288970947266e+01
8389 1.5570652770996094e+02 5.1401870727539062e+01
8390 1.5570652770996094e+02 5.2336448669433594e+01
8391 1.5570652770996094e+02 5.3271026611328125e+01
8392 1.5570652770996094e+02 5.4205608367919922e+01
8393 1.5570652770996094e+02 5.5140186309814453e+01
8394 1.5570652770996094e+02 5.6074768066406250e+01
8395 1.5570652770996094e+02 5.7009346008300781e+01
8396 1.5570652770996094e+02 5.7943923950195312e+01
8397 1.5570652770996094e+02 5.8878505706787109e+01
8398 1.5570652770996094e+02 5.9813083648681641e+01
8399 1.5570652770996094e+02 6.0747665405273438e+01
8400 1.5570652770996094e+02 6.1682243347167969e+01
8401 1.5570652770996094e+02 6.2616821289062500e+01
8402 1.5570652770996094e+02 6.3551403045654297e+01
8403 1.5570652770996094e+02 6.4485984802246094e+01
8404 1.5570652770996094e+02 6.5420562744140625e+01
8405 1.5570652770996094e+02 6.6355140686035156e+01
8406 1.5570652770996094e+02 6.7289718627929688e+01
8407 1.5570652770996094e+02 6.8224296569824219e+01
8408 1.5570652770996094e+02 6.9158882141113281e+01
8409 1.5570652770996094e+02 7.0093460083007812e+01
8410 1.5570652770996094e+02 7.1028038024902344e+01
8411 1.5570652770996094e+02 7.1962615966796875e+01
8412 1.5570652770996094e+02 7.2897193908691406e+01
8413 1.5570652770996094e+02 7.3831779479980469e+01
8414 1.5570652770996094e+02 7.4766357421875000e+01
8415 1.5570652770996094e+02 7.5700935363769531e+01
8416 1.5570652770996094e+02 7.6635513305664062e+01
8417 1.5570652770996094e+02 7.7570091247558594e+01
8418 1.5570652770996094e+02 7.8504669189453125e+01
8419 1.5570652770996094e+02 7.9439254760742188e+01
8420 1.5570652770996094e+02 8.0373832702636719e+01
8421 1.5570652770996094e+02 8.1308410644531250e+01
8422 1.5570652770996094e+02 8.2242988586425781e+01
8423 1.5570652770996094e+02 8.3177566528320312e+01
8424 1.5570652770996094e+02 8.4112152099609375e+01
8425 1.5570652770996094e+02 8.5046730041503906e+01
8426 1.5570652770996094e+02 8.5981307983398438e+01
8427 1.5570652770996094e+02 8.6915885925292969e+01
8428 1.5570652770996094e+02 8.7850463867187500e+01
8429 1.5570652770996094e+02 8.8785049438476562e+01
8430 1.5570652770996094e+02 8.9719627380371094e+01
8431 1.5570652770996094e+02 9.0654205322265625e+01
8432 1.5570652770996094e+02 9.1588783264160156e+01
8433 1.5570652770996094e+02 9.2523361206054688e+01
8434 1.5570652770996094e+02 9.3457946777343750e+01
8435 1.5570652770996094e+02 9.4392524719238281e+01
8436 1.5570652770996094e+02 9.5327102661132812e+01
8437 1.5570652770996094e+02 9.6261680603027344e+01
8438 1.5570652770996094e+02 9.7196258544921875e+01
8439 1.5570652770996094e+02 9.8130844116210938e+01
8440 1.5570652770996094e+02 9.9065422058105469e+01
8441 1.5475543212890625e+02 9.3457943201065063e-01
8442 1.5475543212890625e+02 1.8691588640213013e+00
8443 1.5475543212890625e+02 2.8037383556365967e+00
8444 1.5475543212890625e+02 3.7383177280426025e+00
8445 1.5475543212890625e+02 4.6728973388671875e+00
8446 1.5475543212890625e+02 5.6074767112731934e+00
8447 1.5475543212890625e+02 6.5420560836791992e+00
8448 1.5475543212890625e+02 7.4766354560852051e+00
8449 1.5475543212890625e+02 8.4112148284912109e+00
8450 1.5475543212890625e+02 9.3457946777343750e+00
8451 1.5475543212890625e+02 1.0280373573303223e+01
8452 1.5475543212890625e+02 1.1214953422546387e+01
8453 1.5475543212890625e+02 1.2149532318115234e+01
8454 1.5475543212890625e+02 1.3084112167358398e+01
8455 1.5475543212890625e+02 1.4018692016601562e+01
8456 1.5475543212890625e+02 1.4953270912170410e+01
8457 1.5475543212890625e+02 1.5887850761413574e+01
8458 1.5475543212890625e+02 1.6822429656982422e+01
8459 1.5475543212890625e+02 1.7757009506225586e+01
8460 1.5475543212890625e+02 1.8691589355468750e+01
8461 1.5475543212890625e+02 1.9626167297363281e+01
8462 1.5475543212890625e+02 2.0560747146606445e+01
8463 1.5475543212890625e+02 2.1495326995849609e+01
8464 1.5475543212890625e+02 2.2429906845092773e+01
8465 1.5475543212890625e+02 2.3364486694335938e+01
8466 1.5475543212890625e+02 2.4299064636230469e+01
8467 1.5475543212890625e+02 2.5233644485473633e+01
8468 1.5475543212890625e+02 2.6168224334716797e+01
8469 1.5475543212890625e+02 2.7102804183959961e+01
8470 1.5475543212890625e+02 2.8037384033203125e+01
8471 1.5475543212890625e+02 2.8971961975097656e+01
8472 1.5475543212890625e+02 2.9906541824340820e+01
8473 1.5475543212890625e+02 3.0841121673583984e+01
8474 1.5475543212890625e+02 3.1775701522827148e+01
8475 1.5475543212890625e+02 3.2710281372070312e+01
8476 1.5475543212890625e+02 3.3644859313964844e+01
8477 1.5475543212890625e+02 3.4579441070556641e+01
8478 1.5475543212890625e+02 3.5514019012451172e+01
8479 1.5475543212890625e+02 3.6448596954345703e+01
8480 1.5475543212890625e+02 3.7383178710937500e+01
8481 1.5475543212890625e+02 3.8317756652832031e+01
8482 1.5475543212890625e+02 3.9252334594726562e+01
8483 1.5475543212890625e+02 4.0186916351318359e+01
8484 1.5475543212890625e+02 4.1121494293212891e+01
8485 1.5475543212890625e+02 4.2056076049804688e+01
8486 1.5475543212890625e+02 4.2990653991699219e+01
8487 1.5475543212890625e+02 4.3925231933593750e+01
8488 1.5475543212890625e+02 4.4859813690185547e+01
8489 1.5475543212890625e+02 4.5794391632080078e+01
8490 1.5475543212890625e+02 4.6728973388671875e+01
8491 1.5475543212890625e+02 4.7663551330566406e+01
8492 1.5475543212890625e+02 4.8598129272460938e+01
8493 1.5475543212890625e+02 4.9532711029052734e+01
8494 1.5475543212890625e+02 5.0467288970947266e+01
8495 1.5475543212890625e+02 5.1401870727539062e+01
8496 1.5475543212890625e+02 5.2336448669433594e+01
8497 1.5475543212890625e+02 5.3271026611328125e+01
8498 1.5475543212890625e+02 5.4205608367919922e+01
8499 1.5475543212890625e+02 5.5140186309814453e+01
8500 1.5475543212890625e+02 5.6074768066406250e+01
8501 1.5475543212890625e+02 5.7009346008300781e+01
8502 1.5475543212890625e+02 5.7943923950195312e+01
8503 1.5475543212890625e+02 5.8878505706787109e+01
8504 1.5475543212890625e+02 5.9813083648681641e+01
8505 1.5475543212890625e+02 6.0747665405273438e+01
8506 1.5475543212890625e+02 6.1682243347167969e+01
8507 1.5475543212890625e+02 6.2616821289062500e+01
8508 1.5475543212890625e+02 6.3551403045654297e+01
8509 1.5475543212890625e+02 6.4485984802246094e+01
8510 1.5475543212890625e+02 6.5420562744140625e+01
8511 1.5475543212890625e+02 6.6355140686035156e+01
8512 1.5475543212890625e+02 6.7289718627929688e+01
8513 1.5475543212890625e+02 6.8224296569824219e+01
8514 1.5475543212890625e+02 6.9158882141113281e+01
8515 1.5475543212890625e+02 7.0093460083007812e+01
8516 1.5475543212890625e+02 7.1028038024902344e+01
8517 1.5475543212890625e+02 7.1962615966796875e+01
8518 1.5475543212890625e+02 7.2897193908691406e+01
8519 1.5475543212890625e+02 7.3831779479980469e+01
8520 1.5475543212890625e+02 7.4766357421875000e+01
8521 1.5475543212890625e+02 7.5700935363769531e+01
8522 1.5475543212890625e+02 7.6635513305664062e+01
8523 1.5475543212890625e+02 7.7570091247558594e+01
8524 1.5475543212890625e+02 7.8504669189453125e+01
8525 1.5475543212890625e+02 7.9439254760742188e+01
8526 1.5475543212890625e+02 8.0373832702636719e+01
8527 1.5475543212890625e+02 8.1308410644531250e+01
8528 1.5475543212890625e+02 8.2242988586425781e+01
8529 1.5475543212890625e+02 8.3177566528320312e+01
8530 1.5475543212890625e+02 8.4112152099609375e+01
8531 1.5475543212890625e+02 8.5046730041503906e+01
8532 1.5475543212890625e+02 8.5981307983398438e+01
8533 1.5475543212890625e+02 8.6915885925292969e+01
8534 1.5475543212890625e+02 8.7850463867187500e+01
8535 1.5475543212890625e+02 8.8785049438476562e+01
8536 1.5475543212890625e+02 8.9719627380371094e+01
8537 1.5475543212890625e+02 9.0654205322265625e+01
8538 1.5475543212890625e+02 9.1588783264160156e+01
8539 1.5475543212890625e+02 9.2523361206054688e+01
8540 1.5475543212890625e+02 9.3457946777343750e+01
8541 1.5475543212890625e+02 9.4392524719238281e+01
8542 1.5475543212890625e+02 9.5327102661132812e+01
8543 1.5475543212890625e+02 9.6261680603027344e+01
8544 1.5475543212890625e+02 9.7196258544921875e+01
8545 1.5475543212890625e+02 9.8130844116210938e+01
8546 1.5475543212890625e+02 9.9065422058105469e+01
8547 1.5380435180664062e+02 9.3457943201065063e-01
8548 1.5380435180664062e+02 1.8691588640213013e+00
8549 1.5380435180664062e+02 2.8037383556365967e+00
8550 1.5380435180664062e+02 3.7383177280426025e+00
8551 1.5380435180664062e+02 4.6728973388671875e+00
8552 1.5380435180664062e+02 5.6074767112731934e+00
8553 1.5380435180664062e+02 6.5420560836791992e+00
8554 1.5380435180664062e+02 7.4766354560852051e+00
8555 1.5380435180664062e+02 8.4112148284912109e+00
8556 1.5380435180664062e+02 9.3457946777343750e+00
8557 1.5380435180664062e+02 1.0280373573303223e+01
8558 1.5380435180664062e+02 1.1214953422546387e+01
8559 1.5380435180664062e+02 1.2149532318115234e+01
8560 1.5380435180664062e+02 1.3084112167358398e+01
8561 1.5380435180664062e+02 1.4018692016601562e+01
8562 1.5380435180664062e+02 1.4953270912170410e+01
8563 1.5380435180664062e+02 1.5887850761413574e+01
8564 1.5380435180664062e+02 1.6822429656982422e+01
8565 1.5380435180664062e+02 1.7757009506225586e+01
8566 1.5380435180664062e+02 1.8691589355468750e+01
8567 1.5380435180664062e+02 1.9626167297363281e+01
8568 1.5380435180664062e+02 2.0560747146606445e+01
8569 1.5380435180664062e+02 2.1495326995849609e+01
8570 1.5380435180664062e+02 2.2429906845092773e+01
8571 1.5380435180664062e+02 2.3364486694335938e+01
8572 1.5380435180664062e+02 2.4299064636230469e+01
8573 1.5380435180664062e+02 2.5233644485473633e+01
8574 1.5380435180664062e+02 2.6168224334716797e+01
8575 1.5380435180664062e+02 2.7102804183959961e+01
8576 1.5380435180664062e+02 2.8037384033203125e+01
8577 1.5380435180664062e+02 2.8971961975097656e+01
8578 1.5380435180664062e+02 2.9906541824340820e+01
8579 1.5380435180664062e+02 3.0841121673583984e+01
8580 1.5380435180664062e+02 3.1775701522827148e+01
8581 1.5380435180664062e+02 3.2710281372070312e+01
8582 1.5380435180664062e+02 3.3644859313964844e+01
8583 1.5380435180664062e+02 3.4579441070556641e+01
8584 1.5380435180664062e+02 3.5514019012451172e+01
8585 1.5380435180664062e+02 3.6448596954345703e+01
8586 1.5380435180664062e+02 3.7383178710937500e+01
8587 1.5380435180664062e+02 3.8317756652832031e+01
8588 1.5380435180664062e+02 3.9252334594726562e+01
8589 1.5380435180664062e+02 4.0186916351318359e+01
8590 1.5380435180664062e+02 4.1121494293212891e+01
8591 1.5380435180664062e+02 4.2056076049804688e+01
8592 1.5380435180664062e+02 4.2990653991699219e+01
8593 1.5380435180664062e+02 4.3925231933593750e+01
8594 1.5380435180664062e+02 4.4859813690185547e+01
8595 1.5380435180664062e+02 4.5794391632080078e+01
8596 1.5380435180664062e+02 4.6728973388671875e+01
8597 1.5380435180664062e+02 4.7663551330566406e+01
8598 1.5380435180664062e+02 4.8598129272460938e+01
8599 1.5380435180664062e+02 4.9532711029052734e+01
8600 1.5380435180664062e+02 5.0467288970947266e+01
8601 1.5380435180664062e+02 5.1401870727539062e+01
8602 1.5380435180664062e+02 5.2336448669433594e+01
8603 1.5380435180664062e+02 5.3271026611328125e+01
8604 1.5380435180664062e+02 5.4205608367919922e+01
8605 1.5380435180664062e+02 5.5140186309814453e+01
8606 1.5380435180664062e+02 5.6074768066406250e+01
8607 1.5380435180664062e+02 5.7009346008300781e+01
8608 1.5380435180664062e+02 5.7943923950195312e+01
8609 1.5380435180664062e+02 5.8878505706787109e+01
8610 1.5380435180664062e+02 5.9813083648681641e+01
8611 1.5380435180664062e+02 6.0747665405273438e+01
8612 1.5380435180664062e+02 6.1682243347167969e+01
8613 1.5380435180664062e+02 6.2616821289062500e+01
8614 1.5380435180664062e+02 6.3551403045654297e+01
8615 1.5380435180664062e+02 6.4485984802246094e+01
8616 1.5380435180664062e+02 6.5420562744140625e+01
8617 1.5380435180664062e+02 6.6355140686035156e+01
8618 1.5380435180664062e+02 6.7289718627929688e+01
8619 1.5380435180664062e+02 6.8224296569824219e+01
8620 1.5380435180664062e+02 6.9158882141113281e+01
8621 1.5380435180664062e+02 7.0093460083007812e+01
8622 1.5380435180664062e+02 7.1028038024902344e+01
8623 1.5380435180664062e+02 7.1962615966796875e+01
8624 1.5380435180664062e+02 7.2897193908691406e+01
8625 1.5380435180664062e+02 7.3831779479980469e+01
8626 1.5380435180664062e+02 7.4766357421875000e+01
8627 1.5380435180664062e+02 7.5700935363769531e+01
8628 1.5380435180664062e+02 7.6635513305664062e+01
8629 1.5380435180664062e+02 7.7570091247558594e+01
8630 1.5380435180664062e+02 7.8504669189453125e+01
8631 1.5380435180664062e+02 7.9439254760742188e+01
8632 1.5380435180664062e+02 8.0373832702636719e+01
8633 1.5380435180664062e+02 8.1308410644531250e+01
8634 1.5380435180664062e+02 8.2242988586425781e+01
8635 1.5380435180664062e+02 8.3177566528320312e+01
8636 1.5380435180664062e+02 8.4112152099609375e+01
8637 1.5380435180664062e+02 8.5046730041503906e+01
8638 1.5380435180664062e+02 8.5981307983398438e+01
8639 1.5380435180664062e+02 8.6915885925292969e+01
8640 1.5380435180664062e+02 8.7850463867187500e+01
8641 1.5380435180664062e+02 8.8785049438476562e+01
8642 1.5380435180664062e+02 8.9719627380371094e+01
8643 1.5380435180664062e+02 9.0654205322265625e+01
8644 1.5380435180664062e+02 9.1588783264160156e+01
8645 1.5380435180664062e+02 9.2523361206054688e+01
8646 1.5380435180664062e+02 9.3457946777343750e+01
8647 1.5380435180664062e+02 9.4392524719238281e+01
8648 1.5380435180664062e+02 9.5327102661132812e+01
8649 1.5380435180664062e+02 9.6261680603027344e+01
8650 1.5380435180664062e+02 9.7196258544921875e+01
8651 1.5380435180664062e+02 9.8130844116210938e+01
8652 1.5380435180664062e+02 9.9065422058105469e+01
8653 1.5285325622558594e+02 9.3457943201065063e-01
8654 1.5285325622558594e+02 1.8691588640213013e+00
8655 1.5285325622558594e+02 2.8037383556365967e+00
8656 1.5285325622558594e+02 3.7383177280426025e+00
8657 1.5285325622558594e+02 4.6728973388671875e+00
8658 1.5285325622558594e+02 5.6074767112731934e+00
8659 1.5285325622558594e+02 6.5420560836791992e+00
8660 1.5285325622558594e+02 7.4766354560852051e+00
8661 1.5285325622558594e+02 8.4112148284912109e+00
8662 1.5285325622558594e+02 9.3457946777343750e+00
8663 1.5285325622558594e+02 1.0280373573303223e+01
8664 1.5285325622558594e+02 1.1214953422546387e+01
8665 1.5285325622558594e+02 1.2149532318115234e+01
8666 1.5285325622558594e+02 1.3084112167358398e+01
8667 1.5285325622558594e+02 1.4018692016601562e+01
8668 1.5285325622558594e+02 1.4953270912170410e+01
8669 1.5285325622558594e+02 1.5887850761413574e+01
8670 1.5285325622558594e+02 1.6822429656982422e+01
8671 1.5285325622558594e+02 1.7757009506225586e+01
8672 1.5285325622558594e+02 1.8691589355468750e+01
8673 1.5285325622558594e+02 1.9626167297363281e+01
8674 1.5285325622558594e+02 2.0560747146606445e+01
8675 1.5285325622558594e+02 2.1495326995849609e+01
8676 1.5285325622558594e+02 2.2429906845092773e+01
8677 1.5285325622558594e+02 2.3364486694335938e+01
8678 1.5285325622558594e+02 2.4299064636230469e+01
8679 1.5285325622558594e+02 2.5233644485473633e+01
8680 1.5285325622558594e+02 2.6168224334716797e+01
8681 1.5285325622558594e+02 2.7102804183959961e+01
8682 1.5285325622558594e+02 2.8037384033203125e+01
8683 1.5285325622558594e+02 2.8971961975097656e+01
8684 1.5285325622558594e+02 2.9906541824340820e+01
8685 1.5285325622558594e+02 3.0841121673583984e+01
8686 1.5285325622558594e+02 3.1775701522827148e+01
8687 1.5285325622558594e+02 3.2710281372070312e+01
8688 1.5285325622558594e+02 3.3644859313964844e+01
8689 1.5285325622558594e+02 3.4579441070556641e+01
8690 1.5285325622558594e+02 3.5514019012451172e+01
8691 1.5285325622558594e+02 3.6448596954345703e+01
8692 1.5285325622558594e+02 3.7383178710937500e+01
8693 1.5285325622558594e+02 3.8317756652832031e+01
8694 1.5285325622558594e+02 3.9252334594726562e+01
8695 1.5285325622558594e+02 4.0186916351318359e+01
8696 1.5285325622558594e+02 4.1121494293212891e+01
8697 1.5285325622558594e+02 4.2056076049804688e+01
8698 1.5285325622558594e+02 4.2990653991699219e+01
8699 1.5285325622558594e+02 4.3925231933593750e+01
8700 1.5285325622558594e+02 4.4859813690185547e+01
8701 1.5285325622558594e+02 4.5794391632080078e+01
8702 1.5285325622558594e+02 4.6728973388671875e+01
8703 1.5285325622558594e+02 4.7663551330566406e+01
8704 1.5285325622558594e+02 4.8598129272460938e+01
8705 1.5285325622558594e+02 4.9532711029052734e+01
8706 1.5285325622558594e+02 5.0467288970947266e+01
8707 1.5285325622558594e+02 5.1401870727539062e+01
8708 1.5285325622558594e+02 5.2336448669433594e+01
8709 1.5285325622558594e+02 5.3271026611328125e+01
8710 1.5285325622558594e+02 5.4205608367919922e+01
8711 1.5285325622558594e+02 5.5140186309814453e+01
8712 1.5285325622558594e+02 5.6074768066406250e+01
8713 1.5285325622558594e+02 5.7009346008300781e+01
8714 1.5285325622558594e+02 5.7943923950195312e+01
8715 1.5285325622558594e+02 5.8878505706787109e+01
8716 1.5285325622558594e+02 5.9813083648681641e+01
8717 1.5285325622558594e+02 6.0747665405273438e+01
8718 1.5285325622558594e+02 6.1682243347167969e+01
8719 1.5285325622558594e+02 6.2616821289062500e+01
8720 1.5285325622558594e+02 6.3551403045654297e+01
8721 1.5285325622558594e+02 6.4485984802246094e+01
8722 1.5285325622558594e+02 6.5420562744140625e+01
8723 1.5285325622558594e+02 6.6355140686035156e+01
8724 1.5285325622558594e+02 6.7289718627929688e+01
8725 1.5285325622558594e+02 6.8224296569824219e+01
8726 1.5285325622558594e+02 6.9158882141113281e+01
8727 1.5285325622558594e+02 7.0093460083007812e+01
8728 1.5285325622558594e+02 7.1028038024902344e+01
8729 1.5285325622558594e+02 7.1962615966796875e+01
8730 1.5285325622558594e+02 7.2897193908691406e+01
8731 1.5285325622558594e+02 7.3831779479980469e+01
8732 1.5285325622558594e+02 7.4766357421875000e+01
8733 1.5285325622558594e+02 7.5700935363769531e+01
8734 1.5285325622558594e+02 7.6635513305664062e+01
8735 1.5285325622558594e+02 7.7570091247558594e+01
8736 1.5285325622558594e+02 7.8504669189453125e+01
8737 1.5285325622558594e+02 7.9439254760742188e+01
8738 1.5285325622558594e+02 8.0373832702636719e+01
8739 1.5285325622558594e+02 8.1308410644531250e+01
8740 1.5285325622558594e+02 8.2242988586425781e+01
8741 1.5285325622558594e+02 8.3177566528320312e+01
8742 1.5285325622558594e+02 8.4112152099609375e+01
8743 1.5285325622558594e+02 8.5046730041503906e+01
8744 1.5285325622558594e+02 8.5981307983398438e+01
8745 1.5285325622558594e+02 8.6915885925292969e+01
8746 1.5285325622558594e+02 8.7850463867187500e+01
8747 1.5285325622558594e+02 8.8785049438476562e+01
8748 1.5285325622558594e+02 8.9719627380371094e+01
8749 1.5285325622558594e+02 9.0654205322265625e+01
8750 1.5285325622558594e+02 9.1588783264160156e+01
8751 1.5285325622558594e+02 9.2523361206054688e+01
8752 1.5285325622558594e+02 9.3457946777343750e+01
8753 1.5285325622558594e+02 9.4392524719238281e+01
8754 1.5285325622558594e+02 9.5327102661132812e+01
8755 1.5285325622558594e+02 9.6261680603027344e+01
8756 1.5285325622558594e+02 9.7196258544921875e+01
8757 1.5285325622558594e+02 9.8130844116210938e+01
8758 1.5285325622558594e+02 9.9065422058105469e+01
8759 1.5190217590332031e+02 9.3457943201065063e-01
8760 1.5190217590332031e+02 1.8691588640213013e+00
8761 1.5190217590332031e+02 2.8037383556365967e+00
8762 1.5190217590332031e+02 3.7383177280426025e+00
8763 1.5190217590332031e+02 4.6728973388671875e+00
8764 1.5190217590332031e+02 5.6074767112731934e+00
8765 1.5190217590332031e+02 6.5420560836791992e+00
8766 1.5190217590332031e+02 7.4766354560852051e+00
8767 1.5190217590332031e+02 8.4112148284912109e+00
8768 1.5190217590332031e+02 9.3457946777343750e+00
8769 1.5190217590332031e+02 1.0280373573303223e+01
8770 1.5190217590332031e+02 1.1214953422546387e+01
8771 1.5190217590332031e+02 1.2149532318115234e+01
8772 1.5190217590332031e+02 1.3084112167358398e+01
8773 1.5190217590332031e+02 1.4018692016601562e+01
8774 1.5190217590332031e+02 1.4953270912170410e+01
8775 1.5190217590332031e+02 1.5887850761413574e+01
8776 1.5190217590332031e+02 1.6822429656982422e+01
8777 1.5190217590332031e+02 1.7757009506225586e+01
8778 1.5190217590332031e+02 1.8691589355468750e+01
8779 1.5190217590332031e+02 1.9626167297363281e+01
8780 1.5190217590332031e+02 2.0560747146606445e+01
8781 1.5190217590332031e+02 2.1495326995849609e+01
8782 1.5190217590332031e+02 2.2429906845092773e+01
8783 1.5190217590332031e+02 2.3364486694335938e+01
8784 1.5190217590332031e+02 2.4299064636230469e+01
8785 1.5190217590332031e+02 2.5233644485473633e+01
8786 1.5190217590332031e+02 2.6168224334716797e+01
8787 1.5190217590332031e+02 2.7102804183959961e+01
8788 1.5190217590332031e+02 2.8037384033203125e+01
8789 1.5190217590332031e+02 2.8971961975097656e+01
8790 1.5190217590332031e+02 2.9906541824340820e+01
8791 1.5190217590332031e+02 3.0841121673583984e+01
8792 1.5190217590332031e+02 3.1775701522827148e+01
8793 1.5190217590332031e+02 3.2710281372070312e+01
8794 1.5190217590332031e+02 3.3644859313964844e+01
8795 1.5190217590332031e+02 3.4579441070556641e+01
8796 1.5190217590332031e+02 3.5514019012451172e+01
8797 1.5190217590332031e+02 3.6448596954345703e+01
8798 1.5190217590332031e+02 3.7383178710937500e+01
8799 1.5190217590332031e+02 3.8317756652832031e+01
8800 1.5190217590332031e+02 3.9252334594726562e+01
8801 1.5190217590332031e+02 4.0186916351318359e+01
8802 1.5190217590332031e+02 4.1121494293212891e+01
8803 1.5190217590332031e+02 4.2056076049804688e+01
8804 1.5190217590332031e+02 4.2990653991699219e+01
8805 1.5190217590332031e+02 4.3925231933593750e+01
8806 1.5190217590332031e+02 4.4859813690185547e+01
8807 1.5190217590332031e+02 4.5794391632080078e+01
8808 1.5190217590332031e+02 4.6728973388671875e+01
8809 1.5190217590332031e+02 4.7663551330566406e+01
8810 1.5190217590332031e+02 4.8598129272460938e+01
8811 1.5190217590332031e+02 4.9532711029052734e+01
8812 1.5190217590332031e+02 5.0467288970947266e+01
8813 1.5190217590332031e+02 5.1401870727539062e+01
8814 1.5190217590332031e+02 5.2336448669433594e+01
8815 1.5190217590332031e+02 5.3271026611328125e+01
8816 1.5190217590332031e+02 5.4205608367919922e+01
8817 1.5190217590332031e+02 5.5140186309814453e+01
8818 1.5190217590332031e+02 5.6074768066406250e+01
8819 1.5190217590332031e+02 5.7009346008300781e+01
8820 1.5190217590332031e+02 5.7943923950195312e+01
8821 1.5190217590332031e+02 5.8878505706787109e+01
8822 1.5190217590332031e+02 5.9813083648681641e+01
8823 1.5190217590332031e+02 6.0747665405273438e+01
8824 1.5190217590332031e+02 6.1682243347167969e+01
8825 1.5190217590332031e+02 6.2616821289062500e+01
8826 1.5190217590332031e+02 6.3551403045654297e+01
8827 1.5190217590332031e+02 6.4485984802246094e+01
8828 1.5190217590332031e+02 6.5420562744140625e+01
8829 1.5190217590332031e+02 6.6355140686035156e+01
8830 1.5190217590332031e+02 6.7289718627929688e+01
8831 1.5190217590332031e+02 6.8224296569824219e+01
8832 1.5190217590332031e+02 6.9158882141113281e+01
8833 1.5190217590332031e+02 7.0093460083007812e+01
8834 1.5190217590332031e+02 7.1028038024902344e+01
8835 1.5190217590332031e+02 7.1962615966796875e+01
8836 1.5190217590332031e+02 7.2897193908691406e+01
8837 1.5190217590332031e+02 7.3831779479980469e+01
8838 1.5190217590332031e+02 7.4766357421875000e+01
8839 1.5190217590332031e+02 7.5700935363769531e+01
8840 1.5190217590332031e+02 7.6635513305664062e+01
8841 1.5190217590332031e+02 7.7570091247558594e+01
8842 1.5190217590332031e+02 7.8504669189453125e+01
8843 1.5190217590332031e+02 7.9439254760742188e+01
8844 1.5190217590332031e+02 8.0373832702636719e+01
8845 1.5190217590332031e+02 8.1308410644531250e+01
8846 1.5190217590332031e+02 8.2242988586425781e+01
8847 1.5190217590332031e+02 8.3177566528320312e+01
8848 1.5190217590332031e+02 8.4112152099609375e+01
8849 1.5190217590332031e+02 8.5046730041503906e+01
8850 1.5190217590332031e+02 8.5981307983398438e+01
8851 1.5190217590332031e+02 8.6915885925292969e+01
8852 1.5190217590332031e+02 8.7850463867187500e+01
8853 1.5190217590332031e+02 8.8785049438476562e+01
8854 1.5190217590332031e+02 8.9719627380371094e+01
8855 1.5190217590332031e+02 9.0654205322265625e+01
8856 1.5190217590332031e+02 9.1588783264160156e+01
8857 1.5190217590332031e+02 9.2523361206054688e+01
8858 1.5190217590332031e+02 9.3457946777343750e+01
8859 1.5190217590332031e+02 9.4392524719238281e+01
8860 1.5190217590332031e+02 9.5327102661132812e+01
8861 1.5190217590332031e+02 9.6261680603027344e+01
8862 1.5190217590332031e+02 9.7196258544921875e+01
8863 1.5190217590332031e+02 9.8130844116210938e+01
8864 1.5190217590332031e+02 9.9065422058105469e+01
8865 1.5095108032226562e+02 9.3457943201065063e-01
8866 1.5095108032226562e+02 1.8691588640213013e+00
8867 1.5095108032226562e+02 2.8037383556365967e+00
8868 1.5095108032226562e+02 3.7383177280426025e+00
8869 1.5095108032226562e+02 4.6728973388671875e+00
8870 1.5095108032226562e+02 5.6074767112731934e+00
8871 1.5095108032226562e+02 6.5420560836791992e+00
8872 1.5095108032226562e+02 7.4766354560852051e+00
8873 1.5095108032226562e+02 8.4112148284912109e+00
8874 1.5095108032226562e+02 9.3457946777343750e+00
8875 1.5095108032226562e+02 1.0280373573303223e+01
8876 1.5095108032226562e+02 1.1214953422546387e+01
8877 1.5095108032226562e+02 1.2149532318115234e+01
8878 1.5095108032226562e+02 1.3084112167358398e+01
8879 1.5095108032226562e+02 1.4018692016601562e+01
8880 1.5095108032226562e+02 1.4953270912170410e+01
8881 1.5095108032226562e+02 1.5887850761413574e+01
8882 1.5095108032226562e+02 1.6822429656982422e+01
8883 1.5095108032226562e+02 1.7757009506225586e+01
8884 1.5095108032226562e+02 1.8691589355468750e+01
8885 1.5095108032226562e+02 1.9626167297363281e+01
8886 1.5095108032226562e+02 2.0560747146606445e+01
8887 1.5095108032226562e+02 2.1495326995849609e+01
8888 1.5095108032226562e+02 2.2429906845092773e+01
8889 1.5095108032226562e+02 2.3364486694335938e+01
8890 1.5095108032226562e+02 2.4299064636230469e+01
8891 1.5095108032226562e+02 2.5233644485473633e+01
8892 1.5095108032226562e+02 2.6168224334716797e+01
8893 1.5095108032226562e+02 2.7102804183959961e+01
8894 1.5095108032226562e+02 2.8037384033203125e+01
8895 1.5095108032226562e+02 2.8971961975097656e+01
8896 1.5095108032226562e+02 2.9906541824340820e+01
8897 1.5095108032226562e+02 3.0841121673583984e+01
8898 1.5095108032226562e+02 3.1775701522827148e+01
8899 1.5095108032226562e+02 3.2710281372070312e+01
8900 1.5095108032226562e+02 3.3644859313964844e+01
8901 1.5095108032226562e+02 3.4579441070556641e+01
8902 1.5095108032226562e+02 3.5514019012451172e+01
8903 1.5095108032226562e+02 3.6448596954345703e+01
8904 1.5095108032226562e+02 3.7383178710937500e+01
8905 1.5095108032226562e+02 3.8317756652832031e+01
8906 1.5095108032226562e+02 3.9252334594726562e+01
8907 1.5095108032226562e+02 4.0186916351318359e+01
8908 1.5095108032226562e+02 4.1121494293212891e+01
8909 1.5095108032226562e+02 4.2056076049804688e+01
8910 1.5095108032226562e+02 4.2990653991699219e+01
8911 1.5095108032226562e+02 4.3925231933593750e+01
8912 1.5095108032226562e+02 4.4859813690185547e+01
8913 1.5095108032226562e+02 4.5794391632080078e+01
8914 1.5095108032226562e+02 4.6728973388671875e+01
8915 1.5095108032226562e+02 4.7663551330566406e+01
8916 1.5095108032226562e+02 4.8598129272460938e+01
8917 1.5095108032226562e+02 4.9532711029052734e+01
8918 1.5095108032226562e+02 5.0467288970947266e+01
8919 1.5095108032226562e+02 5.1401870727539062e+01
8920 1.5095108032226562e+02 5.2336448669433594e+01
8921 1.5095108032226562e+02 5.3271026611328125e+01
8922 1.5095108032226562e+02 5.4205608367919922e+01
8923 1.5095108032226562e+02 5.5140186309814453e+01
8924 1.5095108032226562e+02 5.6074768066406250e+01
8925 1.5095108032226562e+02 5.7009346008300781e+01
8926 1.5095108032226562e+02 5.7943923950195312e+01
8927 1.5095108032226562e+02 5.8878505706787109e+01
8928 1.5095108032226562e+02 5.9813083648681641e+01
8929 1.5095108032226562e+02 6.0747665405273438e+01
8930 1.5095108032226562e+02 6.1682243347167969e+01
8931 1.5095108032226562e+02 6.2616821289062500e+01
8932 1.5095108032226562e+02 6.3551403045654297e+01
8933 1.5095108032226562e+02 6.4485984802246094e+01
8934 1.5095108032226562e+02 6.5420562744140625e+01
8935 1.5095108032226562e+02 6.6355140686035156e+01
8936 1.5095108032226562e+02 6.7289718627929688e+01
8937 1.5095108032226562e+02 6.8224296569824219e+01
8938 1.5095108032226562e+02 6.9158882141113281e+01
8939 1.5095108032226562e+02 7.0093460083007812e+01
8940 1.5095108032226562e+02 7.1028038024902344e+01
8941 1.5095108032226562e+02 7.1962615966796875e+01
8942 1.5095108032226562e+02 7.2897193908691406e+01
8943 1.5095108032226562e+02 7.3831779479980469e+01
8944 1.5095108032226562e+02 7.4766357421875000e+01
8945 1.5095108032226562e+02 7.5700935363769531e+01
8946 1.5095108032226562e+02 7.6635513305664062e+01
8947 1.5095108032226562e+02 7.7570091247558594e+01
8948 1.5095108032226562e+02 7.8504669189453125e+01
8949 1.5095108032226562e+02 7.9439254760742188e+01
8950 1.5095108032226562e+02 8.0373832702636719e+01
8951 1.5095108032226562e+02 8.1308410644531250e+01
8952 1.5095108032226562e+02 8.2242988586425781e+01
8953 1.5095108032226562e+02 8.3177566528320312e+01
8954 1.5095108032226562e+02 8.4112152099609375e+01
8955 1.5095108032226562e+02 8.5046730041503906e+01
8956 1.5095108032226562e+02 8.5981307983398438e+01
8957 1.5095108032226562e+02 8.6915885925292969e+01
8958 1.5095108032226562e+02 8.7850463867187500e+01
8959 1.5095108032226562e+02 8.8785049438476562e+01
8960 1.5095108032226562e+02 8.9719627380371094e+01
8961 1.5095108032226562e+02 9.0654205322265625e+01
8962 1.5095108032226562e+02 9.1588783264160156e+01
8963 1.5095108032226562e+02 9.2523361206054688e+01
8964 1.5095108032226562e+02 9.3457946777343750e+01
8965 1.5095108032226562e+02 9.4392524719238281e+01
8966 1.5095108032226562e+02 9.5327102661132812e+01
8967 1.5095108032226562e+02 9.6261680603027344e+01
8968 1.5095108032226562e+02 9.7196258544921875e+01
8969 1.5095108032226562e+02 9.8130844116210938e+01
8970 1.5095108032226562e+02 9.9065422058105469e+01
8971 5.4761905670166016e+01 9.9065422058105469e+01
8972 5.4761905670166016e+01 9.8130844116210938e+01
8973 5.4761905670166016e+01 9.7196258544921875e+01
8974 5.4761905670166016e+01 9.6261680603027344e+01
8975 5.4761905670166016e+01 9.5327102661132812e+01
8976 5.4761905670166016e+01 9.4392524719238281e+01
8977 5.4761905670166016e+01 9.3457946777343750e+01
8978 5.4761905670166016e+01 9.2523361206054688e+01
8979 5.4761905670166016e+01 9.1588783264160156e+01
8980 5.4761905670166016e+01 9.0654205322265625e+01
8981 5.4761905670166016e+01 8.9719627380371094e+01
8982 5.4761905670166016e+01 8.8785049438476562e+01
8983 5.4761905670166016e+01 8.7850463867187500e+01
8984 5.4761905670166016e+01 8.6915885925292969e+01
8985 5.4761905670166016e+01 8.5981307983398438e+01
8986 5.4761905670166016e+01 8.5046730041503906e+01
8987 5.4761905670166016e+01 8.4112152099609375e+01
8988 5.4761905670166016e+01 8.3177566528320312e+01
8989 5.4761905670166016e+01 8.2242988586425781e+01
8990 5.4761905670166016e+01 8.1308410644531250e+01
8991 5.4761905670166016e+01 8.0373832702636719e+01
8992 5.4761905670166016e+01 7.9439254760742188e+01
8993 5.4761905670166016e+01 7.8504669189453125e+01
8994 5.4761905670166016e+01 7.7570091247558594e+01
8995 5.4761905670166016e+01 7.6635513305664062e+01
8996 5.4761905670166016e+01 7.5700935363769531e+01
8997 5.4761905670166016e+01 7.4766357421875000e+01
8998 5.4761905670166016e+01 7.3831779479980469e+01
8999 5.4761905670166016e+01 7.2897193908691406e+01
9000 5.4761905670166016e+01 7.1962615966796875e+01
9001 5.4761905670166016e+01 7.1028038024902344e+01
9002 5.4761905670166016e+01 7.0093460083007812e+01
9003 5.4761905670166016e+01 6.9158882141113281e+01
9004 5.4761905670166016e+01 6.8224296569824219e+01
9005 5.4761905670166016e+01 6.7289718627929688e+01
9006 5.4761905670166016e+01 6.6355140686035156e+01
9007 5.4761905670166016e+01 6.5420562744140625e+01
9008 5.4761905670166016e+01 6.4485984802246094e+01
9009 5.4761905670166016e+01 6.3551403045654297e+01
9010 5.4761905670166016e+01 6.2616821289062500e+01
9011 5.4761905670166016e+01 6.1682243347167969e+01
9012 5.4761905670166016e+01 6.0747665405273438e+01
9013 5.4761905670166016e+01 5.9813083648681641e+01
9014 5.4761905670166016e+01 5.8878505706787109e+01
9015 5.4761905670166016e+01 5.7943923950195312e+01
9016 5.4761905670166016e+01 5.7009346008300781e+01
9017 5.4761905670166016e+01 5.6074768066406250e+01
9018 5.4761905670166016e+01 5.5140186309814453e+01
9019 5.4761905670166016e+01 5.4205608367919922e+01
9020 5.4761905670166016e+01 5.3271026611328125e+01
9021 5.4761905670166016e+01 5.2336448669433594e+01
9022 5.4761905670166016e+01 5.1401870727539062e+01
9023 5.4761905670166016e+01 5.0467288970947266e+01
9024 5.4761905670166016e+01 4.9532711029052734e+01
9025 5.4761905670166016e+01 4.8598129272460938e+01
9026 5.4761905670166016e+01 4.7663551330566406e+01
9027 5.4761905670166016e+01 4.6728973388671875e+01
9028 5.4761905670166016e+01 4.5794391632080078e+01
9029 5.4761905670166016e+01 4.4859813690185547e+01
9030 5.4761905670166016e+01 4.3925231933593750e+01
9031 5.4761905670166016e+01 4.2990653991699219e+01
9032 5.4761905670166016e+01 4.2056076049804688e+01
9033 5.4761905670166016e+01 4.1121494293212891e+01
9034 5.4761905670166016e+01 4.0186916351318359e+01
9035 5.4761905670166016e+01 3.9252334594726562e+01
9036 5.4761905670166016e+01 3.8317756652832031e+01
9037 5.4761905670166016e+01 3.7383178710937500e+01
9038 5.4761905670166016e+01 3.6448596954345703e+01
9039 5.4761905670166016e+01 3.5514019012451172e+01
9040 5.4761905670166016e+01 3.4579441070556641e+01
9041 5.4761905670166016e+01 3.3644859313964844e+01
9042 5.4761905670166016e+01 3.2710281372070312e+01
9043 5.4761905670166016e+01 3.1775701522827148e+01
9044 5.4761905670166016e+01 3.0841121673583984e+01
9045 5.4761905670166016e+01 2.9906541824340820e+01
9046 5.4761905670166016e+01 2.8971961975097656e+01
9047 5.4761905670166016e+01 2.8037384033203125e+01
9048 5.4761905670166016e+01 2.7102804183959961e+01
9049 5.4761905670166016e+01 2.6168224334716797e+01
9050 5.4761905670166016e+01 2.5233644485473633e+01
9051 5.4761905670166016e+01 2.4299064636230469e+01
9052 5.4761905670166016e+01 2.3364486694335938e+01
9053 5.4761905670166016e+01 2.2429906845092773e+01
9054 5.4761905670166016e+01 2.1495326995849609e+01
9055 5.4761905670166016e+01 2.0560747146606445e+01
9056 5.4761905670166016e+01 1.9626167297363281e+01
9057 5.4761905670166016e+01 1.8691589355468750e+01
9058 5.4761905670166016e+01 1.7757009506225586e+01
9059 5.4761905670166016e+01 1.6822429656982422e+01
9060 5.4761905670166016e+01 1.5887850761413574e+01
9061 5.4761905670166016e+01 1.4953270912170410e+01
9062 5.4761905670166016e+01 1.4018692016601562e+01
9063 5.4761905670166016e+01 1.3084112167358398e+01
9064 5.4761905670166016e+01 1.2149532318115234e+01
9065 5.4761905670166016e+01 1.1214953422546387e+01
9066 5.4761905670166016e+01 1.0280373573303223e+01
9067 5.4761905670166016e+01 9.3457946777343750e+00
9068 5.4761905670166016e+01 8.4112148284912109e+00
9069 5.4761905670166016e+01 7.4766354560852051e+00
9070 5.4761905670166016e+01 6.5420560836791992e+00
9071 5.4761905670166016e+01 5.6074767112731934e+00
9072 5.4761905670166016e+01 4.6728973388671875e+00
9073 5.4761905670166016e+01 3.7383177280426025e+00
9074 5.4761905670166016e+01 2.8037383556365967e+00
9075 5.4761905670166016e+01 1.8691588640213013e+00
9076 5.4761905670166016e+01 9.3457943201065063e-01
9077 5.9523811340332031e+01 9.9065422058105469e+01
9078 5.9523811340332031e+01 9.8130844116210938e+01
9079 5.9523811340332031e+01 9.7196258544921875e+01
9080 5.9523811340332031e+01 9.6261680603027344e+01
9081 5.9523811340332031e+01 9.5327102661132812e+01
9082 5.9523811340332031e+01 9.4392524719238281e+01
9083 5.9523811340332031e+01 9.3457946777343750e+01
9084 5.9523811340332031e+01 9.2523361206054688e+01
9085 5.9523811340332031e+01 9.1588783264160156e+01
9086 5.9523811340332031e+01 9.0654205322265625e+01
9087 5.9523811340332031e+01 8.9719627380371094e+01
9088 5.9523811340332031e+01 8.8785049438476562e+01
9089 5.9523811340332031e+01 8.7850463867187500e+01
9090 5.9523811340332031e+01 8.6915885925292969e+01
9091 5.9523811340332031e+01 8.5981307983398438e+01
9092 5.9523811340332031e+01 8.5046730041503906e+01
9093 5.9523811340332031e+01 8.4112152099609375e+01
9094 5.9523811340332031e+01 8.3177566528320312e+01
9095 5.9523811340332031e+01 8.2242988586425781e+01
9096 5.9523811340332031e+01 8.1308410644531250e+01
9097 5.9523811340332031e+01 8.0373832702636719e+01
9098 5.9523811340332031e+01 7.9439254760742188e+01
9099 5.9523811340332031e+01 7.8504669189453125e+01
9100 5.9523811340332031e+01 7.7570091247558594e+01
9101 5.9523811340332031e+01 7.6635513305664062e+01
9102 5.9523811340332031e+01 7.5700935363769531e+01
9103 5.9523811340332031e+01 7.4766357421875000e+01
9104 5.9523811340332031e+01 7.3831779479980469e+01
9105 5.9523811340332031e+01 7.2897193908691406e+01
9106 5.9523811340332031e+01 7.1962615966796875e+01
9107 5.9523811340332031e+01 7.1028038024902344e+01
9108 5.9523811340332031e+01 7.0093460083007812e+01
9109 5.9523811340332031e+01 6.9158882141113281e+01
9110 5.9523811340332031e+01 6.8224296569824219e+01
9111 5.9523811340332031e+01 6.7289718627929688e+01
9112 5.9523811340332031e+01 6.6355140686035156e+01
9113 5.9523811340332031e+01 6.5420562744140625e+01
9114 5.9523811340332031e+01 6.4485984802246094e+01
9115 5.9523811340332031e+01 6.3551403045654297e+01
9116 5.9523811340332031e+01 6.2616821289062500e+01
9117 5.9523811340332031e+01 6.1682243347167969e+01
9118 5.9523811340332031e+01 6.0747665405273438e+01
9119 5.9523811340332031e+01 5.9813083648681641e+01
9120 5.9523811340332031e+01 5.8878505706787109e+01
9121 5.9523811340332031e+01 5.7943923950195312e+01
9122 5.9523811340332031e+01 5.7009346008300781e+01
9123 5.9523811340332031e+01 5.6074768066406250e+01
9124 5.9523811340332031e+01 5.5140186309814453e+01
9125 5.9523811340332031e+01 5.4205608367919922e+01
9126 5.9523811340332031e+01 5.3271026611328125e+01
9127 5.9523811340332031e+01 5.2336448669433594e+01
9128 5.9523811340332031e+01 5.1401870727539062e+01
9129 5.9523811340332031e+01 5.0467288970947266e+01
9130 5.9523811340332031e+01 4.9532711029052734e+01
9131 5.9523811340332031e+01 4.8598129272460938e+01
9132 5.9523811340332031e+01 4.7663551330566406e+01
9133 5.9523811340332031e+01 4.6728973388671875e+01
9134 5.9523811340332031e+01 4.5794391632080078e+01
9135 5.9523811340332031e+01 4.4859813690185547e+01
9136 5.9523811340332031e+01 4.3925231933593750e+01
9137 5.9523811340332031e+01 4.2990653991699219e+01
9138 5.9523811340332031e+01 4.2056076049804688e+01
9139 5.9523811340332031e+01 4.1121494293212891e+01
9140 5.9523811340332031e+01 4.0186916351318359e+01
9141 5.9523811340332031e+01 3.9252334594726562e+01
9142 5.9523811340332031e+01 3.8317756652832031e+01
9143 5.9523811340332031e+01 3.7383178710937500e+01
9144 5.9523811340332031e+01 3.6448596954345703e+01
9145 5.9523811340332031e+01 3.5514019012451172e+01
9146 5.9523811340332031e+01 3.4579441070556641e+01
9147 5.9523811340332031e+01 3.3644859313964844e+01
9148 5.9523811340332031e+01 3.2710281372070312e+01
9149 5.9523811340332031e+01 3.1775701522827148e+01
9150 5.9523811340332031e+01 3.0841121673583984e+01
9151 5.9523811340332031e+01 2.9906541824340820e+01
9152 5.9523811340332031e+01 2.8971961975097656e+01
9153 5.9523811340332031e+01 2.8037384033203125e+01
9154 5.9523811340332031e+01 2.7102804183959961e+01
9155 5.9523811340332031e+01 2.6168224334716797e+01
9156 5.9523811340332031e+01 2.5233644485473633e+01
9157 5.9523811340332031e+01 2.4299064636230469e+01
9158 5.9523811340332031e+01 2.3364486694335938e+01
9159 5.9523811340332031e+01 2.2429906845092773e+01
9160 5.9523811340332031e+01 2.1495326995849609e+01
9161 5.9523811340332031e+01 2.0560747146606445e+01
9162 5.9523811340332031e+01 1.9626167297363281e+01
9163 5.9523811340332031e+01 1.8691589355468750e+01
9164 5.9523811340332031e+01 1.7757009506225586e+01
9165 5.9523811340332031e+01 1.6822429656982422e+01
9166 5.9523811340332031e+01 1.5887850761413574e+01
9167 5.9523811340332031e+01 1.4953270912170410e+01
9168 5.9523811340332031e+01 1.4018692016601562e+01
9169 5.9523811340332031e+01 1.3084112167358398e+01
9170 5.9523811340332031e+01 1.2149532318115234e+01
9171 5.9523811340332031e+01 1.1214953422546387e+01
9172 5.9523811340332031e+01 1.0280373573303223e+01
9173 5.9523811340332031e+01 9.3457946777343750e+00
9174 5.9523811340332031e+01 8.4112148284912109e+00
9175 5.9523811340332031e+01 7.4766354560852051e+00
9176 5.9523811340332031e+01 6.5420560836791992e+00
9177 5.9523811340332031e+01 5.6074767112731934e+00
9178 5.9523811340332031e+01 4.6728973388671875e+00
9179 5.9523811340332031e+01 3.7383177280426025e+00
9180 5.9523811340332031e+01 2.8037383556365967e+00
9181 5.9523811340332031e+01 1.8691588640213013e+00
9182 5.9523811340332031e+01 9.3457943201065063e-01
9183 6.4285713195800781e+01 9.9065422058105469e+01
9184 6.4285713195800781e+01 9.8130844116210938e+01
9185 6.4285713195800781e+01 9.7196258544921875e+01
9186 6.4285713195800781e+01 9.6261680603027344e+01
9187 6.4285713195800781e+01 9.5327102661132812e+01
9188 6.4285713195800781e+01 9.4392524719238281e+01
9189 6.4285713195800781e+01 9.3457946777343750e+01
9190 6.4285713195800781e+01 9.2523361206054688e+01
9191 6.4285713195800781e+01 9.1588783264160156e+01
9192 6.4285713195800781e+01 9.0654205322265625e+01
9193 6.4285713195800781e+01 8.9719627380371094e+01
9194 6.4285713195800781e+01 8.8785049438476562e+01
9195 6.4285713195800781e+01 8.7850463867187500e+01
9196 6.4285713195800781e+01 8.6915885925292969e+01
9197 6.4285713195800781e+01 8.5981307983398438e+01
9198 6.4285713195800781e+01 8.5046730041503906e+01
9199 6.4285713195800781e+01 8.4112152099609375e+01
9200 6.4285713195800781e+01 8.3177566528320312e+01
9201 6.4285713195800781e+01 8.2242988586425781e+01
9202 6.4285713195800781e+01 8.1308410644531250e+01
9203 6.4285713195800781e+01 8.0373832702636719e+01
9204 6.4285713195800781e+01 7.9439254760742188e+01
9205 6.4285713195800781e+01 7.8504669189453125e+01
9206 6.4285713195800781e+01 7.7570091247558594e+01
9207 6.4285713195800781e+01 7.6635513305664062e+01
9208 6.4285713195800781e+01 7.5700935363769531e+01
9209 6.4285713195800781e+01 7.4766357421875000e+01
9210 6.4285713195800781e+01 7.3831779479980469e+01
9211 6.4285713195800781e+01 7.2897193908691406e+01
9212 6.4285713195800781e+01 7.1962615966796875e+01
9213 6.4285713195800781e+01 7.1028038024902344e+01
9214 6.4285713195800781e+01 7.0093460083007812e+01
9215 6.4285713195800781e+01 6.9158882141113281e+01
9216 6.4285713195800781e+01 6.8224296569824219e+01
9217 6.4285713195800781e+01 6.7289718627929688e+01
9218 6.4285713195800781e+01 6.6355140686035156e+01
9219 6.4285713195800781e+01 6.5420562744140625e+01
9220 6.4285713195800781e+01 6.4485984802246094e+01
9221 6.4285713195800781e+01 6.3551403045654297e+01
9222 6.4285713195800781e+01 6.2616821289062500e+01
9223 6.4285713195800781e+01 6.1682243347167969e+01
9224 6.4285713195800781e+01 6.0747665405273438e+01
9225 6.4285713195800781e+01 5.9813083648681641e+01
9226 6.4285713195800781e+01 5.8878505706787109e+01
9227 6.4285713195800781e+01 5.7943923950195312e+01
9228 6.4285713195800781e+01 5.7009346008300781e+01
9229 6.4285713195800781e+01 5.6074768066406250e+01
9230 6.4285713195800781e+01 5.5140186309814453e+01
9231 6.4285713195800781e+01 5.4205608367919922e+01
9232 6.4285713195800781e+01 5.3271026611328125e+01
9233 6.4285713195800781e+01 5.2336448669433594e+01
9234 6.4285713195800781e+01 5.1401870727539062e+01
9235 6.4285713195800781e+01 5.0467288970947266e+01
9236 6.4285713195800781e+01 4.9532711029052734e+01
9237 6.4285713195800781e+01 4.8598129272460938e+01
9238 6.4285713195800781e+01 4.7663551330566406e+01
9239 6.4285713195800781e+01 4.6728973388671875e+01
9240 6.4285713195800781e+01 4.5794391632080078e+01
9241 6.4285713195800781e+01 4.4859813690185547e+01
9242 6.4285713195800781e+01 4.3925231933593750e+01
9243 6.4285713195800781e+01 4.2990653991699219e+01
9244 6.4285713195800781e+01 4.2056076049804688e+01
9245 6.4285713195800781e+01 4.1121494293212891e+01
9246 6.4285713195800781e+01 4.0186916351318359e+01
9247 6.4285713195800781e+01 3.9252334594726562e+01
9248 6.4285713195800781e+01 3.8317756652832031e+01
9249 6.4285713195800781e+01 3.7383178710937500e+01
9250 6.4285713195800781e+01 3.6448596954345703e+01
9251 6.4285713195800781e+01 3.5514019012451172e+01
9252 6.4285713195800781e+01 3.4579441070556641e+01
9253 6.4285713195800781e+01 3.3644859313964844e+01
9254 6.4285713195800781e+01 3.2710281372070312e+01
9255 6.4285713195800781e+01 3.1775701522827148e+01
9256 6.4285713195800781e+01 3.0841121673583984e+01
9257 6.4285713195800781e+01 2.9906541824340820e+01
9258 6.4285713195800781e+01 2.8971961975097656e+01
9259 6.4285713195800781e+01 2.8037384033203125e+01
9260 6.4285713195800781e+01 2.7102804183959961e+01
9261 6.4285713195800781e+01 2.6168224334716797e+01
9262 6.4285713195800781e+01 2.5233644485473633e+01
9263 6.4285713195800781e+01 2.4299064636230469e+01
9264 6.4285713195800781e+01 2.3364486694335938e+01
9265 6.4285713195800781e+01 2.2429906845092773e+01
9266 6.4285713195800781e+01 2.1495326995849609e+01
9267 6.4285713195800781e+01 2.0560747146606445e+01
9268 6.4285713195800781e+01 1.9626167297363281e+01
9269 6.4285713195800781e+01 1.8691589355468750e+01
9270 6.4285713195800781e+01 1.7757009506225586e+01
9271 6.4285713195800781e+01 1.6822429656982422e+01
9272 6.4285713195800781e+01 1.5887850761413574e+01
9273 6.4285713195800781e+01 1.4953270912170410e+01
9274 6.4285713195800781e+01 1.4018692016601562e+01
9275 6.4285713195800781e+01 1.3084112167358398e+01
9276 6.4285713195800781e+01 1.2149532318115234e+01
9277 6.4285713195800781e+01 1.1214953422546387e+01
9278 6.4285713195800781e+01 1.0280373573303223e+01
9279 6.4285713195800781e+01 9.3457946777343750e+00
9280 6.4285713195800781e+01 8.4112148284912109e+00
9281 6.4285713195800781e+01 7.4766354560852051e+00
9282 6.4285713195800781e+01 6.5420560836791992e+00
9283 6.4285713195800781e+01 5.6074767112731934e+00
9284 6.4285713195800781e+01 4.6728973388671875e+00
9285 6.4285713195800781e+01 3.7383177280426025e+00
9286 6.4285713195800781e+01 2.8037383556365967e+00
9287 6.4285713195800781e+01 1.8691588640213013e+00
9288 6.4285713195800781e+01 9.3457943201065063e-01
9289 6.9047622680664062e+01 9.9065422058105469e+01
9290 6.9047622680664062e+01 9.8130844116210938e+01
9291 6.9047622680664062e+01 9.7196258544921875e+01
9292 6.9047622680664062e+01 9.6261680603027344e+01
9293 6.9047622680664062e+01 9.5327102661132812e+01
9294 6.9047622680664062e+01 9.4392524719238281e+01
9295 6.9047622680664062e+01 9.3457946777343750e+01
9296 6.9047622680664062e+01 9.2523361206054688e+01
9297 6.9047622680664062e+01 9.1588783264160156e+01
9298 6.9047622680664062e+01 9.0654205322265625e+01
9299 6.9047622680664062e+01 8.9719627380371094e+01
9300 6.9047622680664062e+01 8.8785049438476562e+01
9301 6.9047622680664062e+01 8.7850463867187500e+01
9302 6.9047622680664062e+01 8.6915885925292969e+01
9303 6.9047622680664062e+01 8.5981307983398438e+01
9304 6.9047622680664062e+01 8.5046730041503906e+01
9305 6.9047622680664062e+01 8.4112152099609375e+01
9306 6.9047622680664062e+01 8.3177566528320312e+01
9307 6.9047622680664062e+01 8.2242988586425781e+01
9308 6.9047622680664062e+01 8.1308410644531250e+01
9309 6.9047622680664062e+01 8.0373832702636719e+01
9310 6.9047622680664062e+01 7.9439254760742188e+01
9311 6.9047622680664062e+01 7.8504669189453125e+01
9312 6.9047622680664062e+01 7.7570091247558594e+01
9313 6.9047622680664062e+01 7.6635513305664062e+01
9314 6.9047622680664062e+01 7.5700935363769531e+01
9315 6.9047622680664062e+01 7.4766357421875000e+01
9316 6.9047622680664062e+01 7.3831779479980469e+01
9317 6.9047622680664062e+01 7.2897193908691406e+01
9318 6.9047622680664062e+01 7.1962615966796875e+01
9319 6.9047622680664062e+01 7.1028038024902344e+01
9320 6.9047622680664062e+01 7.0093460083007812e+01
9321 6.9047622680664062e+01 6.9158882141113281e+01
9322 6.9047622680664062e+01 6.8224296569824219e+01
9323 6.9047622680664062e+01 6.7289718627929688e+01
9324 6.9047622680664062e+01 6.6355140686035156e+01
9325 6.9047622680664062e+01 6.5420562744140625e+01
9326 6.9047622680664062e+01 6.4485984802246094e+01
9327 6.9047622680664062e+01 6.3551403045654297e+01
9328 6.9047622680664062e+01 6.2616821289062500e+01
9329 6.9047622680664062e+01 6.1682243347167969e+01
9330 6.9047622680664062e+01 6.0747665405273438e+01
9331 6.9047622680664062e+01 5.9813083648681641e+01
9332 6.9047622680664062e+01 5.8878505706787109e+01
9333 6.9047622680664062e+01 5.7943923950195312e+01
9334 6.9047622680664062e+01 5.7009346008300781e+01
9335 6.9047622680664062e+01 5.6074768066406250e+01
9336 6.9047622680664062e+01 5.5140186309814453e+01
9337 6.9047622680664062e+01 5.4205608367919922e+01
9338 6.9047622680664062e+01 5.3271026611328125e+01
9339 6.9047622680664062e+01 5.2336448669433594e+01
9340 6.9047622680664062e+01 5.1401870727539062e+01
9341 6.9047622680664062e+01 5.0467288970947266e+01
9342 6.9047622680664062e+01 4.9532711029052734e+01
9343 6.9047622680664062e+01 4.8598129272460938e+01
9344 6.9047622680664062e+01 4.7663551330566406e+01
9345 6.9047622680664062e+01 4.6728973388671875e+01
9346 6.9047622680664062e+01 4.5794391632080078e+01
9347 6.9047622680664062e+01 4.4859813690185547e+01
9348 6.9047622680664062e+01 4.3925231933593750e+01
9349 6.9047622680664062e+01 4.2990653991699219e+01
9350 6.9047622680664062e+01 4.2056076049804688e+01
9351 6.9047622680664062e+01 4.1121494293212891e+01
9352 6.9047622680664062e+01 4.0186916351318359e+01
9353 6.9047622680664062e+01 3.9252334594726562e+01
9354 6.9047622680664062e+01 3.8317756652832031e+01
9355 6.9047622680664062e+01 3.7383178710937500e+01
9356 6.9047622680664062e+01 3.6448596954345703e+01
9357 6.9047622680664062e+01 3.5514019012451172e+01
9358 6.9047622680664062e+01 3.4579441070556641e+01
9359 6.9047622680664062e+01 3.3644859313964844e+01
9360 6.9047622680664062e+01 3.2710281372070312e+01
9361 6.9047622680664062e+01 3.1775701522827148e+01
9362 6.9047622680664062e+01 3.0841121673583984e+01
9363 6.9047622680664062e+01 2.9906541824340820e+01
9364 6.9047622680664062e+01 2.8971961975097656e+01
9365 6.9047622680664062e+01 2.8037384033203125e+01
9366 6.9047622680664062e+01 2.7102804183959961e+01
9367 6.9047622680664062e+01 2.6168224334716797e+01
9368 6.9047622680664062e+01 2.5233644485473633e+01
9369 6.9047622680664062e+01 2.4299064636230469e+01
9370 6.9047622680664062e+01 2.3364486694335938e+01
9371 6.9047622680664062e+01 2.2429906845092773e+01
9372 6.9047622680664062e+01 2.1495326995849609e+01
9373 6.9047622680664062e+01 2.0560747146606445e+01
9374 6.9047622680664062e+01 1.9626167297363281e+01
9375 6.9047622680664062e+01 1.8691589355468750e+01
9376 6.9047622680664062e+01 1.7757009506225586e+01
9377 6.9047622680664062e+01 1.6822429656982422e+01
9378 6.9047622680664062e+01 1.5887850761413574e+01
9379 6.9047622680664062e+01 1.4953270912170410e+01
9380 6.9047622680664062e+01 1.4018692016601562e+01
9381 6.9047622680664062e+01 1.3084112167358398e+01
9382 6.9047622680664062e+01 1.2149532318115234e+01
9383 6.9047622680664062e+01 1.1214953422546387e+01
9384 6.9047622680664062e+01 1.0280373573303223e+01
9385 6.9047622680664062e+01 9.3457946777343750e+00
9386 6.9047622680664062e+01 8.4112148284912109e+00
9387 6.9047622680664062e+01 7.4766354560852051e+00
9388 6.9047622680664062e+01 6.5420560836791992e+00
9389 6.9047622680664062e+01 5.6074767112731934e+00
9390 6.9047622680664062e+01 4.6728973388671875e+00
9391 6.9047622680664062e+01 3.7383177280426025e+00
9392 6.9047622680664062e+01 2.8037383556365967e+00
9393 6.9047622680664062e+01 1.8691588640213013e+00
9394 6.9047622680664062e+01 9.3457943201065063e-01
9395 7.3809524536132812e+01 9.9065422058105469e+01
9396 7.3809524536132812e+01 9.8130844116210938e+01
9397 7.3809524536132812e+01 9.7196258544921875e+01
9398 7.3809524536132812e+01 9.6261680603027344e+01
9399 7.3809524536132812e+01 9.5327102661132812e+01
9400 7.3809524536132812e+01 9.4392524719238281e+01
9401 7.3809524536132812e+01 9.3457946777343750e+01
9402 7.3809524536132812e+01 9.2523361206054688e+01
9403 7.3809524536132812e+01 9.1588783264160156e+01
9404 7.3809524536132812e+01 9.0654205322265625e+01
9405 7.3809524536132812e+01 8.9719627380371094e+01
9406 7.3809524536132812e+01 8.8785049438476562e+01
9407 7.3809524536132812e+01 8.7850463867187500e+01
9408 7.3809524536132812e+01 8.6915885925292969e+01
9409 7.3809524536132812e+01 8.5981307983398438e+01
9410 7.3809524536132812e+01 8.5046730041503906e+01
9411 7.3809524536132812e+01 8.4112152099609375e+01
9412 7.3809524536132812e+01 8.3177566528320312e+01
9413 7.3809524536132812e+01 8.2242988586425781e+01
9414 7.3809524536132812e+01 8.1308410644531250e+01
9415 7.3809524536132812e+01 8.0373832702636719e+01
9416 7.3809524536132812e+01 7.9439254760742188e+01
9417 7.3809524536132812e+01 7.8504669189453125e+01
9418 7.3809524536132812e+01 7.7570091247558594e+01
9419 7.3809524536132812e+01 7.6635513305664062e+01
9420 7.3809524536132812e+01 7.5700935363769531e+01
9421 7.3809524536132812e+01 7.4766357421875000e+01
9422 7.3809524536132812e+01 7.3831779479980469e+01
9423 7.3809524536132812e+01 7.2897193908691406e+01
9424 7.3809524536132812e+01 7.1962615966796875e+01
9425 7.3809524536132812e+01 7.1028038024902344e+01
9426 7.3809524536132812e+01 7.0093460083007812e+01
9427 7.3809524536132812e+01 6.9158882141113281e+01
9428 7.3809524536132812e+01 6.8224296569824219e+01
9429 7.3809524536132812e+01 6.7289718627929688e+01
9430 7.3809524536132812e+01 6.6355140686035156e+01
9431 7.3809524536132812e+01 6.5420562744140625e+01
9432 7.3809524536132812e+01 6.4485984802246094e+01
9433 7.3809524536132812e+01 6.3551403045654297e+01
9434 7.3809524536132812e+01 6.2616821289062500e+01
9435 7.3809524536132812e+01 6.1682243347167969e+01
9436 7.3809524536132812e+01 6.0747665405273438e+01
9437 7.3809524536132812e+01 5.9813083648681641e+01
9438 7.3809524536132812e+01 5.8878505706787109e+01
9439 7.3809524536132812e+01 5.7943923950195312e+01
9440 7.3809524536132812e+01 5.7009346008300781e+01
9441 7.3809524536132812e+01 5.6074768066406250e+01
9442 7.3809524536132812e+01 5.5140186309814453e+01
9443 7.3809524536132812e+01 5.4205608367919922e+01
9444 7.3809524536132812e+01 5.3271026611328125e+01
9445 7.3809524536132812e+01 5.2336448669433594e+01
9446 7.3809524536132812e+01 5.1401870727539062e+01
9447 7.3809524536132812e+01 5.0467288970947266e+01
9448 7.3809524536132812e+01 4.9532711029052734e+01
9449 7.3809524536132812e+01 4.8598129272460938e+01
9450 7.3809524536132812e+01 4.7663551330566406e+01
9451 7.3809524536132812e+01 4.6728973388671875e+01
9452 7.3809524536132812e+01 4.5794391632080078e+01
9453 7.3809524536132812e+01 4.4859813690185547e+01
9454 7.3809524536132812e+01 4.3925231933593750e+01
9455 7.3809524536132812e+01 4.2990653991699219e+01
9456 7.3809524536132812e+01 4.2056076049804688e+01
9457 7.3809524536132812e+01 4.1121494293212891e+01
9458 7.3809524536132812e+01 4.0186916351318359e+01
9459 7.3809524536132812e+01 3.9252334594726562e+01
9460 7.3809524536132812e+01 3.8317756652832031e+01
9461 7.3809524536132812e+01 3.7383178710937500e+01
9462 7.3809524536132812e+01 3.6448596954345703e+01
9463 7.3809524536132812e+01 3.5514019012451172e+01
9464 7.3809524536132812e+01 3.4579441070556641e+01
9465 7.3809524536132812e+01 3.3644859313964844e+01
9466 7.3809524536132812e+01 3.2710281372070312e+01
9467 7.3809524536132812e+01 3.1775701522827148e+01
9468 7.3809524536132812e+01 3.0841121673583984e+01
9469 7.3809524536132812e+01 2.9906541824340820e+01
9470 7.3809524536132812e+01 2.8971961975097656e+01
9471 7.3809524536132812e+01 2.8037384033203125e+01
9472 7.3809524536132812e+01 2.7102804183959961e+01
9473 7.3809524536132812e+01 2.6168224334716797e+01
9474 7.3809524536132812e+01 2.5233644485473633e+01
9475 7.3809524536132812e+01 2.4299064636230469e+01
9476 7.3809524536132812e+01 2.3364486694335938e+01
9477 7.3809524536132812e+01 2.2429906845092773e+01
9478 7.3809524536132812e+01 2.1495326995849609e+01
9479 7.3809524536132812e+01 2.0560747146606445e+01
9480 7.3809524536132812e+01 1.9626167297363281e+01
9481 7.3809524536132812e+01 1.8691589355468750e+01
9482 7.3809524536132812e+01 1.7757009506225586e+01
9483 7.3809524536132812e+01 1.6822429656982422e+01
9484 7.3809524536132812e+01 1.5887850761413574e+01
9485 7.3809524536132812e+01 1.4953270912170410e+01
9486 7.3809524536132812e+01 1.4018692016601562e+01
9487 7.3809524536132812e+01 1.3084112167358398e+01
9488 7.3809524536132812e+01 1.2149532318115234e+01
9489 7.3809524536132812e+01 1.1214953422546387e+01
9490 7.3809524536132812e+01 1.0280373573303223e+01
9491 7.3809524536132812e+01 9.3457946777343750e+00
9492 7.3809524536132812e+01 8.4112148284912109e+00
9493 7.3809524536132812e+01 7.4766354560852051e+00
9494 7.3809524536132812e+01 6.5420560836791992e+00
9495 7.3809524536132812e+01 5.6074767112731934e+00
9496 7.3809524536132812e+01 4.6728973388671875e+00
9497 7.3809524536132812e+01 3.7383177280426025e+00
9498 7.3809524536132812e+01 2.8037383556365967e+00
9499 7.3809524536132812e+01 1.8691588640213013e+00
9500 7.3809524536132812e+01 9.3457943201065063e-01
9501 7.8571426391601562e+01 9.9065422058105469e+01
9502 7.8571426391601562e+01 9.8130844116210938e+01
9503 7.8571426391601562e+01 9.7196258544921875e+01
9504 7.8571426391601562e+01 9.6261680603027344e+01
9505 7.8571426391601562e+01 9.5327102661132812e+01
9506 7.8571426391601562e+01 9.4392524719238281e+01
9507 7.8571426391601562e+01 9.3457946777343750e+01
9508 7.8571426391601562e+01 9.2523361206054688e+01
9509 7.8571426391601562e+01 9.1588783264160156e+01
9510 7.8571426391601562e+01 9.0654205322265625e+01
9511 7.8571426391601562e+01 8.9719627380371094e+01
9512 7.8571426391601562e+01 8.8785049438476562e+01
9513 7.8571426391601562e+01 8.7850463867187500e+01
9514 7.8571426391601562e+01 8.6915885925292969e+01
9515 7.8571426391601562e+01 8.5981307983398438e+01
9516 7.8571426391601562e+01 8.5046730041503906e+01
9517 7.8571426391601562e+01 8.4112152099609375e+01
9518 7.8571426391601562e+01 8.3177566528320312e+01
9519 7.8571426391601562e+01 8.2242988586425781e+01
9520 7.8571426391601562e+01 8.1308410644531250e+01
9521 7.8571426391601562e+01 8.0373832702636719e+01
9522 7.8571426391601562e+01 7.9439254760742188e+01
9523 7.8571426391601562e+01 7.8504669189453125e+01
9524 7.8571426391601562e+01 7.7570091247558594e+01
9525 7.8571426391601562e+01 7.6635513305664062e+01
9526 7.8571426391601562e+01 7.5700935363769531e+01
9527 7.8571426391601562e+01 7.4766357421875000e+01
9528 7.8571426391601562e+01 7.3831779479980469e+01
9529 7.8571426391601562e+01 7.2897193908691406e+01
9530 7.8571426391601562e+01 7.1962615966796875e+01
9531 7.8571426391601562e+01 7.1028038024902344e+01
9532 7.8571426391601562e+01 7.0093460083007812e+01
9533 7.8571426391601562e+01 6.9158882141113281e+01
9534 7.8571426391601562e+01 6.8224296569824219e+01
9535 7.8571426391601562e+01 6.7289718627929688e+01
9536 7.8571426391601562e+01 6.6355140686035156e+01
9537 7.8571426391601562e+01 6.5420562744140625e+01
9538 7.8571426391601562e+01 6.4485984802246094e+01
9539 7.8571426391601562e+01 6.3551403045654297e+01
9540 7.8571426391601562e+01 6.2616821289062500e+01
9541 7.8571426391601562e+01 6.1682243347167969e+01
9542 7.8571426391601562e+01 6.0747665405273438e+01
9543 7.8571426391601562e+01 5.9813083648681641e+01
9544 7.8571426391601562e+01 5.8878505706787109e+01
9545 7.8571426391601562e+01 5.7943923950195312e+01
9546 7.8571426391601562e+01 5.7009346008300781e+01
9547 7.8571426391601562e+01 5.6074768066406250e+01
9548 7.8571426391601562e+01 5.5140186309814453e+01
9549 7.8571426391601562e+01 5.4205608367919922e+01
9550 7.8571426391601562e+01 5.3271026611328125e+01
9551 7.8571426391601562e+01 5.2336448669433594e+01
9552 7.8571426391601562e+01 5.1401870727539062e+01
9553 7.8571426391601562e+01 5.0467288970947266e+01
9554 7.8571426391601562e+01 4.9532711029052734e+01
9555 7.8571426391601562e+01 4.8598129272460938e+01
9556 7.8571426391601562e+01 4.7663551330566406e+01
9557 7.8571426391601562e+01 4.6728973388671875e+01
9558 7.8571426391601562e+01 4.5794391632080078e+01
9559 7.8571426391601562e+01 4.4859813690185547e+01
9560 7.8571426391601562e+01 4.3925231933593750e+01
9561 7.8571426391601562e+01 4.2990653991699219e+01
9562 7.8571426391601562e+01 4.2056076049804688e+01
9563 7.8571426391601562e+01 4.1121494293212891e+01
9564 7.8571426391601562e+01 4.0186916351318359e+01
9565 7.8571426391601562e+01 3.9252334594726562e+01
9566 7.8571426391601562e+01 3.8317756652832031e+01
9567 7.8571426391601562e+01 3.7383178710937500e+01
9568 7.8571426391601562e+01 3.6448596954345703e+01
9569 7.8571426391601562e+01 3.5514019012451172e+01
9570 7.8571426391601562e+01 3.4579441070556641e+01
9571 7.8571426391601562e+01 3.3644859313964844e+01
9572 7.8571426391601562e+01 3.2710281372070312e+01
9573 7.8571426391601562e+01 3.1775701522827148e+01
9574 7.8571426391601562e+01 3.0841121673583984e+01
9575 7.8571426391601562e+01 2.9906541824340820e+01
9576 7.8571426391601562e+01 2.8971961975097656e+01
9577 7.8571426391601562e+01 2.8037384033203125e+01
9578 7.8571426391601562e+01 2.7102804183959961e+01
9579 7.8571426391601562e+01 2.6168224334716797e+01
9580 7.8571426391601562e+01 2.5233644485473633e+01
9581 7.8571426391601562e+01 2.4299064636230469e+01
9582 7.8571426391601562e+01 2.3364486694335938e+01
9583 7.8571426391601562e+01 2.2429906845092773e+01
9584 7.8571426391601562e+01 2.1495326995849609e+01
9585 7.8571426391601562e+01 2.0560747146606445e+01
9586 7.8571426391601562e+01 1.9626167297363281e+01
9587 7.8571426391601562e+01 1.8691589355468750e+01
9588 7.8571426391601562e+01 1.7757009506225586e+01
9589 7.8571426391601562e+01 1.6822429656982422e+01
9590 7.8571426391601562e+01 1.5887850761413574e+01
9591 7.8571426391601562e+01 1.4953270912170410e+01
9592 7.8571426391601562e+01 1.4018692016601562e+01
9593 7.8571426391601562e+01 1.3084112167358398e+01
9594 7.8571426391601562e+01 1.2149532318115234e+01
9595 7.8571426391601562e+01 1.1214953422546387e+01
9596 7.8571426391601562e+01 1.0280373573303223e+01
9597 7.8571426391601562e+01 9.3457946777343750e+00
9598 7.8571426391601562e+01 8.4112148284912109e+00
9599 7.8571426391601562e+01 7.4766354560852051e+00
9600 7.8571426391601562e+01 6.5420560836791992e+00
9601 7.8571426391601562e+01 5.6074767112731934e+00
9602 7.8571426391601562e+01 4.6728973388671875e+00
9603 7.8571426391601562e+01 3.7383177280426025e+00
9604 7.8571426391601562e+01 2.8037383556365967e+00
9605 7.8571426391601562e+01 1.8691588640213013e+00
9606 7.8571426391601562e+01 9.3457943201065063e-01
9607 8.3333335876464844e+01 9.9065422058105469e+01
9608 8.3333335876464844e+01 9.8130844116210938e+01
9609 8.3333335876464844e+01 9.7196258544921875e+01
9610 8.3333335876464844e+01 9.6261680603027344e+01
9611 8.3333335876464844e+01 9.5327102661132812e+01
9612 8.3333335876464844e+01 9.4392524719238281e+01
9613 8.3333335876464844e+01 9.3457946777343750e+01
9614 8.3333335876464844e+01 9.2523361206054688e+01
9615 8.3333335876464844e+01 9.1588783264160156e+01
9616 8.3333335876464844e+01 9.0654205322265625e+01
9617 8.3333335876464844e+01 8.9719627380371094e+01
9618 8.3333335876464844e+01 8.8785049438476562e+01
9619 8.3333335876464844e+01 8.7850463867187500e+01
9620 8.3333335876464844e+01 8.6915885925292969e+01
9621 8.3333335876464844e+01 8.5981307983398438e+01
9622 8.3333335876464844e+01 8.5046730041503906e+01
9623 8.3333335876464844e+01 8.4112152099609375e+01
9624 8.3333335876464844e+01 8.3177566528320312e+01
9625 8.3333335876464844e+01 8.2242988586425781e+01
9626 8.3333335876464844e+01 8.1308410644531250e+01
9627 8.3333335876464844e+01 8.0373832702636719e+01
9628 8.3333335876464844e+01 7.9439254760742188e+01
9629 8.3333335876464844e+01 7.8504669189453125e+01
9630 8.3333335876464844e+01 7.7570091247558594e+01
9631 8.3333335876464844e+01 7.6635513305664062e+01
9632 8.3333335876464844e+01 7.5700935363769531e+01
9633 8.3333335876464844e+01 7.4766357421875000e+01
9634 8.3333335876464844e+01 7.3831779479980469e+01
9635 8.3333335876464844e+01 7.2897193908691406e+01
9636 8.3333335876464844e+01 7.1962615966796875e+01
9637 8.3333335876464844e+01 7.1028038024902344e+01
9638 8.3333335876464844e+01 7.0093460083007812e+01
9639 8.3333335876464844e+01 6.9158882141113281e+01
9640 8.3333335876464844e+01 6.8224296569824219e+01
9641 8.3333335876464844e+01 6.7289718627929688e+01
9642 8.3333335876464844e+01 6.6355140686035156e+01
9643 8.3333335876464844e+01 6.5420562744140625e+01
9644 8.3333335876464844e+01 6.4485984802246094e+01
9645 8.3333335876464844e+01 6.3551403045654297e+01
9646 8.3333335876464844e+01 6.2616821289062500e+01
9647 8.3333335876464844e+01 6.1682243347167969e+01
9648 8.3333335876464844e+01 6.0747665405273438e+01
9649 8.3333335876464844e+01 5.9813083648681641e+01
9650 8.3333335876464844e+01 5.8878505706787109e+01
9651 8.3333335876464844e+01 5.7943923950195312e+01
9652 8.3333335876464844e+01 5.7009346008300781e+01
9653 8.3333335876464844e+01 5.6074768066406250e+01
9654 8.3333335876464844e+01 5.5140186309814453e+01
9655 8.3333335876464844e+01 5.4205608367919922e+01
9656 8.3333335876464844e+01 5.3271026611328125e+01
9657 8.3333335876464844e+01 5.2336448669433594e+01
9658 8.3333335876464844e+01 5.1401870727539062e+01
9659 8.3333335876464844e+01 5.0467288970947266e+01
9660 8.3333335876464844e+01 4.9532711029052734e+01
9661 8.3333335876464844e+01 4.8598129272460938e+01
9662 8.3333335876464844e+01 4.7663551330566406e+01
9663 8.3333335876464844e+01 4.6728973388671875e+01
9664 8.3333335876464844e+01 4.5794391632080078e+01
9665 8.3333335876464844e+01 4.4859813690185547e+01
9666 8.3333335876464844e+01 4.3925231933593750e+01
9667 8.3333335876464844e+01 4.2990653991699219e+01
9668 8.3333335876464844e+01 4.2056076049804688e+01
9669 8.3333335876464844e+01 4.1121494293212891e+01
9670 8.3333335876464844e+01 4.0186916351318359e+01
9671 8.3333335876464844e+01 3.9252334594726562e+01
9672 8.3333335876464844e+01 3.8317756652832031e+01
9673 8.3333335876464844e+01 3.7383178710937500e+01
9674 8.3333335876464844e+01 3.6448596954345703e+01
9675 8.3333335876464844e+01 3.5514019012451172e+01
9676 8.3333335876464844e+01 3.4579441070556641e+01
9677 8.3333335876464844e+01 3.3644859313964844e+01
9678 8.3333335876464844e+01 3.2710281372070312e+01
9679 8.3333335876464844e+01 3.1775701522827148e+01
9680 8.3333335876464844e+01 3.0841121673583984e+01
9681 8.3333335876464844e+01 2.9906541824340820e+01
9682 8.3333335876464844e+01 2.8971961975097656e+01
9683 8.3333335876464844e+01 2.8037384033203125e+01
9684 8.3333335876464844e+01 2.7102804183959961e+01
9685 8.3333335876464844e+01 2.6168224334716797e+01
9686 8.3333335876464844e+01 2.5233644485473633e+01
9687 8.3333335876464844e+01 2.4299064636230469e+01
9688 8.3333335876464844e+01 2.3364486694335938e+01
9689 8.3333335876464844e+01 2.2429906845092773e+01
9690 8.3333335876464844e+01 2.1495326995849609e+01
9691 8.3333335876464844e+01 2.0560747146606445e+01
9692 8.3333335876464844e+01 1.9626167297363281e+01
9693 8.3333335876464844e+01 1.8691589355468750e+01
9694 8.3333335876464844e+01 1.7757009506225586e+01
9695 8.3333335876464844e+01 1.6822429656982422e+01
9696 8.3333335876464844e+01 1.5887850761413574e+01
9697 8.3333335876464844e+01 1.4953270912170410e+01
9698 8.3333335876464844e+01 1.4018692016601562e+01
9699 8.3333335876464844e+01 1.3084112167358398e+01
9700 8.3333335876464844e+01 1.2149532318115234e+01
9701 8.3333335876464844e+01 1.1214953422546387e+01
9702 8.3333335876464844e+01 1.0280373573303223e+01
9703 8.3333335876464844e+01 9.3457946777343750e+00
9704 8.3333335876464844e+01 8.4112148284912109e+00
9705 8.3333335876464844e+01 7.4766354560852051e+00
9706 8.3333335876464844e+01 6.5420560836791992e+00
9707 8.3333335876464844e+01 5.6074767112731934e+00
9708 8.3333335876464844e+01 4.6728973388671875e+00
9709 8.3333335876464844e+01 3.7383177280426025e+00
9710 8.3333335876464844e+01 2.8037383556365967e+00
9711 8.3333335876464844e+01 1.8691588640213013e+00
9712 8.3333335876464844e+01 9.3457943201065063e-01
9713 8.8095237731933594e+01 9.9065422058105469e+01
9714 8.8095237731933594e+01 9.8130844116210938e+01
9715 8.8095237731933594e+01 9.7196258544921875e+01
9716 8.8095237731933594e+01 9.6261680603027344e+01
9717 8.8095237731933594e+01 9.5327102661132812e+01
9718 8.8095237731933594e+01 9.4392524719238281e+01
9719 8.8095237731933594e+01 9.3457946777343750e+01
9720 8.8095237731933594e+01 9.2523361206054688e+01
9721 8.8095237731933594e+01 9.1588783264160156e+01
9722 8.8095237731933594e+01 9.0654205322265625e+01
9723 8.8095237731933594e+01 8.9719627380371094e+01
9724 8.8095237731933594e+01 8.8785049438476562e+01
9725 8.8095237731933594e+01 8.7850463867187500e+01
9726 8.8095237731933594e+01 8.6915885925292969e+01
9727 8.8095237731933594e+01 8.5981307983398438e+01
9728 8.8095237731933594e+01 8.5046730041503906e+01
9729 8.8095237731933594e+01 8.4112152099609375e+01
9730 8.8095237731933594e+01 8.3177566528320312e+01
9731 8.8095237731933594e+01 8.2242988586425781e+01
9732 8.8095237731933594e+01 8.1308410644531250e+01
9733 8.8095237731933594e+01 8.0373832702636719e+01
9734 8.8095237731933594e+01 7.9439254760742188e+01
9735 8.8095237731933594e+01 7.8504669189453125e+01
9736 8.8095237731933594e+01 7.7570091247558594e+01
9737 8.8095237731933594e+01 7.6635513305664062e+01
9738 8.8095237731933594e+01 7.5700935363769531e+01
9739 8.8095237731933594e+01 7.4766357421875000e+01
9740 8.8095237731933594e+01 7.3831779479980469e+01
9741 8.8095237731933594e+01 7.2897193908691406e+01
9742 8.8095237731933594e+01 7.1962615966796875e+01
9743 8.8095237731933594e+01 7.1028038024902344e+01
9744 8.8095237731933594e+01 7.0093460083007812e+01
9745 8.8095237731933594e+01 6.9158882141113281e+01
9746 8.8095237731933594e+01 6.8224296569824219e+01
9747 8.8095237731933594e+01 6.7289718627929688e+01
9748 8.8095237731933594e+01 6.6355140686035156e+01
9749 8.8095237731933594e+01 6.5420562744140625e+01
9750 8.8095237731933594e+01 6.4485984802246094e+01
9751 8.8095237731933594e+01 6.3551403045654297e+01
9752 8.8095237731933594e+01 6.2616821289062500e+01
9753 8.8095237731933594e+01 6.1682243347167969e+01
9754 8.8095237731933594e+01 6.0747665405273438e+01
9755 8.8095237731933594e+01 5.9813083648681641e+01
9756 8.8095237731933594e+01 5.8878505706787109e+01
9757 8.8095237731933594e+01 5.7943923950195312e+01
9758 8.8095237731933594e+01 5.7009346008300781e+01
9759 8.8095237731933594e+01 5.6074768066406250e+01
9760 8.8095237731933594e+01 5.5140186309814453e+01
9761 8.8095237731933594e+01 5.4205608367919922e+01
9762 8.8095237731933594e+01 5.3271026611328125e+01
9763 8.8095237731933594e+01 5.2336448669433594e+01
9764 8.8095237731933594e+01 5.1401870727539062e+01
9765 8.8095237731933594e+01 5.0467288970947266e+01
9766 8.8095237731933594e+01 4.9532711029052734e+01
9767 8.8095237731933594e+01 4.8598129272460938e+01
9768 8.8095237731933594e+01 4.7663551330566406e+01
9769 8.8095237731933594e+01 4.6728973388671875e+01
9770 8.8095237731933594e+01 4.5794391632080078e+01
9771 8.8095237731933594e+01 4.4859813690185547e+01
9772 8.8095237731933594e+01 4.3925231933593750e+01
9773 8.8095237731933594e+01 4.2990653991699219e+01
9774 8.8095237731933594e+01 4.2056076049804688e+01
9775 8.8095237731933594e+01 4.1121494293212891e+01
9776 8.8095237731933594e+01 4.0186916351318359e+01
9777 8.8095237731933594e+01 3.9252334594726562e+01
9778 8.8095237731933594e+01 3.8317756652832031e+01
9779 8.8095237731933594e+01 3.7383178710937500e+01
9780 8.8095237731933594e+01 3.6448596954345703e+01
9781 8.8095237731933594e+01 3.5514019012451172e+01
9782 8.8095237731933594e+01 3.4579441070556641e+01
9783 8.8095237731933594e+01 3.3644859313964844e+01
9784 8.8095237731933594e+01 3.2710281372070312e+01
9785 8.8095237731933594e+01 3.1775701522827148e+01
9786 8.8095237731933594e+01 3.0841121673583984e+01
9787 8.8095237731933594e+01 2.9906541824340820e+01
9788 8.8095237731933594e+01 2.8971961975097656e+01
9789 8.8095237731933594e+01 2.8037384033203125e+01
9790 8.8095237731933594e+01 2.7102804183959961e+01
9791 8.8095237731933594e+01 2.6168224334716797e+01
9792 8.8095237731933594e+01 2.5233644485473633e+01
9793 8.8095237731933594e+01 2.4299064636230469e+01
9794 8.8095237731933594e+01 2.3364486694335938e+01
9795 8.8095237731933594e+01 2.2429906845092773e+01
9796 8.8095237731933594e+01 2.1495326995849609e+01
9797 8.8095237731933594e+01 2.0560747146606445e+01
9798 8.8095237731933594e+01 1.9626167297363281e+01
9799 8.8095237731933594e+01 1.8691589355468750e+01
9800 8.8095237731933594e+01 1.7757009506225586e+01
9801 8.8095237731933594e+01 1.6822429656982422e+01
9802 8.8095237731933594e+01 1.5887850761413574e+01
9803 8.8095237731933594e+01 1.4953270912170410e+01
9804 8.8095237731933594e+01 1.4018692016601562e+01
9805 8.8095237731933594e+01 1.3084112167358398e+01
9806 8.8095237731933594e+01 1.2149532318115234e+01
9807 8.8095237731933594e+01 1.1214953422546387e+01
9808 8.8095237731933594e+01 1.0280373573303223e+01
9809 8.8095237731933594e+01 9.3457946777343750e+00
9810 8.8095237731933594e+01 8.4112148284912109e+00
9811 8.8095237731933594e+01 7.4766354560852051e+00
9812 8.8095237731933594e+01 6.5420560836791992e+00
9813 8.8095237731933594e+01 5.6074767112731934e+00
9814 8.8095237731933594e+01 4.6728973388671875e+00
9815 8.8095237731933594e+01 3.7383177280426025e+00
9816 8.8095237731933594e+01 2.8037383556365967e+00
9817 8.8095237731933594e+01 1.8691588640213013e+00
9818 8.8095237731933594e+01 9.3457943201065063e-01
9819 9.2857139587402344e+01 9.9065422058105469e+01
9820 9.2857139587402344e+01 9.8130844116210938e+01
9821 9.2857139587402344e+01 9.7196258544921875e+01
9822 9.2857139587402344e+01 9.6261680603027344e+01
9823 9.2857139587402344e+01 9.5327102661132812e+01
9824 9.2857139587402344e+01 9.4392524719238281e+01
9825 9.2857139587402344e+01 9.3457946777343750e+01
9826 9.2857139587402344e+01 9.2523361206054688e+01
9827 9.2857139587402344e+01 9.1588783264160156e+01
9828 9.2857139587402344e+01 9.0654205322265625e+01
9829 9.2857139587402344e+01 8.9719627380371094e+01
9830 9.2857139587402344e+01 8.8785049438476562e+01
9831 9.2857139587402344e+01 8.7850463867187500e+01
9832 9.2857139587402344e+01 8.6915885925292969e+01
9833 9.2857139587402344e+01 8.5981307983398438e+01
9834 9.2857139587402344e+01 8.5046730041503906e+01
9835 9.2857139587402344e+01 8.4112152099609375e+01
9836 9.2857139587402344e+01 8.3177566528320312e+01
9837 9.2857139587402344e+01 8.2242988586425781e+01
9838 9.2857139587402344e+01 8.1308410644531250e+01
9839 9.2857139587402344e+01 8.0373832702636719e+01
9840 9.2857139587402344e+01 7.9439254760742188e+01
9841 9.2857139587402344e+01 7.8504669189453125e+01
9842 9.2857139587402344e+01 7.7570091247558594e+01
9843 9.2857139587402344e+01 7.6635513305664062e+01
9844 9.2857139587402344e+01 7.5700935363769531e+01
9845 9.2857139587402344e+01 7.4766357421875000e+01
9846 9.2857139587402344e+01 7.3831779479980469e+01
9847 9.2857139587402344e+01 7.2897193908691406e+01
9848 9.2857139587402344e+01 7.1962615966796875e+01
9849 9.2857139587402344e+01 7.1028038024902344e+01
9850 9.2857139587402344e+01 7.0093460083007812e+01
9851 9.2857139587402344e+01 6.9158882141113281e+01
9852 9.2857139587402344e+01 6.8224296569824219e+01
9853 9.2857139587402344e+01 6.7289718627929688e+01
9854 9.2857139587402344e+01 6.6355140686035156e+01
9855 9.2857139587402344e+01 6.5420562744140625e+01
9856 9.2857139587402344e+01 6.4485984802246094e+01
9857 9.2857139587402344e+01 6.3551403045654297e+01
9858 9.2857139587402344e+01 6.2616821289062500e+01
9859 9.2857139587402344e+01 6.1682243347167969e+01
9860 9.2857139587402344e+01 6.0747665405273438e+01
9861 9.2857139587402344e+01 5.9813083648681641e+01
9862 9.2857139587402344e+01 5.8878505706787109e+01
9863 9.2857139587402344e+01 5.7943923950195312e+01
9864 9.2857139587402344e+01 5.7009346008300781e+01
9865 9.2857139587402344e+01 5.6074768066406250e+01
9866 9.2857139587402344e+01 5.5140186309814453e+01
9867 9.2857139587402344e+01 5.4205608367919922e+01
9868 9.2857139587402344e+01 5.3271026611328125e+01
9869 9.2857139587402344e+01 5.2336448669433594e+01
9870 9.2857139587402344e+01 5.1401870727539062e+01
9871 9.2857139587402344e+01 5.0467288970947266e+01
9872 9.2857139587402344e+01 4.9532711029052734e+01
9873 9.2857139587402344e+01 4.8598129272460938e+01
9874 9.2857139587402344e+01 4.7663551330566406e+01
9875 9.2857139587402344e+01 4.6728973388671875e+01
9876 9.2857139587402344e+01 4.5794391632080078e+01
9877 9.2857139587402344e+01 4.4859813690185547e+01
9878 9.2857139587402344e+01 4.3925231933593750e+01
9879 9.2857139587402344e+01 4.2990653991699219e+01
9880 9.2857139587402344e+01 4.2056076049804688e+01
9881 9.2857139587402344e+01 4.1121494293212891e+01
9882 9.2857139587402344e+01 4.0186916351318359e+01
9883 9.2857139587402344e+01 3.9252334594726562e+01
9884 9.2857139587402344e+01 3.8317756652832031e+01
9885 9.2857139587402344e+01 3.7383178710937500e+01
9886 9.2857139587402344e+01 3.6448596954345703e+01
9887 9.2857139587402344e+01 3.5514019012451172e+01
9888 9.2857139587402344e+01 3.4579441070556641e+01
9889 9.2857139587402344e+01 3.3644859313964844e+01
9890 9.2857139587402344e+01 3.2710281372070312e+01
9891 9.2857139587402344e+01 3.1775701522827148e+01
9892 9.2857139587402344e+01 3.0841121673583984e+01
9893 9.2857139587402344e+01 2.9906541824340820e+01
9894 9.2857139587402344e+01 2.8971961975097656e+01
9895 9.2857139587402344e+01 2.8037384033203125e+01
9896 9.2857139587402344e+01 2.7102804183959961e+01
9897 9.2857139587402344e+01 2.6168224334716797e+01
9898 9.2857139587402344e+01 2.5233644485473633e+01
9899 9.2857139587402344e+01 2.4299064636230469e+01
9900 9.2857139587402344e+01 2.3364486694335938e+01
9901 9.2857139587402344e+01 2.2429906845092773e+01
9902 9.2857139587402344e+01 2.1495326995849609e+01
9903 9.2857139587402344e+01 2.0560747146606445e+01
9904 9.2857139587402344e+01 1.9626167297363281e+01
9905 9.2857139587402344e+01 1.8691589355468750e+01
9906 9.2857139587402344e+01 1.7757009506225586e+01
9907 9.2857139587402344e+01 1.6822429656982422e+01
9908 9.2857139587402344e+01 1.5887850761413574e+01
9909 9.2857139587402344e+01 1.4953270912170410e+01
9910 9.2857139587402344e+01 1.4018692016601562e+01
9911 9.2857139587402344e+01 1.3084112167358398e+01
9912 9.2857139587402344e+01 1.2149532318115234e+01
9913 9.2857139587402344e+01 1.1214953422546387e+01
9914 9.2857139587402344e+01 1.0280373573303223e+01
9915 9.2857139587402344e+01 9.3457946777343750e+00
9916 9.2857139587402344e+01 8.4112148284912109e+00
9917 9.2857139587402344e+01 7.4766354560852051e+00
9918 9.2857139587402344e+01 6.5420560836791992e+00
9919 9.2857139587402344e+01 5.6074767112731934e+00
9920 9.2857139587402344e+01 4.6728973388671875e+00
9921 9.2857139587402344e+01 3.7383177280426025e+00
9922 9.2857139587402344e+01 2.8037383556365967e+00
9923 9.2857139587402344e+01 1.8691588640213013e+00
9924 9.2857139587402344e+01 9.3457943201065063e-01
9925 9.7619049072265625e+01 9.9065422058105469e+01
9926 9.7619049072265625e+01 9.8130844116210938e+01
9927 9.7619049072265625e+01 9.7196258544921875e+01
9928 9.7619049072265625e+01 9.6261680603027344e+01
9929 9.7619049072265625e+01 9.5327102661132812e+01
9930 9.7619049072265625e+01 9.4392524719238281e+01
9931 9.7619049072265625e+01 9.3457946777343750e+01
9932 9.7619049072265625e+01 9.2523361206054688e+01
9933 9.7619049072265625e+01 9.1588783264160156e+01
9934 9.7619049072265625e+01 9.0654205322265625e+01
9935 9.7619049072265625e+01 8.9719627380371094e+01
9936 9.7619049072265625e+01 8.8785049438476562e+01
9937 9.7619049072265625e+01 8.7850463867187500e+01
9938 9.7619049072265625e+01 8.6915885925292969e+01
9939 9.7619049072265625e+01 8.5981307983398438e+01
9940 9.7619049072265625e+01 8.5046730041503906e+01
9941 9.7619049072265625e+01 8.4112152099609375e+01
9942 9.7619049072265625e+01 8.3177566528320312e+01
9943 9.7619049072265625e+01 8.2242988586425781e+01
9944 9.7619049072265625e+01 8.1308410644531250e+01
9945 9.7619049072265625e+01 8.0373832702636719e+01
9946 9.7619049072265625e+01 7.9439254760742188e+01
9947 9.7619049072265625e+01 7.8504669189453125e+01
9948 9.7619049072265625e+01 7.7570091247558594e+01
9949 9.7619049072265625e+01 7.6635513305664062e+01
9950 9.7619049072265625e+01 7.5700935363769531e+01
9951 9.7619049072265625e+01 7.4766357421875000e+01
9952 9.7619049072265625e+01 7.3831779479980469e+01
9953 9.7619049072265625e+01 7.2897193908691406e+01
9954 9.7619049072265625e+01 7.1962615966796875e+01
9955 9.7619049072265625e+01 7.1028038024902344e+01
9956 9.7619049072265625e+01 7.0093460083007812e+01
9957 9.7619049072265625e+01 6.9158882141113281e+01
9958 9.7619049072265625e+01 6.8224296569824219e+01
9959 9.7619049072265625e+01 6.7289718627929688e+01
9960 9.7619049072265625e+01 6.6355140686035156e+01
9961 9.7619049072265625e+01 6.5420562744140625e+01
9962 9.7619049072265625e+01 6.4485984802246094e+01
9963 9.7619049072265625e+01 6.3551403045654297e+01
9964 9.7619049072265625e+01 6.2616821289062500e+01
9965 9.7619049072265625e+01 6.1682243347167969e+01
9966 9.7619049072265625e+01 6.0747665405273438e+01
9967 9.7619049072265625e+01 5.9813083648681641e+01
9968 9.7619049072265625e+01 5.8878505706787109e+01
9969 9.7619049072265625e+01 5.7943923950195312e+01
9970 9.7619049072265625e+01 5.7009346008300781e+01
9971 9.7619049072265625e+01 5.6074768066406250e+01
9972 9.7619049072265625e+01 5.5140186309814453e+01
9973 9.7619049072265625e+01 5.4205608367919922e+01
9974 9.7619049072265625e+01 5.3271026611328125e+01
9975 9.7619049072265625e+01 5.2336448669433594e+01
9976 9.7619049072265625e+01 5.1401870727539062e+01
9977 9.7619049072265625e+01 5.0467288970947266e+01
9978 9.7619049072265625e+01 4.9532711029052734e+01
9979 9.7619049072265625e+01 4.8598129272460938e+01
9980 9.7619049072265625e+01 4.7663551330566406e+01
9981 9.7619049072265625e+01 4.6728973388671875e+01
9982 9.7619049072265625e+01 4.5794391632080078e+01
9983 9.7619049072265625e+01 4.4859813690185547e+01
9984 9.7619049072265625e+01 4.3925231933593750e+01
9985 9.7619049072265625e+01 4.2990653991699219e+01
9986 9.7619049072265625e+01 4.2056076049804688e+01
9987 9.7619049072265625e+01 4.1121494293212891e+01
9988 9.7619049072265625e+01 4.0186916351318359e+01
9989 9.7619049072265625e+01 3.9252334594726562e+01
9990 9.7619049072265625e+01 3.8317756652832031e+01
9991 9.7619049072265625e+01 3.7383178710937500e+01
9992 9.7619049072265625e+01 3.6448596954345703e+01
9993 9.7619049072265625e+01 3.5514019012451172e+01
9994 9.7619049072265625e+01 3.4579441070556641e+01
9995 9.7619049072265625e+01 3.3644859313964844e+01
9996 9.7619049072265625e+01 3.2710281372070312e+01
9997 9.7619049072265625e+01 3.1775701522827148e+01
9998 9.7619049072265625e+01 3.0841121673583984e+01
9999 9.7619049072265625e+01 2.9906541824340820e+01
10000 9.7619049072265625e+01 2.8971961975097656e+01
10001 9.7619049072265625e+01 2.8037384033203125e+01
10002 9.7619049072265625e+01 2.7102804183959961e+01
10003 9.7619049072265625e+01 2.6168224334716797e+01
10004 9.7619049072265625e+01 2.5233644485473633e+01
10005 9.7619049072265625e+01 2.4299064636230469e+01
10006 9.7619049072265625e+01 2.3364486694335938e+01
10007 9.7619049072265625e+01 2.2429906845092773e+01
10008 9.7619049072265625e+01 2.1495326995849609e+01
10009 9.7619049072265625e+01 2.0560747146606445e+01
10010 9.7619049072265625e+01 1.9626167297363281e+01
10011 9.7619049072265625e+01 1.8691589355468750e+01
10012 9.7619049072265625e+01 1.7757009506225586e+01
10013 9.7619049072265625e+01 1.6822429656982422e+01
10014 9.7619049072265625e+01 1.5887850761413574e+01
10015 9.7619049072265625e+01 1.4953270912170410e+01
10016 9.7619049072265625e+01 1.4018692016601562e+01
10017 9.7619049072265625e+01 1.3084112167358398e+01
10018 9.7619049072265625e+01 1.2149532318115234e+01
10019 9.7619049072265625e+01 1.1214953422546387e+01
10020 9.7619049072265625e+01 1.0280373573303223e+01
10021 9.7619049072265625e+01 9.3457946777343750e+00
10022 9.7619049072265625e+01 8.4112148284912109e+00
10023 9.7619049072265625e+01 7.4766354560852051e+00
10024 9.7619049072265625e+01 6.5420560836791992e+00
10025 9.7619049072265625e+01 5.6074767112731934e+00
10026 9.7619049072265625e+01 4.6728973388671875e+00
10027 9.7619049072265625e+01 3.7383177280426025e+00
10028 9.7619049072265625e+01 2.8037383556365967e+00
10029 9.7619049072265625e+01 1.8691588640213013e+00
10030 9.7619049072265625e+01 9.3457943201065063e-01
10031 1.0238095092773438e+02 9.9065422058105469e+01
10032 1.0238095092773438e+02 9.8130844116210938e+01
10033 1.0238095092773438e+02 9.7196258544921875e+01
10034 1.0238095092773438e+02 9.6261680603027344e+01
10035 1.0238095092773438e+02 9.5327102661132812e+01
10036 1.0238095092773438e+02 9.4392524719238281e+01
10037 1.0238095092773438e+02 9.3457946777343750e+01
10038 1.0238095092773438e+02 9.2523361206054688e+01
10039 1.0238095092773438e+02 9.1588783264160156e+01
10040 1.0238095092773438e+02 9.0654205322265625e+01
10041 1.0238095092773438e+02 8.9719627380371094e+01
10042 1.0238095092773438e+02 8.8785049438476562e+01
10043 1.0238095092773438e+02 8.7850463867187500e+01
10044 1.0238095092773438e+02 8.6915885925292969e+01
10045 1.0238095092773438e+02 8.5981307983398438e+01
10046 1.0238095092773438e+02 8.5046730041503906e+01
10047 1.0238095092773438e+02 8.4112152099609375e+01
10048 1.0238095092773438e+02 8.3177566528320312e+01
10049 1.0238095092773438e+02 8.2242988586425781e+01
10050 1.0238095092773438e+02 8.1308410644531250e+01
10051 1.0238095092773438e+02 8.0373832702636719e+01
10052 1.0238095092773438e+02 7.9439254760742188e+01
10053 1.0238095092773438e+02 7.8504669189453125e+01
10054 1.0238095092773438e+02 7.7570091247558594e+01
10055 1.0238095092773438e+02 7.6635513305664062e+01
10056 1.0238095092773438e+02 7.5700935363769531e+01
10057 1.0238095092773438e+02 7.4766357421875000e+01
10058 1.0238095092773438e+02 7.3831779479980469e+01
10059 1.0238095092773438e+02 7.2897193908691406e+01
10060 1.0238095092773438e+02 7.1962615966796875e+01
10061 1.0238095092773438e+02 7.1028038024902344e+01
10062 1.0238095092773438e+02 7.0093460083007812e+01
10063 1.0238095092773438e+02 6.9158882141113281e+01
10064 1.0238095092773438e+02 6.8224296569824219e+01
10065 1.0238095092773438e+02 6.7289718627929688e+01
10066 1.0238095092773438e+02 6.6355140686035156e+01
10067 1.0238095092773438e+02 6.5420562744140625e+01
10068 1.0238095092773438e+02 6.4485984802246094e+01
10069 1.0238095092773438e+02 6.3551403045654297e+01
10070 1.0238095092773438e+02 6.2616821289062500e+01
10071 1.0238095092773438e+02 6.1682243347167969e+01
10072 1.0238095092773438e+02 6.0747665405273438e+01
10073 1.0238095092773438e+02 5.9813083648681641e+01
10074 1.0238095092773438e+02 5.8878505706787109e+01
10075 1.0238095092773438e+02 5.7943923950195312e+01
10076 1.0238095092773438e+02 5.7009346008300781e+01
10077 1.0238095092773438e+02 5.6074768066406250e+01
10078 1.0238095092773438e+02 5.5140186309814453e+01
10079 1.0238095092773438e+02 5.4205608367919922e+01
10080 1.0238095092773438e+02 5.3271026611328125e+01
10081 1.0238095092773438e+02 5.2336448669433594e+01
10082 1.0238095092773438e+02 5.1401870727539062e+01
10083 1.0238095092773438e+02 5.0467288970947266e+01
10084 1.0238095092773438e+02 4.9532711029052734e+01
10085 1.0238095092773438e+02 4.8598129272460938e+01
10086 1.0238095092773438e+02 4.7663551330566406e+01
10087 1.0238095092773438e+02 4.6728973388671875e+01
10088 1.0238095092773438e+02 4.5794391632080078e+01
10089 1.0238095092773438e+02 4.4859813690185547e+01
10090 1.0238095092773438e+02 4.3925231933593750e+01
10091 1.0238095092773438e+02 4.2990653991699219e+01
10092 1.0238095092773438e+02 4.2056076049804688e+01
10093 1.0238095092773438e+02 4.1121494293212891e+01
10094 1.0238095092773438e+02 4.0186916351318359e+01
10095 1.0238095092773438e+02 3.9252334594726562e+01
10096 1.0238095092773438e+02 3.8317756652832031e+01
10097 1.0238095092773438e+02 3.7383178710937500e+01
10098 1.0238095092773438e+02 3.6448596954345703e+01
10099 1.0238095092773438e+02 3.5514019012451172e+01
10100 1.0238095092773438e+02 3.4579441070556641e+01
10101 1.0238095092773438e+02 3.3644859313964844e+01
10102 1.0238095092773438e+02 3.2710281372070312e+01
10103 1.0238095092773438e+02 3.1775701522827148e+01
10104 1.0238095092773438e+02 3.0841121673583984e+01
10105 1.0238095092773438e+02 2.9906541824340820e+01
10106 1.0238095092773438e+02 2.8971961975097656e+01
10107 1.0238095092773438e+02 2.8037384033203125e+01
10108 1.0238095092773438e+02 2.7102804183959961e+01
10109 1.0238095092773438e+02 2.6168224334716797e+01
10110 1.0238095092773438e+02 2.5233644485473633e+01
10111 1.0238095092773438e+02 2.4299064636230469e+01
10112 1.0238095092773438e+02 2.3364486694335938e+01
10113 1.0238095092773438e+02 2.2429906845092773e+01
10114 1.0238095092773438e+02 2.1495326995849609e+01
10115 1.0238095092773438e+02 2.0560747146606445e+01
10116 1.0238095092773438e+02 1.9626167297363281e+01
10117 1.0238095092773438e+02 1.8691589355468750e+01
10118 1.0238095092773438e+02 1.7757009506225586e+01
10119 1.0238095092773438e+02 1.6822429656982422e+01
10120 1.0238095092773438e+02 1.5887850761413574e+01
10121 1.0238095092773438e+02 1.4953270912170410e+01
10122 1.0238095092773438e+02 1.4018692016601562e+01
10123 1.0238095092773438e+02 1.3084112167358398e+01
10124 1.0238095092773438e+02 1.2149532318115234e+01
10125 1.0238095092773438e+02 1.1214953422546387e+01
10126 1.0238095092773438e+02 1.0280373573303223e+01
10127 1.0238095092773438e+02 9.3457946777343750e+00
10128 1.0238095092773438e+02 8.4112148284912109e+00
10129 1.0238095092773438e+02 7.4766354560852051e+00
10130 1.0238095092773438e+02 6.5420560836791992e+00
10131 1.0238095092773438e+02 5.6074767112731934e+00
10132 1.0238095092773438e+02 4.6728973388671875e+00
10133 1.0238095092773438e+02 3.7383177280426025e+00
10134 1.0238095092773438e+02 2.8037383556365967e+00
10135 1.0238095092773438e+02 1.8691588640213013e+00
10136 1.0238095092773438e+02 9.3457943201065063e-01
10137 1.0714286041259766e+02 9.9065422058105469e+01
10138 1.0714286041259766e+02 9.8130844116210938e+01
10139 1.0714286041259766e+02 9.7196258544921875e+01
10140 1.0714286041259766e+02 9.6261680603027344e+01
10141 1.0714286041259766e+02 9.5327102661132812e+01
10142 1.0714286041259766e+02 9.4392524719238281e+01
10143 1.0714286041259766e+02 9.3457946777343750e+01
10144 1.0714286041259766e+02 9.2523361206054688e+01
10145 1.0714286041259766e+02 9.1588783264160156e+01
10146 1.0714286041259766e+02 9.0654205322265625e+01
10147 1.0714286041259766e+02 8.9719627380371094e+01
10148 1.0714286041259766e+02 8.8785049438476562e+01
10149 1.0714286041259766e+02 8.7850463867187500e+01
10150 1.0714286041259766e+02 8.6915885925292969e+01
10151 1.0714286041259766e+02 8.5981307983398438e+01
10152 1.0714286041259766e+02 8.5046730041503906e+01
10153 1.0714286041259766e+02 8.4112152099609375e+01
10154 1.0714286041259766e+02 8.3177566528320312e+01
10155 1.0714286041259766e+02 8.2242988586425781e+01
10156 1.0714286041259766e+02 8.1308410644531250e+01
10157 1.0714286041259766e+02 8.0373832702636719e+01
10158 1.0714286041259766e+02 7.9439254760742188e+01
10159 1.0714286041259766e+02 7.8504669189453125e+01
10160 1.0714286041259766e+02 7.7570091247558594e+01
10161 1.0714286041259766e+02 7.6635513305664062e+01
10162 1.0714286041259766e+02 7.5700935363769531e+01
10163 1.0714286041259766e+02 7.4766357421875000e+01
10164 1.0714286041259766e+02 7.3831779479980469e+01
10165 1.0714286041259766e+02 7.2897193908691406e+01
10166 1.0714286041259766e+02 7.1962615966796875e+01
10167 1.0714286041259766e+02 7.1028038024902344e+01
10168 1.0714286041259766e+02 7.0093460083007812e+01
10169 1.0714286041259766e+02 6.9158882141113281e+01
10170 1.0714286041259766e+02 6.8224296569824219e+01
10171 1.0714286041259766e+02 6.7289718627929688e+01
10172 1.0714286041259766e+02 6.6355140686035156e+01
10173 1.0714286041259766e+02 6.5420562744140625e+01
10174 1.0714286041259766e+02 6.4485984802246094e+01
10175 1.0714286041259766e+02 6.3551403045654297e+01
10176 1.0714286041259766e+02 6.2616821289062500e+01
10177 1.0714286041259766e+02 6.1682243347167969e+01
10178 1.0714286041259766e+02 6.0747665405273438e+01
10179 1.0714286041259766e+02 5.9813083648681641e+01
10180 1.0714286041259766e+02 5.8878505706787109e+01
10181 1.0714286041259766e+02 5.7943923950195312e+01
10182 1.0714286041259766e+02 5.7009346008300781e+01
10183 1.0714286041259766e+02 5.6074768066406250e+01
10184 1.0714286041259766e+02 5.5140186309814453e+01
10185 1.0714286041259766e+02 5.4205608367919922e+01
10186 1.0714286041259766e+02 5.3271026611328125e+01
10187 1.0714286041259766e+02 5.2336448669433594e+01
10188 1.0714286041259766e+02 5.1401870727539062e+01
10189 1.0714286041259766e+02 5.0467288970947266e+01
10190 1.0714286041259766e+02 4.9532711029052734e+01
10191 1.0714286041259766e+02 4.8598129272460938e+01
10192 1.0714286041259766e+02 4.7663551330566406e+01
10193 1.0714286041259766e+02 4.6728973388671875e+01
10194 1.0714286041259766e+02 4.5794391632080078e+01
10195 1.0714286041259766e+02 4.4859813690185547e+01
10196 1.0714286041259766e+02 4.3925231933593750e+01
10197 1.0714286041259766e+02 4.2990653991699219e+01
10198 1.0714286041259766e+02 4.2056076049804688e+01
10199 1.0714286041259766e+02 4.1121494293212891e+01
10200 1.0714286041259766e+02 4.0186916351318359e+01
10201 1.0714286041259766e+02 3.9252334594726562e+01
10202 1.0714286041259766e+02 3.8317756652832031e+01
10203 1.0714286041259766e+02 3.7383178710937500e+01
10204 1.0714286041259766e+02 3.6448596954345703e+01
10205 1.0714286041259766e+02 3.5514019012451172e+01
10206 1.0714286041259766e+02 3.4579441070556641e+01
10207 1.0714286041259766e+02 3.3644859313964844e+01
10208 1.0714286041259766e+02 3.2710281372070312e+01
10209 1.0714286041259766e+02 3.1775701522827148e+01
10210 1.0714286041259766e+02 3.0841121673583984e+01
10211 1.0714286041259766e+02 2.9906541824340820e+01
10212 1.0714286041259766e+02 2.8971961975097656e+01
10213 1.0714286041259766e+02 2.8037384033203125e+01
10214 1.0714286041259766e+02 2.7102804183959961e+01
10215 1.0714286041259766e+02 2.6168224334716797e+01
10216 1.0714286041259766e+02 2.5233644485473633e+01
10217 1.0714286041259766e+02 2.4299064636230469e+01
10218 1.0714286041259766e+02 2.3364486694335938e+01
10219 1.0714286041259766e+02 2.2429906845092773e+01
10220 1.0714286041259766e+02 2.1495326995849609e+01
10221 1.0714286041259766e+02 2.0560747146606445e+01
10222 1.0714286041259766e+02 1.9626167297363281e+01
10223 1.0714286041259766e+02 1.8691589355468750e+01
10224 1.0714286041259766e+02 1.7757009506225586e+01
10225 1.0714286041259766e+02 1.6822429656982422e+01
10226 1.0714286041259766e+02 1.5887850761413574e+01
10227 1.0714286041259766e+02 1.4953270912170410e+01
10228 1.0714286041259766e+02 1.4018692016601562e+01
10229 1.0714286041259766e+02 1.3084112167358398e+01
10230 1.0714286041259766e+02 1.2149532318115234e+01
10231 1.0714286041259766e+02 1.1214953422546387e+01
10232 1.0714286041259766e+02 1.0280373573303223e+01
10233 1.0714286041259766e+02 9.3457946777343750e+00
10234 1.0714286041259766e+02 8.4112148284912109e+00
10235 1.0714286041259766e+02 7.4766354560852051e+00
10236 1.0714286041259766e+02 6.5420560836791992e+00
10237 1.0714286041259766e+02 5.6074767112731934e+00
10238 1.0714286041259766e+02 4.6728973388671875e+00
10239 1.0714286041259766e+02 3.7383177280426025e+00
10240 1.0714286041259766e+02 2.8037383556365967e+00
10241 1.0714286041259766e+02 1.8691588640213013e+00
10242 1.0714286041259766e+02 9.3457943201065063e-01
10243 1.1190476226806641e+02 9.9065422058105469e+01
10244 1.1190476226806641e+02 9.8130844116210938e+01
10245 1.1190476226806641e+02 9.7196258544921875e+01
10246 1.1190476226806641e+02 9.6261680603027344e+01
10247 1.1190476226806641e+02 9.5327102661132812e+01
10248 1.1190476226806641e+02 9.4392524719238281e+01
10249 1.1190476226806641e+02 9.3457946777343750e+01
10250 1.1190476226806641e+02 9.2523361206054688e+01
10251 1.1190476226806641e+02 9.1588783264160156e+01
10252 1.1190476226806641e+02 9.0654205322265625e+01
10253 1.1190476226806641e+02 8.9719627380371094e+01
10254 1.1190476226806641e+02 8.8785049438476562e+01
10255 1.1190476226806641e+02 8.7850463867187500e+01
10256 1.1190476226806641e+02 8.6915885925292969e+01
10257 1.1190476226806641e+02 8.5981307983398438e+01
10258 1.1190476226806641e+02 8.5046730041503906e+01
10259 1.1190476226806641e+02 8.4112152099609375e+01
10260 1.1190476226806641e+02 8.3177566528320312e+01
10261 1.1190476226806641e+02 8.2242988586425781e+01
10262 1.1190476226806641e+02 8.1308410644531250e+01
10263 1.1190476226806641e+02 8.0373832702636719e+01
10264 1.1190476226806641e+02 7.9439254760742188e+01
10265 1.1190476226806641e+02 7.8504669189453125e+01
10266 1.1190476226806641e+02 7.7570091247558594e+01
10267 1.1190476226806641e+02 7.6635513305664062e+01
10268 1.1190476226806641e+02 7.5700935363769531e+01
10269 1.1190476226806641e+02 7.4766357421875000e+01
10270 1.1190476226806641e+02 7.3831779479980469e+01
10271 1.1190476226806641e+02 7.2897193908691406e+01
10272 1.1190476226806641e+02 7.1962615966796875e+01
10273 1.1190476226806641e+02 7.1028038024902344e+01
10274 1.1190476226806641e+02 7.0093460083007812e+01
10275 1.1190476226806641e+02 6.9158882141113281e+01
10276 1.1190476226806641e+02 6.8224296569824219e+01
10277 1.1190476226806641e+02 6.7289718627929688e+01
10278 1.1190476226806641e+02 6.6355140686035156e+01
10279 1.1190476226806641e+02 6.5420562744140625e+01
10280 1.1190476226806641e+02 6.4485984802246094e+01
10281 1.1190476226806641e+02 6.3551403045654297e+01
10282 1.1190476226806641e+02 6.2616821289062500e+01
10283 1.1190476226806641e+02 6.1682243347167969e+01
10284 1.1190476226806641e+02 6.0747665405273438e+01
10285 1.1190476226806641e+02 5.9813083648681641e+01
10286 1.1190476226806641e+02 5.8878505706787109e+01
10287 1.1190476226806641e+02 5.7943923950195312e+01
10288 1.1190476226806641e+02 5.7009346008300781e+01
10289 1.1190476226806641e+02 5.6074768066406250e+01
10290 1.1190476226806641e+02 5.5140186309814453e+01
10291 1.1190476226806641e+02 5.4205608367919922e+01
10292 1.1190476226806641e+02 5.3271026611328125e+01
10293 1.1190476226806641e+02 5.2336448669433594e+01
10294 1.1190476226806641e+02 5.1401870727539062e+01
10295 1.1190476226806641e+02 5.0467288970947266e+01
10296 1.1190476226806641e+02 4.9532711029052734e+01
10297 1.1190476226806641e+02 4.8598129272460938e+01
10298 1.1190476226806641e+02 4.7663551330566406e+01
10299 1.1190476226806641e+02 4.6728973388671875e+01
10300 1.1190476226806641e+02 4.5794391632080078e+01
10301 1.1190476226806641e+02 4.4859813690185547e+01
10302 1.1190476226806641e+02 4.3925231933593750e+01
10303 1.1190476226806641e+02 4.2990653991699219e+01
10304 1.1190476226806641e+02 4.2056076049804688e+01
10305 1.1190476226806641e+02 4.1121494293212891e+01
10306 1.1190476226806641e+02 4.0186916351318359e+01
10307 1.1190476226806641e+02 3.9252334594726562e+01
10308 1.1190476226806641e+02 3.8317756652832031e+01
10309 1.1190476226806641e+02 3.7383178710937500e+01
10310 1.1190476226806641e+02 3.6448596954345703e+01
10311 1.1190476226806641e+02 3.5514019012451172e+01
10312 1.1190476226806641e+02 3.4579441070556641e+01
10313 1.1190476226806641e+02 3.3644859313964844e+01
10314 1.1190476226806641e+02 3.2710281372070312e+01
10315 1.1190476226806641e+02 3.1775701522827148e+01
10316 1.1190476226806641e+02 3.0841121673583984e+01
10317 1.1190476226806641e+02 2.9906541824340820e+01
10318 1.1190476226806641e+02 2.8971961975097656e+01
10319 1.1190476226806641e+02 2.8037384033203125e+01
10320 1.1190476226806641e+02 2.7102804183959961e+01
10321 1.1190476226806641e+02 2.6168224334716797e+01
10322 1.1190476226806641e+02 2.5233644485473633e+01
10323 1.1190476226806641e+02 2.4299064636230469e+01
10324 1.1190476226806641e+02 2.3364486694335938e+01
10325 1.1190476226806641e+02 2.2429906845092773e+01
10326 1.1190476226806641e+02 2.1495326995849609e+01
10327 1.1190476226806641e+02 2.0560747146606445e+01
10328 1.1190476226806641e+02 1.9626167297363281e+01
10329 1.1190476226806641e+02 1.8691589355468750e+01
10330 1.1190476226806641e+02 1.7757009506225586e+01
10331 1.1190476226806641e+02 1.6822429656982422e+01
10332 1.1190476226806641e+02 1.5887850761413574e+01
10333 1.1190476226806641e+02 1.4953270912170410e+01
10334 1.1190476226806641e+02 1.4018692016601562e+01
10335 1.1190476226806641e+02 1.3084112167358398e+01
10336 1.1190476226806641e+02 1.2149532318115234e+01
10337 1.1190476226806641e+02 1.1214953422546387e+01
10338 1.1190476226806641e+02 1.0280373573303223e+01
10339 1.1190476226806641e+02 9.3457946777343750e+00
10340 1.1190476226806641e+02 8.4112148284912109e+00
10341 1.1190476226806641e+02 7.4766354560852051e+00
10342 1.1190476226806641e+02 6.5420560836791992e+00
10343 1.1190476226806641e+02 5.6074767112731934e+00
10344 1.1190476226806641e+02 4.6728973388671875e+00
10345 1.1190476226806641e+02 3.7383177280426025e+00
10346 1.1190476226806641e+02 2.8037383556365967e+00
10347 1.1190476226806641e+02 1.8691588640213013e+00
10348 1.1190476226806641e+02 9.3457943201065063e-01
10349 1.1666666412353516e+02 9.9065422058105469e+01
10350 1.1666666412353516e+02 9.8130844116210938e+01
10351 1.1666666412353516e+02 9.7196258544921875e+01
10352 1.1666666412353516e+02 9.6261680603027344e+01
10353 1.1666666412353516e+02 9.5327102661132812e+01
10354 1.1666666412353516e+02 9.4392524719238281e+01
10355 1.1666666412353516e+02 9.3457946777343750e+01
10356 1.1666666412353516e+02 9.2523361206054688e+01
10357 1.1666666412353516e+02 9.1588783264160156e+01
10358 1.1666666412353516e+02 9.0654205322265625e+01
10359 1.1666666412353516e+02 8.9719627380371094e+01
10360 1.1666666412353516e+02 8.8785049438476562e+01
10361 1.1666666412353516e+02 8.7850463867187500e+01
10362 1.1666666412353516e+02 8.6915885925292969e+01
10363 1.1666666412353516e+02 8.5981307983398438e+01
10364 1.1666666412353516e+02 8.5046730041503906e+01
10365 1.1666666412353516e+02 8.4112152099609375e+01
10366 1.1666666412353516e+02 8.3177566528320312e+01
10367 1.1666666412353516e+02 8.2242988586425781e+01
10368 1.1666666412353516e+02 8.1308410644531250e+01
10369 1.1666666412353516e+02 8.0373832702636719e+01
10370 1.1666666412353516e+02 7.9439254760742188e+01
10371 1.1666666412353516e+02 7.8504669189453125e+01
10372 1.1666666412353516e+02 7.7570091247558594e+01
10373 1.1666666412353516e+02 7.6635513305664062e+01
10374 1.1666666412353516e+02 7.5700935363769531e+01
10375 1.1666666412353516e+02 7.4766357421875000e+01
10376 1.1666666412353516e+02 7.3831779479980469e+01
10377 1.1666666412353516e+02 7.2897193908691406e+01
10378 1.1666666412353516e+02 7.1962615966796875e+01
10379 1.1666666412353516e+02 7.1028038024902344e+01
10380 1.1666666412353516e+02 7.0093460083007812e+01
10381 1.1666666412353516e+02 6.9158882141113281e+01
10382 1.1666666412353516e+02 6.8224296569824219e+01
10383 1.1666666412353516e+02 6.7289718627929688e+01
10384 1.1666666412353516e+02 6.6355140686035156e+01
10385 1.1666666412353516e+02 6.5420562744140625e+01
10386 1.1666666412353516e+02 6.4485984802246094e+01
10387 1.1666666412353516e+02 6.3551403045654297e+01
10388 1.1666666412353516e+02 6.2616821289062500e+01
10389 1.1666666412353516e+02 6.1682243347167969e+01
10390 1.1666666412353516e+02 6.0747665405273438e+01
10391 1.1666666412353516e+02 5.9813083648681641e+01
10392 1.1666666412353516e+02 5.8878505706787109e+01
10393 1.1666666412353516e+02 5.7943923950195312e+01
10394 1.1666666412353516e+02 5.7009346008300781e+01
10395 1.1666666412353516e+02 5.6074768066406250e+01
10396 1.1666666412353516e+02 5.5140186309814453e+01
10397 1.1666666412353516e+02 5.4205608367919922e+01
10398 1.1666666412353516e+02 5.3271026611328125e+01
10399 1.1666666412353516e+02 5.2336448669433594e+01
10400 1.1666666412353516e+02 5.1401870727539062e+01
10401 1.1666666412353516e+02 5.0467288970947266e+01
10402 1.1666666412353516e+02 4.9532711029052734e+01
10403 1.1666666412353516e+02 4.8598129272460938e+01
10404 1.1666666412353516e+02 4.7663551330566406e+01
10405 1.1666666412353516e+02 4.6728973388671875e+01
10406 1.1666666412353516e+02 4.5794391632080078e+01
10407 1.1666666412353516e+02 4.4859813690185547e+01
10408 1.1666666412353516e+02 4.3925231933593750e+01
10409 1.1666666412353516e+02 4.2990653991699219e+01
10410 1.1666666412353516e+02 4.2056076049804688e+01
10411 1.1666666412353516e+02 4.1121494293212891e+01
10412 1.1666666412353516e+02 4.0186916351318359e+01
10413 1.1666666412353516e+02 3.9252334594726562e+01
10414 1.1666666412353516e+02 3.8317756652832031e+01
10415 1.1666666412353516e+02 3.7383178710937500e+01
10416 1.1666666412353516e+02 3.6448596954345703e+01
10417 1.1666666412353516e+02 3.5514019012451172e+01
10418 1.1666666412353516e+02 3.4579441070556641e+01
10419 1.1666666412353516e+02 3.3644859313964844e+01
10420 1.1666666412353516e+02 3.2710281372070312e+01
10421 1.1666666412353516e+02 3.1775701522827148e+01
10422 1.1666666412353516e+02 3.0841121673583984e+01
10423 1.1666666412353516e+02 2.9906541824340820e+01
10424 1.1666666412353516e+02 2.8971961975097656e+01
10425 1.1666666412353516e+02 2.8037384033203125e+01
10426 1.1666666412353516e+02 2.7102804183959961e+01
10427 1.1666666412353516e+02 2.6168224334716797e+01
10428 1.1666666412353516e+02 2.5233644485473633e+01
10429 1.1666666412353516e+02 2.4299064636230469e+01
10430 1.1666666412353516e+02 2.3364486694335938e+01
10431 1.1666666412353516e+02 2.2429906845092773e+01
10432 1.1666666412353516e+02 2.1495326995849609e+01
10433 1.1666666412353516e+02 2.0560747146606445e+01
10434 1.1666666412353516e+02 1.9626167297363281e+01
10435 1.1666666412353516e+02 1.8691589355468750e+01
10436 1.1666666412353516e+02 1.7757009506225586e+01
10437 1.1666666412353516e+02 1.6822429656982422e+01
10438 1.1666666412353516e+02 1.5887850761413574e+01
10439 1.1666666412353516e+02 1.4953270912170410e+01
10440 1.1666666412353516e+02 1.4018692016601562e+01
10441 1.1666666412353516e+02 1.3084112167358398e+01
10442 1.1666666412353516e+02 1.2149532318115234e+01
10443 1.1666666412353516e+02 1.1214953422546387e+01
10444 1.1666666412353516e+02 1.0280373573303223e+01
10445 1.1666666412353516e+02 9.3457946777343750e+00
10446 1.1666666412353516e+02 8.4112148284912109e+00
10447 1.1666666412353516e+02 7.4766354560852051e+00
10448 1.1666666412353516e+02 6.5420560836791992e+00
10449 1.1666666412353516e+02 5.6074767112731934e+00
10450 1.1666666412353516e+02 4.6728973388671875e+00
10451 1.1666666412353516e+02 3.7383177280426025e+00
10452 1.1666666412353516e+02 2.8037383556365967e+00
10453 1.1666666412353516e+02 1.8691588640213013e+00
10454 1.1666666412353516e+02 9.3457943201065063e-01
10455 1.2142857360839844e+02 9.9065422058105469e+01
10456 1.2142857360839844e+02 9.8130844116210938e+01
10457 1.2142857360839844e+02 9.7196258544921875e+01
10458 1.2142857360839844e+02 9.6261680603027344e+01
10459 1.2142857360839844e+02 9.5327102661132812e+01
10460 1.2142857360839844e+02 9.4392524719238281e+01
10461 1.2142857360839844e+02 9.3457946777343750e+01
10462 1.2142857360839844e+02 9.2523361206054688e+01
10463 1.2142857360839844e+02 9.1588783264160156e+01
10464 1.2142857360839844e+02 9.0654205322265625e+01
10465 1.2142857360839844e+02 8.9719627380371094e+01
10466 1.2142857360839844e+02 8.8785049438476562e+01
10467 1.2142857360839844e+02 8.7850463867187500e+01
10468 1.2142857360839844e+02 8.6915885925292969e+01
10469 1.2142857360839844e+02 8.5981307983398438e+01
10470 1.2142857360839844e+02 8.5046730041503906e+01
10471 1.2142857360839844e+02 8.4112152099609375e+01
10472 1.2142857360839844e+02 8.3177566528320312e+01
10473 1.2142857360839844e+02 8.2242988586425781e+01
10474 1.2142857360839844e+02 8.1308410644531250e+01
10475 1.2142857360839844e+02 8.0373832702636719e+01
10476 1.2142857360839844e+02 7.9439254760742188e+01
10477 1.2142857360839844e+02 7.8504669189453125e+01
10478 1.2142857360839844e+02 7.7570091247558594e+01
10479 1.2142857360839844e+02 7.6635513305664062e+01
10480 1.2142857360839844e+02 7.5700935363769531e+01
10481 1.2142857360839844e+02 7.4766357421875000e+01
10482 1.2142857360839844e+02 7.3831779479980469e+01
10483 1.2142857360839844e+02 7.2897193908691406e+01
10484 1.2142857360839844e+02 7.1962615966796875e+01
10485 1.2142857360839844e+02 7.1028038024902344e+01
10486 1.2142857360839844e+02 7.0093460083007812e+01
10487 1.2142857360839844e+02 6.9158882141113281e+01
10488 1.2142857360839844e+02 6.8224296569824219e+01
10489 1.2142857360839844e+02 6.7289718627929688e+01
10490 1.2142857360839844e+02 6.6355140686035156e+01
10491 1.2142857360839844e+02 6.5420562744140625e+01
10492 1.2142857360839844e+02 6.4485984802246094e+01
10493 1.2142857360839844e+02 6.3551403045654297e+01
10494 1.2142857360839844e+02 6.2616821289062500e+01
10495 1.2142857360839844e+02 6.1682243347167969e+01
10496 1.2142857360839844e+02 6.0747665405273438e+01
10497 1.2142857360839844e+02 5.9813083648681641e+01
10498 1.2142857360839844e+02 5.8878505706787109e+01
10499 1.2142857360839844e+02 5.7943923950195312e+01
10500 1.2142857360839844e+02 5.7009346008300781e+01
10501 1.2142857360839844e+02 5.6074768066406250e+01
10502 1.2142857360839844e+02 5.5140186309814453e+01
10503 1.2142857360839844e+02 5.4205608367919922e+01
10504 1.2142857360839844e+02 5.3271026611328125e+01
10505 1.2142857360839844e+02 5.2336448669433594e+01
10506 1.2142857360839844e+02 5.1401870727539062e+01
10507 1.2142857360839844e+02 5.0467288970947266e+01
10508 1.2142857360839844e+02 4.9532711029052734e+01
10509 1.2142857360839844e+02 4.8598129272460938e+01
10510 1.2142857360839844e+02 4.7663551330566406e+01
10511 1.2142857360839844e+02 4.6728973388671875e+01
10512 1.2142857360839844e+02 4.5794391632080078e+01
10513 1.2142857360839844e+02 4.4859813690185547e+01
10514 1.2142857360839844e+02 4.3925231933593750e+01
10515 1.2142857360839844e+02 4.2990653991699219e+01
10516 1.2142857360839844e+02 4.2056076049804688e+01
10517 1.2142857360839844e+02 4.1121494293212891e+01
10518 1.2142857360839844e+02 4.0186916351318359e+01
10519 1.2142857360839844e+02 3.9252334594726562e+01
10520 1.2142857360839844e+02 3.8317756652832031e+01
10521 1.2142857360839844e+02 3.7383178710937500e+01
10522 1.2142857360839844e+02 3.6448596954345703e+01
10523 1.2142857360839844e+02 3.5514019012451172e+01
10524 1.2142857360839844e+02 3.4579441070556641e+01
10525 1.2142857360839844e+02 3.3644859313964844e+01
10526 1.2142857360839844e+02 3.2710281372070312e+01
10527 1.2142857360839844e+02 3.1775701522827148e+01
10528 1.2142857360839844e+02 3.0841121673583984e+01
10529 1.2142857360839844e+02 2.9906541824340820e+01
10530 1.2142857360839844e+02 2.8971961975097656e+01
10531 1.2142857360839844e+02 2.8037384033203125e+01
10532 1.2142857360839844e+02 2.7102804183959961e+01
10533 1.2142857360839844e+02 2.6168224334716797e+01
10534 1.2142857360839844e+02 2.5233644485473633e+01
10535 1.2142857360839844e+02 2.4299064636230469e+01
10536 1.2142857360839844e+02 2.3364486694335938e+01
10537 1.2142857360839844e+02 2.2429906845092773e+01
10538 1.2142857360839844e+02 2.1495326995849609e+01
10539 1.2142857360839844e+02 2.0560747146606445e+01
10540 1.2142857360839844e+02 1.9626167297363281e+01
10541 1.2142857360839844e+02 1.8691589355468750e+01
10542 1.2142857360839844e+02 1.7757009506225586e+01
10543 1.2142857360839844e+02 1.6822429656982422e+01
10544 1.2142857360839844e+02 1.5887850761413574e+01
10545 1.2142857360839844e+02 1.4953270912170410e+01
10546 1.2142857360839844e+02 1.4018692016601562e+01
10547 1.2142857360839844e+02 1.3084112167358398e+01
10548 1.2142857360839844e+02 1.2149532318115234e+01
10549 1.2142857360839844e+02 1.1214953422546387e+01
10550 1.2142857360839844e+02 1.0280373573303223e+01
10551 1.2142857360839844e+02 9.3457946777343750e+00
10552 1.2142857360839844e+02 8.4112148284912109e+00
10553 1.2142857360839844e+02 7.4766354560852051e+00
10554 1.2142857360839844e+02 6.5420560836791992e+00
10555 1.2142857360839844e+02 5.6074767112731934e+00
10556 1.2142857360839844e+02 4.6728973388671875e+00
10557 1.2142857360839844e+02 3.7383177280426025e+00
10558 1.2142857360839844e+02 2.8037383556365967e+00
10559 1.2142857360839844e+02 1.8691588640213013e+00
10560 1.2142857360839844e+02 9.3457943201065063e-01
10561 1.2619047546386719e+02 9.9065422058105469e+01
10562 1.2619047546386719e+02 9.8130844116210938e+01
10563 1.2619047546386719e+02 9.7196258544921875e+01
10564 1.2619047546386719e+02 9.6261680603027344e+01
10565 1.2619047546386719e+02 9.5327102661132812e+01
10566 1.2619047546386719e+02 9.4392524719238281e+01
10567 1.2619047546386719e+02 9.3457946777343750e+01
10568 1.2619047546386719e+02 9.2523361206054688e+01
10569 1.2619047546386719e+02 9.1588783264160156e+01
10570 1.2619047546386719e+02 9.0654205322265625e+01
10571 1.2619047546386719e+02 8.9719627380371094e+01
10572 1.2619047546386719e+02 8.8785049438476562e+01
10573 1.2619047546386719e+02 8.7850463867187500e+01
10574 1.2619047546386719e+02 8.6915885925292969e+01
10575 1.2619047546386719e+02 8.5981307983398438e+01
10576 1.2619047546386719e+02 8.5046730041503906e+01
10577 1.2619047546386719e+02 8.4112152099609375e+01
10578 1.2619047546386719e+02 8.3177566528320312e+01
10579 1.2619047546386719e+02 8.2242988586425781e+01
10580 1.2619047546386719e+02 8.1308410644531250e+01
10581 1.2619047546386719e+02 8.0373832702636719e+01
10582 1.2619047546386719e+02 7.9439254760742188e+01
10583 1.2619047546386719e+02 7.8504669189453125e+01
10584 1.2619047546386719e+02 7.7570091247558594e+01
10585 1.2619047546386719e+02 7.6635513305664062e+01
10586 1.2619047546386719e+02 7.5700935363769531e+01
10587 1.2619047546386719e+02 7.4766357421875000e+01
10588 1.2619047546386719e+02 7.3831779479980469e+01
10589 1.2619047546386719e+02 7.2897193908691406e+01
10590 1.2619047546386719e+02 7.1962615966796875e+01
10591 1.2619047546386719e+02 7.1028038024902344e+01
10592 1.2619047546386719e+02 7.0093460083007812e+01
10593 1.2619047546386719e+02 6.9158882141113281e+01
10594 1.2619047546386719e+02 6.8224296569824219e+01
10595 1.2619047546386719e+02 6.7289718627929688e+01
10596 1.2619047546386719e+02 6.6355140686035156e+01
10597 1.2619047546386719e+02 6.5420562744140625e+01
10598 1.2619047546386719e+02 6.4485984802246094e+01
10599 1.2619047546386719e+02 6.3551403045654297e+01
10600 1.2619047546386719e+02 6.2616821289062500e+01
10601 1.2619047546386719e+02 6.1682243347167969e+01
10602 1.2619047546386719e+02 6.0747665405273438e+01
10603 1.2619047546386719e+02 5.9813083648681641e+01
10604 1.2619047546386719e+02 5.8878505706787109e+01
10605 1.2619047546386719e+02 5.7943923950195312e+01
10606 1.2619047546386719e+02 5.7009346008300781e+01
10607 1.2619047546386719e+02 5.6074768066406250e+01
10608 1.2619047546386719e+02 5.5140186309814453e+01
10609 1.2619047546386719e+02 5.4205608367919922e+01
10610 1.2619047546386719e+02 5.3271026611328125e+01
10611 1.2619047546386719e+02 5.2336448669433594e+01
10612 1.2619047546386719e+02 5.1401870727539062e+01
10613 1.2619047546386719e+02 5.0467288970947266e+01
10614 1.2619047546386719e+02 4.9532711029052734e+01
10615 1.2619047546386719e+02 4.8598129272460938e+01
10616 1.2619047546386719e+02 4.7663551330566406e+01
10617 1.2619047546386719e+02 4.6728973388671875e+01
10618 1.2619047546386719e+02 4.5794391632080078e+01
10619 1.2619047546386719e+02 4.4859813690185547e+01
10620 1.2619047546386719e+02 4.3925231933593750e+01
10621 1.2619047546386719e+02 4.2990653991699219e+01
10622 1.2619047546386719e+02 4.2056076049804688e+01
10623 1.2619047546386719e+02 4.1121494293212891e+01
10624 1.2619047546386719e+02 4.0186916351318359e+01
10625 1.2619047546386719e+02 3.9252334594726562e+01
10626 1.2619047546386719e+02 3.8317756652832031e+01
10627 1.2619047546386719e+02 3.7383178710937500e+01
10628 1.2619047546386719e+02 3.6448596954345703e+01
10629 1.2619047546386719e+02 3.5514019012451172e+01
10630 1.2619047546386719e+02 3.4579441070556641e+01
10631 1.2619047546386719e+02 3.3644859313964844e+01
10632 1.2619047546386719e+02 3.2710281372070312e+01
10633 1.2619047546386719e+02 3.1775701522827148e+01
10634 1.2619047546386719e+02 3.0841121673583984e+01
10635 1.2619047546386719e+02 2.9906541824340820e+01
10636 1.2619047546386719e+02 2.8971961975097656e+01
10637 1.2619047546386719e+02 2.8037384033203125e+01
10638 1.2619047546386719e+02 2.7102804183959961e+01
10639 1.2619047546386719e+02 2.6168224334716797e+01
10640 1.2619047546386719e+02 2.5233644485473633e+01
10641 1.2619047546386719e+02 2.4299064636230469e+01
10642 1.2619047546386719e+02 2.3364486694335938e+01
10643 1.2619047546386719e+02 2.2429906845092773e+01
10644 1.2619047546386719e+02 2.1495326995849609e+01
10645 1.2619047546386719e+02 2.0560747146606445e+01
10646 1.2619047546386719e+02 1.9626167297363281e+01
10647 1.2619047546386719e+02 1.8691589355468750e+01
10648 1.2619047546386719e+02 1.7757009506225586e+01
10649 1.2619047546386719e+02 1.6822429656982422e+01
10650 1.2619047546386719e+02 1.5887850761413574e+01
10651 1.2619047546386719e+02 1.4953270912170410e+01
10652 1.2619047546386719e+02 1.4018692016601562e+01
10653 1.2619047546386719e+02 1.3084112167358398e+01
10654 1.2619047546386719e+02 1.2149532318115234e+01
10655 1.2619047546386719e+02 1.1214953422546387e+01
10656 1.2619047546386719e+02 1.0280373573303223e+01
10657 1.2619047546386719e+02 9.3457946777343750e+00
10658 1.2619047546386719e+02 8.4112148284912109e+00
10659 1.2619047546386719e+02 7.4766354560852051e+00
10660 1.2619047546386719e+02 6.5420560836791992e+00
10661 1.2619047546386719e+02 5.6074767112731934e+00
10662 1.2619047546386719e+02 4.6728973388671875e+00
10663 1.2619047546386719e+02 3.7383177280426025e+00
10664 1.2619047546386719e+02 2.8037383556365967e+00
10665 1.2619047546386719e+02 1.8691588640213013e+00
10666 1.2619047546386719e+02 9.3457943201065063e-01
10667 1.3095237731933594e+02 9.9065422058105469e+01
10668 1.3095237731933594e+02 9.8130844116210938e+01
10669 1.3095237731933594e+02 9.7196258544921875e+01
10670 1.3095237731933594e+02 9.6261680603027344e+01
10671 1.3095237731933594e+02 9.5327102661132812e+01
10672 1.3095237731933594e+02 9.4392524719238281e+01
10673 1.3095237731933594e+02 9.3457946777343750e+01
10674 1.3095237731933594e+02 9.2523361206054688e+01
10675 1.3095237731933594e+02 9.1588783264160156e+01
10676 1.3095237731933594e+02 9.0654205322265625e+01
10677 1.3095237731933594e+02 8.9719627380371094e+01
10678 1.3095237731933594e+02 8.8785049438476562e+01
10679 1.3095237731933594e+02 8.7850463867187500e+01
10680 1.3095237731933594e+02 8.6915885925292969e+01
10681 1.3095237731933594e+02 8.5981307983398438e+01
10682 1.3095237731933594e+02 8.5046730041503906e+01
10683 1.3095237731933594e+02 8.4112152099609375e+01
10684 1.3095237731933594e+02 8.3177566528320312e+01
10685 1.3095237731933594e+02 8.2242988586425781e+01
10686 1.3095237731933594e+02 8.1308410644531250e+01
10687 1.3095237731933594e+02 8.0373832702636719e+01
10688 1.3095237731933594e+02 7.9439254760742188e+01
10689 1.3095237731933594e+02 7.8504669189453125e+01
10690 1.3095237731933594e+02 7.7570091247558594e+01
10691 1.3095237731933594e+02 7.6635513305664062e+01
10692 1.3095237731933594e+02 7.5700935363769531e+01
10693 1.3095237731933594e+02 7.4766357421875000e+01
10694 1.3095237731933594e+02 7.3831779479980469e+01
10695 1.3095237731933594e+02 7.2897193908691406e+01
10696 1.3095237731933594e+02 7.1962615966796875e+01
10697 1.3095237731933594e+02 7.1028038024902344e+01
10698 1.3095237731933594e+02 7.0093460083007812e+01
10699 1.3095237731933594e+02 6.9158882141113281e+01
10700 1.3095237731933594e+02 6.8224296569824219e+01
10701 1.3095237731933594e+02 6.7289718627929688e+01
10702 1.3095237731933594e+02 6.6355140686035156e+01
10703 1.3095237731933594e+02 6.5420562744140625e+01
10704 1.3095237731933594e+02 6.4485984802246094e+01
10705 1.3095237731933594e+02 6.3551403045654297e+01
10706 1.3095237731933594e+02 6.2616821289062500e+01
10707 1.3095237731933594e+02 6.1682243347167969e+01
10708 1.3095237731933594e+02 6.0747665405273438e+01
10709 1.3095237731933594e+02 5.9813083648681641e+01
10710 1.3095237731933594e+02 5.8878505706787109e+01
10711 1.3095237731933594e+02 5.7943923950195312e+01
10712 1.3095237731933594e+02 5.7009346008300781e+01
10713 1.3095237731933594e+02 5.6074768066406250e+01
10714 1.3095237731933594e+02 5.5140186309814453e+01
10715 1.3095237731933594e+02 5.4205608367919922e+01
10716 1.3095237731933594e+02 5.3271026611328125e+01
10717 1.3095237731933594e+02 5.2336448669433594e+01
10718 1.3095237731933594e+02 5.1401870727539062e+01
10719 1.3095237731933594e+02 5.0467288970947266e+01
10720 1.3095237731933594e+02 4.9532711029052734e+01
10721 1.3095237731933594e+02 4.8598129272460938e+01
10722 1.3095237731933594e+02 4.7663551330566406e+01
10723 1.3095237731933594e+02 4.6728973388671875e+01
10724 1.3095237731933594e+02 4.5794391632080078e+01
10725 1.3095237731933594e+02 4.4859813690185547e+01
10726 1.3095237731933594e+02 4.3925231933593750e+01
10727 1.3095237731933594e+02 4.2990653991699219e+01
10728 1.3095237731933594e+02 4.2056076049804688e+01
10729 1.3095237731933594e+02 4.1121494293212891e+01
10730 1.3095237731933594e+02 4.0186916351318359e+01
10731 1.3095237731933594e+02 3.9252334594726562e+01
10732 1.3095237731933594e+02 3.8317756652832031e+01
10733 1.3095237731933594e+02 3.7383178710937500e+01
10734 1.3095237731933594e+02 3.6448596954345703e+01
10735 1.3095237731933594e+02 3.5514019012451172e+01
10736 1.3095237731933594e+02 3.4579441070556641e+01
10737 1.3095237731933594e+02 3.3644859313964844e+01
10738 1.3095237731933594e+02 3.2710281372070312e+01
10739 1.3095237731933594e+02 3.1775701522827148e+01
10740 1.3095237731933594e+02 3.0841121673583984e+01
10741 1.3095237731933594e+02 2.9906541824340820e+01
10742 1.3095237731933594e+02 2.8971961975097656e+01
10743 1.3095237731933594e+02 2.8037384033203125e+01
10744 1.3095237731933594e+02 2.7102804183959961e+01
10745 1.3095237731933594e+02 2.6168224334716797e+01
10746 1.3095237731933594e+02 2.5233644485473633e+01
10747 1.3095237731933594e+02 2.4299064636230469e+01
10748 1.3095237731933594e+02 2.3364486694335938e+01
10749 1.3095237731933594e+02 2.2429906845092773e+01
10750 1.3095237731933594e+02 2.1495326995849609e+01
10751 1.3095237731933594e+02 2.0560747146606445e+01
10752 1.3095237731933594e+02 1.9626167297363281e+01
10753 1.3095237731933594e+02 1.8691589355468750e+01
10754 1.3095237731933594e+02 1.7757009506225586e+01
10755 1.3095237731933594e+02 1.6822429656982422e+01
10756 1.3095237731933594e+02 1.5887850761413574e+01
10757 1.3095237731933594e+02 1.4953270912170410e+01
10758 1.3095237731933594e+02 1.4018692016601562e+01
10759 1.3095237731933594e+02 1.3084112167358398e+01
10760 1.3095237731933594e+02 1.2149532318115234e+01
10761 1.3095237731933594e+02 1.1214953422546387e+01
10762 1.3095237731933594e+02 1.0280373573303223e+01
10763 1.3095237731933594e+02 9.3457946777343750e+00
10764 1.3095237731933594e+02 8.4112148284912109e+00
10765 1.3095237731933594e+02 7.4766354560852051e+00
10766 1.3095237731933594e+02 6.5420560836791992e+00
10767 1.3095237731933594e+02 5.6074767112731934e+00
10768 1.3095237731933594e+02 4.6728973388671875e+00
10769 1.3095237731933594e+02 3.7383177280426025e+00
10770 1.3095237731933594e+02 2.8037383556365967e+00
10771 1.3095237731933594e+02 1.8691588640213013e+00
10772 1.3095237731933594e+02 9.3457943201065063e-01
10773 1.3571427917480469e+02 9.9065422058105469e+01
10774 1.3571427917480469e+02 9.8130844116210938e+01
10775 1.3571427917480469e+02 9.7196258544921875e+01
10776 1.3571427917480469e+02 9.6261680603027344e+01
10777 1.3571427917480469e+02 9.5327102661132812e+01
10778 1.3571427917480469e+02 9.4392524719238281e+01
10779 1.3571427917480469e+02 9.3457946777343750e+01
10780 1.3571427917480469e+02 9.2523361206054688e+01
10781 1.3571427917480469e+02 9.1588783264160156e+01
10782 1.3571427917480469e+02 9.0654205322265625e+01
10783 1.3571427917480469e+02 8.9719627380371094e+01
10784 1.3571427917480469e+02 8.8785049438476562e+01
10785 1.3571427917480469e+02 8.7850463867187500e+01
10786 1.3571427917480469e+02 8.6915885925292969e+01
10787 1.3571427917480469e+02 8.5981307983398438e+01
10788 1.3571427917480469e+02 8.5046730041503906e+01
10789 1.3571427917480469e+02 8.4112152099609375e+01
10790 1.3571427917480469e+02 8.3177566528320312e+01
10791 1.3571427917480469e+02 8.2242988586425781e+01
10792 1.3571427917480469e+02 8.1308410644531250e+01
10793 1.3571427917480469e+02 8.0373832702636719e+01
10794 1.3571427917480469e+02 7.9439254760742188e+01
10795 1.3571427917480469e+02 7.8504669189453125e+01
10796 1.3571427917480469e+02 7.7570091247558594e+01
10797 1.3571427917480469e+02 7.6635513305664062e+01
10798 1.3571427917480469e+02 7.5700935363769531e+01
10799 1.3571427917480469e+02 7.4766357421875000e+01
10800 1.3571427917480469e+02 7.3831779479980469e+01
10801 1.3571427917480469e+02 7.2897193908691406e+01
10802 1.3571427917480469e+02 7.1962615966796875e+01
10803 1.3571427917480469e+02 7.1028038024902344e+01
10804 1.3571427917480469e+02 7.0093460083007812e+01
10805 1.3571427917480469e+02 6.9158882141113281e+01
10806 1.3571427917480469e+02 6.8224296569824219e+01
10807 1.3571427917480469e+02 6.7289718627929688e+01
10808 1.3571427917480469e+02 6.6355140686035156e+01
10809 1.3571427917480469e+02 6.5420562744140625e+01
10810 1.3571427917480469e+02 6.4485984802246094e+01
10811 1.3571427917480469e+02 6.3551403045654297e+01
10812 1.3571427917480469e+02 6.2616821289062500e+01
10813 1.3571427917480469e+02 6.1682243347167969e+01
10814 1.3571427917480469e+02 6.0747665405273438e+01
10815 1.3571427917480469e+02 5.9813083648681641e+01
10816 1.3571427917480469e+02 5.8878505706787109e+01
10817 1.3571427917480469e+02 5.7943923950195312e+01
10818 1.3571427917480469e+02 5.7009346008300781e+01
10819 1.3571427917480469e+02 5.6074768066406250e+01
10820 1.3571427917480469e+02 5.5140186309814453e+01
10821 1.3571427917480469e+02 5.4205608367919922e+01
10822 1.3571427917480469e+02 5.3271026611328125e+01
10823 1.3571427917480469e+02 5.2336448669433594e+01
10824 1.3571427917480469e+02 5.1401870727539062e+01
10825 1.3571427917480469e+02 5.0467288970947266e+01
10826 1.3571427917480469e+02 4.9532711029052734e+01
10827 1.3571427917480469e+02 4.8598129272460938e+01
10828 1.3571427917480469e+02 4.7663551330566406e+01
10829 1.3571427917480469e+02 4.6728973388671875e+01
10830 1.3571427917480469e+02 4.5794391632080078e+01
10831 1.3571427917480469e+02 4.4859813690185547e+01
10832 1.3571427917480469e+02 4.3925231933593750e+01
10833 1.3571427917480469e+02 4.2990653991699219e+01
10834 1.3571427917480469e+02 4.2056076049804688e+01
10835 1.3571427917480469e+02 4.1121494293212891e+01
10836 1.3571427917480469e+02 4.0186916351318359e+01
10837 1.3571427917480469e+02 3.9252334594726562e+01
10838 1.3571427917480469e+02 3.8317756652832031e+01
10839 1.3571427917480469e+02 3.7383178710937500e+01
10840 1.3571427917480469e+02 3.6448596954345703e+01
10841 1.3571427917480469e+02 3.5514019012451172e+01
10842 1.3571427917480469e+02 3.4579441070556641e+01
10843 1.3571427917480469e+02 3.3644859313964844e+01
10844 1.3571427917480469e+02 3.2710281372070312e+01
10845 1.3571427917480469e+02 3.1775701522827148e+01
10846 1.3571427917480469e+02 3.0841121673583984e+01
10847 1.3571427917480469e+02 2.9906541824340820e+01
10848 1.3571427917480469e+02 2.8971961975097656e+01
10849 1.3571427917480469e+02 2.8037384033203125e+01
10850 1.3571427917480469e+02 2.7102804183959961e+01
10851 1.3571427917480469e+02 2.6168224334716797e+01
10852 1.3571427917480469e+02 2.5233644485473633e+01
10853 1.3571427917480469e+02 2.4299064636230469e+01
10854 1.3571427917480469e+02 2.3364486694335938e+01
10855 1.3571427917480469e+02 2.2429906845092773e+01
10856 1.3571427917480469e+02 2.1495326995849609e+01
10857 1.3571427917480469e+02 2.0560747146606445e+01
10858 1.3571427917480469e+02 1.9626167297363281e+01
10859 1.3571427917480469e+02 1.8691589355468750e+01
10860 1.3571427917480469e+02 1.7757009506225586e+01
10861 1.3571427917480469e+02 1.6822429656982422e+01
10862 1.3571427917480469e+02 1.5887850761413574e+01
10863 1.3571427917480469e+02 1.4953270912170410e+01
10864 1.3571427917480469e+02 1.4018692016601562e+01
10865 1.3571427917480469e+02 1.3084112167358398e+01
10866 1.3571427917480469e+02 1.2149532318115234e+01
10867 1.3571427917480469e+02 1.1214953422546387e+01
10868 1.3571427917480469e+02 1.0280373573303223e+01
10869 1.3571427917480469e+02 9.3457946777343750e+00
10870 1.3571427917480469e+02 8.4112148284912109e+00
10871 1.3571427917480469e+02 7.4766354560852051e+00
10872 1.3571427917480469e+02 6.5420560836791992e+00
10873 1.3571427917480469e+02 5.6074767112731934e+00
10874 1.3571427917480469e+02 4.6728973388671875e+00
10875 1.3571427917480469e+02 3.7383177280426025e+00
10876 1.3571427917480469e+02 2.8037383556365967e+00
10877 1.3571427917480469e+02 1.8691588640213013e+00
10878 1.3571427917480469e+02 9.3457943201065063e-01
10879 1.4047619628906250e+02 9.9065422058105469e+01
10880 1.4047619628906250e+02 9.8130844116210938e+01
10881 1.4047619628906250e+02 9.7196258544921875e+01
10882 1.4047619628906250e+02 9.6261680603027344e+01
10883 1.4047619628906250e+02 9.5327102661132812e+01
10884 1.4047619628906250e+02 9.4392524719238281e+01
10885 1.4047619628906250e+02 9.3457946777343750e+01
10886 1.4047619628906250e+02 9.2523361206054688e+01
10887 1.4047619628906250e+02 9.1588783264160156e+01
10888 1.4047619628906250e+02 9.0654205322265625e+01
10889 1.4047619628906250e+02 8.9719627380371094e+01
10890 1.4047619628906250e+02 8.8785049438476562e+01
10891 1.4047619628906250e+02 8.7850463867187500e+01
10892 1.4047619628906250e+02 8.6915885925292969e+01
10893 1.4047619628906250e+02 8.5981307983398438e+01
10894 1.4047619628906250e+02 8.5046730041503906e+01
10895 1.4047619628906250e+02 8.4112152099609375e+01
10896 1.4047619628906250e+02 8.3177566528320312e+01
10897 1.4047619628906250e+02 8.2242988586425781e+01
10898 1.4047619628906250e+02 8.1308410644531250e+01
10899 1.4047619628906250e+02 8.0373832702636719e+01
10900 1.4047619628906250e+02 7.9439254760742188e+01
10901 1.4047619628906250e+02 7.8504669189453125e+01
10902 1.4047619628906250e+02 7.7570091247558594e+01
10903 1.4047619628906250e+02 7.6635513305664062e+01
10904 1.4047619628906250e+02 7.5700935363769531e+01
10905 1.4047619628906250e+02 7.4766357421875000e+01
10906 1.4047619628906250e+02 7.3831779479980469e+01
10907 1.4047619628906250e+02 7.2897193908691406e+01
10908 1.4047619628906250e+02 7.1962615966796875e+01
10909 1.4047619628906250e+02 7.1028038024902344e+01
10910 1.4047619628906250e+02 7.0093460083007812e+01
10911 1.4047619628906250e+02 6.9158882141113281e+01
10912 1.4047619628906250e+02 6.8224296569824219e+01
10913 1.4047619628906250e+02 6.7289718627929688e+01
10914 1.4047619628906250e+02 6.6355140686035156e+01
10915 1.4047619628906250e+02 6.5420562744140625e+01
10916 1.4047619628906250e+02 6.4485984802246094e+01
10917 1.4047619628906250e+02 6.3551403045654297e+01
10918 1.4047619628906250e+02 6.2616821289062500e+01
10919 1.4047619628906250e+02 6.1682243347167969e+01
10920 1.4047619628906250e+02 6.0747665405273438e+01
10921 1.4047619628906250e+02 5.9813083648681641e+01
10922 1.4047619628906250e+02 5.8878505706787109e+01
10923 1.4047619628906250e+02 5.7943923950195312e+01
10924 1.4047619628906250e+02 5.7009346008300781e+01
10925 1.4047619628906250e+02 5.6074768066406250e+01
10926 1.4047619628906250e+02 5.5140186309814453e+01
10927 1.4047619628906250e+02 5.4205608367919922e+01
10928 1.4047619628906250e+02 5.3271026611328125e+01
10929 1.4047619628906250e+02 5.2336448669433594e+01
10930 1.4047619628906250e+02 5.1401870727539062e+01
10931 1.4047619628906250e+02 5.0467288970947266e+01
10932 1.4047619628906250e+02 4.9532711029052734e+01
10933 1.4047619628906250e+02 4.8598129272460938e+01
10934 1.4047619628906250e+02 4.7663551330566406e+01
10935 1.4047619628906250e+02 4.6728973388671875e+01
10936 1.4047619628906250e+02 4.5794391632080078e+01
10937 1.4047619628906250e+02 4.4859813690185547e+01
10938 1.4047619628906250e+02 4.3925231933593750e+01
10939 1.4047619628906250e+02 4.2990653991699219e+01
10940 1.4047619628906250e+02 4.2056076049804688e+01
10941 1.4047619628906250e+02 4.1121494293212891e+01
10942 1.4047619628906250e+02 4.0186916351318359e+01
10943 1.4047619628906250e+02 3.9252334594726562e+01
10944 1.4047619628906250e+02 3.8317756652832031e+01
10945 1.4047619628906250e+02 3.7383178710937500e+01
10946 1.4047619628906250e+02 3.6448596954345703e+01
10947 1.4047619628906250e+02 3.5514019012451172e+01
10948 1.4047619628906250e+02 3.4579441070556641e+01
10949 1.4047619628906250e+02 3.3644859313964844e+01
10950 1.4047619628906250e+02 3.2710281372070312e+01
10951 1.4047619628906250e+02 3.1775701522827148e+01
10952 1.4047619628906250e+02 3.0841121673583984e+01
10953 1.4047619628906250e+02 2.9906541824340820e+01
10954 1.4047619628906250e+02 2.8971961975097656e+01
10955 1.4047619628906250e+02 2.8037384033203125e+01
10956 1.4047619628906250e+02 2.7102804183959961e+01
10957 1.4047619628906250e+02 2.6168224334716797e+01
10958 1.4047619628906250e+02 2.5233644485473633e+01
10959 1.4047619628906250e+02 2.4299064636230469e+01
10960 1.4047619628906250e+02 2.3364486694335938e+01
10961 1.4047619628906250e+02 2.2429906845092773e+01
10962 1.4047619628906250e+02 2.1495326995849609e+01
10963 1.4047619628906250e+02 2.0560747146606445e+01
10964 1.4047619628906250e+02 1.9626167297363281e+01
10965 1.4047619628906250e+02 1.8691589355468750e+01
10966 1.4047619628906250e+02 1.7757009506225586e+01
10967 1.4047619628906250e+02 1.6822429656982422e+01
10968 1.4047619628906250e+02 1.5887850761413574e+01
10969 1.4047619628906250e+02 1.4953270912170410e+01
10970 1.4047619628906250e+02 1.4018692016601562e+01
10971 1.4047619628906250e+02 1.3084112167358398e+01
10972 1.4047619628906250e+02 1.2149532318115234e+01
10973 1.4047619628906250e+02 1.1214953422546387e+01
10974 1.4047619628906250e+02 1.0280373573303223e+01
10975 1.4047619628906250e+02 9.3457946777343750e+00
10976 1.4047619628906250e+02 8.4112148284912109e+00
10977 1.4047619628906250e+02 7.4766354560852051e+00
10978 1.4047619628906250e+02 6.5420560836791992e+00
10979 1.4047619628906250e+02 5.6074767112731934e+00
10980 1.4047619628906250e+02 4.6728973388671875e+00
10981 1.4047619628906250e+02 3.7383177280426025e+00
10982 1.4047619628906250e+02 2.8037383556365967e+00
10983 1.4047619628906250e+02 1.8691588640213013e+00
10984 1.4047619628906250e+02 9.3457943201065063e-01
10985 1.4523809814453125e+02 9.9065422058105469e+01
10986 1.4523809814453125e+02 9.8130844116210938e+01
10987 1.4523809814453125e+02 9.7196258544921875e+01
10988 1.4523809814453125e+02 9.6261680603027344e+01
10989 1.4523809814453125e+02 9.5327102661132812e+01
10990 1.4523809814453125e+02 9.4392524719238281e+01
10991 1.4523809814453125e+02 9.3457946777343750e+01
10992 1.4523809814453125e+02 9.2523361206054688e+01
10993 1.4523809814453125e+02 9.1588783264160156e+01
10994 1.4523809814453125e+02 9.0654205322265625e+01
10995 1.4523809814453125e+02 8.9719627380371094e+01
10996 1.4523809814453125e+02 8.8785049438476562e+01
10997 1.4523809814453125e+02 8.7850463867187500e+01
10998 1.4523809814453125e+02 8.6915885925292969e+01
10999 1.4523809814453125e+02 8.5981307983398438e+01
11000 1.4523809814453125e+02 8.5046730041503906e+01
11001 1.4523809814453125e+02 8.4112152099609375e+01
11002 1.4523809814453125e+02 8.3177566528320312e+01
11003 1.4523809814453125e+02 8.2242988586425781e+01
11004 1.4523809814453125e+02 8.1308410644531250e+01
11005 1.4523809814453125e+02 8.0373832702636719e+01
11006 1.4523809814453125e+02 7.9439254760742188e+01
11007 1.4523809814453125e+02 7.8504669189453125e+01
11008 1.4523809814453125e+02 7.7570091247558594e+01
11009 1.4523809814453125e+02 7.6635513305664062e+01
11010 1.4523809814453125e+02 7.5700935363769531e+01
11011 1.4523809814453125e+02 7.4766357421875000e+01
11012 1.4523809814453125e+02 7.3831779479980469e+01
11013 1.4523809814453125e+02 7.2897193908691406e+01
11014 1.4523809814453125e+02 7.1962615966796875e+01
11015 1.4523809814453125e+02 7.1028038024902344e+01
11016 1.4523809814453125e+02 7.0093460083007812e+01
11017 1.4523809814453125e+02 6.9158882141113281e+01
11018 1.4523809814453125e+02 6.8224296569824219e+01
11019 1.4523809814453125e+02 6.7289718627929688e+01
11020 1.4523809814453125e+02 6.6355140686035156e+01
11021 1.4523809814453125e+02 6.5420562744140625e+01
11022 1.4523809814453125e+02 6.4485984802246094e+01
11023 1.4523809814453125e+02 6.3551403045654297e+01
11024 1.4523809814453125e+02 6.2616821289062500e+01
11025 1.4523809814453125e+02 6.1682243347167969e+01
11026 1.4523809814453125e+02 6.0747665405273438e+01
11027 1.4523809814453125e+02 5.9813083648681641e+01
11028 1.4523809814453125e+02 5.8878505706787109e+01
11029 1.4523809814453125e+02 5.7943923950195312e+01
11030 1.4523809814453125e+02 5.7009346008300781e+01
11031 1.4523809814453125e+02 5.6074768066406250e+01
11032 1.4523809814453125e+02 5.5140186309814453e+01
11033 1.4523809814453125e+02 5.4205608367919922e+01
11034 1.4523809814453125e+02 5.3271026611328125e+01
11035 1.4523809814453125e+02 5.2336448669433594e+01
11036 1.4523809814453125e+02 5.1401870727539062e+01
11037 1.4523809814453125e+02 5.0467288970947266e+01
11038 1.4523809814453125e+02 4.9532711029052734e+01
11039 1.4523809814453125e+02 4.8598129272460938e+01
11040 1.4523809814453125e+02 4.7663551330566406e+01
11041 1.4523809814453125e+02 4.6728973388671875e+01
11042 1.4523809814453125e+02 4.5794391632080078e+01
11043 1.4523809814453125e+02 4.4859813690185547e+01
11044 1.4523809814453125e+02 4.3925231933593750e+01
11045 1.4523809814453125e+02 4.2990653991699219e+01
11046 1.4523809814453125e+02 4.2056076049804688e+01
11047 1.4523809814453125e+02 4.1121494293212891e+01
11048 1.4523809814453125e+02 4.0186916351318359e+01
11049 1.4523809814453125e+02 3.9252334594726562e+01
11050 1.4523809814453125e+02 3.8317756652832031e+01
11051 1.4523809814453125e+02 3.7383178710937500e+01
11052 1.4523809814453125e+02 3.6448596954345703e+01
11053 1.4523809814453125e+02 3.5514019012451172e+01
11054 1.4523809814453125e+02 3.4579441070556641e+01
11055 1.4523809814453125e+02 3.3644859313964844e+01
11056 1.4523809814453125e+02 3.2710281372070312e+01
11057 1.4523809814453125e+02 3.1775701522827148e+01
11058 1.4523809814453125e+02 3.0841121673583984e+01
11059 1.4523809814453125e+02 2.9906541824340820e+01
11060 1.4523809814453125e+02 2.8971961975097656e+01
11061 1.4523809814453125e+02 2.8037384033203125e+01
11062 1.4523809814453125e+02 2.7102804183959961e+01
11063 1.4523809814453125e+02 2.6168224334716797e+01
11064 1.4523809814453125e+02 2.5233644485473633e+01
11065 1.4523809814453125e+02 2.4299064636230469e+01
11066 1.4523809814453125e+02 2.3364486694335938e+01
11067 1.4523809814453125e+02 2.2429906845092773e+01
11068 1.4523809814453125e+02 2.1495326995849609e+01
11069 1.4523809814453125e+02 2.0560747146606445e+01
11070 1.4523809814453125e+02 1.9626167297363281e+01
11071 1.4523809814453125e+02 1.8691589355468750e+01
11072 1.4523809814453125e+02 1.7757009506225586e+01
11073 1.4523809814453125e+02 1.6822429656982422e+01
11074 1.4523809814453125e+02 1.5887850761413574e+01
11075 1.4523809814453125e+02 1.4953270912170410e+01
11076 1.4523809814453125e+02 1.4018692016601562e+01
11077 1.4523809814453125e+02 1.3084112167358398e+01
11078 1.4523809814453125e+02 1.2149532318115234e+01
11079 1.4523809814453125e+02 1.1214953422546387e+01
11080 1.4523809814453125e+02 1.0280373573303223e+01
11081 1.4523809814453125e+02 9.3457946777343750e+00
11082 1.4523809814453125e+02 8.4112148284912109e+00
11083 1.4523809814453125e+02 7.4766354560852051e+00
11084 1.4523809814453125e+02 6.5420560836791992e+00
11085 1.4523809814453125e+02 5.6074767112731934e+00
11086 1.4523809814453125e+02 4.6728973388671875e+00
11087 1.4523809814453125e+02 3.7383177280426025e+00
11088 1.4523809814453125e+02 2.8037383556365967e+00
11089 1.4523809814453125e+02 1.8691588640213013e+00
11090 1.4523809814453125e+02 9.3457943201065063e-01
11091 4.5454544067382812e+01 9.3457943201065063e-01
11092 4.5454544067382812e+01 1.8691588640213013e+00
11093 4.5454544067382812e+01 2.8037383556365967e+00
11094 4.5454544067382812e+01 3.7383177280426025e+00
11095 4.5454544067382812e+01 4.6728973388671875e+00
11096 4.5454544067382812e+01 5.6074767112731934e+00
11097 4.5454544067382812e+01 6.5420560836791992e+00
11098 4.5454544067382812e+01 7.4766354560852051e+00
11099 4.5454544067382812e+01 8.4112148284912109e+00
11100 4.5454544067382812e+01 9.3457946777343750e+00
11101 4.5454544067382812e+01 1.0280373573303223e+01
11102 4.5454544067382812e+01 1.1214953422546387e+01
11103 4.5454544067382812e+01 1.2149532318115234e+01
11104 4.5454544067382812e+01 1.3084112167358398e+01
11105 4.5454544067382812e+01 1.4018692016601562e+01
11106 4.5454544067382812e+01 1.4953270912170410e+01
11107 4.5454544067382812e+01 1.5887850761413574e+01
11108 4.5454544067382812e+01 1.6822429656982422e+01
11109 4.5454544067382812e+01 1.7757009506225586e+01
11110 4.5454544067382812e+01 1.8691589355468750e+01
11111 4.5454544067382812e+01 1.9626167297363281e+01
11112 4.5454544067382812e+01 2.0560747146606445e+01
11113 4.5454544067382812e+01 2.1495326995849609e+01
11114 4.5454544067382812e+01 2.2429906845092773e+01
11115 4.5454544067382812e+01 2.3364486694335938e+01
11116 4.5454544067382812e+01 2.4299064636230469e+01
11117 4.5454544067382812e+01 2.5233644485473633e+01
11118 4.5454544067382812e+01 2.6168224334716797e+01
11119 4.5454544067382812e+01 2.7102804183959961e+01
11120 4.5454544067382812e+01 2.8037384033203125e+01
11121 4.5454544067382812e+01 2.8971961975097656e+01
11122 4.5454544067382812e+01 2.9906541824340820e+01
11123 4.5454544067382812e+01 3.0841121673583984e+01
11124 4.5454544067382812e+01 3.1775701522827148e+01
11125 4.5454544067382812e+01 3.2710281372070312e+01
11126 4.5454544067382812e+01 3.3644859313964844e+01
11127 4.5454544067382812e+01 3.4579441070556641e+01
11128 4.5454544067382812e+01 3.5514019012451172e+01
11129 4.5454544067382812e+01 3.6448596954345703e+01
11130 4.5454544067382812e+01 3.7383178710937500e+01
11131 4.5454544067382812e+01 3.8317756652832031e+01
11132 4.5454544067382812e+01 3.9252334594726562e+01
11133 4.5454544067382812e+01 4.0186916351318359e+01
11134 4.5454544067382812e+01 4.1121494293212891e+01
11135 4.5454544067382812e+01 4.2056076049804688e+01
11136 4.5454544067382812e+01 4.2990653991699219e+01
11137 4.5454544067382812e+01 4.3925231933593750e+01
11138 4.5454544067382812e+01 4.4859813690185547e+01
11139 4.5454544067382812e+01 4.5794391632080078e+01
11140 4.5454544067382812e+01 4.6728973388671875e+01
11141 4.5454544067382812e+01 4.7663551330566406e+01
11142 4.5454544067382812e+01 4.8598129272460938e+01
11143 4.5454544067382812e+01 4.9532711029052734e+01
11144 4.5454544067382812e+01 5.0467288970947266e+01
11145 4.5454544067382812e+01 5.1401870727539062e+01
11146 4.5454544067382812e+01 5.2336448669433594e+01
11147 4.5454544067382812e+01 5.3271026611328125e+01
11148 4.5454544067382812e+01 5.4205608367919922e+01
11149 4.5454544067382812e+01 5.5140186309814453e+01
11150 4.5454544067382812e+01 5.6074768066406250e+01
11151 4.5454544067382812e+01 5.7009346008300781e+01
11152 4.5454544067382812e+01 5.7943923950195312e+01
11153 4.5454544067382812e+01 5.8878505706787109e+01
11154 4.5454544067382812e+01 5.9813083648681641e+01
11155 4.5454544067382812e+01 6.0747665405273438e+01
11156 4.5454544067382812e+01 6.1682243347167969e+01
11157 4.5454544067382812e+01 6.2616821289062500e+01
11158 4.5454544067382812e+01 6.3551403045654297e+01
11159 4.5454544067382812e+01 6.4485984802246094e+01
11160 4.5454544067382812e+01 6.5420562744140625e+01
11161 4.5454544067382812e+01 6.6355140686035156e+01
11162 4.5454544067382812e+01 6.7289718627929688e+01
11163 4.5454544067382812e+01 6.8224296569824219e+01
11164 4.5454544067382812e+01 6.9158882141113281e+01
11165 4.5454544067382812e+01 7.0093460083007812e+01
11166 4.5454544067382812e+01 7.1028038024902344e+01
11167 4.5454544067382812e+01 7.1962615966796875e+01
11168 4.5454544067382812e+01 7.2897193908691406e+01
11169 4.5454544067382812e+01 7.3831779479980469e+01
11170 4.5454544067382812e+01 7.4766357421875000e+01
11171 4.5454544067382812e+01 7.5700935363769531e+01
11172 4.5454544067382812e+01 7.6635513305664062e+01
11173 4.5454544067382812e+01 7.7570091247558594e+01
11174 4.5454544067382812e+01 7.8504669189453125e+01
11175 4.5454544067382812e+01 7.9439254760742188e+01
11176 4.5454544067382812e+01 8.0373832702636719e+01
11177 4.5454544067382812e+01 8.1308410644531250e+01
11178 4.5454544067382812e+01 8.2242988586425781e+01
11179 4.5454544067382812e+01 8.3177566528320312e+01
11180 4.5454544067382812e+01 8.4112152099609375e+01
11181 4.5454544067382812e+01 8.5046730041503906e+01
11182 4.5454544067382812e+01 8.5981307983398438e+01
11183 4.5454544067382812e+01 8.6915885925292969e+01
11184 4.5454544067382812e+01 8.7850463867187500e+01
11185 4.5454544067382812e+01 8.8785049438476562e+01
11186 4.5454544067382812e+01 8.9719627380371094e+01
11187 4.5454544067382812e+01 9.0654205322265625e+01
11188 4.5454544067382812e+01 9.1588783264160156e+01
11189 4.5454544067382812e+01 9.2523361206054688e+01
11190 4.5454544067382812e+01 9.3457946777343750e+01
11191 4.5454544067382812e+01 9.4392524719238281e+01
11192 4.5454544067382812e+01 9.5327102661132812e+01
11193 4.5454544067382812e+01 9.6261680603027344e+01
11194 4.5454544067382812e+01 9.7196258544921875e+01
11195 4.5454544067382812e+01 9.8130844116210938e+01
11196 4.5454544067382812e+01 9.9065422058105469e+01
11197 4.0909091949462891e+01 9.3457943201065063e-01
11198 4.0909091949462891e+01 1.8691588640213013e+00
11199 4.0909091949462891e+01 2.8037383556365967e+00
11200 4.0909091949462891e+01 3.7383177280426025e+00
11201 4.0909091949462891e+01 4.6728973388671875e+00
11202 4.0909091949462891e+01 5.6074767112731934e+00
11203 4.0909091949462891e+01 6.5420560836791992e+00
11204 4.0909091949462891e+01 7.4766354560852051e+00
11205 4.0909091949462891e+01 8.4112148284912109e+00
11206 4.0909091949462891e+01 9.3457946777343750e+00
11207 4.0909091949462891e+01 1.0280373573303223e+01
11208 4.0909091949462891e+01 1.1214953422546387e+01
11209 4.0909091949462891e+01 1.2149532318115234e+01
11210 4.0909091949462891e+01 1.3084112167358398e+01
11211 4.0909091949462891e+01 1.4018692016601562e+01
11212 4.0909091949462891e+01 1.4953270912170410e+01
11213 4.0909091949462891e+01 1.5887850761413574e+01
11214 4.0909091949462891e+01 1.6822429656982422e+01
11215 4.0909091949462891e+01 1.7757009506225586e+01
11216 4.0909091949462891e+01 1.8691589355468750e+01
11217 4.0909091949462891e+01 1.9626167297363281e+01
11218 4.0909091949462891e+01 2.0560747146606445e+01
11219 4.0909091949462891e+01 2.1495326995849609e+01
11220 4.0909091949462891e+01 2.2429906845092773e+01
11221 4.0909091949462891e+01 2.3364486694335938e+01
11222 4.0909091949462891e+01 2.4299064636230469e+01
11223 4.0909091949462891e+01 2.5233644485473633e+01
11224 4.0909091949462891e+01 2.6168224334716797e+01
11225 4.0909091949462891e+01 2.7102804183959961e+01
11226 4.0909091949462891e+01 2.8037384033203125e+01
11227 4.0909091949462891e+01 2.8971961975097656e+01
11228 4.0909091949462891e+01 2.9906541824340820e+01
11229 4.0909091949462891e+01 3.0841121673583984e+01
11230 4.0909091949462891e+01 3.1775701522827148e+01
11231 4.0909091949462891e+01 3.2710281372070312e+01
11232 4.0909091949462891e+01 3.3644859313964844e+01
11233 4.0909091949462891e+01 3.4579441070556641e+01
11234 4.0909091949462891e+01 3.5514019012451172e+01
11235 4.0909091949462891e+01 3.6448596954345703e+01
11236 4.0909091949462891e+01 3.7383178710937500e+01
11237 4.0909091949462891e+01 3.8317756652832031e+01
11238 4.0909091949462891e+01 3.9252334594726562e+01
11239 4.0909091949462891e+01 4.0186916351318359e+01
11240 4.0909091949462891e+01 4.1121494293212891e+01
11241 4.0909091949462891e+01 4.2056076049804688e+01
11242 4.0909091949462891e+01 4.2990653991699219e+01
11243 4.0909091949462891e+01 4.3925231933593750e+01
11244 4.0909091949462891e+01 4.4859813690185547e+01
11245 4.0909091949462891e+01 4.5794391632080078e+01
11246 4.0909091949462891e+01 4.6728973388671875e+01
11247 4.0909091949462891e+01 4.7663551330566406e+01
11248 4.0909091949462891e+01 4.8598129272460938e+01
11249 4.0909091949462891e+01 4.9532711029052734e+01
11250 4.0909091949462891e+01 5.0467288970947266e+01
11251 4.0909091949462891e+01 5.1401870727539062e+01
11252 4.0909091949462891e+01 5.2336448669433594e+01
11253 4.0909091949462891e+01 5.3271026611328125e+01
11254 4.0909091949462891e+01 5.4205608367919922e+01
11255 4.0909091949462891e+01 5.5140186309814453e+01
11256 4.0909091949462891e+01 5.6074768066406250e+01
11257 4.0909091949462891e+01 5.7009346008300781e+01
11258 4.0909091949462891e+01 5.7943923950195312e+01
11259 4.0909091949462891e+01 5.8878505706787109e+01
11260 4.0909091949462891e+01 5.9813083648681641e+01
11261 4.0909091949462891e+01 6.0747665405273438e+01
11262 4.0909091949462891e+01 6.1682243347167969e+01
11263 4.0909091949462891e+01 6.2616821289062500e+01
11264 4.0909091949462891e+01 6.3551403045654297e+01
11265 4.0909091949462891e+01 6.4485984802246094e+01
11266 4.0909091949462891e+01 6.5420562744140625e+01
11267 4.0909091949462891e+01 6.6355140686035156e+01
11268 4.0909091949462891e+01 6.7289718627929688e+01
11269 4.0909091949462891e+01 6.8224296569824219e+01
11270 4.0909091949462891e+01 6.9158882141113281e+01
11271 4.0909091949462891e+01 7.0093460083007812e+01
11272 4.0909091949462891e+01 7.1028038024902344e+01
11273 4.0909091949462891e+01 7.1962615966796875e+01
11274 4.0909091949462891e+01 7.2897193908691406e+01
11275 4.0909091949462891e+01 7.3831779479980469e+01
11276 4.0909091949462891e+01 7.4766357421875000e+01
11277 4.0909091949462891e+01 7.5700935363769531e+01
11278 4.0909091949462891e+01 7.6635513305664062e+01
11279 4.0909091949462891e+01 7.7570091247558594e+01
11280 4.0909091949462891e+01 7.8504669189453125e+01
11281 4.0909091949462891e+01 7.9439254760742188e+01
11282 4.0909091949462891e+01 8.0373832702636719e+01
11283 4.0909091949462891e+01 8.1308410644531250e+01
11284 4.0909091949462891e+01 8.2242988586425781e+01
11285 4.0909091949462891e+01 8.3177566528320312e+01
11286 4.0909091949462891e+01 8.4112152099609375e+01
11287 4.0909091949462891e+01 8.5046730041503906e+01
11288 4.0909091949462891e+01 8.5981307983398438e+01
11289 4.0909091949462891e+01 8.6915885925292969e+01
11290 4.0909091949462891e+01 8.7850463867187500e+01
11291 4.0909091949462891e+01 8.8785049438476562e+01
11292 4.0909091949462891e+01 8.9719627380371094e+01
11293 4.0909091949462891e+01 9.0654205322265625e+01
11294 4.0909091949462891e+01 9.1588783264160156e+01
11295 4.0909091949462891e+01 9.2523361206054688e+01
11296 4.0909091949462891e+01 9.3457946777343750e+01
11297 4.0909091949462891e+01 9.4392524719238281e+01
11298 4.0909091949462891e+01 9.5327102661132812e+01
11299 4.0909091949462891e+01 9.6261680603027344e+01
11300 4.0909091949462891e+01 9.7196258544921875e+01
11301 4.0909091949462891e+01 9.8130844116210938e+01
11302 4.0909091949462891e+01 9.9065422058105469e+01
11303 3.6363636016845703e+01 9.3457943201065063e-01
11304 3.6363636016845703e+01 1.8691588640213013e+00
11305 3.6363636016845703e+01 2.8037383556365967e+00
11306 3.6363636016845703e+01 3.7383177280426025e+00
11307 3.6363636016845703e+01 4.6728973388671875e+00
11308 3.6363636016845703e+01 5.6074767112731934e+00
11309 3.6363636016845703e+01 6.5420560836791992e+00
11310 3.6363636016845703e+01 7.4766354560852051e+00
11311 3.6363636016845703e+01 8.4112148284912109e+00
11312 3.6363636016845703e+01 9.3457946777343750e+00
11313 3.6363636016845703e+01 1.0280373573303223e+01
11314 3.6363636016845703e+01 1.1214953422546387e+01
11315 3.6363636016845703e+01 1.2149532318115234e+01
11316 3.6363636016845703e+01 1.3084112167358398e+01
11317 3.6363636016845703e+01 1.4018692016601562e+01
11318 3.6363636016845703e+01 1.4953270912170410e+01
11319 3.6363636016845703e+01 1.5887850761413574e+01
11320 3.6363636016845703e+01 1.6822429656982422e+01
11321 3.6363636016845703e+01 1.7757009506225586e+01
11322 3.6363636016845703e+01 1.8691589355468750e+01
11323 3.6363636016845703e+01 1.9626167297363281e+01
11324 3.6363636016845703e+01 2.0560747146606445e+01
11325 3.6363636016845703e+01 2.1495326995849609e+01
11326 3.6363636016845703e+01 2.2429906845092773e+01
11327 3.6363636016845703e+01 2.3364486694335938e+01
11328 3.6363636016845703e+01 2.4299064636230469e+01
11329 3.6363636016845703e+01 2.5233644485473633e+01
11330 3.6363636016845703e+01 2.6168224334716797e+01
11331 3.6363636016845703e+01 2.7102804183959961e+01
11332 3.6363636016845703e+01 2.8037384033203125e+01
11333 3.6363636016845703e+01 2.8971961975097656e+01
11334 3.6363636016845703e+01 2.9906541824340820e+01
11335 3.6363636016845703e+01 3.0841121673583984e+01
11336 3.6363636016845703e+01 3.1775701522827148e+01
11337 3.6363636016845703e+01 3.2710281372070312e+01
11338 3.6363636016845703e+01 3.3644859313964844e+01
11339 3.6363636016845703e+01 3.4579441070556641e+01
11340 3.6363636016845703e+01 3.5514019012451172e+01
11341 3.6363636016845703e+01 3.6448596954345703e+01
11342 3.6363636016845703e+01 3.7383178710937500e+01
11343 3.6363636016845703e+01 3.8317756652832031e+01
11344 3.6363636016845703e+01 3.9252334594726562e+01
11345 3.6363636016845703e+01 4.0186916351318359e+01
11346 3.6363636016845703e+01 4.1121494293212891e+01
11347 3.6363636016845703e+01 4.2056076049804688e+01
11348 3.6363636016845703e+01 4.2990653991699219e+01
11349 3.6363636016845703e+01 4.3925231933593750e+01
11350 3.6363636016845703e+01 4.4859813690185547e+01
11351 3.6363636016845703e+01 4.5794391632080078e+01
11352 3.6363636016845703e+01 4.6728973388671875e+01
11353 3.6363636016845703e+01 4.7663551330566406e+01
11354 3.6363636016845703e+01 4.8598129272460938e+01
11355 3.6363636016845703e+01 4.9532711029052734e+01
11356 3.6363636016845703e+01 5.0467288970947266e+01
11357 3.6363636016845703e+01 5.1401870727539062e+01
11358 3.6363636016845703e+01 5.2336448669433594e+01
11359 3.6363636016845703e+01 5.3271026611328125e+01
11360 3.6363636016845703e+01 5.4205608367919922e+01
11361 3.6363636016845703e+01 5.5140186309814453e+01
11362 3.6363636016845703e+01 5.6074768066406250e+01
11363 3.6363636016845703e+01 5.7009346008300781e+01
11364 3.6363636016845703e+01 5.7943923950195312e+01
11365 3.6363636016845703e+01 5.8878505706787109e+01
11366 3.6363636016845703e+01 5.9813083648681641e+01
11367 3.6363636016845703e+01 6.0747665405273438e+01
11368 3.6363636016845703e+01 6.1682243347167969e+01
11369 3.6363636016845703e+01 6.2616821289062500e+01
11370 3.6363636016845703e+01 6.3551403045654297e+01
11371 3.6363636016845703e+01 6.4485984802246094e+01
11372 3.6363636016845703e+01 6.5420562744140625e+01
11373 3.6363636016845703e+01 6.6355140686035156e+01
11374 3.6363636016845703e+01 6.7289718627929688e+01
11375 3.6363636016845703e+01 6.8224296569824219e+01
11376 3.6363636016845703e+01 6.9158882141113281e+01
11377 3.6363636016845703e+01 7.0093460083007812e+01
11378 3.6363636016845703e+01 7.1028038024902344e+01
11379 3.6363636016845703e+01 7.1962615966796875e+01
11380 3.6363636016845703e+01 7.2897193908691406e+01
11381 3.6363636016845703e+01 7.3831779479980469e+01
11382 3.6363636016845703e+01 7.4766357421875000e+01
11383 3.6363636016845703e+01 7.5700935363769531e+01
11384 3.6363636016845703e+01 7.6635513305664062e+01
11385 3.6363636016845703e+01 7.7570091247558594e+01
11386 3.6363636016845703e+01 7.8504669189453125e+01
11387 3.6363636016845703e+01 7.9439254760742188e+01
11388 3.6363636016845703e+01 8.0373832702636719e+01
11389 3.6363636016845703e+01 8.1308410644531250e+01
11390 3.6363636016845703e+01 8.2242988586425781e+01
11391 3.6363636016845703e+01 8.3177566528320312e+01
11392 3.6363636016845703e+01 8.4112152099609375e+01
11393 3.6363636016845703e+01 8.5046730041503906e+01
11394 3.6363636016845703e+01 8.5981307983398438e+01
11395 3.6363636016845703e+01 8.6915885925292969e+01
11396 3.6363636016845703e+01 8.7850463867187500e+01
11397 3.6363636016845703e+01 8.8785049438476562e+01
11398 3.6363636016845703e+01 8.9719627380371094e+01
11399 3.6363636016845703e+01 9.0654205322265625e+01
11400 3.6363636016845703e+01 9.1588783264160156e+01
11401 3.6363636016845703e+01 9.2523361206054688e+01
11402 3.6363636016845703e+01 9.3457946777343750e+01
11403 3.6363636016845703e+01 9.4392524719238281e+01
11404 3.6363636016845703e+01 9.5327102661132812e+01
11405 3.6363636016845703e+01 9.6261680603027344e+01
11406 3.6363636016845703e+01 9.7196258544921875e+01
11407 3.6363636016845703e+01 9.8130844116210938e+01
11408 3.6363636016845703e+01 9.9065422058105469e+01
11409 3.1818181991577148e+01 9.3457943201065063e-01
11410 3.1818181991577148e+01 1.8691588640213013e+00
11411 3.1818181991577148e+01 2.8037383556365967e+00
11412 3.1818181991577148e+01 3.7383177280426025e+00
11413 3.1818181991577148e+01 4.6728973388671875e+00
11414 3.1818181991577148e+01 5.6074767112731934e+00
11415 3.1818181991577148e+01 6.5420560836791992e+00
11416 3.1818181991577148e+01 7.4766354560852051e+00
11417 3.1818181991577148e+01 8.4112148284912109e+00
11418 3.1818181991577148e+01 9.3457946777343750e+00
11419 3.1818181991577148e+01 1.0280373573303223e+01
11420 3.1818181991577148e+01 1.1214953422546387e+01
11421 3.1818181991577148e+01 1.2149532318115234e+01
11422 3.1818181991577148e+01 1.3084112167358398e+01
11423 3.1818181991577148e+01 1.4018692016601562e+01
11424 3.1818181991577148e+01 1.4953270912170410e+01
11425 3.1818181991577148e+01 1.5887850761413574e+01
11426 3.1818181991577148e+01 1.6822429656982422e+01
11427 3.1818181991577148e+01 1.7757009506225586e+01
11428 3.1818181991577148e+01 1.8691589355468750e+01
11429 3.1818181991577148e+01 1.9626167297363281e+01
11430 3.1818181991577148e+01 2.0560747146606445e+01
11431 3.1818181991577148e+01 2.1495326995849609e+01
11432 3.1818181991577148e+01 2.2429906845092773e+01
11433 3.1818181991577148e+01 2.3364486694335938e+01
11434 3.1818181991577148e+01 2.4299064636230469e+01
11435 3.1818181991577148e+01 2.5233644485473633e+01
11436 3.1818181991577148e+01 2.6168224334716797e+01
11437 3.1818181991577148e+01 2.7102804183959961e+01
11438 3.1818181991577148e+01 2.8037384033203125e+01
11439 3.1818181991577148e+01 2.8971961975097656e+01
11440 3.1818181991577148e+01 2.9906541824340820e+01
11441 3.1818181991577148e+01 3.0841121673583984e+01
11442 3.1818181991577148e+01 3.1775701522827148e+01
11443 3.1818181991577148e+01 3.2710281372070312e+01
11444 3.1818181991577148e+01 3.3644859313964844e+01
11445 3.1818181991577148e+01 3.4579441070556641e+01
11446 3.1818181991577148e+01 3.5514019012451172e+01
11447 3.1818181991577148e+01 3.6448596954345703e+01
11448 3.1818181991577148e+01 3.7383178710937500e+01
11449 3.1818181991577148e+01 3.8317756652832031e+01
11450 3.1818181991577148e+01 3.9252334594726562e+01
11451 3.1818181991577148e+01 4.0186916351318359e+01
11452 3.1818181991577148e+01 4.1121494293212891e+01
11453 3.1818181991577148e+01 4.2056076049804688e+01
11454 3.1818181991577148e+01 4.2990653991699219e+01
11455 3.1818181991577148e+01 4.3925231933593750e+01
11456 3.1818181991577148e+01 4.4859813690185547e+01
11457 3.1818181991577148e+01 4.5794391632080078e+01
11458 3.1818181991577148e+01 4.6728973388671875e+01
11459 3.1818181991577148e+01 4.7663551330566406e+01
11460 3.1818181991577148e+01 4.8598129272460938e+01
11461 3.1818181991577148e+01 4.9532711029052734e+01
11462 3.1818181991577148e+01 5.0467288970947266e+01
11463 3.1818181991577148e+01 5.1401870727539062e+01
11464 3.1818181991577148e+01 5.2336448669433594e+01
11465 3.1818181991577148e+01 5.3271026611328125e+01
11466 3.1818181991577148e+01 5.4205608367919922e+01
11467 3.1818181991577148e+01 5.5140186309814453e+01
11468 3.1818181991577148e+01 5.6074768066406250e+01
11469 3.1818181991577148e+01 5.7009346008300781e+01
11470 3.1818181991577148e+01 5.7943923950195312e+01
11471 3.1818181991577148e+01 5.8878505706787109e+01
11472 3.1818181991577148e+01 5.9813083648681641e+01
11473 3.1818181991577148e+01 6.0747665405273438e+01
11474 3.1818181991577148e+01 6.1682243347167969e+01
11475 3.1818181991577148e+01 6.2616821289062500e+01
11476 3.1818181991577148e+01 6.3551403045654297e+01
11477 3.1818181991577148e+01 6.4485984802246094e+01
11478 3.1818181991577148e+01 6.5420562744140625e+01
11479 3.1818181991577148e+01 6.6355140686035156e+01
11480 3.1818181991577148e+01 6.7289718627929688e+01
11481 3.1818181991577148e+01 6.8224296569824219e+01
11482 3.1818181991577148e+01 6.9158882141113281e+01
11483 3.1818181991577148e+01 7.0093460083007812e+01
11484 3.1818181991577148e+01 7.1028038024902344e+01
11485 3.1818181991577148e+01 7.1962615966796875e+01
11486 3.1818181991577148e+01 7.2897193908691406e+01
11487 3.1818181991577148e+01 7.3831779479980469e+01
11488 3.1818181991577148e+01 7.4766357421875000e+01
11489 3.1818181991577148e+01 7.5700935363769531e+01
11490 3.1818181991577148e+01 7.6635513305664062e+01
11491 3.1818181991577148e+01 7.7570091247558594e+01
11492 3.1818181991577148e+01 7.8504669189453125e+01
11493 3.1818181991577148e+01 7.9439254760742188e+01
11494 3.1818181991577148e+01 8.0373832702636719e+01
11495 3.1818181991577148e+01 8.1308410644531250e+01
11496 3.1818181991577148e+01 8.2242988586425781e+01
11497 3.1818181991577148e+01 8.3177566528320312e+01
11498 3.1818181991577148e+01 8.4112152099609375e+01
11499 3.1818181991577148e+01 8.5046730041503906e+01
11500 3.1818181991577148e+01 8.5981307983398438e+01
11501 3.1818181991577148e+01 8.6915885925292969e+01
11502 3.1818181991577148e+01 8.7850463867187500e+01
11503 3.1818181991577148e+01 8.8785049438476562e+01
11504 3.1818181991577148e+01 8.9719627380371094e+01
11505 3.1818181991577148e+01 9.0654205322265625e+01
11506 3.1818181991577148e+01 9.1588783264160156e+01
11507 3.1818181991577148e+01 9.2523361206054688e+01
11508 3.1818181991577148e+01 9.3457946777343750e+01
11509 3.1818181991577148e+01 9.4392524719238281e+01
11510 3.1818181991577148e+01 9.5327102661132812e+01
11511 3.1818181991577148e+01 9.6261680603027344e+01
11512 3.1818181991577148e+01 9.7196258544921875e+01
11513 3.1818181991577148e+01 9.8130844116210938e+01
11514 3.1818181991577148e+01 9.9065422058105469e+01
11515 2.7272727966308594e+01 9.3457943201065063e-01
11516 2.7272727966308594e+01 1.8691588640213013e+00
11517 2.7272727966308594e+01 2.8037383556365967e+00
11518 2.7272727966308594e+01 3.7383177280426025e+00
11519 2.7272727966308594e+01 4.6728973388671875e+00
11520 2.7272727966308594e+01 5.6074767112731934e+00
11521 2.7272727966308594e+01 6.5420560836791992e+00
11522 2.7272727966308594e+01 7.4766354560852051e+00
11523 2.7272727966308594e+01 8.4112148284912109e+00
11524 2.7272727966308594e+01 9.3457946777343750e+00
11525 2.7272727966308594e+01 1.0280373573303223e+01
11526 2.7272727966308594e+01 1.1214953422546387e+01
11527 2.7272727966308594e+01 1.2149532318115234e+01
11528 2.7272727966308594e+01 1.3084112167358398e+01
11529 2.7272727966308594e+01 1.4018692016601562e+01
11530 2.7272727966308594e+01 1.4953270912170410e+01
11531 2.7272727966308594e+01 1.5887850761413574e+01
11532 2.7272727966308594e+01 1.6822429656982422e+01
11533 2.7272727966308594e+01 1.7757009506225586e+01
11534 2.7272727966308594e+01 1.8691589355468750e+01
11535 2.7272727966308594e+01 1.9626167297363281e+01
11536 2.7272727966308594e+01 2.0560747146606445e+01
11537 2.7272727966308594e+01 2.1495326995849609e+01
11538 2.7272727966308594e+01 2.2429906845092773e+01
11539 2.7272727966308594e+01 2.3364486694335938e+01
11540 2.7272727966308594e+01 2.4299064636230469e+01
11541 2.7272727966308594e+01 2.5233644485473633e+01
11542 2.7272727966308594e+01 2.6168224334716797e+01
11543 2.7272727966308594e+01 2.7102804183959961e+01
11544 2.7272727966308594e+01 2.8037384033203125e+01
11545 2.7272727966308594e+01 2.8971961975097656e+01
11546 2.7272727966308594e+01 2.9906541824340820e+01
11547 2.7272727966308594e+01 3.0841121673583984e+01
11548 2.7272727966308594e+01 3.1775701522827148e+01
11549 2.7272727966308594e+01 3.2710281372070312e+01
11550 2.7272727966308594e+01 3.3644859313964844e+01
11551 2.7272727966308594e+01 3.4579441070556641e+01
11552 2.7272727966308594e+01 3.5514019012451172e+01
11553 2.7272727966308594e+01 3.6448596954345703e+01
11554 2.7272727966308594e+01 3.7383178710937500e+01
11555 2.7272727966308594e+01 3.8317756652832031e+01
11556 2.7272727966308594e+01 3.9252334594726562e+01
11557 2.7272727966308594e+01 4.0186916351318359e+01
11558 2.7272727966308594e+01 4.1121494293212891e+01
11559 2.7272727966308594e+01 4.2056076049804688e+01
11560 2.7272727966308594e+01 4.2990653991699219e+01
11561 2.7272727966308594e+01 4.3925231933593750e+01
11562 2.7272727966308594e+01 4.4859813690185547e+01
11563 2.7272727966308594e+01 4.5794391632080078e+01
11564 2.7272727966308594e+01 4.6728973388671875e+01
11565 2.7272727966308594e+01 4.7663551330566406e+01
11566 2.7272727966308594e+01 4.8598129272460938e+01
11567 2.7272727966308594e+01 4.9532711029052734e+01
11568 2.7272727966308594e+01 5.0467288970947266e+01
11569 2.7272727966308594e+01 5.1401870727539062e+01
11570 2.7272727966308594e+01 5.2336448669433594e+01
11571 2.7272727966308594e+01 5.3271026611328125e+01
11572 2.7272727966308594e+01 5.4205608367919922e+01
11573 2.7272727966308594e+01 5.5140186309814453e+01
11574 2.7272727966308594e+01 5.6074768066406250e+01
11575 2.7272727966308594e+01 5.7009346008300781e+01
11576 2.7272727966308594e+01 5.7943923950195312e+01
11577 2.7272727966308594e+01 5.8878505706787109e+01
11578 2.7272727966308594e+01 5.9813083648681641e+01
11579 2.7272727966308594e+01 6.0747665405273438e+01
11580 2.7272727966308594e+01 6.1682243347167969e+01
11581 2.7272727966308594e+01 6.2616821289062500e+01
11582 2.7272727966308594e+01 6.3551403045654297e+01
11583 2.7272727966308594e+01 6.4485984802246094e+01
11584 2.7272727966308594e+01 6.5420562744140625e+01
11585 2.7272727966308594e+01 6.6355140686035156e+01
11586 2.7272727966308594e+01 6.7289718627929688e+01
11587 2.7272727966308594e+01 6.8224296569824219e+01
11588 2.7272727966308594e+01 6.9158882141113281e+01
11589 2.7272727966308594e+01 7.0093460083007812e+01
11590 2.7272727966308594e+01 7.1028038024902344e+01
11591 2.7272727966308594e+01 7.1962615966796875e+01
11592 2.7272727966308594e+01 7.2897193908691406e+01
11593 2.7272727966308594e+01 7.3831779479980469e+01
11594 2.7272727966308594e+01 7.4766357421875000e+01
11595 2.7272727966308594e+01 7.5700935363769531e+01
11596 2.7272727966308594e+01 7.6635513305664062e+01
11597 2.7272727966308594e+01 7.7570091247558594e+01
11598 2.7272727966308594e+01 7.8504669189453125e+01
11599 2.7272727966308594e+01 7.9439254760742188e+01
11600 2.7272727966308594e+01 8.0373832702636719e+01
11601 2.7272727966308594e+01 8.1308410644531250e+01
11602 2.7272727966308594e+01 8.2242988586425781e+01
11603 2.7272727966308594e+01 8.3177566528320312e+01
11604 2.7272727966308594e+01 8.4112152099609375e+01
11605 2.7272727966308594e+01 8.5046730041503906e+01
11606 2.7272727966308594e+01 8.5981307983398438e+01
11607 2.7272727966308594e+01 8.6915885925292969e+01
11608 2.7272727966308594e+01 8.7850463867187500e+01
11609 2.7272727966308594e+01 8.8785049438476562e+01
11610 2.7272727966308594e+01 8.9719627380371094e+01
11611 2.7272727966308594e+01 9.0654205322265625e+01
11612 2.7272727966308594e+01 9.1588783264160156e+01
11613 2.7272727966308594e+01 9.2523361206054688e+01
11614 2.7272727966308594e+01 9.3457946777343750e+01
11615 2.7272727966308594e+01 9.4392524719238281e+01
11616 2.7272727966308594e+01 9.5327102661132812e+01
11617 2.7272727966308594e+01 9.6261680603027344e+01
11618 2.7272727966308594e+01 9.7196258544921875e+01
11619 2.7272727966308594e+01 9.8130844116210938e+01
11620 2.7272727966308594e+01 9.9065422058105469e+01
11621 2.2727272033691406e+01 9.3457943201065063e-01
11622 2.2727272033691406e+01 1.8691588640213013e+00
11623 2.2727272033691406e+01 2.8037383556365967e+00
11624 2.2727272033691406e+01 3.7383177280426025e+00
11625 2.2727272033691406e+01 4.6728973388671875e+00
11626 2.2727272033691406e+01 5.6074767112731934e+00
11627 2.2727272033691406e+01 6.5420560836791992e+00
11628 2.2727272033691406e+01 7.4766354560852051e+00
11629 2.2727272033691406e+01 8.4112148284912109e+00
11630 2.2727272033691406e+01 9.3457946777343750e+00
11631 2.2727272033691406e+01 1.0280373573303223e+01
11632 2.2727272033691406e+01 1.1214953422546387e+01
11633 2.2727272033691406e+01 1.2149532318115234e+01
11634 2.2727272033691406e+01 1.3084112167358398e+01
11635 2.2727272033691406e+01 1.4018692016601562e+01
11636 2.2727272033691406e+01 1.4953270912170410e+01
11637 2.2727272033691406e+01 1.5887850761413574e+01
11638 2.2727272033691406e+01 1.6822429656982422e+01
11639 2.2727272033691406e+01 1.7757009506225586e+01
11640 2.2727272033691406e+01 1.8691589355468750e+01
11641 2.2727272033691406e+01 1.9626167297363281e+01
11642 2.2727272033691406e+01 2.0560747146606445e+01
11643 2.2727272033691406e+01 2.1495326995849609e+01
11644 2.2727272033691406e+01 2.2429906845092773e+01
11645 2.2727272033691406e+01 2.3364486694335938e+01
11646 2.2727272033691406e+01 2.4299064636230469e+01
11647 2.2727272033691406e+01 2.5233644485473633e+01
11648 2.2727272033691406e+01 2.6168224334716797e+01
11649 2.2727272033691406e+01 2.7102804183959961e+01
11650 2.2727272033691406e+01 2.8037384033203125e+01
11651 2.2727272033691406e+01 2.8971961975097656e+01
11652 2.2727272033691406e+01 2.9906541824340820e+01
11653 2.2727272033691406e+01 3.0841121673583984e+01
11654 2.2727272033691406e+01 3.1775701522827148e+01
11655 2.2727272033691406e+01 3.2710281372070312e+01
11656 2.2727272033691406e+01 3.3644859313964844e+01
11657 2.2727272033691406e+01 3.4579441070556641e+01
11658 2.2727272033691406e+01 3.5514019012451172e+01
11659 2.2727272033691406e+01 3.6448596954345703e+01
11660 2.2727272033691406e+01 3.7383178710937500e+01
11661 2.2727272033691406e+01 3.8317756652832031e+01
11662 2.2727272033691406e+01 3.9252334594726562e+01
11663 2.2727272033691406e+01 4.0186916351318359e+01
11664 2.2727272033691406e+01 4.1121494293212891e+01
11665 2.2727272033691406e+01 4.2056076049804688e+01
11666 2.2727272033691406e+01 4.2990653991699219e+01
11667 2.2727272033691406e+01 4.3925231933593750e+01
11668 2.2727272033691406e+01 4.4859813690185547e+01
11669 2.2727272033691406e+01 4.5794391632080078e+01
11670 2.2727272033691406e+01 4.6728973388671875e+01
11671 2.2727272033691406e+01 4.7663551330566406e+01
11672 2.2727272033691406e+01 4.8598129272460938e+01
11673 2.2727272033691406e+01 4.9532711029052734e+01
11674 2.2727272033691406e+01 5.0467288970947266e+01
11675 2.2727272033691406e+01 5.1401870727539062e+01
11676 2.2727272033691406e+01 5.2336448669433594e+01
11677 2.2727272033691406e+01 5.3271026611328125e+01
11678 2.2727272033691406e+01 5.4205608367919922e+01
11679 2.2727272033691406e+01 5.5140186309814453e+01
11680 2.2727272033691406e+01 5.6074768066406250e+01
11681 2.2727272033691406e+01 5.7009346008300781e+01
11682 2.2727272033691406e+01 5.7943923950195312e+01
11683 2.2727272033691406e+01 5.8878505706787109e+01
11684 2.2727272033691406e+01 5.9813083648681641e+01
11685 2.2727272033691406e+01 6.0747665405273438e+01
11686 2.2727272033691406e+01 6.1682243347167969e+01
11687 2.2727272033691406e+01 6.2616821289062500e+01
11688 2.2727272033691406e+01 6.3551403045654297e+01
11689 2.2727272033691406e+01 6.4485984802246094e+01
11690 2.2727272033691406e+01 6.5420562744140625e+01
11691 2.2727272033691406e+01 6.6355140686035156e+01
11692 2.2727272033691406e+01 6.7289718627929688e+01
11693 2.2727272033691406e+01 6.8224296569824219e+01
11694 2.2727272033691406e+01 6.9158882141113281e+01
11695 2.2727272033691406e+01 7.0093460083007812e+01
11696 2.2727272033691406e+01 7.1028038024902344e+01
11697 2.2727272033691406e+01 7.1962615966796875e+01
11698 2.2727272033691406e+01 7.2897193908691406e+01
11699 2.2727272033691406e+01 7.3831779479980469e+01
11700 2.2727272033691406e+01 7.4766357421875000e+01
11701 2.2727272033691406e+01 7.5700935363769531e+01
11702 2.2727272033691406e+01 7.6635513305664062e+01
11703 2.2727272033691406e+01 7.7570091247558594e+01
11704 2.2727272033691406e+01 7.8504669189453125e+01
11705 2.2727272033691406e+01 7.9439254760742188e+01
11706 2.2727272033691406e+01 8.0373832702636719e+01
11707 2.2727272033691406e+01 8.1308410644531250e+01
11708 2.2727272033691406e+01 8.2242988586425781e+01
11709 2.2727272033691406e+01 8.3177566528320312e+01
11710 2.2727272033691406e+01 8.4112152099609375e+01
11711 2.2727272033691406e+01 8.5046730041503906e+01
11712 2.2727272033691406e+01 8.5981307983398438e+01
11713 2.2727272033691406e+01 8.6915885925292969e+01
11714 2.2727272033691406e+01 8.7850463867187500e+01
11715 2.2727272033691406e+01 8.8785049438476562e+01
11716 2.2727272033691406e+01 8.9719627380371094e+01
11717 2.2727272033691406e+01 9.0654205322265625e+01
11718 2.2727272033691406e+01 9.1588783264160156e+01
11719 2.2727272033691406e+01 9.2523361206054688e+01
11720 2.2727272033691406e+01 9.3457946777343750e+01
11721 2.2727272033691406e+01 9.4392524719238281e+01
11722 2.2727272033691406e+01 9.5327102661132812e+01
11723 2.2727272033691406e+01 9.6261680603027344e+01
11724 2.2727272033691406e+01 9.7196258544921875e+01
11725 2.2727272033691406e+01 9.8130844116210938e+01
11726 2.2727272033691406e+01 9.9065422058105469e+01
11727 1.8181818008422852e+01 9.3457943201065063e-01
11728 1.8181818008422852e+01 1.8691588640213013e+00
11729 1.8181818008422852e+01 2.8037383556365967e+00
11730 1.8181818008422852e+01 3.7383177280426025e+00
11731 1.8181818008422852e+01 4.6728973388671875e+00
11732 1.8181818008422852e+01 5.6074767112731934e+00
11733 1.8181818008422852e+01 6.5420560836791992e+00
11734 1.8181818008422852e+01 7.4766354560852051e+00
11735 1.8181818008422852e+01 8.4112148284912109e+00
11736 1.8181818008422852e+01 9.3457946777343750e+00
11737 1.8181818008422852e+01 1.0280373573303223e+01
11738 1.8181818008422852e+01 1.1214953422546387e+01
11739 1.8181818008422852e+01 1.2149532318115234e+01
11740 1.8181818008422852e+01 1.3084112167358398e+01
11741 1.8181818008422852e+01 1.4018692016601562e+01
11742 1.8181818008422852e+01 1.4953270912170410e+01
11743 1.8181818008422852e+01 1.5887850761413574e+01
11744 1.8181818008422852e+01 1.6822429656982422e+01
11745 1.8181818008422852e+01 1.7757009506225586e+01
11746 1.8181818008422852e+01 1.8691589355468750e+01
11747 1.8181818008422852e+01 1.9626167297363281e+01
11748 1.8181818008422852e+01 2.0560747146606445e+01
11749 1.8181818008422852e+01 2.1495326995849609e+01
11750 1.8181818008422852e+01 2.2429906845092773e+01
11751 1.8181818008422852e+01 2.3364486694335938e+01
11752 1.8181818008422852e+01 2.4299064636230469e+01
11753 1.8181818008422852e+01 2.5233644485473633e+01
11754 1.8181818008422852e+01 2.6168224334716797e+01
11755 1.8181818008422852e+01 2.7102804183959961e+01
11756 1.8181818008422852e+01 2.8037384033203125e+01
11757 1.8181818008422852e+01 2.8971961975097656e+01
11758 1.8181818008422852e+01 2.9906541824340820e+01
11759 1.8181818008422852e+01 3.0841121673583984e+01
11760 1.8181818008422852e+01 3.1775701522827148e+01
11761 1.8181818008422852e+01 3.2710281372070312e+01
11762 1.8181818008422852e+01 3.3644859313964844e+01
11763 1.8181818008422852e+01 3.4579441070556641e+01
11764 1.8181818008422852e+01 3.5514019012451172e+01
11765 1.8181818008422852e+01 3.6448596954345703e+01
11766 1.8181818008422852e+01 3.7383178710937500e+01
11767 1.8181818008422852e+01 3.8317756652832031e+01
11768 1.8181818008422852e+01 3.9252334594726562e+01
11769 1.8181818008422852e+01 4.0186916351318359e+01
11770 1.8181818008422852e+01 4.1121494293212891e+01
11771 1.8181818008422852e+01 4.2056076049804688e+01
11772 1.8181818008422852e+01 4.2990653991699219e+01
11773 1.8181818008422852e+01 4.3925231933593750e+01
11774 1.8181818008422852e+01 4.4859813690185547e+01
11775 1.8181818008422852e+01 4.5794391632080078e+01
11776 1.8181818008422852e+01 4.6728973388671875e+01
11777 1.8181818008422852e+01 4.7663551330566406e+01
11778 1.8181818008422852e+01 4.8598129272460938e+01
11779 1.8181818008422852e+01 4.9532711029052734e+01
11780 1.8181818008422852e+01 5.0467288970947266e+01
11781 1.8181818008422852e+01 5.1401870727539062e+01
11782 1.8181818008422852e+01 5.2336448669433594e+01
11783 1.8181818008422852e+01 5.3271026611328125e+01
11784 1.8181818008422852e+01 5.4205608367919922e+01
11785 1.8181818008422852e+01 5.5140186309814453e+01
11786 1.8181818008422852e+01 5.6074768066406250e+01
11787 1.8181818008422852e+01 5.7009346008300781e+01
11788 1.8181818008422852e+01 5.7943923950195312e+01
11789 1.8181818008422852e+01 5.8878505706787109e+01
11790 1.8181818008422852e+01 5.9813083648681641e+01
11791 1.8181818008422852e+01 6.0747665405273438e+01
11792 1.8181818008422852e+01 6.1682243347167969e+01
11793 1.8181818008422852e+01 6.2616821289062500e+01
11794 1.8181818008422852e+01 6.3551403045654297e+01
11795 1.8181818008422852e+01 6.4485984802246094e+01
11796 1.8181818008422852e+01 6.5420562744140625e+01
11797 1.8181818008422852e+01 6.6355140686035156e+01
11798 1.8181818008422852e+01 6.7289718627929688e+01
11799 1.8181818008422852e+01 6.8224296569824219e+01
11800 1.8181818008422852e+01 6.9158882141113281e+01
11801 1.8181818008422852e+01 7.0093460083007812e+01
11802 1.8181818008422852e+01 7.1028038024902344e+01
11803 1.8181818008422852e+01 7.1962615966796875e+01
11804 1.8181818008422852e+01 7.2897193908691406e+01
11805 1.8181818008422852e+01 7.3831779479980469e+01
11806 1.8181818008422852e+01 7.4766357421875000e+01
11807 1.8181818008422852e+01 7.5700935363769531e+01
11808 1.8181818008422852e+01 7.6635513305664062e+01
11809 1.8181818008422852e+01 7.7570091247558594e+01
11810 1.8181818008422852e+01 7.8504669189453125e+01
11811 1.8181818008422852e+01 7.9439254760742188e+01
11812 1.8181818008422852e+01 8.0373832702636719e+01
11813 1.8181818008422852e+01 8.1308410644531250e+01
11814 1.8181818008422852e+01 8.2242988586425781e+01
11815 1.8181818008422852e+01 8.3177566528320312e+01
11816 1.8181818008422852e+01 8.4112152099609375e+01
11817 1.8181818008422852e+01 8.5046730041503906e+01
11818 1.8181818008422852e+01 8.5981307983398438e+01
11819 1.8181818008422852e+01 8.6915885925292969e+01
11820 1.8181818008422852e+01 8.7850463867187500e+01
11821 1.8181818008422852e+01 8.8785049438476562e+01
11822 1.8181818008422852e+01 8.9719627380371094e+01
11823 1.8181818008422852e+01 9.0654205322265625e+01
11824 1.8181818008422852e+01 9.1588783264160156e+01
11825 1.8181818008422852e+01 9.2523361206054688e+01
11826 1.8181818008422852e+01 9.3457946777343750e+01
11827 1.8181818008422852e+01 9.4392524719238281e+01
11828 1.8181818008422852e+01 9.5327102661132812e+01
11829 1.8181818008422852e+01 9.6261680603027344e+01
11830 1.8181818008422852e+01 9.7196258544921875e+01
11831 1.8181818008422852e+01 9.8130844116210938e+01
11832 1.8181818008422852e+01 9.9065422058105469e+01
11833 1.3636363983154297e+01 9.3457943201065063e-01
11834 1.3636363983154297e+01 1.8691588640213013e+00
11835 1.3636363983154297e+01 2.8037383556365967e+00
11836 1.3636363983154297e+01 3.7383177280426025e+00
11837 1.3636363983154297e+01 4.6728973388671875e+00
11838 1.3636363983154297e+01 5.6074767112731934e+00
11839 1.3636363983154297e+01 6.5420560836791992e+00
11840 1.3636363983154297e+01 7.4766354560852051e+00
11841 1.3636363983154297e+01 8.4112148284912109e+00
11842 1.3636363983154297e+01 9.3457946777343750e+00
11843 1.3636363983154297e+01 1.0280373573303223e+01
11844 1.3636363983154297e+01 1.1214953422546387e+01
11845 1.3636363983154297e+01 1.2149532318115234e+01
11846 1.3636363983154297e+01 1.3084112167358398e+01
11847 1.3636363983154297e+01 1.4018692016601562e+01
11848 1.3636363983154297e+01 1.4953270912170410e+01
11849 1.3636363983154297e+01 1.5887850761413574e+01
11850 1.3636363983154297e+01 1.6822429656982422e+01
11851 1.3636363983154297e+01 1.7757009506225586e+01
11852 1.3636363983154297e+01 1.8691589355468750e+01
11853 1.3636363983154297e+01 1.9626167297363281e+01
11854 1.3636363983154297e+01 2.0560747146606445e+01
11855 1.3636363983154297e+01 2.1495326995849609e+01
11856 1.3636363983154297e+01 2.2429906845092773e+01
11857 1.3636363983154297e+01 2.3364486694335938e+01
11858 1.3636363983154297e+01 2.4299064636230469e+01
11859 1.3636363983154297e+01 2.5233644485473633e+01
11860 1.3636363983154297e+01 2.6168224334716797e+01
11861 1.3636363983154297e+01 2.7102804183959961e+01
11862 1.3636363983154297e+01 2.8037384033203125e+01
11863 1.3636363983154297e+01 2.8971961975097656e+01
11864 1.3636363983154297e+01 2.9906541824340820e+01
11865 1.3636363983154297e+01 3.0841121673583984e+01
11866 1.3636363983154297e+01 3.1775701522827148e+01
11867 1.3636363983154297e+01 3.2710281372070312e+01
11868 1.3636363983154297e+01 3.3644859313964844e+01
11869 1.3636363983154297e+01 3.4579441070556641e+01
11870 1.3636363983154297e+01 3.5514019012451172e+01
11871 1.3636363983154297e+01 3.6448596954345703e+01
11872 1.3636363983154297e+01 3.7383178710937500e+01
11873 1.3636363983154297e+01 3.8317756652832031e+01
11874 1.3636363983154297e+01 3.9252334594726562e+01
11875 1.3636363983154297e+01 4.0186916351318359e+01
11876 1.3636363983154297e+01 4.1121494293212891e+01
11877 1.3636363983154297e+01 4.2056076049804688e+01
11878 1.3636363983154297e+01 4.2990653991699219e+01
11879 1.3636363983154297e+01 4.3925231933593750e+01
11880 1.3636363983154297e+01 4.4859813690185547e+01
11881 1.3636363983154297e+01 4.5794391632080078e+01
11882 1.3636363983154297e+01 4.6728973388671875e+01
11883 1.3636363983154297e+01 4.7663551330566406e+01
11884 1.3636363983154297e+01 4.8598129272460938e+01
11885 1.3636363983154297e+01 4.9532711029052734e+01
11886 1.3636363983154297e+01 5.0467288970947266e+01
11887 1.3636363983154297e+01 5.1401870727539062e+01
11888 1.3636363983154297e+01 5.2336448669433594e+01
11889 1.3636363983154297e+01 5.3271026611328125e+01
11890 1.3636363983154297e+01 5.4205608367919922e+01
11891 1.3636363983154297e+01 5.5140186309814453e+01
11892 1.3636363983154297e+01 5.6074768066406250e+01
11893 1.3636363983154297e+01 5.7009346008300781e+01
11894 1.3636363983154297e+01 5.7943923950195312e+01
11895 1.3636363983154297e+01 5.8878505706787109e+01
11896 1.3636363983154297e+01 5.9813083648681641e+01
11897 1.3636363983154297e+01 6.0747665405273438e+01
11898 1.3636363983154297e+01 6.1682243347167969e+01
11899 1.3636363983154297e+01 6.2616821289062500e+01
11900 1.3636363983154297e+01 6.3551403045654297e+01
11901 1.3636363983154297e+01 6.4485984802246094e+01
11902 1.3636363983154297e+01 6.5420562744140625e+01
11903 1.3636363983154297e+01 6.6355140686035156e+01
11904 1.3636363983154297e+01 6.7289718627929688e+01
11905 1.3636363983154297e+01 6.8224296569824219e+01
11906 1.3636363983154297e+01 6.9158882141113281e+01
11907 1.3636363983154297e+01 7.0093460083007812e+01
11908 1.3636363983154297e+01 7.1028038024902344e+01
11909 1.3636363983154297e+01 7.1962615966796875e+01
11910 1.3636363983154297e+01 7.2897193908691406e+01
11911 1.3636363983154297e+01 7.3831779479980469e+01
11912 1.3636363983154297e+01 7.4766357421875000e+01
11913 1.3636363983154297e+01 7.5700935363769531e+01
11914 1.3636363983154297e+01 7.6635513305664062e+01
11915 1.3636363983154297e+01 7.7570091247558594e+01
11916 1.3636363983154297e+01 7.8504669189453125e+01
11917 1.3636363983154297e+01 7.9439254760742188e+01
11918 1.3636363983154297e+01 8.0373832702636719e+01
11919 1.3636363983154297e+01 8.1308410644531250e+01
11920 1.3636363983154297e+01 8.2242988586425781e+01
11921 1.3636363983154297e+01 8.3177566528320312e+01
11922 1.3636363983154297e+01 8.4112152099609375e+01
11923 1.3636363983154297e+01 8.5046730041503906e+01
11924 1.3636363983154297e+01 8.5981307983398438e+01
11925 1.3636363983154297e+01 8.6915885925292969e+01
11926 1.3636363983154297e+01 8.7850463867187500e+01
11927 1.3636363983154297e+01 8.8785049438476562e+01
11928 1.3636363983154297e+01 8.9719627380371094e+01
11929 1.3636363983154297e+01 9.0654205322265625e+01
11930 1.3636363983154297e+01 9.1588783264160156e+01
11931 1.3636363983154297e+01 9.2523361206054688e+01
11932 1.3636363983154297e+01 9.3457946777343750e+01
11933 1.3636363983154297e+01 9.4392524719238281e+01
11934 1.3636363983154297e+01 9.5327102661132812e+01
11935 1.3636363983154297e+01 9.6261680603027344e+01
11936 1.3636363983154297e+01 9.7196258544921875e+01
11937 1.3636363983154297e+01 9.8130844116210938e+01
11938 1.3636363983154297e+01 9.9065422058105469e+01
11939 9.0909090042114258e+00 9.3457943201065063e-01
11940 9.0909090042114258e+00 1.8691588640213013e+00
11941 9.0909090042114258e+00 2.8037383556365967e+00
11942 9.0909090042114258e+00 3.7383177280426025e+00
11943 9.0909090042114258e+00 4.6728973388671875e+00
11944 9.0909090042114258e+00 5.6074767112731934e+00
11945 9.0909090042114258e+00 6.5420560836791992e+00
11946 9.0909090042114258e+00 7.4766354560852051e+00
11947 9.0909090042114258e+00 8.4112148284912109e+00
11948 9.0909090042114258e+00 9.3457946777343750e+00
11949 9.0909090042114258e+00 1.0280373573303223e+01
11950 9.0909090042114258e+00 1.1214953422546387e+01
11951 9.0909090042114258e+00 1.2149532318115234e+01
11952 9.0909090042114258e+00 1.3084112167358398e+01
11953 9.0909090042114258e+00 1.4018692016601562e+01
11954 9.0909090042114258e+00 1.4953270912170410e+01
11955 9.0909090042114258e+00 1.5887850761413574e+01
11956 9.0909090042114258e+00 1.6822429656982422e+01
11957 9.0909090042114258e+00 1.7757009506225586e+01
11958 9.0909090042114258e+00 1.8691589355468750e+01
11959 9.0909090042114258e+00 1.9626167297363281e+01
11960 9.0909090042114258e+00 2.0560747146606445e+01
11961 9.0909090042114258e+00 2.1495326995849609e+01
11962 9.0909090042114258e+00 2.2429906845092773e+01
11963 9.0909090042114258e+00 2.3364486694335938e+01
11964 9.0909090042114258e+00 2.4299064636230469e+01
11965 9.0909090042114258e+00 2.5233644485473633e+01
11966 9.0909090042114258e+00 2.6168224334716797e+01
11967 9.0909090042114258e+00 2.7102804183959961e+01
11968 9.0909090042114258e+00 2.8037384033203125e+01
11969 9.0909090042114258e+00 2.8971961975097656e+01
11970 9.0909090042114258e+00 2.9906541824340820e+01
11971 9.0909090042114258e+00 3.0841121673583984e+01
11972 9.0909090042114258e+00 3.1775701522827148e+01
11973 9.0909090042114258e+00 3.2710281372070312e+01
11974 9.0909090042114258e+00 3.3644859313964844e+01
11975 9.0909090042114258e+00 3.4579441070556641e+01
11976 9.0909090042114258e+00 3.5514019012451172e+01
11977 9.0909090042114258e+00 3.6448596954345703e+01
11978 9.0909090042114258e+00 3.7383178710937500e+01
11979 9.0909090042114258e+00 3.8317756652832031e+01
11980 9.0909090042114258e+00 3.9252334594726562e+01
11981 9.0909090042114258e+00 4.0186916351318359e+01
11982 9.0909090042114258e+00 4.1121494293212891e+01
11983 9.0909090042114258e+00 4.2056076049804688e+01
11984 9.0909090042114258e+00 4.2990653991699219e+01
11985 9.0909090042114258e+00 4.3925231933593750e+01
11986 9.0909090042114258e+00 4.4859813690185547e+01
11987 9.0909090042114258e+00 4.5794391632080078e+01
11988 9.0909090042114258e+00 4.6728973388671875e+01
11989 9.0909090042114258e+00 4.7663551330566406e+01
11990 9.0909090042114258e+00 4.8598129272460938e+01
11991 9.0909090042114258e+00 4.9532711029052734e+01
11992 9.0909090042114258e+00 5.0467288970947266e+01
11993 9.0909090042114258e+00 5.1401870727539062e+01
11994 9.0909090042114258e+00 5.2336448669433594e+01
11995 9.0909090042114258e+00 5.3271026611328125e+01
11996 9.0909090042114258e+00 5.4205608367919922e+01
11997 9.0909090042114258e+00 5.5140186309814453e+01
11998 9.0909090042114258e+00 5.6074768066406250e+01
11999 9.0909090042114258e+00 5.7009346008300781e+01
12000 9.0909090042114258e+00 5.7943923950195312e+01
12001 9.0909090042114258e+00 5.8878505706787109e+01
12002 9.0909090042114258e+00 5.9813083648681641e+01
12003 9.0909090042114258e+00 6.0747665405273438e+01
12004 9.0909090042114258e+00 6.1682243347167969e+01
12005 9.0909090042114258e+00 6.2616821289062500e+01
12006 9.0909090042114258e+00 6.3551403045654297e+01
12007 9.0909090042114258e+00 6.4485984802246094e+01
12008 9.0909090042114258e+00 6.5420562744140625e+01
12009 9.0909090042114258e+00 6.6355140686035156e+01
12010 9.0909090042114258e+00 6.7289718627929688e+01
12011 9.0909090042114258e+00 6.8224296569824219e+01
12012 9.0909090042114258e+00 6.9158882141113281e+01
12013 9.0909090042114258e+00 7.0093460083007812e+01
12014 9.0909090042114258e+00 7.1028038024902344e+01
12015 9.0909090042114258e+00 7.1962615966796875e+01
12016 9.0909090042114258e+00 7.2897193908691406e+01
12017 9.0909090042114258e+00 7.3831779479980469e+01
12018 9.0909090042114258e+00 7.4766357421875000e+01
12019 9.0909090042114258e+00 7.5700935363769531e+01
12020 9.0909090042114258e+00 7.6635513305664062e+01
12021 9.0909090042114258e+00 7.7570091247558594e+01
12022 9.0909090042114258e+00 7.8504669189453125e+01
12023 9.0909090042114258e+00 7.9439254760742188e+01
12024 9.0909090042114258e+00 8.0373832702636719e+01
12025 9.0909090042114258e+00 8.1308410644531250e+01
12026 9.0909090042114258e+00 8.2242988586425781e+01
12027 9.0909090042114258e+00 8.3177566528320312e+01
12028 9.0909090042114258e+00 8.4112152099609375e+01
12029 9.0909090042114258e+00 8.5046730041503906e+01
12030 9.0909090042114258e+00 8.5981307983398438e+01
12031 9.0909090042114258e+00 8.6915885925292969e+01
12032 9.0909090042114258e+00 8.7850463867187500e+01
12033 9.0909090042114258e+00 8.8785049438476562e+01
12034 9.0909090042114258e+00 8.9719627380371094e+01
12035 9.0909090042114258e+00 9.0654205322265625e+01
12036 9.0909090042114258e+00 9.1588783264160156e+01
12037 9.0909090042114258e+00 9.2523361206054688e+01
12038 9.0909090042114258e+00 9.3457946777343750e+01
12039 9.0909090042114258e+00 9.4392524719238281e+01
12040 9.0909090042114258e+00 9.5327102661132812e+01
12041 9.0909090042114258e+00 9.6261680603027344e+01
12042 9.0909090042114258e+00 9.7196258544921875e+01
12043 9.0909090042114258e+00 9.8130844116210938e+01
12044 9.0909090042114258e+00 9.9065422058105469e+01
12045 4.5454545021057129e+00 9.3457943201065063e-01
12046 4.5454545021057129e+00 1.8691588640213013e+00
12047 4.5454545021057129e+00 2.8037383556365967e+00
12048 4.5454545021057129e+00 3.7383177280426025e+00
12049 4.5454545021057129e+00 4.6728973388671875e+00
12050 4.5454545021057129e+00 5.6074767112731934e+00
12051 4.5454545021057129e+00 6.5420560836791992e+00
12052 4.5454545021057129e+00 7.4766354560852051e+00
12053 4.5454545021057129e+00 8.4112148284912109e+00
12054 4.5454545021057129e+00 9.3457946777343750e+00
12055 4.5454545021057129e+00 1.0280373573303223e+01
12056 4.5454545021057129e+00 1.1214953422546387e+01
12057 4.5454545021057129e+00 1.2149532318115234e+01
12058 4.5454545021057129e+00 1.3084112167358398e+01
12059 4.5454545021057129e+00 1.4018692016601562e+01
12060 4.5454545021057129e+00 1.4953270912170410e+01
12061 4.5454545021057129e+00 1.5887850761413574e+01
12062 4.5454545021057129e+00 1.6822429656982422e+01
12063 4.5454545021057129e+00 1.7757009506225586e+01
12064 4.5454545021057129e+00 1.8691589355468750e+01
12065 4.5454545021057129e+00 1.9626167297363281e+01
12066 4.5454545021057129e+00 2.0560747146606445e+01
12067 4.5454545021057129e+00 2.1495326995849609e+01
12068 4.5454545021057129e+00 2.2429906845092773e+01
12069 4.5454545021057129e+00 2.3364486694335938e+01
12070 4.5454545021057129e+00 2.4299064636230469e+01
12071 4.5454545021057129e+00 2.5233644485473633e+01
12072 4.5454545021057129e+00 2.6168224334716797e+01
12073 4.5454545021057129e+00 2.7102804183959961e+01
12074 4.5454545021057129e+00 2.8037384033203125e+01
12075 4.5454545021057129e+00 2.8971961975097656e+01
12076 4.5454545021057129e+00 2.9906541824340820e+01
12077 4.5454545021057129e+00 3.0841121673583984e+01
12078 4.5454545021057129e+00 3.1775701522827148e+01
12079 4.5454545021057129e+00 3.2710281372070312e+01
12080 4.5454545021057129e+00 3.3644859313964844e+01
12081 4.5454545021057129e+00 3.4579441070556641e+01
12082 4.5454545021057129e+00 3.5514019012451172e+01
12083 4.5454545021057129e+00 3.6448596954345703e+01
12084 4.5454545021057129e+00 3.7383178710937500e+01
12085 4.5454545021057129e+00 3.8317756652832031e+01
12086 4.5454545021057129e+00 3.9252334594726562e+01
12087 4.5454545021057129e+00 4.0186916351318359e+01
12088 4.5454545021057129e+00 4.1121494293212891e+01
12089 4.5454545021057129e+00 4.2056076049804688e+01
12090 4.5454545021057129e+00 4.2990653991699219e+01
12091 4.5454545021057129e+00 4.3925231933593750e+01
12092 4.5454545021057129e+00 4.4859813690185547e+01
12093 4.5454545021057129e+00 4.5794391632080078e+01
12094 4.5454545021057129e+00 4.6728973388671875e+01
12095 4.5454545021057129e+00 4.7663551330566406e+01
12096 4.5454545021057129e+00 4.8598129272460938e+01
12097 4.5454545021057129e+00 4.9532711029052734e+01
12098 4.5454545021057129e+00 5.0467288970947266e+01
12099 4.5454545021057129e+00 5.1401870727539062e+01
12100 4.5454545021057129e+00 5.2336448669433594e+01
12101 4.5454545021057129e+00 5.3271026611328125e+01
12102 4.5454545021057129e+00 5.4205608367919922e+01
12103 4.5454545021057129e+00 5.5140186309814453e+01
12104 4.5454545021057129e+00 5.6074768066406250e+01
12105 4.5454545021057129e+00 5.7009346008300781e+01
12106 4.5454545021057129e+00 5.7943923950195312e+01
12107 4.5454545021057129e+00 5.8878505706787109e+01
12108 4.5454545021057129e+00 5.9813083648681641e+01
12109 4.5454545021057129e+00 6.0747665405273438e+01
12110 4.5454545021057129e+00 6.1682243347167969e+01
12111 4.5454545021057129e+00 6.2616821289062500e+01
12112 4.5454545021057129e+00 6.3551403045654297e+01
12113 4.5454545021057129e+00 6.4485984802246094e+01
12114 4.5454545021057129e+00 6.5420562744140625e+01
12115 4.5454545021057129e+00 6.6355140686035156e+01
12116 4.5454545021057129e+00 6.7289718627929688e+01
12117 4.5454545021057129e+00 6.8224296569824219e+01
12118 4.5454545021057129e+00 6.9158882141113281e+01
12119 4.5454545021057129e+00 7.0093460083007812e+01
12120 4.5454545021057129e+00 7.1028038024902344e+01
12121 4.5454545021057129e+00 7.1962615966796875e+01
12122 4.5454545021057129e+00 7.2897193908691406e+01
12123 4.5454545021057129e+00 7.3831779479980469e+01
12124 4.5454545021057129e+00 7.4766357421875000e+01
12125 4.5454545021057129e+00 7.5700935363769531e+01
12126 4.5454545021057129e+00 7.6635513305664062e+01
12127 4.5454545021057129e+00 7.7570091247558594e+01
12128 4.5454545021057129e+00 7.8504669189453125e+01
12129 4.5454545021057129e+00 7.9439254760742188e+01
12130 4.5454545021057129e+00 8.0373832702636719e+01
12131 4.5454545021057129e+00 8.1308410644531250e+01
12132 4.5454545021057129e+00 8.2242988586425781e+01
12133 4.5454545021057129e+00 8.3177566528320312e+01
12134 4.5454545021057129e+00 8.4112152099609375e+01
12135 4.5454545021057129e+00 8.5046730041503906e+01
12136 4.5454545021057129e+00 8.5981307983398438e+01
12137 4.5454545021057129e+00 8.6915885925292969e+01
12138 4.5454545021057129e+00 8.7850463867187500e+01
12139 4.5454545021057129e+00 8.8785049438476562e+01
12140 4.5454545021057129e+00 8.9719627380371094e+01
12141 4.5454545021057129e+00 9.0654205322265625e+01
12142 4.5454545021057129e+00 9.1588783264160156e+01
12143 4.5454545021057129e+00 9.2523361206054688e+01
12144 4.5454545021057129e+00 9.3457946777343750e+01
12145 4.5454545021057129e+00 9.4392524719238281e+01
12146 4.5454545021057129e+00 9.5327102661132812e+01
12147 4.5454545021057129e+00 9.6261680603027344e+01
12148 4.5454545021057129e+00 9.7196258544921875e+01
12149 4.5454545021057129e+00 9.8130844116210938e+01
12150 4.5454545021057129e+00 9.9065422058105469e+01
12151 1.7686639404296875e+02 9.9363975524902344e+00
12152 1.7658175659179688e+02 2.1514081954956055e+01
12153 1.7499647521972656e+02 2.1461364746093750e+01
12154 1.7341532897949219e+02 2.1513708114624023e+01
12155 1.7654324340820312e+02 2.3420248031616211e+01
12156 1.7499295043945312e+02 2.3448534011840820e+01
12157 1.7345069885253906e+02 2.3418617248535156e+01
12158 1.7651438903808594e+02 2.5354948043823242e+01
12159 1.7498429870605469e+02 2.5382434844970703e+01
12160 1.7344639587402344e+02 2.5308759689331055e+01
12161 1.7651336669921875e+02 2.7345088958740234e+01
12162 1.7496630859375000e+02 2.7398097991943359e+01
12163 1.7342843627929688e+02 2.7272571563720703e+01
12164 1.7670278930664062e+02 2.9429433822631836e+01
12165 1.7499903869628906e+02 2.9409709930419922e+01
12166 1.7329023742675781e+02 2.9411422729492188e+01
12167 1.7656449890136719e+02 3.1513896942138672e+01
12168 1.7503240966796875e+02 3.1374952316284180e+01
12169 1.7347773742675781e+02 3.1476736068725586e+01
12170 1.7656687927246094e+02 3.3507282257080078e+01
12171 1.7504399108886719e+02 3.3401626586914062e+01
12172 1.7351554870605469e+02 3.3438076019287109e+01
12173 1.7655223083496094e+02 3.5451930999755859e+01
12174 1.7501585388183594e+02 3.5390949249267578e+01
12175 1.7349130249023438e+02 3.5407920837402344e+01
12176 1.7654129028320312e+02 3.7339324951171875e+01
12177 1.7500476074218750e+02 3.7308433532714844e+01
12178 1.7346418762207031e+02 3.7338096618652344e+01
12179 1.7652925109863281e+02 3.9229740142822266e+01
12180 1.7499937438964844e+02 3.9215923309326172e+01
12181 1.7347067260742188e+02 3.9229656219482422e+01
12182 1.7652709960937500e+02 4.1130844116210938e+01
12183 1.7498852539062500e+02 4.1143100738525391e+01
12184 1.7346484375000000e+02 4.1130958557128906e+01
12185 1.7653721618652344e+02 4.3041099548339844e+01
12186 1.7499186706542969e+02 4.3071674346923828e+01
12187 1.7345558166503906e+02 4.3039772033691406e+01
12188 1.7651722717285156e+02 4.4976280212402344e+01
12189 1.7498237609863281e+02 4.4996898651123047e+01
12190 1.7344535827636719e+02 4.4928459167480469e+01
12191 1.7661312866210938e+02 4.7132316589355469e+01
12192 1.7495896911621094e+02 4.7004219055175781e+01
12193 1.7342919921875000e+02 4.6877609252929688e+01
12194 1.7648417663574219e+02 4.8901763916015625e+01
12195 1.7496585083007812e+02 4.9027099609375000e+01
12196 1.7329145812988281e+02 4.9037082672119141e+01
12197 1.7670492553710938e+02 5.0964218139648438e+01
12198 1.7501660156250000e+02 5.0965648651123047e+01
12199 1.7350814819335938e+02 5.1095283508300781e+01
12200 1.7657040405273438e+02 5.3121894836425781e+01
12201 1.7503964233398438e+02 5.2995258331298828e+01
12202 1.7338677978515625e+02 5.2867649078369141e+01
12203 1.7655464172363281e+02 5.5071540832519531e+01
12204 1.7501762390136719e+02 5.5003101348876953e+01
12205 1.7348277282714844e+02 5.5023719787597656e+01
12206 1.7654441833496094e+02 5.6960227966308594e+01
12207 1.7500813293457031e+02 5.6928325653076172e+01
12208 1.7346278381347656e+02 5.6958900451660156e+01
12209 1.7653518676757812e+02 5.8869014739990234e+01
12210 1.7501171875000000e+02 5.8856723785400391e+01
12211 1.7347293090820312e+02 5.8869132995605469e+01
12212 1.7653024291992188e+02 6.0769748687744141e+01
12213 1.7500296020507812e+02 6.0782241821289062e+01
12214 1.7347164916992188e+02 6.0769641876220703e+01
12215 1.7653511047363281e+02 6.2661670684814453e+01
12216 1.7499218750000000e+02 6.2689632415771484e+01
12217 1.7345788574218750e+02 6.2659866333007812e+01
12218 1.7650794982910156e+02 6.4589782714843750e+01
12219 1.7497834777832031e+02 6.4608856201171875e+01
12220 1.7344558715820312e+02 6.4548950195312500e+01
12221 1.7648448181152344e+02 6.6562057495117188e+01
12222 1.7495561218261719e+02 6.6598403930664062e+01
12223 1.7343344116210938e+02 6.6490112304687500e+01
12224 1.7652226257324219e+02 6.8523262023925781e+01
12225 1.7496759033203125e+02 6.8625045776367188e+01
12226 1.7343592834472656e+02 6.8487197875976562e+01
12227 1.7670976257324219e+02 7.0588577270507812e+01
12228 1.7500082397460938e+02 7.0590324401855469e+01
12229 1.7329266357421875e+02 7.0572891235351562e+01
12230 1.7657156372070312e+02 7.2727424621582031e+01
12231 1.7503369140625000e+02 7.2601898193359375e+01
12232 1.7348667907714844e+02 7.2658973693847656e+01
12233 1.7655361938476562e+02 7.4691230773925781e+01
12234 1.7501586914062500e+02 7.4617454528808594e+01
12235 1.7348609924316406e+02 7.4645416259765625e+01
12236 1.7654673767089844e+02 7.6576942443847656e+01
12237 1.7500909423828125e+02 7.6539131164550781e+01
12238 1.7346134948730469e+02 7.6575927734375000e+01
12239 1.7652954101562500e+02 7.8467239379882812e+01
12240 1.7500030517578125e+02 7.8460823059082031e+01
12241 1.7346690368652344e+02 7.8483711242675781e+01
12242 1.7652268981933594e+02 8.0372535705566406e+01
12243 1.7498947143554688e+02 8.0390792846679688e+01
12244 1.7346624755859375e+02 8.0384323120117188e+01
12245 1.7653648376464844e+02 8.2278602600097656e+01
12246 1.7499508666992188e+02 8.2305229187011719e+01
12247 1.7345993041992188e+02 8.2279747009277344e+01
12248 1.7654704284667969e+02 8.4184654235839844e+01
12249 1.7500019836425781e+02 8.4228866577148438e+01
12250 1.7345222473144531e+02 8.4185714721679688e+01
12251 1.7647541809082031e+02 8.6078224182128906e+01
12252 1.7501759338378906e+02 8.6121894836425781e+01
12253 1.7346794128417969e+02 8.6102210998535156e+01
12254 1.7647390747070312e+02 8.8154464721679688e+01
12255 1.7500401306152344e+02 8.8232101440429688e+01
12256 1.7345619201660156e+02 8.8070083618164062e+01
12257 1.7670320129394531e+02 9.0200172424316406e+01
12258 1.7499960327148438e+02 9.0197578430175781e+01
12259 1.7329222106933594e+02 9.0190269470214844e+01
12260 1.7655323791503906e+02 9.2314704895019531e+01
12261 1.7502726745605469e+02 9.2201553344726562e+01
12262 1.7348410034179688e+02 9.2276824951171875e+01
12263 1.7653889465332031e+02 9.4278099060058594e+01
12264 1.7500914001464844e+02 9.4221412658691406e+01
12265 1.7348326110839844e+02 9.4259666442871094e+01
12266 1.7654296875000000e+02 9.6197746276855469e+01
12267 1.7499855041503906e+02 9.6143592834472656e+01
12268 1.7345414733886719e+02 9.6193061828613281e+01
12269 1.7649021911621094e+02 9.8245277404785156e+01
12270 1.7495321655273438e+02 9.8050346374511719e+01
12271 1.7339625549316406e+02 9.8071296691894531e+01
12272 1.7310537719726562e+02 1.1808803558349609e+01
12273 1.7718888854980469e+02 9.0996541976928711e+00
12274 1.7499896240234375e+02 2.0649837493896484e+01
12275 1.7418521118164062e+02 2.0902338027954102e+01
12276 1.7581094360351562e+02 2.0902980804443359e+01
12277 1.7719166564941406e+02 8.0410432815551758e+00
12278 1.7596533203125000e+02 9.9154014587402344e+01
12279 1.7323152160644531e+02 9.9060997009277344e+01
12280 1.7692318725585938e+02 9.9155143737792969e+01
12281 1.7497782897949219e+02 9.9073585510253906e+01
12282 1.7411814880371094e+02 9.9335441589355469e+01
12283 1.7271258544921875e+02 3.4010173797607422e+01
12284 1.7266426086425781e+02 4.4422504425048828e+01
12285 1.7260636901855469e+02 4.9831272125244141e+01
12286 1.7731819152832031e+02 4.4440841674804688e+01
12287 1.7747645568847656e+02 4.7207695007324219e+01
12288 1.7733573913574219e+02 5.5577495574951172e+01
12289 1.7732620239257812e+02 5.8403167724609375e+01
12290 1.7266479492187500e+02 6.4046142578125000e+01
12291 1.7732447814941406e+02 6.1227664947509766e+01
12292 1.7728755187988281e+02 6.5990623474121094e+01
12293 1.7730506896972656e+02 6.7907363891601562e+01
12294 1.7738879394531250e+02 6.9803237915039062e+01
12295 1.7754544067382812e+02 7.0570617675781250e+01
12296 1.7269528198242188e+02 7.4217987060546875e+01
12297 1.7735517883300781e+02 7.2324295043945312e+01
12298 1.7267315673828125e+02 7.8024559020996094e+01
12299 1.7733982849121094e+02 7.4258117675781250e+01
12300 1.7733729553222656e+02 7.5197242736816406e+01
12301 1.7267550659179688e+02 8.0847702026367188e+01
12302 1.7733113098144531e+02 7.7078506469726562e+01
12303 1.7731840515136719e+02 7.9895416259765625e+01
12304 1.7732609558105469e+02 8.1786460876464844e+01
12305 1.7733305358886719e+02 8.4618255615234375e+01
12306 1.7267144775390625e+02 9.1912231445312500e+01
12307 1.7731408691406250e+02 8.8479171752929688e+01
12308 1.7269287109375000e+02 9.2871070861816406e+01
12309 1.7738772583007812e+02 8.9417991638183594e+01
12310 1.7266461181640625e+02 9.6704910278320312e+01
12311 1.7732792663574219e+02 9.2897186279296875e+01
12312 1.7733258056640625e+02 9.5756965637207031e+01
12313 1.7266253662109375e+02 8.8449287414550781e+01
12314 1.7267178344726562e+02 8.5570854187011719e+01
12315 1.7269117736816406e+02 7.3255050659179688e+01
12316 1.7260400390625000e+02 6.9794929504394531e+01
12317 1.7266227722167969e+02 6.6905609130859375e+01
12318 1.7268180847167969e+02 5.5559158325195312e+01
12319 1.7252351379394531e+02 5.2792293548583984e+01
12320 1.7267381286621094e+02 4.1596824645996094e+01
12321 1.7267568969726562e+02 3.8772365570068359e+01
12322 1.7733996582031250e+02 3.4055576324462891e+01
12323 1.7732388305664062e+02 3.8772872924804688e+01
12324 1.7732429504394531e+02 4.1596118927001953e+01
12325 1.7738960266113281e+02 5.0172710418701172e+01
12326 1.7735049438476562e+02 5.2706047058105469e+01
12327 1.7731427001953125e+02 6.4064552307128906e+01
12328 1.7730162048339844e+02 6.6948005676269531e+01
12329 1.7734622192382812e+02 7.3295188903808594e+01
12330 1.7732519531250000e+02 7.8015090942382812e+01
12331 1.7732328796386719e+02 8.0843246459960938e+01
12332 1.7731300354003906e+02 8.5567680358886719e+01
12333 1.7734237670898438e+02 9.1929656982421875e+01
12334 1.7732766723632812e+02 9.6711692810058594e+01
12335 1.7265475463867188e+02 4.7294437408447266e+01
12336 1.7267570495605469e+02 5.8403877258300781e+01
12337 1.7267626953125000e+02 6.1227024078369141e+01
12338 1.7265701293945312e+02 6.5940803527832031e+01
12339 1.7266047668457031e+02 6.7877609252929688e+01
12340 1.7245405578613281e+02 7.0565765380859375e+01
12341 1.7266770935058594e+02 7.2292053222656250e+01
12342 1.7267761230468750e+02 7.5180732727050781e+01
12343 1.7266979980468750e+02 7.7079154968261719e+01
12344 1.7267526245117188e+02 7.9908752441406250e+01
12345 1.7267178344726562e+02 8.1788978576660156e+01
12346 1.7266616821289062e+02 8.4621620178222656e+01
12347 1.7260250854492188e+02 8.9407127380371094e+01
12348 1.7266744995117188e+02 9.5757751464843750e+01
12349 1.7266017150878906e+02 2.5741882324218750e+01
12350 1.7266271972656250e+02 2.4802755355834961e+01
12351 1.7266323852539062e+02 2.2918390274047852e+01
12352 1.7264097595214844e+02 2.1076894760131836e+01
12353 1.7271031188964844e+02 2.0217746734619141e+01
12354 1.7280540466308594e+02 1.8390626907348633e+01
12355 1.7721112060546875e+02 1.9322982788085938e+01
12356 1.7735536193847656e+02 2.1080631256103516e+01
12357 1.7732951354980469e+02 2.3865718841552734e+01
12358 1.7730525207519531e+02 2.5782636642456055e+01
12359 1.7261120605468750e+02 3.0196760177612305e+01
12360 1.7245455932617188e+02 2.9429380416870117e+01
12361 1.7730970764160156e+02 2.6749601364135742e+01
12362 1.7269493103027344e+02 3.2092632293701172e+01
12363 1.7738800048828125e+02 2.8660032272338867e+01
12364 1.7739622497558594e+02 3.0214199066162109e+01
12365 1.7735087585449219e+02 3.1161338806152344e+01
12366 1.7264482116699219e+02 2.7675704956054688e+01
12367 1.7734396362304688e+02 2.1983615875244141e+01
12368 1.7719342041015625e+02 1.8392316818237305e+01
12369 1.7728775024414062e+02 2.0220172882080078e+01
12370 1.7733514404296875e+02 2.2921670913696289e+01
12371 1.7732180786132812e+02 2.4819963455200195e+01
12372 1.7733361816406250e+02 2.7709512710571289e+01
12373 1.7754740905761719e+02 2.9436433792114258e+01
12374 1.7734104919433594e+02 3.2121582031250000e+01
12375 1.7279428100585938e+02 1.9328958511352539e+01
12376 1.7265437316894531e+02 2.1983310699462891e+01
12377 1.7266386413574219e+02 2.3862995147705078e+01
12378 1.7265377807617188e+02 2.6704809188842773e+01
12379 1.7259153747558594e+02 2.8637498855590820e+01
12380 1.7266532897949219e+02 3.1143852233886719e+01
12381 1.7280537414550781e+02 1.6502578735351562e+01
12382 1.7280934143066406e+02 1.5563961982727051e+01
12383 1.7280787658691406e+02 1.3652145385742188e+01
12384 1.7719343566894531e+02 2.3440718650817871e+00
12385 1.7719046020507812e+02 3.2990696430206299e+00
12386 1.7719131469726562e+02 5.1877975463867188e+00
12387 1.7749824523925781e+02 9.8741054534912109e+00
12388 1.7719198608398438e+02 1.1765268325805664e+01
12389 1.7719184875488281e+02 1.6505697250366211e+01
12390 1.7718920898437500e+02 1.7452590942382812e+01
12391 1.7269627380371094e+02 3.4974765777587891e+01
12392 1.7734266662597656e+02 3.3090206146240234e+01
12393 1.7733990478515625e+02 3.5010963439941406e+01
12394 1.7732247924804688e+02 3.9710182189941406e+01
12395 1.7732339477539062e+02 4.0653102874755859e+01
12396 1.7265510559082031e+02 4.6320442199707031e+01
12397 1.7732875061035156e+02 4.2542179107666016e+01
12398 1.7260002136230469e+02 4.8260784149169922e+01
12399 1.7731526184082031e+02 4.5414543151855469e+01
12400 1.7268272399902344e+02 5.0797901153564453e+01
12401 1.7731277465820312e+02 4.9200977325439453e+01
12402 1.7754154968261719e+02 5.0944507598876953e+01
12403 1.7734570312500000e+02 5.3679557800292969e+01
12404 1.7267770385742188e+02 6.0289695739746094e+01
12405 1.7267665100097656e+02 5.9346870422363281e+01
12406 1.7733302307128906e+02 5.6515075683593750e+01
12407 1.7267108154296875e+02 6.2166725158691406e+01
12408 1.7732273864746094e+02 6.0289821624755859e+01
12409 1.7732528686523438e+02 6.3112472534179688e+01
12410 1.7267124938964844e+02 5.7457820892333984e+01
12411 1.7740480041503906e+02 5.1740356445312500e+01
12412 1.7268473815917969e+02 5.4585456848144531e+01
12413 1.7266697692871094e+02 4.3484924316406250e+01
12414 1.7732890319824219e+02 3.7833045959472656e+01
12415 1.7733546447753906e+02 3.5951454162597656e+01
12416 1.7267744445800781e+02 3.9710083007812500e+01
12417 1.7267472839355469e+02 3.6888233184814453e+01
12418 1.7248727416992188e+02 1.1741547584533691e+01
12419 1.7280619812011719e+02 1.0981395721435547e+01
12420 1.7280816650390625e+02 8.9637918472290039e+00
12421 1.7280537414550781e+02 7.0727224349975586e+00
12422 1.7280934143066406e+02 6.1313576698303223e+00
12423 1.7280815124511719e+02 4.2443833351135254e+00
12424 1.7280894470214844e+02 2.3448135852813721e+00
12425 1.7281190490722656e+02 1.3342825174331665e+00
12426 1.7719003295898438e+02 7.0790076255798340e+00
12427 1.7719023132324219e+02 1.2730230331420898e+01
12428 1.7719184875488281e+02 1.4619176864624023e+01
12429 1.7718849182128906e+02 1.3341588973999023e+00
12430 1.7718862915039062e+02 4.2449183464050293e+00
12431 1.7718855285644531e+02 6.1328816413879395e+00
12432 1.7718666076660156e+02 1.0710837364196777e+01
12433 1.7718867492675781e+02 1.3678543090820312e+01
12434 1.7718894958496094e+02 1.5565761566162109e+01
12435 1.7733235168457031e+02 3.6890548706054688e+01
12436 1.7732734680175781e+02 4.3490062713623047e+01
12437 1.7735763549804688e+02 4.6382884979248047e+01
12438 1.7721051025390625e+02 4.8114665985107422e+01
12439 1.7734204101562500e+02 5.4632808685302734e+01
12440 1.7733041381835938e+02 5.7457363128662109e+01
12441 1.7732510375976562e+02 5.9346755981445312e+01
12442 1.7732687377929688e+02 6.2168628692626953e+01
12443 1.7281118774414062e+02 3.2996532917022705e+00
12444 1.7281124877929688e+02 5.1887173652648926e+00
12445 1.7281059265136719e+02 8.0191402435302734e+00
12446 1.7281072998046875e+02 9.9285593032836914e+00
12447 1.7280722045898438e+02 1.2592918395996094e+01
12448 1.7281120300292969e+02 1.4618646621704102e+01
12449 1.7281013488769531e+02 1.7451789855957031e+01
12450 1.7269839477539062e+02 3.3052146911621094e+01
12451 1.7268104553222656e+02 3.5935562133789062e+01
12452 1.7267304992675781e+02 3.7831474304199219e+01
12453 1.7267494201660156e+02 4.0653224945068359e+01
12454 1.7266958618164062e+02 4.2542633056640625e+01
12455 1.7265809631347656e+02 4.5367191314697266e+01
12456 1.7244956970214844e+02 4.9051994323730469e+01
12457 1.7278771972656250e+02 5.1884746551513672e+01
12458 1.7264233398437500e+02 5.3617107391357422e+01
12459 1.7267265319824219e+02 5.6509937286376953e+01
12460 1.7266764831542969e+02 6.3108791351318359e+01
12461 1.7265852355957031e+02 6.4990180969238281e+01
12462 1.7730358886718750e+02 6.5026062011718750e+01
12463 1.7267118835449219e+02 7.6131248474121094e+01
12464 1.7267408752441406e+02 7.8966270446777344e+01
12465 1.7732217407226562e+02 7.8954147338867188e+01
12466 1.7733309936523438e+02 8.3675804138183594e+01
12467 1.7726243591308594e+02 8.6537231445312500e+01
12468 1.7245336914062500e+02 9.0187026977539062e+01
12469 1.7268165588378906e+02 9.4798919677734375e+01
12470 1.7739880371093750e+02 9.0977676391601562e+01
12471 1.7733047485351562e+02 9.3857154846191406e+01
12472 1.7732972717285156e+02 9.7655021667480469e+01
12473 1.7739862060546875e+02 9.8450340270996094e+01
12474 1.7264717102050781e+02 9.7611755371093750e+01
12475 1.7267337036132812e+02 8.7484390258789062e+01
12476 1.7266659545898438e+02 8.3676605224609375e+01
12477 1.7266831970214844e+02 8.2733406066894531e+01
12478 1.7260321044921875e+02 7.1343383789062500e+01
12479 1.7264533996582031e+02 6.8838043212890625e+01
12480 1.7733467102050781e+02 6.8856147766113281e+01
12481 1.7740846252441406e+02 7.1362503051757812e+01
12482 1.7733477783203125e+02 7.6135749816894531e+01
12483 1.7733067321777344e+02 8.2732635498046875e+01
12484 1.7726026916503906e+02 8.7514366149902344e+01
12485 1.7754794311523438e+02 9.0193931579589844e+01
12486 1.7733216857910156e+02 9.4807731628417969e+01
12487 1.7267327880859375e+02 8.6522689819335938e+01
12488 1.7260342407226562e+02 9.0965141296386719e+01
12489 1.7268902587890625e+02 9.3835922241210938e+01
12490 1.7260499572753906e+02 9.8388061523437500e+01
12491 1.7652937316894531e+02 8.5132949829101562e+01
12492 1.7345549011230469e+02 8.5143066406250000e+01
12493 1.7346287536621094e+02 9.5232048034667969e+01
12494 1.7653532409667969e+02 2.4383995056152344e+01
12495 1.7344895935058594e+02 2.4370483398437500e+01
12496 1.7655050659179688e+02 7.5628517150878906e+01
12497 1.7345060729980469e+02 4.3989383697509766e+01
12498 1.7654939270019531e+02 5.6010616302490234e+01
12499 1.7345137023925781e+02 6.3609264373779297e+01
12500 1.7346669006347656e+02 3.6378036499023438e+01
12501 1.7654507446289062e+02 3.6390125274658203e+01
12502 1.7345494079589844e+02 8.3234397888183594e+01
12503 1.7652993774414062e+02 9.7170074462890625e+01
12504 1.7655654907226562e+02 2.2460697174072266e+01
12505 1.7343676757812500e+02 2.2459697723388672e+01
12506 1.7346263122558594e+02 7.7528091430664062e+01
12507 1.7654437255859375e+02 7.7519859313964844e+01
12508 1.7665716552734375e+02 2.0743574142456055e+01
12509 1.7334036254882812e+02 2.0742137908935547e+01
12510 1.7653540039062500e+02 4.2087585449218750e+01
12511 1.7346461486816406e+02 5.7912410736083984e+01
12512 1.7653535461425781e+02 6.1716041564941406e+01
12513 1.7346574401855469e+02 3.8282806396484375e+01
12514 1.7346058654785156e+02 7.9435348510742188e+01
12515 1.7653041076660156e+02 4.0179523468017578e+01
12516 1.7345959472656250e+02 4.0179531097412109e+01
12517 1.7347003173828125e+02 5.9820175170898438e+01
12518 1.7654084777832031e+02 5.9820175170898438e+01
12519 1.7653053283691406e+02 7.9425010681152344e+01
12520 1.7654222106933594e+02 3.8283435821533203e+01
12521 1.7653312683105469e+02 4.4003494262695312e+01
12522 1.7345886230468750e+02 6.1715236663818359e+01
12523 1.7346687316894531e+02 5.5996505737304688e+01
12524 1.7345663452148438e+02 8.1332603454589844e+01
12525 1.7653129577636719e+02 8.1327629089355469e+01
12526 1.7343605041503906e+02 9.7130500793457031e+01
12527 1.7652919006347656e+02 6.3621479034423828e+01
12528 1.7346566772460938e+02 7.5614929199218750e+01
12529 1.7654425048828125e+02 5.7912418365478516e+01
12530 1.7345574951171875e+02 4.2087577819824219e+01
12531 1.7654524230957031e+02 9.5237899780273438e+01
12532 1.7654672241210938e+02 8.3233757019042969e+01
12533 1.7650265502929688e+02 6.5562881469726562e+01
12534 1.7349702453613281e+02 3.4437065124511719e+01
12535 1.7345465087890625e+02 5.4011516571044922e+01
12536 1.7654533386230469e+02 4.5988479614257812e+01
12537 1.7347996520996094e+02 7.3662254333496094e+01
12538 1.7652035522460938e+02 2.6339359283447266e+01
12539 1.7347796630859375e+02 9.3277290344238281e+01
12540 1.7629232788085938e+02 8.7115653991699219e+01
12541 1.7651856994628906e+02 6.7541320800781250e+01
12542 1.7348143005371094e+02 3.2458724975585938e+01
12543 1.7364170837402344e+02 5.1936710357666016e+01
12544 1.7635551452636719e+02 4.8062294006347656e+01
12545 1.7576480102539062e+02 8.4685646057128906e+01
12546 1.7423065185546875e+02 8.4692367553710938e+01
12547 1.7423361206054688e+02 9.5681297302246094e+01
12548 1.7576828002929688e+02 9.5684562683105469e+01
12549 1.7576202392578125e+02 2.3922374725341797e+01
12550 1.7422392272949219e+02 2.3917829513549805e+01
12551 1.7424122619628906e+02 7.6072631835937500e+01
12552 1.7577561950683594e+02 7.6076393127441406e+01
12553 1.7575849914550781e+02 4.3541622161865234e+01
12554 1.7422579956054688e+02 4.3537239074707031e+01
12555 1.7424150085449219e+02 5.6458377838134766e+01
12556 1.7577420043945312e+02 5.6462760925292969e+01
12557 1.7422627258300781e+02 6.3154880523681641e+01
12558 1.7575646972656250e+02 6.3158512115478516e+01
12559 1.7576979064941406e+02 3.6843852996826172e+01
12560 1.7423948669433594e+02 3.6840286254882812e+01
12561 1.7422938537597656e+02 8.2775032043457031e+01
12562 1.7576658630371094e+02 8.2774398803710938e+01
12563 1.7419505310058594e+02 9.7585418701171875e+01
12564 1.7572409057617188e+02 9.7603660583496094e+01
12565 1.7578355407714844e+02 2.1960128784179688e+01
12566 1.7420805358886719e+02 2.1959737777709961e+01
12567 1.7423789978027344e+02 7.7992065429687500e+01
12568 1.7576753234863281e+02 7.7986068725585938e+01
12569 1.7575566101074219e+02 4.1617977142333984e+01
12570 1.7422607421875000e+02 4.1617980957031250e+01
12571 1.7424443054199219e+02 5.8381965637207031e+01
12572 1.7577401733398438e+02 5.8381961822509766e+01
12573 1.7423645019531250e+02 6.1250736236572266e+01
12574 1.7576246643066406e+02 6.1250938415527344e+01
12575 1.7576518249511719e+02 3.8747444152832031e+01
12576 1.7423916625976562e+02 3.8747272491455078e+01
12577 1.7422808837890625e+02 8.0863922119140625e+01
12578 1.7575366210937500e+02 8.0860618591308594e+01
12579 1.7575877380371094e+02 3.9700393676757812e+01
12580 1.7423103332519531e+02 3.9700355529785156e+01
12581 1.7577006530761719e+02 6.0298744201660156e+01
12582 1.7424232482910156e+02 6.0298698425292969e+01
12583 1.7576091003417969e+02 7.8946411132812500e+01
12584 1.7422962951660156e+02 7.9910247802734375e+01
12585 1.7572756958007812e+02 6.6094787597656250e+01
12586 1.7427185058593750e+02 3.3905261993408203e+01
12587 1.7424075317382812e+02 5.3465862274169922e+01
12588 1.7575889587402344e+02 4.6534008026123047e+01
12589 1.7425782775878906e+02 7.3119316101074219e+01
12590 1.7574223327636719e+02 2.6881629943847656e+01
12591 1.7425556945800781e+02 9.2731109619140625e+01
12592 1.7573133850097656e+02 8.7882446289062500e+01
12593 1.7426243591308594e+02 3.1900411605834961e+01
12594 1.7573756408691406e+02 6.8099601745605469e+01
12595 1.7428706359863281e+02 5.1475223541259766e+01
12596 1.7570295715332031e+02 4.8521202087402344e+01
12597 1.7423143005371094e+02 7.8951904296875000e+01
12598 1.7575842285156250e+02 7.9904098510742188e+01
12599 1.7573731994628906e+02 8.6421020507812500e+01
12600 1.7575820922851562e+02 4.0658039093017578e+01
12601 1.7422648620605469e+02 4.0658054351806641e+01
12602 1.7424227905273438e+02 5.9341590881347656e+01
12603 1.7577401733398438e+02 5.9341579437255859e+01
12604 1.7424891662597656e+02 9.3739631652832031e+01
12605 1.7574839782714844e+02 2.5873069763183594e+01
12606 1.7425180053710938e+02 7.4127357482910156e+01
12607 1.7576176452636719e+02 8.1815628051757812e+01
12608 1.7422610473632812e+02 8.1817298889160156e+01
12609 1.7575405883789062e+02 4.5499588012695312e+01
12610 1.7424588012695312e+02 5.4500389099121094e+01
12611 1.7425894165039062e+02 3.4903091430664062e+01
12612 1.7573783874511719e+02 6.5096427917480469e+01
12613 1.7423681640625000e+02 3.7796112060546875e+01
12614 1.7577178955078125e+02 3.7797046661376953e+01
12615 1.7422769165039062e+02 6.2201282501220703e+01
12616 1.7576268005371094e+02 6.2202354431152344e+01
12617 1.7577580261230469e+02 5.7422565460205078e+01
12618 1.7423854064941406e+02 5.7421611785888672e+01
12619 1.7422421264648438e+02 4.2577423095703125e+01
12620 1.7576147460937500e+02 4.2578376770019531e+01
12621 1.7421759033203125e+02 2.2944429397583008e+01
12622 1.7577192687988281e+02 2.2945690155029297e+01
12623 1.7423683166503906e+02 7.7033546447753906e+01
12624 1.7577536010742188e+02 7.7031974792480469e+01
12625 1.7575862121582031e+02 9.6649665832519531e+01
12626 1.7421755981445312e+02 9.6638702392578125e+01
12627 1.7577120971679688e+02 8.3729904174804688e+01
12628 1.7422822570800781e+02 8.3731414794921875e+01
12629 1.7421643066406250e+02 6.4104316711425781e+01
12630 1.7574990844726562e+02 6.4121025085449219e+01
12631 1.7424574279785156e+02 3.5878078460693359e+01
12632 1.7577908325195312e+02 3.5895362854003906e+01
12633 1.7578271484375000e+02 5.5512569427490234e+01
12634 1.7424394226074219e+02 5.5490798950195312e+01
12635 1.7421728515625000e+02 4.4487430572509766e+01
12636 1.7575604248046875e+02 4.4509197235107422e+01
12637 1.7578247070312500e+02 7.5128677368164062e+01
12638 1.7424493408203125e+02 7.5109024047851562e+01
12639 1.7421752929687500e+02 2.4870101928710938e+01
12640 1.7575604248046875e+02 2.4890008926391602e+01
12641 1.7577185058593750e+02 9.4725967407226562e+01
12642 1.7424049377441406e+02 9.4719749450683594e+01
12643 1.7423896789550781e+02 8.5647659301757812e+01
12644 1.7575334167480469e+02 8.5605117797851562e+01
12645 1.7518783569335938e+02 8.7153305053710938e+01
12646 1.7501266479492188e+02 9.3227722167968750e+01
12647 1.7497514343261719e+02 2.6364624023437500e+01
12648 1.7502493286132812e+02 7.3635581970214844e+01
12649 1.7497320556640625e+02 4.5980205535888672e+01
12650 1.7502648925781250e+02 5.4019683837890625e+01
12651 1.7503387451171875e+02 3.4420024871826172e+01
12652 1.7496379089355469e+02 6.5579872131347656e+01
12653 1.7499372863769531e+02 4.0179309844970703e+01
12654 1.7500723266601562e+02 5.9819931030273438e+01
12655 1.7499502563476562e+02 7.9427375793457031e+01
12656 1.7499237060546875e+02 8.1342247009277344e+01
12657 1.7500285339355469e+02 3.8268707275390625e+01
12658 1.7499740600585938e+02 6.1729530334472656e+01
12659 1.7500877380371094e+02 5.7898857116699219e+01
12660 1.7499130249023438e+02 4.2101089477539062e+01
12661 1.7500450134277344e+02 7.7507270812988281e+01
12662 1.7499508666992188e+02 2.2453313827514648e+01
12663 1.7499844360351562e+02 8.3257476806640625e+01
12664 1.7500912475585938e+02 3.6359493255615234e+01
12665 1.7498660278320312e+02 6.3639537811279297e+01
12666 1.7498864746093750e+02 4.4024009704589844e+01
12667 1.7501135253906250e+02 5.5975990295410156e+01
12668 1.7498947143554688e+02 2.4405214309692383e+01
12669 1.7501153564453125e+02 7.5590553283691406e+01
12670 1.7500364685058594e+02 9.5196098327636719e+01
12671 1.7500093078613281e+02 8.5163589477539062e+01
12672 1.7497451782226562e+02 9.7111900329589844e+01
12673 1.7562213134765625e+02 9.8425376892089844e+01
12674 1.7572892761230469e+02 6.7088180541992188e+01
12675 1.7427091979980469e+02 3.2911865234375000e+01
12676 1.7427450561523438e+02 5.2450828552246094e+01
12677 1.7572232055664062e+02 4.7548057556152344e+01
12678 1.7424847412109375e+02 7.2109863281250000e+01
12679 1.7575065612792969e+02 2.7891191482543945e+01
12680 1.7424644470214844e+02 9.1721527099609375e+01
12681 1.7574803161621094e+02 8.8722457885742188e+01
12682 1.7424765014648438e+02 3.0918251037597656e+01
12683 1.7575234985351562e+02 6.9081748962402344e+01
12684 1.7423741149902344e+02 5.0528980255126953e+01
12685 1.7574497985839844e+02 4.9463321685791016e+01
12686 1.7420231628417969e+02 6.5061431884765625e+01
12687 1.7579489135742188e+02 3.4939151763916016e+01
12688 1.7579521179199219e+02 5.4553024291992188e+01
12689 1.7420474243164062e+02 4.5446956634521484e+01
12690 1.7578962707519531e+02 7.4161773681640625e+01
12691 1.7421041870117188e+02 2.5838039398193359e+01
12692 1.7577307128906250e+02 9.3746955871582031e+01
12693 1.7427575683593750e+02 8.6628532409667969e+01
12694 1.7503472900390625e+02 3.2399993896484375e+01
12695 1.7496516418457031e+02 6.7600021362304688e+01
12696 1.7503576660156250e+02 5.1980960845947266e+01
12697 1.7495584106445312e+02 4.8015445709228516e+01
12698 1.7419900512695312e+02 6.6053413391113281e+01
12699 1.7579991149902344e+02 3.3946773529052734e+01
12700 1.7579873657226562e+02 5.3554405212402344e+01
12701 1.7420036315917969e+02 4.6445152282714844e+01
12702 1.7579823303222656e+02 7.3162559509277344e+01
12703 1.7420179748535156e+02 2.6837444305419922e+01
12704 1.7578363037109375e+02 9.2751319885253906e+01
12705 1.7426771545410156e+02 8.7640640258789062e+01
12706 1.7414533996582031e+02 9.8529510498046875e+01
12707 1.7658018493652344e+02 2.8327211380004883e+01
12708 1.7341754150390625e+02 7.1674888610839844e+01
12709 1.7341737365722656e+02 9.1291717529296875e+01
12710 1.7656971740722656e+02 8.9114486694335938e+01
12711 1.7341638183593750e+02 3.0507596969604492e+01
12712 1.7658361816406250e+02 6.9492401123046875e+01
12713 1.7657031250000000e+02 4.9859569549560547e+01
12714 1.7342004394531250e+02 5.0137908935546875e+01
12715 1.7655120849609375e+02 9.3307571411132812e+01
12716 1.7346903991699219e+02 8.7074760437011719e+01
12717 1.7499073791503906e+02 4.9996070861816406e+01
12718 1.7498486328125000e+02 6.9599090576171875e+01
12719 1.7501509094238281e+02 3.0400917053222656e+01
12720 1.7499104309082031e+02 8.9207405090332031e+01
12721 1.7501394653320312e+02 9.1201148986816406e+01
12722 1.7498239135742188e+02 2.8404788970947266e+01
12723 1.7501730346679688e+02 7.1595420837402344e+01
12724 1.7579779052734375e+02 3.1933288574218750e+01
12725 1.7420237731933594e+02 6.8065834045410156e+01
12726 1.7581985473632812e+02 5.1494735717773438e+01
12727 1.7417141723632812e+02 4.8501739501953125e+01
12728 1.7417948913574219e+02 4.9538146972656250e+01
12729 1.7343264770507812e+02 6.5514152526855469e+01
12730 1.7656562805175781e+02 3.4485279083251953e+01
12731 1.7343214416503906e+02 4.5897636413574219e+01
12732 1.7656779479980469e+02 5.4102203369140625e+01
12733 1.7656651306152344e+02 7.3716049194335938e+01
12734 1.7343350219726562e+02 2.6283918380737305e+01
12735 1.7580790710449219e+02 5.0457260131835938e+01
12736 1.7580615234375000e+02 7.0072349548339844e+01
12737 1.7420153808593750e+02 6.9059959411621094e+01
12738 1.7419381713867188e+02 2.9927661895751953e+01
12739 1.7579853820800781e+02 3.0940671920776367e+01
12740 1.7580250549316406e+02 8.9688728332519531e+01
12741 1.7422320556640625e+02 8.8655136108398438e+01
12742 1.7419448852539062e+02 9.0717262268066406e+01
12743 1.7579335021972656e+02 9.1743583679199219e+01
12744 1.7419717407226562e+02 2.7855020523071289e+01
12745 1.7419560241699219e+02 7.1106773376464844e+01
12746 1.7580302429199219e+02 2.8894186019897461e+01
12747 1.7580278015136719e+02 7.2145011901855469e+01
12748 1.7419972229003906e+02 6.7049957275390625e+01
12749 1.7580023193359375e+02 3.2948436737060547e+01
12750 1.7580770874023438e+02 5.2539382934570312e+01
12751 1.7418913269042969e+02 4.7458942413330078e+01
12752 1.7660969543457031e+02 5.2094440460205078e+01
12753 1.7338932800292969e+02 4.7905097961425781e+01
12754 1.7343237304687500e+02 6.7479385375976562e+01
12755 1.7656884765625000e+02 3.2519115447998047e+01
12756 1.7418286132812500e+02 7.0069061279296875e+01
12757 1.7581613159179688e+02 2.9932186126708984e+01
12758 1.7418725585937500e+02 8.9674484252929688e+01
12759 1.7581518554687500e+02 9.0722290039062500e+01
12760 1.7417871093750000e+02 2.8884624481201172e+01
12761 1.7582119750976562e+02 7.1115425109863281e+01
12762 1.7339372253417969e+02 6.9470344543457031e+01
12763 1.7660484313964844e+02 3.0531953811645508e+01
12764 1.7340399169921875e+02 8.9074394226074219e+01
12765 1.7660102844238281e+02 9.1314682006835938e+01
12766 1.7338848876953125e+02 2.8289474487304688e+01
12767 1.7661149597167969e+02 7.1710540771484375e+01
