step,displacement_mm,cmod_mm,external_work_Nmm,elastic_energy_Nmm,damage_dissipation_Nmm,energy_balance_error_Nmm
1,5.000000000e-05,2.319508807e-05,2.446262423e-04,2.446262423e-04,0.000000000e+00,-1.829970637e-15
2,1.000000000e-04,4.639017615e-05,9.785049693e-04,9.785049693e-04,0.000000000e+00,-7.246590480e-15
3,1.500000000e-04,6.958526422e-05,2.201636181e-03,2.201636181e-03,0.000000000e+00,-1.614160194e-14
4,2.000000000e-04,9.278035230e-05,3.914019877e-03,3.914019877e-03,0.000000000e+00,-2.857002829e-14
5,2.500000000e-04,1.159754404e-04,6.115656058e-03,6.115656058e-03,0.000000000e+00,-4.467086423e-14
6,3.000000000e-04,1.391705284e-04,8.806544723e-03,8.806544724e-03,0.000000000e+00,-6.416568665e-14
7,3.500000000e-04,1.623656165e-04,1.198668587e-02,1.198668587e-02,0.000000000e+00,-8.729128531e-14
8,4.000000000e-04,1.855607046e-04,1.565607951e-02,1.565607951e-02,0.000000000e+00,-1.140060268e-13
9,4.500000000e-04,2.087557927e-04,1.981472563e-02,1.981472563e-02,0.000000000e+00,-1.434373453e-13
10,5.000000000e-04,2.319508807e-04,2.446262423e-02,2.446262423e-02,0.000000000e+00,-1.759148383e-13
11,5.500000000e-04,2.551459688e-04,2.959977532e-02,2.959977532e-02,0.000000000e+00,-2.126805676e-13
12,6.000000000e-04,2.783410569e-04,3.522617889e-02,3.522617889e-02,0.000000000e+00,-2.531308496e-13
13,6.500000000e-04,3.015361450e-04,4.134183495e-02,4.134183495e-02,0.000000000e+00,-2.963601586e-13
14,7.000000000e-04,3.247312330e-04,4.794674349e-02,4.794674349e-02,0.000000000e+00,-3.427744200e-13
15,7.500000000e-04,3.479263211e-04,5.504090452e-02,5.504090452e-02,0.000000000e+00,-3.937059012e-13
16,8.000000000e-04,3.711214092e-04,6.262431803e-02,6.262431803e-02,0.000000000e+00,-4.486133687e-13
17,8.500000000e-04,3.943164973e-04,7.069698403e-02,7.069698403e-02,0.000000000e+00,-5.076078446e-13
18,9.000000000e-04,4.175115853e-04,7.925890251e-02,7.925890251e-02,0.000000000e+00,-5.708766793e-13
19,9.500000000e-04,4.407066734e-04,8.831007348e-02,8.831007348e-02,0.000000000e+00,-6.368655603e-13
20,1.000000000e-03,4.639017615e-04,9.785049693e-02,9.785049693e-02,0.000000000e+00,-7.076145225e-13
21,1.050000000e-03,4.870968496e-04,1.078801729e-01,1.078801729e-01,0.000000000e+00,-7.828460102e-13
22,1.100000000e-03,5.102919376e-04,1.183991013e-01,1.183991013e-01,0.000000000e+00,-8.605199886e-13
23,1.150000000e-03,5.334870257e-04,1.294072822e-01,1.294072822e-01,0.000000000e+00,-9.415523916e-13
24,1.200000000e-03,5.566821138e-04,1.409047156e-01,1.409047156e-01,0.000000000e+00,-1.025762808e-12
25,1.250000000e-03,5.798772019e-04,1.528914014e-01,1.528914015e-01,0.000000000e+00,-1.113331649e-12
26,1.300000000e-03,6.030722899e-04,1.653673398e-01,1.653673398e-01,0.000000000e+00,-1.205313627e-12
27,1.350000000e-03,6.262673780e-04,1.783325307e-01,1.783325307e-01,0.000000000e+00,-1.300876074e-12
28,1.400000000e-03,6.494624661e-04,1.917869740e-01,1.917869740e-01,0.000000000e+00,-1.399130811e-12
29,1.450000000e-03,6.726575542e-04,2.057306698e-01,2.057306698e-01,0.000000000e+00,-1.501271329e-12
30,1.500000000e-03,6.958526422e-04,2.201636181e-01,2.201636181e-01,0.000000000e+00,-1.605743316e-12
31,1.550000000e-03,7.190477303e-04,2.350858189e-01,2.350858189e-01,0.000000000e+00,-1.713545972e-12
32,1.600000000e-03,7.422428184e-04,2.504972721e-01,2.504972721e-01,0.000000000e+00,-1.823874385e-12
33,1.650000000e-03,7.654379065e-04,2.663979779e-01,2.663979779e-01,0.000000000e+00,-1.937783267e-12
34,1.700000000e-03,7.886329945e-04,2.827879361e-01,2.827879361e-01,0.000000000e+00,-2.056799175e-12
35,1.750000000e-03,8.118280826e-04,2.996671468e-01,2.996671468e-01,0.000000000e+00,-2.181810288e-12
36,1.800000000e-03,8.350231707e-04,3.170356100e-01,3.170356100e-01,0.000000000e+00,-2.310707181e-12
37,1.850000000e-03,8.582182588e-04,3.348933257e-01,3.348933257e-01,0.000000000e+00,-2.441713498e-12
38,1.900000000e-03,8.814133468e-04,3.532402939e-01,3.532402939e-01,0.000000000e+00,-2.576105995e-12
39,1.950000000e-03,9.046084349e-04,3.720765146e-01,3.720765146e-01,0.000000000e+00,-2.712441383e-12
40,2.000000000e-03,9.278035230e-04,3.914019877e-01,3.914019877e-01,0.000000000e+00,-2.853217662e-12
41,2.050000000e-03,9.509986110e-04,4.112167133e-01,4.112167133e-01,0.000000000e+00,-2.998545856e-12
42,2.100000000e-03,9.741936991e-04,4.315206915e-01,4.315206915e-01,0.000000000e+00,-3.142264227e-12
43,2.150000000e-03,9.973887872e-04,4.523139220e-01,4.523139221e-01,0.000000000e+00,-3.292865980e-12
44,2.200000000e-03,1.020583875e-03,4.735964051e-01,4.735964051e-01,0.000000000e+00,-3.446076757e-12
45,2.250000000e-03,1.043778963e-03,4.953681407e-01,4.953681407e-01,0.000000000e+00,-3.600508780e-12
46,2.300000000e-03,1.066974051e-03,5.176291287e-01,5.176291288e-01,0.000000000e+00,-3.759437206e-12
47,2.350000000e-03,1.090169139e-03,5.403793693e-01,5.403793693e-01,0.000000000e+00,-3.920752611e-12
48,2.400000000e-03,1.113364228e-03,5.636188623e-01,5.636188623e-01,0.000000000e+00,-4.086619931e-12
49,2.450000000e-03,1.136559316e-03,5.873476078e-01,5.873476078e-01,0.000000000e+00,-4.252931340e-12
50,2.500000000e-03,1.159754404e-03,6.115656058e-01,6.115656058e-01,0.000000000e+00,-4.426570221e-12
51,2.550000000e-03,1.182949492e-03,6.362728563e-01,6.362728563e-01,0.000000000e+00,-4.605427151e-12
52,2.600000000e-03,1.206144580e-03,6.614693592e-01,6.614693592e-01,0.000000000e+00,-4.790057240e-12
53,2.650000000e-03,1.229339668e-03,6.871551147e-01,6.871551147e-01,0.000000000e+00,-4.976352663e-12
54,2.700000000e-03,1.252534756e-03,7.133301226e-01,7.133301226e-01,0.000000000e+00,-5.164757511e-12
55,2.750000000e-03,1.275729844e-03,7.399943830e-01,7.399943830e-01,0.000000000e+00,-5.359046540e-12
56,2.800000000e-03,1.298924932e-03,7.671478959e-01,7.671478959e-01,0.000000000e+00,-5.554334770e-12
57,2.850000000e-03,1.322120020e-03,7.947906613e-01,7.947906613e-01,0.000000000e+00,-5.750622201e-12
58,2.900000000e-03,1.345315108e-03,8.229226792e-01,8.229226792e-01,0.000000000e+00,-5.952127680e-12
59,2.950000000e-03,1.368510196e-03,8.515439495e-01,8.515439495e-01,0.000000000e+00,-6.159628363e-12
60,3.000000000e-03,1.391705284e-03,8.806544723e-01,8.806544724e-01,0.000000000e+00,-6.371236871e-12
61,3.050000000e-03,1.414900373e-03,9.102542477e-01,9.102542477e-01,0.000000000e+00,-6.594835789e-12
62,3.100000000e-03,1.438095461e-03,9.403432755e-01,9.403432755e-01,0.000000000e+00,-6.817990617e-12
63,3.150000000e-03,1.461290549e-03,9.709215558e-01,9.709215558e-01,0.000000000e+00,-7.039591132e-12
64,3.200000000e-03,1.484485637e-03,1.001989089e+00,1.001989089e+00,0.000000000e+00,-7.266409696e-12
65,3.250000000e-03,1.507680725e-03,1.033545874e+00,1.033545874e+00,0.000000000e+00,-7.498890398e-12
66,3.300000000e-03,1.530875813e-03,1.065591912e+00,1.065591912e+00,0.000000000e+00,-7.735145857e-12
67,3.350000000e-03,1.554070901e-03,1.098127202e+00,1.098127202e+00,0.000000000e+00,-7.969624960e-12
68,3.400000000e-03,1.577265989e-03,1.131151744e+00,1.131151744e+00,0.000000000e+00,-8.205214286e-12
69,3.450000000e-03,1.600461077e-03,1.164665540e+00,1.164665540e+00,0.000000000e+00,-8.449019262e-12
70,3.500000000e-03,1.623656165e-03,1.198668587e+00,1.198668587e+00,0.000000000e+00,-8.693712417e-12
71,3.550000000e-03,1.646851253e-03,1.233160888e+00,1.233160888e+00,0.000000000e+00,-8.937961482e-12
72,3.600000000e-03,1.670046341e-03,1.268142440e+00,1.268108990e+00,3.345005731e-05,-9.192304117e-12
73,3.650000000e-03,1.693358035e-03,1.303612773e+00,1.303455730e+00,1.565072718e-04,5.362906409e-07
74,3.700000000e-03,1.716980169e-03,1.339570159e+00,1.339243992e+00,3.229970342e-04,3.169698556e-06
75,3.750000000e-03,1.740751951e-03,1.376012735e+00,1.375495012e+00,5.106225972e-04,7.101031727e-06
76,3.800000000e-03,1.764595874e-03,1.412939609e+00,1.412219432e+00,7.085109169e-04,1.166624760e-05
77,3.850000000e-03,1.788474448e-03,1.450350351e+00,1.449422489e+00,9.113758325e-04,1.648580078e-05
78,3.900000000e-03,1.812369650e-03,1.488244757e+00,1.487106718e+00,1.116670890e-03,2.136791465e-05
79,3.950000000e-03,1.836272905e-03,1.526622731e+00,1.525273325e+00,1.323184198e-03,2.622212129e-05
80,4.000000000e-03,1.860180182e-03,1.565484228e+00,1.563922872e+00,1.530346793e-03,3.100835605e-05
81,4.050000000e-03,1.884089610e-03,1.604829226e+00,1.603055620e+00,1.737895407e-03,3.571053683e-05
82,4.100000000e-03,1.908000333e-03,1.644657714e+00,1.642671680e+00,1.945710053e-03,4.032362379e-05
83,4.150000000e-03,1.931911963e-03,1.684969687e+00,1.682771102e+00,2.153736871e-03,4.484749150e-05
84,4.200000000e-03,1.955824324e-03,1.725765140e+00,1.723353904e+00,2.361952000e-03,4.928409666e-05
85,4.250000000e-03,1.979737337e-03,1.767044072e+00,1.764420091e+00,2.570344902e-03,5.363619720e-05
86,4.300000000e-03,2.003650964e-03,1.808806479e+00,1.805969662e+00,2.778910790e-03,5.790678696e-05
87,4.350000000e-03,2.027565183e-03,1.851052360e+00,1.848002614e+00,2.987647241e-03,6.209885456e-05
88,4.400000000e-03,2.051479983e-03,1.893781713e+00,1.890518945e+00,3.196552721e-03,6.621528673e-05
89,4.450000000e-03,2.075395353e-03,1.936994534e+00,1.933518650e+00,3.405625956e-03,7.025883439e-05
90,4.500000000e-03,2.099311283e-03,1.980690823e+00,1.977001725e+00,3.614865677e-03,7.423210547e-05
91,4.550000000e-03,2.123227764e-03,2.024870576e+00,2.020968168e+00,3.824270528e-03,7.813756839e-05
92,4.600000000e-03,2.147144786e-03,2.069533792e+00,2.065417975e+00,4.033839045e-03,8.197755957e-05
93,4.650000000e-03,2.171062340e-03,2.114680468e+00,2.110351144e+00,4.243569649e-03,8.575429203e-05
94,4.700000000e-03,2.194980414e-03,2.160310603e+00,2.155767672e+00,4.453460669e-03,8.946986380e-05
95,4.750000000e-03,2.218899000e-03,2.206424193e+00,2.201667557e+00,4.663510348e-03,9.312626601e-05
96,4.800000000e-03,2.242818087e-03,2.253021238e+00,2.248050796e+00,4.873716859e-03,9.672539025e-05
97,4.850000000e-03,2.266737664e-03,2.300101734e+00,2.294917387e+00,5.084078321e-03,1.002690354e-04
98,4.900000000e-03,2.290657722e-03,2.347665680e+00,2.342267328e+00,5.294592805e-03,1.037589137e-04
99,4.950000000e-03,2.314578249e-03,2.395713073e+00,2.390100618e+00,5.505258352e-03,1.071966569e-04
100,5.000000000e-03,2.338499236e-03,2.444243913e+00,2.438417256e+00,5.716072975e-03,1.105838207e-04
101,5.050000000e-03,2.362420673e-03,2.493258195e+00,2.487217239e+00,5.927034669e-03,1.139218903e-04
102,5.100000000e-03,2.386342549e-03,2.542755920e+00,2.536500566e+00,6.138141418e-03,1.172122843e-04
103,5.150000000e-03,2.410264856e-03,2.592737083e+00,2.586267236e+00,6.349391204e-03,1.204563591e-04
104,5.200000000e-03,2.434187582e-03,2.643201685e+00,2.636517248e+00,6.560782005e-03,1.236554122e-04
105,5.250000000e-03,2.458110720e-03,2.694149722e+00,2.687250600e+00,6.772311807e-03,1.268106862e-04
106,5.300000000e-03,2.482034258e-03,2.745581194e+00,2.738467292e+00,6.983978602e-03,1.299233716e-04
107,5.350000000e-03,2.505958189e-03,2.797496097e+00,2.790103381e+00,7.259721701e-03,1.329946097e-04
108,5.400000000e-03,2.530037679e-03,2.849893825e+00,2.842189387e+00,7.567436479e-03,1.370010545e-04
109,5.450000000e-03,2.554194036e-03,2.902773467e+00,2.894743908e+00,7.887988380e-03,1.415703719e-04
110,5.500000000e-03,2.578380846e-03,2.956134603e+00,2.947774626e+00,8.213640655e-03,1.463355595e-04
111,5.550000000e-03,2.602579559e-03,3.009977066e+00,3.001284606e+00,8.541324502e-03,1.511356315e-04
112,5.600000000e-03,2.626782902e-03,3.064300793e+00,3.055275042e+00,8.869843732e-03,1.559073470e-04
113,5.650000000e-03,2.650988072e-03,3.119105758e+00,3.109746391e+00,9.198739301e-03,1.606274864e-04
114,5.700000000e-03,2.675194006e-03,3.174391951e+00,3.164662362e+00,9.564300476e-03,1.652884165e-04
115,5.750000000e-03,2.699477510e-03,3.230159042e+00,3.219953865e+00,1.003452095e-02,1.706560082e-04
116,5.800000000e-03,2.723983845e-03,3.286405768e+00,3.275638879e+00,1.058819397e-02,1.786952652e-04
117,5.850000000e-03,2.748671169e-03,3.343130458e+00,3.331740681e+00,1.120063232e-02,1.891453656e-04
118,5.900000000e-03,2.773485194e-03,3.400331854e+00,3.388277152e+00,1.185335189e-02,2.013501059e-04
119,5.950000000e-03,2.798385078e-03,3.458009086e+00,3.445260883e+00,1.253348795e-02,2.147145470e-04
120,6.000000000e-03,2.823342531e-03,3.516161567e+00,3.502700493e+00,1.323229001e-02,2.287847013e-04
121,6.050000000e-03,2.848338458e-03,3.574788904e+00,3.560601793e+00,1.394387181e-02,2.432387591e-04
122,6.100000000e-03,2.873360125e-03,3.633890828e+00,3.618968666e+00,1.466430395e-02,2.578583151e-04
123,6.150000000e-03,2.898399117e-03,3.693467162e+00,3.677803682e+00,1.539098024e-02,2.724997778e-04
124,6.200000000e-03,2.923449908e-03,3.753517782e+00,3.737108528e+00,1.612218232e-02,2.870713615e-04
125,6.250000000e-03,2.948508899e-03,3.814042602e+00,3.796884302e+00,1.685678291e-02,3.015161345e-04
126,6.300000000e-03,2.973573752e-03,3.875041561e+00,3.857131715e+00,1.759404534e-02,3.158001172e-04
127,6.350000000e-03,2.998642963e-03,3.936514613e+00,3.917851220e+00,1.833348893e-02,3.299041790e-04
128,6.400000000e-03,3.023715562e-03,3.998461723e+00,3.979043105e+00,1.907479955e-02,3.438186393e-04
129,6.450000000e-03,3.048790926e-03,4.060882863e+00,4.040707553e+00,1.981777045e-02,3.575397312e-04
130,6.500000000e-03,3.073868653e-03,4.123778007e+00,4.102835788e+00,2.057115216e-02,3.710673175e-04
131,6.550000000e-03,3.098968533e-03,4.187147066e+00,4.165423534e+00,2.133910619e-02,3.844255054e-04
132,6.600000000e-03,3.124099714e-03,4.250989851e+00,4.228473810e+00,2.211842366e-02,3.976169445e-04
133,6.650000000e-03,3.149255201e-03,4.315306167e+00,4.291993522e+00,2.290203038e-02,4.106151263e-04
134,6.700000000e-03,3.174419681e-03,4.380095900e+00,4.355971991e+00,2.370052692e-02,4.233819386e-04
135,6.750000000e-03,3.199611919e-03,4.445358908e+00,4.420393736e+00,2.452921454e-02,4.359570311e-04
136,6.800000000e-03,3.224860851e-03,4.511094859e+00,4.485167627e+00,2.547876742e-02,4.484652893e-04
137,6.850000000e-03,3.250344662e-03,4.577302629e+00,4.550289445e+00,2.655049410e-02,4.626904009e-04
138,6.900000000e-03,3.276062175e-03,4.643980407e+00,4.615794122e+00,2.770683924e-02,4.794458722e-04
139,6.950000000e-03,3.301938942e-03,4.711126654e+00,4.681708893e+00,2.891966952e-02,4.980915894e-04
140,7.000000000e-03,3.327920826e-03,4.778740329e+00,4.748053293e+00,3.016909347e-02,5.179421666e-04
141,7.050000000e-03,3.353969945e-03,4.846820751e+00,4.814840549e+00,3.144173873e-02,5.384629834e-04
142,7.100000000e-03,3.380061056e-03,4.915367487e+00,4.882079286e+00,3.272891734e-02,5.592838977e-04
143,7.150000000e-03,3.406177908e-03,4.984380267e+00,4.949774990e+00,3.402511225e-02,5.801650700e-04
144,7.200000000e-03,3.432310275e-03,5.053858926e+00,5.017931091e+00,3.532687734e-02,6.009580404e-04
145,7.250000000e-03,3.458451831e-03,5.123803364e+00,5.086549701e+00,3.663208844e-02,6.215745342e-04
146,7.300000000e-03,3.484598718e-03,5.194213522e+00,5.155632106e+00,3.793945184e-02,6.419644459e-04
147,7.350000000e-03,3.510748616e-03,5.265089364e+00,5.225177643e+00,3.924962001e-02,6.621012533e-04
148,7.400000000e-03,3.536902715e-03,5.336430860e+00,5.295058336e+00,4.069051948e-02,6.820048113e-04
149,7.450000000e-03,3.563284183e-03,5.408237093e+00,5.365302845e+00,4.223003402e-02,7.042145274e-04
150,7.500000000e-03,3.589835477e-03,5.480506490e+00,5.435945828e+00,4.383224720e-02,7.284146659e-04
151,7.550000000e-03,3.616493659e-03,5.553237949e+00,5.507010548e+00,4.547361285e-02,7.537877824e-04
152,7.600000000e-03,3.643217536e-03,5.626430781e+00,5.578511799e+00,4.713923196e-02,7.797499926e-04
153,7.650000000e-03,3.669981272e-03,5.700084562e+00,5.650458727e+00,4.881990642e-02,8.059282398e-04
154,7.700000000e-03,3.696769059e-03,5.774199033e+00,5.722856886e+00,5.051005109e-02,8.320954775e-04
155,7.750000000e-03,3.723571387e-03,5.848774034e+00,5.795709599e+00,5.220631708e-02,8.581182281e-04
156,7.800000000e-03,3.750382608e-03,5.923809469e+00,5.869018831e+00,5.390671686e-02,8.839207104e-04
157,7.850000000e-03,3.777199408e-03,5.999305272e+00,5.942755096e+00,5.564071413e-02,9.094618542e-04
158,7.900000000e-03,3.804069856e-03,6.075261205e+00,6.016890093e+00,5.743593622e-02,9.351755318e-04
159,7.950000000e-03,3.831038887e-03,6.151676659e+00,6.091393857e+00,5.932106954e-02,9.617331799e-04
160,8.000000000e-03,3.858152208e-03,6.228550666e+00,6.166279616e+00,6.128103029e-02,9.900200714e-04
161,8.050000000e-03,3.885384916e-03,6.305882171e+00,6.241567241e+00,6.329504255e-02,1.019888028e-03
162,8.100000000e-03,3.912702718e-03,6.383670355e+00,6.317273165e+00,6.534641047e-02,1.050779832e-03
163,8.150000000e-03,3.940078227e-03,6.461914642e+00,6.393409697e+00,6.742273504e-02,1.082210090e-03
164,8.200000000e-03,3.967491317e-03,6.540614643e+00,6.469985495e+00,6.951532171e-02,1.113825947e-03
165,8.250000000e-03,3.994928030e-03,6.619770106e+00,6.547006407e+00,7.161830842e-02,1.145390803e-03
166,8.300000000e-03,4.022379057e-03,6.699380869e+00,6.624476261e+00,7.372785434e-02,1.176753965e-03
167,8.350000000e-03,4.049838366e-03,6.779446834e+00,6.702397512e+00,7.584149863e-02,1.207823722e-03
168,8.400000000e-03,4.077302144e-03,6.859967941e+00,6.780771699e+00,7.795769451e-02,1.238547194e-03
169,8.450000000e-03,4.104768029e-03,6.940944152e+00,6.859534328e+00,8.014092759e-02,1.268896329e-03
170,8.500000000e-03,4.132333339e-03,7.022375054e+00,6.938635018e+00,8.243968202e-02,1.300353780e-03
171,8.550000000e-03,4.160069447e-03,7.104259549e+00,7.018109499e+00,8.481602230e-02,1.334027530e-03
172,8.600000000e-03,4.187918887e-03,7.186596483e+00,7.097983092e+00,8.724426092e-02,1.369129582e-03
173,8.650000000e-03,4.215842777e-03,7.269385087e+00,7.178272997e+00,8.970706791e-02,1.405022371e-03
174,8.700000000e-03,4.243815059e-03,7.352624854e+00,7.258990529e+00,9.219305516e-02,1.441269668e-03
175,8.750000000e-03,4.271818731e-03,7.436315448e+00,7.340142997e+00,9.469486366e-02,1.477587489e-03
176,8.800000000e-03,4.299842892e-03,7.520456646e+00,7.421735062e+00,9.720778733e-02,1.513796367e-03
177,8.850000000e-03,4.327880639e-03,7.605048295e+00,7.503769673e+00,9.972883671e-02,1.549785679e-03
178,8.900000000e-03,4.355927630e-03,7.690090290e+00,7.586248680e+00,1.022561205e-01,1.585489113e-03
179,8.950000000e-03,4.383981154e-03,7.775582553e+00,7.669169873e+00,1.047918117e-01,1.620868437e-03
180,9.000000000e-03,4.412044312e-03,7.861525006e+00,7.752433014e+00,1.074360415e-01,1.655950843e-03
181,9.050000000e-03,4.440257857e-03,7.947916990e+00,7.836048136e+00,1.101760994e-01,1.692755188e-03
182,9.100000000e-03,4.468602867e-03,8.034757354e+00,7.920037033e+00,1.129888507e-01,1.731470489e-03
183,9.150000000e-03,4.497046362e-03,8.122045150e+00,8.004419199e+00,1.158544092e-01,1.771542162e-03
184,9.200000000e-03,4.525560088e-03,8.209779679e+00,8.089210007e+00,1.187572541e-01,1.812418040e-03
185,9.250000000e-03,4.554122149e-03,8.297960442e+00,8.174420706e+00,1.216860643e-01,1.853671821e-03
186,9.300000000e-03,4.582716703e-03,8.386587095e+00,8.260059167e+00,1.246329249e-01,1.895003434e-03
187,9.350000000e-03,4.611332777e-03,8.475659400e+00,8.346130734e+00,1.275924546e-01,1.936211998e-03
188,9.400000000e-03,4.639962982e-03,8.565177195e+00,8.432638963e+00,1.305610642e-01,1.977167887e-03
189,9.450000000e-03,4.668602444e-03,8.655140366e+00,8.519550297e+00,1.335722784e-01,2.017790344e-03
190,9.500000000e-03,4.697295457e-03,8.745548640e+00,8.606782324e+00,1.367075243e-01,2.058791270e-03
191,9.550000000e-03,4.726148745e-03,8.836401124e+00,8.694363956e+00,1.399351088e-01,2.102058566e-03
192,9.600000000e-03,4.755121181e-03,8.927696662e+00,8.782318088e+00,1.432316705e-01,2.146903538e-03
193,9.650000000e-03,4.784181929e-03,9.019434398e+00,8.870662686e+00,1.465790351e-01,2.192677166e-03
194,9.700000000e-03,4.813306828e-03,9.111613703e+00,8.959411300e+00,1.499635010e-01,2.238902013e-03
195,9.750000000e-03,4.842477635e-03,9.204234119e+00,9.048576895e+00,1.533719662e-01,2.285257982e-03
196,9.800000000e-03,4.871676386e-03,9.297295331e+00,9.138165984e+00,1.567978184e-01,2.331528519e-03
197,9.850000000e-03,4.900894249e-03,9.390797130e+00,9.228159662e+00,1.602598861e-01,2.377582001e-03
198,9.900000000e-03,4.930157903e-03,9.484739245e+00,9.318573545e+00,1.637422825e-01,2.423417340e-03
199,9.950000000e-03,4.959445705e-03,9.579121391e+00,9.409381568e+00,1.672708655e-01,2.468957702e-03
200,1.000000000e-02,4.988789387e-03,9.673943236e+00,9.500541891e+00,1.708866459e-01,2.514698741e-03
201,1.005000000e-02,5.018239194e-03,9.769204103e+00,9.592044510e+00,1.745979255e-01,2.561667526e-03
202,1.010000000e-02,5.047804339e-03,9.864903066e+00,9.683908621e+00,1.783840881e-01,2.610357567e-03
203,1.015000000e-02,5.077458524e-03,9.961039266e+00,9.776152373e+00,1.822265595e-01,2.660333235e-03
204,1.020000000e-02,5.107178210e-03,1.005761204e+01,9.868790559e+00,1.861103896e-01,2.711094699e-03
205,1.025000000e-02,5.136944625e-03,1.015462091e+01,9.961834298e+00,1.900243754e-01,2.762238839e-03
206,1.030000000e-02,5.166743840e-03,1.025206552e+01,1.005529157e+01,1.939604815e-01,2.813473514e-03
207,1.035000000e-02,5.196565960e-03,1.034994561e+01,1.014916791e+01,1.979131042e-01,2.864597638e-03
208,1.040000000e-02,5.226404156e-03,1.044826101e+01,1.024344548e+01,2.019000497e-01,2.915477445e-03
209,1.045000000e-02,5.256279243e-03,1.054701146e+01,1.033805546e+01,2.059896093e-01,2.966386701e-03
210,1.050000000e-02,5.286271559e-03,1.064619630e+01,1.043297241e+01,2.102050296e-01,3.018863346e-03
211,1.055000000e-02,5.316409244e-03,1.074581443e+01,1.052820518e+01,2.145360664e-01,3.073181696e-03
212,1.060000000e-02,5.346682443e-03,1.084586468e+01,1.062379468e+01,2.189412386e-01,3.128764532e-03
213,1.065000000e-02,5.377041231e-03,1.094634615e+01,1.071976623e+01,2.233949209e-01,3.184998778e-03
214,1.070000000e-02,5.407454340e-03,1.104725825e+01,1.081613530e+01,2.278814861e-01,3.241461951e-03
215,1.075000000e-02,5.437902741e-03,1.114860061e+01,1.091289693e+01,2.324057906e-01,3.297884474e-03
216,1.080000000e-02,5.468391608e-03,1.125037289e+01,1.101004157e+01,2.369771236e-01,3.354198147e-03
217,1.085000000e-02,5.498932228e-03,1.135257470e+01,1.110757355e+01,2.415907423e-01,3.410412745e-03
218,1.090000000e-02,5.529519866e-03,1.145520564e+01,1.120546227e+01,2.462768536e-01,3.466516427e-03
219,1.095000000e-02,5.560188083e-03,1.155826516e+01,1.130370862e+01,2.510333793e-01,3.523162824e-03
220,1.100000000e-02,5.590933706e-03,1.166175262e+01,1.140228113e+01,2.558909825e-01,3.580511925e-03
221,1.105000000e-02,5.621789407e-03,1.176566722e+01,1.150119704e+01,2.608307714e-01,3.639404848e-03
222,1.110000000e-02,5.652733419e-03,1.187000811e+01,1.160047468e+01,2.658339012e-01,3.699532014e-03
223,1.115000000e-02,5.683744129e-03,1.197477464e+01,1.170012999e+01,2.708842354e-01,3.760414323e-03
224,1.120000000e-02,5.714803145e-03,1.207996629e+01,1.180017168e+01,2.759729716e-01,3.821645819e-03
225,1.125000000e-02,5.745900589e-03,1.218558269e+01,1.190059540e+01,2.811043646e-01,3.882927850e-03
226,1.130000000e-02,5.777041286e-03,1.229162347e+01,1.200135786e+01,2.863215178e-01,3.944094603e-03
227,1.135000000e-02,5.808273146e-03,1.239808806e+01,1.210242894e+01,2.916535658e-01,4.005558466e-03
228,1.140000000e-02,5.839627728e-03,1.250497557e+01,1.220379511e+01,2.971124229e-01,4.068039454e-03
229,1.145000000e-02,5.871116606e-03,1.261228494e+01,1.230547280e+01,3.026799053e-01,4.132230350e-03
230,1.150000000e-02,5.902718986e-03,1.272001510e+01,1.240749145e+01,3.083256865e-01,4.197959020e-03
231,1.155000000e-02,5.934401663e-03,1.282816524e+01,1.250987296e+01,3.140277010e-01,4.264581203e-03
232,1.160000000e-02,5.966140491e-03,1.293673477e+01,1.261263284e+01,3.197703085e-01,4.331620356e-03
233,1.165000000e-02,5.997918395e-03,1.304572326e+01,1.271578180e+01,3.255427110e-01,4.398748378e-03
234,1.170000000e-02,6.029723635e-03,1.315513042e+01,1.281932708e+01,3.313375896e-01,4.465746335e-03
235,1.175000000e-02,6.061548293e-03,1.326495602e+01,1.292326476e+01,3.371587845e-01,4.532471778e-03
236,1.180000000e-02,6.093396038e-03,1.337519986e+01,1.302755716e+01,3.430437255e-01,4.598970690e-03
237,1.185000000e-02,6.125304902e-03,1.348586155e+01,1.313221065e+01,3.489849349e-01,4.665957083e-03
238,1.190000000e-02,6.157267193e-03,1.359694058e+01,1.323718611e+01,3.550210861e-01,4.733380604e-03
239,1.195000000e-02,6.189321233e-03,1.370843631e+01,1.334246377e+01,3.611706878e-01,4.801853791e-03
240,1.200000000e-02,6.221485474e-03,1.382034785e+01,1.344806853e+01,3.674074933e-01,4.871830012e-03
241,1.205000000e-02,6.253733564e-03,1.393267436e+01,1.355400467e+01,3.737268341e-01,4.942853003e-03
242,1.210000000e-02,6.286061692e-03,1.404541512e+01,1.366026535e+01,3.801352247e-01,5.014547372e-03
243,1.215000000e-02,6.318476751e-03,1.415856942e+01,1.376686040e+01,3.866221732e-01,5.086849906e-03
244,1.220000000e-02,6.350968619e-03,1.427213657e+01,1.387377553e+01,3.932014906e-01,5.159549291e-03
245,1.225000000e-02,6.383548805e-03,1.438611584e+01,1.398102021e+01,3.998626383e-01,5.232991610e-03
246,1.230000000e-02,6.416206544e-03,1.450050654e+01,1.408858582e+01,4.066135954e-01,5.307124434e-03
247,1.235000000e-02,6.448948898e-03,1.461530794e+01,1.419646355e+01,4.134622388e-01,5.382154324e-03
248,1.240000000e-02,6.481781816e-03,1.473051929e+01,1.430467756e+01,4.203832877e-01,5.458442842e-03
249,1.245000000e-02,6.514680175e-03,1.484613988e+01,1.441324616e+01,4.273582472e-01,5.535479222e-03
250,1.250000000e-02,6.547625639e-03,1.496216921e+01,1.452218257e+01,4.343737828e-01,5.612860642e-03
251,1.255000000e-02,6.580605046e-03,1.507860689e+01,1.463148347e+01,4.414331232e-01,5.690302384e-03
252,1.260000000e-02,6.613621874e-03,1.519545259e+01,1.474114326e+01,4.485416846e-01,5.767644593e-03
253,1.265000000e-02,6.646680756e-03,1.531270593e+01,1.485113120e+01,4.557298464e-01,5.844888843e-03
254,1.270000000e-02,6.679809976e-03,1.543036641e+01,1.496144129e+01,4.630025374e-01,5.922580038e-03
255,1.275000000e-02,6.713014878e-03,1.554843337e+01,1.507209043e+01,4.703419580e-01,6.000988861e-03
256,1.280000000e-02,6.746278672e-03,1.566690622e+01,1.518305290e+01,4.777734856e-01,6.079836271e-03
257,1.285000000e-02,6.779624330e-03,1.578578433e+01,1.529430781e+01,4.853170033e-01,6.159516124e-03
258,1.290000000e-02,6.813069513e-03,1.590506689e+01,1.540585290e+01,4.929734428e-01,6.240549497e-03
259,1.295000000e-02,6.846614955e-03,1.602475303e+01,1.551771430e+01,5.007158283e-01,6.322894383e-03
260,1.300000000e-02,6.880235202e-03,1.614484195e+01,1.562991386e+01,5.085219978e-01,6.406089503e-03
261,1.305000000e-02,6.913909459e-03,1.626533309e+01,1.574244277e+01,5.164006148e-01,6.489700752e-03
262,1.310000000e-02,6.947644541e-03,1.638622591e+01,1.585529261e+01,5.243594794e-01,6.573816553e-03
263,1.315000000e-02,6.981446978e-03,1.650751982e+01,1.596847189e+01,5.323892717e-01,6.658663602e-03
264,1.320000000e-02,7.015308965e-03,1.662921425e+01,1.608193700e+01,5.405332484e-01,6.744009196e-03
265,1.325000000e-02,7.049268242e-03,1.675130849e+01,1.619571397e+01,5.487638469e-01,6.830676116e-03
266,1.330000000e-02,7.083299675e-03,1.687380177e+01,1.630981958e+01,5.570639548e-01,6.918229542e-03
267,1.335000000e-02,7.117387493e-03,1.699669349e+01,1.642425224e+01,5.654349706e-01,7.006271048e-03
268,1.340000000e-02,7.151532352e-03,1.711998312e+01,1.653901925e+01,5.738692259e-01,7.094646964e-03
269,1.345000000e-02,7.185727568e-03,1.724367017e+01,1.665412846e+01,5.823585065e-01,7.183205566e-03
270,1.350000000e-02,7.219966496e-03,1.736775418e+01,1.676956002e+01,5.909224142e-01,7.271754534e-03
271,1.355000000e-02,7.254265621e-03,1.749223469e+01,1.688530650e+01,5.995674986e-01,7.360693387e-03
272,1.360000000e-02,7.288630121e-03,1.761711110e+01,1.700138219e+01,6.082785909e-01,7.450319140e-03
273,1.365000000e-02,7.323046666e-03,1.774238287e+01,1.711775459e+01,6.170878993e-01,7.540386109e-03
274,1.370000000e-02,7.357542774e-03,1.786804940e+01,1.723439653e+01,6.260215577e-01,7.631316312e-03
275,1.375000000e-02,7.392140658e-03,1.799410986e+01,1.735133084e+01,6.350553138e-01,7.723706337e-03
276,1.380000000e-02,7.426819203e-03,1.812056343e+01,1.746857979e+01,6.441664653e-01,7.817171196e-03
277,1.385000000e-02,7.461558653e-03,1.824740945e+01,1.758615755e+01,6.533406505e-01,7.911249815e-03
278,1.390000000e-02,7.496346503e-03,1.837464741e+01,1.770402697e+01,6.626148659e-01,8.005581969e-03
279,1.395000000e-02,7.531213645e-03,1.850227673e+01,1.782217641e+01,6.719998111e-01,8.100505400e-03
280,1.400000000e-02,7.566169847e-03,1.863029664e+01,1.794057435e+01,6.815259793e-01,8.196304767e-03
281,1.405000000e-02,7.601239800e-03,1.875870623e+01,1.805924493e+01,6.911675908e-01,8.293708985e-03
282,1.410000000e-02,7.636401920e-03,1.888750457e+01,1.817819935e+01,7.009128975e-01,8.392329469e-03
283,1.415000000e-02,7.671645251e-03,1.901669089e+01,1.829742975e+01,7.107693423e-01,8.491796949e-03
284,1.420000000e-02,7.706976317e-03,1.914626441e+01,1.841693424e+01,7.207382507e-01,8.591917445e-03
285,1.425000000e-02,7.742397477e-03,1.927622434e+01,1.853673682e+01,7.307950106e-01,8.692502357e-03
286,1.430000000e-02,7.777889142e-03,1.940656997e+01,1.865686246e+01,7.409142402e-01,8.793275602e-03
287,1.435000000e-02,7.813429690e-03,1.953730079e+01,1.877731069e+01,7.510961190e-01,8.893977538e-03
288,1.440000000e-02,7.849017947e-03,1.966841634e+01,1.889805205e+01,7.613695752e-01,8.994711537e-03
289,1.445000000e-02,7.884676029e-03,1.979991610e+01,1.901905195e+01,7.717680566e-01,9.096094946e-03
290,1.450000000e-02,7.920430385e-03,1.993179930e+01,1.914030158e+01,7.822989889e-01,9.198730737e-03
291,1.455000000e-02,7.956286554e-03,2.006406505e+01,1.926182547e+01,7.929366995e-01,9.302880875e-03
292,1.460000000e-02,7.992223400e-03,2.019671251e+01,1.938364470e+01,8.036597091e-01,9.408101520e-03
293,1.465000000e-02,8.028223330e-03,2.032974103e+01,1.950573424e+01,8.144928615e-01,9.513926936e-03
294,1.470000000e-02,8.064306126e-03,2.046314992e+01,1.962812063e+01,8.254089941e-01,9.620287608e-03
295,1.475000000e-02,8.100451471e-03,2.059693852e+01,1.975080104e+01,8.364106115e-01,9.726867102e-03
296,1.480000000e-02,8.136660511e-03,2.073110627e+01,1.987372344e+01,8.475489914e-01,9.833844273e-03
297,1.485000000e-02,8.172971723e-03,2.086565240e+01,1.999689079e+01,8.588192211e-01,9.942389277e-03
298,1.490000000e-02,8.209380995e-03,2.100057600e+01,2.012030630e+01,8.702173549e-01,1.005235273e-02
299,1.495000000e-02,8.245884730e-03,2.113587619e+01,2.024398168e+01,8.817310960e-01,1.016341639e-02
300,1.500000000e-02,8.282473173e-03,2.127155214e+01,2.036794956e+01,8.933272979e-01,1.027528174e-02
301,1.505000000e-02,8.319120431e-03,2.140760319e+01,2.049222642e+01,9.049892544e-01,1.038751373e-02
302,1.510000000e-02,8.355813839e-03,2.154402885e+01,2.061682314e+01,9.167059146e-01,1.049978934e-02
303,1.515000000e-02,8.392545146e-03,2.168082870e+01,2.074174744e+01,9.284693732e-01,1.061189097e-02
304,1.520000000e-02,8.429307504e-03,2.181800243e+01,2.086694060e+01,9.403381042e-01,1.072372503e-02
305,1.525000000e-02,8.466145243e-03,2.195554953e+01,2.099230221e+01,9.524113635e-01,1.083596175e-02
306,1.530000000e-02,8.503132970e-03,2.209346897e+01,2.111783211e+01,9.646863435e-01,1.095052441e-02
307,1.535000000e-02,8.540269417e-03,2.223175941e+01,2.124356619e+01,9.771256988e-01,1.106752315e-02
308,1.540000000e-02,8.577525667e-03,2.237041965e+01,2.136953679e+01,9.896965602e-01,1.118629463e-02
309,1.545000000e-02,8.614876067e-03,2.250944869e+01,2.149577895e+01,1.002363527e+00,1.130621486e-02
310,1.550000000e-02,8.652293414e-03,2.264884582e+01,2.162231762e+01,1.015101450e+00,1.142674348e-02
311,1.555000000e-02,8.689758362e-03,2.278861047e+01,2.174916803e+01,1.027894956e+00,1.154748639e-02
312,1.560000000e-02,8.727259205e-03,2.292874225e+01,2.187632284e+01,1.040751236e+00,1.166817468e-02
313,1.565000000e-02,8.764801029e-03,2.306924077e+01,2.200375668e+01,1.053695181e+00,1.178890910e-02
314,1.570000000e-02,8.802401583e-03,2.321010555e+01,2.213141362e+01,1.066781607e+00,1.191033046e-02
315,1.575000000e-02,8.840100370e-03,2.335133586e+01,2.225928148e+01,1.080021356e+00,1.203302034e-02
316,1.580000000e-02,8.877904184e-03,2.349293073e+01,2.238736664e+01,1.093406869e+00,1.215722034e-02
317,1.585000000e-02,8.915807545e-03,2.363488922e+01,2.251569335e+01,1.106913146e+00,1.228271637e-02
318,1.590000000e-02,8.953792497e-03,2.377721047e+01,2.264429109e+01,1.120510261e+00,1.240911867e-02
319,1.595000000e-02,8.991837602e-03,2.391989381e+01,2.277318195e+01,1.134175852e+00,1.253600392e-02
320,1.600000000e-02,9.029926382e-03,2.406293875e+01,2.290238140e+01,1.147894285e+00,1.266306299e-02
321,1.605000000e-02,9.068047296e-03,2.420634489e+01,2.303183904e+01,1.161715771e+00,1.279008454e-02
322,1.610000000e-02,9.106234507e-03,2.435011176e+01,2.316152722e+01,1.175666485e+00,1.291806026e-02
323,1.615000000e-02,9.144506456e-03,2.449423862e+01,2.329141589e+01,1.189775436e+00,1.304729872e-02
324,1.620000000e-02,9.182883198e-03,2.463872458e+01,2.342150848e+01,1.204037869e+00,1.317823102e-02
325,1.625000000e-02,9.221361079e-03,2.478356865e+01,2.355182504e+01,1.218432659e+00,1.331095377e-02
326,1.630000000e-02,9.259925697e-03,2.492876995e+01,2.368239575e+01,1.232929186e+00,1.344501227e-02
327,1.635000000e-02,9.298555131e-03,2.507432775e+01,2.381324332e+01,1.247504497e+00,1.357993711e-02
328,1.640000000e-02,9.337232975e-03,2.522024149e+01,2.394438440e+01,1.262141730e+00,1.371536206e-02
329,1.645000000e-02,9.375947233e-03,2.536651075e+01,2.407579963e+01,1.276860093e+00,1.385102847e-02
330,1.650000000e-02,9.414711240e-03,2.551313508e+01,2.420741175e+01,1.291736281e+00,1.398704866e-02
331,1.655000000e-02,9.453576075e-03,2.566011376e+01,2.433921474e+01,1.306774214e+00,1.412480725e-02
332,1.660000000e-02,9.492545200e-03,2.580744580e+01,2.447120051e+01,1.321980800e+00,1.426448428e-02
333,1.665000000e-02,9.531622749e-03,2.595513020e+01,2.460339153e+01,1.337332482e+00,1.440618506e-02
334,1.670000000e-02,9.570792458e-03,2.610316600e+01,2.473581847e+01,1.352797951e+00,1.454957820e-02
335,1.675000000e-02,9.610033047e-03,2.625155241e+01,2.486849583e+01,1.368362430e+00,1.469415514e-02
336,1.680000000e-02,9.649334905e-03,2.640028881e+01,2.500144471e+01,1.384004562e+00,1.483953438e-02
337,1.685000000e-02,9.688683077e-03,2.654937464e+01,2.513467396e+01,1.399715241e+00,1.498544161e-02
338,1.690000000e-02,9.728071340e-03,2.669880949e+01,2.526816836e+01,1.415509420e+00,1.513170992e-02
339,1.695000000e-02,9.767509095e-03,2.684859289e+01,2.540184898e+01,1.431465418e+00,1.527849138e-02
340,1.700000000e-02,9.807047797e-03,2.699872411e+01,2.553571162e+01,1.447585226e+00,1.542725812e-02
341,1.705000000e-02,9.846689794e-03,2.714920218e+01,2.566975990e+01,1.463864135e+00,1.557814211e-02
342,1.710000000e-02,9.886431577e-03,2.730002614e+01,2.580398108e+01,1.480313918e+00,1.573114095e-02
343,1.715000000e-02,9.926279711e-03,2.745119502e+01,2.593838870e+01,1.496919735e+00,1.588658727e-02
344,1.720000000e-02,9.966224469e-03,2.760270783e+01,2.607296202e+01,1.513701611e+00,1.604420420e-02
345,1.725000000e-02,1.000627911e-02,2.775456361e+01,2.620771176e+01,1.530647906e+00,1.620395328e-02
346,1.730000000e-02,1.004643740e-02,2.790676136e+01,2.634266124e+01,1.547734520e+00,1.636560284e-02
347,1.735000000e-02,1.008668318e-02,2.805930017e+01,2.647781577e+01,1.564955437e+00,1.652896118e-02
348,1.740000000e-02,1.012701315e-02,2.821217926e+01,2.661318025e+01,1.582305091e+00,1.669391555e-02
349,1.745000000e-02,1.016742434e-02,2.836539784e+01,2.674873222e+01,1.599805180e+00,1.686044077e-02
350,1.750000000e-02,1.020793010e-02,2.851895512e+01,2.688445521e+01,1.617470818e+00,1.702909402e-02
351,1.755000000e-02,1.024853900e-02,2.867285017e+01,2.702035831e+01,1.635291323e+00,1.720053767e-02
352,1.760000000e-02,1.028924356e-02,2.882708207e+01,2.715642011e+01,1.653287239e+00,1.737471312e-02
353,1.765000000e-02,1.033005643e-02,2.898164985e+01,2.729261610e+01,1.671481949e+00,1.755180180e-02
354,1.770000000e-02,1.037099338e-02,2.913655244e+01,2.742895101e+01,1.689869955e+00,1.773147132e-02
355,1.775000000e-02,1.041204926e-02,2.929178872e+01,2.756544542e+01,1.708430012e+00,1.791328561e-02
356,1.780000000e-02,1.045320990e-02,2.944735765e+01,2.770210070e+01,1.727160140e+00,1.809680493e-02
357,1.785000000e-02,1.049447328e-02,2.960325825e+01,2.783889115e+01,1.746085258e+00,1.828183645e-02
358,1.790000000e-02,1.053585364e-02,2.975948949e+01,2.797574804e+01,1.765272620e+00,1.846882601e-02
359,1.795000000e-02,1.057739033e-02,2.991605008e+01,2.811269858e+01,1.784692537e+00,1.865895896e-02
360,1.800000000e-02,1.061906579e-02,3.007293862e+01,2.824976401e+01,1.804323055e+00,1.885155932e-02
361,1.805000000e-02,1.066086646e-02,3.023015387e+01,2.838696288e+01,1.824145051e+00,1.904594372e-02
362,1.810000000e-02,1.070277967e-02,3.038769471e+01,2.852433294e+01,1.844120088e+00,1.924168212e-02
363,1.815000000e-02,1.074478207e-02,3.054556017e+01,2.866189034e+01,1.864231600e+00,1.943823159e-02
364,1.820000000e-02,1.078686273e-02,3.070374945e+01,2.879963807e+01,1.884476116e+00,1.963526098e-02
365,1.825000000e-02,1.082902028e-02,3.086226181e+01,2.893760139e+01,1.904827927e+00,1.983248819e-02
366,1.830000000e-02,1.087123868e-02,3.102109659e+01,2.907577087e+01,1.925296046e+00,2.002966516e-02
367,1.835000000e-02,1.091352286e-02,3.118025317e+01,2.921413524e+01,1.945890831e+00,2.022710031e-02
368,1.840000000e-02,1.095587829e-02,3.133973090e+01,2.935266052e+01,1.966645254e+00,2.042512677e-02
369,1.845000000e-02,1.099832439e-02,3.149952898e+01,2.949134683e+01,1.987557702e+00,2.062445724e-02
370,1.850000000e-02,1.104085997e-02,3.165964656e+01,2.963018817e+01,2.008633293e+00,2.082509718e-02
371,1.855000000e-02,1.108348757e-02,3.182008274e+01,2.976919062e+01,2.029865241e+00,2.102688569e-02
372,1.860000000e-02,1.112620333e-02,3.198083667e+01,2.990832570e+01,2.051281451e+00,2.122952653e-02
373,1.865000000e-02,1.116902241e-02,3.214190743e+01,3.004759781e+01,2.072876130e+00,2.143348423e-02
374,1.870000000e-02,1.121194177e-02,3.230329402e+01,3.018700848e+01,2.094646758e+00,2.163878118e-02
375,1.875000000e-02,1.125495993e-02,3.246499550e+01,3.032652067e+01,2.116629406e+00,2.184541978e-02
376,1.880000000e-02,1.129809665e-02,3.262701082e+01,3.046613473e+01,2.138821947e+00,2.205414361e-02
377,1.885000000e-02,1.134135091e-02,3.278933884e+01,3.060587907e+01,2.161195032e+00,2.226473850e-02
378,1.890000000e-02,1.138470536e-02,3.295197853e+01,3.074575747e+01,2.183744410e+00,2.247664396e-02
379,1.895000000e-02,1.142815724e-02,3.311492892e+01,3.088579752e+01,2.206441855e+00,2.268954694e-02
380,1.900000000e-02,1.147169013e-02,3.327818916e+01,3.102602704e+01,2.229259081e+00,2.290304781e-02
381,1.905000000e-02,1.151528695e-02,3.344175855e+01,3.116646808e+01,2.252173681e+00,2.311678287e-02
382,1.910000000e-02,1.155893410e-02,3.360563650e+01,3.130712450e+01,2.275181517e+00,2.333048035e-02
383,1.915000000e-02,1.160262851e-02,3.376982251e+01,3.144798928e+01,2.298289057e+00,2.354417785e-02
384,1.920000000e-02,1.164637336e-02,3.393431610e+01,3.158902900e+01,2.321529048e+00,2.375805136e-02
385,1.925000000e-02,1.169018720e-02,3.409911664e+01,3.173019777e+01,2.344946327e+00,2.397253896e-02
386,1.930000000e-02,1.173409568e-02,3.426422332e+01,3.187149999e+01,2.368534690e+00,2.418864209e-02
387,1.935000000e-02,1.177809464e-02,3.442963524e+01,3.201290714e+01,2.392321963e+00,2.440614010e-02
388,1.940000000e-02,1.182219974e-02,3.459535143e+01,3.215442573e+01,2.416300548e+00,2.462514631e-02
389,1.945000000e-02,1.186640646e-02,3.476137087e+01,3.229605621e+01,2.440468881e+00,2.484577827e-02
390,1.950000000e-02,1.191071413e-02,3.492769258e+01,3.243775369e+01,2.464870986e+00,2.506790242e-02
391,1.955000000e-02,1.195514633e-02,3.509431545e+01,3.257951328e+01,2.489509698e+00,2.529247021e-02
392,1.960000000e-02,1.199970393e-02,3.526123828e+01,3.272135657e+01,2.514362294e+00,2.551941280e-02
393,1.965000000e-02,1.204437430e-02,3.542845989e+01,3.286330001e+01,2.539411720e+00,2.574816501e-02
394,1.970000000e-02,1.208914744e-02,3.559597924e+01,3.300536900e+01,2.564631950e+00,2.597828955e-02
395,1.975000000e-02,1.213400836e-02,3.576379539e+01,3.314759952e+01,2.589986435e+00,2.620943507e-02
396,1.980000000e-02,1.217893647e-02,3.593190755e+01,3.329001106e+01,2.615455338e+00,2.644115377e-02
397,1.985000000e-02,1.222392031e-02,3.610031510e+01,3.343260896e+01,2.641032995e+00,2.667314790e-02
398,1.990000000e-02,1.226895657e-02,3.626901747e+01,3.357539766e+01,2.666714519e+00,2.690529046e-02
399,1.995000000e-02,1.231404368e-02,3.643801413e+01,3.371836785e+01,2.692508872e+00,2.713739947e-02
400,2.000000000e-02,1.235918702e-02,3.660730453e+01,3.386148266e+01,2.718452309e+00,2.736956187e-02
401,2.005000000e-02,1.240440636e-02,3.677688801e+01,3.400473296e+01,2.744552405e+00,2.760264336e-02
402,2.010000000e-02,1.244970491e-02,3.694676381e+01,3.414808744e+01,2.770839507e+00,2.783686499e-02
403,2.015000000e-02,1.249509882e-02,3.711693107e+01,3.429152685e+01,2.797331670e+00,2.807255245e-02
404,2.020000000e-02,1.254059803e-02,3.728738880e+01,3.443504536e+01,2.824033750e+00,2.830969154e-02
405,2.025000000e-02,1.258620619e-02,3.745813597e+01,3.457862539e+01,2.850962337e+00,2.854824412e-02
406,2.030000000e-02,1.263193164e-02,3.762917148e+01,3.472225213e+01,2.878130459e+00,2.878889137e-02
407,2.035000000e-02,1.267778032e-02,3.780049419e+01,3.486594761e+01,2.905514713e+00,2.903186391e-02
408,2.040000000e-02,1.272373871e-02,3.797210296e+01,3.500969216e+01,2.933134075e+00,2.927672321e-02
409,2.045000000e-02,1.276981613e-02,3.814399667e+01,3.515351194e+01,2.960961160e+00,2.952356455e-02
410,2.050000000e-02,1.281599779e-02,3.831617422e+01,3.529743473e+01,2.988967564e+00,2.977192747e-02
411,2.055000000e-02,1.286226787e-02,3.848863468e+01,3.544144966e+01,3.017163637e+00,3.002137737e-02
412,2.060000000e-02,1.290863212e-02,3.866137712e+01,3.558558533e+01,3.045519974e+00,3.027181621e-02
413,2.065000000e-02,1.295507529e-02,3.883440071e+01,3.572987156e+01,3.074006212e+00,3.052293711e-02
414,2.070000000e-02,1.300158083e-02,3.900770473e+01,3.587431135e+01,3.102618996e+00,3.077438119e-02
415,2.075000000e-02,1.304814677e-02,3.918128856e+01,3.601889341e+01,3.131368929e+00,3.102622277e-02
416,2.080000000e-02,1.309477832e-02,3.935515156e+01,3.616361177e+01,3.160261039e+00,3.127874713e-02
417,2.085000000e-02,1.314147751e-02,3.952929306e+01,3.630842003e+01,3.189341076e+00,3.153195470e-02
418,2.090000000e-02,1.318826804e-02,3.970371226e+01,3.645330125e+01,3.218624433e+00,3.178657424e-02
419,2.095000000e-02,1.323515798e-02,3.987840821e+01,3.659826775e+01,3.248097789e+00,3.204267597e-02
420,2.100000000e-02,1.328214069e-02,4.005337997e+01,3.674333533e+01,3.277744700e+00,3.229994575e-02
421,2.105000000e-02,1.332920813e-02,4.022862667e+01,3.688846932e+01,3.307599328e+00,3.255802756e-02
422,2.110000000e-02,1.337637884e-02,4.040414740e+01,3.703366153e+01,3.337668421e+00,3.281744902e-02
423,2.115000000e-02,1.342365535e-02,4.057994114e+01,3.717889533e+01,3.367967152e+00,3.307866186e-02
424,2.120000000e-02,1.347104416e-02,4.075600684e+01,3.732412655e+01,3.398538154e+00,3.334213543e-02
425,2.125000000e-02,1.351856703e-02,4.093234330e+01,3.746936561e+01,3.429369556e+00,3.360814071e-02
426,2.130000000e-02,1.356621770e-02,4.110894926e+01,3.761464390e+01,3.460429072e+00,3.387628317e-02
427,2.135000000e-02,1.361397958e-02,4.128582355e+01,3.775999471e+01,3.491682690e+00,3.414614521e-02
428,2.140000000e-02,1.366183462e-02,4.146296518e+01,3.790544443e+01,3.523103343e+00,3.441740839e-02
429,2.145000000e-02,1.370976828e-02,4.164037330e+01,3.805101353e+01,3.554670037e+00,3.468972957e-02
430,2.150000000e-02,1.375776924e-02,4.181804717e+01,3.819669359e+01,3.586390722e+00,3.496285518e-02
431,2.155000000e-02,1.380584156e-02,4.199598609e+01,3.834243966e+01,3.618309551e+00,3.523688088e-02
432,2.160000000e-02,1.385400800e-02,4.217418924e+01,3.848827191e+01,3.650404824e+00,3.551250542e-02
433,2.165000000e-02,1.390225716e-02,4.235265575e+01,3.863421844e+01,3.682647913e+00,3.578939356e-02
434,2.170000000e-02,1.395057400e-02,4.253138485e+01,3.878025303e+01,3.715064608e+00,3.606721058e-02
435,2.175000000e-02,1.399897102e-02,4.271037580e+01,3.892636650e+01,3.747662991e+00,3.634630680e-02
436,2.180000000e-02,1.404745236e-02,4.288962778e+01,3.907255231e+01,3.780448414e+00,3.662706236e-02
437,2.185000000e-02,1.409602011e-02,4.306913994e+01,3.921881208e+01,3.813418314e+00,3.690954011e-02
438,2.190000000e-02,1.414467269e-02,4.324891140e+01,3.936514995e+01,3.846567553e+00,3.719390274e-02
439,2.195000000e-02,1.419340738e-02,4.342894134e+01,3.951155235e+01,3.879908924e+00,3.748007008e-02
440,2.200000000e-02,1.424223028e-02,4.360922890e+01,3.965794860e+01,3.913512168e+00,3.776813332e-02
441,2.205000000e-02,1.429117604e-02,4.378977303e+01,3.980431597e+01,3.947397815e+00,3.805924047e-02
442,2.210000000e-02,1.434025452e-02,4.397057248e+01,3.995066103e+01,3.981557501e+00,3.835394586e-02
443,2.215000000e-02,1.438946077e-02,4.415162598e+01,4.009700635e+01,4.015967464e+00,3.865217017e-02
444,2.220000000e-02,1.443878331e-02,4.433293233e+01,4.024337173e+01,4.050607063e+00,3.895353442e-02
445,2.225000000e-02,1.448821191e-02,4.451449042e+01,4.038977602e+01,4.085456534e+00,3.925787059e-02
446,2.230000000e-02,1.453773622e-02,4.469629927e+01,4.053622604e+01,4.120508193e+00,3.956503691e-02
447,2.235000000e-02,1.458735301e-02,4.487835793e+01,4.068274921e+01,4.155733829e+00,3.987488560e-02
448,2.240000000e-02,1.463704822e-02,4.506066554e+01,4.082935104e+01,4.191127277e+00,4.018722331e-02
449,2.245000000e-02,1.468681820e-02,4.524322134e+01,4.097601867e+01,4.226700290e+00,4.050237415e-02
450,2.250000000e-02,1.473666789e-02,4.542602452e+01,4.112274993e+01,4.262453647e+00,4.082094558e-02
451,2.255000000e-02,1.478659694e-02,4.560907429e+01,4.126953625e+01,4.298395003e+00,4.114303229e-02
452,2.260000000e-02,1.483660924e-02,4.579236980e+01,4.141637523e+01,4.334525624e+00,4.146894628e-02
453,2.265000000e-02,1.488670514e-02,4.597591020e+01,4.156323617e+01,4.370874947e+00,4.179907646e-02
454,2.270000000e-02,1.493689818e-02,4.615969456e+01,4.171004822e+01,4.407512374e+00,4.213396767e-02
455,2.275000000e-02,1.498722133e-02,4.634372176e+01,4.185673576e+01,4.444512311e+00,4.247368959e-02
456,2.280000000e-02,1.503771006e-02,4.652799033e+01,4.200329725e+01,4.481874255e+00,4.281882741e-02
457,2.285000000e-02,1.508836421e-02,4.671249867e+01,4.214973304e+01,4.519596479e+00,4.316914684e-02
458,2.290000000e-02,1.513918219e-02,4.689724516e+01,4.229602021e+01,4.557700582e+00,4.352436347e-02
459,2.295000000e-02,1.519017389e-02,4.708222816e+01,4.244216581e+01,4.596177355e+00,4.388499785e-02
460,2.300000000e-02,1.524133398e-02,4.726744601e+01,4.258819945e+01,4.634995508e+00,4.425105999e-02
461,2.305000000e-02,1.529264620e-02,4.745289713e+01,4.273414387e+01,4.674131215e+00,4.462204876e-02
462,2.310000000e-02,1.534409860e-02,4.763858006e+01,4.287997505e+01,4.713607607e+00,4.499740088e-02
463,2.315000000e-02,1.539570162e-02,4.782449336e+01,4.302572360e+01,4.753392546e+00,4.537721844e-02
464,2.320000000e-02,1.544743944e-02,4.801063562e+01,4.317142462e+01,4.793450097e+00,4.576090129e-02
465,2.325000000e-02,1.549929476e-02,4.819700555e+01,4.331710500e+01,4.833752693e+00,4.614785439e-02
466,2.330000000e-02,1.555125473e-02,4.838360203e+01,4.346273975e+01,4.874324694e+00,4.653758601e-02
467,2.335000000e-02,1.560333107e-02,4.857042395e+01,4.360830386e+01,4.915189592e+00,4.693049837e-02
468,2.340000000e-02,1.565553439e-02,4.875747008e+01,4.375378729e+01,4.956355853e+00,4.732694026e-02
469,2.345000000e-02,1.570786826e-02,4.894473914e+01,4.389919237e+01,4.997819952e+00,4.772681242e-02
470,2.350000000e-02,1.576033120e-02,4.913222983e+01,4.404448186e+01,5.039617959e+00,4.813001296e-02
471,2.355000000e-02,1.581293936e-02,4.931994080e+01,4.418965923e+01,5.081744700e+00,4.853687184e-02
472,2.360000000e-02,1.586569107e-02,4.950787062e+01,4.433472665e+01,5.124196675e+00,4.894729668e-02
473,2.365000000e-02,1.591858424e-02,4.969601789e+01,4.447966621e+01,5.166990394e+00,4.936128252e-02
474,2.370000000e-02,1.597162584e-02,4.988438118e+01,4.462449434e+01,5.210107747e+00,4.977909160e-02
475,2.375000000e-02,1.602480668e-02,5.007295907e+01,4.476920224e+01,5.253556337e+00,5.020049078e-02
476,2.380000000e-02,1.607812972e-02,5.026175017e+01,4.491378309e+01,5.297341277e+00,5.062579923e-02
477,2.385000000e-02,1.613159671e-02,5.045075305e+01,4.505820696e+01,5.341490894e+00,5.105519314e-02
478,2.390000000e-02,1.618522048e-02,5.063996622e+01,4.520250020e+01,5.385977037e+00,5.148897772e-02
479,2.395000000e-02,1.623898728e-02,5.082938820e+01,4.534666219e+01,5.430799408e+00,5.192660792e-02
480,2.400000000e-02,1.629289610e-02,5.101901757e+01,4.549070543e+01,5.475944146e+00,5.236799905e-02
481,2.405000000e-02,1.634694015e-02,5.120885294e+01,4.563465508e+01,5.521385047e+00,5.281281473e-02
482,2.410000000e-02,1.640110722e-02,5.139889301e+01,4.577852325e+01,5.567109236e+00,5.326052649e-02
483,2.415000000e-02,1.645539106e-02,5.158913656e+01,4.592231144e+01,5.613114320e+00,5.371079955e-02
484,2.420000000e-02,1.650979077e-02,5.177958241e+01,4.606599509e+01,5.659423655e+00,5.416367282e-02
485,2.425000000e-02,1.656431699e-02,5.197022935e+01,4.620955350e+01,5.706056090e+00,5.461975884e-02
486,2.430000000e-02,1.661897739e-02,5.216107606e+01,4.635299130e+01,5.753005580e+00,5.507917541e-02
487,2.435000000e-02,1.667376909e-02,5.235212121e+01,4.649630069e+01,5.800278674e+00,5.554184201e-02
488,2.440000000e-02,1.672869527e-02,5.254336347e+01,4.663948101e+01,5.847874646e+00,5.600780738e-02
489,2.445000000e-02,1.678375556e-02,5.273480150e+01,4.678252526e+01,5.895799117e+00,5.647711597e-02
490,2.450000000e-02,1.683895169e-02,5.292643395e+01,4.692540302e+01,5.944081304e+00,5.694962380e-02
491,2.455000000e-02,1.689429676e-02,5.311825941e+01,4.706811870e+01,5.992714966e+00,5.742575303e-02
492,2.460000000e-02,1.694978704e-02,5.331027643e+01,4.721067192e+01,6.041699066e+00,5.790544157e-02
493,2.465000000e-02,1.700542173e-02,5.350248354e+01,4.735306041e+01,6.091034450e+00,5.838868450e-02
494,2.470000000e-02,1.706120114e-02,5.369487932e+01,4.749525918e+01,6.140744590e+00,5.887555279e-02
495,2.475000000e-02,1.711713498e-02,5.388746228e+01,4.763727436e+01,6.190821262e+00,5.936665613e-02
496,2.480000000e-02,1.717321848e-02,5.408023091e+01,4.777910920e+01,6.241260108e+00,5.986159511e-02
497,2.485000000e-02,1.722944946e-02,5.427318371e+01,4.792077571e+01,6.292047846e+00,6.036015434e-02
498,2.490000000e-02,1.728582196e-02,5.446631924e+01,4.806231007e+01,6.343146909e+00,6.086226035e-02
499,2.495000000e-02,1.734231893e-02,5.465963616e+01,4.820372188e+01,6.394546947e+00,6.136733593e-02
500,2.500000000e-02,1.739893549e-02,5.485313323e+01,4.834501899e+01,6.446239071e+00,6.187517138e-02
501,2.505000000e-02,1.745566740e-02,5.504680926e+01,4.848616957e+01,6.498254287e+00,6.238540495e-02
502,2.510000000e-02,1.751252818e-02,5.524066300e+01,4.862715106e+01,6.550613194e+00,6.289874206e-02
503,2.515000000e-02,1.756952619e-02,5.543469311e+01,4.876797699e+01,6.603300496e+00,6.341562067e-02
504,2.520000000e-02,1.762665384e-02,5.562889824e+01,4.890863126e+01,6.656331302e+00,6.393567395e-02
505,2.525000000e-02,1.768391790e-02,5.582327704e+01,4.904910054e+01,6.709717608e+00,6.445889538e-02
506,2.530000000e-02,1.774132385e-02,5.601782812e+01,4.918938660e+01,6.763456082e+00,6.498543385e-02
507,2.535000000e-02,1.779886978e-02,5.621255006e+01,4.932946862e+01,6.817566392e+00,6.551504707e-02
508,2.540000000e-02,1.785656538e-02,5.640744141e+01,4.946933674e+01,6.872056600e+00,6.604807619e-02
509,2.545000000e-02,1.791441377e-02,5.660250069e+01,4.960900463e+01,6.926911320e+00,6.658474354e-02
510,2.550000000e-02,1.797240759e-02,5.679772642e+01,4.974845636e+01,6.982145183e+00,6.712488208e-02
511,2.555000000e-02,1.803055301e-02,5.699311712e+01,4.988766412e+01,7.037784178e+00,6.766882122e-02
512,2.560000000e-02,1.808886000e-02,5.718867124e+01,5.002664185e+01,7.093812392e+00,6.821700436e-02
513,2.565000000e-02,1.814732063e-02,5.738438721e+01,5.016540952e+01,7.150208502e+00,6.876919661e-02
514,2.570000000e-02,1.820592503e-02,5.758026354e+01,5.030396692e+01,7.206971792e+00,6.932482972e-02
515,2.575000000e-02,1.826467288e-02,5.777629879e+01,5.044233451e+01,7.264080355e+00,6.988392381e-02
516,2.580000000e-02,1.832355384e-02,5.797249155e+01,5.058052551e+01,7.321519997e+00,7.044604084e-02
517,2.585000000e-02,1.838256174e-02,5.816884051e+01,5.071854869e+01,7.379280991e+00,7.101082529e-02
518,2.590000000e-02,1.844169248e-02,5.836534439e+01,5.085639921e+01,7.437367169e+00,7.157800785e-02
519,2.595000000e-02,1.850094839e-02,5.856200193e+01,5.099404113e+01,7.495813036e+00,7.214775722e-02
520,2.600000000e-02,1.856034447e-02,5.875881179e+01,5.113149356e+01,7.554597163e+00,7.272107116e-02
521,2.605000000e-02,1.861986980e-02,5.895577264e+01,5.126871916e+01,7.613755949e+00,7.329752312e-02
522,2.610000000e-02,1.867954013e-02,5.915288307e+01,5.140571179e+01,7.673294056e+00,7.387721836e-02
523,2.615000000e-02,1.873935690e-02,5.935014163e+01,5.154248850e+01,7.733192879e+00,7.446025468e-02
524,2.620000000e-02,1.879931136e-02,5.954754690e+01,5.167902025e+01,7.793480441e+00,7.504620840e-02
525,2.625000000e-02,1.885941600e-02,5.974509743e+01,5.181528999e+01,7.854172013e+00,7.563542636e-02
526,2.630000000e-02,1.891967674e-02,5.994279170e+01,5.195129140e+01,7.915272038e+00,7.622826586e-02
527,2.635000000e-02,1.898009491e-02,6.014062814e+01,5.208704157e+01,7.976761917e+00,7.682465593e-02
528,2.640000000e-02,1.904066252e-02,6.033860523e+01,5.222254177e+01,8.038638993e+00,7.742447035e-02
529,2.645000000e-02,1.910137838e-02,6.053672149e+01,5.235779505e+01,8.100898612e+00,7.802782696e-02
530,2.650000000e-02,1.916223960e-02,6.073497543e+01,5.249282030e+01,8.163520273e+00,7.863485969e-02
531,2.655000000e-02,1.922323639e-02,6.093336564e+01,5.262760063e+01,8.226519990e+00,7.924502534e-02
532,2.660000000e-02,1.928437597e-02,6.113189072e+01,5.276213183e+01,8.289900548e+00,7.985834352e-02
533,2.665000000e-02,1.934565924e-02,6.133054922e+01,5.289642210e+01,8.353652348e+00,8.047477469e-02
534,2.670000000e-02,1.940708156e-02,6.152933973e+01,5.303050914e+01,8.417736625e+00,8.109396788e-02
535,2.675000000e-02,1.946862667e-02,6.172826091e+01,5.316440779e+01,8.482137764e+00,8.171535071e-02
536,2.680000000e-02,1.953028811e-02,6.192731154e+01,5.329807346e+01,8.546899358e+00,8.233872085e-02
537,2.685000000e-02,1.959208460e-02,6.212649034e+01,5.343151228e+01,8.612012925e+00,8.296513857e-02
538,2.690000000e-02,1.965401075e-02,6.232579598e+01,5.356469504e+01,8.677506681e+00,8.359426433e-02
539,2.695000000e-02,1.971607849e-02,6.252522709e+01,5.369761809e+01,8.743382829e+00,8.422617309e-02
540,2.700000000e-02,1.977828810e-02,6.272478224e+01,5.383028899e+01,8.809632307e+00,8.486094501e-02
541,2.705000000e-02,1.984063587e-02,6.292446002e+01,5.396268377e+01,8.876278078e+00,8.549816713e-02
542,2.710000000e-02,1.990313162e-02,6.312425899e+01,5.409477135e+01,8.943349446e+00,8.613818478e-02
543,2.715000000e-02,1.996578819e-02,6.332417762e+01,5.422657358e+01,9.010822496e+00,8.678154448e-02
544,2.720000000e-02,2.002859454e-02,6.352421438e+01,5.435811049e+01,9.078675939e+00,8.742795729e-02
545,2.725000000e-02,2.009154135e-02,6.372436783e+01,5.448938662e+01,9.146904138e+00,8.807707069e-02
546,2.730000000e-02,2.015462668e-02,6.392463655e+01,5.462038666e+01,9.215521007e+00,8.872888463e-02
547,2.735000000e-02,2.021785596e-02,6.412501915e+01,5.475113042e+01,9.284504826e+00,8.938390507e-02
548,2.740000000e-02,2.028121844e-02,6.432551423e+01,5.488159651e+01,9.353876172e+00,9.004154017e-02
549,2.745000000e-02,2.034472267e-02,6.452612039e+01,5.501176226e+01,9.423656438e+00,9.070169069e-02
550,2.750000000e-02,2.040837725e-02,6.472683619e+01,5.514166456e+01,9.493807135e+00,9.136449896e-02
551,2.755000000e-02,2.047216603e-02,6.492766019e+01,5.527134508e+01,9.564285782e+00,9.202932564e-02
552,2.760000000e-02,2.053607168e-02,6.512859112e+01,5.540083702e+01,9.635058630e+00,9.269546502e-02
553,2.765000000e-02,2.060008087e-02,6.532962784e+01,5.553010412e+01,9.706161298e+00,9.336242599e-02
554,2.770000000e-02,2.066420928e-02,6.553076923e+01,5.565911632e+01,9.777621711e+00,9.403120505e-02
555,2.775000000e-02,2.072846762e-02,6.573201403e+01,5.578783529e+01,9.849476836e+00,9.470190868e-02
556,2.780000000e-02,2.079287132e-02,6.593336088e+01,5.591625395e+01,9.921732303e+00,9.537462382e-02
557,2.785000000e-02,2.085742171e-02,6.613480834e+01,5.604439578e+01,9.994363027e+00,9.604953125e-02
558,2.790000000e-02,2.092210766e-02,6.633635501e+01,5.617225724e+01,1.006737155e+01,9.672621478e-02
559,2.795000000e-02,2.098693071e-02,6.653799953e+01,5.629979602e+01,1.014079882e+01,9.740469516e-02
560,2.800000000e-02,2.105190837e-02,6.673974047e+01,5.642703236e+01,1.021462237e+01,9.808574128e-02
561,2.805000000e-02,2.111702973e-02,6.694157636e+01,5.655400488e+01,1.028880248e+01,9.876900171e-02
562,2.810000000e-02,2.118227849e-02,6.714350585e+01,5.668073315e+01,1.036331897e+01,9.945372959e-02
563,2.815000000e-02,2.124764710e-02,6.734552771e+01,5.680720413e+01,1.043818365e+01,1.001399349e-01
564,2.820000000e-02,2.131314035e-02,6.754764071e+01,5.693341529e+01,1.051339738e+01,1.008280449e-01
565,2.825000000e-02,2.137875735e-02,6.774984361e+01,5.705934906e+01,1.058897671e+01,1.015178363e-01
566,2.830000000e-02,2.144450414e-02,6.795213513e+01,5.718498314e+01,1.066494274e+01,1.022092575e-01
567,2.835000000e-02,2.151038872e-02,6.815451394e+01,5.731034131e+01,1.074127005e+01,1.029025813e-01
568,2.840000000e-02,2.157640012e-02,6.835697871e+01,5.743546840e+01,1.081791316e+01,1.035971564e-01
569,2.845000000e-02,2.164252037e-02,6.855952825e+01,5.756040140e+01,1.089483464e+01,1.042922200e-01
570,2.850000000e-02,2.170873514e-02,6.876216151e+01,5.768513224e+01,1.097204212e+01,1.049871511e-01
571,2.855000000e-02,2.177504903e-02,6.896487750e+01,5.780961411e+01,1.104958108e+01,1.056823150e-01
572,2.860000000e-02,2.184148103e-02,6.916767514e+01,5.793381647e+01,1.112748009e+01,1.063785823e-01
573,2.865000000e-02,2.190804105e-02,6.937055320e+01,5.805769468e+01,1.120578262e+01,1.070759057e-01
574,2.870000000e-02,2.197474576e-02,6.957351036e+01,5.818128308e+01,1.128445250e+01,1.077747782e-01
575,2.875000000e-02,2.204158005e-02,6.977654527e+01,5.830460054e+01,1.136346990e+01,1.084748231e-01
576,2.880000000e-02,2.210853625e-02,6.997965666e+01,5.842763072e+01,1.144285018e+01,1.091757620e-01
577,2.885000000e-02,2.217562124e-02,7.018284332e+01,5.855037406e+01,1.152259128e+01,1.098779804e-01
578,2.890000000e-02,2.224283331e-02,7.038610397e+01,5.867286993e+01,1.160265236e+01,1.105816877e-01
579,2.895000000e-02,2.231015492e-02,7.058943744e+01,5.879514649e+01,1.168300477e+01,1.112861902e-01
580,2.900000000e-02,2.237757519e-02,7.079284267e+01,5.891720018e+01,1.176365146e+01,1.119910309e-01
581,2.905000000e-02,2.244509658e-02,7.099631864e+01,5.903898506e+01,1.184463725e+01,1.126963257e-01
582,2.910000000e-02,2.251273804e-02,7.119986426e+01,5.916048953e+01,1.192597188e+01,1.134028451e-01
583,2.915000000e-02,2.258050156e-02,7.140347834e+01,5.928170266e+01,1.200766513e+01,1.141105506e-01
584,2.920000000e-02,2.264839005e-02,7.160715967e+01,5.940264478e+01,1.208969528e+01,1.148196043e-01
585,2.925000000e-02,2.271639434e-02,7.181090704e+01,5.952336212e+01,1.217201516e+01,1.155297567e-01
586,2.930000000e-02,2.278449511e-02,7.201471939e+01,5.964389516e+01,1.225458391e+01,1.162403152e-01
587,2.935000000e-02,2.285267663e-02,7.221859579e+01,5.976424902e+01,1.233739613e+01,1.169506366e-01
588,2.940000000e-02,2.292093844e-02,7.242253541e+01,5.988440916e+01,1.242046563e+01,1.176606196e-01
589,2.945000000e-02,2.298928669e-02,7.262653739e+01,6.000429768e+01,1.250386898e+01,1.183707283e-01
590,2.950000000e-02,2.305775262e-02,7.283060072e+01,6.012389357e+01,1.258762498e+01,1.190821704e-01
591,2.955000000e-02,2.312634104e-02,7.303472424e+01,6.024318780e+01,1.267174147e+01,1.197949696e-01
592,2.960000000e-02,2.319505469e-02,7.323890673e+01,6.036221650e+01,1.275618073e+01,1.205095050e-01
593,2.965000000e-02,2.326387792e-02,7.344314704e+01,6.048096352e+01,1.284095822e+01,1.212252977e-01
594,2.970000000e-02,2.333281791e-02,7.364744404e+01,6.059942584e+01,1.292607557e+01,1.219426332e-01
595,2.975000000e-02,2.340187466e-02,7.385179659e+01,6.071759808e+01,1.301153677e+01,1.226617424e-01
596,2.980000000e-02,2.347104926e-02,7.405620352e+01,6.083551221e+01,1.309730855e+01,1.233827666e-01
597,2.985000000e-02,2.354032731e-02,7.426066374e+01,6.095318457e+01,1.318337409e+01,1.241050871e-01
598,2.990000000e-02,2.360970315e-02,7.446517623e+01,6.107061994e+01,1.326972810e+01,1.248281872e-01
599,2.995000000e-02,2.367917564e-02,7.466974001e+01,6.118779612e+01,1.335639152e+01,1.255523697e-01
600,3.000000000e-02,2.374875293e-02,7.487435407e+01,6.130466666e+01,1.344340894e+01,1.262784730e-01
601,3.005000000e-02,2.381845027e-02,7.507901731e+01,6.142123678e+01,1.353077346e+01,1.270070632e-01
602,3.010000000e-02,2.388826328e-02,7.528372854e+01,6.153752057e+01,1.361847000e+01,1.277379717e-01
603,3.015000000e-02,2.395818594e-02,7.548848663e+01,6.165354098e+01,1.370647459e+01,1.284710551e-01
604,3.020000000e-02,2.402820877e-02,7.569329052e+01,6.176931879e+01,1.379476593e+01,1.292058032e-01
605,3.025000000e-02,2.409832419e-02,7.589813920e+01,6.188487506e+01,1.388332235e+01,1.299417940e-01
606,3.030000000e-02,2.416852534e-02,7.610303177e+01,6.200021229e+01,1.397214059e+01,1.306788917e-01
607,3.035000000e-02,2.423881163e-02,7.630796735e+01,6.211525421e+01,1.406129588e+01,1.314172649e-01
608,3.040000000e-02,2.430921405e-02,7.651294495e+01,6.222996077e+01,1.415082584e+01,1.321583394e-01
609,3.045000000e-02,2.437974402e-02,7.671796338e+01,6.234433589e+01,1.424072487e+01,1.329026183e-01
610,3.050000000e-02,2.445039749e-02,7.692302142e+01,6.245836795e+01,1.433100329e+01,1.336501819e-01
611,3.055000000e-02,2.452117786e-02,7.712811781e+01,6.257204538e+01,1.442167130e+01,1.344011317e-01
612,3.060000000e-02,2.459208863e-02,7.733325130e+01,6.268537423e+01,1.451272140e+01,1.351556717e-01
613,3.065000000e-02,2.466312558e-02,7.753842061e+01,6.279831803e+01,1.460418884e+01,1.359137374e-01
614,3.070000000e-02,2.473430140e-02,7.774362442e+01,6.291090349e+01,1.469604529e+01,1.366756384e-01
615,3.075000000e-02,2.480560372e-02,7.794886140e+01,6.302316108e+01,1.478825958e+01,1.374407427e-01
616,3.080000000e-02,2.487702082e-02,7.815413034e+01,6.313513707e+01,1.488078489e+01,1.382083851e-01
617,3.085000000e-02,2.494853505e-02,7.835943013e+01,6.324683337e+01,1.497361885e+01,1.389779208e-01
618,3.090000000e-02,2.502014778e-02,7.856475977e+01,6.335816239e+01,1.506684785e+01,1.397495318e-01
619,3.095000000e-02,2.509189398e-02,7.877011810e+01,6.346909195e+01,1.516050104e+01,1.405251137e-01
620,3.100000000e-02,2.516378141e-02,7.897550380e+01,6.357962191e+01,1.525457678e+01,1.413051115e-01
621,3.105000000e-02,2.523580770e-02,7.918091547e+01,6.368976282e+01,1.534906334e+01,1.420893095e-01
622,3.110000000e-02,2.530796725e-02,7.938635176e+01,6.379956138e+01,1.544391289e+01,1.428774870e-01
623,3.115000000e-02,2.538024174e-02,7.959181141e+01,6.390906273e+01,1.553907963e+01,1.436690520e-01
624,3.120000000e-02,2.545261470e-02,7.979729333e+01,6.401825357e+01,1.563457625e+01,1.444635144e-01
625,3.125000000e-02,2.552509287e-02,8.000279645e+01,6.412709838e+01,1.573043685e+01,1.452612276e-01
626,3.130000000e-02,2.559769069e-02,8.020831967e+01,6.423552697e+01,1.582673006e+01,1.460626457e-01
627,3.135000000e-02,2.567043447e-02,8.041386170e+01,6.434353990e+01,1.592345231e+01,1.468694885e-01
628,3.140000000e-02,2.574331917e-02,8.061942113e+01,6.445115449e+01,1.602058440e+01,1.476822508e-01
629,3.145000000e-02,2.581633622e-02,8.082499662e+01,6.455834875e+01,1.611814696e+01,1.485009083e-01
630,3.150000000e-02,2.588949397e-02,8.103058680e+01,6.466509414e+01,1.621616616e+01,1.493264968e-01
631,3.155000000e-02,2.596280166e-02,8.123619025e+01,6.477137358e+01,1.631465689e+01,1.501597799e-01
632,3.160000000e-02,2.603626389e-02,8.144180547e+01,6.487718247e+01,1.641362143e+01,1.510015602e-01
633,3.165000000e-02,2.610988022e-02,8.164743093e+01,6.498255465e+01,1.651302405e+01,1.518522332e-01
634,3.170000000e-02,2.618363628e-02,8.185306516e+01,6.508753372e+01,1.661281956e+01,1.527118700e-01
635,3.175000000e-02,2.625751475e-02,8.205870682e+01,6.519207524e+01,1.671305094e+01,1.535806326e-01
636,3.180000000e-02,2.633152641e-02,8.226435457e+01,6.529607829e+01,1.681381767e+01,1.544586174e-01
637,3.185000000e-02,2.640570449e-02,8.247000687e+01,6.539943236e+01,1.691522803e+01,1.553464883e-01
638,3.190000000e-02,2.648008683e-02,8.267566182e+01,6.550207077e+01,1.701734608e+01,1.562449668e-01
639,3.195000000e-02,2.655469572e-02,8.288131727e+01,6.560398723e+01,1.712017531e+01,1.571547362e-01
640,3.200000000e-02,2.662953028e-02,8.308697097e+01,6.570516649e+01,1.722372894e+01,1.580755336e-01
641,3.205000000e-02,2.670459571e-02,8.329262062e+01,6.580561050e+01,1.732800275e+01,1.590073773e-01
642,3.210000000e-02,2.677988679e-02,8.349826396e+01,6.590532843e+01,1.743298612e+01,1.599494061e-01
643,3.215000000e-02,2.685540005e-02,8.370389871e+01,6.600428534e+01,1.753871223e+01,1.609011326e-01
644,3.220000000e-02,2.693115060e-02,8.390952258e+01,6.610242166e+01,1.764523756e+01,1.618633619e-01
645,3.225000000e-02,2.700715833e-02,8.411513314e+01,6.619977279e+01,1.775252381e+01,1.628365348e-01
646,3.230000000e-02,2.708340583e-02,8.432072795e+01,6.629637992e+01,1.786052821e+01,1.638198279e-01
647,3.235000000e-02,2.715987808e-02,8.452630468e+01,6.639224341e+01,1.796924882e+01,1.648124455e-01
648,3.240000000e-02,2.723657515e-02,8.473186107e+01,6.648732627e+01,1.807872074e+01,1.658140639e-01
649,3.245000000e-02,2.731351151e-02,8.493739485e+01,6.658165845e+01,1.818891099e+01,1.668254005e-01
650,3.250000000e-02,2.739067217e-02,8.514290370e+01,6.667526209e+01,1.829979583e+01,1.678457846e-01
651,3.255000000e-02,2.746804882e-02,8.534838544e+01,6.676817271e+01,1.841133813e+01,1.688745912e-01
652,3.260000000e-02,2.754562820e-02,8.555383795e+01,6.686044474e+01,1.852348188e+01,1.699113244e-01
653,3.265000000e-02,2.762338979e-02,8.575925928e+01,6.695211266e+01,1.863619156e+01,1.709550573e-01
654,3.270000000e-02,2.770132069e-02,8.596464763e+01,6.704317586e+01,1.874946689e+01,1.720048756e-01
655,3.275000000e-02,2.777942377e-02,8.617000123e+01,6.713359732e+01,1.886334303e+01,1.730608792e-01
656,3.280000000e-02,2.785771286e-02,8.637531829e+01,6.722332756e+01,1.897786741e+01,1.741233154e-01
657,3.285000000e-02,2.793620679e-02,8.658059689e+01,6.731235882e+01,1.909304513e+01,1.751929368e-01
658,3.290000000e-02,2.801490426e-02,8.678583501e+01,6.740073133e+01,1.920883404e+01,1.762696453e-01
659,3.295000000e-02,2.809378812e-02,8.699103072e+01,6.748842416e+01,1.932525404e+01,1.773525311e-01
660,3.300000000e-02,2.817286827e-02,8.719618211e+01,6.757541628e+01,1.944232346e+01,1.784423746e-01
661,3.305000000e-02,2.825215024e-02,8.740128722e+01,6.766171904e+01,1.956002872e+01,1.795394582e-01
662,3.310000000e-02,2.833162776e-02,8.760634407e+01,6.774730209e+01,1.967839876e+01,1.806432249e-01
663,3.315000000e-02,2.841131169e-02,8.781135069e+01,6.783214944e+01,1.979744790e+01,1.817533480e-01
664,3.320000000e-02,2.849120708e-02,8.801630502e+01,6.791626423e+01,1.991717037e+01,1.828704225e-01
665,3.325000000e-02,2.857131072e-02,8.822120501e+01,6.799969962e+01,2.003751148e+01,1.839939022e-01
666,3.330000000e-02,2.865160150e-02,8.842604869e+01,6.808244040e+01,2.015848537e+01,1.851229078e-01
667,3.335000000e-02,2.873208757e-02,8.863083416e+01,6.816449491e+01,2.028008150e+01,1.862577509e-01
668,3.340000000e-02,2.881276463e-02,8.883555953e+01,6.824589620e+01,2.040226509e+01,1.873982460e-01
669,3.345000000e-02,2.889361894e-02,8.904022298e+01,6.832666439e+01,2.052501518e+01,1.885434062e-01
670,3.350000000e-02,2.897464478e-02,8.924482274e+01,6.840677088e+01,2.064835866e+01,1.896932019e-01
671,3.355000000e-02,2.905585356e-02,8.944935709e+01,6.848623328e+01,2.077227525e+01,1.908485601e-01
672,3.360000000e-02,2.913723402e-02,8.965382427e+01,6.856505789e+01,2.089675782e+01,1.920085555e-01
673,3.365000000e-02,2.921878443e-02,8.985822256e+01,6.864324829e+01,2.102180184e+01,1.931724325e-01
674,3.370000000e-02,2.930050517e-02,9.006255028e+01,6.872083847e+01,2.114737189e+01,1.943399123e-01
675,3.375000000e-02,2.938238374e-02,9.026680580e+01,6.879782092e+01,2.127347456e+01,1.955103174e-01
676,3.380000000e-02,2.946442638e-02,9.047098755e+01,6.887420486e+01,2.140009834e+01,1.966843483e-01
677,3.385000000e-02,2.954662678e-02,9.067509395e+01,6.894999449e+01,2.152723733e+01,1.978621246e-01
678,3.390000000e-02,2.962898216e-02,9.087912346e+01,6.902514724e+01,2.165493289e+01,1.990433299e-01
679,3.395000000e-02,2.971150902e-02,9.108307450e+01,6.909963045e+01,2.178321515e+01,2.002288871e-01
680,3.400000000e-02,2.979421776e-02,9.128694535e+01,6.917341137e+01,2.191211507e+01,2.014189054e-01
681,3.405000000e-02,2.987711797e-02,9.149073424e+01,6.924652853e+01,2.204159272e+01,2.026129929e-01
682,3.410000000e-02,2.996019318e-02,9.169443939e+01,6.931903391e+01,2.217159509e+01,2.038103890e-01
683,3.415000000e-02,3.004342574e-02,9.189805919e+01,6.939099205e+01,2.230205680e+01,2.050103379e-01
684,3.420000000e-02,3.012679197e-02,9.210159218e+01,6.946240384e+01,2.243297646e+01,2.062118782e-01
685,3.425000000e-02,3.021029445e-02,9.230503702e+01,6.953322489e+01,2.256439674e+01,2.074153905e-01
686,3.430000000e-02,3.029395003e-02,9.250839229e+01,6.960340271e+01,2.269636800e+01,2.086215783e-01
687,3.435000000e-02,3.037777569e-02,9.271165646e+01,6.967291583e+01,2.282890946e+01,2.098311743e-01
688,3.440000000e-02,3.046177502e-02,9.291482789e+01,6.974179884e+01,2.296198501e+01,2.110440362e-01
689,3.445000000e-02,3.054593184e-02,9.311790495e+01,6.981006389e+01,2.309558210e+01,2.122589634e-01
690,3.450000000e-02,3.063024367e-02,9.332088612e+01,6.987773193e+01,2.322967866e+01,2.134755289e-01
691,3.455000000e-02,3.071470391e-02,9.352376990e+01,6.994482818e+01,2.336424875e+01,2.146929736e-01
692,3.460000000e-02,3.079930493e-02,9.372655489e+01,7.001140783e+01,2.349923642e+01,2.159106418e-01
693,3.465000000e-02,3.088402745e-02,9.392923979e+01,7.007751894e+01,2.363459314e+01,2.171277191e-01
694,3.470000000e-02,3.096885662e-02,9.413182348e+01,7.014315608e+01,2.377032390e+01,2.183435059e-01
695,3.475000000e-02,3.105379777e-02,9.433430489e+01,7.020828640e+01,2.390646022e+01,2.195582628e-01
696,3.480000000e-02,3.113886432e-02,9.453668289e+01,7.027292154e+01,2.404298838e+01,2.207729703e-01
697,3.485000000e-02,3.122404859e-02,9.473895633e+01,7.033704634e+01,2.417992262e+01,2.219873772e-01
698,3.490000000e-02,3.130935641e-02,9.494112409e+01,7.040058527e+01,2.431733691e+01,2.232019110e-01
699,3.495000000e-02,3.139481686e-02,9.514318487e+01,7.046354310e+01,2.445522466e+01,2.244171099e-01
700,3.500000000e-02,3.148042223e-02,9.534513732e+01,7.052597189e+01,2.459353279e+01,2.256326419e-01
701,3.505000000e-02,3.156615332e-02,9.554698015e+01,7.058794678e+01,2.473218561e+01,2.268477605e-01
702,3.510000000e-02,3.165198334e-02,9.574871229e+01,7.064952886e+01,2.487112192e+01,2.280615056e-01
703,3.515000000e-02,3.173789341e-02,9.595033283e+01,7.071074354e+01,2.501031616e+01,2.292731373e-01
704,3.520000000e-02,3.182387776e-02,9.615184102e+01,7.077158360e+01,2.514977496e+01,2.304824564e-01
705,3.525000000e-02,3.190994109e-02,9.635323611e+01,7.083199419e+01,2.528955179e+01,2.316901222e-01
706,3.530000000e-02,3.199610565e-02,9.655451728e+01,7.089190805e+01,2.542971126e+01,2.328979712e-01
707,3.535000000e-02,3.208239215e-02,9.675568354e+01,7.095133948e+01,2.557023664e+01,2.341074126e-01
708,3.540000000e-02,3.216878764e-02,9.695673382e+01,7.101028569e+01,2.571113042e+01,2.353177034e-01
709,3.545000000e-02,3.225529433e-02,9.715766708e+01,7.106874008e+01,2.585239832e+01,2.365286805e-01
710,3.550000000e-02,3.234191513e-02,9.735848228e+01,7.112671708e+01,2.599402444e+01,2.377407633e-01
711,3.555000000e-02,3.242864332e-02,9.755917837e+01,7.118424489e+01,2.613597975e+01,2.389537319e-01
712,3.560000000e-02,3.251546776e-02,9.775975439e+01,7.124135610e+01,2.627823124e+01,2.401670470e-01
713,3.565000000e-02,3.260237800e-02,9.796020946e+01,7.129808531e+01,2.642074378e+01,2.413803611e-01
714,3.570000000e-02,3.268936215e-02,9.816054279e+01,7.135448661e+01,2.656346292e+01,2.425932645e-01
715,3.575000000e-02,3.277640235e-02,9.836075374e+01,7.141059234e+01,2.670635617e+01,2.438052242e-01
716,3.580000000e-02,3.286348991e-02,9.856084177e+01,7.146631735e+01,2.684950821e+01,2.450162093e-01
717,3.585000000e-02,3.295066248e-02,9.876080628e+01,7.152156592e+01,2.699301172e+01,2.462286380e-01
718,3.590000000e-02,3.303794831e-02,9.896064640e+01,7.157627420e+01,2.713692837e+01,2.474438320e-01
719,3.595000000e-02,3.312536339e-02,9.916036108e+01,7.163044229e+01,2.728125557e+01,2.486632126e-01
720,3.600000000e-02,3.321290099e-02,9.935994913e+01,7.168409474e+01,2.742596780e+01,2.498865930e-01
721,3.605000000e-02,3.330055137e-02,9.955940946e+01,7.173722434e+01,2.757107136e+01,2.511137599e-01
722,3.610000000e-02,3.338831812e-02,9.975874097e+01,7.178977378e+01,2.771662185e+01,2.523453428e-01
723,3.615000000e-02,3.347622011e-02,9.995794249e+01,7.184174654e+01,2.786261355e+01,2.535823955e-01
724,3.620000000e-02,3.356425030e-02,1.001570128e+02,7.189318034e+01,2.800900779e+01,2.548246316e-01
725,3.625000000e-02,3.365239347e-02,1.003559506e+02,7.194409994e+01,2.815577923e+01,2.560714568e-01
726,3.630000000e-02,3.374064354e-02,1.005547550e+02,7.199445979e+01,2.830297243e+01,2.573227607e-01
727,3.635000000e-02,3.382902199e-02,1.007534247e+02,7.204418093e+01,2.845066306e+01,2.585807158e-01
728,3.640000000e-02,3.391755307e-02,1.009519585e+02,7.209324813e+01,2.859886357e+01,2.598468346e-01
729,3.645000000e-02,3.400623420e-02,1.011503550e+02,7.214164074e+01,2.874759321e+01,2.611210747e-01
730,3.650000000e-02,3.409506884e-02,1.013486128e+02,7.218935327e+01,2.889685587e+01,2.624036355e-01
731,3.655000000e-02,3.418405199e-02,1.015467303e+02,7.223641035e+01,2.904662588e+01,2.636940425e-01
732,3.660000000e-02,3.427317413e-02,1.017447061e+02,7.228283772e+01,2.919687658e+01,2.649917720e-01
733,3.665000000e-02,3.436242736e-02,1.019425388e+02,7.232864586e+01,2.934759649e+01,2.662964726e-01
734,3.670000000e-02,3.445180856e-02,1.021402272e+02,7.237380533e+01,2.949881385e+01,2.676080264e-01
735,3.675000000e-02,3.454132873e-02,1.023377699e+02,7.241826479e+01,2.965057824e+01,2.689268449e-01
736,3.680000000e-02,3.463100544e-02,1.025351654e+02,7.246197028e+01,2.980294175e+01,2.702533535e-01
737,3.685000000e-02,3.472085474e-02,1.027324122e+02,7.250486971e+01,2.995595479e+01,2.715876637e-01
738,3.690000000e-02,3.481089413e-02,1.029295085e+02,7.254692465e+01,3.010965297e+01,2.729308750e-01
739,3.695000000e-02,3.490113411e-02,1.031264525e+02,7.258809438e+01,3.026407407e+01,2.742840922e-01
740,3.700000000e-02,3.499158379e-02,1.033232424e+02,7.262829425e+01,3.041930034e+01,2.756477757e-01
741,3.705000000e-02,3.508227301e-02,1.035198759e+02,7.266749088e+01,3.057536150e+01,2.770234927e-01
742,3.710000000e-02,3.517320464e-02,1.037163508e+02,7.270572815e+01,3.073221184e+01,2.784108299e-01
743,3.715000000e-02,3.526435827e-02,1.039126650e+02,7.274306309e+01,3.088979327e+01,2.798086213e-01
744,3.720000000e-02,3.535571390e-02,1.041088163e+02,7.277952151e+01,3.104807914e+01,2.812156287e-01
745,3.725000000e-02,3.544726740e-02,1.043048028e+02,7.281513235e+01,3.120703865e+01,2.826317597e-01
746,3.730000000e-02,3.553900666e-02,1.045006226e+02,7.284987452e+01,3.136669191e+01,2.840561319e-01
747,3.735000000e-02,3.563094417e-02,1.046962738e+02,7.288370517e+01,3.152707933e+01,2.854893199e-01
748,3.740000000e-02,3.572309476e-02,1.048917546e+02,7.291662362e+01,3.168819860e+01,2.869323679e-01
749,3.745000000e-02,3.581545197e-02,1.050870629e+02,7.294867292e+01,3.185000525e+01,2.883847306e-01
750,3.750000000e-02,3.590799763e-02,1.052821968e+02,7.297991352e+01,3.201243806e+01,2.898452367e-01
751,3.755000000e-02,3.600071233e-02,1.054771546e+02,7.301039188e+01,3.217544993e+01,2.913127676e-01
752,3.760000000e-02,3.609358231e-02,1.056719345e+02,7.304015164e+01,3.233899646e+01,2.927864381e-01
753,3.765000000e-02,3.618659428e-02,1.058665352e+02,7.306915868e+01,3.250311123e+01,2.942653080e-01
754,3.770000000e-02,3.627976790e-02,1.060609551e+02,7.309739079e+01,3.266781379e+01,2.957505761e-01
755,3.775000000e-02,3.637310786e-02,1.062551928e+02,7.312484145e+01,3.283310937e+01,2.972419343e-01
756,3.780000000e-02,3.646661604e-02,1.064492465e+02,7.315148854e+01,3.299901889e+01,2.987390408e-01
757,3.785000000e-02,3.656030002e-02,1.066431147e+02,7.317729639e+01,3.316557589e+01,3.002424053e-01
758,3.790000000e-02,3.665417195e-02,1.068367957e+02,7.320222605e+01,3.333281643e+01,3.017532057e-01
759,3.795000000e-02,3.674824102e-02,1.070302877e+02,7.322619910e+01,3.350081683e+01,3.032718043e-01
760,3.800000000e-02,3.684253627e-02,1.072235889e+02,7.324918568e+01,3.366960287e+01,3.048003251e-01
761,3.805000000e-02,3.693705819e-02,1.074166971e+02,7.327123880e+01,3.383911994e+01,3.063383256e-01
762,3.810000000e-02,3.703178270e-02,1.076096103e+02,7.329240676e+01,3.400931919e+01,3.078843246e-01
763,3.815000000e-02,3.712669591e-02,1.078023266e+02,7.331272157e+01,3.418016771e+01,3.094373643e-01
764,3.820000000e-02,3.722178927e-02,1.079948444e+02,7.333216809e+01,3.435167910e+01,3.109971994e-01
765,3.825000000e-02,3.731707131e-02,1.081871618e+02,7.335068312e+01,3.452391424e+01,3.125644096e-01
766,3.830000000e-02,3.741256262e-02,1.083792770e+02,7.336828726e+01,3.469684999e+01,3.141397412e-01
767,3.835000000e-02,3.750824808e-02,1.085711881e+02,7.338502799e+01,3.487043816e+01,3.157219780e-01
768,3.840000000e-02,3.760411292e-02,1.087628934e+02,7.340097597e+01,3.504460717e+01,3.173102861e-01
769,3.845000000e-02,3.770013331e-02,1.089543912e+02,7.341620049e+01,3.521928727e+01,3.189034826e-01
770,3.850000000e-02,3.779628886e-02,1.091456802e+02,7.343075696e+01,3.539442276e+01,3.205004485e-01
771,3.855000000e-02,3.789256474e-02,1.093367589e+02,7.344468401e+01,3.556997459e+01,3.221003229e-01
772,3.860000000e-02,3.798894955e-02,1.095276264e+02,7.345798934e+01,3.574593484e+01,3.237021907e-01
773,3.865000000e-02,3.808544558e-02,1.097182814e+02,7.347064234e+01,3.592233287e+01,3.253062345e-01
774,3.870000000e-02,3.818206647e-02,1.099087230e+02,7.348260084e+01,3.609920900e+01,3.269131899e-01
775,3.875000000e-02,3.827882656e-02,1.100989500e+02,7.349383729e+01,3.627658956e+01,3.285231083e-01
776,3.880000000e-02,3.837573208e-02,1.102889609e+02,7.350430896e+01,3.645451583e+01,3.301361343e-01
777,3.885000000e-02,3.847280102e-02,1.104787546e+02,7.351397960e+01,3.663302112e+01,3.317538719e-01
778,3.890000000e-02,3.857003973e-02,1.106683295e+02,7.352280784e+01,3.681214466e+01,3.333769674e-01
779,3.895000000e-02,3.866745889e-02,1.108576840e+02,7.353078125e+01,3.699189672e+01,3.350060496e-01
780,3.900000000e-02,3.876505744e-02,1.110468166e+02,7.353789483e+01,3.717228132e+01,3.366404845e-01
781,3.905000000e-02,3.886283825e-02,1.112357257e+02,7.354418284e+01,3.735326217e+01,3.382806485e-01
782,3.910000000e-02,3.896078502e-02,1.114244095e+02,7.354967303e+01,3.753481112e+01,3.399253771e-01
783,3.915000000e-02,3.905889192e-02,1.116128667e+02,7.355437298e+01,3.771691888e+01,3.415748665e-01
784,3.920000000e-02,3.915715793e-02,1.118010958e+02,7.355826030e+01,3.789960651e+01,3.432290019e-01
785,3.925000000e-02,3.925559202e-02,1.119890953e+02,7.356134996e+01,3.808285719e+01,3.448881511e-01
786,3.930000000e-02,3.935418105e-02,1.121768638e+02,7.356368954e+01,3.826662297e+01,3.465512393e-01
787,3.935000000e-02,3.945291018e-02,1.123643998e+02,7.356534114e+01,3.845084131e+01,3.482173145e-01
788,3.940000000e-02,3.955175987e-02,1.125517021e+02,7.356638127e+01,3.863543558e+01,3.498852519e-01
789,3.945000000e-02,3.965070762e-02,1.127387697e+02,7.356686537e+01,3.882035049e+01,3.515538592e-01
790,3.950000000e-02,3.974973913e-02,1.129256017e+02,7.356685166e+01,3.900552782e+01,3.532222399e-01
791,3.955000000e-02,3.984883841e-02,1.131121974e+02,7.356635334e+01,3.919095460e+01,3.548894423e-01
792,3.960000000e-02,3.994800706e-02,1.132985561e+02,7.356526446e+01,3.937673573e+01,3.565558618e-01
793,3.965000000e-02,4.004728906e-02,1.134846770e+02,7.356346095e+01,3.956299153e+01,3.582244839e-01
794,3.970000000e-02,4.014671866e-02,1.136705591e+02,7.356090220e+01,3.974976039e+01,3.598964746e-01
795,3.975000000e-02,4.024629823e-02,1.138562011e+02,7.355761098e+01,3.993701889e+01,3.615712335e-01
796,3.980000000e-02,4.034601842e-02,1.140416018e+02,7.355360972e+01,4.012474401e+01,3.632480915e-01
797,3.985000000e-02,4.044587299e-02,1.142267600e+02,7.354890158e+01,4.031293118e+01,3.649272255e-01
798,3.990000000e-02,4.054586245e-02,1.144116745e+02,7.354347706e+01,4.050158821e+01,3.666091791e-01
799,3.995000000e-02,4.064599096e-02,1.145963440e+02,7.353734445e+01,4.069070540e+01,3.682941804e-01
800,4.000000000e-02,4.074624888e-02,1.147807675e+02,7.353049625e+01,4.088028991e+01,3.699813918e-01
801,4.005000000e-02,4.084664333e-02,1.149649438e+02,7.352293576e+01,4.107033689e+01,3.716711939e-01
802,4.010000000e-02,4.094717219e-02,1.151488717e+02,7.351467686e+01,4.126083108e+01,3.733638080e-01
803,4.015000000e-02,4.104782982e-02,1.153325501e+02,7.350574759e+01,4.145174342e+01,3.750591114e-01
804,4.020000000e-02,4.114860587e-02,1.155159779e+02,7.349611847e+01,4.164310330e+01,3.767561141e-01
805,4.025000000e-02,4.124951599e-02,1.156991539e+02,7.348581271e+01,4.183488552e+01,3.784556916e-01
806,4.030000000e-02,4.135054530e-02,1.158820772e+02,7.347485984e+01,4.202706025e+01,3.801571113e-01
807,4.035000000e-02,4.145168325e-02,1.160647467e+02,7.346332057e+01,4.221956654e+01,3.818595559e-01
808,4.040000000e-02,4.155290917e-02,1.162471614e+02,7.345125342e+01,4.241234628e+01,3.835617260e-01
809,4.045000000e-02,4.165420742e-02,1.164293208e+02,7.343872573e+01,4.260533249e+01,3.852625320e-01
810,4.050000000e-02,4.175555960e-02,1.166112240e+02,7.342577075e+01,4.279849236e+01,3.869609229e-01
811,4.055000000e-02,4.185696218e-02,1.167928708e+02,7.341232602e+01,4.299188782e+01,3.886569745e-01
812,4.060000000e-02,4.195844439e-02,1.169742606e+02,7.339836944e+01,4.318553795e+01,3.903532013e-01
813,4.065000000e-02,4.206000349e-02,1.171553928e+02,7.338383370e+01,4.337951003e+01,3.920490294e-01
814,4.070000000e-02,4.216166562e-02,1.173362666e+02,7.336866579e+01,4.357385576e+01,3.937450696e-01
815,4.075000000e-02,4.226344224e-02,1.175168813e+02,7.335288849e+01,4.376855109e+01,3.954417263e-01
816,4.080000000e-02,4.236532180e-02,1.176972359e+02,7.333657234e+01,4.396352522e+01,3.971383753e-01
817,4.085000000e-02,4.246727881e-02,1.178773297e+02,7.331972357e+01,4.415877226e+01,3.988338913e-01
818,4.090000000e-02,4.256932018e-02,1.180571620e+02,7.330227883e+01,4.435435411e+01,4.005290696e-01
819,4.095000000e-02,4.267147050e-02,1.182367321e+02,7.328423749e+01,4.455026916e+01,4.022254083e-01
820,4.100000000e-02,4.277372003e-02,1.184160390e+02,7.326559364e+01,4.474652323e+01,4.039221555e-01
821,4.105000000e-02,4.287607348e-02,1.185950821e+02,7.324632319e+01,4.494313913e+01,4.056197982e-01
822,4.110000000e-02,4.297853791e-02,1.187738605e+02,7.322641276e+01,4.514012903e+01,4.073186725e-01
823,4.115000000e-02,4.308111587e-02,1.189523732e+02,7.320588573e+01,4.533746831e+01,4.090191156e-01
824,4.120000000e-02,4.318379516e-02,1.191306193e+02,7.318475434e+01,4.553514505e+01,4.107199367e-01
825,4.125000000e-02,4.328657564e-02,1.193085981e+02,7.316302322e+01,4.573315396e+01,4.124209587e-01
826,4.130000000e-02,4.338945664e-02,1.194863088e+02,7.314072634e+01,4.593146002e+01,4.141224163e-01
827,4.135000000e-02,4.349242375e-02,1.196637505e+02,7.311793519e+01,4.612999173e+01,4.158235563e-01
828,4.140000000e-02,4.359545282e-02,1.198409226e+02,7.309469924e+01,4.632870026e+01,4.175231228e-01
829,4.145000000e-02,4.369853027e-02,1.200178247e+02,7.307108326e+01,4.652752139e+01,4.192200535e-01
830,4.150000000e-02,4.380163847e-02,1.201944564e+02,7.304709853e+01,4.672644458e+01,4.209132955e-01
831,4.155000000e-02,4.390478404e-02,1.203708175e+02,7.302269169e+01,4.692552207e+01,4.226037051e-01
832,4.160000000e-02,4.400798768e-02,1.205469076e+02,7.299784516e+01,4.712476941e+01,4.242930081e-01
833,4.165000000e-02,4.411124614e-02,1.207227264e+02,7.297253637e+01,4.732420945e+01,4.259805410e-01
834,4.170000000e-02,4.421457181e-02,1.208982734e+02,7.294672362e+01,4.752388357e+01,4.276661828e-01
835,4.175000000e-02,4.431797702e-02,1.210735481e+02,7.292039411e+01,4.772380323e+01,4.293507919e-01
836,4.180000000e-02,4.442146173e-02,1.212485500e+02,7.289358890e+01,4.792392699e+01,4.310341492e-01
837,4.185000000e-02,4.452500771e-02,1.214232786e+02,7.286637031e+01,4.812419295e+01,4.327153055e-01
838,4.190000000e-02,4.462859633e-02,1.215977333e+02,7.283867423e+01,4.832466569e+01,4.343933979e-01
839,4.195000000e-02,4.473226466e-02,1.217719139e+02,7.281047205e+01,4.852537116e+01,4.360706573e-01
840,4.200000000e-02,4.483601099e-02,1.219458197e+02,7.278175875e+01,4.872631378e+01,4.377471771e-01
841,4.205000000e-02,4.493983574e-02,1.221194503e+02,7.275255431e+01,4.892747321e+01,4.394227380e-01
842,4.210000000e-02,4.504373225e-02,1.222928050e+02,7.272282850e+01,4.912887908e+01,4.410974308e-01
843,4.215000000e-02,4.514771392e-02,1.224658834e+02,7.269256278e+01,4.933054833e+01,4.427722758e-01
844,4.220000000e-02,4.525178011e-02,1.226386848e+02,7.266178360e+01,4.953245416e+01,4.444470377e-01
845,4.225000000e-02,4.535591855e-02,1.228112086e+02,7.263050733e+01,4.973458070e+01,4.461206221e-01
846,4.230000000e-02,4.546012855e-02,1.229834544e+02,7.259872544e+01,4.993693604e+01,4.477929264e-01
847,4.235000000e-02,4.556441545e-02,1.231554215e+02,7.256648074e+01,5.013947630e+01,4.494644837e-01
848,4.240000000e-02,4.566875823e-02,1.233271095e+02,7.253385197e+01,5.034212336e+01,4.511342087e-01
849,4.245000000e-02,4.577313287e-02,1.234985181e+02,7.250088943e+01,5.054482780e+01,4.528008647e-01
850,4.250000000e-02,4.587752764e-02,1.236696470e+02,7.246764372e+01,5.074753974e+01,4.544635582e-01
851,4.255000000e-02,4.598192889e-02,1.238404962e+02,7.243409897e+01,5.095027588e+01,4.561213864e-01
852,4.260000000e-02,4.608635300e-02,1.240110657e+02,7.240019658e+01,5.115309336e+01,4.577757903e-01
853,4.265000000e-02,4.619081791e-02,1.241813554e+02,7.236591712e+01,5.135601019e+01,4.594280599e-01
854,4.270000000e-02,4.629532278e-02,1.243513650e+02,7.233124838e+01,5.155903906e+01,4.610775098e-01
855,4.275000000e-02,4.639987574e-02,1.245210942e+02,7.229616072e+01,5.176220952e+01,4.627240058e-01
856,4.280000000e-02,4.650448590e-02,1.246905429e+02,7.226065546e+01,5.196551913e+01,4.643683593e-01
857,4.285000000e-02,4.660914956e-02,1.248597107e+02,7.222476292e+01,5.216893746e+01,4.660103630e-01
858,4.290000000e-02,4.671385242e-02,1.250285973e+02,7.218854709e+01,5.237240110e+01,4.676491634e-01
859,4.295000000e-02,4.681857430e-02,1.251972026e+02,7.215196165e+01,5.257595710e+01,4.692838339e-01
860,4.300000000e-02,4.692334602e-02,1.253655263e+02,7.211496632e+01,5.277964390e+01,4.709160919e-01
861,4.305000000e-02,4.702817360e-02,1.255335683e+02,7.207756141e+01,5.298346018e+01,4.725466739e-01
862,4.310000000e-02,4.713305141e-02,1.257013281e+02,7.203975443e+01,5.318739873e+01,4.741749954e-01
863,4.315000000e-02,4.723798049e-02,1.258688057e+02,7.200154022e+01,5.339146388e+01,4.758015868e-01
864,4.320000000e-02,4.734296204e-02,1.260360006e+02,7.196289124e+01,5.359568277e+01,4.774265622e-01
865,4.325000000e-02,4.744800530e-02,1.262029125e+02,7.192379580e+01,5.380006591e+01,4.790507868e-01
866,4.330000000e-02,4.755310674e-02,1.263695411e+02,7.188427360e+01,5.400459412e+01,4.806733734e-01
867,4.335000000e-02,4.765825902e-02,1.265358860e+02,7.184431871e+01,5.420927373e+01,4.822935630e-01
868,4.340000000e-02,4.776347036e-02,1.267019469e+02,7.180394491e+01,5.441409018e+01,4.839118204e-01
869,4.345000000e-02,4.786873189e-02,1.268677235e+02,7.176321638e+01,5.461897919e+01,4.855278938e-01
870,4.350000000e-02,4.797402004e-02,1.270332154e+02,7.172220946e+01,5.482386540e+01,4.871405778e-01
871,4.355000000e-02,4.807931383e-02,1.271984228e+02,7.168097585e+01,5.502869817e+01,4.887487439e-01
872,4.360000000e-02,4.818460099e-02,1.273633455e+02,7.163955376e+01,5.523344026e+01,4.903514952e-01
873,4.365000000e-02,4.828987523e-02,1.275279839e+02,7.159790120e+01,5.543813423e+01,4.919484300e-01
874,4.370000000e-02,4.839516042e-02,1.276923380e+02,7.155596859e+01,5.564282797e+01,4.935414347e-01
875,4.375000000e-02,4.850046595e-02,1.278564080e+02,7.151373101e+01,5.584754584e+01,4.951310967e-01
876,4.380000000e-02,4.860579695e-02,1.280201937e+02,7.147118701e+01,5.605228995e+01,4.967167748e-01
877,4.385000000e-02,4.871115514e-02,1.281836953e+02,7.142830384e+01,5.625709298e+01,4.982984636e-01
878,4.390000000e-02,4.881655175e-02,1.283469125e+02,7.138509385e+01,5.646194191e+01,4.998767516e-01
879,4.395000000e-02,4.892197896e-02,1.285098453e+02,7.134160117e+01,5.666679291e+01,5.014512324e-01
880,4.400000000e-02,4.902741863e-02,1.286724936e+02,7.129788510e+01,5.687158759e+01,5.030209577e-01
881,4.405000000e-02,4.913285445e-02,1.288348576e+02,7.125389166e+01,5.707638095e+01,5.045849566e-01
882,4.410000000e-02,4.923831931e-02,1.289969372e+02,7.120956925e+01,5.728122319e+01,5.061447254e-01
883,4.415000000e-02,4.934382275e-02,1.291587324e+02,7.116492245e+01,5.748610889e+01,5.077010621e-01
884,4.420000000e-02,4.944935507e-02,1.293202432e+02,7.111996083e+01,5.769102933e+01,5.092530036e-01
885,4.425000000e-02,4.955491901e-02,1.294814694e+02,7.107469981e+01,5.789596868e+01,5.108008913e-01
886,4.430000000e-02,4.966050798e-02,1.296424110e+02,7.102913095e+01,5.810093566e+01,5.123443985e-01
887,4.435000000e-02,4.976612947e-02,1.298030680e+02,7.098324508e+01,5.830593871e+01,5.138842039e-01
888,4.440000000e-02,4.987178098e-02,1.299634403e+02,7.093706120e+01,5.851095919e+01,5.154198817e-01
889,4.445000000e-02,4.997745497e-02,1.301235278e+02,7.089059734e+01,5.871597994e+01,5.169505239e-01
890,4.450000000e-02,5.008314853e-02,1.302833306e+02,7.084384350e+01,5.892101133e+01,5.184757403e-01
891,4.455000000e-02,5.018886866e-02,1.304428486e+02,7.079683699e+01,5.912601561e+01,5.199959861e-01
892,4.460000000e-02,5.029459609e-02,1.306020819e+02,7.074965827e+01,5.933091335e+01,5.215102451e-01
893,4.465000000e-02,5.040030574e-02,1.307610306e+02,7.070237812e+01,5.953563529e+01,5.230171610e-01
894,4.470000000e-02,5.050598072e-02,1.309196951e+02,7.065506911e+01,5.974011033e+01,5.245156157e-01
895,4.475000000e-02,5.061160240e-02,1.310780758e+02,7.060777928e+01,5.994429195e+01,5.260045711e-01
896,4.480000000e-02,5.071716399e-02,1.312361734e+02,7.056046376e+01,6.014822599e+01,5.274836915e-01
897,4.485000000e-02,5.082269292e-02,1.313939886e+02,7.051307618e+01,6.035195719e+01,5.289552103e-01
898,4.490000000e-02,5.092819377e-02,1.315515218e+02,7.046558747e+01,6.055551499e+01,5.304192945e-01
899,4.495000000e-02,5.103367611e-02,1.317087734e+02,7.041799762e+01,6.075890041e+01,5.318753674e-01
900,4.500000000e-02,5.113913900e-02,1.318657439e+02,7.037027443e+01,6.096214613e+01,5.333233425e-01
901,4.505000000e-02,5.124459311e-02,1.320224336e+02,7.032242408e+01,6.116524591e+01,5.347636542e-01
902,4.510000000e-02,5.135003349e-02,1.321788430e+02,7.027449481e+01,6.136815235e+01,5.361958014e-01
903,4.515000000e-02,5.145544201e-02,1.323349722e+02,7.022655231e+01,6.157080105e+01,5.376188806e-01
904,4.520000000e-02,5.156079820e-02,1.324908220e+02,7.017859163e+01,6.177319861e+01,5.390317662e-01
905,4.525000000e-02,5.166611841e-02,1.326463928e+02,7.013055121e+01,6.197540662e+01,5.404349988e-01
906,4.530000000e-02,5.177142699e-02,1.328016852e+02,7.008242790e+01,6.217742720e+01,5.418301329e-01
907,4.535000000e-02,5.187671130e-02,1.329566997e+02,7.003425406e+01,6.237922917e+01,5.432164353e-01
908,4.540000000e-02,5.198196193e-02,1.331114366e+02,6.998605732e+01,6.258078617e+01,5.445930783e-01
909,4.545000000e-02,5.208717677e-02,1.332658965e+02,6.993784989e+01,6.278208612e+01,5.459604736e-01
910,4.550000000e-02,5.219235201e-02,1.334200800e+02,6.988962057e+01,6.298314100e+01,5.473184078e-01
911,4.555000000e-02,5.229749527e-02,1.335739876e+02,6.984136219e+01,6.318395785e+01,5.486676026e-01
912,4.560000000e-02,5.240260505e-02,1.337276200e+02,6.979310312e+01,6.338450916e+01,5.500077329e-01
913,4.565000000e-02,5.250766989e-02,1.338809777e+02,6.974486127e+01,6.358477838e+01,5.513380060e-01
914,4.570000000e-02,5.261269000e-02,1.340340612e+02,6.969664309e+01,6.378475971e+01,5.526584003e-01
915,4.575000000e-02,5.271766450e-02,1.341868713e+02,6.964848331e+01,6.398441881e+01,5.539691819e-01
916,4.580000000e-02,5.282257827e-02,1.343394086e+02,6.960044639e+01,6.418369240e+01,5.552698515e-01
917,4.585000000e-02,5.292741007e-02,1.344916740e+02,6.955259266e+01,6.438252191e+01,5.565594367e-01
918,4.590000000e-02,5.303214569e-02,1.346436683e+02,6.950498255e+01,6.458084864e+01,5.578371580e-01
919,4.595000000e-02,5.313676998e-02,1.347953927e+02,6.945767169e+01,6.477861866e+01,5.591023367e-01
920,4.600000000e-02,5.324126986e-02,1.349468482e+02,6.941066080e+01,6.497583312e+01,5.603543277e-01
921,4.605000000e-02,5.334565672e-02,1.350980362e+02,6.936388402e+01,6.517255799e+01,5.615942352e-01
922,4.610000000e-02,5.344995482e-02,1.352489578e+02,6.931728475e+01,6.536884921e+01,5.628238776e-01
923,4.615000000e-02,5.355417309e-02,1.353996141e+02,6.927083705e+01,6.556473365e+01,5.640433605e-01
924,4.620000000e-02,5.365831870e-02,1.355500058e+02,6.922454975e+01,6.576020366e+01,5.652524368e-01
925,4.625000000e-02,5.376238653e-02,1.357001341e+02,6.917839808e+01,6.595528478e+01,5.664512338e-01
926,4.630000000e-02,5.386638692e-02,1.358499997e+02,6.913238815e+01,6.614997126e+01,5.676402913e-01
927,4.635000000e-02,5.397031515e-02,1.359996035e+02,6.908655911e+01,6.634422501e+01,5.688194177e-01
928,4.640000000e-02,5.407415675e-02,1.361489465e+02,6.904096904e+01,6.653798931e+01,5.699881527e-01
929,4.645000000e-02,5.417789349e-02,1.362980296e+02,6.899562667e+01,6.673125712e+01,5.711458591e-01
930,4.650000000e-02,5.428153367e-02,1.364468540e+02,6.895048636e+01,6.692407489e+01,5.722927729e-01
931,4.655000000e-02,5.438509896e-02,1.365954207e+02,6.890551451e+01,6.711647581e+01,5.734303742e-01
932,4.660000000e-02,5.448859031e-02,1.367437306e+02,6.886070627e+01,6.730846517e+01,5.745591596e-01
933,4.665000000e-02,5.459200532e-02,1.368917846e+02,6.881610105e+01,6.750000488e+01,5.756787157e-01
934,4.670000000e-02,5.469533051e-02,1.370395838e+02,6.877171085e+01,6.769108444e+01,5.767884862e-01
935,4.675000000e-02,5.479857036e-02,1.371871290e+02,6.872752608e+01,6.788171365e+01,5.778892794e-01
936,4.680000000e-02,5.490172506e-02,1.373344213e+02,6.868354044e+01,6.807189979e+01,5.789810668e-01
937,4.685000000e-02,5.500479945e-02,1.374814617e+02,6.863970955e+01,6.826168766e+01,5.800644425e-01
938,4.690000000e-02,5.510780799e-02,1.376282510e+02,6.859602295e+01,6.845108787e+01,5.811401540e-01
939,4.695000000e-02,5.521074640e-02,1.377747901e+02,6.855249520e+01,6.864008700e+01,5.822078977e-01
940,4.700000000e-02,5.531361024e-02,1.379210799e+02,6.850913414e+01,6.882867828e+01,5.832674954e-01
941,4.705000000e-02,5.541639889e-02,1.380671213e+02,6.846595056e+01,6.901685158e+01,5.843191484e-01
942,4.710000000e-02,5.551910869e-02,1.382129151e+02,6.842296925e+01,6.920458290e+01,5.853629689e-01
943,4.715000000e-02,5.562172939e-02,1.383584623e+02,6.838022447e+01,6.939183910e+01,5.863987556e-01
944,4.720000000e-02,5.572425057e-02,1.385037639e+02,6.833775785e+01,6.957857999e+01,5.874260692e-01
945,4.725000000e-02,5.582666138e-02,1.386488209e+02,6.829561017e+01,6.976476621e+01,5.884445382e-01
946,4.730000000e-02,5.592895224e-02,1.387936345e+02,6.825382594e+01,6.995035481e+01,5.894537887e-01
947,4.735000000e-02,5.603111068e-02,1.389382060e+02,6.821242421e+01,7.013532824e+01,5.904535279e-01
948,4.740000000e-02,5.613313565e-02,1.390825366e+02,6.817136273e+01,7.031972985e+01,5.914439770e-01
949,4.745000000e-02,5.623504969e-02,1.392266275e+02,6.813054925e+01,7.050365144e+01,5.924268545e-01
950,4.750000000e-02,5.633688054e-02,1.393704800e+02,6.808991288e+01,7.068716377e+01,5.934034020e-01
951,4.755000000e-02,5.643864106e-02,1.395140950e+02,6.804945106e+01,7.087027012e+01,5.943738522e-01
952,4.760000000e-02,5.654032541e-02,1.396574734e+02,6.800917494e+01,7.105296047e+01,5.953379559e-01
953,4.765000000e-02,5.664193053e-02,1.398006159e+02,6.796905562e+01,7.123526435e+01,5.962959437e-01
954,4.770000000e-02,5.674346793e-02,1.399435236e+02,6.792908288e+01,7.141719227e+01,5.972484039e-01
955,4.775000000e-02,5.684493788e-02,1.400861971e+02,6.788927501e+01,7.159872669e+01,5.981953768e-01
956,4.780000000e-02,5.694633224e-02,1.402286373e+02,6.784966751e+01,7.177983313e+01,5.991366695e-01
957,4.785000000e-02,5.704763990e-02,1.403708451e+02,6.781028233e+01,7.196049084e+01,6.000719421e-01
958,4.790000000e-02,5.714885894e-02,1.405128214e+02,6.777110336e+01,7.214071690e+01,6.010011798e-01
959,4.795000000e-02,5.724999954e-02,1.406545672e+02,6.773207873e+01,7.232056327e+01,6.019252016e-01
960,4.800000000e-02,5.735107895e-02,1.407960833e+02,6.769315423e+01,7.250008406e+01,6.028449664e-01
961,4.805000000e-02,5.745210734e-02,1.409373704e+02,6.765430850e+01,7.267930092e+01,6.037609370e-01
962,4.810000000e-02,5.755308538e-02,1.410784292e+02,6.761556278e+01,7.285819355e+01,6.046728317e-01
963,4.815000000e-02,5.765400433e-02,1.412192603e+02,6.757694062e+01,7.303673947e+01,6.055802342e-01
964,4.820000000e-02,5.775486016e-02,1.413598646e+02,6.753844662e+01,7.321493481e+01,6.064831401e-01
965,4.825000000e-02,5.785565306e-02,1.415002426e+02,6.750007025e+01,7.339279034e+01,6.073820236e-01
966,4.830000000e-02,5.795638409e-02,1.416403952e+02,6.746176539e+01,7.357035289e+01,6.082769099e-01
967,4.835000000e-02,5.805707354e-02,1.417803230e+02,6.742348281e+01,7.374767158e+01,6.091685528e-01
968,4.840000000e-02,5.815773236e-02,1.419200265e+02,6.738520839e+01,7.392476049e+01,6.100575903e-01
969,4.845000000e-02,5.825835751e-02,1.420595062e+02,6.734695647e+01,7.410160594e+01,6.109438238e-01
970,4.850000000e-02,5.835894253e-02,1.421987627e+02,6.730872180e+01,7.427821394e+01,6.118270118e-01
971,4.855000000e-02,5.845949033e-02,1.423377965e+02,6.727051808e+01,7.445457129e+01,6.127071296e-01
972,4.860000000e-02,5.855999163e-02,1.424766080e+02,6.723233949e+01,7.463068477e+01,6.135837506e-01
973,4.865000000e-02,5.866045652e-02,1.426151978e+02,6.719418585e+01,7.480655480e+01,6.144571471e-01
974,4.870000000e-02,5.876088107e-02,1.427535664e+02,6.715609831e+01,7.498214104e+01,6.153270140e-01
975,4.875000000e-02,5.886125015e-02,1.428917143e+02,6.711812369e+01,7.515739773e+01,6.161928411e-01
976,4.880000000e-02,5.896155054e-02,1.430296421e+02,6.708030344e+01,7.533228454e+01,6.170541334e-01
977,4.885000000e-02,5.906177161e-02,1.431673507e+02,6.704267591e+01,7.550676430e+01,6.179104621e-01
978,4.890000000e-02,5.916190409e-02,1.433048407e+02,6.700524013e+01,7.568083911e+01,6.187614761e-01
979,4.895000000e-02,5.926195605e-02,1.434421131e+02,6.696795294e+01,7.585455258e+01,6.196075827e-01
980,4.900000000e-02,5.936194491e-02,1.435791686e+02,6.693074326e+01,7.602797599e+01,6.204493819e-01
981,4.905000000e-02,5.946189471e-02,1.437160080e+02,6.689355342e+01,7.620116667e+01,6.212878712e-01
982,4.910000000e-02,5.956181705e-02,1.438526316e+02,6.685637916e+01,7.637412878e+01,6.221237008e-01
983,4.915000000e-02,5.966170106e-02,1.439890401e+02,6.681924567e+01,7.654683802e+01,6.229564534e-01
984,4.920000000e-02,5.976154117e-02,1.441252340e+02,6.678215910e+01,7.671928912e+01,6.237857407e-01
985,4.925000000e-02,5.986133834e-02,1.442612136e+02,6.674509257e+01,7.689150912e+01,6.246119243e-01
986,4.930000000e-02,5.996110203e-02,1.443969796e+02,6.670803711e+01,7.706350731e+01,6.254352135e-01
987,4.935000000e-02,6.006083551e-02,1.445325324e+02,6.667100697e+01,7.723526989e+01,6.262555894e-01
988,4.940000000e-02,6.016053177e-02,1.446678726e+02,6.663403929e+01,7.740676043e+01,6.270728295e-01
989,4.945000000e-02,6.026017803e-02,1.448030005e+02,6.659714405e+01,7.757796976e+01,6.278866433e-01
990,4.950000000e-02,6.035977780e-02,1.449379167e+02,6.656032419e+01,7.774889536e+01,6.286971814e-01
991,4.955000000e-02,6.045933027e-02,1.450726220e+02,6.652355144e+01,7.791956602e+01,6.295044950e-01
992,4.960000000e-02,6.055885156e-02,1.452071167e+02,6.648680129e+01,7.809000593e+01,6.303094636e-01
993,4.965000000e-02,6.065834055e-02,1.453414014e+02,6.645006693e+01,7.826022224e+01,6.311122239e-01
994,4.970000000e-02,6.075779873e-02,1.454754766e+02,6.641335334e+01,7.843021019e+01,6.319130236e-01
995,4.975000000e-02,6.085722211e-02,1.456093426e+02,6.637669443e+01,7.859993652e+01,6.327116884e-01
996,4.980000000e-02,6.095659804e-02,1.457430001e+02,6.634013255e+01,7.876935963e+01,6.335079418e-01
997,4.985000000e-02,6.105591421e-02,1.458764496e+02,6.630366473e+01,7.893848327e+01,6.343015918e-01
998,4.990000000e-02,6.115518040e-02,1.460096917e+02,6.626726074e+01,7.910733732e+01,6.350935993e-01
999,4.995000000e-02,6.125440133e-02,1.461427269e+02,6.623089153e+01,7.927595107e+01,6.358842716e-01
1000,5.000000000e-02,6.135359027e-02,1.462755558e+02,6.619452765e+01,7.944435381e+01,6.366743138e-01
1001,5.005000000e-02,6.145275057e-02,1.464081788e+02,6.615812498e+01,7.961258963e+01,6.374642059e-01
1002,5.010000000e-02,6.155189828e-02,1.465405963e+02,6.612166029e+01,7.978068103e+01,6.382550309e-01
1003,5.015000000e-02,6.165102940e-02,1.466728087e+02,6.608512612e+01,7.994863574e+01,6.390468456e-01
1004,5.020000000e-02,6.175014171e-02,1.468048161e+02,6.604850280e+01,8.011647386e+01,6.398394874e-01
1005,5.025000000e-02,6.184924734e-02,1.469366189e+02,6.601179401e+01,8.028419162e+01,6.406333104e-01
1006,5.030000000e-02,6.194833861e-02,1.470682173e+02,6.597501548e+01,8.045177349e+01,6.414283364e-01
1007,5.035000000e-02,6.204741177e-02,1.471996115e+02,6.593813444e+01,8.061925239e+01,6.422246739e-01
1008,5.040000000e-02,6.214647614e-02,1.473308018e+02,6.590113833e+01,8.078664081e+01,6.430226274e-01
1009,5.045000000e-02,6.224553076e-02,1.474617883e+02,6.586402167e+01,8.095394460e+01,6.438220205e-01
1010,5.050000000e-02,6.234457364e-02,1.475925712e+02,6.582679943e+01,8.112114925e+01,6.446225590e-01
1011,5.055000000e-02,6.244359979e-02,1.477231508e+02,6.578949629e+01,8.128823057e+01,6.454239118e-01
1012,5.060000000e-02,6.254260282e-02,1.478535271e+02,6.575210648e+01,8.145519489e+01,6.462257731e-01
1013,5.065000000e-02,6.264159210e-02,1.479837006e+02,6.571459458e+01,8.162207758e+01,6.470284189e-01
1014,5.070000000e-02,6.274057891e-02,1.481136713e+02,6.567692455e+01,8.178891457e+01,6.478321416e-01
1015,5.075000000e-02,6.283957494e-02,1.482434393e+02,6.563906503e+01,8.195573699e+01,6.486373063e-01
1016,5.080000000e-02,6.293858757e-02,1.483730048e+02,6.560098572e+01,8.212257462e+01,6.494444832e-01
1017,5.085000000e-02,6.303762371e-02,1.485023677e+02,6.556267743e+01,8.228943628e+01,6.502540398e-01
1018,5.090000000e-02,6.313667863e-02,1.486315281e+02,6.552414777e+01,8.245631449e+01,6.510657975e-01
1019,5.095000000e-02,6.323575105e-02,1.487604857e+02,6.548539676e+01,8.262320951e+01,6.518794387e-01
1020,5.100000000e-02,6.333484198e-02,1.488892407e+02,6.544638888e+01,8.279015665e+01,6.526951344e-01
1021,5.105000000e-02,6.343396686e-02,1.490177929e+02,6.540709367e+01,8.295718599e+01,6.535132000e-01
1022,5.110000000e-02,6.353313439e-02,1.491461421e+02,6.536750282e+01,8.312430559e+01,6.543337336e-01
1023,5.115000000e-02,6.363234380e-02,1.492742884e+02,6.532765420e+01,8.329147754e+01,6.551566206e-01
1024,5.120000000e-02,6.373158052e-02,1.494022313e+02,6.528757283e+01,8.345867702e+01,6.559814903e-01
1025,5.125000000e-02,6.383084196e-02,1.495299710e+02,6.524728545e+01,8.362587726e+01,6.568083176e-01
1026,5.130000000e-02,6.393011732e-02,1.496575074e+02,6.520680892e+01,8.379306158e+01,6.576368813e-01
1027,5.135000000e-02,6.402940560e-02,1.497848404e+02,6.516609638e+01,8.396027682e+01,6.584672173e-01
1028,5.140000000e-02,6.412872458e-02,1.499119701e+02,6.512510440e+01,8.412756573e+01,6.592999806e-01
1029,5.145000000e-02,6.422807810e-02,1.500388963e+02,6.508376928e+01,8.429499198e+01,6.601350775e-01
1030,5.150000000e-02,6.432748499e-02,1.501656189e+02,6.504206436e+01,8.446258195e+01,6.609726246e-01
1031,5.155000000e-02,6.442694493e-02,1.502921376e+02,6.500001780e+01,8.463030769e+01,6.618120745e-01
1032,5.160000000e-02,6.452644646e-02,1.504184519e+02,6.495767986e+01,8.479811943e+01,6.626526525e-01
1033,5.165000000e-02,6.462597562e-02,1.505445619e+02,6.491505542e+01,8.496601287e+01,6.634935736e-01
1034,5.170000000e-02,6.472554328e-02,1.506704672e+02,6.487213917e+01,8.513399278e+01,6.643352067e-01
1035,5.175000000e-02,6.482514678e-02,1.507961677e+02,6.482894119e+01,8.530204911e+01,6.651773481e-01
1036,5.180000000e-02,6.492478618e-02,1.509216632e+02,6.478546794e+01,8.547017559e+01,6.660196695e-01
1037,5.185000000e-02,6.502446180e-02,1.510469537e+02,6.474168034e+01,8.563841108e+01,6.668622519e-01
1038,5.190000000e-02,6.512419027e-02,1.511720389e+02,6.469756412e+01,8.580676897e+01,6.677057705e-01
1039,5.195000000e-02,6.522396623e-02,1.512969186e+02,6.465314564e+01,8.597522301e+01,6.685499193e-01
1040,5.200000000e-02,6.532378033e-02,1.514215926e+02,6.460846502e+01,8.614373348e+01,6.693940699e-01
1041,5.205000000e-02,6.542362214e-02,1.515460607e+02,6.456354581e+01,8.631227720e+01,6.702377192e-01
1042,5.210000000e-02,6.552348850e-02,1.516703229e+02,6.451842158e+01,8.648082070e+01,6.710806733e-01
1043,5.215000000e-02,6.562336615e-02,1.517943792e+02,6.447312240e+01,8.664933442e+01,6.719223934e-01
1044,5.220000000e-02,6.572325228e-02,1.519182295e+02,6.442766517e+01,8.681780176e+01,6.727626153e-01
1045,5.225000000e-02,6.582314336e-02,1.520418740e+02,6.438207813e+01,8.698619464e+01,6.736012427e-01
1046,5.230000000e-02,6.592302791e-02,1.521653128e+02,6.433640476e+01,8.715447020e+01,6.744377940e-01
1047,5.235000000e-02,6.602289398e-02,1.522885459e+02,6.429068484e+01,8.732258934e+01,6.752717650e-01
1048,5.240000000e-02,6.612273174e-02,1.524115739e+02,6.424494982e+01,8.749052134e+01,6.761026988e-01
1049,5.245000000e-02,6.622253509e-02,1.525343968e+02,6.419918398e+01,8.765828259e+01,6.769302588e-01
1050,5.250000000e-02,6.632231942e-02,1.526570152e+02,6.415335472e+01,8.782590560e+01,6.777548708e-01
1051,5.255000000e-02,6.642209454e-02,1.527794293e+02,6.410741910e+01,8.799343329e+01,6.785768620e-01
1052,5.260000000e-02,6.652187468e-02,1.529016392e+02,6.406134898e+01,8.816089332e+01,6.793969545e-01
1053,5.265000000e-02,6.662166090e-02,1.530236453e+02,6.401514027e+01,8.832828981e+01,6.802152412e-01
1054,5.270000000e-02,6.672145064e-02,1.531454476e+02,6.396880613e+01,8.849560980e+01,6.810316823e-01
1055,5.275000000e-02,6.682123605e-02,1.532670463e+02,6.392237300e+01,8.866282747e+01,6.818457851e-01
1056,5.280000000e-02,6.692101218e-02,1.533884414e+02,6.387585312e+01,8.882993117e+01,6.826571264e-01
1057,5.285000000e-02,6.702077804e-02,1.535096333e+02,6.382921145e+01,8.899695619e+01,6.834656820e-01
1058,5.290000000e-02,6.712055289e-02,1.536306221e+02,6.378242656e+01,8.916392369e+01,6.842718970e-01
1059,5.295000000e-02,6.722034044e-02,1.537514080e+02,6.373550039e+01,8.933083184e+01,6.850757925e-01
1060,5.300000000e-02,6.732013643e-02,1.538719911e+02,6.368847324e+01,8.949764077e+01,6.858770678e-01
1061,5.305000000e-02,6.741992762e-02,1.539923715e+02,6.364137951e+01,8.966431668e+01,6.866752563e-01
1062,5.310000000e-02,6.751970772e-02,1.541125494e+02,6.359424864e+01,8.983083064e+01,6.874701060e-01
1063,5.315000000e-02,6.761946778e-02,1.542325251e+02,6.354710756e+01,8.999715621e+01,6.882613678e-01
1064,5.320000000e-02,6.771920123e-02,1.543522991e+02,6.349996161e+01,9.016328863e+01,6.890488362e-01
1065,5.325000000e-02,6.781891130e-02,1.544718715e+02,6.345279886e+01,9.032924001e+01,6.898326710e-01
1066,5.330000000e-02,6.791860412e-02,1.545912429e+02,6.340558306e+01,9.049504675e+01,6.906131060e-01
1067,5.335000000e-02,6.801829154e-02,1.547104135e+02,6.335831206e+01,9.066071082e+01,6.913905971e-01
1068,5.340000000e-02,6.811796638e-02,1.548293835e+02,6.331101504e+01,9.082620359e+01,6.921649053e-01
1069,5.345000000e-02,6.821761849e-02,1.549481534e+02,6.326373725e+01,9.099148053e+01,6.929355924e-01
1070,5.350000000e-02,6.831723384e-02,1.550667234e+02,6.321649525e+01,9.115652593e+01,6.937021884e-01
1071,5.355000000e-02,6.841681592e-02,1.551850939e+02,6.316927324e+01,9.132135570e+01,6.944650013e-01
1072,5.360000000e-02,6.851636844e-02,1.553032655e+02,6.312207567e+01,9.148596579e+01,6.952240466e-01
1073,5.365000000e-02,6.861588867e-02,1.554212385e+02,6.307492495e+01,9.165033446e+01,6.959790855e-01
1074,5.370000000e-02,6.871537017e-02,1.555390133e+02,6.302783213e+01,9.181445138e+01,6.967298268e-01
1075,5.375000000e-02,6.881481504e-02,1.556565905e+02,6.298073901e+01,9.197837496e+01,6.974765292e-01
1076,5.380000000e-02,6.891425053e-02,1.557739704e+02,6.293360041e+01,9.214214952e+01,6.982204655e-01
1077,5.385000000e-02,6.901367447e-02,1.558911534e+02,6.288643643e+01,9.230575542e+01,6.989615140e-01
1078,5.390000000e-02,6.911307733e-02,1.560081397e+02,6.283927910e+01,9.246916139e+01,6.996992191e-01
1079,5.395000000e-02,6.921245091e-02,1.561249298e+02,6.279214565e+01,9.263235089e+01,7.004332183e-01
1080,5.400000000e-02,6.931179650e-02,1.562415239e+02,6.274505240e+01,9.279530793e+01,7.011635854e-01
1081,5.405000000e-02,6.941110530e-02,1.563579226e+02,6.269803436e+01,9.295799810e+01,7.018901439e-01
1082,5.410000000e-02,6.951036620e-02,1.564741263e+02,6.265110285e+01,9.312041089e+01,7.026125556e-01
1083,5.415000000e-02,6.960958438e-02,1.565901355e+02,6.260424981e+01,9.328255456e+01,7.033311240e-01
1084,5.420000000e-02,6.970875871e-02,1.567059507e+02,6.255749540e+01,9.344440948e+01,7.040458356e-01
1085,5.425000000e-02,6.980788032e-02,1.568215725e+02,6.251087234e+01,9.360594373e+01,7.047564075e-01
1086,5.430000000e-02,6.990693986e-02,1.569370014e+02,6.246441238e+01,9.376712642e+01,7.054625502e-01
1087,5.435000000e-02,7.000592946e-02,1.570522380e+02,6.241811166e+01,9.392796230e+01,7.061640176e-01
1088,5.440000000e-02,7.010485918e-02,1.571672830e+02,6.237190801e+01,9.408851348e+01,7.068615050e-01
1089,5.445000000e-02,7.020375049e-02,1.572821370e+02,6.232573660e+01,9.424884464e+01,7.075557544e-01
1090,5.450000000e-02,7.030262092e-02,1.573968004e+02,6.227954198e+01,9.440901102e+01,7.082474299e-01
1091,5.455000000e-02,7.040148270e-02,1.575112737e+02,6.223333082e+01,9.456900610e+01,7.089367741e-01
1092,5.460000000e-02,7.050032276e-02,1.576255571e+02,6.218714715e+01,9.472878641e+01,7.096234927e-01
1093,5.465000000e-02,7.059912636e-02,1.577396509e+02,6.214103586e+01,9.488830787e+01,7.103071807e-01
1094,5.470000000e-02,7.069788241e-02,1.578535557e+02,6.209502302e+01,9.504754518e+01,7.109874806e-01
1095,5.475000000e-02,7.079658956e-02,1.579672719e+02,6.204913062e+01,9.520647704e+01,7.116642141e-01
1096,5.480000000e-02,7.089523883e-02,1.580808000e+02,6.200337235e+01,9.536509051e+01,7.123371646e-01
1097,5.485000000e-02,7.099383028e-02,1.581941407e+02,6.195773241e+01,9.552340205e+01,7.130062636e-01
1098,5.490000000e-02,7.109237847e-02,1.583072945e+02,6.191220615e+01,9.568141660e+01,7.136717942e-01
1099,5.495000000e-02,7.119087917e-02,1.584202620e+02,6.186676502e+01,9.583916317e+01,7.143338278e-01
1100,5.500000000e-02,7.128934620e-02,1.585330437e+02,6.182137281e+01,9.599667784e+01,7.149930433e-01
1101,5.505000000e-02,7.138778440e-02,1.586456400e+02,6.177602907e+01,9.615396141e+01,7.156495280e-01
1102,5.510000000e-02,7.148619050e-02,1.587580514e+02,6.173074517e+01,9.631100314e+01,7.163030796e-01
1103,5.515000000e-02,7.158456273e-02,1.588702783e+02,6.168553114e+01,9.646779354e+01,7.169536169e-01
1104,5.520000000e-02,7.168289723e-02,1.589823212e+02,6.164038290e+01,9.662433717e+01,7.176010851e-01
1105,5.525000000e-02,7.178119829e-02,1.590941804e+02,6.159530254e+01,9.678063214e+01,7.182457448e-01
1106,5.530000000e-02,7.187946183e-02,1.592058566e+02,6.155030260e+01,9.693666653e+01,7.188874474e-01
1107,5.535000000e-02,7.197768529e-02,1.593173501e+02,6.150538368e+01,9.709244031e+01,7.195260740e-01
1108,5.540000000e-02,7.207587324e-02,1.594286614e+02,6.146054342e+01,9.724795603e+01,7.201619067e-01
1109,5.545000000e-02,7.217402022e-02,1.595397909e+02,6.141578222e+01,9.740321392e+01,7.207948005e-01
1110,5.550000000e-02,7.227213046e-02,1.596507393e+02,6.137109407e+01,9.755822023e+01,7.214249785e-01
1111,5.555000000e-02,7.237020301e-02,1.597615068e+02,6.132647172e+01,9.771298258e+01,7.220525469e-01
1112,5.560000000e-02,7.246824309e-02,1.598720941e+02,6.128189825e+01,9.786751801e+01,7.226778215e-01
1113,5.565000000e-02,7.256625376e-02,1.599825014e+02,6.123735575e+01,9.802184458e+01,7.233010837e-01
1114,5.570000000e-02,7.266423939e-02,1.600927293e+02,6.119284021e+01,9.817596681e+01,7.239222225e-01
1115,5.575000000e-02,7.276219739e-02,1.602027780e+02,6.114837765e+01,9.832985925e+01,7.245410580e-01
1116,5.580000000e-02,7.286011725e-02,1.603126479e+02,6.110400489e+01,9.848348576e+01,7.251572712e-01
1117,5.585000000e-02,7.295798858e-02,1.604223396e+02,6.105975760e+01,9.863681144e+01,7.257705586e-01
1118,5.590000000e-02,7.305580237e-02,1.605318535e+02,6.101564215e+01,9.878983068e+01,7.263806634e-01
1119,5.595000000e-02,7.315356396e-02,1.606411902e+02,6.097165811e+01,9.894254435e+01,7.269877223e-01
1120,5.600000000e-02,7.325127129e-02,1.607503502e+02,6.092781132e+01,9.909494718e+01,7.275916892e-01
1121,5.605000000e-02,7.334892537e-02,1.608593341e+02,6.088407272e+01,9.924706880e+01,7.281925593e-01
1122,5.610000000e-02,7.344654445e-02,1.609681424e+02,6.084038346e+01,9.939896778e+01,7.287911538e-01
1123,5.615000000e-02,7.354413919e-02,1.610767756e+02,6.079671660e+01,9.955067118e+01,7.293877947e-01
1124,5.620000000e-02,7.364171144e-02,1.611852340e+02,6.075308255e+01,9.970216887e+01,7.299825807e-01
1125,5.625000000e-02,7.373925228e-02,1.612935180e+02,6.070951410e+01,9.985342868e+01,7.305752539e-01
1126,5.630000000e-02,7.383675166e-02,1.614016281e+02,6.066602258e+01,1.000044400e+02,7.311655133e-01
1127,5.635000000e-02,7.393421249e-02,1.615095646e+02,6.062257953e+01,1.001552314e+02,7.317536812e-01
1128,5.640000000e-02,7.403164464e-02,1.616173279e+02,6.057916901e+01,1.003058186e+02,7.323403344e-01
1129,5.645000000e-02,7.412904571e-02,1.617249185e+02,6.053578143e+01,1.004562118e+02,7.329252559e-01
1130,5.650000000e-02,7.422642579e-02,1.618323367e+02,6.049240797e+01,1.006064200e+02,7.335087424e-01
1131,5.655000000e-02,7.432377739e-02,1.619395828e+02,6.044907805e+01,1.007564142e+02,7.340905616e-01
1132,5.660000000e-02,7.442109137e-02,1.620466572e+02,6.040581998e+01,1.009061668e+02,7.346704018e-01
1133,5.665000000e-02,7.451836240e-02,1.621535603e+02,6.036262334e+01,1.010556889e+02,7.352480906e-01
1134,5.670000000e-02,7.461560335e-02,1.622602925e+02,6.031948089e+01,1.012049876e+02,7.358240146e-01
1135,5.675000000e-02,7.471281018e-02,1.623668542e+02,6.027639731e+01,1.013540588e+02,7.363981762e-01
1136,5.680000000e-02,7.480998398e-02,1.624732459e+02,6.023338922e+01,1.015028861e+02,7.369705562e-01
1137,5.685000000e-02,7.490711615e-02,1.625794679e+02,6.019046901e+01,1.016514578e+02,7.375410468e-01
1138,5.690000000e-02,7.500420707e-02,1.626855207e+02,6.014764896e+01,1.017997621e+02,7.381095897e-01
1139,5.695000000e-02,7.510125104e-02,1.627914047e+02,6.010493775e+01,1.019477908e+02,7.386761277e-01
1140,5.700000000e-02,7.519824685e-02,1.628971205e+02,6.006233227e+01,1.020955475e+02,7.392406318e-01
1141,5.705000000e-02,7.529520049e-02,1.630026684e+02,6.001981908e+01,1.022430461e+02,7.398032814e-01
1142,5.710000000e-02,7.539211718e-02,1.631080490e+02,5.997739905e+01,1.023902856e+02,7.403643857e-01
1143,5.715000000e-02,7.548899320e-02,1.632132628e+02,5.993508047e+01,1.025372583e+02,7.409240302e-01
1144,5.720000000e-02,7.558582674e-02,1.633183102e+02,5.989287571e+01,1.026839522e+02,7.414822516e-01
1145,5.725000000e-02,7.568261234e-02,1.634231916e+02,5.985079341e+01,1.028303591e+02,7.420390703e-01
1146,5.730000000e-02,7.577934794e-02,1.635279076e+02,5.980879672e+01,1.029765163e+02,7.425945997e-01
1147,5.735000000e-02,7.587605290e-02,1.636324587e+02,5.976684364e+01,1.031224653e+02,7.431497908e-01
1148,5.740000000e-02,7.597273137e-02,1.637368452e+02,5.972492530e+01,1.032682150e+02,7.437048953e-01
1149,5.745000000e-02,7.606938214e-02,1.638410675e+02,5.968301237e+01,1.034137952e+02,7.442599760e-01
1150,5.750000000e-02,7.616602090e-02,1.639451259e+02,5.964106883e+01,1.035592415e+02,7.448156245e-01
1151,5.755000000e-02,7.626265562e-02,1.640490207e+02,5.959909598e+01,1.037045525e+02,7.453722794e-01
1152,5.760000000e-02,7.635927815e-02,1.641527521e+02,5.955708366e+01,1.038497384e+02,7.459300143e-01
1153,5.765000000e-02,7.645588805e-02,1.642563204e+02,5.951498729e+01,1.039948443e+02,7.464887872e-01
1154,5.770000000e-02,7.655249811e-02,1.643597256e+02,5.947276019e+01,1.041399167e+02,7.470486926e-01
1155,5.775000000e-02,7.664912557e-02,1.644629680e+02,5.943035189e+01,1.042850058e+02,7.476102937e-01
1156,5.780000000e-02,7.674577861e-02,1.645660475e+02,5.938772022e+01,1.044301535e+02,7.481738030e-01
1157,5.785000000e-02,7.684246735e-02,1.646689640e+02,5.934481070e+01,1.045754139e+02,7.487394375e-01
1158,5.790000000e-02,7.693920880e-02,1.647717175e+02,5.930159857e+01,1.047208113e+02,7.493076461e-01
1159,5.795000000e-02,7.703600037e-02,1.648743076e+02,5.925812034e+01,1.048663091e+02,7.498781156e-01
1160,5.800000000e-02,7.713282582e-02,1.649767342e+02,5.921443176e+01,1.050118521e+02,7.504503183e-01
1161,5.805000000e-02,7.722966946e-02,1.650789971e+02,5.917058550e+01,1.051573879e+02,7.510237367e-01
1162,5.810000000e-02,7.732651825e-02,1.651810964e+02,5.912660358e+01,1.053028949e+02,7.515979184e-01
1163,5.815000000e-02,7.742337249e-02,1.652830319e+02,5.908251020e+01,1.054483491e+02,7.521726497e-01
1164,5.820000000e-02,7.752022420e-02,1.653848039e+02,5.903833659e+01,1.055937197e+02,7.527476432e-01
1165,5.825000000e-02,7.761706533e-02,1.654864125e+02,5.899410497e+01,1.057389849e+02,7.533226176e-01
1166,5.830000000e-02,7.771389047e-02,1.655878577e+02,5.894983218e+01,1.058841282e+02,7.538973138e-01
1167,5.835000000e-02,7.781069626e-02,1.656891397e+02,5.890551075e+01,1.060291575e+02,7.544715098e-01
1168,5.840000000e-02,7.790749166e-02,1.657902589e+02,5.886113187e+01,1.061740817e+02,7.550453184e-01
1169,5.845000000e-02,7.800427733e-02,1.658912154e+02,5.881671020e+01,1.063188866e+02,7.556186215e-01
1170,5.850000000e-02,7.810104736e-02,1.659920093e+02,5.877225925e+01,1.064635588e+02,7.561912434e-01
1171,5.855000000e-02,7.819779962e-02,1.660926409e+02,5.872778897e+01,1.066080889e+02,7.567630444e-01
1172,5.860000000e-02,7.829453264e-02,1.661931104e+02,5.868331425e+01,1.067524622e+02,7.573339205e-01
1173,5.865000000e-02,7.839124162e-02,1.662934181e+02,5.863882338e+01,1.068966910e+02,7.579037283e-01
1174,5.870000000e-02,7.848793865e-02,1.663935643e+02,5.859426375e+01,1.070408278e+02,7.584727514e-01
1175,5.875000000e-02,7.858464333e-02,1.664935490e+02,5.854957111e+01,1.071849360e+02,7.590418929e-01
1176,5.880000000e-02,7.868136830e-02,1.665933725e+02,5.850472366e+01,1.073290371e+02,7.596117471e-01
1177,5.885000000e-02,7.877810696e-02,1.666930348e+02,5.845974199e+01,1.074731108e+02,7.601820882e-01
1178,5.890000000e-02,7.887485025e-02,1.667925359e+02,5.841464689e+01,1.076171365e+02,7.607525718e-01
1179,5.895000000e-02,7.897159482e-02,1.668918759e+02,5.836943065e+01,1.077611222e+02,7.613230628e-01
1180,5.900000000e-02,7.906834819e-02,1.669910548e+02,5.832409266e+01,1.079050684e+02,7.618937349e-01
1181,5.905000000e-02,7.916510578e-02,1.670900726e+02,5.827865729e+01,1.080489510e+02,7.624643601e-01
1182,5.910000000e-02,7.926185891e-02,1.671889296e+02,5.823315440e+01,1.081927406e+02,7.630346279e-01
1183,5.915000000e-02,7.935860022e-02,1.672876258e+02,5.818757923e+01,1.083364424e+02,7.636042498e-01
1184,5.920000000e-02,7.945534458e-02,1.673861614e+02,5.814188908e+01,1.084800988e+02,7.641734919e-01
1185,5.925000000e-02,7.955210029e-02,1.674845365e+02,5.809605791e+01,1.086237358e+02,7.647427831e-01
1186,5.930000000e-02,7.964887393e-02,1.675827511e+02,5.805009153e+01,1.087673474e+02,7.653122149e-01
1187,5.935000000e-02,7.974565840e-02,1.676808053e+02,5.800400609e+01,1.089109176e+02,7.658816231e-01
1188,5.940000000e-02,7.984245264e-02,1.677786992e+02,5.795780691e+01,1.090544414e+02,7.664508363e-01
1189,5.945000000e-02,7.993925101e-02,1.678764327e+02,5.791151618e+01,1.091978969e+02,7.670196247e-01
1190,5.950000000e-02,8.003604787e-02,1.679740061e+02,5.786513015e+01,1.093412882e+02,7.675877729e-01
1191,5.955000000e-02,8.013285338e-02,1.680714194e+02,5.781865217e+01,1.094846119e+02,7.681553803e-01
1192,5.960000000e-02,8.022966160e-02,1.681686728e+02,5.777210339e+01,1.096278470e+02,7.687223474e-01
1193,5.965000000e-02,8.032646462e-02,1.682657663e+02,5.772550783e+01,1.097709700e+02,7.692884613e-01
1194,5.970000000e-02,8.042325652e-02,1.683627001e+02,5.767888567e+01,1.099139610e+02,7.698534926e-01
1195,5.975000000e-02,8.052003333e-02,1.684594745e+02,5.763226000e+01,1.100567973e+02,7.704172378e-01
1196,5.980000000e-02,8.061678725e-02,1.685560897e+02,5.758565295e+01,1.101994572e+02,7.709794998e-01
1197,5.985000000e-02,8.071351286e-02,1.686525459e+02,5.753908410e+01,1.103419217e+02,7.715400960e-01
1198,5.990000000e-02,8.081020540e-02,1.687488436e+02,5.749256254e+01,1.104841822e+02,7.720988703e-01
1199,5.995000000e-02,8.090686513e-02,1.688449829e+02,5.744609896e+01,1.106262282e+02,7.726557319e-01
1200,6.000000000e-02,8.100348935e-02,1.689409643e+02,5.739967733e+01,1.107680764e+02,7.732105904e-01
1201,6.005000000e-02,8.110008993e-02,1.690367882e+02,5.735322590e+01,1.109097987e+02,7.737635915e-01
1202,6.010000000e-02,8.119669886e-02,1.691324547e+02,5.730663683e+01,1.110515017e+02,7.743161243e-01
1203,6.015000000e-02,8.129334291e-02,1.692279640e+02,5.725983470e+01,1.111932599e+02,7.748694189e-01
1204,6.020000000e-02,8.139003089e-02,1.693233161e+02,5.721279515e+01,1.113350973e+02,7.754237235e-01
1205,6.025000000e-02,8.148676083e-02,1.694185109e+02,5.716553373e+01,1.114769982e+02,7.759789827e-01
1206,6.030000000e-02,8.158352136e-02,1.695135482e+02,5.711809563e+01,1.116189179e+02,7.765347353e-01
1207,6.035000000e-02,8.168029890e-02,1.696084280e+02,5.707053261e+01,1.117608049e+02,7.770904847e-01
1208,6.040000000e-02,8.177707890e-02,1.697031503e+02,5.702289224e+01,1.119026123e+02,7.776457712e-01
1209,6.045000000e-02,8.187385008e-02,1.697977152e+02,5.697518800e+01,1.120443270e+02,7.782002136e-01
1210,6.050000000e-02,8.197062194e-02,1.698921228e+02,5.692741125e+01,1.121859576e+02,7.787539251e-01
1211,6.055000000e-02,8.206739177e-02,1.699863732e+02,5.687958777e+01,1.123274787e+02,7.793067753e-01
1212,6.060000000e-02,8.216414869e-02,1.700804667e+02,5.683172937e+01,1.124688789e+02,7.798584934e-01
1213,6.065000000e-02,8.226089482e-02,1.701744035e+02,5.678383094e+01,1.126101633e+02,7.804092111e-01
1214,6.070000000e-02,8.235763076e-02,1.702681836e+02,5.673589408e+01,1.127513306e+02,7.809589910e-01
1215,6.075000000e-02,8.245435551e-02,1.703618074e+02,5.668792679e+01,1.128923729e+02,7.815077191e-01
1216,6.080000000e-02,8.255106748e-02,1.704552750e+02,5.663994220e+01,1.130332775e+02,7.820552941e-01
1217,6.085000000e-02,8.264776087e-02,1.705485866e+02,5.659196173e+01,1.131740234e+02,7.826015161e-01
1218,6.090000000e-02,8.274442956e-02,1.706417425e+02,5.654400780e+01,1.133145886e+02,7.831461714e-01
1219,6.095000000e-02,8.284106788e-02,1.707347430e+02,5.649609011e+01,1.134549638e+02,7.836890597e-01
1220,6.100000000e-02,8.293767708e-02,1.708275883e+02,5.644820257e+01,1.135951557e+02,7.842301252e-01
1221,6.105000000e-02,8.303426183e-02,1.709202789e+02,5.640034564e+01,1.137351638e+02,7.847694556e-01
1222,6.110000000e-02,8.313081903e-02,1.710128149e+02,5.635253395e+01,1.138749740e+02,7.853069494e-01
1223,6.115000000e-02,8.322734410e-02,1.711051967e+02,5.630478407e+01,1.140145702e+02,7.858424684e-01
1224,6.120000000e-02,8.332383270e-02,1.711974246e+02,5.625710754e+01,1.141539412e+02,7.863758756e-01
1225,6.125000000e-02,8.342028394e-02,1.712894991e+02,5.620950408e+01,1.142930880e+02,7.869070580e-01
1226,6.130000000e-02,8.351670136e-02,1.713814204e+02,5.616196304e+01,1.144320214e+02,7.874359958e-01
1227,6.135000000e-02,8.361309349e-02,1.714731890e+02,5.611446960e+01,1.145707564e+02,7.879629282e-01
1228,6.140000000e-02,8.370945932e-02,1.715648051e+02,5.606701663e+01,1.147093005e+02,7.884879480e-01
1229,6.145000000e-02,8.380580195e-02,1.716562691e+02,5.601957340e+01,1.148476844e+02,7.890113200e-01
1230,6.150000000e-02,8.390213211e-02,1.717475813e+02,5.597208698e+01,1.149859607e+02,7.895336768e-01
1231,6.155000000e-02,8.399846827e-02,1.718387420e+02,5.592452357e+01,1.151241628e+02,7.900555975e-01
1232,6.160000000e-02,8.409480551e-02,1.719297511e+02,5.587690195e+01,1.152622721e+02,7.905770067e-01
1233,6.165000000e-02,8.419113418e-02,1.720206089e+02,5.582923975e+01,1.154002716e+02,7.910976248e-01
1234,6.170000000e-02,8.428745187e-02,1.721113156e+02,5.578152677e+01,1.155381715e+02,7.916173528e-01
1235,6.175000000e-02,8.438376639e-02,1.722018714e+02,5.573374827e+01,1.156759866e+02,7.921365178e-01
1236,6.180000000e-02,8.448007705e-02,1.722922762e+02,5.568592012e+01,1.158137011e+02,7.926549720e-01
1237,6.185000000e-02,8.457637720e-02,1.723825304e+02,5.563806316e+01,1.159512948e+02,7.931724423e-01
1238,6.190000000e-02,8.467266429e-02,1.724726342e+02,5.559019537e+01,1.160887501e+02,7.936886898e-01
1239,6.195000000e-02,8.476893376e-02,1.725625876e+02,5.554229066e+01,1.162260934e+02,7.942035518e-01
1240,6.200000000e-02,8.486520788e-02,1.726523909e+02,5.549430367e+01,1.163633697e+02,7.947175456e-01
1241,6.205000000e-02,8.496149534e-02,1.727420444e+02,5.544622176e+01,1.165005915e+02,7.952310430e-01
1242,6.210000000e-02,8.505779159e-02,1.728315479e+02,5.539805979e+01,1.166377442e+02,7.957439129e-01
1243,6.215000000e-02,8.515409173e-02,1.729209018e+02,5.534984032e+01,1.167748055e+02,7.962559507e-01
1244,6.220000000e-02,8.525038694e-02,1.730101060e+02,5.530159386e+01,1.169117452e+02,7.967669211e-01
1245,6.225000000e-02,8.534666887e-02,1.730991608e+02,5.525332433e+01,1.170485599e+02,7.972766193e-01
1246,6.230000000e-02,8.544294787e-02,1.731880664e+02,5.520503584e+01,1.171852454e+02,7.977851310e-01
1247,6.235000000e-02,8.553921774e-02,1.732768230e+02,5.515674528e+01,1.173217853e+02,7.982923857e-01
1248,6.240000000e-02,8.563547118e-02,1.733654307e+02,5.510847374e+01,1.174581588e+02,7.987982097e-01
1249,6.245000000e-02,8.573170162e-02,1.734538899e+02,5.506024362e+01,1.175943439e+02,7.993024053e-01
1250,6.250000000e-02,8.582790288e-02,1.735422008e+02,5.501207249e+01,1.177303236e+02,7.998047804e-01
1251,6.255000000e-02,8.592407230e-02,1.736303638e+02,5.496397397e+01,1.178660847e+02,8.003051700e-01
1252,6.260000000e-02,8.602020706e-02,1.737183792e+02,5.491596397e+01,1.180016118e+02,8.008034413e-01
1253,6.265000000e-02,8.611630163e-02,1.738062474e+02,5.486805788e+01,1.181368900e+02,8.012994677e-01
1254,6.270000000e-02,8.621235195e-02,1.738939687e+02,5.482026814e+01,1.182719074e+02,8.017931338e-01
1255,6.275000000e-02,8.630835504e-02,1.739815436e+02,5.477258804e+01,1.184066712e+02,8.022843412e-01
1256,6.280000000e-02,8.640431981e-02,1.740689724e+02,5.472500664e+01,1.185411925e+02,8.027732328e-01
1257,6.285000000e-02,8.650024702e-02,1.741562556e+02,5.467752054e+01,1.186754752e+02,8.032598853e-01
1258,6.290000000e-02,8.659613768e-02,1.742433936e+02,5.463012754e+01,1.188095218e+02,8.037442538e-01
1259,6.295000000e-02,8.669199291e-02,1.743303867e+02,5.458281107e+01,1.189433493e+02,8.042264214e-01
1260,6.300000000e-02,8.678782005e-02,1.744172354e+02,5.453552458e+01,1.190770042e+02,8.047066180e-01
1261,6.305000000e-02,8.688364074e-02,1.745039398e+02,5.448817329e+01,1.192105808e+02,8.051857005e-01
1262,6.310000000e-02,8.697948574e-02,1.745905003e+02,5.444068277e+01,1.193441525e+02,8.056650698e-01
1263,6.315000000e-02,8.707535637e-02,1.746769169e+02,5.439301834e+01,1.194777537e+02,8.061448112e-01
1264,6.320000000e-02,8.717127021e-02,1.747631895e+02,5.434513965e+01,1.196114246e+02,8.066252890e-01
1265,6.325000000e-02,8.726722587e-02,1.748493181e+02,5.429706551e+01,1.197451460e+02,8.071065925e-01
1266,6.330000000e-02,8.736320674e-02,1.749353026e+02,5.424884965e+01,1.198788647e+02,8.075882890e-01
1267,6.335000000e-02,8.745919647e-02,1.750211430e+02,5.420054500e+01,1.200125281e+02,8.080698847e-01
1268,6.340000000e-02,8.755518190e-02,1.751068392e+02,5.415219895e+01,1.201460894e+02,8.085509323e-01
1269,6.345000000e-02,8.765115209e-02,1.751923915e+02,5.410384938e+01,1.202795111e+02,8.090310490e-01
1270,6.350000000e-02,8.774709980e-02,1.752778000e+02,5.405551990e+01,1.204127702e+02,8.095099247e-01
1271,6.355000000e-02,8.784302390e-02,1.753630650e+02,5.400723287e+01,1.205458447e+02,8.099873429e-01
1272,6.360000000e-02,8.793891719e-02,1.754481866e+02,5.395900807e+01,1.206787155e+02,8.104630926e-01
1273,6.365000000e-02,8.803477612e-02,1.755331654e+02,5.391083891e+01,1.208113895e+02,8.109369992e-01
1274,6.370000000e-02,8.813061094e-02,1.756180015e+02,5.386269908e+01,1.209438932e+02,8.114091322e-01
1275,6.375000000e-02,8.822643025e-02,1.757026952e+02,5.381457258e+01,1.210762427e+02,8.118798563e-01
1276,6.380000000e-02,8.832223353e-02,1.757872468e+02,5.376646893e+01,1.212084287e+02,8.123491906e-01
1277,6.385000000e-02,8.841801505e-02,1.758716566e+02,5.371839511e+01,1.213404445e+02,8.128170168e-01
1278,6.390000000e-02,8.851377663e-02,1.759559248e+02,5.367035114e+01,1.214722904e+02,8.132833318e-01
1279,6.395000000e-02,8.860951823e-02,1.760400517e+02,5.362234907e+01,1.216039545e+02,8.137481478e-01
1280,6.400000000e-02,8.870523391e-02,1.761240376e+02,5.357440990e+01,1.217354164e+02,8.142113432e-01
1281,6.405000000e-02,8.880091752e-02,1.762078827e+02,5.352654807e+01,1.218666619e+02,8.146727798e-01
1282,6.410000000e-02,8.889656523e-02,1.762915875e+02,5.347877717e+01,1.219976780e+02,8.151323248e-01
1283,6.415000000e-02,8.899217350e-02,1.763751522e+02,5.343111009e+01,1.221284522e+02,8.155898530e-01
1284,6.420000000e-02,8.908773919e-02,1.764585772e+02,5.338354634e+01,1.222589856e+02,8.160452510e-01
1285,6.425000000e-02,8.918326857e-02,1.765418629e+02,5.333607510e+01,1.223892892e+02,8.164985825e-01
1286,6.430000000e-02,8.927876282e-02,1.766250097e+02,5.328869871e+01,1.225193611e+02,8.169498991e-01
1287,6.435000000e-02,8.937421873e-02,1.767080179e+02,5.324141668e+01,1.226492021e+02,8.173991304e-01
1288,6.440000000e-02,8.946964006e-02,1.767908879e+02,5.319423667e+01,1.227788050e+02,8.178462417e-01
1289,6.445000000e-02,8.956502309e-02,1.768736200e+02,5.314717189e+01,1.229081570e+02,8.182911607e-01
1290,6.450000000e-02,8.966036374e-02,1.769562148e+02,5.310023408e+01,1.230372469e+02,8.187338107e-01
1291,6.455000000e-02,8.975565878e-02,1.770386724e+02,5.305343352e+01,1.231660648e+02,8.191741240e-01
1292,6.460000000e-02,8.985090568e-02,1.771209934e+02,5.300677565e+01,1.232946057e+02,8.196120450e-01
1293,6.465000000e-02,8.994610492e-02,1.772031783e+02,5.296026753e+01,1.234228632e+02,8.200475343e-01
1294,6.470000000e-02,9.004125344e-02,1.772852273e+02,5.291391688e+01,1.235508299e+02,8.204805614e-01
1295,6.475000000e-02,9.013634906e-02,1.773671410e+02,5.286773009e+01,1.236784998e+02,8.209111009e-01
1296,6.480000000e-02,9.023139025e-02,1.774489199e+02,5.282167378e+01,1.238059070e+02,8.213391369e-01
1297,6.485000000e-02,9.032639870e-02,1.775305643e+02,5.277566604e+01,1.239331328e+02,8.217654946e-01
1298,6.490000000e-02,9.042139475e-02,1.776120747e+02,5.272964118e+01,1.240602425e+02,8.221909771e-01
1299,6.495000000e-02,9.051639803e-02,1.776934512e+02,5.268354526e+01,1.241872900e+02,8.226159394e-01
1300,6.500000000e-02,9.061142365e-02,1.777746939e+02,5.263736674e+01,1.243142865e+02,8.230406873e-01
1301,6.505000000e-02,9.070645832e-02,1.778558031e+02,5.259113797e+01,1.244412001e+02,8.234650493e-01
1302,6.510000000e-02,9.080148854e-02,1.779367787e+02,5.254487328e+01,1.245680167e+02,8.238887114e-01
1303,6.515000000e-02,9.089651677e-02,1.780176210e+02,5.249853796e+01,1.246947712e+02,8.243117720e-01
1304,6.520000000e-02,9.099156284e-02,1.780983299e+02,5.245210393e+01,1.248214914e+02,8.247346005e-01
1305,6.525000000e-02,9.108662316e-02,1.781789057e+02,5.240557526e+01,1.249481734e+02,8.251570900e-01
1306,6.530000000e-02,9.118169599e-02,1.782593484e+02,5.235897730e+01,1.250747920e+02,8.255791130e-01
1307,6.535000000e-02,9.127677219e-02,1.783396580e+02,5.231234207e+01,1.252013154e+02,8.260004784e-01
1308,6.540000000e-02,9.137184310e-02,1.784198346e+02,5.226569046e+01,1.253277232e+02,8.264209511e-01
1309,6.545000000e-02,9.146690988e-02,1.784998785e+02,5.221904226e+01,1.254539959e+02,8.268404009e-01
1310,6.550000000e-02,9.156196191e-02,1.785797899e+02,5.217241813e+01,1.255801131e+02,8.272586231e-01
1311,6.555000000e-02,9.165699836e-02,1.786595689e+02,5.212582073e+01,1.257060726e+02,8.276755601e-01
1312,6.560000000e-02,9.175202020e-02,1.787392157e+02,5.207925746e+01,1.258318670e+02,8.280912643e-01
1313,6.565000000e-02,9.184701943e-02,1.788187307e+02,5.203274563e+01,1.259574795e+02,8.285055831e-01
1314,6.570000000e-02,9.194199261e-02,1.788981141e+02,5.198627557e+01,1.260829201e+02,8.289184655e-01
1315,6.575000000e-02,9.203694988e-02,1.789773662e+02,5.193981993e+01,1.262082159e+02,8.293303599e-01
1316,6.580000000e-02,9.213189551e-02,1.790564872e+02,5.189336555e+01,1.263333804e+02,8.297412899e-01
1317,6.585000000e-02,9.222683651e-02,1.791354773e+02,5.184691616e+01,1.264584099e+02,8.301513298e-01
1318,6.590000000e-02,9.232176447e-02,1.792143368e+02,5.180047835e+01,1.265832981e+02,8.305603639e-01
1319,6.595000000e-02,9.241668310e-02,1.792930658e+02,5.175404711e+01,1.267080503e+02,8.309684274e-01
1320,6.600000000e-02,9.251158654e-02,1.793716646e+02,5.170762756e+01,1.268326616e+02,8.313754070e-01
1321,6.605000000e-02,9.260647567e-02,1.794501333e+02,5.166122809e+01,1.269571239e+02,8.317813427e-01
1322,6.610000000e-02,9.270134688e-02,1.795284722e+02,5.161486716e+01,1.270814190e+02,8.321860913e-01
1323,6.615000000e-02,9.279619382e-02,1.796066816e+02,5.156856029e+01,1.272055318e+02,8.325894747e-01
1324,6.620000000e-02,9.289101431e-02,1.796847616e+02,5.152232475e+01,1.273294456e+02,8.329913338e-01
1325,6.625000000e-02,9.298580340e-02,1.797627127e+02,5.147617951e+01,1.274531416e+02,8.333915346e-01
1326,6.630000000e-02,9.308055568e-02,1.798405350e+02,5.143014167e+01,1.275766034e+02,8.337899496e-01
1327,6.635000000e-02,9.317526687e-02,1.799182290e+02,5.138422466e+01,1.276998179e+02,8.341864691e-01
1328,6.640000000e-02,9.326993386e-02,1.799957950e+02,5.133843937e+01,1.278227746e+02,8.345810033e-01
1329,6.645000000e-02,9.336455425e-02,1.800732334e+02,5.129276362e+01,1.279454963e+02,8.349734798e-01
1330,6.650000000e-02,9.345914889e-02,1.801505446e+02,5.124712174e+01,1.280680583e+02,8.353645777e-01
1331,6.655000000e-02,9.355373448e-02,1.802277288e+02,5.120146262e+01,1.281905113e+02,8.357549373e-01
1332,6.660000000e-02,9.364831694e-02,1.803047863e+02,5.115577917e+01,1.283128624e+02,8.361447966e-01
1333,6.665000000e-02,9.374289113e-02,1.803817173e+02,5.111006042e+01,1.284351229e+02,8.365339981e-01
1334,6.670000000e-02,9.383747215e-02,1.804585218e+02,5.106426963e+01,1.285573292e+02,8.369229519e-01
1335,6.675000000e-02,9.393205863e-02,1.805352000e+02,5.101842584e+01,1.286794626e+02,8.373115935e-01
1336,6.680000000e-02,9.402664113e-02,1.806117520e+02,5.097256484e+01,1.288014875e+02,8.376996541e-01
1337,6.685000000e-02,9.412120935e-02,1.806881779e+02,5.092672034e+01,1.289233707e+02,8.380868555e-01
1338,6.690000000e-02,9.421575499e-02,1.807644779e+02,5.088092135e+01,1.290450836e+02,8.384729538e-01
1339,6.695000000e-02,9.431027141e-02,1.808406523e+02,5.083519043e+01,1.291666041e+02,8.388577432e-01
1340,6.700000000e-02,9.440475456e-02,1.809167012e+02,5.078953396e+01,1.292879262e+02,8.392410674e-01
1341,6.705000000e-02,9.449920827e-02,1.809926251e+02,5.074395577e+01,1.294090465e+02,8.396228880e-01
1342,6.710000000e-02,9.459363194e-02,1.810684242e+02,5.069846315e+01,1.295299579e+02,8.400031325e-01
1343,6.715000000e-02,9.468802419e-02,1.811440988e+02,5.065306692e+01,1.296506502e+02,8.403817298e-01
1344,6.720000000e-02,9.478238049e-02,1.812196493e+02,5.060775831e+01,1.297711324e+02,8.407585942e-01
1345,6.725000000e-02,9.487671249e-02,1.812950759e+02,5.056251520e+01,1.298914268e+02,8.411338723e-01
1346,6.730000000e-02,9.497102359e-02,1.813703790e+02,5.051733875e+01,1.300115325e+02,8.415076734e-01
1347,6.735000000e-02,9.506530835e-02,1.814455588e+02,5.047224516e+01,1.301314337e+02,8.418799444e-01
1348,6.740000000e-02,9.515956147e-02,1.815206156e+02,5.042724990e+01,1.302511151e+02,8.422505985e-01
1349,6.745000000e-02,9.525377868e-02,1.815955498e+02,5.038236598e+01,1.303705643e+02,8.426195520e-01
1350,6.750000000e-02,9.534795664e-02,1.816703617e+02,5.033760335e+01,1.304897716e+02,8.429867324e-01
1351,6.755000000e-02,9.544209286e-02,1.817450517e+02,5.029297031e+01,1.306087293e+02,8.433520791e-01
1352,6.760000000e-02,9.553618528e-02,1.818196200e+02,5.024847420e+01,1.307274303e+02,8.437155423e-01
1353,6.765000000e-02,9.563023212e-02,1.818940672e+02,5.020412133e+01,1.308458688e+02,8.440770825e-01
1354,6.770000000e-02,9.572423189e-02,1.819683935e+02,5.015991701e+01,1.309640398e+02,8.444366695e-01
1355,6.775000000e-02,9.581818336e-02,1.820425994e+02,5.011586564e+01,1.310819395e+02,8.447942819e-01
1356,6.780000000e-02,9.591208555e-02,1.821166853e+02,5.007197061e+01,1.311995647e+02,8.451499057e-01
1357,6.785000000e-02,9.600593773e-02,1.821906515e+02,5.002823465e+01,1.313169133e+02,8.455035333e-01
1358,6.790000000e-02,9.609973936e-02,1.822644985e+02,4.998465952e+01,1.314339838e+02,8.458551620e-01
1359,6.795000000e-02,9.619349032e-02,1.823382268e+02,4.994121501e+01,1.315508070e+02,8.462048025e-01
1360,6.800000000e-02,9.628721172e-02,1.824118366e+02,4.989784637e+01,1.316674372e+02,8.465530077e-01
1361,6.805000000e-02,9.638091321e-02,1.824853283e+02,4.985453786e+01,1.317838904e+02,8.468999999e-01
1362,6.810000000e-02,9.647459266e-02,1.825587022e+02,4.981129660e+01,1.319001599e+02,8.472457449e-01
1363,6.815000000e-02,9.656824528e-02,1.826319586e+02,4.976813669e+01,1.320162318e+02,8.475901421e-01
1364,6.820000000e-02,9.666186626e-02,1.827050977e+02,4.972507274e+01,1.321320919e+02,8.479330833e-01
1365,6.825000000e-02,9.675545155e-02,1.827781198e+02,4.968211791e+01,1.322477275e+02,8.482744714e-01
1366,6.830000000e-02,9.684899783e-02,1.828510253e+02,4.963926930e+01,1.323631418e+02,8.486142250e-01
1367,6.835000000e-02,9.694251287e-02,1.829238145e+02,4.959651235e+01,1.324783497e+02,8.489525122e-01
1368,6.840000000e-02,9.703599871e-02,1.829964877e+02,4.955383339e+01,1.325933649e+02,8.492894120e-01
1369,6.845000000e-02,9.712946404e-02,1.830690452e+02,4.951122114e+01,1.327081991e+02,8.496249706e-01
1370,6.850000000e-02,9.722291107e-02,1.831414873e+02,4.946867964e+01,1.328228485e+02,8.499591983e-01
1371,6.855000000e-02,9.731633430e-02,1.832138142e+02,4.942622364e+01,1.329372985e+02,8.502920403e-01
1372,6.860000000e-02,9.740972696e-02,1.832860262e+02,4.938385086e+01,1.330515520e+02,8.506234048e-01
1373,6.865000000e-02,9.750309656e-02,1.833581237e+02,4.934152566e+01,1.331656444e+02,8.509536050e-01
1374,6.870000000e-02,9.759645290e-02,1.834301068e+02,4.929922299e+01,1.332796008e+02,8.512830356e-01
1375,6.875000000e-02,9.768979829e-02,1.835019758e+02,4.925690971e+01,1.333934544e+02,8.516116866e-01
1376,6.880000000e-02,9.778315473e-02,1.835737309e+02,4.921454406e+01,1.335072469e+02,8.519399563e-01
1377,6.885000000e-02,9.787652363e-02,1.836453722e+02,4.917212158e+01,1.336209827e+02,8.522679205e-01
1378,6.890000000e-02,9.796990252e-02,1.837168998e+02,4.912965898e+01,1.337346453e+02,8.525955245e-01
1379,6.895000000e-02,9.806328451e-02,1.837883137e+02,4.908717730e+01,1.338482138e+02,8.529226093e-01
1380,6.900000000e-02,9.815666409e-02,1.838596141e+02,4.904467139e+01,1.339616936e+02,8.532490932e-01
1381,6.905000000e-02,9.825004935e-02,1.839308012e+02,4.900210590e+01,1.340751199e+02,8.535753214e-01
1382,6.910000000e-02,9.834345387e-02,1.840018749e+02,4.895942725e+01,1.341885462e+02,8.539014790e-01
1383,6.915000000e-02,9.843690404e-02,1.840728355e+02,4.891658524e+01,1.343020220e+02,8.542282690e-01
1384,6.920000000e-02,9.853039007e-02,1.841436827e+02,4.887361028e+01,1.344155169e+02,8.545555753e-01
1385,6.925000000e-02,9.862389608e-02,1.842144167e+02,4.883055002e+01,1.345289836e+02,8.548830414e-01
1386,6.930000000e-02,9.871740779e-02,1.842850373e+02,4.878744318e+01,1.346423838e+02,8.552103131e-01
1387,6.935000000e-02,9.881091901e-02,1.843555447e+02,4.874431013e+01,1.347556974e+02,8.555371473e-01
1388,6.940000000e-02,9.890442824e-02,1.844259390e+02,4.870117071e+01,1.348689048e+02,8.558634305e-01
1389,6.945000000e-02,9.899792686e-02,1.844962202e+02,4.865805197e+01,1.349819793e+02,8.561889765e-01
1390,6.950000000e-02,9.909140756e-02,1.845663887e+02,4.861496795e+01,1.350949071e+02,8.565135845e-01
1391,6.955000000e-02,9.918487307e-02,1.846364445e+02,4.857192283e+01,1.352076844e+02,8.568372247e-01
1392,6.960000000e-02,9.927832146e-02,1.847063879e+02,4.852892788e+01,1.353203002e+02,8.571598701e-01
1393,6.965000000e-02,9.937174724e-02,1.847762192e+02,4.848599716e+01,1.354327406e+02,8.574813974e-01
1394,6.970000000e-02,9.946514834e-02,1.848459385e+02,4.844314526e+01,1.355449915e+02,8.578016832e-01
1395,6.975000000e-02,9.955852000e-02,1.849155461e+02,4.840038835e+01,1.356570371e+02,8.581206220e-01
1396,6.980000000e-02,9.965185702e-02,1.849850424e+02,4.835774089e+01,1.357688634e+02,8.584381191e-01
1397,6.985000000e-02,9.974515566e-02,1.850544276e+02,4.831521429e+01,1.358804592e+02,8.587540966e-01
1398,6.990000000e-02,9.983841322e-02,1.851237020e+02,4.827281714e+01,1.359918164e+02,8.590684934e-01
1399,6.995000000e-02,9.993162781e-02,1.851928660e+02,4.823055346e+01,1.361029313e+02,8.593812629e-01
1400,7.000000000e-02,1.000247999e-01,1.852619199e+02,4.818839968e+01,1.362138278e+02,8.596924094e-01
1401,7.005000000e-02,1.001179479e-01,1.853308641e+02,4.814631576e+01,1.363245459e+02,8.600024306e-01
1402,7.010000000e-02,1.002110721e-01,1.853996989e+02,4.810429651e+01,1.364350910e+02,8.603114074e-01
1403,7.015000000e-02,1.003041738e-01,1.854684244e+02,4.806234934e+01,1.365454558e+02,8.606193025e-01
1404,7.020000000e-02,1.003972485e-01,1.855370410e+02,4.802048650e+01,1.366556285e+02,8.609260463e-01
1405,7.025000000e-02,1.004902920e-01,1.856055490e+02,4.797871976e+01,1.367655976e+02,8.612315556e-01
1406,7.030000000e-02,1.005833012e-01,1.856739485e+02,4.793705323e+01,1.368753595e+02,8.615357550e-01
1407,7.035000000e-02,1.006762784e-01,1.857422399e+02,4.789546259e+01,1.369849386e+02,8.618387081e-01
1408,7.040000000e-02,1.007692383e-01,1.858104235e+02,4.785391084e+01,1.370943718e+02,8.621408795e-01
1409,7.045000000e-02,1.008621800e-01,1.858784995e+02,4.781239947e+01,1.372036578e+02,8.624422884e-01
1410,7.050000000e-02,1.009550996e-01,1.859464681e+02,4.777094138e+01,1.373127839e+02,8.627428307e-01
1411,7.055000000e-02,1.010479927e-01,1.860143296e+02,4.772952856e+01,1.374217587e+02,8.630423836e-01
1412,7.060000000e-02,1.011408741e-01,1.860820841e+02,4.768812970e+01,1.375306132e+02,8.633412744e-01
1413,7.065000000e-02,1.012337409e-01,1.861497319e+02,4.764674551e+01,1.376393469e+02,8.636394692e-01
1414,7.070000000e-02,1.013265957e-01,1.862172731e+02,4.760537767e+01,1.377479585e+02,8.639369425e-01
1415,7.075000000e-02,1.014194353e-01,1.862847079e+02,4.756404297e+01,1.378564313e+02,8.642336270e-01
1416,7.080000000e-02,1.015122534e-01,1.863520365e+02,4.752276336e+01,1.379647438e+02,8.645293906e-01
1417,7.085000000e-02,1.016050444e-01,1.864192591e+02,4.748155794e+01,1.380728771e+02,8.648241049e-01
1418,7.090000000e-02,1.016978043e-01,1.864863759e+02,4.744043666e+01,1.381808216e+02,8.651176601e-01
1419,7.095000000e-02,1.017905335e-01,1.865533872e+02,4.739940017e+01,1.382885771e+02,8.654099969e-01
1420,7.100000000e-02,1.018832349e-01,1.866202933e+02,4.735844829e+01,1.383961439e+02,8.657011052e-01
1421,7.105000000e-02,1.019759093e-01,1.866870945e+02,4.731757202e+01,1.385035315e+02,8.659909779e-01
1422,7.110000000e-02,1.020685633e-01,1.867537909e+02,4.727676610e+01,1.386107451e+02,8.662797115e-01
1423,7.115000000e-02,1.021611940e-01,1.868203829e+02,4.723604069e+01,1.387177749e+02,8.665672826e-01
1424,7.120000000e-02,1.022537974e-01,1.868868706e+02,4.719540692e+01,1.388246101e+02,8.668536347e-01
1425,7.125000000e-02,1.023463701e-01,1.869532545e+02,4.715487452e+01,1.389312412e+02,8.671387095e-01
1426,7.130000000e-02,1.024389095e-01,1.870195346e+02,4.711445184e+01,1.390376603e+02,8.674224553e-01
1427,7.135000000e-02,1.025314133e-01,1.870857115e+02,4.707414592e+01,1.391438607e+02,8.677048290e-01
1428,7.140000000e-02,1.026238798e-01,1.871517852e+02,4.703396245e+01,1.392498370e+02,8.679857959e-01
1429,7.145000000e-02,1.027163075e-01,1.872177563e+02,4.699390586e+01,1.393555851e+02,8.682653297e-01
1430,7.150000000e-02,1.028086953e-01,1.872836249e+02,4.695397764e+01,1.394611038e+02,8.685434104e-01
1431,7.155000000e-02,1.029010445e-01,1.873493914e+02,4.691417602e+01,1.395663953e+02,8.688200305e-01
1432,7.160000000e-02,1.029933570e-01,1.874150561e+02,4.687449894e+01,1.396714620e+02,8.690951950e-01
1433,7.165000000e-02,1.030856331e-01,1.874806194e+02,4.683494854e+01,1.397763019e+02,8.693689027e-01
1434,7.170000000e-02,1.031778720e-01,1.875460815e+02,4.679552850e+01,1.398809119e+02,8.696411495e-01
1435,7.175000000e-02,1.032700722e-01,1.876114428e+02,4.675624188e+01,1.399852890e+02,8.699119300e-01
1436,7.180000000e-02,1.033622323e-01,1.876767036e+02,4.671709046e+01,1.400894319e+02,8.701812410e-01
1437,7.185000000e-02,1.034543516e-01,1.877418642e+02,4.667807620e+01,1.401933390e+02,8.704490805e-01
1438,7.190000000e-02,1.035464294e-01,1.878069250e+02,4.663919484e+01,1.402970147e+02,8.707154480e-01
1439,7.195000000e-02,1.036384696e-01,1.878718863e+02,4.660041729e+01,1.404004886e+02,8.709804328e-01
1440,7.200000000e-02,1.037304873e-01,1.879367483e+02,4.656168850e+01,1.405038154e+02,8.712444271e-01
1441,7.205000000e-02,1.038225005e-01,1.880015114e+02,4.652297288e+01,1.406070307e+02,8.715078322e-01
1442,7.210000000e-02,1.039145099e-01,1.880661757e+02,4.648427123e+01,1.407101338e+02,8.717707069e-01
1443,7.215000000e-02,1.040065097e-01,1.881307414e+02,4.644559978e+01,1.408131087e+02,8.720329458e-01
1444,7.220000000e-02,1.040984933e-01,1.881952086e+02,4.640697807e+01,1.409159361e+02,8.722944104e-01
1445,7.225000000e-02,1.041904551e-01,1.882595775e+02,4.636842431e+01,1.410185982e+02,8.725549698e-01
1446,7.230000000e-02,1.042823902e-01,1.883238484e+02,4.632995397e+01,1.411210799e+02,8.728145132e-01
1447,7.235000000e-02,1.043742950e-01,1.883880215e+02,4.629157599e+01,1.412233725e+02,8.730729507e-01
1448,7.240000000e-02,1.044661692e-01,1.884520970e+02,4.625329449e+01,1.413254722e+02,8.733302231e-01
1449,7.245000000e-02,1.045580136e-01,1.885160752e+02,4.621510762e+01,1.414273813e+02,8.735862970e-01
1450,7.250000000e-02,1.046498343e-01,1.885799564e+02,4.617701110e+01,1.415291041e+02,8.738411914e-01
1451,7.255000000e-02,1.047416305e-01,1.886437408e+02,4.613900954e+01,1.416306363e+02,8.740949287e-01
1452,7.260000000e-02,1.048333979e-01,1.887074287e+02,4.610111174e+01,1.417319695e+02,8.743474787e-01
1453,7.265000000e-02,1.049251331e-01,1.887710204e+02,4.606331780e+01,1.418331038e+02,8.745988000e-01
1454,7.270000000e-02,1.050168426e-01,1.888345161e+02,4.602562738e+01,1.419340398e+02,8.748488975e-01
1455,7.275000000e-02,1.051085220e-01,1.888979161e+02,4.598803125e+01,1.420347871e+02,8.750977621e-01
1456,7.280000000e-02,1.052001803e-01,1.889612208e+02,4.595049951e+01,1.421353755e+02,8.753457176e-01
1457,7.285000000e-02,1.052918199e-01,1.890244302e+02,4.591301802e+01,1.422358193e+02,8.755928927e-01
1458,7.290000000e-02,1.053834477e-01,1.890875447e+02,4.587558379e+01,1.423361216e+02,8.758392816e-01
1459,7.295000000e-02,1.054750588e-01,1.891505644e+02,4.583819880e+01,1.424362808e+02,8.760848307e-01
1460,7.300000000e-02,1.055666554e-01,1.892134896e+02,4.580082057e+01,1.425363394e+02,8.763296199e-01
1461,7.305000000e-02,1.056582642e-01,1.892763203e+02,4.576338468e+01,1.426363615e+02,8.765741919e-01
1462,7.310000000e-02,1.057498979e-01,1.893390568e+02,4.572587017e+01,1.427363678e+02,8.768188586e-01
1463,7.315000000e-02,1.058415529e-01,1.894016990e+02,4.568827127e+01,1.428363641e+02,8.770635987e-01
1464,7.320000000e-02,1.059332368e-01,1.894642469e+02,4.565058252e+01,1.429363558e+02,8.773085872e-01
1465,7.325000000e-02,1.060249386e-01,1.895267005e+02,4.561281850e+01,1.430363284e+02,8.775536753e-01
1466,7.330000000e-02,1.061166630e-01,1.895890600e+02,4.557496831e+01,1.431362927e+02,8.777989500e-01
1467,7.335000000e-02,1.062084087e-01,1.896513252e+02,4.553704130e+01,1.432362394e+02,8.780444685e-01
1468,7.340000000e-02,1.063001645e-01,1.897134962e+02,4.549905021e+01,1.433361560e+02,8.782900237e-01
1469,7.345000000e-02,1.063919362e-01,1.897755731e+02,4.546098959e+01,1.434360478e+02,8.785356381e-01
1470,7.350000000e-02,1.064837289e-01,1.898375558e+02,4.542287183e+01,1.435359027e+02,8.787812583e-01
1471,7.355000000e-02,1.065755302e-01,1.898994445e+02,4.538471511e+01,1.436357026e+02,8.790266902e-01
1472,7.360000000e-02,1.066673418e-01,1.899612391e+02,4.534653287e+01,1.437354344e+02,8.792718543e-01
1473,7.365000000e-02,1.067591551e-01,1.900229398e+02,4.530835074e+01,1.438350724e+02,8.795166333e-01
1474,7.370000000e-02,1.068509607e-01,1.900845467e+02,4.527019464e+01,1.439345912e+02,8.797608609e-01
1475,7.375000000e-02,1.069427511e-01,1.901460598e+02,4.523208596e+01,1.440339695e+02,8.800043838e-01
1476,7.380000000e-02,1.070345209e-01,1.902074795e+02,4.519404295e+01,1.441331895e+02,8.802470732e-01
1477,7.385000000e-02,1.071262655e-01,1.902688059e+02,4.515608050e+01,1.442322366e+02,8.804888241e-01
1478,7.390000000e-02,1.072179813e-01,1.903300392e+02,4.511821031e+01,1.443310994e+02,8.807295529e-01
1479,7.395000000e-02,1.073096656e-01,1.903911797e+02,4.508044176e+01,1.444297688e+02,8.809691933e-01
1480,7.400000000e-02,1.074013164e-01,1.904522276e+02,4.504278241e+01,1.445282375e+02,8.812076938e-01
1481,7.405000000e-02,1.074929318e-01,1.905131832e+02,4.500523830e+01,1.446264999e+02,8.814450146e-01
1482,7.410000000e-02,1.075845108e-01,1.905740468e+02,4.496781389e+01,1.447245518e+02,8.816811256e-01
1483,7.415000000e-02,1.076760522e-01,1.906348187e+02,4.493051257e+01,1.448223901e+02,8.819160044e-01
1484,7.420000000e-02,1.077675555e-01,1.906954990e+02,4.489333518e+01,1.449200142e+02,8.821496344e-01
1485,7.425000000e-02,1.078590218e-01,1.907560882e+02,4.485625483e+01,1.450174513e+02,8.823820486e-01
1486,7.430000000e-02,1.079504717e-01,1.908165865e+02,4.481920896e+01,1.451147637e+02,8.826138991e-01
1487,7.435000000e-02,1.080419129e-01,1.908769942e+02,4.478216346e+01,1.452119853e+02,8.828453825e-01
1488,7.440000000e-02,1.081333553e-01,1.909373112e+02,4.474509287e+01,1.453091417e+02,8.830767115e-01
1489,7.445000000e-02,1.082247969e-01,1.909975379e+02,4.470801069e+01,1.454062194e+02,8.833077992e-01
1490,7.450000000e-02,1.083162308e-01,1.910576742e+02,4.467094035e+01,1.455031953e+02,8.835385029e-01
1491,7.455000000e-02,1.084076497e-01,1.911177203e+02,4.463390471e+01,1.456000469e+02,8.837686763e-01
1492,7.460000000e-02,1.084990480e-01,1.911776763e+02,4.459692241e+01,1.456967557e+02,8.839981897e-01
1493,7.465000000e-02,1.085904219e-01,1.912375424e+02,4.455998534e+01,1.457933302e+02,8.842269375e-01
1494,7.470000000e-02,1.086817869e-01,1.912973189e+02,4.452306212e+01,1.458898016e+02,8.844551515e-01
1495,7.475000000e-02,1.087731414e-01,1.913570058e+02,4.448616338e+01,1.459861596e+02,8.846828339e-01
1496,7.480000000e-02,1.088644803e-01,1.914166033e+02,4.444930576e+01,1.460823876e+02,8.849099029e-01
1497,7.485000000e-02,1.089557992e-01,1.914761116e+02,4.441250478e+01,1.461784705e+02,8.851362650e-01
1498,7.490000000e-02,1.090470945e-01,1.915355308e+02,4.437575957e+01,1.462744094e+02,8.853618342e-01
1499,7.495000000e-02,1.091383750e-01,1.915948612e+02,4.433905884e+01,1.463702157e+02,8.855866367e-01
1500,7.500000000e-02,1.092296421e-01,1.916541029e+02,4.430240546e+01,1.464658868e+02,8.858107139e-01
1501,7.505000000e-02,1.093208905e-01,1.917132562e+02,4.426581489e+01,1.465614073e+02,8.860340004e-01
1502,7.510000000e-02,1.094121156e-01,1.917723211e+02,4.422930128e+01,1.466567634e+02,8.862564205e-01
1503,7.515000000e-02,1.095033136e-01,1.918312980e+02,4.419287593e+01,1.467519441e+02,8.864779097e-01
1504,7.520000000e-02,1.095944819e-01,1.918901870e+02,4.415654759e+01,1.468469410e+02,8.866984170e-01
1505,7.525000000e-02,1.096856185e-01,1.919489884e+02,4.412032301e+01,1.469417475e+02,8.869179030e-01
1506,7.530000000e-02,1.097767218e-01,1.920077024e+02,4.408420734e+01,1.470363587e+02,8.871363383e-01
1507,7.535000000e-02,1.098677908e-01,1.920663293e+02,4.404820452e+01,1.471307711e+02,8.873537014e-01
1508,7.540000000e-02,1.099588245e-01,1.921248694e+02,4.401231760e+01,1.472249818e+02,8.875699768e-01
1509,7.545000000e-02,1.100498225e-01,1.921833229e+02,4.397654892e+01,1.473189888e+02,8.877851542e-01
1510,7.550000000e-02,1.101407841e-01,1.922416901e+02,4.394089888e+01,1.474127920e+02,8.879992272e-01
1511,7.555000000e-02,1.102317102e-01,1.922999713e+02,4.390536818e+01,1.475063909e+02,8.882121926e-01
1512,7.560000000e-02,1.103226007e-01,1.923581667e+02,4.386995800e+01,1.475997846e+02,8.884240499e-01
1513,7.565000000e-02,1.104134551e-01,1.924162766e+02,4.383466172e+01,1.476929800e+02,8.886347996e-01
1514,7.570000000e-02,1.105042794e-01,1.924743012e+02,4.379945730e+01,1.477859995e+02,8.888444867e-01
1515,7.575000000e-02,1.105950867e-01,1.925322409e+02,4.376432568e+01,1.478788620e+02,8.890532656e-01
1516,7.580000000e-02,1.106858765e-01,1.925900959e+02,4.372926889e+01,1.479715658e+02,8.892611849e-01
1517,7.585000000e-02,1.107766455e-01,1.926478663e+02,4.369429306e+01,1.480641050e+02,8.894682314e-01
1518,7.590000000e-02,1.108673910e-01,1.927055524e+02,4.365940372e+01,1.481564743e+02,8.896743771e-01
1519,7.595000000e-02,1.109581109e-01,1.927631544e+02,4.362460645e+01,1.482486683e+02,8.898795921e-01
1520,7.600000000e-02,1.110488031e-01,1.928206725e+02,4.358990634e+01,1.483406823e+02,8.900838481e-01
1521,7.605000000e-02,1.111394662e-01,1.928781069e+02,4.355530782e+01,1.484325120e+02,8.902871212e-01
1522,7.610000000e-02,1.112300987e-01,1.929354579e+02,4.352081460e+01,1.485241540e+02,8.904893925e-01
1523,7.615000000e-02,1.113206998e-01,1.929927258e+02,4.348642974e+01,1.486156054e+02,8.906906472e-01
1524,7.620000000e-02,1.114112684e-01,1.930499108e+02,4.345215549e+01,1.487068645e+02,8.908908749e-01
1525,7.625000000e-02,1.115018041e-01,1.931070131e+02,4.341799371e+01,1.487979294e+02,8.910900686e-01
1526,7.630000000e-02,1.115923064e-01,1.931640331e+02,4.338394583e+01,1.488887990e+02,8.912882238e-01
1527,7.635000000e-02,1.116827749e-01,1.932209708e+02,4.335001280e+01,1.489794727e+02,8.914853385e-01
1528,7.640000000e-02,1.117732095e-01,1.932778267e+02,4.331619545e+01,1.490699499e+02,8.916814125e-01
1529,7.645000000e-02,1.118636098e-01,1.933346010e+02,4.328249442e+01,1.491602301e+02,8.918764469e-01
1530,7.650000000e-02,1.119539759e-01,1.933912939e+02,4.324891020e+01,1.492503133e+02,8.920704442e-01
1531,7.655000000e-02,1.120443075e-01,1.934479057e+02,4.321544309e+01,1.493401992e+02,8.922634080e-01
1532,7.660000000e-02,1.121346048e-01,1.935044366e+02,4.318209327e+01,1.494298880e+02,8.924553427e-01
1533,7.665000000e-02,1.122248676e-01,1.935608870e+02,4.314886084e+01,1.495193799e+02,8.926462533e-01
1534,7.670000000e-02,1.123150959e-01,1.936172570e+02,4.311574577e+01,1.496086751e+02,8.928361455e-01
1535,7.675000000e-02,1.124052899e-01,1.936735469e+02,4.308273987e+01,1.496977820e+02,8.930250254e-01
1536,7.680000000e-02,1.124954561e-01,1.937297570e+02,4.304981907e+01,1.497867250e+02,8.932129924e-01
1537,7.685000000e-02,1.125856054e-01,1.937858876e+02,4.301696264e+01,1.498755247e+02,8.934002612e-01
1538,7.690000000e-02,1.126757390e-01,1.938419387e+02,4.298416862e+01,1.499641832e+02,8.935868718e-01
1539,7.695000000e-02,1.127658543e-01,1.938979106e+02,4.295144376e+01,1.500526941e+02,8.937727911e-01
1540,7.700000000e-02,1.128559478e-01,1.939538035e+02,4.291879673e+01,1.501410488e+02,8.939579702e-01
1541,7.705000000e-02,1.129460169e-01,1.940096176e+02,4.288623316e+01,1.502292421e+02,8.941423636e-01
1542,7.710000000e-02,1.130360612e-01,1.940653531e+02,4.285373424e+01,1.503172929e+02,8.943259625e-01
1543,7.715000000e-02,1.131260961e-01,1.941210101e+02,4.282126634e+01,1.504052347e+02,8.945090752e-01
1544,7.720000000e-02,1.132161235e-01,1.941765889e+02,4.278882633e+01,1.504930708e+02,8.946917819e-01
1545,7.725000000e-02,1.133061400e-01,1.942320896e+02,4.275642113e+01,1.505807945e+02,8.948740279e-01
1546,7.730000000e-02,1.133961448e-01,1.942875124e+02,4.272406233e+01,1.506683943e+02,8.950557381e-01
1547,7.735000000e-02,1.134861331e-01,1.943428573e+02,4.269176395e+01,1.507558565e+02,8.952368350e-01
1548,7.740000000e-02,1.135761008e-01,1.943981245e+02,4.265953248e+01,1.508431748e+02,8.954172481e-01
1549,7.745000000e-02,1.136660517e-01,1.944533143e+02,4.262736518e+01,1.509303522e+02,8.955969568e-01
1550,7.750000000e-02,1.137559885e-01,1.945084269e+02,4.259524449e+01,1.510174064e+02,8.957759960e-01
1551,7.755000000e-02,1.138459250e-01,1.945634623e+02,4.256313796e+01,1.511043696e+02,8.959547053e-01
1552,7.760000000e-02,1.139358588e-01,1.946184207e+02,4.253104452e+01,1.511912431e+02,8.961331373e-01
1553,7.765000000e-02,1.140257849e-01,1.946733023e+02,4.249897782e+01,1.512780133e+02,8.963112024e-01
1554,7.770000000e-02,1.141156975e-01,1.947281072e+02,4.246695253e+01,1.513646659e+02,8.964887894e-01
1555,7.775000000e-02,1.142055947e-01,1.947828355e+02,4.243497879e+01,1.514511909e+02,8.966658066e-01
1556,7.780000000e-02,1.142954762e-01,1.948374874e+02,4.240306044e+01,1.515375847e+02,8.968421926e-01
1557,7.785000000e-02,1.143853422e-01,1.948920630e+02,4.237120569e+01,1.516238394e+02,8.970179130e-01
1558,7.790000000e-02,1.144751893e-01,1.949465625e+02,4.233942486e+01,1.517099447e+02,8.971929233e-01
1559,7.795000000e-02,1.145650142e-01,1.950009861e+02,4.230771879e+01,1.517959002e+02,8.973671804e-01
1560,7.800000000e-02,1.146548249e-01,1.950553341e+02,4.227608257e+01,1.518817108e+02,8.975406987e-01
1561,7.805000000e-02,1.147446173e-01,1.951096065e+02,4.224452172e+01,1.519673713e+02,8.977134743e-01
1562,7.810000000e-02,1.148343879e-01,1.951638036e+02,4.221303089e+01,1.520528872e+02,8.978854861e-01
1563,7.815000000e-02,1.149241436e-01,1.952179255e+02,4.218160011e+01,1.521382686e+02,8.980567910e-01
1564,7.820000000e-02,1.150138891e-01,1.952719725e+02,4.215022007e+01,1.522235250e+02,8.982274399e-01
1565,7.825000000e-02,1.151036300e-01,1.953259447e+02,4.211886812e+01,1.523086790e+02,8.983975606e-01
1566,7.830000000e-02,1.151933758e-01,1.953798423e+02,4.208750886e+01,1.523937660e+02,8.985674013e-01
1567,7.835000000e-02,1.152831404e-01,1.954336653e+02,4.205610653e+01,1.524788215e+02,8.987372284e-01
1568,7.840000000e-02,1.153729236e-01,1.954874139e+02,4.202466137e+01,1.525638454e+02,8.989071316e-01
1569,7.845000000e-02,1.154627163e-01,1.955410880e+02,4.199319530e+01,1.526488157e+02,8.990769957e-01
1570,7.850000000e-02,1.155525098e-01,1.955946877e+02,4.196173254e+01,1.527337085e+02,8.992466727e-01
1571,7.855000000e-02,1.156422966e-01,1.956482132e+02,4.193029458e+01,1.528185026e+02,8.994160278e-01
1572,7.860000000e-02,1.157320712e-01,1.957016645e+02,4.189889928e+01,1.529031802e+02,8.995849491e-01
1573,7.865000000e-02,1.158218291e-01,1.957550417e+02,4.186756017e+01,1.529877282e+02,8.997533472e-01
1574,7.870000000e-02,1.159115674e-01,1.958083451e+02,4.183626260e+01,1.530721613e+02,8.999211529e-01
1575,7.875000000e-02,1.160013055e-01,1.958615747e+02,4.180496048e+01,1.531565256e+02,9.000885884e-01
1576,7.880000000e-02,1.160910670e-01,1.959147307e+02,4.177362990e+01,1.532408449e+02,9.002558702e-01
1577,7.885000000e-02,1.161808430e-01,1.959678132e+02,4.174228167e+01,1.533251085e+02,9.004229903e-01
1578,7.890000000e-02,1.162706269e-01,1.960208222e+02,4.171089665e+01,1.534093356e+02,9.005899108e-01
1579,7.895000000e-02,1.163604417e-01,1.960737577e+02,4.167939861e+01,1.534936019e+02,9.007572166e-01
1580,7.900000000e-02,1.164502987e-01,1.961266199e+02,4.164776882e+01,1.535779260e+02,9.009251119e-01
1581,7.905000000e-02,1.165401828e-01,1.961794086e+02,4.161604531e+01,1.536622698e+02,9.010934016e-01
1582,7.910000000e-02,1.166300792e-01,1.962321237e+02,4.158427139e+01,1.537465905e+02,9.012618375e-01
1583,7.915000000e-02,1.167199763e-01,1.962847653e+02,4.155248390e+01,1.538308512e+02,9.014302025e-01
1584,7.920000000e-02,1.168098657e-01,1.963373335e+02,4.152071159e+01,1.539150235e+02,9.015983229e-01
1585,7.925000000e-02,1.168997411e-01,1.963898282e+02,4.148897658e+01,1.539990856e+02,9.017660635e-01
1586,7.930000000e-02,1.169895979e-01,1.964422497e+02,4.145729561e+01,1.540830208e+02,9.019333209e-01
1587,7.935000000e-02,1.170794327e-01,1.964945981e+02,4.142568132e+01,1.541668168e+02,9.021000166e-01
1588,7.940000000e-02,1.171692430e-01,1.965468736e+02,4.139414314e+01,1.542504643e+02,9.022660916e-01
1589,7.945000000e-02,1.172590269e-01,1.965990763e+02,4.136268823e+01,1.543339565e+02,9.024315018e-01
1590,7.950000000e-02,1.173487831e-01,1.966512064e+02,4.133132198e+01,1.544172882e+02,9.025962145e-01
1591,7.955000000e-02,1.174385105e-01,1.967032642e+02,4.130004841e+01,1.545004556e+02,9.027602059e-01
1592,7.960000000e-02,1.175282086e-01,1.967552498e+02,4.126887054e+01,1.545834558e+02,9.029234590e-01
1593,7.965000000e-02,1.176178767e-01,1.968071634e+02,4.123779058e+01,1.546662869e+02,9.030859623e-01
1594,7.970000000e-02,1.177075144e-01,1.968590054e+02,4.120681016e+01,1.547489475e+02,9.032477082e-01
1595,7.975000000e-02,1.177971216e-01,1.969107758e+02,4.117593045e+01,1.548314366e+02,9.034086922e-01
1596,7.980000000e-02,1.178866979e-01,1.969624749e+02,4.114515224e+01,1.549137537e+02,9.035689124e-01
1597,7.985000000e-02,1.179762434e-01,1.970141029e+02,4.111447607e+01,1.549958984e+02,9.037283688e-01
1598,7.990000000e-02,1.180657580e-01,1.970656600e+02,4.108390193e+01,1.550778710e+02,9.038870627e-01
1599,7.995000000e-02,1.181552418e-01,1.971171465e+02,4.105342867e+01,1.551596728e+02,9.040449967e-01
1600,8.000000000e-02,1.182446951e-01,1.971685625e+02,4.102305579e+01,1.552413045e+02,9.042021736e-01
1601,8.005000000e-02,1.183341181e-01,1.972199083e+02,4.099278306e+01,1.553227666e+02,9.043585956e-01
1602,8.010000000e-02,1.184235108e-01,1.972711841e+02,4.096261035e+01,1.554040595e+02,9.045142648e-01
1603,8.015000000e-02,1.185128734e-01,1.973223901e+02,4.093253760e+01,1.554851833e+02,9.046691836e-01
1604,8.020000000e-02,1.186022060e-01,1.973735265e+02,4.090256474e+01,1.555661384e+02,9.048233547e-01
1605,8.025000000e-02,1.186915085e-01,1.974245935e+02,4.087269171e+01,1.556469250e+02,9.049767808e-01
1606,8.030000000e-02,1.187807810e-01,1.974755913e+02,4.084291842e+01,1.557275434e+02,9.051294654e-01
1607,8.035000000e-02,1.188700236e-01,1.975265202e+02,4.081324306e+01,1.558079957e+02,9.052814122e-01
1608,8.040000000e-02,1.189592385e-01,1.975773803e+02,4.078363791e+01,1.558883098e+02,9.054326273e-01
1609,8.045000000e-02,1.190484456e-01,1.976281719e+02,4.075405153e+01,1.559685369e+02,9.055834598e-01
1610,8.050000000e-02,1.191376484e-01,1.976788950e+02,4.072447974e+01,1.560486813e+02,9.057340389e-01
1611,8.055000000e-02,1.192268442e-01,1.977295499e+02,4.069493145e+01,1.561287341e+02,9.058843559e-01
1612,8.060000000e-02,1.193160294e-01,1.977801365e+02,4.066541756e+01,1.562086846e+02,9.060343654e-01
1613,8.065000000e-02,1.194052006e-01,1.978306551e+02,4.063594829e+01,1.562885228e+02,9.061840136e-01
1614,8.070000000e-02,1.194943551e-01,1.978811057e+02,4.060653090e+01,1.563682415e+02,9.063332486e-01
1615,8.075000000e-02,1.195834921e-01,1.979314885e+02,4.057716989e+01,1.564478366e+02,9.064820261e-01
1616,8.080000000e-02,1.196726116e-01,1.979818036e+02,4.054787138e+01,1.565273019e+02,9.066303134e-01
1617,8.085000000e-02,1.197617110e-01,1.980320513e+02,4.051864175e+01,1.566066315e+02,9.067780796e-01
1618,8.090000000e-02,1.198507883e-01,1.980822316e+02,4.048948625e+01,1.566858201e+02,9.069252963e-01
1619,8.095000000e-02,1.199398420e-01,1.981323448e+02,4.046039392e+01,1.567648789e+02,9.070719407e-01
1620,8.100000000e-02,1.200288876e-01,1.981823909e+02,4.043133694e+01,1.568438358e+02,9.072181536e-01
1621,8.105000000e-02,1.201179254e-01,1.982323702e+02,4.040231641e+01,1.569226898e+02,9.073639839e-01
1622,8.110000000e-02,1.202069506e-01,1.982822828e+02,4.037334337e+01,1.570014301e+02,9.075093918e-01
1623,8.115000000e-02,1.202959595e-01,1.983321288e+02,4.034442802e+01,1.570800465e+02,9.076543294e-01
1624,8.120000000e-02,1.203849493e-01,1.983819084e+02,4.031557853e+01,1.571585311e+02,9.077987555e-01
1625,8.125000000e-02,1.204739179e-01,1.984316217e+02,4.028680117e+01,1.572368779e+02,9.079426382e-01
1626,8.130000000e-02,1.205628636e-01,1.984812689e+02,4.025810063e+01,1.573150823e+02,9.080859537e-01
1627,8.135000000e-02,1.206517854e-01,1.985308501e+02,4.022948039e+01,1.573931410e+02,9.082286847e-01
1628,8.140000000e-02,1.207406824e-01,1.985803655e+02,4.020094301e+01,1.574710517e+02,9.083708189e-01
1629,8.145000000e-02,1.208295542e-01,1.986298154e+02,4.017249036e+01,1.575488127e+02,9.085123481e-01
1630,8.150000000e-02,1.209184002e-01,1.986791999e+02,4.014412375e+01,1.576264229e+02,9.086532671e-01
1631,8.155000000e-02,1.210072202e-01,1.987285191e+02,4.011583655e+01,1.577038890e+02,9.087935730e-01
1632,8.160000000e-02,1.210960212e-01,1.987777734e+02,4.008760605e+01,1.577812340e+02,9.089333131e-01
1633,8.165000000e-02,1.211848157e-01,1.988269627e+02,4.005941944e+01,1.578584707e+02,9.090725903e-01
1634,8.170000000e-02,1.212736015e-01,1.988760874e+02,4.003128189e+01,1.579355941e+02,9.092114171e-01
1635,8.175000000e-02,1.213623752e-01,1.989251474e+02,4.000320042e+01,1.580125972e+02,9.093497748e-01
1636,8.180000000e-02,1.214511336e-01,1.989741430e+02,3.997518143e+01,1.580894739e+02,9.094876398e-01
1637,8.185000000e-02,1.215398745e-01,1.990230743e+02,3.994723031e+01,1.581662190e+02,9.096249900e-01
1638,8.190000000e-02,1.216285959e-01,1.990719414e+02,3.991935140e+01,1.582428282e+02,9.097618072e-01
1639,8.195000000e-02,1.217172964e-01,1.991207446e+02,3.989154815e+01,1.583192983e+02,9.098980776e-01
1640,8.200000000e-02,1.218059749e-01,1.991694839e+02,3.986382319e+01,1.583956270e+02,9.100337909e-01
1641,8.205000000e-02,1.218946306e-01,1.992181597e+02,3.983617853e+01,1.584718122e+02,9.101689402e-01
1642,8.210000000e-02,1.219832627e-01,1.992667719e+02,3.980861563e+01,1.585478528e+02,9.103035212e-01
1643,8.215000000e-02,1.220718710e-01,1.993153209e+02,3.978113556e+01,1.586237478e+02,9.104375319e-01
1644,8.220000000e-02,1.221604549e-01,1.993638068e+02,3.975373903e+01,1.586994968e+02,9.105709716e-01
1645,8.225000000e-02,1.222490144e-01,1.994122297e+02,3.972642653e+01,1.587750994e+02,9.107038410e-01
1646,8.230000000e-02,1.223375493e-01,1.994605899e+02,3.969919834e+01,1.588505555e+02,9.108361418e-01
1647,8.235000000e-02,1.224260595e-01,1.995088876e+02,3.967205458e+01,1.589258651e+02,9.109678764e-01
1648,8.240000000e-02,1.225145449e-01,1.995571228e+02,3.964499529e+01,1.590010284e+02,9.110990475e-01
1649,8.245000000e-02,1.226030055e-01,1.996052958e+02,3.961802039e+01,1.590760457e+02,9.112296586e-01
1650,8.250000000e-02,1.226914414e-01,1.996534068e+02,3.959112976e+01,1.591509173e+02,9.113597130e-01
1651,8.255000000e-02,1.227798526e-01,1.997014559e+02,3.956432321e+01,1.592256435e+02,9.114892144e-01
1652,8.260000000e-02,1.228682391e-01,1.997494433e+02,3.953760053e+01,1.593002246e+02,9.116181668e-01
1653,8.265000000e-02,1.229566010e-01,1.997973692e+02,3.951096148e+01,1.593746612e+02,9.117465739e-01
1654,8.270000000e-02,1.230449384e-01,1.998452338e+02,3.948440543e+01,1.594489540e+02,9.118744397e-01
1655,8.275000000e-02,1.231332514e-01,1.998930373e+02,3.945793107e+01,1.595231044e+02,9.120017679e-01
1656,8.280000000e-02,1.232215404e-01,1.999407797e+02,3.943152928e+01,1.595971219e+02,9.121285615e-01
1657,8.285000000e-02,1.233098147e-01,1.999884614e+02,3.940517151e+01,1.596710349e+02,9.122549479e-01
1658,8.290000000e-02,1.233980833e-01,2.000360824e+02,3.937883448e+01,1.597448668e+02,9.123811283e-01
1659,8.295000000e-02,1.234863449e-01,2.000836428e+02,3.935251853e+01,1.598186171e+02,9.125071211e-01
1660,8.300000000e-02,1.235745962e-01,2.001311427e+02,3.932623258e+01,1.598922773e+02,9.126328801e-01
1661,8.305000000e-02,1.236628341e-01,2.001785823e+02,3.929998138e+01,1.599658426e+02,9.127583504e-01
1662,8.310000000e-02,1.237510605e-01,2.002259617e+02,3.927375297e+01,1.600393252e+02,9.128835293e-01
1663,8.315000000e-02,1.238392848e-01,2.002732809e+02,3.924753307e+01,1.601127393e+02,9.130085425e-01
1664,8.320000000e-02,1.239275079e-01,2.003205401e+02,3.922131314e+01,1.601860935e+02,9.131333997e-01
1665,8.325000000e-02,1.240157393e-01,2.003677393e+02,3.919507587e+01,1.602594052e+02,9.132581942e-01
1666,8.330000000e-02,1.241039786e-01,2.004148786e+02,3.916881945e+01,1.603326761e+02,9.133830066e-01
1667,8.335000000e-02,1.241922199e-01,2.004619580e+02,3.914255737e+01,1.604058929e+02,9.135077842e-01
1668,8.340000000e-02,1.242804573e-01,2.005089776e+02,3.911630684e+01,1.604790384e+02,9.136324353e-01
1669,8.345000000e-02,1.243686857e-01,2.005559376e+02,3.909008355e+01,1.605520971e+02,9.137568730e-01
1670,8.350000000e-02,1.244569012e-01,2.006028378e+02,3.906390018e+01,1.606250566e+02,9.138810258e-01
1671,8.355000000e-02,1.245451008e-01,2.006496786e+02,3.903776657e+01,1.606979072e+02,9.140048385e-01
1672,8.360000000e-02,1.246332825e-01,2.006964600e+02,3.901169015e+01,1.607706415e+02,9.141282692e-01
1673,8.365000000e-02,1.247214446e-01,2.007431821e+02,3.898567643e+01,1.608432544e+02,9.142512870e-01
1674,8.370000000e-02,1.248095861e-01,2.007898451e+02,3.895971526e+01,1.609157559e+02,9.143738695e-01
1675,8.375000000e-02,1.248977163e-01,2.008364491e+02,3.893377023e+01,1.609881827e+02,9.144961531e-01
1676,8.380000000e-02,1.249858505e-01,2.008829942e+02,3.890781215e+01,1.610605637e+02,9.146183421e-01
1677,8.385000000e-02,1.250739939e-01,2.009294806e+02,3.888183904e+01,1.611329011e+02,9.147404817e-01
1678,8.390000000e-02,1.251621403e-01,2.009759082e+02,3.885585580e+01,1.612051899e+02,9.148625209e-01
1679,8.395000000e-02,1.252502899e-01,2.010222772e+02,3.882987510e+01,1.612774176e+02,9.149844076e-01
1680,8.400000000e-02,1.253384360e-01,2.010685875e+02,3.880391211e+01,1.613495693e+02,9.151060837e-01
1681,8.405000000e-02,1.254265765e-01,2.011148393e+02,3.877796669e+01,1.614216451e+02,9.152274981e-01
1682,8.410000000e-02,1.255147241e-01,2.011610326e+02,3.875203241e+01,1.614936515e+02,9.153486999e-01
1683,8.415000000e-02,1.256028699e-01,2.012071676e+02,3.872612120e+01,1.615655767e+02,9.154696670e-01
1684,8.420000000e-02,1.256910104e-01,2.012532443e+02,3.870024050e+01,1.616374134e+02,9.155903560e-01
1685,8.425000000e-02,1.257791460e-01,2.012992628e+02,3.867439296e+01,1.617091591e+02,9.157107364e-01
1686,8.430000000e-02,1.258672751e-01,2.013452233e+02,3.864858382e+01,1.617808087e+02,9.158307839e-01
1687,8.435000000e-02,1.259553954e-01,2.013911258e+02,3.862282080e+01,1.618523546e+02,9.159504822e-01
1688,8.440000000e-02,1.260435030e-01,2.014369705e+02,3.859710947e+01,1.619237913e+02,9.160698065e-01
1689,8.445000000e-02,1.261315971e-01,2.014827575e+02,3.857145410e+01,1.619951147e+02,9.161887341e-01
1690,8.450000000e-02,1.262196764e-01,2.015284869e+02,3.854585975e+01,1.620663199e+02,9.163072466e-01
1691,8.455000000e-02,1.263077384e-01,2.015741589e+02,3.852033100e+01,1.621374026e+02,9.164253272e-01
1692,8.460000000e-02,1.263957815e-01,2.016197736e+02,3.849487016e+01,1.622083605e+02,9.165429635e-01
1693,8.465000000e-02,1.264838048e-01,2.016653312e+02,3.846947776e+01,1.622791933e+02,9.166601459e-01
1694,8.470000000e-02,1.265718091e-01,2.017108317e+02,3.844415093e+01,1.623499039e+02,9.167768706e-01
1695,8.475000000e-02,1.266597972e-01,2.017562754e+02,3.841888891e+01,1.624204934e+02,9.168931447e-01
1696,8.480000000e-02,1.267477688e-01,2.018016624e+02,3.839369360e+01,1.624909599e+02,9.170089660e-01
1697,8.485000000e-02,1.268357225e-01,2.018469929e+02,3.836856756e+01,1.625613010e+02,9.171243296e-01
1698,8.490000000e-02,1.269236569e-01,2.018922669e+02,3.834351297e+01,1.626315147e+02,9.172392310e-01
1699,8.495000000e-02,1.270115711e-01,2.019374846e+02,3.831853137e+01,1.627015996e+02,9.173536674e-01
1700,8.500000000e-02,1.270994643e-01,2.019826463e+02,3.829362385e+01,1.627715548e+02,9.174676373e-01
1701,8.505000000e-02,1.271873361e-01,2.020277520e+02,3.826879117e+01,1.628413796e+02,9.175811405e-01
1702,8.510000000e-02,1.272751862e-01,2.020728018e+02,3.824403244e+01,1.629110752e+02,9.176941781e-01
1703,8.515000000e-02,1.273630162e-01,2.021177960e+02,3.821933487e+01,1.629806544e+02,9.178067575e-01
1704,8.520000000e-02,1.274508380e-01,2.021627348e+02,3.819467524e+01,1.630501406e+02,9.179189498e-01
1705,8.525000000e-02,1.275386551e-01,2.022076181e+02,3.817004416e+01,1.631195430e+02,9.180308733e-01
1706,8.530000000e-02,1.276264676e-01,2.022524461e+02,3.814544586e+01,1.631888577e+02,9.181425316e-01
1707,8.535000000e-02,1.277142723e-01,2.022972190e+02,3.812088789e+01,1.632580772e+02,9.182538978e-01
1708,8.540000000e-02,1.278020664e-01,2.023419368e+02,3.809635990e+01,1.633272119e+02,9.183649457e-01
1709,8.545000000e-02,1.278898724e-01,2.023865996e+02,3.807182599e+01,1.633962977e+02,9.184758985e-01
1710,8.550000000e-02,1.279776850e-01,2.024312075e+02,3.804729135e+01,1.634653294e+02,9.185867870e-01
1711,8.555000000e-02,1.280654981e-01,2.024757606e+02,3.802276377e+01,1.635342993e+02,9.186975596e-01
1712,8.560000000e-02,1.281533137e-01,2.025202589e+02,3.799822379e+01,1.636032269e+02,9.188082143e-01
1713,8.565000000e-02,1.282411564e-01,2.025647026e+02,3.797363709e+01,1.636721465e+02,9.189189771e-01
1714,8.570000000e-02,1.283290207e-01,2.026090915e+02,3.794900655e+01,1.637410551e+02,9.190299009e-01
1715,8.575000000e-02,1.284168974e-01,2.026534258e+02,3.792435082e+01,1.638099341e+02,9.191409052e-01
1716,8.580000000e-02,1.285047781e-01,2.026977055e+02,3.789969085e+01,1.638787627e+02,9.192518856e-01
1717,8.585000000e-02,1.285926560e-01,2.027419306e+02,3.787504459e+01,1.639475232e+02,9.193627489e-01
1718,8.590000000e-02,1.286805260e-01,2.027861011e+02,3.785042637e+01,1.640162013e+02,9.194734203e-01
1719,8.595000000e-02,1.287683847e-01,2.028302172e+02,3.782584740e+01,1.640847860e+02,9.195838420e-01
1720,8.600000000e-02,1.288562291e-01,2.028742790e+02,3.780131536e+01,1.641532697e+02,9.196939709e-01
1721,8.605000000e-02,1.289440580e-01,2.029182866e+02,3.777681753e+01,1.642216653e+02,9.198037846e-01
1722,8.610000000e-02,1.290318839e-01,2.029622401e+02,3.775232251e+01,1.642900040e+02,9.199135063e-01
1723,8.615000000e-02,1.291197075e-01,2.030061395e+02,3.772783227e+01,1.643582840e+02,9.200231817e-01
1724,8.620000000e-02,1.292075260e-01,2.030499850e+02,3.770335578e+01,1.644264964e+02,9.201327772e-01
1725,8.625000000e-02,1.292953362e-01,2.030937766e+02,3.767890285e+01,1.644946315e+02,9.202422418e-01
1726,8.630000000e-02,1.293831354e-01,2.031375144e+02,3.765448235e+01,1.645626805e+02,9.203515251e-01
1727,8.635000000e-02,1.294709215e-01,2.031811985e+02,3.763010189e+01,1.646306360e+02,9.204605833e-01
1728,8.640000000e-02,1.295586927e-01,2.032248290e+02,3.760576768e+01,1.646984919e+02,9.205693806e-01
1729,8.645000000e-02,1.296464475e-01,2.032684060e+02,3.758148468e+01,1.647662434e+02,9.206778889e-01
1730,8.650000000e-02,1.297341849e-01,2.033119297e+02,3.755725674e+01,1.648338868e+02,9.207860870e-01
1731,8.655000000e-02,1.298219041e-01,2.033554001e+02,3.753308684e+01,1.649014193e+02,9.208939590e-01
1732,8.660000000e-02,1.299096045e-01,2.033988173e+02,3.750896221e+01,1.649688536e+02,9.210014938e-01
1733,8.665000000e-02,1.299972989e-01,2.034421816e+02,3.748484889e+01,1.650362239e+02,9.211088663e-01
1734,8.670000000e-02,1.300849905e-01,2.034854930e+02,3.746073990e+01,1.651035370e+02,9.212161667e-01
1735,8.675000000e-02,1.301726771e-01,2.035287516e+02,3.743663518e+01,1.651707930e+02,9.213233751e-01
1736,8.680000000e-02,1.302603659e-01,2.035719574e+02,3.741251931e+01,1.652380075e+02,9.214305320e-01
1737,8.685000000e-02,1.303480623e-01,2.036151104e+02,3.738838434e+01,1.653051884e+02,9.215377276e-01
1738,8.690000000e-02,1.304357591e-01,2.036582108e+02,3.736424546e+01,1.653723204e+02,9.216449246e-01
1739,8.695000000e-02,1.305234503e-01,2.037012586e+02,3.734011962e+01,1.654393869e+02,9.217520531e-01
1740,8.700000000e-02,1.306111314e-01,2.037442539e+02,3.731602075e+01,1.655063740e+02,9.218590500e-01
1741,8.705000000e-02,1.306987993e-01,2.037871966e+02,3.729195917e+01,1.655732716e+02,9.219658659e-01
1742,8.710000000e-02,1.307864520e-01,2.038300870e+02,3.726794239e+01,1.656400721e+02,9.220724639e-01
1743,8.715000000e-02,1.308740878e-01,2.038729251e+02,3.724397594e+01,1.657067704e+02,9.221788173e-01
1744,8.720000000e-02,1.309617059e-01,2.039157111e+02,3.722006377e+01,1.657733624e+02,9.222849072e-01
1745,8.725000000e-02,1.310493055e-01,2.039584450e+02,3.719620873e+01,1.658398456e+02,9.223907208e-01
1746,8.730000000e-02,1.311368861e-01,2.040011271e+02,3.717241282e+01,1.659062180e+02,9.224962498e-01
1747,8.735000000e-02,1.312244473e-01,2.040437573e+02,3.714867743e+01,1.659724784e+02,9.226014895e-01
1748,8.740000000e-02,1.313119890e-01,2.040863359e+02,3.712500350e+01,1.660386260e+02,9.227064378e-01
1749,8.745000000e-02,1.313995110e-01,2.041288630e+02,3.710139167e+01,1.661046602e+02,9.228110947e-01
1750,8.750000000e-02,1.314870133e-01,2.041713387e+02,3.707784232e+01,1.661705809e+02,9.229154618e-01
1751,8.755000000e-02,1.315744959e-01,2.042137631e+02,3.705435566e+01,1.662363879e+02,9.230195420e-01
1752,8.760000000e-02,1.316619586e-01,2.042561364e+02,3.703093176e+01,1.663020813e+02,9.231233392e-01
1753,8.765000000e-02,1.317494016e-01,2.042984587e+02,3.700757057e+01,1.663676612e+02,9.232268581e-01
1754,8.770000000e-02,1.318368249e-01,2.043407301e+02,3.698427063e+01,1.664331293e+02,9.233301043e-01
1755,8.775000000e-02,1.319242294e-01,2.043829507e+02,3.696102850e+01,1.664984891e+02,9.234330840e-01
1756,8.780000000e-02,1.320116178e-01,2.044251207e+02,3.693784347e+01,1.665637415e+02,9.235358073e-01
1757,8.785000000e-02,1.320989891e-01,2.044672403e+02,3.691471635e+01,1.666288857e+02,9.236382814e-01
1758,8.790000000e-02,1.321863425e-01,2.045093094e+02,3.689163306e+01,1.666939359e+02,9.237405106e-01
1759,8.795000000e-02,1.322736930e-01,2.045513284e+02,3.686855806e+01,1.667589276e+02,9.238426945e-01
1760,8.800000000e-02,1.323610450e-01,2.045932971e+02,3.684548532e+01,1.668238668e+02,9.239449214e-01
1761,8.805000000e-02,1.324483954e-01,2.046352157e+02,3.682242185e+01,1.668887467e+02,9.240471790e-01
1762,8.810000000e-02,1.325357404e-01,2.046770843e+02,3.679937652e+01,1.669535583e+02,9.241494334e-01
1763,8.815000000e-02,1.326230771e-01,2.047189029e+02,3.677635735e+01,1.670182939e+02,9.242516507e-01
1764,8.820000000e-02,1.327104031e-01,2.047606716e+02,3.675337094e+01,1.670829469e+02,9.243538030e-01
1765,8.825000000e-02,1.327977165e-01,2.048023905e+02,3.673042039e+01,1.671475143e+02,9.244558691e-01
1766,8.830000000e-02,1.328850190e-01,2.048440597e+02,3.670750881e+01,1.672119931e+02,9.245578371e-01
1767,8.835000000e-02,1.329723083e-01,2.048856793e+02,3.668464023e+01,1.672763794e+02,9.246596990e-01
1768,8.840000000e-02,1.330595828e-01,2.049272494e+02,3.666181764e+01,1.673406703e+02,9.247614494e-01
1769,8.845000000e-02,1.331468418e-01,2.049687701e+02,3.663903712e+01,1.674048699e+02,9.248630869e-01
1770,8.850000000e-02,1.332340929e-01,2.050102415e+02,3.661627896e+01,1.674689979e+02,9.249646647e-01
1771,8.855000000e-02,1.333213400e-01,2.050516637e+02,3.659353260e+01,1.675330649e+02,9.250662356e-01
1772,8.860000000e-02,1.334085811e-01,2.050930368e+02,3.657079881e+01,1.675970702e+02,9.251677887e-01
1773,8.865000000e-02,1.334958151e-01,2.051343609e+02,3.654808161e+01,1.676610100e+02,9.252692949e-01
1774,8.870000000e-02,1.335830404e-01,2.051756359e+02,3.652538588e+01,1.677248793e+02,9.253707236e-01
1775,8.875000000e-02,1.336702558e-01,2.052168620e+02,3.650271611e+01,1.677886739e+02,9.254720476e-01
1776,8.880000000e-02,1.337574602e-01,2.052580393e+02,3.648007601e+01,1.678523901e+02,9.255732444e-01
1777,8.885000000e-02,1.338446527e-01,2.052991679e+02,3.645746858e+01,1.679160250e+02,9.256742955e-01
1778,8.890000000e-02,1.339318325e-01,2.053402478e+02,3.643489619e+01,1.679795765e+02,9.257751863e-01
1779,8.895000000e-02,1.340189991e-01,2.053812792e+02,3.641236052e+01,1.680430428e+02,9.258759052e-01
1780,8.900000000e-02,1.341061522e-01,2.054222621e+02,3.638986299e+01,1.681064227e+02,9.259764430e-01
1781,8.905000000e-02,1.341932915e-01,2.054631967e+02,3.636740474e+01,1.681697151e+02,9.260767923e-01
1782,8.910000000e-02,1.342804167e-01,2.055040829e+02,3.634498670e+01,1.682329193e+02,9.261769474e-01
1783,8.915000000e-02,1.343675276e-01,2.055449210e+02,3.632260846e+01,1.682960357e+02,9.262769039e-01
1784,8.920000000e-02,1.344546243e-01,2.055857111e+02,3.630026920e+01,1.683590652e+02,9.263766578e-01
1785,8.925000000e-02,1.345417070e-01,2.056264532e+02,3.627796900e+01,1.684220079e+02,9.264762042e-01
1786,8.930000000e-02,1.346287758e-01,2.056671473e+02,3.625570785e+01,1.684848640e+02,9.265755378e-01
1787,8.935000000e-02,1.347158305e-01,2.057077938e+02,3.623348316e+01,1.685476360e+02,9.266746532e-01
1788,8.940000000e-02,1.348028740e-01,2.057483925e+02,3.621128403e+01,1.686103349e+02,9.267735574e-01
1789,8.945000000e-02,1.348899152e-01,2.057889437e+02,3.618910055e+01,1.686729708e+02,9.268723040e-01
1790,8.950000000e-02,1.349769525e-01,2.058294473e+02,3.616693026e+01,1.687355461e+02,9.269708984e-01
1791,8.955000000e-02,1.350639896e-01,2.058699035e+02,3.614477121e+01,1.687980629e+02,9.270693485e-01
1792,8.960000000e-02,1.351510259e-01,2.059103123e+02,3.612262726e+01,1.688605174e+02,9.271676518e-01
1793,8.965000000e-02,1.352380585e-01,2.059506738e+02,3.610050382e+01,1.689229042e+02,9.272657918e-01
1794,8.970000000e-02,1.353250851e-01,2.059909880e+02,3.607840559e+01,1.689852187e+02,9.273637506e-01
1795,8.975000000e-02,1.354121038e-01,2.060312551e+02,3.605633630e+01,1.690474573e+02,9.274615124e-01
1796,8.980000000e-02,1.354991130e-01,2.060714752e+02,3.603429906e+01,1.691096170e+02,9.275590641e-01
1797,8.985000000e-02,1.355861118e-01,2.061116482e+02,3.601229632e+01,1.691716955e+02,9.276563950e-01
1798,8.990000000e-02,1.356730992e-01,2.061517743e+02,3.599032995e+01,1.692336909e+02,9.277534970e-01
1799,8.995000000e-02,1.357600745e-01,2.061918536e+02,3.596840144e+01,1.692956018e+02,9.278503637e-01
1800,9.000000000e-02,1.358470374e-01,2.062318862e+02,3.594651190e+01,1.693574273e+02,9.279469906e-01
1801,9.005000000e-02,1.359339874e-01,2.062718722e+02,3.592466221e+01,1.694191666e+02,9.280433742e-01
1802,9.010000000e-02,1.360209243e-01,2.063118117e+02,3.590285301e+01,1.694808191e+02,9.281395122e-01
1803,9.015000000e-02,1.361078478e-01,2.063517047e+02,3.588108477e+01,1.695423845e+02,9.282354029e-01
1804,9.020000000e-02,1.361947579e-01,2.063915514e+02,3.585935784e+01,1.696038625e+02,9.283310455e-01
1805,9.025000000e-02,1.362816545e-01,2.064313518e+02,3.583767248e+01,1.696652529e+02,9.284264393e-01
1806,9.030000000e-02,1.363685374e-01,2.064711061e+02,3.581602889e+01,1.697265556e+02,9.285215844e-01
1807,9.035000000e-02,1.364554066e-01,2.065108144e+02,3.579442720e+01,1.697877707e+02,9.286164807e-01
1808,9.040000000e-02,1.365422621e-01,2.065504767e+02,3.577286735e+01,1.698488982e+02,9.287111286e-01
1809,9.045000000e-02,1.366291039e-01,2.065900932e+02,3.575134934e+01,1.699099383e+02,9.288055288e-01
1810,9.050000000e-02,1.367159320e-01,2.066296639e+02,3.572987321e+01,1.699708910e+02,9.288996815e-01
1811,9.055000000e-02,1.368027465e-01,2.066691890e+02,3.570843900e+01,1.700317564e+02,9.289935875e-01
1812,9.060000000e-02,1.368895472e-01,2.067086685e+02,3.568704674e+01,1.700925345e+02,9.290872474e-01
1813,9.065000000e-02,1.369763342e-01,2.067481026e+02,3.566569645e+01,1.701532254e+02,9.291806620e-01
1814,9.070000000e-02,1.370631075e-01,2.067874912e+02,3.564438812e+01,1.702138293e+02,9.292738323e-01
1815,9.075000000e-02,1.371498672e-01,2.068268347e+02,3.562312175e+01,1.702743462e+02,9.293667592e-01
1816,9.080000000e-02,1.372366131e-01,2.068661329e+02,3.560187921e+01,1.703347943e+02,9.294594437e-01
1817,9.085000000e-02,1.373233673e-01,2.069053861e+02,3.558059908e+01,1.703952349e+02,9.295521138e-01
1818,9.090000000e-02,1.374101482e-01,2.069445942e+02,3.555924085e+01,1.704557083e+02,9.296450918e-01
1819,9.095000000e-02,1.374969470e-01,2.069837573e+02,3.553781911e+01,1.705161998e+02,9.297383793e-01
1820,9.100000000e-02,1.375837555e-01,2.070228753e+02,3.551635509e+01,1.705766883e+02,9.298318957e-01
1821,9.105000000e-02,1.376705678e-01,2.070619481e+02,3.549486725e+01,1.706371553e+02,9.299255564e-01
1822,9.110000000e-02,1.377573794e-01,2.071009759e+02,3.547337005e+01,1.706975866e+02,9.300192882e-01
1823,9.115000000e-02,1.378441870e-01,2.071399587e+02,3.545187351e+01,1.707579722e+02,9.301130317e-01
1824,9.120000000e-02,1.379309886e-01,2.071788965e+02,3.543038553e+01,1.708183042e+02,9.302067389e-01
1825,9.125000000e-02,1.380177826e-01,2.072177893e+02,3.540891231e+01,1.708785766e+02,9.303003711e-01
1826,9.130000000e-02,1.381045676e-01,2.072566372e+02,3.538745781e+01,1.709387855e+02,9.303938975e-01
1827,9.135000000e-02,1.381913430e-01,2.072954403e+02,3.536602559e+01,1.709989274e+02,9.304872927e-01
1828,9.140000000e-02,1.382781082e-01,2.073341986e+02,3.534461870e+01,1.710589994e+02,9.305805359e-01
1829,9.145000000e-02,1.383648624e-01,2.073729123e+02,3.532322954e+01,1.711190091e+02,9.306736101e-01
1830,9.150000000e-02,1.384516145e-01,2.074115813e+02,3.530183904e+01,1.711789757e+02,9.307665825e-01
1831,9.155000000e-02,1.385383718e-01,2.074502059e+02,3.528043663e+01,1.712389097e+02,9.308595403e-01
1832,9.160000000e-02,1.386251336e-01,2.074887859e+02,3.525902514e+01,1.712988083e+02,9.309524828e-01
1833,9.165000000e-02,1.387118965e-01,2.075273214e+02,3.523761284e+01,1.713586632e+02,9.310453756e-01
1834,9.170000000e-02,1.387986568e-01,2.075658126e+02,3.521620840e+01,1.714184660e+02,9.311381793e-01
1835,9.175000000e-02,1.388854118e-01,2.076042593e+02,3.519481919e+01,1.714782093e+02,9.312308587e-01
1836,9.180000000e-02,1.389721594e-01,2.076426618e+02,3.517345099e+01,1.715378874e+02,9.313233858e-01
1837,9.185000000e-02,1.390588979e-01,2.076810200e+02,3.515210819e+01,1.715974961e+02,9.314157383e-01
1838,9.190000000e-02,1.391456262e-01,2.077193340e+02,3.513079409e+01,1.716570320e+02,9.315078996e-01
1839,9.195000000e-02,1.392323436e-01,2.077576040e+02,3.510951109e+01,1.717164930e+02,9.315998568e-01
1840,9.200000000e-02,1.393190495e-01,2.077958299e+02,3.508826091e+01,1.717758774e+02,9.316916005e-01
1841,9.205000000e-02,1.394057436e-01,2.078340120e+02,3.506704489e+01,1.718351839e+02,9.317831232e-01
1842,9.210000000e-02,1.394924255e-01,2.078721501e+02,3.504586297e+01,1.718944127e+02,9.318744196e-01
1843,9.215000000e-02,1.395790959e-01,2.079102446e+02,3.502470631e+01,1.719535728e+02,9.319654863e-01
1844,9.220000000e-02,1.396657639e-01,2.079482953e+02,3.500356579e+01,1.720126732e+02,9.320563462e-01
1845,9.225000000e-02,1.397524343e-01,2.079863024e+02,3.498243678e+01,1.720717186e+02,9.321470338e-01
1846,9.230000000e-02,1.398391045e-01,2.080242660e+02,3.496132101e+01,1.721307075e+02,9.322375523e-01
1847,9.235000000e-02,1.399257735e-01,2.080621861e+02,3.494021159e+01,1.721896466e+02,9.323278965e-01
1848,9.240000000e-02,1.400124579e-01,2.081000628e+02,3.491909637e+01,1.722485483e+02,9.324181283e-01
1849,9.245000000e-02,1.400991482e-01,2.081378961e+02,3.489798435e+01,1.723074035e+02,9.325082483e-01
1850,9.250000000e-02,1.401858392e-01,2.081756861e+02,3.487688386e+01,1.723662040e+02,9.325982329e-01
1851,9.255000000e-02,1.402725274e-01,2.082134327e+02,3.485580145e+01,1.724249432e+02,9.326880594e-01
1852,9.260000000e-02,1.403592103e-01,2.082511362e+02,3.483474216e+01,1.724836163e+02,9.327777081e-01
1853,9.265000000e-02,1.404458859e-01,2.082887965e+02,3.481370995e+01,1.725422194e+02,9.328671631e-01
1854,9.270000000e-02,1.405325528e-01,2.083264138e+02,3.479270787e+01,1.726007495e+02,9.329564118e-01
1855,9.275000000e-02,1.406192100e-01,2.083639880e+02,3.477173829e+01,1.726592043e+02,9.330454445e-01
1856,9.280000000e-02,1.407058566e-01,2.084015193e+02,3.475080304e+01,1.727175821e+02,9.331342538e-01
1857,9.285000000e-02,1.407924919e-01,2.084390078e+02,3.472990033e+01,1.727758847e+02,9.332228343e-01
1858,9.290000000e-02,1.408791211e-01,2.084764536e+02,3.470901441e+01,1.728341280e+02,9.333111896e-01
1859,9.295000000e-02,1.409657536e-01,2.085138567e+02,3.468811708e+01,1.728923401e+02,9.333994586e-01
1860,9.300000000e-02,1.410523943e-01,2.085512171e+02,3.466719716e+01,1.729505322e+02,9.334877615e-01
1861,9.305000000e-02,1.411390411e-01,2.085885349e+02,3.464625923e+01,1.730086996e+02,9.335760989e-01
1862,9.310000000e-02,1.412256901e-01,2.086258102e+02,3.462531338e+01,1.730668324e+02,9.336644305e-01
1863,9.315000000e-02,1.413123377e-01,2.086630429e+02,3.460436974e+01,1.731249204e+02,9.337527092e-01
1864,9.320000000e-02,1.413989807e-01,2.087002331e+02,3.458343693e+01,1.731829553e+02,9.338408923e-01
1865,9.325000000e-02,1.414856171e-01,2.087373808e+02,3.456252185e+01,1.732409300e+02,9.339289447e-01
1866,9.330000000e-02,1.415722452e-01,2.087744862e+02,3.454162987e+01,1.732988395e+02,9.340168382e-01
1867,9.335000000e-02,1.416588636e-01,2.088115492e+02,3.452076508e+01,1.733566796e+02,9.341045508e-01
1868,9.340000000e-02,1.417454716e-01,2.088485700e+02,3.449993064e+01,1.734144473e+02,9.341920655e-01
1869,9.345000000e-02,1.418320684e-01,2.088855486e+02,3.447912884e+01,1.734721404e+02,9.342793691e-01
1870,9.350000000e-02,1.419186535e-01,2.089224851e+02,3.445836152e+01,1.735297572e+02,9.343664515e-01
1871,9.355000000e-02,1.420052266e-01,2.089593796e+02,3.443763007e+01,1.735872962e+02,9.344533048e-01
1872,9.360000000e-02,1.420917874e-01,2.089962322e+02,3.441693559e+01,1.736447567e+02,9.345399231e-01
1873,9.365000000e-02,1.421783357e-01,2.090330429e+02,3.439627892e+01,1.737021377e+02,9.346263017e-01
1874,9.370000000e-02,1.422648713e-01,2.090698119e+02,3.437566044e+01,1.737594390e+02,9.347124374e-01
1875,9.375000000e-02,1.423513943e-01,2.091065391e+02,3.435507617e+01,1.738166646e+02,9.347983274e-01
1876,9.380000000e-02,1.424379112e-01,2.091432248e+02,3.433452054e+01,1.738738203e+02,9.348839826e-01
1877,9.385000000e-02,1.425244225e-01,2.091798690e+02,3.431399404e+01,1.739309055e+02,9.349694099e-01
1878,9.390000000e-02,1.426109256e-01,2.092164717e+02,3.429349614e+01,1.739879209e+02,9.350546043e-01
1879,9.395000000e-02,1.426974226e-01,2.092530330e+02,3.427301120e+01,1.740448823e+02,9.351395827e-01
1880,9.400000000e-02,1.427839251e-01,2.092895531e+02,3.425251898e+01,1.741018096e+02,9.352244765e-01
1881,9.405000000e-02,1.428704342e-01,2.093260319e+02,3.423201610e+01,1.741587064e+02,9.353093340e-01
1882,9.410000000e-02,1.429569468e-01,2.093624694e+02,3.421150871e+01,1.742155666e+02,9.353941396e-01
1883,9.415000000e-02,1.430434593e-01,2.093988658e+02,3.419100548e+01,1.742723815e+02,9.354788592e-01
1884,9.420000000e-02,1.431299683e-01,2.094352211e+02,3.417051457e+01,1.743291431e+02,9.355634573e-01
1885,9.425000000e-02,1.432164715e-01,2.094715352e+02,3.415004281e+01,1.743858445e+02,9.356479033e-01
1886,9.430000000e-02,1.433029668e-01,2.095078084e+02,3.412959558e+01,1.744424806e+02,9.357321725e-01
1887,9.435000000e-02,1.433894528e-01,2.095440405e+02,3.410916813e+01,1.744990562e+02,9.358162456e-01
1888,9.440000000e-02,1.434759420e-01,2.095802318e+02,3.408874805e+01,1.745555836e+02,9.359001746e-01
1889,9.445000000e-02,1.435624361e-01,2.096163822e+02,3.406832378e+01,1.746120745e+02,9.359840049e-01
1890,9.450000000e-02,1.436489480e-01,2.096524919e+02,3.404786949e+01,1.746685546e+02,9.360678351e-01
1891,9.455000000e-02,1.437354836e-01,2.096885608e+02,3.402736590e+01,1.747250431e+02,9.361517722e-01
1892,9.460000000e-02,1.438220439e-01,2.097245889e+02,3.400680898e+01,1.747815440e+02,9.362358720e-01
1893,9.465000000e-02,1.439086247e-01,2.097605762e+02,3.398620855e+01,1.748380476e+02,9.363201040e-01
1894,9.470000000e-02,1.439952196e-01,2.097965228e+02,3.396558032e+01,1.748945380e+02,9.364044028e-01
1895,9.475000000e-02,1.440818222e-01,2.098324285e+02,3.394493946e+01,1.749510004e+02,9.364887014e-01
1896,9.480000000e-02,1.441684270e-01,2.098682936e+02,3.392429849e+01,1.750074221e+02,9.365729425e-01
1897,9.485000000e-02,1.442550301e-01,2.099041178e+02,3.390366722e+01,1.750637935e+02,9.366570803e-01
1898,9.490000000e-02,1.443416285e-01,2.099399015e+02,3.388305305e+01,1.751201073e+02,9.367410793e-01
1899,9.495000000e-02,1.444282201e-01,2.099756445e+02,3.386246166e+01,1.751763579e+02,9.368249125e-01
1900,9.500000000e-02,1.445148034e-01,2.100113469e+02,3.384189737e+01,1.752325410e+02,9.369085593e-01
1901,9.505000000e-02,1.446013771e-01,2.100470089e+02,3.382136342e+01,1.752886535e+02,9.369920041e-01
1902,9.510000000e-02,1.446879405e-01,2.100826304e+02,3.380086223e+01,1.753446930e+02,9.370752354e-01
1903,9.515000000e-02,1.447744930e-01,2.101182117e+02,3.378039564e+01,1.754006578e+02,9.371582446e-01
1904,9.520000000e-02,1.448610341e-01,2.101537526e+02,3.375996501e+01,1.754565466e+02,9.372410254e-01
1905,9.525000000e-02,1.449475634e-01,2.101892534e+02,3.373957139e+01,1.755123584e+02,9.373235732e-01
1906,9.530000000e-02,1.450340808e-01,2.102247141e+02,3.371921557e+01,1.755680926e+02,9.374058847e-01
1907,9.535000000e-02,1.451205860e-01,2.102601348e+02,3.369889813e+01,1.756237487e+02,9.374879577e-01
1908,9.540000000e-02,1.452070789e-01,2.102955155e+02,3.367861952e+01,1.756793262e+02,9.375697905e-01
1909,9.545000000e-02,1.452935595e-01,2.103308564e+02,3.365837967e+01,1.757348253e+02,9.376513824e-01
1910,9.550000000e-02,1.453800280e-01,2.103661575e+02,3.363817824e+01,1.757902465e+02,9.377327327e-01
1911,9.555000000e-02,1.454664850e-01,2.104014190e+02,3.361801549e+01,1.758455896e+02,9.378138415e-01
1912,9.560000000e-02,1.455529298e-01,2.104366408e+02,3.359789190e+01,1.759008542e+02,9.378947082e-01
1913,9.565000000e-02,1.456393624e-01,2.104718231e+02,3.357780776e+01,1.759560400e+02,9.379753325e-01
1914,9.570000000e-02,1.457257826e-01,2.105069660e+02,3.355776325e+01,1.760111470e+02,9.380557146e-01
1915,9.575000000e-02,1.458121903e-01,2.105420695e+02,3.353775837e+01,1.760661752e+02,9.381358545e-01
1916,9.580000000e-02,1.458985857e-01,2.105771337e+02,3.351779321e+01,1.761211247e+02,9.382157528e-01
1917,9.585000000e-02,1.459849686e-01,2.106121587e+02,3.349786779e+01,1.761759955e+02,9.382954099e-01
1918,9.590000000e-02,1.460713390e-01,2.106471447e+02,3.347798218e+01,1.762307877e+02,9.383748263e-01
1919,9.595000000e-02,1.461576970e-01,2.106820916e+02,3.345813643e+01,1.762855011e+02,9.384540026e-01
1920,9.600000000e-02,1.462440425e-01,2.107169995e+02,3.343833058e+01,1.763401360e+02,9.385329395e-01
1921,9.605000000e-02,1.463303755e-01,2.107518686e+02,3.341856465e+01,1.763946923e+02,9.386116377e-01
1922,9.610000000e-02,1.464166960e-01,2.107866989e+02,3.339883867e+01,1.764491702e+02,9.386900982e-01
1923,9.615000000e-02,1.465030040e-01,2.108214905e+02,3.337915262e+01,1.765035696e+02,9.387683216e-01
1924,9.620000000e-02,1.465892995e-01,2.108562435e+02,3.335950650e+01,1.765578907e+02,9.388463091e-01
1925,9.625000000e-02,1.466755826e-01,2.108909580e+02,3.333990030e+01,1.766121336e+02,9.389240614e-01
1926,9.630000000e-02,1.467618531e-01,2.109256340e+02,3.332033095e+01,1.766663015e+02,9.390015796e-01
1927,9.635000000e-02,1.468481141e-01,2.109602716e+02,3.330077772e+01,1.767204150e+02,9.390788947e-01
1928,9.640000000e-02,1.469343792e-01,2.109948710e+02,3.328121073e+01,1.767745040e+02,9.391562018e-01
1929,9.645000000e-02,1.470206481e-01,2.110294320e+02,3.326162986e+01,1.768285686e+02,9.392335527e-01
1930,9.650000000e-02,1.471069180e-01,2.110639548e+02,3.324204215e+01,1.768826018e+02,9.393109274e-01
1931,9.655000000e-02,1.471931860e-01,2.110984395e+02,3.322244450e+01,1.769366067e+02,9.393882894e-01
1932,9.660000000e-02,1.472794602e-01,2.111328859e+02,3.320281460e+01,1.769906056e+02,9.394657105e-01
1933,9.665000000e-02,1.473657471e-01,2.111672941e+02,3.318313877e+01,1.770446121e+02,9.395433082e-01
1934,9.670000000e-02,1.474520454e-01,2.112016642e+02,3.316342223e+01,1.770986209e+02,9.396210770e-01
1935,9.675000000e-02,1.475383508e-01,2.112359962e+02,3.314367704e+01,1.771526202e+02,9.396989616e-01
1936,9.680000000e-02,1.476246592e-01,2.112702899e+02,3.312391617e+01,1.772065969e+02,9.397768977e-01
1937,9.685000000e-02,1.477109670e-01,2.113045456e+02,3.310414131e+01,1.772605494e+02,9.398548265e-01
1938,9.690000000e-02,1.477972880e-01,2.113387630e+02,3.308433291e+01,1.773144973e+02,9.399328090e-01
1939,9.695000000e-02,1.478836216e-01,2.113729424e+02,3.306449120e+01,1.773684403e+02,9.400108904e-01
1940,9.700000000e-02,1.479699605e-01,2.114070837e+02,3.304462987e+01,1.774223648e+02,9.400890309e-01
1941,9.705000000e-02,1.480562996e-01,2.114411869e+02,3.302476225e+01,1.774762574e+02,9.401671750e-01
1942,9.710000000e-02,1.481426352e-01,2.114752520e+02,3.300489898e+01,1.775301077e+02,9.402452734e-01
1943,9.715000000e-02,1.482289649e-01,2.115092791e+02,3.298504814e+01,1.775839076e+02,9.403232858e-01
1944,9.720000000e-02,1.483152871e-01,2.115432682e+02,3.296521571e+01,1.776376513e+02,9.404011805e-01
1945,9.725000000e-02,1.484016004e-01,2.115772193e+02,3.294540625e+01,1.776913342e+02,9.404789325e-01
1946,9.730000000e-02,1.484879042e-01,2.116111326e+02,3.292562322e+01,1.777449529e+02,9.405565224e-01
1947,9.735000000e-02,1.485741976e-01,2.116450082e+02,3.290586929e+01,1.777985049e+02,9.406339350e-01
1948,9.740000000e-02,1.486604802e-01,2.116788459e+02,3.288614651e+01,1.778519883e+02,9.407111585e-01
1949,9.745000000e-02,1.487467516e-01,2.117126460e+02,3.286645648e+01,1.779054014e+02,9.407881838e-01
1950,9.750000000e-02,1.488330115e-01,2.117464085e+02,3.284680043e+01,1.779587431e+02,9.408650037e-01
1951,9.755000000e-02,1.489192598e-01,2.117801335e+02,3.282717933e+01,1.780120126e+02,9.409416126e-01
1952,9.760000000e-02,1.490054962e-01,2.118138211e+02,3.280759396e+01,1.780652091e+02,9.410180065e-01
1953,9.765000000e-02,1.490917206e-01,2.118474713e+02,3.278803599e+01,1.781183411e+02,9.410941819e-01
1954,9.770000000e-02,1.491779466e-01,2.118810841e+02,3.276848159e+01,1.781714323e+02,9.411702258e-01
1955,9.775000000e-02,1.492641792e-01,2.119146598e+02,3.274892223e+01,1.782244913e+02,9.412462125e-01
1956,9.780000000e-02,1.493504150e-01,2.119481982e+02,3.272936299e+01,1.782775130e+02,9.413221364e-01
1957,9.785000000e-02,1.494366505e-01,2.119816994e+02,3.270981100e+01,1.783304905e+02,9.413979711e-01
1958,9.790000000e-02,1.495228830e-01,2.120151635e+02,3.269027274e+01,1.783834171e+02,9.414736895e-01
1959,9.795000000e-02,1.496091103e-01,2.120485906e+02,3.267075356e+01,1.784362877e+02,9.415492683e-01
1960,9.800000000e-02,1.496953307e-01,2.120819806e+02,3.265124327e+01,1.784891126e+02,9.416246886e-01
1961,9.805000000e-02,1.497815668e-01,2.121153336e+02,3.263170772e+01,1.785419258e+02,9.417000982e-01
1962,9.810000000e-02,1.498678129e-01,2.121486497e+02,3.261215267e+01,1.785947215e+02,9.417755239e-01
1963,9.815000000e-02,1.499540627e-01,2.121819288e+02,3.259258972e+01,1.786474881e+02,9.418509331e-01
1964,9.820000000e-02,1.500403120e-01,2.122151710e+02,3.257302934e+01,1.787002154e+02,9.419262866e-01
1965,9.825000000e-02,1.501265575e-01,2.122483764e+02,3.255347970e+01,1.787528951e+02,9.420015501e-01
1966,9.830000000e-02,1.502127971e-01,2.122815449e+02,3.253394702e+01,1.788055212e+02,9.420766958e-01
1967,9.835000000e-02,1.502990291e-01,2.123146767e+02,3.251443594e+01,1.788580890e+02,9.421517017e-01
1968,9.840000000e-02,1.503852525e-01,2.123477717e+02,3.249495000e+01,1.789105951e+02,9.422265507e-01
1969,9.845000000e-02,1.504714666e-01,2.123808301e+02,3.247549190e+01,1.789630369e+02,9.423012297e-01
1970,9.850000000e-02,1.505576707e-01,2.124138518e+02,3.245606371e+01,1.790154124e+02,9.423757285e-01
1971,9.855000000e-02,1.506438644e-01,2.124468371e+02,3.243666694e+01,1.790677201e+02,9.424500394e-01
1972,9.860000000e-02,1.507300473e-01,2.124797859e+02,3.241730235e+01,1.791199594e+02,9.425241567e-01
1973,9.865000000e-02,1.508162198e-01,2.125126983e+02,3.239796944e+01,1.791721307e+02,9.425980761e-01
1974,9.870000000e-02,1.509023829e-01,2.125455743e+02,3.237866902e+01,1.792242335e+02,9.426717948e-01
1975,9.875000000e-02,1.509885359e-01,2.125784141e+02,3.235940226e+01,1.792762666e+02,9.427453103e-01
1976,9.880000000e-02,1.510746781e-01,2.126112178e+02,3.234017008e+01,1.793282291e+02,9.428186202e-01
1977,9.885000000e-02,1.511608092e-01,2.126439853e+02,3.232097313e+01,1.793801204e+02,9.428917228e-01
1978,9.890000000e-02,1.512469290e-01,2.126767168e+02,3.230181183e+01,1.794319403e+02,9.429646172e-01
1979,9.895000000e-02,1.513330374e-01,2.127094123e+02,3.228268646e+01,1.794836885e+02,9.430373030e-01
1980,9.900000000e-02,1.514191342e-01,2.127420719e+02,3.226359715e+01,1.795353650e+02,9.431097801e-01
1981,9.905000000e-02,1.515052195e-01,2.127746957e+02,3.224454343e+01,1.795869702e+02,9.431820488e-01
1982,9.910000000e-02,1.515912934e-01,2.128072838e+02,3.222552526e+01,1.796385044e+02,9.432541089e-01
1983,9.915000000e-02,1.516773559e-01,2.128398361e+02,3.220654275e+01,1.796899674e+02,9.433259603e-01
1984,9.920000000e-02,1.517634069e-01,2.128723529e+02,3.218759605e+01,1.797413592e+02,9.433976027e-01
1985,9.925000000e-02,1.518494465e-01,2.129048341e+02,3.216868527e+01,1.797926798e+02,9.434690358e-01
1986,9.930000000e-02,1.519354746e-01,2.129372799e+02,3.214981053e+01,1.798439291e+02,9.435402599e-01
1987,9.935000000e-02,1.520214912e-01,2.129696903e+02,3.213097191e+01,1.798951071e+02,9.436112751e-01
1988,9.940000000e-02,1.521074962e-01,2.130020653e+02,3.211216944e+01,1.799462138e+02,9.436820818e-01
1989,9.945000000e-02,1.521934898e-01,2.130344051e+02,3.209339748e+01,1.799972550e+02,9.437526803e-01
1990,9.950000000e-02,1.522794798e-01,2.130667098e+02,3.207464488e+01,1.800482418e+02,9.438231001e-01
1991,9.955000000e-02,1.523654694e-01,2.130989793e+02,3.205590872e+01,1.800991772e+02,9.438933698e-01
1992,9.960000000e-02,1.524514566e-01,2.131312138e+02,3.203719198e+01,1.801500583e+02,9.439634899e-01
1993,9.965000000e-02,1.525374393e-01,2.131634132e+02,3.201849790e+01,1.802008819e+02,9.440334532e-01
1994,9.970000000e-02,1.526234160e-01,2.131955777e+02,3.199982926e+01,1.802516452e+02,9.441032514e-01
1995,9.975000000e-02,1.527093855e-01,2.132277073e+02,3.198118817e+01,1.803023463e+02,9.441728773e-01
1996,9.980000000e-02,1.527953469e-01,2.132598021e+02,3.196257636e+01,1.803529834e+02,9.442423247e-01
1997,9.985000000e-02,1.528812995e-01,2.132918621e+02,3.194399523e+01,1.804035553e+02,9.443115886e-01
1998,9.990000000e-02,1.529672428e-01,2.133238874e+02,3.192544594e+01,1.804540608e+02,9.443806653e-01
1999,9.995000000e-02,1.530531764e-01,2.133558780e+02,3.190692934e+01,1.805044991e+02,9.444495519e-01
2000,1.000000000e-01,1.531390999e-01,2.133878341e+02,3.188844613e+01,1.805548697e+02,9.445182463e-01
