0.5,0,0
0.5,1.19739993157715e-06,0.0443037974683544
0.5,2.39479986315429e-06,0.0886075949367089
0.5,3.59219979473144e-06,0.132911392405063
0.5,4.78959972630859e-06,0.177215189873418
0.5,5.98699965788573e-06,0.221518987341772
0.5,7.18439958946288e-06,0.265822784810127
0.5,8.38179952104003e-06,0.310126582278481
0.5,9.57919945261718e-06,0.354430379746835
0.5,1.07765993841943e-05,0.39873417721519
0.5,1.19739993157715e-05,0.443037974683544
0.5,1.31713992473486e-05,0.487341772151899
0.5,1.43687991789258e-05,0.531645569620253
0.5,1.55661991105029e-05,0.575949367088608
0.5,1.67635990420801e-05,0.620253164556962
0.5,1.79609989736572e-05,0.664556962025316
0.5,1.91583989052344e-05,0.708860759493671
0.5,2.03557988368115e-05,0.753164556962025
0.5,2.15531987683886e-05,0.79746835443038
0.5,2.27505986999658e-05,0.841772151898734
0.5,2.39479986315429e-05,0.886075949367089
0.5,2.51453985631201e-05,0.930379746835443
0.5,2.63427984946972e-05,0.974683544303798
0.5,2.75401984262744e-05,1.01898734177215
0.5,2.87375983578515e-05,1.06329113924051
0.5,2.99349982894287e-05,1.10759493670886
0.5,3.11323982210058e-05,1.15189873417722
0.5,3.2329798152583e-05,1.19620253164557
0.5,3.35271980841601e-05,1.24050632911392
0.5,3.47245980157373e-05,1.28481012658228
0.5,3.59219979473144e-05,1.32911392405063
0.5,3.71193978788916e-05,1.37341772151899
0.5,3.83167978104687e-05,1.41772151898734
0.5,3.95141977420458e-05,1.4620253164557
0.5,4.0711597673623e-05,1.50632911392405
0.5,4.19089976052001e-05,1.5506329113924
0.5,4.31063975367773e-05,1.59493670886076
0.5,4.43037974683544e-05,1.63924050632911
0.5,4.55011973999316e-05,1.68354430379747
0.5,4.66985973315087e-05,1.72784810126582
0.5,4.78959972630859e-05,1.77215189873418
0.5,4.9093397194663e-05,1.81645569620253
0.5,5.02907971262402e-05,1.86075949367089
0.5,5.14881970578173e-05,1.90506329113924
0.5,5.26855969893945e-05,1.9493670886076
0.5,5.38829969209716e-05,1.99367088607595
0.5,5.50803968525488e-05,2.0379746835443
0.5,5.62777967841259e-05,2.08227848101266
0.5,5.7475196715703e-05,2.12658227848101
0.5,5.86725966472802e-05,2.17088607594937
0.5,5.98699965788573e-05,2.21518987341772
0.5,6.10673965104345e-05,2.25949367088608
0.5,6.22647964420116e-05,2.30379746835443
0.5,6.34621963735888e-05,2.34810126582278
0.5,6.46595963051659e-05,2.39240506329114
0.5,6.58569962367431e-05,2.43670886075949
0.5,6.70543961683202e-05,2.48101265822785
0.5,6.82517960998974e-05,2.5253164556962
0.5,6.94491960314745e-05,2.56962025316456
0.5,7.06465959630517e-05,2.61392405063291
0.5,7.18439958946288e-05,2.65822784810127
0.5,7.3041395826206e-05,2.70253164556962
0.5,7.42387957577831e-05,2.74683544303797
0.5,7.54361956893603e-05,2.79113924050633
0.5,7.66335956209374e-05,2.83544303797468
0.5,7.78309955525146e-05,2.87974683544304
0.5,7.90283954840917e-05,2.92405063291139
0.5,8.02257954156688e-05,2.96835443037975
0.5,8.1423195347246e-05,3.0126582278481
0.5,8.26205952788231e-05,3.05696202531646
0.5,8.38179952104003e-05,3.10126582278481
0.5,8.50153951419774e-05,3.14556962025316
0.5,8.62127950735546e-05,3.18987341772152
0.5,8.74101950051317e-05,3.23417721518987
0.5,8.86075949367089e-05,3.27848101265823
0.5,8.9804994868286e-05,3.32278481012658
0.5,9.10023947998632e-05,3.36708860759494
0.5,9.21997947314403e-05,3.41139240506329
0.5,9.33971946630174e-05,3.45569620253165
0.5,9.45945945945946e-05,3.5
0.5,0.000111721685971686,3.49883352775618
0.5,0.000368708009705509,3.4813776054489
0.5,0.000625694333439332,3.46400877194456
0.5,0.000882680657173155,3.44672659275109
0.5,0.00113966698090698,3.42953063554416
0.5,0.0013966533046408,3.41242047015631
0.5,0.00165363962837462,3.39539566856622
0.5,0.00191062595210845,3.378455804888
0.5,0.00216761227584227,3.36160045536055
0.5,0.00242459859957609,3.34482919833693
0.5,0.00268158492330991,3.32814161427381
0.5,0.00293857124704374,3.31153728572102
0.5,0.00319555757077756,3.29501579731107
0.5,0.00345254389451138,3.27857673574874
0.5,0.00370953021824521,3.26221968980082
0.5,0.00396651654197903,3.2459442502857
0.5,0.00422350286571285,3.22975001006329
0.5,0.00448048918944668,3.21363656402468
0.5,0.0047374755131805,3.1976035090821
0.5,0.00499446183691432,3.18165044415882
0.5,0.00525144816064814,3.16577697017914
0.5,0.00550843448438197,3.14998269005828
0.5,0.00576542080811579,3.13426720869263
0.5,0.00602240713184961,3.11863013294979
0.5,0.00627939345558344,3.10307107165862
0.5,0.00653637977931726,3.08758963559969
0.5,0.00679336610305108,3.07218543749533
0.5,0.0070503524267849,3.05685809200002
0.5,0.00730733875051873,3.04160721569079
0.5,0.00756432507425255,3.02643242705765
0.5,0.00782131139798637,3.01133334649385
0.5,0.0080782977217202,2.9963095962866
0.5,0.00833528404545402,2.98136080060759
0.5,0.00859227036918784,2.96648658550345
0.5,0.00884925669292167,2.9516865788866
0.5,0.00910624301665549,2.93696041052571
0.5,0.00936322934038931,2.92230771203664
0.5,0.00962021566412313,2.90772811687311
0.5,0.00987720198785696,2.89322126031755
0.5,0.0101341883115908,2.87878677947212
0.5,0.0103911746353246,2.86442431324928
0.5,0.0106481609590584,2.85013350236319
0.5,0.0109051472827922,2.83591398932032
0.5,0.0111621336065261,2.82176541841091
0.5,0.0114191199302599,2.8076874356997
0.5,0.0116761062539937,2.79367968901732
0.5,0.0119330925777275,2.77974182795132
0.5,0.0121900789014614,2.76587350383757
0.5,0.0124470652251952,2.75207436975138
0.5,0.012704051548929,2.73834408049896
0.5,0.0129610378726628,2.72468229260864
0.5,0.0132180241963967,2.7110886643224
0.5,0.0134750105201305,2.69756285558726
0.5,0.0137319968438643,2.68410452804678
0.5,0.0139889831675981,2.67071334503263
0.5,0.0142459694913319,2.65738897155612
0.5,0.0145029558150658,2.64413107429991
0.5,0.0147599421387996,2.63093932160945
0.5,0.0150169284625334,2.61781338348495
0.5,0.0152739147862672,2.60475293157305
0.5,0.0155309011100011,2.59175763915844
0.5,0.0157878874337349,2.57882718115596
0.5,0.0160448737574687,2.56596123410211
0.5,0.0163018600812025,2.55315947614745
0.5,0.0165588464049364,2.54042158704813
0.5,0.0168158327286702,2.52774724815788
0.5,0.017072819052404,2.51513614242041
0.5,0.0173298053761378,2.50258795436122
0.5,0.0175867916998716,2.4901023700795
0.5,0.0178437780236055,2.47767907724076
0.5,0.0181007643473393,2.46531776506871
0.5,0.0183577506710731,2.45301812433749
0.5,0.0186147369948069,2.44077984736402
0.5,0.0188717233185408,2.4286026280002
0.5,0.0191287096422746,2.41648616162559
0.5,0.0193856959660084,2.40443014513914
0.5,0.0196426822897422,2.39243427695221
0.5,0.019899668613476,2.38049825698091
0.5,0.0201566549372099,2.36862178663815
0.5,0.0204136412609437,2.35680456882694
0.5,0.0206706275846775,2.34504630793211
0.5,0.0209276139084113,2.33334670981361
0.5,0.0211846002321452,2.3217054817988
0.5,0.021441586555879,2.31012233267518
0.5,0.0216985728796128,2.29859697268316
0.5,0.0219555592033466,2.28712911350886
0.5,0.0222125455270805,2.27571846827654
0.5,0.0224695318508143,2.26436475154199
0.5,0.0227265181745481,2.25306767928495
0.5,0.0229835044982819,2.24182696890235
0.5,0.0232404908220157,2.23064233920071
0.5,0.0234974771457496,2.21951351038976
0.5,0.0237544634694834,2.20844020407495
0.5,0.0240114497932172,2.19742214325072
0.5,0.024268436116951,2.18645905229358
0.5,0.0245254224406849,2.17555065695497
0.5,0.0247824087644187,2.16469668435456
0.5,0.0250393950881525,2.15389686297376
0.5,0.0252963814118863,2.14315092264836
0.5,0.0255533677356202,2.13245859456197
0.5,0.025810354059354,2.12181961123938
0.5,0.0260673403830878,2.11123370653998
0.5,0.0263243267068216,2.10070061565083
0.5,0.0265813130305554,2.09022007508019
0.5,0.0268382993542893,2.07979182265084
0.5,0.0270952856780231,2.06941559749364
0.5,0.0273522720017569,2.05909114004095
0.5,0.0276092583254907,2.04881819202017
0.5,0.0278662446492246,2.03859649644704
0.5,0.0281232309729584,2.02842579761975
0.5,0.0283802172966922,2.01830584111183
0.5,0.028637203620426,2.00823637376646
0.5,0.0288941899441599,1.99821714368963
0.5,0.0291511762678937,1.98824790024413
0.5,0.0294081625916275,1.97832839404335
0.5,0.0296651489153613,1.96845837694454
0.5,0.0299221352390951,1.95863760204332
0.5,0.030179121562829,1.94886582366677
0.5,0.0304361078865628,1.93914279736802
0.5,0.0306930942102966,1.92946827991965
0.5,0.0309500805340304,1.91984202930733
0.5,0.0312070668577643,1.91026380472488
0.5,0.0314640531814981,1.90073336656674
0.5,0.0317210395052319,1.89125047642337
0.5,0.0319780258289657,1.88181489707436
0.5,0.0322350121526995,1.87242639248293
0.5,0.0324919984764334,1.86308472778984
0.5,0.0327489848001672,1.85378966930759
0.5,0.033005971123901,1.84454098451462
0.5,0.0332629574476348,1.83533844204924
0.5,0.0335199437713687,1.82618181170441
0.5,0.0337769300951025,1.81707086442122
0.5,0.0340339164188363,1.80800537228375
0.5,0.0342909027425701,1.79898510851315
0.5,0.034547889066304,1.79000984746196
0.5,0.0348048753900378,1.78107936460853
0.5,0.0350618617137716,1.77219343655141
0.5,0.0353188480375054,1.76335184100343
0.5,0.0355758343612392,1.75455435678684
0.5,0.0358328206849731,1.74580076382704
0.5,0.0360898070087069,1.73709084314772
0.5,0.0363467933324407,1.72842437686455
0.5,0.0366037796561745,1.71980114818071
0.5,0.0368607659799084,1.71122094138072
0.5,0.0371177523036422,1.70268354182569
0.5,0.037374738627376,1.69418873594692
0.5,0.0376317249511098,1.68573631124202
0.5,0.0378887112748437,1.67732605626819
0.5,0.0381456975985775,1.66895776063758
0.5,0.0384026839223113,1.66063121501241
0.5,0.0386596702460451,1.65234621109889
0.5,0.0389166565697789,1.64410254164261
0.5,0.0391736428935128,1.63590000042288
0.5,0.0394306292172466,1.6277383822484
0.5,0.0396876155409804,1.61961748295096
0.5,0.0399446018647142,1.6115370993815
0.5,0.0402015881884481,1.60349702940427
0.5,0.0404585745121819,1.59549707189179
0.5,0.0407155608359157,1.58753702672033
0.5,0.0409725471596495,1.5796166947644
0.5,0.0412295334833833,1.57173587789199
0.5,0.0414865198071172,1.56389437895973
0.5,0.041743506130851,1.55609200180774
0.5,0.0420004924545848,1.54832855125443
0.5,0.0422574787783186,1.54060383309279
0.5,0.0425144651020525,1.53291765408379
0.5,0.0427714514257863,1.52526982195321
0.5,0.0430284377495201,1.5176601453857
0.5,0.0432854240732539,1.51008843402076
0.5,0.0435424103969878,1.50255449844697
0.5,0.0437993967207216,1.49505815019857
0.5,0.0440563830444554,1.48759920174964
0.5,0.0443133693681892,1.48017746651019
0.5,0.044570355691923,1.47279275882064
0.5,0.0448273420156569,1.4654448939484
0.5,0.0450843283393907,1.45813368808175
0.5,0.0453413146631245,1.45085895832672
0.5,0.0455983009868583,1.44362052270101
0.5,0.0458552873105922,1.43641820013116
0.5,0.046112273634326,1.42925181044633
0.5,0.0463692599580598,1.42212117437498
0.5,0.0466262462817936,1.41502611353972
0.5,0.0468832326055275,1.40796645045348
0.5,0.0471402189292613,1.4009420085145
0.5,0.0473972052529951,1.39395261200174
0.5,0.0476541915767289,1.38699808607121
0.5,0.0479111779004627,1.38007825675127
0.5,0.0481681642241966,1.37319295093815
0.5,0.0484251505479304,1.3663419963916
0.5,0.0486821368716642,1.35952522173103
0.5,0.048939123195398,1.3527424564302
0.5,0.0491961095191319,1.34599353081422
0.5,0.0494530958428657,1.33927827605473
0.5,0.0497100821665995,1.33259652416541
0.5,0.0499670684903333,1.32594810799811
0.5,0.0502240548140672,1.31933286123847
0.5,0.050481041137801,1.31275061840233
0.5,0.0507380274615348,1.30620121483042
0.5,0.0509950137852686,1.29968448668595
0.5,0.0512520001090024,1.29320027094838
0.5,0.0515089864327363,1.28674840541135
0.5,0.0517659727564701,1.28032872867752
0.5,0.0520229590802039,1.27394108015466
0.5,0.0522799454039377,1.26758530005165
0.5,0.0525369317276716,1.26126122937484
0.5,0.0527939180514054,1.25496870992396
0.5,0.0530509043751392,1.24870758428739
0.5,0.053307890698873,1.24247769583953
0.5,0.0535648770226068,1.23627888873566
0.5,0.0538218633463407,1.23011100790896
0.5,0.0540788496700745,1.22397389906578
0.5,0.0543358359938083,1.21786740868297
0.5,0.0545928223175421,1.21179138400289
0.5,0.054849808641276,1.2057456730299
0.5,0.0551067949650098,1.19973012452652
0.5,0.0553637812887436,1.19374458801068
0.5,0.0556207676124774,1.18778891375032
0.5,0.0558777539362113,1.18186295276013
0.5,0.0561347402599451,1.17596655679922
0.5,0.0563917265836789,1.17009957836524
0.5,0.0566487129074127,1.16426187069217
0.5,0.0569056992311465,1.15845328774635
0.5,0.0571626855548804,1.15267368422213
0.5,0.0574196718786142,1.14692291553928
0.5,0.057676658202348,1.14120083783909
0.5,0.0579336445260818,1.13550730798007
0.5,0.0581906308498157,1.12984218353486
0.5,0.0584476171735495,1.12420532278727
0.5,0.0587046034972833,1.1185965847275
0.5,0.0589615898210171,1.11301582904945
0.5,0.0592185761447509,1.10746291614729
0.5,0.0594755624684848,1.10193770711143
0.5,0.0597325487922186,1.09644006372539
0.5,0.0599895351159524,1.09096984846227
0.5,0.0602465214396862,1.08552692448109
0.5,0.0605035077634201,1.08011115562388
0.5,0.0607604940871539,1.07472240641186
0.5,0.0610174804108877,1.06936054204198
0.5,0.0612744667346215,1.06402542838429
0.5,0.0615314530583554,1.05871693197715
0.5,0.0617884393820892,1.05343492002582
0.5,0.062045425705823,1.04817926039703
0.5,0.0623024120295568,1.0429498216172
0.5,0.0625593983532906,1.03774647286918
0.5,0.0628163846770245,1.03256908398761
0.5,0.0630733710007583,1.02741752545701
0.5,0.0633303573244921,1.02229166840808
0.5,0.0635873436482259,1.0171913846142
0.5,0.0638443299719598,1.01211654648869
0.5,0.0641013162956936,1.00706702708137
0.5,0.0643583026194274,1.00204270007522
0.5,0.0646152889431612,0.997043439784042
0.5,0.0648722752668951,0.992069121147822
0.5,0.0651292615906289,0.987119619731141
0.5,0.0653862479143627,0.982194811719268
0.5,0.0656432342380965,0.977294573914916
0.5,0.0659002205618304,0.972418783735659
0.5,0.0661572068855642,0.967567319210647
0.5,0.066414193209298,0.962740058977424
0.5,0.0666711795330318,0.957936882279083
0.5,0.0669281658567656,0.953157668961468
0.5,0.0671851521804995,0.94840229946927
0.5,0.0674421385042333,0.943670654844285
0.5,0.0676991248279671,0.938962616721077
0.5,0.0679561111517009,0.934278067325808
0.5,0.0682130974754348,0.929616889471228
0.5,0.0684700837991686,0.92497896655496
0.5,0.0687270701229024,0.920364182556862
0.5,0.0689840564466362,0.915772422035056
0.5,0.06924104277037,0.911203570123915
0.5,0.0694980290941039,0.906657512530825
0.5,0.0697550154178377,0.902134135532996
0.5,0.0700120017415715,0.897633325975961
0.5,0.0702689880653053,0.893154971268764
0.5,0.0705259743890392,0.888698959382596
0.5,0.070782960712773,0.884265178848166
0.5,0.0710399470365068,0.879853518750794
0.5,0.0712969333602406,0.875463868730908
0.5,0.0715539196839745,0.871096118978209
0.5,0.0718109060077083,0.866750160230967
0.5,0.0720678923314421,0.862425883772456
0.5,0.0723248786551759,0.858123181427843
0.5,0.0725818649789098,0.853841945562595
0.5,0.0728388513026436,0.849582069079253
0.5,0.0730958376263774,0.845343445413898
0.5,0.0733528239501112,0.841125968535105
0.5,0.073609810273845,0.836929532940154
0.5,0.0738667965975789,0.832754033652172
0.5,0.0741237829213127,0.828599366218665
0.5,0.0743807692450465,0.824465426708523
0.5,0.0746377555687803,0.820352111707879
0.5,0.0748947418925142,0.81625931832045
0.5,0.075151728216248,0.812186944162064
0.5,0.0754087145399818,0.808134887359574
0.5,0.0756657008637156,0.804103046548756
0.5,0.0759226871874494,0.80009132087065
0.5,0.0761796735111833,0.796099609968913
0.5,0.0764366598349171,0.792127813988909
0.5,0.0766936461586509,0.788175833573333
0.5,0.0769506324823847,0.78424356986133
0.5,0.0772076188061186,0.780330924484914
0.5,0.0774646051298524,0.776437799566561
0.5,0.0777215914535862,0.772564097717739
0.5,0.07797857777732,0.768709722034967
0.5,0.0782355641010539,0.764874576098894
0.5,0.0784925504247877,0.761058563971049
0.5,0.0787495367485215,0.757261590191536
0.5,0.0790065230722553,0.753483559776783
0.5,0.0792635093959891,0.749724378216778
0.5,0.079520495719723,0.745983951473146
0.5,0.0797774820434568,0.742262185977188
0.5,0.0800344683671906,0.738558988626617
0.5,0.0802914546909244,0.73487426678368
0.5,0.0805484410146583,0.731207928272771
0.5,0.0808054273383921,0.727559881377911
0.5,0.0810624136621259,0.723930034841175
0.5,0.0813193999858597,0.72031829785978
0.5,0.0815763863095935,0.716724580083899
0.5,0.0818333726333274,0.713148791614256
0.5,0.0820903589570612,0.709590843000223
0.5,0.082347345280795,0.706050645238157
0.5,0.0826043316045288,0.702528109767315
0.5,0.0828613179282627,0.699023148469143
0.5,0.0831183042519965,0.695535673665607
0.5,0.0833752905757303,0.692065598114563
0.5,0.0836322768994641,0.68861283501038
0.5,0.083889263223198,0.685177297979992
0.5,0.0841462495469318,0.681758901081243
0.5,0.0844032358706656,0.678357558801184
0.5,0.0846602221943994,0.674973186052639
0.5,0.0849172085181333,0.671605698173573
0.5,0.0851741948418671,0.668255010924478
0.5,0.0854311811656009,0.664921040485517
0.5,0.0856881674893347,0.661603703455584
0.5,0.0859451538130685,0.658302916849484
0.5,0.0862021401368024,0.655018598095696
0.5,0.0864591264605362,0.651750665035488
0.5,0.08671611278427,0.648499035918832
0.5,0.0869730991080038,0.645263629404927
0.5,0.0872300854317377,0.642044364557446
0.5,0.0874870717554715,0.638841160844851
0.5,0.0877440580792053,0.635653938137263
0.5,0.0880010444029391,0.632482616703832
0.5,0.0882580307266729,0.629327117212094
0.5,0.0885150170504068,0.62618736072576
0.5,0.0887720033741406,0.623063268701301
0.5,0.0890289896978744,0.619954762988084
0.5,0.0892859760216082,0.616861765824466
0.5,0.0895429623453421,0.613784199837887
0.5,0.0897999486690759,0.610721988040218
0.5,0.0900569349928097,0.607675053829393
0.5,0.0903139213165435,0.604643320983757
0.5,0.0905709076402774,0.60162671366278
0.5,0.0908278939640112,0.598625156404208
0.5,0.091084880287745,0.59563857412211
0.5,0.0913418666114788,0.592666892105858
0.5,0.0915988529352126,0.589710036016316
0.5,0.0918558392589465,0.586767931886014
0.5,0.0921128255826803,0.583840506116971
0.5,0.0923698119064141,0.580927685477275
0.5,0.0926267982301479,0.578029397101003
0.5,0.0928837845538818,0.575145568485832
0.5,0.0931407708776156,0.572276127491003
0.5,0.0933977572013494,0.569421002335285
0.5,0.0936547435250832,0.566580121596881
0.5,0.0939117298488171,0.563753414208392
0.5,0.0941687161725509,0.560940809458764
0.5,0.0944257024962847,0.558142236988397
0.5,0.0946826888200185,0.555357626789369
0.5,0.0949396751437523,0.552586909203489
0.5,0.0951966614674862,0.549830014918923
0.5,0.09545364779122,0.547086874970504
0.5,0.0957106341149538,0.544357420737111
0.5,0.0959676204386876,0.541641583939244
0.5,0.0962246067624215,0.538939296639196
0.5,0.0964815930861553,0.536250491237126
0.5,0.0967385794098891,0.533575100470956
0.5,0.0969955657336229,0.530913057414169
0.5,0.0972525520573568,0.528264295474317
0.5,0.0975095383810906,0.525628748391029
0.5,0.0977665247048244,0.523006350233967
0.5,0.0980235110285582,0.520397035403129
0.5,0.098280497352292,0.517800738623907
0.5,0.0985374836760259,0.515217394948548
0.5,0.0987944699997597,0.512646939753601
0.5,0.0990514563234935,0.510089308737364
0.5,0.0993084426472273,0.507544437918973
0.5,0.0995654289709612,0.505012263637128
0.5,0.099822415294695,0.502492722547661
0.5,0.100079401618429,0.499985751622792
0.5,0.100336387942163,0.497491288149249
0.5,0.100593374265896,0.495009269726485
0.5,0.10085036058963,0.492539634264992
0.5,0.101107346913364,0.490082319985574
0.5,0.101364333237098,0.487637265417099
0.5,0.101621319560832,0.485204409394811
0.5,0.101878305884566,0.482783691059214
0.5,0.102135292208299,0.480375049854723
0.5,0.102392278532033,0.477978425527656
0.5,0.102649264855767,0.475593758125267
0.5,0.102906251179501,0.473220987993303
0.5,0.103163237503235,0.470860055775461
0.5,0.103420223826968,0.468510902411402
0.5,0.103677210150702,0.46617346913627
0.5,0.103934196474436,0.463847697477075
0.5,0.10419118279817,0.461533529253585
0.5,0.104448169121904,0.459230906575246
0.5,0.104705155445638,0.456939771840515
0.5,0.104962141769371,0.454660067735208
0.5,0.105219128093105,0.452391737231593
0.5,0.105476114416839,0.45013472358564
0.5,0.105733100740573,0.447888970336324
0.5,0.105990087064307,0.445654421305709
0.5,0.106247073388041,0.443431020594173
0.5,0.106504059711774,0.441218712582939
0.5,0.106761046035508,0.439017441929145
0.5,0.107018032359242,0.436827153566514
0.5,0.107275018682976,0.434647792704239
0.5,0.10753200500671,0.432479304824062
0.5,0.107788991330443,0.430321635679514
0.5,0.108045977654177,0.428174731295572
0.5,0.108302963977911,0.426038537965648
0.5,0.108559950301645,0.423913002252554
0.5,0.108816936625379,0.421798070983684
0.5,0.109073922949113,0.419693691252875
0.5,0.109330909272846,0.417599810418276
0.5,0.10958789559658,0.415516376099779
0.5,0.109844881920314,0.413443336179163
0.5,0.110101868244048,0.41138063879803
0.5,0.110358854567782,0.409328232356675
0.5,0.110615840891516,0.407286065513009
0.5,0.110872827215249,0.405254087180625
0.5,0.111129813538983,0.403232246528741
0.5,0.111386799862717,0.401220492979937
0.5,0.111643786186451,0.399218776208416
0.5,0.111900772510185,0.397227046140174
0.5,0.112157758833918,0.395245252950508
0.5,0.112414745157652,0.393273347064375
0.5,0.112671731481386,0.391311279153169
0.5,0.11292871780512,0.389359000134353
0.5,0.113185704128854,0.387416461170294
0.5,0.113442690452588,0.385483613667672
0.5,0.113699676776321,0.383560409274691
0.5,0.113956663100055,0.381646799881203
0.5,0.114213649423789,0.379742737617578
0.5,0.114470635747523,0.377848174851833
0.5,0.114727622071257,0.375963064191128
0.5,0.114984608394991,0.374087358477305
0.5,0.115241594718724,0.372221010789172
0.5,0.115498581042458,0.370363974438822
0.5,0.115755567366192,0.368516202970939
0.5,0.116012553689926,0.366677650162769
0.5,0.11626954001366,0.364848270021403
0.5,0.116526526337393,0.363028016784104
0.5,0.116783512661127,0.361216844916442
0.5,0.117040498984861,0.359414709109644
0.5,0.117297485308595,0.357621564283434
0.5,0.117554471632329,0.355837365580902
0.5,0.117811457956063,0.354062068368386
0.5,0.118068444279796,0.352295628237017
0.5,0.11832543060353,0.350538000997238
0.5,0.118582416927264,0.348789142681272
0.5,0.118839403250998,0.347049009540499
0.5,0.119096389574732,0.345317558044016
0.5,0.119353375898466,0.343594744878907
0.5,0.119610362222199,0.341880526947321
0.5,0.119867348545933,0.340174861367716
0.5,0.120124334869667,0.338477705471936
0.5,0.120381321193401,0.336789016804003
0.5,0.120638307517135,0.335108753120154
0.5,0.120895293840868,0.333436872388657
0.5,0.121152280164602,0.331773332785418
0.5,0.121409266488336,0.33011809269581
0.5,0.12166625281207,0.328471110713804
0.5,0.121923239135804,0.326832345638879
0.5,0.122180225459538,0.325201756476197
0.5,0.122437211783271,0.323579302435067
0.5,0.122694198107005,0.321964942929707
0.5,0.122951184430739,0.320358637575269
0.5,0.123208170754473,0.318760346189697
0.5,0.123465157078207,0.317170028789823
0.5,0.123722143401941,0.315587645593843
0.5,0.123979129725674,0.314013157016493
0.5,0.124236116049408,0.312446523671639
0.5,0.124493102373142,0.310887706369093
0.5,0.124750088696876,0.309336666113758
0.5,0.12500707502061,0.307793364105111
0.5,0.125264061344343,0.306257761737005
0.5,0.125521047668077,0.304729820595751
0.5,0.125778033991811,0.303209502458008
0.5,0.126035020315545,0.301696769292612
0.5,0.126292006639279,0.300191583257593
0.5,0.126548992963013,0.298693906699588
0.5,0.126805979286746,0.297203702153605
0.5,0.12706296561048,0.295720932340533
0.5,0.127319951934214,0.294245560169172
0.5,0.127576938257948,0.292777548731311
0.5,0.127833924581682,0.291316861304475
0.5,0.128090910905415,0.289863461347704
0.5,0.128347897229149,0.288417312503466
0.5,0.128604883552883,0.28697837859626
0.5,0.128861869876617,0.285546623630007
0.5,0.129118856200351,0.284122011787914
0.5,0.129375842524085,0.282704507432717
0.5,0.129632828847818,0.28129407510466
0.5,0.129889815171552,0.279890679520911
0.5,0.130146801495286,0.278494285574829
0.5,0.13040378781902,0.277104858335089
0.5,0.130660774142754,0.275722363043581
0.5,0.130917760466488,0.274346765116388
0.5,0.131174746790221,0.272978030142475
0.5,0.131431733113955,0.271616123882248
0.5,0.131688719437689,0.270261012265952
0.5,0.131945705761423,0.268912661395726
0.5,0.132202692085157,0.267571037541042
0.5,0.13245967840889,0.266236107139942
0.5,0.132716664732624,0.264907836799635
0.5,0.132973651056358,0.263586193291504
0.5,0.133230637380092,0.262271143554157
0.5,0.133487623703826,0.260962654690906
0.5,0.13374461002756,0.259660693969296
0.5,0.134001596351293,0.258365228819423
0.5,0.134258582675027,0.25707622683486
0.5,0.134515568998761,0.255793655770183
0.5,0.134772555322495,0.254517483541115
0.5,0.135029541646229,0.253247678223457
0.5,0.135286527969963,0.251984208052455
0.5,0.135543514293696,0.250727041421492
0.5,0.13580050061743,0.249476146881782
0.5,0.136057486941164,0.248231493141389
0.5,0.136314473264898,0.246993049064701
0.5,0.136571459588632,0.24576078367067
0.5,0.136828445912365,0.244534666134299
0.5,0.137085432236099,0.24331466578299
0.5,0.137342418559833,0.242100752097255
0.5,0.137599404883567,0.240892894711343
0.5,0.137856391207301,0.239691063409254
0.5,0.138113377531035,0.238495228126839
0.5,0.138370363854768,0.237305358948732
0.5,0.138627350178502,0.236121426110838
0.5,0.138884336502236,0.234943399995347
0.5,0.13914132282597,0.233771251133601
0.5,0.139398309149704,0.232604950203751
0.5,0.139655295473438,0.231444468029452
0.5,0.139912281797171,0.230289775581319
0.5,0.140169268120905,0.229140843973149
0.5,0.140426254444639,0.22799764446434
0.5,0.140683240768373,0.226860148457071
0.5,0.140940227092107,0.225728327496252
0.5,0.14119721341584,0.224602153268235
0.5,0.141454199739574,0.223481597601171
0.5,0.141711186063308,0.22236663246355
0.5,0.141968172387042,0.221257229964388
0.5,0.142225158710776,0.220153362351007
0.5,0.14248214503451,0.219055002009638
0.5,0.142739131358243,0.217962121463607
0.5,0.142996117681977,0.21687469337378
0.5,0.143253104005711,0.215792690538347
0.5,0.143510090329445,0.21471608589017
0.5,0.143767076653179,0.213644852496399
0.5,0.144024062976913,0.212578963560368
0.5,0.144281049300646,0.211518392417523
0.5,0.14453803562438,0.210463112537764
0.5,0.144795021948114,0.209413097522385
0.5,0.145052008271848,0.208368321104495
0.5,0.145308994595582,0.20732875714818
0.5,0.145565980919315,0.206294379648181
0.5,0.145822967243049,0.205265162729507
0.5,0.146079953566783,0.204241080644585
0.5,0.146336939890517,0.203222107776309
0.5,0.146593926214251,0.202208218633848
0.5,0.146850912537985,0.201199387854372
0.5,0.147107898861718,0.200195590201707
0.5,0.147364885185452,0.199196800564924
0.5,0.147621871509186,0.198202993958665
0.5,0.14787885783292,0.197214145522198
0.5,0.148135844156654,0.196230230519011
0.5,0.148392830480387,0.195251224335124
0.5,0.148649816804121,0.1942771024816
0.5,0.148906803127855,0.193307840589071
0.5,0.149163789451589,0.192343414410729
0.5,0.149420775775323,0.191383799821608
0.5,0.149677762099057,0.19042897281596
0.5,0.14993474842279,0.189478909508243
0.5,0.150191734746524,0.188533586132213
0.5,0.150448721070258,0.187592979039338
0.5,0.150705707393992,0.18665706470085
0.5,0.150962693717726,0.185725819703572
0.5,0.15121968004146,0.184799220751855
0.5,0.151476666365193,0.183877244666379
0.5,0.151733652688927,0.182959868382884
0.5,0.151990639012661,0.182047068953339
0.5,0.152247625336395,0.181138823543318
0.5,0.152504611660129,0.180235109432437
0.5,0.152761597983862,0.179335904014112
0.5,0.153018584307596,0.17844118479339
0.5,0.15327557063133,0.177550929388476
0.5,0.153532556955064,0.176665115529718
0.5,0.153789543278798,0.175783721057262
0.5,0.154046529602532,0.174906723923073
0.5,0.154303515926265,0.174034102187856
0.5,0.154560502249999,0.173165834022982
0.5,0.154817488573733,0.17230189770794
0.5,0.155074474897467,0.171442271630895
0.5,0.155331461221201,0.170586934287304
0.5,0.155588447544935,0.169735864281668
0.5,0.155845433868668,0.168889040322849
0.5,0.156102420192402,0.168046441227009
0.5,0.156359406516136,0.16720804591602
0.5,0.15661639283987,0.166373833417768
0.5,0.156873379163604,0.165543782863179
0.5,0.157130365487337,0.164717873488353
0.5,0.157387351811071,0.163896084632141
0.5,0.157644338134805,0.163078395737557
0.5,0.157901324458539,0.162264786349261
0.5,0.158158310782273,0.161455236114885
0.5,0.158415297106007,0.160649724781774
0.5,0.15867228342974,0.159848232200828
0.5,0.158929269753474,0.15905073832186
0.5,0.159186256077208,0.158257223194753
0.5,0.159443242400942,0.157467666969937
0.5,0.159700228724676,0.156682049895557
0.5,0.15995721504841,0.155900352318516
0.5,0.160214201372143,0.15512255468484
0.5,0.160471187695877,0.154348637538028
0.5,0.160728174019611,0.153578581516695
0.5,0.160985160343345,0.15281236735811
0.5,0.161242146667079,0.152049975895104
0.5,0.161499132990812,0.15129138805558
0.5,0.161756119314546,0.150536584863965
0.5,0.16201310563828,0.149785547436664
0.5,0.162270091962014,0.149038256987432
0.5,0.162527078285748,0.148294694822083
0.5,0.162784064609482,0.147554842339802
0.5,0.163041050933215,0.146818681032434
0.5,0.163298037256949,0.146086192484401
0.5,0.163555023580683,0.145357358372589
0.5,0.163812009904417,0.144632160464857
0.5,0.164068996228151,0.143910580619177
0.5,0.164325982551884,0.143192600785433
0.5,0.164582968875618,0.142478203003155
0.5,0.164839955199352,0.141767369399878
0.5,0.165096941523086,0.141060082195558
0.5,0.16535392784682,0.140356323695453
0.5,0.165610914170554,0.139656076295164
0.5,0.165867900494287,0.138959322477505
0.5,0.166124886818021,0.138266044812734
0.5,0.166381873141755,0.137576225958083
0.5,0.166638859465489,0.136889848657924
0.5,0.166895845789223,0.136206895741183
0.5,0.167152832112957,0.135527350123504
0.5,0.16740981843669,0.134851194806651
0.5,0.167666804760424,0.134178412874442
0.5,0.167923791084158,0.133508987498275
0.5,0.168180777407892,0.132842901931622
0.5,0.168437763731626,0.132180139512065
0.5,0.168694750055359,0.131520683659849
0.5,0.168951736379093,0.130864517878494
0.5,0.169208722702827,0.130211625753294
0.5,0.169465709026561,0.129561990952558
0.5,0.169722695350295,0.128915597224669
0.5,0.169979681674029,0.128272428399269
0.5,0.170236667997762,0.127632468387738
0.5,0.170493654321496,0.126995701180852
0.5,0.17075064064523,0.126362110849902
0.5,0.171007626968964,0.125731681544993
0.5,0.171264613292698,0.125104397495414
0.5,0.171521599616432,0.124480243009285
0.5,0.171778585940165,0.123859202472468
0.5,0.172035572263899,0.123241260350287
0.5,0.172292558587633,0.12262640118427
0.5,0.172549544911367,0.122014609593104
0.5,0.172806531235101,0.121405870272156
0.5,0.173063517558834,0.120800167993677
0.5,0.173320503882568,0.120197487606279
0.5,0.173577490206302,0.119597814032241
0.5,0.173834476530036,0.119001132271206
0.5,0.17409146285377,0.118407427397446
0.5,0.174348449177504,0.117816684557807
0.5,0.174605435501237,0.117228888975345
0.5,0.174862421824971,0.116644025945083
0.5,0.175119408148705,0.116062080837616
0.5,0.175376394472439,0.115483039094088
0.5,0.175633380796173,0.114906886229759
0.5,0.175890367119907,0.114333607831814
0.5,0.17614735344364,0.113763189560016
0.5,0.176404339767374,0.113195617143731
0.5,0.176661326091108,0.112630876386165
0.5,0.176918312414842,0.112068953159168
0.5,0.177175298738576,0.111509833405258
0.5,0.177432285062309,0.110953503138913
0.5,0.177689271386043,0.110399948442747
0.5,0.177946257709777,0.109849155469485
0.5,0.178203244033511,0.109301110440278
0.5,0.178460230357245,0.108755799645182
0.5,0.178717216680979,0.108213209443629
0.5,0.178974203004712,0.10767332626194
0.5,0.179231189328446,0.107136136595225
0.5,0.17948817565218,0.10660162700411
0.5,0.179745161975914,0.106069784118814
0.5,0.180002148299648,0.105540594634368
0.5,0.180259134623382,0.10501404531318
0.5,0.180516120947115,0.104490122982421
0.5,0.180773107270849,0.103968814536561
0.5,0.181030093594583,0.103450106934719
0.5,0.181287079918317,0.102933987200945
0.5,0.181544066242051,0.102420442423743
0.5,0.181801052565784,0.101909459757074
0.5,0.182058038889518,0.101401026418358
0.5,0.182315025213252,0.100895129688692
0.5,0.182572011536986,0.100391756913054
0.5,0.18282899786072,0.0998908954989929
0.5,0.183085984184454,0.0993925329168002
0.5,0.183342970508187,0.0988966567004158
0.5,0.183599956831921,0.0984032544445627
0.5,0.183856943155655,0.097912313806372
0.5,0.184113929479389,0.0974238225047395
0.5,0.184370915803123,0.0969377683204211
0.5,0.184627902126857,0.0964541390945984
0.5,0.18488488845059,0.0959729227274191
0.5,0.185141874774324,0.0954941071825959
0.5,0.185398861098058,0.095017680481369
0.5,0.185655847421792,0.0945436307055572
0.5,0.185912833745526,0.0940719459975656
0.5,0.186169820069259,0.0936026145565586
0.5,0.186426806392993,0.0931356246430113
0.5,0.186683792716727,0.0926709645740839
0.5,0.186940779040461,0.0922086227266255
0.5,0.187197765364195,0.0917485875340374
0.5,0.187454751687929,0.0912908474892603
0.5,0.187711738011662,0.0908353911408325
0.5,0.187968724335396,0.0903822070966272
0.5,0.18822571065913,0.0899312840175553
0.5,0.188482696982864,0.0894826106259172
0.5,0.188739683306598,0.0890361756967541
0.5,0.188996669630332,0.0885919680615385
0.5,0.189253655954065,0.0881499766095523
0.5,0.189510642277799,0.0877101902838149
0.5,0.189767628601533,0.0872725980816443
0.5,0.190024614925267,0.0868371890575537
0.5,0.190281601249001,0.086403952319126
0.5,0.190538587572734,0.0859728770291057
0.5,0.190795573896468,0.0855439524035776
0.5,0.191052560220202,0.0851171677116911
0.5,0.191309546543936,0.0846925122792998
0.5,0.19156653286767,0.084269975481604
0.5,0.191823519191404,0.0838495467491194
0.5,0.192080505515137,0.0834312155642142
0.5,0.192337491838871,0.0830149714631401
0.5,0.192594478162605,0.0826008040325311
0.5,0.192851464486339,0.0821887029122015
0.5,0.193108450810073,0.0817786577924047
0.5,0.193365437133806,0.0813706584166196
0.5,0.19362242345754,0.0809646945771921
0.5,0.193879409781274,0.0805607561196921
0.5,0.194136396105008,0.0801588329393221
0.5,0.194393382428742,0.0797589149812793
0.5,0.194650368752476,0.0793609922411124
0.5,0.194907355076209,0.0789650547658721
0.5,0.195164341399943,0.0785710926496496
0.5,0.195421327723677,0.0781790960370993
0.5,0.195678314047411,0.0777890551237636
0.5,0.195935300371145,0.077400960150759
0.5,0.196192286694879,0.0770148014106934
0.5,0.196449273018612,0.0766305692431307
0.5,0.196706259342346,0.0762482540364762
0.5,0.19696324566608,0.0758678462266307
0.5,0.197220231989814,0.0754893362980572
0.5,0.197477218313548,0.0751127147816023
0.5,0.197734204637282,0.0747379722555409
0.5,0.197991190961015,0.0743650993466217
0.5,0.198248177284749,0.0739940867254113
0.5,0.198505163608483,0.073624925113011
0.5,0.198762149932217,0.0732576052723034
0.5,0.199019136255951,0.0728921180162925
0.5,0.199276122579684,0.0725284542009466
0.5,0.199533108903418,0.0721666047302734
0.5,0.199790095227152,0.0718065605507573
0.5,0.200047081550886,0.07144831265725
0.5,0.20030406787462,0.0710918520865584
0.5,0.200561054198354,0.0707371699225079
0.5,0.200818040522087,0.0703842572927893
0.5,0.201075026845821,0.0700331053682519
0.5,0.201332013169555,0.0696837053646646
0.5,0.201588999493289,0.0693360485419991
0.5,0.201845985817023,0.0689901262037006
0.5,0.202102972140756,0.0686459296951159
0.5,0.20235995846449,0.0683034504077208
0.5,0.202616944788224,0.0679626797725529
0.5,0.202873931111958,0.0676236092652549
0.5,0.203130917435692,0.0672862304044737
0.5,0.203387903759426,0.0669505347502406
0.5,0.203644890083159,0.0666165139048425
0.5,0.203901876406893,0.0662841595128552
0.5,0.204158862730627,0.0659534632594928
0.5,0.204415849054361,0.0656244168722975
0.5,0.204672835378095,0.065297012120313
0.5,0.204929821701829,0.0649712408140873
0.5,0.205186808025562,0.0646470948022973
0.5,0.205443794349296,0.0643245659784699
0.5,0.20570078067303,0.0640036462725361
0.5,0.205957766996764,0.0636843276575453
0.5,0.206214753320498,0.0633666021445649
0.5,0.206471739644231,0.0630504617868636
0.5,0.206728725967965,0.0627358986747808
0.5,0.206985712291699,0.0624229049407531
0.5,0.207242698615433,0.0621114727533066
0.5,0.207499684939167,0.0618015943220785
0.5,0.207756671262901,0.0614932618968967
0.5,0.208013657586634,0.0611864677625745
0.5,0.208270643910368,0.0608812042456382
0.5,0.208527630234102,0.0605774637099635
0.5,0.208784616557836,0.0602752385558046
0.5,0.20904160288157,0.0599745212248209
0.5,0.209298589205304,0.0596753041930997
0.5,0.209555575529037,0.059377579975312
0.5,0.209812561852771,0.059081341125446
0.5,0.210069548176505,0.0587865802306372
0.5,0.210326534500239,0.0584932899187723
0.5,0.210583520823973,0.0582014628523018
0.5,0.210840507147706,0.0579110917306645
0.5,0.21109749347144,0.0576221692918558
0.5,0.211354479795174,0.05733468830619
0.5,0.211611466118908,0.0570486415830498
0.5,0.211868452442642,0.056764021967237
0.5,0.212125438766376,0.056480822337905
0.5,0.212382425090109,0.0561990356118416
0.5,0.212639411413843,0.0559186547389088
0.5,0.212896397737577,0.0556396727053153
0.5,0.213153384061311,0.0553620825316554
0.5,0.213410370385045,0.0550858772753112
0.5,0.213667356708778,0.0548110500267236
0.5,0.213924343032512,0.0545375939091476
0.5,0.214181329356246,0.0542655020836787
0.5,0.21443831567998,0.0539947677428612
0.5,0.214695302003714,0.0537253841148275
0.5,0.214952288327448,0.053457344459517
0.5,0.215209274651181,0.0531906420737032
0.5,0.215466260974915,0.0529252702836612
0.5,0.215723247298649,0.0526612224519566
0.5,0.215980233622383,0.0523984919736325
0.5,0.216237219946117,0.0521370722750291
0.5,0.216494206269851,0.0518769568179272
0.5,0.216751192593584,0.0516181390948127
0.5,0.217008178917318,0.0513606126303433
0.5,0.217265165241052,0.051104370984607
0.5,0.217522151564786,0.0508494077447828
0.5,0.21777913788852,0.0505957165355247
0.5,0.218036124212254,0.0503432910079206
0.5,0.218293110535987,0.0500921248498885
0.5,0.218550096859721,0.0498422117768927
0.5,0.218807083183455,0.0495935455369708
0.5,0.219064069507189,0.0493461199103935
0.5,0.219321055830923,0.0490999287075159
0.5,0.219578042154656,0.0488549657693159
0.5,0.21983502847839,0.0486112249679324
0.5,0.220092014802124,0.0483687002072041
0.5,0.220349001125858,0.0481273854186818
0.5,0.220605987449592,0.0478872745657653
0.5,0.220862973773326,0.0476483616433292
0.5,0.221119960097059,0.0474106406737093
0.5,0.221376946420793,0.0471741057099319
0.5,0.221633932744527,0.0469387508362313
0.5,0.221890919068261,0.0467045701640095
0.5,0.222147905391995,0.0464715578350647
0.5,0.222404891715728,0.0462397080211845
0.5,0.222661878039462,0.0460090149219034
0.5,0.222918864363196,0.0457794727659039
0.5,0.22317585068693,0.0455510758124245
0.5,0.223432837010664,0.0453238183462484
0.5,0.223689823334398,0.0450976946836819
0.5,0.223946809658131,0.0448726991684503
0.5,0.224203795981865,0.0446488261703261
0.5,0.224460782305599,0.0444260700901982
0.5,0.224717768629333,0.044204425355942
0.5,0.224974754953067,0.0439838864228789
0.5,0.225231741276801,0.0437644477733099
0.5,0.225488727600534,0.0435461039178961
0.5,0.225745713924268,0.0433288493961177
0.5,0.226002700248002,0.043112678771163
0.5,0.226259686571736,0.042897586636862
0.5,0.22651667289547,0.0426835676125683
0.5,0.226773659219203,0.042470616343591
0.5,0.227030645542937,0.0422587275025611
0.5,0.227287631866671,0.0420478957908027
0.5,0.227544618190405,0.0418381159322335
0.5,0.227801604514139,0.0416293826793861
0.5,0.228058590837873,0.0414216908119719
0.5,0.228315577161606,0.0412150351335575
0.5,0.22857256348534,0.0410094104747882
0.5,0.228829549809074,0.0408048116909894
0.5,0.229086536132808,0.0406012336653973
0.5,0.229343522456542,0.0403986713039275
0.5,0.229600508780276,0.0401971195402822
0.5,0.229857495104009,0.0399965733325897
0.5,0.230114481427743,0.0397970276638008
0.5,0.230371467751477,0.0395984775420843
0.5,0.230628454075211,0.0394009180012229
0.5,0.230885440398945,0.0392043440972156
0.5,0.231142426722678,0.0390087509152987
0.5,0.231399413046412,0.0388141335608519
0.5,0.231656399370146,0.0386204871654671
0.5,0.23191338569388,0.0384278068854336
0.5,0.232170372017614,0.0382360879011642
0.5,0.232427358341348,0.0380453254156609
0.5,0.232684344665081,0.0378555146567902
0.5,0.232941330988815,0.0376666508776581
0.5,0.233198317312549,0.0374787293531534
0.5,0.233455303636283,0.0372917453822187
0.5,0.233712289960017,0.0371056942862951
0.5,0.23396927628375,0.0369205714135199
0.5,0.234226262607484,0.0367363721304421
0.5,0.234483248931218,0.0365530918310185
0.5,0.234740235254952,0.0363707259292742
0.5,0.234997221578686,0.0361892698634967
0.5,0.23525420790242,0.0360087190946565
0.5,0.235511194226153,0.0358290691067505
0.5,0.235768180549887,0.0356503154042393
0.5,0.236025166873621,0.0354724535162527
0.5,0.236282153197355,0.0352954789940265
0.5,0.236539139521089,0.0351193874092914
0.5,0.236796125844823,0.0349441743584861
0.5,0.237053112168556,0.0347698354572574
0.5,0.23731009849229,0.0345963663446714
0.5,0.237567084816024,0.0344237626815939
0.5,0.237824071139758,0.0342520201500355
0.5,0.238081057463492,0.0340811344544466
0.5,0.238338043787226,0.0339111013191017
0.5,0.238595030110959,0.0337419164903661
0.5,0.238852016434693,0.0335735757370126
0.5,0.239109002758427,0.0334060748475914
0.5,0.239365989082161,0.0332394096307309
0.5,0.239622975405895,0.033073575918392
0.5,0.239879961729628,0.0329085695622426
0.5,0.240136948053362,0.0327443864339537
0.5,0.240393934377096,0.0325810224264822
0.5,0.24065092070083,0.032418473454372
0.5,0.240907907024564,0.0322567354491064
0.5,0.241164893348298,0.0320958043663177
0.5,0.241421879672031,0.0319356761801482
0.5,0.241678865995765,0.0317763468845224
0.5,0.241935852319499,0.0316178124934323
0.5,0.242192838643233,0.0314600690412223
0.5,0.242449824966967,0.0313031125828746
0.5,0.2427068112907,0.0311469391903057
0.5,0.242963797614434,0.0309915449576207
0.5,0.243220783938168,0.0308369259974076
0.5,0.243477770261902,0.0306830784420061
0.5,0.243734756585636,0.0305299984437824
0.5,0.24399174290937,0.0303776821703922
0.5,0.244248729233103,0.0302261258150621
0.5,0.244505715556837,0.0300753255838335
0.5,0.244762701880571,0.029925277705849
0.5,0.245019688204305,0.0297759784265924
0.5,0.245276674528039,0.0296274240121665
0.5,0.245533660851773,0.0294796107465368
0.5,0.245790647175506,0.0293325349307751
0.5,0.24604763349924,0.0291861928863398
0.5,0.246304619822974,0.0290405809523042
0.5,0.246561606146708,0.0288956954866178
0.5,0.246818592470442,0.0287515328653456
0.5,0.247075578794175,0.0286080894798712
0.5,0.247332565117909,0.0284653617442414
0.5,0.247589551441643,0.0283233460872984
0.5,0.247846537765377,0.0281820389559618
0.5,0.248103524089111,0.0280414368154709
0.5,0.248360510412845,0.0279015361496275
0.5,0.248617496736578,0.0277623334569539
0.5,0.248874483060312,0.0276238252560259
0.5,0.249131469384046,0.0274860080826512
0.5,0.24938845570778,0.0273488784880521
0.5,0.249645442031514,0.0272124330431896
0.5,0.249902428355248,0.0270766683338736
0.5,0.250159414678981,0.0269415809640617
0.5,0.250416401002715,0.026807167555063
0.5,0.250673387326449,0.0266734247426758
0.5,0.250930373650183,0.0265403491835837
0.5,0.251187359973917,0.0264079375463114
0.5,0.251444346297651,0.0262761865207165
0.5,0.251701332621384,0.0261450928099603
0.5,0.251958318945118,0.0260146531348488
0.5,0.252215305268852,0.0258848642319819
0.5,0.252472291592586,0.0257557228560391
0.5,0.25272927791632,0.0256272257737718
0.5,0.252986264240053,0.0254993697735466
0.5,0.253243250563787,0.02537215165518
0.5,0.253500236887521,0.0252455682363711
0.5,0.253757223211255,0.0251196163518756
0.5,0.254014209534989,0.0249942928495431
0.5,0.254271195858723,0.0248695945946854
0.5,0.254528182182456,0.0247455184681962
0.5,0.25478516850619,0.0246220613667518
0.5,0.255042154829924,0.0244992202009162
0.5,0.255299141153658,0.0243769918974289
0.5,0.255556127477392,0.0242553734004549
0.5,0.255813113801125,0.0241343616654859
0.5,0.256070100124859,0.0240139536668771
0.5,0.256327086448593,0.0238941463927945
0.5,0.256584072772327,0.0237749368443447
0.5,0.256841059096061,0.0236563220410304
0.5,0.257098045419795,0.0235382990156753
0.5,0.257355031743528,0.0234208648146036
0.5,0.257612018067262,0.0233040165009941
0.5,0.257869004390996,0.0231877511518979
0.5,0.25812599071473,0.0230720658594779
0.5,0.258382977038464,0.0229569577280096
0.5,0.258639963362198,0.022842423879362
0.5,0.258896949685931,0.0227284614468121
0.5,0.259153936009665,0.0226150675826604
0.5,0.259410922333399,0.0225022394467095
0.5,0.259667908657133,0.0223899742192069
0.5,0.259924894980867,0.0222782690903736
0.5,0.2601818813046,0.022167121265901
0.5,0.260438867628334,0.0220565279649904
0.5,0.260695853952068,0.0219464864226643
0.5,0.260952840275802,0.0218369938856575
0.5,0.261209826599536,0.0217280476136489
0.5,0.26146681292327,0.0216196448815729
0.5,0.261723799247003,0.0215117829797937
0.5,0.261980785570737,0.0214044592067464
0.5,0.262237771894471,0.0212976708809235
0.5,0.262494758218205,0.021191415328131
0.5,0.262751744541939,0.0210856898924138
0.5,0.263008730865673,0.0209804919286774
0.5,0.263265717189406,0.0208758188039173
0.5,0.26352270351314,0.0207716679006198
0.5,0.263779689836874,0.0206680366147632
0.5,0.264036676160608,0.0205649223505537
0.5,0.264293662484342,0.0204623225324996
0.5,0.264550648808075,0.0203602345903866
0.5,0.264807635131809,0.0202586559724482
0.5,0.265064621455543,0.0201575841379224
0.5,0.265321607779277,0.020057016557195
0.5,0.265578594103011,0.0199569507152145
0.5,0.265835580426745,0.0198573841094663
0.5,0.266092566750478,0.0197583142468419
0.5,0.266349553074212,0.019659738651429
0.5,0.266606539397946,0.0195616548570149
0.5,0.26686352572168,0.0194640604083139
0.5,0.267120512045414,0.0193669528654943
0.5,0.267377498369147,0.0192703297988449
0.5,0.267634484692881,0.0191741887922048
0.5,0.267891471016615,0.0190785274387099
0.5,0.268148457340349,0.0189833433464267
0.5,0.268405443664083,0.0188886341340955
0.5,0.268662429987817,0.0187943974334691
0.5,0.26891941631155,0.0187006308850372
0.5,0.269176402635284,0.0186073321458873
0.5,0.269433388959018,0.0185144988787957
0.5,0.269690375282752,0.0184221287645191
0.5,0.269947361606486,0.0183302194908692
0.5,0.27020434793022,0.0182387687583736
0.5,0.270461334253953,0.0181477742804124
0.5,0.270718320577687,0.0180572337811321
0.5,0.270975306901421,0.0179671449933456
0.5,0.271232293225155,0.0178775056653333
0.5,0.271489279548889,0.0177883135531846
0.5,0.271746265872623,0.017699566427606
0.5,0.272003252196356,0.0176112620673601
0.5,0.27226023852009,0.0175233982638498
0.5,0.272517224843824,0.017435972819011
0.5,0.272774211167558,0.0173489835454347
0.5,0.273031197491292,0.0172624282664878
0.5,0.273288183815025,0.01717630481868
0.5,0.273545170138759,0.0170906110473011
0.5,0.273802156462493,0.0170053448076564
0.5,0.274059142786227,0.0169205039663087
0.5,0.274316129109961,0.0168360864023266
0.5,0.274573115433695,0.0167520900040275
0.5,0.274830101757428,0.0166685126690882
0.5,0.275087088081162,0.016585352306916
0.5,0.275344074404896,0.0165026068387702
0.5,0.27560106072863,0.0164202741922224
0.5,0.275858047052364,0.0163383523091844
0.5,0.276115033376097,0.0162568391403684
0.5,0.276372019699831,0.0161757326465285
0.5,0.276629006023565,0.0160950307974343
0.5,0.276885992347299,0.0160147315765272
0.5,0.277142978671033,0.0159348329742151
0.5,0.277399964994767,0.0158553329913871
0.5,0.2776569513185,0.0157762296383831
0.5,0.277913937642234,0.0156975209385241
0.5,0.278170923965968,0.0156192049213783
0.5,0.278427910289702,0.0155412796285686
0.5,0.278684896613436,0.0154637431104551
0.5,0.27894188293717,0.0153865934273807
0.5,0.279198869260903,0.01530982864863
0.5,0.279455855584637,0.0152334468559735
0.5,0.279712841908371,0.0151574461368896
0.5,0.279969828232105,0.0150818245903992
0.5,0.280226814555839,0.0150065803248746
0.5,0.280483800879572,0.0149317114581396
0.5,0.280740787203306,0.01485721611757
0.5,0.28099777352704,0.0147830924390391
0.5,0.281254759850774,0.0147093385693241
0.5,0.281511746174508,0.0146359526627419
0.5,0.281768732498242,0.0145629328835539
0.5,0.282025718821975,0.014490277404908
0.5,0.282282705145709,0.0144179844089333
0.5,0.282539691469443,0.0143460520879958
0.5,0.282796677793177,0.0142744786424756
0.5,0.283053664116911,0.014203262282019
0.5,0.283310650440645,0.0141324012244699
0.5,0.283567636764378,0.0140618936982892
0.5,0.283824623088112,0.0139917379391573
0.5,0.284081609411846,0.0139219321912258
0.5,0.28433859573558,0.0138524747095427
0.5,0.284595582059314,0.0137833637554772
0.5,0.284852568383047,0.0137145976003085
0.5,0.285109554706781,0.0136461745253211
0.5,0.285366541030515,0.013578092817211
0.5,0.285623527354249,0.0135103507740259
0.5,0.285880513677983,0.0134429467005681
0.5,0.286137500001717,0.0133758789096491
0.5,0.28639448632545,0.0133091457257036
0.5,0.286651472649184,0.0132427454778242
0.5,0.286908458972918,0.013176676504545
0.5,0.287165445296652,0.0131109371551104
0.5,0.287422431620386,0.0130455257836668
0.5,0.287679417944119,0.0129804407540584
0.5,0.287936404267853,0.0129156804375513
0.5,0.288193390591587,0.01285124321528
0.5,0.288450376915321,0.012787127474783
0.5,0.288707363239055,0.0127233316112621
0.5,0.288964349562789,0.012659854031223
0.5,0.289221335886522,0.0125966931442536
0.5,0.289478322210256,0.0125338473714061
0.5,0.28973530853399,0.0124713151405313
0.5,0.289992294857724,0.0124090948875433
0.5,0.290249281181458,0.012347185055307
0.5,0.290506267505192,0.0122855840949052
0.5,0.290763253828925,0.0122242904669117
0.5,0.291020240152659,0.0121633026366944
0.5,0.291277226476393,0.0121026190792647
0.5,0.291534212800127,0.0120422382757689
0.5,0.291791199123861,0.0119821587171529
0.5,0.292048185447595,0.0119223788994482
0.5,0.292305171771328,0.0118628973262361
0.5,0.292562158095062,0.0118037125123274
0.5,0.292819144418796,0.0117448229742294
0.5,0.29307613074253,0.0116862272410282
0.5,0.293333117066264,0.0116279238448443
0.5,0.293590103389997,0.0115699113293275
0.5,0.293847089713731,0.0115121882425041
0.5,0.294104076037465,0.011454753139251
0.5,0.294361062361199,0.0113976045837832
0.5,0.294618048684933,0.011340741147312
0.5,0.294875035008667,0.0112841614056915
0.5,0.2951320213324,0.0112278639443256
0.5,0.295389007656134,0.0111718473558205
0.5,0.295645993979868,0.0111161102364103
0.5,0.295902980303602,0.0110606511945177
0.5,0.296159966627336,0.0110054688411119
0.5,0.29641695295107,0.0109505617958438
0.5,0.296673939274803,0.0108959286871198
0.5,0.296930925598537,0.0108415681448578
0.5,0.297187911922271,0.0107874788127366
0.5,0.297444898246005,0.0107336593348514
0.5,0.297701884569739,0.0106801083667562
0.5,0.297958870893472,0.0106268245682048
0.5,0.298215857217206,0.0105738066056537
0.5,0.29847284354094,0.0105210531535514
0.5,0.298729829864674,0.0104685628919526
0.5,0.298986816188408,0.0104163345078047
0.5,0.299243802512142,0.010364366695011
0.5,0.299500788835875,0.0103126581532639
0.5,0.299757775159609,0.010261207589334
0.5,0.300014761483343,0.0102100137159013
0.5,0.300271747807077,0.0101590752516133
0.5,0.300528734130811,0.0101083909223774
0.5,0.300785720454544,0.0100579594614242
0.5,0.301042706778278,0.0100077796068978
0.5,0.301299693102012,0.00995785010190846
0.5,0.301556679425746,0.00990816969954032
0.5,0.30181366574948,0.00985873715672638
0.5,0.302070652073214,0.00980955123553679
0.5,0.302327638396947,0.00976061070571551
0.5,0.302584624720681,0.00971191434474362
0.5,0.302841611044415,0.00966346093292656
0.5,0.303098597368149,0.00961524925841671
0.5,0.303355583691883,0.00956727811478443
0.5,0.303612570015617,0.0095195463035652
0.5,0.30386955633935,0.00947205262933006
0.5,0.304126542663084,0.00942479590347564
0.5,0.304383528986818,0.00937777494553264
0.5,0.304640515310552,0.00933098857822352
0.5,0.304897501634286,0.00928443563126208
0.5,0.305154487958019,0.00923811494015806
0.5,0.305411474281753,0.00919202534626988
0.5,0.305668460605487,0.00914616569560182
0.5,0.305925446929221,0.00910053484387825
0.5,0.306182433252955,0.00905513164655031
0.5,0.306439419576689,0.00900995496889271
0.5,0.306696405900422,0.00896500367977303
0.5,0.306953392224156,0.00892027665673764
0.5,0.30721037854789,0.00887577278102716
0.5,0.307467364871624,0.00883149093635562
0.5,0.307724351195358,0.00878743001779602
0.5,0.307981337519092,0.0087435889217331
0.5,0.308238323842825,0.00869996655222602
0.5,0.308495310166559,0.00865656181853186
0.5,0.308752296490293,0.00861337363261654
0.5,0.309009282814027,0.00857040091680798
0.5,0.309266269137761,0.0085276425937013
0.5,0.309523255461494,0.00848509759508559
0.5,0.309780241785228,0.0084427648569171
0.5,0.310037228108962,0.00840064331936148
0.5,0.310294214432696,0.00835873192938527
0.5,0.31055120075643,0.00831702963825732
0.5,0.310808187080164,0.00827553540286774
0.5,0.311065173403897,0.00823424818449762
0.5,0.311322159727631,0.00819316695141897
0.5,0.311579146051365,0.00815229067510774
0.5,0.311836132375099,0.00811161833284273
0.5,0.312093118698833,0.00807114890903512
0.5,0.312350105022566,0.00803088138886584
0.5,0.3126070913463,0.00799081476601677
0.5,0.312864077670034,0.00795094803887325
0.5,0.313121063993768,0.00791128021056629
0.5,0.313378050317502,0.00787181028644019
0.5,0.313635036641236,0.007832537280526
0.5,0.313892022964969,0.00779346021044196
0.5,0.314149009288703,0.00775457809872085
0.5,0.314405995612437,0.00771588997285227
0.5,0.314662981936171,0.00767739486403227
0.5,0.314919968259905,0.00763909181108121
0.5,0.315176954583639,0.00760097985402308
0.5,0.315433940907372,0.00756305804059063
0.5,0.315690927231106,0.00752532542109092
0.5,0.31594791355484,0.0074877810523306
0.5,0.316204899878574,0.00745042399506559
0.5,0.316461886202308,0.00741325331403796
0.5,0.316718872526041,0.00737626808191605
0.5,0.316975858849775,0.00733946737023262
0.5,0.317232845173509,0.00730285025982579
0.5,0.317489831497243,0.00726641583568034
0.5,0.317746817820977,0.00723016318435418
0.5,0.318003804144711,0.0071940914005362
0.5,0.318260790468444,0.0071581995818697
0.5,0.318517776792178,0.00712248682898398
0.5,0.318774763115912,0.00708695224945447
0.5,0.319031749439646,0.00705159495522918
0.5,0.31928873576338,0.00701641406004246
0.5,0.319545722087114,0.00698140868600458
0.5,0.319802708410847,0.00694657795577238
0.5,0.320059694734581,0.00691192099782936
0.5,0.320316681058315,0.00687743694652791
0.5,0.320573667382049,0.00684312493818096
0.5,0.320830653705783,0.0068089841150421
0.5,0.321087640029516,0.00677501362270989
0.5,0.32134462635325,0.00674121261147955
0.5,0.321601612676984,0.0067075802350588
0.5,0.321858599000718,0.00667411565324383
0.5,0.322115585324452,0.00664081802931514
0.5,0.322372571648186,0.00660768652874497
0.5,0.322629557971919,0.00657472032452486
0.5,0.322886544295653,0.0065419185905814
0.5,0.323143530619387,0.0065092805057796
0.5,0.323400516943121,0.00647680525661674
0.5,0.323657503266855,0.00644449202663368
0.5,0.323914489590589,0.00641234001105653
0.5,0.324171475914322,0.00638034840354366
0.5,0.324428462238056,0.00634851640419233
0.5,0.32468544856179,0.00631684321691351
0.5,0.324942434885524,0.00628532804946349
0.5,0.325199421209258,0.00625397011347557
0.5,0.325456407532991,0.00622276862449172
0.5,0.325713393856725,0.00619172280199427
0.5,0.325970380180459,0.00616083186809852
0.5,0.326227366504193,0.00613009505293951
0.5,0.326484352827927,0.00609951158399035
0.5,0.326741339151661,0.00606908069948951
0.5,0.326998325475394,0.00603880163640958
0.5,0.327255311799128,0.00600867363718938
0.5,0.327512298122862,0.00597869594977091
0.5,0.327769284446596,0.00594886782225062
0.5,0.32802627077033,0.0059191885096326
0.5,0.328283257094064,0.0058896572684767
0.5,0.328540243417797,0.005860273362318
0.5,0.328797229741531,0.00583103605225452
0.5,0.329054216065265,0.0058019446104695
0.5,0.329311202388999,0.00577299830811464
0.5,0.329568188712733,0.00574419642073594
0.5,0.329825175036466,0.00571553822830533
0.5,0.3300821613602,0.00568702301254054
0.5,0.330339147683934,0.00565865006099711
0.5,0.330596134007668,0.00563041866574729
0.5,0.330853120331402,0.00560232811797541
0.5,0.331110106655136,0.00557437771478912
0.5,0.331367092978869,0.00554656675925636
0.5,0.331624079302603,0.00551889455499324
0.5,0.331881065626337,0.00549136040754324
0.5,0.332138051950071,0.00546396363122014
0.5,0.332395038273805,0.00543670353959755
0.5,0.332652024597539,0.00540957944961892
0.5,0.332909010921272,0.00538259068435899
0.5,0.333165997245006,0.0053557365662178
0.5,0.33342298356874,0.00532901642651875
0.5,0.333679969892474,0.00530242959596119
0.5,0.333936956216208,0.00527597540737454
0.5,0.334193942539941,0.00524965320123059
0.5,0.334450928863675,0.00522346231881642
0.5,0.334707915187409,0.00519740210500006
0.5,0.334964901511143,0.00517147190688096
0.5,0.335221887834877,0.00514567107518804
0.5,0.335478874158611,0.00511999896706237
0.5,0.335735860482344,0.00509445493781914
0.5,0.335992846806078,0.00506903835061444
0.5,0.336249833129812,0.00504374856819989
0.5,0.336506819453546,0.00501858495708013
0.5,0.33676380577728,0.00499354689030598
0.5,0.337020792101013,0.00496863373920483
0.5,0.337277778424747,0.0049438448816988
0.5,0.337534764748481,0.00491917969818206
0.5,0.337791751072215,0.00489463757154197
0.5,0.338048737395949,0.00487021788579156
0.5,0.338305723719683,0.0048459200316441
0.5,0.338562710043416,0.00482174340237787
0.5,0.33881969636715,0.00479768739107358
0.5,0.339076682690884,0.00477375139758931
0.5,0.339333669014618,0.0047499348216278
0.5,0.339590655338352,0.00472623706832696
0.5,0.339847641662086,0.00470265754549944
0.5,0.340104627985819,0.00467919566085958
0.5,0.340361614309553,0.00465585083042285
0.5,0.340618600633287,0.00463262246875364
0.5,0.340875586957021,0.00460950999597185
0.5,0.341132573280755,0.00458651283077797
0.5,0.341389559604488,0.00456363040167733
0.5,0.341646545928222,0.00454086213439678
0.5,0.341903532251956,0.00451820745890707
0.5,0.34216051857569,0.00449566580944928
0.5,0.342417504899424,0.00447323662315456
0.5,0.342674491223158,0.00445091933584239
0.5,0.342931477546891,0.00442871339188669
0.5,0.343188463870625,0.00440661823438979
0.5,0.343445450194359,0.00438463331083094
0.5,0.343702436518093,0.00436275807309271
0.5,0.343959422841827,0.00434099197183569
0.5,0.344216409165561,0.00431933446215967
0.5,0.344473395489294,0.00429778500363007
0.5,0.344730381813028,0.00427634305747208
0.5,0.344987368136762,0.00425500808658656
0.5,0.345244354460496,0.00423377955698405
0.5,0.34550134078423,0.0042126569378059
0.5,0.345758327107964,0.00419163970134534
0.5,0.346015313431697,0.00417072732164728
0.5,0.346272299755431,0.0041499192745241
0.5,0.346529286079165,0.00412921504041848
0.5,0.346786272402899,0.00410861410158068
0.5,0.347043258726633,0.00408811594208443
0.5,0.347300245050366,0.00406772004784271
0.5,0.3475572313741,0.00404742591233442
0.5,0.347814217697834,0.00402723302378251
0.5,0.348071204021568,0.00400714088087136
0.5,0.348328190345302,0.00398714897705474
0.5,0.348585176669036,0.00396725681629639
0.5,0.348842162992769,0.0039474638973548
0.5,0.349099149316503,0.00392776972667891
0.5,0.349356135640237,0.00390817381270476
0.5,0.349613121963971,0.00388867566299896
0.5,0.349870108287705,0.00386927479145004
0.5,0.350127094611439,0.00384997071254705
0.5,0.350384080935172,0.00383076294139014
0.5,0.350641067258906,0.00381165100090295
0.5,0.35089805358264,0.00379263441033816
0.5,0.351155039906374,0.00377371269536958
0.5,0.351412026230108,0.00375488538234966
0.5,0.351669012553841,0.00373615199976466
0.5,0.351925998877575,0.00371751207825049
0.5,0.352182985201309,0.0036989651535019
0.5,0.352439971525043,0.0036805107605079
0.5,0.352696957848777,0.00366214843790345
0.5,0.35295394417251,0.00364387772654069
0.5,0.353210930496244,0.00362569816950483
0.5,0.353467916819978,0.00360760931067791
0.5,0.353724903143712,0.00358961069765552
0.5,0.353981889467446,0.00357170188176789
0.5,0.35423887579118,0.00355388241519066
0.5,0.354495862114913,0.00353615184949929
0.5,0.354752848438647,0.0035185097429606
0.5,0.355009834762381,0.00350095565473121
0.5,0.355266821086115,0.00348348914486807
0.5,0.355523807409849,0.00346610977725987
0.5,0.355780793733583,0.00344881711672521
0.5,0.356037780057316,0.00343161072902312
0.5,0.35629476638105,0.00341449018671805
0.5,0.356551752704784,0.00339745505895894
0.5,0.356808739028518,0.00338050492026817
0.5,0.357065725352252,0.00336363934763449
0.5,0.357322711675986,0.00334685791906098
0.5,0.357579697999719,0.00333016021357561
0.5,0.357836684323453,0.00331354581418168
0.5,0.358093670647187,0.00329701430493697
0.5,0.358350656970921,0.0032805652724363
0.5,0.358607643294655,0.00326419830582739
0.5,0.358864629618388,0.00324791299387837
0.5,0.359121615942122,0.00323170893235913
0.5,0.359378602265856,0.00321558571226287
0.5,0.35963558858959,0.00319954293309139
0.5,0.359892574913324,0.00318358019254345
0.5,0.360149561237058,0.00316769709095303
0.5,0.360406547560791,0.00315189323130519
0.5,0.360663533884525,0.00313616821777035
0.5,0.360920520208259,0.00312052165719746
0.5,0.361177506531993,0.0031049531591298
0.5,0.361434492855727,0.00308946233433614
0.5,0.361691479179461,0.00307404879333552
0.5,0.361948465503194,0.00305871215086299
0.5,0.362205451826928,0.00304345202440284
0.5,0.362462438150662,0.00302826803122659
0.5,0.362719424474396,0.00301315979286819
0.5,0.36297641079813,0.00299812693067208
0.5,0.363233397121863,0.00298316906878256
0.5,0.363490383445597,0.00296828583117342
0.5,0.363747369769331,0.00295347684912419
0.5,0.364004356093065,0.00293874174779448
0.5,0.364261342416799,0.00292408016266763
0.5,0.364518328740533,0.00290949172461919
0.5,0.364775315064266,0.00289497606889696
0.5,0.365032301388,0.0028805328336426
0.5,0.365289287711734,0.00286616165690641
0.5,0.365546274035468,0.00285186217815416
0.5,0.365803260359202,0.00283763403978036
0.5,0.366060246682935,0.00282347688712401
0.5,0.366317233006669,0.00280939036697978
0.5,0.366574219330403,0.002795374123091
0.5,0.366831205654137,0.00278142780819945
0.5,0.367088191977871,0.00276755107352679
0.5,0.367345178301605,0.00275374357028351
0.5,0.367602164625338,0.00274000495269431
0.5,0.367859150949072,0.00272633487801396
0.5,0.368116137272806,0.00271273300503094
0.5,0.36837312359654,0.00269919899256481
0.5,0.368630109920274,0.00268573250250003
0.5,0.368887096244008,0.00267233319828643
0.5,0.369144082567741,0.00265900074191706
0.5,0.369401068891475,0.0026457348045502
0.5,0.369658055215209,0.00263253504984294
0.5,0.369915041538943,0.00261940115064502
0.5,0.370172027862677,0.00260633277687105
0.5,0.37042901418641,0.00259332960310343
0.5,0.370686000510144,0.00258039130252267
0.5,0.370942986833878,0.00256751755147867
0.5,0.371199973157612,0.00255470802950656
0.5,0.371456959481346,0.00254196241476491
0.5,0.37171394580508,0.00252928038861652
0.5,0.371970932128813,0.00251666163411624
0.5,0.372227918452547,0.00250410583449255
0.5,0.372484904776281,0.00249161267774306
0.5,0.372741891100015,0.00247918185053107
0.5,0.372998877423749,0.00246681303971773
0.5,0.373255863747483,0.00245450594003366
0.5,0.373512850071216,0.00244226024030177
0.5,0.37376983639495,0.00243007563416898
0.5,0.374026822718684,0.00241795181859098
0.5,0.374283809042418,0.00240588849077307
0.5,0.374540795366152,0.00239388534663684
0.5,0.374797781689885,0.00238194208697864
0.5,0.375054768013619,0.00237005841286868
0.5,0.375311754337353,0.00235823402873977
0.5,0.375568740661087,0.00234646863623204
0.5,0.375825726984821,0.0023347619419068
0.5,0.376082713308555,0.00232311365263305
0.5,0.376339699632288,0.00231152347868455
0.5,0.376596685956022,0.00229999112756776
0.5,0.376853672279756,0.00228851631330483
0.5,0.37711065860349,0.00227709874716533
0.5,0.377367644927224,0.00226573814386167
0.5,0.377624631250958,0.00225443422001368
0.5,0.377881617574691,0.00224318669105463
0.5,0.378138603898425,0.00223199527744455
0.5,0.378395590222159,0.00222085970002819
0.5,0.378652576545893,0.00220977967692939
0.5,0.378909562869627,0.00219875493288484
0.5,0.37916654919336,0.0021877851930402
0.5,0.379423535517094,0.0021768701813968
0.5,0.379680521840828,0.00216600962549064
0.5,0.379937508164562,0.00215520325328675
0.5,0.380194494488296,0.00214445079630806
0.5,0.38045148081203,0.00213375198183707
0.5,0.380708467135763,0.00212310654698023
0.5,0.380965453459497,0.0021125142214906
0.5,0.381222439783231,0.00210197474184065
0.5,0.381479426106965,0.00209148784498047
0.5,0.381736412430699,0.00208105326677494
0.5,0.381993398754433,0.00207067074828037
0.5,0.382250385078166,0.00206034002948474
0.5,0.3825073714019,0.00205006084930773
0.5,0.382764357725634,0.00203983295503465
0.5,0.383021344049368,0.00202965608661429
0.5,0.383278330373102,0.00201952999238221
0.5,0.383535316696835,0.00200945441806393
0.5,0.383792303020569,0.00199942911149931
0.5,0.384049289344303,0.00198945382107548
0.5,0.384306275668037,0.0019795282988895
0.5,0.384563261991771,0.00196965229444525
0.5,0.384820248315505,0.00195982556413284
0.5,0.385077234639238,0.00195004785860036
0.5,0.385334220962972,0.00194031893540111
0.5,0.385591207286706,0.00193063854951636
0.5,0.38584819361044,0.00192100645969005
0.5,0.386105179934174,0.0019114224268586
0.5,0.386362166257908,0.00190188620781298
0.5,0.386619152581641,0.00189239756630536
0.5,0.386876138905375,0.00188295626354013
0.5,0.387133125229109,0.00187356206452976
0.5,0.387390111552843,0.00186421473333664
0.5,0.387647097876577,0.00185491403785021
0.5,0.38790408420031,0.00184565974342907
0.5,0.388161070524044,0.00183645161927365
0.5,0.388418056847778,0.00182728943525096
0.5,0.388675043171512,0.00181817296189987
0.5,0.388932029495246,0.00180910197203406
0.5,0.38918901581898,0.00180007623595638
0.5,0.389446002142713,0.00179109553265204
0.5,0.389702988466447,0.00178215963221113
0.5,0.389959974790181,0.00177326831502484
0.5,0.390216961113915,0.00176442135739596
0.5,0.390473947437649,0.00175561853634032
0.5,0.390730933761383,0.00174685963440719
0.5,0.390987920085116,0.00173814443166989
0.5,0.39124490640885,0.00172947270893482
0.5,0.391501892732584,0.00172084424935497
0.5,0.391758879056318,0.00171225883844044
0.5,0.392015865380052,0.00170371626084839
0.5,0.392272851703785,0.00169521630199439
0.5,0.392529838027519,0.0016867587512826
0.5,0.392786824351253,0.00167834339566759
0.5,0.393043810674987,0.00166997002449275
0.5,0.393300796998721,0.00166163842788523
0.5,0.393557783322455,0.00165334839999453
0.5,0.393814769646188,0.00164509972930202
0.5,0.394071755969922,0.00163689221317411
0.5,0.394328742293656,0.00162872564493526
0.5,0.39458572861739,0.00162059982034094
0.5,0.394842714941124,0.00161251453596627
0.5,0.395099701264857,0.00160446958921132
0.5,0.395356687588591,0.00159646477993038
0.5,0.395613673912325,0.00158849990719237
0.5,0.395870660236059,0.00158057477090696
0.5,0.396127646559793,0.00157268917345706
0.5,0.396384632883527,0.00156484291970943
0.5,0.39664161920726,0.00155703580887851
0.5,0.396898605530994,0.00154926765081452
0.5,0.397155591854728,0.00154153824646305
0.5,0.397412578178462,0.00153384740579616
0.5,0.397669564502196,0.00152619493477564
0.5,0.39792655082593,0.00151858064351549
0.5,0.398183537149663,0.00151100433975506
0.5,0.398440523473397,0.00150346583376399
0.5,0.398697509797131,0.00149596493999052
0.5,0.398954496120865,0.0014885014672443
0.5,0.399211482444599,0.00148107523015983
0.5,0.399468468768332,0.00147368604265375
0.5,0.399725455092066,0.00146633372120887
0.5,0.3999824414158,0.00145901808159859
0.5,0.400239427739534,0.00145173893888691
0.5,0.400496414063268,0.00144449611400911
0.5,0.400753400387002,0.00143728942226929
0.5,0.401010386710735,0.00143011868650278
0.5,0.401267373034469,0.00142298372556415
0.5,0.401524359358203,0.00141588436091427
0.5,0.401781345681937,0.00140882041663083
0.5,0.402038332005671,0.00140179171446438
0.5,0.402295318329405,0.00139479807879079
0.5,0.402552304653138,0.00138783933331448
0.5,0.402809290976872,0.0013809153076872
0.5,0.403066277300606,0.00137402582593899
0.5,0.40332326362434,0.00136717071640307
0.5,0.403580249948074,0.00136034980675815
0.5,0.403837236271807,0.00135356292734622
0.5,0.404094222595541,0.00134680990786322
0.5,0.404351208919275,0.00134009058068102
0.5,0.404608195243009,0.00133340477587182
0.5,0.404865181566743,0.00132675232785533
0.5,0.405122167890477,0.00132013306875793
0.5,0.40537915421421,0.00131354683340304
0.5,0.405636140537944,0.00130699345765543
0.5,0.405893126861678,0.00130047277675914
0.5,0.406150113185412,0.00129398462867426
0.5,0.406407099509146,0.00128752884907918
0.5,0.406664085832879,0.00128110527971778
0.5,0.406921072156613,0.00127471375671966
0.5,0.407178058480347,0.00126835412061998
0.5,0.407435044804081,0.00126202621470163
0.5,0.407692031127815,0.0012557298783069
0.5,0.407949017451549,0.0012494649552058
0.5,0.408206003775282,0.0012432312885814
0.5,0.408462990099016,0.00123702872270771
0.5,0.40871997642275,0.00123085709959708
0.5,0.408976962746484,0.00122471626907495
0.5,0.409233949070218,0.00121860607535773
0.5,0.409490935393952,0.00121252636544757
0.5,0.409747921717685,0.00120647698745975
0.5,0.410004908041419,0.00120045779062794
0.5,0.410261894365153,0.00119446862362419
0.5,0.410518880688887,0.0011885093362453
0.5,0.410775867012621,0.00118257978110546
0.5,0.411032853336354,0.00117667980858149
0.5,0.411289839660088,0.00117080927187604
0.5,0.411546825983822,0.00116496802364703
0.5,0.411803812307556,0.00115915591769933
0.5,0.41206079863129,0.00115337280898993
0.5,0.412317784955024,0.00114761855193959
0.5,0.412574771278757,0.00114189300382234
0.5,0.412831757602491,0.0011361960213844
0.5,0.413088743926225,0.00113052746084416
0.5,0.413345730249959,0.00112488718128807
0.5,0.413602716573693,0.00111927504128323
0.5,0.413859702897427,0.00111369090057738
0.5,0.41411668922116,0.00110813462010426
0.5,0.414373675544894,0.00110260605858448
0.5,0.414630661868628,0.00109710508103639
0.5,0.414887648192362,0.00109163154857154
0.5,0.415144634516096,0.00108618532350008
0.5,0.41540162083983,0.00108076626933608
0.5,0.415658607163563,0.00107537425251023
0.5,0.415915593487297,0.00107000913554639
0.5,0.416172579811031,0.00106467078559884
0.5,0.416429566134765,0.00105935906933628
0.5,0.416686552458499,0.00105407385465344
0.5,0.416943538782232,0.00104881500725098
0.5,0.417200525105966,0.00104358239577152
0.5,0.4174575114297,0.00103837589181019
0.5,0.417714497753434,0.00103319536306165
0.5,0.417971484077168,0.00102804067846032
0.5,0.418228470400902,0.00102291171333976
0.5,0.418485456724635,0.00101780833570119
0.5,0.418742443048369,0.00101273041995341
0.5,0.418999429372103,0.00100767783832799
0.5,0.419256415695837,0.00100265046259623
0.5,0.419513402019571,0.00099764817096231
0.5,0.419770388343304,0.000992670836014026
0.5,0.420027374667038,0.000987718331608513
0.5,0.420284360990772,0.000982790536330454
0.5,0.420541347314506,0.000977887326597871
0.5,0.42079833363824,0.000973008580113974
0.5,0.421055319961974,0.000968154172413202
0.5,0.421312306285707,0.000963323983778648
0.5,0.421569292609441,0.000958517894062699
0.5,0.421826278933175,0.000953735782687037
0.5,0.422083265256909,0.000948977528642632
0.5,0.422340251580643,0.000944243013959551
0.5,0.422597237904377,0.000939532120245598
0.5,0.42285422422811,0.000934844730423324
0.5,0.423111210551844,0.000930180725259177
0.5,0.423368196875578,0.000925539988575586
0.5,0.423625183199312,0.000920922405521341
0.5,0.423882169523046,0.000916327860835642
0.5,0.424139155846779,0.000911756237105799
0.5,0.424396142170513,0.000907207421735346
0.5,0.424653128494247,0.000902681301726666
0.5,0.424910114817981,0.000898177761935537
0.5,0.425167101141715,0.000893696692051901
0.5,0.425424087465449,0.000889237976130296
0.5,0.425681073789182,0.000884801506563002
0.5,0.425938060112916,0.000880387171858684
0.5,0.42619504643665,0.000875994858382569
0.5,0.426452032760384,0.000871624459110119
0.5,0.426709019084118,0.000867275864883915
0.5,0.426966005407852,0.000862948966162277
0.5,0.427222991731585,0.000858643654774228
0.5,0.427479978055319,0.000854359822168752
0.5,0.427736964379053,0.000850097361171867
0.5,0.427993950702787,0.000845856165991902
0.5,0.428250937026521,0.000841636132224776
0.5,0.428507923350255,0.000837437151578568
0.5,0.428764909673988,0.000833259118908128
0.5,0.429021895997722,0.00082910193222563
0.5,0.429278882321456,0.000824965485657521
0.5,0.42953586864519,0.000820849674727339
0.5,0.429792854968924,0.000816754399892017
0.5,0.430049841292657,0.000812679555958303
0.5,0.430306827616391,0.000808625040905051
0.5,0.430563813940125,0.000804590754125093
0.5,0.430820800263859,0.000800576596430523
0.5,0.431077786587593,0.000796582462974802
0.5,0.431334772911327,0.000792608259183555
0.5,0.43159175923506,0.000788653881284306
0.5,0.431848745558794,0.00078471923224571
0.5,0.432105731882528,0.000780804214698618
0.5,0.432362718206262,0.000776908727383926
0.5,0.432619704529996,0.000773032675804782
0.5,0.432876690853729,0.000769175963356788
0.5,0.433133677177463,0.000765338491322721
0.5,0.433390663501197,0.000761520164208135
0.5,0.433647649824931,0.000757720887970568
0.5,0.433904636148665,0.000753940566460011
0.5,0.434161622472399,0.000750179104980554
0.5,0.434418608796132,0.00074643640851114
0.5,0.434675595119866,0.000742712385276719
0.5,0.4349325814436,0.00073900694318554
0.5,0.435189567767334,0.000735319986253792
0.5,0.435446554091068,0.000731651423538738
0.5,0.435703540414801,0.000728001163785164
0.5,0.435960526738535,0.000724369115425387
0.5,0.436217513062269,0.000720755188371151
0.5,0.436474499386003,0.000717159290432991
0.5,0.436731485709737,0.000713581334491015
0.5,0.436988472033471,0.000710021227740311
0.5,0.437245458357204,0.000706478882451875
0.5,0.437502444680938,0.000702954210596899
0.5,0.437759431004672,0.000699447123846766
0.5,0.438016417328406,0.000695957533573055
0.5,0.43827340365214,0.000692485352647891
0.5,0.438530389975874,0.000689030495449218
0.5,0.438787376299607,0.00068559287426116
0.5,0.439044362623341,0.000682172404679293
0.5,0.439301348947075,0.000678768998402908
0.5,0.439558335270809,0.000675382574058225
0.5,0.439815321594543,0.000672013042766039
0.5,0.440072307918277,0.000668660324390257
0.5,0.44032929424201,0.000665324331285134
0.5,0.440586280565744,0.000662004982752973
0.5,0.440843266889478,0.000658702194199788
0.5,0.441100253213212,0.000655415882560644
0.5,0.441357239536946,0.000652145968117947
0.5,0.441614225860679,0.000648892365441636
0.5,0.441871212184413,0.000645654997894379
0.5,0.442128198508147,0.00064243377949612
0.5,0.442385184831881,0.000639228633070088
0.5,0.442642171155615,0.000636039477541118
0.5,0.442899157479349,0.000632866233383151
0.5,0.443156143803082,0.000629708818983693
0.5,0.443413130126816,0.000626567157924395
0.5,0.44367011645055,0.000623441171706805
0.5,0.443927102774284,0.0006203307797471
0.5,0.444184089098018,0.000617235906669318
0.5,0.444441075421752,0.000614156475018457
0.5,0.444698061745485,0.000611092405255191
0.5,0.444955048069219,0.000608043623061787
0.5,0.445212034392953,0.000605010052042521
0.5,0.445469020716687,0.000601991615548314
0.5,0.445726007040421,0.00059898823667673
0.5,0.445982993364154,0.000595999843768036
0.5,0.446239979687888,0.00059302635942258
0.5,0.446496966011622,0.000590067709655618
0.5,0.446753952335356,0.000587123820237496
0.5,0.44701093865909,0.000584194620366128
0.5,0.447267924982823,0.000581280031653773
0.5,0.447524911306557,0.000578379986489456
0.5,0.447781897630291,0.000575494407837128
0.5,0.448038883954025,0.000572623227613939
0.5,0.448295870277759,0.000569766370142927
0.5,0.448552856601493,0.00056692376687253
0.5,0.448809842925226,0.000564095343492264
0.5,0.44906682924896,0.000561281032829709
0.5,0.449323815572694,0.00055848076379716
0.5,0.449580801896428,0.000555694465074665
0.5,0.449837788220162,0.000552922066957885
0.5,0.450094774543896,0.00055016349951446
0.5,0.450351760867629,0.000547418696283941
0.5,0.450608747191363,0.000544687586884256
0.5,0.450865733515097,0.000541970102557393
0.5,0.451122719838831,0.000539266176174673
0.5,0.451379706162565,0.000536575740387839
0.5,0.451636692486299,0.000533898727629061
0.5,0.451893678810032,0.00053123506825463
0.5,0.452150665133766,0.000528584699826463
0.5,0.4524076514575,0.000525947554124333
0.5,0.452664637781234,0.000523323566427373
0.5,0.452921624104968,0.000520712668082537
0.5,0.453178610428701,0.000518114797663519
0.5,0.453435596752435,0.000515529886090789
0.5,0.453692583076169,0.00051295787338369
0.5,0.453949569399903,0.000510398690039375
0.5,0.454206555723637,0.000507852275664428
0.5,0.454463542047371,0.000505318565933253
0.5,0.454720528371104,0.000502797496313348
0.5,0.454977514694838,0.000500289005803238
0.5,0.455234501018572,0.000497793029462937
0.5,0.455491487342306,0.000495309504016631
0.5,0.45574847366604,0.000492838371602226
0.5,0.456005459989774,0.000490379566674845
0.5,0.456262446313507,0.000487933029105444
0.5,0.456519432637241,0.000485498698570736
0.5,0.456776418960975,0.000483076510800482
0.5,0.457033405284709,0.000480666408831406
0.5,0.457290391608443,0.000478268331757503
0.5,0.457547377932176,0.000475882216598999
0.5,0.45780436425591,0.000473508007699981
0.5,0.458061350579644,0.000471145643578055
0.5,0.458318336903378,0.000468795066321968
0.5,0.458575323227112,0.000466456214067179
0.5,0.458832309550846,0.000464129032294118
0.5,0.459089295874579,0.000461813460648288
0.5,0.459346282198313,0.000459509440472089
0.5,0.459603268522047,0.000457216916698067
0.5,0.459860254845781,0.000454935830303365
0.5,0.460117241169515,0.000452666123969412
0.5,0.460374227493248,0.000450407742087202
0.5,0.460631213816982,0.000448160625085993
0.5,0.460888200140716,0.000445924720782243
0.5,0.46114518646445,0.000443699973034894
0.5,0.461402172788184,0.000441486321734821
0.5,0.461659159111918,0.000439283716069179
0.5,0.461916145435651,0.000437092099368029
0.5,0.462173131759385,0.000434911416682608
0.5,0.462430118083119,0.000432741614790607
0.5,0.462687104406853,0.000430582636499538
0.5,0.462944090730587,0.000428434430144643
0.5,0.463201077054321,0.000426296940090982
0.5,0.463458063378054,0.000424170116241903
0.5,0.463715049701788,0.000422053902625714
0.5,0.463972036025522,0.000419948245003512
0.5,0.464229022349256,0.000417853094688401
0.5,0.46448600867299,0.000415768397113171
0.5,0.464742994996724,0.000413694099450785
0.5,0.464999981320457,0.000411630150619666
0.5,0.465256967644191,0.000409576499377776
0.5,0.465513953967925,0.000407533094322619
0.5,0.465770940291659,0.000405499883891238
0.5,0.466027926615393,0.000403476816360216
0.5,0.466284912939126,0.000401463843676512
0.5,0.46654189926286,0.000399460911885651
0.5,0.466798885586594,0.000397467974538591
0.5,0.467055871910328,0.000395484979282745
0.5,0.467312858234062,0.000393511877444346
0.5,0.467569844557796,0.000391548618276917
0.5,0.467826830881529,0.000389595156642998
0.5,0.468083817205263,0.000387651439570333
0.5,0.468340803528997,0.000385717419697793
0.5,0.468597789852731,0.000383793047591538
0.5,0.468854776176465,0.000381878277517664
0.5,0.469111762500198,0.000379973061671667
0.5,0.469368748823932,0.00037807734824508
0.5,0.469625735147666,0.000376191094918904
0.5,0.4698827214714,0.00037431425151823
0.5,0.470139707795134,0.000372446771578641
0.5,0.470396694118868,0.000370588608492146
0.5,0.470653680442601,0.000368739717440552
0.5,0.470910666766335,0.000366900049597482
0.5,0.471167653090069,0.000365069559859714
0.5,0.471424639413803,0.000363248202984681
0.5,0.471681625737537,0.000361435931652883
0.5,0.471938612061271,0.000359632702278534
0.5,0.472195598385004,0.000357838471140724
0.5,0.472452584708738,0.000356053190501916
0.5,0.472709571032472,0.000354276816364616
0.5,0.472966557356206,0.00035250930459621
0.5,0.47322354367994,0.000350750610928959
0.5,0.473480530003673,0.00034900069096
0.5,0.473737516327407,0.000347259504043409
0.5,0.473994502651141,0.000345527001618234
0.5,0.474251488974875,0.000343803142772528
0.5,0.474508475298609,0.00034208788646766
0.5,0.474765461622343,0.000340381185687564
0.5,0.475022447946076,0.000338683001082062
0.5,0.47527943426981,0.000336993287321426
0.5,0.475536420593544,0.000335312004801066
0.5,0.475793406917278,0.000333639109884983
0.5,0.476050393241012,0.00033197456076181
0.5,0.476307379564746,0.000330318317450088
0.5,0.476564365888479,0.000328670335930615
0.5,0.476821352212213,0.000327030577929385
0.5,0.477078338535947,0.000325398999174896
0.5,0.477335324859681,0.000323775561147173
0.5,0.477592311183415,0.000322160223246145
0.5,0.477849297507148,0.00032055294278636
0.5,0.478106283830882,0.000318953682847622
0.5,0.478363270154616,0.000317362400500623
0.5,0.47862025647835,0.000315779056621556
0.5,0.478877242802084,0.000314203613935523
0.5,0.479134229125818,0.000312636029149016
0.5,0.479391215449551,0.000311076266718872
0.5,0.479648201773285,0.000309524287051514
0.5,0.479905188097019,0.000307980048463768
0.5,0.480162174420753,0.000306443515067272
0.5,0.480419160744487,0.000304914646916916
0.5,0.480676147068221,0.000303393405923893
0.5,0.480933133391954,0.000301879755860974
0.5,0.481190119715688,0.000300373656437852
0.5,0.481447106039422,0.000298875071201388
0.5,0.481704092363156,0.000297383963588655
0.5,0.48196107868689,0.000295900294947125
0.5,0.482218065010623,0.00029442402651026
0.5,0.482475051334357,0.000292955125343281
0.5,0.482732037658091,0.000291493552461129
0.5,0.482989023981825,0.00029003927074877
0.5,0.483246010305559,0.000288592244966471
0.5,0.483502996629293,0.000287152437782788
0.5,0.483759982953026,0.000285719813743689
0.5,0.48401696927676,0.000284294339277836
0.5,0.484273955600494,0.000282875974744609
0.5,0.484530941924228,0.000281464686360481
0.5,0.484787928247962,0.000280060440240584
0.5,0.485044914571696,0.000278663198413748
0.5,0.485301900895429,0.000277272928779619
0.5,0.485558887219163,0.000275889595151541
0.5,0.485815873542897,0.000274513163232942
0.5,0.486072859866631,0.000273143598625903
0.5,0.486329846190365,0.000271780864833408
0.5,0.486586832514098,0.000270424931249313
0.5,0.486843818837832,0.000269075763174841
0.5,0.487100805161566,0.000267733325809869
0.5,0.4873577914853,0.000266397586254915
0.5,0.487614777809034,0.000265068509510337
0.5,0.487871764132768,0.000263746064483337
0.5,0.488128750456501,0.00026243021798307
0.5,0.488385736780235,0.000261120934715369
0.5,0.488642723103969,0.000259818185306498
0.5,0.488899709427703,0.000258521934269106
0.5,0.489156695751437,0.000257232150033237
0.5,0.48941368207517,0.000255948800936039
0.5,0.489670668398904,0.00025467185522176
0.5,0.489927654722638,0.000253401279029215
0.5,0.490184641046372,0.000252137042427285
0.5,0.490441627370106,0.000250879113381526
0.5,0.49069861369384,0.000249627459764597
0.5,0.490955600017573,0.000248382051373019
0.5,0.491212586341307,0.000247142855896822
0.5,0.491469572665041,0.000245909842952012
0.5,0.491726558988775,0.000244682982065917
0.5,0.491983545312509,0.000243462242677191
0.5,0.492240531636243,0.000242247592113775
0.5,0.492497517959976,0.000241039001656901
0.5,0.49275450428371,0.000239836442503345
0.5,0.493011490607444,0.000238639881715025
0.5,0.493268476931178,0.000237449290313481
0.5,0.493525463254912,0.000236264639235799
0.5,0.493782449578645,0.000235085899334614
0.5,0.494039435902379,0.000233913039348682
0.5,0.494296422226113,0.000232746029958565
0.5,0.494553408549847,0.000231584843791913
0.5,0.494810394873581,0.000230429451363553
0.5,0.495067381197315,0.000229279823103856
0.5,0.495324367521048,0.000228135931393449
0.5,0.495581353844782,0.000226997744461206
0.5,0.495838340168516,0.000225865236557777
0.5,0.49609532649225,0.000224738379819932
0.5,0.496352312815984,0.000223617144265283
0.5,0.496609299139718,0.000222501503906959
0.5,0.496866285463451,0.000221391428599999
0.5,0.497123271787185,0.000220286890157089
0.5,0.497380258110919,0.000219187864396985
0.5,0.497637244434653,0.000218094320934039
0.5,0.497894230758387,0.000217006233388675
0.5,0.498151217082121,0.000215923573258992
0.5,0.498408203405854,0.000214846316057606
0.5,0.498665189729588,0.000213774433128493
0.5,0.498922176053322,0.000212707897784879
0.5,0.499179162377056,0.000211646683263986
0.5,0.49943614870079,0.00021059076272703
0.5,0.499693135024523,0.000209540111311869
0.5,0.499950121348257,0.00020849470203087
0.5,0.500207107671991,0.000207454507820393
0.5,0.500464093995725,0.000206419501540792
0.5,0.500721080319459,0.00020538966009016
0.5,0.500978066643193,0.000204364958241101
0.5,0.501235052966926,0.000203345366576461
0.5,0.50149203929066,0.000202330863839023
0.5,0.501749025614394,0.000201321420463841
0.5,0.502006011938128,0.000200317012992199
0.5,0.502262998261862,0.000199317617897819
0.5,0.502519984585596,0.000198323209522596
0.5,0.502776970909329,0.000197333760071322
0.5,0.503033957233063,0.000196349249938281
0.5,0.503290943556797,0.000195369649121489
0.5,0.503547929880531,0.000194394935812675
0.5,0.503804916204265,0.00019342508607069
0.5,0.504061902527998,0.00019246007588682
0.5,0.504318888851732,0.000191499879113138
0.5,0.504575875175466,0.000190544471602639
0.5,0.5048328614992,0.00018959383328829
0.5,0.505089847822934,0.000188647935744654
0.5,0.505346834146668,0.000187706758773796
0.5,0.505603820470401,0.000186770275887866
0.5,0.505860806794135,0.000185838466761195
0.5,0.506117793117869,0.000184911306850908
0.5,0.506374779441603,0.000183988771546568
0.5,0.506631765765337,0.000183070838251334
0.5,0.50688875208907,0.000182157484305023
0.5,0.507145738412804,0.000181248689067378
0.5,0.507402724736538,0.000180344425586063
0.5,0.507659711060272,0.000179444675178466
0.5,0.507916697384006,0.000178549412847779
0.5,0.50817368370774,0.000177658617704615
0.5,0.508430670031473,0.00017677226671192
0.5,0.508687656355207,0.000175890338858905
0.5,0.508944642678941,0.000175012808894351
0.5,0.509201629002675,0.000174139657774613
0.5,0.509458615326409,0.000173270864308381
0.5,0.509715601650143,0.000172406403057587
0.5,0.509972587973876,0.000171546254801235
0.5,0.51022957429761,0.000170690400263434
0.5,0.510486560621344,0.00016983881382243
0.5,0.510743546945078,0.000168991476083044
0.5,0.511000533268812,0.000168148365496102
0.5,0.511257519592546,0.000167309462553469
0.5,0.511514505916279,0.000166474743489691
0.5,0.511771492240013,0.000165644188680512
0.5,0.512028478563747,0.000164817778446782
0.5,0.512285464887481,0.000163995490950076
0.5,0.512542451211215,0.000163177306398289
0.5,0.512799437534948,0.00016236320283793
0.5,0.513056423858682,0.000161553162471485
0.5,0.513313410182416,0.000160747163233564
0.5,0.51357039650615,0.000159945182999659
0.5,0.513827382829884,0.000159147205918289
0.5,0.514084369153618,0.000158353209756213
0.5,0.514341355477351,0.0001575631743339
0.5,0.514598341801085,0.000156777081530805
0.5,0.514855328124819,0.000155994908945841
0.5,0.515112314448553,0.000155216640466777
0.5,0.515369300772287,0.000154442253583791
0.5,0.51562628709602,0.000153671729964153
0.5,0.515883273419754,0.000152905051224459
0.5,0.516140259743488,0.000152142198930635
0.5,0.516397246067222,0.000151383150355394
0.5,0.516654232390956,0.000150627889079312
0.5,0.51691121871469,0.000149876396513131
0.5,0.517168205038423,0.000149128651892488
0.5,0.517425191362157,0.00014838463864911
0.5,0.517682177685891,0.000147644338041725
0.5,0.517939164009625,0.00014690772915079
0.5,0.518196150333359,0.000146174797387841
0.5,0.518453136657092,0.000145445521733047
0.5,0.518710122980826,0.000144719883242452
0.5,0.51896710930456,0.000143997865053254
0.5,0.519224095628294,0.000143279450256204
0.5,0.519481081952028,0.000142564619761665
0.5,0.519738068275762,0.000141853354429328
0.5,0.519995054599495,0.000141145639340313
0.5,0.520252040923229,0.000140441453122199
0.5,0.520509027246963,0.000139740780762149
0.5,0.520766013570697,0.000139043605065888
0.5,0.521022999894431,0.000138349906652418
0.5,0.521279986218165,0.000137659668231398
0.5,0.521536972541898,0.00013697287460842
0.5,0.521793958865632,0.000136289508403412
0.5,0.522050945189366,0.000135609550045359
0.5,0.5223079315131,0.000134932986349224
0.5,0.522564917836834,0.000134259795505544
0.5,0.522821904160568,0.000133589964240606
0.5,0.523078890484301,0.000132923474945262
0.5,0.523335876808035,0.000132260309963913
0.5,0.523592863131769,0.000131600453745341
0.5,0.523849849455503,0.0001309438906961
0.5,0.524106835779237,0.00013029060302758
0.5,0.52436382210297,0.000129640572904721
0.5,0.524620808426704,0.000128993786756117
0.5,0.524877794750438,0.000128350228816249
0.5,0.525134781074172,0.000127709881120214
0.5,0.525391767397906,0.000127072727814874
0.5,0.52564875372164,0.000126438753004869
0.5,0.525905740045373,0.000125807940752608
0.5,0.526162726369107,0.000125180277239662
0.5,0.526419712692841,0.000124555744284715
0.5,0.526676699016575,0.000123934325823502
0.5,0.526933685340309,0.000123316010078632
0.5,0.527190671664042,0.000122700776576504
0.5,0.527447657987776,0.000122088613459499
0.5,0.52770464431151,0.000121479506668496
0.5,0.527961630635244,0.00012087343560005
0.5,0.528218616958978,0.000120270390449194
0.5,0.528475603282712,0.000119670352697858
0.5,0.528732589606445,0.000119073310297349
0.5,0.528989575930179,0.000118479244646202
0.5,0.529246562253913,0.000117888143618661
0.5,0.529503548577647,0.000117299990704971
0.5,0.529760534901381,0.000116714773705482
0.5,0.530017521225115,0.000116132476032319
0.5,0.530274507548848,0.00011555308323366
0.5,0.530531493872582,0.000114976580819679
0.5,0.530788480196316,0.000114402954262544
0.5,0.53104546652005,0.000113832188996423
0.5,0.531302452843784,0.000113264272599974
0.5,0.531559439167517,0.000112699190434523
0.5,0.531816425491251,0.000112136925638785
0.5,0.532073411814985,0.000111577467866239
0.5,0.532330398138719,0.000111020800180648
0.5,0.532587384462453,0.000110466907791322
0.5,0.532844370786187,0.000109915782436066
0.5,0.53310135710992,0.000109367404877908
0.5,0.533358343433654,0.000108821762406261
0.5,0.533615329757388,0.000108278844468751
0.5,0.533872316081122,0.000107738631711233
0.5,0.534129302404856,0.00010720111789777
0.5,0.53438628872859,0.000106666283600318
0.5,0.534643275052323,0.000106134118129271
0.5,0.534900261376057,0.000105604608568186
0.5,0.535157247699791,0.000105077739768509
0.5,0.535414234023525,0.000104553498743067
0.5,0.535671220347259,0.000104031874671354
0.5,0.535928206670993,0.000103512852300303
0.5,0.536185192994726,0.0001029964185414
0.5,0.53644217931846,0.000102482562475962
0.5,0.536699165642194,0.00010197127095108
0.5,0.536956151965928,0.000101462528574342
0.5,0.537213138289662,0.000100956324328887
0.5,0.537470124613395,0.000100452647168298
0.5,0.537727110937129,9.99514815988192e-05
0.5,0.537984097260863,9.94528165085825e-05
0.5,0.538241083584597,9.89566407561603e-05
0.5,0.538498069908331,9.84629387464549e-05
0.5,0.538755056232065,9.79716992725886e-05
0.5,0.539012042555798,9.74829133122922e-05
0.5,0.539269028879532,9.69965629570694e-05
0.5,0.539526015203266,9.65126413375906e-05
0.5,0.539783001527,9.60311326940758e-05
0.5,0.540039987850734,9.55520256655218e-05
0.5,0.540296974174467,9.5075311080812e-05
0.5,0.540553960498201,9.46009730819909e-05
0.5,0.540810946821935,9.41290024377698e-05
0.5,0.541067933145669,9.36593876689118e-05
0.5,0.541324919469403,9.31921128192854e-05
0.5,0.541581905793137,9.27271707936507e-05
0.5,0.54183889211687,9.22645500240958e-05
0.5,0.542095878440604,9.18042344594802e-05
0.5,0.542352864764338,9.1346216922223e-05
0.5,0.542609851088072,9.08904857557373e-05
0.5,0.542866837411806,9.04370270438757e-05
0.5,0.543123823735539,8.99858290677676e-05
0.5,0.543380810059273,8.95368845432111e-05
0.5,0.543637796383007,8.90901772322146e-05
0.5,0.543894782706741,8.86457020299067e-05
0.5,0.544151769030475,8.82034426381237e-05
0.5,0.544408755354209,8.77633894297063e-05
0.5,0.544665741677942,8.7325530514768e-05
0.5,0.544922728001676,8.68898584507583e-05
0.5,0.54517971432541,8.64563590555048e-05
0.5,0.545436700649144,8.60250225941716e-05
0.5,0.545693686972878,8.55958370649725e-05
0.5,0.545950673296612,8.51687926792331e-05
0.5,0.546207659620345,8.47438796229431e-05
0.5,0.546464645944079,8.43210880567568e-05
0.5,0.546721632267813,8.39004036243186e-05
0.5,0.546978618591547,8.34818186761698e-05
0.5,0.547235604915281,8.30653210458424e-05
0.5,0.547492591239015,8.26509030353172e-05
0.5,0.547749577562748,8.22385524253435e-05
0.5,0.548006563886482,8.18282592182271e-05
0.5,0.548263550210216,8.14200111387672e-05
0.5,0.54852053653395,8.10138026418844e-05
0.5,0.548777522857684,8.060961914848e-05
0.5,0.549034509181417,8.020745055635e-05
0.5,0.549291495505151,7.98072912507417e-05
0.5,0.549548481828885,7.94091265702153e-05
0.5,0.549805468152619,7.90129485950645e-05
0.5,0.550062454476353,7.86187471249094e-05
0.5,0.550319440800087,7.82265141946505e-05
0.5,0.55057642712382,7.783623503306e-05
0.5,0.550833413447554,7.7447906148766e-05
0.5,0.551090399771288,7.70615127188136e-05
0.5,0.551347386095022,7.66770466809831e-05
0.5,0.551604372418756,7.62944999519416e-05
0.5,0.55186135874249,7.5913862160293e-05
0.5,0.552118345066223,7.55351229093058e-05
0.5,0.552375331389957,7.51582717769125e-05
0.5,0.552632317713691,7.47833028559439e-05
0.5,0.552889304037425,7.44102034088224e-05
0.5,0.553146290361159,7.40389652128688e-05
0.5,0.553403276684892,7.36695800242906e-05
0.5,0.553660263008626,7.33020373038427e-05
0.5,0.55391724933236,7.29363287623395e-05
0.5,0.554174235656094,7.25724438130315e-05
0.5,0.554431221979828,7.22103763988465e-05
0.5,0.554688208303562,7.18501136101351e-05
0.5,0.554945194627295,7.14916470669255e-05
0.5,0.555202180951029,7.11349706488062e-05
0.5,0.555459167274763,7.07800736550168e-05
0.5,0.555716153598497,7.04269476422462e-05
0.5,0.555973139922231,7.00755818622296e-05
0.5,0.556230126245964,6.97259701111588e-05
0.5,0.556487112569698,6.93781015964314e-05
0.5,0.556744098893432,6.90319700741245e-05
0.5,0.557001085217166,6.86875647072981e-05
0.5,0.5572580715409,6.83448792119143e-05
0.5,0.557515057864634,6.80039004165214e-05
0.5,0.557772044188367,6.76646242850295e-05
0.5,0.558029030512101,6.73270421841097e-05
0.5,0.558286016835835,6.6991140872637e-05
0.5,0.558543003159569,6.66569185519132e-05
0.5,0.558799989483303,6.63243619375316e-05
0.5,0.559056975807037,6.5993464605052e-05
0.5,0.55931396213077,6.5664220113144e-05
0.5,0.559570948454504,6.53366174063471e-05
0.5,0.559827934778238,6.50106477035406e-05
0.5,0.560084921101972,6.46863045032215e-05
0.5,0.560341907425706,6.43635812869965e-05
0.5,0.560598893749439,6.40424669138972e-05
0.5,0.560855880073173,6.37229548254153e-05
0.5,0.561112866396907,6.34050361411984e-05
0.5,0.561369852720641,6.30887042657904e-05
0.5,0.561626839044375,6.27739502797796e-05
0.5,0.561883825368109,6.24607652426416e-05
0.5,0.562140811691842,6.21491448110908e-05
0.5,0.562397798015576,6.18390776984785e-05
0.5,0.56265478433931,6.15305595266827e-05
0.5,0.562911770663044,6.12235789678841e-05
0.5,0.563168756986778,6.09181292957253e-05
0.5,0.563425743310512,6.06142060814128e-05
0.5,0.563682729634245,6.03117979369551e-05
0.5,0.563939715957979,6.00108980821563e-05
0.5,0.564196702281713,5.97114997199302e-05
0.5,0.564453688605447,5.94135937176228e-05
0.5,0.564710674929181,5.91171755609327e-05
0.5,0.564967661252914,5.88222360813139e-05
0.5,0.565224647576648,5.8528768410951e-05
0.5,0.565481633900382,5.82367633422389e-05
0.5,0.565738620224116,5.79462162943697e-05
0.5,0.56599560654785,5.76571180238459e-05
0.5,0.566252592871584,5.736946391819e-05
0.5,0.566509579195317,5.70832423708899e-05
0.5,0.566766565519051,5.67984510628095e-05
0.5,0.567023551842785,5.65150783494331e-05
0.5,0.567280538166519,5.62331218820664e-05
0.5,0.567537524490253,5.59525699781899e-05
0.5,0.567794510813986,5.5673420259551e-05
0.5,0.56805149713772,5.53956610056268e-05
0.5,0.568308483461454,5.51192874740943e-05
0.5,0.568565469785188,5.48442949099627e-05
0.5,0.568822456108922,5.45706715357038e-05
0.5,0.569079442432656,5.4298414899169e-05
0.5,0.569336428756389,5.40275178622955e-05
0.5,0.569593415080123,5.37579709303399e-05
0.5,0.569850401403857,5.34897669282913e-05
0.5,0.570107387727591,5.32229033480516e-05
0.5,0.570364374051325,5.29573706442058e-05
0.5,0.570621360375059,5.26931615942387e-05
0.5,0.570878346698792,5.24302736488816e-05
0.5,0.571135333022526,5.21686948659239e-05
0.5,0.57139231934626,5.19084203193589e-05
0.5,0.571649305669994,5.16494474187471e-05
0.5,0.571906291993728,5.13917641680398e-05
0.5,0.572163278317461,5.11353679472392e-05
0.5,0.572420264641195,5.08802490736954e-05
0.5,0.572677250964929,5.06264049010193e-05
0.5,0.572934237288663,5.03738257138354e-05
0.5,0.573191223612397,5.01225064847942e-05
0.5,0.573448209936131,4.9872442173878e-05
0.5,0.573705196259864,4.96236253717206e-05
0.5,0.573962182583598,4.93760486520654e-05
0.5,0.574219168907332,4.91297092893494e-05
0.5,0.574476155231066,4.88845974700212e-05
0.5,0.5747331415548,4.8640708081223e-05
0.5,0.574990127878534,4.83980359974292e-05
0.5,0.575247114202267,4.81565760804463e-05
0.5,0.575504100526001,4.79163184512725e-05
0.5,0.575761086849735,4.76772626702962e-05
0.5,0.576018073173469,4.74393964627759e-05
0.5,0.576275059497203,4.72027169975828e-05
0.5,0.576532045820937,4.69672214351431e-05
0.5,0.57678903214467,4.67328974500436e-05
0.5,0.577046018468404,4.64997445435563e-05
0.5,0.577303004792138,4.62677527268911e-05
0.5,0.577559991115872,4.6036921480207e-05
0.5,0.577816977439606,4.58072384115846e-05
0.5,0.578073963763339,4.55787029769025e-05
0.5,0.578330950087073,4.53513075007697e-05
0.5,0.578587936410807,4.51250466676426e-05
0.5,0.578844922734541,4.48999151493098e-05
0.5,0.579101909058275,4.4675907604892e-05
0.5,0.579358895382009,4.44530163009371e-05
0.5,0.579615881705742,4.42312358680632e-05
0.5,0.579872868029476,4.40105633062368e-05
0.5,0.58012985435321,4.37909908408352e-05
0.5,0.580386840676944,4.35725154486006e-05
0.5,0.580643827000678,4.33551293274631e-05
0.5,0.580900813324411,4.31388270447017e-05
0.5,0.581157799648145,4.29236055422218e-05
0.5,0.581414785971879,4.27094569767832e-05
0.5,0.581671772295613,4.24963758776611e-05
0.5,0.581928758619347,4.22843591519243e-05
0.5,0.582185744943081,4.20733989151621e-05
0.5,0.582442731266814,4.18634920512191e-05
0.5,0.582699717590548,4.16546330418659e-05
0.5,0.582956703914282,4.14468139615211e-05
0.5,0.583213690238016,4.12400340549326e-05
0.5,0.58347067656175,4.10342829754435e-05
0.5,0.583727662885484,4.08295599466883e-05
0.5,0.583984649209217,4.06258593902656e-05
0.5,0.584241635532951,4.04231733151433e-05
0.5,0.584498621856685,4.02215009164536e-05
0.5,0.584755608180419,4.00208317768104e-05
0.5,0.585012594504153,3.98211650702328e-05
0.5,0.585269580827886,3.96224951581469e-05
0.5,0.58552656715162,3.94248163893108e-05
0.5,0.585783553475354,3.92281230998149e-05
0.5,0.586040539799088,3.90324096130816e-05
0.5,0.586297526122822,3.88376750566812e-05
0.5,0.586554512446556,3.86439113255708e-05
0.5,0.586811498770289,3.84511151188555e-05
0.5,0.587068485094023,3.82592783040455e-05
0.5,0.587325471417757,3.80683999696517e-05
0.5,0.587582457741491,3.78784743725903e-05
0.5,0.587839444065225,3.76894957571097e-05
0.5,0.588096430388959,3.75014607705877e-05
0.5,0.588353416712692,3.7314363635104e-05
0.5,0.588610403036426,3.7128200977979e-05
0.5,0.58886738936016,3.69429645801592e-05
0.5,0.589124375683894,3.67586534657605e-05
0.5,0.589381362007628,3.65752618125252e-05
0.5,0.589638348331362,3.63927862076586e-05
0.5,0.589895334655095,3.62112183835473e-05
0.5,0.590152320978829,3.60305597526575e-05
0.5,0.590409307302563,3.58507996009643e-05
0.5,0.590666293626297,3.56719393250991e-05
0.5,0.590923279950031,3.54939681846458e-05
0.5,0.591180266273764,3.53168875604008e-05
0.5,0.591437252597498,3.51406891150774e-05
0.5,0.591694238921232,3.49653693556514e-05
0.5,0.591951225244966,3.47909247806532e-05
0.5,0.5922082115687,3.46173494474804e-05
0.5,0.592465197892434,3.44446422683494e-05
0.5,0.592722184216167,3.42727948468568e-05
0.5,0.592979170539901,3.41018060772729e-05
0.5,0.593236156863635,3.39316699758247e-05
0.5,0.593493143187369,3.37623829840374e-05
0.5,0.593750129511103,3.35939390959691e-05
0.5,0.594007115834836,3.34263371731649e-05
0.5,0.59426410215857,3.32595711906811e-05
0.5,0.594521088482304,3.30936351109062e-05
0.5,0.594778074806038,3.29285302132941e-05
0.5,0.595035061129772,3.27642455557984e-05
0.5,0.595292047453506,3.26007824020379e-05
0.5,0.595549033777239,3.24381371228089e-05
0.5,0.595806020100973,3.22762987380616e-05
0.5,0.596063006424707,3.21152709377687e-05
0.5,0.596319992748441,3.19550451682342e-05
0.5,0.596576979072175,3.17956202107734e-05
0.5,0.596833965395908,3.16369899390997e-05
0.5,0.597090951719642,3.14791506670042e-05
0.5,0.597347938043376,3.13220986998324e-05
0.5,0.59760492436711,3.11658303344849e-05
0.5,0.597861910690844,3.10103418594166e-05
0.5,0.598118897014578,3.08556295546377e-05
0.5,0.598375883338311,3.07016896917127e-05
0.5,0.598632869662045,3.05485160746821e-05
0.5,0.598889855985779,3.03961074151878e-05
0.5,0.599146842309513,3.02444574982684e-05
0.5,0.599403828633247,3.00935674830329e-05
0.5,0.599660814956981,2.99434286753832e-05
0.5,0.599917801280714,2.97940372930457e-05
0.5,0.600174787604448,2.96453944761275e-05
0.5,0.600431773928182,2.9497491498861e-05
0.5,0.600688760251916,2.9350327021161e-05
0.5,0.60094574657565,2.920389476156e-05
0.5,0.601202732899384,2.90581958348293e-05
0.5,0.601459719223117,2.89132214729751e-05
0.5,0.601716705546851,2.8768970306354e-05
0.5,0.601973691870585,2.86254409611001e-05
0.5,0.602230678194319,2.84826271114081e-05
0.5,0.602487664518053,2.83405248937188e-05
0.5,0.602744650841787,2.81991329119976e-05
0.5,0.60300163716552,2.80584448119365e-05
0.5,0.603258623489254,2.79184591827217e-05
0.5,0.603515609812988,2.777917213018e-05
0.5,0.603772596136722,2.7640579751693e-05
0.5,0.604029582460456,2.75026781361973e-05
0.5,0.604286568784189,2.73654658464874e-05
0.5,0.604543555107923,2.72289389577764e-05
0.5,0.604800541431657,2.70930910524169e-05
0.5,0.605057527755391,2.6957920671035e-05
0.5,0.605314514079125,2.68234263500341e-05
0.5,0.605571500402859,2.66896016464311e-05
0.5,0.605828486726592,2.65564475704879e-05
0.5,0.606085473050326,2.64239551736935e-05
0.5,0.60634245937406,2.62921229628928e-05
0.5,0.606599445697794,2.61609494407084e-05
0.5,0.606856432021528,2.60304306126799e-05
0.5,0.607113418345261,2.59005649698175e-05
0.5,0.607370404668995,2.57713435139945e-05
0.5,0.607627390992729,2.56427697103292e-05
0.5,0.607884377316463,2.55148345427487e-05
0.5,0.608141363640197,2.53875414689817e-05
0.5,0.60839834996393,2.52608814550092e-05
0.5,0.608655336287664,2.51348529506709e-05
0.5,0.608912322611398,2.50094519002784e-05
0.5,0.609169308935132,2.48846792444204e-05
0.5,0.609426295258866,2.47605284134352e-05
0.5,0.6096832815826,2.46369953294657e-05
0.5,0.609940267906333,2.45140784117377e-05
0.5,0.610197254230067,2.43917760752542e-05
0.5,0.610454240553801,2.42700842231564e-05
0.5,0.610711226877535,2.41489987501402e-05
0.5,0.610968213201269,2.40285180522068e-05
0.5,0.611225199525003,2.39086380103287e-05
0.5,0.611482185848736,2.37893570088949e-05
0.5,0.61173917217247,2.36706709151542e-05
0.5,0.611996158496204,2.35525755879105e-05
0.5,0.612253144819938,2.34350693925508e-05
0.5,0.612510131143672,2.33181506902399e-05
0.5,0.612767117467406,2.32018153207797e-05
0.5,0.613024103791139,2.30860591155268e-05
0.5,0.613281090114873,2.29708829358955e-05
0.5,0.613538076438607,2.28562775620716e-05
0.5,0.613795062762341,2.27422463641644e-05
0.5,0.614052049086075,2.26287851492505e-05
0.5,0.614309035409809,2.25158871924871e-05
0.5,0.614566021733542,2.24035533299528e-05
0.5,0.614823008057276,2.22917818721409e-05
0.5,0.61507999438101,2.21805660720398e-05
0.5,0.615336980704744,2.20699067530603e-05
0.5,0.615593967028478,2.1959797152356e-05
0.5,0.615850953352211,2.18502380838369e-05
0.5,0.616107939675945,2.17412252996854e-05
0.5,0.616364925999679,2.16327570755582e-05
0.5,0.616621912323413,2.15248291499142e-05
0.5,0.616878898647147,2.14174423208285e-05
0.5,0.617135884970881,2.1310587246031e-05
0.5,0.617392871294614,2.12042672470708e-05
0.5,0.617649857618348,2.10984780381269e-05
0.5,0.617906843942082,2.09932178631861e-05
0.5,0.618163830265816,2.08884798833951e-05
0.5,0.61842081658955,2.07842674086908e-05
0.5,0.618677802913283,2.06805710461315e-05
0.5,0.618934789237017,2.05773966407406e-05
0.5,0.619191775560751,2.04747322412656e-05
0.5,0.619448761884485,2.03725836874518e-05
0.5,0.619705748208219,2.02709440992749e-05
0.5,0.619962734531953,2.01698091307416e-05
0.5,0.620219720855686,2.00691820706757e-05
0.5,0.62047670717942,1.99690560168845e-05
0.5,0.620733693503154,1.98694291542383e-05
0.5,0.620990679826888,1.97702971124636e-05
0.5,0.621247666150622,1.9671663168772e-05
0.5,0.621504652474355,1.95735203924681e-05
0.5,0.621761638798089,1.94758669483648e-05
0.5,0.622018625121823,1.93786984419085e-05
0.5,0.622275611445557,1.92820181386986e-05
0.5,0.622532597769291,1.91858190795371e-05
0.5,0.622789584093025,1.90900994091794e-05
0.5,0.623046570416758,1.89948572681581e-05
0.5,0.623303556740492,1.89000907927836e-05
0.5,0.623560543064226,1.88057955536656e-05
0.5,0.62381752938796,1.87119722380355e-05
0.5,0.624074515711694,1.86186189695357e-05
0.5,0.624331502035428,1.85257287382964e-05
0.5,0.624588488359161,1.84333022188811e-05
0.5,0.624845474682895,1.83413375190974e-05
0.5,0.625102461006629,1.82498301747185e-05
0.5,0.625359447330363,1.81587808508069e-05
0.5,0.625616433654097,1.80681850725794e-05
0.5,0.625873419977831,1.79780434987646e-05
0.5,0.626130406301564,1.78883490719885e-05
0.5,0.626387392625298,1.77991024414786e-05
0.5,0.626644378949032,1.77103016823174e-05
0.5,0.626901365272766,1.76219448653642e-05
0.5,0.6271583515965,1.75340274809993e-05
0.5,0.627415337920234,1.74465475884699e-05
0.5,0.627672324243967,1.73595058211691e-05
0.5,0.627929310567701,1.7272897653642e-05
0.5,0.628186296891435,1.71867237129477e-05
0.5,0.628443283215169,1.71009768815398e-05
0.5,0.628700269538903,1.70156577769763e-05
0.5,0.628957255862636,1.69307670168153e-05
0.5,0.62921424218637,1.68462974645087e-05
0.5,0.629471228510104,1.67622497281137e-05
0.5,0.629728214833838,1.6678621828874e-05
0.5,0.629985201157572,1.65954117838108e-05
0.5,0.630242187481306,1.65126150167979e-05
0.5,0.630499173805039,1.64302347132052e-05
0.5,0.630756160128773,1.63482611074447e-05
0.5,0.631013146452507,1.62666999695883e-05
0.5,0.631270132776241,1.61855441124163e-05
0.5,0.631527119099975,1.61047941186503e-05
0.5,0.631784105423708,1.60244453804944e-05
0.5,0.632041091747442,1.59444984743362e-05
0.5,0.632298078071176,1.58649487818233e-05
0.5,0.63255506439491,1.57857994714349e-05
0.5,0.632812050718644,1.57070407184667e-05
0.5,0.633069037042378,1.56286782845451e-05
0.5,0.633326023366111,1.55507049317791e-05
0.5,0.633583009689845,1.54731212175545e-05
0.5,0.633839996013579,1.53959250955531e-05
0.5,0.634096982337313,1.53191145152343e-05
0.5,0.634353968661047,1.52426874218346e-05
0.5,0.63461095498478,1.51666391494972e-05
0.5,0.634867941308514,1.50909728476996e-05
0.5,0.635124927632248,1.50156812342131e-05
0.5,0.635381913955982,1.49407674542928e-05
0.5,0.635638900279716,1.48662268241355e-05
0.5,0.63589588660345,1.47920598757913e-05
0.5,0.636152872927183,1.4718259301696e-05
0.5,0.636409859250917,1.46448308529196e-05
0.5,0.636666845574651,1.45717645970807e-05
0.5,0.636923831898385,1.44990662831381e-05
0.5,0.637180818222119,1.44267285813589e-05
0.5,0.637437804545853,1.43547546232742e-05
0.5,0.637694790869586,1.42831370664832e-05
0.5,0.63795177719332,1.42118764177002e-05
0.5,0.638208763517054,1.41409731836396e-05
0.5,0.638465749840788,1.40704226256043e-05
0.5,0.638722736164522,1.40002252439748e-05
0.5,0.638979722488256,1.39303762894975e-05
0.5,0.639236708811989,1.38608762562188e-05
0.5,0.639493695135723,1.3791723011257e-05
0.5,0.639750681459457,1.37229170454915e-05
0.5,0.640007667783191,1.36544509626831e-05
0.5,0.640264654106925,1.35863278743057e-05
0.5,0.640521640430658,1.35185456337538e-05
0.5,0.640778626754392,1.3451099457993e-05
0.5,0.641035613078126,1.33839924553303e-05
0.5,0.64129259940186,1.33172172010235e-05
0.5,0.641549585725594,1.32507767991571e-05
0.5,0.641806572049328,1.31846690851795e-05
0.5,0.642063558373061,1.31188892528318e-05
0.5,0.642320544696795,1.30534377644909e-05
0.5,0.642577531020529,1.29883124429374e-05
0.5,0.642834517344263,1.29235137473812e-05
0.5,0.643091503667997,1.28590368536173e-05
0.5,0.64334848999173,1.27948822145215e-05
0.5,0.643605476315464,1.27310476391511e-05
0.5,0.643862462639198,1.2667533577215e-05
0.5,0.644119448962932,1.26043325406319e-05
0.5,0.644376435286666,1.25414502635814e-05
0.5,0.6446334216104,1.24788792484813e-05
0.5,0.644890407934133,1.24166225814698e-05
0.5,0.645147394257867,1.23546727522969e-05
0.5,0.645404380581601,1.22930354940864e-05
0.5,0.645661366905335,1.22317059393515e-05
0.5,0.645918353229069,1.21706792121599e-05
0.5,0.646175339552803,1.21099583912604e-05
0.5,0.646432325876536,1.2049541248762e-05
0.5,0.64668931220027,1.19894255525515e-05
0.5,0.646946298524004,1.19296090662929e-05
0.5,0.647203284847738,1.18700922080254e-05
0.5,0.647460271171472,1.18108727361349e-05
0.5,0.647717257495205,1.1751945744075e-05
0.5,0.647974243818939,1.16933143021493e-05
0.5,0.648231230142673,1.16349761592426e-05
0.5,0.648488216466407,1.1576929060017e-05
0.5,0.648745202790141,1.15191707449121e-05
0.5,0.649002189113875,1.14617016161325e-05
0.5,0.649259175437608,1.14045167417963e-05
0.5,0.649516161761342,1.1347619185873e-05
0.5,0.649773148085076,1.12910066782454e-05
0.5,0.65003013440881,1.12346742743641e-05
0.5,0.650287120732544,1.11786223637655e-05
0.5,0.650544107056278,1.11228513359863e-05
0.5,0.650801093380011,1.10673589071862e-05
0.5,0.651058079703745,1.10121427893019e-05
0.5,0.651315066027479,1.09572033655362e-05
0.5,0.651572052351213,1.09025383425478e-05
0.5,0.651829038674947,1.08481427451728e-05
0.5,0.65208602499868,1.07940223044241e-05
0.5,0.652343011322414,1.0740169361204e-05
0.5,0.652599997646148,1.06865869668144e-05
0.5,0.652856983969882,1.06332701313121e-05
0.5,0.653113970293616,1.05802192220652e-05
0.5,0.65337095661735,1.05274346064415e-05
0.5,0.653627942941083,1.04749112818302e-05
0.5,0.653884929264817,1.04226522953105e-05
0.5,0.654141915588551,1.03706526368818e-05
0.5,0.654398901912285,1.03189126644112e-05
0.5,0.654655888236019,1.02674300465538e-05
0.5,0.654912874559753,1.02162051380096e-05
0.5,0.655169860883486,1.01652382934786e-05
0.5,0.65542684720722,1.01145217905242e-05
0.5,0.655683833530954,1.00640586677801e-05
0.5,0.655940819854688,1.00138492736124e-05
0.5,0.656197806178422,9.96388856529543e-06
0.5,0.656454792502155,9.91417958146293e-06
0.5,0.656711778825889,9.86471727199968e-06
0.5,0.656968765149623,9.81550197577088e-06
0.5,0.657225751473357,9.76653133187328e-06
0.5,0.657482737797091,9.71780567600512e-06
0.5,0.657739724120825,9.66932264198485e-06
0.5,0.657996710444558,9.6210798594083e-06
0.5,0.658253696768292,9.57308036163092e-06
0.5,0.658510683092026,9.52531907109045e-06
0.5,0.65876766941576,9.47779631398425e-06
0.5,0.659024655739494,9.4305124165097e-06
0.5,0.659281642063227,9.38346228843666e-06
0.5,0.659538628386961,9.33664895889798e-06
0.5,0.659795614710695,9.29006733027395e-06
0.5,0.660052601034429,9.24371771926105e-06
0.5,0.660309587358163,9.19760044255573e-06
0.5,0.660566573681897,9.15171310336246e-06
0.5,0.66082356000563,9.10605330066307e-06
0.5,0.661080546329364,9.06062406042343e-06
0.5,0.661337532653098,9.01542026285509e-06
0.5,0.661594518976832,8.97044221515361e-06
0.5,0.661851505300566,8.92568750574429e-06
0.5,0.6621084916243,8.88115643865574e-06
0.5,0.662365477948033,8.83684659703497e-06
0.5,0.662622464271767,8.79276100368087e-06
0.5,0.662879450595501,8.74889179364334e-06
0.5,0.663136436919235,8.70524198549866e-06
0.5,0.663393423242969,8.66181187694151e-06
0.5,0.663650409566703,8.61859903950668e-06
0.5,0.663907395890436,8.57559831329086e-06
0.5,0.66416438221417,8.53281544303018e-06
0.5,0.664421368537904,8.4902452645987e-06
0.5,0.664678354861638,8.4478853358077e-06
0.5,0.664935341185372,8.40573867312215e-06
0.5,0.665192327509105,8.36380283224205e-06
0.5,0.665449313832839,8.32207536464475e-06
0.5,0.665706300156573,8.28055381758501e-06
0.5,0.665963286480307,8.23924120541648e-06
0.5,0.666220272804041,8.19813507328259e-06
0.5,0.666477259127775,8.15723569987625e-06
0.5,0.666734245451508,8.11653788623488e-06
0.5,0.666991231775242,8.07604464460083e-06
0.5,0.667248218098976,8.03575350956099e-06
0.5,0.66750520442271,7.99566201147962e-06
0.5,0.667762190746444,7.95577041954874e-06
0.5,0.668019177070177,7.91607900296033e-06
0.5,0.668276163393911,7.87658528574473e-06
0.5,0.668533149717645,7.83728678770966e-06
0.5,0.668790136041379,7.79818651898616e-06
0.5,0.669047122365113,7.75928199727065e-06
0.5,0.669304108688847,7.72057073603691e-06
0.5,0.66956109501258,7.6820502445361e-06
0.5,0.669818081336314,7.64372628228356e-06
0.5,0.670075067660048,7.60559085448362e-06
0.5,0.670332053983782,7.56764421449344e-06
0.5,0.670589040307516,7.52988937033277e-06
0.5,0.670846026631249,7.49232382280752e-06
0.5,0.671103012954983,7.45494231172716e-06
0.5,0.671359999278717,7.41775059977396e-06
0.5,0.671616985602451,7.38074066364958e-06
0.5,0.671873971926185,7.34391826709195e-06
0.5,0.672130958249919,7.3072808992948e-06
0.5,0.672387944573652,7.27082328317711e-06
0.5,0.672644930897386,7.23454842253598e-06
0.5,0.67290191722112,7.19845379706424e-06
0.5,0.673158903544854,7.16254241267031e-06
0.5,0.673415889868588,7.12680621438621e-06
0.5,0.673672876192322,7.09125097122814e-06
0.5,0.673929862516055,7.05587138711329e-06
0.5,0.674186848839789,7.02067046583876e-06
0.5,0.674443835163523,6.98564290393215e-06
0.5,0.674700821487257,6.95079170413492e-06
0.5,0.674957807810991,6.91611432819377e-06
0.5,0.675214794134725,6.88160823363278e-06
0.5,0.675471780458458,6.84727642319339e-06
0.5,0.675728766782192,6.81311357651274e-06
0.5,0.675985753105926,6.77912269527661e-06
0.5,0.67624273942966,6.74530122961951e-06
0.5,0.676499725753394,6.71164940439593e-06
0.5,0.676756712077127,6.67816466446209e-06
0.5,0.677013698400861,6.64484723150552e-06
0.5,0.677270684724595,6.61169454510417e-06
0.5,0.677527671048329,6.57870682377859e-06
0.5,0.677784657372063,6.54588707027025e-06
0.5,0.678041643695797,6.51322993571358e-06
0.5,0.67829863001953,6.48073284912998e-06
0.5,0.678555616343264,6.4484015974818e-06
0.5,0.678812602666998,6.41622803395906e-06
0.5,0.679069588990732,6.38421794657977e-06
0.5,0.679326575314466,6.35236596958788e-06
0.5,0.679583561638199,6.32067510361354e-06
0.5,0.679840547961933,6.28913997551113e-06
0.5,0.680097534285667,6.25776358485513e-06
0.5,0.680354520609401,6.22654334588777e-06
0.5,0.680611506933135,6.19547946446177e-06
0.5,0.680868493256869,6.16456934954106e-06
0.5,0.681125479580602,6.1338132038114e-06
0.5,0.681382465904336,6.10321122995852e-06
0.5,0.68163945222807,6.07276083061246e-06
0.5,0.681896438551804,6.04246500640334e-06
0.5,0.682153424875538,6.01231835568288e-06
0.5,0.682410411199272,5.98232107480287e-06
0.5,0.682667397523005,5.95247616439346e-06
0.5,0.682924383846739,5.92277821330545e-06
0.5,0.683181370170473,5.89323022111333e-06
0.5,0.683438356494207,5.86382676927832e-06
0.5,0.683695342817941,5.83457366482019e-06
0.5,0.683952329141674,5.80546267542094e-06
0.5,0.684209315465408,5.77649960915602e-06
0.5,0.684466301789142,5.74767903587442e-06
0.5,0.684723288112876,5.71900395515064e-06
0.5,0.68498027443661,5.69047174322333e-06
0.5,0.685237260760344,5.66208258694341e-06
0.5,0.685494247084077,5.63383385727127e-06
0.5,0.685751233407811,5.60572573789084e-06
0.5,0.686008219731545,5.57775841248609e-06
0.5,0.686265206055279,5.54993206474096e-06
0.5,0.686522192379013,5.52224123811309e-06
0.5,0.686779178702747,5.49469175229013e-06
0.5,0.68703616502648,5.4672781465071e-06
0.5,0.687293151350214,5.44000059811402e-06
0.5,0.687550137673948,5.41285928446091e-06
0.5,0.687807123997682,5.38585438289779e-06
0.5,0.688064110321416,5.35898607077469e-06
0.5,0.688321096645149,5.33224887043615e-06
0.5,0.688578082968883,5.30564578145666e-06
0.5,0.688835069292617,5.27917414840522e-06
0.5,0.689092055616351,5.25283697296763e-06
0.5,0.689349041940085,5.22663159760159e-06
0.5,0.689606028263819,5.20055536054218e-06
0.5,0.689863014587553,5.17460842963852e-06
0.5,0.690120000911286,5.14879097273975e-06
0.5,0.69037698723502,5.12310315769499e-06
0.5,0.690633973558754,5.09754515235336e-06
0.5,0.690890959882488,5.07211144844543e-06
0.5,0.691147946206222,5.04680788571628e-06
0.5,0.691404932529955,5.02162895167383e-06
0.5,0.691661918853689,4.99657480783329e-06
0.5,0.691918905177423,4.97164845799176e-06
0.5,0.692175891501157,4.94684438015628e-06
0.5,0.692432877824891,4.92216273267509e-06
0.5,0.692689864148624,4.89760651934528e-06
0.5,0.692946850472358,4.87317305517754e-06
0.5,0.693203836796092,4.84885965095991e-06
0.5,0.693460823119826,4.82466931048951e-06
0.5,0.69371780944356,4.80059649277156e-06
0.5,0.693974795767294,4.77664705127469e-06
0.5,0.694231782091027,4.75281544078152e-06
0.5,0.694488768414761,4.72910466614481e-06
0.5,0.694745754738495,4.7055091747576e-06
0.5,0.695002741062229,4.68203482536676e-06
0.5,0.695259727385963,4.65867606114274e-06
0.5,0.695516713709696,4.63543303093285e-06
0.5,0.69577370003343,4.61230588358446e-06
0.5,0.696030686357164,4.58929476794488e-06
0.5,0.696287672680898,4.56639697263343e-06
0.5,0.696544659004632,4.54361550461417e-06
0.5,0.696801645328366,4.52094765039509e-06
0.5,0.697058631652099,4.49839355565658e-06
0.5,0.697315617975833,4.47595050162833e-06
0.5,0.697572604299567,4.45361863082377e-06
0.5,0.697829590623301,4.4313980857563e-06
0.5,0.698086576947035,4.40929187655696e-06
0.5,0.698343563270769,4.38729154288628e-06
0.5,0.698600549594502,4.36540296038162e-06
0.5,0.698857535918236,4.34362627155639e-06
0.5,0.69911452224197,4.32195300340325e-06
0.5,0.699371508565704,4.30039190762244e-06
0.5,0.699628494889438,4.27893737882424e-06
0.5,0.699885481213172,4.25758955318814e-06
0.5,0.700142467536905,4.23634856689362e-06
0.5,0.700399453860639,4.21521167900165e-06
0.5,0.700656440184373,4.19418190069891e-06
0.5,0.700913426508107,4.17325648893505e-06
0.5,0.701170412831841,4.15243557672259e-06
0.5,0.701427399155575,4.13171929707406e-06
0.5,0.701684385479308,4.11110490060516e-06
0.5,0.701941371803042,4.0905954006139e-06
0.5,0.702198358126776,4.0701880456047e-06
0.5,0.70245534445051,4.04988007985935e-06
0.5,0.702712330774244,4.02967451667584e-06
0.5,0.702969317097977,4.00957148589974e-06
0.5,0.703226303421711,3.98956822864586e-06
0.5,0.703483289745445,3.96966198180641e-06
0.5,0.703740276069179,3.9498586505771e-06
0.5,0.703997262392913,3.93015258100809e-06
0.5,0.704254248716646,3.91054389661099e-06
0.5,0.70451123504038,3.89103561490645e-06
0.5,0.704768221364114,3.87162207244373e-06
0.5,0.705025207687848,3.8523062856878e-06
0.5,0.705282194011582,3.83308548097432e-06
0.5,0.705539180335316,3.81396267687957e-06
0.5,0.705796166659049,3.7949350976279e-06
0.5,0.706053152982783,3.77600286356396e-06
0.5,0.706310139306517,3.75716319363383e-06
0.5,0.706567125630251,3.73841910746944e-06
0.5,0.706824111953985,3.71976782190555e-06
0.5,0.707081098277719,3.70120945411987e-06
0.5,0.707338084601452,3.68274412129008e-06
0.5,0.707595070925186,3.66436903391701e-06
0.5,0.70785205724892,3.64608721374392e-06
0.5,0.708109043572654,3.62789586916032e-06
0.5,0.708366029896388,3.60979802402077e-06
0.5,0.708623016220121,3.591787973704e-06
0.5,0.708880002543855,3.57386874100891e-06
0.5,0.709136988867589,3.55603752693544e-06
0.5,0.709393975191323,3.53829735639381e-06
0.5,0.709650961515057,3.52064251315054e-06
0.5,0.709907947838791,3.50307893723793e-06
0.5,0.710164934162524,3.4856009081999e-06
0.5,0.710421920486258,3.46821145200232e-06
0.5,0.710678906809992,3.45090776014423e-06
0.5,0.710935893133726,3.4336928607028e-06
0.5,0.71119287945746,3.41656102160974e-06
0.5,0.711449865781194,3.39951526988657e-06
0.5,0.711706852104927,3.38255571321008e-06
0.5,0.711963838428661,3.36567953463409e-06
0.5,0.712220824752395,3.34888683866843e-06
0.5,0.712477811076129,3.33218065655724e-06
0.5,0.712734797399863,3.3155552403974e-06
0.5,0.712991783723597,3.29901362037739e-06
0.5,0.71324877004733,3.28255590100705e-06
0.5,0.713505756371064,3.2661792558393e-06
0.5,0.713762742694798,3.24988378621699e-06
0.5,0.714019729018532,3.23366959348301e-06
0.5,0.714276715342266,3.21753677898022e-06
0.5,0.714533701665999,3.20148250887196e-06
0.5,0.714790687989733,3.18550981756932e-06
0.5,0.715047674313467,3.16961880641517e-06
0.5,0.715304660637201,3.15380370005937e-06
0.5,0.715561646960935,3.13807047231518e-06
0.5,0.715818633284668,3.12241334360985e-06
0.5,0.716075619608402,3.10683535046578e-06
0.5,0.716332605932136,3.09133659105889e-06
0.5,0.71658959225587,3.07591421994028e-06
0.5,0.716846578579604,3.06056833211891e-06
0.5,0.717103564903338,3.04529902260372e-06
0.5,0.717360551227072,3.0301034396119e-06
0.5,0.717617537550805,3.01498757068023e-06
0.5,0.717874523874539,2.9999456161785e-06
0.5,0.718131510198273,2.98497766794869e-06
0.5,0.718388496522007,2.97008676884714e-06
0.5,0.718645482845741,2.95526710974276e-06
0.5,0.718902469169474,2.94052468556189e-06
0.5,0.719159455493208,2.92585368295083e-06
0.5,0.719416441816942,2.91125714582157e-06
0.5,0.719673428140676,2.89673220972345e-06
0.5,0.71993041446441,2.88227896333147e-06
0.5,0.720187400788143,2.8679004537246e-06
0.5,0.720444387111877,2.85359085382562e-06
0.5,0.720701373435611,2.83935617017307e-06
0.5,0.720958359759345,2.82519057146711e-06
0.5,0.721215346083079,2.81109414321579e-06
0.5,0.721472332406813,2.79706993460937e-06
0.5,0.721729318730546,2.78311506958499e-06
0.5,0.72198630505428,2.76922963365071e-06
0.5,0.722243291378014,2.75541371231455e-06
0.5,0.722500277701748,2.74166739108458e-06
0.5,0.722757264025482,2.72798778650833e-06
0.5,0.723014250349216,2.71437795094305e-06
0.5,0.723271236672949,2.70083499882496e-06
0.5,0.723528222996683,2.68736198462263e-06
0.5,0.723785209320417,2.67395304747786e-06
0.5,0.724042195644151,2.6606142150423e-06
0.5,0.724299181967885,2.64733962223516e-06
0.5,0.724556168291619,2.63413232458063e-06
0.5,0.724813154615352,2.62098942701406e-06
0.5,0.725070140939086,2.60791398717095e-06
0.5,0.72532712726282,2.59490310787535e-06
0.5,0.725584113586554,2.58195686830137e-06
0.5,0.725841099910288,2.56907534762312e-06
0.5,0.726098086234021,2.55625862501473e-06
0.5,0.726355072557755,2.54350379591064e-06
0.5,0.726612058881489,2.53081392111333e-06
0.5,0.726869045205223,2.51818907979691e-06
0.5,0.727126031528957,2.50562337732225e-06
0.5,0.727383017852691,2.4931228624541e-06
0.5,0.727640004176424,2.48068462534863e-06
0.5,0.727896990500158,2.46830874201301e-06
0.5,0.728153976823892,2.45599528845437e-06
0.5,0.728410963147626,2.44374134849498e-06
0.5,0.72866794947136,2.43154998821557e-06
0.5,0.728924935795094,2.4194182893271e-06
0.5,0.729181922118827,2.40734632466973e-06
0.5,0.729438908442561,2.39533716349119e-06
0.5,0.729695894766295,2.38338788433544e-06
0.5,0.729952881090029,2.37149556152386e-06
0.5,0.730209867413763,2.35966326430413e-06
0.5,0.730466853737496,2.34789106551646e-06
0.5,0.73072384006123,2.33617903800102e-06
0.5,0.730980826384964,2.32452124911511e-06
0.5,0.731237812708698,2.3129267767563e-06
0.5,0.731494799032432,2.30138668237347e-06
0.5,0.731751785356165,2.28990403838127e-06
0.5,0.732008771679899,2.27847891445294e-06
0.5,0.732265758003633,2.2671113802617e-06
0.5,0.732522744327367,2.25580150548077e-06
0.5,0.732779730651101,2.24454634965235e-06
0.5,0.733036716974835,2.23334899046937e-06
0.5,0.733293703298569,2.22220648536272e-06
0.5,0.733550689622302,2.21111890083865e-06
0.5,0.733807675946036,2.20008931775708e-06
0.5,0.73406466226977,2.1891117749726e-06
0.5,0.734321648593504,2.17818935228949e-06
0.5,0.734578634917238,2.16732211621399e-06
0.5,0.734835621240971,2.15651013325237e-06
0.5,0.735092607564705,2.14575045027895e-06
0.5,0.735349593888439,2.13504615132062e-06
0.5,0.735606580212173,2.12439428114038e-06
0.5,0.735863566535907,2.11379490307754e-06
0.5,0.736120552859641,2.10325110432593e-06
0.5,0.736377539183374,2.09275690157141e-06
0.5,0.736634525507108,2.08231538095217e-06
0.5,0.736891511830842,2.07192660580749e-06
0.5,0.737148498154576,2.06159063947667e-06
0.5,0.73740548447831,2.05130451616619e-06
0.5,0.737662470802043,2.04107132623684e-06
0.5,0.737919457125777,2.03088810178379e-06
0.5,0.738176443449511,2.02075490297937e-06
0.5,0.738433429773245,2.0106717899959e-06
0.5,0.738690416096979,2.00064185741682e-06
0.5,0.738947402420713,1.99065909764791e-06
0.5,0.739204388744446,1.98072964073935e-06
0.5,0.73946137506818,1.97084747487431e-06
0.5,0.739718361391914,1.96101569569186e-06
0.5,0.739975347715648,1.95123132367498e-06
0.5,0.740232334039382,1.94149441582901e-06
0.5,0.740489320363116,1.93180807096001e-06
0.5,0.740746306686849,1.92217234924031e-06
0.5,0.741003293010583,1.91258122301825e-06
0.5,0.741260279334317,1.90304083606752e-06
0.5,0.741517265658051,1.89354515651385e-06
0.5,0.741774251981785,1.8840972852746e-06
0.5,0.742031238305518,1.87469727935512e-06
0.5,0.742288224629252,1.86534519576079e-06
0.5,0.742545210952986,1.85603804125105e-06
0.5,0.74280219727672,1.84677892096586e-06
0.5,0.743059183600454,1.83756483955337e-06
0.5,0.743316169924188,1.82839890426487e-06
0.5,0.743573156247921,1.81927506316862e-06
0.5,0.743830142571655,1.81019947798447e-06
0.5,0.744087128895389,1.80116914913791e-06
0.5,0.744344115219123,1.79218107283186e-06
0.5,0.744601101542857,1.78324141712005e-06
0.5,0.744858087866591,1.77434411951423e-06
0.5,0.745115074190324,1.76549229148831e-06
0.5,0.745372060514058,1.75668292502254e-06
0.5,0.745629046837792,1.74791913370216e-06
0.5,0.745886033161526,1.73919790739612e-06
0.5,0.74614301948526,1.73052236180095e-06
0.5,0.746400005808993,1.7218894846743e-06
0.5,0.746656992132727,1.71329625955121e-06
0.5,0.746913978456461,1.70474887032026e-06
0.5,0.747170964780195,1.69624430157214e-06
0.5,0.747427951103929,1.68778260397828e-06
0.5,0.747684937427663,1.6793607568511e-06
0.5,0.747941923751396,1.67098188010974e-06
0.5,0.74819891007513,1.66264602442564e-06
0.5,0.748455896398864,1.65435016594424e-06
0.5,0.748712882722598,1.64609742775167e-06
0.5,0.748969869046332,1.63788478388205e-06
0.5,0.749226855370065,1.62971228183986e-06
0.5,0.749483841693799,1.62158304787817e-06
0.5,0.749740828017533,1.61349405286416e-06
0.5,0.749997814341267,1.60544226344238e-06
0.5,0.750254800665001,1.59743388778149e-06
0.5,0.750511786988735,1.58946281061045e-06
0.5,0.750768773312468,1.58153216029367e-06
0.5,0.751025759636202,1.5736419843356e-06
0.5,0.751282745959936,1.56579233024073e-06
0.5,0.75153973228367,1.55798015831967e-06
0.5,0.751796718607404,1.55020860115943e-06
0.5,0.752053704931138,1.54247461695932e-06
0.5,0.752310691254871,1.53477825005686e-06
0.5,0.752567677578605,1.52711954478955e-06
0.5,0.752824663902339,1.51950163796701e-06
0.5,0.753081650226073,1.51192148356594e-06
0.5,0.753338636549807,1.50437912592384e-06
0.5,0.75359562287354,1.49687151373913e-06
0.5,0.753852609197274,1.48940488157185e-06
0.5,0.754109595521008,1.48197308142565e-06
0.5,0.754366581844742,1.47457925327715e-06
0.5,0.754623568168476,1.46722344146384e-06
0.5,0.75488055449221,1.45990258940586e-06
0.5,0.755137540815944,1.45261984024679e-06
0.5,0.755394527139677,1.44537213529544e-06
0.5,0.755651513463411,1.43816261980668e-06
0.5,0.755908499787145,1.43098512783808e-06
0.5,0.756165486110879,1.42384590978445e-06
0.5,0.756422472434613,1.41674190273204e-06
0.5,0.756679458758346,1.40967625615831e-06
0.5,0.75693644508208,1.40264279567558e-06
0.5,0.757193431405814,1.39564466970567e-06
0.5,0.757450417729548,1.38868191941914e-06
0.5,0.757707404053282,1.38175147345695e-06
0.5,0.757964390377015,1.37485959699312e-06
0.5,0.758221376700749,1.36800010508341e-06
0.5,0.758478363024483,1.36117615142792e-06
0.5,0.758735349348217,1.35438466044501e-06
0.5,0.758992335671951,1.34762567013826e-06
0.5,0.759249321995685,1.34090233737473e-06
0.5,0.759506308319418,1.33421470332497e-06
0.5,0.759763294643152,1.32755656720991e-06
0.5,0.760020280966886,1.32093420792708e-06
0.5,0.76027726729062,1.31434454356091e-06
0.5,0.760534253614354,1.30778761211498e-06
0.5,0.760791239938088,1.30126032639543e-06
0.5,0.761048226261821,1.29476897374504e-06
0.5,0.761305212585555,1.28831046802561e-06
0.5,0.761562198909289,1.28188171887633e-06
0.5,0.761819185233023,1.27548589055386e-06
0.5,0.762076171556757,1.26912302106177e-06
0.5,0.76233315788049,1.26279314840363e-06
0.5,0.762590144204224,1.25649004540902e-06
0.5,0.762847130527958,1.25022314467557e-06
0.5,0.763104116851692,1.24398621797717e-06
0.5,0.763361103175426,1.23777930015045e-06
0.5,0.76361808949916,1.23160242603201e-06
0.5,0.763875075822893,1.22545876832375e-06
0.5,0.764132062146627,1.21934522610831e-06
0.5,0.764389048470361,1.21326183422229e-06
0.5,0.764646034794095,1.20720862750232e-06
0.5,0.764903021117829,1.201185640785e-06
0.5,0.765160007441562,1.19519290890694e-06
0.5,0.765416993765296,1.18923046670476e-06
0.5,0.76567398008903,1.18329834901506e-06
0.5,0.765930966412764,1.17739344436395e-06
0.5,0.766187952736498,1.17151893178723e-06
0.5,0.766444939060232,1.16567484612153e-06
0.5,0.766701925383966,1.15985807272597e-06
0.5,0.766958911707699,1.15407179380333e-06
0.5,0.767215898031433,1.14831604419023e-06
0.5,0.767472884355167,1.14258455343438e-06
0.5,0.767729870678901,1.13688365743867e-06
0.5,0.767986857002635,1.13121339103971e-06
0.5,0.768243843326368,1.1255706332627e-06
0.5,0.768500829650102,1.11995541577729e-06
0.5,0.768757815973836,1.11436777025313e-06
0.5,0.76901480229757,1.10880772835985e-06
0.5,0.769271788621304,1.10327532176711e-06
0.5,0.769528774945037,1.09777058214456e-06
0.5,0.769785761268771,1.09229354116184e-06
0.5,0.770042747592505,1.0868442304886e-06
0.5,0.770299733916239,1.08142268179448e-06
0.5,0.770556720239973,1.07602576143682e-06
0.5,0.770813706563707,1.07065666428628e-06
1,0,0
1,1.19739993157715e-06,0.0443037974683544
1,2.39479986315429e-06,0.0886075949367089
1,3.59219979473144e-06,0.132911392405063
1,4.78959972630859e-06,0.177215189873418
1,5.98699965788573e-06,0.221518987341772
1,7.18439958946288e-06,0.265822784810127
1,8.38179952104003e-06,0.310126582278481
1,9.57919945261718e-06,0.354430379746835
1,1.07765993841943e-05,0.39873417721519
1,1.19739993157715e-05,0.443037974683544
1,1.31713992473486e-05,0.487341772151899
1,1.43687991789258e-05,0.531645569620253
1,1.55661991105029e-05,0.575949367088608
1,1.67635990420801e-05,0.620253164556962
1,1.79609989736572e-05,0.664556962025316
1,1.91583989052344e-05,0.708860759493671
1,2.03557988368115e-05,0.753164556962025
1,2.15531987683886e-05,0.79746835443038
1,2.27505986999658e-05,0.841772151898734
1,2.39479986315429e-05,0.886075949367089
1,2.51453985631201e-05,0.930379746835443
1,2.63427984946972e-05,0.974683544303798
1,2.75401984262744e-05,1.01898734177215
1,2.87375983578515e-05,1.06329113924051
1,2.99349982894287e-05,1.10759493670886
1,3.11323982210058e-05,1.15189873417722
1,3.2329798152583e-05,1.19620253164557
1,3.35271980841601e-05,1.24050632911392
1,3.47245980157373e-05,1.28481012658228
1,3.59219979473144e-05,1.32911392405063
1,3.71193978788916e-05,1.37341772151899
1,3.83167978104687e-05,1.41772151898734
1,3.95141977420458e-05,1.4620253164557
1,4.0711597673623e-05,1.50632911392405
1,4.19089976052001e-05,1.5506329113924
1,4.31063975367773e-05,1.59493670886076
1,4.43037974683544e-05,1.63924050632911
1,4.55011973999316e-05,1.68354430379747
1,4.66985973315087e-05,1.72784810126582
1,4.78959972630859e-05,1.77215189873418
1,4.9093397194663e-05,1.81645569620253
1,5.02907971262402e-05,1.86075949367089
1,5.14881970578173e-05,1.90506329113924
1,5.26855969893945e-05,1.9493670886076
1,5.38829969209716e-05,1.99367088607595
1,5.50803968525488e-05,2.0379746835443
1,5.62777967841259e-05,2.08227848101266
1,5.7475196715703e-05,2.12658227848101
1,5.86725966472802e-05,2.17088607594937
1,5.98699965788573e-05,2.21518987341772
1,6.10673965104345e-05,2.25949367088608
1,6.22647964420116e-05,2.30379746835443
1,6.34621963735888e-05,2.34810126582278
1,6.46595963051659e-05,2.39240506329114
1,6.58569962367431e-05,2.43670886075949
1,6.70543961683202e-05,2.48101265822785
1,6.82517960998974e-05,2.5253164556962
1,6.94491960314745e-05,2.56962025316456
1,7.06465959630517e-05,2.61392405063291
1,7.18439958946288e-05,2.65822784810127
1,7.3041395826206e-05,2.70253164556962
1,7.42387957577831e-05,2.74683544303797
1,7.54361956893603e-05,2.79113924050633
1,7.66335956209374e-05,2.83544303797468
1,7.78309955525146e-05,2.87974683544304
1,7.90283954840917e-05,2.92405063291139
1,8.02257954156688e-05,2.96835443037975
1,8.1423195347246e-05,3.0126582278481
1,8.26205952788231e-05,3.05696202531646
1,8.38179952104003e-05,3.10126582278481
1,8.50153951419774e-05,3.14556962025316
1,8.62127950735546e-05,3.18987341772152
1,8.74101950051317e-05,3.23417721518987
1,8.86075949367089e-05,3.27848101265823
1,8.9804994868286e-05,3.32278481012658
1,9.10023947998632e-05,3.36708860759494
1,9.21997947314403e-05,3.41139240506329
1,9.33971946630174e-05,3.45569620253165
1,9.45945945945946e-05,3.5
1,0.000103150257400257,3.49883352775617
1,0.000231525139224872,3.4813776054489
1,0.000359900021049488,3.46400877194456
1,0.000488274902874103,3.44672659275109
1,0.000616649784698718,3.42953063554416
1,0.000745024666523333,3.4124204701563
1,0.000873399548347948,3.39539566856621
1,0.00100177443017256,3.378455804888
1,0.00113014931199718,3.36160045536055
1,0.00125852419382179,3.34482919833693
1,0.00138689907564641,3.32814161427381
1,0.00151527395747102,3.31153728572102
1,0.00164364883929564,3.29501579731107
1,0.00177202372112025,3.27857673574875
1,0.00190039860294487,3.26221968980082
1,0.00202877348476948,3.24594425028571
1,0.0021571483665941,3.22975001006329
1,0.00228552324841871,3.21363656402467
1,0.00241389813024333,3.1976035090821
1,0.00254227301206794,3.18165044415883
1,0.00267064789389256,3.16577697017912
1,0.00279902277571717,3.14998269005827
1,0.00292739765754179,3.13426720869264
1,0.0030557725393664,3.11863013294978
1,0.00318414742119102,3.10307107165862
1,0.00331252230301563,3.08758963559969
1,0.00344089718484025,3.07218543749532
1,0.00356927206666486,3.05685809200002
1,0.00369764694848948,3.04160721569081
1,0.00382602183031409,3.02643242705763
1,0.00395439671213871,3.01133334649384
1,0.00408277159396332,2.9963095962866
1,0.00421114647578794,2.98136080060758
1,0.00433952135761255,2.96648658550347
1,0.00446789623943717,2.95168657888659
1,0.00459627112126178,2.9369604105257
1,0.0047246460030864,2.92230771203661
1,0.00485302088491101,2.9077281168731
1,0.00498139576673563,2.89322126031758
1,0.00510977064856025,2.87878677947211
1,0.00523814553038486,2.86442431324928
1,0.00536652041220947,2.85013350236316
1,0.00549489529403409,2.83591398932035
1,0.0056232701758587,2.82176541841093
1,0.00575164505768332,2.80768743569972
1,0.00588001993950793,2.79367968901731
1,0.00600839482133255,2.77974182795133
1,0.00613676970315716,2.76587350383758
1,0.00626514458498178,2.7520743697514
1,0.0063935194668064,2.73834408049897
1,0.00652189434863101,2.72468229260863
1,0.00665026923045563,2.71108866432237
1,0.00677864411228024,2.69756285558724
1,0.00690701899410486,2.68410452804676
1,0.00703539387592947,2.67071334503263
1,0.00716376875775409,2.65738897155612
1,0.0072921436395787,2.64413107429987
1,0.00742051852140332,2.63093932160943
1,0.00754889340322793,2.61781338348495
1,0.00767726828505255,2.60475293157302
1,0.00780564316687716,2.59175763915845
1,0.00793401804870178,2.57882718115593
1,0.00806239293052639,2.56596123410213
1,0.00819076781235101,2.55315947614749
1,0.00831914269417562,2.54042158704809
1,0.00844751757600024,2.5277472481579
1,0.00857589245782485,2.51513614242045
1,0.00870426733964947,2.50258795436119
1,0.00883264222147408,2.49010237007948
1,0.0089610171032987,2.47767907724075
1,0.00908939198512331,2.4653177650687
1,0.00921776686694793,2.45301812433748
1,0.00934614174877254,2.44077984736399
1,0.00947451663059716,2.42860262800021
1,0.00960289151242177,2.41648616162554
1,0.00973126639424639,2.40443014513913
1,0.009859641276071,2.39243427695224
1,0.00998801615789562,2.3804982569809
1,0.0101163910397202,2.36862178663817
1,0.0102447659215448,2.35680456882692
1,0.0103731408033695,2.3450463079321
1,0.0105015156851941,2.3333467098136
1,0.0106298905670187,2.32170548179882
1,0.0107582654488433,2.31012233267521
1,0.0108866403306679,2.29859697268321
1,0.0110150152124925,2.28712911350881
1,0.0111433900943172,2.2757184682765
1,0.0112717649761418,2.26436475154196
1,0.0114001398579664,2.25306767928497
1,0.011528514739791,2.24182696890232
1,0.0116568896216156,2.23064233920074
1,0.0117852645034402,2.21951351038979
1,0.0119136393852648,2.208440204075
1,0.0120420142670895,2.19742214325078
1,0.0121703891489141,2.18645905229359
1,0.0122987640307387,2.17555065695493
1,0.0124271389125633,2.1646966843546
1,0.0125555137943879,2.15389686297383
1,0.0126838886762125,2.14315092264836
1,0.0128122635580371,2.13245859456194
1,0.0129406384398618,2.12181961123942
1,0.0130690133216864,2.11123370654003
1,0.013197388203511,2.10070061565086
1,0.0133257630853356,2.09022007508018
1,0.0134541379671602,2.07979182265088
1,0.0135825128489848,2.06941559749369
1,0.0137108877308095,2.05909114004099
1,0.0138392626126341,2.0488181920202
1,0.0139676374944587,2.03859649644711
1,0.0140960123762833,2.02842579761972
1,0.0142243872581079,2.01830584111182
1,0.0143527621399325,2.00823637376641
1,0.0144811370217571,1.9982171436896
1,0.0146095119035818,1.9882479002441
1,0.0147378867854064,1.9783283940433
1,0.014866261667231,1.96845837694453
1,0.0149946365490556,1.95863760204324
1,0.0151230114308802,1.94886582366679
1,0.0152513863127048,1.93914279736805
1,0.0153797611945294,1.92946827991962
1,0.0155081360763541,1.91984202930737
1,0.0156365109581787,1.9102638047248
1,0.0157648858400033,1.90073336656675
1,0.0158932607218279,1.89125047642341
1,0.0160216356036525,1.88181489707443
1,0.0161500104854771,1.87242639248299
1,0.0162783853673018,1.86308472778987
1,0.0164067602491264,1.85378966930762
1,0.016535135130951,1.8445409845146
1,0.0166635100127756,1.83533844204929
1,0.0167918848946002,1.82618181170439
1,0.0169202597764248,1.81707086442119
1,0.0170486346582494,1.8080053722837
1,0.0171770095400741,1.79898510851312
1,0.0173053844218987,1.79000984746198
1,0.0174337593037233,1.78107936460856
1,0.0175621341855479,1.7721934365514
1,0.0176905090673725,1.76335184100346
1,0.0178188839491971,1.75455435678687
1,0.0179472588310217,1.74580076382708
1,0.0180756337128464,1.73709084314766
1,0.018204008594671,1.72842437686451
1,0.0183323834764956,1.71980114818063
1,0.0184607583583202,1.71122094138076
1,0.0185891332401448,1.70268354182567
1,0.0187175081219694,1.69418873594701
1,0.0188458830037941,1.685736311242
1,0.0189742578856187,1.67732605626811
1,0.0191026327674433,1.66895776063766
1,0.0192310076492679,1.66063121501242
1,0.0193593825310925,1.6523462110989
1,0.0194877574129171,1.64410254164254
1,0.0196161322947417,1.63590000042289
1,0.0197445071765664,1.62773838224832
1,0.019872882058391,1.61961748295097
1,0.0200012569402156,1.61153709938159
1,0.0201296318220402,1.60349702940421
1,0.0202580067038648,1.59549707189179
1,0.0203863815856894,1.58753702672032
1,0.0205147564675141,1.57961669476438
1,0.0206431313493387,1.57173587789203
1,0.0207715062311633,1.56389437895977
1,0.0208998811129879,1.55609200180766
1,0.0210282559948125,1.54832855125449
1,0.0211566308766371,1.54060383309279
1,0.0212850057584617,1.53291765408379
1,0.0214133806402864,1.52526982195326
1,0.021541755522111,1.51766014538575
1,0.0216701304039356,1.51008843402072
1,0.0217985052857602,1.50255449844694
1,0.0219268801675848,1.4950581501985
1,0.0220552550494094,1.4875992017496
1,0.022183629931234,1.48017746651011
1,0.0223120048130587,1.47279275882068
1,0.0224403796948833,1.46544489394835
1,0.0225687545767079,1.45813368808183
1,0.0226971294585325,1.45085895832666
1,0.0228255043403571,1.44362052270103
1,0.0229538792221817,1.43641820013105
1,0.0230822541040064,1.42925181044623
1,0.023210628985831,1.42212117437488
1,0.0233390038676556,1.41502611353979
1,0.0234673787494802,1.40796645045359
1,0.0235957536313048,1.40094200851441
1,0.0237241285131294,1.39395261200169
1,0.023852503394954,1.38699808607123
1,0.0239808782767787,1.38007825675128
1,0.0241092531586033,1.3731929509382
1,0.0242376280404279,1.36634199639166
1,0.0243660029222525,1.35952522173095
1,0.0244943778040771,1.35274245643018
1,0.0246227526859017,1.34599353081425
1,0.0247511275677263,1.33927827605474
1,0.024879502449551,1.33259652416534
1,0.0250078773313756,1.32594810799808
1,0.0251362522132002,1.31933286123854
1,0.0252646270950248,1.31275061840229
1,0.0253930019768494,1.30620121483051
1,0.025521376858674,1.29968448668591
1,0.0256497517404987,1.29320027094834
1,0.0257781266223233,1.28674840541138
1,0.0259065015041479,1.2803287286775
1,0.0260348763859725,1.27394108015457
1,0.0261632512677971,1.26758530005166
1,0.0262916261496217,1.26126122937494
1,0.0264200010314463,1.25496870992398
1,0.026548375913271,1.24870758428748
1,0.0266767507950956,1.24247769583951
1,0.0268051256769202,1.23627888873564
1,0.0269335005587448,1.23011100790888
1,0.0270618754405694,1.22397389906586
1,0.027190250322394,1.21786740868309
1,0.0273186252042187,1.21179138400292
1,0.0274470000860433,1.20574567302976
1,0.0275753749678679,1.19973012452661
1,0.0277037498496925,1.19374458801074
1,0.0278321247315171,1.18778891375017
1,0.0279604996133417,1.18186295276027
1,0.0280888744951663,1.17596655679929
1,0.028217249376991,1.17009957836529
1,0.0283456242588156,1.1642618706922
1,0.0284739991406402,1.1584532877463
1,0.0286023740224648,1.15267368422208
1,0.0287307489042894,1.14692291553934
1,0.028859123786114,1.14120083783909
1,0.0289874986679386,1.13550730798006
1,0.0291158735497633,1.12984218353491
1,0.0292442484315879,1.12420532278721
1,0.0293726233134125,1.1185965847274
1,0.0295009981952371,1.11301582904945
1,0.0296293730770617,1.10746291614734
1,0.0297577479588863,1.10193770711157
1,0.029886122840711,1.09644006372552
1,0.0300144977225356,1.09096984846223
1,0.0301428726043602,1.08552692448113
1,0.0302712474861848,1.08011115562387
1,0.0303996223680094,1.07472240641182
1,0.030527997249834,1.06936054204201
1,0.0306563721316586,1.06402542838426
1,0.0307847470134833,1.05871693197725
1,0.0309131218953079,1.05343492002574
1,0.0310414967771325,1.04817926039687
1,0.0311698716589571,1.04294982161731
1,0.0312982465407817,1.03774647286918
1,0.0314266214226063,1.03256908398759
1,0.0315549963044309,1.02741752545697
1,0.0316833711862556,1.02229166840806
1,0.0318117460680802,1.01719138461413
1,0.0319401209499048,1.01211654648858
1,0.0320684958317294,1.00706702708133
1,0.032196870713554,1.00204270007525
1,0.0323252455953786,0.997043439784079
1,0.0324536204772033,0.992069121147839
1,0.0325819953590279,0.987119619731281
1,0.0327103702408525,0.982194811719257
1,0.0328387451226771,0.977294573914919
1,0.0329671200045017,0.972418783735574
1,0.0330954948863263,0.967567319210597
1,0.0332238697681509,0.962740058977359
1,0.0333522446499756,0.957936882279029
1,0.0334806195318002,0.953157668961283
1,0.0336089944136248,0.94840229946919
1,0.0337373692954494,0.943670654844114
1,0.033865744177274,0.938962616721125
1,0.0339941190590986,0.934278067325756
1,0.0341224939409232,0.929616889471121
1,0.0342508688227479,0.924978966555075
1,0.0343792437045725,0.920364182556887
1,0.0345076185863971,0.915772422035166
1,0.0346359934682217,0.911203570123866
1,0.0347643683500463,0.90665751253076
1,0.0348927432318709,0.902134135533066
1,0.0350211181136956,0.897633325975907
1,0.0351494929955202,0.893154971268814
1,0.0352778678773448,0.888698959382702
1,0.0354062427591694,0.884265178848065
1,0.035534617640994,0.879853518750941
1,0.0356629925228186,0.875463868730834
1,0.0357913674046432,0.871096118978161
1,0.0359197422864679,0.866750160231038
1,0.0360481171682925,0.862425883772301
1,0.0361764920501171,0.858123181427913
1,0.0363048669319417,0.853841945562786
1,0.0364332418137663,0.849582069079291
1,0.0365616166955909,0.845343445414015
1,0.0366899915774156,0.841125968535255
1,0.0368183664592402,0.83692953294002
1,0.0369467413410648,0.832754033652176
1,0.0370751162228894,0.828599366218823
1,0.037203491104714,0.824465426708498
1,0.0373318659865386,0.820352111707972
1,0.0374602408683632,0.816259318320507
1,0.0375886157501879,0.812186944161982
1,0.0377169906320125,0.808134887359757
1,0.0378453655138371,0.804103046548844
1,0.0379737403956617,0.800091320870567
1,0.0381021152774863,0.796099609968842
1,0.0382304901593109,0.792127813988698
1,0.0383588650411355,0.788175833573366
1,0.0384872399229602,0.784243569861446
1,0.0386156148047848,0.780330924485013
1,0.0387439896866094,0.776437799566704
1,0.038872364568434,0.772564097717772
1,0.0390007394502586,0.768709722035113
1,0.0391291143320832,0.7648745760991
1,0.0392574892139078,0.761058563971184
1,0.0393858640957325,0.757261590191662
1,0.0395142389775571,0.753483559776709
1,0.0396426138593817,0.749724378216691
1,0.0397709887412063,0.74598395147324
1,0.0398993636230309,0.742262185977257
1,0.0400277385048555,0.7385589886268
1,0.0401561133866802,0.734874266783733
1,0.0402844882685048,0.731207928272686
1,0.0404128631503294,0.727559881377927
1,0.040541238032154,0.723930034841172
1,0.0406696129139786,0.720318297859749
1,0.0407979877958032,0.71672458008383
1,0.0409263626776278,0.713148791614128
1,0.0410547375594525,0.70959084300028
1,0.0411831124412771,0.706050645238133
1,0.0413114873231017,0.702528109767148
1,0.0414398622049263,0.699023148469344
1,0.0415682370867509,0.695535673665415
1,0.0416966119685755,0.692065598114536
1,0.0418249868504002,0.688612835010407
1,0.0419533617322248,0.68517729798007
1,0.0420817366140494,0.68175890108144
1,0.042210111495874,0.678357558801146
1,0.0423384863776986,0.674973186052546
1,0.0424668612595232,0.671605698173614
1,0.0425952361413478,0.668255010924412
1,0.0427236110231725,0.664921040485551
1,0.0428519859049971,0.66160370345562
1,0.0429803607868217,0.658302916849349
1,0.0431087356686463,0.655018598095683
1,0.0432371105504709,0.651750665035277
1,0.0433654854322955,0.648499035918847
1,0.0434938603141201,0.645263629404839
1,0.0436222351959448,0.642044364557507
1,0.0437506100777694,0.63884116084491
1,0.043878984959594,0.635653938137209
1,0.0440073598414186,0.632482616703695
1,0.0441357347232432,0.629327117212169
1,0.0442641096050678,0.626187360725669
1,0.0443924844868925,0.623063268701447
1,0.0445208593687171,0.619954762988056
1,0.0446492342505417,0.616861765824597
1,0.0447776091323663,0.613784199837756
1,0.0449059840141909,0.610721988040337
1,0.0450343588960155,0.607675053829284
1,0.0451627337778401,0.604643320983611
1,0.0452911086596648,0.601626713662611
1,0.0454194835414894,0.598625156404029
1,0.045547858423314,0.5956385741222
1,0.0456762333051386,0.592666892105639
1,0.0458046081869632,0.589710036016148
1,0.0459329830687878,0.586767931886114
1,0.0460613579506125,0.583840506116811
1,0.0461897328324371,0.580927685477191
1,0.0463181077142617,0.578029397100919
1,0.0464464825960863,0.575145568485815
1,0.0465748574779109,0.572276127490831
1,0.0467032323597355,0.569421002335497
1,0.0468316072415601,0.566580121596729
1,0.0469599821233848,0.563753414208366
1,0.0470883570052094,0.56094080945867
1,0.047216731887034,0.558142236988298
1,0.0473451067688586,0.555357626789553
1,0.0474734816506832,0.55258690920344
1,0.0476018565325078,0.549830014919015
1,0.0477302314143324,0.547086874970571
1,0.0478586062961571,0.54435742073716
1,0.0479869811779817,0.541641583939397
1,0.0481153560598063,0.538939296639236
1,0.0482437309416309,0.536250491237049
1,0.0483721058234555,0.53357510047094
1,0.0485004807052801,0.530913057414375
1,0.0486288555871048,0.528264295474495
1,0.0487572304689294,0.525628748390963
1,0.048885605350754,0.523006350234145
1,0.0490139802325786,0.520397035403049
1,0.0491423551144032,0.517800738623821
1,0.0492707299962278,0.515217394948649
1,0.0493991048780524,0.512646939753846
1,0.0495274797598771,0.510089308737547
1,0.0496558546417017,0.507544437919055
1,0.0497842295235263,0.50501226363722
1,0.0499126044053509,0.502492722547852
1,0.0500409792871755,0.499985751623042
1,0.0501693541690001,0.497491288149345
1,0.0502977290508248,0.49500926972647
1,0.0504261039326494,0.492539634265053
1,0.050554478814474,0.490082319985794
1,0.0506828536962986,0.487637265417074
1,0.0508112285781232,0.485204409394795
1,0.0509396034599478,0.482783691059277
1,0.0510679783417724,0.480375049854814
1,0.0511963532235971,0.477978425527761
1,0.0513247281054217,0.475593758125228
1,0.0514531029872463,0.473220987993367
1,0.0515814778690709,0.470860055775449
1,0.0517098527508955,0.468510902411656
1,0.0518382276327201,0.466173469136165
1,0.0519666025145447,0.463847697477027
1,0.0520949773963694,0.461533529253549
1,0.052223352278194,0.459230906575236
1,0.0523517271600186,0.456939771840377
1,0.0524801020418432,0.454660067735367
1,0.0526084769236678,0.452391737231545
1,0.0527368518054924,0.450134723585576
1,0.0528652266873171,0.447888970336498
1,0.0529936015691417,0.445654421305709
1,0.0531219764509663,0.443431020594485
1,0.0532503513327909,0.441218712582937
1,0.0533787262146155,0.439017441929129
1,0.0535071010964401,0.436827153566605
1,0.0536354759782647,0.434647792704276
1,0.0537638508600894,0.432479304823853
1,0.053892225741914,0.430321635679438
1,0.0540206006237386,0.42817473129534
1,0.0541489755055632,0.426038537965849
1,0.0542773503873878,0.423913002252351
1,0.0544057252692124,0.421798070983543
1,0.054534100151037,0.41969369125299
1,0.0546624750328617,0.417599810418243
1,0.0547908499146863,0.415516376099992
1,0.0549192247965109,0.413443336179218
1,0.0550475996783355,0.411380638798204
1,0.0551759745601601,0.409328232356852
1,0.0553043494419847,0.407286065513118
1,0.0554327243238094,0.405254087180778
1,0.055561099205634,0.403232246528851
1,0.0556894740874586,0.401220492979724
1,0.0558178489692832,0.399218776208257
1,0.0559462238511078,0.397227046140059
1,0.0560745987329324,0.395245252950767
1,0.056202973614757,0.393273347064499
1,0.0563313484965817,0.391311279153329
1,0.0564597233784063,0.389359000134332
1,0.0565880982602309,0.387416461170426
1,0.0567164731420555,0.385483613667646
1,0.0568448480238801,0.383560409274611
1,0.0569732229057047,0.381646799881434
1,0.0571015977875294,0.379742737617597
1,0.057229972669354,0.377848174852064
1,0.0573583475511786,0.375963064190975
1,0.0574867224330032,0.374087358477357
1,0.0576150973148278,0.372221010789357
1,0.0577434721966524,0.370363974438624
1,0.057871847078477,0.368516202970992
1,0.0580002219603017,0.366677650162601
1,0.0581285968421263,0.364848270021409
1,0.0582569717239509,0.363028016784139
1,0.0583853466057755,0.361216844916267
1,0.0585137214876001,0.359414709109814
1,0.0586420963694247,0.357621564283492
1,0.0587704712512493,0.355837365580654
1,0.058898846133074,0.354062068368654
1,0.0590272210148986,0.352295628236964
1,0.0591555958967232,0.350538000997207
1,0.0592839707785478,0.348789142681231
1,0.0594123456603724,0.347049009540374
1,0.059540720542197,0.345317558043996
1,0.0596690954240216,0.343594744878716
1,0.0597974703058463,0.341880526947419
1,0.0599258451876709,0.340174861368004
1,0.0600542200694955,0.338477705471891
1,0.0601825949513201,0.336789016803763
1,0.0603109698331447,0.335108753120338
1,0.0604393447149693,0.333436872388654
1,0.060567719596794,0.331773332785108
1,0.0606960944786186,0.330118092696017
1,0.0608244693604432,0.328471110713969
1,0.0609528442422678,0.32683234563893
1,0.0610812191240924,0.325201756476148
1,0.061209594005917,0.323579302435329
1,0.0613379688877416,0.32196494292986
1,0.0614663437695663,0.320358637575563
1,0.0615947186513909,0.3187603461895
1,0.0617230935332155,0.317170028789824
1,0.0618514684150401,0.315587645593674
1,0.0619798432968647,0.314013157016619
1,0.0621082181786893,0.312446523671928
1,0.062236593060514,0.31088770636912
1,0.0623649679423386,0.309336666113605
1,0.0624933428241632,0.307793364105366
1,0.0626217177059878,0.306257761737195
1,0.0627500925878124,0.304729820595568
1,0.062878467469637,0.303209502457991
1,0.0630068423514616,0.301696769292494
1,0.0631352172332863,0.300191583257442
1,0.0632635921151109,0.298693906699388
1,0.0633919669969355,0.297203702153314
1,0.0635203418787601,0.295720932340648
1,0.0636487167605847,0.294245560169171
1,0.0637770916424093,0.292777548731471
1,0.0639054665242339,0.291316861304264
1,0.0640338414060586,0.289863461347556
1,0.0641622162878832,0.288417312503643
1,0.0642905911697078,0.28697837859648
1,0.0644189660515324,0.285546623629835
1,0.064547340933357,0.284122011787658
1,0.0646757158151816,0.282704507432462
1,0.0648040906970063,0.281294075104592
1,0.0649324655788309,0.279890679521092
1,0.0650608404606555,0.278494285574949
1,0.0651892153424801,0.277104858334991
1,0.0653175902243047,0.275722363043245
1,0.0654459651061293,0.274346765116418
1,0.0655743399879539,0.272978030142428
1,0.0657027148697786,0.271616123882154
1,0.0658310897516032,0.270261012265945
1,0.0659594646334278,0.268912661395647
1,0.0660878395152524,0.267571037540832
1,0.066216214397077,0.266236107140298
1,0.0663445892789016,0.264907836799645
1,0.0664729641607263,0.263586193291441
1,0.0666013390425509,0.262271143554169
1,0.0667297139243755,0.260962654691049
1,0.0668580888062001,0.259660693969278
1,0.0669864636880247,0.25836522881942
1,0.0671148385698493,0.257076226834678
1,0.0672432134516739,0.255793655770049
1,0.0673715883334986,0.25451748354107
1,0.0674999632153232,0.253247678223568
1,0.0676283380971478,0.251984208052725
1,0.0677567129789724,0.250727041421761
1,0.067885087860797,0.249476146881886
1,0.0680134627426216,0.248231493141586
1,0.0681418376244462,0.246993049064686
1,0.0682702125062709,0.245760783670805
1,0.0683985873880955,0.244534666134319
1,0.0685269622699201,0.243314665782927
1,0.0686553371517447,0.242100752097514
1,0.0687837120335693,0.240892894711349
1,0.0689120869153939,0.239691063409188
1,0.0690404617972186,0.238495228126541
1,0.0691688366790432,0.23730535894885
1,0.0692972115608678,0.236121426110561
1,0.0694255864426924,0.234943399995237
1,0.069553961324517,0.233771251133579
1,0.0696823362063416,0.232604950203344
1,0.0698107110881662,0.23144446802946
1,0.0699390859699909,0.23028977558118
1,0.0700674608518155,0.229140843973154
1,0.0701958357336401,0.227997644464692
1,0.0703242106154647,0.226860148457206
1,0.0704525854972893,0.225728327496171
1,0.0705809603791139,0.224602153268095
1,0.0707093352609385,0.223481597601152
1,0.0708377101427632,0.22236663246371
1,0.0709660850245878,0.221257229964505
1,0.0710944599064124,0.220153362350992
1,0.071222834788237,0.219055002009357
1,0.0713512096700616,0.217962121463569
1,0.0714795845518862,0.216874693374059
1,0.0716079594337109,0.21579269053866
1,0.0717363343155355,0.214716085889947
1,0.0718647091973601,0.213644852496318
1,0.0719930840791847,0.212578963560344
1,0.0721214589610093,0.211518392417933
1,0.0722498338428339,0.210463112537993
1,0.0723782087246585,0.209413097522333
1,0.0725065836064832,0.208368321104296
1,0.0726349584883078,0.207328757148202
1,0.0727633333701324,0.206294379648131
1,0.072891708251957,0.20526516272931
1,0.0730200831337816,0.204241080644659
1,0.0731484580156062,0.203222107776336
1,0.0732768328974309,0.202208218633933
1,0.0734052077792555,0.201199387854692
1,0.0735335826610801,0.200195590201852
1,0.0736619575429047,0.199196800565035
1,0.0737903324247293,0.198202993958454
1,0.0739187073065539,0.197214145522075
1,0.0740470821883785,0.196230230518783
1,0.0741754570702032,0.195251224335413
1,0.0743038319520278,0.194277102481606
1,0.0744322068338524,0.193307840588891
1,0.074560581715677,0.192343414410936
1,0.0746889565975016,0.191383799821588
1,0.0748173314793262,0.190428972815918
1,0.0749457063611508,0.189478909508447
1,0.0750740812429755,0.188533586132223
1,0.0752024561248001,0.187592979039695
1,0.0753308310066247,0.186657064700748
1,0.0754592058884493,0.185725819703465
1,0.0755875807702739,0.184799220751731
1,0.0757159556520985,0.183877244666188
1,0.0758443305339231,0.182959868382967
1,0.0759727054157478,0.1820470689536
1,0.0761010802975724,0.181138823543642
1,0.076229455179397,0.180235109432783
1,0.0763578300612216,0.179335904013979
1,0.0764862049430462,0.178441184793152
1,0.0766145798248708,0.177550929388527
1,0.0767429547066955,0.176665115529597
1,0.0768713295885201,0.175783721057293
1,0.0769997044703447,0.17490672392285
1,0.0771280793521693,0.174034102187881
1,0.0772564542339939,0.173165834022816
1,0.0773848291158185,0.172301897707826
1,0.0775132039976431,0.171442271630853
1,0.0776415788794678,0.170586934287482
1,0.0777699537612924,0.169735864281406
1,0.077898328643117,0.168889040322627
1,0.0780267035249416,0.16804644122686
1,0.0781550784067662,0.167208045916192
1,0.0782834532885908,0.166373833418082
1,0.0784118281704154,0.165543782863356
1,0.0785402030522401,0.164717873488332
1,0.0786685779340647,0.163896084632397
1,0.0787969528158893,0.163078395737799
1,0.0789253276977139,0.162264786349381
1,0.0790537025795385,0.161455236114616
1,0.0791820774613631,0.160649724781962
1,0.0793104523431878,0.15984823220113
1,0.0794388272250124,0.159050738322005
1,0.079567202106837,0.158257223195156
1,0.0796955769886616,0.157467666970025
1,0.0798239518704862,0.156682049895351
1,0.0799523267523108,0.155900352318586
1,0.0800807016341354,0.155122554685259
1,0.0802090765159601,0.154348637537984
1,0.0803374513977847,0.153578581516726
1,0.0804658262796093,0.152812367358391
1,0.0805942011614339,0.152049975895041
1,0.0807225760432585,0.151291388055717
1,0.0808509509250831,0.150536584863583
1,0.0809793258069078,0.149785547436682
1,0.0811077006887324,0.149038256987664
1,0.081236075570557,0.148294694822134
1,0.0813644504523816,0.147554842339644
1,0.0814928253342062,0.146818681032303
1,0.0816212002160308,0.146086192484359
1,0.0817495750978554,0.145357358372751
1,0.0818779499796801,0.144632160464942
1,0.0820063248615047,0.143910580619402
1,0.0821346997433293,0.143192600785719
1,0.0822630746251539,0.142478203003007
1,0.0823914495069785,0.141767369400281
1,0.0825198243888031,0.141060082195468
1,0.0826481992706277,0.140356323695391
1,0.0827765741524524,0.139656076295042
1,0.082904949034277,0.138959322477507
1,0.0830333239161016,0.138266044812833
1,0.0831616987979262,0.137576225958234
1,0.0832900736797508,0.136889848657915
1,0.0834184485615754,0.136206895741167
1,0.0835468234434001,0.135527350123842
1,0.0836751983252247,0.134851194806381
1,0.0838035732070493,0.134178412874897
1,0.0839319480888739,0.133508987498446
1,0.0840603229706985,0.132842901931777
1,0.0841886978525231,0.132180139512197
1,0.0843170727343477,0.131520683659852
1,0.0844454476161724,0.13086451787833
1,0.084573822497997,0.130211625753504
1,0.0847021973798216,0.129561990952348
1,0.0848305722616462,0.128915597224501
1,0.0849589471434708,0.128272428399284
1,0.0850873220252954,0.127632468387912
1,0.0852156969071201,0.126995701181151
1,0.0853440717889447,0.126362110850086
1,0.0854724466707693,0.125731681545115
1,0.0856008215525939,0.125104397495268
1,0.0857291964344185,0.124480243008904
1,0.0858575713162431,0.123859202472627
1,0.0859859461980678,0.123241260350523
1,0.0861143210798924,0.122626401184083
1,0.086242695961717,0.122014609592804
1,0.0863710708435416,0.121405870271937
1,0.0864994457253662,0.120800167993755
1,0.0866278206071908,0.120197487605954
1,0.0867561954890154,0.119597814032165
1,0.08688457037084,0.119001132271375
1,0.0870129452526647,0.118407427397325
1,0.0871413201344893,0.117816684557886
1,0.0872696950163139,0.117228888975117
1,0.0873980698981385,0.116644025945313
1,0.0875264447799631,0.116062080837592
1,0.0876548196617877,0.115483039093893
1,0.0877831945436124,0.114906886229672
1,0.087911569425437,0.114333607832064
1,0.0880399443072616,0.11376318956017
1,0.0881683191890862,0.113195617143892
1,0.0882966940709108,0.112630876385994
1,0.0884250689527354,0.112068953158719
1,0.0885534438345601,0.11150983340545
1,0.0886818187163847,0.110953503139091
1,0.0888101935982093,0.110399948442963
1,0.0889385684800339,0.109849155469148
1,0.0890669433618585,0.109301110440076
1,0.0891953182436831,0.108755799644993
1,0.0893236931255077,0.108213209443713
1,0.0894520680073324,0.107673326261939
1,0.089580442889157,0.107136136594985
1,0.0897088177709816,0.10660162700415
1,0.0898371926528062,0.106069784118941
1,0.0899655675346308,0.105540594634506
1,0.0900939424164554,0.105014045313091
1,0.09022231729828,0.104490122982529
1,0.0903506921801047,0.103968814536564
1,0.0904790670619293,0.103450106934409
1,0.0906074419437539,0.102933987200667
1,0.0907358168255785,0.102420442423735
1,0.0908641917074031,0.101909459757176
1,0.0909925665892277,0.101401026418464
1,0.0911209414710523,0.100895129689203
1,0.091249316352877,0.100391756913084
1,0.0913776912347016,0.0998908954990699
1,0.0915060661165262,0.099392532917066
1,0.0916344409983508,0.0988966567003242
1,0.0917628158801754,0.09840325444408
1,0.091891190762,0.0979123138064293
1,0.0920195656438247,0.0974238225050414
1,0.0921479405256493,0.0969377683206441
1,0.0922763154074739,0.0964541390940813
1,0.0924046902892985,0.0959729227275068
1,0.0925330651711231,0.0954941071825352
1,0.0926614400529477,0.0950176804810286
1,0.0927898149347723,0.0945436307054949
1,0.092918189816597,0.0940719459971879
1,0.0930465646984216,0.0936026145564708
1,0.0931749395802462,0.0931356246427886
1,0.0933033144620708,0.0926709645738609
1,0.0934316893438954,0.0922086227263902
1,0.09356006422572,0.0917485875340751
1,0.0936884391075447,0.091290847489442
1,0.0938168139893693,0.0908353911410564
1,0.0939451888711939,0.0903822070961018
1,0.0940735637530185,0.0899312840179446
1,0.0942019386348431,0.0894826106259883
1,0.0943303135166677,0.0890361756966792
1,0.0944586883984923,0.0885919680617907
1,0.0945870632803169,0.0881499766097926
1,0.0947154381621416,0.0877101902837175
1,0.0948438130439662,0.0872725980817265
1,0.0949721879257908,0.0868371890576679
1,0.0951005628076154,0.086403952319287
1,0.09522893768944,0.0859728770291472
1,0.0953573125712646,0.0855439524031987
1,0.0954856874530893,0.0851171677120707
1,0.0956140623349139,0.0846925122788282
1,0.0957424372167385,0.0842699754814205
1,0.0958708120985631,0.0838495467488373
1,0.0959991869803877,0.0834312155647168
1,0.0961275618622123,0.0830149714634702
1,0.096255936744037,0.0826008040326913
1,0.0963843116258616,0.082188702912012
1,0.0965126865076862,0.0817786577923358
1,0.0966410613895108,0.081370658416246
1,0.0967694362713354,0.0809646945772156
1,0.09689781115316,0.0805607561195964
1,0.0970261860349846,0.0801588329389984
1,0.0971545609168093,0.0797589149810656
1,0.0972829357986339,0.0793609922414324
1,0.0974113106804585,0.0789650547656697
1,0.0975396855622831,0.078571092649222
1,0.0976680604441077,0.0781790960373351
1,0.0977964353259323,0.0777890551233674
1,0.097924810207757,0.0774009601506987
1,0.0980531850895816,0.0770148014106182
1,0.0981815599714062,0.0766305692434137
1,0.0983099348532308,0.0762482540366333
1,0.0984383097350554,0.0758678462269649
1,0.09856668461688,0.0754893362980727
1,0.0986950594987046,0.0751127147816519
1,0.0988234343805292,0.0747379722560476
1,0.0989518092623539,0.0743650993464811
1,0.0990801841441785,0.0739940867256759
1,0.0992085590260031,0.0736249251124438
1,0.0993369339078277,0.0732576052722921
1,0.0994653087896523,0.0728921180159842
1,0.0995936836714769,0.0725284542009458
1,0.0997220585533016,0.072166604729806
1,0.0998504334351262,0.0718065605509708
1,0.0999788083169508,0.07144831265714
1,0.100107183198775,0.0710918520866828
1,0.1002355580806,0.0707371699229594
1,0.100363932962425,0.0703842572928035
1,0.100492307844249,0.0700331053682901
1,0.100620682726074,0.0696837053647879
1,0.100749057607898,0.0693360485423022
1,0.100877432489723,0.0689901262035039
1,0.101005807371548,0.0686459296954727
1,0.101134182253372,0.0683034504072904
1,0.101262557135197,0.0679626797721854
1,0.101390932017022,0.0676236092655219
1,0.101519306898846,0.0672862304048516
1,0.101647681780671,0.0669505347503769
1,0.101776056662495,0.0666165139049925
1,0.10190443154432,0.0662841595126468
1,0.102032806426145,0.0659534632591989
1,0.102161181307969,0.0656244168724359
1,0.102289556189794,0.0652970121208238
1,0.102417931071618,0.0649712408139252
1,0.102546305953443,0.064647094802814
1,0.102674680835268,0.0643245659783778
1,0.102803055717092,0.0640036462725578
1,0.102931430598917,0.0636843276574774
1,0.103059805480742,0.0633666021449815
1,0.103188180362566,0.0630504617870144
1,0.103316555244391,0.0627358986751454
1,0.103444930126215,0.0624229049405099
1,0.10357330500804,0.0621114727528934
1,0.103701679889865,0.0618015943223584
1,0.103830054771689,0.0614932618966133
1,0.103958429653514,0.0611864677626252
1,0.104086804535338,0.0608812042456748
1,0.104215179417163,0.0605774637096821
1,0.104343554298988,0.0602752385562432
1,0.104471929180812,0.0599745212249426
1,0.104600304062637,0.0596753041932318
1,0.104728678944462,0.0593775799758715
1,0.104857053826286,0.0590813411252263
1,0.104985428708111,0.0587865802306932
1,0.105113803589935,0.0584932899185526
1,0.10524217847176,0.0582014628518129
1,0.105370553353585,0.0579110917309147
1,0.105498928235409,0.0576221692914007
1,0.105627303117234,0.0573346883063376
1,0.105755677999058,0.0570486415831017
1,0.105884052880883,0.0567640219670962
1,0.106012427762708,0.0564808223380872
1,0.106140802644532,0.0561990356117403
1,0.106269177526357,0.0559186547385437
1,0.106397552408182,0.0556396727049051
1,0.106525927290006,0.0553620825320627
1,0.106654302171831,0.0550858772758603
1,0.106782677053655,0.0548110500265162
1,0.10691105193548,0.0545375939092637
1,0.107039426817305,0.0542655020836729
1,0.107167801699129,0.0539947677429625
1,0.107296176580954,0.0537253841146253
1,0.107424551462778,0.0534573444597286
1,0.107552926344603,0.0531906420735315
1,0.107681301226428,0.0529252702834481
1,0.107809676108252,0.0526612224518625
1,0.107938050990077,0.0523984919731964
1,0.108066425871902,0.0521370722749461
1,0.108194800753726,0.051876956817834
1,0.108323175635551,0.0516181390946219
1,0.108451550517375,0.051360612630694
1,0.1085799253992,0.0511043709841931
1,0.108708300281025,0.0508494077452614
1,0.108836675162849,0.0505957165352714
1,0.108965050044674,0.0503432910082851
1,0.109093424926498,0.0500921248498311
1,0.109221799808323,0.0498422117765667
1,0.109350174690148,0.0495935455368307
1,0.109478549571972,0.0493461199102985
1,0.109606924453797,0.0490999287071794
1,0.109735299335622,0.048854965769208
1,0.109863674217446,0.0486112249683822
1,0.109992049099271,0.0483687002070438
1,0.110120423981095,0.0481273854184086
1,0.11024879886292,0.0478872745661908
1,0.110377173744745,0.0476483616433137
1,0.110505548626569,0.047410640673786
1,0.110633923508394,0.0471741057100423
1,0.110762298390218,0.046938750836177
1,0.110890673272043,0.0467045701639083
1,0.111019048153868,0.0464715578353515
1,0.111147423035692,0.0462397080212425
1,0.111275797917517,0.0460090149218879
1,0.111404172799342,0.0457794727662879
1,0.111532547681166,0.0455510758121658
1,0.111660922562991,0.0453238183464531
1,0.111789297444815,0.0450976946839382
1,0.11191767232664,0.0448726991682002
1,0.112046047208465,0.0446488261702455
1,0.112174422090289,0.0444260700903567
1,0.112302796972114,0.0442044253562605
1,0.112431171853938,0.0439838864226658
1,0.112559546735763,0.0437644477731066
1,0.112687921617588,0.0435461039180917
1,0.112816296499412,0.043328849396019
1,0.112944671381237,0.0431126787713092
1,0.113073046263062,0.0428975866371686
1,0.113201421144886,0.0426835676123225
1,0.113329796026711,0.0424706163433098
1,0.113458170908535,0.0422587275025955
1,0.11358654579036,0.0420478957904005
1,0.113714920672185,0.0418381159318693
1,0.113843295554009,0.0416293826798273
1,0.113971670435834,0.0414216908119364
1,0.114100045317658,0.0412150351334523
1,0.114228420199483,0.0410094104748361
1,0.114356795081308,0.0408048116912261
1,0.114485169963132,0.0406012336651958
1,0.114613544844957,0.0403986713043476
1,0.114741919726782,0.0401971195407738
1,0.114870294608606,0.0399965733328706
1,0.114998669490431,0.039797027663854
1,0.115127044372255,0.039598477542156
1,0.11525541925408,0.0394009180008725
1,0.115383794135905,0.0392043440976802
1,0.115512169017729,0.0390087509152237
1,0.115640543899554,0.0388141335605535
1,0.115768918781378,0.0386204871655076
1,0.115897293663203,0.0384278068851904
1,0.116025668545028,0.0382360879007269
1,0.116154043426852,0.0380453254153535
1,0.116282418308677,0.0378555146571677
1,0.116410793190502,0.0376666508780679
1,0.116539168072326,0.0374787293531625
1,0.116667542954151,0.0372917453820893
1,0.116795917835975,0.0371056942865039
1,0.1169242927178,0.0369205714133118
1,0.117052667599625,0.0367363721307073
1,0.117181042481449,0.0365530918309235
1,0.117309417363274,0.0363707259291426
1,0.117437792245098,0.0361892698633608
1,0.117566167126923,0.0360087190947346
1,0.117694542008748,0.0358290691064753
1,0.117822916890572,0.0356503154041867
1,0.117951291772397,0.0354724535162025
1,0.118079666654221,0.0352954789939236
1,0.118208041536046,0.0351193874097284
1,0.118336416417871,0.0349441743582684
1,0.118464791299695,0.0347698354572851
1,0.11859316618152,0.034596366345019
1,0.118721541063345,0.0344237626819892
1,0.118849915945169,0.034252020150341
1,0.118978290826994,0.0340811344546541
1,0.119106665708818,0.0339111013188389
1,0.119235040590643,0.0337419164908485
1,0.119363415472468,0.0335735757371212
1,0.119491790354292,0.0334060748472938
1,0.119620165236117,0.0332394096305894
1,0.119748540117942,0.0330735759185751
1,0.119876914999766,0.0329085695625184
1,0.120005289881591,0.0327443864341754
1,0.120133664763415,0.0325810224270761
1,0.12026203964524,0.0324184734538628
1,0.120390414527065,0.0322567354490511
1,0.120518789408889,0.0320958043663594
1,0.120647164290714,0.031935676179985
1,0.120775539172538,0.0317763468843984
1,0.120903914054363,0.0316178124931401
1,0.121032288936188,0.0314600690415867
1,0.121160663818012,0.0313031125822658
1,0.121289038699837,0.0311469391901051
1,0.121417413581661,0.0309915449577375
1,0.121545788463486,0.0308369259977642
1,0.121674163345311,0.030683078442532
1,0.121802538227135,0.0305299984434069
1,0.12193091310896,0.0303776821710429
1,0.122059287990785,0.0302261258146479
1,0.122187662872609,0.0300753255837537
1,0.122316037754434,0.0299252777059751
1,0.122444412636258,0.0297759784267649
1,0.122572787518083,0.0296274240121879
1,0.122701162399908,0.0294796107461652
1,0.122829537281732,0.0293325349307271
1,0.122957912163557,0.0291861928862671
1,0.123086287045381,0.0290405809528052
1,0.123214661927206,0.0288956954872101
1,0.123343036809031,0.0287515328649617
1,0.123471411690855,0.0286080894804014
1,0.12359978657268,0.028465361744444
1,0.123728161454505,0.0283233460873565
1,0.123856536336329,0.0281820389559556
1,0.123984911218154,0.0280414368158797
1,0.124113286099978,0.0279015361492852
1,0.124241660981803,0.0277623334566091
1,0.124370035863628,0.0276238252562984
1,0.124498410745452,0.0274860080824904
1,0.124626785627277,0.0273488784883083
1,0.124755160509101,0.0272124330435387
1,0.124883535390926,0.0270766683338325
1,0.125011910272751,0.0269415809640076
1,0.125140285154575,0.0268071675546878
1,0.1252686600364,0.026673424743036
1,0.125397034918225,0.026540349182976
1,0.125525409800049,0.026407937546445
1,0.125653784681874,0.0262761865210398
1,0.125782159563698,0.02614509281023
1,0.125910534445523,0.0260146531351238
1,0.126038909327348,0.0258848642321
1,0.126167284209172,0.0257557228556084
1,0.126295659090997,0.0256272257742404
1,0.126424033972821,0.0254993697735263
1,0.126552408854646,0.0253721516551088
1,0.126680783736471,0.0252455682364314
1,0.126809158618295,0.0251196163519856
1,0.12693753350012,0.0249942928493504
1,0.127065908381945,0.0248695945951235
1,0.127194283263769,0.0247455184683484
1,0.127322658145594,0.0246220613664515
1,0.127451033027418,0.0244992202002205
1,0.127579407909243,0.0243769918976602
1,0.127707782791068,0.0242553734000011
1,0.127836157672892,0.0241343616655602
1,0.127964532554717,0.0240139536673154
1,0.128092907436541,0.0238941463925696
1,0.128221282318366,0.0237749368447174
1,0.128349657200191,0.023656322041332
1,0.128478032082015,0.0235382990154047
1,0.12860640696384,0.0234208648150067
1,0.128734781845665,0.0233040165013612
1,0.128863156727489,0.0231877511521957
1,0.128991531609314,0.0230720658592855
1,0.129119906491138,0.022956957727572
1,0.129248281372963,0.0228424238790535
1,0.129376656254788,0.022728461447131
1,0.129505031136612,0.0226150675820924
1,0.129633406018437,0.0225022394470416
1,0.129761780900261,0.0223899742191334
1,0.129890155782086,0.022278269089748
1,0.130018530663911,0.0221671212657325
1,0.130146905545735,0.0220565279653039
1,0.13027528042756,0.0219464864230232
1,0.130403655309385,0.0218369938851562
1,0.130532030191209,0.0217280476135857
1,0.130660405073034,0.0216196448822302
1,0.130788779954858,0.0215117829793521
1,0.130917154836683,0.0214044592071877
1,0.131045529718508,0.0212976708804991
1,0.131173904600332,0.0211914153283485
1,0.131302279482157,0.0210856898926465
1,0.131430654363981,0.0209804919283099
1,0.131559029245806,0.020875818803961
1,0.131687404127631,0.0207716679010057
1,0.131815779009455,0.0206680366143314
1,0.13194415389128,0.0205649223508383
1,0.132072528773105,0.0204623225317606
1,0.132200903654929,0.0203602345906547
1,0.132329278536754,0.020258655973006
1,0.132457653418578,0.0201575841380088
1,0.132586028300403,0.0200570165576329
1,0.132714403182228,0.019956950715683
1,0.132842778064052,0.0198573841090358
1,0.132971152945877,0.0197583142472433
1,0.133099527827701,0.0196597386515878
1,0.133227902709526,0.0195616548568653
1,0.133356277591351,0.0194640604082496
1,0.133484652473175,0.019366952865813
1,0.133613027355,0.0192703297991935
1,0.133741402236825,0.0191741887921192
1,0.133869777118649,0.0190785274387088
1,0.133998152000474,0.0189833433469063
1,0.134126526882298,0.0188886341347721
1,0.134254901764123,0.0187943974333693
1,0.134383276645948,0.0187006308852503
1,0.134511651527772,0.0186073321451436
1,0.134640026409597,0.0185144988789848
1,0.134768401291421,0.0184221287646023
1,0.134896776173246,0.0183302194907431
1,0.135025151055071,0.0182387687588663
1,0.135153525936895,0.0181477742810594
1,0.13528190081872,0.0180572337807203
1,0.135410275700545,0.0179671449932432
1,0.135538650582369,0.0178775056650364
1,0.135667025464194,0.0177883135536494
1,0.135795400346018,0.0176995664278989
1,0.135923775227843,0.0176112620674376
1,0.136052150109668,0.0175233982634365
1,0.136180524991492,0.0174359728187115
1,0.136308899873317,0.0173489835450508
1,0.136437274755141,0.0172624282666905
1,0.136565649636966,0.0171763048193221
1,0.136694024518791,0.0170906110468471
1,0.136822399400615,0.0170053448071058
1,0.13695077428244,0.0169205039663859
1,0.137079149164265,0.0168360864029094
1,0.137207524046089,0.016752090004138
1,0.137335898927914,0.0166685126691409
1,0.137464273809738,0.0165853523070217
1,0.137592648691563,0.0165026068381625
1,0.137721023573388,0.0164202741920792
1,0.137849398455212,0.0163383523092289
1,0.137977773337037,0.016256839139992
1,0.138106148218861,0.0161757326459176
1,0.138234523100686,0.0160950307981361
1,0.138362897982511,0.0160147315768987
1,0.138491272864335,0.015934832973959
1,0.13861964774616,0.01585533299098
1,0.138748022627985,0.0157762296385029
1,0.138876397509809,0.0156975209383314
1,0.139004772391634,0.0156192049213617
1,0.139133147273458,0.0155412796288275
1,0.139261522155283,0.0154637431101205
1,0.139389897037108,0.0153865934268961
1,0.139518271918932,0.0153098286491771
1,0.139646646800757,0.0152334468554519
1,0.139775021682581,0.0151574461362164
1,0.139903396564406,0.0150818245900652
1,0.140031771446231,0.0150065803243612
1,0.140160146328055,0.014931711458212
1,0.14028852120988,0.0148572161173945
1,0.140416896091705,0.0147830924396328
1,0.140545270973529,0.0147093385695131
1,0.140673645855354,0.0146359526626154
1,0.140802020737178,0.0145629328833062
1,0.140930395619003,0.0144902774042535
1,0.141058770500828,0.0144179844088378
1,0.141187145382652,0.0143460520883543
1,0.141315520264477,0.0142744786426835
1,0.141443895146301,0.0142032622821266
1,0.141572270028126,0.0141324012245976
1,0.141700644909951,0.0140618936986209
1,0.141829019791775,0.0139917379387706
1,0.1419573946736,0.0139219321909981
1,0.142085769555425,0.0138524747092323
1,0.142214144437249,0.0137833637554673
1,0.142342519319074,0.0137145976010185
1,0.142470894200898,0.0136461745254443
1,0.142599269082723,0.0135780928172192
1,0.142727643964548,0.0135103507738232
1,0.142856018846372,0.0134429467000711
1,0.142984393728197,0.0133758789099562
1,0.143112768610021,0.0133091457255642
1,0.143241143491846,0.0132427454777462
1,0.143369518373671,0.0131766765050273
1,0.143497893255495,0.0131109371548681
1,0.14362626813732,0.0130455257831607
1,0.143754643019145,0.0129804407537236
1,0.143883017900969,0.0129156804372005
1,0.144011392782794,0.0128512432152783
1,0.144139767664618,0.0127871274742686
1,0.144268142546443,0.0127233316116928
1,0.144396517428268,0.0126598540304451
1,0.144524892310092,0.0125966931442048
1,0.144653267191917,0.0125338473709915
1,0.144781642073741,0.0124713151403659
1,0.144910016955566,0.0124090948869765
1,0.145038391837391,0.0123471850547959
1,0.145166766719215,0.0122855840954167
1,0.14529514160104,0.0122242904669338
1,0.145423516482865,0.0121633026370027
1,0.145551891364689,0.0121026190793364
1,0.145680266246514,0.0120422382761678
1,0.145808641128338,0.0119821587171306
1,0.145937016010163,0.0119223788993334
1,0.146065390891988,0.0118628973268335
1,0.146193765773812,0.0118037125119088
1,0.146322140655637,0.0117448229745339
1,0.146450515537461,0.0116862272406483
1,0.146578890419286,0.0116279238452337
1,0.146707265301111,0.0115699113293793
1,0.146835640182935,0.0115121882421576
1,0.14696401506476,0.0114547531394907
1,0.147092389946584,0.0113976045842186
1,0.147220764828409,0.0113407411473777
1,0.147349139710234,0.0112841614058533
1,0.147477514592058,0.0112278639442603
1,0.147605889473883,0.0111718473550143
1,0.147734264355708,0.0111161102365824
1,0.147862639237532,0.0110606511941537
1,0.147991014119357,0.0110054688409213
1,0.148119389001181,0.0109505617963278
1,0.148247763883006,0.0108959286867376
1,0.148376138764831,0.0108415681448939
1,0.148504513646655,0.0107874788124211
1,0.14863288852848,0.0107336593350152
1,0.148761263410305,0.0106801083667733
1,0.148889638292129,0.0106268245678188
1,0.149018013173954,0.0105738066055863
1,0.149146388055778,0.0105210531536621
1,0.149274762937603,0.0104685628918445
1,0.149403137819428,0.0104163345080465
1,0.149531512701252,0.010364366695292
1,0.149659887583077,0.0103126581536165
1,0.149788262464901,0.0102612075895143
1,0.149916637346726,0.0102100137153839
1,0.150045012228551,0.0101590752514347
1,0.150173387110375,0.0101083909226687
1,0.1503017619922,0.0100579594614026
1,0.150430136874025,0.0100077796067135
1,0.150558511755849,0.00995785010264412
1,0.150686886637674,0.00990816970011214
1,0.150815261519498,0.00985873715635168
1,0.150943636401323,0.00980955123559125
1,0.151072011283148,0.00976061070601146
1,0.151200386164972,0.00971191434476141
1,0.151328761046797,0.0096634609330541
1,0.151457135928621,0.00961524925808042
1,0.151585510810446,0.00956727811493257
1,0.151713885692271,0.00951954630355128
1,0.151842260574095,0.00947205262877588
1,0.15197063545592,0.00942479590351575
1,0.152099010337745,0.00937777494568966
1,0.152227385219569,0.00933098857827581
1,0.152355760101394,0.00928443563123951
1,0.152484134983218,0.00923811493971206
1,0.152612509865043,0.00919202534592153
1,0.152740884746868,0.00914616569611365
1,0.152869259628692,0.00910053484310844
1,0.152997634510517,0.0090551316457271
1,0.153126009392341,0.00900995496821575
1,0.153254384274166,0.00896500368029548
1,0.153382759155991,0.00892027665721252
1,0.153511134037815,0.00887577278041886
1,0.15363950891964,0.00883149093636277
1,0.153767883801464,0.00878743001779959
1,0.153896258683289,0.00874358892194786
1,0.154024633565114,0.00869996655243233
1,0.154153008446938,0.0086565618180702
1,0.154281383328763,0.00861337363291856
1,0.154409758210588,0.00857040091632189
1,0.154538133092412,0.00852764259359431
1,0.154666507974237,0.00848509759543434
1,0.154794882856061,0.00844276485733649
1,0.154923257737886,0.0084006433196361
1,0.155051632619711,0.00835873192946491
1,0.155180007501535,0.00831702963825401
1,0.15530838238336,0.00827553540241398
1,0.155436757265184,0.00823424818465677
1,0.155565132147009,0.00819316695085059
1,0.155693507028834,0.00815229067453375
1,0.155821881910658,0.00811161833312954
1,0.155950256792483,0.00807114890862635
1,0.156078631674308,0.00803088138890218
1,0.156207006556132,0.00799081476648873
1,0.156335381437957,0.00795094803925582
1,0.156463756319781,0.00791128020981343
1,0.156592131201606,0.00787181028619722
1,0.156720506083431,0.00783253728062573
1,0.156848880965255,0.00779346021082856
1,0.15697725584708,0.00775457809880155
1,0.157105630728904,0.00771588997278238
1,0.157234005610729,0.00767739486471451
1,0.157362380492554,0.00763909181093048
1,0.157490755374378,0.00760097985413231
1,0.157619130256203,0.00756305804020158
1,0.157747505138028,0.00752532542082576
1,0.157875880019852,0.0074877810522459
1,0.158004254901677,0.00745042399464719
1,0.158132629783501,0.00741325331479419
1,0.158261004665326,0.00737626808152749
1,0.158389379547151,0.00733946736969657
1,0.158517754428975,0.00730285026020462
1,0.1586461293108,0.00726641583549151
1,0.158774504192624,0.00723016318412571
1,0.158902879074449,0.00719409140084908
1,0.159031253956274,0.00715819958139554
1,0.159159628838098,0.00712248682905279
1,0.159288003719923,0.00708695224947779
1,0.159416378601748,0.00705159495530976
1,0.159544753483572,0.00701641406031916
1,0.159673128365397,0.00698140868599058
1,0.159801503247221,0.0069465779550084
1,0.159929878129046,0.00691192099785021
1,0.160058253010871,0.00687743694626199
1,0.160186627892695,0.00684312493788794
1,0.16031500277452,0.00680898411433705
1,0.160443377656344,0.00677501362187647
1,0.160571752538169,0.00674121261080879
1,0.160700127419994,0.00670758023550631
1,0.160828502301818,0.00667411565378472
1,0.160956877183643,0.0066408180295794
1,0.161085252065468,0.00660768652901741
1,0.161213626947292,0.00657472032441722
1,0.161342001829117,0.00654191859035436
1,0.161470376710941,0.00650928050634093
1,0.161598751592766,0.00647680525619871
1,0.161727126474591,0.00644449202676472
1,0.161855501356415,0.00641234001057974
1,0.16198387623824,0.00638034840326625
1,0.162112251120064,0.00634851640422336
1,0.162240626001889,0.00631684321665845
1,0.162369000883714,0.00628532804961978
1,0.162497375765538,0.00625397011336341
1,0.162625750647363,0.00622276862405065
1,0.162754125529188,0.00619172280111325
1,0.162882500411012,0.00616083186862066
1,0.163010875292837,0.0061300950526358
1,0.163139250174661,0.00609951158458954
1,0.163267625056486,0.00606908069930556
1,0.163395999938311,0.0060388016363718
1,0.163524374820135,0.00600867363748779
1,0.16365274970196,0.00597869594984966
1,0.163781124583784,0.00594886782215037
1,0.163909499465609,0.00591918850931399
1,0.164037874347434,0.00588965726916603
1,0.164166249229258,0.00586027336178544
1,0.164294624111083,0.00583103605290284
1,0.164422998992908,0.00580194461123572
1,0.164551373874732,0.00577299830851484
1,0.164679748756557,0.00574419642086348
1,0.164808123638381,0.00571553822747518
1,0.164936498520206,0.00568702301267259
1,0.165064873402031,0.00565865006119542
1,0.165193248283855,0.00563041866500207
1,0.16532162316568,0.00560232811719983
1,0.165449998047504,0.00557437771546152
1,0.165578372929329,0.00554656675933647
1,0.165706747811154,0.00551889455435576
1,0.165835122692978,0.00549136040798184
1,0.165963497574803,0.00546396363167484
1,0.166091872456628,0.00543670353955705
1,0.166220247338452,0.00540957944980222
1,0.166348622220277,0.00538259068398126
1,0.166476997102101,0.0053557365670886
1,0.166605371983926,0.00532901642688418
1,0.166733746865751,0.00530242959528697
1,0.166862121747575,0.0052759754077186
1,0.1669904966294,0.00524965320175773
1,0.167118871511224,0.00522346231922066
1,0.167247246393049,0.00519740210481626
1,0.167375621274874,0.00517147190616974
1,0.167503996156698,0.00514567107522253
1,0.167632371038523,0.00511999896688403
1,0.167760745920348,0.00509445493836625
1,0.167889120802172,0.00506903834989456
1,0.168017495683997,0.00504374856749216
1,0.168145870565821,0.00501858495748862
1,0.168274245447646,0.00499354688998932
1,0.168402620329471,0.00496863373959355
1,0.168530995211295,0.00494384488265434
1,0.16865937009312,0.00491917969868257
1,0.168787744974944,0.00489463757106404
1,0.168916119856769,0.00487021788569808
1,0.169044494738594,0.00484592003240745
1,0.169172869620418,0.00482174340218503
1,0.169301244502243,0.00479768739138231
1,0.169429619384068,0.00477375139686919
1,0.169557994265892,0.00474993482161924
1,0.169686369147717,0.00472623706847063
1,0.169814744029541,0.00470265754501965
1,0.169943118911366,0.00467919566155541
1,0.170071493793191,0.00465585083038233
1,0.170199868675015,0.00463262246933434
1,0.17032824355684,0.00460950999550942
1,0.170456618438664,0.00458651283157937
1,0.170584993320489,0.00456363040161701
1,0.170713368202314,0.00454086213461839
1,0.170841743084138,0.00451820745961917
1,0.170970117965963,0.00449566580991914
1,0.171098492847788,0.00447323662240572
1,0.171226867729612,0.00445091933617093
1,0.171355242611437,0.00442871339182599
1,0.171483617493261,0.00440661823433478
1,0.171611992375086,0.00438463331163038
1,0.171740367256911,0.00436275807251966
1,0.171868742138735,0.00434099197093253
1,0.17199711702056,0.00431933446241828
1,0.172125491902384,0.00429778500416138
1,0.172253866784209,0.00427634305782767
1,0.172382241666034,0.00425500808675828
1,0.172510616547858,0.00423377955740268
1,0.172638991429683,0.00421265693792151
1,0.172767366311508,0.00419163970175082
1,0.172895741193332,0.00417072732123908
1,0.173024116075157,0.00414991927475999
1,0.173152490956981,0.00412921504034256
1,0.173280865838806,0.00410861410137354
1,0.173409240720631,0.00408811594164001
1,0.173537615602455,0.00406772004819144
1,0.17366599048428,0.00404742591207412
1,0.173794365366104,0.00402723302407142
1,0.173922740247929,0.00400714088042726
1,0.174051115129754,0.00398714897787028
1,0.174179490011578,0.00396725681577093
1,0.174307864893403,0.00394746389759192
1,0.174436239775228,0.00392776972732923
1,0.174564614657052,0.00390817381239098
1,0.174692989538877,0.00388867566290088
1,0.174821364420701,0.00386927479171672
1,0.174949739302526,0.00384997071229282
1,0.175078114184351,0.00383076294228653
1,0.175206489066175,0.00381165100070312
1,0.175334863948,0.00379263441078987
1,0.175463238829824,0.00377371269573527
1,0.175591613711649,0.00375488538228333
1,0.175719988593474,0.00373615199931109
1,0.175848363475298,0.00371751207856674
1,0.175976738357123,0.00369896515396525
1,0.176105113238948,0.00368051076088073
1,0.176233488120772,0.00366214843833146
1,0.176361863002597,0.00364387772682758
1,0.176490237884421,0.00362569816910926
1,0.176618612766246,0.00360760931016251
1,0.176746987648071,0.00358961069796107
1,0.176875362529895,0.00357170188203173
1,0.17700373741172,0.00355388241492165
1,0.177132112293544,0.0035361518493064
1,0.177260487175369,0.00351850974382302
1,0.177388862057194,0.00350095565508358
1,0.177517236939018,0.00348348914569647
1,0.177645611820843,0.00346610977772775
1,0.177773986702668,0.00344881711635777
1,0.177902361584492,0.00343161072916883
1,0.178030736466317,0.00341449018616098
1,0.178159111348141,0.00339745505830418
1,0.178287486229966,0.00338050492047833
1,0.178415861111791,0.00336363934782984
1,0.178544235993615,0.00334685791871328
1,0.17867261087544,0.0033301602132419
1,0.178800985757264,0.00331354581330084
1,0.178929360639089,0.00329701430476532
1,0.179057735520914,0.00328056527237299
1,0.179186110402738,0.00326419830561508
1,0.179314485284563,0.00324791299434056
1,0.179442860166388,0.00323170893171257
1,0.179571235048212,0.00321558571275154
1,0.179699609930037,0.0031995429336102
1,0.179827984811861,0.00318358019232286
1,0.179956359693686,0.00316769709103628
1,0.180084734575511,0.00315189323085244
1,0.180213109457335,0.00313616821775344
1,0.18034148433916,0.00312052165818041
1,0.180469859220984,0.00310495315978273
1,0.180598234102809,0.00308946233365417
1,0.180726608984634,0.00307404879286656
1,0.180854983866458,0.00305871215099716
1,0.180983358748283,0.00304345202436689
1,0.181111733630107,0.00302826803205613
1,0.181240108511932,0.00301315979368708
1,0.181368483393757,0.0029981269309217
1,0.181496858275581,0.00298316906822046
1,0.181625233157406,0.00296828583136598
1,0.181753608039231,0.00295347684822021
1,0.181881982921055,0.00293874174873758
1,0.18201035780288,0.00292408016273524
1,0.182138732684704,0.00290949172438741
1,0.182267107566529,0.00289497606925169
1,0.182395482448354,0.00288053283353029
1,0.182523857330178,0.00286616165632726
1,0.182652232212003,0.00285186217741346
1,0.182780607093828,0.00283763404023776
1,0.182908981975652,0.00282347688743732
1,0.183037356857477,0.00280939036610348
1,0.183165731739301,0.00279537412328833
1,0.183294106621126,0.00278142780902178
1,0.183422481502951,0.00276755107331348
1,0.183550856384775,0.00275374356992809
1,0.1836792312666,0.00274000495263111
1,0.183807606148424,0.00272633487896942
1,0.183935981030249,0.00271273300575625
1,0.184064355912074,0.00269919899285437
1,0.184192730793898,0.00268573250243523
1,0.184321105675723,0.0026723331974779
1,0.184449480557548,0.00265900074253459
1,0.184577855439372,0.00264573480374123
1,0.184706230321197,0.00263253505034551
1,0.184834605203021,0.00261940115092636
1,0.184962980084846,0.00260633277719551
1,0.185091354966671,0.00259332960325308
1,0.185219729848495,0.00258039130255727
1,0.18534810473032,0.00256751755173396
1,0.185476479612144,0.00255470802906865
1,0.185604854493969,0.00254196241451708
1,0.185733229375794,0.00252928038818979
1,0.185861604257618,0.0025166616334114
1,0.185989979139443,0.00250410583444435
1,0.186118354021267,0.00249161267802589
1,0.186246728903092,0.00247918184955595
1,0.186375103784917,0.00246681303998748
1,0.186503478666741,0.0024545059397212
1,0.186631853548566,0.00244226023937488
1,0.186760228430391,0.00243007563439172
1,0.186888603312215,0.00241795181891973
1,0.18701697819404,0.00240588849042119
1,0.187145353075864,0.00239388534661341
1,0.187273727957689,0.00238194208701257
1,0.187402102839514,0.00237005841371407
1,0.187530477721338,0.00235823402832438
1,0.187658852603163,0.002346468635818
1,0.187787227484987,0.00233476194146771
1,0.187915602366812,0.00232311365239366
1,0.188043977248637,0.0023115234783464
1,0.188172352130461,0.00229999112785516
1,0.188300727012286,0.00228851631286887
1,0.188429101894111,0.00227709874722395
1,0.188557476775935,0.00226573814355658
1,0.18868585165776,0.00225443421950342
1,0.188814226539584,0.00224318669151777
1,0.188942601421409,0.00223199527797415
1,0.189070976303234,0.00222085969917885
1,0.189199351185058,0.00220977967660328
1,0.189327726066883,0.00219875493289185
1,0.189456100948707,0.00218778519264819
1,0.189584475830532,0.00217687018166685
1,0.189712850712357,0.00216600962538266
1,0.189841225594181,0.00215520325355232
1,0.189969600476006,0.00214445079559072
1,0.190097975357831,0.00213375198291623
1,0.190226350239655,0.00212310654661701
1,0.19035472512148,0.00211251422136334
1,0.190483100003304,0.00210197474151112
1,0.190611474885129,0.00209148784423646
1,0.190739849766954,0.00208105326719833
1,0.190868224648778,0.0020706707485438
1,0.190996599530603,0.00206034002848249
1,0.191124974412427,0.0020500608500822
1,0.191253349294252,0.00203983295456834
1,0.191381724176077,0.00202965608682436
1,0.191510099057901,0.00201952999304755
1,0.191638473939726,0.00200945441760807
1,0.191766848821551,0.00199942911092375
1,0.191895223703375,0.00198945382081281
1,0.1920235985852,0.00197952829801025
1,0.192151973467024,0.0019696522946023
1,0.192280348348849,0.00195982556324454
1,0.192408723230674,0.00195004785795749
1,0.192537098112498,0.0019403189349255
1,0.192665472994323,0.00193063854934149
1,0.192793847876147,0.00192100646015879
1,0.192922222757972,0.00191142242614445
1,0.193050597639797,0.00190188620746794
1,0.193178972521621,0.00189239756570906
1,0.193307347403446,0.00188295626386587
1,0.193435722285271,0.00187356206477333
1,0.193564097167095,0.00186421473428655
1,0.19369247204892,0.00185491403811126
1,0.193820846930744,0.00184565974339885
1,0.193949221812569,0.00183645161955102
1,0.194077596694394,0.00182728943504132
1,0.194205971576218,0.00181817296220178
1,0.194334346458043,0.00180910197165066
1,0.194462721339867,0.00180007623708275
1,0.194591096221692,0.00179109553208515
1,0.194719471103517,0.00178215963253955
1,0.194847845985341,0.00177326831503195
1,0.194976220867166,0.00176442135685794
1,0.195104595748991,0.00175561853682945
1,0.195232970630815,0.00174685963448066
1,0.19536134551264,0.00173814443087575
1,0.195489720394464,0.0017294727086169
1,0.195618095276289,0.0017208442494414
1,0.195746470158114,0.00171225883824218
1,0.195874845039938,0.00170371626066713
1,0.196003219921763,0.0016952163023192
1,0.196131594803587,0.00168675875117606
1,0.196259969685412,0.00167834339518208
1,0.196388344567237,0.00166997002386437
1,0.196516719449061,0.00166163842834074
1,0.196645094330886,0.00165334839890423
1,0.196773469212711,0.00164509972987299
1,0.196901844094535,0.00163689221313537
1,0.19703021897636,0.00162872564542898
1,0.197158593858184,0.00162059982026016
1,0.197286968740009,0.00161251453600035
1,0.197415343621834,0.00160446958941687
1,0.197543718503658,0.00159646477972775
1,0.197672093385483,0.0015884999061762
1,0.197800468267307,0.00158057477047089
1,0.197928843149132,0.00157268917354422
1,0.198057218030957,0.00156484291880669
1,0.198185592912781,0.00155703580971512
1,0.198313967794606,0.00154926764977523
1,0.198442342676431,0.00154153824662019
1,0.198570717558255,0.00153384740550082
1,0.19869909244008,0.0015261949349939
1,0.198827467321904,0.00151858064293161
1,0.198955842203729,0.00151100433967063
1,0.199084217085554,0.00150346583401364
1,0.199212591967378,0.00149596493893506
1,0.199340966849203,0.00148850146668367
1,0.199469341731027,0.0014810752304214
1,0.199597716612852,0.00147368604340869
1,0.199726091494677,0.00146633372228889
1,0.199854466376501,0.00145901808135466
1,0.199982841258326,0.00145173893993616
1,0.200111216140151,0.00144449611337727
1,0.200239591021975,0.00143728942289561
1,0.2003679659038,0.00143011868654982
1,0.200496340785624,0.00142298372582048
1,0.200624715667449,0.00141588436150258
1,0.200753090549274,0.0014088204161796
1,0.200881465431098,0.00140179171423133
1,0.201009840312923,0.00139479807853895
1,0.201138215194747,0.00138783933378739
1,0.201266590076572,0.00138091530812674
1,0.201394964958397,0.00137402582573978
1,0.201523339840221,0.0013671707159375
1,0.201651714722046,0.00136034980655073
1,0.201780089603871,0.00135356292724305
1,0.201908464485695,0.00134680990868926
1,0.20203683936752,0.0013400905809208
1,0.202165214249344,0.0013334047766476
1,0.202293589131169,0.00132675232794467
1,0.202421964012994,0.00132013306874664
1,0.202550338894818,0.00131354683319159
1,0.202678713776643,0.00130699345728882
1,0.202807088658467,0.00130047277726059
1,0.202935463540292,0.00129398462871108
1,0.203063838422117,0.00128752884996307
1,0.203192213303941,0.00128110527956439
1,0.203320588185766,0.00127471375629058
1,0.203448963067591,0.00126835412165472
1,0.203577337949415,0.00126202621490043
1,0.20370571283124,0.00125572987885408
1,0.203834087713064,0.00124946495575144
1,0.203962462594889,0.00124323128891332
1,0.204090837476714,0.00123702872191251
1,0.204219212358538,0.00123085710025419
1,0.204347587240363,0.00122471626886557
1,0.204475962122187,0.00121860607461577
1,0.204604337004012,0.00121252636464272
1,0.204732711885837,0.00120647698719685
1,0.204861086767661,0.00120045778996328
1,0.204989461649486,0.00119446862343006
1,0.205117836531311,0.00118850933668578
1,0.205246211413135,0.00118257978163251
1,0.20537458629496,0.00117667980877812
1,0.205502961176784,0.00117080927229871
1,0.205631336058609,0.00116496802413884
1,0.205759710940434,0.00115915591823245
1,0.205888085822258,0.00115337280881921
1,0.206016460704083,0.00114761855213976
1,0.206144835585907,0.00114189300390316
1,0.206273210467732,0.0011361960209816
1,0.206401585349557,0.00113052746056777
1,0.206529960231381,0.00112488718102593
1,0.206658335113206,0.0011192750410482
1,0.206786709995031,0.00111369090050674
1,0.206915084876855,0.00110813461960895
1,0.20704345975868,0.00110260605890017
1,0.207171834640504,0.00109710508096836
1,0.207300209522329,0.00109163154789731
1,0.207428584404154,0.00108618532297088
1,0.207556959285978,0.00108076626897296
1,0.207685334167803,0.00107537425160009
1,0.207813709049627,0.00107000913520367
1,0.207942083931452,0.00106467078534986
1,0.208070458813277,0.00105935906967962
1,0.208198833695101,0.00105407385364038
1,0.208327208576926,0.00104881500647114
1,0.208455583458751,0.00104358239607792
1,0.208583958340575,0.00103837589160153
1,0.2087123332224,0.00103319536256555
1,0.208840708104224,0.00102804067887894
1,0.208969082986049,0.00102291171341389
1,0.209097457867874,0.00101780833600386
1,0.209225832749698,0.00101273041945185
1,0.209354207631523,0.00100767783782102
1,0.209482582513347,0.00100265046299788
1,0.209610957395172,0.000997648170714288
1,0.209739332276997,0.000992670835391273
1,0.209867707158821,0.000987718331860538
1,0.209996082040646,0.00098279053709238
1,0.210124456922471,0.00097788732675097
1,0.210252831804295,0.000973008579510136
1,0.21038120668612,0.000968154171878643
1,0.210509581567944,0.000963323984248085
1,0.210637956449769,0.000958517893983952
1,0.210766331331594,0.000953735782344053
1,0.210894706213418,0.000948977528427465
1,0.211023081095243,0.00094424301437034
1,0.211151455977067,0.000939532120152211
1,0.211279830858892,0.000934844729666019
1,0.211408205740717,0.000930180724652308
1,0.211536580622541,0.00092553998903872
1,0.211664955504366,0.000920922405469981
1,0.21179333038619,0.000916327860525321
1,0.211921705268015,0.000911756236896823
1,0.21205008014984,0.000907207422089522
1,0.212178455031664,0.000902681301464487
1,0.212306829913489,0.000898177762594152
1,0.212435204795314,0.000893696691779628
1,0.212563579677138,0.000889237976667599
1,0.212691954558963,0.00088480150712929
1,0.212820329440787,0.000880387170897236
1,0.212948704322612,0.000875994858808546
1,0.213077079204437,0.000871624459563747
1,0.213205454086261,0.000867275864976376
1,0.213333828968086,0.000862948965601837
1,0.21346220384991,0.000858643654242227
1,0.213590578731735,0.000854359821567278
1,0.21371895361356,0.000850097361376609
1,0.213847328495384,0.000845856167096482
1,0.213975703377209,0.000841636131779799
1,0.214104078259034,0.000837437150744612
1,0.214232453140858,0.000833259118941942
1,0.214360828022683,0.000829101931836339
1,0.214489202904507,0.000824965485408516
1,0.214617577786332,0.000820849675276373
1,0.214745952668157,0.000816754399341418
1,0.214874327549981,0.000812679555148676
1,0.215002702431806,0.000808625040769881
1,0.21513107731363,0.000804590754806116
1,0.215259452195455,0.000800576595506198
1,0.21538782707728,0.000796582463421009
1,0.215516201959104,0.000792608258755492
1,0.215644576840929,0.000788653881368656
1,0.215772951722754,0.000784719232546288
1,0.215901326604578,0.000780804214119343
1,0.216029701486403,0.000776908727579169
1,0.216158076368227,0.000773032676741323
1,0.216286451250052,0.000769175963311149
1,0.216414826131877,0.000765338491323475
1,0.216543201013701,0.000761520164481961
1,0.216671575895526,0.000757720887939189
1,0.21679995077735,0.000753940565630218
1,0.216928325659175,0.000750179103834355
1,0.217056700541,0.000746436408508172
1,0.217185075422824,0.000742712386177671
1,0.217313450304649,0.000739006943048225
1,0.217441825186474,0.0007353199858978
1,0.217570200068298,0.000731651423867068
1,0.217698574950123,0.000728001163995978
1,0.217826949831947,0.00072436911569246
1,0.217955324713772,0.000720755188054367
1,0.218083699595597,0.000717159290765326
1,0.218212074477421,0.000713581334097373
1,0.218340449359246,0.00071002122711978
1,0.21846882424107,0.00070647888218358
1,0.218597199122895,0.000702954210442317
1,0.21872557400472,0.000699447122747895
1,0.218853948886544,0.000695957533246633
1,0.218982323768369,0.000692485353093027
1,0.219110698650194,0.000689030495842247
1,0.219239073532018,0.000685592874756259
1,0.219367448413843,0.000682172404606078
1,0.219495823295667,0.000678768998972081
1,0.219624198177492,0.000675382573850089
1,0.219752573059317,0.000672013043145745
1,0.219880947941141,0.000668660324088642
1,0.220009322822966,0.000665324330916546
1,0.22013769770479,0.000662004982101786
1,0.220266072586615,0.000658702193125919
1,0.22039444746844,0.000655415882809216
1,0.220522822350264,0.000652145967885992
1,0.220651197232089,0.000648892366624917
1,0.220779572113914,0.000645654997927369
1,0.220907946995738,0.000642433780422616
1,0.221036321877563,0.000639228633375798
1,0.221164696759387,0.000636039477599068
1,0.221293071641212,0.000632866232729765
1,0.221421446523037,0.000629708819046898
1,0.221549821404861,0.000626567158383873
1,0.221678196286686,0.000623441171401919
1,0.22180657116851,0.000620330780320879
1,0.221934946050335,0.000617235907101146
1,0.22206332093216,0.000614156475268053
1,0.222191695813984,0.000611092405353527
1,0.222320070695809,0.000608043623107444
1,0.222448445577634,0.000605010052203219
1,0.222576820459458,0.000601991615146834
1,0.222705195341283,0.000598988236933541
1,0.222833570223107,0.000595999843225046
1,0.222961945104932,0.000593026359436262
1,0.223090319986757,0.000590067709818889
1,0.223218694868581,0.000587123821126551
1,0.223347069750406,0.000584194619870296
1,0.22347544463223,0.000581280032318595
1,0.223603819514055,0.000578379986334391
1,0.22373219439588,0.000575494408623217
1,0.223860569277704,0.000572623226569719
1,0.223988944159529,0.000569766370080507
1,0.224117319041354,0.000566923766068254
1,0.224245693923178,0.000564095343970763
1,0.224374068805003,0.000561281033915497
1,0.224502443686827,0.000558480763955562
1,0.224630818568652,0.000555694464678159
1,0.224759193450477,0.000552922066442675
1,0.224887568332301,0.000550163500304486
1,0.225015943214126,0.000547418696168941
1,0.22514431809595,0.000544687586488134
1,0.225272692977775,0.000541970102567298
1,0.2254010678596,0.00053926617641398
1,0.225529442741424,0.000536575739814245
1,0.225657817623249,0.000533898727113561
1,0.225786192505074,0.00053123506873228
1,0.225914567386898,0.000528584700435269
1,0.226042942268723,0.000525947554990821
1,0.226171317150547,0.000523323565879038
1,0.226299692032372,0.000520712669153664
1,0.226428066914197,0.00051811479693911
1,0.226556441796021,0.000515529886726446
1,0.226684816677846,0.000512957873008589
1,0.22681319155967,0.000510398690067521
1,0.226941566441495,0.000507852275703231
1,0.22706994132332,0.000505318565647681
1,0.227198316205144,0.000502797496359407
1,0.227326691086969,0.000500289005026156
1,0.227455065968794,0.000497793028633173
1,0.227583440850618,0.000495309504898079
1,0.227711815732443,0.000492838371338105
1,0.227840190614267,0.000490379567141947
1,0.227968565496092,0.00048793302942922
1,0.228096940377917,0.000485498697930095
1,0.228225315259741,0.000483076511243175
1,0.228353690141566,0.000480666408708926
1,0.22848206502339,0.000478268331350881
1,0.228610439905215,0.000475882217185458
1,0.22873881478704,0.000473508007791375
1,0.228867189668864,0.000471145643619476
1,0.228995564550689,0.000468795065871431
1,0.229123939432514,0.000466456214619978
1,0.229252314314338,0.000464129032573196
1,0.229380689196163,0.000461813460371138
1,0.229509064077987,0.000459509441294472
1,0.229637438959812,0.000457216916555842
1,0.229765813841637,0.000454935830013778
1,0.229894188723461,0.000452666123458786
1,0.230022563605286,0.000450407741332533
1,0.23015093848711,0.000448160626008661
1,0.230279313368935,0.0004459247215713
1,0.23040768825076,0.000443699971927392
1,0.230536063132584,0.000441486322700699
1,0.230664438014409,0.000439283716499425
1,0.230792812896234,0.000437092099544704
1,0.230921187778058,0.000434911416938229
1,0.231049562659883,0.000432741613608723
1,0.231177937541707,0.00043058263621122
1,0.231306312423532,0.000428434429331671
1,0.231434687305357,0.000426296940235142
1,0.231563062187181,0.000424170116020054
1,0.231691437069006,0.000422053901714696
1,0.23181981195083,0.000419948245985599
1,0.231948186832655,0.000417853094478464
1,0.23207656171448,0.000415768396483562
1,0.232204936596304,0.00041369409922314
1,0.232333311478129,0.000411630150709296
1,0.232461686359954,0.00040957649974662
1,0.232590061241778,0.000407533094023953
1,0.232718436123603,0.000405499883935611
1,0.232846811005427,0.000403476816850338
1,0.232975185887252,0.000401463842845519
1,0.233103560769077,0.000399460911842447
1,0.233231935650901,0.00039746797360632
1,0.233360310532726,0.000395484978704848
1,0.23348868541455,0.000393511876592628
1,0.233617060296375,0.000391548618487475
1,0.2337454351782,0.000389595155455336
1,0.233873810060024,0.000387651438410278
1,0.234002184941849,0.000385717419075737
1,0.234130559823674,0.000383793048063616
1,0.234258934705498,0.000381878277758533
1,0.234387309587323,0.000379973060397449
1,0.234515684469147,0.000378077349033021
1,0.234644059350972,0.000376191094644604
1,0.234772434232797,0.000374314251919407
1,0.234900809114621,0.000372446771543583
1,0.235029183996446,0.000370588608880816
1,0.23515755887827,0.000368739717223599
1,0.235285933760095,0.000366900048754474
1,0.23541430864192,0.0003650695593786
1,0.235542683523744,0.000363248201961323
1,0.235671058405569,0.000361435932128839
1,0.235799433287394,0.000359632702464367
1,0.235927808169218,0.000357838470253439
1,0.236056183051043,0.000356053189739665
1,0.236184557932867,0.00035427681599764
1,0.236312932814692,0.000352509303964853
1,0.236441307696517,0.000350750610384202
1,0.236569682578341,0.000349000691865694
1,0.236698057460166,0.000347259502941819
1,0.23682643234199,0.000345527001899323
1,0.236954807223815,0.000343803143002807
1,0.23708318210564,0.000342087886223138
1,0.237211556987464,0.000340381185560192
1,0.237339931869289,0.000338683000726439
1,0.237468306751114,0.000336993287407985
1,0.237596681632938,0.000335312005062067
1,0.237725056514763,0.000333639110091873
1,0.237853431396587,0.000331974561700988
1,0.237981806278412,0.000330318317013371
1,0.238110181160237,0.000328670335958655
1,0.238238556042061,0.000327030577365486
1,0.238366930923886,0.000325398998958888
1,0.23849530580571,0.000323775561276416
1,0.238623680687535,0.00032216022277494
1,0.23875205556936,0.00032055294276763
1,0.238880430451184,0.000318953682407871
1,0.239008805333009,0.000317362399785504
1,0.239137180214834,0.000315779056795253
1,0.239265555096658,0.000314203613250103
1,0.239393929978483,0.000312636029826196
1,0.239522304860307,0.000311076267081548
1,0.239650679742132,0.000309524286440493
1,0.239779054623957,0.000307980048226381
1,0.239907429505781,0.000306443514615433
1,0.240035804387606,0.000304914646683937
1,0.24016417926943,0.00030339340637872
1,0.240292554151255,0.000301879755532702
1,0.24042092903308,0.000300373656852508
1,0.240549303914904,0.000298875071944827
1,0.240677678796729,0.000297383963291107
1,0.240806053678553,0.000295900294250189
1,0.240934428560378,0.000294424027081508
1,0.241062803442203,0.000292955125913194
1,0.241191178324027,0.000291493551793482
1,0.241319553205852,0.000290039270613196
1,0.241447928087677,0.000288592244192497
1,0.241576302969501,0.000287152438209164
1,0.241704677851326,0.000285719814266091
1,0.24183305273315,0.000284294338821419
1,0.241961427614975,0.000282875974256297
1,0.2420898024968,0.000281464686820036
1,0.242218177378624,0.00028006043967573
1,0.242346552260449,0.000278663198865445
1,0.242474927142274,0.000277272929333955
1,0.242603302024098,0.000275889594926102
1,0.242731676905923,0.000274513163369655
1,0.242860051787747,0.000273143598304848
1,0.242988426669572,0.000271780865262755
1,0.243116801551397,0.000270424931670562
1,0.243245176433221,0.000269075763859215
1,0.243373551315046,0.000267733326061047
1,0.24350192619687,0.000266397585405826
1,0.243630301078695,0.000265068509927075
1,0.24375867596052,0.000263746064559446
1,0.243887050842344,0.000262430217141873
1,0.244015425724169,0.000261120934415999
1,0.244143800605993,0.000259818184029335
1,0.244272175487818,0.00025852193353447
1,0.244400550369643,0.00025723214938512
1,0.244528925251467,0.000255948800951411
1,0.244657300133292,0.000254671854497743
1,0.244785675015117,0.000253401279208092
1,0.244914049896941,0.000252137042163605
1,0.245042424778766,0.000250879113370281
1,0.24517079966059,0.000249627460731288
1,0.245299174542415,0.000248382052056983
1,0.24542754942424,0.000247142856073083
1,0.245555924306064,0.000245909843432004
1,0.245684299187889,0.000244682982681223
1,0.245812674069713,0.000243462242277512
1,0.245941048951538,0.000242247591597226
1,0.246069423833363,0.000241039001949744
1,0.246197798715187,0.000239836441526059
1,0.246326173597012,0.000238639881462057
1,0.246454548478837,0.000237449290784463
1,0.246582923360661,0.00023626463944433
1,0.246711298242486,0.00023508589933312
1,0.24683967312431,0.000233913039218105
1,0.246968048006135,0.000232746030821473
1,0.24709642288796,0.000231584844768112
1,0.247224797769784,0.000230429451598541
1,0.247353172651609,0.000229279823801067
1,0.247481547533433,0.00022813593073401
1,0.247609922415258,0.000226997744720623
1,0.247738297297083,0.000225865236986334
1,0.247866672178907,0.0002247383796925
1,0.247995047060732,0.000223617144920323
1,0.248123421942557,0.0002225015036516
1,0.248251796824381,0.000221391427805638
1,0.248380171706206,0.000220286890241891
1,0.24850854658803,0.000219187863741767
1,0.248636921469855,0.000218094321008625
1,0.24876529635168,0.000217006233645897
1,0.248893671233504,0.000215923574199266
1,0.249022046115329,0.000214846316159312
1,0.249150420997153,0.000213774432940674
1,0.249278795878978,0.000212707897882057
1,0.249407170760803,0.000211646683221706
1,0.249535545642627,0.000210590763169916
1,0.249663920524452,0.000209540111863156
1,0.249792295406277,0.000208494701311859
1,0.249920670288101,0.000207454507554933
1,0.250049045169926,0.000206419502453049
1,0.25017742005175,0.000205389660871882
1,0.250305794933575,0.000204364957605393
1,0.2504341698154,0.000203345367375823
1,0.250562544697224,0.000202330862775158
1,0.250690919579049,0.000201321420438628
1,0.250819294460873,0.000200317013842996
1,0.250947669342698,0.000199317618452896
1,0.251076044224523,0.000198323208631976
1,0.251204419106347,0.000197333760735975
1,0.251332793988172,0.000196349248988267
1,0.251461168869997,0.000195369648573469
1,0.251589543751821,0.000194394936673557
1,0.251717918633646,0.000193425086269069
1,0.25184629351547,0.000192460075439413
1,0.251974668397295,0.000191499879095514
1,0.25210304327912,0.000190544473114285
1,0.252231418160944,0.000189593833305137
1,0.252359793042769,0.000188647936446631
1,0.252488167924593,0.000187706759251941
1,0.252616542806418,0.000186770276293436
1,0.252744917688243,0.000185838467265041
1,0.252873292570067,0.00018491130556906
1,0.253001667451892,0.000183988770771798
1,0.253130042333717,0.000183070838221244
1,0.253258417215541,0.000182157485278569
1,0.253386792097366,0.000181248688200793
1,0.25351516697919,0.000180344426303735
1,0.253643541861015,0.000179444675718382
1,0.25377191674284,0.000178549413552781
1,0.253900291624664,0.000177658617894674
1,0.254028666506489,0.000176772266770636
1,0.254157041388313,0.000175890338146066
1,0.254285416270138,0.000175012808880632
1,0.254413791151963,0.000174139657860899
1,0.254542166033787,0.000173270862868751
1,0.254670540915612,0.000172406402671044
1,0.254798915797437,0.000171546255975573
1,0.254927290679261,0.000170690399336676
1,0.255055665561086,0.000169838813436306
1,0.25518404044291,0.000168991475756818
1,0.255312415324735,0.000168148365816955
1,0.25544079020656,0.000167309462029199
1,0.255569165088384,0.000166474742746971
1,0.255697539970209,0.000165644189415711
1,0.255825914852033,0.000164817779224572
1,0.255954289733858,0.000163995491404368
1,0.256082664615683,0.000163177307232844
1,0.256211039497507,0.000162363203725133
1,0.256339414379332,0.00016155316310018
1,0.256467789261157,0.000160747162258684
1,0.256596164142981,0.000159945184364484
1,0.256724539024806,0.000159147206205427
1,0.25685291390663,0.000158353209783722
1,0.256981288788455,0.000157563174939686
1,0.25710966367028,0.000156777081458792
1,0.257238038552104,0.000155994910128358
1,0.257366413433929,0.000155216640625751
1,0.257494788315753,0.00015444225363124
1,0.257623163197578,0.000153671730830629
1,0.257751538079403,0.000152905051741502
1,0.257879912961227,0.000152142197945249
1,0.258008287843052,0.000151383149912784
1,0.258136662724877,0.000150627889122666
1,0.258265037606701,0.000149876395941923
1,0.258393412488526,0.000149128652807716
1,0.25852178737035,0.000148384638922806
1,0.258650162252175,0.000147644337685069
1,0.258778537134,0.000146907730319941
1,0.258906912015824,0.000146174796938687
1,0.259035286897649,0.000145445520792054
1,0.259163661779473,0.000144719882955187
1,0.259292036661298,0.000143997865517728
1,0.259420411543123,0.000143279450520809
1,0.259548786424947,0.000142564619957042
1,0.259677161306772,0.000141853354703817
1,0.259805536188597,0.000141145638789607
1,0.259933911070421,0.000140441452995298
1,0.260062285952246,0.000139740781256024
1,0.26019066083407,0.000139043604256167
1,0.260319035715895,0.000138349906906866
1,0.26044741059772,0.000137659669797582
1,0.260575785479544,0.000136972875607951
1,0.260704160361369,0.000136289508042132
1,0.260832535243193,0.000135609550759983
1,0.260960910125018,0.000134932985233107
1,0.261089285006843,0.000134259795029606
1,0.261217659888667,0.000133589963673286
1,0.261346034770492,0.000132923474643657
1,0.261474409652317,0.000132260310301842
1,0.261602784534141,0.000131600454037174
1,0.261731159415966,0.000130943890269838
1,0.26185953429779,0.000130290602302155
1,0.261987909179615,0.000129640573392154
1,0.26211628406144,0.00012899378783029
1,0.262244658943264,0.00012835022878758
1,0.262373033825089,0.000127709880468523
1,0.262501408706913,0.000127072727035434
1,0.262629783588738,0.000126438752608439
1,0.262758158470563,0.000125807941265476
1,0.262886533352387,0.000125180275962405
1,0.263014908234212,0.000124555742852047
1,0.263143283116037,0.000123934325887361
1,0.263271657997861,0.000123316008979118
1,0.263400032879686,0.000122700777077905
1,0.26352840776151,0.000122088614011699
1,0.263656782643335,0.000121479505732405
1,0.26378515752516,0.00012087343598679
1,0.263913532406984,0.000120270390647658
1,0.264041907288809,0.000119670353380566
1,0.264170282170633,0.00011907330889405
1,0.264298657052458,0.000118479244027952
1,0.264427031934283,0.000117888143413818
1,0.264555406816107,0.000117299991643112
1,0.264683781697932,0.000116714773267223
1,0.264812156579757,0.000116132474973065
1,0.264940531461581,0.000115553082323364
1,0.265068906343406,0.000114976579754019
1,0.26519728122523,0.000114402953839621
1,0.265325656107055,0.000113832190028989
1,0.26545403098888,0.000113264272642537
1,0.265582405870704,0.000112699189233497
1,0.265710780752529,0.000112136926229857
1,0.265839155634353,0.000111577466747687
1,0.265967530516178,0.000111020799323607
1,0.266095905398003,0.000110466909183372
1,0.266224280279827,0.000109915781514766
1,0.266352655161652,0.000109367404749998
1,0.266481030043477,0.000108821762911005
1,0.266609404925301,0.000108278843265199
1,0.266737779807126,0.000107738633046246
1,0.26686615468895,0.00010720111726158
1,0.266994529570775,0.0001066662830742
1,0.2671229044526,0.000106134117613357
1,0.267251279334424,0.00010560460797455
1,0.267379654216249,0.000105077739022834
1,0.267508029098073,0.00010455349888192
1,0.267636403979898,0.000104031874544476
1,0.267764778861723,0.000103512851869492
1,0.267893153743547,0.000102996418881011
1,0.268021528625372,0.000102482562470453
1,0.268149903507197,0.000101971270597
1,0.268278278389021,0.000101462528984113
1,0.268406653270846,0.000100956325524529
1,0.26853502815267,0.00010045264697625
1,0.268663403034495,9.99514822707724e-05
1,0.26879177791632,9.94528169976119e-05
1,0.268920152798144,9.89566400244569e-05
1,0.269048527679969,9.84629379790555e-05
1,0.269176902561793,9.79716996668694e-05
1,0.269305277443618,9.74829127575703e-05
1,0.269433652325443,9.6996563782403e-05
1,0.269562027207267,9.65126403461758e-05
1,0.269690402089092,9.60311322377391e-05
1,0.269818776970916,9.55520270017844e-05
1,0.269947151852741,9.50753110424671e-05
1,0.270075526734566,9.4600974058462e-05
1,0.27020390161639,9.41290023911708e-05
1,0.270332276498215,9.36593867901564e-05
1,0.27046065138004,9.3192113535649e-05
1,0.270589026261864,9.2727172208726e-05
1,0.270717401143689,9.2264549026864e-05
1,0.270845776025513,9.18042357367252e-05
1,0.270974150907338,9.13462173830819e-05
1,0.271102525789163,9.08904845430565e-05
1,0.271230900670987,9.04370266542894e-05
1,0.271359275552812,8.99858297829102e-05
1,0.271487650434637,8.95368844221938e-05
1,0.271616025316461,8.90901788086002e-05
1,0.271744400198286,8.86457011490585e-05
1,0.27187277508011,8.82034418545783e-05
1,0.272001149961935,8.77633890761904e-05
1,0.27212952484376,8.73255309353945e-05
1,0.272257899725584,8.68898577609348e-05
1,0.272386274607409,8.64563587373281e-05
1,0.272514649489233,8.60250219022267e-05
1,0.272643024371058,8.55958363837218e-05
1,0.272771399252883,8.51687935234771e-05
1,0.272899774134707,8.47438801558552e-05
1,0.273028149016532,8.43210875697859e-05
1,0.273156523898356,8.39004036647579e-05
1,0.273284898780181,8.34818185559422e-05
1,0.273413273662006,8.30653223331973e-05
1,0.27354164854383,8.26509039374082e-05
1,0.273670023425655,8.22385522820379e-05
1,0.27379839830748,8.18282585025597e-05
1,0.273926773189304,8.14200114607573e-05
1,0.274055148071129,8.10138011167632e-05
1,0.274183522952953,8.06096185316954e-05
1,0.274311897834778,8.02074513629932e-05
1,0.274440272716603,7.98072906206224e-05
1,0.274568647598427,7.94091261634659e-05
1,0.274697022480252,7.90129489535018e-05
1,0.274825397362077,7.86187476716354e-05
1,0.274953772243901,7.82265132302746e-05
1,0.275082147125726,7.78362365186241e-05
1,0.27521052200755,7.74479061416523e-05
1,0.275338896889375,7.70615129389936e-05
1,0.2754672717712,7.66770477270798e-05
1,0.275595646653024,7.62945001670407e-05
1,0.275724021534849,7.5913862159946e-05
1,0.275852396416673,7.55351221863112e-05
1,0.275980771298498,7.51582721002727e-05
1,0.276109146180323,7.47833026006649e-05
1,0.276237521062147,7.44102032283837e-05
1,0.276365895943972,7.40389657695383e-05
1,0.276494270825796,7.3669580853354e-05
1,0.276622645707621,7.33020379495357e-05
1,0.276751020589446,7.29363287761656e-05
1,0.27687939547127,7.25724450302319e-05
1,0.277007770353095,7.22103749739311e-05
1,0.27713614523492,7.18501125341717e-05
1,0.277264520116744,7.14916482041251e-05
1,0.277392894998569,7.11349713142779e-05
1,0.277521269880393,7.07800734498221e-05
1,0.277649644762218,7.04269473153923e-05
1,0.277778019644043,7.0075582173448e-05
1,0.277906394525867,6.97259706859093e-05
1,0.278034769407692,6.93781020693569e-05
1,0.278163144289516,6.90319700856418e-05
1,0.278291519171341,6.86875650502209e-05
1,0.278419894053166,6.83448783990486e-05
1,0.27854826893499,6.80039004027581e-05
1,0.278676643816815,6.76646247430442e-05
1,0.27880501869864,6.732704164888e-05
1,0.278933393580464,6.69911413260356e-05
1,0.279061768462289,6.66569185424259e-05
1,0.279190143344113,6.63243623168786e-05
1,0.279318518225938,6.59934650850842e-05
1,0.279446893107763,6.56642192637487e-05
1,0.279575267989587,6.53366161021475e-05
1,0.279703642871412,6.50106479774361e-05
1,0.279832017753236,6.46863049487835e-05
1,0.279960392635061,6.43635805022411e-05
1,0.280088767516886,6.40424658058734e-05
1,0.28021714239871,6.37229543088178e-05
1,0.280345517280535,6.34050359885055e-05
1,0.28047389216236,6.30887031034401e-05
1,0.280602267044184,6.27739490458059e-05
1,0.280730641926009,6.24607660377199e-05
1,0.280859016807833,6.2149145128595e-05
1,0.280987391689658,6.18390785009978e-05
1,0.281115766571483,6.15305594732847e-05
1,0.281244141453307,6.12235790363337e-05
1,0.281372516335132,6.09181304715875e-05
1,0.281500891216956,6.06142058872574e-05
1,0.281629266098781,6.03117973725702e-05
1,0.281757640980606,6.00108969977687e-05
1,0.28188601586243,5.9711499129988e-05
1,0.282014390744255,5.94135934877347e-05
1,0.28214276562608,5.9117175561278e-05
1,0.282271140507904,5.88222361901489e-05
1,0.282399515389729,5.85287673528327e-05
1,0.282527890271553,5.82367633299806e-05
1,0.282656265153378,5.79462160652733e-05
1,0.282784640035203,5.76571186450369e-05
1,0.282913014917027,5.73694629765657e-05
1,0.283041389798852,5.70832432735385e-05
1,0.283169764680676,5.6798450245233e-05
1,0.283298139562501,5.65150792347901e-05
1,0.283426514444326,5.62331220798948e-05
1,0.28355488932615,5.59525705992478e-05
1,0.283683264207975,5.56734200885293e-05
1,0.2838116390898,5.53956611673689e-05
1,0.283940013971624,5.51192879334304e-05
1,0.284068388853449,5.4844294469612e-05
1,0.284196763735273,5.45706725091849e-05
1,0.284325138617098,5.42984149343944e-05
1,0.284453513498923,5.4027516947581e-05
1,0.284581888380747,5.37579702313915e-05
1,0.284710263262572,5.3489767619028e-05
1,0.284838638144396,5.32229030968853e-05
1,0.284967013026221,5.29573706365925e-05
1,0.285095387908046,5.2693163023891e-05
1,0.28522376278987,5.24302730276476e-05
1,0.285352137671695,5.21686945720306e-05
1,0.28548051255352,5.19084215664428e-05
1,0.285608887435344,5.16494467322901e-05
1,0.285737262317169,5.13917639478622e-05
1,0.285865637198993,5.1135367076683e-05
1,0.285994012080818,5.08802487926979e-05
1,0.286122386962643,5.06264041036584e-05
1,0.286250761844467,5.03738256529238e-05
1,0.286379136726292,5.0122507243374e-05
1,0.286507511608116,4.98724426631233e-05
1,0.286635886489941,4.96236256855203e-05
1,0.286764261371766,4.93760500691482e-05
1,0.28689263625359,4.91297095578244e-05
1,0.287021011135415,4.88845978806011e-05
1,0.28714938601724,4.86407087517646e-05
1,0.287277760899064,4.83980370509226e-05
1,0.287406135780889,4.81565752837982e-05
1,0.287534510662713,4.79163194826644e-05
1,0.287662885544538,4.76772609425715e-05
1,0.287791260426363,4.74393968505667e-05
1,0.287919635308187,4.72027184716422e-05
1,0.288048010190012,4.69672206015582e-05
1,0.288176385071836,4.6732898023419e-05
1,0.288304759953661,4.64997443233669e-05
1,0.288433134835486,4.6267753072779e-05
1,0.28856150971731,4.60369201989869e-05
1,0.288689884599135,4.58072392470004e-05
1,0.28881825948096,4.55787037470637e-05
1,0.288946634362784,4.53513084015979e-05
1,0.289075009244609,4.51250479003675e-05
1,0.289203384126433,4.48999157324841e-05
1,0.289331759008258,4.46759065608182e-05
1,0.289460133890083,4.44530150355837e-05
1,0.289588508771907,4.42312369839176e-05
1,0.289716883653732,4.40105634619847e-05
1,0.289845258535556,4.37909914601336e-05
1,0.289973633417381,4.35725155779539e-05
1,0.290102008299206,4.33551292106901e-05
1,0.29023038318103,4.31388281232529e-05
1,0.290358758062855,4.2923604491777e-05
1,0.29048713294468,4.2709456441874e-05
1,0.290615507826504,4.24963761238387e-05
1,0.290743882708329,4.22843580597413e-05
1,0.290872257590153,4.20733991487004e-05
1,0.291000632471978,4.18634914998785e-05
1,0.291129007353803,4.1654631989191e-05
1,0.291257382235627,4.1446813894813e-05
1,0.291385757117452,4.12400328740773e-05
1,0.291514131999276,4.1034283376281e-05
1,0.291642506881101,4.08295610360812e-05
1,0.291770881762926,4.06258590805007e-05
1,0.29189925664475,4.04231743190102e-05
1,0.292027631526575,4.02214999538474e-05
1,0.2921560064084,4.0020832772862e-05
1,0.292284381290224,3.98211659535065e-05
1,0.292412756172049,3.96224950608293e-05
1,0.292541131053873,3.94248156493314e-05
1,0.292669505935698,3.92281220607323e-05
1,0.292797880817523,3.903241102962e-05
1,0.292926255699347,3.88376756722757e-05
1,0.293054630581172,3.86439114978492e-05
1,0.293183005462996,3.84511140049435e-05
1,0.293311380344821,3.82592786816151e-05
1,0.293439755226646,3.80684010053732e-05
1,0.29356813010847,3.78784752372539e-05
1,0.293696504990295,3.76894968320909e-05
1,0.29382487987212,3.75014612341712e-05
1,0.293953254753944,3.73143638772347e-05
1,0.294081629635769,3.71282001844748e-05
1,0.294210004517593,3.69429643599745e-05
1,0.294338379399418,3.67586542224327e-05
1,0.294466754281243,3.65752627457481e-05
1,0.294595129163067,3.63927853093447e-05
1,0.294723504044892,3.62112197034448e-05
1,0.294851878926716,3.60305588671427e-05
1,0.294980253808541,3.58508005716764e-05
1,0.295108628690366,3.56719377329372e-05
1,0.29523700357219,3.54939681031789e-05
1,0.295365378454015,3.53168870017084e-05
1,0.29549375333584,3.51406885234491e-05
1,0.295622128217664,3.49653691793963e-05
1,0.295750503099489,3.47909242572165e-05
1,0.295878877981313,3.46173502494479e-05
1,0.296007252863138,3.44446412082994e-05
1,0.296135627744963,3.42727948227437e-05
1,0.296264002626787,3.41018051244231e-05
1,0.296392377508612,3.39316697849083e-05
1,0.296520752390436,3.37623815972199e-05
1,0.296649127272261,3.35939394325267e-05
1,0.296777502154086,3.34263360622286e-05
1,0.29690587703591,3.32595703411468e-05
1,0.297034251917735,3.30936362392249e-05
1,0.29716262679956,3.29285289344422e-05
1,0.297291001681384,3.27642472578897e-05
1,0.297419376563209,3.26007839277055e-05
1,0.297547751445033,3.24381365363591e-05
1,0.297676126326858,3.22763002243883e-05
1,0.297804501208683,3.21152713451136e-05
1,0.297932876090507,3.19550462434174e-05
1,0.298061250972332,3.17956200313616e-05
1,0.298189625854156,3.16369890353718e-05
1,0.298318000735981,3.14791507988745e-05
1,0.298446375617806,3.13220991810715e-05
1,0.29857475049963,3.11658304814941e-05
1,0.298703125381455,3.10103422182563e-05
1,0.298831500263279,3.0855629448049e-05
1,0.298959875145104,3.07016884450911e-05
1,0.299088250026929,3.0548515475164e-05
1,0.299216624908753,3.03961067956118e-05
1,0.299344999790578,3.02444586553409e-05
1,0.299473374672403,3.00935672948204e-05
1,0.299601749554227,2.99434277153703e-05
1,0.299730124436052,2.97940386014807e-05
1,0.299858499317876,2.96453937063574e-05
1,0.299986874199701,2.94974904674315e-05
1,0.300115249081526,2.93503263158056e-05
1,0.30024362396335,2.92038949762093e-05
1,0.300371998845175,2.90581950962188e-05
1,0.300500373727,2.89132216159824e-05
1,0.300628748608824,2.87689719349623e-05
1,0.300757123490649,2.86254409753772e-05
1,0.300885498372473,2.84826261208692e-05
1,0.301013873254298,2.8340524748752e-05
1,0.301142248136123,2.81991317559321e-05
1,0.301270623017947,2.8058444503903e-05
1,0.301398997899772,2.79184591097359e-05
1,0.301527372781596,2.77791716820645e-05
1,0.301655747663421,2.76405795602339e-05
1,0.301784122545246,2.75026788375851e-05
1,0.30191249742707,2.7365466839225e-05
1,0.302040872308895,2.72289384024703e-05
1,0.302169247190719,2.70930908366079e-05
1,0.302297622072544,2.69579214445965e-05
1,0.302425996954369,2.68234262807535e-05
1,0.302554371836193,2.66896026337995e-05
1,0.302682746718018,2.65564465427591e-05
1,0.302811121599843,2.64239540382192e-05
1,0.302939496481667,2.62921236311746e-05
1,0.303067871363492,2.61609500935517e-05
1,0.303196246245316,2.60304319231615e-05
1,0.303324621127141,2.59005638755829e-05
1,0.303452996008966,2.57713444354433e-05
1,0.30358137089079,2.56427695890333e-05
1,0.303709745772615,2.55148353142058e-05
1,0.303838120654439,2.53875400766039e-05
1,0.303966495536264,2.52608798403699e-05
1,0.304094870418089,2.51348518103769e-05
1,0.304223245299913,2.5009451935474e-05
1,0.304351620181738,2.48846786565194e-05
1,0.304479995063563,2.47605266579009e-05
1,0.304608369945387,2.46369956185709e-05
1,0.304736744827212,2.45140789563465e-05
1,0.304865119709036,2.43917775903839e-05
1,0.304993494590861,2.42700849226798e-05
1,0.305121869472686,2.41489993561237e-05
1,0.30525024435451,2.40285192893865e-05
1,0.305378619236335,2.39086393535945e-05
1,0.305506994118159,2.37893566792656e-05
1,0.305635368999984,2.36706696460864e-05
1,0.305763743881809,2.35525753735007e-05
1,0.305892118763633,2.3435069718073e-05
1,0.306020493645458,2.33181510420876e-05
1,0.306148868527283,2.32018151883979e-05
1,0.306277243409107,2.30860592495534e-05
1,0.306405618290932,2.29708815704361e-05
1,0.306533993172756,2.28562779733333e-05
1,0.306662368054581,2.27422467915253e-05
1,0.306790742936406,2.26287838335886e-05
1,0.30691911781823,2.25158874212022e-05
1,0.307047492700055,2.24035546105288e-05
1,0.307175867581879,2.22917811895785e-05
1,0.307304242463704,2.21805667249801e-05
1,0.307432617345529,2.20699057297353e-05
1,0.307560992227353,2.19597977599262e-05
1,0.307689367109178,2.18502385777229e-05
1,0.307817741991003,2.17412264657812e-05
1,0.307946116872827,2.16327571725604e-05
1,0.308074491754652,2.1524830234631e-05
1,0.308202866636476,2.14174413883234e-05
1,0.308331241518301,2.13105888946725e-05
1,0.308459616400126,2.12042684762977e-05
1,0.30858799128195,2.10984783826323e-05
1,0.308716366163775,2.09932168588908e-05
1,0.3088447410456,2.08884808773888e-05
1,0.308973115927424,2.07842661349061e-05
1,0.309101490809249,2.06805721289898e-05
1,0.309229865691073,2.05773958145532e-05
1,0.309358240572898,2.04747328693919e-05
1,0.309486615454723,2.03725840481317e-05
1,0.309614990336547,2.0270943746177e-05
1,0.309743365218372,2.01698101655005e-05
1,0.309871740100196,2.00691815038557e-05
1,0.310000114982021,1.99690546813515e-05
1,0.310128489863846,1.9869427885722e-05
1,0.31025686474567,1.97702980260018e-05
1,0.310385239627495,1.96716632799058e-05
1,0.310513614509319,1.95735192698585e-05
1,0.310641989391144,1.94758654380363e-05
1,0.310770364272969,1.93786999479157e-05
1,0.310898739154793,1.92820171274014e-05
1,0.311027114036618,1.91858189597216e-05
1,0.311155488918443,1.90900984830071e-05
1,0.311283863800267,1.89948576736305e-05
1,0.311412238682092,1.89000908347116e-05
1,0.311540613563916,1.88057960980863e-05
1,0.311668988445741,1.87119728716538e-05
1,0.311797363327566,1.86186179995856e-05
1,0.31192573820939,1.8525728319725e-05
1,0.312054113091215,1.84333019454513e-05
1,0.312182487973039,1.83413369859247e-05
1,0.312310862854864,1.82498315460868e-05
1,0.312439237736689,1.81587811597691e-05
1,0.312567612618513,1.80681864882578e-05
1,0.312695987500338,1.79780430548375e-05
1,0.312824362382163,1.78883489444108e-05
1,0.312952737263987,1.77991022376616e-05
1,0.313081112145812,1.77103010110551e-05
1,0.313209487027636,1.76219433368378e-05
1,0.313337861909461,1.75340259959001e-05
1,0.313466236791286,1.74465483381335e-05
1,0.31359461167311,1.73595058467447e-05
1,0.313722986554935,1.72728978626602e-05
1,0.31385136143676,1.71867224354508e-05
1,0.313979736318584,1.71009763206947e-05
1,0.314108111200409,1.70156588482443e-05
1,0.314236486082233,1.69307667641856e-05
1,0.314364860964058,1.68462980996325e-05
1,0.314493235845883,1.676225088148e-05
1,0.314621610727707,1.66786231324044e-05
1,0.314749985609532,1.65954115779255e-05
1,0.314878360491356,1.65126155241653e-05
1,0.315006735373181,1.6430232981144e-05
1,0.315135110255006,1.6348261954663e-05
1,0.31526348513683,1.62666991512577e-05
1,0.315391860018655,1.61855438622845e-05
1,0.315520234900479,1.61047927847868e-05
1,0.315648609782304,1.60244452027384e-05
1,0.315776984664129,1.59444978036902e-05
1,0.315905359545953,1.58649498642333e-05
1,0.316033734427778,1.57857980624267e-05
1,0.316162109309603,1.57070416674785e-05
1,0.316290484191427,1.56286786472215e-05
1,0.316418859073252,1.55507056654764e-05
1,0.316547233955076,1.54731219803774e-05
1,0.316675608836901,1.53959255471009e-05
1,0.316803983718726,1.5319114316605e-05
1,0.31693235860055,1.52426862356286e-05
1,0.317060733482375,1.51666392466923e-05
1,0.3171891083642,1.50909725910552e-05
1,0.317317483246024,1.50156815974126e-05
1,0.317445858127849,1.49407681060831e-05
1,0.317574233009673,1.48662274367974e-05
1,0.317702607891498,1.4792058816049e-05
1,0.317830982773323,1.47182601626279e-05
1,0.317959357655147,1.46448293911055e-05
1,0.318087732536972,1.45717657184831e-05
1,0.318216107418796,1.44990657453004e-05
1,0.318344482300621,1.44267286811761e-05
1,0.318472857182446,1.43547537336194e-05
1,0.31860123206427,1.42831361817556e-05
1,0.318729606946095,1.42118765334147e-05
1,0.318857981827919,1.4140972676801e-05
1,0.318986356709744,1.40704224958998e-05
1,0.319114731591569,1.40002238704781e-05
1,0.319243106473393,1.39303759874787e-05
1,0.319371481355218,1.38608767198129e-05
1,0.319499856237043,1.37917239361734e-05
1,0.319628231118867,1.3722915501034e-05
1,0.319756606000692,1.36544519016582e-05
1,0.319884980882516,1.35863283691835e-05
1,0.320013355764341,1.35185453845453e-05
1,0.320141730646166,1.34511007985066e-05
1,0.32027010552799,1.3383991141998e-05
1,0.320398480409815,1.33172182041859e-05
1,0.320526855291639,1.32507771930046e-05
1,0.320655230173464,1.31846685767332e-05
1,0.320783605055289,1.31188888704824e-05
1,0.320911979937113,1.30534385377852e-05
1,0.321040354818938,1.2988314085842e-05
1,0.321168729700763,1.29235146541349e-05
1,0.321297104582587,1.28590380602044e-05
1,0.321425479464412,1.27948834377319e-05
1,0.321553854346236,1.27310485974025e-05
1,0.321682229228061,1.26675326670967e-05
1,0.321810604109886,1.26043334506442e-05
1,0.32193897899171,1.25414500701249e-05
1,0.322067353873535,1.24788789995165e-05
1,0.322195728755359,1.24166206770399e-05
1,0.322324103637184,1.23546742168648e-05
1,0.322452478519009,1.22930360818949e-05
1,0.322580853400833,1.22317053789171e-05
1,0.322709228282658,1.21706798869759e-05
1,0.322837603164483,1.2109960033218e-05
1,0.322965978046307,1.20495422647268e-05
1,0.323094352928132,1.19894256766878e-05
1,0.323222727809956,1.19296106899194e-05
1,0.323351102691781,1.18700924121611e-05
1,0.323479477573606,1.18108712579034e-05
1,0.32360785245543,1.17519463123122e-05
1,0.323736227337255,1.16933153285923e-05
1,0.323864602219079,1.16349760557297e-05
1,0.323992977100904,1.1576928900305e-05
1,0.324121351982729,1.15191702745967e-05
1,0.324249726864553,1.14617005804393e-05
1,0.324378101746378,1.14045175546898e-05
1,0.324506476628203,1.13476189299869e-05
1,0.324634851510027,1.12910051018365e-05
1,0.324763226391852,1.12346737976039e-05
1,0.324891601273676,1.11786227404354e-05
1,0.325019976155501,1.11228523195089e-05
1,0.325148351037326,1.10673602526975e-05
1,0.32527672591915,1.10121442536553e-05
1,0.325405100800975,1.0957203368525e-05
1,0.325533475682799,1.09025379785745e-05
1,0.325661850564624,1.0848144451786e-05
1,0.325790225446449,1.07940218263921e-05
1,0.325918600328273,1.07401691385159e-05
1,0.326046975210098,1.06865867615154e-05
1,0.326175350091923,1.0633269709263e-05
1,0.326303724973747,1.05802196891872e-05
1,0.326432099855572,1.05274343880476e-05
1,0.326560474737396,1.04749128298388e-05
1,0.326688849619221,1.0422652694465e-05
1,0.326817224501046,1.03706530001197e-05
1,0.32694559938287,1.03189127628873e-05
1,0.327073974264695,1.02674309967426e-05
1,0.327202349146519,1.02162067135512e-05
1,0.327330724028344,1.01652375784517e-05
1,0.327459098910169,1.01145212523642e-05
1,0.327587473791993,1.00640594290063e-05
1,0.327715848673818,1.00138497656064e-05
1,0.327844223555643,9.96388991517463e-06
1,0.327972598437467,9.91417887375612e-06
1,0.328100973319292,9.86471698306824e-06
1,0.328229348201116,9.81550053990198e-06
1,0.328357723082941,9.76653123006472e-06
1,0.328486097964766,9.71780534401937e-06
1,0.32861447284659,9.66932186568231e-06
1,0.328742847728415,9.62108112727874e-06
1,0.328871222610239,9.57308075914287e-06
1,0.328999597492064,9.52531973886301e-06
1,0.329127972373889,9.47779704191809e-06
1,0.329256347255713,9.43051164167769e-06
1,0.329384722137538,9.38346250940202e-06
1,0.329513097019363,9.33664861424192e-06
1,0.329641471901187,9.29006621501979e-06
1,0.329769846783012,9.24371833741433e-06
1,0.329898221664836,9.19759988033763e-06
1,0.330026596546661,9.15171251272217e-06
1,0.330154971428486,9.10605519317194e-06
1,0.33028334631031,9.06062416468909e-06
1,0.330411721192135,9.01541973576845e-06
1,0.330540096073959,8.9704408571039e-06
1,0.330668470955784,8.92568647727996e-06
1,0.330796845837609,8.88115554277178e-06
1,0.330925220719433,8.83684699794516e-06
1,0.331053595601258,8.79275978505652e-06
1,0.331181970483083,8.74889148381526e-06
1,0.331310345364907,8.70524375260703e-06
1,0.331438720246732,8.66181280595752e-06
1,0.331567095128556,8.61859757610365e-06
1,0.331695470010381,8.57559971826703e-06
1,0.331823844892206,8.53281543748118e-06
1,0.33195221977403,8.49024365965495e-06
1,0.332080594655855,8.44788603684587e-06
1,0.332208969537679,8.40573876459534e-06
1,0.332337344419504,8.36380212766781e-06
1,0.332465719301329,8.32207367940562e-06
1,0.332594094183153,8.28055506764756e-06
1,0.332722469064978,8.23924247527884e-06
1,0.332850843946803,8.19813618073581e-06
1,0.332979218828627,8.15723509463439e-06
1,0.333107593710452,8.11653812548116e-06
1,0.333235968592276,8.0760441796733e-06
1,0.333364343474101,8.03575216149864e-06
1,0.333492718355926,7.99566097313566e-06
1,0.33362109323775,7.95577088511056e-06
1,0.333749468119575,7.91607805499616e-06
1,0.333877843001399,7.87658412008443e-06
1,0.334006217883224,7.83728797569839e-06
1,0.334134592765049,7.7981871424852e-06
1,0.334262967646873,7.75928188306097e-06
1,0.334391342528698,7.72056971279943e-06
1,0.334519717410522,7.68205089115264e-06
1,0.334648092292347,7.64372567757265e-06
1,0.334776467174172,7.6055902059019e-06
1,0.334904842055996,7.56764473084638e-06
1,0.335033216937821,7.52988950711205e-06
1,0.335161591819646,7.49232203583445e-06
1,0.33528996670147,7.4549425685555e-06
1,0.335418341583295,7.41774997897722e-06
1,0.335546716465119,7.38074176032501e-06
1,0.335675091346944,7.34391953828932e-06
1,0.335803466228769,7.30727942298221e-06
1,0.335931841110593,7.27082303798478e-06
1,0.336060215992418,7.2345478675576e-06
1,0.336188590874243,7.19845415375048e-06
1,0.336316965756067,7.16254075708187e-06
1,0.336445340637892,7.1268065359609e-06
1,0.336573715519716,7.09125034668731e-06
1,0.336702090401541,7.05587242656481e-06
1,0.336830465283366,7.02067024561576e-06
1,0.33695884016519,6.98564265381182e-06
1,0.337087215047015,6.95079126840596e-06
1,0.337215589928839,6.91611355309246e-06
1,0.337343964810664,6.8816083530969e-06
1,0.337472339692489,6.84727589781285e-06
1,0.337600714574313,6.81311364302445e-06
1,0.337729089456138,6.77912320229332e-06
1,0.337857464337962,6.74530063985279e-06
1,0.337985839219787,6.71164895554184e-06
1,0.338114214101612,6.67816420884774e-06
1,0.338242588983436,6.64484523181254e-06
1,0.338370963865261,6.61169363430644e-06
1,0.338499338747086,6.57870824731678e-06
1,0.33862771362891,6.5458865086981e-06
1,0.338756088510735,6.51322863518779e-06
1,0.338884463392559,6.48073345144509e-06
1,0.339012838274384,6.44840117262537e-06
1,0.339141213156209,6.41622922761834e-06
1,0.339269588038033,6.38421782841534e-06
1,0.339397962919858,6.35236718700766e-06
1,0.339526337801683,6.32067472595693e-06
1,0.339654712683507,6.28914065409042e-06
1,0.339783087565332,6.25776378446586e-06
1,0.339911462447156,6.22654292803162e-06
1,0.340039837328981,6.19547829045092e-06
1,0.340168212210806,6.16456868003542e-06
1,0.34029658709263,6.13381290298741e-06
1,0.340424961974455,6.10321116180606e-06
1,0.340553336856279,6.07276226005696e-06
1,0.340681711738104,6.04246499919632e-06
1,0.340810086619929,6.01231817857101e-06
1,0.340938461501753,5.98232199593412e-06
1,0.341066836383578,5.95247664903872e-06
1,0.341195211265402,5.92277813092707e-06
1,0.341323586147227,5.89322943880143e-06
1,0.341451961029052,5.86382796358293e-06
1,0.341580335910876,5.83457249512628e-06
1,0.341708710792701,5.80546322485646e-06
1,0.341837085674526,5.77650034419848e-06
1,0.34196546055635,5.74767983037432e-06
1,0.342093835438175,5.71900468058624e-06
1,0.342222210319999,5.69047227309919e-06
1,0.342350585201824,5.66208279459208e-06
1,0.342478960083649,5.63383361805642e-06
1,0.342607334965473,5.60572633437813e-06
1,0.342735709847298,5.57775831285732e-06
1,0.342864084729122,5.54993114385258e-06
1,0.342992459610947,5.52224219297263e-06
1,0.343120834492772,5.4946916405683e-06
1,0.343249209374596,5.46727825698265e-06
1,0.343377584256421,5.44000081044938e-06
1,0.343505959138246,5.41286088921769e-06
1,0.34363433402007,5.38585584887684e-06
1,0.343762708901895,5.35898445291445e-06
1,0.343891083783719,5.33224828799769e-06
1,0.344019458665544,5.30564611655951e-06
1,0.344147833547369,5.27917528522436e-06
1,0.344276208429193,5.25283737907737e-06
1,0.344404583311018,5.22663115580543e-06
1,0.344532958192843,5.20055395570488e-06
1,0.344661333074667,5.17460877808733e-06
1,0.344789707956492,5.14879154480394e-06
1,0.344918082838316,5.12310383883046e-06
1,0.345046457720141,5.09754441047101e-06
1,0.345174832601966,5.07211342583817e-06
1,0.34530320748379,5.0468082141541e-06
1,0.345431582365615,5.02162893836737e-06
1,0.345559957247439,4.9965757614265e-06
1,0.345688332129264,4.97164742625281e-06
1,0.345816707011089,4.94684409421283e-06
1,0.345945081892913,4.92216308450922e-06
1,0.346073456774738,4.89760597695373e-06
1,0.346201831656562,4.87317150919424e-06
1,0.346330206538387,4.84885983943323e-06
1,0.346458581420212,4.82466827949058e-06
1,0.346586956302036,4.80059698440474e-06
1,0.346715331183861,4.77664610921411e-06
1,0.346843706065686,4.75281580895712e-06
1,0.34697208094751,4.72910338807089e-06
1,0.347100455829335,4.70551042425777e-06
1,0.347228830711159,4.68203421826351e-06
1,0.347357205592984,4.65867492038043e-06
1,0.347485580474809,4.6354326809009e-06
1,0.347613955356633,4.61230622217989e-06
1,0.347742330238458,4.58929426446303e-06
1,0.347870705120282,4.56639838387066e-06
1,0.347999080002107,4.54361587007434e-06
1,0.348127454883932,4.52094829866706e-06
1,0.348255829765756,4.49839295562897e-06
1,0.348384204647581,4.47594998492434e-06
1,0.348512579529406,4.45361953051742e-06
1,0.34864095441123,4.43139887206025e-06
1,0.348769329293055,4.40929101571991e-06
1,0.348897704174879,4.38729323903911e-06
1,0.349026079056704,4.36540424907991e-06
1,0.349154453938529,4.34362418506049e-06
1,0.349282828820353,4.32195462099183e-06
1,0.349411203702178,4.30039139171371e-06
1,0.349539578584002,4.27893606912771e-06
1,0.349667953465827,4.25758879087001e-06
1,0.349796328347652,4.23634682077242e-06
1,0.349924703229476,4.21521173073653e-06
1,0.350053078111301,4.19418221885963e-06
1,0.350181452993126,4.17325698112963e-06
1,0.35030982787495,4.1524361504366e-06
1,0.350438202756775,4.13171985967062e-06
1,0.350566577638599,4.11110536158932e-06
1,0.350694952520424,4.09059566710586e-06
1,0.350823327402249,4.0701865857476e-06
1,0.350951702284073,4.04988112895504e-06
1,0.351080077165898,4.02967510150947e-06
1,0.351208452047722,4.00957151537872e-06
1,0.351336826929547,3.98956761382828e-06
1,0.351465201811372,3.96966352342014e-06
1,0.351593576693196,3.94985792643131e-06
1,0.351721951575021,3.93015239265404e-06
1,0.351850326456846,3.91054415797105e-06
1,0.35197870133867,3.89103479164722e-06
1,0.352107076220495,3.8716215258739e-06
1,0.352235451102319,3.85230592938862e-06
1,0.352363825984144,3.83308667814033e-06
1,0.352492200865969,3.81396244596859e-06
1,0.352620575747793,3.79493480161095e-06
1,0.352748950629618,3.77600096882127e-06
1,0.352877325511442,3.75716251580977e-06
1,0.353005700393267,3.73841811272462e-06
1,0.353134075275092,3.71976642760463e-06
1,0.353262450156916,3.70120902866001e-06
1,0.353390825038741,3.68274313120715e-06
1,0.353519199920566,3.66437030292894e-06
1,0.35364757480239,3.64608775545036e-06
1,0.353775949684215,3.62789705592696e-06
1,0.353904324566039,3.60979686606944e-06
1,0.354032699447864,3.59178729978358e-06
1,0.354161074329689,3.57386847097516e-06
1,0.354289449211513,3.55603758283172e-06
1,0.354417824093338,3.53829620198144e-06
1,0.354546198975162,3.52064444074809e-06
1,0.354674573856987,3.50307949757311e-06
1,0.354802948738812,3.48560148161623e-06
1,0.354931323620636,3.46821196003296e-06
1,0.355059698502461,3.45090958504188e-06
1,0.355188073384285,3.43369154770165e-06
1,0.35531644826611,3.41656087316365e-06
1,0.355444823147935,3.39951621048238e-06
1,0.355573198029759,3.38255474597045e-06
1,0.355701572911584,3.36567950636124e-06
1,0.355829947793409,3.348887675858e-06
1,0.355958322675233,3.33217935887435e-06
1,0.356086697557058,3.31555612256583e-06
1,0.356215072438882,3.29901368312036e-06
1,0.356343447320707,3.28255506938069e-06
1,0.356471822202532,3.2661774571126e-06
1,0.356600197084356,3.24988241241694e-06
1,0.356728571966181,3.23366857274671e-06
1,0.356856946848006,3.21753603935147e-06
1,0.35698532172983,3.20148344704753e-06
1,0.357113696611655,3.18551089550243e-06
1,0.357242071493479,3.16961848438374e-06
1,0.357370446375304,3.15380484534368e-06
1,0.357498821257129,3.1380700764678e-06
1,0.357627196138953,3.12241427584162e-06
1,0.357755571020778,3.10683607195334e-06
1,0.357883945902602,3.09133556130645e-06
1,0.358012320784427,3.07591284040447e-06
1,0.358140695666252,3.0605680057509e-06
1,0.358269070548076,3.04529821043582e-06
1,0.358397445429901,3.03010502003276e-06
1,0.358525820311726,3.01498705670179e-06
1,0.35865419519355,2.99994588707112e-06
1,0.358782570075375,2.98497865843006e-06
1,0.358910944957199,2.97008546253605e-06
1,0.359039319839024,2.95526786601729e-06
1,0.359167694720849,2.94052448681513e-06
1,0.359296069602673,2.92585394076156e-06
1,0.359424444484498,2.91125631803199e-06
1,0.359552819366322,2.89673170880182e-06
1,0.359681194248147,2.88228020324647e-06
1,0.359809569129972,2.86790041350653e-06
1,0.359937944011796,2.85359242817539e-06
1,0.360066318893621,2.83935485675694e-06
1,0.360194693775446,2.82518926587937e-06
1,0.36032306865727,2.81109426399189e-06
1,0.360451443539095,2.79706993810586e-06
1,0.360579818420919,2.78311489403378e-06
1,0.360708193302744,2.76922921720498e-06
1,0.360836568184569,2.75541447530233e-06
1,0.360964943066393,2.74166630699455e-06
1,0.361093317948218,2.72798776116338e-06
1,0.361221692830042,2.71437892323814e-06
1,0.361350067711867,2.70083542555944e-06
1,0.361478442593692,2.68736180348131e-06
1,0.361606817475516,2.67395368618028e-06
1,0.361735192357341,2.66061412622949e-06
1,0.361863567239165,2.64734023453171e-06
1,0.36199194212099,2.63413209177018e-06
1,0.362120317002815,2.62098977862818e-06
1,0.362248691884639,2.60791337578895e-06
1,0.362377066766464,2.59490296393577e-06
1,0.362505441648289,2.58195564553392e-06
1,0.362633816530113,2.56907447737527e-06
1,0.362762191411938,2.5562580499794e-06
1,0.362890566293762,2.54350346106555e-06
1,0.363018941175587,2.53081376900758e-06
1,0.363147316057412,2.51818756116106e-06
1,0.363275690939236,2.50562491504518e-06
1,0.363404065821061,2.4931244153788e-06
1,0.363532440702885,2.48068613809908e-06
1,0.36366081558471,2.46830866528816e-06
1,0.363789190466535,2.455995060066e-06
1,0.363917565348359,2.44374091522259e-06
1,0.364045940230184,2.43154929440523e-06
1,0.364174315112009,2.41941877758668e-06
1,0.364302689993833,2.40734794263034e-06
1,0.364431064875658,2.39533686230935e-06
1,0.364559439757482,2.38338710694328e-06
1,0.364687814639307,2.37149575473973e-06
1,0.364816189521132,2.35966437549093e-06
1,0.364944564402956,2.34789154284155e-06
1,0.365072939284781,2.3361773279827e-06
1,0.365201314166606,2.32452330228865e-06
1,0.36532968904843,2.31292503640104e-06
1,0.365458063930255,2.30138560082261e-06
1,0.365586438812079,2.28990506674448e-06
1,0.365714813693904,2.27848050077271e-06
1,0.365843188575729,2.26711197093436e-06
1,0.365971563457553,2.25580104860371e-06
1,0.366099938339378,2.24454780338984e-06
1,0.366228313221202,2.23334929609805e-06
1,0.366356688103027,2.22220709810263e-06
1,0.366485062984852,2.21111977197405e-06
1,0.366613437866676,2.20008889014127e-06
1,0.366741812748501,2.18911150760885e-06
1,0.366870187630326,2.17819070331698e-06
1,0.36699856251215,2.16732353016086e-06
1,0.367126937393975,2.15651005300349e-06
1,0.367255312275799,2.14575184532852e-06
1,0.367383687157624,2.13504595528505e-06
1,0.367512062039449,2.12439395582937e-06
1,0.367640436921273,2.11379591182451e-06
1,0.367768811803098,2.10325037740349e-06
1,0.367897186684922,2.09275590458995e-06
1,0.368025561566747,2.08231557865222e-06
1,0.368153936448572,2.07192643982927e-06
1,0.368282311330396,2.06159006265944e-06
1,0.368410686212221,2.051304997057e-06
1,0.368539061094045,2.04106979082688e-06
1,0.36866743597587,2.03088753292879e-06
1,0.368795810857695,2.02075525674626e-06
1,0.368924185739519,2.01067302239625e-06
1,0.369052560621344,2.00064240599908e-06
1,0.369180935503169,1.99066043619224e-06
1,0.369309310384993,1.98072868856873e-06
1,0.369437685266818,1.97084722324548e-06
1,0.369566060148642,1.96101458222666e-06
1,0.369694435030467,1.95123082404719e-06
1,0.369822809912292,1.94149600724199e-06
1,0.369951184794116,1.93181019034596e-06
1,0.370079559675941,1.92217191167188e-06
1,0.370207934557765,1.91258122817265e-06
1,0.37033630943959,1.90303971807797e-06
1,0.370464684321415,1.8935459181186e-06
1,0.370593059203239,1.88409836291592e-06
1,0.370721434085064,1.87469863069964e-06
1,0.370849808966889,1.86534525503647e-06
1,0.370978183848713,1.8560398152108e-06
1,0.371106558730538,1.84677931929378e-06
1,0.371234933612362,1.83756534604247e-06
1,0.371363308494187,1.82839795082771e-06
1,0.371491683376012,1.8192756629975e-06
1,0.371620058257836,1.81019853634066e-06
1,0.371748433139661,1.80116815172362e-06
1,0.371876808021485,1.7921815093074e-06
1,0.37200518290331,1.78324018943107e-06
1,0.372133557785135,1.77434424588349e-06
1,0.372261932666959,1.76549220326654e-06
1,0.372390307548784,1.75668411378704e-06
1,0.372518682430609,1.74791849941019e-06
1,0.372647057312433,1.7391984722987e-06
1,0.372775432194258,1.73052102364879e-06
1,0.372903807076082,1.72188773590892e-06
1,0.373032181957907,1.7132971289349e-06
1,0.373160556839732,1.70474925335152e-06
1,0.373288931721556,1.69624415978358e-06
1,0.373417306603381,1.68778189885586e-06
1,0.373545681485206,1.6793609867328e-06
1,0.37367405636703,1.67098300744487e-06
1,0.373802431248855,1.6626464761018e-06
1,0.373930806130679,1.65435144174637e-06
1,0.374059181012504,1.64609795342135e-06
1,0.374187555894329,1.63788452307243e-06
1,0.374315930776153,1.62971427340918e-06
1,0.374444305657978,1.62158264060112e-06
1,0.374572680539802,1.61349274788517e-06
1,0.374701055421627,1.60544310509766e-06
1,0.374829430303452,1.59743375969932e-06
1,0.374957805185276,1.58946321888978e-06
1,0.375086180067101,1.58153306933622e-06
1,0.375214554948925,1.57364335849938e-06
1,0.37534292983075,1.56579259199685e-06
1,0.375471304712575,1.55798081570736e-06
1,0.375599679594399,1.55020807550962e-06
1,0.375728054476224,1.54247287385719e-06
1,0.375856429358049,1.53477834295176e-06
1,0.375984804239873,1.52711989681454e-06
1,0.376113179121698,1.51950221318176e-06
1,0.376241554003522,1.51192070291056e-06
1,0.376369928885347,1.5043769547775e-06
1,0.376498303767172,1.49687255966847e-06
1,0.376626678648996,1.48940446922908e-06
1,0.376755053530821,1.48197427381789e-06
1,0.376883428412645,1.47458046956036e-06
1,0.37701180329447,1.46722309917116e-06
1,0.377140178176295,1.45990375459086e-06
1,0.377268553058119,1.45261938060965e-06
1,0.377396927939944,1.44537156864076e-06
1,0.377525302821769,1.43816191220681e-06
1,0.377653677703593,1.43098580159862e-06
1,0.377782052585418,1.42384638009208e-06
1,0.377910427467242,1.41674369040185e-06
1,0.378038802349067,1.40967466940797e-06
1,0.378167177230892,1.40264246355037e-06
1,0.378295552112716,1.39564400759972e-06
1,0.378423926994541,1.38868089560598e-06
1,0.378552301876365,1.38175316870179e-06
1,0.37868067675819,1.37485931246577e-06
1,0.378809051640015,1.36799936644855e-06
1,0.378937426521839,1.36117492680943e-06
1,0.379065801403664,1.35438447754503e-06
1,0.379194176285489,1.34762650054256e-06
1,0.379322551167313,1.34090415015208e-06
1,0.379450926049138,1.33421279135202e-06
1,0.379579300930962,1.32755713826519e-06
1,0.379707675812787,1.32093411247872e-06
1,0.379836050694612,1.3143437519612e-06
1,0.379964425576436,1.30778609468123e-06
1,0.380092800458261,1.3012611786074e-06
1,0.380221175340085,1.2947690417083e-06
1,0.38034955022191,1.28830972195252e-06
1,0.380477925103735,1.28188169437186e-06
1,0.380606299985559,1.27548655881703e-06
1,0.380734674867384,1.26912278926513e-06
1,0.380863049749209,1.26279198662157e-06
1,0.380991424631033,1.25649105876259e-06
1,0.381119799512858,1.25022317163976e-06
1,0.381248174394682,1.24398523101996e-06
1,0.381376549276507,1.23777883833595e-06
1,0.381504924158332,1.23160402997428e-06
1,0.381633299040156,1.22545927463864e-06
1,0.381761673921981,1.21934460713358e-06
1,0.381890048803805,1.21326163100121e-06
1,0.38201842368563,1.20720881336319e-06
1,0.382146798567455,1.20118618902405e-06
1,0.382275173449279,1.19519379278836e-06
1,0.382403548331104,1.18923008861372e-06
1,0.382531923212929,1.18329668109692e-06
1,0.382660298094753,1.1773936050425e-06
1,0.382788672976578,1.17151932282606e-06
1,0.382917047858402,1.16567386767012e-06
1,0.383045422740227,1.15985884628082e-06
1,0.383173797622052,1.15407271945174e-06
1,0.383302172503876,1.14831394586708e-06
1,0.383430547385701,1.14258570729864e-06
1,0.383558922267525,1.13688488736498e-06
1,0.38368729714935,1.13121309382693e-06
1,0.383815672031175,1.12556878325932e-06
1,0.383944046912999,1.11995356447767e-06
1,0.384072421794824,1.11436589300214e-06
1,0.384200796676648,1.10880737870293e-06
1,0.384329171558473,1.10327489728845e-06
1,0.384457546440298,1.09777005810157e-06
1,0.384585921322122,1.09229289278277e-06
1,0.384714296203947,1.08684343297257e-06
1,0.384842671085772,1.08142171031145e-06
1,0.384971045967596,1.07602617504614e-06
1,0.385099420849421,1.07065843915621e-06
2,0,0
2,1.19739993157715e-06,0.0443037974683544
2,2.39479986315429e-06,0.0886075949367089
2,3.59219979473144e-06,0.132911392405063
2,4.78959972630859e-06,0.177215189873418
2,5.98699965788573e-06,0.221518987341772
2,7.18439958946288e-06,0.265822784810127
2,8.38179952104003e-06,0.310126582278481
2,9.57919945261718e-06,0.354430379746835
2,1.07765993841943e-05,0.39873417721519
2,1.19739993157715e-05,0.443037974683544
2,1.31713992473486e-05,0.487341772151899
2,1.43687991789258e-05,0.531645569620253
2,1.55661991105029e-05,0.575949367088608
2,1.67635990420801e-05,0.620253164556962
2,1.79609989736572e-05,0.664556962025316
2,1.91583989052344e-05,0.708860759493671
2,2.03557988368115e-05,0.753164556962025
2,2.15531987683886e-05,0.79746835443038
2,2.27505986999658e-05,0.841772151898734
2,2.39479986315429e-05,0.886075949367089
2,2.51453985631201e-05,0.930379746835443
2,2.63427984946972e-05,0.974683544303798
2,2.75401984262744e-05,1.01898734177215
2,2.87375983578515e-05,1.06329113924051
2,2.99349982894287e-05,1.10759493670886
2,3.11323982210058e-05,1.15189873417722
2,3.2329798152583e-05,1.19620253164557
2,3.35271980841601e-05,1.24050632911392
2,3.47245980157373e-05,1.28481012658228
2,3.59219979473144e-05,1.32911392405063
2,3.71193978788916e-05,1.37341772151899
2,3.83167978104687e-05,1.41772151898734
2,3.95141977420458e-05,1.4620253164557
2,4.0711597673623e-05,1.50632911392405
2,4.19089976052001e-05,1.5506329113924
2,4.31063975367773e-05,1.59493670886076
2,4.43037974683544e-05,1.63924050632911
2,4.55011973999316e-05,1.68354430379747
2,4.66985973315087e-05,1.72784810126582
2,4.78959972630859e-05,1.77215189873418
2,4.9093397194663e-05,1.81645569620253
2,5.02907971262402e-05,1.86075949367089
2,5.14881970578173e-05,1.90506329113924
2,5.26855969893945e-05,1.9493670886076
2,5.38829969209716e-05,1.99367088607595
2,5.50803968525488e-05,2.0379746835443
2,5.62777967841259e-05,2.08227848101266
2,5.7475196715703e-05,2.12658227848101
2,5.86725966472802e-05,2.17088607594937
2,5.98699965788573e-05,2.21518987341772
2,6.10673965104345e-05,2.25949367088608
2,6.22647964420116e-05,2.30379746835443
2,6.34621963735888e-05,2.34810126582278
2,6.46595963051659e-05,2.39240506329114
2,6.58569962367431e-05,2.43670886075949
2,6.70543961683202e-05,2.48101265822785
2,6.82517960998974e-05,2.5253164556962
2,6.94491960314745e-05,2.56962025316456
2,7.06465959630517e-05,2.61392405063291
2,7.18439958946288e-05,2.65822784810127
2,7.3041395826206e-05,2.70253164556962
2,7.42387957577831e-05,2.74683544303797
2,7.54361956893603e-05,2.79113924050633
2,7.66335956209374e-05,2.83544303797468
2,7.78309955525146e-05,2.87974683544304
2,7.90283954840917e-05,2.92405063291139
2,8.02257954156688e-05,2.96835443037975
2,8.1423195347246e-05,3.0126582278481
2,8.26205952788231e-05,3.05696202531646
2,8.38179952104003e-05,3.10126582278481
2,8.50153951419774e-05,3.14556962025316
2,8.62127950735546e-05,3.18987341772152
2,8.74101950051317e-05,3.23417721518987
2,8.86075949367089e-05,3.27848101265823
2,8.9804994868286e-05,3.32278481012658
2,9.10023947998632e-05,3.36708860759494
2,9.21997947314403e-05,3.41139240506329
2,9.33971946630174e-05,3.45569620253165
2,9.45945945945946e-05,3.5
2,9.88645431145431e-05,3.49883352775617
2,0.000162933703984554,3.4813776054489
2,0.000227002864854565,3.46400877194456
2,0.000291072025724577,3.44672659275109
2,0.000355141186594588,3.42953063554416
2,0.000419210347464599,3.4124204701563
2,0.00048327950833461,3.39539566856621
2,0.000547348669204621,3.378455804888
2,0.000611417830074632,3.36160045536055
2,0.000675486990944643,3.34482919833693
2,0.000739556151814655,3.32814161427381
2,0.000803625312684666,3.31153728572102
2,0.000867694473554677,3.29501579731107
2,0.000931763634424688,3.27857673574874
2,0.000995832795294699,3.26221968980081
2,0.00105990195616471,3.2459442502857
2,0.00112397111703472,3.22975001006328
2,0.00118804027790473,3.21363656402468
2,0.00125210943877474,3.1976035090821
2,0.00131617859964476,3.18165044415883
2,0.00138024776051477,3.16577697017913
2,0.00144431692138478,3.14998269005827
2,0.00150838608225479,3.13426720869264
2,0.0015724552431248,3.11863013294978
2,0.00163652440399481,3.10307107165863
2,0.00170059356486482,3.08758963559969
2,0.00176466272573483,3.07218543749532
2,0.00182873188660484,3.05685809200001
2,0.00189280104747486,3.04160721569081
2,0.00195687020834487,3.02643242705764
2,0.00202093936921488,3.01133334649384
2,0.00208500853008489,2.9963095962866
2,0.0021490776909549,2.98136080060758
2,0.00221314685182491,2.96648658550346
2,0.00227721601269492,2.95168657888659
2,0.00234128517356493,2.93696041052569
2,0.00240535433443494,2.92230771203662
2,0.00246942349530496,2.90772811687309
2,0.00253349265617497,2.89322126031756
2,0.00259756181704498,2.87878677947211
2,0.00266163097791499,2.86442431324928
2,0.002725700138785,2.85013350236317
2,0.00278976929965501,2.83591398932034
2,0.00285383846052502,2.82176541841093
2,0.00291790762139503,2.80768743569972
2,0.00298197678226505,2.79367968901732
2,0.00304604594313506,2.77974182795134
2,0.00311011510400507,2.76587350383758
2,0.00317418426487508,2.75207436975139
2,0.00323825342574509,2.73834408049896
2,0.0033023225866151,2.72468229260863
2,0.00336639174748511,2.71108866432238
2,0.00343046090835512,2.69756285558724
2,0.00349453006922513,2.68410452804676
2,0.00355859923009515,2.67071334503262
2,0.00362266839096516,2.65738897155613
2,0.00368673755183517,2.64413107429988
2,0.00375080671270518,2.63093932160943
2,0.00381487587357519,2.61781338348495
2,0.0038789450344452,2.60475293157303
2,0.00394301419531521,2.59175763915844
2,0.00400708335618522,2.57882718115592
2,0.00407115251705524,2.56596123410213
2,0.00413522167792525,2.55315947614748
2,0.00419929083879526,2.54042158704811
2,0.00426335999966527,2.52774724815789
2,0.00432742916053528,2.51513614242045
2,0.00439149832140529,2.50258795436119
2,0.0044555674822753,2.49010237007947
2,0.00451963664314531,2.47767907724075
2,0.00458370580401533,2.46531776506869
2,0.00464777496488534,2.45301812433746
2,0.00471184412575535,2.44077984736398
2,0.00477591328662536,2.42860262800023
2,0.00483998244749537,2.41648616162555
2,0.00490405160836538,2.40443014513912
2,0.00496812076923539,2.39243427695223
2,0.0050321899301054,2.38049825698088
2,0.00509625909097541,2.36862178663816
2,0.00516032825184543,2.3568045688269
2,0.00522439741271544,2.34504630793209
2,0.00528846657358545,2.3333467098136
2,0.00535253573445546,2.3217054817988
2,0.00541660489532547,2.31012233267519
2,0.00548067405619548,2.29859697268321
2,0.00554474321706549,2.28712911350882
2,0.0056088123779355,2.27571846827652
2,0.00567288153880551,2.26436475154197
2,0.00573695069967553,2.25306767928498
2,0.00580101986054554,2.24182696890234
2,0.00586508902141555,2.23064233920072
2,0.00592915818228556,2.21951351038977
2,0.00599322734315557,2.20844020407498
2,0.00605729650402558,2.19742214325078
2,0.00612136566489559,2.18645905229357
2,0.0061854348257656,2.17555065695492
2,0.00624950398663561,2.16469668435461
2,0.00631357314750563,2.15389686297382
2,0.00637764230837564,2.14315092264836
2,0.00644171146924565,2.13245859456194
2,0.00650578063011566,2.12181961123939
2,0.00656984979098567,2.11123370654002
2,0.00663391895185568,2.10070061565088
2,0.00669798811272569,2.0902200750802
2,0.0067620572735957,2.07979182265085
2,0.00682612643446572,2.06941559749367
2,0.00689019559533573,2.05909114004099
2,0.00695426475620574,2.04881819202018
2,0.00701833391707575,2.03859649644709
2,0.00708240307794576,2.02842579761973
2,0.00714647223881577,2.01830584111181
2,0.00721054139968578,2.00823637376639
2,0.00727461056055579,1.99821714368958
2,0.0073386797214258,1.98824790024414
2,0.00740274888229582,1.97832839404328
2,0.00746681804316583,1.96845837694452
2,0.00753088720403584,1.95863760204326
2,0.00759495636490585,1.9488658236668
2,0.00765902552577586,1.93914279736808
2,0.00772309468664587,1.92946827991962
2,0.00778716384751588,1.91984202930738
2,0.00785123300838589,1.91026380472482
2,0.00791530216925591,1.90073336656674
2,0.00797937133012592,1.89125047642339
2,0.00804344049099593,1.88181489707442
2,0.00810750965186594,1.87242639248296
2,0.00817157881273595,1.86308472778987
2,0.00823564797360596,1.85378966930762
2,0.00829971713447597,1.84454098451459
2,0.00836378629534598,1.83533844204927
2,0.00842785545621599,1.82618181170437
2,0.00849192461708601,1.81707086442116
2,0.00855599377795602,1.80800537228374
2,0.00862006293882603,1.79898510851313
2,0.00868413209969604,1.79000984746197
2,0.00874820126056605,1.78107936460858
2,0.00881227042143606,1.77219343655138
2,0.00887633958230607,1.76335184100349
2,0.00894040874317608,1.75455435678688
2,0.0090044779040461,1.74580076382711
2,0.00906854706491611,1.73709084314766
2,0.00913261622578612,1.72842437686453
2,0.00919668538665613,1.71980114818067
2,0.00926075454752614,1.71122094138077
2,0.00932482370839615,1.70268354182563
2,0.00938889286926616,1.69418873594699
2,0.00945296203013617,1.68573631124203
2,0.00951703119100618,1.67732605626816
2,0.0095811003518762,1.66895776063765
2,0.00964516951274621,1.66063121501245
2,0.00970923867361622,1.65234621109889
2,0.00977330783448623,1.64410254164254
2,0.00983737699535624,1.63590000042291
2,0.00990144615622625,1.62773838224836
2,0.00996551531709626,1.619617482951
2,0.0100295844779663,1.61153709938156
2,0.0100936536388363,1.60349702940425
2,0.0101577227997063,1.5954970718918
2,0.0102217919605763,1.58753702672031
2,0.0102858611214463,1.5796166947644
2,0.0103499302823163,1.57173587789203
2,0.0104139994431863,1.56389437895977
2,0.0104780686040564,1.55609200180769
2,0.0105421377649264,1.54832855125453
2,0.0106062069257964,1.54060383309274
2,0.0106702760866664,1.53291765408382
2,0.0107343452475364,1.52526982195323
2,0.0107984144084064,1.51766014538579
2,0.0108624835692764,1.51008843402066
2,0.0109265527301464,1.50255449844693
2,0.0109906218910164,1.49505815019852
2,0.0110546910518865,1.48759920174962
2,0.0111187602127565,1.48017746651013
2,0.0111828293736265,1.47279275882072
2,0.0112468985344965,1.46544489394838
2,0.0113109676953665,1.45813368808179
2,0.0113750368562365,1.45085895832664
2,0.0114391060171065,1.443620522701
2,0.0115031751779765,1.43641820013106
2,0.0115672443388465,1.42925181044625
2,0.0116313134997166,1.42212117437487
2,0.0116953826605866,1.41502611353974
2,0.0117594518214566,1.40796645045355
2,0.0118235209823266,1.40094200851444
2,0.0118875901431966,1.39395261200166
2,0.0119516593040666,1.38699808607123
2,0.0120157284649366,1.38007825675133
2,0.0120797976258066,1.37319295093818
2,0.0121438667866766,1.3663419963917
2,0.0122079359475467,1.35952522173095
2,0.0122720051084167,1.35274245643015
2,0.0123360742692867,1.34599353081424
2,0.0124001434301567,1.33927827605475
2,0.0124642125910267,1.33259652416537
2,0.0125282817518967,1.32594810799802
2,0.0125923509127667,1.31933286123849
2,0.0126564200736367,1.31275061840228
2,0.0127204892345067,1.30620121483054
2,0.0127845583953768,1.29968448668586
2,0.0128486275562468,1.29320027094835
2,0.0129126967171168,1.28674840541136
2,0.0129767658779868,1.28032872867748
2,0.0130408350388568,1.27394108015453
2,0.0131049041997268,1.2675853000516
2,0.0131689733605968,1.26126122937492
2,0.0132330425214668,1.25496870992392
2,0.0132971116823368,1.24870758428744
2,0.0133611808432069,1.24247769583952
2,0.0134252500040769,1.23627888873564
2,0.0134893191649469,1.23011100790888
2,0.0135533883258169,1.22397389906586
2,0.0136174574866869,1.2178674086831
2,0.0136815266475569,1.21179138400288
2,0.0137455958084269,1.20574567302978
2,0.0138096649692969,1.19973012452659
2,0.0138737341301669,1.19374458801072
2,0.013937803291037,1.18778891375022
2,0.014001872451907,1.18186295276023
2,0.014065941612777,1.17596655679928
2,0.014130010773647,1.1700995783653
2,0.014194079934517,1.16426187069222
2,0.014258149095387,1.15845328774625
2,0.014322218256257,1.15267368422207
2,0.014386287417127,1.1469229155394
2,0.014450356577997,1.1412008378391
2,0.0145144257388671,1.13550730798001
2,0.0145784948997371,1.12984218353492
2,0.0146425640606071,1.1242053227872
2,0.0147066332214771,1.11859658472745
2,0.0147707023823471,1.11301582904948
2,0.0148347715432171,1.10746291614736
2,0.0148988407040871,1.10193770711154
2,0.0149629098649571,1.0964400637255
2,0.0150269790258271,1.09096984846227
2,0.0150910481866972,1.08552692448112
2,0.0151551173475672,1.08011115562385
2,0.0152191865084372,1.07472240641183
2,0.0152832556693072,1.06936054204206
2,0.0153473248301772,1.06402542838424
2,0.0154113939910472,1.05871693197726
2,0.0154754631519172,1.05343492002572
2,0.0155395323127872,1.0481792603969
2,0.0156036014736572,1.04294982161728
2,0.0156676706345273,1.03774647286914
2,0.0157317397953973,1.03256908398758
2,0.0157958089562673,1.027417525457
2,0.0158598781171373,1.022291668408
2,0.0159239472780073,1.01719138461414
2,0.0159880164388773,1.01211654648859
2,0.0160520855997473,1.00706702708129
2,0.0161161547606173,1.00204270007529
2,0.0161802239214873,0.997043439783997
2,0.0162442930823574,0.992069121147922
2,0.0163083622432274,0.98711961973123
2,0.0163724314040974,0.982194811719304
2,0.0164365005649674,0.977294573914877
2,0.0165005697258374,0.972418783735643
2,0.0165646388867074,0.967567319210565
2,0.0166287080475774,0.962740058977356
2,0.0166927772084474,0.957936882279076
2,0.0167568463693174,0.953157668961354
2,0.0168209155301875,0.948402299469191
2,0.0168849846910575,0.943670654844153
2,0.0169490538519275,0.938962616721161
2,0.0170131230127975,0.934278067325834
2,0.0170771921736675,0.929616889471207
2,0.0171412613345375,0.924978966555066
2,0.0172053304954075,0.920364182556911
2,0.0172693996562775,0.915772422035076
2,0.0173334688171475,0.911203570123918
2,0.0173975379780176,0.906657512530682
2,0.0174616071388876,0.902134135533074
2,0.0175256762997576,0.897633325975923
2,0.0175897454606276,0.89315497126875
2,0.0176538146214976,0.888698959382756
2,0.0177178837823676,0.88426517884802
2,0.0177819529432376,0.879853518750869
2,0.0178460221041076,0.875463868730884
2,0.0179100912649776,0.871096118978235
2,0.0179741604258477,0.866750160231008
2,0.0180382295867177,0.862425883772337
2,0.0181022987475877,0.858123181427884
2,0.0181663679084577,0.853841945562706
2,0.0182304370693277,0.849582069079274
2,0.0182945062301977,0.845343445414003
2,0.0183585753910677,0.841125968535187
2,0.0184226445519377,0.836929532940056
2,0.0184867137128077,0.832754033652131
2,0.0185507828736778,0.828599366218826
2,0.0186148520345478,0.824465426708446
2,0.0186789211954178,0.820352111708026
2,0.0187429903562878,0.816259318320476
2,0.0188070595171578,0.812186944162016
2,0.0188711286780278,0.808134887359725
2,0.0189351978388978,0.804103046548822
2,0.0189992669997678,0.800091320870473
2,0.0190633361606378,0.796099609968836
2,0.0191274053215079,0.792127813988808
2,0.0191914744823779,0.788175833573345
2,0.0192555436432479,0.784243569861441
2,0.0193196128041179,0.78033092448497
2,0.0193836819649879,0.776437799566682
2,0.0194477511258579,0.772564097717695
2,0.0195118202867279,0.768709722035041
2,0.0195758894475979,0.764874576099015
2,0.0196399586084679,0.761058563971215
2,0.019704027769338,0.757261590191656
2,0.019768096930208,0.753483559776713
2,0.019832166091078,0.749724378216613
2,0.019896235251948,0.745983951473168
2,0.019960304412818,0.74226218597735
2,0.020024373573688,0.738558988626753
2,0.020088442734558,0.734874266783766
2,0.020152511895428,0.731207928272695
2,0.020216581056298,0.727559881377887
2,0.0202806502171681,0.723930034841167
2,0.0203447193780381,0.720318297859741
2,0.0204087885389081,0.716724580083774
2,0.0204728576997781,0.713148791614131
2,0.0205369268606481,0.709590843000326
2,0.0206009960215181,0.706050645238158
2,0.0206650651823881,0.702528109767235
2,0.0207291343432581,0.699023148469305
2,0.0207932035041281,0.695535673665484
2,0.0208572726649982,0.692065598114549
2,0.0209213418258682,0.688612835010403
2,0.0209854109867382,0.685177297980021
2,0.0210494801476082,0.681758901081342
2,0.0211135493084782,0.678357558801129
2,0.0211776184693482,0.67497318605253
2,0.0212416876302182,0.671605698173555
2,0.0213057567910882,0.668255010924379
2,0.0213698259519583,0.66492104048549
2,0.0214338951128283,0.661603703455591
2,0.0214979642736983,0.658302916849405
2,0.0215620334345683,0.655018598095736
2,0.0216261025954383,0.651750665035332
2,0.0216901717563083,0.648499035918834
2,0.0217542409171783,0.645263629404755
2,0.0218183100780483,0.642044364557454
2,0.0218823792389183,0.638841160844944
2,0.0219464483997883,0.635653938137205
2,0.0220105175606584,0.632482616703772
2,0.0220745867215284,0.629327117212175
2,0.0221386558823984,0.626187360725713
2,0.0222027250432684,0.623063268701325
2,0.0222667942041384,0.619954762988045
2,0.0223308633650084,0.616861765824612
2,0.0223949325258784,0.613784199837818
2,0.0224590016867484,0.610721988040428
2,0.0225230708476185,0.607675053829269
2,0.0225871400084885,0.604643320983582
2,0.0226512091693585,0.601626713662671
2,0.0227152783302285,0.598625156404067
2,0.0227793474910985,0.595638574122149
2,0.0228434166519685,0.592666892105749
2,0.0229074858128385,0.589710036016181
2,0.0229715549737085,0.586767931886071
2,0.0230356241345785,0.583840506116884
2,0.0230996932954486,0.58092768547712
2,0.0231637624563186,0.578029397100932
2,0.0232278316171886,0.575145568485775
2,0.0232919007780586,0.572276127490803
2,0.0233559699389286,0.569421002335384
2,0.0234200390997986,0.5665801215967
2,0.0234841082606686,0.563753414208352
2,0.0235481774215386,0.560940809458584
2,0.0236122465824086,0.55814223698831
2,0.0236763157432787,0.555357626789552
2,0.0237403849041487,0.552586909203448
2,0.0238044540650187,0.549830014918997
2,0.0238685232258887,0.547086874970629
2,0.0239325923867587,0.544357420737042
2,0.0239966615476287,0.54164158393939
2,0.0240607307084987,0.53893929663911
2,0.0241247998693687,0.536250491236994
2,0.0241888690302387,0.53357510047096
2,0.0242529381911087,0.530913057414307
2,0.0243170073519788,0.528264295474486
2,0.0243810765128488,0.525628748390994
2,0.0244451456737188,0.523006350234126
2,0.0245092148345888,0.520397035402977
2,0.0245732839954588,0.517800738623818
2,0.0246373531563288,0.515217394948679
2,0.0247014223171988,0.512646939753822
2,0.0247654914780688,0.51008930873754
2,0.0248295606389389,0.507544437919198
2,0.0248936297998089,0.505012263637211
2,0.0249576989606789,0.502492722547799
2,0.0250217681215489,0.499985751622998
2,0.0250858372824189,0.497491288149383
2,0.0251499064432889,0.49500926972648
2,0.0252139756041589,0.49253963426509
2,0.0252780447650289,0.490082319985746
2,0.0253421139258989,0.487637265417103
2,0.025406183086769,0.485204409394695
2,0.025470252247639,0.482783691059235
2,0.025534321408509,0.480375049854782
2,0.025598390569379,0.47797842552783
2,0.025662459730249,0.475593758125353
2,0.025726528891119,0.473220987993265
2,0.025790598051989,0.470860055775432
2,0.025854667212859,0.468510902411543
2,0.025918736373729,0.466173469136302
2,0.0259828055345991,0.463847697477063
2,0.0260468746954691,0.461533529253556
2,0.0261109438563391,0.459230906575117
2,0.0261750130172091,0.456939771840464
2,0.0262390821780791,0.454660067735303
2,0.0263031513389491,0.452391737231546
2,0.0263672204998191,0.450134723585449
2,0.0264312896606891,0.447888970336517
2,0.0264953588215591,0.44565442130567
2,0.0265594279824292,0.44343102059442
2,0.0266234971432992,0.441218712582989
2,0.0266875663041692,0.439017441929136
2,0.0267516354650392,0.436827153566709
2,0.0268157046259092,0.434647792704254
2,0.0268797737867792,0.432479304823925
2,0.0269438429476492,0.430321635679478
2,0.0270079121085192,0.428174731295456
2,0.0270719812693892,0.426038537965807
2,0.0271360504302593,0.42391300225239
2,0.0272001195911293,0.421798070983584
2,0.0272641887519993,0.419693691252911
2,0.0273282579128693,0.417599810418339
2,0.0273923270737393,0.41551637609994
2,0.0274563962346093,0.413443336179245
2,0.0275204653954793,0.411380638798087
2,0.0275845345563493,0.409328232356802
2,0.0276486037172193,0.407286065513052
2,0.0277126728780894,0.405254087180816
2,0.0277767420389594,0.403232246528984
2,0.0278408111998294,0.40122049297981
2,0.0279048803606994,0.399218776208223
2,0.0279689495215694,0.397227046139974
2,0.0280330186824394,0.395245252950671
2,0.0280970878433094,0.393273347064566
2,0.0281611570041794,0.391311279153211
2,0.0282252261650494,0.389359000134345
2,0.0282892953259195,0.38741646117042
2,0.0283533644867895,0.385483613667604
2,0.0284174336476595,0.383560409274673
2,0.0284815028085295,0.38164679988134
2,0.0285455719693995,0.379742737617528
2,0.0286096411302695,0.377848174851977
2,0.0286737102911395,0.375963064190996
2,0.0287377794520095,0.37408735847736
2,0.0288018486128795,0.372221010789263
2,0.0288659177737496,0.370363974438715
2,0.0289299869346196,0.368516202970939
2,0.0289940560954896,0.36667765016264
2,0.0290581252563596,0.364848270021404
2,0.0291221944172296,0.363028016784209
2,0.0291862635780996,0.361216844916243
2,0.0292503327389696,0.359414709109801
2,0.0293144018998396,0.357621564283495
2,0.0293784710607096,0.355837365580717
2,0.0294425402215797,0.354062068368539
2,0.0295066093824497,0.352295628236958
2,0.0295706785433197,0.350538000997264
2,0.0296347477041897,0.348789142681237
2,0.0296988168650597,0.347049009540335
2,0.0297628860259297,0.34531755804389
2,0.0298269551867997,0.343594744878636
2,0.0298910243476697,0.341880526947388
2,0.0299550935085397,0.34017486136783
2,0.0300191626694098,0.338477705471807
2,0.0300832318302798,0.336789016803882
2,0.0301473009911498,0.335108753120399
2,0.0302113701520198,0.333436872388557
2,0.0302754393128898,0.33177333278526
2,0.0303395084737598,0.330118092695982
2,0.0304035776346298,0.32847111071391
2,0.0304676467954998,0.326832345638867
2,0.0305317159563698,0.325201756476015
2,0.0305957851172399,0.323579302435214
2,0.0306598542781099,0.321964942929805
2,0.0307239234389799,0.320358637575418
2,0.0307879925998499,0.318760346189598
2,0.0308520617607199,0.317170028789952
2,0.0309161309215899,0.315587645593741
2,0.0309802000824599,0.314013157016642
2,0.0310442692433299,0.312446523671822
2,0.0311083384041999,0.310887706369066
2,0.03117240756507,0.30933666611372
2,0.03123647672594,0.307793364105316
2,0.03130054588681,0.306257761737284
2,0.03136461504768,0.304729820595589
2,0.03142868420855,0.303209502457826
2,0.03149275336942,0.301696769292394
2,0.03155682253029,0.30019158325736
2,0.03162089169116,0.298693906699406
2,0.03168496085203,0.297203702153388
2,0.0317490300129001,0.295720932340803
2,0.0318130991737701,0.294245560169269
2,0.0318771683346401,0.292777548731439
2,0.0319412374955101,0.291316861304281
2,0.0320053066563801,0.289863461347531
2,0.0320693758172501,0.2884173125037
2,0.0321334449781201,0.286978378596334
2,0.0321975141389901,0.285546623629845
2,0.0322615832998601,0.284122011787718
2,0.0323256524607302,0.282704507432558
2,0.0323897216216002,0.281294075104666
2,0.0324537907824702,0.279890679520983
2,0.0325178599433402,0.278494285574959
2,0.0325819291042102,0.277104858334951
2,0.0326459982650802,0.275722363043392
2,0.0327100674259502,0.274346765116371
2,0.0327741365868202,0.27297803014253
2,0.0328382057476902,0.271616123882087
2,0.0329022749085603,0.270261012266137
2,0.0329663440694303,0.26891266139553
2,0.0330304132303003,0.267571037540851
2,0.0330944823911703,0.266236107140225
2,0.0331585515520403,0.26490783679957
2,0.0332226207129103,0.2635861932915
2,0.0332866898737803,0.262271143554237
2,0.0333507590346503,0.260962654691078
2,0.0334148281955203,0.259660693969192
2,0.0334788973563904,0.258365228819384
2,0.0335429665172604,0.257076226834789
2,0.0336070356781304,0.255793655770121
2,0.0336711048390004,0.254517483541223
2,0.0337351739998704,0.253247678223667
2,0.0337992431607404,0.251984208052771
2,0.0338633123216104,0.250727041421681
2,0.0339273814824804,0.249476146881995
2,0.0339914506433504,0.248231493141487
2,0.0340555198042205,0.24699304906464
2,0.0341195889650905,0.245760783670849
2,0.0341836581259605,0.244534666134325
2,0.0342477272868305,0.243314665782771
2,0.0343117964477005,0.242100752097503
2,0.0343758656085705,0.240892894711356
2,0.0344399347694405,0.239691063409294
2,0.0345040039303105,0.238495228126679
2,0.0345680730911805,0.237305358948835
2,0.0346321422520506,0.236121426110662
2,0.0346962114129206,0.234943399995306
2,0.0347602805737906,0.233771251133575
2,0.0348243497346606,0.232604950203545
2,0.0348884188955306,0.231444468029363
2,0.0349524880564006,0.2302897755811
2,0.0350165572172706,0.229140843973213
2,0.0350806263781406,0.227997644464504
2,0.0351446955390107,0.226860148457263
2,0.0352087646998807,0.225728327496182
2,0.0352728338607507,0.224602153268039
2,0.0353369030216207,0.223481597601014
2,0.0354009721824907,0.222366632463768
2,0.0354650413433607,0.221257229964581
2,0.0355291105042307,0.220153362350989
2,0.0355931796651007,0.219055002009483
2,0.0356572488259707,0.217962121463373
2,0.0357213179868408,0.216874693374077
2,0.0357853871477108,0.215792690538525
2,0.0358494563085808,0.214716085890002
2,0.0359135254694508,0.21364485249641
2,0.0359775946303208,0.212578963560373
2,0.0360416637911908,0.211518392417783
2,0.0361057329520608,0.210463112538044
2,0.0361698021129308,0.209413097522467
2,0.0362338712738008,0.208368321104368
2,0.0362979404346708,0.207328757148195
2,0.0363620095955409,0.206294379648298
2,0.0364260787564109,0.205265162729245
2,0.0364901479172809,0.204241080644598
2,0.0365542170781509,0.203222107776197
2,0.0366182862390209,0.202208218633979
2,0.0366823553998909,0.201199387854685
2,0.0367464245607609,0.200195590201836
2,0.0368104937216309,0.199196800564904
2,0.0368745628825009,0.198202993958558
2,0.036938632043371,0.197214145521995
2,0.037002701204241,0.196230230518661
2,0.037066770365111,0.195251224335303
2,0.037130839525981,0.194277102481409
2,0.037194908686851,0.193307840588889
2,0.037258977847721,0.192343414410934
2,0.037323047008591,0.191383799821727
2,0.037387116169461,0.190428972816089
2,0.0374511853303311,0.189478909508308
2,0.0375152544912011,0.188533586132124
2,0.0375793236520711,0.18759297903959
2,0.0376433928129411,0.186657064700784
2,0.0377074619738111,0.185725819703479
2,0.0377715311346811,0.184799220751661
2,0.0378356002955511,0.183877244666159
2,0.0378996694564211,0.182959868383059
2,0.0379637386172911,0.182047068953601
2,0.0380278077781612,0.181138823543557
2,0.0380918769390312,0.180235109432723
2,0.0381559460999012,0.179335904014027
2,0.0382200152607712,0.17844118479322
2,0.0382840844216412,0.177550929388667
2,0.0383481535825112,0.176665115529677
2,0.0384122227433812,0.175783721057291
2,0.0384762919042512,0.174906723922815
2,0.0385403610651212,0.174034102187731
2,0.0386044302259912,0.173165834022753
2,0.0386684993868613,0.172301897707797
2,0.0387325685477313,0.171442271630622
2,0.0387966377086013,0.170586934287493
2,0.0388607068694713,0.169735864281574
2,0.0389247760303413,0.168889040322535
2,0.0389888451912113,0.168046441226918
2,0.0390529143520813,0.167208045916383
2,0.0391169835129513,0.166373833417976
2,0.0391810526738213,0.165543782863402
2,0.0392451218346914,0.164717873488409
2,0.0393091909955614,0.16389608463228
2,0.0393732601564314,0.163078395737621
2,0.0394373293173014,0.162264786349442
2,0.0395013984781714,0.161455236114689
2,0.0395654676390414,0.160649724782054
2,0.0396295367999114,0.159848232201097
2,0.0396936059607814,0.159050738322132
2,0.0397576751216515,0.158257223195104
2,0.0398217442825215,0.15746766696988
2,0.0398858134433915,0.156682049895371
2,0.0399498826042615,0.155900352318601
2,0.0400139517651315,0.155122554685216
2,0.0400780209260015,0.15434863753782
2,0.0401420900868715,0.153578581516738
2,0.0402061592477415,0.15281236735827
2,0.0402702284086115,0.152049975895211
2,0.0403342975694816,0.151291388055859
2,0.0403983667303516,0.150536584863628
2,0.0404624358912216,0.149785547436812
2,0.0405265050520916,0.14903825698746
2,0.0405905742129616,0.148294694822063
2,0.0406546433738316,0.147554842339528
2,0.0407187125347016,0.146818681032118
2,0.0407827816955716,0.146086192484531
2,0.0408468508564416,0.145357358372765
2,0.0409109200173117,0.144632160464797
2,0.0409749891781817,0.143910580619376
2,0.0410390583390517,0.143192600785635
2,0.0411031274999217,0.14247820300299
2,0.0411671966607917,0.141767369400176
2,0.0412312658216617,0.141060082195422
2,0.0412953349825317,0.14035632369525
2,0.0413594041434017,0.139656076295096
2,0.0414234733042717,0.138959322477361
2,0.0414875424651418,0.138266044812825
2,0.0415516116260118,0.137576225958459
2,0.0416156807868818,0.136889848657927
2,0.0416797499477518,0.136206895741212
2,0.0417438191086218,0.135527350123862
2,0.0418078882694918,0.134851194806384
2,0.0418719574303618,0.134178412874801
2,0.0419360265912318,0.133508987498613
2,0.0420000957521018,0.132842901931814
2,0.0420641649129719,0.132180139512166
2,0.0421282340738419,0.131520683659925
2,0.0421923032347119,0.130864517878431
2,0.0422563723955819,0.130211625753473
2,0.0423204415564519,0.129561990952444
2,0.0423845107173219,0.128915597224331
2,0.0424485798781919,0.128272428399173
2,0.0425126490390619,0.127632468387821
2,0.0425767181999319,0.126995701181164
2,0.042640787360802,0.126362110850013
2,0.042704856521672,0.125731681544975
2,0.042768925682542,0.125104397495233
2,0.042832994843412,0.124480243009067
2,0.042897064004282,0.123859202472586
2,0.042961133165152,0.123241260350374
2,0.043025202326022,0.122626401184168
2,0.043089271486892,0.122014609592757
2,0.043153340647762,0.121405870272015
2,0.043217409808632,0.120800167993692
2,0.0432814789695021,0.120197487605935
2,0.0433455481303721,0.1195978140322
2,0.0434096172912421,0.11900113227156
2,0.0434736864521121,0.11840742739738
2,0.0435377556129821,0.117816684557761
2,0.0436018247738521,0.117228888975065
2,0.0436658939347221,0.116644025945237
2,0.0437299630955921,0.116062080837465
2,0.0437940322564622,0.115483039093993
2,0.0438581014173322,0.11490688622992
2,0.0439221705782022,0.114333607832068
2,0.0439862397390722,0.113763189559995
2,0.0440503088999422,0.113195617144106
2,0.0441143780608122,0.112630876386077
2,0.0441784472216822,0.112068953158908
2,0.0442425163825522,0.111509833405323
2,0.0443065855434222,0.110953503139046
2,0.0443706547042923,0.110399948442794
2,0.0444347238651623,0.109849155469337
2,0.0444987930260323,0.109301110439991
2,0.0445628621869023,0.108755799645095
2,0.0446269313477723,0.108213209443555
2,0.0446910005086423,0.107673326262009
2,0.0447550696695123,0.107136136594878
2,0.0448191388303823,0.106601627004222
2,0.0448832079912523,0.106069784119027
2,0.0449472771521224,0.105540594634466
2,0.0450113463129924,0.105014045312985
2,0.0450754154738624,0.104490122982433
2,0.0451394846347324,0.103968814536551
2,0.0452035537956024,0.103450106934539
2,0.0452676229564724,0.102933987200595
2,0.0453316921173424,0.102420442423808
2,0.0453957612782124,0.101909459757296
2,0.0454598304390824,0.101401026418616
2,0.0455238995999525,0.100895129689056
2,0.0455879687608225,0.100391756913272
2,0.0456520379216925,0.0998908954989077
2,0.0457161070825625,0.0993925329169507
2,0.0457801762434325,0.0988966567001972
2,0.0458442454043025,0.0984032544443247
2,0.0459083145651725,0.0979123138063204
2,0.0459723837260425,0.0974238225049601
2,0.0460364528869125,0.0969377683207107
2,0.0461005220477826,0.0964541390942921
2,0.0461645912086526,0.0959729227274899
2,0.0462286603695226,0.0954941071824429
2,0.0462927295303926,0.0950176804811011
2,0.0463567986912626,0.094543630705619
2,0.0464208678521326,0.0940719459972137
2,0.0464849370130026,0.0936026145565288
2,0.0465490061738726,0.0931356246426494
2,0.0466130753347426,0.0926709645738216
2,0.0466771444956127,0.0922086227262459
2,0.0467412136564827,0.0917485875340033
2,0.0468052828173527,0.0912908474893504
2,0.0468693519782227,0.090835391141275
2,0.0469334211390927,0.0903822070963391
2,0.0469974902999627,0.0899312840179747
2,0.0470615594608327,0.0894826106259542
2,0.0471256286217027,0.08903617569662
2,0.0471896977825727,0.0885919680619411
2,0.0472537669434428,0.0881499766097164
2,0.0473178361043128,0.0877101902835725
2,0.0473819052651828,0.0872725980817842
2,0.0474459744260528,0.0868371890578279
2,0.0475100435869228,0.0864039523193669
2,0.0475741127477928,0.0859728770291733
2,0.0476381819086628,0.0855439524033055
2,0.0477022510695328,0.0851171677120054
2,0.0477663202304029,0.0846925122790211
2,0.0478303893912729,0.0842699754813083
2,0.0478944585521429,0.0838495467489144
2,0.0479585277130129,0.0834312155646559
2,0.0480225968738829,0.0830149714633873
2,0.0480866660347529,0.0826008040328356
2,0.0481507351956229,0.0821887029122551
2,0.0482148043564929,0.0817786577924487
2,0.0482788735173629,0.0813706584163739
2,0.0483429426782329,0.0809646945771635
2,0.048407011839103,0.0805607561196993
2,0.048471080999973,0.0801588329392029
2,0.048535150160843,0.0797589149810021
2,0.048599219321713,0.0793609922412842
2,0.048663288482583,0.0789650547656476
2,0.048727357643453,0.0785710926494341
2,0.048791426804323,0.0781790960374536
2,0.048855495965193,0.077789055123497
2,0.0489195651260631,0.0774009601508419
2,0.0489836342869331,0.07701480141074
2,0.0490477034478031,0.0766305692433034
2,0.0491117726086731,0.0762482540365721
2,0.0491758417695431,0.0758678462269811
2,0.0492399109304131,0.0754893362982036
2,0.0493039800912831,0.0751127147815974
2,0.0493680492521531,0.0747379722558357
2,0.0494321184130231,0.0743650993465264
2,0.0494961875738931,0.0739940867258207
2,0.0495602567347632,0.073624925112621
2,0.0496243258956332,0.0732576052723751
2,0.0496883950565032,0.0728921180160447
2,0.0497524642173732,0.0725284542011011
2,0.0498165333782432,0.0721666047298614
2,0.0498806025391132,0.071806560550877
2,0.0499446716999832,0.0714483126570434
2,0.0500087408608532,0.0710918520867688
2,0.0500728100217232,0.0707371699228812
2,0.0501368791825933,0.0703842572927571
2,0.0502009483434633,0.0700331053682354
2,0.0502650175043333,0.0696837053649059
2,0.0503290866652033,0.0693360485424177
2,0.0503931558260733,0.0689901262037487
2,0.0504572249869433,0.0686459296954977
2,0.0505212941478133,0.0683034504075506
2,0.0505853633086833,0.06796267977232
2,0.0506494324695533,0.0676236092654299
2,0.0507135016304234,0.0672862304047313
2,0.0507775707912934,0.0669505347503474
2,0.0508416399521634,0.0666165139049201
2,0.0509057091130334,0.0662841595125984
2,0.0509697782739034,0.0659534632592682
2,0.0510338474347734,0.0656244168723578
2,0.0510979165956434,0.0652970121206361
2,0.0511619857565134,0.0649712408140028
2,0.0512260549173834,0.064647094802639
2,0.0512901240782535,0.064324565978463
2,0.0513541932391235,0.064003646272583
2,0.0514182623999935,0.0636843276575823
2,0.0514823315608635,0.0633666021449512
2,0.0515464007217335,0.0630504617869407
2,0.0516104698826035,0.0627358986752439
2,0.0516745390434735,0.0624229049402982
2,0.0517386082043435,0.0621114727529146
2,0.0518026773652136,0.0618015943222956
2,0.0518667465260836,0.0614932618965891
2,0.0519308156869536,0.0611864677625881
2,0.0519948848478236,0.0608812042458489
2,0.0520589540086936,0.0605774637097356
2,0.0521230231695636,0.0602752385561652
2,0.0521870923304336,0.0599745212248517
2,0.0522511614913036,0.0596753041929681
2,0.0523152306521736,0.0593775799756613
2,0.0523792998130437,0.0590813411250577
2,0.0524433689739137,0.05878658023055
2,0.0525074381347837,0.0584932899184331
2,0.0525715072956537,0.0582014628519645
2,0.0526355764565237,0.0579110917309866
2,0.0526996456173937,0.0576221692915425
2,0.0527637147782637,0.0573346883061327
2,0.0528277839391337,0.0570486415833188
2,0.0528918531000037,0.0567640219673184
2,0.0529559222608738,0.0564808223382456
2,0.0530199914217438,0.0561990356114759
2,0.0530840605826138,0.0559186547385297
2,0.0531481297434838,0.0556396727048993
2,0.0532121989043538,0.0553620825320092
2,0.0532762680652238,0.0550858772756847
2,0.0533403372260938,0.0548110500263568
2,0.0534044063869638,0.0545375939092644
2,0.0534684755478338,0.0542655020837745
2,0.0535325447087039,0.0539947677431334
2,0.0535966138695739,0.053725384114651
2,0.0536606830304439,0.0534573444598823
2,0.0537247521913139,0.0531906420734822
2,0.0537888213521839,0.0529252702835933
2,0.0538528905130539,0.0526612224520116
2,0.0539169596739239,0.0523984919732416
2,0.0539810288347939,0.052137072275092
2,0.0540450979956639,0.0518769568177184
2,0.054109167156534,0.0516181390944319
2,0.054173236317404,0.0513606126307298
2,0.054237305478274,0.0511043709844289
2,0.054301374639144,0.050849407745127
2,0.054365443800014,0.0505957165352187
2,0.054429512960884,0.0503432910082323
2,0.054493582121754,0.0500921248498369
2,0.054557651282624,0.0498422117766112
2,0.054621720443494,0.0495935455370436
2,0.0546857896043641,0.0493461199102891
2,0.0547498587652341,0.0490999287073877
2,0.0548139279261041,0.0488549657693346
2,0.0548779970869741,0.0486112249682898
2,0.0549420662478441,0.0483687002069865
2,0.0550061354087141,0.0481273854183574
2,0.0550702045695841,0.0478872745660598
2,0.0551342737304541,0.0476483616431888
2,0.0551983428913241,0.0474106406734724
2,0.0552624120521941,0.0471741057102004
2,0.0553264812130642,0.0469387508362792
2,0.0553905503739342,0.0467045701638289
2,0.0554546195348042,0.0464715578351394
2,0.0555186886956742,0.0462397080211223
2,0.0555827578565442,0.046009014921575
2,0.0556468270174142,0.0457794727661279
2,0.0557108961782842,0.0455510758122215
2,0.0557749653391542,0.0453238183465011
2,0.0558390345000243,0.0450976946841544
2,0.0559031036608943,0.0448726991682411
2,0.0559671728217643,0.044648826170394
2,0.0560312419826343,0.0444260700906005
2,0.0560953111435043,0.0442044253562889
2,0.0561593803043743,0.0439838864227885
2,0.0562234494652443,0.043764447773098
2,0.0562875186261143,0.0435461039183415
2,0.0563515877869843,0.0433288493959106
2,0.0564156569478544,0.0431126787715302
2,0.0564797261087244,0.0428975866371585
2,0.0565437952695944,0.0426835676123551
2,0.0566078644304644,0.0424706163433287
2,0.0566719335913344,0.0422587275026743
2,0.0567360027522044,0.0420478957902713
2,0.0568000719130744,0.0418381159318508
2,0.0568641410739444,0.041629382679653
2,0.0569282102348144,0.0414216908121509
2,0.0569922793956845,0.0412150351335346
2,0.0570563485565545,0.0410094104745963
2,0.0571204177174245,0.0408048116912711
2,0.0571844868782945,0.0406012336652803
2,0.0572485560391645,0.0403986713040703
2,0.0573126252000345,0.0401971195407479
2,0.0573766943609045,0.039996573332835
2,0.0574407635217745,0.0397970276640789
2,0.0575048326826445,0.0395984775422563
2,0.0575689018435146,0.0394009180007443
2,0.0576329710043846,0.0392043440974945
2,0.0576970401652546,0.039008750914946
2,0.0577611093261246,0.0388141335604093
2,0.0578251784869946,0.0386204871652635
2,0.0578892476478646,0.0384278068853333
2,0.0579533168087346,0.038236087900791
2,0.0580173859696046,0.0380453254153395
2,0.0580814551304746,0.0378555146572971
2,0.0581455242913447,0.0376666508780587
2,0.0582095934522147,0.0374787293531749
2,0.0582736626130847,0.0372917453820001
2,0.0583377317739547,0.0371056942868559
2,0.0584018009348247,0.0369205714131464
2,0.0584658700956947,0.0367363721304331
2,0.0585299392565647,0.0365530918308691
2,0.0585940084174347,0.0363707259290649
2,0.0586580775783047,0.0361892698633974
2,0.0587221467391748,0.0360087190946713
2,0.0587862159000448,0.0358290691062184
2,0.0588502850609148,0.0356503154039951
2,0.0589143542217848,0.0354724535164371
2,0.0589784233826548,0.0352954789938254
2,0.0590424925435248,0.0351193874095871
2,0.0591065617043948,0.0349441743584453
2,0.0591706308652648,0.0347698354572295
2,0.0592347000261348,0.0345963663449583
2,0.0592987691870049,0.0344237626819465
2,0.0593628383478749,0.0342520201506113
2,0.0594269075087449,0.0340811344545729
2,0.0594909766696149,0.0339111013189688
2,0.0595550458304849,0.0337419164907684
2,0.0596191149913549,0.0335735757371286
2,0.0596831841522249,0.033406074847168
2,0.0597472533130949,0.0332394096308071
2,0.0598113224739649,0.0330735759185802
2,0.0598753916348349,0.032908569562183
2,0.059939460795705,0.0327443864340366
2,0.060003529956575,0.0325810224268468
2,0.060067599117445,0.0324184734541453
2,0.060131668278315,0.0322567354493513
2,0.060195737439185,0.0320958043665549
2,0.060259806600055,0.0319356761800671
2,0.060323875760925,0.0317763468842122
2,0.060387944921795,0.0316178124933655
2,0.0604520140826651,0.0314600690412436
2,0.0605160832435351,0.0313031125824273
2,0.0605801524044051,0.0311469391901578
2,0.0606442215652751,0.030991544957606
2,0.0607082907261451,0.0308369259976512
2,0.0607723598870151,0.0306830784424073
2,0.0608364290478851,0.0305299984432439
2,0.0609004982087551,0.0303776821708061
2,0.0609645673696251,0.0302261258147817
2,0.0610286365304952,0.0300753255839168
2,0.0610927056913652,0.029925277705778
2,0.0611567748522352,0.0297759784270143
2,0.0612208440131052,0.0296274240123618
2,0.0612849131739752,0.0294796107461576
2,0.0613489823348452,0.0293325349305855
2,0.0614130514957152,0.029186192886432
2,0.0614771206565852,0.029040580952835
2,0.0615411898174552,0.0288956954870299
2,0.0616052589783253,0.028751532865104
2,0.0616693281391953,0.0286080894802218
2,0.0617333973000653,0.0284653617443866
2,0.0617974664609353,0.0283233460871667
2,0.0618615356218053,0.0281820389559361
2,0.0619256047826753,0.0280414368156063
2,0.0619896739435453,0.0279015361491194
2,0.0620537431044153,0.0277623334566679
2,0.0621178122652853,0.0276238252561839
2,0.0621818814261554,0.0274860080828086
2,0.0622459505870254,0.0273488784886126
2,0.0623100197478954,0.0272124330433364
2,0.0623740889087654,0.0270766683341099
2,0.0624381580696354,0.0269415809641423
2,0.0625022272305054,0.0268071675547406
2,0.0625662963913754,0.0266734247427123
2,0.0626303655522454,0.0265403491831547
2,0.0626944347131154,0.0264079375465927
2,0.0627585038739855,0.026276186520739
2,0.0628225730348555,0.0261450928101995
2,0.0628866421957255,0.0260146531348828
2,0.0629507113565955,0.0258848642322784
2,0.0630147805174655,0.0257557228556058
2,0.0630788496783355,0.0256272257740236
2,0.0631429188392055,0.0254993697733574
2,0.0632069880000755,0.0253721516550137
2,0.0632710571609455,0.0252455682367046
2,0.0633351263218156,0.0251196163518756
2,0.0633991954826856,0.0249942928496488
2,0.0634632646435556,0.0248695945950261
2,0.0635273338044256,0.0247455184685693
2,0.0635914029652956,0.0246220613666002
2,0.0636554721261656,0.0244992202003553
2,0.0637195412870356,0.0243769918974885
2,0.0637836104479056,0.0242553733999149
2,0.0638476796087756,0.0241343616655736
2,0.0639117487696457,0.0240139536670501
2,0.0639758179305157,0.0238941463922913
2,0.0640398870913857,0.0237749368445344
2,0.0641039562522557,0.0236563220411814
2,0.0641680254131257,0.0235382990155645
2,0.0642320945739957,0.023420864814764
2,0.0642961637348657,0.0233040165013728
2,0.0643602328957357,0.023187751152363
2,0.0644243020566058,0.0230720658590026
2,0.0644883712174758,0.0229569577278308
2,0.0645524403783458,0.022842423878986
2,0.0646165095392158,0.0227284614471767
2,0.0646805787000858,0.0226150675821266
2,0.0647446478609558,0.0225022394468932
2,0.0648087170218258,0.0223899742188371
2,0.0648727861826958,0.0222782690900639
2,0.0649368553435658,0.0221671212657333
2,0.0650009245044359,0.0220565279655609
2,0.0650649936653059,0.0219464864229232
2,0.0651290628261759,0.0218369938852934
2,0.0651931319870459,0.0217280476133399
2,0.0652572011479159,0.0216196448818952
2,0.0653212703087859,0.0215117829793192
2,0.0653853394696559,0.0214044592071262
2,0.0654494086305259,0.0212976708806853
2,0.0655134777913959,0.0211914153285766
2,0.0655775469522659,0.0210856898927525
2,0.065641616113136,0.0209804919284278
2,0.065705685274006,0.0208758188039701
2,0.065769754434876,0.0207716679010566
2,0.065833823595746,0.0206680366142918
2,0.065897892756616,0.0205649223510921
2,0.065961961917486,0.0204623225321101
2,0.066026031078356,0.0203602345905772
2,0.066090100239226,0.020258655972997
2,0.0661541694000961,0.0201575841379409
2,0.0662182385609661,0.0200570165572836
2,0.0662823077218361,0.0199569507155388
2,0.0663463768827061,0.0198573841089178
2,0.0664104460435761,0.0197583142471097
2,0.0664745152044461,0.0196597386515211
2,0.0665385843653161,0.0195616548565122
2,0.0666026535261861,0.0194640604084487
2,0.0666667226870561,0.0193669528658452
2,0.0667307918479261,0.0192703297992321
2,0.0667948610087962,0.0191741887918458
2,0.0668589301696662,0.0190785274386735
2,0.0669229993305362,0.018983343346591
2,0.0669870684914062,0.0188886341345013
2,0.0670511376522762,0.0187943974331972
2,0.0671152068131462,0.0187006308854981
2,0.0671792759740162,0.0186073321452828
2,0.0672433451348862,0.0185144988792791
2,0.0673074142957562,0.0184221287644377
2,0.0673714834566263,0.0183302194908263
2,0.0674355526174963,0.0182387687587221
2,0.0674996217783663,0.0181477742809549
2,0.0675636909392363,0.0180572337805446
2,0.0676277601001063,0.0179671449930477
2,0.0676918292609763,0.0178775056650228
2,0.0677558984218463,0.0177883135533221
2,0.0678199675827163,0.0176995664277209
2,0.0678840367435864,0.0176112620674272
2,0.0679481059044564,0.0175233982637102
2,0.0680121750653264,0.0174359728183537
2,0.0680762442261964,0.0173489835448951
2,0.0681403133870664,0.0172624282667927
2,0.0682043825479364,0.0171763048189437
2,0.0682684517088064,0.0170906110469664
2,0.0683325208696764,0.0170053448073202
2,0.0683965900305464,0.0169205039665821
2,0.0684606591914164,0.0168360864026879
2,0.0685247283522865,0.0167520900039269
2,0.0685887975131565,0.0166685126690579
2,0.0686528666740265,0.0165853523074247
2,0.0687169358348965,0.0165026068382256
2,0.0687810049957665,0.0164202741920377
2,0.0688450741566365,0.0163383523092382
2,0.0689091433175065,0.0162568391401154
2,0.0689732124783765,0.0161757326461123
2,0.0690372816392466,0.0160950307979575
2,0.0691013508001166,0.016014731576623
2,0.0691654199609866,0.0159348329740032
2,0.0692294891218566,0.0158553329907529
2,0.0692935582827266,0.0157762296386674
2,0.0693576274435966,0.0156975209385159
2,0.0694216966044666,0.0156192049215705
2,0.0694857657653366,0.0155412796285734
2,0.0695498349262066,0.0154637431104121
2,0.0696139040870767,0.0153865934270827
2,0.0696779732479467,0.0153098286489356
2,0.0697420424088167,0.0152334468556362
2,0.0698061115696867,0.0151574461362666
2,0.0698701807305567,0.0150818245900006
2,0.0699342498914267,0.015006580324484
2,0.0699983190522967,0.0149317114582311
2,0.0700623882131667,0.0148572161175657
2,0.0701264573740367,0.0147830924395932
2,0.0701905265349068,0.0147093385694232
2,0.0702545956957768,0.0146359526625701
2,0.0703186648566468,0.0145629328833228
2,0.0703827340175168,0.01449027740455
2,0.0704468031783868,0.0144179844089514
2,0.0705108723392568,0.0143460520882873
2,0.0705749415001268,0.0142744786426038
2,0.0706390106609968,0.0142032622820646
2,0.0707030798218668,0.0141324012247262
2,0.0707671489827369,0.0140618936983699
2,0.0708312181436069,0.0139917379388527
2,0.0708952873044769,0.0139219321910688
2,0.0709593564653469,0.0138524747090417
2,0.0710234256262169,0.0137833637551412
2,0.0710874947870869,0.0137145976007553
2,0.0711515639479569,0.0136461745255048
2,0.0712156331088269,0.0135780928176218
2,0.0712797022696969,0.0135103507740387
2,0.071343771430567,0.0134429467001827
2,0.071407840591437,0.0133758789097698
2,0.071471909752307,0.0133091457254771
2,0.071535978913177,0.013242745477562
2,0.071600048074047,0.0131766765048257
2,0.071664117234917,0.0131109371549939
2,0.071728186395787,0.0130455257833296
2,0.071792255556657,0.0129804407535987
2,0.0718563247175271,0.0129156804375633
2,0.071920393878397,0.012851243215064
2,0.0719844630392671,0.0127871274743965
2,0.0720485322001371,0.012723331611507
2,0.0721126013610071,0.0126598540306635
2,0.0721766705218771,0.0125966931439446
2,0.0722407396827471,0.0125338473710214
2,0.0723048088436171,0.0124713151404232
2,0.0723688780044871,0.0124090948869452
2,0.0724329471653571,0.0123471850549923
2,0.0724970163262272,0.012285584095389
2,0.0725610854870972,0.0122242904669403
2,0.0726251546479672,0.0121633026371066
2,0.0726892238088372,0.0121026190793961
2,0.0727532929697072,0.0120422382764224
2,0.0728173621305772,0.0119821587172935
2,0.0728814312914472,0.0119223788991784
2,0.0729455004523172,0.0118628973267847
2,0.0730095696131872,0.0118037125121318
2,0.0730736387740573,0.0117448229743234
2,0.0731377079349273,0.0116862272408203
2,0.0732017770957973,0.0116279238454118
2,0.0732658462566673,0.0115699113294864
2,0.0733299154175373,0.0115121882421047
2,0.0733939845784073,0.0114547531394683
2,0.0734580537392773,0.0113976045843862
2,0.0735221229001473,0.0113407411472482
2,0.0735861920610173,0.0112841614057934
2,0.0736502612218874,0.0112278639445749
2,0.0737143303827574,0.0111718473553297
2,0.0737783995436274,0.0111161102364413
2,0.0738424687044974,0.0110606511942183
2,0.0739065378653674,0.0110054688408406
2,0.0739706070262374,0.0109505617962446
2,0.0740346761871074,0.0108959286866719
2,0.0740987453479774,0.010841568145037
2,0.0741628145088474,0.0107874788122105
2,0.0742268836697175,0.0107336593349546
2,0.0742909528305875,0.0106801083665933
2,0.0743550219914575,0.0106268245676875
2,0.0744190911523275,0.0105738066054882
2,0.0744831603131975,0.0105210531533888
2,0.0745472294740675,0.0104685628922099
2,0.0746112986349375,0.0104163345081197
2,0.0746753677958075,0.0103643666954519
2,0.0747394369566775,0.0103126581537032
2,0.0748035061175476,0.0102612075891256
2,0.0748675752784176,0.0102100137154029
2,0.0749316444392876,0.0101590752512529
2,0.0749957136001576,0.010108390922638
2,0.0750597827610276,0.0100579594615948
2,0.0751238519218976,0.0100077796066007
2,0.0751879210827676,0.00995785010232421
2,0.0752519902436376,0.00990816969999193
2,0.0753160594045076,0.00985873715651979
2,0.0753801285653777,0.00980955123549711
2,0.0754441977262477,0.00976061070631612
2,0.0755082668871177,0.00971191434484758
2,0.0755723360479877,0.00966346093287782
2,0.0756364052088577,0.00961524925847469
2,0.0757004743697277,0.00956727811511125
2,0.0757645435305977,0.00951954630327457
2,0.0758286126914677,0.00947205262896748
2,0.0758926818523377,0.00942479590376117
2,0.0759567510132078,0.00937777494547194
2,0.0760208201740778,0.0093309885779041
2,0.0760848893349478,0.009284435630904
2,0.0761489584958178,0.00923811494010113
2,0.0762130276566878,0.00919202534602156
2,0.0762770968175578,0.00914616569632996
2,0.0763411659784278,0.00910053484337872
2,0.0764052351392978,0.00905513164613852
2,0.0764693043001679,0.0090099549683688
2,0.0765333734610379,0.00896500368023713
2,0.0765974426219079,0.0089202766571145
2,0.0766615117827779,0.0088757727802539
2,0.0767255809436479,0.00883149093652642
2,0.0767896501045179,0.00878743001784037
2,0.0768537192653879,0.00874358892213581
2,0.0769177884262579,0.00869996655248794
2,0.0769818575871279,0.00865656181810314
2,0.0770459267479979,0.00861337363278789
2,0.077109995908868,0.00857040091657723
2,0.077174065069738,0.00852764259388401
2,0.077238134230608,0.00848509759544598
2,0.077302203391478,0.00844276485710694
2,0.077366272552348,0.00840064331986281
2,0.077430341713218,0.0083587319295896
2,0.077494410874088,0.00831702963836149
2,0.077558480034958,0.00827553540258926
2,0.077622549195828,0.00823424818433785
2,0.0776866183566981,0.00819316695105457
2,0.0777506875175681,0.00815229067497644
2,0.0778147566784381,0.00811161833317357
2,0.0778788258393081,0.00807114890855233
2,0.0779428950001781,0.00803088138894225
2,0.0780069641610481,0.00799081476649847
2,0.0780710333219181,0.00795094803934613
2,0.0781351024827881,0.00791128021002288
2,0.0781991716436582,0.00787181028616213
2,0.0782632408045282,0.00783253728053649
2,0.0783273099653982,0.00779346021077943
2,0.0783913791262682,0.00775457809910537
2,0.0784554482871382,0.00771588997299503
2,0.0785195174480082,0.0076773948645938
2,0.0785835866088782,0.00763909181075249
2,0.0786476557697482,0.00760097985371428
2,0.0787117249306182,0.00756305803986485
2,0.0787757940914882,0.00752532542074126
2,0.0788398632523583,0.00748778105210252
2,0.0789039324132283,0.00745042399461603
2,0.0789680015740983,0.00741325331454707
2,0.0790320707349683,0.0073762680812051
2,0.0790961398958383,0.00733946736990082
2,0.0791602090567083,0.0073028502600399
2,0.0792242782175783,0.00726641583515979
2,0.0792883473784483,0.00723016318426939
2,0.0793524165393183,0.00719409140058732
2,0.0794164857001884,0.00715819958125247
2,0.0794805548610584,0.0071224868286656
2,0.0795446240219284,0.00708695224987651
2,0.0796086931827984,0.0070515949549872
2,0.0796727623436684,0.00701641406045623
2,0.0797368315045384,0.00698140868586799
2,0.0798009006654084,0.00694657795527558
2,0.0798649698262784,0.00691192099756567
2,0.0799290389871484,0.00687743694616833
2,0.0799931081480185,0.00684312493777952
2,0.0800571773088885,0.00680898411436582
2,0.0801212464697585,0.00677501362221652
2,0.0801853156306285,0.00674121261099101
2,0.0802493847914985,0.00670758023506896
2,0.0803134539523685,0.00667411565391706
2,0.0803775231132385,0.00664081802948581
2,0.0804415922741085,0.00660768652921105
2,0.0805056614349785,0.00657472032439998
2,0.0805697305958486,0.00654191859026405
2,0.0806337997567186,0.00650928050628305
2,0.0806978689175886,0.00647680525590787
2,0.0807619380784586,0.00644449202692513
2,0.0808260072393286,0.00641234001082737
2,0.0808900764001986,0.00638034840317692
2,0.0809541455610686,0.00634851640397131
2,0.0810182147219386,0.00631684321701193
2,0.0810822838828087,0.00628532804960246
2,0.0811463530436787,0.00625397011324587
2,0.0812104222045487,0.00622276862434447
2,0.0812744913654187,0.00619172280156462
2,0.0813385605262887,0.00616083186853461
2,0.0814026296871587,0.00613009505220838
2,0.0814666988480287,0.00609951158456764
2,0.0815307680088987,0.00606908069964319
2,0.0815948371697687,0.00603880163655523
2,0.0816589063306388,0.00600867363753623
2,0.0817229754915088,0.00597869594963706
2,0.0817870446523788,0.00594886782240947
2,0.0818511138132488,0.00591918850961224
2,0.0819151829741188,0.00588965726890623
2,0.0819792521349888,0.00586027336154795
2,0.0820433212958588,0.00583103605275549
2,0.0821073904567288,0.00580194461106421
2,0.0821714596175988,0.00577299830835441
2,0.0822355287784688,0.00574419642055456
2,0.0822995979393389,0.0057155382276716
2,0.0823636671002089,0.00568702301246778
2,0.0824277362610789,0.00565865006150158
2,0.0824918054219489,0.00563041866515655
2,0.0825558745828189,0.00560232811733119
2,0.0826199437436889,0.00557437771512721
2,0.0826840129045589,0.00554656675955509
2,0.0827480820654289,0.00551889455454337
2,0.082812151226299,0.0054913604079841
2,0.082876220387169,0.00546396363142142
2,0.082940289548039,0.00543670353939773
2,0.083004358708909,0.00540957944947875
2,0.083068427869779,0.0053825906836434
2,0.083132497030649,0.00535573656660659
2,0.083196566191519,0.00532901642686823
2,0.083260635352389,0.00530242959537273
2,0.083324704513259,0.00527597540792741
2,0.0833887736741291,0.00524965320180854
2,0.0834528428349991,0.00522346231920792
2,0.0835169119958691,0.00519740210451989
2,0.0835809811567391,0.005171471906079
2,0.0836450503176091,0.0051456710755005
2,0.0837091194784791,0.00511999896667374
2,0.0837731886393491,0.0050944549381921
2,0.0838372578002191,0.00506903835028376
2,0.0839013269610891,0.00504374856758735
2,0.0839653961219591,0.00501858495745629
2,0.0840294652828292,0.00499354688998121
2,0.0840935344436992,0.00496863373939404
2,0.0841576036045692,0.00494384488236716
2,0.0842216727654392,0.00491917969838039
2,0.0842857419263092,0.00489463757112831
2,0.0843498110871792,0.00487021788577592
2,0.0844138802480492,0.00484592003209659
2,0.0844779494089192,0.00482174340207184
2,0.0845420185697893,0.00479768739095293
2,0.0846060877306593,0.00477375139693702
2,0.0846701568915293,0.00474993482153736
2,0.0847342260523993,0.00472623706821462
2,0.0847982952132693,0.00470265754483376
2,0.0848623643741393,0.00467919566125138
2,0.0849264335350093,0.00465585083072965
2,0.0849905026958793,0.00463262246926175
2,0.0850545718567493,0.00460950999524347
2,0.0851186410176193,0.00458651283159095
2,0.0851827101784894,0.00456363040191916
2,0.0852467793393594,0.00454086213440709
2,0.0853108485002294,0.00451820745937227
2,0.0853749176610994,0.00449566580999058
2,0.0854389868219694,0.00447323662266832
2,0.0855030559828394,0.00445091933601083
2,0.0855671251437094,0.00442871339154394
2,0.0856311943045794,0.00440661823443855
2,0.0856952634654495,0.00438463331142215
2,0.0857593326263195,0.00436275807290834
2,0.0858234017871895,0.0043409919712578
2,0.0858874709480595,0.00431933446220659
2,0.0859515401089295,0.00429778500418241
2,0.0860156092697995,0.00427634305761767
2,0.0860796784306695,0.00425500808638096
2,0.0861437475915395,0.00423377955709174
2,0.0862078167524095,0.00421265693807765
2,0.0862718859132796,0.0041916397015167
2,0.0863359550741496,0.00417072732133297
2,0.0864000242350196,0.00414991927463212
2,0.0864640933958896,0.00412921504030171
2,0.0865281625567596,0.00410861410115963
2,0.0865922317176296,0.00408811594148788
2,0.0866563008784996,0.00406772004847089
2,0.0867203700393696,0.00404742591185903
2,0.0867844392002396,0.00402723302434355
2,0.0868485083611097,0.00400714088050604
2,0.0869125775219797,0.00398714897754823
2,0.0869766466828497,0.00396725681566773
2,0.0870407158437197,0.00394746389736267
2,0.0871047850045897,0.003927769727091
2,0.0871688541654597,0.00390817381236048
2,0.0872329233263297,0.00388867566303176
2,0.0872969924871997,0.0038692747913355
2,0.0873610616480698,0.0038499707122483
2,0.0874251308089398,0.00383076294207468
2,0.0874891999698098,0.00381165100097589
2,0.0875532691306798,0.00379263441083444
2,0.0876173382915498,0.00377371269562844
2,0.0876814074524198,0.00375488538216774
2,0.0877454766132898,0.00373615199939154
2,0.0878095457741598,0.00371751207874481
2,0.0878736149350298,0.00369896515383445
2,0.0879376840958998,0.00368051076116758
2,0.0880017532567699,0.00366214843872393
2,0.0880658224176399,0.00364387772705431
2,0.0881298915785099,0.00362569816893568
2,0.0881939607393799,0.0036076093104738
2,0.0882580299002499,0.00358961069822258
2,0.0883220990611199,0.00357170188209581
2,0.0883861682219899,0.0035538824146607
2,0.0884502373828599,0.00353615184970166
2,0.0885143065437299,0.00351850974368656
2,0.0885783757045999,0.00350095565541997
2,0.08864244486547,0.00348348914569479
2,0.08870651402634,0.00346610977730678
2,0.08877058318721,0.00344881711616294
2,0.08883465234808,0.00343161072911047
2,0.08889872150895,0.00341449018613838
2,0.08896279066982,0.00339745505856865
2,0.08902685983069,0.00338050492053097
2,0.08909092899156,0.00336363934788187
2,0.0891549981524301,0.00334685791858416
2,0.0892190673133001,0.00333016021308787
2,0.0892831364741701,0.00331354581361254
2,0.0893472056350401,0.00329701430452741
2,0.0894112747959101,0.00328056527236587
2,0.0894753439567801,0.00326419830547239
2,0.0895394131176501,0.00324791299438352
2,0.0896034822785201,0.00323170893184234
2,0.0896675514393901,0.00321558571281293
2,0.0897316206002602,0.00319954293338907
2,0.0897956897611302,0.00318358019264904
2,0.0898597589220002,0.00316769709082716
2,0.0899238280828702,0.00315189323117121
2,0.0899878972437402,0.00313616821811127
2,0.0900519664046102,0.00312052165801015
2,0.0901160355654802,0.00310495315954663
2,0.0901801047263502,0.00308946233373001
2,0.0902441738872203,0.00307404879280244
2,0.0903082430480903,0.00305871215062041
2,0.0903723122089603,0.00304345202452276
2,0.0904363813698303,0.00302826803200567
2,0.0905004505307003,0.00301315979333149
2,0.0905645196915703,0.00299812693080056
2,0.0906285888524403,0.00298316906839202
2,0.0906926580133103,0.00296828583177569
2,0.0907567271741803,0.00295347684869672
2,0.0908207963350503,0.0029387417482426
2,0.0908848654959204,0.00292408016272035
2,0.0909489346567904,0.00290949172468487
2,0.0910130038176604,0.00289497606918865
2,0.0910770729785304,0.0028805328337963
2,0.0911411421394004,0.00286616165635261
2,0.0912052113002704,0.00285186217761179
2,0.0912692804611404,0.00283763404012844
2,0.0913333496220104,0.00282347688789427
2,0.0913974187828804,0.00280939036634856
2,0.0914614879437505,0.00279537412351588
2,0.0915255571046205,0.00278142780889261
2,0.0915896262654905,0.00276755107345747
2,0.0916536954263605,0.00275374356968207
2,0.0917177645872305,0.0027400049526717
2,0.0917818337481005,0.00272633487867171
2,0.0918459029089705,0.00271273300545402
2,0.0919099720698405,0.00269919899308272
2,0.0919740412307105,0.00268573250279384
2,0.0920381103915806,0.00267233319776068
2,0.0921021795524506,0.00265900074272729
2,0.0921662487133206,0.00264573480401906
2,0.0922303178741906,0.00263253505031093
2,0.0922943870350606,0.00261940115112404
2,0.0923584561959306,0.00260633277759243
2,0.0924225253568006,0.00259332960323286
2,0.0924865945176706,0.00258039130243832
2,0.0925506636785407,0.00256751755200659
2,0.0926147328394107,0.00255470802925126
2,0.0926788020002807,0.00254196241467321
2,0.0927428711611507,0.0025292803881667
2,0.0928069403220207,0.00251666163359682
2,0.0928710094828907,0.00250410583462143
2,0.0929350786437607,0.00249161267774923
2,0.0929991478046307,0.00247918184967999
2,0.0930632169655007,0.0024668130403682
2,0.0931272861263708,0.00245450593959586
2,0.0931913552872408,0.00244226023965612
2,0.0932554244481108,0.0024300756346003
2,0.0933194936089808,0.00241795181909839
2,0.0933835627698508,0.00240588849036365
2,0.0934476319307208,0.00239388534663031
2,0.0935117010915908,0.00238194208716145
2,0.0935757702524608,0.00237005841341009
2,0.0936398394133308,0.0023582340282617
2,0.0937039085742008,0.00234646863565852
2,0.0937679777350709,0.0023347619413778
2,0.0938320468959409,0.00232311365265688
2,0.0938961160568109,0.00231152347820242
2,0.0939601852176809,0.00229999112781363
2,0.0940242543785509,0.00228851631277639
2,0.0940883235394209,0.00227709874703196
2,0.0941523927002909,0.00226573814370932
2,0.0942164618611609,0.00225443421977072
2,0.0942805310220309,0.00224318669138139
2,0.094344600182901,0.00223199527817388
2,0.094408669343771,0.00222085969938574
2,0.094472738504641,0.00220977967657865
2,0.094536807665511,0.00219875493326196
2,0.094600876826381,0.00218778519296021
2,0.094664945987251,0.00217687018116135
2,0.094729015148121,0.00216600962532733
2,0.094793084308991,0.00215520325373644
2,0.094857153469861,0.0021444507958795
2,0.0949212226307311,0.0021337519824678
2,0.0949852917916011,0.00212310654622135
2,0.0950493609524711,0.00211251422109852
2,0.0951134301133411,0.00210197474152248
2,0.0951774992742111,0.0020914878443414
2,0.0952415684350811,0.00208105326688403
2,0.0953056375959511,0.00207067074853103
2,0.0953697067568211,0.00206034002876665
2,0.0954337759176912,0.00205006084992684
2,0.0954978450785612,0.00203983295485874
2,0.0955619142394312,0.00202965608731841
2,0.0956259834003012,0.00201952999276313
2,0.0956900525611712,0.00200945441796746
2,0.0957541217220412,0.00199942911103118
2,0.0958181908829112,0.00198945382099354
2,0.0958822600437812,0.00197952829823376
2,0.0959463292046512,0.00196965229487302
2,0.0960103983655212,0.00195982556320609
2,0.0960744675263913,0.00195004785807327
2,0.0961385366872613,0.00194031893450263
2,0.0962026058481313,0.00193063854929478
2,0.0962666750090013,0.00192100646024112
2,0.0963307441698713,0.00191142242613046
2,0.0963948133307413,0.00190188620754752
2,0.0964588824916113,0.00189239756569346
2,0.0965229516524813,0.0018829562635806
2,0.0965870208133514,0.00187356206445464
2,0.0966510899742214,0.00186421473378369
2,0.0967151591350914,0.00185491403767964
2,0.0967792282959614,0.00184565974330102
2,0.0968432974568314,0.00183645161925734
2,0.0969073666177014,0.00182728943521896
2,0.0969714357785714,0.00181817296192361
2,0.0970355049394414,0.00180910197158164
2,0.0970995741003114,0.00180007623668727
2,0.0971636432611814,0.00179109553201818
2,0.0972277124220515,0.00178215963264913
2,0.0972917815829215,0.00177326831475513
2,0.0973558507437915,0.00176442135681789
2,0.0974199199046615,0.00175561853683495
2,0.0974839890655315,0.00174685963432333
2,0.0975480582264015,0.00173814443112876
2,0.0976121273872715,0.00172947270822849
2,0.0976761965481415,0.00172084424934238
2,0.0977402657090116,0.00171225883853574
2,0.0978043348698815,0.00170371626062509
2,0.0978684040307516,0.00169521630279145
2,0.0979324731916216,0.00168675875137264
2,0.0979965423524916,0.00167834339548618
2,0.0980606115133616,0.00166997002422145
2,0.0981246806742316,0.00166163842825467
2,0.0981887498351016,0.00165334839905004
2,0.0982528189959716,0.00164509972967228
2,0.0983168881568417,0.0016368922135829
2,0.0983809573177117,0.00162872564504826
2,0.0984450264785817,0.00162059982035805
2,0.0985090956394517,0.00161251453581117
2,0.0985731648003217,0.00160446958933809
2,0.0986372339611917,0.00159646477969836
2,0.0987013031220617,0.00158849990648585
2,0.0987653722829317,0.00158057477053977
2,0.0988294414438017,0.00157268917395122
2,0.0988935106046717,0.00156484291885106
2,0.0989575797655418,0.00155703580944503
2,0.0990216489264118,0.0015492676499892
2,0.0990857180872818,0.00154153824682767
2,0.0991497872481518,0.00153384740595806
2,0.0992138564090218,0.00152619493507063
2,0.0992779255698918,0.00151858064314831
2,0.0993419947307618,0.00151100433924907
2,0.0994060638916318,0.00150346583414189
2,0.0994701330525019,0.0014959649394975
2,0.0995342022133719,0.00148850146666698
2,0.0995982713742419,0.00148107522995616
2,0.0996623405351119,0.00147368604336231
2,0.0997264096959819,0.00146633372180441
2,0.0997904788568519,0.00145901808153834
2,0.0998545480177219,0.0014517389397533
2,0.0999186171785919,0.00144449611375611
2,0.0999826863394619,0.0014372894226168
2,0.100046755500332,0.00143011868635442
2,0.100110824661202,0.0014229837255312
2,0.100174893822072,0.00141588436125639
2,0.100238962982942,0.00140882041642556
2,0.100303032143812,0.00140179171408037
2,0.100367101304682,0.00139479807823578
2,0.100431170465552,0.00138783933429787
2,0.100495239626422,0.00138091530783198
2,0.100559308787292,0.00137402582580456
2,0.100623377948162,0.00136717071617643
2,0.100687447109032,0.00136034980666718
2,0.100751516269902,0.00135356292765366
2,0.100815585430772,0.0013468099084532
2,0.100879654591642,0.00134009058105196
2,0.100943723752512,0.00133340477638346
2,0.101007792913382,0.00132675232764667
2,0.101071862074252,0.00132013306865446
2,0.101135931235122,0.00131354683342214
2,0.101200000395992,0.00130699345741716
2,0.101264069556862,0.00130047277673382
2,0.101328138717732,0.00129398462851338
2,0.101392207878602,0.00128752884969987
2,0.101456277039472,0.00128110527912523
2,0.101520346200342,0.00127471375626607
2,0.101584415361212,0.00126835412124768
2,0.101648484522082,0.00126202621484794
2,0.101712553682952,0.00125572987891911
2,0.101776622843822,0.00124946495597497
2,0.101840692004692,0.00124323128877648
2,0.101904761165562,0.00123702872200881
2,0.101968830326432,0.00123085710019487
2,0.102032899487302,0.00122471626895407
2,0.102096968648172,0.00121860607500753
2,0.102161037809042,0.00121252636492442
2,0.102225106969912,0.00120647698722283
2,0.102289176130782,0.00120045778985661
2,0.102353245291652,0.00119446862315848
2,0.102417314452522,0.00118850933648354
2,0.102481383613392,0.00118257978157576
2,0.102545452774262,0.00117667980920732
2,0.102609521935132,0.00117080927212773
2,0.102673591096002,0.00116496802380653
2,0.102737660256872,0.00115915591801511
2,0.102801729417742,0.00115337280882941
2,0.102865798578612,0.00114761855232275
2,0.102929867739482,0.0011418930040368
2,0.102993936900352,0.00113619602067393
2,0.103058006061222,0.00113052746010248
2,0.103122075222092,0.00112488718051476
2,0.103186144382963,0.00111927504085363
2,0.103250213543833,0.00111369090039222
2,0.103314282704703,0.00110813461916104
2,0.103378351865573,0.00110260605922588
2,0.103442421026443,0.0010971050812963
2,0.103506490187313,0.00109163154812451
2,0.103570559348183,0.00108618532281146
2,0.103634628509053,0.0010807662692352
2,0.103698697669923,0.00107537425162883
2,0.103762766830793,0.00107000913500937
2,0.103826835991663,0.00106467078560825
2,0.103890905152533,0.00105935906959622
2,0.103954974313403,0.00105407385393876
2,0.104019043474273,0.00104881500640002
2,0.104083112635143,0.00104358239597431
2,0.104147181796013,0.00103837589118013
2,0.104211250956883,0.00103319536220053
2,0.104275320117753,0.00102804067917631
2,0.104339389278623,0.00102291171306462
2,0.104403458439493,0.00101780833607169
2,0.104467527600363,0.00101273041994161
2,0.104531596761233,0.00100767783767392
2,0.104595665922103,0.00100265046352885
2,0.104659735082973,0.000997648170882965
2,0.104723804243843,0.000992670835239189
2,0.104787873404713,0.000987718331651966
2,0.104851942565583,0.000982790536880846
2,0.104916011726453,0.000977887326811196
2,0.104980080887323,0.000973008579471567
2,0.105044150048193,0.00096815417245257
2,0.105108219209063,0.000963323984202174
2,0.105172288369933,0.000958517894461686
2,0.105236357530803,0.000953735782109548
2,0.105300426691673,0.00094897752862047
2,0.105364495852543,0.000944243014179271
2,0.105428565013413,0.000939532120276736
2,0.105492634174283,0.000934844729714885
2,0.105556703335153,0.0009301807248778
2,0.105620772496023,0.000925539988599368
2,0.105684841656893,0.000920922405902454
2,0.105748910817763,0.000916327860097213
2,0.105812979978633,0.000911756237123752
2,0.105877049139503,0.000907207422516877
2,0.105941118300373,0.000902681301841275
2,0.106005187461243,0.000898177762434635
2,0.106069256622113,0.000893696691671372
2,0.106133325782983,0.000889237976963942
2,0.106197394943853,0.00088480150707288
2,0.106261464104723,0.000880387171239055
2,0.106325533265593,0.000875994858749538
2,0.106389602426463,0.000871624459812976
2,0.106453671587333,0.000867275865126245
2,0.106517740748203,0.000862948965877084
2,0.106581809909073,0.000858643654184547
2,0.106645879069943,0.000854359821350618
2,0.106709948230813,0.000850097361365664
2,0.106774017391683,0.000845856166970162
2,0.106838086552553,0.000841636131846432
2,0.106902155713423,0.000837437151061718
2,0.106966224874293,0.000833259119315857
2,0.107030294035163,0.000829101931820605
2,0.107094363196033,0.000824965485182115
2,0.107158432356903,0.000820849675205265
2,0.107222501517773,0.000816754399535044
2,0.107286570678643,0.000812679555459563
2,0.107350639839513,0.000808625040792012
2,0.107414709000383,0.000804590754755767
2,0.107478778161253,0.000800576595782142
2,0.107542847322123,0.000796582463717902
2,0.107606916482993,0.000792608258946468
2,0.107670985643863,0.000788653881505966
2,0.107735054804733,0.000784719232859448
2,0.107799123965603,0.000780804214128877
2,0.107863193126473,0.000776908727867465
2,0.107927262287343,0.000773032676734889
2,0.107991331448213,0.000769175963055006
2,0.108055400609083,0.00076533849103521
2,0.108119469769953,0.000761520164552337
2,0.108183538930823,0.000757720887597058
2,0.108247608091693,0.000753940566053851
2,0.108311677252563,0.000750179104148174
2,0.108375746413433,0.000746436408894402
2,0.108439815574303,0.000742712386095973
2,0.108503884735173,0.000739006942571334
2,0.108567953896043,0.000735319985711905
2,0.108632023056913,0.000731651423484717
2,0.108696092217783,0.000728001163988536
2,0.108760161378653,0.000724369115901944
2,0.108824230539523,0.000720755188485978
2,0.108888299700393,0.000717159291139461
2,0.108952368861263,0.000713581333847879
2,0.109016438022134,0.000710021227186011
2,0.109080507183004,0.000706478882320563
2,0.109144576343874,0.000702954210116102
2,0.109208645504744,0.000699447122929502
2,0.109272714665614,0.000695957532819709
2,0.109336783826484,0.000692485352895155
2,0.109400852987354,0.000689030495520104
2,0.109464922148224,0.00068559287456165
2,0.109528991309094,0.000682172404495134
2,0.109593060469964,0.000678768999056201
2,0.109657129630834,0.000675382573491749
2,0.109721198791704,0.00067201304321305
2,0.109785267952574,0.000668660323797057
2,0.109849337113444,0.000665324331438972
2,0.109913406274314,0.000662004982051859
2,0.109977475435184,0.000658702193525491
2,0.110041544596054,0.000655415883020738
2,0.110105613756924,0.000652145967872843
2,0.110169682917794,0.000648892366497851
2,0.110233752078664,0.000645654997490914
2,0.110297821239534,0.000642433780080695
2,0.110361890400404,0.00063922863367865
2,0.110425959561274,0.000636039477880342
2,0.110490028722144,0.000632866232920636
2,0.110554097883014,0.00062970881922219
2,0.110618167043884,0.000626567158759969
2,0.110682236204754,0.000623441171883873
2,0.110746305365624,0.000620330780499266
2,0.110810374526494,0.000617235907617059
2,0.110874443687364,0.000614156475080385
2,0.110938512848234,0.000611092405840552
2,0.111002582009104,0.000608043623505012
2,0.111066651169974,0.000605010051883747
2,0.111130720330844,0.00060199161499059
2,0.111194789491714,0.000598988237044535
2,0.111258858652584,0.000595999843385121
2,0.111322927813454,0.000593026359104494
2,0.111386996974324,0.000590067709504962
2,0.111451066135194,0.000587123821015961
2,0.111515135296064,0.000584194619365654
2,0.111579204456934,0.000581280032329711
2,0.111643273617804,0.000578379986068997
2,0.111707342778674,0.000575494408337742
2,0.111771411939544,0.000572623226652259
2,0.111835481100414,0.000569766370128542
2,0.111899550261284,0.000566923766269888
2,0.111963619422154,0.000564095344182433
2,0.112027688583024,0.000561281033660039
2,0.112091757743894,0.000558480763805566
2,0.112155826904764,0.000555694464872417
2,0.112219896065634,0.000552922066424576
2,0.112283965226504,0.000550163500102739
2,0.112348034387374,0.000547418696400361
2,0.112412103548244,0.000544687586969862
2,0.112476172709114,0.000541970102778451
2,0.112540241869984,0.000539266176418286
2,0.112604311030854,0.0005365757402615
2,0.112668380191724,0.000533898726923029
2,0.112732449352594,0.000531235069261922
2,0.112796518513464,0.000528584700382659
2,0.112860587674334,0.000525947555027304
2,0.112924656835204,0.000523323566333641
2,0.112988725996074,0.000520712669080195
2,0.113052795156944,0.000518114797369491
2,0.113116864317814,0.000515529886950054
2,0.113180933478684,0.000512957872432115
2,0.113245002639554,0.000510398690076119
2,0.113309071800424,0.000507852275936172
2,0.113373140961294,0.000505318565860046
2,0.113437210122164,0.000502797496421134
2,0.113501279283034,0.000500289004921087
2,0.113565348443904,0.000497793028925933
2,0.113629417604774,0.00049530950486709
2,0.113693486765644,0.000492838371307961
2,0.113757555926514,0.000490379566614034
2,0.113821625087384,0.000487933029420443
2,0.113885694248254,0.000485498697697634
2,0.113949763409124,0.000483076511090482
2,0.114013832569994,0.00048066640905016
2,0.114077901730864,0.000478268330834134
2,0.114141970891734,0.000475882217381669
2,0.114206040052604,0.00047350800803512
2,0.114270109213474,0.000471145643821798
2,0.114334178374344,0.000468795065580573
2,0.114398247535214,0.000466456214901732
2,0.114462316696084,0.000464129032248844
2,0.114526385856954,0.000461813460719762
2,0.114590455017824,0.000459509441347348
2,0.114654524178694,0.000457216916862049
2,0.114718593339565,0.000454935830283435
2,0.114782662500435,0.000452666123978496
2,0.114846731661305,0.000450407741075637
2,0.114910800822175,0.000448160625939349
2,0.114974869983045,0.000445924721340368
2,0.115038939143915,0.000443699972232216
2,0.115103008304785,0.000441486322448009
2,0.115167077465655,0.000439283716590179
2,0.115231146626525,0.000437092100033099
2,0.115295215787395,0.000434911417031271
2,0.115359284948265,0.000432741614033819
2,0.115423354109135,0.000430582636372097
2,0.115487423270005,0.000428434429680266
2,0.115551492430875,0.000426296940845939
2,0.115615561591745,0.000424170115639487
2,0.115679630752615,0.000422053901562556
2,0.115743699913485,0.000419948245476056
2,0.115807769074355,0.000417853095026003
2,0.115871838235225,0.00041576839674222
2,0.115935907396095,0.000413694099845665
2,0.115999976556965,0.000411630151014742
2,0.116064045717835,0.000409576500099971
2,0.116128114878705,0.000407533094408789
2,0.116192184039575,0.000405499883471947
2,0.116256253200445,0.000403476816662282
2,0.116320322361315,0.000401463843194722
2,0.116384391522185,0.000399460912126284
2,0.116448460683055,0.000397467973791124
2,0.116512529843925,0.000395484978847257
2,0.116576599004795,0.000393511876841246
2,0.116640668165665,0.000391548619080408
2,0.116704737326535,0.000389595155761657
2,0.116768806487405,0.000387651438846874
2,0.116832875648275,0.000385717418708662
2,0.116896944809145,0.000383793047967937
2,0.116961013970015,0.000381878278137322
2,0.117025083130885,0.000379973060579951
2,0.117089152291755,0.000378077348914378
2,0.117153221452625,0.000376191094689949
2,0.117217290613495,0.000374314251715119
2,0.117281359774365,0.000372446771728082
2,0.117345428935235,0.000370588609211855
2,0.117409498096105,0.000368739717061498
2,0.117473567256975,0.000366900048992965
2,0.117537636417845,0.000365069559545738
2,0.117601705578715,0.000363248202153112
2,0.117665774739585,0.000361435931556312
2,0.117729843900455,0.000359632702841214
2,0.117793913061325,0.000357838470471912
2,0.117857982222195,0.000356053189741814
2,0.117922051383065,0.000354276815807475
2,0.117986120543935,0.000352509304173259
2,0.118050189704805,0.000350750610692655
2,0.118114258865675,0.000349000691569597
2,0.118178328026545,0.000347259503359774
2,0.118242397187415,0.000345527001514793
2,0.118306466348285,0.000343803143295439
2,0.118370535509155,0.000342087885831958
2,0.118434604670025,0.000340381185637548
2,0.118498673830895,0.000338683000554127
2,0.118562742991765,0.000336993287321113
2,0.118626812152635,0.000335312004496574
2,0.118690881313505,0.00033363911002469
2,0.118754950474375,0.000331974561234432
2,0.118819019635245,0.000330318317278691
2,0.118883088796115,0.000328670336209432
2,0.118947157956985,0.000327030577418132
2,0.119011227117855,0.000325398999195343
2,0.119075296278725,0.000323775561173766
2,0.119139365439595,0.000322160222374576
2,0.119203434600465,0.000320552942675114
2,0.119267503761335,0.000318953682321585
2,0.119331572922205,0.000317362399969602
2,0.119395642083075,0.000315779057094346
2,0.119459711243945,0.000314203613581985
2,0.119523780404815,0.000312636030180641
2,0.119587849565685,0.000311076267520528
2,0.119651918726555,0.000309524286113955
2,0.119715987887425,0.000307980048322411
2,0.119780057048295,0.000306443514425548
2,0.119844126209165,0.000304914646554308
2,0.119908195370035,0.000303393406233372
2,0.119972264530905,0.000301879755858325
2,0.120036333691775,0.000300373656725931
2,0.120100402852645,0.000298875071991613
2,0.120164472013515,0.000297383963219409
2,0.120228541174385,0.000295900294329053
2,0.120292610335255,0.000294424027155282
2,0.120356679496125,0.000292955125397808
2,0.120420748656995,0.00029149355215324
2,0.120484817817866,0.000290039270408706
2,0.120548886978736,0.000288592244527428
2,0.120612956139606,0.000287152437775388
2,0.120677025300476,0.000285719814797296
2,0.120741094461346,0.000284294338644639
2,0.120805163622216,0.000282875974741702
2,0.120869232783086,0.000281464686920075
2,0.120933301943956,0.000280060439898567
2,0.120997371104826,0.000278663199285836
2,0.121061440265696,0.000277272929096527
2,0.121125509426566,0.000275889595230262
2,0.121189578587436,0.000274513162987773
2,0.121253647748306,0.000273143598065766
2,0.121317716909176,0.000271780865561532
2,0.121381786070046,0.000270424931966091
2,0.121445855230916,0.000269075763671505
2,0.121509924391786,0.000267733325972598
2,0.121573993552656,0.000266397585561343
2,0.121638062713526,0.000265068510031143
2,0.121702131874396,0.000263746064879881
2,0.121766201035266,0.000262430217506202
2,0.121830270196136,0.000261120934712499
2,0.121894339357006,0.000259818184706472
2,0.121958408517876,0.000258521933598192
2,0.122022477678746,0.000257232149906061
2,0.122086546839616,0.00025594880105282
2,0.122150616000486,0.000254671854366462
2,0.122214685161356,0.000253401279088382
2,0.122278754322226,0.000252137042360237
2,0.122342823483096,0.000250879113239191
2,0.122406892643966,0.000249627460189048
2,0.122470961804836,0.00024838205158202
2,0.122535030965706,0.000247142856202087
2,0.122599100126576,0.000245909843749921
2,0.122663169287446,0.00024468298232613
2,0.122727238448316,0.000243462241956302
2,0.122791307609186,0.000242247592074239
2,0.122855376770056,0.000241039002025317
2,0.122919445930926,0.000239836442076342
2,0.122983515091796,0.000238639881397408
2,0.123047584252666,0.000237449290586551
2,0.123111653413536,0.000236264639650815
2,0.123175722574406,0.000235085899016904
2,0.123239791735276,0.00023391303902625
2,0.123303860896146,0.000232746030948032
2,0.123367930057016,0.000231584844954718
2,0.123431999217886,0.000230429452147577
2,0.123496068378756,0.000229279823544711
2,0.123560137539626,0.00022813593058862
2,0.123624206700496,0.000226997744639691
2,0.123688275861366,0.000225865236976195
2,0.123752345022236,0.000224738379810996
2,0.123816414183106,0.000223617144768336
2,0.123880483343976,0.000222501503391392
2,0.123944552504846,0.000221391427651427
2,0.124008621665716,0.000220286890967909
2,0.124072690826586,0.000219187864135114
2,0.124136759987456,0.000218094320924796
2,0.124200829148326,0.00021700623299213
2,0.124264898309196,0.000215923573954119
2,0.124328967470066,0.000214846316330522
2,0.124393036630936,0.000213774433074184
2,0.124457105791806,0.000212707898083592
2,0.124521174952676,0.000211646683647958
2,0.124585244113546,0.000210590763513913
2,0.124649313274416,0.000209540111865381
2,0.124713382435286,0.000208494701787994
2,0.124777451596156,0.000207454507316713
2,0.124841520757026,0.000206419502412808
2,0.124905589917896,0.000205389660963858
2,0.124969659078766,0.000204364957810455
2,0.125033728239636,0.000203345366694374
2,0.125097797400506,0.000202330862825336
2,0.125161866561376,0.000201321420314242
2,0.125225935722246,0.000200317013713764
2,0.125290004883116,0.000199317618019651
2,0.125354074043986,0.000198323208672057
2,0.125418143204856,0.000197333760526454
2,0.125482212365726,0.000196349248883245
2,0.125546281526596,0.000195369648973348
2,0.125610350687466,0.000194394936474186
2,0.125674419848336,0.000193425086478508
2,0.125738489009206,0.000192460075559114
2,0.125802558170076,0.00019149987867216
2,0.125866627330946,0.00019054447277247
2,0.125930696491816,0.000189593833197698
2,0.125994765652686,0.000188647936252196
2,0.126058834813556,0.000187706758691822
2,0.126122903974426,0.000186770276689073
2,0.126186973135297,0.00018583846686848
2,0.126251042296167,0.000184911305789299
2,0.126315111457036,0.000183988770464402
2,0.126379180617907,0.000183070837842439
2,0.126443249778777,0.000182157484807848
2,0.126507318939647,0.000181248688700515
2,0.126571388100517,0.000180344426277231
2,0.126635457261387,0.000179444675791159
2,0.126699526422257,0.000178549413873023
2,0.126763595583127,0.000177658618130778
2,0.126827664743997,0.000176772267152235
2,0.126891733904867,0.000175890337901456
2,0.126955803065737,0.000175012808843873
2,0.127019872226607,0.000174139657863136
2,0.127083941387477,0.000173270863303877
2,0.127148010548347,0.000172406402928417
2,0.127212079709217,0.00017154625548315
2,0.127276148870087,0.000170690399655517
2,0.127340218030957,0.000169838813027821
2,0.127404287191827,0.00016899147573808
2,0.127468356352697,0.000168148365250429
2,0.127532425513567,0.000167309461587348
2,0.127596494674437,0.000166474743143087
2,0.127660563835307,0.000165644189301762
2,0.127724632996177,0.000164817778865966
2,0.127788702157047,0.000163995491630261
2,0.127852771317917,0.000163177306808217
2,0.127916840478787,0.000162363204082016
2,0.127980909639657,0.00016155316255232
2,0.128044978800527,0.000160747162840904
2,0.128109047961397,0.000159945183937104
2,0.128173117122267,0.000159147206352947
2,0.128237186283137,0.000158353210019992
2,0.128301255444007,0.000157563174815059
2,0.128365324604877,0.000156777081614828
2,0.128429393765747,0.000155994909660644
2,0.128493462926617,0.000155216640249376
2,0.128557532087487,0.000154442253570121
2,0.128621601248357,0.000153671730814998
2,0.128685670409227,0.000152905051538687
2,0.128749739570097,0.000152142197885533
2,0.128813808730967,0.000151383149833823
2,0.128877877891837,0.000150627888896377
2,0.128941947052707,0.000149876396005815
2,0.129006016213577,0.000149128652573104
2,0.129070085374447,0.000148384638898287
2,0.129134154535317,0.000147644337881072
2,0.129198223696187,0.000146907730250899
2,0.129262292857057,0.00014617479721661
2,0.129326362017927,0.000145445520999016
2,0.129390431178797,0.000144719883238988
2,0.129454500339667,0.000143997866059697
2,0.129518569500537,0.000143279450471807
2,0.129582638661407,0.000142564619564661
2,0.129646707822277,0.000141853354783584
2,0.129710776983147,0.000141145638590083
2,0.129774846144017,0.000140441453398288
2,0.129838915304887,0.000139740781041603
2,0.129902984465757,0.00013904360490586
2,0.129967053626627,0.00013834990672998
2,0.130031122787497,0.000137659669272745
2,0.130095191948367,0.000136972875781027
2,0.130159261109237,0.000136289508387088
2,0.130223330270107,0.000135609550780618
2,0.130287399430977,0.000134932985536698
2,0.130351468591847,0.000134259795184088
2,0.130415537752717,0.000133589963812401
2,0.130479606913587,0.000132923474396111
2,0.130543676074457,0.000132260309864426
2,0.130607745235327,0.000131600454174313
2,0.130671814396197,0.000130943890166023
2,0.130735883557067,0.000130290602245659
2,0.130799952717937,0.000129640573702608
2,0.130864021878807,0.000128993787782043
2,0.130928091039677,0.00012835022876058
2,0.130992160200547,0.000127709880334632
2,0.131056229361417,0.000127072727234164
2,0.131120298522287,0.000126438752532226
2,0.131184367683157,0.000125807940874297
2,0.131248436844027,0.000125180276325658
2,0.131312506004897,0.000124555743448887
2,0.131376575165767,0.000123934326225833
2,0.131440644326637,0.00012331600913617
2,0.131504713487507,0.000122700777158717
2,0.131568782648377,0.000122088614151361
2,0.131632851809247,0.000121479506092781
2,0.131696920970117,0.000120873436218818
2,0.131760990130987,0.000120270390428406
2,0.131825059291857,0.000119670352958037
2,0.131889128452727,0.0001190733090867
2,0.131953197613598,0.000118479244596476
2,0.132017266774468,0.000117888143062329
2,0.132081335935338,0.000117299991272519
2,0.132145405096208,0.000116714773265358
2,0.132209474257078,0.000116132475210478
2,0.132273543417948,0.000115553082153951
2,0.132337612578818,0.000114976580190135
2,0.132401681739688,0.000114402953744896
2,0.132465750900558,0.000113832189924826
2,0.132529820061428,0.000113264273079729
2,0.132593889222298,0.000112699189698096
2,0.132657958383168,0.000112136925687688
2,0.132722027544038,0.000111577466919421
2,0.132786096704908,0.000111020799227366
2,0.132850165865778,0.00011046690895447
2,0.132914235026648,0.000109915781861903
2,0.132978304187518,0.000109367404220237
2,0.133042373348388,0.000108821762810768
2,0.133106442509258,0.000108278843286494
2,0.133170511670128,0.000107738632904692
2,0.133234580830998,0.000107201117247037
2,0.133298649991868,0.000106666283501061
2,0.133362719152738,0.000106134118272779
2,0.133426788313608,0.000105604607585369
2,0.133490857474478,0.000105077739071291
2,0.133554926635348,0.000104553498684505
2,0.133618995796218,0.000104031873989832
2,0.133683064957088,0.000103512851970308
2,0.133747134117958,0.000102996419025874
2,0.133811203278828,0.000102482563170748
2,0.133875272439698,0.000101971270187823
2,0.133939341600568,0.000101462528575195
2,0.134003410761438,0.00010095632514904
2,0.134067479922308,0.000100452646691852
2,0.134131549083178,9.99514816053978e-05
2,0.134195618244048,9.94528171584156e-05
2,0.134259687404918,9.89566400354909e-05
2,0.134323756565788,9.84629385428575e-05
2,0.134387825726658,9.79716998521364e-05
2,0.134451894887528,9.74829122069234e-05
2,0.134515964048398,9.69965632677168e-05
2,0.134580033209268,9.65126406634329e-05
2,0.134644102370138,9.60311325444998e-05
2,0.134708171531008,9.55520264774589e-05
2,0.134772240691878,9.5075311104511e-05
2,0.134836309852748,9.46009739306121e-05
2,0.134900379013618,9.41290029832832e-05
2,0.134964448174488,9.36593868139262e-05
2,0.135028517335358,9.31921133897928e-05
2,0.135092586496228,9.27271717574786e-05
2,0.135156655657098,9.22645492695557e-05
2,0.135220724817968,9.18042354688661e-05
2,0.135284793978838,9.13462176479758e-05
2,0.135348863139708,9.08904852918262e-05
2,0.135412932300578,9.04370261892295e-05
2,0.135477001461448,8.99858297680162e-05
2,0.135541070622318,8.95368837583084e-05
2,0.135605139783188,8.90901780878674e-05
2,0.135669208944058,8.86457009862201e-05
2,0.135733278104928,8.82034417685537e-05
2,0.135797347265798,8.77633886070206e-05
2,0.135861416426668,8.73255307604864e-05
2,0.135925485587538,8.68898580188039e-05
2,0.135989554748408,8.6456358469643e-05
2,0.136053623909278,8.60250218478506e-05
2,0.136117693070148,8.55958367436599e-05
2,0.136181762231018,8.51687933971125e-05
2,0.136245831391888,8.47438803439621e-05
2,0.136309900552758,8.43210872114131e-05
2,0.136373969713628,8.39004036003511e-05
2,0.136438038874498,8.348181852488e-05
2,0.136502108035368,8.30653220931858e-05
2,0.136566177196238,8.26509032662087e-05
2,0.136630246357108,8.22385521000243e-05
2,0.136694315517978,8.18282586254422e-05
2,0.136758384678848,8.14200117244472e-05
2,0.136822453839718,8.10138013757385e-05
2,0.136886523000588,8.06096180950553e-05
2,0.136950592161458,8.02074512487855e-05
2,0.137014661322328,7.98072907398311e-05
2,0.137078730483198,7.9409126445828e-05
2,0.137142799644068,7.90129487825053e-05
2,0.137206868804938,7.86187481413788e-05
2,0.137270937965808,7.82265137619816e-05
2,0.137335007126678,7.78362359858243e-05
2,0.137399076287548,7.74479056946163e-05
2,0.137463145448418,7.70615126175571e-05
2,0.137527214609288,7.66770475884565e-05
2,0.137591283770158,7.62945002875618e-05
2,0.137655352931028,7.5913862066247e-05
2,0.137719422091898,7.55351225565966e-05
2,0.137783491252769,7.51582724974104e-05
2,0.137847560413639,7.4783302604328e-05
2,0.137911629574509,7.44102035698285e-05
2,0.137975698735379,7.40389660632309e-05
2,0.138039767896249,7.36695801636507e-05
2,0.138103837057119,7.33020376279096e-05
2,0.138167906217989,7.29363290566353e-05
2,0.138231975378859,7.25724444594624e-05
2,0.138296044539729,7.22103755261005e-05
2,0.138360113700599,7.1850112788486e-05
2,0.138424182861469,7.14916478926398e-05
2,0.138488252022339,7.11349707568714e-05
2,0.138552321183209,7.07800735518721e-05
2,0.138616390344079,7.04269472895073e-05
2,0.138680459504949,7.00755823898599e-05
2,0.138744528665819,6.9725970389729e-05
2,0.138808597826689,6.9378102804859e-05
2,0.138872666987559,6.90319705594747e-05
2,0.138936736148429,6.86875651264214e-05
2,0.139000805309299,6.83448779574893e-05
2,0.139064874470169,6.80039010546684e-05
2,0.139128943631039,6.76646246853943e-05
2,0.139193012791909,6.73270413810644e-05
2,0.139257081952779,6.69911419379959e-05
2,0.139321151113649,6.6656918275012e-05
2,0.139385220274519,6.63243622909342e-05
2,0.139449289435389,6.59934658645816e-05
2,0.139513358596259,6.56642197085785e-05
2,0.139577427757129,6.53366162335207e-05
2,0.139641496917999,6.50106472574315e-05
2,0.139705566078869,6.46863045783326e-05
2,0.139769635239739,6.43635805483925e-05
2,0.139833704400609,6.40424657775935e-05
2,0.139897773561479,6.3722953727188e-05
2,0.139961842722349,6.34050355418297e-05
2,0.140025911883219,6.30887034955213e-05
2,0.140089981044089,6.27739492678511e-05
2,0.140154050204959,6.24607656698619e-05
2,0.140218119365829,6.21491449187087e-05
2,0.140282188526699,6.18390786363421e-05
2,0.140346257687569,6.15305590012288e-05
2,0.140410326848439,6.12235787496671e-05
2,0.140474396009309,6.09181300230147e-05
2,0.140538465170179,6.06142055209871e-05
2,0.140602534331049,6.03117967702623e-05
2,0.140666603491919,6.00108970110174e-05
2,0.140730672652789,5.9711498888489e-05
2,0.140794741813659,5.94135938732964e-05
2,0.140858810974529,5.91171751519271e-05
2,0.140922880135399,5.88222358940248e-05
2,0.140986949296269,5.85287675149403e-05
2,0.141051018457139,5.82367637276736e-05
2,0.141115087618009,5.79462164904057e-05
2,0.141179156778879,5.76571183223075e-05
2,0.141243225939749,5.73694634652606e-05
2,0.141307295100619,5.708324324408e-05
2,0.141371364261489,5.67984507057652e-05
2,0.141435433422359,5.6515079461464e-05
2,0.141499502583229,5.62331219440225e-05
2,0.141563571744099,5.59525705683904e-05
2,0.141627640904969,5.56734194769654e-05
2,0.141691710065839,5.53956610512727e-05
2,0.141755779226709,5.51192882372488e-05
2,0.141819848387579,5.48442945465574e-05
2,0.141883917548449,5.45706723094028e-05
2,0.141947986709319,5.42984155873848e-05
2,0.142012055870189,5.4027516677283e-05
2,0.142076125031059,5.37579696088522e-05
2,0.142140194191929,5.34897678132216e-05
2,0.142204263352799,5.32229035374288e-05
2,0.142268332513669,5.29573707638552e-05
2,0.142332401674539,5.26931628754671e-05
2,0.142396470835409,5.24302726545001e-05
2,0.142460539996279,5.21686946219548e-05
2,0.142524609157149,5.19084215287476e-05
2,0.142588678318019,5.16494466946807e-05
2,0.142652747478889,5.13917640097575e-05
2,0.142716816639759,5.11353667629873e-05
2,0.142780885800629,5.08802494006264e-05
2,0.142844954961499,5.06264040081167e-05
2,0.142909024122369,5.03738255882303e-05
2,0.142973093283239,5.01225067818723e-05
2,0.143037162444109,4.98724425633907e-05
2,0.143101231604979,4.96236249553265e-05
2,0.143165300765849,4.93760494909122e-05
2,0.143229369926719,4.91297087499939e-05
2,0.143293439087589,4.88845976500719e-05
2,0.143357508248459,4.86407087404629e-05
2,0.143421577409329,4.8398036910243e-05
2,0.143485646570199,4.81565758570275e-05
2,0.14354971573107,4.79163192636934e-05
2,0.14361378489194,4.76772613883195e-05
2,0.14367785405281,4.74393964752993e-05
2,0.14374192321368,4.72027181648736e-05
2,0.14380599237455,4.69672200825451e-05
2,0.14387006153542,4.67328976120572e-05
2,0.14393413069629,4.64997437605484e-05
2,0.14399819985716,4.62677532939241e-05
2,0.14406226901803,4.60369203736745e-05
2,0.1441263381789,4.58072391476038e-05
2,0.14419040733977,4.55787037498311e-05
2,0.14425447650064,4.53513083007894e-05
2,0.14431854566151,4.51250475000617e-05
2,0.14438261482238,4.48999154414995e-05
2,0.14444668398325,4.46759067986305e-05
2,0.14451075314412,4.44530156387246e-05
2,0.14457482230499,4.4231236609254e-05
2,0.14463889146586,4.4010563750907e-05
2,0.14470296062673,4.37909916851005e-05
2,0.1447670297876,4.35725156152964e-05
2,0.14483109894847,4.33551295434947e-05
2,0.14489516810934,4.31388274580097e-05
2,0.14495923727021,4.29236051198718e-05
2,0.14502330643108,4.27094564923929e-05
2,0.14508737559195,4.24963755251991e-05
2,0.14515144475282,4.22843585392581e-05
2,0.14521551391369,4.20733988634631e-05
2,0.14527958307456,4.18634916023183e-05
2,0.14534365223543,4.1654631848748e-05
2,0.1454077213963,4.14468140867865e-05
2,0.14547179055717,4.12400327878357e-05
2,0.14553585971804,4.10342836063358e-05
2,0.14559992887891,4.0829560990002e-05
2,0.14566399803978,4.06258593739163e-05
2,0.14572806720065,4.04231743777788e-05
2,0.14579213636152,4.02214998140964e-05
2,0.14585620552239,4.00208324774492e-05
2,0.14592027468326,3.98211655575058e-05
2,0.14598434384413,3.9622495227587e-05
2,0.146048413005,3.94248158517149e-05
2,0.14611248216587,3.92281223814835e-05
2,0.14617655132674,3.90324109578418e-05
2,0.14624062048761,3.88376753093408e-05
2,0.14630468964848,3.8643911554822e-05
2,0.14636875880935,3.84511139998806e-05
2,0.14643282797022,3.82592787420402e-05
2,0.14649689713109,3.80684006657825e-05
2,0.14656096629196,3.78784752460559e-05
2,0.14662503545283,3.76894967426613e-05
2,0.1466891046137,3.75014612104865e-05
2,0.14675317377457,3.73143634892716e-05
2,0.14681724293544,3.71281996133759e-05
2,0.14688131209631,3.69429644009586e-05
2,0.14694538125718,3.67586538658504e-05
2,0.14700945041805,3.65752622007402e-05
2,0.14707351957892,3.63927853981407e-05
2,0.14713758873979,3.62112194410903e-05
2,0.14720165790066,3.60305590937951e-05
2,0.14726572706153,3.58508003187648e-05
2,0.1473297962224,3.56719384638296e-05
2,0.14739386538327,3.54939682608239e-05
2,0.14745793454414,3.53168868529275e-05
2,0.14752200370501,3.51406883459785e-05
2,0.14758607286588,3.49653686519549e-05
2,0.14765014202675,3.47909242798814e-05
2,0.14771421118762,3.46173499100082e-05
2,0.14777828034849,3.44446414251e-05
2,0.14784234950936,3.4272794698447e-05
2,0.14790641867023,3.41018055938645e-05
2,0.1479704878311,3.39316693578564e-05
2,0.14803455699197,3.37623818344993e-05
2,0.14809862615284,3.35939388583951e-05
2,0.14816269531371,3.34263362546711e-05
2,0.14822676447458,3.32595698389798e-05
2,0.14829083363545,3.3093636026652e-05
2,0.14835490279632,3.29285293963485e-05
2,0.14841897195719,3.27642469538668e-05
2,0.14848304111806,3.2600783867808e-05
2,0.14854711027893,3.24381359064514e-05
2,0.1486111794398,3.22763000495392e-05
2,0.14867524860067,3.21152714372485e-05
2,0.14873931776154,3.19550458102243e-05
2,0.14880338692241,3.17956201221533e-05
2,0.14886745608328,3.16369894847888e-05
2,0.14893152524415,3.14791502229259e-05
2,0.14899559440502,3.13220986529379e-05
2,0.14905966356589,3.1165830470465e-05
2,0.14912373272676,3.1010341974247e-05
2,0.149187801887631,3.08556294546019e-05
2,0.149251871048501,3.07016885803252e-05
2,0.149315940209371,3.05485156241012e-05
2,0.149380009370241,3.03961068501928e-05
2,0.149444078531111,3.02444585144404e-05
2,0.149508147691981,3.0093566864263e-05
2,0.149572216852851,2.99434281386574e-05
2,0.149636286013721,2.97940385681986e-05
2,0.149700355174591,2.96453937600966e-05
2,0.149764424335461,2.94974905424992e-05
2,0.149828493496331,2.93503257361848e-05
2,0.149892562657201,2.92038949230977e-05
2,0.149956631818071,2.9058194907699e-05
2,0.150020700978941,2.89132212545629e-05
2,0.150084770139811,2.87689713683548e-05
2,0.150148839300681,2.86254407970684e-05
2,0.150212908461551,2.84826269303675e-05
2,0.150276977622421,2.83405246823536e-05
2,0.150341046783291,2.81991320444743e-05
2,0.150405115944161,2.80584445315617e-05
2,0.150469185105031,2.79184588851758e-05
2,0.150533254265901,2.77791718395071e-05
2,0.150597323426771,2.76405795027496e-05
2,0.150661392587641,2.75026792124566e-05
2,0.150725461748511,2.73654664424036e-05
2,0.150789530909381,2.72289378957254e-05
2,0.150853600070251,2.70930908878677e-05
2,0.150917669231121,2.69579214880733e-05
2,0.150981738391991,2.68234269975759e-05
2,0.151045807552861,2.66896028498836e-05
2,0.151109876713731,2.65564463312288e-05
2,0.151173945874601,2.64239547215274e-05
2,0.151238015035471,2.62921234306008e-05
2,0.151302084196341,2.61609503448858e-05
2,0.151366153357211,2.60304314801985e-05
2,0.151430222518081,2.59005640880309e-05
2,0.151494291678951,2.57713441689342e-05
2,0.151558360839821,2.56427695827637e-05
2,0.151622430000691,2.5514835692757e-05
2,0.151686499161561,2.53875403450838e-05
2,0.151750568322431,2.52608801339202e-05
2,0.151814637483301,2.51348522697013e-05
2,0.151878706644171,2.50094527087634e-05
2,0.151942775805041,2.48846786473296e-05
2,0.152006844965911,2.47605272753066e-05
2,0.152070914126781,2.46369951516037e-05
2,0.152134983287651,2.45140794527052e-05
2,0.152199052448521,2.43917773487789e-05
2,0.152263121609391,2.42700847527354e-05
2,0.152327190770261,2.41489994462642e-05
2,0.152391259931131,2.40285185797941e-05
2,0.152455329092001,2.39086386711776e-05
2,0.152519398252871,2.37893568574213e-05
2,0.152583467413741,2.36706702692152e-05
2,0.152647536574611,2.35525754038836e-05
2,0.152711605735481,2.34350700060065e-05
2,0.152775674896351,2.33181511873247e-05
2,0.152839744057221,2.32018147975846e-05
2,0.152903813218091,2.30860598186214e-05
2,0.152967882378961,2.29708814589199e-05
2,0.153031951539831,2.28562780606332e-05
2,0.153096020700701,2.27422467039197e-05
2,0.153160089861571,2.26287844626215e-05
2,0.153224159022441,2.25158877748462e-05
2,0.153288228183311,2.24035543306948e-05
2,0.153352297344181,2.22917811850599e-05
2,0.153416366505051,2.21805660167256e-05
2,0.153480435665921,2.20699058687413e-05
2,0.153544504826791,2.195979777784e-05
2,0.153608573987661,2.18502387744384e-05
2,0.153672643148531,2.17412265138968e-05
2,0.153736712309401,2.16327580147886e-05
2,0.153800781470271,2.15248302893707e-05
2,0.153864850631141,2.14174416076831e-05
2,0.153928919792011,2.13105883386158e-05
2,0.153992988952881,2.12042687414186e-05
2,0.154057058113751,2.10984791726116e-05
2,0.154121127274621,2.09932172475512e-05
2,0.154185196435491,2.08884805763301e-05
2,0.154249265596361,2.07842661301484e-05
2,0.154313334757231,2.06805721416739e-05
2,0.154377403918101,2.05773955710529e-05
2,0.154441473078971,2.04747333721152e-05
2,0.154505542239841,2.03725837617375e-05
2,0.154569611400711,2.02709430477509e-05
2,0.154633680561581,2.01698100714499e-05
2,0.154697749722451,2.00691817645567e-05
2,0.154761818883321,1.99690550524771e-05
2,0.154825888044191,1.98694281262958e-05
2,0.154889957205061,1.97702979003649e-05
2,0.154954026365932,1.9671662555768e-05
2,0.155018095526802,1.95735196325906e-05
2,0.155082164687672,1.94758660286042e-05
2,0.155146233848542,1.93786992725773e-05
2,0.155210303009412,1.92820175255916e-05
2,0.155274372170282,1.91858183066777e-05
2,0.155338441331152,1.90900991296027e-05
2,0.155402510492022,1.89948575028699e-05
2,0.155466579652892,1.89000902910894e-05
2,0.155530648813762,1.88057969081256e-05
2,0.155594717974632,1.87119735699582e-05
2,0.155658787135502,1.86186177640357e-05
2,0.155722856296372,1.85257282519073e-05
2,0.155786925457242,1.84333025120734e-05
2,0.155850994618112,1.83413373775619e-05
2,0.155915063778982,1.82498309560278e-05
2,0.155979132939852,1.81587813509153e-05
2,0.156043202100722,1.80681860204595e-05
2,0.156107271261592,1.79780424176315e-05
2,0.156171340422462,1.78883486316637e-05
2,0.156235409583332,1.77991027475771e-05
2,0.156299478744202,1.77103015620802e-05
2,0.156363547905072,1.76219437925073e-05
2,0.156427617065942,1.75340268678798e-05
2,0.156491686226812,1.74465482119556e-05
2,0.156555755387682,1.73595058863323e-05
2,0.156619824548552,1.72728985917637e-05
2,0.156683893709422,1.71867224513249e-05
2,0.156747962870292,1.71009768001882e-05
2,0.156812032031162,1.70156590389512e-05
2,0.156876101192032,1.69307665629476e-05
2,0.156940170352902,1.6846298051613e-05
2,0.157004239513772,1.67622502463871e-05
2,0.157068308674642,1.66786224632296e-05
2,0.157132377835512,1.65954114341053e-05
2,0.157196446996382,1.65126158218693e-05
2,0.157260516157252,1.64302336402197e-05
2,0.157324585318122,1.63482616061198e-05
2,0.157388654478992,1.62666990163169e-05
2,0.157452723639862,1.61855438718762e-05
2,0.157516792800732,1.6104792875549e-05
2,0.157580861961602,1.60244446657142e-05
2,0.157644931122472,1.59444978775924e-05
2,0.157709000283342,1.5864949847564e-05
2,0.157773069444212,1.57857985548498e-05
2,0.157837138605082,1.57070419744598e-05
2,0.157901207765952,1.56286780771929e-05
2,0.157965276926822,1.55507054785309e-05
2,0.158029346087692,1.54731221416403e-05
2,0.158093415248562,1.53959260254769e-05
2,0.158157484409432,1.53191144351019e-05
2,0.158221553570302,1.52426866201525e-05
2,0.158285622731172,1.51666392273217e-05
2,0.158349691892042,1.50909721493503e-05
2,0.158413761052912,1.50156820242461e-05
2,0.158477830213782,1.49407680876976e-05
2,0.158541899374652,1.48662276195002e-05
2,0.158605968535522,1.47920585457117e-05
2,0.158670037696392,1.4718260091756e-05
2,0.158734106857262,1.46448295247959e-05
2,0.158798176018132,1.45717654113608e-05
2,0.158862245179002,1.44990663148217e-05
2,0.158926314339872,1.44267294897087e-05
2,0.158990383500742,1.43547534914972e-05
2,0.159054452661612,1.42831362191367e-05
2,0.159118521822482,1.42118768746279e-05
2,0.159182590983352,1.41409726961833e-05
2,0.159246660144222,1.40704228792237e-05
2,0.159310729305092,1.40002239993824e-05
2,0.159374798465962,1.39303758993949e-05
2,0.159438867626832,1.38608764561033e-05
2,0.159502936787702,1.37917235421384e-05
2,0.159567005948572,1.37229156813938e-05
2,0.159631075109442,1.36544513946045e-05
2,0.159695144270312,1.35863285433477e-05
2,0.159759213431182,1.35185449849899e-05
2,0.159823282592052,1.34510998857383e-05
2,0.159887351752922,1.33839917529059e-05
2,0.159951420913792,1.33172177765421e-05
2,0.160015490074662,1.32507777706956e-05
2,0.160079559235532,1.31846682604677e-05
2,0.160143628396402,1.31188890538539e-05
2,0.160207697557272,1.30534379834809e-05
2,0.160271766718142,1.29883135361332e-05
2,0.160335835879012,1.29235141954367e-05
2,0.160399905039882,1.28590377829647e-05
2,0.160463974200752,1.27948834343951e-05
2,0.160528043361622,1.27310483050372e-05
2,0.160592112522492,1.2667532843358e-05
2,0.160656181683362,1.26043335381396e-05
2,0.160720250844233,1.25414495126903e-05
2,0.160784320005103,1.24788792277391e-05
2,0.160848389165973,1.24166211408569e-05
2,0.160912458326843,1.23546737064562e-05
2,0.160976527487713,1.22930353757914e-05
2,0.161040596648583,1.22317045969586e-05
2,0.161104665809453,1.21706798148958e-05
2,0.161168734970323,1.21099594713825e-05
2,0.161232804131193,1.20495420050404e-05
2,0.161296873292063,1.1989426513912e-05
2,0.161360942452933,1.19296101054069e-05
2,0.161425011613803,1.18700925340937e-05
2,0.161489080774673,1.18108715633818e-05
2,0.161553149935543,1.17519462797335e-05
2,0.161617219096413,1.16933151036107e-05
2,0.161681288257283,1.16349764523168e-05
2,0.161745357418153,1.15769287399971e-05
2,0.161809426579023,1.15191703776387e-05
2,0.161873495739893,1.14617004380184e-05
2,0.161937564900763,1.14045173265965e-05
2,0.162001634061633,1.13476194456749e-05
2,0.162065703222503,1.12910051943973e-05
2,0.162129772383373,1.123467363475e-05
2,0.162193841544243,1.11786231603499e-05
2,0.162257910705113,1.11228521616556e-05
2,0.162321979865983,1.10673596927579e-05
2,0.162386049026853,1.10121441385885e-05
2,0.162450118187723,1.0957203880921e-05
2,0.162514187348593,1.09025372983707e-05
2,0.162578256509463,1.08481441020808e-05
2,0.162642325670333,1.0794021997823e-05
2,0.162706394831203,1.07401693555276e-05
2,0.162770463992073,1.06865858792318e-05
2,0.162834533152943,1.06332699341285e-05
2,0.162898602313813,1.05802198822524e-05
2,0.162962671474683,1.0527434751902e-05
2,0.163026740635553,1.04749122298999e-05
2,0.163090809796423,1.0422652008703e-05
2,0.163154878957293,1.03706531095041e-05
2,0.163218948118163,1.03189132104404e-05
2,0.163283017279033,1.02674313269146e-05
2,0.163347086439903,1.02162064722237e-05
2,0.163411155600773,1.01652369862948e-05
2,0.163475224761643,1.01145218774245e-05
2,0.163539293922513,1.00640601518039e-05
2,0.163603363083383,1.00138494694105e-05
2,0.163667432244253,9.96388950296269e-06
2,0.163731501405123,9.91417925154543e-06
2,0.163795570565993,9.8647170392948e-06
2,0.163859639726863,9.81550118718861e-06
2,0.163923708887733,9.76653068641642e-06
2,0.163987778048603,9.7178045260623e-06
2,0.164051847209473,9.66932236700114e-06
2,0.164115916370343,9.62108117241712e-06
2,0.164179985531213,9.57308059792144e-06
2,0.164244054692083,9.52532029807256e-06
2,0.164308123852953,9.47779790152905e-06
2,0.164372193013823,9.430512383163e-06
2,0.164436262174693,9.383462715741e-06
2,0.164500331335563,9.33664786992418e-06
2,0.164564400496433,9.29006681426819e-06
2,0.164628469657303,9.24371783895821e-06
2,0.164692538818173,9.19760058407754e-06
2,0.164756607979043,9.15171333507403e-06
2,0.164820677139913,9.10605437423734e-06
2,0.164884746300783,9.06062401265202e-06
2,0.164948815461653,9.01541985107904e-06
2,0.165012884622523,8.97044084175659e-06
2,0.165076953783393,8.92568729103191e-06
2,0.165141022944263,8.88115611339995e-06
2,0.165205092105133,8.8368476112602e-06
2,0.165269161266003,8.79276005032163e-06
2,0.165333230426873,8.74889237229504e-06
2,0.165397299587743,8.70524351678573e-06
2,0.165461368748613,8.66181242129352e-06
2,0.165525437909483,8.61859802121275e-06
2,0.165589507070353,8.5755992498323e-06
2,0.165653576231223,8.53281503833555e-06
2,0.165717645392093,8.4902443158004e-06
2,0.165781714552963,8.44788532819698e-06
2,0.165845783713833,8.40573836213367e-06
2,0.165909852874703,8.36380165963281e-06
2,0.165973922035573,8.32207414135039e-06
2,0.166037991196443,8.28055472583692e-06
2,0.166102060357313,8.23924232953744e-06
2,0.166166129518183,8.19813654937291e-06
2,0.166230198679053,8.15723493267776e-06
2,0.166294267839923,8.11653843811438e-06
2,0.166358337000793,8.07604392517208e-06
2,0.166422406161663,8.03575234988142e-06
2,0.166486475322534,7.99566124983897e-06
2,0.166550544483404,7.95577021091194e-06
2,0.166614613644274,7.91607881791478e-06
2,0.166678682805144,7.87658460054854e-06
2,0.166742751966014,7.83728782410361e-06
2,0.166806821126884,7.79818738344385e-06
2,0.166870890287754,7.75928148585122e-06
2,0.166934959448624,7.7205697069287e-06
2,0.166999028609494,7.68205162122653e-06
2,0.167063097770364,7.64372542971022e-06
2,0.167127166931234,7.60559001671624e-06
2,0.167191236092104,7.56764495126796e-06
2,0.167255305252974,7.529889801336e-06
2,0.167319374413844,7.49232275920076e-06
2,0.167383443574714,7.45494270156636e-06
2,0.167447512735584,7.41774987872164e-06
2,0.167511581896454,7.38074178852227e-06
2,0.167575651057324,7.34391867809888e-06
2,0.167639720218194,7.30727941731279e-06
2,0.167703789379064,7.2708228739198e-06
2,0.167767858539934,7.23454860273131e-06
2,0.167831927700804,7.1984547786575e-06
2,0.167895996861674,7.16254095282517e-06
2,0.167960066022544,7.12680667530837e-06
2,0.168024135183414,7.09125080491463e-06
2,0.168088204344284,7.05587219834601e-06
2,0.168152273505154,7.02066971019909e-06
2,0.168216342666024,6.98564288396829e-06
2,0.168280411826894,6.95079126209531e-06
2,0.168344480987764,6.91611300290968e-06
2,0.168408550148634,6.8816083369614e-06
2,0.168472619309504,6.84727541863223e-06
2,0.168536688470374,6.81311378378425e-06
2,0.168600757631244,6.77912296722679e-06
2,0.168664826792114,6.74530111702516e-06
2,0.168728895952984,6.71164845741293e-06
2,0.168792965113854,6.67816382587965e-06
2,0.168857034274724,6.6448460578094e-06
2,0.168921103435594,6.61169398648078e-06
2,0.168985172596464,6.57870783139e-06
2,0.169049241757334,6.54588642318381e-06
2,0.169113310918204,6.51322859040349e-06
2,0.169177380079074,6.48073385443593e-06
2,0.169241449239944,6.44840104040099e-06
2,0.169305518400814,6.41622897131307e-06
2,0.169369587561684,6.38421855530305e-06
2,0.169433656722554,6.35236722153532e-06
2,0.169497725883424,6.32067448376444e-06
2,0.169561795044294,6.28914055122239e-06
2,0.169625864205164,6.257763542761e-06
2,0.169689933366034,6.22654296818702e-06
2,0.169754002526904,6.19547833625447e-06
2,0.169818071687774,6.16456845708168e-06
2,0.169882140848644,6.13381283652763e-06
2,0.169946210009514,6.10321097939856e-06
2,0.170010279170384,6.07276169107548e-06
2,0.170074348331254,6.0424644734696e-06
2,0.170138417492124,6.01231812854051e-06
2,0.170202486652994,5.98232215530439e-06
2,0.170266555813864,5.95247605172468e-06
2,0.170330624974734,5.92277861502363e-06
2,0.170394694135604,5.89322934026966e-06
2,0.170458763296474,5.86382772147843e-06
2,0.170522832457344,5.83457255113488e-06
2,0.170586901618214,5.80546332035963e-06
2,0.170650970779084,5.77649951922058e-06
2,0.170715039939954,5.74768063673288e-06
2,0.170779109100824,5.71900475779748e-06
2,0.170843178261694,5.69047206953886e-06
2,0.170907247422564,5.66208205702439e-06
2,0.170971316583434,5.63383350194844e-06
2,0.171035385744304,5.60572588648333e-06
2,0.171099454905174,5.57775869174869e-06
2,0.171163524066044,5.54993069470153e-06
2,0.171227593226914,5.52224207693945e-06
2,0.171291662387784,5.49469090915141e-06
2,0.171355731548654,5.46727737056634e-06
2,0.171419800709524,5.4400009362506e-06
2,0.171483869870394,5.41286037579203e-06
2,0.171547939031264,5.38585516136194e-06
2,0.171612008192134,5.35898476407893e-06
2,0.171676077353004,5.33224865400881e-06
2,0.171740146513874,5.3056455946862e-06
2,0.171804215674744,5.27917575902357e-06
2,0.171868284835614,5.25283720191881e-06
2,0.171932353996484,5.22663080018378e-06
2,0.171996423157354,5.20055460555817e-06
2,0.172060492318224,5.17460878700666e-06
2,0.172124561479094,5.14879209937877e-06
2,0.172188630639965,5.1231047100601e-06
2,0.172252699800835,5.09754466368431e-06
2,0.172316768961705,5.0721128331155e-06
2,0.172380838122575,5.04680796793948e-06
2,0.172444907283445,5.02162881563656e-06
2,0.172508976444315,4.99657553885501e-06
2,0.172573045605185,4.97164759134321e-06
2,0.172637114766055,4.94684371663371e-06
2,0.172701183926925,4.92216336557984e-06
2,0.172765253087795,4.89760598798219e-06
2,0.172829322248665,4.87317174254128e-06
2,0.172893391409535,4.84885936752595e-06
2,0.172957460570405,4.82466759909956e-06
2,0.173021529731275,4.80059730354659e-06
2,0.173085598892145,4.77664650418274e-06
2,0.173149668053015,4.75281606623975e-06
2,0.173213737213885,4.72910329834332e-06
2,0.173277806374755,4.70550977567786e-06
2,0.173341875535625,4.6820335152426e-06
2,0.173405944696495,4.6586746678425e-06
2,0.173470013857365,4.63543195911354e-06
2,0.173534083018235,4.61230553828156e-06
2,0.173598152179105,4.58929484146154e-06
2,0.173662221339975,4.56639859034168e-06
2,0.173726290500845,4.54361621814192e-06
2,0.173790359661715,4.5209478709299e-06
2,0.173854428822585,4.49839226644603e-06
2,0.173918497983455,4.47594954917883e-06
2,0.173982567144325,4.45361914892686e-06
2,0.174046636305195,4.43139977948275e-06
2,0.174110705466065,4.40929086775001e-06
2,0.174174774626935,4.38729255505895e-06
2,0.174238843787805,4.36540426699716e-06
2,0.174302912948675,4.34362471209357e-06
2,0.174366982109545,4.32195402930983e-06
2,0.174431051270415,4.30039164107531e-06
2,0.174495120431285,4.27893696876662e-06
2,0.174559189592155,4.25758871564903e-06
2,0.174623258753025,4.23634773484777e-06
2,0.174687327913895,4.2152120102008e-06
2,0.174751397074765,4.1941816759324e-06
2,0.174815466235635,4.1732568662669e-06
2,0.174879535396505,4.15243627867948e-06
2,0.174943604557375,4.13171932717758e-06
2,0.175007673718245,4.11110614361685e-06
2,0.175071742879115,4.0905954215247e-06
2,0.175135812039985,4.07018729117766e-06
2,0.175199881200855,4.04988044347129e-06
2,0.175263950361725,4.02967572705669e-06
2,0.175328019522595,4.00957111077025e-06
2,0.175392088683465,3.98956744221035e-06
2,0.175456157844335,3.96966340779839e-06
2,0.175520227005205,3.94985841285673e-06
2,0.175584296166075,3.93015186165497e-06
2,0.175648365326945,3.91054387894276e-06
2,0.175712434487815,3.89103458946975e-06
2,0.175776503648685,3.87162195180814e-06
2,0.175840572809555,3.85230608833892e-06
2,0.175904641970425,3.83308639885754e-06
2,0.175968711131295,3.81396300495544e-06
2,0.176032780292165,3.79493458200028e-06
2,0.176096849453035,3.77600125000436e-06
2,0.176160918613905,3.75716312898002e-06
2,0.176224987774775,3.73841816723523e-06
2,0.176289056935645,3.71976648241366e-06
2,0.176353126096515,3.70120891658677e-06
2,0.176417195257385,3.68274341411478e-06
2,0.176481264418255,3.66436936610806e-06
2,0.176545333579125,3.64608761305896e-06
2,0.176609402739995,3.62789754555147e-06
2,0.176673471900865,3.60979710162938e-06
2,0.176737541061735,3.59178784621285e-06
2,0.176801610222605,3.57386844124711e-06
2,0.176865679383475,3.55603827310519e-06
2,0.176929748544345,3.53829672710739e-06
2,0.176993817705215,3.52064391458092e-06
2,0.177057886866085,3.50307921953016e-06
2,0.177121956026955,3.48560202490674e-06
2,0.177186025187825,3.46821171260954e-06
2,0.177250094348695,3.45090911970952e-06
2,0.177314163509565,3.43369217082803e-06
2,0.177378232670435,3.41656097334452e-06
2,0.177442301831305,3.39951563463843e-06
2,0.177506370992175,3.38255553292405e-06
2,0.177570440153045,3.36567931593463e-06
2,0.177634509313915,3.34888781837246e-06
2,0.177698578474785,3.33217968612848e-06
2,0.177762647635655,3.3155557536418e-06
2,0.177826716796525,3.29901393447999e-06
2,0.177890785957396,3.28255506202942e-06
2,0.177954855118266,3.2661777777069e-06
2,0.178018924279136,3.2498829146356e-06
2,0.178082993440006,3.23366911239002e-06
2,0.178147062600876,3.21753574023619e-06
2,0.178211131761746,3.20148363050773e-06
2,0.178275200922616,3.18551141962093e-06
2,0.178339270083486,3.16961847447313e-06
2,0.178403339244356,3.15380489375867e-06
2,0.178467408405226,3.138070043059e-06
2,0.178531477566096,3.12241402027888e-06
2,0.178595546726966,3.10683618968383e-06
2,0.178659615887836,3.0913359144866e-06
2,0.178723685048706,3.07591329101288e-06
2,0.178787754209576,3.06056768115949e-06
2,0.178851823370446,3.04529771107852e-06
2,0.178915892531316,3.0301049446374e-06
2,0.178979961692186,3.01498727171707e-06
2,0.179044030853056,2.99994552096656e-06
2,0.179108100013926,2.98497831485336e-06
2,0.179172169174796,2.97008648176333e-06
2,0.179236238335666,2.95526790605051e-06
2,0.179300307496536,2.94052415158234e-06
2,0.179364376657406,2.92585383714172e-06
2,0.179428445818276,2.91125631646675e-06
2,0.179492514979146,2.89673167956668e-06
2,0.179556584140016,2.88228001645074e-06
2,0.179620653300886,2.86789994142768e-06
2,0.179684722461756,2.85359154292764e-06
2,0.179748791622626,2.83935490938075e-06
2,0.179812860783496,2.82518939057733e-06
2,0.179876929944366,2.81109433525498e-06
2,0.179940999105236,2.79706983026473e-06
2,0.180005068266106,2.78311448359887e-06
2,0.180069137426976,2.76922985991441e-06
2,0.180133206587846,2.7554138261952e-06
2,0.180197275748716,2.74166646692358e-06
2,0.180261344909586,2.72798860706402e-06
2,0.180325414070456,2.71437810965258e-06
2,0.180389483231326,2.70083579860098e-06
2,0.180453552392196,2.68736175760202e-06
2,0.180517621553066,2.67395384574401e-06
2,0.180581690713936,2.66061362794711e-06
2,0.180645759874806,2.64733970299217e-06
2,0.180709829035676,2.63413140987895e-06
2,0.180773898196546,2.62098957172959e-06
2,0.180837967357416,2.60791352701747e-06
2,0.180902036518286,2.59490261316324e-06
2,0.180966105679156,2.5819561665348e-06
2,0.181030174840026,2.56907500972793e-06
2,0.181094244000896,2.55625773468067e-06
2,0.181158313161766,2.54350441955894e-06
2,0.181222382322636,2.53081439809879e-06
2,0.181286451483506,2.51818774767658e-06
2,0.181350520644376,2.50562454566867e-06
2,0.181414589805246,2.49312412423202e-06
2,0.181478658966116,2.48068581447082e-06
2,0.181542728126986,2.46830894643654e-06
2,0.181606797287856,2.45599434114585e-06
2,0.181670866448726,2.44374132812384e-06
2,0.181734935609596,2.43154923584288e-06
2,0.181799004770466,2.4194181385211e-06
2,0.181863073931336,2.40734736331493e-06
2,0.181927143092206,2.39533698365297e-06
2,0.181991212253076,2.38338707296381e-06
2,0.182055281413946,2.37149620897348e-06
2,0.182119350574816,2.35966446353149e-06
2,0.182183419735686,2.3478919084873e-06
2,0.182247488896556,2.33617786704957e-06
2,0.182311558057426,2.32452241027823e-06
2,0.182375627218296,2.31292560923321e-06
2,0.182439696379166,2.30138603611366e-06
2,0.182503765540036,2.28990451009398e-06
2,0.182567834700906,2.27847960153104e-06
2,0.182631903861776,2.26711212933602e-06
2,0.182695973022646,2.25580141250663e-06
2,0.182760042183516,2.24454751973413e-06
2,0.182824111344386,2.23334901769081e-06
2,0.182888180505256,2.22220672476148e-06
2,0.182952249666126,2.211119957312e-06
2,0.183016318826996,2.20008878245453e-06
2,0.183080387987866,2.18911176317674e-06
2,0.183144457148736,2.17819046966252e-06
2,0.183208526309606,2.16732346384683e-06
2,0.183272595470476,2.15651081126269e-06
2,0.183336664631346,2.1457518243282e-06
2,0.183400733792216,2.13504581440867e-06
2,0.183464802953086,2.12439435274073e-06
2,0.183528872113956,2.11379524314385e-06
2,0.183592941274826,2.1032493029501e-06
2,0.183657010435697,2.09275659611344e-06
2,0.183721079596567,2.08231567719963e-06
2,0.183785148757437,2.07192660858349e-06
2,0.183849217918307,2.06158945263986e-06
2,0.183913287079177,2.05130427174355e-06
2,0.183977356240047,2.04107037252257e-06
2,0.184041425400917,2.0308870605522e-06
2,0.184105494561787,2.02075515290132e-06
2,0.184169563722657,2.01067319808247e-06
2,0.184233632883527,2.00064201290136e-06
2,0.184297702044397,1.99066014402822e-06
2,0.184361771205267,1.98072916533152e-06
2,0.184425840366137,1.97084686483962e-06
2,0.184489909527007,1.96101405883188e-06
2,0.184553978687877,1.95123080652491e-06
2,0.184618047848747,1.94149565037796e-06
2,0.184682117009617,1.9318094066704e-06
2,0.184746186170487,1.92217137492424e-06
2,0.184810255331357,1.91258161277696e-06
2,0.184874324492227,1.90303941843467e-06
2,0.184938393653097,1.89354560843988e-06
2,0.185002462813967,1.88409796055678e-06
2,0.185066531974837,1.8746980504961e-06
2,0.185130601135707,1.86534517462166e-06
2,0.185194670296577,1.85603938899183e-06
2,0.185258739457447,1.84677922764396e-06
2,0.185322808618317,1.83756550633104e-06
2,0.185386877779187,1.82839751878501e-06
2,0.185450946940057,1.81927608128522e-06
2,0.185515016100927,1.81019896291073e-06
2,0.185579085261797,1.8011677412146e-06
2,0.185643154422667,1.79218170808646e-06
2,0.185707223583537,1.78324091721605e-06
2,0.185771292744407,1.77434389606109e-06
2,0.185835361905277,1.76549146011138e-06
2,0.185899431066147,1.75668366226709e-06
2,0.185963500227017,1.74791902761728e-06
2,0.186027569387887,1.73919837165175e-06
2,0.186091638548757,1.7305217464811e-06
2,0.186155707709627,1.72188767482574e-06
2,0.186219776870497,1.71329773713376e-06
2,0.186283846031367,1.70474968985134e-06
2,0.186347915192237,1.69624434820508e-06
2,0.186411984353107,1.6877817627265e-06
2,0.186476053513977,1.67936121793607e-06
2,0.186540122674847,1.67098276357573e-06
2,0.186604191835717,1.66264644938743e-06
2,0.186668260996587,1.65435155831254e-06
2,0.186732330157457,1.64609737223968e-06
2,0.186796399318327,1.63788470665865e-06
2,0.186860468479197,1.62971361052183e-06
2,0.186924537640067,1.62158259707498e-06
2,0.186988606800937,1.61349248180788e-06
2,0.187052675961807,1.60544254450368e-06
2,0.187116745122677,1.59743283253567e-06
2,0.187180814283547,1.58946339327713e-06
2,0.187244883444417,1.5815335049321e-06
2,0.187308952605287,1.5736432140843e-06
2,0.187373021766157,1.56579179762185e-06
2,0.187437090927027,1.55798007129772e-06
2,0.187501160087897,1.55020731147365e-06
2,0.187565229248767,1.54247356394383e-06
2,0.187629298409637,1.53477810375406e-06
2,0.187693367570507,1.52712097590897e-06
2,0.187757436731377,1.51950145413845e-06
2,0.187821505892247,1.51192112573339e-06
2,0.187885575053117,1.50437772108466e-06
2,0.187949644213987,1.49687205568208e-06
2,0.188013713374857,1.48940417374069e-06
2,0.188077782535727,1.48197334688491e-06
2,0.188141851696597,1.47457961854026e-06
2,0.188205920857467,1.46722303213224e-06
2,0.188269990018337,1.45990285770615e-06
2,0.188334059179207,1.45261913789796e-06
2,0.188398128340077,1.44537191534361e-06
2,0.188462197500947,1.43816123267907e-06
2,0.188526266661817,1.43098635810734e-06
2,0.188590335822687,1.4238465587787e-06
2,0.188654404983557,1.41674342566861e-06
2,0.188718474144427,1.40967467574554e-06
2,0.188782543305297,1.40264190024814e-06
2,0.188846612466167,1.39564436527395e-06
2,0.188910681627037,1.38868133586776e-06
2,0.188974750787907,1.38175285229685e-06
2,0.189038819948777,1.37485895482853e-06
2,0.189102889109647,1.36799968373007e-06
2,0.189166958270517,1.36117507926878e-06
2,0.189231027431387,1.35438362705598e-06
2,0.189295096592257,1.34762692096218e-06
2,0.189359165753128,1.34090344554599e-06
2,0.189423234913998,1.33421323949557e-06
2,0.189487304074868,1.32755711987983e-06
2,0.189551373235738,1.3209335688887e-06
2,0.189615442396608,1.31434340332789e-06
2,0.189679511557478,1.30778588271531e-06
2,0.189743580718348,1.30126182438305e-06
2,0.189807649879218,1.29476970762601e-06
2,0.189871719040088,1.28830956955324e-06
2,0.189935788200958,1.28188222749685e-06
2,0.189999857361828,1.27548693886925e-06
2,0.190063926522698,1.26912374077953e-06
2,0.190127995683568,1.26279188932418e-06
2,0.190192064844438,1.25649142082272e-06
2,0.190256134005308,1.25022315313361e-06
2,0.190320203166178,1.24398555976168e-06
2,0.190384272327048,1.23777867623687e-06
2,0.190448341487918,1.23160332041767e-06
2,0.190512410648788,1.22545874603189e-06
2,0.190576479809658,1.21934498860951e-06
2,0.190640548970528,1.21326208368049e-06
2,0.190704618131398,1.20720850001232e-06
2,0.190768687292268,1.20118583884469e-06
2,0.190832756453138,1.19519335179997e-06
2,0.190896825614008,1.18923028944778e-06
2,0.190960894774878,1.18329668573896e-06
2,0.191024963935748,1.17739335932153e-06
2,0.191089033096618,1.17151955997556e-06
2,0.191153102257488,1.16567453642836e-06
2,0.191217171418358,1.15985910732796e-06
2,0.191281240579228,1.15407252087531e-06
2,0.191345309740098,1.1483148102317e-06
2,0.191409378900968,1.14258522228217e-06
2,0.191473448061838,1.13688536247737e-06
2,0.191537517222708,1.13121290436023e-06
2,0.191601586383578,1.1255694536446e-06
2,0.191665655544448,1.11995425616277e-06
2,0.191729724705318,1.11436655669427e-06
2,0.191793793866188,1.10880638682132e-06
2,0.191857863027058,1.10327456624465e-06
2,0.191921932187928,1.09777033895426e-06
2,0.191986001348798,1.09229373653235e-06
2,0.192050070509668,1.08684400165299e-06
2,0.192114139670538,1.0814219542801e-06
2,0.192178208831408,1.0760268365614e-06
2,0.192242277992278,1.07065788959185e-06
4,0,0
4,1.19739993157715e-06,0.0443037974683544
4,2.39479986315429e-06,0.0886075949367089
4,3.59219979473144e-06,0.132911392405063
4,4.78959972630859e-06,0.177215189873418
4,5.98699965788573e-06,0.221518987341772
4,7.18439958946288e-06,0.265822784810127
4,8.38179952104003e-06,0.310126582278481
4,9.57919945261718e-06,0.354430379746835
4,1.07765993841943e-05,0.39873417721519
4,1.19739993157715e-05,0.443037974683544
4,1.31713992473486e-05,0.487341772151899
4,1.43687991789258e-05,0.531645569620253
4,1.55661991105029e-05,0.575949367088608
4,1.67635990420801e-05,0.620253164556962
4,1.79609989736572e-05,0.664556962025316
4,1.91583989052344e-05,0.708860759493671
4,2.03557988368115e-05,0.753164556962025
4,2.15531987683886e-05,0.79746835443038
4,2.27505986999658e-05,0.841772151898734
4,2.39479986315429e-05,0.886075949367089
4,2.51453985631201e-05,0.930379746835443
4,2.63427984946972e-05,0.974683544303798
4,2.75401984262744e-05,1.01898734177215
4,2.87375983578515e-05,1.06329113924051
4,2.99349982894287e-05,1.10759493670886
4,3.11323982210058e-05,1.15189873417722
4,3.2329798152583e-05,1.19620253164557
4,3.35271980841601e-05,1.24050632911392
4,3.47245980157373e-05,1.28481012658228
4,3.59219979473144e-05,1.32911392405063
4,3.71193978788916e-05,1.37341772151899
4,3.83167978104687e-05,1.41772151898734
4,3.95141977420458e-05,1.4620253164557
4,4.0711597673623e-05,1.50632911392405
4,4.19089976052001e-05,1.5506329113924
4,4.31063975367773e-05,1.59493670886076
4,4.43037974683544e-05,1.63924050632911
4,4.55011973999316e-05,1.68354430379747
4,4.66985973315087e-05,1.72784810126582
4,4.78959972630859e-05,1.77215189873418
4,4.9093397194663e-05,1.81645569620253
4,5.02907971262402e-05,1.86075949367089
4,5.14881970578173e-05,1.90506329113924
4,5.26855969893945e-05,1.9493670886076
4,5.38829969209716e-05,1.99367088607595
4,5.50803968525488e-05,2.0379746835443
4,5.62777967841259e-05,2.08227848101266
4,5.7475196715703e-05,2.12658227848101
4,5.86725966472802e-05,2.17088607594937
4,5.98699965788573e-05,2.21518987341772
4,6.10673965104345e-05,2.25949367088608
4,6.22647964420116e-05,2.30379746835443
4,6.34621963735888e-05,2.34810126582278
4,6.46595963051659e-05,2.39240506329114
4,6.58569962367431e-05,2.43670886075949
4,6.70543961683202e-05,2.48101265822785
4,6.82517960998974e-05,2.5253164556962
4,6.94491960314745e-05,2.56962025316456
4,7.06465959630517e-05,2.61392405063291
4,7.18439958946288e-05,2.65822784810127
4,7.3041395826206e-05,2.70253164556962
4,7.42387957577831e-05,2.74683544303797
4,7.54361956893603e-05,2.79113924050633
4,7.66335956209374e-05,2.83544303797468
4,7.78309955525146e-05,2.87974683544304
4,7.90283954840917e-05,2.92405063291139
4,8.02257954156688e-05,2.96835443037975
4,8.1423195347246e-05,3.0126582278481
4,8.26205952788231e-05,3.05696202531646
4,8.38179952104003e-05,3.10126582278481
4,8.50153951419774e-05,3.14556962025316
4,8.62127950735546e-05,3.18987341772152
4,8.74101950051317e-05,3.23417721518987
4,8.86075949367089e-05,3.27848101265823
4,8.9804994868286e-05,3.32278481012658
4,9.10023947998632e-05,3.36708860759494
4,9.21997947314403e-05,3.41139240506329
4,9.33971946630174e-05,3.45569620253165
4,9.45945945945946e-05,3.5
4,9.6721685971686e-05,3.49883352775618
4,0.000128637986364395,3.4813776054489
4,0.000160554286757104,3.46400877194456
4,0.000192470587149814,3.44672659275109
4,0.000224386887542523,3.42953063554416
4,0.000256303187935232,3.4124204701563
4,0.000288219488327941,3.39539566856621
4,0.00032013578872065,3.378455804888
4,0.00035205208911336,3.36160045536055
4,0.000383968389506069,3.34482919833693
4,0.000415884689898778,3.32814161427381
4,0.000447800990291487,3.31153728572102
4,0.000479717290684196,3.29501579731107
4,0.000511633591076905,3.27857673574874
4,0.000543549891469615,3.26221968980081
4,0.000575466191862324,3.24594425028571
4,0.000607382492255033,3.22975001006329
4,0.000639298792647742,3.21363656402467
4,0.000671215093040451,3.1976035090821
4,0.000703131393433161,3.18165044415883
4,0.00073504769382587,3.16577697017913
4,0.000766963994218579,3.14998269005828
4,0.000798880294611288,3.13426720869264
4,0.000830796595003997,3.11863013294978
4,0.000862712895396707,3.10307107165863
4,0.000894629195789416,3.08758963559969
4,0.000926545496182125,3.07218543749532
4,0.000958461796574834,3.05685809200001
4,0.000990378096967543,3.04160721569081
4,0.00102229439736025,3.02643242705764
4,0.00105421069775296,3.01133334649383
4,0.00108612699814567,2.9963095962866
4,0.00111804329853838,2.98136080060758
4,0.00114995959893109,2.96648658550346
4,0.0011818758993238,2.95168657888659
4,0.00121379219971651,2.93696041052569
4,0.00124570850010922,2.92230771203662
4,0.00127762480050193,2.90772811687309
4,0.00130954110089464,2.89322126031757
4,0.00134145740128734,2.87878677947211
4,0.00137337370168005,2.86442431324928
4,0.00140529000207276,2.85013350236317
4,0.00143720630246547,2.83591398932034
4,0.00146912260285818,2.82176541841093
4,0.00150103890325089,2.80768743569972
4,0.0015329552036436,2.79367968901733
4,0.00156487150403631,2.77974182795133
4,0.00159678780442902,2.76587350383758
4,0.00162870410482173,2.7520743697514
4,0.00166062040521444,2.73834408049895
4,0.00169253670560715,2.72468229260862
4,0.00172445300599985,2.71108866432238
4,0.00175636930639256,2.69756285558723
4,0.00178828560678527,2.68410452804676
4,0.00182020190717798,2.67071334503262
4,0.00185211820757069,2.65738897155613
4,0.0018840345079634,2.64413107429989
4,0.00191595080835611,2.63093932160943
4,0.00194786710874882,2.61781338348495
4,0.00197978340914153,2.60475293157304
4,0.00201169970953424,2.59175763915844
4,0.00204361600992695,2.57882718115592
4,0.00207553231031966,2.56596123410214
4,0.00210744861071236,2.55315947614748
4,0.00213936491110507,2.54042158704811
4,0.00217128121149778,2.52774724815789
4,0.00220319751189049,2.51513614242044
4,0.0022351138122832,2.50258795436119
4,0.00226703011267591,2.49010237007948
4,0.00229894641306862,2.47767907724075
4,0.00233086271346133,2.46531776506869
4,0.00236277901385404,2.45301812433746
4,0.00239469531424675,2.44077984736399
4,0.00242661161463946,2.42860262800022
4,0.00245852791503217,2.41648616162556
4,0.00249044421542488,2.40443014513912
4,0.00252236051581758,2.39243427695224
4,0.00255427681621029,2.38049825698088
4,0.002586193116603,2.36862178663817
4,0.00261810941699571,2.3568045688269
4,0.00265002571738842,2.34504630793209
4,0.00268194201778113,2.3333467098136
4,0.00271385831817384,2.32170548179881
4,0.00274577461856655,2.3101223326752
4,0.00277769091895926,2.2985969726832
4,0.00280960721935197,2.28712911350882
4,0.00284152351974468,2.27571846827651
4,0.00287343982013739,2.26436475154197
4,0.00290535612053009,2.25306767928498
4,0.0029372724209228,2.24182696890232
4,0.00296918872131551,2.23064233920072
4,0.00300110502170822,2.21951351038978
4,0.00303302132210093,2.20844020407497
4,0.00306493762249364,2.19742214325077
4,0.00309685392288635,2.18645905229357
4,0.00312877022327906,2.17555065695493
4,0.00316068652367177,2.16469668435461
4,0.00319260282406448,2.15389686297381
4,0.00322451912445719,2.14315092264836
4,0.0032564354248499,2.13245859456194
4,0.00328835172524261,2.1218196112394
4,0.00332026802563531,2.11123370654001
4,0.00335218432602802,2.10070061565086
4,0.00338410062642073,2.0902200750802
4,0.00341601692681344,2.07979182265085
4,0.00344793322720615,2.06941559749367
4,0.00347984952759886,2.05909114004099
4,0.00351176582799157,2.04881819202017
4,0.00354368212838428,2.03859649644708
4,0.00357559842877699,2.02842579761973
4,0.0036075147291697,2.01830584111182
4,0.00363943102956241,2.0082363737664
4,0.00367134732995512,1.99821714368957
4,0.00370326363034782,1.98824790024412
4,0.00373517993074053,1.97832839404328
4,0.00376709623113324,1.96845837694452
4,0.00379901253152595,1.95863760204326
4,0.00383092883191866,1.94886582366681
4,0.00386284513231137,1.93914279736807
4,0.00389476143270408,1.92946827991961
4,0.00392667773309679,1.91984202930739
4,0.0039585940334895,1.91026380472483
4,0.00399051033388221,1.90073336656676
4,0.00402242663427492,1.89125047642339
4,0.00405434293466763,1.8818148970744
4,0.00408625923506033,1.87242639248297
4,0.00411817553545304,1.86308472778987
4,0.00415009183584575,1.85378966930761
4,0.00418200813623846,1.84454098451459
4,0.00421392443663117,1.83533844204927
4,0.00424584073702388,1.82618181170438
4,0.00427775703741659,1.81707086442118
4,0.0043096733378093,1.80800537228373
4,0.00434158963820201,1.79898510851314
4,0.00437350593859472,1.79000984746198
4,0.00440542223898743,1.78107936460858
4,0.00443733853938014,1.7721934365514
4,0.00446925483977284,1.76335184100348
4,0.00450117114016555,1.75455435678688
4,0.00453308744055826,1.74580076382712
4,0.00456500374095097,1.73709084314766
4,0.00459692004134368,1.72842437686451
4,0.00462883634173639,1.71980114818067
4,0.0046607526421291,1.71122094138076
4,0.00469266894252181,1.70268354182563
4,0.00472458524291452,1.69418873594698
4,0.00475650154330723,1.68573631124203
4,0.00478841784369994,1.67732605626813
4,0.00482033414409265,1.66895776063765
4,0.00485225044448536,1.66063121501244
4,0.00488416674487806,1.65234621109891
4,0.00491608304527077,1.64410254164254
4,0.00494799934566348,1.63590000042289
4,0.00497991564605619,1.62773838224834
4,0.0050118319464489,1.619617482951
4,0.00504374824684161,1.61153709938155
4,0.00507566454723432,1.60349702940425
4,0.00510758084762703,1.59549707189179
4,0.00513949714801974,1.5875370267203
4,0.00517141344841245,1.57961669476439
4,0.00520332974880516,1.57173587789202
4,0.00523524604919787,1.56389437895977
4,0.00526716234959057,1.5560920018077
4,0.00529907864998328,1.54832855125452
4,0.00533099495037599,1.54060383309275
4,0.0053629112507687,1.53291765408384
4,0.00539482755116141,1.52526982195324
4,0.00542674385155412,1.51766014538578
4,0.00545866015194683,1.51008843402067
4,0.00549057645233954,1.50255449844694
4,0.00552249275273225,1.4950581501985
4,0.00555440905312496,1.48759920174962
4,0.00558632535351767,1.48017746651014
4,0.00561824165391038,1.47279275882073
4,0.00565015795430308,1.4654448939484
4,0.00568207425469579,1.4581336880818
4,0.0057139905550885,1.45085895832662
4,0.00574590685548121,1.44362052270104
4,0.00577782315587392,1.43641820013108
4,0.00580973945626663,1.42925181044625
4,0.00584165575665934,1.42212117437489
4,0.00587357205705205,1.41502611353977
4,0.00590548835744476,1.40796645045355
4,0.00593740465783747,1.40094200851444
4,0.00596932095823018,1.39395261200168
4,0.00600123725862289,1.38699808607121
4,0.0060331535590156,1.38007825675133
4,0.0060650698594083,1.3731929509382
4,0.00609698615980101,1.36634199639168
4,0.00612890246019372,1.35952522173093
4,0.00616081876058643,1.35274245643014
4,0.00619273506097914,1.34599353081425
4,0.00622465136137185,1.33927827605476
4,0.00625656766176456,1.33259652416539
4,0.00628848396215727,1.32594810799805
4,0.00632040026254998,1.31933286123851
4,0.00635231656294269,1.31275061840228
4,0.0063842328633354,1.30620121483053
4,0.00641614916372811,1.29968448668587
4,0.00644806546412081,1.29320027094838
4,0.00647998176451352,1.28674840541138
4,0.00651189806490623,1.28032872867748
4,0.00654381436529894,1.27394108015455
4,0.00657573066569165,1.26758530005163
4,0.00660764696608436,1.2612612293749
4,0.00663956326647707,1.25496870992395
4,0.00667147956686978,1.24870758428742
4,0.00670339586726249,1.2424776958395
4,0.0067353121676552,1.23627888873563
4,0.00676722846804791,1.23011100790887
4,0.00679914476844062,1.22397389906586
4,0.00683106106883333,1.21786740868307
4,0.00686297736922603,1.21179138400288
4,0.00689489366961874,1.20574567302979
4,0.00692680997001145,1.19973012452662
4,0.00695872627040416,1.19374458801071
4,0.00699064257079687,1.1877889137502
4,0.00702255887118958,1.18186295276026
4,0.00705447517158229,1.17596655679926
4,0.007086391471975,1.17009957836527
4,0.00711830777236771,1.16426187069222
4,0.00715022407276042,1.15845328774623
4,0.00718214037315313,1.15267368422209
4,0.00721405667354584,1.14692291553938
4,0.00724597297393855,1.1412008378391
4,0.00727788927433125,1.13550730798
4,0.00730980557472396,1.12984218353489
4,0.00734172187511667,1.12420532278722
4,0.00737363817550938,1.11859658472745
4,0.00740555447590209,1.11301582904948
4,0.0074374707762948,1.10746291614738
4,0.00746938707668751,1.10193770711152
4,0.00750130337708022,1.09644006372548
4,0.00753321967747293,1.09096984846225
4,0.00756513597786564,1.0855269244811
4,0.00759705227825835,1.08011115562387
4,0.00762896857865105,1.07472240641182
4,0.00766088487904376,1.06936054204206
4,0.00769280117943647,1.06402542838425
4,0.00772471747982918,1.05871693197724
4,0.00775663378022189,1.0534349200257
4,0.0077885500806146,1.0481792603969
4,0.00782046638100731,1.04294982161727
4,0.00785238268140002,1.03774647286912
4,0.00788429898179273,1.03256908398756
4,0.00791621528218544,1.02741752545701
4,0.00794813158257815,1.022291668408
4,0.00798004788297086,1.01719138461412
4,0.00801196418336357,1.01211654648862
4,0.00804388048375628,1.00706702708129
4,0.00807579678414898,1.00204270007531
4,0.00810771308454169,0.997043439784011
4,0.0081396293849344,0.992069121147893
4,0.00817154568532711,0.987119619731248
4,0.00820346198571982,0.982194811719276
4,0.00823537828611253,0.977294573914914
4,0.00826729458650524,0.972418783735619
4,0.00829921088689795,0.967567319210538
4,0.00833112718729066,0.96274005897732
4,0.00836304348768337,0.957936882279066
4,0.00839495978807608,0.953157668961338
4,0.00842687608846879,0.948402299469216
4,0.00845879238886149,0.94367065484416
4,0.0084907086892542,0.938962616721174
4,0.00852262498964691,0.934278067325799
4,0.00855454129003962,0.929616889471187
4,0.00858645759043233,0.924978966555055
4,0.00861837389082504,0.920364182556917
4,0.00865029019121775,0.915772422035107
4,0.00868220649161046,0.911203570123927
4,0.00871412279200317,0.906657512530715
4,0.00874603909239588,0.902134135533057
4,0.00877795539278859,0.897633325975916
4,0.0088098716931813,0.893154971268744
4,0.008841787993574,0.88869895938273
4,0.00887370429396671,0.884265178848021
4,0.00890562059435942,0.879853518750868
4,0.00893753689475213,0.87546386873086
4,0.00896945319514484,0.871096118978219
4,0.00900136949553755,0.866750160230997
4,0.00903328579593026,0.862425883772343
4,0.00906520209632297,0.858123181427863
4,0.00909711839671568,0.85384194556272
4,0.00912903469710839,0.849582069079273
4,0.0091609509975011,0.84534344541402
4,0.00919286729789381,0.841125968535217
4,0.00922478359828651,0.836929532940068
4,0.00925669989867922,0.83275403365215
4,0.00928861619907193,0.828599366218815
4,0.00932053249946464,0.824465426708442
4,0.00935244879985735,0.820352111708037
4,0.00938436510025006,0.816259318320454
4,0.00941628140064277,0.812186944161997
4,0.00944819770103548,0.808134887359711
4,0.00948011400142819,0.804103046548869
4,0.0095120303018209,0.800091320870491
4,0.00954394660221361,0.79609960996885
4,0.00957586290260632,0.792127813988771
4,0.00960777920299903,0.788175833573359
4,0.00963969550339173,0.784243569861421
4,0.00967161180378444,0.780330924484935
4,0.00970352810417715,0.77643779956669
4,0.00973544440456986,0.772564097717735
4,0.00976736070496257,0.768709722035046
4,0.00979927700535528,0.764874576099027
4,0.00983119330574799,0.76105856397122
4,0.0098631096061407,0.757261590191636
4,0.00989502590653341,0.753483559776677
4,0.00992694220692612,0.749724378216622
4,0.00995885850731883,0.745983951473225
4,0.00999077480771154,0.742262185977336
4,0.0100226911081042,0.738558988626773
4,0.010054607408497,0.734874266783768
4,0.0100865237088897,0.731207928272698
4,0.0101184400092824,0.727559881377892
4,0.0101503563096751,0.72393003484118
4,0.0101822726100678,0.720318297859758
4,0.0102141889104605,0.71672458008374
4,0.0102461052108532,0.713148791614138
4,0.0102780215112459,0.70959084300035
4,0.0103099378116386,0.706050645238139
4,0.0103418541120313,0.702528109767216
4,0.010373770412424,0.699023148469262
4,0.0104056867128168,0.695535673665515
4,0.0104376030132095,0.692065598114557
4,0.0104695193136022,0.688612835010404
4,0.0105014356139949,0.68517729798003
4,0.0105333519143876,0.681758901081336
4,0.0105652682147803,0.678357558801105
4,0.010597184515173,0.674973186052548
4,0.0106291008155657,0.671605698173613
4,0.0106610171159584,0.668255010924407
4,0.0106929334163511,0.664921040485544
4,0.0107248497167438,0.661603703455602
4,0.0107567660171366,0.658302916849421
4,0.0107886823175293,0.655018598095741
4,0.010820598617922,0.651750665035332
4,0.0108525149183147,0.648499035918846
4,0.0108844312187074,0.645263629404788
4,0.0109163475191001,0.642044364557456
4,0.0109482638194928,0.638841160844935
4,0.0109801801198855,0.635653938137182
4,0.0110120964202782,0.632482616703772
4,0.0110440127206709,0.629327117212214
4,0.0110759290210636,0.626187360725715
4,0.0111078453214564,0.623063268701354
4,0.0111397616218491,0.61995476298804
4,0.0111716779222418,0.616861765824614
4,0.0112035942226345,0.613784199837804
4,0.0112355105230272,0.610721988040377
4,0.0112674268234199,0.607675053829336
4,0.0112993431238126,0.604643320983634
4,0.0113312594242053,0.601626713662645
4,0.011363175724598,0.598625156404096
4,0.0113950920249907,0.595638574122164
4,0.0114270083253834,0.592666892105702
4,0.0114589246257762,0.589710036016197
4,0.0114908409261689,0.586767931886103
4,0.0115227572265616,0.583840506116858
4,0.0115546735269543,0.580927685477138
4,0.011586589827347,0.578029397100935
4,0.0116185061277397,0.575145568485768
4,0.0116504224281324,0.57227612749087
4,0.0116823387285251,0.5694210023354
4,0.0117142550289178,0.566580121596728
4,0.0117461713293105,0.563753414208404
4,0.0117780876297033,0.560940809458616
4,0.011810003930096,0.558142236988335
4,0.0118419202304887,0.555357626789504
4,0.0118738365308814,0.552586909203484
4,0.0119057528312741,0.549830014919001
4,0.0119376691316668,0.547086874970629
4,0.0119695854320595,0.544357420737055
4,0.0120015017324522,0.541641583939335
4,0.0120334180328449,0.538939296639158
4,0.0120653343332376,0.536250491237038
4,0.0120972506336303,0.533575100470945
4,0.0121291669340231,0.5309130574143
4,0.0121610832344158,0.528264295474454
4,0.0121929995348085,0.525628748391042
4,0.0122249158352012,0.523006350234168
4,0.0122568321355939,0.520397035402951
4,0.0122887484359866,0.51780073862381
4,0.0123206647363793,0.515217394948715
4,0.012352581036772,0.512646939753795
4,0.0123844973371647,0.510089308737533
4,0.0124164136375574,0.507544437919165
4,0.0124483299379501,0.505012263637179
4,0.0124802462383429,0.502492722547749
4,0.0125121625387356,0.499985751622999
4,0.0125440788391283,0.497491288149412
4,0.012575995139521,0.495009269726527
4,0.0126079114399137,0.492539634265126
4,0.0126398277403064,0.490082319985737
4,0.0126717440406991,0.487637265417118
4,0.0127036603410918,0.485204409394764
4,0.0127355766414845,0.482783691059226
4,0.0127674929418772,0.480375049854823
4,0.0127994092422699,0.477978425527832
4,0.0128313255426627,0.475593758125311
4,0.0128632418430554,0.473220987993248
4,0.0128951581434481,0.470860055775426
4,0.0129270744438408,0.468510902411589
4,0.0129589907442335,0.466173469136229
4,0.0129909070446262,0.463847697477119
4,0.0130228233450189,0.461533529253491
4,0.0130547396454116,0.459230906575134
4,0.0130866559458043,0.456939771840473
4,0.013118572246197,0.45466006773532
4,0.0131504885465897,0.452391737231583
4,0.0131824048469825,0.450134723585495
4,0.0132143211473752,0.447888970336453
4,0.0132462374477679,0.445654421305617
4,0.0132781537481606,0.443431020594384
4,0.0133100700485533,0.441218712582956
4,0.013341986348946,0.439017441929074
4,0.0133739026493387,0.436827153566703
4,0.0134058189497314,0.434647792704298
4,0.0134377352501241,0.432479304823912
4,0.0134696515505168,0.430321635679404
4,0.0135015678509095,0.428174731295455
4,0.0135334841513023,0.426038537965807
4,0.013565400451695,0.423913002252381
4,0.0135973167520877,0.42179807098352
4,0.0136292330524804,0.419693691252968
4,0.0136611493528731,0.417599810418306
4,0.0136930656532658,0.415516376099876
4,0.0137249819536585,0.41344333617928
4,0.0137568982540512,0.411380638798151
4,0.0137888145544439,0.409328232356751
4,0.0138207308548366,0.407286065513014
4,0.0138526471552293,0.405254087180808
4,0.0138845634556221,0.403232246528941
4,0.0139164797560148,0.401220492979849
4,0.0139483960564075,0.399218776208252
4,0.0139803123568002,0.397227046139948
4,0.0140122286571929,0.395245252950654
4,0.0140441449575856,0.3932733470646
4,0.0140760612579783,0.391311279153278
4,0.014107977558371,0.389359000134374
4,0.0141398938587637,0.387416461170405
4,0.0141718101591564,0.385483613667659
4,0.0142037264595491,0.383560409274678
4,0.0142356427599419,0.381646799881349
4,0.0142675590603346,0.379742737617546
4,0.0142994753607273,0.377848174851981
4,0.01433139166112,0.375963064190973
4,0.0143633079615127,0.37408735847737
4,0.0143952242619054,0.372221010789224
4,0.0144271405622981,0.370363974438697
4,0.0144590568626908,0.368516202970894
4,0.0144909731630835,0.366677650162644
4,0.0145228894634762,0.364848270021465
4,0.0145548057638689,0.363028016784231
4,0.0145867220642617,0.361216844916226
4,0.0146186383646544,0.359414709109844
4,0.0146505546650471,0.357621564283561
4,0.0146824709654398,0.355837365580745
4,0.0147143872658325,0.354062068368569
4,0.0147463035662252,0.352295628236948
4,0.0147782198666179,0.350538000997225
4,0.0148101361670106,0.348789142681251
4,0.0148420524674033,0.347049009540286
4,0.014873968767796,0.345317558043875
4,0.0149058850681888,0.343594744878675
4,0.0149378013685815,0.341880526947385
4,0.0149697176689742,0.34017486136788
4,0.0150016339693669,0.338477705471847
4,0.0150335502697596,0.336789016803867
4,0.0150654665701523,0.335108753120388
4,0.015097382870545,0.333436872388528
4,0.0151292991709377,0.331773332785209
4,0.0151612154713304,0.330118092696003
4,0.0151931317717231,0.328471110713949
4,0.0152250480721158,0.326832345638888
4,0.0152569643725086,0.325201756476037
4,0.0152888806729013,0.323579302435208
4,0.015320796973294,0.32196494292977
4,0.0153527132736867,0.320358637575453
4,0.0153846295740794,0.318760346189591
4,0.0154165458744721,0.317170028789898
4,0.0154484621748648,0.315587645593682
4,0.0154803784752575,0.314013157016613
4,0.0155122947756502,0.312446523671855
4,0.0155442110760429,0.310887706369086
4,0.0155761273764356,0.309336666113633
4,0.0156080436768284,0.307793364105239
4,0.0156399599772211,0.306257761737213
4,0.0156718762776138,0.304729820595594
4,0.0157037925780065,0.303209502457877
4,0.0157357088783992,0.301696769292462
4,0.0157676251787919,0.300191583257348
4,0.0157995414791846,0.298693906699427
4,0.0158314577795773,0.297203702153351
4,0.01586337407997,0.295720932340743
4,0.0158952903803627,0.294245560169248
4,0.0159272066807554,0.29277754873148
4,0.0159591229811482,0.291316861304263
4,0.0159910392815409,0.289863461347582
4,0.0160229555819336,0.288417312503698
4,0.0160548718823263,0.286978378596379
4,0.016086788182719,0.285546623629833
4,0.0161187044831117,0.28412201178769
4,0.0161506207835044,0.282704507432561
4,0.0161825370838971,0.281294075104586
4,0.0162144533842898,0.279890679521028
4,0.0162463696846825,0.278494285574986
4,0.0162782859850752,0.277104858334905
4,0.016310202285468,0.275722363043337
4,0.0163421185858607,0.274346765116361
4,0.0163740348862534,0.272978030142539
4,0.0164059511866461,0.271616123882058
4,0.0164378674870388,0.270261012266084
4,0.0164697837874315,0.268912661395568
4,0.0165017000878242,0.267571037540807
4,0.0165336163882169,0.266236107140187
4,0.0165655326886096,0.264907836799552
4,0.0165974489890023,0.263586193291508
4,0.016629365289395,0.26227114355426
4,0.0166612815897878,0.260962654691009
4,0.0166931978901805,0.259660693969159
4,0.0167251141905732,0.258365228819392
4,0.0167570304909659,0.257076226834777
4,0.0167889467913586,0.255793655770085
4,0.0168208630917513,0.254517483541139
4,0.016852779392144,0.253247678223694
4,0.0168846956925367,0.251984208052692
4,0.0169166119929294,0.250727041421742
4,0.0169485282933221,0.249476146881942
4,0.0169804445937148,0.248231493141559
4,0.0170123608941076,0.246993049064622
4,0.0170442771945003,0.245760783670805
4,0.017076193494893,0.244534666134298
4,0.0171081097952857,0.243314665782844
4,0.0171400260956784,0.24210075209745
4,0.0171719423960711,0.240892894711427
4,0.0172038586964638,0.239691063409339
4,0.0172357749968565,0.238495228126681
4,0.0172676912972492,0.237305358948903
4,0.0172996075976419,0.23612142611069
4,0.0173315238980347,0.234943399995212
4,0.0173634401984274,0.233771251133486
4,0.0173953564988201,0.232604950203514
4,0.0174272727992128,0.231444468029385
4,0.0174591890996055,0.230289775581072
4,0.0174911053999982,0.229140843973216
4,0.0175230217003909,0.227997644464599
4,0.0175549380007836,0.22686014845724
4,0.0175868543011763,0.225728327496193
4,0.017618770601569,0.224602153268117
4,0.0176506869019617,0.223481597601107
4,0.0176826032023545,0.22236663246374
4,0.0177145195027472,0.221257229964525
4,0.0177464358031399,0.220153362351065
4,0.0177783521035326,0.219055002009416
4,0.0178102684039253,0.217962121463444
4,0.017842184704318,0.216874693374026
4,0.0178741010047107,0.215792690538533
4,0.0179060173051034,0.214716085890018
4,0.0179379336054961,0.2136448524964
4,0.0179698499058888,0.212578963560296
4,0.0180017662062815,0.211518392417763
4,0.0180336825066743,0.210463112537976
4,0.018065598807067,0.209413097522477
4,0.0180975151074597,0.208368321104419
4,0.0181294314078524,0.207328757148103
4,0.0181613477082451,0.206294379648302
4,0.0181932640086378,0.205265162729284
4,0.0182251803090305,0.204241080644583
4,0.0182570966094232,0.203222107776261
4,0.0182890129098159,0.202208218633939
4,0.0183209292102086,0.201199387854665
4,0.0183528455106013,0.20019559020189
4,0.0183847618109941,0.199196800564973
4,0.0184166781113868,0.198202993958548
4,0.0184485944117795,0.19721414552205
4,0.0184805107121722,0.196230230518727
4,0.0185124270125649,0.195251224335333
4,0.0185443433129576,0.194277102481472
4,0.0185762596133503,0.193307840588859
4,0.018608175913743,0.192343414410843
4,0.0186400922141357,0.191383799821699
4,0.0186720085145284,0.190428972816023
4,0.0187039248149211,0.189478909508367
4,0.0187358411153139,0.188533586132127
4,0.0187677574157066,0.187592979039601
4,0.0187996737160993,0.186657064700833
4,0.018831590016492,0.185725819703403
4,0.0188635063168847,0.184799220751693
4,0.0188954226172774,0.183877244666102
4,0.0189273389176701,0.182959868382977
4,0.0189592552180628,0.182047068953553
4,0.0189911715184555,0.18113882354355
4,0.0190230878188482,0.180235109432699
4,0.0190550041192409,0.179335904013999
4,0.0190869204196337,0.178441184793292
4,0.0191188367200264,0.17755092938857
4,0.0191507530204191,0.176665115529686
4,0.0191826693208118,0.175783721057315
4,0.0192145856212045,0.174906723922882
4,0.0192465019215972,0.174034102187812
4,0.0192784182219899,0.173165834022811
4,0.0193103345223826,0.172301897707803
4,0.0193422508227753,0.171442271630716
4,0.019374167123168,0.170586934287564
4,0.0194060834235607,0.169735864281533
4,0.0194379997239535,0.168889040322569
4,0.0194699160243462,0.168046441226927
4,0.0195018323247389,0.167208045916352
4,0.0195337486251316,0.166373833417927
4,0.0195656649255243,0.165543782863328
4,0.019597581225917,0.164717873488346
4,0.0196294975263097,0.163896084632367
4,0.0196614138267024,0.163078395737725
4,0.0196933301270951,0.162264786349502
4,0.0197252464274878,0.161455236114713
4,0.0197571627278805,0.160649724782097
4,0.0197890790282733,0.159848232201144
4,0.019820995328666,0.15905073832204
4,0.0198529116290587,0.158257223195094
4,0.0198848279294514,0.157467666969881
4,0.0199167442298441,0.156682049895312
4,0.0199486605302368,0.155900352318615
4,0.0199805768306295,0.15512255468517
4,0.0200124931310222,0.154348637537891
4,0.0200444094314149,0.153578581516742
4,0.0200763257318076,0.152812367358295
4,0.0201082420322003,0.152049975895241
4,0.0201401583325931,0.151291388055876
4,0.0201720746329858,0.150536584863707
4,0.0202039909333785,0.149785547436776
4,0.0202359072337712,0.149038256987526
4,0.0202678235341639,0.148294694821966
4,0.0202997398345566,0.147554842339471
4,0.0203316561349493,0.146818681032122
4,0.020363572435342,0.146086192484432
4,0.0203954887357347,0.145357358372791
4,0.0204274050361274,0.144632160464867
4,0.0204593213365202,0.143910580619402
4,0.0204912376369129,0.143192600785628
4,0.0205231539373056,0.142478203002916
4,0.0205550702376983,0.141767369400122
4,0.020586986538091,0.141060082195339
4,0.0206189028384837,0.140356323695267
4,0.0206508191388764,0.139656076295061
4,0.0206827354392691,0.138959322477474
4,0.0207146517396618,0.138266044812812
4,0.0207465680400545,0.137576225958352
4,0.0207784843404472,0.136889848657896
4,0.02081040064084,0.136206895741209
4,0.0208423169412327,0.135527350123775
4,0.0208742332416254,0.134851194806426
4,0.0209061495420181,0.134178412874699
4,0.0209380658424108,0.133508987498576
4,0.0209699821428035,0.132842901931868
4,0.0210018984431962,0.132180139512073
4,0.0210338147435889,0.131520683659868
4,0.0210657310439816,0.130864517878486
4,0.0210976473443743,0.130211625753496
4,0.021129563644767,0.129561990952466
4,0.0211614799451598,0.128915597224347
4,0.0211933962455525,0.128272428399252
4,0.0212253125459452,0.127632468387786
4,0.0212572288463379,0.126995701181122
4,0.0212891451467306,0.126362110850102
4,0.0213210614471233,0.125731681545
4,0.021352977747516,0.125104397495266
4,0.0213848940479087,0.124480243008981
4,0.0214168103483014,0.123859202472636
4,0.0214487266486941,0.123241260350448
4,0.0214806429490868,0.122626401184175
4,0.0215125592494796,0.122014609592827
4,0.0215444755498723,0.12140587027199
4,0.021576391850265,0.120800167993661
4,0.0216083081506577,0.120197487605972
4,0.0216402244510504,0.119597814032268
4,0.0216721407514431,0.119001132271578
4,0.0217040570518358,0.118407427397381
4,0.0217359733522285,0.11781668455786
4,0.0217678896526212,0.117228888975148
4,0.0217998059530139,0.116644025945269
4,0.0218317222534066,0.116062080837438
4,0.0218636385537994,0.115483039094038
4,0.0218955548541921,0.114906886229877
4,0.0219274711545848,0.114333607832127
4,0.0219593874549775,0.113763189559979
4,0.0219913037553702,0.113195617144006
4,0.0220232200557629,0.112630876386134
4,0.0220551363561556,0.112068953158873
4,0.0220870526565483,0.111509833405424
4,0.022118968956941,0.110953503139051
4,0.0221508852573337,0.110399948442791
4,0.0221828015577264,0.109849155469233
4,0.0222147178581192,0.109301110439916
4,0.0222466341585119,0.108755799645068
4,0.0222785504589046,0.108213209443513
4,0.0223104667592973,0.107673326262008
4,0.02234238305969,0.107136136594925
4,0.0223742993600827,0.106601627004282
4,0.0224062156604754,0.10606978411893
4,0.0224381319608681,0.105540594634458
4,0.0224700482612608,0.105014045312983
4,0.0225019645616535,0.104490122982371
4,0.0225338808620462,0.103968814536548
4,0.022565797162439,0.1034501069345
4,0.0225977134628317,0.102933987200639
4,0.0226296297632244,0.102420442423769
4,0.0226615460636171,0.101909459757231
4,0.0226934623640098,0.101401026418573
4,0.0227253786644025,0.10089512968902
4,0.0227572949647952,0.100391756913191
4,0.0227892112651879,0.099890895498914
4,0.0228211275655806,0.0993925329169121
4,0.0228530438659733,0.0988966567002039
4,0.022884960166366,0.0984032544442321
4,0.0229168764667588,0.0979123138062269
4,0.0229487927671515,0.0974238225050225
4,0.0229807090675442,0.0969377683206696
4,0.0230126253679369,0.0964541390942206
4,0.0230445416683296,0.0959729227274993
4,0.0230764579687223,0.0954941071823824
4,0.023108374269115,0.0950176804812007
4,0.0231402905695077,0.0945436307057054
4,0.0231722068699004,0.0940719459972504
4,0.0232041231702931,0.0936026145564868
4,0.0232360394706858,0.0931356246427565
4,0.0232679557710786,0.0926709645739461
4,0.0232998720714713,0.092208622726232
4,0.023331788371864,0.0917485875340985
4,0.0233637046722567,0.0912908474892887
4,0.0233956209726494,0.0908353911411764
4,0.0234275372730421,0.090382207096263
4,0.0234594535734348,0.0899312840179483
4,0.0234913698738275,0.0894826106259982
4,0.0235232861742202,0.089036175696576
4,0.0235552024746129,0.0885919680618762
4,0.0235871187750056,0.0881499766098408
4,0.0236190350753984,0.0877101902835715
4,0.0236509513757911,0.087272598081794
4,0.0236828676761838,0.0868371890577598
4,0.0237147839765765,0.0864039523193939
4,0.0237467002769692,0.0859728770291407
4,0.0237786165773619,0.0855439524032118
4,0.0238105328777546,0.085117167711894
4,0.0238424491781473,0.0846925122789668
4,0.02387436547854,0.0842699754813019
4,0.0239062817789327,0.0838495467489402
4,0.0239381980793255,0.0834312155645691
4,0.0239701143797182,0.0830149714633797
4,0.0240020306801109,0.0826008040328144
4,0.0240339469805036,0.0821887029122039
4,0.0240658632808963,0.0817786577924906
4,0.024097779581289,0.0813706584163361
4,0.0241296958816817,0.0809646945771293
4,0.0241616121820744,0.0805607561196652
4,0.0241935284824671,0.0801588329391301
4,0.0242254447828598,0.079758914981064
4,0.0242573610832525,0.0793609922413142
4,0.0242892773836453,0.0789650547656801
4,0.024321193684038,0.0785710926493457
4,0.0243531099844307,0.0781790960374005
4,0.0243850262848234,0.0777890551235512
4,0.0244169425852161,0.0774009601508213
4,0.0244488588856088,0.0770148014107407
4,0.0244807751860015,0.0766305692432251
4,0.0245126914863942,0.0762482540366461
4,0.0245446077867869,0.075867846226987
4,0.0245765240871796,0.0754893362982958
4,0.0246084403875723,0.0751127147817181
4,0.0246403566879651,0.0747379722559312
4,0.0246722729883578,0.0743650993464595
4,0.0247041892887505,0.0739940867257869
4,0.0247361055891432,0.0736249251126509
4,0.0247680218895359,0.0732576052723394
4,0.0247999381899286,0.0728921180161675
4,0.0248318544903213,0.072528454201045
4,0.024863770790714,0.0721666047299511
4,0.0248956870911067,0.0718065605508719
4,0.0249276033914994,0.0714483126570534
4,0.0249595196918921,0.0710918520867356
4,0.0249914359922849,0.0707371699227757
4,0.0250233522926776,0.0703842572927733
4,0.0250552685930703,0.070033105368265
4,0.025087184893463,0.0696837053649348
4,0.0251191011938557,0.0693360485423034
4,0.0251510174942484,0.068990126203718
4,0.0251829337946411,0.0686459296955078
4,0.0252148500950338,0.0683034504074722
4,0.0252467663954265,0.0679626797723289
4,0.0252786826958192,0.0676236092653586
4,0.0253105989962119,0.0672862304046646
4,0.0253425152966047,0.0669505347503854
4,0.0253744315969974,0.0666165139049388
4,0.0254063478973901,0.0662841595125292
4,0.0254382641977828,0.0659534632592726
4,0.0254701804981755,0.0656244168723737
4,0.0255020967985682,0.0652970121206532
4,0.0255340130989609,0.0649712408139179
4,0.0255659293993536,0.0646470948027408
4,0.0255978456997463,0.0643245659783379
4,0.025629762000139,0.0640036462726488
4,0.0256616783005317,0.0636843276574627
4,0.0256935946009245,0.0633666021450101
4,0.0257255109013172,0.0630504617869666
4,0.0257574272017099,0.0627358986751381
4,0.0257893435021026,0.0624229049403423
4,0.0258212598024953,0.0621114727529744
4,0.025853176102888,0.0618015943222961
4,0.0258850924032807,0.0614932618965654
4,0.0259170087036734,0.0611864677626274
4,0.0259489250040661,0.0608812042457118
4,0.0259808413044588,0.0605774637096486
4,0.0260127576048515,0.060275238556119
4,0.0260446739052443,0.0599745212248581
4,0.026076590205637,0.0596753041929959
4,0.0261085065060297,0.0593775799756767
4,0.0261404228064224,0.0590813411250653
4,0.0261723391068151,0.0587865802305241
4,0.0262042554072078,0.0584932899184634
4,0.0262361717076005,0.0582014628519698
4,0.0262680880079932,0.0579110917309655
4,0.0263000043083859,0.0576221692916088
4,0.0263319206087786,0.0573346883061166
4,0.0263638369091714,0.057048641583231
4,0.0263957532095641,0.0567640219672747
4,0.0264276695099568,0.0564808223381714
4,0.0264595858103495,0.0561990356115704
4,0.0264915021107422,0.0559186547384232
4,0.0265234184111349,0.0556396727048789
4,0.0265553347115276,0.0553620825320648
4,0.0265872510119203,0.0550858772756432
4,0.026619167312313,0.0548110500264525
4,0.0266510836127057,0.0545375939093978
4,0.0266829999130984,0.0542655020837531
4,0.0267149162134912,0.0539947677430226
4,0.0267468325138839,0.0537253841146861
4,0.0267787488142766,0.053457344459829
4,0.0268106651146693,0.0531906420734249
4,0.026842581415062,0.0529252702836247
4,0.0268744977154547,0.0526612224520284
4,0.0269064140158474,0.0523984919732928
4,0.0269383303162401,0.052137072275063
4,0.0269702466166328,0.0518769568177889
4,0.0270021629170255,0.0516181390945364
4,0.0270340792174182,0.0513606126307925
4,0.027065995517811,0.0511043709843764
4,0.0270979118182037,0.0508494077452349
4,0.0271298281185964,0.0505957165352313
4,0.0271617444189891,0.0503432910083765
4,0.0271936607193818,0.0500921248498277
4,0.0272255770197745,0.049842211776554
4,0.0272574933201672,0.0495935455369961
4,0.0272894096205599,0.0493461199103814
4,0.0273213259209526,0.0490999287073794
4,0.0273532422213453,0.0488549657692953
4,0.027385158521738,0.048611224968268
4,0.0274170748221308,0.0483687002069016
4,0.0274489911225235,0.0481273854183425
4,0.0274809074229162,0.0478872745660142
4,0.0275128237233089,0.0476483616432333
4,0.0275447400237016,0.047410640673612
4,0.0275766563240943,0.0471741057102131
4,0.027608572624487,0.0469387508361703
4,0.0276404889248797,0.0467045701639463
4,0.0276724052252724,0.0464715578351515
4,0.0277043215256651,0.0462397080210397
4,0.0277362378260578,0.0460090149216374
4,0.0277681541264506,0.0457794727661178
4,0.0278000704268433,0.0455510758122613
4,0.027831986727236,0.0453238183465937
4,0.0278639030276287,0.0450976946840652
4,0.0278958193280214,0.0448726991681819
4,0.0279277356284141,0.0446488261704464
4,0.0279596519288068,0.0444260700905956
4,0.0279915682291995,0.0442044253561468
4,0.0280234845295922,0.0439838864227437
4,0.0280554008299849,0.0437644477732333
4,0.0280873171303776,0.0435461039182339
4,0.0281192334307704,0.0433288493958945
4,0.0281511497311631,0.0431126787714195
4,0.0281830660315558,0.0428975866371645
4,0.0282149823319485,0.0426835676123831
4,0.0282468986323412,0.0424706163433165
4,0.0282788149327339,0.0422587275028163
4,0.0283107312331266,0.0420478957904271
4,0.0283426475335193,0.0418381159320008
4,0.028374563833912,0.0416293826797715
4,0.0284064801343047,0.0414216908121954
4,0.0284383964346974,0.0412150351336689
4,0.0284703127350902,0.0410094104745935
4,0.0285022290354829,0.0408048116912043
4,0.0285341453358756,0.0406012336652766
4,0.0285660616362683,0.0403986713041807
4,0.028597977936661,0.0401971195406989
4,0.0286298942370537,0.0399965733329562
4,0.0286618105374464,0.0397970276639945
4,0.0286937268378391,0.039598477542285
4,0.0287256431382318,0.0394009180008242
4,0.0287575594386245,0.0392043440975218
4,0.0287894757390172,0.0390087509149964
4,0.02882139203941,0.0388141335604865
4,0.0288533083398027,0.0386204871652835
4,0.0288852246401954,0.038427806885464
4,0.0289171409405881,0.0382360879007241
4,0.0289490572409808,0.0380453254153432
4,0.0289809735413735,0.0378555146572478
4,0.0290128898417662,0.0376666508780199
4,0.0290448061421589,0.0374787293532603
4,0.0290767224425516,0.0372917453819975
4,0.0291086387429443,0.037105694286687
4,0.0291405550433371,0.0369205714132092
4,0.0291724713437298,0.0367363721305047
4,0.0292043876441225,0.0365530918308055
4,0.0292363039445152,0.0363707259291438
4,0.0292682202449079,0.0361892698634575
4,0.0293001365453006,0.0360087190948137
4,0.0293320528456933,0.0358290691063064
4,0.029363969146086,0.0356503154039953
4,0.0293958854464787,0.0354724535163994
4,0.0294278017468714,0.0352954789939851
4,0.0294597180472641,0.0351193874096168
4,0.0294916343476569,0.0349441743584032
4,0.0295235506480496,0.0347698354571754
4,0.0295554669484423,0.0345963663448108
4,0.029587383248835,0.0344237626819481
4,0.0296192995492277,0.0342520201505773
4,0.0296512158496204,0.0340811344544776
4,0.0296831321500131,0.033911101319046
4,0.0297150484504058,0.0337419164906352
4,0.0297469647507985,0.0335735757371062
4,0.0297788810511912,0.0334060748471605
4,0.0298107973515839,0.0332394096306441
4,0.0298427136519766,0.0330735759186077
4,0.0298746299523694,0.0329085695622602
4,0.0299065462527621,0.0327443864341247
4,0.0299384625531548,0.032581022426864
4,0.0299703788535475,0.0324184734540657
4,0.0300022951539402,0.0322567354491825
4,0.0300342114543329,0.0320958043665606
4,0.0300661277547256,0.0319356761801266
4,0.0300980440551183,0.0317763468842895
4,0.030129960355511,0.0316178124932379
4,0.0301618766559037,0.0314600690413454
4,0.0301937929562965,0.031303112582461
4,0.0302257092566892,0.0311469391900626
4,0.0302576255570819,0.0309915449576575
4,0.0302895418574746,0.0308369259976909
4,0.0303214581578673,0.0306830784424394
4,0.03035337445826,0.0305299984432863
4,0.0303852907586527,0.0303776821708651
4,0.0304172070590454,0.0302261258148271
4,0.0304491233594381,0.0300753255839812
4,0.0304810396598308,0.0299252777058068
4,0.0305129559602235,0.0297759784269648
4,0.0305448722606163,0.0296274240124299
4,0.030576788561009,0.0294796107462484
4,0.0306087048614017,0.0293325349305395
4,0.0306406211617944,0.0291861928863761
4,0.0306725374621871,0.0290405809527801
4,0.0307044537625798,0.0288956954870966
4,0.0307363700629725,0.0287515328649908
4,0.0307682863633652,0.0286080894803164
4,0.0308002026637579,0.0284653617444761
4,0.0308321189641506,0.0283233460872956
4,0.0308640352645433,0.0281820389558739
4,0.0308959515649361,0.0280414368157089
4,0.0309278678653288,0.0279015361491606
4,0.0309597841657215,0.0277623334568284
4,0.0309917004661142,0.027623825256262
4,0.0310236167665069,0.0274860080827021
4,0.0310555330668996,0.027348878488548
4,0.0310874493672923,0.0272124330434596
4,0.031119365667685,0.0270766683340749
4,0.0311512819680777,0.026941580964236
4,0.0311831982684704,0.0268071675545745
4,0.0312151145688631,0.0266734247428634
4,0.0312470308692559,0.0265403491830846
4,0.0312789471696486,0.0264079375465465
4,0.0313108634700413,0.0262761865208197
4,0.031342779770434,0.0261450928100817
4,0.0313746960708267,0.0260146531349463
4,0.0314066123712194,0.0258848642322911
4,0.0314385286716121,0.025755722855599
4,0.0314704449720048,0.0256272257740078
4,0.0315023612723975,0.0254993697732936
4,0.0315342775727902,0.0253721516549164
4,0.0315661938731829,0.025245568236614
4,0.0315981101735757,0.0251196163517006
4,0.0316300264739684,0.0249942928495293
4,0.0316619427743611,0.0248695945949155
4,0.0316938590747538,0.0247455184684671
4,0.0317257753751465,0.0246220613665245
4,0.0317576916755392,0.0244992202004466
4,0.0317896079759319,0.0243769918974583
4,0.0318215242763246,0.0242553734000647
4,0.0318534405767173,0.02413436166559
4,0.03188535687711,0.0240139536670242
4,0.0319172731775027,0.0238941463924295
4,0.0319491894778955,0.0237749368444748
4,0.0319811057782882,0.0236563220412795
4,0.0320130220786809,0.0235382990155508
4,0.0320449383790736,0.0234208648147695
4,0.0320768546794663,0.0233040165013743
4,0.032108770979859,0.0231877511522872
4,0.0321406872802517,0.0230720658590952
4,0.0321726035806444,0.0229569577277034
4,0.0322045198810371,0.0228424238789105
4,0.0322364361814298,0.0227284614472658
4,0.0322683524818225,0.0226150675821711
4,0.0323002687822153,0.0225022394468659
4,0.032332185082608,0.0223899742188658
4,0.0323641013830007,0.0222782690900043
4,0.0323960176833934,0.0221671212655412
4,0.0324279339837861,0.0220565279653976
4,0.0324598502841788,0.0219464864228622
4,0.0324917665845715,0.0218369938851584
4,0.0325236828849642,0.021728047613346
4,0.0325555991853569,0.0216196448819526
4,0.0325875154857496,0.0215117829792729
4,0.0326194317861423,0.0214044592071313
4,0.0326513480865351,0.0212976708806429
4,0.0326832643869278,0.0211914153286433
4,0.0327151806873205,0.0210856898927761
4,0.0327470969877132,0.0209804919284575
4,0.0327790132881059,0.0208758188040945
4,0.0328109295884986,0.0207716679011073
4,0.0328428458888913,0.0206680366142201
4,0.032874762189284,0.0205649223510774
4,0.0329066784896767,0.0204623225319928
4,0.0329385947900694,0.0203602345905068
4,0.0329705110904622,0.0202586559728637
4,0.0330024273908549,0.0201575841378914
4,0.0330343436912476,0.020057016557422
4,0.0330662599916403,0.0199569507154919
4,0.033098176292033,0.019857384108896
4,0.0331300925924257,0.0197583142470634
4,0.0331620088928184,0.0196597386516595
4,0.0331939251932111,0.0195616548565938
4,0.0332258414936038,0.0194640604084365
4,0.0332577577939965,0.0193669528657437
4,0.0332896740943892,0.0192703297991981
4,0.0333215903947819,0.0191741887918872
4,0.0333535066951747,0.0190785274387595
4,0.0333854229955674,0.0189833433466259
4,0.0334173392959601,0.0188886341345717
4,0.0334492555963528,0.0187943974332714
4,0.0334811718967455,0.0187006308853986
4,0.0335130881971382,0.0186073321453495
4,0.0335450044975309,0.0185144988792394
4,0.0335769207979236,0.0184221287646226
4,0.0336088370983163,0.0183302194909004
4,0.033640753398709,0.0182387687587633
4,0.0336726696991018,0.0181477742808736
4,0.0337045859994945,0.018057233780614
4,0.0337365022998872,0.017967144993183
4,0.0337684186002799,0.0178775056648934
4,0.0338003349006726,0.0177883135534372
4,0.0338322512010653,0.0176995664275966
4,0.033864167501458,0.0176112620673684
4,0.0338960838018507,0.0175233982635328
4,0.0339280001022434,0.0174359728184726
4,0.0339599164026361,0.017348983544904
4,0.0339918327030288,0.0172624282668341
4,0.0340237490034216,0.0171763048189847
4,0.0340556653038143,0.0170906110470526
4,0.034087581604207,0.0170053448072701
4,0.0341194979045997,0.0169205039666628
4,0.0341514142049924,0.0168360864027479
4,0.0341833305053851,0.0167520900040718
4,0.0342152468057778,0.0166685126690637
4,0.0342471631061705,0.0165853523072743
4,0.0342790794065632,0.0165026068382258
4,0.0343109957069559,0.0164202741920884
4,0.0343429120073486,0.0163383523092304
4,0.0343748283077414,0.0162568391401892
4,0.0344067446081341,0.016175732646065
4,0.0344386609085268,0.0160950307979271
4,0.0344705772089195,0.0160147315767809
4,0.0345024935093122,0.0159348329739606
4,0.0345344098097049,0.0158553329908137
4,0.0345663261100976,0.0157762296386671
4,0.0345982424104903,0.0156975209385083
4,0.034630158710883,0.0156192049215177
4,0.0346620750112757,0.0155412796286065
4,0.0346939913116684,0.0154637431103791
4,0.0347259076120612,0.0153865934270948
4,0.0347578239124539,0.0153098286490568
4,0.0347897402128466,0.0152334468557166
4,0.0348216565132393,0.0151574461363468
4,0.034853572813632,0.0150818245900005
4,0.0348854891140247,0.0150065803246106
4,0.0349174054144174,0.0149317114580916
4,0.0349493217148101,0.0148572161175804
4,0.0349812380152028,0.0147830924395344
4,0.0350131543155955,0.0147093385695426
4,0.0350450706159883,0.0146359526627101
4,0.035076986916381,0.0145629328831806
4,0.0351089032167737,0.0144902774045199
4,0.0351408195171664,0.0144179844089473
4,0.0351727358175591,0.014346052088151
4,0.0352046521179518,0.0142744786426612
4,0.0352365684183445,0.0142032622820881
4,0.0352684847187372,0.0141324012249259
4,0.0353004010191299,0.0140618936983551
4,0.0353323173195226,0.0139917379387692
4,0.0353642336199153,0.013921932190996
4,0.035396149920308,0.0138524747091138
4,0.0354280662207008,0.0137833637552342
4,0.0354599825210935,0.0137145976007536
4,0.0354918988214862,0.0136461745254248
4,0.0355238151218789,0.0135780928174439
4,0.0355557314222716,0.0135103507739757
4,0.0355876477226643,0.0134429467000736
4,0.035619564023057,0.0133758789097874
4,0.0356514803234497,0.0133091457253732
4,0.0356833966238424,0.0132427454775249
4,0.0357153129242351,0.0131766765050185
4,0.0357472292246278,0.0131109371550899
4,0.0357791455250206,0.0130455257833719
4,0.0358110618254133,0.0129804407535371
4,0.035842978125806,0.012915680437527
4,0.0358748944261987,0.0128512432150448
4,0.0359068107265914,0.0127871274743736
4,0.0359387270269841,0.0127233316115731
4,0.0359706433273768,0.0126598540307072
4,0.0360025596277695,0.0125966931439238
4,0.0360344759281622,0.0125338473710905
4,0.0360663922285549,0.0124713151403175
4,0.0360983085289476,0.0124090948869993
4,0.0361302248293404,0.012347185054929
4,0.0361621411297331,0.0122855840953385
4,0.0361940574301258,0.0122242904669738
4,0.0362259737305185,0.0121633026369147
4,0.0362578900309112,0.0121026190794617
4,0.0362898063313039,0.0120422382762092
4,0.0363217226316966,0.011982158717164
4,0.0363536389320893,0.01192237889918
4,0.036385555232482,0.0118628973267767
4,0.0364174715328747,0.0118037125120634
4,0.0364493878332675,0.0117448229743638
4,0.0364813041336602,0.0116862272407365
4,0.0365132204340529,0.011627923845299
4,0.0365451367344456,0.011569911329598
4,0.0365770530348383,0.0115121882422295
4,0.036608969335231,0.0114547531393604
4,0.0366408856356237,0.0113976045841971
4,0.0366728019360164,0.0113407411472054
4,0.0367047182364091,0.0112841614057273
4,0.0367366345368018,0.0112278639445019
4,0.0367685508371945,0.0111718473552809
4,0.0368004671375873,0.0111161102365945
4,0.03683238343798,0.011060651194271
4,0.0368642997383727,0.0110054688408998
4,0.0368962160387654,0.0109505617961995
4,0.0369281323391581,0.0108959286864784
4,0.0369600486395508,0.0108415681451538
4,0.0369919649399435,0.010787478812363
4,0.0370238812403362,0.0107336593348747
4,0.0370557975407289,0.0106801083666098
4,0.0370877138411216,0.0106268245677927
4,0.0371196301415143,0.0105738066054701
4,0.0371515464419071,0.0105210531534223
4,0.0371834627422998,0.0104685628920735
4,0.0372153790426925,0.0104163345082477
4,0.0372472953430852,0.0103643666953834
4,0.0372792116434779,0.0103126581535947
4,0.0373111279438706,0.0102612075892735
4,0.0373430442442633,0.0102100137153022
4,0.037374960544656,0.0101590752511143
4,0.0374068768450487,0.0101083909226008
4,0.0374387931454414,0.010057959461555
4,0.0374707094458341,0.0100077796066527
4,0.0375026257462269,0.00995785010243495
4,0.0375345420466196,0.00990816969998137
4,0.0375664583470123,0.00985873715650587
4,0.037598374647405,0.00980955123541385
4,0.0376302909477977,0.00976061070620463
4,0.0376622072481904,0.00971191434483725
4,0.0376941235485831,0.00966346093285909
4,0.0377260398489758,0.00961524925838947
4,0.0377579561493685,0.00956727811524672
4,0.0377898724497612,0.0095195463033124
4,0.0378217887501539,0.00947205262889709
4,0.0378537050505467,0.00942479590355279
4,0.0378856213509394,0.00937777494536911
4,0.0379175376513321,0.00933098857809503
4,0.0379494539517248,0.0092844356310355
4,0.0379813702521175,0.00923811493988332
4,0.0380132865525102,0.00919202534599345
4,0.0380452028529029,0.00914616569612221
4,0.0380771191532956,0.00910053484341627
4,0.0381090354536883,0.00905513164605812
4,0.038140951754081,0.00900995496825467
4,0.0381728680544737,0.00896500368028967
4,0.0382047843548665,0.00892027665716372
4,0.0382367006552592,0.00887577278036857
4,0.0382686169556519,0.00883149093652606
4,0.0383005332560446,0.00878743001775066
4,0.0383324495564373,0.00874358892201353
4,0.03836436585683,0.00869996655256266
4,0.0383962821572227,0.00865656181812841
4,0.0384281984576154,0.00861337363281419
4,0.0384601147580081,0.00857040091646026
4,0.0384920310584008,0.00852764259390235
4,0.0385239473587935,0.00848509759565048
4,0.0385558636591863,0.00844276485714564
4,0.038587779959579,0.00840064331975602
4,0.0386196962599717,0.0083587319295571
4,0.0386516125603644,0.00831702963816938
4,0.0386835288607571,0.0082755354024878
4,0.0387154451611498,0.00823424818440957
4,0.0387473614615425,0.00819316695103786
4,0.0387792777619352,0.0081522906748864
4,0.0388111940623279,0.00811161833312816
4,0.0388431103627206,0.00807114890859536
4,0.0388750266631133,0.00803088138886783
4,0.0389069429635061,0.00799081476647549
4,0.0389388592638988,0.00795094803926146
4,0.0389707755642915,0.00791128020994646
4,0.0390026918646842,0.00787181028617132
4,0.0390346081650769,0.0078325372805397
4,0.0390665244654696,0.00779346021066061
4,0.0390984407658623,0.00775457809903046
4,0.039130357066255,0.00771588997291424
4,0.0391622733666477,0.00767739486454774
4,0.0391941896670404,0.00763909181085743
4,0.0392261059674332,0.00760097985382344
4,0.0392580222678259,0.00756305804003767
4,0.0392899385682186,0.00752532542058239
4,0.0393218548686113,0.00748778105203877
4,0.039353771169004,0.00745042399475185
4,0.0393856874693967,0.00741325331448453
4,0.0394176037697894,0.00737626808132672
4,0.0394495200701821,0.00733946737005747
4,0.0394814363705748,0.00730285026002209
4,0.0395133526709675,0.0072664158353332
4,0.0395452689713602,0.00723016318442268
4,0.0395771852717529,0.00719409140056675
4,0.0396091015721457,0.00715819958127454
4,0.0396410178725384,0.00712248682881325
4,0.0396729341729311,0.00708695224975793
4,0.0397048504733238,0.00705159495502824
4,0.0397367667737165,0.00701641406041477
4,0.0397686830741092,0.00698140868580099
4,0.0398005993745019,0.00694657795519859
4,0.0398325156748946,0.00691192099776464
4,0.0398644319752873,0.00687743694603961
4,0.03989634827568,0.00684312493778227
4,0.0399282645760728,0.00680898411453283
4,0.0399601808764655,0.00677501362213882
4,0.0399920971768582,0.00674121261095478
4,0.0400240134772509,0.00670758023522069
4,0.0400559297776436,0.00667411565375352
4,0.0400878460780363,0.00664081802948931
4,0.040119762378429,0.00660768652935242
4,0.0401516786788217,0.00657472032445392
4,0.0401835949792144,0.00654191859045582
4,0.0402155112796071,0.00650928050628485
4,0.0402474275799998,0.00647680525598126
4,0.0402793438803926,0.00644449202691612
4,0.0403112601807853,0.006412340010815
4,0.040343176481178,0.00638034840312922
4,0.0403750927815707,0.00634851640406238
4,0.0404070090819634,0.00631684321694594
4,0.0404389253823561,0.00628532804943087
4,0.0404708416827488,0.00625397011335484
4,0.0405027579831415,0.00622276862427586
4,0.0405346742835342,0.00619172280150307
4,0.0405665905839269,0.00616083186846086
4,0.0405985068843196,0.00613009505238745
4,0.0406304231847124,0.00609951158436565
4,0.0406623394851051,0.00606908069952078
4,0.0406942557854978,0.00603880163638341
4,0.0407261720858905,0.00600867363775472
4,0.0407580883862832,0.00597869594956661
4,0.0407900046866759,0.00594886782224972
4,0.0408219209870686,0.00591918850959237
4,0.0408538372874613,0.00588965726893656
4,0.040885753587854,0.00586027336171069
4,0.0409176698882467,0.00583103605278801
4,0.0409495861886394,0.00580194461101948
4,0.0409815024890322,0.00577299830825383
4,0.0410134187894249,0.00574419642071161
4,0.0410453350898176,0.00571553822766778
4,0.0410772513902103,0.00568702301249037
4,0.041109167690603,0.00565865006148855
4,0.0411410839909957,0.0056304186652902
4,0.0411730002913884,0.00560232811735053
4,0.0412049165917811,0.00557437771516185
4,0.0412368328921738,0.00554656675943604
4,0.0412687491925665,0.00551889455446992
4,0.0413006654929593,0.00549136040817268
4,0.041332581793352,0.00546396363141434
4,0.0413644980937447,0.00543670353924005
4,0.0413964143941374,0.00540957944953918
4,0.0414283306945301,0.00538259068375036
4,0.0414602469949228,0.00535573656671798
4,0.0414921632953155,0.00532901642688887
4,0.0415240795957082,0.00530242959548634
4,0.0415559958961009,0.00527597540772868
4,0.0415879121964936,0.00524965320183233
4,0.0416198284968863,0.00522346231920713
4,0.041651744797279,0.0051974021046523
4,0.0416836610976718,0.00517147190621081
4,0.0417155773980645,0.0051456710753656
4,0.0417474936984572,0.00511999896672221
4,0.0417794099988499,0.00509445493803301
4,0.0418113262992426,0.00506903835022147
4,0.0418432425996353,0.00504374856757829
4,0.041875158900028,0.00501858495727026
4,0.0419070752004207,0.00499354689005178
4,0.0419389915008134,0.00496863373942908
4,0.0419709078012061,0.00494384488237209
4,0.0420028241015988,0.0049191796984767
4,0.0420347404019916,0.00489463757102238
4,0.0420666567023843,0.00487021788578813
4,0.042098573002777,0.0048459200321111
4,0.0421304893031697,0.00482174340221921
4,0.0421624056035624,0.00479768739108021
4,0.0421943219039551,0.00477375139711671
4,0.0422262382043478,0.00474993482136305
4,0.0422581545047405,0.00472623706818069
4,0.0422900708051332,0.00470265754476064
4,0.0423219871055259,0.00467919566131892
4,0.0423539034059187,0.00465585083077092
4,0.0423858197063114,0.00463262246910057
4,0.0424177360067041,0.00460950999538263
4,0.0424496523070968,0.00458651283145628
4,0.0424815686074895,0.00456363040194602
4,0.0425134849078822,0.00454086213445733
4,0.0425454012082749,0.00451820745942353
4,0.0425773175086676,0.00449566580995184
4,0.0426092338090603,0.00447323662254387
4,0.042641150109453,0.00445091933589234
4,0.0426730664098457,0.00442871339160072
4,0.0427049827102385,0.00440661823437955
4,0.0427368990106312,0.00438463331154142
4,0.0427688153110239,0.00436275807284498
4,0.0428007316114166,0.0043409919712172
4,0.0428326479118093,0.00431933446224715
4,0.042864564212202,0.00429778500402959
4,0.0428964805125947,0.00427634305771263
4,0.0429283968129874,0.00425500808646063
4,0.0429603131133801,0.00423377955705954
4,0.0429922294137728,0.00421265693817374
4,0.0430241457141655,0.00419163970159963
4,0.0430560620145583,0.00417072732140226
4,0.043087978314951,0.00414991927446401
4,0.0431198946153437,0.00412921504050425
4,0.0431518109157364,0.00410861410121275
4,0.0431837272161291,0.00408811594150776
4,0.0432156435165218,0.00406772004849186
4,0.0432475598169145,0.004047425912002
4,0.0432794761173072,0.00402723302427289
4,0.0433113924176999,0.00400714088048848
4,0.0433433087180926,0.00398714897755529
4,0.0433752250184853,0.00396725681572109
4,0.0434071413188781,0.00394746389734772
4,0.0434390576192708,0.00392776972710589
4,0.0434709739196635,0.00390817381234941
4,0.0435028902200562,0.0038886756631335
4,0.0435348065204489,0.00386927479151786
4,0.0435667228208416,0.00384997071211923
4,0.0435986391212343,0.00383076294212918
4,0.043630555421627,0.00381165100097326
4,0.0436624717220197,0.00379263441068617
4,0.0436943880224124,0.00377371269539097
4,0.0437263043228051,0.0037548853820333
4,0.0437582206231979,0.00373615199932121
4,0.0437901369235906,0.003717512078639
4,0.0438220532239833,0.00369896515406495
4,0.043853969524376,0.00368051076112797
4,0.0438858858247687,0.00366214843862347
4,0.0439178021251614,0.00364387772700938
4,0.0439497184255541,0.00362569816914208
4,0.0439816347259468,0.00360760931029274
4,0.0440135510263395,0.00358961069816378
4,0.0440454673267322,0.00357170188218144
4,0.044077383627125,0.00355388241459603
4,0.0441092999275177,0.00353615184959356
4,0.0441412162279104,0.00351850974367288
4,0.0441731325283031,0.00350095565529847
4,0.0442050488286958,0.00348348914564122
4,0.0442369651290885,0.00346610977750516
4,0.0442688814294812,0.00344881711624982
4,0.0443007977298739,0.00343161072926067
4,0.0443327140302666,0.00341449018614568
4,0.0443646303306593,0.0033974550585681
4,0.044396546631052,0.00338050492044333
4,0.0444284629314447,0.00336363934777142
4,0.0444603792318375,0.00334685791846891
4,0.0444922955322302,0.00333016021311363
4,0.0445242118326229,0.00331354581349791
4,0.0445561281330156,0.00329701430447005
4,0.0445880444334083,0.00328056527230352
4,0.044619960733801,0.00326419830525868
4,0.0446518770341937,0.0032479129943302
4,0.0446837933345864,0.00323170893197863
4,0.0447157096349791,0.00321558571269317
4,0.0447476259353718,0.00319954293337315
4,0.0447795422357646,0.00318358019242331
4,0.0448114585361573,0.00316769709087011
4,0.04484337483655,0.00315189323108799
4,0.0448752911369427,0.00313616821791653
4,0.0449072074373354,0.00312052165793767
4,0.0449391237377281,0.00310495315967276
4,0.0449710400381208,0.0030894623337804
4,0.0450029563385135,0.00307404879270048
4,0.0450348726389062,0.00305871215066664
4,0.0450667889392989,0.00304345202445922
4,0.0450987052396916,0.00302826803193828
4,0.0451306215400843,0.00301315979335117
4,0.0451625378404771,0.00299812693097588
4,0.0451944541408698,0.00298316906839159
4,0.0452263704412625,0.00296828583178957
4,0.0452582867416552,0.00295347684850104
4,0.0452902030420479,0.00293874174849527
4,0.0453221193424406,0.00292408016271912
4,0.0453540356428333,0.00290949172459669
4,0.045385951943226,0.00289497606929794
4,0.0454178682436187,0.00288053283356397
4,0.0454497845440114,0.00286616165627822
4,0.0454817008444042,0.00285186217754547
4,0.0455136171447969,0.00283763404001036
4,0.0455455334451896,0.0028234768877493
4,0.0455774497455823,0.00280939036646815
4,0.045609366045975,0.00279537412370074
4,0.0456412823463677,0.00278142780900812
4,0.0456731986467604,0.00276755107342822
4,0.0457051149471531,0.00275374356967404
4,0.0457370312475458,0.00274000495270844
4,0.0457689475479385,0.00272633487862922
4,0.0458008638483312,0.00271273300543081
4,0.045832780148724,0.00269919899301613
4,0.0458646964491167,0.00268573250264311
4,0.0458966127495094,0.00267233319768875
4,0.0459285290499021,0.00265900074252947
4,0.0459604453502948,0.00264573480406011
4,0.0459923616506875,0.00263253505019622
4,0.0460242779510802,0.00261940115101694
4,0.0460561942514729,0.00260633277745312
4,0.0460881105518656,0.00259332960318842
4,0.0461200268522583,0.00258039130258974
4,0.046151943152651,0.00256751755204152
4,0.0461838594530437,0.0025547080293884
4,0.0462157757534365,0.00254196241451457
4,0.0462476920538292,0.00252928038821574
4,0.0462796083542219,0.00251666163353774
4,0.0463115246546146,0.00250410583483776
4,0.0463434409550073,0.00249161267760322
4,0.0463753572554,0.00247918184979375
4,0.0464072735557927,0.00246681304013861
4,0.0464391898561854,0.00245450593947927
4,0.0464711061565781,0.00244226023963582
4,0.0465030224569708,0.002430075634561
4,0.0465349387573636,0.00241795181920508
4,0.0465668550577563,0.00240588849048011
4,0.046598771358149,0.00239388534650546
4,0.0466306876585417,0.00238194208699936
4,0.0466626039589344,0.00237005841328882
4,0.0466945202593271,0.00235823402812758
4,0.0467264365597198,0.00234646863551338
4,0.0467583528601125,0.00233476194127271
4,0.0467902691605052,0.00232311365268685
4,0.0468221854608979,0.00231152347811643
4,0.0468541017612906,0.00229999112758663
4,0.0468860180616834,0.00228851631298968
4,0.0469179343620761,0.00227709874693894
4,0.0469498506624688,0.00226573814373973
4,0.0469817669628615,0.00225443421959222
4,0.0470136832632542,0.00224318669144311
4,0.0470455995636469,0.00223199527795852
4,0.0470775158640396,0.0022208596993404
4,0.0471094321644323,0.00220977967675514
4,0.047141348464825,0.00219875493311544
4,0.0471732647652177,0.00218778519289629
4,0.0472051810656105,0.00217687018136854
4,0.0472370973660032,0.00216600962557568
4,0.0472690136663959,0.00215520325376113
4,0.0473009299667886,0.00214445079576469
4,0.0473328462671813,0.00213375198244849
4,0.047364762567574,0.00212310654648238
4,0.0473966788679667,0.00211251422118563
4,0.0474285951683594,0.00210197474170178
4,0.0474605114687521,0.00209148784442363
4,0.0474924277691448,0.00208105326700103
4,0.0475243440695375,0.00207067074834884
4,0.0475562603699302,0.00206034002885007
4,0.047588176670323,0.0020500608499735
4,0.0476200929707157,0.00203983295486766
4,0.0476520092711084,0.00202965608719561
4,0.0476839255715011,0.00201952999270717
4,0.0477158418718938,0.0020094544178773
4,0.0477477581722865,0.00199942911089281
4,0.0477796744726792,0.00198945382087633
4,0.0478115907730719,0.00197952829828576
4,0.0478435070734646,0.00196965229472556
4,0.0478754233738573,0.0019598255633473
4,0.0479073396742501,0.00195004785807101
4,0.0479392559746428,0.00194031893457569
4,0.0479711722750355,0.00193063854932322
4,0.0480030885754282,0.00192100646015582
4,0.0480350048758209,0.00191142242610659
4,0.0480669211762136,0.00190188620760418
4,0.0480988374766063,0.00189239756588791
4,0.048130753776999,0.00188295626360679
4,0.0481626700773917,0.00187356206462958
4,0.0481945863777844,0.00186421473405196
4,0.0482265026781771,0.00185491403780758
4,0.0482584189785699,0.00184565974346683
4,0.0482903352789626,0.00183645161945198
4,0.0483222515793553,0.00182728943544
4,0.048354167879748,0.00181817296197256
4,0.0483860841801407,0.00180910197145573
4,0.0484180004805334,0.00180007623677688
4,0.0484499167809261,0.00179109553190638
4,0.0484818330813188,0.00178215963250157
4,0.0485137493817115,0.00177326831491893
4,0.0485456656821042,0.00176442135681748
4,0.0485775819824969,0.00175561853656743
4,0.0486094982828897,0.00174685963445343
4,0.0486414145832824,0.00173814443088553
4,0.0486733308836751,0.00172947270820184
4,0.0487052471840678,0.00172084424947737
4,0.0487371634844605,0.0017122588385292
4,0.0487690797848532,0.00170371626072308
4,0.0488009960852459,0.00169521630258039
4,0.0488329123856386,0.00168675875138347
4,0.0488648286860313,0.00167834339538164
4,0.048896744986424,0.00166997002399788
4,0.0489286612868167,0.00166163842823744
4,0.0489605775872095,0.00165334839928783
4,0.0489924938876022,0.0016450997297296
4,0.0490244101879949,0.00163689221354356
4,0.0490563264883876,0.00162872564511044
4,0.0490882427887803,0.00162059982042465
4,0.049120159089173,0.00161251453589152
4,0.0491520753895657,0.00160446958934079
4,0.0491839916899584,0.00159646477962969
4,0.0492159079903511,0.00158849990644671
4,0.0492478242907438,0.00158057477072142
4,0.0492797405911365,0.00157268917382134
4,0.0493116568915292,0.00156484291897376
4,0.049343573191922,0.00155703580945004
4,0.0493754894923147,0.00154926765019087
4,0.0494074057927074,0.00154153824679927
4,0.0494393220931001,0.00153384740595144
4,0.0494712383934928,0.00152619493519938
4,0.0495031546938855,0.00151858064317953
4,0.0495350709942782,0.00151100433941516
4,0.0495669872946709,0.00150346583432161
4,0.0495989035950636,0.00149596493921155
4,0.0496308198954563,0.00148850146691186
4,0.0496627361958491,0.00148107523013875
4,0.0496946524962418,0.00147368604333701
4,0.0497265687966345,0.00146633372187077
4,0.0497584850970272,0.00145901808161997
4,0.0497904013974199,0.00145173893959785
4,0.0498223176978126,0.00144449611354757
4,0.0498542339982053,0.00143728942276593
4,0.049886150298598,0.00143011868647122
4,0.0499180665989907,0.00142298372544561
4,0.0499499828993834,0.00141588436122162
4,0.0499818991997761,0.00140882041629203
4,0.0500138155001689,0.00140179171390966
4,0.0500457318005616,0.001394798078092
4,0.0500776481009543,0.00138783933403715
4,0.050109564401347,0.00138091530771812
4,0.0501414807017397,0.00137402582588735
4,0.0501733970021324,0.00136717071608133
4,0.0502053133025251,0.00136034980683142
4,0.0502372296029178,0.00135356292766909
4,0.0502691459033105,0.0013468099085117
4,0.0503010622037032,0.00134009058090548
4,0.0503329785040959,0.00133340477637874
4,0.0503648948044887,0.00132675232768515
4,0.0503968111048814,0.0013201330686026
4,0.0504287274052741,0.00131354683352417
4,0.0504606437056668,0.00130699345766931
4,0.0504925600060595,0.00130047277688108
4,0.0505244763064522,0.00129398462825263
4,0.0505563926068449,0.00128752884951014
4,0.0505883089072376,0.00128110527922454
4,0.0506202252076303,0.00127471375640021
4,0.050652141508023,0.00126835412131056
4,0.0506840578084158,0.00126202621487929
4,0.0507159741088085,0.00125572987889269
4,0.0507478904092012,0.00124946495579577
4,0.0507798067095939,0.00124323128869614
4,0.0508117230099866,0.0012370287219942
4,0.0508436393103793,0.00123085710013581
4,0.050875555610772,0.00122471626907726
4,0.0509074719111647,0.00121860607482792
4,0.0509393882115574,0.001212526364917
4,0.0509713045119501,0.00120647698714381
4,0.0510032208123428,0.0012004577899994
4,0.0510351371127356,0.00119446862308977
4,0.0510670534131283,0.00118850933651182
4,0.051098969713521,0.00118257978127641
4,0.0511308860139137,0.00117667980910293
4,0.0511628023143064,0.00117080927221306
4,0.0511947186146991,0.00116496802375463
4,0.0512266349150918,0.00115915591780625
4,0.0512585512154845,0.00115337280875017
4,0.0512904675158772,0.00114761855211769
4,0.0513223838162699,0.00114189300396195
4,0.0513543001166627,0.00113619602086118
4,0.0513862164170554,0.00113052746034414
4,0.0514181327174481,0.00112488718068356
4,0.0514500490178408,0.00111927504068865
4,0.0514819653182335,0.00111369090013135
4,0.0515138816186262,0.00110813461932774
4,0.0515457979190189,0.00110260605914127
4,0.0515777142194116,0.00109710508119795
4,0.0516096305198043,0.00109163154810225
4,0.051641546820197,0.00108618532301743
4,0.0516734631205897,0.00108076626924432
4,0.0517053794209824,0.00107537425171001
4,0.0517372957213751,0.00107000913527422
4,0.0517692120217679,0.00106467078558124
4,0.0518011283221606,0.00105935906948943
4,0.0518330446225533,0.00105407385401187
4,0.051864960922946,0.00104881500653138
4,0.0518968772233387,0.00104358239608223
4,0.0519287935237314,0.00103837589143688
4,0.0519607098241241,0.00103319536217387
4,0.0519926261245168,0.00102804067910888
4,0.0520245424249095,0.00102291171323144
4,0.0520564587253022,0.00101780833592076
4,0.052088375025695,0.00101273041980421
4,0.0521202913260877,0.00100767783769207
4,0.0521522076264804,0.00100265046343642
4,0.0521841239268731,0.00099764817086391
4,0.0522160402272658,0.000992670835278539
4,0.0522479565276585,0.000987718331750543
4,0.0522798728280512,0.00098279053683511
4,0.0523117891284439,0.000977887326859173
4,0.0523437054288366,0.000973008579427202
4,0.0523756217292293,0.000968154172350695
4,0.052407538029622,0.000963323984295989
4,0.0524394543300148,0.000958517894357369
4,0.0524713706304075,0.000953735782275233
4,0.0525032869308002,0.00094897752843937
4,0.0525352032311929,0.000944243014108043
4,0.0525671195315856,0.00093953212033224
4,0.0525990358319783,0.000934844729684869
4,0.052630952132371,0.00093018072475327
4,0.0526628684327637,0.000925539988789509
4,0.0526947847331564,0.000920922405713665
4,0.0527267010335491,0.000916327860333692
4,0.0527586173339418,0.000911756237265739
4,0.0527905336343346,0.000907207422452787
4,0.0528224499347273,0.000902681301867979
4,0.05285436623512,0.000898177762384396
4,0.0528862825355127,0.000893696691561747
4,0.0529181988359054,0.000889237976997504
4,0.0529501151362981,0.00088480150719826
4,0.0529820314366908,0.000880387171366015
4,0.0530139477370835,0.000875994858748139
4,0.0530458640374762,0.000871624459946106
4,0.0530777803378689,0.000867275865176458
4,0.0531096966382616,0.000862948966016132
4,0.0531416129386544,0.000858643654097925
4,0.0531735292390471,0.000854359821548658
4,0.0532054455394398,0.00085009736121036
4,0.0532373618398325,0.000845856166862234
4,0.0532692781402252,0.000841636131911662
4,0.0533011944406179,0.000837437151145827
4,0.0533331107410106,0.00083325911920337
4,0.0533650270414033,0.000829101931890335
4,0.053396943341796,0.000824965485088027
4,0.0534288596421887,0.000820849675193278
4,0.0534607759425814,0.00081675439934068
4,0.0534926922429742,0.000812679555186118
4,0.0535246085433669,0.000808625040909394
4,0.0535565248437596,0.00080459075455685
4,0.0535884411441523,0.000800576595803075
4,0.053620357444545,0.000796582463754177
4,0.0536522737449377,0.000792608258710278
4,0.0536841900453304,0.000788653881288006
4,0.0537161063457231,0.000784719232643111
4,0.0537480226461158,0.000780804214252309
4,0.0537799389465085,0.000776908727915239
4,0.0538118552469013,0.000773032676640636
4,0.053843771547294,0.000769175963102649
4,0.0538756878476867,0.000765338491190028
4,0.0539076041480794,0.000761520164460608
4,0.0539395204484721,0.000757720887692332
4,0.0539714367488648,0.00075394056577931
4,0.0540033530492575,0.000750179104176805
4,0.0540352693496502,0.000746436408903853
4,0.0540671856500429,0.000742712386101691
4,0.0540991019504356,0.000739006942701754
4,0.0541310182508283,0.000735319985984233
4,0.054162934551221,0.000731651423580041
4,0.0541948508516138,0.00072800116414065
4,0.0542267671520065,0.000724369116005496
4,0.0542586834523992,0.000720755188316408
4,0.0542905997527919,0.000717159291020886
4,0.0543225160531846,0.000713581333759639
4,0.0543544323535773,0.00071002122720626
4,0.05438634865397,0.000706478882177516
4,0.0544182649543627,0.000702954210081743
4,0.0544501812547554,0.00069944712292147
4,0.0544820975551481,0.000695957532848432
4,0.0545140138555409,0.00069248535261275
4,0.0545459301559336,0.000689030495341488
4,0.0545778464563263,0.00068559287476482
4,0.054609762756719,0.000682172404321333
4,0.0546416790571117,0.000678768999178164
4,0.0546735953575044,0.000675382573766408
4,0.0547055116578971,0.000672013043352853
4,0.0547374279582898,0.000668660323818405
4,0.0547693442586825,0.00066532433121075
4,0.0548012605590752,0.000662004982195883
4,0.0548331768594679,0.00065870219361025
4,0.0548650931598607,0.000655415882687429
4,0.0548970094602534,0.000652145967736619
4,0.0549289257606461,0.00064889236634147
4,0.0549608420610388,0.000645654997390692
4,0.0549927583614315,0.000642433780179048
4,0.0550246746618242,0.000639228633505185
4,0.0550565909622169,0.000636039477706453
4,0.0550885072626096,0.00063286623285379
4,0.0551204235630023,0.000629708819431002
4,0.055152339863395,0.000626567158563286
4,0.0551842561637877,0.000623441171793162
4,0.0552161724641805,0.000620330780628802
4,0.0552480887645732,0.000617235907452488
4,0.0552800050649659,0.000614156474842646
4,0.0553119213653586,0.000611092405802366
4,0.0553438376657513,0.00060804362353403
4,0.055375753966144,0.000605010051895566
4,0.0554076702665367,0.000601991614947868
4,0.0554395865669294,0.000598988237183832
4,0.0554715028673221,0.000595999843302467
4,0.0555034191677148,0.000593026358894192
4,0.0555353354681076,0.000590067709531601
4,0.0555672517685003,0.000587123820998378
4,0.055599168068893,0.000584194619518999
4,0.0556310843692857,0.000581280032217743
4,0.0556630006696784,0.000578379985978703
4,0.0556949169700711,0.000575494408360925
4,0.0557268332704638,0.000572623226914282
4,0.0557587495708565,0.000569766370096316
4,0.0557906658712492,0.000566923766129627
4,0.0558225821716419,0.000564095344377728
4,0.0558544984720346,0.000561281033742896
4,0.0558864147724273,0.000558480763813374
4,0.0559183310728201,0.000555694464636288
4,0.0559502473732128,0.000552922066489783
4,0.0559821636736055,0.000550163500114298
4,0.0560140799739982,0.000547418696484436
4,0.0560459962743909,0.000544687586810276
4,0.0560779125747836,0.00054197010276904
4,0.0561098288751763,0.000539266176507064
4,0.056141745175569,0.000536575740180519
4,0.0561736614759617,0.000533898726648323
4,0.0562055777763544,0.000531235069013
4,0.0562374940767471,0.000528584700621988
4,0.0562694103771399,0.00052594755506895
4,0.0563013266775326,0.000523323566195088
4,0.0563332429779253,0.000520712668784673
4,0.056365159278318,0.000518114797410632
4,0.0563970755787107,0.000515529886897887
4,0.0564289918791034,0.000512957872556467
4,0.0564609081794961,0.000510398690415403
4,0.0564928244798888,0.000507852276065043
4,0.0565247407802815,0.000505318565817359
4,0.0565566570806742,0.000502797496708573
4,0.056588573381067,0.000500289005107041
4,0.0566204896814597,0.000497793028805228
4,0.0566524059818524,0.00049530950492983
4,0.0566843222822451,0.000492838371570412
4,0.0567162385826378,0.00049037956685076
4,0.0567481548830305,0.000487933029162651
4,0.0567800711834232,0.000485498697633647
4,0.0568119874838159,0.000483076511196224
4,0.0568439037842086,0.000480666409054782
4,0.0568758200846013,0.000478268331154224
4,0.056907736384994,0.000475882217247517
4,0.0569396526853867,0.000473508008065176
4,0.0569715689857795,0.000471145643914369
4,0.0570034852861722,0.000468795065614903
4,0.0570354015865649,0.000466456214735483
4,0.0570673178869576,0.000464129032424219
4,0.0570992341873503,0.000461813460580739
4,0.057131150487743,0.000459509441389445
4,0.0571630667881357,0.000457216916851186
4,0.0571949830885284,0.000454935830192948
4,0.0572268993889211,0.000452666123756078
4,0.0572588156893138,0.00045040774134641
4,0.0572907319897066,0.000448160625885455
4,0.0573226482900993,0.000445924721527672
4,0.057354564590492,0.000443699972250791
4,0.0573864808908847,0.000441486322563008
4,0.0574183971912774,0.000439283716797362
4,0.0574503134916701,0.000437092099819721
4,0.0574822297920628,0.000434911417266878
4,0.0575141460924555,0.000432741614131618
4,0.0575460623928482,0.00043058263617975
4,0.0575779786932409,0.000428434429716204
4,0.0576098949936336,0.000426296940640393
4,0.0576418112940264,0.000424170115866254
4,0.0576737275944191,0.000422053901667127
4,0.0577056438948118,0.000419948245570806
4,0.0577375601952045,0.000417853094940415
4,0.0577694764955972,0.000415768396974405
4,0.0578013927959899,0.000413694099656314
4,0.0578333090963826,0.000411630151044673
4,0.0578652253967753,0.000409576499986769
4,0.057897141697168,0.000407533094456443
4,0.0579290579975607,0.000405499883693788
4,0.0579609742979535,0.00040347681678052
4,0.0579928905983462,0.000401463842878204
4,0.0580248068987389,0.00039946091218233
4,0.0580567231991316,0.000397467974017698
4,0.0580886394995243,0.000395484978745394
4,0.058120555799917,0.000393511876811073
4,0.0581524721003097,0.000391548618984493
4,0.0581843884007024,0.000389595155882801
4,0.0582163047010951,0.000387651438687967
4,0.0582482210014878,0.000385717418909473
4,0.0582801373018805,0.000383793047906812
4,0.0583120536022732,0.000381878277847636
4,0.058343969902666,0.00037997306075171
4,0.0583758862030587,0.000378077348970504
4,0.0584078025034514,0.00037619109494858
4,0.0584397188038441,0.000374314251464303
4,0.0584716351042368,0.000372446771871348
4,0.0585035514046295,0.000370588609139373
4,0.0585354677050222,0.000368739717055635
4,0.0585673840054149,0.000366900049024683
4,0.0585993003058076,0.000365069559271289
4,0.0586312166062003,0.000363248202120522
4,0.0586631329065931,0.000361435931757433
4,0.0586950492069858,0.000359632702950373
4,0.0587269655073785,0.00035783847057049
4,0.0587588818077712,0.000356053189592376
4,0.0587907981081639,0.00035427681557773
4,0.0588227144085566,0.00035250930419406
4,0.0588546307089493,0.000350750610731806
4,0.058886547009342,0.000349000691796955
4,0.0589184633097347,0.000347259503136735
4,0.0589503796101274,0.000345527001574911
4,0.0589822959105201,0.000343803143561325
4,0.0590142122109129,0.000342087885898507
4,0.0590461285113056,0.000340381185742981
4,0.0590780448116983,0.000338683000363895
4,0.059109961112091,0.000336993287629305
4,0.0591418774124837,0.000335312004793419
4,0.0591737937128764,0.000333639109953735
4,0.0592057100132691,0.000331974561324051
4,0.0592376263136618,0.000330318317235112
4,0.0592695426140545,0.000328670336378741
4,0.0593014589144472,0.000327030577321947
4,0.0593333752148399,0.00032539899923812
4,0.0593652915152326,0.000323775561177406
4,0.0593972078156254,0.000322160222554702
4,0.0594291241160181,0.000320552942906836
4,0.0594610404164108,0.00031895368213748
4,0.0594929567168035,0.000317362400029688
4,0.0595248730171962,0.000315779057223969
4,0.0595567893175889,0.000314203613508362
4,0.0595887056179816,0.000312636030019495
4,0.0596206219183743,0.000311076267287224
4,0.059652538218767,0.000309524286213495
4,0.0596844545191597,0.000307980048318829
4,0.0597163708195525,0.000306443514517759
4,0.0597482871199452,0.000304914646590143
4,0.0597802034203379,0.000303393406447078
4,0.0598121197207306,0.000301879755640162
4,0.0598440360211233,0.000300373656835814
4,0.059875952321516,0.000298875071850869
4,0.0599078686219087,0.000297383963373252
4,0.0599397849223014,0.000295900294225929
4,0.0599717012226941,0.000294424027367569
4,0.0600036175230868,0.000292955125400222
4,0.0600355338234795,0.000291493552048367
4,0.0600674501238722,0.000290039270681701
4,0.060099366424265,0.000288592244561366
4,0.0601312827246577,0.000287152438074991
4,0.0601631990250504,0.000285719814515712
4,0.0601951153254431,0.000284294338799529
4,0.0602270316258358,0.000282875974501074
4,0.0602589479262285,0.000281464686820724
4,0.0602908642266212,0.000280060440112554
4,0.0603227805270139,0.000278663199121343
4,0.0603546968274066,0.000277272929231815
4,0.0603866131277993,0.000275889595478372
4,0.060418529428192,0.000274513163040818
4,0.0604504457285848,0.000273143597989971
4,0.0604823620289775,0.000271780865551134
4,0.0605142783293702,0.000270424932090779
4,0.0605461946297629,0.000269075763378837
4,0.0605781109301556,0.000267733325831605
4,0.0606100272305483,0.000266397585766789
4,0.060641943530941,0.000265068509901714
4,0.0606738598313337,0.000263746064606927
4,0.0607057761317264,0.000262430217401749
4,0.0607376924321191,0.000261120934961555
4,0.0607696087325119,0.000259818184613596
4,0.0608015250329046,0.000258521933589676
4,0.0608334413332973,0.000257232149775833
4,0.06086535763369,0.000255948800964235
4,0.0608972739340827,0.000254671854603018
4,0.0609291902344754,0.00025340127904707
4,0.0609611065348681,0.000252137042558981
4,0.0609930228352608,0.000250879113559587
4,0.0610249391356535,0.000249627460127273
4,0.0610568554360462,0.000248382051502178
4,0.0610887717364389,0.000247142856332879
4,0.0611206880368317,0.000245909843679376
4,0.0611526043372244,0.000244682982260786
4,0.0611845206376171,0.000243462241962702
4,0.0612164369380098,0.000242247592080204
4,0.0612483532384025,0.000241039002071343
4,0.0612802695387952,0.000239836441809522
4,0.0613121858391879,0.000238639881332951
4,0.0613441021395806,0.000237449290341317
4,0.0613760184399733,0.000236264639455741
4,0.061407934740366,0.000235085898960133
4,0.0614398510407588,0.000233913039052922
4,0.0614717673411515,0.000232746030857118
4,0.0615036836415442,0.000231584844654405
4,0.0615355999419369,0.0002304294519054
4,0.0615675162423296,0.000229279823482567
4,0.0615994325427223,0.000228135930681066
4,0.061631348843115,0.00022699774471372
4,0.0616632651435077,0.000225865237217625
4,0.0616951814439004,0.000224738380002019
4,0.0617270977442931,0.000223617144541819
4,0.0617590140446858,0.000222501503245433
4,0.0617909303450785,0.00022139142793443
4,0.0618228466454713,0.000220286890604099
4,0.061854762945864,0.00021918786418637
4,0.0618866792462567,0.000218094320772899
4,0.0619185955466494,0.000217006233139206
4,0.0619505118470421,0.000215923573983196
4,0.0619824281474348,0.000214846316434384
4,0.0620143444478275,0.000213774433290977
4,0.0620462607482202,0.000212707897783839
4,0.0620781770486129,0.000211646683577806
4,0.0621100933490056,0.000210590763497309
4,0.0621420096493984,0.000209540111566555
4,0.0621739259497911,0.000208494701480408
4,0.0622058422501838,0.000207454507114792
4,0.0622377585505765,0.00020641950227169
4,0.0622696748509692,0.000205389660934931
4,0.0623015911513619,0.000204364957782698
4,0.0623335074517546,0.000203345366909217
4,0.0623654237521473,0.000202330862848192
4,0.06239734005254,0.000201321420061479
4,0.0624292563529327,0.000200317013708433
4,0.0624611726533254,0.00019931761836498
4,0.0624930889537181,0.00019832320879243
4,0.0625250052541109,0.000197333760708666
4,0.0625569215545036,0.000196349248991951
4,0.0625888378548963,0.000195369648964483
4,0.062620754155289,0.000194394936393707
4,0.0626526704556817,0.000193425086464158
4,0.0626845867560744,0.000192460075321138
4,0.0627165030564671,0.000191499878785193
4,0.0627484193568598,0.000190544472609218
4,0.0627803356572525,0.00018959383299424
4,0.0628122519576453,0.000188647936332704
4,0.062844168258038,0.000187706758692823
4,0.0628760845584307,0.000186770276851062
4,0.0629080008588234,0.000185838467002028
4,0.0629399171592161,0.000184911306049885
4,0.0629718334596088,0.000183988770575618
4,0.0630037497600015,0.000183070837871609
4,0.0630356660603942,0.000182157484907843
4,0.0630675823607869,0.000181248688590325
4,0.0630994986611796,0.000180344426279485
4,0.0631314149615723,0.000179444675532153
4,0.063163331261965,0.000178549413583289
4,0.0631952475623578,0.000177658618383708
4,0.0632271638627505,0.000176772267303414
4,0.0632590801631432,0.000175890338169717
4,0.0632909964635359,0.00017501280900856
4,0.0633229127639286,0.000174139658045172
4,0.0633548290643213,0.00017327086318422
4,0.063386745364714,0.000172406403050684
4,0.0634186616651067,0.000171546255428747
4,0.0634505779654994,0.000170690399344976
4,0.0634824942658921,0.000169838813246176
4,0.0635144105662848,0.000168991475519895
4,0.0635463268666776,0.000168148365538566
4,0.0635782431670703,0.000167309461572788
4,0.063610159467463,0.000166474743140398
4,0.0636420757678557,0.000165644189179732
4,0.0636739920682484,0.000164817778833002
4,0.0637059083686411,0.000163995491708642
4,0.0637378246690338,0.000163177306835325
4,0.0637697409694265,0.000162363203970427
4,0.0638016572698192,0.000161553162553648
4,0.0638335735702119,0.000160747162755227
4,0.0638654898706047,0.000159945184166165
4,0.0638974061709974,0.000159147206584353
4,0.0639293224713901,0.000158353210015229
4,0.0639612387717828,0.000157563174935172
4,0.0639931550721755,0.000156777081241326
4,0.0640250713725682,0.000155994909565305
4,0.0640569876729609,0.000155216640222621
4,0.0640889039733536,0.000154442253738561
4,0.0641208202737463,0.000153671730585445
4,0.064152736574139,0.000152905051709682
4,0.0641846528745317,0.000152142198005763
4,0.0642165691749245,0.000151383150052471
4,0.0642484854753172,0.000150627888903987
4,0.0642804017757099,0.000149876396091207
4,0.0643123180761026,0.000149128652302128
4,0.0643442343764953,0.000148384639230089
4,0.064376150676888,0.000147644337989718
4,0.0644080669772807,0.000146907730173927
4,0.0644399832776734,0.000146174797325806
4,0.0644718995780661,0.000145445521203465
4,0.0645038158784588,0.000144719883515719
4,0.0645357321788515,0.000143997865922084
4,0.0645676484792443,0.000143279450563249
4,0.064599564779637,0.000142564619531653
4,0.0646314810800297,0.000141853354871488
4,0.0646633973804224,0.0001411456385787
4,0.0646953136808151,0.000140441453132501
4,0.0647272299812078,0.000139740781230793
4,0.0647591462816005,0.000139043604726746
4,0.0647910625819932,0.000138349906489884
4,0.0648229788823859,0.000137659669343583
4,0.0648548951827786,0.000136972875798656
4,0.0648868114831714,0.000136289508585784
4,0.0649187277835641,0.000135609550656176
4,0.0649506440839568,0.000134932985449027
4,0.0649825603843495,0.000134259795291206
4,0.0650144766847422,0.000133589964065319
4,0.0650463929851349,0.000132923474274447
4,0.0650783092855276,0.000132260309979504
4,0.0651102255859203,0.000131600454128556
4,0.065142141886313,0.000130943890427344
4,0.0651740581867057,0.00013029060227036
4,0.0652059744870984,0.000129640573543754
4,0.0652378907874911,0.000128993787554698
4,0.0652698070878839,0.000128350228638783
4,0.0653017233882766,0.00012770988055315
4,0.0653336396886693,0.000127072727280314
4,0.065365555989062,0.000126438752491803
4,0.0653974722894547,0.000125807940890707
4,0.0654293885898474,0.000125180276332892
4,0.0654613048902401,0.000124555743169556
4,0.0654932211906328,0.000123934325979499
4,0.0655251374910255,0.000123316009300617
4,0.0655570537914182,0.000122700777091305
4,0.0655889700918109,0.00012208861434572
4,0.0656208863922037,0.000121479506018158
4,0.0656528026925964,0.000120873436213992
4,0.0656847189929891,0.000120270390346268
4,0.0657166352933818,0.000119670352979372
4,0.0657485515937745,0.000119073309447554
4,0.0657804678941672,0.000118479244505832
4,0.0658123841945599,0.000117888143139712
4,0.0658443004949526,0.000117299991106796
4,0.0658762167953453,0.000116714773315108
4,0.0659081330957381,0.000116132475445553
4,0.0659400493961308,0.00011555308232867
4,0.0659719656965235,0.00011497658011067
4,0.0660038819969162,0.000114402953816526
4,0.0660357982973089,0.000113832189788721
4,0.0660677145977016,0.000113264272976579
4,0.0660996308980943,0.000112699189648245
4,0.066131547198487,0.000112136925764022
4,0.0661634634988797,0.000111577466703927
4,0.0661953797992724,0.000111020799169814
4,0.0662272960996651,0.0001104669087402
4,0.0662592124000578,0.000109915781772911
4,0.0662911287004505,0.000109367404317799
4,0.0663230450008433,0.000108821762660976
4,0.066354961301236,0.000108278843325465
4,0.0663868776016287,0.000107738632799155
4,0.0664187939020214,0.00010720111726196
4,0.0664507102024141,0.00010666628340407
4,0.0664826265028068,0.00010613411815416
4,0.0665145428031995,0.000105604607587129
4,0.0665464591035922,0.000105077738835658
4,0.0665783754039849,0.000104553498725375
4,0.0666102917043776,0.000104031874047817
4,0.0666422080047703,0.000103512851834191
4,0.0666741243051631,0.000102996419082139
4,0.0667060406055558,0.000102482563029755
4,0.0667379569059485,0.000101971270333802
4,0.0667698732063412,0.000101462528714069
4,0.0668017895067339,0.000100956325035124
4,0.0668337058071266,0.000100452646951597
4,0.0668656221075193,9.99514818114552e-05
4,0.066897538407912,9.94528169301509e-05
4,0.0669294547083047,9.89566398655569e-05
4,0.0669613710086974,9.84629384186212e-05
4,0.0669932873090902,9.79717000836301e-05
4,0.0670252036094829,9.74829123228792e-05
4,0.0670571199098756,9.69965633930514e-05
4,0.0670890362102683,9.65126409692326e-05
4,0.067120952510661,9.60311326950432e-05
4,0.0671528688110537,9.55520267343424e-05
4,0.0671847851114464,9.50753109445893e-05
4,0.0672167014118391,9.4600973704531e-05
4,0.0672486177122318,9.41290028105309e-05
4,0.0672805340126245,9.36593868571414e-05
4,0.0673124503130172,9.31921135800236e-05
4,0.06734436661341,9.27271717904532e-05
4,0.0673762829138027,9.22645494405523e-05
4,0.0674081992141954,9.18042352827294e-05
4,0.0674401155145881,9.13462174864856e-05
4,0.0674720318149808,9.08904850229193e-05
4,0.0675039481153735,9.04370260029265e-05
4,0.0675358644157662,8.99858296172135e-05
4,0.0675677807161589,8.95368839184649e-05
4,0.0675996970165516,8.90901783179122e-05
4,0.0676316133169443,8.86457013660597e-05
4,0.067663529617337,8.82034415845688e-05
4,0.0676954459177298,8.77633885785811e-05
4,0.0677273622181225,8.73255310918565e-05
4,0.0677592785185152,8.68898578398355e-05
4,0.0677911948189079,8.64563583450629e-05
4,0.0678231111193006,8.60250215461268e-05
4,0.0678550274196933,8.55958369112937e-05
4,0.067886943720086,8.51687933243491e-05
4,0.0679188600204787,8.47438804782803e-05
4,0.0679507763208714,8.43210872024636e-05
4,0.0679826926212641,8.39004034155248e-05
4,0.0680146089216568,8.34818187310004e-05
4,0.0680465252220496,8.30653221771596e-05
4,0.0680784415224423,8.26509033143096e-05
4,0.068110357822835,8.22385522361076e-05
4,0.0681422741232277,8.18282584512048e-05
4,0.0681741904236204,8.14200117220793e-05
4,0.0682061067240131,8.1013801505333e-05
4,0.0682380230244058,8.06096180722764e-05
4,0.0682699393247985,8.02074511086899e-05
4,0.0683018556251912,7.98072908358013e-05
4,0.0683337719255839,7.94091266080807e-05
4,0.0683656882259766,7.90129488771139e-05
4,0.0683976045263694,7.86187477893981e-05
4,0.0684295208267621,7.82265134667821e-05
4,0.0684614371271548,7.78362360064667e-05
4,0.0684933534275475,7.74479057623636e-05
4,0.0685252697279402,7.70615127827709e-05
4,0.0685571860283329,7.66770476545805e-05
4,0.0685891023287256,7.62945003775812e-05
4,0.0686210186291183,7.59138620544462e-05
4,0.068652934929511,7.55351223552272e-05
4,0.0686848512299037,7.515827233553e-05
4,0.0687167675302965,7.4783302746134e-05
4,0.0687486838306892,7.44102034675207e-05
4,0.0687806001310819,7.40389660507561e-05
4,0.0688125164314746,7.36695803293856e-05
4,0.0688444327318673,7.3302037809112e-05
4,0.06887634903226,7.29363288424089e-05
4,0.0689082653326527,7.25724446073397e-05
4,0.0689401816330454,7.22103754103593e-05
4,0.0689720979334381,7.18501129509503e-05
4,0.0690040142338308,7.14916477737923e-05
4,0.0690359305342235,7.11349709676651e-05
4,0.0690678468346163,7.07800735993229e-05
4,0.069099763135009,7.04269469973435e-05
4,0.0691316794354017,7.00755821848225e-05
4,0.0691635957357944,6.97259701628295e-05
4,0.0691955120361871,6.93781024788944e-05
4,0.0692274283365798,6.90319703751958e-05
4,0.0692593446369725,6.8687565072411e-05
4,0.0692912609373652,6.8344878054352e-05
4,0.0693231772377579,6.80039007838537e-05
4,0.0693550935381506,6.76646247027743e-05
4,0.0693870098385433,6.73270412319945e-05
4,0.069418926138936,6.69911417714184e-05
4,0.0694508424393288,6.66569185558483e-05
4,0.0694827587397215,6.63243623735681e-05
4,0.0695146750401142,6.59934657041601e-05
4,0.0695465913405069,6.56642195799016e-05
4,0.0695785076408996,6.53366164406496e-05
4,0.0696104239412923,6.50106475635924e-05
4,0.069642340241685,6.46863047770981e-05
4,0.0696742565420777,6.43635804620259e-05
4,0.0697061728424704,6.40424661213336e-05
4,0.0697380891428631,6.37229538104699e-05
4,0.0697700054432558,6.34050355654797e-05
4,0.0698019217436486,6.30887034030043e-05
4,0.0698338380440413,6.27739496071463e-05
4,0.069865754344434,6.24607658691365e-05
4,0.0698976706448267,6.21491450087869e-05
4,0.0699295869452194,6.18390783917866e-05
4,0.0699615032456121,6.15305590877097e-05
4,0.0699934195460048,6.12235787112207e-05
4,0.0700253358463975,6.0918130295315e-05
4,0.0700572521467902,6.06142054167673e-05
4,0.070089168447183,6.03117970719942e-05
4,0.0701210847475757,6.00108970879258e-05
4,0.0701530010479684,5.97114987129695e-05
4,0.0701849173483611,5.94135940255219e-05
4,0.0702168336487538,5.91171753735383e-05
4,0.0702487499491465,5.88222356637587e-05
4,0.0702806662495392,5.8528767496916e-05
4,0.0703125825499319,5.82367634559128e-05
4,0.0703444988503246,5.79462161058211e-05
4,0.0703764151507173,5.76571185720706e-05
4,0.07040833145111,5.73694630956337e-05
4,0.0704402477515027,5.7083243056553e-05
4,0.0704721640518955,5.67984506606645e-05
4,0.0705040803522882,5.65150792539231e-05
4,0.0705359966526809,5.62331215865272e-05
4,0.0705679129530736,5.59525706812501e-05
4,0.0705998292534663,5.56734195440831e-05
4,0.070631745553859,5.53956608740932e-05
4,0.0706636618542517,5.51192882238633e-05
4,0.0706955781546444,5.48442942590281e-05
4,0.0707274944550371,5.45706722089887e-05
4,0.0707594107554298,5.4298415286889e-05
4,0.0707913270558225,5.40275169804139e-05
4,0.0708232433562153,5.37579698887274e-05
4,0.070855159656608,5.34897677579294e-05
4,0.0708870759570007,5.32229034453366e-05
4,0.0709189922573934,5.29573706654524e-05
4,0.0709509085577861,5.2693162826118e-05
4,0.0709828248581788,5.24302730278567e-05
4,0.0710147411585715,5.21686946466506e-05
4,0.0710466574589642,5.19084213345966e-05
4,0.0710785737593569,5.16494467285828e-05
4,0.0711104900597496,5.13917641581799e-05
4,0.0711424063601424,5.11353669372256e-05
4,0.0711743226605351,5.08802492409398e-05
4,0.0712062389609278,5.06264040603719e-05
4,0.0712381552613205,5.03738255408494e-05
4,0.0712700715617132,5.01225069352455e-05
4,0.0713019878621059,4.9872442359389e-05
4,0.0713339041624986,4.96236253288945e-05
4,0.0713658204628913,4.93760496373268e-05
4,0.071397736763284,4.91297090635666e-05
4,0.0714296530636767,4.88845973718108e-05
4,0.0714615693640694,4.86407088986754e-05
4,0.0714934856644621,4.83980370860934e-05
4,0.0715254019648549,4.81565759484169e-05
4,0.0715573182652476,4.79163194858386e-05
4,0.0715892345656403,4.76772613903155e-05
4,0.071621150866033,4.74393965159496e-05
4,0.0716530671664257,4.72027179382267e-05
4,0.0716849834668184,4.69672201892469e-05
4,0.0717168997672111,4.67328974933992e-05
4,0.0717488160676038,4.64997440614373e-05
4,0.0717807323679965,4.62677535007547e-05
4,0.0718126486683892,4.6036920584036e-05
4,0.071844564968782,4.58072391860047e-05
4,0.0718764812691747,4.55787037577372e-05
4,0.0719083975695674,4.53513084418119e-05
4,0.0719403138699601,4.51250476626902e-05
4,0.0719722301703528,4.48999155360739e-05
4,0.0720041464707455,4.46759067555901e-05
4,0.0720360627711382,4.44530157063686e-05
4,0.0720679790715309,4.42312364643855e-05
4,0.0720998953719236,4.40105636843297e-05
4,0.0721318116723163,4.37909920083036e-05
4,0.072163727972709,4.35725157693874e-05
4,0.0721956442731018,4.33551292875508e-05
4,0.0722275605734945,4.31388277597473e-05
4,0.0722594768738872,4.29236051840759e-05
4,0.0722913931742799,4.27094561389212e-05
4,0.0723233094746726,4.24963757842648e-05
4,0.0723552257750653,4.22843583768828e-05
4,0.072387142075458,4.20733987551483e-05
4,0.0724190583758507,4.18634917453726e-05
4,0.0724509746762434,4.16546318641891e-05
4,0.0724828909766361,4.14468142111392e-05
4,0.0725148072770288,4.12400329805923e-05
4,0.0725467235774215,4.10342835458444e-05
4,0.0725786398778143,4.08295606728977e-05
4,0.072610556178207,4.0625859413964e-05
4,0.0726424724785997,4.04231742129126e-05
4,0.0726743887789924,4.02215000980941e-05
4,0.0727063050793851,4.00208320863215e-05
4,0.0727382213797778,3.98211654816664e-05
4,0.0727701376801705,3.96224949793335e-05
4,0.0728020539805632,3.94248155615237e-05
4,0.0728339702809559,3.92281224980898e-05
4,0.0728658865813486,3.90324107485513e-05
4,0.0728978028817414,3.88376752608904e-05
4,0.0729297191821341,3.86439115707169e-05
4,0.0729616354825268,3.84511143040112e-05
4,0.0729935517829195,3.8259278974226e-05
4,0.0730254680833122,3.80684007843499e-05
4,0.0730573843837049,3.78784749263582e-05
4,0.0730893006840976,3.76894965812136e-05
4,0.0731212169844903,3.75014612192347e-05
4,0.073153133284883,3.73143636992512e-05
4,0.0731850495852757,3.71281997704497e-05
4,0.0732169658856685,3.69429645705273e-05
4,0.0732488821860612,3.67586535270622e-05
4,0.0732807984864539,3.65752620571438e-05
4,0.0733127147868466,3.63927855673731e-05
4,0.0733446310872393,3.62112194538625e-05
4,0.073376547387632,3.60305594036539e-05
4,0.0734084636880247,3.58508001891778e-05
4,0.0734403799884174,3.56719380797283e-05
4,0.0734722962888101,3.54939684302505e-05
4,0.0735042125892028,3.53168865852008e-05
4,0.0735361288895955,3.51406881806207e-05
4,0.0735680451899882,3.49653688425874e-05
4,0.0735999614903809,3.47909241872144e-05
4,0.0736318777907737,3.46173498206507e-05
4,0.0736637940911664,3.44446416416795e-05
4,0.0736957103915591,3.42727949341859e-05
4,0.0737276266919518,3.41018055772869e-05
4,0.0737595429923445,3.39316691376687e-05
4,0.0737914592927372,3.37623817782981e-05
4,0.0738233755931299,3.35939390467196e-05
4,0.0738552918935226,3.34263364805136e-05
4,0.0738872081939153,3.32595702143279e-05
4,0.073919124494308,3.30936357666014e-05
4,0.0739510407947008,3.29285295571427e-05
4,0.0739829570950935,3.27642467817334e-05
4,0.0740148733954862,3.2600783537787e-05
4,0.0740467896958789,3.24381359138017e-05
4,0.0740787059962716,3.22762999893607e-05
4,0.0741106222966643,3.21152712262646e-05
4,0.074142538597057,3.1955045990044e-05
4,0.0741744548974497,3.17956200284472e-05
4,0.0742063711978424,3.16369893846096e-05
4,0.0742382874982351,3.14791503977092e-05
4,0.0742702037986279,3.13220987883553e-05
4,0.0743021200990206,3.11658305729374e-05
4,0.0743340363994133,3.10103420642813e-05
4,0.074365952699806,3.08556292613394e-05
4,0.0743978690001987,3.07016884597623e-05
4,0.0744297853005914,3.05485156410655e-05
4,0.0744617016009841,3.03961070837246e-05
4,0.0744936179013768,3.02444587518177e-05
4,0.0745255342017695,3.00935669066456e-05
4,0.0745574505021622,2.99434281073872e-05
4,0.0745893668025549,2.97940382925548e-05
4,0.0746212831029476,2.96453936982768e-05
4,0.0746531994033404,2.94974908589528e-05
4,0.0746851157037331,2.93503256875295e-05
4,0.0747170320041258,2.92038950088116e-05
4,0.0747489483045185,2.90581947190952e-05
4,0.0747808646049112,2.89132213201346e-05
4,0.0748127809053039,2.87689713058175e-05
4,0.0748446972056966,2.86254408547164e-05
4,0.0748766135060893,2.84826267521732e-05
4,0.074908529806482,2.83405248530541e-05
4,0.0749404461068747,2.81991319268369e-05
4,0.0749723624072675,2.80584447356577e-05
4,0.0750042787076602,2.79184591099968e-05
4,0.0750361950080529,2.7779172104362e-05
4,0.0750681113084456,2.76405798413431e-05
4,0.0751000276088383,2.75026790521348e-05
4,0.075131943909231,2.73654661519612e-05
4,0.0751638602096237,2.72289381656996e-05
4,0.0751957765100164,2.70930908758455e-05
4,0.0752276928104091,2.69579216010903e-05
4,0.0752596091108018,2.68234267263722e-05
4,0.0752915254111945,2.66896029380475e-05
4,0.0753234417115873,2.65564466057151e-05
4,0.07535535801198,2.64239547102005e-05
4,0.0753872743123727,2.62921236061564e-05
4,0.0754191906127654,2.61609505697955e-05
4,0.0754511069131581,2.60304316312778e-05
4,0.0754830232135508,2.59005640526565e-05
4,0.0755149395139435,2.57713444692874e-05
4,0.0755468558143362,2.56427691988511e-05
4,0.0755787721147289,2.55148357930194e-05
4,0.0756106884151216,2.53875405553132e-05
4,0.0756426047155143,2.52608804028405e-05
4,0.075674521015907,2.51348519350338e-05
4,0.0757064373162998,2.50094523659615e-05
4,0.0757383536166925,2.48846785922788e-05
4,0.0757702699170852,2.47605271925723e-05
4,0.0758021862174779,2.4636995360851e-05
4,0.0758341025178706,2.45140796618043e-05
4,0.0758660188182633,2.43917772760683e-05
4,0.075897935118656,2.42700847544351e-05
4,0.0759298514190487,2.41489998879809e-05
4,0.0759617677194414,2.40285185903119e-05
4,0.0759936840198342,2.3908638639656e-05
4,0.0760256003202269,2.37893568720971e-05
4,0.0760575166206196,2.36706701169018e-05
4,0.0760894329210123,2.3552575509081e-05
4,0.076121349221405,2.34350701773526e-05
4,0.0761532655217977,2.3318150931317e-05
4,0.0761851818221904,2.32018151996681e-05
4,0.0762170981225831,2.30860597791578e-05
4,0.0762490144229758,2.29708817729383e-05
4,0.0762809307233685,2.28562782778685e-05
4,0.0763128470237612,2.27422466979941e-05
4,0.0763447633241539,2.26287841179812e-05
4,0.0763766796245467,2.25158876162027e-05
4,0.0764085959249394,2.24035542647386e-05
4,0.0764405122253321,2.22917814433797e-05
4,0.0764724285257248,2.21805662120131e-05
4,0.0765043448261175,2.2069905938499e-05
4,0.0765362611265102,2.19597973561338e-05
4,0.0765681774269029,2.18502384495112e-05
4,0.0766000937272956,2.17412262545256e-05
4,0.0766320100276883,2.16327578007783e-05
4,0.076663926328081,2.15248304264996e-05
4,0.0766958426284737,2.14174414641509e-05
4,0.0767277589288664,2.13105885556092e-05
4,0.0767596752292592,2.12042683915614e-05
4,0.0767915915296519,2.10984789176625e-05
4,0.0768235078300446,2.0993217128115e-05
4,0.0768554241304373,2.08884806422456e-05
4,0.07688734043083,2.07842664424572e-05
4,0.0769192567312227,2.06805721368014e-05
4,0.0769511730316154,2.05773953280854e-05
4,0.0769830893320081,2.04747332976393e-05
4,0.0770150056324008,2.03725836373884e-05
4,0.0770469219327935,2.02709433010234e-05
4,0.0770788382331863,2.01698101858208e-05
4,0.077110754533579,2.00691815508226e-05
4,0.0771426708339717,1.99690549661904e-05
4,0.0771745871343644,1.98694279968418e-05
4,0.0772065034347571,1.97702982024499e-05
4,0.0772384197351498,1.96716628201619e-05
4,0.0772703360355425,1.9573519398769e-05
4,0.0773022523359352,1.94758657993624e-05
4,0.0773341686363279,1.93786992429632e-05
4,0.0773660849367206,1.92820175804363e-05
4,0.0773980012371134,1.91858183399892e-05
4,0.0774299175375061,1.90900990445853e-05
4,0.0774618338378988,1.89948572119438e-05
4,0.0774937501382915,1.89000906728704e-05
4,0.0775256664386842,1.88057966165269e-05
4,0.0775575827390769,1.87119731820857e-05
4,0.0775894990394696,1.86186178670755e-05
4,0.0776214153398623,1.85257284826359e-05
4,0.077653331640255,1.84333021972141e-05
4,0.0776852479406477,1.83413371308409e-05
4,0.0777171642410404,1.82498310801031e-05
4,0.0777490805414331,1.81587811981083e-05
4,0.0777809968418259,1.80681859102385e-05
4,0.0778129131422186,1.79780423596374e-05
4,0.0778448294426113,1.78883489627716e-05
4,0.077876745743004,1.77991025329166e-05
4,0.0779086620433967,1.77103017972658e-05
4,0.0779405783437894,1.76219438790345e-05
4,0.0779724946441821,1.75340265362641e-05
4,0.0780044109445748,1.74465481631334e-05
4,0.0780363272449675,1.73595061884711e-05
4,0.0780682435453602,1.72728983565526e-05
4,0.0781001598457529,1.7186722727755e-05
4,0.0781320761461457,1.71009770373073e-05
4,0.0781639924465384,1.70156590157186e-05
4,0.0781959087469311,1.69307667099932e-05
4,0.0782278250473238,1.6846297841594e-05
4,0.0782597413477165,1.6762250448741e-05
4,0.0782916576481092,1.66786225654593e-05
4,0.0783235739485019,1.65954115780989e-05
4,0.0783554902488946,1.65126161552488e-05
4,0.0783874065492873,1.6430233352342e-05
4,0.07841932284968,1.63482618297077e-05
4,0.0784512391500728,1.62666992777362e-05
4,0.0784831554504655,1.61855437044933e-05
4,0.0785150717508582,1.61047927913232e-05
4,0.0785469880512509,1.60244448601646e-05
4,0.0785789043516436,1.59444979064971e-05
4,0.0786108206520363,1.58649495986853e-05
4,0.078642736952429,1.5785798246475e-05
4,0.0786746532528217,1.57070418327596e-05
4,0.0787065695532144,1.5628678336237e-05
4,0.0787384858536071,1.55507057314094e-05
4,0.0787704021539998,1.54731223121591e-05
4,0.0788023184543926,1.53959257212848e-05
4,0.0788342347547853,1.53191145683772e-05
4,0.078866151055178,1.5242686164007e-05
4,0.0788980673555707,1.5166639433998e-05
4,0.0789299836559634,1.50909720046296e-05
4,0.0789618999563561,1.50156821461846e-05
4,0.0789938162567488,1.49407678007821e-05
4,0.0790257325571415,1.48662272309698e-05
4,0.0790576488575342,1.47920586956242e-05
4,0.0790895651579269,1.47182601250649e-05
4,0.0791214814583197,1.46448297704332e-05
4,0.0791533977587124,1.45717655540511e-05
4,0.0791853140591051,1.44990660446041e-05
4,0.0792172303594978,1.44267291568099e-05
4,0.0792491466598905,1.43547534522744e-05
4,0.0792810629602832,1.42831365124383e-05
4,0.0793129792606759,1.42118768914344e-05
4,0.0793448955610686,1.41409728143137e-05
4,0.0793768118614613,1.40704225024564e-05
4,0.079408728161854,1.40002241735716e-05
4,0.0794406444622467,1.39303760416975e-05
4,0.0794725607626394,1.38608766436605e-05
4,0.0795044770630322,1.37917238599599e-05
4,0.0795363933634249,1.37229158936206e-05
4,0.0795683096638176,1.36544512708498e-05
4,0.0796002259642103,1.35863281877239e-05
4,0.079632142264603,1.35185451637634e-05
4,0.0796640585649957,1.34511000608502e-05
4,0.0796959748653884,1.33839917188021e-05
4,0.0797278911657811,1.33172179922903e-05
4,0.0797598074661738,1.32507773870689e-05
4,0.0797917237665665,1.31846684057458e-05
4,0.0798236400669592,1.31188892198805e-05
4,0.0798555563673519,1.30534383253944e-05
4,0.0798874726677447,1.29883135587346e-05
4,0.0799193889681374,1.29235140653326e-05
4,0.0799513052685301,1.28590376748178e-05
4,0.0799832215689228,1.27948831982959e-05
4,0.0800151378693155,1.27310484581857e-05
4,0.0800470541697082,1.26675325879877e-05
4,0.0800789704701009,1.26043334033033e-05
4,0.0801108867704936,1.25414493737013e-05
4,0.0801428030708863,1.24788792948166e-05
4,0.0801747193712791,1.24166213009747e-05
4,0.0802066356716718,1.23546738523046e-05
4,0.0802385519720645,1.22930357353951e-05
4,0.0802704682724572,1.22317047450015e-05
4,0.0803023845728499,1.21706799911562e-05
4,0.0803343008732426,1.21099595917963e-05
4,0.0803662171736353,1.20495423214485e-05
4,0.080398133474028,1.19894262914947e-05
4,0.0804300497744207,1.19296102704306e-05
4,0.0804619660748134,1.18700923630827e-05
4,0.0804938823752061,1.18108716625708e-05
4,0.0805257986755989,1.1751946598345e-05
4,0.0805577149759916,1.16933152657921e-05
4,0.0805896312763843,1.16349764187241e-05
4,0.080621547576777,1.15769288083308e-05
4,0.0806534638771697,1.15191705205591e-05
4,0.0806853801775624,1.14617006320095e-05
4,0.0807172964779551,1.14045175540395e-05
4,0.0807492127783478,1.13476196948602e-05
4,0.0807811290787405,1.12910054595359e-05
4,0.0808130453791332,1.12346739139162e-05
4,0.0808449616795259,1.11786234575593e-05
4,0.0808768779799186,1.11228524868763e-05
4,0.0809087942803114,1.10673597274915e-05
4,0.0809407105807041,1.10121439024066e-05
4,0.0809726268810968,1.09572037320015e-05
4,0.0810045431814895,1.09025372685288e-05
4,0.0810364594818822,1.08481438921046e-05
4,0.0810683757822749,1.07940216492128e-05
4,0.0811002920826676,1.07401695821039e-05
4,0.0811322083830603,1.06865860643767e-05
4,0.081164124683453,1.06332701332996e-05
4,0.0811960409838457,1.05802198234259e-05
4,0.0812279572842385,1.05274345003187e-05
4,0.0812598735846312,1.04749121927627e-05
4,0.0812917898850239,1.04226522616014e-05
4,0.0813237061854166,1.0370653063914e-05
4,0.0813556224858093,1.03189129536335e-05
4,0.081387538786202,1.02674312845236e-05
4,0.0814194550865947,1.02162064054039e-05
4,0.0814513713869874,1.01652369965357e-05
4,0.0814832876873801,1.01145220702771e-05
4,0.0815152039877728,1.00640599671881e-05
4,0.0815471202881655,1.00138496946447e-05
4,0.0815790365885583,9.96388992281285e-06
4,0.081610952888951,9.91417931923647e-06
4,0.0816428691893437,9.86471688421183e-06
4,0.0816747854897364,9.81550094492607e-06
4,0.0817067017901291,9.7665308323303e-06
4,0.0817386180905218,9.71780486849852e-06
4,0.0817705343909145,9.66932204415625e-06
4,0.0818024506913072,9.62108101190117e-06
4,0.0818343669916999,9.57308075787008e-06
4,0.0818662832920926,9.5253202661021e-06
4,0.0818981995924853,9.47779750926816e-06
4,0.0819301158928781,9.43051213914119e-06
4,0.0819620321932708,9.38346279638816e-06
4,0.0819939484936635,9.3366481190539e-06
4,0.0820258647940562,9.29006674256112e-06
4,0.0820577810944489,9.24371797386843e-06
4,0.0820896973948416,9.19760044394093e-06
4,0.0821216136952343,9.15171311846279e-06
4,0.082153529995627,9.10605462354815e-06
4,0.0821854462960197,9.06062392029247e-06
4,0.0822173625964124,9.01541962995894e-06
4,0.0822492788968051,8.97044104691995e-06
4,0.0822811951971979,8.92568712597783e-06
4,0.0823131114975906,8.88115614358147e-06
4,0.0823450277979833,8.83684738781014e-06
4,0.082376944098376,8.79275980677974e-06
4,0.0824088603987687,8.74889200798728e-06
4,0.0824407766991614,8.70524327361222e-06
4,0.0824726929995541,8.66181220669395e-06
4,0.0825046092999468,8.61859774656423e-06
4,0.0825365256003395,8.57559916950273e-06
4,0.0825684419007322,8.53281473268567e-06
4,0.0826003582011249,8.49024404737405e-06
4,0.0826322745015177,8.44788570546317e-06
4,0.0826641908019104,8.40573863579629e-06
4,0.0826961071023031,8.36380176511893e-06
4,0.0827280234026958,8.3220740180789e-06
4,0.0827599397030885,8.28055465718971e-06
4,0.0827918560034812,8.23924260329707e-06
4,0.0828237723038739,8.19813643492344e-06
4,0.0828556886042666,8.15723506832582e-06
4,0.0828876049046593,8.11653809863909e-06
4,0.082919521205052,8.07604409809259e-06
4,0.0829514375054447,8.03575231779352e-06
4,0.0829833538058375,7.9956613255136e-06
4,0.0830152701062302,7.95577036842684e-06
4,0.0830471864066229,7.91607869213398e-06
4,0.0830791027070156,7.8765848581136e-06
4,0.0831110190074083,7.83728776662771e-06
4,0.083142935307801,7.79818699891389e-06
4,0.0831748516081937,7.75928145182538e-06
4,0.0832067679085864,7.72056967831882e-06
4,0.0832386842089791,7.68205125451866e-06
4,0.0832706005093719,7.64372507137832e-06
4,0.0833025168097646,7.60559001775353e-06
4,0.0833344331101573,7.56764532272559e-06
4,0.08336634941055,7.52988987134815e-06
4,0.0833982657109427,7.49232254657713e-06
4,0.0834301820113354,7.45494291470397e-06
4,0.0834620983117281,7.41774951242811e-06
4,0.0834940146121208,7.38074190276331e-06
4,0.0835259309125135,7.34391896145467e-06
4,0.0835578472129062,7.30727956214952e-06
4,0.0835897635132989,7.27082326314181e-06
4,0.0836216798136916,7.23454859116688e-06
4,0.0836535961140843,7.19845475760666e-06
4,0.0836855124144771,7.16254131603523e-06
4,0.0837174287148698,7.12680678728814e-06
4,0.0837493450152625,7.09125072166183e-06
4,0.0837812613156552,7.05587198008633e-06
4,0.0838131776160479,7.02066976568382e-06
4,0.0838450939164406,6.98564293558226e-06
4,0.0838770102168333,6.95079137846814e-06
4,0.083908926517226,6.91611325908756e-06
4,0.0839408428176187,6.88160811829726e-06
4,0.0839727591180114,6.84727549590515e-06
4,0.0840046754184041,6.81311389544071e-06
4,0.0840365917187969,6.77912285343418e-06
4,0.0840685080191896,6.74530121468948e-06
4,0.0841004243195823,6.7116485128525e-06
4,0.084132340619975,6.67816358931838e-06
4,0.0841642569203677,6.64484597484867e-06
4,0.0841961732207604,6.61169416156658e-06
4,0.0842280895211531,6.57870802295027e-06
4,0.0842600058215458,6.54588639357733e-06
4,0.0842919221219385,6.51322845218415e-06
4,0.0843238384223312,6.4807337223214e-06
4,0.084355754722724,6.44840068693485e-06
4,0.0843876710231167,6.4162292129473e-06
4,0.0844195873235094,6.38421812641445e-06
4,0.0844515036239021,6.35236694511827e-06
4,0.0844834199242948,6.32067449170569e-06
4,0.0845153362246875,6.28914028107434e-06
4,0.0845472525250802,6.25776313246235e-06
4,0.0845791688254729,6.22654290531949e-06
4,0.0846110851258656,6.19547806830087e-06
4,0.0846430014262583,6.16456847823412e-06
4,0.084674917726651,6.13381294793315e-06
4,0.0847068340270438,6.10321098403588e-06
4,0.0847387503274365,6.07276174403944e-06
4,0.0847706666278292,6.04246438386765e-06
4,0.0848025829282219,6.01231805787106e-06
4,0.0848344992286146,5.98232226731226e-06
4,0.0848664155290073,5.95247581517214e-06
4,0.0848983318294,5.92277854857644e-06
4,0.0849302481297927,5.89322961636923e-06
4,0.0849621644301854,5.8638278168116e-06
4,0.0849940807305781,5.83457264434857e-06
4,0.0850259970309708,5.8054635923763e-06
4,0.0850579133313636,5.77649980383909e-06
4,0.0850898296317563,5.74768042010793e-06
4,0.085121745932149,5.71900493064579e-06
4,0.0851536622325417,5.69047247407045e-06
4,0.0851855785329344,5.66208218742637e-06
4,0.0852174948333271,5.63383355624335e-06
4,0.0852494111337198,5.60572606500231e-06
4,0.0852813274341125,5.57775884681452e-06
4,0.0853132437345052,5.54993103321801e-06
4,0.0853451600348979,5.5222417541775e-06
4,0.0853770763352906,5.49469119022675e-06
4,0.0854089926356834,5.46727776767347e-06
4,0.0854409089360761,5.44000096313219e-06
4,0.0854728252364688,5.41286060327601e-06
4,0.0855047415368615,5.38585546053801e-06
4,0.0855366578372542,5.35898500799285e-06
4,0.0855685741376469,5.33224871766632e-06
4,0.0856004904380396,5.30564570890352e-06
4,0.0856324067384323,5.27917545123922e-06
4,0.085664323038825,5.25283741315935e-06
4,0.0856962393392177,5.22663035805063e-06
4,0.0857281556396104,5.2005544558272e-06
4,0.0857600719400032,5.17460846725364e-06
4,0.0857919882403959,5.14879220825232e-06
4,0.0858239045407886,5.12310443657239e-06
4,0.0858558208411813,5.0975449659074e-06
4,0.085887737141574,5.07211290380284e-06
4,0.0859196534419667,5.04680770917386e-06
4,0.0859515697423594,5.02162883988675e-06
4,0.0859834860427521,4.99657575275894e-06
4,0.0860154023431448,4.97164719688654e-06
4,0.0860473186435375,4.94684333313733e-06
4,0.0860792349439302,4.92216326158374e-06
4,0.086111151244323,4.89760643445447e-06
4,0.0861430675447157,4.87317194906872e-06
4,0.0861749838451084,4.84885925516415e-06
4,0.0862069001455011,4.82466780142961e-06
4,0.0862388164458938,4.80059738975904e-06
4,0.0862707327462865,4.77664675836671e-06
4,0.0863026490466792,4.75281570691777e-06
4,0.0863345653470719,4.72910367990563e-06
4,0.0863664816474646,4.70550976599645e-06
4,0.0863983979478573,4.68203376210214e-06
4,0.0864303142482501,4.65867475452892e-06
4,0.0864622305486428,4.6354321831815e-06
4,0.0864941468490355,4.61230584221853e-06
4,0.0865260631494282,4.58929481440638e-06
4,0.0865579794498209,4.56639818093812e-06
4,0.0865898957502136,4.54361644421818e-06
4,0.0866218120506063,4.52094797221183e-06
4,0.086653728350999,4.4983925540957e-06
4,0.0866856446513917,4.4759496224325e-06
4,0.0867175609517844,4.45361896495668e-06
4,0.0867494772521771,4.43139965617488e-06
4,0.0867813935525698,4.40929112550326e-06
4,0.0868133098529626,4.38729280130914e-06
4,0.0868452261533553,4.36540411091095e-06
4,0.086877142453748,4.34362483745442e-06
4,0.0869090587541407,4.32195440655363e-06
4,0.0869409750545334,4.30039188563545e-06
4,0.0869728913549261,4.27893669782293e-06
4,0.0870048076553188,4.25758897999134e-06
4,0.0870367239557115,4.23634743888937e-06
4,0.0870686402561042,4.21521185215626e-06
4,0.087100556556497,4.19418199690682e-06
4,0.0871324728568896,4.1732569338815e-06
4,0.0871643891572824,4.15243643835962e-06
4,0.0871963054576751,4.13171956872173e-06
4,0.0872282217580678,4.11110609841163e-06
4,0.0872601380584605,4.09059544189936e-06
4,0.0872920543588532,4.07018737118656e-06
4,0.0873239706592459,4.04988094032725e-06
4,0.0873558869596386,4.02967556064488e-06
4,0.0873878032600313,4.0095713603617e-06
4,0.087419719560424,3.98956739038515e-06
4,0.0874516358608168,3.96966305928545e-06
4,0.0874835521612095,3.94985813395111e-06
4,0.0875154684616022,3.93015202124794e-06
4,0.0875473847619949,3.91054412699293e-06
4,0.0875793010623876,3.89103421571466e-06
4,0.0876112173627803,3.87162169152571e-06
4,0.087643133663173,3.85230595748982e-06
4,0.0876750499635657,3.83308641562188e-06
4,0.0877069662639584,3.8139628271728e-06
4,0.0877388825643511,3.79493459245308e-06
4,0.0877707988647438,3.77600147127147e-06
4,0.0878027151651365,3.75716286223407e-06
4,0.0878346314655293,3.73841816289816e-06
4,0.087866547765922,3.71976676977213e-06
4,0.0878984640663147,3.70120880045859e-06
4,0.0879303803667074,3.68274292774961e-06
4,0.0879622966671001,3.66436962900828e-06
4,0.0879942129674928,3.64608793626268e-06
4,0.0880261292678855,3.62789724156361e-06
4,0.0880580455682782,3.60979729764007e-06
4,0.0880899618686709,3.59178785669659e-06
4,0.0881218781690636,3.57386830842407e-06
4,0.0881537944694563,3.5560380414645e-06
4,0.088185710769849,3.53829644341105e-06
4,0.0882176270702418,3.5206436255732e-06
4,0.0882495433706345,3.50307897423306e-06
4,0.0882814596710272,3.48560187462385e-06
4,0.0883133759714199,3.46821207370589e-06
4,0.0883452922718126,3.45090895500802e-06
4,0.0883772085722053,3.43369226404838e-06
4,0.088409124872598,3.41656101948219e-06
4,0.0884410411729907,3.39951569159278e-06
4,0.0884729574733834,3.3825552974621e-06
4,0.0885048737737762,3.36567957972394e-06
4,0.0885367900741688,3.34888791679399e-06
4,0.0885687063745616,3.33218004986386e-06
4,0.0886006226749543,3.31555571960074e-06
4,0.088632538975347,3.29901393797343e-06
4,0.0886644552757397,3.28255517224979e-06
4,0.0886963715761324,3.26617806847615e-06
4,0.0887282878765251,3.24988309300262e-06
4,0.0887602041769178,3.23366888964673e-06
4,0.0887921204773105,3.21753592384085e-06
4,0.0888240367777032,3.20148356692091e-06
4,0.0888559530780959,3.18551118917401e-06
4,0.0888878693784887,3.16961852497421e-06
4,0.0889197856788814,3.15380494290423e-06
4,0.0889517019792741,3.13807054129399e-06
4,0.0889836182796668,3.12241432188599e-06
4,0.0890155345800595,3.1068363818302e-06
4,0.0890474508804522,3.09133608669388e-06
4,0.0890793671808449,3.07591316691791e-06
4,0.0891112834812376,3.06056735241871e-06
4,0.0891431997816303,3.04529800640364e-06
4,0.089175116082023,3.03010485734695e-06
4,0.0892070323824157,3.0149872667516e-06
4,0.0892389486828085,2.9999453282277e-06
4,0.0892708649832012,2.98497840196711e-06
4,0.0893027812835939,2.9700862139531e-06
4,0.0893346975839866,2.95526812267315e-06
4,0.0893666138843793,2.94052421977077e-06
4,0.089398530184772,2.9258538624224e-06
4,0.0894304464851647,2.91125640675561e-06
4,0.0894623627855574,2.89673194284062e-06
4,0.0894942790859501,2.88227982549395e-06
4,0.0895261953863428,2.86790014399918e-06
4,0.0895581116867356,2.85359188397269e-06
4,0.0895900279871283,2.83935513351811e-06
4,0.089621944287521,2.8251892444365e-06
4,0.0896538605879137,2.81109430404485e-06
4,0.0896857768883064,2.79706966283314e-06
4,0.0897176931886991,2.78311467024252e-06
4,0.0897496094890918,2.76922978069242e-06
4,0.0897815257894845,2.75541360509259e-06
4,0.0898134420898772,2.74166696588262e-06
4,0.0898453583902699,2.7279884721368e-06
4,0.0898772746906626,2.71437820763222e-06
4,0.0899091909910553,2.70083625614601e-06
4,0.0899411072914481,2.68736159306821e-06
4,0.0899730235918408,2.67395393140253e-06
4,0.0900049398922335,2.6606133533528e-06
4,0.0900368561926262,2.64733957126717e-06
4,0.0900687724930189,2.63413192698261e-06
4,0.0901006887934116,2.62098976128723e-06
4,0.0901326050938043,2.60791352466725e-06
4,0.090164521394197,2.59490255699302e-06
4,0.0901964376945897,2.58195619708605e-06
4,0.0902283539949825,2.56907489464594e-06
4,0.0902602702953751,2.55625761680301e-06
4,0.0902921865957679,2.54350407092339e-06
4,0.0903241028961606,2.53081433488439e-06
4,0.0903560191965533,2.51818811539659e-06
4,0.090387935496946,2.50562474734829e-06
4,0.0904198517973387,2.49312393600791e-06
4,0.0904517680977314,2.48068538611943e-06
4,0.0904836843981241,2.46830917359355e-06
4,0.0905156006985168,2.45599463069645e-06
4,0.0905475169989095,2.44374146059885e-06
4,0.0905794332993023,2.43154936594701e-06
4,0.090611349599695,2.41941842107836e-06
4,0.0906432659000877,2.40734758329027e-06
4,0.0906751822004804,2.395337298218e-06
4,0.0907070985008731,2.38338689419455e-06
4,0.0907390148012658,2.37149607124404e-06
4,0.0907709311016585,2.35966452886621e-06
4,0.0908028474020512,2.34789196603633e-06
4,0.0908347637024439,2.33617808120527e-06
4,0.0908666800028366,2.32452257229948e-06
4,0.0908985963032293,2.31292551011649e-06
4,0.090930512603622,2.30138621840058e-06
4,0.0909624289040147,2.28990439350489e-06
4,0.0909943452044075,2.27847973125816e-06
4,0.0910262615048002,2.26711230088467e-06
4,0.0910581778051929,2.25580142350653e-06
4,0.0910900941055856,2.24454716756138e-06
4,0.0911220104059783,2.23334885286029e-06
4,0.091153926706371,2.22220654705424e-06
4,0.0911858430067637,2.21111994321873e-06
4,0.0912177593071564,2.20008835919821e-06
4,0.0912496756075491,2.18911223630145e-06
4,0.0912815919079419,2.17819051648633e-06
4,0.0913135082083345,2.16732326543725e-06
4,0.0913454245087273,2.1565105488386e-06
4,0.09137734080912,2.14575130628836e-06
4,0.0914092571095127,2.13504597778421e-06
4,0.0914411734099054,2.12439425259956e-06
4,0.0914730897102981,2.11379544372792e-06
4,0.0915050060106908,2.1032496148871e-06
4,0.0915369223110835,2.09275645377721e-06
4,0.0915688386114762,2.08231564757395e-06
4,0.0916007549118689,2.0719265066487e-06
4,0.0916326712122617,2.06158984596798e-06
4,0.0916645875126544,2.05130422229454e-06
4,0.0916965038130471,2.04107007365946e-06
4,0.0917284201134398,2.03088708500964e-06
4,0.0917603364138325,2.02075494076753e-06
4,0.0917922527142252,2.01067332483117e-06
4,0.0918241690146179,2.00064192057415e-06
4,0.0918560853150106,1.99066041084567e-06
4,0.0918880016154033,1.98072885543032e-06
4,0.091919917915796,1.97084693652176e-06
4,0.0919518342161887,1.96101433578919e-06
4,0.0919837505165814,1.95123073437742e-06
4,0.0920156668169742,1.94149581290682e-06
4,0.0920475831173669,1.9318096295887e-06
4,0.0920794994177596,1.92217148614142e-06
4,0.0921114157181523,1.91258181836725e-06
4,0.092143332018545,1.9030399270668e-06
4,0.0921752483189377,1.89354549063162e-06
4,0.0922071646193304,1.88409818692884e-06
4,0.0922390809197231,1.87469845110521e-06
4,0.0922709972201158,1.86534558173251e-06
4,0.0923029135205085,1.85603925549792e-06
4,0.0923348298209013,1.84677914856419e-06
4,0.092366746121294,1.83756531599606e-06
4,0.0923986624216867,1.82839781285832e-06
4,0.0924305787220794,1.81927555514975e-06
4,0.0924624950224721,1.81019935639468e-06
4,0.0924944113228648,1.80116813141194e-06
4,0.0925263276232575,1.79218193369302e-06
4,0.0925582439236502,1.78324043651631e-06
4,0.0925901602240429,1.77434369297999e-06
4,0.0926220765244356,1.76549137570692e-06
4,0.0926539928248283,1.75668353740194e-06
4,0.0926859091252211,1.74791908855737e-06
4,0.0927178254256138,1.73919884243533e-06
4,0.0927497417260065,1.73052170834817e-06
4,0.0927816580263992,1.72188811855828e-06
4,0.0928135743267919,1.71329736206669e-06
4,0.0928454906271846,1.70474948961163e-06
4,0.0928774069275773,1.69624455193136e-06
4,0.09290932322797,1.6877818364536e-06
4,0.0929412395283627,1.67936139312996e-06
4,0.0929731558287554,1.67098288999458e-06
4,0.0930050721291482,1.66264637660575e-06
4,0.0930369884295408,1.65435113816239e-06
4,0.0930689047299336,1.64609760574693e-06
4,0.0931008210303263,1.63788506364055e-06
4,0.093132737330719,1.62971356022157e-06
4,0.0931646536311117,1.62158276116423e-06
4,0.0931965699315044,1.61349271445352e-06
4,0.0932284862318971,1.6054427021418e-06
4,0.0932604025322898,1.59743315452488e-06
4,0.0932923188326825,1.58946335273737e-06
4,0.0933242351330752,1.58153334358433e-06
4,0.093356151433468,1.57364317387079e-06
4,0.0933880677338606,1.5657921231581e-06
4,0.0934199840342534,1.55798023746467e-06
4,0.0934519003346461,1.55020717892484e-06
4,0.0934838166350388,1.54247337717887e-06
4,0.0935157329354315,1.53477772580632e-06
4,0.0935476492358242,1.52712065392305e-06
4,0.0935795655362169,1.51950182235231e-06
4,0.0936114818366096,1.51192089139297e-06
4,0.0936433981370023,1.50437790549014e-06
4,0.093675314437395,1.49687213948533e-06
4,0.0937072307377878,1.48940440690289e-06
4,0.0937391470381805,1.48197359699584e-06
4,0.0937710633385732,1.47457975302936e-06
4,0.0938029796389659,1.46722291826863e-06
4,0.0938348959393586,1.45990313597882e-06
4,0.0938668122397513,1.45261929265972e-06
4,0.093898728540144,1.44537220183569e-06
4,0.0939306448405367,1.43816113467723e-06
4,0.0939625611409294,1.43098613326956e-06
4,0.0939944774413221,1.42384685358501e-06
4,0.0940263937417148,1.41674295107148e-06
4,0.0940583100421075,1.40967485340264e-06
4,0.0940902263425002,1.40264182925798e-06
4,0.094122142642893,1.39564391954276e-06
4,0.0941540589432857,1.38868116516222e-06
4,0.0941859752436784,1.38175283322259e-06
4,0.0942178915440711,1.37485935087309e-06
4,0.0942498078444638,1.3679999843022e-06
4,0.0942817241448565,1.36117477323521e-06
4,0.0943136404452492,1.35438375739742e-06
4,0.0943455567456419,1.34762658895906e-06
4,0.0943774730460346,1.34090330725211e-06
4,0.0944093893464274,1.33421356379128e-06
4,0.09444130564682,1.32755700956684e-06
4,0.0944732219472128,1.32093368312414e-06
4,0.0945051382476055,1.3143436230085e-06
4,0.0945370545479982,1.30778609108188e-06
4,0.0945689708483909,1.30126151357577e-06
4,0.0946008871487836,1.29476954003828e-06
4,0.0946328034491763,1.28830981949309e-06
4,0.094664719749569,1.28188238930558e-06
4,0.0946966360499617,1.2754868978439e-06
4,0.0947285523503544,1.2691233820801e-06
4,0.0947604686507472,1.2627914897268e-06
4,0.0947923849511399,1.25649164675328e-06
4,0.0948243012515326,1.25022272156664e-06
4,0.0948562175519253,1.24398552926449e-06
4,0.094888133852318,1.23777893707398e-06
4,0.0949200501527107,1.23160376022382e-06
4,0.0949519664531034,1.22545925480728e-06
4,0.0949838827534961,1.21934506604595e-06
4,0.0950157990538888,1.21326161925356e-06
4,0.0950477153542815,1.20720855938951e-06
4,0.0950796316546742,1.20118592145926e-06
4,0.0951115479550669,1.19519295906502e-06
4,0.0951434642554597,1.18923009725834e-06
4,0.0951753805558524,1.18329697968754e-06
4,0.0952072968562451,1.17739364057143e-06
4,0.0952392131566378,1.17151933167675e-06
4,0.0952711294570305,1.16567447779282e-06
4,0.0953030457574232,1.15985911274514e-06
4,0.0953349620578159,1.1540724871205e-06
4,0.0953668783582086,1.14831463395776e-06
4,0.0953987946586013,1.14258558629576e-06
4,0.095430710958994,1.13688498516069e-06
4,0.0954626272593868,1.13121325534189e-06
4,0.0954945435597795,1.12556964532841e-06
4,0.0955264598601722,1.11995379496649e-06
4,0.0955583761605649,1.11436652118923e-06
4,0.0955902924609576,1.10880667863753e-06
4,0.0956222087613503,1.1032746915763e-06
4,0.095654125061743,1.09777059186444e-06
4,0.0956860413621357,1.09229362523777e-06
4,0.0957179576625284,1.08684421596121e-06
4,0.0957498739629211,1.08142160885284e-06
4,0.0957817902633138,1.07602662150129e-06
4,0.0958137065637066,1.0706581046143e-06
