normalized_time,displacement_mm,cmod_mm,load_N
0,0,0,-0
4.9999998736893758e-05,-9.9999997473787516e-06,4.4123785301053431e-06,1.8587762713432312
9.9999997473787516e-05,-1.9999999494757503e-05,8.8247570602106862e-06,3.7175525426864624
0.0001500000071246177,-2.9999999242136255e-05,1.323713604506338e-05,5.5763288736343384
0.00019999999494757503,-3.9999998989515007e-05,1.7649514120421372e-05,7.4351050853729248
0.00025000001187436283,-4.9999998736893758e-05,2.2061892195779365e-05,9.2938814163208008
0.00030000001424923539,-5.999999848427251e-05,2.647427209012676e-05,11.152657747268677
0.0003499999875202775,-7.0000001869630069e-05,3.0886648346495349e-05,13.011433839797974
0.00039999998989515007,-7.9999997979030013e-05,3.5299028240842745e-05,14.87021017074585
0.00044999999227002263,-9.0000001364387572e-05,3.971140813519014e-05,16.728986740112305
0.00050000002374872565,-9.9999997473787516e-05,4.4123784391558729e-05,18.587762832641602
0.00054999999701976776,-0.00011000000085914508,4.8536160647927318e-05,20.446538925170898
0.00060000002849847078,-0.00011999999696854502,5.2948544180253521e-05,22.305315494537354
0.00065000000176951289,-0.00013000000035390258,5.7360919527127407e-05,24.16409158706665
0.000699999975040555,-0.00014000000373926014,6.1773296692990698e-05,26.022867679595947
0.00075000000651925802,-0.0001500000071246177,6.6185679315822199e-05,27.881644725799561
0.00079999997979030013,-0.00015999999595806003,7.0598056481685489e-05,29.740420341491699
0.00085000001126900315,-0.00016999999934341758,7.5010431828559376e-05,31.599197387695312
0.00089999998454004526,-0.00018000000272877514,7.9422816270380281e-05,33.457973480224609
0.00095000001601874828,-0.0001900000061141327,8.3835191617254168e-05,35.316749572753906
0.0010000000474974513,-0.00019999999494757503,8.8247568783117458e-05,37.175525665283203
0.0010499999625608325,-0.00020999999833293259,9.2659951405948959e-05,39.034302711486816
0.0010999999940395355,-0.00022000000171829015,9.7072321295854636e-05,40.893077850341797
0.0011500000255182385,-0.00023000000510364771,0.00010148471119464375,42.751853942871094
0.0012000000569969416,-0.00023999999393709004,0.00010589708836050704,44.610630989074707
0.0012499999720603228,-0.00025000001187436283,0.00011030946188839152,46.46940803527832
0.0013000000035390258,-0.00026000000070780516,0.00011472183905425481,48.328183174133301
0.0013500000350177288,-0.00026999998954124749,0.00011913421622011811,50.186958312988281
0.00139999995008111,-0.00028000000747852027,0.0001235465933859814,52.045735359191895
0.001449999981559813,-0.0002899999963119626,0.00012795898146578111,53.904512405395508
0.001500000013038516,-0.00030000001424923539,0.0001323713586316444,55.763289451599121
0.0015500000445172191,-0.00031000000308267772,0.00013678373579750769,57.622064590454102
0.0015999999595806003,-0.00031999999191612005,0.00014119611296337098,59.480840682983398
0.0016499999910593033,-0.00033000000985339284,0.00014560848649125546,61.339617729187012
0.0017000000225380063,-0.00033999999868683517,0.00015002086365711875,63.198394775390625
0.0017500000540167093,-0.0003499999875202775,0.00015443324082298204,65.057169914245605
0.0017999999690800905,-0.00036000000545755029,0.00015884563254076056,66.915946960449219
0.0018500000005587935,-0.00036999999429099262,0.00016325800606864505,68.774724006652832
0.0019000000320374966,-0.0003800000122282654,0.00016767038323450834,70.633499145507812
0.0019499999471008778,-0.00039000000106170774,0.00017208276040037163,72.492273330688477
0.0020000000949949026,-0.00039999998989515007,0.00017649513756623492,74.351051330566406
0.0020500000100582838,-0.00041000000783242285,0.0001809075110941194,76.209827423095703
0.002099999925121665,-0.00041999999666586518,0.00018531990281189792,78.068605422973633
0.0021500000730156898,-0.00042999998549930751,0.00018973227997776121,79.92738151550293
0.002199999988079071,-0.0004400000034365803,0.00019414464259170927,81.786155700683594
0.0022499999031424522,-0.00044999999227002263,0.00019855703067150898,83.644935607910156
0.0023000000510364771,-0.00046000001020729542,0.0002029694223892875,85.503707885742188
0.0023499999660998583,-0.00046999999904073775,0.00020738178500323556,87.362485885620117
0.0024000001139938831,-0.00047999998787418008,0.00021179417672101408,89.221261978149414
0.0024500000290572643,-0.00049000000581145287,0.00021620653569698334,91.080036163330078
0.0024999999441206455,-0.00050000002374872565,0.00022061892377678305,92.938816070556641
0.0025500000920146704,-0.00050999998347833753,0.00022503129002870992,94.797590255737305
0.0026000000070780516,-0.00052000000141561031,0.00022944367810850963,96.656366348266602
0.0026499999221414328,-0.0005300000193528831,0.00023385607346426696,98.515144348144531
0.0027000000700354576,-0.00053999997908249497,0.00023826843244023621,100.37391662597656
0.0027499999850988388,-0.00054999999701976776,0.00024268082052003592,102.23269844055176
0.00279999990016222,-0.00056000001495704055,0.00024709318677196279,104.09147071838379
0.0028500000480562449,-0.00056999997468665242,0.0002515055748517625,105.95024871826172
0.002899999963119626,-0.00057999999262392521,0.00025591796293156222,107.80902481079102
0.0029500001110136509,-0.000590000010561198,0.00026033032918348908,109.66779899597168
0.0030000000260770321,-0.00060000002849847078,0.0002647427172632888,111.52657890319824
0.0030499999411404133,-0.00060999998822808266,0.00026915508351521567,113.38535308837891
0.0031000000890344381,-0.00062000000616535544,0.00027356747159501538,115.2441291809082
0.0031500000040978193,-0.00063000002410262823,0.00027797983057098463,117.10290718078613
0.0031999999191612005,-0.0006399999838322401,0.00028239222592674196,118.9616813659668
0.0032500000670552254,-0.00065000000176951289,0.00028680461400654167,120.82045745849609
0.0032999999821186066,-0.00066000001970678568,0.00029121697298251092,122.67923545837402
0.0033499998971819878,-0.00066999997943639755,0.00029562936833826825,124.53801155090332
0.0034000000450760126,-0.00067999999737367034,0.00030004172731423751,126.39678955078125
0.0034499999601393938,-0.00069000001531094313,0.00030445412266999483,128.25556564331055
0.0035000001080334187,-0.000699999975040555,0.00030886648164596409,130.11433982849121
0.0035500000230967999,-0.00070999999297782779,0.0003132788697257638,131.97311592102051
0.003599999938160181,-0.00072000001091510057,0.00031769126508152112,133.83189392089844
0.0036500000860542059,-0.00073000002885237336,0.00032210362405749038,135.69066619873047
0.0037000000011175871,-0.00073999998858198524,0.00032651601213729009,137.54944801330566
0.0037499999161809683,-0.00075000000651925802,0.00033092837838921696,139.40822219848633
0.0038000000640749931,-0.00076000002445653081,0.00033534076646901667,141.26699829101562
0.0038499999791383743,-0.00076999998418614268,0.00033975312544498593,143.12577438354492
0.0038999998942017555,-0.00078000000212341547,0.00034416552080074325,144.98454666137695
0.0039499998092651367,-0.00079000002006068826,0.00034857790888054296,146.84333038330078
0.0040000001899898052,-0.00079999997979030013,0.00035299027513246983,148.70210266113281
0.0040500001050531864,-0.00080999999772757292,0.00035740266321226954,150.56087493896484
0.0041000000201165676,-0.00082000001566484571,0.0003618150221882388,152.41965484619141
0.0041499999351799488,-0.00082999997539445758,0.00036622741754399613,154.2784309387207
0.00419999985024333,-0.00083999999333173037,0.00037063980562379584,156.13721084594727
0.0042500002309679985,-0.00085000001126900315,0.00037505216459976509,157.9959831237793
0.0043000001460313797,-0.00085999997099861503,0.00037946455995552242,159.85476303100586
0.0043500000610947609,-0.00086999998893588781,0.00038387694803532213,161.71353912353516
0.0043999999761581421,-0.0008800000068731606,0.00038828928518341854,163.57231140136719
0.0044499998912215233,-0.00089000002481043339,0.00039270167326321825,165.43108749389648
0.0044999998062849045,-0.00089999998454004526,0.00039711406134301797,167.28987121582031
0.004550000187009573,-0.00091000000247731805,0.00040152645669877529,169.14864730834961
0.0046000001020729542,-0.00092000002041459084,0.000405938844778575,171.00741577148438
0.0046500000171363354,-0.00092999998014420271,0.0004103511746507138,172.86619186401367
0.0046999999321997166,-0.0009399999980814755,0.00041476357000647113,174.72497177124023
0.0047499998472630978,-0.00095000001601874828,0.00041917595808627084,176.58374786376953
0.0048000002279877663,-0.00095999997574836016,0.00042358835344202816,178.44252395629883
0.0048500001430511475,-0.00096999999368563294,0.00042800074152182788,180.30130004882812
0.0049000000581145287,-0.00098000001162290573,0.00043241307139396667,182.16007232666016
0.0049499999731779099,-0.0009899999713525176,0.00043682545947376639,184.01884841918945
0.004999999888241291,-0.0010000000474974513,0.0004412378475535661,185.87763214111328
0.0050499998033046722,-0.0010100000072270632,0.00044565025018528104,187.73640060424805
0.0051000001840293407,-0.0010199999669566751,0.00045006258005741984,189.59518051147461
0.0051500000990927219,-0.0010300000431016088,0.00045447496813721955,191.45395660400391
0.0052000000141561031,-0.0010400000028312206,0.00045888735621701926,193.3127326965332
0.0052499999292194843,-0.0010499999625608325,0.00046329974429681897,195.1715087890625
0.0052999998442828655,-0.0010600000387057662,0.00046771214692853391,197.03028869628906
0.005350000225007534,-0.0010699999984353781,0.00047212447680067271,198.88906478881836
0.0054000001400709152,-0.0010799999581649899,0.00047653686488047242,200.74783325195312
0.0054500000551342964,-0.0010900000343099236,0.00048094925296027213,202.60662078857422
0.0054999999701976776,-0.0010999999940395355,0.00048536164104007185,204.46539688110352
0.0055499998852610588,-0.0011099999537691474,0.00048977404367178679,206.32416534423828
0.00559999980032444,-0.0011200000299140811,0.00049418637354392558,208.18294143676758
0.0056500001810491085,-0.001129999989643693,0.0004985987616237253,210.04172134399414
0.0057000000961124897,-0.0011399999493733048,0.00050301114970352501,211.90049743652344
0.0057500000111758709,-0.0011500000255182385,0.00050742353778332472,213.75927352905273
0.0057999999262392521,-0.0011599999852478504,0.00051183592586312443,215.61804962158203
0.0058499998413026333,-0.0011699999449774623,0.00051624827028717846,217.47682189941406
0.0059000002220273018,-0.001180000021122396,0.00052066065836697817,219.33559799194336
0.005950000137090683,-0.0011899999808520079,0.00052507304644677788,221.19438171386719
0.0060000000521540642,-0.0012000000569969416,0.00052948543452657759,223.05315780639648
0.0060499999672174454,-0.0012100000167265534,0.00053389776439871639,224.91193008422852
0.0060999998822808266,-0.0012199999764561653,0.00053831016703043133,226.77070617675781
0.0061499997973442078,-0.001230000052601099,0.00054272255511023104,228.62948226928711
0.0062000001780688763,-0.0012400000123307109,0.00054713494319003075,230.48825836181641
0.0062500000931322575,-0.0012499999720603228,0.00055154733126983047,232.34703826904297
0.0063000000081956387,-0.0012600000482052565,0.00055595966114196926,234.20581436157227
0.0063499999232590199,-0.0012700000079348683,0.00056037204922176898,236.06458282470703
0.006399999838322401,-0.0012799999676644802,0.00056478445185348392,237.92336273193359
0.0064500002190470695,-0.0012900000438094139,0.00056919683993328363,239.78214645385742
0.0065000001341104507,-0.0013000000035390258,0.00057360922801308334,241.64091491699219
0.0065500000491738319,-0.0013099999632686377,0.00057802155788522214,243.49969100952148
0.0065999999642372131,-0.0013200000394135714,0.00058243394596502185,245.35847091674805
0.0066499998793005943,-0.0013299999991431832,0.00058684634859673679,247.21723937988281
0.0066999997943639755,-0.0013399999588727951,0.0005912587366765365,249.07602310180664
0.006750000175088644,-0.0013500000350177288,0.00059567112475633621,250.93479919433594
0.0068000000901520252,-0.0013599999947473407,0.00060008345462847501,252.7935791015625
0.0068500000052154064,-0.0013699999544769526,0.00060449584270827472,254.65234756469727
0.0068999999202787876,-0.0013800000306218863,0.00060890824533998966,256.51113128662109
0.0069499998353421688,-0.0013899999903514981,0.00061332063341978937,258.36990737915039
0.0070000002160668373,-0.00139999995008111,0.00061773296329192817,260.22867965698242
0.0070500001311302185,-0.0014100000262260437,0.00062214535137172788,262.08745574951172
0.0071000000461935997,-0.0014199999859556556,0.0006265577394515276,263.94623184204102
0.0071499999612569809,-0.0014299999456852674,0.00063097012753132731,265.80500793457031
0.0071999998763203621,-0.0014400000218302011,0.00063538253016304225,267.66378784179688
0.0072499997913837433,-0.001449999981559813,0.00063979486003518105,269.52256393432617
0.0073000001721084118,-0.0014600000577047467,0.00064420724811498076,271.38133239746094
0.007350000087171793,-0.0014700000174343586,0.00064861963619478047,273.24010848999023
0.0074000000022351742,-0.0014799999771639705,0.00065303202427458018,275.09889602661133
0.0074499999172985554,-0.0014900000533089042,0.00065744442690629512,276.95766448974609
0.0074999998323619366,-0.001500000013038516,0.00066185675677843392,278.81644439697266
0.0075500002130866051,-0.0015099999727681279,0.00066626914485823363,280.67521667480469
0.0076000001281499863,-0.0015200000489130616,0.00067068153293803334,282.53399658203125
0.0076500000432133675,-0.0015300000086426735,0.00067509392101783305,284.39277648925781
0.0076999999582767487,-0.0015399999683722854,0.00067950625088997185,286.25154876708984
0.0077499998733401299,-0.0015500000445172191,0.00068391865352168679,288.11032867431641
0.007799999788403511,-0.0015600000042468309,0.0006883310416014865,289.96909332275391
0.0078499997034668922,-0.0015699999639764428,0.00069274342968128622,291.82787322998047
0.0078999996185302734,-0.0015800000401213765,0.00069715581776108593,293.68666076660156
0.0079500004649162292,-0.0015899999998509884,0.00070156814763322473,295.54542541503906
0.0080000003799796104,-0.0015999999595806003,0.00070598055026493967,297.40420532226562
0.0080500002950429916,-0.001610000035725534,0.00071039293834473938,299.26298522949219
0.0081000002101063728,-0.0016199999954551458,0.00071480532642453909,301.12174987792969
0.008150000125169754,-0.0016299999551847577,0.0007192177145043388,302.98053741455078
0.0082000000402331352,-0.0016400000313296914,0.0007236300443764776,304.83930969238281
0.0082499999552965164,-0.0016499999910593033,0.00072804244700819254,306.69808197021484
0.0082999998703598976,-0.0016599999507889152,0.00073245483508799225,308.55686187744141
0.0083499997854232788,-0.0016700000269338489,0.00073686722316779196,310.41563415527344
0.00839999970048666,-0.0016799999866634607,0.00074127961124759167,312.27442169189453
0.0084499996155500412,-0.0016899999463930726,0.00074569194111973047,314.13319396972656
0.008500000461935997,-0.0017000000225380063,0.00075010432919953018,315.99196624755859
0.0085500003769993782,-0.0017099999822676182,0.00075451673183124512,317.85074615478516
0.0086000002920627594,-0.0017199999419972301,0.00075892911991104484,319.70952606201172
0.0086500002071261406,-0.0017300000181421638,0.00076334144978318363,321.56829833984375
0.0087000001221895218,-0.0017399999778717756,0.00076775389607064426,323.42707824707031
0.008750000037252903,-0.0017500000540167093,0.00077216622594278306,325.28584289550781
0.0087999999523162842,-0.0017600000137463212,0.00077657857036683708,327.14462280273438
0.0088499998673796654,-0.0017699999734759331,0.00078099101665429771,329.00341033935547
0.0088999997824430466,-0.0017800000496208668,0.00078540334652643651,330.86217498779297
0.0089499996975064278,-0.0017900000093504786,0.00078981579281389713,332.72095489501953
0.008999999612569809,-0.0017999999690800905,0.00079422812268603593,334.57974243164062
0.0090500004589557648,-0.0018100000452250242,0.00079864045255817473,336.43849945068359
0.009100000374019146,-0.0018200000049546361,0.00080305291339755058,338.29729461669922
0.0091500002890825272,-0.001829999964684248,0.00080746524326968938,340.15605163574219
0.0092000002041459084,-0.0018400000408291817,0.00081187768955715001,342.01483154296875
0.0092500001192092896,-0.0018500000005587935,0.0008162900194292888,343.87362670898438
0.0093000000342726707,-0.0018599999602884054,0.0008207023493014276,345.73238372802734
0.0093499999493360519,-0.0018700000364333391,0.00082511481014080346,347.59116363525391
0.0093999998643994331,-0.001879999996162951,0.00082952714001294225,349.44994354248047
0.0094499997794628143,-0.0018899999558925629,0.00083393958630040288,351.3087158203125
0.0094999996945261955,-0.0019000000320374966,0.00083835191617254168,353.16749572753906
0.0095499996095895767,-0.0019099999917671084,0.00084276424604468048,355.02626800537109
0.0096000004559755325,-0.0019199999514967203,0.00084717670688405633,356.88504791259766
0.0096500003710389137,-0.001930000027641654,0.0008515890222042799,358.74381256103516
0.0097000002861022949,-0.0019399999873712659,0.00085600148304365575,360.60260009765625
0.0097500002011656761,-0.0019499999471008778,0.00086041382746770978,362.46138000488281
0.0098000001162290573,-0.0019600000232458115,0.00086482614278793335,364.32014465332031
0.0098500000312924385,-0.0019700000993907452,0.0008692386036273092,366.17893218994141
0.0098999999463558197,-0.0019799999427050352,0.00087365091894753277,368.03769683837891
0.0099499998614192009,-0.0019900000188499689,0.0008780632633715868,369.89647674560547
0.0099999997764825821,-0.0020000000949949026,0.0008824756951071322,371.75526428222656
0.010049999691545963,-0.0020099999383091927,0.00088688803953118622,373.61402893066406
0.010099999606609344,-0.0020200000144541264,0.00089130050037056208,375.47280120849609
0.0101500004529953,-0.0020300000905990601,0.00089571281569078565,377.33158111572266
0.010200000368058681,-0.0020399999339133501,0.00090012516011483967,379.19036102294922
0.010250000283122063,-0.0020500000100582838,0.00090453759185038507,381.04914855957031
0.010300000198185444,-0.0020600000862032175,0.0009089499362744391,382.90791320800781
0.010350000113248825,-0.0020699999295175076,0.00091336239711381495,384.76669311523438
0.010400000028312206,-0.0020800000056624413,0.00091777471243403852,386.62546539306641
0.010449999943375587,-0.002090000081807375,0.00092218705685809255,388.48424530029297
0.010499999858438969,-0.002099999925121665,0.00092659948859363794,390.343017578125
0.01054999977350235,-0.0021100000012665987,0.00093101183301769197,392.20179748535156
0.010599999688565731,-0.0021200000774115324,0.00093542429385706782,394.06057739257812
0.010649999603629112,-0.0021299999207258224,0.00093983660917729139,395.91934967041016
0.010700000450015068,-0.0021399999968707561,0.00094424895360134542,397.77812957763672
0.010750000365078449,-0.0021500000730156898,0.00094866138533689082,399.63690948486328
0.01080000028014183,-0.0021599999163299799,0.00095307372976094484,401.49566650390625
0.010850000195205212,-0.0021699999924749136,0.0009574861906003207,403.35446166992188
0.010900000110268593,-0.0021800000686198473,0.00096189850592054427,405.21324157714844
0.010950000025331974,-0.0021899999119341373,0.00096631085034459829,407.07199859619141
0.010999999940395355,-0.002199999988079071,0.00097072328208014369,408.93079376220703
0.011049999855458736,-0.0022100000642240047,0.00097513562650419772,410.78955078125
0.011099999770522118,-0.0022199999075382948,0.00097954808734357357,412.64833068847656
0.011149999685585499,-0.0022299999836832285,0.00098396040266379714,414.50712585449219
0.01119999960064888,-0.0022400000598281622,0.00098837274708785117,416.36588287353516
0.011250000447034836,-0.0022499999031424522,0.00099278517882339656,418.22466278076172
0.011300000362098217,-0.0022599999792873859,0.00099719752324745059,420.08344268798828
0.011350000277161598,-0.0022700000554323196,0.001001609954982996,421.94221496582031
0.011400000192224979,-0.0022799998987466097,0.00100602229940705,423.80099487304688
0.011450000107288361,-0.0022899999748915434,0.001010434643831104,425.65976715087891
0.011500000022351742,-0.0023000000510364771,0.0010148470755666494,427.51854705810547
0.011549999937415123,-0.0023099998943507671,0.0010192594199907035,429.37731170654297
0.011599999852478504,-0.0023199999704957008,0.0010236718517262489,431.23609924316406
0.011649999767541885,-0.0023300000466406345,0.0010280841961503029,433.09487915039062
0.011699999682605267,-0.0023399998899549246,0.0010324965405743569,434.95364379882812
0.011749999597668648,-0.0023499999660998583,0.0010369089723099023,436.81243133544922
0.011800000444054604,-0.002360000042244792,0.0010413213167339563,438.67119598388672
0.011850000359117985,-0.002369999885559082,0.0010457336320541799,440.52999114990234
0.011900000274181366,-0.0023799999617040157,0.0010501460928935558,442.38876342773438
0.011950000189244747,-0.0023900000378489494,0.0010545584373176098,444.24752807617188
0.012000000104308128,-0.0024000001139938831,0.0010589708690531552,446.10631561279297
0.01205000001937151,-0.0024099999573081732,0.0010633832134772092,447.96508026123047
0.012099999934434891,-0.0024200000334531069,0.0010677955287974328,449.82386016845703
0.012149999849498272,-0.0024300001095980406,0.0010722079896368086,451.68264770507812
0.012199999764561653,-0.0024399999529123306,0.0010766203340608627,453.54141235351562
0.012249999679625034,-0.0024500000290572643,0.0010810327657964081,455.40019226074219
0.012299999594688416,-0.002460000105202198,0.0010854451102204621,457.25896453857422
0.012350000441074371,-0.0024699999485164881,0.0010898574255406857,459.11774444580078
0.012400000356137753,-0.0024800000246614218,0.0010942698863800615,460.97651672363281
0.012450000271201134,-0.0024900001008063555,0.0010986822308041155,462.83529663085938
0.012500000186264515,-0.0024999999441206455,0.0011030946625396609,464.69407653808594
0.012550000101327896,-0.0025100000202655792,0.001107507006963715,466.55283355712891
0.012600000016391277,-0.0025200000964105129,0.0011119193222839385,468.41162872314453
0.012649999931454659,-0.002529999939724803,0.0011163317831233144,470.27040863037109
0.01269999984651804,-0.0025400000158697367,0.001120744098443538,472.12916564941406
0.012749999761581421,-0.0025500000920146704,0.0011251565592829138,473.98796081542969
0.012799999676644802,-0.0025599999353289604,0.0011295689037069678,475.84672546386719
0.012849999591708183,-0.0025700000114738941,0.0011339812190271914,477.70549774169922
0.012900000438094139,-0.0025800000876188278,0.0011383936798665673,479.56429290771484
0.01295000035315752,-0.0025899999309331179,0.0011428059951867908,481.42304992675781
0.013000000268220901,-0.0026000000070780516,0.0011472184560261667,483.28182983398438
0.013050000183284283,-0.0026100000832229853,0.0011516308004502207,485.14060974121094
0.013100000098347664,-0.0026199999265372753,0.0011560431157704443,486.99938201904297
0.013150000013411045,-0.002630000002682209,0.0011604555766098201,488.85816192626953
0.013199999928474426,-0.0026400000788271427,0.0011648678919300437,490.71694183349609
0.013249999843537807,-0.0026499999221414328,0.0011692803527694196,492.57571411132812
0.013299999758601189,-0.0026599999982863665,0.0011736926971934736,494.43447875976562
0.01334999967366457,-0.0026700000744313002,0.0011781050125136971,496.29326629638672
0.013399999588727951,-0.0026799999177455902,0.001182517473353073,498.15204620361328
0.013450000435113907,-0.0026899999938905239,0.0011869297886732966,500.01082611083984
0.013500000350177288,-0.0027000000700354576,0.0011913422495126724,501.86959838867188
0.013550000265240669,-0.0027099999133497477,0.0011957545939367265,503.72836303710938
0.01360000018030405,-0.0027199999894946814,0.00120016690925695,505.587158203125
0.013650000095367432,-0.0027300000656396151,0.0012045793700963259,507.44593048095703
0.013700000010430813,-0.0027399999089539051,0.0012089916854165494,509.30469512939453
0.013749999925494194,-0.0027499999850988388,0.0012134040298406035,511.16348266601562
0.013799999840557575,-0.0027600000612437725,0.0012178164906799793,513.02226257324219
0.013849999755620956,-0.0027699999045580626,0.0012222288060002029,514.88102722167969
0.013899999670684338,-0.0027799999807029963,0.0012266412668395787,516.73981475830078
0.013949999585747719,-0.00279000005684793,0.0012310535821598023,518.59857940673828
0.014000000432133675,-0.00279999990016222,0.0012354659265838563,520.45735931396484
0.014050000347197056,-0.0028099999763071537,0.0012398783583194017,522.31614685058594
0.014100000262260437,-0.0028200000524520874,0.0012442907027434558,524.17491149902344
0.014150000177323818,-0.0028299998957663774,0.0012487031635828316,526.03369140625
0.014200000092387199,-0.0028399999719113111,0.0012531154789030552,527.89246368408203
0.014250000007450581,-0.0028500000480562449,0.0012575278233271092,529.75124359130859
0.014299999922513962,-0.0028599998913705349,0.0012619402550626546,531.61001586914062
0.014349999837577343,-0.0028699999675154686,0.0012663525994867086,533.46879577636719
0.014399999752640724,-0.0028800000436604023,0.0012707650603260845,535.32757568359375
0.014449999667704105,-0.0028899998869746923,0.0012751773756463081,537.18633270263672
0.014499999582767487,-0.002899999963119626,0.0012795897200703621,539.04512786865234
0.014550000429153442,-0.0029100000392645597,0.0012840021518059075,540.90390777587891
0.014600000344216824,-0.0029200001154094934,0.0012884144962299615,542.76266479492188
0.014650000259280205,-0.0029299999587237835,0.0012928269570693374,544.6214599609375
0.014700000174343586,-0.0029400000348687172,0.0012972392723895609,546.48021697998047
0.014750000089406967,-0.0029500001110136509,0.001301651616813615,548.33899688720703
0.014800000004470348,-0.0029599999543279409,0.0013060640485491604,550.19779205322266
0.01484999991953373,-0.0029700000304728746,0.0013104763929732144,552.05654907226562
0.014899999834597111,-0.0029800001066178083,0.0013148888538125902,553.91532897949219
0.014949999749660492,-0.0029899999499320984,0.0013193011691328138,555.77410888671875
0.014999999664723873,-0.0030000000260770321,0.0013237135135568678,557.63288879394531
0.015049999579787254,-0.0030100001022219658,0.0013281259452924132,559.49166870117188
0.01510000042617321,-0.0030199999455362558,0.0013325382897164673,561.35043334960938
0.015150000341236591,-0.0030300000216811895,0.0013369507505558431,563.20921325683594
0.015200000256299973,-0.0030400000978261232,0.0013413630658760667,565.0679931640625
0.015250000171363354,-0.0030499999411404133,0.0013457754103001207,566.92677307128906
0.015300000086426735,-0.003060000017285347,0.0013501878420356661,568.78555297851562
0.015350000001490116,-0.0030700000934302807,0.0013546001864597201,570.64431762695312
0.015399999916553497,-0.0030799999367445707,0.0013590125017799437,572.50309753417969
0.015449999831616879,-0.0030900000128895044,0.0013634249626193196,574.36186218261719
0.01549999974668026,-0.0031000000890344381,0.0013678373070433736,576.22065734863281
0.015549999661743641,-0.0031099999323487282,0.001372249738778919,578.07943725585938
0.015599999576807022,-0.0031200000084936619,0.001376662083202973,579.93818664550781
0.015650000423192978,-0.0031300000846385956,0.0013810743985231966,581.79698181152344
0.015699999406933784,-0.0031399999279528856,0.0013854868593625724,583.65574645996094
0.01575000025331974,-0.0031500000040978193,0.0013898992037866265,585.5145263671875
0.015799999237060547,-0.003160000080242753,0.0013943116355221719,587.37332153320312
0.015850000083446503,-0.0031699999235570431,0.0013987239799462259,589.23207092285156
0.015900000929832458,-0.0031799999997019768,0.0014031362952664495,591.09085083007812
0.015949999913573265,-0.0031900000758469105,0.0014075487561058253,592.94963073730469
0.016000000759959221,-0.0031999999191612005,0.0014119611005298793,594.80841064453125
0.016049999743700027,-0.0032099999953061342,0.0014163735322654247,596.66719055175781
0.016100000590085983,-0.0032200000714510679,0.0014207858766894788,598.52597045898438
0.01614999957382679,-0.003229999914765358,0.0014251981920097023,600.38473510742188
0.016200000420212746,-0.0032399999909102917,0.0014296106528490782,602.24349975585938
0.016249999403953552,-0.0032500000670552254,0.0014340229972731322,604.102294921875
0.016300000250339508,-0.0032599999103695154,0.0014384354290086776,605.96107482910156
0.016349999234080315,-0.0032699999865144491,0.0014428477734327316,607.81983947753906
0.01640000008046627,-0.0032800000626593828,0.0014472600887529552,609.67861938476562
0.016450000926852226,-0.0032899999059736729,0.0014516725495923311,611.53738403320312
0.016499999910593033,-0.0032999999821186066,0.0014560848940163851,613.39616394042969
0.016550000756978989,-0.0033100000582635403,0.0014604973257519305,615.25495910644531
0.016599999740719795,-0.0033199999015778303,0.0014649096701759845,617.11372375488281
0.016650000587105751,-0.003329999977722764,0.0014693219854962081,618.97251892089844
0.016699999570846558,-0.0033400000538676977,0.0014737344463355839,620.83126831054688
0.016750000417232513,-0.0033499998971819878,0.0014781467616558075,622.69004821777344
0.01679999940097332,-0.0033599999733269215,0.0014825592224951833,624.54884338378906
0.016850000247359276,-0.0033700000494718552,0.0014869715669192374,626.40760803222656
0.016899999231100082,-0.0033799998927861452,0.0014913838822394609,628.26638793945312
0.016950000077486038,-0.0033899999689310789,0.0014957963430788368,630.12516784667969
0.017000000923871994,-0.0034000000450760126,0.0015002086583990604,631.98393249511719
0.017049999907612801,-0.0034099998883903027,0.0015046211192384362,633.84271240234375
0.017100000753998756,-0.0034199999645352364,0.0015090334636624902,635.70149230957031
0.017149999737739563,-0.0034300000406801701,0.0015134457789827138,637.56027221679688
0.017200000584125519,-0.0034399998839944601,0.0015178582398220897,639.41905212402344
0.017249999567866325,-0.0034499999601393938,0.0015222705551423132,641.27781677246094
0.017300000414252281,-0.0034600000362843275,0.0015266828995663673,643.1365966796875
0.017349999397993088,-0.0034700001124292612,0.0015310952439904213,644.995361328125
0.017400000244379044,-0.0034799999557435513,0.0015355077921412885,646.85415649414062
0.01744999922811985,-0.003490000031888485,0.0015399201365653425,648.71293640136719
0.017500000074505806,-0.0035000001080334187,0.0015443324518855661,650.57168579101562
0.017550000920891762,-0.0035099999513477087,0.0015487447963096201,652.43048095703125
0.017599999904632568,-0.0035200000274926424,0.0015531571407336742,654.28924560546875
0.017650000751018524,-0.0035300001036375761,0.0015575696888845414,656.14802551269531
0.017699999734759331,-0.0035399999469518661,0.0015619820333085954,658.00682067871094
0.017750000581145287,-0.0035500000230967999,0.001566394348628819,659.86557006835938
0.017799999564886093,-0.0035600000992417336,0.001570806693052873,661.72434997558594
0.017850000411272049,-0.0035699999425560236,0.001575219037476927,663.5831298828125
0.017899999395012856,-0.0035800000187009573,0.0015796315856277943,665.44190979003906
0.017950000241398811,-0.003590000094845891,0.0015840439300518483,667.30067443847656
0.017999999225139618,-0.003599999938160181,0.0015884562453720719,669.15948486328125
0.018050000071525574,-0.0036100000143051147,0.0015928685897961259,671.01823425292969
0.01810000091791153,-0.0036200000904500484,0.0015972809051163495,672.87699890136719
0.018149999901652336,-0.0036299999337643385,0.0016016934823710471,674.73576354980469
0.018200000748038292,-0.0036400000099092722,0.0016061058267951012,676.59458923339844
0.018249999731779099,-0.0036500000860542059,0.0016105181421153247,678.45335388183594
0.018300000578165054,-0.0036599999293684959,0.0016149304865393788,680.31210327148438
0.018349999561905861,-0.0036700000055134296,0.0016193428018596023,682.1708984375
0.018400000408291817,-0.0036800000816583633,0.0016237553791143,684.0296630859375
0.018449999392032623,-0.0036899999249726534,0.001628167723538354,685.888427734375
0.018500000238418579,-0.0037000000011175871,0.0016325800388585776,687.74725341796875
0.018549999222159386,-0.0037100000772625208,0.0016369923832826316,689.60601806640625
0.018600000068545341,-0.0037199999205768108,0.0016414046986028552,691.46476745605469
0.018650000914931297,-0.0037299999967217445,0.0016458172758575529,693.32356262207031
0.018699999898672104,-0.0037400000728666782,0.0016502296202816069,695.18232727050781
0.01875000074505806,-0.0037499999161809683,0.0016547115228604525,697.03057861328125
0.018799999728798866,-0.003759999992325902,0.0016592196188867092,698.87495422363281
0.018850000575184822,-0.0037700000684708357,0.0016637587978038937,700.71464538574219
0.018899999558925629,-0.0037799999117851257,0.0016683103167451918,702.55250549316406
0.018950000405311584,-0.0037899999879300594,0.0016728621267247945,704.39031982421875
0.018999999389052391,-0.0038000000640749931,0.0016774138784967363,706.22813415527344
0.019050000235438347,-0.0038099999073892832,0.001681965688476339,708.06594848632812
0.019099999219179153,-0.0038199999835342169,0.0016865177021827549,709.90376281738281
0.019150000065565109,-0.0038300000596791506,0.001691069861408323,711.74151611328125
0.019200000911951065,-0.0038399999029934406,0.0016956221370492131,713.57928466796875
0.019249999895691872,-0.0038499999791383743,0.0017001743544824421,715.41702270507812
0.019300000742077827,-0.003860000055283308,0.0017047267756424844,717.2547607421875
0.019349999725818634,-0.0038699998985975981,0.0017092794296331704,719.092529296875
0.01940000057220459,-0.0038799999747425318,0.0017138319672085345,720.93019104003906
0.019449999555945396,-0.0038900000508874655,0.0017183847958222032,722.76792907714844
0.019500000402331352,-0.0038999998942017555,0.0017229375662282109,724.60562133789062
0.019549999386072159,-0.0039099999703466892,0.0017274906276725233,726.44328308105469
0.019600000232458115,-0.0039200000464916229,0.0017320438055321574,728.28092956542969
0.019649999216198921,-0.0039300001226365566,0.0017365969833917916,730.11856079101562
0.019700000062584877,-0.0039400001987814903,0.0017411502194590867,731.95620727539062
0.019750000908970833,-0.0039499998092651367,0.0017457036883570254,733.79379272460938
0.019799999892711639,-0.0039599998854100704,0.0017502571572549641,735.63143920898438
0.019850000739097595,-0.0039699999615550041,0.0017548108589835465,737.46902465820312
0.019899999722838402,-0.0039800000376999378,0.0017593643860891461,739.30661010742188
0.019950000569224358,-0.0039900001138448715,0.001763918437063694,741.14418029785156
0.019999999552965164,-0.0040000001899898052,0.0017684723134152591,742.98171997070312
0.02005000039935112,-0.0040099998004734516,0.0017730261897668242,744.81929016113281
0.020099999383091927,-0.0040199998766183853,0.0017775804153643548,746.65679931640625
0.020150000229477882,-0.004029999952763319,0.0017821346409618855,748.49430847167969
0.020199999213218689,-0.0040400000289082527,0.001786688924767077,750.33183288574219
0.020250000059604645,-0.0040500001050531864,0.0017912434414029121,752.16932678222656
0.020300000905990601,-0.0040600001811981201,0.0017957978416234255,754.00679016113281
0.020349999889731407,-0.0040699997916817665,0.0018003524164669216,755.84428405761719
0.020400000736117363,-0.0040799998678267002,0.0018049073405563831,757.68174743652344
0.02044999971985817,-0.0040899999439716339,0.001809462031815201,759.51919555664062
0.020500000566244125,-0.0041000000201165676,0.0018140170141123235,761.35662841796875
0.020549999549984932,-0.0041100000962615013,0.001818571996409446,763.19407653808594
0.020600000396370888,-0.004120000172406435,0.0018231270369142294,765.031494140625
0.020649999380111694,-0.0041299997828900814,0.0018276823102496564,766.86888122558594
0.02070000022649765,-0.0041399998590350151,0.0018322374671697617,768.70625305175781
0.020749999210238457,-0.0041499999351799488,0.0018367928569205105,770.54367065429688
0.020800000056624413,-0.0041600000113248825,0.0018413482466712594,772.38101196289062
0.020850000903010368,-0.0041700000874698162,0.0018459039274603128,774.2183837890625
0.020899999886751175,-0.0041800001636147499,0.0018504594336263835,776.05575561523438
0.020950000733137131,-0.0041899997740983963,0.0018550151726230979,777.89309692382812
0.020999999716877937,-0.00419999985024333,0.0018595709698274732,779.73040771484375
0.021050000563263893,-0.0042099999263882637,0.0018641268252395093,781.56771850585938
0.0210999995470047,-0.0042200000025331974,0.0018686829134821892,783.40504455566406
0.021150000393390656,-0.0042300000786781311,0.0018732388271018863,785.24234008789062
0.021199999377131462,-0.0042400001548230648,0.001877794973552227,787.07963562011719
0.021250000223517418,-0.0042500002309679985,0.0018823511782102287,788.91690063476562
0.021299999207258224,-0.0042599998414516449,0.0018869076739065349,790.75416564941406
0.02135000005364418,-0.0042699999175965786,0.0018914639367721975,792.59141540527344
0.021400000900030136,-0.0042799999937415123,0.0018960204906761646,794.42868041992188
0.021449999883770943,-0.004290000069886446,0.0019005770445801318,796.26589965820312
0.021500000730156898,-0.0043000001460313797,0.0019051336566917598,798.1031494140625
0.021549999713897705,-0.0043100002221763134,0.0019096902688033879,799.94033813476562
0.021600000560283661,-0.0043199998326599598,0.0019142471719533205,801.777587890625
0.021649999544024467,-0.0043299999088048935,0.0019188040751032531,803.61477661132812
0.021700000390410423,-0.0043399999849498272,0.0019233610364608467,805.45196533203125
0.02174999937415123,-0.0043500000610947609,0.0019279180560261011,807.28913879394531
0.021800000220537186,-0.0043600001372396946,0.0019324750755913556,809.12631225585938
0.021849999204277992,-0.0043700002133846283,0.0019370323861949146,810.96345520019531
0.021900000050663948,-0.0043799998238682747,0.0019415894639678299,812.80062866210938
0.021950000897049904,-0.0043899999000132084,0.001946146774571389,814.63777160644531
0.02199999988079071,-0.0043999999761581421,0.0019507042015902698,816.47491455078125
0.022050000727176666,-0.0044100000523030758,0.0019552618032321334,818.31205749511719
0.022099999710917473,-0.0044200001284480095,0.0019598192884586751,820.14915466308594
0.022150000557303429,-0.0044300002045929432,0.0019643769483081996,821.98625183105469
0.022199999541044235,-0.0044399998150765896,0.001968934724573046,823.8233642578125
0.022250000387430191,-0.0044499998912215233,0.0019734924426302314,825.66046142578125
0.022299999371170998,-0.004459999967366457,0.0019780502771027386,827.49754333496094
0.022350000217556953,-0.0044700000435113907,0.0019826082861982286,829.33460998535156
0.02239999920129776,-0.0044800001196563244,0.0019871661788783967,831.17170715332031
0.022450000047683716,-0.0044900001958012581,0.0019917242461815476,833.00872802734375
0.022500000894069672,-0.0044999998062849045,0.0019962824299000204,834.84579467773438
0.022549999877810478,-0.0045099998824298382,0.0020008405554108322,836.68281555175781
0.022600000724196434,-0.0045199999585747719,0.0020053987973369658,838.51983642578125
0.022649999707937241,-0.0045300000347197056,0.0020099572138860822,840.35688781738281
0.022700000554323196,-0.0045400001108646393,0.0020145156886428595,842.19390869140625
0.022749999538064003,-0.004550000187009573,0.002019073988776654,844.03092956542969
0.022800000384449959,-0.0045599997974932194,0.0020236325217410922,845.86788940429688
0.022849999368190765,-0.0045699998736381531,0.002028191345743835,847.70489501953125
0.022900000214576721,-0.0045799999497830868,0.0020327499369159341,849.54188537597656
0.022949999198317528,-0.0045900000259280205,0.0020373085280880332,851.37889099121094
0.023000000044703484,-0.0046000001020729542,0.0020418674102984369,853.21583557128906
0.023050000891089439,-0.0046100001782178879,0.0020464263507165015,855.05281066894531
0.023099999874830246,-0.0046199997887015343,0.0020509852329269052,856.88975524902344
0.023150000721216202,-0.004629999864846468,0.0020555442315526307,858.72669982910156
0.023199999704957008,-0.0046399999409914017,0.0020601034048013389,860.56364440917969
0.023250000551342964,-0.0046500000171363354,0.0020646624616347253,862.40054321289062
0.023299999535083771,-0.0046600000932812691,0.0020692216930910945,864.23748779296875
0.023350000381469727,-0.0046700001694262028,0.0020737807499244809,866.07438659667969
0.023399999365210533,-0.0046799997799098492,0.0020783400977961719,867.91131591796875
0.023450000211596489,-0.0046899998560547829,0.0020828996784985065,869.74822998046875
0.023499999195337296,-0.0046999999321997166,0.0020874590263701975,871.58509826660156
0.023550000041723251,-0.0047100000083446503,0.0020920184324495494,873.42202758789062
0.023600000888109207,-0.004720000084489584,0.002096578071359545,875.25888061523438
0.023649999871850014,-0.0047300001606345177,0.0021011377102695405,877.09574890136719
0.02370000071823597,-0.0047399997711181641,0.0021056971745565534,878.9326171875
0.023749999701976776,-0.0047499998472630978,0.0021102571627125144,880.76947021484375
0.023800000548362732,-0.0047599999234080315,0.0021148168598301709,882.60633850097656
0.023849999532103539,-0.0047699999995529652,0.0021193766733631492,884.44319152832031
0.023900000378489494,-0.0047800000756978989,0.0021239366615191102,886.28001403808594
0.023949999362230301,-0.0047900001518428326,0.0021284964750520885,888.11683654785156
0.024000000208616257,-0.0048000002279877663,0.0021330565796233714,889.95368957519531
0.024049999192357063,-0.0048099998384714127,0.0021376166841946542,891.79048156738281
0.024100000038743019,-0.0048199999146163464,0.0021421767887659371,893.62730407714844
0.024150000885128975,-0.0048299999907612801,0.00214673689333722,895.46409606933594
0.024199999868869781,-0.0048400000669062138,0.0021512970561161637,897.3009033203125
0.024250000715255737,-0.0048500001430511475,0.0021558575099334121,899.1376953125
0.024299999698996544,-0.0048600002191960812,0.0021604179055429995,900.97447204589844
0.0243500005453825,-0.0048699998296797276,0.0021649781265296042,902.811279296875
0.024399999529123306,-0.0048799999058246613,0.0021695386385545135,904.6480712890625
0.024450000375509262,-0.004889999981969595,0.0021740991505794227,906.48481750488281
0.024499999359250069,-0.0049000000581145287,0.002178659662604332,908.32159423828125
0.024550000205636024,-0.0049100001342594624,0.0021832204656675458,910.15834045410156
0.024599999189376831,-0.0049200002104043961,0.002187781035900116,911.99507141113281
0.024650000035762787,-0.0049299998208880424,0.0021923418389633298,913.83181762695312
0.024700000882148743,-0.0049399998970329762,0.0021969024674035609,915.66856384277344
0.024749999865889549,-0.0049499999731779099,0.0022014633286744356,917.50529479980469
0.024800000712275505,-0.0049600000493228436,0.0022060241899453104,919.34201049804688
0.024849999696016312,-0.0049700001254677773,0.002210585109423846,921.17874145507812
0.024900000542402267,-0.004980000201612711,0.0022151460289023817,923.01544189453125
0.024949999526143074,-0.0049899998120963573,0.002219707181211561,924.85214233398438
0.02500000037252903,-0.004999999888241291,0.0022242681588977575,926.68885803222656
0.025049999356269836,-0.0050099999643862247,0.0022288293694145977,928.52555847167969
0.025100000202655792,-0.0050200000405311584,0.0022333906381390989,930.36224365234375
0.025149999186396599,-0.0050300001166760921,0.0022379516158252954,932.19891357421875
0.025200000032782555,-0.0050400001928210258,0.0022425129427574575,934.03561401367188
0.02525000087916851,-0.0050499998033046722,0.0022470742114819586,935.87228393554688
0.025299999862909317,-0.0050599998794496059,0.0022516357712447643,937.70893859863281
0.025350000709295273,-0.0050699999555945396,0.0022561970981769264,939.54557800292969
0.025399999693036079,-0.0050800000317394733,0.0022607584833167493,941.38226318359375
0.025450000539422035,-0.005090000107884407,0.002265320043079555,943.21891784667969
0.025499999523162842,-0.0051000001840293407,0.0022698817192576826,945.05555725097656
0.025550000369548798,-0.0051099997945129871,0.0022744431043975055,946.8922119140625
0.025599999353289604,-0.0051199998706579208,0.002279004780575633,948.72880554199219
0.02565000019967556,-0.0051299999468028545,0.0022835664567537606,950.56546020507812
0.025699999183416367,-0.0051400000229477882,0.0022881283657625318,952.40208435058594
0.025750000029802322,-0.0051500000990927219,0.0022926901001483202,954.23869323730469
0.025800000876188278,-0.0051600001752376556,0.0022972518345341086,956.07528686523438
0.025849999859929085,-0.005169999785721302,0.0023018138017505407,957.91191101074219
0.025900000706315041,-0.0051799998618662357,0.0023063755943439901,959.74848937988281
0.025949999690055847,-0.0051899999380111694,0.0023109376197680831,961.58511352539062
0.026000000536441803,-0.0052000000141561031,0.0023154996451921761,963.42169189453125
0.02604999952018261,-0.0052100000903010368,0.00232006172882393,965.25828552246094
0.026100000366568565,-0.0052200001664459705,0.0023246238124556839,967.09486389160156
0.026149999350309372,-0.0052299997769296169,0.0023291858960874379,968.93144226074219
0.026200000196695328,-0.0052399998530745506,0.0023337479797191918,970.76802062988281
0.026249999180436134,-0.0052499999292194843,0.0023383103543892503,972.60459899902344
0.02630000002682209,-0.005260000005364418,0.0023428724962286651,974.44117736816406
0.026350000873208046,-0.0052700000815093517,0.0023474349291063845,976.27769470214844
0.026399999856948853,-0.0052800001576542854,0.0023519970709457994,978.11427307128906
0.026450000703334808,-0.0052899997681379318,0.0023565595038235188,979.95082092285156
0.026499999687075615,-0.0052999998442828655,0.0023611219367012382,981.787353515625
0.026550000533461571,-0.0053099999204277992,0.0023656844277866185,983.6239013671875
0.026599999517202377,-0.0053199999965727329,0.0023702469188719988,985.46044921875
0.026650000363588333,-0.0053300000727176666,0.0023748094099573791,987.29695129394531
0.02669999934732914,-0.0053400001488626003,0.0023793721338734031,989.13348388671875
0.026750000193715096,-0.005350000225007534,0.0023839346831664443,990.97000122070312
0.026799999177455902,-0.0053599998354911804,0.0023884974070824683,992.80653381347656
0.026850000023841858,-0.0053699999116361141,0.0023930600145831704,994.64303588867188
0.026900000870227814,-0.0053799999877810478,0.0023976227967068553,996.47953796386719
0.02694999985396862,-0.0053900000639259815,0.0024021856370382011,998.3160400390625
0.027000000700354576,-0.0054000001400709152,0.0024067484773695469,1000.1525115966797
0.027049999684095383,-0.0054100002162158489,0.0024113113177008927,1001.989013671875
0.027100000530481339,-0.0054199998266994953,0.0024158741580322385,1003.8255157470703
0.027149999514222145,-0.005429999902844429,0.0024204370565712452,1005.6619873046875
0.027200000360608101,-0.0054399999789893627,0.0024249999551102519,1007.4984741210938
0.027249999344348907,-0.0054500000551342964,0.0024295630864799023,1009.3349761962891
0.027300000190734863,-0.0054600001312792301,0.0024341260432265699,1011.1714477539062
0.02734999917447567,-0.0054700002074241638,0.0024386892328038812,1013.0078735351562
0.027400000020861626,-0.0054799998179078102,0.0024432524223811924,1014.8443756103516
0.027450000867247581,-0.0054899998940527439,0.0024478153791278601,1016.6808319091797
0.027499999850988388,-0.0054999999701976776,0.0024523786269128323,1018.5172576904297
0.027550000697374344,-0.0055100000463426113,0.0024569418746978045,1020.3537292480469
0.02759999968111515,-0.005520000122487545,0.0024615051224827766,1022.190185546875
0.027650000527501106,-0.0055300001986324787,0.0024660683702677488,1024.026611328125
0.027699999511241913,-0.0055399998091161251,0.0024706318508833647,1025.8630676269531
0.027750000357627869,-0.0055499998852610588,0.0024751951568759978,1027.6994934082031
0.027799999341368675,-0.0055599999614059925,0.0024797584628686309,1029.5359191894531
0.027850000187754631,-0.0055700000375509262,0.0024843220598995686,1031.3723449707031
0.027899999171495438,-0.0055800001136958599,0.0024888853658922017,1033.2087554931641
0.027950000017881393,-0.0055900001898407936,0.0024934489629231393,1035.0451812744141
0.028000000864267349,-0.00559999980032444,0.002498012559954077,1036.8816070556641
0.028049999848008156,-0.0056099998764693737,0.0025025761569850147,1038.7180328369141
0.028100000694394112,-0.0056199999526143074,0.0025071398122236133,1040.5544128417969
0.028149999678134918,-0.0056300000287592411,0.0025117034092545509,1042.3908081054688
0.028200000524520874,-0.0056400001049041748,0.0025162670644931495,1044.2271881103516
0.028249999508261681,-0.0056500001810491085,0.0025208307197317481,1046.0635986328125
0.028300000354647636,-0.0056599997915327549,0.0025253944331780076,1047.8999938964844
0.028349999338388443,-0.0056699998676776886,0.0025299583212472498,1049.7363739013672
0.028400000184774399,-0.0056799999438226223,0.0025345220346935093,1051.57275390625
0.028449999168515205,-0.005690000019967556,0.0025390859809704125,1053.4091644287109
0.028500000014901161,-0.0057000000961124897,0.0025436497526243329,1055.2455291748047
0.028550000861287117,-0.0057100001722574234,0.0025482136989012361,1057.0819091796875
0.028599999845027924,-0.0057199997827410698,0.0025527777033858001,1058.9182586669922
0.028650000691413879,-0.0057299998588860035,0.0025573414750397205,1060.7546081542969
0.028699999675154686,-0.0057399999350309372,0.0025619054795242846,1062.5910034179688
0.028750000521540642,-0.0057500000111758709,0.0025664694840088487,1064.4273529052734
0.028799999505281448,-0.0057600000873208046,0.0025710337795317173,1066.2637023925781
0.028850000351667404,-0.0057700001634657383,0.0025755978422239423,1068.1000518798828
0.028899999335408211,-0.0057799997739493847,0.0025801619049161673,1069.9364166259766
0.028950000181794167,-0.0057899998500943184,0.0025847259676083922,1071.7727355957031
0.028999999165534973,-0.0057999999262392521,0.0025892902631312609,1073.6090850830078
0.029050000011920929,-0.0058100000023841858,0.0025938543840311468,1075.4454193115234
0.029100000858306885,-0.0058200000785291195,0.0025984187377616763,1077.2817687988281
0.029149999842047691,-0.0058300001546740532,0.0026029828586615622,1079.1181030273438
0.029200000688433647,-0.0058400002308189869,0.0026075472123920918,1080.9544067382812
0.029249999672174454,-0.0058499998413026333,0.0026121116243302822,1082.7907257080078
0.02930000051856041,-0.005859999917447567,0.0026166760362684727,1084.6270294189453
0.029349999502301216,-0.0058699999935925007,0.0026212403899990022,1086.4633636474609
0.029400000348687172,-0.0058800000697374344,0.0026258048601448536,1088.2996978759766
0.029449999332427979,-0.0058900001458823681,0.0026303692720830441,1090.1359710693359
0.029500000178813934,-0.0059000002220273018,0.0026349461986683309,1091.9704895019531
0.029549999162554741,-0.0059099998325109482,0.0026395356981083751,1093.8031616210938
0.029600000008940697,-0.0059199999086558819,0.0026441267691552639,1095.6356506347656
0.029650000855326653,-0.0059299999848008156,0.0026487173745408654,1097.4681701660156
0.029699999839067459,-0.0059400000609457493,0.0026533073396421969,1099.3008422851562
0.029750000685453415,-0.005950000137090683,0.0026578969554975629,1101.1335296630859
0.029799999669194221,-0.0059600002132356167,0.0026624862803146243,1102.9662475585938
0.029850000515580177,-0.0059699998237192631,0.0026670758961699903,1104.7989501953125
0.029899999499320984,-0.0059799998998641968,0.0026716657448559999,1106.6316223144531
0.02995000034570694,-0.0059899999760091305,0.0026762553607113659,1108.4642639160156
0.029999999329447746,-0.0060000000521540642,0.002680856385268271,1110.2953491210938
0.030050000175833702,-0.0060100001282989979,0.0026854681200347841,1112.1248474121094
0.030099999159574509,-0.0060200002044439316,0.0026900807279162109,1113.9542236328125
0.030150000005960464,-0.006029999814927578,0.002694769122172147,1115.7719421386719
0.03020000085234642,-0.0060399998910725117,0.0026995461666956544,1117.5760192871094
0.030249999836087227,-0.0060499999672174454,0.002704339160118252,1119.3776550292969
0.030300000682473183,-0.0060600000433623791,0.0027091298834420741,1121.1797180175781
0.030349999666213989,-0.0060700001195073128,0.0027139176381751895,1122.982177734375
0.030400000512599945,-0.0060800001956522465,0.0027187031228095293,1124.7850341796875
0.030449999496340752,-0.0060899998061358929,0.0027234877343289554,1126.5879821777344
0.030500000342726707,-0.0060999998822808266,0.0027282728697173297,1128.390869140625
0.030549999326467514,-0.0061099999584257603,0.0027330589946359396,1130.1935729980469
0.03060000017285347,-0.006120000034570694,0.0027378466329537332,1131.99609375
0.030649999156594276,-0.0061300001107156277,0.0027426348533481359,1133.7984924316406
0.030700000002980232,-0.0061400001868605614,0.0027474233647808433,1135.600830078125
0.030750000849366188,-0.0061499997973442078,0.0027522118762135506,1137.4031677246094
0.030799999833106995,-0.0061599998734891415,0.002757000329438597,1139.2055358886719
0.03085000067949295,-0.0061699999496340752,0.0027617884334176779,1141.0079650878906
0.030899999663233757,-0.0061800000257790089,0.0027665764791890979,1142.8103637695312
0.030950000509619713,-0.0061900001019239426,0.0027713648742064834,1144.6127014160156
0.030999999493360519,-0.0062000001780688763,0.0027761534438468516,1146.4150390625
0.031050000339746475,-0.0062099997885525227,0.0027809422463178635,1148.2173156738281
0.031099999323487282,-0.0062199998646974564,0.0027857315726578236,1150.0195617675781
0.031150000169873238,-0.0062299999408423901,0.0027905210736207664,1151.8217468261719
0.031199999153614044,-0.0062400000169873238,0.0027953108074143529,1153.6239013671875
0.03125,-0.0062500000931322575,0.0028001007158309221,1155.426025390625
0.031300000846385956,-0.0062600001692771912,0.0028048909152857959,1157.2280883789062
0.031350001692771912,-0.0062699997797608376,0.0028096811147406697,1159.0301818847656
0.031399998813867569,-0.0062799998559057713,0.0028144713724032044,1160.8322448730469
0.031449999660253525,-0.006289999932050705,0.0028192620957270265,1162.6342468261719
0.031500000506639481,-0.0063000000081956387,0.0028240527026355267,1164.4362487792969
0.031550001353025436,-0.0063100000843405724,0.0028288435423746705,1166.2382202148438
0.031599998474121094,-0.0063200001604855061,0.0028336345567367971,1168.0401611328125
0.03164999932050705,-0.0063299997709691525,0.0028384257457219064,1169.8420715332031
0.031700000166893005,-0.0063399998471140862,0.0028432169347070158,1171.6439514160156
0.031750001013278961,-0.0063499999232590199,0.0028480084147304296,1173.4458312988281
0.031800001859664917,-0.0063599999994039536,0.0028528001275844872,1175.2476501464844
0.031849998980760574,-0.0063700000755488873,0.0028575918986462057,1177.0494384765625
0.03189999982714653,-0.006380000151693821,0.0028623840189538896,1178.8512268066406
0.031950000673532486,-0.0063900002278387547,0.0028671760228462517,1180.6530151367188
0.032000001519918442,-0.006399999838322401,0.0028719685506075621,1182.4547729492188
0.032049998641014099,-0.0064099999144673347,0.0028767609619535506,1184.2564697265625
0.032099999487400055,-0.0064199999906122684,0.0028815536643378437,1186.05810546875
0.032150000333786011,-0.0064300000667572021,0.0028863464831374586,1187.8597717285156
0.032200001180171967,-0.0064400001429021358,0.0028911395347677171,1189.6614074707031
0.032249998301267624,-0.0064500002190470695,0.0028959327028132975,1191.4629821777344
0.03229999914765358,-0.0064599998295307159,0.0029007260454818606,1193.2645263671875
0.032349999994039536,-0.0064699999056756496,0.0029055196791887283,1195.0660705566406
0.032400000840425491,-0.0064799999818205833,0.002910313312895596,1196.8675842285156
0.032450001686811447,-0.006490000057965517,0.0029151069466024637,1198.6690979003906
0.032499998807907104,-0.0065000001341104507,0.0029199010459706187,1200.4705810546875
0.03254999965429306,-0.0065100002102553844,0.002924694970715791,1202.2720336914062
0.032600000500679016,-0.0065199998207390308,0.0029294893611222506,1204.0734252929688
0.032650001347064972,-0.0065299998968839645,0.0029342837515287101,1205.8748474121094
0.032699998468160629,-0.0065399999730288982,0.0029390782583504915,1207.6762390136719
0.032749999314546585,-0.0065500000491738319,0.0029438729980029166,1209.4775695800781
0.032800000160932541,-0.0065600001253187656,0.0029486678540706635,1211.2789001464844
0.032850001007318497,-0.0065700002014636993,0.0029534627101384103,1213.0802001953125
0.032900001853704453,-0.0065799998119473457,0.0029582578572444618,1214.8814697265625
0.03294999897480011,-0.0065899998880922794,0.0029630533535964787,1216.6827392578125
0.032999999821186066,-0.0065999999642372131,0.002967848617117852,1218.4839477539062
0.033050000667572021,-0.0066100000403821468,0.0029726443463005126,1220.28515625
0.033100001513957977,-0.0066200001165270805,0.002977440191898495,1222.0863647460938
0.033149998635053635,-0.0066300001926720142,0.0029822360374964774,1223.8875122070312
0.03319999948143959,-0.0066399998031556606,0.0029870318830944598,1225.6886596679688
0.033250000327825546,-0.0066499998793005943,0.0029918282525613904,1227.4897766113281
0.033300001174211502,-0.006659999955445528,0.0029966244474053383,1229.2908630371094
0.033349998295307159,-0.0066700000315904617,0.0030014211079105735,1231.0919494628906
0.033399999141693115,-0.0066800001077353954,0.003006217535585165,1232.8929748535156
0.033449999988079071,-0.0066900001838803291,0.0030110142542980611,1234.6939697265625
0.033500000834465027,-0.0066999997943639755,0.0030158112640492618,1236.4949951171875
0.033550001680850983,-0.0067099998705089092,0.0030206082738004625,1238.2959899902344
0.03359999880194664,-0.0067199999466538429,0.0030254053417593241,1240.0968933105469
0.033649999648332596,-0.0067300000227987766,0.0030302027007564902,1241.8978576660156
0.033700000494718552,-0.0067400000989437103,0.0030350000597536564,1243.6987609863281
0.033750001341104507,-0.006750000175088644,0.0030397977097891271,1245.4996643066406
0.033799998462200165,-0.0067599997855722904,0.0030445954180322587,1247.300537109375
0.033849999308586121,-0.0067699998617172241,0.0030493931262753904,1249.1013793945312
0.033900000154972076,-0.0067799999378621578,0.0030541911255568266,1250.9022521972656
0.033950001001358032,-0.0067900000140070915,0.0030589894158765674,1252.7030029296875
0.034000001847743988,-0.0068000000901520252,0.0030637874733656645,1254.5037841796875
0.034049998968839645,-0.0068100001662969589,0.0030685860547237098,1256.3045654296875
0.034099999815225601,-0.0068199997767806053,0.0030733846360817552,1258.1053161621094
0.034150000661611557,-0.006829999852925539,0.0030781832756474614,1259.9060363769531
0.034200001507997513,-0.0068399999290704727,0.0030829819152131677,1261.7067565917969
0.03424999862909317,-0.0068500000052154064,0.0030877806129865348,1263.5073852539062
0.034299999475479126,-0.0068600000813603401,0.0030925797764211893,1265.30810546875
0.034350000321865082,-0.0068700001575052738,0.0030973789980635047,1267.1087036132812
0.034400001168251038,-0.0068799997679889202,0.003102178277913481,1268.9093627929688
0.034449998289346695,-0.0068899998441338539,0.0031069775577634573,1270.7099304199219
0.034499999135732651,-0.0068999999202787876,0.0031117768958210945,1272.510498046875
0.034549999982118607,-0.0069099999964237213,0.003116576699540019,1274.3110656738281
0.034600000828504562,-0.006920000072568655,0.0031213765614666045,1276.1116333007812
0.034650001674890518,-0.0069300001487135887,0.0031261764233931899,1277.9121398925781
0.034699998795986176,-0.0069400002248585224,0.0031309763435274363,1279.712646484375
0.034749999642372131,-0.0069499998353421688,0.0031357763218693435,1281.5131225585938
0.034800000488758087,-0.0069599999114871025,0.0031405767658725381,1283.3135986328125
0.034850001335144043,-0.0069699999876320362,0.0031453772680833936,1285.114013671875
0.0348999984562397,-0.0069800000637769699,0.0031501777702942491,1286.9144592285156
0.034949999302625656,-0.0069900001399219036,0.0031549782725051045,1288.71484375
0.035000000149011612,-0.0070000002160668373,0.0031597788911312819,1290.5152587890625
0.035050000995397568,-0.0070099998265504837,0.0031645799172110856,1292.3156127929688
0.035100001841783524,-0.0070199999026954174,0.0031693810597062111,1294.1159973144531
0.035149998962879181,-0.0070299999788403511,0.003174208861310035,1295.9122924804688
0.035199999809265137,-0.0070400000549852848,0.003179057443048805,1297.7053833007812
0.035250000655651093,-0.0070500001311302185,0.0031839062576182187,1299.4985046386719
0.035300001502037048,-0.0070600002072751522,0.0031887543154880404,1301.2916564941406
0.035349998623132706,-0.0070699998177587986,0.0031936021405272186,1303.0848999023438
0.035399999469518661,-0.0070799998939037323,0.0031984501401893795,1304.8781433105469
0.035450000315904617,-0.007089999970048666,0.0032033332972787321,1306.6659545898438
0.035500001162290573,-0.0071000000461935997,0.0032082309480756521,1308.45166015625
0.03554999828338623,-0.0071100001223385334,0.0032131270854733884,1310.237548828125
0.035599999129772186,-0.0071200001984834671,0.0032180219423025846,1312.0237121582031
0.035649999976158142,-0.0071299998089671135,0.0032229156349785626,1313.8099670410156
0.035700000822544098,-0.0071399998851120472,0.0032278182916343212,1315.5950012207031
0.035750001668930054,-0.0071499999612569809,0.0032327241497114301,1317.3796081542969
0.035799998790025711,-0.0071600000374019146,0.0032376324525102973,1319.1638793945312
0.035849999636411667,-0.0071700001135468483,0.0032425413373857737,1320.9479675292969
0.035900000482797623,-0.007180000189691782,0.0032474499312229455,1322.7320861816406
0.035950001329183578,-0.0071899998001754284,0.0032523582340218127,1324.5162963867188
0.035999998450279236,-0.0071999998763203621,0.0032572658383287489,1326.3006286621094
0.036049999296665192,-0.0072099999524652958,0.0032621724531054497,1328.0850219726562
0.036100000143051147,-0.0072200000286102295,0.0032670791842974722,1329.8694763183594
0.036150000989437103,-0.0072300001047551632,0.0032719858572818339,1331.6538696289062
0.036200001835823059,-0.0072400001809000969,0.0032768931705504656,1333.4382019042969
0.036249998956918716,-0.0072499997913837433,0.0032818007166497409,1335.2225341796875
0.036299999803304672,-0.007259999867528677,0.0032867086119949818,1337.0067443847656
0.036350000649690628,-0.0072699999436736107,0.0032916220952756703,1338.7902221679688
0.036400001496076584,-0.0072800000198185444,0.0032965379650704563,1340.5735168457031
0.036449998617172241,-0.0072900000959634781,0.0033014535438269377,1342.3567504882812
0.036499999463558197,-0.0073000001721084118,0.0033063681912608445,1344.1401672363281
0.036550000309944153,-0.0073099997825920582,0.0033112819655798376,1345.9237976074219
0.036600001156330109,-0.0073199998587369919,0.0033161952742375433,1347.7074279785156
0.036649998277425766,-0.0073299999348819256,0.0033211092231795192,1349.490966796875
0.036699999123811722,-0.0073400000110268593,0.0033260238124057651,1351.2742919921875
0.036749999970197678,-0.007350000087171793,0.0033309389837086201,1353.0576171875
0.036800000816583633,-0.0073600001633167267,0.0033358545624651015,1354.8408508300781
0.036850001662969589,-0.0073699997738003731,0.0033407703740522265,1356.6240844726562
0.036899998784065247,-0.0073799998499453068,0.003345685952808708,1358.4073181152344
0.036949999630451202,-0.0073899999260902405,0.0033506008330732584,1360.1906433105469
0.037000000476837158,-0.0074000000022351742,0.0033555160625837743,1361.9739379882812
0.037050001323223114,-0.0074100000783801079,0.0033604308846406639,1363.7572631835938
0.037099998444318771,-0.0074200001545250416,0.0033653462305665016,1365.5405883789062
0.037149999290704727,-0.0074300002306699753,0.0033702612854540348,1367.3238830566406
0.037200000137090683,-0.0074399998411536217,0.0033751769224181771,1369.1071166992188
0.037250000983476639,-0.0074499999172985554,0.0033800927340053022,1370.8903503417969
0.037300001829862595,-0.0074599999934434891,0.0033850204199552536,1372.6717529296875
0.037349998950958252,-0.0074700000695884228,0.0033900104463100433,1374.4440002441406
0.037399999797344208,-0.0074800001457333565,0.0033950462238863111,1376.2093200683594
0.037450000643730164,-0.0074900002218782902,0.0034000934683717787,1377.9730529785156
0.037500001490116119,-0.0074999998323619366,0.0034051405382342637,1379.7368469238281
0.037549998611211777,-0.0075099999085068703,0.0034101841738447547,1381.5011291503906
0.037599999457597733,-0.007519999984651804,0.0034152240841649473,1383.2659912109375
0.037650000303983688,-0.0075300000607967377,0.0034202608512714505,1385.03125
0.037700001150369644,-0.0075400001369416714,0.0034252973273396492,1386.796630859375
0.037749998271465302,-0.0075500002130866051,0.0034303347347304225,1388.5619506835938
0.037799999117851257,-0.0075599998235702515,0.0034353732480667531,1390.3268737792969
0.037849999964237213,-0.0075699998997151852,0.003440415021032095,1392.0914611816406
0.037900000810623169,-0.0075799999758601189,0.0034454666892997921,1393.8546142578125
0.037950001657009125,-0.0075900000520050526,0.0034505202784202993,1395.6174926757812
0.037999998778104782,-0.0076000001281499863,0.0034555736347101629,1397.3803405761719
0.038049999624490738,-0.00761000020429492,0.0034606257104314864,1399.1434326171875
0.038100000470876694,-0.0076199998147785664,0.0034656774951145053,1400.9066162109375
0.03815000131726265,-0.0076299998909235001,0.0034707288723438978,1402.6697692871094
0.038199998438358307,-0.0076399999670684338,0.003475780482403934,1404.4329223632812
0.038249999284744263,-0.0076500000432133675,0.0034808332566171885,1406.1958923339844
0.038300000131130219,-0.0076600001193583012,0.0034858858562074602,1407.9588928222656
0.038350000977516174,-0.0076700001955032349,0.0034909391542896628,1409.7217407226562
0.03840000182390213,-0.0076799998059868813,0.0034959926852025092,1411.4846801757812
0.038449998944997787,-0.007689999882131815,0.0035010461579076946,1413.2474670410156
0.038499999791383743,-0.0076999999582767487,0.0035060995141975582,1415.0102844238281
0.038550000637769699,-0.0077100000344216824,0.00351115339435637,1416.7730712890625
0.038600001484155655,-0.0077200001105666161,0.0035162073909305036,1418.5358276367188
0.038649998605251312,-0.0077300001867115498,0.0035212615039199591,1420.2985229492188
0.038699999451637268,-0.0077399997971951962,0.0035263163154013455,1422.0611572265625
0.038750000298023224,-0.0077499998733401299,0.0035313713597133756,1423.8237609863281
0.03880000114440918,-0.0077599999494850636,0.0035364266368560493,1425.5862731933594
0.038849998265504837,-0.0077700000256299973,0.0035414822050370276,1427.3487548828125
0.038899999111890793,-0.007780000101774931,0.0035465379478409886,1429.1112060546875
0.038949999958276749,-0.0077900001779198647,0.0035515939234755933,1430.8736572265625
0.039000000804662704,-0.007799999788403511,0.0035566501319408417,1432.6360168457031
0.03905000165104866,-0.0078099998645484447,0.0035617069224826992,1434.3983154296875
0.039099998772144318,-0.0078199999406933784,0.0035667705815285444,1436.1596374511719
0.039149999618530273,-0.0078299995511770248,0.0035718401777558029,1437.9200439453125
0.039200000464916229,-0.0078400000929832458,0.0035769107053056359,1439.680419921875
0.039250001311302185,-0.0078499997034668922,0.0035819805925711989,1441.4408874511719
0.039299998432397842,-0.0078600002452731133,0.0035870501305907965,1443.201416015625
0.039349999278783798,-0.0078699998557567596,0.0035921191447414458,1444.9619750976562
0.039400000125169754,-0.0078800003975629807,0.003597188217099756,1446.7225952148438
0.03945000097155571,-0.007890000008046627,0.0036022576387040317,1448.4830627441406
0.039500001817941666,-0.0078999996185302734,0.0036073275259695947,1450.2435302734375
0.039549998939037323,-0.0079100001603364944,0.0036123974714428186,1452.00390625
0.039599999785423279,-0.0079199997708201408,0.0036174680572003126,1453.7641296386719
0.039650000631809235,-0.0079300003126263618,0.0036225387011654675,1455.5245056152344
0.03970000147819519,-0.0079399999231100082,0.003627609577961266,1457.2847290039062
0.039749998599290848,-0.0079500004649162292,0.0036326806293800473,1459.0449523925781
0.039799999445676804,-0.0079600000753998756,0.0036377515643835068,1460.80517578125
0.039850000292062759,-0.007969999685883522,0.0036428230814635754,1462.5653381347656
0.039900001138448715,-0.007980000227689743,0.0036478944821283221,1464.3254699707031
0.039949998259544373,-0.0079899998381733894,0.0036529666977003217,1466.0856018066406
0.039999999105930328,-0.0080000003799796104,0.0036580385640263557,1467.8456726074219
0.040049999952316284,-0.0080099999904632568,0.0036631107795983553,1469.6056823730469
0.04010000079870224,-0.0080199996009469032,0.0036681831115856767,1471.3656616210938
0.040150001645088196,-0.0080300001427531242,0.0036732560256496072,1473.1256408691406
0.040199998766183853,-0.0080399997532367706,0.0036783289397135377,1474.8855590820312
0.040249999612569809,-0.0080500002950429916,0.0036834018537774682,1476.6455078125
0.040300000458955765,-0.008059999905526638,0.0036884747678413987,1478.4053649902344
0.040350001305341721,-0.008070000447332859,0.0036935483803972602,1480.1651916503906
0.040399998426437378,-0.0080800000578165054,0.0036986219929531217,1481.9250183105469
0.040449999272823334,-0.0080899996683001518,0.0037036954890936613,1483.684814453125
0.04050000011920929,-0.0081000002101063728,0.0037087692180648446,1485.4445190429688
0.040550000965595245,-0.0081099998205900192,0.0037138434126973152,1487.2042541503906
0.040600001811981201,-0.0081200003623962402,0.003718917490914464,1488.9639892578125
0.040649998933076859,-0.0081299999728798866,0.0037239920347929001,1490.7236022949219
0.040699999779462814,-0.008139999583363533,0.0037290665786713362,1492.4833068847656
0.04075000062584877,-0.008150000125169754,0.0037341412389650941,1494.242919921875
0.040800001472234726,-0.0081599997356534004,0.0037392160156741738,1496.0025024414062
0.040849998593330383,-0.0081700002774596214,0.0037442913744598627,1497.7620239257812
0.040899999439716339,-0.0081799998879432678,0.0037493663839995861,1499.5215759277344
0.040950000286102295,-0.0081900004297494888,0.0037544420920312405,1501.2810363769531
0.041000001132488251,-0.0082000000402331352,0.0037595179164782166,1503.04052734375
0.041049998253583908,-0.0082099996507167816,0.0037646037526428699,1504.7983703613281
0.041099999099969864,-0.0082200001925230026,0.0037697162479162216,1506.5522155761719
0.04114999994635582,-0.008229999803006649,0.0037748451577499509,1508.3036193847656
0.041200000792741776,-0.00824000034481287,0.0037800030549988151,1510.0505981445312
0.041250001639127731,-0.0082499999552965164,0.0037851647939532995,1511.7969970703125
0.041299998760223389,-0.0082599995657801628,0.0037903266493231058,1513.5434265136719
0.041349999606609344,-0.0082700001075863838,0.0037954866420477629,1515.2900390625
0.0414000004529953,-0.0082799997180700302,0.0038006558315828443,1517.0354614257812
0.041450001299381256,-0.0082900002598762512,0.0038058403879404068,1518.778564453125
0.041499998420476913,-0.0082999998703598976,0.0038110265741124749,1520.5215148925781
0.041549999266862869,-0.0083100004121661186,0.0038162135751917958,1522.2644348144531
0.041600000113248825,-0.008320000022649765,0.0038213996449485421,1524.0073852539062
0.041650000959634781,-0.0083299996331334114,0.0038265855982899666,1525.7504272460938
0.041700001806020737,-0.0083400001749396324,0.0038317708531394601,1527.4935302734375
0.041749998927116394,-0.0083499997854232788,0.0038369561079889536,1529.236572265625
0.04179999977350235,-0.0083600003272294998,0.0038421412464231253,1530.979736328125
0.041850000619888306,-0.0083699999377131462,0.0038473270833492279,1532.7226867675781
0.041900001466274261,-0.0083799995481967926,0.0038525124546140432,1534.4656982421875
0.041949998587369919,-0.0083900000900030136,0.0038576986407861114,1536.2085876464844
0.041999999433755875,-0.00839999970048666,0.0038628843612968922,1537.9515380859375
0.04205000028014183,-0.008410000242292881,0.0038680703146383166,1539.6943969726562
0.042100001126527786,-0.0084199998527765274,0.0038732566172257066,1541.437255859375
0.042149998247623444,-0.0084300003945827484,0.0038784423377364874,1543.1801147460938
0.042199999094009399,-0.0084400000050663948,0.0038836284074932337,1544.9230041503906
0.042249999940395355,-0.0084499996155500412,0.0038888145936653018,1546.6658630371094
0.042300000786781311,-0.0084600001573562622,0.0038940007798373699,1548.4087219238281
0.042350001633167267,-0.0084699997678399086,0.0038991875480860472,1550.1515197753906
0.042399998754262924,-0.0084800003096461296,0.0039043740835040808,1551.8942260742188
0.04244999960064888,-0.008489999920129776,0.0039095606189221144,1553.6369934082031
0.042500000447034836,-0.008500000461935997,0.0039147477364167571,1555.3796997070312
0.042550001293420792,-0.0085100000724196434,0.0039199346210807562,1557.1223449707031
0.042599998414516449,-0.0085199996829032898,0.0039251216221600771,1558.8650512695312
0.042649999260902405,-0.0085300002247095108,0.003930309321731329,1560.6076049804688
0.042700000107288361,-0.0085399998351931572,0.0039354966720566154,1562.3502197265625
0.042750000953674316,-0.0085500003769993782,0.0039406843716278672,1564.0927734375
0.042800001800060272,-0.0085599999874830246,0.0039458747487515211,1565.8348388671875
0.04284999892115593,-0.008569999597966671,0.0039510674541816115,1567.5766906738281
0.042899999767541885,-0.008580000139772892,0.0039562600431963801,1569.318603515625
0.042950000613927841,-0.0085899997502565384,0.0039614512352272868,1571.0606689453125
0.043000001460313797,-0.0086000002920627594,0.0039666411466896534,1572.802978515625
0.043049998581409454,-0.0086099999025464058,0.0039718354819342494,1574.5446166992188
0.04309999942779541,-0.0086200004443526268,0.003977040178142488,1576.2847290039062
0.043150000274181366,-0.0086300000548362732,0.0039822467369958758,1578.0245666503906
0.043200001120567322,-0.0086399996653199196,0.0039874531794339418,1579.7644653320312
0.043249998241662979,-0.0086500002071261406,0.0039926590397953987,1581.5043334960938
0.043299999088048935,-0.008659999817609787,0.0039978642016649246,1583.2444763183594
0.043349999934434891,-0.008670000359416008,0.0040030686650425196,1584.9845581054688
0.043400000780820847,-0.0086799999698996544,0.0040082730120047927,1586.7247009277344
0.043450001627206802,-0.0086899995803833008,0.0040135026210919023,1588.4610290527344
0.04349999874830246,-0.0087000001221895218,0.0040187508566305041,1590.1945190429688
0.043549999594688416,-0.0087099997326731682,0.0040240047965198755,1591.9270629882812
0.043600000441074371,-0.0087200002744793892,0.0040292784105986357,1593.6568298339844
0.043650001287460327,-0.0087299998849630356,0.0040345516754314303,1595.3866577148438
0.043699998408555984,-0.0087400004267692566,0.0040398235432803631,1597.11669921875
0.04374999925494194,-0.008750000037252903,0.0040450935484841466,1598.8471374511719
0.043800000101327896,-0.0087599996477365494,0.0040503799682483077,1600.5751342773438
0.043850000947713852,-0.0087700001895427704,0.0040556779131293297,1602.30126953125
0.043900001794099808,-0.0087799998000264168,0.0040609802817925811,1604.0267944335938
0.043949998915195465,-0.0087900003418326378,0.0040662846295163035,1605.7518920898438
0.043999999761581421,-0.0087999999523162842,0.004071589675731957,1607.4769287109375
0.044050000607967377,-0.0088099995627999306,0.0040768941398710012,1609.2019653320312
0.044100001454353333,-0.0088200001046061516,0.0040821975562721491,1610.9272155761719
0.04414999857544899,-0.008829999715089798,0.0040875009726732969,1612.6524353027344
0.044199999421834946,-0.008840000256896019,0.0040928039234131575,1614.3777465820312
0.044250000268220901,-0.0088499998673796654,0.004098107572644949,1616.1028747558594
0.044300001114606857,-0.0088600004091858864,0.0041034113382920623,1617.8280639648438
0.044349998235702515,-0.0088700000196695328,0.0041087162680923939,1619.5531005859375
0.04439999908208847,-0.0088799996301531792,0.0041140209650620818,1621.2781066894531
0.044449999928474426,-0.0088900001719594002,0.0041193256620317698,1623.0030822753906
0.044500000774860382,-0.0088999997824430466,0.004124630824662745,1624.72802734375
0.044550001621246338,-0.0089100003242492676,0.0041299362201243639,1626.4529113769531
0.044599998742341995,-0.008919999934732914,0.0041352412663400173,1628.1778564453125
0.044649999588727951,-0.0089299995452165604,0.0041405461961403489,1629.9027099609375
0.044700000435113907,-0.0089400000870227814,0.004145851475186646,1631.6275939941406
0.044750001281499863,-0.0089499996975064278,0.0041511571034789085,1633.3524475097656
0.04479999840259552,-0.0089600002393126488,0.0041564623825252056,1635.0772399902344
0.044849999248981476,-0.0089699998497962952,0.0041617677779868245,1636.8020935058594
0.044900000095367432,-0.0089800003916025162,0.0041670735226944089,1638.5268249511719
0.044950000941753387,-0.0089900000020861626,0.0041723792674019933,1640.2515563964844
0.045000001788139343,-0.008999999612569809,0.0041776851285248995,1641.976318359375
0.045049998909235001,-0.00901000015437603,0.0041829916881397367,1643.7009582519531
0.045099999755620956,-0.0090199997648596764,0.0041882980149239302,1645.4255981445312
0.045150000602006912,-0.0090300003066658974,0.004193604807369411,1647.1500854492188
0.045200001448392868,-0.0090399999171495438,0.0041989121818915009,1648.8746032714844
0.045249998569488525,-0.0090500004589557648,0.0042042195564135909,1650.5990295410156
0.045299999415874481,-0.0090600000694394112,0.0042095273965969682,1652.3233947753906
0.045350000262260437,-0.0090699996799230576,0.0042148358188569546,1654.0477294921875
0.045400001108646393,-0.0090800002217292786,0.0042201441247016191,1655.77197265625
0.04544999822974205,-0.009089999832212925,0.0042254527797922492,1657.4961242675781
0.045499999076128006,-0.009100000374019146,0.0042307617841288447,1659.2202758789062
0.045549999922513962,-0.0091099999845027924,0.0042360710212960839,1660.9444274902344
0.045600000768899918,-0.0091199995949864388,0.0042413802584633231,1662.6685791015625
0.045650001615285873,-0.0091300001367926598,0.0042466898448765278,1664.392578125
0.045699998736381531,-0.0091399997472763062,0.0042519998969510198,1666.1165771484375
0.045749999582767487,-0.0091500002890825272,0.0042573097161948681,1667.840576171875
0.045800000429153442,-0.0091599998995661736,0.0042626194190233946,1669.5645751953125
0.045850001275539398,-0.0091700004413723946,0.0042679297039285302,1671.2884826660156
0.045899998396635056,-0.009180000051856041,0.0042732397560030222,1673.0123901367188
0.045949999243021011,-0.0091899996623396873,0.0042785590048879385,1674.7350463867188
0.046000000089406967,-0.0092000002041459084,0.0042838829103857279,1676.4569702148438
0.046050000935792923,-0.0092099998146295547,0.0042892097262665629,1678.1784057617188
0.046100001782178879,-0.0092200003564357758,0.0042945386376231909,1679.8997802734375
0.046149998903274536,-0.0092299999669194221,0.0042998669669032097,1681.6210632324219
0.046199999749660492,-0.0092399995774030685,0.0043051972752436996,1683.342041015625
0.046250000596046448,-0.0092500001192092896,0.0043105524964630604,1685.0592651367188
0.046300001442432404,-0.0092599997296929359,0.0043159105116501451,1686.7760009765625
0.046349998563528061,-0.009270000271499157,0.0043212695745751262,1688.4925231933594
0.046399999409914017,-0.0092799998819828033,0.0043266279390081763,1690.2091979980469
0.046450000256299973,-0.0092900004237890244,0.0043319856049492955,1691.9259338378906
0.046500001102685928,-0.0093000000342726707,0.0043373419903218746,1693.6428527832031
0.046549998223781586,-0.0093099996447563171,0.0043426973279565573,1695.3598327636719
0.046599999070167542,-0.0093200001865625381,0.0043480537133291364,1697.0767517089844
0.046649999916553497,-0.0093299997970461845,0.0043534100987017155,1698.7936401367188
0.046700000762939453,-0.0093400003388524055,0.0043587700929492712,1700.5099487304688
0.046750001609325409,-0.0093499999493360519,0.0043641553493216634,1702.2224731445312
0.046799998730421066,-0.0093599995598196983,0.0043695466592907906,1703.9340209960938
0.046849999576807022,-0.0093700001016259193,0.004374941810965538,1705.6450500488281
0.046900000423192978,-0.0093799997121095657,0.0043803375447168946,1707.3558349609375
0.046950001269578934,-0.0093900002539157867,0.0043857323471456766,1709.0668334960938
0.046999998390674591,-0.0093999998643994331,0.0043911252869293094,1710.7781066894531
0.047049999237060547,-0.0094100004062056541,0.0043965167133137584,1712.4894409179688
0.047100000083446503,-0.0094200000166893005,0.0044019167544320226,1714.1996459960938
0.047150000929832458,-0.0094299996271729469,0.0044073230819776654,1715.9088439941406
0.047200001776218414,-0.0094400001689791679,0.004412734997458756,1717.6173095703125
0.047249998897314072,-0.0094499997794628143,0.0044181505218148232,1719.3251342773438
0.047299999743700027,-0.0094600003212690353,0.004423566279001534,1721.0328979492188
0.047350000590085983,-0.0094699999317526817,0.0044289808720350266,1722.7408752441406
0.047400001436471939,-0.0094799995422363281,0.0044343939516693354,1724.4490356445312
0.047449998557567596,-0.0094900000840425491,0.0044398084282875061,1726.1569519042969
0.047499999403953552,-0.0094999996945261955,0.0044452325673773885,1727.863525390625
0.047550000250339508,-0.0095100002363324165,0.0044506577542051673,1729.5699157714844
0.047600001096725464,-0.0095199998468160629,0.0044560831738635898,1731.2763061523438
0.047649998217821121,-0.0095300003886222839,0.0044615091755986214,1732.9826965332031
0.047699999064207077,-0.0095399999991059303,0.0044669345952570438,1734.6890258789062
0.047749999910593033,-0.0095499996095895767,0.00447236024774611,1736.3954162597656
0.047800000756978989,-0.0095600001513957977,0.0044777861330658197,1738.1016540527344
0.047850001603364944,-0.0095699997618794441,0.0044832124840468168,1739.8078918457031
0.047899998724460602,-0.0095800003036856651,0.0044886402320116758,1741.5138854980469
0.047949999570846558,-0.0095899999141693115,0.004494086722843349,1743.2171020507812
0.048000000417232513,-0.0096000004559755325,0.0044995371717959642,1744.919677734375
0.048050001263618469,-0.0096100000664591789,0.0045049908803775907,1746.6218566894531
0.048099998384714127,-0.0096199996769428253,0.0045104461023584008,1748.3238220214844
0.048149999231100082,-0.0096300002187490463,0.004515901324339211,1750.0258178710938
0.048200000077486038,-0.0096399998292326927,0.0045213557314127684,1751.7279357910156
0.048250000923871994,-0.0096500003710389137,0.0045268094399943948,1753.43017578125
0.04830000177025795,-0.0096599999815225601,0.0045322623336687684,1755.1324462890625
0.048349998891353607,-0.0096699995920062065,0.0045377158094197512,1756.8346862792969
0.048399999737739563,-0.0096800001338124275,0.0045431690523400903,1758.536865234375
0.048450000584125519,-0.0096899997442960739,0.0045486231101676822,1760.2388916015625
0.048500001430511475,-0.0097000002861022949,0.0045540774008259177,1761.9409790039062
0.048549998551607132,-0.0097099998965859413,0.0045595318078994751,1763.6429138183594
0.048599999397993088,-0.0097200004383921623,0.0045649863313883543,1765.3448791503906
0.048650000244379044,-0.0097300000488758087,0.0045704408548772335,1767.0468139648438
0.048700001090764999,-0.0097399996593594551,0.0045758978230878711,1768.7484436035156
0.048749998211860657,-0.0097500002011656761,0.004581375396810472,1770.4469604492188
0.048799999058246613,-0.0097599998116493225,0.0045868544839322567,1772.1452331542969
0.048849999904632568,-0.0097700003534555435,0.0045923350844532251,1773.843505859375
0.048900000751018524,-0.0097799999639391899,0.0045978323323652148,1775.5391540527344
0.04895000159740448,-0.0097899995744228363,0.0046033429680392146,1777.2327270507812
0.048999998718500137,-0.0098000001162290573,0.0046088588424026966,1778.9255065917969
0.049049999564886093,-0.0098099997267127037,0.0046143784420564771,1780.6177673339844
0.049100000411272049,-0.0098200002685189247,0.0046198993222787976,1782.3099670410156
0.049150001257658005,-0.0098299998790025711,0.0046254186891019344,1784.002197265625
0.049199998378753662,-0.0098400004208087921,0.00463094562292099,1785.6935119628906
0.049249999225139618,-0.0098500000312924385,0.0046364914160221815,1787.3817749023438
0.049300000071525574,-0.0098599996417760849,0.0046420411672443151,1789.0693969726562
0.04935000091791153,-0.0098700001835823059,0.0046475923154503107,1790.7567749023438
0.049400001764297485,-0.0098799997940659523,0.0046531433472409844,1792.4442138671875
0.049449998885393143,-0.0098900003358721733,0.0046586930984631181,1794.1317443847656
0.049499999731779099,-0.0098999999463558197,0.0046642411034554243,1795.819580078125
0.049550000578165054,-0.0099099995568394661,0.0046697887592017651,1797.5074157714844
0.04960000142455101,-0.0099200000986456871,0.0046753358328714967,1799.1951293945312
0.049649998545646667,-0.0099299997091293335,0.0046808840706944466,1800.8828735351562
0.049699999392032623,-0.0099400002509355545,0.0046864334726706147,1802.5704040527344
0.049750000238418579,-0.0099499998614192009,0.004691983456723392,1804.2578735351562
0.049800001084804535,-0.0099600004032254219,0.0046975341392681003,1805.9451599121094
0.049849998205900192,-0.0099700000137090683,0.0047030850546434522,1807.6324462890625
0.049899999052286148,-0.0099799996241927147,0.0047086364356800914,1809.3196411132812
0.049949999898672104,-0.0099900001659989357,0.0047141877003014088,1811.0068664550781
0.05000000074505806,-0.0099999997764825821,0.0047197391977533698,1812.6940612792969
0.050050001591444016,-0.010010000318288803,0.004725290578790009,1814.3811950683594
0.050099998712539673,-0.010019999928772449,0.0047308594221249223,1816.0656127929688
0.050149999558925629,-0.010029999539256096,0.0047364361817017198,1817.7489929199219
0.050200000405311584,-0.010040000081062317,0.004742015153169632,1819.4319152832031
0.05025000125169754,-0.010049999691545963,0.0047475957544520497,1821.1145629882812
0.050299998372793198,-0.010060000233352184,0.0047531768213957548,1822.797119140625
0.050349999219179153,-0.010069999843835831,0.0047587578883394599,1824.4798278808594
0.050400000065565109,-0.010080000385642052,0.0047643373254686594,1826.1626586914062
0.050450000911951065,-0.010089999996125698,0.0047699169954285026,1827.8454284667969
0.050500001758337021,-0.010099999606609344,0.0047754953848198056,1829.5284118652344
0.050549998879432678,-0.010110000148415565,0.0047810748219490051,1831.211181640625
0.050599999725818634,-0.010119999758899212,0.0047866537934169173,1832.8940124511719
0.05065000057220459,-0.010130000300705433,0.0047922336962074041,1834.5767517089844
0.050700001418590546,-0.010139999911189079,0.0047978141810745001,1836.2593383789062
0.050749998539686203,-0.0101500004529953,0.0048033951316028833,1837.9418334960938
0.050799999386072159,-0.010160000063478947,0.0048089763149619102,1839.6243591308594
0.050850000232458115,-0.010169999673962593,0.0048145573819056153,1841.3067016601562
0.05090000107884407,-0.010180000215768814,0.0048201387980952859,1842.9890747070312
0.050949998199939728,-0.01018999982625246,0.0048257204471156001,1844.6714172363281
0.050999999046325684,-0.010200000368058681,0.0048313024453818798,1846.3536987304688
0.051049999892711639,-0.010209999978542328,0.0048368842108175159,1848.0359802246094
0.051100000739097595,-0.010219999589025974,0.0048424667911604047,1849.7182312011719
0.051150001585483551,-0.010230000130832195,0.004848049022257328,1851.4003601074219
0.051199998706579208,-0.010239999741315842,0.004853631486184895,1853.0824584960938
0.051249999552965164,-0.010250000283122063,0.0048592172097414732,1854.7640991210938
0.05130000039935112,-0.010259999893605709,0.0048648155061528087,1856.4439086914062
0.051350001245737076,-0.01027000043541193,0.0048704148503020406,1858.12353515625
0.051399998366832733,-0.010280000045895576,0.004876014543697238,1859.8031005859375
0.051449999213218689,-0.010289999656379223,0.0048816134221851826,1861.4827575683594
0.051500000059604645,-0.010300000198185444,0.0048872119514271617,1863.1624755859375
0.051550000905990601,-0.01030999980866909,0.0048928107134997845,1864.8421936035156
0.051600001752376556,-0.010320000350475311,0.0048984095919877291,1866.5217895507812
0.051649998873472214,-0.010329999960958958,0.0049040090525522828,1868.201416015625
0.05169999971985817,-0.010339999571442604,0.0049096083967015147,1869.8808898925781
0.051750000566244125,-0.010350000113248825,0.0049152082065120339,1871.5603942871094
0.051800001412630081,-0.010359999723732471,0.0049208078999072313,1873.2398071289062
0.051849998533725739,-0.010370000265538692,0.0049264098051935434,1874.9188842773438
0.051899999380111694,-0.010379999876022339,0.0049320349935442209,1876.5943908691406
0.05195000022649765,-0.01039000041782856,0.0049376795068383217,1878.2669982910156
0.052000001072883606,-0.010400000028312206,0.0049433431122452021,1879.9364624023438
0.052049998193979263,-0.010409999638795853,0.0049490157980471849,1881.6046447753906
0.052099999040365219,-0.010420000180602074,0.0049546874361112714,1883.2728271484375
0.052149999886751175,-0.01042999979108572,0.0049603559309616685,1884.9414978027344
0.052200000733137131,-0.010440000332891941,0.004966020118445158,1886.6107788085938
0.052250001579523087,-0.010449999943375587,0.0049716818612068892,1888.2804565429688
0.052299998700618744,-0.010459999553859234,0.0049773425562307239,1889.9502563476562
0.0523499995470047,-0.010470000095665455,0.0049830045318230987,1891.619873046875
0.052400000393390656,-0.010479999706149101,0.0049886680208146572,1893.289306640625
0.052450001239776611,-0.010490000247955322,0.004994333372451365,1894.9583740234375
0.052499998360872269,-0.010499999858438969,0.0049999996554106474,1896.6273498535156
0.052549999207258224,-0.01051000040024519,0.0050056662876158953,1898.2962341308594
0.05260000005364418,-0.010520000010728836,0.0050113433972001076,1899.9635314941406
0.052650000900030136,-0.010529999621212482,0.0050170317990705371,1901.6290893554688
0.052700001746416092,-0.010540000163018703,0.0050227238098159432,1903.2940979003906
0.052749998867511749,-0.01054999977350235,0.0050284173339605331,1904.9588623046875
0.052799999713897705,-0.010560000315308571,0.005034110858105123,1906.6237487792969
0.052850000560283661,-0.010569999925792217,0.0050398032180964947,1908.2886657714844
0.052900001406669617,-0.010579999536275864,0.0050454941811040044,1909.9537963867188
0.052949998527765274,-0.010590000078082085,0.0050511846784502268,1911.6189575195312
0.05299999937415123,-0.010599999688565731,0.0050568749429658055,1913.2842102050781
0.053050000220537186,-0.010610000230371952,0.0050625654403120279,1914.9492797851562
0.053100001066923141,-0.010619999840855598,0.0050682569853961468,1916.6143493652344
0.053149998188018799,-0.010630000382661819,0.0050739486468955874,1918.2791748046875
0.053199999034404755,-0.010639999993145466,0.0050796412397176027,1919.9440307617188
0.05324999988079071,-0.010649999603629112,0.0050853333668783307,1921.6087646484375
0.053300000727176666,-0.010660000145435333,0.0050910263089463115,1923.2735290527344
0.053350001573562622,-0.01066999975591898,0.0050967191345989704,1924.9382019042969
0.053399998694658279,-0.010680000297725201,0.0051024119602516294,1926.6028747558594
0.053449999541044235,-0.010689999908208847,0.0051081050187349319,1928.2674560546875
0.053500000387430191,-0.010700000450015068,0.0051137979608029127,1929.9320678710938
0.053550001233816147,-0.010710000060498714,0.005119491252116859,1931.5966491699219
0.053599998354911804,-0.010719999670982361,0.0051251847762614489,1933.2611083984375
0.05364999920129776,-0.010730000212788582,0.0051308798138052225,1934.9253845214844
0.053700000047683716,-0.010739999823272228,0.0051365767139941454,1936.5894165039062
0.053750000894069672,-0.010750000365078449,0.0051422744290903211,1938.2532958984375
0.053800001740455627,-0.010759999975562096,0.0051479717949405313,1939.917236328125
0.053849998861551285,-0.010769999586045742,0.0051536693936213851,1941.5811462402344
0.053899999707937241,-0.010780000127851963,0.005159366293810308,1943.2450866699219
0.053950000554323196,-0.010789999738335609,0.0051650640089064837,1944.9089660644531
0.054000001400709152,-0.01080000028014183,0.0051707628881558776,1946.572509765625
0.05404999852180481,-0.010809999890625477,0.0051764880772680044,1948.2320861816406
0.054099999368190765,-0.010820000432431698,0.0051822210662066936,1949.8904113769531
0.054150000214576721,-0.010830000042915344,0.005187960690818727,1951.5476684570312
0.054200001060962677,-0.010839999653398991,0.0051937054377049208,1953.2040710449219
0.054249998182058334,-0.010850000195205212,0.0051994618261232972,1954.8587951660156
0.05429999902844429,-0.010859999805688858,0.0052052203100174665,1956.5132751464844
0.054349999874830246,-0.010870000347495079,0.0052109791431576014,1958.1676635742188
0.054400000721216202,-0.010879999957978725,0.0052167365793138742,1959.8223266601562
0.054450001567602158,-0.010889999568462372,0.0052224922692403197,1961.4772644042969
0.054499998688697815,-0.010900000110268593,0.0052282472606748343,1963.1322631835938
0.054549999535083771,-0.010909999720752239,0.0052340039983391762,1964.7869567871094
0.054600000381469727,-0.01092000026255846,0.0052397819235920906,1966.4383544921875
0.054650001227855682,-0.010929999873042107,0.0052455657860264182,1968.0888366699219
0.05469999834895134,-0.010940000414848328,0.0052513532573357224,1969.7386474609375
0.054749999195337296,-0.010950000025331974,0.0052571421256288886,1971.3883361816406
0.054800000041723251,-0.01095999963581562,0.0052629300625994802,1973.0379943847656
0.054850000888109207,-0.010970000177621841,0.0052687162533402443,1974.6879272460938
0.054900001734495163,-0.010979999788105488,0.0052745009306818247,1976.3380126953125
0.05494999885559082,-0.010990000329911709,0.0052802847931161523,1977.98828125
0.054999999701976776,-0.010999999940395355,0.0052860694704577327,1979.6383972167969
0.055050000548362732,-0.011009999550879002,0.0052918547298759222,1981.288330078125
0.055100001394748688,-0.011020000092685223,0.0052976410370320082,1982.9382019042969
0.055149998515844345,-0.011029999703168869,0.0053034288575872779,1984.5877685546875
0.055199999362230301,-0.01104000024497509,0.0053092166781425476,1986.2373046875
0.055250000208616257,-0.011049999855458736,0.0053150053136050701,1987.8867492675781
0.055300001055002213,-0.011060000397264957,0.0053207939490675926,1989.5362243652344
0.05534999817609787,-0.011070000007748604,0.0053265870083123446,1991.1849670410156
0.055399999022483826,-0.01107999961823225,0.0053323841420933604,1992.8331604003906
0.055449999868869781,-0.011090000160038471,0.0053381831385195255,1994.48095703125
0.055500000715255737,-0.011099999770522118,0.0053439828334376216,1996.1287536621094
0.055550001561641693,-0.011110000312328339,0.0053497812477871776,1997.7765502929688
0.05559999868273735,-0.011119999922811985,0.0053555795457214117,1999.4244995117188
0.055649999529123306,-0.011130000464618206,0.0053613774944096804,2001.0724487304688
0.055700000375509262,-0.011140000075101852,0.0053671760251745582,2002.7203369140625
0.055750001221895218,-0.011149999685585499,0.0053729751380160451,2004.3680419921875
0.055799998342990875,-0.01116000022739172,0.0053787746001034975,2006.0157470703125
0.055849999189376831,-0.011169999837875366,0.0053845740621909499,2007.6632995605469
0.055900000035762787,-0.011180000379681587,0.0053903775988146663,2009.310302734375
0.055950000882148743,-0.011189999990165234,0.0053961927769705653,2010.9554748535156
0.056000001728534698,-0.01119999960064888,0.0054020112147554755,2012.6002502441406
0.056049998849630356,-0.011210000142455101,0.0054078303510323167,2014.244873046875
0.056099999696016312,-0.011219999752938747,0.0054136490216478705,2015.8894653320312
0.056150000542402267,-0.011230000294744968,0.0054194668773561716,2017.5343017578125
0.056200001388788223,-0.011239999905228615,0.0054252842674031854,2019.1791076660156
0.056249998509883881,-0.011250000447034836,0.0054311015410348773,2020.8240051269531
0.056299999356269836,-0.011260000057518482,0.0054369186982512474,2022.4687805175781
0.056350000202655792,-0.011269999668002129,0.005442736903205514,2024.1134033203125
0.056400001049041748,-0.01128000020980835,0.0054485556902363896,2025.7579345703125
0.056449998170137405,-0.011289999820291996,0.0054543752921745181,2027.4023742675781
0.056499999016523361,-0.011300000362098217,0.0054601950105279684,2029.0466613769531
0.056549999862909317,-0.011309999972581863,0.0054660147288814187,2030.6909484863281
0.056600000709295273,-0.01131999958306551,0.0054718354949727654,2032.3351440429688
0.056650001555681229,-0.011330000124871731,0.0054776561446487904,2033.9792175292969
0.056699998676776886,-0.011339999735355377,0.0054834772599861026,2035.6232604980469
0.056749999523162842,-0.011350000277161598,0.0054892988409847021,2037.2672424316406
0.056800000369548798,-0.011359999887645245,0.0054951207712292671,2038.9111328125
0.056850001215934753,-0.011370000429451466,0.0055009460775181651,2040.5544738769531
0.056899998337030411,-0.011380000039935112,0.0055067921057343483,2042.1946105957031
0.056949999183416367,-0.011389999650418758,0.0055126427905634046,2043.8340454101562
0.057000000029802322,-0.011400000192224979,0.0055184961529448628,2045.4730224609375
0.057050000876188278,-0.011409999802708626,0.005524350912310183,2047.11181640625
0.057100001722574234,-0.011420000344514847,0.0055302054388448596,2048.7505187988281
0.057149998843669891,-0.011429999954998493,0.0055360589176416397,2050.3893432617188
0.057199999690055847,-0.01143999956548214,0.0055419200798496604,2052.0270690917969
0.057250000536441803,-0.011450000107288361,0.0055478004505857825,2053.6616516113281
0.057300001382827759,-0.011459999717772007,0.0055536847794428468,2055.2956237792969
0.057349998503923416,-0.011470000259578228,0.005559572484344244,2056.9290771484375
0.057399999350309372,-0.011479999870061874,0.0055654696188867092,2058.5612487792969
0.057450000196695328,-0.011490000411868095,0.0055713983019813895,2060.1885681152344
0.057500001043081284,-0.011500000022351742,0.0055773463100194931,2061.8130493164062
0.057549998164176941,-0.011509999632835388,0.0055833000224083662,2063.4366149902344
0.057599999010562897,-0.011520000174641609,0.0055892583914101124,2065.0595092773438
0.057649999856948853,-0.011529999785125256,0.005595217808149755,2066.68212890625
0.057700000703334808,-0.011540000326931477,0.0056011761771515012,2068.3050231933594
0.057750001549720764,-0.011549999937415123,0.0056071312865242362,2069.9283447265625
0.057799998670816422,-0.011559999547898769,0.0056130837183445692,2071.5519409179688
0.057849999517202377,-0.01157000008970499,0.0056190358009189367,2073.1755981445312
0.057900000363588333,-0.011579999700188637,0.0056249888148158789,2074.7991333007812
0.057950001209974289,-0.011590000241994858,0.0056309427600353956,2076.4224548339844
0.057999998331069946,-0.011599999852478504,0.0056368982186540961,2078.0455627441406
0.058049999177455902,-0.011610000394284725,0.0056428544921800494,2079.6685180664062
0.058100000023841858,-0.011620000004768372,0.0056488109985366464,2081.2913208007812
0.058150000870227814,-0.011629999615252018,0.0056547682033851743,2082.9141235351562
0.05820000171661377,-0.011640000157058239,0.0056607251754030585,2084.5368347167969
0.058249998837709427,-0.011649999767541885,0.0056666845921427011,2086.1592407226562
0.058299999684095383,-0.011660000309348106,0.005672658677212894,2087.7794799804688
0.058350000530481339,-0.011669999919831753,0.0056786345085129142,2089.3994140625
0.058400001376867294,-0.011680000461637974,0.0056846124352887273,2091.0191040039062
0.058449998497962952,-0.01169000007212162,0.0056905902456492186,2092.6387634277344
0.058499999344348907,-0.011699999682605267,0.0056965675903484225,2094.258544921875
0.058550000190734863,-0.011710000224411488,0.0057025441201403737,2095.8782958984375
0.058600001037120819,-0.011719999834895134,0.0057085199514403939,2097.4982299804688
0.058649998158216476,-0.011730000376701355,0.0057144960155710578,2099.1180725097656
0.058699999004602432,-0.011739999987185001,0.0057204720797017217,2100.7378540039062
0.058749999850988388,-0.011749999597668648,0.0057264487259089947,2102.3575439453125
0.058800000697374344,-0.011760000139474869,0.0057324254885315895,2103.9771423339844
0.0588500015437603,-0.011769999749958515,0.0057384027168154716,2105.5967407226562
0.058899998664855957,-0.011780000291764736,0.0057443805271759629,2107.2162780761719
0.058949999511241913,-0.011789999902248383,0.005750358453951776,2108.8357849121094
0.059000000357627869,-0.011800000444054604,0.0057563360314816236,2110.4551696777344
0.059050001204013824,-0.01181000005453825,0.0057623141910880804,2112.0745544433594
0.059099998325109482,-0.011819999665021896,0.0057682925835251808,2113.6939086914062
0.059149999171495438,-0.011830000206828117,0.0057742712087929249,2115.3132019042969
0.059200000017881393,-0.011839999817311764,0.0057802502997219563,2116.9324951171875
0.059250000864267349,-0.011850000359117985,0.0057862292742356658,2118.5516967773438
0.059300001710653305,-0.011859999969601631,0.0057922082487493753,2120.1708374023438
0.059349998831748962,-0.011869999580085278,0.0057981879217550159,2121.7899475097656
0.059399999678134918,-0.011880000121891499,0.0058041673619300127,2123.4089965820312
0.059450000524520874,-0.011889999732375145,0.0058101487811654806,2125.0277404785156
0.05950000137090683,-0.011900000274181366,0.0058161533670499921,2126.6427307128906
0.059549998492002487,-0.011909999884665012,0.0058221656363457441,2128.256591796875
0.059599999338388443,-0.011920000426471233,0.005828195484355092,2129.8676147460938
0.059650000184774399,-0.01193000003695488,0.0058342370903119445,2131.4766235351562
0.059700001031160355,-0.011939999647438526,0.0058402814902365208,2133.0851745605469
0.059749998152256012,-0.011950000189244747,0.0058463250752538443,2134.6939392089844
0.059799998998641968,-0.011959999799728394,0.0058523663319647312,2136.3029479980469
0.059849999845027924,-0.011970000341534615,0.0058584054931998253,2137.9122009277344
0.059900000691413879,-0.011979999952018261,0.0058644431410357356,2139.5216979980469
0.059950001537799835,-0.011989999562501907,0.0058704849798232317,2141.1305847167969
0.059999998658895493,-0.012000000104308128,0.005876549519598484,2142.7359313964844
0.060049999505281448,-0.012009999714791775,0.0058826170861721039,2144.3407287597656
0.060100000351667404,-0.012020000256597996,0.0058886873302981257,2145.9451293945312
0.06015000119805336,-0.012029999867081642,0.0058947583893314004,2147.5494384765625
0.060199998319149017,-0.012040000408887863,0.005900829448364675,2149.1536560058594
0.060249999165534973,-0.01205000001937151,0.0059068991104140878,2150.7579956054688
0.060300000011920929,-0.012059999629855156,0.005912968423217535,2152.3624572753906
0.060350000858306885,-0.012070000171661377,0.0059190368046984076,2153.9669494628906
0.060400001704692841,-0.012079999782145023,0.0059251056518405676,2155.5714111328125
0.060449998825788498,-0.012090000323951244,0.0059311855584383011,2157.1741333007812
0.060499999672174454,-0.012099999934434891,0.0059372734976932406,2158.7755126953125
0.06055000051856041,-0.012109999544918537,0.0059433635324239731,2160.3766479492188
0.060600001364946365,-0.012120000086724758,0.00594945321790874,2161.9778137207031
0.060649998486042023,-0.012129999697208405,0.0059555416228249669,2163.5791015625
0.060699999332427979,-0.012140000239014626,0.0059616297949105501,2165.1803894042969
0.060750000178813934,-0.012149999849498272,0.0059677178505808115,2166.7818298339844
0.06080000102519989,-0.012160000391304493,0.0059738055570051074,2168.3831481933594
0.060849998146295547,-0.012170000001788139,0.0059798944275826216,2169.9844055175781
0.060899998992681503,-0.012179999612271786,0.0059859835309907794,2171.5854187011719
0.060949999839067459,-0.012190000154078007,0.0059920735657215118,2173.1863708496094
0.061000000685453415,-0.012199999764561653,0.0059981638332828879,2174.7872619628906
0.061050001531839371,-0.012210000306367874,0.0060042546829208732,2176.3880004882812
0.061099998652935028,-0.012219999916851521,0.0060103455325588584,2177.9886474609375
0.061149999499320984,-0.012230000458657742,0.0060164374299347401,2179.5891723632812
0.06120000034570694,-0.012240000069141388,0.0060225294437259436,2181.1896667480469
0.061250001192092896,-0.012249999679625034,0.0060286215739324689,2182.7900085449219
0.061299998313188553,-0.012260000221431255,0.0060347149847075343,2184.3903198242188
0.061349999159574509,-0.012269999831914902,0.0060408083954825997,2185.9905090332031
0.061400000005960464,-0.012280000373721123,0.0060469026211649179,2187.590576171875
0.06145000085234642,-0.012289999984204769,0.0060529968468472362,2189.1905517578125
0.061500001698732376,-0.012299999594688416,0.0060590915381908417,2190.7904052734375
0.061549998819828033,-0.012310000136494637,0.0060651868116110563,2192.3902587890625
0.061599999666213989,-0.012319999746978283,0.0060712824342772365,2193.9899597167969
0.061650000512599945,-0.012330000288784504,0.0060773799195885658,2195.5892639160156
0.061700001358985901,-0.01233999989926815,0.0060834838077425957,2197.1878356933594
0.061749998480081558,-0.012350000441074371,0.0060895886272192001,2198.7861938476562
0.061799999326467514,-0.012360000051558018,0.0060956965899094939,2200.3841247558594
0.06185000017285347,-0.012369999662041664,0.0061018075793981552,2201.9815979003906
0.061900001019239426,-0.012380000203847885,0.0061079201987013221,2203.5786743164062
0.061949998140335083,-0.012389999814331532,0.0061140329344198108,2205.1758422851562
0.061999998986721039,-0.012400000356137753,0.0061201454373076558,2206.7729187011719
0.062049999833106995,-0.012409999966621399,0.0061262580566108227,2208.3699645996094
0.06210000067949295,-0.012419999577105045,0.0061323754489421844,2209.96630859375
0.062150001525878906,-0.012430000118911266,0.0061384964501485229,2211.5621948242188
0.062199998646974564,-0.012439999729394913,0.0061446301406249404,2213.156005859375
0.062249999493360519,-0.012450000271201134,0.0061507759382948279,2214.7479858398438
0.062300000339746475,-0.01245999988168478,0.0061569288372993469,2216.3386840820312
0.062350001186132431,-0.012470000423491001,0.0061630997806787491,2217.9265747070312
0.062399998307228088,-0.012480000033974648,0.0061692753806710243,2219.513671875
0.062449999153614044,-0.012489999644458294,0.0061754569178447127,2221.0997924804688
0.0625,-0.012500000186264515,0.0061816624365746975,2222.6820678710938
0.062550000846385956,-0.012509999796748161,0.0061878717970103025,2224.2637329101562
0.062600001692771912,-0.012520000338554382,0.0061940823215991259,2225.8451538085938
0.062650002539157867,-0.012529999949038029,0.0062002912163734436,2227.4268798828125
0.062700003385543823,-0.012539999559521675,0.006206497666426003,2229.0089111328125
0.062749996781349182,-0.012550000101327896,0.0062127020210027695,2230.5912475585938
0.062799997627735138,-0.012559999711811543,0.0062189050950109959,2232.1737060546875
0.062849998474121094,-0.012570000253617764,0.0062251087510958314,2233.756103515625
0.06289999932050705,-0.01257999986410141,0.0062313140369951725,2235.3381958007812
0.062950000166893005,-0.012590000405907631,0.0062375209527090192,2236.9200439453125
0.063000001013278961,-0.012600000016391277,0.006243729148991406,2238.5015869140625
0.063050001859664917,-0.012609999626874924,0.0062499382765963674,2240.0830688476562
0.063100002706050873,-0.012620000168681145,0.0062561482191085815,2241.664306640625
0.063150003552436829,-0.012629999779164791,0.0062623581616207957,2243.2456665039062
0.063199996948242188,-0.012640000320971012,0.0062685678713023663,2244.8268432617188
0.063249997794628143,-0.012649999931454659,0.0062747779302299023,2246.407958984375
0.063299998641014099,-0.012659999541938305,0.0062809883384034038,2247.989013671875
0.063349999487400055,-0.012670000083744526,0.0062872017733752728,2249.5696411132812
0.063400000333786011,-0.012679999694228172,0.0062934245215728879,2251.14892578125
0.063450001180171967,-0.012690000236034393,0.0062996488995850086,2252.7279052734375
0.063500002026557922,-0.01269999984651804,0.0063058745581656694,2254.3068237304688
0.063550002872943878,-0.012710000388324261,0.006312099751085043,2255.8857421875
0.063600003719329834,-0.012719999998807907,0.0063183241290971637,2257.4646606445312
0.063649997115135193,-0.012729999609291553,0.0063245482742786407,2259.0437622070312
0.063699997961521149,-0.012740000151097775,0.0063307720702141523,2260.6227416992188
0.063749998807907104,-0.012749999761581421,0.006336997146718204,2262.2014770507812
0.06379999965429306,-0.012760000303387642,0.006343222688883543,2263.7800903320312
0.063850000500679016,-0.012769999913871288,0.0063494496280327439,2265.3585205078125
0.063900001347064972,-0.012780000455677509,0.0063556770328432322,2266.9368286132812
0.063950002193450928,-0.012790000066161156,0.0063619050197303295,2268.5150146484375
0.064000003039836884,-0.012799999676644802,0.0063681330066174269,2270.0931396484375
0.064049996435642242,-0.012810000218451023,0.0063743620412424207,2271.6710815429688
0.064099997282028198,-0.012819999828934669,0.0063805928220972419,2273.2489013671875
0.064149998128414154,-0.012830000370740891,0.0063868288416415453,2274.8258056640625
0.06419999897480011,-0.012839999981224537,0.0063930673059076071,2276.4025268554688
0.064249999821186066,-0.012849999591708183,0.0063993094954639673,2277.9786376953125
0.064300000667572021,-0.012860000133514404,0.0064055582042783499,2279.5538330078125
0.064350001513957977,-0.012869999743998051,0.0064118113368749619,2281.1283569335938
0.064400002360343933,-0.012880000285804272,0.0064180662157014012,2282.7024536132812
0.064450003206729889,-0.012889999896287918,0.0064243214437738061,2284.2765502929688
0.064499996602535248,-0.012900000438094139,0.0064305757405236363,2285.8507690429688
0.064549997448921204,-0.012910000048577785,0.0064368417952209711,2287.4228515625
0.064599998295307159,-0.012919999659061432,0.0064431359060108662,2288.9902954101562
0.064649999141693115,-0.012930000200867653,0.006449443637393415,2290.5556640625
0.064699999988079071,-0.012939999811351299,0.0064557614969089627,2292.119384765625
0.064750000834465027,-0.01295000035315752,0.0064620834309607744,2293.6824340820312
0.064800001680850983,-0.012959999963641167,0.0064684039680287242,2295.2454223632812
0.064850002527236938,-0.012969999574124813,0.0064747299766167998,2296.8078002929688
0.064900003373622894,-0.012980000115931034,0.0064810571493580937,2298.3697509765625
0.064949996769428253,-0.01298999972641468,0.0064873861847445369,2299.9314575195312
0.064999997615814209,-0.013000000268220901,0.0064937181305140257,2301.4927978515625
0.065049998462200165,-0.013009999878704548,0.0065000520553439856,2303.0537109375
0.065099999308586121,-0.013020000420510769,0.006506390986032784,2304.6138305664062
0.065150000154972076,-0.013030000030994415,0.0065127401612699032,2306.1724853515625
0.065200001001358032,-0.013039999641478062,0.0065190915483981371,2307.7307739257812
0.065250001847743988,-0.013050000183284283,0.0065254427026957273,2309.2890625
0.065300002694129944,-0.013059999793767929,0.0065317932749167085,2310.8472900390625
0.0653500035405159,-0.01307000033557415,0.0065381443127989769,2312.4055786132812
0.065399996936321259,-0.013079999946057796,0.0065444959327578545,2313.9637451171875
0.065449997782707214,-0.013089999556541443,0.0065508484840393066,2315.5216064453125
0.06549999862909317,-0.013100000098347664,0.0065572026651352644,2317.0792846679688
0.065549999475479126,-0.01310999970883131,0.0065635575447231531,2318.6368408203125
0.065600000321865082,-0.013120000250637531,0.0065699113765731454,2320.1945190429688
0.065650001168251038,-0.013129999861121178,0.0065762660233303905,2321.7520751953125
0.065700002014636993,-0.013140000402927399,0.0065826227655634284,2323.3092651367188
0.065750002861022949,-0.013150000013411045,0.0065889843972399831,2324.86572265625
0.065800003707408905,-0.013159999623894691,0.0065953509183600545,2326.4214477539062
0.065849997103214264,-0.013170000165700912,0.0066017200006172061,2327.9767456054688
0.06589999794960022,-0.013179999776184559,0.0066080901306122541,2329.5319213867188
0.065949998795986176,-0.01319000031799078,0.0066144601441919804,2331.0870971679688
0.065999999642372131,-0.013199999928474426,0.0066208301577717066,2332.6422729492188
0.066050000488758087,-0.013209999538958073,0.0066272002877667546,2334.1973876953125
0.066100001335144043,-0.013220000080764294,0.0066335715819150209,2335.7522583007812
0.066150002181529999,-0.01322999969124794,0.0066399431088939309,2337.3069458007812
0.066200003027915955,-0.013240000233054161,0.006646315916441381,2338.8615112304688
0.066249996423721313,-0.013249999843537807,0.0066526898881420493,2340.4158325195312
0.066299997270107269,-0.013260000385344028,0.0066590639762580395,2341.9700317382812
0.066349998116493225,-0.013269999995827675,0.0066654392285272479,2343.5240478515625
0.066399998962879181,-0.013279999606311321,0.0066718155285343528,2345.0779418945312
0.066449999809265137,-0.013290000148117542,0.0066781919449567795,2346.6317749023438
0.066500000655651093,-0.013299999758601189,0.0066845692927017808,2348.1854858398438
0.066550001502037048,-0.01331000030040741,0.0066909466404467821,2349.739013671875
0.066600002348423004,-0.013319999910891056,0.0066973248030990362,2351.2925415039062
0.06665000319480896,-0.013330000452697277,0.0067037094850093126,2352.8448486328125
0.066699996590614319,-0.013340000063180923,0.0067100985907018185,2354.3966064453125
0.066749997437000275,-0.01334999967366457,0.0067164953798055649,2355.9471435546875
0.06679999828338623,-0.013360000215470791,0.0067229194100946188,2357.4932861328125
0.066849999129772186,-0.013369999825954437,0.0067293675383552909,2359.0359497070312
0.066899999976158142,-0.013380000367760658,0.0067358191590756178,2360.5780029296875
0.066950000822544098,-0.013389999978244305,0.006742271245457232,2362.1201171875
0.067000001668930054,-0.013399999588727951,0.0067487201886251569,2363.6626586914062
0.06705000251531601,-0.013410000130534172,0.0067551726242527366,2365.2046508789062
0.067100003361701965,-0.013419999741017818,0.0067616439191624522,2366.743408203125
0.067149996757507324,-0.013430000282824039,0.0067681277869269252,2368.280029296875
0.06719999760389328,-0.013439999893307686,0.006774623179808259,2369.8148803710938
0.067249998450279236,-0.013450000435113907,0.0067811263725161552,2371.3484497070312
0.067299999296665192,-0.013460000045597553,0.0067876306129619479,2372.8816528320312
0.067350000143051147,-0.0134699996560812,0.0067941321758553386,2374.415283203125
0.067400000989437103,-0.013480000197887421,0.0068006278015673161,2375.9496459960938
0.067450001835823059,-0.013489999808371067,0.0068071205168962479,2377.484619140625
0.067500002682209015,-0.013500000350177288,0.0068136109039187431,2379.0199584960938
0.067550003528594971,-0.013509999960660934,0.0068201037356629968,2380.5546875
0.06759999692440033,-0.013519999571144581,0.006826610304415226,2382.0875244140625
0.067649997770786285,-0.013530000112950802,0.0068331217626109719,2383.6194458007812
0.067699998617172241,-0.013539999723434448,0.006839636480435729,2385.1509399414062
0.067749999463558197,-0.013550000265240669,0.006846151314675808,2386.6823120117188
0.067800000309944153,-0.013559999875724316,0.0068526648683473468,2388.2137451171875
0.067850001156330109,-0.013570000417530537,0.0068591779563575983,2389.7453002929688
0.067900002002716064,-0.013580000028014183,0.0068656897637993097,2391.2769775390625
0.06795000284910202,-0.013589999638497829,0.0068722023861482739,2392.8085327148438
0.068000003695487976,-0.01360000018030405,0.0068787148920819163,2394.3399658203125
0.068049997091293335,-0.013609999790787697,0.0068852276308462024,2395.871337890625
0.068099997937679291,-0.013620000332593918,0.0068917423486709595,2397.4024658203125
0.068149998784065247,-0.013629999943077564,0.0068982582306489348,2398.933349609375
0.068199999630451202,-0.013639999553561211,0.0069047751603648067,2400.4640502929688
0.068250000476837158,-0.013650000095367432,0.0069112922064960003,2401.99462890625
0.068300001323223114,-0.013659999705851078,0.0069178101839497685,2403.525146484375
0.06835000216960907,-0.013670000247657299,0.0069243281614035368,2405.0555419921875
0.068400003015995026,-0.013679999858140945,0.0069308470701798797,2406.5858154296875
0.068449996411800385,-0.013690000399947166,0.0069373658625409007,2408.1160278320312
0.06849999725818634,-0.013700000010430813,0.0069438845384865999,2409.6461791992188
0.068549998104572296,-0.013709999620914459,0.0069504042621701956,2411.1761474609375
0.068599998950958252,-0.01372000016272068,0.006956924800761044,2412.7060546875
0.068649999797344208,-0.013729999773204327,0.0069634453393518925,2414.23583984375
0.068700000643730164,-0.013740000315010548,0.0069699669256806374,2415.7655029296875
0.068750001490116119,-0.013749999925494194,0.0069764885120093822,2417.2950439453125
0.068800002336502075,-0.01375999953597784,0.0069830110296607018,2418.8244018554688
0.068850003182888031,-0.013770000077784061,0.0069895443739369512,2420.35205078125
0.06889999657869339,-0.013779999688267708,0.0069960847031325102,2421.878662109375
0.068949997425079346,-0.013790000230073929,0.0070026421453803778,2423.4022827148438
0.068999998271465302,-0.013799999840557575,0.0070092136738821864,2424.9237060546875
0.069049999117851257,-0.013810000382363796,0.0070157882291823626,2426.4447631835938
0.069099999964237213,-0.013819999992847443,0.0070223616203293204,2427.9656982421875
0.069150000810623169,-0.013829999603331089,0.0070289401337504387,2429.4860229492188
0.069200001657009125,-0.01384000014513731,0.0070355278439819813,2431.0046997070312
0.069250002503395081,-0.013849999755620956,0.0070421191630885005,2432.522705078125
0.069300003349781036,-0.013860000297427177,0.0070487161865457892,2434.0398559570312
0.069349996745586395,-0.013869999907910824,0.0070553174009546638,2435.5562744140625
0.069399997591972351,-0.013880000449717045,0.0070619209436699748,2437.0722045898438
0.069449998438358307,-0.013890000060200691,0.0070685325190424919,2438.5869750976562
0.069499999284744263,-0.013899999670684338,0.0070751511957496405,2440.1004028320312
0.069550000131130219,-0.013910000212490559,0.0070817723171785474,2441.6134643554688
0.069600000977516174,-0.013919999822974205,0.0070883954176679254,2443.1261596679688
0.06965000182390213,-0.013930000364780426,0.0070950196823105216,2444.638427734375
0.069700002670288086,-0.013939999975264072,0.0071016588481143117,2446.1486206054688
0.069750003516674042,-0.013949999585747719,0.007108299876563251,2447.658447265625
0.069799996912479401,-0.01396000012755394,0.0071149434661492705,2449.16796875
0.069849997758865356,-0.013969999738037586,0.0071215886855497956,2450.67724609375
0.069899998605251312,-0.013980000279843807,0.0071282341377809644,2452.1864013671875
0.069949999451637268,-0.013989999890327454,0.0071348797064274549,2453.6954956054688
0.070000000298023224,-0.014000000432133675,0.0071415262063965201,2455.2044677734375
0.07005000114440918,-0.014010000042617321,0.0071481725899502635,2456.7133178710938
0.070100001990795135,-0.014019999653100967,0.0071548208361491561,2458.2220458984375
0.070150002837181091,-0.014030000194907188,0.0071614715270698071,2459.7300415039062
0.070200003683567047,-0.014039999805390835,0.007168126292526722,2461.2376098632812
0.070249997079372406,-0.014050000347197056,0.0071747821057215333,2462.7450561523438
0.070299997925758362,-0.014059999957680702,0.0071814379189163446,2464.2522583007812
0.070349998772144318,-0.014069999568164349,0.0071880944306030869,2465.759521484375
0.070399999618530273,-0.01408000010997057,0.0071947567630559206,2467.2656860351562
0.070450000464916229,-0.014089999720454216,0.0072014330653473735,2468.7695922851562
0.070500001311302185,-0.014100000262260437,0.0072081118123605847,2470.2730102539062
0.070550002157688141,-0.014109999872744083,0.0072147926548495889,2471.776123046875
0.070600003004074097,-0.014120000414550304,0.0072214743122458458,2473.2791748046875
0.070649996399879456,-0.014130000025033951,0.0072281546890735626,2474.7823486328125
0.070699997246265411,-0.014139999635517597,0.0072348348330706358,2476.2855224609375
0.070749998092651367,-0.014150000177323818,0.0072415138129144907,2477.7887573242188
0.070799998939037323,-0.014159999787807465,0.0072481926763430238,2479.2919921875
0.070849999785423279,-0.014170000329613686,0.0072548724710941315,2480.7950439453125
0.070900000631809235,-0.014179999940097332,0.0072615533135831356,2482.2980346679688
0.07095000147819519,-0.014189999550580978,0.0072682362515479326,2483.8005981445312
0.071000002324581146,-0.014200000092387199,0.007274931063875556,2485.3010864257812
0.071050003170967102,-0.014209999702870846,0.0072816329775378108,2486.8004760742188
0.071099996566772461,-0.014220000244677067,0.0072883409447968006,2488.2989501953125
0.071149997413158417,-0.014229999855160713,0.0072950515896081924,2489.7966918945312
0.071199998259544373,-0.014240000396966934,0.007301764446310699,2491.2943725585938
0.071249999105930328,-0.014250000007450581,0.0073084762552753091,2492.7920532226562
0.071299999952316284,-0.014259999617934227,0.0073151856195181608,2494.2900390625
0.07135000079870224,-0.014270000159740448,0.0073218945180997252,2495.7880859375
0.071400001645088196,-0.014279999770224094,0.0073286030674353242,2497.2862548828125
0.071450002491474152,-0.014290000312030315,0.0073353104526177049,2498.7843627929688
0.071500003337860107,-0.014299999922513962,0.0073420197004452348,2500.2822875976562
0.071549996733665466,-0.014310000464320183,0.0073487310437485576,2501.7798461914062
0.071599997580051422,-0.014320000074803829,0.007355454727075994,2503.275390625
0.071649998426437378,-0.014329999685287476,0.007362189469859004,2504.7689208984375
0.071699999272823334,-0.014340000227093697,0.007368927588686347,2506.2620239257812
0.07175000011920929,-0.014349999837577343,0.0073756680358201265,2507.7547607421875
0.071800000965595245,-0.014360000379383564,0.0073824063874781132,2509.24755859375
0.071850001811981201,-0.01436999998986721,0.0073891445063054562,2510.7405395507812
0.071900002658367157,-0.014379999600350857,0.0073958812281489372,2512.2337036132812
0.071950003504753113,-0.014390000142157078,0.0074026169022545218,2513.726806640625
0.071999996900558472,-0.014399999752640724,0.0074093565344810486,2515.219482421875
0.072049997746944427,-0.014410000294446945,0.0074161113006994128,2516.7095336914062
0.072099998593330383,-0.014419999904930592,0.0074228772427886724,2518.1976928710938
0.072149999439716339,-0.014430000446736813,0.0074296524981036782,2519.684326171875
0.072200000286102295,-0.014440000057220459,0.0074364346219226718,2521.169921875
0.072250001132488251,-0.014449999667704105,0.0074432260589674115,2522.654052734375
0.072300001978874207,-0.014460000209510326,0.0074500204063951969,2524.1376342773438
0.072350002825260162,-0.014469999819993973,0.0074568168492987752,2525.620849609375
0.072400003671646118,-0.014480000361800194,0.0074636158533394337,2527.10400390625
0.072449997067451477,-0.01448999997228384,0.0074704143917188048,2528.5870971679688
0.072499997913837433,-0.014499999582767487,0.0074772131629288197,2530.0701293945312
0.072549998760223389,-0.014510000124573708,0.0074840140296146274,2531.5530395507812
0.072599999606609344,-0.014519999735057354,0.0074908174574375153,2533.0352172851562
0.0726500004529953,-0.014530000276863575,0.0074976276373490691,2534.516357421875
0.072700001299381256,-0.014539999887347221,0.0075044434051960707,2535.9967041015625
0.072750002145767212,-0.014550000429153442,0.0075112617341801524,2537.4763793945312
0.072800002992153168,-0.014560000039637089,0.0075180822750553489,2538.9559936523438
0.072849996387958527,-0.014569999650120735,0.0075249018846079707,2540.4354248046875
0.072899997234344482,-0.014580000191926956,0.0075317204464226961,2541.9149169921875
0.072949998080730438,-0.014589999802410603,0.0075385399395599961,2543.3945922851562
0.072999998927116394,-0.014600000344216824,0.0075453583849593997,2544.8742065429688
0.07304999977350235,-0.01460999995470047,0.0075521769467741251,2546.353759765625
0.073100000619888306,-0.014619999565184116,0.0075589972548186779,2547.8331298828125
0.073150001466274261,-0.014630000106990337,0.0075658269925042987,2549.3109130859375
0.073200002312660217,-0.014639999717473984,0.0075726615032181144,2550.7876586914062
0.073250003159046173,-0.014650000259280205,0.0075795018346980214,2552.2636108398438
0.073299996554851532,-0.014659999869763851,0.0075863468227908015,2553.7388916015625
0.073349997401237488,-0.014670000411570072,0.0075931929750367999,2555.2138671875
0.073399998247623444,-0.014680000022053719,0.0076000380795449018,2556.6887817382812
0.073449999094009399,-0.014689999632537365,0.0076068829512223601,2558.163818359375
0.073499999940395355,-0.014700000174343586,0.0076137265423312783,2559.6390380859375
0.073550000786781311,-0.014709999784827232,0.007620569784194231,2561.1141967773438
0.073600001633167267,-0.014720000326633453,0.0076274129096418619,2562.5894165039062
0.073650002479553223,-0.0147299999371171,0.0076342580141499639,2564.0642700195312
0.073700003325939178,-0.014739999547600746,0.0076411085901781917,2565.5382690429688
0.073749996721744537,-0.014750000089406967,0.0076479692943394184,2567.0106811523438
0.073799997568130493,-0.014759999699890614,0.0076548544457182288,2568.4788208007812
0.073849998414516449,-0.014770000241696835,0.0076617582235485315,2569.9439697265625
0.073899999260902405,-0.014779999852180481,0.0076686653774231672,2571.408447265625
0.073950000107288361,-0.014790000393986702,0.0076755734626203775,2572.8727416992188
0.074000000953674316,-0.014800000004470348,0.0076824802672490478,2574.3372192382812
0.074050001800060272,-0.014809999614953995,0.0076893845107406378,2575.802001953125
0.074100002646446228,-0.014820000156760216,0.0076962872408330441,2577.26708984375
0.074150003492832184,-0.014829999767243862,0.0077031886903569102,2578.7322998046875
0.074199996888637543,-0.014840000309050083,0.007710091071203351,2580.1974487304688
0.074249997735023499,-0.01484999991953373,0.0077169943833723664,2581.6622924804688
0.074299998581409454,-0.014860000461339951,0.0077238989761099219,2583.126953125
0.07434999942779541,-0.014870000071823597,0.0077308057807385921,2584.5911865234375
0.074400000274181366,-0.014879999682307243,0.0077377136331051588,2586.0552978515625
0.074450001120567322,-0.014890000224113464,0.0077446225332096219,2587.5192260742188
0.074500001966953278,-0.014899999834597111,0.0077515313168987632,2588.9830932617188
0.074550002813339233,-0.014910000376403332,0.0077584410319104791,2590.44677734375
0.074600003659725189,-0.014919999986886978,0.0077653505140915513,2591.9104614257812
0.074649997055530548,-0.014929999597370625,0.0077722601126879454,2593.3739013671875
0.074699997901916504,-0.014940000139176846,0.0077791705261915922,2594.8373413085938
0.07474999874830246,-0.014949999749660492,0.0077860819874331355,2596.3005981445312
0.074799999594688416,-0.014960000291466713,0.0077929943799972534,2597.7636108398438
0.074850000441074371,-0.014969999901950359,0.0077999078202992678,2599.2265014648438
0.074900001287460327,-0.01498000044375658,0.0078068213770166039,2600.689208984375
0.074950002133846283,-0.014990000054240227,0.0078137385426089168,2602.1514892578125
0.075000002980232239,-0.014999999664723873,0.0078206572216004133,2603.6134033203125
0.075049996376037598,-0.015010000206530094,0.0078275784617289901,2605.0748901367188
0.075099997222423553,-0.015019999817013741,0.0078345087822526693,2606.5350952148438
0.075149998068809509,-0.015030000358819962,0.0078414474846795201,2607.9937133789062
0.075199998915195465,-0.015039999969303608,0.0078483896795660257,2609.4517822265625
0.075249999761581421,-0.015049999579787254,0.0078553350176662207,2610.9093627929688
0.075300000607967377,-0.015060000121593475,0.0078622834989801049,2612.366455078125
0.075350001454353333,-0.015069999732077122,0.00786924222484231,2613.8217163085938
0.075400002300739288,-0.015080000273883343,0.0078762080520391464,2615.2757568359375
0.075450003147125244,-0.015089999884366989,0.0078831799328327179,2616.7288818359375
0.075499996542930603,-0.01510000042617321,0.007890155422501266,2618.181396484375
0.075549997389316559,-0.015110000036656857,0.0078971311450004578,2619.6338500976562
0.075599998235702515,-0.015119999647140503,0.0079041057033464313,2621.08642578125
0.07564999908208847,-0.015130000188946724,0.0079110779333859682,2622.539306640625
0.075699999928474426,-0.01513999979943037,0.0079180496977642179,2623.9923095703125
0.075750000774860382,-0.015150000341236591,0.0079250212293118238,2625.4451904296875
0.075800001621246338,-0.015159999951720238,0.0079319928772747517,2626.8980102539062
0.075850002467632294,-0.015169999562203884,0.0079389663878828287,2628.3505249023438
0.07590000331401825,-0.015180000104010105,0.007945941761136055,2629.8028564453125
0.075949996709823608,-0.015189999714493752,0.0079529173672199249,2631.2549438476562
0.075999997556209564,-0.015200000256299973,0.0079598939046263695,2632.7069091796875
0.07604999840259552,-0.015209999866783619,0.0079668712569400668,2634.1587524414062
0.076099999248981476,-0.01522000040858984,0.0079738588538020849,2635.6088256835938
0.076150000095367432,-0.015230000019073486,0.0079808613518252969,2637.056396484375
0.076200000941753387,-0.015239999629557133,0.0079878696706146002,2638.5030517578125
0.076250001788139343,-0.015250000171363354,0.0079948814818635583,2639.94921875
0.076300002634525299,-0.015259999781847,0.0080019118031486869,2641.3923950195312
0.076350003480911255,-0.015270000323653221,0.0080089514376595616,2642.8336791992188
0.076399996876716614,-0.015279999934136868,0.0080160022480413318,2644.2733764648438
0.07644999772310257,-0.015289999544620514,0.0080230607418343425,2645.7117919921875
0.076499998569488525,-0.015300000086426735,0.0080301226116716862,2647.1495971679688
0.076549999415874481,-0.015309999696910381,0.0080371855292469263,2648.5870971679688
0.076600000262260437,-0.015320000238716602,0.0080442506587132812,2650.0242309570312
0.076650001108646393,-0.015329999849200249,0.0080513182329013944,2651.4609375
0.076700001955032349,-0.01534000039100647,0.0080583894159644842,2652.8970336914062
0.076750002801418304,-0.015350000001490116,0.0080654664197936654,2654.3320922851562
0.07680000364780426,-0.015359999611973763,0.008072550524957478,2655.76611328125
0.076849997043609619,-0.015370000153779984,0.0080796394031494856,2657.19921875
0.076899997889995575,-0.01537999976426363,0.0080867316573858261,2658.6317138671875
0.076949998736381531,-0.015390000306069851,0.0080938248429447412,2660.0640869140625
0.076999999582767487,-0.015399999916553497,0.0081009165151044726,2661.4966430664062
0.077050000429153442,-0.015410000458359718,0.0081080065574496984,2662.9295043945312
0.077100001275539398,-0.015420000068843365,0.0081150940386578441,2664.3626708984375
0.077150002121925354,-0.015429999679327011,0.0081221823347732425,2665.7955932617188
0.07720000296831131,-0.015440000221133232,0.0081292747054249048,2667.2279052734375
0.077249996364116669,-0.015449999831616879,0.0081363714998587966,2668.6595458984375
0.077299997210502625,-0.0154600003734231,0.0081434800522401929,2670.0890502929688
0.07734999805688858,-0.015469999983906746,0.0081505943089723587,2671.517822265625
0.077399998903274536,-0.015479999594390392,0.0081577131059020758,2672.94580078125
0.077449999749660492,-0.015490000136196613,0.0081648356281220913,2674.373046875
0.077500000596046448,-0.01549999974668026,0.0081719615263864398,2675.7998657226562
0.077550001442432404,-0.015510000288486481,0.0081790884723886847,2677.2263793945312
0.077600002288818359,-0.015519999898970127,0.0081862153019756079,2678.6527709960938
0.077650003135204315,-0.015530000440776348,0.0081933407345786691,2680.0794067382812
0.077699996531009674,-0.015540000051259995,0.0082004669820889831,2681.5060424804688
0.07774999737739563,-0.015549999661743641,0.0082075928803533316,2682.9325561523438
0.077799998223781586,-0.015560000203549862,0.0082147197099402547,2684.3589477539062
0.077849999070167542,-0.015569999814033508,0.0082218465395271778,2685.7852783203125
0.077899999916553497,-0.015580000355839729,0.0082289743004366755,2687.21142578125
0.077950000762939453,-0.015589999966323376,0.0082361041568219662,2688.6371459960938
0.078000001609325409,-0.015599999576807022,0.0082432340132072568,2690.06298828125
0.078050002455711365,-0.015610000118613243,0.0082503649173304439,2691.488525390625
0.078100003302097321,-0.015619999729096889,0.0082574959378689528,2692.9139404296875
0.078149996697902679,-0.015629999339580536,0.0082646358059719205,2694.3380126953125
0.078199997544288635,-0.015639999881386757,0.008271782542578876,2695.7607421875
0.078249998390674591,-0.015650000423192978,0.0082789361476898193,2697.1823120117188
0.078299999237060547,-0.01565999910235405,0.0082860966213047504,2698.602783203125
0.078350000083446503,-0.015669999644160271,0.0082932703662663698,2700.02099609375
0.078400000929832458,-0.015680000185966492,0.0083004429470747709,2701.439208984375
0.078450001776218414,-0.015690000727772713,0.0083076131995767355,2702.8580322265625
0.07850000262260437,-0.015699999406933784,0.0083147819386795163,2704.277099609375
0.078550003468990326,-0.015709999948740005,0.0083219538209959865,2705.6954345703125
0.078599996864795685,-0.015720000490546227,0.0083291311748325825,2707.113037109375
0.078649997711181641,-0.015729999169707298,0.0083363143494352698,2708.5293579101562
0.078699998557567596,-0.015739999711513519,0.0083435021806508303,2709.9450073242188
0.078749999403953552,-0.01575000025331974,0.00835069315508008,2711.3600463867188
0.078800000250339508,-0.015760000795125961,0.0083578841295093298,2712.7750854492188
0.078850001096725464,-0.015769999474287033,0.0083650737069547176,2714.1903076171875
0.07890000194311142,-0.015780000016093254,0.0083722617710009217,2715.6056518554688
0.078950002789497375,-0.015790000557899475,0.0083794583333656192,2717.0197143554688
0.079000003635883331,-0.015799999237060547,0.008386664092540741,2718.4320678710938
0.07904999703168869,-0.015809999778866768,0.0083938733441755176,2719.84375
0.079099997878074646,-0.015820000320672989,0.0084010893478989601,2721.2543334960938
0.079149998724460602,-0.01583000086247921,0.0084083159454166889,2722.6632690429688
0.079199999570846558,-0.015839999541640282,0.008415543707087636,2724.0720825195312
0.079250000417232513,-0.015850000083446503,0.0084227715851739049,2725.480712890625
0.079300001263618469,-0.015860000625252724,0.0084300002781674266,2726.8892822265625
0.079350002110004425,-0.015869999304413795,0.00843722780700773,2728.2979125976562
0.079400002956390381,-0.015879999846220016,0.0084444552194327116,2729.7064208984375
0.07944999635219574,-0.015890000388026237,0.008451683446764946,2731.114990234375
0.079499997198581696,-0.015900000929832458,0.0084589138859882951,2732.5228271484375
0.079549998044967651,-0.01590999960899353,0.0084661587607115507,2733.928466796875
0.079599998891353607,-0.015920000150799751,0.0084734096890315413,2735.3330078125
0.079649999737739563,-0.015930000692605972,0.0084806663217023015,2736.736572265625
0.079700000584125519,-0.015939999371767044,0.0084879242349416018,2738.1398315429688
0.079750001430511475,-0.015949999913573265,0.008495182148180902,2739.5430297851562
0.07980000227689743,-0.015960000455379486,0.0085024386644363403,2740.9465942382812
0.079850003123283386,-0.015969999134540558,0.0085096937837079167,2742.3501586914062
0.079899996519088745,-0.015979999676346779,0.0085169475059956312,2743.7540283203125
0.079949997365474701,-0.015990000218153,0.0085242012282833457,2745.1576538085938
0.079999998211860657,-0.016000000759959221,0.0085314569296315312,2746.5612182617188
0.080049999058246613,-0.016009999439120293,0.0085387168219313025,2747.9639892578125
0.080099999904632568,-0.016019999980926514,0.0085459824185818434,2749.3656616210938
0.080150000751018524,-0.016030000522732735,0.0085532517405226827,2750.7667846679688
0.08020000159740448,-0.016039999201893806,0.0085605244385078549,2752.16748046875
0.080250002443790436,-0.016049999743700027,0.0085678002797067165,2753.5675659179688
0.080300003290176392,-0.016060000285506248,0.0085750858997926116,2754.9658813476562
0.08034999668598175,-0.016070000827312469,0.0085823778063058853,2756.36328125
0.080399997532367706,-0.016079999506473541,0.0085896739037707448,2757.760009765625
0.080449998378753662,-0.016090000048279762,0.0085969821084290743,2759.1549682617188
0.080499999225139618,-0.016100000590085983,0.0086042984621599317,2760.54833984375
0.080550000071525574,-0.016109999269247055,0.0086116179591044784,2761.9412231445312
0.08060000091791153,-0.016119999811053276,0.0086189382709562778,2763.3338012695312
0.080650001764297485,-0.016130000352859497,0.0086262580007314682,2764.7262573242188
0.080700002610683441,-0.016140000894665718,0.0086335771484300494,2766.1189575195312
0.080750003457069397,-0.01614999957382679,0.0086408950155600905,2767.5118408203125
0.080799996852874756,-0.016160000115633011,0.0086482114857062697,2768.9047241210938
0.080849997699260712,-0.016170000657439232,0.0086555288871750236,2770.2974853515625
0.080899998545646667,-0.016179999336600304,0.0086628464050590992,2771.6902465820312
0.080949999392032623,-0.016189999878406525,0.0086701683467254043,2773.0821533203125
0.081000000238418579,-0.016200000420212746,0.0086775071686133742,2774.4713745117188
0.081050001084804535,-0.016209999099373817,0.0086848550708964467,2775.8590087890625
0.081100001931190491,-0.016219999641180038,0.008692217874340713,2777.2442626953125
0.081150002777576447,-0.016230000182986259,0.0086995817255228758,2778.6292114257812
0.081200003623962402,-0.01624000072479248,0.008706943946890533,2780.0143432617188
0.081249997019767761,-0.016249999403953552,0.0087143024429678917,2781.4000854492188
0.081299997866153717,-0.016259999945759773,0.0087216573301702738,2782.7864379882812
0.081349998712539673,-0.016270000487565994,0.0087290097726508975,2784.173095703125
0.081399999558925629,-0.016279999166727066,0.0087363631464540958,2785.5594482421875
0.081450000405311584,-0.016289999708533287,0.0087437175679951906,2786.9456787109375
0.08150000125169754,-0.016300000250339508,0.0087510765297338367,2788.3312377929688
0.081550002098083496,-0.016310000792145729,0.0087584481807425618,2789.714599609375
0.081600002944469452,-0.016319999471306801,0.0087658246047794819,2791.0969848632812
0.081649996340274811,-0.016330000013113022,0.0087732054525986314,2792.4788208007812
0.081699997186660767,-0.016340000554919243,0.008780587580986321,2793.8602905273438
0.081749998033046722,-0.016349999234080315,0.0087879720376804471,2795.2412719726562
0.081799998879432678,-0.016359999775886536,0.0087953620823100209,2796.6213989257812
0.081849999725818634,-0.016370000317692757,0.0088027545716613531,2798.0014038085938
0.08190000057220459,-0.016380000859498978,0.008810147293843329,2799.3812255859375
0.081950001418590546,-0.016389999538660049,0.008817539201118052,2800.7610473632812
0.082000002264976501,-0.01640000008046627,0.008824931806884706,2802.140869140625
0.082050003111362457,-0.016410000622272491,0.0088323252275586128,2803.5204467773438
0.082099996507167816,-0.016419999301433563,0.0088397207437083125,2804.899658203125
0.082149997353553772,-0.016429999843239784,0.0088471184717491269,2806.2785034179688
0.082199998199939728,-0.016440000385046005,0.0088545181788504124,2807.6570434570312
0.082249999046325684,-0.016450000926852226,0.0088619190501049161,2809.0350341796875
0.082299999892711639,-0.016459999606013298,0.008869325160048902,2810.4124145507812
0.082350000739097595,-0.016470000147819519,0.0088767367415130138,2811.7887573242188
0.082400001585483551,-0.01648000068962574,0.0088841532124206424,2813.1641845703125
0.082450002431869507,-0.016489999368786812,0.0088915751548483968,2814.5388793945312
0.082500003278255463,-0.016499999910593033,0.0088990018703043461,2815.9125366210938
0.082549996674060822,-0.016510000452399254,0.0089064319618046284,2817.28564453125
0.082599997520446777,-0.016519999131560326,0.0089138700859621167,2818.6575317382812
0.082649998366832733,-0.016529999673366547,0.0089213347528129816,2820.0249633789062
0.082699999213218689,-0.016540000215172768,0.0089288123417645693,2821.39013671875
0.082750000059604645,-0.016550000756978989,0.0089363034348934889,2822.7533569335938
0.082800000905990601,-0.01655999943614006,0.0089438039576634765,2824.1150512695312
0.082850001752376556,-0.016569999977946281,0.0089513076236471534,2825.4759521484375
0.082900002598762512,-0.016580000519752502,0.0089588123373687267,2826.8369750976562
0.082950003445148468,-0.016589999198913574,0.0089663140242919326,2828.1983642578125
0.082999996840953827,-0.016599999740719795,0.0089738122187554836,2829.5603637695312
0.083049997687339783,-0.016610000282526016,0.0089813070371747017,2830.9228515625
0.083099998533725739,-0.016620000824332237,0.0089888005750253797,2832.2855834960938
0.083149999380111694,-0.016629999503493309,0.0089962939964607358,2833.6480102539062
0.08320000022649765,-0.01664000004529953,0.009003789396956563,2835.0103149414062
0.083250001072883606,-0.016650000587105751,0.0090112877078354359,2836.3722534179688
0.083300001919269562,-0.016659999266266823,0.0090187895111739635,2837.7332763671875
0.083350002765655518,-0.016669999808073044,0.0090263108722865582,2839.0910034179688
0.083400003612041473,-0.016680000349879265,0.0090338344452902675,2840.4484252929688
0.083449997007846832,-0.016690000891685486,0.0090413580182939768,2841.8057861328125
0.083499997854232788,-0.016699999570846558,0.0090488822897896171,2843.1631469726562
0.083549998700618744,-0.016710000112652779,0.0090564043493941426,2844.5206909179688
0.0835999995470047,-0.016720000654459,0.0090639251284301281,2845.8783569335938
0.083650000393390656,-0.016729999333620071,0.0090714457910507917,2847.2362060546875
0.083700001239776611,-0.016739999875426292,0.0090789675014093518,2848.5936279296875
0.083750002086162567,-0.016750000417232513,0.0090864892117679119,2849.9510498046875
0.083800002932548523,-0.016759999096393585,0.0090940130176022649,2851.308349609375
0.083849996328353882,-0.016769999638199806,0.0091015467187389731,2852.6636962890625
0.083899997174739838,-0.016780000180006027,0.0091090862406417727,2854.0178833007812
0.083949998021125793,-0.016790000721812248,0.0091166326310485601,2855.37109375
0.083999998867511749,-0.01679999940097332,0.0091241844929754734,2856.723388671875
0.084049999713897705,-0.016809999942779541,0.0091317376354709268,2858.0752563476562
0.084100000560283661,-0.016820000484585762,0.0091392907779663801,2859.4271850585938
0.084150001406669617,-0.016829999163746834,0.0091468424070626497,2860.779296875
0.084200002253055573,-0.016839999705553055,0.0091543918242678046,2862.1317138671875
0.084250003099441528,-0.016850000247359276,0.0091619406593963504,2863.4841918945312
0.084299996495246887,-0.016860000789165497,0.0091694893781095743,2864.8366088867188
0.084349997341632843,-0.016869999468326569,0.0091770392609760165,2866.1889038085938
0.084399998188018799,-0.01688000001013279,0.0091845943825319409,2867.5402221679688
0.084449999034404755,-0.016890000551939011,0.0091921575367450714,2868.8904418945312
0.08449999988079071,-0.016899999231100082,0.0091997275594621897,2870.2391967773438
0.084550000727176666,-0.016909999772906303,0.0092073036357760429,2871.587158203125
0.084600001573562622,-0.016920000314712524,0.0092148830881342292,2872.9343872070312
0.084650002419948578,-0.016930000856518745,0.0092224625404924154,2874.28173828125
0.084700003266334534,-0.016939999535679817,0.0092300396645441651,2875.62939453125
0.084749996662139893,-0.016950000077486038,0.009237616672180593,2876.9767456054688
0.084799997508525848,-0.016960000619292259,0.009245198336429894,2878.32373046875
0.084849998354911804,-0.016969999298453331,0.0092527915257960558,2879.6685791015625
0.08489999920129776,-0.016979999840259552,0.0092603915836662054,2881.0122680664062
0.084950000047683716,-0.016990000382065773,0.0092679985100403428,2882.3546752929688
0.085000000894069672,-0.017000000923871994,0.0092756110243499279,2883.6962890625
0.085050001740455627,-0.017009999603033066,0.0092832265654578805,2885.0374145507812
0.085100002586841583,-0.017020000144839287,0.0092908411752432585,2886.3783569335938
0.085150003433227539,-0.017030000686645508,0.0092984650982543826,2887.7178955078125
0.085199996829032898,-0.01703999936580658,0.0093061069492250681,2889.0543823242188
0.085249997675418854,-0.017049999907612801,0.0093137579970061779,2890.38916015625
0.08529999852180481,-0.017060000449419022,0.0093214202206581831,2891.72216796875
0.085349999368190765,-0.017069999128580093,0.0093290895456448197,2893.053955078125
0.085400000214576721,-0.017079999670386314,0.0093367622466757894,2894.3851928710938
0.085450001060962677,-0.017090000212192535,0.0093444337835535407,2895.71630859375
0.085500001907348633,-0.017100000753998756,0.0093521017115563154,2897.0481567382812
0.085550002753734589,-0.017109999433159828,0.0093597669620066881,2898.3805541992188
0.085600003600120544,-0.017119999974966049,0.0093674308154731989,2899.7129516601562
0.085649996995925903,-0.01713000051677227,0.0093750988598912954,2901.0444946289062
0.085699997842311859,-0.017139999195933342,0.0093827745877206326,2902.3748168945312
0.085749998688697815,-0.017149999737739563,0.0093904574168846011,2903.7039794921875
0.085799999535083771,-0.017160000279545784,0.0093981457175686955,2905.0321044921875
0.085850000381469727,-0.017170000821352005,0.0094058363465592265,2906.35986328125
0.085900001227855682,-0.017179999500513077,0.009413526626303792,2907.6878662109375
0.085950002074241638,-0.017190000042319298,0.0094212178373709321,2909.0153198242188
0.086000002920627594,-0.017200000584125519,0.0094289156841114163,2910.3416748046875
0.086049996316432953,-0.017209999263286591,0.0094366203993558884,2911.6668701171875
0.086099997162818909,-0.017219999805092812,0.0094443289563059807,2912.9912719726562
0.086149998009204865,-0.017230000346899033,0.0094520419370383024,2914.3153686523438
0.08619999885559082,-0.017240000888705254,0.0094597541028633714,2915.6390991210938
0.086249999701976776,-0.017249999567866325,0.0094674670835956931,2916.962890625
0.086300000548362732,-0.017260000109672546,0.0094751787837594748,2918.2866821289062
0.086350001394748688,-0.017270000651478767,0.0094828901346772909,2919.6107788085938
0.086400002241134644,-0.017279999330639839,0.0094906026497483253,2920.9343872070312
0.086450003087520599,-0.01728999987244606,0.0094983234303072095,2922.2567138671875
0.086499996483325958,-0.017300000414252281,0.0095060489838942885,2923.5783081054688
0.086549997329711914,-0.017309999093413353,0.0095137773314490914,2924.8994750976562
0.08659999817609787,-0.017319999635219574,0.0095215091714635491,2926.219970703125
0.086649999022483826,-0.017330000177025795,0.0095292436890304089,2927.5400390625
0.086699999868869781,-0.017340000718832016,0.0095369827467948198,2928.8594970703125
0.086750000715255737,-0.017349999397993088,0.0095447242492809892,2930.178466796875
0.086800001561641693,-0.017359999939799309,0.0095524659845978022,2931.4971923828125
0.086850002408027649,-0.01737000048160553,0.0095602084184065461,2932.8159790039062
0.086900003254413605,-0.017379999160766602,0.0095679506193846464,2934.1346435546875
0.086949996650218964,-0.017389999702572823,0.0095756936352699995,2935.452880859375
0.086999997496604919,-0.017400000244379044,0.0095834481762722135,2936.7694702148438
0.087049998342990875,-0.017410000786185265,0.0095912084216251969,2938.0849609375
0.087099999189376831,-0.017419999465346336,0.0095989764668047428,2939.3989868164062
0.087150000035762787,-0.017430000007152557,0.0096067511476576328,2940.7119750976562
0.087200000882148743,-0.017440000548958778,0.0096145281568169594,2942.0244140625
0.087250001728534698,-0.01744999922811985,0.0096223053988069296,2943.3367309570312
0.087300002574920654,-0.017459999769926071,0.0096300822915509343,2944.649169921875
0.08735000342130661,-0.017470000311732292,0.0096378631424158812,2945.9609985351562
0.087399996817111969,-0.017480000853538513,0.0096456519095227122,2947.2711181640625
0.087449997663497925,-0.017489999532699585,0.0096534460317343473,2948.58056640625
0.087499998509883881,-0.017500000074505806,0.0096612445777282119,2949.88916015625
0.087549999356269836,-0.017510000616312027,0.0096690453356131911,2951.1973266601562
0.087600000202655792,-0.017519999295473099,0.0096768471412360668,2952.5053100585938
0.087650001049041748,-0.01752999983727932,0.0096846487140282989,2953.813232421875
0.087700001895427704,-0.017540000379085541,0.009692454244941473,2955.1205444335938
0.08775000274181366,-0.017550000920891762,0.0097002658294513822,2956.426513671875
0.087800003588199615,-0.017559999600052834,0.0097080826526507735,2957.73193359375
0.087849996984004974,-0.017570000141859055,0.0097159157739952207,2959.034423828125
0.08789999783039093,-0.017580000683665276,0.0097237532027065754,2960.336181640625
0.087949998676776886,-0.017589999362826347,0.0097315938910469413,2961.6373291015625
0.087999999523162842,-0.017599999904632568,0.0097394366748631001,2962.9381713867188
0.088050000369548798,-0.017610000446438789,0.009747280040755868,2964.2387084960938
0.088100001215934753,-0.017619999125599861,0.0097551222424954176,2965.53955078125
0.088150002062320709,-0.017629999667406082,0.0097629638621583581,2966.84033203125
0.088200002908706665,-0.017640000209212303,0.0097708085086196661,2968.1406860351562
0.088249996304512024,-0.017650000751018524,0.0097786675905808806,2969.4383544921875
0.08829999715089798,-0.017659999430179596,0.0097865327261388302,2970.7349243164062
0.088349997997283936,-0.017669999971985817,0.0097944048466160893,2972.0303344726562
0.088399998843669891,-0.017680000513792038,0.0098022815072908998,2973.3250732421875
0.088449999690055847,-0.01768999919295311,0.0098101585172116756,2974.6195678710938
0.088500000536441803,-0.017699999734759331,0.0098180354107171297,2975.9140625
0.088550001382827759,-0.017710000276565552,0.0098259119549766183,2977.2086791992188
0.088600002229213715,-0.017720000818371773,0.0098337871022522449,2978.5034790039062
0.08865000307559967,-0.017729999497532845,0.0098416619002819061,2979.7982177734375
0.088699996471405029,-0.017740000039339066,0.0098495375132188201,2981.0928955078125
0.088749997317790985,-0.017750000581145287,0.0098574140574783087,2982.3873291015625
0.088799998164176941,-0.017759999260306358,0.0098652915330603719,2983.681640625
0.088849999010562897,-0.017769999802112579,0.0098731700563803315,2984.9757690429688
0.088899999856948853,-0.0177800003439188,0.0098810496274381876,2986.2695922851562
0.088950000703334808,-0.017790000885725021,0.0098889301298186183,2987.5631103515625
0.089000001549720764,-0.017799999564886093,0.0098968117963522673,2988.8566284179688
0.08905000239610672,-0.017810000106692314,0.0099046946270391345,2990.149658203125
0.089100003242492676,-0.017820000648498535,0.0099125838605687022,2991.4415893554688
0.089149996638298035,-0.017829999327659607,0.0099204789148643613,2992.7327880859375
0.08919999748468399,-0.017839999869465828,0.0099283793242648244,2994.0228881835938
0.089249998331069946,-0.017850000411272049,0.0099362907931208611,2995.3110961914062
0.089299999177455902,-0.017859999090433121,0.0099442077334970236,2996.5982055664062
0.089350000023841858,-0.017869999632239342,0.0099521311931312084,2997.8843994140625
0.089400000870227814,-0.017880000174045563,0.0099600580288097262,2999.1696166992188
0.08945000171661377,-0.017890000715851784,0.0099679870763793588,3000.45458984375
0.089500002562999725,-0.017899999395012856,0.0099759158911183476,3001.739501953125
0.089550003409385681,-0.017909999936819077,0.0099838424939662218,3003.0247192382812
0.08959999680519104,-0.017920000478625298,0.0099917675834149122,3004.3101196289062
0.089649997651576996,-0.017929999157786369,0.0099996912758797407,3005.5958862304688
0.089699998497962952,-0.01793999969959259,0.010007614968344569,3006.8814697265625
0.089749999344348907,-0.017950000241398811,0.010015542036853731,3008.1663818359375
0.089800000190734863,-0.017960000783205032,0.010023477370850742,3009.4501953125
0.089850001037120819,-0.017969999462366104,0.010031417128629982,3010.733154296875
0.089900001883506775,-0.017980000004172325,0.010039368527941406,3012.0140991210938
0.089950002729892731,-0.017990000545978546,0.010047329706139863,3013.2932739257812
0.090000003576278687,-0.017999999225139618,0.010055300896055996,3014.5708618164062
0.090049996972084045,-0.018009999766945839,0.010063281049951911,3015.8468627929688
0.090099997818470001,-0.01802000030875206,0.01007126655895263,3017.1221923828125
0.090149998664855957,-0.018030000850558281,0.010079251835122705,3018.397216796875
0.090199999511241913,-0.018039999529719353,0.010087235597893596,3019.6725463867188
0.090250000357627869,-0.018050000071525574,0.010095215868204832,3020.9484252929688
0.090300001204013824,-0.018060000613331795,0.010103196953423321,3022.2242431640625
0.09035000205039978,-0.018069999292492867,0.010111187933944166,3023.4981689453125
0.090400002896785736,-0.018079999834299088,0.01011918589938432,3024.7708129882812
0.090449996292591095,-0.018090000376105309,0.010127192013897002,3026.0421752929688
0.090499997138977051,-0.01810000091791153,0.010135212913155556,3027.3111572265625
0.090549997985363007,-0.018109999597072601,0.010143234976567328,3028.579833984375
0.090599998831748962,-0.018120000138878822,0.010151257738471031,3029.8483276367188
0.090649999678134918,-0.018130000680685043,0.010159280034713447,3031.1171264648438
0.090700000524520874,-0.018139999359846115,0.010167300817556679,3032.385986328125
0.09075000137090683,-0.018149999901652336,0.010175320203416049,3033.6552124023438
0.090800002217292786,-0.018160000443458557,0.010183339356444776,3034.9243774414062
0.090850003063678741,-0.018169999122619629,0.010191359440796077,3036.193359375
0.0908999964594841,-0.01817999966442585,0.010199380689300597,3037.4620361328125
0.090949997305870056,-0.018190000206232071,0.010207403101958334,3038.7304077148438
0.090999998152256012,-0.018200000748038292,0.010215427493676543,3039.99853515625
0.091049998998641968,-0.018209999427199364,0.01022345433011651,3041.26611328125
0.091099999845027924,-0.018219999969005585,0.010231487452983856,3042.5325317382812
0.091150000691413879,-0.018230000510811806,0.01023952616378665,3043.7980346679688
0.091200001537799835,-0.018239999189972878,0.010247572558000684,3045.0621948242188
0.091250002384185791,-0.018249999731779099,0.010255632223561406,3046.3241577148438
0.091300003230571747,-0.01826000027358532,0.010263695032335818,3047.5853271484375
0.091349996626377106,-0.018270000815391541,0.010271759703755379,3048.8463745117188
0.091399997472763062,-0.018279999494552612,0.010279824142344296,3050.107421875
0.091449998319149017,-0.018290000036358833,0.010287886136211455,3051.3688354492188
0.091499999165534973,-0.018300000578165054,0.010295954300090671,3052.6290893554688
0.091550000011920929,-0.018309999257326126,0.010304031311534345,3053.8878784179688
0.091600000858306885,-0.018319999799132347,0.01031213067471981,3055.1427001953125
0.091650001704692841,-0.018330000340938568,0.010320237139239907,3056.3961791992188
0.091700002551078796,-0.018340000882744789,0.010328348958864808,3057.6488037109375
0.091750003397464752,-0.018349999561905861,0.010336461011320353,3058.9011840820312
0.091799996793270111,-0.018360000103712082,0.010344571783207357,3060.15380859375
0.091849997639656067,-0.018370000645518303,0.010352678946219385,3061.4071655273438
0.091899998486042023,-0.018379999324679375,0.010360782500356436,3062.6607055664062
0.091949999332427979,-0.018389999866485596,0.0103688855888322,3063.91455078125
0.092000000178813934,-0.018400000408291817,0.010376989608630538,3065.1680908203125
0.09205000102519989,-0.018409999087452888,0.010385095956735313,3066.4212646484375
0.092100001871585846,-0.018419999629259109,0.010393205448053777,3067.6740112304688
0.092150002717971802,-0.018430000171065331,0.010401317384094,3068.9261474609375
0.092200003564357758,-0.018440000712871552,0.010409430367872119,3070.1780395507812
0.092249996960163116,-0.018449999392032623,0.010417544515803456,3071.4296875
0.092299997806549072,-0.018459999933838844,0.010425659362226725,3072.681396484375
0.092349998652935028,-0.018470000475645065,0.01043378293979913,3073.9314575195312
0.092399999499320984,-0.018479999154806137,0.010441912454552948,3075.1802368164062
0.09245000034570694,-0.018489999696612358,0.01045004918705672,3076.4281616210938
0.092500001192092896,-0.018500000238418579,0.010458190925419331,3077.6748657226562
0.092550002038478851,-0.0185100007802248,0.010466338484548032,3078.9208984375
0.092600002884864807,-0.018519999459385872,0.010474507231265306,3080.1634521484375
0.092649996280670166,-0.018530000001192093,0.010482680634595454,3081.4049072265625
0.092699997127056122,-0.018540000542998314,0.010490858345292509,3082.6459350585938
0.092749997973442078,-0.018549999222159386,0.010499038035050035,3083.8862915039062
0.092799998819828033,-0.018559999763965607,0.01050722727086395,3085.1253051757812
0.092849999666213989,-0.018570000305771828,0.010515423025935888,3086.3629150390625
0.092900000512599945,-0.018580000847578049,0.010523625765927136,3087.5994262695312
0.092950001358985901,-0.01858999952673912,0.010531834093853831,3088.8349609375
0.093000002205371857,-0.018600000068545341,0.010540044750086963,3090.0700073242188
0.093050003051757812,-0.018610000610351562,0.010548256570473313,3091.3048706054688
0.093099996447563171,-0.018619999289512634,0.010556470137089491,3092.5394897460938
0.093149997293949127,-0.018629999831318855,0.010564683470875025,3093.774169921875
0.093199998140335083,-0.018640000373125076,0.010572896804660559,3095.0087280273438
0.093249998986721039,-0.018650000914931297,0.010581112001091242,3096.2431640625
0.093299999833106995,-0.018659999594092369,0.010589328012429178,3097.477294921875
0.09335000067949295,-0.01867000013589859,0.010597544140182436,3098.7112426757812
0.093400001525878906,-0.018680000677704811,0.010605761199258268,3099.9450073242188
0.093450002372264862,-0.018689999356865883,0.010613980237394571,3101.178466796875
0.093500003218650818,-0.018699999898672104,0.010622200439684093,3102.41162109375
0.093549996614456177,-0.018710000440478325,0.010630422737449408,3103.6447143554688
0.093599997460842133,-0.018719999119639397,0.010638647014275193,3104.8772583007812
0.093649998307228088,-0.018729999661445618,0.010646872455254197,3106.109619140625
0.093699999153614044,-0.018740000203251839,0.010655103134922683,3107.3410034179688
0.09375,-0.01875000074505806,0.01066334149800241,3108.5712280273438
0.093800000846385956,-0.018759999424219131,0.010671588825061917,3109.7999267578125
0.093850001692771912,-0.018769999966025352,0.010679856524802744,3111.0248413085938
0.093900002539157867,-0.018780000507831573,0.010688145295716822,3112.2462768554688
0.093950003385543823,-0.018789999186992645,0.010696446290239692,3113.4654541015625
0.093999996781349182,-0.018799999728798866,0.010704747168347239,3114.6844482421875
0.094049997627735138,-0.018810000270605087,0.010713045368902385,3115.9041137695312
0.094099998474121094,-0.018820000812411308,0.010721339960582554,3117.1242065429688
0.09414999932050705,-0.01882999949157238,0.010729630128480494,3118.3447875976562
0.094200000166893005,-0.018840000033378601,0.010737919597886503,3119.5657348632812
0.094250001013278961,-0.018850000575184822,0.010746209183707833,3120.7866821289062
0.094300001859664917,-0.018859999254345894,0.01075451192446053,3122.0051879882812
0.094350002706050873,-0.018869999796152115,0.010762822348624468,3123.222412109375
0.094400003552436829,-0.018880000337958336,0.010771139757707715,3124.4383544921875
0.094449996948242188,-0.018890000879764557,0.010779461706988513,3125.6536865234375
0.094499997794628143,-0.018899999558925629,0.010787784587591887,3126.86865234375
0.094549998641014099,-0.01891000010073185,0.010796107235364616,3128.08349609375
0.094599999487400055,-0.018920000642538071,0.010804431745782495,3129.2979736328125
0.094650000333786011,-0.018929999321699142,0.010812760330736637,3130.5118408203125
0.094700001180171967,-0.018939999863505363,0.010821095551364124,3131.7243041992188
0.094750002026557922,-0.018950000405311584,0.010829448234289885,3132.933837890625
0.094800002872943878,-0.018959999084472656,0.01083780569024384,3134.1424560546875
0.094850003719329834,-0.018969999626278877,0.010846166289411485,3135.3505859375
0.094899997115135193,-0.018980000168085098,0.01085452688857913,3136.5585327148438
0.094949997961521149,-0.018990000709891319,0.010862886207178235,3137.766845703125
0.094999998807907104,-0.018999999389052391,0.010871243197470903,3138.9751586914062
0.09504999965429306,-0.019009999930858612,0.010879597975872457,3140.18408203125
0.095100000500679016,-0.019020000472664833,0.01088795333635062,3141.3927001953125
0.095150001347064972,-0.019029999151825905,0.010896308813244104,3142.601318359375
0.095200002193450928,-0.019039999693632126,0.010904665337875485,3143.8097534179688
0.095250003039836884,-0.019050000235438347,0.010913024889305234,3145.0178833007812
0.095299996435642242,-0.019060000777244568,0.010921385604888201,3146.2252807617188
0.095349997282028198,-0.01906999945640564,0.010929749347269535,3147.4325561523438
0.095399998128414154,-0.019079999998211861,0.010938114253804088,3148.639404296875
0.09544999897480011,-0.019090000540018082,0.010946480091661215,3149.845947265625
0.095499999821186066,-0.019099999219179153,0.010954846977256238,3151.052490234375
0.095550000667572021,-0.019109999760985374,0.010963213630020618,3152.2588500976562
0.095600001513957977,-0.019120000302791595,0.010971581330522895,3153.4649658203125
0.095650002360343933,-0.019130000844597816,0.010979949845932424,3154.6710205078125
0.095700003206729889,-0.019139999523758888,0.010988319525495172,3155.8768920898438
0.095749996602535248,-0.019150000065565109,0.01099669118411839,3157.08203125
0.095799997448921204,-0.01916000060737133,0.011005069594830275,3158.2861938476562
0.095849998295307159,-0.019169999286532402,0.011013463139533997,3159.4879150390625
0.095899999141693115,-0.019179999828338623,0.011021861340850592,3160.688720703125
0.095949999988079071,-0.019190000370144844,0.011030260589905083,3161.8892211914062
0.096000000834465027,-0.019200000911951065,0.011038664146326482,3163.089111328125
0.096050001680850983,-0.019209999591112137,0.011047082720324397,3164.286376953125
0.096100002527236938,-0.019220000132918358,0.011055507929995656,3165.4825439453125
0.096150003373622894,-0.019230000674724579,0.011063937796279788,3166.6776123046875
0.096199996769428253,-0.019239999353885651,0.011072370572946966,3167.8721923828125
0.096249997615814209,-0.019249999895691872,0.011080803233198822,3169.066650390625
0.096299998462200165,-0.019260000437498093,0.011089234263636172,3170.2612915039062
0.096349999308586121,-0.019269999116659164,0.011097662849351764,3171.4564819335938
0.096400000154972076,-0.019279999658465385,0.011106089106760919,3172.65185546875
0.096450001001358032,-0.019290000200271606,0.011114516179077327,3173.8472900390625
0.096500001847743988,-0.019300000742077827,0.011122943367809057,3175.04248046875
0.096550002694129944,-0.019309999421238899,0.011131374863907695,3176.23681640625
0.0966000035405159,-0.01931999996304512,0.011139819514937699,3177.428955078125
0.096649996936321259,-0.019330000504851341,0.011148270918056369,3178.6198120117188
0.096699997782707214,-0.019339999184012413,0.011156727909110487,3179.8097534179688
0.09674999862909317,-0.019349999725818634,0.011165190138854086,3180.998779296875
0.096799999475479126,-0.019360000267624855,0.011173665174283087,3182.1854248046875
0.096850000321865082,-0.019370000809431076,0.011182145564816892,3183.37109375
0.096900001168251038,-0.019379999488592148,0.011190631077624857,3184.5559692382812
0.096950002014636993,-0.019390000030398369,0.011199121247045696,3185.739990234375
0.097000002861022949,-0.01940000057220459,0.011207617004401982,3186.9229736328125
0.097050003707408905,-0.019409999251365662,0.011216116137802601,3188.10546875
0.097099997103214264,-0.019419999793171883,0.011224618647247553,3189.2872924804688
0.09714999794960022,-0.019430000334978104,0.011233131168410182,3190.4674072265625
0.097199998795986176,-0.019440000876784325,0.011241648113355041,3191.6465454101562
0.097249999642372131,-0.019449999555945396,0.011250170529820025,3192.8248901367188
0.097300000488758087,-0.019460000097751617,0.011258695158176124,3194.0027465820312
0.097350001335144043,-0.019470000639557838,0.011267223861068487,3195.1798095703125
0.097400002181529999,-0.01947999931871891,0.011275753495283425,3196.3565673828125
0.097450003027915955,-0.019489999860525131,0.011284284992143512,3197.5330200195312
0.097499996423721313,-0.019500000402331352,0.011292819515801966,3198.708984375
0.097549997270107269,-0.019509999081492424,0.011301362537778914,3199.8831787109375
0.097599998116493225,-0.019519999623298645,0.011309909052215517,3201.056884765625
0.097649998962879181,-0.019530000165104866,0.01131845882628113,3202.2301635742188
0.097699999809265137,-0.019540000706911087,0.011327008833177388,3203.403076171875
0.097750000655651093,-0.019549999386072159,0.01133556105196476,3204.5758666992188
0.097800001502037048,-0.01955999992787838,0.011344113969244063,3205.748291015625
0.097850002348423004,-0.019570000469684601,0.011352670611813664,3206.92041015625
0.09790000319480896,-0.019579999148845673,0.011361229000613093,3208.09228515625
0.097949996590614319,-0.019589999690651894,0.011369788786396384,3209.263916015625
0.097999997437000275,-0.019600000232458115,0.011378348572179675,3210.4354248046875
0.09804999828338623,-0.019610000774264336,0.011386908940039575,3211.6067504882812
0.098099999129772186,-0.019619999453425407,0.011395469889976084,3212.778076171875
0.098149999976158142,-0.019629999995231628,0.011404030374251306,3213.9492797851562
0.098200000822544098,-0.019640000537037849,0.011412592837586999,3215.1198120117188
0.098250001668930054,-0.019649999216198921,0.011421168688684702,3216.2881469726562
0.09830000251531601,-0.019659999758005142,0.011429751408286393,3217.4551391601562
0.098350003361701965,-0.019670000299811363,0.01143834216054529,3218.6209106445312
0.098399996757507324,-0.019680000841617584,0.011446938617154956,3219.7855834960938
0.09844999760389328,-0.019689999520778656,0.011455537634901702,3220.9498901367188
0.098499998450279236,-0.019700000062584877,0.011464135488495231,3222.1140747070312
0.098549999296665192,-0.019710000604391098,0.011472731013782322,3223.2788696289062
0.098600000143051147,-0.01971999928355217,0.011481327237561345,3224.4434814453125
0.098650000989437103,-0.019729999825358391,0.011489925906062126,3225.607666015625
0.098700001835823059,-0.019740000367164612,0.011498528183437884,3226.7713623046875
0.098750002682209015,-0.019750000908970833,0.011507133254781365,3227.9342651367188
0.098800003528594971,-0.019759999588131905,0.011515741585753858,3229.0969848632812
0.09884999692440033,-0.019770000129938126,0.011524351197294891,3230.25927734375
0.098899997770786285,-0.019780000671744347,0.01153296185657382,3231.42138671875
0.098949998617172241,-0.019789999350905418,0.01154157449491322,3232.5831298828125
0.098999999463558197,-0.019799999892711639,0.011550189577974379,3233.7444458007812
0.099050000309944153,-0.01981000043451786,0.011558810248970985,3234.90478515625
0.099100001156330109,-0.019819999113678932,0.011567443492822349,3236.0630493164062
0.099150002002716064,-0.019829999655485153,0.011576082208193839,3237.22021484375
0.09920000284910202,-0.019840000197291374,0.011584726395085454,3238.3764038085938
0.099250003695487976,-0.019850000739097595,0.011593380011618137,3239.5308837890625
0.099299997091293335,-0.019859999418258667,0.011602056329138577,3240.6813354492188
0.099349997937679291,-0.019869999960064888,0.011610742309130728,3241.830322265625
0.099399998784065247,-0.019880000501871109,0.011619431665167212,3242.9783325195312
0.099449999630451202,-0.019889999181032181,0.01162812183611095,3244.126220703125
0.099500000476837158,-0.019899999722838402,0.011636811541393399,3245.274169921875
0.099550001323223114,-0.019910000264644623,0.011645502061583102,3246.4220581054688
0.09960000216960907,-0.019920000806450844,0.011654194560833275,3247.5696411132812
0.099650003015995026,-0.019929999485611916,0.011662888457067311,3248.716796875
0.099699996411800385,-0.019940000027418137,0.011671585612930357,3249.8634643554688
0.09974999725818634,-0.019950000569224358,0.011680284049361944,3251.0099487304688
0.099799998104572296,-0.019959999248385429,0.011688983766362071,3252.1559448242188
0.099849998950958252,-0.01996999979019165,0.011697684414684772,3253.3019409179688
0.099899999797344208,-0.019980000331997871,0.011706385063007474,3254.4478149414062
0.099950000643730164,-0.019990000873804092,0.011715086526237428,3255.5936279296875
0.10000000149011612,-0.019999999552965164,0.011723787756636739,3256.739013671875
0.10005000233650208,-0.020010000094771385,0.011732489801943302,3257.884521484375
0.10010000318288803,-0.020020000636577606,0.011741192894987762,3259.0296020507812
0.10014999657869339,-0.020029999315738678,0.011749900062568486,3260.1740112304688
0.10019999742507935,-0.020039999857544899,0.011758611653931439,3261.317626953125
0.1002499982714653,-0.02005000039935112,0.011767327669076622,3262.4606323242188
0.10029999911785126,-0.020059999078512192,0.011776046245358884,3263.6029663085938
0.10034999996423721,-0.020069999620318413,0.011784773203544319,3264.7440185546875
0.10040000081062317,-0.020080000162124634,0.011793525773100555,3265.8804931640625
0.10045000165700912,-0.020090000703930855,0.011802283581346273,3267.0161743164062
0.10050000250339508,-0.020099999383091927,0.01181104383431375,3268.1513061523438
0.10055000334978104,-0.020109999924898148,0.011819808161817491,3269.2858276367188
0.1005999967455864,-0.020120000466704369,0.011828576913103461,3270.41943359375
0.10064999759197235,-0.02012999914586544,0.011837357771582901,3271.5510864257812
0.10069999843835831,-0.020139999687671661,0.011846144217997789,3272.6817016601562
0.10074999928474426,-0.020150000229477882,0.011854934156872332,3273.811767578125
0.10080000013113022,-0.020160000771284103,0.011863728053867817,3274.9410400390625
0.10085000097751617,-0.020169999450445175,0.011872533708810806,3276.0682373046875
0.10090000182390213,-0.020179999992251396,0.0118813447188586,3277.1943359375
0.10095000267028809,-0.020190000534057617,0.011890162946656346,3278.3192138671875
0.10100000351667404,-0.020199999213218689,0.011898984666913748,3279.443359375
0.1010499969124794,-0.02020999975502491,0.011907810345292091,3280.5670776367188
0.10109999775886536,-0.020220000296831131,0.011916634859517217,3281.6907958984375
0.10114999860525131,-0.020230000838637352,0.011925459140911698,3282.8146362304688
0.10119999945163727,-0.020239999517798424,0.011934283189475536,3283.9385375976562
0.10125000029802322,-0.020250000059604645,0.011943105142563581,3285.0625610351562
0.10130000114440918,-0.020260000601410866,0.011951927910558879,3286.1864624023438
0.10135000199079514,-0.020269999280571938,0.011960753123275936,3287.309814453125
0.10140000283718109,-0.020279999822378159,0.011969585670158267,3288.4320678710938
0.10145000368356705,-0.02029000036418438,0.011978438240475953,3289.5507202148438
0.10149999707937241,-0.020300000905990601,0.011987298843450844,3290.6680297851562
0.10154999792575836,-0.020309999585151672,0.01199616608209908,3291.783935546875
0.10159999877214432,-0.020320000126957893,0.012005044613033533,3292.8978881835938
0.10164999961853027,-0.020330000668764114,0.012013924075290561,3294.0115966796875
0.10170000046491623,-0.020339999347925186,0.012022800976410508,3295.125732421875
0.10175000131130219,-0.020349999889731407,0.012031676480546594,3296.240234375
0.10180000215768814,-0.020360000431537628,0.012040548608638346,3297.3550415039062
0.1018500030040741,-0.0203699991106987,0.012049420271068811,3298.469970703125
0.10189999639987946,-0.020379999652504921,0.012058291002176702,3299.5850219726562
0.10194999724626541,-0.020390000194311142,0.012067166622728109,3300.69921875
0.10199999809265137,-0.020400000736117363,0.012076048878952861,3301.8120727539062
0.10204999893903732,-0.020409999415278435,0.012084941030479968,3302.9235229492188
0.10209999978542328,-0.020419999957084656,0.012093841098248959,3304.0332641601562
0.10215000063180923,-0.020430000498890877,0.012102746753953397,3305.1422729492188
0.10220000147819519,-0.020439999178051949,0.012111653806641698,3306.250732421875
0.10225000232458115,-0.02044999971985817,0.012120560742914677,3307.3592529296875
0.1023000031709671,-0.020460000261664391,0.012129466515034437,3308.4678344726562
0.10234999656677246,-0.020470000803470612,0.012138371937908232,3309.5765991210938
0.10239999741315842,-0.020479999482631683,0.01214727817568928,3310.6849975585938
0.10244999825954437,-0.020490000024437904,0.012156189535744488,3311.7926025390625
0.10249999910593033,-0.020500000566244125,0.012165107298642397,3312.8989868164062
0.10254999995231628,-0.020509999245405197,0.012174029601737857,3314.0045166015625
0.10260000079870224,-0.020519999787211418,0.012182957027107477,3315.109375
0.1026500016450882,-0.020530000329017639,0.012191884568892419,3316.2138671875
0.10270000249147415,-0.02054000087082386,0.012200812925584614,3317.3182983398438
0.10275000333786011,-0.020549999549984932,0.012209739186801016,3318.4230346679688
0.10279999673366547,-0.020560000091791153,0.012218665098771453,3319.5276489257812
0.10284999758005142,-0.020570000633597374,0.012227591942064464,3320.6322021484375
0.10289999842643738,-0.020579999312758446,0.012236529611982405,3321.7347412109375
0.10294999927282333,-0.020589999854564667,0.012245474732480943,3322.8359985351562
0.10300000011920929,-0.020600000396370888,0.012254425673745573,3323.9360961914062
0.10305000096559525,-0.02060999907553196,0.012263381970115006,3325.0353393554688
0.1031000018119812,-0.020619999617338181,0.012272341526113451,3326.1339721679688
0.10315000265836716,-0.020630000159144402,0.012281304458156228,3327.2317504882812
0.10320000350475311,-0.020640000700950623,0.012290273793041706,3328.3286743164062
0.10324999690055847,-0.020649999380111694,0.012299260823056102,3329.4224243164062
0.10329999774694443,-0.020659999921917915,0.012308259843848646,3330.5142822265625
0.10334999859333038,-0.020670000463724136,0.012317268876358867,3331.6041259765625
0.10339999943971634,-0.020679999142885208,0.012326285825110972,3332.6927490234375
0.10345000028610229,-0.020689999684691429,0.012335305917076766,3333.7805786132812
0.10350000113248825,-0.02070000022649765,0.012344325776211917,3334.8684692382812
0.10355000197887421,-0.020710000768303871,0.012353340978734195,3335.956787109375
0.10360000282526016,-0.020719999447464943,0.012362353270873427,3337.0457763671875
0.10365000367164612,-0.020729999989271164,0.012371362070553005,3338.13525390625
0.10369999706745148,-0.020740000531077385,0.012380370520986617,3339.2247314453125
0.10374999791383743,-0.020749999210238457,0.012389380251988769,3340.3138427734375
0.10379999876022339,-0.020759999752044678,0.012398397200740874,3341.4019165039062
0.10384999960660934,-0.020770000293850899,0.012407421134412289,3342.488525390625
0.1039000004529953,-0.02078000083565712,0.012416453799232841,3343.5737915039062
0.10395000129938126,-0.020789999514818192,0.012425494147464633,3344.6575317382812
0.10400000214576721,-0.020800000056624413,0.012434540898539126,3345.740478515625
0.10405000299215317,-0.020810000598430634,0.012443598592653871,3346.8211669921875
0.10409999638795853,-0.020819999277591705,0.012452660594135523,3347.9011840820312
0.10414999723434448,-0.020829999819397926,0.012461725738830864,3348.9805908203125
0.10419999808073044,-0.020840000361204147,0.012470792979001999,3350.0596923828125
0.10424999892711639,-0.020850000903010368,0.012479860335588455,3351.138671875
0.10429999977350235,-0.02085999958217144,0.01248892757575959,3352.21728515625
0.10435000061988831,-0.020870000123977661,0.012497995630837977,3353.2960815429688
0.10440000146627426,-0.020880000665783882,0.012507063685916364,3354.3746948242188
0.10445000231266022,-0.020889999344944954,0.01251613162457943,3355.4531860351562
0.10450000315904617,-0.020899999886751175,0.012525200378149748,3356.5316162109375
0.10454999655485153,-0.020910000428557396,0.012534269946627319,3357.6098022460938
0.10459999740123749,-0.020919999107718468,0.012543340679258108,3358.687744140625
0.10464999824762344,-0.020929999649524689,0.012552414671517909,3359.76513671875
0.1046999990940094,-0.02094000019133091,0.012561489944346249,3360.84228515625
0.10474999994039536,-0.020950000733137131,0.012570568360388279,3361.9188842773438
0.10480000078678131,-0.020959999412298203,0.012579649104736745,3362.9949951171875
0.10485000163316727,-0.020969999954104424,0.012588735087774694,3364.0703735351562
0.10490000247955322,-0.020980000495910645,0.012597823631949723,3365.1450805664062
0.10495000332593918,-0.020989999175071716,0.012606915435753763,3366.21923828125
0.10499999672174454,-0.020999999716877937,0.012616008287295699,3367.2933349609375
0.10504999756813049,-0.021010000258684158,0.012625109520740807,3368.3656005859375
0.10509999841451645,-0.021020000800490379,0.012634217040613294,3369.436767578125
0.1051499992609024,-0.021029999479651451,0.012643333058804274,3370.5066528320312
0.10520000010728836,-0.021040000021457672,0.012652454548515379,3371.5751953125
0.10525000095367432,-0.021050000563263893,0.012661580345593393,3372.6430053710938
0.10530000180006027,-0.021059999242424965,0.012670711381360888,3373.709716796875
0.10535000264644623,-0.021069999784231186,0.012679852661676705,3374.7745971679688
0.10540000349283218,-0.021080000326037407,0.012689001043327153,3375.8384399414062
0.10544999688863754,-0.021090000867843628,0.012698177830316126,3376.8968505859375
0.1054999977350235,-0.0210999995470047,0.012707363348454237,3377.9539184570312
0.10554999858140945,-0.021110000088810921,0.012716557597741485,3379.0096435546875
0.10559999942779541,-0.021120000630617142,0.012725756387226284,3380.064208984375
0.10565000027418137,-0.021129999309778214,0.01273495948407799,3381.1181030273438
0.10570000112056732,-0.021139999851584435,0.012744162580929697,3382.1719360351562
0.10575000196695328,-0.021150000393390656,0.012753364397212863,3383.225830078125
0.10580000281333923,-0.021159999072551727,0.012762564932927489,3384.2802124023438
0.10585000365972519,-0.021169999614357948,0.012771765235811472,3385.3343505859375
0.10589999705553055,-0.021180000156164169,0.012780966586433351,3386.3881225585938
0.1059499979019165,-0.02119000069797039,0.012790170032531023,3387.4415893554688
0.10599999874830246,-0.021199999377131462,0.012799375574104488,3388.4947509765625
0.10604999959468842,-0.021209999918937683,0.012808583094738424,3389.5474853515625
0.10610000044107437,-0.021220000460743904,0.012817792710848153,3390.5997314453125
0.10615000128746033,-0.021229999139904976,0.012827003258280456,3391.65185546875
0.10620000213384628,-0.021239999681711197,0.012836214853450656,3392.7037353515625
0.10625000298023224,-0.021250000223517418,0.012845427496358752,3393.7552490234375
0.1062999963760376,-0.021260000765323639,0.012854642001911998,3394.8065185546875
0.10634999722242355,-0.021269999444484711,0.012863857671618462,3395.857421875
0.10639999806880951,-0.021279999986290932,0.012873079511336982,3396.9073486328125
0.10644999891519547,-0.021290000528097153,0.012882308103144169,3397.9559326171875
0.10649999976158142,-0.021299999207258224,0.012891545542515814,3399.00341796875
0.10655000060796738,-0.021309999749064445,0.012900787638500333,3400.0499267578125
0.10660000145435333,-0.021320000290870667,0.012910033110529184,3401.0960083007812
0.10665000230073929,-0.021330000832676888,0.012919277651235461,3402.141845703125
0.10670000314712524,-0.021339999511837959,0.012928522075526416,3403.18798828125
0.1067499965429306,-0.02135000005364418,0.012937766266986728,3404.234130859375
0.10679999738931656,-0.021360000595450401,0.012947009294293821,3405.2802124023438
0.10684999823570251,-0.021369999274611473,0.012956252205185592,3406.3262329101562
0.10689999908208847,-0.021379999816417694,0.012965496862307191,3407.3720092773438
0.10694999992847443,-0.021390000358223915,0.012974742450751364,3408.41748046875
0.10700000077486038,-0.021400000900030136,0.01298399013467133,3409.4625244140625
0.10705000162124634,-0.021409999579191208,0.012993250275030732,3410.5054321289062
0.10710000246763229,-0.021420000120997429,0.013002516934648156,3411.547119140625
0.10715000331401825,-0.02143000066280365,0.013011790113523602,3412.587646484375
0.10719999670982361,-0.021439999341964722,0.01302107865922153,3413.6256713867188
0.10724999755620956,-0.021449999883770943,0.01303037244360894,3414.662841796875
0.10729999840259552,-0.021460000425577164,0.013039674726314843,3415.6983642578125
0.10734999924898148,-0.021469999104738235,0.01304899575188756,3416.7305908203125
0.10740000009536743,-0.021479999646544456,0.013058322598226368,3417.76171875
0.10745000094175339,-0.021490000188350677,0.013067651772871614,3418.792236328125
0.10750000178813934,-0.021500000730156898,0.013076980947516859,3419.8229370117188
0.1075500026345253,-0.02150999940931797,0.013086306746117771,3420.8539428710938
0.10760000348091125,-0.021519999951124191,0.013095631264150143,3421.8853759765625
0.10764999687671661,-0.021530000492930412,0.013104956597089767,3422.916259765625
0.10769999772310257,-0.021539999172091484,0.013114283909089863,3423.9470825195312
0.10774999856948853,-0.021549999713897705,0.01312361448071897,3424.9771118164062
0.10779999941587448,-0.021560000255703926,0.013132947962731123,3426.0066528320312
0.10785000026226044,-0.021570000797510147,0.013142287847585976,3427.0350952148438
0.10790000110864639,-0.021579999476671219,0.013151652296073735,3428.0591430664062
0.10795000195503235,-0.02159000001847744,0.013161027687601745,3429.0811767578125
0.1080000028014183,-0.021600000560283661,0.013170413207262754,3430.1015014648438
0.10805000364780426,-0.021609999239444733,0.013179804082028568,3431.120849609375
0.10809999704360962,-0.021619999781250954,0.013189195888116956,3432.1400756835938
0.10814999788999557,-0.021630000323057175,0.0131985874613747,3433.1591186523438
0.10819999873638153,-0.021640000864863396,0.013207980897277594,3434.1778564453125
0.10824999958276749,-0.021649999544024467,0.013217376312240958,3435.1962280273438
0.10830000042915344,-0.021660000085830688,0.013226774986833334,3436.2140502929688
0.1083500012755394,-0.021670000627636909,0.013236177153885365,3437.2310180664062
0.10840000212192535,-0.021679999306797981,0.013245583279058337,3438.2476806640625
0.10845000296831131,-0.021689999848604202,0.01325499068479985,3439.2639770507812
0.10849999636411667,-0.021700000390410423,0.013264399021863937,3440.2799682617188
0.10854999721050262,-0.021709999069571495,0.013273809454403818,3441.2955322265625
0.10859999805688858,-0.021719999611377716,0.013283223961479962,3442.3106079101562
0.10864999890327454,-0.021730000153183937,0.013292648131027818,3443.3237915039062
0.10869999974966049,-0.021740000694990158,0.013302075443789363,3444.3364868164062
0.10875000059604645,-0.02174999937415123,0.013311505084857345,3445.3488159179688
0.1088000014424324,-0.021759999915957451,0.013320935540832579,3446.36083984375
0.10885000228881836,-0.021770000457763672,0.01333036576397717,3447.3728637695312
0.10890000313520432,-0.021779999136924744,0.013339794822968543,3448.3848876953125
0.10894999653100967,-0.021789999678730965,0.013349224696867168,3449.39697265625
0.10899999737739563,-0.021800000220537186,0.013358653523027897,3450.4088134765625
0.10904999822378159,-0.021810000762343407,0.013368084211833775,3451.4205322265625
0.10909999907016754,-0.021819999441504478,0.013377517112530768,3452.4317626953125
0.1091499999165535,-0.021829999983310699,0.013386953272856772,3453.4422607421875
0.10920000076293945,-0.02184000052511692,0.013396398746408522,3454.451416015625
0.10925000160932541,-0.021849999204277992,0.01340586831793189,3455.4561157226562
0.10930000245571136,-0.021859999746084213,0.013415349065326154,3456.4589233398438
0.10935000330209732,-0.021870000287890434,0.013424836448393762,3457.4605712890625
0.10939999669790268,-0.021880000829696655,0.013434326276183128,3458.4614868164062
0.10944999754428864,-0.021889999508857727,0.013443817617371678,3459.4623413085938
0.10949999839067459,-0.021900000050663948,0.013453315012156963,3460.4617919921875
0.10954999923706055,-0.021910000592470169,0.013462824863381684,3461.458984375
0.1096000000834465,-0.021919999271631241,0.013472342165187001,3462.454833984375
0.10965000092983246,-0.021929999813437462,0.013481865054927766,3463.4496459960938
0.10970000177621841,-0.021940000355243683,0.013491391204297543,3464.44384765625
0.10975000262260437,-0.021950000897049904,0.013500920496881008,3465.4373779296875
0.10980000346899033,-0.021959999576210976,0.013510455028153956,3466.4302978515625
0.10984999686479568,-0.021970000118017197,0.013519999687559903,3467.4212646484375
0.10989999771118164,-0.021980000659823418,0.013529547839425504,3468.4114990234375
0.1099499985575676,-0.021989999338984489,0.01353909820318222,3469.4014282226562
0.10999999940395355,-0.02199999988079071,0.013548649498261511,3470.39111328125
0.11005000025033951,-0.022010000422596931,0.013558200560510159,3471.3807373046875
0.11010000109672546,-0.022019999101758003,0.01356775127351284,3472.37060546875
0.11015000194311142,-0.022029999643564224,0.013577301637269557,3473.3601684570312
0.11020000278949738,-0.022040000185370445,0.013586853863671422,3474.3495483398438
0.11025000363588333,-0.022050000727176666,0.013596409349702299,3475.3379516601562
0.11029999703168869,-0.022059999406337738,0.013605970074422657,3476.32568359375
0.11034999787807465,-0.022069999948143959,0.013615535106509924,3477.3126831054688
0.1103999987244606,-0.02208000048995018,0.013625109801068902,3478.2976684570312
0.11044999957084656,-0.022089999169111252,0.013634695555083454,3479.2808837890625
0.11050000041723251,-0.022099999710917473,0.013644284568727016,3480.263427734375
0.11055000126361847,-0.022110000252723694,0.01365387684199959,3481.2454223632812
0.11060000211000443,-0.022120000794529915,0.013663470163010061,3482.227294921875
0.11065000295639038,-0.022129999473690987,0.013673063367605209,3483.2090454101562
0.11069999635219574,-0.022140000015497208,0.013682656455785036,3484.1907958984375
0.1107499971985817,-0.022150000557303429,0.01369225257076323,3485.1719970703125
0.11079999804496765,-0.0221599992364645,0.013701852993108332,3486.1524658203125
0.11084999889135361,-0.022169999778270721,0.01371145760640502,3487.1321411132812
0.11089999973773956,-0.022180000320076942,0.013721066410653293,3488.111083984375
0.11095000058412552,-0.022190000861883163,0.013730677310377359,3489.0897827148438
0.11100000143051147,-0.022199999541044235,0.013740290072746575,3490.0680541992188
0.11105000227689743,-0.022210000082850456,0.01374990283511579,3491.046142578125
0.11110000312328339,-0.022220000624656677,0.013759515481069684,3492.0239868164062
0.11114999651908875,-0.022229999303817749,0.013769128127023578,3493.0018920898438
0.1111999973654747,-0.02223999984562397,0.013778742752037942,3493.9793701171875
0.11124999821186066,-0.022250000387430191,0.013788359356112778,3494.9566650390625
0.11129999905824661,-0.022260000929236412,0.013797978172078729,3495.9332275390625
0.11134999990463257,-0.022269999608397484,0.013807605137117207,3496.9085693359375
0.11140000075101852,-0.022280000150203705,0.013817240833304822,3497.8823852539062
0.11145000159740448,-0.022290000692009926,0.013826885260641575,3498.8544311523438
0.11150000244379044,-0.022299999371170998,0.013836548780091107,3499.8231811523438
0.11155000329017639,-0.022309999912977219,0.013846214744262397,3500.7911987304688
0.11159999668598175,-0.02232000045478344,0.013855882687494159,3501.7589721679688
0.11164999753236771,-0.022329999133944511,0.013865550165064633,3502.7269897460938
0.11169999837875366,-0.022339999675750732,0.013875213451683521,3503.6952514648438
0.11174999922513962,-0.022350000217556953,0.013884874177165329,3504.6641235351562
0.11180000007152557,-0.022360000759363174,0.013894532690756023,3505.6331176757812
0.11185000091791153,-0.022369999438524246,0.013904193066991866,3506.6019897460938
0.11190000176429749,-0.022379999980330467,0.01391385355964303,3507.570556640625
0.11195000261068344,-0.022390000522136688,0.01392352010589093,3508.5383911132812
0.1120000034570694,-0.02239999920129776,0.013933195150457323,3509.5044555664062
0.11204999685287476,-0.022409999743103981,0.013942889869213104,3510.4671020507812
0.11209999769926071,-0.022420000284910202,0.013952591107226908,3511.4284057617188
0.11214999854564667,-0.022430000826716423,0.013962298631668091,3512.3888549804688
0.11219999939203262,-0.022439999505877495,0.013972004177048802,3513.34912109375
0.11225000023841858,-0.022450000047683716,0.013981711585074663,3514.309326171875
0.11230000108480453,-0.022460000589489937,0.013991422951221466,3515.2686767578125
0.11235000193119049,-0.022469999268651009,0.014001136529259384,3516.2275390625
0.11240000277757645,-0.02247999981045723,0.014010858489200473,3517.1852416992188
0.1124500036239624,-0.022490000352263451,0.01402058731764555,3518.141357421875
0.11249999701976776,-0.022500000894069672,0.014030326856300235,3519.0958251953125
0.11254999786615372,-0.022509999573230743,0.014040075242519379,3520.0486450195312
0.11259999871253967,-0.022520000115036964,0.01404983235988766,3520.9998168945312
0.11264999955892563,-0.022530000656843185,0.014059598091989756,3521.9495239257812
0.11270000040531158,-0.022539999336004257,0.014069370343349874,3522.8980102539062
0.11275000125169754,-0.022549999877810478,0.014079146785661578,3523.845703125
0.1128000020980835,-0.022560000419616699,0.014088923111557961,3524.793212890625
0.11285000294446945,-0.022569999098777771,0.014098699088208377,3525.7408447265625
0.11289999634027481,-0.022579999640583992,0.014108474715612829,3526.6885375976562
0.11294999718666077,-0.022590000182390213,0.0141182541847229,3527.6354370117188
0.11299999803304672,-0.022600000724196434,0.014128046226687729,3528.5802612304688
0.11304999887943268,-0.022609999403357506,0.014137842925265431,3529.5240478515625
0.11309999972581863,-0.022619999945163727,0.014147648005746305,3530.4664916992188
0.11315000057220459,-0.022630000486969948,0.014157457742840052,3531.4080810546875
0.11320000141859055,-0.02263999916613102,0.014167269808240235,3532.3489379882812
0.1132500022649765,-0.022649999707937241,0.014177083852700889,3533.2896118164062
0.11330000311136246,-0.022660000249743462,0.014186899643391371,3534.2301025390625
0.11334999650716782,-0.022670000791549683,0.014196717645972967,3535.1697998046875
0.11339999735355377,-0.022679999470710754,0.014206543564796448,3536.1083984375
0.11344999819993973,-0.022690000012516975,0.014216374140232801,3537.0458984375
0.11349999904632568,-0.022700000554323196,0.01422621076926589,3537.9825439453125
0.11354999989271164,-0.022709999233484268,0.014236049726605415,3538.9185791015625
0.1136000007390976,-0.022719999775290489,0.01424589054659009,3539.8544921875
0.11365000158548355,-0.02273000031709671,0.014255729387514293,3540.7902221679688
0.11370000243186951,-0.022740000858902931,0.014265571837313473,3541.7255859375
0.11375000327825546,-0.022749999538064003,0.014275420689955354,3542.6597290039062
0.11379999667406082,-0.022760000079870224,0.014285287470556796,3543.5905151367188
0.11384999752044678,-0.022770000621676445,0.014295162865892053,3544.52001953125
0.11389999836683273,-0.022779999300837517,0.014305040938779712,3545.4487915039062
0.11394999921321869,-0.022789999842643738,0.014314918895252049,3546.3775024414062
0.11400000005960464,-0.022800000384449959,0.01432479836512357,3547.30615234375
0.1140500009059906,-0.02281000092625618,0.014334685634821653,3548.233154296875
0.11410000175237656,-0.022819999605417252,0.014344579423777759,3549.15869140625
0.11415000259876251,-0.022830000147223473,0.014354492537677288,3550.081298828125
0.11420000344514847,-0.022840000689029694,0.014364410075359046,3551.0027465820312
0.11424999684095383,-0.022849999368190765,0.01437432982493192,3551.9239501953125
0.11429999768733978,-0.022859999909996986,0.014384247362613678,3552.84521484375
0.11434999853372574,-0.022870000451803207,0.014394162455573678,3553.7669067382812
0.11439999938011169,-0.022879999130964279,0.014404075220227242,3554.6889038085938
0.11445000022649765,-0.0228899996727705,0.014413991710171103,3555.6107177734375
0.11450000107288361,-0.022900000214576721,0.014423917164094746,3556.5302124023438
0.11455000191926956,-0.022910000756382942,0.014433851116336882,3557.4484252929688
0.11460000276565552,-0.022919999435544014,0.014443793683312833,3558.3655395507812
0.11465000361204147,-0.022929999977350235,0.014453738695010543,3559.2817993164062
0.11469999700784683,-0.022940000519156456,0.014463685802184045,3560.1974487304688
0.11474999785423279,-0.022949999198317528,0.014473634772002697,3561.1129150390625
0.11479999870061874,-0.022959999740123749,0.01448358572088182,3562.0279541015625
0.1148499995470047,-0.02297000028192997,0.014493540395051241,3562.9425048828125
0.11490000039339066,-0.022980000823736191,0.014503493322990835,3563.8569946289062
0.11495000123977661,-0.022989999502897263,0.014513449976220727,3564.7711181640625
0.11500000208616257,-0.023000000044703484,0.014523406745865941,3565.6851196289062
0.11505000293254852,-0.023010000586509705,0.014533365843817592,3566.598388671875
0.11509999632835388,-0.023019999265670776,0.014543333207257092,3567.5106811523438
0.11514999717473984,-0.023029999807476997,0.014553305343724787,3568.4217529296875
0.11519999802112579,-0.023040000349283218,0.014563282253220677,3569.3320922851562
0.11524999886751175,-0.023050000891089439,0.014573265332728624,3570.24169921875
0.11529999971389771,-0.023059999570250511,0.014583246666006744,3571.151123046875
0.11535000056028366,-0.023070000112056732,0.014593229745514691,3572.060302734375
0.11540000140666962,-0.023080000653862953,0.014603212359361351,3572.9697265625
0.11545000225305557,-0.023089999333024025,0.014613192761316895,3573.8790893554688
0.11550000309944153,-0.023099999874830246,0.014623173046857119,3574.7882690429688
0.11554999649524689,-0.023110000416636467,0.01463315705768764,3575.6972045898438
0.11559999734163284,-0.023119999095797539,0.01464314735494554,3576.604736328125
0.1156499981880188,-0.02312999963760376,0.014653150225058198,3577.5101928710938
0.11569999903440475,-0.023140000179409981,0.014663162408396602,3578.4134521484375
0.11574999988079071,-0.023150000721216202,0.01467318763025105,3579.3150634765625
0.11580000072717667,-0.023159999400377274,0.014683219837024808,3580.2152099609375
0.11585000157356262,-0.023169999942183495,0.014693260658532381,3581.1136474609375
0.11590000241994858,-0.023180000483989716,0.014703309861943126,3582.0108642578125
0.11595000326633453,-0.023189999163150787,0.014713363256305456,3582.9070434570312
0.11599999666213989,-0.023199999704957008,0.014723420608788729,3583.8026733398438
0.11604999750852585,-0.023210000246763229,0.014733476098626852,3584.6981811523438
0.1160999983549118,-0.02322000078856945,0.014743537176400423,3585.5931396484375
0.11614999920129776,-0.023229999467730522,0.01475360500626266,3586.4866333007812
0.11620000004768372,-0.023240000009536743,0.014763677027076483,3587.3795166015625
0.11625000089406967,-0.023250000551342964,0.014773749746382236,3588.2719116210938
0.11630000174045563,-0.023259999230504036,0.014783826656639576,3589.1641235351562
0.11635000258684158,-0.023269999772310257,0.014793901704251766,3590.0562133789062
0.11640000343322754,-0.023280000314116478,0.014803978614509106,3590.9481201171875
0.1164499968290329,-0.023290000855922699,0.014814055524766445,3591.8400268554688
0.11649999767541885,-0.023299999535083771,0.014824136160314083,3592.7311401367188
0.11654999852180481,-0.023310000076889992,0.014834223315119743,3593.620849609375
0.11659999936819077,-0.023320000618696213,0.014844323042780161,3594.5086059570312
0.11665000021457672,-0.023329999297857285,0.014854431618005037,3595.3945922851562
0.11670000106096268,-0.023339999839663506,0.014864549040794373,3596.2792358398438
0.11675000190734863,-0.023350000381469727,0.014874669024720788,3597.1631469726562
0.11680000275373459,-0.023360000923275948,0.014884801348671317,3598.0450439453125
0.11685000360012054,-0.023369999602437019,0.014894939959049225,3598.9259643554688
0.1168999969959259,-0.02338000014424324,0.014905082993209362,3599.8057250976562
0.11694999784231186,-0.023390000686049461,0.014915232313796878,3600.6843872070312
0.11699999868869781,-0.023399999365210533,0.014925390249118209,3601.5616455078125
0.11704999953508377,-0.023409999907016754,0.014935554470866919,3602.4375
0.11710000038146973,-0.023420000448822975,0.014945725211873651,3603.3123779296875
0.11715000122785568,-0.023429999127984047,0.014955900143831968,3604.1864013671875
0.11720000207424164,-0.023439999669790268,0.014966078801080585,3605.0596923828125
0.11725000292062759,-0.023450000211596489,0.014976259553804994,3605.9326782226562
0.11729999631643295,-0.02346000075340271,0.014986442634835839,3606.8051147460938
0.11734999716281891,-0.023469999432563782,0.014996627578511834,3607.6773071289062
0.11739999800920486,-0.023479999974370003,0.015006812987849116,3608.5490112304688
0.11744999885559082,-0.023490000516176224,0.015017002355307341,3609.4203491210938
0.11749999970197678,-0.023499999195337296,0.015027206391096115,3610.289306640625
0.11755000054836273,-0.023509999737143517,0.015037416946142912,3611.1565551757812
0.11760000139474869,-0.023520000278949738,0.015047636115923524,3612.0222778320312
0.11765000224113464,-0.023530000820755959,0.015057861804962158,3612.8867797851562
0.1177000030875206,-0.02353999949991703,0.015068091684952378,3613.75048828125
0.11774999648332596,-0.023550000041723251,0.015078323194757104,3614.6138916015625
0.11779999732971191,-0.023560000583529472,0.015088556567206979,3615.4769897460938
0.11784999817609787,-0.023569999262690544,0.01509878970682621,3616.3402099609375
0.11789999902248383,-0.023579999804496765,0.015109020983800292,3617.2033081054688
0.11794999986886978,-0.023590000346302986,0.015119255986064672,3618.066162109375
0.11800000071525574,-0.023600000888109207,0.015129503328353167,3618.9270629882812
0.11805000156164169,-0.023609999567270279,0.015139757422730327,3619.78662109375
0.11810000240802765,-0.0236200001090765,0.015150020131841302,3620.6447143554688
0.1181500032544136,-0.023630000650882721,0.015160289593040943,3621.5010986328125
0.11819999665021896,-0.023639999330043793,0.015170575818046927,3622.35498046875
0.11824999749660492,-0.023649999871850014,0.015180862275883555,3623.2083129882812
0.11829999834299088,-0.023660000413656235,0.015191150363534689,3624.0612182617188
0.11834999918937683,-0.023669999092817307,0.015201444504782557,3624.9133911132812
0.11840000003576279,-0.023679999634623528,0.015211740508675575,3625.7648315429688
0.11845000088214874,-0.023690000176429749,0.015222040936350822,3626.6156616210938
0.1185000017285347,-0.02370000071823597,0.015232345787808299,3627.4656982421875
0.11855000257492065,-0.023709999397397041,0.015242652967572212,3628.3152465820312
0.11860000342130661,-0.023719999939203262,0.015252962242811918,3629.1642456054688
0.11864999681711197,-0.023730000481009483,0.015263273846358061,3630.0131225585938
0.11869999766349792,-0.023739999160170555,0.015273584984242916,3630.8616943359375
0.11874999850988388,-0.023749999701976776,0.015283898217603564,3631.7103271484375
0.11879999935626984,-0.023760000243782997,0.015294209122657776,3632.5587158203125
0.11885000020265579,-0.023770000785589218,0.015304521657526493,3633.4071655273438
0.11890000104904175,-0.02377999946475029,0.015314836287871003,3634.2548828125
0.1189500018954277,-0.023790000006556511,0.015325167216360569,3635.099853515625
0.11900000274181366,-0.023800000548362732,0.015335506992414594,3635.9429931640625
0.11905000358819962,-0.023809999227523804,0.015345855616033077,3636.7847290039062
0.11909999698400497,-0.023819999769330025,0.01535620866343379,3637.6251831054688
0.11914999783039093,-0.023830000311136246,0.015366565901786089,3638.4651489257812
0.11919999867677689,-0.023840000852942467,0.015376925002783537,3639.304931640625
0.11924999952316284,-0.023849999532103539,0.015387280145660043,3640.1448974609375
0.1193000003695488,-0.02386000007390976,0.015397634822875261,3640.9850463867188
0.11935000121593475,-0.023870000615715981,0.015407989034429193,3641.8255004882812
0.11940000206232071,-0.023879999294877052,0.015418343245983124,3642.665771484375
0.11945000290870667,-0.023889999836683273,0.015428699320182204,3643.5055541992188
0.11949999630451202,-0.023900000378489494,0.015439061913639307,3644.3442993164062
0.11954999715089798,-0.023910000920295715,0.015449430793523788,3645.1817016601562
0.11959999799728394,-0.023919999599456787,0.015459806192666292,3646.0178833007812
0.11964999884366989,-0.023930000141263008,0.015470188111066818,3646.8531494140625
0.11969999969005585,-0.023940000683069229,0.015480572124943137,3647.687744140625
0.1197500005364418,-0.023949999362230301,0.0154909563716501,3648.5222778320312
0.11980000138282776,-0.023959999904036522,0.015501340152695775,3649.3568725585938
0.11985000222921371,-0.023970000445842743,0.01551172393374145,3650.1912841796875
0.11990000307559967,-0.023979999125003815,0.015522111440077424,3651.0253295898438
0.11994999647140503,-0.023989999666810036,0.015532499179244041,3651.8590698242188
0.11999999731779099,-0.024000000208616257,0.015542890876531601,3652.6920776367188
0.12004999816417694,-0.024010000750422478,0.015553284902125597,3653.5245361328125
0.1200999990105629,-0.024019999429583549,0.015563687076792121,3654.355712890625
0.12014999985694885,-0.024029999971389771,0.015574114164337516,3655.1826171875
0.12020000070333481,-0.024040000513195992,0.015584554523229599,3656.0067138671875
0.12025000154972076,-0.024049999192357063,0.015595011878758669,3656.827880859375
0.12030000239610672,-0.024059999734163284,0.01560548460111022,3657.6466064453125
0.12035000324249268,-0.024070000275969505,0.015615964075550437,3658.4636840820312
0.12039999663829803,-0.024080000817775726,0.015626448206603527,3659.2802124023438
0.12044999748468399,-0.024089999496936798,0.015636932570487261,3660.096435546875
0.12049999833106995,-0.024100000038743019,0.015647418797016144,3660.9127807617188
0.1205499991774559,-0.02411000058054924,0.015657901298254728,3661.7291870117188
0.12060000002384186,-0.024119999259710312,0.015668385662138462,3662.5457763671875
0.12065000087022781,-0.024129999801516533,0.015678869793191552,3663.3623046875
0.12070000171661377,-0.024140000343322754,0.01568935438990593,3664.1784057617188
0.12075000256299973,-0.024150000885128975,0.015699842711910605,3664.9942626953125
0.12080000340938568,-0.024159999564290047,0.015710332896560431,3665.8093872070312
0.12084999680519104,-0.024170000106096268,0.015720825176686049,3666.6242065429688
0.120899997651577,-0.024180000647902489,0.015731317223981023,3667.4387817382812
0.12094999849796295,-0.02418999932706356,0.015741811133921146,3668.2528686523438
0.12099999934434891,-0.024199999868869781,0.015752306906506419,3669.0668334960938
0.12105000019073486,-0.024210000410676003,0.015762806870043278,3669.8798828125
0.12110000103712082,-0.024219999089837074,0.015773316845297813,3670.6914672851562
0.12115000188350677,-0.024229999631643295,0.015783835668116808,3671.5009155273438
0.12120000272989273,-0.024240000173449516,0.015794363571330905,3672.3089599609375
0.12125000357627869,-0.024250000715255737,0.01580489962361753,3673.1156005859375
0.12129999697208405,-0.024259999394416809,0.015815436141565442,3673.9218139648438
0.12134999781847,-0.02426999993622303,0.015825976151973009,3674.7277221679688
0.12139999866485596,-0.024280000478029251,0.015836520353332162,3675.5323486328125
0.12144999951124191,-0.024289999157190323,0.015847068512812257,3676.33642578125
0.12150000035762787,-0.024299999698996544,0.015857623191550374,3677.1394653320312
0.12155000120401382,-0.024310000240802765,0.015868182061240077,3677.9417724609375
0.12160000205039978,-0.024320000782608986,0.015878749312832952,3678.74267578125
0.12165000289678574,-0.024329999461770058,0.015889337519183755,3679.5396728515625
0.12169999629259109,-0.024340000003576279,0.015899938531219959,3680.3344116210938
0.12174999713897705,-0.0243500005453825,0.015910567250102758,3681.1240234375
0.12179999798536301,-0.024359999224543571,0.015921208541840315,3681.9117431640625
0.12184999883174896,-0.024369999766349792,0.015931856352835894,3682.6978759765625
0.12189999967813492,-0.024380000308156013,0.015942508121952415,3683.483642578125
0.12195000052452087,-0.024390000849962234,0.01595315570011735,3684.2694091796875
0.12200000137090683,-0.024399999529123306,0.015963800949975848,3685.0558471679688
0.12205000221729279,-0.024410000070929527,0.015974441543221474,3685.8427734375
0.12210000306367874,-0.024420000612735748,0.015985079808160663,3686.6303100585938
0.1221499964594841,-0.02442999929189682,0.015995719935745001,3687.4175415039062
0.12219999730587006,-0.024439999833703041,0.016006360528990626,3688.2041625976562
0.12224999815225601,-0.024450000375509262,0.016017006943002343,3688.9904174804688
0.12229999899864197,-0.024460000917315483,0.016027655685320497,3689.77587890625
0.12234999984502792,-0.024469999596476555,0.016038306755945086,3690.5607299804688
0.12240000069141388,-0.024480000138282776,0.016048961551859975,3691.3450927734375
0.12245000153779984,-0.024490000680088997,0.016059616580605507,3692.129150390625
0.12250000238418579,-0.024499999359250069,0.016070273471996188,3692.9130249023438
0.12255000323057175,-0.02450999990105629,0.016080930130556226,3693.6965942382812
0.12259999662637711,-0.024520000442862511,0.016091588884592056,3694.4802856445312
0.12264999747276306,-0.024529999122023582,0.016102247405797243,3695.2635498046875
0.12269999831914902,-0.024539999663829803,0.01611290592700243,3696.046630859375
0.12274999916553497,-0.024550000205636024,0.016123568639159203,3696.8291015625
0.12280000001192093,-0.024560000747442245,0.016134231584146619,3697.6112060546875
0.12285000085830688,-0.024569999426603317,0.016144898487254977,3698.3928833007812
0.12290000170469284,-0.024579999968409538,0.016155571443960071,3699.1734008789062
0.1229500025510788,-0.024590000510215759,0.016166267683729529,3699.9497680664062
0.12300000339746475,-0.024599999189376831,0.01617697044275701,3700.72509765625
0.12304999679327011,-0.024609999731183052,0.016187677392736077,3701.4993896484375
0.12309999763965607,-0.024620000272989273,0.016198392724618316,3702.2724609375
0.12314999848604202,-0.024630000814795494,0.016209123190492392,3703.0427856445312
0.12319999933242798,-0.024639999493956566,0.016219855984672904,3703.8125
0.12325000017881393,-0.024650000035762787,0.016230590641498566,3704.5819091796875
0.12330000102519989,-0.024660000577569008,0.016241325298324227,3705.3515625
0.12335000187158585,-0.02466999925673008,0.016252059489488602,3706.1209716796875
0.1234000027179718,-0.024679999798536301,0.016262795776128769,3706.8900146484375
0.12345000356435776,-0.024690000340342522,0.016273534391075373,3707.658447265625
0.12349999696016312,-0.024700000882148743,0.016284277196973562,3708.42626953125
0.12354999780654907,-0.024709999561309814,0.016295024193823338,3709.1934204101562
0.12359999865293503,-0.024720000103116035,0.016305771190673113,3709.9603881835938
0.12364999949932098,-0.024730000644922256,0.016316522378474474,3710.7264404296875
0.12370000034570694,-0.024739999324083328,0.016327288001775742,3711.4901123046875
0.1237500011920929,-0.024749999865889549,0.016338060144335032,3712.2523193359375
0.12380000203847885,-0.02476000040769577,0.016348840901628137,3713.0131225585938
0.12385000288486481,-0.024769999086856842,0.016359628178179264,3713.77294921875
0.12389999628067017,-0.024779999628663063,0.016370427794754505,3714.5308227539062
0.12394999712705612,-0.024790000170469284,0.016381232067942619,3715.287353515625
0.12399999797344208,-0.024800000712275505,0.016392042627558112,3716.0428466796875
0.12404999881982803,-0.024809999391436577,0.01640285924077034,3716.7974243164062
0.12409999966621399,-0.024819999933242798,0.016413676319643855,3717.551513671875
0.12415000051259995,-0.024830000475049019,0.016424495261162519,3718.305419921875
0.1242000013589859,-0.024839999154210091,0.016435316065326333,3719.0590209960938
0.12425000220537186,-0.024849999696016312,0.016446140594780445,3719.8117065429688
0.12430000305175781,-0.024860000237822533,0.016456973738968372,3720.5626220703125
0.12434999644756317,-0.024870000779628754,0.01646781712770462,3721.3120727539062
0.12439999729394913,-0.024879999458789825,0.016478666802868247,3722.0602416992188
0.12444999814033508,-0.024890000000596046,0.016489519039168954,3722.8076782226562
0.12449999898672104,-0.024900000542402267,0.016500372905284166,3723.5550537109375
0.12454999983310699,-0.024909999221563339,0.016511228866875172,3724.3016357421875
0.12460000067949295,-0.02491999976336956,0.016522094840183854,3725.0468139648438
0.12465000152587891,-0.024930000305175781,0.016532973386347294,3725.7898559570312
0.12470000237226486,-0.024940000846982002,0.016543860780075192,3726.5309448242188
0.12475000321865082,-0.024949999526143074,0.016554753063246608,3727.2708740234375
0.12479999661445618,-0.024960000067949295,0.016565651400014758,3728.0101318359375
0.12484999746084213,-0.024970000609755516,0.016576551599428058,3728.7487182617188
0.12489999830722809,-0.024979999288916588,0.016587455989792943,3729.486572265625
0.12494999915361404,-0.024989999830722809,0.016598365968093276,3730.2234497070312
0.125,-0.02500000037252903,0.016609280370175838,3730.959716796875
0.12504999339580536,-0.025010000914335251,0.016620196867734194,3731.6953125
0.12510000169277191,-0.025019999593496323,0.016631113365292549,3732.4306030273438
0.12514999508857727,-0.025030000135302544,0.016642029862850904,3733.1658935546875
0.12520000338554382,-0.025040000677108765,0.016652946127578616,3733.9013061523438
0.12524999678134918,-0.025049999356269836,0.016663862392306328,3734.6367797851562
0.12530000507831573,-0.025059999898076057,0.016674778424203396,3735.3721923828125
0.12534999847412109,-0.025070000439882278,0.016685698181390762,3736.1068725585938
0.12540000677108765,-0.02507999911904335,0.016696622595191002,3736.8406982421875
0.12545000016689301,-0.025089999660849571,0.016707553062587976,3737.5733032226562
0.12549999356269836,-0.025100000202655792,0.016718490049242973,3738.3047485351562
0.12555000185966492,-0.025110000744462013,0.016729431226849556,3739.0355224609375
0.12559999525547028,-0.025119999423623085,0.016740374499931931,3739.765625
0.12565000355243683,-0.025129999965429306,0.016751319635659456,3740.49560546875
0.12569999694824219,-0.025140000507235527,0.01676226663403213,3741.2251586914062
0.12575000524520874,-0.025149999186396599,0.016773232258856297,3741.950927734375
0.1257999986410141,-0.02515999972820282,0.016784206265583634,3742.6752319335938
0.12585000693798065,-0.025170000270009041,0.016795188887044787,3743.398193359375
0.12590000033378601,-0.025180000811815262,0.016806175699457526,3744.1202392578125
0.12594999372959137,-0.025189999490976334,0.016817164840176702,3744.8418579101562
0.12600000202655792,-0.025200000032782555,0.01682815165258944,3745.5635986328125
0.12604999542236328,-0.025210000574588776,0.016839136136695743,3746.28564453125
0.12610000371932983,-0.025219999253749847,0.016850120155140758,3747.0078735351562
0.12614999711513519,-0.025229999795556068,0.016861110227182508,3747.72900390625
0.12620000541210175,-0.025240000337362289,0.016872106585651636,3748.4492797851562
0.1262499988079071,-0.02525000087916851,0.016883107600733638,3749.1682739257812
0.12630000710487366,-0.025259999558329582,0.016894116997718811,3749.8859252929688
0.12635000050067902,-0.025270000100135803,0.016905145719647408,3750.6004028320312
0.12639999389648438,-0.025280000641942024,0.016916180960834026,3751.3134155273438
0.12645000219345093,-0.025289999321103096,0.016927220160141587,3752.025634765625
0.12649999558925629,-0.025299999862909317,0.016938273794949055,3752.735107421875
0.12655000388622284,-0.025310000404715538,0.016949337674304843,3753.4429931640625
0.1265999972820282,-0.02531999908387661,0.016960408072918653,3754.1492309570312
0.12665000557899475,-0.025329999625682831,0.016971488948911428,3754.8539428710938
0.12669999897480011,-0.025340000167489052,0.016982576344162226,3755.557373046875
0.12675000727176666,-0.025350000709295273,0.016993668163195252,3756.2601318359375
0.12680000066757202,-0.025359999388456345,0.017004762310534716,3756.9622802734375
0.12684999406337738,-0.025369999930262566,0.017015856690704823,3757.6644287109375
0.12690000236034393,-0.025380000472068787,0.017026952933520079,3758.3662719726562
0.12694999575614929,-0.025389999151229858,0.017038051038980484,3759.0677490234375
0.12700000405311584,-0.025399999693036079,0.017049151472747326,3759.7687377929688
0.1270499974489212,-0.0254100002348423,0.017060255631804466,3760.4691772460938
0.12710000574588776,-0.025420000776648521,0.01707136002369225,3761.169189453125
0.12714999914169312,-0.025429999455809593,0.017082468373700976,3761.8684692382812
0.12720000743865967,-0.025439999997615814,0.017093582544475794,3762.5668334960938
0.12725000083446503,-0.025450000539422035,0.017104699276387691,3763.2643432617188
0.12729999423027039,-0.025459999218583107,0.017115821829065681,3763.9613647460938
0.12735000252723694,-0.025469999760389328,0.017126946710050106,3764.6576538085938
0.1273999959230423,-0.025480000302195549,0.017138084163889289,3765.351806640625
0.12745000422000885,-0.02549000084400177,0.01714922790415585,3766.0447387695312
0.12749999761581421,-0.025499999523162842,0.017160376068204641,3766.7369384765625
0.12755000591278076,-0.025510000064969063,0.017171526327729225,3767.4287109375
0.12759999930858612,-0.025520000606775284,0.017182678915560246,3768.1200561523438
0.12764999270439148,-0.025529999285936356,0.017193829175084829,3768.8115234375
0.12770000100135803,-0.025539999827742577,0.017204979434609413,3769.5029907226562
0.12774999439716339,-0.025550000369548798,0.01721612922847271,3770.1944580078125
0.12780000269412994,-0.025560000911355019,0.017227279022336006,3770.8859252929688
0.1278499960899353,-0.02556999959051609,0.017238430446013808,3771.5771484375
0.12790000438690186,-0.025580000132322311,0.017249582102522254,3772.2678833007812
0.12794999778270721,-0.025590000674128532,0.017260739812627435,3772.957763671875
0.12800000607967377,-0.025599999353289604,0.017271909397095442,3773.645751953125
0.12804999947547913,-0.025609999895095825,0.017283092020079494,3774.3311157226562
0.12809999287128448,-0.025620000436902046,0.017294291639700532,3775.0134887695312
0.12815000116825104,-0.025629999116063118,0.017305502435192466,3775.6936645507812
0.1281999945640564,-0.025639999657869339,0.017316719517111778,3776.3726806640625
0.12825000286102295,-0.02565000019967556,0.017327936599031091,3777.0515747070312
0.12829999625682831,-0.025660000741481781,0.017339151119813323,3777.7310180664062
0.12835000455379486,-0.025669999420642853,0.017350363079458475,3778.4105834960938
0.12839999794960022,-0.025679999962449074,0.017361576901748776,3779.0896606445312
0.12845000624656677,-0.025690000504255295,0.017372798640280962,3779.767578125
0.12849999964237213,-0.025699999183416367,0.017384032951667905,3780.443359375
0.12854999303817749,-0.025709999725222588,0.017395280534401536,3781.1165161132812
0.12860000133514404,-0.025720000267028809,0.017406540922820568,3781.7872924804688
0.1286499947309494,-0.02573000080883503,0.017417807830497622,3782.45703125
0.12870000302791595,-0.025739999487996101,0.017429079161956906,3783.126220703125
0.12874999642372131,-0.025750000029802322,0.017440348165109754,3783.7952270507812
0.12880000472068787,-0.025760000571608543,0.017451616935431957,3784.4645385742188
0.12884999811649323,-0.025769999250769615,0.017462883377447724,3785.1341552734375
0.12890000641345978,-0.025779999792575836,0.017474151682108641,3785.8035888671875
0.12894999980926514,-0.025790000334382057,0.017485419986769557,3786.4725952148438
0.1289999932050705,-0.025800000876188278,0.017496692482382059,3787.1408081054688
0.12905000150203705,-0.02580999955534935,0.017507971031591296,3787.8084106445312
0.12909999489784241,-0.025820000097155571,0.017519252141937613,3788.4751586914062
0.12915000319480896,-0.025830000638961792,0.017530535347759724,3789.1416015625
0.12919999659061432,-0.025839999318122864,0.017541820416226983,3789.8074340820312
0.12925000488758087,-0.025849999859929085,0.017553111538290977,3790.4725341796875
0.12929999828338623,-0.025860000401735306,0.017564421519637108,3791.134033203125
0.12935000658035278,-0.025869999080896378,0.017575741978362203,3791.7933349609375
0.12939999997615814,-0.025879999622702599,0.01758708362467587,3792.4491577148438
0.1294499933719635,-0.02589000016450882,0.017598431557416916,3793.1039428710938
0.12950000166893005,-0.025900000706315041,0.017609781818464398,3793.7579345703125
0.12954999506473541,-0.025909999385476112,0.017621137667447329,3794.4110107421875
0.12960000336170197,-0.025919999927282333,0.017632495844736695,3795.063720703125
0.12964999675750732,-0.025930000469088554,0.017643856117501855,3795.7156982421875
0.12970000505447388,-0.025939999148249626,0.017655218252912164,3796.3674926757812
0.12974999845027924,-0.025949999690055847,0.017666580388322473,3797.0192260742188
0.12980000674724579,-0.025960000231862068,0.017677940428256989,3797.6710205078125
0.12985000014305115,-0.025970000773668289,0.017689302330836654,3798.3226928710938
0.12989999353885651,-0.025979999452829361,0.017700664000585675,3798.9743041992188
0.12995000183582306,-0.025989999994635582,0.017712027532979846,3799.6254272460938
0.12999999523162842,-0.026000000536441803,0.017723393393680453,3800.2762451171875
0.13005000352859497,-0.026009999215602875,0.017734765075147152,3800.9258422851562
0.13009999692440033,-0.026019999757409096,0.017746157944202423,3801.5717163085938
0.13015000522136688,-0.026030000299215317,0.017757575958967209,3802.2132568359375
0.13019999861717224,-0.026040000841021538,0.017769004683941603,3802.852783203125
0.13025000691413879,-0.02604999952018261,0.017780442023649812,3803.4908447265625
0.13030000030994415,-0.026060000061988831,0.017791883554309607,3804.1279907226562
0.13034999370574951,-0.026070000603795052,0.017803325084969401,3804.7648315429688
0.13040000200271606,-0.026079999282956123,0.017814766149967909,3805.4019775390625
0.13044999539852142,-0.026089999824762344,0.017826203024014831,3806.0396728515625
0.13050000369548798,-0.026100000366568565,0.017837639432400465,3806.6776123046875
0.13054999709129333,-0.026110000908374786,0.017849073512479663,3807.3155517578125
0.13060000538825989,-0.026119999587535858,0.017860513646155596,3807.9525146484375
0.13064999878406525,-0.026130000129342079,0.017871962394565344,3808.587890625
0.1307000070810318,-0.0261400006711483,0.017883421387523413,3809.2214965820312
0.13075000047683716,-0.026149999350309372,0.017894889460876584,3809.8533325195312
0.13079999387264252,-0.026159999892115593,0.017906365683302283,3810.4837646484375
0.13085000216960907,-0.026170000433921814,0.017917846096679568,3811.1134033203125
0.13089999556541443,-0.026179999113082886,0.017929326742887497,3811.7428588867188
0.13095000386238098,-0.026189999654889107,0.017940806923434138,3812.3720703125
0.13099999725818634,-0.026200000196695328,0.017952292924746871,3813.0006103515625
0.13105000555515289,-0.026210000738501549,0.017963787540793419,3813.6277465820312
0.13109999895095825,-0.026219999417662621,0.017975292634218931,3814.2528076171875
0.1311500072479248,-0.026229999959468842,0.017986806808039546,3814.8760986328125
0.13120000064373016,-0.026240000501275063,0.017998329596593976,3815.4982299804688
0.13124999403953552,-0.026249999180436134,0.018009856343269348,3816.119384765625
0.13130000233650208,-0.026259999722242355,0.018021387280896306,3816.7396240234375
0.13134999573230743,-0.026270000264048576,0.018032924039289355,3817.3587646484375
0.13140000402927399,-0.026280000805854797,0.018044475000351667,3817.9754638671875
0.13144999742507935,-0.026289999485015869,0.01805602852255106,3818.5912475585938
0.1315000057220459,-0.02630000002682209,0.018067585770040751,3819.2067260742188
0.13154999911785126,-0.026310000568628311,0.018079143017530441,3819.8217163085938
0.13160000741481781,-0.026319999247789383,0.018090704455971718,3820.43603515625
0.13165000081062317,-0.026329999789595604,0.018102269852533937,3821.0496826171875
0.13169999420642853,-0.026340000331401825,0.018113841535523534,3821.6622924804688
0.13175000250339508,-0.026350000873208046,0.018125417642295361,3822.27392578125
0.13179999589920044,-0.026359999552369118,0.018136999802663922,3822.8848876953125
0.13185000419616699,-0.026370000094175339,0.018148584291338921,3823.4951171875
0.13189999759197235,-0.02638000063598156,0.018160170642659068,3824.10498046875
0.1319500058889389,-0.026389999315142632,0.018171758856624365,3824.7145385742188
0.13199999928474426,-0.026399999856948853,0.018183345207944512,3825.32421875
0.13204999268054962,-0.026410000398755074,0.018194933421909809,3825.9335327148438
0.13210000097751617,-0.026419999077916145,0.018206525361165404,3826.5424194335938
0.13214999437332153,-0.026429999619722366,0.018218119628727436,3827.1506958007812
0.13220000267028809,-0.026440000161528587,0.01822972041554749,3827.7578735351562
0.13224999606609344,-0.026450000703334808,0.018241325626149774,3828.3639526367188
0.13230000436306,-0.02645999938249588,0.018252939451485872,3828.9688110351562
0.13234999775886536,-0.026469999924302101,0.018264565616846085,3829.5713500976562
0.13240000605583191,-0.026480000466108322,0.018276210641488433,3830.1705932617188
0.13244999945163727,-0.026489999145269394,0.018287872895598412,3830.7667236328125
0.13249999284744263,-0.026499999687075615,0.018299551913514733,3831.3599243164062
0.13255000114440918,-0.026510000228881836,0.018311241408810019,3831.9509887695312
0.13259999454021454,-0.026520000770688057,0.018322935327887535,3832.5410766601562
0.13265000283718109,-0.026529999449849129,0.018334632506594062,3833.1306762695312
0.13269999623298645,-0.02653999999165535,0.018346327589824796,3833.7200317382812
0.132750004529953,-0.026550000533461571,0.018358028028160334,3834.3087158203125
0.13279999792575836,-0.026559999212622643,0.01836974686011672,3834.8943481445312
0.13285000622272491,-0.026569999754428864,0.01838147290982306,3835.4780883789062
0.13289999961853027,-0.026580000296235085,0.018393209204077721,3836.0606079101562
0.13294999301433563,-0.026590000838041306,0.018404946429654956,3836.6423950195312
0.13300000131130219,-0.026599999517202377,0.018416687613353133,3837.223876953125
0.13304999470710754,-0.026610000059008598,0.018428426701575518,3837.805419921875
0.1331000030040741,-0.026620000600814819,0.018440165324136615,3838.3872680664062
0.13314999639987946,-0.026629999279975891,0.018451902084052563,3838.96923828125
0.13320000469684601,-0.026639999821782112,0.01846363628283143,3839.5513916015625
0.13324999809265137,-0.026650000363588333,0.018475372344255447,3840.1334838867188
0.13330000638961792,-0.026660000905394554,0.018487110501155257,3840.7150268554688
0.13334999978542328,-0.026669999584555626,0.018498850520700216,3841.2962036132812
0.13339999318122864,-0.026680000126361847,0.018510592635720968,3841.8768920898438
0.13345000147819519,-0.026690000668168068,0.018522338708862662,3842.4568481445312
0.13349999487400055,-0.02669999934732914,0.018534086877480149,3843.0362548828125
0.1335500031709671,-0.026709999889135361,0.018545837141573429,3843.615234375
0.13359999656677246,-0.026720000430941582,0.018557591596618295,3844.1935424804688
0.13365000486373901,-0.026729999110102654,0.01856934791430831,3844.771240234375
0.13369999825954437,-0.026739999651908875,0.018581112613901496,3845.3472900390625
0.13375000655651093,-0.026750000193715096,0.018592887325212359,3845.9219360351562
0.13379999995231628,-0.026760000735521317,0.01860467717051506,3846.4932861328125
0.13384999334812164,-0.026769999414682388,0.018616475164890289,3847.0634765625
0.1339000016450882,-0.026779999956488609,0.01862827967852354,3847.6325073242188
0.13394999504089355,-0.02679000049829483,0.018640092108398676,3848.2001953125
0.13400000333786011,-0.026799999177455902,0.018651908962056041,3848.7667236328125
0.13404999673366547,-0.026809999719262123,0.018663734197616577,3849.3320922851562
0.13410000503063202,-0.026820000261068344,0.018675563391298056,3849.8965454101562
0.13414999842643738,-0.026830000802874565,0.018687398871406913,3850.4597778320312
0.13420000672340393,-0.026839999482035637,0.018699238542467356,3851.02197265625
0.13425000011920929,-0.026850000023841858,0.018711086362600327,3851.5830688476562
0.13429999351501465,-0.026860000565648079,0.018722938140854239,3852.1432495117188
0.1343500018119812,-0.026869999244809151,0.018734792014583945,3852.7029418945312
0.13439999520778656,-0.026879999786615372,0.018746646121144295,3853.262451171875
0.13445000350475311,-0.026890000328421593,0.018758501624688506,3853.8218994140625
0.13449999690055847,-0.026900000870227814,0.018770355265587568,3854.3812866210938
0.13455000519752502,-0.026909999549388885,0.018782208673655987,3854.9407958984375
0.13459999859333038,-0.026920000091195107,0.018794062081724405,3855.5
0.13465000689029694,-0.026930000633001328,0.018805919215083122,3856.0590209960938
0.13470000028610229,-0.026939999312162399,0.018817776814103127,3856.617431640625
0.13474999368190765,-0.02694999985396862,0.01882963627576828,3857.1754760742188
0.13480000197887421,-0.026960000395774841,0.018841499695554376,3857.73291015625
0.13484999537467957,-0.026969999074935913,0.01885336940176785,3858.2891235351562
0.13490000367164612,-0.026979999616742134,0.018865250982344151,3858.8433837890625
0.13494999706745148,-0.026990000158548355,0.018877143505960703,3859.3956909179688
0.13500000536441803,-0.027000000700354576,0.01888904650695622,3859.9456787109375
0.13504999876022339,-0.027009999379515648,0.018900959985330701,3860.4938354492188
0.13510000705718994,-0.027019999921321869,0.018912890460342169,3861.0388793945312
0.1351500004529953,-0.02703000046312809,0.018924824893474579,3861.5830688476562
0.13519999384880066,-0.027039999142289162,0.018936773529276252,3862.1250610351562
0.13525000214576721,-0.027049999684095383,0.018948726821690798,3862.6660766601562
0.13529999554157257,-0.027060000225901604,0.01896068430505693,3863.2060546875
0.13535000383853912,-0.027070000767707825,0.018972647842019796,3863.7454223632812
0.13539999723434448,-0.027079999446868896,0.018984612077474594,3864.2842407226562
0.13545000553131104,-0.027089999988675117,0.01899658003821969,3864.8228759765625
0.13549999892711639,-0.027100000530481339,0.019008547998964787,3865.3612060546875
0.13555000722408295,-0.02710999920964241,0.019020518055185676,3865.8993530273438
0.13560000061988831,-0.027119999751448631,0.019032487878575921,3866.4373168945312
0.13564999401569366,-0.027130000293254852,0.019044459564611316,3866.9749145507812
0.13570000231266022,-0.027140000835061073,0.01905643311329186,3867.5120849609375
0.13574999570846558,-0.027149999514222145,0.019068410852923989,3868.04833984375
0.13580000400543213,-0.027160000056028366,0.019080398371443152,3868.5830078125
0.13584999740123749,-0.027170000597834587,0.019092394504696131,3869.11572265625
0.13590000569820404,-0.027179999276995659,0.019104401115328074,3869.6468505859375
0.1359499990940094,-0.02718999981880188,0.019116414245218039,3870.1765747070312
0.13600000739097595,-0.027200000360608101,0.019128431333228946,3870.7055053710938
0.13605000078678131,-0.027210000902414322,0.01914044888690114,3871.2342529296875
0.13609999418258667,-0.027219999581575394,0.01915246807038784,3871.7626953125
0.13615000247955322,-0.027230000123381615,0.01916448911651969,3872.2906494140625
0.13619999587535858,-0.027240000665187836,0.019176518311724067,3872.8175048828125
0.13625000417232513,-0.027249999344348907,0.019188554026186466,3873.3430786132812
0.13629999756813049,-0.027259999886155128,0.019200598122552037,3873.8671875
0.13635000586509705,-0.027270000427961349,0.019212659215554595,3874.3881225585938
0.1363999992609024,-0.027279999107122421,0.019224730553105474,3874.9073486328125
0.13644999265670776,-0.027289999648928642,0.019236814463511109,3875.42431640625
0.13650000095367432,-0.027300000190734863,0.019248912809416652,3875.9386596679688
0.13654999434947968,-0.027310000732541084,0.019261021632701159,3876.4507446289062
0.13660000264644623,-0.027319999411702156,0.019273139070719481,3876.96142578125
0.13664999604225159,-0.027329999953508377,0.019285262562334538,3877.470947265625
0.13670000433921814,-0.027340000495314598,0.019297393970191479,3877.9788208007812
0.1367499977350235,-0.02734999917447567,0.019309529569000006,3878.4859008789062
0.13680000603199005,-0.027359999716281891,0.019321667030453682,3878.99267578125
0.13684999942779541,-0.027370000258088112,0.019333806587383151,3879.4989013671875
0.13689999282360077,-0.027380000799894333,0.019345948239788413,3880.0045776367188
0.13695000112056732,-0.027389999479055405,0.019358095712959766,3880.5094604492188
0.13699999451637268,-0.027400000020861626,0.019370247609913349,3881.0136108398438
0.13705000281333923,-0.027410000562667847,0.019382403464987874,3881.5169067382812
0.13709999620914459,-0.027419999241828918,0.019394561648368835,3882.019775390625
0.13715000450611115,-0.027429999783635139,0.019406719831749797,3882.5222778320312
0.1371999979019165,-0.02744000032544136,0.019418879644945264,3883.0247192382812
0.13725000619888306,-0.027450000867247581,0.019431041553616524,3883.5266723632812
0.13729999959468842,-0.027459999546408653,0.019443203462287784,3884.0283813476562
0.13734999299049377,-0.027470000088214874,0.019455367233604193,3884.5298461914062
0.13740000128746033,-0.027480000630021095,0.019467531237751245,3885.0308837890625
0.13744999468326569,-0.027489999309182167,0.019479698967188597,3885.531494140625
0.13750000298023224,-0.027499999850988388,0.019491866929456592,3886.0318603515625
0.1375499963760376,-0.027510000392794609,0.019504038849845529,3886.53173828125
0.13760000467300415,-0.027519999071955681,0.019516211003065109,3887.031005859375
0.13764999806880951,-0.027529999613761902,0.019528387114405632,3887.52978515625
0.13770000636577606,-0.027540000155568123,0.019540567183867097,3888.0279541015625
0.13774999976158142,-0.027550000697374344,0.01955275353975594,3888.5250244140625
0.13779999315738678,-0.027559999376535416,0.019564948277547956,3889.020751953125
0.13785000145435333,-0.027569999918341637,0.019577151397243142,3889.5147705078125
0.13789999485015869,-0.027580000460147858,0.019589361036196351,3890.0075073242188
0.13795000314712524,-0.027589999139308929,0.019601577427238226,3890.4990844726562
0.1379999965429306,-0.02759999968111515,0.019613799871876836,3890.98974609375
0.13805000483989716,-0.027610000222921371,0.019626024644821882,3891.4797973632812
0.13809999823570251,-0.027620000764727592,0.019638251280412078,3891.96923828125
0.13815000653266907,-0.027629999443888664,0.019650483969599009,3892.457763671875
0.13819999992847443,-0.027639999985694885,0.019662724575027823,3892.9449462890625
0.13824999332427979,-0.027650000527501106,0.01967497356235981,3893.4303588867188
0.13830000162124634,-0.027659999206662178,0.019687230931594968,3893.914306640625
0.1383499950170517,-0.027669999748468399,0.019699496682733297,3894.3968505859375
0.13840000331401825,-0.02768000029027462,0.019711768487468362,3894.8782958984375
0.13844999670982361,-0.027690000832080841,0.019724048441275954,3895.3580932617188
0.13850000500679016,-0.027699999511241913,0.01973634073510766,3895.835693359375
0.13854999840259552,-0.027710000053048134,0.01974864536896348,3896.31103515625
0.13860000669956207,-0.027720000594854355,0.019760964903980494,3896.78369140625
0.13865000009536743,-0.027729999274015427,0.019773290958255529,3897.2547607421875
0.13869999349117279,-0.027739999815821648,0.0197856230661273,3897.724853515625
0.13875000178813934,-0.027750000357627869,0.019797953311353922,3898.1951293945312
0.1387999951839447,-0.02776000089943409,0.01981028076261282,3898.6658935546875
0.13885000348091125,-0.027769999578595161,0.019822603790089488,3899.1372680664062
0.13889999687671661,-0.027780000120401382,0.019834922626614571,3899.6092529296875
0.13895000517368317,-0.027790000662207603,0.019847240997478366,3900.0814819335938
0.13899999856948853,-0.027799999341368675,0.019859561463817954,3900.5532836914062
0.13905000686645508,-0.027809999883174896,0.01987189007923007,3901.0237426757812
0.13910000026226044,-0.027820000424981117,0.019884229172021151,3901.4920654296875
0.1391499936580658,-0.027829999104142189,0.019896581070497632,3901.9583129882812
0.13920000195503235,-0.02783999964594841,0.019908943446353078,3902.4227294921875
0.13924999535083771,-0.027850000187754631,0.019921310245990753,3902.88623046875
0.13930000364780426,-0.027860000729560852,0.019933678908273578,3903.3491821289062
0.13934999704360962,-0.027869999408721924,0.019946047337725759,3903.8119506835938
0.13940000534057617,-0.027879999950528145,0.019958421355113387,3904.2738037109375
0.13944999873638153,-0.027890000492334366,0.019970799563452601,3904.7346801757812
0.13950000703334808,-0.027899999171495438,0.019983184058219194,3905.1943969726562
0.13955000042915344,-0.027909999713301659,0.019995574839413166,3905.6531372070312
0.1395999938249588,-0.02792000025510788,0.020007971907034516,3906.1106567382812
0.13965000212192535,-0.027930000796914101,0.02002038131467998,3906.5659790039062
0.13969999551773071,-0.027939999476075172,0.020032797008752823,3907.0199584960938
0.13975000381469727,-0.027950000017881393,0.020045220851898193,3907.472412109375
0.13979999721050262,-0.027960000559687614,0.020057652844116092,3907.9236450195312
0.13985000550746918,-0.027969999238848686,0.02007009950466454,3908.3718872070312
0.13989999890327454,-0.027979999780654907,0.020082552684471011,3908.8189086914062
0.13995000720024109,-0.027990000322461128,0.020095011685043573,3909.2649536132812
0.14000000059604645,-0.028000000864267349,0.020107474876567721,3909.7100219726562
0.14004999399185181,-0.028009999543428421,0.020119944121688604,3910.154296875
0.14010000228881836,-0.028020000085234642,0.02013241988606751,3910.5974731445312
0.14014999568462372,-0.028030000627040863,0.02014490170404315,3911.0396728515625
0.14020000398159027,-0.028039999306201935,0.020157390274107456,3911.48046875
0.14024999737739563,-0.028049999848008156,0.020169889321550727,3911.919677734375
0.14030000567436218,-0.028060000389814377,0.020182396750897169,3912.357421875
0.14034999907016754,-0.028069999068975449,0.020194910932332277,3912.7938842773438
0.14040000736713409,-0.02807999961078167,0.020207430934533477,3913.229248046875
0.14045000076293945,-0.028090000152587891,0.020219953032210469,3913.6639404296875
0.14049999415874481,-0.028100000694394112,0.02023247885517776,3914.0983276367188
0.14055000245571136,-0.028109999373555183,0.020245006307959557,3914.531982421875
0.14059999585151672,-0.028119999915361404,0.020257537951692939,3914.9647827148438
0.14065000414848328,-0.028130000457167625,0.020270075416192412,3915.3969116210938
0.14069999754428864,-0.028139999136328697,0.020282615441828966,3915.828125
0.14075000584125519,-0.028149999678134918,0.020295159891247749,3916.2584228515625
0.14079999923706055,-0.028160000219941139,0.020307708764448762,3916.6881713867188
0.14084999263286591,-0.02817000076174736,0.020320262061432004,3917.1171875
0.14090000092983246,-0.028179999440908432,0.020332819316536188,3917.545654296875
0.14094999432563782,-0.028189999982714653,0.020345380995422602,3917.9730834960938
0.14100000262260437,-0.028200000524520874,0.020357950823381543,3918.3990478515625
0.14104999601840973,-0.028209999203681946,0.020370532525703311,3918.8231201171875
0.14110000431537628,-0.028219999745488167,0.020383126568049192,3919.2445678710938
0.14114999771118164,-0.028230000287294388,0.020395749947056174,3919.6611328125
0.14120000600814819,-0.028240000829100609,0.020408381707966328,3920.0757446289062
0.14124999940395355,-0.028249999508261681,0.020421017659828067,3920.4894409179688
0.14129999279975891,-0.028260000050067902,0.020433657802641392,3920.9025268554688
0.14135000109672546,-0.028270000591874123,0.02044631214812398,3921.3131103515625
0.14139999449253082,-0.028279999271035194,0.020458977203816175,3921.7220458984375
0.14145000278949738,-0.028289999812841415,0.02047164854593575,3922.1295166015625
0.14149999618530273,-0.028300000354647636,0.020484326407313347,3922.5357055664062
0.14155000448226929,-0.028310000896453857,0.020497008459642529,3922.94140625
0.14159999787807465,-0.028319999575614929,0.020509690046310425,3923.3469848632812
0.1416500061750412,-0.02833000011742115,0.020522369537502527,3923.752685546875
0.14169999957084656,-0.028340000659227371,0.020535046700388193,3924.15869140625
0.14174999296665192,-0.028349999338388443,0.020547721534967422,3924.5650634765625
0.14180000126361847,-0.028359999880194664,0.020560395903885365,3924.9715576171875
0.14184999465942383,-0.028370000422000885,0.020573070272803307,3925.3779296875
0.14190000295639038,-0.028379999101161957,0.020585746737197042,3925.7838134765625
0.14194999635219574,-0.028389999642968178,0.020598427159711719,3926.189208984375
0.14200000464916229,-0.028400000184774399,0.020611109910532832,3926.5936279296875
0.14204999804496765,-0.02841000072658062,0.02062380057759583,3926.9969482421875
0.1421000063419342,-0.028419999405741692,0.020636501489207149,3927.3984985351562
0.14214999973773956,-0.028429999947547913,0.020649211015552282,3927.7980346679688
0.14219999313354492,-0.028440000489354134,0.02066193288192153,3928.1954345703125
0.14225000143051147,-0.028449999168515205,0.020674663130193949,3928.5914306640625
0.14229999482631683,-0.028459999710321426,0.020687397802248597,3928.9864501953125
0.14235000312328339,-0.028470000252127647,0.020700134104117751,3929.3812866210938
0.14239999651908875,-0.028480000793933868,0.020712868310511112,3929.7760620117188
0.1424500048160553,-0.02848999947309494,0.020725602051243186,3930.1710815429688
0.14249999821186066,-0.028500000014901161,0.02073833579197526,3930.5654907226562
0.14255000650882721,-0.028510000556707382,0.020751077448949218,3930.9591064453125
0.14259999990463257,-0.028519999235868454,0.020763831445947289,3931.3505859375
0.14264999330043793,-0.028529999777674675,0.020776604069396853,3931.7388916015625
0.14270000159740448,-0.028540000319480896,0.020789418602362275,3932.1194458007812
0.14274999499320984,-0.028550000861287117,0.020802248269319534,3932.4971313476562
0.14280000329017639,-0.028559999540448189,0.020815090741962194,3932.8727416992188
0.14284999668598175,-0.02857000008225441,0.020827935310080647,3933.247802734375
0.1429000049829483,-0.028580000624060631,0.020840779412537813,3933.6229248046875
0.14294999837875366,-0.028589999303221703,0.0208536172285676,3933.9988403320312
0.14300000667572021,-0.028599999845027924,0.020866448292508721,3934.375732421875
0.14305000007152557,-0.028610000386834145,0.020879276795312762,3934.7535400390625
0.14309999346733093,-0.028620000928640366,0.020892101107165217,3935.1316528320312
0.14315000176429749,-0.028629999607801437,0.020904927281662822,3935.5096435546875
0.14319999516010284,-0.028640000149607658,0.020917755551636219,3935.8871459960938
0.1432500034570694,-0.028650000691413879,0.020930589875206351,3936.2634887695312
0.14329999685287476,-0.028659999370574951,0.020943434676155448,3936.637939453125
0.14335000514984131,-0.028669999912381172,0.020956289954483509,3937.0103759765625
0.14339999854564667,-0.028680000454187393,0.020969157572835684,3937.380859375
0.14345000684261322,-0.028689999133348465,0.020982031710445881,3937.749755859375
0.14350000023841858,-0.028699999675154686,0.020994911901652813,3938.1178588867188
0.14354999363422394,-0.028710000216960907,0.021007794421166182,3938.4851684570312
0.14360000193119049,-0.028720000758767128,0.021020678570494056,3938.8524169921875
0.14364999532699585,-0.0287299994379282,0.021033560624346137,3939.2196044921875
0.1437000036239624,-0.028739999979734421,0.021046450128778815,3939.5855712890625
0.14374999701976776,-0.028750000521540642,0.021059356164187193,3939.9484252929688
0.14380000531673431,-0.028759999200701714,0.021072274539619684,3940.309326171875
0.14384999871253967,-0.028769999742507935,0.021085201529785991,3940.6683349609375
0.14390000700950623,-0.028780000284314156,0.02109813503921032,3941.0259399414062
0.14395000040531158,-0.028790000826120377,0.021111074602231383,3941.3825073242188
0.14399999380111694,-0.028799999505281448,0.02112401626072824,3941.7387084960938
0.1440500020980835,-0.028810000047087669,0.02113695559091866,3942.0951538085938
0.14409999549388885,-0.02882000058889389,0.021149892825633287,3942.4519653320312
0.14415000379085541,-0.028829999268054962,0.021162829594686627,3942.8090209960938
0.14419999718666077,-0.028839999809861183,0.021175766130909324,3943.1656494140625
0.14425000548362732,-0.028850000351667404,0.021188704995438457,3943.5220947265625
0.14429999887943268,-0.028860000893473625,0.021201655734330416,3943.87646484375
0.14435000717639923,-0.028869999572634697,0.021214623469859362,3944.2278442382812
0.14440000057220459,-0.028880000114440918,0.021227599354460835,3944.5775756835938
0.14444999396800995,-0.028890000656247139,0.021240581758320332,3944.9259033203125
0.1445000022649765,-0.028899999335408211,0.021253570215776563,3945.27294921875
0.14454999566078186,-0.028909999877214432,0.021266566589474678,3945.618896484375
0.14460000395774841,-0.028920000419020653,0.02127956529147923,3945.9640502929688
0.14464999735355377,-0.028929999098181725,0.021292570047080517,3946.3082275390625
0.14470000565052032,-0.028939999639987946,0.021305580623447895,3946.6513061523438
0.14474999904632568,-0.028950000181794167,0.021318603772670031,3946.991943359375
0.14480000734329224,-0.028960000723600388,0.02133163926191628,3947.3306884765625
0.1448500007390976,-0.028969999402761459,0.021344687091186643,3947.6671142578125
0.14489999413490295,-0.02897999994456768,0.021357747493311763,3948.0016479492188
0.14495000243186951,-0.028990000486373901,0.021370814647525549,3948.3342895507812
0.14499999582767487,-0.028999999165534973,0.02138388785533607,3948.666015625
0.14505000412464142,-0.029009999707341194,0.02139696292579174,3948.9976196289062
0.14509999752044678,-0.029020000249147415,0.021410034038126469,3949.329345703125
0.14515000581741333,-0.029030000790953636,0.021423104451969266,3949.6612548828125
0.14519999921321869,-0.029039999470114708,0.02143617277033627,3949.99365234375
0.14524999260902405,-0.029050000011920929,0.021449240855872631,3950.3258666992188
0.1453000009059906,-0.02906000055372715,0.021462309174239635,3950.6580810546875
0.14534999430179596,-0.029069999232888222,0.021475379355251789,3950.9898681640625
0.14540000259876251,-0.029079999774694443,0.021488451864570379,3951.3211059570312
0.14544999599456787,-0.029090000316500664,0.021501528332009912,3951.6517333984375
0.14550000429153442,-0.029100000858306885,0.02151460899040103,3951.9817504882812
0.14554999768733978,-0.029109999537467957,0.021527691744267941,3952.3110961914062
0.14560000598430634,-0.029120000079274178,0.02154077822342515,3952.6399536132812
0.14564999938011169,-0.029130000621080399,0.021553866798058152,3952.9677734375
0.14569999277591705,-0.02913999930024147,0.021566963288933039,3953.2945556640625
0.14575000107288361,-0.029149999842047691,0.021580069791525602,3953.61962890625
0.14579999446868896,-0.029160000383853912,0.021593195153400302,3953.9410400390625
0.14585000276565552,-0.029170000925660133,0.021606329130008817,3954.2609252929688
0.14589999616146088,-0.029179999604821205,0.021619469160214067,3954.5797729492188
0.14595000445842743,-0.029190000146627426,0.021632613381370902,3954.897705078125
0.14599999785423279,-0.029200000688433647,0.021645759698003531,3955.2153930664062
0.14605000615119934,-0.029209999367594719,0.021658905781805515,3955.5327758789062
0.1460999995470047,-0.02921999990940094,0.021672053728252649,3955.849853515625
0.14614999294281006,-0.029230000451207161,0.021685203770175576,3956.1668090820312
0.14620000123977661,-0.029239999130368233,0.021698355674743652,3956.4829711914062
0.14624999463558197,-0.029249999672174454,0.021711517358198762,3956.7979125976562
0.14630000293254852,-0.029260000213980675,0.021724695339798927,3957.1097412109375
0.14634999632835388,-0.029270000755786896,0.021737894043326378,3957.4176025390625
0.14640000462532043,-0.029279999434947968,0.021751113701611757,3957.7217407226562
0.14644999802112579,-0.029289999976754189,0.021764350356534123,3958.0227661132812
0.14650000631809235,-0.02930000051856041,0.021777591668069363,3958.3225708007812
0.14654999971389771,-0.029309999197721481,0.021790834842249751,3958.622314453125
0.14659999310970306,-0.029319999739527702,0.021804071264341474,3958.9226684570312
0.14665000140666962,-0.029330000281333923,0.021817299304530025,3959.2244262695312
0.14669999480247498,-0.029340000823140144,0.021830524550750852,3959.5271606445312
0.14675000309944153,-0.029349999502301216,0.021843745373189449,3959.8303833007812
0.14679999649524689,-0.029360000044107437,0.021856966195628047,3960.1336059570312
0.14685000479221344,-0.029370000585913658,0.021870189346373081,3960.4364624023438
0.1468999981880188,-0.02937999926507473,0.021883416455239058,3960.7384033203125
0.14695000648498535,-0.029389999806880951,0.021896662190556526,3961.037353515625
0.14699999988079071,-0.029400000348687172,0.021909914445132017,3961.3346557617188
0.14704999327659607,-0.029410000890493393,0.021923176711425185,3961.6305541992188
0.14710000157356262,-0.029419999569654465,0.021936443401500583,3961.92529296875
0.14714999496936798,-0.029430000111460686,0.021949714049696922,3962.2194213867188
0.14720000326633453,-0.029440000653266907,0.021962984930723906,3962.512939453125
0.14724999666213989,-0.029449999332427979,0.021976259304210544,3962.8062744140625
0.14730000495910645,-0.0294599998742342,0.021989533677697182,3963.0992431640625
0.1473499983549118,-0.029470000416040421,0.022002812009304762,3963.3916015625
0.14740000665187836,-0.029479999095201492,0.022016096161678433,3963.6827392578125
0.14745000004768372,-0.029489999637007713,0.022029386833310127,3963.9728393554688
0.14749999344348907,-0.029500000178813934,0.022042687516659498,3964.2609252929688
0.14755000174045563,-0.029510000720620155,0.02205601311288774,3964.544677734375
0.14759999513626099,-0.029519999399781227,0.022069355007261038,3964.8255615234375
0.14765000343322754,-0.029529999941587448,0.022082709474489093,3965.1040649414062
0.1476999968290329,-0.029540000483393669,0.022096076514571905,3965.38037109375
0.14775000512599945,-0.029549999162554741,0.022109451936557889,3965.6552124023438
0.14779999852180481,-0.029559999704360962,0.022122831549495459,3965.9288940429688
0.14785000681877136,-0.029570000246167183,0.022136220941320062,3966.2012329101562
0.14790000021457672,-0.029580000787973404,0.022149618715047836,3966.471923828125
0.14794999361038208,-0.029589999467134476,0.022163023008033633,3966.7411499023438
0.14800000190734863,-0.029600000008940697,0.0221764394082129,3967.0086669921875
0.14804999530315399,-0.029610000550746918,0.022189874667674303,3967.2726440429688
0.14810000360012054,-0.02961999922990799,0.022203316213563085,3967.5350341796875
0.1481499969959259,-0.029629999771714211,0.022216764045879245,3967.7965087890625
0.14820000529289246,-0.029640000313520432,0.022230215603485703,3968.0573120117188
0.14824999868869781,-0.029650000855326653,0.022243669256567955,3968.317626953125
0.14830000698566437,-0.029659999534487724,0.022257122676819563,3968.5776977539062
0.14835000038146973,-0.029670000076293945,0.022270580055192113,3968.8375244140625
0.14839999377727509,-0.029680000618100166,0.022284037433564663,3969.0968627929688
0.14845000207424164,-0.029689999297261238,0.022297498537227511,3969.3557739257812
0.148499995470047,-0.029699999839067459,0.022310963599011302,3969.614013671875
0.14855000376701355,-0.02971000038087368,0.022324430989101529,3969.8714599609375
0.14859999716281891,-0.029720000922679901,0.022337904432788491,3970.1279907226562
0.14865000545978546,-0.029729999601840973,0.022351382300257683,3970.383544921875
0.14869999885559082,-0.029740000143647194,0.022364870179444551,3970.6378173828125
0.14875000715255737,-0.029750000685453415,0.02237836248241365,3970.8908081054688
0.14880000054836273,-0.029759999364614487,0.022391863167285919,3971.1425170898438
0.14884999394416809,-0.029769999906420708,0.022405366180464625,3971.3936157226562
0.14890000224113464,-0.029780000448226929,0.02241887291893363,3971.6439208984375
0.14894999563694,-0.029789999127388,0.022432379657402635,3971.8942260742188
0.14900000393390656,-0.029799999669194221,0.022445886395871639,3972.1443481445312
0.14904999732971191,-0.029810000211000443,0.022459394531324506,3972.3941650390625
0.14910000562667847,-0.029820000752806664,0.022472902899608016,3972.6439208984375
0.14914999902248383,-0.029829999431967735,0.022486412897706032,3972.8931274414062
0.14920000731945038,-0.029839999973773956,0.02249992499127984,3973.1421508789062
0.14925000071525574,-0.029850000515580177,0.022513438947498798,3973.3906860351562
0.1492999941110611,-0.029859999194741249,0.022526956861838698,3973.6388549804688
0.14935000240802765,-0.02986999973654747,0.022540475009009242,3973.8862915039062
0.14939999580383301,-0.029880000278353691,0.022554002935066819,3974.1324462890625
0.14945000410079956,-0.029890000820159912,0.022567553678527474,3974.3743286132812
0.14949999749660492,-0.029899999499320984,0.022581115132197738,3974.6143798828125
0.14955000579357147,-0.029910000041127205,0.022594687063246965,3974.8526000976562
0.14959999918937683,-0.029920000582933426,0.022608263185247779,3975.0897827148438
0.14964999258518219,-0.029929999262094498,0.022621843265369534,3975.3265380859375
0.14970000088214874,-0.029939999803900719,0.022635439177975059,3975.5601196289062
0.1497499942779541,-0.02995000034570694,0.022649041377007961,3975.7926635742188
0.14980000257492065,-0.029960000887513161,0.022662649629637599,3976.023681640625
0.14984999597072601,-0.029969999566674232,0.022676290711387992,3976.2492065429688
0.14990000426769257,-0.029980000108480453,0.022689942037686706,3976.4730224609375
0.14994999766349792,-0.029990000650286674,0.022703598020598292,3976.6953125
0.15000000596046448,-0.029999999329447746,0.022717261919751763,3976.9165649414062
0.15004999935626984,-0.030009999871253967,0.022730926051735878,3977.1373291015625
0.1500999927520752,-0.030020000413060188,0.022744591813534498,3977.3579711914062
0.15015000104904175,-0.03002999909222126,0.022758257575333118,3977.57861328125
0.15019999444484711,-0.030039999634027481,0.022771921008825302,3977.7992553710938
0.15025000274181366,-0.030050000175833702,0.022785586537793279,3978.0198974609375
0.15029999613761902,-0.030060000717639923,0.022799253696575761,3978.2400512695312
0.15035000443458557,-0.030069999396800995,0.022812926908954978,3978.4594116210938
0.15039999783039093,-0.030079999938607216,0.022826610133051872,3978.6768188476562
0.15045000612735748,-0.030090000480413437,0.022840307792648673,3978.8917236328125
0.15049999952316284,-0.030099999159574509,0.022854018257930875,3979.1040649414062
0.1505499929189682,-0.03010999970138073,0.022867737337946892,3979.3145141601562
0.15060000121593475,-0.030120000243186951,0.022881460376083851,3979.5240478515625
0.15064999461174011,-0.030130000784993172,0.022895187139511108,3979.733154296875
0.15070000290870667,-0.030139999464154243,0.022908915765583515,3979.9418334960938
0.15074999630451202,-0.030150000005960464,0.022922646021470428,3980.150146484375
0.15080000460147858,-0.030160000547766685,0.022936384193599224,3980.3570556640625
0.15084999799728394,-0.030169999226927757,0.022950134705752134,3980.5619506835938
0.15090000629425049,-0.030179999768733978,0.022963912459090352,3980.7616577148438
0.15094999969005585,-0.030190000310540199,0.022977717453613877,3980.9568481445312
0.15099999308586121,-0.03020000085234642,0.022991531062871218,3981.1503295898438
0.15105000138282776,-0.030209999531507492,0.023005350725725293,3981.3425903320312
0.15109999477863312,-0.030220000073313713,0.023019174579530954,3981.5342407226562
0.15115000307559967,-0.030230000615119934,0.023032999830320477,3981.7255249023438
0.15119999647140503,-0.030239999294281006,0.023046827176585793,3981.91650390625
0.15125000476837158,-0.030249999836087227,0.023060656385496259,3982.1069946289062
0.15129999816417694,-0.030260000377893448,0.023074487457051873,3982.296875
0.15135000646114349,-0.030270000919699669,0.023088322719559073,3982.4864501953125
0.15139999985694885,-0.030279999598860741,0.023102160077542067,3982.6754760742188
0.15144999325275421,-0.030290000140666962,0.023115999298170209,3982.8640747070312
0.15150000154972076,-0.030300000682473183,0.023129840614274144,3983.0521850585938
0.15154999494552612,-0.030309999361634254,0.023143683793023229,3983.239990234375
0.15160000324249268,-0.030319999903440475,0.023157528834417462,3983.4273071289062
0.15164999663829803,-0.030330000445246696,0.023171375971287489,3983.6141357421875
0.15170000493526459,-0.030339999124407768,0.023185222875326872,3983.80078125
0.15174999833106995,-0.030349999666213989,0.023199075600132346,3983.9866943359375
0.1518000066280365,-0.03036000020802021,0.023212930653244257,3984.1719360351562
0.15185000002384186,-0.030370000749826431,0.023226787569001317,3984.356689453125
0.15189999341964722,-0.030379999428987503,0.02324064658023417,3984.5409545898438
0.15195000171661377,-0.030389999970793724,0.023254509549587965,3984.7244873046875
0.15199999511241913,-0.030400000512599945,0.023268376477062702,3984.9076538085938
0.15205000340938568,-0.030409999191761017,0.023282243637368083,3985.09033203125
0.15209999680519104,-0.030419999733567238,0.023296114522963762,3985.2723999023438
0.15215000510215759,-0.030430000275373459,0.023309989366680384,3985.4539184570312
0.15219999849796295,-0.03044000081717968,0.023323872126638889,3985.6339111328125
0.1522500067949295,-0.030449999496340752,0.023337765131145716,3985.8118286132812
0.15230000019073486,-0.030460000038146973,0.023351674433797598,3985.9871826171875
0.15234999358654022,-0.030470000579953194,0.023365596542134881,3986.1598510742188
0.15240000188350677,-0.030479999259114265,0.023379532853141427,3986.3299560546875
0.15244999527931213,-0.030489999800920486,0.023393477778881788,3986.4985961914062
0.15250000357627869,-0.030500000342726707,0.023407424800097942,3986.6664428710938
0.15254999697208405,-0.030510000884532928,0.023421371588483453,3986.8345947265625
0.1526000052690506,-0.030519999563694,0.023435313953086734,3987.0032958984375
0.15264999866485596,-0.030530000105500221,0.023449251893907785,3987.172607421875
0.15270000696182251,-0.030540000647306442,0.0234631875064224,3987.3424072265625
0.15275000035762787,-0.030549999326467514,0.023477122886106372,3987.5123291015625
0.15279999375343323,-0.030559999868273735,0.023491062223911285,3987.6814575195312
0.15285000205039978,-0.030570000410079956,0.023505013668909669,3987.8485107421875
0.15289999544620514,-0.030579999089241028,0.023518981877714396,3988.0125732421875
0.15295000374317169,-0.030589999631047249,0.023532970575615764,3988.17333984375
0.15299999713897705,-0.03060000017285347,0.023546976502984762,3988.3304443359375
0.1530500054359436,-0.030610000714659691,0.023561001056805253,3988.4845581054688
0.15309999883174896,-0.030619999393820763,0.02357504004612565,3988.6361694335938
0.15315000712871552,-0.030629999935626984,0.023589089745655656,3988.7857055664062
0.15320000052452087,-0.030640000477433205,0.023603147594258189,3988.9336547851562
0.15324999392032623,-0.030649999156594276,0.02361721359193325,3989.080322265625
0.15330000221729279,-0.030659999698400497,0.023631281685084105,3989.2264404296875
0.15334999561309814,-0.030670000240206718,0.023645353503525257,3989.3721313476562
0.1534000039100647,-0.030680000782012939,0.023659429280087352,3989.5166015625
0.15344999730587006,-0.030689999461174011,0.023673510644584894,3989.6602783203125
0.15350000560283661,-0.030700000002980232,0.023687592009082437,3989.8035278320312
0.15354999899864197,-0.030710000544786453,0.023701677564531565,3989.9463500976562
0.15360000729560852,-0.030719999223947525,0.023715764749795198,3990.0887451171875
0.15365000069141388,-0.030729999765753746,0.023729851935058832,3990.2310791015625
0.15369999408721924,-0.030740000307559967,0.023743941215798259,3990.3729248046875
0.15375000238418579,-0.030750000849366188,0.023758044233545661,3990.5122680664062
0.15379999577999115,-0.03075999952852726,0.02377215982414782,3990.6497192382812
0.1538500040769577,-0.030770000070333481,0.023786285659298301,3990.7847290039062
0.15389999747276306,-0.030780000612139702,0.023800424067303538,3990.9178466796875
0.15395000576972961,-0.030789999291300774,0.023814568528905511,3991.0494384765625
0.15399999916553497,-0.030799999833106995,0.023828717414289713,3991.1800537109375
0.15404999256134033,-0.030810000374913216,0.023842868162319064,3991.3104248046875
0.15410000085830688,-0.030820000916719437,0.023857030086219311,3991.4389038085938
0.15414999425411224,-0.030829999595880508,0.023871196433901787,3991.5661010742188
0.1542000025510788,-0.030840000137686729,0.023885370930656791,3991.6920166015625
0.15424999594688416,-0.03085000067949295,0.023899555671960115,3991.8163452148438
0.15430000424385071,-0.030859999358654022,0.023913766723126173,3991.9359130859375
0.15434999763965607,-0.030869999900460243,0.023927990579977632,3992.0530395507812
0.15440000593662262,-0.030880000442266464,0.023942226776853204,3992.1680297851562
0.15444999933242798,-0.030889999121427536,0.023956469492986798,3992.281494140625
0.15449999272823334,-0.030899999663233757,0.023970720125362277,3992.3938598632812
0.15455000102519989,-0.030910000205039978,0.023984974483028054,3992.5052490234375
0.15459999442100525,-0.030920000746846199,0.023999233031645417,3992.61572265625
0.1546500027179718,-0.030929999426007271,0.024013497633859515,3992.7254028320312
0.15469999611377716,-0.030939999967813492,0.024027764331549406,3992.8344116210938
0.15475000441074371,-0.030950000509619713,0.024042034754529595,3992.943115234375
0.15479999780654907,-0.030959999188780785,0.024056305410340428,3993.0513305664062
0.15485000610351562,-0.030969999730587006,0.024070576066151261,3993.1595458984375
0.15489999949932098,-0.030980000272393227,0.024084846489131451,3993.2676391601562
0.15494999289512634,-0.030990000814199448,0.024099118541926146,3993.3758544921875
0.1550000011920929,-0.030999999493360519,0.02411339059472084,3993.483642578125
0.15504999458789825,-0.03101000003516674,0.024127662647515535,3993.5912475585938
0.15510000288486481,-0.031020000576972961,0.024141938425600529,3993.6983642578125
0.15514999628067017,-0.031029999256134033,0.024156214436516166,3993.8052368164062
0.15520000457763672,-0.031039999797940254,0.024170494172722101,3993.9114379882812
0.15524999797344208,-0.031050000339746475,0.024184775771573186,3994.01708984375
0.15530000627040863,-0.031060000881552696,0.024199059698730707,3994.1222534179688
0.15534999966621399,-0.031069999560713768,0.024213347584009171,3994.2266845703125
0.15539999306201935,-0.031080000102519989,0.02422763966023922,3994.33056640625
0.1554500013589859,-0.03109000064432621,0.024241935694590211,3994.4334106445312
0.15549999475479126,-0.031099999323487282,0.024256236152723432,3994.5355834960938
0.15555000305175781,-0.031109999865293503,0.024270540336146951,3994.6371459960938
0.15559999644756317,-0.031120000407099724,0.024284846615046263,3994.7381591796875
0.15565000474452972,-0.031129999086260796,0.024299156852066517,3994.8383178710938
0.15569999814033508,-0.031139999628067017,0.024313470814377069,3994.9378662109375
0.15575000643730164,-0.031150000169873238,0.024327788967639208,3995.0365600585938
0.15579999983310699,-0.031160000711679459,0.024342111311852932,3995.1344604492188
0.15584999322891235,-0.03116999939084053,0.024356435285881162,3995.2318115234375
0.15590000152587891,-0.031179999932646751,0.024370763450860977,3995.3287353515625
0.15594999492168427,-0.031190000474452972,0.024385091383010149,3995.42529296875
0.15600000321865082,-0.031199999153614044,0.02439942117780447,3995.5214233398438
0.15604999661445618,-0.031209999695420265,0.024413750972598791,3995.6174926757812
0.15610000491142273,-0.031220000237226486,0.024428082630038261,3995.7131958007812
0.15614999830722809,-0.031230000779032707,0.024442414287477732,3995.8087768554688
0.15620000660419464,-0.031239999458193779,0.024456747807562351,3995.9039306640625
0.15625,-0.03125,0.024471085285767913,3995.9985961914062
0.15629999339580536,-0.031259998679161072,0.024485430680215359,3996.0916748046875
0.15635000169277191,-0.031270001083612442,0.024499792139977217,3996.1822509765625
0.15639999508857727,-0.031279999762773514,0.024514172342605889,3996.2694091796875
0.15645000338554382,-0.031289998441934586,0.02452857734169811,3996.3522338867188
0.15649999678134918,-0.031300000846385956,0.024543009232729673,3996.4304809570312
0.15655000507831573,-0.031309999525547028,0.024557462311349809,3996.5047607421875
0.15659999847412109,-0.031319998204708099,0.024571930174715817,3996.5762329101562
0.15665000677108765,-0.03133000060915947,0.024586404440924525,3996.646484375
0.15670000016689301,-0.031339999288320541,0.024600878357887268,3996.7167358398438
0.15674999356269836,-0.031350001692771912,0.024615347851067781,3996.7875366210938
0.15680000185966492,-0.031360000371932983,0.024629814666695893,3996.8590698242188
0.15684999525547028,-0.031369999051094055,0.024644286721013486,3996.9296875
0.15690000355243683,-0.031380001455545425,0.024658766924403608,3996.9988403320312
0.15694999694824219,-0.031390000134706497,0.024673255626112223,3997.0664672851562
0.15700000524520874,-0.031399998813867569,0.024687752593308687,3997.1326904296875
0.1570499986410141,-0.031410001218318939,0.02470225584693253,3997.197509765625
0.15710000693798065,-0.031419999897480011,0.02471676713321358,3997.2608642578125
0.15715000033378601,-0.031429998576641083,0.024731295183300972,3997.321044921875
0.15719999372959137,-0.031440000981092453,0.024745833477936685,3997.3796997070312
0.15725000202655792,-0.031449999660253525,0.024760378058999777,3997.437255859375
0.15729999542236328,-0.031459998339414597,0.024774926714599133,3997.494140625
0.15735000371932983,-0.031470000743865967,0.024789479095488787,3997.5502319335938
0.15739999711513519,-0.031479999423027039,0.024804039392620325,3997.6048583984375
0.15745000541210175,-0.031490001827478409,0.024818613659590483,3997.6571655273438
0.1574999988079071,-0.031500000506639481,0.024833210394717753,3997.7058715820312
0.15755000710487366,-0.031509999185800552,0.024847828084602952,3997.7503662109375
0.15760000050067902,-0.031520001590251923,0.024862464866600931,3997.7916259765625
0.15764999389648438,-0.031530000269412994,0.024877114337868989,3997.830322265625
0.15770000219345093,-0.031539998948574066,0.02489178255200386,3997.865478515625
0.15774999558925629,-0.031550001353025436,0.024906460545025766,3997.8991088867188
0.15780000388622284,-0.031560000032186508,0.024921146454289556,3997.9314575195312
0.1578499972820282,-0.03156999871134758,0.024935838300734758,3997.9625244140625
0.15790000557899475,-0.03158000111579895,0.024950548075139523,3997.9901733398438
0.15794999897480011,-0.031589999794960022,0.024965276359580457,3998.0145874023438
0.15800000727176666,-0.031599998474121094,0.024980008951388299,3998.0380859375
0.15805000066757202,-0.031610000878572464,0.024994743522256613,3998.0609130859375
0.15809999406337738,-0.031619999557733536,0.025009477976709604,3998.0841064453125
0.15815000236034393,-0.031629998236894608,0.025024208356626332,3998.107666015625
0.15819999575614929,-0.031640000641345978,0.025038938270881772,3998.1315307617188
0.15825000405311584,-0.03164999932050705,0.025053665973246098,3998.15576171875
0.1582999974489212,-0.03166000172495842,0.025068393675610423,3998.179931640625
0.15835000574588776,-0.031670000404119492,0.025083125336095691,3998.2033081054688
0.15839999914169312,-0.031679999083280563,0.025097863050177693,3998.2257690429688
0.15845000743865967,-0.031690001487731934,0.025112607050687075,3998.2471313476562
0.15850000083446503,-0.031700000166893005,0.02512735512573272,3998.2674560546875
0.15854999423027039,-0.031709998846054077,0.025142107158899307,3998.2870483398438
0.15860000252723694,-0.031720001250505447,0.025156863033771515,3998.3058471679688
0.1586499959230423,-0.031729999929666519,0.025171618792228401,3998.3244018554688
0.15870000422000885,-0.031739998608827591,0.025186376413330436,3998.3425903320312
0.15874999761581421,-0.031750001013278961,0.02520113589707762,3998.3603515625
0.15880000591278076,-0.031759999692440033,0.025215897243469954,3998.3778686523438
0.15884999930858612,-0.031769998371601105,0.025230658706277609,3998.39501953125
0.15889999270439148,-0.031780000776052475,0.025245423894375563,3998.4117431640625
0.15895000100135803,-0.031789999455213547,0.025260189082473516,3998.4281616210938
0.15899999439716339,-0.031800001859664917,0.025274956249631941,3998.4442138671875
0.15905000269412994,-0.031810000538825989,0.025289723416790366,3998.4600830078125
0.1590999960899353,-0.031819999217987061,0.025304494309239089,3998.4755249023438
0.15915000438690186,-0.031830001622438431,0.025319265201687813,3998.4907836914062
0.15919999778270721,-0.031840000301599503,0.025334036094136536,3998.5057373046875
0.15925000607967377,-0.031849998980760574,0.025348808849230409,3998.5203247070312
0.15929999947547913,-0.031860001385211945,0.02536358346696943,3998.53466796875
0.15934999287128448,-0.031870000064373016,0.02537835983093828,3998.5486450195312
0.15940000116825104,-0.031879998743534088,0.025393136311322451,3998.5625
0.1594499945640564,-0.031890001147985458,0.02540791651699692,3998.57568359375
0.15950000286102295,-0.03189999982714653,0.025422712787985802,3998.5859985351562
0.15954999625682831,-0.031909998506307602,0.025437537697143853,3998.5913696289062
0.15960000455379486,-0.031920000910758972,0.02545239357277751,3998.5913696289062
0.15964999794960022,-0.031929999589920044,0.025467260042205453,3998.5892333984375
0.15970000624656677,-0.031939998269081116,0.025482132914476097,3998.5855102539062
0.15974999964237213,-0.031950000673532486,0.025497011607512832,3998.5811157226562
0.15979999303817749,-0.031959999352693558,0.025511890184134245,3998.5764770507812
0.15985000133514404,-0.031970001757144928,0.025526764453388751,3998.572265625
0.1598999947309494,-0.031980000436306,0.025541636161506176,3998.56884765625
0.15995000302791595,-0.031989999115467072,0.025556501699611545,3998.5659790039062
0.15999999642372131,-0.032000001519918442,0.025571364792995155,3998.5636596679688
0.16005000472068787,-0.032010000199079514,0.0255862275371328,3998.5615844726562
0.16009999811649323,-0.032019998878240585,0.025601090164855123,3998.5594482421875
0.16015000641345978,-0.032030001282691956,0.025615956750698388,3998.556396484375
0.16019999980926514,-0.032039999961853027,0.025630831369198859,3998.552001953125
0.1602499932050705,-0.032049998641014099,0.025645718327723444,3998.5454711914062
0.16030000150203705,-0.032060001045465469,0.025660619721747935,3998.5363159179688
0.16034999489784241,-0.032069999724626541,0.025675539392977953,3998.5241088867188
0.16040000319480896,-0.032079998403787613,0.025690475595183671,3998.5087280273438
0.16044999659061432,-0.032090000808238983,0.025705428211949766,3998.4903564453125
0.16050000488758087,-0.032099999487400055,0.025720391422510147,3998.4697265625
0.16054999828338623,-0.032109998166561127,0.025735362782143056,3998.4476928710938
0.16060000658035278,-0.032120000571012497,0.025750337867066264,3998.4249877929688
0.16064999997615814,-0.032129999250173569,0.02576531283557415,3998.4021606445312
0.1606999933719635,-0.032140001654624939,0.02578029572032392,3998.3782958984375
0.16075000166893005,-0.032150000333786011,0.025795282912440598,3998.353515625
0.16079999506473541,-0.032159999012947083,0.025810276158154011,3998.327880859375
0.16085000336170197,-0.032170001417398453,0.02582527557387948,3998.301025390625
0.16089999675750732,-0.032180000096559525,0.02584029093850404,3998.2716674804688
0.16095000505447388,-0.032189998775720596,0.0258553228341043,3998.2391967773438
0.16099999845027924,-0.032200001180171967,0.025870373239740729,3998.2034301757812
0.16105000674724579,-0.032209999859333038,0.025885436218231916,3998.1651000976562
0.16110000014305115,-0.03221999853849411,0.025900507345795631,3998.1253051757812
0.16114999353885651,-0.03223000094294548,0.025915578356944025,3998.0852661132812
0.16120000183582306,-0.032239999622106552,0.02593064506072551,3998.045654296875
0.16124999523162842,-0.032249998301267624,0.025945707224309444,3998.0067138671875
0.16130000352859497,-0.032260000705718994,0.02596076694317162,3997.9685668945312
0.16134999692440033,-0.032269999384880066,0.025975822354666889,3997.9310302734375
0.16140000522136688,-0.032280001789331436,0.025990877533331513,3997.8934936523438
0.16144999861717224,-0.032290000468492508,0.026005934691056609,3997.8558349609375
0.16150000691413879,-0.03229999914765358,0.026020993944257498,3997.817626953125
0.16155000030994415,-0.03231000155210495,0.026036055292934179,3997.7788696289062
0.16159999370574951,-0.032320000231266022,0.026051120716147125,3997.739501953125
0.16165000200271606,-0.032329998910427094,0.026066191960126162,3997.6991577148438
0.16169999539852142,-0.032340001314878464,0.026081279385834932,3997.65576171875
0.16175000369548798,-0.032349999994039536,0.026096391258761287,3997.6079711914062
0.16179999709129333,-0.032359998673200607,0.026111515471711755,3997.5580444335938
0.16185000538825989,-0.032370001077651978,0.026126649929210544,3997.506103515625
0.16189999878406525,-0.032379999756813049,0.026141790789552033,3997.4526977539062
0.1619500070810318,-0.032389998435974121,0.026156935491599143,3997.3985595703125
0.16200000047683716,-0.032400000840425491,0.02617208007723093,3997.3444213867188
0.16204999387264252,-0.032409999519586563,0.026187224197201431,3997.2903442382812
0.16210000216960907,-0.032419998198747635,0.026202371926046908,3997.235595703125
0.16214999556541443,-0.032430000603199005,0.026217521750368178,3997.18017578125
0.16220000386238098,-0.032439999282360077,0.026232679607346654,3997.1239624023438
0.16224999725818634,-0.032450001686811447,0.026247839676216245,3997.0668334960938
0.16230000555515289,-0.032460000365972519,0.026263003819622099,3997.009033203125
0.16234999895095825,-0.032469999045133591,0.026278184028342366,3996.9485473632812
0.1624000072479248,-0.032480001449584961,0.02629338251426816,3996.885009765625
0.16245000064373016,-0.032490000128746033,0.02630858332850039,3996.8202514648438
0.16249999403953552,-0.032499998807907104,0.02632378984708339,3996.7549438476562
0.16255000233650208,-0.032510001212358475,0.026339002302847803,3996.688232421875
0.16259999573230743,-0.032519999891519547,0.026354228844866157,3996.6189575195312
0.16265000402927399,-0.032529998570680618,0.026369465282186866,3996.5479736328125
0.16269999742507935,-0.032540000975131989,0.026384710101410747,3996.4754638671875
0.1627500057220459,-0.03254999965429306,0.026399963069707155,3996.4015502929688
0.16279999911785126,-0.032559998333454132,0.02641522022895515,3996.3267211914062
0.16285000741481781,-0.032570000737905502,0.026430491474457085,3996.2491455078125
0.16290000081062317,-0.032579999417066574,0.026445770869031549,3996.170166015625
0.16294999420642853,-0.032590001821517944,0.026461060391739011,3996.0897216796875
0.16300000250339508,-0.032600000500679016,0.026476356200873852,3996.0078125
0.16304999589920044,-0.032609999179840088,0.026491658063605428,3995.9248046875
0.16310000419616699,-0.032620001584291458,0.026506961788982153,3995.8412475585938
0.16314999759197235,-0.03263000026345253,0.026522265514358878,3995.7576293945312
0.1632000058889389,-0.032639998942613602,0.026537570753134787,3995.673828125
0.16324999928474426,-0.032650001347064972,0.026552895666100085,3995.5868530273438
0.16329999268054962,-0.032660000026226044,0.026568226981908083,3995.4984130859375
0.16335000097751617,-0.032669998705387115,0.026583566563203931,3995.4085693359375
0.16339999437332153,-0.032680001109838486,0.026598912430927157,3995.3175659179688
0.16345000267028809,-0.032689999788999557,0.02661426248960197,3995.2257080078125
0.16349999606609344,-0.032699998468160629,0.026629614527337253,3995.1334228515625
0.16355000436306,-0.032710000872612,0.026644968427717686,3995.041015625
0.16359999775886536,-0.032719999551773071,0.026660320232622325,3994.9486694335938
0.16365000605583191,-0.032729998230934143,0.02667566982563585,3994.8565673828125
0.16369999945163727,-0.032740000635385513,0.026691018952988088,3994.7647094726562
0.16374999284744263,-0.032749999314546585,0.026706365984864533,3994.673095703125
0.16380000114440918,-0.032760001718997955,0.026721712783910334,3994.5814819335938
0.16384999454021454,-0.032770000398159027,0.026737059350125492,3994.4895629882812
0.16390000283718109,-0.032779999077320099,0.026752409758046269,3994.3972778320312
0.16394999623298645,-0.032790001481771469,0.026767760282382369,3994.3045654296875
0.164000004529953,-0.032800000160932541,0.02678311662748456,3994.2109375
0.16404999792575836,-0.032809998840093613,0.026798477047123015,3994.116455078125
0.16410000622272491,-0.032820001244544983,0.026813843636773527,3994.02099609375
0.16414999961853027,-0.032829999923706055,0.026829216163605452,3993.92431640625
0.16419999301433563,-0.032839998602867126,0.026844594860449433,3993.8268432617188
0.16425000131130219,-0.032850001007318497,0.026859975652769208,3993.728515625
0.16429999470710754,-0.032859999686479568,0.026875360403209925,3993.629638671875
0.1643500030040741,-0.03286999836564064,0.026890754932537675,3993.5291748046875
0.16439999639987946,-0.03288000077009201,0.026906167506240308,3993.42578125
0.16445000469684601,-0.032889999449253082,0.026921596727333963,3993.3192138671875
0.16449999809265137,-0.032900001853704453,0.026937044691294432,3993.2092895507812
0.16455000638961792,-0.032910000532865524,0.026952505111694336,3993.0970458984375
0.16459999978542328,-0.032919999212026596,0.026967977872118354,3992.9825439453125
0.16464999318122864,-0.032930001616477966,0.026983462506905198,3992.8662109375
0.16470000147819519,-0.032940000295639038,0.026998955407179892,3992.7481689453125
0.16474999487400055,-0.03294999897480011,0.027014456340111792,3992.6287841796875
0.1648000031709671,-0.03296000137925148,0.027029959252104163,3992.5087890625
0.16484999656677246,-0.032970000058412552,0.027045462047681212,3992.3889770507812
0.16490000486373901,-0.032979998737573624,0.027060960535891354,3992.2696533203125
0.16494999825954437,-0.032990001142024994,0.027076452621258795,3992.1510620117188
0.16500000655651093,-0.032999999821186066,0.027091942261904478,3992.033447265625
0.16504999995231628,-0.033009998500347137,0.027107431553304195,3991.9158325195312
0.16509999334812164,-0.033020000904798508,0.027122928760945797,3991.7965087890625
0.1651500016450882,-0.033029999583959579,0.027138446341268718,3991.6739501953125
0.16519999504089355,-0.033039998263120651,0.027153976261615753,3991.54931640625
0.16525000333786011,-0.033050000667572021,0.027169520617462695,3991.4216918945312
0.16529999673366547,-0.033059999346733093,0.027185083017684519,3991.2913208007812
0.16535000503063202,-0.033070001751184464,0.027200659969821572,3991.1580810546875
0.16539999842643738,-0.033080000430345535,0.027216245420277119,3991.02294921875
0.16545000672340393,-0.033089999109506607,0.027231838786974549,3990.8865356445312
0.16550000011920929,-0.033100001513957977,0.02724743215367198,3990.75
0.16554999351501465,-0.033110000193119049,0.027263021213002503,3990.6138916015625
0.1656000018119812,-0.033119998872280121,0.027278609690256417,3990.478271484375
0.16564999520778656,-0.033130001276731491,0.027294192113913596,3990.3433837890625
0.16570000350475311,-0.033139999955892563,0.027309777913615108,3990.2083129882812
0.16574999690055847,-0.033149998635053635,0.027325379778631032,3990.0706176757812
0.16580000519752502,-0.033160001039505005,0.027340996195562184,3989.93017578125
0.16584999859333038,-0.033169999718666077,0.027356635197065771,3989.7859497070312
0.16590000689029694,-0.033179998397827148,0.027372294920496643,3989.6380004882812
0.16595000028610229,-0.033190000802278519,0.027387971407733858,3989.4867553710938
0.16599999368190765,-0.03319999948143959,0.027403660351410508,3989.3331298828125
0.16605000197887421,-0.033209998160600662,0.027419355465099216,3989.17822265625
0.16609999537467957,-0.033220000565052032,0.02743505232501775,3989.0231323242188
0.16615000367164612,-0.033229999244213104,0.027450744993984699,3988.8685302734375
0.16619999706745148,-0.033240001648664474,0.027466433006338775,3988.71484375
0.16625000536441803,-0.033250000327825546,0.027482116594910622,3988.56201171875
0.16629999876022339,-0.033259999006986618,0.027497793780639768,3988.4100952148438
0.16635000705718994,-0.033270001411437988,0.027513482375070453,3988.2564697265625
0.1664000004529953,-0.03328000009059906,0.027529189363121986,3988.099609375
0.16644999384880066,-0.033289998769760132,0.027544904849492013,3987.9408569335938
0.16650000214576721,-0.033300001174211502,0.027560632443055511,3987.780029296875
0.16654999554157257,-0.033309999853372574,0.027576382621191442,3987.6151733398438
0.16660000383853912,-0.033319998532533646,0.02759213896933943,3987.4487915039062
0.16664999723434448,-0.033330000936985016,0.02760790113825351,3987.28173828125
0.16670000553131104,-0.033339999616146088,0.027623667265288532,3987.1138916015625
0.16674999892711639,-0.033349998295307159,0.027639435254968703,3986.9453735351562
0.16680000722408295,-0.03336000069975853,0.027655207086354494,3986.7763671875
0.16685000061988831,-0.033369999378919601,0.027670984854921699,3986.6065063476562
0.16689999401569366,-0.033380001783370972,0.027686766698025167,3986.435791015625
0.16695000231266022,-0.033390000462532043,0.027702552615664899,3986.2642822265625
0.16699999570846558,-0.033399999141693115,0.027718342491425574,3986.0921020507812
0.16705000400543213,-0.033410001546144485,0.02773413632530719,3985.9193115234375
0.16709999740123749,-0.033420000225305557,0.027749930159188807,3985.746337890625
0.16715000569820404,-0.033429998904466629,0.027765723876655102,3985.5730590820312
0.1671999990940094,-0.033440001308917999,0.027781517244875431,3985.39990234375
0.16725000739097595,-0.033449999988079071,0.027797310380265117,3985.226806640625
0.16730000078678131,-0.033459998667240143,0.027813101420179009,3985.0538940429688
0.16734999418258667,-0.033470001071691513,0.027828892110846937,3984.881103515625
0.16740000247955322,-0.033479999750852585,0.027844684547744691,3984.7078247070312
0.16744999587535858,-0.033489998430013657,0.02786048105917871,3984.533935546875
0.16750000417232513,-0.033500000834465027,0.027876285603269935,3984.35888671875
0.16754999756813049,-0.033509999513626099,0.027892110636457801,3984.1802978515625
0.16760000586509705,-0.03351999819278717,0.02790794416796416,3984.0003051757812
0.1676499992609024,-0.033530000597238541,0.027923783985897899,3983.8189086914062
0.16769999265670776,-0.033539999276399612,0.02793962974101305,3983.6365966796875
0.16775000095367432,-0.033550001680850983,0.027955477475188673,3983.4537963867188
0.16779999434947968,-0.033560000360012054,0.027971327304840088,3983.2706298828125
0.16785000264644623,-0.033569999039173126,0.027987184817902744,3983.0863037109375
0.16789999604225159,-0.033580001443624496,0.028003062703646719,3982.898193359375
0.16795000433921814,-0.033590000122785568,0.028018946759402752,3982.7091064453125
0.1679999977350235,-0.03359999880194664,0.02803483500611037,3982.518798828125
0.16805000603199005,-0.03361000120639801,0.02805072907358408,3982.3278198242188
0.16809999942779541,-0.033619999885559082,0.028066625003702939,3982.13623046875
0.16814999282360077,-0.033629998564720154,0.028082522796466947,3981.944091796875
0.16820000112056732,-0.033640000969171524,0.028098422568291426,3981.7516479492188
0.16824999451637268,-0.033649999648332596,0.028114326065406203,3981.5586547851562
0.16830000281333923,-0.033659998327493668,0.028130231541581452,3981.3654174804688
0.16834999620914459,-0.033670000731945038,0.028146138996817172,3981.1716918945312
0.16840000450611115,-0.03367999941110611,0.028162052389234304,3980.9769287109375
0.1684499979019165,-0.03369000181555748,0.028177977656014264,3980.7803344726562
0.16850000619888306,-0.033700000494718552,0.028193919104523957,3980.5809326171875
0.16854999959468842,-0.033709999173879623,0.028209893382154405,3980.375732421875
0.16859999299049377,-0.033720001578330994,0.028225876274518669,3980.16845703125
0.16865000128746033,-0.033730000257492065,0.028241869062185287,3979.9598388671875
0.16869999468326569,-0.033739998936653137,0.02825786592438817,3979.7501831054688
0.16875000298023224,-0.033750001341104507,0.028273868490941823,3979.5397338867188
0.1687999963760376,-0.033760000020265579,0.028289873036555946,3979.3286743164062
0.16885000467300415,-0.033769998699426651,0.028305877582170069,3979.1174926757812
0.16889999806880951,-0.033780001103878021,0.02832188387401402,3978.9058837890625
0.16895000636577606,-0.033789999783039093,0.02833789202850312,3978.6944580078125
0.16899999976158142,-0.033799998462200165,0.028353900066576898,3978.4830322265625
0.16904999315738678,-0.033810000866651535,0.028369918116368353,3978.2698974609375
0.16910000145435333,-0.033819999545812607,0.028385946294292808,3978.0551147460938
0.16914999485015869,-0.033829998224973679,0.028401990653946996,3977.8375244140625
0.16920000314712524,-0.033840000629425049,0.028418053407222033,3977.6170043945312
0.1692499965429306,-0.033849999308586121,0.028434130712412298,3977.393310546875
0.16930000483989716,-0.033860001713037491,0.028450216399505734,3977.1679077148438
0.16934999823570251,-0.033870000392198563,0.028466308140195906,3976.9414672851562
0.16940000653266907,-0.033879999071359634,0.028482399531640112,3976.7149658203125
0.16944999992847443,-0.033890001475811005,0.028498486499302089,3976.4891967773438
0.16949999332427979,-0.033900000154972076,0.028514571022242308,3976.2640380859375
0.16955000162124634,-0.033909998834133148,0.028530653100460768,3976.0390625
0.1695999950170517,-0.033920001238584518,0.028546733083203435,3975.8142700195312
0.16965000331401825,-0.03392999991774559,0.028562816791236401,3975.5892944335938
0.16969999670982361,-0.033939998596906662,0.028578900615684688,3975.364013671875
0.16975000500679016,-0.033950001001358032,0.028594986302778125,3975.138427734375
0.16979999840259552,-0.033959999680519104,0.028611075947992504,3974.9120483398438
0.16985000669956207,-0.033969998359680176,0.028627171413972974,3974.684814453125
0.16990000009536743,-0.033980000764131546,0.028643273049965501,3974.45654296875
0.16994999349117279,-0.033989999443292618,0.028659378876909614,3974.2272338867188
0.17000000178813934,-0.034000001847743988,0.028675492387264967,3973.9967041015625
0.1700499951839447,-0.03401000052690506,0.028691612067632377,3973.7650756835938
0.17010000348091125,-0.034019999206066132,0.028707737801596522,3973.5324096679688
0.17014999687671661,-0.034030001610517502,0.028723869472742081,3973.2984008789062
0.17020000517368317,-0.034040000289678574,0.028740019188262522,3973.0615844726562
0.17024999856948853,-0.034049998968839645,0.028756178799085319,3972.8230590820312
0.17030000686645508,-0.034060001373291016,0.028772344812750816,3972.5829467773438
0.17035000026226044,-0.034070000052452087,0.02878851885907352,3972.3413696289062
0.1703999936580658,-0.034079998731613159,0.028804696863517165,3972.0990600585938
0.17045000195503235,-0.034090001136064529,0.028820872772485018,3971.8568115234375
0.17049999535083771,-0.034099999815225601,0.028837048215791583,3971.6149291992188
0.17055000364780426,-0.034109998494386673,0.028853217489086092,3971.373779296875
0.17059999704360962,-0.034120000898838043,0.028869382455013692,3971.1334228515625
0.17065000534057617,-0.034129999577999115,0.028885545092634857,3970.8936157226562
0.17069999873638153,-0.034139998257160187,0.028901709360070527,3970.6536254882812
0.17075000703334808,-0.034150000661611557,0.028917895397171378,3970.4102172851562
0.17080000042915344,-0.034159999340772629,0.028934097965247929,3970.163818359375
0.1708499938249588,-0.034170001745223999,0.028950319043360651,3969.9141235351562
0.17090000212192535,-0.034180000424385071,0.028966554789803922,3969.6612548828125
0.17094999551773071,-0.034189999103546143,0.028982802876271307,3969.4061279296875
0.17100000381469727,-0.034200001507997513,0.028999074944294989,3969.14697265625
0.17104999721050262,-0.034210000187158585,0.02901535527780652,3968.8861083984375
0.17110000550746918,-0.034219998866319656,0.029031641548499465,3968.624267578125
0.17114999890327454,-0.034230001270771027,0.029047933639958501,3968.3612060546875
0.17120000720024109,-0.034239999949932098,0.029064233531244099,3968.09716796875
0.17125000059604645,-0.03424999862909317,0.029080541338771582,3967.8319702148438
0.17129999399185181,-0.03426000103354454,0.029096851474605501,3967.5661010742188
0.17135000228881836,-0.034269999712705612,0.029113161494024098,3967.2999877929688
0.17139999568462372,-0.034279998391866684,0.029129471280612051,3967.0339965820312
0.17145000398159027,-0.034290000796318054,0.029145780834369361,3966.7681884765625
0.17149999737739563,-0.034299999475479126,0.029162088059820235,3966.502685546875
0.17155000567436218,-0.034309998154640198,0.029178391210734844,3966.2376708984375
0.17159999907016754,-0.034320000559091568,0.029194692033343017,3965.97314453125
0.17165000736713409,-0.03432999923825264,0.029210992506705225,3965.7088623046875
0.17170000076293945,-0.03434000164270401,0.029227290768176317,3965.4447021484375
0.17174999415874481,-0.034350000321865082,0.029243587050586939,3965.1806030273438
0.17180000245571136,-0.034359999001026154,0.029259884846396744,3964.9165649414062
0.17184999585151672,-0.034370001405477524,0.029276184621267021,3964.6521606445312
0.17190000414848328,-0.034380000084638596,0.029292484279721975,3964.3876342773438
0.17194999754428864,-0.034389998763799667,0.029308785917237401,3964.12255859375
0.17200000584125519,-0.034400001168251038,0.029325091512873769,3963.8568115234375
0.17204999923706055,-0.034409999847412109,0.02934140304569155,3963.59033203125
0.17209999263286591,-0.034419998526573181,0.029357716673985124,3963.3231811523438
0.17215000092983246,-0.034430000931024551,0.029374039964750409,3963.0546875
0.17219999432563782,-0.034439999610185623,0.029390385607257485,3962.7821655273438
0.17225000262260437,-0.034449998289346695,0.029406741610728204,3962.5073852539062
0.17229999601840973,-0.034460000693798065,0.029423109837807715,3962.230712890625
0.17235000431537628,-0.034469999372959137,0.029439482023008168,3961.9529418945312
0.17239999771118164,-0.034480001777410507,0.029455854208208621,3961.6751708984375
0.17245000600814819,-0.034490000456571579,0.029472221969626844,3961.3980102539062
0.17249999940395355,-0.034499999135732651,0.029488589032553136,3961.12158203125
0.17254999279975891,-0.034510001540184021,0.029504951788112521,3960.845458984375
0.17260000109672546,-0.034520000219345093,0.029521314543671906,3960.5693969726562
0.17264999449253082,-0.034529998898506165,0.029537685099057853,3960.291748046875
0.17270000278949738,-0.034540001302957535,0.02955406776163727,3960.0126342773438
0.17274999618530273,-0.034549999982118607,0.029570458689704537,3959.731689453125
0.17280000448226929,-0.034559998661279678,0.029586857999674976,3959.448974609375
0.17284999787807465,-0.034570001065731049,0.02960326534230262,3959.164794921875
0.1729000061750412,-0.03457999974489212,0.029619676875881851,3958.8799438476562
0.17294999957084656,-0.034589998424053192,0.029636100167408586,3958.59326171875
0.17299999296665192,-0.034600000828504562,0.029652535449713469,3958.3043823242188
0.17305000126361847,-0.034609999507665634,0.029668974922969937,3958.0142211914062
0.17309999465942383,-0.034619998186826706,0.029685433954000473,3957.7214965820312
0.17315000295639038,-0.034630000591278076,0.029701905557885766,3957.4256591796875
0.17319999635219574,-0.034639999270439148,0.029718388919718564,3957.1286010742188
0.17325000464916229,-0.034650001674890518,0.029734868789091706,3956.8308715820312
0.17329999804496765,-0.03466000035405159,0.029751355992630124,3956.5330810546875
0.1733500063419342,-0.034669999033212662,0.0297678392380476,3956.2351684570312
0.17339999973773956,-0.034680001437664032,0.02978432213421911,3955.9374389648438
0.17344999313354492,-0.034690000116825104,0.029800808755680919,3955.6393432617188
0.17350000143051147,-0.034699998795986176,0.029817295493558049,3955.3408203125
0.17354999482631683,-0.034710001200437546,0.0298337860731408,3955.0419311523438
0.17360000312328339,-0.034719999879598618,0.029850276769138873,3954.7425537109375
0.17364999651908875,-0.034729998558759689,0.029866771074011922,3954.4430541992188
0.1737000048160553,-0.03474000096321106,0.029883261420764029,3954.1435546875
0.17374999821186066,-0.034749999642372131,0.029899755259975791,3953.8441772460938
0.17380000650882721,-0.034759998321533203,0.029916245257481933,3953.5447387695312
0.17384999990463257,-0.034770000725984573,0.029932734789326787,3953.245361328125
0.17389999330043793,-0.034779999405145645,0.02994922804646194,3952.9458618164062
0.17395000159740448,-0.034790001809597015,0.029965721303597093,3952.6458740234375
0.17399999499320984,-0.034800000488758087,0.029982222360558808,3952.3447875976562
0.17405000329017639,-0.034809999167919159,0.029998731566593051,3952.0426635742188
0.17409999668598175,-0.034820001572370529,0.03001525707077235,3951.7373046875
0.1741500049829483,-0.034830000251531601,0.03003179095685482,3951.430419921875
0.17419999837875366,-0.034839998930692673,0.030048332759179175,3951.1220092773438
0.17425000667572021,-0.034850001335144043,0.030064894701354206,3950.8103637695312
0.17430000007152557,-0.034860000014305115,0.030081464559771121,3950.4974365234375
0.17434999346733093,-0.034869998693466187,0.030098034651018679,3950.1838989257812
0.17440000176429749,-0.034880001097917557,0.030114608351141214,3949.8699951171875
0.17444999516010284,-0.034889999777078629,0.03013118589296937,3949.5553588867188
0.1745000034570694,-0.0348999984562397,0.030147771234624088,3949.2395629882812
0.17454999685287476,-0.034910000860691071,0.030164364608936012,3948.922607421875
0.17460000514984131,-0.034919999539852142,0.030180966015905142,3948.6043090820312
0.17464999854564667,-0.034929998219013214,0.030197567772120237,3948.2850341796875
0.17470000684261322,-0.034940000623464584,0.030214173370040953,3947.965576171875
0.17475000023841858,-0.034949999302625656,0.030230778851546347,3947.6461181640625
0.17479999363422394,-0.034960001707077026,0.030247383750975132,3947.3269653320312
0.17485000193119049,-0.034970000386238098,0.030263984459452331,3947.00830078125
0.17489999532699585,-0.03497999906539917,0.030280577251687646,3946.6904296875
0.1749500036239624,-0.03499000146985054,0.030297173303551972,3946.37255859375
0.17499999701976776,-0.035000000149011612,0.030313769355416298,3946.0545654296875
0.17505000531673431,-0.035009998828172684,0.030330369365401566,3945.7357788085938
0.17509999871253967,-0.035020001232624054,0.030346977175213397,3945.4161376953125
0.17515000700950623,-0.035029999911785126,0.030363589059561491,3945.0955810546875
0.17520000040531158,-0.035039998590946198,0.030380205251276493,3944.7739868164062
0.17524999380111694,-0.035050000995397568,0.030396829359233379,3944.4510498046875
0.1753000020980835,-0.03505999967455864,0.030413481639698148,3944.1239013671875
0.17534999549388885,-0.035069998353719711,0.03043015010189265,3943.7940673828125
0.17540000379085541,-0.035080000758171082,0.03044683113694191,3943.4616088867188
0.17544999718666077,-0.035089999437332153,0.030463520670309663,3943.1271362304688
0.17550000548362732,-0.035100001841783524,0.03048022196162492,3942.7911987304688
0.17554999887943268,-0.035110000520944595,0.030496935127303004,3942.4532470703125
0.17560000717639923,-0.035119999200105667,0.030513648292981088,3942.1148071289062
0.17565000057220459,-0.035130001604557037,0.030530361109413207,3941.7763671875
0.17569999396800995,-0.035140000283718109,0.03054707357659936,3941.4382934570312
0.1757500022649765,-0.035149998962879181,0.030563778127543628,3941.1007690429688
0.17579999566078186,-0.035160001367330551,0.030580481979995966,3940.763916015625
0.17585000395774841,-0.035170000046491623,0.03059718944132328,3940.4271240234375
0.17589999735355377,-0.035179998725652695,0.030613896902650595,3940.089599609375
0.17595000565052032,-0.035190001130104065,0.030630616238340735,3939.75048828125
0.17599999904632568,-0.035199999809265137,0.030647347797639668,3939.4093017578125
0.17605000734329224,-0.035209998488426208,0.03066408762242645,3939.0661010742188
0.1761000007390976,-0.035220000892877579,0.030680843978188932,3938.7197875976562
0.17614999413490295,-0.035229999572038651,0.030697608250193298,3938.3724365234375
0.17620000243186951,-0.035239998251199722,0.030714380205608904,3938.02392578125
0.17624999582767487,-0.035250000655651093,0.030731156235560775,3937.6744995117188
0.17630000412464142,-0.035259999334812164,0.03074794402346015,3937.32373046875
0.17634999752044678,-0.035270001739263535,0.0307647684821859,3936.9660034179688
0.17640000581741333,-0.035280000418424606,0.030781609239056706,3936.6058349609375
0.17644999921321869,-0.035289999097585678,0.030798462219536304,3936.243408203125
0.17649999260902405,-0.035300001502037048,0.030815323232673109,3935.8795776367188
0.1765500009059906,-0.03531000018119812,0.030832184362225235,3935.5150146484375
0.17659999430179596,-0.035319998860359192,0.030849045142531395,3935.15087890625
0.17665000259876251,-0.035330001264810562,0.030865901499055326,3934.7874755859375
0.17669999599456787,-0.035339999943971634,0.03088275296613574,3934.4248046875
0.17675000429153442,-0.035349998623132706,0.030899608391337097,3934.0616455078125
0.17679999768733978,-0.035360001027584076,0.030916475807316601,3933.6968383789062
0.17685000598430634,-0.035369999706745148,0.03093335556332022,3933.3296508789062
0.17689999938011169,-0.035379998385906219,0.030950247892178595,3932.960205078125
0.17694999277591705,-0.03539000079035759,0.030967148719355464,3932.5890502929688
0.17700000107288361,-0.035399999469518661,0.030984053621068597,3932.2171020507812
0.17704999446868896,-0.035409998148679733,0.031000962131656706,3931.8446655273438
0.17710000276565552,-0.035420000553131104,0.03101786645129323,3931.4727172851562
0.17714999616146088,-0.035429999232292175,0.031034766347147524,3931.1013793945312
0.17720000445842743,-0.035440001636743546,0.031051661935634911,3930.73095703125
0.17724999785423279,-0.035450000315904617,0.031068556709215045,3930.3612670898438
0.17730000615119934,-0.035459998995065689,0.031085443682968616,3929.9918212890625
0.1773499995470047,-0.035470001399517059,0.031102338107302785,3929.6217651367188
0.17739999294281006,-0.035480000078678131,0.031119240564294159,3929.2504272460938
0.17745000123977661,-0.035489998757839203,0.031136151170358062,3928.8775024414062
0.17749999463558197,-0.035500001162290573,0.031153098330833018,3928.4981689453125
0.17755000293254852,-0.035509999841451645,0.031170053756795824,3928.1171264648438
0.17759999632835388,-0.035519998520612717,0.031187017215415835,3927.7343139648438
0.17765000462532043,-0.035530000925064087,0.03120398847386241,3927.3505249023438
0.17769999802112579,-0.035539999604225159,0.031220963806845248,3926.9657592773438
0.17775000631809235,-0.03554999828338623,0.031237939139828086,3926.5809936523438
0.17779999971389771,-0.035560000687837601,0.031254914123564959,3926.1959838867188
0.17784999310970306,-0.035569999366998672,0.031271888874471188,3925.8116455078125
0.17790000140666962,-0.035580001771450043,0.031288859434425831,3925.427734375
0.17794999480247498,-0.035590000450611115,0.031305825803428888,3925.04443359375
0.17800000309944153,-0.035599999129772186,0.03132279182318598,3924.66162109375
0.17804999649524689,-0.035610001534223557,0.031339753535576165,3924.279541015625
0.17810000479221344,-0.035620000213384628,0.031356711289845407,3923.897705078125
0.1781499981880188,-0.0356299988925457,0.031373664853163064,3923.5161743164062
0.17820000648498535,-0.03564000129699707,0.031390622025355697,3923.1348876953125
0.17824999988079071,-0.035649999976158142,0.031407578964717686,3922.7533569335938
0.17829999327659607,-0.035659998655319214,0.031424535904079676,3922.3714599609375
0.17835000157356262,-0.035670001059770584,0.031441496568731964,3921.9893798828125
0.17839999496936798,-0.035679999738931656,0.031458461075089872,3921.6065673828125
0.17845000326633453,-0.035689998418092728,0.031475445837713778,3921.2196044921875
0.17849999666213989,-0.035700000822544098,0.031492442474700511,3920.831298828125
0.17855000495910645,-0.03570999950170517,0.031509443302638829,3920.441650390625
0.1785999983549118,-0.035719998180866241,0.031526448205113411,3920.0513305664062
0.17865000665187836,-0.035730000585317612,0.031543456832878292,3919.6608276367188
0.17870000004768372,-0.035739999264478683,0.03156046150252223,3919.2704467773438
0.17874999344348907,-0.035750001668930054,0.031577461864799261,3918.880615234375
0.17880000174045563,-0.035760000348091125,0.031594457803294063,3918.49169921875
0.17884999513626099,-0.035769999027252197,0.031611453276127577,3918.1035766601562
0.17890000343322754,-0.035780001431703568,0.031628440716303885,3917.7159423828125
0.1789499968290329,-0.035790000110864639,0.03164543176535517,3917.3281860351562
0.17900000512599945,-0.035799998790025711,0.031662418972700834,3916.9407348632812
0.17904999852180481,-0.035810001194477081,0.031679409788921475,3916.5529174804688
0.17910000681877136,-0.035819999873638153,0.031696408288553357,3916.164306640625
0.17915000021457672,-0.035829998552799225,0.031713411211967468,3915.7742919921875
0.17919999361038208,-0.035840000957250595,0.031730429967865348,3915.3818969726562
0.17925000190734863,-0.035849999636411667,0.031747468747198582,3914.9864501953125
0.17929999530315399,-0.035859998315572739,0.031764527899213135,3914.5872802734375
0.17935000360012054,-0.035870000720024109,0.031781603815034032,3914.1846313476562
0.1793999969959259,-0.035879999399185181,0.031798699754290283,3913.77880859375
0.17945000529289246,-0.035890001803636551,0.031815807800740004,3913.3707885742188
0.17949999868869781,-0.035900000482797623,0.03183292003814131,3912.96142578125
0.17955000698566437,-0.035909999161958694,0.031850039842538536,3912.5513305664062
0.17960000038146973,-0.035920001566410065,0.031867155455984175,3912.1414794921875
0.17964999377727509,-0.035930000245571136,0.031884270603768528,3911.7321166992188
0.17970000207424164,-0.035939998924732208,0.031901381444185972,3911.3231201171875
0.179749995470047,-0.035950001329183578,0.031918499851599336,3910.9134521484375
0.17980000376701355,-0.03596000000834465,0.031935638398863375,3910.5008544921875
0.17984999716281891,-0.035969998687505722,0.03195278556086123,3910.0861206054688
0.17990000545978546,-0.035980001091957092,0.031969948788173497,3909.6693115234375
0.17994999885559082,-0.035989999771118164,0.031987116439267993,3909.2511596679688
0.18000000715255737,-0.035999998450279236,0.032004284323193133,3908.8325805664062
0.18005000054836273,-0.036010000854730606,0.032021455815993249,3908.4139404296875
0.18009999394416809,-0.036019999533891678,0.03203862311784178,3907.9957275390625
0.18015000224113464,-0.03602999821305275,0.032055786112323403,3907.5786743164062
0.18019999563694,-0.03604000061750412,0.032072940841317177,3907.1626586914062
0.18025000393390656,-0.036049999296665192,0.032090091146528721,3906.7476196289062
0.18029999732971191,-0.036060001701116562,0.032107237144373357,3906.3335571289062
0.18035000562667847,-0.036070000380277634,0.032124378834851086,3905.9201049804688
0.18039999902248383,-0.036079999059438705,0.032141516450792551,3905.5067749023438
0.18045000731945038,-0.036090001463890076,0.032158661517314613,3905.0929565429688
0.18050000071525574,-0.036100000143051147,0.03217581077478826,3904.6781616210938
0.1805499941110611,-0.036109998822212219,0.032192967948503792,3904.261962890625
0.18060000240802765,-0.036120001226663589,0.032210133271291852,3903.8444213867188
0.18064999580383301,-0.036129999905824661,0.032227302785031497,3903.4256591796875
0.18070000410079956,-0.036139998584985733,0.032244480215013027,3903.0059814453125
0.18074999749660492,-0.036150000989437103,0.032261661486700177,3902.58544921875
0.18080000579357147,-0.036159999668598175,0.032278850791044533,3902.163818359375
0.18084999918937683,-0.036169998347759247,0.032296051853336394,3901.740234375
0.18089999258518219,-0.036180000752210617,0.032313261064700782,3901.3148193359375
0.18095000088214874,-0.036189999431371689,0.0323304746998474,3900.8883666992188
0.1809999942779541,-0.036200001835823059,0.032347691943868995,3900.4617309570312
0.18105000257492065,-0.036210000514984131,0.032364904996939003,3900.0353393554688
0.18109999597072601,-0.036219999194145203,0.032382125034928322,3899.6083984375
0.18115000426769257,-0.036230001598596573,0.032399349263869226,3899.18017578125
0.18119999766349792,-0.036240000277757645,0.032416585483588278,3898.7501220703125
0.18125000596046448,-0.036249998956918716,0.032433829852379858,3898.3186645507812
0.18129999935626984,-0.036260001361370087,0.032451078412123024,3897.8860473632812
0.1813499927520752,-0.036270000040531158,0.032468327088281512,3897.453369140625
0.18140000104904175,-0.03627999871969223,0.032485575298778713,3897.0208740234375
0.18144999444484711,-0.0362900011241436,0.032502815360203385,3896.5894775390625
0.18150000274181366,-0.036299999803304672,0.032520058332011104,3896.1582641601562
0.18154999613761902,-0.036309998482465744,0.032537313178181648,3895.7252197265625
0.18160000443458557,-0.036320000886917114,0.032554576289840043,3895.2903442382812
0.18164999783039093,-0.036329999566078186,0.032571843708865345,3894.854248046875
0.18170000612735748,-0.036339998245239258,0.032589122885838151,3894.4168090820312
0.18174999952316284,-0.036350000649690628,0.032606402295641601,3893.9786987304688
0.1817999929189682,-0.0363599993288517,0.032623685314320028,3893.5404052734375
0.18185000121593475,-0.03637000173330307,0.032640964374877512,3893.1023559570312
0.18189999461174011,-0.036380000412464142,0.032658239128068089,3892.6648559570312
0.18195000290870667,-0.036389999091625214,0.032675517024472356,3892.2275390625
0.18199999630451202,-0.036400001496076584,0.032692794920876622,3891.7899169921875
0.18205000460147858,-0.036410000175237656,0.032710076775401831,3891.3516845703125
0.18209999799728394,-0.036419998854398727,0.032727362471632659,3890.9129028320312
0.18215000629425049,-0.036430001258850098,0.032744655967690051,3890.4730224609375
0.18219999969005585,-0.036439999938011169,0.032761953654699028,3890.0321655273438
0.18224999308586121,-0.036449998617172241,0.032779255299828947,3889.590576171875
0.18230000138282776,-0.036460001021623611,0.032796556944958866,3889.1486206054688
0.18234999477863312,-0.036469999700784683,0.032813866273500025,3888.70556640625
0.18240000307559967,-0.036479998379945755,0.032831183518283069,3888.26123046875
0.18244999647140503,-0.036490000784397125,0.032848508562892675,3887.81591796875
0.18250000476837158,-0.036499999463558197,0.032865833840332925,3887.3695068359375
0.18254999816417694,-0.036509998142719269,0.032883166801184416,3886.922607421875
0.18260000646114349,-0.036520000547170639,0.032900499878451228,3886.4752197265625
0.18264999985694885,-0.036529999226331711,0.032917836681008339,3886.0276489257812
0.18269999325275421,-0.036540001630783081,0.032935173367150128,3885.579833984375
0.18275000154972076,-0.036550000309944153,0.032952509936876595,3885.13232421875
0.18279999494552612,-0.036559998989105225,0.032969846273772418,3884.6849365234375
0.18285000324249268,-0.036570001393556595,0.0329871786525473,3884.2377319335938
0.18289999663829803,-0.036580000072717667,0.033004514523781836,3883.7907104492188
0.18295000493526459,-0.036589998751878738,0.033021850511431694,3883.34326171875
0.18299999833106995,-0.036600001156330109,0.033039194298908114,3882.894775390625
0.1830500066280365,-0.03660999983549118,0.033056542044505477,3882.4456787109375
0.18310000002384186,-0.036619998514652252,0.033073893864639103,3881.9955444335938
0.18314999341964722,-0.036630000919103622,0.033091249642893672,3881.5446166992188
0.18320000171661377,-0.036639999598264694,0.033108609146438539,3881.0931396484375
0.18324999511241913,-0.036649998277425766,0.033125972491689026,3880.6412963867188
0.18330000340938568,-0.036660000681877136,0.033143331878818572,3880.189453125
0.18334999680519104,-0.036669999361038208,0.033160694758407772,3879.7376098632812
0.18340000510215759,-0.036680001765489578,0.033178057754412293,3879.2857055664062
0.18344999849796295,-0.03669000044465065,0.033195424592122436,3878.8330688476562
0.1835000067949295,-0.036699999123811722,0.033212795620784163,3878.3799438476562
0.18355000019073486,-0.036710001528263092,0.033230170607566833,3877.926025390625
0.18359999358654022,-0.036720000207424164,0.033247549436055124,3877.4720458984375
0.18365000188350677,-0.036729998886585236,0.03326492419000715,3877.0181884765625
0.18369999527931213,-0.036740001291036606,0.033282298478297889,3876.5647583007812
0.18375000357627869,-0.036749999970197678,0.033299668575637043,3876.1119384765625
0.18379999697208405,-0.036759998649358749,0.033317034365609288,3875.659912109375
0.1838500052690506,-0.03677000105381012,0.033334399806335568,3875.2078857421875
0.18389999866485596,-0.036779999732971191,0.033351784804835916,3874.752685546875
0.18395000696182251,-0.036789998412132263,0.033369189943186939,3874.2942504882812
0.18400000035762787,-0.036800000816583633,0.033386611612513661,3873.8326416015625
0.18404999375343323,-0.036809999495744705,0.033404049696400762,3873.3678588867188
0.18410000205039978,-0.036819998174905777,0.033421495812945068,3872.901611328125
0.18414999544620514,-0.036830000579357147,0.033438942162320018,3872.4349365234375
0.18420000374317169,-0.036839999258518219,0.033456387929618359,3871.9685668945312
0.18424999713897705,-0.036850001662969589,0.03347382927313447,3871.5035400390625
0.1843000054359436,-0.036860000342130661,0.033491258625872433,3871.0400390625
0.18434999883174896,-0.036869999021291733,0.033508683205582201,3870.578125
0.18440000712871552,-0.036880001425743103,0.0335260956780985,3870.1176147460938
0.18445000052452087,-0.036890000104904175,0.033543507801368833,3869.6578979492188
0.18449999392032623,-0.036899998784065247,0.033560919691808522,3869.1982421875
0.18455000221729279,-0.036910001188516617,0.033578335423953831,3868.73828125
0.18459999561309814,-0.036919999867677689,0.033595755347050726,3868.277587890625
0.1846500039100647,-0.03692999854683876,0.03361318341922015,3867.8150634765625
0.18469999730587006,-0.036940000951290131,0.033630639780312777,3867.3483276367188
0.18475000560283661,-0.036949999630451202,0.033648112323135138,3866.8792114257812
0.18479999899864197,-0.036959998309612274,0.03366559324786067,3866.4083862304688
0.18485000729560852,-0.036970000714063644,0.033683078247122467,3865.9365234375
0.18490000069141388,-0.036979999393224716,0.033700566971674562,3865.464111328125
0.18494999408721924,-0.036990001797676086,0.033718059188686311,3864.991455078125
0.18500000238418579,-0.037000000476837158,0.033735551289282739,3864.5181884765625
0.18504999577999115,-0.03700999915599823,0.033753051073290408,3864.0441284179688
0.1851000040769577,-0.0370200015604496,0.033770550857298076,3863.569580078125
0.18514999747276306,-0.037030000239610672,0.033788050408475101,3863.0950927734375
0.18520000576972961,-0.037039998918771744,0.03380554576870054,3862.6211547851562
0.18524999916553497,-0.037050001323223114,0.033823040430434048,3862.1478881835938
0.18529999256134033,-0.037060000002384186,0.033840534975752234,3861.67431640625
0.18535000085830688,-0.037069998681545258,0.033858041046187282,3861.199462890625
0.18539999425411224,-0.037080001085996628,0.033875571680255234,3860.7202758789062
0.1854500025510788,-0.0370899997651577,0.033893114654347301,3860.2391357421875
0.18549999594688416,-0.037099998444318771,0.033910665893927217,3859.75634765625
0.18555000424385071,-0.037110000848770142,0.033928217366337776,3859.27294921875
0.18559999763965607,-0.037119999527931213,0.033945772331207991,3858.7894897460938
0.18565000593662262,-0.037129998207092285,0.033963322988711298,3858.3063354492188
0.18569999933242798,-0.037140000611543655,0.033980873296968639,3857.8236083984375
0.18574999272823334,-0.037149999290704727,0.033998427214100957,3857.340576171875
0.18580000102519989,-0.037160001695156097,0.034015989047475159,3856.8563232421875
0.18584999442100525,-0.037170000374317169,0.034033559146337211,3856.3705444335938
0.1859000027179718,-0.037179999053478241,0.034051141468808055,3855.8831176757812
0.18594999611377716,-0.037190001457929611,0.034068760462105274,3855.389404296875
0.18600000441074371,-0.037200000137090683,0.034086403553374112,3854.8922119140625
0.18604999780654907,-0.037209998816251755,0.034104046993888915,3854.3941650390625
0.18610000610351562,-0.037220001220703125,0.034121690317988396,3853.89599609375
0.18614999949932098,-0.037229999899864197,0.034139332710765302,3853.3986206054688
0.18619999289512634,-0.037239998579025269,0.034156962996348739,3852.9026489257812
0.1862500011920929,-0.037250000983476639,0.034174580709077418,3852.4086303710938
0.18629999458789825,-0.037259999662637711,0.03419218969065696,3851.9163208007812
0.18635000288486481,-0.037269998341798782,0.03420978644862771,3851.42578125
0.18639999628067017,-0.037280000746250153,0.034227378782816231,3850.9362182617188
0.18645000457763672,-0.037289999425411224,0.034244970884174109,3850.447265625
0.18649999797344208,-0.037300001829862595,0.034262562985531986,3849.9581909179688
0.18655000627040863,-0.037310000509023666,0.034280162886716425,3849.4683227539062
0.18659999966621399,-0.037319999188184738,0.034297771286219358,3848.9766235351562
0.18664999306201935,-0.037330001592636108,0.034315383876673877,3848.48388671875
0.1867000013589859,-0.03734000027179718,0.034333008108660579,3847.9900512695312
0.18674999475479126,-0.037349998950958252,0.034350636531598866,3847.4953002929688
0.18680000305175781,-0.037360001355409622,0.034368268796242774,3846.9996948242188
0.18684999644756317,-0.037370000034570694,0.034385908860713243,3846.5026245117188
0.18690000474452972,-0.037379998713731766,0.034403560566715896,3846.0040893554688
0.18694999814033508,-0.037390001118183136,0.034421216347254813,3845.50439453125
0.18700000643730164,-0.037399999797344208,0.034438876202329993,3845.0035400390625
0.18704999983310699,-0.03740999847650528,0.034456543740816414,3844.501953125
0.18709999322891235,-0.03742000088095665,0.034474215353839099,3843.9990844726562
0.18715000152587891,-0.037429999560117722,0.034491890808567405,3843.4957885742188
0.18719999492168427,-0.037439998239278793,0.034509566030465066,3842.9924926757812
0.18725000321865082,-0.037450000643730164,0.034527237177826464,3842.4898071289062
0.18729999661445618,-0.037459999322891235,0.034544904017820954,3841.9879150390625
0.18735000491142273,-0.037470001727342606,0.034562566434033215,3841.4869995117188
0.18739999830722809,-0.037480000406503677,0.034580224542878568,3840.9873046875
0.18745000660419464,-0.037489999085664749,0.034597878460772336,3840.4881591796875
0.1875,-0.037500001490116119,0.034615532262250781,3839.9887084960938
0.18754999339580536,-0.037510000169277191,0.034633193630725145,3839.4888305664062
0.18760000169277191,-0.037519998848438263,0.034650855348445475,3838.9884033203125
0.18764999508857727,-0.037530001252889633,0.034668520907871425,3838.4876098632812
0.18770000338554382,-0.037539999932050705,0.034686182509176433,3837.9866943359375
0.18774999678134918,-0.037549998611211777,0.034703847602941096,3837.4861450195312
0.18780000507831573,-0.037560001015663147,0.034721504780463874,3836.9861450195312
0.18784999847412109,-0.037569999694824219,0.034739161375910044,3836.4869384765625
0.18790000677108765,-0.037579998373985291,0.034756809822283685,3835.9882202148438
0.18795000016689301,-0.037590000778436661,0.0347744693281129,3835.4888916015625
0.18799999356269836,-0.037599999457597733,0.034792141290381551,3834.9865112304688
0.18805000185966492,-0.037610001862049103,0.034809825243428349,3834.4822998046875
0.18809999525547028,-0.037620000541210175,0.03482752142008394,3833.9760131835938
0.18815000355243683,-0.037629999220371246,0.034845225512981415,3833.468505859375
0.18819999694824219,-0.037640001624822617,0.034862929955124855,3832.9603881835938
0.18825000524520874,-0.037650000303983688,0.03488063788972795,3832.4522094726562
0.1882999986410141,-0.03765999898314476,0.034898345591500401,3831.944091796875
0.18835000693798065,-0.03767000138759613,0.034916049102321267,3831.436767578125
0.18840000033378601,-0.037680000066757202,0.034933748189359903,3830.9305419921875
0.18844999372959137,-0.037689998745918274,0.034951439127326012,3830.4251708984375
0.18850000202655792,-0.037700001150369644,0.034969125757925212,3829.920654296875
0.18854999542236328,-0.037709999829530716,0.034986812039278448,3829.4168090820312
0.18860000371932983,-0.037719998508691788,0.035004494246095419,3828.9130249023438
0.18864999711513519,-0.037730000913143158,0.035022180061787367,3828.4093627929688
0.18870000541210175,-0.03773999959230423,0.035039861919358373,3827.9058227539062
0.1887499988079071,-0.037749998271465302,0.035057543544098735,3827.4024658203125
0.18880000710487366,-0.037760000675916672,0.035075225052423775,3826.89892578125
0.18885000050067902,-0.037769999355077744,0.035092906444333494,3826.3954467773438
0.18889999389648438,-0.037780001759529114,0.035110587603412569,3825.8919067382812
0.18895000219345093,-0.037790000438690186,0.035128268413245678,3825.3887329101562
0.18899999558925629,-0.037799999117851257,0.035145945264957845,3824.8861694335938
0.18905000388622284,-0.037810001522302628,0.035163617809303105,3824.3840942382812
0.1890999972820282,-0.037820000201463699,0.035181290004402399,3823.8825073242188
0.18915000557899475,-0.037829998880624771,0.03519896196667105,3823.3810424804688
0.18919999897480011,-0.037840001285076141,0.0352166339289397,3822.879638671875
0.18925000727176666,-0.037849999964237213,0.035234305774793029,3822.3778686523438
0.18930000066757202,-0.037859998643398285,0.035251985187642276,3821.87548828125
0.18934999406337738,-0.037870001047849655,0.035269664716906846,3821.3729248046875
0.18940000236034393,-0.037879999727010727,0.035287347971461713,3820.8696899414062
0.18944999575614929,-0.037889998406171799,0.035305039025843143,3820.3650512695312
0.18950000405311584,-0.037900000810623169,0.0353227419545874,3819.8588256835938
0.1895499974489212,-0.037909999489784241,0.035340456874109805,3819.3506469726562
0.18960000574588776,-0.037919998168945312,0.035358176100999117,3818.841064453125
0.18964999914169312,-0.037930000573396683,0.035375899169594049,3818.330810546875
0.18970000743865967,-0.037939999252557755,0.035393629805184901,3817.8199462890625
0.18975000083446503,-0.037950001657009125,0.035411364282481372,3817.3082885742188
0.18979999423027039,-0.037960000336170197,0.035429102834314108,3816.7954711914062
0.18985000252723694,-0.037969999015331268,0.035446861293166876,3816.2800903320312
0.1898999959230423,-0.037980001419782639,0.03546462394297123,3815.7633056640625
0.18995000422000885,-0.03799000009894371,0.035482390667311847,3815.2462158203125
0.18999999761581421,-0.037999998778104782,0.035500157042406499,3814.7294311523438
0.19005000591278076,-0.038010001182556152,0.035517915268428624,3814.213623046875
0.19009999930858612,-0.038019999861717224,0.03553566534537822,3813.6991577148438
0.19014999270439148,-0.038029998540878296,0.035553414607420564,3813.1856079101562
0.19020000100135803,-0.038040000945329666,0.035571163753047585,3812.6718139648438
0.19024999439716339,-0.038049999624490738,0.03558892069850117,3812.1571044921875
0.19030000269412994,-0.03805999830365181,0.035606689751148224,3811.6404418945312
0.1903499960899353,-0.03807000070810318,0.035624463111162186,3811.1223754882812
0.19040000438690186,-0.038079999387264252,0.035642240545712411,3810.6036376953125
0.19044999778270721,-0.038090001791715622,0.035660017631016672,3810.0850830078125
0.19050000607967377,-0.038100000470876694,0.035677786450833082,3809.567626953125
0.19054999947547913,-0.038109999150037766,0.035695550730451941,3809.0511474609375
0.19059999287128448,-0.038120001554489136,0.035713310586288571,3808.5354614257812
0.19065000116825104,-0.038130000233650208,0.035731074051000178,3808.0194091796875
0.1906999945640564,-0.038139998912811279,0.035748845199123025,3807.5026245117188
0.19075000286102295,-0.03815000131726265,0.035766616696491838,3806.9850463867188
0.19079999625682831,-0.038159999996423721,0.035784392151981592,3806.4669189453125
0.19085000455379486,-0.038169998675584793,0.035802167491056025,3805.9486694335938
0.19089999794960022,-0.038180001080036163,0.035819942480884492,3805.4307250976562
0.19095000624656677,-0.038189999759197235,0.035837713279761374,3804.9134521484375
0.19099999964237213,-0.038199998438358307,0.035855483845807612,3804.39599609375
0.19104999303817749,-0.038210000842809677,0.035873265704140067,3803.8773803710938
0.19110000133514404,-0.038219999521970749,0.035891063627786934,3803.3563842773438
0.1911499947309494,-0.038229998201131821,0.035908877616748214,3802.832275390625
0.19120000302791595,-0.038240000605583191,0.035926704062148929,3802.3058471679688
0.19124999642372131,-0.038249999284744263,0.035944534814916551,3801.7779541015625
0.19130000472068787,-0.038260001689195633,0.035962369292974472,3801.2496337890625
0.19134999811649323,-0.038270000368356705,0.035980203305371106,3800.721923828125
0.19140000641345978,-0.038279999047517776,0.035998033010400832,3800.195068359375
0.19144999980926514,-0.038290001451969147,0.03601585456635803,3799.6693115234375
0.1914999932050705,-0.038300000131130219,0.036033671698532999,3799.1448364257812
0.19155000150203705,-0.03830999881029129,0.036051476839929819,3798.62158203125
0.19159999489784241,-0.038320001214742661,0.036069281282834709,3798.099609375
0.19165000319480896,-0.038329999893903732,0.036087089218199253,3797.576904296875
0.19169999659061432,-0.038339998573064804,0.036104921367950737,3797.0504150390625
0.19175000488758087,-0.038350000977516174,0.036122769699431956,3796.5208129882812
0.19179999828338623,-0.038359999656677246,0.036140654468908906,3795.985107421875
0.19185000658035278,-0.038369998335838318,0.03615854773670435,3795.4472045898438
0.19189999997615814,-0.038380000740289688,0.036176445079036057,3794.9083251953125
0.1919499933719635,-0.03838999941945076,0.036194341955706477,3794.369873046875
0.19200000166893005,-0.03840000182390213,0.036212230450473726,3793.832763671875
0.19204999506473541,-0.038410000503063202,0.036230110330507159,3793.2976684570312
0.19210000336170197,-0.038419999182224274,0.036247977870516479,3792.7645874023438
0.19214999675750732,-0.038430001586675644,0.036265837028622627,3792.2333374023438
0.19220000505447388,-0.038440000265836716,0.036283687921240926,3791.7034912109375
0.19224999845027924,-0.038449998944997787,0.03630153089761734,3791.1743774414062
0.19230000674724579,-0.038460001349449158,0.036319373408332467,3790.6461181640625
0.19235000014305115,-0.038470000028610229,0.036337223486043513,3790.1170043945312
0.19239999353885651,-0.038479998707771301,0.03635508578736335,3789.5857543945312
0.19245000183582306,-0.038490001112222672,0.036372952396050096,3789.0529174804688
0.19249999523162842,-0.038499999791383743,0.036390826804563403,3788.5188598632812
0.19255000352859497,-0.038509998470544815,0.036408705171197653,3787.984375
0.19259999692440033,-0.038520000874996185,0.036426583188585937,3787.4497680664062
0.19265000522136688,-0.038529999554157257,0.036444457131437957,3786.9156494140625
0.19269999861717224,-0.038539998233318329,0.036462326534092426,3786.3824462890625
0.19275000691413879,-0.038550000637769699,0.036480191512964666,3785.8504028320312
0.19280000030994415,-0.038559999316930771,0.036498044617474079,3785.3193359375
0.19284999370574951,-0.038570001721382141,0.036515897023491561,3784.7893676757812
0.19290000200271606,-0.038580000400543213,0.036533741513267159,3784.2603759765625
0.19294999539852142,-0.038589999079704285,0.036551585420966148,3783.73193359375
0.19300000369548798,-0.038600001484155655,0.036569425370544195,3783.2039184570312
0.19304999709129333,-0.038610000163316727,0.036587261245585978,3782.6764526367188
0.19310000538825989,-0.038619998842477798,0.036605100729502738,3782.1488647460938
0.19314999878406525,-0.038630001246929169,0.036622936138883233,3781.62158203125
0.1932000070810318,-0.03863999992609024,0.036640771315433085,3781.0945434570312
0.19325000047683716,-0.038649998605251312,0.036658602533861995,3780.5679931640625
0.19329999387264252,-0.038660001009702682,0.036676433286629617,3780.0416870117188
0.19335000216960907,-0.038669999688863754,0.036694259964860976,3779.515869140625
0.19339999556541443,-0.038679998368024826,0.036712082452140749,3778.9906616210938
0.19345000386238098,-0.038690000772476196,0.036729904590174556,3778.4658203125
0.19349999725818634,-0.038699999451637268,0.036747726378962398,3777.9413452148438
0.19355000555515289,-0.038710001856088638,0.036765548167750239,3777.41650390625
0.19359999895095825,-0.03872000053524971,0.036783373798243701,3776.89111328125
0.1936500072479248,-0.038729999214410782,0.036801203619688749,3776.3648071289062
0.19370000064373016,-0.038740001618862152,0.036819041124545038,3775.83740234375
0.19374999403953552,-0.038750000298023224,0.03683688270393759,3775.3094482421875
0.19380000233650208,-0.038759998977184296,0.036854724166914821,3774.78125
0.19384999573230743,-0.038770001381635666,0.036872565280646086,3774.2532958984375
0.19390000402927399,-0.038780000060796738,0.036890402319841087,3773.7260131835938
0.19394999742507935,-0.038789998739957809,0.03690823505166918,3773.1995239257812
0.1940000057220459,-0.03880000114440918,0.036926063359715044,3772.6741333007812
0.19404999911785126,-0.038809999823570251,0.036943887360394001,3772.1495971679688
0.19410000741481781,-0.038819998502731323,0.036961703328415751,3771.6260986328125
0.19415000081062317,-0.038830000907182693,0.036979515105485916,3771.10302734375
0.19419999420642853,-0.038839999586343765,0.036997330375015736,3770.5801391601562
0.19425000250339508,-0.038849998265504837,0.03701515740249306,3770.0552978515625
0.19429999589920044,-0.038860000669956207,0.03703299630433321,3769.5286254882812
0.19435000419616699,-0.038869999349117279,0.037050863611511886,3768.9969482421875
0.19439999759197235,-0.038880001753568649,0.037068743025884032,3768.4629516601562
0.1944500058889389,-0.038890000432729721,0.037086630705744028,3767.9275512695312
0.19449999928474426,-0.038899999111890793,0.037104522110894322,3767.3916015625
0.19454999268054962,-0.038910001516342163,0.037122413399629295,3766.8560180664062
0.19460000097751617,-0.038920000195503235,0.037140308180823922,3766.3202514648438
0.19464999437332153,-0.038929998874664307,0.037158202962018549,3765.7844848632812
0.19470000267028809,-0.038940001279115677,0.037176097510382533,3765.2487182617188
0.19474999606609344,-0.038949999958276749,0.037193991825915873,3764.713134765625
0.19480000436306,-0.03895999863743782,0.037211885792203248,3764.1775512695312
0.19484999775886536,-0.038970001041889191,0.037229779758490622,3763.64208984375
0.19490000605583191,-0.038979999721050262,0.037247673491947353,3763.1068115234375
0.19494999945163727,-0.038989998400211334,0.037265563034452498,3762.5719604492188
0.19499999284744263,-0.039000000804662704,0.037283448386006057,3762.037841796875
0.19505000114440918,-0.039009999483823776,0.037301329430192709,3761.5045776367188
0.19509999454021454,-0.039019998162984848,0.037319202441722155,3760.9723510742188
0.19515000283718109,-0.039030000567436218,0.037337074871174991,3760.440673828125
0.19519999623298645,-0.03903999924659729,0.037354954867623746,3759.9081420898438
0.195250004529953,-0.03905000165104866,0.037372858496382833,3759.372314453125
0.19529999792575836,-0.039060000330209732,0.03739079472143203,3758.8307495117188
0.19535000622272491,-0.039069999009370804,0.037408767617307603,3758.2826538085938
0.19539999961853027,-0.039080001413822174,0.03742676938418299,3757.7296752929688
0.19544999301433563,-0.039090000092983246,0.037444783491082489,3757.174072265625
0.19550000131130219,-0.039099998772144318,0.037462801206856966,3756.6184692382812
0.19554999470710754,-0.039110001176595688,0.037480806699022651,3756.064208984375
0.1956000030040741,-0.03911999985575676,0.037498803343623877,3755.5128784179688
0.19564999639987946,-0.039129998534917831,0.037516779499128461,3754.96435546875
0.19570000469684601,-0.039140000939369202,0.037534739356487989,3754.4183959960938
0.19574999809265137,-0.039149999618530273,0.037552690599113703,3753.8745727539062
0.19580000638961792,-0.039159998297691345,0.037570641376078129,3753.3314208984375
0.19584999978542328,-0.039170000702142715,0.037588596111163497,3752.7871704101562
0.19589999318122864,-0.039179999381303787,0.037606562953442335,3752.2411499023438
0.19595000147819519,-0.039190001785755157,0.037624542019329965,3751.6927490234375
0.19599999487400055,-0.039200000464916229,0.037642533075995743,3751.1427001953125
0.1960500031709671,-0.039209999144077301,0.037660524365492165,3750.591796875
0.19609999656677246,-0.039220001548528671,0.037678519263863564,3750.0409545898438
0.19615000486373901,-0.039230000227689743,0.037696506129577756,3749.4909057617188
0.19619999825954437,-0.039239998906850815,0.037714488571509719,3748.9420166015625
0.19625000655651093,-0.039250001311302185,0.037732462747953832,3748.3944091796875
0.19629999995231628,-0.039259999990463257,0.037750432617031038,3747.8477783203125
0.19634999334812164,-0.039269998669624329,0.03776839841157198,3747.30224609375
0.1964000016450882,-0.039280001074075699,0.037786360015161335,3746.75732421875
0.19644999504089355,-0.039289999753236771,0.037804317544214427,3746.212890625
0.19650000333786011,-0.039299998432397842,0.037822274607606232,3745.6689453125
0.19654999673366547,-0.039310000836849213,0.037840227712877095,3745.1251831054688
0.19660000503063202,-0.039319999516010284,0.037858200026676059,3744.5789184570312
0.19664999842643738,-0.039329998195171356,0.037876184331253171,3744.030517578125
0.19670000672340393,-0.039340000599622726,0.037894184701144695,3743.4794921875
0.19675000011920929,-0.039349999278783798,0.037912197294645011,3742.9258422851562
0.19679999351501465,-0.039360001683235168,0.037930221878923476,3742.3705444335938
0.1968500018119812,-0.03937000036239624,0.037948250537738204,3741.8143920898438
0.19689999520778656,-0.039379999041557312,0.03796627523843199,3741.2583618164062
0.19695000350475311,-0.039390001446008682,0.037984295282512903,3740.7036743164062
0.19699999690055847,-0.039400000125169754,0.038002303219400346,3740.1507568359375
0.19705000519752502,-0.039409998804330826,0.038020302541553974,3739.5997314453125
0.19709999859333038,-0.039420001208782196,0.03803829348180443,3739.0502319335938
0.19715000689029694,-0.039429999887943268,0.038056280114687979,3738.5015869140625
0.19720000028610229,-0.03943999856710434,0.038074274314567447,3737.9521484375
0.19724999368190765,-0.03945000097155571,0.038092301110737026,3737.39697265625
0.19730000197887421,-0.039459999650716782,0.038110343622975051,3736.8394775390625
0.19734999537467957,-0.039469998329877853,0.038128398358821869,3736.2796630859375
0.19740000367164612,-0.039480000734329224,0.038146461243741214,3735.71826171875
0.19744999706745148,-0.039489999413490295,0.038164531928487122,3735.1556396484375
0.19750000536441803,-0.039500001817941666,0.038182618096470833,3734.5905151367188
0.19754999876022339,-0.039510000497102737,0.038200708455406129,3734.0239868164062
0.19760000705718994,-0.039519999176263809,0.038218810455873609,3733.4566040039062
0.1976500004529953,-0.039530001580715179,0.038236916647292674,3732.8878784179688
0.19769999384880066,-0.039540000259876251,0.038255027029663324,3732.318603515625
0.19775000214576721,-0.039549998939037323,0.038273145444691181,3731.7479858398438
0.19779999554157257,-0.039560001343488693,0.03829126781783998,3731.1773071289062
0.19785000383853912,-0.039570000022649765,0.038309386232867837,3730.6068115234375
0.19789999723434448,-0.039579998701810837,0.03832750441506505,3730.0370483398438
0.19795000553131104,-0.039590001106262207,0.038345618289895356,3729.4679565429688
0.19799999892711639,-0.039599999785423279,0.038363724248483777,3728.8998413085938
0.19805000722408295,-0.039609998464584351,0.038381829624995589,3728.3327026367188
0.19810000061988831,-0.039620000869035721,0.038399926852434874,3727.7662353515625
0.19814999401569366,-0.039629999548196793,0.038418019888922572,3727.2007446289062
0.19820000231266022,-0.039639998227357864,0.038436108618043363,3726.6358032226562
0.19824999570846558,-0.039650000631809235,0.038454193039797246,3726.0714111328125
0.19830000400543213,-0.039659999310970306,0.038472277112305164,3725.5074462890625
0.19834999740123749,-0.039670001715421677,0.038490360835567117,3724.943603515625
0.19840000569820404,-0.039680000394582748,0.038508444442413747,3724.3797607421875
0.1984499990940094,-0.03968999907374382,0.038526527932845056,3723.8157958984375
0.19850000739097595,-0.03970000147819519,0.038544611423276365,3723.2516479492188
0.19855000078678131,-0.039710000157356262,0.038562694797292352,3722.6876831054688
0.19859999418258667,-0.039719998836517334,0.038580777938477695,3722.1239624023438
0.19865000247955322,-0.039730001240968704,0.038598857121542096,3721.560791015625
0.19869999587535858,-0.039739999920129776,0.038616932113654912,3720.998046875
0.19875000417232513,-0.039749998599290848,0.038635006756521761,3720.43603515625
0.19879999756813049,-0.039760001003742218,0.038653073250316083,3719.8746337890625
0.19885000586509705,-0.03976999968290329,0.03867113939486444,3719.31396484375
0.1988999992609024,-0.039779998362064362,0.038689205190166831,3718.7536010742188
0.19894999265670776,-0.039790000766515732,0.038707266910932958,3718.1932983398438
0.19900000095367432,-0.039799999445676804,0.038725328398868442,3717.63330078125
0.19904999434947968,-0.039810001850128174,0.038743389653973281,3717.073486328125
0.19910000264644623,-0.039820000529289246,0.038761446950957179,3716.5137939453125
0.19914999604225159,-0.039829999208450317,0.038779504015110433,3715.9544067382812
0.19920000433921814,-0.039840001612901688,0.038797560730017722,3715.3955078125
0.1992499977350235,-0.039850000292062759,0.038815613370388746,3714.8369750976562
0.19930000603199005,-0.039859998971223831,0.038833669619634748,3714.2782592773438
0.19934999942779541,-0.039870001375675201,0.038851725868880749,3713.7192993164062
0.19939999282360077,-0.039880000054836273,0.038869786192663014,3713.1596069335938
0.19945000112056732,-0.039889998733997345,0.038887850241735578,3712.5994262695312
0.19949999451637268,-0.039900001138448715,0.038905914290808141,3712.0390014648438
0.19955000281333923,-0.039909999817609787,0.038923977990634739,3711.4788208007812
0.19959999620914459,-0.039919998496770859,0.038942037615925074,3710.91943359375
0.19965000450611115,-0.039930000901222229,0.03896008909214288,3710.3607177734375
0.1996999979019165,-0.039939999580383301,0.038978140102699399,3709.8029174804688
0.19975000619888306,-0.039949998259544373,0.03899618296418339,3709.2459106445312
0.19979999959468842,-0.039960000663995743,0.039014225592836738,3708.689453125
0.19984999299049377,-0.039969999343156815,0.039032267755828798,3708.1332397460938
0.19990000128746033,-0.039980001747608185,0.039050306077115238,3707.577392578125
0.19994999468326569,-0.039990000426769257,0.039068344165571034,3707.0216674804688
0.20000000298023224,-0.039999999105930328,0.039086382021196187,3706.4661254882812
0.2000499963760376,-0.040010001510381699,0.039104419760406017,3705.9107055664062
0.20010000467300415,-0.04002000018954277,0.039122453541494906,3705.35546875
0.20014999806880951,-0.040029998868703842,0.039140490698628128,3704.8004150390625
0.20020000636577606,-0.040040001273155212,0.039158523897640407,3704.2455444335938
0.20024999976158142,-0.040049999952316284,0.039176560821942985,3703.6902465820312
0.20029999315738678,-0.040059998631477356,0.039194601704366505,3703.1340942382812
0.20035000145435333,-0.040070001035928726,0.039212646661326289,3702.5772705078125
0.20039999485015869,-0.040079999715089798,0.039230691618286073,3702.0202026367188
0.20045000314712524,-0.04008999839425087,0.039248743909411132,3701.462890625
0.2004999965429306,-0.04010000079870224,0.03926679608412087,3700.9049682617188
0.20055000483989716,-0.040109999477863312,0.039284852216951549,3700.3463134765625
0.20059999823570251,-0.040119998157024384,0.039302916149608791,3699.78662109375
0.20065000653266907,-0.040130000561475754,0.039320987882092595,3699.2258911132812
0.20069999992847443,-0.040139999240636826,0.039339079288765788,3698.6620483398438
0.20074999332427979,-0.040150001645088196,0.039357182802632451,3698.0958862304688
0.20080000162124634,-0.040160000324249268,0.039375326014123857,3697.5237426757812
0.2008499950170517,-0.040169999003410339,0.039393485523760319,3696.948486328125
0.20090000331401825,-0.04018000140786171,0.039411657257005572,3696.3710327148438
0.20094999670982361,-0.040190000087022781,0.039429832948371768,3695.792724609375
0.20100000500679016,-0.040199998766183853,0.0394480045652017,3695.2149047851562
0.20104999840259552,-0.040210001170635223,0.039466171525418758,3694.6386108398438
0.20110000669956207,-0.040219999849796295,0.039484322536736727,3694.0642700195312
0.20115000009536743,-0.040229998528957367,0.039502468891441822,3693.4916381835938
0.20119999349117279,-0.040240000933408737,0.039520606980659068,3692.9203491210938
0.20125000178813934,-0.040249999612569809,0.039538737037219107,3692.3499145507812
0.2012999951839447,-0.040259998291730881,0.039556870702654123,3691.7796630859375
0.20135000348091125,-0.040270000696182251,0.039575012167915702,3691.2080688476562
0.20139999687671661,-0.040279999375343323,0.0395931740058586,3690.6326293945312
0.20145000517368317,-0.040290001779794693,0.039611351676285267,3690.0551147460938
0.20149999856948853,-0.040300000458955765,0.039629537495784461,3689.4757080078125
0.20155000686645508,-0.040309999138116837,0.039647727506235242,3688.8952026367188
0.20160000026226044,-0.040320001542568207,0.039665921125560999,3688.3145141601562
0.2016499936580658,-0.040330000221729279,0.039684114512056112,3687.7340087890625
0.20170000195503235,-0.04033999890089035,0.03970230754930526,3687.1537475585938
0.20174999535083771,-0.040350001305341721,0.039720508037135005,3686.5728149414062
0.20180000364780426,-0.040359999984502792,0.039738712832331657,3685.9906616210938
0.20184999704360962,-0.040369998663663864,0.039756929501891136,3685.40673828125
0.20190000534057617,-0.040380001068115234,0.039775150478817523,3684.821533203125
0.20194999873638153,-0.040389999747276306,0.039793375181034207,3684.2359008789062
0.20200000703334808,-0.040399998426437378,0.039811595808714628,3683.65087890625
0.20205000042915344,-0.040410000830888748,0.039829808170907199,3683.0667114257812
0.2020999938249588,-0.04041999951004982,0.039848015992902219,3682.4837646484375
0.20215000212192535,-0.040429998189210892,0.039866219507530332,3681.9019165039062
0.20219999551773071,-0.040440000593662262,0.039884418714791536,3681.320556640625
0.20225000381469727,-0.040449999272823334,0.039902617689222097,3680.7395629882812
0.20229999721050262,-0.040460001677274704,0.03992081293836236,3680.15869140625
0.20235000550746918,-0.040470000356435776,0.039939011679962277,3679.57763671875
0.20239999890327454,-0.040479999035596848,0.039957210421562195,3678.9964599609375
0.20245000720024109,-0.040490001440048218,0.03997540904674679,3678.4149780273438
0.20250000059604645,-0.04050000011920929,0.039993607555516064,3677.833740234375
0.20254999399185181,-0.040509998798370361,0.040011805831454694,3677.2525634765625
0.20260000228881836,-0.040520001202821732,0.04003000003285706,3676.6715087890625
0.20264999568462372,-0.040529999881982803,0.040048197726719081,3676.0906372070312
0.20270000398159027,-0.040539998561143875,0.040066395420581102,3675.5094604492188
0.20274999737739563,-0.040550000965595245,0.040084600797854364,3674.927001953125
0.20280000567436218,-0.040559999644756317,0.040102825849317014,3674.342041015625
0.20284999907016754,-0.040569998323917389,0.040121071040630341,3673.7532348632812
0.20290000736713409,-0.040580000728368759,0.040139344288036227,3673.160400390625
0.20295000076293945,-0.040589999407529831,0.040157662006095052,3672.5594482421875
0.20299999415874481,-0.040600001811981201,0.040176007896661758,3671.9533081054688
0.20305000245571136,-0.040610000491142273,0.040194357861764729,3671.3463134765625
0.20309999585151672,-0.040619999170303345,0.040212703519500792,3670.739990234375
0.20315000414848328,-0.040630001574754715,0.040231036837212741,3670.1353149414062
0.20319999754428864,-0.040640000253915787,0.040249361423775554,3669.5330810546875
0.20325000584125519,-0.040649998933076859,0.04026766971219331,3668.9331665039062
0.20329999923706055,-0.040660001337528229,0.040285965777002275,3668.3351440429688
0.20334999263286591,-0.040670000016689301,0.040304261376149952,3667.7379150390625
0.20340000092983246,-0.040679998695850372,0.040322560700587928,3667.140380859375
0.20344999432563782,-0.040690001100301743,0.04034086421597749,3666.5418701171875
0.20350000262260437,-0.040699999779462814,0.040359175647608936,3665.942138671875
0.20354999601840973,-0.040709998458623886,0.040377491270191967,3665.3414306640625
0.20360000431537628,-0.040720000863075256,0.040395810850895941,3664.7399291992188
0.20364999771118164,-0.040729999542236328,0.040414134040474892,3664.1382446289062
0.20370000600814819,-0.0407399982213974,0.040432453388348222,3663.5365600585938
0.20374999940395355,-0.04075000062584877,0.040450772270560265,3662.935302734375
0.20379999279975891,-0.040759999305009842,0.040469087078236043,3662.3344116210938
0.20385000109672546,-0.040770001709461212,0.040487401303835213,3661.7343139648438
0.20389999449253082,-0.040780000388622284,0.040505707613192499,3661.134521484375
0.20395000278949738,-0.040789999067783356,0.040524013689719141,3660.5350952148438
0.20399999618530273,-0.040800001472234726,0.040542319416999817,3659.935791015625
0.20405000448226929,-0.040810000151395798,0.040560625027865171,3659.3364868164062
0.20409999787807465,-0.04081999883055687,0.040578930522315204,3658.7371215820312
0.2041500061750412,-0.04083000123500824,0.040597239742055535,3658.1373901367188
0.20419999957084656,-0.040839999914169312,0.040615552803501487,3657.537109375
0.20424999296665192,-0.040849998593330383,0.040633869939483702,3656.93603515625
0.20430000126361847,-0.040860000997781754,0.040652190917171538,3656.3341674804688
0.20434999465942383,-0.040869999676942825,0.040670515852980316,3655.7318115234375
0.20440000295639038,-0.040879998356103897,0.04068884055595845,3655.1293334960938
0.20444999635219574,-0.040890000760555267,0.040707168867811561,3654.5269775390625
0.20450000464916229,-0.040899999439716339,0.040725501021370292,3653.9235229492188
0.20454999804496765,-0.040910001844167709,0.040743849356658757,3653.3170166015625
0.2046000063419342,-0.040920000523328781,0.040762205608189106,3652.709228515625
0.20464999973773956,-0.040929999202489853,0.040780569775961339,3652.1004638671875
0.20469999313354492,-0.040940001606941223,0.040798933827318251,3651.4910888671875
0.20475000143051147,-0.040950000286102295,0.040817297762259841,3650.8821411132812
0.20479999482631683,-0.040959998965263367,0.040835657389834523,3650.2735595703125
0.20485000312328339,-0.040970001369714737,0.040854012942872941,3649.6655883789062
0.20489999651908875,-0.040980000048875809,0.040872368146665394,3649.0581665039062
0.2049500048160553,-0.04098999872803688,0.040890723234042525,3648.4509887695312
0.20499999821186066,-0.041000001132488251,0.040909078321419656,3647.8433227539062
0.20505000650882721,-0.041009999811649323,0.040927444933913648,3647.2347412109375
0.20509999990463257,-0.041019998490810394,0.040945812012068927,3646.625
0.20514999330043793,-0.041030000895261765,0.040964187006466091,3646.0144653320312
0.20520000159740448,-0.041039999574422836,0.040982569567859173,3645.4031982421875
0.20524999499320984,-0.041049998253583908,0.041000948403961957,3644.7913818359375
0.20530000329017639,-0.041060000658035278,0.041019330848939717,3644.179443359375
0.20534999668598175,-0.04106999933719635,0.041037713061086833,3643.5676879882812
0.2054000049829483,-0.04108000174164772,0.041056095040403306,3642.9560546875
0.20544999837875366,-0.041090000420808792,0.041074472945183516,3642.3446044921875
0.20550000667572021,-0.041099999099969864,0.041092850617133081,3641.7335815429688
0.20555000007152557,-0.041110001504421234,0.041111231897957623,3641.1227416992188
0.20559999346733093,-0.041120000183582306,0.041129609337076545,3640.5115966796875
0.20565000176429749,-0.041129998862743378,0.041147990617901087,3639.9004516601562
0.20569999516010284,-0.041140001267194748,0.041166371898725629,3639.2891235351562
0.2057500034570694,-0.04114999994635582,0.041184753179550171,3638.6773681640625
0.20579999685287476,-0.041159998625516891,0.041203134460374713,3638.0657348632812
0.20585000514984131,-0.041170001029968262,0.041221519350074232,3637.4539184570312
0.20589999854564667,-0.041179999709129333,0.04123990423977375,3636.8419189453125
0.20595000684261322,-0.041189998388290405,0.041258289013057947,3636.2293701171875
0.20600000023841858,-0.041200000792741776,0.041276677511632442,3635.6165771484375
0.20604999363422394,-0.041209999471902847,0.041295065893791616,3635.0035400390625
0.20610000193119049,-0.041219998151063919,0.041313453926704824,3634.3909301757812
0.20614999532699585,-0.041230000555515289,0.041331841610372066,3633.7783203125
0.2062000036239624,-0.041239999234676361,0.041350225452333689,3633.1658935546875
0.20624999701976776,-0.041250001639127731,0.041368616628460586,3632.5531616210938
0.20630000531673431,-0.041260000318288803,0.041387011995539069,3631.9395751953125
0.20634999871253967,-0.041269998997449875,0.041405431227758527,3631.3218383789062
0.20640000700950623,-0.041280001401901245,0.041423862683586776,3630.7023315429688
0.20645000040531158,-0.041290000081062317,0.04144230589736253,3630.080810546875
0.20649999380111694,-0.041299998760223389,0.041460760985501111,3629.45751953125
0.2065500020980835,-0.041310001164674759,0.041479224339127541,3628.832275390625
0.20659999549388885,-0.041319999843835831,0.041497703292407095,3628.2047729492188
0.20665000379085541,-0.041329998522996902,0.041516197961755097,3627.5748901367188
0.20669999718666077,-0.041340000927448273,0.041534708696417511,3626.9423217773438
0.20675000548362732,-0.041349999606609344,0.041553235379979014,3626.30712890625
0.20679999887943268,-0.041359998285770416,0.041571773937903345,3625.66943359375
0.20685000717639923,-0.041370000690221786,0.041590324486605823,3625.0299682617188
0.20690000057220459,-0.041379999369382858,0.041608882951550186,3624.3889770507812
0.20694999396800995,-0.041390001773834229,0.041627449216321111,3623.746826171875
0.2070000022649765,-0.0414000004529953,0.041646019322797656,3623.1041259765625
0.20704999566078186,-0.041409999132156372,0.04166458931285888,3622.4612426757812
0.20710000395774841,-0.041420001536607742,0.041683155461214483,3621.8184814453125
0.20714999735355377,-0.041430000215768814,0.041701728827320039,3621.17578125
0.20720000565052032,-0.041439998894929886,0.041720317909494042,3620.5308837890625
0.20724999904632568,-0.041450001299381256,0.041738915373571217,3619.8843383789062
0.20730000734329224,-0.041459999978542328,0.04175752482842654,3619.236083984375
0.2073500007390976,-0.0414699986577034,0.041776138357818127,3618.586669921875
0.20739999413490295,-0.04148000106215477,0.041794755845330656,3617.9367065429688
0.20745000243186951,-0.041489999741315842,0.041813372983597219,3617.2869873046875
0.20749999582767487,-0.041499998420476913,0.041831985930912197,3616.6377563476562
0.20755000412464142,-0.041510000824928284,0.041850594570860267,3615.9891967773438
0.20759999752044678,-0.041519999504089355,0.041869202745147049,3615.3411865234375
0.20765000581741333,-0.041529998183250427,0.04188780696131289,3614.6934204101562
0.20769999921321869,-0.041540000587701797,0.041906410944648087,3614.0459594726562
0.20774999260902405,-0.041549999266862869,0.041925014811567962,3613.3983764648438
0.2078000009059906,-0.04156000167131424,0.041943618794903159,3612.7505493164062
0.20784999430179596,-0.041570000350475311,0.041962226619943976,3612.102294921875
0.20790000259876251,-0.041579999029636383,0.041980838170275092,3611.4536743164062
0.20794999599456787,-0.041590001434087753,0.041999449720606208,3610.8047485351562
0.20800000429153442,-0.041600000113248825,0.042018065112642944,3610.1550903320312
0.20804999768733978,-0.041609998792409897,0.042036684229969978,3609.5049438476562
0.20810000598430634,-0.041620001196861267,0.042055310914292932,3608.8540649414062
0.20814999938011169,-0.041629999876022339,0.042073937715031207,3608.2027587890625
0.20819999277591705,-0.041639998555183411,0.042092568357475102,3607.5509643554688
0.20825000107288361,-0.041650000959634781,0.042111198999918997,3606.8990478515625
0.20829999446868896,-0.041659999638795853,0.042129829409532249,3606.2471313476562
0.20835000276565552,-0.041669998317956924,0.042148459702730179,3605.59521484375
0.20839999616146088,-0.041680000722408295,0.042167089763097465,3604.9437255859375
0.20845000445842743,-0.041689999401569366,0.042185715632513165,3604.2926025390625
0.20849999785423279,-0.041700001806020737,0.042204337427392602,3603.6420288085938
0.20855000615119934,-0.041710000485181808,0.042222958873026073,3602.9918823242188
0.2085999995470047,-0.04171999916434288,0.042241576127707958,3602.3419799804688
0.20864999294281006,-0.04173000156879425,0.042260204791091383,3601.6908569335938
0.20870000123977661,-0.041740000247955322,0.042278861510567367,3601.0348510742188
0.20874999463558197,-0.041749998927116394,0.042297542211599648,3600.3750610351562
0.20880000293254852,-0.041760001331567764,0.042316250968724489,3599.7109375
0.20884999632835388,-0.041770000010728836,0.042335016070865095,3599.0369873046875
0.20890000462532043,-0.041779998689889908,0.042353809461928904,3598.358154296875
0.20894999802112579,-0.041790001094341278,0.042372622876428068,3597.67578125
0.20900000631809235,-0.04179999977350235,0.042391448048874736,3596.9913330078125
0.20904999971389771,-0.041809998452663422,0.042410277179442346,3596.3060913085938
0.20909999310970306,-0.041820000857114792,0.042429102119058371,3595.6209716796875
0.20915000140666962,-0.041829999536275864,0.042447922634892166,3594.9368896484375
0.20919999480247498,-0.041839998215436935,0.042466734652407467,3594.254638671875
0.20925000309944153,-0.041850000619888306,0.042485534562729299,3593.5740356445312
0.20929999649524689,-0.041859999299049377,0.042504329816438258,3592.8953247070312
0.20935000479221344,-0.041870001703500748,0.042523113312199712,3592.2174072265625
0.2093999981880188,-0.041880000382661819,0.042541900300420821,3591.5399780273438
0.20945000648498535,-0.041889999061822891,0.04256068728864193,3590.8624267578125
0.20949999988079071,-0.041900001466274261,0.042579478234983981,3590.1840209960938
0.20954999327659607,-0.041910000145435333,0.042598276981152594,3589.5048217773438
0.20960000157356262,-0.041919998824596405,0.042617075960151851,3588.8250122070312
0.20964999496936798,-0.041930001229047775,0.042635878664441407,3588.1446533203125
0.20970000326633453,-0.041939999908208847,0.042654685094021261,3587.4640502929688
0.20974999666213989,-0.041949998587369919,0.042673487565480173,3586.7832641601562
0.20980000495910645,-0.041960000991821289,0.042692293529398739,3586.1026611328125
0.2098499983549118,-0.041969999670982361,0.042711095768027008,3585.421875
0.20990000665187836,-0.041979998350143433,0.042729901615530252,3584.7410888671875
0.20995000004768372,-0.041990000754594803,0.042748707230202854,3584.060302734375
0.20999999344348907,-0.041999999433755875,0.042767508886754513,3583.3797607421875
0.21005000174045563,-0.042010001838207245,0.042786314152181149,3582.6991577148438
0.21009999513626099,-0.042020000517368317,0.042805119417607784,3582.0183715820312
0.21015000343322754,-0.042029999196529388,0.04282392468303442,3581.3372192382812
0.2101999968290329,-0.042040001600980759,0.042842737515456975,3580.6556396484375
0.21025000512599945,-0.04205000028014183,0.042861546622589231,3579.9737548828125
0.21029999852180481,-0.042059998959302902,0.042880359338596463,3579.2916870117188
0.21035000681877136,-0.042070001363754272,0.042899175663478673,3578.6094970703125
0.21040000021457672,-0.042080000042915344,0.042917988146655262,3577.9275512695312
0.21044999361038208,-0.042089998722076416,0.042936796555295587,3577.2459106445312
0.21050000190734863,-0.042100001126527786,0.042955604731105268,3576.5645141601562
0.21054999530315399,-0.042109999805688858,0.042974412674084306,3575.8833618164062
0.21060000360012054,-0.04211999848484993,0.04299322422593832,3575.2022094726562
0.2106499969959259,-0.0421300008893013,0.043012031819671392,3574.5208129882812
0.21070000529289246,-0.042139999568462372,0.043030843138694763,3573.8394775390625
0.21074999868869781,-0.042149998247623444,0.043049654574133456,3573.1574096679688
0.21080000698566437,-0.042160000652074814,0.043068473576568067,3572.4746704101562
0.21085000038146973,-0.042169999331235886,0.043087300495244563,3571.7908935546875
0.21089999377727509,-0.042180001735687256,0.043106131372042,3571.1062622070312
0.21095000207424164,-0.042190000414848328,0.04312496620696038,3570.4210815429688
0.210999995470047,-0.042199999094009399,0.04314380104187876,3569.7356567382812
0.21105000376701355,-0.04221000149846077,0.043162631918676198,3569.05029296875
0.21109999716281891,-0.042220000177621841,0.043181466171517968,3568.3654174804688
0.21115000545978546,-0.042229998856782913,0.043200296233408153,3567.6809692382812
0.21119999885559082,-0.042240001261234283,0.043219122337177396,3566.9970092773438
0.21125000715255737,-0.042249999940395355,0.043237944249995053,3566.3137817382812
0.21130000054836273,-0.042259998619556427,0.043256765697151423,3565.630859375
0.21134999394416809,-0.042270001024007797,0.04327558318618685,3564.9483032226562
0.21140000224113464,-0.042279999703168869,0.043294400442391634,3564.26611328125
0.21144999563694,-0.042289998382329941,0.043313217349350452,3563.5841674804688
0.21150000393390656,-0.042300000786781311,0.043332030414603651,3562.90234375
0.21154999732971191,-0.042309999465942383,0.043350843363441527,3562.2205810546875
0.21160000562667847,-0.042319998145103455,0.043369659804739058,3561.5386352539062
0.21164999902248383,-0.042330000549554825,0.043388476246036589,3560.8567504882812
0.21170000731945038,-0.042339999228715897,0.043407292570918798,3560.1744995117188
0.21175000071525574,-0.042350001633167267,0.043426108895801008,3559.4921875
0.2117999941110611,-0.042360000312328339,0.043444928829558194,3558.809814453125
0.21185000240802765,-0.04236999899148941,0.04346375644672662,3558.1260986328125
0.21189999580383301,-0.042380001395940781,0.043482600245624781,3557.4398193359375
0.21195000410079956,-0.042390000075101852,0.043501451960764825,3556.7521362304688
0.21199999749660492,-0.042399998754262924,0.043520307983271778,3556.0631713867188
0.21205000579357147,-0.042410001158714294,0.043539175298064947,3555.3732299804688
0.21209999918937683,-0.042419999837875366,0.043558050529100001,3554.6820068359375
0.21214999258518219,-0.042429998517036438,0.043576937750913203,3553.9884643554688
0.21220000088214874,-0.042440000921487808,0.043595848605036736,3553.2916259765625
0.2122499942779541,-0.04244999960064888,0.043614779482595623,3552.5914306640625
0.21230000257492065,-0.042459998279809952,0.043633718625642359,3551.8890380859375
0.21234999597072601,-0.042470000684261322,0.04365266568493098,3551.1856079101562
0.21240000426769257,-0.042479999363422394,0.043671616236679256,3550.4818725585938
0.21244999766349792,-0.042490001767873764,0.04369056667201221,3549.7777099609375
0.21250000596046448,-0.042500000447034836,0.043709524441510439,3549.0732421875
0.21254999935626984,-0.042509999126195908,0.043728478602133691,3548.36865234375
0.2125999927520752,-0.042520001530647278,0.043747432413510978,3547.6641845703125
0.21265000104904175,-0.04253000020980835,0.043766382150352001,3546.9605712890625
0.21269999444484711,-0.042539998888969421,0.043785327463410795,3546.2581176757812
0.21275000274181366,-0.042550001293420792,0.043804260902106762,3545.5568237304688
0.21279999613761902,-0.042559999972581863,0.043823193642310798,3544.8565673828125
0.21285000443458557,-0.042569998651742935,0.043842122424393892,3544.1566772460938
0.21289999783039093,-0.042580001056194305,0.043861058773472905,3543.4559936523438
0.21295000612735748,-0.042589999735355377,0.043880003388039768,3542.7537231445312
0.21299999952316284,-0.042599998414516449,0.043898971634916961,3542.0487060546875
0.2130499929189682,-0.042610000818967819,0.04391795617993921,3541.3404541015625
0.21310000121593475,-0.042619999498128891,0.043936957139521837,3540.6290893554688
0.21314999461174011,-0.042629998177289963,0.043955970089882612,3539.9157104492188
0.21320000290870667,-0.042640000581741333,0.043974990723654628,3539.2011108398438
0.21324999630451202,-0.042649999260902405,0.043994007166475058,3538.4871215820312
0.21330000460147858,-0.042660001665353775,0.044013015343807638,3537.7742919921875
0.21334999799728394,-0.042670000344514847,0.044032011297531426,3537.0633544921875
0.21340000629425049,-0.042679999023675919,0.044050998752936721,3536.3543090820312
0.21344999969005585,-0.042690001428127289,0.044069973984733224,3535.6467895507812
0.21349999308586121,-0.042700000107288361,0.044088941067457199,3534.9408569335938
0.21355000138282776,-0.042709998786449432,0.044107907684519887,3534.2355346679688
0.21359999477863312,-0.042720001190900803,0.044126874068751931,3533.5306396484375
0.21365000307559967,-0.042729999870061874,0.044145840685814619,3532.8251342773438
0.21369999647140503,-0.042739998549222946,0.044164815102703869,3532.1189575195312
0.21375000476837158,-0.042750000953674316,0.044183793477714062,3531.4115600585938
0.21379999816417694,-0.042759999632835388,0.044202775927260518,3530.7036743164062
0.21385000646114349,-0.04276999831199646,0.044221761985681951,3529.9953002929688
0.21389999985694885,-0.04278000071644783,0.044240747927688062,3529.286865234375
0.21394999325275421,-0.042789999395608902,0.044259729795157909,3528.5787963867188
0.21400000154972076,-0.042800001800060272,0.044278715155087411,3527.8707275390625
0.21404999494552612,-0.042810000479221344,0.044297712156549096,3527.1607055664062
0.21410000324249268,-0.042819999158382416,0.044316717307083309,3526.4489135742188
0.21414999663829803,-0.042830001562833786,0.044335734448395669,3525.7354736328125
0.21420000493526459,-0.042840000241994858,0.044354755547828972,3525.0206909179688
0.21424999833106995,-0.04284999892115593,0.044373780488967896,3524.3058471679688
0.2143000066280365,-0.0428600013256073,0.044392801122739911,3523.5914916992188
0.21435000002384186,-0.042870000004768372,0.044411813840270042,3522.8779907226562
0.21439999341964722,-0.042879998683929443,0.044430822017602623,3522.1658935546875
0.21445000171661377,-0.042890001088380814,0.044449826003983617,3521.45458984375
0.21449999511241913,-0.042899999767541885,0.044468833599239588,3520.7431030273438
0.21455000340938568,-0.042909998446702957,0.044487845385447145,3520.0306396484375
0.21459999680519104,-0.042920000851154327,0.044506872771307826,3519.316162109375
0.21465000510215759,-0.042929999530315399,0.044525919831357896,3518.5990600585938
0.21469999849796295,-0.042939998209476471,0.044544986914843321,3517.8783569335938
0.2147500067949295,-0.042950000613927841,0.044564074138179421,3517.154052734375
0.21480000019073486,-0.042959999293088913,0.044583185110241175,3516.4264526367188
0.21484999358654022,-0.042970001697540283,0.044602304347790778,3515.6965942382812
0.21490000188350677,-0.042980000376701355,0.044621431152336299,3514.9661254882812
0.21494999527931213,-0.042989999055862427,0.044640550040639937,3514.2363891601562
0.21500000357627869,-0.043000001460313797,0.044659656821750104,3513.5082397460938
0.21504999697208405,-0.043010000139474869,0.044678754871711135,3512.7822265625
0.2151000052690506,-0.043019998818635941,0.044697836739942431,3512.0586547851562
0.21514999866485596,-0.043030001223087311,0.044716906384564936,3511.3370971679688
0.21520000696182251,-0.043039999902248383,0.04473597148898989,3510.6172485351562
0.21525000035762787,-0.043049998581409454,0.044755024835467339,3509.8983764648438
0.21529999375343323,-0.043060000985860825,0.044774081674404442,3509.1799926757812
0.21535000205039978,-0.043069999665021896,0.044793134671635926,3508.4616088867188
0.21539999544620514,-0.043079998344182968,0.044812195235863328,3507.7426147460938
0.21545000374317169,-0.043090000748634338,0.044831255916506052,3507.0232543945312
0.21549999713897705,-0.04309999942779541,0.044850320555269718,3506.3031616210938
0.2155500054359436,-0.04311000183224678,0.044869388919323683,3505.5827026367188
0.21559999883174896,-0.043120000511407852,0.044888453558087349,3504.8622436523438
0.21565000712871552,-0.043129999190568924,0.044907521456480026,3504.1419677734375
0.21570000052452087,-0.043140001595020294,0.044926585396751761,3503.4218139648438
0.21574999392032623,-0.043150000274181366,0.044945664703845978,3502.7002563476562
0.21580000221729279,-0.043159998953342438,0.04496474820189178,3501.9771728515625
0.21584999561309814,-0.043170001357793808,0.044983839732594788,3501.2528686523438
0.2159000039100647,-0.04318000003695488,0.045002935221418738,3500.5274658203125
0.21594999730587006,-0.043189998716115952,0.045022034668363631,3499.8018188476562
0.21600000560283661,-0.043200001120567322,0.045041133766062558,3499.0761108398438
0.21604999899864197,-0.043209999799728394,0.045060232630930841,3498.3509521484375
0.21610000729560852,-0.043219998478889465,0.045079323463141918,3497.6266479492188
0.21615000069141388,-0.043230000883340836,0.045098406146280468,3496.9035034179688
0.21619999408721924,-0.043239999562501907,0.045117484405636787,3496.1815185546875
0.21625000238418579,-0.043249998241662979,0.045136562315747142,3495.460205078125
0.21629999577999115,-0.043260000646114349,0.045155640109442174,3494.7389526367188
0.2163500040769577,-0.043269999325275421,0.045174718019552529,3494.0170288085938
0.21639999747276306,-0.043280001729726791,0.045193803496658802,3493.2946166992188
0.21645000576972961,-0.043290000408887863,0.045212885248474777,3492.572021484375
0.21649999916553497,-0.043299999088048935,0.045231970609165728,3491.8493041992188
0.21654999256134033,-0.043310001492500305,0.045251052011735737,3491.1268920898438
0.21660000085830688,-0.043320000171661377,0.045270136906765401,3490.4044799804688
0.21664999425411224,-0.043329998850822449,0.045289217727258801,3489.6824951171875
0.2167000025510788,-0.043340001255273819,0.04530829843133688,3488.96044921875
0.21674999594688416,-0.043349999934434891,0.045327379018999636,3488.23876953125
0.21680000424385071,-0.043359998613595963,0.045346459373831749,3487.517333984375
0.21684999763965607,-0.043370001018047333,0.045365535886958241,3486.7960205078125
0.21690000593662262,-0.043379999697208405,0.045384623692370951,3486.0739135742188
0.21694999933242798,-0.043389998376369476,0.045403715805150568,3485.350830078125
0.21699999272823334,-0.043400000780820847,0.045422815717756748,3484.6263427734375
0.21705000102519989,-0.043409999459981918,0.045441931346431375,3483.9000854492188
0.21709999442100525,-0.04341999813914299,0.045461066765710711,3483.1707763671875
0.2171500027179718,-0.04343000054359436,0.045480226166546345,3482.4375610351562
0.21719999611377716,-0.043439999222755432,0.045499405940063298,3481.700439453125
0.21725000441074371,-0.043450001627206802,0.045518601546064019,3480.9608764648438
0.21729999780654907,-0.043460000306367874,0.045537801226601005,3480.2203369140625
0.21735000610351562,-0.043469998985528946,0.045556992874480784,3479.4806518554688
0.21739999949932098,-0.043480001389980316,0.045576175907626748,3478.7431640625
0.21744999289512634,-0.043490000069141388,0.045595342759042978,3478.0079345703125
0.2175000011920929,-0.04349999874830246,0.045614497270435095,3477.2750854492188
0.21754999458789825,-0.04351000115275383,0.045633643050678074,3476.544677734375
0.21760000288486481,-0.043519999831914902,0.045652792672626674,3475.8141479492188
0.21764999628067017,-0.043529998511075974,0.04567194648552686,3475.0825805664062
0.21770000457763672,-0.043540000915527344,0.04569110821466893,3474.3495483398438
0.21774999797344208,-0.043549999594688416,0.045710277976468205,3473.6151123046875
0.21780000627040863,-0.043559998273849487,0.045729455538094044,3472.8794555664062
0.21784999966621399,-0.043570000678300858,0.045748640899546444,3472.14306640625
0.21789999306201935,-0.043579999357461929,0.045767826260998845,3471.4064331054688
0.2179500013589859,-0.0435900017619133,0.04578700743149966,3470.670166015625
0.21799999475479126,-0.043600000441074371,0.045806184411048889,3469.934814453125
0.21805000305175781,-0.043609999120235443,0.045825357083231211,3469.2005004882812
0.21809999644756317,-0.043620001524686813,0.045844521606341004,3468.4673461914062
0.21815000474452972,-0.043630000203847885,0.045863689621910453,3467.7344970703125
0.21819999814033508,-0.043639998883008957,0.045882857753895223,3467.0009765625
0.21825000643730164,-0.043650001287460327,0.045902053476311266,3466.2639770507812
0.21829999983310699,-0.043659999966621399,0.045921265031211078,3465.5245361328125
0.21834999322891235,-0.043669998645782471,0.045940481009893119,3464.7833862304688
0.21840000152587891,-0.043680001050233841,0.045959700830280781,3464.0413818359375
0.21844999492168427,-0.043689999729394913,0.045978920417837799,3463.2997436523438
0.21850000321865082,-0.043699998408555984,0.045998135581612587,3462.5592041015625
0.21854999661445618,-0.043710000813007355,0.046017338754609227,3461.820068359375
0.21860000491142273,-0.043719999492168427,0.046036533545702696,3461.0825805664062
0.21864999830722809,-0.043729998171329498,0.046055720071308315,3460.3466796875
0.21870000660419464,-0.043740000575780869,0.04607490252237767,3459.6116943359375
0.21875,-0.04374999925494194,0.046094088582322001,3458.8765869140625
0.21879999339580536,-0.043760001659393311,0.046113282558508217,3458.1403198242188
0.21885000169277191,-0.043770000338554382,0.046132488525472581,3457.4024658203125
0.21889999508857727,-0.043779999017715454,0.046151706366799772,3456.66259765625
0.21895000338554382,-0.043790001422166824,0.046170932240784168,3455.9212036132812
0.21899999678134918,-0.043800000101327896,0.04619015846401453,3455.17919921875
0.21905000507831573,-0.043809998780488968,0.046209391904994845,3454.4370727539062
0.21909999847412109,-0.043820001184940338,0.04622861766256392,3453.6953735351562
0.21915000677108765,-0.04382999986410141,0.046247842954471707,3452.954345703125
0.21920000016689301,-0.043839998543262482,0.046267060213722289,3452.2144775390625
0.21924999356269836,-0.043850000947713852,0.04628627304919064,3451.4756469726562
0.21930000185966492,-0.043859999626874924,0.046305489493533969,3450.73681640625
0.21934999525547028,-0.043869998306035995,0.046324713854119182,3449.9965209960938
0.21940000355243683,-0.043880000710487366,0.0463439462473616,3449.2546997070312
0.21944999694824219,-0.043889999389648438,0.046363190398551524,3448.511474609375
0.21950000524520874,-0.043900001794099808,0.046382434898987412,3447.7672729492188
0.2195499986410141,-0.04391000047326088,0.046401682891882956,3447.0230102539062
0.21960000693798065,-0.043919999152421951,0.046420927043072879,3446.2788696289062
0.21965000033378601,-0.043930001556873322,0.046440174686722457,3445.5347290039062
0.21969999372959137,-0.043940000236034393,0.046459422213956714,3444.7906494140625
0.21975000202655792,-0.043949998915195465,0.046478669508360326,3444.0469360351562
0.21979999542236328,-0.043960001319646835,0.046497912728227675,3443.3036499023438
0.21985000371932983,-0.043969999998807907,0.046517147915437818,3442.5611572265625
0.21989999711513519,-0.043979998677968979,0.046536382636986673,3441.8197631835938
0.21995000541210175,-0.043990001082420349,0.046555605600588024,3441.0794067382812
0.2199999988079071,-0.043999999761581421,0.046574827982112765,3440.3399047851562
0.22005000710487366,-0.044009998440742493,0.046594046172685921,3439.6008911132812
0.22010000050067902,-0.044020000845193863,0.046613283921033144,3438.859619140625
0.22014999389648438,-0.044029999524354935,0.046632526093162596,3438.1170654296875
0.22020000219345093,-0.044039998203516006,0.046651779906824231,3437.3729248046875
0.22024999558925629,-0.044050000607967377,0.046671038027852774,3436.6273193359375
0.22030000388622284,-0.044059999287128448,0.046690311515703797,3435.88037109375
0.2203499972820282,-0.044070001691579819,0.046709589194506407,3435.1319580078125
0.22040000557899475,-0.044080000370740891,0.046728870831429958,3434.3827514648438
0.22044999897480011,-0.044089999049901962,0.046748152235522866,3433.6334838867188
0.22050000727176666,-0.044100001454353333,0.046767429332248867,3432.8851928710938
0.22055000066757202,-0.044110000133514404,0.046786698163487017,3432.1386108398438
0.22059999406337738,-0.044119998812675476,0.046805950929410756,3431.393798828125
0.22065000236034393,-0.044130001217126846,0.046825195429846644,3430.6511840820312
0.22069999575614929,-0.044139999896287918,0.046844431548379362,3429.909912109375
0.22075000405311584,-0.04414999857544899,0.046863663475960493,3429.169677734375
0.2207999974489212,-0.04416000097990036,0.046882898896001279,3428.42919921875
0.22085000574588776,-0.044169999659061432,0.046902142348699272,3427.6875610351562
0.22089999914169312,-0.044179998338222504,0.046921393717639148,3426.9442749023438
0.22095000743865967,-0.044190000742673874,0.046940653235651553,3426.1994018554688
0.22100000083446503,-0.044199999421834946,0.04695992055349052,3425.45361328125
0.22104999423027039,-0.044210001826286316,0.046979184029623866,3424.7074584960938
0.22110000252723694,-0.044220000505447388,0.046998447040095925,3423.9620971679688
0.2211499959230423,-0.044229999184608459,0.047017705626785755,3423.2177734375
0.22120000422000885,-0.04424000158905983,0.047036952222697437,3422.4749755859375
0.22124999761581421,-0.044250000268220901,0.047056190553121269,3421.7337036132812
0.22130000591278076,-0.044259998947381973,0.047075420618057251,3420.9940795898438
0.22134999930858612,-0.044270001351833344,0.047094642650336027,3420.255615234375
0.22139999270439148,-0.044280000030994415,0.047113860375247896,3419.51806640625
0.22145000100135803,-0.044289998710155487,0.0471330740256235,3418.7810668945312
0.22149999439716339,-0.044300001114606857,0.047152291401289403,3418.0438842773438
0.22155000269412994,-0.044309999793767929,0.047171512618660927,3417.3063354492188
0.2215999960899353,-0.044319998472929001,0.047190737794153392,3416.5680541992188
0.22165000438690186,-0.044330000877380371,0.047209974611178041,3415.8284301757812
0.22169999778270721,-0.044339999556541443,0.047229223302565515,3415.0866088867188
0.22175000607967377,-0.044349998235702515,0.047248487710021436,3414.3426513671875
0.22179999947547913,-0.044360000640153885,0.047267760266549885,3413.5969848632812
0.22184999287128448,-0.044369999319314957,0.047287040506489575,3412.8505249023438
0.22190000116825104,-0.044380001723766327,0.047306316904723644,3412.1040649414062
0.2219499945640564,-0.044390000402927399,0.047325592837296426,3411.3582153320312
0.22200000286102295,-0.04439999908208847,0.047344860737212002,3410.6138305664062
0.22204999625682831,-0.044410001486539841,0.047364120255224407,3409.870849609375
0.22210000455379486,-0.044420000165700912,0.047383367898873985,3409.129638671875
0.22214999794960022,-0.044429998844861984,0.047402611002326012,3408.389892578125
0.22220000624656677,-0.044440001249313354,0.047421850147657096,3407.6507568359375
0.22224999964237213,-0.044449999928474426,0.047441089176572859,3406.9114990234375
0.22229999303817749,-0.044459998607635498,0.047460336121730506,3406.1713256835938
0.22235000133514404,-0.044470001012086868,0.047479590750299394,3405.4301147460938
0.2223999947309494,-0.04447999969124794,0.047498845728114247,3404.6881103515625
0.22245000302791595,-0.044489998370409012,0.047518108156509697,3403.9454345703125
0.22249999642372131,-0.044500000774860382,0.047537370468489826,3403.2025756835938
0.22255000472068787,-0.044509999454021454,0.047556636505760252,3402.4595947265625
0.22259999811649323,-0.044520001858472824,0.047575898468494415,3401.7169799804688
0.22265000641345978,-0.044530000537633896,0.047595160198397934,3400.9747924804688
0.22269999980926514,-0.044539999216794968,0.047614417970180511,3400.2330932617188
0.2227499932050705,-0.044550001621246338,0.047633679118007421,3399.4920043945312
0.22280000150203705,-0.04456000030040741,0.047652936540544033,3398.7509765625
0.22284999489784241,-0.044569998979568481,0.047672193846665323,3398.0100708007812
0.22290000319480896,-0.044580001384019852,0.047691450919955969,3397.2696533203125
0.22294999659061432,-0.044590000063180923,0.047710703918710351,3396.529541015625
0.22300000488758087,-0.044599998742341995,0.047729956568218768,3395.7899169921875
0.22304999828338623,-0.044610001146793365,0.0477492013014853,3395.05126953125
0.22310000658035278,-0.044619999825954437,0.047768441727384925,3394.3133544921875
0.22314999997615814,-0.044629998505115509,0.047787677845917642,3393.5762939453125
0.2231999933719635,-0.044640000909566879,0.047806909773498774,3392.8400268554688
0.22325000166893005,-0.044649999588727951,0.047826137510128319,3392.1046752929688
0.22329999506473541,-0.044659998267889023,0.047845357330515981,3391.369873046875
0.22335000336170197,-0.044670000672340393,0.047864576801657677,3390.6356811523438
0.22339999675750732,-0.044679999351501465,0.047883796039968729,3389.9017944335938
0.22345000505447388,-0.044690001755952835,0.04790303879417479,3389.164794921875
0.22349999845027924,-0.044700000435113907,0.047922297730110586,3388.4246215820312
0.22355000674724579,-0.044709999114274979,0.047941580414772034,3387.6812744140625
0.22360000014305115,-0.044720001518726349,0.047960875323042274,3386.9351806640625
0.22364999353885651,-0.044730000197887421,0.047980178263969719,3386.1876220703125
0.22370000183582306,-0.044739998877048492,0.047999481088481843,3385.4398193359375
0.22374999523162842,-0.044750001281499863,0.048018783563748002,3384.6925659179688
0.22380000352859497,-0.044759999960660934,0.048038077773526311,3383.94677734375
0.22384999692440033,-0.044769998639822006,0.048057371634058654,3383.20166015625
0.22390000522136688,-0.044780001044273376,0.048076657694764435,3382.45751953125
0.22394999861717224,-0.044789999723434448,0.048095939331687987,3381.7142944335938
0.22400000691413879,-0.04479999840259552,0.048115216777659953,3380.9722290039062
0.22405000030994415,-0.04481000080704689,0.048134493874385953,3380.2305908203125
0.22409999370574951,-0.044819999486207962,0.048153770971111953,3379.4886474609375
0.22415000200271606,-0.044829998165369034,0.048173051909543574,3378.74658203125
0.22419999539852142,-0.044840000569820404,0.048192332731559873,3378.0042114257812
0.22425000369548798,-0.044849999248981476,0.048211613320745528,3377.2620849609375
0.22429999709129333,-0.044860001653432846,0.048230889835394919,3376.5204467773438
0.22435000538825989,-0.044870000332593918,0.048250166000798345,3375.7793579101562
0.22439999878406525,-0.04487999901175499,0.048269434249959886,3375.0390014648438
0.2244500070810318,-0.04489000141620636,0.0482886943500489,3374.2998657226562
0.22450000047683716,-0.044900000095367432,0.048307953868061304,3373.5614624023438
0.22454999387264252,-0.044909998774528503,0.048327205469831824,3372.8241577148438
0.22460000216960907,-0.044920001178979874,0.048346449038945138,3372.087646484375
0.22464999556541443,-0.044929999858140945,0.048365696100518107,3371.3515014648438
0.22470000386238098,-0.044939998537302017,0.048384958878159523,3370.6128540039062
0.22474999725818634,-0.044950000941753387,0.048404233530163765,3369.8724365234375
0.22480000555515289,-0.044959999620914459,0.048423527856357396,3369.1294555664062
0.22484999895095825,-0.044969998300075531,0.048442834406159818,3368.3838500976562
0.2249000072479248,-0.044980000704526901,0.048462152946740389,3367.63623046875
0.22495000064373016,-0.044989999383687973,0.048481483128853142,3366.8871459960938
0.22499999403953552,-0.045000001788139343,0.04850082122720778,3366.1360473632812
0.22505000233650208,-0.045010000467300415,0.048520167008973658,3365.3845825195312
0.22509999573230743,-0.045019999146461487,0.048539508832618594,3364.63330078125
0.22515000402927399,-0.045030001550912857,0.048558846581727266,3363.8827514648438
0.22519999742507935,-0.045040000230073929,0.048578175948932767,3363.1336059570312
0.2252500057220459,-0.045049998909235001,0.048597493325360119,3362.3864135742188
0.22529999911785126,-0.045060001313686371,0.0486168023198843,3361.6409912109375
0.22535000741481781,-0.045069999992847443,0.048636099207215011,3360.897216796875
0.22540000081062317,-0.045079998672008514,0.048655391787178814,3360.1547241210938
0.22544999420642853,-0.045090001076459885,0.048674676334485412,3359.4131469726562
0.22550000250339508,-0.045099999755620956,0.048693960648961365,3358.6720581054688
0.22554999589920044,-0.045109998434782028,0.048713244730606675,3357.93115234375
0.22560000419616699,-0.045120000839233398,0.048732528812251985,3357.1902465820312
0.22564999759197235,-0.04512999951839447,0.048751808819361031,3356.449462890625
0.2257000058889389,-0.045139998197555542,0.048771092551760375,3355.7088623046875
0.22574999928474426,-0.045150000602006912,0.048790375934913754,3354.968505859375
0.22579999268054962,-0.045159999281167984,0.048809655476361513,3354.2283935546875
0.22585000097751617,-0.045170001685619354,0.048828930826857686,3353.4888916015625
0.22589999437332153,-0.045180000364780426,0.048848205944523215,3352.7499389648438
0.22595000267028809,-0.045189999043941498,0.048867476871237159,3352.0115356445312
0.22599999606609344,-0.045200001448392868,0.048886759555898607,3351.2716674804688
0.22605000436306,-0.04521000012755394,0.048906050389632583,3350.5301513671875
0.22609999775886536,-0.045219998806715012,0.048925356823019683,3349.786865234375
0.22615000605583191,-0.045230001211166382,0.048944671521894634,3349.0419311523438
0.22619999945163727,-0.045239999890327454,0.048963994020596147,3348.2957153320312
0.22624999284744263,-0.045249998569488525,0.048983316519297659,3347.5491333007812
0.22630000114440918,-0.045260000973939896,0.049002638668753207,3346.8031005859375
0.22634999454021454,-0.045269999653100967,0.049021952785551548,3346.0581665039062
0.22640000283718109,-0.045279998332262039,0.049041258520446718,3345.31494140625
0.22644999623298645,-0.045290000736713409,0.049060555989854038,3344.5731811523438
0.226500004529953,-0.045299999415874481,0.049079849035479128,3343.8327026367188
0.22654999792575836,-0.045310001820325851,0.049099134281277657,3343.093017578125
0.22660000622272491,-0.045320000499486923,0.049118419061414897,3342.3539428710938
0.22664999961853027,-0.045329999178647995,0.049137699883431196,3341.6153564453125
0.22669999301433563,-0.045340001583099365,0.049156976630911231,3340.8772583007812
0.22675000131130219,-0.045350000262260437,0.049176253145560622,3340.1392211914062
0.22679999470710754,-0.045359998941421509,0.04919552942737937,3339.4015502929688
0.2268500030040741,-0.045370001345872879,0.049214805476367474,3338.6641235351562
0.22689999639987946,-0.045380000025033951,0.049234077567234635,3337.9269409179688
0.22695000469684601,-0.045389998704195023,0.049253345583565533,3337.1903076171875
0.22699999809265137,-0.045400001108646393,0.049272613134235144,3336.4544677734375
0.22705000638961792,-0.045409999787807465,0.04929187276866287,3335.7193603515625
0.22709999978542328,-0.045419998466968536,0.04931112821213901,3334.9852294921875
0.22714999318122864,-0.045430000871419907,0.049330383422784507,3334.2511596679688
0.22720000147819519,-0.045439999550580978,0.049349653767421842,3333.515869140625
0.22724999487400055,-0.04544999822974205,0.04936893645208329,3332.7780151367188
0.2273000031709671,-0.04546000063419342,0.04938824288547039,3332.0366821289062
0.22734999656677246,-0.045469999313354492,0.049407561426050961,3331.2928466796875
0.22740000486373901,-0.045480001717805862,0.049426887766458094,3330.5482177734375
0.22744999825954437,-0.045490000396966934,0.049446206190623343,3329.8038940429688
0.22750000655651093,-0.045499999076128006,0.04946551623288542,3329.061279296875
0.22754999995231628,-0.045510001480579376,0.049484814051538706,3328.321044921875
0.22759999334812164,-0.045520000159740448,0.049504099530167878,3327.5830688476562
0.2276500016450882,-0.04552999883890152,0.049523372785188258,3326.8471069335938
0.22769999504089355,-0.04554000124335289,0.049542641616426408,3326.1124877929688
0.22775000333786011,-0.045549999922513962,0.049561914289370179,3325.3770141601562
0.22779999673366547,-0.045559998601675034,0.049581191153265536,3324.640625
0.22785000503063202,-0.045570001006126404,0.049600479542277753,3323.9028930664062
0.22789999842643738,-0.045579999685287476,0.049619768280535936,3323.1642456054688
0.22795000672340393,-0.045589998364448547,0.049639064585790038,3322.4251098632812
0.22800000011920929,-0.045600000768899918,0.049658360774628818,3321.6859741210938
0.22804999351501465,-0.045609999448060989,0.049677652888931334,3320.9476318359375
0.2281000018119812,-0.04562000185251236,0.049696936854161322,3320.2102661132812
0.22814999520778656,-0.045630000531673431,0.049716212553903461,3319.4744873046875
0.22820000350475311,-0.045639999210834503,0.049735479988157749,3318.7402954101562
0.22824999690055847,-0.045650001615285873,0.04975473927333951,3318.0073852539062
0.22830000519752502,-0.045660000294446945,0.049773990525864065,3317.275634765625
0.22834999859333038,-0.045669998973608017,0.049793237703852355,3316.5444946289062
0.22840000689029694,-0.045680001378059387,0.049812488141469657,3315.8137817382812
0.22845000028610229,-0.045690000057220459,0.049831738811917603,3315.0824584960938
0.22849999368190765,-0.045699998736381531,0.049851001007482409,3314.3499755859375
0.22855000197887421,-0.045710001140832901,0.049870271352119744,3313.6156005859375
0.22859999537467957,-0.045719999819993973,0.049889549380168319,3312.8802490234375
0.22865000367164612,-0.045729998499155045,0.049908827524632215,3312.1445922851562
0.22869999706745148,-0.045740000903606415,0.049928101478144526,3311.409423828125
0.22875000536441803,-0.045749999582767487,0.04994736728258431,3310.6753540039062
0.22879999876022339,-0.045759998261928558,0.04996662843041122,3309.9429321289062
0.22885000705718994,-0.045770000666379929,0.049985877703875303,3309.212158203125
0.2289000004529953,-0.045779999345541,0.050005118711851537,3308.4827270507812
0.22894999384880066,-0.045790001749992371,0.050024351803585887,3307.7543334960938
0.22900000214576721,-0.045800000429153442,0.050043584313243628,3307.0267944335938
0.22904999554157257,-0.045809999108314514,0.050062816822901368,3306.2994384765625
0.22910000383853912,-0.045820001512765884,0.050082057015970349,3305.571044921875
0.22914999723434448,-0.045830000191926956,0.0501013093162328,3304.8408203125
0.22920000553131104,-0.045839998871088028,0.050120573490858078,3304.1083374023438
0.22924999892711639,-0.045850001275539398,0.050139845698140562,3303.3745727539062
0.22930000722408295,-0.04585999995470047,0.050159121747128665,3302.64013671875
0.22935000061988831,-0.045869998633861542,0.050178397563286126,3301.9057006835938
0.22939999401569366,-0.045880001038312912,0.050197669304907322,3301.1719360351562
0.22945000231266022,-0.045889999717473984,0.050216940580867231,3300.4385986328125
0.22949999570846558,-0.045899998396635056,0.050236207782290876,3299.7060546875
0.22955000400543213,-0.045910000801086426,0.050255470909178257,3298.9740600585938
0.22959999740123749,-0.045919999480247498,0.05027472972869873,3298.2429809570312
0.22965000569820404,-0.045929998159408569,0.050293984590098262,3297.51220703125
0.2296999990940094,-0.04594000056385994,0.050313242943957448,3296.7816162109375
0.22975000739097595,-0.045949999243021011,0.050332501181401312,3296.051025390625
0.22980000078678131,-0.045960001647472382,0.050351763260550797,3295.3201293945312
0.22984999418258667,-0.045970000326633453,0.050371025106869638,3294.5891723632812
0.22990000247955322,-0.045979999005794525,0.050390286836773157,3293.8582763671875
0.22994999587535858,-0.045990001410245895,0.050409544608555734,3293.1275024414062
0.23000000417232513,-0.046000000089406967,0.050428829272277653,3292.3938598632812
0.23004999756813049,-0.046009998768568039,0.050448130234144628,3291.6571044921875
0.23010000586509705,-0.046020001173019409,0.050467451335862279,3290.9166870117188
0.2301499992609024,-0.046029999852180481,0.050486788270063698,3290.1739501953125
0.23019999265670776,-0.046039998531341553,0.050506129278801382,3289.4300537109375
0.23025000095367432,-0.046050000935792923,0.050525466329418123,3288.6865844726562
0.23029999434947968,-0.046059999614953995,0.050544794881716371,3287.945068359375
0.23035000264644623,-0.046069998294115067,0.050564107252284884,3287.2060546875
0.23039999604225159,-0.046080000698566437,0.050583403441123664,3286.4697875976562
0.23045000433921814,-0.046089999377727509,0.050602687406353652,3285.7354736328125
0.2304999977350235,-0.046100001782178879,0.050621963106095791,3285.0029907226562
0.23055000603199005,-0.046110000461339951,0.050641238456591964,3284.2711181640625
0.23059999942779541,-0.046119999140501022,0.050660506007261574,3283.5396118164062
0.23064999282360077,-0.046130001544952393,0.050679777399636805,3282.8079833984375
0.23070000112056732,-0.046140000224113464,0.050699052400887012,3282.0759887695312
0.23074999451637268,-0.046149998903274536,0.050718327518552542,3281.3438720703125
0.23080000281333923,-0.046160001307725906,0.050737602519802749,3280.6117553710938
0.23084999620914459,-0.046169999986886978,0.050756877288222313,3279.879150390625
0.23090000450611115,-0.04617999866604805,0.050776155898347497,3279.1465454101562
0.2309499979019165,-0.04619000107049942,0.05079543823376298,3278.413818359375
0.23100000619888306,-0.046199999749660492,0.050814720569178462,3277.6807250976562
0.23104999959468842,-0.046209998428821564,0.050834006629884243,3276.9476318359375
0.23109999299049377,-0.046220000833272934,0.050853296532295644,3276.2135620117188
0.23115000128746033,-0.046229999512434006,0.050872594467364252,3275.4783935546875
0.23119999468326569,-0.046239998191595078,0.050891904043965042,3274.741455078125
0.23125000298023224,-0.046250000596046448,0.050911221653223038,3274.0031127929688
0.2312999963760376,-0.04625999927520752,0.050930543104186654,3273.263916015625
0.23135000467300415,-0.04627000167965889,0.05094986071344465,3272.5250854492188
0.23139999806880951,-0.046280000358819962,0.050969173898920417,3271.7870483398438
0.23145000636577606,-0.046289999037981033,0.050988478702493012,3271.0509033203125
0.23149999976158142,-0.046300001442432404,0.051007771515287459,3270.3165283203125
0.23154999315738678,-0.046310000121593475,0.051027052220888436,3269.5838623046875
0.23160000145435333,-0.046319998800754547,0.051046336302533746,3268.8515014648438
0.23164999485015869,-0.046330001205205917,0.051065640174783766,3268.1162719726562
0.23170000314712524,-0.046339999884366989,0.051084956037811935,3267.379150390625
0.2317499965429306,-0.046349998563528061,0.05110428377520293,3266.6399536132812
0.23180000483989716,-0.046360000967979431,0.051123619545251131,3265.8994140625
0.23184999823570251,-0.046369999647140503,0.051142959273420274,3265.157958984375
0.23190000653266907,-0.046379998326301575,0.051162302610464394,3264.4163818359375
0.23194999992847443,-0.046390000730752945,0.051181645598262548,3263.675048828125
0.23199999332427979,-0.046399999409914017,0.051200980902649462,3262.9342651367188
0.23205000162124634,-0.046410001814365387,0.051220319583080709,3262.1937866210938
0.2320999950170517,-0.046420000493526459,0.051239650347270072,3261.4541015625
0.23215000331401825,-0.046429999172687531,0.051258976920507848,3260.71533203125
0.23219999670982361,-0.046440001577138901,0.051278299419209361,3259.9773559570312
0.23225000500679016,-0.046450000256299973,0.051297617726959288,3259.2399291992188
0.23229999840259552,-0.046459998935461044,0.051316947443410754,3258.5018310546875
0.23235000669956207,-0.046470001339912415,0.051336289499886334,3257.7609252929688
0.23240000009536743,-0.046480000019073486,0.051355647156015038,3257.0184936523438
0.23244999349117279,-0.046489998698234558,0.051375009119510651,3256.2745971679688
0.23250000178813934,-0.046500001102685928,0.051394375041127205,3255.5298461914062
0.2325499951839447,-0.046509999781847,0.051413744688034058,3254.7848510742188
0.23260000348091125,-0.046519998461008072,0.051433110260404646,3254.0400390625
0.23264999687671661,-0.046530000865459442,0.05145247548352927,3253.296142578125
0.23270000517368317,-0.046539999544620514,0.051471832673996687,3252.5531616210938
0.23274999856948853,-0.046549998223781586,0.051491189515218139,3251.810546875
0.23280000686645508,-0.046560000628232956,0.051510546007193625,3251.0681762695312
0.23285000026226044,-0.046569999307394028,0.051529906457290053,3250.3253173828125
0.2328999936580658,-0.046580001711845398,0.051549270749092102,3249.58203125
0.23295000195503235,-0.04659000039100647,0.051568638999015093,3248.8380126953125
0.23299999535083771,-0.046599999070167542,0.051588014932349324,3248.0934448242188
0.23305000364780426,-0.046610001474618912,0.051607390865683556,3247.348876953125
0.23309999704360962,-0.046620000153779984,0.051626766799017787,3246.6040649414062
0.23315000534057617,-0.046629998832941055,0.051646138657815754,3245.85986328125
0.23319999873638153,-0.046640001237392426,0.051665506325662136,3245.1162719726562
0.23325000703334808,-0.046649999916553497,0.051684869802556932,3244.3734741210938
0.23330000042915344,-0.046659998595714569,0.051704232930205762,3243.6309814453125
0.2333499938249588,-0.046670001000165939,0.051723595941439271,3242.8884887695312
0.23340000212192535,-0.046679999679327011,0.051742958836257458,3242.1461181640625
0.23344999551773071,-0.046689998358488083,0.051762317889370024,3241.403564453125
0.23350000381469727,-0.046700000762939453,0.051781680434942245,3240.6611938476562
0.23354999721050262,-0.046709999442100525,0.051801039022393525,3239.9188842773438
0.23360000550746918,-0.046720001846551895,0.05182040121871978,3239.177001953125
0.23364999890327454,-0.046730000525712967,0.051839755615219474,3238.4353637695312
0.23370000720024109,-0.046739999204874039,0.051859113620594144,3237.6941528320312
0.23375000059604645,-0.046750001609325409,0.05187846370972693,3236.9535522460938
0.23379999399185181,-0.046760000288486481,0.05189781729131937,3236.2133178710938
0.23385000228881836,-0.046769998967647552,0.051917166914790869,3235.473388671875
0.23389999568462372,-0.046780001372098923,0.051936516421847045,3234.7335815429688
0.23395000398159027,-0.046790000051259995,0.051955869537778199,3233.99365234375
0.23399999737739563,-0.046799998730421066,0.051975222770124674,3233.2532348632812
0.23405000567436218,-0.046810001134872437,0.05199459136929363,3232.5112915039062
0.23409999907016754,-0.046819999814033508,0.05201396404299885,3231.7686157226562
0.23415000736713409,-0.04682999849319458,0.052033336833119392,3231.0254516601562
0.23420000076293945,-0.04684000089764595,0.052052709390409291,3230.282470703125
0.23424999415874481,-0.046849999576807022,0.052072081598453224,3229.5399780273438
0.23430000245571136,-0.046859998255968094,0.052091445773839951,3228.79833984375
0.23434999585151672,-0.046870000660419464,0.052110801916569471,3228.0577392578125
0.23440000414848328,-0.046879999339580536,0.052130157593637705,3227.3179321289062
0.23444999754428864,-0.046890001744031906,0.052149509196169674,3226.5787963867188
0.23450000584125519,-0.046900000423192978,0.052168860798701644,3225.8392944335938
0.23454999923706055,-0.04690999910235405,0.052188227884471416,3225.0985107421875
0.23459999263286591,-0.04692000150680542,0.0522076147608459,3224.3546752929688
0.23465000092983246,-0.046930000185966492,0.052227021893486381,3223.6073608398438
0.23469999432563782,-0.046939998865127563,0.052246448816731572,3222.8568115234375
0.23475000262260437,-0.046950001269578934,0.05226588377263397,3222.1047973632812
0.23479999601840973,-0.046959999948740005,0.052285318612121046,3221.3526611328125
0.23485000431537628,-0.046969998627901077,0.052304745302535594,3220.6016845703125
0.23489999771118164,-0.046980001032352448,0.052324159885756671,3219.8529052734375
0.23495000600814819,-0.046989999711513519,0.052343562128953636,3219.1063232421875
0.23499999940395355,-0.046999998390674591,0.05236295226495713,3218.3616943359375
0.23504999279975891,-0.047010000795125961,0.052382330410182476,3217.6188354492188
0.23510000109672546,-0.047019999474287033,0.052401704131625593,3216.8772583007812
0.23514999449253082,-0.047029998153448105,0.052421081461943686,3216.1359252929688
0.23520000278949738,-0.047040000557899475,0.052440462866798043,3215.3933715820312
0.23524999618530273,-0.047049999237060547,0.052459859987720847,3214.6484985351562
0.23530000448226929,-0.047060001641511917,0.052479273057542741,3213.9012451171875
0.23534999787807465,-0.047070000320672989,0.052498694276437163,3213.1519165039062
0.2354000061750412,-0.047079998999834061,0.052518123062327504,3212.40185546875
0.23544999957084656,-0.047090001404285431,0.052537544164806604,3211.6522216796875
0.23549999296665192,-0.047100000083446503,0.052556960843503475,3210.903564453125
0.23555000126361847,-0.047109998762607574,0.052576369256712496,3210.1566162109375
0.23559999465942383,-0.047120001167058945,0.052595769404433668,3209.4111328125
0.23565000295639038,-0.047129999846220016,0.052615161403082311,3208.667236328125
0.23569999635219574,-0.047139998525381088,0.05263454164378345,3207.9246826171875
0.23575000464916229,-0.047150000929832458,0.05265392130240798,3207.182861328125
0.23579999804496765,-0.04715999960899353,0.052673300844617188,3206.44140625
0.2358500063419342,-0.047169998288154602,0.052692680386826396,3205.6995849609375
0.23589999973773956,-0.047180000692605972,0.052712067728862166,3204.9570922851562
0.23594999313354492,-0.047189999371767044,0.052731462637893856,3204.2138671875
0.23600000143051147,-0.047200001776218414,0.052750857779756188,3203.4701538085938
0.23604999482631683,-0.047210000455379486,0.052770252805203199,3202.7265625
0.23610000312328339,-0.047219999134540558,0.052789643756113946,3201.9832153320312
0.23614999651908875,-0.047230001538991928,0.05280903447419405,3201.2404174804688
0.2362000048160553,-0.047240000218153,0.052828417043201625,3200.4985961914062
0.23624999821186066,-0.047249998897314072,0.052847791579551995,3199.7579345703125
0.23630000650882721,-0.047260001301765442,0.052867161924950778,3199.01806640625
0.23634999990463257,-0.047269999980926514,0.052886527962982655,3198.2792358398438
0.23639999330043793,-0.047279998660087585,0.052905893768183887,3197.5405883789062
0.23645000159740448,-0.047290001064538956,0.052925263298675418,3196.801513671875
0.23649999499320984,-0.047299999743700027,0.052944636787287891,3196.0621337890625
0.23655000329017639,-0.047309998422861099,0.052964010392315686,3195.3223266601562
0.23659999668598175,-0.047320000827312469,0.052983391564339399,3194.5817260742188
0.2366500049829483,-0.047329999506473541,0.053002784610725939,3193.8395385742188
0.23669999837875366,-0.047339998185634613,0.05302218534052372,3193.0965576171875
0.23675000667572021,-0.047350000590085983,0.0530415860703215,3192.35302734375
0.23680000007152557,-0.047359999269247055,0.053060982958413661,3191.6099243164062
0.23684999346733093,-0.047370001673698425,0.053080379264429212,3190.867431640625
0.23690000176429749,-0.047380000352859497,0.053099767654202878,3190.1259155273438
0.23694999516010284,-0.047389999032020569,0.0531191595364362,3189.3843994140625
0.2370000034570694,-0.047400001436471939,0.053138558985665441,3188.6422119140625
0.23704999685287476,-0.047410000115633011,0.053157958667725325,3187.899169921875
0.23710000514984131,-0.047419998794794083,0.053177366033196449,3187.1553344726562
0.23714999854564667,-0.047430001199245453,0.053196769673377275,3186.4116821289062
0.23720000684261322,-0.047439999878406525,0.053216172847896814,3185.6683349609375
0.23725000023841858,-0.047449998557567596,0.053235571947880089,3184.9256591796875
0.23729999363422394,-0.047460000962018967,0.053254982572980225,3184.1815795898438
0.23735000193119049,-0.047469999641180038,0.053274412988685071,3183.4352416992188
0.23739999532699585,-0.04747999832034111,0.053293883451260626,3182.6818237304688
0.2374500036239624,-0.04749000072479248,0.053313377662561834,3181.9256591796875
0.23749999701976776,-0.047499999403953552,0.053332876297645271,3181.167236328125
0.23755000531673431,-0.047510001808404922,0.053352382383309305,3180.4085083007812
0.23759999871253967,-0.047520000487565994,0.053371880436316133,3179.6505737304688
0.23765000700950623,-0.047529999166727066,0.053391370223835111,3178.89453125
0.23770000040531158,-0.047540001571178436,0.053410847904160619,3178.1402587890625
0.23774999380111694,-0.047550000250339508,0.053430313593707979,3177.3876342773438
0.2378000020980835,-0.04755999892950058,0.05344978254288435,3176.63623046875
0.23784999549388885,-0.04757000133395195,0.053469251724891365,3175.8838500976562
0.23790000379085541,-0.047580000013113022,0.053488728939555585,3175.1305541992188
0.23794999718666077,-0.047589998692274094,0.053508213954046369,3174.3762817382812
0.23800000548362732,-0.047600001096725464,0.053527699201367795,3173.621337890625
0.23804999887943268,-0.047609999775886536,0.053547188057564199,3172.8663940429688
0.23810000717639923,-0.047619998455047607,0.053566672839224339,3172.11181640625
0.23815000057220459,-0.047630000859498978,0.053586153546348214,3171.3578491210938
0.23819999396800995,-0.047639999538660049,0.053605629946105182,3170.6048583984375
0.2382500022649765,-0.047649998217821121,0.053625094471499324,3169.853271484375
0.23829999566078186,-0.047660000622272491,0.053644558414816856,3169.102783203125
0.23835000395774841,-0.047669999301433563,0.053664014558307827,3168.3528442382812
0.23839999735355377,-0.047680001705884933,0.053683489910326898,3167.6007080078125
0.23845000565052032,-0.047690000385046005,0.053702981094829738,3166.8465576171875
0.23849999904632568,-0.047699999064207077,0.053722480544820428,3166.0899658203125
0.23855000734329224,-0.047710001468658447,0.053741995710879564,3165.3317260742188
0.2386000007390976,-0.047720000147819519,0.053761514951474965,3164.572265625
0.23864999413490295,-0.047729998826980591,0.053781037800945342,3163.8128051757812
0.23870000243186951,-0.047740001231431961,0.053800552734173834,3163.0538330078125
0.23874999582767487,-0.047749999910593033,0.053820063243620098,3162.2962646484375
0.23880000412464142,-0.047759998589754105,0.053839561878703535,3161.5403442382812
0.23884999752044678,-0.047770000994205475,0.053859048406593502,3160.7861328125
0.23890000581741333,-0.047779999673366547,0.053878530510701239,3160.0333862304688
0.23894999921321869,-0.047789998352527618,0.05389800074044615,3159.2820434570312
0.23899999260902405,-0.047800000756978989,0.053917470620945096,3158.5313720703125
0.2390500009059906,-0.04780999943614006,0.05393694038502872,3157.7807006835938
0.23909999430179596,-0.047820001840591431,0.053956413874402642,3157.0299682617188
0.23915000259876251,-0.047830000519752502,0.053975887480191886,3156.2786254882812
0.23919999599456787,-0.047839999198913574,0.053995364927686751,3155.5269775390625
0.23925000429153442,-0.047850001603364944,0.054014845984056592,3154.7750854492188
0.23929999768733978,-0.047860000282526016,0.054034327156841755,3154.0230712890625
0.23935000598430634,-0.047869998961687088,0.054053808329626918,3153.2706298828125
0.23939999938011169,-0.047880001366138458,0.054073296952992678,3152.5180053710938
0.23944999277591705,-0.04789000004529953,0.054092781734652817,3151.765380859375
0.23950000107288361,-0.047899998724460602,0.054112266283482313,3151.0130615234375
0.23954999446868896,-0.047910001128911972,0.054131742916069925,3150.2614135742188
0.23960000276565552,-0.047919999808073044,0.054151219082996249,3149.5106201171875
0.23964999616146088,-0.047929998487234116,0.054170687217265368,3148.7608032226562
0.23970000445842743,-0.047940000891685486,0.054190151276998222,3148.0119018554688
0.23974999785423279,-0.047949999570846558,0.054209611029364169,3147.2637329101562
0.23980000615119934,-0.047959998250007629,0.054229063098318875,3146.516357421875
0.2398499995470047,-0.047970000654459,0.054248518426902592,3145.7692260742188
0.23989999294281006,-0.047979999333620071,0.054267969913780689,3145.0226440429688
0.23995000123977661,-0.047990001738071442,0.054287417442537844,3144.2762451171875
0.23999999463558197,-0.048000000417232513,0.054306864738464355,3143.5303344726562
0.24005000293254852,-0.048009999096393585,0.054326311685144901,3142.7847290039062
0.24009999632835388,-0.048020001500844955,0.054345754790119827,3142.0394287109375
0.24015000462532043,-0.048030000180006027,0.054365193704143167,3141.2946166992188
0.24019999802112579,-0.048039998859167099,0.054384636227041483,3140.5499877929688
0.24025000631809235,-0.048050001263618469,0.054404074791818857,3139.8054809570312
0.24029999971389771,-0.048059999942779541,0.05442352092359215,3139.0604858398438
0.24034999310970306,-0.048069998621940613,0.054442967288196087,3138.3147583007812
0.24040000140666962,-0.048080001026391983,0.05446242110338062,3137.568603515625
0.24044999480247498,-0.048089999705553055,0.054481875034980476,3136.8218994140625
0.24050000309944153,-0.048099998384714127,0.054501332575455308,3136.075439453125
0.24054999649524689,-0.048110000789165497,0.054520786157809198,3135.3287353515625
0.24060000479221344,-0.048119999468326569,0.054540243465453386,3134.582275390625
0.2406499981880188,-0.04812999814748764,0.054559700423851609,3133.8360595703125
0.24070000648498535,-0.048140000551939011,0.054579153540544212,3133.0903930664062
0.24074999988079071,-0.048149999231100082,0.054598602466285229,3132.3450927734375
0.24079999327659607,-0.048160001635551453,0.054618051159195602,3131.6005859375
0.24085000157356262,-0.048170000314712524,0.054637491819448769,3130.8569946289062
0.24089999496936798,-0.048179998993873596,0.054656928405165672,3130.1141357421875
0.24095000326633453,-0.048190001398324966,0.054676356958225369,3129.3720092773438
0.24099999666213989,-0.048200000077486038,0.054695785162039101,3128.630859375
0.24105000495910645,-0.04820999875664711,0.054715205449610949,3127.8903198242188
0.2410999983549118,-0.04822000116109848,0.054734625387936831,3127.1504516601562
0.24115000665187836,-0.048229999840259552,0.054754041251726449,3126.4110107421875
0.24120000004768372,-0.048239998519420624,0.054773453273810446,3125.6719360351562
0.24124999344348907,-0.048250000923871994,0.054792864946648479,3124.9331665039062
0.24130000174045563,-0.048259999603033066,0.054812276386655867,3124.1943969726562
0.24134999513626099,-0.048269998282194138,0.054831687710247934,3123.4561157226562
0.24140000343322754,-0.048280000686645508,0.054851095075719059,3122.718017578125
0.2414499968290329,-0.04828999936580658,0.054870502091944218,3121.9805297851562
0.24150000512599945,-0.04830000177025795,0.054889905150048435,3121.2435302734375
0.24154999852180481,-0.048310000449419022,0.054909300291910768,3120.5071411132812
0.24160000681877136,-0.048319999128580093,0.054928698809817433,3119.7713623046875
0.24165000021457672,-0.048330001533031464,0.054948089527897537,3119.0362548828125
0.24169999361038208,-0.048340000212192535,0.054967476171441376,3118.3018188476562
0.24175000190734863,-0.048349998891353607,0.054986866540275514,3117.5668334960938
0.24179999530315399,-0.048360001295804977,0.055006280308589339,3116.8292846679688
0.24185000360012054,-0.048369999974966049,0.055025698500685394,3116.0901489257812
0.2418999969959259,-0.048379998654127121,0.055045128450728953,3115.3494873046875
0.24195000529289246,-0.048390001058578491,0.055064566200599074,3114.6074829101562
0.24199999868869781,-0.048399999737739563,0.055084007792174816,3113.8651123046875
0.24205000698566437,-0.048409998416900635,0.055103457067161798,3113.1217651367188
0.24210000038146973,-0.048420000821352005,0.055122914258390665,3112.376953125
0.24214999377727509,-0.048429999500513077,0.055142379365861416,3111.6309814453125
0.24220000207424164,-0.048439998179674149,0.055161848198622465,3110.8845825195312
0.242249995470047,-0.048450000584125519,0.055181309231556952,3110.1389770507812
0.24230000376701355,-0.048459999263286591,0.055200758157297969,3109.3949584960938
0.24234999716281891,-0.048470001667737961,0.055220198701135814,3108.6527099609375
0.24240000545978546,-0.048480000346899033,0.055239642737433314,3107.9112548828125
0.24244999885559082,-0.048489999026060104,0.055259086890146136,3107.1691284179688
0.24250000715255737,-0.048500001430511475,0.055278538959100842,3106.4258422851562
0.24255000054836273,-0.048510000109672546,0.055297998827882111,3105.681640625
0.24259999394416809,-0.048519998788833618,0.055317458813078701,3104.9370727539062
0.24265000224113464,-0.048530001193284988,0.055336914723739028,3104.1924438476562
0.24269999563694,-0.04853999987244606,0.055356374243274331,3103.4483642578125
0.24275000393390656,-0.048549998551607132,0.055375829804688692,3102.7046508789062
0.24279999732971191,-0.048560000956058502,0.055395285016857088,3101.9615478515625
0.24285000562667847,-0.048569999635219574,0.055414732545614243,3101.2190551757812
0.24289999902248383,-0.048579998314380646,0.05543417960871011,3100.4772338867188
0.24295000731945038,-0.048590000718832016,0.055453622597269714,3099.7359008789062
0.24300000071525574,-0.048599999397993088,0.055473069194704294,3098.9946899414062
0.2430499941110611,-0.048610001802444458,0.055492515908554196,3098.253173828125
0.24310000240802765,-0.04862000048160553,0.055511966464109719,3097.510986328125
0.24314999580383301,-0.048629999160766602,0.055531424819491804,3096.76806640625
0.24320000410079956,-0.048640001565217972,0.055550887249410152,3096.024169921875
0.24324999749660492,-0.048650000244379044,0.055570357129909098,3095.27978515625
0.24330000579357147,-0.048659998923540115,0.055589823285117745,3094.5355224609375
0.24334999918937683,-0.048670001327991486,0.055609289207495749,3093.79150390625
0.24339999258518219,-0.048680000007152557,0.055628747097216547,3093.0484619140625
0.24345000088214874,-0.048689998686313629,0.055648200795985758,3092.3064575195312
0.2434999942779541,-0.048700001090764999,0.055667646345682442,3091.5656127929688
0.24355000257492065,-0.048709999769926071,0.05568708386272192,3090.8261108398438
0.24359999597072601,-0.048719998449087143,0.05570651707239449,3090.0875244140625
0.24365000426769257,-0.048730000853538513,0.055725946207530797,3089.349853515625
0.24369999766349792,-0.048739999532699585,0.055745371151715517,3088.61279296875
0.24375000596046448,-0.048749998211860657,0.055764796095900238,3087.8755493164062
0.24379999935626984,-0.048760000616312027,0.055784236290492117,3087.1370239257812
0.2438499927520752,-0.048769999295473099,0.055803684750571847,3086.3965454101562
0.24390000104904175,-0.048780001699924469,0.055823144968599081,3085.654296875
0.24394999444484711,-0.048790000379085541,0.055842609377577901,3084.910888671875
0.24400000274181366,-0.048799999058246613,0.055862077395431697,3084.16748046875
0.24404999613761902,-0.048810001462697983,0.055881541222333908,3083.4243774414062
0.24410000443458557,-0.048820000141859055,0.055901004699990153,3082.6819458007812
0.24414999783039093,-0.048829998821020126,0.055920468061231077,3081.93994140625
0.24420000612735748,-0.048840001225471497,0.055939931189641356,3081.197998046875
0.24424999952316284,-0.048849999904632568,0.055959398159757257,3080.4559936523438
0.2442999929189682,-0.04885999858379364,0.055978861288167536,3079.714111328125
0.24435000121593475,-0.04887000098824501,0.055998324183747172,3078.9725341796875
0.24439999461174011,-0.048879999667406082,0.056017783004790545,3078.2316284179688
0.24445000290870667,-0.048889998346567154,0.056037241476587951,3077.4915161132812
0.24449999630451202,-0.048900000751018524,0.056056688306853175,3076.7523193359375
0.24455000460147858,-0.048909999430179596,0.056076134671457112,3076.0136108398438
0.24459999799728394,-0.048920001834630966,0.056095580803230405,3075.2755737304688
0.24465000629425049,-0.048930000513792038,0.056115022976882756,3074.5379028320312
0.24469999969005585,-0.04893999919295311,0.056134461075998843,3073.8005981445312
0.24474999308586121,-0.04895000159740448,0.056153899058699608,3073.0635375976562
0.24480000138282776,-0.048960000276565552,0.056173336808569729,3072.326904296875
0.24484999477863312,-0.048969998955726624,0.056192774325609207,3071.5904541015625
0.24490000307559967,-0.048980001360177994,0.056212204042822123,3070.8546142578125
0.24494999647140503,-0.048990000039339066,0.056231637252494693,3070.1190185546875
0.24500000476837158,-0.048999998718500137,0.056251062662340701,3069.3841552734375
0.24504999816417694,-0.049010001122951508,0.056270487839356065,3068.6494140625
0.24510000646114349,-0.049019999802112579,0.056289928499609232,3067.9130859375
0.24514999985694885,-0.049029998481273651,0.056309381150640547,3067.1747436523438
0.24519999325275421,-0.049040000885725021,0.056328845676034689,3066.4343872070312
0.24525000154972076,-0.049049999564886093,0.056348321959376335,3065.6926879882812
0.24529999494552612,-0.049059998244047165,0.056367798475548625,3064.9500122070312
0.24535000324249268,-0.049070000648498535,0.056387274758890271,3064.2078247070312
0.24539999663829803,-0.049079999327659607,0.05640674673486501,3063.4666748046875
0.24545000493526459,-0.049090001732110977,0.0564262067200616,3062.7269897460938
0.24549999833106995,-0.049100000411272049,0.056445658439770341,3061.9891967773438
0.2455500066280365,-0.049109999090433121,0.056465098285116255,3061.2528076171875
0.24560000002384186,-0.049120001494884491,0.056484533823095262,3060.5177001953125
0.24564999341964722,-0.049130000174045563,0.056503965170122683,3059.7835693359375
0.24570000171661377,-0.049139998853206635,0.056523388717323542,3059.0499267578125
0.24574999511241913,-0.049150001257658005,0.056542815873399377,3058.3164672851562
0.24580000340938568,-0.049159999936819077,0.05656224291305989,3057.5829467773438
0.24584999680519104,-0.049169998615980148,0.056581677752546966,3056.8488159179688
0.24590000510215759,-0.049180001020431519,0.056601120275445282,3056.113525390625
0.24594999849796295,-0.04918999969959259,0.056620563031174242,3055.37744140625
0.2460000067949295,-0.049199998378753662,0.056640013353899121,3054.6409301757812
0.24605000019073486,-0.049210000783205032,0.05665945983491838,3053.9046020507812
0.24609999358654022,-0.049219999462366104,0.056678905850276351,3053.1688232421875
0.24615000188350677,-0.049229998141527176,0.05669834790751338,3052.4337158203125
0.24619999527931213,-0.049240000545978546,0.056717781932093203,3051.6995849609375
0.24625000357627869,-0.049249999225139618,0.05673721176572144,3050.966552734375
0.24629999697208405,-0.049260001629590988,0.05675663729198277,3050.2344970703125
0.2463500052690506,-0.04927000030875206,0.056776054902002215,3049.5033569335938
0.24639999866485596,-0.049279998987913132,0.056795468437485397,3048.7728881835938
0.24645000696182251,-0.049290001392364502,0.056814881740137935,3048.042724609375
0.24650000035762787,-0.049300000071525574,0.056834294926375151,3047.3125
0.24654999375343323,-0.049309998750686646,0.056853719754144549,3046.5809326171875
0.24660000205039978,-0.049320001155138016,0.056873156339861453,3045.8477783203125
0.24664999544620514,-0.049329999834299088,0.056892624590545893,3045.10986328125
0.24670000374317169,-0.049339998513460159,0.056912104948423803,3044.3699951171875
0.24674999713897705,-0.04935000091791153,0.056931593222543597,3043.6286010742188
0.2468000054359436,-0.049359999597072601,0.056951081613078713,3042.8866577148438
0.24684999883174896,-0.049369998276233673,0.056970573496073484,3042.1450805664062
0.24690000712871552,-0.049380000680685043,0.056990057462826371,3041.40478515625
0.24695000052452087,-0.049389999359846115,0.05700953712221235,3040.6654663085938
0.24699999392032623,-0.049400001764297485,0.057029008748941123,3039.9273681640625
0.24705000221729279,-0.049410000443458557,0.057048480142839253,3039.18994140625
0.24709999561309814,-0.049419999122619629,0.057067951303906739,3038.4530029296875
0.2471500039100647,-0.049430001527070999,0.057087422464974225,3037.7162475585938
0.24719999730587006,-0.049440000206232071,0.05710688978433609,3036.979736328125
0.24725000560283661,-0.049449998885393143,0.057126360828988254,3036.2431030273438
0.24729999899864197,-0.049460001289844513,0.057145835482515395,3035.5064697265625
0.24735000729560852,-0.049469999969005585,0.057165314094163477,3034.7689208984375
0.24740000069141388,-0.049479998648166656,0.05718479654751718,3034.030517578125
0.24744999408721924,-0.049490001052618027,0.057204286567866802,3033.2918090820312
0.24750000238418579,-0.049499999731779099,0.057223772746510804,3032.5529174804688
0.24754999577999115,-0.04950999841094017,0.057243262534029782,3031.813720703125
0.2476000040769577,-0.049520000815391541,0.057262771762907505,3031.0725708007812
0.24764999747276306,-0.049529999494552612,0.057282289257273078,3030.3295288085938
0.24770000576972961,-0.049539998173713684,0.057301818509586155,3029.5851440429688
0.24774999916553497,-0.049550000578165054,0.057321351720020175,3028.8399658203125
0.24779999256134033,-0.049559999257326126,0.057340880972333252,3028.0948486328125
0.24785000085830688,-0.049570001661777496,0.057360406150110066,3027.3507690429688
0.24789999425411224,-0.049580000340938568,0.057379923178814352,3026.60791015625
0.2479500025510788,-0.04958999902009964,0.057399432058446109,3025.8665771484375
0.24799999594688416,-0.04960000142455101,0.057418936514295638,3025.1265258789062
0.24805000424385071,-0.049610000103712082,0.057438433053903282,3024.387451171875
0.24809999763965607,-0.049619998782873154,0.057457921677269042,3023.6493530273438
0.24815000593662262,-0.049630001187324524,0.057477409951388836,3022.911865234375
0.24819999933242798,-0.049639999866485596,0.057496894267387688,3022.1749877929688
0.24824999272823334,-0.049649998545646667,0.057516378350555897,3021.43798828125
0.24830000102519989,-0.049660000950098038,0.057535862317308784,3020.7012939453125
0.24834999442100525,-0.049669999629259109,0.057555346051231027,3019.9647827148438
0.2484000027179718,-0.049679998308420181,0.057574825827032328,3019.2285766601562
0.24844999611377716,-0.049690000712871552,0.057594305370002985,3018.4927978515625
0.24850000441074371,-0.049699999392032623,0.057613777229562402,3017.7574462890625
0.24854999780654907,-0.049710001796483994,0.057633248623460531,3017.02294921875
0.24860000610351562,-0.049720000475645065,0.057652715826407075,3016.2892456054688
0.24864999949932098,-0.049729999154806137,0.057672179071232677,3015.5560913085938
0.24869999289512634,-0.049740001559257507,0.057691634399816394,3014.82373046875
0.2487500011920929,-0.049750000238418579,0.057711089379154146,3014.0919799804688
0.24879999458789825,-0.049759998917579651,0.057730540283955634,3013.3607177734375
0.24885000288486481,-0.049770001322031021,0.057749990955926478,3012.6299438476562
0.24889999628067017,-0.049780000001192093,0.05776943766977638,3011.8993530273438
0.24895000457763672,-0.049789998680353165,0.057788884150795639,3011.169189453125
0.24899999797344208,-0.049800001084804535,0.057808330515399575,3010.4395141601562
0.24905000627040863,-0.049809999763965607,0.057827772805467248,3009.7101440429688
0.24909999966621399,-0.049819998443126678,0.057847211020998657,3008.9812622070312
0.24914999306201935,-0.049830000847578049,0.057866652961820364,3008.2523803710938
0.2492000013589859,-0.04983999952673912,0.057886114227585495,3007.5211791992188
0.24924999475479126,-0.049849998205900192,0.057905583875253797,3006.7880859375
0.24930000305175781,-0.049860000610351562,0.057925061322748661,3006.0533447265625
0.24934999644756317,-0.049869999289512634,0.057944539003074169,3005.3181762695312
0.24940000474452972,-0.049880001693964005,0.05796402005944401,3004.583251953125
0.24944999814033508,-0.049890000373125076,0.057983489474281669,3003.8492431640625
0.24950000643730164,-0.049899999052286148,0.058002958307042718,3003.116455078125
0.24954999983310699,-0.049910001456737518,0.058022419223561883,3002.3845825195312
0.24959999322891235,-0.04992000013589859,0.058041879790835083,3001.6533813476562
0.24965000152587891,-0.049929998815059662,0.058061336283572018,3000.9228515625
0.24969999492168427,-0.049940001219511032,0.058080788818188012,3000.1927490234375
0.24975000321865082,-0.049949999898672104,0.058100241119973361,2999.4630126953125
0.24979999661445618,-0.049959998577833176,0.058119693188928068,2998.7335815429688
0.24985000491142273,-0.049970000982284546,0.058139137574471533,2998.004638671875
0.24989999830722809,-0.049979999661445618,0.058158585452474654,2997.276123046875
0.24995000660419464,-0.049989998340606689,0.058178025530651212,2996.5479736328125
0.25,-0.05000000074505806,0.058197465259581804,2995.8204345703125
0.25005000829696655,-0.050009999424219131,0.058216900913976133,2995.0933837890625
0.25009998679161072,-0.050020001828670502,0.058236332610249519,2994.3670043945312
0.25014999508857727,-0.050030000507831573,0.05825576011557132,2993.6412353515625
0.25020000338554382,-0.050039999186992645,0.058275187271647155,2992.9160766601562
0.25025001168251038,-0.050050001591444016,0.05829460674431175,2992.19140625
0.25029999017715454,-0.050060000270605087,0.058314025984145701,2991.4672241210938
0.25034999847412109,-0.050069998949766159,0.058333444991149008,2990.7433471679688
0.25040000677108765,-0.050080001354217529,0.058352867723442614,2990.0189819335938
0.25044998526573181,-0.050090000033378601,0.058372302213683724,2989.29345703125
0.25049999356269836,-0.050099998712539673,0.058391744736582041,2988.566162109375
0.25055000185966492,-0.050110001116991043,0.058411195292137563,2987.8372802734375
0.25060001015663147,-0.050119999796152115,0.058430661330930889,2987.1067504882812
0.25064998865127563,-0.050129998475313187,0.058450135285966098,2986.3749389648438
0.25069999694824219,-0.050140000879764557,0.05846960935741663,2985.6423950195312
0.25075000524520874,-0.050149999558925629,0.058489087037742138,2984.909912109375
0.25080001354217529,-0.0501599982380867,0.058508560643531382,2984.17822265625
0.25084999203681946,-0.050170000642538071,0.0585280223749578,2983.447998046875
0.25090000033378601,-0.050179999321699142,0.058547479682601988,2982.7194213867188
0.25095000863075256,-0.050190001726150513,0.05856692511588335,2981.9921264648438
0.25099998712539673,-0.050200000405311584,0.058586362516507506,2981.2664184570312
0.25104999542236328,-0.050209999084472656,0.058605799451470375,2980.5413208007812
0.25110000371932983,-0.050220001488924026,0.058625244302675128,2979.8148803710938
0.25115001201629639,-0.050230000168085098,0.058644697070121765,2979.0869140625
0.25119999051094055,-0.05023999884724617,0.058664161362685263,2978.3577880859375
0.2512499988079071,-0.05025000125169754,0.058683625888079405,2977.6278686523438
0.25130000710487366,-0.050259999930858612,0.058703090413473547,2976.89794921875
0.25134998559951782,-0.050269998610019684,0.058722554473206401,2976.1685180664062
0.25139999389648438,-0.050280001014471054,0.058742010616697371,2975.4400024414062
0.25145000219345093,-0.050289999693632126,0.058761458843946457,2974.712646484375
0.25150001049041748,-0.050299998372793198,0.058780902763828635,2973.9863891601562
0.25154998898506165,-0.050310000777244568,0.058800342492759228,2973.2609252929688
0.2515999972820282,-0.05031999945640564,0.05881978222168982,2972.5354614257812
0.25165000557899475,-0.05033000186085701,0.058839229517616332,2971.8095092773438
0.2517000138759613,-0.050340000540018082,0.058858680888079107,2971.0825805664062
0.25174999237060547,-0.050349999219179153,0.058878136216662824,2970.3550415039062
0.25180000066757202,-0.050360001623630524,0.05889759142883122,2969.62744140625
0.25185000896453857,-0.050370000302791595,0.058917046524584293,2968.8999633789062
0.25189998745918274,-0.050379998981952667,0.058936497545801103,2968.1730346679688
0.25194999575614929,-0.050390001386404037,0.058955944492481649,2967.4468383789062
0.25200000405311584,-0.050400000065565109,0.058975387248210609,2966.7212524414062
0.2520500123500824,-0.050409998744726181,0.058994825812987983,2965.99658203125
0.25209999084472656,-0.050420001149177551,0.059014260303229094,2965.272705078125
0.25214999914169312,-0.050429999828338623,0.059033690602518618,2964.5496826171875
0.25220000743865967,-0.050439998507499695,0.059053113218396902,2963.8270874023438
0.25224998593330383,-0.050450000911951065,0.059072539210319519,2963.1048583984375
0.25229999423027039,-0.050459999591112137,0.059091961360536516,2962.3829956054688
0.25235000252723694,-0.050469998270273209,0.059111383394338191,2961.6610717773438
0.25240001082420349,-0.050480000674724579,0.059130805195309222,2960.9393920898438
0.25244998931884766,-0.050489999353885651,0.059150226996280253,2960.2179565429688
0.25249999761581421,-0.050500001758337021,0.059169648448005319,2959.4970092773438
0.25255000591278076,-0.050510000437498093,0.059189062216319144,2958.7763061523438
0.25260001420974731,-0.050519999116659164,0.059208475635387003,2958.0560913085938
0.25264999270439148,-0.050530001521110535,0.059227888821624219,2957.3365478515625
0.25270000100135803,-0.050540000200271606,0.059247294208034873,2956.6173095703125
0.25275000929832458,-0.050549998879432678,0.059266699245199561,2955.8989868164062
0.25279998779296875,-0.050560001283884048,0.059286100324243307,2955.1809692382812
0.2528499960899353,-0.05056999996304512,0.059305497328750789,2954.4635009765625
0.25290000438690186,-0.050579998642206192,0.059324893984012306,2953.7464599609375
0.25295001268386841,-0.050590001046657562,0.059344290639273822,2953.0292358398438
0.25299999117851257,-0.050599999725818634,0.059363694861531258,2952.3114013671875
0.25304999947547913,-0.050609998404979706,0.059383111074566841,2951.5919189453125
0.25310000777244568,-0.050620000809431076,0.059402542887255549,2950.870361328125
0.25314998626708984,-0.050629999488592148,0.059421990416012704,2950.1469116210938
0.2531999945640564,-0.05063999816775322,0.059441442252136767,2949.421875
0.25325000286102295,-0.05065000057220459,0.059460901655256748,2948.6964721679688
0.2533000111579895,-0.050659999251365662,0.059480357100255787,2947.9713134765625
0.25334998965263367,-0.050670001655817032,0.05949980451259762,2947.2474975585938
0.25339999794960022,-0.050680000334978104,0.059519243775866926,2946.5248413085938
0.25345000624656677,-0.050689999014139175,0.059538686531595886,2945.8024291992188
0.25350001454353333,-0.050700001418590546,0.059558136970736086,2945.0790405273438
0.25354999303817749,-0.050710000097751617,0.059577595558948815,2944.354248046875
0.25360000133514404,-0.050719998776912689,0.059597058105282485,2943.6281127929688
0.2536500096321106,-0.050730001181364059,0.059616528451442719,2942.901123046875
0.25369998812675476,-0.050739999860525131,0.059636002406477928,2942.1740112304688
0.25374999642372131,-0.050749998539686203,0.059655472519807518,2941.4469604492188
0.25380000472068787,-0.050760000944137573,0.059674946125596762,2940.7200927734375
0.25385001301765442,-0.050769999623298645,0.059694415889680386,2939.9938354492188
0.25389999151229858,-0.050779998302459717,0.059713885304518044,2939.2679443359375
0.25394999980926514,-0.050790000706911087,0.059733350644819438,2938.5427856445312
0.25400000810623169,-0.050799999386072159,0.059752811910584569,2937.8182983398438
0.25404998660087585,-0.050810001790523529,0.059772265376523137,2937.0947875976562
0.25409999489784241,-0.050820000469684601,0.05979171849321574,2936.37158203125
0.25415000319480896,-0.050829999148845673,0.059811171377077699,2935.6488037109375
0.25420001149177551,-0.050840001553297043,0.059830620535649359,2934.9259033203125
0.25424998998641968,-0.050850000232458115,0.059850073186680675,2934.2033081054688
0.25429999828338623,-0.050859998911619186,0.059869521879591048,2933.480712890625
0.25435000658035278,-0.050870001316070557,0.059888970456086099,2932.7584228515625
0.25440001487731934,-0.050879999995231628,0.059908415074460208,2932.0361938476562
0.2544499933719635,-0.0508899986743927,0.059927859576418996,2931.3143920898438
0.25450000166893005,-0.05090000107884407,0.059947303729131818,2930.5928955078125
0.25455000996589661,-0.050909999758005142,0.059966743923723698,2929.8718872070312
0.25459998846054077,-0.050919998437166214,0.059986183885484934,2929.1513671875
0.25464999675750732,-0.050930000841617584,0.060005619889125228,2928.4312133789062
0.25470000505447388,-0.050939999520778656,0.060025051818229258,2927.71142578125
0.25475001335144043,-0.050949998199939728,0.060044491197913885,2926.9913940429688
0.25479999184608459,-0.050960000604391098,0.060063934652134776,2926.2705078125
0.25485000014305115,-0.05096999928355217,0.060083385673351586,2925.5487060546875
0.2549000084400177,-0.05098000168800354,0.060102836927399039,2924.8263549804688
0.25494998693466187,-0.050990000367164612,0.060122291790321469,2924.10400390625
0.25499999523162842,-0.050999999046325684,0.060141746536828578,2923.3814086914062
0.25505000352859497,-0.051010001450777054,0.060161205008625984,2922.658447265625
0.25510001182556152,-0.051020000129938126,0.060180667438544333,2921.9349365234375
0.25514999032020569,-0.051029998809099197,0.06020013359375298,2921.2109985351562
0.25519999861717224,-0.051040001213550568,0.060219603590667248,2920.4866333007812
0.25525000691413879,-0.051049999892711639,0.060239077545702457,2919.7615356445312
0.25529998540878296,-0.051059998571872711,0.060258555458858609,2919.03564453125
0.25534999370574951,-0.051070000976324081,0.060278041055426002,2918.30908203125
0.25540000200271606,-0.051079999655485153,0.060297526768408716,2917.5822143554688
0.25545001029968262,-0.051089998334646225,0.060317008406855166,2916.8555908203125
0.25549998879432678,-0.051100000739097595,0.060336489812470973,2916.12939453125
0.25554999709129333,-0.051109999418258667,0.060355967027135193,2915.4044189453125
0.25560000538825989,-0.051120001822710037,0.06037543632555753,2914.6801147460938
0.25565001368522644,-0.051130000501871109,0.060394901433028281,2913.9569091796875
0.25569999217987061,-0.051139999181032181,0.060414362349547446,2913.2341918945312
0.25575000047683716,-0.051150001585483551,0.060433819307945669,2912.5122680664062
0.25580000877380371,-0.051160000264644623,0.060453279758803546,2911.790283203125
0.25584998726844788,-0.051169998943805695,0.06047274440061301,2911.0673828125
0.25589999556541443,-0.051180001348257065,0.060492224642075598,2910.3424682617188
0.25595000386238098,-0.051190000027418137,0.060511724441312253,2909.6150512695312
0.25600001215934753,-0.051199998706579208,0.060531232506036758,2908.8855590820312
0.2560499906539917,-0.051210001111030579,0.060550748487003148,2908.1547241210938
0.25609999895095825,-0.05121999979019165,0.060570268193259835,2907.4236450195312
0.2561500072479248,-0.051229998469352722,0.060589783824980259,2906.6932983398438
0.25619998574256897,-0.051240000873804092,0.060609291307628155,2905.9638061523438
0.25624999403953552,-0.051249999552965164,0.060628798441030085,2905.2354125976562
0.25630000233650208,-0.051259998232126236,0.060648297658190131,2904.5076293945312
0.25635001063346863,-0.051270000636577606,0.060667800484225154,2903.7802734375
0.25639998912811279,-0.051279999315738678,0.060687295510433614,2903.0532836914062
0.25644999742507935,-0.051290001720190048,0.060706794145517051,2902.3264770507812
0.2565000057220459,-0.05130000039935112,0.060726288822479546,2901.6000366210938
0.25655001401901245,-0.051309999078512192,0.060745783383026719,2900.8738403320312
0.25659999251365662,-0.051320001482963562,0.060765273869037628,2900.1478881835938
0.25665000081062317,-0.051330000162124634,0.060784760396927595,2899.4223022460938
0.25670000910758972,-0.051339998841285706,0.060804250533692539,2898.6969604492188
0.25674998760223389,-0.051350001245737076,0.060823740786872804,2897.9710693359375
0.25679999589920044,-0.051359999924898148,0.060843246406875551,2897.2437133789062
0.25685000419616699,-0.051369998604059219,0.060862756217829883,2896.5152587890625
0.25690001249313354,-0.05138000100851059,0.060882269870489836,2895.7861328125
0.25694999098777771,-0.051389999687671661,0.060901787364855409,2895.056396484375
0.25699999928474426,-0.051399998366832733,0.06092130858451128,2894.3263549804688
0.25705000758171082,-0.051410000771284103,0.060940825846046209,2893.5967407226562
0.25709998607635498,-0.051419999450445175,0.060960339033044875,2892.8677368164062
0.25714999437332153,-0.051430001854896545,0.060979848029091954,2892.1395874023438
0.25720000267028809,-0.051440000534057617,0.06099934910889715,2891.4122314453125
0.25725001096725464,-0.051449999213218689,0.061018849839456379,2890.6856689453125
0.2572999894618988,-0.051460001617670059,0.061038342653773725,2889.9598999023438
0.25734999775886536,-0.051470000296831131,0.061057835351675749,2889.234619140625
0.25740000605583191,-0.051479998975992203,0.061077327816747129,2888.5093383789062
0.25745001435279846,-0.051490001380443573,0.061096820398233831,2887.783935546875
0.25749999284744263,-0.051500000059604645,0.06111631658859551,2887.0584716796875
0.25755000114440918,-0.051509998738765717,0.06113581289537251,2886.3327026367188
0.25760000944137573,-0.051520001143217087,0.061155308969318867,2885.6072387695312
0.2576499879360199,-0.051529999822378159,0.061174804926849902,2884.8816528320312
0.25769999623298645,-0.05153999850153923,0.061194296926259995,2884.1563720703125
0.257750004529953,-0.051550000905990601,0.061213788576424122,2883.4318237304688
0.25780001282691956,-0.051559999585151672,0.061233272543177009,2882.7074584960938
0.25784999132156372,-0.051569998264312744,0.06125276000238955,2881.983642578125
0.25789999961853027,-0.051580000668764114,0.061272239545360208,2881.26025390625
0.25795000791549683,-0.051589999347925186,0.061291718971915543,2880.537353515625
0.25799998641014099,-0.051600001752376556,0.061311198165640235,2879.814697265625
0.25804999470710754,-0.051610000431537628,0.061330677359364927,2879.0919799804688
0.2581000030040741,-0.0516199991106987,0.061350164120085537,2878.3685913085938
0.25815001130104065,-0.05163000151515007,0.061369658797048032,2877.64404296875
0.25819998979568481,-0.051640000194311142,0.061389169190078974,2876.917236328125
0.25824999809265137,-0.051649998873472214,0.061408687732182443,2876.1886596679688
0.25830000638961792,-0.051660001277923584,0.061428221757523715,2875.45849609375
0.25835001468658447,-0.051669999957084656,0.061447755782864988,2874.7276611328125
0.25839999318122864,-0.051679998636245728,0.06146728980820626,2873.9968872070312
0.25845000147819519,-0.051690001040697098,0.061486823367886245,2873.2667236328125
0.25850000977516174,-0.05169999971985817,0.061506341560743749,2872.537353515625
0.25854998826980591,-0.051709998399019241,0.061525859287939966,2871.8093872070312
0.25859999656677246,-0.051720000803470612,0.061545376433059573,2871.0821533203125
0.25865000486373901,-0.051729999482631683,0.061564885778352618,2870.3557739257812
0.25870001316070557,-0.051739998161792755,0.061584387440234423,2869.6299438476562
