     1, -3.1064649746956943E+00, -2.4767062926428487E+00, -2.0217558628819736E+00,  2.5591560607783923E-04,  9.0856200554012811E-01,  7.6872613824243319E-01,  1.0000000000000000E+00,  3.5241727031408959E+03,  7.0483454062817918E+02,  0.0000000000000000E+00,  7.0483454062817918E+02,  3.5241727031408959E+03,  0.0000000000000000E+00,  0.0000000000000000E+00,  0.0000000000000000E+00,  1.4096690812563584E+03
     2,  4.2700148905694189E+00, -1.2565857229619752E+00, -1.0520913945385281E-01,  9.2184533244015973E-04,  8.9902479405991376E-01,  5.0009052673614041E-01,  1.0000000000000000E+00,  3.8917527289408245E+03,  7.7835054578816482E+02,  0.0000000000000000E+00,  7.7835054578816482E+02,  3.8917527289408245E+03,  0.0000000000000000E+00,  0.0000000000000000E+00,  0.0000000000000000E+00,  1.5567010915763296E+03
     3, -2.8791308339842852E+00, -1.0435733646751633E+01, -3.8373635746877528E+00,  5.7032057024221817E-04,  8.3579454116123919E-01,  5.4207082237454851E-01,  1.0000000000000000E+00,  6.3287520594105736E+03,  1.2657504118821146E+03,  0.0000000000000000E+00,  1.2657504118821146E+03,  6.3287520594105736E+03,  0.0000000000000000E+00,  0.0000000000000000E+00,  0.0000000000000000E+00,  2.5315008237642292E+03
     4, -3.4254731359366869E-01,  2.6538051488954745E-01, -1.8582598621832636E-01,  9.7603224326304973E-04,  9.0647938978946274E-01,  1.0388540725649713E+00,  1.0000000000000000E+00,  3.6044401851977905E+03,  7.2088803703955807E+02,  0.0000000000000000E+00,  7.2088803703955807E+02,  3.6044401851977905E+03,  0.0000000000000000E+00,  0.0000000000000000E+00,  0.0000000000000000E+00,  1.4417760740791161E+03
     5,  1.6566490060170995E+00,  1.9434610371222178E+00,  9.7334658520033746E-01,  1.3243579267242943E-03,  9.3021067611215646E-01,  4.8450152775175076E-01,  1.0000000000000000E+00,  2.6897968581773034E+03,  5.3795937163546057E+02,  0.0000000000000000E+00,  5.3795937163546057E+02,  2.6897968581773034E+03,  0.0000000000000000E+00,  0.0000000000000000E+00,  0.0000000000000000E+00,  1.0759187432709211E+03
     6,  4.0844494702935502E-01, -7.5034551776116953E-01,  8.2851841933616366E-01,  9.1919072222762716E-04,  8.9855598075056453E-01,  4.4727535014704439E-01,  1.0000000000000000E+00,  3.9098215752386591E+03,  7.8196431504773182E+02,  0.0000000000000000E+00,  7.8196431504773182E+02,  3.9098215752386591E+03,  0.0000000000000000E+00,  0.0000000000000000E+00,  0.0000000000000000E+00,  1.5639286300954636E+03
     7,  9.6173203734513502E-01,  1.1022630353012564E+00,  1.3063253016123446E+00,  8.2974182789569877E-04,  8.8753687938851444E-01,  4.7583742449287297E-01,  1.0000000000000000E+00,  4.3345161069010064E+03,  8.6690322138020122E+02,  0.0000000000000000E+00,  8.6690322138020122E+02,  4.3345161069010064E+03,  0.0000000000000000E+00,  0.0000000000000000E+00,  0.0000000000000000E+00,  1.7338064427604024E+03
     8,  6.7565714130386079E-01,  2.8942115995907138E+00,  4.0005242021722043E-01,  8.0875452304127898E-04,  8.8545807660038356E-01,  7.5218447971765356E-01,  1.0000000000000000E+00,  4.4146366310268841E+03,  8.8292732620537686E+02,  0.0000000000000000E+00,  8.8292732620537686E+02,  4.4146366310268841E+03,  0.0000000000000000E+00,  0.0000000000000000E+00,  0.0000000000000000E+00,  1.7658546524107537E+03
     9,  2.2810736623838404E+00,  1.3270552940630307E+00, -6.9989190292884362E-01,  1.3303524558125820E-03,  9.3080360395219797E-01,  5.6556168311306432E-01,  1.0000000000000000E+00,  2.6669444310090371E+03,  5.3338888620180740E+02,  0.0000000000000000E+00,  5.3338888620180740E+02,  2.6669444310090371E+03,  0.0000000000000000E+00,  0.0000000000000000E+00,  0.0000000000000000E+00,  1.0667777724036148E+03
    10,  1.4537126241412266E+00,  1.9970204667866585E+00, -8.4541247638477934E-01,  2.1592121908880326E-03,  9.5908063244420372E-01,  8.4875185750513982E-01,  1.0000000000000000E+00,  1.5771006245463152E+03,  3.1542012490926305E+02,  0.0000000000000000E+00,  3.1542012490926305E+02,  1.5771006245463152E+03,  0.0000000000000000E+00,  0.0000000000000000E+00,  0.0000000000000000E+00,  6.3084024981852610E+02
    11,  2.0496982552248908E+00,  1.5224750356775612E+00, -3.9831451937804918E-01,  2.3306948561459782E-03,  9.6137024409524374E-01,  5.6761447819624111E-01,  1.0000000000000000E+00,  1.4888551754958144E+03,  2.9777103509916282E+02,  0.0000000000000000E+00,  2.9777103509916282E+02,  1.4888551754958144E+03,  0.0000000000000000E+00,  0.0000000000000000E+00,  0.0000000000000000E+00,  5.9554207019832563E+02
    12,  2.6999862303186530E+00,  8.7739665737259587E-01, -1.8311894907631474E-01,  1.7203682503893957E-03,  9.4673580800266555E-01,  5.0246785804599958E-01,  1.0000000000000000E+00,  2.0528907332305989E+03,  4.1057814664611976E+02,  0.0000000000000000E+00,  4.1057814664611976E+02,  2.0528907332305989E+03,  0.0000000000000000E+00,  0.0000000000000000E+00,  0.0000000000000000E+00,  8.2115629329223952E+02
    13, -3.6531851803064419E+00, -1.6418499962679206E-01, -8.5147708285764057E-01,  6.1702818329594400E-04,  8.4986280698249239E-01,  1.0263385419331430E+00,  1.0000000000000000E+00,  5.7865376475497733E+03,  1.1573075295099545E+03,  0.0000000000000000E+00,  1.1573075295099545E+03,  5.7865376475497733E+03,  0.0000000000000000E+00,  0.0000000000000000E+00,  0.0000000000000000E+00,  2.3146150590199090E+03
    14,  4.3655064243320768E-01,  2.6925090203552844E+00,  2.2844942679290896E+00,  7.8009421162767920E-04,  8.8042618232185599E-01,  5.2492026599992991E-01,  1.0000000000000000E+00,  4.6085742230118012E+03,  9.2171484460236013E+02,  0.0000000000000000E+00,  9.2171484460236013E+02,  4.6085742230118012E+03,  0.0000000000000000E+00,  0.0000000000000000E+00,  0.0000000000000000E+00,  1.8434296892047203E+03
    15, -1.2955790696477281E+00, -2.2388415548970314E-01, -2.3610310355755253E+00,  8.1689637070438722E-04,  8.8678355959481947E-01,  8.0132235249244743E-01,  1.0000000000000000E+00,  4.3635503072829997E+03,  8.7271006145659999E+02,  0.0000000000000000E+00,  8.7271006145659999E+02,  4.3635503072829997E+03,  0.0000000000000000E+00,  0.0000000000000000E+00,  0.0000000000000000E+00,  1.7454201229132000E+03
    16,  1.4185157317231323E+00,  6.3609196354170805E-01, -3.9790862518097214E-02,  9.5873023868849885E-04,  9.0298106889562868E-01,  5.0064284425295436E-01,  1.0000000000000000E+00,  3.7392713029809784E+03,  7.4785426059619567E+02,  0.0000000000000000E+00,  7.4785426059619567E+02,  3.7392713029809784E+03,  0.0000000000000000E+00,  0.0000000000000000E+00,  0.0000000000000000E+00,  1.4957085211923913E+03
    17, -1.5302156068243091E+00,  3.0500319404461629E-01, -5.1633151366088237E-01,  1.5653962943181209E-04,  9.4608278520795819E-01,  1.0337597456070267E+00,  1.0000000000000000E+00,  2.0780593201099450E+03,  4.1561186402198899E+02,  0.0000000000000000E+00,  4.1561186402198899E+02,  2.0780593201099450E+03,  0.0000000000000000E+00,  0.0000000000000000E+00,  0.0000000000000000E+00,  8.3122372804397799E+02
    18,  1.9569129113850543E+00,  1.7248136349903187E+00,  6.8147307727561512E-01,  8.4621306556003284E-04,  8.8970882525076977E-01,  4.6012016822920476E-01,  1.0000000000000000E+00,  4.2508056934599153E+03,  8.5016113869198307E+02,  0.0000000000000000E+00,  8.5016113869198307E+02,  4.2508056934599153E+03,  0.0000000000000000E+00,  0.0000000000000000E+00,  0.0000000000000000E+00,  1.7003222773839661E+03
    19,  1.6440857232777593E+00, -2.2220409364458162E+00, -2.1645348541961971E+00,  4.1418819892420389E-04,  7.7316572463549826E-01,  5.4781558088511306E-01,  1.0000000000000000E+00,  8.7425710296735051E+03,  1.7485142059347011E+03,  0.0000000000000000E+00,  1.7485142059347011E+03,  8.7425710296735051E+03,  0.0000000000000000E+00,  0.0000000000000000E+00,  0.0000000000000000E+00,  3.4970284118694021E+03
    20,  1.3585740411734115E+00,  2.0928063518933402E+00, -3.8204413699342071E-01,  2.0287649421859583E-03,  9.5704071285180725E-01,  1.0869310865000836E+00,  1.0000000000000000E+00,  1.6557225255032624E+03,  3.3114450510065245E+02,  0.0000000000000000E+00,  3.3114450510065245E+02,  1.6557225255032624E+03,  0.0000000000000000E+00,  0.0000000000000000E+00,  0.0000000000000000E+00,  6.6228901020130490E+02
    21,  3.2292223020030264E-01, -5.2131879309658091E-01, -5.5652624232292269E-01,  6.5037581853033836E-04,  8.5630015961751071E-01,  5.5826363275794766E-01,  1.0000000000000000E+00,  5.5384313480751089E+03,  1.1076862696150217E+03,  0.0000000000000000E+00,  1.1076862696150217E+03,  5.5384313480751089E+03,  0.0000000000000000E+00,  0.0000000000000000E+00,  0.0000000000000000E+00,  2.2153725392300435E+03
    22, -3.7360036679733971E-01,  5.1275105401087884E-01,  1.6343570071769618E+00,  5.9185921112752695E-04,  8.4170597026503835E-01,  4.9765868253017220E-01,  1.0000000000000000E+00,  6.1009157293683147E+03,  1.2201831458736629E+03,  0.0000000000000000E+00,  1.2201831458736629E+03,  6.1009157293683147E+03,  0.0000000000000000E+00,  0.0000000000000000E+00,  0.0000000000000000E+00,  2.4403662917473257E+03
    23,  1.1777329224281887E+00,  2.2375669452248959E+00,  4.9026248375229599E-02,  2.6770117978188492E-03,  9.6777616642054265E-01,  9.1645768825933838E-01,  1.0000000000000000E+00,  1.2419602525415855E+03,  2.4839205050831708E+02,  0.0000000000000000E+00,  2.4839205050831708E+02,  1.2419602525415855E+03,  0.0000000000000000E+00,  0.0000000000000000E+00,  0.0000000000000000E+00,  4.9678410101663417E+02
    24, -6.6875659431387042E+00,  3.4260084175587142E+00, -1.8144914416037632E+00,  3.4825078366406017E-04,  7.3108336248991979E-01,  1.0150218358762944E+00,  1.0000000000000000E+00,  1.0364495404034344E+04,  2.0728990808068684E+03,  0.0000000000000000E+00,  2.0728990808068684E+03,  1.0364495404034344E+04,  0.0000000000000000E+00,  0.0000000000000000E+00,  0.0000000000000000E+00,  4.1457981616137367E+03
    25,  2.5073788274292177E+00,  1.0420200429492108E+00,  8.7302914732756520E-01,  8.2022234038429216E-04,  8.8612000864837559E-01,  4.4738098333147536E-01,  1.0000000000000000E+00,  4.3891246666771913E+03,  8.7782493333543823E+02,  0.0000000000000000E+00,  8.7782493333543823E+02,  4.3891246666771913E+03,  0.0000000000000000E+00,  0.0000000000000000E+00,  0.0000000000000000E+00,  1.7556498666708765E+03
    26,  2.4821599534229168E+00, -1.2479231630230889E+00, -6.4675077002012027E-02,  2.9721193094249781E-04,  8.4223173662394757E-01,  5.0007510749416206E-01,  1.0000000000000000E+00,  6.0806518176186883E+03,  1.2161303635237375E+03,  0.0000000000000000E+00,  1.2161303635237375E+03,  6.0806518176186883E+03,  0.0000000000000000E+00,  0.0000000000000000E+00,  0.0000000000000000E+00,  2.4322607270474750E+03
    27,  7.9136511486014249E-01,  1.5961112017870535E-01,  5.4855177792421559E+00,  5.4511699111100295E-04,  8.2788479498402556E-01,  4.6712016545184581E-01,  1.0000000000000000E+00,  6.6336068599906821E+03,  1.3267213719981364E+03,  0.0000000000000000E+00,  1.3267213719981364E+03,  6.6336068599906821E+03,  0.0000000000000000E+00,  0.0000000000000000E+00,  0.0000000000000000E+00,  2.6534427439962728E+03
    28,  8.1982369998028914E-01,  2.7158739719335423E+00,  7.1676314569186639E-01,  1.2889173289364639E-03,  9.2873214819716143E-01,  6.3123633185379124E-01,  1.0000000000000000E+00,  2.7467817882344034E+03,  5.4935635764688061E+02,  0.0000000000000000E+00,  5.4935635764688061E+02,  2.7467817882344034E+03,  0.0000000000000000E+00,  0.0000000000000000E+00,  0.0000000000000000E+00,  1.0987127152937612E+03
    29, -1.9794720886264994E+00, -4.0479582622887589E-01, -2.4115213376882090E+00,  4.7409568864746344E-04,  8.0296916908831473E-01,  8.5148305737189545E-01,  1.0000000000000000E+00,  7.5938966080545379E+03,  1.5187793216109073E+03,  0.0000000000000000E+00,  1.5187793216109073E+03,  7.5938966080545379E+03,  0.0000000000000000E+00,  0.0000000000000000E+00,  0.0000000000000000E+00,  3.0375586432218147E+03
    30,  1.0864922215514707E+00,  2.4760899638233491E+00,  2.6192507705591139E-01,  1.6003945779915906E-03,  9.4341939497932259E-01,  7.4495964573798135E-01,  1.0000000000000000E+00,  2.1807108185052753E+03,  4.3614216370105510E+02,  0.0000000000000000E+00,  4.3614216370105510E+02,  2.1807108185052753E+03,  0.0000000000000000E+00,  0.0000000000000000E+00,  0.0000000000000000E+00,  8.7228432740211019E+02
    31, -4.7441262618431548E+00, -1.6049673146681670E-01,  1.4625131156827225E+00,  6.2949737998858261E-04,  8.9453784722449547E-01,  6.5774968802838230E-01,  1.0000000000000000E+00,  4.0646871382225709E+03,  8.1293742764451406E+02,  0.0000000000000000E+00,  8.1293742764451406E+02,  4.0646871382225709E+03,  0.0000000000000000E+00,  0.0000000000000000E+00,  0.0000000000000000E+00,  1.6258748552890281E+03
    32,  8.6334428176434685E-01, -2.1147214266158763E+00,  7.1423053016469951E-01,  6.6979188555789550E-05,  6.5923762542424580E-01,  4.6041275094461703E-01,  1.0000000000000000E+00,  1.3133549853440529E+04,  2.6267099706881054E+03,  0.0000000000000000E+00,  2.6267099706881054E+03,  1.3133549853440529E+04,  0.0000000000000000E+00,  0.0000000000000000E+00,  0.0000000000000000E+00,  5.2534199413762108E+03
    33,  5.3902393968439455E+00, -4.0989111827015341E+00,  1.9067266021714686E+00,  9.1099604138390462E-04,  8.9768446103094646E-01,  4.6435878324222057E-01,  1.0000000000000000E+00,  3.9434113977656057E+03,  7.8868227955312113E+02,  0.0000000000000000E+00,  7.8868227955312113E+02,  3.9434113977656057E+03,  0.0000000000000000E+00,  0.0000000000000000E+00,  0.0000000000000000E+00,  1.5773645591062423E+03
    34, -1.6204792806237207E+00,  3.9198248226809032E+00, -9.0260353697056861E-01,  7.4346539238293410E-04,  8.7598089276672297E-01,  1.0125313444696806E+00,  1.0000000000000000E+00,  4.7799030912825529E+03,  9.5598061825651052E+02,  0.0000000000000000E+00,  9.5598061825651052E+02,  4.7799030912825529E+03,  0.0000000000000000E+00,  0.0000000000000000E+00,  0.0000000000000000E+00,  1.9119612365130210E+03
    35,  3.1597959422901654E+00,  3.4160565614181621E-01,  5.8783552900635005E-01,  9.9882171757333408E-04,  9.0682625218421264E-01,  4.6352000964374079E-01,  1.0000000000000000E+00,  3.5910715304001383E+03,  7.1821430608002754E+02,  0.0000000000000000E+00,  7.1821430608002754E+02,  3.5910715304001383E+03,  0.0000000000000000E+00,  0.0000000000000000E+00,  0.0000000000000000E+00,  1.4364286121600551E+03
    36,  2.5422087202770358E+00,  9.5576715152905001E-01, -9.1150035993578282E-01,  1.8783796540855816E-03,  9.5152538450061286E-01,  5.4940627044719426E-01,  1.0000000000000000E+00,  1.8682924723722131E+03,  3.7365849447444259E+02,  0.0000000000000000E+00,  3.7365849447444259E+02,  1.8682924723722131E+03,  0.0000000000000000E+00,  0.0000000000000000E+00,  0.0000000000000000E+00,  7.4731698894888518E+02
    37, -3.0447535527636198E+00, -2.6025616917791772E-01,  6.6206178052039277E-01,  5.3043302968708923E-04,  9.4364847353661585E-01,  7.0635403413396214E-01,  1.0000000000000000E+00,  2.1718817491095979E+03,  4.3437634982191952E+02,  0.0000000000000000E+00,  4.3437634982191952E+02,  2.1718817491095979E+03,  0.0000000000000000E+00,  0.0000000000000000E+00,  0.0000000000000000E+00,  8.6875269964383904E+02
    38, -6.2453746483223149E+00,  2.8773786088351709E+00, -8.1060334915636564E-02,  5.4123177778768743E-04,  8.2823863797839214E-01,  1.0000394691519447E+00,  1.0000000000000000E+00,  6.6199691612494698E+03,  1.3239938322498940E+03,  0.0000000000000000E+00,  1.3239938322498940E+03,  6.6199691612494698E+03,  0.0000000000000000E+00,  0.0000000000000000E+00,  0.0000000000000000E+00,  2.6479876644997880E+03
    39,  1.0773749559400012E-01,  3.1668192980857479E+00, -9.6709897767938791E-01,  4.8129777049229995E-04,  8.0651829633956429E-01,  1.0410960451833935E+00,  1.0000000000000000E+00,  7.4571073285792936E+03,  1.4914214657158586E+03,  0.0000000000000000E+00,  1.4914214657158586E+03,  7.4571073285792936E+03,  0.0000000000000000E+00,  0.0000000000000000E+00,  0.0000000000000000E+00,  2.9828429314317173E+03
    40,  1.5010218127957851E+00,  2.1708807850899516E+00,  6.1742077293929165E-01,  8.5342402233856284E-04,  8.9088466352682227E-01,  5.3128719437728844E-01,  1.0000000000000000E+00,  4.2054869265703919E+03,  8.4109738531407834E+02,  0.0000000000000000E+00,  8.4109738531407834E+02,  4.2054869265703919E+03,  0.0000000000000000E+00,  0.0000000000000000E+00,  0.0000000000000000E+00,  1.6821947706281567E+03
    41,  1.6664212419075357E+00,  1.9384402315834859E+00,  1.2630373988454269E-01,  2.0332371899145865E-03,  9.5554154147626924E-01,  6.0173282359158253E-01,  1.0000000000000000E+00,  1.7135030889354566E+03,  3.4270061778709129E+02,  0.0000000000000000E+00,  3.4270061778709129E+02,  1.7135030889354566E+03,  0.0000000000000000E+00,  0.0000000000000000E+00,  0.0000000000000000E+00,  6.8540123557418258E+02
    42,  8.0864397568561008E-01,  2.5582653674257969E+00,  1.7881676877216974E+00,  7.1168491619088853E-04,  8.6874719564916969E-01,  5.2433292876803428E-01,  1.0000000000000000E+00,  5.0587018343549189E+03,  1.0117403668709837E+03,  0.0000000000000000E+00,  1.0117403668709837E+03,  5.0587018343549189E+03,  0.0000000000000000E+00,  0.0000000000000000E+00,  0.0000000000000000E+00,  2.0234807337419675E+03
    43, -1.9009367390641234E+00, -9.1484484586092721E-03,  4.7408198248792421E-01,  1.1676640908301062E-04,  9.2263437058485831E-01,  6.9755525537522300E-01,  1.0000000000000000E+00,  2.9818003003752528E+03,  5.9636006007505057E+02,  0.0000000000000000E+00,  5.9636006007505057E+02,  2.9818003003752528E+03,  0.0000000000000000E+00,  0.0000000000000000E+00,  0.0000000000000000E+00,  1.1927201201501011E+03
    44,  1.5637452659471378E+00,  2.0264048619892860E+00, -5.7394332277942595E-01,  1.2572770606806775E-03,  9.2774645704848147E-01,  8.9359173359382760E-01,  1.0000000000000000E+00,  2.7847719679231104E+03,  5.5695439358462204E+02,  0.0000000000000000E+00,  5.5695439358462204E+02,  2.7847719679231104E+03,  0.0000000000000000E+00,  0.0000000000000000E+00,  0.0000000000000000E+00,  1.1139087871692441E+03
    45, -1.0975543228273357E+00,  3.7974077204687622E+00,  8.0308262409453979E-01,  9.4391775578223135E-04,  9.0229664836897905E-01,  7.6734713601687876E-01,  1.0000000000000000E+00,  3.7656500107789329E+03,  7.5313000215578654E+02,  0.0000000000000000E+00,  7.5313000215578654E+02,  3.7656500107789329E+03,  0.0000000000000000E+00,  0.0000000000000000E+00,  0.0000000000000000E+00,  1.5062600043115731E+03
    46,  7.8987216964163931E-01, -7.9869962558935514E-01,  1.2127584942290983E+00,  6.5633076706383346E-04,  8.6642428591869058E-01,  4.4744023742284178E-01,  1.0000000000000000E+00,  5.1482306468838015E+03,  1.0296461293767602E+03,  0.0000000000000000E+00,  1.0296461293767602E+03,  5.1482306468838015E+03,  0.0000000000000000E+00,  0.0000000000000000E+00,  0.0000000000000000E+00,  2.0592922587535204E+03
    47,  6.4593779650959249E-01,  2.7449886420550955E+00,  1.0634261608416657E+00,  2.1497661507608257E-03,  9.5802763986482353E-01,  5.9029911240365918E-01,  1.0000000000000000E+00,  1.6176847135432599E+03,  3.2353694270865196E+02,  0.0000000000000000E+00,  3.2353694270865196E+02,  1.6176847135432599E+03,  0.0000000000000000E+00,  0.0000000000000000E+00,  0.0000000000000000E+00,  6.4707388541730393E+02
    48, -1.7386147327501553E+00,  6.7540380430320568E-01, -4.0165846619834683E-01,  9.3915915236870940E-04,  9.0257955643790866E-01,  1.0130399308729034E+00,  1.0000000000000000E+00,  3.7547462622889375E+03,  7.5094925245778745E+02,  0.0000000000000000E+00,  7.5094925245778745E+02,  3.7547462622889375E+03,  0.0000000000000000E+00,  0.0000000000000000E+00,  0.0000000000000000E+00,  1.5018985049155749E+03
    49,  1.6331532173460608E+00,  1.9201963227937335E+00,  2.5187725499300684E-01,  2.9020040601348464E-03,  9.6925453033795372E-01,  5.3489832784866553E-01,  1.0000000000000000E+00,  1.1849816432247003E+03,  2.3699632864494006E+02,  0.0000000000000000E+00,  2.3699632864494006E+02,  1.1849816432247003E+03,  0.0000000000000000E+00,  0.0000000000000000E+00,  0.0000000000000000E+00,  4.7399265728988013E+02
    50, -3.6634519554192320E+00,  1.2737363768142781E-01, -9.0006711452622346E-01,  2.2996298980045349E-04,  5.9087093372243149E-01,  1.0250819572565157E+00,  1.0000000000000000E+00,  1.5768516096114621E+04,  3.1537032192229240E+03,  0.0000000000000000E+00,  3.1537032192229240E+03,  1.5768516096114621E+04,  0.0000000000000000E+00,  0.0000000000000000E+00,  0.0000000000000000E+00,  6.3074064384458479E+03
    51, -3.4590912873460594E-01, -5.2684289585902766E-01,  4.3098803065061214E-01,  6.0655702721016335E-04,  8.4546372560935712E-01,  4.5808527759005818E-01,  1.0000000000000000E+00,  5.9560855754726954E+03,  1.1912171150945389E+03,  0.0000000000000000E+00,  1.1912171150945389E+03,  5.9560855754726954E+03,  0.0000000000000000E+00,  0.0000000000000000E+00,  0.0000000000000000E+00,  2.3824342301890779E+03
    52,  3.3684948137503774E+00, -1.1479915409938736E-01,  1.3099046164183274E+00,  1.3762428267707735E-03,  9.3279750912881765E-01,  4.5171059234269423E-01,  1.0000000000000000E+00,  2.5900960023268203E+03,  5.1801920046536395E+02,  0.0000000000000000E+00,  5.1801920046536395E+02,  2.5900960023268203E+03,  0.0000000000000000E+00,  0.0000000000000000E+00,  0.0000000000000000E+00,  1.0360384009307279E+03
    53,  1.1284386998946017E+00,  2.2992655208874897E+00, -8.5272567076042838E-01,  1.6997352769502546E-03,  9.4796085625779813E-01,  1.0733224889530510E+00,  1.0000000000000000E+00,  2.0056753317306971E+03,  4.0113506634613941E+02,  0.0000000000000000E+00,  4.0113506634613941E+02,  2.0056753317306971E+03,  0.0000000000000000E+00,  0.0000000000000000E+00,  0.0000000000000000E+00,  8.0227013269227882E+02
    54,  1.5304813764453995E+00,  2.0115681304293531E+00, -4.8891103411223946E-01,  1.6127381409820835E-03,  9.4453733515965588E-01,  9.4614580189094200E-01,  1.0000000000000000E+00,  2.1376235407215968E+03,  4.2752470814431933E+02,  0.0000000000000000E+00,  4.2752470814431933E+02,  2.1376235407215968E+03,  0.0000000000000000E+00,  0.0000000000000000E+00,  0.0000000000000000E+00,  8.5504941628863867E+02
    55, -1.4256668895500214E+01, -4.5454066127323228E-01, -8.4680279202518048E-03,  2.6884144441764567E-04,  6.5052043893358302E-01,  1.0000001882097349E+00,  1.0000000000000000E+00,  1.3469524749434822E+04,  2.6939049498869645E+03,  0.0000000000000000E+00,  2.6939049498869645E+03,  1.3469524749434822E+04,  0.0000000000000000E+00,  0.0000000000000000E+00,  0.0000000000000000E+00,  5.3878098997739289E+03
    56, -5.6596629931305360E+00,  6.1047559838959673E+00, -4.1558204705394425E-01,  5.5968978127723338E-04,  8.3402431762945484E-01,  1.0006221937390309E+00,  1.0000000000000000E+00,  6.3969794246980955E+03,  1.2793958849396190E+03,  0.0000000000000000E+00,  1.2793958849396190E+03,  6.3969794246980955E+03,  0.0000000000000000E+00,  0.0000000000000000E+00,  0.0000000000000000E+00,  2.5587917698792380E+03
    57,  1.3660372134898480E+00, -3.2335823774197849E+00, -2.8215498797717795E+00,  9.1687755767704069E-04,  8.9864161411377796E-01,  5.5354323413652062E-01,  1.0000000000000000E+00,  3.9065211226981414E+03,  7.8130422453962831E+02,  0.0000000000000000E+00,  7.8130422453962831E+02,  3.9065211226981414E+03,  0.0000000000000000E+00,  0.0000000000000000E+00,  0.0000000000000000E+00,  1.5626084490792566E+03
    58,  3.3385638373897464E-01, -3.0017752079404079E+00,  1.1352190586191369E+00,  2.1019501771469317E-04,  8.9312612827435733E-01,  4.5335851762739654E-01,  1.0000000000000000E+00,  4.1190971394258113E+03,  8.2381942788516233E+02,  0.0000000000000000E+00,  8.2381942788516233E+02,  4.1190971394258113E+03,  0.0000000000000000E+00,  0.0000000000000000E+00,  0.0000000000000000E+00,  1.6476388557703247E+03
    59, -2.9901407536455693E-01, -2.7968967458397769E+00, -9.9913927364411381E-01,  8.7284720393967195E-04,  8.9335103225846346E-01,  5.2986901647830320E-01,  1.0000000000000000E+00,  4.1104289650383880E+03,  8.2208579300767758E+02,  0.0000000000000000E+00,  8.2208579300767758E+02,  4.1104289650383880E+03,  0.0000000000000000E+00,  0.0000000000000000E+00,  0.0000000000000000E+00,  1.6441715860153552E+03
    60, -2.9827988796879441E+00,  3.3000789632025795E+00,  5.1903794531931098E+00,  5.1454151860323488E-04,  8.1777209757116487E-01,  5.3960867952385161E-01,  1.0000000000000000E+00,  7.0233670727780218E+03,  1.4046734145556043E+03,  0.0000000000000000E+00,  1.4046734145556043E+03,  7.0233670727780218E+03,  0.0000000000000000E+00,  0.0000000000000000E+00,  0.0000000000000000E+00,  2.8093468291112085E+03
    61, -2.1692723798862321E+00,  4.6653477797708884E+00,  1.1244807278590834E+00,  8.1558100723617380E-04,  8.8648648685829967E-01,  7.6689932513180858E-01,  1.0000000000000000E+00,  4.3749999856697004E+03,  8.7499999713394016E+02,  0.0000000000000000E+00,  8.7499999713394016E+02,  4.3749999856697004E+03,  0.0000000000000000E+00,  0.0000000000000000E+00,  0.0000000000000000E+00,  1.7499999942678803E+03
    62,  5.7552218808843048E-01,  2.8523761661123666E+00,  1.3114340185757793E+00,  9.4390673462828518E-04,  9.0167048353747925E-01,  5.7476824135355897E-01,  1.0000000000000000E+00,  3.7897834469929876E+03,  7.5795668939859752E+02,  0.0000000000000000E+00,  7.5795668939859752E+02,  3.7897834469929876E+03,  0.0000000000000000E+00,  0.0000000000000000E+00,  0.0000000000000000E+00,  1.5159133787971950E+03
    63,  1.9970572919994620E+00,  1.5351816748256948E+00, -6.9434307685743846E-01,  2.2781276289777453E-03,  9.6059715464277395E-01,  6.1648565563576840E-01,  1.0000000000000000E+00,  1.5186513314764206E+03,  3.0373026629528414E+02,  0.0000000000000000E+00,  3.0373026629528414E+02,  1.5186513314764206E+03,  0.0000000000000000E+00,  0.0000000000000000E+00,  0.0000000000000000E+00,  6.0746053259056828E+02
    64,  6.4726267053579178E-01, -2.0542065284105326E-01,  2.5180274557788245E+00,  6.5816141062270304E-04,  8.5771793127116891E-01,  4.6017306896269961E-01,  1.0000000000000000E+00,  5.4837880655903655E+03,  1.0967576131180731E+03,  0.0000000000000000E+00,  1.0967576131180731E+03,  5.4837880655903655E+03,  0.0000000000000000E+00,  0.0000000000000000E+00,  0.0000000000000000E+00,  2.1935152262361462E+03
    65, -3.8426201735008951E+00,  2.5000481500146587E-01,  4.5485032837131845E-01,  9.1991352915338079E-04,  8.9986083147617069E-01,  8.2486985820027792E-01,  1.0000000000000000E+00,  3.8595304535225887E+03,  7.7190609070451774E+02,  0.0000000000000000E+00,  7.7190609070451774E+02,  3.8595304535225887E+03,  0.0000000000000000E+00,  0.0000000000000000E+00,  0.0000000000000000E+00,  1.5438121814090355E+03
    66, -3.0504326064637874E+00, -4.6667576606043930E+00, -4.5065977488439159E-03,  9.2183899112647312E-04,  8.9902379869941207E-01,  5.0000194344651716E-01,  1.0000000000000000E+00,  3.8917910917934937E+03,  7.7835821835869865E+02,  0.0000000000000000E+00,  7.7835821835869865E+02,  3.8917910917934937E+03,  0.0000000000000000E+00,  0.0000000000000000E+00,  0.0000000000000000E+00,  1.5567164367173973E+03
    67, -1.5760005444948881E+01, -1.1209153676500735E+01,  4.0208831803675862E+00,  7.3886625151984762E-05,  6.4376095036614367E-01,  5.3438113300387191E-01,  1.0000000000000000E+00,  1.3730046704638215E+04,  2.7460093409276428E+03,  0.0000000000000000E+00,  2.7460093409276428E+03,  1.3730046704638215E+04,  0.0000000000000000E+00,  0.0000000000000000E+00,  0.0000000000000000E+00,  5.4920186818552856E+03
    68, -2.0068643085976543E+01, -2.1428350117120800E+01, -7.5758219533295721E+00,  1.8392308060029416E-04,  4.8689445403985943E-01,  6.7747794212083090E-01,  1.0000000000000000E+00,  1.9775942917213753E+04,  3.9551885834427508E+03,  0.0000000000000000E+00,  3.9551885834427508E+03,  1.9775942917213753E+04,  0.0000000000000000E+00,  0.0000000000000000E+00,  0.0000000000000000E+00,  7.9103771668855015E+03
    69, -2.1744004589255295E+00, -7.2796955187853909E+00,  7.2199561349593155E-01,  9.5567707031340803E-04,  9.0257191670831216E-01,  4.7204980541607899E-01,  1.0000000000000000E+00,  3.7550407102004692E+03,  7.5100814204009384E+02,  0.0000000000000000E+00,  7.5100814204009384E+02,  3.7550407102004692E+03,  0.0000000000000000E+00,  0.0000000000000000E+00,  0.0000000000000000E+00,  1.5020162840801877E+03
    70, -4.0304000865069617E-01,  3.6497375590446723E+00, -4.7069516572917969E-01,  9.5688497278445007E-04,  9.0443021029898074E-01,  1.0065469431265730E+00,  1.0000000000000000E+00,  3.6834189780601178E+03,  7.3668379561202346E+02,  0.0000000000000000E+00,  7.3668379561202346E+02,  3.6834189780601178E+03,  0.0000000000000000E+00,  0.0000000000000000E+00,  0.0000000000000000E+00,  1.4733675912240469E+03
    71, -2.6659142049941988E+00,  7.5564215954685388E-01, -1.4985724971532244E-01,  8.3838645877868929E-04,  8.9039640389232177E-01,  1.0009550132249017E+00,  1.0000000000000000E+00,  4.2243052666500989E+03,  8.4486105333001967E+02,  0.0000000000000000E+00,  8.4486105333001967E+02,  4.2243052666500989E+03,  0.0000000000000000E+00,  0.0000000000000000E+00,  0.0000000000000000E+00,  1.6897221066600393E+03
    72,  6.2513896292105509E+00, -5.9813907773965802E+00, -1.2637488840812125E-01,  4.6625464023867944E-04,  7.9858047358850526E-01,  5.0002667515480104E-01,  1.0000000000000000E+00,  7.7630442471096940E+03,  1.5526088494219387E+03,  0.0000000000000000E+00,  1.5526088494219387E+03,  7.7630442471096940E+03,  0.0000000000000000E+00,  0.0000000000000000E+00,  0.0000000000000000E+00,  3.1052176988438773E+03
    73, -6.0134327284020772E-01,  3.5931411358708800E+00, -1.5558893940922438E+00,  1.0406365080628892E-03,  9.1256063782258001E-01,  1.0531797049068128E+00,  1.0000000000000000E+00,  3.3700587505880626E+03,  6.7401175011761245E+02,  0.0000000000000000E+00,  6.7401175011761245E+02,  3.3700587505880626E+03,  0.0000000000000000E+00,  0.0000000000000000E+00,  0.0000000000000000E+00,  1.3480235002352249E+03
    74, -8.7813167425213763E+00, -4.0605844398281770E+00, -6.5726831991443140E+00,  1.1459274028577326E-04,  5.0314943399108270E-01,  8.6906210551301144E-01,  1.0000000000000000E+00,  1.9149448898260358E+04,  3.8298897796520714E+03,  0.0000000000000000E+00,  3.8298897796520714E+03,  1.9149448898260358E+04,  0.0000000000000000E+00,  0.0000000000000000E+00,  0.0000000000000000E+00,  7.6597795593041428E+03
    75,  1.4269402551753751E+00, -6.1335779115531963E+00, -8.5725581104306592E+00,  3.0152726033753804E-04,  6.8778668720004710E-01,  5.9687215425991325E-01,  1.0000000000000000E+00,  1.2033221430831520E+04,  2.4066442861663040E+03,  0.0000000000000000E+00,  2.4066442861663040E+03,  1.2033221430831520E+04,  0.0000000000000000E+00,  0.0000000000000000E+00,  0.0000000000000000E+00,  4.8132885723326081E+03
    76, -5.6620864953977721E+00,  4.3121336743618315E+00, -1.3476512686112943E+00,  4.5068445996438599E-04,  7.9302607833345240E-01,  1.0087705647362513E+00,  1.0000000000000000E+00,  7.9771198975648567E+03,  1.5954239795129713E+03,  0.0000000000000000E+00,  1.5954239795129713E+03,  7.9771198975648567E+03,  0.0000000000000000E+00,  0.0000000000000000E+00,  0.0000000000000000E+00,  3.1908479590259426E+03
    77,  9.6551702589827348E-01,  2.5958936758059972E+00,  8.9520831710931126E-01,  1.0380983759666067E-03,  9.1079901651188511E-01,  5.8037354839307276E-01,  1.0000000000000000E+00,  3.4379545719377620E+03,  6.8759091438755240E+02,  0.0000000000000000E+00,  6.8759091438755240E+02,  3.4379545719377620E+03,  0.0000000000000000E+00,  0.0000000000000000E+00,  0.0000000000000000E+00,  1.3751818287751048E+03
    78, -3.4802194368388113E+00,  1.5259055123541003E+00, -8.7916903209235486E-01,  7.9102857447480262E-04,  8.8366246871762022E-01,  1.0144331226121384E+00,  1.0000000000000000E+00,  4.4838423515083878E+03,  8.9676847030167755E+02,  0.0000000000000000E+00,  8.9676847030167755E+02,  4.4838423515083878E+03,  0.0000000000000000E+00,  0.0000000000000000E+00,  0.0000000000000000E+00,  1.7935369406033551E+03
    79,  1.9039495231570014E+00,  1.3515217755153583E+00, -2.5031315095770273E-01,  9.2400923799467827E-04,  8.9938202436856951E-01,  5.3590313757017194E-01,  1.0000000000000000E+00,  3.8779844774613839E+03,  7.7559689549227676E+02,  0.0000000000000000E+00,  7.7559689549227676E+02,  3.8779844774613839E+03,  0.0000000000000000E+00,  0.0000000000000000E+00,  0.0000000000000000E+00,  1.5511937909845535E+03
    80, -1.5291687879964979E+01, -8.4030300700957543E+00,  2.5692509864654778E-01,  4.3883276721801400E-04,  7.8711583061025647E-01,  9.3131921837358367E-01,  1.0000000000000000E+00,  8.2049106952296988E+03,  1.6409821390459399E+03,  0.0000000000000000E+00,  1.6409821390459399E+03,  8.2049106952296988E+03,  0.0000000000000000E+00,  0.0000000000000000E+00,  0.0000000000000000E+00,  3.2819642780918798E+03
    81, -1.8744405508646769E+00, -1.2397342710276479E+01,  5.0196925235548284E-01,  4.0501621684311298E-04,  7.6781816315458729E-01,  4.8893078264914541E-01,  1.0000000000000000E+00,  8.9486749617502828E+03,  1.7897349923500565E+03,  0.0000000000000000E+00,  1.7897349923500565E+03,  8.9486749617502828E+03,  0.0000000000000000E+00,  0.0000000000000000E+00,  0.0000000000000000E+00,  3.5794699847001129E+03
    82,  4.8098852637305073E-01, -2.5201504895592888E+00, -1.8143651026500049E+00,  3.5939241718470452E-04,  7.3828808163137927E-01,  5.5260897364577077E-01,  1.0000000000000000E+00,  1.0086813520457259E+04,  2.0173627040914516E+03,  0.0000000000000000E+00,  2.0173627040914516E+03,  1.0086813520457259E+04,  0.0000000000000000E+00,  0.0000000000000000E+00,  0.0000000000000000E+00,  4.0347254081829033E+03
    83,  5.7990387573237057E-01,  2.3548712126055475E+00,  2.3885625882192065E+00,  8.0747102867185908E-04,  8.8449537900145281E-01,  5.0949263633123010E-01,  1.0000000000000000E+00,  4.4517406009856732E+03,  8.9034812019713468E+02,  0.0000000000000000E+00,  8.9034812019713468E+02,  4.4517406009856732E+03,  0.0000000000000000E+00,  0.0000000000000000E+00,  0.0000000000000000E+00,  1.7806962403942694E+03
    84,  7.4963282630115569E-01, -1.2098328868804911E+00,  2.3214423527341475E+00,  9.8845285698662003E-04,  9.0578876314418888E-01,  4.5056648838576752E-01,  1.0000000000000000E+00,  3.6310580871510542E+03,  7.2621161743021082E+02,  0.0000000000000000E+00,  7.2621161743021082E+02,  3.6310580871510542E+03,  0.0000000000000000E+00,  0.0000000000000000E+00,  0.0000000000000000E+00,  1.4524232348604216E+03
    85,  5.7470711417408484E+00, -1.0778034537610980E+01,  4.7746066732159615E+00,  2.9714663055574301E-04,  6.8280037818527051E-01,  4.5646332903620651E-01,  1.0000000000000000E+00,  1.2225402090776033E+04,  2.4450804181552066E+03,  0.0000000000000000E+00,  2.4450804181552066E+03,  1.2225402090776033E+04,  0.0000000000000000E+00,  0.0000000000000000E+00,  0.0000000000000000E+00,  4.8901608363104133E+03
    86,  5.4259861978936597E+00, -1.0126024145992451E+01, -5.2368878111832382E+00,  2.6445489193296489E-04,  6.4353779406309086E-01,  5.2278871189421716E-01,  1.0000000000000000E+00,  1.3738647520485041E+04,  2.7477295040970080E+03,  0.0000000000000000E+00,  2.7477295040970080E+03,  1.3738647520485041E+04,  0.0000000000000000E+00,  0.0000000000000000E+00,  0.0000000000000000E+00,  5.4954590081940160E+03
    87, -1.7560796745886918E+01, -2.1059789814643008E+01,  5.4206685660756493E-01,  2.4800016542289040E-04,  6.1963961888181418E-01,  4.7011495366357425E-01,  1.0000000000000000E+00,  1.4659723022263413E+04,  2.9319446044526826E+03,  0.0000000000000000E+00,  2.9319446044526826E+03,  1.4659723022263413E+04,  0.0000000000000000E+00,  0.0000000000000000E+00,  0.0000000000000000E+00,  5.8638892089053652E+03
    88, -1.8520210359003277E+00, -8.7171666025854555E-01,  5.3342580307807330E-01,  9.6072756437458632E-04,  9.0345023383633227E-01,  5.8145684585057056E-01,  1.0000000000000000E+00,  3.7211889042246939E+03,  7.4423778084493881E+02,  0.0000000000000000E+00,  7.4423778084493881E+02,  3.7211889042246939E+03,  0.0000000000000000E+00,  0.0000000000000000E+00,  0.0000000000000000E+00,  1.4884755616898776E+03
    89,  2.5493985975043891E+00,  1.1142413945939025E+00,  3.1051118861872190E-01,  9.2906672324060660E-04,  8.9970188778464499E-01,  4.6269977958077574E-01,  1.0000000000000000E+00,  3.8656564083001413E+03,  7.7313128166002821E+02,  0.0000000000000000E+00,  7.7313128166002821E+02,  3.8656564083001413E+03,  0.0000000000000000E+00,  0.0000000000000000E+00,  0.0000000000000000E+00,  1.5462625633200564E+03
    90,  1.6350580685136600E+00, -2.5509423678069938E+00,  1.2934378889106930E+00,  7.4658398001170264E-04,  8.7475175279960937E-01,  4.5513805819501357E-01,  1.0000000000000000E+00,  4.8272761941817225E+03,  9.6545523883634451E+02,  0.0000000000000000E+00,  9.6545523883634451E+02,  4.8272761941817225E+03,  0.0000000000000000E+00,  0.0000000000000000E+00,  0.0000000000000000E+00,  1.9309104776726890E+03
    91,  2.7128589591485133E+00,  8.0021806859709899E-01, -1.2179246717252215E+00,  6.3978521016738840E-04,  8.5388070216267964E-01,  5.5597203542391738E-01,  1.0000000000000000E+00,  5.6316812708133893E+03,  1.1263362541626780E+03,  0.0000000000000000E+00,  1.1263362541626780E+03,  5.6316812708133893E+03,  0.0000000000000000E+00,  0.0000000000000000E+00,  0.0000000000000000E+00,  2.2526725083253559E+03
    92,  1.2383366763901684E+00,  2.0478858927456529E+00, -1.9089148160365070E+00,  1.2611897789339798E-03,  9.2765415179985378E-01,  7.9426752514894750E-01,  1.0000000000000000E+00,  2.7883295660473027E+03,  5.5766591320946054E+02,  0.0000000000000000E+00,  5.5766591320946054E+02,  2.7883295660473027E+03,  0.0000000000000000E+00,  0.0000000000000000E+00,  0.0000000000000000E+00,  1.1153318264189211E+03
    93, -2.6986353942117699E+01,  3.7940416432780761E+00, -1.4916429950852692E+00,  1.2977175038535004E-04,  2.7206893874882232E-01,  1.0011680599669810E+00,  1.0000000000000000E+00,  2.8055676319055809E+04,  5.6111352638111621E+03,  0.0000000000000000E+00,  5.6111352638111621E+03,  2.8055676319055809E+04,  0.0000000000000000E+00,  0.0000000000000000E+00,  0.0000000000000000E+00,  1.1222270527622324E+04
    94, -1.1347793796732226E+01, -4.5117408833874784E+00,  2.6950094299717677E+00,  4.3140603549260003E-04,  7.8251916156369794E-01,  6.2494904081417635E-01,  1.0000000000000000E+00,  8.3820739813991422E+03,  1.6764147962798286E+03,  0.0000000000000000E+00,  1.6764147962798286E+03,  8.3820739813991422E+03,  0.0000000000000000E+00,  0.0000000000000000E+00,  0.0000000000000000E+00,  3.3528295925596572E+03
    95, -1.8781702538255716E+00, -4.2857373641456231E+00, -5.0615506559040502E-01,  7.7509157095685308E-04,  8.7959471291923241E-01,  5.1006770080538300E-01,  1.0000000000000000E+00,  4.6406204395712512E+03,  9.2812408791425025E+02,  0.0000000000000000E+00,  9.2812408791425025E+02,  4.6406204395712512E+03,  0.0000000000000000E+00,  0.0000000000000000E+00,  0.0000000000000000E+00,  1.8562481758285005E+03
    96,  7.8778554506471032E-01,  2.7486283082101197E+00,  2.7366144403563492E-01,  1.3414086402451578E-03,  9.3214273544645854E-01,  7.9232293918374830E-01,  1.0000000000000000E+00,  2.6153320713344110E+03,  5.2306641426688213E+02,  0.0000000000000000E+00,  5.2306641426688213E+02,  2.6153320713344110E+03,  0.0000000000000000E+00,  0.0000000000000000E+00,  0.0000000000000000E+00,  1.0461328285337643E+03
    97,  8.7797263730671893E-01,  2.4562689355740477E+00, -1.2244054101662898E+00,  1.6922331049884192E-03,  9.4761984098095076E-01,  1.0445534649399266E+00,  1.0000000000000000E+00,  2.0188186288591899E+03,  4.0376372577183793E+02,  0.0000000000000000E+00,  4.0376372577183793E+02,  2.0188186288591899E+03,  0.0000000000000000E+00,  0.0000000000000000E+00,  0.0000000000000000E+00,  8.0752745154367585E+02
    98, -1.1862552141600412E+01, -1.2693924950283686E+01, -1.4602475722777819E+00,  3.6937583641938332E-04,  7.4561769611244488E-01,  6.2652139763382475E-01,  1.0000000000000000E+00,  9.8043179623328542E+03,  1.9608635924665709E+03,  0.0000000000000000E+00,  1.9608635924665709E+03,  9.8043179623328542E+03,  0.0000000000000000E+00,  0.0000000000000000E+00,  0.0000000000000000E+00,  3.9217271849331419E+03
    99,  1.6319362727455042E+00,  1.9152405692804340E+00,  1.3085096497621618E+00,  1.0917100072411305E-03,  9.1495359241711338E-01,  4.8073899109072094E-01,  1.0000000000000000E+00,  3.2778302922570888E+03,  6.5556605845141769E+02,  0.0000000000000000E+00,  6.5556605845141769E+02,  3.2778302922570888E+03,  0.0000000000000000E+00,  0.0000000000000000E+00,  0.0000000000000000E+00,  1.3111321169028354E+03
   100, -4.3819225464811247E+00,  9.6296241953292105E-01, -4.3978801842935822E-01,  7.0838005076664576E-04,  8.6962934804026126E-01,  1.0033345312000570E+00,  1.0000000000000000E+00,  5.0247022109482641E+03,  1.0049404421896528E+03,  0.0000000000000000E+00,  1.0049404421896528E+03,  5.0247022109482641E+03,  0.0000000000000000E+00,  0.0000000000000000E+00,  0.0000000000000000E+00,  2.0098808843793056E+03
   101, -1.4347651794601303E+01, -1.1258000554665486E+01,  2.0368742276983265E+00,  1.6820175910815428E-04,  5.0000523652444384E-01,  5.6014766815667039E-01,  1.0000000000000000E+00,  1.9270631508953731E+04,  3.8541263017907459E+03,  0.0000000000000000E+00,  3.8541263017907459E+03,  1.9270631508953731E+04,  0.0000000000000000E+00,  0.0000000000000000E+00,  0.0000000000000000E+00,  7.7082526035814917E+03
   102,  1.6723218707529164E+00, -6.0340092883075300E+00,  3.2915340098498791E-01,  6.1085716288812207E-04,  8.4666183050292343E-01,  4.9000859687194825E-01,  1.0000000000000000E+00,  5.9099086160331599E+03,  1.1819817232066321E+03,  0.0000000000000000E+00,  1.1819817232066321E+03,  5.9099086160331599E+03,  0.0000000000000000E+00,  0.0000000000000000E+00,  0.0000000000000000E+00,  2.3639634464132641E+03
   103,  6.2588834028751983E-01,  2.8890240224901635E+00,  3.5753289625391416E-01,  1.2549198483567956E-03,  9.2720955380124270E-01,  7.7330023696377270E-01,  1.0000000000000000E+00,  2.8054651139104380E+03,  5.6109302278208759E+02,  0.0000000000000000E+00,  5.6109302278208759E+02,  2.8054651139104380E+03,  0.0000000000000000E+00,  0.0000000000000000E+00,  0.0000000000000000E+00,  1.1221860455641752E+03
   104,  2.3222467212895830E+00,  1.0903735567976569E+00, -1.6205951914686632E+00,  1.0707338829873579E-03,  9.1367036463066464E-01,  6.0739546290544066E-01,  1.0000000000000000E+00,  3.3272880298598006E+03,  6.6545760597196011E+02,  0.0000000000000000E+00,  6.6545760597196011E+02,  3.3272880298598006E+03,  0.0000000000000000E+00,  0.0000000000000000E+00,  0.0000000000000000E+00,  1.3309152119439202E+03
   105,  1.5600197133201699E+00,  2.0872783397635208E+00,  3.4773954599407514E-01,  1.4607791114601290E-03,  9.3714430203092058E-01,  5.6010654557612205E-01,  1.0000000000000000E+00,  2.4225633592249360E+03,  4.8451267184498721E+02,  0.0000000000000000E+00,  4.8451267184498721E+02,  2.4225633592249360E+03,  0.0000000000000000E+00,  0.0000000000000000E+00,  0.0000000000000000E+00,  9.6902534368997442E+02
   106, -2.4068374467133655E+01, -1.5644188768741025E+00,  2.2805096683436159E+00,  2.1016438961377683E-04,  5.5159463313646295E-01,  8.3707196935108841E-01,  1.0000000000000000E+00,  1.7282290181198827E+04,  3.4564580362397651E+03,  0.0000000000000000E+00,  3.4564580362397651E+03,  1.7282290181198827E+04,  0.0000000000000000E+00,  0.0000000000000000E+00,  0.0000000000000000E+00,  6.9129160724795302E+03
   107, -2.9839941173064837E+01, -3.3861266105210795E+01, -1.9154609720393335E+01,  1.2514859548695321E-04,  2.4474659227176232E-01,  6.7285653704902082E-01,  1.0000000000000000E+00,  2.9108725089525829E+04,  5.8217450179051657E+03,  0.0000000000000000E+00,  5.8217450179051657E+03,  2.9108725089525829E+04,  0.0000000000000000E+00,  0.0000000000000000E+00,  0.0000000000000000E+00,  1.1643490035810331E+04
   108, -5.6251790062193701E+00, -5.3819223018124305E+00,  2.7000145636073811E+00,  7.2465944773305343E-04,  8.7097544501012658E-01,  4.7508906486141000E-01,  1.0000000000000000E+00,  4.9728213902347052E+03,  9.9456427804694101E+02,  0.0000000000000000E+00,  9.9456427804694101E+02,  4.9728213902347052E+03,  0.0000000000000000E+00,  0.0000000000000000E+00,  0.0000000000000000E+00,  1.9891285560938820E+03
   109,  2.1276247609544714E+00,  1.3147758347885508E+00,  5.3590540550871313E-01,  5.2879890877704063E-04,  8.2246112128238513E-01,  4.4721519376868990E-01,  1.0000000000000000E+00,  6.8426442839080737E+03,  1.3685288567816146E+03,  0.0000000000000000E+00,  1.3685288567816146E+03,  6.8426442839080737E+03,  0.0000000000000000E+00,  0.0000000000000000E+00,  0.0000000000000000E+00,  2.7370577135632293E+03
   110,  1.7488863686902896E+00,  1.9054715985019881E+00, -1.6897064348143270E-01,  9.7340319414770927E-04,  9.0586215998486397E-01,  9.2880746323293650E-01,  1.0000000000000000E+00,  3.6282292505833684E+03,  7.2564585011667361E+02,  0.0000000000000000E+00,  7.2564585011667361E+02,  3.6282292505833684E+03,  0.0000000000000000E+00,  0.0000000000000000E+00,  0.0000000000000000E+00,  1.4512917002333472E+03
   111,  2.0530078648340009E+00,  1.6035848405428297E+00, -5.2219495705260278E-02,  1.6626381642470800E-03,  9.4482683011545854E-01,  5.0327625924634523E-01,  1.0000000000000000E+00,  2.1264659226333692E+03,  4.2529318452667383E+02,  0.0000000000000000E+00,  4.2529318452667383E+02,  2.1264659226333692E+03,  0.0000000000000000E+00,  0.0000000000000000E+00,  0.0000000000000000E+00,  8.5058636905334765E+02
   112,  8.6407526722075045E-01,  2.6089686374495833E+00, -1.1492234875385360E-01,  1.6941248574286747E-03,  9.4754365240789895E-01,  1.0021479864110974E+00,  1.0000000000000000E+00,  2.0217550634455615E+03,  4.0435101268911228E+02,  0.0000000000000000E+00,  4.0435101268911228E+02,  2.0217550634455615E+03,  0.0000000000000000E+00,  0.0000000000000000E+00,  0.0000000000000000E+00,  8.0870202537822456E+02
   113, -1.3977990059824674E+00, -6.6809984953211030E+00,  1.6582135902878921E+00,  8.0449463273740739E-04,  8.8388582580596875E-01,  4.5483884482280112E-01,  1.0000000000000000E+00,  4.4752337970616218E+03,  8.9504675941232426E+02,  0.0000000000000000E+00,  8.9504675941232426E+02,  4.4752337970616218E+03,  0.0000000000000000E+00,  0.0000000000000000E+00,  0.0000000000000000E+00,  1.7900935188246485E+03
   114, -3.4525970156337564E+00, -1.4004952950998415E+01, -3.5683327508938162E-01,  3.7109100733614508E-04,  7.4645940742151495E-01,  5.0028513891874238E-01,  1.0000000000000000E+00,  9.7718770056291123E+03,  1.9543754011258225E+03,  0.0000000000000000E+00,  1.9543754011258225E+03,  9.7718770056291123E+03,  0.0000000000000000E+00,  0.0000000000000000E+00,  0.0000000000000000E+00,  3.9087508022516449E+03
   115, -2.6101406881591638E+00, -2.4784655399585058E+00, -7.6842534709412569E-01,  9.9062622965913555E-04,  9.0694232931973529E-01,  7.3936907938577023E-01,  1.0000000000000000E+00,  3.5865977241352030E+03,  7.1731954482704054E+02,  0.0000000000000000E+00,  7.1731954482704054E+02,  3.5865977241352030E+03,  0.0000000000000000E+00,  0.0000000000000000E+00,  0.0000000000000000E+00,  1.4346390896540811E+03
   116, -1.0138309570109877E+01, -3.1281628187386525E+00,  1.5358181333537876E-01,  1.9103029177453313E-04,  5.0659838650675038E-01,  9.5827129010465162E-01,  1.0000000000000000E+00,  1.9016520520052331E+04,  3.8033041040104663E+03,  0.0000000000000000E+00,  3.8033041040104663E+03,  1.9016520520052331E+04,  0.0000000000000000E+00,  0.0000000000000000E+00,  0.0000000000000000E+00,  7.6066082080209326E+03
   117,  1.2780678513186525E+00,  2.2871567145711595E+00,  3.4860954796570232E-01,  1.9847861959858713E-03,  9.5455004691689704E-01,  6.4511843355556409E-01,  1.0000000000000000E+00,  1.7517169417445934E+03,  3.5034338834891867E+02,  0.0000000000000000E+00,  3.5034338834891867E+02,  1.7517169417445934E+03,  0.0000000000000000E+00,  0.0000000000000000E+00,  0.0000000000000000E+00,  7.0068677669783733E+02
   118, -8.5357149091258115E+00, -2.1591048999290030E+00,  1.3770518669739471E+00,  4.7536982594604730E-04,  8.0312867581087855E-01,  7.2244815017936670E-01,  1.0000000000000000E+00,  7.5877489531223900E+03,  1.5175497906244780E+03,  0.0000000000000000E+00,  1.5175497906244780E+03,  7.5877489531223900E+03,  0.0000000000000000E+00,  0.0000000000000000E+00,  0.0000000000000000E+00,  3.0350995812489559E+03
   119, -3.6995296249262677E+00, -4.4831098043155677E+00, -9.7554929747643404E-01,  9.8839197923621157E-04,  9.0628344229063162E-01,  6.0353249474015136E-01,  1.0000000000000000E+00,  3.6119923283819066E+03,  7.2239846567638131E+02,  0.0000000000000000E+00,  7.2239846567638131E+02,  3.6119923283819066E+03,  0.0000000000000000E+00,  0.0000000000000000E+00,  0.0000000000000000E+00,  1.4447969313527626E+03
   120,  3.4820686292230225E+00, -1.7226980614860415E-01,  5.6255145056890132E-01,  1.9392695821412930E-03,  9.5284098776221093E-01,  4.7025150911804919E-01,  1.0000000000000000E+00,  1.8175869299981205E+03,  3.6351738599962408E+02,  0.0000000000000000E+00,  3.6351738599962408E+02,  1.8175869299981205E+03,  0.0000000000000000E+00,  0.0000000000000000E+00,  0.0000000000000000E+00,  7.2703477199924816E+02
   121, -2.3868482159412014E+00, -3.4328718378059633E+00,  9.9272567843536574E+00,  2.0795176837344861E-04,  5.4605006164292780E-01,  4.6746597097949444E-01,  1.0000000000000000E+00,  1.7495987207512160E+04,  3.4991974415024320E+03,  0.0000000000000000E+00,  3.4991974415024320E+03,  1.7495987207512160E+04,  0.0000000000000000E+00,  0.0000000000000000E+00,  0.0000000000000000E+00,  6.9983948830048639E+03
   122,  2.4697415216915908E+00, -6.8518891062069731E-01, -1.5439039629732332E+00,  7.4934025686320294E-04,  8.7548837495994847E-01,  5.4000146293010720E-01,  1.0000000000000000E+00,  4.7988855484186533E+03,  9.5977710968373060E+02,  0.0000000000000000E+00,  9.5977710968373060E+02,  4.7988855484186533E+03,  0.0000000000000000E+00,  0.0000000000000000E+00,  0.0000000000000000E+00,  1.9195542193674612E+03
   123, -8.7187335253745191E-01,  1.0574809868766313E+00,  1.1451461023347591E+00,  8.1529444062614510E-04,  9.4488749610586298E-01,  5.7136409438655156E-01,  1.0000000000000000E+00,  2.1241277542531980E+03,  4.2482555085063956E+02,  0.0000000000000000E+00,  4.2482555085063956E+02,  2.1241277542531980E+03,  0.0000000000000000E+00,  0.0000000000000000E+00,  0.0000000000000000E+00,  8.4965110170127912E+02
   124,  1.6239574047958447E+00,  2.0693607752802916E+00, -2.2140375563662776E-01,  5.6025499646626589E-04,  8.3443972835481783E-01,  1.0817385980091441E+00,  1.0000000000000000E+00,  6.3809688029913968E+03,  1.2761937605982794E+03,  0.0000000000000000E+00,  1.2761937605982794E+03,  6.3809688029913968E+03,  0.0000000000000000E+00,  0.0000000000000000E+00,  0.0000000000000000E+00,  2.5523875211965587E+03
   125,  3.9918365441648360E+00, -8.9852925921991511E-01, -6.8821290997249418E-01,  1.2722879449805135E-03,  9.2735058901875167E-01,  5.0474172328606426E-01,  1.0000000000000000E+00,  2.8000293815689465E+03,  5.6000587631378926E+02,  0.0000000000000000E+00,  5.6000587631378926E+02,  2.8000293815689465E+03,  0.0000000000000000E+00,  0.0000000000000000E+00,  0.0000000000000000E+00,  1.1200117526275785E+03
   126,  2.9465739623147131E+00,  6.0979517766596225E-01, -6.5829202541830056E-02,  1.3767741157832776E-03,  9.3298656926972567E-01,  5.0019804664925527E-01,  1.0000000000000000E+00,  2.5828093093959901E+03,  5.1656186187919798E+02,  0.0000000000000000E+00,  5.1656186187919798E+02,  2.5828093093959901E+03,  0.0000000000000000E+00,  0.0000000000000000E+00,  0.0000000000000000E+00,  1.0331237237583960E+03
   127, -2.8095515732849696E+00, -1.0766106105407034E+00,  7.7087152073352327E-01,  9.9520677257649258E-04,  9.0695337439355672E-01,  6.0760268115708804E-01,  1.0000000000000000E+00,  3.5861720285816687E+03,  7.1723440571633364E+02,  0.0000000000000000E+00,  7.1723440571633364E+02,  3.5861720285816687E+03,  0.0000000000000000E+00,  0.0000000000000000E+00,  0.0000000000000000E+00,  1.4344688114326673E+03
   128, -1.5003899287412956E+01, -1.5967709632745372E+01, -7.6554726288444716E-02,  4.4953033811767152E-04,  7.9102327519792359E-01,  5.0155523908771038E-01,  1.0000000000000000E+00,  8.0543112684133630E+03,  1.6108622536826724E+03,  0.0000000000000000E+00,  1.6108622536826724E+03,  8.0543112684133630E+03,  0.0000000000000000E+00,  0.0000000000000000E+00,  0.0000000000000000E+00,  3.2217245073653448E+03
   129, -1.5453672271482926E+01, -1.0090514267487225E+00, -7.2959525928535705E+00,  7.0810673460764865E-05,  1.4134174546245834E-01,  1.0835339531422150E+00,  1.0000000000000000E+00,  3.3094120226967752E+04,  6.6188240453935505E+03,  0.0000000000000000E+00,  6.6188240453935505E+03,  3.3094120226967752E+04,  0.0000000000000000E+00,  0.0000000000000000E+00,  0.0000000000000000E+00,  1.3237648090787101E+04
   130,  4.4291773580754370E+00, -3.0004567440807515E+00,  3.3847704665577352E+00,  4.4455382958530804E-04,  7.8851248752577008E-01,  4.4920414072117043E-01,  1.0000000000000000E+00,  8.1510812099442792E+03,  1.6302162419888557E+03,  0.0000000000000000E+00,  1.6302162419888557E+03,  8.1510812099442792E+03,  0.0000000000000000E+00,  0.0000000000000000E+00,  0.0000000000000000E+00,  3.2604324839777114E+03
   131, -2.7862709667301102E+00, -2.2519883679332993E+00, -1.7305021808964627E+00,  6.9805669200032148E-04,  8.6691294553396092E-01,  7.6812481094160712E-01,  1.0000000000000000E+00,  5.1293968908785901E+03,  1.0258793781757179E+03,  0.0000000000000000E+00,  1.0258793781757179E+03,  5.1293968908785901E+03,  0.0000000000000000E+00,  0.0000000000000000E+00,  0.0000000000000000E+00,  2.0517587563514357E+03
   132, -5.6968768104728040E+00, -7.1962936059032243E+00, -1.2346154286620539E+00,  8.5257770498960953E-04,  8.9091125129692794E-01,  5.7372071432025229E-01,  1.0000000000000000E+00,  4.2044621895975697E+03,  8.4089243791951390E+02,  0.0000000000000000E+00,  8.4089243791951390E+02,  4.2044621895975697E+03,  0.0000000000000000E+00,  0.0000000000000000E+00,  0.0000000000000000E+00,  1.6817848758390278E+03
   133, -1.0231207786091797E+01, -2.3645128326681403E-01, -1.2879133748131877E+00,  5.2569847102447919E-04,  8.2308010495731065E-01,  1.0080054897551520E+00,  1.0000000000000000E+00,  6.8187876214369862E+03,  1.3637575242873972E+03,  0.0000000000000000E+00,  1.3637575242873972E+03,  6.8187876214369862E+03,  0.0000000000000000E+00,  0.0000000000000000E+00,  0.0000000000000000E+00,  2.7275150485747945E+03
   134,  1.8133946594869101E+00,  1.7304130398521842E+00,  3.1059860928677024E-01,  3.4717025286255124E-03,  9.7435876396081511E-01,  4.6220070459949059E-01,  1.0000000000000000E+00,  9.8825597234358440E+02,  1.9765119446871688E+02,  0.0000000000000000E+00,  1.9765119446871688E+02,  9.8825597234358440E+02,  0.0000000000000000E+00,  0.0000000000000000E+00,  0.0000000000000000E+00,  3.9530238893743376E+02
   135, -4.8399523486439111E-01, -3.4601701579061133E+00, -5.5954145942096556E-01,  9.3984569667529614E-04,  9.0101983680550812E-01,  5.0819505978069757E-01,  1.0000000000000000E+00,  3.8148604564543748E+03,  7.6297209129087491E+02,  0.0000000000000000E+00,  7.6297209129087491E+02,  3.8148604564543748E+03,  0.0000000000000000E+00,  0.0000000000000000E+00,  0.0000000000000000E+00,  1.5259441825817498E+03
   136, -2.2388739437632994E+00, -5.8197153826528556E+00,  2.0841642824670403E+00,  8.3545372933044239E-04,  8.8822608600417419E-01,  4.4745890732373489E-01,  1.0000000000000000E+00,  4.3079529352557875E+03,  8.6159058705115740E+02,  0.0000000000000000E+00,  8.6159058705115740E+02,  4.3079529352557875E+03,  0.0000000000000000E+00,  0.0000000000000000E+00,  0.0000000000000000E+00,  1.7231811741023148E+03
   137, -5.6132142245754295E+00, -1.6251976706093869E+00,  1.6633811476035842E+00,  5.7634197701193562E-04,  8.3775825194740805E-01,  6.1670870963453606E-01,  1.0000000000000000E+00,  6.2530673728603151E+03,  1.2506134745720631E+03,  0.0000000000000000E+00,  1.2506134745720631E+03,  6.2530673728603151E+03,  0.0000000000000000E+00,  0.0000000000000000E+00,  0.0000000000000000E+00,  2.5012269491441261E+03
   138, -1.1433785580931295E+00, -5.0400271565360519E+00,  1.2187752256816675E+00,  8.1271688533310880E-04,  8.8507749425112081E-01,  4.5490502169796970E-01,  1.0000000000000000E+00,  4.4293049090713857E+03,  8.8586098181427712E+02,  0.0000000000000000E+00,  8.8586098181427712E+02,  4.4293049090713857E+03,  0.0000000000000000E+00,  0.0000000000000000E+00,  0.0000000000000000E+00,  1.7717219636285542E+03
   139, -8.3748734402464535E+00,  3.1428849633274109E-01, -7.7049304441012501E-01,  5.4752289397484223E-04,  8.3026528780551767E-01,  1.0038633417102369E+00,  1.0000000000000000E+00,  6.5418586991623406E+03,  1.3083717398324682E+03,  0.0000000000000000E+00,  1.3083717398324682E+03,  6.5418586991623406E+03,  0.0000000000000000E+00,  0.0000000000000000E+00,  0.0000000000000000E+00,  2.6167434796649363E+03
   140,  2.5771323017220680E+00,  9.6530146921061044E-01, -9.4754617804692165E-01,  1.2285105339885903E-03,  9.2485022155129837E-01,  5.5083548414350803E-01,  1.0000000000000000E+00,  2.8963977110437090E+03,  5.7927954220874176E+02,  0.0000000000000000E+00,  5.7927954220874176E+02,  2.8963977110437090E+03,  0.0000000000000000E+00,  0.0000000000000000E+00,  0.0000000000000000E+00,  1.1585590844174835E+03
   141, -9.5663699800322757E+00, -1.0081101292877509E+01,  1.0781512477562634E+01,  7.8388366115260012E-05,  7.8586262178650626E-02,  4.6957016721653427E-01,  1.0000000000000000E+00,  3.5512821145197842E+04,  7.1025642290395690E+03,  0.0000000000000000E+00,  7.1025642290395690E+03,  3.5512821145197842E+04,  0.0000000000000000E+00,  0.0000000000000000E+00,  0.0000000000000000E+00,  1.4205128458079138E+04
   142,  1.9707362173345826E+00, -4.9367543288607824E-01, -6.4910923332541781E-01,  9.9000175605560539E-04,  9.0615009453072326E-01,  5.1506082802382047E-01,  1.0000000000000000E+00,  3.6171317732950415E+03,  7.2342635465900821E+02,  0.0000000000000000E+00,  7.2342635465900821E+02,  3.6171317732950415E+03,  0.0000000000000000E+00,  0.0000000000000000E+00,  0.0000000000000000E+00,  1.4468527093180164E+03
   143, -2.6959184772683660E+00,  4.9888266083958923E+00,  3.1982167349896523E-01,  8.1809369663310785E-04,  8.8734449783480385E-01,  9.2407925256145573E-01,  1.0000000000000000E+00,  4.3419308126169353E+03,  8.6838616252338704E+02,  0.0000000000000000E+00,  8.6838616252338704E+02,  4.3419308126169353E+03,  0.0000000000000000E+00,  0.0000000000000000E+00,  0.0000000000000000E+00,  1.7367723250467741E+03
   144, -5.3957815833146994E-01,  3.4693891441116622E+00,  1.9158540947678606E+00,  1.5650346997758331E-03,  9.4159124762001878E-01,  5.9787846196049210E-01,  1.0000000000000000E+00,  2.2511706646451098E+03,  4.5023413292902194E+02,  0.0000000000000000E+00,  4.5023413292902194E+02,  2.2511706646451098E+03,  0.0000000000000000E+00,  0.0000000000000000E+00,  0.0000000000000000E+00,  9.0046826585804388E+02
   145, -5.4576769831200638E+00,  4.5524157301195238E+00, -1.9047924080304470E+00,  4.2640774024036256E-04,  7.8105624252395722E-01,  1.0167608631287917E+00,  1.0000000000000000E+00,  8.4384573193891501E+03,  1.6876914638778298E+03,  0.0000000000000000E+00,  1.6876914638778298E+03,  8.4384573193891501E+03,  0.0000000000000000E+00,  0.0000000000000000E+00,  0.0000000000000000E+00,  3.3753829277556597E+03
   146, -1.9355707121845322E+00,  1.2466619579084692E+00,  8.4465588459291341E-01,  8.0144057538827495E-04,  8.8418316929814467E-01,  6.8795896132381140E-01,  1.0000000000000000E+00,  4.4637736833006747E+03,  8.9275473666013488E+02,  0.0000000000000000E+00,  8.9275473666013488E+02,  4.4637736833006747E+03,  0.0000000000000000E+00,  0.0000000000000000E+00,  0.0000000000000000E+00,  1.7855094733202698E+03
   147, -1.7984065118021114E-02,  3.2809551107339767E+00, -9.5721812477203094E-01,  1.2341251667790953E-03,  9.2679539291083246E-01,  1.0355853129942507E+00,  1.0000000000000000E+00,  2.8214275648949993E+03,  5.6428551297899980E+02,  0.0000000000000000E+00,  5.6428551297899980E+02,  2.8214275648949993E+03,  0.0000000000000000E+00,  0.0000000000000000E+00,  0.0000000000000000E+00,  1.1285710259579996E+03
   148, -4.4857508934419921E-01, -2.6396832250260294E-01,  5.3965074591163043E-01,  5.0843733723404227E-04,  8.1540378450667539E-01,  4.8688011191059949E-01,  1.0000000000000000E+00,  7.1146458054718869E+03,  1.4229291610943774E+03,  0.0000000000000000E+00,  1.4229291610943774E+03,  7.1146458054718869E+03,  0.0000000000000000E+00,  0.0000000000000000E+00,  0.0000000000000000E+00,  2.8458583221887548E+03
   149,  2.6303702674086940E+00,  5.6042400741464993E-01,  1.7224235969338060E+00,  8.2106890892863450E-04,  8.8624045377275995E-01,  4.4780079174876158E-01,  1.0000000000000000E+00,  4.3844825108415444E+03,  8.7689650216830876E+02,  0.0000000000000000E+00,  8.7689650216830876E+02,  4.3844825108415444E+03,  0.0000000000000000E+00,  0.0000000000000000E+00,  0.0000000000000000E+00,  1.7537930043366175E+03
   150, -6.7675478512112903E+00, -8.6411613590926013E+00, -3.1234154960534228E+00,  8.3201426363798195E-04,  8.8832276034239377E-01,  6.2322860880772546E-01,  1.0000000000000000E+00,  4.3042269451369075E+03,  8.6084538902738143E+02,  0.0000000000000000E+00,  8.6084538902738143E+02,  4.3042269451369075E+03,  0.0000000000000000E+00,  0.0000000000000000E+00,  0.0000000000000000E+00,  1.7216907780547629E+03
   151,  1.3263814496590973E+00,  1.0833948001313527E+00,  3.7934906523087530E+00,  7.2691926054060756E-04,  8.7136251279376964E-01,  4.6896234203116849E-01,  1.0000000000000000E+00,  4.9579031527401294E+03,  9.9158063054802574E+02,  0.0000000000000000E+00,  9.9158063054802574E+02,  4.9579031527401294E+03,  0.0000000000000000E+00,  0.0000000000000000E+00,  0.0000000000000000E+00,  1.9831612610960515E+03
   152, -1.7177781338774012E+00, -4.4610641960390911E+00, -2.0976791270307458E+00,  7.1161752660584921E-04,  8.6887378792695036E-01,  5.6846216736575950E-01,  1.0000000000000000E+00,  5.0538227569821220E+03,  1.0107645513964244E+03,  0.0000000000000000E+00,  1.0107645513964244E+03,  5.0538227569821220E+03,  0.0000000000000000E+00,  0.0000000000000000E+00,  0.0000000000000000E+00,  2.0215291027928488E+03
   153, -5.1023546417592085E+00, -4.2580022053748250E+00,  1.0324626416923746E+00,  8.7990914499154412E-05,  8.4447596114848134E-01,  5.1410711716200042E-01,  1.0000000000000000E+00,  5.9941556640689496E+03,  1.1988311328137897E+03,  0.0000000000000000E+00,  1.1988311328137897E+03,  5.9941556640689496E+03,  0.0000000000000000E+00,  0.0000000000000000E+00,  0.0000000000000000E+00,  2.3976622656275795E+03
   154,  3.4607909476031886E+00, -1.1386637300830730E-02,  4.8079487813231409E-01,  5.5206322203627325E-04,  8.3008811969858554E-01,  4.7248832900595850E-01,  1.0000000000000000E+00,  6.5486870532836829E+03,  1.3097374106567365E+03,  0.0000000000000000E+00,  1.3097374106567365E+03,  6.5486870532836829E+03,  0.0000000000000000E+00,  0.0000000000000000E+00,  0.0000000000000000E+00,  2.6194748213134731E+03
   155,  1.3821778091442307E+00,  2.1731071678212404E+00,  1.2829901864630016E+00,  8.5756285082523478E-04,  8.9132575194351948E-01,  5.0192204439025490E-01,  1.0000000000000000E+00,  4.1884866438435201E+03,  8.3769732876870410E+02,  0.0000000000000000E+00,  8.3769732876870410E+02,  4.1884866438435201E+03,  0.0000000000000000E+00,  0.0000000000000000E+00,  0.0000000000000000E+00,  1.6753946575374082E+03
   156,  9.3973053088090752E-01,  2.4375953260450518E+00, -1.1523283098106654E+00,  1.5510051891647668E-03,  9.4253288191647422E-01,  1.0482236904165714E+00,  1.0000000000000000E+00,  2.2148785094692230E+03,  4.4297570189384459E+02,  0.0000000000000000E+00,  4.4297570189384459E+02,  2.2148785094692230E+03,  0.0000000000000000E+00,  0.0000000000000000E+00,  0.0000000000000000E+00,  8.8595140378768917E+02
   157,  1.5492585505346157E+00,  2.0624884852853405E+00, -2.9551082423817926E-01,  1.0389483119465281E-03,  9.1256058722092248E-01,  1.0990776567089395E+00,  1.0000000000000000E+00,  3.3700607008602797E+03,  6.7401214017205598E+02,  0.0000000000000000E+00,  6.7401214017205598E+02,  3.3700607008602797E+03,  0.0000000000000000E+00,  0.0000000000000000E+00,  0.0000000000000000E+00,  1.3480242803441120E+03
   158, -1.4078040335409412E+01, -1.5815205566294480E+01, -7.1007245690076459E-01,  7.3668698107423825E-05,  5.6710968531837935E-01,  5.3086255493609957E-01,  1.0000000000000000E+00,  1.6684314211687466E+04,  3.3368628423374926E+03,  0.0000000000000000E+00,  3.3368628423374926E+03,  1.6684314211687466E+04,  0.0000000000000000E+00,  0.0000000000000000E+00,  0.0000000000000000E+00,  6.6737256846749851E+03
   159, -5.6366721337044359E+00,  4.9439445365379555E+00,  3.8252525395924555E+00,  4.4979002678952241E-04,  7.9153922248315356E-01,  6.3805010089521119E-01,  1.0000000000000000E+00,  8.0344258001284579E+03,  1.6068851600256914E+03,  0.0000000000000000E+00,  1.6068851600256914E+03,  8.0344258001284579E+03,  0.0000000000000000E+00,  0.0000000000000000E+00,  0.0000000000000000E+00,  3.2137703200513829E+03
   160, -2.4574261337224153E+00, -1.3056305445026504E+00, -2.4437765170934900E+00,  5.2057940735696225E-04,  8.2070195782408850E-01,  8.0549653818844280E-01,  1.0000000000000000E+00,  6.9104453755299228E+03,  1.3820890751059846E+03,  0.0000000000000000E+00,  1.3820890751059846E+03,  6.9104453755299228E+03,  0.0000000000000000E+00,  0.0000000000000000E+00,  0.0000000000000000E+00,  2.7641781502119693E+03
   161,  0.0000000000000000E+00,  0.0000000000000000E+00,  0.0000000000000000E+00,  0.0000000000000000E+00,  0.0000000000000000E+00,  5.0000000000000000E-01,  1.0000000000000000E+00,  3.8541666666666672E+04,  7.7083333333333339E+03,  0.0000000000000000E+00,  7.7083333333333339E+03,  3.8541666666666672E+04,  0.0000000000000000E+00,  0.0000000000000000E+00,  0.0000000000000000E+00,  1.5416666666666668E+04
   162,  0.0000000000000000E+00,  0.0000000000000000E+00,  0.0000000000000000E+00,  0.0000000000000000E+00,  0.0000000000000000E+00,  5.0000000000000000E-01,  1.0000000000000000E+00,  3.8541666666666672E+04,  7.7083333333333339E+03,  0.0000000000000000E+00,  7.7083333333333339E+03,  3.8541666666666672E+04,  0.0000000000000000E+00,  0.0000000000000000E+00,  0.0000000000000000E+00,  1.5416666666666668E+04
   163,  0.0000000000000000E+00,  0.0000000000000000E+00,  0.0000000000000000E+00,  0.0000000000000000E+00,  0.0000000000000000E+00,  5.0000000000000000E-01,  1.0000000000000000E+00,  3.8541666666666672E+04,  7.7083333333333339E+03,  0.0000000000000000E+00,  7.7083333333333339E+03,  3.8541666666666672E+04,  0.0000000000000000E+00,  0.0000000000000000E+00,  0.0000000000000000E+00,  1.5416666666666668E+04
   164,  1.8828396274345416E+00,  1.8828396274345416E+00,  0.0000000000000000E+00,  2.3174240017711823E-04,  5.9289954001415324E-01,  5.0000000000000000E-01,  1.0000000000000000E+00,  1.5690330228621180E+04,  3.1380660457242357E+03,  0.0000000000000000E+00,  3.1380660457242357E+03,  1.5690330228621180E+04,  0.0000000000000000E+00,  0.0000000000000000E+00,  0.0000000000000000E+00,  6.2761320914484713E+03
   165,  1.8828396274345418E+00,  1.8828396274345418E+00,  0.0000000000000000E+00,  2.3174240017711817E-04,  5.9289954001415313E-01,  5.0000000000000000E-01,  1.0000000000000000E+00,  1.5690330228621184E+04,  3.1380660457242366E+03,  0.0000000000000000E+00,  3.1380660457242366E+03,  1.5690330228621184E+04,  0.0000000000000000E+00,  0.0000000000000000E+00,  0.0000000000000000E+00,  6.2761320914484731E+03
   166,  1.8828396274345416E+00,  1.8828396274345416E+00,  0.0000000000000000E+00,  2.3174240017711823E-04,  5.9289954001415324E-01,  5.0000000000000000E-01,  1.0000000000000000E+00,  1.5690330228621180E+04,  3.1380660457242357E+03,  0.0000000000000000E+00,  3.1380660457242357E+03,  1.5690330228621180E+04,  0.0000000000000000E+00,  0.0000000000000000E+00,  0.0000000000000000E+00,  6.2761320914484713E+03
   167,  1.8828396274345416E+00,  1.8828396274345416E+00,  6.2761320914484714E-16,  2.3174240017711823E-04,  5.9289954001415324E-01,  5.0000000000000000E-01,  1.0000000000000000E+00,  1.5690330228621180E+04,  3.1380660457242357E+03,  0.0000000000000000E+00,  3.1380660457242357E+03,  1.5690330228621180E+04,  0.0000000000000000E+00,  0.0000000000000000E+00,  0.0000000000000000E+00,  6.2761320914484713E+03
   168,  1.8828396274345418E+00,  1.8828396274345418E+00,  6.2761320914484724E-16,  2.3174240017711817E-04,  5.9289954001415313E-01,  5.0000000000000000E-01,  1.0000000000000000E+00,  1.5690330228621184E+04,  3.1380660457242366E+03,  0.0000000000000000E+00,  3.1380660457242366E+03,  1.5690330228621184E+04,  0.0000000000000000E+00,  0.0000000000000000E+00,  0.0000000000000000E+00,  6.2761320914484731E+03
   169,  1.8828396274345416E+00,  1.8828396274345416E+00,  6.2761320914484714E-16,  2.3174240017711823E-04,  5.9289954001415324E-01,  5.0000000000000000E-01,  1.0000000000000000E+00,  1.5690330228621180E+04,  3.1380660457242357E+03,  0.0000000000000000E+00,  3.1380660457242357E+03,  1.5690330228621180E+04,  0.0000000000000000E+00,  0.0000000000000000E+00,  0.0000000000000000E+00,  6.2761320914484713E+03
   170,  0.0000000000000000E+00,  0.0000000000000000E+00,  6.3744487215778669E+00,  2.2821773229381921E-04,  5.8652224508684114E-01,  4.7140452079103162E-01,  1.0000000000000000E+00,  1.5936121803944667E+04,  3.1872243607889332E+03,  0.0000000000000000E+00,  3.1872243607889332E+03,  1.5936121803944667E+04,  0.0000000000000000E+00,  0.0000000000000000E+00,  0.0000000000000000E+00,  6.3744487215778663E+03
   171,  0.0000000000000000E+00,  0.0000000000000000E+00,  6.3744487215778669E+00,  2.2821773229381921E-04,  5.8652224508684114E-01,  4.7140452079103162E-01,  1.0000000000000000E+00,  1.5936121803944667E+04,  3.1872243607889332E+03,  0.0000000000000000E+00,  3.1872243607889332E+03,  1.5936121803944667E+04,  0.0000000000000000E+00,  0.0000000000000000E+00,  0.0000000000000000E+00,  6.3744487215778663E+03
   172,  0.0000000000000000E+00,  0.0000000000000000E+00,  6.3744487215778669E+00,  2.2821773229381921E-04,  5.8652224508684114E-01,  4.7140452079103162E-01,  1.0000000000000000E+00,  1.5936121803944667E+04,  3.1872243607889332E+03,  0.0000000000000000E+00,  3.1872243607889332E+03,  1.5936121803944667E+04,  0.0000000000000000E+00,  0.0000000000000000E+00,  0.0000000000000000E+00,  6.3744487215778663E+03
   173, -3.4992629861122694E+01,  8.3999185651900968E-16,  0.0000000000000000E+00,  9.9999999999999991E-05,  5.4253246996684212E-02,  9.9999999999999978E-01,  1.0000000000000000E+00,  3.6450656105336137E+04,  7.2901312210672268E+03,  0.0000000000000000E+00,  7.2901312210672268E+03,  3.6450656105336137E+04,  0.0000000000000000E+00,  0.0000000000000000E+00,  0.0000000000000000E+00,  1.4580262442134454E+04
   174, -3.4992629861122694E+01,  0.0000000000000000E+00,  0.0000000000000000E+00,  9.9999999999999991E-05,  5.4253246996684212E-02,  9.9999999999999978E-01,  1.0000000000000000E+00,  3.6450656105336137E+04,  7.2901312210672268E+03,  0.0000000000000000E+00,  7.2901312210672268E+03,  3.6450656105336137E+04,  0.0000000000000000E+00,  0.0000000000000000E+00,  0.0000000000000000E+00,  1.4580262442134454E+04
   175, -3.4992629861122694E+01,  8.3999185651900968E-16,  0.0000000000000000E+00,  9.9999999999999991E-05,  5.4253246996684212E-02,  9.9999999999999978E-01,  1.0000000000000000E+00,  3.6450656105336137E+04,  7.2901312210672268E+03,  0.0000000000000000E+00,  7.2901312210672268E+03,  3.6450656105336137E+04,  0.0000000000000000E+00,  0.0000000000000000E+00,  0.0000000000000000E+00,  1.4580262442134454E+04
   176,  3.4860360833098367E+00, -1.3946946033746599E-16,  0.0000000000000000E+00,  3.0000000000000003E-04,  6.8594269519731199E-01,  5.0000000000000000E-01,  1.0000000000000000E+00,  1.2104291955936935E+04,  2.4208583911873870E+03,  0.0000000000000000E+00,  2.4208583911873870E+03,  1.2104291955936935E+04,  0.0000000000000000E+00,  0.0000000000000000E+00,  0.0000000000000000E+00,  4.8417167823747741E+03
   177,  3.4860360833098367E+00,  0.0000000000000000E+00,  0.0000000000000000E+00,  3.0000000000000003E-04,  6.8594269519731199E-01,  5.0000000000000000E-01,  1.0000000000000000E+00,  1.2104291955936935E+04,  2.4208583911873870E+03,  0.0000000000000000E+00,  2.4208583911873870E+03,  1.2104291955936935E+04,  0.0000000000000000E+00,  0.0000000000000000E+00,  0.0000000000000000E+00,  4.8417167823747741E+03
   178,  3.4860360833098367E+00, -1.3946946033746599E-16,  0.0000000000000000E+00,  3.0000000000000003E-04,  6.8594269519731199E-01,  5.0000000000000000E-01,  1.0000000000000000E+00,  1.2104291955936935E+04,  2.4208583911873870E+03,  0.0000000000000000E+00,  2.4208583911873870E+03,  1.2104291955936935E+04,  0.0000000000000000E+00,  0.0000000000000000E+00,  0.0000000000000000E+00,  4.8417167823747741E+03
   179,  4.2328484664800916E+00, -1.9449897863402814E+00,  1.2306871012092797E+00,  9.6172846704704320E-04,  9.0443860753352312E-01,  8.5431869071681266E-01,  1.0000000000000000E+00,  3.6830953346454635E+03,  7.3661906692909270E+02,  0.0000000000000000E+00,  7.3661906692909270E+02,  3.6830953346454635E+03,  0.0000000000000000E+00,  0.0000000000000000E+00,  0.0000000000000000E+00,  1.4732381338581854E+03
   180, -7.7982536877106892E+00, -6.4129696557963047E+00,  1.0792769062971159E+00,  6.1400135310283504E-04,  8.4821671857301151E-01,  7.3689019124314736E-01,  1.0000000000000000E+00,  5.8499806383318491E+03,  1.1699961276663698E+03,  0.0000000000000000E+00,  1.1699961276663698E+03,  5.8499806383318491E+03,  0.0000000000000000E+00,  0.0000000000000000E+00,  0.0000000000000000E+00,  2.3399922553327397E+03
   181,  1.2474647938530461E+00, -6.4714370479153460E-01,  5.0439723487154486E-01,  8.5805850969939053E-04,  8.9242827079182396E-01,  8.2479036695917951E-01,  1.0000000000000000E+00,  4.1459937298984523E+03,  8.2919874597969033E+02,  0.0000000000000000E+00,  8.2919874597969033E+02,  4.1459937298984523E+03,  0.0000000000000000E+00,  0.0000000000000000E+00,  0.0000000000000000E+00,  1.6583974919593807E+03
   182,  6.7324897649868531E-01, -8.0386783287922778E+00, -2.2077267099113480E+00,  4.4410657678374809E-04,  7.8996172076043270E-01,  1.0281512499402612E+00,  1.0000000000000000E+00,  8.0952253456916578E+03,  1.6190450691383314E+03,  0.0000000000000000E+00,  1.6190450691383314E+03,  8.0952253456916578E+03,  0.0000000000000000E+00,  0.0000000000000000E+00,  0.0000000000000000E+00,  3.2380901382766629E+03
   183,  5.6861240708621974E-01,  2.7197940527412490E+00, -9.4486355108350117E-01,  1.9976508410925846E-03,  9.5625470201913099E-01,  1.0686520759554594E+00,  1.0000000000000000E+00,  1.6860166930126602E+03,  3.3720333860253203E+02,  0.0000000000000000E+00,  3.3720333860253203E+02,  1.6860166930126602E+03,  0.0000000000000000E+00,  0.0000000000000000E+00,  0.0000000000000000E+00,  6.7440667720506406E+02
   184,  2.2064824356635175E+00, -4.1593212169187552E+00,  2.5860248801912031E+00,  4.0854323119866165E-04,  7.7066521703397906E-01,  7.8312102467977007E-01,  1.0000000000000000E+00,  8.8389447601487245E+03,  1.7677889520297449E+03,  0.0000000000000000E+00,  1.7677889520297449E+03,  8.8389447601487245E+03,  0.0000000000000000E+00,  0.0000000000000000E+00,  0.0000000000000000E+00,  3.5355779040594898E+03
   185,  9.5865908051597759E-01,  2.4857533040660815E+00, -4.2602644312726456E-01,  1.8495706530109587E-03,  9.5234476151160574E-01,  1.0332735831921798E+00,  1.0000000000000000E+00,  1.8367123167401955E+03,  3.6734246334803908E+02,  0.0000000000000000E+00,  3.6734246334803908E+02,  1.8367123167401955E+03,  0.0000000000000000E+00,  0.0000000000000000E+00,  0.0000000000000000E+00,  7.3468492669607815E+02
   186, -4.3450375920980280E+00,  5.4590414761261199E+00, -1.8271207920652768E+00,  7.1153689143672102E-04,  8.7026373932162904E-01,  1.0161248856436720E+00,  1.0000000000000000E+00,  5.0002517136455481E+03,  1.0000503427291096E+03,  0.0000000000000000E+00,  1.0000503427291096E+03,  5.0002517136455481E+03,  0.0000000000000000E+00,  0.0000000000000000E+00,  0.0000000000000000E+00,  2.0001006854582192E+03
   187, -1.1031378891536185E+00,  1.2209002046356028E-01,  2.8041610667088501E+00,  7.6760688006118777E-04,  8.7904252098381119E-01,  7.1121562615393363E-01,  1.0000000000000000E+00,  4.6619028370822771E+03,  9.3238056741645551E+02,  0.0000000000000000E+00,  9.3238056741645551E+02,  4.6619028370822771E+03,  0.0000000000000000E+00,  0.0000000000000000E+00,  0.0000000000000000E+00,  1.8647611348329110E+03
   188,  1.8067436873486307E+00, -2.3992459081512388E-01,  4.1390923037380645E-01,  5.6801160843569462E-04,  8.3606201695418880E-01,  8.5281489136384658E-01,  1.0000000000000000E+00,  6.3184430965573074E+03,  1.2636886193114615E+03,  0.0000000000000000E+00,  1.2636886193114615E+03,  6.3184430965573074E+03,  0.0000000000000000E+00,  0.0000000000000000E+00,  0.0000000000000000E+00,  2.5273772386229230E+03
   189,  3.1845126152257358E-01,  1.1318403770594219E+00, -3.8056089478126981E-01,  4.6366879261598129E-04,  7.9911692502450993E-01,  1.0751514661860904E+00,  1.0000000000000000E+00,  7.7423685146803473E+03,  1.5484737029360695E+03,  0.0000000000000000E+00,  1.5484737029360695E+03,  7.7423685146803473E+03,  0.0000000000000000E+00,  0.0000000000000000E+00,  0.0000000000000000E+00,  3.0969474058721389E+03
   190,  3.3573473485748537E+00, -2.4765347876347682E-01, -1.5431601891966058E+00,  9.9548387877171091E-04,  9.0846673273741330E-01,  1.0661127229507092E+00,  1.0000000000000000E+00,  3.5278446757455295E+03,  7.0556893514910587E+02,  0.0000000000000000E+00,  7.0556893514910587E+02,  3.5278446757455295E+03,  0.0000000000000000E+00,  0.0000000000000000E+00,  0.0000000000000000E+00,  1.4111378702982117E+03
   191, -2.0096455363050780E+00, -2.3675271532426150E+00,  2.9445175934467632E-01,  9.5333437827460556E-04,  9.0318187544769546E-01,  7.3430760931567063E-01,  1.0000000000000000E+00,  3.7315318837867380E+03,  7.4630637675734761E+02,  0.0000000000000000E+00,  7.4630637675734761E+02,  3.7315318837867380E+03,  0.0000000000000000E+00,  0.0000000000000000E+00,  0.0000000000000000E+00,  1.4926127535146952E+03
   192,  4.1392577824240784E-01,  2.9064010302395373E+00, -2.3148611476910080E-01,  2.1992421189407554E-03,  9.6038761895379021E-01,  1.0042310040667830E+00,  1.0000000000000000E+00,  1.5267271861560025E+03,  3.0534543723120049E+02,  0.0000000000000000E+00,  3.0534543723120049E+02,  1.5267271861560025E+03,  0.0000000000000000E+00,  0.0000000000000000E+00,  0.0000000000000000E+00,  6.1069087446240098E+02
   193,  7.9289157124753540E-01,  2.7593548265618346E+00,  3.3748292710962041E-01,  1.0735965735679321E-03,  9.1476146817293258E-01,  8.6886021662485113E-01,  1.0000000000000000E+00,  3.2852350808348906E+03,  6.5704701616697810E+02,  0.0000000000000000E+00,  6.5704701616697810E+02,  3.2852350808348906E+03,  0.0000000000000000E+00,  0.0000000000000000E+00,  0.0000000000000000E+00,  1.3140940323339562E+03
   194,  5.2615522048955510E-01,  2.2922616595406233E+00,  1.0747987625945221E+00,  8.5699480807277561E-04,  8.9205474407845697E-01,  7.5108148788965368E-01,  1.0000000000000000E+00,  4.1603900719761377E+03,  8.3207801439522757E+02,  0.0000000000000000E+00,  8.3207801439522757E+02,  4.1603900719761377E+03,  0.0000000000000000E+00,  0.0000000000000000E+00,  0.0000000000000000E+00,  1.6641560287904551E+03
   195,  5.1554809461607309E-01, -3.8831280167481647E-01, -1.7199745525164796E+00,  6.5469784830031181E-04,  8.5944328176767848E-01,  1.2628275614873099E+00,  1.0000000000000000E+00,  5.4172901818707260E+03,  1.0834580363741452E+03,  0.0000000000000000E+00,  1.0834580363741452E+03,  5.4172901818707260E+03,  0.0000000000000000E+00,  0.0000000000000000E+00,  0.0000000000000000E+00,  2.1669160727482904E+03
   196, -1.6500822764911138E+01, -1.5231089674246904E+01, -5.9996534542827726E+00,  3.5798696704963549E-04,  7.3938457246313627E-01,  1.3452057794109491E+00,  1.0000000000000000E+00,  1.0044552936316624E+04,  2.0089105872633247E+03,  0.0000000000000000E+00,  2.0089105872633247E+03,  1.0044552936316624E+04,  0.0000000000000000E+00,  0.0000000000000000E+00,  0.0000000000000000E+00,  4.0178211745266494E+03
   197, -6.1918579893559977E-01,  3.1632727910927372E+00, -4.1290562804679287E-01,  5.3912201900182914E-04,  8.2756955174265889E-01,  1.0058035597589001E+00,  1.0000000000000000E+00,  6.6457568599183560E+03,  1.3291513719836712E+03,  0.0000000000000000E+00,  1.3291513719836712E+03,  6.6457568599183560E+03,  0.0000000000000000E+00,  0.0000000000000000E+00,  0.0000000000000000E+00,  2.6583027439673424E+03
   198, -4.9219262969335418E+00, -3.2847923754715378E+00, -2.6456263715219319E+00,  8.3383568662435904E-05,  6.3160455556554296E-01,  1.2424617418559949E+00,  1.0000000000000000E+00,  1.4198574420911367E+04,  2.8397148841822732E+03,  0.0000000000000000E+00,  2.8397148841822732E+03,  1.4198574420911367E+04,  0.0000000000000000E+00,  0.0000000000000000E+00,  0.0000000000000000E+00,  5.6794297683645464E+03
   199, -9.3627331989163221E+00, -1.4622093015401950E+01, -3.0447595358514650E+00,  2.9889230369573673E-04,  6.8627489305824096E-01,  1.0997526305431480E+00,  1.0000000000000000E+00,  1.2091488496713631E+04,  2.4182976993427260E+03,  0.0000000000000000E+00,  2.4182976993427260E+03,  1.2091488496713631E+04,  0.0000000000000000E+00,  0.0000000000000000E+00,  0.0000000000000000E+00,  4.8365953986854520E+03
   200, -2.8924713658515544E+00, -1.2697789482660006E+01, -6.3757053990663843E+00,  2.2218474142835908E-04,  5.7660562754841083E-01,  1.1147033413216820E+00,  1.0000000000000000E+00,  1.6318324771571668E+04,  3.2636649543143335E+03,  0.0000000000000000E+00,  3.2636649543143335E+03,  1.6318324771571668E+04,  0.0000000000000000E+00,  0.0000000000000000E+00,  0.0000000000000000E+00,  6.5273299086286670E+03
   201,  9.5472028742270498E-01,  2.4602960436513559E+00,  4.8225341699061797E-01,  2.5769885849873482E-03,  9.6604430307205580E-01,  8.0597319628894337E-01,  1.0000000000000000E+00,  1.3087091524311829E+03,  2.6174183048623655E+02,  0.0000000000000000E+00,  2.6174183048623655E+02,  1.3087091524311829E+03,  0.0000000000000000E+00,  0.0000000000000000E+00,  0.0000000000000000E+00,  5.2348366097247310E+02
   202, -8.9002950568256924E+00, -2.0047793530546567E+00, -4.2826495280567717E-01,  3.3538392460658940E-04,  7.2058994375538754E-01,  1.0019121207222836E+00,  1.0000000000000000E+00,  1.0768929251094440E+04,  2.1537858502188878E+03,  0.0000000000000000E+00,  2.1537858502188878E+03,  1.0768929251094440E+04,  0.0000000000000000E+00,  0.0000000000000000E+00,  0.0000000000000000E+00,  4.3075717004377757E+03
   203,  2.6379764412153772E+00, -8.3743994157326063E-01, -4.2060844556367663E+00,  4.2203581451664165E-04,  7.7927624722829636E-01,  1.2030578168849808E+00,  1.0000000000000000E+00,  8.5070613047427451E+03,  1.7014122609485489E+03,  0.0000000000000000E+00,  1.7014122609485489E+03,  8.5070613047427451E+03,  0.0000000000000000E+00,  0.0000000000000000E+00,  0.0000000000000000E+00,  3.4028245218970978E+03
   204, -5.9186758890608298E+00, -2.2793186246667538E+00,  3.6274487730745880E-01,  3.3819699419424312E-04,  7.2271435483122803E-01,  9.1458778117185380E-01,  1.0000000000000000E+00,  1.0687050907546422E+04,  2.1374101815092840E+03,  0.0000000000000000E+00,  2.1374101815092840E+03,  1.0687050907546422E+04,  0.0000000000000000E+00,  0.0000000000000000E+00,  0.0000000000000000E+00,  4.2748203630185681E+03
   205,  3.8149552883297901E+00, -1.5863945907953838E+00,  3.0191660204301511E+00,  4.5462995348131589E-04,  7.9412713274544466E-01,  7.5694062835931253E-01,  1.0000000000000000E+00,  7.9346834254359883E+03,  1.5869366850871975E+03,  0.0000000000000000E+00,  1.5869366850871975E+03,  7.9346834254359883E+03,  0.0000000000000000E+00,  0.0000000000000000E+00,  0.0000000000000000E+00,  3.1738733701743949E+03
   206, -3.5427221595404195E+00, -5.5938390108319744E+00, -4.4480358700442835E-01,  9.6316987501383401E-04,  9.0512470829181091E-01,  1.0213053670605285E+00,  1.0000000000000000E+00,  3.6566518679197884E+03,  7.3133037358395768E+02,  0.0000000000000000E+00,  7.3133037358395768E+02,  3.6566518679197884E+03,  0.0000000000000000E+00,  0.0000000000000000E+00,  0.0000000000000000E+00,  1.4626607471679154E+03
   207,  1.4382002001791867E+00, -5.2622942331982863E+00, -1.7294535112485059E+00,  3.9727725142830518E-04,  7.9044752613317759E-01,  1.0290732285089148E+00,  1.0000000000000000E+00,  8.0765015969504484E+03,  1.6153003193900895E+03,  0.0000000000000000E+00,  1.6153003193900895E+03,  8.0765015969504484E+03,  0.0000000000000000E+00,  0.0000000000000000E+00,  0.0000000000000000E+00,  3.2306006387801790E+03
   208,  5.0158265290256743E-01,  1.4461461181276372E+00,  3.5707154166956312E+00,  5.9763140307721391E-04,  8.6174847036247881E-01,  7.0863801933524895E-01,  1.0000000000000000E+00,  5.3284443714461295E+03,  1.0656888742892259E+03,  0.0000000000000000E+00,  1.0656888742892259E+03,  5.3284443714461295E+03,  0.0000000000000000E+00,  0.0000000000000000E+00,  0.0000000000000000E+00,  2.1313777485784517E+03
   209,  2.5615476570268729E+00, -3.4847119886284488E+00,  4.6879642444782310E-01,  7.4896243922892487E-04,  8.7666189334002942E-01,  9.3119460668860765E-01,  1.0000000000000000E+00,  4.7536561941863665E+03,  9.5073123883727328E+02,  0.0000000000000000E+00,  9.5073123883727328E+02,  4.7536561941863665E+03,  0.0000000000000000E+00,  0.0000000000000000E+00,  0.0000000000000000E+00,  1.9014624776745466E+03
   210, -7.7394473304634337E+00, -2.3313895647224463E+00,  1.7899963575186926E+00,  5.3384161987255689E-04,  8.2522062357626713E-01,  8.0270468423929608E-01,  1.0000000000000000E+00,  6.7362884663313716E+03,  1.3472576932662744E+03,  0.0000000000000000E+00,  1.3472576932662744E+03,  6.7362884663313716E+03,  0.0000000000000000E+00,  0.0000000000000000E+00,  0.0000000000000000E+00,  2.6945153865325487E+03
   211, -3.4644367476139561E+00, -7.7209565902671473E+00,  1.0674259671453497E-01,  5.8580031072757196E-04,  8.4150835677164793E-01,  9.7585736626922737E-01,  1.0000000000000000E+00,  6.1085320827594032E+03,  1.2217064165518807E+03,  0.0000000000000000E+00,  1.2217064165518807E+03,  6.1085320827594032E+03,  0.0000000000000000E+00,  0.0000000000000000E+00,  0.0000000000000000E+00,  2.4434128331037614E+03
   212, -6.2628265042968669E+00,  1.9607516795696897E-01,  7.8092425062980442E-01,  4.9031560149168031E-04,  8.0973158309942184E-01,  8.9982828064989218E-01,  1.0000000000000000E+00,  7.3332619013764506E+03,  1.4666523802752902E+03,  0.0000000000000000E+00,  1.4666523802752902E+03,  7.3332619013764506E+03,  0.0000000000000000E+00,  0.0000000000000000E+00,  0.0000000000000000E+00,  2.9333047605505803E+03
   213,  1.3454602611256783E+00,  1.9938307216470985E+00, -1.8164436224108118E+00,  7.2847552865563177E-04,  8.7426546657278337E-01,  1.3042697757342001E+00,  1.0000000000000000E+00,  4.8460184758406413E+03,  9.6920369516812832E+02,  0.0000000000000000E+00,  9.6920369516812832E+02,  4.8460184758406413E+03,  0.0000000000000000E+00,  0.0000000000000000E+00,  0.0000000000000000E+00,  1.9384073903362566E+03
   214, -2.4312406942138614E+00,  4.7148233635924504E+00,  1.3368533755711718E+00,  8.1694400706205472E-04,  8.8697903293597036E-01,  8.6052714615857584E-01,  1.0000000000000000E+00,  4.3560164389261427E+03,  8.7120328778522855E+02,  0.0000000000000000E+00,  8.7120328778522855E+02,  4.3560164389261427E+03,  0.0000000000000000E+00,  0.0000000000000000E+00,  0.0000000000000000E+00,  1.7424065755704571E+03
   215,  1.1574834632771460E+00,  2.4808805673041610E+00,  1.3241264878876396E-01,  8.1303218409495997E-04,  8.8659145951142948E-01,  9.1431208247501994E-01,  1.0000000000000000E+00,  4.3709541646636562E+03,  8.7419083293273115E+02,  0.0000000000000000E+00,  8.7419083293273115E+02,  4.3709541646636562E+03,  0.0000000000000000E+00,  0.0000000000000000E+00,  0.0000000000000000E+00,  1.7483816658654623E+03
   216, -5.1699466199071042E-01,  3.4984332396721562E+00, -1.6447006950778655E+00,  1.1360693986532636E-03,  9.2024716916066462E-01,  1.0619162391645878E+00,  1.0000000000000000E+00,  3.0738070219327178E+03,  6.1476140438654352E+02,  0.0000000000000000E+00,  6.1476140438654352E+02,  3.0738070219327178E+03,  0.0000000000000000E+00,  0.0000000000000000E+00,  0.0000000000000000E+00,  1.2295228087730870E+03
   217,  1.1791889004906451E+00,  2.2356775624129033E+00, -1.3035850674651633E-03,  2.4671517445491618E-03,  9.6504366238051342E-01,  1.0000007612329691E+00,  1.0000000000000000E+00,  1.3472755124177120E+03,  2.6945510248354236E+02,  0.0000000000000000E+00,  2.6945510248354236E+02,  1.3472755124177120E+03,  0.0000000000000000E+00,  0.0000000000000000E+00,  0.0000000000000000E+00,  5.3891020496708472E+02
   218, -3.3681999403774206E+01, -5.2550227952191044E+01,  3.0818629781703812E+00,  8.4546701301211995E-05,  1.4222346941416816E-01,  8.7352956473939358E-01,  1.0000000000000000E+00,  3.3060137116328937E+04,  6.6120274232657875E+03,  0.0000000000000000E+00,  6.6120274232657875E+03,  3.3060137116328937E+04,  0.0000000000000000E+00,  0.0000000000000000E+00,  0.0000000000000000E+00,  1.3224054846531575E+04
   219, -3.8557015723145143E+00, -1.9459233294396661E+00, -6.9041894226723521E-01,  8.2370430717364554E-04,  8.8853797582218352E-01,  1.0510703377450261E+00,  1.0000000000000000E+00,  4.2959321818533435E+03,  8.5918643637066873E+02,  0.0000000000000000E+00,  8.5918643637066873E+02,  4.2959321818533435E+03,  0.0000000000000000E+00,  0.0000000000000000E+00,  0.0000000000000000E+00,  1.7183728727413375E+03
   220,  3.4297711831080382E+00, -1.2828695646688590E-01,  6.0223849130773992E-02,  1.3332383089326180E-03,  9.3233771454832681E-01,  9.8350113600109890E-01,  1.0000000000000000E+00,  2.6078172517832377E+03,  5.2156345035664754E+02,  0.0000000000000000E+00,  5.2156345035664754E+02,  2.6078172517832377E+03,  0.0000000000000000E+00,  0.0000000000000000E+00,  0.0000000000000000E+00,  1.0431269007132951E+03
   221, -4.3555042755934332E+00,  5.2371597102313983E+00, -2.6948955190636856E+00,  5.2912891927340200E-04,  8.2432729705788699E-01,  1.0336747924219480E+00,  1.0000000000000000E+00,  6.7707187592272730E+03,  1.3541437518454545E+03,  0.0000000000000000E+00,  1.3541437518454545E+03,  6.7707187592272730E+03,  0.0000000000000000E+00,  0.0000000000000000E+00,  0.0000000000000000E+00,  2.7082875036909090E+03
   222,  2.9882655702227776E+00,  4.8476108373040061E-01, -2.8088312467047283E-01,  1.1188619078602770E-03,  9.1878194618231634E-01,  1.0061215924298477E+00,  1.0000000000000000E+00,  3.1302791575565579E+03,  6.2605583151131157E+02,  0.0000000000000000E+00,  6.2605583151131157E+02,  3.1302791575565579E+03,  0.0000000000000000E+00,  0.0000000000000000E+00,  0.0000000000000000E+00,  1.2521116630226231E+03
   223, -2.9308968199185395E+00, -7.2818206736065105E-01,  1.5440581154229267E+00,  5.1677591667549508E-04,  8.5417567732249711E-01,  7.4245010838699443E-01,  1.0000000000000000E+00,  5.6203124365287576E+03,  1.1240624873057516E+03,  0.0000000000000000E+00,  1.1240624873057516E+03,  5.6203124365287576E+03,  0.0000000000000000E+00,  0.0000000000000000E+00,  0.0000000000000000E+00,  2.2481249746115031E+03
   224,  3.6955304628281249E+00, -4.7400696518337371E-01,  2.9821809462698118E-01,  1.1242652991365295E-03,  9.1896113545754610E-01,  9.3592732523252786E-01,  1.0000000000000000E+00,  3.1233729042404111E+03,  6.2467458084808220E+02,  0.0000000000000000E+00,  6.2467458084808220E+02,  3.1233729042404111E+03,  0.0000000000000000E+00,  0.0000000000000000E+00,  0.0000000000000000E+00,  1.2493491616961644E+03
   225, -1.2577431867486728E+01, -5.5697328406021873E-01,  2.1367092768679736E+00,  2.6684590703688607E-04,  6.4756107040645661E-01,  8.6549329225422766E-01,  1.0000000000000000E+00,  1.3583583744751153E+04,  2.7167167489502303E+03,  0.0000000000000000E+00,  2.7167167489502303E+03,  1.3583583744751153E+04,  0.0000000000000000E+00,  0.0000000000000000E+00,  0.0000000000000000E+00,  5.4334334979004607E+03
   226, -1.9718205987393849E+00, -1.7631382716070576E+00,  6.7932327474912813E-01,  9.0046352726088578E-04,  8.9726096176123460E-01,  7.0916477334908767E-01,  1.0000000000000000E+00,  3.9597337654524172E+03,  7.9194675309048341E+02,  0.0000000000000000E+00,  7.9194675309048341E+02,  3.9597337654524172E+03,  0.0000000000000000E+00,  0.0000000000000000E+00,  0.0000000000000000E+00,  1.5838935061809668E+03
   227, -7.7708856928412935E+00, -7.3214018943960530E+00, -1.8297835175746004E+00,  7.0507036861535604E-04,  8.7003280404997141E-01,  1.3351692899372960E+00,  1.0000000000000000E+00,  5.0091523439073526E+03,  1.0018304687814705E+03,  0.0000000000000000E+00,  1.0018304687814705E+03,  5.0091523439073526E+03,  0.0000000000000000E+00,  0.0000000000000000E+00,  0.0000000000000000E+00,  2.0036609375629409E+03
   228, -1.3091396628050966E+00,  4.3228930716685887E-01,  5.7945992859661200E-01,  9.0204615685221794E-04,  9.3959418301494146E-01,  8.0217788767691856E-01,  1.0000000000000000E+00,  2.3281408629657981E+03,  4.6562817259315960E+02,  0.0000000000000000E+00,  4.6562817259315960E+02,  2.3281408629657981E+03,  0.0000000000000000E+00,  0.0000000000000000E+00,  0.0000000000000000E+00,  9.3125634518631921E+02
   229,  3.3612794335031899E+00, -7.2574892607069386E-01, -2.6117333272119478E+00,  7.9783047921221854E-04,  8.8499508296385343E-01,  1.1124083347802134E+00,  1.0000000000000000E+00,  4.4324811774348163E+03,  8.8649623548696320E+02,  0.0000000000000000E+00,  8.8649623548696320E+02,  4.4324811774348163E+03,  0.0000000000000000E+00,  0.0000000000000000E+00,  0.0000000000000000E+00,  1.7729924709739264E+03
   230,  7.0827042872881052E-01,  1.5918196815022241E+00, -1.3640538183281472E+00,  9.2702383547374478E-04,  9.0197162647252838E-01,  1.2364951719597812E+00,  1.0000000000000000E+00,  3.7781768963713025E+03,  7.5563537927426046E+02,  0.0000000000000000E+00,  7.5563537927426046E+02,  3.7781768963713025E+03,  0.0000000000000000E+00,  0.0000000000000000E+00,  0.0000000000000000E+00,  1.5112707585485209E+03
   231,  8.1172272253079311E-02,  3.1805450224883125E+00, -2.3299056744940472E-02,  2.0754090975000960E-03,  9.5780649761504821E-01,  1.0000282516519208E+00,  1.0000000000000000E+00,  1.6262079044200170E+03,  3.2524158088400338E+02,  0.0000000000000000E+00,  3.2524158088400338E+02,  1.6262079044200170E+03,  0.0000000000000000E+00,  0.0000000000000000E+00,  0.0000000000000000E+00,  6.5048316176800677E+02
   232, -7.9329283971272853E+00, -1.9783918457622423E+01,  2.1583754335408032E+00,  1.0921086531581259E-04,  6.0302034061559395E-01,  8.6314272628171140E-01,  1.0000000000000000E+00,  1.5300257705440652E+04,  3.0600515410881303E+03,  0.0000000000000000E+00,  3.0600515410881303E+03,  1.5300257705440652E+04,  0.0000000000000000E+00,  0.0000000000000000E+00,  0.0000000000000000E+00,  6.1201030821762606E+03
   233,  1.0313708163740107E-01, -1.1033864077702489E+00,  1.8490250519764870E+00,  9.0152018531567519E-04,  8.9740640759119561E-01,  7.1598976729181862E-01,  1.0000000000000000E+00,  3.9541280407560030E+03,  7.9082560815120053E+02,  0.0000000000000000E+00,  7.9082560815120053E+02,  3.9541280407560030E+03,  0.0000000000000000E+00,  0.0000000000000000E+00,  0.0000000000000000E+00,  1.5816512163024011E+03
   234,  2.2525018712397578E+00,  1.3329177663287204E+00,  3.3177900869428062E-01,  1.4957309502654545E-03,  9.3943945220654002E-01,  7.9426367391966879E-01,  1.0000000000000000E+00,  2.3341044462062705E+03,  4.6682088924125406E+02,  0.0000000000000000E+00,  4.6682088924125406E+02,  2.3341044462062705E+03,  0.0000000000000000E+00,  0.0000000000000000E+00,  0.0000000000000000E+00,  9.3364177848250813E+02
   235,  2.2087704293628669E+00,  1.3917125623351074E+00,  5.2387884731000856E-01,  1.3367842531542534E-03,  9.3175100979146785E-01,  7.4773324436892175E-01,  1.0000000000000000E+00,  2.6304298309538435E+03,  5.2608596619076866E+02,  0.0000000000000000E+00,  5.2608596619076866E+02,  2.6304298309538435E+03,  0.0000000000000000E+00,  0.0000000000000000E+00,  0.0000000000000000E+00,  1.0521719323815373E+03
   236, -6.8021228233685882E-01, -2.6329711780833476E+00, -1.4813379116707623E-01,  8.8069408150076795E-04,  8.9583967900311534E-01,  1.0028405923133239E+00,  1.0000000000000000E+00,  4.0145123717549300E+03,  8.0290247435098593E+02,  0.0000000000000000E+00,  8.0290247435098593E+02,  4.0145123717549300E+03,  0.0000000000000000E+00,  0.0000000000000000E+00,  0.0000000000000000E+00,  1.6058049487019719E+03
   237, -1.6394217315843285E+00,  4.4383967410571099E+00, -2.9889105744882777E-01,  8.4122475441935837E-04,  8.9077908528404592E-01,  1.0012026694881004E+00,  1.0000000000000000E+00,  4.2095560880107305E+03,  8.4191121760214605E+02,  0.0000000000000000E+00,  8.4191121760214605E+02,  4.2095560880107305E+03,  0.0000000000000000E+00,  0.0000000000000000E+00,  0.0000000000000000E+00,  1.6838224352042921E+03
   238, -7.8142998908122785E-01,  1.0357335021014953E+00, -2.7535726913086955E-01,  5.1736165465823651E-04,  9.3135975034571461E-01,  1.0109224309042217E+00,  1.0000000000000000E+00,  2.6455096220922496E+03,  5.2910192441844993E+02,  0.0000000000000000E+00,  5.2910192441844993E+02,  2.6455096220922496E+03,  0.0000000000000000E+00,  0.0000000000000000E+00,  0.0000000000000000E+00,  1.0582038488368999E+03
   239, -3.9635778391277485E+00,  4.0655350823230672E+00, -2.2578322332579366E+00,  6.0552922729644962E-04,  8.4696391369187318E-01,  1.0337308769848756E+00,  1.0000000000000000E+00,  5.8982658264590555E+03,  1.1796531652918109E+03,  0.0000000000000000E+00,  1.1796531652918109E+03,  5.8982658264590555E+03,  0.0000000000000000E+00,  0.0000000000000000E+00,  0.0000000000000000E+00,  2.3593063305836217E+03
   240,  9.8910162545748082E-01,  2.5444119250330370E+00,  9.2731012165747140E-01,  1.0725129044655041E-03,  9.1429248206403813E-01,  7.5244828532689889E-01,  1.0000000000000000E+00,  3.3033105871151974E+03,  6.6066211742303949E+02,  0.0000000000000000E+00,  6.6066211742303949E+02,  3.3033105871151974E+03,  0.0000000000000000E+00,  0.0000000000000000E+00,  0.0000000000000000E+00,  1.3213242348460790E+03
   241, -2.8364578767432329E+00, -1.7534499871896070E+00,  9.2035324628138782E-01,  3.7231429326319175E-05,  6.6680697044400250E-01,  7.3286426645336755E-01,  1.0000000000000000E+00,  1.2841814680804071E+04,  2.5683629361608141E+03,  0.0000000000000000E+00,  2.5683629361608141E+03,  1.2841814680804071E+04,  0.0000000000000000E+00,  0.0000000000000000E+00,  0.0000000000000000E+00,  5.1367258723216282E+03
   242,  1.2158955847618529E+00,  2.3273692329132736E+00,  1.8104907179901775E-01,  1.6941245281701166E-03,  9.4712165550694905E-01,  8.7378459301839684E-01,  1.0000000000000000E+00,  2.0380195273363393E+03,  4.0760390546726779E+02,  0.0000000000000000E+00,  4.0760390546726779E+02,  2.0380195273363393E+03,  0.0000000000000000E+00,  0.0000000000000000E+00,  0.0000000000000000E+00,  8.1520781093453559E+02
   243, -1.8740093476202034E+01, -2.1329667888254995E+01, -8.3134472706669871E-01,  3.0155785630387832E-04,  6.8893877192790043E-01,  1.0421531894754752E+00,  1.0000000000000000E+00,  1.1988818165278839E+04,  2.3977636330557675E+03,  0.0000000000000000E+00,  2.3977636330557675E+03,  1.1988818165278839E+04,  0.0000000000000000E+00,  0.0000000000000000E+00,  0.0000000000000000E+00,  4.7955272661115350E+03
   244,  8.5947241539188202E-02, -6.8331268702668773E+00,  8.9950048758502199E-01,  3.2565851207960853E-04,  7.1185576585758636E-01,  8.9384126768514394E-01,  1.0000000000000000E+00,  1.1105559024238861E+04,  2.2211118048477720E+03,  0.0000000000000000E+00,  2.2211118048477720E+03,  1.1105559024238861E+04,  0.0000000000000000E+00,  0.0000000000000000E+00,  0.0000000000000000E+00,  4.4422236096955439E+03
   245, -6.4214568923127269E-01,  1.2153856240480794E+00,  1.7081821034892106E+00,  8.7147617680813881E-04,  8.9382438439064660E-01,  7.2960891468652700E-01,  1.0000000000000000E+00,  4.0921851849438294E+03,  8.1843703698876584E+02,  0.0000000000000000E+00,  8.1843703698876584E+02,  4.0921851849438294E+03,  0.0000000000000000E+00,  0.0000000000000000E+00,  0.0000000000000000E+00,  1.6368740739775317E+03
   246,  2.7400299114614679E+00, -4.0559022359303887E+00, -6.8619705005560161E-01,  4.5967750369214000E-04,  7.9713604191773957E-01,  1.0049838580682793E+00,  1.0000000000000000E+00,  7.8187150510871215E+03,  1.5637430102174242E+03,  0.0000000000000000E+00,  1.5637430102174242E+03,  7.8187150510871215E+03,  0.0000000000000000E+00,  0.0000000000000000E+00,  0.0000000000000000E+00,  3.1274860204348483E+03
   247, -6.3609652457540609E+00, -1.7769114940542128E+01,  3.1068502567142247E+00,  3.5820480539194345E-04,  7.3814092773280127E-01,  8.2246118996038264E-01,  1.0000000000000000E+00,  1.0092485076964953E+04,  2.0184970153929903E+03,  0.0000000000000000E+00,  2.0184970153929903E+03,  1.0092485076964953E+04,  0.0000000000000000E+00,  0.0000000000000000E+00,  0.0000000000000000E+00,  4.0369940307859806E+03
   248, -2.3845231895204959E+00,  4.0620316767056712E+00,  3.4380532413582316E+00,  5.0906572090926648E-04,  8.1644669582279039E-01,  7.6039002056212535E-01,  1.0000000000000000E+00,  7.0744502651632874E+03,  1.4148900530326575E+03,  0.0000000000000000E+00,  1.4148900530326575E+03,  7.0744502651632874E+03,  0.0000000000000000E+00,  0.0000000000000000E+00,  0.0000000000000000E+00,  2.8297801060653151E+03
   249, -7.5522266716693010E-01,  3.7039166027846662E+00,  1.6066568982901017E+00,  1.1558208789776529E-03,  9.2080152868135878E-01,  7.9439364095578113E-01,  1.0000000000000000E+00,  3.0524410820726307E+03,  6.1048821641452605E+02,  0.0000000000000000E+00,  6.1048821641452605E+02,  3.0524410820726307E+03,  0.0000000000000000E+00,  0.0000000000000000E+00,  0.0000000000000000E+00,  1.2209764328290521E+03
   250,  1.6306732422087533E+00, -1.1803441226862224E+01, -2.5415444581373108E+00,  4.4867273553062393E-04,  7.9210407033251573E-01,  1.0165814015927472E+00,  1.0000000000000000E+00,  8.0126556226009570E+03,  1.6025311245201913E+03,  0.0000000000000000E+00,  1.6025311245201913E+03,  8.0126556226009570E+03,  0.0000000000000000E+00,  0.0000000000000000E+00,  0.0000000000000000E+00,  3.2050622490403825E+03
   251,  3.0795116814890275E+00, -5.5980234026912011E-02, -2.0781541304121780E+00,  8.3772592943600959E-04,  8.9067664311525419E-01,  1.1172513612503567E+00,  1.0000000000000000E+00,  4.2135043799329123E+03,  8.4270087598658233E+02,  0.0000000000000000E+00,  8.4270087598658233E+02,  4.2135043799329123E+03,  0.0000000000000000E+00,  0.0000000000000000E+00,  0.0000000000000000E+00,  1.6854017519731647E+03
   252,  4.0501630760173510E+00, -1.8147551579032954E+00,  2.7154139252184168E+00,  6.6207850397445307E-04,  8.5954067720038529E-01,  7.7164732726500096E-01,  1.0000000000000000E+00,  5.4135363995684838E+03,  1.0827072799136968E+03,  0.0000000000000000E+00,  1.0827072799136968E+03,  5.4135363995684838E+03,  0.0000000000000000E+00,  0.0000000000000000E+00,  0.0000000000000000E+00,  2.1654145598273935E+03
   253,  2.9052071775717034E+00,  4.8696744326959546E-01,  1.2835506352558554E+00,  9.6603638054719595E-04,  9.0457537403153199E-01,  7.6074856717121209E-01,  1.0000000000000000E+00,  3.6778241258680387E+03,  7.3556482517360769E+02,  0.0000000000000000E+00,  7.3556482517360769E+02,  3.6778241258680387E+03,  0.0000000000000000E+00,  0.0000000000000000E+00,  0.0000000000000000E+00,  1.4711296503472154E+03
   254,  2.0678648639242749E+00,  1.4227850989977711E+00, -1.0419565746087756E+00,  1.0629112645681041E-03,  9.1508108928234133E-01,  1.2423997551956991E+00,  1.0000000000000000E+00,  3.2729163505764282E+03,  6.5458327011528559E+02,  0.0000000000000000E+00,  6.5458327011528559E+02,  3.2729163505764282E+03,  0.0000000000000000E+00,  0.0000000000000000E+00,  0.0000000000000000E+00,  1.3091665402305712E+03
   255, -5.0138149867760591E+00, -4.2249807094622280E+00,  3.1034591456925935E+00,  1.2472952141250726E-04,  7.0419891288072500E-01,  7.0852157775376512E-01,  1.0000000000000000E+00,  1.1400666899388725E+04,  2.2801333798777450E+03,  0.0000000000000000E+00,  2.2801333798777450E+03,  1.1400666899388725E+04,  0.0000000000000000E+00,  0.0000000000000000E+00,  0.0000000000000000E+00,  4.5602667597554901E+03
   256, -1.1026641605814419E+01, -1.9772271674843577E+01,  6.5800854352228766E-01,  1.9061317991617022E-04,  5.0546414998937661E-01,  9.3299096330380826E-01,  1.0000000000000000E+00,  1.9060235885826110E+04,  3.8120471771652224E+03,  0.0000000000000000E+00,  3.8120471771652224E+03,  1.9060235885826110E+04,  0.0000000000000000E+00,  0.0000000000000000E+00,  0.0000000000000000E+00,  7.6240943543304447E+03
   257, -6.4677317300417245E+00, -3.7005468936462176E+00,  2.5046616061447522E+00,  7.2534913014883542E-04,  8.7190575565840778E-01,  7.3023350389535313E-01,  1.0000000000000000E+00,  4.9369656673322006E+03,  9.8739313346644008E+02,  0.0000000000000000E+00,  9.8739313346644008E+02,  4.9369656673322006E+03,  0.0000000000000000E+00,  0.0000000000000000E+00,  0.0000000000000000E+00,  1.9747862669328802E+03
   258,  8.2780686588745922E-01,  2.6278430578310012E+00, -5.1087105650229314E-01,  1.5695489610650030E-03,  9.4320921680444691E-01,  1.0342679747296422E+00,  1.0000000000000000E+00,  2.1888114356619421E+03,  4.3776228713238839E+02,  0.0000000000000000E+00,  4.3776228713238839E+02,  2.1888114356619421E+03,  0.0000000000000000E+00,  0.0000000000000000E+00,  0.0000000000000000E+00,  8.7552457426477679E+02
   259,  2.3133771125697176E+00, -1.5366782111354296E+00, -9.0204032459098549E-01,  6.2255319195498498E-04,  9.3177942551900617E-01,  1.0244922652309350E+00,  1.0000000000000000E+00,  2.6293346414549710E+03,  5.2586692829099422E+02,  0.0000000000000000E+00,  5.2586692829099422E+02,  2.6293346414549710E+03,  0.0000000000000000E+00,  0.0000000000000000E+00,  0.0000000000000000E+00,  1.0517338565819884E+03
   260, -2.6299773958941013E+00, -1.0579271083215080E+01,  7.8923558682282424E-01,  6.2006093113815722E-04,  8.5027336601360026E-01,  9.1486870641035400E-01,  1.0000000000000000E+00,  5.7707140182258236E+03,  1.1541428036451648E+03,  0.0000000000000000E+00,  1.1541428036451648E+03,  5.7707140182258236E+03,  0.0000000000000000E+00,  0.0000000000000000E+00,  0.0000000000000000E+00,  2.3082856072903296E+03
   261, -1.1206316110247685E+00, -1.8814089553017572E+00, -3.5583620805512861E-01,  7.2911569426082560E-04,  8.7366448535396757E-01,  1.0751189780310964E+00,  1.0000000000000000E+00,  4.8691812936491669E+03,  9.7383625872983339E+02,  0.0000000000000000E+00,  9.7383625872983339E+02,  4.8691812936491669E+03,  0.0000000000000000E+00,  0.0000000000000000E+00,  0.0000000000000000E+00,  1.9476725174596668E+03
   262,  1.3790914458295929E+00,  1.8978198593071760E+00, -2.0323808100769405E+00,  6.5979198885363012E-04,  8.6077752453752687E-01,  1.3323925187779895E+00,  1.0000000000000000E+00,  5.3658662417828191E+03,  1.0731732483565638E+03,  0.0000000000000000E+00,  1.0731732483565638E+03,  5.3658662417828191E+03,  0.0000000000000000E+00,  0.0000000000000000E+00,  0.0000000000000000E+00,  2.1463464967131276E+03
   263, -1.8566937616850989E+00, -5.0467762994656269E+00, -2.0249976107571048E+00,  2.2151235545643722E-04,  7.2864598406660375E-01,  1.1115318738793594E+00,  1.0000000000000000E+00,  1.0458436030766316E+04,  2.0916872061532631E+03,  0.0000000000000000E+00,  2.0916872061532631E+03,  1.0458436030766316E+04,  0.0000000000000000E+00,  0.0000000000000000E+00,  0.0000000000000000E+00,  4.1833744123065262E+03
   264, -1.8174477458681384E+00,  4.1716067079886736E+00,  2.2957297235971432E+00,  9.2944777702635094E-04,  9.0080098919418883E-01,  7.8849762151580938E-01,  1.0000000000000000E+00,  3.8232952081406393E+03,  7.6465904162812785E+02,  0.0000000000000000E+00,  7.6465904162812785E+02,  3.8232952081406393E+03,  0.0000000000000000E+00,  0.0000000000000000E+00,  0.0000000000000000E+00,  1.5293180832562557E+03
   265,  3.5564249834830055E+00, -4.6173868299338494E-01, -1.4506395237924998E+00,  8.1787890534001993E-04,  8.8771694269539014E-01,  1.0509592504095286E+00,  1.0000000000000000E+00,  4.3275761669485055E+03,  8.6551523338970105E+02,  0.0000000000000000E+00,  8.6551523338970105E+02,  4.3275761669485055E+03,  0.0000000000000000E+00,  0.0000000000000000E+00,  0.0000000000000000E+00,  1.7310304667794021E+03
   266, -1.4215675111785464E+01,  3.2415470632355081E+00, -5.3877910884548119E-01,  1.6851734950374661E-04,  6.5408309474076842E-01,  1.0004752387812699E+00,  1.0000000000000000E+00,  1.3332214056866218E+04,  2.6664428113732438E+03,  0.0000000000000000E+00,  2.6664428113732438E+03,  1.3332214056866218E+04,  0.0000000000000000E+00,  0.0000000000000000E+00,  0.0000000000000000E+00,  5.3328856227464876E+03
   267, -5.5214731380107374E+00, -1.0373690449878318E+01,  7.8971635171661603E-01,  3.5320430863708722E-04,  7.3452881201306863E-01,  8.7386335450205610E-01,  1.0000000000000000E+00,  1.0231702036996314E+04,  2.0463404073992629E+03,  0.0000000000000000E+00,  2.0463404073992629E+03,  1.0231702036996314E+04,  0.0000000000000000E+00,  0.0000000000000000E+00,  0.0000000000000000E+00,  4.0926808147985257E+03
   268,  2.7399464833108409E+00,  6.9570858919944878E-01, -3.0717322360679300E-01,  1.6975472788406769E-03,  9.4768456564923620E-01,  1.0107489713345656E+00,  1.0000000000000000E+00,  2.0163240322690217E+03,  4.0326480645380434E+02,  0.0000000000000000E+00,  4.0326480645380434E+02,  2.0163240322690217E+03,  0.0000000000000000E+00,  0.0000000000000000E+00,  0.0000000000000000E+00,  8.0652961290760868E+02
   269, -4.7932821798706149E+00, -3.6995681236142275E+00,  2.1729185209189459E+00,  6.0889340625470305E-04,  8.4684613772129491E-01,  7.1251383264158419E-01,  1.0000000000000000E+00,  5.9028051086584264E+03,  1.1805610217316851E+03,  0.0000000000000000E+00,  1.1805610217316851E+03,  5.9028051086584264E+03,  0.0000000000000000E+00,  0.0000000000000000E+00,  0.0000000000000000E+00,  2.3611220434633701E+03
   270, -1.4312091350613856E+00,  3.0706798508702375E+00, -1.7950512992322210E+00,  5.0596726494173583E-04,  8.1619018351439199E-01,  1.0594521151067970E+00,  1.0000000000000000E+00,  7.0843366770494767E+03,  1.4168673354098953E+03,  0.0000000000000000E+00,  1.4168673354098953E+03,  7.0843366770494767E+03,  0.0000000000000000E+00,  0.0000000000000000E+00,  0.0000000000000000E+00,  2.8337346708197906E+03
   271, -2.9274066627127873E+00, -1.3642587693306745E+00, -1.0255102891307779E+00,  9.6536250088032722E-04,  9.0565232280975705E-01,  1.1158888598406440E+00,  1.0000000000000000E+00,  3.6363167250406141E+03,  7.2726334500812277E+02,  0.0000000000000000E+00,  7.2726334500812277E+02,  3.6363167250406141E+03,  0.0000000000000000E+00,  0.0000000000000000E+00,  0.0000000000000000E+00,  1.4545266900162455E+03
   272,  6.2850159921076654E-01,  2.8965914612076364E+00,  3.2290882962284456E-01,  1.0418855587414177E-03,  9.1212854190655290E-01,  8.8601267857049637E-01,  1.0000000000000000E+00,  3.3867124473516074E+03,  6.7734248947032142E+02,  0.0000000000000000E+00,  6.7734248947032142E+02,  3.3867124473516074E+03,  0.0000000000000000E+00,  0.0000000000000000E+00,  0.0000000000000000E+00,  1.3546849789406428E+03
   273, -1.3526997569860502E-01,  3.3527610195268962E+00, -1.0898479242008390E+00,  1.1639227047206043E-03,  9.2217517615810407E-01,  1.0403035008471837E+00,  1.0000000000000000E+00,  2.9994984189064062E+03,  5.9989968378128117E+02,  0.0000000000000000E+00,  5.9989968378128117E+02,  2.9994984189064062E+03,  0.0000000000000000E+00,  0.0000000000000000E+00,  0.0000000000000000E+00,  1.1997993675625623E+03
   274,  2.3386803610016700E+00,  1.0963891593795805E+00, -7.1067827101415970E-01,  1.7269688086305373E-03,  9.4892109629623345E-01,  1.0982760325828114E+00,  1.0000000000000000E+00,  1.9686660802493361E+03,  3.9373321604986722E+02,  0.0000000000000000E+00,  3.9373321604986722E+02,  1.9686660802493361E+03,  0.0000000000000000E+00,  0.0000000000000000E+00,  0.0000000000000000E+00,  7.8746643209973445E+02
   275,  9.7691724505167132E-01,  2.4884732639396541E+00,  1.3603409545314691E+00,  9.1627853289785841E-04,  8.9914716867139977E-01,  7.3046267185869151E-01,  1.0000000000000000E+00,  3.8870362074564678E+03,  7.7740724149129358E+02,  0.0000000000000000E+00,  7.7740724149129358E+02,  3.8870362074564678E+03,  0.0000000000000000E+00,  0.0000000000000000E+00,  0.0000000000000000E+00,  1.5548144829825872E+03
   276, -1.5111882988559861E+01, -5.2763289870316719E+00,  5.7428496080101636E+00,  3.9945587392964057E-04,  7.6530138508340451E-01,  7.5387229614515550E-01,  1.0000000000000000E+00,  9.0456757832437852E+03,  1.8091351566487572E+03,  0.0000000000000000E+00,  1.8091351566487572E+03,  9.0456757832437852E+03,  0.0000000000000000E+00,  0.0000000000000000E+00,  0.0000000000000000E+00,  3.6182703132975143E+03
   277,  6.1308141424359661E+00, -6.0182621358117840E+00, -1.2056777472135156E+00,  5.1299482769905634E-04,  8.1859899771426892E-01,  1.0048180386016419E+00,  1.0000000000000000E+00,  6.9914969630958867E+03,  1.3982993926191773E+03,  0.0000000000000000E+00,  1.3982993926191773E+03,  6.9914969630958867E+03,  0.0000000000000000E+00,  0.0000000000000000E+00,  0.0000000000000000E+00,  2.7965987852383546E+03
   278, -7.6779198050655040E-01, -3.0370640878597439E+00,  7.5415797659772554E-01,  9.9919475304040273E-04,  9.0796765312695549E-01,  8.0230156372721573E-01,  1.0000000000000000E+00,  3.5470800357319245E+03,  7.0941600714638480E+02,  0.0000000000000000E+00,  7.0941600714638480E+02,  3.5470800357319245E+03,  0.0000000000000000E+00,  0.0000000000000000E+00,  0.0000000000000000E+00,  1.4188320142927696E+03
   279,  1.3781691056952421E+00, -1.2755219268370206E+00, -5.7004529992000741E-01,  6.0212092735538935E-04,  8.4603751867999599E-01,  1.0209413215067435E+00,  1.0000000000000000E+00,  5.9339706342084883E+03,  1.1867941268416976E+03,  0.0000000000000000E+00,  1.1867941268416976E+03,  5.9339706342084883E+03,  0.0000000000000000E+00,  0.0000000000000000E+00,  0.0000000000000000E+00,  2.3735882536833951E+03
   280, -2.8993999006125799E+00, -4.0925252184852134E-01,  2.9672985552975666E+00,  9.9926526641298395E-04,  9.0771095590713369E-01,  7.2129080970439741E-01,  1.0000000000000000E+00,  3.5569735744125564E+03,  7.1139471488251127E+02,  0.0000000000000000E+00,  7.1139471488251127E+02,  3.5569735744125564E+03,  0.0000000000000000E+00,  0.0000000000000000E+00,  0.0000000000000000E+00,  1.4227894297650225E+03
   281,  1.7829402454592844E+00, -4.0775191626245180E+00,  3.6496462119579109E+00,  1.4250415298543541E-04,  6.6717896625117012E-01,  7.4957970971705756E-01,  1.0000000000000000E+00,  1.2827477342402819E+04,  2.5654954684805639E+03,  0.0000000000000000E+00,  2.5654954684805639E+03,  1.2827477342402819E+04,  0.0000000000000000E+00,  0.0000000000000000E+00,  0.0000000000000000E+00,  5.1309909369611278E+03
   282, -8.3960495017696180E-01,  3.8984927893788344E+00, -6.1059253289859805E-01,  1.1532305941900963E-03,  9.2131463108370337E-01,  1.0080066646284984E+00,  1.0000000000000000E+00,  3.0326652603155994E+03,  6.0653305206311984E+02,  0.0000000000000000E+00,  6.0653305206311984E+02,  3.0326652603155994E+03,  0.0000000000000000E+00,  0.0000000000000000E+00,  0.0000000000000000E+00,  1.2130661041262397E+03
   283,  1.7544019020655597E+00,  1.8526726884185332E+00, -1.7642065568289203E-01,  1.0104059919632900E-03,  9.1048366587457130E-01,  1.2557518294628018E+00,  1.0000000000000000E+00,  3.4501087110842313E+03,  6.9002174221684629E+02,  0.0000000000000000E+00,  6.9002174221684629E+02,  3.4501087110842313E+03,  0.0000000000000000E+00,  0.0000000000000000E+00,  0.0000000000000000E+00,  1.3800434844336926E+03
   284,  1.6747714766009325E+00,  1.5964102392943063E+00, -4.5060098342238564E-01,  2.6852038218129000E-03,  9.6928280701604475E-01,  1.3566728663675516E+00,  1.0000000000000000E+00,  1.1838918129232757E+03,  2.3677836258465510E+02,  0.0000000000000000E+00,  2.3677836258465510E+02,  1.1838918129232757E+03,  0.0000000000000000E+00,  0.0000000000000000E+00,  0.0000000000000000E+00,  4.7355672516931020E+02
   285, -4.1812438766592166E+00, -5.8644074282664782E-01,  1.0278484820201224E+00,  9.2747175568919560E-04,  9.0067714568796275E-01,  8.1747369244008961E-01,  1.0000000000000000E+00,  3.8280683432764358E+03,  7.6561366865528714E+02,  0.0000000000000000E+00,  7.6561366865528714E+02,  3.8280683432764358E+03,  0.0000000000000000E+00,  0.0000000000000000E+00,  0.0000000000000000E+00,  1.5312273373105743E+03
   286, -4.5674536975820379E+00,  5.3031611955328293E+00, -2.8196885346057248E+00,  3.5077747025148595E-04,  7.3309947099973227E-01,  1.0346513020902899E+00,  1.0000000000000000E+00,  1.0286791221885320E+04,  2.0573582443770638E+03,  0.0000000000000000E+00,  2.0573582443770638E+03,  1.0286791221885320E+04,  0.0000000000000000E+00,  0.0000000000000000E+00,  0.0000000000000000E+00,  4.1147164887541276E+03
   287,  3.1586706253110624E+00, -9.6708546701583291E+00,  2.5420454098942353E+00,  6.2334667112252560E-04,  8.5089554551710278E-01,  8.5485454332161359E-01,  1.0000000000000000E+00,  5.7467341831949980E+03,  1.1493468366389995E+03,  0.0000000000000000E+00,  1.1493468366389995E+03,  5.7467341831949980E+03,  0.0000000000000000E+00,  0.0000000000000000E+00,  0.0000000000000000E+00,  2.2986936732779991E+03
   288,  2.0497645613842006E+00,  1.4584965208305094E+00,  7.3566676530484465E-01,  2.1118867152923057E-03,  9.5767224956899066E-01,  7.2021126217764697E-01,  1.0000000000000000E+00,  1.6313820478618184E+03,  3.2627640957236366E+02,  0.0000000000000000E+00,  3.2627640957236366E+02,  1.6313820478618184E+03,  0.0000000000000000E+00,  0.0000000000000000E+00,  0.0000000000000000E+00,  6.5255281914472732E+02
   289,  1.0506896558126333E+00,  2.3651753927889629E+00, -1.2145164311052553E-01,  2.3290132479689167E-03,  9.6278409611894367E-01,  1.0041882706303875E+00,  1.0000000000000000E+00,  1.4343629620823797E+03,  2.8687259241647592E+02,  0.0000000000000000E+00,  2.8687259241647592E+02,  1.4343629620823797E+03,  0.0000000000000000E+00,  0.0000000000000000E+00,  0.0000000000000000E+00,  5.7374518483295185E+02
   290, -7.9291395830202649E-01,  2.4384265672489507E-02,  1.6938312412081175E-01,  7.2047652854522566E-04,  8.7139924658343126E-01,  8.5036179586543703E-01,  1.0000000000000000E+00,  4.9564873712635872E+03,  9.9129747425271739E+02,  0.0000000000000000E+00,  9.9129747425271739E+02,  4.9564873712635872E+03,  0.0000000000000000E+00,  0.0000000000000000E+00,  0.0000000000000000E+00,  1.9825949485054348E+03
   291, -1.2637377353560897E+00,  1.4286469695751201E+00,  7.3519776208057475E-01,  9.3468061814055807E-04,  9.2468494146117031E-01,  8.2218666862963519E-01,  1.0000000000000000E+00,  2.9027678811840615E+03,  5.8055357623681232E+02,  0.0000000000000000E+00,  5.8055357623681232E+02,  2.9027678811840615E+03,  0.0000000000000000E+00,  0.0000000000000000E+00,  0.0000000000000000E+00,  1.1611071524736246E+03
   292, -5.5220998646459973E+00,  6.0782878964841016E+00,  2.6046578697840583E-01,  5.3738122627516058E-04,  8.2691691828282277E-01,  9.7829695645196368E-01,  1.0000000000000000E+00,  6.6709104411828730E+03,  1.3341820882365746E+03,  0.0000000000000000E+00,  1.3341820882365746E+03,  6.6709104411828730E+03,  0.0000000000000000E+00,  0.0000000000000000E+00,  0.0000000000000000E+00,  2.6683641764731492E+03
   293,  2.1078255459121253E+00,  1.3127854643547929E+00,  1.4823418374399764E+00,  1.4081288092807705E-03,  9.3522898417753852E-01,  7.1321806584724357E-01,  1.0000000000000000E+00,  2.4963829014907028E+03,  4.9927658029814057E+02,  0.0000000000000000E+00,  4.9927658029814057E+02,  2.4963829014907028E+03,  0.0000000000000000E+00,  0.0000000000000000E+00,  0.0000000000000000E+00,  9.9855316059628115E+02
   294, -3.3851850765935318E+00,  1.5675501217700947E+00, -1.0871603265358185E+00,  8.1811153455963099E-04,  8.8765738921405479E-01,  1.0217795347925174E+00,  1.0000000000000000E+00,  4.3298714573749721E+03,  8.6597429147499440E+02,  0.0000000000000000E+00,  8.6597429147499440E+02,  4.3298714573749721E+03,  0.0000000000000000E+00,  0.0000000000000000E+00,  0.0000000000000000E+00,  1.7319485829499888E+03
   295,  5.1592761111860974E-01,  2.9246049106238421E+00,  4.7098038606757342E-01,  1.5372812029747062E-03,  9.4135664547712172E-01,  8.5616882410596595E-01,  1.0000000000000000E+00,  2.2602126222359338E+03,  4.5204252444718674E+02,  0.0000000000000000E+00,  4.5204252444718674E+02,  2.2602126222359338E+03,  0.0000000000000000E+00,  0.0000000000000000E+00,  0.0000000000000000E+00,  9.0408504889437347E+02
   296, -1.9058860896026455E+00,  5.1730535482096635E-02, -9.0159573765091539E-02,  8.3166633422846197E-04,  8.8948213237834994E-01,  1.0010555351700090E+00,  1.0000000000000000E+00,  4.2595428145844298E+03,  8.5190856291688590E+02,  0.0000000000000000E+00,  8.5190856291688590E+02,  4.2595428145844298E+03,  0.0000000000000000E+00,  0.0000000000000000E+00,  0.0000000000000000E+00,  1.7038171258337718E+03
   297, -5.4088619685118262E+00, -1.4893655367320739E+00,  6.0713247770312495E-01,  6.2930129981543406E-04,  8.5240831538107686E-01,  8.7843568381830739E-01,  1.0000000000000000E+00,  5.6884295113543303E+03,  1.1376859022708659E+03,  0.0000000000000000E+00,  1.1376859022708659E+03,  5.6884295113543303E+03,  0.0000000000000000E+00,  0.0000000000000000E+00,  0.0000000000000000E+00,  2.2753718045417318E+03
   298, -1.5794823620366045E+00,  3.4039143292087068E+00, -3.7824836664760761E+00,  4.1927741311800228E-04,  7.7760601364293014E-01,  1.1358822982939061E+00,  1.0000000000000000E+00,  8.5714348908454012E+03,  1.7142869781690804E+03,  0.0000000000000000E+00,  1.7142869781690804E+03,  8.5714348908454012E+03,  0.0000000000000000E+00,  0.0000000000000000E+00,  0.0000000000000000E+00,  3.4285739563381608E+03
   299, -4.2349197612030229E+00,  3.1857452320603659E+00,  2.3720909647052504E+00,  3.5735171618511577E-04,  7.3746481825987664E-01,  8.0617708351176420E-01,  1.0000000000000000E+00,  1.0118543462900589E+04,  2.0237086925801177E+03,  0.0000000000000000E+00,  2.0237086925801177E+03,  1.0118543462900589E+04,  0.0000000000000000E+00,  0.0000000000000000E+00,  0.0000000000000000E+00,  4.0474173851602354E+03
   300, -2.2667625385009931E+00, -2.7592044339010520E+00, -7.4910563221543891E-01,  8.0207383360769149E-04,  8.8600990596957874E-01,  1.2345434410257001E+00,  1.0000000000000000E+00,  4.3933682074224871E+03,  8.7867364148449735E+02,  0.0000000000000000E+00,  8.7867364148449735E+02,  4.3933682074224871E+03,  0.0000000000000000E+00,  0.0000000000000000E+00,  0.0000000000000000E+00,  1.7573472829689947E+03
   301,  8.6721360685944504E-01,  2.6133313047362954E+00,  1.2152623123567521E+00,  9.1763654314583115E-04,  8.9934034990117784E-01,  7.4285400187693462E-01,  1.0000000000000000E+00,  3.8795906808921045E+03,  7.7591813617842092E+02,  0.0000000000000000E+00,  7.7591813617842092E+02,  3.8795906808921045E+03,  0.0000000000000000E+00,  0.0000000000000000E+00,  0.0000000000000000E+00,  1.5518362723568418E+03
   302,  2.1556355396788773E+00, -8.7035411992100886E-01,  2.2717196222073825E+00,  7.0151389015148330E-04,  8.6749044714102663E-01,  7.3875690773210145E-01,  1.0000000000000000E+00,  5.1071390164395989E+03,  1.0214278032879198E+03,  0.0000000000000000E+00,  1.0214278032879198E+03,  5.1071390164395989E+03,  0.0000000000000000E+00,  0.0000000000000000E+00,  0.0000000000000000E+00,  2.0428556065758396E+03
   303, -1.6915093753389279E+00, -4.4087924427973899E+00, -8.7951769726293172E-01,  6.2366024606903803E-04,  8.5154902024173640E-01,  1.0427255591358766E+00,  1.0000000000000000E+00,  5.7215481781830767E+03,  1.1443096356366154E+03,  0.0000000000000000E+00,  1.1443096356366154E+03,  5.7215481781830767E+03,  0.0000000000000000E+00,  0.0000000000000000E+00,  0.0000000000000000E+00,  2.2886192712732309E+03
   304,  5.8964413652605741E-01,  2.8166469561733183E+00,  1.0723539358629885E+00,  1.4097622126797854E-03,  9.3548977567702296E-01,  7.6839621500349176E-01,  1.0000000000000000E+00,  2.4863315624480738E+03,  4.9726631248961473E+02,  0.0000000000000000E+00,  4.9726631248961473E+02,  2.4863315624480738E+03,  0.0000000000000000E+00,  0.0000000000000000E+00,  0.0000000000000000E+00,  9.9453262497922947E+02
   305,  3.4238357048681506E-01,  2.0883500097996336E-02,  4.6896573208686942E-01,  8.9716115178187466E-04,  9.3960703886836083E-01,  7.1685608331365003E-01,  1.0000000000000000E+00,  2.3276453769485934E+03,  4.6552907538971863E+02,  0.0000000000000000E+00,  4.6552907538971863E+02,  2.3276453769485934E+03,  0.0000000000000000E+00,  0.0000000000000000E+00,  0.0000000000000000E+00,  9.3105815077943726E+02
   306,  1.2559874188320512E+00,  2.2713112512684126E+00,  1.2601730903065140E-02,  1.6823527330513256E-03,  9.4710535686984143E-01,  9.8781853667491415E-01,  1.0000000000000000E+00,  2.0386477039748618E+03,  4.0772954079497237E+02,  0.0000000000000000E+00,  4.0772954079497237E+02,  2.0386477039748618E+03,  0.0000000000000000E+00,  0.0000000000000000E+00,  0.0000000000000000E+00,  8.1545908158994473E+02
   307,  1.5160194026592684E+00,  1.6523122404714000E-01, -1.8452500718404967E+00,  9.2298846993275451E-04,  9.0147131922159751E-01,  1.2200033863329693E+00,  1.0000000000000000E+00,  3.7974595716675963E+03,  7.5949191433351928E+02,  0.0000000000000000E+00,  7.5949191433351928E+02,  3.7974595716675963E+03,  0.0000000000000000E+00,  0.0000000000000000E+00,  0.0000000000000000E+00,  1.5189838286670386E+03
   308, -4.3390243082977893E+00, -2.6938065072373940E-01,  2.1174226380706234E+00,  4.7384338280338670E-04,  8.0260226133860424E-01,  7.6226450824864334E-01,  1.0000000000000000E+00,  7.6080378442412957E+03,  1.5216075688482590E+03,  0.0000000000000000E+00,  1.5216075688482590E+03,  7.6080378442412957E+03,  0.0000000000000000E+00,  0.0000000000000000E+00,  0.0000000000000000E+00,  3.0432151376965180E+03
   309, -3.5702005635926324E+00, -8.9382087156781811E+00,  2.2113106261668678E+00,  4.3394643966742632E-04,  7.8425406204198322E-01,  7.8185371702238204E-01,  1.0000000000000000E+00,  8.3152080254652301E+03,  1.6630416050930462E+03,  0.0000000000000000E+00,  1.6630416050930462E+03,  8.3152080254652301E+03,  0.0000000000000000E+00,  0.0000000000000000E+00,  0.0000000000000000E+00,  3.3260832101860924E+03
   310,  4.3029313088400336E+00, -1.4463349937895259E+01, -6.7969971710108795E-02,  2.8996432999304513E-04,  6.7624536291528148E-01,  1.0000065589590998E+00,  1.0000000000000000E+00,  1.2478043304306861E+04,  2.4956086608613723E+03,  0.0000000000000000E+00,  2.4956086608613723E+03,  1.2478043304306861E+04,  0.0000000000000000E+00,  0.0000000000000000E+00,  0.0000000000000000E+00,  4.9912173217227446E+03
   311,  2.3293863339907896E+00,  1.2726944638254953E+00,  2.2506969153241175E-02,  1.1390289883932772E-03,  9.2019603364745750E-01,  9.7937587726252062E-01,  1.0000000000000000E+00,  3.0757778698375760E+03,  6.1515557396751512E+02,  0.0000000000000000E+00,  6.1515557396751512E+02,  3.0757778698375760E+03,  0.0000000000000000E+00,  0.0000000000000000E+00,  0.0000000000000000E+00,  1.2303111479350302E+03
   312,  8.5654831298267331E-01,  2.2150270100389086E-01, -6.6327387511417968E-01,  9.9199676239780633E-04,  9.0850362379554284E-01,  1.1818841264890749E+00,  1.0000000000000000E+00,  3.5264228328801205E+03,  7.0528456657602408E+02,  0.0000000000000000E+00,  7.0528456657602408E+02,  3.5264228328801205E+03,  0.0000000000000000E+00,  0.0000000000000000E+00,  0.0000000000000000E+00,  1.4105691331520482E+03
   313,  1.8369892962138117E+00,  1.7142336291463698E+00,  2.7011382105727627E-01,  2.2329274658077188E-03,  9.6007353897477610E-01,  7.1154249500688249E-01,  1.0000000000000000E+00,  1.5388323520138381E+03,  3.0776647040276760E+02,  0.0000000000000000E+00,  3.0776647040276760E+02,  1.5388323520138381E+03,  0.0000000000000000E+00,  0.0000000000000000E+00,  0.0000000000000000E+00,  6.1553294080553519E+02
   314,  7.3431645195734263E-01,  2.6551886930422821E+00, -5.9296927073135863E-01,  1.8776694251441278E-03,  9.5313129656267803E-01,  1.0394994807237785E+00,  1.0000000000000000E+00,  1.8063979449801177E+03,  3.6127958899602351E+02,  0.0000000000000000E+00,  3.6127958899602351E+02,  1.8063979449801177E+03,  0.0000000000000000E+00,  0.0000000000000000E+00,  0.0000000000000000E+00,  7.2255917799204701E+02
   315,  2.0671932419002257E+00,  5.3601422336179753E-02, -3.4319857925571085E-01,  6.2267249782742230E-04,  9.0790820560453034E-01,  1.0136447674600904E+00,  1.0000000000000000E+00,  3.5493712423253937E+03,  7.0987424846507872E+02,  0.0000000000000000E+00,  7.0987424846507872E+02,  3.5493712423253937E+03,  0.0000000000000000E+00,  0.0000000000000000E+00,  0.0000000000000000E+00,  1.4197484969301574E+03
   316,  2.6494973308675012E+00,  7.4562764271710080E-01,  2.5512273880437830E-01,  2.3644456495628061E-03,  9.6302458275312974E-01,  8.9127097440524883E-01,  1.0000000000000000E+00,  1.4250942063897912E+03,  2.8501884127795824E+02,  0.0000000000000000E+00,  2.8501884127795824E+02,  1.4250942063897912E+03,  0.0000000000000000E+00,  0.0000000000000000E+00,  0.0000000000000000E+00,  5.7003768255591649E+02
   317, -2.7796965788874672E+00, -1.9809567742550185E+00, -7.0955878362611602E-01,  8.9549790987306012E-04,  8.9811756676444843E-01,  1.1583792088529514E+00,  1.0000000000000000E+00,  3.9267187809535508E+03,  7.8534375619071011E+02,  0.0000000000000000E+00,  7.8534375619071011E+02,  3.9267187809535508E+03,  0.0000000000000000E+00,  0.0000000000000000E+00,  0.0000000000000000E+00,  1.5706875123814202E+03
   318,  2.4204963204094843E+00,  1.0207097668258851E+00,  1.3542615165192300E+00,  1.2208241625217304E-03,  9.2494962817511850E-01,  7.2770593401972605E-01,  1.0000000000000000E+00,  2.8925664140839749E+03,  5.7851328281679491E+02,  0.0000000000000000E+00,  5.7851328281679491E+02,  2.8925664140839749E+03,  0.0000000000000000E+00,  0.0000000000000000E+00,  0.0000000000000000E+00,  1.1570265656335898E+03
   319, -5.2000001121641914E-01,  1.9362772994545654E+00,  1.9186180471275283E+00,  4.3060266839914087E-04,  7.8242807490312127E-01,  7.3676406699250319E-01,  1.0000000000000000E+00,  8.3855846131088692E+03,  1.6771169226217737E+03,  0.0000000000000000E+00,  1.6771169226217737E+03,  8.3855846131088692E+03,  0.0000000000000000E+00,  0.0000000000000000E+00,  0.0000000000000000E+00,  3.3542338452435474E+03
   320,  1.5434233820655889E+00,  1.8968473422556476E+00, -8.2114953678742097E-01,  1.5594440473574243E-03,  9.4363376542048349E-01,  1.2854445927974250E+00,  1.0000000000000000E+00,  2.1724486244188656E+03,  4.3448972488377308E+02,  0.0000000000000000E+00,  4.3448972488377308E+02,  2.1724486244188656E+03,  0.0000000000000000E+00,  0.0000000000000000E+00,  0.0000000000000000E+00,  8.6897944976754616E+02
   321,  4.3197835143112053E+00, -2.6248279604113236E+00, -7.1628782875266928E-01,  8.4372289973573393E-04,  8.9112579631620947E-01,  1.0051954853429903E+00,  1.0000000000000000E+00,  4.1961932669794269E+03,  8.3923865339588542E+02,  0.0000000000000000E+00,  8.3923865339588542E+02,  4.1961932669794269E+03,  0.0000000000000000E+00,  0.0000000000000000E+00,  0.0000000000000000E+00,  1.6784773067917708E+03
   322, -1.7998530667086841E+00, -2.2329298417032253E+00, -1.6503153920394067E-01,  4.8906659221044683E-04,  9.0243020684536035E-01,  1.0554586913334343E+00,  1.0000000000000000E+00,  3.7605024445017370E+03,  7.5210048890034739E+02,  0.0000000000000000E+00,  7.5210048890034739E+02,  3.7605024445017370E+03,  0.0000000000000000E+00,  0.0000000000000000E+00,  0.0000000000000000E+00,  1.5042009778006948E+03
   323, -3.3306686913449668E+00,  4.5683019089081389E+00, -4.7705865893685862E-01,  8.2806946903793443E-04,  8.8898890082392068E-01,  1.0018089597612541E+00,  1.0000000000000000E+00,  4.2785527807447243E+03,  8.5571055614894487E+02,  0.0000000000000000E+00,  8.5571055614894487E+02,  4.2785527807447243E+03,  0.0000000000000000E+00,  0.0000000000000000E+00,  0.0000000000000000E+00,  1.7114211122978897E+03
   324, -2.9849947477551932E+00, -2.3809097744598560E+01, -5.4135290878373192E+00,  1.8576391262736130E-04,  6.7293610472389431E-01,  1.0294402395974791E+00,  1.0000000000000000E+00,  1.2605587630433241E+04,  2.5211175260866480E+03,  0.0000000000000000E+00,  2.5211175260866480E+03,  1.2605587630433241E+04,  0.0000000000000000E+00,  0.0000000000000000E+00,  0.0000000000000000E+00,  5.0422350521732960E+03
   325, -1.0171334071205200E+01, -8.6387926027071096E+00, -8.3308013460354113E-01,  1.1319838918627734E-04,  6.9657180248900263E-01,  1.0920719325662769E+00,  1.0000000000000000E+00,  1.1694628445736358E+04,  2.3389256891472714E+03,  0.0000000000000000E+00,  2.3389256891472714E+03,  1.1694628445736358E+04,  0.0000000000000000E+00,  0.0000000000000000E+00,  0.0000000000000000E+00,  4.6778513782945429E+03
   326, -5.0262427045740834E+00, -2.5170334592121719E+00, -6.0320170954015939E+00,  3.6426955517003290E-04,  8.2260636253915420E-01,  1.2890446727470959E+00,  1.0000000000000000E+00,  6.8370464438034323E+03,  1.3674092887606864E+03,  0.0000000000000000E+00,  1.3674092887606864E+03,  6.8370464438034323E+03,  0.0000000000000000E+00,  0.0000000000000000E+00,  0.0000000000000000E+00,  2.7348185775213728E+03
   327, -1.6176990578206699E+01, -4.5445633935156221E-01,  5.3513727003575061E-02,  2.2460678278892043E-04,  5.8096426181742689E-01,  9.9661372473399590E-01,  1.0000000000000000E+00,  1.6150335742453341E+04,  3.2300671484906679E+03,  0.0000000000000000E+00,  3.2300671484906679E+03,  1.6150335742453341E+04,  0.0000000000000000E+00,  0.0000000000000000E+00,  0.0000000000000000E+00,  6.4601342969813359E+03
   328, -7.9005772714125455E-01,  3.1702753697434187E+00, -3.1715582216916154E+00,  6.6179297625465765E-04,  8.6063069398662029E-01,  1.1434721876911609E+00,  1.0000000000000000E+00,  5.3715253359323442E+03,  1.0743050671864687E+03,  0.0000000000000000E+00,  1.0743050671864687E+03,  5.3715253359323442E+03,  0.0000000000000000E+00,  0.0000000000000000E+00,  0.0000000000000000E+00,  2.1486101343729374E+03
   329, -4.9912349473438888E-01,  3.5977371759729730E+00, -1.2717495857176631E+00,  9.8208988667451529E-04,  9.0708228592420670E-01,  1.0398678217489448E+00,  1.0000000000000000E+00,  3.5812035633378673E+03,  7.1624071266757346E+02,  0.0000000000000000E+00,  7.1624071266757346E+02,  3.5812035633378673E+03,  0.0000000000000000E+00,  0.0000000000000000E+00,  0.0000000000000000E+00,  1.4324814253351469E+03
   330,  5.6898664931505250E-01,  2.7231116419958270E+00, -1.9786335335855637E-01,  2.6878248280386942E-03,  9.6820162051186787E-01,  1.0041402214346884E+00,  1.0000000000000000E+00,  1.2255625427717596E+03,  2.4511250855435188E+02,  0.0000000000000000E+00,  2.4511250855435188E+02,  1.2255625427717596E+03,  0.0000000000000000E+00,  0.0000000000000000E+00,  0.0000000000000000E+00,  4.9022501710870375E+02
   331,  3.3222810171026080E+00, -1.1056869280834251E-01, -5.5810962306620771E-01,  1.8297664458127999E-03,  9.5172261055735985E-01,  1.0124824280353477E+00,  1.0000000000000000E+00,  1.8606910514350893E+03,  3.7213821028701784E+02,  0.0000000000000000E+00,  3.7213821028701784E+02,  1.8606910514350893E+03,  0.0000000000000000E+00,  0.0000000000000000E+00,  0.0000000000000000E+00,  7.4427642057403568E+02
   332, -6.1690791424093694E-01, -8.0180582130031353E-01, -1.8132918640648852E+00,  9.8212183701786309E-04,  9.0817314698390073E-01,  1.3795282583623554E+00,  1.0000000000000000E+00,  3.5391599599954934E+03,  7.0783199199909859E+02,  0.0000000000000000E+00,  7.0783199199909859E+02,  3.5391599599954934E+03,  0.0000000000000000E+00,  0.0000000000000000E+00,  0.0000000000000000E+00,  1.4156639839981972E+03
   333,  1.2395071180666448E+00, -5.5416348818784233E-01,  1.1793864938954923E+00,  9.0378974348453186E-04,  8.9776796349380494E-01,  7.4618573886819251E-01,  1.0000000000000000E+00,  3.9401930736762683E+03,  7.8803861473525365E+02,  0.0000000000000000E+00,  7.8803861473525365E+02,  3.9401930736762683E+03,  0.0000000000000000E+00,  0.0000000000000000E+00,  0.0000000000000000E+00,  1.5760772294705073E+03
   334,  1.0308626172654405E+00,  3.7311126511702114E-01,  1.6052258443370462E+00,  9.7712971076425841E-04,  9.0552725425528036E-01,  7.1073171365746302E-01,  1.0000000000000000E+00,  3.6411370755777366E+03,  7.2822741511554727E+02,  0.0000000000000000E+00,  7.2822741511554727E+02,  3.6411370755777366E+03,  0.0000000000000000E+00,  0.0000000000000000E+00,  0.0000000000000000E+00,  1.4564548302310945E+03
   335, -1.4270755653117114E+01, -1.3711554343836630E+01, -6.7225166016507281E+00,  2.5951852271454990E-04,  6.3873301464888121E-01,  1.3857144320869368E+00,  1.0000000000000000E+00,  1.3923831727074372E+04,  2.7847663454148742E+03,  0.0000000000000000E+00,  2.7847663454148742E+03,  1.3923831727074372E+04,  0.0000000000000000E+00,  0.0000000000000000E+00,  0.0000000000000000E+00,  5.5695326908297484E+03
   336,  4.2427984395308096E+00, -6.3173360173783957E+00,  7.1140577823390616E-01,  1.8717867321743186E-04,  6.0843448141005163E-01,  9.3925590162126038E-01,  1.0000000000000000E+00,  1.5091587695654262E+04,  3.0183175391308523E+03,  0.0000000000000000E+00,  3.0183175391308523E+03,  1.5091587695654262E+04,  0.0000000000000000E+00,  0.0000000000000000E+00,  0.0000000000000000E+00,  6.0366350782617046E+03
   337, -3.9621857634471902E-01,  3.1857448305552372E+00,  2.6471339038341228E+00,  5.5299752357389621E-04,  8.3118560321863377E-01,  7.3957625160818263E-01,  1.0000000000000000E+00,  6.5063882092818239E+03,  1.3012776418563649E+03,  0.0000000000000000E+00,  1.3012776418563649E+03,  6.5063882092818239E+03,  0.0000000000000000E+00,  0.0000000000000000E+00,  0.0000000000000000E+00,  2.6025552837127298E+03
   338,  1.8036048106252764E+00, -3.9318273228780125E+00,  3.2524113919027817E+00,  3.4773213393977042E-04,  8.3253629454869749E-01,  7.5591310466211314E-01,  1.0000000000000000E+00,  6.4543303142689520E+03,  1.2908660628537903E+03,  0.0000000000000000E+00,  1.2908660628537903E+03,  6.4543303142689520E+03,  0.0000000000000000E+00,  0.0000000000000000E+00,  0.0000000000000000E+00,  2.5817321257075805E+03
   339,  0.0000000000000000E+00,  0.0000000000000000E+00,  0.0000000000000000E+00,  0.0000000000000000E+00,  0.0000000000000000E+00,  1.0000000000000000E+00,  1.0000000000000000E+00,  3.8541666666666672E+04,  7.7083333333333339E+03,  0.0000000000000000E+00,  7.7083333333333339E+03,  3.8541666666666672E+04,  0.0000000000000000E+00,  0.0000000000000000E+00,  0.0000000000000000E+00,  1.5416666666666668E+04
   340,  0.0000000000000000E+00,  0.0000000000000000E+00,  0.0000000000000000E+00,  0.0000000000000000E+00,  0.0000000000000000E+00,  1.0000000000000000E+00,  1.0000000000000000E+00,  3.8541666666666672E+04,  7.7083333333333339E+03,  0.0000000000000000E+00,  7.7083333333333339E+03,  3.8541666666666672E+04,  0.0000000000000000E+00,  0.0000000000000000E+00,  0.0000000000000000E+00,  1.5416666666666668E+04
   341,  0.0000000000000000E+00,  0.0000000000000000E+00,  0.0000000000000000E+00,  0.0000000000000000E+00,  0.0000000000000000E+00,  1.0000000000000000E+00,  1.0000000000000000E+00,  3.8541666666666672E+04,  7.7083333333333339E+03,  0.0000000000000000E+00,  7.7083333333333339E+03,  3.8541666666666672E+04,  0.0000000000000000E+00,  0.0000000000000000E+00,  0.0000000000000000E+00,  1.5416666666666668E+04
   342,  1.8778113836861521E+00,  1.8778113836861521E+00,  0.0000000000000000E+00,  2.3174240017711823E-04,  5.9398672785164286E-01,  1.0000000000000000E+00,  1.0000000000000000E+00,  1.5648428197384601E+04,  3.1296856394769197E+03,  0.0000000000000000E+00,  3.1296856394769197E+03,  1.5648428197384601E+04,  0.0000000000000000E+00,  0.0000000000000000E+00,  0.0000000000000000E+00,  6.2593712789538395E+03
   343,  1.8778113836861519E+00,  1.8778113836861519E+00,  0.0000000000000000E+00,  2.3174240017711817E-04,  5.9398672785164286E-01,  1.0000000000000000E+00,  1.0000000000000000E+00,  1.5648428197384601E+04,  3.1296856394769197E+03,  0.0000000000000000E+00,  3.1296856394769197E+03,  1.5648428197384601E+04,  0.0000000000000000E+00,  0.0000000000000000E+00,  0.0000000000000000E+00,  6.2593712789538395E+03
   344,  1.8778113836861521E+00,  1.8778113836861521E+00,  0.0000000000000000E+00,  2.3174240017711823E-04,  5.9398672785164286E-01,  1.0000000000000000E+00,  1.0000000000000000E+00,  1.5648428197384601E+04,  3.1296856394769197E+03,  0.0000000000000000E+00,  3.1296856394769197E+03,  1.5648428197384601E+04,  0.0000000000000000E+00,  0.0000000000000000E+00,  0.0000000000000000E+00,  6.2593712789538395E+03
   345,  1.8778113836861521E+00,  1.8778113836861521E+00,  6.2593712789538388E-16,  2.3174240017711823E-04,  5.9398672785164286E-01,  1.0000000000000000E+00,  1.0000000000000000E+00,  1.5648428197384601E+04,  3.1296856394769197E+03,  0.0000000000000000E+00,  3.1296856394769197E+03,  1.5648428197384601E+04,  0.0000000000000000E+00,  0.0000000000000000E+00,  0.0000000000000000E+00,  6.2593712789538395E+03
   346,  1.8778113836861519E+00,  1.8778113836861519E+00,  6.2593712789538388E-16,  2.3174240017711817E-04,  5.9398672785164286E-01,  1.0000000000000000E+00,  1.0000000000000000E+00,  1.5648428197384601E+04,  3.1296856394769197E+03,  0.0000000000000000E+00,  3.1296856394769197E+03,  1.5648428197384601E+04,  0.0000000000000000E+00,  0.0000000000000000E+00,  0.0000000000000000E+00,  6.2593712789538395E+03
   347,  1.8778113836861521E+00,  1.8778113836861521E+00,  6.2593712789538388E-16,  2.3174240017711823E-04,  5.9398672785164286E-01,  1.0000000000000000E+00,  1.0000000000000000E+00,  1.5648428197384601E+04,  3.1296856394769197E+03,  0.0000000000000000E+00,  3.1296856394769197E+03,  1.5648428197384601E+04,  0.0000000000000000E+00,  0.0000000000000000E+00,  0.0000000000000000E+00,  6.2593712789538395E+03
   348,  0.0000000000000000E+00,  0.0000000000000000E+00,  6.3666290411028372E+00,  2.2821773229381921E-04,  5.8702946760414032E-01,  7.0710678118654757E-01,  1.0000000000000000E+00,  1.5916572602757095E+04,  3.1833145205514188E+03,  0.0000000000000000E+00,  3.1833145205514188E+03,  1.5916572602757095E+04,  0.0000000000000000E+00,  0.0000000000000000E+00,  0.0000000000000000E+00,  6.3666290411028376E+03
   349,  0.0000000000000000E+00,  0.0000000000000000E+00,  6.3666290411028372E+00,  2.2821773229381921E-04,  5.8702946760414032E-01,  7.0710678118654757E-01,  1.0000000000000000E+00,  1.5916572602757095E+04,  3.1833145205514188E+03,  0.0000000000000000E+00,  3.1833145205514188E+03,  1.5916572602757095E+04,  0.0000000000000000E+00,  0.0000000000000000E+00,  0.0000000000000000E+00,  6.3666290411028376E+03
   350,  0.0000000000000000E+00,  0.0000000000000000E+00,  6.3666290411028372E+00,  2.2821773229381921E-04,  5.8702946760414032E-01,  7.0710678118654757E-01,  1.0000000000000000E+00,  1.5916572602757095E+04,  3.1833145205514188E+03,  0.0000000000000000E+00,  3.1833145205514188E+03,  1.5916572602757095E+04,  0.0000000000000000E+00,  0.0000000000000000E+00,  0.0000000000000000E+00,  6.3666290411028376E+03
   351, -3.4992629861122694E+01,  8.3999185651900968E-16,  0.0000000000000000E+00,  9.9999999999999991E-05,  5.4253246996684212E-02,  1.0000000000000000E+00,  1.0000000000000000E+00,  3.6450656105336137E+04,  7.2901312210672268E+03,  0.0000000000000000E+00,  7.2901312210672268E+03,  3.6450656105336137E+04,  0.0000000000000000E+00,  0.0000000000000000E+00,  0.0000000000000000E+00,  1.4580262442134454E+04
   352, -3.4992629861122694E+01,  0.0000000000000000E+00,  0.0000000000000000E+00,  9.9999999999999991E-05,  5.4253246996684212E-02,  1.0000000000000000E+00,  1.0000000000000000E+00,  3.6450656105336137E+04,  7.2901312210672268E+03,  0.0000000000000000E+00,  7.2901312210672268E+03,  3.6450656105336137E+04,  0.0000000000000000E+00,  0.0000000000000000E+00,  0.0000000000000000E+00,  1.4580262442134454E+04
   353, -3.4992629861122694E+01,  8.3999185651900968E-16,  0.0000000000000000E+00,  9.9999999999999991E-05,  5.4253246996684212E-02,  1.0000000000000000E+00,  1.0000000000000000E+00,  3.6450656105336137E+04,  7.2901312210672268E+03,  0.0000000000000000E+00,  7.2901312210672268E+03,  3.6450656105336137E+04,  0.0000000000000000E+00,  0.0000000000000000E+00,  0.0000000000000000E+00,  1.4580262442134454E+04
   354,  3.4721023005644347E+00, -1.3891199704290491E-16,  0.0000000000000000E+00,  3.0000000000000003E-04,  6.8719799094014100E-01,  1.0000000000000000E+00,  1.0000000000000000E+00,  1.2055910765848734E+04,  2.4111821531697465E+03,  0.0000000000000000E+00,  2.4111821531697465E+03,  1.2055910765848734E+04,  0.0000000000000000E+00,  0.0000000000000000E+00,  0.0000000000000000E+00,  4.8223643063394929E+03
   355,  3.4721023005644347E+00,  0.0000000000000000E+00,  0.0000000000000000E+00,  3.0000000000000003E-04,  6.8719799094014100E-01,  1.0000000000000000E+00,  1.0000000000000000E+00,  1.2055910765848734E+04,  2.4111821531697465E+03,  0.0000000000000000E+00,  2.4111821531697465E+03,  1.2055910765848734E+04,  0.0000000000000000E+00,  0.0000000000000000E+00,  0.0000000000000000E+00,  4.8223643063394929E+03
   356,  3.4721023005644347E+00, -1.3891199704290491E-16,  0.0000000000000000E+00,  3.0000000000000003E-04,  6.8719799094014100E-01,  1.0000000000000000E+00,  1.0000000000000000E+00,  1.2055910765848734E+04,  2.4111821531697465E+03,  0.0000000000000000E+00,  2.4111821531697465E+03,  1.2055910765848734E+04,  0.0000000000000000E+00,  0.0000000000000000E+00,  0.0000000000000000E+00,  4.8223643063394929E+03
   357,  3.5429162040643338E+00, -3.8988930956519174E-01, -1.1464101116324370E-01,  9.6604521026329637E-04,  9.0852311908519556E-01,  2.0008480977038490E+00,  1.0000000000000000E+00,  3.5256714519247548E+03,  7.0513429038495087E+02,  0.0000000000000000E+00,  7.0513429038495087E+02,  3.5256714519247548E+03,  0.0000000000000000E+00,  0.0000000000000000E+00,  0.0000000000000000E+00,  1.4102685807699017E+03
   358, -4.6049503872478850E+00, -1.9726606212158557E+00, -6.0043153783022862E-01,  5.9685081186044108E-04,  8.4465280190639835E-01,  1.0233434230469740E+00,  1.0000000000000000E+00,  5.9873399265242306E+03,  1.1974679853048460E+03,  0.0000000000000000E+00,  1.1974679853048460E+03,  5.9873399265242306E+03,  0.0000000000000000E+00,  0.0000000000000000E+00,  0.0000000000000000E+00,  2.3949359706096920E+03
   359, -2.6852242082702350E+01, -1.3010346374813720E+01,  4.5138231160352609E+00,  2.4599114019472544E-04,  6.1750954717841022E-01,  9.0825009125676825E-01,  1.0000000000000000E+00,  1.4741819535832108E+04,  2.9483639071664215E+03,  0.0000000000000000E+00,  2.9483639071664215E+03,  1.4741819535832108E+04,  0.0000000000000000E+00,  0.0000000000000000E+00,  0.0000000000000000E+00,  5.8967278143328431E+03
   360,  3.7484292698051749E+00, -8.0848976726731714E-01, -1.1729717879779368E-01,  1.2371796404130721E-03,  9.3006679540879211E-01,  2.0006615851565557E+00,  1.0000000000000000E+00,  2.6953422602861378E+03,  5.3906845205722755E+02,  0.0000000000000000E+00,  5.3906845205722755E+02,  2.6953422602861378E+03,  0.0000000000000000E+00,  0.0000000000000000E+00,  0.0000000000000000E+00,  1.0781369041144551E+03
   361,  1.5637264853499766E+00,  1.9557454153338680E+00, -3.9211153284360861E-01,  1.5146649215417008E-03,  9.4148151547313763E-01,  1.1756048252429590E+00,  1.0000000000000000E+00,  2.2553999244728207E+03,  4.5107998489456412E+02,  0.0000000000000000E+00,  4.5107998489456412E+02,  2.2553999244728207E+03,  0.0000000000000000E+00,  0.0000000000000000E+00,  0.0000000000000000E+00,  9.0215996978912824E+02
   362, -4.8053128590563636E+00,  3.1699158930707432E+00, -8.7030543415121497E-01,  8.0814523073443635E-04,  8.8617616202963112E-01,  1.0057997057585968E+00,  1.0000000000000000E+00,  4.3869604217746346E+03,  8.7739208435492685E+02,  0.0000000000000000E+00,  8.7739208435492685E+02,  4.3869604217746346E+03,  0.0000000000000000E+00,  0.0000000000000000E+00,  0.0000000000000000E+00,  1.7547841687098537E+03
   363,  3.9484337978529638E+00, -1.1983922660039081E+00, -1.4472825357636596E+00,  7.4975233838319865E-04,  8.8033021687794755E-01,  2.0674590176292584E+00,  1.0000000000000000E+00,  4.6122728911624390E+03,  9.2245457823248773E+02,  0.0000000000000000E+00,  9.2245457823248773E+02,  4.6122728911624390E+03,  0.0000000000000000E+00,  0.0000000000000000E+00,  0.0000000000000000E+00,  1.8449091564649755E+03
   364, -3.8207806201881702E+00,  1.9333507392940676E+00, -1.3598278496329876E+00,  3.1593813026437728E-04,  9.0483942722300492E-01,  1.0248728000062586E+00,  1.0000000000000000E+00,  3.6676470757800189E+03,  7.3352941515600378E+02,  0.0000000000000000E+00,  7.3352941515600378E+02,  3.6676470757800189E+03,  0.0000000000000000E+00,  0.0000000000000000E+00,  0.0000000000000000E+00,  1.4670588303120076E+03
   365,  4.7708940875986503E+00, -6.3907077622172554E+00,  1.6471790525722447E+00,  3.6792266941551745E-04,  7.8522264136160347E-01,  1.5677180128110977E+00,  1.0000000000000000E+00,  8.2778773641881999E+03,  1.6555754728376401E+03,  0.0000000000000000E+00,  1.6555754728376401E+03,  8.2778773641881999E+03,  0.0000000000000000E+00,  0.0000000000000000E+00,  0.0000000000000000E+00,  3.3111509456752801E+03
   366, -6.1777445651806628E+00,  4.9049908386563459E+00,  1.8764236768991767E+00,  6.7584605844592607E-04,  8.6297161078351436E-01,  9.3635805825335117E-01,  1.0000000000000000E+00,  5.2813025010520514E+03,  1.0562605002104101E+03,  0.0000000000000000E+00,  1.0562605002104101E+03,  5.2813025010520514E+03,  0.0000000000000000E+00,  0.0000000000000000E+00,  0.0000000000000000E+00,  2.1125210004208202E+03
   367,  1.2281813008760929E+00,  2.2171739363062475E+00,  1.0927676768515726E-01,  2.3636434472791420E-03,  9.6321545765174399E-01,  9.5387207857382827E-01,  1.0000000000000000E+00,  1.4177375696723673E+03,  2.8354751393447344E+02,  0.0000000000000000E+00,  2.8354751393447344E+02,  1.4177375696723673E+03,  0.0000000000000000E+00,  0.0000000000000000E+00,  0.0000000000000000E+00,  5.6709502786894689E+02
   368,  2.5991939022190649E+00, -8.6477682051465177E+00,  2.6441213432009989E+00,  7.5015384444791745E-04,  8.7838370234719909E-01,  1.4164911035905394E+00,  1.0000000000000000E+00,  4.6872948053683685E+03,  9.3745896107367378E+02,  0.0000000000000000E+00,  9.3745896107367378E+02,  4.6872948053683685E+03,  0.0000000000000000E+00,  0.0000000000000000E+00,  0.0000000000000000E+00,  1.8749179221473476E+03
   369,  1.7188965315349611E+00,  1.3317324998503179E+00,  9.4620263067450666E-02,  3.9607098653307313E-03,  9.8067082345375600E-01,  1.4035033599437963E+00,  1.0000000000000000E+00,  7.4497867938648756E+02,  1.4899573587729751E+02,  0.0000000000000000E+00,  1.4899573587729751E+02,  7.4497867938648756E+02,  0.0000000000000000E+00,  0.0000000000000000E+00,  0.0000000000000000E+00,  2.9799147175459501E+02
   370,  3.1068121955351002E+00,  9.4076237237489799E-02, -1.2804815607445497E-01,  1.3328972539469039E-03,  9.3557575388162284E-01,  2.0017991376754320E+00,  1.0000000000000000E+00,  2.4830178191457867E+03,  4.9660356382915734E+02,  0.0000000000000000E+00,  4.9660356382915734E+02,  2.4830178191457867E+03,  0.0000000000000000E+00,  0.0000000000000000E+00,  0.0000000000000000E+00,  9.9320712765831468E+02
   371, -1.0926122686894837E+01, -2.9261942229611901E+00,  2.5453173866387563E-01,  2.1628394080943348E-04,  5.6467434367379488E-01,  9.8485341302522356E-01,  1.0000000000000000E+00,  1.6778176337572491E+04,  3.3556352675144981E+03,  0.0000000000000000E+00,  3.3556352675144981E+03,  1.6778176337572491E+04,  0.0000000000000000E+00,  0.0000000000000000E+00,  0.0000000000000000E+00,  6.7112705350289962E+03
   372,  1.8647407320362261E+00, -3.8943261278909125E+00,  1.5812753964164279E+00,  3.6194866675637116E-04,  7.4234306276434503E-01,  1.3646602878669276E+00,  1.0000000000000000E+00,  9.9305277892908707E+03,  1.9861055578581738E+03,  0.0000000000000000E+00,  1.9861055578581738E+03,  9.9305277892908707E+03,  0.0000000000000000E+00,  0.0000000000000000E+00,  0.0000000000000000E+00,  3.9722111157163476E+03
   373,  9.8627730348202092E-01,  1.3199563599849338E+00, -1.1299098388940969E+00,  6.4044156048815464E-04,  8.5639195472613605E-01,  1.3210180431569596E+00,  1.0000000000000000E+00,  5.5348934115968405E+03,  1.1069786823193681E+03,  0.0000000000000000E+00,  1.1069786823193681E+03,  5.5348934115968405E+03,  0.0000000000000000E+00,  0.0000000000000000E+00,  0.0000000000000000E+00,  2.2139573646387362E+03
   374, -1.4554955236732672E-01,  4.3807668188061172E-02,  8.7296627173040775E-01,  5.7012130403097773E-04,  9.1291583656060260E-01,  9.2747022441910576E-01,  1.0000000000000000E+00,  3.3563687992267751E+03,  6.7127375984535502E+02,  0.0000000000000000E+00,  6.7127375984535502E+02,  3.3563687992267751E+03,  0.0000000000000000E+00,  0.0000000000000000E+00,  0.0000000000000000E+00,  1.3425475196907100E+03
   375, -1.8916704487699054E+00, -2.1520685219172502E+00, -8.3680494112620263E-01,  8.5186329191847909E-04,  9.4568162611617312E-01,  1.5373165982756096E+00,  1.0000000000000000E+00,  2.0935206601058276E+03,  4.1870413202116555E+02,  0.0000000000000000E+00,  4.1870413202116555E+02,  2.0935206601058276E+03,  0.0000000000000000E+00,  0.0000000000000000E+00,  0.0000000000000000E+00,  8.3740826404233110E+02
   376,  2.8392480307035353E+00,  4.8682921680402108E-01, -9.4455783896724954E-01,  8.5885808851476788E-04,  8.9661179726070517E-01,  2.1201705739606482E+00,  1.0000000000000000E+00,  3.9847536472436555E+03,  7.9695072944873107E+02,  0.0000000000000000E+00,  7.9695072944873107E+02,  3.9847536472436555E+03,  0.0000000000000000E+00,  0.0000000000000000E+00,  0.0000000000000000E+00,  1.5939014588974621E+03
   377,  4.2288441367350327E-01,  1.1009474314475760E+00,  5.0693146690461444E-01,  8.9471053786796886E-04,  8.9718115434486989E-01,  8.9475365727560852E-01,  1.0000000000000000E+00,  3.9628096762914734E+03,  7.9256193525829462E+02,  0.0000000000000000E+00,  7.9256193525829462E+02,  3.9628096762914734E+03,  0.0000000000000000E+00,  0.0000000000000000E+00,  0.0000000000000000E+00,  1.5851238705165892E+03
   378,  2.5163877541891466E+00,  9.4394748721584054E-01,  4.4927463742429813E-02,  1.0436179253413764E-03,  9.1549520059506095E-01,  1.8927447200239462E+00,  1.0000000000000000E+00,  3.2569558103986928E+03,  6.5139116207973848E+02,  0.0000000000000000E+00,  6.5139116207973848E+02,  3.2569558103986928E+03,  0.0000000000000000E+00,  0.0000000000000000E+00,  0.0000000000000000E+00,  1.3027823241594770E+03
   379, -1.9855745587880063E+00, -1.2792093687782240E+00, -1.0358234310875893E+00,  5.6304039057024900E-04,  8.3572323843221519E-01,  1.2296468665010902E+00,  1.0000000000000000E+00,  6.3315001854250404E+03,  1.2663000370850079E+03,  0.0000000000000000E+00,  1.2663000370850079E+03,  6.3315001854250404E+03,  0.0000000000000000E+00,  0.0000000000000000E+00,  0.0000000000000000E+00,  2.5326000741700159E+03
   380, -2.0062116891391145E+01, -4.8265195012583696E+01, -1.2942787782157470E+01,  1.3722749906213078E-04,  3.1313138610006286E-01,  2.1462441027829207E+00,  1.0000000000000000E+00,  2.6473061160726746E+04,  5.2946122321453495E+03,  0.0000000000000000E+00,  5.2946122321453495E+03,  2.6473061160726746E+04,  0.0000000000000000E+00,  0.0000000000000000E+00,  0.0000000000000000E+00,  1.0589224464290699E+04
   381,  1.0199738799702143E+00,  2.5400854489158626E+00,  5.9607746682345875E-01,  1.0824752217413549E-03,  9.1559444474062812E-01,  9.0217069951336548E-01,  1.0000000000000000E+00,  3.2531307756216247E+03,  6.5062615512432490E+02,  0.0000000000000000E+00,  6.5062615512432490E+02,  3.2531307756216247E+03,  0.0000000000000000E+00,  0.0000000000000000E+00,  0.0000000000000000E+00,  1.3012523102486498E+03
   382,  3.0920308610980509E+00, -1.3312798571500488E-02, -6.0123701762610848E-01,  1.5658516154341971E-03,  9.4625118606181624E-01,  2.0346147920507875E+00,  1.0000000000000000E+00,  2.0715688705341659E+03,  4.1431377410683319E+02,  0.0000000000000000E+00,  4.1431377410683319E+02,  2.0715688705341659E+03,  0.0000000000000000E+00,  0.0000000000000000E+00,  0.0000000000000000E+00,  8.2862754821366639E+02
   383,  7.6069661351551754E-01,  2.7759523182574251E+00, -2.3555278019013745E-01,  1.0518348992238570E-03,  9.1338076572349447E-01,  1.0066285495545313E+00,  1.0000000000000000E+00,  3.3384496544069843E+03,  6.6768993088139689E+02,  0.0000000000000000E+00,  6.6768993088139689E+02,  3.3384496544069843E+03,  0.0000000000000000E+00,  0.0000000000000000E+00,  0.0000000000000000E+00,  1.3353798617627938E+03
   384, -1.9858783075058695E+00,  2.8483672844966663E+00,  1.5959419282880059E+00,  9.5101671261614844E-04,  9.0350040720465219E-01,  9.0780194321497409E-01,  1.0000000000000000E+00,  3.7192551389873638E+03,  7.4385102779747274E+02,  0.0000000000000000E+00,  7.4385102779747274E+02,  3.7192551389873638E+03,  0.0000000000000000E+00,  0.0000000000000000E+00,  0.0000000000000000E+00,  1.4877020555949455E+03
   385,  1.2146888435514318E+00, -1.8049932309331445E+00,  1.4509155505862263E+00,  4.3461665995765019E-04,  9.2556520134443199E-01,  1.1943251497067398E+00,  1.0000000000000000E+00,  2.8688411981833510E+03,  5.7376823963667016E+02,  0.0000000000000000E+00,  5.7376823963667016E+02,  2.8688411981833510E+03,  0.0000000000000000E+00,  0.0000000000000000E+00,  0.0000000000000000E+00,  1.1475364792733403E+03
   386,  4.7381788047808460E-01,  2.9477465292776084E+00, -3.7376294878977340E-01,  1.4462557319822678E-03,  9.3798427972349685E-01,  1.0108606695834599E+00,  1.0000000000000000E+00,  2.3901892189902260E+03,  4.7803784379804517E+02,  0.0000000000000000E+00,  4.7803784379804517E+02,  2.3901892189902260E+03,  0.0000000000000000E+00,  0.0000000000000000E+00,  0.0000000000000000E+00,  9.5607568759609035E+02
   387,  1.0306244295868940E+00,  2.3922945379435596E+00,  8.2947136004324606E-01,  1.9966942755962822E-03,  9.5566292768843264E-01,  8.9464170514992991E-01,  1.0000000000000000E+00,  1.7088246620083255E+03,  3.4176493240166508E+02,  0.0000000000000000E+00,  3.4176493240166508E+02,  1.7088246620083255E+03,  0.0000000000000000E+00,  0.0000000000000000E+00,  0.0000000000000000E+00,  6.8352986480333016E+02
   388, -6.6966540327642949E+00, -7.2721682977561786E+00,  5.6211614974457158E-01,  4.4575391436108095E-04,  8.7199042266068827E-01,  1.0545661943296256E+00,  1.0000000000000000E+00,  4.9337024599526403E+03,  9.8674049199052797E+02,  0.0000000000000000E+00,  9.8674049199052797E+02,  4.9337024599526403E+03,  0.0000000000000000E+00,  0.0000000000000000E+00,  0.0000000000000000E+00,  1.9734809839810559E+03
   389,  1.7559989675794649E+00,  1.6881427245537106E+00,  9.1257821924160210E-01,  1.9576885106829291E-03,  9.5489612758712605E-01,  9.4884921783581133E-01,  1.0000000000000000E+00,  1.7383784159128502E+03,  3.4767568318257003E+02,  0.0000000000000000E+00,  3.4767568318257003E+02,  1.7383784159128502E+03,  0.0000000000000000E+00,  0.0000000000000000E+00,  0.0000000000000000E+00,  6.9535136636514005E+02
   390, -1.0050316303890115E+01,  3.4043378741299306E+00,  4.0363064132711668E-01,  3.4000817087632908E-04,  7.2439692161257496E-01,  9.8567751918152224E-01,  1.0000000000000000E+00,  1.0622201979515341E+04,  2.1244403959030683E+03,  0.0000000000000000E+00,  2.1244403959030683E+03,  1.0622201979515341E+04,  0.0000000000000000E+00,  0.0000000000000000E+00,  0.0000000000000000E+00,  4.2488807918061366E+03
   391,  5.8131534227952288E+00, -1.0502256568272443E+01, -1.1620640711872234E+00,  2.8558934024886309E-04,  6.7368826056419695E-01,  2.0050158752430822E+00,  1.0000000000000000E+00,  1.2576598290754911E+04,  2.5153196581509819E+03,  0.0000000000000000E+00,  2.5153196581509819E+03,  1.2576598290754911E+04,  0.0000000000000000E+00,  0.0000000000000000E+00,  0.0000000000000000E+00,  5.0306393163019638E+03
   392, -1.2618285299620485E+01, -6.2883548611788527E+00,  8.9429300982111819E+00,  9.5041724754692432E-05,  4.5977774312976821E-01,  9.0481502303700423E-01,  1.0000000000000000E+00,  2.0821066150206851E+04,  4.1642132300413696E+03,  0.0000000000000000E+00,  4.1642132300413696E+03,  2.0821066150206851E+04,  0.0000000000000000E+00,  0.0000000000000000E+00,  0.0000000000000000E+00,  8.3284264600827391E+03
   393, -1.9156815313823126E+00, -5.9011547204754260E+00,  4.1451309965195753E+00,  6.2840386130278520E-04,  8.5270952359095942E-01,  1.0464733145119784E+00,  1.0000000000000000E+00,  5.6768204449317727E+03,  1.1353640889863545E+03,  0.0000000000000000E+00,  1.1353640889863545E+03,  5.6768204449317727E+03,  0.0000000000000000E+00,  0.0000000000000000E+00,  0.0000000000000000E+00,  2.2707281779727091E+03
   394,  1.2554149173548623E+00,  2.0632890918597546E+00, -1.8126868281924473E+00,  8.2254338789737136E-04,  8.8910482402596636E-01,  1.2816805759046004E+00,  1.0000000000000000E+00,  4.2740849073325471E+03,  8.5481698146650945E+02,  0.0000000000000000E+00,  8.5481698146650945E+02,  4.2740849073325471E+03,  0.0000000000000000E+00,  0.0000000000000000E+00,  0.0000000000000000E+00,  1.7096339629330189E+03
   395, -3.4530761224116406E+00,  2.7990493310969722E+00,  1.4747752016378604E+00,  5.2535771036114486E-04,  8.2270549806236948E-01,  9.2155612877548942E-01,  1.0000000000000000E+00,  6.8332255955128439E+03,  1.3666451191025687E+03,  0.0000000000000000E+00,  1.3666451191025687E+03,  6.8332255955128439E+03,  0.0000000000000000E+00,  0.0000000000000000E+00,  0.0000000000000000E+00,  2.7332902382051375E+03
   396, -1.4520956561338820E+00, -1.8263740571831935E+00, -1.7580754082953038E+00,  7.7332265863318912E-04,  8.8242521671141871E-01,  1.4955784721439245E+00,  1.0000000000000000E+00,  4.5315281059140707E+03,  9.0630562118281421E+02,  0.0000000000000000E+00,  9.0630562118281421E+02,  4.5315281059140707E+03,  0.0000000000000000E+00,  0.0000000000000000E+00,  0.0000000000000000E+00,  1.8126112423656284E+03
   397, -4.5716443437740342E+00, -3.6709573660509971E+00,  6.7331092183758667E-01,  5.2991419044854954E-04,  8.2417869031935653E-01,  8.9475317617371442E-01,  1.0000000000000000E+00,  6.7764463106081348E+03,  1.3552892621216267E+03,  0.0000000000000000E+00,  1.3552892621216267E+03,  6.7764463106081348E+03,  0.0000000000000000E+00,  0.0000000000000000E+00,  0.0000000000000000E+00,  2.7105785242432535E+03
   398, -6.8103067929235361E-01, -4.7821818025752344E-01,  4.8717470573963995E-01,  8.3316971645629959E-04,  8.8941833317635965E-01,  9.1634169640636798E-01,  1.0000000000000000E+00,  4.2620017421611392E+03,  8.5240034843222770E+02,  0.0000000000000000E+00,  8.5240034843222770E+02,  4.2620017421611392E+03,  0.0000000000000000E+00,  0.0000000000000000E+00,  0.0000000000000000E+00,  1.7048006968644554E+03
   399,  2.7350746275006665E-01,  3.0920180189590254E+00, -1.2226168427660733E+00,  6.6881891470337007E-04,  8.6190262797376826E-01,  1.0674133365638148E+00,  1.0000000000000000E+00,  5.3225028801776825E+03,  1.0645005760355364E+03,  0.0000000000000000E+00,  1.0645005760355364E+03,  5.3225028801776825E+03,  0.0000000000000000E+00,  0.0000000000000000E+00,  0.0000000000000000E+00,  2.1290011520710727E+03
   400,  1.9080555617714234E+00,  1.1906902530966172E+00, -4.7363615162635389E-02,  2.5616320666848017E-03,  9.6955416056552379E-01,  2.0043169661157010E+00,  1.0000000000000000E+00,  1.1734333948704373E+03,  2.3468667897408744E+02,  0.0000000000000000E+00,  2.3468667897408744E+02,  1.1734333948704373E+03,  0.0000000000000000E+00,  0.0000000000000000E+00,  0.0000000000000000E+00,  4.6937335794817488E+02
   401,  1.4600799442574526E+00,  1.9723991646697268E+00,  2.0792534413135030E-01,  2.7208433473989262E-03,  9.6829533739216422E-01,  9.0120591579440379E-01,  1.0000000000000000E+00,  1.2219505380103374E+03,  2.4439010760206747E+02,  0.0000000000000000E+00,  2.4439010760206747E+02,  1.2219505380103374E+03,  0.0000000000000000E+00,  0.0000000000000000E+00,  0.0000000000000000E+00,  4.8878021520413495E+02
   402, -2.5122815643848567E-01, -9.7416748636300021E-01, -5.6632168097208690E-01,  6.4048879837367114E-04,  9.4005254781852343E-01,  2.0806765863286656E+00,  1.0000000000000000E+00,  2.3104747194944098E+03,  4.6209494389888192E+02,  0.0000000000000000E+00,  4.6209494389888192E+02,  2.3104747194944098E+03,  0.0000000000000000E+00,  0.0000000000000000E+00,  0.0000000000000000E+00,  9.2418988779776384E+02
   403, -2.1781788687682715E+00, -3.6557649835375576E+00,  2.6093829042564787E-01,  9.0585491508167763E-04,  9.0044910484315110E-01,  1.5111267416437488E+00,  1.0000000000000000E+00,  3.8368574175035515E+03,  7.6737148350071027E+02,  0.0000000000000000E+00,  7.6737148350071027E+02,  3.8368574175035515E+03,  0.0000000000000000E+00,  0.0000000000000000E+00,  0.0000000000000000E+00,  1.5347429670014205E+03
   404, -3.5574019712282690E+00,  5.4179714001992689E+00,  2.0424770139867435E-01,  4.4583654494844441E-04,  7.9067893051981586E-01,  9.8901125222070962E-01,  1.0000000000000000E+00,  8.0675828862154312E+03,  1.6135165772430862E+03,  0.0000000000000000E+00,  1.6135165772430862E+03,  8.0675828862154312E+03,  0.0000000000000000E+00,  0.0000000000000000E+00,  0.0000000000000000E+00,  3.2270331544861724E+03
   405,  1.5327349340379548E+00, -3.0322755069791660E+00,  3.8958125888565126E-01,  3.7342041516887146E-04,  8.1391989599296721E-01,  1.7163243200822151E+00,  1.0000000000000000E+00,  7.1718373419377231E+03,  1.4343674683875445E+03,  0.0000000000000000E+00,  1.4343674683875445E+03,  7.1718373419377231E+03,  0.0000000000000000E+00,  0.0000000000000000E+00,  0.0000000000000000E+00,  2.8687349367750890E+03
   406, -1.1418051924432202E+00, -8.4876165980603862E+00, -5.5380123588579471E+00,  1.4055206524712683E-04,  7.0635963554206949E-01,  2.1145583617556820E+00,  1.0000000000000000E+00,  1.1317389046816073E+04,  2.2634778093632144E+03,  0.0000000000000000E+00,  2.2634778093632144E+03,  1.1317389046816073E+04,  0.0000000000000000E+00,  0.0000000000000000E+00,  0.0000000000000000E+00,  4.5269556187264288E+03
   407, -5.7806201297029389E+00, -2.2999831247831932E+00, -6.2940363966153710E+00,  3.1998863304123505E-04,  7.0762718870138941E-01,  1.2566430072288528E+00,  1.0000000000000000E+00,  1.1268535435467285E+04,  2.2537070870934567E+03,  0.0000000000000000E+00,  2.2537070870934567E+03,  1.1268535435467285E+04,  0.0000000000000000E+00,  0.0000000000000000E+00,  0.0000000000000000E+00,  4.5074141741869134E+03
   408,  1.0374536764618179E+00,  2.4636713424670642E+00,  1.0989056955432359E-01,  1.7262490860274629E-03,  9.4846564564006874E-01,  9.6593488540768135E-01,  1.0000000000000000E+00,  1.9862199076223508E+03,  3.9724398152447014E+02,  0.0000000000000000E+00,  3.9724398152447014E+02,  1.9862199076223508E+03,  0.0000000000000000E+00,  0.0000000000000000E+00,  0.0000000000000000E+00,  7.9448796304894029E+02
   409, -3.1941264153514042E+00, -3.8816758264465227E-02,  1.8020446179269611E+00,  6.2719933497542570E-04,  8.7807112452051328E-01,  8.9506658419568863E-01,  1.0000000000000000E+00,  4.6993420757718850E+03,  9.3986841515437686E+02,  0.0000000000000000E+00,  9.3986841515437686E+02,  4.6993420757718850E+03,  0.0000000000000000E+00,  0.0000000000000000E+00,  0.0000000000000000E+00,  1.8797368303087537E+03
   410, -1.9145693881126946E+00, -3.6888552694081080E+00,  2.1697786050322283E+00,  7.5103232856237555E-04,  8.7731635658525697E-01,  1.0282045369789046E+00,  1.0000000000000000E+00,  4.7284320899432214E+03,  9.4568641798864428E+02,  0.0000000000000000E+00,  9.4568641798864428E+02,  4.7284320899432214E+03,  0.0000000000000000E+00,  0.0000000000000000E+00,  0.0000000000000000E+00,  1.8913728359772886E+03
   411,  4.0811099652698077E+00, -1.7898446633050775E+00, -2.3923193811010379E+00,  5.3155945392657192E-04,  8.2837274692024143E-01,  2.1228737737543155E+00,  1.0000000000000000E+00,  6.6148003791156953E+03,  1.3229600758231391E+03,  0.0000000000000000E+00,  1.3229600758231391E+03,  6.6148003791156953E+03,  0.0000000000000000E+00,  0.0000000000000000E+00,  0.0000000000000000E+00,  2.6459201516462781E+03
   412, -1.5896973776985648E+00, -1.6068614784572890E+00, -2.3825188210334726E-02,  4.4001893852712405E-04,  8.1580147749199483E-01,  1.7393193640190774E+00,  1.0000000000000000E+00,  7.0993180549960334E+03,  1.4198636109992067E+03,  0.0000000000000000E+00,  1.4198636109992067E+03,  7.0993180549960334E+03,  0.0000000000000000E+00,  0.0000000000000000E+00,  0.0000000000000000E+00,  2.8397272219984134E+03
   413, -2.1660768434838418E+00,  7.6642598081064484E-01, -2.1447063072696242E+00,  7.6274974067285016E-04,  9.0659771764774333E-01,  1.1306927407896079E+00,  1.0000000000000000E+00,  3.5998796323265597E+03,  7.1997592646531189E+02,  0.0000000000000000E+00,  7.1997592646531189E+02,  3.5998796323265597E+03,  0.0000000000000000E+00,  0.0000000000000000E+00,  0.0000000000000000E+00,  1.4399518529306238E+03
   414, -3.8762622100619573E+00,  2.4494057369406361E+00, -1.4804282685996104E+00,  7.0737939730535241E-04,  8.6950572727294850E-01,  1.0244440704422462E+00,  1.0000000000000000E+00,  5.0294667613551101E+03,  1.0058933522710221E+03,  0.0000000000000000E+00,  1.0058933522710221E+03,  5.0294667613551101E+03,  0.0000000000000000E+00,  0.0000000000000000E+00,  0.0000000000000000E+00,  2.0117867045420442E+03
   415,  1.9678824486434818E+00,  1.3293998666007232E+00, -8.4804904595586608E-02,  1.7726240095686740E-03,  9.5323999509020663E-01,  2.0169735097783401E+00,  1.0000000000000000E+00,  1.8022085225649532E+03,  3.6044170451299061E+02,  0.0000000000000000E+00,  3.6044170451299061E+02,  1.8022085225649532E+03,  0.0000000000000000E+00,  0.0000000000000000E+00,  0.0000000000000000E+00,  7.2088340902598122E+02
   416,  7.1892754451547511E-02,  3.2877082699391158E+00, -1.9166958179028221E-01,  1.2680050789390250E-03,  9.2873836910118568E-01,  1.0017621480231498E+00,  1.0000000000000000E+00,  2.7465420242251357E+03,  5.4930840484502710E+02,  0.0000000000000000E+00,  5.4930840484502710E+02,  2.7465420242251357E+03,  0.0000000000000000E+00,  0.0000000000000000E+00,  0.0000000000000000E+00,  1.0986168096900542E+03
   417,  1.2853322971938714E+00,  1.0328298108065466E+00, -2.3212653365361224E+00,  8.1699360657642615E-04,  8.8886341055128570E-01,  1.4542541196498062E+00,  1.0000000000000000E+00,  4.2833893850025306E+03,  8.5667787700050610E+02,  0.0000000000000000E+00,  8.5667787700050610E+02,  4.2833893850025306E+03,  0.0000000000000000E+00,  0.0000000000000000E+00,  0.0000000000000000E+00,  1.7133557540010122E+03
   418, -1.1562538762044134E+01,  5.2131952876943666E-01, -3.1593584480448644E+00,  1.1391739775747285E-04,  6.4709707354561574E-01,  1.0297354577326356E+00,  1.0000000000000000E+00,  1.3601466957096061E+04,  2.7202933914192122E+03,  0.0000000000000000E+00,  2.7202933914192122E+03,  1.3601466957096061E+04,  0.0000000000000000E+00,  0.0000000000000000E+00,  0.0000000000000000E+00,  5.4405867828384244E+03
   419,  1.0548028922695583E-01, -4.7023387054310728E+00, -3.1362816683758987E-01,  7.2976327281977981E-04,  8.7665983401051228E-01,  2.0042150597139665E+00,  1.0000000000000000E+00,  4.7537355641781733E+03,  9.5074711283563454E+02,  0.0000000000000000E+00,  9.5074711283563454E+02,  4.7537355641781733E+03,  0.0000000000000000E+00,  0.0000000000000000E+00,  0.0000000000000000E+00,  1.9014942256712691E+03
   420, -5.2367534672244345E+00, -5.4128925170935229E+00,  1.6967050555248713E+00,  4.6200532624216564E-04,  7.9802129281670198E-01,  9.5135071404492655E-01,  1.0000000000000000E+00,  7.7845960060229454E+03,  1.5569192012045889E+03,  0.0000000000000000E+00,  1.5569192012045889E+03,  7.7845960060229454E+03,  0.0000000000000000E+00,  0.0000000000000000E+00,  0.0000000000000000E+00,  3.1138384024091779E+03
   421,  5.6058170265446314E+00, -7.3228218163196868E+00,  1.3673406502962998E-01,  4.7225569358401887E-04,  8.1468064035210908E-01,  1.9586860932146573E+00,  1.0000000000000000E+00,  7.1425169864291302E+03,  1.4285033972858259E+03,  0.0000000000000000E+00,  1.4285033972858259E+03,  7.1425169864291302E+03,  0.0000000000000000E+00,  0.0000000000000000E+00,  0.0000000000000000E+00,  2.8570067945716519E+03
   422,  1.7546978559808559E+00,  1.7967341617645147E+00, -2.7927003861309979E-01,  1.2068090125016153E-03,  9.2611740396040076E-01,  1.3639577262009697E+00,  1.0000000000000000E+00,  2.8475583890262210E+03,  5.6951167780524418E+02,  0.0000000000000000E+00,  5.6951167780524418E+02,  2.8475583890262210E+03,  0.0000000000000000E+00,  0.0000000000000000E+00,  0.0000000000000000E+00,  1.1390233556104884E+03
   423,  1.6011528997394715E+00,  1.9067757245152193E+00, -1.4889559248125883E-01,  1.8138324222810381E-03,  9.5148663539209999E-01,  1.0795133638705769E+00,  1.0000000000000000E+00,  1.8697859275961464E+03,  3.7395718551922926E+02,  0.0000000000000000E+00,  3.7395718551922926E+02,  1.8697859275961464E+03,  0.0000000000000000E+00,  0.0000000000000000E+00,  0.0000000000000000E+00,  7.4791437103845851E+02
   424,  2.1919119746982689E+00,  9.2842177108359214E-01, -1.3259240827912638E-01,  2.3426289560680600E-03,  9.6615175075739801E-01,  2.0107477351069720E+00,  1.0000000000000000E+00,  1.3045679395586185E+03,  2.6091358791172371E+02,  0.0000000000000000E+00,  2.6091358791172371E+02,  1.3045679395586185E+03,  0.0000000000000000E+00,  0.0000000000000000E+00,  0.0000000000000000E+00,  5.2182717582344742E+02
   425, -3.3169600949102579E-01,  3.6243908706752554E+00,  6.0429290664730084E-01,  7.4007150877549626E-04,  8.7517021413902818E-01,  9.4083640455869044E-01,  1.0000000000000000E+00,  4.8111479967249561E+03,  9.6222959934499124E+02,  0.0000000000000000E+00,  9.6222959934499124E+02,  4.8111479967249561E+03,  0.0000000000000000E+00,  0.0000000000000000E+00,  0.0000000000000000E+00,  1.9244591986899825E+03
   426,  2.0736624189864750E+00,  1.4144314069324324E+00,  3.1738457086752009E-01,  1.6732949751678220E-03,  9.4747168350962263E-01,  1.1937983144217521E+00,  1.0000000000000000E+00,  2.0245288647332948E+03,  4.0490577294665894E+02,  0.0000000000000000E+00,  4.0490577294665894E+02,  2.0245288647332948E+03,  0.0000000000000000E+00,  0.0000000000000000E+00,  0.0000000000000000E+00,  8.0981154589331788E+02
   427, -8.0924618109301463E+00, -2.9409047008668296E+00,  4.5825743362665017E-01,  9.0421156750832715E-04,  8.9850931399410705E-01,  9.6145739799065810E-01,  1.0000000000000000E+00,  3.9116201898104578E+03,  7.8232403796209155E+02,  0.0000000000000000E+00,  7.8232403796209155E+02,  3.9116201898104578E+03,  0.0000000000000000E+00,  0.0000000000000000E+00,  0.0000000000000000E+00,  1.5646480759241831E+03
   428, -9.4786247774865040E-01, -6.7393841683617808E+00,  1.3082627904743349E+00,  6.1291459706607019E-04,  8.5006041207438399E-01,  1.4298605766494314E+00,  1.0000000000000000E+00,  5.7789216179664509E+03,  1.1557843235932901E+03,  0.0000000000000000E+00,  1.1557843235932901E+03,  5.7789216179664509E+03,  0.0000000000000000E+00,  0.0000000000000000E+00,  0.0000000000000000E+00,  2.3115686471865802E+03
   429, -4.7388626240129952E+00, -2.1588540001154786E+00,  1.3237282978792646E+00,  8.1700001106622012E-04,  8.8710085020575402E-01,  8.9629080169490360E-01,  1.0000000000000000E+00,  4.3513213983198975E+03,  8.7026427966397944E+02,  0.0000000000000000E+00,  8.7026427966397944E+02,  4.3513213983198975E+03,  0.0000000000000000E+00,  0.0000000000000000E+00,  0.0000000000000000E+00,  1.7405285593279589E+03
   430,  6.5907253871418792E-01,  5.0783117256882537E-01, -1.5977665123029887E+00,  8.4833015413451895E-04,  8.9314178622224760E-01,  1.4488768120525790E+00,  1.0000000000000000E+00,  4.1184936560175411E+03,  8.2369873120350815E+02,  0.0000000000000000E+00,  8.2369873120350815E+02,  4.1184936560175411E+03,  0.0000000000000000E+00,  0.0000000000000000E+00,  0.0000000000000000E+00,  1.6473974624070163E+03
   431,  3.5938178493678601E+00, -4.1746787993972525E+00,  1.7715869441029326E+00,  5.4319171874064529E-04,  8.3014609763583880E-01,  1.4266836049233087E+00,  1.0000000000000000E+00,  6.5464524869520474E+03,  1.3092904973904094E+03,  0.0000000000000000E+00,  1.3092904973904094E+03,  6.5464524869520474E+03,  0.0000000000000000E+00,  0.0000000000000000E+00,  0.0000000000000000E+00,  2.6185809947808189E+03
   432, -1.1890808513745943E+01, -2.8036833427634158E+00, -3.4037663752497926E+00,  2.8627065034164510E-04,  6.7215330632943981E-01,  1.0539959138710153E+00,  1.0000000000000000E+00,  1.2635757985219509E+04,  2.5271515970439018E+03,  0.0000000000000000E+00,  2.5271515970439018E+03,  1.2635757985219509E+04,  0.0000000000000000E+00,  0.0000000000000000E+00,  0.0000000000000000E+00,  5.0543031940878036E+03
   433,  1.8178584815576373E+00,  1.4190696996197674E+00, -1.9599334021724685E-01,  1.8896218852369356E-03,  9.5697537316997827E-01,  2.1609547659510415E+00,  1.0000000000000000E+00,  1.6582408257404211E+03,  3.3164816514808416E+02,  0.0000000000000000E+00,  3.3164816514808416E+02,  1.6582408257404211E+03,  0.0000000000000000E+00,  0.0000000000000000E+00,  0.0000000000000000E+00,  6.6329633029616832E+02
   434, -2.2660743787639994E+00,  3.4017211150751021E+00, -3.7014090378627423E-01,  2.8419022820119435E-04,  6.6959822931593038E-01,  1.0021122069261934E+00,  1.0000000000000000E+00,  1.2734234911781852E+04,  2.5468469823563701E+03,  0.0000000000000000E+00,  2.5468469823563701E+03,  1.2734234911781852E+04,  0.0000000000000000E+00,  0.0000000000000000E+00,  0.0000000000000000E+00,  5.0936939647127401E+03
   435,  1.5071276619646825E+00, -5.5447691676897282E-01, -3.4580226219615926E+00,  2.0338545424368603E-04,  5.3819089605824044E-01,  1.6732661374727003E+00,  1.0000000000000000E+00,  1.7798892547755320E+04,  3.5597785095510635E+03,  0.0000000000000000E+00,  3.5597785095510635E+03,  1.7798892547755320E+04,  0.0000000000000000E+00,  0.0000000000000000E+00,  0.0000000000000000E+00,  7.1195570191021270E+03
   436, -8.9686801340456257E-01,  3.8914602118021513E+00,  3.6998610145170663E-01,  1.6814706821190535E-03,  9.4700375893627120E-01,  9.6585105270197447E-01,  1.0000000000000000E+00,  2.0425634576645477E+03,  4.0851269153290951E+02,  0.0000000000000000E+00,  4.0851269153290951E+02,  2.0425634576645477E+03,  0.0000000000000000E+00,  0.0000000000000000E+00,  0.0000000000000000E+00,  8.1702538306581903E+02
   437,  2.4560816032049249E+00,  1.0839285295530119E+00,  3.5747939808472601E-01,  9.9720366581870800E-04,  9.0964358790902500E-01,  1.3821347300336086E+00,  1.0000000000000000E+00,  3.4824867160063286E+03,  6.9649734320126572E+02,  0.0000000000000000E+00,  6.9649734320126572E+02,  3.4824867160063286E+03,  0.0000000000000000E+00,  0.0000000000000000E+00,  0.0000000000000000E+00,  1.3929946864025314E+03
   438, -2.1710909504938374E+00,  4.3023347783178068E-01,  7.5231633179047321E+00,  2.5458773516111126E-04,  6.3056439586541990E-01,  9.1996045580660613E-01,  1.0000000000000000E+00,  1.4238663909353611E+04,  2.8477327818707217E+03,  0.0000000000000000E+00,  2.8477327818707217E+03,  1.4238663909353611E+04,  0.0000000000000000E+00,  0.0000000000000000E+00,  0.0000000000000000E+00,  5.6954655637414435E+03
   439, -3.2137256449089911E+01, -1.3159228513991014E+01, -1.5930608937168957E+01,  1.6034878062562386E-04,  4.1180598331761675E-01,  1.1502070152491326E+00,  1.0000000000000000E+00,  2.2669977726300189E+04,  4.5339955452600379E+03,  0.0000000000000000E+00,  4.5339955452600379E+03,  2.2669977726300189E+04,  0.0000000000000000E+00,  0.0000000000000000E+00,  0.0000000000000000E+00,  9.0679910905200759E+03
   440,  2.8140613511952268E+00, -4.8949088920364030E+00, -5.8624230347591171E+00,  1.3759081838039510E-04,  4.0431087274500732E-01,  2.1067354957277473E+00,  1.0000000000000000E+00,  2.2958851779619512E+04,  4.5917703559239026E+03,  0.0000000000000000E+00,  4.5917703559239026E+03,  2.2958851779619512E+04,  0.0000000000000000E+00,  0.0000000000000000E+00,  0.0000000000000000E+00,  9.1835407118478051E+03
   441, -7.8385427432210308E-01, -6.4718465534441352E+00,  4.3205349301853541E-01,  7.4390614354800726E-04,  8.7833156202957596E-01,  1.7424907047869573E+00,  1.0000000000000000E+00,  4.6893043801100939E+03,  9.3786087602201872E+02,  0.0000000000000000E+00,  9.3786087602201872E+02,  4.6893043801100939E+03,  0.0000000000000000E+00,  0.0000000000000000E+00,  0.0000000000000000E+00,  1.8757217520440374E+03
   442, -3.6220201859692343E+00, -9.4143855930812919E+00,  5.5980481945559113E-01,  7.4936499361469300E-04,  8.7908843398847891E-01,  1.6862092218070490E+00,  1.0000000000000000E+00,  4.6601332733607096E+03,  9.3202665467214183E+02,  0.0000000000000000E+00,  9.3202665467214183E+02,  4.6601332733607096E+03,  0.0000000000000000E+00,  0.0000000000000000E+00,  0.0000000000000000E+00,  1.8640533093442837E+03
   443, -1.4335061591345777E+00,  9.3316091386085631E-01, -1.8596514444205694E+00,  7.7636849011397636E-04,  8.8179517341710645E-01,  1.1407733101772661E+00,  1.0000000000000000E+00,  4.5558110245490225E+03,  9.1116220490980459E+02,  0.0000000000000000E+00,  9.1116220490980459E+02,  4.5558110245490225E+03,  0.0000000000000000E+00,  0.0000000000000000E+00,  0.0000000000000000E+00,  1.8223244098196092E+03
   444, -8.8835011116391929E-02, -9.6082555907017930E+00, -4.8099283185730257E-01,  5.3017202237783936E-04,  8.2754998265445334E-01,  2.0025384672500843E+00,  1.0000000000000000E+00,  6.6465110851929448E+03,  1.3293022170385889E+03,  0.0000000000000000E+00,  1.3293022170385889E+03,  6.6465110851929448E+03,  0.0000000000000000E+00,  0.0000000000000000E+00,  0.0000000000000000E+00,  2.6586044340771778E+03
   445, -3.6708008867778719E-01, -9.8234546530360656E-01,  2.9398367760818322E-01,  6.8674627887800751E-04,  8.6600627111160700E-01,  1.1957991322040051E+00,  1.0000000000000000E+00,  5.1643416342401479E+03,  1.0328683268480295E+03,  0.0000000000000000E+00,  1.0328683268480295E+03,  5.1643416342401479E+03,  0.0000000000000000E+00,  0.0000000000000000E+00,  0.0000000000000000E+00,  2.0657366536960590E+03
   446,  1.6967010656727082E+00, -1.3910018668420209E+01, -8.3102973371668316E+00,  1.0063374351970843E-04,  1.8264139456819364E-01,  2.1792476732556483E+00,  1.0000000000000000E+00,  3.1502362917684208E+04,  6.3004725835368417E+03,  0.0000000000000000E+00,  6.3004725835368417E+03,  3.1502362917684208E+04,  0.0000000000000000E+00,  0.0000000000000000E+00,  0.0000000000000000E+00,  1.2600945167073683E+04
   447, -5.0485266102927593E+00,  3.3947045405124836E+00, -2.2283774988116870E-01,  9.4487288246776122E-04,  9.0314971231753927E-01,  1.0003477364980453E+00,  1.0000000000000000E+00,  3.7327715044281745E+03,  7.4655430088563492E+02,  0.0000000000000000E+00,  7.4655430088563492E+02,  3.7327715044281745E+03,  0.0000000000000000E+00,  0.0000000000000000E+00,  0.0000000000000000E+00,  1.4931086017712698E+03
   448,  1.8799759272180956E+00,  7.4604465093222749E-01,  3.3485029843662582E+00,  6.7152926372198579E-04,  8.6218405145260379E-01,  9.7340963979673989E-01,  1.0000000000000000E+00,  5.3116563502642293E+03,  1.0623312700528459E+03,  0.0000000000000000E+00,  1.0623312700528459E+03,  5.3116563502642293E+03,  0.0000000000000000E+00,  0.0000000000000000E+00,  0.0000000000000000E+00,  2.1246625401056917E+03
   449,  2.1613337528022285E+00,  9.9319385026299445E-01,  1.5645485637505346E-01,  2.7841309843282102E-03,  9.7126407384221225E-01,  1.5968970791027894E+00,  1.0000000000000000E+00,  1.1075304873314030E+03,  2.2150609746628058E+02,  0.0000000000000000E+00,  2.2150609746628058E+02,  1.1075304873314030E+03,  0.0000000000000000E+00,  0.0000000000000000E+00,  0.0000000000000000E+00,  4.4301219493256116E+02
   450,  8.7392541801520662E-01, -9.6619631962887431E-01, -1.8920055127965457E-01,  9.8529790138447660E-04,  9.1047494869353496E-01,  2.0103274125030590E+00,  1.0000000000000000E+00,  3.4504446857700073E+03,  6.9008893715400143E+02,  0.0000000000000000E+00,  6.9008893715400143E+02,  3.4504446857700073E+03,  0.0000000000000000E+00,  0.0000000000000000E+00,  0.0000000000000000E+00,  1.3801778743080029E+03
   451, -5.7949062292656288E+00, -1.0458920591992544E+00,  4.2648804215925989E-01,  6.5947512367245571E-04,  8.5956286719745800E-01,  9.6114536828686370E-01,  1.0000000000000000E+00,  5.4126811600979736E+03,  1.0825362320195945E+03,  0.0000000000000000E+00,  1.0825362320195945E+03,  5.4126811600979736E+03,  0.0000000000000000E+00,  0.0000000000000000E+00,  0.0000000000000000E+00,  2.1650724640391891E+03
   452, -1.8341580071670677E+01, -3.2812809093871818E+00,  2.7003854929966780E+00,  8.8648811303886576E-05,  5.5020638959874391E-01,  9.3381742721367944E-01,  1.0000000000000000E+00,  1.7335795400881747E+04,  3.4671590801763491E+03,  0.0000000000000000E+00,  3.4671590801763491E+03,  1.7335795400881747E+04,  0.0000000000000000E+00,  0.0000000000000000E+00,  0.0000000000000000E+00,  6.9343181603526982E+03
   453,  1.2329930592475749E-01,  1.7034437798902851E+00,  7.4632575876211138E-01,  7.3830805583543764E-04,  9.3127918781696883E-01,  8.9768195315306276E-01,  1.0000000000000000E+00,  2.6486146362209934E+03,  5.2972292724419856E+02,  0.0000000000000000E+00,  5.2972292724419856E+02,  2.6486146362209934E+03,  0.0000000000000000E+00,  0.0000000000000000E+00,  0.0000000000000000E+00,  1.0594458544883971E+03
   454,  1.4985145191308387E+00,  2.0203555613410975E+00,  8.0026799166829343E-01,  1.5550498923291053E-03,  9.4222737876504459E-01,  9.0661631961930766E-01,  1.0000000000000000E+00,  2.2266531100972402E+03,  4.4533062201944801E+02,  0.0000000000000000E+00,  4.4533062201944801E+02,  2.2266531100972402E+03,  0.0000000000000000E+00,  0.0000000000000000E+00,  0.0000000000000000E+00,  8.9066124403889603E+02
   455, -1.8278765712255429E+00, -5.8844538264914705E+00,  1.3737670515725817E+00,  2.5844713638448257E-04,  7.0587041272027140E-01,  1.2965109549729679E+00,  1.0000000000000000E+00,  1.1336244509739541E+04,  2.2672489019479081E+03,  0.0000000000000000E+00,  2.2672489019479081E+03,  1.1336244509739541E+04,  0.0000000000000000E+00,  0.0000000000000000E+00,  0.0000000000000000E+00,  4.5344978038958161E+03
   456, -4.9202700791924139E+00, -5.4408248100845835E-01, -3.2350065943111268E+00,  2.4848926312012656E-04,  6.2189726185345506E-01,  1.1321834533181487E+00,  1.0000000000000000E+00,  1.4572709699398089E+04,  2.9145419398796175E+03,  0.0000000000000000E+00,  2.9145419398796175E+03,  1.4572709699398089E+04,  0.0000000000000000E+00,  0.0000000000000000E+00,  0.0000000000000000E+00,  5.8290838797592351E+03
   457,  3.3285415431978702E+00, -5.7861728946965940E-01, -1.9936150264006425E+00,  9.6286815404628351E-04,  9.0872341218984964E-01,  2.1693691901165368E+00,  1.0000000000000000E+00,  3.5179518218495455E+03,  7.0359036436990903E+02,  0.0000000000000000E+00,  7.0359036436990903E+02,  3.5179518218495455E+03,  0.0000000000000000E+00,  0.0000000000000000E+00,  0.0000000000000000E+00,  1.4071807287398181E+03
   458,  4.0571957962543763E+00, -1.2240527914329065E+00,  1.4536998230538118E+00,  5.9315890000293404E-04,  8.4469608250803863E-01,  1.3638333746900511E+00,  1.0000000000000000E+00,  5.9856718200026789E+03,  1.1971343640005357E+03,  0.0000000000000000E+00,  1.1971343640005357E+03,  5.9856718200026789E+03,  0.0000000000000000E+00,  0.0000000000000000E+00,  0.0000000000000000E+00,  2.3942687280010714E+03
   459, -3.8315214349199060E+01, -2.2761154441941449E+00,  2.0889408893977039E+00,  1.2939243397811005E-04,  2.6989680368396129E-01,  9.7354651689100669E-01,  1.0000000000000000E+00,  2.8139394024680663E+04,  5.6278788049361319E+03,  0.0000000000000000E+00,  5.6278788049361319E+03,  2.8139394024680663E+04,  0.0000000000000000E+00,  0.0000000000000000E+00,  0.0000000000000000E+00,  1.1255757609872264E+04
   460,  2.1340155685592368E+00,  5.8836329770181461E-01,  1.7406942456181711E+00,  9.3026972296337651E-04,  9.0169115769602437E-01,  1.0370534905122868E+00,  1.0000000000000000E+00,  3.7889866304657280E+03,  7.5779732609314556E+02,  0.0000000000000000E+00,  7.5779732609314556E+02,  3.7889866304657280E+03,  0.0000000000000000E+00,  0.0000000000000000E+00,  0.0000000000000000E+00,  1.5155946521862911E+03
   461,  1.3348280327008857E+00,  2.1956471079709750E+00, -5.9918337930895593E-01,  1.2970459951854101E-03,  9.3081061773826013E-01,  1.1238759622089070E+00,  1.0000000000000000E+00,  2.6666741080045581E+03,  5.3333482160091160E+02,  0.0000000000000000E+00,  5.3333482160091160E+02,  2.6666741080045581E+03,  0.0000000000000000E+00,  0.0000000000000000E+00,  0.0000000000000000E+00,  1.0666696432018232E+03
   462, -1.7844068874798599E-01, -5.8120815597860309E+00,  7.7110530904006924E-01,  8.6386130323433592E-04,  8.9560062188311229E-01,  1.5904594271575134E+00,  1.0000000000000000E+00,  4.0237260315883809E+03,  8.0474520631767621E+02,  0.0000000000000000E+00,  8.0474520631767621E+02,  4.0237260315883809E+03,  0.0000000000000000E+00,  0.0000000000000000E+00,  0.0000000000000000E+00,  1.6094904126353524E+03
   463, -3.1382467078885612E+00, -3.9733679870494498E-01,  6.5564764014646848E-01,  9.4693003481074718E-04,  9.0311227902755042E-01,  9.2093970742515929E-01,  1.0000000000000000E+00,  3.7342142458131611E+03,  7.4684284916263221E+02,  0.0000000000000000E+00,  7.4684284916263221E+02,  3.7342142458131611E+03,  0.0000000000000000E+00,  0.0000000000000000E+00,  0.0000000000000000E+00,  1.4936856983252644E+03
   464,  2.8213224532709003E+00,  1.6640473645143911E-01, -1.7605791032576357E+00,  1.0770370487569599E-03,  9.1938723037883907E-01,  2.2346459607525588E+00,  1.0000000000000000E+00,  3.1069504958155781E+03,  6.2139009916311556E+02,  0.0000000000000000E+00,  6.2139009916311556E+02,  3.1069504958155781E+03,  0.0000000000000000E+00,  0.0000000000000000E+00,  0.0000000000000000E+00,  1.2427801983262311E+03
   465, -2.4336738720178079E+00,  3.2984371975333779E+00,  3.1093421689068773E-01,  3.9781936969358466E-04,  7.6494053248811344E-01,  9.7509233186897126E-01,  1.0000000000000000E+00,  9.0595836436872960E+03,  1.8119167287374589E+03,  0.0000000000000000E+00,  1.8119167287374589E+03,  9.0595836436872960E+03,  0.0000000000000000E+00,  0.0000000000000000E+00,  0.0000000000000000E+00,  3.6238334574749179E+03
   466, -1.4563038119006617E+01, -6.9447068857757008E+00, -4.1755384784151897E+00,  3.3152915271534878E-04,  7.2274263155208551E-01,  1.0930585457098732E+00,  1.0000000000000000E+00,  1.0685961075596706E+04,  2.1371922151193412E+03,  0.0000000000000000E+00,  2.1371922151193412E+03,  1.0685961075596706E+04,  0.0000000000000000E+00,  0.0000000000000000E+00,  0.0000000000000000E+00,  4.2743844302386824E+03
   467, -1.5148870194503001E+01,  1.0913308524324030E+00, -4.7742437948419036E+00,  2.6722600765969782E-04,  6.4847182930110869E-01,  1.0363834414540691E+00,  1.0000000000000000E+00,  1.3548481579019770E+04,  2.7096963158039539E+03,  0.0000000000000000E+00,  2.7096963158039539E+03,  1.3548481579019770E+04,  0.0000000000000000E+00,  0.0000000000000000E+00,  0.0000000000000000E+00,  5.4193926316079078E+03
   468, -3.8271246202397751E+00,  8.9686748873822641E-01,  3.6934056642431692E+00,  8.8026873924185989E-05,  5.5180115700551058E-01,  8.9504859684992943E-01,  1.0000000000000000E+00,  1.7274330407079284E+04,  3.4548660814158561E+03,  0.0000000000000000E+00,  3.4548660814158561E+03,  1.7274330407079284E+04,  0.0000000000000000E+00,  0.0000000000000000E+00,  0.0000000000000000E+00,  6.9097321628317122E+03
   469,  3.2181248397606699E+00,  9.8879584391285431E-04, -1.4366902172431303E-01,  1.1592838597307598E-03,  9.2491655072456735E-01,  2.0019853855354688E+00,  1.0000000000000000E+00,  2.8938412741573002E+03,  5.7876825483146001E+02,  0.0000000000000000E+00,  5.7876825483146001E+02,  2.8938412741573002E+03,  0.0000000000000000E+00,  0.0000000000000000E+00,  0.0000000000000000E+00,  1.1575365096629200E+03
   470,  1.1789333512302824E+00,  2.1678126977338987E+00,  1.7156549784673416E+00,  1.0955201140007949E-03,  9.1666112075924322E-01,  9.0935697646588631E-01,  1.0000000000000000E+00,  3.2120193040708346E+03,  6.4240386081416693E+02,  0.0000000000000000E+00,  6.4240386081416693E+02,  3.2120193040708346E+03,  0.0000000000000000E+00,  0.0000000000000000E+00,  0.0000000000000000E+00,  1.2848077216283339E+03
   471,  1.1182566824853467E-01, -1.2663423657376542E+01, -9.8095638744913671E-01,  6.0240620093298530E-04,  8.4909272329715546E-01,  2.0058190590277105E+00,  1.0000000000000000E+00,  5.8162179562554675E+03,  1.1632435912510934E+03,  0.0000000000000000E+00,  1.1632435912510934E+03,  5.8162179562554675E+03,  0.0000000000000000E+00,  0.0000000000000000E+00,  0.0000000000000000E+00,  2.3264871825021869E+03
   472, -7.8434316701396085E+00,  1.0269735407415195E+00,  2.0239422626232879E+00,  6.1994220769510488E-04,  8.5026910769056308E-01,  9.2302892466332676E-01,  1.0000000000000000E+00,  5.7708781410928823E+03,  1.1541756282185763E+03,  0.0000000000000000E+00,  1.1541756282185763E+03,  5.7708781410928823E+03,  0.0000000000000000E+00,  0.0000000000000000E+00,  0.0000000000000000E+00,  2.3083512564371526E+03
   473, -2.4099762179033171E+00, -1.1689620248337741E+01, -9.4884508553495406E-01,  5.7280234799362824E-04,  8.4093829029186706E-01,  2.0102159377961217E+00,  1.0000000000000000E+00,  6.1305033950009574E+03,  1.2261006790001916E+03,  0.0000000000000000E+00,  1.2261006790001916E+03,  6.1305033950009574E+03,  0.0000000000000000E+00,  0.0000000000000000E+00,  0.0000000000000000E+00,  2.4522013580003832E+03
   474,  1.5785978149602731E+00,  1.2517082392592855E+00, -2.6423730000220469E+00,  1.3702999431046184E-03,  9.3580380463371005E-01,  1.4599997276881747E+00,  1.0000000000000000E+00,  2.4742283630757588E+03,  4.9484567261515178E+02,  0.0000000000000000E+00,  4.9484567261515178E+02,  2.4742283630757588E+03,  0.0000000000000000E+00,  0.0000000000000000E+00,  0.0000000000000000E+00,  9.8969134523030357E+02
   475, -7.9690838553735244E+00, -3.3229149658272701E+00, -1.2362682610714711E-01,  5.2406218078140021E-04,  8.2249353113361623E-01,  1.0003534389474438E+00,  1.0000000000000000E+00,  6.8413951542252089E+03,  1.3682790308450417E+03,  0.0000000000000000E+00,  1.3682790308450417E+03,  6.8413951542252089E+03,  0.0000000000000000E+00,  0.0000000000000000E+00,  0.0000000000000000E+00,  2.7365580616900834E+03
   476, -4.5692991692048969E-02,  1.8928092362676288E+00, -2.1268360277468172E+00,  9.3965123515341075E-04,  9.3139353088260379E-01,  1.1890060669537046E+00,  1.0000000000000000E+00,  2.6442076638996459E+03,  5.2884153277992914E+02,  0.0000000000000000E+00,  5.2884153277992914E+02,  2.6442076638996459E+03,  0.0000000000000000E+00,  0.0000000000000000E+00,  0.0000000000000000E+00,  1.0576830655598583E+03
   477, -1.7889314979673159E+00,  1.3666729567668980E+00, -1.0474631060067621E+00,  6.2268589507706107E-04,  8.5131636397466304E-01,  1.0445260641352190E+00,  1.0000000000000000E+00,  5.7305151384765295E+03,  1.1461030276953059E+03,  0.0000000000000000E+00,  1.1461030276953059E+03,  5.7305151384765295E+03,  0.0000000000000000E+00,  0.0000000000000000E+00,  0.0000000000000000E+00,  2.2922060553906117E+03
   478, -6.9515892925357576E+00, -4.8307555063355911E+00,  2.1629031888378645E+00,  6.7260912880249147E-04,  8.6217789724058158E-01,  8.9837915040989036E-01,  1.0000000000000000E+00,  5.3118935438525859E+03,  1.0623787087705171E+03,  0.0000000000000000E+00,  1.0623787087705171E+03,  5.3118935438525859E+03,  0.0000000000000000E+00,  0.0000000000000000E+00,  0.0000000000000000E+00,  2.1247574175410341E+03
   479,  4.2402212109041262E+00, -5.3154575684257308E+00,  2.4418297876097266E+00,  3.1018480272372383E-04,  7.3107470807366681E-01,  1.3885883386388704E+00,  1.0000000000000000E+00,  1.0364828959660759E+04,  2.0729657919321517E+03,  0.0000000000000000E+00,  2.0729657919321517E+03,  1.0364828959660759E+04,  0.0000000000000000E+00,  0.0000000000000000E+00,  0.0000000000000000E+00,  4.1459315838643033E+03
   480, -1.9839848683217520E+00, -2.0380488308146876E+00, -9.6135648415886427E-02,  8.2200943737020414E-04,  8.9020496545918670E-01,  1.6559926853195586E+00,  1.0000000000000000E+00,  4.2316836229271794E+03,  8.4633672458543595E+02,  0.0000000000000000E+00,  8.4633672458543595E+02,  4.2316836229271794E+03,  0.0000000000000000E+00,  0.0000000000000000E+00,  0.0000000000000000E+00,  1.6926734491708719E+03
   481,  2.8763424348628615E+00,  3.3606713115614290E-01, -1.0330166963702425E+00,  1.0973820987124250E-03,  9.2067313618755708E-01,  2.1224976989931927E+00,  1.0000000000000000E+00,  3.0573895427712378E+03,  6.1147790855424751E+02,  0.0000000000000000E+00,  6.1147790855424751E+02,  3.0573895427712378E+03,  0.0000000000000000E+00,  0.0000000000000000E+00,  0.0000000000000000E+00,  1.2229558171084950E+03
   482, -1.0964931891726083E+01, -1.5467010599426281E+01, -6.6685674421354590E-01,  4.0260886325248956E-04,  7.7068593129989704E-01,  2.0209177531414744E+00,  1.0000000000000000E+00,  8.8381463978164684E+03,  1.7676292795632937E+03,  0.0000000000000000E+00,  1.7676292795632937E+03,  8.8381463978164684E+03,  0.0000000000000000E+00,  0.0000000000000000E+00,  0.0000000000000000E+00,  3.5352585591265874E+03
   483, -9.7817397487800972E-01, -1.6121665764425211E-01,  1.6501605806152562E+00,  1.9221058816905090E-04,  9.1909266769072895E-01,  9.1269661791356260E-01,  1.0000000000000000E+00,  3.1183034327531554E+03,  6.2366068655063111E+02,  0.0000000000000000E+00,  6.2366068655063111E+02,  3.1183034327531554E+03,  0.0000000000000000E+00,  0.0000000000000000E+00,  0.0000000000000000E+00,  1.2473213731012622E+03
   484, -1.4543751201667534E+00,  4.2330565253695607E+00, -1.2971602233632384E+00,  7.0801894753870368E-04,  8.6962347837491438E-01,  1.0233383602147683E+00,  1.0000000000000000E+00,  5.0249284376335090E+03,  1.0049856875267017E+03,  0.0000000000000000E+00,  1.0049856875267017E+03,  5.0249284376335090E+03,  0.0000000000000000E+00,  0.0000000000000000E+00,  0.0000000000000000E+00,  2.0099713750534033E+03
   485, -1.0257688772048587E+01,  5.0608522480945783E+00, -5.5706178143780356E+00,  2.9495879606594423E-04,  6.8191760022224790E-01,  1.0515473642241260E+00,  1.0000000000000000E+00,  1.2259425824767530E+04,  2.4518851649535059E+03,  0.0000000000000000E+00,  2.4518851649535059E+03,  1.2259425824767530E+04,  0.0000000000000000E+00,  0.0000000000000000E+00,  0.0000000000000000E+00,  4.9037703299070117E+03
   486, -3.2704905327256633E+00,  5.0890916590424506E+00, -1.7469974088986908E+00,  4.7924896782991321E-04,  8.0561319763510453E-01,  1.0199166501294752E+00,  1.0000000000000000E+00,  7.4919913411470143E+03,  1.4983982682294027E+03,  0.0000000000000000E+00,  1.4983982682294027E+03,  7.4919913411470143E+03,  0.0000000000000000E+00,  0.0000000000000000E+00,  0.0000000000000000E+00,  2.9967965364588053E+03
   487,  3.1219743169098333E+00, -1.9559011040110037E+00,  2.9800000251405563E+00,  6.2585843679953824E-04,  8.5239795040289135E-01,  1.1452740244829935E+00,  1.0000000000000000E+00,  5.6888289948885631E+03,  1.1377657989777126E+03,  0.0000000000000000E+00,  1.1377657989777126E+03,  5.6888289948885631E+03,  0.0000000000000000E+00,  0.0000000000000000E+00,  0.0000000000000000E+00,  2.2755315979554252E+03
   488,  3.9932032193844331E+00, -1.1255043610589204E+00, -5.0176660073452373E-01,  9.6817621824502802E-04,  9.0876638152797240E-01,  2.0094066325846045E+00,  1.0000000000000000E+00,  3.5162957119427310E+03,  7.0325914238854614E+02,  0.0000000000000000E+00,  7.0325914238854614E+02,  3.5162957119427310E+03,  0.0000000000000000E+00,  0.0000000000000000E+00,  0.0000000000000000E+00,  1.4065182847770923E+03
   489,  5.9009932812270793E-01,  2.1032294253361203E+00,  3.2194000092601920E+00,  6.4030625221402917E-04,  8.5510876637992794E-01,  9.1381228320075736E-01,  1.0000000000000000E+00,  5.5843496291069450E+03,  1.1168699258213890E+03,  0.0000000000000000E+00,  1.1168699258213890E+03,  5.5843496291069450E+03,  0.0000000000000000E+00,  0.0000000000000000E+00,  0.0000000000000000E+00,  2.2337398516427779E+03
   490,  1.0859770634702972E+00, -7.9493038555931994E-01,  6.7461443729098999E-02,  8.4943869771808946E-04,  8.9459917007541967E-01,  1.8674938821651077E+00,  1.0000000000000000E+00,  4.0623236533432009E+03,  8.1246473066864007E+02,  0.0000000000000000E+00,  8.1246473066864007E+02,  4.0623236533432009E+03,  0.0000000000000000E+00,  0.0000000000000000E+00,  0.0000000000000000E+00,  1.6249294613372801E+03
   491, -3.3149230230996821E+01, -1.6804105956053522E+01,  6.3056486917412675E+00,  8.0977565384454837E-05,  3.2952989175975617E-01,  9.0264834333768895E-01,  1.0000000000000000E+00,  2.5841035421759399E+04,  5.1682070843518795E+03,  0.0000000000000000E+00,  5.1682070843518795E+03,  2.5841035421759399E+04,  0.0000000000000000E+00,  0.0000000000000000E+00,  0.0000000000000000E+00,  1.0336414168703759E+04
   492,  5.3840803373376867E-01, -3.2591137856499168E+00,  9.6778350753229569E-01,  6.2986097552057902E-04,  8.5410913931955423E-01,  1.3894930602815594E+00,  1.0000000000000000E+00,  5.6228769220588483E+03,  1.1245753844117696E+03,  0.0000000000000000E+00,  1.1245753844117696E+03,  5.6228769220588483E+03,  0.0000000000000000E+00,  0.0000000000000000E+00,  0.0000000000000000E+00,  2.2491507688235392E+03
   493, -7.3346487712001140E+00, -2.1360410439941786E+00, -9.6669085924279052E-01,  5.0696079223430603E-04,  8.9506507269635027E-01,  1.0160587508240020E+00,  1.0000000000000000E+00,  4.0443669898281669E+03,  8.0887339796563333E+02,  0.0000000000000000E+00,  8.0887339796563333E+02,  4.0443669898281669E+03,  0.0000000000000000E+00,  0.0000000000000000E+00,  0.0000000000000000E+00,  1.6177467959312667E+03
   494,  2.4983220384929061E+00, -1.2114429337807380E+01, -2.5548398964717701E-02,  4.0506831605556271E-04,  7.7206449287432355E-01,  2.0000030567533837E+00,  1.0000000000000000E+00,  8.7850143371354479E+03,  1.7570028674270895E+03,  0.0000000000000000E+00,  1.7570028674270895E+03,  8.7850143371354479E+03,  0.0000000000000000E+00,  0.0000000000000000E+00,  0.0000000000000000E+00,  3.5140057348541791E+03
   495,  1.5168531157379535E+00,  1.2644132935205257E+00, -6.7928782959870870E-02,  3.8801233620490636E-03,  9.8202571392468718E-01,  2.0625269439960734E+00,  1.0000000000000000E+00,  6.9275894248601492E+02,  1.3855178849720298E+02,  0.0000000000000000E+00,  1.3855178849720298E+02,  6.9275894248601492E+02,  0.0000000000000000E+00,  0.0000000000000000E+00,  0.0000000000000000E+00,  2.7710357699440596E+02
   496,  1.4933667579203449E+00,  1.8949557425214940E+00,  8.0021490905083803E-01,  2.5907786104656470E-03,  9.6658774935532588E-01,  9.1240224396477276E-01,  1.0000000000000000E+00,  1.2877638269301488E+03,  2.5755276538602971E+02,  0.0000000000000000E+00,  2.5755276538602971E+02,  1.2877638269301488E+03,  0.0000000000000000E+00,  0.0000000000000000E+00,  0.0000000000000000E+00,  5.1510553077205941E+02
   497, -2.0567931283476129E+00, -1.3214587145124885E+00,  9.8187204228984648E-01,  8.0695628134711450E-04,  8.8567879492024004E-01,  9.0359938870313572E-01,  1.0000000000000000E+00,  4.4061297791157485E+03,  8.8122595582314977E+02,  0.0000000000000000E+00,  8.8122595582314977E+02,  4.4061297791157485E+03,  0.0000000000000000E+00,  0.0000000000000000E+00,  0.0000000000000000E+00,  1.7624519116462995E+03
   498,  1.4055114354946021E+00,  5.9248899654978415E-01,  3.8886647114561318E-01,  8.7991660191515325E-04,  8.9635867961924443E-01,  1.1955324302301438E+00,  1.0000000000000000E+00,  3.9945092230082882E+03,  7.9890184460165767E+02,  0.0000000000000000E+00,  7.9890184460165767E+02,  3.9945092230082882E+03,  0.0000000000000000E+00,  0.0000000000000000E+00,  0.0000000000000000E+00,  1.5978036892033153E+03
   499, -4.4006541388040171E-01,  1.1367735127664296E+00,  1.5267856627909779E+00,  9.9877520068480984E-04,  9.0823659320551042E-01,  8.9754783883495159E-01,  1.0000000000000000E+00,  3.5367146368709527E+03,  7.0734292737419059E+02,  0.0000000000000000E+00,  7.0734292737419059E+02,  3.5367146368709527E+03,  0.0000000000000000E+00,  0.0000000000000000E+00,  0.0000000000000000E+00,  1.4146858547483812E+03
   500, -2.1412806656361925E+00,  2.0891099834910194E+00,  7.5663424191047242E-03,  8.1560758610710131E-04,  8.8722932736501792E-01,  9.9910811580554726E-01,  1.0000000000000000E+00,  4.3463696744732688E+03,  8.6927393489465362E+02,  0.0000000000000000E+00,  8.6927393489465362E+02,  4.3463696744732688E+03,  0.0000000000000000E+00,  0.0000000000000000E+00,  0.0000000000000000E+00,  1.7385478697893072E+03
   501,  4.3931816094589911E+00, -1.7067262484766226E+00, -3.1089122842978451E-01,  7.6566204219635282E-04,  8.8276740000098608E-01,  2.0025825134359021E+00,  1.0000000000000000E+00,  4.5183397916286622E+03,  9.0366795832573234E+02,  0.0000000000000000E+00,  9.0366795832573234E+02,  4.5183397916286622E+03,  0.0000000000000000E+00,  0.0000000000000000E+00,  0.0000000000000000E+00,  1.8073359166514647E+03
   502, -3.3662948832489339E+00, -3.9563897095443781E+00,  6.2003804857135481E-01,  8.2911903686435056E-04,  8.8927185721516433E-01,  1.0452127924572754E+00,  1.0000000000000000E+00,  4.2676471698322084E+03,  8.5352943396644173E+02,  0.0000000000000000E+00,  8.5352943396644173E+02,  4.2676471698322084E+03,  0.0000000000000000E+00,  0.0000000000000000E+00,  0.0000000000000000E+00,  1.7070588679328835E+03
   503, -6.2167153870594727E-01, -2.4901061445479961E-01,  2.2239251566530691E+00,  3.1456266803316915E-04,  7.0167082648444001E-01,  9.3066000010910066E-01,  1.0000000000000000E+00,  1.1498103562578875E+04,  2.2996207125157753E+03,  0.0000000000000000E+00,  2.2996207125157753E+03,  1.1498103562578875E+04,  0.0000000000000000E+00,  0.0000000000000000E+00,  0.0000000000000000E+00,  4.5992414250315505E+03
   504,  1.3082689258944704E+00,  2.1378433944804156E+00, -2.5637165802026607E-01,  2.1838280268431055E-03,  9.6019884022676061E-01,  1.0395725590771168E+00,  1.0000000000000000E+00,  1.5340030329269350E+03,  3.0680060658538702E+02,  0.0000000000000000E+00,  3.0680060658538702E+02,  1.5340030329269350E+03,  0.0000000000000000E+00,  0.0000000000000000E+00,  0.0000000000000000E+00,  6.1360121317077403E+02
   505, -6.5242521924719927E+00,  4.9578490046876142E+00, -2.4695123734270980E-01,  5.4283994187259146E-04,  8.2875878513435919E-01,  1.0002310457595567E+00,  1.0000000000000000E+00,  6.5999218229465741E+03,  1.3199843645893147E+03,  0.0000000000000000E+00,  1.3199843645893147E+03,  6.5999218229465741E+03,  0.0000000000000000E+00,  0.0000000000000000E+00,  0.0000000000000000E+00,  2.6399687291786295E+03
   506,  9.5483654704970955E-01,  2.5805596648539209E+00, -5.8523239374064406E-01,  1.0611641966677098E-03,  9.1431638263869941E-01,  1.0507275685782287E+00,  1.0000000000000000E+00,  3.3023894191334607E+03,  6.6047788382669205E+02,  0.0000000000000000E+00,  6.6047788382669205E+02,  3.3023894191334607E+03,  0.0000000000000000E+00,  0.0000000000000000E+00,  0.0000000000000000E+00,  1.3209557676533841E+03
   507, -2.6356769009424390E+00,  4.9259659590118767E+00, -4.4551273065721281E-01,  9.5351532979721194E-04,  9.0406428339106526E-01,  1.0017222039596447E+00,  1.0000000000000000E+00,  3.6975224109693604E+03,  7.3950448219387204E+02,  0.0000000000000000E+00,  7.3950448219387204E+02,  3.6975224109693604E+03,  0.0000000000000000E+00,  0.0000000000000000E+00,  0.0000000000000000E+00,  1.4790089643877441E+03
   508, -7.5173245789899990E-01, -1.3795512351678969E+00,  1.4684218932223099E+00,  8.9161706731102062E-04,  8.9709510607479848E-01,  9.8268116099336378E-01,  1.0000000000000000E+00,  3.9661261200338090E+03,  7.9322522400676178E+02,  0.0000000000000000E+00,  7.9322522400676178E+02,  3.9661261200338090E+03,  0.0000000000000000E+00,  0.0000000000000000E+00,  0.0000000000000000E+00,  1.5864504480135236E+03
   509, -2.5860261788503147E-03, -1.1451647259491151E+00,  2.5062251259175949E-01,  7.9345070060315938E-04,  9.3198881685852053E-01,  1.4396895460864150E+00,  1.0000000000000000E+00,  2.6212643502445217E+03,  5.2425287004890424E+02,  0.0000000000000000E+00,  5.2425287004890424E+02,  2.6212643502445217E+03,  0.0000000000000000E+00,  0.0000000000000000E+00,  0.0000000000000000E+00,  1.0485057400978085E+03
   510, -1.2452047082476083E+00, -5.1291382141175434E+00,  8.4706206338511725E-01,  8.8780082992761730E-04,  8.9809704788685685E-01,  1.4416046760478241E+00,  1.0000000000000000E+00,  3.9275096126940593E+03,  7.8550192253881187E+02,  0.0000000000000000E+00,  7.8550192253881187E+02,  3.9275096126940593E+03,  0.0000000000000000E+00,  0.0000000000000000E+00,  0.0000000000000000E+00,  1.5710038450776237E+03
   511, -8.8698362950073140E-01,  1.3568499224295496E+00,  9.4383844307444820E-01,  8.9471967980422136E-04,  8.9719992719744435E-01,  9.0026512011052084E-01,  1.0000000000000000E+00,  3.9620861392651664E+03,  7.9241722785303318E+02,  0.0000000000000000E+00,  7.9241722785303318E+02,  3.9620861392651664E+03,  0.0000000000000000E+00,  0.0000000000000000E+00,  0.0000000000000000E+00,  1.5848344557060664E+03
   512, -4.2544218820539070E+00, -1.4051421535999571E+00,  1.6086647911976357E+00,  9.7324689503410259E-04,  9.0573785358803927E-01,  8.9516674403753038E-01,  1.0000000000000000E+00,  3.6330202262943203E+03,  7.2660404525886406E+02,  0.0000000000000000E+00,  7.2660404525886406E+02,  3.6330202262943203E+03,  0.0000000000000000E+00,  0.0000000000000000E+00,  0.0000000000000000E+00,  1.4532080905177281E+03
   513, -2.8078544966332921E+00,  4.7663761203156838E+00,  1.8070073139379743E+00,  5.9458186712333652E-04,  8.4373428969700059E-01,  9.2105662094759388E-01,  1.0000000000000000E+00,  6.0227409179281030E+03,  1.2045481835856206E+03,  0.0000000000000000E+00,  1.2045481835856206E+03,  6.0227409179281030E+03,  0.0000000000000000E+00,  0.0000000000000000E+00,  0.0000000000000000E+00,  2.4090963671712411E+03
   514, -5.1479030613218379E-01,  3.7462586616569835E+00, -6.7561980488517481E-01,  6.6261801910165181E-04,  8.6040261159022513E-01,  1.0119044133858772E+00,  1.0000000000000000E+00,  5.3803160116267409E+03,  1.0760632023253481E+03,  0.0000000000000000E+00,  1.0760632023253481E+03,  5.3803160116267409E+03,  0.0000000000000000E+00,  0.0000000000000000E+00,  0.0000000000000000E+00,  2.1521264046506963E+03
   515, -1.9400050740842596E+00,  3.4409071231170376E+00, -4.2666862448173809E-01,  7.0049560923227377E-04,  8.6812058725540142E-01,  1.0030999638563212E+00,  1.0000000000000000E+00,  5.0828523661980707E+03,  1.0165704732396141E+03,  0.0000000000000000E+00,  1.0165704732396141E+03,  5.0828523661980707E+03,  0.0000000000000000E+00,  0.0000000000000000E+00,  0.0000000000000000E+00,  2.0331409464792282E+03
   516,  2.6913578773487439E+00,  7.0789154916160302E-01,  1.6337688637887482E+00,  3.7073104166809856E-04,  7.4779020112801708E-01,  1.0796918278705885E+00,  1.0000000000000000E+00,  9.7205859981910089E+03,  1.9441171996382018E+03,  0.0000000000000000E+00,  1.9441171996382018E+03,  9.7205859981910089E+03,  0.0000000000000000E+00,  0.0000000000000000E+00,  0.0000000000000000E+00,  3.8882343992764036E+03
   517,  0.0000000000000000E+00,  0.0000000000000000E+00,  0.0000000000000000E+00,  0.0000000000000000E+00,  0.0000000000000000E+00,  2.0000000000000000E+00,  1.0000000000000000E+00,  3.8541666666666672E+04,  7.7083333333333339E+03,  0.0000000000000000E+00,  7.7083333333333339E+03,  3.8541666666666672E+04,  0.0000000000000000E+00,  0.0000000000000000E+00,  0.0000000000000000E+00,  1.5416666666666668E+04
   518,  0.0000000000000000E+00,  0.0000000000000000E+00,  0.0000000000000000E+00,  0.0000000000000000E+00,  0.0000000000000000E+00,  2.0000000000000000E+00,  1.0000000000000000E+00,  3.8541666666666672E+04,  7.7083333333333339E+03,  0.0000000000000000E+00,  7.7083333333333339E+03,  3.8541666666666672E+04,  0.0000000000000000E+00,  0.0000000000000000E+00,  0.0000000000000000E+00,  1.5416666666666668E+04
   519,  0.0000000000000000E+00,  0.0000000000000000E+00,  0.0000000000000000E+00,  0.0000000000000000E+00,  0.0000000000000000E+00,  2.0000000000000000E+00,  1.0000000000000000E+00,  3.8541666666666672E+04,  7.7083333333333339E+03,  0.0000000000000000E+00,  7.7083333333333339E+03,  3.8541666666666672E+04,  0.0000000000000000E+00,  0.0000000000000000E+00,  0.0000000000000000E+00,  1.5416666666666668E+04
   520,  1.8677674824519976E+00,  1.8677674824519976E+00,  0.0000000000000000E+00,  2.3174240017711823E-04,  5.9615838217254113E-01,  2.0000000000000000E+00,  1.0000000000000000E+00,  1.5564729020433313E+04,  3.1129458040866625E+03,  0.0000000000000000E+00,  3.1129458040866625E+03,  1.5564729020433313E+04,  0.0000000000000000E+00,  0.0000000000000000E+00,  0.0000000000000000E+00,  6.2258916081733250E+03
   521,  1.8677674824519983E+00,  1.8677674824519983E+00,  0.0000000000000000E+00,  2.3174240017711817E-04,  5.9615838217254091E-01,  2.0000000000000000E+00,  1.0000000000000000E+00,  1.5564729020433320E+04,  3.1129458040866639E+03,  0.0000000000000000E+00,  3.1129458040866639E+03,  1.5564729020433320E+04,  0.0000000000000000E+00,  0.0000000000000000E+00,  0.0000000000000000E+00,  6.2258916081733278E+03
   522,  1.8677674824519976E+00,  1.8677674824519976E+00,  0.0000000000000000E+00,  2.3174240017711823E-04,  5.9615838217254113E-01,  2.0000000000000000E+00,  1.0000000000000000E+00,  1.5564729020433313E+04,  3.1129458040866625E+03,  0.0000000000000000E+00,  3.1129458040866625E+03,  1.5564729020433313E+04,  0.0000000000000000E+00,  0.0000000000000000E+00,  0.0000000000000000E+00,  6.2258916081733250E+03
   523,  1.8677674824519976E+00,  1.8677674824519976E+00,  6.2258916081733245E-16,  2.3174240017711823E-04,  5.9615838217254113E-01,  2.0000000000000000E+00,  1.0000000000000000E+00,  1.5564729020433313E+04,  3.1129458040866625E+03,  0.0000000000000000E+00,  3.1129458040866625E+03,  1.5564729020433313E+04,  0.0000000000000000E+00,  0.0000000000000000E+00,  0.0000000000000000E+00,  6.2258916081733250E+03
   524,  1.8677674824519983E+00,  1.8677674824519983E+00,  6.2258916081733265E-16,  2.3174240017711817E-04,  5.9615838217254091E-01,  2.0000000000000000E+00,  1.0000000000000000E+00,  1.5564729020433320E+04,  3.1129458040866639E+03,  0.0000000000000000E+00,  3.1129458040866639E+03,  1.5564729020433320E+04,  0.0000000000000000E+00,  0.0000000000000000E+00,  0.0000000000000000E+00,  6.2258916081733278E+03
   525,  1.8677674824519976E+00,  1.8677674824519976E+00,  6.2258916081733245E-16,  2.3174240017711823E-04,  5.9615838217254113E-01,  2.0000000000000000E+00,  1.0000000000000000E+00,  1.5564729020433313E+04,  3.1129458040866625E+03,  0.0000000000000000E+00,  3.1129458040866625E+03,  1.5564729020433313E+04,  0.0000000000000000E+00,  0.0000000000000000E+00,  0.0000000000000000E+00,  6.2258916081733250E+03
   526,  0.0000000000000000E+00,  0.0000000000000000E+00,  6.3588121736936474E+00,  2.2821773229381921E-04,  5.8753650765230403E-01,  9.4280904158206347E-01,  1.0000000000000000E+00,  1.5897030434234117E+04,  3.1794060868468232E+03,  0.0000000000000000E+00,  3.1794060868468232E+03,  1.5897030434234117E+04,  0.0000000000000000E+00,  0.0000000000000000E+00,  0.0000000000000000E+00,  6.3588121736936464E+03
   527,  0.0000000000000000E+00,  0.0000000000000000E+00,  6.3588121736936474E+00,  2.2821773229381921E-04,  5.8753650765230403E-01,  9.4280904158206347E-01,  1.0000000000000000E+00,  1.5897030434234117E+04,  3.1794060868468232E+03,  0.0000000000000000E+00,  3.1794060868468232E+03,  1.5897030434234117E+04,  0.0000000000000000E+00,  0.0000000000000000E+00,  0.0000000000000000E+00,  6.3588121736936464E+03
   528,  0.0000000000000000E+00,  0.0000000000000000E+00,  6.3588121736936474E+00,  2.2821773229381921E-04,  5.8753650765230403E-01,  9.4280904158206347E-01,  1.0000000000000000E+00,  1.5897030434234117E+04,  3.1794060868468232E+03,  0.0000000000000000E+00,  3.1794060868468232E+03,  1.5897030434234117E+04,  0.0000000000000000E+00,  0.0000000000000000E+00,  0.0000000000000000E+00,  6.3588121736936464E+03
   529, -3.4992629861122694E+01,  8.3999185651900968E-16,  0.0000000000000000E+00,  9.9999999999999991E-05,  5.4253246996684212E-02,  1.0000000000000000E+00,  1.0000000000000000E+00,  3.6450656105336137E+04,  7.2901312210672268E+03,  0.0000000000000000E+00,  7.2901312210672268E+03,  3.6450656105336137E+04,  0.0000000000000000E+00,  0.0000000000000000E+00,  0.0000000000000000E+00,  1.4580262442134454E+04
   530, -3.4992629861122694E+01,  0.0000000000000000E+00,  0.0000000000000000E+00,  9.9999999999999991E-05,  5.4253246996684212E-02,  1.0000000000000000E+00,  1.0000000000000000E+00,  3.6450656105336137E+04,  7.2901312210672268E+03,  0.0000000000000000E+00,  7.2901312210672268E+03,  3.6450656105336137E+04,  0.0000000000000000E+00,  0.0000000000000000E+00,  0.0000000000000000E+00,  1.4580262442134454E+04
   531, -3.4992629861122694E+01,  8.3999185651900968E-16,  0.0000000000000000E+00,  9.9999999999999991E-05,  5.4253246996684212E-02,  1.0000000000000000E+00,  1.0000000000000000E+00,  3.6450656105336137E+04,  7.2901312210672268E+03,  0.0000000000000000E+00,  7.2901312210672268E+03,  3.6450656105336137E+04,  0.0000000000000000E+00,  0.0000000000000000E+00,  0.0000000000000000E+00,  1.4580262442134454E+04
   532,  3.4443251925822849E+00, -1.3780068948112897E-16,  0.0000000000000000E+00,  3.0000000000000003E-04,  6.8970043310069507E-01,  2.0000000000000000E+00,  1.0000000000000000E+00,  1.1959462474244046E+04,  2.3918924948488088E+03,  0.0000000000000000E+00,  2.3918924948488088E+03,  1.1959462474244046E+04,  0.0000000000000000E+00,  0.0000000000000000E+00,  0.0000000000000000E+00,  4.7837849896976177E+03
   533,  3.4443251925822849E+00,  0.0000000000000000E+00,  0.0000000000000000E+00,  3.0000000000000003E-04,  6.8970043310069507E-01,  2.0000000000000000E+00,  1.0000000000000000E+00,  1.1959462474244046E+04,  2.3918924948488088E+03,  0.0000000000000000E+00,  2.3918924948488088E+03,  1.1959462474244046E+04,  0.0000000000000000E+00,  0.0000000000000000E+00,  0.0000000000000000E+00,  4.7837849896976177E+03
   534,  3.4443251925822849E+00, -1.3780068948112897E-16,  0.0000000000000000E+00,  3.0000000000000003E-04,  6.8970043310069507E-01,  2.0000000000000000E+00,  1.0000000000000000E+00,  1.1959462474244046E+04,  2.3918924948488088E+03,  0.0000000000000000E+00,  2.3918924948488088E+03,  1.1959462474244046E+04,  0.0000000000000000E+00,  0.0000000000000000E+00,  0.0000000000000000E+00,  4.7837849896976177E+03
   535, -4.8139208027965474E-01,  3.6016263818387979E+00, -1.3074457626198848E+00,  8.1863849456433437E-04,  8.8779612798252383E-01,  1.0419757723750152E+00,  1.0000000000000000E+00,  4.3245242340068944E+03,  8.6490484680137888E+02,  0.0000000000000000E+00,  8.6490484680137888E+02,  4.3245242340068944E+03,  0.0000000000000000E+00,  0.0000000000000000E+00,  0.0000000000000000E+00,  1.7298096936027578E+03
   536,  8.8686457255654361E-01,  2.1285781438911697E+00,  2.3359292315216988E+00,  1.4356252957117583E-03,  9.3765313996803024E-01,  1.0580568766344665E+00,  1.0000000000000000E+00,  2.4029518970655017E+03,  4.8059037941310032E+02,  0.0000000000000000E+00,  4.8059037941310032E+02,  2.4029518970655017E+03,  0.0000000000000000E+00,  0.0000000000000000E+00,  0.0000000000000000E+00,  9.6118075882620064E+02
   537, -4.3440269849473756E+00,  1.2291201817899666E+00, -1.5072519826966013E+00,  6.1642367143107952E-04,  8.9331664975144620E-01,  1.0315378580614807E+00,  1.0000000000000000E+00,  4.1117541241630115E+03,  8.2235082483260226E+02,  0.0000000000000000E+00,  8.2235082483260226E+02,  4.1117541241630115E+03,  0.0000000000000000E+00,  0.0000000000000000E+00,  0.0000000000000000E+00,  1.6447016496652045E+03
   538, -1.9337353642284123E+00,  4.4544748302869310E+00, -1.1859471253225960E-01,  6.2957747014217940E-04,  8.5284891048143008E-01,  1.0001721891069468E+00,  1.0000000000000000E+00,  5.6714482418615498E+03,  1.1342896483723100E+03,  0.0000000000000000E+00,  1.1342896483723100E+03,  5.6714482418615498E+03,  0.0000000000000000E+00,  0.0000000000000000E+00,  0.0000000000000000E+00,  2.2685792967446200E+03
   539, -3.5200956649578572E+00,  9.0704154070037490E-01, -1.1626142685151590E+00,  3.7301814106554420E-04,  8.2929148252612783E-01,  1.0299657744572501E+00,  1.0000000000000000E+00,  6.5793907776388241E+03,  1.3158781555277646E+03,  0.0000000000000000E+00,  1.3158781555277646E+03,  6.5793907776388241E+03,  0.0000000000000000E+00,  0.0000000000000000E+00,  0.0000000000000000E+00,  2.6317563110555293E+03
   540,  5.2244118340838961E+00, -4.6957921505269002E+00,  2.6659042154956194E+00,  2.0050819101215646E-04,  5.3221787598553472E-01,  2.0553609220284375E+00,  1.0000000000000000E+00,  1.8029102696390852E+04,  3.6058205392781701E+03,  0.0000000000000000E+00,  3.6058205392781701E+03,  1.8029102696390852E+04,  0.0000000000000000E+00,  0.0000000000000000E+00,  0.0000000000000000E+00,  7.2116410785563403E+03
   541,  1.0374006230124291E+00,  2.5702367596880915E+00,  3.0127883330738048E-01,  8.4237556303291730E-04,  8.9083942992149379E-01,  9.7176006422219185E-01,  1.0000000000000000E+00,  4.2072303051090939E+03,  8.4144606102181876E+02,  0.0000000000000000E+00,  8.4144606102181876E+02,  4.2072303051090939E+03,  0.0000000000000000E+00,  0.0000000000000000E+00,  0.0000000000000000E+00,  1.6828921220436375E+03
   542,  4.9923570617279789E-01,  2.4993087091054331E+00, -2.2149865993713713E+00,  1.3422800371836921E-03,  9.3349037648740030E-01,  1.1903534605384547E+00,  1.0000000000000000E+00,  2.5633917395481139E+03,  5.1267834790962274E+02,  0.0000000000000000E+00,  5.1267834790962274E+02,  2.5633917395481139E+03,  0.0000000000000000E+00,  0.0000000000000000E+00,  0.0000000000000000E+00,  1.0253566958192455E+03
   543,  1.5859223855418660E+00, -1.6281414151979199E+00,  1.1315132885956320E+00,  6.9026136828016402E-04,  9.3023889977054885E-01,  1.8508914726394663E+00,  1.0000000000000000E+00,  2.6887090713434300E+03,  5.3774181426868597E+02,  0.0000000000000000E+00,  5.3774181426868597E+02,  2.6887090713434300E+03,  0.0000000000000000E+00,  0.0000000000000000E+00,  0.0000000000000000E+00,  1.0754836285373719E+03
   544,  3.0221031517682708E+00, -2.3513698581670095E+00, -1.9645754465674725E+00,  6.6162077201174785E-04,  8.6688486408680054E-01,  3.2209553410844318E+00,  1.0000000000000000E+00,  5.1304791966545627E+03,  1.0260958393309127E+03,  0.0000000000000000E+00,  1.0260958393309127E+03,  5.1304791966545627E+03,  0.0000000000000000E+00,  0.0000000000000000E+00,  0.0000000000000000E+00,  2.0521916786618253E+03
   545,  2.7584566128855230E+00,  1.0900654939151792E-01, -3.2052269952506646E-01,  1.3995835949521854E-03,  9.4499287239111684E-01,  4.0283438125283118E+00,  1.0000000000000000E+00,  2.1200663765923719E+03,  4.2401327531847437E+02,  0.0000000000000000E+00,  4.2401327531847437E+02,  2.1200663765923719E+03,  0.0000000000000000E+00,  0.0000000000000000E+00,  0.0000000000000000E+00,  8.4802655063694874E+02
   546,  1.9415539253523768E+00,  1.3549126937184603E+00,  1.9274671032495658E+00,  8.2172490028929084E-04,  8.8869577886200912E-01,  1.1885554528417988E+00,  1.0000000000000000E+00,  4.2898501896933985E+03,  8.5797003793867975E+02,  0.0000000000000000E+00,  8.5797003793867975E+02,  4.2898501896933985E+03,  0.0000000000000000E+00,  0.0000000000000000E+00,  0.0000000000000000E+00,  1.7159400758773595E+03
   547,  2.8728264897895843E+00,  3.2843378066765544E-01,  1.4200855694234282E+00,  1.1017190918272968E-03,  9.1928033229997486E-01,  1.5719717775369484E+00,  1.0000000000000000E+00,  3.1110705259384695E+03,  6.2221410518769392E+02,  0.0000000000000000E+00,  6.2221410518769392E+02,  3.1110705259384695E+03,  0.0000000000000000E+00,  0.0000000000000000E+00,  0.0000000000000000E+00,  1.2444282103753878E+03
   548,  2.9174370117347901E+00,  1.3477463308187659E-01,  5.1956918622804063E-02,  1.1134257871534747E-03,  9.2676731734710815E-01,  3.7227536572579623E+00,  1.0000000000000000E+00,  2.8225096439135400E+03,  5.6450192878270798E+02,  0.0000000000000000E+00,  5.6450192878270798E+02,  2.8225096439135400E+03,  0.0000000000000000E+00,  0.0000000000000000E+00,  0.0000000000000000E+00,  1.1290038575654160E+03
   549, -9.5673578529722469E+00, -2.4701982027137532E+00,  5.8186383297494917E+00,  1.8717572694235379E-04,  7.9330563454391545E-01,  1.0056703296769895E+00,  1.0000000000000000E+00,  7.9663453352865927E+03,  1.5932690670573186E+03,  0.0000000000000000E+00,  1.5932690670573186E+03,  7.9663453352865927E+03,  0.0000000000000000E+00,  0.0000000000000000E+00,  0.0000000000000000E+00,  3.1865381341146372E+03
   550, -1.2970576623692565E+00, -1.0777545181777604E+01,  3.0076783558448394E-01,  4.3325183368925679E-04,  7.9170562230151309E-01,  3.5517455531503712E+00,  1.0000000000000000E+00,  8.0280124737958504E+03,  1.6056024947591700E+03,  0.0000000000000000E+00,  1.6056024947591700E+03,  8.0280124737958504E+03,  0.0000000000000000E+00,  0.0000000000000000E+00,  0.0000000000000000E+00,  3.2112049895183400E+03
   551, -9.5573137055307349E+00, -1.3669041950257618E+01, -6.1741631153780023E+00,  1.2791582613274090E-04,  2.6213528798505403E-01,  1.7098699694247503E+00,  1.0000000000000000E+00,  2.8438535775576045E+04,  5.6877071551152094E+03,  0.0000000000000000E+00,  5.6877071551152094E+03,  2.8438535775576045E+04,  0.0000000000000000E+00,  0.0000000000000000E+00,  0.0000000000000000E+00,  1.1375414310230419E+04
   552, -8.4759112982313567E-01, -2.9633277525830942E-01,  4.8096068874156284E-01,  9.4868590727463368E-04,  9.4656522052012271E-01,  1.0095204168176302E+00,  1.0000000000000000E+00,  2.0594654591202707E+03,  4.1189309182405418E+02,  0.0000000000000000E+00,  4.1189309182405418E+02,  2.0594654591202707E+03,  0.0000000000000000E+00,  0.0000000000000000E+00,  0.0000000000000000E+00,  8.2378618364810836E+02
   553,  3.3979733517005712E+00, -1.1669118913842995E+01, -2.1586271078527020E+00,  2.0664820506442261E-04,  5.5028934554337405E-01,  4.0392552129583539E+00,  1.0000000000000000E+00,  1.7332598140515795E+04,  3.4665196281031585E+03,  0.0000000000000000E+00,  3.4665196281031585E+03,  1.7332598140515795E+04,  0.0000000000000000E+00,  0.0000000000000000E+00,  0.0000000000000000E+00,  6.9330392562063171E+03
   554,  2.5417964662172463E+00, -2.9828408362250616E-02, -3.2175583074233565E+00,  6.1820616935437107E-04,  8.5245965325584916E-01,  1.7832841039119010E+00,  1.0000000000000000E+00,  5.6864508640974809E+03,  1.1372901728194961E+03,  0.0000000000000000E+00,  1.1372901728194961E+03,  5.6864508640974809E+03,  0.0000000000000000E+00,  0.0000000000000000E+00,  0.0000000000000000E+00,  2.2745803456389922E+03
   555,  4.7013582082943900E-02,  3.3020492360940326E+00, -8.9455622038464411E-01,  8.0893028108067850E-04,  8.8637451246796184E-01,  1.0324246604275971E+00,  1.0000000000000000E+00,  4.3793156652973048E+03,  8.7586313305946089E+02,  0.0000000000000000E+00,  8.7586313305946089E+02,  4.3793156652973048E+03,  0.0000000000000000E+00,  0.0000000000000000E+00,  0.0000000000000000E+00,  1.7517262661189218E+03
   556,  1.4359416759687105E+00, -4.0429309766752347E-01, -1.6600248905721746E-01,  6.8106143677910589E-04,  8.7334982169536124E-01,  4.0159831603662575E+00,  1.0000000000000000E+00,  4.8813089554912858E+03,  9.7626179109825716E+02,  0.0000000000000000E+00,  9.7626179109825716E+02,  4.8813089554912858E+03,  0.0000000000000000E+00,  0.0000000000000000E+00,  0.0000000000000000E+00,  1.9525235821965143E+03
   557, -2.8527746555416877E+00,  3.7296808913406556E+00, -8.7477512294393978E-03,  9.0577423992958849E-04,  8.9881389059607897E-01,  1.0000008830499225E+00,  1.0000000000000000E+00,  3.8998812999427901E+03,  7.7997625998855801E+02,  0.0000000000000000E+00,  7.7997625998855801E+02,  3.8998812999427901E+03,  0.0000000000000000E+00,  0.0000000000000000E+00,  0.0000000000000000E+00,  1.5599525199771160E+03
   558, -3.2017222113999826E+00, -1.2706562211398853E+00, -4.0725002113830905E-01,  5.2212261654053171E-04,  8.2187982121299563E-01,  1.0202507029915568E+00,  1.0000000000000000E+00,  6.8650485574157947E+03,  1.3730097114831588E+03,  0.0000000000000000E+00,  1.3730097114831588E+03,  6.8650485574157947E+03,  0.0000000000000000E+00,  0.0000000000000000E+00,  0.0000000000000000E+00,  2.7460194229663175E+03
   559, -1.3001642705738321E+00,  3.9349541801333503E+00,  2.0542217617389840E+00,  8.6308037620977255E-04,  8.9354840152202741E-01,  9.7388691065224953E-01,  1.0000000000000000E+00,  4.1028220246718611E+03,  8.2056440493437208E+02,  0.0000000000000000E+00,  8.2056440493437208E+02,  4.1028220246718611E+03,  0.0000000000000000E+00,  0.0000000000000000E+00,  0.0000000000000000E+00,  1.6411288098687442E+03
   560, -1.8885251408776695E+00, -2.2075868879032012E+00,  4.5870552431960177E-01,  1.8700237936313712E-04,  9.2958540408655221E-01,  1.2768160075969295E+00,  1.0000000000000000E+00,  2.7138958841641338E+03,  5.4277917683282669E+02,  0.0000000000000000E+00,  5.4277917683282669E+02,  2.7138958841641338E+03,  0.0000000000000000E+00,  0.0000000000000000E+00,  0.0000000000000000E+00,  1.0855583536656534E+03
   561, -2.2881192580694392E+00,  2.6356378470813548E+00, -5.7622363174954738E-01,  9.6385359325839443E-04,  9.0514741479354965E-01,  1.0066444587149701E+00,  1.0000000000000000E+00,  3.6557767214986075E+03,  7.3115534429972149E+02,  0.0000000000000000E+00,  7.3115534429972149E+02,  3.6557767214986075E+03,  0.0000000000000000E+00,  0.0000000000000000E+00,  0.0000000000000000E+00,  1.4623106885994430E+03
   562, -4.8519408834857360E+00,  1.1641106736666638E-01, -1.3965852629093602E+00,  6.6219418337985780E-04,  8.6037839621247880E-01,  1.0337083751516909E+00,  1.0000000000000000E+00,  5.3812493126440468E+03,  1.0762498625288092E+03,  0.0000000000000000E+00,  1.0762498625288092E+03,  5.3812493126440468E+03,  0.0000000000000000E+00,  0.0000000000000000E+00,  0.0000000000000000E+00,  2.1524997250576184E+03
   563,  2.0654024899761740E+00, -2.7592513493740243E+00, -1.0163068131497686E+00,  2.9783543506526467E-04,  8.7435115591780466E-01,  4.0808310175029270E+00,  1.0000000000000000E+00,  4.8427158656679458E+03,  9.6854317313358922E+02,  0.0000000000000000E+00,  9.6854317313358922E+02,  4.8427158656679458E+03,  0.0000000000000000E+00,  0.0000000000000000E+00,  0.0000000000000000E+00,  1.9370863462671784E+03
   564,  3.1055742416321963E+00, -5.8820027225856721E+00, -1.2536575963822807E+00,  5.0511738624804637E-04,  8.2450193237856517E-01,  4.0372954289808005E+00,  1.0000000000000000E+00,  6.7639880229094679E+03,  1.3527976045818937E+03,  0.0000000000000000E+00,  1.3527976045818937E+03,  6.7639880229094679E+03,  0.0000000000000000E+00,  0.0000000000000000E+00,  0.0000000000000000E+00,  2.7055952091637873E+03
   565,  3.5202156462647967E+00, -6.3917772411284179E-01, -2.3813356333095104E-01,  8.9633447796952500E-04,  9.0694445439001548E-01,  4.0065076611871602E+00,  1.0000000000000000E+00,  3.5865158203848205E+03,  7.1730316407696409E+02,  0.0000000000000000E+00,  7.1730316407696409E+02,  3.5865158203848205E+03,  0.0000000000000000E+00,  0.0000000000000000E+00,  0.0000000000000000E+00,  1.4346063281539282E+03
   566, -1.6746871926617488E-01, -3.2006064007450435E-01, -5.9549607497090706E-01,  6.5743950019123110E-04,  8.6081851332195081E-01,  1.5136605563310659E+00,  1.0000000000000000E+00,  5.3642864657164801E+03,  1.0728572931432959E+03,  0.0000000000000000E+00,  1.0728572931432959E+03,  5.3642864657164801E+03,  0.0000000000000000E+00,  0.0000000000000000E+00,  0.0000000000000000E+00,  2.1457145862865918E+03
   567,  1.9027820658532160E+00,  1.5932523273542103E+00,  9.3517186617210690E-01,  1.2312257486196882E-03,  9.2712881078307097E-01,  1.1940682447201756E+00,  1.0000000000000000E+00,  2.8085770844024737E+03,  5.6171541688049467E+02,  0.0000000000000000E+00,  5.6171541688049467E+02,  2.8085770844024737E+03,  0.0000000000000000E+00,  0.0000000000000000E+00,  0.0000000000000000E+00,  1.1234308337609893E+03
   568,  1.9240647421302768E+00,  1.3634303375906665E+00, -4.5469265327050473E-01,  1.7133120059141561E-03,  9.5150109741249278E-01,  2.0514920474321405E+00,  1.0000000000000000E+00,  1.8692285372268409E+03,  3.7384570744536819E+02,  0.0000000000000000E+00,  3.7384570744536819E+02,  1.8692285372268409E+03,  0.0000000000000000E+00,  0.0000000000000000E+00,  0.0000000000000000E+00,  7.4769141489073638E+02
   569,  1.9734998498607028E+00,  5.7134053115457462E-01, -3.5142482614464787E-01,  2.3528985267118625E-03,  9.7205574002577277E-01,  4.1104354212353806E+00,  1.0000000000000000E+00,  1.0770183531733412E+03,  2.1540367063466820E+02,  0.0000000000000000E+00,  2.1540367063466820E+02,  1.0770183531733412E+03,  0.0000000000000000E+00,  0.0000000000000000E+00,  0.0000000000000000E+00,  4.3080734126933640E+02
   570,  3.7020636635255988E+00, -1.0810743374286711E+00,  1.6463657161379626E+00,  1.3148370411830200E-03,  9.3417575721281121E-01,  1.8669523834916215E+00,  1.0000000000000000E+00,  2.5369760240895685E+03,  5.0739520481791362E+02,  0.0000000000000000E+00,  5.0739520481791362E+02,  2.5369760240895685E+03,  0.0000000000000000E+00,  0.0000000000000000E+00,  0.0000000000000000E+00,  1.0147904096358272E+03
   571, -3.6413436008227134E+00,  1.9572106352489974E-01, -2.7541196425168457E+00,  3.6942986152091830E-04,  7.4701946945148223E-01,  1.1280938500166700E+00,  1.0000000000000000E+00,  9.7502912815574564E+03,  1.9500582563114913E+03,  0.0000000000000000E+00,  1.9500582563114913E+03,  9.7502912815574564E+03,  0.0000000000000000E+00,  0.0000000000000000E+00,  0.0000000000000000E+00,  3.9001165126229826E+03
   572,  1.0250587661717401E+00,  2.4568329650605096E+00, -2.0537814025529363E-01,  1.7680934723281879E-03,  9.4990829088440409E-01,  1.0098368085168610E+00,  1.0000000000000000E+00,  1.9306179554969258E+03,  3.8612359109938512E+02,  0.0000000000000000E+00,  3.8612359109938512E+02,  1.9306179554969258E+03,  0.0000000000000000E+00,  0.0000000000000000E+00,  0.0000000000000000E+00,  7.7224718219877025E+02
   573, -8.0776676396098956E+00, -3.8732702367817975E+00, -3.1461445016039642E+00,  3.2372494700342371E-04,  7.1073690787258259E-01,  1.1338872603214081E+00,  1.0000000000000000E+00,  1.1148681675744214E+04,  2.2297363351488425E+03,  0.0000000000000000E+00,  2.2297363351488425E+03,  1.1148681675744214E+04,  0.0000000000000000E+00,  0.0000000000000000E+00,  0.0000000000000000E+00,  4.4594726702976850E+03
   574, -4.4256005254026274E+00, -6.4597794515391813E+00,  1.5604148976044756E+00,  5.3078602306600711E-04,  8.2608480943819351E-01,  1.4363223165702717E+00,  1.0000000000000000E+00,  6.7029813029029592E+03,  1.3405962605805919E+03,  0.0000000000000000E+00,  1.3405962605805919E+03,  6.7029813029029592E+03,  0.0000000000000000E+00,  0.0000000000000000E+00,  0.0000000000000000E+00,  2.6811925211611838E+03
   575,  4.5243373591979841E-01,  2.8764689374513024E+00,  8.5821522686446705E-01,  1.7925507364466920E-03,  9.5051557460595659E-01,  9.7207634581264157E-01,  1.0000000000000000E+00,  1.9072122287287566E+03,  3.8144244574575129E+02,  0.0000000000000000E+00,  3.8144244574575129E+02,  1.9072122287287566E+03,  0.0000000000000000E+00,  0.0000000000000000E+00,  0.0000000000000000E+00,  7.6288489149150257E+02
   576,  2.5628242218595532E-01, -1.9056268594271908E+00,  6.2131887667912389E-01,  8.1724206176090166E-04,  8.9060747404724239E-01,  2.0022701948394785E+00,  1.0000000000000000E+00,  4.2161702710958671E+03,  8.4323405421917334E+02,  0.0000000000000000E+00,  8.4323405421917334E+02,  4.2161702710958671E+03,  0.0000000000000000E+00,  0.0000000000000000E+00,  0.0000000000000000E+00,  1.6864681084383467E+03
   577,  4.4330702701968718E+00, -4.1006680744254016E+00,  3.9314584885159404E-01,  9.7552151631620228E-04,  9.1370363008679334E-01,  3.3822638535458092E+00,  1.0000000000000000E+00,  3.3260059237381738E+03,  6.6520118474763478E+02,  0.0000000000000000E+00,  6.6520118474763478E+02,  3.3260059237381738E+03,  0.0000000000000000E+00,  0.0000000000000000E+00,  0.0000000000000000E+00,  1.3304023694952696E+03
   578, -4.7409464509243566E+00, -1.5114629651582243E+00,  1.3707057024343927E+00,  7.1151116104999903E-04,  8.7013261483678206E-01,  9.7571642733833430E-01,  1.0000000000000000E+00,  5.0053054698323585E+03,  1.0010610939664717E+03,  0.0000000000000000E+00,  1.0010610939664717E+03,  5.0053054698323585E+03,  0.0000000000000000E+00,  0.0000000000000000E+00,  0.0000000000000000E+00,  2.0021221879329435E+03
   579,  2.3049047394571645E+00,  2.4269752584330123E-01, -5.1792244567304924E-01,  2.1435955817344591E-03,  9.6827659956849776E-01,  4.1108385660824611E+00,  1.0000000000000000E+00,  1.2226727249641488E+03,  2.4453454499282975E+02,  0.0000000000000000E+00,  2.4453454499282975E+02,  1.2226727249641488E+03,  0.0000000000000000E+00,  0.0000000000000000E+00,  0.0000000000000000E+00,  4.8906908998565950E+02
   580, -1.5189361413339458E-01,  3.2102161776283413E+00, -1.9469614006861933E+00,  7.4173113262082147E-04,  8.7595617295525141E-01,  1.0997885607098428E+00,  1.0000000000000000E+00,  4.7808558340163527E+03,  9.5617116680327047E+02,  0.0000000000000000E+00,  9.5617116680327047E+02,  4.7808558340163527E+03,  0.0000000000000000E+00,  0.0000000000000000E+00,  0.0000000000000000E+00,  1.9123423336065409E+03
   581, -5.6673046976270109E+00, -4.5174456604230393E+00, -1.3809448575950474E+00,  7.7884505005284318E-04,  8.8237652327337601E-01,  1.2019652002204688E+00,  1.0000000000000000E+00,  4.5334048321719665E+03,  9.0668096643439333E+02,  0.0000000000000000E+00,  9.0668096643439333E+02,  4.5334048321719665E+03,  0.0000000000000000E+00,  0.0000000000000000E+00,  0.0000000000000000E+00,  1.8133619328687867E+03
   582, -7.3875705195877861E-01,  7.2171889057244265E-01,  1.9488476933150674E+00,  8.4095837800789999E-04,  8.9085739010761122E-01,  1.0370466035338195E+00,  1.0000000000000000E+00,  4.2065380896024844E+03,  8.4130761792049691E+02,  0.0000000000000000E+00,  8.4130761792049691E+02,  4.2065380896024844E+03,  0.0000000000000000E+00,  0.0000000000000000E+00,  0.0000000000000000E+00,  1.6826152358409938E+03
   583,  1.3074915288559844E-01,  3.1514721265353964E+00, -1.2078940682564154E+00,  1.0312820519297065E-03,  9.1175469914360452E-01,  1.0597096361009695E+00,  1.0000000000000000E+00,  3.4011209705069095E+03,  6.8022419410138184E+02,  0.0000000000000000E+00,  6.8022419410138184E+02,  3.4011209705069095E+03,  0.0000000000000000E+00,  0.0000000000000000E+00,  0.0000000000000000E+00,  1.3604483882027637E+03
   584, -1.3058698311289743E+00,  3.3272622579302009E+00, -3.2814604652452872E+00,  5.6248547174032220E-04,  8.3524579764079354E-01,  1.1262563765680735E+00,  1.0000000000000000E+00,  6.3499015492610833E+03,  1.2699803098522166E+03,  0.0000000000000000E+00,  1.2699803098522166E+03,  6.3499015492610833E+03,  0.0000000000000000E+00,  0.0000000000000000E+00,  0.0000000000000000E+00,  2.5399606197044332E+03
   585,  1.1479711577541528E-01,  3.2838359514384932E+00,  3.6733801217708202E-02,  1.0822696703954005E-03,  9.1588639009121064E-01,  9.9717786093441518E-01,  1.0000000000000000E+00,  3.2418787152345903E+03,  6.4837574304691805E+02,  0.0000000000000000E+00,  6.4837574304691805E+02,  3.2418787152345903E+03,  0.0000000000000000E+00,  0.0000000000000000E+00,  0.0000000000000000E+00,  1.2967514860938361E+03
   586, -1.3083200107298145E+01, -1.4878864080190871E+01, -5.4689227055726706E+00,  6.7308559389136547E-05,  5.6022864834123132E-01,  1.5448748516915283E+00,  1.0000000000000000E+00,  1.6949520845181713E+04,  3.3899041690363424E+03,  0.0000000000000000E+00,  3.3899041690363424E+03,  1.6949520845181713E+04,  0.0000000000000000E+00,  0.0000000000000000E+00,  0.0000000000000000E+00,  6.7798083380726848E+03
   587,  9.1092364661325997E-01,  2.5609810294348696E+00, -3.0803343360485080E-01,  1.6791571439007677E-03,  9.4709105378676361E-01,  1.0161759286283896E+00,  1.0000000000000000E+00,  2.0391989686351526E+03,  4.0783979372703050E+02,  0.0000000000000000E+00,  4.0783979372703050E+02,  2.0391989686351526E+03,  0.0000000000000000E+00,  0.0000000000000000E+00,  0.0000000000000000E+00,  8.1567958745406099E+02
   588, -3.8846345528004818E+01, -3.2347493415981340E+01, -3.3881600817914532E+00,  8.1567483143314039E-05,  3.3158288633307925E-01,  1.0871568595556034E+00,  1.0000000000000000E+00,  2.5761909589245908E+04,  5.1523819178491813E+03,  0.0000000000000000E+00,  5.1523819178491813E+03,  2.5761909589245908E+04,  0.0000000000000000E+00,  0.0000000000000000E+00,  0.0000000000000000E+00,  1.0304763835698363E+04
   589,  3.5035305855453220E+00, -6.0026706096327653E-01,  1.3455185774139011E+00,  1.1502564542641037E-03,  9.2396096062231625E-01,  1.9022566651567292E+00,  1.0000000000000000E+00,  2.9306713093482281E+03,  5.8613426186964557E+02,  0.0000000000000000E+00,  5.8613426186964557E+02,  2.9306713093482281E+03,  0.0000000000000000E+00,  0.0000000000000000E+00,  0.0000000000000000E+00,  1.1722685237392911E+03
   590,  2.4324245300435119E+00,  1.0113875561771120E+00,  2.4928340644965913E-01,  9.0263013757229641E-04,  9.0288758922024137E-01,  2.4133268027099892E+00,  1.0000000000000000E+00,  3.7428741654698642E+03,  7.4857483309397287E+02,  0.0000000000000000E+00,  7.4857483309397287E+02,  3.7428741654698642E+03,  0.0000000000000000E+00,  0.0000000000000000E+00,  0.0000000000000000E+00,  1.4971496661879457E+03
   591, -2.0191791012031987E-01,  1.7258469951710226E-01,  3.0918793065529817E+00,  9.2375931904465529E-04,  9.0121129980010806E-01,  1.1117086847497166E+00,  1.0000000000000000E+00,  3.8074811535375025E+03,  7.6149623070750044E+02,  0.0000000000000000E+00,  7.6149623070750044E+02,  3.8074811535375025E+03,  0.0000000000000000E+00,  0.0000000000000000E+00,  0.0000000000000000E+00,  1.5229924614150009E+03
   592,  2.3480522524804215E+00,  8.9671403787356208E-01,  6.6831805956699009E-01,  1.9532311415054130E-03,  9.5711311858314763E-01,  1.6764530686054500E+00,  1.0000000000000000E+00,  1.6529318879411856E+03,  3.3058637758823710E+02,  0.0000000000000000E+00,  3.3058637758823710E+02,  1.6529318879411856E+03,  0.0000000000000000E+00,  0.0000000000000000E+00,  0.0000000000000000E+00,  6.6117275517647420E+02
   593,  2.7002047490688463E+00,  6.1499246037121902E-01,  3.7216131908466010E-01,  1.1000338955928679E-03,  9.2173810053699889E-01,  2.3985135392704295E+00,  1.0000000000000000E+00,  3.0163440418031678E+03,  6.0326880836063356E+02,  0.0000000000000000E+00,  6.0326880836063356E+02,  3.0163440418031678E+03,  0.0000000000000000E+00,  0.0000000000000000E+00,  0.0000000000000000E+00,  1.2065376167212671E+03
   594, -5.7963216885128466E+00, -1.4291627323198762E+01,  2.3095997763147067E+00,  6.0569462607045778E-05,  5.9795846041809075E-01,  2.0461017315692125E+00,  1.0000000000000000E+00,  1.5495351004719421E+04,  3.0990702009438842E+03,  0.0000000000000000E+00,  3.0990702009438842E+03,  1.5495351004719421E+04,  0.0000000000000000E+00,  0.0000000000000000E+00,  0.0000000000000000E+00,  6.1981404018877683E+03
   595,  3.5070432884572043E+00, -1.3823117649161338E+00, -2.2875452084054588E+00,  6.4897285526115502E-04,  8.6258950605710860E-01,  2.7225814505769845E+00,  1.0000000000000000E+00,  5.2960294540489404E+03,  1.0592058908097879E+03,  0.0000000000000000E+00,  1.0592058908097879E+03,  5.2960294540489404E+03,  0.0000000000000000E+00,  0.0000000000000000E+00,  0.0000000000000000E+00,  2.1184117816195758E+03
   596,  1.1885514061675893E+00, -5.2497836114869889E+00,  2.6817230960059093E+00,  3.9148722520509984E-04,  7.6318638608724443E-01,  1.7378571024405951E+00,  1.0000000000000000E+00,  9.1271913695541225E+03,  1.8254382739108244E+03,  0.0000000000000000E+00,  1.8254382739108244E+03,  9.1271913695541225E+03,  0.0000000000000000E+00,  0.0000000000000000E+00,  0.0000000000000000E+00,  3.6508765478216487E+03
   597,  2.2265215676702952E+00,  7.3172948744473176E-01, -1.9355070570699645E-01,  1.4975202258297542E-03,  9.4938997839877903E-01,  4.0323219289184031E+00,  1.0000000000000000E+00,  1.9505945825470583E+03,  3.9011891650941163E+02,  0.0000000000000000E+00,  3.9011891650941163E+02,  1.9505945825470583E+03,  0.0000000000000000E+00,  0.0000000000000000E+00,  0.0000000000000000E+00,  7.8023783301882327E+02
   598, -4.0148751519155255E+00, -1.9682100711687116E+00,  1.2511194552245584E+00,  7.2153051393968905E-04,  8.7202761126323258E-01,  9.8940135183240840E-01,  1.0000000000000000E+00,  4.9322691492295780E+03,  9.8645382984591561E+02,  0.0000000000000000E+00,  9.8645382984591561E+02,  4.9322691492295780E+03,  0.0000000000000000E+00,  0.0000000000000000E+00,  0.0000000000000000E+00,  1.9729076596918312E+03
   599, -1.2186608668309137E+01, -4.0761939925868118E-01,  6.9924539908208736E+00,  1.2777399481250995E-04,  2.6061746463468305E-01,  9.8800202856675101E-01,  1.0000000000000000E+00,  2.8497035217204928E+04,  5.6994070434409850E+03,  0.0000000000000000E+00,  5.6994070434409850E+03,  2.8497035217204928E+04,  0.0000000000000000E+00,  0.0000000000000000E+00,  0.0000000000000000E+00,  1.1398814086881970E+04
   600, -4.2120960749278380E+00, -2.3714372725818453E+00,  1.5213857948860665E+00,  3.3152354580013780E-04,  7.9822549995952130E-01,  1.0061673597240117E+00,  1.0000000000000000E+00,  7.7767255223934508E+03,  1.5553451044786900E+03,  0.0000000000000000E+00,  1.5553451044786900E+03,  7.7767255223934508E+03,  0.0000000000000000E+00,  0.0000000000000000E+00,  0.0000000000000000E+00,  3.1106902089573800E+03
   601,  1.7194893426723465E+00, -1.0071450337054602E+00, -1.2225762914516190E-01,  8.4209661412092032E-04,  9.0009668812424237E-01,  4.0040028548662736E+00,  1.0000000000000000E+00,  3.8504401452114926E+03,  7.7008802904229844E+02,  0.0000000000000000E+00,  7.7008802904229844E+02,  3.8504401452114926E+03,  0.0000000000000000E+00,  0.0000000000000000E+00,  0.0000000000000000E+00,  1.5401760580845969E+03
   602, -4.2839557026039872E+00,  1.7083934341547067E+00,  7.8522169355200655E-01,  1.6408477354540977E-04,  8.4589947688808353E-01,  9.7680047035630879E-01,  1.0000000000000000E+00,  5.9392909949384475E+03,  1.1878581989876895E+03,  0.0000000000000000E+00,  1.1878581989876895E+03,  5.9392909949384475E+03,  0.0000000000000000E+00,  0.0000000000000000E+00,  0.0000000000000000E+00,  2.3757163979753791E+03
   603, -6.5583743499130218E+00, -8.7189962859863588E+00,  5.0332098603046875E-02,  5.6792757065366860E-04,  8.4436240974577326E-01,  3.6602079325797106E+00,  1.0000000000000000E+00,  5.9985321243816561E+03,  1.1997064248763313E+03,  0.0000000000000000E+00,  1.1997064248763313E+03,  5.9985321243816561E+03,  0.0000000000000000E+00,  0.0000000000000000E+00,  0.0000000000000000E+00,  2.3994128497526626E+03
   604, -6.6559957861618662E+00,  5.8474682191736544E+00, -2.8805342520654054E+00,  6.3000154083115930E-04,  8.5302287567538770E-01,  1.0237637676945297E+00,  1.0000000000000000E+00,  5.6647433333444333E+03,  1.1329486666688865E+03,  0.0000000000000000E+00,  1.1329486666688865E+03,  5.6647433333444333E+03,  0.0000000000000000E+00,  0.0000000000000000E+00,  0.0000000000000000E+00,  2.2658973333377730E+03
   605,  1.6122081187317099E+00,  1.7786457954396833E+00, -6.0126174049092940E-01,  1.9671618043327751E-03,  9.5635039272816680E-01,  1.3262202562160945E+00,  1.0000000000000000E+00,  1.6823286136019049E+03,  3.3646572272038094E+02,  0.0000000000000000E+00,  3.3646572272038094E+02,  1.6823286136019049E+03,  0.0000000000000000E+00,  0.0000000000000000E+00,  0.0000000000000000E+00,  6.7293144544076188E+02
   606, -3.0306717557835170E+00, -1.1900585344636609E+01,  1.9367891649246574E+00,  5.3848464986053733E-04,  8.6139065933100056E-01,  2.2264624132698225E+00,  1.0000000000000000E+00,  5.3422350049510205E+03,  1.0684470009902041E+03,  0.0000000000000000E+00,  1.0684470009902041E+03,  5.3422350049510205E+03,  0.0000000000000000E+00,  0.0000000000000000E+00,  0.0000000000000000E+00,  2.1368940019804081E+03
   607, -1.4104337117408268E+00, -4.8618746830390176E+00, -7.9522008020844992E-01,  8.3479647170021725E-04,  8.9937569798431838E-01,  4.0950724378871515E+00,  1.0000000000000000E+00,  3.8782283068543961E+03,  7.7564566137087922E+02,  0.0000000000000000E+00,  7.7564566137087922E+02,  3.8782283068543961E+03,  0.0000000000000000E+00,  0.0000000000000000E+00,  0.0000000000000000E+00,  1.5512913227417584E+03
   608, -1.7647134914712845E-01, -3.8345544604170057E+00, -2.0766223169583098E+00,  8.9916950378751920E-04,  9.0252957161326042E-01,  2.4287750710043801E+00,  1.0000000000000000E+00,  3.7566727607389221E+03,  7.5133455214778439E+02,  0.0000000000000000E+00,  7.5133455214778439E+02,  3.7566727607389221E+03,  0.0000000000000000E+00,  0.0000000000000000E+00,  0.0000000000000000E+00,  1.5026691042955688E+03
   609,  2.8980431382083323E+00, -5.5098502751605407E+00,  1.1623279564380895E+00,  6.7228623223070300E-04,  8.6736432443055855E-01,  2.6164710537194193E+00,  1.0000000000000000E+00,  5.1119999959055567E+03,  1.0223999991811112E+03,  0.0000000000000000E+00,  1.0223999991811112E+03,  5.1119999959055567E+03,  0.0000000000000000E+00,  0.0000000000000000E+00,  0.0000000000000000E+00,  2.0447999983622224E+03
   610,  2.4646945968347698E+00,  4.4757853630045918E-01, -1.8783619789295363E+00,  1.5841258130276769E-03,  9.4668007766387419E-01,  1.9481979514752830E+00,  1.0000000000000000E+00,  2.0550386733715159E+03,  4.1100773467430315E+02,  0.0000000000000000E+00,  4.1100773467430315E+02,  2.0550386733715159E+03,  0.0000000000000000E+00,  0.0000000000000000E+00,  0.0000000000000000E+00,  8.2201546934860630E+02
   611, -4.7451853180530623E-01, -1.9672951828733727E+00, -2.7211810354864415E-02,  2.5533566160548305E-04,  8.8393655935932536E-01,  4.0006640956946757E+00,  1.0000000000000000E+00,  4.4732784413593354E+03,  8.9465568827186712E+02,  0.0000000000000000E+00,  8.9465568827186712E+02,  4.4732784413593354E+03,  0.0000000000000000E+00,  0.0000000000000000E+00,  0.0000000000000000E+00,  1.7893113765437342E+03
   612, -1.0424736567423107E+01, -7.6266724264446202E+00,  3.9998049591046279E+00,  1.7271941555142435E-04,  4.5405565584250707E-01,  1.0414439419364556E+00,  1.0000000000000000E+00,  2.1041604931070044E+04,  4.2083209862140084E+03,  0.0000000000000000E+00,  4.2083209862140084E+03,  2.1041604931070044E+04,  0.0000000000000000E+00,  0.0000000000000000E+00,  0.0000000000000000E+00,  8.4166419724280167E+03
   613,  1.6570859771002908E+00,  1.5886154783582762E+00,  5.5234434740314288E-02,  2.8265775681629466E-03,  9.7122797155918739E-01,  1.4187712633093383E+00,  1.0000000000000000E+00,  1.1089219294896529E+03,  2.2178438589793058E+02,  0.0000000000000000E+00,  2.2178438589793058E+02,  1.1089219294896529E+03,  0.0000000000000000E+00,  0.0000000000000000E+00,  0.0000000000000000E+00,  4.4356877179586115E+02
   614,  1.8022502145667800E+00,  1.4902682637830762E+00, -1.2870509409082240E+00,  1.5912471455181675E-03,  9.4556117038371024E-01,  1.5078307392104304E+00,  1.0000000000000000E+00,  2.0981632247945017E+03,  4.1963264495890030E+02,  0.0000000000000000E+00,  4.1963264495890030E+02,  2.0981632247945017E+03,  0.0000000000000000E+00,  0.0000000000000000E+00,  0.0000000000000000E+00,  8.3926528991780060E+02
   615,  1.9142677866219906E+00,  1.5595643306640796E+00,  4.0190557294010121E-01,  1.6053114026967491E-03,  9.4549316822096308E-01,  1.3236867714550058E+00,  1.0000000000000000E+00,  2.1007841414837148E+03,  4.2015682829674302E+02,  0.0000000000000000E+00,  4.2015682829674302E+02,  2.1007841414837148E+03,  0.0000000000000000E+00,  0.0000000000000000E+00,  0.0000000000000000E+00,  8.4031365659348603E+02
   616,  1.9899870083945217E+00,  1.2486436210722698E+00, -5.6343900263928293E-01,  1.7847209240213742E-03,  9.5387775934043340E-01,  2.1072586496482413E+00,  1.0000000000000000E+00,  1.7776280254207963E+03,  3.5552560508415928E+02,  0.0000000000000000E+00,  3.5552560508415928E+02,  1.7776280254207963E+03,  0.0000000000000000E+00,  0.0000000000000000E+00,  0.0000000000000000E+00,  7.1105121016831856E+02
   617,  2.1304103874788907E+00,  1.2638248773315428E+00, -1.5990365364505454E+00,  6.2280479649186077E-04,  8.5317893182230453E-01,  1.6457025116412654E+00,  1.0000000000000000E+00,  5.6587286693486803E+03,  1.1317457338697359E+03,  0.0000000000000000E+00,  1.1317457338697359E+03,  5.6587286693486803E+03,  0.0000000000000000E+00,  0.0000000000000000E+00,  0.0000000000000000E+00,  2.2634914677394718E+03
   618,  1.4966559543891014E+00,  2.1113792444971247E+00,  1.8273309300551632E-01,  1.2086705532728171E-03,  9.2496451024756721E-01,  9.7040391481300947E-01,  1.0000000000000000E+00,  2.8919928342083476E+03,  5.7839856684166955E+02,  0.0000000000000000E+00,  5.7839856684166955E+02,  2.8919928342083476E+03,  0.0000000000000000E+00,  0.0000000000000000E+00,  0.0000000000000000E+00,  1.1567971336833391E+03
   619, -2.4801905907623443E+00, -1.0152475525122266E+00,  2.1566717802558716E-01,  5.1568332337325771E-04,  8.1947583738135443E-01,  9.7519177609437302E-01,  1.0000000000000000E+00,  6.9577021009269656E+03,  1.3915404201853930E+03,  0.0000000000000000E+00,  1.3915404201853930E+03,  6.9577021009269656E+03,  0.0000000000000000E+00,  0.0000000000000000E+00,  0.0000000000000000E+00,  2.7830808403707861E+03
   620, -1.6985751214195168E+00, -5.0850264281665778E+00,  5.7183526506008386E-01,  4.5415518572219693E-04,  7.9874777321291779E-01,  2.4460637854558001E+00,  1.0000000000000000E+00,  7.7565962407521274E+03,  1.5513192481504254E+03,  0.0000000000000000E+00,  1.5513192481504254E+03,  7.7565962407521274E+03,  0.0000000000000000E+00,  0.0000000000000000E+00,  0.0000000000000000E+00,  3.1026384963008509E+03
   621, -2.4553769404450372E+00, -4.0246448935509704E+00,  2.0302789599303286E+00,  6.2070732776688727E-04,  9.0473513067250821E-01,  1.2959007721787796E+00,  1.0000000000000000E+00,  3.6716668386637461E+03,  7.3433336773274925E+02,  0.0000000000000000E+00,  7.3433336773274925E+02,  3.6716668386637461E+03,  0.0000000000000000E+00,  0.0000000000000000E+00,  0.0000000000000000E+00,  1.4686667354654985E+03
   622,  8.0952291144234034E-01, -2.4711437639695522E+00, -1.4932337458108293E+00,  5.1527956945212705E-04,  8.8608158832787820E-01,  2.7707650238764123E+00,  1.0000000000000000E+00,  4.3906054498630283E+03,  8.7812108997260566E+02,  0.0000000000000000E+00,  8.7812108997260566E+02,  4.3906054498630283E+03,  0.0000000000000000E+00,  0.0000000000000000E+00,  0.0000000000000000E+00,  1.7562421799452113E+03
   623, -5.0201635631317370E+00, -5.3496592695759149E-01, -1.1833837470181818E+00,  3.0421175064836669E-04,  6.9165551687820603E-01,  1.0302111986293849E+00,  1.0000000000000000E+00,  1.1884110286985811E+04,  2.3768220573971621E+03,  0.0000000000000000E+00,  2.3768220573971621E+03,  1.1884110286985811E+04,  0.0000000000000000E+00,  0.0000000000000000E+00,  0.0000000000000000E+00,  4.7536441147943242E+03
   624, -2.7563014893100477E+00,  1.3607093724142042E-02, -3.1448529546808233E-02,  8.8409489118899780E-04,  8.9624525820191081E-01,  1.0000644338207474E+00,  1.0000000000000000E+00,  3.9988806734680215E+03,  7.9977613469360426E+02,  0.0000000000000000E+00,  7.9977613469360426E+02,  3.9988806734680215E+03,  0.0000000000000000E+00,  0.0000000000000000E+00,  0.0000000000000000E+00,  1.5995522693872085E+03
   625, -2.2104934213026000E+00, -1.1910906248802244E+00,  7.3646960805888539E-01,  9.2078233038366290E-04,  9.0051560768979233E-01,  9.9821527502319118E-01,  1.0000000000000000E+00,  3.8342942869559211E+03,  7.6685885739118419E+02,  0.0000000000000000E+00,  7.6685885739118419E+02,  3.8342942869559211E+03,  0.0000000000000000E+00,  0.0000000000000000E+00,  0.0000000000000000E+00,  1.5337177147823684E+03
   626,  1.5831894018457084E+00,  2.0584411897194084E+00, -6.0279448757268550E-01,  6.3738557921890089E-04,  8.5533955631458047E-01,  1.2096842413121933E+00,  1.0000000000000000E+00,  5.5754546003755449E+03,  1.1150909200751089E+03,  0.0000000000000000E+00,  1.1150909200751089E+03,  5.5754546003755449E+03,  0.0000000000000000E+00,  0.0000000000000000E+00,  0.0000000000000000E+00,  2.2301818401502178E+03
   627, -7.7341687191881574E+00, -4.9207207065434666E+00, -1.2547706440913467E+01,  1.7865928200079100E-04,  4.7285336611677464E-01,  1.3414591129951974E+00,  1.0000000000000000E+00,  2.0317109847582647E+04,  4.0634219695165293E+03,  0.0000000000000000E+00,  4.0634219695165293E+03,  2.0317109847582647E+04,  0.0000000000000000E+00,  0.0000000000000000E+00,  0.0000000000000000E+00,  8.1268439390330586E+03
   628,  1.9957425909508522E+00, -9.2624584155313805E+00, -6.7843085101677070E-01,  1.3971101696192789E-04,  7.0232458669989495E-01,  4.0072040235775246E+00,  1.0000000000000000E+00,  1.1472906554274883E+04,  2.2945813108549764E+03,  0.0000000000000000E+00,  2.2945813108549764E+03,  1.1472906554274883E+04,  0.0000000000000000E+00,  0.0000000000000000E+00,  0.0000000000000000E+00,  4.5891626217099529E+03
   629,  5.2961842393877279E-01,  2.8987443968299100E+00, -5.1581315553550881E-02,  1.5871775208025907E-03,  9.4376848336228769E-01,  1.0002367639998562E+00,  1.0000000000000000E+00,  2.1672563704118288E+03,  4.3345127408236573E+02,  0.0000000000000000E+00,  4.3345127408236573E+02,  2.1672563704118288E+03,  0.0000000000000000E+00,  0.0000000000000000E+00,  0.0000000000000000E+00,  8.6690254816473146E+02
   630,  1.8060017948996931E+00,  6.0681883690126892E-01, -9.6493464604263460E-02,  2.8103978013292790E-03,  9.7803793531209693E-01,  4.0127641662704905E+00,  1.0000000000000000E+00,  8.4645457651293100E+02,  1.6929091530258620E+02,  0.0000000000000000E+00,  1.6929091530258620E+02,  8.4645457651293100E+02,  0.0000000000000000E+00,  0.0000000000000000E+00,  0.0000000000000000E+00,  3.3858183060517240E+02
   631, -4.1239202452943839E+00,  5.5867370688101259E+00, -5.1706551015804780E-01,  6.7081086901004522E-04,  8.6211955138348861E-01,  1.0014086588751905E+00,  1.0000000000000000E+00,  5.3141422904280435E+03,  1.0628284580856086E+03,  0.0000000000000000E+00,  1.0628284580856086E+03,  5.3141422904280435E+03,  0.0000000000000000E+00,  0.0000000000000000E+00,  0.0000000000000000E+00,  2.1256569161712173E+03
   632, -4.8694208137770296E+00,  1.4255475307123331E+00, -1.0455741442313233E+00,  9.1348668973942121E-04,  8.9973999345561984E-01,  1.0129972521193733E+00,  1.0000000000000000E+00,  3.8641877522313193E+03,  7.7283755044626378E+02,  0.0000000000000000E+00,  7.7283755044626378E+02,  3.8641877522313193E+03,  0.0000000000000000E+00,  0.0000000000000000E+00,  0.0000000000000000E+00,  1.5456751008925276E+03
   633, -3.3340210750603636E+00, -8.5298081818936389E-01,  9.0701599874903316E-01,  3.9298486257167341E-04,  8.2370685176127678E-01,  9.7257133453204991E-01,  1.0000000000000000E+00,  6.7946317550341246E+03,  1.3589263510068249E+03,  0.0000000000000000E+00,  1.3589263510068249E+03,  6.7946317550341246E+03,  0.0000000000000000E+00,  0.0000000000000000E+00,  0.0000000000000000E+00,  2.7178527020136498E+03
   634, -5.0750310261285403E+00, -2.7333895895354314E+00, -2.7827287939088274E-01,  5.0834569621276571E-04,  8.1691264716391099E-01,  1.0068449893229747E+00,  1.0000000000000000E+00,  7.0564917238909320E+03,  1.4112983447781862E+03,  0.0000000000000000E+00,  1.4112983447781862E+03,  7.0564917238909320E+03,  0.0000000000000000E+00,  0.0000000000000000E+00,  0.0000000000000000E+00,  2.8225966895563724E+03
   635, -6.1841556298639624E+00,  3.5386086787183317E+00,  3.2907210771373112E+00,  6.2581904052423393E-04,  8.5185540151568051E-01,  9.7148366410473730E-01,  1.0000000000000000E+00,  5.7097397332498140E+03,  1.1419479466499629E+03,  0.0000000000000000E+00,  1.1419479466499629E+03,  5.7097397332498140E+03,  0.0000000000000000E+00,  0.0000000000000000E+00,  0.0000000000000000E+00,  2.2838958932999258E+03
   636, -1.5150958689798054E+01, -1.4802213664811608E+01,  2.2245064869913436E+00,  3.7127713577528776E-04,  7.4823922674870080E-01,  1.1062616882008873E+00,  1.0000000000000000E+00,  9.7032798023938249E+03,  1.9406559604787649E+03,  0.0000000000000000E+00,  1.9406559604787649E+03,  9.7032798023938249E+03,  0.0000000000000000E+00,  0.0000000000000000E+00,  0.0000000000000000E+00,  3.8813119209575298E+03
   637,  4.1898718049222801E+00, -2.1699347365447563E+00, -8.9959981342069073E-01,  1.1548363162664636E-03,  9.3073846471544375E-01,  4.0383077625773192E+00,  1.0000000000000000E+00,  2.6694550057589390E+03,  5.3389100115178780E+02,  0.0000000000000000E+00,  5.3389100115178780E+02,  2.6694550057589390E+03,  0.0000000000000000E+00,  0.0000000000000000E+00,  0.0000000000000000E+00,  1.0677820023035756E+03
   638,  4.2645896452533432E+00, -1.7263735240489106E+00, -4.8511789088841206E-01,  6.6767157306813103E-04,  8.7052848974245178E-01,  4.0129237985528139E+00,  1.0000000000000000E+00,  4.9900477911763383E+03,  9.9800955823526760E+02,  0.0000000000000000E+00,  9.9800955823526760E+02,  4.9900477911763383E+03,  0.0000000000000000E+00,  0.0000000000000000E+00,  0.0000000000000000E+00,  1.9960191164705352E+03
   639, -1.0419756301193633E+01, -1.1016194884442575E+01, -7.1171403595497329E-01,  3.9092681992115651E-04,  7.6302386328932115E-01,  1.8054844916414254E+00,  1.0000000000000000E+00,  9.1334552690574146E+03,  1.8266910538114830E+03,  0.0000000000000000E+00,  1.8266910538114830E+03,  9.1334552690574146E+03,  0.0000000000000000E+00,  0.0000000000000000E+00,  0.0000000000000000E+00,  3.6533821076229660E+03
   640,  3.7405824239131202E-01, -8.2633340822521406E-01, -1.3783759042957653E+00,  6.9503609582537173E-04,  8.6959517023550958E-01,  1.8245724080305461E+00,  1.0000000000000000E+00,  5.0260194805064020E+03,  1.0052038961012804E+03,  0.0000000000000000E+00,  1.0052038961012804E+03,  5.0260194805064020E+03,  0.0000000000000000E+00,  0.0000000000000000E+00,  0.0000000000000000E+00,  2.0104077922025608E+03
   641, -8.5811633273909678E+00, -7.3377069228031058E+00, -2.1318510089572515E+00,  7.7882021744153066E-04,  8.8252360379338546E-01,  1.2500124982693046E+00,  1.0000000000000000E+00,  4.5277361037966029E+03,  9.0554722075932045E+02,  0.0000000000000000E+00,  9.0554722075932045E+02,  4.5277361037966029E+03,  0.0000000000000000E+00,  0.0000000000000000E+00,  0.0000000000000000E+00,  1.8110944415186409E+03
   642, -2.5945343731141861E+00, -5.9326804592284355E-01, -2.0568177623044366E+00,  4.4060740302802873E-04,  7.8869664131437156E-01,  1.1795469412568822E+00,  1.0000000000000000E+00,  8.1439836160085970E+03,  1.6287967232017193E+03,  0.0000000000000000E+00,  1.6287967232017193E+03,  8.1439836160085970E+03,  0.0000000000000000E+00,  0.0000000000000000E+00,  0.0000000000000000E+00,  3.2575934464034385E+03
   643,  1.9130790831635038E+00,  1.5607997988889417E+00,  1.4726444967933174E+00,  6.7221708366045011E-04,  8.6295438098590493E-01,  1.1754043552193947E+00,  1.0000000000000000E+00,  5.2819665661682484E+03,  1.0563933132336495E+03,  0.0000000000000000E+00,  1.0563933132336495E+03,  5.2819665661682484E+03,  0.0000000000000000E+00,  0.0000000000000000E+00,  0.0000000000000000E+00,  2.1127866264672989E+03
   644,  5.5778873331541536E+00, -5.1785822814327398E+00,  1.6991458718993255E+00,  4.0776940985071418E-04,  7.7501672504822816E-01,  2.5032133828352046E+00,  1.0000000000000000E+00,  8.6712303887662074E+03,  1.7342460777532415E+03,  0.0000000000000000E+00,  1.7342460777532415E+03,  8.6712303887662074E+03,  0.0000000000000000E+00,  0.0000000000000000E+00,  0.0000000000000000E+00,  3.4684921555064830E+03
   645,  1.8774405211533318E+00,  1.1143062147625751E+00, -4.2425673843887746E-01,  2.3930529161890028E-03,  9.6829694369152253E-01,  2.4570290068465219E+00,  1.0000000000000000E+00,  1.2218886285559029E+03,  2.4437772571118055E+02,  0.0000000000000000E+00,  2.4437772571118055E+02,  1.2218886285559029E+03,  0.0000000000000000E+00,  0.0000000000000000E+00,  0.0000000000000000E+00,  4.8875545142236109E+02
   646,  3.1824516554497815E+00,  9.8025660989631410E-04,  8.7574698596958045E-01,  1.0359042770381913E-03,  9.1526689429551422E-01,  2.0362234194859252E+00,  1.0000000000000000E+00,  3.2657551156937229E+03,  6.5315102313874456E+02,  0.0000000000000000E+00,  6.5315102313874456E+02,  3.2657551156937229E+03,  0.0000000000000000E+00,  0.0000000000000000E+00,  0.0000000000000000E+00,  1.3063020462774891E+03
   647, -2.8152963184095928E+01, -2.4968193467499006E+01,  6.0535175855222292E+00,  8.3124087151763453E-05,  3.2403141440547656E-01,  1.0586466081468413E+00,  1.0000000000000000E+00,  2.6052955903122260E+04,  5.2105911806244521E+03,  0.0000000000000000E+00,  5.2105911806244521E+03,  2.6052955903122260E+04,  0.0000000000000000E+00,  0.0000000000000000E+00,  0.0000000000000000E+00,  1.0421182361248904E+04
   648,  6.5777277979296522E-01,  2.7497436889195130E+00,  8.9909016699672806E-01,  1.4382545205471446E-03,  9.3750561830065793E-01,  9.7604495810308867E-01,  1.0000000000000000E+00,  2.4086376279954761E+03,  4.8172752559909520E+02,  0.0000000000000000E+00,  4.8172752559909520E+02,  2.4086376279954761E+03,  0.0000000000000000E+00,  0.0000000000000000E+00,  0.0000000000000000E+00,  9.6345505119819040E+02
   649,  6.6265997612696848E-01,  1.8815647176025234E+00, -2.1696957400646912E+00,  9.1253365178649900E-04,  9.0040341443746552E-01,  1.2547006662427420E+00,  1.0000000000000000E+00,  3.8386184018893500E+03,  7.6772368037786998E+02,  0.0000000000000000E+00,  7.6772368037786998E+02,  3.8386184018893500E+03,  0.0000000000000000E+00,  0.0000000000000000E+00,  0.0000000000000000E+00,  1.5354473607557400E+03
   650, -6.9836467815361871E+00, -5.7742778260972925E+00,  2.1852101279630900E+00,  4.8482236749619411E-04,  8.0799515683286260E-01,  1.0557311940555107E+00,  1.0000000000000000E+00,  7.4001866637334215E+03,  1.4800373327466841E+03,  0.0000000000000000E+00,  1.4800373327466841E+03,  7.4001866637334215E+03,  0.0000000000000000E+00,  0.0000000000000000E+00,  0.0000000000000000E+00,  2.9600746654933682E+03
   651, -2.1106810597318171E-01,  3.4478392723257234E+00, -4.5894648784552372E-01,  1.4844134090420558E-03,  9.3965848882085579E-01,  1.0075995878323876E+00,  1.0000000000000000E+00,  2.3256624100295166E+03,  4.6513248200590334E+02,  0.0000000000000000E+00,  4.6513248200590334E+02,  2.3256624100295166E+03,  0.0000000000000000E+00,  0.0000000000000000E+00,  0.0000000000000000E+00,  9.3026496401180668E+02
   652, -9.0129040404768936E+00, -5.2907439039579911E+00, -1.0116589841541594E+00,  4.2011770463539313E-04,  7.7776532091189710E-01,  1.0318097812086136E+00,  1.0000000000000000E+00,  8.5652949231873008E+03,  1.7130589846374601E+03,  0.0000000000000000E+00,  1.7130589846374601E+03,  8.5652949231873008E+03,  0.0000000000000000E+00,  0.0000000000000000E+00,  0.0000000000000000E+00,  3.4261179692749201E+03
   653, -7.2311078502581365E+00, -6.9648538813901899E+00,  9.8060355327906301E-01,  8.0564666406208693E-04,  8.8607782927746648E-01,  1.0897691242359171E+00,  1.0000000000000000E+00,  4.3907503299309801E+03,  8.7815006598619595E+02,  0.0000000000000000E+00,  8.7815006598619595E+02,  4.3907503299309801E+03,  0.0000000000000000E+00,  0.0000000000000000E+00,  0.0000000000000000E+00,  1.7563001319723919E+03
   654, -2.8108180921926071E+00, -2.1528751354551865E+00, -1.6365330437354937E+00,  6.7923532737193938E-04,  8.6477635911291140E-01,  1.2925707061315477E+00,  1.0000000000000000E+00,  5.2117444925232076E+03,  1.0423488985046415E+03,  0.0000000000000000E+00,  1.0423488985046415E+03,  5.2117444925232076E+03,  0.0000000000000000E+00,  0.0000000000000000E+00,  0.0000000000000000E+00,  2.0846977970092830E+03
   655, -1.6341175260500755E+00,  4.3838119321992126E+00, -1.0405487458763898E+00,  6.8466887882672194E-04,  8.6502254194228467E-01,  1.0140181820207685E+00,  1.0000000000000000E+00,  5.2022561959744453E+03,  1.0404512391948890E+03,  0.0000000000000000E+00,  1.0404512391948890E+03,  5.2022561959744453E+03,  0.0000000000000000E+00,  0.0000000000000000E+00,  0.0000000000000000E+00,  2.0809024783897780E+03
   656, -1.7060424278248412E+00, -1.3442346536310223E-01,  1.8666713529983989E+00,  6.0147696101021855E-04,  8.4589479009864710E-01,  1.0294864437015772E+00,  1.0000000000000000E+00,  5.9394716316146441E+03,  1.1878943263229287E+03,  0.0000000000000000E+00,  1.1878943263229287E+03,  5.9394716316146441E+03,  0.0000000000000000E+00,  0.0000000000000000E+00,  0.0000000000000000E+00,  2.3757886526458574E+03
   657, -9.0932946461472919E-01,  1.1186488407858450E+00, -1.7488151547354265E+00,  7.5554052889824309E-04,  8.7846587425182565E-01,  1.1540858480856637E+00,  1.0000000000000000E+00,  4.6841277632108868E+03,  9.3682555264217740E+02,  0.0000000000000000E+00,  9.3682555264217740E+02,  4.6841277632108868E+03,  0.0000000000000000E+00,  0.0000000000000000E+00,  0.0000000000000000E+00,  1.8736511052843548E+03
   658,  1.4012474050336696E+00,  2.2102938872835445E+00,  7.4106142477503423E-01,  7.6398009425969644E-04,  8.7940893634866657E-01,  1.0125943766352599E+00,  1.0000000000000000E+00,  4.6477805782284768E+03,  9.2955611564569529E+02,  0.0000000000000000E+00,  9.2955611564569529E+02,  4.6477805782284768E+03,  0.0000000000000000E+00,  0.0000000000000000E+00,  0.0000000000000000E+00,  1.8591122312913906E+03
   659, -1.6885708352499869E+01, -2.0789444823828774E+01, -4.4246266352611041E+00,  2.1366661246750940E-04,  5.8476061682527680E-01,  1.8312596289257279E+00,  1.0000000000000000E+00,  1.6004017893192458E+04,  3.2008035786384917E+03,  0.0000000000000000E+00,  3.2008035786384917E+03,  1.6004017893192458E+04,  0.0000000000000000E+00,  0.0000000000000000E+00,  0.0000000000000000E+00,  6.4016071572769833E+03
   660,  2.0225802224812712E+00,  1.3982058612272239E+00, -1.0392234034207728E+00,  1.1071778918841134E-03,  9.2003430942773545E-01,  1.6756544774594950E+00,  1.0000000000000000E+00,  3.0820109908060299E+03,  6.1640219816120589E+02,  0.0000000000000000E+00,  6.1640219816120589E+02,  3.0820109908060299E+03,  0.0000000000000000E+00,  0.0000000000000000E+00,  0.0000000000000000E+00,  1.2328043963224118E+03
   661,  8.9958894161636704E-01,  2.6998101637574181E+00,  2.3554531617534719E-01,  7.7471722771655055E-04,  8.8101768636015676E-01,  9.7682140040673637E-01,  1.0000000000000000E+00,  4.5857766715356256E+03,  9.1715533430712503E+02,  0.0000000000000000E+00,  9.1715533430712503E+02,  4.5857766715356256E+03,  0.0000000000000000E+00,  0.0000000000000000E+00,  0.0000000000000000E+00,  1.8343106686142501E+03
   662,  1.2928377617951630E+00,  2.0378401552731380E+00, -1.1222913109588817E+00,  4.3989320843092693E-04,  8.0250780627618656E-01,  1.2332468025839256E+00,  1.0000000000000000E+00,  7.6116782997719774E+03,  1.5223356599543954E+03,  0.0000000000000000E+00,  1.5223356599543954E+03,  7.6116782997719774E+03,  0.0000000000000000E+00,  0.0000000000000000E+00,  0.0000000000000000E+00,  3.0446713199087908E+03
   663,  2.0060181626081626E+00, -3.7926736107375669E+00,  7.7405419320265656E-01,  5.9986825910258990E-04,  8.5033465422894383E-01,  2.6458405987991056E+00,  1.0000000000000000E+00,  5.7683518682594577E+03,  1.1536703736518914E+03,  0.0000000000000000E+00,  1.1536703736518914E+03,  5.7683518682594577E+03,  0.0000000000000000E+00,  0.0000000000000000E+00,  0.0000000000000000E+00,  2.3073407473037828E+03
   664, -2.4055721892990722E+00, -1.2531198396815244E+00,  1.0602119984805494E+00,  7.3191622878951540E-05,  8.2565865289218787E-01,  1.0128715124707626E+00,  1.0000000000000000E+00,  6.7194060864469266E+03,  1.3438812172893852E+03,  0.0000000000000000E+00,  1.3438812172893852E+03,  6.7194060864469266E+03,  0.0000000000000000E+00,  0.0000000000000000E+00,  0.0000000000000000E+00,  2.6877624345787704E+03
   665,  1.6693025023981811E+00,  1.4049836782497507E+00,  4.3110035101044480E-01,  4.1418523740112479E-03,  9.8126949536043717E-01,  1.2570115085197295E+00,  1.0000000000000000E+00,  7.2190486631648412E+02,  1.4438097326329682E+02,  0.0000000000000000E+00,  1.4438097326329682E+02,  7.2190486631648412E+02,  0.0000000000000000E+00,  0.0000000000000000E+00,  0.0000000000000000E+00,  2.8876194652659365E+02
   666, -3.3274592516223034E-01,  2.3617468778554658E+00, -1.0360003629821850E+00,  6.2294023522943055E-04,  8.5141448340898351E-01,  1.0562302027326342E+00,  1.0000000000000000E+00,  5.7267334519454280E+03,  1.1453466903890856E+03,  0.0000000000000000E+00,  1.1453466903890856E+03,  5.7267334519454280E+03,  0.0000000000000000E+00,  0.0000000000000000E+00,  0.0000000000000000E+00,  2.2906933807781711E+03
   667,  2.2079666557675126E+00,  7.2603657755101081E-01, -7.0938415509419428E-01,  2.1261313764271901E-03,  9.6404702904844708E-01,  2.6838147521610241E+00,  1.0000000000000000E+00,  1.3856874220911022E+03,  2.7713748441822042E+02,  0.0000000000000000E+00,  2.7713748441822042E+02,  1.3856874220911022E+03,  0.0000000000000000E+00,  0.0000000000000000E+00,  0.0000000000000000E+00,  5.5427496883644085E+02
   668,  5.4523436508565215E-01,  2.8277942585338951E+00,  1.2184425592864114E+00,  1.0949954122398005E-03,  9.1686014173681762E-01,  9.8334730358274736E-01,  1.0000000000000000E+00,  3.2043487038934877E+03,  6.4086974077869752E+02,  0.0000000000000000E+00,  6.4086974077869752E+02,  3.2043487038934877E+03,  0.0000000000000000E+00,  0.0000000000000000E+00,  0.0000000000000000E+00,  1.2817394815573950E+03
   669, -1.2627658119525260E+00,  4.2103342721902290E+00, -2.3026760017244188E-01,  9.4902036525553878E-04,  9.0359027699892380E-01,  1.0008815441838508E+00,  1.0000000000000000E+00,  3.7157914073331458E+03,  7.4315828146662909E+02,  0.0000000000000000E+00,  7.4315828146662909E+02,  3.7157914073331458E+03,  0.0000000000000000E+00,  0.0000000000000000E+00,  0.0000000000000000E+00,  1.4863165629332582E+03
   670, -2.3278601805009478E+00,  2.4251421829921003E+00, -2.1237284228407427E+00,  6.3206636891448883E-04,  8.5365828355151829E-01,  1.0703764728274767E+00,  1.0000000000000000E+00,  5.6402536547852333E+03,  1.1280507309570467E+03,  0.0000000000000000E+00,  1.1280507309570467E+03,  5.6402536547852333E+03,  0.0000000000000000E+00,  0.0000000000000000E+00,  0.0000000000000000E+00,  2.2561014619140933E+03
   671, -1.9275098204125118E+00,  3.5226395665290255E-01, -9.1405734128623584E-01,  4.4827349959501017E-04,  7.9204019475557619E-01,  1.0599528560924085E+00,  1.0000000000000000E+00,  8.0151174937955020E+03,  1.6030234987591004E+03,  0.0000000000000000E+00,  1.6030234987591004E+03,  8.0151174937955020E+03,  0.0000000000000000E+00,  0.0000000000000000E+00,  0.0000000000000000E+00,  3.2060469975182009E+03
   672,  6.2887922603663771E-01,  2.9174950518984688E+00,  8.6132269190438079E-02,  8.4217309084750757E-04,  8.9087487343077787E-01,  9.9139134999430456E-01,  1.0000000000000000E+00,  4.2058642531887699E+03,  8.4117285063775398E+02,  0.0000000000000000E+00,  8.4117285063775398E+02,  4.2058642531887699E+03,  0.0000000000000000E+00,  0.0000000000000000E+00,  0.0000000000000000E+00,  1.6823457012755080E+03
   673,  3.2475426413499164E+00, -1.8009902917376359E+00, -1.6734708390635597E-01,  9.1468390584173768E-04,  9.0906080149216428E-01,  4.0021921189233698E+00,  1.0000000000000000E+00,  3.5049482758228355E+03,  7.0098965516456701E+02,  0.0000000000000000E+00,  7.0098965516456701E+02,  3.5049482758228355E+03,  0.0000000000000000E+00,  0.0000000000000000E+00,  0.0000000000000000E+00,  1.4019793103291340E+03
   674,  1.2130349188643230E+00, -6.6132384691358825E-01,  2.2258937759001660E-01,  6.5983475457891713E-04,  8.6506724908187205E-01,  2.7424818057434397E+00,  1.0000000000000000E+00,  5.2005331083028486E+03,  1.0401066216605698E+03,  0.0000000000000000E+00,  1.0401066216605698E+03,  5.2005331083028486E+03,  0.0000000000000000E+00,  0.0000000000000000E+00,  0.0000000000000000E+00,  2.0802132433211395E+03
   675, -9.3698880239490325E+00,  5.7701040462674467E+00, -4.4397057580133996E+00,  2.0601034098809281E-04,  5.4288689208361018E-01,  1.0362297986230471E+00,  1.0000000000000000E+00,  1.7617901034277525E+04,  3.5235802068555049E+03,  0.0000000000000000E+00,  3.5235802068555049E+03,  1.7617901034277525E+04,  0.0000000000000000E+00,  0.0000000000000000E+00,  0.0000000000000000E+00,  7.0471604137110098E+03
   676, -3.9064869503507178E+00,  6.4681283809149159E-01,  1.9753747237327204E+00,  6.8765456017478763E-04,  8.6550706152611878E-01,  9.7629794091221911E-01,  1.0000000000000000E+00,  5.1835820036808391E+03,  1.0367164007361678E+03,  0.0000000000000000E+00,  1.0367164007361678E+03,  5.1835820036808391E+03,  0.0000000000000000E+00,  0.0000000000000000E+00,  0.0000000000000000E+00,  2.0734328014723355E+03
   677, -1.4988351013272352E+01, -4.3598731133225650E+00,  6.4665178341341338E+00,  2.1058126232016350E-04,  6.4921684917080769E-01,  9.8917251875116863E-01,  1.0000000000000000E+00,  1.3519767271541788E+04,  2.7039534543083578E+03,  0.0000000000000000E+00,  2.7039534543083578E+03,  1.3519767271541788E+04,  0.0000000000000000E+00,  0.0000000000000000E+00,  0.0000000000000000E+00,  5.4079069086167156E+03
   678, -1.5887735251548512E+00,  4.2772125888511976E+00,  8.2682527226764635E-01,  1.5263977883274707E-03,  9.4131059811789952E-01,  9.7578486494076455E-01,  1.0000000000000000E+00,  2.2619873642059561E+03,  4.5239747284119125E+02,  0.0000000000000000E+00,  4.5239747284119125E+02,  2.2619873642059561E+03,  0.0000000000000000E+00,  0.0000000000000000E+00,  0.0000000000000000E+00,  9.0479494568238249E+02
   679, -3.2654779087439589E+00, -1.4759859362702332E+00, -2.3655225367386204E-01,  4.5236029486902531E-04,  7.9380538400431500E-01,  1.0084090657217992E+00,  1.0000000000000000E+00,  7.9470841581670275E+03,  1.5894168316334053E+03,  0.0000000000000000E+00,  1.5894168316334053E+03,  7.9470841581670275E+03,  0.0000000000000000E+00,  0.0000000000000000E+00,  0.0000000000000000E+00,  3.1788336632668106E+03
   680, -4.0891194773371771E+00, -1.5813638783760835E+00, -8.5946821734959045E+00,  3.1183801705258362E-04,  7.0003201910673041E-01,  1.3220057079137613E+00,  1.0000000000000000E+00,  1.1561265930261434E+04,  2.3122531860522868E+03,  0.0000000000000000E+00,  2.3122531860522868E+03,  1.1561265930261434E+04,  0.0000000000000000E+00,  0.0000000000000000E+00,  0.0000000000000000E+00,  4.6245063721045735E+03
   681, -5.6196247563448374E+00, -1.5872397154534374E+00,  9.7855022810779890E-01,  9.5203293558445638E-04,  9.0380830416814029E-01,  9.7031857690474121E-01,  1.0000000000000000E+00,  3.7073882768529270E+03,  7.4147765537058535E+02,  0.0000000000000000E+00,  7.4147765537058535E+02,  3.7073882768529270E+03,  0.0000000000000000E+00,  0.0000000000000000E+00,  0.0000000000000000E+00,  1.4829553107411707E+03
   682,  3.0850847904243648E+00, -5.6354379725415318E-03,  1.5808053025255124E+00,  1.0788491804894075E-03,  9.1759727921471668E-01,  1.6172373175822503E+00,  1.0000000000000000E+00,  3.1759381969327951E+03,  6.3518763938655900E+02,  0.0000000000000000E+00,  6.3518763938655900E+02,  3.1759381969327951E+03,  0.0000000000000000E+00,  0.0000000000000000E+00,  0.0000000000000000E+00,  1.2703752787731180E+03
   683,  2.0357881119163777E+00,  1.1016977044266409E+00, -9.8392431349831511E-01,  2.1016038113839237E-03,  9.6112525587625963E-01,  1.8712323628164271E+00,  1.0000000000000000E+00,  1.4982974297691601E+03,  2.9965948595383202E+02,  0.0000000000000000E+00,  2.9965948595383202E+02,  1.4982974297691601E+03,  0.0000000000000000E+00,  0.0000000000000000E+00,  0.0000000000000000E+00,  5.9931897190766404E+02
   684,  3.7681291183997612E+00, -1.3469329971125660E+01, -4.2502808153343778E+00,  7.8191415682047320E-05,  8.6556100173527287E-02,  4.1072946723511299E+00,  1.0000000000000000E+00,  3.5205650305811971E+04,  7.0411300611623938E+03,  0.0000000000000000E+00,  7.0411300611623938E+03,  3.5205650305811971E+04,  0.0000000000000000E+00,  0.0000000000000000E+00,  0.0000000000000000E+00,  1.4082260122324788E+04
   685, -2.7359179448884814E+00,  5.0282908327671381E+00, -6.0307012108828562E-01,  4.9811140859004708E-04,  8.1306448169973944E-01,  1.0029762671797924E+00,  1.0000000000000000E+00,  7.2048064344892100E+03,  1.4409612868978420E+03,  0.0000000000000000E+00,  1.4409612868978420E+03,  7.2048064344892100E+03,  0.0000000000000000E+00,  0.0000000000000000E+00,  0.0000000000000000E+00,  2.8819225737956840E+03
   686,  1.1054271184918056E+00, -1.0662592491780565E+00, -5.9441141995520552E-01,  7.2263314498430969E-04,  8.8147038318757509E-01,  4.0351804031078826E+00,  1.0000000000000000E+00,  4.5683289813122110E+03,  9.1366579626244209E+02,  0.0000000000000000E+00,  9.1366579626244209E+02,  4.5683289813122110E+03,  0.0000000000000000E+00,  0.0000000000000000E+00,  0.0000000000000000E+00,  1.8273315925248842E+03
   687, -6.8798662273196127E+00,  7.8780996746182167E-03, -1.5209680076681797E+00,  3.3487338130653855E-04,  7.2021114392737251E-01,  1.0220164273671644E+00,  1.0000000000000000E+00,  1.0783528827799186E+04,  2.1567057655598369E+03,  0.0000000000000000E+00,  2.1567057655598369E+03,  1.0783528827799186E+04,  0.0000000000000000E+00,  0.0000000000000000E+00,  0.0000000000000000E+00,  4.3134115311196738E+03
   688, -1.9491792400722788E-01, -1.0889925594242282E+01,  1.4307508360267396E+00,  4.8013633714316949E-04,  8.1067802787579701E-01,  2.6440266194281001E+00,  1.0000000000000000E+00,  7.2967843422869910E+03,  1.4593568684573981E+03,  0.0000000000000000E+00,  1.4593568684573981E+03,  7.2967843422869910E+03,  0.0000000000000000E+00,  0.0000000000000000E+00,  0.0000000000000000E+00,  2.9187137369147963E+03
   689, -5.8549255590184479E-01,  3.1843537090633260E+00,  2.8693281705415070E+00,  6.7480308608007078E-04,  8.6295603116793296E-01,  1.0012201573879309E+00,  1.0000000000000000E+00,  5.2819029654025844E+03,  1.0563805930805170E+03,  0.0000000000000000E+00,  1.0563805930805170E+03,  5.2819029654025844E+03,  0.0000000000000000E+00,  0.0000000000000000E+00,  0.0000000000000000E+00,  2.1127611861610339E+03
   690,  9.3521433388397712E-01,  2.5760112990513582E+00,  4.5732193670951488E-01,  1.3957693381089465E-03,  9.3548006273999751E-01,  9.7018436124267404E-01,  1.0000000000000000E+00,  2.4867059152292632E+03,  4.9734118304585257E+02,  0.0000000000000000E+00,  4.9734118304585257E+02,  2.4867059152292632E+03,  0.0000000000000000E+00,  0.0000000000000000E+00,  0.0000000000000000E+00,  9.9468236609170515E+02
   691, -9.7532930945348848E-03, -1.6017823274856482E+00, -3.0115414921096595E+00,  8.4157842250321519E-04,  8.9284046922578242E-01,  1.6390635442384869E+00,  1.0000000000000000E+00,  4.1301069152563032E+03,  8.2602138305126061E+02,  0.0000000000000000E+00,  8.2602138305126061E+02,  4.1301069152563032E+03,  0.0000000000000000E+00,  0.0000000000000000E+00,  0.0000000000000000E+00,  1.6520427661025212E+03
   692, -5.0011027570510258E+00, -7.8116895043786077E+00, -5.1127570808498876E-02,  4.0435375024569135E-04,  7.7714629678161684E-01,  4.0006613374831774E+00,  1.0000000000000000E+00,  8.5891531448751848E+03,  1.7178306289750369E+03,  0.0000000000000000E+00,  1.7178306289750369E+03,  8.5891531448751848E+03,  0.0000000000000000E+00,  0.0000000000000000E+00,  0.0000000000000000E+00,  3.4356612579500738E+03
   693,  1.9076403260571866E+00,  1.5240648965925792E+00, -6.0498438025316281E-01,  1.3684600850250835E-03,  9.3645271081574744E-01,  1.6929606240618915E+00,  1.0000000000000000E+00,  2.4492184373097348E+03,  4.8984368746194690E+02,  0.0000000000000000E+00,  4.8984368746194690E+02,  2.4492184373097348E+03,  0.0000000000000000E+00,  0.0000000000000000E+00,  0.0000000000000000E+00,  9.7968737492389380E+02
   694, -4.3108880486270111E+00, -1.6595286701326022E+00, -2.3387674296834632E-01,  9.8906307480926391E-04,  9.0764729277828704E-01,  1.0038238106378785E+00,  1.0000000000000000E+00,  3.5594272575035207E+03,  7.1188545150070411E+02,  0.0000000000000000E+00,  7.1188545150070411E+02,  3.5594272575035207E+03,  0.0000000000000000E+00,  0.0000000000000000E+00,  0.0000000000000000E+00,  1.4237709030014082E+03
   695,  0.0000000000000000E+00,  0.0000000000000000E+00,  0.0000000000000000E+00,  0.0000000000000000E+00,  0.0000000000000000E+00,  4.0000000000000000E+00,  1.0000000000000000E+00,  3.8541666666666672E+04,  7.7083333333333339E+03,  0.0000000000000000E+00,  7.7083333333333339E+03,  3.8541666666666672E+04,  0.0000000000000000E+00,  0.0000000000000000E+00,  0.0000000000000000E+00,  1.5416666666666668E+04
   696,  0.0000000000000000E+00,  0.0000000000000000E+00,  0.0000000000000000E+00,  0.0000000000000000E+00,  0.0000000000000000E+00,  4.0000000000000000E+00,  1.0000000000000000E+00,  3.8541666666666672E+04,  7.7083333333333339E+03,  0.0000000000000000E+00,  7.7083333333333339E+03,  3.8541666666666672E+04,  0.0000000000000000E+00,  0.0000000000000000E+00,  0.0000000000000000E+00,  1.5416666666666668E+04
   697,  0.0000000000000000E+00,  0.0000000000000000E+00,  0.0000000000000000E+00,  0.0000000000000000E+00,  0.0000000000000000E+00,  4.0000000000000000E+00,  1.0000000000000000E+00,  3.8541666666666672E+04,  7.7083333333333339E+03,  0.0000000000000000E+00,  7.7083333333333339E+03,  3.8541666666666672E+04,  0.0000000000000000E+00,  0.0000000000000000E+00,  0.0000000000000000E+00,  1.5416666666666668E+04
   698,  1.8477303830981577E+00,  1.8477303830981577E+00,  0.0000000000000000E+00,  2.3174240017711823E-04,  6.0049072797877678E-01,  4.0000000000000000E+00,  1.0000000000000000E+00,  1.5397753192484646E+04,  3.0795506384969294E+03,  0.0000000000000000E+00,  3.0795506384969294E+03,  1.5397753192484646E+04,  0.0000000000000000E+00,  0.0000000000000000E+00,  0.0000000000000000E+00,  6.1591012769938588E+03
   699,  1.8477303830981580E+00,  1.8477303830981580E+00,  0.0000000000000000E+00,  2.3174240017711817E-04,  6.0049072797877667E-01,  4.0000000000000000E+00,  1.0000000000000000E+00,  1.5397753192484652E+04,  3.0795506384969299E+03,  0.0000000000000000E+00,  3.0795506384969299E+03,  1.5397753192484652E+04,  0.0000000000000000E+00,  0.0000000000000000E+00,  0.0000000000000000E+00,  6.1591012769938598E+03
   700,  1.8477303830981577E+00,  1.8477303830981577E+00,  0.0000000000000000E+00,  2.3174240017711823E-04,  6.0049072797877678E-01,  4.0000000000000000E+00,  1.0000000000000000E+00,  1.5397753192484646E+04,  3.0795506384969294E+03,  0.0000000000000000E+00,  3.0795506384969294E+03,  1.5397753192484646E+04,  0.0000000000000000E+00,  0.0000000000000000E+00,  0.0000000000000000E+00,  6.1591012769938588E+03
   701,  1.8477303830981577E+00,  1.8477303830981577E+00,  6.1591012769938584E-16,  2.3174240017711823E-04,  6.0049072797877678E-01,  4.0000000000000000E+00,  1.0000000000000000E+00,  1.5397753192484646E+04,  3.0795506384969294E+03,  0.0000000000000000E+00,  3.0795506384969294E+03,  1.5397753192484646E+04,  0.0000000000000000E+00,  0.0000000000000000E+00,  0.0000000000000000E+00,  6.1591012769938588E+03
   702,  1.8477303830981580E+00,  1.8477303830981580E+00,  6.1591012769938594E-16,  2.3174240017711817E-04,  6.0049072797877667E-01,  4.0000000000000000E+00,  1.0000000000000000E+00,  1.5397753192484652E+04,  3.0795506384969299E+03,  0.0000000000000000E+00,  3.0795506384969299E+03,  1.5397753192484652E+04,  0.0000000000000000E+00,  0.0000000000000000E+00,  0.0000000000000000E+00,  6.1591012769938598E+03
   703,  1.8477303830981577E+00,  1.8477303830981577E+00,  6.1591012769938584E-16,  2.3174240017711823E-04,  6.0049072797877678E-01,  4.0000000000000000E+00,  1.0000000000000000E+00,  1.5397753192484646E+04,  3.0795506384969294E+03,  0.0000000000000000E+00,  3.0795506384969294E+03,  1.5397753192484646E+04,  0.0000000000000000E+00,  0.0000000000000000E+00,  0.0000000000000000E+00,  6.1591012769938588E+03
   704,  0.0000000000000000E+00,  0.0000000000000000E+00,  6.3525607081157380E+00,  2.2821773229381921E-04,  5.8794200812222241E-01,  1.1313708498984762E+00,  1.0000000000000000E+00,  1.5881401770289347E+04,  3.1762803540578693E+03,  0.0000000000000000E+00,  3.1762803540578693E+03,  1.5881401770289347E+04,  0.0000000000000000E+00,  0.0000000000000000E+00,  0.0000000000000000E+00,  6.3525607081157386E+03
   705,  0.0000000000000000E+00,  0.0000000000000000E+00,  6.3525607081157380E+00,  2.2821773229381921E-04,  5.8794200812222241E-01,  1.1313708498984762E+00,  1.0000000000000000E+00,  1.5881401770289347E+04,  3.1762803540578693E+03,  0.0000000000000000E+00,  3.1762803540578693E+03,  1.5881401770289347E+04,  0.0000000000000000E+00,  0.0000000000000000E+00,  0.0000000000000000E+00,  6.3525607081157386E+03
   706,  0.0000000000000000E+00,  0.0000000000000000E+00,  6.3525607081157380E+00,  2.2821773229381921E-04,  5.8794200812222241E-01,  1.1313708498984762E+00,  1.0000000000000000E+00,  1.5881401770289347E+04,  3.1762803540578693E+03,  0.0000000000000000E+00,  3.1762803540578693E+03,  1.5881401770289347E+04,  0.0000000000000000E+00,  0.0000000000000000E+00,  0.0000000000000000E+00,  6.3525607081157386E+03
   707, -3.4992629861122694E+01,  8.3999185651900968E-16,  0.0000000000000000E+00,  9.9999999999999991E-05,  5.4253246996684212E-02,  1.0000000000000000E+00,  1.0000000000000000E+00,  3.6450656105336137E+04,  7.2901312210672268E+03,  0.0000000000000000E+00,  7.2901312210672268E+03,  3.6450656105336137E+04,  0.0000000000000000E+00,  0.0000000000000000E+00,  0.0000000000000000E+00,  1.4580262442134454E+04
   708, -3.4992629861122694E+01,  0.0000000000000000E+00,  0.0000000000000000E+00,  9.9999999999999991E-05,  5.4253246996684212E-02,  1.0000000000000000E+00,  1.0000000000000000E+00,  3.6450656105336137E+04,  7.2901312210672268E+03,  0.0000000000000000E+00,  7.2901312210672268E+03,  3.6450656105336137E+04,  0.0000000000000000E+00,  0.0000000000000000E+00,  0.0000000000000000E+00,  1.4580262442134454E+04
   709, -3.4992629861122694E+01,  8.3999185651900968E-16,  0.0000000000000000E+00,  9.9999999999999991E-05,  5.4253246996684212E-02,  1.0000000000000000E+00,  1.0000000000000000E+00,  3.6450656105336137E+04,  7.2901312210672268E+03,  0.0000000000000000E+00,  7.2901312210672268E+03,  3.6450656105336137E+04,  0.0000000000000000E+00,  0.0000000000000000E+00,  0.0000000000000000E+00,  1.4580262442134454E+04
   710,  3.3891331889225409E+00, -1.3559256576083192E-16,  0.0000000000000000E+00,  3.0000000000000003E-04,  6.9467268568265395E-01,  4.0000000000000000E+00,  1.0000000000000000E+00,  1.1767823572647714E+04,  2.3535647145295425E+03,  0.0000000000000000E+00,  2.3535647145295425E+03,  1.1767823572647714E+04,  0.0000000000000000E+00,  0.0000000000000000E+00,  0.0000000000000000E+00,  4.7071294290590849E+03
   711,  3.3891331889225409E+00,  0.0000000000000000E+00,  0.0000000000000000E+00,  3.0000000000000003E-04,  6.9467268568265395E-01,  4.0000000000000000E+00,  1.0000000000000000E+00,  1.1767823572647714E+04,  2.3535647145295425E+03,  0.0000000000000000E+00,  2.3535647145295425E+03,  1.1767823572647714E+04,  0.0000000000000000E+00,  0.0000000000000000E+00,  0.0000000000000000E+00,  4.7071294290590849E+03
   712,  3.3891331889225409E+00, -1.3559256576083192E-16,  0.0000000000000000E+00,  3.0000000000000003E-04,  6.9467268568265395E-01,  4.0000000000000000E+00,  1.0000000000000000E+00,  1.1767823572647714E+04,  2.3535647145295425E+03,  0.0000000000000000E+00,  2.3535647145295425E+03,  1.1767823572647714E+04,  0.0000000000000000E+00,  0.0000000000000000E+00,  0.0000000000000000E+00,  4.7071294290590849E+03
   713,  0.0000000000000000E+00,  0.0000000000000000E+00,  0.0000000000000000E+00,  0.0000000000000000E+00,  0.0000000000000000E+00,  5.0000000000000000E-01,  1.0000000000000000E+00,  3.8541666666666672E+04,  7.7083333333333339E+03,  0.0000000000000000E+00,  7.7083333333333339E+03,  3.8541666666666672E+04,  0.0000000000000000E+00,  0.0000000000000000E+00,  0.0000000000000000E+00,  1.5416666666666668E+04
   714,  3.4928273329736332E+00,  0.0000000000000000E+00,  0.0000000000000000E+00,  1.9999999999999998E-04,  5.2799630635491446E-01,  5.0000000000000000E-01,  1.0000000000000000E+00,  1.8191809025904342E+04,  3.6383618051808680E+03,  0.0000000000000000E+00,  3.6383618051808680E+03,  1.8191809025904342E+04,  0.0000000000000000E+00,  0.0000000000000000E+00,  0.0000000000000000E+00,  7.2767236103617361E+03
   715,  3.4522773899012660E+00,  0.0000000000000000E+00,  0.0000000000000000E+00,  7.9999999999999993E-04,  8.8336900709793020E-01,  5.0000000000000000E-01,  1.0000000000000000E+00,  4.4951528514339407E+03,  8.9903057028678813E+02,  0.0000000000000000E+00,  8.9903057028678813E+02,  4.4951528514339407E+03,  0.0000000000000000E+00,  0.0000000000000000E+00,  0.0000000000000000E+00,  1.7980611405735763E+03
   716,  4.3153467373765825E-01,  0.0000000000000000E+00,  0.0000000000000000E+00,  7.9999999999999993E-04,  8.8336900709793020E-01,  5.0000000000000000E-01,  1.0000000000000000E+00,  4.4951528514339407E+03,  8.9903057028678813E+02,  0.0000000000000000E+00,  8.9903057028678813E+02,  4.4951528514339407E+03,  0.0000000000000000E+00,  0.0000000000000000E+00,  0.0000000000000000E+00,  1.7980611405735763E+03
   717,  0.0000000000000000E+00,  0.0000000000000000E+00,  0.0000000000000000E+00,  7.9999999999999993E-04,  8.8336900709793020E-01,  5.0000000000000000E-01,  1.0000000000000000E+00,  4.4951528514339407E+03,  8.9903057028678813E+02,  0.0000000000000000E+00,  8.9903057028678813E+02,  4.4951528514339407E+03,  0.0000000000000000E+00,  0.0000000000000000E+00,  0.0000000000000000E+00,  1.7980611405735763E+03
   718,  1.7261386949506330E+00,  0.0000000000000000E+00,  0.0000000000000000E+00,  7.9999999999999993E-04,  8.8336900709793020E-01,  5.0000000000000000E-01,  1.0000000000000000E+00,  4.4951528514339407E+03,  8.9903057028678813E+02,  0.0000000000000000E+00,  8.9903057028678813E+02,  4.4951528514339407E+03,  0.0000000000000000E+00,  0.0000000000000000E+00,  0.0000000000000000E+00,  1.7980611405735763E+03
   719,  3.4255059688362262E+00,  0.0000000000000000E+00,  0.0000000000000000E+00,  1.2000000000000001E-03,  9.2284896466585076E-01,  5.0000000000000000E-01,  1.0000000000000000E+00,  2.9735294868370024E+03,  5.9470589736740044E+02,  0.0000000000000000E+00,  5.9470589736740044E+02,  2.9735294868370024E+03,  0.0000000000000000E+00,  0.0000000000000000E+00,  0.0000000000000000E+00,  1.1894117947348009E+03
   720,  0.0000000000000000E+00,  0.0000000000000000E+00,  0.0000000000000000E+00,  0.0000000000000000E+00,  0.0000000000000000E+00,  5.0000000000000000E-01,  1.0000000000000000E+00,  3.8541666666666672E+04,  7.7083333333333339E+03,  0.0000000000000000E+00,  7.7083333333333339E+03,  3.8541666666666672E+04,  0.0000000000000000E+00,  0.0000000000000000E+00,  0.0000000000000000E+00,  1.5416666666666668E+04
   721,  0.0000000000000000E+00,  0.0000000000000000E+00,  3.0833333333333335E+00,  4.5643546458763842E-05,  0.0000000000000000E+00,  4.7140452079103162E-01,  1.0000000000000000E+00,  3.8541666666666672E+04,  7.7083333333333339E+03,  0.0000000000000000E+00,  7.7083333333333339E+03,  3.8541666666666672E+04,  0.0000000000000000E+00,  0.0000000000000000E+00,  0.0000000000000000E+00,  1.5416666666666668E+04
   722,  0.0000000000000000E+00,  0.0000000000000000E+00,  6.3797894425544790E+00,  1.8257418583505537E-04,  4.8271977492801521E-01,  4.7140452079103162E-01,  1.0000000000000000E+00,  1.9936842007982748E+04,  3.9873684015965496E+03,  0.0000000000000000E+00,  3.9873684015965496E+03,  1.9936842007982748E+04,  0.0000000000000000E+00,  0.0000000000000000E+00,  0.0000000000000000E+00,  7.9747368031930991E+03
   723,  0.0000000000000000E+00,  0.0000000000000000E+00,  7.9747368031930987E-01,  1.8257418583505537E-04,  4.8271977492801521E-01,  4.7140452079103162E-01,  1.0000000000000000E+00,  1.9936842007982748E+04,  3.9873684015965496E+03,  0.0000000000000000E+00,  3.9873684015965496E+03,  1.9936842007982748E+04,  0.0000000000000000E+00,  0.0000000000000000E+00,  0.0000000000000000E+00,  7.9747368031930991E+03
   724,  0.0000000000000000E+00,  0.0000000000000000E+00,  0.0000000000000000E+00,  1.8257418583505537E-04,  4.8277047233727377E-01,  5.0000000000000000E-01,  1.0000000000000000E+00,  1.9934888045334243E+04,  3.9869776090668483E+03,  0.0000000000000000E+00,  3.9869776090668483E+03,  1.9934888045334243E+04,  0.0000000000000000E+00,  0.0000000000000000E+00,  0.0000000000000000E+00,  7.9739552181336967E+03
   725,  0.0000000000000000E+00,  0.0000000000000000E+00,  3.1895820872534784E+00,  1.8257418583505537E-04,  4.8277047233727377E-01,  4.7140452079103162E-01,  1.0000000000000000E+00,  1.9934888045334243E+04,  3.9869776090668483E+03,  0.0000000000000000E+00,  3.9869776090668483E+03,  1.9934888045334243E+04,  0.0000000000000000E+00,  0.0000000000000000E+00,  0.0000000000000000E+00,  7.9739552181336967E+03
   726,  0.0000000000000000E+00,  0.0000000000000000E+00,  6.3691124714855691E+00,  2.7386127875258305E-04,  6.5572365018996925E-01,  4.7140452079103162E-01,  1.0000000000000000E+00,  1.3268984315594937E+04,  2.6537968631189874E+03,  0.0000000000000000E+00,  2.6537968631189874E+03,  1.3268984315594937E+04,  0.0000000000000000E+00,  0.0000000000000000E+00,  0.0000000000000000E+00,  5.3075937262379748E+03
   727,  0.0000000000000000E+00,  0.0000000000000000E+00,  0.0000000000000000E+00,  0.0000000000000000E+00,  0.0000000000000000E+00,  5.0000000000000000E-01,  1.0000000000000000E+00,  3.8541666666666672E+04,  7.7083333333333339E+03,  0.0000000000000000E+00,  7.7083333333333339E+03,  3.8541666666666672E+04,  0.0000000000000000E+00,  0.0000000000000000E+00,  0.0000000000000000E+00,  1.5416666666666668E+04
   728, -7.4000000000000004E+00,  0.0000000000000000E+00,  0.0000000000000000E+00,  2.0000000000000012E-05,  0.0000000000000000E+00,  9.9999999999999978E-01,  1.0000000000000000E+00,  3.8541666666666672E+04,  7.7083333333333339E+03,  0.0000000000000000E+00,  7.7083333333333339E+03,  3.8541666666666672E+04,  0.0000000000000000E+00,  0.0000000000000000E+00,  0.0000000000000000E+00,  1.5416666666666668E+04
   729, -2.9600000000000001E+01,  0.0000000000000000E+00,  0.0000000000000000E+00,  8.0000000000000047E-05,  0.0000000000000000E+00,  9.9999999999999978E-01,  1.0000000000000000E+00,  3.8541666666666672E+04,  7.7083333333333339E+03,  0.0000000000000000E+00,  7.7083333333333339E+03,  3.8541666666666672E+04,  0.0000000000000000E+00,  0.0000000000000000E+00,  0.0000000000000000E+00,  1.5416666666666668E+04
   730, -3.7000000000000002E+00,  0.0000000000000000E+00,  0.0000000000000000E+00,  8.0000000000000047E-05,  0.0000000000000000E+00,  9.9999999999999978E-01,  1.0000000000000000E+00,  3.8541666666666672E+04,  7.7083333333333339E+03,  0.0000000000000000E+00,  7.7083333333333339E+03,  3.8541666666666672E+04,  0.0000000000000000E+00,  0.0000000000000000E+00,  0.0000000000000000E+00,  1.5416666666666668E+04
   731,  0.0000000000000000E+00,  0.0000000000000000E+00,  0.0000000000000000E+00,  8.0000000000000047E-05,  0.0000000000000000E+00,  5.0000000000000000E-01,  1.0000000000000000E+00,  3.8541666666666672E+04,  7.7083333333333339E+03,  0.0000000000000000E+00,  7.7083333333333339E+03,  3.8541666666666672E+04,  0.0000000000000000E+00,  0.0000000000000000E+00,  0.0000000000000000E+00,  1.5416666666666668E+04
   732, -1.4800000000000001E+01,  0.0000000000000000E+00,  0.0000000000000000E+00,  8.0000000000000047E-05,  0.0000000000000000E+00,  9.9999999999999978E-01,  1.0000000000000000E+00,  3.8541666666666672E+04,  7.7083333333333339E+03,  0.0000000000000000E+00,  7.7083333333333339E+03,  3.8541666666666672E+04,  0.0000000000000000E+00,  0.0000000000000000E+00,  0.0000000000000000E+00,  1.5416666666666668E+04
   733, -3.4965373839097822E+01,  0.0000000000000000E+00,  0.0000000000000000E+00,  1.1999999999999999E-04,  2.1249158020049941E-01,  9.9999999999999978E-01,  1.0000000000000000E+00,  3.0351887013105756E+04,  6.0703774026211513E+03,  0.0000000000000000E+00,  6.0703774026211513E+03,  3.0351887013105756E+04,  0.0000000000000000E+00,  0.0000000000000000E+00,  0.0000000000000000E+00,  1.2140754805242303E+04
   734,  0.0000000000000000E+00,  0.0000000000000000E+00,  0.0000000000000000E+00,  0.0000000000000000E+00,  0.0000000000000000E+00,  5.0000000000000000E-01,  1.0000000000000000E+00,  3.8541666666666672E+04,  7.7083333333333339E+03,  0.0000000000000000E+00,  7.7083333333333339E+03,  3.8541666666666672E+04,  0.0000000000000000E+00,  0.0000000000000000E+00,  0.0000000000000000E+00,  1.5416666666666668E+04
   735,  3.4152449696974276E+00,  7.8010527441756072E-02,  5.1616379321771610E-01,  1.9999999999999993E-04,  5.2793844633254272E-01,  4.7015010222674741E-01,  1.0000000000000000E+00,  1.8194039047599919E+04,  3.6388078095199835E+03,  0.0000000000000000E+00,  3.6388078095199835E+03,  1.8194039047599919E+04,  0.0000000000000000E+00,  0.0000000000000000E+00,  0.0000000000000000E+00,  7.2776156190399670E+03
   736,  3.1548312164924517E+00,  3.0188237713187444E-01,  9.7590365666113987E-01,  7.9999999999999993E-04,  8.8321913535052954E-01,  4.5326946290954007E-01,  1.0000000000000000E+00,  4.5009291583650083E+03,  9.0018583167300153E+02,  0.0000000000000000E+00,  9.0018583167300153E+02,  4.5009291583650083E+03,  0.0000000000000000E+00,  0.0000000000000000E+00,  0.0000000000000000E+00,  1.8003716633460031E+03
   737,  3.5034007630487002E-01,  8.1749122898170878E-02,  1.6923354854756598E-01,  7.9999999999999993E-04,  8.8321913535052954E-01,  4.4725524711549619E-01,  1.0000000000000000E+00,  4.5009291583650083E+03,  9.0018583167300153E+02,  0.0000000000000000E+00,  9.0018583167300153E+02,  4.5009291583650083E+03,  0.0000000000000000E+00,  0.0000000000000000E+00,  0.0000000000000000E+00,  1.8003716633460031E+03
   738,  0.0000000000000000E+00,  0.0000000000000000E+00,  0.0000000000000000E+00,  7.9999999999999993E-04,  8.8336900709793020E-01,  5.0000000000000000E-01,  1.0000000000000000E+00,  4.4951528514339407E+03,  8.9903057028678813E+02,  0.0000000000000000E+00,  8.9903057028678813E+02,  4.4951528514339407E+03,  0.0000000000000000E+00,  0.0000000000000000E+00,  0.0000000000000000E+00,  1.7980611405735763E+03
   739,  9.2412045796089182E-01,  8.0201823698974306E-01,  8.6090734719826167E-01,  7.9999999999999993E-04,  8.8336900709793009E-01,  4.6619688055507452E-01,  1.0000000000000000E+00,  4.4951528514339452E+03,  8.9903057028678893E+02,  0.0000000000000000E+00,  8.9903057028678893E+02,  4.4951528514339452E+03,  0.0000000000000000E+00,  0.0000000000000000E+00,  0.0000000000000000E+00,  1.7980611405735779E+03
   740,  1.3239853315323447E+00,  2.1024870293277176E+00,  1.6684309954465935E+00,  1.1999999999999997E-03,  9.2282719907972832E-01,  4.9345022637423880E-01,  1.0000000000000000E+00,  2.9743683688021379E+03,  5.9487367376042755E+02,  0.0000000000000000E+00,  5.9487367376042755E+02,  2.9743683688021379E+03,  0.0000000000000000E+00,  0.0000000000000000E+00,  0.0000000000000000E+00,  1.1897473475208551E+03
   741,  0.0000000000000000E+00,  0.0000000000000000E+00,  0.0000000000000000E+00,  0.0000000000000000E+00,  0.0000000000000000E+00,  1.0000000000000000E+00,  1.0000000000000000E+00,  3.8541666666666672E+04,  7.7083333333333339E+03,  0.0000000000000000E+00,  7.7083333333333339E+03,  3.8541666666666672E+04,  0.0000000000000000E+00,  0.0000000000000000E+00,  0.0000000000000000E+00,  1.5416666666666668E+04
   742,  3.4856561884902506E+00,  0.0000000000000000E+00,  0.0000000000000000E+00,  1.9999999999999998E-04,  5.2896537993374992E-01,  1.0000000000000000E+00,  1.0000000000000000E+00,  1.8154459315053391E+04,  3.6308918630106778E+03,  0.0000000000000000E+00,  3.6308918630106778E+03,  1.8154459315053391E+04,  0.0000000000000000E+00,  0.0000000000000000E+00,  0.0000000000000000E+00,  7.2617837260213555E+03
   743,  3.4051193334818004E+00,  0.0000000000000000E+00,  0.0000000000000000E+00,  7.9999999999999993E-04,  8.8496218467966892E-01,  1.0000000000000000E+00,  1.0000000000000000E+00,  4.4337491321377611E+03,  8.8674982642755219E+02,  0.0000000000000000E+00,  8.8674982642755219E+02,  4.4337491321377611E+03,  0.0000000000000000E+00,  0.0000000000000000E+00,  0.0000000000000000E+00,  1.7734996528551044E+03
   744,  4.2563991668522505E-01,  0.0000000000000000E+00,  0.0000000000000000E+00,  7.9999999999999993E-04,  8.8496218467966892E-01,  1.0000000000000000E+00,  1.0000000000000000E+00,  4.4337491321377611E+03,  8.8674982642755219E+02,  0.0000000000000000E+00,  8.8674982642755219E+02,  4.4337491321377611E+03,  0.0000000000000000E+00,  0.0000000000000000E+00,  0.0000000000000000E+00,  1.7734996528551044E+03
   745,  0.0000000000000000E+00,  0.0000000000000000E+00,  0.0000000000000000E+00,  7.9999999999999993E-04,  8.8496218467966892E-01,  1.0000000000000000E+00,  1.0000000000000000E+00,  4.4337491321377611E+03,  8.8674982642755219E+02,  0.0000000000000000E+00,  8.8674982642755219E+02,  4.4337491321377611E+03,  0.0000000000000000E+00,  0.0000000000000000E+00,  0.0000000000000000E+00,  1.7734996528551044E+03
   746,  1.7025596667409002E+00,  0.0000000000000000E+00,  0.0000000000000000E+00,  7.9999999999999993E-04,  8.8496218467966892E-01,  1.0000000000000000E+00,  1.0000000000000000E+00,  4.4337491321377611E+03,  8.8674982642755219E+02,  0.0000000000000000E+00,  8.8674982642755219E+02,  4.4337491321377611E+03,  0.0000000000000000E+00,  0.0000000000000000E+00,  0.0000000000000000E+00,  1.7734996528551044E+03
   747,  3.3524645613544246E+00,  0.0000000000000000E+00,  0.0000000000000000E+00,  1.2000000000000001E-03,  9.2449404141093638E-01,  1.0000000000000000E+00,  1.0000000000000000E+00,  2.9101254872868271E+03,  5.8202509745736540E+02,  0.0000000000000000E+00,  5.8202509745736540E+02,  2.9101254872868271E+03,  0.0000000000000000E+00,  0.0000000000000000E+00,  0.0000000000000000E+00,  1.1640501949147308E+03
   748,  0.0000000000000000E+00,  0.0000000000000000E+00,  0.0000000000000000E+00,  0.0000000000000000E+00,  0.0000000000000000E+00,  1.0000000000000000E+00,  1.0000000000000000E+00,  3.8541666666666672E+04,  7.7083333333333339E+03,  0.0000000000000000E+00,  7.7083333333333339E+03,  3.8541666666666672E+04,  0.0000000000000000E+00,  0.0000000000000000E+00,  0.0000000000000000E+00,  1.5416666666666668E+04
   749,  0.0000000000000000E+00,  0.0000000000000000E+00,  3.0833333333333335E+00,  4.5643546458763842E-05,  0.0000000000000000E+00,  7.0710678118654757E-01,  1.0000000000000000E+00,  3.8541666666666672E+04,  7.7083333333333339E+03,  0.0000000000000000E+00,  7.7083333333333339E+03,  3.8541666666666672E+04,  0.0000000000000000E+00,  0.0000000000000000E+00,  0.0000000000000000E+00,  1.5416666666666668E+04
   750,  0.0000000000000000E+00,  0.0000000000000000E+00,  6.3746354471504247E+00,  1.8257418583505537E-04,  4.8313766644726286E-01,  7.0710678118654757E-01,  1.0000000000000000E+00,  1.9920735772345080E+04,  3.9841471544690157E+03,  0.0000000000000000E+00,  3.9841471544690157E+03,  1.9920735772345080E+04,  0.0000000000000000E+00,  0.0000000000000000E+00,  0.0000000000000000E+00,  7.9682943089380315E+03
   751,  0.0000000000000000E+00,  0.0000000000000000E+00,  7.9682943089380309E-01,  1.8257418583505537E-04,  4.8313766644726286E-01,  7.0710678118654757E-01,  1.0000000000000000E+00,  1.9920735772345080E+04,  3.9841471544690157E+03,  0.0000000000000000E+00,  3.9841471544690157E+03,  1.9920735772345080E+04,  0.0000000000000000E+00,  0.0000000000000000E+00,  0.0000000000000000E+00,  7.9682943089380315E+03
   752,  0.0000000000000000E+00,  0.0000000000000000E+00,  0.0000000000000000E+00,  1.8257418583505537E-04,  4.8365699017816965E-01,  1.0000000000000000E+00,  1.0000000000000000E+00,  1.9900720170216380E+04,  3.9801440340432760E+03,  0.0000000000000000E+00,  3.9801440340432760E+03,  1.9900720170216380E+04,  0.0000000000000000E+00,  0.0000000000000000E+00,  0.0000000000000000E+00,  7.9602880680865519E+03
   753,  0.0000000000000000E+00,  0.0000000000000000E+00,  3.1841152272346207E+00,  1.8257418583505537E-04,  4.8365699017816965E-01,  7.0710678118654757E-01,  1.0000000000000000E+00,  1.9900720170216380E+04,  3.9801440340432760E+03,  0.0000000000000000E+00,  3.9801440340432760E+03,  1.9900720170216380E+04,  0.0000000000000000E+00,  0.0000000000000000E+00,  0.0000000000000000E+00,  7.9602880680865519E+03
   754,  0.0000000000000000E+00,  0.0000000000000000E+00,  6.3586326909303388E+00,  2.7386127875258305E-04,  6.5629012481457627E-01,  7.0710678118654757E-01,  1.0000000000000000E+00,  1.3247151439438208E+04,  2.6494302878876415E+03,  0.0000000000000000E+00,  2.6494302878876415E+03,  1.3247151439438208E+04,  0.0000000000000000E+00,  0.0000000000000000E+00,  0.0000000000000000E+00,  5.2988605757752830E+03
   755,  0.0000000000000000E+00,  0.0000000000000000E+00,  0.0000000000000000E+00,  0.0000000000000000E+00,  0.0000000000000000E+00,  1.0000000000000000E+00,  1.0000000000000000E+00,  3.8541666666666672E+04,  7.7083333333333339E+03,  0.0000000000000000E+00,  7.7083333333333339E+03,  3.8541666666666672E+04,  0.0000000000000000E+00,  0.0000000000000000E+00,  0.0000000000000000E+00,  1.5416666666666668E+04
   756, -7.4000000000000004E+00,  0.0000000000000000E+00,  0.0000000000000000E+00,  2.0000000000000012E-05,  0.0000000000000000E+00,  1.0000000000000000E+00,  1.0000000000000000E+00,  3.8541666666666672E+04,  7.7083333333333339E+03,  0.0000000000000000E+00,  7.7083333333333339E+03,  3.8541666666666672E+04,  0.0000000000000000E+00,  0.0000000000000000E+00,  0.0000000000000000E+00,  1.5416666666666668E+04
   757, -2.9600000000000001E+01,  0.0000000000000000E+00,  0.0000000000000000E+00,  8.0000000000000047E-05,  0.0000000000000000E+00,  1.0000000000000000E+00,  1.0000000000000000E+00,  3.8541666666666672E+04,  7.7083333333333339E+03,  0.0000000000000000E+00,  7.7083333333333339E+03,  3.8541666666666672E+04,  0.0000000000000000E+00,  0.0000000000000000E+00,  0.0000000000000000E+00,  1.5416666666666668E+04
   758, -3.7000000000000002E+00,  0.0000000000000000E+00,  0.0000000000000000E+00,  8.0000000000000047E-05,  0.0000000000000000E+00,  1.0000000000000000E+00,  1.0000000000000000E+00,  3.8541666666666672E+04,  7.7083333333333339E+03,  0.0000000000000000E+00,  7.7083333333333339E+03,  3.8541666666666672E+04,  0.0000000000000000E+00,  0.0000000000000000E+00,  0.0000000000000000E+00,  1.5416666666666668E+04
   759,  0.0000000000000000E+00,  0.0000000000000000E+00,  0.0000000000000000E+00,  8.0000000000000047E-05,  0.0000000000000000E+00,  1.0000000000000000E+00,  1.0000000000000000E+00,  3.8541666666666672E+04,  7.7083333333333339E+03,  0.0000000000000000E+00,  7.7083333333333339E+03,  3.8541666666666672E+04,  0.0000000000000000E+00,  0.0000000000000000E+00,  0.0000000000000000E+00,  1.5416666666666668E+04
   760, -1.4800000000000001E+01,  0.0000000000000000E+00,  0.0000000000000000E+00,  8.0000000000000047E-05,  0.0000000000000000E+00,  1.0000000000000000E+00,  1.0000000000000000E+00,  3.8541666666666672E+04,  7.7083333333333339E+03,  0.0000000000000000E+00,  7.7083333333333339E+03,  3.8541666666666672E+04,  0.0000000000000000E+00,  0.0000000000000000E+00,  0.0000000000000000E+00,  1.5416666666666668E+04
   761, -3.4965373839097822E+01,  0.0000000000000000E+00,  0.0000000000000000E+00,  1.1999999999999999E-04,  2.1249158020049941E-01,  1.0000000000000000E+00,  1.0000000000000000E+00,  3.0351887013105756E+04,  6.0703774026211513E+03,  0.0000000000000000E+00,  6.0703774026211513E+03,  3.0351887013105756E+04,  0.0000000000000000E+00,  0.0000000000000000E+00,  0.0000000000000000E+00,  1.2140754805242303E+04
   762,  0.0000000000000000E+00,  0.0000000000000000E+00,  0.0000000000000000E+00,  0.0000000000000000E+00,  0.0000000000000000E+00,  1.0000000000000000E+00,  1.0000000000000000E+00,  3.8541666666666672E+04,  7.7083333333333339E+03,  0.0000000000000000E+00,  7.7083333333333339E+03,  3.8541666666666672E+04,  0.0000000000000000E+00,  0.0000000000000000E+00,  0.0000000000000000E+00,  1.5416666666666668E+04
   763,  3.4095178773076507E+00,  7.7879710032756636E-02,  5.1529822786054713E-01,  1.9999999999999993E-04,  5.2873005576480980E-01,  8.7857310488649099E-01,  1.0000000000000000E+00,  1.8163529100731292E+04,  3.6327058201462582E+03,  0.0000000000000000E+00,  3.6327058201462582E+03,  1.8163529100731292E+04,  0.0000000000000000E+00,  0.0000000000000000E+00,  0.0000000000000000E+00,  7.2654116402925165E+03
   764,  3.1249442564420677E+00,  2.9902252634236492E-01,  9.6665853652692157E-01,  7.9999999999999993E-04,  8.8432544652755296E-01,  7.9945209020996177E-01,  1.0000000000000000E+00,  4.4582900817505633E+03,  8.9165801635011269E+02,  0.0000000000000000E+00,  8.9165801635011269E+02,  4.4582900817505633E+03,  0.0000000000000000E+00,  0.0000000000000000E+00,  0.0000000000000000E+00,  1.7833160327002254E+03
   765,  3.4702116662442967E-01,  8.0974681223624514E-02,  1.6763033241410538E-01,  7.9999999999999993E-04,  8.8432544652755296E-01,  7.4883221312622905E-01,  1.0000000000000000E+00,  4.4582900817505633E+03,  8.9165801635011269E+02,  0.0000000000000000E+00,  8.9165801635011269E+02,  4.4582900817505633E+03,  0.0000000000000000E+00,  0.0000000000000000E+00,  0.0000000000000000E+00,  1.7833160327002254E+03
   766,  0.0000000000000000E+00,  0.0000000000000000E+00,  0.0000000000000000E+00,  7.9999999999999993E-04,  8.8496218467966892E-01,  1.0000000000000000E+00,  1.0000000000000000E+00,  4.4337491321377611E+03,  8.8674982642755219E+02,  0.0000000000000000E+00,  8.8674982642755219E+02,  4.4337491321377611E+03,  0.0000000000000000E+00,  0.0000000000000000E+00,  0.0000000000000000E+00,  1.7734996528551044E+03
   767,  9.1149698661922429E-01,  7.9106268012167602E-01,  8.4914736598415874E-01,  7.9999999999999993E-04,  8.8496218467966892E-01,  7.0755002559478586E-01,  1.0000000000000000E+00,  4.4337491321377611E+03,  8.8674982642755219E+02,  0.0000000000000000E+00,  8.8674982642755219E+02,  4.4337491321377611E+03,  0.0000000000000000E+00,  0.0000000000000000E+00,  0.0000000000000000E+00,  1.7734996528551044E+03
   768,  1.3115900277701318E+00,  2.0828033026549551E+00,  1.6528109515516085E+00,  1.1999999999999997E-03,  9.2354969976520074E-01,  7.1177575002234084E-01,  1.0000000000000000E+00,  2.9465219882162219E+03,  5.8930439764324433E+02,  0.0000000000000000E+00,  5.8930439764324433E+02,  2.9465219882162219E+03,  0.0000000000000000E+00,  0.0000000000000000E+00,  0.0000000000000000E+00,  1.1786087952864887E+03
   769,  0.0000000000000000E+00,  0.0000000000000000E+00,  0.0000000000000000E+00,  0.0000000000000000E+00,  0.0000000000000000E+00,  2.0000000000000000E+00,  1.0000000000000000E+00,  3.8541666666666672E+04,  7.7083333333333339E+03,  0.0000000000000000E+00,  7.7083333333333339E+03,  3.8541666666666672E+04,  0.0000000000000000E+00,  0.0000000000000000E+00,  0.0000000000000000E+00,  1.5416666666666668E+04
   770,  3.4713185258179289E+00,  0.0000000000000000E+00,  0.0000000000000000E+00,  1.9999999999999998E-04,  5.3090290191649614E-01,  2.0000000000000000E+00,  1.0000000000000000E+00,  1.8079783988635048E+04,  3.6159567977270094E+03,  0.0000000000000000E+00,  3.6159567977270094E+03,  1.8079783988635048E+04,  0.0000000000000000E+00,  0.0000000000000000E+00,  0.0000000000000000E+00,  7.2319135954540188E+03
   771,  3.3124746160775276E+00,  0.0000000000000000E+00,  0.0000000000000000E+00,  7.9999999999999993E-04,  8.8809207378116461E-01,  2.0000000000000000E+00,  1.0000000000000000E+00,  4.3131179896842814E+03,  8.6262359793685619E+02,  0.0000000000000000E+00,  8.6262359793685619E+02,  4.3131179896842814E+03,  0.0000000000000000E+00,  0.0000000000000000E+00,  0.0000000000000000E+00,  1.7252471958737124E+03
   772,  4.1405932700969095E-01,  0.0000000000000000E+00,  0.0000000000000000E+00,  7.9999999999999993E-04,  8.8809207378116461E-01,  2.0000000000000000E+00,  1.0000000000000000E+00,  4.3131179896842814E+03,  8.6262359793685619E+02,  0.0000000000000000E+00,  8.6262359793685619E+02,  4.3131179896842814E+03,  0.0000000000000000E+00,  0.0000000000000000E+00,  0.0000000000000000E+00,  1.7252471958737124E+03
   773,  0.0000000000000000E+00,  0.0000000000000000E+00,  0.0000000000000000E+00,  7.9999999999999993E-04,  8.8809207378116461E-01,  2.0000000000000000E+00,  1.0000000000000000E+00,  4.3131179896842814E+03,  8.6262359793685619E+02,  0.0000000000000000E+00,  8.6262359793685619E+02,  4.3131179896842814E+03,  0.0000000000000000E+00,  0.0000000000000000E+00,  0.0000000000000000E+00,  1.7252471958737124E+03
   774,  1.6562373080387638E+00,  0.0000000000000000E+00,  0.0000000000000000E+00,  7.9999999999999993E-04,  8.8809207378116461E-01,  2.0000000000000000E+00,  1.0000000000000000E+00,  4.3131179896842814E+03,  8.6262359793685619E+02,  0.0000000000000000E+00,  8.6262359793685619E+02,  4.3131179896842814E+03,  0.0000000000000000E+00,  0.0000000000000000E+00,  0.0000000000000000E+00,  1.7252471958737124E+03
   775,  3.2106376001524177E+00,  0.0000000000000000E+00,  0.0000000000000000E+00,  1.2000000000000001E-03,  9.2768834233890951E-01,  2.0000000000000000E+00,  1.0000000000000000E+00,  2.7870118056878628E+03,  5.5740236113757260E+02,  0.0000000000000000E+00,  5.5740236113757260E+02,  2.7870118056878628E+03,  0.0000000000000000E+00,  0.0000000000000000E+00,  0.0000000000000000E+00,  1.1148047222751452E+03
   776,  0.0000000000000000E+00,  0.0000000000000000E+00,  0.0000000000000000E+00,  0.0000000000000000E+00,  0.0000000000000000E+00,  2.0000000000000000E+00,  1.0000000000000000E+00,  3.8541666666666672E+04,  7.7083333333333339E+03,  0.0000000000000000E+00,  7.7083333333333339E+03,  3.8541666666666672E+04,  0.0000000000000000E+00,  0.0000000000000000E+00,  0.0000000000000000E+00,  1.5416666666666668E+04
   777,  0.0000000000000000E+00,  0.0000000000000000E+00,  3.0833333333333335E+00,  4.5643546458763842E-05,  0.0000000000000000E+00,  9.4280904158206347E-01,  1.0000000000000000E+00,  3.8541666666666672E+04,  7.7083333333333339E+03,  0.0000000000000000E+00,  7.7083333333333339E+03,  3.8541666666666672E+04,  0.0000000000000000E+00,  0.0000000000000000E+00,  0.0000000000000000E+00,  1.5416666666666668E+04
   778,  0.0000000000000000E+00,  0.0000000000000000E+00,  6.3694811442407797E+00,  1.8257418583505537E-04,  4.8355558289939626E-01,  9.4280904158206347E-01,  1.0000000000000000E+00,  1.9904628575752438E+04,  3.9809257151504876E+03,  0.0000000000000000E+00,  3.9809257151504876E+03,  1.9904628575752438E+04,  0.0000000000000000E+00,  0.0000000000000000E+00,  0.0000000000000000E+00,  7.9618514303009752E+03
   779,  0.0000000000000000E+00,  0.0000000000000000E+00,  7.9618514303009746E-01,  1.8257418583505537E-04,  4.8355558289939626E-01,  9.4280904158206347E-01,  1.0000000000000000E+00,  1.9904628575752438E+04,  3.9809257151504876E+03,  0.0000000000000000E+00,  3.9809257151504876E+03,  1.9904628575752438E+04,  0.0000000000000000E+00,  0.0000000000000000E+00,  0.0000000000000000E+00,  7.9618514303009752E+03
   780,  0.0000000000000000E+00,  0.0000000000000000E+00,  0.0000000000000000E+00,  1.8257418583505537E-04,  4.8543035890731367E-01,  2.0000000000000000E+00,  1.0000000000000000E+00,  1.9832371583780623E+04,  3.9664743167561242E+03,  0.0000000000000000E+00,  3.9664743167561242E+03,  1.9832371583780623E+04,  0.0000000000000000E+00,  0.0000000000000000E+00,  0.0000000000000000E+00,  7.9329486335122483E+03
   781,  0.0000000000000000E+00,  0.0000000000000000E+00,  3.1731794534048987E+00,  1.8257418583505537E-04,  4.8543035890731367E-01,  9.4280904158206347E-01,  1.0000000000000000E+00,  1.9832371583780623E+04,  3.9664743167561242E+03,  0.0000000000000000E+00,  3.9664743167561242E+03,  1.9832371583780623E+04,  0.0000000000000000E+00,  0.0000000000000000E+00,  0.0000000000000000E+00,  7.9329486335122483E+03
   782,  0.0000000000000000E+00,  0.0000000000000000E+00,  6.3481610738223120E+00,  2.7386127875258305E-04,  6.5685615817176690E-01,  9.4280904158206347E-01,  1.0000000000000000E+00,  1.3225335570463152E+04,  2.6450671140926302E+03,  0.0000000000000000E+00,  2.6450671140926302E+03,  1.3225335570463152E+04,  0.0000000000000000E+00,  0.0000000000000000E+00,  0.0000000000000000E+00,  5.2901342281852603E+03
   783,  0.0000000000000000E+00,  0.0000000000000000E+00,  0.0000000000000000E+00,  0.0000000000000000E+00,  0.0000000000000000E+00,  2.0000000000000000E+00,  1.0000000000000000E+00,  3.8541666666666672E+04,  7.7083333333333339E+03,  0.0000000000000000E+00,  7.7083333333333339E+03,  3.8541666666666672E+04,  0.0000000000000000E+00,  0.0000000000000000E+00,  0.0000000000000000E+00,  1.5416666666666668E+04
   784, -7.4000000000000004E+00,  0.0000000000000000E+00,  0.0000000000000000E+00,  2.0000000000000012E-05,  0.0000000000000000E+00,  1.0000000000000000E+00,  1.0000000000000000E+00,  3.8541666666666672E+04,  7.7083333333333339E+03,  0.0000000000000000E+00,  7.7083333333333339E+03,  3.8541666666666672E+04,  0.0000000000000000E+00,  0.0000000000000000E+00,  0.0000000000000000E+00,  1.5416666666666668E+04
   785, -2.9600000000000001E+01,  0.0000000000000000E+00,  0.0000000000000000E+00,  8.0000000000000047E-05,  0.0000000000000000E+00,  1.0000000000000000E+00,  1.0000000000000000E+00,  3.8541666666666672E+04,  7.7083333333333339E+03,  0.0000000000000000E+00,  7.7083333333333339E+03,  3.8541666666666672E+04,  0.0000000000000000E+00,  0.0000000000000000E+00,  0.0000000000000000E+00,  1.5416666666666668E+04
   786, -3.7000000000000002E+00,  0.0000000000000000E+00,  0.0000000000000000E+00,  8.0000000000000047E-05,  0.0000000000000000E+00,  1.0000000000000000E+00,  1.0000000000000000E+00,  3.8541666666666672E+04,  7.7083333333333339E+03,  0.0000000000000000E+00,  7.7083333333333339E+03,  3.8541666666666672E+04,  0.0000000000000000E+00,  0.0000000000000000E+00,  0.0000000000000000E+00,  1.5416666666666668E+04
   787,  0.0000000000000000E+00,  0.0000000000000000E+00,  0.0000000000000000E+00,  8.0000000000000047E-05,  0.0000000000000000E+00,  2.0000000000000000E+00,  1.0000000000000000E+00,  3.8541666666666672E+04,  7.7083333333333339E+03,  0.0000000000000000E+00,  7.7083333333333339E+03,  3.8541666666666672E+04,  0.0000000000000000E+00,  0.0000000000000000E+00,  0.0000000000000000E+00,  1.5416666666666668E+04
   788, -1.4800000000000001E+01,  0.0000000000000000E+00,  0.0000000000000000E+00,  8.0000000000000047E-05,  0.0000000000000000E+00,  1.0000000000000000E+00,  1.0000000000000000E+00,  3.8541666666666672E+04,  7.7083333333333339E+03,  0.0000000000000000E+00,  7.7083333333333339E+03,  3.8541666666666672E+04,  0.0000000000000000E+00,  0.0000000000000000E+00,  0.0000000000000000E+00,  1.5416666666666668E+04
   789, -3.4965373839097822E+01,  0.0000000000000000E+00,  0.0000000000000000E+00,  1.1999999999999999E-04,  2.1249158020049941E-01,  1.0000000000000000E+00,  1.0000000000000000E+00,  3.0351887013105756E+04,  6.0703774026211513E+03,  0.0000000000000000E+00,  6.0703774026211513E+03,  3.0351887013105756E+04,  0.0000000000000000E+00,  0.0000000000000000E+00,  0.0000000000000000E+00,  1.2140754805242303E+04
   790,  0.0000000000000000E+00,  0.0000000000000000E+00,  0.0000000000000000E+00,  0.0000000000000000E+00,  0.0000000000000000E+00,  2.0000000000000000E+00,  1.0000000000000000E+00,  3.8541666666666672E+04,  7.7083333333333339E+03,  0.0000000000000000E+00,  7.7083333333333339E+03,  3.8541666666666672E+04,  0.0000000000000000E+00,  0.0000000000000000E+00,  0.0000000000000000E+00,  1.5416666666666668E+04
   791,  3.4000598634824168E+00,  7.7663671460529923E-02,  5.1386878887867204E-01,  1.9999999999999993E-04,  5.3003736014284497E-01,  1.5532203060518821E+00,  1.0000000000000000E+00,  1.8113143411161185E+04,  3.6226286822322368E+03,  0.0000000000000000E+00,  3.6226286822322368E+03,  1.8113143411161185E+04,  0.0000000000000000E+00,  0.0000000000000000E+00,  0.0000000000000000E+00,  7.2452573644644735E+03
   792,  3.0827295832870365E+00,  2.9498305005746411E-01,  9.5360000785464805E-01,  7.9999999999999993E-04,  8.8588808671133445E-01,  1.2933457534405235E+00,  1.0000000000000000E+00,  4.3980633246673187E+03,  8.7961266493346363E+02,  0.0000000000000000E+00,  8.7961266493346363E+02,  4.3980633246673187E+03,  0.0000000000000000E+00,  0.0000000000000000E+00,  0.0000000000000000E+00,  1.7592253298669273E+03
   793,  3.4233327976157502E-01,  7.9880799406487679E-02,  1.6536582491796600E-01,  7.9999999999999993E-04,  8.8588808671133445E-01,  1.1297021355331478E+00,  1.0000000000000000E+00,  4.3980633246673187E+03,  8.7961266493346363E+02,  0.0000000000000000E+00,  8.7961266493346363E+02,  4.3980633246673187E+03,  0.0000000000000000E+00,  0.0000000000000000E+00,  0.0000000000000000E+00,  1.7592253298669273E+03
   794,  0.0000000000000000E+00,  0.0000000000000000E+00,  0.0000000000000000E+00,  7.9999999999999993E-04,  8.8809207378116461E-01,  2.0000000000000000E+00,  1.0000000000000000E+00,  4.3131179896842814E+03,  8.6262359793685619E+02,  0.0000000000000000E+00,  8.6262359793685619E+02,  4.3131179896842814E+03,  0.0000000000000000E+00,  0.0000000000000000E+00,  0.0000000000000000E+00,  1.7252471958737124E+03
   795,  8.8669745025353774E-01,  7.6953985778522616E-01,  8.2604420569763093E-01,  7.9999999999999993E-04,  8.8809207378116461E-01,  9.5466925415952664E-01,  1.0000000000000000E+00,  4.3131179896842814E+03,  8.6262359793685619E+02,  0.0000000000000000E+00,  8.6262359793685619E+02,  4.3131179896842814E+03,  0.0000000000000000E+00,  0.0000000000000000E+00,  0.0000000000000000E+00,  1.7252471958737124E+03
   796,  1.3002055087617499E+00,  2.0647247008908742E+00,  1.6384646563703380E+00,  1.1999999999999997E-03,  9.2421328356638233E-01,  9.1396659369914934E-01,  1.0000000000000000E+00,  2.9209463625456815E+03,  5.8418927250913623E+02,  0.0000000000000000E+00,  5.8418927250913623E+02,  2.9209463625456815E+03,  0.0000000000000000E+00,  0.0000000000000000E+00,  0.0000000000000000E+00,  1.1683785450182725E+03
   797,  0.0000000000000000E+00,  0.0000000000000000E+00,  0.0000000000000000E+00,  0.0000000000000000E+00,  0.0000000000000000E+00,  4.0000000000000000E+00,  1.0000000000000000E+00,  3.8541666666666672E+04,  7.7083333333333339E+03,  0.0000000000000000E+00,  7.7083333333333339E+03,  3.8541666666666672E+04,  0.0000000000000000E+00,  0.0000000000000000E+00,  0.0000000000000000E+00,  1.5416666666666668E+04
   798,  3.4426621187284447E+00,  0.0000000000000000E+00,  0.0000000000000000E+00,  1.9999999999999998E-04,  5.3477538936102098E-01,  4.0000000000000000E+00,  1.0000000000000000E+00,  1.7930531868377318E+04,  3.5861063736754636E+03,  0.0000000000000000E+00,  3.5861063736754636E+03,  1.7930531868377318E+04,  0.0000000000000000E+00,  0.0000000000000000E+00,  0.0000000000000000E+00,  7.1722127473509272E+03
   799,  3.1337172953161652E+00,  0.0000000000000000E+00,  0.0000000000000000E+00,  7.9999999999999993E-04,  8.9413117245553497E-01,  4.0000000000000000E+00,  1.0000000000000000E+00,  4.0803610616095903E+03,  8.1607221232191796E+02,  0.0000000000000000E+00,  8.1607221232191796E+02,  4.0803610616095903E+03,  0.0000000000000000E+00,  0.0000000000000000E+00,  0.0000000000000000E+00,  1.6321444246438359E+03
   800,  3.9171466191452065E-01,  0.0000000000000000E+00,  0.0000000000000000E+00,  7.9999999999999993E-04,  8.9413117245553497E-01,  4.0000000000000000E+00,  1.0000000000000000E+00,  4.0803610616095903E+03,  8.1607221232191796E+02,  0.0000000000000000E+00,  8.1607221232191796E+02,  4.0803610616095903E+03,  0.0000000000000000E+00,  0.0000000000000000E+00,  0.0000000000000000E+00,  1.6321444246438359E+03
   801,  0.0000000000000000E+00,  0.0000000000000000E+00,  0.0000000000000000E+00,  7.9999999999999993E-04,  8.9413117245553497E-01,  4.0000000000000000E+00,  1.0000000000000000E+00,  4.0803610616095903E+03,  8.1607221232191796E+02,  0.0000000000000000E+00,  8.1607221232191796E+02,  4.0803610616095903E+03,  0.0000000000000000E+00,  0.0000000000000000E+00,  0.0000000000000000E+00,  1.6321444246438359E+03
   802,  1.5668586476580826E+00,  0.0000000000000000E+00,  0.0000000000000000E+00,  7.9999999999999993E-04,  8.9413117245553497E-01,  4.0000000000000000E+00,  1.0000000000000000E+00,  4.0803610616095903E+03,  8.1607221232191796E+02,  0.0000000000000000E+00,  8.1607221232191796E+02,  4.0803610616095903E+03,  0.0000000000000000E+00,  0.0000000000000000E+00,  0.0000000000000000E+00,  1.6321444246438359E+03
   803,  2.9433150899243445E+00,  0.0000000000000000E+00,  0.0000000000000000E+00,  1.2000000000000001E-03,  9.3370911959629854E-01,  4.0000000000000000E+00,  1.0000000000000000E+00,  2.5549610155593273E+03,  5.1099220311186542E+02,  0.0000000000000000E+00,  5.1099220311186542E+02,  2.5549610155593273E+03,  0.0000000000000000E+00,  0.0000000000000000E+00,  0.0000000000000000E+00,  1.0219844062237308E+03
   804,  0.0000000000000000E+00,  0.0000000000000000E+00,  0.0000000000000000E+00,  0.0000000000000000E+00,  0.0000000000000000E+00,  4.0000000000000000E+00,  1.0000000000000000E+00,  3.8541666666666672E+04,  7.7083333333333339E+03,  0.0000000000000000E+00,  7.7083333333333339E+03,  3.8541666666666672E+04,  0.0000000000000000E+00,  0.0000000000000000E+00,  0.0000000000000000E+00,  1.5416666666666668E+04
   805,  0.0000000000000000E+00,  0.0000000000000000E+00,  3.0833333333333335E+00,  4.5643546458763842E-05,  0.0000000000000000E+00,  1.1313708498984762E+00,  1.0000000000000000E+00,  3.8541666666666672E+04,  7.7083333333333339E+03,  0.0000000000000000E+00,  7.7083333333333339E+03,  3.8541666666666672E+04,  0.0000000000000000E+00,  0.0000000000000000E+00,  0.0000000000000000E+00,  1.5416666666666668E+04
   806,  0.0000000000000000E+00,  0.0000000000000000E+00,  6.3653574816236906E+00,  1.8257418583505537E-04,  4.8388993392240343E-01,  1.1313708498984762E+00,  1.0000000000000000E+00,  1.9891742130074039E+04,  3.9783484260148070E+03,  0.0000000000000000E+00,  3.9783484260148070E+03,  1.9891742130074039E+04,  0.0000000000000000E+00,  0.0000000000000000E+00,  0.0000000000000000E+00,  7.9566968520296141E+03
   807,  0.0000000000000000E+00,  0.0000000000000000E+00,  7.9566968520296133E-01,  1.8257418583505537E-04,  4.8388993392240343E-01,  1.1313708498984762E+00,  1.0000000000000000E+00,  1.9891742130074039E+04,  3.9783484260148070E+03,  0.0000000000000000E+00,  3.9783484260148070E+03,  1.9891742130074039E+04,  0.0000000000000000E+00,  0.0000000000000000E+00,  0.0000000000000000E+00,  7.9566968520296141E+03
   808,  0.0000000000000000E+00,  0.0000000000000000E+00,  0.0000000000000000E+00,  1.8257418583505537E-04,  4.8897839228148632E-01,  4.0000000000000000E+00,  1.0000000000000000E+00,  1.9695624464151049E+04,  3.9391248928302098E+03,  0.0000000000000000E+00,  3.9391248928302098E+03,  1.9695624464151049E+04,  0.0000000000000000E+00,  0.0000000000000000E+00,  0.0000000000000000E+00,  7.8782497856604195E+03
   809,  0.0000000000000000E+00,  0.0000000000000000E+00,  3.1512999142641687E+00,  1.8257418583505537E-04,  4.8897839228148621E-01,  1.1313708498984762E+00,  1.0000000000000000E+00,  1.9695624464151057E+04,  3.9391248928302107E+03,  0.0000000000000000E+00,  3.9391248928302107E+03,  1.9695624464151057E+04,  0.0000000000000000E+00,  0.0000000000000000E+00,  0.0000000000000000E+00,  7.8782497856604214E+03
   810,  0.0000000000000000E+00,  0.0000000000000000E+00,  6.3397896609574325E+00,  2.7386127875258305E-04,  6.5730866697527390E-01,  1.1313708498984762E+00,  1.0000000000000000E+00,  1.3207895126994654E+04,  2.6415790253989308E+03,  0.0000000000000000E+00,  2.6415790253989308E+03,  1.3207895126994654E+04,  0.0000000000000000E+00,  0.0000000000000000E+00,  0.0000000000000000E+00,  5.2831580507978615E+03
   811,  0.0000000000000000E+00,  0.0000000000000000E+00,  0.0000000000000000E+00,  0.0000000000000000E+00,  0.0000000000000000E+00,  4.0000000000000000E+00,  1.0000000000000000E+00,  3.8541666666666672E+04,  7.7083333333333339E+03,  0.0000000000000000E+00,  7.7083333333333339E+03,  3.8541666666666672E+04,  0.0000000000000000E+00,  0.0000000000000000E+00,  0.0000000000000000E+00,  1.5416666666666668E+04
   812, -7.4000000000000004E+00,  0.0000000000000000E+00,  0.0000000000000000E+00,  2.0000000000000012E-05,  0.0000000000000000E+00,  1.0000000000000000E+00,  1.0000000000000000E+00,  3.8541666666666672E+04,  7.7083333333333339E+03,  0.0000000000000000E+00,  7.7083333333333339E+03,  3.8541666666666672E+04,  0.0000000000000000E+00,  0.0000000000000000E+00,  0.0000000000000000E+00,  1.5416666666666668E+04
   813, -2.9600000000000001E+01,  0.0000000000000000E+00,  0.0000000000000000E+00,  8.0000000000000047E-05,  0.0000000000000000E+00,  1.0000000000000000E+00,  1.0000000000000000E+00,  3.8541666666666672E+04,  7.7083333333333339E+03,  0.0000000000000000E+00,  7.7083333333333339E+03,  3.8541666666666672E+04,  0.0000000000000000E+00,  0.0000000000000000E+00,  0.0000000000000000E+00,  1.5416666666666668E+04
   814, -3.7000000000000002E+00,  0.0000000000000000E+00,  0.0000000000000000E+00,  8.0000000000000047E-05,  0.0000000000000000E+00,  1.0000000000000000E+00,  1.0000000000000000E+00,  3.8541666666666672E+04,  7.7083333333333339E+03,  0.0000000000000000E+00,  7.7083333333333339E+03,  3.8541666666666672E+04,  0.0000000000000000E+00,  0.0000000000000000E+00,  0.0000000000000000E+00,  1.5416666666666668E+04
   815,  0.0000000000000000E+00,  0.0000000000000000E+00,  0.0000000000000000E+00,  8.0000000000000047E-05,  0.0000000000000000E+00,  4.0000000000000000E+00,  1.0000000000000000E+00,  3.8541666666666672E+04,  7.7083333333333339E+03,  0.0000000000000000E+00,  7.7083333333333339E+03,  3.8541666666666672E+04,  0.0000000000000000E+00,  0.0000000000000000E+00,  0.0000000000000000E+00,  1.5416666666666668E+04
   816, -1.4800000000000001E+01,  0.0000000000000000E+00,  0.0000000000000000E+00,  8.0000000000000047E-05,  0.0000000000000000E+00,  1.0000000000000000E+00,  1.0000000000000000E+00,  3.8541666666666672E+04,  7.7083333333333339E+03,  0.0000000000000000E+00,  7.7083333333333339E+03,  3.8541666666666672E+04,  0.0000000000000000E+00,  0.0000000000000000E+00,  0.0000000000000000E+00,  1.5416666666666668E+04
   817, -3.4965373839097822E+01,  0.0000000000000000E+00,  0.0000000000000000E+00,  1.1999999999999999E-04,  2.1249158020049941E-01,  1.0000000000000000E+00,  1.0000000000000000E+00,  3.0351887013105756E+04,  6.0703774026211513E+03,  0.0000000000000000E+00,  6.0703774026211513E+03,  3.0351887013105756E+04,  0.0000000000000000E+00,  0.0000000000000000E+00,  0.0000000000000000E+00,  1.2140754805242303E+04
   818,  0.0000000000000000E+00,  0.0000000000000000E+00,  0.0000000000000000E+00,  0.0000000000000000E+00,  0.0000000000000000E+00,  4.0000000000000000E+00,  1.0000000000000000E+00,  3.8541666666666672E+04,  7.7083333333333339E+03,  0.0000000000000000E+00,  7.7083333333333339E+03,  3.8541666666666672E+04,  0.0000000000000000E+00,  0.0000000000000000E+00,  0.0000000000000000E+00,  1.5416666666666668E+04
   819,  3.3864939010671415E+00,  7.7353799725805014E-02,  5.1181849419086878E-01,  1.9999999999999993E-04,  5.3191247286581800E-01,  2.5212357258710911E+00,  1.0000000000000000E+00,  1.8040873441629934E+04,  3.6081746883259866E+03,  0.0000000000000000E+00,  3.6081746883259866E+03,  1.8040873441629934E+04,  0.0000000000000000E+00,  0.0000000000000000E+00,  0.0000000000000000E+00,  7.2163493766519732E+03
   820,  3.0339481821386953E+00,  2.9031521069366534E-01,  9.3851015217271783E-01,  7.9999999999999993E-04,  8.8769380429620404E-01,  1.8714174206814658E+00,  1.0000000000000000E+00,  4.3284679594171366E+03,  8.6569359188342730E+02,  0.0000000000000000E+00,  8.6569359188342730E+02,  4.3284679594171366E+03,  0.0000000000000000E+00,  0.0000000000000000E+00,  0.0000000000000000E+00,  1.7313871837668546E+03
   821,  3.3691616593588863E-01,  7.8616758168156595E-02,  1.6274906064344663E-01,  7.9999999999999993E-04,  8.8769380429620404E-01,  1.5149740572894441E+00,  1.0000000000000000E+00,  4.3284679594171366E+03,  8.6569359188342730E+02,  0.0000000000000000E+00,  8.6569359188342730E+02,  4.3284679594171366E+03,  0.0000000000000000E+00,  0.0000000000000000E+00,  0.0000000000000000E+00,  1.7313871837668546E+03
   822,  0.0000000000000000E+00,  0.0000000000000000E+00,  0.0000000000000000E+00,  7.9999999999999993E-04,  8.9413117245553497E-01,  4.0000000000000000E+00,  1.0000000000000000E+00,  4.0803610616095903E+03,  8.1607221232191796E+02,  0.0000000000000000E+00,  8.1607221232191796E+02,  4.0803610616095903E+03,  0.0000000000000000E+00,  0.0000000000000000E+00,  0.0000000000000000E+00,  1.6321444246438359E+03
   823,  8.3884692190112842E-01,  7.2801172575695428E-01,  7.8146682287807290E-01,  7.9999999999999993E-04,  8.9413117245553497E-01,  1.1566564144385769E+00,  1.0000000000000000E+00,  4.0803610616095903E+03,  8.1607221232191796E+02,  0.0000000000000000E+00,  8.1607221232191796E+02,  4.0803610616095903E+03,  0.0000000000000000E+00,  0.0000000000000000E+00,  0.0000000000000000E+00,  1.6321444246438359E+03
   824,  1.2917454625277078E+00,  2.0512901581878973E+00,  1.6278036595876542E+00,  1.1999999999999997E-03,  9.2470640493883771E-01,  1.0652697126501085E+00,  1.0000000000000000E+00,  2.9019406429822970E+03,  5.8038812859645930E+02,  0.0000000000000000E+00,  5.8038812859645930E+02,  2.9019406429822970E+03,  0.0000000000000000E+00,  0.0000000000000000E+00,  0.0000000000000000E+00,  1.1607762571929186E+03
