step,displacement_mm,cmod_mm,external_work_Nmm,elastic_energy_Nmm,damage_dissipation_Nmm,energy_balance_error_Nmm
1,5.000000000e-05,2.271061070e-05,2.371093140e-04,2.371093140e-04,0.000000000e+00,-4.265251347e-15
2,1.000000000e-04,4.542122140e-05,9.484372561e-04,9.484372561e-04,0.000000000e+00,-1.692721484e-14
3,1.500000000e-04,6.813183210e-05,2.133983826e-03,2.133983826e-03,0.000000000e+00,-3.762875428e-14
4,2.000000000e-04,9.084244281e-05,3.793749024e-03,3.793749024e-03,0.000000000e+00,-6.680420106e-14
5,2.500000000e-04,1.135530535e-04,5.927732851e-03,5.927732851e-03,0.000000000e+00,-1.047660222e-13
6,3.000000000e-04,1.362636642e-04,8.535935305e-03,8.535935305e-03,0.000000000e+00,-1.509972702e-13
7,3.500000000e-04,1.589742749e-04,1.161835639e-02,1.161835639e-02,0.000000000e+00,-2.053929943e-13
8,4.000000000e-04,1.816848856e-04,1.517499610e-02,1.517499610e-02,0.000000000e+00,-2.686444817e-13
9,4.500000000e-04,2.043954963e-04,1.920585444e-02,1.920585444e-02,0.000000000e+00,-3.399294735e-13
10,5.000000000e-04,2.271061070e-04,2.371093140e-02,2.371093140e-02,0.000000000e+00,-4.201326786e-13
11,5.500000000e-04,2.498167177e-04,2.869022700e-02,2.869022700e-02,0.000000000e+00,-5.085411259e-13
12,6.000000000e-04,2.725273284e-04,3.414374122e-02,3.414374122e-02,0.000000000e+00,-6.041070422e-13
13,6.500000000e-04,2.952379391e-04,4.007147407e-02,4.007147407e-02,0.000000000e+00,-7.068928776e-13
14,7.000000000e-04,3.179485498e-04,4.647342555e-02,4.647342555e-02,0.000000000e+00,-8.203437929e-13
15,7.500000000e-04,3.406591605e-04,5.334959566e-02,5.334959566e-02,0.000000000e+00,-9.457989947e-13
16,8.000000000e-04,3.633697712e-04,6.069998439e-02,6.069998439e-02,0.000000000e+00,-1.074931810e-12
17,8.500000000e-04,3.860803819e-04,6.852459175e-02,6.852459175e-02,0.000000000e+00,-1.209962686e-12
18,9.000000000e-04,4.087909926e-04,7.682341774e-02,7.682341775e-02,0.000000000e+00,-1.358746449e-12
19,9.500000000e-04,4.315016033e-04,8.559646236e-02,8.559646236e-02,0.000000000e+00,-1.517994064e-12
20,1.000000000e-03,4.542122140e-04,9.484372561e-02,9.484372561e-02,0.000000000e+00,-1.686040196e-12
21,1.050000000e-03,4.769228247e-04,1.045652075e-01,1.045652075e-01,0.000000000e+00,-1.860178678e-12
22,1.100000000e-03,4.996334354e-04,1.147609080e-01,1.147609080e-01,0.000000000e+00,-2.038591518e-12
23,1.150000000e-03,5.223440461e-04,1.254308271e-01,1.254308271e-01,0.000000000e+00,-2.224692652e-12
24,1.200000000e-03,5.450546568e-04,1.365749649e-01,1.365749649e-01,0.000000000e+00,-2.420563749e-12
25,1.250000000e-03,5.677652675e-04,1.481933213e-01,1.481933213e-01,0.000000000e+00,-2.628897100e-12
26,1.300000000e-03,5.904758782e-04,1.602858963e-01,1.602858963e-01,0.000000000e+00,-2.847194702e-12
27,1.350000000e-03,6.131864889e-04,1.728526899e-01,1.728526899e-01,0.000000000e+00,-3.070377286e-12
28,1.400000000e-03,6.358970996e-04,1.858937022e-01,1.858937022e-01,0.000000000e+00,-3.301081630e-12
29,1.450000000e-03,6.586077103e-04,1.994089331e-01,1.994089331e-01,0.000000000e+00,-3.540945315e-12
30,1.500000000e-03,6.813183210e-04,2.133983826e-01,2.133983826e-01,0.000000000e+00,-3.790218139e-12
31,1.550000000e-03,7.040289317e-04,2.278620508e-01,2.278620508e-01,0.000000000e+00,-4.048233970e-12
32,1.600000000e-03,7.267395424e-04,2.427999376e-01,2.427999376e-01,0.000000000e+00,-4.315048319e-12
33,1.650000000e-03,7.494501532e-04,2.582120430e-01,2.582120430e-01,0.000000000e+00,-4.587774605e-12
34,1.700000000e-03,7.721607639e-04,2.740983670e-01,2.740983670e-01,0.000000000e+00,-4.870492898e-12
35,1.750000000e-03,7.948713746e-04,2.904589097e-01,2.904589097e-01,0.000000000e+00,-5.161593375e-12
36,1.800000000e-03,8.175819853e-04,3.072936710e-01,3.072936710e-01,0.000000000e+00,-5.458244967e-12
37,1.850000000e-03,8.402925960e-04,3.246026509e-01,3.246026509e-01,0.000000000e+00,-5.764166922e-12
38,1.900000000e-03,8.630032067e-04,3.423858495e-01,3.423858495e-01,0.000000000e+00,-6.080635995e-12
39,1.950000000e-03,8.857138174e-04,3.606432666e-01,3.606432666e-01,0.000000000e+00,-6.401823516e-12
40,2.000000000e-03,9.084244281e-04,3.793749024e-01,3.793749024e-01,0.000000000e+00,-6.727562951e-12
41,2.050000000e-03,9.311350388e-04,3.985807569e-01,3.985807569e-01,0.000000000e+00,-7.065292795e-12
42,2.100000000e-03,9.538456495e-04,4.182608299e-01,4.182608299e-01,0.000000000e+00,-7.418232695e-12
43,2.150000000e-03,9.765562602e-04,4.384151216e-01,4.384151216e-01,0.000000000e+00,-7.774503263e-12
44,2.200000000e-03,9.992668709e-04,4.590436320e-01,4.590436320e-01,0.000000000e+00,-8.140654817e-12
45,2.250000000e-03,1.021977482e-03,4.801463609e-01,4.801463609e-01,0.000000000e+00,-8.514910999e-12
46,2.300000000e-03,1.044688092e-03,5.017233085e-01,5.017233085e-01,0.000000000e+00,-8.904099680e-12
47,2.350000000e-03,1.067398703e-03,5.237744747e-01,5.237744747e-01,0.000000000e+00,-9.302447701e-12
48,2.400000000e-03,1.090109314e-03,5.462998595e-01,5.462998595e-01,0.000000000e+00,-9.702572079e-12
49,2.450000000e-03,1.112819924e-03,5.692994630e-01,5.692994630e-01,0.000000000e+00,-1.010425077e-11
50,2.500000000e-03,1.135530535e-03,5.927732851e-01,5.927732851e-01,0.000000000e+00,-1.052113952e-11
51,2.550000000e-03,1.158241146e-03,6.167213258e-01,6.167213258e-01,0.000000000e+00,-1.095057378e-11
52,2.600000000e-03,1.180951756e-03,6.411435851e-01,6.411435851e-01,0.000000000e+00,-1.137900885e-11
53,2.650000000e-03,1.203662367e-03,6.660400631e-01,6.660400631e-01,0.000000000e+00,-1.181577058e-11
54,2.700000000e-03,1.226372978e-03,6.914107597e-01,6.914107597e-01,0.000000000e+00,-1.226296842e-11
55,2.750000000e-03,1.249083589e-03,7.172556749e-01,7.172556749e-01,0.000000000e+00,-1.271827088e-11
56,2.800000000e-03,1.271794199e-03,7.435748088e-01,7.435748088e-01,0.000000000e+00,-1.317890241e-11
57,2.850000000e-03,1.294504810e-03,7.703681613e-01,7.703681613e-01,0.000000000e+00,-1.364164337e-11
58,2.900000000e-03,1.317215421e-03,7.976357324e-01,7.976357324e-01,0.000000000e+00,-1.411737394e-11
59,2.950000000e-03,1.339926031e-03,8.253775221e-01,8.253775221e-01,0.000000000e+00,-1.460642718e-11
60,3.000000000e-03,1.362636642e-03,8.535935305e-01,8.535935305e-01,0.000000000e+00,-1.511402115e-11
61,3.050000000e-03,1.385347253e-03,8.822837575e-01,8.822837575e-01,0.000000000e+00,-1.561994978e-11
62,3.100000000e-03,1.408057863e-03,9.114482031e-01,9.114482031e-01,0.000000000e+00,-1.613176259e-11
63,3.150000000e-03,1.430768474e-03,9.410868674e-01,9.410868674e-01,0.000000000e+00,-1.665689808e-11
64,3.200000000e-03,1.453479085e-03,9.711997502e-01,9.711997503e-01,0.000000000e+00,-1.717981313e-11
65,3.250000000e-03,1.476189696e-03,1.001786852e+00,1.001783608e+00,3.244093176e-06,-1.771637644e-11
66,3.300000000e-03,1.498913860e-03,1.032848121e+00,1.032808338e+00,3.973051478e-05,5.278192164e-08
67,3.350000000e-03,1.521775967e-03,1.064382991e+00,1.064286252e+00,9.579942263e-05,9.396784581e-07
68,3.400000000e-03,1.544718910e-03,1.096390643e+00,1.096224630e+00,1.634752040e-04,2.538509561e-06
69,3.450000000e-03,1.567709115e-03,1.128870597e+00,1.128628025e+00,2.379721434e-04,4.599797278e-06
70,3.500000000e-03,1.590726529e-03,1.161822571e+00,1.161499255e+00,3.163992753e-04,6.916462812e-06
71,3.550000000e-03,1.613759180e-03,1.195246406e+00,1.194840037e+00,3.970209848e-04,9.348252480e-06
72,3.600000000e-03,1.636800002e-03,1.229142014e+00,1.228651394e+00,4.788100890e-04,1.180928178e-05
73,3.650000000e-03,1.659844894e-03,1.263509345e+00,1.262933924e+00,5.611707359e-04,1.425066541e-05
74,3.700000000e-03,1.682891535e-03,1.298348378e+00,1.297687966e+00,6.437659383e-04,1.664656993e-05
75,3.750000000e-03,1.705938649e-03,1.333659103e+00,1.332913707e+00,7.264112000e-04,1.898472194e-05
76,3.800000000e-03,1.728985565e-03,1.369441517e+00,1.368611247e+00,8.090099464e-04,2.126046255e-05
77,3.850000000e-03,1.752031953e-03,1.405695622e+00,1.404780634e+00,8.915150865e-04,2.347321435e-05
78,3.900000000e-03,1.775077667e-03,1.442421422e+00,1.441421891e+00,9.739066116e-04,2.562446317e-05
79,3.950000000e-03,1.798122662e-03,1.479618921e+00,1.478535026e+00,1.056178830e-03,2.771664457e-05
80,4.000000000e-03,1.821166943e-03,1.517288123e+00,1.516120037e+00,1.138333264e-03,2.975255081e-05
81,4.050000000e-03,1.844210539e-03,1.555429033e+00,1.554176923e+00,1.220374798e-03,3.173502817e-05
82,4.100000000e-03,1.867253487e-03,1.594041654e+00,1.592705678e+00,1.302309653e-03,3.366683195e-05
83,4.150000000e-03,1.890295830e-03,1.633125991e+00,1.631706297e+00,1.384144365e-03,3.555056427e-05
84,4.200000000e-03,1.913337606e-03,1.672682048e+00,1.671178774e+00,1.465885295e-03,3.738865385e-05
85,4.250000000e-03,1.936378854e-03,1.712709827e+00,1.711123105e+00,1.547538423e-03,3.918335625e-05
86,4.300000000e-03,1.959419608e-03,1.753209332e+00,1.751539286e+00,1.629109272e-03,4.093676287e-05
87,4.350000000e-03,1.982459901e-03,1.794180566e+00,1.792418859e+00,1.719056365e-03,4.265081356e-05
88,4.400000000e-03,2.005528993e-03,1.835623432e+00,1.833738724e+00,1.840182264e-03,4.452623686e-05
89,4.450000000e-03,2.028704421e-03,1.877537467e+00,1.875504804e+00,1.985346338e-03,4.731681199e-05
90,4.500000000e-03,2.051958743e-03,1.919922028e+00,1.917724023e+00,2.147065001e-03,5.093983060e-05
91,4.550000000e-03,2.075266513e-03,1.962776643e+00,1.960401733e+00,2.319770426e-03,5.514001041e-05
92,4.600000000e-03,2.098609464e-03,2.006100999e+00,2.003541601e+00,2.499704889e-03,5.969363695e-05
93,4.650000000e-03,2.121975481e-03,2.049894890e+00,2.047146022e+00,2.684428277e-03,6.443981379e-05
94,4.700000000e-03,2.145356796e-03,2.094158183e+00,2.091216526e+00,2.872385212e-03,6.927224415e-05
95,4.750000000e-03,2.168748501e-03,2.138890791e+00,2.135754072e+00,3.062594628e-03,7.412407966e-05
96,4.800000000e-03,2.192147527e-03,2.184092656e+00,2.180748041e+00,3.265659723e-03,7.895478842e-05
97,4.850000000e-03,2.215582681e-03,2.229763619e+00,2.226201126e+00,3.478666386e-03,8.382740238e-05
98,4.900000000e-03,2.239044998e-03,2.275903445e+00,2.272120380e+00,3.694363611e-03,8.870150363e-05
99,4.950000000e-03,2.262514391e-03,2.322512004e+00,2.318507981e+00,3.910539489e-03,9.348377871e-05
100,5.000000000e-03,2.285985044e-03,2.369589266e+00,2.365364448e+00,4.126665307e-03,9.815252873e-05
101,5.050000000e-03,2.309455722e-03,2.417135229e+00,2.412689785e+00,4.342730491e-03,1.027131294e-04
102,5.100000000e-03,2.332926521e-03,2.465149895e+00,2.460474549e+00,4.568168869e-03,1.071770085e-04
103,5.150000000e-03,2.356421296e-03,2.513633174e+00,2.508695318e+00,4.826071169e-03,1.117851115e-04
104,5.200000000e-03,2.379999032e-03,2.562584648e+00,2.557362483e+00,5.104841597e-03,1.173226146e-04
105,5.250000000e-03,2.403633601e-03,2.612003784e+00,2.606477269e+00,5.402898418e-03,1.236164349e-04
106,5.300000000e-03,2.427320742e-03,2.661890185e+00,2.656030282e+00,5.729372707e-03,1.305303553e-04
107,5.350000000e-03,2.451083125e-03,2.712243387e+00,2.706029408e+00,6.075848371e-03,1.381304685e-04
108,5.400000000e-03,2.474897136e-03,2.763062924e+00,2.756482490e+00,6.434255018e-03,1.461783654e-04
109,5.450000000e-03,2.498741492e-03,2.814348493e+00,2.807394457e+00,6.799601018e-03,1.544343341e-04
110,5.500000000e-03,2.522603259e-03,2.866099917e+00,2.858768129e+00,7.169041992e-03,1.627458255e-04
111,5.550000000e-03,2.546475116e-03,2.918317095e+00,2.910605089e+00,7.540981080e-03,1.710248936e-04
112,5.600000000e-03,2.570352973e-03,2.970999968e+00,2.962906229e+00,7.914516581e-03,1.792227787e-04
113,5.650000000e-03,2.594234528e-03,3.024148502e+00,3.015672056e+00,8.289132117e-03,1.873133018e-04
114,5.700000000e-03,2.618118468e-03,3.077762674e+00,3.068902864e+00,8.664526712e-03,1.952831492e-04
115,5.750000000e-03,2.642004032e-03,3.131842470e+00,3.122597302e+00,9.042041352e-03,2.031263548e-04
116,5.800000000e-03,2.665894257e-03,3.186387867e+00,3.176710920e+00,9.466067645e-03,2.108787982e-04
117,5.850000000e-03,2.689893524e-03,3.241398437e+00,3.231247716e+00,9.931052698e-03,2.196683369e-04
118,5.900000000e-03,2.713989155e-03,3.296873412e+00,3.286221716e+00,1.042215211e-02,2.295439302e-04
119,5.950000000e-03,2.738146111e-03,3.352812204e+00,3.341641154e+00,1.093094025e-02,2.401098519e-04
120,6.000000000e-03,2.762344275e-03,3.409214434e+00,3.397509448e+00,1.145391721e-02,2.510687253e-04
121,6.050000000e-03,2.786574786e-03,3.466079832e+00,3.453822395e+00,1.199522398e-02,2.622123053e-04
122,6.100000000e-03,2.810844537e-03,3.523408124e+00,3.510582400e+00,1.255229204e-02,2.734314670e-04
123,6.150000000e-03,2.835146994e-03,3.581199030e+00,3.567789472e+00,1.312494960e-02,2.846082822e-04
124,6.200000000e-03,2.859482676e-03,3.639452294e+00,3.625440739e+00,1.371575307e-02,2.958012890e-04
125,6.250000000e-03,2.883857068e-03,3.698167642e+00,3.683525071e+00,1.433543534e-02,3.071350139e-04
126,6.300000000e-03,2.908291128e-03,3.757344691e+00,3.742051967e+00,1.497378385e-02,3.189405187e-04
127,6.350000000e-03,2.932764769e-03,3.816983057e+00,3.801027560e+00,1.562444025e-02,3.310565151e-04
128,6.400000000e-03,2.957264394e-03,3.877082490e+00,3.860456141e+00,1.628303661e-02,3.433122258e-04
129,6.450000000e-03,2.981780613e-03,3.937642830e+00,3.920327228e+00,1.696002353e-02,3.555789298e-04
130,6.500000000e-03,3.006334836e-03,3.998663870e+00,3.980633024e+00,1.766262231e-02,3.682238663e-04
131,6.550000000e-03,3.030941865e-03,4.060145263e+00,4.041376732e+00,1.838703824e-02,3.814926614e-04
132,6.600000000e-03,3.055593460e-03,4.122086636e+00,4.102556760e+00,1.913464905e-02,3.952267880e-04
133,6.650000000e-03,3.080291800e-03,4.184487641e+00,4.164166167e+00,1.991213328e-02,4.093407724e-04
134,6.700000000e-03,3.105049544e-03,4.247347871e+00,4.226210698e+00,2.071331813e-02,4.238550845e-04
135,6.750000000e-03,3.129853772e-03,4.310666921e+00,4.288692662e+00,2.153565071e-02,4.386090598e-04
136,6.800000000e-03,3.154698885e-03,4.374444454e+00,4.351616298e+00,2.237467466e-02,4.534817139e-04
137,6.850000000e-03,3.179575789e-03,4.438680190e+00,4.414986839e+00,2.322495776e-02,4.683929526e-04
138,6.900000000e-03,3.204473819e-03,4.503373924e+00,4.478804182e+00,2.408647826e-02,4.832629097e-04
139,6.950000000e-03,3.229392706e-03,4.568525492e+00,4.543060580e+00,2.496680800e-02,4.981040065e-04
140,7.000000000e-03,3.254346757e-03,4.634134677e+00,4.607746207e+00,2.587535620e-02,5.131130895e-04
141,7.050000000e-03,3.279353649e-03,4.700201137e+00,4.672859897e+00,2.681272295e-02,5.285173960e-04
142,7.100000000e-03,3.304414347e-03,4.766724462e+00,4.738401300e+00,2.777875580e-02,5.444058244e-04
143,7.150000000e-03,3.329528448e-03,4.833704237e+00,4.804378521e+00,2.876488087e-02,5.608349005e-04
144,7.200000000e-03,3.354679471e-03,4.901140114e+00,4.870784088e+00,2.977844051e-02,5.775849865e-04
145,7.250000000e-03,3.379880621e-03,4.969031756e+00,4.937605844e+00,3.083112972e-02,5.947814970e-04
146,7.300000000e-03,3.405152681e-03,5.037378695e+00,5.004854399e+00,3.191159470e-02,6.127010192e-04
147,7.350000000e-03,3.430474911e-03,5.106180462e+00,5.072538338e+00,3.301101018e-02,6.311145375e-04
148,7.400000000e-03,3.455831070e-03,5.175436734e+00,5.140660329e+00,3.412661273e-02,6.497922754e-04
149,7.450000000e-03,3.481215663e-03,5.245147269e+00,5.209222425e+00,3.525626117e-02,6.685831960e-04
150,7.500000000e-03,3.506624441e-03,5.315311863e+00,5.278216980e+00,3.640749970e-02,6.873836105e-04
151,7.550000000e-03,3.532070129e-03,5.385930277e+00,5.347627947e+00,3.759607890e-02,7.062514623e-04
152,7.600000000e-03,3.557579816e-03,5.457002116e+00,5.417449937e+00,3.882652079e-02,7.256590651e-04
153,7.650000000e-03,3.583161028e-03,5.528526849e+00,5.487687676e+00,4.009339887e-02,7.457743519e-04
154,7.700000000e-03,3.608803921e-03,5.600503955e+00,5.558344418e+00,4.139311848e-02,7.664186345e-04
155,7.750000000e-03,3.634501937e-03,5.672932975e+00,5.629425362e+00,4.272021319e-02,7.874002490e-04
156,7.800000000e-03,3.660246235e-03,5.745813518e+00,5.700922959e+00,4.408201618e-02,8.085428304e-04
157,7.850000000e-03,3.686048790e-03,5.819145180e+00,5.772838219e+00,4.547690329e-02,8.300574214e-04
158,7.900000000e-03,3.711906352e-03,5.892927523e+00,5.845181255e+00,4.689421798e-02,8.520499770e-04
159,7.950000000e-03,3.737800646e-03,5.967160190e+00,5.917958564e+00,4.832729421e-02,8.743316231e-04
160,8.000000000e-03,3.763720240e-03,6.041842936e+00,5.991152624e+00,4.979357419e-02,8.967386672e-04
161,8.050000000e-03,3.789693261e-03,6.116975453e+00,6.064766526e+00,5.128941329e-02,9.195134357e-04
162,8.100000000e-03,3.815713672e-03,6.192557344e+00,6.138797335e+00,5.281743049e-02,9.425780449e-04
163,8.150000000e-03,3.841785386e-03,6.268588224e+00,6.213244979e+00,5.437734565e-02,9.658998787e-04
164,8.200000000e-03,3.867907613e-03,6.345067696e+00,6.288108325e+00,5.596992285e-02,9.894489774e-04
165,8.250000000e-03,3.894080760e-03,6.421995362e+00,6.363364488e+00,5.761758759e-02,1.013286451e-03
166,8.300000000e-03,3.920340658e-03,6.499370683e+00,6.439025380e+00,5.930737964e-02,1.037923300e-03
167,8.350000000e-03,3.946666168e-03,6.577193061e+00,6.515094705e+00,6.103518684e-02,1.063169160e-03
168,8.400000000e-03,3.973049993e-03,6.655462010e+00,6.591579882e+00,6.279330729e-02,1.088820909e-03
169,8.450000000e-03,3.999480209e-03,6.734177118e+00,6.668474838e+00,6.458762441e-02,1.114655359e-03
170,8.500000000e-03,4.025966118e-03,6.813337987e+00,6.745774926e+00,6.642235455e-02,1.140706461e-03
171,8.550000000e-03,4.052514062e-03,6.892944164e+00,6.823470098e+00,6.830701020e-02,1.167056373e-03
172,8.600000000e-03,4.079137552e-03,6.972995113e+00,6.901566258e+00,7.023492540e-02,1.193929493e-03
173,8.650000000e-03,4.105825880e-03,7.053490286e+00,6.980062967e+00,7.220611573e-02,1.221203882e-03
174,8.700000000e-03,4.132578837e-03,7.134429177e+00,7.058969931e+00,7.421043839e-02,1.248807770e-03
175,8.750000000e-03,4.159381186e-03,7.215811342e+00,7.138264919e+00,7.626985011e-02,1.276572905e-03
176,8.800000000e-03,4.186265728e-03,7.297636272e+00,7.217941326e+00,7.839004856e-02,1.304897552e-03
177,8.850000000e-03,4.213240941e-03,7.379903300e+00,7.298009196e+00,8.056015368e-02,1.333950817e-03
178,8.900000000e-03,4.240290319e-03,7.462611790e+00,7.378482295e+00,8.276589866e-02,1.363597186e-03
179,8.950000000e-03,4.267392162e-03,7.545761256e+00,7.459371251e+00,8.499642496e-02,1.393580581e-03
180,9.000000000e-03,4.294529923e-03,7.629351356e+00,7.540670573e+00,8.725711594e-02,1.423666750e-03
181,9.050000000e-03,4.321710866e-03,7.713381782e+00,7.622361803e+00,8.956601665e-02,1.453962309e-03
182,9.100000000e-03,4.348960547e-03,7.797852096e+00,7.704439919e+00,9.192730632e-02,1.484871316e-03
183,9.150000000e-03,4.376284144e-03,7.882761737e+00,7.786912451e+00,9.433276007e-02,1.516525986e-03
184,9.200000000e-03,4.403669366e-03,7.968110167e+00,7.869773753e+00,9.678773457e-02,1.548679540e-03
185,9.250000000e-03,4.431123418e-03,8.053896872e+00,7.953030818e+00,9.928471465e-02,1.581338722e-03
186,9.300000000e-03,4.458635313e-03,8.140121350e+00,8.036695749e+00,1.018112144e-01,1.614386586e-03
187,9.350000000e-03,4.486187047e-03,8.226783212e+00,8.120769403e+00,1.043662122e-01,1.647597287e-03
188,9.400000000e-03,4.513776857e-03,8.313882146e+00,8.205246230e+00,1.069549542e-01,1.680962304e-03
189,9.450000000e-03,4.541411660e-03,8.401417818e+00,8.290120283e+00,1.095829435e-01,1.714591431e-03
190,9.500000000e-03,4.569098667e-03,8.489389836e+00,8.375393028e+00,1.122481548e-01,1.748653524e-03
191,9.550000000e-03,4.596834810e-03,8.577797793e+00,8.461052062e+00,1.149626299e-01,1.783101060e-03
192,9.600000000e-03,4.624636105e-03,8.666641231e+00,8.547092554e+00,1.177305922e-01,1.818084853e-03
193,9.650000000e-03,4.652508128e-03,8.755919606e+00,8.633484864e+00,1.205810400e-01,1.853701452e-03
194,9.700000000e-03,4.680489286e-03,8.845632203e+00,8.720253225e+00,1.234884466e-01,1.890531298e-03
195,9.750000000e-03,4.708544815e-03,8.935778290e+00,8.807415439e+00,1.264347219e-01,1.928129468e-03
196,9.800000000e-03,4.736650055e-03,9.026357370e+00,8.894984590e+00,1.294067026e-01,1.966077494e-03
197,9.850000000e-03,4.764787128e-03,9.117369109e+00,8.982967375e+00,1.323976371e-01,2.004097273e-03
198,9.900000000e-03,4.792947136e-03,9.208813280e+00,9.071352650e+00,1.354186187e-01,2.042012168e-03
199,9.950000000e-03,4.821144583e-03,9.300689636e+00,9.160117160e+00,1.384924561e-01,2.080020115e-03
200,1.000000000e-02,4.849408424e-03,9.392997756e+00,9.249248440e+00,1.416307818e-01,2.118534531e-03
201,1.005000000e-02,4.877753746e-03,9.485737045e+00,9.338753357e+00,1.448258638e-01,2.157824320e-03
202,1.010000000e-02,4.906170200e-03,9.578906892e+00,9.428643654e+00,1.480654277e-01,2.197809974e-03
203,1.015000000e-02,4.934641540e-03,9.672506788e+00,9.518907722e+00,1.513608415e-01,2.238223905e-03
204,1.020000000e-02,4.963181760e-03,9.766536232e+00,9.609530397e+00,1.547265959e-01,2.279238972e-03
205,1.025000000e-02,4.991808296e-03,9.860994598e+00,9.700525800e+00,1.581475863e-01,2.321211213e-03
206,1.030000000e-02,5.020501891e-03,9.955881263e+00,9.791903785e+00,1.616136158e-01,2.363861585e-03
207,1.035000000e-02,5.049249715e-03,1.005119573e+01,9.883664449e+00,1.651243913e-01,2.406893251e-03
208,1.040000000e-02,5.078050468e-03,1.014693757e+01,9.975813708e+00,1.686735218e-01,2.450341083e-03
209,1.045000000e-02,5.106895977e-03,1.024310637e+01,1.006835401e+01,1.722583352e-01,2.494027986e-03
210,1.050000000e-02,5.135782874e-03,1.033970178e+01,1.016128056e+01,1.758833878e-01,2.537833272e-03
211,1.055000000e-02,5.164716511e-03,1.043672343e+01,1.025458573e+01,1.795558301e-01,2.581869122e-03
212,1.060000000e-02,5.193705684e-03,1.053417090e+01,1.034825008e+01,1.832945537e-01,2.626268961e-03
213,1.065000000e-02,5.222773216e-03,1.063204366e+01,1.044226448e+01,1.871078394e-01,2.671338953e-03
214,1.070000000e-02,5.251929549e-03,1.073034102e+01,1.053663204e+01,1.909918227e-01,2.717158972e-03
215,1.075000000e-02,5.281169120e-03,1.082906231e+01,1.063134598e+01,1.949525788e-01,2.763756047e-03
216,1.080000000e-02,5.310497803e-03,1.092820683e+01,1.072641009e+01,1.989853440e-01,2.811396923e-03
217,1.085000000e-02,5.339909617e-03,1.102777388e+01,1.082183649e+01,2.030775350e-01,2.859855669e-03
218,1.090000000e-02,5.369390024e-03,1.112776285e+01,1.091763707e+01,2.072170055e-01,2.908772482e-03
219,1.095000000e-02,5.398924537e-03,1.122817323e+01,1.101382280e+01,2.113925507e-01,2.957881977e-03
220,1.100000000e-02,5.428499546e-03,1.132900466e+01,1.111040246e+01,2.155951965e-01,3.007007524e-03
221,1.105000000e-02,5.458104155e-03,1.143025684e+01,1.120736097e+01,2.198398446e-01,3.056021051e-03
222,1.110000000e-02,5.487755264e-03,1.153192946e+01,1.130466920e+01,2.241550999e-01,3.105153125e-03
223,1.115000000e-02,5.517485182e-03,1.163402200e+01,1.140231249e+01,2.285544361e-01,3.155072610e-03
224,1.120000000e-02,5.547309206e-03,1.173653377e+01,1.150030054e+01,2.330272497e-01,3.205984737e-03
225,1.125000000e-02,5.577214738e-03,1.183946405e+01,1.159863012e+01,2.375761318e-01,3.257802367e-03
226,1.130000000e-02,5.607203476e-03,1.194281217e+01,1.169730901e+01,2.421925265e-01,3.310631272e-03
227,1.135000000e-02,5.637265110e-03,1.204657747e+01,1.179634927e+01,2.468639561e-01,3.364245158e-03
228,1.140000000e-02,5.667385705e-03,1.215075942e+01,1.189575750e+01,2.515836319e-01,3.418295771e-03
229,1.145000000e-02,5.697557580e-03,1.225535756e+01,1.199553168e+01,2.563533456e-01,3.472537726e-03
230,1.150000000e-02,5.727782560e-03,1.236037146e+01,1.209568052e+01,2.611640498e-01,3.526883475e-03
231,1.155000000e-02,5.758050521e-03,1.246580071e+01,1.219619563e+01,2.660238534e-01,3.581224976e-03
232,1.160000000e-02,5.788370030e-03,1.257164493e+01,1.229705636e+01,2.709527501e-01,3.635818209e-03
233,1.165000000e-02,5.818762279e-03,1.267790360e+01,1.239826103e+01,2.759514761e-01,3.691095208e-03
234,1.170000000e-02,5.849227696e-03,1.278457613e+01,1.249979536e+01,2.810336961e-01,3.747068610e-03
235,1.175000000e-02,5.879780020e-03,1.289166183e+01,1.260166446e+01,2.861932614e-01,3.804114123e-03
236,1.180000000e-02,5.910412016e-03,1.299916003e+01,1.270388681e+01,2.914111103e-01,3.862106246e-03
237,1.185000000e-02,5.941102970e-03,1.310707014e+01,1.280645998e+01,2.966895121e-01,3.920647943e-03
238,1.190000000e-02,5.971855375e-03,1.321539165e+01,1.290938099e+01,3.020311292e-01,3.979527226e-03
239,1.195000000e-02,6.002671702e-03,1.332412403e+01,1.301265743e+01,3.074278188e-01,4.038780063e-03
240,1.200000000e-02,6.033543623e-03,1.343326680e+01,1.311628658e+01,3.128819166e-01,4.098301056e-03
241,1.205000000e-02,6.064473207e-03,1.354281947e+01,1.322025959e+01,3.184016860e-01,4.158192246e-03
242,1.210000000e-02,6.095468224e-03,1.365278153e+01,1.332457848e+01,3.239843491e-01,4.218702894e-03
243,1.215000000e-02,6.126525052e-03,1.376315245e+01,1.342924373e+01,3.296288601e-01,4.279860539e-03
244,1.220000000e-02,6.157641984e-03,1.387393170e+01,1.353424510e+01,3.353449356e-01,4.341661754e-03
245,1.225000000e-02,6.188828361e-03,1.398511873e+01,1.363956605e+01,3.411484739e-01,4.404201486e-03
246,1.230000000e-02,6.220100071e-03,1.409671288e+01,1.374522429e+01,3.470209967e-01,4.467595794e-03
247,1.235000000e-02,6.251438651e-03,1.420871352e+01,1.385123749e+01,3.529445368e-01,4.531490004e-03
248,1.240000000e-02,6.282825580e-03,1.432112014e+01,1.395762083e+01,3.589037135e-01,4.595594034e-03
249,1.245000000e-02,6.314244928e-03,1.443393241e+01,1.406435464e+01,3.649180940e-01,4.659666933e-03
250,1.250000000e-02,6.345715843e-03,1.454714994e+01,1.417141301e+01,3.710128926e-01,4.724043916e-03
251,1.255000000e-02,6.377263391e-03,1.466077221e+01,1.427880515e+01,3.771778434e-01,4.789210915e-03
252,1.260000000e-02,6.408877783e-03,1.477479859e+01,1.438649508e+01,3.834485617e-01,4.854943800e-03
253,1.265000000e-02,6.440593496e-03,1.488922838e+01,1.449448862e+01,3.898179503e-01,4.921813319e-03
254,1.270000000e-02,6.472403877e-03,1.500406077e+01,1.460279835e+01,3.962727594e-01,4.989664741e-03
255,1.275000000e-02,6.504295582e-03,1.511929502e+01,1.471144764e+01,4.027892014e-01,5.058184092e-03
256,1.280000000e-02,6.536245019e-03,1.523493055e+01,1.482044560e+01,4.093579534e-01,5.127001037e-03
257,1.285000000e-02,6.568242685e-03,1.535096692e+01,1.492978596e+01,4.159850528e-01,5.195904799e-03
258,1.290000000e-02,6.600293958e-03,1.546740368e+01,1.503943853e+01,4.227001203e-01,5.265024805e-03
259,1.295000000e-02,6.632427105e-03,1.558424027e+01,1.514941026e+01,4.294950213e-01,5.334985636e-03
260,1.300000000e-02,6.664633907e-03,1.570147603e+01,1.525970908e+01,4.363612485e-01,5.405709303e-03
261,1.305000000e-02,6.696906128e-03,1.581911038e+01,1.537032414e+01,4.433093324e-01,5.476907701e-03
262,1.310000000e-02,6.729253381e-03,1.593714273e+01,1.548125379e+01,4.503402238e-01,5.548713178e-03
263,1.315000000e-02,6.761676285e-03,1.605557243e+01,1.559249533e+01,4.574559704e-01,5.621124870e-03
264,1.320000000e-02,6.794176700e-03,1.617439884e+01,1.570405504e+01,4.646496652e-01,5.694140605e-03
265,1.325000000e-02,6.826747686e-03,1.629362135e+01,1.581595488e+01,4.718988012e-01,5.767667585e-03
266,1.330000000e-02,6.859367591e-03,1.641323945e+01,1.592818497e+01,4.792130961e-01,5.841379870e-03
267,1.335000000e-02,6.892044686e-03,1.653325267e+01,1.604071630e+01,4.866209524e-01,5.915422017e-03
268,1.340000000e-02,6.924804833e-03,1.665366043e+01,1.615355483e+01,4.941152775e-01,5.990322711e-03
269,1.345000000e-02,6.957641453e-03,1.677446204e+01,1.626669646e+01,5.016996304e-01,6.065943862e-03
270,1.350000000e-02,6.990556797e-03,1.689565683e+01,1.638014802e+01,5.093665255e-01,6.142286340e-03
271,1.355000000e-02,7.023543665e-03,1.701724417e+01,1.649389290e+01,5.171319887e-01,6.219283994e-03
272,1.360000000e-02,7.056616117e-03,1.713922338e+01,1.660794515e+01,5.249810381e-01,6.297196739e-03
273,1.365000000e-02,7.089760395e-03,1.726159378e+01,1.672231905e+01,5.328989048e-01,6.375826164e-03
274,1.370000000e-02,7.122962944e-03,1.738435480e+01,1.683701556e+01,5.408844084e-01,6.454837847e-03
275,1.375000000e-02,7.156222071e-03,1.750750595e+01,1.695202948e+01,5.489422214e-01,6.534250476e-03
276,1.380000000e-02,7.189541882e-03,1.763104672e+01,1.706734894e+01,5.570836443e-01,6.614136681e-03
277,1.385000000e-02,7.222931689e-03,1.775497652e+01,1.718297647e+01,5.653053771e-01,6.694676375e-03
278,1.390000000e-02,7.256388802e-03,1.787929478e+01,1.729892401e+01,5.735950198e-01,6.775747118e-03
279,1.395000000e-02,7.289901832e-03,1.800400093e+01,1.741517922e+01,5.819645638e-01,6.857149900e-03
280,1.400000000e-02,7.323480594e-03,1.812909447e+01,1.753173231e+01,5.904230630e-01,6.939097134e-03
281,1.405000000e-02,7.357133097e-03,1.825457477e+01,1.764859254e+01,5.989604397e-01,7.021788414e-03
282,1.410000000e-02,7.390850427e-03,1.838044123e+01,1.776574672e+01,6.075894951e-01,7.105012517e-03
283,1.415000000e-02,7.424643025e-03,1.850669325e+01,1.788320215e+01,6.163020819e-01,7.189013857e-03
284,1.420000000e-02,7.458503309e-03,1.863333019e+01,1.800096728e+01,6.250891997e-01,7.273704136e-03
285,1.425000000e-02,7.492423300e-03,1.876035150e+01,1.811905262e+01,6.339400970e-01,7.358777798e-03
286,1.430000000e-02,7.526393652e-03,1.888775668e+01,1.823742976e+01,6.428828948e-01,7.444024763e-03
287,1.435000000e-02,7.560437902e-03,1.901554519e+01,1.835609135e+01,6.519239956e-01,7.529844548e-03
288,1.440000000e-02,7.594562242e-03,1.914371637e+01,1.847504430e+01,6.610557520e-01,7.616321702e-03
289,1.445000000e-02,7.628760147e-03,1.927226954e+01,1.859429243e+01,6.702737008e-01,7.703415320e-03
290,1.450000000e-02,7.663027233e-03,1.940120410e+01,1.871382768e+01,6.795853599e-01,7.791059502e-03
291,1.455000000e-02,7.697369622e-03,1.953051942e+01,1.883364176e+01,6.889983392e-01,7.879317543e-03
292,1.460000000e-02,7.731792856e-03,1.966021481e+01,1.895372758e+01,6.985188273e-01,7.968406772e-03
293,1.465000000e-02,7.766301637e-03,1.979028957e+01,1.907409378e+01,7.081373672e-01,8.058416053e-03
294,1.470000000e-02,7.800888072e-03,1.992074297e+01,1.919474358e+01,7.178502493e-01,8.149146767e-03
295,1.475000000e-02,7.835548753e-03,2.005157437e+01,1.931568604e+01,7.276478381e-01,8.240484909e-03
296,1.480000000e-02,7.870275601e-03,2.018278314e+01,1.943692663e+01,7.375242305e-01,8.332281771e-03
297,1.485000000e-02,7.905063278e-03,2.031436873e+01,1.955845587e+01,7.474884079e-01,8.424451641e-03
298,1.490000000e-02,7.939918562e-03,2.044633059e+01,1.968027236e+01,7.575410801e-01,8.517150436e-03
299,1.495000000e-02,7.974841581e-03,2.057866810e+01,1.980236385e+01,7.676937829e-01,8.610466469e-03
300,1.500000000e-02,8.009841309e-03,2.071138064e+01,1.992472830e+01,7.779478223e-01,8.704516532e-03
301,1.505000000e-02,8.044919270e-03,2.084446752e+01,2.004737870e+01,7.882896225e-01,8.799199005e-03
302,1.510000000e-02,8.080063988e-03,2.097792813e+01,2.017031128e+01,7.987224587e-01,8.894386979e-03
303,1.515000000e-02,8.115276964e-03,2.111176184e+01,2.029351027e+01,8.092613757e-01,8.990195280e-03
304,1.520000000e-02,8.150569869e-03,2.124596803e+01,2.041697848e+01,8.199027324e-01,9.086811876e-03
305,1.525000000e-02,8.185940194e-03,2.138054598e+01,2.054072884e+01,8.306330522e-01,9.184082845e-03
306,1.530000000e-02,8.221377074e-03,2.151549507e+01,2.066477311e+01,8.414401746e-01,9.281783970e-03
307,1.535000000e-02,8.256870417e-03,2.165081475e+01,2.078910365e+01,8.523312665e-01,9.379834848e-03
308,1.540000000e-02,8.292425017e-03,2.178650449e+01,2.091370723e+01,8.633189217e-01,9.478341363e-03
309,1.545000000e-02,8.328050331e-03,2.192256372e+01,2.103857533e+01,8.744108763e-01,9.577505062e-03
310,1.550000000e-02,8.363751730e-03,2.205899176e+01,2.116371496e+01,8.855992348e-01,9.677559982e-03
311,1.555000000e-02,8.399523186e-03,2.219578796e+01,2.128910851e+01,8.969011882e-01,9.778266335e-03
312,1.560000000e-02,8.435377145e-03,2.233295165e+01,2.141477146e+01,9.083003537e-01,9.879842547e-03
313,1.565000000e-02,8.471301031e-03,2.247048214e+01,2.154072304e+01,9.197770457e-01,9.982058494e-03
314,1.570000000e-02,8.507279445e-03,2.260837888e+01,2.166696807e+01,9.313261807e-01,1.008462595e-02
315,1.575000000e-02,8.543308079e-03,2.274664137e+01,2.179348542e+01,9.429684770e-01,1.018747370e-02
316,1.580000000e-02,8.579402139e-03,2.288526909e+01,2.192026858e+01,9.547095869e-01,1.029092201e-02
317,1.585000000e-02,8.615565783e-03,2.302426143e+01,2.204731815e+01,9.665482444e-01,1.039503717e-02
318,1.590000000e-02,8.651797860e-03,2.316361776e+01,2.217463263e+01,9.784853218e-01,1.049980363e-02
319,1.595000000e-02,8.688098512e-03,2.330333746e+01,2.230219162e+01,9.905405672e-01,1.060527652e-02
320,1.600000000e-02,8.724481942e-03,2.344341986e+01,2.243000641e+01,1.002701745e+00,1.071169921e-02
321,1.605000000e-02,8.760939947e-03,2.358386423e+01,2.255808938e+01,1.014956087e+00,1.081875756e-02
322,1.610000000e-02,8.797463760e-03,2.372466995e+01,2.268644874e+01,1.027295066e+00,1.092614323e-02
323,1.615000000e-02,8.834046694e-03,2.386583648e+01,2.281506704e+01,1.039735594e+00,1.103384294e-02
324,1.620000000e-02,8.870700770e-03,2.400736323e+01,2.294391954e+01,1.052301622e+00,1.114206393e-02
325,1.625000000e-02,8.907442937e-03,2.414924949e+01,2.307300951e+01,1.064988761e+00,1.125121987e-02
326,1.630000000e-02,8.944269884e-03,2.429149451e+01,2.320235606e+01,1.077777129e+00,1.136131835e-02
327,1.635000000e-02,8.981166889e-03,2.443409758e+01,2.333194812e+01,1.090677448e+00,1.147201151e-02
328,1.640000000e-02,9.018142191e-03,2.457705806e+01,2.346179062e+01,1.103684184e+00,1.158325087e-02
329,1.645000000e-02,9.055191002e-03,2.472037527e+01,2.359188305e+01,1.116797135e+00,1.169508681e-02
330,1.650000000e-02,9.092312487e-03,2.486404856e+01,2.372223274e+01,1.130008210e+00,1.180761396e-02
331,1.655000000e-02,9.129500658e-03,2.500807732e+01,2.385283045e+01,1.143326173e+00,1.192069284e-02
332,1.660000000e-02,9.166761894e-03,2.515246091e+01,2.398368095e+01,1.156745657e+00,1.203429900e-02
333,1.665000000e-02,9.204092095e-03,2.529719870e+01,2.411477862e+01,1.170271755e+00,1.214833406e-02
334,1.670000000e-02,9.241494768e-03,2.544229007e+01,2.424610423e+01,1.183922975e+00,1.226287265e-02
335,1.675000000e-02,9.278981586e-03,2.558773432e+01,2.437767196e+01,1.197683957e+00,1.237840400e-02
336,1.680000000e-02,9.316541398e-03,2.573353073e+01,2.450948354e+01,1.211552502e+00,1.249469646e-02
337,1.685000000e-02,9.354172414e-03,2.587967867e+01,2.464153956e+01,1.225527509e+00,1.261159449e-02
338,1.690000000e-02,9.391873807e-03,2.602617747e+01,2.477384483e+01,1.239603600e+00,1.272904548e-02
339,1.695000000e-02,9.429641476e-03,2.617302654e+01,2.490639743e+01,1.253782060e+00,1.284704765e-02
340,1.700000000e-02,9.467475455e-03,2.632022526e+01,2.503918550e+01,1.268074128e+00,1.296563744e-02
341,1.705000000e-02,9.505383003e-03,2.646777300e+01,2.517221732e+01,1.282470731e+00,1.308495099e-02
342,1.710000000e-02,9.543358134e-03,2.661566911e+01,2.530549648e+01,1.296967826e+00,1.320480387e-02
343,1.715000000e-02,9.581397567e-03,2.676391298e+01,2.543901188e+01,1.311575926e+00,1.332517763e-02
344,1.720000000e-02,9.619508079e-03,2.691250400e+01,2.557276028e+01,1.326297414e+00,1.344630099e-02
345,1.725000000e-02,9.657690902e-03,2.706144151e+01,2.570673549e+01,1.341137803e+00,1.356821120e-02
346,1.730000000e-02,9.695949196e-03,2.721072482e+01,2.584094391e+01,1.356089902e+00,1.369100497e-02
347,1.735000000e-02,9.734278087e-03,2.736035327e+01,2.597539632e+01,1.371142452e+00,1.381449701e-02
348,1.740000000e-02,9.772670127e-03,2.751032625e+01,2.611009006e+01,1.386297771e+00,1.393841287e-02
349,1.745000000e-02,9.811126691e-03,2.766064315e+01,2.624502572e+01,1.401554705e+00,1.406273071e-02
350,1.750000000e-02,9.849646696e-03,2.781130341e+01,2.638020647e+01,1.416909357e+00,1.418757589e-02
351,1.755000000e-02,9.888227203e-03,2.796230643e+01,2.651562404e+01,1.432369468e+00,1.431291666e-02
352,1.760000000e-02,9.926872932e-03,2.811365164e+01,2.665126829e+01,1.447944414e+00,1.443893414e-02
353,1.765000000e-02,9.965589434e-03,2.826533841e+01,2.678712366e+01,1.463649025e+00,1.456572743e-02
354,1.770000000e-02,1.000438654e-02,2.841736604e+01,2.692318262e+01,1.479489959e+00,1.469345707e-02
355,1.775000000e-02,1.004326891e-02,2.856973377e+01,2.705946326e+01,1.495448361e+00,1.482214695e-02
356,1.780000000e-02,1.008222453e-02,2.872244088e+01,2.719596799e+01,1.511521467e+00,1.495142037e-02
357,1.785000000e-02,1.012125103e-02,2.887548672e+01,2.733271069e+01,1.527694767e+00,1.508125743e-02
358,1.790000000e-02,1.016033916e-02,2.902887067e+01,2.746969041e+01,1.543968865e+00,1.521139176e-02
359,1.795000000e-02,1.019948902e-02,2.918259218e+01,2.760689444e+01,1.560355866e+00,1.534187271e-02
360,1.800000000e-02,1.023870794e-02,2.933665065e+01,2.774431267e+01,1.576864959e+00,1.547302220e-02
361,1.805000000e-02,1.027800159e-02,2.949104542e+01,2.788193910e+01,1.593501353e+00,1.560496159e-02
362,1.810000000e-02,1.031737307e-02,2.964577578e+01,2.801976292e+01,1.610275160e+00,1.573770345e-02
363,1.815000000e-02,1.035682829e-02,2.980084102e+01,2.815779168e+01,1.627177879e+00,1.587146431e-02
364,1.820000000e-02,1.039636146e-02,2.995624038e+01,2.829603591e+01,1.644198367e+00,1.600609719e-02
365,1.825000000e-02,1.043596595e-02,3.011197318e+01,2.843451235e+01,1.661319565e+00,1.614127132e-02
366,1.830000000e-02,1.047563092e-02,3.026803883e+01,2.857321558e+01,1.678546530e+00,1.627671231e-02
367,1.835000000e-02,1.051535922e-02,3.042443675e+01,2.871212911e+01,1.695895069e+00,1.641256366e-02
368,1.840000000e-02,1.055516024e-02,3.058116632e+01,2.885125202e+01,1.713365156e+00,1.654913430e-02
369,1.845000000e-02,1.059503353e-02,3.073822687e+01,2.899057555e+01,1.730964843e+00,1.668647833e-02
370,1.850000000e-02,1.063498378e-02,3.089561773e+01,2.913010106e+01,1.748691995e+00,1.682466632e-02
371,1.855000000e-02,1.067501024e-02,3.105333818e+01,2.926982459e+01,1.766550060e+00,1.696352832e-02
372,1.860000000e-02,1.071511406e-02,3.121138753e+01,2.940975929e+01,1.784525026e+00,1.710321364e-02
373,1.865000000e-02,1.075528598e-02,3.136976511e+01,2.954990044e+01,1.802621073e+00,1.724359992e-02
374,1.870000000e-02,1.079552827e-02,3.152847028e+01,2.969024813e+01,1.820837498e+00,1.738465433e-02
375,1.875000000e-02,1.083584081e-02,3.168750238e+01,2.983080518e+01,1.839170930e+00,1.752626988e-02
376,1.880000000e-02,1.087622121e-02,3.184686078e+01,2.997157871e+01,1.857613591e+00,1.766847734e-02
377,1.885000000e-02,1.091666440e-02,3.200654487e+01,3.011256360e+01,1.876170065e+00,1.781120635e-02
378,1.890000000e-02,1.095717270e-02,3.216655406e+01,3.025375621e+01,1.894843324e+00,1.795452549e-02
379,1.895000000e-02,1.099774778e-02,3.232688773e+01,3.039514435e+01,1.913644927e+00,1.809844828e-02
380,1.900000000e-02,1.103839617e-02,3.248754523e+01,3.053672822e+01,1.932573838e+00,1.824317136e-02
381,1.905000000e-02,1.107911686e-02,3.264852589e+01,3.067850780e+01,1.951629379e+00,1.838871056e-02
382,1.910000000e-02,1.111990898e-02,3.280982902e+01,3.082046956e+01,1.970824427e+00,1.853503469e-02
383,1.915000000e-02,1.116077962e-02,3.297145394e+01,3.096262722e+01,1.990144344e+00,1.868237837e-02
384,1.920000000e-02,1.120172000e-02,3.313339995e+01,3.110500175e+01,2.009567749e+00,1.883044310e-02
385,1.925000000e-02,1.124271735e-02,3.329566644e+01,3.124759475e+01,2.029092837e+00,1.897884880e-02
386,1.930000000e-02,1.128377016e-02,3.345825287e+01,3.139040042e+01,2.048724854e+00,1.912760354e-02
387,1.935000000e-02,1.132488140e-02,3.362115872e+01,3.153340478e+01,2.068477136e+00,1.927680832e-02
388,1.940000000e-02,1.136605897e-02,3.378438338e+01,3.167659576e+01,2.088360908e+00,1.942671396e-02
389,1.945000000e-02,1.140730963e-02,3.394792621e+01,3.181996579e+01,2.108382955e+00,1.957746114e-02
390,1.950000000e-02,1.144863772e-02,3.411178650e+01,3.196350278e+01,2.128554678e+00,1.972903968e-02
391,1.955000000e-02,1.149004959e-02,3.427596351e+01,3.210719442e+01,2.148887468e+00,1.988162592e-02
392,1.960000000e-02,1.153155196e-02,3.444045644e+01,3.225106655e+01,2.169354637e+00,2.003525590e-02
393,1.965000000e-02,1.157312937e-02,3.460526453e+01,3.239514420e+01,2.189930763e+00,2.018956613e-02
394,1.970000000e-02,1.161476651e-02,3.477038716e+01,3.253943639e+01,2.210606517e+00,2.034424722e-02
395,1.975000000e-02,1.165645767e-02,3.493582379e+01,3.268392194e+01,2.231402709e+00,2.049914074e-02
396,1.980000000e-02,1.169821459e-02,3.510157387e+01,3.282858939e+01,2.252329902e+00,2.065457802e-02
397,1.985000000e-02,1.174004309e-02,3.526763676e+01,3.297343391e+01,2.273392033e+00,2.081081752e-02
398,1.990000000e-02,1.178194534e-02,3.543401178e+01,3.311844865e+01,2.294595213e+00,2.096791116e-02
399,1.995000000e-02,1.182392463e-02,3.560069823e+01,3.326361340e+01,2.315958955e+00,2.112587462e-02
400,2.000000000e-02,1.186599188e-02,3.576769535e+01,3.340894837e+01,2.337462084e+00,2.128490194e-02
401,2.005000000e-02,1.190813478e-02,3.593500239e+01,3.355446899e+01,2.359088637e+00,2.144476362e-02
402,2.010000000e-02,1.195034375e-02,3.610261869e+01,3.370018060e+01,2.380832822e+00,2.160526312e-02
403,2.015000000e-02,1.199261534e-02,3.627054364e+01,3.384609351e+01,2.402683859e+00,2.176627089e-02
404,2.020000000e-02,1.203494328e-02,3.643877668e+01,3.399217781e+01,2.424671265e+00,2.192760920e-02
405,2.025000000e-02,1.207734366e-02,3.660731721e+01,3.413842198e+01,2.446805440e+00,2.208979319e-02
406,2.030000000e-02,1.211982209e-02,3.677616453e+01,3.428484186e+01,2.469069646e+00,2.225301468e-02
407,2.035000000e-02,1.216236914e-02,3.694531794e+01,3.443143630e+01,2.491464631e+00,2.241700496e-02
408,2.040000000e-02,1.220498492e-02,3.711477680e+01,3.457819480e+01,2.514000307e+00,2.258168946e-02
409,2.045000000e-02,1.224767475e-02,3.728454044e+01,3.472513680e+01,2.536656421e+00,2.274721756e-02
410,2.050000000e-02,1.229042708e-02,3.745460821e+01,3.487226135e+01,2.559433476e+00,2.291339371e-02
411,2.055000000e-02,1.233324170e-02,3.762497954e+01,3.501956654e+01,2.582332706e+00,2.308028813e-02
412,2.060000000e-02,1.237611886e-02,3.779565381e+01,3.516703127e+01,2.605374638e+00,2.324790519e-02
413,2.065000000e-02,1.241906977e-02,3.796663039e+01,3.531464424e+01,2.628569659e+00,2.341648164e-02
414,2.070000000e-02,1.246210035e-02,3.813790854e+01,3.546241503e+01,2.651907322e+00,2.358618447e-02
415,2.075000000e-02,1.250520454e-02,3.830948755e+01,3.561035381e+01,2.675376894e+00,2.375685049e-02
416,2.080000000e-02,1.254837638e-02,3.848136676e+01,3.575847476e+01,2.698963739e+00,2.392825970e-02
417,2.085000000e-02,1.259160746e-02,3.865354555e+01,3.590678492e+01,2.722660424e+00,2.410021249e-02
418,2.090000000e-02,1.263489362e-02,3.882602339e+01,3.605525845e+01,2.746492348e+00,2.427259670e-02
419,2.095000000e-02,1.267824885e-02,3.899879968e+01,3.620389817e+01,2.770455648e+00,2.444585908e-02
420,2.100000000e-02,1.272167079e-02,3.917187378e+01,3.635270496e+01,2.794548832e+00,2.461998681e-02
421,2.105000000e-02,1.276515805e-02,3.934524507e+01,3.650166251e+01,2.818787554e+00,2.479500037e-02
422,2.110000000e-02,1.280871854e-02,3.951891288e+01,3.665075704e+01,2.843184699e+00,2.497113860e-02
423,2.115000000e-02,1.285235908e-02,3.969287648e+01,3.680000429e+01,2.867723719e+00,2.514847406e-02
424,2.120000000e-02,1.289607115e-02,3.986713517e+01,3.694941618e+01,2.892392307e+00,2.532667975e-02
425,2.125000000e-02,1.293984835e-02,4.004168830e+01,3.709899722e+01,2.917185557e+00,2.550552316e-02
426,2.130000000e-02,1.298368823e-02,4.021653526e+01,3.724873216e+01,2.942118190e+00,2.568491149e-02
427,2.135000000e-02,1.302759854e-02,4.039167543e+01,3.739861688e+01,2.967193380e+00,2.586517335e-02
428,2.140000000e-02,1.307158069e-02,4.056710815e+01,3.754866093e+01,2.992400782e+00,2.604643547e-02
429,2.145000000e-02,1.311562881e-02,4.074283277e+01,3.769885064e+01,3.017753552e+00,2.622857120e-02
430,2.150000000e-02,1.315974954e-02,4.091884863e+01,3.784916972e+01,3.043267177e+00,2.641173516e-02
431,2.155000000e-02,1.320395077e-02,4.109515503e+01,3.799962300e+01,3.068935913e+00,2.659611032e-02
432,2.160000000e-02,1.324822942e-02,4.127175121e+01,3.815022308e+01,3.094746506e+00,2.678162600e-02
433,2.165000000e-02,1.329257836e-02,4.144863649e+01,3.830098137e+01,3.120687071e+00,2.696805084e-02
434,2.170000000e-02,1.333699121e-02,4.162581023e+01,3.845189433e+01,3.146760687e+00,2.715521621e-02
435,2.175000000e-02,1.338146937e-02,4.180327183e+01,3.860293657e+01,3.172992128e+00,2.734313363e-02
436,2.180000000e-02,1.342602589e-02,4.198102061e+01,3.875411854e+01,3.199369860e+00,2.753220789e-02
437,2.185000000e-02,1.347065435e-02,4.215905586e+01,3.890543945e+01,3.225894102e+00,2.772231270e-02
438,2.190000000e-02,1.351535470e-02,4.233737692e+01,3.905689787e+01,3.252565695e+00,2.791335018e-02
439,2.195000000e-02,1.356012700e-02,4.251598310e+01,3.920848965e+01,3.279388057e+00,2.810538888e-02
440,2.200000000e-02,1.360497294e-02,4.269487372e+01,3.936021133e+01,3.306363959e+00,2.829843320e-02
441,2.205000000e-02,1.364989336e-02,4.287404808e+01,3.951207328e+01,3.333482277e+00,2.849253162e-02
442,2.210000000e-02,1.369488239e-02,4.305350552e+01,3.966408801e+01,3.360730031e+00,2.868747214e-02
443,2.215000000e-02,1.373993324e-02,4.323324540e+01,3.981623903e+01,3.388123295e+00,2.888307102e-02
444,2.220000000e-02,1.378505406e-02,4.341326710e+01,3.996849681e+01,3.415690690e+00,2.907959911e-02
445,2.225000000e-02,1.383025922e-02,4.359356991e+01,4.012087133e+01,3.443421131e+00,2.927744501e-02
446,2.230000000e-02,1.387554266e-02,4.377415304e+01,4.027338644e+01,3.471290173e+00,2.947642714e-02
447,2.235000000e-02,1.392089143e-02,4.395501583e+01,4.042604581e+01,3.499293784e+00,2.967623956e-02
448,2.240000000e-02,1.396630326e-02,4.413615766e+01,4.057885439e+01,3.527426531e+00,2.987673630e-02
449,2.245000000e-02,1.401177522e-02,4.431757793e+01,4.073178150e+01,3.555718559e+00,3.007786580e-02
450,2.250000000e-02,1.405732249e-02,4.449927599e+01,4.088482637e+01,3.584169561e+00,3.028006529e-02
451,2.255000000e-02,1.410294470e-02,4.468125115e+01,4.103799041e+01,3.612777356e+00,3.048338144e-02
452,2.260000000e-02,1.414864058e-02,4.486350268e+01,4.119127517e+01,3.641539770e+00,3.068773765e-02
453,2.265000000e-02,1.419440879e-02,4.504602990e+01,4.134466710e+01,3.670469795e+00,3.089300637e-02
454,2.270000000e-02,1.424025562e-02,4.522883208e+01,4.149818169e+01,3.699551065e+00,3.109932283e-02
455,2.275000000e-02,1.428617265e-02,4.541190853e+01,4.165183994e+01,3.728762041e+00,3.130655000e-02
456,2.280000000e-02,1.433214874e-02,4.559525862e+01,4.180565116e+01,3.758093045e+00,3.151441268e-02
457,2.285000000e-02,1.437817882e-02,4.577888179e+01,4.195960917e+01,3.787549882e+00,3.172274676e-02
458,2.290000000e-02,1.442426559e-02,4.596277752e+01,4.211367511e+01,3.817170727e+00,3.193168064e-02
459,2.295000000e-02,1.447042807e-02,4.614694515e+01,4.226783437e+01,3.846969077e+00,3.214171033e-02
460,2.300000000e-02,1.451667304e-02,4.633138395e+01,4.242209943e+01,3.876931466e+00,3.235305455e-02
461,2.305000000e-02,1.456299370e-02,4.651609316e+01,4.257647397e+01,3.907053730e+00,3.256545903e-02
462,2.310000000e-02,1.460938806e-02,4.670107207e+01,4.273095776e+01,3.937335547e+00,3.277876618e-02
463,2.315000000e-02,1.465585590e-02,4.688631999e+01,4.288555366e+01,3.967773370e+00,3.299296353e-02
464,2.320000000e-02,1.470239565e-02,4.707183624e+01,4.304027854e+01,3.998349660e+00,3.320803692e-02
465,2.325000000e-02,1.474899850e-02,4.725762017e+01,4.319512932e+01,4.029067067e+00,3.342378037e-02
466,2.330000000e-02,1.479566580e-02,4.744367117e+01,4.335009008e+01,4.059940894e+00,3.364020402e-02
467,2.335000000e-02,1.484240489e-02,4.762998862e+01,4.350515574e+01,4.090975367e+00,3.385750775e-02
468,2.340000000e-02,1.488921742e-02,4.781657181e+01,4.366032203e+01,4.122173974e+00,3.407580706e-02
469,2.345000000e-02,1.493610466e-02,4.800342006e+01,4.381557602e+01,4.153548777e+00,3.429526927e-02
470,2.350000000e-02,1.498307258e-02,4.819053264e+01,4.397092843e+01,4.185088234e+00,3.451597141e-02
471,2.355000000e-02,1.503011527e-02,4.837790880e+01,4.412638683e+01,4.216784204e+00,3.473776400e-02
472,2.360000000e-02,1.507722876e-02,4.856554787e+01,4.428195877e+01,4.248628610e+00,3.496048788e-02
473,2.365000000e-02,1.512440908e-02,4.875344919e+01,4.443764929e+01,4.280615780e+00,3.518411436e-02
474,2.370000000e-02,1.517165302e-02,4.894161214e+01,4.459344663e+01,4.312756887e+00,3.540862897e-02
475,2.375000000e-02,1.521896567e-02,4.913003610e+01,4.474934600e+01,4.345055847e+00,3.563424966e-02
476,2.380000000e-02,1.526634872e-02,4.931872040e+01,4.490533448e+01,4.377524902e+00,3.586101718e-02
477,2.385000000e-02,1.531380802e-02,4.950766434e+01,4.506140447e+01,4.410170752e+00,3.608912068e-02
478,2.390000000e-02,1.536134656e-02,4.969686720e+01,4.521756020e+01,4.442988264e+00,3.631873310e-02
479,2.395000000e-02,1.540896195e-02,4.988632823e+01,4.537379750e+01,4.475981016e+00,3.654971283e-02
480,2.400000000e-02,1.545665568e-02,5.007604670e+01,4.553012479e+01,4.509139727e+00,3.678218364e-02
481,2.405000000e-02,1.550442293e-02,5.026602191e+01,4.568655534e+01,4.542450501e+00,3.701607147e-02
482,2.410000000e-02,1.555225681e-02,5.045625317e+01,4.584308596e+01,4.575915989e+00,3.725122048e-02
483,2.415000000e-02,1.560015831e-02,5.064673985e+01,4.599971293e+01,4.609539168e+00,3.748775369e-02
484,2.420000000e-02,1.564812871e-02,5.083748130e+01,4.615643801e+01,4.643317450e+00,3.772584124e-02
485,2.425000000e-02,1.569616664e-02,5.102847685e+01,4.631323530e+01,4.677276076e+00,3.796547875e-02
486,2.430000000e-02,1.574428368e-02,5.121972582e+01,4.647009862e+01,4.711420175e+00,3.820702220e-02
487,2.435000000e-02,1.579248201e-02,5.141122744e+01,4.662701961e+01,4.745757126e+00,3.845070292e-02
488,2.440000000e-02,1.584076501e-02,5.160298092e+01,4.678400304e+01,4.780281140e+00,3.869673872e-02
489,2.445000000e-02,1.588912983e-02,5.179498547e+01,4.694106137e+01,4.814978953e+00,3.894514666e-02
490,2.450000000e-02,1.593757002e-02,5.198724034e+01,4.709820703e+01,4.849837428e+00,3.919588189e-02
491,2.455000000e-02,1.598607927e-02,5.217974485e+01,4.725544832e+01,4.884847599e+00,3.944893493e-02
492,2.460000000e-02,1.603465342e-02,5.237249835e+01,4.741277346e+01,4.920020494e+00,3.970439367e-02
493,2.465000000e-02,1.608329754e-02,5.256550018e+01,4.757017703e+01,4.955360390e+00,3.996276179e-02
494,2.470000000e-02,1.613201354e-02,5.275874966e+01,4.772763800e+01,4.990887448e+00,4.022421440e-02
495,2.475000000e-02,1.618081060e-02,5.295224607e+01,4.788514436e+01,5.026612501e+00,4.048920560e-02
496,2.480000000e-02,1.622969353e-02,5.314598860e+01,4.804268967e+01,5.062540767e+00,4.075816415e-02
497,2.485000000e-02,1.627866497e-02,5.333997644e+01,4.820026583e+01,5.098679096e+00,4.103151691e-02
498,2.490000000e-02,1.632772803e-02,5.353420873e+01,4.835786470e+01,5.135034238e+00,4.130978502e-02
499,2.495000000e-02,1.637688569e-02,5.372868459e+01,4.851545509e+01,5.171636017e+00,4.159348362e-02
500,2.500000000e-02,1.642615218e-02,5.392340307e+01,4.867302167e+01,5.208498219e+00,4.188317424e-02
501,2.505000000e-02,1.647553378e-02,5.411836312e+01,4.883054137e+01,5.245642652e+00,4.217909832e-02
502,2.510000000e-02,1.652504128e-02,5.431356365e+01,4.898800591e+01,5.283076539e+00,4.248120877e-02
503,2.515000000e-02,1.657467746e-02,5.450900349e+01,4.914540513e+01,5.320808896e+00,4.278946498e-02
504,2.520000000e-02,1.662444576e-02,5.470468144e+01,4.930275244e+01,5.358825384e+00,4.310361015e-02
505,2.525000000e-02,1.667433802e-02,5.490059632e+01,4.946004711e+01,5.397126110e+00,4.342309941e-02
506,2.530000000e-02,1.672435383e-02,5.509674699e+01,4.961727625e+01,5.435723121e+00,4.374761739e-02
507,2.535000000e-02,1.677449864e-02,5.529313227e+01,4.977441567e+01,5.474639304e+00,4.407729745e-02
508,2.540000000e-02,1.682478219e-02,5.548975094e+01,4.993144226e+01,5.513896539e+00,4.441214313e-02
509,2.545000000e-02,1.687521355e-02,5.568660166e+01,5.008835649e+01,5.553493070e+00,4.475210287e-02
510,2.550000000e-02,1.692579103e-02,5.588368309e+01,5.024518802e+01,5.593398192e+00,4.509688030e-02
511,2.555000000e-02,1.697649997e-02,5.608099394e+01,5.040196915e+01,5.633579028e+00,4.544576434e-02
512,2.560000000e-02,1.702732521e-02,5.627853304e+01,5.055872674e+01,5.674008214e+00,4.579808755e-02
513,2.565000000e-02,1.707825417e-02,5.647629935e+01,5.071545704e+01,5.714688955e+00,4.615335916e-02
514,2.570000000e-02,1.712928811e-02,5.667429190e+01,5.087213939e+01,5.755640998e+00,4.651150823e-02
515,2.575000000e-02,1.718043567e-02,5.687250965e+01,5.102876928e+01,5.796867752e+00,4.687261910e-02
516,2.580000000e-02,1.723169811e-02,5.707095152e+01,5.118534254e+01,5.838372353e+00,4.723663478e-02
517,2.585000000e-02,1.728307627e-02,5.726961645e+01,5.134185050e+01,5.880162386e+00,4.760355719e-02
518,2.590000000e-02,1.733457292e-02,5.746850331e+01,5.149829861e+01,5.922231264e+00,4.797343345e-02
519,2.595000000e-02,1.738618453e-02,5.766761102e+01,5.165468785e+01,5.964577115e+00,4.834605539e-02
520,2.600000000e-02,1.743790978e-02,5.786693849e+01,5.181104531e+01,6.007171835e+00,4.872134309e-02
521,2.605000000e-02,1.748973587e-02,5.806648469e+01,5.196737740e+01,6.050008528e+00,4.909875796e-02
522,2.610000000e-02,1.754165992e-02,5.826624868e+01,5.212369025e+01,6.093080461e+00,4.947797566e-02
523,2.615000000e-02,1.759367903e-02,5.846622954e+01,5.227999977e+01,6.136370866e+00,4.985890081e-02
524,2.620000000e-02,1.764578558e-02,5.866642639e+01,5.243629541e+01,6.179889598e+00,5.024137558e-02
525,2.625000000e-02,1.769798370e-02,5.886683837e+01,5.259255757e+01,6.223655355e+00,5.062544550e-02
526,2.630000000e-02,1.775028131e-02,5.906746457e+01,5.274878877e+01,6.267664419e+00,5.101137681e-02
527,2.635000000e-02,1.780267648e-02,5.926830405e+01,5.290497334e+01,6.311931544e+00,5.139916465e-02
528,2.640000000e-02,1.785517535e-02,5.946935584e+01,5.306111148e+01,6.356455282e+00,5.178907771e-02
529,2.645000000e-02,1.790777691e-02,5.967061897e+01,5.321721574e+01,6.401222169e+00,5.218106819e-02
530,2.650000000e-02,1.796047511e-02,5.987209249e+01,5.337329423e+01,6.446223349e+00,5.257490547e-02
531,2.655000000e-02,1.801326626e-02,6.007377548e+01,5.352934651e+01,6.491458551e+00,5.297041898e-02
532,2.660000000e-02,1.806615035e-02,6.027566705e+01,5.368538527e+01,6.536914147e+00,5.336762658e-02
533,2.665000000e-02,1.811912157e-02,6.047776634e+01,5.384140724e+01,6.582592678e+00,5.376642516e-02
534,2.670000000e-02,1.817218094e-02,6.068007252e+01,5.399740249e+01,6.628503052e+00,5.416697759e-02
535,2.675000000e-02,1.822533208e-02,6.088258473e+01,5.415336743e+01,6.674647856e+00,5.456944301e-02
536,2.680000000e-02,1.827857603e-02,6.108530208e+01,5.430929906e+01,6.721029115e+00,5.497390779e-02
537,2.685000000e-02,1.833191316e-02,6.128822369e+01,5.446519735e+01,6.767645856e+00,5.538048232e-02
538,2.690000000e-02,1.838534261e-02,6.149134867e+01,5.462106716e+01,6.814492261e+00,5.578925114e-02
539,2.695000000e-02,1.843886173e-02,6.169467615e+01,5.477688755e+01,6.861588425e+00,5.620017388e-02
540,2.700000000e-02,1.849247926e-02,6.189820522e+01,5.493266471e+01,6.908926741e+00,5.661377161e-02
541,2.705000000e-02,1.854619163e-02,6.210193498e+01,5.508841535e+01,6.956489682e+00,5.702994521e-02
542,2.710000000e-02,1.859999125e-02,6.230586453e+01,5.524414653e+01,7.004269443e+00,5.744856302e-02
543,2.715000000e-02,1.865387471e-02,6.250999307e+01,5.539984847e+01,7.052274858e+00,5.786973792e-02
544,2.720000000e-02,1.870784580e-02,6.271431976e+01,5.555549781e+01,7.100528115e+00,5.829382770e-02
545,2.725000000e-02,1.876191346e-02,6.291884372e+01,5.571107829e+01,7.149044062e+00,5.872136199e-02
546,2.730000000e-02,1.881608339e-02,6.312356400e+01,5.586658179e+01,7.197829663e+00,5.915254715e-02
547,2.735000000e-02,1.887035833e-02,6.332847961e+01,5.602201330e+01,7.246878727e+00,5.958757906e-02
548,2.740000000e-02,1.892473567e-02,6.353358956e+01,5.617737007e+01,7.296192898e+00,6.002658680e-02
549,2.745000000e-02,1.897921596e-02,6.373889287e+01,5.633262968e+01,7.345793495e+00,6.046969334e-02
550,2.750000000e-02,1.903380796e-02,6.394438852e+01,5.648777792e+01,7.395693239e+00,6.091736329e-02
551,2.755000000e-02,1.908851569e-02,6.415007543e+01,5.664280794e+01,7.445897737e+00,6.136974607e-02
552,2.760000000e-02,1.914334087e-02,6.435595248e+01,5.679770323e+01,7.496422466e+00,6.182678459e-02
553,2.765000000e-02,1.919828958e-02,6.456201852e+01,5.695244932e+01,7.547280531e+00,6.228866784e-02
554,2.770000000e-02,1.925336672e-02,6.476827235e+01,5.710705331e+01,7.598463532e+00,6.275551293e-02
555,2.775000000e-02,1.930856807e-02,6.497471277e+01,5.726148809e+01,7.649997668e+00,6.322701282e-02
556,2.780000000e-02,1.936390453e-02,6.518133854e+01,5.741574385e+01,7.701891390e+00,6.370329764e-02
557,2.785000000e-02,1.941937901e-02,6.538814836e+01,5.756980942e+01,7.754154485e+00,6.418444758e-02
558,2.790000000e-02,1.947499507e-02,6.559514090e+01,5.772368272e+01,7.806787680e+00,6.467049973e-02
559,2.795000000e-02,1.953075247e-02,6.580231482e+01,5.787736119e+01,7.859792285e+00,6.516135288e-02
560,2.800000000e-02,1.958665133e-02,6.600966878e+01,5.803084997e+01,7.913161859e+00,6.565695746e-02
561,2.805000000e-02,1.964268820e-02,6.621720145e+01,5.818413239e+01,7.966911994e+00,6.615706025e-02
562,2.810000000e-02,1.969886947e-02,6.642491147e+01,5.833720501e+01,8.021044769e+00,6.666168960e-02
563,2.815000000e-02,1.975519552e-02,6.663279747e+01,5.849008347e+01,8.075543214e+00,6.717078361e-02
564,2.820000000e-02,1.981165879e-02,6.684085811e+01,5.864278864e+01,8.130385536e+00,6.768393256e-02
565,2.825000000e-02,1.986825025e-02,6.704909211e+01,5.879532072e+01,8.185570675e+00,6.820070731e-02
566,2.830000000e-02,1.992496963e-02,6.725749824e+01,5.894766494e+01,8.241112385e+00,6.872091734e-02
567,2.835000000e-02,1.998182245e-02,6.746607526e+01,5.909980345e+01,8.297027173e+00,6.924463685e-02
568,2.840000000e-02,2.003881518e-02,6.767482187e+01,5.925172722e+01,8.353322563e+00,6.977208953e-02
569,2.845000000e-02,2.009595055e-02,6.788373672e+01,5.940344008e+01,8.409993460e+00,7.030317491e-02
570,2.850000000e-02,2.015322622e-02,6.809281847e+01,5.955495671e+01,8.467024121e+00,7.083763432e-02
571,2.855000000e-02,2.021063569e-02,6.830206582e+01,5.970628109e+01,8.524409523e+00,7.137520273e-02
572,2.860000000e-02,2.026817681e-02,6.851147750e+01,5.985739939e+01,8.582162328e+00,7.191578128e-02
573,2.865000000e-02,2.032585485e-02,6.872105225e+01,6.000835808e+01,8.640234741e+00,7.245942533e-02
574,2.870000000e-02,2.038365021e-02,6.893078885e+01,6.015917780e+01,8.698605849e+00,7.300519801e-02
575,2.875000000e-02,2.044155428e-02,6.914068621e+01,6.030985366e+01,8.757279735e+00,7.355281995e-02
576,2.880000000e-02,2.049956864e-02,6.935074329e+01,6.046036405e+01,8.816276971e+00,7.410226740e-02
577,2.885000000e-02,2.055770160e-02,6.956095899e+01,6.061070286e+01,8.875602393e+00,7.465373378e-02
578,2.890000000e-02,2.061595476e-02,6.977133217e+01,6.076086448e+01,8.935260493e+00,7.520719139e-02
579,2.895000000e-02,2.067432967e-02,6.998186168e+01,6.091085946e+01,8.995239733e+00,7.576249003e-02
580,2.900000000e-02,2.073282164e-02,7.019254639e+01,6.106068942e+01,9.055537565e+00,7.631940064e-02
581,2.905000000e-02,2.079142975e-02,7.040338518e+01,6.121034033e+01,9.116167005e+00,7.687784312e-02
582,2.910000000e-02,2.085015922e-02,7.061437693e+01,6.135981431e+01,9.177124630e+00,7.743798910e-02
583,2.915000000e-02,2.090900808e-02,7.082552050e+01,6.150913548e+01,9.238385159e+00,7.799986369e-02
584,2.920000000e-02,2.096796564e-02,7.103681480e+01,6.165830532e+01,9.299946400e+00,7.856308596e-02
585,2.925000000e-02,2.102703131e-02,7.124825880e+01,6.180731792e+01,9.361813298e+00,7.912758200e-02
586,2.930000000e-02,2.108620685e-02,7.145985144e+01,6.195617492e+01,9.423983064e+00,7.969345738e-02
587,2.935000000e-02,2.114549087e-02,7.167159169e+01,6.210488723e+01,9.486443920e+00,8.026053683e-02
588,2.940000000e-02,2.120487890e-02,7.188347853e+01,6.225345438e+01,9.549195500e+00,8.082864504e-02
589,2.945000000e-02,2.126437087e-02,7.209551096e+01,6.240186050e+01,9.612252743e+00,8.139771627e-02
590,2.950000000e-02,2.132397237e-02,7.230768797e+01,6.255010386e+01,9.675616510e+00,8.196759987e-02
591,2.955000000e-02,2.138368367e-02,7.252000853e+01,6.269818479e+01,9.739285469e+00,8.253826812e-02
592,2.960000000e-02,2.144350414e-02,7.273247158e+01,6.284609272e+01,9.803269147e+00,8.310970905e-02
593,2.965000000e-02,2.150343732e-02,7.294507608e+01,6.299383755e+01,9.867556354e+00,8.368217123e-02
594,2.970000000e-02,2.156347809e-02,7.315782098e+01,6.314141673e+01,9.932148892e+00,8.425535174e-02
595,2.975000000e-02,2.162362735e-02,7.337070525e+01,6.328882579e+01,9.997050164e+00,8.482929611e-02
596,2.980000000e-02,2.168388610e-02,7.358372787e+01,6.343607064e+01,1.006225319e+01,8.540403295e-02
597,2.985000000e-02,2.174425116e-02,7.379688779e+01,6.358316834e+01,1.012774003e+01,8.597941936e-02
598,2.990000000e-02,2.180471534e-02,7.401018404e+01,6.373012692e+01,1.019350193e+01,8.655518384e-02
599,2.995000000e-02,2.186527562e-02,7.422361568e+01,6.387695627e+01,1.025952822e+01,8.713119052e-02
600,3.000000000e-02,2.192592804e-02,7.443718181e+01,6.402365807e+01,1.032581641e+01,8.770733573e-02
601,3.005000000e-02,2.198667191e-02,7.465088155e+01,6.417023005e+01,1.039236778e+01,8.828372956e-02
602,3.010000000e-02,2.204750772e-02,7.486471403e+01,6.431666990e+01,1.045918365e+01,8.886047145e-02
603,3.015000000e-02,2.210843571e-02,7.507867836e+01,6.446296901e+01,1.052627174e+01,8.943761280e-02
604,3.020000000e-02,2.216945864e-02,7.529277366e+01,6.460911263e+01,1.059364570e+01,9.001532152e-02
605,3.025000000e-02,2.223058145e-02,7.550699899e+01,6.475509983e+01,1.066130519e+01,9.059396866e-02
606,3.030000000e-02,2.229180334e-02,7.572135341e+01,6.490094084e+01,1.072923914e+01,9.117343755e-02
607,3.035000000e-02,2.235311994e-02,7.593583599e+01,6.504663969e+01,1.079744276e+01,9.175353733e-02
608,3.040000000e-02,2.241452951e-02,7.615044584e+01,6.519219413e+01,1.086591754e+01,9.233417366e-02
609,3.045000000e-02,2.247603298e-02,7.636518205e+01,6.533762512e+01,1.093464154e+01,9.291538888e-02
610,3.050000000e-02,2.253762178e-02,7.658004378e+01,6.548292935e+01,1.100361742e+01,9.349701016e-02
611,3.055000000e-02,2.259929740e-02,7.679503020e+01,6.562809643e+01,1.107285457e+01,9.407919735e-02
612,3.060000000e-02,2.266106374e-02,7.701014046e+01,6.577312787e+01,1.114235040e+01,9.466219390e-02
613,3.065000000e-02,2.272291945e-02,7.722537372e+01,6.591802333e+01,1.121210437e+01,9.524601687e-02
614,3.070000000e-02,2.278486404e-02,7.744072912e+01,6.606276535e+01,1.128213298e+01,9.583079522e-02
615,3.075000000e-02,2.284690359e-02,7.765620580e+01,6.620735274e+01,1.135243609e+01,9.641697297e-02
616,3.080000000e-02,2.290903723e-02,7.787180286e+01,6.635179007e+01,1.142300827e+01,9.700451895e-02
617,3.085000000e-02,2.297126268e-02,7.808751941e+01,6.649606985e+01,1.149385622e+01,9.759333228e-02
618,3.090000000e-02,2.303358226e-02,7.830335455e+01,6.664018794e+01,1.156498320e+01,9.818341517e-02
619,3.095000000e-02,2.309599694e-02,7.851930740e+01,6.678416046e+01,1.163637224e+01,9.877470080e-02
620,3.100000000e-02,2.315850018e-02,7.873537706e+01,6.692798494e+01,1.170802512e+01,9.936700284e-02
621,3.105000000e-02,2.322109318e-02,7.895156270e+01,6.707165117e+01,1.177995105e+01,9.996048587e-02
622,3.110000000e-02,2.328377949e-02,7.916786343e+01,6.721515149e+01,1.185215650e+01,1.005554417e-01
623,3.115000000e-02,2.334656089e-02,7.938427837e+01,6.735847750e+01,1.192464891e+01,1.011519629e-01
624,3.120000000e-02,2.340943995e-02,7.960080659e+01,6.750162626e+01,1.199743021e+01,1.017501245e-01
625,3.125000000e-02,2.347241698e-02,7.981744718e+01,6.764458923e+01,1.207050792e+01,1.023500353e-01
626,3.130000000e-02,2.353549471e-02,8.003419919e+01,6.778737453e+01,1.214387271e+01,1.029519368e-01
627,3.135000000e-02,2.359866875e-02,8.025106167e+01,6.792997690e+01,1.221752909e+01,1.035556829e-01
628,3.140000000e-02,2.366194065e-02,8.046803370e+01,6.807239863e+01,1.229147396e+01,1.041611161e-01
629,3.145000000e-02,2.372530930e-02,8.068511435e+01,6.821464837e+01,1.236569785e+01,1.047681238e-01
630,3.150000000e-02,2.378877148e-02,8.090230271e+01,6.835672211e+01,1.244020384e+01,1.053767596e-01
631,3.155000000e-02,2.385232850e-02,8.111959789e+01,6.849862502e+01,1.251498554e+01,1.059873237e-01
632,3.160000000e-02,2.391597736e-02,8.133699899e+01,6.864034600e+01,1.259005321e+01,1.065997721e-01
633,3.165000000e-02,2.397972198e-02,8.155450511e+01,6.878185974e+01,1.266543113e+01,1.072142511e-01
634,3.170000000e-02,2.404357085e-02,8.177211532e+01,6.892315404e+01,1.274113025e+01,1.078310289e-01
635,3.175000000e-02,2.410752718e-02,8.198982860e+01,6.906424034e+01,1.281713808e+01,1.084501787e-01
636,3.180000000e-02,2.417158566e-02,8.220764395e+01,6.920512312e+01,1.289344935e+01,1.090714780e-01
637,3.185000000e-02,2.423574453e-02,8.242556041e+01,6.934578859e+01,1.297007693e+01,1.096948927e-01
638,3.190000000e-02,2.430000819e-02,8.264357699e+01,6.948621825e+01,1.304703840e+01,1.103203406e-01
639,3.195000000e-02,2.436438290e-02,8.286169267e+01,6.962641618e+01,1.312432864e+01,1.109478444e-01
640,3.200000000e-02,2.442886645e-02,8.307990640e+01,6.976638019e+01,1.320194886e+01,1.115773484e-01
641,3.205000000e-02,2.449345940e-02,8.329821715e+01,6.990611251e+01,1.327989571e+01,1.122089308e-01
642,3.210000000e-02,2.455816031e-02,8.351662389e+01,7.004562053e+01,1.335816092e+01,1.128424415e-01
643,3.215000000e-02,2.462296606e-02,8.373512560e+01,7.018490839e+01,1.343673933e+01,1.134778814e-01
644,3.220000000e-02,2.468787431e-02,8.395372130e+01,7.032396226e+01,1.351564391e+01,1.141151283e-01
645,3.225000000e-02,2.475288993e-02,8.417240998e+01,7.046278877e+01,1.359486689e+01,1.147543167e-01
646,3.230000000e-02,2.481800951e-02,8.439119064e+01,7.060139738e+01,1.367439801e+01,1.153952428e-01
647,3.235000000e-02,2.488322929e-02,8.461006231e+01,7.073978922e+01,1.375423535e+01,1.160377387e-01
648,3.240000000e-02,2.494854905e-02,8.482902402e+01,7.087795379e+01,1.383438834e+01,1.166818979e-01
649,3.245000000e-02,2.501397247e-02,8.504807482e+01,7.101589788e+01,1.391484912e+01,1.173278149e-01
650,3.250000000e-02,2.507949603e-02,8.526721374e+01,7.115360905e+01,1.399562936e+01,1.179753258e-01
651,3.255000000e-02,2.514512399e-02,8.548643980e+01,7.129107948e+01,1.407673566e+01,1.186246567e-01
652,3.260000000e-02,2.521085812e-02,8.570575201e+01,7.142831479e+01,1.415816128e+01,1.192759392e-01
653,3.265000000e-02,2.527669545e-02,8.592514937e+01,7.156532264e+01,1.423989775e+01,1.199289731e-01
654,3.270000000e-02,2.534263293e-02,8.614463091e+01,7.170210636e+01,1.432194093e+01,1.205836182e-01
655,3.275000000e-02,2.540866929e-02,8.636419569e+01,7.183868031e+01,1.440427562e+01,1.212397500e-01
656,3.280000000e-02,2.547479898e-02,8.658384277e+01,7.197505895e+01,1.448688665e+01,1.218971707e-01
657,3.285000000e-02,2.554101690e-02,8.680357130e+01,7.211123619e+01,1.456977933e+01,1.225557753e-01
658,3.290000000e-02,2.560732579e-02,8.702338042e+01,7.224720329e+01,1.465296126e+01,1.232158649e-01
659,3.295000000e-02,2.567372834e-02,8.724326925e+01,7.238293753e+01,1.473645408e+01,1.238776338e-01
660,3.300000000e-02,2.574023232e-02,8.746323688e+01,7.251840767e+01,1.482028791e+01,1.245413042e-01
661,3.305000000e-02,2.580684715e-02,8.768328231e+01,7.265358946e+01,1.490448569e+01,1.252071670e-01
662,3.310000000e-02,2.587358050e-02,8.790340448e+01,7.278849447e+01,1.498903453e+01,1.258754821e-01
663,3.315000000e-02,2.594042596e-02,8.812360228e+01,7.292313901e+01,1.507391739e+01,1.265458828e-01
664,3.320000000e-02,2.600737710e-02,8.834387469e+01,7.305752456e+01,1.515913209e+01,1.272180357e-01
665,3.325000000e-02,2.607443355e-02,8.856422069e+01,7.319165758e+01,1.524467135e+01,1.278917628e-01
666,3.330000000e-02,2.614159293e-02,8.878463929e+01,7.332554328e+01,1.533052906e+01,1.285669559e-01
667,3.335000000e-02,2.620885328e-02,8.900512953e+01,7.345918949e+01,1.541669649e+01,1.292435503e-01
668,3.340000000e-02,2.627621207e-02,8.922569044e+01,7.359259002e+01,1.550317882e+01,1.299215991e-01
669,3.345000000e-02,2.634367104e-02,8.944632110e+01,7.372573881e+01,1.558998114e+01,1.306011611e-01
670,3.350000000e-02,2.641123189e-02,8.966702055e+01,7.385863158e+01,1.567710672e+01,1.312822509e-01
671,3.355000000e-02,2.647889568e-02,8.988778782e+01,7.399125761e+01,1.576456533e+01,1.319648843e-01
672,3.360000000e-02,2.654666607e-02,9.010862194e+01,7.412362245e+01,1.585235010e+01,1.326493846e-01
673,3.365000000e-02,2.661453984e-02,9.032952190e+01,7.425573230e+01,1.594045384e+01,1.333357678e-01
674,3.370000000e-02,2.668251416e-02,9.055048676e+01,7.438758640e+01,1.602887636e+01,1.340239963e-01
675,3.375000000e-02,2.675058898e-02,9.077151555e+01,7.451918584e+01,1.611761565e+01,1.347140633e-01
676,3.380000000e-02,2.681876368e-02,9.099260732e+01,7.465052516e+01,1.620667620e+01,1.354059652e-01
677,3.385000000e-02,2.688704009e-02,9.121376114e+01,7.478162238e+01,1.629603880e+01,1.360999552e-01
678,3.390000000e-02,2.695541034e-02,9.143497606e+01,7.491249352e+01,1.638568664e+01,1.367959000e-01
679,3.395000000e-02,2.702386858e-02,9.165625122e+01,7.504312956e+01,1.647562807e+01,1.374935948e-01
680,3.400000000e-02,2.709241874e-02,9.187758576e+01,7.517352092e+01,1.656587154e+01,1.381933055e-01
681,3.405000000e-02,2.716106366e-02,9.209897880e+01,7.530365656e+01,1.665642694e+01,1.388952942e-01
682,3.410000000e-02,2.722980692e-02,9.232042942e+01,7.543352899e+01,1.674730056e+01,1.395998708e-01
683,3.415000000e-02,2.729865041e-02,9.254193670e+01,7.556313165e+01,1.683849764e+01,1.403074081e-01
684,3.420000000e-02,2.736759543e-02,9.276349969e+01,7.569245487e+01,1.693002651e+01,1.410183147e-01
685,3.425000000e-02,2.743664376e-02,9.298511740e+01,7.582148539e+01,1.702189932e+01,1.417326909e-01
686,3.430000000e-02,2.750579943e-02,9.320678886e+01,7.595021366e+01,1.711412447e+01,1.424507360e-01
687,3.435000000e-02,2.757506545e-02,9.342851303e+01,7.607864626e+01,1.720669403e+01,1.431727403e-01
688,3.440000000e-02,2.764443841e-02,9.365028888e+01,7.620679955e+01,1.729959049e+01,1.438988393e-01
689,3.445000000e-02,2.771391092e-02,9.387211543e+01,7.633464882e+01,1.739283777e+01,1.446288411e-01
690,3.450000000e-02,2.778349090e-02,9.409399168e+01,7.646217129e+01,1.748645767e+01,1.453627178e-01
691,3.455000000e-02,2.785318520e-02,9.431591657e+01,7.658933394e+01,1.758048208e+01,1.461005536e-01
692,3.460000000e-02,2.792300420e-02,9.453788897e+01,7.671612419e+01,1.767492229e+01,1.468424939e-01
693,3.465000000e-02,2.799295106e-02,9.475990767e+01,7.684252042e+01,1.776979882e+01,1.475884325e-01
694,3.470000000e-02,2.806303343e-02,9.498197143e+01,7.696851809e+01,1.786511474e+01,1.483386020e-01
695,3.475000000e-02,2.813325174e-02,9.520407898e+01,7.709412905e+01,1.796085697e+01,1.490929664e-01
696,3.480000000e-02,2.820360095e-02,9.542622907e+01,7.721936797e+01,1.805700988e+01,1.498512141e-01
697,3.485000000e-02,2.827407554e-02,9.564842046e+01,7.734422178e+01,1.815358567e+01,1.506130144e-01
698,3.490000000e-02,2.834467928e-02,9.587065197e+01,7.746869264e+01,1.825058115e+01,1.513781807e-01
699,3.495000000e-02,2.841541021e-02,9.609292237e+01,7.759280668e+01,1.834796939e+01,1.521462979e-01
700,3.500000000e-02,2.848625908e-02,9.631523049e+01,7.771655432e+01,1.844575929e+01,1.529168812e-01
701,3.505000000e-02,2.855723101e-02,9.653757519e+01,7.783994340e+01,1.854394162e+01,1.536901694e-01
702,3.510000000e-02,2.862832185e-02,9.675995532e+01,7.796298897e+01,1.864250043e+01,1.544659156e-01
703,3.515000000e-02,2.869952628e-02,9.698236979e+01,7.808568511e+01,1.874144091e+01,1.552437725e-01
704,3.520000000e-02,2.877084733e-02,9.720481751e+01,7.820802540e+01,1.884076820e+01,1.560239129e-01
705,3.525000000e-02,2.884228687e-02,9.742729738e+01,7.833003221e+01,1.894045866e+01,1.568065113e-01
706,3.530000000e-02,2.891383595e-02,9.764980833e+01,7.845172221e+01,1.904049490e+01,1.575912141e-01
707,3.535000000e-02,2.898548918e-02,9.787234934e+01,7.857309254e+01,1.914087893e+01,1.583778747e-01
708,3.540000000e-02,2.905724827e-02,9.809491944e+01,7.869413449e+01,1.924161821e+01,1.591667385e-01
709,3.545000000e-02,2.912911617e-02,9.831751761e+01,7.881487632e+01,1.934268323e+01,1.599580622e-01
710,3.550000000e-02,2.920108144e-02,9.854014290e+01,7.893532817e+01,1.944406316e+01,1.607515795e-01
711,3.555000000e-02,2.927314158e-02,9.876279440e+01,7.905548603e+01,1.954576096e+01,1.615474020e-01
712,3.560000000e-02,2.934529826e-02,9.898547120e+01,7.917536244e+01,1.964776299e+01,1.623457615e-01
713,3.565000000e-02,2.941754615e-02,9.920817242e+01,7.929496015e+01,1.975006562e+01,1.631466454e-01
714,3.570000000e-02,2.948988461e-02,9.943089721e+01,7.941426353e+01,1.985268333e+01,1.639503444e-01
715,3.575000000e-02,2.956231881e-02,9.965364470e+01,7.953321881e+01,1.995566854e+01,1.647573444e-01
716,3.580000000e-02,2.963486533e-02,9.987641391e+01,7.965179291e+01,2.005905265e+01,1.655683526e-01
717,3.585000000e-02,2.970753110e-02,1.000992038e+02,7.976999112e+01,2.016282930e+01,1.663833583e-01
718,3.590000000e-02,2.978031303e-02,1.003220132e+02,7.988782565e+01,2.026698539e+01,1.672021414e-01
719,3.595000000e-02,2.985320749e-02,1.005448410e+02,8.000528478e+01,2.037153148e+01,1.680247678e-01
720,3.600000000e-02,2.992621965e-02,1.007676862e+02,8.012234949e+01,2.047648487e+01,1.688518839e-01
721,3.605000000e-02,2.999935567e-02,1.009905477e+02,8.023897630e+01,2.058188691e+01,1.696844830e-01
722,3.610000000e-02,3.007262611e-02,1.012134242e+02,8.035508085e+01,2.068782056e+01,1.705227796e-01
723,3.615000000e-02,3.014605565e-02,1.014363143e+02,8.047064246e+01,2.079430509e+01,1.713668000e-01
724,3.620000000e-02,3.021964805e-02,1.016592167e+02,8.058567744e+01,2.090132335e+01,1.722158626e-01
725,3.625000000e-02,3.029339787e-02,1.018821296e+02,8.070022093e+01,2.100883934e+01,1.730693283e-01
726,3.630000000e-02,3.036729369e-02,1.021050517e+02,8.081428012e+01,2.111684517e+01,1.739264618e-01
727,3.635000000e-02,3.044133521e-02,1.023279817e+02,8.092784565e+01,2.122534886e+01,1.747872194e-01
728,3.640000000e-02,3.051552665e-02,1.025509182e+02,8.104092849e+01,2.133433783e+01,1.756518643e-01
729,3.645000000e-02,3.058986279e-02,1.027738597e+02,8.115355147e+01,2.144378813e+01,1.765201265e-01
730,3.650000000e-02,3.066433515e-02,1.029968051e+02,8.126571929e+01,2.155369418e+01,1.773916013e-01
731,3.655000000e-02,3.073894311e-02,1.032197529e+02,8.137743399e+01,2.166405263e+01,1.782663218e-01
732,3.660000000e-02,3.081368545e-02,1.034427021e+02,8.148873091e+01,2.177482688e+01,1.791442905e-01
733,3.665000000e-02,3.088854855e-02,1.036656513e+02,8.159964506e+01,2.188598140e+01,1.800248464e-01
734,3.670000000e-02,3.096352145e-02,1.038885995e+02,8.171019152e+01,2.199750047e+01,1.809075173e-01
735,3.675000000e-02,3.103860055e-02,1.041115457e+02,8.182035592e+01,2.210939736e+01,1.817924069e-01
736,3.680000000e-02,3.111379092e-02,1.043344888e+02,8.193014877e+01,2.222166026e+01,1.826797737e-01
737,3.685000000e-02,3.118908697e-02,1.045574279e+02,8.203957551e+01,2.233428312e+01,1.835692267e-01
738,3.690000000e-02,3.126448717e-02,1.047803618e+02,8.214862965e+01,2.244727155e+01,1.844606527e-01
739,3.695000000e-02,3.133999427e-02,1.050032898e+02,8.225729523e+01,2.256064025e+01,1.853543056e-01
740,3.700000000e-02,3.141561349e-02,1.052262107e+02,8.236557456e+01,2.267438541e+01,1.862506878e-01
741,3.705000000e-02,3.149134196e-02,1.054491234e+02,8.247343919e+01,2.278853456e+01,1.871496796e-01
742,3.710000000e-02,3.156719055e-02,1.056720270e+02,8.258089132e+01,2.290308395e+01,1.880517863e-01
743,3.715000000e-02,3.164315627e-02,1.058949204e+02,8.268795324e+01,2.301801014e+01,1.889570327e-01
744,3.720000000e-02,3.171923038e-02,1.061178025e+02,8.279464744e+01,2.313328993e+01,1.898651008e-01
745,3.725000000e-02,3.179540557e-02,1.063406722e+02,8.290098858e+01,2.324890790e+01,1.907757526e-01
746,3.730000000e-02,3.187167669e-02,1.065635288e+02,8.300698432e+01,2.336485562e+01,1.916888236e-01
747,3.735000000e-02,3.194804141e-02,1.067863712e+02,8.311263542e+01,2.348113138e+01,1.926043534e-01
748,3.740000000e-02,3.202450012e-02,1.070091985e+02,8.321792831e+01,2.359774750e+01,1.935227059e-01
749,3.745000000e-02,3.210105704e-02,1.072320100e+02,8.332284194e+01,2.371472386e+01,1.944441765e-01
750,3.750000000e-02,3.217771900e-02,1.074548045e+02,8.342735804e+01,2.383207715e+01,1.953693483e-01
751,3.755000000e-02,3.225449034e-02,1.076775813e+02,8.353144804e+01,2.394983461e+01,1.962986133e-01
752,3.760000000e-02,3.233137942e-02,1.079003390e+02,8.363510444e+01,2.406800209e+01,1.972325228e-01
753,3.765000000e-02,3.240838678e-02,1.081230768e+02,8.373832870e+01,2.418657692e+01,1.981712151e-01
754,3.770000000e-02,3.248551100e-02,1.083457935e+02,8.384112278e+01,2.430555586e+01,1.991148598e-01
755,3.775000000e-02,3.256274943e-02,1.085684880e+02,8.394348557e+01,2.442493903e+01,2.000633669e-01
756,3.780000000e-02,3.264010263e-02,1.087911592e+02,8.404540473e+01,2.454473745e+01,2.010169744e-01
757,3.785000000e-02,3.271757466e-02,1.090138059e+02,8.414687685e+01,2.466495297e+01,2.019761257e-01
758,3.790000000e-02,3.279516403e-02,1.092364272e+02,8.424791088e+01,2.478557551e+01,2.029408549e-01
759,3.795000000e-02,3.287286595e-02,1.094590219e+02,8.434849088e+01,2.490661994e+01,2.039111267e-01
760,3.800000000e-02,3.295068634e-02,1.096815889e+02,8.444856898e+01,2.502813268e+01,2.048872635e-01
761,3.805000000e-02,3.302864104e-02,1.099041270e+02,8.454811214e+01,2.515014479e+01,2.058700767e-01
762,3.810000000e-02,3.310673840e-02,1.101266349e+02,8.464710490e+01,2.527266991e+01,2.068600831e-01
763,3.815000000e-02,3.318498043e-02,1.103491113e+02,8.474552620e+01,2.539572769e+01,2.078573729e-01
764,3.820000000e-02,3.326337284e-02,1.105715547e+02,8.484335182e+01,2.551934065e+01,2.088622177e-01
765,3.825000000e-02,3.334192266e-02,1.107939637e+02,8.494058125e+01,2.564350748e+01,2.098750080e-01
766,3.830000000e-02,3.342062789e-02,1.110163369e+02,8.503723223e+01,2.576820906e+01,2.108956534e-01
767,3.835000000e-02,3.349948190e-02,1.112386729e+02,8.513329764e+01,2.589345118e+01,2.119240504e-01
768,3.840000000e-02,3.357848747e-02,1.114609701e+02,8.522877939e+01,2.601923018e+01,2.129605081e-01
769,3.845000000e-02,3.365764191e-02,1.116832272e+02,8.532367747e+01,2.614554458e+01,2.140050977e-01
770,3.850000000e-02,3.373694480e-02,1.119054427e+02,8.541797859e+01,2.627240612e+01,2.150579577e-01
771,3.855000000e-02,3.381640060e-02,1.121276152e+02,8.551166887e+01,2.639982680e+01,2.161195357e-01
772,3.860000000e-02,3.389601303e-02,1.123497433e+02,8.560474744e+01,2.652780572e+01,2.171901466e-01
773,3.865000000e-02,3.397578137e-02,1.125718255e+02,8.569718588e+01,2.665636939e+01,2.182702171e-01
774,3.870000000e-02,3.405571415e-02,1.127938603e+02,8.578895130e+01,2.678554837e+01,2.193605874e-01
775,3.875000000e-02,3.413581796e-02,1.130158460e+02,8.588003049e+01,2.691535403e+01,2.204615099e-01
776,3.880000000e-02,3.421609610e-02,1.132377812e+02,8.597038992e+01,2.704581790e+01,2.215733499e-01
777,3.885000000e-02,3.429656040e-02,1.134596640e+02,8.606003239e+01,2.717693444e+01,2.226971697e-01
778,3.890000000e-02,3.437720659e-02,1.136814928e+02,8.614895110e+01,2.730870835e+01,2.238333416e-01
779,3.895000000e-02,3.445803431e-02,1.139032658e+02,8.623714023e+01,2.744114349e+01,2.249821182e-01
780,3.900000000e-02,3.453904352e-02,1.141249814e+02,8.632458629e+01,2.757425120e+01,2.261439178e-01
781,3.905000000e-02,3.462023681e-02,1.143466377e+02,8.641126919e+01,2.770804939e+01,2.273191666e-01
782,3.910000000e-02,3.470161854e-02,1.145682331e+02,8.649715107e+01,2.784257364e+01,2.285083742e-01
783,3.915000000e-02,3.478320061e-02,1.147897656e+02,8.658218658e+01,2.797786654e+01,2.297124501e-01
784,3.920000000e-02,3.486499616e-02,1.150112333e+02,8.666625973e+01,2.811404108e+01,2.309324458e-01
785,3.925000000e-02,3.494703396e-02,1.152326340e+02,8.674930494e+01,2.825116013e+01,2.321689108e-01
786,3.930000000e-02,3.502933189e-02,1.154539654e+02,8.683124177e+01,2.838930123e+01,2.334223955e-01
787,3.935000000e-02,3.511191037e-02,1.156752249e+02,8.691203934e+01,2.852849260e+01,2.346930046e-01
788,3.940000000e-02,3.519477767e-02,1.158964099e+02,8.699170301e+01,2.866872609e+01,2.359808393e-01
789,3.945000000e-02,3.527792943e-02,1.161175177e+02,8.707024344e+01,2.880998867e+01,2.372855925e-01
790,3.950000000e-02,3.536136143e-02,1.163385455e+02,8.714767061e+01,2.895226795e+01,2.386069720e-01
791,3.955000000e-02,3.544506942e-02,1.165594908e+02,8.722399772e+01,2.909554839e+01,2.399447080e-01
792,3.960000000e-02,3.552904749e-02,1.167803510e+02,8.729924991e+01,2.923980277e+01,2.412982751e-01
793,3.965000000e-02,3.561328685e-02,1.170011234e+02,8.737344089e+01,2.938501534e+01,2.426672039e-01
794,3.970000000e-02,3.569778483e-02,1.172218057e+02,8.744655386e+01,2.953120043e+01,2.440514491e-01
795,3.975000000e-02,3.578254863e-02,1.174423954e+02,8.751853283e+01,2.967841101e+01,2.454515886e-01
796,3.980000000e-02,3.586759102e-02,1.176628899e+02,8.758931613e+01,2.982670589e+01,2.468679077e-01
797,3.985000000e-02,3.595292750e-02,1.178832866e+02,8.765882215e+01,2.997616408e+01,2.483003328e-01
798,3.990000000e-02,3.603857876e-02,1.181035825e+02,8.772701195e+01,3.012682209e+01,2.497484163e-01
799,3.995000000e-02,3.612455568e-02,1.183237746e+02,8.779389260e+01,3.027867042e+01,2.512115979e-01
800,4.000000000e-02,3.621085426e-02,1.185438600e+02,8.785950160e+01,3.043166962e+01,2.526887791e-01
801,4.005000000e-02,3.629746192e-02,1.187638357e+02,8.792387263e+01,3.058578442e+01,2.541786138e-01
802,4.010000000e-02,3.638436926e-02,1.189836987e+02,8.798705944e+01,3.074095942e+01,2.556798747e-01
803,4.015000000e-02,3.647155990e-02,1.192034465e+02,8.804912266e+01,3.089713262e+01,2.571911896e-01
804,4.020000000e-02,3.655901626e-02,1.194230763e+02,8.811010309e+01,3.105426187e+01,2.587113332e-01
805,4.025000000e-02,3.664672800e-02,1.196425857e+02,8.817002387e+01,3.121232241e+01,2.602394526e-01
806,4.030000000e-02,3.673468922e-02,1.198619724e+02,8.822890351e+01,3.137129423e+01,2.617746986e-01
807,4.035000000e-02,3.682289575e-02,1.200812341e+02,8.828676037e+01,3.153115720e+01,2.633165315e-01
808,4.040000000e-02,3.691134310e-02,1.203003685e+02,8.834361634e+01,3.169188766e+01,2.648644647e-01
809,4.045000000e-02,3.700002524e-02,1.205193733e+02,8.839949860e+01,3.185345665e+01,2.664181070e-01
810,4.050000000e-02,3.708893383e-02,1.207382466e+02,8.845445132e+01,3.201581867e+01,2.679766359e-01
811,4.055000000e-02,3.717805473e-02,1.209569863e+02,8.850849694e+01,3.217895022e+01,2.695391013e-01
812,4.060000000e-02,3.726738397e-02,1.211755903e+02,8.856167143e+01,3.234281380e+01,2.711050955e-01
813,4.065000000e-02,3.735691013e-02,1.213940570e+02,8.861403634e+01,3.250734666e+01,2.726739474e-01
814,4.070000000e-02,3.744661333e-02,1.216123844e+02,8.866563136e+01,3.267250859e+01,2.742444720e-01
815,4.075000000e-02,3.753648377e-02,1.218305711e+02,8.871649360e+01,3.283826128e+01,2.758162560e-01
816,4.080000000e-02,3.762651076e-02,1.220486156e+02,8.876663838e+01,3.300458856e+01,2.773886433e-01
817,4.085000000e-02,3.771669223e-02,1.222665163e+02,8.881608102e+01,3.317147376e+01,2.789615635e-01
818,4.090000000e-02,3.780702362e-02,1.224842720e+02,8.886482564e+01,3.333891160e+01,2.805347763e-01
819,4.095000000e-02,3.789750563e-02,1.227018813e+02,8.891289718e+01,3.350687572e+01,2.821083564e-01
820,4.100000000e-02,3.798812998e-02,1.229193427e+02,8.896031943e+01,3.367534135e+01,2.836819580e-01
821,4.105000000e-02,3.807889010e-02,1.231366552e+02,8.900710809e+01,3.384429163e+01,2.852554843e-01
822,4.110000000e-02,3.816978176e-02,1.233538175e+02,8.905325559e+01,3.401373285e+01,2.868290174e-01
823,4.115000000e-02,3.826080923e-02,1.235708283e+02,8.909878024e+01,3.418364505e+01,2.884030186e-01
824,4.120000000e-02,3.835196422e-02,1.237876866e+02,8.914372071e+01,3.435398865e+01,2.899772343e-01
825,4.125000000e-02,3.844323405e-02,1.240043912e+02,8.918812357e+01,3.452471641e+01,2.915512390e-01
826,4.130000000e-02,3.853460492e-02,1.242209412e+02,8.923198028e+01,3.469583620e+01,2.931246905e-01
827,4.135000000e-02,3.862608011e-02,1.244373355e+02,8.927527055e+01,3.486736726e+01,2.946977189e-01
828,4.140000000e-02,3.871766508e-02,1.246535733e+02,8.931796398e+01,3.503933902e+01,2.962703283e-01
829,4.145000000e-02,3.880936920e-02,1.248696535e+02,8.936003539e+01,3.521177535e+01,2.978427890e-01
830,4.150000000e-02,3.890119973e-02,1.250855750e+02,8.940147215e+01,3.538468748e+01,2.994154043e-01
831,4.155000000e-02,3.899315818e-02,1.253013367e+02,8.944228193e+01,3.555806713e+01,3.009876771e-01
832,4.160000000e-02,3.908524261e-02,1.255169375e+02,8.948245955e+01,3.573191854e+01,3.025593894e-01
833,4.165000000e-02,3.917745636e-02,1.257323761e+02,8.952201415e+01,3.590623106e+01,3.041309150e-01
834,4.170000000e-02,3.926979442e-02,1.259476516e+02,8.956096223e+01,3.608098768e+01,3.057016683e-01
835,4.175000000e-02,3.936225148e-02,1.261627627e+02,8.959933368e+01,3.625615791e+01,3.072711426e-01
836,4.180000000e-02,3.945481849e-02,1.263777086e+02,8.963718312e+01,3.643168670e+01,3.088387657e-01
837,4.185000000e-02,3.954747801e-02,1.265924882e+02,8.967454724e+01,3.660753746e+01,3.104035043e-01
838,4.190000000e-02,3.964022193e-02,1.268071008e+02,8.971144548e+01,3.678369049e+01,3.119648199e-01
839,4.195000000e-02,3.973304670e-02,1.270215456e+02,8.974786635e+01,3.696015680e+01,3.135224462e-01
840,4.200000000e-02,3.982596009e-02,1.272358219e+02,8.978380814e+01,3.713693656e+01,3.150772120e-01
841,4.205000000e-02,3.991896095e-02,1.274499290e+02,8.981929436e+01,3.731400561e+01,3.166290110e-01
842,4.210000000e-02,4.001204203e-02,1.276638661e+02,8.985433715e+01,3.749135142e+01,3.181775275e-01
843,4.215000000e-02,4.010520136e-02,1.278776326e+02,8.988893387e+01,3.766897567e+01,3.197230693e-01
844,4.220000000e-02,4.019844011e-02,1.280912279e+02,8.992308326e+01,3.784687861e+01,3.212659824e-01
845,4.225000000e-02,4.029175759e-02,1.283046512e+02,8.995680949e+01,3.802503544e+01,3.228062488e-01
846,4.230000000e-02,4.038514455e-02,1.285179020e+02,8.999015483e+01,3.820340369e+01,3.243434302e-01
847,4.235000000e-02,4.047858747e-02,1.287309796e+02,9.002315756e+01,3.838194514e+01,3.258769423e-01
848,4.240000000e-02,4.057207556e-02,1.289438838e+02,9.005583378e+01,3.856064356e+01,3.274064674e-01
849,4.245000000e-02,4.066560663e-02,1.291566140e+02,9.008817417e+01,3.873950789e+01,3.289319911e-01
850,4.250000000e-02,4.075918652e-02,1.293691700e+02,9.012016805e+01,3.891854794e+01,3.304540238e-01
851,4.255000000e-02,4.085281873e-02,1.295815513e+02,9.015179876e+01,3.909777942e+01,3.319731162e-01
852,4.260000000e-02,4.094650703e-02,1.297937575e+02,9.018305026e+01,3.927721767e+01,3.334895402e-01
853,4.265000000e-02,4.104025580e-02,1.300057881e+02,9.021389409e+01,3.945689027e+01,3.350037350e-01
854,4.270000000e-02,4.113407440e-02,1.302176426e+02,9.024432779e+01,3.963679823e+01,3.365166005e-01
855,4.275000000e-02,4.122796026e-02,1.304293205e+02,9.027436406e+01,3.981692828e+01,3.380282043e-01
856,4.280000000e-02,4.132190859e-02,1.306408213e+02,9.030402157e+01,3.999726140e+01,3.395383179e-01
857,4.285000000e-02,4.141591385e-02,1.308521444e+02,9.033333181e+01,4.017776560e+01,3.410469817e-01
858,4.290000000e-02,4.150996582e-02,1.310632894e+02,9.036228292e+01,4.035845241e+01,3.425540752e-01
859,4.295000000e-02,4.160406835e-02,1.312742559e+02,9.039082481e+01,4.053937106e+01,3.440600569e-01
860,4.300000000e-02,4.169823262e-02,1.314850435e+02,9.041888581e+01,4.072059277e+01,3.455648830e-01
861,4.305000000e-02,4.179248098e-02,1.316956514e+02,9.044645461e+01,4.090212789e+01,3.470689184e-01
862,4.310000000e-02,4.188681289e-02,1.319060791e+02,9.047352134e+01,4.108398607e+01,3.485716459e-01
863,4.315000000e-02,4.198123376e-02,1.321163257e+02,9.050008404e+01,4.126616846e+01,3.500731602e-01
864,4.320000000e-02,4.207574403e-02,1.323263905e+02,9.052615512e+01,4.144866192e+01,3.515734232e-01
865,4.325000000e-02,4.217033933e-02,1.325362728e+02,9.055175155e+01,4.163144921e+01,3.530719932e-01
866,4.330000000e-02,4.226501551e-02,1.327459718e+02,9.057687528e+01,4.181452774e+01,3.545687949e-01
867,4.335000000e-02,4.235977294e-02,1.329554870e+02,9.060153454e+01,4.199788863e+01,3.560638133e-01
868,4.340000000e-02,4.245460872e-02,1.331648176e+02,9.062575065e+01,4.218151014e+01,3.575568166e-01
869,4.345000000e-02,4.254951516e-02,1.333739631e+02,9.064955029e+01,4.236536557e+01,3.590472026e-01
870,4.350000000e-02,4.264448453e-02,1.335829228e+02,9.067295515e+01,4.254943298e+01,3.605346469e-01
871,4.355000000e-02,4.273951104e-02,1.337916963e+02,9.069596742e+01,4.273370991e+01,3.620189306e-01
872,4.360000000e-02,4.283459446e-02,1.340002830e+02,9.071858931e+01,4.291819418e+01,3.634995224e-01
873,4.365000000e-02,4.292973613e-02,1.342086826e+02,9.074083081e+01,4.310287538e+01,3.649764041e-01
874,4.370000000e-02,4.302493366e-02,1.344168945e+02,9.076270600e+01,4.328773930e+01,3.664492389e-01
875,4.375000000e-02,4.312018492e-02,1.346249184e+02,9.078422617e+01,4.347277454e+01,3.679177061e-01
876,4.380000000e-02,4.321548836e-02,1.348327538e+02,9.080540894e+01,4.365796283e+01,3.693820606e-01
877,4.385000000e-02,4.331083763e-02,1.350404004e+02,9.082627098e+01,4.384328719e+01,3.708422496e-01
878,4.390000000e-02,4.340622839e-02,1.352478579e+02,9.084683316e+01,4.402872640e+01,3.722983136e-01
879,4.395000000e-02,4.350165370e-02,1.354551259e+02,9.086709627e+01,4.421427981e+01,3.737498229e-01
880,4.400000000e-02,4.359711658e-02,1.356622043e+02,9.088705098e+01,4.439995615e+01,3.751971435e-01
881,4.405000000e-02,4.369262064e-02,1.358690927e+02,9.090671621e+01,4.458573556e+01,3.766409491e-01
882,4.410000000e-02,4.378815673e-02,1.360757910e+02,9.092614381e+01,4.477156629e+01,3.780808777e-01
883,4.415000000e-02,4.388370825e-02,1.362822989e+02,9.094536024e+01,4.495742244e+01,3.795162143e-01
884,4.420000000e-02,4.397927153e-02,1.364886164e+02,9.096436598e+01,4.514330352e+01,3.809468970e-01
885,4.425000000e-02,4.407484936e-02,1.366947434e+02,9.098316714e+01,4.532920276e+01,3.823735241e-01
886,4.430000000e-02,4.417043908e-02,1.369006800e+02,9.100176237e+01,4.551512134e+01,3.837962402e-01
887,4.435000000e-02,4.426604353e-02,1.371064259e+02,9.102015050e+01,4.570105973e+01,3.852157098e-01
888,4.440000000e-02,4.436166220e-02,1.373119814e+02,9.103832418e+01,4.588702482e+01,3.866323617e-01
889,4.445000000e-02,4.445729644e-02,1.375173461e+02,9.105628127e+01,4.607301813e+01,3.880467452e-01
890,4.450000000e-02,4.455294587e-02,1.377225202e+02,9.107400824e+01,4.625905271e+01,3.894592905e-01
891,4.455000000e-02,4.464861480e-02,1.379275036e+02,9.109145614e+01,4.644517692e+01,3.908705220e-01
892,4.460000000e-02,4.474431902e-02,1.381322960e+02,9.110860220e+01,4.663141267e+01,3.922811613e-01
893,4.465000000e-02,4.484005875e-02,1.383368974e+02,9.112545595e+01,4.681775041e+01,3.936909955e-01
894,4.470000000e-02,4.493582943e-02,1.385413073e+02,9.114202166e+01,4.700418569e+01,3.950999644e-01
895,4.475000000e-02,4.503162777e-02,1.387455257e+02,9.115827328e+01,4.719074455e+01,3.965078600e-01
896,4.480000000e-02,4.512746097e-02,1.389495522e+02,9.117418322e+01,4.737745451e+01,3.979145138e-01
897,4.485000000e-02,4.522333731e-02,1.391533867e+02,9.118972575e+01,4.756434092e+01,3.993199814e-01
898,4.490000000e-02,4.531926472e-02,1.393570286e+02,9.120486995e+01,4.775143408e+01,4.007245455e-01
899,4.495000000e-02,4.541525386e-02,1.395604776e+02,9.121967538e+01,4.793867339e+01,4.021288061e-01
900,4.500000000e-02,4.551128864e-02,1.397637333e+02,9.123417993e+01,4.812602262e+01,4.035307145e-01
901,4.505000000e-02,4.560735847e-02,1.399667954e+02,9.124839344e+01,4.831347205e+01,4.049298729e-01
902,4.510000000e-02,4.570346183e-02,1.401696636e+02,9.126229540e+01,4.850104172e+01,4.063265311e-01
903,4.515000000e-02,4.579960384e-02,1.403723379e+02,9.127587645e+01,4.868874060e+01,4.077208264e-01
904,4.520000000e-02,4.589578630e-02,1.405748178e+02,9.128914175e+01,4.887656329e+01,4.091127292e-01
905,4.525000000e-02,4.599200665e-02,1.407771031e+02,9.130211431e+01,4.906448670e+01,4.105020586e-01
906,4.530000000e-02,4.608825693e-02,1.409791935e+02,9.131482312e+01,4.925248204e+01,4.118883502e-01
907,4.535000000e-02,4.618452934e-02,1.411810889e+02,9.132725489e+01,4.944056284e+01,4.132712183e-01
908,4.540000000e-02,4.628083175e-02,1.413827892e+02,9.133937374e+01,4.962876423e+01,4.146512000e-01
909,4.545000000e-02,4.637717504e-02,1.415842940e+02,9.135117466e+01,4.981709064e+01,4.160286842e-01
910,4.550000000e-02,4.647355783e-02,1.417856031e+02,9.136267734e+01,5.000552227e+01,4.174035157e-01
911,4.555000000e-02,4.656997450e-02,1.419867163e+02,9.137390278e+01,5.019403792e+01,4.187756331e-01
912,4.560000000e-02,4.666641984e-02,1.421876334e+02,9.138484980e+01,5.038263840e+01,4.201452170e-01
913,4.565000000e-02,4.676289530e-02,1.423883542e+02,9.139552942e+01,5.057131215e+01,4.215126191e-01
914,4.570000000e-02,4.685939673e-02,1.425888785e+02,9.140597026e+01,5.076003048e+01,4.228777415e-01
915,4.575000000e-02,4.695591508e-02,1.427892062e+02,9.141618049e+01,5.094878531e+01,4.242403595e-01
916,4.580000000e-02,4.705245168e-02,1.429893372e+02,9.142609984e+01,5.113763636e+01,4.256009820e-01
917,4.585000000e-02,4.714902171e-02,1.431892714e+02,9.143567747e+01,5.132663372e+01,4.269601709e-01
918,4.590000000e-02,4.724563418e-02,1.433890084e+02,9.144493092e+01,5.151575978e+01,4.283177433e-01
919,4.595000000e-02,4.734228097e-02,1.435885482e+02,9.145389743e+01,5.170497770e+01,4.296730162e-01
920,4.600000000e-02,4.743895247e-02,1.437878902e+02,9.146256031e+01,5.189430452e+01,4.310254129e-01
921,4.605000000e-02,4.753566139e-02,1.439870345e+02,9.147087655e+01,5.208378210e+01,4.323758491e-01
922,4.610000000e-02,4.763242063e-02,1.441859806e+02,9.147882384e+01,5.227343173e+01,4.337250796e-01
923,4.615000000e-02,4.772923468e-02,1.443847283e+02,9.148642733e+01,5.246322755e+01,4.350734543e-01
924,4.620000000e-02,4.782609211e-02,1.445832772e+02,9.149372652e+01,5.265313012e+01,4.364205968e-01
925,4.625000000e-02,4.792298216e-02,1.447816271e+02,9.150072689e+01,5.284313380e+01,4.377663630e-01
926,4.630000000e-02,4.801990733e-02,1.449797776e+02,9.150745181e+01,5.303321457e+01,4.391112006e-01
927,4.635000000e-02,4.811685935e-02,1.451777286e+02,9.151391015e+01,5.322336326e+01,4.404552100e-01
928,4.640000000e-02,4.821383540e-02,1.453754800e+02,9.152009454e+01,5.341358688e+01,4.417986034e-01
929,4.645000000e-02,4.831083680e-02,1.455730316e+02,9.152599140e+01,5.360389878e+01,4.431414646e-01
930,4.650000000e-02,4.840786649e-02,1.457703833e+02,9.153159349e+01,5.379430587e+01,4.444839332e-01
931,4.655000000e-02,4.850492623e-02,1.459675348e+02,9.153688214e+01,5.398482631e+01,4.458263203e-01
932,4.660000000e-02,4.860202198e-02,1.461644859e+02,9.154186210e+01,5.417545472e+01,4.471690374e-01
933,4.665000000e-02,4.869914916e-02,1.463612363e+02,9.154651697e+01,5.436620734e+01,4.485120196e-01
934,4.670000000e-02,4.879631154e-02,1.465577859e+02,9.155080930e+01,5.455712127e+01,4.498553451e-01
935,4.675000000e-02,4.889352385e-02,1.467541343e+02,9.155468763e+01,5.474824680e+01,4.511998951e-01
936,4.680000000e-02,4.899080113e-02,1.469502811e+02,9.155813419e+01,5.493960046e+01,4.525464891e-01
937,4.685000000e-02,4.908814384e-02,1.471462259e+02,9.156127970e+01,5.513105094e+01,4.538952662e-01
938,4.690000000e-02,4.918551973e-02,1.473419683e+02,9.156413139e+01,5.532259225e+01,4.552446171e-01
939,4.695000000e-02,4.928292749e-02,1.475375080e+02,9.156669160e+01,5.551422157e+01,4.565948266e-01
940,4.700000000e-02,4.938036427e-02,1.477328449e+02,9.156891329e+01,5.570598546e+01,4.579461774e-01
941,4.705000000e-02,4.947784163e-02,1.479279788e+02,9.157077118e+01,5.589790847e+01,4.592991715e-01
942,4.710000000e-02,4.957536452e-02,1.481229093e+02,9.157223698e+01,5.609001852e+01,4.606538518e-01
943,4.715000000e-02,4.967293991e-02,1.483176361e+02,9.157329720e+01,5.628232862e+01,4.620103217e-01
944,4.720000000e-02,4.977057243e-02,1.485121588e+02,9.157394148e+01,5.647484827e+01,4.633690367e-01
945,4.725000000e-02,4.986826278e-02,1.487064769e+02,9.157419031e+01,5.666755664e+01,4.647299019e-01
946,4.730000000e-02,4.996600050e-02,1.489005899e+02,9.157405773e+01,5.686043974e+01,4.660924423e-01
947,4.735000000e-02,5.006378323e-02,1.490944976e+02,9.157353144e+01,5.705350942e+01,4.674567016e-01
948,4.740000000e-02,5.016161678e-02,1.492881994e+02,9.157257693e+01,5.724679953e+01,4.688229658e-01
949,4.745000000e-02,5.025951346e-02,1.494816951e+02,9.157116400e+01,5.744033925e+01,4.701918165e-01
950,4.750000000e-02,5.035748157e-02,1.496749840e+02,9.156924541e+01,5.763417470e+01,4.715638962e-01
951,4.755000000e-02,5.045553480e-02,1.498680656e+02,9.156679538e+01,5.782833028e+01,4.729399704e-01
952,4.760000000e-02,5.055367446e-02,1.500609393e+02,9.156383445e+01,5.802278479e+01,4.743200485e-01
953,4.765000000e-02,5.065189163e-02,1.502536043e+02,9.156046026e+01,5.821744025e+01,4.757038238e-01
954,4.770000000e-02,5.075016422e-02,1.504460602e+02,9.155666488e+01,5.841230441e+01,4.770909509e-01
955,4.775000000e-02,5.084849243e-02,1.506383065e+02,9.155243236e+01,5.860739263e+01,4.784815512e-01
956,4.780000000e-02,5.094688232e-02,1.508303428e+02,9.154776028e+01,5.880270643e+01,4.798760876e-01
957,4.785000000e-02,5.104533330e-02,1.510221685e+02,9.154264453e+01,5.899824894e+01,4.812750698e-01
958,4.790000000e-02,5.114384675e-02,1.512137833e+02,9.153706270e+01,5.919404138e+01,4.826791761e-01
959,4.795000000e-02,5.124242656e-02,1.514051865e+02,9.153101036e+01,5.939008708e+01,4.840890235e-01
960,4.800000000e-02,5.134107007e-02,1.515963776e+02,9.152448313e+01,5.958638957e+01,4.855048953e-01
961,4.805000000e-02,5.143977955e-02,1.517873561e+02,9.151746387e+01,5.978296482e+01,4.869274298e-01
962,4.810000000e-02,5.153856123e-02,1.519781215e+02,9.150989720e+01,5.997986682e+01,4.883574565e-01
963,4.815000000e-02,5.163742926e-02,1.521686730e+02,9.150169120e+01,6.017718567e+01,4.897961563e-01
964,4.820000000e-02,5.173640978e-02,1.523590100e+02,9.149277206e+01,6.037499255e+01,4.912453583e-01
965,4.825000000e-02,5.183551927e-02,1.525491313e+02,9.148310354e+01,6.057332158e+01,4.927062193e-01
966,4.830000000e-02,5.193475974e-02,1.527390361e+02,9.147266804e+01,6.077218891e+01,4.941791211e-01
967,4.835000000e-02,5.203413234e-02,1.529287230e+02,9.146145016e+01,6.097160851e+01,4.956643773e-01
968,4.840000000e-02,5.213364061e-02,1.531181911e+02,9.144943775e+01,6.117159095e+01,4.971624046e-01
969,4.845000000e-02,5.223328493e-02,1.533074391e+02,9.143662081e+01,6.137214482e+01,4.986734370e-01
970,4.850000000e-02,5.233306924e-02,1.534964657e+02,9.142293413e+01,6.157333359e+01,5.001980085e-01
971,4.855000000e-02,5.243300788e-02,1.536852698e+02,9.140833460e+01,6.177519853e+01,5.017367001e-01
972,4.860000000e-02,5.253310980e-02,1.538738500e+02,9.139279873e+01,6.197776126e+01,5.032899956e-01
973,4.865000000e-02,5.263337814e-02,1.540622047e+02,9.137631847e+01,6.218102826e+01,5.048580150e-01
974,4.870000000e-02,5.273381431e-02,1.542503326e+02,9.135885958e+01,6.238503202e+01,5.064410350e-01
975,4.875000000e-02,5.283442813e-02,1.544382322e+02,9.134033460e+01,6.258985793e+01,5.080396275e-01
976,4.880000000e-02,5.293524184e-02,1.546259017e+02,9.132070005e+01,6.279554724e+01,5.096543820e-01
977,4.885000000e-02,5.303626461e-02,1.548133394e+02,9.129993106e+01,6.300212259e+01,5.112857564e-01
978,4.890000000e-02,5.313750139e-02,1.550005436e+02,9.127793692e+01,6.320967245e+01,5.129341755e-01
979,4.895000000e-02,5.323896840e-02,1.551875122e+02,9.125469770e+01,6.341821500e+01,5.145994589e-01
980,4.900000000e-02,5.334067007e-02,1.553742432e+02,9.123022493e+01,6.362773670e+01,5.162815686e-01
981,4.905000000e-02,5.344260210e-02,1.555607346e+02,9.120452146e+01,6.383823300e+01,5.179801485e-01
982,4.910000000e-02,5.354476789e-02,1.557469844e+02,9.117756740e+01,6.404972142e+01,5.196955392e-01
983,4.915000000e-02,5.364717286e-02,1.559329904e+02,9.114934776e+01,6.426221475e+01,5.214279133e-01
984,4.920000000e-02,5.374981855e-02,1.561187507e+02,9.111987136e+01,6.447570215e+01,5.231772106e-01
985,4.925000000e-02,5.385269989e-02,1.563042632e+02,9.108916777e+01,6.469015219e+01,5.249432506e-01
986,4.930000000e-02,5.395580761e-02,1.564895258e+02,9.105728996e+01,6.490551034e+01,5.267255521e-01
987,4.935000000e-02,5.405912540e-02,1.566745367e+02,9.102424089e+01,6.512177247e+01,5.285233503e-01
988,4.940000000e-02,5.416264987e-02,1.568592939e+02,9.098999618e+01,6.533896195e+01,5.303357889e-01
989,4.945000000e-02,5.426639057e-02,1.570437956e+02,9.095450517e+01,6.555712800e+01,5.321624542e-01
990,4.950000000e-02,5.437036626e-02,1.572280398e+02,9.091772619e+01,6.577630986e+01,5.340037682e-01
991,4.955000000e-02,5.447458695e-02,1.574120245e+02,9.087961556e+01,6.599654923e+01,5.358597163e-01
992,4.960000000e-02,5.457906385e-02,1.575957475e+02,9.084016555e+01,6.621785181e+01,5.377301824e-01
993,4.965000000e-02,5.468379553e-02,1.577792068e+02,9.079941147e+01,6.644018080e+01,5.396144894e-01
994,4.970000000e-02,5.478876793e-02,1.579624000e+02,9.075739384e+01,6.666349509e+01,5.415110997e-01
995,4.975000000e-02,5.489397251e-02,1.581453253e+02,9.071413442e+01,6.688777224e+01,5.434186524e-01
996,4.980000000e-02,5.499940852e-02,1.583279806e+02,9.066965884e+01,6.711298521e+01,5.453365602e-01
997,4.985000000e-02,5.510506851e-02,1.585103640e+02,9.062400801e+01,6.733909223e+01,5.472637694e-01
998,4.990000000e-02,5.521094022e-02,1.586924736e+02,9.057723576e+01,6.756603923e+01,5.491986535e-01
999,4.995000000e-02,5.531700975e-02,1.588743078e+02,9.052940397e+01,6.779376424e+01,5.511395692e-01
1000,5.000000000e-02,5.542326251e-02,1.590558648e+02,9.048058017e+01,6.802219967e+01,5.530849244e-01
1001,5.005000000e-02,5.552968186e-02,1.592371431e+02,9.043089955e+01,6.825121069e+01,5.550328809e-01
1002,5.010000000e-02,5.563623642e-02,1.594181416e+02,9.038045268e+01,6.848070817e+01,5.569807122e-01
1003,5.015000000e-02,5.574291183e-02,1.595988590e+02,9.032923300e+01,6.871069947e+01,5.589265446e-01
1004,5.020000000e-02,5.584971618e-02,1.597792945e+02,9.027723407e+01,6.894119036e+01,5.608700772e-01
1005,5.025000000e-02,5.595665191e-02,1.599594471e+02,9.022449064e+01,6.917214572e+01,5.628106955e-01
1006,5.030000000e-02,5.606370824e-02,1.601393157e+02,9.017106509e+01,6.940350350e+01,5.647471316e-01
1007,5.035000000e-02,5.617086900e-02,1.603188996e+02,9.011700617e+01,6.963521548e+01,5.666779879e-01
1008,5.040000000e-02,5.627812588e-02,1.604981981e+02,9.006237105e+01,6.986722483e+01,5.686021895e-01
1009,5.045000000e-02,5.638546566e-02,1.606772104e+02,9.000723371e+01,7.009945816e+01,5.705185198e-01
1010,5.050000000e-02,5.649287048e-02,1.608559361e+02,8.995168668e+01,7.033182390e+01,5.724255074e-01
1011,5.055000000e-02,5.660031661e-02,1.610343748e+02,8.989583221e+01,7.056422113e+01,5.743214936e-01
1012,5.060000000e-02,5.670777970e-02,1.612125265e+02,8.983975390e+01,7.079656751e+01,5.762050798e-01
1013,5.065000000e-02,5.681524245e-02,1.613903911e+02,8.978354234e+01,7.102877360e+01,5.780751598e-01
1014,5.070000000e-02,5.692268181e-02,1.615679689e+02,8.972728452e+01,7.126075413e+01,5.799302400e-01
1015,5.075000000e-02,5.703007982e-02,1.617452602e+02,8.967103148e+01,7.149245950e+01,5.817692609e-01
1016,5.080000000e-02,5.713743133e-02,1.619222657e+02,8.961479186e+01,7.172388197e+01,5.835918482e-01
1017,5.085000000e-02,5.724474096e-02,1.620989858e+02,8.955857963e+01,7.195500788e+01,5.853982769e-01
1018,5.090000000e-02,5.735200591e-02,1.622754212e+02,8.950241102e+01,7.218582160e+01,5.871885394e-01
1019,5.095000000e-02,5.745922442e-02,1.624515724e+02,8.944632092e+01,7.241628859e+01,5.889629429e-01
1020,5.100000000e-02,5.756638479e-02,1.626274403e+02,8.939035845e+01,7.264636070e+01,5.907211578e-01
1021,5.105000000e-02,5.767347424e-02,1.628030255e+02,8.933456314e+01,7.287599983e+01,5.924625595e-01
1022,5.110000000e-02,5.778048739e-02,1.629783289e+02,8.927895741e+01,7.310518433e+01,5.941871674e-01
1023,5.115000000e-02,5.788742051e-02,1.631533514e+02,8.922357156e+01,7.333388476e+01,5.958950712e-01
1024,5.120000000e-02,5.799426491e-02,1.633280939e+02,8.916847711e+01,7.356203089e+01,5.975859062e-01
1025,5.125000000e-02,5.810099789e-02,1.635025575e+02,8.911374533e+01,7.378955323e+01,5.992589458e-01
1026,5.130000000e-02,5.820760318e-02,1.636767434e+02,8.905941867e+01,7.401641097e+01,6.009137388e-01
1027,5.135000000e-02,5.831407329e-02,1.638506528e+02,8.900549832e+01,7.424260424e+01,6.025502548e-01
1028,5.140000000e-02,5.842041180e-02,1.640242872e+02,8.895198685e+01,7.446813116e+01,6.041691358e-01
1029,5.145000000e-02,5.852661787e-02,1.641976477e+02,8.889889373e+01,7.469298363e+01,6.057703423e-01
1030,5.150000000e-02,5.863269013e-02,1.643707358e+02,8.884620184e+01,7.491718025e+01,6.073537175e-01
1031,5.155000000e-02,5.873863807e-02,1.645435528e+02,8.879389237e+01,7.514074037e+01,6.089200836e-01
1032,5.160000000e-02,5.884446573e-02,1.647161000e+02,8.874194420e+01,7.536368587e+01,6.104699239e-01
1033,5.165000000e-02,5.895018131e-02,1.648883786e+02,8.869035138e+01,7.558602300e+01,6.120042038e-01
1034,5.170000000e-02,5.905578252e-02,1.650603898e+02,8.863911543e+01,7.580775109e+01,6.135232794e-01
1035,5.175000000e-02,5.916126938e-02,1.652321349e+02,8.858824110e+01,7.602886638e+01,6.150273889e-01
1036,5.180000000e-02,5.926664020e-02,1.654036150e+02,8.853773058e+01,7.624936773e+01,6.165166635e-01
1037,5.185000000e-02,5.937189531e-02,1.655748313e+02,8.848758030e+01,7.646925969e+01,6.179913603e-01
1038,5.190000000e-02,5.947703744e-02,1.657457852e+02,8.843779917e+01,7.668853402e+01,6.194519995e-01
1039,5.195000000e-02,5.958206175e-02,1.659164777e+02,8.838840502e+01,7.690717389e+01,6.208988008e-01
1040,5.200000000e-02,5.968696237e-02,1.660869101e+02,8.833941453e+01,7.712516376e+01,6.223318559e-01
1041,5.205000000e-02,5.979173550e-02,1.662570838e+02,8.829084948e+01,7.734248281e+01,6.237514584e-01
1042,5.210000000e-02,5.989637432e-02,1.664269998e+02,8.824273398e+01,7.755910823e+01,6.251576119e-01
1043,5.215000000e-02,6.000087319e-02,1.665966597e+02,8.819508516e+01,7.777502413e+01,6.265504200e-01
1044,5.220000000e-02,6.010522838e-02,1.667660648e+02,8.814790920e+01,7.799022565e+01,6.279299081e-01
1045,5.225000000e-02,6.020944090e-02,1.669352164e+02,8.810116293e+01,7.820475704e+01,6.292964163e-01
1046,5.230000000e-02,6.031352618e-02,1.671041159e+02,8.805478118e+01,7.841868368e+01,6.306510607e-01
1047,5.235000000e-02,6.041750151e-02,1.672727646e+02,8.800872099e+01,7.863204871e+01,6.319949065e-01
1048,5.240000000e-02,6.052137421e-02,1.674411636e+02,8.796295089e+01,7.884488423e+01,6.333284668e-01
1049,5.245000000e-02,6.062515160e-02,1.676093139e+02,8.791745696e+01,7.905720461e+01,6.346523556e-01
1050,5.250000000e-02,6.072883478e-02,1.677772166e+02,8.787222585e+01,7.926902401e+01,6.359667703e-01
1051,5.255000000e-02,6.083242697e-02,1.679448727e+02,8.782722376e+01,7.948037679e+01,6.372721231e-01
1052,5.260000000e-02,6.093594021e-02,1.681122830e+02,8.778243740e+01,7.969127653e+01,6.385690898e-01
1053,5.265000000e-02,6.103937421e-02,1.682794485e+02,8.773787752e+01,7.990171315e+01,6.398578780e-01
1054,5.270000000e-02,6.114272411e-02,1.684463701e+02,8.769356322e+01,8.011166829e+01,6.411386290e-01
1055,5.275000000e-02,6.124598445e-02,1.686130487e+02,8.764948065e+01,8.032115642e+01,6.424116362e-01
1056,5.280000000e-02,6.134916364e-02,1.687794852e+02,8.760562392e+01,8.053018338e+01,6.436778591e-01
1057,5.285000000e-02,6.145225756e-02,1.689456804e+02,8.756201671e+01,8.073872637e+01,6.449373159e-01
1058,5.290000000e-02,6.155525680e-02,1.691116353e+02,8.751868887e+01,8.094675650e+01,6.461899575e-01
1059,5.295000000e-02,6.165815411e-02,1.692773509e+02,8.747564774e+01,8.115426734e+01,6.474358235e-01
1060,5.300000000e-02,6.176094970e-02,1.694428281e+02,8.743288481e+01,8.136126814e+01,6.486751614e-01
1061,5.305000000e-02,6.186364527e-02,1.696080679e+02,8.739035352e+01,8.156780608e+01,6.499083390e-01
1062,5.310000000e-02,6.196625456e-02,1.697730713e+02,8.734800581e+01,8.177392944e+01,6.511360562e-01
1063,5.315000000e-02,6.206879049e-02,1.699378391e+02,8.730577923e+01,8.197970062e+01,6.523592220e-01
1064,5.320000000e-02,6.217126974e-02,1.701023719e+02,8.726361939e+01,8.218517379e+01,6.535787543e-01
1065,5.325000000e-02,6.227370561e-02,1.702666705e+02,8.722150531e+01,8.239036979e+01,6.547954292e-01
1066,5.330000000e-02,6.237609908e-02,1.704307354e+02,8.717941092e+01,8.259531486e+01,6.560096098e-01
1067,5.335000000e-02,6.247845844e-02,1.705945670e+02,8.713731036e+01,8.280003445e+01,6.572222239e-01
1068,5.340000000e-02,6.258078795e-02,1.707581659e+02,8.709515830e+01,8.300457395e+01,6.584336369e-01
1069,5.345000000e-02,6.268309823e-02,1.709215324e+02,8.705289394e+01,8.320899388e+01,6.596445391e-01
1070,5.350000000e-02,6.278540134e-02,1.710846667e+02,8.701048565e+01,8.341332561e+01,6.608554479e-01
1071,5.355000000e-02,6.288770188e-02,1.712475691e+02,8.696792242e+01,8.361758009e+01,6.620666257e-01
1072,5.360000000e-02,6.299000048e-02,1.714102398e+02,8.692520157e+01,8.382175996e+01,6.632782809e-01
1073,5.365000000e-02,6.309229550e-02,1.715726788e+02,8.688233081e+01,8.402585769e+01,6.644903459e-01
1074,5.370000000e-02,6.319458548e-02,1.717348864e+02,8.683932425e+01,8.422985916e+01,6.657029898e-01
1075,5.375000000e-02,6.329686534e-02,1.718968626e+02,8.679619603e+01,8.443375044e+01,6.669161712e-01
1076,5.380000000e-02,6.339913315e-02,1.720586078e+02,8.675295461e+01,8.463752319e+01,6.681299572e-01
1077,5.385000000e-02,6.350138670e-02,1.722201220e+02,8.670959104e+01,8.484118644e+01,6.693444854e-01
1078,5.390000000e-02,6.360362525e-02,1.723814055e+02,8.666606583e+01,8.504477981e+01,6.705598185e-01
1079,5.395000000e-02,6.370586352e-02,1.725424584e+02,8.662232660e+01,8.524835531e+01,6.717765112e-01
1080,5.400000000e-02,6.380811489e-02,1.727032809e+02,8.657828189e+01,8.545200381e+01,6.729952198e-01
1081,5.405000000e-02,6.391039979e-02,1.728638729e+02,8.653388672e+01,8.565576997e+01,6.742162194e-01
1082,5.410000000e-02,6.401272543e-02,1.730242342e+02,8.648912180e+01,8.585967300e+01,6.754393975e-01
1083,5.415000000e-02,6.411509449e-02,1.731843646e+02,8.644397551e+01,8.606372458e+01,6.766644633e-01
1084,5.420000000e-02,6.421751142e-02,1.733442637e+02,8.639844446e+01,8.626792803e+01,6.778912149e-01
1085,5.425000000e-02,6.431997727e-02,1.735039314e+02,8.635252927e+01,8.647228266e+01,6.791194466e-01
1086,5.430000000e-02,6.442249397e-02,1.736633673e+02,8.630622185e+01,8.667679642e+01,6.803490222e-01
1087,5.435000000e-02,6.452506374e-02,1.738225711e+02,8.625951590e+01,8.688147518e+01,6.815800573e-01
1088,5.440000000e-02,6.462768723e-02,1.739815426e+02,8.621241599e+01,8.708631414e+01,6.828125146e-01
1089,5.445000000e-02,6.473036012e-02,1.741402815e+02,8.616492567e+01,8.729131003e+01,6.840457921e-01
1090,5.450000000e-02,6.483307771e-02,1.742987874e+02,8.611706864e+01,8.749643964e+01,6.852791058e-01
1091,5.455000000e-02,6.493583575e-02,1.744570601e+02,8.606888208e+01,8.770166615e+01,6.865118505e-01
1092,5.460000000e-02,6.503862409e-02,1.746150993e+02,8.602041354e+01,8.790694255e+01,6.877432515e-01
1093,5.465000000e-02,6.514143220e-02,1.747729051e+02,8.597170255e+01,8.811223001e+01,6.889724958e-01
1094,5.470000000e-02,6.524425325e-02,1.749304772e+02,8.592279411e+01,8.831748401e+01,6.901990363e-01
1095,5.475000000e-02,6.534707533e-02,1.750878157e+02,8.587371362e+01,8.852267986e+01,6.914222046e-01
1096,5.480000000e-02,6.544989798e-02,1.752449207e+02,8.582446536e+01,8.872781371e+01,6.926416452e-01
1097,5.485000000e-02,6.555272529e-02,1.754017924e+02,8.577503877e+01,8.893289610e+01,6.938575143e-01
1098,5.490000000e-02,6.565556249e-02,1.755584308e+02,8.572543851e+01,8.913792220e+01,6.950700644e-01
1099,5.495000000e-02,6.575840667e-02,1.757148360e+02,8.567569502e+01,8.934286195e+01,6.962790447e-01
1100,5.500000000e-02,6.586124903e-02,1.758710082e+02,8.562584351e+01,8.954768072e+01,6.974840090e-01
1101,5.505000000e-02,6.596408190e-02,1.760269476e+02,8.557590843e+01,8.975235451e+01,6.986846962e-01
1102,5.510000000e-02,6.606690092e-02,1.761826545e+02,8.552591021e+01,8.995686328e+01,6.998809648e-01
1103,5.515000000e-02,6.616970129e-02,1.763381290e+02,8.547585803e+01,9.016119828e+01,7.010726730e-01
1104,5.520000000e-02,6.627248300e-02,1.764933715e+02,8.542575549e+01,9.036535606e+01,7.022599958e-01
1105,5.525000000e-02,6.637524518e-02,1.766483825e+02,8.537560916e+01,9.056933024e+01,7.034430561e-01
1106,5.530000000e-02,6.647798619e-02,1.768031621e+02,8.532548719e+01,9.077305321e+01,7.046216578e-01
1107,5.535000000e-02,6.658069004e-02,1.769577108e+02,8.527541003e+01,9.097650610e+01,7.057946317e-01
1108,5.540000000e-02,6.668335111e-02,1.771120290e+02,8.522540858e+01,9.117965874e+01,7.069617037e-01
1109,5.545000000e-02,6.678595996e-02,1.772661174e+02,8.517551101e+01,9.138248385e+01,7.081225268e-01
1110,5.550000000e-02,6.688851123e-02,1.774199764e+02,8.512573316e+01,9.158496629e+01,7.092769837e-01
1111,5.555000000e-02,6.699100247e-02,1.775736068e+02,8.507608279e+01,9.178709895e+01,7.104250283e-01
1112,5.560000000e-02,6.709343305e-02,1.777270090e+02,8.502657768e+01,9.198886463e+01,7.115667172e-01
1113,5.565000000e-02,6.719579676e-02,1.778801839e+02,8.497722357e+01,9.219025846e+01,7.127018522e-01
1114,5.570000000e-02,6.729809719e-02,1.780331320e+02,8.492802042e+01,9.239128099e+01,7.138305750e-01
1115,5.575000000e-02,6.740033552e-02,1.781858540e+02,8.487895606e+01,9.259194479e+01,7.149531800e-01
1116,5.580000000e-02,6.750251694e-02,1.783383507e+02,8.483002407e+01,9.279225660e+01,7.160700060e-01
1117,5.585000000e-02,6.760464194e-02,1.784906226e+02,8.478121202e+01,9.299222933e+01,7.171812318e-01
1118,5.590000000e-02,6.770671642e-02,1.786426704e+02,8.473250690e+01,9.319187620e+01,7.182872640e-01
1119,5.595000000e-02,6.780874101e-02,1.787944946e+02,8.468389669e+01,9.339120962e+01,7.193883110e-01
1120,5.600000000e-02,6.791071612e-02,1.789460960e+02,8.463536997e+01,9.359024153e+01,7.204844543e-01
1121,5.605000000e-02,6.801264629e-02,1.790974749e+02,8.458691609e+01,9.378898276e+01,7.215760563e-01
1122,5.610000000e-02,6.811453218e-02,1.792486320e+02,8.453852854e+01,9.398744034e+01,7.226631315e-01
1123,5.615000000e-02,6.821637329e-02,1.793995678e+02,8.449019494e+01,9.418562723e+01,7.237456333e-01
1124,5.620000000e-02,6.831817395e-02,1.795502828e+02,8.444190832e+01,9.438355078e+01,7.248236658e-01
1125,5.625000000e-02,6.841993633e-02,1.797007774e+02,8.439367718e+01,9.458120285e+01,7.258973784e-01
1126,5.630000000e-02,6.852165539e-02,1.798510522e+02,8.434551055e+01,9.477857508e+01,7.269665563e-01
1127,5.635000000e-02,6.862333097e-02,1.800011076e+02,8.429740860e+01,9.497566756e+01,7.280314646e-01
1128,5.640000000e-02,6.872496192e-02,1.801509442e+02,8.424938261e+01,9.517246949e+01,7.290920978e-01
1129,5.645000000e-02,6.882654511e-02,1.803005624e+02,8.420145090e+01,9.536896322e+01,7.301483067e-01
1130,5.650000000e-02,6.892807472e-02,1.804499629e+02,8.415362583e+01,9.556513714e+01,7.311999043e-01
1131,5.655000000e-02,6.902954851e-02,1.805991461e+02,8.410591613e+01,9.576098317e+01,7.322467735e-01
1132,5.660000000e-02,6.913096459e-02,1.807481126e+02,8.405833125e+01,9.595649261e+01,7.332887807e-01
1133,5.665000000e-02,6.923232409e-02,1.808968631e+02,8.401085606e+01,9.615168132e+01,7.343257553e-01
1134,5.670000000e-02,6.933363498e-02,1.810453982e+02,8.396346572e+01,9.634657425e+01,7.353581923e-01
1135,5.675000000e-02,6.943490336e-02,1.811937183e+02,8.391615098e+01,9.654118093e+01,7.363863705e-01
1136,5.680000000e-02,6.953613091e-02,1.813418240e+02,8.386891570e+01,9.673549804e+01,7.374102549e-01
1137,5.685000000e-02,6.963731654e-02,1.814897158e+02,8.382177333e+01,9.692951250e+01,7.384300026e-01
1138,5.690000000e-02,6.973845334e-02,1.816373943e+02,8.377473966e+01,9.712320911e+01,7.394455435e-01
1139,5.695000000e-02,6.983953819e-02,1.817848600e+02,8.372781985e+01,9.731658311e+01,7.404570482e-01
1140,5.700000000e-02,6.994056985e-02,1.819321135e+02,8.368099819e+01,9.750965064e+01,7.414646268e-01
1141,5.705000000e-02,7.004155591e-02,1.820791552e+02,8.363423911e+01,9.770244726e+01,7.424688711e-01
1142,5.710000000e-02,7.014250645e-02,1.822259859e+02,8.358752907e+01,9.789498662e+01,7.434701821e-01
1143,5.715000000e-02,7.024342090e-02,1.823726058e+02,8.354087711e+01,9.808725996e+01,7.444687371e-01
1144,5.720000000e-02,7.034429466e-02,1.825190155e+02,8.349430879e+01,9.827924224e+01,7.454644701e-01
1145,5.725000000e-02,7.044511977e-02,1.826652155e+02,8.344782669e+01,9.847093146e+01,7.464573111e-01
1146,5.730000000e-02,7.054589798e-02,1.828112062e+02,8.340141811e+01,9.866234038e+01,7.474477188e-01
1147,5.735000000e-02,7.064663053e-02,1.829569882e+02,8.335507984e+01,9.885347258e+01,7.484358121e-01
1148,5.740000000e-02,7.074731821e-02,1.831025620e+02,8.330881286e+01,9.904432749e+01,7.494216852e-01
1149,5.745000000e-02,7.084796075e-02,1.832479281e+02,8.326261469e+01,9.923490799e+01,7.504054134e-01
1150,5.750000000e-02,7.094855972e-02,1.833930869e+02,8.321648851e+01,9.942521111e+01,7.513872616e-01
1151,5.755000000e-02,7.104911374e-02,1.835380389e+02,8.317043482e+01,9.961523670e+01,7.523673877e-01
1152,5.760000000e-02,7.114962417e-02,1.836827846e+02,8.312440297e+01,9.980503550e+01,7.533461807e-01
1153,5.765000000e-02,7.125010506e-02,1.838273245e+02,8.307832172e+01,9.999467853e+01,7.543242758e-01
1154,5.770000000e-02,7.135057076e-02,1.839716589e+02,8.303214830e+01,1.001842086e+02,7.553020399e-01
1155,5.775000000e-02,7.145103169e-02,1.841157880e+02,8.298584443e+01,1.003736639e+02,7.562796981e-01
1156,5.780000000e-02,7.155149925e-02,1.842597119e+02,8.293940050e+01,1.005630537e+02,7.572577170e-01
1157,5.785000000e-02,7.165196888e-02,1.844034309e+02,8.289283905e+01,1.007523559e+02,7.582359499e-01
1158,5.790000000e-02,7.175243214e-02,1.845469450e+02,8.284617215e+01,1.009415586e+02,7.592142232e-01
1159,5.795000000e-02,7.185288934e-02,1.846902544e+02,8.279939866e+01,1.011306629e+02,7.601928185e-01
1160,5.800000000e-02,7.195333976e-02,1.848333593e+02,8.275252304e+01,1.013196643e+02,7.611719087e-01
1161,5.805000000e-02,7.205378074e-02,1.849762597e+02,8.270553852e+01,1.015085696e+02,7.621515782e-01
1162,5.810000000e-02,7.215421745e-02,1.851189560e+02,8.265842677e+01,1.016973972e+02,7.631320918e-01
1163,5.815000000e-02,7.225465387e-02,1.852614483e+02,8.261116894e+01,1.018861656e+02,7.641137605e-01
1164,5.820000000e-02,7.235509433e-02,1.854037366e+02,8.256376485e+01,1.020748749e+02,7.650968278e-01
1165,5.825000000e-02,7.245553544e-02,1.855458211e+02,8.251621426e+01,1.022635254e+02,7.660814096e-01
1166,5.830000000e-02,7.255597783e-02,1.856877019e+02,8.246851211e+01,1.024521219e+02,7.670678330e-01
1167,5.835000000e-02,7.265642221e-02,1.858293790e+02,8.242064351e+01,1.026406790e+02,7.680564477e-01
1168,5.840000000e-02,7.275687234e-02,1.859708525e+02,8.237258568e+01,1.028292192e+02,7.690476951e-01
1169,5.845000000e-02,7.285733592e-02,1.861121226e+02,8.232431463e+01,1.030177658e+02,7.700421099e-01
1170,5.850000000e-02,7.295781558e-02,1.862531891e+02,8.227578071e+01,1.032063683e+02,7.710400504e-01
1171,5.855000000e-02,7.305832331e-02,1.863940520e+02,8.222694523e+01,1.033950648e+02,7.720420099e-01
1172,5.860000000e-02,7.315886326e-02,1.865347113e+02,8.217778641e+01,1.035838769e+02,7.730480111e-01
1173,5.865000000e-02,7.325943953e-02,1.866751666e+02,8.212828684e+01,1.037728216e+02,7.740581387e-01
1174,5.870000000e-02,7.336005661e-02,1.868154178e+02,8.207838529e+01,1.039619600e+02,7.750725605e-01
1175,5.875000000e-02,7.346073373e-02,1.869554646e+02,8.202801484e+01,1.041513579e+02,7.760919238e-01
1176,5.880000000e-02,7.356148397e-02,1.870953067e+02,8.197715196e+01,1.043410382e+02,7.771165441e-01
1177,5.885000000e-02,7.366230893e-02,1.872349434e+02,8.192580642e+01,1.045309907e+02,7.781462857e-01
1178,5.890000000e-02,7.376320235e-02,1.873743744e+02,8.187400580e+01,1.047211878e+02,7.791808568e-01
1179,5.895000000e-02,7.386415643e-02,1.875135993e+02,8.182177088e+01,1.049116084e+02,7.802199816e-01
1180,5.900000000e-02,7.396516783e-02,1.876526175e+02,8.176911808e+01,1.051022358e+02,7.812635385e-01
1181,5.905000000e-02,7.406623273e-02,1.877914287e+02,8.171605001e+01,1.052930672e+02,7.823114928e-01
1182,5.910000000e-02,7.416735298e-02,1.879300326e+02,8.166257038e+01,1.054840983e+02,7.833639952e-01
1183,5.915000000e-02,7.426852857e-02,1.880684289e+02,8.160872536e+01,1.056752825e+02,7.844210749e-01
1184,5.920000000e-02,7.436974861e-02,1.882066172e+02,8.155452462e+01,1.058666100e+02,7.854825159e-01
1185,5.925000000e-02,7.447100951e-02,1.883445972e+02,8.149998111e+01,1.060580678e+02,7.865483248e-01
1186,5.930000000e-02,7.457230838e-02,1.884823687e+02,8.144510900e+01,1.062496411e+02,7.876186128e-01
1187,5.935000000e-02,7.467363963e-02,1.886199316e+02,8.138988312e+01,1.064413550e+02,7.886934402e-01
1188,5.940000000e-02,7.477501059e-02,1.887572855e+02,8.133426791e+01,1.066332445e+02,7.897731684e-01
1189,5.945000000e-02,7.487643154e-02,1.888944303e+02,8.127820204e+01,1.068253700e+02,7.908582790e-01
1190,5.950000000e-02,7.497792234e-02,1.890313655e+02,8.122162553e+01,1.070177905e+02,7.919495097e-01
1191,5.955000000e-02,7.507949251e-02,1.891680907e+02,8.116451387e+01,1.072105296e+02,7.930472685e-01
1192,5.960000000e-02,7.518114293e-02,1.893046054e+02,8.110687222e+01,1.074035816e+02,7.941514965e-01
1193,5.965000000e-02,7.528287112e-02,1.894409090e+02,8.104868288e+01,1.075969640e+02,7.952621125e-01
1194,5.970000000e-02,7.538468511e-02,1.895770009e+02,8.098992051e+01,1.077907007e+02,7.963797417e-01
1195,5.975000000e-02,7.548658826e-02,1.897128807e+02,8.093052497e+01,1.079848512e+02,7.975045283e-01
1196,5.980000000e-02,7.558859843e-02,1.898485476e+02,8.087043608e+01,1.081794746e+02,7.986369310e-01
1197,5.985000000e-02,7.569072549e-02,1.899840009e+02,8.080963895e+01,1.083745851e+02,7.997769101e-01
1198,5.990000000e-02,7.579296999e-02,1.901192398e+02,8.074814286e+01,1.085701727e+02,8.009241859e-01
1199,5.995000000e-02,7.589532665e-02,1.902542634e+02,8.068597198e+01,1.087662130e+02,8.020783562e-01
1200,6.000000000e-02,7.599778637e-02,1.903890710e+02,8.062314726e+01,1.089626849e+02,8.032387973e-01
1201,6.005000000e-02,7.610034538e-02,1.905236617e+02,8.055969563e+01,1.091595611e+02,8.044050114e-01
1202,6.010000000e-02,7.620299598e-02,1.906580350e+02,8.049563274e+01,1.093568259e+02,8.055764230e-01
1203,6.015000000e-02,7.630573701e-02,1.907921902e+02,8.043097090e+01,1.095544668e+02,8.067525253e-01
1204,6.020000000e-02,7.640856618e-02,1.909261265e+02,8.036573273e+01,1.097524611e+02,8.079327248e-01
1205,6.025000000e-02,7.651147961e-02,1.910598435e+02,8.029994042e+01,1.099507866e+02,8.091164258e-01
1206,6.030000000e-02,7.661447481e-02,1.911933404e+02,8.023361169e+01,1.101494256e+02,8.103031444e-01
1207,6.035000000e-02,7.671754855e-02,1.913266168e+02,8.016676563e+01,1.103483587e+02,8.114924923e-01
1208,6.040000000e-02,7.682069575e-02,1.914596722e+02,8.009942704e+01,1.105475611e+02,8.126840720e-01
1209,6.045000000e-02,7.692390878e-02,1.915925061e+02,8.003160475e+01,1.107470241e+02,8.138772318e-01
1210,6.050000000e-02,7.702719265e-02,1.917251181e+02,7.996329536e+01,1.109467508e+02,8.150718852e-01
1211,6.055000000e-02,7.713054778e-02,1.918575076e+02,7.989452445e+01,1.111467156e+02,8.162675587e-01
1212,6.060000000e-02,7.723396501e-02,1.919896744e+02,7.982531511e+01,1.113468958e+02,8.174635002e-01
1213,6.065000000e-02,7.733744194e-02,1.921216180e+02,7.975567498e+01,1.115472837e+02,8.186593021e-01
1214,6.070000000e-02,7.744098170e-02,1.922533381e+02,7.968563158e+01,1.117478517e+02,8.198548433e-01
1215,6.075000000e-02,7.754457175e-02,1.923848343e+02,7.961522527e+01,1.119485597e+02,8.210493115e-01
1216,6.080000000e-02,7.764820515e-02,1.925161065e+02,7.954446760e+01,1.121493967e+02,8.222421597e-01
1217,6.085000000e-02,7.775188604e-02,1.926471543e+02,7.947335655e+01,1.123503645e+02,8.234332285e-01
1218,6.090000000e-02,7.785561718e-02,1.927779776e+02,7.940190731e+01,1.125514479e+02,8.246223479e-01
1219,6.095000000e-02,7.795939308e-02,1.929085762e+02,7.933015102e+01,1.127526160e+02,8.258091353e-01
1220,6.100000000e-02,7.806320513e-02,1.930389499e+02,7.925813589e+01,1.129538209e+02,8.269931272e-01
1221,6.105000000e-02,7.816703898e-02,1.931690986e+02,7.918590165e+01,1.131550233e+02,8.281736305e-01
1222,6.110000000e-02,7.827088974e-02,1.932990223e+02,7.911348615e+01,1.133561858e+02,8.293503052e-01
1223,6.115000000e-02,7.837474607e-02,1.934287210e+02,7.904092518e+01,1.135572733e+02,8.305225912e-01
1224,6.120000000e-02,7.847860346e-02,1.935581949e+02,7.896824508e+01,1.137582597e+02,8.316901899e-01
1225,6.125000000e-02,7.858245543e-02,1.936874441e+02,7.889547608e+01,1.139591154e+02,8.328525959e-01
1226,6.130000000e-02,7.868629765e-02,1.938164688e+02,7.882264002e+01,1.141598194e+02,8.340094018e-01
1227,6.135000000e-02,7.879012833e-02,1.939452692e+02,7.874974881e+01,1.143603599e+02,8.351604775e-01
1228,6.140000000e-02,7.889394572e-02,1.940738456e+02,7.867683515e+01,1.145607047e+02,8.363057400e-01
1229,6.145000000e-02,7.899773729e-02,1.942021983e+02,7.860395181e+01,1.147608018e+02,8.374446284e-01
1230,6.150000000e-02,7.910148956e-02,1.943303276e+02,7.853114757e+01,1.149606035e+02,8.385765454e-01
1231,6.155000000e-02,7.920519280e-02,1.944582341e+02,7.845844580e+01,1.151600873e+02,8.397010442e-01
1232,6.160000000e-02,7.930884785e-02,1.945859182e+02,7.838584894e+01,1.153592512e+02,8.408180943e-01
1233,6.165000000e-02,7.941245759e-02,1.947133805e+02,7.831335760e+01,1.155580951e+02,8.419277866e-01
1234,6.170000000e-02,7.951602164e-02,1.948406215e+02,7.824097419e+01,1.157566171e+02,8.430302464e-01
1235,6.175000000e-02,7.961954043e-02,1.949676417e+02,7.816870985e+01,1.159548064e+02,8.441254866e-01
1236,6.180000000e-02,7.972301108e-02,1.950944417e+02,7.809657543e+01,1.161526527e+02,8.452135329e-01
1237,6.185000000e-02,7.982643215e-02,1.952210220e+02,7.802457563e+01,1.163501519e+02,8.462944746e-01
1238,6.190000000e-02,7.992980346e-02,1.953473832e+02,7.795270005e+01,1.165473148e+02,8.473683334e-01
1239,6.195000000e-02,8.003313206e-02,1.954735259e+02,7.788094543e+01,1.167441450e+02,8.484354620e-01
1240,6.200000000e-02,8.013641574e-02,1.955994506e+02,7.780930192e+01,1.169406527e+02,8.494959395e-01
1241,6.205000000e-02,8.023966164e-02,1.957251578e+02,7.773776130e+01,1.171368461e+02,8.505504311e-01
1242,6.210000000e-02,8.034286617e-02,1.958506481e+02,7.766634265e+01,1.173327065e+02,8.515989159e-01
1243,6.215000000e-02,8.044602088e-02,1.959759220e+02,7.759508741e+01,1.175281934e+02,8.526411545e-01
1244,6.220000000e-02,8.054911314e-02,1.961009801e+02,7.752404134e+01,1.177232620e+02,8.536768010e-01
1245,6.225000000e-02,8.065213233e-02,1.962258230e+02,7.745320855e+01,1.179179088e+02,8.547056234e-01
1246,6.230000000e-02,8.075508704e-02,1.963504515e+02,7.738257029e+01,1.181121529e+02,8.557282239e-01
1247,6.235000000e-02,8.085798045e-02,1.964748661e+02,7.731212938e+01,1.183059920e+02,8.567447517e-01
1248,6.240000000e-02,8.096081096e-02,1.965990676e+02,7.724187345e+01,1.184994388e+02,8.577553387e-01
1249,6.245000000e-02,8.106358193e-02,1.967230565e+02,7.717179719e+01,1.186924992e+02,8.587601518e-01
1250,6.250000000e-02,8.116629194e-02,1.968468336e+02,7.710191220e+01,1.188851622e+02,8.597591885e-01
1251,6.255000000e-02,8.126893447e-02,1.969703995e+02,7.703223356e+01,1.190774137e+02,8.607522465e-01
1252,6.260000000e-02,8.137150501e-02,1.970937548e+02,7.696277337e+01,1.192692423e+02,8.617390799e-01
1253,6.265000000e-02,8.147400160e-02,1.972169002e+02,7.689351547e+01,1.194606652e+02,8.627194810e-01
1254,6.270000000e-02,8.157643563e-02,1.973398363e+02,7.682443873e+01,1.196517038e+02,8.636938396e-01
1255,6.275000000e-02,8.167880949e-02,1.974625639e+02,7.675553722e+01,1.198423645e+02,8.646621907e-01
1256,6.280000000e-02,8.178112536e-02,1.975850835e+02,7.668679603e+01,1.200326629e+02,8.656245430e-01
1257,6.285000000e-02,8.188339044e-02,1.977073957e+02,7.661819069e+01,1.202226238e+02,8.665812434e-01
1258,6.290000000e-02,8.198560991e-02,1.978295011e+02,7.654972274e+01,1.204122459e+02,8.675324098e-01
1259,6.295000000e-02,8.208777911e-02,1.979514002e+02,7.648139745e+01,1.206015249e+02,8.684779043e-01
1260,6.300000000e-02,8.218989837e-02,1.980730937e+02,7.641321181e+01,1.207904641e+02,8.694177785e-01
1261,6.305000000e-02,8.229197023e-02,1.981945819e+02,7.634515623e+01,1.209790736e+02,8.703521118e-01
1262,6.310000000e-02,8.239400004e-02,1.983158656e+02,7.627721957e+01,1.211673648e+02,8.712811953e-01
1263,6.315000000e-02,8.249598901e-02,1.984369451e+02,7.620939978e+01,1.213553402e+02,8.722051384e-01
1264,6.320000000e-02,8.259793680e-02,1.985578211e+02,7.614169705e+01,1.215430001e+02,8.731239870e-01
1265,6.325000000e-02,8.269984279e-02,1.986784940e+02,7.607411954e+01,1.217303366e+02,8.740378639e-01
1266,6.330000000e-02,8.280170164e-02,1.987989643e+02,7.600670278e+01,1.219173150e+02,8.749464970e-01
1267,6.335000000e-02,8.290350140e-02,1.989192326e+02,7.593949307e+01,1.221038900e+02,8.758495215e-01
1268,6.340000000e-02,8.300523019e-02,1.990392995e+02,7.587251994e+01,1.222900330e+02,8.767465928e-01
1269,6.345000000e-02,8.310688519e-02,1.991591657e+02,7.580578491e+01,1.224757431e+02,8.776376553e-01
1270,6.350000000e-02,8.320847097e-02,1.992788318e+02,7.573928758e+01,1.226610213e+02,8.785228387e-01
1271,6.355000000e-02,8.330998691e-02,1.993982985e+02,7.567302953e+01,1.228458667e+02,8.794022091e-01
1272,6.360000000e-02,8.341143389e-02,1.995175666e+02,7.560701078e+01,1.230302799e+02,8.802759073e-01
1273,6.365000000e-02,8.351281110e-02,1.996366366e+02,7.554124401e+01,1.232142487e+02,8.811439096e-01
1274,6.370000000e-02,8.361411397e-02,1.997555094e+02,7.547575205e+01,1.233977513e+02,8.820061128e-01
1275,6.375000000e-02,8.371533540e-02,1.998741857e+02,7.541054522e+01,1.235807781e+02,8.828624005e-01
1276,6.380000000e-02,8.381647543e-02,1.999926661e+02,7.534559476e+01,1.237633584e+02,8.837129380e-01
1277,6.385000000e-02,8.391754974e-02,2.001109515e+02,7.528084820e+01,1.239455448e+02,8.845585178e-01
1278,6.390000000e-02,8.401856739e-02,2.002290424e+02,7.521628628e+01,1.241273567e+02,8.853994949e-01
1279,6.395000000e-02,8.411952660e-02,2.003469396e+02,7.515191222e+01,1.243087916e+02,8.862357702e-01
1280,6.400000000e-02,8.422042640e-02,2.004646435e+02,7.508772957e+01,1.244898466e+02,8.870672921e-01
1281,6.405000000e-02,8.432126590e-02,2.005821548e+02,7.502378182e+01,1.246704790e+02,8.878940168e-01
1282,6.410000000e-02,8.442203899e-02,2.006994742e+02,7.496009515e+01,1.248506633e+02,8.887156952e-01
1283,6.415000000e-02,8.452274297e-02,2.008166022e+02,7.489663902e+01,1.250304308e+02,8.895323647e-01
1284,6.420000000e-02,8.462338509e-02,2.009335397e+02,7.483337587e+01,1.252098192e+02,8.903446050e-01
1285,6.425000000e-02,8.472397288e-02,2.010502871e+02,7.477028107e+01,1.253888534e+02,8.911526985e-01
1286,6.430000000e-02,8.482451137e-02,2.011668452e+02,7.470734591e+01,1.255675425e+02,8.919568130e-01
1287,6.435000000e-02,8.492500091e-02,2.012832144e+02,7.464456802e+01,1.257458893e+02,8.927571392e-01
1288,6.440000000e-02,8.502544163e-02,2.013993953e+02,7.458196290e+01,1.259238787e+02,8.935537401e-01
1289,6.445000000e-02,8.512582700e-02,2.015153885e+02,7.451955781e+01,1.261014841e+02,8.943465491e-01
1290,6.450000000e-02,8.522615030e-02,2.016311944e+02,7.445737140e+01,1.262786875e+02,8.951355542e-01
1291,6.455000000e-02,8.532640675e-02,2.017468138e+02,7.439541137e+01,1.264554817e+02,8.959207975e-01
1292,6.460000000e-02,8.542659722e-02,2.018622473e+02,7.433367068e+01,1.266318740e+02,8.967026306e-01
1293,6.465000000e-02,8.552672308e-02,2.019774955e+02,7.427210463e+01,1.268079095e+02,8.974813508e-01
1294,6.470000000e-02,8.562679394e-02,2.020925589e+02,7.421063741e+01,1.269836643e+02,8.982572222e-01
1295,6.475000000e-02,8.572683087e-02,2.022074382e+02,7.414920377e+01,1.271592036e+02,8.990307655e-01
1296,6.480000000e-02,8.582684497e-02,2.023221336e+02,7.408778709e+01,1.273345445e+02,8.998020168e-01
1297,6.485000000e-02,8.592683577e-02,2.024366455e+02,7.402640300e+01,1.275096718e+02,9.005707186e-01
1298,6.490000000e-02,8.602679700e-02,2.025509742e+02,7.396507456e+01,1.276845632e+02,9.013365031e-01
1299,6.495000000e-02,8.612672467e-02,2.026651202e+02,7.390382746e+01,1.278591937e+02,9.020990290e-01
1300,6.500000000e-02,8.622661336e-02,2.027790836e+02,7.384267051e+01,1.280335551e+02,9.028580584e-01
1301,6.505000000e-02,8.632646590e-02,2.028928651e+02,7.378159435e+01,1.282076570e+02,9.036137102e-01
1302,6.510000000e-02,8.642628500e-02,2.030064649e+02,7.372059476e+01,1.283815041e+02,9.043660307e-01
1303,6.515000000e-02,8.652607070e-02,2.031198835e+02,7.365968531e+01,1.285550833e+02,9.051149493e-01
1304,6.520000000e-02,8.662581651e-02,2.032331213e+02,7.359889646e+01,1.287283647e+02,9.058602057e-01
1305,6.525000000e-02,8.672551424e-02,2.033461788e+02,7.353825298e+01,1.289013243e+02,9.066015025e-01
1306,6.530000000e-02,8.682516099e-02,2.034590563e+02,7.347776076e+01,1.290739569e+02,9.073386940e-01
1307,6.535000000e-02,8.692475843e-02,2.035717545e+02,7.341741013e+01,1.292462724e+02,9.080719555e-01
1308,6.540000000e-02,8.702431129e-02,2.036842738e+02,7.335719190e+01,1.294182805e+02,9.088014437e-01
1309,6.545000000e-02,8.712382207e-02,2.037966147e+02,7.329711030e+01,1.295899771e+02,9.095272754e-01
1310,6.550000000e-02,8.722328696e-02,2.039087777e+02,7.323716023e+01,1.297613681e+02,9.102493333e-01
1311,6.555000000e-02,8.732271235e-02,2.040207632e+02,7.317732562e+01,1.299324697e+02,9.109678725e-01
1312,6.560000000e-02,8.742210122e-02,2.041325717e+02,7.311759601e+01,1.301032927e+02,9.116829465e-01
1313,6.565000000e-02,8.752145820e-02,2.042442037e+02,7.305796482e+01,1.302738440e+02,9.123948167e-01
1314,6.570000000e-02,8.762078025e-02,2.043556595e+02,7.299844239e+01,1.304441138e+02,9.131033724e-01
1315,6.575000000e-02,8.772006451e-02,2.044669397e+02,7.293903740e+01,1.306140938e+02,9.138085539e-01
1316,6.580000000e-02,8.781930698e-02,2.045780446e+02,7.287976943e+01,1.307837650e+02,9.145102212e-01
1317,6.585000000e-02,8.791850124e-02,2.046889747e+02,7.282066381e+01,1.309531028e+02,9.152081412e-01
1318,6.590000000e-02,8.801764033e-02,2.047997305e+02,7.276174862e+01,1.311220798e+02,9.159020738e-01
1319,6.595000000e-02,8.811671730e-02,2.049103126e+02,7.270304750e+01,1.312906733e+02,9.165917956e-01
1320,6.600000000e-02,8.821572729e-02,2.050207214e+02,7.264456329e+01,1.314588810e+02,9.172771426e-01
1321,6.605000000e-02,8.831467491e-02,2.051309576e+02,7.258628415e+01,1.316267152e+02,9.179582366e-01
1322,6.610000000e-02,8.841356608e-02,2.052410218e+02,7.252820149e+01,1.317941851e+02,9.186351812e-01
1323,6.615000000e-02,8.851240321e-02,2.053509145e+02,7.247029464e+01,1.319613118e+02,9.193080902e-01
1324,6.620000000e-02,8.861119355e-02,2.054606363e+02,7.241253457e+01,1.321281245e+02,9.199772350e-01
1325,6.625000000e-02,8.870994502e-02,2.055701877e+02,7.235489238e+01,1.322946523e+02,9.206430714e-01
1326,6.630000000e-02,8.880866161e-02,2.056795692e+02,7.229735789e+01,1.324609054e+02,9.213058200e-01
1327,6.635000000e-02,8.890734360e-02,2.057887810e+02,7.223994617e+01,1.326268694e+02,9.219654789e-01
1328,6.640000000e-02,8.900598193e-02,2.058978238e+02,7.218268722e+01,1.327925147e+02,9.226218508e-01
1329,6.645000000e-02,8.910456806e-02,2.060066979e+02,7.212559457e+01,1.329578287e+02,9.232747089e-01
1330,6.650000000e-02,8.920310426e-02,2.061154039e+02,7.206866300e+01,1.331228167e+02,9.239242303e-01
1331,6.655000000e-02,8.930159099e-02,2.062239423e+02,7.201190102e+01,1.332874708e+02,9.245704741e-01
1332,6.660000000e-02,8.940002363e-02,2.063323134e+02,7.195532926e+01,1.334517708e+02,9.252133341e-01
1333,6.665000000e-02,8.949839692e-02,2.064405180e+02,7.189896546e+01,1.336156998e+02,9.258526851e-01
1334,6.670000000e-02,8.959670792e-02,2.065485565e+02,7.184282397e+01,1.337792440e+02,9.264884530e-01
1335,6.675000000e-02,8.969495432e-02,2.066564294e+02,7.178690599e+01,1.339424029e+02,9.271205741e-01
1336,6.680000000e-02,8.979313893e-02,2.067641375e+02,7.173120182e+01,1.341051864e+02,9.277492074e-01
1337,6.685000000e-02,8.989126507e-02,2.068716812e+02,7.167571230e+01,1.342675944e+02,9.283744497e-01
1338,6.690000000e-02,8.998933113e-02,2.069790611e+02,7.162043488e+01,1.344296298e+02,9.289963723e-01
1339,6.695000000e-02,9.008734008e-02,2.070862778e+02,7.156536333e+01,1.345912993e+02,9.296151025e-01
1340,6.700000000e-02,9.018529441e-02,2.071933318e+02,7.151048633e+01,1.347526146e+02,9.302308203e-01
1341,6.705000000e-02,9.028319797e-02,2.073002237e+02,7.145578858e+01,1.349135913e+02,9.308438249e-01
1342,6.710000000e-02,9.038105396e-02,2.074069540e+02,7.140125310e+01,1.350742466e+02,9.314543570e-01
1343,6.715000000e-02,9.047886957e-02,2.075135232e+02,7.134684699e+01,1.352346136e+02,9.320626486e-01
1344,6.720000000e-02,9.057665218e-02,2.076199318e+02,7.129255124e+01,1.353947114e+02,9.326691757e-01
1345,6.725000000e-02,9.067440059e-02,2.077261801e+02,7.123836889e+01,1.355545372e+02,9.332739901e-01
1346,6.730000000e-02,9.077211331e-02,2.078322686e+02,7.118429916e+01,1.357140922e+02,9.338772253e-01
1347,6.735000000e-02,9.086978577e-02,2.079381977e+02,7.113034049e+01,1.358733784e+02,9.344788168e-01
1348,6.740000000e-02,9.096741802e-02,2.080439678e+02,7.107649356e+01,1.360323955e+02,9.350787637e-01
1349,6.745000000e-02,9.106500840e-02,2.081495793e+02,7.102275628e+01,1.361911460e+02,9.356770224e-01
1350,6.750000000e-02,9.116255970e-02,2.082550325e+02,7.096911606e+01,1.363496429e+02,9.362735870e-01
1351,6.755000000e-02,9.126007782e-02,2.083603279e+02,7.091555361e+01,1.365079057e+02,9.368686554e-01
1352,6.760000000e-02,9.135756452e-02,2.084654659e+02,7.086205199e+01,1.366659517e+02,9.374622214e-01
1353,6.765000000e-02,9.145502510e-02,2.085704467e+02,7.080858807e+01,1.368238044e+02,9.380543004e-01
1354,6.770000000e-02,9.155246745e-02,2.086752707e+02,7.075514149e+01,1.369814841e+02,9.386451486e-01
1355,6.775000000e-02,9.164989282e-02,2.087799382e+02,7.070172044e+01,1.371389830e+02,9.392347836e-01
1356,6.780000000e-02,9.174729452e-02,2.088844494e+02,7.064834802e+01,1.372962784e+02,9.398229595e-01
1357,6.785000000e-02,9.184466726e-02,2.089888046e+02,7.059505042e+01,1.374533447e+02,9.404094310e-01
1358,6.790000000e-02,9.194200422e-02,2.090930041e+02,7.054184910e+01,1.376101610e+02,9.409939624e-01
1359,6.795000000e-02,9.203930189e-02,2.091970482e+02,7.048876444e+01,1.377667074e+02,9.415763620e-01
1360,6.800000000e-02,9.213655505e-02,2.093009375e+02,7.043580057e+01,1.379229805e+02,9.421564548e-01
1361,6.805000000e-02,9.223376575e-02,2.094046722e+02,7.038296009e+01,1.380789779e+02,9.427342097e-01
1362,6.810000000e-02,9.233093213e-02,2.095082528e+02,7.033025287e+01,1.382346904e+02,9.433095273e-01
1363,6.815000000e-02,9.242805169e-02,2.096116796e+02,7.027767134e+01,1.383901260e+02,9.438823344e-01
1364,6.820000000e-02,9.252513295e-02,2.097149532e+02,7.022518404e+01,1.385453163e+02,9.444528258e-01
1365,6.825000000e-02,9.262218530e-02,2.098180739e+02,7.017276181e+01,1.387002907e+02,9.450213257e-01
1366,6.830000000e-02,9.271921247e-02,2.099210420e+02,7.012042279e+01,1.388550313e+02,9.455878792e-01
1367,6.835000000e-02,9.281620858e-02,2.100238578e+02,7.006820919e+01,1.390094966e+02,9.461520618e-01
1368,6.840000000e-02,9.291316796e-02,2.101265218e+02,7.001614260e+01,1.391636660e+02,9.467132847e-01
1369,6.845000000e-02,9.301008339e-02,2.102290344e+02,6.996423646e+01,1.393175264e+02,9.472715236e-01
1370,6.850000000e-02,9.310695280e-02,2.103313960e+02,6.991248991e+01,1.394710793e+02,9.478268054e-01
1371,6.855000000e-02,9.320377726e-02,2.104336070e+02,6.986090011e+01,1.396243277e+02,9.483792228e-01
1372,6.860000000e-02,9.330055731e-02,2.105356680e+02,6.980946914e+01,1.397772700e+02,9.489288494e-01
1373,6.865000000e-02,9.339729108e-02,2.106375793e+02,6.975819370e+01,1.399299099e+02,9.494756638e-01
1374,6.870000000e-02,9.349398155e-02,2.107393414e+02,6.970705765e+01,1.400822640e+02,9.500197894e-01
1375,6.875000000e-02,9.359063492e-02,2.108409548e+02,6.965604189e+01,1.402343514e+02,9.505615159e-01
1376,6.880000000e-02,9.368725415e-02,2.109424198e+02,6.960512748e+01,1.403861914e+02,9.511009140e-01
1377,6.885000000e-02,9.378384549e-02,2.110437369e+02,6.955428783e+01,1.405378107e+02,9.516383485e-01
1378,6.890000000e-02,9.388041254e-02,2.111449063e+02,6.950351981e+01,1.406892124e+02,9.521740651e-01
1379,6.895000000e-02,9.397695019e-02,2.112459284e+02,6.945284294e+01,1.408403775e+02,9.527079147e-01
1380,6.900000000e-02,9.407345138e-02,2.113468035e+02,6.940228014e+01,1.409912836e+02,9.532397076e-01
1381,6.905000000e-02,9.416991111e-02,2.114475320e+02,6.935184424e+01,1.411419185e+02,9.537692867e-01
1382,6.910000000e-02,9.426632959e-02,2.115481143e+02,6.930153087e+01,1.412922868e+02,9.542966292e-01
1383,6.915000000e-02,9.436271183e-02,2.116485507e+02,6.925131247e+01,1.414424163e+02,9.548219084e-01
1384,6.920000000e-02,9.445906699e-02,2.117488417e+02,6.920117191e+01,1.415923243e+02,9.553454764e-01
1385,6.925000000e-02,9.455539335e-02,2.118489875e+02,6.915110384e+01,1.417420164e+02,9.558673242e-01
1386,6.930000000e-02,9.465169514e-02,2.119489885e+02,6.910110770e+01,1.418914932e+02,9.563876023e-01
1387,6.935000000e-02,9.474796770e-02,2.120488451e+02,6.905120351e+01,1.420407353e+02,9.569062295e-01
1388,6.940000000e-02,9.484420503e-02,2.121485574e+02,6.900141224e+01,1.421897221e+02,9.574231103e-01
1389,6.945000000e-02,9.494040261e-02,2.122481259e+02,6.895175398e+01,1.423384338e+02,9.579381591e-01
1390,6.950000000e-02,9.503655629e-02,2.123475510e+02,6.890223900e+01,1.424868607e+02,9.584513141e-01
1391,6.955000000e-02,9.513266636e-02,2.124468331e+02,6.885287267e+01,1.426349977e+02,9.589626856e-01
1392,6.960000000e-02,9.522872924e-02,2.125459725e+02,6.880366542e+01,1.427828348e+02,9.594722922e-01
1393,6.965000000e-02,9.532474266e-02,2.126449698e+02,6.875461970e+01,1.429303699e+02,9.599801736e-01
1394,6.970000000e-02,9.542070820e-02,2.127438253e+02,6.870573766e+01,1.430776012e+02,9.604864698e-01
1395,6.975000000e-02,9.551662350e-02,2.128425395e+02,6.865702890e+01,1.432245194e+02,9.609912559e-01
1396,6.980000000e-02,9.561248562e-02,2.129411129e+02,6.860849607e+01,1.433711222e+02,9.614946078e-01
1397,6.985000000e-02,9.570829710e-02,2.130395458e+02,6.856013204e+01,1.435174171e+02,9.619966747e-01
1398,6.990000000e-02,9.580406067e-02,2.131378387e+02,6.851191077e+01,1.436634302e+02,9.624977634e-01
1399,6.995000000e-02,9.589978210e-02,2.132359921e+02,6.846375900e+01,1.438092349e+02,9.629981814e-01
1400,7.000000000e-02,9.599547558e-02,2.133340063e+02,6.841562222e+01,1.439548860e+02,9.634980659e-01
1401,7.005000000e-02,9.609115817e-02,2.134318816e+02,6.836745507e+01,1.441004289e+02,9.639975894e-01
1402,7.010000000e-02,9.618684190e-02,2.135296181e+02,6.831922880e+01,1.442458922e+02,9.644970662e-01
1403,7.015000000e-02,9.628252816e-02,2.136272160e+02,6.827095010e+01,1.443912694e+02,9.649964553e-01
1404,7.020000000e-02,9.637821174e-02,2.137246754e+02,6.822263051e+01,1.445365493e+02,9.654955946e-01
1405,7.025000000e-02,9.647388989e-02,2.138219964e+02,6.817427288e+01,1.446817292e+02,9.659943464e-01
1406,7.030000000e-02,9.656956428e-02,2.139191792e+02,6.812587283e+01,1.448268136e+02,9.664927584e-01
1407,7.035000000e-02,9.666523544e-02,2.140162240e+02,6.807743439e+01,1.449717988e+02,9.669907615e-01
1408,7.040000000e-02,9.676090189e-02,2.141131307e+02,6.802895911e+01,1.451166834e+02,9.674882701e-01
1409,7.045000000e-02,9.685656559e-02,2.142098997e+02,6.798044029e+01,1.452614742e+02,9.679852679e-01
1410,7.050000000e-02,9.695222925e-02,2.143065310e+02,6.793186985e+01,1.454061793e+02,9.684818848e-01
1411,7.055000000e-02,9.704789275e-02,2.144030248e+02,6.788325677e+01,1.455507900e+02,9.689780954e-01
1412,7.060000000e-02,9.714354985e-02,2.144993812e+02,6.783461775e+01,1.456952897e+02,9.694737266e-01
1413,7.065000000e-02,9.723919691e-02,2.145956003e+02,6.778596488e+01,1.458396667e+02,9.699686876e-01
1414,7.070000000e-02,9.733483018e-02,2.146916823e+02,6.773731000e+01,1.459839095e+02,9.704628172e-01
1415,7.075000000e-02,9.743044834e-02,2.147876274e+02,6.768865584e+01,1.461280156e+02,9.709560127e-01
1416,7.080000000e-02,9.752605336e-02,2.148834358e+02,6.764000190e+01,1.462719856e+02,9.714482898e-01
1417,7.085000000e-02,9.762164538e-02,2.149791077e+02,6.759135924e+01,1.464158088e+02,9.719395932e-01
1418,7.090000000e-02,9.771721989e-02,2.150746432e+02,6.754274522e+01,1.465594682e+02,9.724297795e-01
1419,7.095000000e-02,9.781277332e-02,2.151700426e+02,6.749416864e+01,1.467029552e+02,9.729187747e-01
1420,7.100000000e-02,9.790830495e-02,2.152653062e+02,6.744563858e+01,1.468462611e+02,9.734065229e-01
1421,7.105000000e-02,9.800381286e-02,2.153604342e+02,6.739716247e+01,1.469893787e+02,9.738929570e-01
1422,7.110000000e-02,9.809929643e-02,2.154554268e+02,6.734874697e+01,1.471323017e+02,9.743780918e-01
1423,7.115000000e-02,9.819475211e-02,2.155502843e+02,6.730040387e+01,1.472750186e+02,9.748618426e-01
1424,7.120000000e-02,9.829017821e-02,2.156450070e+02,6.725214671e+01,1.474175162e+02,9.753441135e-01
1425,7.125000000e-02,9.838557142e-02,2.157395952e+02,6.720398415e+01,1.475597863e+02,9.758248194e-01
1426,7.130000000e-02,9.848092907e-02,2.158340493e+02,6.715592292e+01,1.477018225e+02,9.763038804e-01
1427,7.135000000e-02,9.857624963e-02,2.159283695e+02,6.710795446e+01,1.478436338e+02,9.767812421e-01
1428,7.140000000e-02,9.867153965e-02,2.160225561e+02,6.706004937e+01,1.479852496e+02,9.772571586e-01
1429,7.145000000e-02,9.876680746e-02,2.161166096e+02,6.701218974e+01,1.481266880e+02,9.777318025e-01
1430,7.150000000e-02,9.886205501e-02,2.162105300e+02,6.696437704e+01,1.482679477e+02,9.782052630e-01
1431,7.155000000e-02,9.895727734e-02,2.163043178e+02,6.691662357e+01,1.484090168e+02,9.786774381e-01
1432,7.160000000e-02,9.905247364e-02,2.163979731e+02,6.686893929e+01,1.485498855e+02,9.791482399e-01
1433,7.165000000e-02,9.914764063e-02,2.164914962e+02,6.682137529e+01,1.486905033e+02,9.796176056e-01
1434,7.170000000e-02,9.924277254e-02,2.165848874e+02,6.677395682e+01,1.488308452e+02,9.800853705e-01
1435,7.175000000e-02,9.933786320e-02,2.166781471e+02,6.672666505e+01,1.489709307e+02,9.805513369e-01
1436,7.180000000e-02,9.943291935e-02,2.167712757e+02,6.667948484e+01,1.491107753e+02,9.810155715e-01
1437,7.185000000e-02,9.952794214e-02,2.168642735e+02,6.663240763e+01,1.492503878e+02,9.814781215e-01
1438,7.190000000e-02,9.962293395e-02,2.169571409e+02,6.658541192e+01,1.493897899e+02,9.819390628e-01
1439,7.195000000e-02,9.971790482e-02,2.170498782e+02,6.653847474e+01,1.495290047e+02,9.823986980e-01
1440,7.200000000e-02,9.981285603e-02,2.171424856e+02,6.649159311e+01,1.496680353e+02,9.828571302e-01
1441,7.205000000e-02,9.990778538e-02,2.172349634e+02,6.644477130e+01,1.498068778e+02,9.833143159e-01
1442,7.210000000e-02,1.000026908e-01,2.173273118e+02,6.639801719e+01,1.499455245e+02,9.837701907e-01
1443,7.215000000e-02,1.000975695e-01,2.174195312e+02,6.635131345e+01,1.500839931e+02,9.842247049e-01
1444,7.220000000e-02,1.001924335e-01,2.175116218e+02,6.630461919e+01,1.502223243e+02,9.846783179e-01
1445,7.225000000e-02,1.002872900e-01,2.176035838e+02,6.625793232e+01,1.503605204e+02,9.851310989e-01
1446,7.230000000e-02,1.003821347e-01,2.176954174e+02,6.621125796e+01,1.504985765e+02,9.855829437e-01
1447,7.235000000e-02,1.004769658e-01,2.177871228e+02,6.616459481e+01,1.506364942e+02,9.860338422e-01
1448,7.240000000e-02,1.005717830e-01,2.178787002e+02,6.611794563e+01,1.507742708e+02,9.864838123e-01
1449,7.245000000e-02,1.006665843e-01,2.179701498e+02,6.607131930e+01,1.509118977e+02,9.869327770e-01
1450,7.250000000e-02,1.007613663e-01,2.180614717e+02,6.602473015e+01,1.510493610e+02,9.873806318e-01
1451,7.255000000e-02,1.008561252e-01,2.181526663e+02,6.597818858e+01,1.511866505e+02,9.878272372e-01
1452,7.260000000e-02,1.009508609e-01,2.182437337e+02,6.593169211e+01,1.513237690e+02,9.882725637e-01
1453,7.265000000e-02,1.010455760e-01,2.183346742e+02,6.588523623e+01,1.514607212e+02,9.887166797e-01
1454,7.270000000e-02,1.011402715e-01,2.184254879e+02,6.583881965e+01,1.515975087e+02,9.891595606e-01
1455,7.275000000e-02,1.012349491e-01,2.185161752e+02,6.579243799e+01,1.517341360e+02,9.896012639e-01
1456,7.280000000e-02,1.013296081e-01,2.186067363e+02,6.574608796e+01,1.518706065e+02,9.900418591e-01
1457,7.285000000e-02,1.014242501e-01,2.186971714e+02,6.569976544e+01,1.520069246e+02,9.904813528e-01
1458,7.290000000e-02,1.015188773e-01,2.187874807e+02,6.565347577e+01,1.521430851e+02,9.909197751e-01
1459,7.295000000e-02,1.016134851e-01,2.188776643e+02,6.560723431e+01,1.522790730e+02,9.913570568e-01
1460,7.300000000e-02,1.017080686e-01,2.189677226e+02,6.556105827e+01,1.524148713e+02,9.917930812e-01
1461,7.305000000e-02,1.018026243e-01,2.190576559e+02,6.551495889e+01,1.525504692e+02,9.922277506e-01
1462,7.310000000e-02,1.018971515e-01,2.191474642e+02,6.546893972e+01,1.526858634e+02,9.926610488e-01
1463,7.315000000e-02,1.019916498e-01,2.192371480e+02,6.542300690e+01,1.528210481e+02,9.930929758e-01
1464,7.320000000e-02,1.020861167e-01,2.193267075e+02,6.537716225e+01,1.529560218e+02,9.935234855e-01
1465,7.325000000e-02,1.021805553e-01,2.194161431e+02,6.533139811e+01,1.530907922e+02,9.939527588e-01
1466,7.330000000e-02,1.022749644e-01,2.195054549e+02,6.528571297e+01,1.532253611e+02,9.943808205e-01
1467,7.335000000e-02,1.023693455e-01,2.195946433e+02,6.524010804e+01,1.533597276e+02,9.948076916e-01
1468,7.340000000e-02,1.024636973e-01,2.196837085e+02,6.519458250e+01,1.534938927e+02,9.952333877e-01
1469,7.345000000e-02,1.025580223e-01,2.197726509e+02,6.514912798e+01,1.536278649e+02,9.956580373e-01
1470,7.350000000e-02,1.026523224e-01,2.198614707e+02,6.510374455e+01,1.537616444e+02,9.960817145e-01
1471,7.355000000e-02,1.027465955e-01,2.199501681e+02,6.505843938e+01,1.538952243e+02,9.965044181e-01
1472,7.360000000e-02,1.028408398e-01,2.200387435e+02,6.501321941e+01,1.540285979e+02,9.969261576e-01
1473,7.365000000e-02,1.029350542e-01,2.201271970e+02,6.496807060e+01,1.541617795e+02,9.973469536e-01
1474,7.370000000e-02,1.030292504e-01,2.202155291e+02,6.492296123e+01,1.542948008e+02,9.977670839e-01
1475,7.375000000e-02,1.031234346e-01,2.203037398e+02,6.487786995e+01,1.544276831e+02,9.981868291e-01
1476,7.380000000e-02,1.032176088e-01,2.203918295e+02,6.483277633e+01,1.545604468e+02,9.986064179e-01
1477,7.385000000e-02,1.033117783e-01,2.204797983e+02,6.478767189e+01,1.546931004e+02,9.990259963e-01
1478,7.390000000e-02,1.034059429e-01,2.205676463e+02,6.474256638e+01,1.548256343e+02,9.994456279e-01
1479,7.395000000e-02,1.035000968e-01,2.206553738e+02,6.469747709e+01,1.549580314e+02,9.998652670e-01
1480,7.400000000e-02,1.035942348e-01,2.207429808e+02,6.465241560e+01,1.550902803e+02,1.000284867e+00
1481,7.405000000e-02,1.036883552e-01,2.208304675e+02,6.460739131e+01,1.552223718e+02,1.000704433e+00
1482,7.410000000e-02,1.037824545e-01,2.209178343e+02,6.456240775e+01,1.553543026e+02,1.001123960e+00
1483,7.415000000e-02,1.038765335e-01,2.210050813e+02,6.451743825e+01,1.554860995e+02,1.001543524e+00
1484,7.420000000e-02,1.039706037e-01,2.210922086e+02,6.447245412e+01,1.556177911e+02,1.001963359e+00
1485,7.425000000e-02,1.040646696e-01,2.211792165e+02,6.442744717e+01,1.557493857e+02,1.002383598e+00
1486,7.430000000e-02,1.041587290e-01,2.212661051e+02,6.438241807e+01,1.558808828e+02,1.002804205e+00
1487,7.435000000e-02,1.042527826e-01,2.213528745e+02,6.433736863e+01,1.560122806e+02,1.003225236e+00
1488,7.440000000e-02,1.043468266e-01,2.214395248e+02,6.429229978e+01,1.561435784e+02,1.003646633e+00
1489,7.445000000e-02,1.044408639e-01,2.215260562e+02,6.424719446e+01,1.562747933e+02,1.004068526e+00
1490,7.450000000e-02,1.045348999e-01,2.216124689e+02,6.420204351e+01,1.564059343e+02,1.004491109e+00
1491,7.455000000e-02,1.046289331e-01,2.216987628e+02,6.415685686e+01,1.565369916e+02,1.004914364e+00
1492,7.460000000e-02,1.047229597e-01,2.217849382e+02,6.411164665e+01,1.566679533e+02,1.005338238e+00
1493,7.465000000e-02,1.048169771e-01,2.218709951e+02,6.406641377e+01,1.567988186e+02,1.005762697e+00
1494,7.470000000e-02,1.049109870e-01,2.219569336e+02,6.402113871e+01,1.569296072e+02,1.006187765e+00
1495,7.475000000e-02,1.050049926e-01,2.220427540e+02,6.397581342e+01,1.570603271e+02,1.006613500e+00
1496,7.480000000e-02,1.050989932e-01,2.221284562e+02,6.393042873e+01,1.571909876e+02,1.007039839e+00
1497,7.485000000e-02,1.051929955e-01,2.222140404e+02,6.388495849e+01,1.573216150e+02,1.007466916e+00
1498,7.490000000e-02,1.052870069e-01,2.222995065e+02,6.383938869e+01,1.574522230e+02,1.007894824e+00
1499,7.495000000e-02,1.053810284e-01,2.223848548e+02,6.379371786e+01,1.575828133e+02,1.008323601e+00
1500,7.500000000e-02,1.054750581e-01,2.224700851e+02,6.374794800e+01,1.577133838e+02,1.008753264e+00
1501,7.505000000e-02,1.055690948e-01,2.225551975e+02,6.370208099e+01,1.578439328e+02,1.009183757e+00
1502,7.510000000e-02,1.056631385e-01,2.226401920e+02,6.365612396e+01,1.579744530e+02,1.009615098e+00
1503,7.515000000e-02,1.057571850e-01,2.227250687e+02,6.361009333e+01,1.581049282e+02,1.010047195e+00
1504,7.520000000e-02,1.058512295e-01,2.228098277e+02,6.356400603e+01,1.582353417e+02,1.010479943e+00
1505,7.525000000e-02,1.059452685e-01,2.228944688e+02,6.351787580e+01,1.583656798e+02,1.010913259e+00
1506,7.530000000e-02,1.060392994e-01,2.229789924e+02,6.347170735e+01,1.584959380e+02,1.011347089e+00
1507,7.535000000e-02,1.061333247e-01,2.230633984e+02,6.342549221e+01,1.586261247e+02,1.011781511e+00
1508,7.540000000e-02,1.062273476e-01,2.231476870e+02,6.337922065e+01,1.587562497e+02,1.012216625e+00
1509,7.545000000e-02,1.063213686e-01,2.232318583e+02,6.333288232e+01,1.588863234e+02,1.012652525e+00
1510,7.550000000e-02,1.064153903e-01,2.233159122e+02,6.328646845e+01,1.590163545e+02,1.013089309e+00
1511,7.555000000e-02,1.065094142e-01,2.233998490e+02,6.323997766e+01,1.591463443e+02,1.013527022e+00
1512,7.560000000e-02,1.066034401e-01,2.234836686e+02,6.319340907e+01,1.592762938e+02,1.013965751e+00
1513,7.565000000e-02,1.066974685e-01,2.235673712e+02,6.314674095e+01,1.594062246e+02,1.014405631e+00
1514,7.570000000e-02,1.067915024e-01,2.236509566e+02,6.309994405e+01,1.595361658e+02,1.014846735e+00
1515,7.575000000e-02,1.068855488e-01,2.237344250e+02,6.305297856e+01,1.596661574e+02,1.015289073e+00
1516,7.580000000e-02,1.069796171e-01,2.238177763e+02,6.300583578e+01,1.597962079e+02,1.015732601e+00
1517,7.585000000e-02,1.070737057e-01,2.239010104e+02,6.295851180e+01,1.599263215e+02,1.016177141e+00
1518,7.590000000e-02,1.071678208e-01,2.239841273e+02,6.291098847e+01,1.600565161e+02,1.016622673e+00
1519,7.595000000e-02,1.072619713e-01,2.240671268e+02,6.286325588e+01,1.601868016e+02,1.017069348e+00
1520,7.600000000e-02,1.073561550e-01,2.241500088e+02,6.281533141e+01,1.603171604e+02,1.017517068e+00
1521,7.605000000e-02,1.074503645e-01,2.242327733e+02,6.276724016e+01,1.604475675e+02,1.017965603e+00
1522,7.610000000e-02,1.075445944e-01,2.243154201e+02,6.271900283e+01,1.605780025e+02,1.018414756e+00
1523,7.615000000e-02,1.076388415e-01,2.243979492e+02,6.267063332e+01,1.607084515e+02,1.018864412e+00
1524,7.620000000e-02,1.077331031e-01,2.244803606e+02,6.262213868e+01,1.608389074e+02,1.019314500e+00
1525,7.625000000e-02,1.078273794e-01,2.245626542e+02,6.257351421e+01,1.609693750e+02,1.019764986e+00
1526,7.630000000e-02,1.079216761e-01,2.246448300e+02,6.252475119e+01,1.610998628e+02,1.020216022e+00
1527,7.635000000e-02,1.080159930e-01,2.247268881e+02,6.247585582e+01,1.612303646e+02,1.020667615e+00
1528,7.640000000e-02,1.081103255e-01,2.248088283e+02,6.242684672e+01,1.613608619e+02,1.021119673e+00
1529,7.645000000e-02,1.082046671e-01,2.248906507e+02,6.237774797e+01,1.614913307e+02,1.021572037e+00
1530,7.650000000e-02,1.082990110e-01,2.249723554e+02,6.232858184e+01,1.616217490e+02,1.022024551e+00
1531,7.655000000e-02,1.083933520e-01,2.250539423e+02,6.227936043e+01,1.617521048e+02,1.022477083e+00
1532,7.660000000e-02,1.084876910e-01,2.251354115e+02,6.223007493e+01,1.618824069e+02,1.022929636e+00
1533,7.665000000e-02,1.085820337e-01,2.252167631e+02,6.218070388e+01,1.620126768e+02,1.023382472e+00
1534,7.670000000e-02,1.086763863e-01,2.252979972e+02,6.213122315e+01,1.621429384e+02,1.023835731e+00
1535,7.675000000e-02,1.087707561e-01,2.253791138e+02,6.208162293e+01,1.622732013e+02,1.024289616e+00
1536,7.680000000e-02,1.088651387e-01,2.254601129e+02,6.203191581e+01,1.624034530e+02,1.024744064e+00
1537,7.685000000e-02,1.089595284e-01,2.255409945e+02,6.198212046e+01,1.625336751e+02,1.025198923e+00
1538,7.690000000e-02,1.090539208e-01,2.256217586e+02,6.193224633e+01,1.626638582e+02,1.025654063e+00
1539,7.695000000e-02,1.091483165e-01,2.257024052e+02,6.188228451e+01,1.627940112e+02,1.026109522e+00
1540,7.700000000e-02,1.092427203e-01,2.257829345e+02,6.183223417e+01,1.629241350e+02,1.026565333e+00
1541,7.705000000e-02,1.093371289e-01,2.258633465e+02,6.178210386e+01,1.630542212e+02,1.027021439e+00
1542,7.710000000e-02,1.094315386e-01,2.259436411e+02,6.173189121e+01,1.631842721e+02,1.027477722e+00
1543,7.715000000e-02,1.095259527e-01,2.260238184e+02,6.168158887e+01,1.633142954e+02,1.027934161e+00
1544,7.720000000e-02,1.096203726e-01,2.261038786e+02,6.163119947e+01,1.634442884e+02,1.028390757e+00
1545,7.725000000e-02,1.097147952e-01,2.261838215e+02,6.158073452e+01,1.635742396e+02,1.028847382e+00
1546,7.730000000e-02,1.098092177e-01,2.262636474e+02,6.153020192e+01,1.637041416e+02,1.029303895e+00
1547,7.735000000e-02,1.099036411e-01,2.263433561e+02,6.147959324e+01,1.638340026e+02,1.029760298e+00
1548,7.740000000e-02,1.099980674e-01,2.264229479e+02,6.142890486e+01,1.639638264e+02,1.030216651e+00
1549,7.745000000e-02,1.100924948e-01,2.265024226e+02,6.137814239e+01,1.640936074e+02,1.030672830e+00
1550,7.750000000e-02,1.101869238e-01,2.265817805e+02,6.132731268e+01,1.642233390e+02,1.031128771e+00
1551,7.755000000e-02,1.102813517e-01,2.266610215e+02,6.127642832e+01,1.643530088e+02,1.031584383e+00
1552,7.760000000e-02,1.103757748e-01,2.267401457e+02,6.122549645e+01,1.644826097e+02,1.032039533e+00
1553,7.765000000e-02,1.104701960e-01,2.268191532e+02,6.117451620e+01,1.646121429e+02,1.032494170e+00
1554,7.770000000e-02,1.105646162e-01,2.268980441e+02,6.112349163e+01,1.647416043e+02,1.032948257e+00
1555,7.775000000e-02,1.106590323e-01,2.269768185e+02,6.107243247e+01,1.648709844e+02,1.033401704e+00
1556,7.780000000e-02,1.107534426e-01,2.270554765e+02,6.102134868e+01,1.650002734e+02,1.033854432e+00
1557,7.785000000e-02,1.108478442e-01,2.271340182e+02,6.097024228e+01,1.651294695e+02,1.034306350e+00
1558,7.790000000e-02,1.109422396e-01,2.272124437e+02,6.091911400e+01,1.652585723e+02,1.034757388e+00
1559,7.795000000e-02,1.110366300e-01,2.272907531e+02,6.086796430e+01,1.653875813e+02,1.035207491e+00
1560,7.800000000e-02,1.111310161e-01,2.273689465e+02,6.081678756e+01,1.655165023e+02,1.035656661e+00
1561,7.805000000e-02,1.112254012e-01,2.274470242e+02,6.076558055e+01,1.656453387e+02,1.036104969e+00
1562,7.810000000e-02,1.113197837e-01,2.275249861e+02,6.071434841e+01,1.657740853e+02,1.036552367e+00
1563,7.815000000e-02,1.114141611e-01,2.276028324e+02,6.066308465e+01,1.659027490e+02,1.036998762e+00
1564,7.820000000e-02,1.115085411e-01,2.276805632e+02,6.061177269e+01,1.660313462e+02,1.037444313e+00
1565,7.825000000e-02,1.116029251e-01,2.277581787e+02,6.056040366e+01,1.661598859e+02,1.037889083e+00
1566,7.830000000e-02,1.116973150e-01,2.278356788e+02,6.050896400e+01,1.662883816e+02,1.038333149e+00
1567,7.835000000e-02,1.117917153e-01,2.279130637e+02,6.045744368e+01,1.664168433e+02,1.038776641e+00
1568,7.840000000e-02,1.118861256e-01,2.279903333e+02,6.040584647e+01,1.665452673e+02,1.039219533e+00
1569,7.845000000e-02,1.119805437e-01,2.280674878e+02,6.035418616e+01,1.666736399e+02,1.039661759e+00
1570,7.850000000e-02,1.120749643e-01,2.281445273e+02,6.030248519e+01,1.668019389e+02,1.040103147e+00
1571,7.855000000e-02,1.121693809e-01,2.282214517e+02,6.025075763e+01,1.669301505e+02,1.040543525e+00
1572,7.860000000e-02,1.122637933e-01,2.282982612e+02,6.019901145e+01,1.670582668e+02,1.040982867e+00
1573,7.865000000e-02,1.123581967e-01,2.283749559e+02,6.014725893e+01,1.671862759e+02,1.041421026e+00
1574,7.870000000e-02,1.124525898e-01,2.284515359e+02,6.009550363e+01,1.673141743e+02,1.041857960e+00
1575,7.875000000e-02,1.125469727e-01,2.285280014e+02,6.004375404e+01,1.674419538e+02,1.042293587e+00
1576,7.880000000e-02,1.126413425e-01,2.286043526e+02,5.999202235e+01,1.675696025e+02,1.042727778e+00
1577,7.885000000e-02,1.127356967e-01,2.286805895e+02,5.994030921e+01,1.676971199e+02,1.043160417e+00
1578,7.890000000e-02,1.128300401e-01,2.287567124e+02,5.988860940e+01,1.678245114e+02,1.043591555e+00
1579,7.895000000e-02,1.129243734e-01,2.288327214e+02,5.983690918e+01,1.679517910e+02,1.044021182e+00
1580,7.900000000e-02,1.130187046e-01,2.289086167e+02,5.978517962e+01,1.680789874e+02,1.044449664e+00
1581,7.905000000e-02,1.131130366e-01,2.289843984e+02,5.973342006e+01,1.682061013e+02,1.044877032e+00
1582,7.910000000e-02,1.132073653e-01,2.290600665e+02,5.968164571e+01,1.683331177e+02,1.045303150e+00
1583,7.915000000e-02,1.133016866e-01,2.291356213e+02,5.962992633e+01,1.684599671e+02,1.045727901e+00
1584,7.920000000e-02,1.133959853e-01,2.292110629e+02,5.957827815e+01,1.685866339e+02,1.046150879e+00
1585,7.925000000e-02,1.134902642e-01,2.292863915e+02,5.952668863e+01,1.687131309e+02,1.046572037e+00
1586,7.930000000e-02,1.135845218e-01,2.293616074e+02,5.947515978e+01,1.688394562e+02,1.046991330e+00
1587,7.935000000e-02,1.136787582e-01,2.294367106e+02,5.942369787e+01,1.689656040e+02,1.047408737e+00
1588,7.940000000e-02,1.137729692e-01,2.295117016e+02,5.937231524e+01,1.690915622e+02,1.047824164e+00
1589,7.945000000e-02,1.138671525e-01,2.295865805e+02,5.932102517e+01,1.692173178e+02,1.048237509e+00
1590,7.950000000e-02,1.139613044e-01,2.296613475e+02,5.926983441e+01,1.693428644e+02,1.048648671e+00
1591,7.955000000e-02,1.140554253e-01,2.297360029e+02,5.921874368e+01,1.694682016e+02,1.049057660e+00
1592,7.960000000e-02,1.141495148e-01,2.298105471e+02,5.916775467e+01,1.695933279e+02,1.049464449e+00
1593,7.965000000e-02,1.142435741e-01,2.298849802e+02,5.911686580e+01,1.697182453e+02,1.049869012e+00
1594,7.970000000e-02,1.143376056e-01,2.299593025e+02,5.906607160e+01,1.698429595e+02,1.050271394e+00
1595,7.975000000e-02,1.144316111e-01,2.300335143e+02,5.901536788e+01,1.699674747e+02,1.050671660e+00
1596,7.980000000e-02,1.145255913e-01,2.301076158e+02,5.896475675e+01,1.700917892e+02,1.051069843e+00
1597,7.985000000e-02,1.146195426e-01,2.301816073e+02,5.891424842e+01,1.702158930e+02,1.051465890e+00
1598,7.990000000e-02,1.147134628e-01,2.302554891e+02,5.886385135e+01,1.703397780e+02,1.051859726e+00
1599,7.995000000e-02,1.148073516e-01,2.303292613e+02,5.881357157e+01,1.704634385e+02,1.052251299e+00
1600,8.000000000e-02,1.149012074e-01,2.304029244e+02,5.876341019e+01,1.705868737e+02,1.052640570e+00
1601,8.005000000e-02,1.149950324e-01,2.304764786e+02,5.871336402e+01,1.707100870e+02,1.053027588e+00
1602,8.010000000e-02,1.150888266e-01,2.305499241e+02,5.866343079e+01,1.708330809e+02,1.053412405e+00
1603,8.015000000e-02,1.151825917e-01,2.306232613e+02,5.861361215e+01,1.709558541e+02,1.053795026e+00
1604,8.020000000e-02,1.152763271e-01,2.306964904e+02,5.856391057e+01,1.710784044e+02,1.054175432e+00
1605,8.025000000e-02,1.153700329e-01,2.307696117e+02,5.851432039e+01,1.712007377e+02,1.054553631e+00
1606,8.030000000e-02,1.154637134e-01,2.308426255e+02,5.846482430e+01,1.713228714e+02,1.054929775e+00
1607,8.035000000e-02,1.155573741e-01,2.309155321e+02,5.841540850e+01,1.714448196e+02,1.055303952e+00
1608,8.040000000e-02,1.156510196e-01,2.309883316e+02,5.836606022e+01,1.715665950e+02,1.055676335e+00
1609,8.045000000e-02,1.157446499e-01,2.310610243e+02,5.831677990e+01,1.716881974e+02,1.056046986e+00
1610,8.050000000e-02,1.158382605e-01,2.311336104e+02,5.826758089e+01,1.718096137e+02,1.056415858e+00
1611,8.055000000e-02,1.159318457e-01,2.312060902e+02,5.821847193e+01,1.719308355e+02,1.056782843e+00
1612,8.060000000e-02,1.160254072e-01,2.312784639e+02,5.816945809e+01,1.720518579e+02,1.057147954e+00
1613,8.065000000e-02,1.161189416e-01,2.313507318e+02,5.812054116e+01,1.721726795e+02,1.057511131e+00
1614,8.070000000e-02,1.162124526e-01,2.314228940e+02,5.807171047e+01,1.722933110e+02,1.057872453e+00
1615,8.075000000e-02,1.163059438e-01,2.314949508e+02,5.802295328e+01,1.724137655e+02,1.058232046e+00
1616,8.080000000e-02,1.163994178e-01,2.315669025e+02,5.797426995e+01,1.725340426e+02,1.058589950e+00
1617,8.085000000e-02,1.164928719e-01,2.316387493e+02,5.792567265e+01,1.726541305e+02,1.058946125e+00
1618,8.090000000e-02,1.165863012e-01,2.317104914e+02,5.787717928e+01,1.727740117e+02,1.059300470e+00
1619,8.095000000e-02,1.166797000e-01,2.317821291e+02,5.782880773e+01,1.728936685e+02,1.059652878e+00
1620,8.100000000e-02,1.167730640e-01,2.318536625e+02,5.778057060e+01,1.730130887e+02,1.060003254e+00
1621,8.105000000e-02,1.168663922e-01,2.319250922e+02,5.773247002e+01,1.731322706e+02,1.060351535e+00
1622,8.110000000e-02,1.169596878e-01,2.319964182e+02,5.768449938e+01,1.732512210e+02,1.060697793e+00
1623,8.115000000e-02,1.170529514e-01,2.320676409e+02,5.763665131e+01,1.733699475e+02,1.061042116e+00
1624,8.120000000e-02,1.171461855e-01,2.321387606e+02,5.758892067e+01,1.734884553e+02,1.061384564e+00
1625,8.125000000e-02,1.172393902e-01,2.322097775e+02,5.754129920e+01,1.736067531e+02,1.061725188e+00
1626,8.130000000e-02,1.173325709e-01,2.322806920e+02,5.749377696e+01,1.737248509e+02,1.062064122e+00
1627,8.135000000e-02,1.174257250e-01,2.323515043e+02,5.744636328e+01,1.738427397e+02,1.062401349e+00
1628,8.140000000e-02,1.175188484e-01,2.324222146e+02,5.739906079e+01,1.739604170e+02,1.062736799e+00
1629,8.145000000e-02,1.176119456e-01,2.324928232e+02,5.735185955e+01,1.740778931e+02,1.063070538e+00
1630,8.150000000e-02,1.177050198e-01,2.325633303e+02,5.730475562e+01,1.741951720e+02,1.063402679e+00
1631,8.155000000e-02,1.177980680e-01,2.326337363e+02,5.725775907e+01,1.743122440e+02,1.063733195e+00
1632,8.160000000e-02,1.178910858e-01,2.327040413e+02,5.721087847e+01,1.744291008e+02,1.064062002e+00
1633,8.165000000e-02,1.179840745e-01,2.327742456e+02,5.716411646e+01,1.745457400e+02,1.064389091e+00
1634,8.170000000e-02,1.180770324e-01,2.328443494e+02,5.711748002e+01,1.746621550e+02,1.064714452e+00
1635,8.175000000e-02,1.181699565e-01,2.329143532e+02,5.707097763e+01,1.747783375e+02,1.065038029e+00
1636,8.180000000e-02,1.182628463e-01,2.329842570e+02,5.702460994e+01,1.748942872e+02,1.065359820e+00
1637,8.185000000e-02,1.183557021e-01,2.330540613e+02,5.697838015e+01,1.750100013e+02,1.065679837e+00
1638,8.190000000e-02,1.184485226e-01,2.331237662e+02,5.693229281e+01,1.751254754e+02,1.065998040e+00
1639,8.195000000e-02,1.185413083e-01,2.331933722e+02,5.688634237e+01,1.752407154e+02,1.066314459e+00
1640,8.200000000e-02,1.186340619e-01,2.332628795e+02,5.684051719e+01,1.753557331e+02,1.066629184e+00
1641,8.205000000e-02,1.187267867e-01,2.333322883e+02,5.679480502e+01,1.754705409e+02,1.066942318e+00
1642,8.210000000e-02,1.188194850e-01,2.334015989e+02,5.674920348e+01,1.755851415e+02,1.067253960e+00
1643,8.215000000e-02,1.189121540e-01,2.334708117e+02,5.670372154e+01,1.756995261e+02,1.067564082e+00
1644,8.220000000e-02,1.190047910e-01,2.335399268e+02,5.665836568e+01,1.758136885e+02,1.067872634e+00
1645,8.225000000e-02,1.190973960e-01,2.336089445e+02,5.661313657e+01,1.759276283e+02,1.068179626e+00
1646,8.230000000e-02,1.191899665e-01,2.336778651e+02,5.656804191e+01,1.760413382e+02,1.068485013e+00
1647,8.235000000e-02,1.192825016e-01,2.337466889e+02,5.652308729e+01,1.761548128e+02,1.068788751e+00
1648,8.240000000e-02,1.193750007e-01,2.338154161e+02,5.647827362e+01,1.762680516e+02,1.069090813e+00
1649,8.245000000e-02,1.194674662e-01,2.338840470e+02,5.643360026e+01,1.763810556e+02,1.069391197e+00
1650,8.250000000e-02,1.195598981e-01,2.339525820e+02,5.638906533e+01,1.764938268e+02,1.069689924e+00
1651,8.255000000e-02,1.196522986e-01,2.340210213e+02,5.634465474e+01,1.766063795e+02,1.069987082e+00
1652,8.260000000e-02,1.197446733e-01,2.340893652e+02,5.630034689e+01,1.767187355e+02,1.070282828e+00
1653,8.265000000e-02,1.198370275e-01,2.341576140e+02,5.625613093e+01,1.768309057e+02,1.070577332e+00
1654,8.270000000e-02,1.199293582e-01,2.342257678e+02,5.621201100e+01,1.769428862e+02,1.070870579e+00
1655,8.275000000e-02,1.200216648e-01,2.342938269e+02,5.616799263e+01,1.770546717e+02,1.071162532e+00
1656,8.280000000e-02,1.201139454e-01,2.343617915e+02,5.612407487e+01,1.771662635e+02,1.071453169e+00
1657,8.285000000e-02,1.202062043e-01,2.344296619e+02,5.608024247e+01,1.772776769e+02,1.071742605e+00
1658,8.290000000e-02,1.202984452e-01,2.344974383e+02,5.603649625e+01,1.773889112e+02,1.072030893e+00
1659,8.295000000e-02,1.203906634e-01,2.345651210e+02,5.599284886e+01,1.774999541e+02,1.072317984e+00
1660,8.300000000e-02,1.204828547e-01,2.346327101e+02,5.594931337e+01,1.776107929e+02,1.072603804e+00
1661,8.305000000e-02,1.205750155e-01,2.347002058e+02,5.590589892e+01,1.777214186e+02,1.072888290e+00
1662,8.310000000e-02,1.206671436e-01,2.347676085e+02,5.586260689e+01,1.778318302e+02,1.073171389e+00
1663,8.315000000e-02,1.207592403e-01,2.348349184e+02,5.581943705e+01,1.779420282e+02,1.073453087e+00
1664,8.320000000e-02,1.208513054e-01,2.349021357e+02,5.577637544e+01,1.780520269e+02,1.073733372e+00
1665,8.325000000e-02,1.209433487e-01,2.349692607e+02,5.573339298e+01,1.781618553e+02,1.074012446e+00
1666,8.330000000e-02,1.210353770e-01,2.350362937e+02,5.569047701e+01,1.782715262e+02,1.074290492e+00
1667,8.335000000e-02,1.211273878e-01,2.351032348e+02,5.564763542e+01,1.783810319e+02,1.074567467e+00
1668,8.340000000e-02,1.212193771e-01,2.351700842e+02,5.560488219e+01,1.784903587e+02,1.074843279e+00
1669,8.345000000e-02,1.213113409e-01,2.352368421e+02,5.556223238e+01,1.785994919e+02,1.075117837e+00
1670,8.350000000e-02,1.214032749e-01,2.353035088e+02,5.551969813e+01,1.787084196e+02,1.075391058e+00
1671,8.355000000e-02,1.214951775e-01,2.353700844e+02,5.547728892e+01,1.788171326e+02,1.075662879e+00
1672,8.360000000e-02,1.215870468e-01,2.354365694e+02,5.543500535e+01,1.789256308e+02,1.075933246e+00
1673,8.365000000e-02,1.216788863e-01,2.355029638e+02,5.539282856e+01,1.790339330e+02,1.076202218e+00
1674,8.370000000e-02,1.217707073e-01,2.355692679e+02,5.535073703e+01,1.791420609e+02,1.076469985e+00
1675,8.375000000e-02,1.218625110e-01,2.356354821e+02,5.530872870e+01,1.792500168e+02,1.076736595e+00
1676,8.380000000e-02,1.219542955e-01,2.357016064e+02,5.526680991e+01,1.793577945e+02,1.077002021e+00
1677,8.385000000e-02,1.220460575e-01,2.357676411e+02,5.522499176e+01,1.794653831e+02,1.077266220e+00
1678,8.390000000e-02,1.221377928e-01,2.358335864e+02,5.518328705e+01,1.795727702e+02,1.077529126e+00
1679,8.395000000e-02,1.222294979e-01,2.358994426e+02,5.514170572e+01,1.796799462e+02,1.077790675e+00
1680,8.400000000e-02,1.223211714e-01,2.359652098e+02,5.510025484e+01,1.797869042e+02,1.078050818e+00
1681,8.405000000e-02,1.224128122e-01,2.360308885e+02,5.505893298e+01,1.798936460e+02,1.078309526e+00
1682,8.410000000e-02,1.225044241e-01,2.360964787e+02,5.501773159e+01,1.800001802e+02,1.078566873e+00
1683,8.415000000e-02,1.225960078e-01,2.361619808e+02,5.497664899e+01,1.801065089e+02,1.078822933e+00
1684,8.420000000e-02,1.226875610e-01,2.362273950e+02,5.493569244e+01,1.802126249e+02,1.079077670e+00
1685,8.425000000e-02,1.227790810e-01,2.362927215e+02,5.489486797e+01,1.803185225e+02,1.079331037e+00
1686,8.430000000e-02,1.228705680e-01,2.363579607e+02,5.485416743e+01,1.804242103e+02,1.079583025e+00
1687,8.435000000e-02,1.229620301e-01,2.364231128e+02,5.481357894e+01,1.805297001e+02,1.079833761e+00
1688,8.440000000e-02,1.230534643e-01,2.364881780e+02,5.477310077e+01,1.806349940e+02,1.080083238e+00
1689,8.445000000e-02,1.231448738e-01,2.365531565e+02,5.473272285e+01,1.807401020e+02,1.080331604e+00
1690,8.450000000e-02,1.232362567e-01,2.366180486e+02,5.469244532e+01,1.808450244e+02,1.080578846e+00
1691,8.455000000e-02,1.233276141e-01,2.366828545e+02,5.465226448e+01,1.809497650e+02,1.080825018e+00
1692,8.460000000e-02,1.234189456e-01,2.367475744e+02,5.461217641e+01,1.810543279e+02,1.081070119e+00
1693,8.465000000e-02,1.235102552e-01,2.368122086e+02,5.457216490e+01,1.811587295e+02,1.081314225e+00
1694,8.470000000e-02,1.236015491e-01,2.368767572e+02,5.453221650e+01,1.812629833e+02,1.081557451e+00
1695,8.475000000e-02,1.236928283e-01,2.369412204e+02,5.449233136e+01,1.813670893e+02,1.081799792e+00
1696,8.480000000e-02,1.237840917e-01,2.370055984e+02,5.445251108e+01,1.814710461e+02,1.082041258e+00
1697,8.485000000e-02,1.238753383e-01,2.370698914e+02,5.441276414e+01,1.815748455e+02,1.082281826e+00
1698,8.490000000e-02,1.239665639e-01,2.371340996e+02,5.437310622e+01,1.816784719e+02,1.082521415e+00
1699,8.495000000e-02,1.240577642e-01,2.371982231e+02,5.433355262e+01,1.817819105e+02,1.082759945e+00
1700,8.500000000e-02,1.241489352e-01,2.372622621e+02,5.429411446e+01,1.818851503e+02,1.082997344e+00
1701,8.505000000e-02,1.242400763e-01,2.373262170e+02,5.425479809e+01,1.819881853e+02,1.083233566e+00
1702,8.510000000e-02,1.243311863e-01,2.373900878e+02,5.421560709e+01,1.820910122e+02,1.083468579e+00
1703,8.515000000e-02,1.244222661e-01,2.374538750e+02,5.417654064e+01,1.821936320e+02,1.083702373e+00
1704,8.520000000e-02,1.245133173e-01,2.375175786e+02,5.413759695e+01,1.822960467e+02,1.083934969e+00
1705,8.525000000e-02,1.246043409e-01,2.375811991e+02,5.409877090e+01,1.823982617e+02,1.084166430e+00
1706,8.530000000e-02,1.246953367e-01,2.376447365e+02,5.406005896e+01,1.825002807e+02,1.084396788e+00
1707,8.535000000e-02,1.247863069e-01,2.377081912e+02,5.402145651e+01,1.826021086e+02,1.084626057e+00
1708,8.540000000e-02,1.248772527e-01,2.377715633e+02,5.398296361e+01,1.827037454e+02,1.084854272e+00
1709,8.545000000e-02,1.249681710e-01,2.378348531e+02,5.394458137e+01,1.828051903e+02,1.085081406e+00
1710,8.550000000e-02,1.250590643e-01,2.378980608e+02,5.390630245e+01,1.829064509e+02,1.085307500e+00
1711,8.555000000e-02,1.251499347e-01,2.379611867e+02,5.386812443e+01,1.830075296e+02,1.085532606e+00
1712,8.560000000e-02,1.252407820e-01,2.380242309e+02,5.383004423e+01,1.831084299e+02,1.085756722e+00
1713,8.565000000e-02,1.253316091e-01,2.380871937e+02,5.379204839e+01,1.832091653e+02,1.085979936e+00
1714,8.570000000e-02,1.254224192e-01,2.381500752e+02,5.375413135e+01,1.833097415e+02,1.086202335e+00
1715,8.575000000e-02,1.255132100e-01,2.382128757e+02,5.371629979e+01,1.834101520e+02,1.086423884e+00
1716,8.580000000e-02,1.256039798e-01,2.382755953e+02,5.367856254e+01,1.835103882e+02,1.086644548e+00
1717,8.585000000e-02,1.256947254e-01,2.383382343e+02,5.364093020e+01,1.836104398e+02,1.086864282e+00
1718,8.590000000e-02,1.257854435e-01,2.384007928e+02,5.360341272e+01,1.837102971e+02,1.087083039e+00
1719,8.595000000e-02,1.258761316e-01,2.384632711e+02,5.356601336e+01,1.838099570e+02,1.087300779e+00
1720,8.600000000e-02,1.259667911e-01,2.385256694e+02,5.352872661e+01,1.839094253e+02,1.087517529e+00
1721,8.605000000e-02,1.260574255e-01,2.385879880e+02,5.349154635e+01,1.840087083e+02,1.087733321e+00
1722,8.610000000e-02,1.261480366e-01,2.386502270e+02,5.345447339e+01,1.841078054e+02,1.087948190e+00
1723,8.615000000e-02,1.262386217e-01,2.387123866e+02,5.341751029e+01,1.842067142e+02,1.088162118e+00
1724,8.620000000e-02,1.263291810e-01,2.387744672e+02,5.338065686e+01,1.843054352e+02,1.088375125e+00
1725,8.625000000e-02,1.264197139e-01,2.388364688e+02,5.334391561e+01,1.844039660e+02,1.088587218e+00
1726,8.630000000e-02,1.265102190e-01,2.388983918e+02,5.330729106e+01,1.845023024e+02,1.088798378e+00
1727,8.635000000e-02,1.266006949e-01,2.389602363e+02,5.327078891e+01,1.846004388e+02,1.089008586e+00
1728,8.640000000e-02,1.266911397e-01,2.390220026e+02,5.323441429e+01,1.846983705e+02,1.089217821e+00
1729,8.645000000e-02,1.267815519e-01,2.390836909e+02,5.319817153e+01,1.847960933e+02,1.089426070e+00
1730,8.650000000e-02,1.268719305e-01,2.391453015e+02,5.316206399e+01,1.848936042e+02,1.089633323e+00
1731,8.655000000e-02,1.269622748e-01,2.392068346e+02,5.312609139e+01,1.849909036e+02,1.089839575e+00
1732,8.660000000e-02,1.270525863e-01,2.392682904e+02,5.309024186e+01,1.850880037e+02,1.090044862e+00
1733,8.665000000e-02,1.271428732e-01,2.393296692e+02,5.305449480e+01,1.851849251e+02,1.090249317e+00
1734,8.670000000e-02,1.272331400e-01,2.393909712e+02,5.301883521e+01,1.852816830e+02,1.090453030e+00
1735,8.675000000e-02,1.273233894e-01,2.394521966e+02,5.298324709e+01,1.853782935e+02,1.090656080e+00
1736,8.680000000e-02,1.274136260e-01,2.395133456e+02,5.294771433e+01,1.854747727e+02,1.090858593e+00
1737,8.685000000e-02,1.275038514e-01,2.395744183e+02,5.291223781e+01,1.855711199e+02,1.091060589e+00
1738,8.690000000e-02,1.275940619e-01,2.396354150e+02,5.287682957e+01,1.856673234e+02,1.091262024e+00
1739,8.695000000e-02,1.276842528e-01,2.396963357e+02,5.284150292e+01,1.857633699e+02,1.091462834e+00
1740,8.700000000e-02,1.277744207e-01,2.397571806e+02,5.280626775e+01,1.858592498e+02,1.091662962e+00
1741,8.705000000e-02,1.278645645e-01,2.398179499e+02,5.277112841e+01,1.859549591e+02,1.091862370e+00
1742,8.710000000e-02,1.279546847e-01,2.398786438e+02,5.273608678e+01,1.860504960e+02,1.092061041e+00
1743,8.715000000e-02,1.280447814e-01,2.399392625e+02,5.270119582e+01,1.861458078e+02,1.092258974e+00
1744,8.720000000e-02,1.281348473e-01,2.399998063e+02,5.266644303e+01,1.862409073e+02,1.092456006e+00
1745,8.725000000e-02,1.282248837e-01,2.400602754e+02,5.263181125e+01,1.863358119e+02,1.092652206e+00
1746,8.730000000e-02,1.283148929e-01,2.401206700e+02,5.259728401e+01,1.864305383e+02,1.092847659e+00
1747,8.735000000e-02,1.284048800e-01,2.401809903e+02,5.256284798e+01,1.865250999e+02,1.093042429e+00
1748,8.740000000e-02,1.284948458e-01,2.402412365e+02,5.252850157e+01,1.866194984e+02,1.093236553e+00
1749,8.745000000e-02,1.285847879e-01,2.403014089e+02,5.249424755e+01,1.867137313e+02,1.093430015e+00
1750,8.750000000e-02,1.286747068e-01,2.403615076e+02,5.246008349e+01,1.868078013e+02,1.093622834e+00
1751,8.755000000e-02,1.287646032e-01,2.404215328e+02,5.242600761e+01,1.869017101e+02,1.093815051e+00
1752,8.760000000e-02,1.288544756e-01,2.404814847e+02,5.239201801e+01,1.869954600e+02,1.094006649e+00
1753,8.765000000e-02,1.289443266e-01,2.405413634e+02,5.235810228e+01,1.870890634e+02,1.094197708e+00
1754,8.770000000e-02,1.290341596e-01,2.406011692e+02,5.232424943e+01,1.871825314e+02,1.094388325e+00
1755,8.775000000e-02,1.291239755e-01,2.406609022e+02,5.229045744e+01,1.872758662e+02,1.094578545e+00
1756,8.780000000e-02,1.292137728e-01,2.407205625e+02,5.225673292e+01,1.873690613e+02,1.094768327e+00
1757,8.785000000e-02,1.293035499e-01,2.407801504e+02,5.222307665e+01,1.874621161e+02,1.094957632e+00
1758,8.790000000e-02,1.293933112e-01,2.408396659e+02,5.218948004e+01,1.875550394e+02,1.095146496e+00
1759,8.795000000e-02,1.294830581e-01,2.408991093e+02,5.215594123e+01,1.876478331e+02,1.095334973e+00
1760,8.800000000e-02,1.295727881e-01,2.409584806e+02,5.212246104e+01,1.877404965e+02,1.095523046e+00
1761,8.805000000e-02,1.296625040e-01,2.410177801e+02,5.208902975e+01,1.878330396e+02,1.095710750e+00
1762,8.810000000e-02,1.297522108e-01,2.410770078e+02,5.205563627e+01,1.879254734e+02,1.095898187e+00
1763,8.815000000e-02,1.298419077e-01,2.411361640e+02,5.202228104e+01,1.880177975e+02,1.096085385e+00
1764,8.820000000e-02,1.299315932e-01,2.411952486e+02,5.198896792e+01,1.881100084e+02,1.096272310e+00
1765,8.825000000e-02,1.300212689e-01,2.412542619e+02,5.195570320e+01,1.882020998e+02,1.096458959e+00
1766,8.830000000e-02,1.301109310e-01,2.413132040e+02,5.192249728e+01,1.882940614e+02,1.096645309e+00
1767,8.835000000e-02,1.302005760e-01,2.413720751e+02,5.188935428e+01,1.883858895e+02,1.096831328e+00
1768,8.840000000e-02,1.302902055e-01,2.414308752e+02,5.185626782e+01,1.884775903e+02,1.097017069e+00
1769,8.845000000e-02,1.303798213e-01,2.414896045e+02,5.182324037e+01,1.885691616e+02,1.097202544e+00
1770,8.850000000e-02,1.304694195e-01,2.415482632e+02,5.179028096e+01,1.886605945e+02,1.097387739e+00
1771,8.855000000e-02,1.305589973e-01,2.416068514e+02,5.175739677e+01,1.887518820e+02,1.097572636e+00
1772,8.860000000e-02,1.306485532e-01,2.416653692e+02,5.172459051e+01,1.888430215e+02,1.097757225e+00
1773,8.865000000e-02,1.307380882e-01,2.417238170e+02,5.169186120e+01,1.889340142e+02,1.097941525e+00
1774,8.870000000e-02,1.308276039e-01,2.417821947e+02,5.165920863e+01,1.890248605e+02,1.098125566e+00
1775,8.875000000e-02,1.309170994e-01,2.418405026e+02,5.162663379e+01,1.891155595e+02,1.098309370e+00
1776,8.880000000e-02,1.310065748e-01,2.418987409e+02,5.159413540e+01,1.892061125e+02,1.098492960e+00
1777,8.885000000e-02,1.310960319e-01,2.419569097e+02,5.156171171e+01,1.892965216e+02,1.098676374e+00
1778,8.890000000e-02,1.311854705e-01,2.420150091e+02,5.152935672e+01,1.893867928e+02,1.098859649e+00
1779,8.895000000e-02,1.312748935e-01,2.420730394e+02,5.149706039e+01,1.894769361e+02,1.099042875e+00
1780,8.900000000e-02,1.313643007e-01,2.421310007e+02,5.146482217e+01,1.895669524e+02,1.099226106e+00
1781,8.905000000e-02,1.314536906e-01,2.421888930e+02,5.143264237e+01,1.896568413e+02,1.099409365e+00
1782,8.910000000e-02,1.315430644e-01,2.422467167e+02,5.140051450e+01,1.897466095e+02,1.099592693e+00
1783,8.915000000e-02,1.316324226e-01,2.423044717e+02,5.136842601e+01,1.898362696e+02,1.099776127e+00
1784,8.920000000e-02,1.317217707e-01,2.423621583e+02,5.133636689e+01,1.899258317e+02,1.099959732e+00
1785,8.925000000e-02,1.318111082e-01,2.424197766e+02,5.130432462e+01,1.900153084e+02,1.100143522e+00
1786,8.930000000e-02,1.319004365e-01,2.424773266e+02,5.127228682e+01,1.901047123e+02,1.100327479e+00
1787,8.935000000e-02,1.319897611e-01,2.425348084e+02,5.124024137e+01,1.901940554e+02,1.100511655e+00
1788,8.940000000e-02,1.320790827e-01,2.425922221e+02,5.120818711e+01,1.902833390e+02,1.100696028e+00
1789,8.945000000e-02,1.321684018e-01,2.426495679e+02,5.117612771e+01,1.903725596e+02,1.100880562e+00
1790,8.950000000e-02,1.322577159e-01,2.427068456e+02,5.114406712e+01,1.904617133e+02,1.101065199e+00
1791,8.955000000e-02,1.323470255e-01,2.427640556e+02,5.111199537e+01,1.905508103e+02,1.101249925e+00
1792,8.960000000e-02,1.324363330e-01,2.428211976e+02,5.107991192e+01,1.906398510e+02,1.101434708e+00
1793,8.965000000e-02,1.325256376e-01,2.428782720e+02,5.104782437e+01,1.907288281e+02,1.101619482e+00
1794,8.970000000e-02,1.326149362e-01,2.429352787e+02,5.101574302e+01,1.908177315e+02,1.101804170e+00
1795,8.975000000e-02,1.327042262e-01,2.429922177e+02,5.098367781e+01,1.909065512e+02,1.101988701e+00
1796,8.980000000e-02,1.327935053e-01,2.430490893e+02,5.095163785e+01,1.909952784e+02,1.102173015e+00
1797,8.985000000e-02,1.328827715e-01,2.431058934e+02,5.091963077e+01,1.910839056e+02,1.102357058e+00
1798,8.990000000e-02,1.329720234e-01,2.431626303e+02,5.088766297e+01,1.911724265e+02,1.102540787e+00
1799,8.995000000e-02,1.330612594e-01,2.432192999e+02,5.085573992e+01,1.912608358e+02,1.102724168e+00
1800,9.000000000e-02,1.331504788e-01,2.432759025e+02,5.082386508e+01,1.913491302e+02,1.102907171e+00
1801,9.005000000e-02,1.332396812e-01,2.433324381e+02,5.079202553e+01,1.914373228e+02,1.103089786e+00
1802,9.010000000e-02,1.333288797e-01,2.433889069e+02,5.076019148e+01,1.915254432e+02,1.103272207e+00
1803,9.015000000e-02,1.334180794e-01,2.434453090e+02,5.072835033e+01,1.916135041e+02,1.103454505e+00
1804,9.020000000e-02,1.335072818e-01,2.435016444e+02,5.069649877e+01,1.917015089e+02,1.103636740e+00
1805,9.025000000e-02,1.335964830e-01,2.435579132e+02,5.066464617e+01,1.917894482e+02,1.103818879e+00
1806,9.030000000e-02,1.336856785e-01,2.436141155e+02,5.063280310e+01,1.918773116e+02,1.104000855e+00
1807,9.035000000e-02,1.337748667e-01,2.436702514e+02,5.060097680e+01,1.919650920e+02,1.104182623e+00
1808,9.040000000e-02,1.338640459e-01,2.437263209e+02,5.056917517e+01,1.920527816e+02,1.104364147e+00
1809,9.045000000e-02,1.339532138e-01,2.437823242e+02,5.053740636e+01,1.921403724e+02,1.104545387e+00
1810,9.050000000e-02,1.340423684e-01,2.438382613e+02,5.050567255e+01,1.922278624e+02,1.104726306e+00
1811,9.055000000e-02,1.341315128e-01,2.438941323e+02,5.047396087e+01,1.923152645e+02,1.104906943e+00
1812,9.060000000e-02,1.342206543e-01,2.439499374e+02,5.044225768e+01,1.924025924e+02,1.105087395e+00
1813,9.065000000e-02,1.343097938e-01,2.440056767e+02,5.041056313e+01,1.924898459e+02,1.105267683e+00
1814,9.070000000e-02,1.343989275e-01,2.440613502e+02,5.037888309e+01,1.925770193e+02,1.105447780e+00
1815,9.075000000e-02,1.344880545e-01,2.441169580e+02,5.034722280e+01,1.926641075e+02,1.105627670e+00
1816,9.080000000e-02,1.345771727e-01,2.441725002e+02,5.031558940e+01,1.927511035e+02,1.105807332e+00
1817,9.085000000e-02,1.346662795e-01,2.442279770e+02,5.028399048e+01,1.928379998e+02,1.105986731e+00
1818,9.090000000e-02,1.347553729e-01,2.442833883e+02,5.025242875e+01,1.929247937e+02,1.106165835e+00
1819,9.095000000e-02,1.348444541e-01,2.443387344e+02,5.022089568e+01,1.930114940e+02,1.106344691e+00
1820,9.100000000e-02,1.349335270e-01,2.443940153e+02,5.018938112e+01,1.930981108e+02,1.106523360e+00
1821,9.105000000e-02,1.350225929e-01,2.444492311e+02,5.015787480e+01,1.931846545e+02,1.106701871e+00
1822,9.110000000e-02,1.351116578e-01,2.445043820e+02,5.012636147e+01,1.932711402e+02,1.106880306e+00
1823,9.115000000e-02,1.352007229e-01,2.445594679e+02,5.009482869e+01,1.933575805e+02,1.107058732e+00
1824,9.120000000e-02,1.352897913e-01,2.446144890e+02,5.006326913e+01,1.934439827e+02,1.107237236e+00
1825,9.125000000e-02,1.353788596e-01,2.446694453e+02,5.003169486e+01,1.935303347e+02,1.107415762e+00
1826,9.130000000e-02,1.354679236e-01,2.447243368e+02,5.000011908e+01,1.936166235e+02,1.107594234e+00
1827,9.135000000e-02,1.355569816e-01,2.447791636e+02,4.996855148e+01,1.937028396e+02,1.107772598e+00
1828,9.140000000e-02,1.356460323e-01,2.448339258e+02,4.993699834e+01,1.937889767e+02,1.107950832e+00
1829,9.145000000e-02,1.357350729e-01,2.448886235e+02,4.990546603e+01,1.938750286e+02,1.108128898e+00
1830,9.150000000e-02,1.358241033e-01,2.449432567e+02,4.987395194e+01,1.939609980e+02,1.108306772e+00
1831,9.155000000e-02,1.359131290e-01,2.449978256e+02,4.984244505e+01,1.940468960e+02,1.108484511e+00
1832,9.160000000e-02,1.360021506e-01,2.450523301e+02,4.981094069e+01,1.941327273e+02,1.108662146e+00
1833,9.165000000e-02,1.360911671e-01,2.451067705e+02,4.977943086e+01,1.942185000e+02,1.108839664e+00
1834,9.170000000e-02,1.361801860e-01,2.451611468e+02,4.974790931e+01,1.943042204e+02,1.109017095e+00
1835,9.175000000e-02,1.362692057e-01,2.452154589e+02,4.971638044e+01,1.943898841e+02,1.109194430e+00
1836,9.180000000e-02,1.363582229e-01,2.452697071e+02,4.968485007e+01,1.944754854e+02,1.109371627e+00
1837,9.185000000e-02,1.364472350e-01,2.453238913e+02,4.965332327e+01,1.945610194e+02,1.109548631e+00
1838,9.190000000e-02,1.365362425e-01,2.453780117e+02,4.962180358e+01,1.946464827e+02,1.109725403e+00
1839,9.195000000e-02,1.366252438e-01,2.454320682e+02,4.959029729e+01,1.947318690e+02,1.109901907e+00
1840,9.200000000e-02,1.367142360e-01,2.454860611e+02,4.955881178e+01,1.948171712e+02,1.110078100e+00
1841,9.205000000e-02,1.368032173e-01,2.455399903e+02,4.952735290e+01,1.949023834e+02,1.110253943e+00
1842,9.210000000e-02,1.368921865e-01,2.455938559e+02,4.949592131e+01,1.949875052e+02,1.110429403e+00
1843,9.215000000e-02,1.369811464e-01,2.456476582e+02,4.946450870e+01,1.950725450e+02,1.110604493e+00
1844,9.220000000e-02,1.370701010e-01,2.457013970e+02,4.943310623e+01,1.951575116e+02,1.110779255e+00
1845,9.225000000e-02,1.371590525e-01,2.457550727e+02,4.940170915e+01,1.952424098e+02,1.110953740e+00
1846,9.230000000e-02,1.372479983e-01,2.458086851e+02,4.937032484e+01,1.953272324e+02,1.111127922e+00
1847,9.235000000e-02,1.373369358e-01,2.458622345e+02,4.933895971e+01,1.954119730e+02,1.111301763e+00
1848,9.240000000e-02,1.374258648e-01,2.459157208e+02,4.930761858e+01,1.954966270e+02,1.111475235e+00
1849,9.245000000e-02,1.375147836e-01,2.459691442e+02,4.927630592e+01,1.955811900e+02,1.111648311e+00
1850,9.250000000e-02,1.376036916e-01,2.460225048e+02,4.924502574e+01,1.956656581e+02,1.111820964e+00
1851,9.255000000e-02,1.376925878e-01,2.460758026e+02,4.921378013e+01,1.957500293e+02,1.111993170e+00
1852,9.260000000e-02,1.377814733e-01,2.461290378e+02,4.918257092e+01,1.958343020e+02,1.112164919e+00
1853,9.265000000e-02,1.378703470e-01,2.461822105e+02,4.915139911e+01,1.959184752e+02,1.112336196e+00
1854,9.270000000e-02,1.379592101e-01,2.462353208e+02,4.912026618e+01,1.960025476e+02,1.112507000e+00
1855,9.275000000e-02,1.380480608e-01,2.462883688e+02,4.908919160e+01,1.960864999e+02,1.112677319e+00
1856,9.280000000e-02,1.381368962e-01,2.463413546e+02,4.905817776e+01,1.961703299e+02,1.112846958e+00
1857,9.285000000e-02,1.382257215e-01,2.463942784e+02,4.902721518e+01,1.962540473e+02,1.113015941e+00
1858,9.290000000e-02,1.383145366e-01,2.464471402e+02,4.899630290e+01,1.963376530e+02,1.113184321e+00
1859,9.295000000e-02,1.384033390e-01,2.464999402e+02,4.896544417e+01,1.964211440e+02,1.113352111e+00
1860,9.300000000e-02,1.384921267e-01,2.465526786e+02,4.893464230e+01,1.965045170e+02,1.113519310e+00
1861,9.305000000e-02,1.385808981e-01,2.466053554e+02,4.890389803e+01,1.965877714e+02,1.113685915e+00
1862,9.310000000e-02,1.386696542e-01,2.466579708e+02,4.887321204e+01,1.966709068e+02,1.113851932e+00
1863,9.315000000e-02,1.387583938e-01,2.467105248e+02,4.884258599e+01,1.967539215e+02,1.114017361e+00
1864,9.320000000e-02,1.388471162e-01,2.467630177e+02,4.881201610e+01,1.968368194e+02,1.114182202e+00
1865,9.325000000e-02,1.389358259e-01,2.468154496e+02,4.878149208e+01,1.969196110e+02,1.114346501e+00
1866,9.330000000e-02,1.390245258e-01,2.468678206e+02,4.875100909e+01,1.970023012e+02,1.114510317e+00
1867,9.335000000e-02,1.391132145e-01,2.469201307e+02,4.872056910e+01,1.970848879e+02,1.114673655e+00
1868,9.340000000e-02,1.392018901e-01,2.469723801e+02,4.869017266e+01,1.971673710e+02,1.114836501e+00
1869,9.345000000e-02,1.392905540e-01,2.470245690e+02,4.865981350e+01,1.972497566e+02,1.114998876e+00
1870,9.350000000e-02,1.393792096e-01,2.470766974e+02,4.862948256e+01,1.973320540e+02,1.115160841e+00
1871,9.355000000e-02,1.394678594e-01,2.471287654e+02,4.859917606e+01,1.974142669e+02,1.115322443e+00
1872,9.360000000e-02,1.395565014e-01,2.471807731e+02,4.856889780e+01,1.974963916e+02,1.115483667e+00
1873,9.365000000e-02,1.396451337e-01,2.472327206e+02,4.853864777e+01,1.975784283e+02,1.115644494e+00
1874,9.370000000e-02,1.397337589e-01,2.472846080e+02,4.850842106e+01,1.976603820e+02,1.115804984e+00
1875,9.375000000e-02,1.398223752e-01,2.473364354e+02,4.847822147e+01,1.977422488e+02,1.115965125e+00
1876,9.380000000e-02,1.399109805e-01,2.473882029e+02,4.844805615e+01,1.978240219e+02,1.116124880e+00
1877,9.385000000e-02,1.399995725e-01,2.474399106e+02,4.841793198e+01,1.979056944e+02,1.116284209e+00
1878,9.390000000e-02,1.400881500e-01,2.474915585e+02,4.838784891e+01,1.979872665e+02,1.116443081e+00
1879,9.395000000e-02,1.401767167e-01,2.475431469e+02,4.835779566e+01,1.980687497e+02,1.116601542e+00
1880,9.400000000e-02,1.402652781e-01,2.475946757e+02,4.832776071e+01,1.981501553e+02,1.116759674e+00
1881,9.405000000e-02,1.403538356e-01,2.476461451e+02,4.829774528e+01,1.982314824e+02,1.116917487e+00
1882,9.410000000e-02,1.404423854e-01,2.476975552e+02,4.826775794e+01,1.983127223e+02,1.117074947e+00
1883,9.415000000e-02,1.405309242e-01,2.477489061e+02,4.823780744e+01,1.983938666e+02,1.117232015e+00
1884,9.420000000e-02,1.406194497e-01,2.478001978e+02,4.820789989e+01,1.984749092e+02,1.117388655e+00
1885,9.425000000e-02,1.407079618e-01,2.478514304e+02,4.817803950e+01,1.985558461e+02,1.117544845e+00
1886,9.430000000e-02,1.407964606e-01,2.479026041e+02,4.814822813e+01,1.986366755e+02,1.117700556e+00
1887,9.435000000e-02,1.408849451e-01,2.479537190e+02,4.811846810e+01,1.987173952e+02,1.117855778e+00
1888,9.440000000e-02,1.409734155e-01,2.480047752e+02,4.808875712e+01,1.987980076e+02,1.118010502e+00
1889,9.445000000e-02,1.410618756e-01,2.480557729e+02,4.805908571e+01,1.988785224e+02,1.118164774e+00
1890,9.450000000e-02,1.411503281e-01,2.481067120e+02,4.802944572e+01,1.989589476e+02,1.118318627e+00
1891,9.455000000e-02,1.412387762e-01,2.481575927e+02,4.799983083e+01,1.990392898e+02,1.118472124e+00
1892,9.460000000e-02,1.413272177e-01,2.482084152e+02,4.797023950e+01,1.991195504e+02,1.118625278e+00
1893,9.465000000e-02,1.414156535e-01,2.482591795e+02,4.794066699e+01,1.991997344e+02,1.118778100e+00
1894,9.470000000e-02,1.415040860e-01,2.483098856e+02,4.791111218e+01,1.992798428e+02,1.118930630e+00
1895,9.475000000e-02,1.415925125e-01,2.483605337e+02,4.788158092e+01,1.993598699e+02,1.119082845e+00
1896,9.480000000e-02,1.416809311e-01,2.484111239e+02,4.785207344e+01,1.994398157e+02,1.119234726e+00
1897,9.485000000e-02,1.417693433e-01,2.484616562e+02,4.782258013e+01,1.995196897e+02,1.119386337e+00
1898,9.490000000e-02,1.418577526e-01,2.485121307e+02,4.779309556e+01,1.995994974e+02,1.119537726e+00
1899,9.495000000e-02,1.419461567e-01,2.485625475e+02,4.776362435e+01,1.996792342e+02,1.119688876e+00
1900,9.500000000e-02,1.420345539e-01,2.486129066e+02,4.773417086e+01,1.997588960e+02,1.119839745e+00
1901,9.505000000e-02,1.421229438e-01,2.486632082e+02,4.770473261e+01,1.998384853e+02,1.119990315e+00
1902,9.510000000e-02,1.422113300e-01,2.487134523e+02,4.767529986e+01,1.999180118e+02,1.120140636e+00
1903,9.515000000e-02,1.422997134e-01,2.487636390e+02,4.764587207e+01,1.999974762e+02,1.120290725e+00
1904,9.520000000e-02,1.423880929e-01,2.488137683e+02,4.761645680e+01,2.000768710e+02,1.120440566e+00
1905,9.525000000e-02,1.424764641e-01,2.488638404e+02,4.758706603e+01,2.001561843e+02,1.120590108e+00
1906,9.530000000e-02,1.425648240e-01,2.489138553e+02,4.755770878e+01,2.002354072e+02,1.120739302e+00
1907,9.535000000e-02,1.426531720e-01,2.489638130e+02,4.752839031e+01,2.003145346e+02,1.120888113e+00
1908,9.540000000e-02,1.427415077e-01,2.490137138e+02,4.749911522e+01,2.003935620e+02,1.121036518e+00
1909,9.545000000e-02,1.428298291e-01,2.490635576e+02,4.746988453e+01,2.004724886e+02,1.121184489e+00
1910,9.550000000e-02,1.429181394e-01,2.491133446e+02,4.744069420e+01,2.005513184e+02,1.121332024e+00
1911,9.555000000e-02,1.430064429e-01,2.491630750e+02,4.741154212e+01,2.006300537e+02,1.121479146e+00
1912,9.560000000e-02,1.430947378e-01,2.492127487e+02,4.738243189e+01,2.007086910e+02,1.121625853e+00
1913,9.565000000e-02,1.431830216e-01,2.492623660e+02,4.735336871e+01,2.007872251e+02,1.121772129e+00
1914,9.570000000e-02,1.432712922e-01,2.493119268e+02,4.732435311e+01,2.008656558e+02,1.121917953e+00
1915,9.575000000e-02,1.433595530e-01,2.493614314e+02,4.729537989e+01,2.009439882e+02,1.122063341e+00
1916,9.580000000e-02,1.434478053e-01,2.494108798e+02,4.726644943e+01,2.010222221e+02,1.122208308e+00
1917,9.585000000e-02,1.435360458e-01,2.494602721e+02,4.723756720e+01,2.011003521e+02,1.122352839e+00
1918,9.590000000e-02,1.436242726e-01,2.495096085e+02,4.720873355e+01,2.011783780e+02,1.122496915e+00
1919,9.595000000e-02,1.437124878e-01,2.495588890e+02,4.717994133e+01,2.012563071e+02,1.122640585e+00
1920,9.600000000e-02,1.438006911e-01,2.496081137e+02,4.715118894e+01,2.013341409e+02,1.122783858e+00
1921,9.605000000e-02,1.438888841e-01,2.496572828e+02,4.712247487e+01,2.014118812e+02,1.122926743e+00
1922,9.610000000e-02,1.439770682e-01,2.497063964e+02,4.709379938e+01,2.014895278e+02,1.123069243e+00
1923,9.615000000e-02,1.440652427e-01,2.497554545e+02,4.706516132e+01,2.015670818e+02,1.123211367e+00
1924,9.620000000e-02,1.441534074e-01,2.498044572e+02,4.703656056e+01,2.016445435e+02,1.123353136e+00
1925,9.625000000e-02,1.442415608e-01,2.498534047e+02,4.700800280e+01,2.017219073e+02,1.123494526e+00
1926,9.630000000e-02,1.443297006e-01,2.499022970e+02,4.697949395e+01,2.017991675e+02,1.123635510e+00
1927,9.635000000e-02,1.444178255e-01,2.499511342e+02,4.695103846e+01,2.018763197e+02,1.123776065e+00
1928,9.640000000e-02,1.445059348e-01,2.499999165e+02,4.692263763e+01,2.019533627e+02,1.123916176e+00
1929,9.645000000e-02,1.445940303e-01,2.500486440e+02,4.689429286e+01,2.020302953e+02,1.124055835e+00
1930,9.650000000e-02,1.446821104e-01,2.500973167e+02,4.686600726e+01,2.021071144e+02,1.124195035e+00
1931,9.655000000e-02,1.447701741e-01,2.501459349e+02,4.683778344e+01,2.021838177e+02,1.124333766e+00
1932,9.660000000e-02,1.448582207e-01,2.501944985e+02,4.680962370e+01,2.022604028e+02,1.124472019e+00
1933,9.665000000e-02,1.449462495e-01,2.502430078e+02,4.678152918e+01,2.023368689e+02,1.124609790e+00
1934,9.670000000e-02,1.450342603e-01,2.502914629e+02,4.675349910e+01,2.024132167e+02,1.124747076e+00
1935,9.675000000e-02,1.451222551e-01,2.503398638e+02,4.672552895e+01,2.024894510e+02,1.124883897e+00
1936,9.680000000e-02,1.452102348e-01,2.503882108e+02,4.669761769e+01,2.025655728e+02,1.125020274e+00
1937,9.685000000e-02,1.452981984e-01,2.504365039e+02,4.666976451e+01,2.026415832e+02,1.125156198e+00
1938,9.690000000e-02,1.453861478e-01,2.504847432e+02,4.664196262e+01,2.027174889e+02,1.125291679e+00
1939,9.695000000e-02,1.454740883e-01,2.505329288e+02,4.661420518e+01,2.027932969e+02,1.125426763e+00
1940,9.700000000e-02,1.455620202e-01,2.505810609e+02,4.658649015e+01,2.028690093e+02,1.125561456e+00
1941,9.705000000e-02,1.456499451e-01,2.506291396e+02,4.655881279e+01,2.029446310e+02,1.125695771e+00
1942,9.710000000e-02,1.457378658e-01,2.506771649e+02,4.653116126e+01,2.030201739e+02,1.125829754e+00
1943,9.715000000e-02,1.458257841e-01,2.507251370e+02,4.650352398e+01,2.030956495e+02,1.125963468e+00
1944,9.720000000e-02,1.459137014e-01,2.507730558e+02,4.647589877e+01,2.031710601e+02,1.126096964e+00
1945,9.725000000e-02,1.460016148e-01,2.508209216e+02,4.644829320e+01,2.032463982e+02,1.126230221e+00
1946,9.730000000e-02,1.460895211e-01,2.508687343e+02,4.642071458e+01,2.033216565e+02,1.126363202e+00
1947,9.735000000e-02,1.461774192e-01,2.509164940e+02,4.639316445e+01,2.033968337e+02,1.126495893e+00
1948,9.740000000e-02,1.462653095e-01,2.509642009e+02,4.636564254e+01,2.034719300e+02,1.126628313e+00
1949,9.745000000e-02,1.463531904e-01,2.510118549e+02,4.633815263e+01,2.035469419e+02,1.126760437e+00
1950,9.750000000e-02,1.464410610e-01,2.510594563e+02,4.631069813e+01,2.036218659e+02,1.126892233e+00
1951,9.755000000e-02,1.465289221e-01,2.511070050e+02,4.628328045e+01,2.036967008e+02,1.127023685e+00
1952,9.760000000e-02,1.466167737e-01,2.511545011e+02,4.625590397e+01,2.037714424e+02,1.127154776e+00
1953,9.765000000e-02,1.467046137e-01,2.512019449e+02,4.622857250e+01,2.038460869e+02,1.127285486e+00
1954,9.770000000e-02,1.467924419e-01,2.512493362e+02,4.620128456e+01,2.039206359e+02,1.127415808e+00
1955,9.775000000e-02,1.468802601e-01,2.512966754e+02,4.617403771e+01,2.039950919e+02,1.127545771e+00
1956,9.780000000e-02,1.469680680e-01,2.513439624e+02,4.614683435e+01,2.040694526e+02,1.127675372e+00
1957,9.785000000e-02,1.470558640e-01,2.513911973e+02,4.611967521e+01,2.041437175e+02,1.127804594e+00
1958,9.790000000e-02,1.471436506e-01,2.514383803e+02,4.609255526e+01,2.042178916e+02,1.127933459e+00
1959,9.795000000e-02,1.472314275e-01,2.514855114e+02,4.606547449e+01,2.042919749e+02,1.128061987e+00
1960,9.800000000e-02,1.473191928e-01,2.515325908e+02,4.603843779e+01,2.043659628e+02,1.128190164e+00
1961,9.805000000e-02,1.474069445e-01,2.515796184e+02,4.601145076e+01,2.044398497e+02,1.128317967e+00
1962,9.810000000e-02,1.474946813e-01,2.516265946e+02,4.598451826e+01,2.045136309e+02,1.128445372e+00
1963,9.815000000e-02,1.475824021e-01,2.516735192e+02,4.595764414e+01,2.045873027e+02,1.128572364e+00
1964,9.820000000e-02,1.476701060e-01,2.517203925e+02,4.593083140e+01,2.046608622e+02,1.128698930e+00
1965,9.825000000e-02,1.477577925e-01,2.517672146e+02,4.590408230e+01,2.047343072e+02,1.128825060e+00
1966,9.830000000e-02,1.478454613e-01,2.518139855e+02,4.587739718e+01,2.048076376e+02,1.128950748e+00
1967,9.835000000e-02,1.479331138e-01,2.518607054e+02,4.585077394e+01,2.048808555e+02,1.129075994e+00
1968,9.840000000e-02,1.480207518e-01,2.519073745e+02,4.582420481e+01,2.049539688e+02,1.129200829e+00
1969,9.845000000e-02,1.481083789e-01,2.519539927e+02,4.579768167e+01,2.050269857e+02,1.129325312e+00
1970,9.850000000e-02,1.481959951e-01,2.520005603e+02,4.577120348e+01,2.050999073e+02,1.129449453e+00
1971,9.855000000e-02,1.482836003e-01,2.520470773e+02,4.574476309e+01,2.051727409e+02,1.129573244e+00
1972,9.860000000e-02,1.483712017e-01,2.520935438e+02,4.571834345e+01,2.052455035e+02,1.129696813e+00
1973,9.865000000e-02,1.484587985e-01,2.521399599e+02,4.569194250e+01,2.053181972e+02,1.129820179e+00
1974,9.870000000e-02,1.485463924e-01,2.521863256e+02,4.566555819e+01,2.053908241e+02,1.129943344e+00
1975,9.875000000e-02,1.486339842e-01,2.522326411e+02,4.563919353e+01,2.054633813e+02,1.130066314e+00
1976,9.880000000e-02,1.487215699e-01,2.522789064e+02,4.561285681e+01,2.055358606e+02,1.130189055e+00
1977,9.885000000e-02,1.488091473e-01,2.523251216e+02,4.558654718e+01,2.056082629e+02,1.130311545e+00
1978,9.890000000e-02,1.488967216e-01,2.523712867e+02,4.556025441e+01,2.056805985e+02,1.130433845e+00
1979,9.895000000e-02,1.489842912e-01,2.524174019e+02,4.553397967e+01,2.057528663e+02,1.130555953e+00
1980,9.900000000e-02,1.490718564e-01,2.524634672e+02,4.550772586e+01,2.058250634e+02,1.130677873e+00
1981,9.905000000e-02,1.491594156e-01,2.525094826e+02,4.548150071e+01,2.058971823e+02,1.130799578e+00
1982,9.910000000e-02,1.492469655e-01,2.525554483e+02,4.545531156e+01,2.059692157e+02,1.130921035e+00
1983,9.915000000e-02,1.493345051e-01,2.526013643e+02,4.542915767e+01,2.060411644e+02,1.131042224e+00
1984,9.920000000e-02,1.494220389e-01,2.526472307e+02,4.540303347e+01,2.061130340e+02,1.131163182e+00
1985,9.925000000e-02,1.495095651e-01,2.526930476e+02,4.537694186e+01,2.061848218e+02,1.131283913e+00
1986,9.930000000e-02,1.495970821e-01,2.527388151e+02,4.535088854e+01,2.062565221e+02,1.131404394e+00
1987,9.935000000e-02,1.496845881e-01,2.527845332e+02,4.532487926e+01,2.063281293e+02,1.131524602e+00
1988,9.940000000e-02,1.497720818e-01,2.528302021e+02,4.529891858e+01,2.063996390e+02,1.131644516e+00
1989,9.945000000e-02,1.498595626e-01,2.528758218e+02,4.527301043e+01,2.064710473e+02,1.131764123e+00
1990,9.950000000e-02,1.499470289e-01,2.529213925e+02,4.524715854e+01,2.065423506e+02,1.131883410e+00
1991,9.955000000e-02,1.500344797e-01,2.529669143e+02,4.522136575e+01,2.066135462e+02,1.132002370e+00
1992,9.960000000e-02,1.501219142e-01,2.530123872e+02,4.519563274e+01,2.066846334e+02,1.132120998e+00
1993,9.965000000e-02,1.502093342e-01,2.530578114e+02,4.516995828e+01,2.067556138e+02,1.132239297e+00
1994,9.970000000e-02,1.502967397e-01,2.531031869e+02,4.514434315e+01,2.068264865e+02,1.132357276e+00
1995,9.975000000e-02,1.503841295e-01,2.531485139e+02,4.511878637e+01,2.068972526e+02,1.132474932e+00
1996,9.980000000e-02,1.504715054e-01,2.531937926e+02,4.509328088e+01,2.069679194e+02,1.132592283e+00
1997,9.985000000e-02,1.505588726e-01,2.532390229e+02,4.506781714e+01,2.070384964e+02,1.132709394e+00
1998,9.990000000e-02,1.506462317e-01,2.532842050e+02,4.504239411e+01,2.071089846e+02,1.132826279e+00
1999,9.995000000e-02,1.507335821e-01,2.533293390e+02,4.501701435e+01,2.071793818e+02,1.132942939e+00
2000,1.000000000e-01,1.508209215e-01,2.533744250e+02,4.499168133e+01,2.072496843e+02,1.133059365e+00
