normalized_time,displacement_mm,cmod_mm,load_N
0,0,0,-0
0.00050000002374872565,-4.9999998736893758e-05,2.2710610664944397e-05,9.4843723773956299
0.0010000000474974513,-9.9999997473787516e-05,4.5421221329888795e-05,18.96874475479126
0.001500000013038516,-0.0001500000071246177,6.8131830630591139e-05,28.453117966651917
0.0020000000949949026,-0.00019999999494757503,9.0842442659777589e-05,37.93748950958252
0.0024999999441206455,-0.00025000001187436283,0.00011355305468896404,47.421863079071045
0.0030000000260770321,-0.00030000001424923539,0.00013626366126118228,56.906235933303833
0.0035000001080334187,-0.0003499999875202775,0.00015897427874733694,66.390607595443726
0.0040000001899898052,-0.00039999998989515007,0.00018168488531955518,75.874979019165039
0.0044999998062849045,-0.00044999999227002263,0.00020439549189177342,85.359352111816406
0.004999999888241291,-0.00050000002374872565,0.00022710610937792808,94.84372615814209
0.0054999999701976776,-0.00054999999701976776,0.00024981673050206155,104.32809829711914
0.0060000000521540642,-0.00060000002849847078,0.00027252732252236456,113.81247186660767
0.0065000001341104507,-0.00065000000176951289,0.00029523794364649802,123.29684352874756
0.0070000002160668373,-0.000699999975040555,0.00031794855749467388,132.78121519088745
0.0074999998323619366,-0.00075000000651925802,0.00034065914951497689,142.26558685302734
0.0080000003799796104,-0.00079999997979030013,0.00036336977063911036,151.74995803833008
0.008500000461935997,-0.00085000001126900315,0.00038608036265941337,161.23433399200439
0.008999999612569809,-0.00089999998454004526,0.00040879098378354684,170.71870422363281
0.0094999996945261955,-0.00095000001601874828,0.00043150159763172269,180.2030782699585
0.0099999997764825821,-0.0010000000474974513,0.00045421221875585616,189.68745231628418
0.010499999858438969,-0.0010499999625608325,0.00047692283987998962,199.1718225479126
0.010999999940395355,-0.0010999999940395355,0.00049963346100412309,208.65619659423828
0.011500000022351742,-0.0011500000255182385,0.00052234402392059565,218.14056587219238
0.012000000104308128,-0.0012000000569969416,0.00054505464504472911,227.62494373321533
0.012500000186264515,-0.0012499999720603228,0.00056776526616886258,237.10931205749512
0.013000000268220901,-0.0013000000035390258,0.00059047588729299605,246.59368705749512
0.013500000350177288,-0.0013500000350177288,0.00061318650841712952,256.0780611038208
0.014000000432133675,-0.00139999995008111,0.00063589711498934776,265.5624303817749
0.014499999582767487,-0.001449999981559813,0.00065860767790582031,275.0468053817749
0.014999999664723873,-0.001500000013038516,0.00068131829902995378,284.53117370605469
0.01549999974668026,-0.0015500000445172191,0.00070402892015408725,294.01554870605469
0.016000000759959221,-0.0015999999595806003,0.00072673954127822071,303.49991607666016
0.016499999910593033,-0.0016499999910593033,0.00074945016240235418,312.98429107666016
0.017000000923871994,-0.0017000000225380063,0.00077216072531882674,322.46866798400879
0.017500000074505806,-0.0017500000540167093,0.0007948713464429602,331.95304107666016
0.017999999225139618,-0.0017999999690800905,0.00081758196756709367,341.43740844726562
0.018500000238418579,-0.0018500000005587935,0.00084029258869122714,350.92178535461426
0.018999999389052391,-0.0019000000320374966,0.00086300319526344538,360.40615653991699
0.019500000402331352,-0.0019499999471008778,0.00088571381638757885,369.89052581787109
0.019999999552965164,-0.0020000000949949026,0.00090842443751171231,379.37490463256836
0.020500000566244125,-0.0020500000100582838,0.00093113505863584578,388.85927581787109
0.020999999716877937,-0.002099999925121665,0.00095384567975997925,398.3436450958252
0.021500000730156898,-0.0021500000730156898,0.00097655630088411272,407.8280143737793
0.02199999988079071,-0.002199999988079071,0.00099926692200824618,417.31239318847656
0.022500000894069672,-0.0022499999031424522,0.0010219774267170578,426.79676246643066
0.023000000044703484,-0.0023000000510364771,0.0010446880478411913,436.28113174438477
0.023499999195337296,-0.0023499999660998583,0.0010673986689653248,445.76551055908203
0.024000000208616257,-0.0024000001139938831,0.0010901092900894582,455.24988746643066
0.024499999359250069,-0.0024500000290572643,0.0011128199112135917,464.7342586517334
0.02500000037252903,-0.0024999999441206455,0.0011355305323377252,474.21862411499023
0.025499999523162842,-0.0025500000920146704,0.0011582411534618586,483.7030029296875
0.026000000536441803,-0.0026000000070780516,0.0011809517745859921,493.18737411499023
0.026499999687075615,-0.0026499999221414328,0.0012036623957101256,502.67174339294434
0.027000000700354576,-0.0027000000700354576,0.001226373016834259,512.1561222076416
0.027499999850988388,-0.0027499999850988388,0.001249083608854562,521.64049339294434
0.028000000864267349,-0.00279999990016222,0.0012717942299786955,531.1248607635498
0.028500000014901161,-0.0028500000480562449,0.001294504851102829,540.60923194885254
0.028999999165534973,-0.002899999963119626,0.0013172153558116406,550.0936107635498
0.029500000178813934,-0.0029500001110136509,0.0013399259769357741,559.57797622680664
0.029999999329447746,-0.0030000000260770321,0.0013626365980599076,569.06234741210938
0.030500000342726707,-0.0030499999411404133,0.001385347219184041,578.54672622680664
0.030999999493360519,-0.0031000000890344381,0.0014080578403081745,588.03109741210938
0.031500000506639481,-0.0031500000040978193,0.001430768461432308,597.51547241210938
0.032000001519918442,-0.0031999999191612005,0.0014534790825564414,606.99983215332031
0.032499998807907104,-0.0032500000670552254,0.0014762184582650661,616.47991561889648
0.032999999821186066,-0.0032999999821186066,0.0014992493379395455,625.91631317138672
0.033500000834465027,-0.0033499998971819878,0.0015222806832753122,635.35264205932617
0.034000001847743988,-0.0034000000450760126,0.0015453118830919266,644.78894805908203
0.034499999135732651,-0.0034499999601393938,0.0015683428500778973,654.22524642944336
0.035000000149011612,-0.0035000001080334187,0.0015913737588562071,663.66153717041016
0.035500001162290573,-0.0035500000230967999,0.0016144043474923819,673.09784317016602
0.035999998450279236,-0.003599999938160181,0.001637435081647709,682.53411865234375
0.036499999463558197,-0.0036500000860542059,0.0016604659904260188,691.97034454345703
0.037000000476837158,-0.0037000000011175871,0.0016834968409966677,701.40657043457031
0.037500001490116119,-0.0037499999161809683,0.0017065276915673167,710.84275054931641
0.037999998778104782,-0.0038000000640749931,0.0017295585130341351,720.2789192199707
0.038499999791383743,-0.0038499999791383743,0.0017525895382277668,729.71506881713867
0.039000000804662704,-0.0038999998942017555,0.0017756202723830938,739.15121841430664
0.039500001817941666,-0.0039499998092651367,0.0017986510647460818,748.58733749389648
0.039999999105930328,-0.0040000001899898052,0.001821681740693748,758.02345275878906
0.04050000011920929,-0.0040500001050531864,0.0018447126494720578,767.45954513549805
0.041000001132488251,-0.0041000000201165676,0.001867743325419724,776.89563751220703
0.041499998420476913,-0.0041499999351799488,0.0018907741759903729,786.33171844482422
0.041999999433755875,-0.00419999985024333,0.0019138047355227172,795.76778793334961
0.042500000447034836,-0.0042500002309679985,0.0019368355860933661,805.20383453369141
0.043000001460313797,-0.0043000001460313797,0.0019598660874180496,814.63989639282227
0.04349999874830246,-0.0043500000610947609,0.0019831095123663545,824.04595947265625
0.043999999761581421,-0.0043999999761581421,0.0020064663840457797,833.43605422973633
0.044500000774860382,-0.0044499998912215233,0.002029827272053808,842.8256950378418
0.045000001788139343,-0.0044999998062849045,0.0020531901391223073,852.21519088745117
0.045499999076128006,-0.004550000187009573,0.0020765590597875416,861.60392761230469
0.046000000089406967,-0.0046000001020729542,0.0020999301923438907,870.99241256713867
0.046500001102685928,-0.0046500000171363354,0.0021233073202893138,880.38018798828125
0.046999998390674591,-0.0046999999321997166,0.0021466860198415816,889.76781845092773
0.047499999403953552,-0.0047499998472630978,0.002170067629776895,899.15515899658203
0.048000000417232513,-0.0048000002279877663,0.0021934552933089435,908.541748046875
0.048500001430511475,-0.0048500001430511475,0.002216893422883004,917.92045593261719
0.048999998718500137,-0.0049000000581145287,0.0022403344046324492,927.29868698120117
0.049499999731779099,-0.0049499999731779099,0.0022637759102508426,936.67692184448242
0.05000000074505806,-0.004999999888241291,0.0022872216068208218,946.05465698242188
0.050500001758337021,-0.0050499998033046722,0.0023107054294086993,955.42678833007812
0.050999999046325684,-0.0051000001840293407,0.0023344212677329779,964.76422500610352
0.051500000059604645,-0.0051500000990927219,0.0023581437417306006,974.10078430175781
0.052000001072883606,-0.0052000000141561031,0.0023818673798814416,983.43715286254883
0.052499998360872269,-0.0052499999292194843,0.0024056315887719393,992.76752853393555
0.05299999937415123,-0.0052999998442828655,0.0024294653558172286,1002.0873756408691
0.053500000387430191,-0.005350000225007534,0.0024532999377697706,1011.4070739746094
0.054000001400709152,-0.0054000001400709152,0.0024771355092525482,1020.7266693115234
0.054499998688697815,-0.0054500000551342964,0.0025009748642332852,1030.0457153320312
0.054999999701976776,-0.0054999999701976776,0.0025248166057281196,1039.3643913269043
0.055500000715255737,-0.0055499998852610588,0.002548659685999155,1048.6829376220703
0.056000001728534698,-0.00559999980032444,0.0025725053274072707,1058.001091003418
0.056499999016523361,-0.0056500001810491085,0.0025963527150452137,1067.319019317627
0.057000000029802322,-0.0057000000961124897,0.002620202605612576,1076.6365814208984
0.057500001043081284,-0.0057500000111758709,0.0026443024980835617,1085.9170455932617
0.057999998331069946,-0.0057999999262392521,0.002668497443664819,1095.1832542419434
0.058499999344348907,-0.0058499998413026333,0.0026926977443508804,1104.4487075805664
0.059000000357627869,-0.0059000002220273018,0.0027169006643816829,1113.7137908935547
0.05950000137090683,-0.005950000137090683,0.0027411077753640711,1122.9782562255859
0.059999998658895493,-0.0060000000521540642,0.002765319833997637,1132.2420272827148
0.060499999672174454,-0.0060499999672174454,0.0027895368984900415,1141.5050659179688
0.061000000685453415,-0.0060999998822808266,0.002813789586070925,1150.7628479003906
0.061500001698732376,-0.0061499997973442078,0.0028381224256008863,1160.0085678100586
0.061999998986721039,-0.0062000001780688763,0.0028625646373257041,1169.237678527832
0.0625,-0.0062500000931322575,0.0028870365931652486,1178.4615859985352
0.063000001013278961,-0.0063000000081956387,0.0029115161160007119,1187.6837463378906
0.063500002026557922,-0.0063499999232590199,0.0029360061162151396,1196.9043045043945
0.064000003039836884,-0.006399999838322401,0.0029606092721223831,1206.1075973510742
0.064499996602535248,-0.0064500002190470695,0.0029852599836885929,1215.3036041259766
0.064999997615814209,-0.0065000001341104507,0.0030099159921519458,1224.4987258911133
0.06549999862909317,-0.0065500000491738319,0.0030345928971655667,1233.6906509399414
0.065999999642372131,-0.0065999999642372131,0.0030593430274166167,1242.8717269897461
0.066500000655651093,-0.0066499998793005943,0.0030841032275930047,1252.0515441894531
0.067000001668930054,-0.0066999997943639755,0.0031088654068298638,1261.2309951782227
0.067500002682209015,-0.006750000175088644,0.0031336775282397866,1270.4025268554688
0.068000003695487976,-0.0068000000901520252,0.0031584991374984384,1279.5724792480469
0.06849999725818634,-0.0068500000052154064,0.0031833762186579406,1288.7335662841797
0.068999998271465302,-0.0068999999202787876,0.0032083322876133025,1297.8824234008789
0.069499999284744263,-0.0069499998353421688,0.0032333498820662498,1307.0218811035156
0.070000000298023224,-0.0070000002160668373,0.0032584386644884944,1316.1504287719727
0.070500001311302185,-0.0070500001311302185,0.0032835776219144464,1325.2712554931641
0.071000002324581146,-0.0071000000461935997,0.003308724204543978,1334.3908309936523
0.071500003337860107,-0.0071499999612569809,0.0033339508227072656,1343.4979858398438
0.071999996900558472,-0.0071999998763203621,0.0033592795953154564,1352.5894622802734
0.072499997913837433,-0.0072499997913837433,0.0033846161095425487,1361.679931640625
0.072999998927116394,-0.0073000001721084118,0.0034099573385901749,1370.7696304321289
0.073499999940395355,-0.007350000087171793,0.0034353006631135941,1379.8589630126953
0.074000000953674316,-0.0074000000022351742,0.0034606482950039208,1388.947624206543
0.074500001966953278,-0.0074499999172985554,0.0034860374871641397,1398.0299224853516
0.075000002980232239,-0.0074999998323619366,0.003511579823680222,1407.0881958007812
0.075499996542930603,-0.0075500002130866051,0.0035371888079680502,1416.1359710693359
0.075999997556209564,-0.0076000001281499863,0.0035628100158646703,1425.181640625
0.076499998569488525,-0.0076500000432133675,0.0035884318640455604,1434.2270355224609
0.076999999582767487,-0.0076999999582767487,0.0036141370073892176,1443.2592849731445
0.077500000596046448,-0.0077499998733401299,0.0036399408127181232,1452.2762756347656
0.078000001609325409,-0.007799999788403511,0.003665812429971993,1461.2830276489258
0.07850000262260437,-0.0078499997034668922,0.0036916920216754079,1470.2886352539062
0.079000003635883331,-0.0078999996185302734,0.0037175740581005812,1479.2936248779297
0.079499997198581696,-0.0079500004649162292,0.0037435044068843126,1488.2911911010742
0.079999998211860657,-0.0080000003799796104,0.0037694971542805433,1497.2789154052734
0.080499999225139618,-0.0080500002950429916,0.0037955078296363354,1506.2637023925781
0.081000000238418579,-0.0081000002101063728,0.0038215940585359931,1515.2366485595703
0.08150000125169754,-0.008150000125169754,0.0038477759808301926,1524.1946182250977
0.082000002264976501,-0.0082000000402331352,0.0038740773452445865,1533.1339950561523
0.082500003278255463,-0.0082499999552965164,0.0039004050195217133,1542.0692443847656
0.082999996840953827,-0.0082999998703598976,0.0039267368847504258,1551.0036926269531
0.083499997854232788,-0.0083499997854232788,0.003953097271732986,1559.9335479736328
0.083999998867511749,-0.00839999970048666,0.0039795396151021123,1568.8506317138672
0.08449999988079071,-0.0084499996155500412,0.0040060508763417602,1577.7572326660156
0.085000000894069672,-0.008500000461935997,0.0040326426969841123,1586.651252746582
0.085500001907348633,-0.0085500003769993782,0.0040592725854367018,1595.539306640625
0.086000002920627594,-0.0086000002920627594,0.0040859482251107693,1604.4202728271484
0.086499996483325958,-0.0086500002071261406,0.0041126925498247147,1613.2906951904297
0.086999997496604919,-0.0087000001221895218,0.0041395737789571285,1622.1398620605469
0.087499998509883881,-0.008750000037252903,0.0041665692115202546,1630.9711303710938
0.087999999523162842,-0.0087999999523162842,0.0041936245979741216,1639.7928771972656
0.088500000536441803,-0.0088499998673796654,0.0042206989601254463,1648.6120758056641
0.089000001549720764,-0.0088999997824430466,0.004247802309691906,1657.4272308349609
0.089500002562999725,-0.0089499996975064278,0.0042749667773023248,1666.2330169677734
0.090000003576278687,-0.008999999612569809,0.0043022596510127187,1675.0186309814453
0.090499997138977051,-0.0090500004589557648,0.0043295938521623611,1683.7974319458008
0.090999998152256012,-0.009100000374019146,0.0043569586705416441,1692.571174621582
0.091499999165534973,-0.0091500002890825272,0.0043843864696100354,1701.3346176147461
0.092000000178813934,-0.0092000002041459084,0.0044118813239037991,1710.0877304077148
0.092500001192092896,-0.0092500001192092896,0.0044394045835360885,1718.8363265991211
0.093000002205371857,-0.0093000000342726707,0.0044669676572084427,1727.5786895751953
0.093500003218650818,-0.0093499999493360519,0.0044945975532755256,1736.3103942871094
0.093999996781349182,-0.0093999998643994331,0.0045222856570035219,1745.0325317382812
0.094499997794628143,-0.0094499997794628143,0.0045500039122998714,1753.7497406005859
0.094999998807907104,-0.0094999996945261955,0.0045778104104101658,1762.4528579711914
0.095499999821186066,-0.0095499996095895767,0.0046057163272053003,1771.1402282714844
0.096000000834465027,-0.0096000004559755325,0.0046337649691849947,1779.8050079345703
0.096500001847743988,-0.0096500003710389137,0.0046618352644145489,1788.4661865234375
0.097000002861022949,-0.0097000002861022949,0.0046899048611521721,1797.1271743774414
0.097499996423721313,-0.0097500002011656761,0.0047179749235510826,1805.7877960205078
0.097999997437000275,-0.0098000001162290573,0.0047460540663450956,1814.4467391967773
0.098499998450279236,-0.0098500000312924385,0.0047742226161062717,1823.0911712646484
0.098999999463558197,-0.0098999999463558197,0.0048024895368143916,1831.7198333740234
0.099500000476837158,-0.0099499998614192009,0.0048308685654774308,1840.3306503295898
0.10000000149011612,-0.0099999997764825821,0.0048592836828902364,1848.9355697631836
0.10050000250339508,-0.010049999691545963,0.0048877205699682236,1857.5368499755859
0.10100000351667404,-0.010099999606609344,0.0049163007643073797,1866.1155624389648
0.10149999707937241,-0.0101500004529953,0.004944979096762836,1874.6783142089844
0.10199999809265137,-0.010200000368058681,0.0049736682558432221,1883.2388916015625
0.10249999910593033,-0.010250000283122063,0.0050023781368508935,1891.7958526611328
0.10300000011920929,-0.010300000198185444,0.005031143082305789,1900.3436508178711
0.10350000113248825,-0.010350000113248825,0.0050599264213815331,1908.8882217407227
0.10400000214576721,-0.010400000028312206,0.0050887555116787553,1917.4254379272461
0.10450000315904617,-0.010449999943375587,0.0051176733104512095,1925.9483337402344
0.10499999672174454,-0.010499999858438969,0.0051466492004692554,1934.4615859985352
0.1054999977350235,-0.01054999977350235,0.0051757094915956259,1942.9610824584961
0.10599999874830246,-0.010599999688565731,0.005204858141951263,1951.4461898803711
0.10649999976158142,-0.010649999603629112,0.0052341273985803127,1959.9120330810547
0.10700000077486038,-0.010700000450015068,0.0052635013125836849,1968.3615341186523
0.10750000178813934,-0.010750000365078449,0.00529290153644979,1976.8066482543945
0.1080000028014183,-0.01080000028014183,0.0053223060676828027,1985.2507705688477
0.10849999636411667,-0.010850000195205212,0.0053517537890002131,1993.6879730224609
0.10899999737739563,-0.010900000110268593,0.005381236900575459,2002.1194839477539
0.10949999839067459,-0.010950000025331974,0.0054107720497995615,2010.5431747436523
0.10999999940395355,-0.010999999940395355,0.0054404227994382381,2018.948112487793
0.11050000041723251,-0.011049999855458736,0.0054701981134712696,2027.3327560424805
0.11100000143051147,-0.011099999770522118,0.0055000738939270377,2035.7010498046875
0.11150000244379044,-0.011149999685585499,0.0055300474632531404,2044.0534744262695
0.1120000034570694,-0.01119999960064888,0.0055600764462724328,2052.3965530395508
0.11249999701976776,-0.011250000447034836,0.0055901361629366875,2060.7341613769531
0.11299999803304672,-0.011300000362098217,0.0056202071718871593,2069.0696182250977
0.11349999904632568,-0.011350000277161598,0.0056502958759665489,2077.401611328125
0.11400000005960464,-0.011400000192224979,0.0056804200867190957,2085.7276840209961
0.11450000107288361,-0.011450000107288361,0.0057106056483462453,2094.0436172485352
0.11500000208616257,-0.011500000022351742,0.0057409296277910471,2102.3373565673828
0.11550000309944153,-0.011549999937415123,0.0057713415008038282,2110.6167526245117
0.11599999666213989,-0.011599999852478504,0.0058018658310174942,2118.8774337768555
0.11649999767541885,-0.011649999767541885,0.0058324610581621528,2127.1261749267578
0.11699999868869781,-0.011699999682605267,0.0058631018036976457,2135.366943359375
0.11749999970197678,-0.011749999597668648,0.0058937497669830918,2143.6060791015625
0.11800000071525574,-0.011800000444054604,0.0059244304429739714,2151.8395767211914
0.1185000017285347,-0.011850000359117985,0.0059552021557465196,2160.0581741333008
0.11900000274181366,-0.011900000274181366,0.005986032891087234,2168.2670593261719
0.11949999630451202,-0.011950000189244747,0.0060169476782903075,2176.4619522094727
0.11999999731779099,-0.012000000104308128,0.0060479682870209217,2184.6391448974609
0.12049999833106995,-0.01205000001937151,0.0060790366260334849,2192.8079071044922
0.12099999934434891,-0.012099999934434891,0.0061101585160940886,2200.9675827026367
0.12150000035762787,-0.012149999849498272,0.0061413396615535021,2209.116943359375
0.12200000137090683,-0.012199999764561653,0.0061725892592221498,2217.2549133300781
0.12250000238418579,-0.012249999679625034,0.0062038785545155406,2225.3860168457031
0.12300000339746475,-0.012299999594688416,0.0062351933447644114,2233.5127258300781
0.12349999696016312,-0.012350000441074371,0.0062665404984727502,2241.6336822509766
0.12399999797344208,-0.012400000356137753,0.0062980290967971087,2249.7310333251953
0.12449999898672104,-0.012450000271201134,0.0063295953441411257,2257.8150787353516
0.125,-0.012500000186264515,0.0063612223602831364,2265.8883972167969
0.12549999356269836,-0.012550000101327896,0.0063929462339729071,2273.9453125
0.12600000202655792,-0.012600000016391277,0.0064247369300574064,2281.9910125732422
0.12649999558925629,-0.012649999931454659,0.0064565774518996477,2290.0287780761719
0.12700000405311584,-0.01269999984651804,0.0064884586026892066,2298.0601501464844
0.12749999761581421,-0.012749999761581421,0.0065203839913010597,2306.0841979980469
0.12800000607967377,-0.012799999676644802,0.0065524267265573144,2314.0882110595703
0.12849999964237213,-0.012849999591708183,0.0065846096258610487,2322.0689544677734
0.1289999932050705,-0.012900000438094139,0.0066167982295155525,2330.04833984375
0.12950000166893005,-0.01295000035315752,0.0066490303725004196,2338.0200042724609
0.12999999523162842,-0.013000000268220901,0.0066813386511057615,2345.9788208007812
0.13050000369548798,-0.013050000183284283,0.0067137276055291295,2353.9242553710938
0.13099999725818634,-0.013100000098347664,0.0067462221486493945,2361.8522644042969
0.1315000057220459,-0.013150000013411045,0.006778741255402565,2369.7759246826172
0.13199999928474426,-0.013199999928474426,0.0068113026209175587,2377.6921539306641
0.13249999284744263,-0.013249999843537807,0.0068439631722867489,2385.5911712646484
0.13300000131130219,-0.013299999758601189,0.0068767333868891001,2393.4716644287109
0.13349999487400055,-0.01334999967366457,0.0069095459766685963,2401.3450317382812
0.13400000333786011,-0.013399999588727951,0.0069424707908183336,2409.1996917724609
0.13449999690055847,-0.013450000435113907,0.0069754783762618899,2417.0402679443359
0.13500000536441803,-0.013500000350177288,0.0070085718762129545,2424.865966796875
0.13549999892711639,-0.013550000265240669,0.0070416803937405348,2432.6886291503906
0.13600000739097595,-0.01360000018030405,0.007074832683429122,2440.5033264160156
0.13650000095367432,-0.013650000095367432,0.0071080513298511505,2448.3065338134766
0.13699999451637268,-0.013700000010430813,0.0071413711411878467,2456.0923919677734
0.13750000298023224,-0.013749999925494194,0.0071747241308912635,2463.8719635009766
0.1379999965429306,-0.013799999840557575,0.0072081381222233176,2471.6411285400391
0.13850000500679016,-0.013849999755620956,0.0072416166076436639,2479.3987579345703
0.13899999856948853,-0.013899999670684338,0.0072751910192891955,2487.1399383544922
0.13950000703334808,-0.013949999585747719,0.0073088298086076975,2494.8700561523438
0.14000000059604645,-0.014000000432133675,0.0073425521841272712,2502.5856475830078
0.14049999415874481,-0.014050000347197056,0.0073763452237471938,2510.2886962890625
0.14100000262260437,-0.014100000262260437,0.0074101525824517012,2517.9888000488281
0.14149999618530273,-0.014150000177323818,0.007443993235938251,2525.6828918457031
0.14200000464916229,-0.014200000092387199,0.0074779186397790909,2533.3623046875
0.14249999821186066,-0.014250000007450581,0.0075119350804015994,2541.0257720947266
0.14300000667572021,-0.014299999922513962,0.0075460344087332487,2548.6747741699219
0.14350000023841858,-0.014349999837577343,0.0075801999773830175,2556.3123016357422
0.14399999380111694,-0.014399999752640724,0.0076144386548548937,2563.9373931884766
0.1445000022649765,-0.014449999667704105,0.0076487853657454252,2571.5442352294922
0.14499999582767487,-0.014499999582767487,0.0076832224149256945,2579.1354064941406
0.14550000429153442,-0.014550000429153442,0.0077177215134724975,2586.7157440185547
0.14599999785423279,-0.014600000344216824,0.0077522818464785814,2594.2854309082031
0.14650000631809235,-0.014650000259280205,0.0077868978260084987,2601.8455657958984
0.14699999988079071,-0.014700000174343586,0.0078215786488726735,2609.3942413330078
0.14749999344348907,-0.014750000089406967,0.0078563467832282186,2616.9278717041016
0.14800000190734863,-0.014800000004470348,0.0078912036260589957,2624.4460601806641
0.148499995470047,-0.01484999991953373,0.007926116231828928,2631.9541015625
0.14900000393390656,-0.014899999834597111,0.0079610774992033839,2639.4528503417969
0.14949999749660492,-0.014949999749660492,0.0079961157171055675,2646.9383087158203
0.15000000596046448,-0.014999999664723873,0.0080312227364629507,2654.4117431640625
0.15049999952316284,-0.015049999579787254,0.008066441398113966,2661.8658599853516
0.15099999308586121,-0.01510000042617321,0.0081017048796638846,2669.3117065429688
0.15150000154972076,-0.015150000341236591,0.0081370347179472446,2676.7459259033203
0.15199999511241913,-0.015200000256299973,0.0081724153133109212,2684.1708984375
0.15250000357627869,-0.015250000171363354,0.0082078541163355112,2691.5853881835938
0.15299999713897705,-0.015300000086426735,0.0082433978095650673,2698.9817962646484
0.15350000560283661,-0.015350000001490116,0.0082790462765842676,2706.3597106933594
0.15399999916553497,-0.015399999916553497,0.0083147370023652911,2713.7298431396484
0.15449999272823334,-0.015449999831616879,0.0083504944341257215,2721.087890625
0.1550000011920929,-0.01549999974668026,0.0083863278850913048,2728.4323272705078
0.15549999475479126,-0.015549999661743641,0.0084222130244597793,2735.7675933837891
0.15600000321865082,-0.015599999576807022,0.0084581290138885379,2743.0968627929688
0.15649999678134918,-0.015650000423192978,0.0084941365057602525,2750.4097442626953
0.15700000524520874,-0.015699999406933784,0.0085301989456638694,2757.7123260498047
0.1574999988079071,-0.01575000025331974,0.0085663477657362819,2764.999267578125
0.15800000727176666,-0.015799999237060547,0.0086025744676589966,2772.2723999023438
0.15850000083446503,-0.015850000083446503,0.0086388859199360013,2779.5302734375
0.15899999439716339,-0.015900000929832458,0.0086752565111964941,2786.7774505615234
0.15950000286102295,-0.015949999913573265,0.0087116434006020427,2794.0209808349609
0.15999999642372131,-0.016000000759959221,0.0087480928050354123,2801.2530670166016
0.16050000488758087,-0.016049999743700027,0.008784602745436132,2808.4738006591797
0.16099999845027924,-0.016100000590085983,0.0088212412083521485,2815.6721801757812
0.16150000691413879,-0.01614999957382679,0.0088579898001626134,2822.8517303466797
0.16200000047683716,-0.016200000420212746,0.0088947867043316364,2830.0226440429688
0.16249999403953552,-0.016249999403953552,0.008931645774282515,2837.1831817626953
0.16300000250339508,-0.016300000250339508,0.0089685904094949365,2844.3284606933594
0.16349999606609344,-0.016349999234080315,0.0090055997716262937,2851.4618682861328
0.164000004529953,-0.01640000008046627,0.0090427047107368708,2858.5782623291016
0.16449999809265137,-0.016450000926852226,0.0090798428282141685,2865.6884765625
0.16500000655651093,-0.016499999910593033,0.0091170332161709666,2872.7890625
0.16550000011920929,-0.016550000756978989,0.0091543024173006415,2879.8756713867188
0.16599999368190765,-0.016599999740719795,0.0091917479876428843,2886.9315338134766
0.16650000214576721,-0.016650000587105751,0.0092292116023600101,2893.9837036132812
0.16699999570846558,-0.016699999570846558,0.009266735753044486,2901.0251312255859
0.16750000417232513,-0.016750000417232513,0.0093043211381882429,2908.0553894042969
0.1679999977350235,-0.01679999940097332,0.0093419824261218309,2915.0723876953125
0.16850000619888306,-0.016850000247359276,0.009379727765917778,2922.0742034912109
0.16899999976158142,-0.016899999231100082,0.0094175519188866019,2929.0616760253906
0.16949999332427979,-0.016950000077486038,0.0094554248498752713,2936.0398254394531
0.17000000178813934,-0.017000000923871994,0.009493356803432107,2943.0069427490234
0.17049999535083771,-0.017049999907612801,0.0095313700148835778,2949.9590911865234
0.17100000381469727,-0.017100000753998756,0.0095694835763424635,2956.8933258056641
0.17149999737739563,-0.017149999737739563,0.0096076717600226402,2963.8140258789062
0.17200000584125519,-0.017200000584125519,0.0096459147753193974,2970.72412109375
0.17249999940395355,-0.017249999567866325,0.0096841871272772551,2977.6285095214844
0.17299999296665192,-0.017300000414252281,0.0097224963828921318,2984.5257873535156
0.17350000143051147,-0.017349999397993088,0.0097609185613691807,2991.4027557373047
0.17399999499320984,-0.017400000244379044,0.0097994174575433135,2998.2657623291016
0.1745000034570694,-0.01744999922811985,0.0098379711853340268,3005.1183624267578
0.17499999701976776,-0.017500000074505806,0.0098766115261241794,3011.9549865722656
0.17550000548362732,-0.017550000920891762,0.0099153377814218402,3018.7759399414062
0.17599999904632568,-0.017599999904632568,0.0099541289964690804,3025.5845184326172
0.17649999260902405,-0.017650000751018524,0.0099929634016007185,3032.3849945068359
0.17700000107288361,-0.017699999734759331,0.010031858808360994,3039.1741485595703
0.17749999463558197,-0.017750000581145287,0.010070794844068587,3045.9557495117188
0.17800000309944153,-0.017799999564886093,0.010109807946719229,3052.723388671875
0.17849999666213989,-0.017850000411272049,0.010148921748623252,3059.4730072021484
0.17900000512599945,-0.017899999395012856,0.010188139160163701,3066.2039794921875
0.17949999868869781,-0.017950000241398811,0.010227422579191625,3072.9232635498047
0.18000000715255737,-0.017999999225139618,0.010266796918585896,3079.6258544921875
0.18050000071525574,-0.018050000071525574,0.010306264855898917,3086.3117065429688
0.1809999942779541,-0.01810000091791153,0.010345760849304497,3092.9920349121094
0.18150000274181366,-0.018149999901652336,0.01038528117351234,3099.6673431396484
0.18199999630451202,-0.018200000748038292,0.010424878331832588,3106.3284301757812
0.18250000476837158,-0.018249999731779099,0.010464585036970675,3112.969482421875
0.18299999833106995,-0.018300000578165054,0.01050438336096704,3119.5941772460938
0.1835000067949295,-0.018349999561905861,0.010544250253587961,3126.2061462402344
0.18400000035762787,-0.018400000408291817,0.010584160569123924,3132.8099822998047
0.18449999392032623,-0.018449999392032623,0.010624181595630944,3139.3936462402344
0.18500000238418579,-0.018500000238418579,0.01066427247133106,3145.9644622802734
0.18549999594688416,-0.018549999222159386,0.010704405605792999,3152.5268249511719
0.18600000441074371,-0.018600000068545341,0.01074458728544414,3159.0801849365234
0.18649999797344208,-0.018650000914931297,0.010784847079776227,3165.6189117431641
0.18700000643730164,-0.018699999898672104,0.010825199424289167,3172.1410980224609
0.1875,-0.01875000074505806,0.01086561637930572,3178.651123046875
0.18799999356269836,-0.018799999728798866,0.010906090727075934,3185.1504516601562
0.18850000202655792,-0.018850000575184822,0.01094665820710361,3191.6325836181641
0.18899999558925629,-0.018899999558925629,0.010987292625941336,3198.1020660400391
0.18950000405311584,-0.018950000405311584,0.011028002016246319,3204.5578308105469
0.18999999761581421,-0.018999999389052391,0.011068795924074948,3210.9979705810547
0.19050000607967377,-0.019050000235438347,0.011109657119959593,3217.4254913330078
0.19099999964237213,-0.019099999219179153,0.011150537757202983,3223.8487548828125
0.1914999932050705,-0.019150000065565109,0.011191467754542828,3230.2624664306641
0.19200000166893005,-0.019200000911951065,0.011232456075958908,3236.6650695800781
0.19249999523162842,-0.019249999895691872,0.01127356372307986,3243.0457153320312
0.19300000369548798,-0.019300000742077827,0.011314744595438242,3249.4126129150391
0.19349999725818634,-0.019349999725818634,0.011355994385667145,3255.7661590576172
0.1940000057220459,-0.01940000057220459,0.011397325783036649,3262.1046142578125
0.19449999928474426,-0.019449999555945396,0.011438727844506502,3268.4294128417969
0.19499999284744263,-0.019500000402331352,0.011480172746814787,3274.7458648681641
0.19550000131130219,-0.019549999386072159,0.011521675158292055,3281.0520782470703
0.19599999487400055,-0.019600000232458115,0.011563216568902135,3287.3510131835938
0.19650000333786011,-0.019649999216198921,0.011604873463511467,3293.6291198730469
0.19699999690055847,-0.019700000062584877,0.011646623373962939,3299.8902740478516
0.19750000536441803,-0.019750000908970833,0.011688458384014666,3306.135498046875
0.19799999892711639,-0.019799999892711639,0.01173036964610219,3312.36669921875
0.19850000739097595,-0.019850000739097595,0.011772357160225511,3318.5838928222656
0.19900000095367432,-0.019899999722838402,0.011814441066235304,3324.7834014892578
0.19949999451637268,-0.019950000569224358,0.01185657677706331,3330.9730834960938
0.20000000298023224,-0.019999999552965164,0.01189875416457653,3337.1546325683594
0.2004999965429306,-0.02005000039935112,0.011940958793275058,3343.3305511474609
0.20100000500679016,-0.020099999383091927,0.011983286356553435,3349.4836883544922
0.20149999856948853,-0.020150000229477882,0.012025740346871316,3355.6137847900391
0.20200000703334808,-0.020199999213218689,0.012068232987076044,3361.7364196777344
0.20250000059604645,-0.020250000059604645,0.012110790237784386,3367.8472137451172
0.20299999415874481,-0.020300000905990601,0.012153431540355086,3373.9421539306641
0.20350000262260437,-0.020349999889731407,0.012196145253255963,3380.0232391357422
0.20399999618530273,-0.020400000736117363,0.012238913681358099,3386.0935974121094
0.20450000464916229,-0.02044999971985817,0.012281771982088685,3392.1469879150391
0.20499999821186066,-0.020500000566244125,0.01232471689581871,3398.1838684082031
0.20550000667572021,-0.020549999549984932,0.012367758434265852,3404.2026519775391
0.20600000023841858,-0.020600000396370888,0.012410941300913692,3410.1959838867188
0.20649999380111694,-0.020649999380111694,0.012454331386834383,3416.1522064208984
0.2070000022649765,-0.02070000022649765,0.012497736839577556,3422.1039886474609
0.20749999582767487,-0.020749999210238457,0.012541153468191624,3428.0530853271484
0.20800000429153442,-0.020800000056624413,0.012584625044837594,3433.9912719726562
0.20849999785423279,-0.020850000903010368,0.012628214433789253,3439.9079284667969
0.20900000631809235,-0.020899999886751175,0.012671871343627572,3445.8113708496094
0.20949999988079071,-0.020950000733137131,0.012715637683868408,3451.6944274902344
0.20999999344348907,-0.020999999716877937,0.012759476201608777,3457.5634918212891
0.21050000190734863,-0.021050000563263893,0.012803415535017848,3463.4139251708984
0.210999995470047,-0.0210999995470047,0.012847421457991004,3469.251708984375
0.21150000393390656,-0.021150000393390656,0.012891527963802218,3475.071044921875
0.21199999749660492,-0.021199999377131462,0.012935753678902984,3480.8685913085938
0.21250000596046448,-0.021250000223517418,0.012980061117559671,3486.6504211425781
0.21299999952316284,-0.021299999207258224,0.01302445656619966,3492.4156646728516
0.21349999308586121,-0.02135000005364418,0.013068968895822763,3498.1589813232422
0.21400000154972076,-0.021400000900030136,0.013113552937284112,3503.888671875
0.21449999511241913,-0.021449999883770943,0.013158210320398211,3509.6046447753906
0.21500000357627869,-0.021500000730156898,0.013202950591221452,3515.3049621582031
0.21549999713897705,-0.021549999713897705,0.013247792609035969,3520.9864044189453
0.21600000560283661,-0.021600000560283661,0.013292743125930429,3526.6473999023438
0.21649999916553497,-0.021649999544024467,0.013337787007912993,3532.2910003662109
0.21699999272823334,-0.021700000390410423,0.013382903067395091,3537.9208526611328
0.2175000011920929,-0.02174999937415123,0.013428107602521777,3543.5335083007812
0.21799999475479126,-0.021800000220537186,0.013473421102389693,3549.125732421875
0.21850000321865082,-0.021849999204277992,0.013518815627321601,3554.7026977539062
0.21899999678134918,-0.021900000050663948,0.013564246241003275,3560.2726593017578
0.21950000524520874,-0.021950000897049904,0.013609807239845395,3565.8186645507812
0.2199999988079071,-0.02199999988079071,0.01365549978800118,3571.3402709960938
0.22050000727176666,-0.022050000727176666,0.013701282208785415,3576.8445892333984
0.22100000083446503,-0.022099999710917473,0.013747134478762746,3582.33544921875
0.22149999439716339,-0.022150000557303429,0.013793064979836345,3587.8113403320312
0.22200000286102295,-0.022199999541044235,0.013839124934747815,3593.2626953125
0.22249999642372131,-0.022250000387430191,0.013885251944884658,3598.7012939453125
0.22300000488758087,-0.022299999371170998,0.013931454159319401,3604.1256408691406
0.22349999845027924,-0.022350000217556953,0.013977769995108247,3609.5285339355469
0.22400000691413879,-0.02239999920129776,0.014024182222783566,3614.9129180908203
0.22450000047683716,-0.022450000047683716,0.014070696663111448,3620.2781829833984
0.22499999403953552,-0.022500000894069672,0.0141172562725842,3625.6340942382812
0.22550000250339508,-0.022549999877810478,0.014163874555379152,3630.9783935546875
0.22599999606609344,-0.022600000724196434,0.014210600405931473,3636.3029632568359
0.226500004529953,-0.022649999707937241,0.01425741845741868,3641.6102294921875
0.22699999809265137,-0.022700000554323196,0.014304356882348657,3646.8951873779297
0.22750000655651093,-0.022749999538064003,0.014351399149745703,3652.1607513427734
0.22800000011920929,-0.022800000384449959,0.0143985147587955,3657.4122009277344
0.22849999368190765,-0.022849999368190765,0.014445722568780184,3662.6460571289062
0.22900000214576721,-0.022900000214576721,0.014493021182715893,3667.8625640869141
0.22949999570846558,-0.022949999198317528,0.014540412928909063,3673.0618438720703
0.23000000417232513,-0.023000000044703484,0.014587903162464499,3678.2425384521484
0.2304999977350235,-0.023050000891089439,0.014635486295446754,3683.4050903320312
0.23100000619888306,-0.023099999874830246,0.014683173736557364,3688.5483703613281
0.23149999976158142,-0.023150000721216202,0.014730941504240036,3693.6759643554688
0.23199999332427979,-0.023199999704957008,0.014778845012187958,3698.77783203125
0.23250000178813934,-0.023250000551342964,0.014826794620603323,3703.8709259033203
0.23299999535083771,-0.023299999535083771,0.014874809887260199,3708.9509887695312
0.23350000381469727,-0.023350000381469727,0.014922923874109983,3714.0123748779297
0.23399999737739563,-0.023399999365210533,0.014971190132200718,3719.0450897216797
0.23450000584125519,-0.023450000211596489,0.015019522048532963,3724.0654296875
0.23499999940395355,-0.023499999195337296,0.015067920088768005,3729.0724639892578
0.23549999296665192,-0.023550000041723251,0.015116421272978187,3734.0596771240234
0.23600000143051147,-0.023600000888109207,0.015165067510679364,3739.0194549560547
0.23649999499320984,-0.023649999871850014,0.015213837148621678,3743.9552764892578
0.2370000034570694,-0.02370000071823597,0.015262684086337686,3748.8762359619141
0.23749999701976776,-0.023749999701976776,0.015311619732528925,3753.7800598144531
0.23800000548362732,-0.023800000548362732,0.015360623132437468,3758.6705780029297
0.23849999904632568,-0.023849999532103539,0.015409730840474367,3763.5412445068359
0.23899999260902405,-0.023900000378489494,0.015458964044228196,3768.3883209228516
0.23950000107288361,-0.023949999362230301,0.015508320415392518,3773.2118988037109
0.23999999463558197,-0.024000000208616257,0.015557801583781838,3778.0112762451172
0.24050000309944153,-0.024049999192357063,0.015607348876073956,3782.7979278564453
0.24099999666213989,-0.024100000038743019,0.015657022362574935,3787.5601501464844
0.24150000512599945,-0.024150000885128975,0.015706788748502731,3792.3043365478516
0.24199999868869781,-0.024199999868869781,0.015756644075736403,3797.0314025878906
0.24250000715255737,-0.024250000715255737,0.0158066067378968,3801.7376251220703
0.24300000071525574,-0.024299999698996544,0.015856747515499592,3806.4105682373047
0.2434999942779541,-0.0243500005453825,0.015906991204246879,3811.0638427734375
0.24400000274181366,-0.024399999529123306,0.015957352705299854,3815.6948089599609
0.24449999630451202,-0.024450000375509262,0.0160078015178442,3820.3095855712891
0.24500000476837158,-0.024499999359250069,0.01605838374234736,3824.8994903564453
0.24549999833106995,-0.024550000205636024,0.016109057469293475,3829.4716339111328
0.2460000067949295,-0.024599999189376831,0.016159855062142015,3834.0204620361328
0.24650000035762787,-0.024650000035762787,0.016210746252909303,3838.5513458251953
0.24699999392032623,-0.024700000882148743,0.016261742217466235,3843.0619049072266
0.24750000238418579,-0.024749999865889549,0.016312912106513977,3847.5401000976562
0.24799999594688416,-0.024800000712275505,0.016364200506359339,3851.99560546875
0.24850000441074371,-0.024849999696016312,0.016415566438809037,3856.436279296875
0.24899999797344208,-0.024900000542402267,0.016467038309201598,3860.8566436767578
0.24950000643730164,-0.024949999526143074,0.01651863195002079,3865.25390625
0.25,-0.02500000037252903,0.016570351552218199,3869.627685546875
0.25049999356269836,-0.025049999356269836,0.016622162889689207,3873.9833068847656
0.25099998712539673,-0.025100000202655792,0.016674069920554757,3878.3207855224609
0.25150001049041748,-0.025149999186396599,0.016726116882637143,3882.6313018798828
0.25200000405311584,-0.025200000032782555,0.016778295626863837,3886.9167175292969
0.25249999761581421,-0.02525000087916851,0.016830585896968842,3891.1810302734375
0.25299999117851257,-0.025299999862909317,0.016882982105016708,3895.4251556396484
0.25350001454353333,-0.025350000709295273,0.016935445135459304,3899.6562805175781
0.25400000810623169,-0.025399999693036079,0.016988006187602878,3903.868896484375
0.25450000166893005,-0.025450000539422035,0.017040717415511608,3908.0529174804688
0.25499999523162842,-0.025499999523162842,0.017093505943194032,3912.22216796875
0.25549998879432678,-0.025550000369548798,0.01714642345905304,3916.3663024902344
0.25600001215934753,-0.025599999353289604,0.017199454363435507,3920.4888610839844
0.2565000057220459,-0.02565000019967556,0.017252576304599643,3924.5937347412109
0.25699999928474426,-0.025699999183416367,0.017305814195424318,3928.6765289306641
0.25749999284744263,-0.025750000029802322,0.01735917036421597,3932.7373199462891
0.25799998641014099,-0.025800000876188278,0.017412578221410513,3936.7874298095703
0.25850000977516174,-0.025849999859929085,0.017466065939515829,3940.82275390625
0.25900000333786011,-0.025900000706315041,0.017519735964015126,3944.8234100341797
0.25949999690055847,-0.025949999690055847,0.017573502380400896,3948.8047027587891
0.25999999046325684,-0.026000000536441803,0.017627354012802243,3952.7697906494141
0.26050001382827759,-0.02604999952018261,0.017681284574791789,3956.71923828125
0.26100000739097595,-0.026100000366568565,0.017735310131683946,3960.6508331298828
0.26150000095367432,-0.026149999350309372,0.017789457691833377,3964.5599365234375
0.26199999451637268,-0.026200000196695328,0.017843701411038637,3968.4508209228516
0.26249998807907104,-0.026249999180436134,0.017898085061460733,3972.3152160644531
0.2630000114440918,-0.02630000002682209,0.017952546942979097,3976.1647033691406
0.26350000500679016,-0.026350000873208046,0.01800712407566607,3979.9919738769531
0.26399999856948853,-0.026399999856948853,0.018061772687360644,3983.8053436279297
0.26449999213218689,-0.026450000703334808,0.018116484861820936,3987.6068115234375
0.26499998569488525,-0.026499999687075615,0.018171336036175489,3991.3818054199219
0.26550000905990601,-0.026550000533461571,0.018226270098239183,3995.1405944824219
0.26600000262260437,-0.026599999517202377,0.018281314987689257,3998.878662109375
0.26649999618530273,-0.026650000363588333,0.018336474895477295,4002.5944976806641
0.2669999897480011,-0.02669999934732914,0.018391711404547095,4006.2958221435547
0.26750001311302185,-0.026750000193715096,0.018447077134624124,4009.9727630615234
0.26800000667572021,-0.026799999177455902,0.018502505030483007,4013.6377410888672
0.26850000023841858,-0.026850000023841858,0.018558055860921741,4017.2793884277344
0.26899999380111694,-0.026900000870227814,0.018613673280924559,4020.9074401855469
0.26949998736381531,-0.02694999985396862,0.018669366370886564,4024.5210723876953
0.27000001072883606,-0.027000000700354576,0.018725139088928699,4028.1192321777344
0.27050000429153442,-0.027049999684095383,0.018781033577397466,4031.6943359375
0.27099999785423279,-0.027100000530481339,0.018837062641978264,4035.2444152832031
0.27149999141693115,-0.027149999514222145,0.018893200671300292,4038.7735290527344
0.2720000147819519,-0.027200000360608101,0.018949412275105715,4042.2886047363281
0.27250000834465027,-0.027249999344348907,0.01900571514852345,4045.7860412597656
0.27300000190734863,-0.027300000190734863,0.019062133505940437,4049.2610321044922
0.273499995470047,-0.02734999917447567,0.019118608674034476,4052.7250213623047
0.27399998903274536,-0.027400000020861626,0.019175186986103654,4056.1695404052734
0.27450001239776611,-0.027450000867247581,0.019231856567785144,4059.5966644287109
0.27500000596046448,-0.027499999850988388,0.019288624869659543,4063.0052032470703
0.27549999952316284,-0.027550000697374344,0.019345548003911972,4066.3845520019531
0.27599999308586121,-0.02759999968111515,0.019402592442929745,4069.7406005859375
0.27649998664855957,-0.027650000527501106,0.019459737464785576,4073.0775604248047
0.27700001001358032,-0.027699999511241913,0.019516940927132964,4076.4029693603516
0.27750000357627869,-0.027750000357627869,0.019574235426262021,4079.7107543945312
0.27799999713897705,-0.027799999341368675,0.019631631905212998,4082.9986877441406
0.27849999070167542,-0.027850000187754631,0.019689132925122976,4086.2668151855469
0.27900001406669617,-0.027899999171495438,0.019746666075661778,4089.5279235839844
0.27950000762939453,-0.027950000017881393,0.01980423042550683,4092.7828979492188
0.2800000011920929,-0.028000000864267349,0.019861882319673896,4096.0214080810547
0.28049999475479126,-0.028049999848008156,0.019919693004339933,4099.2297210693359
0.28099998831748962,-0.028100000694394112,0.019977619173005223,4102.4161071777344
0.28150001168251038,-0.028149999678134918,0.020035610534250736,4105.5895690917969
0.28200000524520874,-0.028200000524520874,0.020093747414648533,4108.7357177734375
0.2824999988079071,-0.028249999508261681,0.020151992794126272,4111.8610992431641
0.28299999237060547,-0.028300000354647636,0.020210322691127658,4114.9703979492188
0.28349998593330383,-0.028349999338388443,0.020268729655072093,4118.06494140625
0.28400000929832458,-0.028400000184774399,0.020327196456491947,4121.1471862792969
0.28450000286102295,-0.028449999168515205,0.020385786890983582,4124.2065582275391
0.28499999642372131,-0.028500000014901161,0.020444494904950261,4127.2435302734375
0.28549998998641968,-0.028550000861287117,0.020503363804891706,4130.2502746582031
0.28600001335144043,-0.028599999845027924,0.020562366116791964,4133.2314300537109
0.28650000691413879,-0.028650000691413879,0.020621426170691848,4136.2016143798828
0.28700000047683716,-0.028699999675154686,0.020680633839219809,4139.1435089111328
0.28749999403953552,-0.028750000521540642,0.020739941857755184,4142.066162109375
0.28799998760223389,-0.028799999505281448,0.020799360005185008,4144.967529296875
0.28850001096725464,-0.028850000351667404,0.020858817966654897,4147.8609313964844
0.289000004529953,-0.028899999335408211,0.02091832016594708,4150.7455139160156
0.28949999809265137,-0.028950000181794167,0.020977942040190101,4153.6072998046875
0.28999999165534973,-0.028999999165534973,0.021037706639617682,4156.4421539306641
0.2904999852180481,-0.029050000011920929,0.02109760046005249,4159.2528076171875
0.29100000858306885,-0.029100000858306885,0.021157591138035059,4162.0446166992188
0.29150000214576721,-0.029149999842047691,0.021217779722064734,4164.7989044189453
0.29199999570846558,-0.029200000688433647,0.02127805701456964,4167.5357971191406
0.29249998927116394,-0.029249999672174454,0.02133843069896102,4170.2545623779297
0.29300001263618469,-0.02930000051856041,0.021398860961198807,4172.9619293212891
0.29350000619888306,-0.029349999502301216,0.02145937061868608,4175.6534118652344
0.29399999976158142,-0.029400000348687172,0.021519940113648772,4178.3333587646484
0.29449999332427979,-0.029449999332427979,0.021580609260126948,4180.9946746826172
0.29499998688697815,-0.029500000178813934,0.021641435800120234,4183.6259460449219
0.2955000102519989,-0.029549999162554741,0.021702358731999993,4186.2386627197266
0.29600000381469727,-0.029600000008940697,0.021763455588370562,4188.8182525634766
0.29649999737739563,-0.029650000855326653,0.021824698429554701,4191.3703765869141
0.29699999094009399,-0.029699999839067459,0.021886055124923587,4193.9007720947266
0.29750001430511475,-0.029750000685453415,0.021947488887235522,4196.4154663085938
0.29800000786781311,-0.029799999669194221,0.022008989006280899,4198.9170989990234
0.29850000143051147,-0.029850000515580177,0.022070553153753281,4201.4062652587891
0.29899999499320984,-0.029899999499320984,0.022132209269329906,4203.8778228759766
0.2994999885559082,-0.02995000034570694,0.022194039775058627,4206.3167877197266
0.30000001192092896,-0.029999999329447746,0.022256000200286508,4208.7308654785156
0.30050000548362732,-0.030050000175833702,0.02231803722679615,4211.1296997070312
0.30099999904632568,-0.030099999159574509,0.022380223497748375,4213.5006408691406
0.30149999260902405,-0.030150000005960464,0.022442576941102743,4215.839599609375
0.30199998617172241,-0.03020000085234642,0.022505022119730711,4218.1604309082031
0.30250000953674316,-0.030249999836087227,0.022567551815882325,4220.4648132324219
0.30300000309944153,-0.030300000682473183,0.022630175109952688,4222.7509613037109
0.30349999666213989,-0.030349999666213989,0.022692850092425942,4225.0271911621094
0.30399999022483826,-0.030400000512599945,0.02275564637966454,4227.2808227539062
0.30450001358985901,-0.030449999496340752,0.022818557918071747,4229.5122833251953
0.30500000715255737,-0.030500000342726707,0.022881643380969763,4231.7111053466797
0.30550000071525574,-0.030549999326467514,0.02294493094086647,4233.8717041015625
0.3059999942779541,-0.03060000017285347,0.023008328396826982,4236.0110473632812
0.30649998784065247,-0.030649999156594276,0.023071878124028444,4238.1213073730469
0.30700001120567322,-0.030700000002980232,0.023135517025366426,4240.2146148681641
0.30750000476837158,-0.030750000849366188,0.023199242539703846,4242.2912292480469
0.30799999833106995,-0.030799999833106995,0.023263035109266639,4244.3544769287109
0.30849999189376831,-0.03085000067949295,0.023326915921643376,4246.4014434814453
0.30899998545646667,-0.030899999663233757,0.023390969028696418,4248.4159240722656
0.30950000882148743,-0.030950000509619713,0.02345513179898262,4250.4089050292969
0.31000000238418579,-0.030999999493360519,0.023519451264292002,4252.371826171875
0.31049999594688416,-0.031050000339746475,0.023583919508382678,4254.3067474365234
0.31099998950958252,-0.031099999323487282,0.023648496018722653,4256.2216186523438
0.31150001287460327,-0.031150000169873238,0.023713198024779558,4258.1123352050781
0.31200000643730164,-0.031199999153614044,0.023777994327247143,4259.9848022460938
0.3125,-0.03125,0.02384295966476202,4261.8252563476562
0.31299999356269836,-0.031300000846385956,0.023908051429316401,4263.6415863037109
0.31349998712539673,-0.031350001692771912,0.023973187897354364,4265.4491119384766
0.31400001049041748,-0.031399998813867569,0.024038451723754406,4267.2326354980469
0.31450000405311584,-0.031449999660253525,0.024103817995637655,4268.9964599609375
0.31499999761581421,-0.031500000506639481,0.024169324198737741,4270.7340698242188
0.31549999117851257,-0.031550001353025436,0.024235008517280221,4272.43798828125
0.31600001454353333,-0.031599998474121094,0.024300819495692849,4274.1183776855469
0.31650000810623169,-0.03164999932050705,0.024366728961467743,4275.7798156738281
0.31700000166893005,-0.031700000166893005,0.024432769045233727,4277.4160614013672
0.31749999523162842,-0.031750001013278961,0.02449890854768455,4279.0334625244141
0.31799998879432678,-0.031800001859664917,0.024565149331465364,4280.6320343017578
0.31850001215934753,-0.031849998980760574,0.024631499079987407,4282.2096252441406
0.3190000057220459,-0.03189999982714653,0.024697966640815139,4283.7645416259766
0.31949999928474426,-0.031950000673532486,0.024764548987150192,4285.2973937988281
0.31999999284744263,-0.032000001519918442,0.024831267073750496,4286.8042297363281
0.32049998641014099,-0.032049998641014099,0.024898063391447067,4288.2965087890625
0.32100000977516174,-0.032099999487400055,0.024965006858110428,4289.7610778808594
0.32150000333786011,-0.032150000333786011,0.025032015051692724,4291.2129821777344
0.32199999690055847,-0.032200001180171967,0.025099099613726139,4292.6498413085938
0.32249999046325684,-0.032249998301267624,0.025166352046653628,4294.0551910400391
0.32300001382827759,-0.03229999914765358,0.025233688531443477,4295.4449462890625
0.32350000739097595,-0.032349999994039536,0.025301194284111261,4296.8026580810547
0.32400000095367432,-0.032400000840425491,0.025368823437020183,4298.1364898681641
0.32449999451637268,-0.032450001686811447,0.025436562253162265,4299.4493560791016
0.32499998807907104,-0.032499998807907104,0.025504389777779579,4300.7449188232422
0.3255000114440918,-0.03254999965429306,0.025572320446372032,4302.0210418701172
0.32600000500679016,-0.032600000500679016,0.025640318635851145,4303.2842407226562
0.32649999856948853,-0.032650001347064972,0.025708424393087626,4304.5268096923828
0.32699999213218689,-0.032699998468160629,0.025776631664484739,4305.7505798339844
0.32749998569488525,-0.032749999314546585,0.025845003081485629,4306.9433441162109
0.32800000905990601,-0.032800000160932541,0.025913461111485958,4308.1197204589844
0.32850000262260437,-0.032850001007318497,0.025982029037550092,4309.2750091552734
0.32899999618530273,-0.032900001853704453,0.026050724321976304,4310.4060974121094
0.3294999897480011,-0.03294999897480011,0.026119518326595426,4311.517822265625
0.33000001311302185,-0.032999999821186066,0.026188425486907363,4312.6080017089844
0.33050000667572021,-0.033050000667572021,0.0262574078515172,4313.6847229003906
0.33100000023841858,-0.033100001513957977,0.026326519437134266,4314.7367706298828
0.33149999380111694,-0.033149998635053635,0.026395780965685844,4315.7605743408203
0.33199998736381531,-0.03319999948143959,0.026465155184268951,4316.7627563476562
0.33250001072883606,-0.033250000327825546,0.026534604839980602,4317.7507019042969
0.33300000429153442,-0.033300001174211502,0.026604134123772383,4318.7238006591797
0.33349999785423279,-0.033349998295307159,0.026673810789361596,4319.6688385009766
0.33399999141693115,-0.033399999141693115,0.026743581518530846,4320.5963439941406
0.3345000147819519,-0.033449999988079071,0.026813459349796176,4321.5029754638672
0.33500000834465027,-0.033500000834465027,0.026883486192673445,4322.3811798095703
0.33550000190734863,-0.033550001680850983,0.026953596621751785,4323.2433929443359
0.335999995470047,-0.03359999880194664,0.027023836504667997,4324.0812072753906
0.33649998903274536,-0.033649999648332596,0.02709419815801084,4324.8962554931641
0.33700001239776611,-0.033700000494718552,0.027164669707417488,4325.6907806396484
0.33750000596046448,-0.033750001341104507,0.027235204819589853,4326.4731597900391
0.33799999952316284,-0.033799998462200165,0.027305877767503262,4327.2299346923828
0.33849999308586121,-0.033849999308586121,0.027376636862754822,4327.9699249267578
0.33899998664855957,-0.033900000154972076,0.027447504922747612,4328.6884918212891
0.33950001001358032,-0.033950001001358032,0.027518526185303926,4329.3782043457031
0.34000000357627869,-0.034000001847743988,0.027589627541601658,4330.0524291992188
0.34049999713897705,-0.034049998968839645,0.02766086277551949,4330.7012023925781
0.34099999070167542,-0.034099999815225601,0.02773219021037221,4331.3324432373047
0.34150001406669617,-0.034150000661611557,0.027803653618320823,4331.9382019042969
0.34200000762939453,-0.034200001507997513,0.02787521667778492,4332.5255737304688
0.3425000011920929,-0.03424999862909317,0.027946894755586982,4333.0908203125
0.34299999475479126,-0.034299999475479126,0.028018766548484564,4333.6193695068359
0.34349998831748962,-0.034350000321865082,0.028090720763429999,4334.1312103271484
0.34400001168251038,-0.034400001168251038,0.028162782313302159,4334.6226348876953
0.34450000524520874,-0.034449998289346695,0.028235026868060231,4335.0790405273438
0.3449999988079071,-0.034499999135732651,0.028307354543358088,4335.5188446044922
0.34549999237060547,-0.034549999982118607,0.028379849623888731,4335.9260406494141
0.34599998593330383,-0.034600000828504562,0.028452500700950623,4336.3038940429688
0.34650000929832458,-0.034650001674890518,0.028525362955406308,4336.6423645019531
0.34700000286102295,-0.034699998795986176,0.028598351171240211,4336.9565734863281
0.34749999642372131,-0.034749999642372131,0.028671445325016975,4337.2510681152344
0.34799998998641968,-0.034800000488758087,0.028744723415002227,4337.5101623535156
0.34850001335144043,-0.034850001335144043,0.028818110236898065,4337.747802734375
0.34900000691413879,-0.0348999984562397,0.028891673777252436,4337.9513397216797
0.34950000047683716,-0.034949999302625656,0.028965413337573409,4338.1210479736328
0.34999999403953552,-0.035000000149011612,0.02903928398154676,4338.2661895751953
0.35049998760223389,-0.035050000995397568,0.029113317839801311,4338.3793182373047
0.35100001096725464,-0.035100001841783524,0.029187538661062717,4338.4559783935547
0.351500004529953,-0.035149998962879181,0.029261917574331164,4338.5030517578125
0.35199999809265137,-0.035199999809265137,0.029336565872654319,4338.5001831054688
0.35249999165534973,-0.035250000655651093,0.029411422787234187,4338.4574737548828
0.3529999852180481,-0.035300001502037048,0.029486442217603326,4338.3834228515625
0.35350000858306885,-0.035349998623132706,0.029561691218987107,4338.2644958496094
0.35400000214576721,-0.035399999469518661,0.029637082945555449,4338.116943359375
0.35449999570846558,-0.035450000315904617,0.029712674906477332,4337.9306335449219
0.35499998927116394,-0.035500001162290573,0.029788350220769644,4337.7281341552734
0.35550001263618469,-0.03554999828338623,0.029864186886698008,4337.4953460693359
0.35600000619888306,-0.035599999129772186,0.02994034462608397,4337.2023620605469
0.35649999976158142,-0.035649999976158142,0.030016825534403324,4336.8477478027344
0.35699999332427979,-0.035700000822544098,0.030093655688688159,4336.4266510009766
0.35749998688697815,-0.035750001668930054,0.03017072263173759,4335.9600830078125
0.3580000102519989,-0.035799998790025711,0.030247894814237952,4335.4732818603516
0.35850000381469727,-0.035849999636411667,0.030325188999995589,4334.9620666503906
0.35899999737739563,-0.035900000482797623,0.030402786564081907,4334.3938751220703
0.35949999094009399,-0.035950001329183578,0.030480672605335712,4333.7698211669922
0.36000001430511475,-0.035999998450279236,0.030558601254597306,4333.136962890625
0.36050000786781311,-0.036049999296665192,0.03063675295561552,4332.4620666503906
0.36100000143051147,-0.036100000143051147,0.03071523760445416,4331.7242431640625
0.36149999499320984,-0.036150000989437103,0.030793968122452497,4330.9400787353516
0.3619999885559082,-0.036200001835823059,0.030872959876433015,4330.1072082519531
0.36250001192092896,-0.036249998956918716,0.030952238710597157,4329.2208862304688
0.36300000548362732,-0.036299999803304672,0.031031676800921559,4328.3034820556641
0.36349999904632568,-0.036350000649690628,0.031111215241253376,4327.3658905029297
0.36399999260902405,-0.036400001496076584,0.031190944137051702,4326.3922882080078
0.36449998617172241,-0.036449998617172241,0.031270872568711638,4325.3806304931641
0.36500000953674316,-0.036499999463558197,0.031350946752354503,4324.3406829833984
0.36550000309944153,-0.036550000309944153,0.031431273324415088,4323.2539672851562
0.36599999666213989,-0.036600001156330109,0.031511824578046799,4322.1251525878906
0.36649999022483826,-0.036649998277425766,0.031592562794685364,4320.9613494873047
0.36700001358985901,-0.036699999123811722,0.031673487043008208,4319.7641906738281
0.36750000715255737,-0.036749999970197678,0.031754606636241078,4318.5304718017578
0.36800000071525574,-0.036800000816583633,0.031835892936214805,4317.2645721435547
0.3684999942779541,-0.036850001662969589,0.031917369458824396,4315.9627532958984
0.36899998784065247,-0.036899998784065247,0.031998982885852456,4314.6343841552734
0.36950001120567322,-0.036949999630451202,0.032080728560686111,4313.2812347412109
0.37000000476837158,-0.037000000476837158,0.032162553397938609,4311.9136505126953
0.37049999833106995,-0.037050001323223114,0.032244604313746095,4310.5045471191406
0.37099999189376831,-0.037099998444318771,0.032326851738616824,4309.0572357177734
0.37149998545646667,-0.037149999290704727,0.032409322215244174,4307.5695343017578
0.37200000882148743,-0.037200000137090683,0.032491965685039759,4306.0494384765625
0.37250000238418579,-0.037250000983476639,0.032574790297076106,4304.4968719482422
0.37299999594688416,-0.037300001829862595,0.032657718751579523,4302.9240417480469
0.37349998950958252,-0.037349998950958252,0.032740766648203135,4301.3289031982422
0.37400001287460327,-0.037399999797344208,0.03282399638555944,4299.6986541748047
0.37450000643730164,-0.037450000643730164,0.032907373970374465,4298.0415344238281
0.375,-0.037500001490116119,0.032990875653922558,4296.3607635498047
0.37549999356269836,-0.037549998611211777,0.0330745920073241,4294.6396484375
0.37599998712539673,-0.037599999457597733,0.033158498117700219,4292.8825073242188
0.37650001049041748,-0.037650000303983688,0.033242531353607774,4291.1030120849609
0.37700000405311584,-0.037700001150369644,0.033326683565974236,4289.3018188476562
0.37749999761581421,-0.037749998271465302,0.033411123091354966,4287.4487457275391
0.37799999117851257,-0.037799999117851257,0.033495641546323895,4285.5802459716797
0.37850001454353333,-0.037849999964237213,0.033580217510461807,4283.7015991210938
0.37900000810623169,-0.037900000810623169,0.033664940856397152,4281.7942657470703
0.37950000166893005,-0.037950001657009125,0.033749791560694575,4279.8629150390625
0.37999999523162842,-0.037999998778104782,0.033834765665233135,4277.9088287353516
0.38049998879432678,-0.038049999624490738,0.033919907524250448,4275.9244537353516
0.38100001215934753,-0.038100000470876694,0.034005193505436182,4273.9130096435547
0.3815000057220459,-0.03815000131726265,0.034090626635588706,4271.8755340576172
0.38199999928474426,-0.038199998438358307,0.034176186774857342,4269.8149108886719
0.38249999284744263,-0.038249999284744263,0.034261971828527749,4267.7138977050781
0.38299998641014099,-0.038300000131130219,0.034347843728028238,4265.5960388183594
0.38350000977516174,-0.038350000977516174,0.034433812950737774,4263.4609222412109
0.38400000333786011,-0.03840000182390213,0.034519855631515384,4261.3115386962891
0.38449999690055847,-0.038449998944997787,0.034605967462994158,4259.1494445800781
0.38499999046325684,-0.038499999791383743,0.034692152054049075,4256.9749755859375
0.38550001382827759,-0.038550000637769699,0.034778451081365347,4254.7792053222656
0.38600000739097595,-0.038600001484155655,0.034864929970353842,4252.5507202148438
0.38650000095367432,-0.038649998605251312,0.034951532492414117,4250.2996368408203
0.38699999451637268,-0.038699999451637268,0.035038367845118046,4248.0063323974609
0.38749998807907104,-0.038750000298023224,0.035125263966619968,4245.7027435302734
0.3880000114440918,-0.03880000114440918,0.035212318296544254,4243.3712005615234
0.38850000500679016,-0.038849998265504837,0.035299417679198086,4241.0316314697266
0.38899999856948853,-0.038899999111890793,0.035386598319746554,4238.6762390136719
0.38949999213218689,-0.038949999958276749,0.035473885014653206,4236.30126953125
0.38999998569488525,-0.039000000804662704,0.035561401396989822,4233.8838195800781
0.39050000905990601,-0.03905000165104866,0.035648975288495421,4231.4566345214844
0.39100000262260437,-0.039099998772144318,0.035736617865040898,4229.0173034667969
0.39149999618530273,-0.039149999618530273,0.035824280465021729,4226.5750427246094
0.3919999897480011,-0.039200000464916229,0.035912165883928537,4224.0934295654297
0.39250001311302185,-0.039250001311302185,0.036000195075757802,4221.5852813720703
0.39300000667572021,-0.039299998432397842,0.03608838701620698,4219.0481872558594
0.39350000023841858,-0.039349999278783798,0.036176701658405364,4216.4882049560547
0.39399999380111694,-0.039400000125169754,0.036265072645619512,4213.9183654785156
0.39449998736381531,-0.03945000097155571,0.036353508126921952,4211.3375396728516
0.39500001072883606,-0.039500001817941666,0.036442040815018117,4208.7395477294922
0.39550000429153442,-0.039549998939037323,0.036530634737573564,4206.1309356689453
0.39599999785423279,-0.039599999785423279,0.036619354621507227,4203.4994354248047
0.39649999141693115,-0.039650000631809235,0.036708131316117942,4200.8577575683594
0.3970000147819519,-0.03970000147819519,0.036796976579353213,4198.2035980224609
0.39750000834465027,-0.039749998599290848,0.036885939189232886,4195.5295104980469
0.39800000190734863,-0.039799999445676804,0.036975093185901642,4192.8216552734375
0.398499995470047,-0.039850000292062759,0.037064385018311441,4190.0895843505859
0.39899998903274536,-0.039900001138448715,0.037153725745156407,4187.3486785888672
0.39950001239776611,-0.039949998259544373,0.037243175320327282,4184.5880126953125
0.40000000596046448,-0.039999999105930328,0.03733271814417094,4181.810791015625
0.40049999952316284,-0.040049999952316284,0.037422280642203987,4179.0308380126953
0.40099999308586121,-0.04010000079870224,0.037511850823648274,4176.2505035400391
0.40149998664855957,-0.040150001645088196,0.037601473275572062,4173.4609832763672
0.40200001001358032,-0.040199998766183853,0.037691167904995382,4170.6595764160156
0.40250000357627869,-0.040249999612569809,0.037781008519232273,4167.8318634033203
0.40299999713897705,-0.040300000458955765,0.037870946805924177,4164.9866638183594
0.40349999070167542,-0.040350001305341721,0.037961013964377344,4162.1203155517578
0.40400001406669617,-0.040399998426437378,0.038051271927542984,4159.2201538085938
0.40450000762939453,-0.040449999272823334,0.038141534547321498,4156.3191375732422
0.4050000011920929,-0.04050000011920929,0.03823186329100281,4153.4063873291016
0.40549999475479126,-0.040550000965595245,0.038322306121699512,4150.4727935791016
0.40599998831748962,-0.040600001811981201,0.038412818103097379,4147.5273742675781
0.40650001168251038,-0.040649998933076859,0.038503353833220899,4144.5783386230469
0.40700000524520874,-0.040699999779462814,0.038593916688114405,4141.6244506835938
0.4074999988079071,-0.04075000062584877,0.038684506434947252,4138.6672058105469
0.40799999237060547,-0.040800001472234726,0.038775236811488867,4135.6859588623047
0.40849998593330383,-0.040849998593330383,0.038866089074872434,4132.6834564208984
0.40900000929832458,-0.040899999439716339,0.038957094773650169,4129.65478515625
0.40950000286102295,-0.040950000286102295,0.03904823015909642,4126.6023254394531
0.40999999642372131,-0.041000001132488251,0.039139421423897147,4123.5402221679688
0.41049998998641968,-0.041049998253583908,0.03923059836961329,4120.4813842773438
0.41100001335144043,-0.041099999099969864,0.039321765070781112,4117.4266052246094
0.41150000691413879,-0.04114999994635582,0.039412951562553644,4114.3686828613281
0.41200000047683716,-0.041200000792741776,0.039504198241047561,4111.3005828857422
0.41249999403953552,-0.041250001639127731,0.039595508947968483,4108.2214508056641
0.41299998760223389,-0.041299998760223389,0.039686851669102907,4105.1373291015625
0.41350001096725464,-0.041349999606609344,0.039778307196684182,4102.033935546875
0.414000004529953,-0.0414000004529953,0.03986990381963551,4098.9063415527344
0.41449999809265137,-0.041450001299381256,0.039961694157682359,4095.7460327148438
0.41499999165534973,-0.041499998420476913,0.040053577511571348,4092.5678405761719
0.4154999852180481,-0.041549999266862869,0.040145459701307118,4089.3912658691406
0.41600000858306885,-0.041600000113248825,0.040237304288893938,4086.2211608886719
0.41650000214576721,-0.041650000959634781,0.040329201845452189,4083.0442047119141
0.41699999570846558,-0.041700001806020737,0.040421192301437259,4079.8510131835938
0.41749998927116394,-0.041749998927116394,0.040513218496926129,4076.6526641845703
0.41800001263618469,-0.04179999977350235,0.04060529638081789,4073.445556640625
0.41850000619888306,-0.041850000619888306,0.040697386022657156,4070.2366790771484
0.41899999976158142,-0.041900001466274261,0.0407894984818995,4067.0249328613281
0.41949999332427979,-0.041949998587369919,0.040881759137846529,4063.7874755859375
0.41999998688697815,-0.041999999433755875,0.040974125266075134,4060.5317535400391
0.4205000102519989,-0.04205000028014183,0.041066705365665257,4057.2376556396484
0.42100000381469727,-0.042100001126527786,0.041159451240673661,4053.9137878417969
0.42149999737739563,-0.042149998247623444,0.041252322378568351,4050.5671234130859
0.42199999094009399,-0.042199999094009399,0.041345228790305555,4047.2149353027344
0.42250001430511475,-0.042249999940395355,0.041438214480876923,4043.8510437011719
0.42300000786781311,-0.042300000786781311,0.041531264432705939,4040.4762420654297
0.42350000143051147,-0.042350001633167267,0.041624318575486541,4037.1013641357422
0.42399999499320984,-0.042399998754262924,0.041717467829585075,4033.708251953125
0.4244999885559082,-0.04244999960064888,0.041810669470578432,4030.3062438964844
0.42500001192092896,-0.042500000447034836,0.041903951205313206,4026.8903045654297
0.42550000548362732,-0.042550001293420792,0.041997413500212133,4023.4441833496094
0.42599999904632568,-0.042599998414516449,0.042091021430678666,4019.9721832275391
0.42649999260902405,-0.042649999260902405,0.042184733436442912,4016.4831390380859
0.42699998617172241,-0.042700000107288361,0.042278440552763641,4012.9957580566406
0.42750000953674316,-0.042750000953674316,0.042372219497337937,4009.4969787597656
0.42800000309944153,-0.042800001800060272,0.042466147802770138,4005.9727325439453
0.42849999666213989,-0.04284999892115593,0.042560132453218102,4002.4391632080078
0.42899999022483826,-0.042899999767541885,0.042654113029129803,3998.9070434570312
0.42950001358985901,-0.042950000613927841,0.042748067528009415,3995.3799438476562
0.43000000715255737,-0.043000001460313797,0.042842128896154463,3991.8333435058594
0.43050000071525574,-0.043049998581409454,0.042936312616802752,3988.2636413574219
0.4309999942779541,-0.04309999942779541,0.043030657107010484,3984.6666870117188
0.43149998784065247,-0.043150000274181366,0.043125109281390905,3981.0529479980469
0.43200001120567322,-0.043200001120567322,0.043219650047831237,3977.4239196777344
0.43250000476837158,-0.043249998241662979,0.043314355425536633,3973.7671508789062
0.43299999833106995,-0.043299999088048935,0.04340912087354809,3970.1003875732422
0.43349999189376831,-0.043349999934434891,0.043503998080268502,3966.4140319824219
0.43399998545646667,-0.043400000780820847,0.043599007767625153,3962.7047882080078
0.43450000882148743,-0.043450001627206802,0.043694057618267834,3958.9886322021484
0.43500000238418579,-0.04349999874830246,0.043789255199953914,3955.2454528808594
0.43549999594688416,-0.043549999594688416,0.043884521233849227,3951.4888763427734
0.43599998950958252,-0.043600000441074371,0.043979943613521755,3947.7039642333984
0.43650001287460327,-0.043650001287460327,0.044075458194129169,3943.90283203125
0.43700000643730164,-0.043699998408555984,0.044171149260364473,3940.0716094970703
0.4375,-0.04374999925494194,0.044266957207582891,3936.2205352783203
0.43799999356269836,-0.043800000101327896,0.044362921384163201,3932.3435516357422
0.43849998712539673,-0.043850000947713852,0.044459200114943087,3928.4099884033203
0.43900001049041748,-0.043900001794099808,0.044555535074323416,3924.4660491943359
0.43950000405311584,-0.043949998915195465,0.044651985517702997,3920.5019378662109
0.43999999761581421,-0.043999999761581421,0.044748543994501233,3916.5190734863281
0.44049999117851257,-0.044050000607967377,0.044845263124443591,3912.5081329345703
0.44100001454353333,-0.044100001454353333,0.044942248496226966,3908.4479675292969
0.44150000810623169,-0.04414999857544899,0.045039406744763255,3904.3569793701172
0.44200000166893005,-0.044199999421834946,0.045136632164940238,3900.2547760009766
0.44249999523162842,-0.044250000268220901,0.045233965618535876,3896.1322479248047
0.44299998879432678,-0.044300001114606857,0.045331527828238904,3891.9703979492188
0.44350001215934753,-0.044349998235702515,0.045429247198626399,3887.78076171875
0.4440000057220459,-0.04439999908208847,0.04552714282181114,3883.5615692138672
0.44449999928474426,-0.044449999928474426,0.045625235536135733,3879.3066558837891
0.44499999284744263,-0.044500000774860382,0.045723476563580334,3875.0261993408203
0.44549998641014099,-0.044550001621246338,0.045821995357982814,3870.6954498291016
0.44600000977516174,-0.044599998742341995,0.045920735341496766,3866.3247833251953
0.44650000333786011,-0.044649999588727951,0.046019519562833011,3861.9457702636719
0.44699999690055847,-0.044700000435113907,0.046118422062136233,3857.5472259521484
0.44749999046325684,-0.044750001281499863,0.046217674622312188,3853.0856170654297
0.44800001382827759,-0.04479999840259552,0.046317141270264983,3848.5858459472656
0.44850000739097595,-0.044849999248981476,0.046416939469054341,3844.0245513916016
0.44900000095367432,-0.044900000095367432,0.046517071663402021,3839.4036865234375
0.44949999451637268,-0.044950000941753387,0.046617319574579597,3834.7639770507812
0.44999998807907104,-0.045000001788139343,0.046717678080312908,3830.1077117919922
0.4505000114440918,-0.045049998909235001,0.046818233793601394,3825.4154052734375
0.45100000500679016,-0.045099999755620956,0.046918844687752426,3820.7150115966797
0.45149999856948853,-0.045150000602006912,0.04701961122918874,3815.9881134033203
0.45199999213218689,-0.045200001448392868,0.047120538423769176,3811.2330474853516
0.45249998569488525,-0.045249998569488525,0.047221545595675707,3806.4648895263672
0.45300000905990601,-0.045299999415874481,0.047322849277406931,3801.6436309814453
0.45350000262260437,-0.045350000262260437,0.047424301039427519,3796.7975158691406
0.45399999618530273,-0.045400001108646393,0.047526005888357759,3791.9059295654297
0.4544999897480011,-0.04544999822974205,0.047627782565541565,3787.0023651123047
0.45500001311302185,-0.045499999076128006,0.047729654586873949,3782.0845947265625
0.45550000667572021,-0.045549999922513962,0.047831669682636857,3777.1455230712891
0.45600000023841858,-0.045600000768899918,0.047933812253177166,3772.1855010986328
0.45649999380111694,-0.045650001615285873,0.048036042135208845,3767.2109527587891
0.45699998736381531,-0.045699998736381531,0.048138302867300808,3762.2330474853516
0.45750001072883606,-0.045749999582767487,0.048240690608508885,3757.2352905273438
0.45800000429153442,-0.045800000429153442,0.04834312607999891,3752.2298736572266
0.45849999785423279,-0.045850001275539398,0.048445676569826901,3747.2057037353516
0.45899999141693115,-0.045899998396635056,0.048548270133323967,3742.1744689941406
0.4595000147819519,-0.045949999243021011,0.04865085007622838,3737.1471710205078
0.46000000834465027,-0.046000000089406967,0.048753479844890535,3732.1152801513672
0.46050000190734863,-0.046050000935792923,0.048856257577426732,3727.0596923828125
0.460999995470047,-0.046100001782178879,0.048959106905385852,3721.9942779541016
0.46149998903274536,-0.046149998903274536,0.049061999074183404,3716.9242706298828
0.46200001239776611,-0.046199999749660492,0.049164925469085574,3711.8512268066406
0.46250000596046448,-0.046250000596046448,0.049267886090092361,3706.7743377685547
0.46299999952316284,-0.046300001442432404,0.049370833323337138,3701.7022552490234
0.46349999308586121,-0.046349998563528061,0.049473802675493062,3696.6295776367188
0.46399998664855957,-0.046399999409914017,0.049576745950616896,3691.5644226074219
0.46450001001358032,-0.046450000256299973,0.049679605872370303,3686.5163726806641
0.46500000357627869,-0.046500001102685928,0.049782379996031523,3681.4847259521484
0.46549999713897705,-0.046549998223781586,0.049885095213539898,3676.4666900634766
0.46599999070167542,-0.046599999070167542,0.049987901234999299,3671.4357147216797
0.46650001406669617,-0.046649999916553497,0.050090738455764949,3666.4026489257812
0.46700000762939453,-0.046700000762939453,0.050193586619570851,3661.37109375
0.4675000011920929,-0.046750001609325409,0.0502964569022879,3656.3403930664062
0.46799999475479126,-0.046799998730421066,0.050399290048517287,3651.3176574707031
0.46849998831748962,-0.046849999576807022,0.050502080586738884,3646.3059387207031
0.46900001168251038,-0.046900000423192978,0.050604881136678159,3641.2958679199219
0.46950000524520874,-0.046950001269578934,0.050707656890153885,3636.2925720214844
0.4699999988079071,-0.046999998390674591,0.050810402259230614,3631.2981567382812
0.47049999237060547,-0.047049999237060547,0.050913122482597828,3626.3105316162109
0.47099998593330383,-0.047100000083446503,0.051015809876844287,3621.3313598632812
0.47150000929832458,-0.047150000929832458,0.051118433708325028,3616.3652496337891
0.47200000286102295,-0.047200001776218414,0.051221020636148751,3611.4075927734375
0.47249999642372131,-0.047249998897314072,0.051323542487807572,3606.4638824462891
0.47299998998641968,-0.047299999743700027,0.051426033955067396,3601.5314483642578
0.47350001335144043,-0.047350000590085983,0.051528548472560942,3596.5984191894531
0.47400000691413879,-0.047400001436471939,0.051631085341796279,3591.6658477783203
0.47450000047683716,-0.047449998557567596,0.05173362884670496,3586.7350311279297
0.47499999403953552,-0.047499999403953552,0.051836146973073483,3581.8116455078125
0.47549998760223389,-0.047550000250339508,0.051938627264462411,3576.8981781005859
0.47600001096725464,-0.047600001096725464,0.052041042712517083,3571.998291015625
0.476500004529953,-0.047649998217821121,0.052143343957141042,3567.1209259033203
0.47699999809265137,-0.047699999064207077,0.052245564758777618,3562.2595672607422
0.47749999165534973,-0.047749999910593033,0.05234762909822166,3557.4294128417969
0.4779999852180481,-0.047800000756978989,0.052449684590101242,3552.6025695800781
0.47850000858306885,-0.047850001603364944,0.052551767439581454,3547.7739715576172
0.47900000214576721,-0.047899998724460602,0.052653901395387948,3542.9407043457031
0.47949999570846558,-0.047949999570846558,0.052756026620045304,3538.1122741699219
0.47999998927116394,-0.048000000417232513,0.052858094451949,3533.2972564697266
0.48050001263618469,-0.048050001263618469,0.052960120141506195,3528.4931640625
0.48100000619888306,-0.048099998384714127,0.053062180057168007,3523.6881713867188
0.48149999976158142,-0.048149999231100082,0.053164239739999175,3518.8846740722656
0.48199999332427979,-0.048200000077486038,0.053266254137270153,3514.0910186767578
0.48249998688697815,-0.048250000923871994,0.053368199267424643,3509.3116302490234
0.4830000102519989,-0.04830000177025795,0.053470126236788929,3504.5390014648438
0.48350000381469727,-0.048349998891353607,0.053572037140838802,3499.7703857421875
0.48399999737739563,-0.048399999737739563,0.053673899383284152,3495.0119781494141
0.48449999094009399,-0.048450000584125519,0.053775683743879199,3490.2688751220703
0.48500001430511475,-0.048500001430511475,0.053877466823905706,3485.5299377441406
0.48550000786781311,-0.048549998551607132,0.053979293326847255,3480.7861175537109
0.48600000143051147,-0.048599999397993088,0.0540811832761392,3476.0342712402344
0.48649999499320984,-0.048650000244379044,0.054183180793188512,3471.2662963867188
0.4869999885559082,-0.048700001090764999,0.054285233258269727,3466.4925689697266
0.48750001192092896,-0.048749998211860657,0.054387292824685574,3461.7203674316406
0.48800000548362732,-0.048799999058246613,0.05448934726882726,3456.9519958496094
0.48849999904632568,-0.048849999904632568,0.054591372725553811,3452.1913299560547
0.48899999260902405,-0.048900000751018524,0.054693381069228053,3447.4351654052734
0.48949998617172241,-0.04895000159740448,0.054795380914583802,3442.6824951171875
0.49000000953674316,-0.048999998718500137,0.05489739531185478,3437.9290924072266
0.49050000309944153,-0.049049999564886093,0.0549993742024526,3433.1828308105469
0.49099999666213989,-0.049100000411272049,0.055101322359405458,3428.4444427490234
0.49149999022483826,-0.049150001257658005,0.055203318479470909,3423.6993103027344
0.49200001358985901,-0.049199998378753662,0.055305430083535612,3418.9364013671875
0.49250000715255737,-0.049249999225139618,0.055407637031748891,3414.1605987548828
0.49300000071525574,-0.049300000071525574,0.055509915458969772,3409.375
0.4934999942779541,-0.04935000091791153,0.055612197262234986,3404.5912322998047
0.49399998784065247,-0.049400001764297485,0.055714482208713889,3399.8105621337891
0.49450001120567322,-0.049449998885393143,0.055816818028688431,3395.0250701904297
0.49500000476837158,-0.049499999731779099,0.055919217062182724,3390.2315521240234
0.49549999833106995,-0.049550000578165054,0.056021643686108291,3385.4354095458984
0.49599999189376831,-0.04960000142455101,0.056124077294953167,3380.6401214599609
0.49649998545646667,-0.049649998545646667,0.056226463057100773,3375.8538818359375
0.49700000882148743,-0.049699999392032623,0.05632881517522037,3371.0762634277344
0.49750000238418579,-0.049750000238418579,0.056431214441545308,3366.2929992675781
0.49799999594688416,-0.049800001084804535,0.056533645722083747,3361.5057373046875
0.49849998950958252,-0.049849998205900192,0.056636036722920835,3356.7279052734375
0.49900001287460327,-0.049899999052286148,0.056738343089818954,3351.9661865234375
0.49950000643730164,-0.049949999898672104,0.056840636301785707,3347.2107391357422
0.5,-0.05000000074505806,0.056942976894788444,3342.451416015625
0.50050002336502075,-0.050050001591444016,0.057045465218834579,3337.6701812744141
0.50099998712539673,-0.050099998712539673,0.057147989515215158,3332.8849182128906
0.50150001049041748,-0.050149999558925629,0.057250521029345691,3328.1020660400391
0.50199997425079346,-0.050200000405311584,0.057353004231117666,3323.3302612304688
0.50249999761581421,-0.05025000125169754,0.057455453905276954,3318.5683135986328
0.50300002098083496,-0.050299998372793198,0.057557978318072855,3313.7975006103516
0.50349998474121094,-0.050349999219179153,0.057660479214973748,3309.0318450927734
0.50400000810623169,-0.050400000065565109,0.057762902695685625,3304.2829284667969
0.50449997186660767,-0.050450000911951065,0.057865217328071594,3299.5547637939453
0.50499999523162842,-0.050500001758337021,0.057967427186667919,3294.8480987548828
0.50550001859664917,-0.050549998879432678,0.058069492573849857,3290.1686401367188
0.50599998235702515,-0.050599999725818634,0.058171453769318759,3285.5091552734375
0.5065000057220459,-0.05065000057220459,0.058273346163332462,3280.8652496337891
0.50700002908706665,-0.050700001418590546,0.058375195018015802,3276.2299346923828
0.50749999284744263,-0.050749998539686203,0.058477118262089789,3271.5876770019531
0.50800001621246338,-0.050799999386072159,0.05857909400947392,3266.9388275146484
0.50849997997283936,-0.050850000232458115,0.058681105263531208,3262.2883453369141
0.50900000333786011,-0.05090000107884407,0.058783100335858762,3257.6438140869141
0.50950002670288086,-0.050949998199939728,0.058885094476863742,3253.0024871826172
0.50999999046325684,-0.050999999046325684,0.058987052878364921,3248.3701629638672
0.51050001382827759,-0.051049999892711639,0.059088978101499379,3243.7476196289062
0.51099997758865356,-0.051100000739097595,0.059190879226662219,3239.131591796875
0.51150000095367432,-0.051150001585483551,0.059292779886163771,3234.5186004638672
0.51200002431869507,-0.051199998706579208,0.059394633048214018,3229.9158020019531
0.51249998807907104,-0.051249999552965164,0.059496425790712237,3225.3261871337891
0.5130000114440918,-0.05130000039935112,0.059598139021545649,3220.7515716552734
0.51349997520446777,-0.051350001245737076,0.059699763893149793,3216.1949920654297
0.51399999856948853,-0.051399998366832733,0.059801297378726304,3211.6553497314453
0.51450002193450928,-0.051449999213218689,0.05990274716168642,3207.1325836181641
0.51499998569488525,-0.051500000059604645,0.060004084138199687,3202.6324310302734
0.51550000905990601,-0.051550000905990601,0.060105420649051666,3198.1359710693359
0.51599997282028198,-0.051600001752376556,0.060206825495697558,3193.6309661865234
0.51649999618530273,-0.051649998873472214,0.060308286221697927,3189.1208343505859
0.51700001955032349,-0.05169999971985817,0.060409758356399834,3184.6127471923828
0.51749998331069946,-0.051750000566244125,0.060511194868013263,3180.1126098632812
0.51800000667572021,-0.051800001412630081,0.060612587141804397,3175.6234588623047
0.51849997043609619,-0.051849998533725739,0.060713978484272957,3171.1392822265625
0.51899999380111694,-0.051899999380111694,0.060815378208644688,3166.6551208496094
0.5195000171661377,-0.05195000022649765,0.060916749993339181,3162.1787567138672
0.51999998092651367,-0.052000001072883606,0.061018058098852634,3157.7150421142578
0.52050000429153442,-0.052049998193979263,0.061119310325011611,3153.2632904052734
0.52100002765655518,-0.052099999040365219,0.061220510979183018,3148.8224639892578
0.52149999141693115,-0.052149999886751175,0.06132165587041527,3144.39404296875
0.5220000147819519,-0.052200000733137131,0.061422712751664221,3139.9827423095703
0.52249997854232788,-0.052250001579523087,0.0615237025776878,3135.5842895507812
0.52300000190734863,-0.052299998700618744,0.061624624999240041,3131.1997833251953
0.52350002527236938,-0.0523499995470047,0.061725502833724022,3126.8274688720703
0.52399998903274536,-0.052400000393390656,0.06182639324106276,3122.4553833007812
0.52450001239776611,-0.052450001239776611,0.061927295639179647,3118.0846557617188
0.52499997615814209,-0.052499998360872269,0.062028193729929626,3113.7185516357422
0.52549999952316284,-0.052549999207258224,0.062129048863425851,3109.3600921630859
0.52600002288818359,-0.05260000005364418,0.06222993042320013,3105.0029907226562
0.52649998664855957,-0.052650000900030136,0.062330824788659811,3100.6458282470703
0.52700001001358032,-0.052700001746416092,0.062431786442175508,3096.2813873291016
0.5274999737739563,-0.052749998867511749,0.062532807816751301,3091.9100952148438
0.52799999713897705,-0.052799999713897705,0.062633778783492744,3087.5476684570312
0.5285000205039978,-0.052850000560283661,0.062734673963859677,3083.2011871337891
0.52899998426437378,-0.052900001406669617,0.062835477176122367,3078.8722839355469
0.52950000762939453,-0.052949998527765274,0.062936268979683518,3074.5468444824219
0.52999997138977051,-0.05299999937415123,0.063037034007720649,3070.2279052734375
0.53049999475479126,-0.053050000220537186,0.063137746648862958,3065.9213409423828
0.53100001811981201,-0.053100001066923141,0.06323840853292495,3061.6246795654297
0.53149998188018799,-0.053149998188018799,0.063339012092910707,3057.3386383056641
0.53200000524520874,-0.053199999034404755,0.063439554767683148,3053.0673675537109
0.53250002861022949,-0.05324999988079071,0.063540204777382314,3048.7825927734375
0.53299999237060547,-0.053300000727176666,0.063640931504778564,3044.4862365722656
0.53350001573562622,-0.053350001573562622,0.063741662772372365,3040.1914520263672
0.5339999794960022,-0.053399998694658279,0.063842405448667705,3035.898681640625
0.53450000286102295,-0.053449999541044235,0.063943176646716893,3031.6026000976562
0.5350000262260437,-0.053500000387430191,0.064043968101032078,3027.3059539794922
0.53549998998641968,-0.053550001233816147,0.064144834643229842,3023.0010375976562
0.53600001335144043,-0.053599998354911804,0.064245737972669303,3018.6912536621094
0.53649997711181641,-0.05364999920129776,0.064346685190685093,3014.3763275146484
0.53700000047683716,-0.053700000047683716,0.064447684562765062,3010.0545654296875
0.53750002384185791,-0.053750000894069672,0.06454864947590977,3005.7387237548828
0.53799998760223389,-0.053800001740455627,0.064649578416720033,3001.4328308105469
0.53850001096725464,-0.053849998861551285,0.06475048023276031,2997.1321105957031
0.53899997472763062,-0.053899999707937241,0.064851465751416981,2992.8205718994141
0.53949999809265137,-0.053950000554323196,0.064952472341246903,2988.506591796875
0.54000002145767212,-0.054000001400709152,0.065053483587689698,2984.1934814453125
0.5404999852180481,-0.05404999852180481,0.065154467709362507,2979.8872833251953
0.54100000858306885,-0.054099999368190765,0.065255424240604043,2975.5867614746094
0.54149997234344482,-0.054150000214576721,0.06535649613942951,2971.2711181640625
0.54199999570846558,-0.054200001060962677,0.065457668388262391,2966.9405822753906
0.54250001907348633,-0.054249998182058334,0.065558908274397254,2962.6023101806641
0.5429999828338623,-0.05429999902844429,0.065660200663842261,2958.2567138671875
0.54350000619888306,-0.054349999874830246,0.065761607722379267,2953.8972625732422
0.54400002956390381,-0.054400000721216202,0.065863107680343091,2949.5222320556641
0.54449999332427979,-0.054450001567602158,0.065964619861915708,2945.1486663818359
0.54500001668930054,-0.054499998688697815,0.066066160099580884,2940.7727661132812
0.54549998044967651,-0.054549999535083771,0.066167871584184468,2936.369384765625
0.54600000381469727,-0.054600000381469727,0.066269675153307617,2931.952392578125
0.54650002717971802,-0.054650001227855682,0.066371444147080183,2927.5425415039062
0.54699999094009399,-0.05469999834895134,0.066473225364461541,2923.1330261230469
0.54750001430511475,-0.054749999195337296,0.066575058619491756,2918.7176361083984
0.54799997806549072,-0.054800000041723251,0.066676904447376728,2914.3032684326172
0.54850000143051147,-0.054850000888109207,0.06677873176522553,2909.8924255371094
0.54900002479553223,-0.054900001734495163,0.066880571190267801,2905.4815521240234
0.5494999885559082,-0.05494999885559082,0.066982439602725208,2901.0671081542969
0.55000001192092896,-0.054999999701976776,0.067084431182593107,2896.6342926025391
0.55049997568130493,-0.055050000548362732,0.067186650121584535,2892.1649322509766
0.55099999904632568,-0.055100001394748688,0.067288953228853643,2887.684326171875
0.55150002241134644,-0.055149998515844345,0.067391252960078418,2883.2073211669922
0.55199998617172241,-0.055199999362230301,0.067493612179532647,2878.7254638671875
0.55250000953674316,-0.055250000208616257,0.067596008069813251,2874.2401428222656
0.55299997329711914,-0.055300001055002213,0.067698463681153953,2869.7491607666016
0.55349999666213989,-0.05534999817609787,0.067800979362800717,2865.2508850097656
0.55400002002716064,-0.055399999022483826,0.067903539747931063,2860.7465667724609
0.55449998378753662,-0.055449999868869781,0.068006183835677803,2856.2314147949219
0.55500000715255737,-0.055500000715255737,0.068108809646219015,2851.7201232910156
0.55549997091293335,-0.055550001561641693,0.068211471079848707,2847.2058563232422
0.5559999942779541,-0.05559999868273735,0.068314145435579121,2842.6921081542969
0.55650001764297485,-0.055649999529123306,0.068416887661442161,2838.1688232421875
0.55699998140335083,-0.055700000375509262,0.068519650725647807,2833.6447906494141
0.55750000476837158,-0.055750001221895218,0.068622442195191979,2829.1181793212891
0.55800002813339233,-0.055799998342990875,0.06872517557349056,2824.6026763916016
0.55849999189376831,-0.055849999189376831,0.068827849347144365,2820.1014251708984
0.55900001525878906,-0.055900000035762787,0.068930552108213305,2815.5975952148438
0.55949997901916504,-0.055950000882148743,0.069033275591209531,2811.0933074951172
0.56000000238418579,-0.056000001728534698,0.069136035279370844,2806.5865325927734
0.56050002574920654,-0.056049998849630356,0.069238831638358533,2802.0763549804688
0.56099998950958252,-0.056099999696016312,0.069341679802164435,2797.5621032714844
0.56150001287460327,-0.056150000542402267,0.069444572320207953,2793.0443115234375
0.56199997663497925,-0.056200001388788223,0.069547493360005319,2788.5250244140625
0.5625,-0.056249998509883881,0.069650403456762433,2784.0097961425781
0.56300002336502075,-0.056299999356269836,0.069753302028402686,2779.4998626708984
0.56349998712539673,-0.056350000202655792,0.069856150425039232,2774.9996948242188
0.56400001049041748,-0.056400001049041748,0.069958955165930092,2770.5114898681641
0.56449997425079346,-0.056449998170137405,0.070061733247712255,2766.0291595458984
0.56499999761581421,-0.056499999016523361,0.070164524833671749,2761.5464019775391
0.56550002098083496,-0.056549999862909317,0.07026733597740531,2757.0665740966797
0.56599998474121094,-0.056600000709295273,0.070370144560001791,2752.5885467529297
0.56650000810623169,-0.056650001555681229,0.070472949650138617,2748.1156463623047
0.56699997186660767,-0.056699998676776886,0.070575705147348344,2743.6513061523438
0.56749999523162842,-0.056749999523162842,0.070678385556675494,2739.2027282714844
0.56800001859664917,-0.056800000369548798,0.07078103069216013,2734.7635955810547
0.56849998235702515,-0.056850001215934753,0.070883689215406775,2730.3245391845703
0.5690000057220459,-0.056899998337030411,0.07098638394381851,2725.8835144042969
0.56950002908706665,-0.056949999183416367,0.071089067962020636,2721.4468536376953
0.56999999284744263,-0.057000000029802322,0.071191701572388411,2717.0208892822266
0.57050001621246338,-0.057050000876188278,0.071294268476776779,2712.6091461181641
0.57099997997283936,-0.057100001722574234,0.07139676867518574,2708.2116241455078
0.57150000333786011,-0.057149998843669891,0.071499241981655359,2703.8224182128906
0.57200002670288086,-0.057199999690055847,0.071601720061153173,2699.4368286132812
0.57249999046325684,-0.057250000536441803,0.071704210829921067,2695.0523223876953
0.57300001382827759,-0.057300001382827759,0.071806659223511815,2690.6770172119141
0.57349997758865356,-0.057349998503923416,0.071909034275449812,2686.3139801025391
0.57400000095367432,-0.057399999350309372,0.07201131887268275,2681.9689331054688
0.57450002431869507,-0.057450000196695328,0.07211350544821471,2677.6418151855469
0.57499998807907104,-0.057500001043081284,0.072215632768347859,2673.3287963867188
0.5755000114440918,-0.057549998164176941,0.072317844140343368,2669.0059509277344
0.57599997520446777,-0.057599999010562897,0.072420124430209398,2664.6742553710938
0.57649999856948853,-0.057649999856948853,0.072522386442869902,2660.3478240966797
0.57700002193450928,-0.057700000703334808,0.072624637046828866,2656.0276641845703
0.57749998569488525,-0.057750001549720764,0.072726853424683213,2651.7156219482422
0.57800000905990601,-0.057799998670816422,0.072829003795050085,2647.4162445068359
0.57849997282028198,-0.057849999517202377,0.072931111440993845,2643.1279296875
0.57899999618530273,-0.057900000363588333,0.073033192660659552,2638.846435546875
0.57950001955032349,-0.057950001209974289,0.073135262937285006,2634.5706939697266
0.57999998331069946,-0.057999998331069946,0.073237290722317994,2630.3044281005859
0.58050000667572021,-0.058049999177455902,0.073339260648936033,2626.0496520996094
0.58099997043609619,-0.058100000023841858,0.073441195767372847,2621.8043212890625
0.58149999380111694,-0.058150000870227814,0.07354314299300313,2617.5623931884766
0.5820000171661377,-0.05820000171661377,0.073645056108944118,2613.3284912109375
0.58249998092651367,-0.058249998837709427,0.073746888083405793,2609.1081085205078
0.58300000429153442,-0.058299999684095383,0.07384862971957773,2604.9060668945312
0.58350002765655518,-0.058350000530481339,0.07395032059866935,2600.7161865234375
0.58399999141693115,-0.058400001376867294,0.074051969684660435,2596.5344696044922
0.5845000147819519,-0.058449998497962952,0.074153592577204108,2592.3595428466797
0.58499997854232788,-0.058499999344348907,0.074255188810639083,2588.1927185058594
0.58550000190734863,-0.058550000190734863,0.074356758617796004,2584.0328063964844
0.58600002527236938,-0.058600001037120819,0.074458294198848307,2579.8810272216797
0.58649998903274536,-0.058649998158216476,0.074559810920618474,2575.7365570068359
0.58700001239776611,-0.058699999004602432,0.074661286198534071,2571.6003265380859
0.58749997615814209,-0.058749999850988388,0.074762679170817137,2567.4805221557617
0.58799999952316284,-0.058800000697374344,0.074863982852548361,2563.3768768310547
0.58850002288818359,-0.0588500015437603,0.074965197127312422,2559.2901611328125
0.58899998664855957,-0.058899998664855957,0.075066376943141222,2555.21240234375
0.58950001001358032,-0.058949999511241913,0.075167561648413539,2551.138557434082
0.5899999737739563,-0.059000000357627869,0.075268751592375338,2547.0669937133789
0.59049999713897705,-0.059050001204013824,0.075369899859651923,2543.0038757324219
0.5910000205039978,-0.059099998325109482,0.075471037067472935,2538.9473037719727
0.59149998426437378,-0.059149999171495438,0.075572179164737463,2534.8948059082031
0.59200000762939453,-0.059200000017881393,0.075673302926588804,2530.8481216430664
0.59249997138977051,-0.059250000864267349,0.07577440032036975,2526.8082122802734
0.59299999475479126,-0.059300001710653305,0.075875471869949251,2522.7739868164062
0.59350001811981201,-0.059349998831748962,0.07597654004348442,2518.7446670532227
0.59399998188018799,-0.059399999678134918,0.076077566714957356,2514.7235488891602
0.59450000524520874,-0.059450000524520874,0.076178519811946899,2510.7159423828125
0.59500002861022949,-0.05950000137090683,0.076279439614154398,2506.7152633666992
0.59549999237060547,-0.059549998492002487,0.076380222104489803,2502.7383422851562
0.59600001573562622,-0.059599999338388443,0.076480922987684608,2498.7773895263672
0.5964999794960022,-0.059650000184774399,0.076581604778766632,2494.8246002197266
0.59700000286102295,-0.059700001031160355,0.076682300365064293,2490.8720092773438
0.5975000262260437,-0.059749998152256012,0.076782970456406474,2486.9251098632812
0.59799998998641968,-0.059799998998641968,0.076883598114363849,2482.9887542724609
0.59850001335144043,-0.059849999845027924,0.076984191488008946,2479.0607528686523
0.59899997711181641,-0.059900000691413879,0.077084759424906224,2475.1382598876953
0.59950000047683716,-0.059950001537799835,0.07718526991084218,2471.2267990112305
0.60000002384185791,-0.059999998658895493,0.077285721839871258,2467.3292465209961
0.60049998760223389,-0.060049999505281448,0.077386186923831701,2463.433837890625
0.60100001096725464,-0.060100000351667404,0.077486673428211361,2459.538200378418
0.60149997472763062,-0.06015000119805336,0.077587173553183675,2455.6429977416992
0.60199999809265137,-0.060199998319149017,0.077687624027021229,2451.7577972412109
0.60250002145767212,-0.060249999165534973,0.077788000868167728,2447.8874969482422
0.6029999852180481,-0.060300000011920929,0.077888311352580786,2444.0324401855469
0.60350000858306885,-0.060350000858306885,0.077988588076550514,2440.1852645874023
0.60399997234344482,-0.060400001704692841,0.07808885449776426,2436.3430404663086
0.60449999570846558,-0.060449998825788498,0.078189087042119354,2432.5086364746094
0.60500001907348633,-0.060499999672174454,0.07828923809574917,2428.6892318725586
0.6054999828338623,-0.06055000051856041,0.078389339614659548,2424.8796920776367
0.60600000619888306,-0.060600001364946365,0.078489391598850489,2421.0804061889648
0.60650002956390381,-0.060649998486042023,0.07858936267439276,2417.2952499389648
0.60699999332427979,-0.060699999332427979,0.07868926867377013,2413.52197265625
0.60750001668930054,-0.060750000178813934,0.078789092600345612,2409.7661361694336
0.60799998044967651,-0.06080000102519989,0.078888866817578673,2406.0211486816406
0.60850000381469727,-0.060849998146295547,0.078988646564539522,2402.2787246704102
0.60900002717971802,-0.060899998992681503,0.079088408674579114,2398.5413589477539
0.60949999094009399,-0.060949999839067459,0.079188144824001938,2394.8111953735352
0.61000001430511475,-0.061000000685453415,0.079287831613328308,2391.090690612793
0.61049997806549072,-0.061050001531839371,0.079387444944586605,2387.3842315673828
0.61100000143051147,-0.061099998652935028,0.079486937844194472,2383.6979598999023
0.61150002479553223,-0.061149999499320984,0.079586420964915305,2380.0153884887695
0.6119999885559082,-0.06120000034570694,0.079685925331432372,2376.3335952758789
0.61250001192092896,-0.061250001192092896,0.079785427020397037,2372.6566696166992
0.61299997568130493,-0.061299998313188553,0.079884887556545436,2368.9877624511719
0.61349999904632568,-0.061349999159574509,0.07998432929161936,2365.3268737792969
0.61400002241134644,-0.061400000005960464,0.08008373761549592,2361.6736068725586
0.61449998617172241,-0.06145000085234642,0.08018309623003006,2358.0312576293945
0.61500000953674316,-0.061500001698732376,0.080282389186322689,2354.4027557373047
0.61549997329711914,-0.061549998819828033,0.080381609383039176,2350.7867431640625
0.61599999666213989,-0.061599999666213989,0.080480780103243887,2347.1810684204102
0.61650002002716064,-0.061650000512599945,0.080579901172313839,2343.5860290527344
0.61699998378753662,-0.061700001358985901,0.080678964906837791,2340.0020065307617
0.61750000715255737,-0.061749998480081558,0.080777987197507173,2336.4268493652344
0.61799997091293335,-0.061799999326467514,0.080876952095422894,2332.8630142211914
0.6184999942779541,-0.06185000017285347,0.080975868506357074,2329.3071441650391
0.61900001764297485,-0.061900001019239426,0.08107465592911467,2325.7743148803711
0.61949998140335083,-0.061949998140335083,0.081173440616112202,2322.2470703125
0.62000000476837158,-0.061999998986721039,0.081272270763292909,2318.715705871582
0.62050002813339233,-0.062049999833106995,0.081371099222451448,2315.186637878418
0.62099999189376831,-0.06210000067949295,0.081469878437928855,2311.6670837402344
0.62150001525878906,-0.062150001525878906,0.081568600668106228,2308.1583709716797
0.62199997901916504,-0.062199998646974564,0.081667217542417347,2304.6699829101562
0.62250000238418579,-0.062249999493360519,0.081765769806224853,2301.1929779052734
0.62300002574920654,-0.062300000339746475,0.081864288658834994,2297.7235565185547
0.62349998950958252,-0.062350001186132431,0.081962789758108556,2294.2595748901367
0.62400001287460327,-0.062399998307228088,0.082061265711672604,2290.8005905151367
0.62449997663497925,-0.062449999153614044,0.082159700046759099,2287.3508071899414
0.625,-0.0625,0.082258108537644148,2283.9076919555664
0.62550002336502075,-0.062550000846385956,0.082356515165884048,2280.4673156738281
0.62599998712539673,-0.062600001692771912,0.082454895600676537,2277.0348739624023
0.62650001049041748,-0.062650002539157867,0.082553226849995553,2273.6125946044922
0.62699997425079346,-0.062700003385543823,0.082651493197772652,2270.2027816772461
0.62749999761581421,-0.062749996781349182,0.082749709603376687,2266.8048629760742
0.62800002098083496,-0.062799997627735138,0.082847924262750894,2263.4096908569336
0.62849998474121094,-0.062849998474121094,0.082946121576242149,2260.018684387207
0.62900000810623169,-0.06289999932050705,0.083044331986457109,2256.6300582885742
0.62949997186660767,-0.062950000166893005,0.083142517250962555,2253.2465057373047
0.62999999523162842,-0.063000001013278961,0.083240669104270637,2249.8703384399414
0.63050001859664917,-0.063050001859664917,0.083338795753661543,2246.5001831054688
0.63099998235702515,-0.063100002706050873,0.083436850167345256,2243.1413345336914
0.6315000057220459,-0.063150003552436829,0.08353478362550959,2239.8042678833008
0.63200002908706665,-0.063199996948242188,0.083632643742021173,2236.4820098876953
0.63249999284744263,-0.063249997794628143,0.08373055758420378,2233.1535186767578
0.63300001621246338,-0.063299998641014099,0.083828500937670469,2229.8238754272461
0.63349997997283936,-0.063349999487400055,0.083926411694847047,2226.4999237060547
0.63400000333786011,-0.063400000333786011,0.084024249052163213,2223.1910095214844
0.63450002670288086,-0.063450001180171967,0.084122013940941542,2219.8949584960938
0.63499999046325684,-0.063500002026557922,0.084219643205869943,2216.6214370727539
0.63550001382827759,-0.063550002872943878,0.084317183413077146,2213.3649291992188
0.63599997758865356,-0.063600003719329834,0.084414722223300487,2210.1102523803711
0.63650000095367432,-0.063649997115135193,0.084512251545675099,2206.85888671875
0.63700002431869507,-0.063699997961521149,0.084609740180894732,2203.6144790649414
0.63749998807907104,-0.063749998807907104,0.084707195463124663,2200.3779754638672
0.6380000114440918,-0.06379999965429306,0.084804618207272142,2197.1470794677734
0.63849997520446777,-0.063850000500679016,0.084901982569135725,2193.9305038452148
0.63899999856948853,-0.063900001347064972,0.084999345359392464,2190.7163925170898
0.63950002193450928,-0.063950002193450928,0.085096721712034196,2187.5043182373047
0.63999998569488525,-0.064000003039836884,0.085194103943649679,2184.2948913574219
0.64050000905990601,-0.064049996435642242,0.085291453346144408,2181.0916976928711
0.64099997282028198,-0.064099997282028198,0.085388745239470154,2177.9007568359375
0.64149999618530273,-0.064149998128414154,0.085485964955296367,2174.7214126586914
0.64200001955032349,-0.06419999897480011,0.085583135485649109,2171.5525817871094
0.64249998331069946,-0.064249999821186066,0.085680202173534781,2168.4000091552734
0.64300000667572021,-0.064300000667572021,0.085777227999642491,2165.2557601928711
0.64349997043609619,-0.064350001513957977,0.085874243814032525,2162.1164779663086
0.64399999380111694,-0.064400002360343933,0.085971281456295401,2158.9767532348633
0.6445000171661377,-0.064450003206729889,0.086068372358568013,2155.8316955566406
0.64499998092651367,-0.064499996602535248,0.086165548185817897,2152.676513671875
0.64550000429153442,-0.064549997448921204,0.086262691591400653,2149.5269241333008
0.64600002765655518,-0.064599998295307159,0.08635970699833706,2146.3987731933594
0.64649999141693115,-0.064649999141693115,0.086456696561072022,2143.2785415649414
0.6470000147819519,-0.064699999988079071,0.086553660570643842,2140.1655044555664
0.64749997854232788,-0.064750000834465027,0.08665061549982056,2137.0551910400391
0.64800000190734863,-0.064800001680850983,0.086747552966699004,2133.9498977661133
0.64850002527236938,-0.064850002527236938,0.086844434204977006,2130.8529281616211
0.64899998903274536,-0.064900003373622894,0.086941298155579716,2127.7609100341797
0.64950001239776611,-0.064949996769428253,0.087038089346606284,2124.681884765625
0.64999997615814209,-0.064999997615814209,0.087134792527649552,2121.6169738769531
0.65049999952316284,-0.065049998462200165,0.08723147859564051,2118.5559997558594
0.65100002288818359,-0.065099999308586121,0.087328147841617465,2115.4988021850586
0.65149998664855957,-0.065150000154972076,0.087424768775235862,2112.4494476318359
0.65200001001358032,-0.065200001001358032,0.087521308858413249,2109.4150924682617
0.6524999737739563,-0.065250001847743988,0.087617808487266302,2106.3878402709961
0.65299999713897705,-0.065300002694129944,0.087714235007297248,2103.3745803833008
0.6535000205039978,-0.0653500035405159,0.087810722412541509,2100.356803894043
0.65399998426437378,-0.065399996936321259,0.087907263194210827,2097.3340911865234
0.65450000762939453,-0.065449997782707214,0.08800383354537189,2094.3102798461914
0.65499997138977051,-0.06549999862909317,0.088100417167879641,2091.2896728515625
0.65549999475479126,-0.065549999475479126,0.088196960394270718,2088.2755279541016
0.65600001811981201,-0.065600000321865082,0.088293462351430207,2085.2706069946289
0.65649998188018799,-0.065650001168251038,0.088389915530569851,2082.2749786376953
0.65700000524520874,-0.065700002014636993,0.088486343622207642,2079.2849197387695
0.65750002861022949,-0.065750002861022949,0.088582738710101694,2076.3018188476562
0.65799999237060547,-0.065800003707408905,0.088679085311014205,2073.3267364501953
0.65850001573562622,-0.065849997103214264,0.088775415148120373,2070.3554000854492
0.6589999794960022,-0.06589999794960022,0.088871718849986792,2067.3918304443359
0.65950000286102295,-0.065949998795986176,0.088968052645213902,2064.4262619018555
0.6600000262260437,-0.065999999642372131,0.08906440093414858,2061.4595413208008
0.66049998998641968,-0.066050000488758087,0.08916073216823861,2058.4975051879883
0.66100001335144043,-0.066100001335144043,0.08925698307575658,2055.5490264892578
0.66149997711181641,-0.066150002181529999,0.089353208430111408,2052.6079177856445
0.66200000047683716,-0.066200003027915955,0.089449385355692357,2049.6753692626953
0.66250002384185791,-0.066249996423721313,0.089545513619668782,2046.7518844604492
0.66299998760223389,-0.066299997270107269,0.089641609170939773,2043.8349075317383
0.66350001096725464,-0.066349998116493225,0.089737624570261687,2040.9310913085938
0.66399997472763062,-0.066399998962879181,0.089833598874974996,2038.0357284545898
0.66449999809265137,-0.066449999809265137,0.089929587615188211,2035.1401977539062
0.66500002145767212,-0.066500000655651093,0.090025606623385102,2032.241584777832
0.6654999852180481,-0.066550001502037048,0.090121624409221113,2029.3444671630859
0.66600000858306885,-0.066600002348423004,0.090217617456801236,2026.4523696899414
0.66649997234344482,-0.06665000319480896,0.0903135379194282,2023.5735626220703
0.66699999570846558,-0.066699996590614319,0.090409410418942571,2020.7024765014648
0.66750001907348633,-0.066749997437000275,0.090505226340610534,2017.841667175293
0.6679999828338623,-0.06679999828338623,0.090600945870392025,2014.9978485107422
0.66850000619888306,-0.066849999129772186,0.090696608880534768,2012.1644897460938
0.66900002956390381,-0.066899999976158142,0.090792309842072427,2009.3279418945312
0.66949999332427979,-0.066950000822544098,0.090888032806105912,2006.4909591674805
0.67000001668930054,-0.067000001668930054,0.090983808564487845,2003.6508255004883
0.67049998044967651,-0.06705000251531601,0.091079567326232791,2000.8147201538086
0.67100000381469727,-0.067100003361701965,0.091175340057816356,1997.9800720214844
0.67150002717971802,-0.067149996757507324,0.091271134850103408,1995.1447525024414
0.67199999094009399,-0.06719999760389328,0.091366927896160632,1992.3123321533203
0.67250001430511475,-0.067249998450279236,0.091462688462343067,1989.4858551025391
0.67299997806549072,-0.067299999296665192,0.091558392799925059,1986.6686553955078
0.67350000143051147,-0.067350000143051147,0.091654056741390377,1983.8588485717773
0.67400002479553223,-0.067400000989437103,0.091749664046801627,1981.0594100952148
0.6744999885559082,-0.067450001835823059,0.091845167218707502,1978.277702331543
0.67500001192092896,-0.067500002682209015,0.091940716840326786,1975.4902114868164
0.67549997568130493,-0.067550003528594971,0.092036304413340986,1972.699462890625
0.67599999904632568,-0.06759999692440033,0.092131929472088814,1969.9061889648438
0.67650002241134644,-0.067649997770786285,0.092227530141826719,1967.1172790527344
0.67699998617172241,-0.067699998617172241,0.092323066084645689,1964.3407211303711
0.67750000953674316,-0.067749999463558197,0.092418538057245314,1961.5746765136719
0.67799997329711914,-0.067800000309944153,0.092513968877028674,1958.818000793457
0.67849999666213989,-0.067850001156330109,0.09260939055820927,1956.0648422241211
0.67900002002716064,-0.067900002002716064,0.092704795475583524,1953.3151473999023
0.67949998378753662,-0.06795000284910202,0.092800160113256425,1950.5722808837891
0.68000000715255737,-0.068000003695487976,0.092895476205740124,1947.8382415771484
0.68049997091293335,-0.068049997091293335,0.092990681063383818,1945.1206359863281
0.6809999942779541,-0.068099997937679291,0.093085892498493195,1942.404167175293
0.68150001764297485,-0.068149998784065247,0.09318110259482637,1939.6903228759766
0.68199998140335083,-0.068199999630451202,0.093276288534980267,1936.9801712036133
0.68250000476837158,-0.068250000476837158,0.093371449096594006,1934.2767028808594
0.68300002813339233,-0.068300001323223114,0.093466537888161838,1931.5844650268555
0.68349999189376831,-0.06835000216960907,0.093561648565810174,1928.892204284668
0.68400001525878906,-0.068400003015995026,0.093656750919762999,1926.2010040283203
0.68449997901916504,-0.068449996411800385,0.093751835927832872,1923.5148544311523
0.68500000238418579,-0.06849999725818634,0.09384689579019323,1920.8347930908203
0.68550002574920654,-0.068549998104572296,0.093941954139154404,1918.1578369140625
0.68599998950958252,-0.068599998950958252,0.094037018599919975,1915.4833755493164
0.68650001287460327,-0.068649999797344208,0.094132081838324666,1912.8111419677734
0.68699997663497925,-0.068700000643730164,0.094227166613563895,1910.1397705078125
0.6875,-0.068750001490116119,0.094322281540371478,1907.4665145874023
0.68800002336502075,-0.068800002336502075,0.094417379586957395,1904.7971725463867
0.68849998712539673,-0.068850003182888031,0.094512452720664442,1902.1333999633789
0.68900001049041748,-0.06889999657869339,0.094607516541145742,1899.4734344482422
0.68949997425079346,-0.068949997425079346,0.09470257128123194,1896.8161163330078
0.68999999761581421,-0.068999998271465302,0.094797609373927116,1894.16259765625
0.69050002098083496,-0.069049999117851257,0.094892614288255572,1891.516487121582
0.69099998474121094,-0.069099999964237213,0.094987603137269616,1888.8725280761719
0.69150000810623169,-0.069150000810623169,0.095082559564616531,1886.2341766357422
0.69199997186660767,-0.069200001657009125,0.09517746715573594,1883.6053009033203
0.69249999523162842,-0.069250002503395081,0.095272396982181817,1880.9749603271484
0.69300001859664917,-0.069300003349781036,0.095367365109268576,1878.3402404785156
0.69349998235702515,-0.069349996745586395,0.095462355413474143,1875.7047805786133
0.6940000057220459,-0.069399997591972351,0.095557352295145392,1873.0700836181641
0.69450002908706665,-0.069449998438358307,0.095652332529425621,1870.439208984375
0.69499999284744263,-0.069499999284744263,0.095747256011236459,1867.8192749023438
0.69550001621246338,-0.069550000131130219,0.095842154929414392,1865.2043380737305
0.69599997997283936,-0.069600000977516174,0.095937021484132856,1862.5951538085938
0.69650000333786011,-0.06965000182390213,0.096031894499901682,1859.9873962402344
0.69700002670288086,-0.069700002670288086,0.096126789750996977,1857.3786315917969
0.69749999046325684,-0.069750003516674042,0.09622167656198144,1854.7709121704102
0.69800001382827759,-0.069799996912479401,0.09631656197598204,1852.1657028198242
0.69849997758865356,-0.069849997758865356,0.096411423000972718,1849.5648651123047
0.69900000095367432,-0.069899998605251312,0.096506266738288105,1846.9691848754883
0.69950002431869507,-0.069949999451637268,0.096601101453416049,1844.3768463134766
0.69999998807907104,-0.070000000298023224,0.096695904096122831,1841.7892150878906
0.7005000114440918,-0.07005000114440918,0.096790674491785467,1839.2068481445312
0.70099997520446777,-0.070100001990795135,0.096885412116535008,1836.6304550170898
0.70149999856948853,-0.070150002837181091,0.096980156609788537,1834.0544281005859
0.70200002193450928,-0.070200003683567047,0.097074923512991518,1831.476806640625
0.70249998569488525,-0.070249997079372406,0.097169751999899745,1828.8923416137695
0.70300000905990601,-0.070299997925758362,0.097264602605719119,1826.3073120117188
0.70349997282028198,-0.070349998772144318,0.097359451581723988,1823.7254867553711
0.70399999618530273,-0.070399999618530273,0.097454307018779218,1821.1454620361328
0.70450001955032349,-0.070450000464916229,0.097549192083533853,1818.5651931762695
0.70499998331069946,-0.070500001311302185,0.09764406830072403,1815.987419128418
0.70550000667572021,-0.070550002157688141,0.097738920361734927,1813.4134826660156
0.70599997043609619,-0.070600003004074097,0.0978337466949597,1810.8474807739258
0.70649999380111694,-0.070649996399879456,0.097928642644546926,1808.2731246948242
0.7070000171661377,-0.070699997246265411,0.098023553029634058,1805.6988296508789
0.70749998092651367,-0.070749998092651367,0.098118446825537831,1803.1278076171875
0.70800000429153442,-0.070799998939037323,0.098213323391973972,1800.5617294311523
0.70850002765655518,-0.070849999785423279,0.0983081761514768,1797.9984512329102
0.70899999141693115,-0.070900000631809235,0.098403027339372784,1795.4380645751953
0.7095000147819519,-0.07095000147819519,0.098497854312881827,1792.8816375732422
0.70999997854232788,-0.071000002324581146,0.098592703696340322,1790.3239440917969
0.71050000190734863,-0.071050003170967102,0.098687575198709965,1787.7654418945312
0.71100002527236938,-0.071099996566772461,0.098782438028138131,1785.2094497680664
0.71149998903274536,-0.071149997413158417,0.098877291777171195,1782.6569366455078
0.71200001239776611,-0.071199998259544373,0.098972120671533048,1780.1101303100586
0.71249997615814209,-0.071249999105930328,0.099066908936947584,1777.5712814331055
0.71299999952316284,-0.071299999952316284,0.099161696271039546,1775.0338897705078
0.71350002288818359,-0.07135000079870224,0.099256513698492199,1772.4945602416992
0.71399998664855957,-0.071400001645088196,0.099351368902716786,1769.9527587890625
0.71450001001358032,-0.071450002491474152,0.099446223408449441,1767.4116058349609
0.7149999737739563,-0.071500003337860107,0.099541053816210479,1764.8742904663086
0.71549999713897705,-0.071549996733665466,0.099635843944270164,1762.3440551757812
0.7160000205039978,-0.071599997580051422,0.099730562069453299,1759.8260955810547
0.71649998426437378,-0.071649998426437378,0.099825295154005289,1757.3069305419922
0.71700000762939453,-0.071699999272823334,0.099920027307234704,1754.7894248962402
0.71749997138977051,-0.07175000011920929,0.10001474269665778,1752.2759323120117
0.71799999475479126,-0.071800000965595245,0.1001094258390367,1749.7679862976074
0.71850001811981201,-0.071850001811981201,0.1002040765597485,1747.2656631469727
0.71899998188018799,-0.071900002658367157,0.10029874218162149,1744.762264251709
0.71950000524520874,-0.071950003504753113,0.10039342980599031,1742.2588882446289
0.72000002861022949,-0.071999996900558472,0.10048817133065313,1739.7494697570801
0.72049999237060547,-0.072049997746944427,0.10058290441520512,1737.2417068481445
0.72100001573562622,-0.072099998593330383,0.10067761258687824,1734.7396545410156
0.7214999794960022,-0.072149999439716339,0.10077231167815626,1732.2411117553711
0.72200000286102295,-0.072200000286102295,0.10086701746331528,1729.7434959411621
0.7225000262260437,-0.072250001132488251,0.10096172179328278,1727.2490386962891
0.72299998998641968,-0.072300001978874207,0.10105640924302861,1724.7590293884277
0.72350001335144043,-0.072350002825260162,0.10115111857885495,1722.269775390625
0.72399997711181641,-0.072400003671646118,0.10124582704156637,1719.7820472717285
0.72450000047683716,-0.072449997067451477,0.1013405189733021,1717.2977561950684
0.72500002384185791,-0.072499997913837433,0.10143518581753597,1714.8195152282715
0.72549998760223389,-0.072549998760223389,0.10152992984512821,1712.3331604003906
0.72600001096725464,-0.072599999606609344,0.10162475076504052,1709.8393173217773
0.72649997472763062,-0.0726500004529953,0.10171955538680777,1707.3482971191406
0.72699999809265137,-0.072700001299381256,0.10181432007811964,1704.8635673522949
0.72750002145767212,-0.072750002145767212,0.10190904425689951,1702.3868789672852
0.7279999852180481,-0.072800002992153168,0.10200367367360741,1699.9234466552734
0.72850000858306885,-0.072849996387958527,0.10209830233361572,1697.4612998962402
0.72899997234344482,-0.072899997234344482,0.1021929377457127,1694.9999198913574
0.72949999570846558,-0.072949998080730438,0.10228761116741225,1692.5355987548828
0.73000001907348633,-0.072999998927116394,0.10238229180686176,1690.0708618164062
0.7304999828338623,-0.07304999977350235,0.10247702547349036,1687.6030349731445
0.73100000619888306,-0.073100000619888306,0.1025717583252117,1685.136360168457
0.73150002956390381,-0.073150001466274261,0.10266649781260639,1682.6713409423828
0.73199999332427979,-0.073200002312660217,0.10276121291099116,1680.210865020752
0.73250001668930054,-0.073250003159046173,0.10285588790429756,1677.7575416564941
0.73299998044967651,-0.073299996554851532,0.1029505308251828,1675.309497833252
0.73350000381469727,-0.073349997401237488,0.10304514889139682,1672.8673095703125
0.73400002717971802,-0.073399998247623444,0.10313974251039326,1670.4299430847168
0.73449999094009399,-0.073449999094009399,0.10323433496523649,1667.9951171875
0.73500001430511475,-0.073499999940395355,0.10332891118014231,1665.5629348754883
0.73549997806549072,-0.073550000786781311,0.10342350212158635,1663.1303176879883
0.73600000143051147,-0.073600001633167267,0.10351808427367359,1660.7006607055664
0.73650002479553223,-0.073650002479553223,0.1036126422113739,1658.2751884460449
0.7369999885559082,-0.073700003325939178,0.10370712837902829,1655.8614959716797
0.73750001192092896,-0.073749996721744537,0.10380158270709217,1653.4527816772461
0.73799997568130493,-0.073799997568130493,0.10389600496273488,1651.0495948791504
0.73849999904632568,-0.073849998414516449,0.103990379255265,1648.6543045043945
0.73900002241134644,-0.073899999260902405,0.10408467426896095,1646.2712249755859
0.73949998617172241,-0.073950000107288361,0.10417893744306639,1643.89306640625
0.74000000953674316,-0.074000000953674316,0.10427321522729471,1641.5148277282715
0.74049997329711914,-0.074050001800060272,0.10436753887915984,1639.1324157714844
0.74099999666213989,-0.074100002646446228,0.10446185374166816,1636.7526321411133
0.74150002002716064,-0.074150003492832184,0.10455618257401511,1634.3751106262207
0.74199998378753662,-0.074199996888637543,0.10465052572544664,1631.9984817504883
0.74250000715255737,-0.074249997735023499,0.1047448602039367,1629.6242942810059
0.74299997091293335,-0.074299998581409454,0.10483920871047303,1627.2520980834961
0.7434999942779541,-0.07434999942779541,0.10493357916129753,1624.880298614502
0.74400001764297485,-0.074400000274181366,0.10502792580518872,1622.5116996765137
0.74449998140335083,-0.074450001120567322,0.1051222556270659,1620.1473731994629
0.74500000476837158,-0.074500001966953278,0.10521657654317096,1617.7862892150879
0.74550002813339233,-0.074550002813339233,0.10531088075367734,1615.429557800293
0.74599999189376831,-0.074600003659725189,0.10540519887581468,1613.075080871582
0.74650001525878906,-0.074649997055530548,0.10549952433211729,1610.7203903198242
0.74699997901916504,-0.074699997901916504,0.10559384094085544,1608.3687400817871
0.74750000238418579,-0.07474999874830246,0.10568813345162198,1606.0210952758789
0.74800002574920654,-0.074799999594688416,0.10578239371534437,1603.6794319152832
0.74849998950958252,-0.074850000441074371,0.10587659804150462,1601.3471183776855
0.74900001287460327,-0.074900001287460327,0.10597080166917294,1599.0160713195801
0.74949997663497925,-0.074950002133846283,0.10606501990696415,1596.6851806640625
0.75,-0.075000002980232239,0.10615922196302563,1594.3570594787598
0.75050002336502075,-0.075049996376037598,0.10625339893158525,1592.0357360839844
0.75099998712539673,-0.075099997222423553,0.10634754435159266,1589.7187843322754
0.75150001049041748,-0.075149998068809509,0.10644165653502569,1587.4106979370117
0.75199997425079346,-0.075199998915195465,0.10653575259493664,1585.1054573059082
0.75249999761581421,-0.075249999761581421,0.10662983247311786,1582.803092956543
0.75300002098083496,-0.075300000607967377,0.10672388726379722,1580.5074462890625
0.75349998474121094,-0.075350001454353333,0.10681791044771671,1578.2161483764648
0.75400000810623169,-0.075400002300739288,0.10691192431841046,1575.9292373657227
0.75449997186660767,-0.075450003147125244,0.10700591432396322,1573.6455841064453
0.75499999523162842,-0.075499996542930603,0.10709988785674796,1571.3657341003418
0.75550001859664917,-0.075549997389316559,0.10719380580121651,1569.0945014953613
0.75599998235702515,-0.075599998235702515,0.10728767584078014,1566.8316497802734
0.7565000057220459,-0.07564999908208847,0.10738152923295274,1564.573112487793
0.75700002908706665,-0.075699999928474426,0.10747537371935323,1562.3180389404297
0.75749999284744263,-0.075750000774860382,0.10756918671540916,1560.0668258666992
0.75800001621246338,-0.075800001621246338,0.10766296746442094,1557.8216819763184
0.75849997997283936,-0.075850002467632294,0.1077567080501467,1555.5839309692383
0.75900000333786011,-0.07590000331401825,0.10785038582980633,1553.3541488647461
0.75950002670288086,-0.075949996709823608,0.10794399201404303,1551.1362686157227
0.75999999046325684,-0.075999997556209564,0.10803755873348564,1548.9241371154785
0.76050001382827759,-0.07604999840259552,0.10813111660536379,1546.7151794433594
0.76099997758865356,-0.076099999248981476,0.10822464275406674,1544.5108947753906
0.76150000095367432,-0.076150000095367432,0.10831812117248774,1542.3142166137695
0.76200002431869507,-0.076200000941753387,0.1084115986013785,1540.1198081970215
0.76249998807907104,-0.076250001788139343,0.1085050668916665,1537.9293060302734
0.7630000114440918,-0.076300002634525299,0.10859853454167023,1535.7403106689453
0.76349997520446777,-0.076350003480911255,0.10869203921174631,1533.5513305664062
0.76399999856948853,-0.076399996876716614,0.10878557385876775,1531.3613433837891
0.76450002193450928,-0.07644999772310257,0.10887912282487378,1529.1723899841309
0.76499998569488525,-0.076499998569488525,0.10897265520179644,1526.9876518249512
0.76550000905990601,-0.076549999415874481,0.10906614776467904,1524.8094787597656
0.76599997282028198,-0.076600000262260437,0.10915961646242067,1522.6348648071289
0.76649999618530273,-0.076650001108646393,0.10925304447300732,1520.4691925048828
0.76700001955032349,-0.076700001955032349,0.109346448618453,1518.3069763183594
0.76749998331069946,-0.076750002801418304,0.10943980474257842,1516.1533164978027
0.76800000667572021,-0.07680000364780426,0.10953315201913938,1514.0031852722168
0.76849997043609619,-0.076849997043609619,0.10962647543055937,1511.8563652038574
0.76899999380111694,-0.076899997889995575,0.10971976612927392,1509.7172470092773
0.7695000171661377,-0.076949998736381531,0.10981304052984342,1507.5814933776855
0.76999998092651367,-0.076999999582767487,0.10990632977336645,1505.4455032348633
0.77050000429153442,-0.077050000429153442,0.10999961046036333,1503.3120231628418
0.77100002765655518,-0.077100001275539398,0.11009286699118093,1501.1827774047852
0.77149999141693115,-0.077150002121925354,0.1101860836497508,1499.0601806640625
0.7720000147819519,-0.07720000296831131,0.11027926841052249,1496.9428787231445
0.77249997854232788,-0.077249996364116669,0.11037242843303829,1494.8316497802734
0.77300000190734863,-0.077299997210502625,0.11046557209920138,1492.724006652832
0.77350002527236938,-0.07734999805688858,0.11055866803508252,1490.6240577697754
0.77399998903274536,-0.077399998903274536,0.11065173160750419,1488.5308685302734
0.77450001239776611,-0.077449999749660492,0.11074477119836956,1486.4416236877441
0.77499997615814209,-0.077500000596046448,0.1108377943164669,1484.3559951782227
0.77549999952316284,-0.077550001442432404,0.11093077715486288,1482.2783241271973
0.77600002288818359,-0.077600002288818359,0.11102373589528725,1480.2051734924316
0.77649998664855957,-0.077650003135204315,0.11111667094519362,1478.1350440979004
0.77700001001358032,-0.077699996531009674,0.11120957403909415,1476.0701599121094
0.7774999737739563,-0.07774999737739563,0.11130243720253929,1474.0120048522949
0.77799999713897705,-0.077799998223781586,0.1113952134619467,1471.9671859741211
0.7785000205039978,-0.077849999070167542,0.11148797324858606,1469.9262580871582
0.77899998426437378,-0.077899999916553497,0.11158074007835239,1467.8862152099609
0.77950000762939453,-0.077950000762939453,0.11167350591858849,1465.8482131958008
0.77999997138977051,-0.078000001609325409,0.11176624015206471,1463.8145027160645
0.78049999475479126,-0.078050002455711365,0.11185894231311977,1461.7866554260254
0.78100001811981201,-0.078100003302097321,0.11195158952614293,1459.7658538818359
0.78149998188018799,-0.078149996697902679,0.11204411863582209,1457.7619934082031
0.78200000524520874,-0.078199997544288635,0.11213666253024712,1455.7581672668457
0.78250002861022949,-0.078249998390674591,0.11222919053398073,1453.7562789916992
0.78299999237060547,-0.078299999237060547,0.11232170212315395,1451.7582054138184
0.78350001573562622,-0.078350000083446503,0.11241417372366413,1449.7672653198242
0.7839999794960022,-0.078400000929832458,0.1125066370004788,1447.7783889770508
0.78450000286102295,-0.078450001776218414,0.11259907577186823,1445.7948036193848
0.7850000262260437,-0.07850000262260437,0.11269149044528604,1443.8156547546387
0.78549998998641968,-0.078550003468990326,0.11278388096252456,1441.8411331176758
0.78600001335144043,-0.078599996864795685,0.11287626280682161,1439.8693237304688
0.78649997711181641,-0.078649997711181641,0.11296862817835063,1437.9014511108398
0.78700000047683716,-0.078699998557567596,0.11306097672786564,1435.9383087158203
0.78750002384185791,-0.078749999403953552,0.11315330892102793,1433.9788093566895
0.78799998760223389,-0.078800000250339508,0.11324564722599462,1432.0225524902344
0.78850001096725464,-0.078850001096725464,0.11333799239946529,1430.0677909851074
0.78899997472763062,-0.07890000194311142,0.11343032884178683,1428.1162147521973
0.78949999809265137,-0.078950002789497375,0.11352262593572959,1426.1698265075684
0.79000002145767212,-0.079000003635883331,0.11361487489193678,1424.2325630187988
0.7904999852180481,-0.07904999703168869,0.11370709986658767,1422.2992935180664
0.79100000858306885,-0.079099997878074646,0.11379930836847052,1420.3698768615723
0.79149997234344482,-0.079149998724460602,0.11389148479793221,1418.4460868835449
0.79199999570846558,-0.079199999570846558,0.11398358270525932,1416.5332565307617
0.79250001907348633,-0.079250000417232513,0.11407567939022556,1414.6234588623047
0.7929999828338623,-0.079300001263618469,0.11416776030091569,1412.7154998779297
0.79350000619888306,-0.079350002110004425,0.11425982479704544,1410.8112182617188
0.79400002956390381,-0.079400002956390381,0.11435185716254637,1408.9131469726562
0.79449999332427979,-0.07944999635219574,0.11444388906238601,1407.0160293579102
0.79500001668930054,-0.079499997198581696,0.11453590489691123,1405.1215705871582
0.79549998044967651,-0.079549998044967651,0.11462788848439232,1403.2336082458496
0.79600000381469727,-0.079599998891353607,0.11471983219962567,1401.3523731231689
0.79650002717971802,-0.079649999737739563,0.11481175950029865,1399.4749622344971
0.79699999094009399,-0.079700000584125519,0.11490367841906846,1397.5998001098633
0.79750001430511475,-0.079750001430511475,0.11499558057403192,1395.7293300628662
0.79799997806549072,-0.07980000227689743,0.11508745100582018,1393.8636264801025
0.79850000143051147,-0.079850003123283386,0.11517929780529812,1392.001070022583
0.79900002479553223,-0.079899996519088745,0.11527111212490126,1390.1453380584717
0.7994999885559082,-0.079949997365474701,0.11536290211370215,1388.2950210571289
0.80000001192092896,-0.079999998211860657,0.11545465263770893,1386.4502468109131
0.80049997568130493,-0.080049999058246613,0.115546386805363,1384.6089038848877
0.80099999904632568,-0.080099999904632568,0.11563811230007559,1382.7706680297852
0.80150002241134644,-0.080150000751018524,0.11572982143843547,1380.936014175415
0.80199998617172241,-0.08020000159740448,0.11582150700269267,1379.1042079925537
0.80250000953674316,-0.080250002443790436,0.1159131524618715,1377.279935836792
0.80299997329711914,-0.080300003290176392,0.11600477428874001,1375.4590072631836
0.80349999666213989,-0.08034999668598175,0.1160963875008747,1373.6407470703125
0.80400002002716064,-0.080399997532367706,0.11618796864058822,1371.8283405303955
0.80449998378753662,-0.080449998378753662,0.11627952550770715,1370.0213088989258
0.80500000715255737,-0.080499999225139618,0.1163710585096851,1368.2179298400879
0.80549997091293335,-0.080550000071525574,0.11646257521351799,1366.4180107116699
0.8059999942779541,-0.08060000091791153,0.11655405262717977,1364.6232795715332
0.80650001764297485,-0.080650001764297485,0.11664549034321681,1362.8347682952881
0.80699998140335083,-0.080700002610683441,0.11673688073642552,1361.0530757904053
0.80750000476837158,-0.080750003457069397,0.11682819266570732,1359.281810760498
0.80800002813339233,-0.080799996852874756,0.1169194804970175,1357.515209197998
0.80849999189376831,-0.080849997699260712,0.11701079859631136,1355.7469158172607
0.80900001525878906,-0.080899998545646667,0.11710210877936333,1353.9793491363525
0.80949997901916504,-0.080949999392032623,0.11719341034768149,1352.2144527435303
0.81000000238418579,-0.081000000238418579,0.11728467221837491,1350.4560279846191
0.81050002574920654,-0.081050001084804535,0.11737589427502826,1348.7042903900146
0.81099998950958252,-0.081100001931190491,0.11746711528394371,1346.9549236297607
0.81150001287460327,-0.081150002777576447,0.1175583204603754,1345.2079029083252
0.81199997663497925,-0.081200003623962402,0.1176495008985512,1343.4669818878174
0.8125,-0.081249997019767761,0.11774065752979368,1341.729564666748
0.81300002336502075,-0.081299997866153717,0.11783179768826813,1339.9962940216064
0.81349998712539673,-0.081349998712539673,0.11792292166501284,1338.2660636901855
0.81400001049041748,-0.081399999558925629,0.11801399831892923,1336.542724609375
0.81449997425079346,-0.081450000405311584,0.11810504295863211,1334.8251361846924
0.81499999761581421,-0.08150000125169754,0.11819607100915164,1333.1121234893799
0.81550002098083496,-0.081550002098083496,0.11828711413545534,1331.3986110687256
0.81599998474121094,-0.081600002944469452,0.11837817175546661,1329.685791015625
0.81650000810623169,-0.081649996340274811,0.11846921342657879,1327.9753189086914
0.81699997186660767,-0.081699997186660767,0.11856024601729587,1326.2689647674561
0.81749999523162842,-0.081749998033046722,0.11865125491749495,1324.5659275054932
0.81800001859664917,-0.081799998879432678,0.11874222446931526,1322.8681507110596
0.81849998235702515,-0.081849999725818634,0.1188331384328194,1321.1797370910645
0.8190000057220459,-0.08190000057220459,0.11892402084777132,1319.4956245422363
0.81950002908706665,-0.081950001418590546,0.11901486350689083,1317.8183174133301
0.81999999284744263,-0.082000002264976501,0.11910572819761001,1316.1418361663818
0.82050001621246338,-0.082050003111362457,0.11919658517581411,1314.4656181335449
0.82099997997283936,-0.082099996507167816,0.1192874411935918,1312.7914199829102
0.82150000333786011,-0.082149997353553772,0.11937825838685967,1311.1212539672852
0.82200002670288086,-0.082199998199939728,0.11946905113290995,1309.4563903808594
0.82249999046325684,-0.082249999046325684,0.11955978939658962,1307.7976207733154
0.82300001382827759,-0.082299999892711639,0.11965048790443689,1306.1453285217285
0.82349997758865356,-0.082350000739097595,0.11974111519521102,1304.5044460296631
0.82400000095367432,-0.082400001585483551,0.11983173433691263,1302.8652744293213
0.82450002431869507,-0.082450002431869507,0.11992236075457186,1301.2262134552002
0.82499998807907104,-0.082500003278255463,0.12001299401163124,1299.5884761810303
0.8255000114440918,-0.082549996674060822,0.1201036112906877,1297.95339012146
0.82599997520446777,-0.082599997520446777,0.12019420473370701,1296.3220405578613
0.82649999856948853,-0.082649998366832733,0.12028476654086262,1294.6954154968262
0.82700002193450928,-0.082699999213218689,0.12037528827204369,1293.0762748718262
0.82749998569488525,-0.082750000059604645,0.12046581687172875,1291.4587802886963
0.82800000905990601,-0.082800000905990601,0.12055635286378674,1289.8409004211426
0.82849997282028198,-0.082850001752376556,0.12064688844839111,1288.2237586975098
0.82899999618530273,-0.082900002598762512,0.12073743095970713,1286.6075191497803
0.82950001955032349,-0.082950003445148468,0.1208279573766049,1284.9942035675049
0.82999998331069946,-0.082999996840953827,0.12091846755356528,1283.3843231201172
0.83050000667572021,-0.083049997687339783,0.1210089924861677,1281.7746925354004
0.83099997043609619,-0.083099998533725739,0.12109950921148993,1280.1667747497559
0.83149999380111694,-0.083149999380111694,0.12119000981329009,1278.561918258667
0.8320000171661377,-0.08320000022649765,0.12128048646263778,1276.9611511230469
0.83249998092651367,-0.083250001072883606,0.12137092390912585,1275.3654842376709
0.83300000429153442,-0.083300001919269562,0.12146132939960808,1273.7754001617432
0.83350002765655518,-0.083350002765655518,0.12155166440061294,1272.1947212219238
0.83399999141693115,-0.083400003612041473,0.12164199870312586,1270.615550994873
0.8345000147819519,-0.083449997007846832,0.12173231720225886,1269.0386161804199
0.83499997854232788,-0.083499997854232788,0.1218226196069736,1267.4645938873291
0.83550000190734863,-0.083549998700618744,0.12191289820475504,1265.8942108154297
0.83600002527236938,-0.0835999995470047,0.12200314493384212,1264.3292484283447
0.83649998903274536,-0.083650000393390656,0.12209338383399881,1262.7648525238037
0.83700001239776611,-0.083700001239776611,0.12218361438135616,1261.2026557922363
0.83749997615814209,-0.083750002086162567,0.12227381335105747,1259.6449661254883
0.83799999952316284,-0.083800002932548523,0.12236400321125984,1258.0913639068604
0.83850002288818359,-0.083849996328353882,0.12245417735539377,1256.5397300720215
0.83899998664855957,-0.083899997174739838,0.1225443581934087,1254.989839553833
0.83950001001358032,-0.083949998021125793,0.12263452296610922,1253.442756652832
0.8399999737739563,-0.083999998867511749,0.1227246792986989,1251.8980808258057
0.84049999713897705,-0.084049999713897705,0.12281484258710407,1250.3542556762695
0.8410000205039978,-0.084100000560283661,0.12290500500239432,1248.8124876022339
0.84149998426437378,-0.084150001406669617,0.12299514393089339,1247.273494720459
0.84200000762939453,-0.084200002253055573,0.12308525142725557,1245.7386817932129
0.84249997138977051,-0.084250003099441528,0.12317533473833464,1244.2086410522461
0.84299999475479126,-0.084299996495246887,0.12326537896296941,1242.6833963394165
0.84350001811981201,-0.084349997341632843,0.12335539923515171,1241.1624441146851
0.84399998188018799,-0.084399998188018799,0.12344539526384324,1239.6463327407837
0.84450000524520874,-0.084449999034404755,0.12353539082687348,1238.1312818527222
0.84500002861022949,-0.08449999988079071,0.12362539328751154,1236.6173820495605
0.84549999237060547,-0.084550000727176666,0.12371537985745817,1235.1057577133179
0.84600001573562622,-0.084600001573562622,0.1238053580163978,1233.5964946746826
0.8464999794960022,-0.084650002419948578,0.12389532764791511,1232.0898447036743
0.84700000286102295,-0.084700003266334534,0.12398526558536105,1230.5884418487549
0.8475000262260437,-0.084749996662139893,0.12407520285341889,1229.0886163711548
0.84799998998641968,-0.084799997508525848,0.12416510868933983,1227.5929670333862
0.84850001335144043,-0.084849998354911804,0.12425500611425377,1226.0997428894043
0.84899997711181641,-0.08489999920129776,0.12434487970313057,1224.6102695465088
0.84950000047683716,-0.084950000047683716,0.12443471432197839,1223.1252193450928
0.85000002384185791,-0.085000000894069672,0.1245245243771933,1221.6461763381958
0.85049998760223389,-0.085050001740455627,0.12461431894917041,1220.1685667037964
0.85100001096725464,-0.085100002586841583,0.12470412053517066,1218.6920042037964
0.85149997472763062,-0.085150003433227539,0.12479393693502061,1217.2155542373657
0.85199999809265137,-0.085199996829032898,0.12488376843975857,1215.7382326126099
0.85250002145767212,-0.085249997675418854,0.12497358443215489,1214.2622852325439
0.8529999852180481,-0.08529999852180481,0.12506339937681332,1212.7888164520264
0.85350000858306885,-0.085349999368190765,0.12515318286023103,1211.3196306228638
0.85399997234344482,-0.085400000214576721,0.12524291969020851,1209.8554954528809
0.85449999570846558,-0.085450001060962677,0.12533263966906816,1208.3965654373169
0.85500001907348633,-0.085500001907348633,0.12542229742393829,1206.9445581436157
0.8554999828338623,-0.085550002753734589,0.12551193925901316,1205.4952335357666
0.85600000619888306,-0.085600003600120544,0.12560159541317262,1204.0472812652588
0.85650002956390381,-0.085649996995925903,0.12569125107256696,1202.6005706787109
0.85699999332427979,-0.085699997842311859,0.12578090670285746,1201.1537599563599
0.85750001668930054,-0.085749998688697815,0.12587057668133639,1199.7080907821655
0.85799998044967651,-0.085799999535083771,0.12596021572244354,1198.2652711868286
0.85850000381469727,-0.085850000381469727,0.12604983820347115,1196.8268165588379
0.85900002717971802,-0.085900001227855682,0.12613947517820634,1195.3894100189209
0.85949999094009399,-0.085950002074241638,0.12622909678611904,1193.9529409408569
0.86000001430511475,-0.086000002920627594,0.12631870261975564,1192.5185527801514
0.86049997806549072,-0.086049996316432953,0.1264083071728237,1191.0876331329346
0.86100000143051147,-0.086099997162818909,0.12649791175499558,1189.6566257476807
0.86150002479553223,-0.086149998009204865,0.12658753094729036,1188.2262582778931
0.8619999885559082,-0.08619999885559082,0.12667713442351669,1186.7978086471558
0.86250001192092896,-0.086249999701976776,0.12676670675864443,1185.3728685379028
0.86299997568130493,-0.086300000548362732,0.12685624719597399,1183.9534692764282
0.86349999904632568,-0.086350001394748688,0.12694578676018864,1182.5362310409546
0.86400002241134644,-0.086400002241134644,0.12703531022998504,1181.1220598220825
0.86449998617172241,-0.086450003087520599,0.12712481818743981,1179.709273815155
0.86500000953674316,-0.086499996483325958,0.12721435594721697,1178.2961955070496
0.86549997329711914,-0.086549997329711914,0.12730387836927548,1176.884006023407
0.86599999666213989,-0.08659999817609787,0.12739338507526554,1175.4739151000977
0.86650002002716064,-0.086649999022483826,0.12748287516296841,1174.0684289932251
0.86699998378753662,-0.086699999868869781,0.12757236449397169,1172.6648545265198
0.86750000715255737,-0.086750000715255737,0.12766182256746106,1171.265007019043
0.86799997091293335,-0.086800001561641693,0.12775126495398581,1169.8671627044678
0.8684999942779541,-0.086850002408027649,0.12784070670022629,1168.4706320762634
0.86900001764297485,-0.086900003254413605,0.12793014728231356,1167.0770363807678
0.86949998140335083,-0.086949996650218964,0.12801955730537884,1165.6851825714111
0.87000000476837158,-0.086999997496604919,0.12810896613518707,1164.2963886260986
0.87050002813339233,-0.087049998342990875,0.12819834327092394,1162.9126291275024
0.87099999189376831,-0.087099999189376831,0.12828770483611152,1161.5303483009338
0.87150001525878906,-0.087150000035762787,0.12837706541176885,1160.1505246162415
0.87199997901916504,-0.087200000882148743,0.12846639458439313,1158.774863243103
0.87250000238418579,-0.087250001728534698,0.12855572305852547,1157.4007921218872
0.87300002574920654,-0.087300002574920654,0.12864503590390086,1156.028491973877
0.87349998950958252,-0.08735000342130661,0.12873433262575418,1154.6592626571655
0.87400001287460327,-0.087399996817111969,0.12882362882373855,1153.2912187576294
0.87449997663497925,-0.087449997663497925,0.12891290930565447,1151.9250674247742
0.875,-0.087499998509883881,0.12900215873378329,1150.5621666908264
0.87550002336502075,-0.087549999356269836,0.12909139168914407,1149.2034492492676
0.87599998712539673,-0.087600000202655792,0.12918057752540335,1147.8511381149292
0.87650001049041748,-0.087650001049041748,0.12926974715082906,1146.5021367073059
0.87699997425079346,-0.087700001895427704,0.12935891607776284,1145.1548655033112
0.87749999761581421,-0.08775000274181366,0.12944806923042051,1143.8097047805786
0.87800002098083496,-0.087800003588199615,0.12953722215024754,1142.4649820327759
0.87849998474121094,-0.087849996984004974,0.12962638950557448,1141.1211936473846
0.87900000810623169,-0.08789999783039093,0.12971555613330565,1139.7791261672974
0.87949997186660767,-0.087949998676776886,0.12980470663751476,1138.4403834342957
0.87999999523162842,-0.087999999523162842,0.12989382643718272,1137.1037981510162
0.88050001859664917,-0.088050000369548798,0.129982944810763,1135.7712135314941
0.88099998235702515,-0.088100001215934753,0.13007204773020931,1134.4400169849396
0.8815000057220459,-0.088150002062320709,0.13016113499179482,1133.1106736660004
0.88200002908706665,-0.088200002908706665,0.13025022114743479,1131.7841238975525
0.88249999284744263,-0.088249996304512024,0.130339260911569,1130.4621026515961
0.88300001621246338,-0.08829999715089798,0.13042830015183426,1129.141326546669
0.88349997997283936,-0.088349997997283936,0.13051732370513491,1127.8225055932999
0.88400000333786011,-0.088399998843669891,0.1306063462398015,1126.5062552690506
0.88450002670288086,-0.088449999690055847,0.13069533760426566,1125.1936529874802
0.88499999046325684,-0.088500000536441803,0.13078434354974888,1123.8820829391479
0.88550001382827759,-0.088550001382827759,0.1308733646874316,1122.5697303414345
0.88599997758865356,-0.088600002229213715,0.13096240116283298,1121.2560288310051
0.88650000095367432,-0.08865000307559967,0.13105145213194191,1119.9432654380798
0.88700002431869507,-0.088699996471405029,0.13114045737893321,1118.6330362856388
0.88749998807907104,-0.088749997317790985,0.1312294612871483,1117.3261494040489
0.8880000114440918,-0.088799998164176941,0.13131843399605714,1116.0228922218084
0.88849997520446777,-0.088849999010562897,0.13140737556386739,1114.7230617357418
0.88899999856948853,-0.088899999856948853,0.13149630071711726,1113.4272793829441
0.88950002193450928,-0.088950000703334808,0.13158521047444083,1112.1326457560062
0.88999998569488525,-0.089000001549720764,0.13167413457995281,1110.8392226994038
0.89050000905990601,-0.08905000239610672,0.13176305845263414,1109.5463294535875
0.89099997282028198,-0.089100003242492676,0.13185198188875802,1108.2544789984822
0.89149999618530273,-0.089149996638298035,0.13194090459728613,1106.9642923474312
0.89200001955032349,-0.08919999748468399,0.13202981126960367,1105.6771451234818
0.89249998331069946,-0.089249998331069946,0.13211870231316425,1104.391700387001
0.89300000667572021,-0.089299999177455902,0.13220759245450608,1103.1086084842682
0.89349997043609619,-0.089350000023841858,0.13229648198466748,1101.8273351788521
0.89399999380111694,-0.089400000870227814,0.13238538624136709,1100.5462976694107
0.8945000171661377,-0.08945000171661377,0.13247427533497103,1099.2657907009125
0.89499998092651367,-0.089500002562999725,0.13256317900959402,1097.9858074188232
0.89550000429153442,-0.089550003409385681,0.13265211274847388,1096.7049376964569
0.89600002765655518,-0.08959999680519104,0.13274103149888106,1095.4243820905685
0.89649999141693115,-0.089649997651576996,0.1328299495507963,1094.1456278562546
0.8970000147819519,-0.089699998497962952,0.13291886672959663,1092.8689659833908
0.89749997854232788,-0.089749999344348907,0.13300773795344867,1091.5956819057465
0.89800000190734863,-0.089800000190734863,0.13309659238439053,1090.3273386955261
0.89850002527236938,-0.089850001037120819,0.13318543115747161,1089.0608904361725
0.89899998903274536,-0.089900001883506775,0.13327425415627658,1087.7966389656067
0.89950001239776611,-0.089950002729892731,0.13336309138685465,1086.5341665744781
0.89999997615814209,-0.090000003576278687,0.13345191342523322,1085.2721574306488
0.90049999952316284,-0.090049996972084045,0.13354071992216632,1084.0117697715759
0.90100002288818359,-0.090099997818470001,0.13362951026647352,1082.7547743320465
0.90149998664855957,-0.090149998664855957,0.13371829997049645,1081.4993269443512
0.90200001001358032,-0.090199999511241913,0.13380707381293178,1080.2463250160217
0.9024999737739563,-0.090250000357627869,0.13389583170646802,1078.996148109436
0.90299999713897705,-0.090300001204013824,0.13398455851711333,1077.7494337558746
0.9035000205039978,-0.09035000205039978,0.13407329976325855,1076.5037667751312
0.90399998426437378,-0.090400002896785736,0.13416204051463865,1075.2592530250549
0.90450000762939453,-0.090449996292591095,0.13425078056752682,1074.0164914131165
0.90499997138977051,-0.090499997138977051,0.1343394897703547,1072.7762715816498
0.90549999475479126,-0.090549997985363007,0.13442819766351022,1071.5393958091736
0.90600001811981201,-0.090599998831748962,0.13451689021894708,1070.3034300804138
0.90649998188018799,-0.090649999678134918,0.13460559732629918,1069.0681793689728
0.90700000524520874,-0.090700000524520874,0.13469430388067849,1067.8342583179474
0.90750002861022949,-0.09075000137090683,0.13478297938127071,1066.6035807132721
0.90799999237060547,-0.090800002217292786,0.13487162400269881,1065.3756589889526
0.90850001573562622,-0.090850003063678741,0.13496028282679617,1064.1494188308716
0.9089999794960022,-0.0908999964594841,0.13504891085904092,1062.9257128238678
0.90950000286102295,-0.090949997305870056,0.13513752282597125,1061.7050400972366
0.9100000262260437,-0.090999998152256012,0.1352261186693795,1060.4875717163086
0.91049998998641968,-0.091049998998641968,0.13531468345900066,1059.2732807397842
0.91100001335144043,-0.091099999845027924,0.13540323218330741,1058.0620710849762
0.91149997711181641,-0.091150000691413879,0.13549174999934621,1056.8537586927414
0.91200000047683716,-0.091200001537799835,0.13558026673854329,1055.6482232809067
0.91250002384185791,-0.091250002384185791,0.13566875262768008,1054.4452954530716
0.91299998760223389,-0.091300003230571747,0.13575722245150246,1053.2453706860542
0.91350001096725464,-0.091349996626377106,0.13584570697275922,1052.0457108020782
0.91399997472763062,-0.091399997472763062,0.13593419108656235,1050.8469345569611
0.91449999809265137,-0.091449998319149017,0.13602265957160853,1049.6499890089035
0.91500002145767212,-0.091499999165534973,0.1361111274745781,1048.4544161856174
0.9154999852180481,-0.091550000011920929,0.13619959421339445,1047.2619293630123
0.91600000858306885,-0.091600000858306885,0.13628803036408499,1046.0714989751577
0.91649997234344482,-0.091650001704692841,0.13637645012931898,1044.8850032389164
0.91699999570846558,-0.091700002551078796,0.13646485409117304,1043.7010874301195
0.91750001907348633,-0.091750003397464752,0.1365532576746773,1042.5180384516716
0.9179999828338623,-0.091799996793270111,0.13664164583315141,1041.3363742232323
0.91850000619888306,-0.091849997639656067,0.13673003306030296,1040.1570556759834
0.91900002956390381,-0.091899998486042023,0.13681838937918656,1038.9805380105972
0.91949999332427979,-0.091949999332427979,0.13690672934171744,1037.8079610466957
0.92000001668930054,-0.092000000178813934,0.13699508411809802,1036.6356426477432
0.92049998044967651,-0.09205000102519989,0.13708343892358243,1035.4632855653763
0.92100000381469727,-0.092100001871585846,0.13717180854291655,1034.2911441326141
0.92150002717971802,-0.092150002717971802,0.1372601778130047,1033.1199429631233
0.92199999094009399,-0.092200003564357758,0.13734854629728943,1031.9506897330284
0.92250001430511475,-0.092249996960163116,0.13743688393151388,1030.7841334342957
0.92299997806549072,-0.092299997806549072,0.13752519054105505,1029.6207256317139
0.92350000143051147,-0.092349998652935028,0.1376134809688665,1028.460716098547
0.92400002479553223,-0.092399999499320984,0.13770175524405204,1027.3039827812463
0.9244999885559082,-0.09245000034570694,0.13779002940282226,1026.1472969502211
0.92500001192092896,-0.092500001192092896,0.13787830318324268,1024.9914954006672
0.92549997568130493,-0.092550002038478851,0.13796656133490615,1023.8376133739948
0.92599999904632568,-0.092600002884864807,0.13805481878807768,1022.6854551434517
0.92650002241134644,-0.092649996280670166,0.13814306032145396,1021.5360113382339
0.92699998617172241,-0.092699997127056122,0.1382312708592508,1020.3897147774696
0.92750000953674316,-0.092749997973442078,0.13831946524442174,1019.2467695474625
0.92799997329711914,-0.092799998819828033,0.13840764344786294,1018.1070885658264
0.92849999666213989,-0.092849999666213989,0.1384957906557247,1016.9706050157547
0.92900002002716064,-0.092900000512599945,0.13858390695531853,1015.8369882106781
0.92949998378753662,-0.092950001358985901,0.13867203719564714,1014.7057542800903
0.93000000715255737,-0.093000002205371857,0.13876016778522171,1013.5734974145889
0.93049997091293335,-0.093050003051757812,0.13884832835174166,1012.4405001401901
0.9309999942779541,-0.093099996447563171,0.13893648853991181,1011.308450460434
0.93150001764297485,-0.093149997293949127,0.13902463289559819,1010.1787800788879
0.93199998140335083,-0.093199998140335083,0.13911277664010413,1009.0509791374207
0.93250000476837158,-0.093249998986721039,0.13920091994805261,1007.9243590831757
0.93300002813339233,-0.093299999833106995,0.13928906319779344,1006.7979457378387
0.93349999189376831,-0.09335000067949295,0.13937722097034566,1005.6722934246063
0.93400001525878906,-0.093400001525878906,0.13946536328876391,1004.5481641292572
0.93449997901916504,-0.093450002372264862,0.13955350485048257,1003.4258720874786
0.93500000238418579,-0.093500003218650818,0.13964163057971746,1002.3058998584747
0.93550002574920654,-0.093549996614456177,0.1397297405928839,1001.1881039142609
0.93599998950958252,-0.093599997460842133,0.13981786544900388,1000.0703887939453
0.93650001287460327,-0.093649998307228088,0.13990597493830137,998.9538562297821
0.93699997663497925,-0.093699999153614044,0.13999408355448395,997.83947086334229
0.9375,-0.09375,0.14008214621571824,996.72867584228516
0.93800002336502075,-0.093800000846385956,0.14017022310872562,995.61957454681396
0.93849998712539673,-0.093850001692771912,0.14025826929719187,994.51278591156006
0.93900001049041748,-0.093900002539157867,0.14034629959496669,993.40870523452759
0.93949997425079346,-0.093950003385543823,0.14043429898447357,992.30736827850342
0.93999999761581421,-0.093999996781349182,0.14052229735534638,991.2088475227356
0.94050002098083496,-0.094049997627735138,0.14061026484705508,990.11303377151489
0.94099998474121094,-0.094099998474121094,0.14069821647717617,989.01980924606323
0.94150000810623169,-0.09414999932050705,0.1407861522748135,987.92892694473267
0.94199997186660767,-0.094200000166893005,0.14087407197803259,986.84114503860474
0.94249999523162842,-0.094250001013278961,0.14096199133200571,985.75423812866211
0.94300001859664917,-0.094300001859664917,0.14104991022031754,984.66850996017456
0.94349998235702515,-0.094350002706050873,0.14113782843924128,983.58448696136475
0.9440000057220459,-0.094400003552436829,0.14122574595967308,982.50238275527954
0.94450002908706665,-0.094449996948242188,0.14131367861409672,981.41947937011719
0.94499999284744263,-0.094499997794628143,0.14140162573312409,980.33762645721436
0.94550001621246338,-0.094549998641014099,0.14148954223492183,979.2578010559082
0.94599997997283936,-0.094599999487400055,0.14157744284602813,978.18064022064209
0.94650000333786011,-0.094650000333786011,0.1416653269843664,977.10757446289062
0.94700002670288086,-0.094700001180171967,0.14175319584319368,976.03530788421631
0.94749999046325684,-0.094750002026557922,0.14184106420725584,974.96416282653809
0.94800001382827759,-0.094800002872943878,0.14192891694256105,973.89497566223145
0.94849997758865356,-0.094850003719329834,0.14201676871743985,972.82820320129395
0.94900000095367432,-0.094899997115135193,0.14210458970046602,971.76415681838989
0.94950002431869507,-0.094949997961521149,0.14219237980432808,970.70289278030396
0.94999998807907104,-0.094999998807907104,0.14228015395929106,969.64444351196289
0.9505000114440918,-0.09504999965429306,0.14236791213625111,968.5887131690979
0.95099997520446777,-0.095100000500679016,0.14245565442251973,967.53569984436035
0.95149999856948853,-0.095150001347064972,0.14254338087630458,966.48515176773071
0.95200002193450928,-0.095200002193450928,0.14263107659644447,965.43694639205933
0.95249998569488525,-0.095250003039836884,0.14271875633858144,964.39159297943115
0.95300000905990601,-0.095299996435642242,0.14280645051621832,963.34730529785156
0.95349997282028198,-0.095349997282028198,0.14289411425124854,962.30461883544922
0.95399999618530273,-0.095399998128414154,0.14298177722957917,961.26393127441406
0.95450001955032349,-0.09544999897480011,0.14306940950336866,960.22557640075684
0.95499998331069946,-0.095499999821186066,0.14315702550811693,959.19083499908447
0.95550000667572021,-0.095550000667572021,0.1432446411345154,958.15698909759521
0.95599997043609619,-0.095600001513957977,0.14333225614973344,957.12458419799805
0.95649999380111694,-0.095650002360343933,0.14341985559440218,956.09417152404785
0.9570000171661377,-0.095700003206729889,0.14350750009180047,955.06287097930908
0.95749998092651367,-0.095749996602535248,0.14359514461830258,954.03143978118896
0.95800000429153442,-0.095799997448921204,0.14368277374887839,953.00125789642334
0.95850002765655518,-0.095849998295307159,0.14377040188992396,951.97372531890869
0.95899999141693115,-0.095899999141693115,0.14385801457683556,950.9476203918457
0.9595000147819519,-0.095949999988079071,0.14394561148947105,949.92394828796387
0.95999997854232788,-0.096000000834465027,0.1440331777848769,948.9023962020874
0.96050000190734863,-0.096050001680850983,0.14412075825384818,947.88266372680664
0.96100002527236938,-0.096100002527236938,0.14420830801827833,946.86534690856934
0.96149998903274536,-0.096150003373622894,0.14429584192112088,945.8506383895874
0.96200001239776611,-0.096199996769428253,0.1443833596422337,944.83944511413574
0.96249997615814209,-0.096249997615814209,0.14447086185100488,943.8297643661499
0.96299999952316284,-0.096299998462200165,0.14455834840191528,942.82206726074219
0.96350002288818359,-0.096349999308586121,0.14464581909123808,941.81714630126953
0.96399998664855957,-0.096400000154972076,0.14473328966414556,940.81273746490479
0.96450001001358032,-0.096450001001358032,0.14482077502179891,939.80859851837158
0.9649999737739563,-0.096500001847743988,0.14490826014662161,938.80513000488281
0.96549999713897705,-0.096550002694129944,0.14499572981731035,937.80308723449707
0.9660000205039978,-0.0966000035405159,0.14508319855667651,936.80337238311768
0.96649998426437378,-0.096649996936321259,0.14517062154482119,935.80651378631592
0.96700000762939453,-0.096699997782707214,0.14525804342702031,934.81264972686768
0.96749997138977051,-0.09674999862909317,0.1453454194997903,933.82168579101562
0.96799999475479126,-0.096799999475479126,0.14543279455392621,932.83343982696533
0.96850001811981201,-0.096850000321865082,0.1455201538046822,931.84750080108643
0.96899998188018799,-0.096900001168251038,0.14560748229268938,930.86417675018311
0.96950000524520874,-0.096950002014636993,0.14569482550723478,929.88122797012329
0.97000002861022949,-0.097000002861022949,0.14578215361689217,928.89867544174194
0.97049999237060547,-0.097050003707408905,0.1458694961911533,927.91733837127686
0.97100001573562622,-0.097099997103214264,0.14595680829370394,926.93764066696167
0.9714999794960022,-0.09714999794960022,0.14604415014036931,925.95783758163452
0.97200000286102295,-0.097199998795986176,0.14613149175420403,924.9783878326416
0.9725000262260437,-0.097249999642372131,0.14621881791390479,924.00037527084351
0.97299998998641968,-0.097300000488758087,0.14630614317138679,923.02476644515991
0.97350001335144043,-0.097350001335144043,0.14639342229929753,922.05285501480103
0.97399997711181641,-0.097400002181529999,0.14648071568808518,921.08272933959961
0.97450000047683716,-0.097450003027915955,0.14656799388467334,920.11315202713013
0.97500002384185791,-0.097499996423721313,0.14665528674959205,919.14427280426025
0.97549998760223389,-0.097549997270107269,0.14674257938168012,918.17583465576172
0.97600001096725464,-0.097599998116493225,0.14682988682761788,917.2077784538269
0.97649997472763062,-0.097649998962879181,0.146917178935837,916.2408504486084
0.97699999809265137,-0.097699999809265137,0.14700445541529916,915.27590084075928
0.97750002145767212,-0.097750000655651093,0.14709173078881577,914.31378793716431
0.9779999852180481,-0.097800001502037048,0.14717899082461372,913.35285234451294
0.97850000858306885,-0.097850002348423004,0.14726625024923123,912.39345788955688
0.97899997234344482,-0.09790000319480896,0.14735349424881861,911.4355320930481
0.97949999570846558,-0.097949996590614319,0.14744075259659439,910.4790563583374
0.98000001907348633,-0.097999997437000275,0.14752798064728267,909.52401065826416
0.9804999828338623,-0.09804999828338623,0.14761522298795171,908.57046175003052
0.98100000619888306,-0.098099999129772186,0.1477024347987026,907.61877393722534
0.98150002956390381,-0.098149999976158142,0.14778963089338504,906.66921806335449
0.98199999332427979,-0.098200000822544098,0.14787681118468754,905.7220458984375
0.98250001668930054,-0.098250001668930054,0.1479639756726101,904.77726602554321
0.98299998044967651,-0.09830000251531601,0.14805110945599154,903.83473539352417
0.98350000381469727,-0.098350003361701965,0.14813822755240835,902.8944091796875
0.98400002717971802,-0.098399996757507324,0.14822534477571025,901.95623540878296
0.98449999094009399,-0.09844999760389328,0.14831244686502032,901.01858973503113
0.98500001430511475,-0.098499998450279236,0.14839956344803795,900.08195662498474
0.98549997806549072,-0.098549999296665192,0.14848666457692161,899.1467399597168
0.98600000143051147,-0.098600000143051147,0.14857374998973683,898.21350359916687
0.98650002479553223,-0.098650000989437103,0.14866083493689075,897.28147602081299
0.9869999885559082,-0.098700001835823059,0.14874790445901453,896.35081100463867
0.98750001192092896,-0.098750002682209015,0.14883497316623107,895.42240762710571
0.98799997568130493,-0.098800003528594971,0.14892204146599397,894.49506330490112
0.98849999904632568,-0.09884999692440033,0.14900914003374055,893.56673073768616
0.98900002241134644,-0.098899997770786285,0.14909626913140528,892.63629364967346
0.98949998617172241,-0.098949998617172241,0.14918339799623936,891.70636773109436
0.99000000953674316,-0.098999999463558197,0.14927051146514714,890.77771472930908
0.99049997329711914,-0.099050000309944153,0.14935762420645915,889.85099339485168
0.99099999666213989,-0.099100001156330109,0.14944472117349505,888.92652606964111
0.99150002002716064,-0.099150002002716064,0.14953180233715102,888.00444459915161
0.99199998378753662,-0.09920000284910202,0.14961885253433138,887.0854856967926
0.99250000715255737,-0.099250003695487976,0.14970591760356911,886.16652536392212
0.99299997091293335,-0.099299997091293335,0.14979299748665653,885.24787676334381
0.9934999942779541,-0.099349997937679291,0.14988006209023297,884.33015429973602
0.99400001764297485,-0.099399998784065247,0.14996712608262897,883.41409862041473
0.99449998140335083,-0.099449999630451202,0.15005417441716418,882.50000703334808
0.99500000476837158,-0.099500000476837158,0.15014119210536592,881.58818733692169
0.99550002813339233,-0.099550001323223114,0.1502282089786604,880.67850434780121
0.99599999189376831,-0.09960000216960907,0.15031519523472525,879.77093088626862
0.99650001525878906,-0.099650003015995026,0.15040216586203314,878.86533832550049
0.99699997901916504,-0.099699996411800385,0.15048913581995293,877.96148037910461
0.99750000238418579,-0.09974999725818634,0.15057609023642726,877.05921202898026
0.99800002574920654,-0.099799998104572296,0.15066302916966379,876.1584592461586
0.99849998950958252,-0.099849998950958252,0.15074995261966251,875.25927504897118
0.99900001287460327,-0.099899999797344208,0.15083687545848079,874.36168950796127
0.99949997663497925,-0.099950000643730164,0.15092378275585361,873.46572768688202
1,-0.10000000149011612,0.1510106744535733,872.57161624729633
