# cmod[mm], load[N]
1.159754e-05, 4.892525e+00
2.319509e-05, 9.785050e+00
3.479263e-05, 1.467757e+01
4.639018e-05, 1.957010e+01
5.798772e-05, 2.446262e+01
6.958526e-05, 2.935515e+01
8.118281e-05, 3.424767e+01
9.278035e-05, 3.914020e+01
1.043779e-04, 4.403272e+01
1.159754e-04, 4.892525e+01
1.275730e-04, 5.381777e+01
1.391705e-04, 5.871030e+01
1.507681e-04, 6.360282e+01
1.623656e-04, 6.849535e+01
1.739632e-04, 7.338787e+01
1.855607e-04, 7.828040e+01
1.971582e-04, 8.317292e+01
2.087558e-04, 8.806545e+01
2.203533e-04, 9.295797e+01
2.319509e-04, 9.785050e+01
2.435484e-04, 1.027430e+02
2.551460e-04, 1.076355e+02
2.667435e-04, 1.125281e+02
2.783411e-04, 1.174206e+02
2.899386e-04, 1.223131e+02
3.015361e-04, 1.272056e+02
3.131337e-04, 1.320982e+02
3.247312e-04, 1.369907e+02
3.363288e-04, 1.418832e+02
3.479263e-04, 1.467757e+02
3.595239e-04, 1.516683e+02
3.711214e-04, 1.565608e+02
3.827190e-04, 1.614533e+02
3.943165e-04, 1.663458e+02
4.059140e-04, 1.712384e+02
4.175116e-04, 1.761309e+02
4.291091e-04, 1.810234e+02
4.407067e-04, 1.859159e+02
4.523042e-04, 1.908085e+02
4.639018e-04, 1.957010e+02
4.754993e-04, 2.005935e+02
4.870968e-04, 2.054860e+02
4.986944e-04, 2.103786e+02
5.102919e-04, 2.152711e+02
5.218895e-04, 2.201636e+02
5.334870e-04, 2.250561e+02
5.450846e-04, 2.299487e+02
5.566821e-04, 2.348412e+02
5.682797e-04, 2.397337e+02
5.798772e-04, 2.446262e+02
5.914747e-04, 2.495188e+02
6.030723e-04, 2.544113e+02
6.146698e-04, 2.593038e+02
6.262674e-04, 2.641963e+02
6.378649e-04, 2.690889e+02
6.494625e-04, 2.739814e+02
6.610600e-04, 2.788739e+02
6.726576e-04, 2.837664e+02
6.842551e-04, 2.886590e+02
6.958526e-04, 2.935515e+02
7.074502e-04, 2.984440e+02
7.190477e-04, 3.033365e+02
7.306453e-04, 3.082291e+02
7.422428e-04, 3.131216e+02
7.538404e-04, 3.180141e+02
7.654379e-04, 3.229066e+02
7.770355e-04, 3.277992e+02
7.886330e-04, 3.326917e+02
8.002305e-04, 3.375842e+02
8.118281e-04, 3.424767e+02
8.234256e-04, 3.473693e+02
8.350232e-04, 3.522618e+02
8.466207e-04, 3.571543e+02
8.582183e-04, 3.620468e+02
8.698158e-04, 3.669394e+02
8.814133e-04, 3.718319e+02
8.930109e-04, 3.767244e+02
9.046084e-04, 3.816169e+02
9.162060e-04, 3.865095e+02
9.278035e-04, 3.914020e+02
9.394011e-04, 3.962945e+02
9.509986e-04, 4.011870e+02
9.625962e-04, 4.060796e+02
9.741937e-04, 4.109721e+02
9.857912e-04, 4.158646e+02
9.973888e-04, 4.207571e+02
1.008986e-03, 4.256497e+02
1.020584e-03, 4.305422e+02
1.032181e-03, 4.354347e+02
1.043779e-03, 4.403272e+02
1.055377e-03, 4.452198e+02
1.066974e-03, 4.501123e+02
1.078572e-03, 4.550048e+02
1.090169e-03, 4.598973e+02
1.101767e-03, 4.647899e+02
1.113364e-03, 4.696824e+02
1.124962e-03, 4.745749e+02
1.136559e-03, 4.794674e+02
1.148157e-03, 4.843600e+02
1.159754e-03, 4.892525e+02
1.171352e-03, 4.941450e+02
1.182949e-03, 4.990375e+02
1.194547e-03, 5.039301e+02
1.206145e-03, 5.088226e+02
1.217742e-03, 5.137151e+02
1.229340e-03, 5.186076e+02
1.240937e-03, 5.235002e+02
1.252535e-03, 5.283927e+02
1.264132e-03, 5.332852e+02
1.275730e-03, 5.381777e+02
1.287327e-03, 5.430703e+02
1.298925e-03, 5.479628e+02
1.310522e-03, 5.528553e+02
1.322120e-03, 5.577478e+02
1.333718e-03, 5.626404e+02
1.345315e-03, 5.675329e+02
1.356913e-03, 5.724254e+02
1.368510e-03, 5.773179e+02
1.380108e-03, 5.822105e+02
1.391705e-03, 5.871030e+02
1.403303e-03, 5.919955e+02
1.414900e-03, 5.968880e+02
1.426498e-03, 6.017806e+02
1.438095e-03, 6.066731e+02
1.449693e-03, 6.115656e+02
1.461291e-03, 6.164581e+02
1.472888e-03, 6.213507e+02
1.484486e-03, 6.262432e+02
1.496083e-03, 6.311357e+02
1.507681e-03, 6.360282e+02
1.519278e-03, 6.409208e+02
1.530876e-03, 6.458133e+02
1.542473e-03, 6.507058e+02
1.554071e-03, 6.555983e+02
1.565668e-03, 6.604909e+02
1.577266e-03, 6.653834e+02
1.588864e-03, 6.702759e+02
1.600461e-03, 6.751684e+02
1.612059e-03, 6.800610e+02
1.623656e-03, 6.849535e+02
1.635254e-03, 6.898460e+02
1.646851e-03, 6.947385e+02
1.658449e-03, 6.996311e+02
1.670046e-03, 7.045236e+02
1.681760e-03, 7.093974e+02
1.693595e-03, 7.142513e+02
1.705489e-03, 7.190959e+02
1.717411e-03, 7.239360e+02
1.729345e-03, 7.287741e+02
1.741286e-03, 7.336111e+02
1.753229e-03, 7.384477e+02
1.765175e-03, 7.432840e+02
1.777121e-03, 7.481202e+02
1.789068e-03, 7.529563e+02
1.801015e-03, 7.577924e+02
1.812963e-03, 7.626284e+02
1.824910e-03, 7.674644e+02
1.836859e-03, 7.723004e+02
1.848807e-03, 7.771363e+02
1.860756e-03, 7.819722e+02
1.872705e-03, 7.868081e+02
1.884654e-03, 7.916439e+02
1.896604e-03, 7.964797e+02
1.908554e-03, 8.013155e+02
1.920504e-03, 8.061513e+02
1.932454e-03, 8.109870e+02
1.944405e-03, 8.158227e+02
1.956356e-03, 8.206584e+02
1.968307e-03, 8.254940e+02
1.980259e-03, 8.303296e+02
1.992210e-03, 8.351652e+02
2.004162e-03, 8.400008e+02
2.016114e-03, 8.448363e+02
2.028067e-03, 8.496718e+02
2.040019e-03, 8.545073e+02
2.051972e-03, 8.593428e+02
2.063925e-03, 8.641782e+02
2.075878e-03, 8.690137e+02
2.087832e-03, 8.738491e+02
2.099785e-03, 8.786844e+02
2.111739e-03, 8.835198e+02
2.123693e-03, 8.883551e+02
2.135647e-03, 8.931904e+02
2.147602e-03, 8.980257e+02
2.159557e-03, 9.028610e+02
2.171511e-03, 9.076962e+02
2.183466e-03, 9.125314e+02
2.195422e-03, 9.173666e+02
2.207377e-03, 9.222018e+02
2.219333e-03, 9.270370e+02
2.231288e-03, 9.318721e+02
2.243244e-03, 9.367073e+02
2.255200e-03, 9.415424e+02
2.267157e-03, 9.463774e+02
2.279113e-03, 9.512125e+02
2.291070e-03, 9.560476e+02
2.303026e-03, 9.608826e+02
2.314983e-03, 9.657176e+02
2.326941e-03, 9.705526e+02
2.338898e-03, 9.753876e+02
2.350855e-03, 9.802225e+02
2.362813e-03, 9.850575e+02
2.374770e-03, 9.898924e+02
2.386728e-03, 9.947273e+02
2.398686e-03, 9.995622e+02
2.410644e-03, 1.004397e+03
2.422603e-03, 1.009232e+03
2.434561e-03, 1.014067e+03
2.446520e-03, 1.018902e+03
2.458478e-03, 1.023736e+03
2.470437e-03, 1.028571e+03
2.482396e-03, 1.033406e+03
2.494357e-03, 1.038241e+03
2.506399e-03, 1.043062e+03
2.518476e-03, 1.047879e+03
2.530565e-03, 1.052693e+03
2.542660e-03, 1.057507e+03
2.554756e-03, 1.062320e+03
2.566854e-03, 1.067133e+03
2.578952e-03, 1.071946e+03
2.591050e-03, 1.076759e+03
2.603148e-03, 1.081572e+03
2.615247e-03, 1.086385e+03
2.627345e-03, 1.091198e+03
2.639443e-03, 1.096011e+03
2.651542e-03, 1.100824e+03
2.663641e-03, 1.105637e+03
2.675758e-03, 1.110447e+03
2.687986e-03, 1.115238e+03
2.700307e-03, 1.120014e+03
2.712691e-03, 1.124779e+03
2.725118e-03, 1.129538e+03
2.737574e-03, 1.134292e+03
2.750048e-03, 1.139043e+03
2.762534e-03, 1.143792e+03
2.775029e-03, 1.148539e+03
2.787529e-03, 1.153286e+03
2.800033e-03, 1.158032e+03
2.812540e-03, 1.162778e+03
2.825049e-03, 1.167523e+03
2.837559e-03, 1.172268e+03
2.850071e-03, 1.177012e+03
2.862584e-03, 1.181757e+03
2.875098e-03, 1.186501e+03
2.887613e-03, 1.191245e+03
2.900129e-03, 1.195989e+03
2.912645e-03, 1.200733e+03
2.925163e-03, 1.205476e+03
2.937681e-03, 1.210220e+03
2.950200e-03, 1.214963e+03
2.962719e-03, 1.219706e+03
2.975240e-03, 1.224449e+03
2.987761e-03, 1.229192e+03
3.000283e-03, 1.233935e+03
3.012805e-03, 1.238677e+03
3.025328e-03, 1.243420e+03
3.037852e-03, 1.248162e+03
3.050377e-03, 1.252905e+03
3.062902e-03, 1.257647e+03
3.075428e-03, 1.262389e+03
3.087954e-03, 1.267131e+03
3.100488e-03, 1.271872e+03
3.113032e-03, 1.276611e+03
3.125581e-03, 1.281350e+03
3.138144e-03, 1.286087e+03
3.150712e-03, 1.290823e+03
3.163282e-03, 1.295559e+03
3.175852e-03, 1.300294e+03
3.188423e-03, 1.305030e+03
3.201002e-03, 1.309765e+03
3.213634e-03, 1.314491e+03
3.226383e-03, 1.319199e+03
3.239242e-03, 1.323889e+03
3.252174e-03, 1.328569e+03
3.265153e-03, 1.333241e+03
3.278161e-03, 1.337908e+03
3.291188e-03, 1.342573e+03
3.304225e-03, 1.347235e+03
3.317270e-03, 1.351897e+03
3.330319e-03, 1.356558e+03
3.343370e-03, 1.361218e+03
3.356424e-03, 1.365879e+03
3.369478e-03, 1.370539e+03
3.382533e-03, 1.375199e+03
3.395588e-03, 1.379859e+03
3.408644e-03, 1.384518e+03
3.421700e-03, 1.389178e+03
3.434757e-03, 1.393838e+03
3.447814e-03, 1.398498e+03
3.460871e-03, 1.403157e+03
3.473928e-03, 1.407817e+03
3.486985e-03, 1.412476e+03
3.500043e-03, 1.417136e+03
3.513118e-03, 1.421792e+03
3.526249e-03, 1.426440e+03
3.539465e-03, 1.431075e+03
3.552748e-03, 1.435698e+03
3.566071e-03, 1.440316e+03
3.579420e-03, 1.444929e+03
3.592782e-03, 1.449540e+03
3.606153e-03, 1.454149e+03
3.619530e-03, 1.458758e+03
3.632909e-03, 1.463366e+03
3.646290e-03, 1.467974e+03
3.659673e-03, 1.472582e+03
3.673057e-03, 1.477189e+03
3.686442e-03, 1.481796e+03
3.699827e-03, 1.486403e+03
3.713213e-03, 1.491010e+03
3.726600e-03, 1.495617e+03
3.739987e-03, 1.500224e+03
3.753375e-03, 1.504831e+03
3.766764e-03, 1.509437e+03
3.780177e-03, 1.514040e+03
3.793638e-03, 1.518635e+03
3.807132e-03, 1.523225e+03
3.820690e-03, 1.527804e+03
3.834297e-03, 1.532376e+03
3.847938e-03, 1.536943e+03
3.861603e-03, 1.541505e+03
3.875284e-03, 1.546065e+03
3.888974e-03, 1.550623e+03
3.902671e-03, 1.555181e+03
3.916371e-03, 1.559737e+03
3.930074e-03, 1.564294e+03
3.943779e-03, 1.568849e+03
3.957484e-03, 1.573405e+03
3.971190e-03, 1.577961e+03
3.984896e-03, 1.582516e+03
3.998602e-03, 1.587072e+03
4.012309e-03, 1.591627e+03
4.026015e-03, 1.596182e+03
4.039722e-03, 1.600738e+03
4.053428e-03, 1.605293e+03
4.067135e-03, 1.609848e+03
4.080841e-03, 1.614403e+03
4.094592e-03, 1.618951e+03
4.108393e-03, 1.623491e+03
4.122263e-03, 1.628020e+03
4.136177e-03, 1.632541e+03
4.150119e-03, 1.637058e+03
4.164079e-03, 1.641572e+03
4.178051e-03, 1.646084e+03
4.192029e-03, 1.650595e+03
4.206013e-03, 1.655105e+03
4.220001e-03, 1.659614e+03
4.233990e-03, 1.664123e+03
4.247982e-03, 1.668632e+03
4.261975e-03, 1.673140e+03
4.275969e-03, 1.677648e+03
4.289965e-03, 1.682155e+03
4.303961e-03, 1.686663e+03
4.317959e-03, 1.691170e+03
4.331958e-03, 1.695677e+03
4.345957e-03, 1.700183e+03
4.359958e-03, 1.704690e+03
4.373959e-03, 1.709196e+03
4.387966e-03, 1.713701e+03
4.402045e-03, 1.718195e+03
4.416187e-03, 1.722678e+03
4.430375e-03, 1.727154e+03
4.444596e-03, 1.731625e+03
4.458839e-03, 1.736092e+03
4.473098e-03, 1.740556e+03
4.487367e-03, 1.745018e+03
4.501642e-03, 1.749479e+03
4.515922e-03, 1.753940e+03
4.530205e-03, 1.758400e+03
4.544490e-03, 1.762859e+03
4.558777e-03, 1.767318e+03
4.573066e-03, 1.771777e+03
4.587355e-03, 1.776235e+03
4.601645e-03, 1.780694e+03
4.615935e-03, 1.785152e+03
4.630227e-03, 1.789610e+03
4.644519e-03, 1.794067e+03
4.658823e-03, 1.798523e+03
4.673187e-03, 1.802969e+03
4.687613e-03, 1.807404e+03
4.702082e-03, 1.811833e+03
4.716580e-03, 1.816256e+03
4.731097e-03, 1.820677e+03
4.745628e-03, 1.825095e+03
4.760167e-03, 1.829511e+03
4.774718e-03, 1.833926e+03
4.789277e-03, 1.838339e+03
4.803841e-03, 1.842752e+03
4.818408e-03, 1.847164e+03
4.832981e-03, 1.851574e+03
4.847560e-03, 1.855984e+03
4.862142e-03, 1.860393e+03
4.876726e-03, 1.864802e+03
4.891311e-03, 1.869211e+03
4.905899e-03, 1.873619e+03
4.920504e-03, 1.878024e+03
4.935118e-03, 1.882428e+03
4.949747e-03, 1.886830e+03
4.964409e-03, 1.891226e+03
4.979114e-03, 1.895615e+03
4.993869e-03, 1.899996e+03
5.008663e-03, 1.904370e+03
5.023485e-03, 1.908740e+03
5.038328e-03, 1.913106e+03
5.053184e-03, 1.917469e+03
5.068050e-03, 1.921831e+03
5.082923e-03, 1.926192e+03
5.097801e-03, 1.930551e+03
5.112682e-03, 1.934910e+03
5.127566e-03, 1.939269e+03
5.142452e-03, 1.943627e+03
5.157340e-03, 1.947984e+03
5.172229e-03, 1.952341e+03
5.187120e-03, 1.956698e+03
5.202012e-03, 1.961055e+03
5.216913e-03, 1.965409e+03
5.231838e-03, 1.969760e+03
5.246823e-03, 1.974101e+03
5.261854e-03, 1.978434e+03
5.276918e-03, 1.982761e+03
5.292004e-03, 1.987085e+03
5.307110e-03, 1.991405e+03
5.322240e-03, 1.995721e+03
5.337401e-03, 2.000033e+03
5.352581e-03, 2.004341e+03
5.367772e-03, 2.008647e+03
5.382971e-03, 2.012952e+03
5.398174e-03, 2.017257e+03
5.413381e-03, 2.021560e+03
5.428590e-03, 2.025864e+03
5.443801e-03, 2.030166e+03
5.459019e-03, 2.034468e+03
5.474247e-03, 2.038768e+03
5.489492e-03, 2.043065e+03
5.504761e-03, 2.047358e+03
5.520065e-03, 2.051646e+03
5.535398e-03, 2.055929e+03
5.550752e-03, 2.060208e+03
5.566147e-03, 2.064480e+03
5.581579e-03, 2.068746e+03
5.597041e-03, 2.073008e+03
5.612524e-03, 2.077265e+03
5.628021e-03, 2.081520e+03
5.643530e-03, 2.085773e+03
5.659045e-03, 2.090024e+03
5.674566e-03, 2.094275e+03
5.690091e-03, 2.098525e+03
5.705618e-03, 2.102774e+03
5.721148e-03, 2.107023e+03
5.736679e-03, 2.111271e+03
5.752213e-03, 2.115519e+03
5.767758e-03, 2.119764e+03
5.783343e-03, 2.124004e+03
5.798974e-03, 2.128235e+03
5.814656e-03, 2.132458e+03
5.830397e-03, 2.136671e+03
5.846179e-03, 2.140878e+03
5.861990e-03, 2.145079e+03
5.877822e-03, 2.149278e+03
5.893667e-03, 2.153473e+03
5.909521e-03, 2.157667e+03
5.925382e-03, 2.161860e+03
5.941248e-03, 2.166052e+03
5.957118e-03, 2.170243e+03
5.972991e-03, 2.174434e+03
5.988867e-03, 2.178624e+03
6.004745e-03, 2.182813e+03
6.020624e-03, 2.187002e+03
6.036505e-03, 2.191190e+03
6.052388e-03, 2.195379e+03
6.068287e-03, 2.199564e+03
6.084212e-03, 2.203745e+03
6.100156e-03, 2.207922e+03
6.116115e-03, 2.212096e+03
6.132086e-03, 2.216269e+03
6.148088e-03, 2.220436e+03
6.164129e-03, 2.224596e+03
6.180202e-03, 2.228751e+03
6.196305e-03, 2.232901e+03
6.212429e-03, 2.237047e+03
6.228566e-03, 2.241190e+03
6.244713e-03, 2.245332e+03
6.260873e-03, 2.249471e+03
6.277047e-03, 2.253608e+03
6.293244e-03, 2.257741e+03
6.309459e-03, 2.261871e+03
6.325692e-03, 2.265998e+03
6.341953e-03, 2.270121e+03
6.358240e-03, 2.274238e+03
6.374550e-03, 2.278352e+03
6.390874e-03, 2.282464e+03
6.407225e-03, 2.286570e+03
6.423609e-03, 2.290671e+03
6.440019e-03, 2.294767e+03
6.456447e-03, 2.298861e+03
6.472887e-03, 2.302952e+03
6.489335e-03, 2.307041e+03
6.505790e-03, 2.311129e+03
6.522249e-03, 2.315216e+03
6.538712e-03, 2.319302e+03
6.555179e-03, 2.323388e+03
6.571648e-03, 2.327472e+03
6.588119e-03, 2.331557e+03
6.604600e-03, 2.335639e+03
6.621094e-03, 2.339719e+03
6.637614e-03, 2.343795e+03
6.654166e-03, 2.347865e+03
6.670744e-03, 2.351930e+03
6.687339e-03, 2.355992e+03
6.703948e-03, 2.360052e+03
6.720567e-03, 2.364110e+03
6.737212e-03, 2.368164e+03
6.753885e-03, 2.372212e+03
6.770592e-03, 2.376254e+03
6.787329e-03, 2.380292e+03
6.804096e-03, 2.384324e+03
6.820885e-03, 2.388352e+03
6.837688e-03, 2.392377e+03
6.854502e-03, 2.396401e+03
6.871324e-03, 2.400423e+03
6.888151e-03, 2.404444e+03
6.904992e-03, 2.408463e+03
6.921855e-03, 2.412477e+03
6.938736e-03, 2.416488e+03
6.955631e-03, 2.420497e+03
6.972537e-03, 2.424503e+03
6.989470e-03, 2.428505e+03
7.006428e-03, 2.432502e+03
7.023411e-03, 2.436494e+03
7.040410e-03, 2.440484e+03
7.057421e-03, 2.444471e+03
7.074440e-03, 2.448457e+03
7.091465e-03, 2.452441e+03
7.108501e-03, 2.456423e+03
7.125547e-03, 2.460404e+03
7.142607e-03, 2.464382e+03
7.159679e-03, 2.468357e+03
7.176757e-03, 2.472331e+03
7.193845e-03, 2.476304e+03
7.210954e-03, 2.480273e+03
7.228090e-03, 2.484237e+03
7.245248e-03, 2.488197e+03
7.262421e-03, 2.492154e+03
7.279606e-03, 2.496109e+03
7.296800e-03, 2.500062e+03
7.314019e-03, 2.504011e+03
7.331274e-03, 2.507953e+03
7.348562e-03, 2.511889e+03
7.365874e-03, 2.515821e+03
7.383204e-03, 2.519750e+03
7.400548e-03, 2.523676e+03
7.417901e-03, 2.527600e+03
7.435261e-03, 2.531523e+03
7.452626e-03, 2.535445e+03
7.469998e-03, 2.539365e+03
7.487387e-03, 2.543282e+03
7.504801e-03, 2.547195e+03
7.522242e-03, 2.551103e+03
7.539717e-03, 2.555004e+03
7.557225e-03, 2.558900e+03
7.574762e-03, 2.562790e+03
7.592324e-03, 2.566676e+03
7.609906e-03, 2.570559e+03
7.627507e-03, 2.574438e+03
7.645124e-03, 2.578314e+03
7.662756e-03, 2.582188e+03
7.680403e-03, 2.586058e+03
7.698063e-03, 2.589927e+03
7.715735e-03, 2.593793e+03
7.733424e-03, 2.597656e+03
7.751130e-03, 2.601516e+03
7.768852e-03, 2.605373e+03
7.786587e-03, 2.609229e+03
7.804339e-03, 2.613081e+03
7.822111e-03, 2.616930e+03
7.839907e-03, 2.620774e+03
7.857729e-03, 2.624614e+03
7.875585e-03, 2.628448e+03
7.893479e-03, 2.632275e+03
7.911402e-03, 2.636096e+03
7.929349e-03, 2.639913e+03
7.947313e-03, 2.643728e+03
7.965288e-03, 2.647539e+03
7.983273e-03, 2.651350e+03
8.001264e-03, 2.655158e+03
8.019261e-03, 2.658966e+03
8.037273e-03, 2.662771e+03
8.055304e-03, 2.666572e+03
8.073350e-03, 2.670371e+03
8.091419e-03, 2.674165e+03
8.109520e-03, 2.677954e+03
8.127655e-03, 2.681736e+03
8.145819e-03, 2.685513e+03
8.164010e-03, 2.689286e+03
8.182223e-03, 2.693054e+03
8.200457e-03, 2.696818e+03
8.218708e-03, 2.700579e+03
8.236981e-03, 2.704337e+03
8.255269e-03, 2.708091e+03
8.273566e-03, 2.711844e+03
8.291871e-03, 2.715595e+03
8.310181e-03, 2.719345e+03
8.328495e-03, 2.723094e+03
8.346813e-03, 2.726842e+03
8.365134e-03, 2.730590e+03
8.383461e-03, 2.734336e+03
8.401793e-03, 2.738081e+03
8.420143e-03, 2.741823e+03
8.438548e-03, 2.745555e+03
8.457010e-03, 2.749277e+03
8.475531e-03, 2.752988e+03
8.494097e-03, 2.756691e+03
8.512698e-03, 2.760388e+03
8.531326e-03, 2.764079e+03
8.549975e-03, 2.767768e+03
8.568643e-03, 2.771452e+03
8.587325e-03, 2.775134e+03
8.606018e-03, 2.778814e+03
8.624718e-03, 2.782493e+03
8.643422e-03, 2.786171e+03
8.662131e-03, 2.789847e+03
8.680844e-03, 2.793523e+03
8.699559e-03, 2.797198e+03
8.718285e-03, 2.800871e+03
8.737029e-03, 2.804541e+03
8.755791e-03, 2.808207e+03
8.774576e-03, 2.811868e+03
8.793392e-03, 2.815524e+03
8.812242e-03, 2.819174e+03
8.831120e-03, 2.822818e+03
8.850023e-03, 2.826458e+03
8.868944e-03, 2.830094e+03
8.887892e-03, 2.833726e+03
8.906862e-03, 2.837353e+03
8.925847e-03, 2.840977e+03
8.944844e-03, 2.844600e+03
8.963850e-03, 2.848220e+03
8.982863e-03, 2.851839e+03
9.001882e-03, 2.855457e+03
9.020906e-03, 2.859073e+03
9.039948e-03, 2.862686e+03
9.059016e-03, 2.866294e+03
9.078110e-03, 2.869897e+03
9.097225e-03, 2.873496e+03
9.116370e-03, 2.877090e+03
9.135546e-03, 2.880678e+03
9.154758e-03, 2.884258e+03
9.174001e-03, 2.887834e+03
9.193270e-03, 2.891404e+03
9.212559e-03, 2.894970e+03
9.231866e-03, 2.898533e+03
9.251186e-03, 2.902094e+03
9.270516e-03, 2.905653e+03
9.289854e-03, 2.909209e+03
9.309199e-03, 2.912765e+03
9.328550e-03, 2.916319e+03
9.347908e-03, 2.919871e+03
9.367278e-03, 2.923421e+03
9.386682e-03, 2.926965e+03
9.406138e-03, 2.930499e+03
9.425642e-03, 2.934025e+03
9.445188e-03, 2.937543e+03
9.464776e-03, 2.941053e+03
9.484400e-03, 2.944556e+03
9.504056e-03, 2.948053e+03
9.523738e-03, 2.951546e+03
9.543440e-03, 2.955035e+03
9.563159e-03, 2.958520e+03
9.582891e-03, 2.962003e+03
9.602634e-03, 2.965483e+03
9.622386e-03, 2.968962e+03
9.642145e-03, 2.972439e+03
9.661911e-03, 2.975915e+03
9.681687e-03, 2.979388e+03
9.701478e-03, 2.982859e+03
9.721284e-03, 2.986327e+03
9.741123e-03, 2.989788e+03
9.760999e-03, 2.993243e+03
9.780912e-03, 2.996691e+03
9.800855e-03, 3.000133e+03
9.820831e-03, 3.003569e+03
9.840835e-03, 3.007000e+03
9.860865e-03, 3.010426e+03
9.880921e-03, 3.013847e+03
9.901000e-03, 3.017263e+03
9.921105e-03, 3.020675e+03
9.941234e-03, 3.024082e+03
9.961385e-03, 3.027484e+03
9.981559e-03, 3.030883e+03
1.000176e-02, 3.034277e+03
1.002198e-02, 3.037666e+03
1.004222e-02, 3.041052e+03
1.006248e-02, 3.044434e+03
1.008275e-02, 3.047815e+03
1.010304e-02, 3.051193e+03
1.012333e-02, 3.054570e+03
1.014364e-02, 3.057942e+03
1.016398e-02, 3.061308e+03
1.018435e-02, 3.064670e+03
1.020475e-02, 3.068025e+03
1.022518e-02, 3.071376e+03
1.024563e-02, 3.074722e+03
1.026611e-02, 3.078063e+03
1.028661e-02, 3.081401e+03
1.030712e-02, 3.084734e+03
1.032766e-02, 3.088064e+03
1.034821e-02, 3.091391e+03
1.036879e-02, 3.094714e+03
1.038937e-02, 3.098035e+03
1.040997e-02, 3.101353e+03
1.043058e-02, 3.104668e+03
1.045122e-02, 3.107979e+03
1.047188e-02, 3.111285e+03
1.049258e-02, 3.114583e+03
1.051332e-02, 3.117874e+03
1.053409e-02, 3.121159e+03
1.055489e-02, 3.124437e+03
1.057572e-02, 3.127711e+03
1.059659e-02, 3.130979e+03
1.061748e-02, 3.134240e+03
1.063840e-02, 3.137497e+03
1.065934e-02, 3.140750e+03
1.068030e-02, 3.143999e+03
1.070127e-02, 3.147246e+03
1.072225e-02, 3.150492e+03
1.074324e-02, 3.153735e+03
1.076425e-02, 3.156975e+03
1.078526e-02, 3.160214e+03
1.080629e-02, 3.163450e+03
1.082733e-02, 3.166683e+03
1.084838e-02, 3.169913e+03
1.086945e-02, 3.173140e+03
1.089054e-02, 3.176364e+03
1.091165e-02, 3.179583e+03
1.093279e-02, 3.182797e+03
1.095396e-02, 3.186005e+03
1.097516e-02, 3.189208e+03
1.099639e-02, 3.192405e+03
1.101764e-02, 3.195598e+03
1.103890e-02, 3.198788e+03
1.106019e-02, 3.201973e+03
1.108151e-02, 3.205153e+03
1.110285e-02, 3.208327e+03
1.112422e-02, 3.211497e+03
1.114562e-02, 3.214661e+03
1.116705e-02, 3.217821e+03
1.118849e-02, 3.220976e+03
1.120997e-02, 3.224125e+03
1.123148e-02, 3.227269e+03
1.125302e-02, 3.230406e+03
1.127460e-02, 3.233536e+03
1.129621e-02, 3.236661e+03
1.131783e-02, 3.239782e+03
1.133947e-02, 3.242901e+03
1.136112e-02, 3.246017e+03
1.138279e-02, 3.249130e+03
1.140447e-02, 3.252239e+03
1.142616e-02, 3.255346e+03
1.144787e-02, 3.258450e+03
1.146960e-02, 3.261552e+03
1.149133e-02, 3.264651e+03
1.151308e-02, 3.267748e+03
1.153484e-02, 3.270842e+03
1.155661e-02, 3.273933e+03
1.157840e-02, 3.277022e+03
1.160020e-02, 3.280107e+03
1.162202e-02, 3.283189e+03
1.164388e-02, 3.286265e+03
1.166576e-02, 3.289335e+03
1.168767e-02, 3.292399e+03
1.170960e-02, 3.295459e+03
1.173156e-02, 3.298515e+03
1.175354e-02, 3.301566e+03
1.177555e-02, 3.304611e+03
1.179758e-02, 3.307650e+03
1.181964e-02, 3.310686e+03
1.184172e-02, 3.313717e+03
1.186383e-02, 3.316744e+03
1.188596e-02, 3.319764e+03
1.190813e-02, 3.322778e+03
1.193033e-02, 3.325786e+03
1.195257e-02, 3.328786e+03
1.197484e-02, 3.331780e+03
1.199713e-02, 3.334769e+03
1.201945e-02, 3.337755e+03
1.204178e-02, 3.340737e+03
1.206413e-02, 3.343716e+03
1.208649e-02, 3.346692e+03
1.210886e-02, 3.349665e+03
1.213125e-02, 3.352635e+03
1.215365e-02, 3.355603e+03
1.217606e-02, 3.358569e+03
1.219848e-02, 3.361532e+03
1.222092e-02, 3.364493e+03
1.224336e-02, 3.367452e+03
1.226581e-02, 3.370409e+03
1.228828e-02, 3.373363e+03
1.231076e-02, 3.376314e+03
1.233327e-02, 3.379259e+03
1.235581e-02, 3.382200e+03
1.237837e-02, 3.385136e+03
1.240095e-02, 3.388067e+03
1.242356e-02, 3.390994e+03
1.244620e-02, 3.393915e+03
1.246885e-02, 3.396832e+03
1.249153e-02, 3.399745e+03
1.251423e-02, 3.402653e+03
1.253697e-02, 3.405555e+03
1.255974e-02, 3.408449e+03
1.258255e-02, 3.411337e+03
1.260539e-02, 3.414219e+03
1.262827e-02, 3.417094e+03
1.265117e-02, 3.419965e+03
1.267409e-02, 3.422830e+03
1.269704e-02, 3.425690e+03
1.272002e-02, 3.428545e+03
1.274302e-02, 3.431396e+03
1.276604e-02, 3.434242e+03
1.278908e-02, 3.437085e+03
1.281214e-02, 3.439925e+03
1.283521e-02, 3.442760e+03
1.285831e-02, 3.445592e+03
1.288142e-02, 3.448420e+03
1.290454e-02, 3.451245e+03
1.292768e-02, 3.454068e+03
1.295083e-02, 3.456889e+03
1.297400e-02, 3.459707e+03
1.299717e-02, 3.462521e+03
1.302037e-02, 3.465332e+03
1.304358e-02, 3.468140e+03
1.306681e-02, 3.470945e+03
1.309006e-02, 3.473745e+03
1.311333e-02, 3.476541e+03
1.313663e-02, 3.479331e+03
1.315996e-02, 3.482115e+03
1.318332e-02, 3.484894e+03
1.320670e-02, 3.487670e+03
1.323009e-02, 3.490441e+03
1.325350e-02, 3.493210e+03
1.327693e-02, 3.495975e+03
1.330038e-02, 3.498736e+03
1.332385e-02, 3.501493e+03
1.334734e-02, 3.504245e+03
1.337087e-02, 3.506991e+03
1.339443e-02, 3.509730e+03
1.341802e-02, 3.512463e+03
1.344165e-02, 3.515189e+03
1.346531e-02, 3.517909e+03
1.348900e-02, 3.520622e+03
1.351272e-02, 3.523331e+03
1.353646e-02, 3.526035e+03
1.356022e-02, 3.528736e+03
1.358399e-02, 3.531432e+03
1.360779e-02, 3.534126e+03
1.363160e-02, 3.536816e+03
1.365542e-02, 3.539504e+03
1.367925e-02, 3.542189e+03
1.370309e-02, 3.544872e+03
1.372695e-02, 3.547552e+03
1.375083e-02, 3.550227e+03
1.377474e-02, 3.552897e+03
1.379868e-02, 3.555562e+03
1.382263e-02, 3.558224e+03
1.384660e-02, 3.560881e+03
1.387059e-02, 3.563535e+03
1.389460e-02, 3.566186e+03
1.391863e-02, 3.568832e+03
1.394268e-02, 3.571475e+03
1.396675e-02, 3.574112e+03
1.399085e-02, 3.576745e+03
1.401496e-02, 3.579374e+03
1.403909e-02, 3.582000e+03
1.406324e-02, 3.584621e+03
1.408742e-02, 3.587238e+03
1.411162e-02, 3.589850e+03
1.413583e-02, 3.592459e+03
1.416006e-02, 3.595065e+03
1.418431e-02, 3.597666e+03
1.420860e-02, 3.600260e+03
1.423293e-02, 3.602846e+03
1.425730e-02, 3.605424e+03
1.428172e-02, 3.607994e+03
1.430617e-02, 3.610556e+03
1.433066e-02, 3.613112e+03
1.435517e-02, 3.615662e+03
1.437970e-02, 3.618208e+03
1.440426e-02, 3.620750e+03
1.442884e-02, 3.623287e+03
1.445344e-02, 3.625819e+03
1.447806e-02, 3.628346e+03
1.450272e-02, 3.630868e+03
1.452740e-02, 3.633384e+03
1.455211e-02, 3.635896e+03
1.457684e-02, 3.638402e+03
1.460159e-02, 3.640903e+03
1.462638e-02, 3.643398e+03
1.465120e-02, 3.645887e+03
1.467604e-02, 3.648371e+03
1.470092e-02, 3.650849e+03
1.472582e-02, 3.653321e+03
1.475075e-02, 3.655788e+03
1.477570e-02, 3.658249e+03
1.480068e-02, 3.660705e+03
1.482569e-02, 3.663156e+03
1.485073e-02, 3.665601e+03
1.487579e-02, 3.668041e+03
1.490088e-02, 3.670475e+03
1.492599e-02, 3.672905e+03
1.495113e-02, 3.675329e+03
1.497631e-02, 3.677745e+03
1.500153e-02, 3.680154e+03
1.502678e-02, 3.682556e+03
1.505207e-02, 3.684952e+03
1.507739e-02, 3.687340e+03
1.510276e-02, 3.689720e+03
1.512817e-02, 3.692091e+03
1.515362e-02, 3.694455e+03
1.517911e-02, 3.696810e+03
1.520463e-02, 3.699160e+03
1.523018e-02, 3.701503e+03
1.525576e-02, 3.703841e+03
1.528135e-02, 3.706175e+03
1.530698e-02, 3.708504e+03
1.533263e-02, 3.710827e+03
1.535831e-02, 3.713144e+03
1.538401e-02, 3.715456e+03
1.540974e-02, 3.717763e+03
1.543549e-02, 3.720066e+03
1.546126e-02, 3.722365e+03
1.548705e-02, 3.724660e+03
1.551286e-02, 3.726950e+03
1.553870e-02, 3.729235e+03
1.556457e-02, 3.731513e+03
1.559048e-02, 3.733785e+03
1.561640e-02, 3.736052e+03
1.564237e-02, 3.738312e+03
1.566835e-02, 3.740567e+03
1.569437e-02, 3.742816e+03
1.572042e-02, 3.745059e+03
1.574650e-02, 3.747296e+03
1.577261e-02, 3.749526e+03
1.579876e-02, 3.751749e+03
1.582493e-02, 3.753967e+03
1.585113e-02, 3.756180e+03
1.587738e-02, 3.758385e+03
1.590366e-02, 3.760582e+03
1.592997e-02, 3.762774e+03
1.595632e-02, 3.764957e+03
1.598270e-02, 3.767134e+03
1.600913e-02, 3.769303e+03
1.603559e-02, 3.771465e+03
1.606208e-02, 3.773621e+03
1.608860e-02, 3.775769e+03
1.611517e-02, 3.777910e+03
1.614177e-02, 3.780044e+03
1.616839e-02, 3.782173e+03
1.619504e-02, 3.784297e+03
1.622172e-02, 3.786415e+03
1.624843e-02, 3.788527e+03
1.627517e-02, 3.790633e+03
1.630193e-02, 3.792734e+03
1.632872e-02, 3.794830e+03
1.635552e-02, 3.796923e+03
1.638234e-02, 3.799011e+03
1.640919e-02, 3.801094e+03
1.643607e-02, 3.803172e+03
1.646297e-02, 3.805243e+03
1.648991e-02, 3.807308e+03
1.651689e-02, 3.809367e+03
1.654389e-02, 3.811419e+03
1.657093e-02, 3.813463e+03
1.659800e-02, 3.815502e+03
1.662511e-02, 3.817533e+03
1.665225e-02, 3.819559e+03
1.667942e-02, 3.821579e+03
1.670661e-02, 3.823592e+03
1.673384e-02, 3.825601e+03
1.676109e-02, 3.827603e+03
1.678837e-02, 3.829600e+03
1.681568e-02, 3.831590e+03
1.684303e-02, 3.833574e+03
1.687042e-02, 3.835549e+03
1.689784e-02, 3.837518e+03
1.692530e-02, 3.839479e+03
1.695279e-02, 3.841435e+03
1.698031e-02, 3.843383e+03
1.700786e-02, 3.845326e+03
1.703546e-02, 3.847260e+03
1.706308e-02, 3.849189e+03
1.709074e-02, 3.851110e+03
1.711843e-02, 3.853025e+03
1.714615e-02, 3.854934e+03
1.717390e-02, 3.856836e+03
1.720169e-02, 3.858731e+03
1.722951e-02, 3.860620e+03
1.725736e-02, 3.862502e+03
1.728524e-02, 3.864380e+03
1.731314e-02, 3.866252e+03
1.734107e-02, 3.868119e+03
1.736902e-02, 3.869982e+03
1.739699e-02, 3.871840e+03
1.742499e-02, 3.873693e+03
1.745302e-02, 3.875539e+03
1.748108e-02, 3.877377e+03
1.750919e-02, 3.879209e+03
1.753732e-02, 3.881034e+03
1.756548e-02, 3.882854e+03
1.759367e-02, 3.884669e+03
1.762188e-02, 3.886478e+03
1.765013e-02, 3.888280e+03
1.767840e-02, 3.890077e+03
1.770671e-02, 3.891867e+03
1.773504e-02, 3.893651e+03
1.776340e-02, 3.895430e+03
1.779180e-02, 3.897202e+03
1.782024e-02, 3.898965e+03
1.784872e-02, 3.900721e+03
1.787724e-02, 3.902469e+03
1.790579e-02, 3.904210e+03
1.793438e-02, 3.905945e+03
1.796299e-02, 3.907673e+03
1.799164e-02, 3.909395e+03
1.802034e-02, 3.911108e+03
1.804907e-02, 3.912813e+03
1.807785e-02, 3.914510e+03
1.810666e-02, 3.916201e+03
1.813549e-02, 3.917886e+03
1.816435e-02, 3.919565e+03
1.819325e-02, 3.921238e+03
1.822217e-02, 3.922905e+03
1.825112e-02, 3.924567e+03
1.828009e-02, 3.926223e+03
1.830909e-02, 3.927875e+03
1.833812e-02, 3.929521e+03
1.836717e-02, 3.931162e+03
1.839624e-02, 3.932798e+03
1.842534e-02, 3.934429e+03
1.845448e-02, 3.936052e+03
1.848367e-02, 3.937667e+03
1.851288e-02, 3.939274e+03
1.854213e-02, 3.940876e+03
1.857141e-02, 3.942472e+03
1.860071e-02, 3.944062e+03
1.863005e-02, 3.945645e+03
1.865942e-02, 3.947223e+03
1.868882e-02, 3.948793e+03
1.871824e-02, 3.950359e+03
1.874770e-02, 3.951919e+03
1.877718e-02, 3.953473e+03
1.880670e-02, 3.955020e+03
1.883626e-02, 3.956558e+03
1.886585e-02, 3.958089e+03
1.889549e-02, 3.959613e+03
1.892516e-02, 3.961130e+03
1.895486e-02, 3.962640e+03
1.898460e-02, 3.964143e+03
1.901438e-02, 3.965640e+03
1.904419e-02, 3.967128e+03
1.907404e-02, 3.968610e+03
1.910392e-02, 3.970084e+03
1.913383e-02, 3.971553e+03
1.916377e-02, 3.973016e+03
1.919374e-02, 3.974473e+03
1.922373e-02, 3.975925e+03
1.925376e-02, 3.977370e+03
1.928382e-02, 3.978808e+03
1.931391e-02, 3.980241e+03
1.934403e-02, 3.981668e+03
1.937417e-02, 3.983089e+03
1.940434e-02, 3.984504e+03
1.943454e-02, 3.985915e+03
1.946476e-02, 3.987322e+03
1.949501e-02, 3.988722e+03
1.952529e-02, 3.990115e+03
1.955561e-02, 3.991502e+03
1.958595e-02, 3.992883e+03
1.961632e-02, 3.994259e+03
1.964672e-02, 3.995629e+03
1.967715e-02, 3.996992e+03
1.970761e-02, 3.998349e+03
1.973810e-02, 3.999700e+03
1.976862e-02, 4.001046e+03
1.979916e-02, 4.002387e+03
1.982974e-02, 4.003721e+03
1.986035e-02, 4.005048e+03
1.989100e-02, 4.006367e+03
1.992170e-02, 4.007678e+03
1.995243e-02, 4.008982e+03
1.998319e-02, 4.010279e+03
2.001398e-02, 4.011570e+03
2.004481e-02, 4.012855e+03
2.007567e-02, 4.014133e+03
2.010656e-02, 4.015404e+03
2.013749e-02, 4.016668e+03
2.016846e-02, 4.017925e+03
2.019946e-02, 4.019175e+03
2.023048e-02, 4.020420e+03
2.026153e-02, 4.021660e+03
2.029261e-02, 4.022895e+03
2.032372e-02, 4.024122e+03
2.035486e-02, 4.025343e+03
2.038603e-02, 4.026558e+03
2.041724e-02, 4.027766e+03
2.044847e-02, 4.028970e+03
2.047972e-02, 4.030169e+03
2.051099e-02, 4.031365e+03
2.054228e-02, 4.032557e+03
2.057359e-02, 4.033744e+03
2.060493e-02, 4.034925e+03
2.063630e-02, 4.036100e+03
2.066770e-02, 4.037269e+03
2.069912e-02, 4.038433e+03
2.073058e-02, 4.039591e+03
2.076207e-02, 4.040743e+03
2.079359e-02, 4.041888e+03
2.082514e-02, 4.043026e+03
2.085673e-02, 4.044158e+03
2.088835e-02, 4.045284e+03
2.092000e-02, 4.046403e+03
2.095169e-02, 4.047517e+03
2.098341e-02, 4.048623e+03
2.101517e-02, 4.049721e+03
2.104696e-02, 4.050812e+03
2.107879e-02, 4.051897e+03
2.111065e-02, 4.052976e+03
2.114254e-02, 4.054050e+03
2.117445e-02, 4.055118e+03
2.120639e-02, 4.056181e+03
2.123835e-02, 4.057239e+03
2.127035e-02, 4.058290e+03
2.130238e-02, 4.059335e+03
2.133443e-02, 4.060376e+03
2.136650e-02, 4.061411e+03
2.139860e-02, 4.062442e+03
2.143073e-02, 4.063466e+03
2.146290e-02, 4.064483e+03
2.149510e-02, 4.065494e+03
2.152732e-02, 4.066499e+03
2.155957e-02, 4.067500e+03
2.159183e-02, 4.068497e+03
2.162411e-02, 4.069490e+03
2.165641e-02, 4.070480e+03
2.168873e-02, 4.071466e+03
2.172107e-02, 4.072448e+03
2.175344e-02, 4.073424e+03
2.178584e-02, 4.074394e+03
2.181826e-02, 4.075359e+03
2.185071e-02, 4.076319e+03
2.188319e-02, 4.077273e+03
2.191571e-02, 4.078220e+03
2.194826e-02, 4.079160e+03
2.198084e-02, 4.080094e+03
2.201346e-02, 4.081020e+03
2.204611e-02, 4.081942e+03
2.207878e-02, 4.082857e+03
2.211148e-02, 4.083767e+03
2.214422e-02, 4.084671e+03
2.217699e-02, 4.085568e+03
2.220980e-02, 4.086458e+03
2.224263e-02, 4.087343e+03
2.227549e-02, 4.088223e+03
2.230837e-02, 4.089099e+03
2.234126e-02, 4.089970e+03
2.237418e-02, 4.090838e+03
2.240712e-02, 4.091701e+03
2.244008e-02, 4.092559e+03
2.247308e-02, 4.093411e+03
2.250610e-02, 4.094258e+03
2.253914e-02, 4.095100e+03
2.257222e-02, 4.095936e+03
2.260533e-02, 4.096765e+03
2.263847e-02, 4.097588e+03
2.267165e-02, 4.098404e+03
2.270484e-02, 4.099216e+03
2.273807e-02, 4.100023e+03
2.277130e-02, 4.100827e+03
2.280456e-02, 4.101627e+03
2.283782e-02, 4.102424e+03
2.287110e-02, 4.103219e+03
2.290439e-02, 4.104011e+03
2.293770e-02, 4.104799e+03
2.297104e-02, 4.105582e+03
2.300441e-02, 4.106359e+03
2.303780e-02, 4.107130e+03
2.307123e-02, 4.107895e+03
2.310470e-02, 4.108653e+03
2.313820e-02, 4.109404e+03
2.317174e-02, 4.110147e+03
2.320531e-02, 4.110884e+03
2.323891e-02, 4.111616e+03
2.327253e-02, 4.112342e+03
2.330619e-02, 4.113063e+03
2.333987e-02, 4.113778e+03
2.337359e-02, 4.114486e+03
2.340734e-02, 4.115189e+03
2.344112e-02, 4.115885e+03
2.347492e-02, 4.116575e+03
2.350875e-02, 4.117262e+03
2.354260e-02, 4.117943e+03
2.357647e-02, 4.118622e+03
2.361035e-02, 4.119296e+03
2.364426e-02, 4.119967e+03
2.367818e-02, 4.120633e+03
2.371214e-02, 4.121293e+03
2.374613e-02, 4.121947e+03
2.378015e-02, 4.122595e+03
2.381420e-02, 4.123237e+03
2.384828e-02, 4.123873e+03
2.388239e-02, 4.124502e+03
2.391653e-02, 4.125126e+03
2.395069e-02, 4.125745e+03
2.398488e-02, 4.126359e+03
2.401908e-02, 4.126969e+03
2.405331e-02, 4.127576e+03
2.408754e-02, 4.128179e+03
2.412180e-02, 4.128779e+03
2.415607e-02, 4.129374e+03
2.419037e-02, 4.129966e+03
2.422468e-02, 4.130553e+03
2.425903e-02, 4.131135e+03
2.429340e-02, 4.131711e+03
2.432781e-02, 4.132280e+03
2.436227e-02, 4.132840e+03
2.439675e-02, 4.133395e+03
2.443127e-02, 4.133942e+03
2.446583e-02, 4.134482e+03
2.450042e-02, 4.135016e+03
2.453504e-02, 4.135544e+03
2.456969e-02, 4.136066e+03
2.460437e-02, 4.136581e+03
2.463909e-02, 4.137090e+03
2.467383e-02, 4.137593e+03
2.470861e-02, 4.138090e+03
2.474342e-02, 4.138580e+03
2.477825e-02, 4.139065e+03
2.481311e-02, 4.139546e+03
2.484798e-02, 4.140023e+03
2.488287e-02, 4.140496e+03
2.491778e-02, 4.140965e+03
2.495271e-02, 4.141432e+03
2.498764e-02, 4.141895e+03
2.502260e-02, 4.142353e+03
2.505759e-02, 4.142807e+03
2.509262e-02, 4.143253e+03
2.512768e-02, 4.143692e+03
2.516279e-02, 4.144123e+03
2.519793e-02, 4.144546e+03
2.523310e-02, 4.144963e+03
2.526830e-02, 4.145375e+03
2.530353e-02, 4.145780e+03
2.533879e-02, 4.146180e+03
2.537407e-02, 4.146576e+03
2.540937e-02, 4.146967e+03
2.544469e-02, 4.147354e+03
2.548003e-02, 4.147737e+03
2.551538e-02, 4.148117e+03
2.555076e-02, 4.148492e+03
2.558615e-02, 4.148863e+03
2.562158e-02, 4.149228e+03
2.565705e-02, 4.149586e+03
2.569256e-02, 4.149935e+03
2.572812e-02, 4.150276e+03
2.576371e-02, 4.150608e+03
2.579934e-02, 4.150934e+03
2.583501e-02, 4.151253e+03
2.587071e-02, 4.151564e+03
2.590647e-02, 4.151865e+03
2.594228e-02, 4.152155e+03
2.597814e-02, 4.152434e+03
2.601406e-02, 4.152701e+03
2.605004e-02, 4.152958e+03
2.608607e-02, 4.153203e+03
2.612216e-02, 4.153438e+03
2.615829e-02, 4.153663e+03
2.619446e-02, 4.153880e+03
2.623068e-02, 4.154087e+03
2.626694e-02, 4.154287e+03
2.630323e-02, 4.154479e+03
2.633955e-02, 4.154665e+03
2.637592e-02, 4.154843e+03
2.641231e-02, 4.155013e+03
2.644874e-02, 4.155177e+03
2.648521e-02, 4.155332e+03
2.652174e-02, 4.155477e+03
2.655831e-02, 4.155613e+03
2.659493e-02, 4.155740e+03
2.663160e-02, 4.155856e+03
2.666831e-02, 4.155964e+03
2.670507e-02, 4.156061e+03
2.674188e-02, 4.156150e+03
2.677873e-02, 4.156232e+03
2.681561e-02, 4.156305e+03
2.685252e-02, 4.156372e+03
2.688948e-02, 4.156430e+03
2.692649e-02, 4.156478e+03
2.696355e-02, 4.156516e+03
2.700066e-02, 4.156544e+03
2.703783e-02, 4.156561e+03
2.707504e-02, 4.156569e+03
2.711231e-02, 4.156568e+03
2.714961e-02, 4.156558e+03
2.718695e-02, 4.156540e+03
2.722433e-02, 4.156514e+03
2.726175e-02, 4.156481e+03
2.729922e-02, 4.156438e+03
2.733675e-02, 4.156384e+03
2.737432e-02, 4.156321e+03
2.741194e-02, 4.156248e+03
2.744960e-02, 4.156168e+03
2.748730e-02, 4.156079e+03
2.752504e-02, 4.155983e+03
2.756282e-02, 4.155879e+03
2.760063e-02, 4.155768e+03
2.763847e-02, 4.155650e+03
2.767635e-02, 4.155525e+03
2.771425e-02, 4.155395e+03
2.775218e-02, 4.155259e+03
2.779014e-02, 4.155117e+03
2.782813e-02, 4.154969e+03
2.786615e-02, 4.154814e+03
2.790421e-02, 4.154653e+03
2.794231e-02, 4.154483e+03
2.798046e-02, 4.154303e+03
2.801866e-02, 4.154114e+03
2.805690e-02, 4.153916e+03
2.809518e-02, 4.153711e+03
2.813350e-02, 4.153498e+03
2.817186e-02, 4.153278e+03
2.821026e-02, 4.153048e+03
2.824871e-02, 4.152810e+03
2.828721e-02, 4.152562e+03
2.832575e-02, 4.152306e+03
2.836433e-02, 4.152042e+03
2.840294e-02, 4.151770e+03
2.844159e-02, 4.151492e+03
2.848028e-02, 4.151205e+03
2.851902e-02, 4.150909e+03
2.855781e-02, 4.150605e+03
2.859664e-02, 4.150291e+03
2.863550e-02, 4.149971e+03
2.867440e-02, 4.149643e+03
2.871333e-02, 4.149310e+03
2.875230e-02, 4.148968e+03
2.879132e-02, 4.148618e+03
2.883038e-02, 4.148260e+03
2.886948e-02, 4.147894e+03
2.890861e-02, 4.147521e+03
2.894777e-02, 4.147142e+03
2.898696e-02, 4.146758e+03
2.902619e-02, 4.146366e+03
2.906546e-02, 4.145966e+03
2.910478e-02, 4.145557e+03
2.914413e-02, 4.145142e+03
2.918351e-02, 4.144719e+03
2.922293e-02, 4.144291e+03
2.926236e-02, 4.143859e+03
2.930182e-02, 4.143421e+03
2.934130e-02, 4.142977e+03
2.938082e-02, 4.142528e+03
2.942037e-02, 4.142072e+03
2.945995e-02, 4.141610e+03
2.949957e-02, 4.141140e+03
2.953923e-02, 4.140663e+03
2.957893e-02, 4.140179e+03
2.961867e-02, 4.139687e+03
2.965844e-02, 4.139189e+03
2.969824e-02, 4.138684e+03
2.973808e-02, 4.138172e+03
2.977797e-02, 4.137652e+03
2.981789e-02, 4.137123e+03
2.985786e-02, 4.136587e+03
2.989786e-02, 4.136044e+03
2.993790e-02, 4.135494e+03
2.997797e-02, 4.134937e+03
3.001807e-02, 4.134373e+03
3.005822e-02, 4.133803e+03
3.009839e-02, 4.133227e+03
3.013858e-02, 4.132645e+03
3.017881e-02, 4.132059e+03
3.021906e-02, 4.131466e+03
3.025935e-02, 4.130868e+03
3.029966e-02, 4.130265e+03
3.034001e-02, 4.129654e+03
3.038041e-02, 4.129035e+03
3.042084e-02, 4.128409e+03
3.046132e-02, 4.127774e+03
3.050183e-02, 4.127132e+03
3.054238e-02, 4.126483e+03
3.058297e-02, 4.125828e+03
3.062358e-02, 4.125166e+03
3.066422e-02, 4.124499e+03
3.070489e-02, 4.123827e+03
3.074558e-02, 4.123150e+03
3.078629e-02, 4.122470e+03
3.082702e-02, 4.121784e+03
3.086777e-02, 4.121095e+03
3.090855e-02, 4.120401e+03
3.094935e-02, 4.119702e+03
3.099017e-02, 4.118999e+03
3.103102e-02, 4.118292e+03
3.107188e-02, 4.117581e+03
3.111277e-02, 4.116866e+03
3.115369e-02, 4.116146e+03
3.119463e-02, 4.115420e+03
3.123560e-02, 4.114689e+03
3.127661e-02, 4.113952e+03
3.131764e-02, 4.113209e+03
3.135871e-02, 4.112459e+03
3.139982e-02, 4.111704e+03
3.144095e-02, 4.110942e+03
3.148212e-02, 4.110175e+03
3.152332e-02, 4.109401e+03
3.156455e-02, 4.108621e+03
3.160582e-02, 4.107834e+03
3.164711e-02, 4.107042e+03
3.168843e-02, 4.106245e+03
3.172977e-02, 4.105444e+03
3.177114e-02, 4.104639e+03
3.181252e-02, 4.103830e+03
3.185392e-02, 4.103018e+03
3.189533e-02, 4.102204e+03
3.193676e-02, 4.101385e+03
3.197821e-02, 4.100563e+03
3.201968e-02, 4.099737e+03
3.206119e-02, 4.098904e+03
3.210273e-02, 4.098064e+03
3.214433e-02, 4.097216e+03
3.218596e-02, 4.096359e+03
3.222764e-02, 4.095496e+03
3.226934e-02, 4.094627e+03
3.231106e-02, 4.093752e+03
3.235281e-02, 4.092873e+03
3.239459e-02, 4.091988e+03
3.243639e-02, 4.091099e+03
3.247822e-02, 4.090203e+03
3.252009e-02, 4.089302e+03
3.256199e-02, 4.088394e+03
3.260391e-02, 4.087481e+03
3.264586e-02, 4.086564e+03
3.268784e-02, 4.085641e+03
3.272983e-02, 4.084715e+03
3.277185e-02, 4.083784e+03
3.281388e-02, 4.082851e+03
3.285593e-02, 4.081914e+03
3.289799e-02, 4.080974e+03
3.294007e-02, 4.080032e+03
3.298216e-02, 4.079087e+03
3.302427e-02, 4.078137e+03
3.306641e-02, 4.077182e+03
3.310859e-02, 4.076221e+03
3.315080e-02, 4.075254e+03
3.319305e-02, 4.074279e+03
3.323535e-02, 4.073295e+03
3.327769e-02, 4.072303e+03
3.332008e-02, 4.071303e+03
3.336250e-02, 4.070296e+03
3.340495e-02, 4.069283e+03
3.344744e-02, 4.068263e+03
3.348996e-02, 4.067238e+03
3.353251e-02, 4.066206e+03
3.357509e-02, 4.065167e+03
3.361772e-02, 4.064121e+03
3.366038e-02, 4.063067e+03
3.370308e-02, 4.062006e+03
3.374582e-02, 4.060938e+03
3.378858e-02, 4.059863e+03
3.383138e-02, 4.058782e+03
3.387421e-02, 4.057694e+03
3.391709e-02, 4.056598e+03
3.396001e-02, 4.055494e+03
3.400298e-02, 4.054380e+03
3.404600e-02, 4.053255e+03
3.408908e-02, 4.052121e+03
3.413220e-02, 4.050977e+03
3.417537e-02, 4.049824e+03
3.421859e-02, 4.048663e+03
3.426185e-02, 4.047492e+03
3.430516e-02, 4.046314e+03
3.434850e-02, 4.045127e+03
3.439188e-02, 4.043934e+03
3.443529e-02, 4.042734e+03
3.447873e-02, 4.041528e+03
3.452220e-02, 4.040316e+03
3.456569e-02, 4.039100e+03
3.460920e-02, 4.037878e+03
3.465275e-02, 4.036650e+03
3.469634e-02, 4.035415e+03
3.473995e-02, 4.034175e+03
3.478360e-02, 4.032928e+03
3.482727e-02, 4.031675e+03
3.487098e-02, 4.030415e+03
3.491472e-02, 4.029149e+03
3.495851e-02, 4.027875e+03
3.500236e-02, 4.026590e+03
3.504627e-02, 4.025294e+03
3.509023e-02, 4.023989e+03
3.513425e-02, 4.022672e+03
3.517832e-02, 4.021346e+03
3.522245e-02, 4.020008e+03
3.526664e-02, 4.018658e+03
3.531089e-02, 4.017298e+03
3.535520e-02, 4.015928e+03
3.539954e-02, 4.014548e+03
3.544393e-02, 4.013161e+03
3.548836e-02, 4.011766e+03
3.553282e-02, 4.010364e+03
3.557732e-02, 4.008954e+03
3.562186e-02, 4.007537e+03
3.566643e-02, 4.006114e+03
3.571103e-02, 4.004684e+03
3.575566e-02, 4.003248e+03
3.580034e-02, 4.001805e+03
3.584505e-02, 4.000354e+03
3.588981e-02, 3.998894e+03
3.593463e-02, 3.997425e+03
3.597948e-02, 3.995948e+03
3.602439e-02, 3.994461e+03
3.606933e-02, 3.992967e+03
3.611432e-02, 3.991465e+03
3.615933e-02, 3.989956e+03
3.620438e-02, 3.988441e+03
3.624945e-02, 3.986921e+03
3.629455e-02, 3.985396e+03
3.633966e-02, 3.983867e+03
3.638480e-02, 3.982333e+03
3.642998e-02, 3.980793e+03
3.647519e-02, 3.979247e+03
3.652043e-02, 3.977694e+03
3.656571e-02, 3.976135e+03
3.661100e-02, 3.974571e+03
3.665633e-02, 3.973002e+03
3.670168e-02, 3.971428e+03
3.674707e-02, 3.969847e+03
3.679252e-02, 3.968257e+03
3.683801e-02, 3.966658e+03
3.688354e-02, 3.965050e+03
3.692913e-02, 3.963434e+03
3.697477e-02, 3.961808e+03
3.702048e-02, 3.960170e+03
3.706624e-02, 3.958522e+03
3.711206e-02, 3.956863e+03
3.715793e-02, 3.955195e+03
3.720384e-02, 3.953518e+03
3.724978e-02, 3.951835e+03
3.729576e-02, 3.950145e+03
3.734178e-02, 3.948448e+03
3.738783e-02, 3.946743e+03
3.743392e-02, 3.945032e+03
3.748005e-02, 3.943314e+03
3.752622e-02, 3.941588e+03
3.757243e-02, 3.939854e+03
3.761869e-02, 3.938112e+03
3.766499e-02, 3.936361e+03
3.771132e-02, 3.934604e+03
3.775769e-02, 3.932840e+03
3.780410e-02, 3.931069e+03
3.785054e-02, 3.929292e+03
3.789702e-02, 3.927508e+03
3.794352e-02, 3.925719e+03
3.799005e-02, 3.923925e+03
3.803660e-02, 3.922127e+03
3.808317e-02, 3.920325e+03
3.812975e-02, 3.918519e+03
3.817635e-02, 3.916711e+03
3.822297e-02, 3.914899e+03
3.826960e-02, 3.913084e+03
3.831626e-02, 3.911264e+03
3.836295e-02, 3.909440e+03
3.840966e-02, 3.907611e+03
3.845640e-02, 3.905776e+03
3.850317e-02, 3.903937e+03
3.854995e-02, 3.902095e+03
3.859677e-02, 3.900246e+03
3.864363e-02, 3.898391e+03
3.869053e-02, 3.896529e+03
3.873748e-02, 3.894657e+03
3.878447e-02, 3.892778e+03
3.883151e-02, 3.890890e+03
3.887861e-02, 3.888994e+03
3.892575e-02, 3.887088e+03
3.897293e-02, 3.885174e+03
3.902016e-02, 3.883253e+03
3.906743e-02, 3.881324e+03
3.911474e-02, 3.879387e+03
3.916209e-02, 3.877443e+03
3.920947e-02, 3.875493e+03
3.925689e-02, 3.873537e+03
3.930434e-02, 3.871574e+03
3.935182e-02, 3.869606e+03
3.939933e-02, 3.867632e+03
3.944688e-02, 3.865651e+03
3.949446e-02, 3.863664e+03
3.954208e-02, 3.861670e+03
3.958973e-02, 3.859671e+03
3.963740e-02, 3.857668e+03
3.968510e-02, 3.855659e+03
3.973283e-02, 3.853645e+03
3.978058e-02, 3.851626e+03
3.982836e-02, 3.849603e+03
3.987616e-02, 3.847576e+03
3.992397e-02, 3.845546e+03
3.997180e-02, 3.843513e+03
4.001964e-02, 3.841479e+03
4.006749e-02, 3.839443e+03
4.011534e-02, 3.837405e+03
4.016320e-02, 3.835365e+03
4.021109e-02, 3.833322e+03
4.025901e-02, 3.831274e+03
4.030697e-02, 3.829219e+03
4.035497e-02, 3.827156e+03
4.040301e-02, 3.825087e+03
4.045109e-02, 3.823011e+03
4.049919e-02, 3.820931e+03
4.054732e-02, 3.818845e+03
4.059547e-02, 3.816755e+03
4.064366e-02, 3.814659e+03
4.069187e-02, 3.812559e+03
4.074012e-02, 3.810453e+03
4.078840e-02, 3.808341e+03
4.083672e-02, 3.806222e+03
4.088508e-02, 3.804097e+03
4.093348e-02, 3.801965e+03
4.098191e-02, 3.799826e+03
4.103037e-02, 3.797682e+03
4.107887e-02, 3.795533e+03
4.112740e-02, 3.793378e+03
4.117596e-02, 3.791216e+03
4.122456e-02, 3.789048e+03
4.127319e-02, 3.786875e+03
4.132185e-02, 3.784696e+03
4.137054e-02, 3.782512e+03
4.141925e-02, 3.780325e+03
4.146798e-02, 3.778133e+03
4.151673e-02, 3.775937e+03
4.156552e-02, 3.773736e+03
4.161433e-02, 3.771530e+03
4.166317e-02, 3.769319e+03
4.171203e-02, 3.767104e+03
4.176093e-02, 3.764885e+03
4.180984e-02, 3.762660e+03
4.185878e-02, 3.760433e+03
4.190773e-02, 3.758202e+03
4.195670e-02, 3.755970e+03
4.200567e-02, 3.753736e+03
4.205464e-02, 3.751501e+03
4.210362e-02, 3.749266e+03
4.215261e-02, 3.747030e+03
4.220161e-02, 3.744791e+03
4.225065e-02, 3.742547e+03
4.229971e-02, 3.740299e+03
4.234880e-02, 3.738046e+03
4.239791e-02, 3.735790e+03
4.244703e-02, 3.733531e+03
4.249618e-02, 3.731267e+03
4.254535e-02, 3.729001e+03
4.259454e-02, 3.726730e+03
4.264376e-02, 3.724456e+03
4.269299e-02, 3.722177e+03
4.274226e-02, 3.719895e+03
4.279153e-02, 3.717611e+03
4.284082e-02, 3.715323e+03
4.289013e-02, 3.713033e+03
4.293947e-02, 3.710739e+03
4.298885e-02, 3.708438e+03
4.303827e-02, 3.706131e+03
4.308772e-02, 3.703819e+03
4.313720e-02, 3.701502e+03
4.318671e-02, 3.699179e+03
4.323624e-02, 3.696851e+03
4.328581e-02, 3.694519e+03
4.333541e-02, 3.692182e+03
4.338504e-02, 3.689838e+03
4.343470e-02, 3.687490e+03
4.348438e-02, 3.685138e+03
4.353408e-02, 3.682783e+03
4.358379e-02, 3.680426e+03
4.363351e-02, 3.678066e+03
4.368325e-02, 3.675704e+03
4.373301e-02, 3.673338e+03
4.378280e-02, 3.670969e+03
4.383260e-02, 3.668596e+03
4.388244e-02, 3.666220e+03
4.393229e-02, 3.663839e+03
4.398216e-02, 3.661457e+03
4.403204e-02, 3.659072e+03
4.408192e-02, 3.656687e+03
4.413181e-02, 3.654301e+03
4.418170e-02, 3.651915e+03
4.423159e-02, 3.649528e+03
4.428150e-02, 3.647140e+03
4.433143e-02, 3.644749e+03
4.438137e-02, 3.642355e+03
4.443135e-02, 3.639957e+03
4.448133e-02, 3.637557e+03
4.453134e-02, 3.635153e+03
4.458135e-02, 3.632749e+03
4.463137e-02, 3.630342e+03
4.468141e-02, 3.627933e+03
4.473147e-02, 3.625521e+03
4.478155e-02, 3.623106e+03
4.483164e-02, 3.620689e+03
4.488175e-02, 3.618269e+03
4.493188e-02, 3.615847e+03
4.498201e-02, 3.613424e+03
4.503215e-02, 3.610999e+03
4.508230e-02, 3.608574e+03
4.513249e-02, 3.606145e+03
4.518270e-02, 3.603711e+03
4.523294e-02, 3.601272e+03
4.528321e-02, 3.598830e+03
4.533350e-02, 3.596384e+03
4.538382e-02, 3.593933e+03
4.543415e-02, 3.591480e+03
4.548451e-02, 3.589023e+03
4.553490e-02, 3.586562e+03
4.558531e-02, 3.584096e+03
4.563575e-02, 3.581626e+03
4.568621e-02, 3.579153e+03
4.573668e-02, 3.576678e+03
4.578715e-02, 3.574202e+03
4.583763e-02, 3.571725e+03
4.588812e-02, 3.569246e+03
4.593863e-02, 3.566767e+03
4.598915e-02, 3.564285e+03
4.603969e-02, 3.561800e+03
4.609025e-02, 3.559311e+03
4.614083e-02, 3.556820e+03
4.619143e-02, 3.554327e+03
4.624203e-02, 3.551832e+03
4.629264e-02, 3.549337e+03
4.634325e-02, 3.546843e+03
4.639385e-02, 3.544349e+03
4.644446e-02, 3.541855e+03
4.649507e-02, 3.539361e+03
4.654570e-02, 3.536866e+03
4.659634e-02, 3.534369e+03
4.664700e-02, 3.531869e+03
4.669767e-02, 3.529366e+03
4.674836e-02, 3.526863e+03
4.679904e-02, 3.524358e+03
4.684974e-02, 3.521854e+03
4.690044e-02, 3.519348e+03
4.695114e-02, 3.516842e+03
4.700187e-02, 3.514334e+03
4.705260e-02, 3.511824e+03
4.710334e-02, 3.509313e+03
4.715410e-02, 3.506801e+03
4.720486e-02, 3.504288e+03
4.725563e-02, 3.501775e+03
4.730639e-02, 3.499261e+03
4.735717e-02, 3.496747e+03
4.740796e-02, 3.494232e+03
4.745879e-02, 3.491712e+03
4.750964e-02, 3.489189e+03
4.756052e-02, 3.486663e+03
4.761141e-02, 3.484133e+03
4.766232e-02, 3.481601e+03
4.771325e-02, 3.479066e+03
4.776419e-02, 3.476529e+03
4.781515e-02, 3.473990e+03
4.786613e-02, 3.471448e+03
4.791714e-02, 3.468902e+03
4.796817e-02, 3.466353e+03
4.801921e-02, 3.463802e+03
4.807025e-02, 3.461250e+03
4.812129e-02, 3.458698e+03
4.817234e-02, 3.456147e+03
4.822338e-02, 3.453596e+03
4.827443e-02, 3.451044e+03
4.832550e-02, 3.448492e+03
4.837658e-02, 3.445937e+03
4.842768e-02, 3.443381e+03
4.847878e-02, 3.440823e+03
4.852990e-02, 3.438265e+03
4.858102e-02, 3.435707e+03
4.863213e-02, 3.433149e+03
4.868324e-02, 3.430593e+03
4.873434e-02, 3.428039e+03
4.878543e-02, 3.425487e+03
4.883652e-02, 3.422936e+03
4.888761e-02, 3.420386e+03
4.893872e-02, 3.417835e+03
4.898984e-02, 3.415282e+03
4.904097e-02, 3.412728e+03
4.909210e-02, 3.410173e+03
4.914324e-02, 3.407619e+03
4.919437e-02, 3.405065e+03
4.924550e-02, 3.402512e+03
4.929664e-02, 3.399959e+03
4.934778e-02, 3.397407e+03
4.939892e-02, 3.394854e+03
4.945007e-02, 3.392302e+03
4.950122e-02, 3.389749e+03
4.955238e-02, 3.387197e+03
4.960353e-02, 3.384646e+03
4.965468e-02, 3.382096e+03
4.970582e-02, 3.379547e+03
4.975696e-02, 3.377000e+03
4.980811e-02, 3.374453e+03
4.985928e-02, 3.371904e+03
4.991048e-02, 3.369353e+03
4.996169e-02, 3.366799e+03
5.001291e-02, 3.364245e+03
5.006413e-02, 3.361689e+03
5.011537e-02, 3.359133e+03
5.016661e-02, 3.356577e+03
5.021785e-02, 3.354020e+03
5.026911e-02, 3.351463e+03
5.032037e-02, 3.348906e+03
5.037165e-02, 3.346347e+03
5.042293e-02, 3.343788e+03
5.047421e-02, 3.341229e+03
5.052548e-02, 3.338672e+03
5.057675e-02, 3.336116e+03
5.062800e-02, 3.333563e+03
5.067924e-02, 3.331013e+03
5.073047e-02, 3.328465e+03
5.078171e-02, 3.325919e+03
5.083295e-02, 3.323372e+03
5.088420e-02, 3.320826e+03
5.093546e-02, 3.318279e+03
5.098671e-02, 3.315734e+03
5.103796e-02, 3.313190e+03
5.108919e-02, 3.310649e+03
5.114042e-02, 3.308110e+03
5.119163e-02, 3.305574e+03
5.124282e-02, 3.303043e+03
5.129399e-02, 3.300515e+03
5.134515e-02, 3.297991e+03
5.139630e-02, 3.295469e+03
5.144746e-02, 3.292948e+03
5.149862e-02, 3.290428e+03
5.154979e-02, 3.287907e+03
5.160096e-02, 3.285387e+03
5.165212e-02, 3.282869e+03
5.170326e-02, 3.280353e+03
5.175440e-02, 3.277840e+03
5.180552e-02, 3.275330e+03
5.185665e-02, 3.272821e+03
5.190776e-02, 3.270315e+03
5.195887e-02, 3.267810e+03
5.200998e-02, 3.265307e+03
5.206107e-02, 3.262807e+03
5.211216e-02, 3.260309e+03
5.216323e-02, 3.257814e+03
5.221429e-02, 3.255322e+03
5.226533e-02, 3.252834e+03
5.231636e-02, 3.250350e+03
5.236738e-02, 3.247868e+03
5.241842e-02, 3.245387e+03
5.246946e-02, 3.242905e+03
5.252051e-02, 3.240424e+03
5.257156e-02, 3.237943e+03
5.262261e-02, 3.235464e+03
5.267365e-02, 3.232986e+03
5.272468e-02, 3.230510e+03
5.277571e-02, 3.228036e+03
5.282673e-02, 3.225564e+03
5.287775e-02, 3.223095e+03
5.292876e-02, 3.220627e+03
5.297977e-02, 3.218160e+03
5.303078e-02, 3.215695e+03
5.308178e-02, 3.213231e+03
5.313278e-02, 3.210769e+03
5.318375e-02, 3.208311e+03
5.323471e-02, 3.205856e+03
5.328565e-02, 3.203406e+03
5.333656e-02, 3.200960e+03
5.338747e-02, 3.198518e+03
5.343837e-02, 3.196078e+03
5.348927e-02, 3.193640e+03
5.354017e-02, 3.191203e+03
5.359107e-02, 3.188767e+03
5.364196e-02, 3.186334e+03
5.369283e-02, 3.183904e+03
5.374369e-02, 3.181478e+03
5.379453e-02, 3.179055e+03
5.384534e-02, 3.176638e+03
5.389613e-02, 3.174226e+03
5.394689e-02, 3.171819e+03
5.399763e-02, 3.169418e+03
5.404833e-02, 3.167023e+03
5.409902e-02, 3.164632e+03
5.414970e-02, 3.162243e+03
5.420039e-02, 3.159856e+03
5.425107e-02, 3.157470e+03
5.430175e-02, 3.155086e+03
5.435242e-02, 3.152705e+03
5.440307e-02, 3.150326e+03
5.445371e-02, 3.147951e+03
5.450432e-02, 3.145581e+03
5.455492e-02, 3.143213e+03
5.460552e-02, 3.140849e+03
5.465610e-02, 3.138487e+03
5.470667e-02, 3.136128e+03
5.475723e-02, 3.133771e+03
5.480778e-02, 3.131419e+03
5.485831e-02, 3.129070e+03
5.490883e-02, 3.126724e+03
5.495932e-02, 3.124382e+03
5.500980e-02, 3.122044e+03
5.506026e-02, 3.119711e+03
5.511070e-02, 3.117382e+03
5.516112e-02, 3.115057e+03
5.521155e-02, 3.112734e+03
5.526198e-02, 3.110412e+03
5.531242e-02, 3.108090e+03
5.536285e-02, 3.105770e+03
5.541327e-02, 3.103451e+03
5.546368e-02, 3.101136e+03
5.551407e-02, 3.098824e+03
5.556446e-02, 3.096514e+03
5.561483e-02, 3.094208e+03
5.566520e-02, 3.091904e+03
5.571554e-02, 3.089604e+03
5.576588e-02, 3.087307e+03
5.581620e-02, 3.085013e+03
5.586652e-02, 3.082720e+03
5.591683e-02, 3.080430e+03
5.596714e-02, 3.078141e+03
5.601744e-02, 3.075855e+03
5.606772e-02, 3.073572e+03
5.611799e-02, 3.071293e+03
5.616823e-02, 3.069018e+03
5.621846e-02, 3.066746e+03
5.626867e-02, 3.064479e+03
5.631887e-02, 3.062214e+03
5.636908e-02, 3.059951e+03
5.641928e-02, 3.057689e+03
5.646949e-02, 3.055429e+03
5.651968e-02, 3.053172e+03
5.656987e-02, 3.050916e+03
5.662003e-02, 3.048665e+03
5.667018e-02, 3.046417e+03
5.672030e-02, 3.044174e+03
5.677040e-02, 3.041935e+03
5.682048e-02, 3.039702e+03
5.687052e-02, 3.037473e+03
5.692054e-02, 3.035251e+03
5.697053e-02, 3.033033e+03
5.702050e-02, 3.030821e+03
5.707045e-02, 3.028612e+03
5.712039e-02, 3.026407e+03
5.717033e-02, 3.024203e+03
5.722027e-02, 3.022001e+03
5.727020e-02, 3.019801e+03
5.732013e-02, 3.017601e+03
5.737005e-02, 3.015404e+03
5.741996e-02, 3.013210e+03
5.746986e-02, 3.011019e+03
5.751973e-02, 3.008830e+03
5.756961e-02, 3.006645e+03
5.761947e-02, 3.004461e+03
5.766933e-02, 3.002279e+03
5.771919e-02, 3.000099e+03
5.776903e-02, 2.997921e+03
5.781886e-02, 2.995746e+03
5.786868e-02, 2.993573e+03
5.791850e-02, 2.991403e+03
5.796830e-02, 2.989236e+03
5.801808e-02, 2.987072e+03
5.806785e-02, 2.984911e+03
5.811761e-02, 2.982753e+03
5.816735e-02, 2.980599e+03
5.821708e-02, 2.978447e+03
5.826682e-02, 2.976297e+03
5.831655e-02, 2.974148e+03
5.836629e-02, 2.971999e+03
5.841603e-02, 2.969851e+03
5.846577e-02, 2.967704e+03
5.851551e-02, 2.965558e+03
5.856524e-02, 2.963413e+03
5.861496e-02, 2.961271e+03
5.866467e-02, 2.959131e+03
5.871437e-02, 2.956994e+03
5.876407e-02, 2.954859e+03
5.881376e-02, 2.952725e+03
5.886345e-02, 2.950592e+03
5.891313e-02, 2.948462e+03
5.896280e-02, 2.946333e+03
5.901247e-02, 2.944206e+03
5.906214e-02, 2.942080e+03
5.911181e-02, 2.939955e+03
5.916148e-02, 2.937831e+03
5.921116e-02, 2.935707e+03
5.926083e-02, 2.933585e+03
5.931049e-02, 2.931464e+03
5.936014e-02, 2.929346e+03
5.940979e-02, 2.927230e+03
5.945943e-02, 2.925116e+03
5.950906e-02, 2.923003e+03
5.955870e-02, 2.920892e+03
5.960832e-02, 2.918783e+03
5.965794e-02, 2.916676e+03
5.970755e-02, 2.914571e+03
5.975716e-02, 2.912468e+03
5.980676e-02, 2.910367e+03
5.985634e-02, 2.908269e+03
5.990590e-02, 2.906174e+03
5.995545e-02, 2.904082e+03
6.000498e-02, 2.901994e+03
6.005449e-02, 2.899909e+03
6.010399e-02, 2.897829e+03
6.015346e-02, 2.895752e+03
6.020292e-02, 2.893679e+03
6.025235e-02, 2.891610e+03
6.030176e-02, 2.889545e+03
6.035117e-02, 2.887483e+03
6.040056e-02, 2.885424e+03
6.044995e-02, 2.883367e+03
6.049934e-02, 2.881311e+03
6.054872e-02, 2.879256e+03
6.059810e-02, 2.877203e+03
6.064749e-02, 2.875150e+03
6.069687e-02, 2.873098e+03
6.074624e-02, 2.871047e+03
6.079561e-02, 2.868999e+03
6.084497e-02, 2.866953e+03
6.089431e-02, 2.864909e+03
6.094365e-02, 2.862867e+03
6.099298e-02, 2.860827e+03
6.104231e-02, 2.858789e+03
6.109163e-02, 2.856752e+03
6.114094e-02, 2.854718e+03
6.119024e-02, 2.852687e+03
6.123952e-02, 2.850657e+03
6.128880e-02, 2.848630e+03
6.133807e-02, 2.846606e+03
6.138732e-02, 2.844584e+03
6.143657e-02, 2.842565e+03
6.148581e-02, 2.840548e+03
6.153504e-02, 2.838532e+03
6.158426e-02, 2.836519e+03
6.163348e-02, 2.834508e+03
6.168270e-02, 2.832498e+03
6.173192e-02, 2.830489e+03
6.178114e-02, 2.828480e+03
6.183037e-02, 2.826471e+03
6.187960e-02, 2.824462e+03
6.192884e-02, 2.822453e+03
6.197807e-02, 2.820445e+03
6.202730e-02, 2.818439e+03
6.207652e-02, 2.816435e+03
6.212573e-02, 2.814432e+03
6.217494e-02, 2.812430e+03
6.222416e-02, 2.810429e+03
6.227338e-02, 2.808427e+03
6.232260e-02, 2.806426e+03
6.237182e-02, 2.804425e+03
6.242104e-02, 2.802424e+03
6.247027e-02, 2.800423e+03
6.251951e-02, 2.798422e+03
6.256875e-02, 2.796420e+03
6.261801e-02, 2.794417e+03
6.266727e-02, 2.792413e+03
6.271655e-02, 2.790408e+03
6.276582e-02, 2.788403e+03
6.281511e-02, 2.786397e+03
6.286440e-02, 2.784391e+03
6.291370e-02, 2.782385e+03
6.296299e-02, 2.780379e+03
6.301229e-02, 2.778373e+03
6.306159e-02, 2.776368e+03
6.311089e-02, 2.774362e+03
6.316019e-02, 2.772358e+03
6.320950e-02, 2.770354e+03
6.325880e-02, 2.768350e+03
6.330810e-02, 2.766347e+03
6.335741e-02, 2.764343e+03
6.340672e-02, 2.762341e+03
6.345602e-02, 2.760339e+03
6.350533e-02, 2.758337e+03
6.355463e-02, 2.756337e+03
6.360392e-02, 2.754337e+03
6.365321e-02, 2.752339e+03
6.370250e-02, 2.750341e+03
6.375178e-02, 2.748345e+03
6.380106e-02, 2.746349e+03
6.385033e-02, 2.744355e+03
6.389961e-02, 2.742361e+03
6.394889e-02, 2.740367e+03
6.399818e-02, 2.738372e+03
6.404748e-02, 2.736377e+03
6.409679e-02, 2.734380e+03
6.414611e-02, 2.732383e+03
6.419546e-02, 2.730383e+03
6.424482e-02, 2.728381e+03
6.429419e-02, 2.726378e+03
6.434356e-02, 2.724374e+03
6.439294e-02, 2.722370e+03
6.444232e-02, 2.720366e+03
6.449170e-02, 2.718362e+03
6.454108e-02, 2.716358e+03
6.459048e-02, 2.714354e+03
6.463988e-02, 2.712349e+03
6.468928e-02, 2.710344e+03
6.473869e-02, 2.708339e+03
6.478809e-02, 2.706335e+03
6.483751e-02, 2.704331e+03
6.488692e-02, 2.702326e+03
6.493633e-02, 2.700323e+03
6.498575e-02, 2.698320e+03
6.503516e-02, 2.696317e+03
6.508458e-02, 2.694315e+03
6.513399e-02, 2.692314e+03
6.518341e-02, 2.690313e+03
6.523283e-02, 2.688313e+03
6.528225e-02, 2.686313e+03
6.533168e-02, 2.684314e+03
6.538112e-02, 2.682313e+03
6.543057e-02, 2.680312e+03
6.548004e-02, 2.678310e+03
6.552951e-02, 2.676307e+03
6.557899e-02, 2.674303e+03
6.562848e-02, 2.672299e+03
6.567797e-02, 2.670295e+03
6.572746e-02, 2.668292e+03
6.577694e-02, 2.666290e+03
6.582641e-02, 2.664290e+03
6.587589e-02, 2.662290e+03
6.592537e-02, 2.660291e+03
6.597485e-02, 2.658293e+03
6.602433e-02, 2.656295e+03
6.607381e-02, 2.654298e+03
6.612329e-02, 2.652301e+03
6.617276e-02, 2.650306e+03
6.622223e-02, 2.648312e+03
6.627172e-02, 2.646317e+03
6.632121e-02, 2.644322e+03
6.637071e-02, 2.642326e+03
6.642022e-02, 2.640329e+03
6.646973e-02, 2.638333e+03
6.651925e-02, 2.636336e+03
6.656878e-02, 2.634339e+03
6.661831e-02, 2.632342e+03
6.666783e-02, 2.630346e+03
6.671736e-02, 2.628350e+03
6.676688e-02, 2.626356e+03
6.681640e-02, 2.624363e+03
6.686592e-02, 2.622371e+03
6.691543e-02, 2.620380e+03
6.696494e-02, 2.618390e+03
6.701444e-02, 2.616402e+03
6.706395e-02, 2.614415e+03
6.711346e-02, 2.612428e+03
6.716296e-02, 2.610442e+03
6.721246e-02, 2.608458e+03
6.726195e-02, 2.606475e+03
6.731143e-02, 2.604494e+03
6.736090e-02, 2.602516e+03
6.741036e-02, 2.600540e+03
6.745980e-02, 2.598567e+03
6.750923e-02, 2.596597e+03
6.755864e-02, 2.594630e+03
6.760804e-02, 2.592665e+03
6.765743e-02, 2.590702e+03
6.770682e-02, 2.588741e+03
6.775622e-02, 2.586780e+03
6.780562e-02, 2.584819e+03
6.785502e-02, 2.582859e+03
6.790443e-02, 2.580898e+03
6.795385e-02, 2.578938e+03
6.800327e-02, 2.576977e+03
6.805270e-02, 2.575016e+03
6.810213e-02, 2.573056e+03
6.815155e-02, 2.571097e+03
6.820096e-02, 2.569139e+03
6.825037e-02, 2.567183e+03
6.829976e-02, 2.565230e+03
6.834915e-02, 2.563278e+03
6.839854e-02, 2.561327e+03
6.844793e-02, 2.559377e+03
6.849732e-02, 2.557429e+03
6.854670e-02, 2.555481e+03
6.859609e-02, 2.553535e+03
6.864547e-02, 2.551590e+03
6.869484e-02, 2.549646e+03
6.874421e-02, 2.547703e+03
6.879358e-02, 2.545762e+03
6.884294e-02, 2.543823e+03
6.889229e-02, 2.541886e+03
6.894164e-02, 2.539951e+03
6.899097e-02, 2.538018e+03
6.904030e-02, 2.536088e+03
6.908962e-02, 2.534159e+03
6.913894e-02, 2.532232e+03
6.918825e-02, 2.530306e+03
6.923756e-02, 2.528382e+03
6.928687e-02, 2.526459e+03
6.933619e-02, 2.524536e+03
6.938551e-02, 2.522614e+03
6.943484e-02, 2.520692e+03
6.948417e-02, 2.518770e+03
6.953350e-02, 2.516849e+03
6.958282e-02, 2.514929e+03
6.963214e-02, 2.513012e+03
6.968144e-02, 2.511096e+03
6.973074e-02, 2.509183e+03
6.978003e-02, 2.507271e+03
6.982932e-02, 2.505361e+03
6.987860e-02, 2.503452e+03
6.992787e-02, 2.501546e+03
6.997712e-02, 2.499642e+03
7.002637e-02, 2.497741e+03
7.007560e-02, 2.495842e+03
7.012481e-02, 2.493946e+03
7.017401e-02, 2.492054e+03
7.022321e-02, 2.490163e+03
7.027241e-02, 2.488273e+03
7.032162e-02, 2.486383e+03
7.037084e-02, 2.484494e+03
7.042005e-02, 2.482605e+03
7.046926e-02, 2.480717e+03
7.051847e-02, 2.478830e+03
7.056767e-02, 2.476945e+03
7.061687e-02, 2.475061e+03
7.066606e-02, 2.473179e+03
7.071524e-02, 2.471299e+03
7.076442e-02, 2.469421e+03
7.081359e-02, 2.467545e+03
7.086275e-02, 2.465670e+03
7.091190e-02, 2.463798e+03
7.096104e-02, 2.461928e+03
7.101017e-02, 2.460061e+03
7.105929e-02, 2.458195e+03
7.110841e-02, 2.456331e+03
7.115753e-02, 2.454469e+03
7.120664e-02, 2.452608e+03
7.125574e-02, 2.450749e+03
7.130483e-02, 2.448892e+03
7.135390e-02, 2.447039e+03
7.140296e-02, 2.445188e+03
7.145200e-02, 2.443340e+03
7.150103e-02, 2.441495e+03
7.155005e-02, 2.439652e+03
7.159907e-02, 2.437811e+03
7.164808e-02, 2.435972e+03
7.169708e-02, 2.434134e+03
7.174607e-02, 2.432298e+03
7.179507e-02, 2.430462e+03
7.184408e-02, 2.428627e+03
7.189309e-02, 2.426792e+03
7.194209e-02, 2.424957e+03
7.199110e-02, 2.423124e+03
7.204009e-02, 2.421292e+03
7.208908e-02, 2.419462e+03
7.213806e-02, 2.417633e+03
7.218704e-02, 2.415807e+03
7.223601e-02, 2.413982e+03
7.228497e-02, 2.412159e+03
7.233392e-02, 2.410339e+03
7.238285e-02, 2.408521e+03
7.243177e-02, 2.406706e+03
7.248068e-02, 2.404894e+03
7.252957e-02, 2.403085e+03
7.257845e-02, 2.401278e+03
7.262731e-02, 2.399475e+03
7.267616e-02, 2.397673e+03
7.272501e-02, 2.395874e+03
7.277384e-02, 2.394078e+03
7.282268e-02, 2.392283e+03
7.287152e-02, 2.390489e+03
7.292036e-02, 2.388695e+03
7.296919e-02, 2.386903e+03
7.301802e-02, 2.385112e+03
7.306684e-02, 2.383323e+03
7.311566e-02, 2.381536e+03
7.316446e-02, 2.379752e+03
7.321325e-02, 2.377970e+03
7.326203e-02, 2.376190e+03
7.331080e-02, 2.374413e+03
7.335957e-02, 2.372636e+03
7.340834e-02, 2.370861e+03
7.345710e-02, 2.369088e+03
7.350586e-02, 2.367316e+03
7.355461e-02, 2.365546e+03
7.360335e-02, 2.363778e+03
7.365208e-02, 2.362012e+03
7.370081e-02, 2.360249e+03
7.374953e-02, 2.358486e+03
7.379825e-02, 2.356726e+03
7.384697e-02, 2.354966e+03
7.389569e-02, 2.353208e+03
7.394440e-02, 2.351451e+03
7.399311e-02, 2.349695e+03
7.404183e-02, 2.347940e+03
7.409055e-02, 2.346186e+03
7.413926e-02, 2.344432e+03
7.418798e-02, 2.342679e+03
7.423668e-02, 2.340928e+03
7.428537e-02, 2.339179e+03
7.433406e-02, 2.337432e+03
7.438272e-02, 2.335688e+03
7.443137e-02, 2.333947e+03
7.448001e-02, 2.332208e+03
7.452864e-02, 2.330473e+03
7.457725e-02, 2.328740e+03
7.462584e-02, 2.327010e+03
7.467442e-02, 2.325283e+03
7.472299e-02, 2.323558e+03
7.477155e-02, 2.321836e+03
7.482009e-02, 2.320117e+03
7.486861e-02, 2.318401e+03
7.491712e-02, 2.316688e+03
7.496562e-02, 2.314977e+03
7.501411e-02, 2.313269e+03
7.506260e-02, 2.311562e+03
7.511109e-02, 2.309856e+03
7.515958e-02, 2.308151e+03
7.520808e-02, 2.306447e+03
7.525657e-02, 2.304743e+03
7.530506e-02, 2.303041e+03
7.535354e-02, 2.301340e+03
7.540201e-02, 2.299640e+03
7.545048e-02, 2.297943e+03
7.549893e-02, 2.296248e+03
7.554737e-02, 2.294555e+03
7.559582e-02, 2.292863e+03
7.564427e-02, 2.291172e+03
7.569272e-02, 2.289481e+03
7.574117e-02, 2.287791e+03
7.578961e-02, 2.286102e+03
7.583805e-02, 2.284415e+03
7.588648e-02, 2.282728e+03
7.593491e-02, 2.281043e+03
7.598334e-02, 2.279360e+03
7.603175e-02, 2.277678e+03
7.608016e-02, 2.275998e+03
7.612855e-02, 2.274321e+03
7.617692e-02, 2.272646e+03
7.622528e-02, 2.270974e+03
7.627363e-02, 2.269305e+03
7.632196e-02, 2.267639e+03
7.637028e-02, 2.265975e+03
7.641859e-02, 2.264313e+03
7.646690e-02, 2.262652e+03
7.651520e-02, 2.260993e+03
7.656349e-02, 2.259336e+03
7.661177e-02, 2.257682e+03
7.666004e-02, 2.256029e+03
7.670830e-02, 2.254379e+03
7.675655e-02, 2.252731e+03
7.680478e-02, 2.251085e+03
7.685302e-02, 2.249442e+03
7.690124e-02, 2.247800e+03
7.694945e-02, 2.246160e+03
7.699765e-02, 2.244523e+03
7.704584e-02, 2.242887e+03
7.709402e-02, 2.241255e+03
7.714219e-02, 2.239624e+03
7.719035e-02, 2.237995e+03
7.723852e-02, 2.236367e+03
7.728668e-02, 2.234741e+03
7.733483e-02, 2.233117e+03
7.738297e-02, 2.231494e+03
7.743111e-02, 2.229874e+03
7.747923e-02, 2.228255e+03
7.752734e-02, 2.226639e+03
7.757545e-02, 2.225024e+03
7.762356e-02, 2.223410e+03
7.767167e-02, 2.221796e+03
7.771979e-02, 2.220182e+03
7.776791e-02, 2.218567e+03
7.781604e-02, 2.216953e+03
7.786416e-02, 2.215339e+03
7.791229e-02, 2.213725e+03
7.796042e-02, 2.212112e+03
7.800855e-02, 2.210498e+03
7.805669e-02, 2.208885e+03
7.810483e-02, 2.207271e+03
7.815298e-02, 2.205658e+03
7.820114e-02, 2.204044e+03
7.824930e-02, 2.202430e+03
7.829746e-02, 2.200816e+03
7.834563e-02, 2.199203e+03
7.839381e-02, 2.197588e+03
7.844200e-02, 2.195973e+03
7.849021e-02, 2.194357e+03
7.853842e-02, 2.192740e+03
7.858664e-02, 2.191123e+03
7.863487e-02, 2.189505e+03
7.868310e-02, 2.187887e+03
7.873135e-02, 2.186268e+03
7.877961e-02, 2.184648e+03
7.882787e-02, 2.183027e+03
7.887614e-02, 2.181406e+03
7.892442e-02, 2.179785e+03
7.897269e-02, 2.178164e+03
7.902096e-02, 2.176543e+03
7.906923e-02, 2.174923e+03
7.911750e-02, 2.173305e+03
7.916576e-02, 2.171687e+03
7.921402e-02, 2.170070e+03
7.926227e-02, 2.168455e+03
7.931051e-02, 2.166842e+03
7.935874e-02, 2.165230e+03
7.940696e-02, 2.163620e+03
7.945517e-02, 2.162012e+03
7.950337e-02, 2.160406e+03
7.955156e-02, 2.158802e+03
7.959974e-02, 2.157199e+03
7.964792e-02, 2.155598e+03
7.969609e-02, 2.153998e+03
7.974426e-02, 2.152400e+03
7.979241e-02, 2.150804e+03
7.984055e-02, 2.149209e+03
7.988869e-02, 2.147617e+03
7.993682e-02, 2.146026e+03
7.998494e-02, 2.144435e+03
8.003307e-02, 2.142847e+03
8.008118e-02, 2.141259e+03
8.012929e-02, 2.139673e+03
8.017740e-02, 2.138088e+03
8.022549e-02, 2.136506e+03
8.027358e-02, 2.134924e+03
8.032165e-02, 2.133345e+03
8.036973e-02, 2.131767e+03
8.041781e-02, 2.130189e+03
8.046592e-02, 2.128610e+03
8.051404e-02, 2.127029e+03
8.056217e-02, 2.125447e+03
8.061031e-02, 2.123864e+03
8.065846e-02, 2.122281e+03
8.070661e-02, 2.120698e+03
8.075476e-02, 2.119115e+03
8.080290e-02, 2.117533e+03
8.085105e-02, 2.115952e+03
8.089919e-02, 2.114371e+03
8.094734e-02, 2.112790e+03
8.099549e-02, 2.111210e+03
8.104364e-02, 2.109630e+03
8.109178e-02, 2.108051e+03
8.113992e-02, 2.106474e+03
8.118804e-02, 2.104897e+03
8.123617e-02, 2.103322e+03
8.128428e-02, 2.101749e+03
8.133239e-02, 2.100177e+03
8.138050e-02, 2.098606e+03
8.142861e-02, 2.097035e+03
8.147672e-02, 2.095466e+03
8.152482e-02, 2.093897e+03
8.157293e-02, 2.092328e+03
8.162104e-02, 2.090760e+03
8.166915e-02, 2.089192e+03
8.171726e-02, 2.087625e+03
8.176538e-02, 2.086058e+03
8.181349e-02, 2.084492e+03
8.186160e-02, 2.082926e+03
8.190971e-02, 2.081361e+03
8.195783e-02, 2.079797e+03
8.200594e-02, 2.078234e+03
8.205404e-02, 2.076672e+03
8.210214e-02, 2.075111e+03
8.215024e-02, 2.073551e+03
8.219834e-02, 2.071993e+03
8.224644e-02, 2.070435e+03
8.229454e-02, 2.068877e+03
8.234264e-02, 2.067320e+03
8.239074e-02, 2.065764e+03
8.243884e-02, 2.064209e+03
8.248693e-02, 2.062656e+03
8.253501e-02, 2.061104e+03
8.258309e-02, 2.059553e+03
8.263116e-02, 2.058004e+03
8.267922e-02, 2.056457e+03
8.272726e-02, 2.054912e+03
8.277530e-02, 2.053368e+03
8.282333e-02, 2.051826e+03
8.287135e-02, 2.050287e+03
8.291936e-02, 2.048749e+03
8.296736e-02, 2.047213e+03
8.301535e-02, 2.045679e+03
8.306333e-02, 2.044148e+03
8.311130e-02, 2.042618e+03
8.315926e-02, 2.041089e+03
8.320724e-02, 2.039561e+03
8.325524e-02, 2.038031e+03
8.330327e-02, 2.036499e+03
8.335132e-02, 2.034964e+03
8.339940e-02, 2.033426e+03
8.344750e-02, 2.031886e+03
8.349561e-02, 2.030345e+03
8.354373e-02, 2.028803e+03
8.359186e-02, 2.027260e+03
8.363999e-02, 2.025717e+03
8.368811e-02, 2.024175e+03
8.373623e-02, 2.022634e+03
8.378435e-02, 2.021093e+03
8.383247e-02, 2.019554e+03
8.388057e-02, 2.018016e+03
8.392867e-02, 2.016480e+03
8.397676e-02, 2.014945e+03
8.402484e-02, 2.013412e+03
8.407292e-02, 2.011881e+03
8.412099e-02, 2.010350e+03
8.416907e-02, 2.008821e+03
8.421713e-02, 2.007292e+03
8.426519e-02, 2.005766e+03
8.431325e-02, 2.004240e+03
8.436131e-02, 2.002715e+03
8.440938e-02, 2.001190e+03
8.445744e-02, 1.999666e+03
8.450550e-02, 1.998143e+03
8.455356e-02, 1.996621e+03
8.460161e-02, 1.995100e+03
8.464965e-02, 1.993580e+03
8.469768e-02, 1.992062e+03
8.474571e-02, 1.990545e+03
8.479373e-02, 1.989031e+03
8.484173e-02, 1.987518e+03
8.488973e-02, 1.986006e+03
8.493772e-02, 1.984497e+03
8.498570e-02, 1.982989e+03
8.503368e-02, 1.981483e+03
8.508164e-02, 1.979978e+03
8.512960e-02, 1.978476e+03
8.517754e-02, 1.976975e+03
8.522548e-02, 1.975476e+03
8.527341e-02, 1.973979e+03
8.532133e-02, 1.972484e+03
8.536925e-02, 1.970990e+03
8.541716e-02, 1.969497e+03
8.546506e-02, 1.968006e+03
8.551296e-02, 1.966517e+03
8.556084e-02, 1.965029e+03
8.560872e-02, 1.963543e+03
8.565658e-02, 1.962059e+03
8.570444e-02, 1.960578e+03
8.575228e-02, 1.959098e+03
8.580012e-02, 1.957619e+03
8.584795e-02, 1.956143e+03
8.589578e-02, 1.954667e+03
8.594361e-02, 1.953192e+03
8.599145e-02, 1.951718e+03
8.603929e-02, 1.950243e+03
8.608715e-02, 1.948768e+03
8.613501e-02, 1.947292e+03
8.618289e-02, 1.945816e+03
8.623076e-02, 1.944340e+03
8.627864e-02, 1.942863e+03
8.632652e-02, 1.941387e+03
8.637440e-02, 1.939912e+03
8.642227e-02, 1.938438e+03
8.647014e-02, 1.936965e+03
8.651802e-02, 1.935492e+03
8.656589e-02, 1.934019e+03
8.661377e-02, 1.932547e+03
8.666164e-02, 1.931075e+03
8.670951e-02, 1.929604e+03
8.675738e-02, 1.928134e+03
8.680523e-02, 1.926666e+03
8.685308e-02, 1.925199e+03
8.690093e-02, 1.923733e+03
8.694876e-02, 1.922269e+03
8.699658e-02, 1.920807e+03
8.704439e-02, 1.919347e+03
8.709220e-02, 1.917889e+03
8.714001e-02, 1.916431e+03
8.718782e-02, 1.914974e+03
8.723565e-02, 1.913516e+03
8.728347e-02, 1.912059e+03
8.733130e-02, 1.910601e+03
8.737914e-02, 1.909144e+03
8.742697e-02, 1.907688e+03
8.747480e-02, 1.906233e+03
8.752263e-02, 1.904778e+03
8.757045e-02, 1.903325e+03
8.761827e-02, 1.901873e+03
8.766609e-02, 1.900421e+03
8.771390e-02, 1.898972e+03
8.776170e-02, 1.897523e+03
8.780950e-02, 1.896076e+03
8.785731e-02, 1.894630e+03
8.790511e-02, 1.893185e+03
8.795291e-02, 1.891740e+03
8.800071e-02, 1.890296e+03
8.804851e-02, 1.888854e+03
8.809629e-02, 1.887413e+03
8.814407e-02, 1.885974e+03
8.819185e-02, 1.884537e+03
8.823961e-02, 1.883101e+03
8.828736e-02, 1.881667e+03
8.833510e-02, 1.880235e+03
8.838283e-02, 1.878805e+03
8.843055e-02, 1.877377e+03
8.847825e-02, 1.875951e+03
8.852595e-02, 1.874528e+03
8.857363e-02, 1.873106e+03
8.862130e-02, 1.871687e+03
8.866895e-02, 1.870270e+03
8.871660e-02, 1.868854e+03
8.876424e-02, 1.867441e+03
8.881186e-02, 1.866030e+03
8.885948e-02, 1.864621e+03
8.890710e-02, 1.863213e+03
8.895470e-02, 1.861806e+03
8.900230e-02, 1.860402e+03
8.904989e-02, 1.858999e+03
8.909747e-02, 1.857597e+03
8.914505e-02, 1.856197e+03
8.919264e-02, 1.854798e+03
8.924025e-02, 1.853397e+03
8.928788e-02, 1.851995e+03
8.933554e-02, 1.850590e+03
8.938321e-02, 1.849183e+03
8.943089e-02, 1.847776e+03
8.947858e-02, 1.846367e+03
8.952628e-02, 1.844958e+03
8.957400e-02, 1.843547e+03
8.962174e-02, 1.842135e+03
8.966948e-02, 1.840723e+03
8.971723e-02, 1.839309e+03
8.976498e-02, 1.837896e+03
8.981273e-02, 1.836484e+03
8.986048e-02, 1.835072e+03
8.990822e-02, 1.833661e+03
8.995595e-02, 1.832251e+03
9.000368e-02, 1.830843e+03
9.005139e-02, 1.829436e+03
9.009910e-02, 1.828031e+03
9.014680e-02, 1.826628e+03
9.019448e-02, 1.825227e+03
9.024216e-02, 1.823827e+03
9.028983e-02, 1.822429e+03
9.033749e-02, 1.821033e+03
9.038514e-02, 1.819639e+03
9.043278e-02, 1.818247e+03
9.048041e-02, 1.816856e+03
9.052803e-02, 1.815468e+03
9.057564e-02, 1.814081e+03
9.062324e-02, 1.812696e+03
9.067084e-02, 1.811313e+03
9.071844e-02, 1.809930e+03
9.076603e-02, 1.808549e+03
9.081362e-02, 1.807168e+03
9.086121e-02, 1.805788e+03
9.090879e-02, 1.804409e+03
9.095637e-02, 1.803032e+03
9.100395e-02, 1.801656e+03
9.105151e-02, 1.800281e+03
9.109907e-02, 1.798908e+03
9.114661e-02, 1.797537e+03
9.119416e-02, 1.796167e+03
9.124170e-02, 1.794798e+03
9.128923e-02, 1.793431e+03
9.133676e-02, 1.792065e+03
9.138428e-02, 1.790700e+03
9.143179e-02, 1.789337e+03
9.147930e-02, 1.787976e+03
9.152679e-02, 1.786616e+03
9.157427e-02, 1.785259e+03
9.162175e-02, 1.783903e+03
9.166921e-02, 1.782549e+03
9.171666e-02, 1.781197e+03
9.176410e-02, 1.779847e+03
9.181155e-02, 1.778498e+03
9.185898e-02, 1.777150e+03
9.190640e-02, 1.775804e+03
9.195382e-02, 1.774460e+03
9.200123e-02, 1.773117e+03
9.204862e-02, 1.771777e+03
9.209601e-02, 1.770438e+03
9.214338e-02, 1.769102e+03
9.219074e-02, 1.767767e+03
9.223809e-02, 1.766434e+03
9.228543e-02, 1.765104e+03
9.233276e-02, 1.763775e+03
9.238008e-02, 1.762448e+03
9.242739e-02, 1.761122e+03
9.247469e-02, 1.759799e+03
9.252198e-02, 1.758478e+03
9.256926e-02, 1.757158e+03
9.261653e-02, 1.755841e+03
9.266378e-02, 1.754526e+03
9.271102e-02, 1.753213e+03
9.275826e-02, 1.751901e+03
9.280548e-02, 1.750592e+03
9.285270e-02, 1.749284e+03
9.289993e-02, 1.747976e+03
9.294716e-02, 1.746669e+03
9.299440e-02, 1.745361e+03
9.304164e-02, 1.744054e+03
9.308889e-02, 1.742746e+03
9.313614e-02, 1.741438e+03
9.318341e-02, 1.740130e+03
9.323067e-02, 1.738822e+03
9.327794e-02, 1.737514e+03
9.332520e-02, 1.736207e+03
9.337246e-02, 1.734901e+03
9.341972e-02, 1.733596e+03
9.346699e-02, 1.732291e+03
9.351427e-02, 1.730985e+03
9.356156e-02, 1.729679e+03
9.360885e-02, 1.728373e+03
9.365615e-02, 1.727067e+03
9.370344e-02, 1.725761e+03
9.375074e-02, 1.724456e+03
9.379804e-02, 1.723151e+03
9.384533e-02, 1.721848e+03
9.389262e-02, 1.720545e+03
9.393992e-02, 1.719243e+03
9.398721e-02, 1.717942e+03
9.403450e-02, 1.716641e+03
9.408178e-02, 1.715342e+03
9.412906e-02, 1.714044e+03
9.417634e-02, 1.712747e+03
9.422361e-02, 1.711452e+03
9.427088e-02, 1.710158e+03
9.431815e-02, 1.708864e+03
9.436542e-02, 1.707572e+03
9.441268e-02, 1.706281e+03
9.445994e-02, 1.704990e+03
9.450720e-02, 1.703701e+03
9.455444e-02, 1.702414e+03
9.460168e-02, 1.701128e+03
9.464891e-02, 1.699843e+03
9.469615e-02, 1.698560e+03
9.474338e-02, 1.697277e+03
9.479061e-02, 1.695994e+03
9.483784e-02, 1.694713e+03
9.488506e-02, 1.693432e+03
9.493228e-02, 1.692153e+03
9.497949e-02, 1.690875e+03
9.502670e-02, 1.689598e+03
9.507391e-02, 1.688322e+03
9.512112e-02, 1.687046e+03
9.516832e-02, 1.685773e+03
9.521552e-02, 1.684499e+03
9.526272e-02, 1.683227e+03
9.530991e-02, 1.681956e+03
9.535711e-02, 1.680686e+03
9.540430e-02, 1.679416e+03
9.545149e-02, 1.678147e+03
9.549867e-02, 1.676879e+03
9.554585e-02, 1.675613e+03
9.559302e-02, 1.674348e+03
9.564018e-02, 1.673085e+03
9.568734e-02, 1.671823e+03
9.573448e-02, 1.670563e+03
9.578162e-02, 1.669304e+03
9.582874e-02, 1.668047e+03
9.587586e-02, 1.666792e+03
9.592297e-02, 1.665539e+03
9.597006e-02, 1.664287e+03
9.601714e-02, 1.663038e+03
9.606421e-02, 1.661790e+03
9.611127e-02, 1.660545e+03
9.615833e-02, 1.659300e+03
9.620539e-02, 1.658057e+03
9.625246e-02, 1.656814e+03
9.629952e-02, 1.655571e+03
9.634659e-02, 1.654327e+03
9.639367e-02, 1.653084e+03
9.644075e-02, 1.651841e+03
9.648783e-02, 1.650598e+03
9.653491e-02, 1.649356e+03
9.658199e-02, 1.648114e+03
9.662908e-02, 1.646871e+03
9.667618e-02, 1.645629e+03
9.672327e-02, 1.644387e+03
9.677036e-02, 1.643145e+03
9.681745e-02, 1.641904e+03
9.686453e-02, 1.640664e+03
9.691161e-02, 1.639426e+03
9.695868e-02, 1.638188e+03
9.700574e-02, 1.636952e+03
9.705279e-02, 1.635718e+03
9.709984e-02, 1.634485e+03
9.714687e-02, 1.633254e+03
9.719389e-02, 1.632024e+03
9.724091e-02, 1.630796e+03
9.728791e-02, 1.629570e+03
9.733490e-02, 1.628346e+03
9.738189e-02, 1.627123e+03
9.742886e-02, 1.625902e+03
9.747583e-02, 1.624683e+03
9.752279e-02, 1.623465e+03
9.756974e-02, 1.622249e+03
9.761668e-02, 1.621034e+03
9.766362e-02, 1.619821e+03
9.771055e-02, 1.618610e+03
9.775747e-02, 1.617400e+03
9.780437e-02, 1.616192e+03
9.785128e-02, 1.614985e+03
9.789818e-02, 1.613779e+03
9.794508e-02, 1.612575e+03
9.799197e-02, 1.611372e+03
9.803887e-02, 1.610169e+03
9.808575e-02, 1.608968e+03
9.813263e-02, 1.607768e+03
9.817950e-02, 1.606570e+03
9.822637e-02, 1.605373e+03
9.827322e-02, 1.604178e+03
9.832007e-02, 1.602984e+03
9.836690e-02, 1.601792e+03
9.841373e-02, 1.600602e+03
9.846054e-02, 1.599414e+03
9.850734e-02, 1.598227e+03
9.855414e-02, 1.597042e+03
9.860092e-02, 1.595859e+03
9.864769e-02, 1.594677e+03
9.869445e-02, 1.593498e+03
9.874120e-02, 1.592320e+03
9.878794e-02, 1.591144e+03
9.883467e-02, 1.589970e+03
9.888139e-02, 1.588798e+03
9.892809e-02, 1.587628e+03
9.897479e-02, 1.586459e+03
9.902147e-02, 1.585292e+03
9.906815e-02, 1.584127e+03
9.911481e-02, 1.582964e+03
9.916146e-02, 1.581802e+03
9.920811e-02, 1.580643e+03
9.925476e-02, 1.579484e+03
9.930141e-02, 1.578325e+03
9.934806e-02, 1.577167e+03
9.939470e-02, 1.576011e+03
9.944134e-02, 1.574855e+03
9.948797e-02, 1.573700e+03
9.953460e-02, 1.572547e+03
9.958122e-02, 1.571394e+03
9.962783e-02, 1.570243e+03
9.967444e-02, 1.569094e+03
9.972104e-02, 1.567946e+03
9.976763e-02, 1.566799e+03
9.981421e-02, 1.565654e+03
9.986079e-02, 1.564510e+03
9.990735e-02, 1.563369e+03
9.995390e-02, 1.562228e+03
1.000005e-01, 1.561090e+03
1.000470e-01, 1.559952e+03
1.000935e-01, 1.558815e+03
1.001401e-01, 1.557680e+03
1.001866e-01, 1.556546e+03
1.002331e-01, 1.555413e+03
1.002796e-01, 1.554282e+03
1.003261e-01, 1.553152e+03
1.003726e-01, 1.552023e+03
1.004191e-01, 1.550895e+03
1.004656e-01, 1.549769e+03
1.005121e-01, 1.548643e+03
1.005586e-01, 1.547517e+03
1.006052e-01, 1.546392e+03
1.006517e-01, 1.545266e+03
1.006982e-01, 1.544141e+03
1.007447e-01, 1.543017e+03
1.007912e-01, 1.541894e+03
1.008377e-01, 1.540771e+03
1.008842e-01, 1.539647e+03
1.009308e-01, 1.538524e+03
1.009773e-01, 1.537401e+03
1.010238e-01, 1.536278e+03
1.010704e-01, 1.535156e+03
1.011169e-01, 1.534034e+03
1.011634e-01, 1.532913e+03
1.012100e-01, 1.531792e+03
1.012565e-01, 1.530672e+03
1.013031e-01, 1.529552e+03
1.013496e-01, 1.528431e+03
1.013962e-01, 1.527311e+03
1.014427e-01, 1.526190e+03
1.014893e-01, 1.525069e+03
1.015359e-01, 1.523948e+03
1.015825e-01, 1.522826e+03
1.016291e-01, 1.521703e+03
1.016758e-01, 1.520579e+03
1.017224e-01, 1.519456e+03
1.017690e-01, 1.518333e+03
1.018156e-01, 1.517211e+03
1.018622e-01, 1.516090e+03
1.019089e-01, 1.514970e+03
1.019555e-01, 1.513851e+03
1.020021e-01, 1.512733e+03
1.020487e-01, 1.511616e+03
1.020952e-01, 1.510501e+03
1.021418e-01, 1.509387e+03
1.021884e-01, 1.508274e+03
1.022350e-01, 1.507162e+03
1.022815e-01, 1.506051e+03
1.023281e-01, 1.504942e+03
1.023747e-01, 1.503833e+03
1.024212e-01, 1.502726e+03
1.024678e-01, 1.501620e+03
1.025143e-01, 1.500515e+03
1.025608e-01, 1.499411e+03
1.026074e-01, 1.498308e+03
1.026539e-01, 1.497207e+03
1.027004e-01, 1.496107e+03
1.027469e-01, 1.495009e+03
1.027934e-01, 1.493912e+03
1.028399e-01, 1.492817e+03
1.028864e-01, 1.491723e+03
1.029328e-01, 1.490631e+03
1.029793e-01, 1.489541e+03
1.030257e-01, 1.488452e+03
1.030722e-01, 1.487365e+03
1.031186e-01, 1.486279e+03
1.031650e-01, 1.485196e+03
1.032114e-01, 1.484113e+03
1.032578e-01, 1.483033e+03
1.033042e-01, 1.481953e+03
1.033506e-01, 1.480873e+03
1.033970e-01, 1.479794e+03
1.034434e-01, 1.478716e+03
1.034898e-01, 1.477638e+03
1.035362e-01, 1.476562e+03
1.035826e-01, 1.475487e+03
1.036290e-01, 1.474413e+03
1.036754e-01, 1.473341e+03
1.037217e-01, 1.472269e+03
1.037681e-01, 1.471200e+03
1.038144e-01, 1.470132e+03
1.038608e-01, 1.469065e+03
1.039071e-01, 1.467999e+03
1.039534e-01, 1.466934e+03
1.039998e-01, 1.465870e+03
1.040461e-01, 1.464805e+03
1.040924e-01, 1.463742e+03
1.041388e-01, 1.462679e+03
1.041851e-01, 1.461618e+03
1.042314e-01, 1.460557e+03
1.042777e-01, 1.459498e+03
1.043240e-01, 1.458440e+03
1.043703e-01, 1.457383e+03
1.044166e-01, 1.456326e+03
1.044629e-01, 1.455269e+03
1.045092e-01, 1.454214e+03
1.045555e-01, 1.453159e+03
1.046018e-01, 1.452105e+03
1.046480e-01, 1.451053e+03
1.046943e-01, 1.450001e+03
1.047406e-01, 1.448950e+03
1.047868e-01, 1.447900e+03
1.048331e-01, 1.446851e+03
1.048794e-01, 1.445804e+03
1.049256e-01, 1.444757e+03
1.049718e-01, 1.443712e+03
1.050181e-01, 1.442668e+03
1.050643e-01, 1.441626e+03
1.051105e-01, 1.440585e+03
1.051567e-01, 1.439546e+03
1.052029e-01, 1.438508e+03
1.052491e-01, 1.437472e+03
1.052952e-01, 1.436437e+03
1.053414e-01, 1.435403e+03
1.053876e-01, 1.434370e+03
1.054337e-01, 1.433339e+03
1.054799e-01, 1.432309e+03
1.055260e-01, 1.431281e+03
1.055722e-01, 1.430253e+03
1.056183e-01, 1.429225e+03
1.056645e-01, 1.428200e+03
1.057106e-01, 1.427175e+03
1.057567e-01, 1.426151e+03
1.058029e-01, 1.425129e+03
1.058490e-01, 1.424108e+03
1.058951e-01, 1.423088e+03
1.059412e-01, 1.422069e+03
1.059873e-01, 1.421051e+03
1.060334e-01, 1.420035e+03
1.060795e-01, 1.419021e+03
1.061255e-01, 1.418007e+03
1.061716e-01, 1.416996e+03
1.062177e-01, 1.415985e+03
1.062637e-01, 1.414976e+03
1.063098e-01, 1.413969e+03
1.063558e-01, 1.412963e+03
1.064018e-01, 1.411959e+03
1.064478e-01, 1.410956e+03
1.064938e-01, 1.409955e+03
1.065398e-01, 1.408955e+03
1.065858e-01, 1.407957e+03
1.066318e-01, 1.406960e+03
1.066777e-01, 1.405965e+03
1.067237e-01, 1.404971e+03
1.067696e-01, 1.403979e+03
1.068155e-01, 1.402988e+03
1.068615e-01, 1.401999e+03
1.069074e-01, 1.401011e+03
1.069533e-01, 1.400025e+03
1.069992e-01, 1.399040e+03
1.070451e-01, 1.398057e+03
1.070910e-01, 1.397075e+03
1.071368e-01, 1.396094e+03
1.071827e-01, 1.395114e+03
1.072286e-01, 1.394134e+03
1.072745e-01, 1.393154e+03
1.073204e-01, 1.392175e+03
1.073663e-01, 1.391196e+03
1.074122e-01, 1.390217e+03
1.074580e-01, 1.389239e+03
1.075039e-01, 1.388262e+03
1.075498e-01, 1.387285e+03
1.075957e-01, 1.386309e+03
1.076416e-01, 1.385335e+03
1.076874e-01, 1.384361e+03
1.077333e-01, 1.383389e+03
1.077791e-01, 1.382418e+03
1.078250e-01, 1.381448e+03
1.078708e-01, 1.380480e+03
1.079166e-01, 1.379513e+03
1.079625e-01, 1.378547e+03
1.080083e-01, 1.377582e+03
1.080541e-01, 1.376619e+03
1.080999e-01, 1.375657e+03
1.081457e-01, 1.374696e+03
1.081914e-01, 1.373737e+03
1.082372e-01, 1.372779e+03
1.082830e-01, 1.371822e+03
1.083287e-01, 1.370867e+03
1.083745e-01, 1.369913e+03
1.084203e-01, 1.368960e+03
1.084660e-01, 1.368008e+03
1.085117e-01, 1.367057e+03
1.085575e-01, 1.366108e+03
1.086032e-01, 1.365160e+03
1.086489e-01, 1.364213e+03
1.086946e-01, 1.363266e+03
1.087404e-01, 1.362320e+03
1.087861e-01, 1.361375e+03
1.088318e-01, 1.360430e+03
1.088775e-01, 1.359486e+03
1.089232e-01, 1.358543e+03
1.089690e-01, 1.357600e+03
1.090147e-01, 1.356659e+03
1.090604e-01, 1.355718e+03
1.091061e-01, 1.354779e+03
1.091518e-01, 1.353839e+03
1.091975e-01, 1.352899e+03
1.092433e-01, 1.351959e+03
1.092890e-01, 1.351017e+03
1.093348e-01, 1.350075e+03
1.093805e-01, 1.349133e+03
1.094263e-01, 1.348191e+03
1.094721e-01, 1.347249e+03
1.095179e-01, 1.346308e+03
1.095636e-01, 1.345367e+03
1.096094e-01, 1.344425e+03
1.096552e-01, 1.343484e+03
1.097010e-01, 1.342543e+03
1.097468e-01, 1.341602e+03
1.097926e-01, 1.340660e+03
1.098385e-01, 1.339718e+03
1.098843e-01, 1.338777e+03
1.099301e-01, 1.337835e+03
1.099759e-01, 1.336894e+03
1.100218e-01, 1.335953e+03
1.100676e-01, 1.335012e+03
1.101135e-01, 1.334071e+03
1.101593e-01, 1.333130e+03
1.102051e-01, 1.332191e+03
1.102510e-01, 1.331252e+03
1.102968e-01, 1.330314e+03
1.103426e-01, 1.329377e+03
1.103884e-01, 1.328441e+03
1.104343e-01, 1.327506e+03
1.104801e-01, 1.326572e+03
1.105259e-01, 1.325639e+03
1.105717e-01, 1.324707e+03
1.106175e-01, 1.323775e+03
1.106633e-01, 1.322845e+03
1.107091e-01, 1.321916e+03
1.107549e-01, 1.320989e+03
1.108006e-01, 1.320062e+03
1.108464e-01, 1.319137e+03
1.108921e-01, 1.318213e+03
1.109379e-01, 1.317290e+03
1.109836e-01, 1.316369e+03
1.110294e-01, 1.315449e+03
1.110751e-01, 1.314531e+03
1.111208e-01, 1.313613e+03
1.111665e-01, 1.312698e+03
1.112122e-01, 1.311783e+03
1.112579e-01, 1.310870e+03
1.113035e-01, 1.309958e+03
1.113492e-01, 1.309048e+03
1.113949e-01, 1.308139e+03
1.114405e-01, 1.307231e+03
1.114862e-01, 1.306324e+03
1.115318e-01, 1.305419e+03
1.115774e-01, 1.304514e+03
1.116231e-01, 1.303609e+03
1.116687e-01, 1.302705e+03
1.117144e-01, 1.301800e+03
1.117600e-01, 1.300896e+03
1.118057e-01, 1.299992e+03
1.118514e-01, 1.299087e+03
1.118970e-01, 1.298183e+03
1.119427e-01, 1.297279e+03
1.119883e-01, 1.296375e+03
1.120340e-01, 1.295473e+03
1.120796e-01, 1.294571e+03
1.121253e-01, 1.293670e+03
1.121709e-01, 1.292770e+03
1.122165e-01, 1.291871e+03
1.122622e-01, 1.290974e+03
1.123078e-01, 1.290077e+03
1.123534e-01, 1.289182e+03
1.123990e-01, 1.288287e+03
1.124446e-01, 1.287393e+03
1.124902e-01, 1.286500e+03
1.125358e-01, 1.285607e+03
1.125814e-01, 1.284714e+03
1.126270e-01, 1.283822e+03
1.126726e-01, 1.282931e+03
1.127182e-01, 1.282041e+03
1.127638e-01, 1.281152e+03
1.128094e-01, 1.280264e+03
1.128550e-01, 1.279377e+03
1.129005e-01, 1.278491e+03
1.129461e-01, 1.277606e+03
1.129916e-01, 1.276722e+03
1.130372e-01, 1.275838e+03
1.130828e-01, 1.274956e+03
1.131283e-01, 1.274074e+03
1.131739e-01, 1.273193e+03
1.132194e-01, 1.272314e+03
1.132649e-01, 1.271435e+03
1.133104e-01, 1.270558e+03
1.133560e-01, 1.269682e+03
1.134015e-01, 1.268807e+03
1.134470e-01, 1.267933e+03
1.134924e-01, 1.267061e+03
1.135379e-01, 1.266190e+03
1.135834e-01, 1.265320e+03
1.136289e-01, 1.264451e+03
1.136743e-01, 1.263584e+03
1.137198e-01, 1.262718e+03
1.137652e-01, 1.261853e+03
1.138106e-01, 1.260989e+03
1.138561e-01, 1.260127e+03
1.139015e-01, 1.259265e+03
1.139469e-01, 1.258405e+03
1.139923e-01, 1.257547e+03
1.140377e-01, 1.256689e+03
1.140831e-01, 1.255833e+03
1.141284e-01, 1.254978e+03
1.141738e-01, 1.254124e+03
1.142192e-01, 1.253272e+03
1.142645e-01, 1.252421e+03
1.143099e-01, 1.251571e+03
1.143552e-01, 1.250722e+03
1.144005e-01, 1.249874e+03
1.144458e-01, 1.249028e+03
1.144911e-01, 1.248182e+03
1.145365e-01, 1.247338e+03
1.145818e-01, 1.246494e+03
1.146271e-01, 1.245651e+03
1.146724e-01, 1.244809e+03
1.147177e-01, 1.243967e+03
1.147630e-01, 1.243127e+03
1.148083e-01, 1.242287e+03
1.148536e-01, 1.241448e+03
1.148989e-01, 1.240611e+03
1.149442e-01, 1.239774e+03
1.149894e-01, 1.238938e+03
1.150347e-01, 1.238104e+03
1.150800e-01, 1.237271e+03
1.151252e-01, 1.236439e+03
1.151705e-01, 1.235608e+03
1.152157e-01, 1.234778e+03
1.152609e-01, 1.233950e+03
1.153062e-01, 1.233122e+03
1.153514e-01, 1.232296e+03
1.153966e-01, 1.231471e+03
1.154418e-01, 1.230647e+03
1.154870e-01, 1.229824e+03
1.155321e-01, 1.229003e+03
1.155773e-01, 1.228182e+03
1.156225e-01, 1.227363e+03
1.156677e-01, 1.226545e+03
1.157128e-01, 1.225728e+03
1.157580e-01, 1.224913e+03
1.158031e-01, 1.224098e+03
1.158482e-01, 1.223285e+03
1.158933e-01, 1.222472e+03
1.159385e-01, 1.221661e+03
1.159836e-01, 1.220851e+03
1.160287e-01, 1.220043e+03
1.160738e-01, 1.219235e+03
1.161188e-01, 1.218428e+03
1.161639e-01, 1.217623e+03
1.162090e-01, 1.216818e+03
1.162541e-01, 1.216015e+03
1.162991e-01, 1.215213e+03
1.163442e-01, 1.214412e+03
1.163892e-01, 1.213612e+03
1.164343e-01, 1.212813e+03
1.164793e-01, 1.212015e+03
1.165243e-01, 1.211218e+03
1.165694e-01, 1.210423e+03
1.166144e-01, 1.209628e+03
1.166594e-01, 1.208833e+03
1.167045e-01, 1.208039e+03
1.167495e-01, 1.207245e+03
1.167945e-01, 1.206452e+03
1.168395e-01, 1.205660e+03
1.168845e-01, 1.204869e+03
1.169295e-01, 1.204078e+03
1.169745e-01, 1.203289e+03
1.170195e-01, 1.202501e+03
1.170645e-01, 1.201714e+03
1.171095e-01, 1.200928e+03
1.171545e-01, 1.200142e+03
1.171995e-01, 1.199356e+03
1.172445e-01, 1.198571e+03
1.172894e-01, 1.197786e+03
1.173344e-01, 1.197002e+03
1.173794e-01, 1.196218e+03
1.174244e-01, 1.195435e+03
1.174694e-01, 1.194652e+03
1.175143e-01, 1.193871e+03
1.175593e-01, 1.193091e+03
1.176043e-01, 1.192311e+03
1.176492e-01, 1.191533e+03
1.176942e-01, 1.190755e+03
1.177391e-01, 1.189979e+03
1.177840e-01, 1.189203e+03
1.178290e-01, 1.188429e+03
1.178739e-01, 1.187654e+03
1.179189e-01, 1.186879e+03
1.179638e-01, 1.186105e+03
1.180088e-01, 1.185330e+03
1.180537e-01, 1.184556e+03
1.180987e-01, 1.183783e+03
1.181436e-01, 1.183010e+03
1.181886e-01, 1.182238e+03
1.182335e-01, 1.181467e+03
1.182785e-01, 1.180696e+03
1.183234e-01, 1.179927e+03
1.183683e-01, 1.179158e+03
1.184133e-01, 1.178390e+03
1.184582e-01, 1.177623e+03
1.185031e-01, 1.176857e+03
1.185480e-01, 1.176093e+03
1.185929e-01, 1.175329e+03
1.186378e-01, 1.174566e+03
1.186827e-01, 1.173804e+03
1.187276e-01, 1.173043e+03
1.187725e-01, 1.172282e+03
1.188174e-01, 1.171523e+03
1.188622e-01, 1.170765e+03
1.189071e-01, 1.170007e+03
1.189520e-01, 1.169250e+03
1.189969e-01, 1.168494e+03
1.190417e-01, 1.167739e+03
1.190866e-01, 1.166984e+03
1.191315e-01, 1.166230e+03
1.191763e-01, 1.165477e+03
1.192212e-01, 1.164724e+03
1.192661e-01, 1.163971e+03
1.193110e-01, 1.163219e+03
1.193558e-01, 1.162467e+03
1.194007e-01, 1.161715e+03
1.194456e-01, 1.160963e+03
1.194905e-01, 1.160212e+03
1.195354e-01, 1.159460e+03
1.195803e-01, 1.158708e+03
1.196252e-01, 1.157956e+03
1.196701e-01, 1.157205e+03
1.197150e-01, 1.156454e+03
1.197599e-01, 1.155704e+03
1.198048e-01, 1.154955e+03
1.198497e-01, 1.154206e+03
1.198946e-01, 1.153458e+03
1.199395e-01, 1.152711e+03
1.199843e-01, 1.151964e+03
1.200292e-01, 1.151218e+03
1.200741e-01, 1.150473e+03
1.201190e-01, 1.149729e+03
1.201639e-01, 1.148985e+03
1.202087e-01, 1.148242e+03
1.202536e-01, 1.147498e+03
1.202985e-01, 1.146755e+03
1.203434e-01, 1.146013e+03
1.203883e-01, 1.145271e+03
1.204332e-01, 1.144529e+03
1.204781e-01, 1.143786e+03
1.205230e-01, 1.143044e+03
1.205680e-01, 1.142300e+03
1.206129e-01, 1.141556e+03
1.206579e-01, 1.140811e+03
1.207028e-01, 1.140066e+03
1.207478e-01, 1.139320e+03
1.207928e-01, 1.138574e+03
1.208377e-01, 1.137829e+03
1.208827e-01, 1.137084e+03
1.209276e-01, 1.136340e+03
1.209726e-01, 1.135596e+03
1.210175e-01, 1.134854e+03
1.210625e-01, 1.134112e+03
1.211074e-01, 1.133371e+03
1.211523e-01, 1.132631e+03
1.211973e-01, 1.131891e+03
1.212422e-01, 1.131153e+03
1.212871e-01, 1.130416e+03
1.213320e-01, 1.129680e+03
1.213769e-01, 1.128945e+03
1.214218e-01, 1.128210e+03
1.214666e-01, 1.127477e+03
1.215115e-01, 1.126745e+03
1.215564e-01, 1.126014e+03
1.216012e-01, 1.125283e+03
1.216461e-01, 1.124554e+03
1.216909e-01, 1.123826e+03
1.217358e-01, 1.123099e+03
1.217806e-01, 1.122373e+03
1.218254e-01, 1.121648e+03
1.218702e-01, 1.120923e+03
1.219150e-01, 1.120200e+03
1.219598e-01, 1.119478e+03
1.220046e-01, 1.118757e+03
1.220494e-01, 1.118037e+03
1.220942e-01, 1.117317e+03
1.221390e-01, 1.116599e+03
1.221837e-01, 1.115882e+03
1.222285e-01, 1.115166e+03
1.222733e-01, 1.114451e+03
1.223180e-01, 1.113736e+03
1.223627e-01, 1.113023e+03
1.224075e-01, 1.112311e+03
1.224522e-01, 1.111600e+03
1.224969e-01, 1.110890e+03
1.225416e-01, 1.110180e+03
1.225863e-01, 1.109472e+03
1.226310e-01, 1.108765e+03
1.226757e-01, 1.108058e+03
1.227204e-01, 1.107353e+03
1.227651e-01, 1.106648e+03
1.228098e-01, 1.105944e+03
1.228544e-01, 1.105242e+03
1.228991e-01, 1.104540e+03
1.229438e-01, 1.103839e+03
1.229884e-01, 1.103139e+03
1.230331e-01, 1.102440e+03
1.230777e-01, 1.101742e+03
1.231223e-01, 1.101045e+03
1.231670e-01, 1.100349e+03
1.232116e-01, 1.099654e+03
1.232562e-01, 1.098960e+03
1.233008e-01, 1.098266e+03
1.233454e-01, 1.097574e+03
1.233900e-01, 1.096881e+03
1.234346e-01, 1.096189e+03
1.234792e-01, 1.095497e+03
1.235239e-01, 1.094804e+03
1.235685e-01, 1.094112e+03
1.236131e-01, 1.093421e+03
1.236577e-01, 1.092730e+03
1.237023e-01, 1.092039e+03
1.237469e-01, 1.091349e+03
1.237915e-01, 1.090660e+03
1.238361e-01, 1.089971e+03
1.238807e-01, 1.089284e+03
1.239253e-01, 1.088597e+03
1.239699e-01, 1.087911e+03
1.240145e-01, 1.087225e+03
1.240591e-01, 1.086541e+03
1.241036e-01, 1.085857e+03
1.241482e-01, 1.085175e+03
1.241927e-01, 1.084493e+03
1.242373e-01, 1.083812e+03
1.242818e-01, 1.083132e+03
1.243264e-01, 1.082453e+03
1.243709e-01, 1.081774e+03
1.244154e-01, 1.081096e+03
1.244600e-01, 1.080418e+03
1.245045e-01, 1.079741e+03
1.245490e-01, 1.079064e+03
1.245936e-01, 1.078388e+03
1.246381e-01, 1.077713e+03
1.246826e-01, 1.077038e+03
1.247271e-01, 1.076364e+03
1.247717e-01, 1.075691e+03
1.248162e-01, 1.075019e+03
1.248607e-01, 1.074348e+03
1.249052e-01, 1.073677e+03
1.249496e-01, 1.073007e+03
1.249941e-01, 1.072339e+03
1.250386e-01, 1.071671e+03
1.250831e-01, 1.071004e+03
1.251275e-01, 1.070337e+03
1.251720e-01, 1.069672e+03
1.252165e-01, 1.069008e+03
1.252609e-01, 1.068344e+03
1.253053e-01, 1.067681e+03
1.253498e-01, 1.067020e+03
1.253942e-01, 1.066359e+03
1.254386e-01, 1.065699e+03
1.254830e-01, 1.065039e+03
1.255275e-01, 1.064381e+03
1.255719e-01, 1.063723e+03
1.256163e-01, 1.063066e+03
1.256607e-01, 1.062410e+03
1.257051e-01, 1.061754e+03
1.257495e-01, 1.061098e+03
1.257939e-01, 1.060443e+03
1.258383e-01, 1.059789e+03
1.258827e-01, 1.059135e+03
1.259271e-01, 1.058481e+03
1.259715e-01, 1.057829e+03
1.260159e-01, 1.057177e+03
1.260603e-01, 1.056526e+03
1.261047e-01, 1.055876e+03
1.261491e-01, 1.055227e+03
1.261934e-01, 1.054578e+03
1.262378e-01, 1.053931e+03
1.262822e-01, 1.053284e+03
1.263265e-01, 1.052638e+03
1.263709e-01, 1.051993e+03
1.264152e-01, 1.051348e+03
1.264596e-01, 1.050705e+03
1.265039e-01, 1.050062e+03
1.265482e-01, 1.049420e+03
1.265925e-01, 1.048779e+03
1.266369e-01, 1.048139e+03
1.266812e-01, 1.047500e+03
1.267255e-01, 1.046861e+03
1.267698e-01, 1.046224e+03
1.268141e-01, 1.045587e+03
1.268584e-01, 1.044951e+03
1.269026e-01, 1.044316e+03
1.269469e-01, 1.043681e+03
1.269912e-01, 1.043048e+03
1.270354e-01, 1.042415e+03
1.270797e-01, 1.041783e+03
1.271240e-01, 1.041152e+03
1.271682e-01, 1.040522e+03
1.272125e-01, 1.039892e+03
1.272567e-01, 1.039264e+03
1.273009e-01, 1.038636e+03
1.273452e-01, 1.038009e+03
1.273894e-01, 1.037382e+03
1.274336e-01, 1.036757e+03
1.274778e-01, 1.036132e+03
1.275220e-01, 1.035509e+03
1.275662e-01, 1.034886e+03
1.276104e-01, 1.034264e+03
1.276546e-01, 1.033642e+03
1.276988e-01, 1.033022e+03
1.277429e-01, 1.032402e+03
1.277871e-01, 1.031783e+03
1.278313e-01, 1.031165e+03
1.278754e-01, 1.030547e+03
1.279196e-01, 1.029930e+03
1.279638e-01, 1.029312e+03
1.280080e-01, 1.028695e+03
1.280521e-01, 1.028078e+03
1.280963e-01, 1.027461e+03
1.281405e-01, 1.026845e+03
1.281846e-01, 1.026229e+03
1.282288e-01, 1.025614e+03
1.282730e-01, 1.025000e+03
1.283171e-01, 1.024386e+03
1.283613e-01, 1.023773e+03
1.284054e-01, 1.023161e+03
1.284495e-01, 1.022550e+03
1.284937e-01, 1.021938e+03
1.285378e-01, 1.021327e+03
1.285820e-01, 1.020715e+03
1.286262e-01, 1.020104e+03
1.286703e-01, 1.019492e+03
1.287145e-01, 1.018881e+03
1.287587e-01, 1.018269e+03
1.288029e-01, 1.017657e+03
1.288471e-01, 1.017046e+03
1.288912e-01, 1.016436e+03
1.289354e-01, 1.015826e+03
1.289796e-01, 1.015216e+03
1.290237e-01, 1.014607e+03
1.290679e-01, 1.013999e+03
1.291120e-01, 1.013392e+03
1.291562e-01, 1.012785e+03
1.292003e-01, 1.012179e+03
1.292445e-01, 1.011574e+03
1.292886e-01, 1.010970e+03
1.293327e-01, 1.010366e+03
1.293768e-01, 1.009763e+03
1.294209e-01, 1.009161e+03
1.294651e-01, 1.008559e+03
1.295092e-01, 1.007959e+03
1.295533e-01, 1.007359e+03
1.295974e-01, 1.006760e+03
1.296415e-01, 1.006160e+03
1.296856e-01, 1.005561e+03
1.297297e-01, 1.004961e+03
1.297738e-01, 1.004362e+03
1.298179e-01, 1.003762e+03
1.298621e-01, 1.003163e+03
1.299062e-01, 1.002564e+03
1.299503e-01, 1.001965e+03
1.299945e-01, 1.001366e+03
1.300386e-01, 1.000768e+03
1.300827e-01, 1.000169e+03
1.301269e-01, 9.995715e+02
1.301710e-01, 9.989740e+02
1.302152e-01, 9.983770e+02
1.302593e-01, 9.977805e+02
1.303034e-01, 9.971844e+02
1.303476e-01, 9.965888e+02
1.303917e-01, 9.959937e+02
1.304359e-01, 9.953992e+02
1.304800e-01, 9.948053e+02
1.305241e-01, 9.942120e+02
1.305682e-01, 9.936194e+02
1.306124e-01, 9.930274e+02
1.306565e-01, 9.924360e+02
1.307006e-01, 9.918453e+02
1.307447e-01, 9.912552e+02
1.307888e-01, 9.906658e+02
1.308329e-01, 9.900771e+02
1.308770e-01, 9.894892e+02
1.309211e-01, 9.889019e+02
1.309652e-01, 9.883155e+02
1.310093e-01, 9.877297e+02
1.310534e-01, 9.871447e+02
1.310975e-01, 9.865605e+02
1.311415e-01, 9.859770e+02
1.311856e-01, 9.853943e+02
1.312297e-01, 9.848123e+02
1.312737e-01, 9.842310e+02
1.313178e-01, 9.836506e+02
1.313618e-01, 9.830708e+02
1.314059e-01, 9.824918e+02
1.314499e-01, 9.819136e+02
1.314939e-01, 9.813361e+02
1.315379e-01, 9.807593e+02
1.315820e-01, 9.801832e+02
1.316260e-01, 9.796075e+02
1.316700e-01, 9.790325e+02
1.317140e-01, 9.784580e+02
1.317580e-01, 9.778842e+02
1.318020e-01, 9.773110e+02
1.318461e-01, 9.767386e+02
1.318901e-01, 9.761668e+02
1.319341e-01, 9.755957e+02
1.319780e-01, 9.750253e+02
1.320220e-01, 9.744556e+02
1.320660e-01, 9.738866e+02
1.321100e-01, 9.733184e+02
1.321540e-01, 9.727508e+02
1.321979e-01, 9.721839e+02
1.322419e-01, 9.716174e+02
1.322859e-01, 9.710512e+02
1.323298e-01, 9.704854e+02
1.323738e-01, 9.699201e+02
1.324178e-01, 9.693552e+02
1.324617e-01, 9.687910e+02
1.325057e-01, 9.682273e+02
1.325496e-01, 9.676642e+02
1.325936e-01, 9.671017e+02
1.326375e-01, 9.665400e+02
1.326815e-01, 9.659788e+02
1.327254e-01, 9.654180e+02
1.327694e-01, 9.648572e+02
1.328133e-01, 9.642965e+02
1.328573e-01, 9.637359e+02
1.329013e-01, 9.631755e+02
1.329452e-01, 9.626155e+02
1.329892e-01, 9.620557e+02
1.330332e-01, 9.614957e+02
1.330772e-01, 9.609355e+02
1.331212e-01, 9.603753e+02
1.331651e-01, 9.598151e+02
1.332091e-01, 9.592550e+02
1.332531e-01, 9.586949e+02
1.332971e-01, 9.581350e+02
1.333411e-01, 9.575754e+02
1.333851e-01, 9.570163e+02
1.334291e-01, 9.564576e+02
1.334731e-01, 9.558995e+02
1.335171e-01, 9.553420e+02
1.335611e-01, 9.547851e+02
1.336051e-01, 9.542288e+02
1.336490e-01, 9.536732e+02
1.336930e-01, 9.531182e+02
1.337370e-01, 9.525639e+02
1.337809e-01, 9.520103e+02
1.338249e-01, 9.514572e+02
1.338689e-01, 9.509041e+02
1.339128e-01, 9.503511e+02
1.339568e-01, 9.497982e+02
1.340008e-01, 9.492455e+02
1.340447e-01, 9.486930e+02
1.340887e-01, 9.481409e+02
1.341326e-01, 9.475892e+02
1.341766e-01, 9.470380e+02
1.342206e-01, 9.464874e+02
1.342645e-01, 9.459373e+02
1.343085e-01, 9.453878e+02
1.343524e-01, 9.448389e+02
1.343963e-01, 9.442907e+02
1.344403e-01, 9.437431e+02
1.344842e-01, 9.431961e+02
1.345281e-01, 9.426498e+02
1.345720e-01, 9.421041e+02
1.346159e-01, 9.415591e+02
1.346599e-01, 9.410147e+02
1.347038e-01, 9.404711e+02
1.347477e-01, 9.399280e+02
1.347916e-01, 9.393856e+02
1.348354e-01, 9.388439e+02
1.348793e-01, 9.383028e+02
1.349232e-01, 9.377619e+02
1.349671e-01, 9.372210e+02
1.350110e-01, 9.366801e+02
1.350549e-01, 9.361394e+02
1.350988e-01, 9.355990e+02
1.351427e-01, 9.350590e+02
1.351866e-01, 9.345194e+02
1.352305e-01, 9.339802e+02
1.352744e-01, 9.334411e+02
1.353183e-01, 9.329020e+02
1.353622e-01, 9.323631e+02
1.354061e-01, 9.318243e+02
1.354500e-01, 9.312859e+02
1.354939e-01, 9.307479e+02
1.355377e-01, 9.302104e+02
1.355816e-01, 9.296734e+02
1.356255e-01, 9.291369e+02
1.356694e-01, 9.286010e+02
1.357133e-01, 9.280656e+02
1.357571e-01, 9.275309e+02
1.358010e-01, 9.269967e+02
1.358449e-01, 9.264631e+02
1.358887e-01, 9.259302e+02
1.359326e-01, 9.253979e+02
1.359764e-01, 9.248662e+02
1.360203e-01, 9.243351e+02
1.360641e-01, 9.238047e+02
1.361080e-01, 9.232750e+02
1.361518e-01, 9.227459e+02
1.361956e-01, 9.222174e+02
1.362394e-01, 9.216895e+02
1.362832e-01, 9.211623e+02
1.363271e-01, 9.206358e+02
1.363709e-01, 9.201098e+02
1.364147e-01, 9.195846e+02
1.364585e-01, 9.190599e+02
1.365023e-01, 9.185358e+02
1.365460e-01, 9.180124e+02
1.365898e-01, 9.174895e+02
1.366336e-01, 9.169673e+02
1.366774e-01, 9.164457e+02
1.367212e-01, 9.159248e+02
1.367649e-01, 9.154044e+02
1.368087e-01, 9.148847e+02
1.368525e-01, 9.143657e+02
1.368962e-01, 9.138472e+02
1.369400e-01, 9.133294e+02
1.369837e-01, 9.128122e+02
1.370274e-01, 9.122957e+02
1.370712e-01, 9.117798e+02
1.371149e-01, 9.112645e+02
1.371586e-01, 9.107498e+02
1.372024e-01, 9.102356e+02
1.372461e-01, 9.097217e+02
1.372898e-01, 9.092077e+02
1.373336e-01, 9.086938e+02
1.373773e-01, 9.081800e+02
1.374210e-01, 9.076664e+02
1.374648e-01, 9.071531e+02
1.375085e-01, 9.066402e+02
1.375522e-01, 9.061278e+02
1.375960e-01, 9.056158e+02
1.376397e-01, 9.051043e+02
1.376834e-01, 9.045933e+02
1.377271e-01, 9.040829e+02
1.377708e-01, 9.035730e+02
1.378145e-01, 9.030637e+02
1.378582e-01, 9.025550e+02
1.379019e-01, 9.020468e+02
1.379456e-01, 9.015392e+02
1.379893e-01, 9.010322e+02
1.380330e-01, 9.005258e+02
1.380767e-01, 9.000199e+02
1.381204e-01, 8.995147e+02
1.381640e-01, 8.990100e+02
1.382077e-01, 8.985058e+02
1.382514e-01, 8.980018e+02
1.382951e-01, 8.974981e+02
1.383387e-01, 8.969948e+02
1.383824e-01, 8.964919e+02
1.384261e-01, 8.959894e+02
1.384698e-01, 8.954874e+02
1.385134e-01, 8.949859e+02
1.385571e-01, 8.944849e+02
1.386007e-01, 8.939845e+02
1.386444e-01, 8.934847e+02
1.386880e-01, 8.929853e+02
1.387317e-01, 8.924866e+02
1.387753e-01, 8.919884e+02
1.388189e-01, 8.914907e+02
1.388626e-01, 8.909936e+02
1.389062e-01, 8.904971e+02
1.389498e-01, 8.900012e+02
1.389934e-01, 8.895058e+02
1.390371e-01, 8.890109e+02
1.390807e-01, 8.885166e+02
1.391243e-01, 8.880229e+02
1.391679e-01, 8.875298e+02
1.392115e-01, 8.870372e+02
1.392551e-01, 8.865452e+02
1.392987e-01, 8.860537e+02
1.393422e-01, 8.855628e+02
1.393858e-01, 8.850724e+02
1.394294e-01, 8.845826e+02
1.394730e-01, 8.840933e+02
1.395165e-01, 8.836046e+02
1.395601e-01, 8.831164e+02
1.396037e-01, 8.826288e+02
1.396472e-01, 8.821418e+02
1.396908e-01, 8.816552e+02
1.397343e-01, 8.811693e+02
1.397779e-01, 8.806838e+02
1.398214e-01, 8.801988e+02
1.398649e-01, 8.797143e+02
1.399085e-01, 8.792301e+02
1.399520e-01, 8.787464e+02
1.399956e-01, 8.782629e+02
1.400391e-01, 8.777796e+02
1.400826e-01, 8.772964e+02
1.401262e-01, 8.768133e+02
1.401697e-01, 8.763305e+02
1.402133e-01, 8.758480e+02
1.402568e-01, 8.753658e+02
1.403004e-01, 8.748839e+02
1.403439e-01, 8.744025e+02
1.403875e-01, 8.739214e+02
1.404310e-01, 8.734408e+02
1.404745e-01, 8.729606e+02
1.405181e-01, 8.724808e+02
1.405616e-01, 8.720015e+02
1.406051e-01, 8.715227e+02
1.406487e-01, 8.710443e+02
1.406922e-01, 8.705664e+02
1.407357e-01, 8.700890e+02
1.407792e-01, 8.696120e+02
1.408227e-01, 8.691355e+02
1.408662e-01, 8.686595e+02
1.409097e-01, 8.681839e+02
1.409532e-01, 8.677088e+02
1.409967e-01, 8.672342e+02
1.410402e-01, 8.667600e+02
1.410837e-01, 8.662863e+02
1.411272e-01, 8.658130e+02
1.411707e-01, 8.653402e+02
1.412142e-01, 8.648679e+02
1.412577e-01, 8.643960e+02
1.413011e-01, 8.639246e+02
1.413446e-01, 8.634537e+02
1.413881e-01, 8.629832e+02
1.414315e-01, 8.625132e+02
1.414750e-01, 8.620436e+02
1.415185e-01, 8.615746e+02
1.415619e-01, 8.611060e+02
1.416054e-01, 8.606378e+02
1.416488e-01, 8.601701e+02
1.416923e-01, 8.597029e+02
1.417357e-01, 8.592361e+02
1.417791e-01, 8.587698e+02
1.418226e-01, 8.583039e+02
1.418660e-01, 8.578385e+02
1.419094e-01, 8.573736e+02
1.419529e-01, 8.569092e+02
1.419963e-01, 8.564451e+02
1.420397e-01, 8.559816e+02
1.420831e-01, 8.555185e+02
1.421265e-01, 8.550559e+02
1.421700e-01, 8.545937e+02
1.422134e-01, 8.541320e+02
1.422568e-01, 8.536708e+02
1.423002e-01, 8.532100e+02
1.423436e-01, 8.527496e+02
1.423870e-01, 8.522898e+02
1.424303e-01, 8.518303e+02
1.424737e-01, 8.513714e+02
1.425171e-01, 8.509129e+02
1.425605e-01, 8.504548e+02
1.426039e-01, 8.499972e+02
1.426473e-01, 8.495400e+02
1.426907e-01, 8.490827e+02
1.427341e-01, 8.486249e+02
1.427775e-01, 8.481663e+02
1.428209e-01, 8.477071e+02
1.428643e-01, 8.472477e+02
1.429077e-01, 8.467881e+02
1.429512e-01, 8.463285e+02
1.429946e-01, 8.458690e+02
1.430380e-01, 8.454097e+02
1.430815e-01, 8.449506e+02
1.431249e-01, 8.444918e+02
1.431683e-01, 8.440333e+02
1.432117e-01, 8.435752e+02
1.432551e-01, 8.431174e+02
1.432986e-01, 8.426600e+02
1.433420e-01, 8.422030e+02
1.433854e-01, 8.417463e+02
1.434288e-01, 8.412901e+02
1.434722e-01, 8.408343e+02
1.435156e-01, 8.403789e+02
1.435590e-01, 8.399239e+02
1.436024e-01, 8.394694e+02
1.436458e-01, 8.390153e+02
1.436892e-01, 8.385615e+02
1.437325e-01, 8.381082e+02
1.437759e-01, 8.376554e+02
1.438193e-01, 8.372029e+02
1.438627e-01, 8.367509e+02
1.439061e-01, 8.362993e+02
1.439494e-01, 8.358479e+02
1.439928e-01, 8.353967e+02
1.440362e-01, 8.349454e+02
1.440796e-01, 8.344941e+02
1.441230e-01, 8.340429e+02
1.441664e-01, 8.335918e+02
1.442098e-01, 8.331410e+02
1.442532e-01, 8.326904e+02
1.442965e-01, 8.322402e+02
1.443399e-01, 8.317903e+02
1.443833e-01, 8.313408e+02
1.444267e-01, 8.308917e+02
1.444701e-01, 8.304429e+02
1.445134e-01, 8.299945e+02
1.445568e-01, 8.295465e+02
1.446002e-01, 8.290988e+02
1.446436e-01, 8.286516e+02
1.446869e-01, 8.282047e+02
1.447303e-01, 8.277583e+02
1.447737e-01, 8.273122e+02
1.448170e-01, 8.268666e+02
1.448604e-01, 8.264212e+02
1.449037e-01, 8.259762e+02
1.449471e-01, 8.255314e+02
1.449905e-01, 8.250869e+02
1.450338e-01, 8.246424e+02
1.450772e-01, 8.241980e+02
1.451206e-01, 8.237535e+02
1.451640e-01, 8.233092e+02
1.452074e-01, 8.228651e+02
1.452508e-01, 8.224212e+02
1.452942e-01, 8.219775e+02
1.453376e-01, 8.215342e+02
1.453809e-01, 8.210912e+02
1.454243e-01, 8.206486e+02
1.454677e-01, 8.202063e+02
1.455111e-01, 8.197645e+02
1.455545e-01, 8.193230e+02
1.455978e-01, 8.188819e+02
1.456412e-01, 8.184413e+02
1.456846e-01, 8.180010e+02
1.457279e-01, 8.175612e+02
1.457713e-01, 8.171218e+02
1.458147e-01, 8.166828e+02
1.458580e-01, 8.162442e+02
1.459014e-01, 8.158059e+02
1.459447e-01, 8.153681e+02
1.459881e-01, 8.149306e+02
1.460314e-01, 8.144934e+02
1.460748e-01, 8.140567e+02
1.461181e-01, 8.136204e+02
1.461615e-01, 8.131845e+02
1.462048e-01, 8.127490e+02
1.462481e-01, 8.123140e+02
1.462915e-01, 8.118793e+02
1.463348e-01, 8.114451e+02
1.463781e-01, 8.110112e+02
1.464215e-01, 8.105778e+02
1.464648e-01, 8.101449e+02
1.465081e-01, 8.097123e+02
1.465514e-01, 8.092800e+02
1.465947e-01, 8.088480e+02
1.466381e-01, 8.084160e+02
1.466814e-01, 8.079837e+02
1.467248e-01, 8.075512e+02
1.467681e-01, 8.071187e+02
1.468115e-01, 8.066861e+02
1.468548e-01, 8.062536e+02
1.468981e-01, 8.058214e+02
1.469415e-01, 8.053894e+02
1.469848e-01, 8.049576e+02
1.470282e-01, 8.045262e+02
1.470715e-01, 8.040951e+02
1.471149e-01, 8.036644e+02
1.471582e-01, 8.032341e+02
1.472015e-01, 8.028042e+02
1.472449e-01, 8.023746e+02
1.472882e-01, 8.019454e+02
1.473315e-01, 8.015167e+02
1.473748e-01, 8.010882e+02
1.474182e-01, 8.006601e+02
1.474615e-01, 8.002324e+02
1.475048e-01, 7.998050e+02
1.475481e-01, 7.993781e+02
1.475914e-01, 7.989515e+02
1.476347e-01, 7.985253e+02
1.476780e-01, 7.980996e+02
1.477214e-01, 7.976742e+02
1.477647e-01, 7.972493e+02
1.478080e-01, 7.968248e+02
1.478512e-01, 7.964007e+02
1.478945e-01, 7.959770e+02
1.479378e-01, 7.955538e+02
1.479811e-01, 7.951309e+02
1.480244e-01, 7.947085e+02
1.480677e-01, 7.942865e+02
1.481110e-01, 7.938648e+02
1.481542e-01, 7.934437e+02
1.481975e-01, 7.930229e+02
1.482408e-01, 7.926025e+02
1.482840e-01, 7.921826e+02
1.483273e-01, 7.917630e+02
1.483706e-01, 7.913438e+02
1.484138e-01, 7.909245e+02
1.484571e-01, 7.905052e+02
1.485004e-01, 7.900858e+02
1.485437e-01, 7.896664e+02
1.485870e-01, 7.892472e+02
1.486302e-01, 7.888281e+02
1.486735e-01, 7.884093e+02
1.487168e-01, 7.879908e+02
1.487601e-01, 7.875726e+02
1.488033e-01, 7.871547e+02
1.488466e-01, 7.867371e+02
1.488899e-01, 7.863200e+02
1.489331e-01, 7.859032e+02
1.489764e-01, 7.854868e+02
1.490197e-01, 7.850707e+02
1.490629e-01, 7.846551e+02
1.491062e-01, 7.842398e+02
1.491494e-01, 7.838250e+02
1.491927e-01, 7.834106e+02
1.492359e-01, 7.829965e+02
1.492792e-01, 7.825825e+02
1.493224e-01, 7.821686e+02
1.493657e-01, 7.817545e+02
1.494090e-01, 7.813403e+02
1.494523e-01, 7.809259e+02
1.494956e-01, 7.805110e+02
1.495389e-01, 7.800957e+02
1.495822e-01, 7.796802e+02
1.496255e-01, 7.792646e+02
1.496688e-01, 7.788491e+02
1.497122e-01, 7.784338e+02
1.497555e-01, 7.780186e+02
1.497988e-01, 7.776037e+02
1.498421e-01, 7.771891e+02
1.498854e-01, 7.767748e+02
1.499287e-01, 7.763609e+02
1.499721e-01, 7.759473e+02
1.500154e-01, 7.755340e+02
1.500587e-01, 7.751211e+02
1.501020e-01, 7.747086e+02
1.501453e-01, 7.742965e+02
1.501886e-01, 7.738848e+02
1.502319e-01, 7.734734e+02
1.502752e-01, 7.730624e+02
1.503184e-01, 7.726518e+02
1.503617e-01, 7.722416e+02
1.504050e-01, 7.718318e+02
1.504483e-01, 7.714224e+02
1.504916e-01, 7.710134e+02
1.505348e-01, 7.706047e+02
1.505781e-01, 7.701965e+02
1.506214e-01, 7.697886e+02
1.506647e-01, 7.693811e+02
1.507079e-01, 7.689741e+02
1.507512e-01, 7.685674e+02
1.507944e-01, 7.681611e+02
1.508377e-01, 7.677552e+02
1.508809e-01, 7.673497e+02
1.509242e-01, 7.669445e+02
1.509674e-01, 7.665398e+02
1.510107e-01, 7.661355e+02
1.510539e-01, 7.657315e+02
1.510972e-01, 7.653279e+02
1.511404e-01, 7.649248e+02
1.511836e-01, 7.645220e+02
1.512268e-01, 7.641196e+02
1.512701e-01, 7.637176e+02
1.513133e-01, 7.633160e+02
1.513565e-01, 7.629147e+02
1.513997e-01, 7.625139e+02
1.514429e-01, 7.621134e+02
1.514862e-01, 7.617134e+02
1.515294e-01, 7.613137e+02
1.515726e-01, 7.609144e+02
1.516158e-01, 7.605155e+02
1.516590e-01, 7.601169e+02
1.517022e-01, 7.597188e+02
1.517454e-01, 7.593210e+02
1.517886e-01, 7.589237e+02
1.518317e-01, 7.585267e+02
1.518749e-01, 7.581301e+02
1.519181e-01, 7.577339e+02
1.519613e-01, 7.573380e+02
1.520045e-01, 7.569426e+02
1.520476e-01, 7.565475e+02
1.520908e-01, 7.561528e+02
1.521340e-01, 7.557585e+02
1.521772e-01, 7.553646e+02
